league,season,team,player,nation,pos,age,born,Playing Time_MP,Playing Time_Starts,Playing Time_Min,Playing Time_90s,Performance_Gls,Performance_Ast,Performance_G+A,Performance_G-PK,Performance_PK,Performance_PKatt,Performance_CrdY,Performance_CrdR,Per 90 Minutes_Gls,Per 90 Minutes_Ast,Per 90 Minutes_G+A,Per 90 Minutes_G-PK,Per 90 Minutes_G+A-PK,90s,Standard_Gls,Standard_Sh,Standard_SoT,Standard_SoT%,Standard_Sh/90,Standard_SoT/90,Standard_G/Sh,Standard_G/SoT,Standard_PK,Standard_PKatt,Playing Time_Mn/MP,Playing Time_Min%,Starts_Starts,Starts_Mn/Start,Starts_Compl,Subs_Subs,Subs_Mn/Sub,Subs_unSub,Team Success_PPM,Team Success_onG,Team Success_onGA,Team Success_+/-,Team Success_+/-90,Team Success_On-Off,Performance_2CrdY,Performance_Fls,Performance_Fld,Performance_Off,Performance_Crs,Performance_Int,Performance_TklW,Performance_PKwon,Performance_PKcon,Performance_OG,Performance_GA,Performance_GA90,Performance_SoTA,Performance_Saves,Performance_Save%,Performance_W,Performance_D,Performance_L,Performance_CS,Performance_CS%,Penalty Kicks_PKatt,Penalty Kicks_PKA,Penalty Kicks_PKsv,Penalty Kicks_PKm,Penalty Kicks_Save%
ENG-Premier League,2324,Arsenal,Aaron Ramsdale,ENG,GK,25.0,1998.0,6.0,6.0,540.0,6.0,0.0,0.0,0.0,0.0,0.0,0.0,0.0,0.0,0.0,0.0,0.0,0.0,0.0,6.0,0.0,0.0,0.0,,0.0,0.0,,,0.0,0.0,90.0,15.8,6,90.0,6,0,,31,2.67,11.0,5.0,6.0,1.0,-0.75,0.0,0.0,1.0,0.0,0.0,0.0,0.0,,,0.0,5.0,0.83,14.0,9.0,64.3,5.0,1.0,0.0,2.0,33.3,0.0,0.0,0.0,0.0,
ENG-Premier League,2324,Arsenal,Ben White,ENG,DF,25.0,1997.0,37.0,35.0,2988.0,33.2,4.0,4.0,8.0,4.0,0.0,0.0,8.0,0.0,0.12,0.12,0.24,0.12,0.24,33.2,4.0,13.0,8.0,61.5,0.39,0.24,0.31,0.5,0.0,0.0,81.0,87.4,35,85.0,27,2,7.0,0,2.32,81.0,26.0,55.0,1.66,0.2,0.0,19.0,12.0,11.0,57.0,30.0,28.0,,,0.0,,,,,,,,,,,,,,,
ENG-Premier League,2324,Arsenal,Bukayo Saka,ENG,FW,21.0,2001.0,35.0,35.0,2919.0,32.4,16.0,9.0,25.0,10.0,6.0,6.0,4.0,0.0,0.49,0.28,0.77,0.31,0.59,32.4,16.0,107.0,37.0,34.6,3.3,1.14,0.15,0.43,6.0,6.0,83.0,85.4,35,83.0,17,0,,0,2.29,78.0,27.0,51.0,1.57,-0.4,0.0,41.0,69.0,8.0,181.0,16.0,37.0,,,0.0,,,,,,,,,,,,,,,
ENG-Premier League,2324,Arsenal,Cédric Soares,POR,"DF,MF",31.0,1991.0,3.0,0.0,62.0,0.7,0.0,0.0,0.0,0.0,0.0,0.0,0.0,0.0,0.0,0.0,0.0,0.0,0.0,0.7,0.0,0.0,0.0,,0.0,0.0,,,0.0,0.0,21.0,1.8,0,,0,3,21.0,15,3.0,1.0,0.0,1.0,1.45,-0.18,0.0,0.0,1.0,0.0,4.0,0.0,0.0,,,0.0,,,,,,,,,,,,,,,
ENG-Premier League,2324,Arsenal,David Raya,ESP,GK,27.0,1995.0,32.0,32.0,2880.0,32.0,0.0,0.0,0.0,0.0,0.0,0.0,2.0,0.0,0.0,0.0,0.0,0.0,0.0,32.0,0.0,0.0,0.0,,0.0,0.0,,,0.0,0.0,90.0,84.2,32,90.0,32,0,,3,2.28,80.0,24.0,56.0,1.75,0.75,0.0,0.0,4.0,0.0,0.0,0.0,1.0,,,0.0,24.0,0.75,69.0,45.0,65.2,23.0,4.0,5.0,14.0,43.8,3.0,2.0,1.0,0.0,33.3
ENG-Premier League,2324,Arsenal,Declan Rice,ENG,MF,24.0,1999.0,38.0,37.0,3225.0,35.8,7.0,8.0,15.0,7.0,0.0,0.0,5.0,0.0,0.2,0.22,0.42,0.2,0.42,35.8,7.0,58.0,20.0,34.5,1.62,0.56,0.12,0.35,0.0,0.0,85.0,94.3,37,87.0,29,1,24.0,0,2.34,84.0,28.0,56.0,1.56,-1.21,0.0,34.0,14.0,2.0,61.0,44.0,50.0,,,0.0,,,,,,,,,,,,,,,
ENG-Premier League,2324,Arsenal,Eddie Nketiah,ENG,FW,24.0,1999.0,27.0,10.0,1082.0,12.0,5.0,2.0,7.0,5.0,0.0,0.0,3.0,0.0,0.42,0.17,0.58,0.42,0.58,12.0,5.0,38.0,12.0,31.6,3.16,1.0,0.13,0.42,0.0,0.0,40.0,31.6,10,78.0,3,17,18.0,11,2.15,24.0,10.0,14.0,1.16,-0.68,0.0,24.0,28.0,8.0,5.0,4.0,7.0,,,0.0,,,,,,,,,,,,,,,
ENG-Premier League,2324,Arsenal,Emile Smith Rowe,ENG,MF,23.0,2000.0,13.0,3.0,353.0,3.9,0.0,1.0,1.0,0.0,0.0,0.0,0.0,0.0,0.0,0.25,0.25,0.0,0.25,3.9,0.0,15.0,7.0,46.7,3.82,1.78,0.0,0.0,0.0,0.0,27.0,10.3,3,76.0,0,10,13.0,18,2.23,12.0,3.0,9.0,2.29,0.74,0.0,5.0,2.0,0.0,1.0,3.0,1.0,,,0.0,,,,,,,,,,,,,,,
ENG-Premier League,2324,Arsenal,Ethan Nwaneri,ENG,MF,16.0,2007.0,1.0,0.0,14.0,0.2,0.0,0.0,0.0,0.0,0.0,0.0,0.0,0.0,0.0,0.0,0.0,0.0,0.0,0.2,0.0,0.0,0.0,,0.0,0.0,,,0.0,0.0,14.0,0.4,0,,0,1,14.0,1,3.0,0.0,0.0,0.0,0.0,-1.64,0.0,1.0,1.0,0.0,0.0,0.0,0.0,,,0.0,,,,,,,,,,,,,,,
ENG-Premier League,2324,Arsenal,Fabio Vieira,POR,MF,23.0,2000.0,11.0,2.0,297.0,3.3,1.0,2.0,3.0,0.0,1.0,1.0,0.0,1.0,0.3,0.61,0.91,0.0,0.61,3.3,1.0,7.0,2.0,28.6,2.12,0.61,0.14,0.5,1.0,1.0,27.0,8.7,2,62.0,0,9,19.0,13,2.36,11.0,2.0,9.0,2.73,1.2,0.0,8.0,10.0,2.0,15.0,2.0,2.0,,,0.0,,,,,,,,,,,,,,,
ENG-Premier League,2324,Arsenal,Gabriel Jesus,BRA,FW,26.0,1997.0,27.0,17.0,1478.0,16.4,4.0,5.0,9.0,4.0,0.0,0.0,6.0,0.0,0.24,0.3,0.55,0.24,0.55,16.4,4.0,55.0,19.0,34.5,3.35,1.16,0.07,0.21,0.0,0.0,55.0,43.2,17,78.0,4,10,16.0,3,2.19,29.0,11.0,18.0,1.1,-0.94,0.0,26.0,32.0,16.0,9.0,13.0,17.0,,,0.0,,,,,,,,,,,,,,,
ENG-Premier League,2324,Arsenal,Gabriel Magalhães,BRA,DF,25.0,1997.0,36.0,34.0,3044.0,33.8,4.0,0.0,4.0,4.0,0.0,0.0,4.0,0.0,0.12,0.0,0.12,0.12,0.12,33.8,4.0,31.0,10.0,32.3,0.92,0.3,0.13,0.4,0.0,0.0,85.0,89.0,34,89.0,32,2,13.0,2,2.36,78.0,26.0,52.0,1.54,-0.86,0.0,35.0,33.0,0.0,4.0,29.0,29.0,,,1.0,,,,,,,,,,,,,,,
ENG-Premier League,2324,Arsenal,Gabriel Martinelli,BRA,FW,22.0,2001.0,35.0,24.0,2019.0,22.4,6.0,4.0,10.0,6.0,0.0,0.0,1.0,0.0,0.27,0.18,0.45,0.27,0.45,22.4,6.0,58.0,22.0,37.9,2.59,0.98,0.1,0.27,0.0,0.0,58.0,59.0,24,74.0,4,11,22.0,0,2.34,52.0,22.0,30.0,1.34,-0.72,0.0,23.0,24.0,10.0,109.0,4.0,23.0,,,0.0,,,,,,,,,,,,,,,
ENG-Premier League,2324,Arsenal,Jakub Kiwior,POL,DF,23.0,2000.0,20.0,11.0,946.0,10.5,1.0,3.0,4.0,1.0,0.0,0.0,1.0,0.0,0.1,0.29,0.38,0.1,0.38,10.5,1.0,6.0,3.0,50.0,0.57,0.29,0.17,0.33,0.0,0.0,47.0,27.7,11,80.0,7,9,7.0,18,2.65,39.0,8.0,31.0,2.95,1.82,0.0,10.0,3.0,0.0,12.0,7.0,13.0,,,0.0,,,,,,,,,,,,,,,
ENG-Premier League,2324,Arsenal,Jorginho,ITA,MF,31.0,1991.0,24.0,10.0,921.0,10.2,0.0,2.0,2.0,0.0,0.0,0.0,1.0,0.0,0.0,0.2,0.2,0.0,0.2,10.2,0.0,4.0,0.0,0.0,0.39,0.0,0.0,,0.0,0.0,38.0,26.9,10,78.0,3,14,10.0,13,2.42,25.0,11.0,14.0,1.37,-0.36,0.0,9.0,15.0,0.0,3.0,11.0,10.0,,,0.0,,,,,,,,,,,,,,,
ENG-Premier League,2324,Arsenal,Jurriën Timber,NED,DF,22.0,2001.0,2.0,1.0,71.0,0.8,0.0,0.0,0.0,0.0,0.0,0.0,2.0,0.0,0.0,0.0,0.0,0.0,0.0,0.8,0.0,0.0,0.0,,0.0,0.0,,,0.0,0.0,36.0,2.1,1,49.0,0,1,22.0,0,3.0,3.0,0.0,3.0,3.8,2.22,0.0,3.0,0.0,1.0,1.0,0.0,2.0,,,0.0,,,,,,,,,,,,,,,
ENG-Premier League,2324,Arsenal,Kai Havertz,GER,"MF,FW",24.0,1999.0,37.0,30.0,2634.0,29.3,13.0,7.0,20.0,12.0,1.0,1.0,11.0,0.0,0.44,0.24,0.68,0.41,0.65,29.3,13.0,69.0,28.0,40.6,2.36,0.96,0.19,0.46,1.0,1.0,71.0,77.0,30,83.0,18,7,19.0,0,2.41,77.0,22.0,55.0,1.88,1.08,0.0,49.0,44.0,15.0,11.0,18.0,17.0,,,0.0,,,,,,,,,,,,,,,
ENG-Premier League,2324,Arsenal,Leandro Trossard,BEL,"FW,MF",28.0,1994.0,34.0,18.0,1649.0,18.3,12.0,1.0,13.0,12.0,0.0,0.0,2.0,0.0,0.65,0.05,0.71,0.65,0.71,18.3,12.0,60.0,22.0,36.7,3.27,1.2,0.2,0.55,0.0,0.0,49.0,48.2,18,72.0,3,16,22.0,3,2.32,45.0,11.0,34.0,1.86,0.43,0.0,15.0,20.0,9.0,57.0,8.0,14.0,,,0.0,,,,,,,,,,,,,,,
ENG-Premier League,2324,Arsenal,Martin Ødegaard,NOR,MF,24.0,1998.0,35.0,35.0,3091.0,34.3,8.0,10.0,18.0,6.0,2.0,2.0,2.0,0.0,0.23,0.29,0.52,0.17,0.47,34.3,8.0,77.0,23.0,29.9,2.24,0.67,0.1,0.35,2.0,2.0,88.0,90.4,35,88.0,22,0,,1,2.37,80.0,23.0,57.0,1.66,0.29,0.0,30.0,36.0,3.0,77.0,14.0,18.0,,,0.0,,,,,,,,,,,,,,,
ENG-Premier League,2324,Arsenal,Mohamed Elneny,EGY,MF,31.0,1992.0,3.0,0.0,28.0,0.3,0.0,0.0,0.0,0.0,0.0,0.0,0.0,0.0,0.0,0.0,0.0,0.0,0.0,0.3,0.0,2.0,1.0,50.0,6.43,3.21,0.0,0.0,0.0,0.0,9.0,0.8,0,,0,3,9.0,13,3.0,1.0,0.0,1.0,3.21,1.6,0.0,1.0,0.0,0.0,0.0,1.0,0.0,,,0.0,,,,,,,,,,,,,,,
ENG-Premier League,2324,Arsenal,Oleksandr Zinchenko,UKR,DF,26.0,1996.0,27.0,20.0,1722.0,19.1,1.0,2.0,3.0,1.0,0.0,0.0,2.0,0.0,0.05,0.1,0.16,0.05,0.16,19.1,1.0,17.0,3.0,17.6,0.89,0.16,0.06,0.33,0.0,0.0,64.0,50.4,20,79.0,7,7,21.0,5,2.26,38.0,15.0,23.0,1.2,-0.87,0.0,7.0,9.0,1.0,30.0,19.0,30.0,,,0.0,,,,,,,,,,,,,,,
ENG-Premier League,2324,Arsenal,Reiss Nelson,ENG,FW,23.0,1999.0,15.0,1.0,268.0,3.0,0.0,0.0,0.0,0.0,0.0,0.0,1.0,0.0,0.0,0.0,0.0,0.0,0.0,3.0,0.0,4.0,1.0,25.0,1.34,0.34,0.0,0.0,0.0,0.0,18.0,7.8,1,74.0,0,14,14.0,15,2.27,10.0,1.0,9.0,3.02,1.51,0.0,5.0,6.0,0.0,14.0,1.0,5.0,,,0.0,,,,,,,,,,,,,,,
ENG-Premier League,2324,Arsenal,Takehiro Tomiyasu,JPN,DF,24.0,1998.0,22.0,10.0,1149.0,12.8,2.0,1.0,3.0,2.0,0.0,0.0,2.0,1.0,0.16,0.08,0.23,0.16,0.23,12.8,2.0,17.0,3.0,17.6,1.33,0.23,0.12,0.67,0.0,0.0,52.0,33.6,10,85.0,7,12,25.0,1,2.41,30.0,10.0,20.0,1.57,-0.1,1.0,14.0,8.0,1.0,14.0,18.0,8.0,,,0.0,,,,,,,,,,,,,,,
ENG-Premier League,2324,Arsenal,Thomas Partey,GHA,"MF,DF",30.0,1993.0,14.0,9.0,788.0,8.8,0.0,0.0,0.0,0.0,0.0,0.0,3.0,0.0,0.0,0.0,0.0,0.0,0.0,8.8,0.0,8.0,2.0,25.0,0.91,0.23,0.0,0.0,0.0,0.0,56.0,23.0,9,79.0,4,5,16.0,3,2.71,20.0,5.0,15.0,1.71,0.11,0.0,10.0,6.0,0.0,2.0,10.0,11.0,,,0.0,,,,,,,,,,,,,,,
ENG-Premier League,2324,Arsenal,William Saliba,FRA,DF,22.0,2001.0,38.0,38.0,3420.0,38.0,2.0,1.0,3.0,2.0,0.0,0.0,4.0,0.0,0.05,0.03,0.08,0.05,0.08,38.0,2.0,10.0,4.0,40.0,0.26,0.11,0.2,0.5,0.0,0.0,90.0,100.0,38,90.0,38,0,,0,2.34,91.0,29.0,62.0,1.63,,0.0,22.0,16.0,0.0,3.0,29.0,26.0,,,0.0,,,,,,,,,,,,,,,
ENG-Premier League,2324,Aston Villa,Bertrand Traoré,BFA,"FW,MF",27.0,1995.0,2.0,0.0,11.0,0.1,0.0,0.0,0.0,0.0,0.0,0.0,0.0,0.0,0.0,0.0,0.0,0.0,0.0,0.1,0.0,0.0,0.0,,0.0,0.0,,,0.0,0.0,6.0,0.3,0,,0,2,6.0,6,3.0,0.0,0.0,0.0,0.0,-0.4,0.0,0.0,0.0,0.0,0.0,0.0,1.0,,,0.0,,,,,,,,,,,,,,,
ENG-Premier League,2324,Aston Villa,Boubacar Kamara,FRA,MF,23.0,1999.0,20.0,20.0,1652.0,18.4,0.0,1.0,1.0,0.0,0.0,0.0,7.0,1.0,0.0,0.05,0.05,0.0,0.05,18.4,0.0,5.0,1.0,20.0,0.27,0.05,0.0,0.0,0.0,0.0,83.0,48.3,20,83.0,10,0,,0,2.05,36.0,22.0,14.0,0.76,0.71,0.0,35.0,29.0,0.0,2.0,20.0,30.0,,,0.0,,,,,,,,,,,,,,,
ENG-Premier League,2324,Aston Villa,Calum Chambers,ENG,MF,28.0,1995.0,5.0,1.0,152.0,1.7,0.0,1.0,1.0,0.0,0.0,0.0,1.0,0.0,0.0,0.59,0.59,0.0,0.59,1.7,0.0,0.0,0.0,,0.0,0.0,,,0.0,0.0,30.0,4.4,1,67.0,0,4,21.0,26,0.8,3.0,6.0,-3.0,-1.78,-2.27,0.0,3.0,1.0,0.0,0.0,2.0,0.0,,,0.0,,,,,,,,,,,,,,,
ENG-Premier League,2324,Aston Villa,Cameron Archer,ENG,"FW,MF",22.0,2001.0,1.0,0.0,6.0,0.1,0.0,0.0,0.0,0.0,0.0,0.0,1.0,0.0,0.0,0.0,0.0,0.0,0.0,0.1,0.0,0.0,0.0,,0.0,0.0,,,0.0,0.0,6.0,0.2,0,,0,1,6.0,1,3.0,0.0,0.0,0.0,0.0,-0.4,0.0,1.0,0.0,0.0,0.0,0.0,0.0,,,0.0,,,,,,,,,,,,,,,
ENG-Premier League,2324,Aston Villa,Clément Lenglet,FRA,DF,28.0,1995.0,14.0,14.0,1153.0,12.8,0.0,1.0,1.0,0.0,0.0,0.0,3.0,0.0,0.0,0.08,0.08,0.0,0.08,12.8,0.0,7.0,2.0,28.6,0.55,0.16,0.0,0.0,0.0,0.0,82.0,33.7,14,82.0,11,0,,20,1.29,22.0,27.0,-5.0,-0.39,-1.18,0.0,3.0,12.0,0.0,3.0,8.0,9.0,,,0.0,,,,,,,,,,,,,,,
ENG-Premier League,2324,Aston Villa,Diego Carlos,BRA,DF,30.0,1993.0,27.0,20.0,1816.0,20.2,0.0,0.0,0.0,0.0,0.0,0.0,4.0,0.0,0.0,0.0,0.0,0.0,0.0,20.2,0.0,10.0,1.0,10.0,0.5,0.05,0.0,0.0,0.0,0.0,67.0,53.1,20,86.0,18,7,15.0,5,1.56,35.0,36.0,-1.0,-0.05,-0.95,0.0,26.0,4.0,1.0,1.0,12.0,16.0,,,0.0,,,,,,,,,,,,,,,
ENG-Premier League,2324,Aston Villa,Douglas Luiz,BRA,MF,25.0,1998.0,35.0,35.0,2993.0,33.3,9.0,5.0,14.0,5.0,4.0,4.0,12.0,0.0,0.27,0.15,0.42,0.15,0.3,33.3,9.0,48.0,17.0,35.4,1.44,0.51,0.19,0.53,4.0,4.0,86.0,87.5,35,86.0,26,0,,0,1.69,65.0,57.0,8.0,0.24,-1.23,0.0,51.0,41.0,0.0,116.0,22.0,37.0,,,0.0,,,,,,,,,,,,,,,
ENG-Premier League,2324,Aston Villa,Emiliano Martínez,ARG,GK,30.0,1992.0,34.0,34.0,3015.0,33.5,0.0,0.0,0.0,0.0,0.0,0.0,4.0,0.0,0.0,0.0,0.0,0.0,0.0,33.5,0.0,0.0,0.0,,0.0,0.0,,,0.0,0.0,89.0,88.2,34,89.0,33,0,,0,1.91,72.0,48.0,24.0,0.72,2.72,0.0,1.0,7.0,0.0,0.0,0.0,0.0,,,2.0,48.0,1.43,143.0,95.0,66.4,19.0,8.0,7.0,7.0,20.6,1.0,1.0,0.0,0.0,0.0
ENG-Premier League,2324,Aston Villa,Ezri Konsa,ENG,DF,25.0,1997.0,35.0,35.0,3069.0,34.1,1.0,0.0,1.0,1.0,0.0,0.0,5.0,0.0,0.03,0.0,0.03,0.03,0.03,34.1,1.0,19.0,5.0,26.3,0.56,0.15,0.05,0.2,0.0,0.0,88.0,89.7,35,88.0,30,0,,0,1.77,68.0,54.0,14.0,0.41,0.15,0.0,15.0,64.0,0.0,18.0,26.0,33.0,,,0.0,,,,,,,,,,,,,,,
ENG-Premier League,2324,Aston Villa,Finley Munroe,ENG,DF,18.0,2005.0,1.0,0.0,4.0,0.0,0.0,0.0,0.0,0.0,0.0,0.0,0.0,0.0,0.0,0.0,0.0,0.0,0.0,0.0,0.0,0.0,0.0,,0.0,0.0,,,0.0,0.0,4.0,0.1,0,,0,1,4.0,2,0.0,0.0,0.0,0.0,0.0,-0.4,0.0,0.0,0.0,0.0,0.0,0.0,0.0,,,0.0,,,,,,,,,,,,,,,
ENG-Premier League,2324,Aston Villa,Jacob Ramsey,ENG,MF,22.0,2001.0,16.0,8.0,853.0,9.5,1.0,1.0,2.0,1.0,0.0,0.0,2.0,0.0,0.11,0.11,0.21,0.11,0.21,9.5,1.0,19.0,5.0,26.3,2.0,0.53,0.05,0.2,0.0,0.0,53.0,24.9,8,80.0,5,8,26.0,0,2.19,22.0,12.0,10.0,1.06,0.88,0.0,7.0,12.0,0.0,11.0,3.0,8.0,,,0.0,,,,,,,,,,,,,,,
ENG-Premier League,2324,Aston Villa,Jaden Philogene Bidace,ENG,"FW,MF",21.0,2002.0,1.0,0.0,4.0,0.0,0.0,0.0,0.0,0.0,0.0,0.0,0.0,0.0,0.0,0.0,0.0,0.0,0.0,0.0,0.0,0.0,0.0,,0.0,0.0,,,0.0,0.0,4.0,0.1,0,,0,1,4.0,0,0.0,0.0,1.0,-1.0,-22.5,-22.92,0.0,0.0,0.0,0.0,0.0,0.0,0.0,,,0.0,,,,,,,,,,,,,,,
ENG-Premier League,2324,Aston Villa,John McGinn,SCO,MF,28.0,1994.0,35.0,35.0,2999.0,33.3,6.0,4.0,10.0,6.0,0.0,0.0,9.0,1.0,0.18,0.12,0.3,0.18,0.3,33.3,6.0,40.0,16.0,40.0,1.2,0.48,0.15,0.38,0.0,0.0,86.0,87.7,35,86.0,24,0,,0,1.83,68.0,52.0,16.0,0.48,0.69,0.0,39.0,69.0,2.0,77.0,20.0,34.0,,,0.0,,,,,,,,,,,,,,,
ENG-Premier League,2324,Aston Villa,Jáder Durán,COL,FW,19.0,2003.0,23.0,3.0,475.0,5.3,5.0,0.0,5.0,5.0,0.0,0.0,5.0,0.0,0.95,0.0,0.95,0.95,0.95,5.3,5.0,20.0,7.0,35.0,3.79,1.33,0.25,0.71,0.0,0.0,21.0,13.9,3,68.0,1,20,14.0,5,1.74,15.0,12.0,3.0,0.57,0.2,0.0,12.0,8.0,4.0,6.0,1.0,5.0,,,0.0,,,,,,,,,,,,,,,
ENG-Premier League,2324,Aston Villa,Kaine Kesler-Hayden,ENG,"DF,MF",20.0,2002.0,3.0,0.0,6.0,0.1,0.0,0.0,0.0,0.0,0.0,0.0,0.0,0.0,0.0,0.0,0.0,0.0,0.0,0.1,0.0,0.0,0.0,,0.0,0.0,,,0.0,0.0,2.0,0.2,0,,0,3,2.0,14,2.0,0.0,0.0,0.0,0.0,-0.4,0.0,0.0,0.0,0.0,0.0,0.0,0.0,,,0.0,,,,,,,,,,,,,,,
ENG-Premier League,2324,Aston Villa,Leander Dendoncker,BEL,MF,28.0,1995.0,8.0,1.0,119.0,1.3,1.0,0.0,1.0,1.0,0.0,0.0,0.0,0.0,0.76,0.0,0.76,0.76,0.76,1.3,1.0,2.0,1.0,50.0,1.51,0.76,0.5,1.0,0.0,0.0,15.0,3.5,1,85.0,0,7,5.0,10,2.25,3.0,3.0,0.0,0.0,-0.41,0.0,1.0,1.0,0.0,0.0,2.0,4.0,,,0.0,,,,,,,,,,,,,,,
ENG-Premier League,2324,Aston Villa,Leon Bailey,JAM,MF,25.0,1997.0,35.0,22.0,2068.0,23.0,10.0,9.0,19.0,10.0,0.0,0.0,5.0,0.0,0.44,0.39,0.83,0.44,0.83,23.0,10.0,53.0,18.0,34.0,2.31,0.78,0.19,0.56,0.0,0.0,59.0,60.5,22,76.0,3,13,31.0,1,1.77,53.0,32.0,21.0,0.91,1.31,0.0,26.0,26.0,11.0,77.0,9.0,8.0,,,0.0,,,,,,,,,,,,,,,
ENG-Premier League,2324,Aston Villa,Lucas Digne,FRA,DF,30.0,1993.0,33.0,27.0,2410.0,26.8,1.0,3.0,4.0,1.0,0.0,0.0,7.0,0.0,0.04,0.11,0.15,0.04,0.15,26.8,1.0,20.0,4.0,20.0,0.75,0.15,0.05,0.25,0.0,0.0,73.0,70.5,27,85.0,18,6,19.0,0,1.76,54.0,41.0,13.0,0.49,0.31,0.0,30.0,29.0,2.0,151.0,25.0,21.0,,,0.0,,,,,,,,,,,,,,,
ENG-Premier League,2324,Aston Villa,Matty Cash,POL,"DF,MF",25.0,1997.0,29.0,23.0,2142.0,23.8,2.0,2.0,4.0,2.0,0.0,0.0,8.0,0.0,0.08,0.08,0.17,0.08,0.17,23.8,2.0,33.0,13.0,39.4,1.39,0.55,0.06,0.15,0.0,0.0,74.0,62.6,23,84.0,16,6,34.0,2,1.86,49.0,36.0,13.0,0.55,0.41,0.0,30.0,22.0,0.0,38.0,18.0,30.0,,,1.0,,,,,,,,,,,,,,,
ENG-Premier League,2324,Aston Villa,Morgan Rogers,ENG,MF,21.0,2002.0,11.0,8.0,638.0,7.1,3.0,1.0,4.0,3.0,0.0,0.0,3.0,0.0,0.42,0.14,0.56,0.42,0.56,7.1,3.0,11.0,5.0,45.5,1.55,0.71,0.27,0.6,0.0,0.0,58.0,18.7,8,72.0,4,3,20.0,3,1.91,12.0,13.0,-1.0,-0.14,-0.66,0.0,12.0,9.0,0.0,2.0,3.0,1.0,,,0.0,,,,,,,,,,,,,,,
ENG-Premier League,2324,Aston Villa,Moussa Diaby,FRA,"MF,FW",24.0,1999.0,38.0,25.0,2174.0,24.2,6.0,8.0,14.0,6.0,0.0,0.0,1.0,0.0,0.25,0.33,0.58,0.25,0.58,24.2,6.0,54.0,23.0,42.6,2.24,0.95,0.11,0.26,0.0,0.0,57.0,63.6,25,75.0,4,13,23.0,0,1.79,41.0,40.0,1.0,0.04,-0.97,0.0,16.0,15.0,6.0,45.0,9.0,5.0,,,0.0,,,,,,,,,,,,,,,
ENG-Premier League,2324,Aston Villa,Nicolò Zaniolo,ITA,"MF,FW",24.0,1999.0,25.0,9.0,839.0,9.3,2.0,0.0,2.0,2.0,0.0,0.0,7.0,0.0,0.21,0.0,0.21,0.21,0.21,9.3,2.0,27.0,10.0,37.0,2.9,1.07,0.07,0.2,0.0,0.0,34.0,24.5,9,61.0,0,16,18.0,5,1.6,17.0,13.0,4.0,0.43,0.05,0.0,24.0,21.0,0.0,18.0,1.0,9.0,,,0.0,,,,,,,,,,,,,,,
ENG-Premier League,2324,Aston Villa,Ollie Watkins,ENG,FW,27.0,1995.0,37.0,37.0,3217.0,35.7,19.0,13.0,32.0,19.0,0.0,0.0,4.0,0.0,0.53,0.36,0.9,0.53,0.9,35.7,19.0,106.0,46.0,43.4,2.97,1.29,0.18,0.41,0.0,0.0,87.0,94.1,37,87.0,27,0,,0,1.84,71.0,56.0,15.0,0.42,0.42,0.0,22.0,41.0,17.0,14.0,4.0,7.0,,,0.0,,,,,,,,,,,,,,,
ENG-Premier League,2324,Aston Villa,Omari Kellyman,ENG,"FW,MF",17.0,2005.0,2.0,0.0,37.0,0.4,0.0,0.0,0.0,0.0,0.0,0.0,0.0,0.0,0.0,0.0,0.0,0.0,0.0,0.4,0.0,1.0,0.0,0.0,2.43,0.0,0.0,,0.0,0.0,19.0,1.1,0,,0,2,19.0,10,0.0,0.0,1.0,-1.0,-2.43,-2.86,0.0,0.0,0.0,0.0,0.0,0.0,0.0,,,0.0,,,,,,,,,,,,,,,
ENG-Premier League,2324,Aston Villa,Pau Torres,ESP,DF,26.0,1997.0,29.0,27.0,2464.0,27.4,2.0,0.0,2.0,2.0,0.0,0.0,1.0,0.0,0.07,0.0,0.07,0.07,0.07,27.4,2.0,12.0,5.0,41.7,0.44,0.18,0.17,0.4,0.0,0.0,85.0,72.0,27,88.0,25,2,45.0,5,2.07,57.0,37.0,20.0,0.73,1.2,0.0,17.0,10.0,2.0,8.0,11.0,16.0,,,0.0,,,,,,,,,,,,,,,
ENG-Premier League,2324,Aston Villa,Philippe Coutinho,BRA,"FW,MF",31.0,1992.0,2.0,0.0,25.0,0.3,0.0,0.0,0.0,0.0,0.0,0.0,0.0,0.0,0.0,0.0,0.0,0.0,0.0,0.3,0.0,3.0,1.0,33.3,10.8,3.6,0.0,0.0,0.0,0.0,13.0,0.7,0,,0,2,13.0,0,1.5,1.0,1.0,0.0,0.0,-0.4,0.0,0.0,1.0,0.0,0.0,0.0,0.0,,,0.0,,,,,,,,,,,,,,,
ENG-Premier League,2324,Aston Villa,Robin Olsen,SWE,GK,33.0,1990.0,5.0,4.0,405.0,4.5,0.0,0.0,0.0,0.0,0.0,0.0,0.0,0.0,0.0,0.0,0.0,0.0,0.0,4.5,0.0,0.0,0.0,,0.0,0.0,,,0.0,0.0,81.0,11.8,4,90.0,4,1,45.0,26,0.8,4.0,13.0,-9.0,-2.0,-2.72,0.0,0.0,2.0,0.0,0.0,0.0,0.0,,,0.0,13.0,2.89,33.0,20.0,60.6,1.0,0.0,3.0,0.0,0.0,1.0,0.0,1.0,0.0,100.0
ENG-Premier League,2324,Aston Villa,Tim Iroegbunam,ENG,MF,20.0,2003.0,9.0,1.0,164.0,1.8,0.0,0.0,0.0,0.0,0.0,0.0,0.0,0.0,0.0,0.0,0.0,0.0,0.0,1.8,0.0,0.0,0.0,,0.0,0.0,,,0.0,0.0,18.0,4.8,1,62.0,0,8,13.0,16,1.44,2.0,7.0,-5.0,-2.74,-3.3,0.0,9.0,3.0,0.0,0.0,3.0,4.0,,,0.0,,,,,,,,,,,,,,,
ENG-Premier League,2324,Aston Villa,Tyrone Mings,ENG,DF,30.0,1993.0,1.0,1.0,30.0,0.3,0.0,0.0,0.0,0.0,0.0,0.0,0.0,0.0,0.0,0.0,0.0,0.0,0.0,0.3,0.0,1.0,0.0,0.0,3.0,0.0,0.0,,0.0,0.0,30.0,0.9,1,30.0,0,0,,0,0.0,1.0,2.0,-1.0,-3.0,-3.42,0.0,0.0,0.0,0.0,0.0,1.0,0.0,,,0.0,,,,,,,,,,,,,,,
ENG-Premier League,2324,Aston Villa,Youri Tielemans,BEL,"MF,FW",26.0,1997.0,32.0,17.0,1622.0,18.0,2.0,6.0,8.0,2.0,0.0,0.0,3.0,0.0,0.11,0.33,0.44,0.11,0.44,18.0,2.0,14.0,6.0,42.9,0.78,0.33,0.14,0.33,0.0,0.0,51.0,47.4,17,77.0,6,15,21.0,0,1.91,40.0,27.0,13.0,0.72,0.62,0.0,22.0,29.0,0.0,31.0,14.0,21.0,,,0.0,,,,,,,,,,,,,,,
ENG-Premier League,2324,Aston Villa,Álex Moreno,ESP,DF,30.0,1993.0,21.0,11.0,1031.0,11.5,2.0,0.0,2.0,2.0,0.0,0.0,2.0,0.0,0.17,0.0,0.17,0.17,0.17,11.5,2.0,8.0,4.0,50.0,0.7,0.35,0.25,0.5,0.0,0.0,49.0,30.1,11,80.0,5,10,16.0,4,1.67,24.0,20.0,4.0,0.35,-0.07,0.0,11.0,16.0,2.0,37.0,11.0,12.0,,,1.0,,,,,,,,,,,,,,,
ENG-Premier League,2324,Bournemouth,Adam Smith,ENG,DF,32.0,1991.0,28.0,25.0,2150.0,23.9,0.0,2.0,2.0,0.0,0.0,0.0,6.0,0.0,0.0,0.08,0.08,0.0,0.08,23.9,0.0,2.0,0.0,0.0,0.08,0.0,0.0,,0.0,0.0,77.0,62.9,25,85.0,15,3,12.0,6,1.61,39.0,33.0,6.0,0.25,1.6,0.0,30.0,22.0,1.0,39.0,21.0,23.0,,,0.0,,,,,,,,,,,,,,,
ENG-Premier League,2324,Bournemouth,Alex Scott,ENG,MF,19.0,2003.0,23.0,11.0,1014.0,11.3,1.0,1.0,2.0,1.0,0.0,0.0,3.0,0.0,0.09,0.09,0.18,0.09,0.18,11.3,1.0,15.0,4.0,26.7,1.33,0.36,0.07,0.25,0.0,0.0,44.0,29.6,11,66.0,2,12,24.0,2,1.22,17.0,25.0,-8.0,-0.71,-0.52,0.0,19.0,25.0,1.0,36.0,11.0,16.0,,,0.0,,,,,,,,,,,,,,,
ENG-Premier League,2324,Bournemouth,Antoine Semenyo,GHA,MF,23.0,2000.0,33.0,25.0,2105.0,23.4,8.0,2.0,10.0,8.0,0.0,0.0,6.0,0.0,0.34,0.09,0.43,0.34,0.43,23.4,8.0,70.0,31.0,44.3,2.99,1.33,0.11,0.26,0.0,0.0,64.0,61.5,25,76.0,10,8,25.0,3,1.39,41.0,33.0,8.0,0.34,1.78,0.0,43.0,25.0,3.0,46.0,5.0,17.0,,,0.0,,,,,,,,,,,,,,,
ENG-Premier League,2324,Bournemouth,Chris Mepham,WAL,DF,25.0,1997.0,10.0,6.0,617.0,6.9,0.0,1.0,1.0,0.0,0.0,0.0,2.0,0.0,0.0,0.15,0.15,0.0,0.15,6.9,0.0,1.0,1.0,100.0,0.15,0.15,0.0,0.0,0.0,0.0,62.0,18.0,6,83.0,5,4,31.0,14,1.6,13.0,16.0,-3.0,-0.44,-0.12,0.0,15.0,2.0,0.0,1.0,5.0,11.0,,,0.0,,,,,,,,,,,,,,,
ENG-Premier League,2324,Bournemouth,Dango Ouattara,BFA,"DF,MF",21.0,2002.0,30.0,12.0,1229.0,13.7,1.0,2.0,3.0,1.0,0.0,0.0,3.0,0.0,0.07,0.15,0.22,0.07,0.22,13.7,1.0,30.0,7.0,23.3,2.2,0.51,0.03,0.14,0.0,0.0,41.0,35.9,12,74.0,4,18,19.0,2,1.4,20.0,24.0,-4.0,-0.29,0.08,0.0,15.0,17.0,4.0,37.0,21.0,26.0,,,0.0,,,,,,,,,,,,,,,
ENG-Premier League,2324,Bournemouth,David Brooks,WAL,MF,26.0,1997.0,13.0,2.0,282.0,3.1,1.0,1.0,2.0,1.0,0.0,0.0,1.0,0.0,0.32,0.32,0.64,0.32,0.64,3.1,1.0,13.0,5.0,38.5,4.15,1.6,0.08,0.2,0.0,0.0,22.0,8.2,2,65.0,0,11,14.0,7,0.92,5.0,7.0,-2.0,-0.64,-0.32,0.0,6.0,1.0,1.0,15.0,2.0,4.0,,,0.0,,,,,,,,,,,,,,,
ENG-Premier League,2324,Bournemouth,Dominic Sadi,ENG,MF,19.0,2003.0,1.0,0.0,1.0,0.0,0.0,0.0,0.0,0.0,0.0,0.0,0.0,0.0,0.0,0.0,0.0,0.0,0.0,0.0,0.0,0.0,0.0,,0.0,0.0,,,0.0,0.0,1.0,0.0,0,,0,1,1.0,4,3.0,0.0,0.0,0.0,0.0,0.34,0.0,0.0,0.0,0.0,0.0,0.0,0.0,,,0.0,,,,,,,,,,,,,,,
ENG-Premier League,2324,Bournemouth,Dominic Solanke,ENG,FW,25.0,1997.0,38.0,37.0,3325.0,36.9,19.0,3.0,22.0,17.0,2.0,3.0,3.0,0.0,0.51,0.08,0.6,0.46,0.54,36.9,19.0,109.0,38.0,34.9,2.95,1.03,0.17,0.5,2.0,3.0,88.0,97.2,37,89.0,28,1,32.0,0,1.26,51.0,61.0,-10.0,-0.27,2.57,0.0,41.0,45.0,16.0,6.0,7.0,9.0,,,0.0,,,,,,,,,,,,,,,
ENG-Premier League,2324,Bournemouth,Enes Ünal,TUR,FW,26.0,1997.0,16.0,2.0,328.0,3.6,2.0,2.0,4.0,2.0,0.0,0.0,1.0,0.0,0.55,0.55,1.1,0.55,1.1,3.6,2.0,23.0,11.0,47.8,6.31,3.02,0.09,0.18,0.0,0.0,21.0,9.6,2,67.0,0,14,14.0,0,1.31,11.0,9.0,2.0,0.55,0.99,0.0,10.0,9.0,6.0,3.0,1.0,4.0,,,0.0,,,,,,,,,,,,,,,
ENG-Premier League,2324,Bournemouth,Hamed Junior Traorè,CIV,MF,23.0,2000.0,3.0,0.0,47.0,0.5,0.0,0.0,0.0,0.0,0.0,0.0,0.0,0.0,0.0,0.0,0.0,0.0,0.0,0.5,0.0,3.0,2.0,66.7,5.74,3.83,0.0,0.0,0.0,0.0,16.0,1.4,0,,0,3,16.0,7,0.0,0.0,1.0,-1.0,-1.91,-1.59,0.0,0.0,0.0,0.0,3.0,0.0,0.0,,,0.0,,,,,,,,,,,,,,,
ENG-Premier League,2324,Bournemouth,Illia Zabarnyi,UKR,DF,20.0,2002.0,37.0,37.0,3330.0,37.0,1.0,0.0,1.0,1.0,0.0,0.0,5.0,0.0,0.03,0.0,0.03,0.03,0.03,37.0,1.0,8.0,3.0,37.5,0.22,0.08,0.13,0.33,0.0,0.0,90.0,97.4,37,90.0,37,0,,0,1.22,51.0,67.0,-16.0,-0.43,-3.43,0.0,24.0,24.0,0.0,1.0,31.0,31.0,,,0.0,,,,,,,,,,,,,,,
ENG-Premier League,2324,Bournemouth,Ionuț Radu,ROU,GK,26.0,1997.0,2.0,2.0,180.0,2.0,0.0,0.0,0.0,0.0,0.0,0.0,0.0,0.0,0.0,0.0,0.0,0.0,0.0,2.0,0.0,0.0,0.0,,0.0,0.0,,,0.0,0.0,90.0,5.3,2,90.0,2,0,,11,1.5,3.0,7.0,-4.0,-2.0,-1.75,0.0,0.0,0.0,0.0,0.0,0.0,0.0,,,0.0,7.0,3.5,12.0,5.0,41.7,1.0,0.0,1.0,0.0,0.0,0.0,0.0,0.0,0.0,
ENG-Premier League,2324,Bournemouth,Jaidon Anthony,ENG,MF,23.0,1999.0,3.0,2.0,152.0,1.7,0.0,0.0,0.0,0.0,0.0,0.0,1.0,0.0,0.0,0.0,0.0,0.0,0.0,1.7,0.0,2.0,1.0,50.0,1.18,0.59,0.0,0.0,0.0,0.0,51.0,4.4,2,61.0,0,1,31.0,0,0.33,1.0,5.0,-4.0,-2.37,-2.12,0.0,4.0,2.0,2.0,2.0,0.0,1.0,,,0.0,,,,,,,,,,,,,,,
ENG-Premier League,2324,Bournemouth,James Hill,ENG,DF,21.0,2002.0,5.0,1.0,76.0,0.8,0.0,0.0,0.0,0.0,0.0,0.0,0.0,0.0,0.0,0.0,0.0,0.0,0.0,0.8,0.0,0.0,0.0,,0.0,0.0,,,0.0,0.0,15.0,2.2,1,54.0,0,4,6.0,10,2.0,1.0,1.0,0.0,0.0,0.35,0.0,1.0,0.0,0.0,0.0,3.0,2.0,,,0.0,,,,,,,,,,,,,,,
ENG-Premier League,2324,Bournemouth,Joe Rothwell,ENG,MF,28.0,1995.0,11.0,3.0,386.0,4.3,0.0,0.0,0.0,0.0,0.0,0.0,0.0,0.0,0.0,0.0,0.0,0.0,0.0,4.3,0.0,2.0,0.0,0.0,0.47,0.0,0.0,,0.0,0.0,35.0,11.3,3,70.0,1,8,22.0,8,1.18,4.0,12.0,-8.0,-1.87,-1.72,0.0,4.0,2.0,0.0,13.0,2.0,2.0,,,0.0,,,,,,,,,,,,,,,
ENG-Premier League,2324,Bournemouth,Justin Kluivert,NED,MF,24.0,1999.0,32.0,26.0,1916.0,21.3,7.0,1.0,8.0,7.0,0.0,0.0,5.0,0.0,0.33,0.05,0.38,0.33,0.38,21.3,7.0,56.0,20.0,35.7,2.63,0.94,0.13,0.35,0.0,0.0,60.0,56.0,26,68.0,0,6,24.0,6,1.22,29.0,23.0,6.0,0.28,1.42,0.0,52.0,28.0,5.0,28.0,7.0,17.0,,,0.0,,,,,,,,,,,,,,,
ENG-Premier League,2324,Bournemouth,Kieffer Moore,WAL,"DF,FW",30.0,1992.0,8.0,0.0,108.0,1.2,1.0,0.0,1.0,1.0,0.0,0.0,0.0,0.0,0.83,0.0,0.83,0.83,0.83,1.2,1.0,6.0,2.0,33.3,5.0,1.67,0.17,0.5,0.0,0.0,14.0,3.2,0,,0,8,14.0,8,0.88,3.0,2.0,1.0,0.83,1.21,0.0,5.0,2.0,0.0,2.0,0.0,0.0,,,0.0,,,,,,,,,,,,,,,
ENG-Premier League,2324,Bournemouth,Lewis Cook,ENG,MF,26.0,1997.0,33.0,32.0,2786.0,31.0,0.0,3.0,3.0,0.0,0.0,0.0,5.0,1.0,0.0,0.1,0.1,0.0,0.1,31.0,0.0,12.0,4.0,33.3,0.39,0.13,0.0,0.0,0.0,0.0,84.0,81.5,32,86.0,26,1,45.0,0,1.24,43.0,50.0,-7.0,-0.23,0.63,0.0,39.0,16.0,2.0,133.0,67.0,42.0,,,0.0,,,,,,,,,,,,,,,
ENG-Premier League,2324,Bournemouth,Lloyd Kelly,ENG,DF,24.0,1998.0,23.0,17.0,1559.0,17.3,0.0,1.0,1.0,0.0,0.0,0.0,2.0,0.0,0.0,0.06,0.06,0.0,0.06,17.3,0.0,4.0,1.0,25.0,0.23,0.06,0.0,0.0,0.0,0.0,68.0,45.6,17,83.0,12,6,25.0,0,1.13,22.0,32.0,-10.0,-0.58,-0.43,0.0,17.0,13.0,0.0,21.0,13.0,20.0,,,0.0,,,,,,,,,,,,,,,
ENG-Premier League,2324,Bournemouth,Luis Sinisterra,COL,MF,24.0,1999.0,20.0,7.0,699.0,7.8,2.0,2.0,4.0,2.0,0.0,0.0,0.0,0.0,0.26,0.26,0.52,0.26,0.52,7.8,2.0,27.0,9.0,33.3,3.48,1.16,0.07,0.22,0.0,0.0,35.0,20.4,7,59.0,0,13,22.0,4,1.35,12.0,18.0,-6.0,-0.77,-0.54,0.0,12.0,6.0,4.0,11.0,8.0,12.0,,,0.0,,,,,,,,,,,,,,,
ENG-Premier League,2324,Bournemouth,Marcos Senesi,ARG,DF,26.0,1997.0,31.0,26.0,2242.0,24.9,4.0,5.0,9.0,4.0,0.0,0.0,13.0,0.0,0.16,0.2,0.36,0.16,0.36,24.9,4.0,13.0,4.0,30.8,0.52,0.16,0.31,1.0,0.0,0.0,72.0,65.6,26,83.0,17,5,16.0,1,1.13,37.0,44.0,-7.0,-0.28,0.18,0.0,41.0,11.0,0.0,25.0,33.0,35.0,,,0.0,,,,,,,,,,,,,,,
ENG-Premier League,2324,Bournemouth,Marcus Tavernier,ENG,MF,24.0,1999.0,30.0,25.0,2118.0,23.5,3.0,4.0,7.0,3.0,0.0,0.0,3.0,0.0,0.13,0.17,0.3,0.13,0.3,23.5,3.0,53.0,16.0,30.2,2.25,0.68,0.06,0.19,0.0,0.0,71.0,61.9,25,78.0,7,5,33.0,0,1.33,37.0,38.0,-1.0,-0.04,0.79,0.0,21.0,22.0,3.0,116.0,4.0,33.0,,,0.0,,,,,,,,,,,,,,,
ENG-Premier League,2324,Bournemouth,Mark Travers,IRL,GK,24.0,1999.0,4.0,4.0,360.0,4.0,0.0,0.0,0.0,0.0,0.0,0.0,0.0,0.0,0.0,0.0,0.0,0.0,0.0,4.0,0.0,0.0,0.0,,0.0,0.0,,,0.0,0.0,90.0,10.5,4,90.0,4,0,,25,1.5,5.0,5.0,0.0,0.0,0.38,0.0,1.0,1.0,0.0,0.0,0.0,0.0,,,0.0,5.0,1.25,18.0,13.0,72.2,2.0,0.0,2.0,1.0,25.0,1.0,1.0,0.0,0.0,0.0
ENG-Premier League,2324,Bournemouth,Max Aarons,ENG,DF,23.0,2000.0,20.0,13.0,1237.0,13.7,0.0,1.0,1.0,0.0,0.0,0.0,1.0,0.0,0.0,0.07,0.07,0.0,0.07,13.7,0.0,2.0,0.0,0.0,0.15,0.0,0.0,,0.0,0.0,62.0,36.2,13,85.0,9,7,19.0,5,0.8,12.0,35.0,-23.0,-1.67,-2.09,0.0,12.0,26.0,2.0,14.0,8.0,19.0,,,0.0,,,,,,,,,,,,,,,
ENG-Premier League,2324,Bournemouth,Milos Kerkez,HUN,DF,19.0,2003.0,28.0,22.0,1970.0,21.9,0.0,1.0,1.0,0.0,0.0,0.0,4.0,1.0,0.0,0.05,0.05,0.0,0.05,21.9,0.0,16.0,5.0,31.3,0.73,0.23,0.0,0.0,0.0,0.0,70.0,57.6,22,83.0,11,6,25.0,3,1.14,25.0,37.0,-12.0,-0.55,-0.49,0.0,24.0,21.0,1.0,57.0,16.0,25.0,,,1.0,,,,,,,,,,,,,,,
ENG-Premier League,2324,Bournemouth,Neto,BRA,GK,34.0,1989.0,32.0,32.0,2880.0,32.0,0.0,0.0,0.0,0.0,0.0,0.0,5.0,0.0,0.0,0.0,0.0,0.0,0.0,32.0,0.0,0.0,0.0,,0.0,0.0,,,0.0,0.0,90.0,84.2,32,90.0,32,0,,4,1.22,46.0,55.0,-9.0,-0.28,0.39,0.0,1.0,0.0,0.0,0.0,1.0,0.0,,,0.0,55.0,1.72,167.0,112.0,67.1,10.0,9.0,13.0,7.0,21.9,6.0,5.0,1.0,0.0,16.7
ENG-Premier League,2324,Bournemouth,Philip Billing,DEN,MF,27.0,1996.0,29.0,13.0,1398.0,15.5,2.0,2.0,4.0,2.0,0.0,0.0,3.0,1.0,0.13,0.13,0.26,0.13,0.26,15.5,2.0,30.0,8.0,26.7,1.93,0.52,0.07,0.25,0.0,0.0,48.0,40.9,13,83.0,6,16,20.0,4,1.24,18.0,36.0,-18.0,-1.16,-1.38,0.0,19.0,12.0,0.0,28.0,18.0,19.0,,,0.0,,,,,,,,,,,,,,,
ENG-Premier League,2324,Bournemouth,Romain Faivre,FRA,MF,25.0,1998.0,5.0,0.0,41.0,0.5,0.0,0.0,0.0,0.0,0.0,0.0,1.0,0.0,0.0,0.0,0.0,0.0,0.0,0.5,0.0,2.0,0.0,0.0,4.39,0.0,0.0,,0.0,0.0,8.0,1.2,0,,0,5,8.0,8,0.4,0.0,1.0,-1.0,-2.2,-1.88,0.0,2.0,4.0,0.0,3.0,0.0,1.0,,,0.0,,,,,,,,,,,,,,,
ENG-Premier League,2324,Bournemouth,Ryan Christie,SCO,MF,28.0,1995.0,37.0,35.0,2907.0,32.3,0.0,5.0,5.0,0.0,0.0,0.0,6.0,0.0,0.0,0.15,0.15,0.0,0.15,32.3,0.0,43.0,13.0,30.2,1.33,0.4,0.0,0.0,0.0,0.0,79.0,85.0,35,81.0,18,2,29.0,0,1.22,44.0,55.0,-11.0,-0.34,0.01,0.0,47.0,38.0,5.0,73.0,51.0,43.0,,,0.0,,,,,,,,,,,,,,,
ENG-Premier League,2324,Bournemouth,Tyler Adams,USA,MF,24.0,1999.0,3.0,1.0,121.0,1.3,0.0,0.0,0.0,0.0,0.0,0.0,0.0,0.0,0.0,0.0,0.0,0.0,0.0,1.3,0.0,0.0,0.0,,0.0,0.0,,,0.0,0.0,40.0,3.5,1,90.0,1,2,16.0,2,2.0,4.0,3.0,1.0,0.74,1.13,0.0,0.0,3.0,0.0,1.0,4.0,3.0,,,0.0,,,,,,,,,,,,,,,
ENG-Premier League,2324,Brentford,Aaron Hickey,SCO,"DF,MF",21.0,2002.0,9.0,9.0,713.0,7.9,0.0,0.0,0.0,0.0,0.0,0.0,5.0,0.0,0.0,0.0,0.0,0.0,0.0,7.9,0.0,7.0,1.0,14.3,0.88,0.13,0.0,0.0,0.0,0.0,79.0,20.8,9,79.0,2,0,,0,1.11,10.0,12.0,-2.0,-0.25,-0.02,0.0,10.0,16.0,0.0,5.0,3.0,10.0,,,0.0,,,,,,,,,,,,,,,
ENG-Premier League,2324,Brentford,Ben Mee,ENG,DF,33.0,1989.0,16.0,15.0,1272.0,14.1,2.0,0.0,2.0,2.0,0.0,0.0,1.0,1.0,0.14,0.0,0.14,0.14,0.14,14.1,2.0,10.0,2.0,20.0,0.71,0.14,0.2,1.0,0.0,0.0,80.0,37.2,15,85.0,11,1,1.0,2,0.81,16.0,26.0,-10.0,-0.71,-0.75,0.0,7.0,3.0,2.0,5.0,13.0,14.0,,,0.0,,,,,,,,,,,,,,,
ENG-Premier League,2324,Brentford,Bryan Mbeumo,CMR,FW,23.0,1999.0,25.0,22.0,1960.0,21.8,9.0,6.0,15.0,6.0,3.0,3.0,2.0,0.0,0.41,0.28,0.69,0.28,0.55,21.8,9.0,53.0,20.0,37.7,2.43,0.92,0.17,0.45,3.0,3.0,78.0,57.3,22,87.0,18,3,17.0,0,1.28,37.0,31.0,6.0,0.28,1.2,0.0,22.0,42.0,4.0,93.0,7.0,9.0,,,0.0,,,,,,,,,,,,,,,
ENG-Premier League,2324,Brentford,Christian Nørgaard,DEN,MF,29.0,1994.0,31.0,30.0,2505.0,27.8,2.0,1.0,3.0,2.0,0.0,0.0,8.0,0.0,0.07,0.04,0.11,0.07,0.11,27.8,2.0,35.0,7.0,20.0,1.26,0.25,0.06,0.29,0.0,0.0,81.0,73.2,30,83.0,20,1,20.0,0,0.97,36.0,51.0,-15.0,-0.54,-1.13,0.0,41.0,32.0,1.0,22.0,53.0,50.0,,,0.0,,,,,,,,,,,,,,,
ENG-Premier League,2324,Brentford,Ethan Pinnock,JAM,DF,30.0,1993.0,29.0,28.0,2521.0,28.0,2.0,0.0,2.0,2.0,0.0,0.0,1.0,0.0,0.07,0.0,0.07,0.07,0.07,28.0,2.0,19.0,4.0,21.1,0.68,0.14,0.11,0.5,0.0,0.0,87.0,73.7,28,90.0,28,1,1.0,0,1.21,44.0,46.0,-2.0,-0.07,0.63,0.0,5.0,11.0,0.0,7.0,43.0,23.0,,,0.0,,,,,,,,,,,,,,,
ENG-Premier League,2324,Brentford,Frank Onyeka,NGA,MF,25.0,1998.0,26.0,11.0,1161.0,12.9,1.0,2.0,3.0,1.0,0.0,0.0,8.0,0.0,0.08,0.16,0.23,0.08,0.23,12.9,1.0,22.0,9.0,40.9,1.71,0.7,0.05,0.11,0.0,0.0,45.0,33.9,11,78.0,3,15,20.0,4,0.85,17.0,27.0,-10.0,-0.78,-0.82,0.0,24.0,31.0,4.0,16.0,23.0,20.0,,,0.0,,,,,,,,,,,,,,,
ENG-Premier League,2324,Brentford,Ivan Toney,ENG,FW,27.0,1996.0,17.0,16.0,1450.0,16.1,4.0,2.0,6.0,4.0,0.0,0.0,5.0,0.0,0.25,0.12,0.37,0.25,0.37,16.1,4.0,51.0,22.0,43.1,3.17,1.37,0.08,0.18,0.0,0.0,85.0,42.4,16,90.0,16,1,10.0,1,0.82,20.0,30.0,-10.0,-0.62,-0.67,0.0,24.0,29.0,7.0,22.0,10.0,4.0,,,0.0,,,,,,,,,,,,,,,
ENG-Premier League,2324,Brentford,Josh Dasilva,ENG,MF,24.0,1998.0,3.0,0.0,24.0,0.3,0.0,0.0,0.0,0.0,0.0,0.0,0.0,0.0,0.0,0.0,0.0,0.0,0.0,0.3,0.0,0.0,0.0,,0.0,0.0,,,0.0,0.0,8.0,0.7,0,,0,3,8.0,1,2.0,0.0,0.0,0.0,0.0,0.24,0.0,2.0,0.0,0.0,6.0,0.0,1.0,,,0.0,,,,,,,,,,,,,,,
ENG-Premier League,2324,Brentford,Keane Lewis-Potter,ENG,"FW,MF",22.0,2001.0,30.0,15.0,1441.0,16.0,3.0,1.0,4.0,3.0,0.0,0.0,0.0,0.0,0.19,0.06,0.25,0.19,0.25,16.0,3.0,43.0,22.0,51.2,2.69,1.37,0.07,0.14,0.0,0.0,48.0,42.1,15,78.0,2,15,18.0,3,0.93,24.0,29.0,-5.0,-0.31,-0.13,0.0,8.0,18.0,3.0,50.0,7.0,7.0,,,0.0,,,,,,,,,,,,,,,
ENG-Premier League,2324,Brentford,Kevin Schade,GER,FW,21.0,2001.0,11.0,3.0,333.0,3.7,2.0,1.0,3.0,2.0,0.0,0.0,0.0,0.0,0.54,0.27,0.81,0.54,0.81,3.7,2.0,8.0,4.0,50.0,2.16,1.08,0.25,0.5,0.0,0.0,30.0,9.7,3,73.0,0,8,14.0,0,1.45,8.0,5.0,3.0,0.81,1.16,0.0,10.0,6.0,2.0,5.0,1.0,2.0,,,0.0,,,,,,,,,,,,,,,
ENG-Premier League,2324,Brentford,Kristoffer Ajer,NOR,DF,25.0,1998.0,28.0,21.0,1832.0,20.4,2.0,1.0,3.0,2.0,0.0,0.0,5.0,0.0,0.1,0.05,0.15,0.1,0.15,20.4,2.0,12.0,4.0,33.3,0.59,0.2,0.17,0.5,0.0,0.0,65.0,53.6,21,84.0,13,7,11.0,1,1.14,28.0,33.0,-5.0,-0.25,-0.02,0.0,25.0,10.0,1.0,22.0,21.0,23.0,,,0.0,,,,,,,,,,,,,,,
ENG-Premier League,2324,Brentford,Mads Roerslev,DEN,"MF,DF",24.0,1999.0,34.0,22.0,1985.0,22.1,1.0,2.0,3.0,1.0,0.0,0.0,1.0,0.0,0.05,0.09,0.14,0.05,0.14,22.1,1.0,7.0,1.0,14.3,0.32,0.05,0.14,1.0,0.0,0.0,58.0,58.0,22,79.0,8,12,20.0,3,1.09,32.0,40.0,-8.0,-0.36,-0.3,0.0,10.0,15.0,3.0,61.0,20.0,31.0,,,0.0,,,,,,,,,,,,,,,
ENG-Premier League,2324,Brentford,Mark Flekken,NED,GK,30.0,1993.0,37.0,37.0,3285.0,36.5,0.0,1.0,1.0,0.0,0.0,0.0,3.0,0.0,0.0,0.03,0.03,0.0,0.03,36.5,0.0,0.0,0.0,,0.0,0.0,,,0.0,0.0,89.0,96.1,37,89.0,36,0,,0,1.05,53.0,63.0,-10.0,-0.27,-0.94,0.0,2.0,4.0,0.0,0.0,0.0,1.0,,,0.0,63.0,1.73,178.0,115.0,64.6,10.0,9.0,18.0,7.0,18.9,2.0,2.0,0.0,0.0,0.0
ENG-Premier League,2324,Brentford,Mathias Jensen,DEN,MF,27.0,1996.0,32.0,27.0,2204.0,24.5,3.0,3.0,6.0,3.0,0.0,0.0,5.0,0.0,0.12,0.12,0.25,0.12,0.25,24.5,3.0,14.0,7.0,50.0,0.57,0.29,0.21,0.43,0.0,0.0,69.0,64.4,27,77.0,5,5,27.0,0,1.09,37.0,45.0,-8.0,-0.33,-0.25,0.0,28.0,20.0,1.0,111.0,21.0,33.0,,,0.0,,,,,,,,,,,,,,,
ENG-Premier League,2324,Brentford,Mathias Jørgensen,DEN,DF,33.0,1990.0,14.0,12.0,1087.0,12.1,1.0,0.0,1.0,1.0,0.0,0.0,4.0,0.0,0.08,0.0,0.08,0.08,0.08,12.1,1.0,8.0,2.0,25.0,0.66,0.17,0.13,0.5,0.0,0.0,78.0,31.8,12,90.0,11,2,4.0,23,0.57,16.0,24.0,-8.0,-0.66,-0.62,0.0,11.0,6.0,3.0,9.0,11.0,12.0,,,0.0,,,,,,,,,,,,,,,
ENG-Premier League,2324,Brentford,Michael Olakigbe,ENG,MF,19.0,2004.0,8.0,0.0,59.0,0.7,0.0,0.0,0.0,0.0,0.0,0.0,0.0,0.0,0.0,0.0,0.0,0.0,0.0,0.7,0.0,3.0,1.0,33.3,4.58,1.53,0.0,0.0,0.0,0.0,7.0,1.7,0,,0,8,7.0,9,0.63,1.0,0.0,1.0,1.53,1.79,0.0,2.0,2.0,1.0,7.0,1.0,0.0,,,0.0,,,,,,,,,,,,,,,
ENG-Premier League,2324,Brentford,Mikkel Damsgaard,DEN,MF,23.0,2000.0,23.0,7.0,842.0,9.4,0.0,2.0,2.0,0.0,0.0,0.0,2.0,0.0,0.0,0.21,0.21,0.0,0.21,9.4,0.0,9.0,4.0,44.4,0.96,0.43,0.0,0.0,0.0,0.0,37.0,24.6,7,75.0,0,16,20.0,3,0.87,17.0,9.0,8.0,0.86,1.45,0.0,14.0,8.0,3.0,29.0,12.0,18.0,,,0.0,,,,,,,,,,,,,,,
ENG-Premier League,2324,Brentford,Myles Peart-Harris,ENG,MF,20.0,2002.0,3.0,0.0,13.0,0.1,0.0,0.0,0.0,0.0,0.0,0.0,0.0,0.0,0.0,0.0,0.0,0.0,0.0,0.1,0.0,0.0,0.0,,0.0,0.0,,,0.0,0.0,4.0,0.4,0,,0,3,4.0,6,1.0,0.0,0.0,0.0,0.0,0.24,0.0,2.0,2.0,0.0,1.0,0.0,0.0,,,0.0,,,,,,,,,,,,,,,
ENG-Premier League,2324,Brentford,Nathan Collins,IRL,DF,22.0,2001.0,32.0,29.0,2652.0,29.5,1.0,1.0,2.0,1.0,0.0,0.0,3.0,0.0,0.03,0.03,0.07,0.03,0.07,29.5,1.0,10.0,2.0,20.0,0.34,0.07,0.1,0.5,0.0,0.0,83.0,77.5,29,90.0,28,3,18.0,1,1.13,47.0,51.0,-4.0,-0.14,0.45,0.0,13.0,23.0,3.0,4.0,43.0,20.0,,,0.0,,,,,,,,,,,,,,,
ENG-Premier League,2324,Brentford,Neal Maupay,FRA,FW,26.0,1996.0,29.0,13.0,1321.0,14.7,6.0,3.0,9.0,6.0,0.0,0.0,8.0,0.0,0.41,0.2,0.61,0.41,0.61,14.7,6.0,37.0,16.0,43.2,2.52,1.09,0.16,0.38,0.0,0.0,46.0,38.6,13,83.0,5,16,15.0,2,0.97,24.0,35.0,-11.0,-0.75,-0.84,0.0,19.0,26.0,4.0,8.0,2.0,7.0,,,0.0,,,,,,,,,,,,,,,
ENG-Premier League,2324,Brentford,Rico Henry,JAM,DF,26.0,1997.0,5.0,5.0,401.0,4.5,0.0,1.0,1.0,0.0,0.0,0.0,1.0,0.0,0.0,0.22,0.22,0.0,0.22,4.5,0.0,2.0,0.0,0.0,0.45,0.0,0.0,,0.0,0.0,80.0,11.7,5,80.0,4,0,,0,1.2,8.0,5.0,3.0,0.67,1.03,0.0,4.0,6.0,2.0,11.0,5.0,5.0,,,0.0,,,,,,,,,,,,,,,
ENG-Premier League,2324,Brentford,Saman Ghoddos,IRN,"DF,MF",29.0,1993.0,19.0,7.0,739.0,8.2,1.0,0.0,1.0,1.0,0.0,0.0,5.0,0.0,0.12,0.0,0.12,0.12,0.12,8.2,1.0,9.0,2.0,22.2,1.1,0.24,0.11,0.5,0.0,0.0,39.0,21.6,7,88.0,5,12,10.0,13,0.74,10.0,20.0,-10.0,-1.22,-1.25,0.0,12.0,9.0,2.0,43.0,5.0,21.0,,,0.0,,,,,,,,,,,,,,,
ENG-Premier League,2324,Brentford,Sergio Reguilón,ESP,"MF,DF",26.0,1996.0,16.0,14.0,1118.0,12.4,0.0,4.0,4.0,0.0,0.0,0.0,4.0,1.0,0.0,0.32,0.32,0.0,0.32,12.4,0.0,13.0,2.0,15.4,1.05,0.16,0.0,0.0,0.0,0.0,70.0,32.7,14,77.0,6,2,18.0,0,1.19,21.0,21.0,0.0,0.0,0.35,0.0,10.0,15.0,1.0,72.0,15.0,22.0,,,0.0,,,,,,,,,,,,,,,
ENG-Premier League,2324,Brentford,Shandon Baptiste,GRN,MF,25.0,1998.0,10.0,2.0,229.0,2.5,1.0,1.0,2.0,1.0,0.0,0.0,1.0,0.0,0.39,0.39,0.79,0.39,0.79,2.5,1.0,2.0,2.0,100.0,0.79,0.79,0.5,0.5,0.0,0.0,23.0,6.7,2,66.0,0,8,12.0,11,1.0,3.0,5.0,-2.0,-0.79,-0.59,0.0,3.0,0.0,0.0,3.0,3.0,3.0,,,0.0,,,,,,,,,,,,,,,
ENG-Premier League,2324,Brentford,Thomas Strakosha,ALB,GK,28.0,1995.0,2.0,1.0,135.0,1.5,0.0,0.0,0.0,0.0,0.0,0.0,0.0,0.0,0.0,0.0,0.0,0.0,0.0,1.5,0.0,0.0,0.0,,0.0,0.0,,,0.0,0.0,68.0,3.9,1,90.0,1,1,45.0,32,1.5,3.0,2.0,1.0,0.67,0.94,0.0,0.0,1.0,0.0,0.0,0.0,0.0,,,0.0,2.0,1.33,8.0,6.0,75.0,0.0,0.0,1.0,0.0,0.0,0.0,0.0,0.0,0.0,
ENG-Premier League,2324,Brentford,Vitaly Janelt,GER,"MF,DF",25.0,1998.0,38.0,37.0,3054.0,33.9,1.0,3.0,4.0,1.0,0.0,0.0,8.0,0.0,0.03,0.09,0.12,0.03,0.12,33.9,1.0,21.0,7.0,33.3,0.62,0.21,0.05,0.14,0.0,0.0,80.0,89.3,37,82.0,16,1,18.0,0,1.03,50.0,52.0,-2.0,-0.06,1.66,0.0,27.0,28.0,3.0,58.0,37.0,36.0,,,0.0,,,,,,,,,,,,,,,
ENG-Premier League,2324,Brentford,Yehor Yarmoliuk,UKR,MF,19.0,2004.0,27.0,6.0,688.0,7.6,0.0,0.0,0.0,0.0,0.0,0.0,2.0,0.0,0.0,0.0,0.0,0.0,0.0,7.6,0.0,11.0,5.0,45.5,1.44,0.65,0.0,0.0,0.0,0.0,25.0,20.1,6,61.0,0,21,15.0,11,1.19,13.0,9.0,4.0,0.52,0.95,0.0,11.0,6.0,1.0,13.0,6.0,11.0,,,0.0,,,,,,,,,,,,,,,
ENG-Premier League,2324,Brentford,Yoane Wissa,COD,FW,26.0,1996.0,34.0,29.0,2493.0,27.7,12.0,3.0,15.0,12.0,0.0,0.0,7.0,0.0,0.43,0.11,0.54,0.43,0.54,27.7,12.0,67.0,26.0,38.8,2.42,0.94,0.18,0.46,0.0,0.0,73.0,72.9,29,81.0,9,5,30.0,0,0.97,40.0,40.0,0.0,0.0,0.87,0.0,38.0,50.0,19.0,21.0,9.0,14.0,,,0.0,,,,,,,,,,,,,,,
ENG-Premier League,2324,Brighton,Adam Lallana,ENG,MF,35.0,1988.0,25.0,13.0,850.0,9.4,0.0,1.0,1.0,0.0,0.0,0.0,2.0,0.0,0.0,0.11,0.11,0.0,0.11,9.4,0.0,11.0,2.0,18.2,1.16,0.21,0.0,0.0,0.0,0.0,34.0,24.9,13,53.0,0,12,13.0,8,1.24,12.0,13.0,-1.0,-0.11,0.1,0.0,9.0,11.0,2.0,7.0,3.0,3.0,,,0.0,,,,,,,,,,,,,,,
ENG-Premier League,2324,Brighton,Adam Webster,ENG,DF,28.0,1995.0,15.0,13.0,1144.0,12.7,0.0,0.0,0.0,0.0,0.0,0.0,2.0,0.0,0.0,0.0,0.0,0.0,0.0,12.7,0.0,8.0,1.0,12.5,0.63,0.08,0.0,0.0,0.0,0.0,76.0,33.5,13,85.0,11,2,18.0,12,1.13,16.0,22.0,-6.0,-0.47,-0.43,0.0,9.0,2.0,0.0,1.0,16.0,12.0,,,1.0,,,,,,,,,,,,,,,
ENG-Premier League,2324,Brighton,Ansu Fati,ESP,"MF,FW",20.0,2002.0,19.0,3.0,521.0,5.8,2.0,0.0,2.0,2.0,0.0,0.0,2.0,0.0,0.35,0.0,0.35,0.35,0.35,5.8,2.0,26.0,11.0,42.3,4.49,1.9,0.08,0.18,0.0,0.0,27.0,15.2,3,50.0,0,16,23.0,5,1.26,12.0,12.0,0.0,0.0,0.22,0.0,6.0,13.0,2.0,3.0,2.0,3.0,,,0.0,,,,,,,,,,,,,,,
ENG-Premier League,2324,Brighton,Bart Verbruggen,NED,GK,20.0,2002.0,21.0,21.0,1890.0,21.0,0.0,0.0,0.0,0.0,0.0,0.0,3.0,0.0,0.0,0.0,0.0,0.0,0.0,21.0,0.0,0.0,0.0,,0.0,0.0,,,0.0,0.0,90.0,55.3,21,90.0,21,0,,17,1.38,31.0,28.0,3.0,0.14,0.73,0.0,1.0,2.0,0.0,0.0,0.0,1.0,,,0.0,28.0,1.33,93.0,65.0,69.9,7.0,8.0,6.0,4.0,19.0,3.0,3.0,0.0,0.0,0.0
ENG-Premier League,2324,Brighton,Benicio Boaitey,ENG,FW,19.0,2004.0,5.0,0.0,40.0,0.4,0.0,0.0,0.0,0.0,0.0,0.0,1.0,0.0,0.0,0.0,0.0,0.0,0.0,0.4,0.0,1.0,0.0,0.0,2.25,0.0,0.0,,0.0,0.0,8.0,1.2,0,,0,5,8.0,9,1.0,1.0,1.0,0.0,0.0,0.19,0.0,2.0,0.0,1.0,0.0,0.0,0.0,,,0.0,,,,,,,,,,,,,,,
ENG-Premier League,2324,Brighton,Billy Gilmour,SCO,MF,22.0,2001.0,30.0,24.0,2120.0,23.6,0.0,1.0,1.0,0.0,0.0,0.0,8.0,1.0,0.0,0.04,0.04,0.0,0.04,23.6,0.0,25.0,5.0,20.0,1.06,0.21,0.0,0.0,0.0,0.0,71.0,62.0,24,83.0,13,6,22.0,1,1.4,40.0,37.0,3.0,0.13,0.82,0.0,22.0,30.0,0.0,33.0,10.0,18.0,,,0.0,,,,,,,,,,,,,,,
ENG-Premier League,2324,Brighton,Carlos Baleba,CMR,MF,19.0,2004.0,27.0,15.0,1325.0,14.7,0.0,0.0,0.0,0.0,0.0,0.0,7.0,0.0,0.0,0.0,0.0,0.0,0.0,14.7,0.0,21.0,5.0,23.8,1.43,0.34,0.0,0.0,0.0,0.0,49.0,38.7,15,78.0,7,12,13.0,7,1.07,14.0,28.0,-14.0,-0.95,-1.25,0.0,40.0,27.0,0.0,0.0,18.0,21.0,,,0.0,,,,,,,,,,,,,,,
ENG-Premier League,2324,Brighton,Danny Welbeck,ENG,"FW,MF",32.0,1990.0,29.0,21.0,1693.0,18.8,5.0,1.0,6.0,5.0,0.0,0.0,4.0,0.0,0.27,0.05,0.32,0.27,0.32,18.8,5.0,41.0,16.0,39.0,2.18,0.85,0.12,0.31,0.0,0.0,58.0,49.5,21,70.0,4,8,28.0,1,1.21,25.0,28.0,-3.0,-0.16,0.05,0.0,12.0,21.0,9.0,3.0,8.0,18.0,,,0.0,,,,,,,,,,,,,,,
ENG-Premier League,2324,Brighton,Evan Ferguson,IRL,FW,18.0,2004.0,27.0,15.0,1367.0,15.2,6.0,0.0,6.0,6.0,0.0,0.0,1.0,0.0,0.4,0.0,0.4,0.4,0.4,15.2,6.0,33.0,20.0,60.6,2.17,1.32,0.18,0.3,0.0,0.0,51.0,40.0,15,71.0,4,12,25.0,1,1.48,25.0,28.0,-3.0,-0.2,-0.02,0.0,23.0,25.0,5.0,1.0,2.0,7.0,,,0.0,,,,,,,,,,,,,,,
ENG-Premier League,2324,Brighton,Facundo Buonanotte,ARG,"MF,FW",18.0,2004.0,27.0,17.0,1364.0,15.2,3.0,1.0,4.0,3.0,0.0,0.0,7.0,0.0,0.2,0.07,0.26,0.2,0.26,15.2,3.0,21.0,9.0,42.9,1.39,0.59,0.14,0.33,0.0,0.0,51.0,39.9,17,65.0,1,10,25.0,6,1.19,19.0,20.0,-1.0,-0.07,0.2,0.0,34.0,41.0,3.0,6.0,7.0,22.0,,,0.0,,,,,,,,,,,,,,,
ENG-Premier League,2324,Brighton,Igor,BRA,DF,25.0,1998.0,24.0,17.0,1637.0,18.2,0.0,0.0,0.0,0.0,0.0,0.0,4.0,0.0,0.0,0.0,0.0,0.0,0.0,18.2,0.0,5.0,0.0,0.0,0.27,0.0,0.0,,0.0,0.0,68.0,47.9,17,82.0,11,7,34.0,10,1.17,22.0,26.0,-4.0,-0.22,-0.07,0.0,21.0,4.0,0.0,1.0,14.0,18.0,,,0.0,,,,,,,,,,,,,,,
ENG-Premier League,2324,Brighton,Jack Hinshelwood,ENG,"DF,MF",18.0,2005.0,12.0,8.0,869.0,9.7,3.0,0.0,3.0,3.0,0.0,0.0,1.0,0.0,0.31,0.0,0.31,0.31,0.31,9.7,3.0,14.0,8.0,57.1,1.45,0.83,0.21,0.38,0.0,0.0,72.0,25.4,8,81.0,3,4,56.0,4,1.33,15.0,17.0,-2.0,-0.21,-0.03,0.0,11.0,3.0,1.0,10.0,14.0,5.0,,,0.0,,,,,,,,,,,,,,,
ENG-Premier League,2324,Brighton,Jakub Moder,POL,"MF,DF",24.0,1999.0,17.0,6.0,618.0,6.9,0.0,0.0,0.0,0.0,0.0,0.0,2.0,0.0,0.0,0.0,0.0,0.0,0.0,6.9,0.0,11.0,3.0,27.3,1.6,0.44,0.0,0.0,0.0,0.0,36.0,18.1,6,73.0,1,11,16.0,10,1.35,6.0,13.0,-7.0,-1.02,-1.02,0.0,8.0,5.0,2.0,6.0,1.0,10.0,,,0.0,,,,,,,,,,,,,,,
ENG-Premier League,2324,Brighton,James Milner,ENG,"DF,MF",37.0,1986.0,15.0,11.0,773.0,8.6,0.0,2.0,2.0,0.0,0.0,0.0,3.0,0.0,0.0,0.23,0.23,0.0,0.23,8.6,0.0,5.0,1.0,20.0,0.58,0.12,0.0,0.0,0.0,0.0,52.0,22.6,11,63.0,1,4,20.0,2,1.47,10.0,12.0,-2.0,-0.23,-0.06,0.0,11.0,4.0,3.0,29.0,8.0,14.0,,,0.0,,,,,,,,,,,,,,,
ENG-Premier League,2324,Brighton,Jan Paul van Hecke,NED,DF,23.0,2000.0,28.0,26.0,2369.0,26.3,0.0,0.0,0.0,0.0,0.0,0.0,4.0,0.0,0.0,0.0,0.0,0.0,0.0,26.3,0.0,15.0,6.0,40.0,0.57,0.23,0.0,0.0,0.0,0.0,85.0,69.3,26,90.0,26,2,15.0,4,1.32,40.0,38.0,2.0,0.08,0.85,0.0,14.0,17.0,0.0,4.0,30.0,25.0,,,0.0,,,,,,,,,,,,,,,
ENG-Premier League,2324,Brighton,Jason Steele,ENG,GK,32.0,1990.0,17.0,17.0,1530.0,17.0,0.0,0.0,0.0,0.0,0.0,0.0,0.0,0.0,0.0,0.0,0.0,0.0,0.0,17.0,0.0,0.0,0.0,,0.0,0.0,,,0.0,0.0,90.0,44.7,17,90.0,17,0,,21,1.12,24.0,34.0,-10.0,-0.59,-0.73,0.0,0.0,1.0,0.0,0.0,0.0,0.0,,,0.0,34.0,2.0,77.0,43.0,55.8,5.0,4.0,8.0,2.0,11.8,3.0,3.0,0.0,0.0,0.0
ENG-Premier League,2324,Brighton,João Pedro,BRA,"MF,FW",21.0,2001.0,31.0,19.0,2045.0,22.7,9.0,3.0,12.0,5.0,4.0,5.0,2.0,0.0,0.4,0.13,0.53,0.22,0.35,22.7,9.0,75.0,26.0,34.7,3.3,1.14,0.12,0.35,4.0,5.0,66.0,59.8,19,85.0,9,12,36.0,0,1.29,32.0,38.0,-6.0,-0.26,-0.2,0.0,19.0,60.0,11.0,29.0,10.0,15.0,,,0.0,,,,,,,,,,,,,,,
ENG-Premier League,2324,Brighton,Joël Veltman,NED,DF,31.0,1992.0,27.0,17.0,1588.0,17.6,1.0,1.0,2.0,1.0,0.0,0.0,4.0,0.0,0.06,0.06,0.11,0.06,0.11,17.6,1.0,6.0,3.0,50.0,0.34,0.17,0.17,0.33,0.0,0.0,59.0,46.4,17,80.0,13,10,22.0,2,1.3,28.0,32.0,-4.0,-0.23,-0.08,0.0,16.0,42.0,1.0,11.0,18.0,41.0,,,0.0,,,,,,,,,,,,,,,
ENG-Premier League,2324,Brighton,Julio Enciso,PAR,MF,19.0,2004.0,12.0,5.0,475.0,5.3,0.0,2.0,2.0,0.0,0.0,0.0,2.0,0.0,0.0,0.38,0.38,0.0,0.38,5.3,0.0,28.0,8.0,28.6,5.31,1.52,0.0,0.0,0.0,0.0,40.0,13.9,5,65.0,0,7,22.0,1,1.25,8.0,11.0,-3.0,-0.57,-0.45,0.0,6.0,10.0,1.0,8.0,0.0,2.0,,,0.0,,,,,,,,,,,,,,,
ENG-Premier League,2324,Brighton,Kaoru Mitoma,JPN,"MF,FW",26.0,1997.0,19.0,15.0,1486.0,16.5,3.0,4.0,7.0,3.0,0.0,0.0,4.0,0.0,0.18,0.24,0.42,0.18,0.42,16.5,3.0,34.0,15.0,44.1,2.06,0.91,0.09,0.2,0.0,0.0,78.0,43.5,15,88.0,12,4,42.0,0,1.42,31.0,27.0,4.0,0.24,0.75,0.0,14.0,23.0,7.0,45.0,5.0,5.0,,,0.0,,,,,,,,,,,,,,,
ENG-Premier League,2324,Brighton,Lewis Dunk,ENG,DF,31.0,1991.0,33.0,33.0,2869.0,31.9,3.0,1.0,4.0,3.0,0.0,0.0,7.0,1.0,0.09,0.03,0.13,0.09,0.13,31.9,3.0,33.0,12.0,36.4,1.04,0.38,0.09,0.25,0.0,0.0,87.0,83.9,33,87.0,29,0,,0,1.3,49.0,52.0,-3.0,-0.09,0.56,0.0,23.0,12.0,1.0,7.0,31.0,16.0,,,0.0,,,,,,,,,,,,,,,
ENG-Premier League,2324,Brighton,Mahmoud Dahoud,GER,MF,27.0,1996.0,9.0,6.0,452.0,5.0,0.0,1.0,1.0,0.0,0.0,0.0,1.0,1.0,0.0,0.2,0.2,0.0,0.2,5.0,0.0,6.0,1.0,16.7,1.19,0.2,0.0,0.0,0.0,0.0,50.0,13.2,6,68.0,0,3,16.0,8,2.11,10.0,5.0,5.0,1.0,1.36,0.0,6.0,2.0,0.0,3.0,1.0,4.0,,,0.0,,,,,,,,,,,,,,,
ENG-Premier League,2324,Brighton,Mark O'Mahony,IRL,FW,18.0,2005.0,3.0,1.0,63.0,0.7,0.0,0.0,0.0,0.0,0.0,0.0,1.0,0.0,0.0,0.0,0.0,0.0,0.0,0.7,0.0,1.0,0.0,0.0,1.43,0.0,0.0,,0.0,0.0,21.0,1.8,1,45.0,0,2,9.0,8,0.33,0.0,1.0,-1.0,-1.43,-1.27,0.0,1.0,0.0,0.0,0.0,0.0,0.0,,,0.0,,,,,,,,,,,,,,,
ENG-Premier League,2324,Brighton,Odeluga Offiah,ENG,DF,20.0,2002.0,4.0,1.0,128.0,1.4,0.0,0.0,0.0,0.0,0.0,0.0,0.0,0.0,0.0,0.0,0.0,0.0,0.0,1.4,0.0,0.0,0.0,,0.0,0.0,,,0.0,0.0,32.0,3.7,1,73.0,0,3,18.0,4,0.25,1.0,3.0,-2.0,-1.41,-1.27,0.0,2.0,2.0,0.0,3.0,1.0,0.0,,,0.0,,,,,,,,,,,,,,,
ENG-Premier League,2324,Brighton,Pascal Groß,GER,"MF,DF",32.0,1991.0,36.0,34.0,3114.0,34.6,4.0,10.0,14.0,3.0,1.0,1.0,6.0,0.0,0.12,0.29,0.4,0.09,0.38,34.6,4.0,55.0,20.0,36.4,1.59,0.58,0.07,0.2,1.0,1.0,87.0,91.1,34,90.0,32,2,33.0,0,1.25,50.0,50.0,0.0,0.0,2.06,0.0,23.0,27.0,3.0,240.0,21.0,46.0,,,0.0,,,,,,,,,,,,,,,
ENG-Premier League,2324,Brighton,Pervis Estupiñán,ECU,"DF,MF",25.0,1998.0,19.0,15.0,1243.0,13.8,2.0,3.0,5.0,2.0,0.0,0.0,4.0,0.0,0.14,0.22,0.36,0.14,0.36,13.8,2.0,11.0,6.0,54.5,0.8,0.43,0.18,0.33,0.0,0.0,65.0,36.3,15,76.0,9,4,24.0,1,1.47,23.0,26.0,-3.0,-0.22,-0.05,0.0,22.0,17.0,5.0,65.0,20.0,13.0,,,1.0,,,,,,,,,,,,,,,
ENG-Premier League,2324,Brighton,Simon Adingra,CIV,MF,21.0,2002.0,31.0,25.0,2222.0,24.7,6.0,1.0,7.0,6.0,0.0,0.0,3.0,0.0,0.24,0.04,0.28,0.24,0.28,24.7,6.0,52.0,22.0,42.3,2.11,0.89,0.12,0.27,0.0,0.0,72.0,65.0,25,83.0,10,6,26.0,1,1.19,34.0,38.0,-4.0,-0.16,0.06,0.0,29.0,19.0,18.0,76.0,21.0,20.0,,,0.0,,,,,,,,,,,,,,,
ENG-Premier League,2324,Brighton,Solly March,ENG,"MF,DF",29.0,1994.0,7.0,7.0,554.0,6.2,3.0,1.0,4.0,3.0,0.0,0.0,1.0,0.0,0.49,0.16,0.65,0.49,0.65,6.2,3.0,14.0,6.0,42.9,2.27,0.97,0.21,0.5,0.0,0.0,79.0,16.2,7,79.0,2,0,,1,1.43,13.0,11.0,2.0,0.32,0.61,0.0,11.0,8.0,7.0,21.0,11.0,13.0,,,0.0,,,,,,,,,,,,,,,
ENG-Premier League,2324,Brighton,Tariq Lamptey,GHA,"DF,MF",22.0,2000.0,19.0,10.0,914.0,10.2,0.0,3.0,3.0,0.0,0.0,0.0,3.0,0.0,0.0,0.3,0.3,0.0,0.3,10.2,0.0,6.0,0.0,0.0,0.59,0.0,0.0,,0.0,0.0,48.0,26.7,10,67.0,1,9,27.0,0,1.32,12.0,20.0,-8.0,-0.79,-0.82,0.0,11.0,18.0,3.0,32.0,5.0,14.0,,,0.0,,,,,,,,,,,,,,,
ENG-Premier League,2324,Brighton,Valentín Barco,ARG,DF,19.0,2004.0,6.0,3.0,307.0,3.4,0.0,0.0,0.0,0.0,0.0,0.0,1.0,0.0,0.0,0.0,0.0,0.0,0.0,3.4,0.0,4.0,2.0,50.0,1.17,0.59,0.0,0.0,0.0,0.0,51.0,9.0,3,87.0,2,3,16.0,4,0.5,1.0,9.0,-8.0,-2.35,-2.37,0.0,7.0,7.0,0.0,30.0,4.0,5.0,,,0.0,,,,,,,,,,,,,,,
ENG-Premier League,2324,Burnley,Aaron Ramsey,ENG,MF,20.0,2003.0,14.0,5.0,527.0,5.9,0.0,0.0,0.0,0.0,0.0,0.0,1.0,0.0,0.0,0.0,0.0,0.0,0.0,5.9,0.0,6.0,2.0,33.3,1.02,0.34,0.0,0.0,0.0,0.0,38.0,15.4,5,68.0,0,9,21.0,3,0.36,4.0,17.0,-13.0,-2.22,-1.47,0.0,7.0,3.0,1.0,2.0,1.0,14.0,,,0.0,,,,,,,,,,,,,,,
ENG-Premier League,2324,Burnley,Ameen Al-Dakhil,BEL,DF,21.0,2002.0,13.0,12.0,1056.0,11.7,1.0,0.0,1.0,1.0,0.0,0.0,1.0,0.0,0.09,0.0,0.09,0.09,0.09,11.7,1.0,8.0,3.0,37.5,0.68,0.26,0.13,0.33,0.0,0.0,81.0,30.9,12,86.0,11,1,21.0,2,0.38,10.0,26.0,-16.0,-1.36,-0.56,0.0,6.0,4.0,0.0,3.0,11.0,5.0,,,1.0,,,,,,,,,,,,,,,
ENG-Premier League,2324,Burnley,Anass Zaroury,MAR,FW,22.0,2000.0,6.0,1.0,152.0,1.7,0.0,0.0,0.0,0.0,0.0,0.0,0.0,1.0,0.0,0.0,0.0,0.0,0.0,1.7,0.0,3.0,1.0,33.3,1.78,0.59,0.0,0.0,0.0,0.0,25.0,4.4,1,67.0,0,5,17.0,7,0.17,2.0,4.0,-2.0,-1.18,-0.22,0.0,4.0,3.0,0.0,11.0,0.0,0.0,,,0.0,,,,,,,,,,,,,,,
ENG-Premier League,2324,Burnley,Arijanet Muric,KVX,GK,24.0,1998.0,10.0,10.0,900.0,10.0,0.0,0.0,0.0,0.0,0.0,0.0,0.0,0.0,0.0,0.0,0.0,0.0,0.0,10.0,0.0,0.0,0.0,,0.0,0.0,,,0.0,0.0,90.0,26.3,10,90.0,10,0,,25,1.0,14.0,16.0,-2.0,-0.2,1.05,0.0,0.0,3.0,0.0,0.0,0.0,1.0,,,1.0,16.0,1.6,79.0,63.0,79.7,2.0,4.0,4.0,0.0,0.0,2.0,1.0,1.0,0.0,50.0
ENG-Premier League,2324,Burnley,Benson Manuel,ANG,MF,26.0,1997.0,8.0,1.0,116.0,1.3,0.0,0.0,0.0,0.0,0.0,0.0,0.0,0.0,0.0,0.0,0.0,0.0,0.0,1.3,0.0,4.0,2.0,50.0,3.1,1.55,0.0,0.0,0.0,0.0,15.0,3.4,1,45.0,0,7,10.0,13,0.13,0.0,5.0,-5.0,-3.88,-3.01,0.0,1.0,4.0,0.0,9.0,0.0,2.0,,,0.0,,,,,,,,,,,,,,,
ENG-Premier League,2324,Burnley,Charlie Taylor,ENG,DF,29.0,1993.0,28.0,25.0,2331.0,25.9,1.0,1.0,2.0,1.0,0.0,0.0,8.0,0.0,0.04,0.04,0.08,0.04,0.08,25.9,1.0,10.0,1.0,10.0,0.39,0.04,0.1,1.0,0.0,0.0,83.0,68.2,25,88.0,22,3,40.0,2,0.75,31.0,46.0,-15.0,-0.58,1.24,0.0,20.0,16.0,2.0,71.0,21.0,20.0,,,0.0,,,,,,,,,,,,,,,
ENG-Premier League,2324,Burnley,Connor Roberts,WAL,DF,27.0,1995.0,14.0,8.0,823.0,9.1,0.0,1.0,1.0,0.0,0.0,0.0,5.0,1.0,0.0,0.11,0.11,0.0,0.11,9.1,0.0,0.0,0.0,,0.0,0.0,,,0.0,0.0,59.0,24.1,8,88.0,6,6,20.0,5,0.64,7.0,22.0,-15.0,-1.64,-0.88,1.0,5.0,9.0,3.0,10.0,4.0,5.0,,,0.0,,,,,,,,,,,,,,,
ENG-Premier League,2324,Burnley,Dara O'Shea,IRL,DF,24.0,1999.0,33.0,32.0,2892.0,32.1,3.0,4.0,7.0,3.0,0.0,0.0,5.0,1.0,0.09,0.12,0.22,0.09,0.22,32.1,3.0,19.0,5.0,26.3,0.59,0.16,0.16,0.6,0.0,0.0,88.0,84.6,32,89.0,29,1,45.0,1,0.58,36.0,71.0,-35.0,-1.09,-0.75,0.0,36.0,15.0,1.0,11.0,33.0,18.0,,,1.0,,,,,,,,,,,,,,,
ENG-Premier League,2324,Burnley,David Datro Fofana,CIV,FW,20.0,2002.0,15.0,10.0,879.0,9.8,4.0,1.0,5.0,4.0,0.0,0.0,1.0,0.0,0.41,0.1,0.51,0.41,0.51,9.8,4.0,19.0,10.0,52.6,1.95,1.02,0.21,0.4,0.0,0.0,59.0,25.7,10,80.0,5,5,15.0,1,0.73,10.0,18.0,-8.0,-0.82,0.21,0.0,16.0,10.0,10.0,3.0,1.0,5.0,,,0.0,,,,,,,,,,,,,,,
ENG-Premier League,2324,Burnley,Han-Noah Massengo,FRA,MF,22.0,2001.0,3.0,0.0,16.0,0.2,0.0,0.0,0.0,0.0,0.0,0.0,0.0,0.0,0.0,0.0,0.0,0.0,0.0,0.2,0.0,0.0,0.0,,0.0,0.0,,,0.0,0.0,5.0,0.5,0,,0,3,5.0,5,0.33,2.0,0.0,2.0,11.25,12.28,0.0,0.0,0.0,0.0,2.0,0.0,1.0,,,0.0,,,,,,,,,,,,,,,
ENG-Premier League,2324,Burnley,Hannes Delcroix,HAI,DF,24.0,1999.0,12.0,5.0,589.0,6.5,0.0,0.0,0.0,0.0,0.0,0.0,2.0,0.0,0.0,0.0,0.0,0.0,0.0,6.5,0.0,4.0,2.0,50.0,0.61,0.31,0.0,0.0,0.0,0.0,49.0,17.2,5,86.0,4,7,23.0,10,0.67,6.0,25.0,-19.0,-2.9,-2.33,0.0,6.0,0.0,0.0,5.0,12.0,6.0,,,0.0,,,,,,,,,,,,,,,
ENG-Premier League,2324,Burnley,Hjalmar Ekdal,SWE,DF,24.0,1998.0,8.0,5.0,437.0,4.9,0.0,0.0,0.0,0.0,0.0,0.0,2.0,0.0,0.0,0.0,0.0,0.0,0.0,4.9,0.0,2.0,1.0,50.0,0.41,0.21,0.0,0.0,0.0,0.0,55.0,12.8,5,75.0,0,3,21.0,12,0.88,2.0,7.0,-5.0,-1.03,-0.06,0.0,8.0,2.0,0.0,0.0,6.0,2.0,,,0.0,,,,,,,,,,,,,,,
ENG-Premier League,2324,Burnley,Jack Cork,ENG,"DF,MF",34.0,1989.0,4.0,0.0,27.0,0.3,0.0,0.0,0.0,0.0,0.0,0.0,0.0,0.0,0.0,0.0,0.0,0.0,0.0,0.3,0.0,0.0,0.0,,0.0,0.0,,,0.0,0.0,7.0,0.8,0,,0,4,7.0,18,0.25,1.0,0.0,1.0,3.33,4.34,0.0,4.0,1.0,0.0,1.0,1.0,0.0,,,0.0,,,,,,,,,,,,,,,
ENG-Premier League,2324,Burnley,Jacob Bruun Larsen,DEN,MF,24.0,1998.0,32.0,16.0,1249.0,13.9,6.0,0.0,6.0,5.0,1.0,1.0,1.0,0.0,0.43,0.0,0.43,0.36,0.36,13.9,6.0,44.0,16.0,36.4,3.17,1.15,0.14,0.38,1.0,1.0,39.0,36.5,16,64.0,0,16,14.0,5,0.69,15.0,24.0,-9.0,-0.65,0.51,0.0,12.0,7.0,11.0,61.0,8.0,4.0,,,0.0,,,,,,,,,,,,,,,
ENG-Premier League,2324,Burnley,James Trafford,ENG,GK,20.0,2002.0,28.0,28.0,2520.0,28.0,0.0,0.0,0.0,0.0,0.0,0.0,2.0,0.0,0.0,0.0,0.0,0.0,0.0,28.0,0.0,0.0,0.0,,0.0,0.0,,,0.0,0.0,90.0,73.7,28,90.0,28,0,,8,0.5,27.0,62.0,-35.0,-1.25,-1.05,0.0,0.0,5.0,0.0,0.0,1.0,1.0,,,0.0,62.0,2.21,168.0,106.0,63.1,3.0,5.0,20.0,2.0,7.1,5.0,5.0,0.0,0.0,0.0
ENG-Premier League,2324,Burnley,Jay Rodriguez,ENG,FW,34.0,1989.0,21.0,7.0,822.0,9.1,2.0,1.0,3.0,1.0,1.0,1.0,0.0,0.0,0.22,0.11,0.33,0.11,0.22,9.1,2.0,22.0,8.0,36.4,2.41,0.88,0.09,0.25,1.0,1.0,39.0,24.0,7,80.0,4,14,19.0,14,0.62,11.0,18.0,-7.0,-0.77,0.27,0.0,18.0,6.0,7.0,2.0,1.0,9.0,,,0.0,,,,,,,,,,,,,,,
ENG-Premier League,2324,Burnley,Jordan Beyer,GER,DF,23.0,2000.0,15.0,15.0,1234.0,13.7,0.0,1.0,1.0,0.0,0.0,0.0,6.0,0.0,0.0,0.07,0.07,0.0,0.07,13.7,0.0,5.0,0.0,0.0,0.36,0.0,0.0,,0.0,0.0,82.0,36.1,15,82.0,10,0,,0,0.73,14.0,23.0,-9.0,-0.66,0.5,0.0,11.0,6.0,0.0,0.0,17.0,19.0,,,0.0,,,,,,,,,,,,,,,
ENG-Premier League,2324,Burnley,Josh Brownhill,ENG,MF,27.0,1995.0,33.0,23.0,2252.0,25.0,4.0,2.0,6.0,4.0,0.0,0.0,4.0,1.0,0.16,0.08,0.24,0.16,0.24,25.0,4.0,28.0,11.0,39.3,1.12,0.44,0.14,0.36,0.0,0.0,68.0,65.8,23,87.0,18,10,26.0,4,0.67,27.0,52.0,-25.0,-1.0,-0.07,0.0,38.0,25.0,2.0,57.0,33.0,35.0,,,0.0,,,,,,,,,,,,,,,
ENG-Premier League,2324,Burnley,Josh Cullen,IRL,MF,27.0,1996.0,25.0,23.0,2057.0,22.9,2.0,3.0,5.0,2.0,0.0,0.0,9.0,0.0,0.09,0.13,0.22,0.09,0.22,22.9,2.0,16.0,5.0,31.3,0.7,0.22,0.13,0.4,0.0,0.0,82.0,60.1,23,87.0,18,2,30.0,8,0.64,25.0,48.0,-23.0,-1.01,-0.08,0.0,24.0,49.0,1.0,26.0,14.0,26.0,,,0.0,,,,,,,,,,,,,,,
ENG-Premier League,2324,Burnley,Jóhann Berg Guðmundsson,ISL,MF,32.0,1990.0,26.0,12.0,1192.0,13.2,1.0,3.0,4.0,1.0,0.0,0.0,2.0,0.0,0.08,0.23,0.3,0.08,0.3,13.2,1.0,15.0,6.0,40.0,1.13,0.45,0.07,0.17,0.0,0.0,46.0,34.9,12,68.0,1,14,27.0,5,0.5,20.0,25.0,-5.0,-0.38,0.92,0.0,9.0,20.0,2.0,70.0,15.0,4.0,,,0.0,,,,,,,,,,,,,,,
ENG-Premier League,2324,Burnley,Lorenz Assignon,TOG,DF,23.0,2000.0,15.0,15.0,1234.0,13.7,1.0,2.0,3.0,1.0,0.0,0.0,5.0,1.0,0.07,0.15,0.22,0.07,0.22,13.7,1.0,9.0,4.0,44.4,0.66,0.29,0.11,0.25,0.0,0.0,82.0,36.1,15,82.0,10,0,,0,0.73,14.0,30.0,-16.0,-1.17,-0.3,1.0,33.0,16.0,2.0,28.0,17.0,17.0,,,0.0,,,,,,,,,,,,,,,
ENG-Premier League,2324,Burnley,Luca Koleosho,ITA,"MF,FW",18.0,2004.0,15.0,13.0,974.0,10.8,1.0,1.0,2.0,1.0,0.0,0.0,0.0,0.0,0.09,0.09,0.18,0.09,0.18,10.8,1.0,23.0,5.0,21.7,2.13,0.46,0.04,0.2,0.0,0.0,65.0,28.5,13,69.0,0,2,38.0,0,0.47,11.0,23.0,-12.0,-1.11,-0.19,0.0,18.0,13.0,8.0,23.0,2.0,5.0,,,0.0,,,,,,,,,,,,,,,
ENG-Premier League,2324,Burnley,Lyle Foster,RSA,"FW,MF",22.0,2000.0,24.0,22.0,1899.0,21.1,5.0,3.0,8.0,5.0,0.0,0.0,0.0,1.0,0.24,0.14,0.38,0.24,0.38,21.1,5.0,34.0,17.0,50.0,1.61,0.81,0.15,0.29,0.0,0.0,79.0,55.5,22,84.0,10,2,24.0,0,0.79,22.0,43.0,-21.0,-1.0,-0.05,0.0,24.0,11.0,13.0,3.0,1.0,10.0,,,0.0,,,,,,,,,,,,,,,
ENG-Premier League,2324,Burnley,Maxime Estève,FRA,DF,21.0,2002.0,16.0,15.0,1309.0,14.5,0.0,0.0,0.0,0.0,0.0,0.0,6.0,0.0,0.0,0.0,0.0,0.0,0.0,14.5,0.0,7.0,0.0,0.0,0.48,0.0,0.0,,0.0,0.0,82.0,38.3,15,84.0,12,1,45.0,0,0.75,18.0,28.0,-10.0,-0.69,0.46,0.0,25.0,16.0,0.0,5.0,28.0,11.0,,,0.0,,,,,,,,,,,,,,,
ENG-Premier League,2324,Burnley,Michael Obafemi,IRL,FW,23.0,2000.0,2.0,0.0,20.0,0.2,0.0,0.0,0.0,0.0,0.0,0.0,0.0,0.0,0.0,0.0,0.0,0.0,0.0,0.2,0.0,2.0,0.0,0.0,9.0,0.0,0.0,,0.0,0.0,10.0,0.6,0,,0,2,10.0,4,1.5,1.0,0.0,1.0,4.5,5.51,0.0,0.0,0.0,0.0,0.0,0.0,0.0,,,0.0,,,,,,,,,,,,,,,
ENG-Premier League,2324,Burnley,Mike Trésor,BEL,"MF,FW",24.0,1999.0,16.0,3.0,420.0,4.7,0.0,0.0,0.0,0.0,0.0,0.0,0.0,0.0,0.0,0.0,0.0,0.0,0.0,4.7,0.0,5.0,0.0,0.0,1.07,0.0,0.0,,0.0,0.0,26.0,12.3,3,62.0,0,13,18.0,9,0.63,4.0,10.0,-6.0,-1.29,-0.36,0.0,0.0,3.0,2.0,31.0,1.0,6.0,,,0.0,,,,,,,,,,,,,,,
ENG-Premier League,2324,Burnley,Nathan Redmond,ENG,"FW,MF",29.0,1994.0,12.0,0.0,142.0,1.6,0.0,0.0,0.0,0.0,0.0,0.0,1.0,0.0,0.0,0.0,0.0,0.0,0.0,1.6,0.0,0.0,0.0,,0.0,0.0,,,0.0,0.0,12.0,4.2,0,,0,12,12.0,3,0.58,2.0,5.0,-3.0,-1.9,-0.97,0.0,4.0,2.0,2.0,3.0,0.0,1.0,,,0.0,,,,,,,,,,,,,,,
ENG-Premier League,2324,Burnley,Sander Berge,NOR,MF,25.0,1998.0,37.0,34.0,3005.0,33.4,1.0,2.0,3.0,1.0,0.0,0.0,10.0,1.0,0.03,0.06,0.09,0.03,0.09,33.4,1.0,25.0,3.0,12.0,0.75,0.09,0.04,0.33,0.0,0.0,81.0,87.9,34,86.0,28,3,26.0,0,0.62,36.0,69.0,-33.0,-0.99,-0.12,1.0,40.0,19.0,1.0,12.0,24.0,47.0,,,0.0,,,,,,,,,,,,,,,
ENG-Premier League,2324,Burnley,Vitinho,BRA,"DF,MF",24.0,1999.0,32.0,26.0,2314.0,25.7,0.0,2.0,2.0,0.0,0.0,0.0,1.0,0.0,0.0,0.08,0.08,0.0,0.08,25.7,0.0,25.0,4.0,16.0,0.97,0.16,0.0,0.0,0.0,0.0,72.0,67.7,26,85.0,16,6,20.0,2,0.63,31.0,43.0,-12.0,-0.47,1.57,0.0,27.0,28.0,6.0,55.0,9.0,34.0,,,0.0,,,,,,,,,,,,,,,
ENG-Premier League,2324,Burnley,Wilson Odobert,FRA,"MF,FW",18.0,2004.0,29.0,25.0,2098.0,23.3,3.0,2.0,5.0,3.0,0.0,0.0,3.0,0.0,0.13,0.09,0.21,0.13,0.21,23.3,3.0,49.0,14.0,28.6,2.1,0.6,0.06,0.21,0.0,0.0,72.0,61.3,25,82.0,11,4,10.0,4,0.59,25.0,48.0,-23.0,-0.99,-0.03,0.0,9.0,19.0,1.0,35.0,6.0,13.0,,,0.0,,,,,,,,,,,,,,,
ENG-Premier League,2324,Burnley,Zeki Amdouni,SUI,FW,22.0,2000.0,34.0,27.0,1953.0,21.7,5.0,1.0,6.0,4.0,1.0,1.0,2.0,0.0,0.23,0.05,0.28,0.18,0.23,21.7,5.0,49.0,22.0,44.9,2.26,1.01,0.1,0.23,1.0,1.0,57.0,57.1,27,69.0,2,7,14.0,4,0.62,20.0,41.0,-21.0,-0.97,0.01,0.0,22.0,39.0,2.0,7.0,10.0,19.0,,,0.0,,,,,,,,,,,,,,,
ENG-Premier League,2324,Chelsea,Alex Matos,ENG,MF,18.0,2004.0,1.0,0.0,1.0,0.0,0.0,0.0,0.0,0.0,0.0,0.0,0.0,0.0,0.0,0.0,0.0,0.0,0.0,0.0,0.0,0.0,0.0,,0.0,0.0,,,0.0,0.0,1.0,0.0,0,,0,1,1.0,12,3.0,0.0,0.0,0.0,0.0,-0.37,0.0,0.0,0.0,0.0,0.0,0.0,0.0,,,0.0,,,,,,,,,,,,,,,
ENG-Premier League,2324,Chelsea,Alfie Gilchrist,ENG,DF,19.0,2003.0,11.0,2.0,207.0,2.3,1.0,0.0,1.0,1.0,0.0,0.0,1.0,0.0,0.43,0.0,0.43,0.43,0.43,2.3,1.0,5.0,1.0,20.0,2.17,0.43,0.2,1.0,0.0,0.0,19.0,6.1,2,81.0,0,9,5.0,14,2.27,8.0,6.0,2.0,0.87,0.53,0.0,4.0,0.0,0.0,1.0,3.0,0.0,,,0.0,,,,,,,,,,,,,,,
ENG-Premier League,2324,Chelsea,Armando Broja,ALB,FW,21.0,2001.0,13.0,6.0,454.0,5.0,1.0,0.0,1.0,1.0,0.0,0.0,0.0,0.0,0.2,0.0,0.2,0.2,0.2,5.0,1.0,13.0,2.0,15.4,2.58,0.4,0.08,0.5,0.0,0.0,35.0,13.3,6,60.0,0,7,14.0,1,1.69,8.0,5.0,3.0,0.59,0.26,0.0,4.0,8.0,6.0,1.0,0.0,0.0,,,0.0,,,,,,,,,,,,,,,
ENG-Premier League,2324,Chelsea,Axel Disasi,FRA,DF,25.0,1998.0,31.0,29.0,2579.0,28.7,2.0,0.0,2.0,2.0,0.0,0.0,6.0,0.0,0.07,0.0,0.07,0.07,0.07,28.7,2.0,16.0,4.0,25.0,0.56,0.14,0.13,0.5,0.0,0.0,83.0,75.4,29,89.0,27,2,5.0,4,1.52,50.0,50.0,0.0,0.0,-1.5,0.0,17.0,17.0,4.0,10.0,17.0,19.0,,,1.0,,,,,,,,,,,,,,,
ENG-Premier League,2324,Chelsea,Ben Chilwell,ENG,"MF,DF",26.0,1996.0,13.0,9.0,756.0,8.4,0.0,1.0,1.0,0.0,0.0,0.0,5.0,0.0,0.0,0.12,0.12,0.0,0.12,8.4,0.0,12.0,4.0,33.3,1.43,0.48,0.0,0.0,0.0,0.0,58.0,22.1,9,77.0,3,4,17.0,1,1.23,13.0,14.0,-1.0,-0.12,-0.63,0.0,11.0,12.0,4.0,43.0,4.0,10.0,,,0.0,,,,,,,,,,,,,,,
ENG-Premier League,2324,Chelsea,Benoît Badiashile,FRA,DF,22.0,2001.0,18.0,15.0,1338.0,14.9,0.0,1.0,1.0,0.0,0.0,0.0,3.0,0.0,0.0,0.07,0.07,0.0,0.07,14.9,0.0,6.0,1.0,16.7,0.4,0.07,0.0,0.0,0.0,0.0,74.0,39.1,15,88.0,13,3,7.0,7,1.67,31.0,30.0,1.0,0.07,-0.49,0.0,17.0,6.0,1.0,2.0,18.0,15.0,,,1.0,,,,,,,,,,,,,,,
ENG-Premier League,2324,Chelsea,Carney Chukwuemeka,AUT,MF,19.0,2003.0,9.0,2.0,227.0,2.5,1.0,1.0,2.0,1.0,0.0,0.0,2.0,0.0,0.4,0.4,0.79,0.4,0.79,2.5,1.0,3.0,2.0,66.7,1.19,0.79,0.33,0.5,0.0,0.0,25.0,6.6,2,63.0,0,7,15.0,4,1.56,7.0,5.0,2.0,0.79,0.45,0.0,3.0,2.0,0.0,1.0,0.0,4.0,,,0.0,,,,,,,,,,,,,,,
ENG-Premier League,2324,Chelsea,Cesare Casadei,ITA,MF,20.0,2003.0,11.0,0.0,79.0,0.9,0.0,0.0,0.0,0.0,0.0,0.0,0.0,0.0,0.0,0.0,0.0,0.0,0.0,0.9,0.0,0.0,0.0,,0.0,0.0,,,0.0,0.0,7.0,2.3,0,,0,11,7.0,6,1.91,2.0,2.0,0.0,0.0,-0.38,0.0,4.0,1.0,0.0,0.0,0.0,3.0,,,0.0,,,,,,,,,,,,,,,
ENG-Premier League,2324,Chelsea,Christopher Nkunku,FRA,"MF,FW",25.0,1997.0,11.0,2.0,443.0,4.9,3.0,0.0,3.0,3.0,0.0,0.0,0.0,0.0,0.61,0.0,0.61,0.61,0.61,4.9,3.0,16.0,9.0,56.3,3.25,1.83,0.19,0.33,0.0,0.0,40.0,13.0,2,71.0,0,9,34.0,1,2.0,12.0,12.0,0.0,0.0,-0.42,0.0,8.0,7.0,3.0,4.0,2.0,4.0,,,0.0,,,,,,,,,,,,,,,
ENG-Premier League,2324,Chelsea,Cole Palmer,ENG,"MF,FW",21.0,2002.0,33.0,29.0,2607.0,29.0,22.0,11.0,33.0,13.0,9.0,9.0,7.0,0.0,0.76,0.38,1.14,0.45,0.83,29.0,22.0,108.0,46.0,42.6,3.73,1.59,0.2,0.48,9.0,9.0,79.0,76.2,29,86.0,14,4,26.0,0,1.7,66.0,46.0,20.0,0.69,1.35,0.0,23.0,26.0,6.0,81.0,19.0,12.0,,,0.0,,,,,,,,,,,,,,,
ENG-Premier League,2324,Chelsea,Conor Gallagher,ENG,MF,23.0,2000.0,37.0,37.0,3128.0,34.8,5.0,7.0,12.0,5.0,0.0,0.0,9.0,1.0,0.14,0.2,0.35,0.14,0.35,34.8,5.0,48.0,18.0,37.5,1.38,0.52,0.1,0.28,0.0,0.0,85.0,91.5,37,85.0,28,0,,0,1.7,69.0,54.0,15.0,0.43,0.74,1.0,83.0,64.0,1.0,64.0,40.0,49.0,,,0.0,,,,,,,,,,,,,,,
ENG-Premier League,2324,Chelsea,Deivid Washington,BRA,FW,18.0,2005.0,2.0,0.0,13.0,0.1,0.0,0.0,0.0,0.0,0.0,0.0,0.0,0.0,0.0,0.0,0.0,0.0,0.0,0.1,0.0,1.0,0.0,0.0,6.92,0.0,0.0,,0.0,0.0,7.0,0.4,0,,0,2,7.0,17,1.5,1.0,1.0,0.0,0.0,-0.37,0.0,0.0,0.0,0.0,0.0,0.0,1.0,,,0.0,,,,,,,,,,,,,,,
ENG-Premier League,2324,Chelsea,Enzo Fernández,ARG,MF,22.0,2001.0,28.0,26.0,2209.0,24.5,3.0,2.0,5.0,2.0,1.0,2.0,7.0,0.0,0.12,0.08,0.2,0.08,0.16,24.5,3.0,47.0,16.0,34.0,1.91,0.65,0.06,0.19,1.0,2.0,79.0,64.6,26,84.0,18,2,16.0,0,1.46,41.0,47.0,-6.0,-0.24,-1.73,0.0,32.0,31.0,4.0,45.0,17.0,24.0,,,0.0,,,,,,,,,,,,,,,
ENG-Premier League,2324,Chelsea,Ian Maatsen,NED,MF,21.0,2002.0,12.0,1.0,209.0,2.3,0.0,0.0,0.0,0.0,0.0,0.0,1.0,0.0,0.0,0.0,0.0,0.0,0.0,2.3,0.0,5.0,1.0,20.0,2.15,0.43,0.0,0.0,0.0,0.0,17.0,6.1,1,57.0,0,11,14.0,8,1.67,2.0,5.0,-3.0,-1.29,-1.77,0.0,5.0,1.0,0.0,8.0,3.0,2.0,,,0.0,,,,,,,,,,,,,,,
ENG-Premier League,2324,Chelsea,Jimi Tauriainen,ENG,FW,19.0,2004.0,1.0,0.0,1.0,0.0,0.0,0.0,0.0,0.0,0.0,0.0,0.0,0.0,0.0,0.0,0.0,0.0,0.0,0.0,0.0,0.0,0.0,,0.0,0.0,,,0.0,0.0,1.0,0.0,0,,0,1,1.0,4,3.0,0.0,0.0,0.0,0.0,-0.37,0.0,0.0,0.0,0.0,0.0,0.0,0.0,,,0.0,,,,,,,,,,,,,,,
ENG-Premier League,2324,Chelsea,Joshua Acheampong,ENG,DF,17.0,2006.0,1.0,0.0,6.0,0.1,0.0,0.0,0.0,0.0,0.0,0.0,0.0,0.0,0.0,0.0,0.0,0.0,0.0,0.1,0.0,0.0,0.0,,0.0,0.0,,,0.0,0.0,6.0,0.2,0,,0,1,6.0,3,3.0,0.0,0.0,0.0,0.0,-0.37,0.0,0.0,0.0,0.0,0.0,0.0,0.0,,,0.0,,,,,,,,,,,,,,,
ENG-Premier League,2324,Chelsea,Lesley Ugochukwu,FRA,MF,19.0,2004.0,12.0,3.0,301.0,3.3,0.0,0.0,0.0,0.0,0.0,0.0,2.0,0.0,0.0,0.0,0.0,0.0,0.0,3.3,0.0,0.0,0.0,,0.0,0.0,,,0.0,0.0,25.0,8.8,3,72.0,1,9,9.0,5,1.5,3.0,6.0,-3.0,-0.9,-1.39,0.0,4.0,2.0,0.0,0.0,1.0,10.0,,,0.0,,,,,,,,,,,,,,,
ENG-Premier League,2324,Chelsea,Levi Colwill,ENG,DF,20.0,2003.0,23.0,20.0,1797.0,20.0,1.0,1.0,2.0,1.0,0.0,0.0,2.0,0.0,0.05,0.05,0.1,0.05,0.1,20.0,1.0,11.0,3.0,27.3,0.55,0.15,0.09,0.33,0.0,0.0,78.0,52.5,20,84.0,15,3,37.0,4,1.52,29.0,26.0,3.0,0.15,-0.46,0.0,25.0,14.0,4.0,12.0,25.0,33.0,,,0.0,,,,,,,,,,,,,,,
ENG-Premier League,2324,Chelsea,Malo Gusto,FRA,"DF,MF",20.0,2003.0,27.0,19.0,1751.0,19.5,0.0,6.0,6.0,0.0,0.0,0.0,7.0,1.0,0.0,0.31,0.31,0.0,0.31,19.5,0.0,15.0,5.0,33.3,0.77,0.26,0.0,0.0,0.0,0.0,65.0,51.2,19,83.0,8,8,21.0,1,1.81,38.0,27.0,11.0,0.57,0.4,0.0,22.0,29.0,6.0,64.0,17.0,29.0,,,0.0,,,,,,,,,,,,,,,
ENG-Premier League,2324,Chelsea,Marc Cucurella,ESP,DF,25.0,1998.0,21.0,20.0,1782.0,19.8,0.0,2.0,2.0,0.0,0.0,0.0,10.0,0.0,0.0,0.1,0.1,0.0,0.1,19.8,0.0,8.0,4.0,50.0,0.4,0.2,0.0,0.0,0.0,0.0,85.0,52.1,20,87.0,16,1,45.0,6,1.81,50.0,33.0,17.0,0.86,1.02,0.0,23.0,35.0,1.0,17.0,21.0,39.0,,,1.0,,,,,,,,,,,,,,,
ENG-Premier League,2324,Chelsea,Mason Burstow,ENG,FW,19.0,2003.0,2.0,0.0,9.0,0.1,0.0,0.0,0.0,0.0,0.0,0.0,0.0,0.0,0.0,0.0,0.0,0.0,0.0,0.1,0.0,0.0,0.0,,0.0,0.0,,,0.0,0.0,5.0,0.3,0,,0,2,5.0,1,1.5,0.0,1.0,-1.0,-10.0,-10.4,0.0,0.0,0.0,0.0,0.0,0.0,0.0,,,0.0,,,,,,,,,,,,,,,
ENG-Premier League,2324,Chelsea,Moisés Caicedo,ECU,MF,21.0,2001.0,35.0,33.0,2866.0,31.8,1.0,3.0,4.0,1.0,0.0,0.0,11.0,0.0,0.03,0.09,0.13,0.03,0.13,31.8,1.0,13.0,4.0,30.8,0.41,0.13,0.08,0.25,0.0,0.0,82.0,83.8,33,85.0,23,2,26.0,0,1.74,67.0,51.0,16.0,0.5,0.83,0.0,49.0,49.0,0.0,10.0,34.0,46.0,,,0.0,,,,,,,,,,,,,,,
ENG-Premier League,2324,Chelsea,Mykhailo Mudryk,UKR,MF,22.0,2001.0,31.0,18.0,1576.0,17.5,5.0,2.0,7.0,5.0,0.0,0.0,5.0,0.0,0.29,0.11,0.4,0.29,0.4,17.5,5.0,35.0,12.0,34.3,2.0,0.69,0.14,0.42,0.0,0.0,51.0,46.1,18,71.0,2,13,23.0,4,1.52,40.0,28.0,12.0,0.69,0.59,0.0,22.0,27.0,1.0,79.0,9.0,13.0,,,0.0,,,,,,,,,,,,,,,
ENG-Premier League,2324,Chelsea,Nicolas Jackson,SEN,FW,22.0,2001.0,35.0,31.0,2799.0,31.1,14.0,5.0,19.0,14.0,0.0,0.0,10.0,0.0,0.45,0.16,0.61,0.45,0.61,31.1,14.0,80.0,41.0,51.3,2.57,1.32,0.18,0.34,0.0,0.0,80.0,81.8,31,86.0,17,4,31.0,0,1.63,64.0,47.0,17.0,0.55,0.98,0.0,29.0,40.0,28.0,6.0,4.0,14.0,,,0.0,,,,,,,,,,,,,,,
ENG-Premier League,2324,Chelsea,Noni Madueke,ENG,MF,21.0,2002.0,23.0,13.0,1053.0,11.7,5.0,2.0,7.0,4.0,1.0,1.0,2.0,0.0,0.43,0.17,0.6,0.34,0.51,11.7,5.0,32.0,13.0,40.6,2.74,1.11,0.16,0.38,1.0,1.0,46.0,30.8,13,70.0,2,10,14.0,10,1.74,28.0,18.0,10.0,0.85,0.7,0.0,8.0,19.0,3.0,22.0,4.0,11.0,,,0.0,,,,,,,,,,,,,,,
ENG-Premier League,2324,Chelsea,Raheem Sterling,ENG,MF,28.0,1994.0,31.0,22.0,1978.0,22.0,8.0,4.0,12.0,8.0,0.0,0.0,7.0,0.0,0.36,0.18,0.55,0.36,0.55,22.0,8.0,51.0,22.0,43.1,2.32,1.0,0.16,0.36,0.0,0.0,64.0,57.8,22,82.0,9,9,20.0,3,1.48,41.0,39.0,2.0,0.09,-0.66,0.0,35.0,41.0,10.0,59.0,10.0,9.0,,,0.0,,,,,,,,,,,,,,,
ENG-Premier League,2324,Chelsea,Reece James,ENG,"DF,MF",23.0,1999.0,10.0,5.0,419.0,4.7,0.0,2.0,2.0,0.0,0.0,0.0,2.0,2.0,0.0,0.43,0.43,0.0,0.43,4.7,0.0,7.0,1.0,14.3,1.5,0.21,0.0,0.0,0.0,0.0,42.0,12.3,5,62.0,0,5,21.0,0,1.2,8.0,10.0,-2.0,-0.43,-0.91,1.0,4.0,5.0,2.0,28.0,3.0,9.0,,,0.0,,,,,,,,,,,,,,,
ENG-Premier League,2324,Chelsea,Robert Sánchez,ESP,GK,25.0,1997.0,16.0,16.0,1433.0,15.9,0.0,0.0,0.0,0.0,0.0,0.0,2.0,0.0,0.0,0.0,0.0,0.0,0.0,15.9,0.0,0.0,0.0,,0.0,0.0,,,0.0,0.0,90.0,41.9,16,90.0,15,0,,2,1.19,26.0,25.0,1.0,0.06,-0.53,0.0,0.0,1.0,0.0,0.0,0.0,0.0,,,0.0,25.0,1.57,77.0,52.0,67.5,5.0,4.0,7.0,3.0,18.8,3.0,2.0,1.0,0.0,33.3
ENG-Premier League,2324,Chelsea,Roméo Lavia,BEL,MF,19.0,2004.0,1.0,0.0,33.0,0.4,0.0,0.0,0.0,0.0,0.0,0.0,0.0,0.0,0.0,0.0,0.0,0.0,0.0,0.4,0.0,0.0,0.0,,0.0,0.0,,,0.0,0.0,33.0,1.0,0,,0,1,33.0,1,3.0,1.0,0.0,1.0,2.73,2.38,0.0,1.0,1.0,0.0,0.0,0.0,0.0,,,0.0,,,,,,,,,,,,,,,
ENG-Premier League,2324,Chelsea,Thiago Silva,BRA,DF,38.0,1984.0,31.0,28.0,2527.0,28.1,3.0,1.0,4.0,3.0,0.0,0.0,4.0,0.0,0.11,0.04,0.14,0.11,0.14,28.1,3.0,14.0,4.0,28.6,0.5,0.14,0.21,0.75,0.0,0.0,82.0,73.9,28,89.0,25,3,15.0,5,1.65,58.0,45.0,13.0,0.46,0.36,0.0,10.0,7.0,1.0,4.0,25.0,15.0,,,0.0,,,,,,,,,,,,,,,
ENG-Premier League,2324,Chelsea,Trevoh Chalobah,ENG,DF,24.0,1999.0,13.0,10.0,952.0,10.6,1.0,0.0,1.0,1.0,0.0,0.0,1.0,0.0,0.09,0.0,0.09,0.09,0.09,10.6,1.0,2.0,2.0,100.0,0.19,0.19,0.5,0.5,0.0,0.0,73.0,27.8,10,89.0,9,3,20.0,1,2.15,31.0,14.0,17.0,1.61,1.72,0.0,3.0,3.0,0.0,0.0,8.0,12.0,,,0.0,,,,,,,,,,,,,,,
ENG-Premier League,2324,Chelsea,Đorđe Petrović,SRB,GK,23.0,1999.0,23.0,22.0,1987.0,22.1,0.0,0.0,0.0,0.0,0.0,0.0,2.0,0.0,0.0,0.0,0.0,0.0,0.0,22.1,0.0,0.0,0.0,,0.0,0.0,,,0.0,0.0,86.0,58.1,22,90.0,22,1,7.0,12,1.91,51.0,38.0,13.0,0.59,0.53,0.0,0.0,1.0,0.0,0.0,0.0,0.0,,,0.0,38.0,1.72,112.0,74.0,66.1,13.0,5.0,4.0,4.0,18.2,2.0,1.0,0.0,1.0,0.0
ENG-Premier League,2324,Crystal Palace,Adam Wharton,ENG,MF,19.0,2004.0,16.0,15.0,1297.0,14.4,0.0,3.0,3.0,0.0,0.0,0.0,2.0,0.0,0.0,0.21,0.21,0.0,0.21,14.4,0.0,10.0,1.0,10.0,0.69,0.07,0.0,0.0,0.0,0.0,81.0,37.9,15,82.0,6,1,63.0,0,1.56,27.0,16.0,11.0,0.76,1.27,0.0,18.0,21.0,0.0,25.0,18.0,31.0,,,0.0,,,,,,,,,,,,,,,
ENG-Premier League,2324,Crystal Palace,Cheick Doucouré,MLI,MF,23.0,2000.0,11.0,11.0,919.0,10.2,0.0,0.0,0.0,0.0,0.0,0.0,2.0,0.0,0.0,0.0,0.0,0.0,0.0,10.2,0.0,6.0,2.0,33.3,0.59,0.2,0.0,0.0,0.0,0.0,84.0,26.9,11,84.0,8,0,,1,1.27,9.0,11.0,-2.0,-0.2,-0.23,0.0,10.0,1.0,0.0,1.0,19.0,16.0,,,0.0,,,,,,,,,,,,,,,
ENG-Premier League,2324,Crystal Palace,Chris Richards,USA,"DF,MF",23.0,2000.0,26.0,23.0,2094.0,23.3,1.0,1.0,2.0,1.0,0.0,0.0,3.0,0.0,0.04,0.04,0.09,0.04,0.09,23.3,1.0,11.0,3.0,27.3,0.47,0.13,0.09,0.33,0.0,0.0,81.0,61.2,23,90.0,23,3,8.0,9,1.46,43.0,38.0,5.0,0.21,0.62,0.0,12.0,6.0,1.0,1.0,24.0,27.0,,,0.0,,,,,,,,,,,,,,,
ENG-Premier League,2324,Crystal Palace,Daniel Muñoz,COL,"MF,DF",27.0,1996.0,16.0,16.0,1439.0,16.0,0.0,4.0,4.0,0.0,0.0,0.0,4.0,0.0,0.0,0.25,0.25,0.0,0.25,16.0,0.0,8.0,0.0,0.0,0.5,0.0,0.0,,0.0,0.0,90.0,42.1,16,90.0,15,0,,0,1.56,32.0,22.0,10.0,0.63,1.13,0.0,29.0,8.0,8.0,10.0,23.0,36.0,,,0.0,,,,,,,,,,,,,,,
ENG-Premier League,2324,Crystal Palace,David Ozoh,ENG,MF,18.0,2005.0,9.0,0.0,156.0,1.7,0.0,0.0,0.0,0.0,0.0,0.0,1.0,0.0,0.0,0.0,0.0,0.0,0.0,1.7,0.0,0.0,0.0,,0.0,0.0,,,0.0,0.0,17.0,4.6,0,,0,9,17.0,15,1.0,2.0,5.0,-3.0,-1.73,-1.79,0.0,2.0,0.0,0.0,0.0,0.0,6.0,,,0.0,,,,,,,,,,,,,,,
ENG-Premier League,2324,Crystal Palace,Dean Henderson,ENG,GK,26.0,1997.0,18.0,18.0,1620.0,18.0,0.0,0.0,0.0,0.0,0.0,0.0,2.0,0.0,0.0,0.0,0.0,0.0,0.0,18.0,0.0,0.0,0.0,,0.0,0.0,,,0.0,0.0,90.0,47.4,18,90.0,18,0,,7,1.56,36.0,30.0,6.0,0.33,0.68,0.0,0.0,2.0,0.0,0.0,0.0,1.0,,,1.0,30.0,1.67,87.0,57.0,65.5,8.0,4.0,6.0,2.0,11.1,1.0,1.0,0.0,0.0,0.0
ENG-Premier League,2324,Crystal Palace,Eberechi Eze,ENG,"MF,FW",25.0,1998.0,27.0,24.0,2055.0,22.8,11.0,4.0,15.0,10.0,1.0,1.0,3.0,0.0,0.48,0.18,0.66,0.44,0.61,22.8,11.0,83.0,34.0,41.0,3.64,1.49,0.13,0.32,1.0,1.0,76.0,60.1,24,83.0,12,3,18.0,0,1.56,41.0,28.0,13.0,0.57,1.49,0.0,27.0,48.0,11.0,109.0,11.0,17.0,,,0.0,,,,,,,,,,,,,,,
ENG-Premier League,2324,Crystal Palace,James Tomkins,ENG,"DF,MF",34.0,1989.0,4.0,0.0,10.0,0.1,0.0,0.0,0.0,0.0,0.0,0.0,0.0,0.0,0.0,0.0,0.0,0.0,0.0,0.1,0.0,0.0,0.0,,0.0,0.0,,,0.0,0.0,3.0,0.3,0,,0,4,3.0,24,2.25,0.0,2.0,-2.0,-18.0,-18.03,0.0,0.0,0.0,0.0,0.0,0.0,0.0,,,0.0,,,,,,,,,,,,,,,
ENG-Premier League,2324,Crystal Palace,Jaïro Riedewald,NED,MF,26.0,1996.0,9.0,2.0,235.0,2.6,0.0,0.0,0.0,0.0,0.0,0.0,0.0,0.0,0.0,0.0,0.0,0.0,0.0,2.6,0.0,1.0,0.0,0.0,0.38,0.0,0.0,,0.0,0.0,26.0,6.9,2,77.0,0,7,12.0,20,2.33,2.0,3.0,-1.0,-0.38,-0.38,0.0,3.0,2.0,0.0,3.0,2.0,3.0,,,0.0,,,,,,,,,,,,,,,
ENG-Premier League,2324,Crystal Palace,Jean-Philippe Mateta,FRA,FW,26.0,1997.0,35.0,25.0,2282.0,25.4,16.0,5.0,21.0,14.0,2.0,2.0,3.0,0.0,0.63,0.2,0.83,0.55,0.75,25.4,16.0,46.0,29.0,63.0,1.81,1.14,0.35,0.55,2.0,2.0,65.0,66.7,25,83.0,13,10,21.0,2,1.23,46.0,44.0,2.0,0.08,0.32,0.0,35.0,22.0,24.0,20.0,4.0,16.0,,,0.0,,,,,,,,,,,,,,,
ENG-Premier League,2324,Crystal Palace,Jefferson Lerma,COL,"MF,DF",28.0,1994.0,28.0,27.0,2400.0,26.7,1.0,1.0,2.0,1.0,0.0,0.0,8.0,0.0,0.04,0.04,0.07,0.04,0.07,26.7,1.0,34.0,9.0,26.5,1.27,0.34,0.03,0.11,0.0,0.0,86.0,70.2,27,88.0,22,1,15.0,0,1.07,32.0,46.0,-14.0,-0.52,-1.67,0.0,43.0,25.0,4.0,15.0,36.0,25.0,,,0.0,,,,,,,,,,,,,,,
ENG-Premier League,2324,Crystal Palace,Jeffrey Schlupp,GHA,"MF,FW",30.0,1992.0,29.0,17.0,1352.0,15.0,2.0,2.0,4.0,2.0,0.0,0.0,1.0,0.0,0.13,0.13,0.27,0.13,0.27,15.0,2.0,19.0,11.0,57.9,1.26,0.73,0.11,0.18,0.0,0.0,47.0,39.5,17,70.0,2,12,14.0,3,1.34,12.0,25.0,-13.0,-0.87,-1.39,0.0,24.0,15.0,0.0,11.0,7.0,21.0,,,0.0,,,,,,,,,,,,,,,
ENG-Premier League,2324,Crystal Palace,Jesurun Rak Sakyi,GHA,"FW,MF",20.0,2002.0,6.0,0.0,136.0,1.5,0.0,0.0,0.0,0.0,0.0,0.0,0.0,0.0,0.0,0.0,0.0,0.0,0.0,1.5,0.0,5.0,1.0,20.0,3.31,0.66,0.0,0.0,0.0,0.0,23.0,4.0,0,,0,6,23.0,7,0.33,1.0,3.0,-2.0,-1.32,-1.35,0.0,1.0,5.0,0.0,3.0,3.0,1.0,,,0.0,,,,,,,,,,,,,,,
ENG-Premier League,2324,Crystal Palace,Joachim Andersen,DEN,DF,27.0,1996.0,38.0,38.0,3415.0,37.9,2.0,3.0,5.0,2.0,0.0,0.0,7.0,0.0,0.05,0.08,0.13,0.05,0.13,37.9,2.0,21.0,8.0,38.1,0.55,0.21,0.1,0.25,0.0,0.0,90.0,99.9,38,90.0,36,0,,0,1.29,57.0,58.0,-1.0,-0.03,-0.03,0.0,43.0,24.0,1.0,32.0,42.0,36.0,,,0.0,,,,,,,,,,,,,,,
ENG-Premier League,2324,Crystal Palace,Joel Ward,ENG,DF,33.0,1989.0,26.0,23.0,1980.0,22.0,0.0,1.0,1.0,0.0,0.0,0.0,4.0,0.0,0.0,0.05,0.05,0.0,0.05,22.0,0.0,10.0,0.0,0.0,0.45,0.0,0.0,,0.0,0.0,76.0,57.9,23,85.0,19,3,6.0,5,1.19,23.0,34.0,-11.0,-0.5,-1.12,0.0,22.0,6.0,0.0,22.0,13.0,28.0,,,1.0,,,,,,,,,,,,,,,
ENG-Premier League,2324,Crystal Palace,Jordan Ayew,GHA,"MF,FW",31.0,1991.0,35.0,30.0,2543.0,28.3,4.0,7.0,11.0,4.0,0.0,0.0,9.0,1.0,0.14,0.25,0.39,0.14,0.39,28.3,4.0,48.0,20.0,41.7,1.7,0.71,0.08,0.2,0.0,0.0,73.0,74.4,30,82.0,17,5,19.0,1,1.29,33.0,37.0,-4.0,-0.14,-0.45,1.0,47.0,93.0,7.0,97.0,17.0,37.0,,,0.0,,,,,,,,,,,,,,,
ENG-Premier League,2324,Crystal Palace,Marc Guéhi,ENG,DF,23.0,2000.0,25.0,23.0,2021.0,22.5,0.0,1.0,1.0,0.0,0.0,0.0,2.0,0.0,0.0,0.04,0.04,0.0,0.04,22.5,0.0,5.0,0.0,0.0,0.22,0.0,0.0,,0.0,0.0,81.0,59.1,23,86.0,19,2,17.0,0,1.32,30.0,32.0,-2.0,-0.09,-0.15,0.0,14.0,26.0,0.0,3.0,15.0,16.0,,,0.0,,,,,,,,,,,,,,,
ENG-Premier League,2324,Crystal Palace,Matheus França,BRA,MF,19.0,2004.0,10.0,1.0,232.0,2.6,0.0,1.0,1.0,0.0,0.0,0.0,1.0,0.0,0.0,0.39,0.39,0.0,0.39,2.6,0.0,8.0,2.0,25.0,3.1,0.78,0.0,0.0,0.0,0.0,23.0,6.8,1,83.0,0,9,17.0,9,0.7,7.0,7.0,0.0,0.0,0.03,0.0,5.0,2.0,2.0,14.0,1.0,3.0,,,0.0,,,,,,,,,,,,,,,
ENG-Premier League,2324,Crystal Palace,Michael Olise,FRA,"MF,FW",21.0,2001.0,19.0,14.0,1275.0,14.2,10.0,6.0,16.0,9.0,1.0,1.0,0.0,0.0,0.71,0.42,1.13,0.64,1.06,14.2,10.0,57.0,21.0,36.8,4.02,1.48,0.18,0.48,1.0,1.0,67.0,37.3,14,85.0,9,5,18.0,0,1.47,34.0,19.0,15.0,1.06,1.73,0.0,13.0,43.0,2.0,95.0,9.0,10.0,,,0.0,,,,,,,,,,,,,,,
ENG-Premier League,2324,Crystal Palace,Naouirou Ahamada,FRA,MF,21.0,2002.0,20.0,0.0,349.0,3.9,0.0,0.0,0.0,0.0,0.0,0.0,4.0,1.0,0.0,0.0,0.0,0.0,0.0,3.9,0.0,9.0,2.0,22.2,2.32,0.52,0.0,0.0,0.0,0.0,17.0,10.2,0,,0,20,17.0,14,0.85,13.0,14.0,-1.0,-0.26,-0.26,1.0,9.0,6.0,1.0,6.0,2.0,9.0,,,0.0,,,,,,,,,,,,,,,
ENG-Premier League,2324,Crystal Palace,Nathaniel Clyne,ENG,DF,32.0,1991.0,19.0,14.0,1338.0,14.9,0.0,0.0,0.0,0.0,0.0,0.0,0.0,0.0,0.0,0.0,0.0,0.0,0.0,14.9,0.0,4.0,0.0,0.0,0.27,0.0,0.0,,0.0,0.0,70.0,39.1,14,87.0,10,5,24.0,18,1.53,31.0,16.0,15.0,1.01,1.7,0.0,6.0,3.0,0.0,9.0,9.0,15.0,,,0.0,,,,,,,,,,,,,,,
ENG-Premier League,2324,Crystal Palace,Odsonne Édouard,FRA,"FW,MF",25.0,1998.0,30.0,17.0,1555.0,17.3,7.0,0.0,7.0,7.0,0.0,0.0,4.0,0.0,0.41,0.0,0.41,0.41,0.41,17.3,7.0,51.0,19.0,37.3,2.95,1.1,0.14,0.37,0.0,0.0,52.0,45.5,17,81.0,5,13,14.0,3,1.23,14.0,24.0,-10.0,-0.58,-1.01,0.0,31.0,22.0,9.0,10.0,5.0,12.0,,,0.0,,,,,,,,,,,,,,,
ENG-Premier League,2324,Crystal Palace,Remi Matthews,ENG,GK,29.0,1994.0,1.0,0.0,4.0,0.0,0.0,0.0,0.0,0.0,0.0,0.0,0.0,0.0,0.0,0.0,0.0,0.0,0.0,0.0,0.0,0.0,0.0,,0.0,0.0,,,0.0,0.0,4.0,0.1,0,,0,1,4.0,28,0.0,0.0,1.0,-1.0,-22.5,-22.5,0.0,0.0,0.0,0.0,0.0,0.0,0.0,,,0.0,1.0,22.5,1.0,0.0,0.0,0.0,0.0,0.0,0.0,,0.0,0.0,0.0,0.0,
ENG-Premier League,2324,Crystal Palace,Sam Johnstone,ENG,GK,30.0,1993.0,20.0,20.0,1796.0,20.0,0.0,0.0,0.0,0.0,0.0,0.0,1.0,0.0,0.0,0.0,0.0,0.0,0.0,20.0,0.0,0.0,0.0,,0.0,0.0,,,0.0,0.0,90.0,52.5,20,90.0,19,0,,4,1.05,21.0,27.0,-6.0,-0.3,-0.58,0.0,1.0,0.0,0.0,0.0,1.0,0.0,,,0.0,27.0,1.35,68.0,41.0,60.3,5.0,6.0,9.0,6.0,30.0,2.0,2.0,0.0,0.0,0.0
ENG-Premier League,2324,Crystal Palace,Tyrick Mitchell,ENG,"DF,MF",23.0,1999.0,37.0,37.0,3204.0,35.6,2.0,3.0,5.0,2.0,0.0,0.0,6.0,0.0,0.06,0.08,0.14,0.06,0.14,35.6,2.0,12.0,4.0,33.3,0.34,0.11,0.17,0.5,0.0,0.0,87.0,93.7,37,87.0,31,0,,0,1.32,52.0,55.0,-3.0,-0.08,-0.92,0.0,22.0,16.0,1.0,69.0,24.0,59.0,,,0.0,,,,,,,,,,,,,,,
ENG-Premier League,2324,Crystal Palace,Will Hughes,ENG,MF,28.0,1995.0,30.0,23.0,1891.0,21.0,0.0,1.0,1.0,0.0,0.0,0.0,6.0,0.0,0.0,0.05,0.05,0.0,0.05,21.0,0.0,8.0,3.0,37.5,0.38,0.14,0.0,0.0,0.0,0.0,63.0,55.3,23,78.0,8,7,15.0,1,1.23,29.0,37.0,-8.0,-0.38,-0.79,0.0,39.0,30.0,1.0,30.0,18.0,33.0,,,0.0,,,,,,,,,,,,,,,
ENG-Premier League,2324,Everton,Abdoulaye Doucouré,MLI,MF,30.0,1993.0,32.0,32.0,2629.0,29.2,7.0,1.0,8.0,7.0,0.0,0.0,7.0,0.0,0.24,0.03,0.27,0.24,0.27,29.2,7.0,47.0,23.0,48.9,1.61,0.79,0.15,0.3,0.0,0.0,82.0,76.9,32,82.0,17,0,,0,1.44,33.0,35.0,-2.0,-0.07,0.96,0.0,53.0,8.0,21.0,26.0,16.0,28.0,,,0.0,,,,,,,,,,,,,,,
ENG-Premier League,2324,Everton,Alex Iwobi,NGA,MF,27.0,1996.0,2.0,2.0,140.0,1.6,0.0,0.0,0.0,0.0,0.0,0.0,0.0,0.0,0.0,0.0,0.0,0.0,0.0,1.6,0.0,4.0,2.0,50.0,2.57,1.29,0.0,0.0,0.0,0.0,70.0,4.1,2,70.0,1,0,,0,0.0,0.0,4.0,-4.0,-2.57,-2.38,0.0,0.0,0.0,3.0,10.0,1.0,0.0,,,0.0,,,,,,,,,,,,,,,
ENG-Premier League,2324,Everton,Amadou Onana,BEL,MF,21.0,2001.0,30.0,23.0,2091.0,23.2,2.0,0.0,2.0,2.0,0.0,0.0,5.0,0.0,0.09,0.0,0.09,0.09,0.09,23.2,2.0,29.0,6.0,20.7,1.25,0.26,0.07,0.33,0.0,0.0,70.0,61.1,23,83.0,16,7,27.0,1,1.1,21.0,37.0,-16.0,-0.69,-1.03,0.0,37.0,45.0,1.0,3.0,19.0,39.0,,,0.0,,,,,,,,,,,,,,,
ENG-Premier League,2324,Everton,André Gomes,POR,MF,30.0,1993.0,12.0,3.0,508.0,5.6,1.0,0.0,1.0,1.0,0.0,0.0,4.0,0.0,0.18,0.0,0.18,0.18,0.18,5.6,1.0,8.0,4.0,50.0,1.42,0.71,0.13,0.25,0.0,0.0,42.0,14.9,3,73.0,1,9,32.0,4,0.92,6.0,7.0,-1.0,-0.18,0.13,0.0,17.0,5.0,0.0,27.0,3.0,4.0,,,0.0,,,,,,,,,,,,,,,
ENG-Premier League,2324,Everton,Arnaut Danjuma,NED,"MF,FW",26.0,1997.0,14.0,5.0,595.0,6.6,1.0,0.0,1.0,1.0,0.0,0.0,0.0,0.0,0.15,0.0,0.15,0.15,0.15,6.6,1.0,25.0,9.0,36.0,3.78,1.36,0.04,0.11,0.0,0.0,43.0,17.4,5,84.0,2,9,19.0,14,0.43,3.0,10.0,-7.0,-1.06,-0.93,0.0,6.0,5.0,3.0,10.0,3.0,4.0,,,0.0,,,,,,,,,,,,,,,
ENG-Premier League,2324,Everton,Ashley Young,ENG,"DF,MF",38.0,1985.0,31.0,27.0,2280.0,25.3,0.0,0.0,0.0,0.0,0.0,0.0,7.0,1.0,0.0,0.0,0.0,0.0,0.0,25.3,0.0,13.0,2.0,15.4,0.51,0.08,0.0,0.0,0.0,0.0,74.0,66.7,27,81.0,14,4,21.0,1,1.32,28.0,33.0,-5.0,-0.2,0.28,1.0,33.0,24.0,1.0,98.0,22.0,36.0,,,1.0,,,,,,,,,,,,,,,
ENG-Premier League,2324,Everton,Ben Godfrey,ENG,DF,25.0,1998.0,15.0,13.0,1120.0,12.4,0.0,0.0,0.0,0.0,0.0,0.0,2.0,0.0,0.0,0.0,0.0,0.0,0.0,12.4,0.0,15.0,4.0,26.7,1.21,0.32,0.0,0.0,0.0,0.0,75.0,32.7,13,86.0,10,2,1.0,23,1.07,12.0,13.0,-1.0,-0.08,0.31,0.0,8.0,6.0,2.0,21.0,16.0,21.0,,,0.0,,,,,,,,,,,,,,,
ENG-Premier League,2324,Everton,Beto,GNB,FW,25.0,1998.0,30.0,9.0,951.0,10.6,3.0,0.0,3.0,3.0,0.0,1.0,2.0,0.0,0.28,0.0,0.28,0.28,0.28,10.6,3.0,43.0,13.0,30.2,4.07,1.23,0.07,0.23,0.0,1.0,32.0,27.8,9,72.0,2,21,15.0,2,1.2,16.0,20.0,-4.0,-0.38,-0.12,0.0,21.0,19.0,10.0,5.0,1.0,6.0,,,0.0,,,,,,,,,,,,,,,
ENG-Premier League,2324,Everton,Dominic Calvert-Lewin,ENG,FW,26.0,1997.0,32.0,26.0,2171.0,24.1,7.0,2.0,9.0,5.0,2.0,2.0,2.0,0.0,0.29,0.08,0.37,0.21,0.29,24.1,7.0,73.0,31.0,42.5,3.03,1.29,0.1,0.23,2.0,2.0,68.0,63.5,26,78.0,4,6,26.0,0,1.28,26.0,27.0,-1.0,-0.04,0.68,0.0,31.0,32.0,24.0,3.0,4.0,6.0,,,0.0,,,,,,,,,,,,,,,
ENG-Premier League,2324,Everton,Dwight McNeil,ENG,MF,23.0,1999.0,35.0,33.0,2892.0,32.1,3.0,6.0,9.0,3.0,0.0,0.0,2.0,0.0,0.09,0.19,0.28,0.09,0.28,32.1,3.0,57.0,15.0,26.3,1.77,0.47,0.05,0.2,0.0,0.0,83.0,84.6,33,86.0,24,2,22.0,0,1.37,37.0,38.0,-1.0,-0.03,1.67,0.0,18.0,33.0,4.0,229.0,20.0,27.0,,,0.0,,,,,,,,,,,,,,,
ENG-Premier League,2324,Everton,Idrissa Gueye,SEN,MF,33.0,1989.0,25.0,24.0,1884.0,20.9,4.0,0.0,4.0,4.0,0.0,0.0,8.0,0.0,0.19,0.0,0.19,0.19,0.19,20.9,4.0,26.0,7.0,26.9,1.24,0.33,0.15,0.57,0.0,0.0,75.0,55.1,24,77.0,12,1,45.0,3,1.36,23.0,26.0,-3.0,-0.14,0.33,0.0,35.0,31.0,0.0,10.0,28.0,41.0,,,0.0,,,,,,,,,,,,,,,
ENG-Premier League,2324,Everton,Jack Harrison,ENG,MF,26.0,1996.0,29.0,25.0,2214.0,24.6,3.0,3.0,6.0,3.0,0.0,0.0,1.0,0.0,0.12,0.12,0.24,0.12,0.24,24.6,3.0,34.0,9.0,26.5,1.38,0.37,0.09,0.33,0.0,0.0,76.0,64.7,25,84.0,17,4,31.0,1,1.38,27.0,25.0,2.0,0.08,1.05,0.0,20.0,31.0,1.0,82.0,11.0,22.0,,,0.0,,,,,,,,,,,,,,,
ENG-Premier League,2324,Everton,James Garner,ENG,MF,22.0,2001.0,37.0,34.0,3004.0,33.4,1.0,2.0,3.0,1.0,0.0,0.0,7.0,0.0,0.03,0.06,0.09,0.03,0.09,33.4,1.0,41.0,11.0,26.8,1.23,0.33,0.02,0.09,0.0,0.0,81.0,87.8,34,86.0,29,3,22.0,0,1.22,36.0,47.0,-11.0,-0.33,-0.33,0.0,39.0,43.0,3.0,113.0,46.0,42.0,,,0.0,,,,,,,,,,,,,,,
ENG-Premier League,2324,Everton,James Tarkowski,ENG,DF,30.0,1992.0,38.0,38.0,3419.0,38.0,1.0,1.0,2.0,1.0,0.0,0.0,11.0,0.0,0.03,0.03,0.05,0.03,0.05,38.0,1.0,25.0,5.0,20.0,0.66,0.13,0.04,0.2,0.0,0.0,90.0,100.0,38,90.0,37,0,,0,1.26,40.0,51.0,-11.0,-0.29,-0.29,0.0,45.0,25.0,1.0,6.0,55.0,42.0,,,0.0,,,,,,,,,,,,,,,
ENG-Premier League,2324,Everton,Jarrad Branthwaite,ENG,DF,21.0,2002.0,35.0,35.0,3116.0,34.6,3.0,0.0,3.0,3.0,0.0,0.0,8.0,0.0,0.09,0.0,0.09,0.09,0.09,34.6,3.0,14.0,4.0,28.6,0.4,0.12,0.21,0.75,0.0,0.0,89.0,91.1,35,89.0,34,0,,2,1.29,38.0,44.0,-6.0,-0.17,1.31,0.0,25.0,19.0,5.0,1.0,48.0,33.0,,,0.0,,,,,,,,,,,,,,,
ENG-Premier League,2324,Everton,Jordan Pickford,ENG,GK,29.0,1994.0,38.0,38.0,3420.0,38.0,0.0,0.0,0.0,0.0,0.0,0.0,5.0,0.0,0.0,0.0,0.0,0.0,0.0,38.0,0.0,0.0,0.0,,0.0,0.0,,,0.0,0.0,90.0,100.0,38,90.0,38,0,,0,1.26,40.0,51.0,-11.0,-0.29,,0.0,1.0,6.0,0.0,0.0,0.0,0.0,,,1.0,51.0,1.34,172.0,121.0,70.3,13.0,9.0,16.0,10.0,26.3,8.0,8.0,0.0,0.0,0.0
ENG-Premier League,2324,Everton,Lewis Dobbin,ENG,MF,20.0,2003.0,12.0,1.0,232.0,2.6,1.0,0.0,1.0,1.0,0.0,0.0,1.0,0.0,0.39,0.0,0.39,0.39,0.39,2.6,1.0,5.0,2.0,40.0,1.94,0.78,0.2,0.5,0.0,0.0,19.0,6.8,1,65.0,0,11,15.0,16,0.92,2.0,3.0,-1.0,-0.39,-0.11,0.0,3.0,6.0,0.0,6.0,1.0,7.0,,,0.0,,,,,,,,,,,,,,,
ENG-Premier League,2324,Everton,Lewis Warrington,ENG,MF,20.0,2002.0,1.0,0.0,1.0,0.0,0.0,0.0,0.0,0.0,0.0,0.0,0.0,0.0,0.0,0.0,0.0,0.0,0.0,0.0,0.0,0.0,0.0,,0.0,0.0,,,0.0,0.0,1.0,0.0,0,,0,1,1.0,7,3.0,0.0,0.0,0.0,0.0,0.29,0.0,0.0,0.0,0.0,0.0,0.0,0.0,,,0.0,,,,,,,,,,,,,,,
ENG-Premier League,2324,Everton,Michael Keane,ENG,DF,30.0,1993.0,9.0,4.0,439.0,4.9,1.0,0.0,1.0,1.0,0.0,0.0,2.0,0.0,0.21,0.0,0.21,0.21,0.21,4.9,1.0,6.0,4.0,66.7,1.23,0.82,0.17,0.25,0.0,0.0,49.0,12.8,4,83.0,3,5,21.0,26,0.67,2.0,13.0,-11.0,-2.26,-2.26,0.0,5.0,0.0,0.0,0.0,5.0,3.0,,,0.0,,,,,,,,,,,,,,,
ENG-Premier League,2324,Everton,Nathan Patterson,SCO,DF,21.0,2001.0,20.0,9.0,1005.0,11.2,0.0,2.0,2.0,0.0,0.0,0.0,4.0,0.0,0.0,0.18,0.18,0.0,0.18,11.2,0.0,4.0,0.0,0.0,0.36,0.0,0.0,,0.0,0.0,50.0,29.4,9,87.0,8,11,20.0,12,1.05,12.0,21.0,-9.0,-0.81,-0.73,0.0,18.0,5.0,1.0,32.0,11.0,25.0,,,0.0,,,,,,,,,,,,,,,
ENG-Premier League,2324,Everton,Neal Maupay,FRA,FW,26.0,1996.0,2.0,1.0,111.0,1.2,0.0,0.0,0.0,0.0,0.0,0.0,0.0,0.0,0.0,0.0,0.0,0.0,0.0,1.2,0.0,5.0,4.0,80.0,4.05,3.24,0.0,0.0,0.0,0.0,56.0,3.2,1,71.0,0,1,40.0,1,0.0,0.0,1.0,-1.0,-0.81,-0.54,0.0,1.0,0.0,2.0,0.0,0.0,0.0,,,0.0,,,,,,,,,,,,,,,
ENG-Premier League,2324,Everton,Séamus Coleman,IRL,DF,34.0,1988.0,12.0,7.0,665.0,7.4,0.0,0.0,0.0,0.0,0.0,0.0,0.0,0.0,0.0,0.0,0.0,0.0,0.0,7.4,0.0,0.0,0.0,,0.0,0.0,,,0.0,0.0,55.0,19.4,7,80.0,5,5,21.0,6,1.08,5.0,10.0,-5.0,-0.68,-0.48,0.0,6.0,5.0,0.0,12.0,7.0,14.0,,,1.0,,,,,,,,,,,,,,,
ENG-Premier League,2324,Everton,Tom Cannon,IRL,FW,20.0,2002.0,1.0,0.0,1.0,0.0,0.0,0.0,0.0,0.0,0.0,0.0,0.0,0.0,0.0,0.0,0.0,0.0,0.0,0.0,0.0,0.0,0.0,,0.0,0.0,,,0.0,0.0,1.0,0.0,0,,0,1,1.0,2,0.0,0.0,0.0,0.0,0.0,0.29,0.0,0.0,0.0,0.0,0.0,0.0,0.0,,,0.0,,,,,,,,,,,,,,,
ENG-Premier League,2324,Everton,Tyler Onyango,ENG,MF,20.0,2003.0,1.0,0.0,1.0,0.0,0.0,0.0,0.0,0.0,0.0,0.0,0.0,0.0,0.0,0.0,0.0,0.0,0.0,0.0,0.0,0.0,0.0,,0.0,0.0,,,0.0,0.0,1.0,0.0,0,,0,1,1.0,4,0.0,0.0,0.0,0.0,0.0,0.29,0.0,0.0,0.0,0.0,0.0,0.0,0.0,,,0.0,,,,,,,,,,,,,,,
ENG-Premier League,2324,Everton,Vitaliy Mykolenko,UKR,DF,24.0,1999.0,28.0,28.0,2469.0,27.4,2.0,0.0,2.0,2.0,0.0,0.0,1.0,0.0,0.07,0.0,0.07,0.07,0.07,27.4,2.0,26.0,5.0,19.2,0.95,0.18,0.08,0.4,0.0,0.0,88.0,72.2,28,88.0,25,0,,4,1.32,30.0,37.0,-7.0,-0.26,0.12,0.0,23.0,9.0,1.0,56.0,34.0,37.0,,,0.0,,,,,,,,,,,,,,,
ENG-Premier League,2324,Everton,Youssef Chermiti,POR,FW,19.0,2004.0,18.0,1.0,208.0,2.3,0.0,0.0,0.0,0.0,0.0,0.0,3.0,0.0,0.0,0.0,0.0,0.0,0.0,2.3,0.0,7.0,2.0,28.6,3.03,0.87,0.0,0.0,0.0,0.0,12.0,6.1,1,89.0,0,17,7.0,18,1.33,3.0,4.0,-1.0,-0.43,-0.15,0.0,11.0,4.0,6.0,0.0,1.0,2.0,,,0.0,,,,,,,,,,,,,,,
ENG-Premier League,2324,Fulham,Adama Traoré,ESP,MF,27.0,1996.0,17.0,1.0,377.0,4.2,2.0,3.0,5.0,2.0,0.0,0.0,2.0,0.0,0.48,0.72,1.19,0.48,1.19,4.2,2.0,11.0,7.0,63.6,2.63,1.67,0.18,0.29,0.0,0.0,22.0,11.0,1,78.0,0,16,19.0,2,1.06,11.0,13.0,-2.0,-0.48,-0.36,0.0,5.0,4.0,0.0,26.0,1.0,3.0,,,0.0,,,,,,,,,,,,,,,
ENG-Premier League,2324,Fulham,Aleksandar Mitrović,SRB,FW,28.0,1994.0,1.0,0.0,33.0,0.4,0.0,0.0,0.0,0.0,0.0,0.0,0.0,0.0,0.0,0.0,0.0,0.0,0.0,0.4,0.0,2.0,1.0,50.0,5.45,2.73,0.0,0.0,0.0,0.0,33.0,1.0,0,,0,1,33.0,0,3.0,1.0,0.0,1.0,2.73,2.91,0.0,0.0,0.0,0.0,0.0,0.0,0.0,,,0.0,,,,,,,,,,,,,,,
ENG-Premier League,2324,Fulham,Alex Iwobi,NGA,MF,27.0,1996.0,30.0,25.0,2192.0,24.4,5.0,2.0,7.0,5.0,0.0,0.0,2.0,0.0,0.21,0.08,0.29,0.21,0.29,24.4,5.0,51.0,18.0,35.3,2.09,0.74,0.1,0.28,0.0,0.0,73.0,64.1,25,81.0,9,5,34.0,0,1.27,38.0,38.0,0.0,0.0,0.44,0.0,12.0,5.0,5.0,62.0,15.0,16.0,,,0.0,,,,,,,,,,,,,,,
ENG-Premier League,2324,Fulham,Andreas Pereira,BRA,MF,27.0,1996.0,37.0,34.0,2613.0,29.0,3.0,7.0,10.0,3.0,0.0,0.0,6.0,0.0,0.1,0.24,0.34,0.1,0.34,29.0,3.0,52.0,16.0,30.8,1.79,0.55,0.06,0.19,0.0,0.0,71.0,76.4,34,74.0,5,3,28.0,1,1.19,39.0,40.0,-1.0,-0.03,0.52,0.0,22.0,26.0,3.0,219.0,4.0,13.0,,,0.0,,,,,,,,,,,,,,,
ENG-Premier League,2324,Fulham,Antonee Robinson,USA,DF,25.0,1997.0,37.0,37.0,3265.0,36.3,0.0,6.0,6.0,0.0,0.0,0.0,6.0,0.0,0.0,0.17,0.17,0.0,0.17,36.3,0.0,16.0,7.0,43.8,0.44,0.19,0.0,0.0,0.0,0.0,88.0,95.5,37,88.0,32,0,,0,1.19,52.0,60.0,-8.0,-0.22,-1.38,0.0,34.0,20.0,3.0,133.0,81.0,56.0,,,2.0,,,,,,,,,,,,,,,
ENG-Premier League,2324,Fulham,Armando Broja,ALB,FW,21.0,2001.0,8.0,0.0,88.0,1.0,0.0,1.0,1.0,0.0,0.0,0.0,0.0,0.0,0.0,1.02,1.02,0.0,1.02,1.0,0.0,0.0,0.0,,0.0,0.0,,,0.0,0.0,11.0,2.6,0,,0,8,11.0,4,1.38,2.0,4.0,-2.0,-2.05,-1.94,0.0,5.0,3.0,0.0,1.0,0.0,0.0,,,0.0,,,,,,,,,,,,,,,
ENG-Premier League,2324,Fulham,Bernd Leno,GER,GK,31.0,1992.0,38.0,38.0,3420.0,38.0,0.0,0.0,0.0,0.0,0.0,0.0,3.0,0.0,0.0,0.0,0.0,0.0,0.0,38.0,0.0,0.0,0.0,,0.0,0.0,,,0.0,0.0,90.0,100.0,38,90.0,38,0,,0,1.24,55.0,61.0,-6.0,-0.16,,0.0,0.0,3.0,0.0,0.0,0.0,0.0,,,1.0,61.0,1.61,195.0,134.0,68.7,13.0,8.0,17.0,10.0,26.3,8.0,8.0,0.0,0.0,0.0
ENG-Premier League,2324,Fulham,Bobby De Cordova-Reid,JAM,"MF,FW",30.0,1993.0,33.0,17.0,1423.0,15.8,6.0,2.0,8.0,6.0,0.0,0.0,4.0,0.0,0.38,0.13,0.51,0.38,0.51,15.8,6.0,33.0,8.0,24.2,2.09,0.51,0.18,0.75,0.0,0.0,43.0,41.6,17,69.0,1,16,16.0,5,1.24,22.0,29.0,-7.0,-0.44,-0.49,0.0,16.0,25.0,4.0,35.0,5.0,14.0,,,0.0,,,,,,,,,,,,,,,
ENG-Premier League,2324,Fulham,Calvin Bassey,NGA,DF,23.0,1999.0,29.0,25.0,2303.0,25.6,1.0,0.0,1.0,1.0,0.0,0.0,6.0,1.0,0.04,0.0,0.04,0.04,0.04,25.6,1.0,5.0,2.0,40.0,0.2,0.08,0.2,0.5,0.0,0.0,79.0,67.3,25,90.0,24,4,15.0,4,1.31,44.0,42.0,2.0,0.08,0.72,1.0,15.0,11.0,2.0,3.0,27.0,29.0,,,0.0,,,,,,,,,,,,,,,
ENG-Premier League,2324,Fulham,Carlos Vinícius,BRA,FW,28.0,1995.0,13.0,2.0,315.0,3.5,2.0,0.0,2.0,2.0,0.0,0.0,2.0,0.0,0.57,0.0,0.57,0.57,0.57,3.5,2.0,9.0,5.0,55.6,2.57,1.43,0.22,0.4,0.0,0.0,24.0,9.2,2,61.0,0,11,18.0,7,1.23,6.0,5.0,1.0,0.29,0.49,0.0,4.0,2.0,6.0,1.0,0.0,2.0,,,0.0,,,,,,,,,,,,,,,
ENG-Premier League,2324,Fulham,Fodé Ballo-Touré,SEN,"DF,MF",26.0,1997.0,6.0,0.0,71.0,0.8,0.0,0.0,0.0,0.0,0.0,0.0,1.0,0.0,0.0,0.0,0.0,0.0,0.0,0.8,0.0,0.0,0.0,,0.0,0.0,,,0.0,0.0,12.0,2.1,0,,0,6,12.0,16,2.0,2.0,1.0,1.0,1.27,1.46,0.0,4.0,2.0,0.0,5.0,3.0,2.0,,,0.0,,,,,,,,,,,,,,,
ENG-Premier League,2324,Fulham,Harrison Reed,ENG,MF,28.0,1995.0,27.0,15.0,1325.0,14.7,0.0,2.0,2.0,0.0,0.0,0.0,6.0,0.0,0.0,0.14,0.14,0.0,0.14,14.7,0.0,9.0,2.0,22.2,0.61,0.14,0.0,0.0,0.0,0.0,49.0,38.7,15,78.0,6,12,13.0,10,1.52,22.0,23.0,-1.0,-0.07,0.15,0.0,26.0,10.0,0.0,19.0,9.0,17.0,,,0.0,,,,,,,,,,,,,,,
ENG-Premier League,2324,Fulham,Harry Wilson,WAL,"MF,FW",26.0,1997.0,35.0,16.0,1620.0,18.0,4.0,6.0,10.0,4.0,0.0,0.0,6.0,0.0,0.22,0.33,0.56,0.22,0.56,18.0,4.0,40.0,13.0,32.5,2.22,0.72,0.1,0.31,0.0,0.0,46.0,47.4,16,76.0,5,19,22.0,1,1.26,21.0,30.0,-9.0,-0.5,-0.65,0.0,21.0,40.0,5.0,42.0,9.0,13.0,,,0.0,,,,,,,,,,,,,,,
ENG-Premier League,2324,Fulham,Issa Diop,MAR,DF,26.0,1997.0,18.0,16.0,1424.0,15.8,0.0,0.0,0.0,0.0,0.0,0.0,4.0,1.0,0.0,0.0,0.0,0.0,0.0,15.8,0.0,5.0,1.0,20.0,0.32,0.06,0.0,0.0,0.0,0.0,79.0,41.6,16,88.0,13,2,11.0,3,1.28,12.0,25.0,-13.0,-0.82,-1.14,1.0,17.0,4.0,0.0,0.0,17.0,14.0,,,0.0,,,,,,,,,,,,,,,
ENG-Premier League,2324,Fulham,João Palhinha,POR,MF,28.0,1995.0,33.0,31.0,2699.0,30.0,4.0,1.0,5.0,4.0,0.0,0.0,13.0,0.0,0.13,0.03,0.17,0.13,0.17,30.0,4.0,44.0,13.0,29.5,1.47,0.43,0.09,0.31,0.0,0.0,82.0,78.9,31,86.0,18,2,23.0,0,1.06,43.0,46.0,-3.0,-0.1,0.27,0.0,52.0,56.0,2.0,5.0,48.0,77.0,,,0.0,,,,,,,,,,,,,,,
ENG-Premier League,2324,Fulham,Kenny Tete,NED,DF,27.0,1995.0,14.0,10.0,867.0,9.6,1.0,0.0,1.0,1.0,0.0,0.0,2.0,0.0,0.1,0.0,0.1,0.1,0.1,9.6,1.0,4.0,1.0,25.0,0.42,0.1,0.25,1.0,0.0,0.0,62.0,25.4,10,82.0,5,4,13.0,14,1.07,14.0,21.0,-7.0,-0.73,-0.76,0.0,16.0,12.0,0.0,23.0,16.0,19.0,,,0.0,,,,,,,,,,,,,,,
ENG-Premier League,2324,Fulham,Luke Harris,WAL,MF,18.0,2005.0,1.0,0.0,75.0,0.8,0.0,0.0,0.0,0.0,0.0,0.0,0.0,0.0,0.0,0.0,0.0,0.0,0.0,0.8,0.0,1.0,1.0,100.0,1.2,1.2,0.0,0.0,0.0,0.0,75.0,2.2,0,,0,1,75.0,4,0.0,1.0,5.0,-4.0,-4.8,-4.75,0.0,2.0,2.0,0.0,0.0,0.0,1.0,,,0.0,,,,,,,,,,,,,,,
ENG-Premier League,2324,Fulham,Raúl Jiménez,MEX,FW,32.0,1991.0,24.0,18.0,1395.0,15.5,7.0,0.0,7.0,7.0,0.0,0.0,3.0,1.0,0.45,0.0,0.45,0.45,0.45,15.5,7.0,41.0,17.0,41.5,2.65,1.1,0.17,0.41,0.0,0.0,58.0,40.8,18,71.0,4,6,19.0,5,1.25,25.0,26.0,-1.0,-0.06,0.16,0.0,17.0,21.0,12.0,7.0,4.0,12.0,,,0.0,,,,,,,,,,,,,,,
ENG-Premier League,2324,Fulham,Rodrigo Muniz,BRA,FW,22.0,2001.0,26.0,18.0,1593.0,17.7,9.0,1.0,10.0,9.0,0.0,0.0,1.0,0.0,0.51,0.06,0.56,0.51,0.56,17.7,9.0,73.0,27.0,37.0,4.12,1.53,0.12,0.33,0.0,0.0,61.0,46.6,18,80.0,7,8,18.0,7,1.04,24.0,27.0,-3.0,-0.17,-0.02,0.0,25.0,34.0,4.0,2.0,6.0,4.0,,,0.0,,,,,,,,,,,,,,,
ENG-Premier League,2324,Fulham,Saša Lukić,SRB,MF,26.0,1996.0,24.0,13.0,1122.0,12.5,1.0,0.0,1.0,1.0,0.0,0.0,3.0,0.0,0.08,0.0,0.08,0.08,0.08,12.5,1.0,13.0,3.0,23.1,1.04,0.24,0.08,0.33,0.0,0.0,47.0,32.8,13,77.0,5,11,12.0,9,1.08,14.0,20.0,-6.0,-0.48,-0.48,0.0,27.0,9.0,0.0,3.0,14.0,21.0,,,0.0,,,,,,,,,,,,,,,
ENG-Premier League,2324,Fulham,Tim Ream,USA,DF,35.0,1987.0,18.0,17.0,1503.0,16.7,1.0,0.0,1.0,1.0,0.0,0.0,4.0,1.0,0.06,0.0,0.06,0.06,0.06,16.7,1.0,1.0,1.0,100.0,0.06,0.06,1.0,1.0,0.0,0.0,84.0,43.9,17,87.0,15,1,16.0,13,1.22,24.0,29.0,-5.0,-0.3,-0.25,1.0,8.0,6.0,1.0,1.0,26.0,9.0,,,0.0,,,,,,,,,,,,,,,
ENG-Premier League,2324,Fulham,Timothy Castagne,BEL,DF,27.0,1995.0,34.0,29.0,2634.0,29.3,1.0,3.0,4.0,1.0,0.0,0.0,3.0,0.0,0.03,0.1,0.14,0.03,0.14,29.3,1.0,14.0,5.0,35.7,0.48,0.17,0.07,0.2,0.0,0.0,77.0,77.0,29,88.0,25,5,16.0,1,1.26,41.0,40.0,1.0,0.03,0.84,0.0,22.0,11.0,3.0,50.0,37.0,25.0,,,0.0,,,,,,,,,,,,,,,
ENG-Premier League,2324,Fulham,Tom Cairney,SCO,MF,32.0,1991.0,34.0,14.0,1488.0,16.5,1.0,4.0,5.0,1.0,0.0,0.0,3.0,0.0,0.06,0.24,0.3,0.06,0.3,16.5,1.0,17.0,8.0,47.1,1.03,0.48,0.06,0.13,0.0,0.0,44.0,43.5,14,77.0,6,20,21.0,4,1.18,28.0,27.0,1.0,0.06,0.39,0.0,15.0,23.0,0.0,25.0,12.0,17.0,,,1.0,,,,,,,,,,,,,,,
ENG-Premier League,2324,Fulham,Tosin Adarabioyo,ENG,DF,25.0,1997.0,20.0,18.0,1617.0,18.0,2.0,0.0,2.0,2.0,0.0,0.0,2.0,0.0,0.11,0.0,0.11,0.11,0.11,18.0,2.0,14.0,5.0,35.7,0.78,0.28,0.14,0.4,0.0,0.0,81.0,47.3,18,90.0,17,2,2.0,2,1.4,28.0,25.0,3.0,0.17,0.62,0.0,10.0,5.0,0.0,2.0,24.0,12.0,,,0.0,,,,,,,,,,,,,,,
ENG-Premier League,2324,Fulham,Willian,BRA,"MF,FW",34.0,1988.0,31.0,24.0,2053.0,22.8,4.0,2.0,6.0,2.0,2.0,2.0,1.0,0.0,0.18,0.09,0.26,0.09,0.18,22.8,4.0,45.0,18.0,40.0,1.97,0.79,0.09,0.22,2.0,2.0,66.0,60.0,24,77.0,9,7,29.0,2,1.29,33.0,28.0,5.0,0.22,0.94,0.0,9.0,30.0,1.0,75.0,9.0,11.0,,,0.0,,,,,,,,,,,,,,,
ENG-Premier League,2324,Liverpool,Alexis Mac Allister,ARG,MF,24.0,1998.0,33.0,31.0,2599.0,28.9,5.0,5.0,10.0,4.0,1.0,1.0,7.0,1.0,0.17,0.17,0.35,0.14,0.31,28.9,5.0,44.0,9.0,20.5,1.52,0.31,0.11,0.56,1.0,1.0,79.0,76.0,31,83.0,17,2,17.0,0,2.15,62.0,34.0,28.0,0.97,-0.89,0.0,53.0,47.0,0.0,31.0,32.0,52.0,,,0.0,,,,,,,,,,,,,,,
ENG-Premier League,2324,Liverpool,Alisson,BRA,GK,30.0,1992.0,28.0,28.0,2520.0,28.0,0.0,0.0,0.0,0.0,0.0,0.0,1.0,0.0,0.0,0.0,0.0,0.0,0.0,28.0,0.0,0.0,0.0,,0.0,0.0,,,0.0,0.0,90.0,73.7,28,90.0,28,0,,0,2.0,60.0,30.0,30.0,1.07,-0.43,0.0,1.0,5.0,0.0,0.0,0.0,0.0,,,0.0,30.0,1.07,112.0,82.0,73.2,16.0,8.0,4.0,7.0,25.0,1.0,1.0,0.0,0.0,0.0
ENG-Premier League,2324,Liverpool,Andy Robertson,SCO,DF,29.0,1994.0,23.0,18.0,1693.0,18.8,3.0,2.0,5.0,3.0,0.0,0.0,2.0,0.0,0.16,0.11,0.27,0.16,0.27,18.8,3.0,12.0,7.0,58.3,0.64,0.37,0.25,0.43,0.0,0.0,74.0,49.5,18,86.0,14,5,28.0,0,2.04,43.0,22.0,21.0,1.12,-0.13,0.0,9.0,5.0,3.0,184.0,13.0,25.0,,,0.0,,,,,,,,,,,,,,,
ENG-Premier League,2324,Liverpool,Ben Gannon-Doak,SCO,MF,17.0,2005.0,1.0,0.0,14.0,0.2,0.0,0.0,0.0,0.0,0.0,0.0,0.0,0.0,0.0,0.0,0.0,0.0,0.0,0.2,0.0,0.0,0.0,,0.0,0.0,,,0.0,0.0,14.0,0.4,0,,0,1,14.0,8,1.0,0.0,0.0,0.0,0.0,-1.19,0.0,0.0,0.0,0.0,0.0,0.0,0.0,,,0.0,,,,,,,,,,,,,,,
ENG-Premier League,2324,Liverpool,Bobby Clark,ENG,MF,18.0,2005.0,5.0,1.0,89.0,1.0,0.0,0.0,0.0,0.0,0.0,0.0,0.0,0.0,0.0,0.0,0.0,0.0,0.0,1.0,0.0,2.0,0.0,0.0,2.02,0.0,0.0,,0.0,0.0,18.0,2.6,1,59.0,0,4,8.0,6,3.0,2.0,0.0,2.0,2.02,0.86,0.0,4.0,3.0,0.0,0.0,1.0,1.0,,,0.0,,,,,,,,,,,,,,,
ENG-Premier League,2324,Liverpool,Caoimhín Kelleher,IRL,GK,24.0,1998.0,10.0,10.0,900.0,10.0,0.0,0.0,0.0,0.0,0.0,0.0,0.0,0.0,0.0,0.0,0.0,0.0,0.0,10.0,0.0,0.0,0.0,,0.0,0.0,,,0.0,0.0,90.0,26.3,10,90.0,10,0,,27,2.6,26.0,11.0,15.0,1.5,0.43,0.0,0.0,0.0,0.0,0.0,0.0,0.0,,,0.0,11.0,1.1,39.0,28.0,71.8,8.0,2.0,0.0,2.0,20.0,0.0,0.0,0.0,0.0,
ENG-Premier League,2324,Liverpool,Cody Gakpo,NED,"FW,MF",24.0,1999.0,35.0,17.0,1649.0,18.3,8.0,5.0,13.0,8.0,0.0,0.0,1.0,0.0,0.44,0.27,0.71,0.44,0.71,18.3,8.0,66.0,24.0,36.4,3.6,1.31,0.12,0.33,0.0,0.0,47.0,48.2,17,73.0,3,18,23.0,0,2.23,52.0,19.0,33.0,1.8,1.19,0.0,28.0,38.0,8.0,21.0,11.0,18.0,,,0.0,,,,,,,,,,,,,,,
ENG-Premier League,2324,Liverpool,Conor Bradley,NIR,DF,20.0,2003.0,11.0,10.0,753.0,8.4,1.0,3.0,4.0,1.0,0.0,0.0,2.0,0.0,0.12,0.36,0.48,0.12,0.48,8.4,1.0,12.0,4.0,33.3,1.43,0.48,0.08,0.25,0.0,0.0,68.0,22.0,10,73.0,2,1,20.0,8,2.36,18.0,7.0,11.0,1.31,0.17,0.0,8.0,12.0,2.0,18.0,10.0,25.0,,,1.0,,,,,,,,,,,,,,,
ENG-Premier League,2324,Liverpool,Curtis Jones,ENG,MF,22.0,2001.0,23.0,14.0,1167.0,13.0,1.0,1.0,2.0,1.0,0.0,0.0,3.0,1.0,0.08,0.08,0.15,0.08,0.15,13.0,1.0,19.0,6.0,31.6,1.47,0.46,0.05,0.17,0.0,0.0,51.0,34.1,14,70.0,4,9,20.0,4,1.96,31.0,17.0,14.0,1.08,-0.16,0.0,16.0,14.0,5.0,4.0,7.0,14.0,,,0.0,,,,,,,,,,,,,,,
ENG-Premier League,2324,Liverpool,Darwin Núñez,URU,FW,24.0,1999.0,36.0,22.0,2047.0,22.7,11.0,8.0,19.0,11.0,0.0,1.0,9.0,0.0,0.48,0.35,0.84,0.48,0.84,22.7,11.0,108.0,46.0,42.6,4.75,2.02,0.1,0.24,0.0,1.0,57.0,59.9,22,79.0,9,14,21.0,1,2.19,48.0,25.0,23.0,1.01,-0.43,0.0,28.0,15.0,33.0,19.0,2.0,13.0,,,0.0,,,,,,,,,,,,,,,
ENG-Premier League,2324,Liverpool,Diogo Jota,POR,FW,26.0,1996.0,21.0,14.0,1145.0,12.7,10.0,3.0,13.0,10.0,0.0,0.0,3.0,1.0,0.79,0.24,1.02,0.79,1.02,12.7,10.0,41.0,20.0,48.8,3.22,1.57,0.24,0.5,0.0,0.0,55.0,33.5,14,71.0,3,7,22.0,1,2.29,33.0,10.0,23.0,1.81,0.94,1.0,27.0,21.0,3.0,9.0,7.0,13.0,,,0.0,,,,,,,,,,,,,,,
ENG-Premier League,2324,Liverpool,Dominik Szoboszlai,HUN,MF,22.0,2000.0,33.0,25.0,2104.0,23.4,3.0,2.0,5.0,3.0,0.0,0.0,1.0,0.0,0.13,0.09,0.21,0.13,0.21,23.4,3.0,60.0,15.0,25.0,2.57,0.64,0.05,0.2,0.0,0.0,64.0,61.5,25,79.0,12,8,15.0,0,2.12,42.0,23.0,19.0,0.81,-0.97,0.0,29.0,29.0,3.0,113.0,14.0,18.0,,,0.0,,,,,,,,,,,,,,,
ENG-Premier League,2324,Liverpool,Harvey Elliott,ENG,"MF,FW",20.0,2003.0,34.0,11.0,1352.0,15.0,3.0,6.0,9.0,3.0,0.0,0.0,2.0,0.0,0.2,0.4,0.6,0.2,0.6,15.0,3.0,49.0,17.0,34.7,3.26,1.13,0.06,0.18,0.0,0.0,40.0,39.5,11,77.0,4,23,22.0,4,2.15,41.0,13.0,28.0,1.86,1.12,0.0,7.0,14.0,1.0,61.0,5.0,17.0,,,0.0,,,,,,,,,,,,,,,
ENG-Premier League,2324,Liverpool,Ibrahima Konaté,FRA,DF,24.0,1999.0,22.0,17.0,1574.0,17.5,0.0,0.0,0.0,0.0,0.0,0.0,5.0,1.0,0.0,0.0,0.0,0.0,0.0,17.5,0.0,11.0,2.0,18.2,0.63,0.11,0.0,0.0,0.0,0.0,72.0,46.0,17,87.0,14,5,20.0,11,2.0,38.0,17.0,21.0,1.2,0.03,1.0,25.0,13.0,0.0,1.0,19.0,23.0,,,0.0,,,,,,,,,,,,,,,
ENG-Premier League,2324,Liverpool,James McConnell,ENG,MF,18.0,2004.0,3.0,0.0,4.0,0.0,0.0,0.0,0.0,0.0,0.0,0.0,0.0,0.0,0.0,0.0,0.0,0.0,0.0,0.0,0.0,0.0,0.0,,0.0,0.0,,,0.0,0.0,1.0,0.1,0,,0,3,1.0,15,3.0,1.0,0.0,1.0,22.5,21.34,0.0,1.0,1.0,0.0,0.0,1.0,0.0,,,0.0,,,,,,,,,,,,,,,
ENG-Premier League,2324,Liverpool,Jarell Quansah,ENG,DF,20.0,2003.0,17.0,13.0,1190.0,13.2,2.0,0.0,2.0,2.0,0.0,0.0,1.0,0.0,0.15,0.0,0.15,0.15,0.15,13.2,2.0,6.0,4.0,66.7,0.45,0.3,0.33,0.5,0.0,0.0,70.0,34.8,13,87.0,10,4,16.0,17,2.35,31.0,16.0,15.0,1.13,-0.08,0.0,10.0,2.0,0.0,0.0,16.0,22.0,,,0.0,,,,,,,,,,,,,,,
ENG-Premier League,2324,Liverpool,Jayden Danns,ENG,FW,17.0,2006.0,2.0,0.0,9.0,0.1,0.0,0.0,0.0,0.0,0.0,0.0,1.0,0.0,0.0,0.0,0.0,0.0,0.0,0.1,0.0,0.0,0.0,,0.0,0.0,,,0.0,0.0,5.0,0.3,0,,0,2,5.0,4,3.0,2.0,0.0,2.0,20.0,18.87,0.0,2.0,0.0,0.0,0.0,0.0,0.0,,,0.0,,,,,,,,,,,,,,,
ENG-Premier League,2324,Liverpool,Joe Gomez,ENG,DF,26.0,1997.0,32.0,17.0,1786.0,19.8,0.0,1.0,1.0,0.0,0.0,0.0,5.0,0.0,0.0,0.05,0.05,0.0,0.05,19.8,0.0,19.0,2.0,10.5,0.96,0.1,0.0,0.0,0.0,0.0,56.0,52.2,17,85.0,12,15,23.0,4,2.22,47.0,19.0,28.0,1.41,0.47,0.0,28.0,16.0,0.0,39.0,19.0,30.0,,,0.0,,,,,,,,,,,,,,,
ENG-Premier League,2324,Liverpool,Joël Matip,CMR,DF,31.0,1991.0,10.0,9.0,781.0,8.7,0.0,0.0,0.0,0.0,0.0,0.0,2.0,0.0,0.0,0.0,0.0,0.0,0.0,8.7,0.0,5.0,0.0,0.0,0.58,0.0,0.0,,0.0,0.0,78.0,22.8,9,84.0,6,1,25.0,4,2.3,20.0,9.0,11.0,1.27,0.11,0.0,7.0,3.0,1.0,0.0,9.0,7.0,,,1.0,,,,,,,,,,,,,,,
ENG-Premier League,2324,Liverpool,Kaide Gordon,ENG,FW,18.0,2004.0,1.0,0.0,1.0,0.0,0.0,0.0,0.0,0.0,0.0,0.0,0.0,0.0,0.0,0.0,0.0,0.0,0.0,0.0,0.0,0.0,0.0,,0.0,0.0,,,0.0,0.0,1.0,0.0,0,,0,1,1.0,1,3.0,0.0,0.0,0.0,0.0,-1.18,0.0,0.0,0.0,0.0,0.0,0.0,0.0,,,0.0,,,,,,,,,,,,,,,
ENG-Premier League,2324,Liverpool,Kostas Tsimikas,GRE,DF,27.0,1996.0,13.0,8.0,679.0,7.5,0.0,3.0,3.0,0.0,0.0,0.0,0.0,0.0,0.0,0.4,0.4,0.0,0.4,7.5,0.0,3.0,0.0,0.0,0.4,0.0,0.0,,0.0,0.0,52.0,19.9,8,79.0,6,5,9.0,17,2.15,16.0,7.0,9.0,1.19,0.01,0.0,11.0,7.0,1.0,72.0,4.0,12.0,,,0.0,,,,,,,,,,,,,,,
ENG-Premier League,2324,Liverpool,Luis Díaz,COL,FW,26.0,1997.0,37.0,32.0,2629.0,29.2,8.0,5.0,13.0,8.0,0.0,0.0,3.0,0.0,0.27,0.17,0.45,0.27,0.45,29.2,8.0,94.0,32.0,34.0,3.22,1.1,0.09,0.25,0.0,0.0,71.0,76.9,32,78.0,11,5,24.0,0,2.14,67.0,33.0,34.0,1.16,-0.09,0.0,54.0,42.0,20.0,27.0,3.0,26.0,,,0.0,,,,,,,,,,,,,,,
ENG-Premier League,2324,Liverpool,Mohamed Salah,EGY,FW,31.0,1992.0,32.0,28.0,2534.0,28.2,18.0,10.0,28.0,13.0,5.0,7.0,2.0,0.0,0.64,0.36,0.99,0.46,0.82,28.2,18.0,114.0,56.0,49.1,4.05,1.99,0.16,0.32,5.0,7.0,79.0,74.1,28,87.0,22,4,27.0,0,2.09,58.0,30.0,28.0,0.99,-0.73,0.0,12.0,25.0,18.0,41.0,2.0,11.0,,,0.0,,,,,,,,,,,,,,,
ENG-Premier League,2324,Liverpool,Owen Beck,WAL,"DF,MF",20.0,2002.0,1.0,0.0,8.0,0.1,0.0,0.0,0.0,0.0,0.0,0.0,0.0,0.0,0.0,0.0,0.0,0.0,0.0,0.1,0.0,0.0,0.0,,0.0,0.0,,,0.0,0.0,8.0,0.2,0,,0,1,8.0,0,3.0,1.0,0.0,1.0,11.25,10.09,0.0,0.0,0.0,0.0,0.0,0.0,1.0,,,0.0,,,,,,,,,,,,,,,
ENG-Premier League,2324,Liverpool,Ryan Gravenberch,NED,MF,21.0,2002.0,26.0,12.0,1121.0,12.5,1.0,0.0,1.0,1.0,0.0,0.0,0.0,0.0,0.08,0.0,0.08,0.08,0.08,12.5,1.0,23.0,8.0,34.8,1.85,0.64,0.04,0.13,0.0,0.0,43.0,32.8,12,68.0,1,14,22.0,5,2.23,28.0,18.0,10.0,0.8,-0.57,0.0,20.0,15.0,0.0,4.0,15.0,12.0,,,0.0,,,,,,,,,,,,,,,
ENG-Premier League,2324,Liverpool,Stefan Bajcetic,ESP,MF,18.0,2004.0,1.0,0.0,26.0,0.3,0.0,0.0,0.0,0.0,0.0,0.0,0.0,0.0,0.0,0.0,0.0,0.0,0.0,0.3,0.0,0.0,0.0,,0.0,0.0,,,0.0,0.0,26.0,0.8,0,,0,1,26.0,6,3.0,0.0,2.0,-2.0,-6.92,-8.17,0.0,1.0,2.0,0.0,0.0,0.0,1.0,,,0.0,,,,,,,,,,,,,,,
ENG-Premier League,2324,Liverpool,Thiago Alcántara,ESP,MF,32.0,1991.0,1.0,0.0,6.0,0.1,0.0,0.0,0.0,0.0,0.0,0.0,0.0,0.0,0.0,0.0,0.0,0.0,0.0,0.1,0.0,0.0,0.0,,0.0,0.0,,,0.0,0.0,6.0,0.2,0,,0,1,6.0,0,0.0,0.0,1.0,-1.0,-15.0,-16.21,0.0,0.0,0.0,0.0,0.0,0.0,0.0,,,0.0,,,,,,,,,,,,,,,
ENG-Premier League,2324,Liverpool,Trent Alexander-Arnold,ENG,DF,24.0,1998.0,28.0,25.0,2155.0,23.9,3.0,4.0,7.0,3.0,0.0,0.0,6.0,0.0,0.13,0.17,0.29,0.13,0.29,23.9,3.0,47.0,8.0,17.0,1.96,0.33,0.06,0.38,0.0,0.0,77.0,63.0,25,83.0,14,3,28.0,0,2.0,53.0,28.0,25.0,1.04,-0.38,0.0,9.0,9.0,2.0,166.0,29.0,27.0,,,0.0,,,,,,,,,,,,,,,
ENG-Premier League,2324,Liverpool,Virgil van Dijk,NED,DF,32.0,1991.0,36.0,36.0,3177.0,35.3,2.0,2.0,4.0,2.0,0.0,0.0,3.0,1.0,0.06,0.06,0.11,0.06,0.11,35.3,2.0,45.0,14.0,31.1,1.27,0.4,0.04,0.14,0.0,0.0,88.0,92.9,36,88.0,35,0,,0,2.11,78.0,40.0,38.0,1.08,-1.52,0.0,23.0,13.0,1.0,0.0,35.0,23.0,,,0.0,,,,,,,,,,,,,,,
ENG-Premier League,2324,Liverpool,Wataru Endo,JPN,MF,30.0,1993.0,29.0,20.0,1722.0,19.1,1.0,0.0,1.0,1.0,0.0,0.0,10.0,0.0,0.05,0.0,0.05,0.05,0.05,19.1,1.0,10.0,3.0,30.0,0.52,0.16,0.1,0.33,0.0,0.0,59.0,50.4,20,79.0,11,9,15.0,4,2.21,42.0,16.0,26.0,1.36,0.35,0.0,50.0,25.0,0.0,4.0,19.0,28.0,,,0.0,,,,,,,,,,,,,,,
ENG-Premier League,2324,Luton Town,Albert Sambi Lokonga,BEL,MF,23.0,1999.0,17.0,16.0,1303.0,14.5,1.0,3.0,4.0,1.0,0.0,0.0,4.0,0.0,0.07,0.21,0.28,0.07,0.28,14.5,1.0,8.0,2.0,25.0,0.55,0.14,0.13,0.5,0.0,0.0,77.0,38.1,16,80.0,8,1,19.0,0,0.76,22.0,31.0,-9.0,-0.62,0.4,0.0,18.0,27.0,0.0,13.0,11.0,18.0,,,0.0,,,,,,,,,,,,,,,
ENG-Premier League,2324,Luton Town,Alfie Doughty,ENG,"MF,DF",23.0,1999.0,37.0,34.0,2925.0,32.5,2.0,8.0,10.0,2.0,0.0,0.0,5.0,0.0,0.06,0.25,0.31,0.06,0.31,32.5,2.0,26.0,8.0,30.8,0.8,0.25,0.08,0.25,0.0,0.0,79.0,85.5,34,84.0,18,3,22.0,0,0.7,46.0,74.0,-28.0,-0.86,0.05,0.0,31.0,9.0,14.0,340.0,30.0,37.0,,,0.0,,,,,,,,,,,,,,,
ENG-Premier League,2324,Luton Town,Amari'i Bell,JAM,DF,29.0,1994.0,21.0,21.0,1720.0,19.1,0.0,0.0,0.0,0.0,0.0,0.0,0.0,0.0,0.0,0.0,0.0,0.0,0.0,19.1,0.0,2.0,2.0,100.0,0.1,0.1,0.0,0.0,0.0,0.0,82.0,50.3,21,82.0,18,0,,0,0.86,30.0,41.0,-11.0,-0.58,0.59,0.0,22.0,16.0,0.0,14.0,26.0,31.0,,,0.0,,,,,,,,,,,,,,,
ENG-Premier League,2324,Luton Town,Andros Townsend,ENG,"MF,FW",32.0,1991.0,27.0,14.0,1210.0,13.4,1.0,3.0,4.0,1.0,0.0,0.0,1.0,0.0,0.07,0.22,0.3,0.07,0.3,13.4,1.0,20.0,7.0,35.0,1.49,0.52,0.05,0.14,0.0,0.0,45.0,35.4,14,67.0,1,13,21.0,3,0.78,16.0,26.0,-10.0,-0.74,0.19,0.0,12.0,12.0,2.0,74.0,4.0,13.0,,,0.0,,,,,,,,,,,,,,,
ENG-Premier League,2324,Luton Town,Carlton Morris,ENG,"FW,MF",27.0,1995.0,38.0,32.0,2862.0,31.8,11.0,4.0,15.0,6.0,5.0,5.0,4.0,0.0,0.35,0.13,0.47,0.19,0.31,31.8,11.0,73.0,31.0,42.5,2.3,0.97,0.15,0.35,5.0,5.0,75.0,83.7,32,86.0,22,6,21.0,0,0.68,40.0,73.0,-33.0,-1.04,-1.04,0.0,50.0,43.0,10.0,15.0,1.0,9.0,,,0.0,,,,,,,,,,,,,,,
ENG-Premier League,2324,Luton Town,Cauley Woodrow,ENG,FW,28.0,1994.0,24.0,2.0,427.0,4.7,1.0,1.0,2.0,1.0,0.0,0.0,2.0,0.0,0.21,0.21,0.42,0.21,0.42,4.7,1.0,16.0,4.0,25.0,3.37,0.84,0.06,0.25,0.0,0.0,18.0,12.5,2,62.0,0,22,14.0,8,0.63,10.0,12.0,-2.0,-0.42,0.51,0.0,8.0,4.0,2.0,10.0,1.0,10.0,,,0.0,,,,,,,,,,,,,,,
ENG-Premier League,2324,Luton Town,Chiedozie Ogbene,IRL,MF,26.0,1997.0,30.0,20.0,1995.0,22.2,4.0,1.0,5.0,4.0,0.0,0.0,1.0,0.0,0.18,0.05,0.23,0.18,0.23,22.2,4.0,35.0,14.0,40.0,1.58,0.63,0.11,0.29,0.0,0.0,67.0,58.3,20,87.0,14,10,27.0,0,0.73,35.0,47.0,-12.0,-0.54,0.78,0.0,9.0,50.0,7.0,79.0,7.0,9.0,,,0.0,,,,,,,,,,,,,,,
ENG-Premier League,2324,Luton Town,Daiki Hashioka,JPN,"DF,MF",24.0,1999.0,10.0,6.0,595.0,6.6,0.0,0.0,0.0,0.0,0.0,0.0,0.0,0.0,0.0,0.0,0.0,0.0,0.0,6.6,0.0,2.0,0.0,0.0,0.3,0.0,0.0,,0.0,0.0,60.0,17.4,6,77.0,3,4,33.0,3,0.4,10.0,21.0,-11.0,-1.66,-0.96,0.0,10.0,6.0,0.0,9.0,8.0,6.0,,,2.0,,,,,,,,,,,,,,,
ENG-Premier League,2324,Luton Town,Elijah Adebayo,ENG,FW,25.0,1998.0,27.0,16.0,1419.0,15.8,10.0,0.0,10.0,10.0,0.0,0.0,1.0,0.0,0.63,0.0,0.63,0.63,0.63,15.8,10.0,30.0,14.0,46.7,1.9,0.89,0.33,0.71,0.0,0.0,53.0,41.5,16,77.0,5,11,16.0,0,0.78,30.0,35.0,-5.0,-0.32,0.94,0.0,28.0,16.0,13.0,5.0,4.0,1.0,,,0.0,,,,,,,,,,,,,,,
ENG-Premier League,2324,Luton Town,Fred Onyedinma,ENG,MF,26.0,1996.0,8.0,4.0,407.0,4.5,0.0,0.0,0.0,0.0,0.0,0.0,1.0,0.0,0.0,0.0,0.0,0.0,0.0,4.5,0.0,5.0,2.0,40.0,1.11,0.44,0.0,0.0,0.0,0.0,51.0,11.9,4,76.0,0,4,26.0,1,0.5,6.0,14.0,-8.0,-1.77,-1.02,0.0,10.0,6.0,0.0,13.0,1.0,5.0,,,0.0,,,,,,,,,,,,,,,
ENG-Premier League,2324,Luton Town,Gabriel Osho,NGA,DF,24.0,1998.0,21.0,21.0,1846.0,20.5,2.0,0.0,2.0,2.0,0.0,0.0,3.0,0.0,0.1,0.0,0.1,0.1,0.1,20.5,2.0,10.0,2.0,20.0,0.49,0.1,0.2,1.0,0.0,0.0,88.0,54.0,21,88.0,19,0,,1,0.81,31.0,47.0,-16.0,-0.78,0.19,0.0,23.0,14.0,1.0,3.0,28.0,23.0,,,0.0,,,,,,,,,,,,,,,
ENG-Premier League,2324,Luton Town,Issa Kaboré,BFA,"MF,DF",22.0,2001.0,24.0,21.0,1729.0,19.2,0.0,2.0,2.0,0.0,0.0,0.0,7.0,0.0,0.0,0.1,0.1,0.0,0.1,19.2,0.0,6.0,1.0,16.7,0.31,0.05,0.0,0.0,0.0,0.0,72.0,50.6,21,79.0,13,3,24.0,4,0.58,23.0,39.0,-16.0,-0.83,0.07,0.0,27.0,30.0,2.0,65.0,15.0,28.0,,,1.0,,,,,,,,,,,,,,,
ENG-Premier League,2324,Luton Town,Jacob Brown,SCO,"MF,FW",25.0,1998.0,19.0,12.0,1019.0,11.3,2.0,0.0,2.0,2.0,0.0,0.0,4.0,0.0,0.18,0.0,0.18,0.18,0.18,11.3,2.0,25.0,7.0,28.0,2.21,0.62,0.08,0.29,0.0,0.0,54.0,29.8,12,73.0,4,7,21.0,2,0.84,16.0,26.0,-10.0,-0.88,-0.02,0.0,19.0,19.0,6.0,9.0,9.0,12.0,,,0.0,,,,,,,,,,,,,,,
ENG-Premier League,2324,Luton Town,James Shea,ENG,GK,32.0,1991.0,1.0,0.0,15.0,0.2,0.0,0.0,0.0,0.0,0.0,0.0,0.0,0.0,0.0,0.0,0.0,0.0,0.0,0.2,0.0,0.0,0.0,,0.0,0.0,,,0.0,0.0,15.0,0.4,0,,0,1,15.0,13,0.0,0.0,0.0,0.0,0.0,0.87,0.0,0.0,0.0,0.0,0.0,0.0,0.0,,,0.0,0.0,0.0,2.0,2.0,100.0,0.0,0.0,0.0,0.0,,0.0,0.0,0.0,0.0,
ENG-Premier League,2324,Luton Town,Jordan Clark,ENG,MF,29.0,1993.0,23.0,14.0,1304.0,14.5,1.0,1.0,2.0,1.0,0.0,0.0,4.0,0.0,0.07,0.07,0.14,0.07,0.14,14.5,1.0,17.0,4.0,23.5,1.17,0.28,0.06,0.25,0.0,0.0,57.0,38.1,14,78.0,4,9,24.0,4,0.57,22.0,41.0,-19.0,-1.31,-0.72,0.0,12.0,26.0,4.0,23.0,10.0,16.0,,,0.0,,,,,,,,,,,,,,,
ENG-Premier League,2324,Luton Town,Joseph Johnson,ENG,DF,17.0,2006.0,2.0,0.0,77.0,0.9,0.0,0.0,0.0,0.0,0.0,0.0,1.0,0.0,0.0,0.0,0.0,0.0,0.0,0.9,0.0,0.0,0.0,,0.0,0.0,,,0.0,0.0,39.0,2.3,0,,0,2,39.0,17,0.0,2.0,5.0,-3.0,-3.51,-2.7,0.0,1.0,0.0,0.0,0.0,0.0,0.0,,,0.0,,,,,,,,,,,,,,,
ENG-Premier League,2324,Luton Town,Luke Berry,ENG,MF,31.0,1992.0,17.0,2.0,323.0,3.6,2.0,1.0,3.0,2.0,0.0,0.0,1.0,0.0,0.56,0.28,0.84,0.56,0.84,3.6,2.0,8.0,4.0,50.0,2.23,1.11,0.25,0.5,0.0,0.0,19.0,9.4,2,69.0,0,15,12.0,16,0.59,8.0,8.0,0.0,0.0,0.96,0.0,6.0,7.0,0.0,8.0,0.0,2.0,,,0.0,,,,,,,,,,,,,,,
ENG-Premier League,2324,Luton Town,Mads Juel Andersen,DEN,DF,25.0,1997.0,8.0,4.0,400.0,4.4,1.0,0.0,1.0,1.0,0.0,0.0,1.0,0.0,0.23,0.0,0.23,0.23,0.23,4.4,1.0,3.0,1.0,33.3,0.68,0.23,0.33,1.0,0.0,0.0,50.0,11.7,4,78.0,2,4,22.0,4,1.13,2.0,6.0,-4.0,-0.9,-0.04,0.0,6.0,2.0,0.0,0.0,8.0,5.0,,,0.0,,,,,,,,,,,,,,,
ENG-Premier League,2324,Luton Town,Marvelous Nakamba,ZIM,MF,29.0,1994.0,13.0,13.0,1130.0,12.6,0.0,0.0,0.0,0.0,0.0,0.0,5.0,0.0,0.0,0.0,0.0,0.0,0.0,12.6,0.0,5.0,0.0,0.0,0.4,0.0,0.0,,0.0,0.0,87.0,33.0,13,87.0,10,0,,0,0.46,10.0,24.0,-14.0,-1.12,-0.37,0.0,24.0,9.0,0.0,4.0,10.0,26.0,,,0.0,,,,,,,,,,,,,,,
ENG-Premier League,2324,Luton Town,Pelly Ruddock Mpanzu,COD,MF,30.0,1993.0,27.0,11.0,1101.0,12.2,0.0,0.0,0.0,0.0,0.0,0.0,1.0,0.0,0.0,0.0,0.0,0.0,0.0,12.2,0.0,11.0,1.0,9.1,0.9,0.08,0.0,0.0,0.0,0.0,41.0,32.2,11,74.0,3,16,18.0,11,0.7,13.0,29.0,-16.0,-1.31,-0.65,0.0,9.0,15.0,0.0,10.0,9.0,5.0,,,0.0,,,,,,,,,,,,,,,
ENG-Premier League,2324,Luton Town,Reece Burke,ENG,DF,26.0,1996.0,22.0,20.0,1660.0,18.4,0.0,4.0,4.0,0.0,0.0,0.0,5.0,0.0,0.0,0.22,0.22,0.0,0.22,18.4,0.0,13.0,4.0,30.8,0.7,0.22,0.0,0.0,0.0,0.0,75.0,48.5,20,79.0,12,2,41.0,3,0.68,24.0,37.0,-13.0,-0.7,0.32,0.0,20.0,12.0,0.0,13.0,21.0,24.0,,,0.0,,,,,,,,,,,,,,,
ENG-Premier League,2324,Luton Town,Ross Barkley,ENG,MF,29.0,1993.0,32.0,30.0,2618.0,29.1,5.0,4.0,9.0,5.0,0.0,0.0,6.0,0.0,0.17,0.14,0.31,0.17,0.31,29.1,5.0,66.0,19.0,28.8,2.27,0.65,0.08,0.26,0.0,0.0,82.0,76.5,30,86.0,24,2,15.0,0,0.69,43.0,66.0,-23.0,-0.79,0.33,0.0,25.0,39.0,0.0,46.0,25.0,20.0,,,0.0,,,,,,,,,,,,,,,
ENG-Premier League,2324,Luton Town,Ryan Giles,ENG,"MF,DF",23.0,2000.0,11.0,5.0,503.0,5.6,0.0,0.0,0.0,0.0,0.0,0.0,0.0,0.0,0.0,0.0,0.0,0.0,0.0,5.6,0.0,2.0,2.0,100.0,0.36,0.36,0.0,0.0,0.0,0.0,46.0,14.7,5,81.0,2,6,17.0,9,0.64,4.0,14.0,-10.0,-1.79,-1.08,0.0,2.0,1.0,0.0,49.0,4.0,6.0,,,0.0,,,,,,,,,,,,,,,
ENG-Premier League,2324,Luton Town,Tahith Chong,CUW,"MF,FW",23.0,1999.0,33.0,20.0,1982.0,22.0,4.0,0.0,4.0,4.0,0.0,0.0,4.0,0.0,0.18,0.0,0.18,0.18,0.18,22.0,4.0,30.0,7.0,23.3,1.36,0.32,0.13,0.57,0.0,0.0,60.0,58.0,20,80.0,6,13,29.0,5,0.45,26.0,51.0,-25.0,-1.14,-0.63,0.0,21.0,65.0,5.0,35.0,7.0,20.0,,,0.0,,,,,,,,,,,,,,,
ENG-Premier League,2324,Luton Town,Teden Mengi,ENG,DF,21.0,2002.0,30.0,28.0,2469.0,27.4,1.0,0.0,1.0,1.0,0.0,0.0,3.0,0.0,0.04,0.0,0.04,0.04,0.04,27.4,1.0,11.0,4.0,36.4,0.4,0.15,0.09,0.25,0.0,0.0,82.0,72.2,28,86.0,25,2,34.0,3,0.73,38.0,59.0,-21.0,-0.77,0.37,0.0,35.0,7.0,1.0,2.0,54.0,22.0,,,0.0,,,,,,,,,,,,,,,
ENG-Premier League,2324,Luton Town,Thomas Kaminski,BEL,GK,30.0,1992.0,38.0,38.0,3405.0,37.8,0.0,0.0,0.0,0.0,0.0,0.0,3.0,0.0,0.0,0.0,0.0,0.0,0.0,37.8,0.0,0.0,0.0,,0.0,0.0,,,0.0,0.0,90.0,99.6,38,90.0,37,0,,0,0.68,52.0,85.0,-33.0,-0.87,-0.87,0.0,0.0,2.0,0.0,0.0,0.0,1.0,,,0.0,85.0,2.25,229.0,144.0,62.9,6.0,8.0,24.0,2.0,5.3,4.0,4.0,0.0,0.0,0.0
ENG-Premier League,2324,Luton Town,Tom Lockyer,WAL,DF,28.0,1994.0,14.0,14.0,1169.0,13.0,1.0,1.0,2.0,1.0,0.0,0.0,4.0,0.0,0.08,0.08,0.15,0.08,0.15,13.0,1.0,7.0,1.0,14.3,0.54,0.08,0.14,1.0,0.0,0.0,84.0,34.2,14,84.0,10,0,,0,0.64,12.0,23.0,-11.0,-0.85,0.03,0.0,15.0,10.0,0.0,1.0,23.0,16.0,,,1.0,,,,,,,,,,,,,,,
ENG-Premier League,2324,Luton Town,Zack Nelson,ENG,MF,18.0,2005.0,2.0,0.0,7.0,0.1,0.0,0.0,0.0,0.0,0.0,0.0,0.0,0.0,0.0,0.0,0.0,0.0,0.0,0.1,0.0,0.0,0.0,,0.0,0.0,,,0.0,0.0,4.0,0.2,0,,0,2,4.0,14,0.5,1.0,1.0,0.0,0.0,0.87,0.0,0.0,0.0,0.0,0.0,0.0,0.0,,,0.0,,,,,,,,,,,,,,,
ENG-Premier League,2324,Manchester City,Aymeric Laporte,ESP,DF,29.0,1994.0,1.0,0.0,12.0,0.1,0.0,0.0,0.0,0.0,0.0,0.0,0.0,0.0,0.0,0.0,0.0,0.0,0.0,0.1,0.0,1.0,1.0,100.0,7.5,7.5,0.0,0.0,0.0,0.0,12.0,0.4,0,,0,1,12.0,0,3.0,0.0,0.0,0.0,0.0,-1.64,0.0,0.0,0.0,0.0,0.0,0.0,0.0,,,0.0,,,,,,,,,,,,,,,
ENG-Premier League,2324,Manchester City,Bernardo Silva,POR,MF,28.0,1994.0,33.0,29.0,2578.0,28.6,6.0,9.0,15.0,6.0,0.0,0.0,8.0,0.0,0.21,0.31,0.52,0.21,0.52,28.6,6.0,34.0,15.0,44.1,1.19,0.52,0.18,0.4,0.0,0.0,78.0,75.4,29,87.0,22,4,14.0,2,2.39,71.0,26.0,45.0,1.57,-0.25,0.0,22.0,26.0,3.0,83.0,14.0,24.0,,,0.0,,,,,,,,,,,,,,,
ENG-Premier League,2324,Manchester City,Cole Palmer,ENG,"FW,MF",21.0,2002.0,1.0,0.0,11.0,0.1,0.0,0.0,0.0,0.0,0.0,0.0,0.0,0.0,0.0,0.0,0.0,0.0,0.0,0.1,0.0,0.0,0.0,,0.0,0.0,,,0.0,0.0,11.0,0.3,0,,0,1,11.0,2,3.0,0.0,0.0,0.0,0.0,-1.64,0.0,1.0,0.0,0.0,0.0,0.0,0.0,,,0.0,,,,,,,,,,,,,,,
ENG-Premier League,2324,Manchester City,Ederson Moraes,BRA,GK,29.0,1993.0,33.0,33.0,2785.0,30.9,0.0,0.0,0.0,0.0,0.0,0.0,5.0,0.0,0.0,0.0,0.0,0.0,0.0,30.9,0.0,0.0,0.0,,0.0,0.0,,,0.0,0.0,84.0,81.4,33,84.0,29,0,,2,2.36,78.0,27.0,51.0,1.65,0.09,0.0,2.0,4.0,0.0,0.0,0.0,0.0,,,0.0,27.0,0.87,84.0,57.0,67.9,24.0,6.0,3.0,11.0,33.3,3.0,3.0,0.0,0.0,0.0
ENG-Premier League,2324,Manchester City,Erling Haaland,NOR,"FW,MF",23.0,2000.0,31.0,29.0,2552.0,28.4,27.0,5.0,32.0,20.0,7.0,8.0,1.0,0.0,0.95,0.18,1.13,0.71,0.88,28.4,27.0,121.0,59.0,48.8,4.27,2.08,0.22,0.46,7.0,8.0,82.0,74.6,29,86.0,20,2,25.0,1,2.32,64.0,26.0,38.0,1.34,-1.15,0.0,18.0,30.0,6.0,5.0,2.0,3.0,,,0.0,,,,,,,,,,,,,,,
ENG-Premier League,2324,Manchester City,Jack Grealish,ENG,"MF,FW",27.0,1995.0,20.0,10.0,1009.0,11.2,3.0,1.0,4.0,3.0,0.0,0.0,6.0,0.0,0.27,0.09,0.36,0.27,0.36,11.2,3.0,22.0,5.0,22.7,1.96,0.45,0.14,0.6,0.0,0.0,50.0,29.5,10,83.0,7,10,18.0,9,2.45,26.0,13.0,13.0,1.16,-0.67,0.0,6.0,41.0,2.0,16.0,6.0,8.0,,,0.0,,,,,,,,,,,,,,,
ENG-Premier League,2324,Manchester City,James Mcatee,ENG,MF,20.0,2002.0,1.0,0.0,1.0,0.0,0.0,0.0,0.0,0.0,0.0,0.0,0.0,0.0,0.0,0.0,0.0,0.0,0.0,0.0,0.0,0.0,0.0,,0.0,0.0,,,0.0,0.0,1.0,0.0,0,,0,1,1.0,2,3.0,0.0,0.0,0.0,0.0,-1.63,0.0,0.0,0.0,0.0,0.0,0.0,0.0,,,0.0,,,,,,,,,,,,,,,
ENG-Premier League,2324,Manchester City,Jeremy Doku,BEL,"MF,FW",21.0,2002.0,29.0,18.0,1595.0,17.7,3.0,8.0,11.0,3.0,0.0,0.0,3.0,0.0,0.17,0.45,0.62,0.17,0.62,17.7,3.0,56.0,19.0,33.9,3.16,1.07,0.05,0.16,0.0,0.0,55.0,46.6,18,76.0,7,11,20.0,2,2.38,50.0,19.0,31.0,1.75,0.22,0.0,15.0,32.0,4.0,61.0,9.0,22.0,,,0.0,,,,,,,,,,,,,,,
ENG-Premier League,2324,Manchester City,John Stones,ENG,DF,29.0,1994.0,16.0,12.0,1064.0,11.8,1.0,0.0,1.0,1.0,0.0,0.0,2.0,0.0,0.08,0.0,0.08,0.08,0.08,11.8,1.0,4.0,2.0,50.0,0.34,0.17,0.25,0.5,0.0,0.0,67.0,31.1,12,83.0,9,4,17.0,11,2.38,25.0,9.0,16.0,1.35,-0.4,0.0,3.0,5.0,0.0,5.0,10.0,1.0,,,0.0,,,,,,,,,,,,,,,
ENG-Premier League,2324,Manchester City,Joško Gvardiol,CRO,DF,21.0,2002.0,28.0,26.0,2328.0,25.9,4.0,1.0,5.0,4.0,0.0,0.0,3.0,0.0,0.15,0.04,0.19,0.15,0.19,25.9,4.0,32.0,14.0,43.8,1.24,0.54,0.13,0.29,0.0,0.0,83.0,68.1,26,87.0,22,2,30.0,7,2.5,68.0,23.0,45.0,1.74,0.34,0.0,20.0,23.0,2.0,33.0,27.0,33.0,,,0.0,,,,,,,,,,,,,,,
ENG-Premier League,2324,Manchester City,Julián Álvarez,ARG,"MF,FW",23.0,2000.0,36.0,31.0,2647.0,29.4,11.0,8.0,19.0,9.0,2.0,2.0,2.0,0.0,0.37,0.27,0.65,0.31,0.58,29.4,11.0,98.0,40.0,40.8,3.33,1.36,0.11,0.28,2.0,2.0,74.0,77.4,31,83.0,15,5,13.0,2,2.42,76.0,24.0,52.0,1.77,0.6,0.0,23.0,13.0,3.0,137.0,2.0,13.0,,,0.0,,,,,,,,,,,,,,,
ENG-Premier League,2324,Manchester City,Kalvin Phillips,ENG,"DF,MF",27.0,1995.0,4.0,0.0,93.0,1.0,0.0,0.0,0.0,0.0,0.0,0.0,0.0,0.0,0.0,0.0,0.0,0.0,0.0,1.0,0.0,2.0,0.0,0.0,1.94,0.0,0.0,,0.0,0.0,23.0,2.7,0,,0,4,23.0,16,2.25,3.0,2.0,1.0,0.97,-0.68,0.0,3.0,2.0,0.0,2.0,2.0,3.0,,,0.0,,,,,,,,,,,,,,,
ENG-Premier League,2324,Manchester City,Kevin De Bruyne,BEL,MF,32.0,1991.0,18.0,15.0,1221.0,13.6,4.0,10.0,14.0,4.0,0.0,0.0,2.0,0.0,0.29,0.74,1.03,0.29,1.03,13.6,4.0,44.0,17.0,38.6,3.24,1.25,0.09,0.24,0.0,0.0,68.0,35.7,15,77.0,5,3,21.0,3,2.67,40.0,9.0,31.0,2.29,1.02,0.0,11.0,13.0,1.0,136.0,3.0,9.0,,,0.0,,,,,,,,,,,,,,,
ENG-Premier League,2324,Manchester City,Kyle Walker,ENG,"DF,MF",33.0,1990.0,32.0,30.0,2767.0,30.7,0.0,4.0,4.0,0.0,0.0,0.0,2.0,0.0,0.0,0.13,0.13,0.0,0.13,30.7,0.0,16.0,3.0,18.8,0.52,0.1,0.0,0.0,0.0,0.0,86.0,80.9,30,89.0,27,2,52.0,3,2.34,78.0,29.0,49.0,1.59,-0.2,0.0,23.0,18.0,7.0,59.0,24.0,24.0,,,0.0,,,,,,,,,,,,,,,
ENG-Premier League,2324,Manchester City,Manuel Akanji,SUI,"DF,MF",28.0,1995.0,30.0,28.0,2511.0,27.9,2.0,0.0,2.0,2.0,0.0,0.0,4.0,1.0,0.07,0.0,0.07,0.07,0.07,27.9,2.0,15.0,5.0,33.3,0.54,0.18,0.13,0.4,0.0,0.0,84.0,73.4,28,88.0,25,2,23.0,4,2.4,72.0,23.0,49.0,1.76,0.47,1.0,17.0,19.0,0.0,9.0,22.0,28.0,,,0.0,,,,,,,,,,,,,,,
ENG-Premier League,2324,Manchester City,Mateo Kovačić,CRO,MF,29.0,1994.0,30.0,16.0,1551.0,17.2,1.0,0.0,1.0,1.0,0.0,0.0,4.0,0.0,0.06,0.0,0.06,0.06,0.06,17.2,1.0,22.0,5.0,22.7,1.28,0.29,0.05,0.2,0.0,0.0,52.0,45.4,16,81.0,7,14,18.0,4,2.43,45.0,14.0,31.0,1.8,0.31,0.0,16.0,15.0,0.0,0.0,10.0,26.0,,,0.0,,,,,,,,,,,,,,,
ENG-Premier League,2324,Manchester City,Matheus Nunes,POR,"MF,FW",24.0,1998.0,17.0,7.0,661.0,7.3,0.0,2.0,2.0,0.0,0.0,0.0,0.0,0.0,0.0,0.27,0.27,0.0,0.27,7.3,0.0,9.0,4.0,44.4,1.23,0.54,0.0,0.0,0.0,0.0,39.0,19.3,7,71.0,3,10,16.0,16,2.47,18.0,8.0,10.0,1.36,-0.33,0.0,8.0,16.0,2.0,19.0,1.0,6.0,,,0.0,,,,,,,,,,,,,,,
ENG-Premier League,2324,Manchester City,Nathan Aké,NED,DF,28.0,1995.0,29.0,24.0,2042.0,22.7,2.0,2.0,4.0,2.0,0.0,0.0,0.0,0.0,0.09,0.09,0.18,0.09,0.18,22.7,2.0,20.0,5.0,25.0,0.88,0.22,0.1,0.4,0.0,0.0,70.0,59.7,24,83.0,19,5,12.0,6,2.38,55.0,20.0,35.0,1.54,-0.22,0.0,10.0,18.0,0.0,11.0,15.0,16.0,,,0.0,,,,,,,,,,,,,,,
ENG-Premier League,2324,Manchester City,Oscar Bobb,NOR,MF,20.0,2003.0,14.0,2.0,302.0,3.4,1.0,1.0,2.0,1.0,0.0,0.0,0.0,0.0,0.3,0.3,0.6,0.3,0.6,3.4,1.0,4.0,2.0,50.0,1.19,0.6,0.25,0.5,0.0,0.0,22.0,8.8,2,75.0,1,12,13.0,21,2.57,12.0,4.0,8.0,2.38,0.83,0.0,2.0,3.0,0.0,5.0,5.0,3.0,,,0.0,,,,,,,,,,,,,,,
ENG-Premier League,2324,Manchester City,Phil Foden,ENG,MF,23.0,2000.0,35.0,33.0,2857.0,31.7,19.0,8.0,27.0,19.0,0.0,0.0,2.0,0.0,0.6,0.25,0.85,0.6,0.85,31.7,19.0,105.0,48.0,45.7,3.31,1.51,0.18,0.4,0.0,0.0,82.0,83.5,33,85.0,19,2,25.0,2,2.34,74.0,27.0,47.0,1.48,-0.92,0.0,14.0,60.0,5.0,88.0,12.0,20.0,,,0.0,,,,,,,,,,,,,,,
ENG-Premier League,2324,Manchester City,Rico Lewis,ENG,"DF,MF",18.0,2004.0,16.0,8.0,809.0,9.0,2.0,0.0,2.0,2.0,0.0,0.0,1.0,0.0,0.22,0.0,0.22,0.22,0.22,9.0,2.0,5.0,4.0,80.0,0.56,0.44,0.4,0.5,0.0,0.0,51.0,23.7,8,83.0,4,8,19.0,22,2.25,26.0,8.0,18.0,2.0,0.49,0.0,7.0,20.0,0.0,1.0,4.0,7.0,,,0.0,,,,,,,,,,,,,,,
ENG-Premier League,2324,Manchester City,Rodri,ESP,"MF,DF",27.0,1996.0,34.0,34.0,2931.0,32.6,8.0,9.0,17.0,8.0,0.0,0.0,8.0,1.0,0.25,0.28,0.52,0.25,0.52,32.6,8.0,62.0,22.0,35.5,1.9,0.68,0.13,0.36,0.0,0.0,86.0,85.7,34,86.0,27,0,,1,2.59,87.0,26.0,61.0,1.87,1.69,0.0,41.0,35.0,6.0,12.0,25.0,43.0,,,0.0,,,,,,,,,,,,,,,
ENG-Premier League,2324,Manchester City,Rúben Dias,POR,"DF,MF",26.0,1997.0,30.0,28.0,2559.0,28.4,0.0,0.0,0.0,0.0,0.0,0.0,0.0,0.0,0.0,0.0,0.0,0.0,0.0,28.4,0.0,20.0,8.0,40.0,0.7,0.28,0.0,0.0,0.0,0.0,85.0,74.8,28,90.0,28,2,20.0,5,2.3,65.0,28.0,37.0,1.3,-1.31,0.0,23.0,15.0,0.0,13.0,30.0,21.0,,,1.0,,,,,,,,,,,,,,,
ENG-Premier League,2324,Manchester City,Sergio Gómez,ESP,"DF,MF",22.0,2000.0,6.0,0.0,53.0,0.6,0.0,1.0,1.0,0.0,0.0,0.0,0.0,0.0,0.0,1.7,1.7,0.0,1.7,0.6,0.0,2.0,0.0,0.0,3.4,0.0,0.0,,0.0,0.0,9.0,1.5,0,,0,6,9.0,26,3.0,3.0,1.0,2.0,3.4,1.79,0.0,2.0,0.0,1.0,4.0,1.0,0.0,,,0.0,,,,,,,,,,,,,,,
ENG-Premier League,2324,Manchester City,Stefan Ortega,GER,GK,30.0,1992.0,9.0,5.0,635.0,7.1,0.0,0.0,0.0,0.0,0.0,0.0,0.0,0.0,0.0,0.0,0.0,0.0,0.0,7.1,0.0,0.0,0.0,,0.0,0.0,,,0.0,0.0,71.0,18.6,5,90.0,5,4,46.0,29,2.56,18.0,7.0,11.0,1.56,-0.09,0.0,0.0,1.0,0.0,0.0,0.0,0.0,,,0.0,7.0,0.99,27.0,20.0,74.1,4.0,1.0,0.0,3.0,60.0,0.0,0.0,0.0,0.0,
ENG-Premier League,2324,Manchester Utd,Aaron Wan-Bissaka,COD,DF,25.0,1997.0,22.0,20.0,1780.0,19.8,0.0,2.0,2.0,0.0,0.0,0.0,4.0,0.0,0.0,0.1,0.1,0.0,0.1,19.8,0.0,3.0,1.0,33.3,0.15,0.05,0.0,0.0,0.0,0.0,81.0,52.0,20,88.0,16,2,11.0,3,1.32,30.0,34.0,-4.0,-0.2,-0.37,0.0,17.0,9.0,0.0,12.0,39.0,25.0,,,0.0,,,,,,,,,,,,,,,
ENG-Premier League,2324,Manchester Utd,Alejandro Garnacho,ARG,MF,19.0,2004.0,36.0,30.0,2565.0,28.5,7.0,4.0,11.0,7.0,0.0,0.0,4.0,0.0,0.25,0.14,0.39,0.25,0.39,28.5,7.0,100.0,28.0,28.0,3.51,0.98,0.07,0.25,0.0,0.0,71.0,75.0,30,82.0,12,6,19.0,2,1.5,43.0,39.0,4.0,0.14,0.67,0.0,20.0,54.0,15.0,59.0,18.0,15.0,,,0.0,,,,,,,,,,,,,,,
ENG-Premier League,2324,Manchester Utd,Amad Diallo,CIV,MF,21.0,2002.0,9.0,3.0,390.0,4.3,1.0,1.0,2.0,1.0,0.0,0.0,1.0,0.0,0.23,0.23,0.46,0.23,0.46,4.3,1.0,10.0,4.0,40.0,2.31,0.92,0.1,0.25,0.0,0.0,43.0,11.4,3,75.0,0,6,28.0,8,1.22,10.0,6.0,4.0,0.92,1.07,0.0,5.0,4.0,0.0,1.0,1.0,4.0,,,0.0,,,,,,,,,,,,,,,
ENG-Premier League,2324,Manchester Utd,André Onana,CMR,GK,27.0,1996.0,38.0,38.0,3420.0,38.0,0.0,0.0,0.0,0.0,0.0,0.0,5.0,0.0,0.0,0.0,0.0,0.0,0.0,38.0,0.0,0.0,0.0,,0.0,0.0,,,0.0,0.0,90.0,100.0,38,90.0,38,0,,0,1.58,57.0,58.0,-1.0,-0.03,,0.0,1.0,4.0,0.0,0.0,0.0,0.0,,,0.0,58.0,1.53,200.0,148.0,71.0,18.0,6.0,14.0,9.0,23.7,7.0,7.0,0.0,0.0,0.0
ENG-Premier League,2324,Manchester Utd,Anthony Martial,FRA,FW,27.0,1995.0,13.0,5.0,448.0,5.0,1.0,0.0,1.0,1.0,0.0,0.0,0.0,0.0,0.2,0.0,0.2,0.2,0.2,5.0,1.0,6.0,4.0,66.7,1.21,0.8,0.17,0.25,0.0,0.0,34.0,13.1,5,65.0,0,8,16.0,3,1.38,11.0,6.0,5.0,1.0,1.19,0.0,3.0,6.0,3.0,0.0,0.0,1.0,,,0.0,,,,,,,,,,,,,,,
ENG-Premier League,2324,Manchester Utd,Antony,BRA,MF,23.0,2000.0,29.0,15.0,1324.0,14.7,1.0,1.0,2.0,1.0,0.0,0.0,5.0,0.0,0.07,0.07,0.14,0.07,0.14,14.7,1.0,43.0,16.0,37.2,2.92,1.09,0.02,0.06,0.0,0.0,46.0,38.7,15,73.0,3,14,16.0,4,1.41,20.0,26.0,-6.0,-0.41,-0.62,0.0,19.0,32.0,2.0,15.0,11.0,22.0,,,0.0,,,,,,,,,,,,,,,
ENG-Premier League,2324,Manchester Utd,Bruno Fernandes,POR,MF,28.0,1994.0,35.0,35.0,3118.0,34.6,10.0,8.0,18.0,6.0,4.0,5.0,9.0,0.0,0.29,0.23,0.52,0.17,0.4,34.6,10.0,95.0,41.0,43.2,2.74,1.18,0.11,0.24,4.0,5.0,89.0,91.2,35,89.0,33,0,,0,1.69,55.0,52.0,3.0,0.09,1.28,0.0,41.0,27.0,13.0,225.0,25.0,37.0,,,0.0,,,,,,,,,,,,,,,
ENG-Premier League,2324,Manchester Utd,Casemiro,BRA,"MF,DF",31.0,1992.0,25.0,24.0,1982.0,22.0,1.0,2.0,3.0,1.0,0.0,0.0,7.0,0.0,0.05,0.09,0.14,0.05,0.14,22.0,1.0,39.0,9.0,23.1,1.77,0.41,0.03,0.11,0.0,0.0,79.0,58.0,24,82.0,18,1,11.0,1,1.6,36.0,34.0,2.0,0.09,0.28,0.0,30.0,10.0,6.0,13.0,18.0,54.0,,,0.0,,,,,,,,,,,,,,,
ENG-Premier League,2324,Manchester Utd,Christian Eriksen,DEN,MF,31.0,1992.0,22.0,12.0,1141.0,12.7,1.0,2.0,3.0,1.0,0.0,0.0,1.0,0.0,0.08,0.16,0.24,0.08,0.24,12.7,1.0,13.0,4.0,30.8,1.03,0.32,0.08,0.25,0.0,0.0,52.0,33.4,12,78.0,5,10,20.0,11,1.45,20.0,27.0,-7.0,-0.55,-0.79,0.0,6.0,3.0,1.0,42.0,4.0,14.0,,,0.0,,,,,,,,,,,,,,,
ENG-Premier League,2324,Manchester Utd,Daniel Gore,ENG,MF,18.0,2004.0,1.0,0.0,1.0,0.0,0.0,0.0,0.0,0.0,0.0,0.0,0.0,0.0,0.0,0.0,0.0,0.0,0.0,0.0,0.0,0.0,0.0,,0.0,0.0,,,0.0,0.0,1.0,0.0,0,,0,1,1.0,6,3.0,0.0,0.0,0.0,0.0,0.03,0.0,0.0,1.0,0.0,0.0,1.0,1.0,,,0.0,,,,,,,,,,,,,,,
ENG-Premier League,2324,Manchester Utd,Diogo Dalot,POR,DF,24.0,1999.0,36.0,35.0,3174.0,35.3,2.0,3.0,5.0,2.0,0.0,0.0,6.0,1.0,0.06,0.09,0.14,0.06,0.14,35.3,2.0,30.0,7.0,23.3,0.85,0.2,0.07,0.29,0.0,0.0,88.0,92.8,35,90.0,34,1,25.0,1,1.58,56.0,55.0,1.0,0.03,0.76,1.0,45.0,14.0,2.0,81.0,38.0,50.0,,,0.0,,,,,,,,,,,,,,,
ENG-Premier League,2324,Manchester Utd,Donny van de Beek,NED,MF,26.0,1997.0,1.0,0.0,3.0,0.0,0.0,0.0,0.0,0.0,0.0,0.0,0.0,0.0,0.0,0.0,0.0,0.0,0.0,0.0,0.0,1.0,0.0,0.0,30.0,0.0,0.0,,0.0,0.0,3.0,0.1,0,,0,1,3.0,11,0.0,0.0,0.0,0.0,0.0,0.03,0.0,0.0,0.0,0.0,0.0,0.0,0.0,,,0.0,,,,,,,,,,,,,,,
ENG-Premier League,2324,Manchester Utd,Ethan Wheatley,ENG,FW,17.0,2006.0,3.0,0.0,16.0,0.2,0.0,0.0,0.0,0.0,0.0,0.0,0.0,0.0,0.0,0.0,0.0,0.0,0.0,0.2,0.0,0.0,0.0,,0.0,0.0,,,0.0,0.0,5.0,0.5,0,,0,3,5.0,2,1.0,0.0,0.0,0.0,0.0,0.03,0.0,3.0,0.0,0.0,0.0,2.0,1.0,,,0.0,,,,,,,,,,,,,,,
ENG-Premier League,2324,Manchester Utd,Facundo Pellistri,URU,MF,21.0,2001.0,9.0,1.0,172.0,1.9,0.0,1.0,1.0,0.0,0.0,0.0,0.0,0.0,0.0,0.52,0.52,0.0,0.52,1.9,0.0,4.0,2.0,50.0,2.09,1.05,0.0,0.0,0.0,0.0,19.0,5.0,1,60.0,0,8,14.0,11,1.11,2.0,2.0,0.0,0.0,0.03,0.0,4.0,6.0,0.0,5.0,1.0,2.0,,,0.0,,,,,,,,,,,,,,,
ENG-Premier League,2324,Manchester Utd,Hannibal Mejbri,TUN,MF,20.0,2003.0,5.0,1.0,133.0,1.5,1.0,0.0,1.0,1.0,0.0,0.0,1.0,0.0,0.68,0.0,0.68,0.68,0.68,1.5,1.0,1.0,1.0,100.0,0.68,0.68,1.0,1.0,0.0,0.0,27.0,3.9,1,90.0,1,4,11.0,9,2.0,2.0,1.0,1.0,0.68,0.73,0.0,5.0,6.0,1.0,1.0,0.0,3.0,,,0.0,,,,,,,,,,,,,,,
ENG-Premier League,2324,Manchester Utd,Harry Maguire,ENG,DF,30.0,1993.0,22.0,18.0,1653.0,18.4,2.0,2.0,4.0,2.0,0.0,0.0,4.0,0.0,0.11,0.11,0.22,0.11,0.22,18.4,2.0,20.0,3.0,15.0,1.09,0.16,0.1,0.67,0.0,0.0,75.0,48.3,18,88.0,17,4,20.0,3,1.68,33.0,29.0,4.0,0.22,0.47,0.0,21.0,10.0,6.0,4.0,24.0,17.0,,,0.0,,,,,,,,,,,,,,,
ENG-Premier League,2324,Manchester Utd,Jadon Sancho,ENG,"FW,MF",23.0,2000.0,3.0,0.0,79.0,0.9,0.0,0.0,0.0,0.0,0.0,0.0,0.0,0.0,0.0,0.0,0.0,0.0,0.0,0.9,0.0,0.0,0.0,,0.0,0.0,,,0.0,0.0,26.0,2.3,0,,0,3,26.0,0,2.0,2.0,1.0,1.0,1.14,1.19,0.0,0.0,2.0,1.0,1.0,1.0,1.0,,,0.0,,,,,,,,,,,,,,,
ENG-Premier League,2324,Manchester Utd,Jonny Evans,NIR,DF,35.0,1988.0,23.0,15.0,1392.0,15.5,0.0,1.0,1.0,0.0,0.0,0.0,2.0,0.0,0.0,0.06,0.06,0.0,0.06,15.5,0.0,1.0,0.0,0.0,0.06,0.0,0.0,,0.0,0.0,61.0,40.7,15,85.0,9,8,15.0,3,1.65,21.0,24.0,-3.0,-0.19,-0.28,0.0,17.0,13.0,0.0,0.0,23.0,15.0,,,0.0,,,,,,,,,,,,,,,
ENG-Premier League,2324,Manchester Utd,Kobbie Mainoo,ENG,MF,18.0,2005.0,24.0,24.0,1924.0,21.4,3.0,1.0,4.0,3.0,0.0,0.0,3.0,0.0,0.14,0.05,0.19,0.14,0.19,21.4,3.0,11.0,5.0,45.5,0.51,0.23,0.27,0.6,0.0,0.0,80.0,56.3,24,80.0,7,0,,5,1.5,33.0,31.0,2.0,0.09,0.27,0.0,16.0,23.0,0.0,7.0,22.0,26.0,,,0.0,,,,,,,,,,,,,,,
ENG-Premier League,2324,Manchester Utd,Lisandro Martínez,ARG,DF,25.0,1998.0,11.0,8.0,646.0,7.2,0.0,1.0,1.0,0.0,0.0,0.0,3.0,0.0,0.0,0.14,0.14,0.0,0.14,7.2,0.0,0.0,0.0,,0.0,0.0,,,0.0,0.0,59.0,18.9,8,74.0,2,3,19.0,0,1.82,12.0,12.0,0.0,0.0,0.03,0.0,6.0,3.0,0.0,2.0,5.0,9.0,,,1.0,,,,,,,,,,,,,,,
ENG-Premier League,2324,Manchester Utd,Luke Shaw,ENG,DF,28.0,1995.0,12.0,12.0,959.0,10.7,0.0,0.0,0.0,0.0,0.0,0.0,6.0,0.0,0.0,0.0,0.0,0.0,0.0,10.7,0.0,2.0,0.0,0.0,0.19,0.0,0.0,,0.0,0.0,80.0,28.0,12,80.0,7,0,,0,1.83,16.0,13.0,3.0,0.28,0.43,0.0,14.0,3.0,0.0,33.0,6.0,9.0,,,0.0,,,,,,,,,,,,,,,
ENG-Premier League,2324,Manchester Utd,Marcus Rashford,ENG,"MF,FW",25.0,1997.0,33.0,26.0,2271.0,25.2,7.0,2.0,9.0,5.0,2.0,2.0,2.0,0.0,0.28,0.08,0.36,0.2,0.28,25.2,7.0,62.0,21.0,33.9,2.46,0.83,0.11,0.33,2.0,2.0,69.0,66.4,26,83.0,12,7,17.0,0,1.61,36.0,37.0,-1.0,-0.04,-0.04,0.0,12.0,21.0,12.0,35.0,4.0,13.0,,,0.0,,,,,,,,,,,,,,,
ENG-Premier League,2324,Manchester Utd,Mason Mount,ENG,MF,24.0,1999.0,14.0,5.0,516.0,5.7,1.0,0.0,1.0,1.0,0.0,0.0,2.0,0.0,0.17,0.0,0.17,0.17,0.17,5.7,1.0,5.0,1.0,20.0,0.87,0.17,0.2,1.0,0.0,0.0,37.0,15.1,5,74.0,0,9,16.0,0,1.36,3.0,13.0,-10.0,-1.74,-2.02,0.0,10.0,9.0,0.0,14.0,6.0,14.0,,,0.0,,,,,,,,,,,,,,,
ENG-Premier League,2324,Manchester Utd,Omari Forson,ENG,MF,19.0,2004.0,4.0,1.0,70.0,0.8,0.0,1.0,1.0,0.0,0.0,0.0,0.0,0.0,0.0,1.29,1.29,0.0,1.29,0.8,0.0,1.0,0.0,0.0,1.29,0.0,0.0,,0.0,0.0,18.0,2.0,1,52.0,0,3,6.0,9,0.75,1.0,2.0,-1.0,-1.29,-1.29,0.0,1.0,0.0,0.0,0.0,0.0,0.0,,,0.0,,,,,,,,,,,,,,,
ENG-Premier League,2324,Manchester Utd,Raphaël Varane,FRA,DF,30.0,1993.0,22.0,16.0,1375.0,15.3,1.0,0.0,1.0,1.0,0.0,0.0,2.0,0.0,0.07,0.0,0.07,0.07,0.07,15.3,1.0,8.0,2.0,25.0,0.52,0.13,0.13,0.5,0.0,0.0,63.0,40.2,16,81.0,12,6,12.0,4,1.91,25.0,23.0,2.0,0.13,0.26,0.0,8.0,3.0,2.0,0.0,14.0,10.0,,,0.0,,,,,,,,,,,,,,,
ENG-Premier League,2324,Manchester Utd,Rasmus Højlund,DEN,FW,20.0,2003.0,30.0,25.0,2158.0,24.0,10.0,2.0,12.0,10.0,0.0,0.0,2.0,0.0,0.42,0.08,0.5,0.42,0.5,24.0,10.0,38.0,21.0,55.3,1.58,0.88,0.26,0.48,0.0,0.0,72.0,63.1,25,81.0,8,5,26.0,0,1.6,36.0,35.0,1.0,0.04,0.18,0.0,20.0,30.0,15.0,6.0,1.0,6.0,,,0.0,,,,,,,,,,,,,,,
ENG-Premier League,2324,Manchester Utd,Scott McTominay,SCO,"MF,FW",26.0,1996.0,32.0,18.0,1901.0,21.1,7.0,1.0,8.0,7.0,0.0,0.0,2.0,0.0,0.33,0.05,0.38,0.33,0.38,21.1,7.0,44.0,19.0,43.2,2.08,0.9,0.16,0.37,0.0,0.0,59.0,55.6,18,88.0,16,14,23.0,2,1.81,31.0,30.0,1.0,0.05,0.17,0.0,27.0,21.0,6.0,4.0,14.0,23.0,,,0.0,,,,,,,,,,,,,,,
ENG-Premier League,2324,Manchester Utd,Sergio Reguilón,ESP,DF,26.0,1996.0,9.0,4.0,412.0,4.6,0.0,0.0,0.0,0.0,0.0,0.0,3.0,0.0,0.0,0.0,0.0,0.0,0.0,4.6,0.0,4.0,0.0,0.0,0.87,0.0,0.0,,0.0,0.0,46.0,12.0,4,83.0,1,5,16.0,5,1.0,4.0,7.0,-3.0,-0.66,-0.72,0.0,4.0,11.0,3.0,30.0,5.0,9.0,,,0.0,,,,,,,,,,,,,,,
ENG-Premier League,2324,Manchester Utd,Sofyan Amrabat,MAR,"MF,DF",26.0,1996.0,21.0,10.0,938.0,10.4,0.0,0.0,0.0,0.0,0.0,0.0,6.0,0.0,0.0,0.0,0.0,0.0,0.0,10.4,0.0,3.0,0.0,0.0,0.29,0.0,0.0,,0.0,0.0,45.0,27.4,10,83.0,6,11,10.0,8,1.71,8.0,15.0,-7.0,-0.67,-0.89,0.0,24.0,10.0,0.0,7.0,8.0,15.0,,,0.0,,,,,,,,,,,,,,,
ENG-Premier League,2324,Manchester Utd,Victor Lindelöf,SWE,DF,29.0,1994.0,19.0,14.0,1328.0,14.8,1.0,1.0,2.0,1.0,0.0,0.0,2.0,0.0,0.07,0.07,0.14,0.07,0.14,14.8,1.0,6.0,4.0,66.7,0.41,0.27,0.17,0.25,0.0,0.0,70.0,38.8,14,82.0,7,5,37.0,2,1.95,18.0,15.0,3.0,0.2,0.38,0.0,15.0,2.0,3.0,1.0,13.0,11.0,,,0.0,,,,,,,,,,,,,,,
ENG-Premier League,2324,Manchester Utd,Willy Kambwala,FRA,DF,18.0,2004.0,8.0,3.0,330.0,3.7,0.0,0.0,0.0,0.0,0.0,0.0,1.0,0.0,0.0,0.0,0.0,0.0,0.0,3.7,0.0,0.0,0.0,,0.0,0.0,,,0.0,0.0,41.0,9.6,3,88.0,2,5,13.0,8,1.0,5.0,10.0,-5.0,-1.36,-1.48,0.0,4.0,2.0,0.0,0.0,4.0,1.0,,,0.0,,,,,,,,,,,,,,,
ENG-Premier League,2324,Newcastle,Alex Murphy,IRL,DF,19.0,2004.0,2.0,0.0,13.0,0.1,0.0,0.0,0.0,0.0,0.0,0.0,0.0,0.0,0.0,0.0,0.0,0.0,0.0,0.1,0.0,0.0,0.0,,0.0,0.0,,,0.0,0.0,7.0,0.4,0,,0,2,7.0,17,3.0,0.0,0.0,0.0,0.0,-0.61,0.0,2.0,0.0,0.0,0.0,1.0,1.0,,,0.0,,,,,,,,,,,,,,,
ENG-Premier League,2324,Newcastle,Alexander Isak,SWE,FW,23.0,1999.0,30.0,27.0,2255.0,25.1,21.0,2.0,23.0,16.0,5.0,6.0,1.0,0.0,0.84,0.08,0.92,0.64,0.72,25.1,21.0,78.0,43.0,55.1,3.11,1.72,0.27,0.49,5.0,6.0,75.0,65.9,27,80.0,13,3,32.0,1,1.5,51.0,41.0,10.0,0.4,-0.61,0.0,14.0,16.0,17.0,10.0,6.0,0.0,,,0.0,,,,,,,,,,,,,,,
ENG-Premier League,2324,Newcastle,Amadou Diallo,ENG,FW,20.0,2003.0,1.0,0.0,1.0,0.0,0.0,0.0,0.0,0.0,0.0,0.0,0.0,0.0,0.0,0.0,0.0,0.0,0.0,0.0,0.0,0.0,0.0,,0.0,0.0,,,0.0,0.0,1.0,0.0,0,,0,1,1.0,5,3.0,0.0,0.0,0.0,0.0,-0.61,0.0,0.0,0.0,0.0,0.0,0.0,0.0,,,0.0,,,,,,,,,,,,,,,
ENG-Premier League,2324,Newcastle,Anthony Gordon,ENG,FW,22.0,2001.0,35.0,34.0,2890.0,32.1,11.0,10.0,21.0,10.0,1.0,1.0,12.0,1.0,0.34,0.31,0.65,0.31,0.62,32.1,11.0,81.0,31.0,38.3,2.52,0.97,0.14,0.35,1.0,1.0,83.0,84.5,34,83.0,16,1,79.0,0,1.57,70.0,48.0,22.0,0.69,0.52,1.0,38.0,64.0,8.0,111.0,6.0,33.0,,,0.0,,,,,,,,,,,,,,,
ENG-Premier League,2324,Newcastle,Ben Parkinson,ENG,FW,18.0,2005.0,1.0,0.0,25.0,0.3,0.0,0.0,0.0,0.0,0.0,0.0,0.0,0.0,0.0,0.0,0.0,0.0,0.0,0.3,0.0,0.0,0.0,,0.0,0.0,,,0.0,0.0,25.0,0.7,0,,0,1,25.0,8,0.0,0.0,1.0,-1.0,-3.6,-4.24,0.0,0.0,0.0,1.0,0.0,0.0,0.0,,,0.0,,,,,,,,,,,,,,,
ENG-Premier League,2324,Newcastle,Bruno Guimarães,BRA,MF,25.0,1997.0,37.0,37.0,3263.0,36.3,7.0,8.0,15.0,7.0,0.0,0.0,9.0,0.0,0.19,0.22,0.41,0.19,0.41,36.3,7.0,48.0,16.0,33.3,1.32,0.44,0.15,0.44,0.0,0.0,88.0,95.4,37,88.0,31,0,,0,1.62,81.0,60.0,21.0,0.58,-0.57,0.0,50.0,108.0,0.0,33.0,31.0,52.0,,,0.0,,,,,,,,,,,,,,,
ENG-Premier League,2324,Newcastle,Callum Wilson,ENG,FW,31.0,1992.0,20.0,9.0,991.0,11.0,9.0,1.0,10.0,7.0,2.0,2.0,3.0,0.0,0.82,0.09,0.91,0.64,0.73,11.0,9.0,35.0,21.0,60.0,3.18,1.91,0.26,0.43,2.0,2.0,50.0,29.0,9,80.0,5,11,25.0,0,1.65,30.0,15.0,15.0,1.36,1.07,0.0,15.0,17.0,4.0,3.0,1.0,3.0,,,0.0,,,,,,,,,,,,,,,
ENG-Premier League,2324,Newcastle,Dan Burn,ENG,DF,31.0,1992.0,33.0,32.0,2726.0,30.3,2.0,2.0,4.0,2.0,0.0,0.0,4.0,0.0,0.07,0.07,0.13,0.07,0.13,30.3,2.0,23.0,6.0,26.1,0.76,0.2,0.09,0.33,0.0,0.0,83.0,79.7,32,85.0,24,1,18.0,0,1.64,74.0,45.0,29.0,0.96,1.74,0.0,32.0,11.0,4.0,11.0,35.0,34.0,,,0.0,,,,,,,,,,,,,,,
ENG-Premier League,2324,Newcastle,Elliot Anderson,ENG,"MF,FW",20.0,2002.0,21.0,10.0,1027.0,11.4,0.0,2.0,2.0,0.0,0.0,0.0,3.0,0.0,0.0,0.18,0.18,0.0,0.18,11.4,0.0,19.0,5.0,26.3,1.67,0.44,0.0,0.0,0.0,0.0,49.0,30.0,10,80.0,3,11,21.0,0,1.86,30.0,14.0,16.0,1.4,1.14,0.0,22.0,19.0,1.0,19.0,9.0,18.0,,,0.0,,,,,,,,,,,,,,,
ENG-Premier League,2324,Newcastle,Emil Krafth,SWE,DF,28.0,1994.0,17.0,8.0,913.0,10.1,0.0,0.0,0.0,0.0,0.0,0.0,2.0,0.0,0.0,0.0,0.0,0.0,0.0,10.1,0.0,4.0,0.0,0.0,0.39,0.0,0.0,,0.0,0.0,54.0,26.7,8,90.0,8,9,21.0,11,1.71,26.0,15.0,11.0,1.08,0.65,0.0,11.0,7.0,0.0,17.0,8.0,11.0,,,0.0,,,,,,,,,,,,,,,
ENG-Premier League,2324,Newcastle,Fabian Schär,SUI,DF,31.0,1991.0,36.0,35.0,3054.0,33.9,4.0,1.0,5.0,4.0,0.0,0.0,5.0,0.0,0.12,0.03,0.15,0.12,0.15,33.9,4.0,35.0,9.0,25.7,1.03,0.27,0.11,0.44,0.0,0.0,85.0,89.3,35,86.0,31,1,28.0,0,1.56,72.0,58.0,14.0,0.41,-1.8,0.0,37.0,26.0,0.0,8.0,33.0,25.0,,,0.0,,,,,,,,,,,,,,,
ENG-Premier League,2324,Newcastle,Harvey Barnes,ENG,"FW,MF",25.0,1997.0,21.0,7.0,802.0,8.9,5.0,3.0,8.0,5.0,0.0,0.0,2.0,0.0,0.56,0.34,0.9,0.56,0.9,8.9,5.0,27.0,12.0,44.4,3.03,1.35,0.19,0.42,0.0,0.0,38.0,23.5,7,67.0,1,14,24.0,0,1.76,24.0,10.0,14.0,1.57,1.26,0.0,4.0,21.0,2.0,12.0,3.0,1.0,,,0.0,,,,,,,,,,,,,,,
ENG-Premier League,2324,Newcastle,Jacob Murphy,ENG,"FW,MF",28.0,1995.0,21.0,14.0,1189.0,13.2,3.0,7.0,10.0,3.0,0.0,0.0,1.0,0.0,0.23,0.53,0.76,0.23,0.76,13.2,3.0,30.0,10.0,33.3,2.27,0.76,0.1,0.3,0.0,0.0,57.0,34.8,14,75.0,5,7,20.0,5,1.95,40.0,21.0,19.0,1.44,1.28,0.0,7.0,15.0,1.0,78.0,5.0,12.0,,,0.0,,,,,,,,,,,,,,,
ENG-Premier League,2324,Newcastle,Jamaal Lascelles,ENG,DF,29.0,1993.0,16.0,13.0,1080.0,12.0,1.0,0.0,1.0,1.0,0.0,0.0,4.0,0.0,0.08,0.0,0.08,0.08,0.08,12.0,1.0,6.0,1.0,16.7,0.5,0.08,0.17,1.0,0.0,0.0,68.0,31.6,13,80.0,9,3,15.0,10,1.44,23.0,15.0,8.0,0.67,0.09,0.0,17.0,2.0,1.0,1.0,5.0,9.0,,,0.0,,,,,,,,,,,,,,,
ENG-Premier League,2324,Newcastle,Joe White,ENG,MF,20.0,2002.0,4.0,0.0,13.0,0.1,0.0,0.0,0.0,0.0,0.0,0.0,1.0,0.0,0.0,0.0,0.0,0.0,0.0,0.1,0.0,0.0,0.0,,0.0,0.0,,,0.0,0.0,3.0,0.4,0,,0,4,3.0,10,1.0,2.0,0.0,2.0,13.85,13.29,0.0,2.0,0.0,0.0,0.0,0.0,1.0,,,0.0,,,,,,,,,,,,,,,
ENG-Premier League,2324,Newcastle,Joe Willock,ENG,MF,23.0,1999.0,9.0,5.0,419.0,4.7,1.0,0.0,1.0,1.0,0.0,0.0,0.0,0.0,0.21,0.0,0.21,0.21,0.21,4.7,1.0,7.0,4.0,57.1,1.5,0.86,0.14,0.25,0.0,0.0,47.0,12.3,5,67.0,0,4,22.0,0,1.56,6.0,9.0,-3.0,-0.64,-1.42,0.0,3.0,3.0,1.0,6.0,1.0,7.0,,,0.0,,,,,,,,,,,,,,,
ENG-Premier League,2324,Newcastle,Joelinton,BRA,"MF,FW",26.0,1996.0,20.0,15.0,1279.0,14.2,2.0,1.0,3.0,2.0,0.0,0.0,6.0,0.0,0.14,0.07,0.21,0.14,0.21,14.2,2.0,19.0,9.0,47.4,1.34,0.63,0.11,0.22,0.0,0.0,64.0,37.4,15,79.0,8,5,18.0,0,1.45,26.0,23.0,3.0,0.21,-0.63,0.0,28.0,22.0,0.0,2.0,19.0,26.0,,,0.0,,,,,,,,,,,,,,,
ENG-Premier League,2324,Newcastle,Kieran Trippier,ENG,DF,32.0,1990.0,28.0,26.0,2236.0,24.8,1.0,10.0,11.0,1.0,0.0,0.0,5.0,0.0,0.04,0.4,0.44,0.04,0.44,24.8,1.0,8.0,2.0,25.0,0.32,0.08,0.13,0.5,0.0,0.0,80.0,65.4,26,86.0,21,2,6.0,0,1.46,49.0,43.0,6.0,0.24,-1.05,0.0,27.0,21.0,3.0,214.0,24.0,27.0,,,0.0,,,,,,,,,,,,,,,
ENG-Premier League,2324,Newcastle,Lewis Hall,ENG,DF,18.0,2004.0,18.0,8.0,781.0,8.7,1.0,0.0,1.0,1.0,0.0,0.0,2.0,0.0,0.12,0.0,0.12,0.12,0.12,8.7,1.0,11.0,4.0,36.4,1.27,0.46,0.09,0.25,0.0,0.0,43.0,22.8,8,82.0,3,10,13.0,15,1.44,23.0,12.0,11.0,1.27,0.86,0.0,5.0,5.0,0.0,23.0,13.0,17.0,,,0.0,,,,,,,,,,,,,,,
ENG-Premier League,2324,Newcastle,Lewis Miley,ENG,MF,17.0,2006.0,17.0,14.0,1202.0,13.4,1.0,3.0,4.0,1.0,0.0,0.0,1.0,0.0,0.07,0.22,0.3,0.07,0.3,13.4,1.0,13.0,3.0,23.1,0.97,0.22,0.08,0.33,0.0,0.0,71.0,35.1,14,80.0,6,3,29.0,1,1.18,27.0,29.0,-2.0,-0.15,-1.16,0.0,5.0,6.0,2.0,12.0,8.0,21.0,,,0.0,,,,,,,,,,,,,,,
ENG-Premier League,2324,Newcastle,Loris Karius,GER,GK,30.0,1993.0,1.0,1.0,90.0,1.0,0.0,0.0,0.0,0.0,0.0,0.0,0.0,0.0,0.0,0.0,0.0,0.0,0.0,1.0,0.0,0.0,0.0,,0.0,0.0,,,0.0,0.0,90.0,2.6,1,90.0,1,0,,21,0.0,1.0,4.0,-3.0,-3.0,-3.7,0.0,0.0,0.0,0.0,0.0,0.0,0.0,,,0.0,4.0,4.0,8.0,4.0,50.0,0.0,0.0,1.0,0.0,0.0,0.0,0.0,0.0,0.0,
ENG-Premier League,2324,Newcastle,Martin Dúbravka,SVK,GK,34.0,1989.0,23.0,22.0,1985.0,22.1,0.0,0.0,0.0,0.0,0.0,0.0,1.0,0.0,0.0,0.0,0.0,0.0,0.0,22.1,0.0,0.0,0.0,,0.0,0.0,,,0.0,0.0,86.0,58.0,22,90.0,22,1,5.0,14,1.48,48.0,42.0,6.0,0.27,-0.79,0.0,2.0,5.0,0.0,0.0,0.0,0.0,,,0.0,42.0,1.9,129.0,87.0,67.4,9.0,4.0,9.0,5.0,22.7,5.0,4.0,1.0,0.0,20.0
ENG-Premier League,2324,Newcastle,Matt Ritchie,SCO,"DF,MF",33.0,1989.0,13.0,0.0,128.0,1.4,1.0,0.0,1.0,1.0,0.0,0.0,1.0,0.0,0.7,0.0,0.7,0.7,0.7,1.4,1.0,6.0,4.0,66.7,4.22,2.81,0.17,0.25,0.0,0.0,10.0,3.7,0,,0,13,10.0,18,1.92,3.0,5.0,-2.0,-1.41,-2.09,0.0,2.0,1.0,0.0,7.0,1.0,3.0,,,0.0,,,,,,,,,,,,,,,
ENG-Premier League,2324,Newcastle,Matt Targett,ENG,DF,27.0,1995.0,3.0,1.0,78.0,0.9,0.0,0.0,0.0,0.0,0.0,0.0,1.0,0.0,0.0,0.0,0.0,0.0,0.0,0.9,0.0,0.0,0.0,,0.0,0.0,,,0.0,0.0,26.0,2.3,1,73.0,0,2,3.0,8,0.33,0.0,4.0,-4.0,-4.62,-5.34,0.0,0.0,2.0,0.0,0.0,0.0,0.0,,,0.0,,,,,,,,,,,,,,,
ENG-Premier League,2324,Newcastle,Michael Ndiweni,ENG,MF,19.0,2003.0,1.0,0.0,1.0,0.0,0.0,0.0,0.0,0.0,0.0,0.0,0.0,0.0,0.0,0.0,0.0,0.0,0.0,0.0,0.0,0.0,0.0,,0.0,0.0,,,0.0,0.0,1.0,0.0,0,,0,1,1.0,0,3.0,0.0,0.0,0.0,0.0,-0.61,0.0,0.0,0.0,0.0,0.0,0.0,0.0,,,0.0,,,,,,,,,,,,,,,
ENG-Premier League,2324,Newcastle,Miguel Almirón,PAR,FW,29.0,1994.0,33.0,23.0,1937.0,21.5,3.0,1.0,4.0,3.0,0.0,0.0,2.0,0.0,0.14,0.05,0.19,0.14,0.19,21.5,3.0,41.0,12.0,29.3,1.91,0.56,0.07,0.25,0.0,0.0,59.0,56.6,23,74.0,5,10,23.0,0,1.52,39.0,40.0,-1.0,-0.05,-1.5,0.0,16.0,22.0,10.0,24.0,10.0,24.0,,,0.0,,,,,,,,,,,,,,,
ENG-Premier League,2324,Newcastle,Nick Pope,ENG,GK,31.0,1992.0,15.0,15.0,1345.0,14.9,0.0,0.0,0.0,0.0,0.0,0.0,1.0,0.0,0.0,0.0,0.0,0.0,0.0,14.9,0.0,1.0,0.0,0.0,0.07,0.0,0.0,,0.0,0.0,90.0,39.3,15,90.0,14,0,,3,1.93,36.0,16.0,20.0,1.34,1.21,0.0,0.0,3.0,0.0,0.0,0.0,0.0,,,0.0,16.0,1.07,59.0,43.0,72.9,9.0,2.0,4.0,6.0,40.0,0.0,0.0,0.0,0.0,
ENG-Premier League,2324,Newcastle,Paul Dummett,WAL,DF,31.0,1991.0,5.0,0.0,20.0,0.2,0.0,0.0,0.0,0.0,0.0,0.0,0.0,0.0,0.0,0.0,0.0,0.0,0.0,0.2,0.0,1.0,0.0,0.0,4.5,0.0,0.0,,0.0,0.0,4.0,0.6,0,,0,5,4.0,24,2.6,0.0,1.0,-1.0,-4.5,-5.14,0.0,1.0,0.0,0.0,0.0,0.0,0.0,,,0.0,,,,,,,,,,,,,,,
ENG-Premier League,2324,Newcastle,Sandro Tonali,ITA,MF,23.0,2000.0,8.0,5.0,438.0,4.9,1.0,0.0,1.0,1.0,0.0,0.0,2.0,0.0,0.21,0.0,0.21,0.21,0.21,4.9,1.0,3.0,2.0,66.7,0.62,0.41,0.33,0.5,0.0,0.0,55.0,12.8,5,74.0,1,3,22.0,1,1.63,10.0,5.0,5.0,1.03,0.48,0.0,9.0,6.0,0.0,11.0,2.0,7.0,,,0.0,,,,,,,,,,,,,,,
ENG-Premier League,2324,Newcastle,Sean Longstaff,ENG,MF,25.0,1997.0,35.0,30.0,2747.0,30.5,6.0,2.0,8.0,6.0,0.0,0.0,7.0,0.0,0.2,0.07,0.26,0.2,0.26,30.5,6.0,41.0,15.0,36.6,1.34,0.49,0.15,0.4,0.0,0.0,78.0,80.3,30,88.0,25,5,24.0,0,1.54,74.0,50.0,24.0,0.79,0.92,0.0,24.0,33.0,2.0,25.0,16.0,31.0,,,0.0,,,,,,,,,,,,,,,
ENG-Premier League,2324,Newcastle,Sven Botman,NED,DF,23.0,2000.0,17.0,15.0,1377.0,15.3,2.0,2.0,4.0,2.0,0.0,0.0,2.0,0.0,0.13,0.13,0.26,0.13,0.26,15.3,2.0,10.0,2.0,20.0,0.65,0.13,0.2,1.0,0.0,0.0,81.0,40.3,15,88.0,12,2,31.0,0,1.35,37.0,29.0,8.0,0.52,-0.14,0.0,9.0,2.0,1.0,0.0,9.0,13.0,,,1.0,,,,,,,,,,,,,,,
ENG-Premier League,2324,Newcastle,Tino Livramento,ENG,DF,20.0,2002.0,26.0,12.0,1314.0,14.6,1.0,0.0,1.0,1.0,0.0,0.0,1.0,0.0,0.07,0.0,0.07,0.07,0.07,14.6,1.0,4.0,2.0,50.0,0.27,0.14,0.25,0.5,0.0,0.0,51.0,38.4,12,84.0,8,14,22.0,7,1.73,31.0,27.0,4.0,0.27,-0.54,0.0,3.0,28.0,1.0,26.0,24.0,14.0,,,0.0,,,,,,,,,,,,,,,
ENG-Premier League,2324,Nottingham,Andrew Omobamidele,IRL,DF,21.0,2002.0,11.0,8.0,783.0,8.7,0.0,0.0,0.0,0.0,0.0,0.0,2.0,0.0,0.0,0.0,0.0,0.0,0.0,8.7,0.0,1.0,0.0,0.0,0.11,0.0,0.0,,0.0,0.0,71.0,22.9,8,90.0,8,3,21.0,8,0.73,12.0,15.0,-3.0,-0.34,0.17,0.0,6.0,3.0,0.0,0.0,12.0,3.0,,,1.0,,,,,,,,,,,,,,,
ENG-Premier League,2324,Nottingham,Andrey Santos,BRA,MF,19.0,2004.0,1.0,0.0,8.0,0.1,0.0,0.0,0.0,0.0,0.0,0.0,0.0,0.0,0.0,0.0,0.0,0.0,0.0,0.1,0.0,2.0,0.0,0.0,22.5,0.0,0.0,,0.0,0.0,8.0,0.2,0,,0,1,8.0,5,0.0,0.0,0.0,0.0,0.0,0.47,0.0,0.0,0.0,0.0,0.0,0.0,0.0,,,0.0,,,,,,,,,,,,,,,
ENG-Premier League,2324,Nottingham,Anthony Elanga,SWE,"MF,FW",21.0,2002.0,36.0,25.0,2433.0,27.0,5.0,9.0,14.0,5.0,0.0,0.0,1.0,0.0,0.18,0.33,0.52,0.18,0.52,27.0,5.0,54.0,23.0,42.6,2.0,0.85,0.09,0.22,0.0,0.0,68.0,71.1,25,86.0,15,11,27.0,0,0.97,40.0,47.0,-7.0,-0.26,0.74,0.0,9.0,26.0,19.0,57.0,8.0,19.0,,,0.0,,,,,,,,,,,,,,,
ENG-Premier League,2324,Nottingham,Brandon Aguilera,CRC,MF,20.0,2003.0,1.0,0.0,5.0,0.1,0.0,0.0,0.0,0.0,0.0,0.0,0.0,0.0,0.0,0.0,0.0,0.0,0.0,0.1,0.0,0.0,0.0,,0.0,0.0,,,0.0,0.0,5.0,0.1,0,,0,1,5.0,3,0.0,0.0,0.0,0.0,0.0,0.47,0.0,3.0,0.0,0.0,0.0,0.0,0.0,,,0.0,,,,,,,,,,,,,,,
ENG-Premier League,2324,Nottingham,Brennan Johnson,WAL,"FW,MF",22.0,2001.0,3.0,3.0,237.0,2.6,0.0,0.0,0.0,0.0,0.0,0.0,0.0,0.0,0.0,0.0,0.0,0.0,0.0,2.6,0.0,3.0,0.0,0.0,1.14,0.0,0.0,,0.0,0.0,79.0,6.9,3,79.0,0,0,,0,1.0,4.0,5.0,-1.0,-0.38,0.1,0.0,1.0,7.0,1.0,2.0,0.0,0.0,,,0.0,,,,,,,,,,,,,,,
ENG-Premier League,2324,Nottingham,Callum Hudson-Odoi,ENG,"MF,FW",22.0,2000.0,29.0,20.0,1854.0,20.6,8.0,1.0,9.0,8.0,0.0,0.0,0.0,0.0,0.39,0.05,0.44,0.39,0.44,20.6,8.0,38.0,20.0,52.6,1.84,0.97,0.21,0.4,0.0,0.0,64.0,54.2,20,82.0,9,9,24.0,1,0.86,32.0,41.0,-9.0,-0.44,0.08,0.0,14.0,30.0,9.0,73.0,6.0,8.0,,,0.0,,,,,,,,,,,,,,,
ENG-Premier League,2324,Nottingham,Cheikhou Kouyaté,SEN,MF,33.0,1989.0,12.0,2.0,212.0,2.4,0.0,0.0,0.0,0.0,0.0,0.0,2.0,0.0,0.0,0.0,0.0,0.0,0.0,2.4,0.0,5.0,1.0,20.0,2.12,0.42,0.0,0.0,0.0,0.0,18.0,6.2,2,64.0,0,10,8.0,18,1.33,1.0,6.0,-5.0,-2.12,-1.76,0.0,6.0,2.0,0.0,0.0,2.0,5.0,,,0.0,,,,,,,,,,,,,,,
ENG-Premier League,2324,Nottingham,Chris Wood,NZL,FW,31.0,1991.0,31.0,20.0,1812.0,20.1,14.0,1.0,15.0,14.0,0.0,0.0,0.0,0.0,0.7,0.05,0.75,0.7,0.75,20.1,14.0,48.0,26.0,54.2,2.38,1.29,0.29,0.54,0.0,0.0,58.0,53.0,20,83.0,13,11,14.0,0,0.94,28.0,34.0,-6.0,-0.3,0.37,0.0,22.0,13.0,7.0,2.0,1.0,4.0,,,0.0,,,,,,,,,,,,,,,
ENG-Premier League,2324,Nottingham,Danilo Santos,BRA,MF,22.0,2001.0,29.0,20.0,1792.0,19.9,2.0,2.0,4.0,2.0,0.0,0.0,4.0,0.0,0.1,0.1,0.2,0.1,0.2,19.9,2.0,23.0,7.0,30.4,1.16,0.35,0.09,0.29,0.0,0.0,62.0,52.4,20,80.0,7,9,20.0,2,1.03,31.0,42.0,-11.0,-0.55,-0.17,0.0,13.0,9.0,2.0,26.0,33.0,22.0,,,0.0,,,,,,,,,,,,,,,
ENG-Premier League,2324,Nottingham,Divock Origi,BEL,"MF,FW",28.0,1995.0,20.0,6.0,606.0,6.7,0.0,1.0,1.0,0.0,0.0,0.0,1.0,0.0,0.0,0.15,0.15,0.0,0.15,6.7,0.0,14.0,4.0,28.6,2.08,0.59,0.0,0.0,0.0,0.0,30.0,17.7,6,57.0,0,14,19.0,7,0.6,4.0,6.0,-2.0,-0.3,0.21,0.0,14.0,8.0,5.0,13.0,2.0,4.0,,,0.0,,,,,,,,,,,,,,,
ENG-Premier League,2324,Nottingham,Felipe,BRA,DF,34.0,1989.0,7.0,4.0,375.0,4.2,0.0,0.0,0.0,0.0,0.0,0.0,4.0,0.0,0.0,0.0,0.0,0.0,0.0,4.2,0.0,3.0,0.0,0.0,0.72,0.0,0.0,,0.0,0.0,54.0,11.0,4,75.0,2,3,25.0,5,0.75,4.0,11.0,-7.0,-1.68,-1.35,0.0,10.0,2.0,0.0,0.0,4.0,9.0,,,0.0,,,,,,,,,,,,,,,
ENG-Premier League,2324,Nottingham,Gio Reyna,USA,MF,20.0,2002.0,9.0,2.0,235.0,2.6,0.0,1.0,1.0,0.0,0.0,0.0,0.0,0.0,0.0,0.38,0.38,0.0,0.38,2.6,0.0,5.0,2.0,40.0,1.91,0.77,0.0,0.0,0.0,0.0,26.0,6.9,2,61.0,0,7,16.0,4,0.67,3.0,3.0,0.0,0.0,0.51,0.0,3.0,2.0,0.0,8.0,2.0,3.0,,,0.0,,,,,,,,,,,,,,,
ENG-Premier League,2324,Nottingham,Gonzalo Montiel,ARG,DF,26.0,1997.0,14.0,8.0,801.0,8.9,0.0,2.0,2.0,0.0,0.0,0.0,5.0,0.0,0.0,0.22,0.22,0.0,0.22,8.9,0.0,3.0,0.0,0.0,0.34,0.0,0.0,,0.0,0.0,57.0,23.4,8,77.0,2,6,32.0,10,1.29,13.0,11.0,2.0,0.22,0.91,0.0,6.0,1.0,2.0,16.0,7.0,19.0,,,0.0,,,,,,,,,,,,,,,
ENG-Premier League,2324,Nottingham,Harry Toffolo,ENG,"DF,MF",27.0,1995.0,23.0,15.0,1459.0,16.2,1.0,3.0,4.0,1.0,0.0,0.0,3.0,0.0,0.06,0.19,0.25,0.06,0.25,16.2,1.0,8.0,5.0,62.5,0.49,0.31,0.13,0.2,0.0,0.0,63.0,42.7,15,88.0,12,8,18.0,9,0.91,18.0,29.0,-11.0,-0.68,-0.36,0.0,17.0,2.0,0.0,46.0,12.0,15.0,,,0.0,,,,,,,,,,,,,,,
ENG-Premier League,2324,Nottingham,Ibrahim Sangaré,CIV,MF,25.0,1997.0,17.0,13.0,1035.0,11.5,0.0,0.0,0.0,0.0,0.0,0.0,6.0,0.0,0.0,0.0,0.0,0.0,0.0,11.5,0.0,8.0,0.0,0.0,0.7,0.0,0.0,,0.0,0.0,61.0,30.3,13,73.0,4,4,20.0,7,0.88,12.0,16.0,-4.0,-0.35,0.18,0.0,22.0,9.0,2.0,2.0,14.0,22.0,,,0.0,,,,,,,,,,,,,,,
ENG-Premier League,2324,Nottingham,Joe Worrall,ENG,DF,26.0,1997.0,7.0,5.0,439.0,4.9,0.0,0.0,0.0,0.0,0.0,0.0,0.0,1.0,0.0,0.0,0.0,0.0,0.0,4.9,0.0,2.0,0.0,0.0,0.41,0.0,0.0,,0.0,0.0,63.0,12.8,5,85.0,3,2,7.0,7,1.57,7.0,8.0,-1.0,-0.21,0.31,0.0,3.0,2.0,0.0,0.0,3.0,5.0,,,0.0,,,,,,,,,,,,,,,
ENG-Premier League,2324,Nottingham,Matt Turner,USA,GK,29.0,1994.0,17.0,17.0,1530.0,17.0,0.0,0.0,0.0,0.0,0.0,0.0,2.0,0.0,0.0,0.0,0.0,0.0,0.0,17.0,0.0,0.0,0.0,,0.0,0.0,,,0.0,0.0,90.0,44.7,17,90.0,17,0,,20,1.11,24.0,29.0,-5.0,-0.29,0.32,0.0,0.0,3.0,0.0,0.0,0.0,0.0,,,0.0,28.0,1.65,83.0,55.0,66.3,4.0,5.0,8.0,2.0,11.8,2.0,2.0,0.0,0.0,0.0
ENG-Premier League,2324,Nottingham,Matz Sels,BEL,GK,31.0,1992.0,16.0,16.0,1440.0,16.0,0.0,0.0,0.0,0.0,0.0,0.0,1.0,0.0,0.0,0.0,0.0,0.0,0.0,16.0,0.0,0.0,0.0,,0.0,0.0,,,0.0,0.0,90.0,42.1,16,90.0,16,0,,0,1.0,22.0,27.0,-5.0,-0.31,0.28,0.0,0.0,3.0,0.0,0.0,0.0,0.0,,,0.0,27.0,1.69,64.0,37.0,57.8,4.0,4.0,8.0,1.0,6.3,1.0,1.0,0.0,0.0,0.0
ENG-Premier League,2324,Nottingham,Morgan Gibbs-White,ENG,"MF,FW",23.0,2000.0,37.0,35.0,3156.0,35.1,5.0,10.0,15.0,4.0,1.0,1.0,9.0,0.0,0.14,0.29,0.43,0.11,0.4,35.1,5.0,71.0,15.0,21.1,2.02,0.43,0.07,0.33,1.0,1.0,85.0,92.3,35,88.0,27,2,38.0,0,0.97,46.0,59.0,-13.0,-0.37,1.33,0.0,37.0,57.0,6.0,181.0,18.0,24.0,,,0.0,,,,,,,,,,,,,,,
ENG-Premier League,2324,Nottingham,Moussa Niakhaté,SEN,DF,27.0,1996.0,21.0,15.0,1460.0,16.2,1.0,0.0,1.0,1.0,0.0,0.0,5.0,1.0,0.06,0.0,0.06,0.06,0.06,16.2,1.0,5.0,1.0,20.0,0.31,0.06,0.2,1.0,0.0,0.0,70.0,42.7,15,87.0,13,6,25.0,12,0.95,20.0,35.0,-15.0,-0.92,-0.79,1.0,11.0,4.0,0.0,11.0,14.0,25.0,,,0.0,,,,,,,,,,,,,,,
ENG-Premier League,2324,Nottingham,Murillo,BRA,DF,21.0,2002.0,32.0,32.0,2789.0,31.0,0.0,2.0,2.0,0.0,0.0,0.0,5.0,0.0,0.0,0.06,0.06,0.0,0.06,31.0,0.0,17.0,6.0,35.3,0.55,0.19,0.0,0.0,0.0,0.0,87.0,81.5,32,87.0,28,0,,0,0.91,41.0,56.0,-15.0,-0.48,-0.06,0.0,38.0,7.0,0.0,3.0,40.0,33.0,,,1.0,,,,,,,,,,,,,,,
ENG-Premier League,2324,Nottingham,Neco Williams,WAL,"DF,MF",22.0,2001.0,26.0,18.0,1637.0,18.2,0.0,1.0,1.0,0.0,0.0,0.0,4.0,0.0,0.0,0.05,0.05,0.0,0.05,18.2,0.0,15.0,4.0,26.7,0.82,0.22,0.0,0.0,0.0,0.0,63.0,47.9,18,85.0,14,8,13.0,5,0.92,23.0,33.0,-10.0,-0.55,-0.15,0.0,23.0,30.0,4.0,69.0,23.0,39.0,,,0.0,,,,,,,,,,,,,,,
ENG-Premier League,2324,Nottingham,Nicolás Domínguez,ARG,MF,25.0,1998.0,26.0,19.0,1495.0,16.6,2.0,2.0,4.0,2.0,0.0,0.0,4.0,0.0,0.12,0.12,0.24,0.12,0.24,16.6,2.0,22.0,6.0,27.3,1.32,0.36,0.09,0.33,0.0,0.0,58.0,43.7,19,74.0,3,7,12.0,6,0.92,16.0,27.0,-11.0,-0.66,-0.33,0.0,26.0,16.0,2.0,6.0,18.0,35.0,,,0.0,,,,,,,,,,,,,,,
ENG-Premier League,2324,Nottingham,Nuno Tavares,POR,DF,23.0,2000.0,8.0,5.0,457.0,5.1,0.0,0.0,0.0,0.0,0.0,0.0,2.0,0.0,0.0,0.0,0.0,0.0,0.0,5.1,0.0,7.0,1.0,14.3,1.38,0.2,0.0,0.0,0.0,0.0,57.0,13.4,5,80.0,4,3,20.0,5,1.13,8.0,9.0,-1.0,-0.2,0.32,0.0,8.0,2.0,0.0,16.0,1.0,7.0,,,0.0,,,,,,,,,,,,,,,
ENG-Premier League,2324,Nottingham,Odysseas Vlachodimos,GRE,GK,29.0,1994.0,5.0,5.0,450.0,5.0,0.0,0.0,0.0,0.0,0.0,0.0,0.0,0.0,0.0,0.0,0.0,0.0,0.0,5.0,0.0,0.0,0.0,,0.0,0.0,,,0.0,0.0,90.0,13.2,5,90.0,5,0,,14,0.6,6.0,12.0,-6.0,-1.2,-0.84,0.0,0.0,1.0,0.0,0.0,0.0,0.0,,,0.0,12.0,2.4,22.0,10.0,45.5,1.0,0.0,4.0,1.0,20.0,1.0,1.0,0.0,0.0,0.0
ENG-Premier League,2324,Nottingham,Ola Aina,NGA,"DF,MF",26.0,1996.0,22.0,20.0,1692.0,18.8,1.0,1.0,2.0,1.0,0.0,0.0,3.0,0.0,0.05,0.05,0.11,0.05,0.11,18.8,1.0,11.0,1.0,9.1,0.59,0.05,0.09,1.0,0.0,0.0,77.0,49.5,20,84.0,9,2,5.0,3,1.0,27.0,39.0,-12.0,-0.64,-0.33,0.0,18.0,25.0,2.0,27.0,17.0,29.0,,,0.0,,,,,,,,,,,,,,,
ENG-Premier League,2324,Nottingham,Orel Mangala,BEL,MF,25.0,1998.0,20.0,19.0,1563.0,17.4,1.0,0.0,1.0,1.0,0.0,0.0,6.0,0.0,0.06,0.0,0.06,0.06,0.06,17.4,1.0,10.0,1.0,10.0,0.58,0.06,0.1,1.0,0.0,0.0,78.0,45.7,19,82.0,10,1,4.0,1,0.85,16.0,31.0,-15.0,-0.86,-0.72,0.0,23.0,21.0,0.0,2.0,27.0,12.0,,,0.0,,,,,,,,,,,,,,,
ENG-Premier League,2324,Nottingham,Rodrigo Ribeiro,POR,FW,18.0,2005.0,4.0,0.0,17.0,0.2,0.0,0.0,0.0,0.0,0.0,0.0,0.0,0.0,0.0,0.0,0.0,0.0,0.0,0.2,0.0,0.0,0.0,,0.0,0.0,,,0.0,0.0,4.0,0.5,0,,0,4,4.0,8,1.25,0.0,0.0,0.0,0.0,0.48,0.0,1.0,0.0,0.0,0.0,1.0,0.0,,,0.0,,,,,,,,,,,,,,,
ENG-Premier League,2324,Nottingham,Ryan Yates,ENG,MF,25.0,1997.0,35.0,21.0,1992.0,22.1,1.0,1.0,2.0,1.0,0.0,0.0,6.0,0.0,0.05,0.05,0.09,0.05,0.09,22.1,1.0,32.0,7.0,21.9,1.45,0.32,0.03,0.14,0.0,0.0,57.0,58.2,21,83.0,14,14,18.0,2,1.0,31.0,38.0,-7.0,-0.32,0.38,0.0,54.0,57.0,2.0,6.0,21.0,37.0,,,0.0,,,,,,,,,,,,,,,
ENG-Premier League,2324,Nottingham,Scott McKenna,SCO,DF,26.0,1996.0,5.0,5.0,416.0,4.6,0.0,0.0,0.0,0.0,0.0,0.0,0.0,0.0,0.0,0.0,0.0,0.0,0.0,4.6,0.0,2.0,0.0,0.0,0.43,0.0,0.0,,0.0,0.0,83.0,12.2,5,83.0,4,0,,1,1.4,7.0,6.0,1.0,0.22,0.79,0.0,3.0,2.0,0.0,0.0,4.0,0.0,,,0.0,,,,,,,,,,,,,,,
ENG-Premier League,2324,Nottingham,Serge Aurier,CIV,"DF,MF",30.0,1992.0,12.0,10.0,833.0,9.3,0.0,2.0,2.0,0.0,0.0,0.0,2.0,0.0,0.0,0.22,0.22,0.0,0.22,9.3,0.0,6.0,1.0,16.7,0.65,0.11,0.0,0.0,0.0,0.0,69.0,24.4,10,80.0,6,2,18.0,1,1.0,9.0,15.0,-6.0,-0.65,-0.23,0.0,8.0,9.0,0.0,22.0,8.0,14.0,,,0.0,,,,,,,,,,,,,,,
ENG-Premier League,2324,Nottingham,Taiwo Awoniyi,NGA,FW,25.0,1997.0,20.0,12.0,1042.0,11.6,6.0,3.0,9.0,6.0,0.0,0.0,2.0,0.0,0.52,0.26,0.78,0.52,0.78,11.6,6.0,22.0,11.0,50.0,1.9,0.95,0.27,0.55,0.0,0.0,52.0,30.5,12,74.0,1,8,19.0,0,1.05,17.0,21.0,-4.0,-0.35,0.18,0.0,9.0,16.0,13.0,1.0,1.0,6.0,,,0.0,,,,,,,,,,,,,,,
ENG-Premier League,2324,Nottingham,Willy Boly,CIV,DF,32.0,1991.0,20.0,18.0,1438.0,16.0,2.0,1.0,3.0,2.0,0.0,0.0,3.0,1.0,0.13,0.06,0.19,0.13,0.19,16.0,2.0,14.0,6.0,42.9,0.88,0.38,0.14,0.33,0.0,0.0,72.0,42.0,18,79.0,11,2,10.0,3,1.0,17.0,23.0,-6.0,-0.38,0.17,1.0,20.0,2.0,1.0,1.0,24.0,30.0,,,0.0,,,,,,,,,,,,,,,
ENG-Premier League,2324,Sheffield United,Andre Brooks,JAM,MF,19.0,2003.0,20.0,12.0,938.0,10.4,0.0,0.0,0.0,0.0,0.0,0.0,1.0,0.0,0.0,0.0,0.0,0.0,0.0,10.4,0.0,9.0,2.0,22.2,0.86,0.19,0.0,0.0,0.0,0.0,47.0,27.4,12,62.0,0,8,24.0,11,0.25,5.0,29.0,-24.0,-2.3,-0.67,0.0,11.0,9.0,0.0,8.0,15.0,10.0,,,0.0,,,,,,,,,,,,,,,
ENG-Premier League,2324,Sheffield United,Anel Ahmedhodžić,BIH,DF,24.0,1999.0,31.0,29.0,2649.0,29.4,2.0,0.0,2.0,2.0,0.0,0.0,11.0,1.0,0.07,0.0,0.07,0.07,0.07,29.4,2.0,19.0,5.0,26.3,0.65,0.17,0.11,0.4,0.0,0.0,85.0,77.5,29,89.0,27,2,34.0,0,0.35,28.0,89.0,-61.0,-2.07,-1.14,1.0,34.0,13.0,2.0,6.0,33.0,35.0,,,0.0,,,,,,,,,,,,,,,
ENG-Premier League,2324,Sheffield United,Anis Ben Slimane,TUN,MF,22.0,2001.0,15.0,4.0,419.0,4.7,0.0,0.0,0.0,0.0,0.0,0.0,2.0,0.0,0.0,0.0,0.0,0.0,0.0,4.7,0.0,8.0,3.0,37.5,1.72,0.64,0.0,0.0,0.0,0.0,28.0,12.3,4,61.0,0,11,16.0,13,0.33,2.0,14.0,-12.0,-2.58,-0.87,0.0,7.0,6.0,2.0,1.0,5.0,6.0,,,1.0,,,,,,,,,,,,,,,
ENG-Premier League,2324,Sheffield United,Antwoine Hackford,ENG,FW,19.0,2004.0,2.0,0.0,13.0,0.1,0.0,0.0,0.0,0.0,0.0,0.0,0.0,0.0,0.0,0.0,0.0,0.0,0.0,0.1,0.0,0.0,0.0,,0.0,0.0,,,0.0,0.0,7.0,0.4,0,,0,2,7.0,0,0.0,0.0,1.0,-1.0,-6.92,-5.13,0.0,0.0,0.0,0.0,0.0,0.0,0.0,,,0.0,,,,,,,,,,,,,,,
ENG-Premier League,2324,Sheffield United,Auston Trusty,USA,DF,24.0,1998.0,32.0,28.0,2572.0,28.6,0.0,0.0,0.0,0.0,0.0,0.0,4.0,0.0,0.0,0.0,0.0,0.0,0.0,28.6,0.0,8.0,2.0,25.0,0.28,0.07,0.0,0.0,0.0,0.0,80.0,75.2,28,89.0,24,4,21.0,6,0.38,22.0,81.0,-59.0,-2.06,-1.0,0.0,23.0,12.0,3.0,6.0,34.0,29.0,,,0.0,,,,,,,,,,,,,,,
ENG-Premier League,2324,Sheffield United,Ben Brereton,CHI,"FW,MF",24.0,1999.0,14.0,14.0,1105.0,12.3,6.0,1.0,7.0,5.0,1.0,1.0,3.0,0.0,0.49,0.08,0.57,0.41,0.49,12.3,6.0,35.0,19.0,54.3,2.85,1.55,0.17,0.32,1.0,1.0,79.0,32.3,14,79.0,8,0,,1,0.29,16.0,37.0,-21.0,-1.71,0.16,0.0,11.0,19.0,10.0,9.0,3.0,4.0,,,0.0,,,,,,,,,,,,,,,
ENG-Premier League,2324,Sheffield United,Ben Osborn,ENG,MF,28.0,1994.0,24.0,14.0,1367.0,15.2,0.0,2.0,2.0,0.0,0.0,0.0,3.0,0.0,0.0,0.13,0.13,0.0,0.13,15.2,0.0,4.0,0.0,0.0,0.26,0.0,0.0,,0.0,0.0,57.0,40.0,14,77.0,10,10,28.0,5,0.42,19.0,40.0,-21.0,-1.38,0.72,0.0,8.0,9.0,1.0,47.0,8.0,8.0,,,1.0,,,,,,,,,,,,,,,
ENG-Premier League,2324,Sheffield United,Bénie Traoré,CIV,"FW,MF",20.0,2002.0,8.0,3.0,387.0,4.3,0.0,0.0,0.0,0.0,0.0,0.0,0.0,0.0,0.0,0.0,0.0,0.0,0.0,4.3,0.0,1.0,1.0,100.0,0.23,0.23,0.0,0.0,0.0,0.0,48.0,11.3,3,86.0,1,5,26.0,11,0.13,2.0,13.0,-11.0,-2.56,-0.84,0.0,10.0,4.0,1.0,3.0,1.0,2.0,,,0.0,,,,,,,,,,,,,,,
ENG-Premier League,2324,Sheffield United,Cameron Archer,ENG,"FW,MF",22.0,2001.0,29.0,21.0,1832.0,20.4,4.0,1.0,5.0,4.0,0.0,0.0,1.0,0.0,0.2,0.05,0.25,0.2,0.25,20.4,4.0,42.0,11.0,26.2,2.06,0.54,0.1,0.36,0.0,0.0,63.0,53.6,21,80.0,9,8,19.0,0,0.48,22.0,50.0,-28.0,-1.38,0.95,0.0,14.0,20.0,13.0,5.0,1.0,12.0,,,0.0,,,,,,,,,,,,,,,
ENG-Premier League,2324,Sheffield United,Chris Basham,ENG,"DF,MF",35.0,1988.0,8.0,3.0,321.0,3.6,0.0,0.0,0.0,0.0,0.0,0.0,1.0,0.0,0.0,0.0,0.0,0.0,0.0,3.6,0.0,2.0,0.0,0.0,0.56,0.0,0.0,,0.0,0.0,40.0,9.4,3,68.0,1,5,24.0,0,0.13,2.0,6.0,-4.0,-1.12,0.77,0.0,3.0,3.0,2.0,4.0,4.0,2.0,,,0.0,,,,,,,,,,,,,,,
ENG-Premier League,2324,Sheffield United,Daniel Jebbison,CAN,FW,19.0,2003.0,1.0,0.0,21.0,0.2,0.0,0.0,0.0,0.0,0.0,0.0,0.0,0.0,0.0,0.0,0.0,0.0,0.0,0.2,0.0,0.0,0.0,,0.0,0.0,,,0.0,0.0,21.0,0.6,0,,0,1,21.0,0,0.0,0.0,0.0,0.0,0.0,1.83,0.0,0.0,0.0,0.0,0.0,0.0,0.0,,,0.0,,,,,,,,,,,,,,,
ENG-Premier League,2324,Sheffield United,George Baldock,GRE,"DF,MF",30.0,1993.0,13.0,11.0,969.0,10.8,0.0,1.0,1.0,0.0,0.0,0.0,4.0,0.0,0.0,0.09,0.09,0.0,0.09,10.8,0.0,1.0,0.0,0.0,0.09,0.0,0.0,,0.0,0.0,75.0,28.3,11,82.0,9,2,33.0,1,0.54,11.0,21.0,-10.0,-0.93,1.24,0.0,18.0,14.0,1.0,18.0,10.0,9.0,,,0.0,,,,,,,,,,,,,,,
ENG-Premier League,2324,Sheffield United,Gustavo Hamer,NED,MF,26.0,1997.0,36.0,34.0,2910.0,32.3,4.0,6.0,10.0,4.0,0.0,0.0,9.0,0.0,0.12,0.19,0.31,0.12,0.31,32.3,4.0,49.0,15.0,30.6,1.52,0.46,0.08,0.27,0.0,0.0,81.0,85.1,34,83.0,18,2,39.0,0,0.44,31.0,83.0,-52.0,-1.61,1.39,0.0,50.0,17.0,6.0,118.0,26.0,20.0,,,0.0,,,,,,,,,,,,,,,
ENG-Premier League,2324,Sheffield United,Ivo Grbić,CRO,GK,27.0,1996.0,9.0,9.0,771.0,8.6,0.0,0.0,0.0,0.0,0.0,0.0,1.0,0.0,0.0,0.0,0.0,0.0,0.0,8.6,0.0,0.0,0.0,,0.0,0.0,,,0.0,0.0,86.0,22.5,9,86.0,8,0,,5,0.33,11.0,25.0,-14.0,-1.63,0.23,0.0,0.0,2.0,0.0,0.0,0.0,0.0,,,0.0,25.0,2.92,62.0,37.0,59.7,0.0,3.0,6.0,0.0,0.0,1.0,0.0,0.0,1.0,
ENG-Premier League,2324,Sheffield United,Jack Robinson,ENG,DF,29.0,1993.0,34.0,31.0,2885.0,32.1,1.0,1.0,2.0,1.0,0.0,0.0,10.0,0.0,0.03,0.03,0.06,0.03,0.06,32.1,1.0,14.0,6.0,42.9,0.44,0.19,0.07,0.17,0.0,0.0,85.0,84.4,31,89.0,27,3,40.0,0,0.47,30.0,83.0,-53.0,-1.65,1.04,0.0,19.0,16.0,1.0,12.0,29.0,30.0,,,2.0,,,,,,,,,,,,,,,
ENG-Premier League,2324,Sheffield United,James Mcatee,ENG,"MF,FW",20.0,2002.0,30.0,20.0,1822.0,20.2,3.0,3.0,6.0,2.0,1.0,1.0,2.0,0.0,0.15,0.15,0.3,0.1,0.25,20.2,3.0,26.0,9.0,34.6,1.28,0.44,0.12,0.33,1.0,1.0,61.0,53.3,20,78.0,7,10,25.0,2,0.5,19.0,65.0,-46.0,-2.27,-0.98,0.0,15.0,29.0,1.0,35.0,11.0,20.0,,,0.0,,,,,,,,,,,,,,,
ENG-Premier League,2324,Sheffield United,Jayden Bogle,ENG,"MF,DF",23.0,2000.0,34.0,32.0,2788.0,31.0,3.0,0.0,3.0,3.0,0.0,0.0,9.0,0.0,0.1,0.0,0.1,0.1,0.1,31.0,3.0,32.0,11.0,34.4,1.03,0.36,0.09,0.27,0.0,0.0,82.0,81.5,32,84.0,23,2,43.0,1,0.44,29.0,79.0,-50.0,-1.61,1.09,0.0,39.0,22.0,4.0,41.0,32.0,37.0,,,1.0,,,,,,,,,,,,,,,
ENG-Premier League,2324,Sheffield United,John Egan,IRL,DF,30.0,1992.0,6.0,6.0,482.0,5.4,0.0,0.0,0.0,0.0,0.0,0.0,2.0,0.0,0.0,0.0,0.0,0.0,0.0,5.4,0.0,3.0,1.0,33.3,0.56,0.19,0.0,0.0,0.0,0.0,80.0,14.1,6,80.0,4,0,,0,0.17,4.0,17.0,-13.0,-2.43,-0.71,0.0,6.0,1.0,0.0,0.0,13.0,3.0,,,0.0,,,,,,,,,,,,,,,
ENG-Premier League,2324,Sheffield United,John Fleck,SCO,MF,31.0,1991.0,4.0,1.0,92.0,1.0,0.0,0.0,0.0,0.0,0.0,0.0,1.0,0.0,0.0,0.0,0.0,0.0,0.0,1.0,0.0,0.0,0.0,,0.0,0.0,,,0.0,0.0,23.0,2.7,1,45.0,0,3,16.0,5,0.0,1.0,5.0,-4.0,-3.91,-2.16,0.0,2.0,2.0,0.0,0.0,0.0,0.0,,,0.0,,,,,,,,,,,,,,,
ENG-Premier League,2324,Sheffield United,Luke Thomas,ENG,"MF,DF",22.0,2001.0,12.0,11.0,917.0,10.2,0.0,0.0,0.0,0.0,0.0,0.0,3.0,0.0,0.0,0.0,0.0,0.0,0.0,10.2,0.0,6.0,1.0,16.7,0.59,0.1,0.0,0.0,0.0,0.0,76.0,26.8,11,81.0,7,1,23.0,4,0.42,5.0,29.0,-24.0,-2.36,-0.74,0.0,10.0,13.0,0.0,13.0,10.0,9.0,,,0.0,,,,,,,,,,,,,,,
ENG-Premier League,2324,Sheffield United,Mason Holgate,JAM,DF,26.0,1996.0,10.0,9.0,710.0,7.9,0.0,0.0,0.0,0.0,0.0,0.0,3.0,1.0,0.0,0.0,0.0,0.0,0.0,7.9,0.0,3.0,0.0,0.0,0.38,0.0,0.0,,0.0,0.0,71.0,20.8,9,76.0,4,1,22.0,2,0.5,11.0,22.0,-11.0,-1.39,0.53,0.0,8.0,4.0,0.0,7.0,10.0,7.0,,,0.0,,,,,,,,,,,,,,,
ENG-Premier League,2324,Sheffield United,Max Lowe,ENG,"MF,DF",26.0,1997.0,10.0,4.0,503.0,5.6,0.0,0.0,0.0,0.0,0.0,0.0,1.0,0.0,0.0,0.0,0.0,0.0,0.0,5.6,0.0,2.0,0.0,0.0,0.36,0.0,0.0,,0.0,0.0,50.0,14.7,4,71.0,1,6,37.0,3,0.7,6.0,12.0,-6.0,-1.07,0.87,0.0,7.0,3.0,1.0,8.0,4.0,9.0,,,0.0,,,,,,,,,,,,,,,
ENG-Premier League,2324,Sheffield United,Oliver Arblaster,ENG,MF,19.0,2004.0,12.0,11.0,943.0,10.5,0.0,0.0,0.0,0.0,0.0,0.0,2.0,0.0,0.0,0.0,0.0,0.0,0.0,10.5,0.0,1.0,1.0,100.0,0.1,0.1,0.0,0.0,0.0,0.0,79.0,27.6,11,83.0,7,1,27.0,2,0.25,13.0,28.0,-15.0,-1.43,0.53,0.0,10.0,12.0,0.0,7.0,15.0,17.0,,,1.0,,,,,,,,,,,,,,,
ENG-Premier League,2324,Sheffield United,Oliver McBurnie,SCO,FW,27.0,1996.0,21.0,15.0,1280.0,14.2,6.0,3.0,9.0,4.0,2.0,2.0,7.0,2.0,0.42,0.21,0.63,0.28,0.49,14.2,6.0,33.0,17.0,51.5,2.32,1.2,0.18,0.35,2.0,2.0,61.0,37.4,15,75.0,6,6,25.0,3,0.29,20.0,38.0,-18.0,-1.27,0.88,2.0,19.0,27.0,4.0,5.0,5.0,6.0,,,0.0,,,,,,,,,,,,,,,
ENG-Premier League,2324,Sheffield United,Oliver Norwood,NIR,MF,32.0,1991.0,27.0,16.0,1440.0,16.0,1.0,0.0,1.0,0.0,1.0,1.0,8.0,0.0,0.06,0.0,0.06,0.0,0.0,16.0,1.0,15.0,6.0,40.0,0.94,0.37,0.07,0.17,1.0,1.0,53.0,42.1,16,82.0,12,11,11.0,9,0.44,12.0,47.0,-35.0,-2.19,-0.64,0.0,15.0,9.0,0.0,52.0,19.0,26.0,,,0.0,,,,,,,,,,,,,,,
ENG-Premier League,2324,Sheffield United,Rhian Brewster,ENG,FW,23.0,2000.0,13.0,3.0,346.0,3.8,0.0,0.0,0.0,0.0,0.0,0.0,0.0,1.0,0.0,0.0,0.0,0.0,0.0,3.8,0.0,7.0,3.0,42.9,1.82,0.78,0.0,0.0,0.0,0.0,27.0,10.1,3,61.0,0,10,16.0,1,0.54,0.0,8.0,-8.0,-2.08,-0.29,0.0,5.0,5.0,1.0,3.0,1.0,1.0,,,0.0,,,,,,,,,,,,,,,
ENG-Premier League,2324,Sheffield United,Rhys Norrington-Davies,WAL,DF,24.0,1999.0,5.0,2.0,110.0,1.2,0.0,0.0,0.0,0.0,0.0,0.0,1.0,0.0,0.0,0.0,0.0,0.0,0.0,1.2,0.0,0.0,0.0,,0.0,0.0,,,0.0,0.0,22.0,3.2,2,27.0,0,3,19.0,1,0.8,1.0,6.0,-5.0,-4.09,-2.35,0.0,3.0,1.0,1.0,2.0,1.0,1.0,,,0.0,,,,,,,,,,,,,,,
ENG-Premier League,2324,Sheffield United,Ryan One,SCO,MF,17.0,2006.0,1.0,0.0,8.0,0.1,0.0,0.0,0.0,0.0,0.0,0.0,0.0,0.0,0.0,0.0,0.0,0.0,0.0,0.1,0.0,0.0,0.0,,0.0,0.0,,,0.0,0.0,8.0,0.2,0,,0,1,8.0,3,0.0,0.0,2.0,-2.0,-22.5,-20.73,0.0,0.0,0.0,0.0,0.0,0.0,0.0,,,0.0,,,,,,,,,,,,,,,
ENG-Premier League,2324,Sheffield United,Sam Curtis,IRL,DF,17.0,2005.0,1.0,0.0,28.0,0.3,0.0,0.0,0.0,0.0,0.0,0.0,0.0,0.0,0.0,0.0,0.0,0.0,0.0,0.3,0.0,0.0,0.0,,0.0,0.0,,,0.0,0.0,28.0,0.8,0,,0,1,28.0,8,0.0,0.0,0.0,0.0,0.0,1.83,0.0,0.0,0.0,0.0,1.0,0.0,0.0,,,0.0,,,,,,,,,,,,,,,
ENG-Premier League,2324,Sheffield United,Sydie Peck,ENG,MF,18.0,2004.0,1.0,0.0,10.0,0.1,0.0,0.0,0.0,0.0,0.0,0.0,0.0,0.0,0.0,0.0,0.0,0.0,0.0,0.1,0.0,0.0,0.0,,0.0,0.0,,,0.0,0.0,10.0,0.3,0,,0,1,10.0,1,3.0,0.0,0.0,0.0,0.0,1.82,0.0,0.0,0.0,0.0,0.0,0.0,0.0,,,0.0,,,,,,,,,,,,,,,
ENG-Premier League,2324,Sheffield United,Tom Davies,ENG,MF,25.0,1998.0,9.0,2.0,221.0,2.5,0.0,0.0,0.0,0.0,0.0,0.0,2.0,0.0,0.0,0.0,0.0,0.0,0.0,2.5,0.0,4.0,1.0,25.0,1.63,0.41,0.0,0.0,0.0,0.0,25.0,6.5,2,45.0,0,7,19.0,1,0.44,2.0,11.0,-9.0,-3.67,-1.98,0.0,7.0,2.0,0.0,4.0,3.0,5.0,,,0.0,,,,,,,,,,,,,,,
ENG-Premier League,2324,Sheffield United,Vinicius Souza,BRA,MF,24.0,1999.0,36.0,29.0,2668.0,29.6,1.0,0.0,1.0,1.0,0.0,0.0,3.0,0.0,0.03,0.0,0.03,0.03,0.03,29.6,1.0,14.0,6.0,42.9,0.47,0.2,0.07,0.17,0.0,0.0,74.0,78.0,29,84.0,20,7,32.0,2,0.44,27.0,80.0,-53.0,-1.79,0.13,0.0,48.0,14.0,2.0,10.0,30.0,73.0,,,0.0,,,,,,,,,,,,,,,
ENG-Premier League,2324,Sheffield United,Wes Foderingham,ENG,GK,32.0,1991.0,30.0,29.0,2649.0,29.4,0.0,0.0,0.0,0.0,0.0,0.0,2.0,0.0,0.0,0.0,0.0,0.0,0.0,29.4,0.0,0.0,0.0,,0.0,0.0,,,0.0,0.0,88.0,77.5,29,90.0,29,1,39.0,8,0.43,24.0,79.0,-55.0,-1.87,-0.23,0.0,1.0,12.0,0.0,0.0,0.0,5.0,,,1.0,79.0,2.68,212.0,133.0,62.7,3.0,4.0,22.0,1.0,3.4,6.0,5.0,0.0,1.0,0.0
ENG-Premier League,2324,Sheffield United,William Osula,DEN,FW,19.0,2003.0,21.0,9.0,786.0,8.7,0.0,0.0,0.0,0.0,0.0,0.0,4.0,0.0,0.0,0.0,0.0,0.0,0.0,8.7,0.0,21.0,8.0,38.1,2.4,0.92,0.0,0.0,0.0,0.0,37.0,23.0,9,60.0,1,12,20.0,9,0.29,4.0,23.0,-19.0,-2.18,-0.47,0.0,15.0,12.0,6.0,2.0,2.0,2.0,,,0.0,,,,,,,,,,,,,,,
ENG-Premier League,2324,Sheffield United,Yasser Larouci,ALG,MF,22.0,2001.0,11.0,6.0,531.0,5.9,0.0,0.0,0.0,0.0,0.0,0.0,1.0,0.0,0.0,0.0,0.0,0.0,0.0,5.9,0.0,6.0,1.0,16.7,1.02,0.17,0.0,0.0,0.0,0.0,48.0,15.5,6,61.0,0,5,33.0,23,0.18,5.0,11.0,-6.0,-1.02,0.95,0.0,5.0,5.0,1.0,6.0,7.0,9.0,,,0.0,,,,,,,,,,,,,,,
ENG-Premier League,2324,Tottenham,Alejo Véliz,ARG,FW,19.0,2003.0,8.0,0.0,50.0,0.6,1.0,0.0,1.0,1.0,0.0,0.0,1.0,0.0,1.8,0.0,1.8,1.8,1.8,0.6,1.0,2.0,1.0,50.0,3.6,1.8,0.5,1.0,0.0,0.0,6.0,1.5,0,,0,8,6.0,5,1.88,3.0,2.0,1.0,1.8,1.48,0.0,0.0,1.0,3.0,0.0,0.0,0.0,,,0.0,,,,,,,,,,,,,,,
ENG-Premier League,2324,Tottenham,Ben Davies,WAL,DF,30.0,1993.0,17.0,12.0,1090.0,12.1,1.0,0.0,1.0,1.0,0.0,0.0,2.0,0.0,0.08,0.0,0.08,0.08,0.08,12.1,1.0,12.0,2.0,16.7,0.99,0.17,0.08,0.5,0.0,0.0,64.0,31.9,12,86.0,10,5,12.0,13,1.82,25.0,21.0,4.0,0.33,-0.02,0.0,8.0,19.0,0.0,10.0,10.0,16.0,,,0.0,,,,,,,,,,,,,,,
ENG-Premier League,2324,Tottenham,Brennan Johnson,WAL,"MF,FW",22.0,2001.0,32.0,23.0,2085.0,23.2,5.0,10.0,15.0,5.0,0.0,0.0,3.0,0.0,0.22,0.43,0.65,0.22,0.65,23.2,5.0,50.0,21.0,42.0,2.16,0.91,0.1,0.24,0.0,0.0,65.0,61.0,23,79.0,8,9,31.0,0,1.56,49.0,37.0,12.0,0.52,0.45,0.0,17.0,29.0,12.0,71.0,9.0,15.0,,,0.0,,,,,,,,,,,,,,,
ENG-Premier League,2324,Tottenham,Bryan Gil,ESP,MF,22.0,2001.0,11.0,2.0,209.0,2.3,0.0,0.0,0.0,0.0,0.0,0.0,0.0,0.0,0.0,0.0,0.0,0.0,0.0,2.3,0.0,4.0,1.0,25.0,1.72,0.43,0.0,0.0,0.0,0.0,19.0,6.1,2,58.0,0,9,10.0,13,1.09,4.0,11.0,-7.0,-3.01,-3.57,0.0,2.0,3.0,1.0,12.0,2.0,0.0,,,0.0,,,,,,,,,,,,,,,
ENG-Premier League,2324,Tottenham,Cristian Romero,ARG,DF,25.0,1998.0,33.0,33.0,2790.0,31.0,5.0,0.0,5.0,5.0,0.0,0.0,7.0,1.0,0.16,0.0,0.16,0.16,0.16,31.0,5.0,24.0,10.0,41.7,0.77,0.32,0.21,0.5,0.0,0.0,85.0,81.6,33,85.0,30,0,,0,1.88,63.0,42.0,21.0,0.68,1.82,0.0,31.0,24.0,1.0,3.0,43.0,41.0,,,1.0,,,,,,,,,,,,,,,
ENG-Premier League,2324,Tottenham,Dane Scarlett,ENG,FW,19.0,2004.0,4.0,0.0,22.0,0.2,0.0,0.0,0.0,0.0,0.0,0.0,0.0,0.0,0.0,0.0,0.0,0.0,0.0,0.2,0.0,0.0,0.0,,0.0,0.0,,,0.0,0.0,6.0,0.6,0,,0,4,6.0,4,3.0,1.0,0.0,1.0,4.09,3.77,0.0,1.0,2.0,0.0,0.0,0.0,1.0,,,0.0,,,,,,,,,,,,,,,
ENG-Premier League,2324,Tottenham,Davinson Sánchez,COL,DF,27.0,1996.0,1.0,0.0,77.0,0.9,0.0,0.0,0.0,0.0,0.0,0.0,1.0,0.0,0.0,0.0,0.0,0.0,0.0,0.9,0.0,1.0,0.0,0.0,1.17,0.0,0.0,,0.0,0.0,77.0,2.3,0,,0,1,77.0,3,1.0,1.0,2.0,-1.0,-1.17,-1.55,0.0,2.0,1.0,0.0,0.0,1.0,0.0,,,0.0,,,,,,,,,,,,,,,
ENG-Premier League,2324,Tottenham,Dejan Kulusevski,SWE,"MF,FW",23.0,2000.0,36.0,31.0,2762.0,30.7,8.0,3.0,11.0,8.0,0.0,0.0,7.0,0.0,0.26,0.1,0.36,0.26,0.36,30.7,8.0,57.0,24.0,42.1,1.86,0.78,0.14,0.33,0.0,0.0,77.0,80.8,31,85.0,21,5,26.0,0,1.72,57.0,46.0,11.0,0.36,0.08,0.0,54.0,29.0,10.0,89.0,17.0,33.0,,,0.0,,,,,,,,,,,,,,,
ENG-Premier League,2324,Tottenham,Destiny Udogie,ITA,DF,20.0,2002.0,28.0,28.0,2391.0,26.6,2.0,3.0,5.0,2.0,0.0,0.0,7.0,1.0,0.08,0.11,0.19,0.08,0.19,26.6,2.0,9.0,5.0,55.6,0.34,0.19,0.22,0.4,0.0,0.0,85.0,69.9,28,85.0,21,0,,0,1.93,56.0,40.0,16.0,0.6,0.86,1.0,51.0,36.0,3.0,22.0,37.0,33.0,,,0.0,,,,,,,,,,,,,,,
ENG-Premier League,2324,Tottenham,Emerson,BRA,DF,24.0,1999.0,22.0,11.0,1161.0,12.9,1.0,0.0,1.0,1.0,0.0,0.0,4.0,0.0,0.08,0.0,0.08,0.08,0.08,12.9,1.0,6.0,3.0,50.0,0.47,0.23,0.17,0.33,0.0,0.0,53.0,33.9,11,86.0,8,11,19.0,16,1.64,22.0,31.0,-9.0,-0.7,-1.57,0.0,14.0,38.0,0.0,14.0,18.0,24.0,,,0.0,,,,,,,,,,,,,,,
ENG-Premier League,2324,Tottenham,Eric Dier,ENG,DF,29.0,1994.0,4.0,1.0,201.0,2.2,0.0,0.0,0.0,0.0,0.0,0.0,0.0,0.0,0.0,0.0,0.0,0.0,0.0,2.2,0.0,0.0,0.0,,0.0,0.0,,,0.0,0.0,50.0,5.9,1,90.0,1,3,37.0,8,1.5,1.0,8.0,-7.0,-3.13,-3.69,0.0,0.0,1.0,2.0,0.0,1.0,1.0,,,0.0,,,,,,,,,,,,,,,
ENG-Premier League,2324,Tottenham,Giovani Lo Celso,ARG,MF,27.0,1996.0,22.0,4.0,506.0,5.6,2.0,2.0,4.0,2.0,0.0,0.0,2.0,0.0,0.36,0.36,0.71,0.36,0.71,5.6,2.0,13.0,6.0,46.2,2.31,1.07,0.15,0.33,0.0,0.0,23.0,14.8,4,78.0,0,18,11.0,6,1.32,12.0,12.0,0.0,0.0,-0.4,0.0,12.0,26.0,1.0,14.0,5.0,13.0,,,0.0,,,,,,,,,,,,,,,
ENG-Premier League,2324,Tottenham,Guglielmo Vicario,ITA,GK,26.0,1996.0,38.0,38.0,3420.0,38.0,0.0,0.0,0.0,0.0,0.0,0.0,2.0,0.0,0.0,0.0,0.0,0.0,0.0,38.0,0.0,0.0,0.0,,0.0,0.0,,,0.0,0.0,90.0,100.0,38,90.0,38,0,,0,1.74,74.0,61.0,13.0,0.34,,0.0,0.0,8.0,0.0,0.0,1.0,0.0,,,0.0,61.0,1.61,171.0,110.0,64.3,20.0,6.0,12.0,6.0,15.8,7.0,7.0,0.0,0.0,0.0
ENG-Premier League,2324,Tottenham,Ivan Perišić,CRO,"FW,MF",34.0,1989.0,5.0,0.0,103.0,1.1,0.0,1.0,1.0,0.0,0.0,0.0,2.0,0.0,0.0,0.87,0.87,0.0,0.87,1.1,0.0,2.0,0.0,0.0,1.75,0.0,0.0,,0.0,0.0,21.0,3.0,0,,0,5,21.0,0,2.6,4.0,1.0,3.0,2.62,2.35,0.0,2.0,1.0,0.0,13.0,2.0,2.0,,,0.0,,,,,,,,,,,,,,,
ENG-Premier League,2324,Tottenham,James Maddison,ENG,MF,26.0,1996.0,28.0,26.0,2135.0,23.7,4.0,9.0,13.0,4.0,0.0,0.0,5.0,0.0,0.17,0.38,0.55,0.17,0.55,23.7,4.0,57.0,22.0,38.6,2.4,0.93,0.07,0.18,0.0,0.0,76.0,62.4,26,80.0,4,2,29.0,0,1.86,47.0,30.0,17.0,0.72,1.0,0.0,21.0,74.0,2.0,134.0,14.0,19.0,,,0.0,,,,,,,,,,,,,,,
ENG-Premier League,2324,Tottenham,Jamie Donley,NIR,MF,18.0,2005.0,3.0,0.0,3.0,0.0,0.0,0.0,0.0,0.0,0.0,0.0,1.0,0.0,0.0,0.0,0.0,0.0,0.0,0.0,0.0,0.0,0.0,,0.0,0.0,,,0.0,0.0,1.0,0.1,0,,0,3,1.0,10,2.33,0.0,0.0,0.0,0.0,-0.34,0.0,1.0,1.0,0.0,0.0,0.0,0.0,,,0.0,,,,,,,,,,,,,,,
ENG-Premier League,2324,Tottenham,Manor Solomon,ISR,MF,24.0,1999.0,5.0,2.0,199.0,2.2,0.0,2.0,2.0,0.0,0.0,0.0,1.0,0.0,0.0,0.9,0.9,0.0,0.9,2.2,0.0,7.0,1.0,14.3,3.17,0.45,0.0,0.0,0.0,0.0,40.0,5.8,2,73.0,0,3,18.0,2,2.6,6.0,2.0,4.0,1.81,1.56,0.0,2.0,1.0,1.0,5.0,3.0,3.0,,,0.0,,,,,,,,,,,,,,,
ENG-Premier League,2324,Tottenham,Micky van de Ven,NED,DF,22.0,2001.0,27.0,27.0,2339.0,26.0,3.0,0.0,3.0,3.0,0.0,0.0,5.0,0.0,0.12,0.0,0.12,0.12,0.12,26.0,3.0,8.0,3.0,37.5,0.31,0.12,0.38,1.0,0.0,0.0,87.0,68.4,27,87.0,23,0,,1,1.85,47.0,38.0,9.0,0.35,0.01,0.0,13.0,17.0,1.0,3.0,17.0,34.0,,,0.0,,,,,,,,,,,,,,,
ENG-Premier League,2324,Tottenham,Mikey Moore,ENG,MF,15.0,2007.0,2.0,0.0,4.0,0.0,0.0,0.0,0.0,0.0,0.0,0.0,0.0,0.0,0.0,0.0,0.0,0.0,0.0,0.0,0.0,0.0,0.0,,0.0,0.0,,,0.0,0.0,2.0,0.1,0,,0,2,2.0,3,1.5,0.0,0.0,0.0,0.0,-0.34,0.0,1.0,0.0,0.0,0.0,0.0,0.0,,,0.0,,,,,,,,,,,,,,,
ENG-Premier League,2324,Tottenham,Oliver Skipp,ENG,"MF,DF",22.0,2000.0,21.0,5.0,707.0,7.9,0.0,0.0,0.0,0.0,0.0,0.0,3.0,0.0,0.0,0.0,0.0,0.0,0.0,7.9,0.0,4.0,1.0,25.0,0.51,0.13,0.0,0.0,0.0,0.0,34.0,20.7,5,73.0,1,16,21.0,10,1.9,15.0,17.0,-2.0,-0.25,-0.75,0.0,8.0,12.0,0.0,1.0,4.0,13.0,,,0.0,,,,,,,,,,,,,,,
ENG-Premier League,2324,Tottenham,Pape Matar Sarr,SEN,MF,20.0,2002.0,34.0,27.0,2069.0,23.0,3.0,3.0,6.0,3.0,0.0,0.0,9.0,0.0,0.13,0.13,0.26,0.13,0.26,23.0,3.0,36.0,14.0,38.9,1.57,0.61,0.08,0.21,0.0,0.0,61.0,60.5,27,71.0,4,7,23.0,0,1.79,40.0,27.0,13.0,0.57,0.57,0.0,32.0,17.0,0.0,25.0,30.0,24.0,,,0.0,,,,,,,,,,,,,,,
ENG-Premier League,2324,Tottenham,Pedro Porro,ESP,DF,23.0,1999.0,35.0,35.0,3089.0,34.3,3.0,7.0,10.0,3.0,0.0,0.0,3.0,0.0,0.09,0.2,0.29,0.09,0.29,34.3,3.0,53.0,12.0,22.6,1.54,0.35,0.06,0.25,0.0,0.0,88.0,90.3,35,88.0,31,0,,1,1.77,66.0,54.0,12.0,0.35,0.08,0.0,37.0,27.0,1.0,198.0,33.0,65.0,,,0.0,,,,,,,,,,,,,,,
ENG-Premier League,2324,Tottenham,Pierre Højbjerg,DEN,MF,27.0,1995.0,36.0,8.0,1311.0,14.6,0.0,0.0,0.0,0.0,0.0,0.0,4.0,0.0,0.0,0.0,0.0,0.0,0.0,14.6,0.0,19.0,6.0,31.6,1.3,0.41,0.0,0.0,0.0,0.0,36.0,38.3,8,83.0,4,28,23.0,2,1.81,32.0,28.0,4.0,0.27,-0.11,0.0,20.0,17.0,0.0,14.0,16.0,16.0,,,1.0,,,,,,,,,,,,,,,
ENG-Premier League,2324,Tottenham,Radu Drăgușin,ROU,DF,21.0,2002.0,9.0,4.0,429.0,4.8,0.0,0.0,0.0,0.0,0.0,0.0,1.0,0.0,0.0,0.0,0.0,0.0,0.0,4.8,0.0,1.0,0.0,0.0,0.21,0.0,0.0,,0.0,0.0,48.0,12.5,4,90.0,4,5,14.0,9,1.89,10.0,7.0,3.0,0.63,0.33,0.0,6.0,4.0,1.0,1.0,8.0,3.0,,,0.0,,,,,,,,,,,,,,,
ENG-Premier League,2324,Tottenham,Richarlison,BRA,"FW,MF",26.0,1997.0,28.0,18.0,1491.0,16.6,11.0,4.0,15.0,11.0,0.0,0.0,3.0,0.0,0.66,0.24,0.91,0.66,0.91,16.6,11.0,61.0,25.0,41.0,3.68,1.51,0.18,0.44,0.0,0.0,53.0,43.6,18,74.0,6,10,15.0,1,1.82,36.0,18.0,18.0,1.09,1.32,0.0,20.0,30.0,12.0,15.0,8.0,11.0,,,0.0,,,,,,,,,,,,,,,
ENG-Premier League,2324,Tottenham,Rodrigo Bentancur,URU,MF,26.0,1997.0,23.0,13.0,1005.0,11.2,1.0,1.0,2.0,1.0,0.0,0.0,7.0,0.0,0.09,0.09,0.18,0.09,0.18,11.2,1.0,18.0,5.0,27.8,1.61,0.45,0.06,0.2,0.0,0.0,44.0,29.4,13,59.0,1,10,24.0,0,1.43,17.0,25.0,-8.0,-0.72,-1.5,0.0,20.0,17.0,0.0,9.0,16.0,16.0,,,0.0,,,,,,,,,,,,,,,
ENG-Premier League,2324,Tottenham,Son Heung-min,KOR,"FW,MF",31.0,1992.0,35.0,34.0,2934.0,32.6,17.0,10.0,27.0,15.0,2.0,2.0,1.0,0.0,0.52,0.31,0.83,0.46,0.77,32.6,17.0,85.0,40.0,47.1,2.61,1.23,0.2,0.43,2.0,2.0,84.0,85.8,34,85.0,19,1,29.0,0,1.74,63.0,51.0,12.0,0.37,0.18,0.0,12.0,39.0,20.0,36.0,8.0,13.0,,,1.0,,,,,,,,,,,,,,,
ENG-Premier League,2324,Tottenham,Timo Werner,GER,"MF,FW",27.0,1996.0,13.0,10.0,809.0,9.0,2.0,3.0,5.0,2.0,0.0,0.0,1.0,0.0,0.22,0.33,0.56,0.22,0.56,9.0,2.0,29.0,7.0,24.1,3.23,0.78,0.07,0.29,0.0,0.0,62.0,23.7,10,76.0,2,3,16.0,0,1.62,18.0,16.0,2.0,0.22,-0.16,0.0,3.0,5.0,12.0,28.0,3.0,4.0,,,0.0,,,,,,,,,,,,,,,
ENG-Premier League,2324,Tottenham,Yves Bissouma,MLI,MF,26.0,1996.0,28.0,26.0,2068.0,23.0,0.0,0.0,0.0,0.0,0.0,0.0,10.0,2.0,0.0,0.0,0.0,0.0,0.0,23.0,0.0,24.0,5.0,20.8,1.04,0.22,0.0,0.0,0.0,0.0,74.0,60.5,26,77.0,8,2,28.0,0,1.75,44.0,35.0,9.0,0.39,0.13,1.0,35.0,31.0,0.0,1.0,34.0,51.0,,,0.0,,,,,,,,,,,,,,,
ENG-Premier League,2324,West Ham,Aaron Cresswell,ENG,DF,33.0,1989.0,11.0,4.0,436.0,4.8,0.0,0.0,0.0,0.0,0.0,0.0,1.0,0.0,0.0,0.0,0.0,0.0,0.0,4.8,0.0,0.0,0.0,,0.0,0.0,,,0.0,0.0,40.0,12.7,4,77.0,2,7,18.0,21,1.0,6.0,11.0,-5.0,-1.03,-0.76,0.0,2.0,3.0,1.0,11.0,4.0,2.0,,,0.0,,,,,,,,,,,,,,,
ENG-Premier League,2324,West Ham,Alphonse Areola,FRA,GK,30.0,1993.0,31.0,31.0,2699.0,30.0,0.0,0.0,0.0,0.0,0.0,0.0,1.0,0.0,0.0,0.0,0.0,0.0,0.0,30.0,0.0,0.0,0.0,,0.0,0.0,,,0.0,0.0,87.0,78.9,31,87.0,28,0,,2,1.35,49.0,53.0,-4.0,-0.13,1.11,0.0,2.0,3.0,0.0,0.0,1.0,1.0,,,1.0,53.0,1.77,189.0,136.0,72.0,11.0,9.0,11.0,4.0,12.9,7.0,5.0,2.0,0.0,28.6
ENG-Premier League,2324,West Ham,Angelo Ogbonna,ITA,DF,35.0,1988.0,11.0,7.0,635.0,7.1,0.0,0.0,0.0,0.0,0.0,0.0,1.0,0.0,0.0,0.0,0.0,0.0,0.0,7.1,0.0,1.0,0.0,0.0,0.14,0.0,0.0,,0.0,0.0,58.0,18.6,7,83.0,5,4,13.0,27,1.82,12.0,14.0,-2.0,-0.28,0.1,0.0,1.0,3.0,0.0,0.0,3.0,5.0,,,0.0,,,,,,,,,,,,,,,
ENG-Premier League,2324,West Ham,Ben Johnson,ENG,"MF,DF",23.0,2000.0,14.0,4.0,544.0,6.0,0.0,0.0,0.0,0.0,0.0,0.0,1.0,0.0,0.0,0.0,0.0,0.0,0.0,6.0,0.0,6.0,2.0,33.3,0.99,0.33,0.0,0.0,0.0,0.0,39.0,15.9,4,90.0,4,10,18.0,11,1.14,5.0,16.0,-11.0,-1.82,-1.73,0.0,2.0,7.0,1.0,31.0,5.0,6.0,,,0.0,,,,,,,,,,,,,,,
ENG-Premier League,2324,West Ham,Danny Ings,ENG,"FW,MF",31.0,1992.0,20.0,3.0,404.0,4.5,1.0,0.0,1.0,1.0,0.0,0.0,1.0,0.0,0.22,0.0,0.22,0.22,0.22,4.5,1.0,12.0,4.0,33.3,2.67,0.89,0.08,0.25,0.0,0.0,20.0,11.8,3,80.0,1,17,10.0,18,0.95,5.0,10.0,-5.0,-1.11,-0.85,0.0,4.0,6.0,1.0,1.0,4.0,3.0,,,0.0,,,,,,,,,,,,,,,
ENG-Premier League,2324,West Ham,Divin Mubama,ENG,FW,18.0,2004.0,5.0,0.0,80.0,0.9,0.0,0.0,0.0,0.0,0.0,0.0,0.0,0.0,0.0,0.0,0.0,0.0,0.0,0.9,0.0,1.0,0.0,0.0,1.13,0.0,0.0,,0.0,0.0,16.0,2.3,0,,0,5,16.0,26,1.6,2.0,2.0,0.0,0.0,0.38,0.0,1.0,1.0,0.0,0.0,0.0,0.0,,,0.0,,,,,,,,,,,,,,,
ENG-Premier League,2324,West Ham,Edson Álvarez,MEX,MF,25.0,1997.0,31.0,28.0,2377.0,26.4,1.0,1.0,2.0,1.0,0.0,0.0,11.0,0.0,0.04,0.04,0.08,0.04,0.08,26.4,1.0,17.0,3.0,17.6,0.64,0.11,0.06,0.33,0.0,0.0,77.0,69.5,28,82.0,18,3,25.0,1,1.48,39.0,45.0,-6.0,-0.23,0.46,0.0,33.0,15.0,1.0,4.0,43.0,40.0,,,0.0,,,,,,,,,,,,,,,
ENG-Premier League,2324,West Ham,Emerson Palmieri,ITA,DF,28.0,1994.0,36.0,35.0,3137.0,34.9,1.0,2.0,3.0,1.0,0.0,0.0,10.0,0.0,0.03,0.06,0.09,0.03,0.09,34.9,1.0,19.0,4.0,21.1,0.55,0.11,0.05,0.25,0.0,0.0,87.0,91.7,35,88.0,29,1,45.0,0,1.42,56.0,67.0,-11.0,-0.32,0.64,0.0,32.0,33.0,1.0,49.0,40.0,67.0,,,1.0,,,,,,,,,,,,,,,
ENG-Premier League,2324,West Ham,George Earthy,ENG,MF,18.0,2004.0,3.0,0.0,34.0,0.4,1.0,0.0,1.0,1.0,0.0,0.0,0.0,0.0,2.65,0.0,2.65,2.65,2.65,0.4,1.0,1.0,1.0,100.0,2.65,2.65,1.0,1.0,0.0,0.0,11.0,1.0,0,,0,3,11.0,6,1.0,1.0,0.0,1.0,2.65,3.05,0.0,1.0,0.0,0.0,0.0,1.0,0.0,,,0.0,,,,,,,,,,,,,,,
ENG-Premier League,2324,West Ham,James Ward-Prowse,ENG,MF,28.0,1994.0,37.0,34.0,3001.0,33.3,7.0,7.0,14.0,5.0,2.0,2.0,4.0,0.0,0.21,0.21,0.42,0.15,0.36,33.3,7.0,44.0,18.0,40.9,1.32,0.54,0.16,0.39,2.0,2.0,81.0,87.7,34,86.0,28,3,23.0,0,1.38,53.0,65.0,-12.0,-0.36,0.07,0.0,24.0,20.0,0.0,189.0,38.0,30.0,,,0.0,,,,,,,,,,,,,,,
ENG-Premier League,2324,West Ham,Jarrod Bowen,ENG,"MF,FW",26.0,1996.0,34.0,34.0,3019.0,33.5,16.0,6.0,22.0,16.0,0.0,0.0,2.0,0.0,0.48,0.18,0.66,0.48,0.66,33.5,16.0,85.0,37.0,43.5,2.53,1.1,0.19,0.43,0.0,0.0,89.0,88.3,34,89.0,31,0,,0,1.44,53.0,63.0,-10.0,-0.3,0.6,0.0,28.0,42.0,20.0,74.0,19.0,29.0,,,0.0,,,,,,,,,,,,,,,
ENG-Premier League,2324,West Ham,Kaelan Casey,ENG,DF,18.0,2004.0,1.0,0.0,1.0,0.0,0.0,0.0,0.0,0.0,0.0,0.0,0.0,0.0,0.0,0.0,0.0,0.0,0.0,0.0,0.0,0.0,0.0,,0.0,0.0,,,0.0,0.0,1.0,0.0,0,,0,1,1.0,7,3.0,0.0,0.0,0.0,0.0,0.37,0.0,0.0,0.0,0.0,0.0,0.0,0.0,,,0.0,,,,,,,,,,,,,,,
ENG-Premier League,2324,West Ham,Kalvin Phillips,ENG,MF,27.0,1995.0,8.0,3.0,309.0,3.4,0.0,0.0,0.0,0.0,0.0,0.0,3.0,1.0,0.0,0.0,0.0,0.0,0.0,3.4,0.0,3.0,2.0,66.7,0.87,0.58,0.0,0.0,0.0,0.0,39.0,9.0,3,61.0,0,5,25.0,4,0.63,5.0,10.0,-5.0,-1.46,-1.2,1.0,14.0,5.0,0.0,1.0,3.0,5.0,,,0.0,,,,,,,,,,,,,,,
ENG-Premier League,2324,West Ham,Konstantinos Mavropanos,GRE,DF,25.0,1997.0,19.0,16.0,1500.0,16.7,1.0,0.0,1.0,1.0,0.0,0.0,2.0,0.0,0.06,0.0,0.06,0.06,0.06,16.7,1.0,12.0,3.0,25.0,0.72,0.18,0.08,0.33,0.0,0.0,79.0,43.9,16,88.0,15,3,30.0,10,1.32,27.0,27.0,0.0,0.0,0.66,0.0,15.0,10.0,0.0,1.0,24.0,15.0,,,2.0,,,,,,,,,,,,,,,
ENG-Premier League,2324,West Ham,Kurt Zouma,FRA,DF,28.0,1994.0,33.0,32.0,2838.0,31.5,3.0,0.0,3.0,3.0,0.0,0.0,3.0,0.0,0.1,0.0,0.1,0.1,0.1,31.5,3.0,16.0,7.0,43.8,0.51,0.22,0.19,0.43,0.0,0.0,86.0,83.0,32,88.0,29,1,31.0,1,1.39,53.0,63.0,-10.0,-0.32,0.3,0.0,24.0,6.0,0.0,0.0,27.0,17.0,,,0.0,,,,,,,,,,,,,,,
ENG-Premier League,2324,West Ham,Lucas Paquetá,BRA,MF,25.0,1997.0,31.0,31.0,2622.0,29.1,4.0,6.0,10.0,2.0,2.0,2.0,10.0,0.0,0.14,0.21,0.34,0.07,0.27,29.1,4.0,42.0,11.0,26.2,1.44,0.38,0.1,0.36,2.0,2.0,85.0,76.7,31,85.0,15,0,,0,1.58,52.0,52.0,0.0,0.0,1.58,0.0,47.0,65.0,5.0,37.0,22.0,46.0,,,0.0,,,,,,,,,,,,,,,
ENG-Premier League,2324,West Ham,Maxwel Cornet,CIV,MF,26.0,1996.0,7.0,1.0,112.0,1.2,1.0,0.0,1.0,1.0,0.0,0.0,0.0,0.0,0.8,0.0,0.8,0.8,0.8,1.2,1.0,4.0,1.0,25.0,3.21,0.8,0.25,1.0,0.0,0.0,16.0,3.3,1,69.0,0,6,7.0,21,0.43,2.0,3.0,-1.0,-0.8,-0.45,0.0,2.0,2.0,3.0,1.0,2.0,2.0,,,0.0,,,,,,,,,,,,,,,
ENG-Premier League,2324,West Ham,Michail Antonio,JAM,FW,33.0,1990.0,26.0,21.0,1695.0,18.8,6.0,2.0,8.0,6.0,0.0,0.0,6.0,0.0,0.32,0.11,0.42,0.32,0.42,18.8,6.0,30.0,14.0,46.7,1.59,0.74,0.2,0.43,0.0,0.0,65.0,49.6,21,75.0,2,5,26.0,0,1.27,32.0,34.0,-2.0,-0.11,0.52,0.0,25.0,28.0,9.0,25.0,2.0,8.0,,,0.0,,,,,,,,,,,,,,,
ENG-Premier League,2324,West Ham,Mohammed Kudus,GHA,MF,22.0,2000.0,33.0,27.0,2484.0,27.6,8.0,6.0,14.0,8.0,0.0,0.0,6.0,0.0,0.29,0.22,0.51,0.29,0.51,27.6,8.0,67.0,17.0,25.4,2.43,0.62,0.12,0.47,0.0,0.0,75.0,72.6,27,88.0,18,6,17.0,0,1.3,40.0,61.0,-21.0,-0.76,-1.43,0.0,39.0,75.0,16.0,95.0,11.0,46.0,,,0.0,,,,,,,,,,,,,,,
ENG-Premier League,2324,West Ham,Nayef Aguerd,MAR,DF,27.0,1996.0,21.0,21.0,1857.0,20.6,1.0,0.0,1.0,1.0,0.0,0.0,3.0,1.0,0.05,0.0,0.05,0.05,0.05,20.6,1.0,14.0,4.0,28.6,0.68,0.19,0.07,0.25,0.0,0.0,88.0,54.3,21,88.0,19,0,,4,1.19,26.0,44.0,-18.0,-0.87,-1.1,1.0,10.0,6.0,0.0,5.0,16.0,14.0,,,0.0,,,,,,,,,,,,,,,
ENG-Premier League,2324,West Ham,Pablo Fornals,ESP,MF,27.0,1996.0,15.0,4.0,426.0,4.7,0.0,0.0,0.0,0.0,0.0,0.0,0.0,0.0,0.0,0.0,0.0,0.0,0.0,4.7,0.0,7.0,3.0,42.9,1.48,0.63,0.0,0.0,0.0,0.0,28.0,12.5,4,78.0,2,11,11.0,6,1.67,6.0,9.0,-3.0,-0.63,-0.3,0.0,3.0,5.0,1.0,8.0,6.0,6.0,,,0.0,,,,,,,,,,,,,,,
ENG-Premier League,2324,West Ham,Saïd Benrahma,ALG,MF,27.0,1995.0,13.0,5.0,620.0,6.9,0.0,1.0,1.0,0.0,0.0,1.0,1.0,0.0,0.0,0.15,0.15,0.0,0.15,6.9,0.0,19.0,6.0,31.6,2.76,0.87,0.0,0.0,0.0,1.0,48.0,18.1,5,73.0,1,8,32.0,7,1.62,12.0,8.0,4.0,0.58,1.16,0.0,5.0,6.0,1.0,17.0,5.0,4.0,,,0.0,,,,,,,,,,,,,,,
ENG-Premier League,2324,West Ham,Thilo Kehrer,GER,DF,26.0,1996.0,4.0,0.0,22.0,0.2,0.0,0.0,0.0,0.0,0.0,0.0,2.0,0.0,0.0,0.0,0.0,0.0,0.0,0.2,0.0,0.0,0.0,,0.0,0.0,,,0.0,0.0,6.0,0.6,0,,0,4,6.0,14,1.75,0.0,1.0,-1.0,-4.09,-3.75,0.0,2.0,0.0,0.0,0.0,0.0,1.0,,,0.0,,,,,,,,,,,,,,,
ENG-Premier League,2324,West Ham,Tomáš Souček,CZE,MF,28.0,1995.0,37.0,34.0,2870.0,31.9,7.0,2.0,9.0,7.0,0.0,0.0,7.0,0.0,0.22,0.06,0.28,0.22,0.28,31.9,7.0,42.0,15.0,35.7,1.32,0.47,0.17,0.47,0.0,0.0,78.0,83.9,34,83.0,25,3,16.0,0,1.32,51.0,64.0,-13.0,-0.41,-0.24,0.0,41.0,25.0,10.0,6.0,33.0,36.0,,,0.0,,,,,,,,,,,,,,,
ENG-Premier League,2324,West Ham,Vladimír Coufal,CZE,DF,30.0,1992.0,36.0,36.0,3132.0,34.8,0.0,7.0,7.0,0.0,0.0,0.0,7.0,1.0,0.0,0.2,0.2,0.0,0.2,34.8,0.0,8.0,2.0,25.0,0.23,0.06,0.0,0.0,0.0,0.0,87.0,91.6,36,87.0,28,0,,0,1.39,57.0,69.0,-12.0,-0.34,0.28,1.0,32.0,27.0,1.0,107.0,38.0,42.0,,,0.0,,,,,,,,,,,,,,,
ENG-Premier League,2324,West Ham,Łukasz Fabiański,POL,GK,38.0,1985.0,10.0,7.0,721.0,8.0,0.0,0.0,0.0,0.0,0.0,0.0,0.0,0.0,0.0,0.0,0.0,0.0,0.0,8.0,0.0,0.0,0.0,,0.0,0.0,,,0.0,0.0,72.0,21.1,7,90.0,7,3,30.0,27,1.1,11.0,21.0,-10.0,-1.25,-1.11,0.0,0.0,0.0,0.0,0.0,1.0,0.0,,,0.0,21.0,2.62,54.0,33.0,61.1,3.0,1.0,3.0,1.0,14.3,3.0,3.0,0.0,0.0,0.0
ENG-Premier League,2324,Wolves,Boubacar Traoré,MLI,MF,21.0,2001.0,24.0,7.0,819.0,9.1,0.0,0.0,0.0,0.0,0.0,0.0,4.0,0.0,0.0,0.0,0.0,0.0,0.0,9.1,0.0,11.0,1.0,9.1,1.21,0.11,0.0,0.0,0.0,0.0,34.0,23.9,7,78.0,5,17,16.0,9,1.0,9.0,23.0,-14.0,-1.54,-1.5,0.0,23.0,4.0,1.0,5.0,5.0,22.0,,,0.0,,,,,,,,,,,,,,,
ENG-Premier League,2324,Wolves,Craig Dawson,ENG,DF,33.0,1990.0,25.0,25.0,2209.0,24.5,1.0,1.0,2.0,1.0,0.0,0.0,7.0,0.0,0.04,0.04,0.08,0.04,0.08,24.5,1.0,16.0,5.0,31.3,0.65,0.2,0.06,0.2,0.0,0.0,88.0,64.6,25,88.0,23,0,,2,1.4,33.0,38.0,-5.0,-0.2,0.54,0.0,20.0,15.0,4.0,1.0,16.0,19.0,,,0.0,,,,,,,,,,,,,,,
ENG-Premier League,2324,Wolves,Daniel Bentley,ENG,GK,30.0,1993.0,5.0,3.0,383.0,4.3,0.0,0.0,0.0,0.0,0.0,0.0,0.0,0.0,0.0,0.0,0.0,0.0,0.0,4.3,0.0,0.0,0.0,,0.0,0.0,,,0.0,0.0,77.0,11.2,3,90.0,3,2,57.0,33,0.6,3.0,7.0,-4.0,-0.94,-0.61,0.0,0.0,0.0,0.0,0.0,0.0,0.0,,,0.0,7.0,1.64,15.0,8.0,53.3,1.0,0.0,2.0,1.0,33.3,0.0,0.0,0.0,0.0,
ENG-Premier League,2324,Wolves,Enso Gonzalez,PAR,FW,18.0,2005.0,1.0,0.0,1.0,0.0,0.0,0.0,0.0,0.0,0.0,0.0,0.0,0.0,0.0,0.0,0.0,0.0,0.0,0.0,0.0,0.0,0.0,,0.0,0.0,,,0.0,0.0,1.0,0.0,0,,0,1,1.0,4,0.0,0.0,0.0,0.0,0.0,0.39,0.0,0.0,1.0,0.0,0.0,0.0,0.0,,,0.0,,,,,,,,,,,,,,,
ENG-Premier League,2324,Wolves,Fábio Silva,POR,FW,21.0,2002.0,8.0,3.0,264.0,2.9,0.0,0.0,0.0,0.0,0.0,0.0,2.0,0.0,0.0,0.0,0.0,0.0,0.0,2.9,0.0,7.0,3.0,42.9,2.39,1.02,0.0,0.0,0.0,0.0,33.0,7.7,3,67.0,0,5,13.0,9,0.88,2.0,8.0,-6.0,-2.05,-1.79,0.0,8.0,4.0,5.0,0.0,2.0,4.0,,,0.0,,,,,,,,,,,,,,,
ENG-Premier League,2324,Wolves,Hugo Bueno,ESP,"MF,DF",20.0,2002.0,22.0,7.0,741.0,8.2,0.0,0.0,0.0,0.0,0.0,0.0,1.0,0.0,0.0,0.0,0.0,0.0,0.0,8.2,0.0,5.0,0.0,0.0,0.61,0.0,0.0,,0.0,0.0,34.0,21.7,7,76.0,1,15,14.0,11,1.14,7.0,16.0,-9.0,-1.09,-0.89,0.0,7.0,6.0,1.0,29.0,5.0,14.0,,,1.0,,,,,,,,,,,,,,,
ENG-Premier League,2324,Wolves,Hwang Hee-chan,KOR,"FW,MF",27.0,1996.0,29.0,25.0,2119.0,23.5,12.0,3.0,15.0,11.0,1.0,1.0,6.0,0.0,0.51,0.13,0.64,0.47,0.59,23.5,12.0,45.0,18.0,40.0,1.91,0.76,0.27,0.67,1.0,1.0,73.0,62.0,25,80.0,14,4,32.0,0,1.31,35.0,37.0,-2.0,-0.08,0.81,0.0,31.0,32.0,15.0,11.0,9.0,10.0,,,0.0,,,,,,,,,,,,,,,
ENG-Premier League,2324,Wolves,Jean-Ricner Bellegarde,HAI,"MF,FW",25.0,1998.0,22.0,10.0,958.0,10.6,2.0,1.0,3.0,2.0,0.0,0.0,0.0,1.0,0.19,0.09,0.28,0.19,0.28,10.6,2.0,15.0,5.0,33.3,1.41,0.47,0.13,0.4,0.0,0.0,44.0,28.0,10,61.0,1,12,29.0,0,1.23,7.0,23.0,-16.0,-1.5,-1.54,0.0,10.0,24.0,2.0,30.0,8.0,9.0,,,0.0,,,,,,,,,,,,,,,
ENG-Premier League,2324,Wolves,Jonny Castro,ESP,"DF,MF",29.0,1994.0,1.0,0.0,5.0,0.1,0.0,0.0,0.0,0.0,0.0,0.0,0.0,0.0,0.0,0.0,0.0,0.0,0.0,0.1,0.0,0.0,0.0,,0.0,0.0,,,0.0,0.0,5.0,0.1,0,,0,1,5.0,7,3.0,0.0,0.0,0.0,0.0,0.4,0.0,0.0,0.0,0.0,0.0,0.0,0.0,,,0.0,,,,,,,,,,,,,,,
ENG-Premier League,2324,Wolves,José Sá,POR,GK,30.0,1993.0,35.0,35.0,3037.0,33.7,0.0,1.0,1.0,0.0,0.0,0.0,1.0,0.0,0.0,0.03,0.03,0.0,0.03,33.7,0.0,0.0,0.0,,0.0,0.0,,,0.0,0.0,87.0,88.8,35,87.0,33,0,,0,1.23,47.0,58.0,-11.0,-0.33,0.61,0.0,0.0,9.0,0.0,0.0,0.0,1.0,,,0.0,58.0,1.72,192.0,134.0,69.8,12.0,7.0,16.0,4.0,11.4,8.0,8.0,0.0,0.0,0.0
ENG-Premier League,2324,Wolves,João Gomes,BRA,MF,22.0,2001.0,34.0,32.0,2649.0,29.4,2.0,1.0,3.0,2.0,0.0,0.0,11.0,0.0,0.07,0.03,0.1,0.07,0.1,29.4,2.0,26.0,8.0,30.8,0.88,0.27,0.08,0.25,0.0,0.0,78.0,77.5,32,82.0,18,2,7.0,1,1.32,38.0,51.0,-13.0,-0.44,-0.21,0.0,66.0,38.0,1.0,25.0,18.0,75.0,,,0.0,,,,,,,,,,,,,,,
ENG-Premier League,2324,Wolves,Leon Chiwome,ENG,FW,17.0,2006.0,3.0,2.0,174.0,1.9,0.0,0.0,0.0,0.0,0.0,0.0,0.0,0.0,0.0,0.0,0.0,0.0,0.0,1.9,0.0,2.0,0.0,0.0,1.03,0.0,0.0,,0.0,0.0,58.0,5.1,2,79.0,0,1,16.0,1,0.33,1.0,4.0,-3.0,-1.55,-1.22,0.0,2.0,2.0,2.0,0.0,0.0,1.0,,,0.0,,,,,,,,,,,,,,,
ENG-Premier League,2324,Wolves,Mario Lemina,GAB,MF,29.0,1993.0,35.0,34.0,2968.0,33.0,4.0,1.0,5.0,4.0,0.0,0.0,12.0,1.0,0.12,0.03,0.15,0.12,0.15,33.0,4.0,48.0,18.0,37.5,1.46,0.55,0.08,0.22,0.0,0.0,85.0,86.8,34,86.0,26,1,40.0,0,1.14,43.0,55.0,-12.0,-0.36,0.23,1.0,43.0,24.0,8.0,15.0,41.0,58.0,,,0.0,,,,,,,,,,,,,,,
ENG-Premier League,2324,Wolves,Matheus Cunha,BRA,"FW,MF",24.0,1999.0,32.0,29.0,2440.0,27.1,12.0,7.0,19.0,11.0,1.0,1.0,9.0,0.0,0.44,0.26,0.7,0.41,0.66,27.1,12.0,73.0,38.0,52.1,2.69,1.4,0.16,0.32,1.0,1.0,76.0,71.3,29,81.0,12,3,29.0,0,1.16,40.0,46.0,-6.0,-0.22,0.61,0.0,31.0,50.0,4.0,24.0,11.0,15.0,,,0.0,,,,,,,,,,,,,,,
ENG-Premier League,2324,Wolves,Matheus Nunes,POR,MF,24.0,1998.0,2.0,2.0,179.0,2.0,0.0,0.0,0.0,0.0,0.0,0.0,2.0,1.0,0.0,0.0,0.0,0.0,0.0,2.0,0.0,1.0,0.0,0.0,0.5,0.0,0.0,,0.0,0.0,90.0,5.2,2,90.0,1,0,,0,0.0,1.0,5.0,-4.0,-2.01,-1.71,1.0,0.0,6.0,3.0,3.0,5.0,1.0,,,0.0,,,,,,,,,,,,,,,
ENG-Premier League,2324,Wolves,Matt Doherty,IRL,"MF,DF",31.0,1992.0,30.0,9.0,1150.0,12.8,1.0,0.0,1.0,1.0,0.0,0.0,2.0,0.0,0.08,0.0,0.08,0.08,0.08,12.8,1.0,8.0,3.0,37.5,0.63,0.23,0.13,0.33,0.0,0.0,38.0,33.6,9,79.0,4,21,21.0,8,1.4,17.0,21.0,-4.0,-0.31,0.12,0.0,13.0,11.0,5.0,13.0,7.0,18.0,,,0.0,,,,,,,,,,,,,,,
ENG-Premier League,2324,Wolves,Max Kilman,ENG,DF,26.0,1997.0,38.0,38.0,3420.0,38.0,2.0,0.0,2.0,2.0,0.0,0.0,7.0,0.0,0.05,0.0,0.05,0.05,0.05,38.0,2.0,14.0,6.0,42.9,0.37,0.16,0.14,0.33,0.0,0.0,90.0,100.0,38,90.0,38,0,,0,1.21,50.0,65.0,-15.0,-0.39,,0.0,38.0,18.0,2.0,6.0,38.0,19.0,,,0.0,,,,,,,,,,,,,,,
ENG-Premier League,2324,Wolves,Nathan Fraser,IRL,FW,18.0,2005.0,7.0,1.0,186.0,2.1,0.0,0.0,0.0,0.0,0.0,0.0,1.0,0.0,0.0,0.0,0.0,0.0,0.0,2.1,0.0,3.0,2.0,66.7,1.45,0.97,0.0,0.0,0.0,0.0,27.0,5.4,1,76.0,0,6,18.0,13,0.57,4.0,3.0,1.0,0.48,0.93,0.0,5.0,3.0,0.0,0.0,1.0,2.0,,,0.0,,,,,,,,,,,,,,,
ENG-Premier League,2324,Wolves,Nélson Semedo,POR,"MF,DF",29.0,1993.0,36.0,36.0,3084.0,34.3,0.0,1.0,1.0,0.0,0.0,0.0,10.0,1.0,0.0,0.03,0.03,0.0,0.03,34.3,0.0,17.0,4.0,23.5,0.5,0.12,0.0,0.0,0.0,0.0,86.0,90.2,36,86.0,27,0,,0,1.19,45.0,60.0,-15.0,-0.44,-0.44,0.0,48.0,30.0,1.0,80.0,35.0,48.0,,,0.0,,,,,,,,,,,,,,,
ENG-Premier League,2324,Wolves,Pablo Sarabia,ESP,"MF,FW",31.0,1992.0,30.0,20.0,1745.0,19.4,4.0,7.0,11.0,2.0,2.0,2.0,5.0,0.0,0.21,0.36,0.57,0.1,0.46,19.4,4.0,46.0,18.0,39.1,2.37,0.93,0.09,0.22,2.0,2.0,58.0,51.0,20,77.0,5,10,20.0,7,1.33,31.0,27.0,4.0,0.21,1.23,0.0,21.0,25.0,10.0,132.0,9.0,14.0,,,0.0,,,,,,,,,,,,,,,
ENG-Premier League,2324,Wolves,Pedro Neto,POR,"MF,FW",23.0,2000.0,20.0,18.0,1516.0,16.8,2.0,9.0,11.0,2.0,0.0,0.0,4.0,0.0,0.12,0.53,0.65,0.12,0.65,16.8,2.0,36.0,12.0,33.3,2.14,0.71,0.06,0.17,0.0,0.0,76.0,44.3,18,83.0,12,2,12.0,1,1.4,22.0,27.0,-5.0,-0.3,0.18,0.0,15.0,21.0,2.0,114.0,5.0,4.0,,,0.0,,,,,,,,,,,,,,,
ENG-Premier League,2324,Wolves,Rayan Aït-Nouri,ALG,"MF,DF",22.0,2001.0,33.0,29.0,2329.0,25.9,2.0,1.0,3.0,2.0,0.0,0.0,7.0,0.0,0.08,0.04,0.12,0.08,0.12,25.9,2.0,23.0,7.0,30.4,0.89,0.27,0.09,0.29,0.0,0.0,71.0,68.1,29,76.0,10,4,30.0,0,1.21,36.0,43.0,-7.0,-0.27,0.39,0.0,25.0,53.0,9.0,42.0,16.0,45.0,,,0.0,,,,,,,,,,,,,,,
ENG-Premier League,2324,Wolves,Santiago Bueno,URU,DF,24.0,1998.0,12.0,9.0,822.0,9.1,0.0,0.0,0.0,0.0,0.0,0.0,1.0,0.0,0.0,0.0,0.0,0.0,0.0,9.1,0.0,0.0,0.0,,0.0,0.0,,,0.0,0.0,69.0,24.0,9,84.0,7,3,21.0,18,0.92,12.0,18.0,-6.0,-0.66,-0.35,0.0,10.0,5.0,0.0,2.0,6.0,7.0,,,0.0,,,,,,,,,,,,,,,
ENG-Premier League,2324,Wolves,Saša Kalajdžić,AUT,FW,26.0,1997.0,11.0,1.0,166.0,1.8,2.0,0.0,2.0,2.0,0.0,0.0,0.0,0.0,1.08,0.0,1.08,1.08,1.08,1.8,2.0,4.0,2.0,50.0,2.17,1.08,0.5,1.0,0.0,0.0,15.0,4.9,1,60.0,0,10,11.0,9,1.09,6.0,2.0,4.0,2.17,2.69,0.0,6.0,4.0,2.0,1.0,1.0,2.0,,,0.0,,,,,,,,,,,,,,,
ENG-Premier League,2324,Wolves,Tawanda Chirewa,ZIM,FW,19.0,2003.0,8.0,1.0,145.0,1.6,0.0,0.0,0.0,0.0,0.0,0.0,1.0,0.0,0.0,0.0,0.0,0.0,0.0,1.6,0.0,3.0,1.0,33.3,1.86,0.62,0.0,0.0,0.0,0.0,18.0,4.2,1,74.0,0,7,10.0,15,0.25,0.0,2.0,-2.0,-1.24,-0.88,0.0,4.0,2.0,1.0,4.0,1.0,3.0,,,0.0,,,,,,,,,,,,,,,
ENG-Premier League,2324,Wolves,Tommy Doyle,ENG,MF,21.0,2001.0,26.0,11.0,1222.0,13.6,0.0,0.0,0.0,0.0,0.0,0.0,2.0,0.0,0.0,0.0,0.0,0.0,0.0,13.6,0.0,14.0,3.0,21.4,1.03,0.22,0.0,0.0,0.0,0.0,47.0,35.7,11,82.0,5,15,22.0,6,1.08,18.0,24.0,-6.0,-0.44,-0.07,0.0,11.0,4.0,0.0,27.0,13.0,13.0,,,0.0,,,,,,,,,,,,,,,
ENG-Premier League,2324,Wolves,Toti Gomes,POR,DF,24.0,1999.0,35.0,31.0,2772.0,30.8,1.0,3.0,4.0,1.0,0.0,0.0,7.0,0.0,0.03,0.1,0.13,0.03,0.13,30.8,1.0,10.0,5.0,50.0,0.32,0.16,0.1,0.2,0.0,0.0,79.0,81.1,31,86.0,23,4,29.0,3,1.31,42.0,49.0,-7.0,-0.23,0.88,0.0,38.0,13.0,1.0,13.0,23.0,23.0,,,0.0,,,,,,,,,,,,,,,
ESP-La Liga,2324,Alavés,Abde Rebbach,ALG,MF,24.0,1998.0,23.0,6.0,722.0,8.0,1.0,0.0,1.0,1.0,0.0,0.0,1.0,0.0,0.12,0.0,0.12,0.12,0.12,8.0,1.0,17.0,4.0,23.5,2.12,0.5,0.06,0.25,0.0,0.0,31.0,21.1,6,64.0,0,17,20.0,15,0.7,5.0,6.0,-1.0,-0.12,0.18,0.0,13.0,10.0,3.0,63.0,4.0,5.0,,,0.0,,,,,,,,,,,,,,,
ESP-La Liga,2324,Alavés,Abdel Abqar,MAR,DF,24.0,1999.0,27.0,27.0,2312.0,25.7,0.0,0.0,0.0,0.0,0.0,0.0,10.0,0.0,0.0,0.0,0.0,0.0,0.0,25.7,0.0,10.0,3.0,30.0,0.39,0.12,0.0,0.0,0.0,0.0,86.0,67.6,27,86.0,23,0,,4,1.07,21.0,30.0,-9.0,-0.35,-0.27,0.0,32.0,23.0,1.0,2.0,25.0,21.0,,,1.0,,,,,,,,,,,,,,,
ESP-La Liga,2324,Alavés,Aleksandar Sedlar,SRB,DF,31.0,1991.0,11.0,11.0,946.0,10.5,1.0,0.0,1.0,1.0,0.0,0.0,2.0,0.0,0.1,0.0,0.1,0.1,0.1,10.5,1.0,4.0,1.0,25.0,0.38,0.1,0.25,1.0,0.0,0.0,86.0,27.7,11,86.0,8,0,,1,1.09,10.0,14.0,-4.0,-0.38,-0.16,0.0,14.0,4.0,1.0,0.0,15.0,8.0,,,0.0,,,,,,,,,,,,,,,
ESP-La Liga,2324,Alavés,Alex Sola,ESP,MF,24.0,1999.0,29.0,14.0,1262.0,14.0,0.0,3.0,3.0,0.0,0.0,0.0,2.0,0.0,0.0,0.21,0.21,0.0,0.21,14.0,0.0,28.0,7.0,25.0,2.0,0.5,0.0,0.0,0.0,0.0,44.0,36.9,14,71.0,3,15,18.0,6,1.24,9.0,20.0,-11.0,-0.78,-0.83,0.0,11.0,28.0,10.0,82.0,10.0,15.0,,,0.0,,,,,,,,,,,,,,,
ESP-La Liga,2324,Alavés,Ander Guevara,ESP,MF,26.0,1997.0,37.0,33.0,2932.0,32.6,1.0,0.0,1.0,1.0,0.0,0.0,7.0,0.0,0.03,0.0,0.03,0.03,0.03,32.6,1.0,16.0,3.0,18.8,0.49,0.09,0.06,0.33,0.0,0.0,79.0,85.7,33,86.0,23,4,22.0,0,1.24,31.0,41.0,-10.0,-0.31,-0.31,0.0,49.0,30.0,0.0,10.0,14.0,34.0,,,0.0,,,,,,,,,,,,,,,
ESP-La Liga,2324,Alavés,Andoni Gorosabel,ESP,DF,26.0,1996.0,36.0,33.0,2854.0,31.7,1.0,0.0,1.0,1.0,0.0,0.0,6.0,0.0,0.03,0.0,0.03,0.03,0.03,31.7,1.0,15.0,6.0,40.0,0.47,0.19,0.07,0.17,0.0,0.0,79.0,83.5,33,85.0,21,3,13.0,1,1.25,28.0,35.0,-7.0,-0.22,0.26,0.0,29.0,41.0,0.0,83.0,25.0,40.0,,,0.0,,,,,,,,,,,,,,,
ESP-La Liga,2324,Alavés,Antonio Blanco,ESP,MF,23.0,2000.0,33.0,29.0,2426.0,27.0,0.0,1.0,1.0,0.0,0.0,0.0,5.0,1.0,0.0,0.04,0.04,0.0,0.04,27.0,0.0,20.0,3.0,15.0,0.74,0.11,0.0,0.0,0.0,0.0,74.0,70.9,29,82.0,16,4,11.0,2,1.3,22.0,30.0,-8.0,-0.3,-0.12,0.0,35.0,40.0,0.0,14.0,33.0,37.0,,,0.0,,,,,,,,,,,,,,,
ESP-La Liga,2324,Alavés,Antonio Sivera,ESP,GK,26.0,1996.0,34.0,34.0,3060.0,34.0,0.0,0.0,0.0,0.0,0.0,0.0,3.0,0.0,0.0,0.0,0.0,0.0,0.0,34.0,0.0,0.0,0.0,,0.0,0.0,,,0.0,0.0,90.0,89.5,34,90.0,34,0,,4,1.21,32.0,38.0,-6.0,-0.18,0.82,0.0,0.0,2.0,0.0,0.0,0.0,0.0,,,0.0,38.0,1.12,125.0,87.0,69.6,11.0,8.0,15.0,9.0,26.5,8.0,8.0,0.0,0.0,0.0
ESP-La Liga,2324,Alavés,Carlos Benavídez,URU,MF,25.0,1998.0,29.0,10.0,1136.0,12.6,3.0,1.0,4.0,3.0,0.0,0.0,5.0,0.0,0.24,0.08,0.32,0.24,0.32,12.6,3.0,14.0,7.0,50.0,1.11,0.55,0.21,0.43,0.0,0.0,39.0,33.2,10,79.0,5,19,18.0,4,1.34,19.0,13.0,6.0,0.48,1.11,0.0,37.0,9.0,1.0,6.0,18.0,35.0,,,0.0,,,,,,,,,,,,,,,
ESP-La Liga,2324,Alavés,Carlos Vicente,ESP,MF,24.0,1999.0,18.0,12.0,1114.0,12.4,2.0,4.0,6.0,2.0,0.0,0.0,1.0,0.0,0.16,0.32,0.48,0.16,0.48,12.4,2.0,15.0,8.0,53.3,1.21,0.65,0.13,0.25,0.0,0.0,62.0,32.6,12,79.0,2,6,28.0,1,1.67,17.0,13.0,4.0,0.32,0.87,0.0,18.0,25.0,9.0,90.0,5.0,7.0,,,0.0,,,,,,,,,,,,,,,
ESP-La Liga,2324,Alavés,Eneko Ortiz,ESP,MF,20.0,2003.0,1.0,0.0,14.0,0.2,0.0,0.0,0.0,0.0,0.0,0.0,0.0,0.0,0.0,0.0,0.0,0.0,0.0,0.2,0.0,0.0,0.0,,0.0,0.0,,,0.0,0.0,14.0,0.4,0,,0,1,14.0,8,1.0,0.0,0.0,0.0,0.0,0.26,0.0,0.0,0.0,0.0,1.0,0.0,0.0,,,0.0,,,,,,,,,,,,,,,
ESP-La Liga,2324,Alavés,Giuliano Simeone,ARG,MF,20.0,2002.0,14.0,6.0,630.0,7.0,1.0,2.0,3.0,1.0,0.0,1.0,1.0,0.0,0.14,0.29,0.43,0.14,0.43,7.0,1.0,15.0,3.0,20.0,2.14,0.43,0.07,0.33,0.0,1.0,45.0,18.4,6,84.0,1,8,16.0,6,1.5,9.0,5.0,4.0,0.57,1.02,0.0,11.0,6.0,2.0,14.0,5.0,5.0,,,0.0,,,,,,,,,,,,,,,
ESP-La Liga,2324,Alavés,Ianis Hagi,ROU,MF,24.0,1998.0,22.0,8.0,804.0,8.9,0.0,2.0,2.0,0.0,0.0,1.0,3.0,0.0,0.0,0.22,0.22,0.0,0.22,8.9,0.0,27.0,9.0,33.3,3.02,1.01,0.0,0.0,0.0,1.0,37.0,23.5,8,69.0,1,14,18.0,13,0.82,4.0,13.0,-9.0,-1.01,-0.97,0.0,13.0,19.0,1.0,54.0,4.0,12.0,,,0.0,,,,,,,,,,,,,,,
ESP-La Liga,2324,Alavés,Javi López,ESP,DF,21.0,2002.0,32.0,25.0,2386.0,26.5,1.0,3.0,4.0,1.0,0.0,0.0,3.0,0.0,0.04,0.11,0.15,0.04,0.15,26.5,1.0,18.0,3.0,16.7,0.68,0.11,0.06,0.33,0.0,0.0,75.0,69.8,25,88.0,20,7,28.0,5,1.31,29.0,28.0,1.0,0.04,1.0,0.0,26.0,28.0,1.0,102.0,11.0,12.0,,,0.0,,,,,,,,,,,,,,,
ESP-La Liga,2324,Alavés,Jesús Owono,EQG,GK,22.0,2001.0,4.0,4.0,360.0,4.0,0.0,0.0,0.0,0.0,0.0,0.0,1.0,0.0,0.0,0.0,0.0,0.0,0.0,4.0,0.0,0.0,0.0,,0.0,0.0,,,0.0,0.0,90.0,10.5,4,90.0,4,0,,31,1.25,4.0,8.0,-4.0,-1.0,-0.82,0.0,0.0,0.0,0.0,0.0,0.0,0.0,,,0.0,8.0,2.0,24.0,16.0,66.7,1.0,2.0,1.0,1.0,25.0,0.0,0.0,0.0,0.0,
ESP-La Liga,2324,Alavés,Joaquín Panichelli,ARG,"MF,FW",20.0,2002.0,8.0,2.0,226.0,2.5,0.0,0.0,0.0,0.0,0.0,0.0,0.0,0.0,0.0,0.0,0.0,0.0,0.0,2.5,0.0,9.0,2.0,22.2,3.58,0.8,0.0,0.0,0.0,0.0,28.0,6.6,2,73.0,0,6,13.0,8,1.0,3.0,4.0,-1.0,-0.4,-0.14,0.0,8.0,4.0,1.0,0.0,1.0,3.0,,,0.0,,,,,,,,,,,,,,,
ESP-La Liga,2324,Alavés,Jon Guridi,ESP,MF,28.0,1995.0,36.0,34.0,2678.0,29.8,3.0,4.0,7.0,3.0,0.0,0.0,2.0,0.0,0.1,0.13,0.24,0.1,0.24,29.8,3.0,36.0,8.0,22.2,1.21,0.27,0.08,0.38,0.0,0.0,74.0,78.3,34,77.0,10,2,36.0,1,1.28,30.0,32.0,-2.0,-0.07,0.9,0.0,22.0,30.0,2.0,21.0,19.0,24.0,,,0.0,,,,,,,,,,,,,,,
ESP-La Liga,2324,Alavés,Jon Karrikaburu,ESP,FW,20.0,2002.0,2.0,0.0,16.0,0.2,0.0,0.0,0.0,0.0,0.0,0.0,0.0,0.0,0.0,0.0,0.0,0.0,0.0,0.2,0.0,0.0,0.0,,0.0,0.0,,,0.0,0.0,8.0,0.5,0,,0,2,8.0,13,0.0,0.0,1.0,-1.0,-5.63,-5.39,0.0,1.0,0.0,1.0,0.0,0.0,0.0,,,0.0,,,,,,,,,,,,,,,
ESP-La Liga,2324,Alavés,Kiké,ESP,FW,33.0,1989.0,33.0,15.0,1423.0,15.8,3.0,2.0,5.0,3.0,0.0,1.0,3.0,0.0,0.19,0.13,0.32,0.19,0.32,15.8,3.0,57.0,26.0,45.6,3.61,1.64,0.05,0.12,0.0,1.0,43.0,41.6,15,71.0,1,18,20.0,4,1.24,19.0,15.0,4.0,0.25,0.88,0.0,24.0,36.0,7.0,9.0,2.0,5.0,,,0.0,,,,,,,,,,,,,,,
ESP-La Liga,2324,Alavés,Luis Rioja,ESP,MF,29.0,1993.0,37.0,31.0,2498.0,27.8,5.0,4.0,9.0,2.0,3.0,4.0,4.0,0.0,0.18,0.14,0.32,0.07,0.22,27.8,5.0,57.0,19.0,33.3,2.05,0.68,0.09,0.26,3.0,4.0,68.0,73.0,31,78.0,5,6,11.0,1,1.22,25.0,36.0,-11.0,-0.4,-0.49,0.0,23.0,18.0,10.0,175.0,17.0,19.0,,,0.0,,,,,,,,,,,,,,,
ESP-La Liga,2324,Alavés,Mamadou Sylla,SEN,FW,29.0,1994.0,2.0,0.0,18.0,0.2,0.0,0.0,0.0,0.0,0.0,0.0,0.0,0.0,0.0,0.0,0.0,0.0,0.0,0.2,0.0,0.0,0.0,,0.0,0.0,,,0.0,0.0,9.0,0.5,0,,0,2,9.0,0,1.5,0.0,1.0,-1.0,-5.0,-4.76,0.0,1.0,2.0,0.0,0.0,0.0,0.0,,,0.0,,,,,,,,,,,,,,,
ESP-La Liga,2324,Alavés,Miguel,ESP,FW,23.0,1999.0,3.0,1.0,65.0,0.7,0.0,0.0,0.0,0.0,0.0,0.0,0.0,0.0,0.0,0.0,0.0,0.0,0.0,0.7,0.0,2.0,1.0,50.0,2.77,1.38,0.0,0.0,0.0,0.0,22.0,1.9,1,56.0,0,2,5.0,0,1.0,0.0,2.0,-2.0,-2.77,-2.55,0.0,2.0,3.0,0.0,0.0,0.0,0.0,,,0.0,,,,,,,,,,,,,,,
ESP-La Liga,2324,Alavés,Nahuel Tenaglia,ARG,DF,27.0,1996.0,25.0,11.0,1141.0,12.7,1.0,0.0,1.0,1.0,0.0,0.0,5.0,0.0,0.08,0.0,0.08,0.08,0.08,12.7,1.0,8.0,1.0,12.5,0.63,0.08,0.13,1.0,0.0,0.0,46.0,33.4,11,85.0,9,14,14.0,9,1.48,15.0,19.0,-4.0,-0.32,-0.08,0.0,13.0,14.0,2.0,17.0,13.0,15.0,,,0.0,,,,,,,,,,,,,,,
ESP-La Liga,2324,Alavés,Rafa Marín,ESP,DF,21.0,2002.0,33.0,27.0,2443.0,27.1,0.0,0.0,0.0,0.0,0.0,0.0,6.0,0.0,0.0,0.0,0.0,0.0,0.0,27.1,0.0,13.0,3.0,23.1,0.48,0.11,0.0,0.0,0.0,0.0,74.0,71.4,27,87.0,26,6,15.0,3,1.18,23.0,36.0,-13.0,-0.48,-0.76,0.0,28.0,16.0,0.0,2.0,31.0,18.0,,,1.0,,,,,,,,,,,,,,,
ESP-La Liga,2324,Alavés,Rubén Duarte,ESP,DF,27.0,1995.0,28.0,21.0,1878.0,20.9,2.0,1.0,3.0,2.0,0.0,0.0,7.0,0.0,0.1,0.05,0.14,0.1,0.14,20.9,2.0,15.0,5.0,33.3,0.72,0.24,0.13,0.4,0.0,0.0,67.0,54.9,21,83.0,15,7,19.0,6,1.07,20.0,30.0,-10.0,-0.48,-0.48,0.0,31.0,31.0,0.0,71.0,20.0,17.0,,,0.0,,,,,,,,,,,,,,,
ESP-La Liga,2324,Alavés,Samu Omorodion,ESP,FW,19.0,2004.0,34.0,21.0,1918.0,21.3,8.0,1.0,9.0,8.0,0.0,0.0,6.0,0.0,0.38,0.05,0.42,0.38,0.42,21.3,8.0,64.0,25.0,39.1,3.0,1.17,0.13,0.32,0.0,0.0,56.0,56.1,21,78.0,3,13,21.0,1,1.15,15.0,28.0,-13.0,-0.61,-0.79,0.0,30.0,30.0,16.0,2.0,1.0,3.0,,,0.0,,,,,,,,,,,,,,,
ESP-La Liga,2324,Alavés,Tomás Mendes,ESP,MF,18.0,2004.0,1.0,0.0,6.0,0.1,0.0,0.0,0.0,0.0,0.0,0.0,0.0,0.0,0.0,0.0,0.0,0.0,0.0,0.1,0.0,0.0,0.0,,0.0,0.0,,,0.0,0.0,6.0,0.2,0,,0,1,6.0,8,0.0,0.0,0.0,0.0,0.0,0.26,0.0,0.0,0.0,0.0,0.0,0.0,0.0,,,0.0,,,,,,,,,,,,,,,
ESP-La Liga,2324,Alavés,Unai Ropero,ESP,FW,21.0,2001.0,1.0,0.0,5.0,0.1,0.0,0.0,0.0,0.0,0.0,0.0,0.0,0.0,0.0,0.0,0.0,0.0,0.0,0.1,0.0,0.0,0.0,,0.0,0.0,,,0.0,0.0,5.0,0.1,0,,0,1,5.0,1,0.0,0.0,0.0,0.0,0.0,0.26,0.0,1.0,0.0,0.0,0.0,0.0,0.0,,,0.0,,,,,,,,,,,,,,,
ESP-La Liga,2324,Alavés,Victor Parada,ESP,DF,21.0,2002.0,2.0,0.0,3.0,0.0,0.0,0.0,0.0,0.0,0.0,0.0,0.0,0.0,0.0,0.0,0.0,0.0,0.0,0.0,0.0,0.0,0.0,,0.0,0.0,,,0.0,0.0,2.0,0.1,0,,0,2,2.0,8,3.0,0.0,0.0,0.0,0.0,0.26,0.0,0.0,0.0,0.0,0.0,0.0,1.0,,,0.0,,,,,,,,,,,,,,,
ESP-La Liga,2324,Alavés,Xeber,ESP,"MF,FW",26.0,1997.0,10.0,3.0,302.0,3.4,0.0,0.0,0.0,0.0,0.0,0.0,1.0,0.0,0.0,0.0,0.0,0.0,0.0,3.4,0.0,5.0,0.0,0.0,1.49,0.0,0.0,,0.0,0.0,30.0,8.8,3,72.0,0,7,12.0,28,1.0,6.0,6.0,0.0,0.0,0.29,0.0,9.0,0.0,1.0,14.0,1.0,5.0,,,0.0,,,,,,,,,,,,,,,
ESP-La Liga,2324,Almería,Adri Embarba,ESP,"MF,FW",31.0,1992.0,36.0,29.0,2476.0,27.5,3.0,2.0,5.0,2.0,1.0,1.0,5.0,0.0,0.11,0.07,0.18,0.07,0.15,27.5,3.0,64.0,25.0,39.1,2.33,0.91,0.05,0.12,1.0,1.0,69.0,72.4,29,79.0,12,7,28.0,2,0.58,25.0,52.0,-27.0,-0.98,-0.5,0.0,37.0,41.0,15.0,172.0,15.0,38.0,,,0.0,,,,,,,,,,,,,,,
ESP-La Liga,2324,Almería,Alejandro Pozo Pozo,ESP,"DF,MF",24.0,1999.0,21.0,9.0,976.0,10.8,0.0,0.0,0.0,0.0,0.0,0.0,3.0,0.0,0.0,0.0,0.0,0.0,0.0,10.8,0.0,4.0,2.0,50.0,0.37,0.18,0.0,0.0,0.0,0.0,46.0,28.5,9,82.0,4,12,20.0,15,0.43,8.0,24.0,-16.0,-1.48,-0.89,0.0,16.0,6.0,0.0,41.0,7.0,13.0,,,0.0,,,,,,,,,,,,,,,
ESP-La Liga,2324,Almería,Aleksandar Radovanović,SRB,DF,29.0,1993.0,9.0,8.0,569.0,6.3,0.0,0.0,0.0,0.0,0.0,0.0,2.0,0.0,0.0,0.0,0.0,0.0,0.0,6.3,0.0,1.0,0.0,0.0,0.16,0.0,0.0,,0.0,0.0,63.0,16.6,8,70.0,4,1,9.0,3,1.22,10.0,10.0,0.0,0.0,1.01,0.0,7.0,2.0,0.0,0.0,11.0,7.0,,,0.0,,,,,,,,,,,,,,,
ESP-La Liga,2324,Almería,Anthony Lozano,HON,FW,30.0,1993.0,13.0,10.0,772.0,8.6,3.0,0.0,3.0,3.0,0.0,0.0,1.0,0.0,0.35,0.0,0.35,0.35,0.35,8.6,3.0,23.0,9.0,39.1,2.68,1.05,0.13,0.33,0.0,0.0,59.0,22.6,10,70.0,1,3,26.0,2,0.69,10.0,11.0,-1.0,-0.12,0.94,0.0,22.0,20.0,5.0,4.0,3.0,5.0,,,0.0,,,,,,,,,,,,,,,
ESP-La Liga,2324,Almería,Arnau Puigmal,ESP,"MF,DF",22.0,2001.0,11.0,3.0,255.0,2.8,0.0,0.0,0.0,0.0,0.0,0.0,3.0,0.0,0.0,0.0,0.0,0.0,0.0,2.8,0.0,0.0,0.0,,0.0,0.0,,,0.0,0.0,23.0,7.5,3,58.0,0,8,10.0,8,0.27,4.0,4.0,0.0,0.0,0.91,0.0,7.0,4.0,0.0,14.0,3.0,1.0,,,0.0,,,,,,,,,,,,,,,
ESP-La Liga,2324,Almería,Bruno Langa,MOZ,DF,25.0,1997.0,11.0,9.0,820.0,9.1,1.0,0.0,1.0,1.0,0.0,0.0,1.0,1.0,0.11,0.0,0.11,0.11,0.11,9.1,1.0,8.0,2.0,25.0,0.88,0.22,0.13,0.5,0.0,0.0,75.0,24.0,9,87.0,8,2,18.0,4,1.0,15.0,15.0,0.0,0.0,1.11,0.0,4.0,12.0,0.0,16.0,5.0,11.0,,,0.0,,,,,,,,,,,,,,,
ESP-La Liga,2324,Almería,Chumi,ESP,DF,24.0,1999.0,31.0,26.0,2434.0,27.0,0.0,1.0,1.0,0.0,0.0,0.0,4.0,0.0,0.0,0.04,0.04,0.0,0.04,27.0,0.0,5.0,1.0,20.0,0.18,0.04,0.0,0.0,0.0,0.0,79.0,71.2,26,88.0,24,5,30.0,6,0.58,34.0,55.0,-21.0,-0.78,0.23,0.0,23.0,8.0,0.0,2.0,15.0,23.0,,,0.0,,,,,,,,,,,,,,,
ESP-La Liga,2324,Almería,César Montes,MEX,DF,26.0,1997.0,21.0,21.0,1788.0,19.9,0.0,0.0,0.0,0.0,0.0,0.0,5.0,0.0,0.0,0.0,0.0,0.0,0.0,19.9,0.0,13.0,2.0,15.4,0.65,0.1,0.0,0.0,0.0,0.0,85.0,52.3,21,85.0,17,0,,7,0.57,17.0,40.0,-23.0,-1.16,-0.66,0.0,22.0,11.0,2.0,3.0,10.0,15.0,,,0.0,,,,,,,,,,,,,,,
ESP-La Liga,2324,Almería,Diego Mariño,ESP,GK,33.0,1990.0,1.0,1.0,90.0,1.0,0.0,0.0,0.0,0.0,0.0,0.0,0.0,0.0,0.0,0.0,0.0,0.0,0.0,1.0,0.0,0.0,0.0,,0.0,0.0,,,0.0,0.0,90.0,2.6,1,90.0,1,0,,37,0.0,0.0,2.0,-2.0,-2.0,-1.19,0.0,0.0,0.0,0.0,0.0,0.0,0.0,,,0.0,2.0,2.0,4.0,2.0,50.0,0.0,0.0,1.0,0.0,0.0,2.0,2.0,0.0,0.0,0.0
ESP-La Liga,2324,Almería,Dion Lopy,SEN,MF,21.0,2002.0,30.0,23.0,1916.0,21.3,0.0,0.0,0.0,0.0,0.0,0.0,5.0,0.0,0.0,0.0,0.0,0.0,0.0,21.3,0.0,23.0,8.0,34.8,1.08,0.38,0.0,0.0,0.0,0.0,64.0,56.0,23,78.0,12,7,17.0,5,0.37,20.0,43.0,-23.0,-1.08,-0.54,0.0,30.0,40.0,0.0,7.0,14.0,36.0,,,0.0,,,,,,,,,,,,,,,
ESP-La Liga,2324,Almería,Fernando,ESP,GK,33.0,1990.0,4.0,4.0,360.0,4.0,0.0,0.0,0.0,0.0,0.0,0.0,0.0,0.0,0.0,0.0,0.0,0.0,0.0,4.0,0.0,0.0,0.0,,0.0,0.0,,,0.0,0.0,90.0,10.5,4,90.0,4,0,,34,1.0,11.0,10.0,1.0,0.25,1.22,0.0,0.0,0.0,0.0,0.0,0.0,0.0,,,0.0,10.0,2.5,23.0,13.0,56.5,1.0,1.0,2.0,0.0,0.0,0.0,0.0,0.0,0.0,
ESP-La Liga,2324,Almería,Gonzalo Melero,ESP,"MF,FW",29.0,1994.0,28.0,10.0,1103.0,12.3,1.0,1.0,2.0,1.0,0.0,0.0,3.0,0.0,0.08,0.08,0.16,0.08,0.16,12.3,1.0,14.0,4.0,28.6,1.14,0.33,0.07,0.25,0.0,0.0,39.0,32.3,10,70.0,3,18,22.0,3,0.64,17.0,27.0,-10.0,-0.82,0.04,0.0,21.0,17.0,0.0,3.0,4.0,9.0,,,0.0,,,,,,,,,,,,,,,
ESP-La Liga,2324,Almería,Houboulang Mendes,GNB,DF,25.0,1998.0,7.0,4.0,396.0,4.4,0.0,0.0,0.0,0.0,0.0,0.0,0.0,0.0,0.0,0.0,0.0,0.0,0.0,4.4,0.0,1.0,0.0,0.0,0.23,0.0,0.0,,0.0,0.0,57.0,11.6,4,79.0,2,3,27.0,6,0.0,4.0,11.0,-7.0,-1.59,-0.85,0.0,6.0,10.0,1.0,5.0,2.0,14.0,,,0.0,,,,,,,,,,,,,,,
ESP-La Liga,2324,Almería,Ibrahima Koné,MLI,FW,24.0,1999.0,9.0,2.0,277.0,3.1,0.0,0.0,0.0,0.0,0.0,0.0,0.0,0.0,0.0,0.0,0.0,0.0,0.0,3.1,0.0,4.0,2.0,50.0,1.3,0.65,0.0,0.0,0.0,0.0,31.0,8.1,2,65.0,0,7,21.0,6,0.67,5.0,11.0,-6.0,-1.95,-1.2,0.0,3.0,4.0,6.0,2.0,0.0,0.0,,,0.0,,,,,,,,,,,,,,,
ESP-La Liga,2324,Almería,Iddrisu Baba,GHA,MF,27.0,1996.0,25.0,14.0,1430.0,15.9,0.0,0.0,0.0,0.0,0.0,0.0,5.0,0.0,0.0,0.0,0.0,0.0,0.0,15.9,0.0,8.0,2.0,25.0,0.5,0.13,0.0,0.0,0.0,0.0,57.0,41.8,14,83.0,8,11,25.0,7,0.56,17.0,38.0,-21.0,-1.32,-0.82,0.0,29.0,34.0,0.0,4.0,11.0,24.0,,,0.0,,,,,,,,,,,,,,,
ESP-La Liga,2324,Almería,Jonathan Viera,ESP,MF,33.0,1989.0,12.0,12.0,912.0,10.1,0.0,3.0,3.0,0.0,0.0,0.0,3.0,1.0,0.0,0.3,0.3,0.0,0.3,10.1,0.0,12.0,5.0,41.7,1.18,0.49,0.0,0.0,0.0,0.0,76.0,26.7,12,76.0,2,0,,2,0.83,16.0,18.0,-2.0,-0.2,0.88,1.0,10.0,16.0,4.0,6.0,4.0,9.0,,,0.0,,,,,,,,,,,,,,,
ESP-La Liga,2324,Almería,Kaiky,BRA,DF,19.0,2004.0,8.0,5.0,523.0,5.8,1.0,0.0,1.0,1.0,0.0,0.0,2.0,0.0,0.17,0.0,0.17,0.17,0.17,5.8,1.0,3.0,1.0,33.3,0.52,0.17,0.33,1.0,0.0,0.0,65.0,15.3,5,90.0,5,3,24.0,14,0.38,11.0,19.0,-8.0,-1.38,-0.63,0.0,7.0,0.0,0.0,1.0,3.0,4.0,,,0.0,,,,,,,,,,,,,,,
ESP-La Liga,2324,Almería,Largie Ramazani,BEL,"MF,FW",22.0,2001.0,29.0,16.0,1555.0,17.3,3.0,5.0,8.0,3.0,0.0,0.0,11.0,2.0,0.17,0.29,0.46,0.17,0.46,17.3,3.0,40.0,13.0,32.5,2.32,0.75,0.08,0.23,0.0,0.0,54.0,45.5,16,75.0,4,13,28.0,2,0.41,21.0,34.0,-13.0,-0.75,0.16,2.0,27.0,24.0,9.0,31.0,35.0,7.0,,,0.0,,,,,,,,,,,,,,,
ESP-La Liga,2324,Almería,Lucas Robertone,ARG,MF,26.0,1997.0,33.0,29.0,2381.0,26.5,0.0,5.0,5.0,0.0,0.0,0.0,11.0,0.0,0.0,0.19,0.19,0.0,0.19,26.5,0.0,37.0,13.0,35.1,1.4,0.49,0.0,0.0,0.0,0.0,72.0,69.6,29,79.0,12,4,21.0,0,0.52,32.0,47.0,-15.0,-0.57,0.91,0.0,38.0,54.0,2.0,65.0,47.0,35.0,,,0.0,,,,,,,,,,,,,,,
ESP-La Liga,2324,Almería,Luis Suárez,COL,"FW,MF",25.0,1997.0,15.0,10.0,917.0,10.2,6.0,0.0,6.0,5.0,1.0,1.0,3.0,0.0,0.59,0.0,0.59,0.49,0.49,10.2,6.0,40.0,14.0,35.0,3.93,1.37,0.15,0.43,1.0,1.0,61.0,26.8,10,83.0,3,5,18.0,0,0.73,16.0,23.0,-7.0,-0.69,0.21,0.0,18.0,17.0,5.0,7.0,0.0,5.0,,,0.0,,,,,,,,,,,,,,,
ESP-La Liga,2324,Almería,Luka Romero,ARG,MF,18.0,2004.0,13.0,5.0,438.0,4.9,3.0,0.0,3.0,3.0,0.0,0.0,2.0,0.0,0.62,0.0,0.62,0.62,0.62,4.9,3.0,8.0,3.0,37.5,1.64,0.62,0.38,1.0,0.0,0.0,34.0,12.8,5,57.0,0,8,19.0,4,0.54,7.0,7.0,0.0,0.0,0.97,0.0,8.0,11.0,0.0,2.0,1.0,1.0,,,0.0,,,,,,,,,,,,,,,
ESP-La Liga,2324,Almería,Luís Maximiano,POR,GK,24.0,1999.0,33.0,33.0,2970.0,33.0,0.0,0.0,0.0,0.0,0.0,0.0,1.0,0.0,0.0,0.0,0.0,0.0,0.0,33.0,0.0,0.0,0.0,,0.0,0.0,,,0.0,0.0,90.0,86.8,33,90.0,33,0,,4,0.52,32.0,63.0,-31.0,-0.94,-0.74,0.0,1.0,3.0,0.0,0.0,0.0,0.0,,,0.0,63.0,1.91,171.0,112.0,63.2,2.0,11.0,20.0,3.0,9.1,7.0,4.0,1.0,2.0,20.0
ESP-La Liga,2324,Almería,Lázaro,BRA,MF,21.0,2002.0,14.0,2.0,285.0,3.2,0.0,0.0,0.0,0.0,0.0,0.0,0.0,0.0,0.0,0.0,0.0,0.0,0.0,3.2,0.0,8.0,4.0,50.0,2.53,1.26,0.0,0.0,0.0,0.0,20.0,8.3,2,54.0,0,12,15.0,9,0.21,1.0,10.0,-9.0,-2.84,-2.18,0.0,3.0,7.0,2.0,11.0,1.0,1.0,,,0.0,,,,,,,,,,,,,,,
ESP-La Liga,2324,Almería,Léo Baptistão,BRA,"FW,MF",30.0,1992.0,32.0,22.0,1837.0,20.4,6.0,0.0,6.0,6.0,0.0,0.0,6.0,1.0,0.29,0.0,0.29,0.29,0.29,20.4,6.0,48.0,18.0,37.5,2.35,0.88,0.13,0.33,0.0,0.0,57.0,53.7,22,75.0,8,10,19.0,1,0.59,23.0,41.0,-18.0,-0.88,-0.09,0.0,21.0,29.0,13.0,26.0,12.0,16.0,,,0.0,,,,,,,,,,,,,,,
ESP-La Liga,2324,Almería,Marc Pubill,ESP,DF,20.0,2003.0,23.0,22.0,1883.0,20.9,1.0,3.0,4.0,1.0,0.0,0.0,2.0,0.0,0.05,0.14,0.19,0.05,0.19,20.9,1.0,20.0,5.0,25.0,0.96,0.24,0.05,0.2,0.0,0.0,82.0,55.1,22,84.0,15,1,25.0,1,0.7,26.0,36.0,-10.0,-0.48,0.81,0.0,21.0,34.0,0.0,67.0,14.0,26.0,,,0.0,,,,,,,,,,,,,,,
ESP-La Liga,2324,Almería,Marciano Tchami,GNB,FW,19.0,2004.0,6.0,0.0,43.0,0.5,0.0,0.0,0.0,0.0,0.0,0.0,0.0,0.0,0.0,0.0,0.0,0.0,0.0,0.5,0.0,1.0,0.0,0.0,2.09,0.0,0.0,,0.0,0.0,7.0,1.3,0,,0,6,7.0,6,0.0,0.0,3.0,-3.0,-6.28,-5.51,0.0,0.0,0.0,0.0,1.0,0.0,0.0,,,0.0,,,,,,,,,,,,,,,
ESP-La Liga,2324,Almería,Marcos Peña,ESP,MF,18.0,2005.0,7.0,4.0,441.0,4.9,0.0,0.0,0.0,0.0,0.0,0.0,3.0,0.0,0.0,0.0,0.0,0.0,0.0,4.9,0.0,4.0,1.0,25.0,0.82,0.2,0.0,0.0,0.0,0.0,63.0,12.9,4,82.0,3,3,38.0,5,0.86,4.0,7.0,-3.0,-0.61,0.26,0.0,8.0,4.0,0.0,0.0,13.0,14.0,,,0.0,,,,,,,,,,,,,,,
ESP-La Liga,2324,Almería,Marko Milovanović,SRB,FW,19.0,2003.0,11.0,2.0,308.0,3.4,1.0,0.0,1.0,1.0,0.0,0.0,0.0,0.0,0.29,0.0,0.29,0.29,0.29,3.4,1.0,5.0,1.0,20.0,1.46,0.29,0.2,1.0,0.0,0.0,28.0,9.0,2,57.0,0,9,22.0,14,0.55,3.0,7.0,-4.0,-1.17,-0.36,0.0,15.0,6.0,4.0,1.0,0.0,4.0,,,0.0,,,,,,,,,,,,,,,
ESP-La Liga,2324,Almería,Paco Sanz,ESP,DF,18.0,2004.0,1.0,0.0,24.0,0.3,0.0,0.0,0.0,0.0,0.0,0.0,0.0,0.0,0.0,0.0,0.0,0.0,0.0,0.3,0.0,0.0,0.0,,0.0,0.0,,,0.0,0.0,24.0,0.7,0,,0,1,24.0,7,3.0,2.0,0.0,2.0,7.5,8.4,0.0,0.0,0.0,0.0,0.0,0.0,0.0,,,0.0,,,,,,,,,,,,,,,
ESP-La Liga,2324,Almería,Rachad Fettal,MAR,FW,18.0,2005.0,1.0,0.0,17.0,0.2,0.0,0.0,0.0,0.0,0.0,0.0,0.0,0.0,0.0,0.0,0.0,0.0,0.0,0.2,0.0,1.0,0.0,0.0,5.29,0.0,0.0,,0.0,0.0,17.0,0.5,0,,0,1,17.0,6,1.0,0.0,0.0,0.0,0.0,0.85,0.0,1.0,0.0,0.0,0.0,0.0,0.0,,,0.0,,,,,,,,,,,,,,,
ESP-La Liga,2324,Almería,Sergio Akieme,ESP,"DF,MF",25.0,1997.0,19.0,19.0,1675.0,18.6,2.0,0.0,2.0,2.0,0.0,0.0,2.0,0.0,0.11,0.0,0.11,0.11,0.11,18.6,2.0,9.0,5.0,55.6,0.48,0.27,0.22,0.4,0.0,0.0,88.0,49.0,19,88.0,18,0,,1,0.32,17.0,36.0,-19.0,-1.02,-0.35,0.0,18.0,17.0,1.0,56.0,10.0,15.0,,,0.0,,,,,,,,,,,,,,,
ESP-La Liga,2324,Almería,Sergio Arribas,ESP,"MF,FW",21.0,2001.0,34.0,22.0,2047.0,22.7,9.0,4.0,13.0,9.0,0.0,0.0,1.0,0.0,0.4,0.18,0.57,0.4,0.57,22.7,9.0,60.0,22.0,36.7,2.64,0.97,0.15,0.41,0.0,0.0,60.0,59.9,22,76.0,4,12,31.0,4,0.5,28.0,41.0,-13.0,-0.57,0.67,0.0,14.0,42.0,2.0,59.0,14.0,17.0,,,0.0,,,,,,,,,,,,,,,
ESP-La Liga,2324,Almería,Srđan Babić,SRB,DF,27.0,1996.0,1.0,1.0,90.0,1.0,0.0,0.0,0.0,0.0,0.0,0.0,0.0,0.0,0.0,0.0,0.0,0.0,0.0,1.0,0.0,1.0,0.0,0.0,1.0,0.0,0.0,,0.0,0.0,90.0,2.6,1,90.0,1,0,,0,0.0,0.0,2.0,-2.0,-2.0,-1.19,0.0,2.0,0.0,0.0,0.0,0.0,2.0,,,0.0,,,,,,,,,,,,,,,
ESP-La Liga,2324,Almería,Álex Centelles,ESP,DF,25.0,1997.0,14.0,11.0,980.0,10.9,0.0,1.0,1.0,0.0,0.0,0.0,2.0,0.0,0.0,0.09,0.09,0.0,0.09,10.9,0.0,2.0,1.0,50.0,0.18,0.09,0.0,0.0,0.0,0.0,70.0,28.7,11,83.0,8,3,23.0,22,0.64,12.0,24.0,-12.0,-1.1,-0.36,0.0,10.0,13.0,1.0,43.0,16.0,7.0,,,0.0,,,,,,,,,,,,,,,
ESP-La Liga,2324,Almería,Édgar González,ESP,"DF,MF",26.0,1997.0,31.0,30.0,2522.0,28.0,2.0,0.0,2.0,2.0,0.0,0.0,7.0,1.0,0.07,0.0,0.07,0.07,0.07,28.0,2.0,13.0,3.0,23.1,0.46,0.11,0.15,0.67,0.0,0.0,81.0,73.7,30,83.0,23,1,45.0,1,0.58,25.0,52.0,-27.0,-0.96,-0.46,1.0,29.0,7.0,3.0,2.0,35.0,21.0,,,0.0,,,,,,,,,,,,,,,
ESP-La Liga,2324,Athletic Club,Adu Ares,ESP,MF,21.0,2001.0,12.0,2.0,265.0,2.9,0.0,0.0,0.0,0.0,0.0,0.0,2.0,0.0,0.0,0.0,0.0,0.0,0.0,2.9,0.0,4.0,0.0,0.0,1.36,0.0,0.0,,0.0,0.0,22.0,7.7,2,61.0,0,10,14.0,24,1.17,3.0,3.0,0.0,0.0,-0.68,0.0,5.0,12.0,1.0,11.0,1.0,4.0,,,0.0,,,,,,,,,,,,,,,
ESP-La Liga,2324,Athletic Club,Aingeru Olabarrieta,ESP,FW,17.0,2005.0,1.0,0.0,9.0,0.1,0.0,0.0,0.0,0.0,0.0,0.0,0.0,0.0,0.0,0.0,0.0,0.0,0.0,0.1,0.0,1.0,0.0,0.0,10.0,0.0,0.0,,0.0,0.0,9.0,0.3,0,,0,1,9.0,3,3.0,0.0,0.0,0.0,0.0,-0.63,0.0,0.0,0.0,0.0,2.0,0.0,0.0,,,0.0,,,,,,,,,,,,,,,
ESP-La Liga,2324,Athletic Club,Aitor Paredes,ESP,DF,23.0,2000.0,34.0,31.0,2704.0,30.0,1.0,0.0,1.0,1.0,0.0,0.0,9.0,1.0,0.03,0.0,0.03,0.03,0.03,30.0,1.0,13.0,3.0,23.1,0.43,0.1,0.08,0.33,0.0,0.0,80.0,79.1,31,84.0,24,3,35.0,2,1.76,48.0,27.0,21.0,0.7,0.32,1.0,37.0,11.0,0.0,1.0,31.0,12.0,,,0.0,,,,,,,,,,,,,,,
ESP-La Liga,2324,Athletic Club,Ander Herrera,ESP,MF,33.0,1989.0,23.0,10.0,1030.0,11.4,0.0,3.0,3.0,0.0,0.0,0.0,4.0,0.0,0.0,0.26,0.26,0.0,0.26,11.4,0.0,14.0,2.0,14.3,1.22,0.17,0.0,0.0,0.0,0.0,45.0,30.1,10,75.0,3,13,22.0,6,1.78,17.0,10.0,7.0,0.61,-0.03,0.0,21.0,11.0,0.0,12.0,16.0,33.0,,,0.0,,,,,,,,,,,,,,,
ESP-La Liga,2324,Athletic Club,Asier Villalibre,ESP,FW,25.0,1997.0,18.0,4.0,513.0,5.7,2.0,1.0,3.0,2.0,0.0,0.0,0.0,0.0,0.35,0.18,0.53,0.35,0.53,5.7,2.0,12.0,6.0,50.0,2.11,1.05,0.17,0.33,0.0,0.0,29.0,15.0,4,55.0,0,14,21.0,20,1.72,8.0,6.0,2.0,0.35,-0.33,0.0,7.0,11.0,3.0,2.0,0.0,1.0,,,0.0,,,,,,,,,,,,,,,
ESP-La Liga,2324,Athletic Club,Beñat Prados,ESP,MF,22.0,2001.0,26.0,16.0,1449.0,16.1,0.0,0.0,0.0,0.0,0.0,0.0,1.0,0.0,0.0,0.0,0.0,0.0,0.0,16.1,0.0,7.0,4.0,57.1,0.43,0.25,0.0,0.0,0.0,0.0,56.0,42.4,16,79.0,5,10,19.0,12,1.65,26.0,15.0,11.0,0.68,0.09,0.0,29.0,24.0,0.0,10.0,23.0,28.0,,,0.0,,,,,,,,,,,,,,,
ESP-La Liga,2324,Athletic Club,Dani García,ESP,MF,33.0,1990.0,17.0,7.0,745.0,8.3,1.0,0.0,1.0,1.0,0.0,0.0,4.0,0.0,0.12,0.0,0.12,0.12,0.12,8.3,1.0,6.0,3.0,50.0,0.72,0.36,0.17,0.33,0.0,0.0,44.0,21.8,7,81.0,3,10,18.0,11,1.71,7.0,11.0,-4.0,-0.48,-1.43,0.0,11.0,7.0,0.0,0.0,8.0,11.0,,,0.0,,,,,,,,,,,,,,,
ESP-La Liga,2324,Athletic Club,Daniel Vivian,ESP,DF,24.0,1999.0,33.0,31.0,2878.0,32.0,0.0,0.0,0.0,0.0,0.0,0.0,6.0,0.0,0.0,0.0,0.0,0.0,0.0,32.0,0.0,11.0,1.0,9.1,0.34,0.03,0.0,0.0,0.0,0.0,87.0,84.2,31,89.0,29,2,56.0,2,1.82,54.0,34.0,20.0,0.63,-0.04,0.0,37.0,26.0,1.0,5.0,29.0,29.0,,,0.0,,,,,,,,,,,,,,,
ESP-La Liga,2324,Athletic Club,Gorka Guruzeta,ESP,FW,26.0,1996.0,32.0,30.0,2217.0,24.6,14.0,5.0,19.0,14.0,0.0,1.0,2.0,0.0,0.57,0.2,0.77,0.57,0.77,24.6,14.0,65.0,31.0,47.7,2.64,1.26,0.22,0.45,0.0,1.0,69.0,64.8,30,72.0,4,2,33.0,1,1.78,44.0,20.0,24.0,0.97,0.97,0.0,44.0,23.0,11.0,12.0,15.0,22.0,,,0.0,,,,,,,,,,,,,,,
ESP-La Liga,2324,Athletic Club,Iker Muniain,ESP,MF,30.0,1992.0,20.0,5.0,594.0,6.6,2.0,0.0,2.0,2.0,0.0,0.0,1.0,0.0,0.3,0.0,0.3,0.3,0.3,6.6,2.0,13.0,7.0,53.8,1.97,1.06,0.15,0.29,0.0,0.0,30.0,17.4,5,61.0,0,15,19.0,15,1.8,12.0,13.0,-1.0,-0.15,-0.95,0.0,5.0,11.0,0.0,33.0,0.0,1.0,,,0.0,,,,,,,,,,,,,,,
ESP-La Liga,2324,Athletic Club,Imanol,ESP,DF,23.0,2000.0,9.0,5.0,525.0,5.8,0.0,0.0,0.0,0.0,0.0,0.0,2.0,0.0,0.0,0.0,0.0,0.0,0.0,5.8,0.0,1.0,0.0,0.0,0.17,0.0,0.0,,0.0,0.0,58.0,15.4,5,84.0,3,4,27.0,26,1.56,10.0,7.0,3.0,0.51,-0.14,0.0,5.0,2.0,0.0,21.0,9.0,6.0,,,0.0,,,,,,,,,,,,,,,
ESP-La Liga,2324,Athletic Club,Iñaki Williams,GHA,MF,29.0,1994.0,34.0,32.0,2844.0,31.6,12.0,3.0,15.0,12.0,0.0,0.0,4.0,0.0,0.38,0.09,0.47,0.38,0.47,31.6,12.0,93.0,43.0,46.2,2.94,1.36,0.13,0.28,0.0,0.0,84.0,83.2,32,87.0,19,2,37.0,0,1.74,52.0,32.0,20.0,0.63,0.01,0.0,32.0,45.0,25.0,110.0,13.0,18.0,,,1.0,,,,,,,,,,,,,,,
ESP-La Liga,2324,Athletic Club,Iñigo Lekue,ESP,DF,30.0,1993.0,27.0,22.0,2002.0,22.2,0.0,2.0,2.0,0.0,0.0,0.0,4.0,0.0,0.0,0.09,0.09,0.0,0.09,22.2,0.0,5.0,0.0,0.0,0.22,0.0,0.0,,0.0,0.0,74.0,58.5,22,83.0,18,5,35.0,9,1.89,34.0,23.0,11.0,0.49,-0.33,0.0,15.0,7.0,0.0,37.0,16.0,21.0,,,0.0,,,,,,,,,,,,,,,
ESP-La Liga,2324,Athletic Club,Iñigo Ruiz de Galarreta,ESP,MF,29.0,1993.0,29.0,25.0,2091.0,23.2,1.0,1.0,2.0,1.0,0.0,0.0,7.0,0.0,0.04,0.04,0.09,0.04,0.09,23.2,1.0,11.0,2.0,18.2,0.47,0.09,0.09,0.5,0.0,0.0,72.0,61.1,25,79.0,9,4,27.0,0,1.79,44.0,19.0,25.0,1.08,1.14,0.0,54.0,41.0,0.0,58.0,12.0,32.0,,,1.0,,,,,,,,,,,,,,,
ESP-La Liga,2324,Athletic Club,Julen Agirrezabala,ESP,GK,22.0,2000.0,4.0,2.0,238.0,2.6,0.0,0.0,0.0,0.0,0.0,0.0,0.0,0.0,0.0,0.0,0.0,0.0,0.0,2.6,0.0,0.0,0.0,,0.0,0.0,,,0.0,0.0,60.0,7.0,2,90.0,2,2,29.0,34,1.5,3.0,4.0,-1.0,-0.38,-1.09,0.0,0.0,0.0,0.0,0.0,0.0,0.0,,,0.0,4.0,1.51,12.0,8.0,66.7,1.0,0.0,1.0,1.0,50.0,0.0,0.0,0.0,0.0,
ESP-La Liga,2324,Athletic Club,Mikel Jauregizar,ESP,MF,19.0,2003.0,7.0,1.0,151.0,1.7,0.0,0.0,0.0,0.0,0.0,0.0,0.0,0.0,0.0,0.0,0.0,0.0,0.0,1.7,0.0,2.0,0.0,0.0,1.19,0.0,0.0,,0.0,0.0,22.0,4.4,1,45.0,0,6,18.0,8,2.71,2.0,0.0,2.0,1.19,0.59,0.0,4.0,1.0,0.0,6.0,0.0,0.0,,,0.0,,,,,,,,,,,,,,,
ESP-La Liga,2324,Athletic Club,Mikel Vesga,ESP,MF,30.0,1993.0,27.0,18.0,1534.0,17.0,3.0,1.0,4.0,1.0,2.0,2.0,2.0,0.0,0.18,0.06,0.23,0.06,0.12,17.0,3.0,19.0,7.0,36.8,1.11,0.41,0.16,0.43,2.0,2.0,57.0,44.9,18,75.0,8,9,20.0,6,1.78,26.0,18.0,8.0,0.47,-0.29,0.0,28.0,6.0,0.0,15.0,31.0,20.0,,,0.0,,,,,,,,,,,,,,,
ESP-La Liga,2324,Athletic Club,Nico Williams,ESP,MF,21.0,2002.0,31.0,29.0,2263.0,25.1,5.0,11.0,16.0,5.0,0.0,0.0,6.0,1.0,0.2,0.44,0.64,0.2,0.64,25.1,5.0,56.0,19.0,33.9,2.23,0.76,0.09,0.26,0.0,0.0,73.0,66.2,29,76.0,7,2,23.0,0,1.9,44.0,23.0,21.0,0.84,0.6,1.0,19.0,37.0,12.0,152.0,4.0,12.0,,,0.0,,,,,,,,,,,,,,,
ESP-La Liga,2324,Athletic Club,Oihan Sancet,ESP,MF,23.0,2000.0,30.0,25.0,1975.0,21.9,4.0,5.0,9.0,4.0,0.0,1.0,5.0,2.0,0.18,0.23,0.41,0.18,0.41,21.9,4.0,42.0,12.0,28.6,1.91,0.55,0.1,0.33,0.0,1.0,66.0,57.7,25,73.0,3,5,31.0,1,1.73,36.0,18.0,18.0,0.82,0.45,1.0,30.0,35.0,3.0,29.0,10.0,11.0,,,0.0,,,,,,,,,,,,,,,
ESP-La Liga,2324,Athletic Club,Peru Nolaskoain,ESP,"DF,MF",24.0,1998.0,2.0,0.0,10.0,0.1,0.0,0.0,0.0,0.0,0.0,0.0,0.0,0.0,0.0,0.0,0.0,0.0,0.0,0.1,0.0,0.0,0.0,,0.0,0.0,,,0.0,0.0,5.0,0.3,0,,0,2,5.0,12,2.0,0.0,0.0,0.0,0.0,-0.63,0.0,0.0,0.0,0.0,0.0,0.0,1.0,,,0.0,,,,,,,,,,,,,,,
ESP-La Liga,2324,Athletic Club,Raúl García,ESP,FW,37.0,1986.0,20.0,1.0,420.0,4.7,1.0,0.0,1.0,1.0,0.0,0.0,3.0,0.0,0.21,0.0,0.21,0.21,0.21,4.7,1.0,10.0,1.0,10.0,2.14,0.21,0.1,1.0,0.0,0.0,21.0,12.3,1,81.0,0,19,18.0,17,1.8,8.0,3.0,5.0,1.07,0.5,0.0,20.0,10.0,5.0,6.0,2.0,6.0,,,0.0,,,,,,,,,,,,,,,
ESP-La Liga,2324,Athletic Club,Unai Gómez,ESP,MF,20.0,2003.0,25.0,9.0,875.0,9.7,2.0,0.0,2.0,2.0,0.0,0.0,1.0,0.0,0.21,0.0,0.21,0.21,0.21,9.7,2.0,16.0,8.0,50.0,1.65,0.82,0.13,0.25,0.0,0.0,35.0,25.6,9,64.0,1,16,19.0,12,1.92,17.0,11.0,6.0,0.62,-0.02,0.0,11.0,20.0,0.0,20.0,2.0,9.0,,,0.0,,,,,,,,,,,,,,,
ESP-La Liga,2324,Athletic Club,Unai Simón,ESP,GK,26.0,1997.0,36.0,36.0,3182.0,35.4,0.0,0.0,0.0,0.0,0.0,0.0,2.0,0.0,0.0,0.0,0.0,0.0,0.0,35.4,0.0,0.0,0.0,,0.0,0.0,,,0.0,0.0,88.0,93.0,36,88.0,34,0,,1,1.81,58.0,33.0,25.0,0.71,1.09,0.0,0.0,8.0,0.0,0.0,1.0,1.0,,,1.0,33.0,0.93,121.0,91.0,72.7,18.0,11.0,7.0,15.0,41.7,5.0,1.0,3.0,1.0,75.0
ESP-La Liga,2324,Athletic Club,Yeray Álvarez,ESP,DF,28.0,1995.0,19.0,14.0,1152.0,12.8,0.0,0.0,0.0,0.0,0.0,0.0,1.0,1.0,0.0,0.0,0.0,0.0,0.0,12.8,0.0,7.0,2.0,28.6,0.55,0.16,0.0,0.0,0.0,0.0,61.0,33.7,14,72.0,8,5,30.0,3,1.84,18.0,12.0,6.0,0.47,-0.25,0.0,15.0,14.0,0.0,1.0,10.0,9.0,,,0.0,,,,,,,,,,,,,,,
ESP-La Liga,2324,Athletic Club,Yuri Berchiche,ESP,DF,33.0,1990.0,27.0,22.0,1930.0,21.4,3.0,1.0,4.0,3.0,0.0,0.0,5.0,0.0,0.14,0.05,0.19,0.14,0.19,21.4,3.0,18.0,6.0,33.3,0.84,0.28,0.17,0.5,0.0,0.0,71.0,56.4,22,81.0,16,5,28.0,0,1.85,33.0,16.0,17.0,0.79,0.37,0.0,29.0,33.0,0.0,43.0,19.0,26.0,,,1.0,,,,,,,,,,,,,,,
ESP-La Liga,2324,Athletic Club,Álex Berenguer,ESP,MF,28.0,1995.0,35.0,15.0,1592.0,17.7,7.0,3.0,10.0,6.0,1.0,1.0,4.0,0.0,0.4,0.17,0.57,0.34,0.51,17.7,7.0,32.0,12.0,37.5,1.81,0.68,0.22,0.58,1.0,1.0,45.0,46.5,15,79.0,8,20,20.0,1,1.74,19.0,19.0,0.0,0.0,-1.18,0.0,30.0,22.0,12.0,139.0,5.0,15.0,,,0.0,,,,,,,,,,,,,,,
ESP-La Liga,2324,Athletic Club,Óscar de Marcos,ESP,DF,34.0,1989.0,28.0,26.0,2258.0,25.1,1.0,5.0,6.0,1.0,0.0,0.0,5.0,0.0,0.04,0.2,0.24,0.04,0.24,25.1,1.0,5.0,2.0,40.0,0.2,0.08,0.2,0.5,0.0,0.0,81.0,66.0,26,84.0,21,2,36.0,4,1.75,46.0,27.0,19.0,0.76,0.37,0.0,22.0,12.0,5.0,119.0,12.0,41.0,,,0.0,,,,,,,,,,,,,,,
ESP-La Liga,2324,Atlético Madrid,Abdellah Raihani,MAR,FW,19.0,2004.0,1.0,0.0,10.0,0.1,0.0,0.0,0.0,0.0,0.0,0.0,0.0,0.0,0.0,0.0,0.0,0.0,0.0,0.1,0.0,0.0,0.0,,0.0,0.0,,,0.0,0.0,10.0,0.3,0,,0,1,10.0,0,0.0,0.0,1.0,-1.0,-9.0,-9.74,0.0,0.0,1.0,0.0,0.0,0.0,0.0,,,0.0,,,,,,,,,,,,,,,
ESP-La Liga,2324,Atlético Madrid,Antoine Griezmann,FRA,"FW,MF",32.0,1991.0,33.0,31.0,2644.0,29.4,16.0,6.0,22.0,12.0,4.0,4.0,5.0,0.0,0.54,0.2,0.75,0.41,0.61,29.4,16.0,79.0,34.0,43.0,2.69,1.16,0.2,0.47,4.0,4.0,80.0,77.3,31,83.0,19,2,39.0,1,2.0,52.0,33.0,19.0,0.65,-0.28,0.0,16.0,26.0,14.0,125.0,11.0,20.0,,,0.0,,,,,,,,,,,,,,,
ESP-La Liga,2324,Atlético Madrid,Arthur Vermeeren,BEL,MF,18.0,2005.0,5.0,2.0,162.0,1.8,0.0,0.0,0.0,0.0,0.0,0.0,2.0,0.0,0.0,0.0,0.0,0.0,0.0,1.8,0.0,0.0,0.0,,0.0,0.0,,,0.0,0.0,32.0,4.7,2,51.0,0,3,20.0,13,1.8,3.0,2.0,1.0,0.56,-0.16,0.0,7.0,1.0,0.0,0.0,6.0,0.0,,,0.0,,,,,,,,,,,,,,,
ESP-La Liga,2324,Atlético Madrid,Axel Witsel,BEL,DF,34.0,1989.0,35.0,30.0,2783.0,30.9,2.0,0.0,2.0,2.0,0.0,0.0,5.0,0.0,0.06,0.0,0.06,0.06,0.06,30.9,2.0,7.0,3.0,42.9,0.23,0.1,0.29,0.67,0.0,0.0,80.0,81.4,30,87.0,27,5,32.0,1,2.09,51.0,31.0,20.0,0.65,-0.34,0.0,24.0,28.0,0.0,4.0,16.0,21.0,,,0.0,,,,,,,,,,,,,,,
ESP-La Liga,2324,Atlético Madrid,César Azpilicueta,ESP,"DF,MF",33.0,1989.0,25.0,14.0,1423.0,15.8,0.0,2.0,2.0,0.0,0.0,0.0,4.0,0.0,0.0,0.13,0.13,0.0,0.13,15.8,0.0,2.0,2.0,100.0,0.13,0.13,0.0,0.0,0.0,0.0,57.0,41.6,14,81.0,6,11,26.0,4,2.12,24.0,16.0,8.0,0.51,-0.35,0.0,29.0,12.0,0.0,11.0,16.0,15.0,,,0.0,,,,,,,,,,,,,,,
ESP-La Liga,2324,Atlético Madrid,Gabriel Paulista,BRA,DF,32.0,1990.0,5.0,5.0,405.0,4.5,0.0,0.0,0.0,0.0,0.0,0.0,1.0,0.0,0.0,0.0,0.0,0.0,0.0,4.5,0.0,1.0,1.0,100.0,0.22,0.22,0.0,0.0,0.0,0.0,81.0,11.8,5,81.0,4,0,,9,0.8,4.0,7.0,-3.0,-0.67,-1.56,0.0,4.0,0.0,0.0,0.0,3.0,5.0,,,0.0,,,,,,,,,,,,,,,
ESP-La Liga,2324,Atlético Madrid,Jan Oblak,SVN,GK,30.0,1993.0,38.0,38.0,3420.0,38.0,0.0,0.0,0.0,0.0,0.0,0.0,1.0,0.0,0.0,0.0,0.0,0.0,0.0,38.0,0.0,0.0,0.0,,0.0,0.0,,,0.0,0.0,90.0,100.0,38,90.0,38,0,,0,2.0,70.0,43.0,27.0,0.71,,0.0,0.0,2.0,0.0,0.0,0.0,0.0,,,0.0,43.0,1.13,144.0,101.0,70.1,24.0,4.0,10.0,11.0,28.9,2.0,1.0,0.0,1.0,0.0
ESP-La Liga,2324,Atlético Madrid,Javi Galán,ESP,"DF,MF",28.0,1994.0,5.0,0.0,88.0,1.0,0.0,0.0,0.0,0.0,0.0,0.0,1.0,0.0,0.0,0.0,0.0,0.0,0.0,1.0,0.0,0.0,0.0,,0.0,0.0,,,0.0,0.0,18.0,2.6,0,,0,5,18.0,15,1.8,2.0,1.0,1.0,1.02,0.32,0.0,1.0,4.0,0.0,6.0,1.0,3.0,,,0.0,,,,,,,,,,,,,,,
ESP-La Liga,2324,Atlético Madrid,José María Giménez,URU,DF,28.0,1995.0,22.0,14.0,1326.0,14.7,0.0,0.0,0.0,0.0,0.0,0.0,5.0,0.0,0.0,0.0,0.0,0.0,0.0,14.7,0.0,7.0,1.0,14.3,0.48,0.07,0.0,0.0,0.0,0.0,60.0,38.8,14,82.0,10,8,22.0,2,2.18,31.0,15.0,16.0,1.09,0.61,0.0,17.0,2.0,0.0,1.0,10.0,9.0,,,0.0,,,,,,,,,,,,,,,
ESP-La Liga,2324,Atlético Madrid,Koke,ESP,MF,31.0,1992.0,35.0,32.0,2493.0,27.7,0.0,4.0,4.0,0.0,0.0,0.0,5.0,0.0,0.0,0.14,0.14,0.0,0.14,27.7,0.0,10.0,2.0,20.0,0.36,0.07,0.0,0.0,0.0,0.0,71.0,72.9,32,76.0,18,3,23.0,0,2.06,52.0,33.0,19.0,0.69,-0.09,0.0,19.0,19.0,0.0,10.0,15.0,42.0,,,0.0,,,,,,,,,,,,,,,
ESP-La Liga,2324,Atlético Madrid,Marcos Llorente,ESP,"MF,DF",28.0,1995.0,37.0,29.0,2565.0,28.5,6.0,4.0,10.0,6.0,0.0,0.0,5.0,0.0,0.21,0.14,0.35,0.21,0.35,28.5,6.0,30.0,19.0,63.3,1.05,0.67,0.2,0.32,0.0,0.0,69.0,75.0,29,79.0,17,8,34.0,0,2.05,49.0,33.0,16.0,0.56,-0.6,0.0,31.0,27.0,19.0,70.0,13.0,23.0,,,0.0,,,,,,,,,,,,,,,
ESP-La Liga,2324,Atlético Madrid,Mario Hermoso,ESP,DF,28.0,1995.0,31.0,29.0,2557.0,28.4,0.0,1.0,1.0,0.0,0.0,0.0,9.0,0.0,0.0,0.04,0.04,0.0,0.04,28.4,0.0,17.0,4.0,23.5,0.6,0.14,0.0,0.0,0.0,0.0,82.0,74.8,29,87.0,26,2,16.0,4,1.94,55.0,34.0,21.0,0.74,0.11,0.0,32.0,23.0,1.0,38.0,28.0,25.0,,,0.0,,,,,,,,,,,,,,,
ESP-La Liga,2324,Atlético Madrid,Memphis,NED,FW,29.0,1994.0,23.0,9.0,893.0,9.9,5.0,1.0,6.0,5.0,0.0,0.0,2.0,0.0,0.5,0.1,0.6,0.5,0.6,9.9,5.0,38.0,15.0,39.5,3.83,1.51,0.13,0.33,0.0,0.0,39.0,26.1,9,61.0,1,14,25.0,3,1.74,16.0,14.0,2.0,0.2,-0.69,0.0,14.0,16.0,8.0,12.0,1.0,2.0,,,0.0,,,,,,,,,,,,,,,
ESP-La Liga,2324,Atlético Madrid,Nahuel Molina,ARG,"MF,DF",25.0,1998.0,30.0,19.0,1852.0,20.6,2.0,3.0,5.0,2.0,0.0,0.0,4.0,1.0,0.1,0.15,0.24,0.1,0.24,20.6,2.0,12.0,5.0,41.7,0.58,0.24,0.17,0.4,0.0,0.0,62.0,54.2,19,76.0,8,11,38.0,2,1.9,40.0,21.0,19.0,0.92,0.46,0.0,20.0,16.0,7.0,87.0,8.0,22.0,,,0.0,,,,,,,,,,,,,,,
ESP-La Liga,2324,Atlético Madrid,Pablo Barrios,ESP,MF,20.0,2003.0,24.0,17.0,1555.0,17.3,0.0,1.0,1.0,0.0,0.0,0.0,5.0,0.0,0.0,0.06,0.06,0.0,0.06,17.3,0.0,17.0,7.0,41.2,0.98,0.41,0.0,0.0,0.0,0.0,65.0,45.5,17,77.0,8,7,35.0,0,2.13,32.0,17.0,15.0,0.87,0.29,0.0,23.0,24.0,0.0,16.0,27.0,25.0,,,0.0,,,,,,,,,,,,,,,
ESP-La Liga,2324,Atlético Madrid,Reinildo Mandava,MOZ,DF,29.0,1994.0,16.0,7.0,731.0,8.1,2.0,1.0,3.0,2.0,0.0,0.0,2.0,0.0,0.25,0.12,0.37,0.25,0.37,8.1,2.0,5.0,3.0,60.0,0.62,0.37,0.4,0.67,0.0,0.0,46.0,21.4,7,84.0,6,9,16.0,8,2.13,17.0,11.0,6.0,0.74,0.04,0.0,14.0,8.0,0.0,6.0,15.0,21.0,,,0.0,,,,,,,,,,,,,,,
ESP-La Liga,2324,Atlético Madrid,Rodrigo De Paul,ARG,MF,29.0,1994.0,34.0,25.0,2075.0,23.1,3.0,5.0,8.0,3.0,0.0,0.0,7.0,0.0,0.13,0.22,0.35,0.13,0.35,23.1,3.0,30.0,12.0,40.0,1.3,0.52,0.1,0.25,0.0,0.0,61.0,60.7,25,71.0,5,9,32.0,0,1.97,41.0,26.0,15.0,0.65,-0.15,0.0,26.0,59.0,1.0,45.0,11.0,21.0,,,0.0,,,,,,,,,,,,,,,
ESP-La Liga,2324,Atlético Madrid,Rodrigo Riquelme,ESP,"MF,DF",23.0,2000.0,34.0,17.0,1528.0,17.0,3.0,5.0,8.0,3.0,0.0,0.0,1.0,0.0,0.18,0.29,0.47,0.18,0.47,17.0,3.0,37.0,16.0,43.2,2.18,0.94,0.08,0.19,0.0,0.0,45.0,44.7,17,64.0,4,17,26.0,4,1.97,28.0,26.0,2.0,0.12,-1.07,0.0,11.0,28.0,9.0,63.0,9.0,19.0,,,0.0,,,,,,,,,,,,,,,
ESP-La Liga,2324,Atlético Madrid,Salim El Jebari,MAR,MF,19.0,2004.0,1.0,0.0,13.0,0.1,0.0,0.0,0.0,0.0,0.0,0.0,0.0,0.0,0.0,0.0,0.0,0.0,0.0,0.1,0.0,0.0,0.0,,0.0,0.0,,,0.0,0.0,13.0,0.4,0,,0,1,13.0,7,0.0,0.0,0.0,0.0,0.0,-0.71,0.0,1.0,0.0,0.0,1.0,0.0,0.0,,,0.0,,,,,,,,,,,,,,,
ESP-La Liga,2324,Atlético Madrid,Samuel Lino,BRA,"MF,DF",23.0,1999.0,34.0,25.0,2080.0,23.1,4.0,5.0,9.0,4.0,0.0,0.0,1.0,0.0,0.17,0.22,0.39,0.17,0.39,23.1,4.0,54.0,21.0,38.9,2.34,0.91,0.07,0.19,0.0,0.0,61.0,60.8,25,72.0,6,9,31.0,2,2.06,46.0,21.0,25.0,1.08,0.95,0.0,27.0,56.0,9.0,41.0,14.0,34.0,,,0.0,,,,,,,,,,,,,,,
ESP-La Liga,2324,Atlético Madrid,Saúl Ñíguez,ESP,MF,28.0,1994.0,34.0,14.0,1374.0,15.3,1.0,4.0,5.0,1.0,0.0,0.0,10.0,1.0,0.07,0.26,0.33,0.07,0.33,15.3,1.0,16.0,4.0,25.0,1.05,0.26,0.06,0.25,0.0,0.0,40.0,40.2,14,68.0,5,20,21.0,3,2.06,31.0,16.0,15.0,0.98,0.45,1.0,42.0,14.0,2.0,16.0,15.0,39.0,,,0.0,,,,,,,,,,,,,,,
ESP-La Liga,2324,Atlético Madrid,Stefan Savić,MNE,DF,32.0,1991.0,23.0,19.0,1630.0,18.1,0.0,0.0,0.0,0.0,0.0,0.0,7.0,1.0,0.0,0.0,0.0,0.0,0.0,18.1,0.0,5.0,1.0,20.0,0.28,0.06,0.0,0.0,0.0,0.0,71.0,47.7,19,82.0,15,4,16.0,9,2.0,35.0,21.0,14.0,0.77,0.12,1.0,16.0,6.0,1.0,4.0,25.0,18.0,,,0.0,,,,,,,,,,,,,,,
ESP-La Liga,2324,Atlético Madrid,Thomas Lemar,FRA,MF,27.0,1995.0,3.0,3.0,164.0,1.8,0.0,0.0,0.0,0.0,0.0,0.0,0.0,0.0,0.0,0.0,0.0,0.0,0.0,1.8,0.0,2.0,0.0,0.0,1.1,0.0,0.0,,0.0,0.0,55.0,4.8,3,55.0,0,0,,2,1.33,1.0,2.0,-1.0,-0.55,-1.32,0.0,3.0,2.0,0.0,6.0,0.0,1.0,,,0.0,,,,,,,,,,,,,,,
ESP-La Liga,2324,Atlético Madrid,Yannick Carrasco,BEL,"DF,MF",29.0,1993.0,3.0,3.0,221.0,2.5,0.0,1.0,1.0,0.0,0.0,0.0,0.0,0.0,0.0,0.41,0.41,0.0,0.41,2.5,0.0,2.0,1.0,50.0,0.81,0.41,0.0,0.0,0.0,0.0,74.0,6.5,3,74.0,1,0,,0,2.33,6.0,1.0,5.0,2.04,1.42,0.0,2.0,2.0,1.0,8.0,1.0,4.0,,,0.0,,,,,,,,,,,,,,,
ESP-La Liga,2324,Atlético Madrid,Álvaro Morata,ESP,FW,30.0,1992.0,32.0,21.0,1904.0,21.2,15.0,3.0,18.0,15.0,0.0,1.0,4.0,1.0,0.71,0.14,0.85,0.71,0.85,21.2,15.0,67.0,34.0,50.7,3.17,1.61,0.22,0.44,0.0,1.0,60.0,55.7,21,74.0,5,11,32.0,2,1.91,40.0,25.0,15.0,0.71,0.0,1.0,33.0,36.0,33.0,10.0,1.0,10.0,,,0.0,,,,,,,,,,,,,,,
ESP-La Liga,2324,Atlético Madrid,Ángel Correa,ARG,"FW,MF",28.0,1995.0,32.0,14.0,1528.0,17.0,9.0,2.0,11.0,9.0,0.0,0.0,3.0,0.0,0.53,0.12,0.65,0.53,0.65,17.0,9.0,43.0,20.0,46.5,2.53,1.18,0.21,0.45,0.0,0.0,48.0,44.7,14,73.0,4,18,28.0,3,1.94,35.0,19.0,16.0,0.94,0.42,0.0,24.0,32.0,17.0,41.0,2.0,14.0,,,0.0,,,,,,,,,,,,,,,
ESP-La Liga,2324,Atlético Madrid,Çağlar Söyüncü,TUR,DF,27.0,1996.0,6.0,1.0,114.0,1.3,0.0,0.0,0.0,0.0,0.0,0.0,0.0,1.0,0.0,0.0,0.0,0.0,0.0,1.3,0.0,0.0,0.0,,0.0,0.0,,,0.0,0.0,19.0,3.3,1,45.0,0,5,14.0,8,2.5,5.0,1.0,4.0,3.16,2.53,0.0,3.0,1.0,1.0,0.0,1.0,1.0,,,0.0,,,,,,,,,,,,,,,
ESP-La Liga,2324,Barcelona,Abde Ezzalzouli,MAR,"FW,MF",21.0,2001.0,2.0,0.0,68.0,0.8,0.0,0.0,0.0,0.0,0.0,0.0,0.0,0.0,0.0,0.0,0.0,0.0,0.0,0.8,0.0,4.0,1.0,25.0,5.29,1.32,0.0,0.0,0.0,0.0,34.0,2.0,0,,0,2,34.0,1,2.0,2.0,0.0,2.0,2.65,1.76,0.0,1.0,3.0,0.0,7.0,0.0,1.0,,,0.0,,,,,,,,,,,,,,,
ESP-La Liga,2324,Barcelona,Alejandro Balde,ESP,"DF,MF",19.0,2003.0,18.0,15.0,1378.0,15.3,0.0,1.0,1.0,0.0,0.0,0.0,1.0,0.0,0.0,0.07,0.07,0.0,0.07,15.3,0.0,5.0,1.0,20.0,0.33,0.07,0.0,0.0,0.0,0.0,77.0,40.3,15,87.0,12,3,26.0,2,2.11,29.0,17.0,12.0,0.78,-0.23,0.0,8.0,18.0,4.0,37.0,5.0,9.0,,,0.0,,,,,,,,,,,,,,,
ESP-La Liga,2324,Barcelona,Andreas Christensen,DEN,"DF,MF",27.0,1996.0,30.0,27.0,1979.0,22.0,2.0,2.0,4.0,2.0,0.0,0.0,4.0,0.0,0.09,0.09,0.18,0.09,0.18,22.0,2.0,12.0,4.0,33.3,0.55,0.18,0.17,0.5,0.0,0.0,66.0,57.9,27,68.0,6,3,49.0,6,2.17,37.0,26.0,11.0,0.5,-1.0,0.0,26.0,10.0,0.0,0.0,20.0,15.0,,,0.0,,,,,,,,,,,,,,,
ESP-La Liga,2324,Barcelona,Ansu Fati,ESP,"FW,MF",20.0,2002.0,3.0,0.0,50.0,0.6,0.0,0.0,0.0,0.0,0.0,0.0,0.0,0.0,0.0,0.0,0.0,0.0,0.0,0.6,0.0,7.0,1.0,14.3,12.6,1.8,0.0,0.0,0.0,0.0,17.0,1.5,0,,0,3,17.0,0,2.33,2.0,0.0,2.0,3.6,2.72,0.0,0.0,4.0,1.0,0.0,1.0,0.0,,,0.0,,,,,,,,,,,,,,,
ESP-La Liga,2324,Barcelona,Eric García,ESP,"DF,MF",22.0,2001.0,2.0,0.0,57.0,0.6,0.0,0.0,0.0,0.0,0.0,0.0,1.0,0.0,0.0,0.0,0.0,0.0,0.0,0.6,0.0,1.0,0.0,0.0,1.58,0.0,0.0,,0.0,0.0,29.0,1.7,0,,0,2,29.0,1,3.0,4.0,1.0,3.0,4.74,3.88,0.0,1.0,0.0,0.0,0.0,0.0,0.0,,,0.0,,,,,,,,,,,,,,,
ESP-La Liga,2324,Barcelona,Fermin López,ESP,"MF,FW",20.0,2003.0,31.0,14.0,1446.0,16.1,8.0,0.0,8.0,8.0,0.0,0.0,2.0,0.0,0.5,0.0,0.5,0.5,0.5,16.1,8.0,51.0,25.0,49.0,3.17,1.56,0.16,0.32,0.0,0.0,47.0,42.3,14,70.0,1,17,28.0,6,2.29,31.0,14.0,17.0,1.06,0.24,0.0,43.0,17.0,10.0,18.0,3.0,20.0,,,0.0,,,,,,,,,,,,,,,
ESP-La Liga,2324,Barcelona,Ferran Torres,ESP,FW,23.0,2000.0,29.0,12.0,1211.0,13.5,7.0,2.0,9.0,7.0,0.0,0.0,2.0,0.0,0.52,0.15,0.67,0.52,0.67,13.5,7.0,38.0,15.0,39.5,2.82,1.11,0.18,0.47,0.0,0.0,42.0,35.4,12,68.0,4,17,23.0,2,2.21,33.0,18.0,15.0,1.11,0.3,0.0,8.0,16.0,16.0,21.0,5.0,8.0,,,0.0,,,,,,,,,,,,,,,
ESP-La Liga,2324,Barcelona,Frenkie de Jong,NED,MF,26.0,1997.0,20.0,20.0,1634.0,18.2,2.0,0.0,2.0,2.0,0.0,0.0,7.0,0.0,0.11,0.0,0.11,0.11,0.11,18.2,2.0,7.0,4.0,57.1,0.39,0.22,0.29,0.5,0.0,0.0,82.0,47.8,20,82.0,17,0,,1,2.05,41.0,25.0,16.0,0.88,-0.08,0.0,19.0,22.0,1.0,26.0,15.0,26.0,,,0.0,,,,,,,,,,,,,,,
ESP-La Liga,2324,Barcelona,Gavi,ESP,"MF,FW",18.0,2004.0,12.0,10.0,944.0,10.5,1.0,1.0,2.0,1.0,0.0,0.0,5.0,0.0,0.1,0.1,0.19,0.1,0.19,10.5,1.0,10.0,5.0,50.0,0.95,0.48,0.1,0.2,0.0,0.0,79.0,27.6,10,88.0,9,2,34.0,0,2.25,22.0,11.0,11.0,1.05,0.18,0.0,31.0,23.0,4.0,8.0,8.0,23.0,,,0.0,,,,,,,,,,,,,,,
ESP-La Liga,2324,Barcelona,Héctor Fort,ESP,DF,16.0,2006.0,7.0,4.0,318.0,3.5,0.0,2.0,2.0,0.0,0.0,0.0,0.0,0.0,0.0,0.57,0.57,0.0,0.57,3.5,0.0,1.0,0.0,0.0,0.28,0.0,0.0,,0.0,0.0,45.0,9.3,4,65.0,0,3,20.0,17,2.57,9.0,2.0,7.0,1.98,1.17,0.0,8.0,1.0,1.0,6.0,2.0,6.0,,,0.0,,,,,,,,,,,,,,,
ESP-La Liga,2324,Barcelona,Iñaki Peña,ESP,GK,24.0,1999.0,10.0,10.0,900.0,10.0,0.0,0.0,0.0,0.0,0.0,0.0,0.0,0.0,0.0,0.0,0.0,0.0,0.0,10.0,0.0,0.0,0.0,,0.0,0.0,,,0.0,0.0,90.0,26.3,10,90.0,10,0,,25,2.0,21.0,17.0,4.0,0.4,-0.71,0.0,0.0,1.0,0.0,0.0,0.0,0.0,,,0.0,17.0,1.7,39.0,22.0,56.4,6.0,2.0,2.0,2.0,20.0,0.0,0.0,0.0,0.0,
ESP-La Liga,2324,Barcelona,Iñigo Martínez,ESP,DF,32.0,1991.0,20.0,13.0,1296.0,14.4,0.0,0.0,0.0,0.0,0.0,0.0,5.0,0.0,0.0,0.0,0.0,0.0,0.0,14.4,0.0,8.0,1.0,12.5,0.56,0.07,0.0,0.0,0.0,0.0,65.0,37.9,13,89.0,12,7,20.0,7,2.45,27.0,11.0,16.0,1.11,0.31,0.0,10.0,11.0,1.0,3.0,13.0,5.0,,,0.0,,,,,,,,,,,,,,,
ESP-La Liga,2324,Barcelona,João Cancelo,POR,DF,29.0,1994.0,32.0,29.0,2503.0,27.8,2.0,4.0,6.0,2.0,0.0,0.0,7.0,0.0,0.07,0.14,0.22,0.07,0.22,27.8,2.0,31.0,10.0,32.3,1.11,0.36,0.06,0.2,0.0,0.0,78.0,73.2,29,83.0,21,3,32.0,0,2.16,53.0,35.0,18.0,0.65,-1.02,0.0,39.0,26.0,4.0,82.0,33.0,47.0,,,0.0,,,,,,,,,,,,,,,
ESP-La Liga,2324,Barcelona,João Félix,POR,FW,23.0,1999.0,30.0,18.0,1540.0,17.1,7.0,3.0,10.0,7.0,0.0,0.0,3.0,0.0,0.41,0.18,0.58,0.41,0.58,17.1,7.0,61.0,25.0,41.0,3.56,1.46,0.11,0.28,0.0,0.0,51.0,45.0,18,71.0,3,12,22.0,1,2.17,34.0,16.0,18.0,1.05,0.24,0.0,21.0,54.0,9.0,18.0,11.0,16.0,,,0.0,,,,,,,,,,,,,,,
ESP-La Liga,2324,Barcelona,Jules Koundé,FRA,DF,24.0,1998.0,35.0,32.0,2899.0,32.2,1.0,2.0,3.0,1.0,0.0,0.0,4.0,0.0,0.03,0.06,0.09,0.03,0.09,32.2,1.0,24.0,7.0,29.2,0.75,0.22,0.04,0.14,0.0,0.0,83.0,84.8,32,88.0,30,3,29.0,2,2.31,69.0,38.0,31.0,0.96,0.27,0.0,23.0,16.0,2.0,35.0,28.0,24.0,,,0.0,,,,,,,,,,,,,,,
ESP-La Liga,2324,Barcelona,Lamine Yamal,ESP,"FW,MF",16.0,2007.0,37.0,22.0,2201.0,24.5,5.0,5.0,10.0,5.0,0.0,0.0,3.0,0.0,0.2,0.2,0.41,0.2,0.41,24.5,5.0,58.0,21.0,36.2,2.37,0.86,0.09,0.24,0.0,0.0,59.0,64.4,22,83.0,12,15,25.0,1,2.22,56.0,33.0,23.0,0.94,0.05,0.0,23.0,52.0,4.0,87.0,20.0,37.0,,,0.0,,,,,,,,,,,,,,,
ESP-La Liga,2324,Barcelona,Marc Casado,ESP,MF,19.0,2003.0,2.0,0.0,15.0,0.2,0.0,0.0,0.0,0.0,0.0,0.0,0.0,0.0,0.0,0.0,0.0,0.0,0.0,0.2,0.0,0.0,0.0,,0.0,0.0,,,0.0,0.0,8.0,0.4,0,,0,2,8.0,19,3.0,0.0,0.0,0.0,0.0,-0.93,0.0,0.0,2.0,0.0,0.0,1.0,1.0,,,0.0,,,,,,,,,,,,,,,
ESP-La Liga,2324,Barcelona,Marc Guiu,ESP,FW,17.0,2006.0,3.0,1.0,74.0,0.8,1.0,0.0,1.0,1.0,0.0,0.0,1.0,0.0,1.22,0.0,1.22,1.22,1.22,0.8,1.0,4.0,1.0,25.0,4.86,1.22,0.25,1.0,0.0,0.0,25.0,2.2,1,60.0,0,2,7.0,13,2.33,1.0,0.0,1.0,1.22,0.3,0.0,1.0,2.0,1.0,0.0,0.0,0.0,,,0.0,,,,,,,,,,,,,,,
ESP-La Liga,2324,Barcelona,Marc-André ter Stegen,GER,GK,31.0,1992.0,28.0,28.0,2520.0,28.0,0.0,0.0,0.0,0.0,0.0,0.0,3.0,0.0,0.0,0.0,0.0,0.0,0.0,28.0,0.0,0.0,0.0,,0.0,0.0,,,0.0,0.0,90.0,73.7,28,90.0,28,0,,0,2.32,58.0,27.0,31.0,1.11,0.71,0.0,0.0,1.0,0.0,0.0,0.0,0.0,,,0.0,27.0,0.96,102.0,75.0,73.5,20.0,5.0,3.0,12.0,42.9,2.0,2.0,0.0,0.0,0.0
ESP-La Liga,2324,Barcelona,Marcos Alonso,ESP,DF,32.0,1990.0,5.0,3.0,252.0,2.8,0.0,0.0,0.0,0.0,0.0,0.0,0.0,0.0,0.0,0.0,0.0,0.0,0.0,2.8,0.0,3.0,2.0,66.7,1.07,0.71,0.0,0.0,0.0,0.0,50.0,7.4,3,75.0,2,2,14.0,16,3.0,7.0,4.0,3.0,1.07,0.16,0.0,7.0,6.0,0.0,15.0,3.0,3.0,,,0.0,,,,,,,,,,,,,,,
ESP-La Liga,2324,Barcelona,Oriol Romeu,ESP,MF,31.0,1991.0,28.0,11.0,936.0,10.4,0.0,1.0,1.0,0.0,0.0,0.0,4.0,0.0,0.0,0.1,0.1,0.0,0.1,10.4,0.0,10.0,2.0,20.0,0.96,0.19,0.0,0.0,0.0,0.0,33.0,27.4,11,65.0,1,17,13.0,9,2.32,12.0,11.0,1.0,0.1,-1.14,0.0,15.0,11.0,0.0,7.0,11.0,22.0,,,0.0,,,,,,,,,,,,,,,
ESP-La Liga,2324,Barcelona,Pau Cubarsí,ESP,DF,16.0,2007.0,19.0,18.0,1558.0,17.3,0.0,0.0,0.0,0.0,0.0,0.0,4.0,0.0,0.0,0.0,0.0,0.0,0.0,17.3,0.0,3.0,0.0,0.0,0.17,0.0,0.0,,0.0,0.0,82.0,45.6,18,84.0,13,1,45.0,7,2.32,36.0,21.0,15.0,0.87,-0.1,0.0,15.0,2.0,0.0,1.0,11.0,13.0,,,0.0,,,,,,,,,,,,,,,
ESP-La Liga,2324,Barcelona,Pedri,ESP,"MF,FW",20.0,2002.0,24.0,16.0,1476.0,16.4,4.0,2.0,6.0,4.0,0.0,0.0,3.0,0.0,0.24,0.12,0.37,0.24,0.37,16.4,4.0,15.0,7.0,46.7,0.91,0.43,0.27,0.57,0.0,0.0,62.0,43.2,16,78.0,3,8,29.0,0,2.08,32.0,21.0,11.0,0.67,-0.44,0.0,11.0,22.0,1.0,9.0,14.0,22.0,,,0.0,,,,,,,,,,,,,,,
ESP-La Liga,2324,Barcelona,Raphinha,BRA,"FW,MF",26.0,1996.0,28.0,17.0,1368.0,15.2,6.0,9.0,15.0,5.0,1.0,1.0,4.0,1.0,0.39,0.59,0.99,0.33,0.92,15.2,6.0,59.0,22.0,37.3,3.88,1.45,0.1,0.27,1.0,1.0,49.0,40.0,17,68.0,4,11,19.0,2,2.14,30.0,14.0,16.0,1.05,0.22,0.0,17.0,25.0,7.0,81.0,13.0,8.0,,,0.0,,,,,,,,,,,,,,,
ESP-La Liga,2324,Barcelona,Robert Lewandowski,POL,FW,34.0,1988.0,35.0,32.0,2750.0,30.6,19.0,8.0,27.0,15.0,4.0,4.0,5.0,0.0,0.62,0.26,0.88,0.49,0.75,30.6,19.0,93.0,43.0,46.2,3.04,1.41,0.2,0.44,4.0,4.0,79.0,80.4,32,83.0,20,3,31.0,0,2.23,67.0,35.0,32.0,1.05,0.64,0.0,23.0,55.0,24.0,18.0,9.0,4.0,,,0.0,,,,,,,,,,,,,,,
ESP-La Liga,2324,Barcelona,Ronald Araújo,URU,DF,24.0,1999.0,25.0,21.0,1997.0,22.2,1.0,2.0,3.0,1.0,0.0,0.0,6.0,0.0,0.05,0.09,0.14,0.05,0.14,22.2,1.0,23.0,9.0,39.1,1.04,0.41,0.04,0.11,0.0,0.0,80.0,58.4,21,88.0,20,4,38.0,7,2.0,50.0,31.0,19.0,0.86,-0.16,0.0,25.0,9.0,0.0,7.0,10.0,22.0,,,0.0,,,,,,,,,,,,,,,
ESP-La Liga,2324,Barcelona,Sergi Roberto,ESP,"MF,DF",31.0,1992.0,14.0,10.0,860.0,9.6,3.0,2.0,5.0,3.0,0.0,0.0,4.0,0.0,0.31,0.21,0.52,0.31,0.52,9.6,3.0,10.0,4.0,40.0,1.05,0.42,0.3,0.75,0.0,0.0,61.0,25.1,10,75.0,3,4,27.0,14,2.64,26.0,10.0,16.0,1.67,1.01,0.0,8.0,7.0,1.0,9.0,8.0,11.0,,,0.0,,,,,,,,,,,,,,,
ESP-La Liga,2324,Barcelona,Vitor Roque,BRA,FW,18.0,2005.0,14.0,2.0,328.0,3.6,2.0,0.0,2.0,2.0,0.0,0.0,4.0,1.0,0.55,0.0,0.55,0.55,0.55,3.6,2.0,13.0,6.0,46.2,3.57,1.65,0.15,0.33,0.0,0.0,23.0,9.6,2,59.0,0,12,18.0,5,2.79,9.0,4.0,5.0,1.37,0.5,1.0,13.0,11.0,2.0,2.0,0.0,2.0,,,0.0,,,,,,,,,,,,,,,
ESP-La Liga,2324,Barcelona,İlkay Gündoğan,GER,MF,32.0,1990.0,36.0,33.0,2994.0,33.3,5.0,9.0,14.0,4.0,1.0,2.0,5.0,0.0,0.15,0.27,0.42,0.12,0.39,33.3,5.0,43.0,17.0,39.5,1.29,0.51,0.12,0.29,1.0,2.0,83.0,87.5,33,88.0,26,3,32.0,1,2.19,69.0,42.0,27.0,0.81,-0.88,0.0,16.0,42.0,6.0,157.0,20.0,20.0,,,0.0,,,,,,,,,,,,,,,
ESP-La Liga,2324,Celta Vigo,Anastasios Douvikas,GRE,FW,23.0,1999.0,32.0,7.0,905.0,10.1,7.0,1.0,8.0,7.0,0.0,0.0,2.0,0.0,0.7,0.1,0.8,0.7,0.8,10.1,7.0,26.0,15.0,57.7,2.59,1.49,0.27,0.47,0.0,0.0,28.0,26.5,7,73.0,2,25,16.0,3,1.16,12.0,23.0,-11.0,-1.09,-1.09,0.0,17.0,30.0,6.0,3.0,0.0,7.0,,,0.0,,,,,,,,,,,,,,,
ESP-La Liga,2324,Celta Vigo,Carl Starfelt,SWE,DF,28.0,1995.0,27.0,26.0,2216.0,24.6,1.0,0.0,1.0,1.0,0.0,0.0,4.0,0.0,0.04,0.0,0.04,0.04,0.04,24.6,1.0,12.0,5.0,41.7,0.49,0.2,0.08,0.2,0.0,0.0,82.0,64.8,26,84.0,20,1,23.0,7,1.0,27.0,38.0,-11.0,-0.45,-0.45,0.0,15.0,10.0,0.0,1.0,37.0,29.0,,,0.0,,,,,,,,,,,,,,,
ESP-La Liga,2324,Celta Vigo,Carles Pérez,ESP,MF,25.0,1998.0,16.0,7.0,772.0,8.6,1.0,1.0,2.0,1.0,0.0,0.0,3.0,0.0,0.12,0.12,0.23,0.12,0.23,8.6,1.0,24.0,6.0,25.0,2.8,0.7,0.04,0.17,0.0,0.0,48.0,22.6,7,69.0,0,9,32.0,13,1.38,13.0,12.0,1.0,0.12,0.52,0.0,15.0,12.0,1.0,18.0,5.0,5.0,,,0.0,,,,,,,,,,,,,,,
ESP-La Liga,2324,Celta Vigo,Carlos Dominguez,ESP,DF,22.0,2001.0,22.0,18.0,1584.0,17.6,0.0,0.0,0.0,0.0,0.0,0.0,2.0,0.0,0.0,0.0,0.0,0.0,0.0,17.6,0.0,5.0,0.0,0.0,0.28,0.0,0.0,,0.0,0.0,72.0,46.3,18,84.0,12,4,18.0,15,1.27,24.0,29.0,-5.0,-0.28,0.01,0.0,15.0,8.0,0.0,3.0,22.0,21.0,,,2.0,,,,,,,,,,,,,,,
ESP-La Liga,2324,Celta Vigo,Carlos Dotor,ESP,MF,22.0,2001.0,17.0,7.0,708.0,7.9,0.0,0.0,0.0,0.0,0.0,0.0,2.0,0.0,0.0,0.0,0.0,0.0,0.0,7.9,0.0,4.0,0.0,0.0,0.51,0.0,0.0,,0.0,0.0,42.0,20.7,7,87.0,4,10,10.0,7,0.65,9.0,12.0,-3.0,-0.38,-0.12,0.0,13.0,10.0,0.0,8.0,4.0,7.0,,,0.0,,,,,,,,,,,,,,,
ESP-La Liga,2324,Celta Vigo,Damián Rodríguez,ESP,MF,20.0,2003.0,5.0,3.0,258.0,2.9,0.0,2.0,2.0,0.0,0.0,0.0,1.0,0.0,0.0,0.7,0.7,0.0,0.7,2.9,0.0,1.0,0.0,0.0,0.35,0.0,0.0,,0.0,0.0,52.0,7.5,3,74.0,1,2,18.0,4,1.8,6.0,4.0,2.0,0.7,1.07,0.0,4.0,1.0,0.0,9.0,1.0,3.0,,,0.0,,,,,,,,,,,,,,,
ESP-La Liga,2324,Celta Vigo,Fran Beltrán,ESP,MF,24.0,1999.0,33.0,28.0,2428.0,27.0,0.0,0.0,0.0,0.0,0.0,0.0,2.0,0.0,0.0,0.0,0.0,0.0,0.0,27.0,0.0,21.0,3.0,14.3,0.78,0.11,0.0,0.0,0.0,0.0,74.0,71.0,28,83.0,17,5,19.0,5,1.18,38.0,41.0,-3.0,-0.11,0.61,0.0,28.0,16.0,2.0,19.0,19.0,34.0,,,0.0,,,,,,,,,,,,,,,
ESP-La Liga,2324,Celta Vigo,Franco Cervi,ARG,"MF,DF",29.0,1994.0,17.0,5.0,546.0,6.1,0.0,1.0,1.0,0.0,0.0,0.0,2.0,0.0,0.0,0.16,0.16,0.0,0.16,6.1,0.0,9.0,1.0,11.1,1.48,0.16,0.0,0.0,0.0,0.0,32.0,16.0,5,72.0,1,12,15.0,12,1.35,8.0,12.0,-4.0,-0.66,-0.44,0.0,6.0,19.0,2.0,18.0,9.0,19.0,,,0.0,,,,,,,,,,,,,,,
ESP-La Liga,2324,Celta Vigo,Gabriel Veiga,ESP,MF,21.0,2002.0,1.0,0.0,18.0,0.2,0.0,0.0,0.0,0.0,0.0,0.0,0.0,0.0,0.0,0.0,0.0,0.0,0.0,0.2,0.0,0.0,0.0,,0.0,0.0,,,0.0,0.0,18.0,0.5,0,,0,1,18.0,1,0.0,0.0,1.0,-1.0,-5.0,-4.74,0.0,0.0,0.0,0.0,1.0,0.0,0.0,,,0.0,,,,,,,,,,,,,,,
ESP-La Liga,2324,Celta Vigo,Hugo Sotelo,ESP,MF,19.0,2003.0,17.0,8.0,721.0,8.0,0.0,1.0,1.0,0.0,0.0,0.0,1.0,0.0,0.0,0.12,0.12,0.0,0.12,8.0,0.0,8.0,1.0,12.5,1.0,0.12,0.0,0.0,0.0,0.0,42.0,21.1,8,70.0,1,9,18.0,20,0.88,7.0,16.0,-9.0,-1.12,-1.06,0.0,16.0,3.0,0.0,29.0,2.0,17.0,,,0.0,,,,,,,,,,,,,,,
ESP-La Liga,2324,Celta Vigo,Hugo Álvarez,ESP,"MF,FW",20.0,2003.0,12.0,8.0,762.0,8.5,1.0,1.0,2.0,1.0,0.0,0.0,1.0,0.0,0.12,0.12,0.24,0.12,0.24,8.5,1.0,12.0,4.0,33.3,1.42,0.47,0.08,0.25,0.0,0.0,64.0,22.3,8,85.0,4,4,21.0,3,1.83,12.0,10.0,2.0,0.24,0.68,0.0,9.0,9.0,1.0,22.0,5.0,9.0,,,0.0,,,,,,,,,,,,,,,
ESP-La Liga,2324,Celta Vigo,Iago Aspas,ESP,FW,35.0,1987.0,35.0,31.0,2707.0,30.1,9.0,10.0,19.0,6.0,3.0,5.0,6.0,1.0,0.3,0.33,0.63,0.2,0.53,30.1,9.0,78.0,28.0,35.9,2.59,0.93,0.12,0.32,3.0,5.0,77.0,79.2,31,83.0,18,4,31.0,1,1.0,38.0,44.0,-6.0,-0.2,0.43,0.0,19.0,59.0,12.0,149.0,8.0,6.0,,,0.0,,,,,,,,,,,,,,,
ESP-La Liga,2324,Celta Vigo,Iván Villar,ESP,GK,26.0,1997.0,12.0,12.0,1014.0,11.3,0.0,0.0,0.0,0.0,0.0,0.0,0.0,2.0,0.0,0.0,0.0,0.0,0.0,11.3,0.0,0.0,0.0,,0.0,0.0,,,0.0,0.0,85.0,29.6,12,85.0,11,0,,22,1.0,15.0,19.0,-4.0,-0.36,-0.09,0.0,2.0,2.0,0.0,0.0,0.0,0.0,,,0.0,18.0,1.6,45.0,27.0,60.0,2.0,4.0,6.0,0.0,0.0,3.0,2.0,1.0,0.0,33.3
ESP-La Liga,2324,Celta Vigo,Jailson Siqueira,BRA,"DF,MF",27.0,1995.0,14.0,9.0,897.0,10.0,0.0,1.0,1.0,0.0,0.0,0.0,1.0,0.0,0.0,0.1,0.1,0.0,0.1,10.0,0.0,5.0,3.0,60.0,0.5,0.3,0.0,0.0,0.0,0.0,64.0,26.2,9,86.0,8,5,25.0,5,1.29,17.0,15.0,2.0,0.2,0.66,0.0,13.0,13.0,0.0,4.0,12.0,18.0,,,0.0,,,,,,,,,,,,,,,
ESP-La Liga,2324,Celta Vigo,Javi Rueda,ESP,"DF,MF",21.0,2002.0,1.0,0.0,20.0,0.2,0.0,0.0,0.0,0.0,0.0,0.0,0.0,0.0,0.0,0.0,0.0,0.0,0.0,0.2,0.0,0.0,0.0,,0.0,0.0,,,0.0,0.0,20.0,0.6,0,,0,1,20.0,0,1.0,0.0,0.0,0.0,0.0,0.29,0.0,0.0,1.0,0.0,0.0,0.0,0.0,,,0.0,,,,,,,,,,,,,,,
ESP-La Liga,2324,Celta Vigo,Javier Manquillo,ESP,"DF,MF",29.0,1994.0,12.0,10.0,744.0,8.3,0.0,1.0,1.0,0.0,0.0,0.0,3.0,0.0,0.0,0.12,0.12,0.0,0.12,8.3,0.0,1.0,0.0,0.0,0.12,0.0,0.0,,0.0,0.0,62.0,21.8,10,73.0,4,2,8.0,3,1.83,13.0,12.0,1.0,0.12,0.52,0.0,14.0,4.0,0.0,5.0,2.0,12.0,,,0.0,,,,,,,,,,,,,,,
ESP-La Liga,2324,Celta Vigo,Jonathan Bamba,CIV,"MF,FW",27.0,1996.0,27.0,24.0,1981.0,22.0,3.0,2.0,5.0,3.0,0.0,0.0,0.0,0.0,0.14,0.09,0.23,0.14,0.23,22.0,3.0,41.0,16.0,39.0,1.86,0.73,0.07,0.19,0.0,0.0,73.0,57.9,24,79.0,9,3,26.0,3,1.07,23.0,28.0,-5.0,-0.23,0.15,0.0,15.0,65.0,7.0,50.0,17.0,8.0,,,0.0,,,,,,,,,,,,,,,
ESP-La Liga,2324,Celta Vigo,Joseph Aidoo,GHA,DF,27.0,1995.0,6.0,4.0,407.0,4.5,0.0,0.0,0.0,0.0,0.0,0.0,0.0,0.0,0.0,0.0,0.0,0.0,0.0,4.5,0.0,3.0,0.0,0.0,0.66,0.0,0.0,,0.0,0.0,68.0,11.9,4,90.0,4,2,24.0,3,0.83,3.0,6.0,-3.0,-0.66,-0.42,0.0,4.0,0.0,0.0,0.0,3.0,3.0,,,0.0,,,,,,,,,,,,,,,
ESP-La Liga,2324,Celta Vigo,Jørgen Strand Larsen,NOR,FW,23.0,2000.0,37.0,36.0,2863.0,31.8,13.0,3.0,16.0,13.0,0.0,0.0,5.0,0.0,0.41,0.09,0.5,0.41,0.5,31.8,13.0,82.0,35.0,42.7,2.58,1.1,0.16,0.37,0.0,0.0,77.0,83.7,36,79.0,10,1,27.0,0,1.11,36.0,35.0,1.0,0.03,1.97,0.0,64.0,48.0,21.0,19.0,5.0,11.0,,,0.0,,,,,,,,,,,,,,,
ESP-La Liga,2324,Celta Vigo,Kevin Vázquez,ESP,DF,30.0,1993.0,12.0,10.0,700.0,7.8,0.0,0.0,0.0,0.0,0.0,0.0,3.0,0.0,0.0,0.0,0.0,0.0,0.0,7.8,0.0,2.0,1.0,50.0,0.26,0.13,0.0,0.0,0.0,0.0,58.0,20.5,10,69.0,3,2,5.0,24,0.67,9.0,13.0,-4.0,-0.51,-0.28,0.0,11.0,10.0,0.0,8.0,5.0,13.0,,,0.0,,,,,,,,,,,,,,,
ESP-La Liga,2324,Celta Vigo,Luca de la Torre,USA,MF,25.0,1998.0,31.0,22.0,1956.0,21.7,1.0,4.0,5.0,1.0,0.0,0.0,4.0,1.0,0.05,0.18,0.23,0.05,0.23,21.7,1.0,24.0,8.0,33.3,1.1,0.37,0.04,0.13,0.0,0.0,63.0,57.2,22,81.0,10,9,20.0,2,1.03,19.0,32.0,-13.0,-0.6,-0.72,1.0,39.0,19.0,4.0,17.0,11.0,21.0,,,0.0,,,,,,,,,,,,,,,
ESP-La Liga,2324,Celta Vigo,Manu Sánchez,ESP,"DF,MF",22.0,2000.0,26.0,20.0,1775.0,19.7,0.0,5.0,5.0,0.0,0.0,0.0,3.0,0.0,0.0,0.25,0.25,0.0,0.25,19.7,0.0,9.0,2.0,22.2,0.46,0.1,0.0,0.0,0.0,0.0,68.0,51.9,20,82.0,13,6,24.0,11,0.92,18.0,28.0,-10.0,-0.51,-0.45,0.0,21.0,5.0,0.0,57.0,19.0,32.0,,,0.0,,,,,,,,,,,,,,,
ESP-La Liga,2324,Celta Vigo,Miguel Rodríguez,ESP,MF,20.0,2003.0,15.0,2.0,300.0,3.3,0.0,0.0,0.0,0.0,0.0,0.0,2.0,0.0,0.0,0.0,0.0,0.0,0.0,3.3,0.0,6.0,0.0,0.0,1.8,0.0,0.0,,0.0,0.0,20.0,8.8,2,74.0,1,13,12.0,20,0.47,3.0,5.0,-2.0,-0.6,-0.34,0.0,16.0,11.0,0.0,11.0,4.0,3.0,,,0.0,,,,,,,,,,,,,,,
ESP-La Liga,2324,Celta Vigo,Mihailo Ristić,SRB,"DF,MF",27.0,1995.0,12.0,9.0,808.0,9.0,0.0,0.0,0.0,0.0,0.0,0.0,2.0,0.0,0.0,0.0,0.0,0.0,0.0,9.0,0.0,10.0,4.0,40.0,1.11,0.45,0.0,0.0,0.0,0.0,67.0,23.6,9,81.0,6,3,27.0,7,1.0,13.0,14.0,-1.0,-0.11,0.23,0.0,12.0,14.0,0.0,39.0,11.0,8.0,,,0.0,,,,,,,,,,,,,,,
ESP-La Liga,2324,Celta Vigo,Renato Tapia,PER,"MF,DF",28.0,1995.0,21.0,15.0,1337.0,14.9,0.0,0.0,0.0,0.0,0.0,0.0,5.0,1.0,0.0,0.0,0.0,0.0,0.0,14.9,0.0,19.0,1.0,5.3,1.28,0.07,0.0,0.0,0.0,0.0,64.0,39.1,15,81.0,10,6,19.0,9,1.1,14.0,15.0,-1.0,-0.07,0.36,1.0,25.0,27.0,1.0,9.0,20.0,27.0,,,0.0,,,,,,,,,,,,,,,
ESP-La Liga,2324,Celta Vigo,Tadeo Allende,ARG,MF,24.0,1999.0,10.0,2.0,336.0,3.7,1.0,0.0,1.0,1.0,0.0,0.0,1.0,0.0,0.27,0.0,0.27,0.27,0.27,3.7,1.0,8.0,2.0,25.0,2.14,0.54,0.13,0.5,0.0,0.0,34.0,9.8,2,66.0,0,8,26.0,5,0.8,7.0,8.0,-1.0,-0.27,0.02,0.0,2.0,3.0,4.0,9.0,3.0,2.0,,,0.0,,,,,,,,,,,,,,,
ESP-La Liga,2324,Celta Vigo,Unai Núñez,ESP,DF,26.0,1997.0,34.0,31.0,2801.0,31.1,1.0,0.0,1.0,1.0,0.0,0.0,4.0,0.0,0.03,0.0,0.03,0.03,0.03,31.1,1.0,22.0,5.0,22.7,0.71,0.16,0.05,0.2,0.0,0.0,82.0,81.9,31,88.0,27,3,22.0,4,0.97,36.0,49.0,-13.0,-0.42,-0.71,0.0,37.0,24.0,0.0,2.0,49.0,30.0,,,0.0,,,,,,,,,,,,,,,
ESP-La Liga,2324,Celta Vigo,Vicente Guaita,ESP,GK,36.0,1987.0,27.0,26.0,2403.0,26.7,0.0,0.0,0.0,0.0,0.0,0.0,2.0,0.0,0.0,0.0,0.0,0.0,0.0,26.7,0.0,0.0,0.0,,0.0,0.0,,,0.0,0.0,89.0,70.3,26,90.0,26,1,63.0,6,1.15,32.0,39.0,-7.0,-0.26,0.09,0.0,1.0,5.0,0.0,0.0,0.0,1.0,,,1.0,39.0,1.46,122.0,83.0,68.0,8.0,7.0,11.0,2.0,7.7,5.0,4.0,0.0,1.0,0.0
ESP-La Liga,2324,Celta Vigo,Williot Swedberg,SWE,FW,19.0,2004.0,15.0,4.0,439.0,4.9,5.0,0.0,5.0,5.0,0.0,0.0,1.0,0.0,1.03,0.0,1.03,1.03,1.03,4.9,5.0,12.0,6.0,50.0,2.46,1.23,0.42,0.83,0.0,0.0,29.0,12.8,4,67.0,0,11,15.0,16,1.27,11.0,13.0,-2.0,-0.41,-0.14,0.0,6.0,11.0,2.0,5.0,1.0,5.0,,,0.0,,,,,,,,,,,,,,,
ESP-La Liga,2324,Celta Vigo,Yoel Lago,ESP,DF,19.0,2004.0,1.0,1.0,90.0,1.0,0.0,0.0,0.0,0.0,0.0,0.0,0.0,0.0,0.0,0.0,0.0,0.0,0.0,1.0,0.0,0.0,0.0,,0.0,0.0,,,0.0,0.0,90.0,2.6,1,90.0,1,0,,0,1.0,2.0,2.0,0.0,0.0,0.3,0.0,1.0,2.0,0.0,0.0,0.0,1.0,,,0.0,,,,,,,,,,,,,,,
ESP-La Liga,2324,Celta Vigo,Óscar Mingueza,ESP,"DF,MF",24.0,1999.0,38.0,33.0,2998.0,33.3,2.0,2.0,4.0,2.0,0.0,0.0,4.0,0.0,0.06,0.06,0.12,0.06,0.12,33.3,2.0,28.0,13.0,46.4,0.84,0.39,0.07,0.15,0.0,0.0,79.0,87.7,33,86.0,26,5,30.0,0,1.08,41.0,48.0,-7.0,-0.21,0.64,0.0,21.0,44.0,1.0,150.0,19.0,38.0,,,0.0,,,,,,,,,,,,,,,
ESP-La Liga,2324,Cádiz,Aiham Ousou,SYR,DF,23.0,2000.0,6.0,5.0,430.0,4.8,0.0,0.0,0.0,0.0,0.0,0.0,0.0,0.0,0.0,0.0,0.0,0.0,0.0,4.8,0.0,2.0,0.0,0.0,0.42,0.0,0.0,,0.0,0.0,72.0,12.6,5,81.0,4,1,25.0,5,1.17,3.0,8.0,-5.0,-1.05,-0.32,0.0,4.0,6.0,0.0,0.0,6.0,6.0,,,0.0,,,,,,,,,,,,,,,
ESP-La Liga,2324,Cádiz,Borja Vázquez,ESP,FW,18.0,2005.0,1.0,0.0,4.0,0.0,0.0,0.0,0.0,0.0,0.0,0.0,0.0,0.0,0.0,0.0,0.0,0.0,0.0,0.0,0.0,0.0,0.0,,0.0,0.0,,,0.0,0.0,4.0,0.1,0,,0,1,4.0,0,0.0,0.0,0.0,0.0,0.0,0.76,0.0,0.0,0.0,0.0,1.0,0.0,0.0,,,0.0,,,,,,,,,,,,,,,
ESP-La Liga,2324,Cádiz,Brian Ocampo,URU,MF,24.0,1999.0,13.0,1.0,248.0,2.8,1.0,0.0,1.0,1.0,0.0,0.0,2.0,0.0,0.36,0.0,0.36,0.36,0.36,2.8,1.0,5.0,2.0,40.0,1.81,0.73,0.2,0.5,0.0,0.0,19.0,7.3,1,69.0,0,12,15.0,9,0.69,2.0,6.0,-4.0,-1.45,-0.74,0.0,9.0,9.0,0.0,19.0,3.0,3.0,,,0.0,,,,,,,,,,,,,,,
ESP-La Liga,2324,Cádiz,Chris Ramos,ESP,FW,26.0,1997.0,37.0,30.0,2612.0,29.0,5.0,1.0,6.0,5.0,0.0,0.0,5.0,0.0,0.17,0.03,0.21,0.17,0.21,29.0,5.0,76.0,27.0,35.5,2.62,0.93,0.07,0.19,0.0,0.0,71.0,76.4,30,80.0,10,7,32.0,0,0.89,22.0,36.0,-14.0,-0.48,1.19,0.0,61.0,46.0,12.0,12.0,9.0,13.0,,,0.0,,,,,,,,,,,,,,,
ESP-La Liga,2324,Cádiz,Darwin Machís,VEN,MF,30.0,1993.0,21.0,10.0,785.0,8.7,4.0,0.0,4.0,3.0,1.0,1.0,0.0,1.0,0.46,0.0,0.46,0.34,0.34,8.7,4.0,21.0,10.0,47.6,2.41,1.15,0.19,0.4,1.0,1.0,37.0,23.0,10,60.0,1,11,17.0,12,0.76,12.0,13.0,-1.0,-0.11,0.84,0.0,12.0,14.0,2.0,65.0,4.0,15.0,,,0.0,,,,,,,,,,,,,,,
ESP-La Liga,2324,Cádiz,David Gil,ESP,GK,29.0,1994.0,5.0,4.0,372.0,4.1,0.0,0.0,0.0,0.0,0.0,0.0,1.0,0.0,0.0,0.0,0.0,0.0,0.0,4.1,0.0,0.0,0.0,,0.0,0.0,,,0.0,0.0,74.0,10.9,4,90.0,4,1,12.0,32,0.6,3.0,8.0,-5.0,-1.21,-0.5,0.0,0.0,2.0,0.0,0.0,0.0,0.0,,,0.0,8.0,1.94,25.0,17.0,68.0,0.0,3.0,1.0,1.0,25.0,0.0,0.0,0.0,0.0,
ESP-La Liga,2324,Cádiz,Diadie Samassékou,MLI,MF,27.0,1996.0,4.0,0.0,92.0,1.0,0.0,0.0,0.0,0.0,0.0,0.0,0.0,0.0,0.0,0.0,0.0,0.0,0.0,1.0,0.0,1.0,1.0,100.0,0.98,0.98,0.0,0.0,0.0,0.0,23.0,2.7,0,,0,4,23.0,10,0.75,0.0,4.0,-4.0,-3.91,-3.24,0.0,2.0,0.0,0.0,0.0,3.0,3.0,,,0.0,,,,,,,,,,,,,,,
ESP-La Liga,2324,Cádiz,Fali,ESP,DF,29.0,1993.0,30.0,30.0,2547.0,28.3,0.0,0.0,0.0,0.0,0.0,0.0,12.0,0.0,0.0,0.0,0.0,0.0,0.0,28.3,0.0,11.0,3.0,27.3,0.39,0.11,0.0,0.0,0.0,0.0,85.0,74.5,30,85.0,25,0,,4,0.9,20.0,39.0,-19.0,-0.67,0.36,0.0,23.0,19.0,0.0,8.0,27.0,25.0,,,0.0,,,,,,,,,,,,,,,
ESP-La Liga,2324,Cádiz,Fede San Emeterio,ESP,MF,26.0,1997.0,4.0,3.0,152.0,1.7,1.0,0.0,1.0,1.0,0.0,0.0,1.0,1.0,0.59,0.0,0.59,0.59,0.59,1.7,1.0,1.0,1.0,100.0,0.59,0.59,1.0,1.0,0.0,0.0,38.0,4.4,3,50.0,0,1,1.0,5,1.0,1.0,1.0,0.0,0.0,0.8,0.0,8.0,3.0,0.0,1.0,2.0,2.0,,,0.0,,,,,,,,,,,,,,,
ESP-La Liga,2324,Cádiz,Gonzalo Escalante,ARG,MF,30.0,1993.0,25.0,18.0,1697.0,18.9,1.0,2.0,3.0,1.0,0.0,0.0,2.0,1.0,0.05,0.11,0.16,0.05,0.16,18.9,1.0,14.0,3.0,21.4,0.74,0.16,0.07,0.33,0.0,0.0,68.0,49.6,18,81.0,8,7,35.0,5,0.84,11.0,29.0,-18.0,-0.95,-0.38,0.0,31.0,14.0,3.0,6.0,27.0,23.0,,,0.0,,,,,,,,,,,,,,,
ESP-La Liga,2324,Cádiz,Isaac Carcelen,ESP,DF,30.0,1993.0,35.0,29.0,2611.0,29.0,0.0,0.0,0.0,0.0,0.0,0.0,2.0,0.0,0.0,0.0,0.0,0.0,0.0,29.0,0.0,10.0,3.0,30.0,0.34,0.1,0.0,0.0,0.0,0.0,75.0,76.3,29,87.0,25,6,16.0,3,0.86,20.0,38.0,-18.0,-0.62,0.6,0.0,16.0,44.0,6.0,67.0,23.0,32.0,,,0.0,,,,,,,,,,,,,,,
ESP-La Liga,2324,Cádiz,Iván Alejo,ESP,MF,28.0,1995.0,30.0,21.0,1692.0,18.8,0.0,2.0,2.0,0.0,0.0,0.0,17.0,0.0,0.0,0.11,0.11,0.0,0.11,18.8,0.0,11.0,2.0,18.2,0.59,0.11,0.0,0.0,0.0,0.0,56.0,49.5,21,71.0,3,9,22.0,5,1.0,14.0,26.0,-12.0,-0.64,0.25,0.0,49.0,49.0,8.0,151.0,6.0,23.0,,,0.0,,,,,,,,,,,,,,,
ESP-La Liga,2324,Cádiz,Javi Hernández,ESP,DF,25.0,1998.0,30.0,28.0,2514.0,27.9,1.0,2.0,3.0,1.0,0.0,0.0,10.0,0.0,0.04,0.07,0.11,0.04,0.11,27.9,1.0,30.0,8.0,26.7,1.07,0.29,0.03,0.13,0.0,0.0,84.0,73.5,28,88.0,24,2,23.0,2,1.0,23.0,42.0,-19.0,-0.68,0.31,0.0,45.0,19.0,1.0,126.0,17.0,23.0,,,0.0,,,,,,,,,,,,,,,
ESP-La Liga,2324,Cádiz,Jeremías Ledesma,ARG,GK,30.0,1993.0,34.0,34.0,3048.0,33.9,0.0,0.0,0.0,0.0,0.0,0.0,0.0,0.0,0.0,0.0,0.0,0.0,0.0,33.9,0.0,0.0,0.0,,0.0,0.0,,,0.0,0.0,90.0,89.1,34,90.0,33,0,,1,0.88,23.0,47.0,-24.0,-0.71,0.5,0.0,1.0,5.0,0.0,0.0,0.0,1.0,,,0.0,47.0,1.39,152.0,105.0,69.1,6.0,12.0,16.0,7.0,20.6,2.0,2.0,0.0,0.0,0.0
ESP-La Liga,2324,Cádiz,Jorge Meré,ESP,DF,26.0,1997.0,10.0,8.0,673.0,7.5,0.0,0.0,0.0,0.0,0.0,0.0,0.0,0.0,0.0,0.0,0.0,0.0,0.0,7.5,0.0,4.0,1.0,25.0,0.53,0.13,0.0,0.0,0.0,0.0,67.0,19.7,8,78.0,3,2,25.0,16,0.8,6.0,12.0,-6.0,-0.8,-0.05,0.0,1.0,4.0,0.0,1.0,8.0,7.0,,,0.0,,,,,,,,,,,,,,,
ESP-La Liga,2324,Cádiz,Joseba Zaldúa,ESP,"DF,MF",31.0,1992.0,13.0,9.0,704.0,7.8,0.0,0.0,0.0,0.0,0.0,0.0,3.0,0.0,0.0,0.0,0.0,0.0,0.0,7.8,0.0,1.0,0.0,0.0,0.13,0.0,0.0,,0.0,0.0,54.0,20.6,9,72.0,0,4,14.0,22,0.85,5.0,13.0,-8.0,-1.02,-0.33,0.0,14.0,4.0,2.0,16.0,1.0,13.0,,,1.0,,,,,,,,,,,,,,,
ESP-La Liga,2324,Cádiz,José Mari,ESP,MF,35.0,1987.0,3.0,0.0,14.0,0.2,0.0,0.0,0.0,0.0,0.0,0.0,1.0,0.0,0.0,0.0,0.0,0.0,0.0,0.2,0.0,0.0,0.0,,0.0,0.0,,,0.0,0.0,5.0,0.4,0,,0,3,5.0,14,1.25,2.0,3.0,-1.0,-6.43,-5.69,0.0,1.0,1.0,0.0,0.0,0.0,1.0,,,0.0,,,,,,,,,,,,,,,
ESP-La Liga,2324,Cádiz,Juanmi,ESP,FW,30.0,1993.0,16.0,9.0,873.0,9.7,3.0,1.0,4.0,3.0,0.0,0.0,3.0,0.0,0.31,0.1,0.41,0.31,0.41,9.7,3.0,14.0,7.0,50.0,1.44,0.72,0.21,0.43,0.0,0.0,55.0,25.5,9,75.0,3,7,28.0,0,1.06,7.0,14.0,-7.0,-0.72,0.06,0.0,24.0,11.0,13.0,2.0,5.0,4.0,,,0.0,,,,,,,,,,,,,,,
ESP-La Liga,2324,Cádiz,Karl Etta Eyong,CMR,FW,19.0,2003.0,1.0,0.0,21.0,0.2,0.0,0.0,0.0,0.0,0.0,0.0,0.0,0.0,0.0,0.0,0.0,0.0,0.0,0.2,0.0,0.0,0.0,,0.0,0.0,,,0.0,0.0,21.0,0.6,0,,0,1,21.0,0,0.0,0.0,0.0,0.0,0.0,0.77,0.0,1.0,0.0,1.0,0.0,0.0,1.0,,,0.0,,,,,,,,,,,,,,,
ESP-La Liga,2324,Cádiz,Lucas,BRA,DF,22.0,2001.0,28.0,15.0,1539.0,17.1,1.0,0.0,1.0,1.0,0.0,0.0,6.0,0.0,0.06,0.0,0.06,0.06,0.06,17.1,1.0,11.0,4.0,36.4,0.64,0.23,0.09,0.25,0.0,0.0,55.0,45.0,15,87.0,13,13,18.0,9,0.75,7.0,33.0,-26.0,-1.52,-1.38,0.0,12.0,6.0,2.0,72.0,14.0,29.0,,,0.0,,,,,,,,,,,,,,,
ESP-La Liga,2324,Cádiz,Luis Hernández,ESP,DF,34.0,1989.0,9.0,8.0,723.0,8.0,1.0,0.0,1.0,1.0,0.0,0.0,4.0,0.0,0.12,0.0,0.12,0.12,0.12,8.0,1.0,1.0,1.0,100.0,0.12,0.12,1.0,1.0,0.0,0.0,80.0,21.1,8,90.0,8,1,3.0,0,1.0,6.0,13.0,-7.0,-0.87,-0.14,0.0,8.0,0.0,0.0,2.0,8.0,3.0,,,0.0,,,,,,,,,,,,,,,
ESP-La Liga,2324,Cádiz,Mamadou Mbaye,SEN,DF,25.0,1998.0,4.0,2.0,288.0,3.2,0.0,0.0,0.0,0.0,0.0,0.0,2.0,0.0,0.0,0.0,0.0,0.0,0.0,3.2,0.0,2.0,1.0,50.0,0.62,0.31,0.0,0.0,0.0,0.0,72.0,8.4,2,90.0,2,2,54.0,27,0.75,2.0,5.0,-3.0,-0.94,-0.19,0.0,6.0,0.0,0.0,0.0,5.0,3.0,,,0.0,,,,,,,,,,,,,,,
ESP-La Liga,2324,Cádiz,Maxi Gómez,URU,FW,26.0,1996.0,31.0,12.0,1163.0,12.9,0.0,0.0,0.0,0.0,0.0,0.0,2.0,0.0,0.0,0.0,0.0,0.0,0.0,12.9,0.0,16.0,6.0,37.5,1.24,0.46,0.0,0.0,0.0,0.0,38.0,34.0,12,64.0,0,19,21.0,3,0.81,6.0,21.0,-15.0,-1.16,-0.6,0.0,20.0,32.0,13.0,20.0,2.0,4.0,,,0.0,,,,,,,,,,,,,,,
ESP-La Liga,2324,Cádiz,Milutin Osmajić,MNE,FW,24.0,1999.0,1.0,0.0,5.0,0.1,0.0,0.0,0.0,0.0,0.0,0.0,0.0,0.0,0.0,0.0,0.0,0.0,0.0,0.1,0.0,2.0,0.0,0.0,36.0,0.0,0.0,,0.0,0.0,5.0,0.1,0,,0,1,5.0,2,0.0,0.0,1.0,-1.0,-18.0,-17.26,0.0,0.0,0.0,0.0,0.0,0.0,0.0,,,0.0,,,,,,,,,,,,,,,
ESP-La Liga,2324,Cádiz,Moussa Diakité,MLI,MF,19.0,2003.0,1.0,0.0,1.0,0.0,0.0,0.0,0.0,0.0,0.0,0.0,0.0,0.0,0.0,0.0,0.0,0.0,0.0,0.0,0.0,0.0,0.0,,0.0,0.0,,,0.0,0.0,1.0,0.0,0,,0,1,1.0,1,1.0,0.0,0.0,0.0,0.0,0.76,0.0,0.0,0.0,0.0,0.0,0.0,0.0,,,0.0,,,,,,,,,,,,,,,
ESP-La Liga,2324,Cádiz,Roberto Navarro,ESP,MF,21.0,2002.0,28.0,24.0,1888.0,21.0,1.0,1.0,2.0,1.0,0.0,0.0,0.0,1.0,0.05,0.05,0.1,0.05,0.1,21.0,1.0,30.0,9.0,30.0,1.43,0.43,0.03,0.11,0.0,0.0,67.0,55.2,24,73.0,1,4,33.0,4,0.79,11.0,32.0,-21.0,-1.0,-0.53,0.0,15.0,27.0,4.0,96.0,16.0,29.0,,,0.0,,,,,,,,,,,,,,,
ESP-La Liga,2324,Cádiz,Roger Martí,ESP,FW,32.0,1991.0,23.0,18.0,1359.0,15.1,2.0,3.0,5.0,2.0,0.0,0.0,3.0,0.0,0.13,0.2,0.33,0.13,0.33,15.1,2.0,33.0,12.0,36.4,2.19,0.79,0.06,0.17,0.0,0.0,59.0,39.7,18,70.0,3,5,19.0,2,0.96,15.0,20.0,-5.0,-0.33,0.72,0.0,34.0,28.0,9.0,9.0,8.0,6.0,,,0.0,,,,,,,,,,,,,,,
ESP-La Liga,2324,Cádiz,Rominigue Kouamé,MLI,MF,26.0,1996.0,16.0,9.0,821.0,9.1,0.0,0.0,0.0,0.0,0.0,0.0,2.0,0.0,0.0,0.0,0.0,0.0,0.0,9.1,0.0,5.0,0.0,0.0,0.55,0.0,0.0,,0.0,0.0,51.0,24.0,9,74.0,3,7,22.0,5,0.81,10.0,13.0,-3.0,-0.33,0.57,0.0,11.0,9.0,1.0,1.0,15.0,10.0,,,0.0,,,,,,,,,,,,,,,
ESP-La Liga,2324,Cádiz,Rubén Alcaraz,ESP,MF,32.0,1991.0,36.0,36.0,3134.0,34.8,3.0,1.0,4.0,1.0,2.0,2.0,14.0,0.0,0.09,0.03,0.11,0.03,0.06,34.8,3.0,48.0,12.0,25.0,1.38,0.34,0.06,0.25,2.0,2.0,87.0,91.6,36,87.0,29,0,,0,0.89,26.0,49.0,-23.0,-0.66,1.23,0.0,84.0,71.0,1.0,36.0,30.0,65.0,,,0.0,,,,,,,,,,,,,,,
ESP-La Liga,2324,Cádiz,Rubén Sobrino,ESP,"MF,FW",31.0,1992.0,32.0,18.0,1646.0,18.3,0.0,1.0,1.0,0.0,0.0,0.0,8.0,1.0,0.0,0.05,0.05,0.0,0.05,18.3,0.0,21.0,3.0,14.3,1.15,0.16,0.0,0.0,0.0,0.0,51.0,48.1,18,72.0,2,14,25.0,3,1.0,8.0,24.0,-16.0,-0.87,-0.22,0.0,46.0,31.0,6.0,22.0,17.0,29.0,,,0.0,,,,,,,,,,,,,,,
ESP-La Liga,2324,Cádiz,Sergi Guardiola,ESP,FW,32.0,1991.0,22.0,1.0,495.0,5.5,1.0,1.0,2.0,1.0,0.0,0.0,1.0,0.0,0.18,0.18,0.36,0.18,0.36,5.5,1.0,14.0,5.0,35.7,2.55,0.91,0.07,0.2,0.0,0.0,23.0,14.5,1,69.0,0,21,20.0,11,0.73,5.0,7.0,-2.0,-0.36,0.47,0.0,18.0,22.0,3.0,16.0,0.0,6.0,,,0.0,,,,,,,,,,,,,,,
ESP-La Liga,2324,Cádiz,Víctor Chust,ESP,DF,23.0,2000.0,22.0,22.0,1864.0,20.7,0.0,1.0,1.0,0.0,0.0,0.0,3.0,2.0,0.0,0.05,0.05,0.0,0.05,20.7,0.0,4.0,0.0,0.0,0.19,0.0,0.0,,0.0,0.0,85.0,54.5,22,85.0,17,0,,6,0.95,12.0,23.0,-11.0,-0.53,0.51,0.0,15.0,4.0,0.0,2.0,12.0,17.0,,,0.0,,,,,,,,,,,,,,,
ESP-La Liga,2324,Cádiz,Álex Fernández,ESP,MF,30.0,1992.0,26.0,14.0,1285.0,14.3,0.0,1.0,1.0,0.0,0.0,0.0,3.0,0.0,0.0,0.07,0.07,0.0,0.07,14.3,0.0,7.0,1.0,14.3,0.49,0.07,0.0,0.0,0.0,0.0,49.0,37.6,14,74.0,6,12,20.0,11,0.85,6.0,20.0,-14.0,-0.98,-0.35,0.0,5.0,16.0,0.0,35.0,15.0,9.0,,,0.0,,,,,,,,,,,,,,,
ESP-La Liga,2324,Cádiz,Álvaro Negredo,ESP,FW,37.0,1985.0,7.0,0.0,54.0,0.6,0.0,0.0,0.0,0.0,0.0,0.0,0.0,0.0,0.0,0.0,0.0,0.0,0.0,0.6,0.0,3.0,1.0,33.3,5.0,1.67,0.0,0.0,0.0,0.0,8.0,1.6,0,,0,7,8.0,15,0.43,0.0,2.0,-2.0,-3.33,-2.61,0.0,0.0,2.0,3.0,1.0,1.0,0.0,,,0.0,,,,,,,,,,,,,,,
ESP-La Liga,2324,Getafe,Alberto Risco,ESP,MF,17.0,2005.0,4.0,1.0,137.0,1.5,0.0,0.0,0.0,0.0,0.0,0.0,0.0,0.0,0.0,0.0,0.0,0.0,0.0,1.5,0.0,2.0,1.0,50.0,1.31,0.66,0.0,0.0,0.0,0.0,34.0,4.0,1,70.0,0,3,22.0,4,0.75,1.0,0.0,1.0,0.66,1.01,0.0,1.0,1.0,0.0,2.0,0.0,2.0,,,0.0,,,,,,,,,,,,,,,
ESP-La Liga,2324,Getafe,Anthony Lozano,HON,FW,30.0,1993.0,6.0,0.0,92.0,1.0,0.0,0.0,0.0,0.0,0.0,0.0,1.0,0.0,0.0,0.0,0.0,0.0,0.0,1.0,0.0,4.0,0.0,0.0,3.91,0.0,0.0,,0.0,0.0,15.0,2.7,0,,0,6,15.0,13,0.33,1.0,4.0,-3.0,-2.93,-2.69,0.0,6.0,1.0,1.0,1.0,0.0,0.0,,,0.0,,,,,,,,,,,,,,,
ESP-La Liga,2324,Getafe,Borja Mayoral,ESP,FW,26.0,1997.0,27.0,25.0,2153.0,23.9,15.0,1.0,16.0,11.0,4.0,4.0,2.0,0.0,0.63,0.04,0.67,0.46,0.5,23.9,15.0,47.0,27.0,57.4,1.96,1.13,0.32,0.56,4.0,4.0,80.0,63.0,25,83.0,10,2,36.0,0,1.3,34.0,34.0,0.0,0.0,0.85,0.0,31.0,31.0,13.0,22.0,3.0,4.0,,,0.0,,,,,,,,,,,,,,,
ESP-La Liga,2324,Getafe,Carles Aleñá,ESP,MF,25.0,1998.0,29.0,10.0,1020.0,11.3,1.0,1.0,2.0,1.0,0.0,0.0,6.0,0.0,0.09,0.09,0.18,0.09,0.18,11.3,1.0,16.0,5.0,31.3,1.41,0.44,0.06,0.2,0.0,0.0,35.0,29.8,10,58.0,0,19,23.0,5,1.1,12.0,22.0,-10.0,-0.88,-0.81,0.0,22.0,18.0,3.0,32.0,4.0,9.0,,,0.0,,,,,,,,,,,,,,,
ESP-La Liga,2324,Getafe,Carmona,ESP,"MF,DF",21.0,2002.0,30.0,15.0,1313.0,14.6,1.0,1.0,2.0,1.0,0.0,0.0,8.0,0.0,0.07,0.07,0.14,0.07,0.14,14.6,1.0,12.0,3.0,25.0,0.82,0.21,0.08,0.33,0.0,0.0,44.0,38.4,15,68.0,5,15,20.0,1,1.03,18.0,26.0,-8.0,-0.55,-0.38,0.0,33.0,23.0,3.0,29.0,22.0,21.0,,,0.0,,,,,,,,,,,,,,,
ESP-La Liga,2324,Getafe,Damián Suárez,URU,DF,35.0,1988.0,16.0,15.0,1299.0,14.4,0.0,2.0,2.0,0.0,0.0,0.0,7.0,1.0,0.0,0.14,0.14,0.0,0.14,14.4,0.0,4.0,1.0,25.0,0.28,0.07,0.0,0.0,0.0,0.0,81.0,38.0,15,84.0,9,1,45.0,1,1.12,20.0,26.0,-6.0,-0.42,-0.16,0.0,24.0,12.0,0.0,49.0,10.0,20.0,,,0.0,,,,,,,,,,,,,,,
ESP-La Liga,2324,Getafe,Daniel Fuzato,BRA,GK,26.0,1997.0,1.0,0.0,7.0,0.1,0.0,0.0,0.0,0.0,0.0,0.0,0.0,0.0,0.0,0.0,0.0,0.0,0.0,0.1,0.0,0.0,0.0,,0.0,0.0,,,0.0,0.0,7.0,0.2,0,,0,1,7.0,37,0.0,0.0,2.0,-2.0,-25.71,-25.45,0.0,0.0,0.0,0.0,0.0,0.0,0.0,,,0.0,2.0,25.71,2.0,0.0,0.0,0.0,0.0,0.0,0.0,,0.0,0.0,0.0,0.0,
ESP-La Liga,2324,Getafe,David Soria,ESP,GK,30.0,1993.0,38.0,38.0,3413.0,37.9,0.0,0.0,0.0,0.0,0.0,0.0,3.0,0.0,0.0,0.0,0.0,0.0,0.0,37.9,0.0,0.0,0.0,,0.0,0.0,,,0.0,0.0,90.0,99.8,38,90.0,37,0,,0,1.13,42.0,52.0,-10.0,-0.26,25.45,0.0,1.0,2.0,0.0,0.0,1.0,0.0,,,0.0,52.0,1.37,174.0,122.0,70.1,10.0,13.0,15.0,10.0,26.3,7.0,5.0,1.0,1.0,16.7
ESP-La Liga,2324,Getafe,Diego Rico,ESP,DF,30.0,1993.0,32.0,28.0,2535.0,28.2,0.0,7.0,7.0,0.0,0.0,0.0,10.0,0.0,0.0,0.25,0.25,0.0,0.25,28.2,0.0,18.0,5.0,27.8,0.64,0.18,0.0,0.0,0.0,0.0,79.0,74.1,28,86.0,20,4,32.0,0,1.13,36.0,42.0,-6.0,-0.21,0.4,0.0,32.0,56.0,2.0,132.0,39.0,46.0,,,0.0,,,,,,,,,,,,,,,
ESP-La Liga,2324,Getafe,Djené,TOG,"DF,MF",31.0,1991.0,33.0,30.0,2484.0,27.6,0.0,0.0,0.0,0.0,0.0,0.0,14.0,1.0,0.0,0.0,0.0,0.0,0.0,27.6,0.0,6.0,1.0,16.7,0.22,0.04,0.0,0.0,0.0,0.0,75.0,72.6,30,79.0,18,3,36.0,0,1.18,28.0,33.0,-5.0,-0.18,0.49,1.0,51.0,37.0,1.0,32.0,23.0,20.0,,,0.0,,,,,,,,,,,,,,,
ESP-La Liga,2324,Getafe,Domingos Duarte,POR,DF,28.0,1995.0,15.0,11.0,907.0,10.1,0.0,0.0,0.0,0.0,0.0,0.0,5.0,2.0,0.0,0.0,0.0,0.0,0.0,10.1,0.0,1.0,0.0,0.0,0.1,0.0,0.0,,0.0,0.0,60.0,26.5,11,78.0,7,4,14.0,12,1.27,14.0,18.0,-4.0,-0.4,-0.11,1.0,8.0,8.0,0.0,2.0,9.0,4.0,,,0.0,,,,,,,,,,,,,,,
ESP-La Liga,2324,Getafe,Enes Ünal,TUR,FW,26.0,1997.0,3.0,1.0,140.0,1.6,0.0,1.0,1.0,0.0,0.0,0.0,0.0,0.0,0.0,0.64,0.64,0.0,0.64,1.6,0.0,1.0,0.0,0.0,0.64,0.0,0.0,,0.0,0.0,47.0,4.1,1,90.0,1,2,25.0,1,1.0,2.0,3.0,-1.0,-0.64,-0.34,0.0,5.0,5.0,4.0,1.0,0.0,0.0,,,0.0,,,,,,,,,,,,,,,
ESP-La Liga,2324,Getafe,Fabrizio Angileri,ARG,DF,29.0,1994.0,11.0,2.0,164.0,1.8,0.0,0.0,0.0,0.0,0.0,0.0,2.0,1.0,0.0,0.0,0.0,0.0,0.0,1.8,0.0,0.0,0.0,,0.0,0.0,,,0.0,0.0,15.0,4.8,2,55.0,0,9,6.0,22,1.42,4.0,6.0,-2.0,-1.1,-0.82,0.0,1.0,1.0,0.0,8.0,4.0,1.0,,,0.0,,,,,,,,,,,,,,,
ESP-La Liga,2324,Getafe,Gastón Álvarez,URU,DF,23.0,2000.0,34.0,29.0,2537.0,28.2,2.0,0.0,2.0,2.0,0.0,0.0,7.0,0.0,0.07,0.0,0.07,0.07,0.07,28.2,2.0,14.0,3.0,21.4,0.5,0.11,0.14,0.67,0.0,0.0,75.0,74.2,29,85.0,24,5,12.0,2,1.15,23.0,40.0,-17.0,-0.6,-1.11,0.0,43.0,10.0,1.0,25.0,34.0,38.0,,,0.0,,,,,,,,,,,,,,,
ESP-La Liga,2324,Getafe,Gorka Rivera Alonso,ESP,DF,18.0,2004.0,1.0,0.0,3.0,0.0,0.0,0.0,0.0,0.0,0.0,0.0,0.0,0.0,0.0,0.0,0.0,0.0,0.0,0.0,0.0,0.0,0.0,,0.0,0.0,,,0.0,0.0,3.0,0.1,0,,0,1,3.0,3,0.0,0.0,0.0,0.0,0.0,0.32,0.0,0.0,0.0,0.0,0.0,0.0,0.0,,,0.0,,,,,,,,,,,,,,,
ESP-La Liga,2324,Getafe,Iglesias,ESP,"DF,MF",25.0,1998.0,23.0,16.0,1412.0,15.7,0.0,2.0,2.0,0.0,0.0,0.0,4.0,0.0,0.0,0.13,0.13,0.0,0.13,15.7,0.0,15.0,6.0,40.0,0.96,0.38,0.0,0.0,0.0,0.0,61.0,41.3,16,75.0,5,7,29.0,7,1.29,13.0,19.0,-6.0,-0.38,-0.11,0.0,17.0,10.0,1.0,62.0,16.0,21.0,,,0.0,,,,,,,,,,,,,,,
ESP-La Liga,2324,Getafe,Ilaix Moriba,GUI,MF,20.0,2003.0,14.0,8.0,605.0,6.7,0.0,2.0,2.0,0.0,0.0,0.0,5.0,1.0,0.0,0.3,0.3,0.0,0.3,6.7,0.0,4.0,1.0,25.0,0.6,0.15,0.0,0.0,0.0,0.0,43.0,17.7,8,63.0,0,6,17.0,0,0.93,8.0,13.0,-5.0,-0.74,-0.52,1.0,19.0,23.0,1.0,2.0,5.0,12.0,,,0.0,,,,,,,,,,,,,,,
ESP-La Liga,2324,Getafe,Jaime Mata,ESP,"FW,MF",34.0,1988.0,35.0,22.0,1787.0,19.9,5.0,1.0,6.0,5.0,0.0,0.0,10.0,1.0,0.25,0.05,0.3,0.25,0.3,19.9,5.0,33.0,13.0,39.4,1.66,0.65,0.15,0.38,0.0,0.0,51.0,52.3,22,69.0,5,13,21.0,1,1.23,25.0,30.0,-5.0,-0.25,0.13,1.0,63.0,25.0,31.0,39.0,15.0,15.0,,,0.0,,,,,,,,,,,,,,,
ESP-La Liga,2324,Getafe,Jeremy Jorge,ESP,FW,20.0,2003.0,1.0,0.0,2.0,0.0,0.0,0.0,0.0,0.0,0.0,0.0,0.0,0.0,0.0,0.0,0.0,0.0,0.0,0.0,0.0,0.0,0.0,,0.0,0.0,,,0.0,0.0,2.0,0.1,0,,0,1,2.0,1,0.0,0.0,0.0,0.0,0.0,0.32,0.0,0.0,0.0,1.0,0.0,0.0,0.0,,,0.0,,,,,,,,,,,,,,,
ESP-La Liga,2324,Getafe,Jordi,ESP,MF,22.0,2001.0,13.0,5.0,573.0,6.4,0.0,0.0,0.0,0.0,0.0,0.0,1.0,0.0,0.0,0.0,0.0,0.0,0.0,6.4,0.0,7.0,3.0,42.9,1.1,0.47,0.0,0.0,0.0,0.0,44.0,16.8,5,69.0,0,8,29.0,11,1.23,11.0,7.0,4.0,0.63,1.13,0.0,19.0,6.0,1.0,23.0,8.0,11.0,,,0.0,,,,,,,,,,,,,,,
ESP-La Liga,2324,Getafe,Juanmi Latasa,ESP,FW,22.0,2001.0,32.0,15.0,1555.0,17.3,2.0,0.0,2.0,2.0,0.0,0.0,7.0,1.0,0.12,0.0,0.12,0.12,0.12,17.3,2.0,44.0,15.0,34.1,2.55,0.87,0.05,0.13,0.0,0.0,49.0,45.5,15,71.0,4,17,29.0,4,1.06,17.0,20.0,-3.0,-0.17,0.26,1.0,66.0,40.0,7.0,3.0,4.0,8.0,,,0.0,,,,,,,,,,,,,,,
ESP-La Liga,2324,Getafe,Luis Milla,ESP,MF,28.0,1994.0,27.0,25.0,2115.0,23.5,0.0,1.0,1.0,0.0,0.0,0.0,6.0,0.0,0.0,0.04,0.04,0.0,0.04,23.5,0.0,16.0,5.0,31.3,0.68,0.21,0.0,0.0,0.0,0.0,78.0,61.8,25,83.0,16,2,23.0,0,1.07,26.0,36.0,-10.0,-0.43,-0.29,0.0,43.0,29.0,1.0,102.0,30.0,34.0,,,0.0,,,,,,,,,,,,,,,
ESP-La Liga,2324,Getafe,Mason Greenwood,ENG,"MF,FW",21.0,2001.0,33.0,30.0,2662.0,29.6,8.0,6.0,14.0,6.0,2.0,3.0,6.0,1.0,0.27,0.2,0.47,0.2,0.41,29.6,8.0,102.0,35.0,34.3,3.45,1.18,0.08,0.23,2.0,3.0,81.0,77.8,30,86.0,22,3,27.0,0,1.18,36.0,42.0,-6.0,-0.2,0.51,0.0,39.0,42.0,1.0,108.0,3.0,6.0,,,0.0,,,,,,,,,,,,,,,
ESP-La Liga,2324,Getafe,Mauro Arambarri,URU,MF,27.0,1995.0,7.0,3.0,339.0,3.8,0.0,0.0,0.0,0.0,0.0,0.0,2.0,0.0,0.0,0.0,0.0,0.0,0.0,3.8,0.0,9.0,2.0,22.2,2.39,0.53,0.0,0.0,0.0,0.0,48.0,9.9,3,70.0,1,4,32.0,0,1.0,4.0,6.0,-2.0,-0.53,-0.24,0.0,18.0,3.0,0.0,6.0,1.0,2.0,,,0.0,,,,,,,,,,,,,,,
ESP-La Liga,2324,Getafe,Nabil Aberdin,FRA,DF,20.0,2002.0,2.0,2.0,180.0,2.0,0.0,0.0,0.0,0.0,0.0,0.0,0.0,0.0,0.0,0.0,0.0,0.0,0.0,2.0,0.0,0.0,0.0,,0.0,0.0,,,0.0,0.0,90.0,5.3,2,90.0,2,0,,3,0.0,1.0,3.0,-2.0,-1.0,-0.72,0.0,1.0,1.0,0.0,0.0,0.0,0.0,,,0.0,,,,,,,,,,,,,,,
ESP-La Liga,2324,Getafe,Nemanja Maksimović,SRB,MF,28.0,1995.0,37.0,37.0,3265.0,36.3,4.0,0.0,4.0,4.0,0.0,0.0,4.0,0.0,0.11,0.0,0.11,0.11,0.11,36.3,4.0,34.0,15.0,44.1,0.94,0.41,0.12,0.27,0.0,0.0,88.0,95.5,37,88.0,29,0,,0,1.14,38.0,52.0,-14.0,-0.39,-1.55,0.0,19.0,13.0,1.0,6.0,44.0,42.0,,,0.0,,,,,,,,,,,,,,,
ESP-La Liga,2324,Getafe,Omar Alderete,PAR,DF,26.0,1996.0,31.0,24.0,2195.0,24.4,0.0,1.0,1.0,0.0,0.0,0.0,8.0,1.0,0.0,0.04,0.04,0.0,0.04,24.4,0.0,24.0,5.0,20.8,0.98,0.21,0.0,0.0,0.0,0.0,71.0,64.2,24,84.0,20,7,27.0,3,1.06,26.0,34.0,-8.0,-0.33,-0.03,0.0,34.0,11.0,2.0,5.0,14.0,20.0,,,0.0,,,,,,,,,,,,,,,
ESP-La Liga,2324,Getafe,Portu,ESP,"FW,MF",31.0,1992.0,3.0,0.0,97.0,1.1,0.0,0.0,0.0,0.0,0.0,0.0,1.0,0.0,0.0,0.0,0.0,0.0,0.0,1.1,0.0,1.0,1.0,100.0,0.93,0.93,0.0,0.0,0.0,0.0,32.0,2.8,0,,0,3,32.0,0,1.33,1.0,1.0,0.0,0.0,0.33,0.0,0.0,0.0,1.0,2.0,0.0,3.0,,,0.0,,,,,,,,,,,,,,,
ESP-La Liga,2324,Getafe,Santiago García,ESP,MF,21.0,2001.0,1.0,0.0,25.0,0.3,0.0,0.0,0.0,0.0,0.0,0.0,0.0,0.0,0.0,0.0,0.0,0.0,0.0,0.3,0.0,0.0,0.0,,0.0,0.0,,,0.0,0.0,25.0,0.7,0,,0,1,25.0,1,0.0,0.0,0.0,0.0,0.0,0.32,0.0,1.0,1.0,0.0,0.0,0.0,0.0,,,0.0,,,,,,,,,,,,,,,
ESP-La Liga,2324,Getafe,Stefan Mitrović,SRB,DF,33.0,1990.0,11.0,9.0,699.0,7.8,1.0,0.0,1.0,1.0,0.0,0.0,3.0,0.0,0.13,0.0,0.13,0.13,0.13,7.8,1.0,1.0,1.0,100.0,0.13,0.13,1.0,1.0,0.0,0.0,64.0,20.4,9,75.0,5,2,11.0,10,1.18,9.0,11.0,-2.0,-0.26,0.07,0.0,13.0,2.0,0.0,0.0,5.0,3.0,,,0.0,,,,,,,,,,,,,,,
ESP-La Liga,2324,Getafe,Yassin Tallal,ESP,MF,18.0,2005.0,1.0,0.0,3.0,0.0,0.0,0.0,0.0,0.0,0.0,0.0,0.0,0.0,0.0,0.0,0.0,0.0,0.0,0.0,0.0,0.0,0.0,,0.0,0.0,,,0.0,0.0,3.0,0.1,0,,0,1,3.0,2,1.0,0.0,0.0,0.0,0.0,0.32,0.0,1.0,0.0,0.0,0.0,0.0,0.0,,,0.0,,,,,,,,,,,,,,,
ESP-La Liga,2324,Getafe,Yellu Santiago,ESP,MF,19.0,2004.0,14.0,8.0,656.0,7.3,1.0,0.0,1.0,1.0,0.0,0.0,4.0,0.0,0.14,0.0,0.14,0.14,0.14,7.3,1.0,5.0,2.0,40.0,0.69,0.27,0.2,0.5,0.0,0.0,47.0,19.2,8,69.0,0,6,18.0,5,0.86,5.0,8.0,-3.0,-0.41,-0.12,0.0,17.0,12.0,0.0,4.0,1.0,8.0,,,0.0,,,,,,,,,,,,,,,
ESP-La Liga,2324,Getafe,Óscar Rodríguez Arnaiz,ESP,"MF,FW",25.0,1998.0,24.0,9.0,967.0,10.7,2.0,1.0,3.0,2.0,0.0,0.0,9.0,0.0,0.19,0.09,0.28,0.19,0.28,10.7,2.0,34.0,10.0,29.4,3.16,0.93,0.06,0.2,0.0,0.0,40.0,28.3,9,69.0,1,15,23.0,9,1.13,13.0,11.0,2.0,0.19,0.7,0.0,20.0,15.0,1.0,17.0,6.0,12.0,,,0.0,,,,,,,,,,,,,,,
ESP-La Liga,2324,Girona,Aleix García,ESP,MF,26.0,1997.0,37.0,36.0,3199.0,35.5,3.0,6.0,9.0,3.0,0.0,0.0,4.0,1.0,0.08,0.17,0.25,0.08,0.25,35.5,3.0,39.0,12.0,30.8,1.1,0.34,0.08,0.25,0.0,0.0,86.0,93.5,36,88.0,33,1,18.0,0,2.11,78.0,44.0,34.0,0.96,-1.08,0.0,29.0,36.0,1.0,188.0,36.0,30.0,,,0.0,,,,,,,,,,,,,,,
ESP-La Liga,2324,Girona,Antal Yaakobishvili,HUN,DF,19.0,2004.0,1.0,0.0,61.0,0.7,0.0,0.0,0.0,0.0,0.0,0.0,0.0,0.0,0.0,0.0,0.0,0.0,0.0,0.7,0.0,0.0,0.0,,0.0,0.0,,,0.0,0.0,61.0,1.8,0,,0,1,61.0,6,3.0,2.0,0.0,2.0,2.95,1.96,0.0,1.0,0.0,0.0,0.0,3.0,1.0,,,0.0,,,,,,,,,,,,,,,
ESP-La Liga,2324,Girona,Arnau Martinez,ESP,DF,20.0,2003.0,21.0,14.0,1241.0,13.8,0.0,2.0,2.0,0.0,0.0,0.0,5.0,0.0,0.0,0.15,0.15,0.0,0.15,13.8,0.0,1.0,0.0,0.0,0.07,0.0,0.0,,0.0,0.0,59.0,36.3,14,80.0,6,7,17.0,15,2.33,26.0,14.0,12.0,0.87,-0.24,0.0,14.0,22.0,1.0,7.0,9.0,15.0,,,0.0,,,,,,,,,,,,,,,
ESP-La Liga,2324,Girona,Artem Dovbyk,UKR,FW,26.0,1997.0,36.0,32.0,2587.0,28.7,24.0,8.0,32.0,17.0,7.0,8.0,2.0,0.0,0.83,0.28,1.11,0.59,0.87,28.7,24.0,85.0,46.0,54.1,2.96,1.6,0.28,0.52,7.0,8.0,72.0,75.6,32,78.0,10,4,26.0,0,2.19,66.0,36.0,30.0,1.04,0.07,0.0,27.0,13.0,33.0,1.0,0.0,3.0,,,0.0,,,,,,,,,,,,,,,
ESP-La Liga,2324,Girona,Bernardo Espinosa,COL,DF,34.0,1989.0,2.0,0.0,2.0,0.0,0.0,0.0,0.0,0.0,0.0,0.0,0.0,0.0,0.0,0.0,0.0,0.0,0.0,0.0,0.0,0.0,0.0,,0.0,0.0,,,0.0,0.0,1.0,0.1,0,,0,2,1.0,11,2.0,0.0,0.0,0.0,0.0,-1.03,0.0,0.0,1.0,0.0,0.0,0.0,1.0,,,0.0,,,,,,,,,,,,,,,
ESP-La Liga,2324,Girona,Cristhian Stuani,URU,FW,36.0,1986.0,31.0,5.0,804.0,8.9,9.0,3.0,12.0,9.0,0.0,0.0,6.0,0.0,1.01,0.34,1.34,1.01,1.34,8.9,9.0,34.0,17.0,50.0,3.81,1.9,0.26,0.53,0.0,0.0,26.0,23.5,5,65.0,0,26,18.0,1,2.1,24.0,10.0,14.0,1.57,0.71,0.0,28.0,7.0,4.0,1.0,5.0,11.0,,,0.0,,,,,,,,,,,,,,,
ESP-La Liga,2324,Girona,Daley Blind,NED,DF,33.0,1990.0,34.0,33.0,2972.0,33.0,1.0,2.0,3.0,1.0,0.0,0.0,6.0,0.0,0.03,0.06,0.09,0.03,0.09,33.0,1.0,17.0,6.0,35.3,0.51,0.18,0.06,0.17,0.0,0.0,87.0,86.9,33,90.0,32,1,3.0,1,2.29,78.0,37.0,41.0,1.24,1.64,0.0,19.0,12.0,0.0,16.0,19.0,21.0,,,0.0,,,,,,,,,,,,,,,
ESP-La Liga,2324,Girona,David López,ESP,DF,33.0,1989.0,25.0,25.0,1965.0,21.8,3.0,0.0,3.0,3.0,0.0,0.0,4.0,0.0,0.14,0.0,0.14,0.14,0.14,21.8,3.0,16.0,6.0,37.5,0.73,0.27,0.19,0.5,0.0,0.0,79.0,57.5,25,79.0,15,0,,2,2.48,51.0,25.0,26.0,1.19,0.39,0.0,17.0,15.0,1.0,0.0,19.0,21.0,,,0.0,,,,,,,,,,,,,,,
ESP-La Liga,2324,Girona,Eric García,ESP,DF,22.0,2001.0,30.0,30.0,2637.0,29.3,5.0,0.0,5.0,5.0,0.0,0.0,4.0,0.0,0.17,0.0,0.17,0.17,0.17,29.3,5.0,16.0,6.0,37.5,0.55,0.2,0.31,0.83,0.0,0.0,88.0,77.1,30,88.0,26,0,,1,2.03,70.0,40.0,30.0,1.02,-0.01,0.0,24.0,26.0,3.0,10.0,29.0,40.0,,,0.0,,,,,,,,,,,,,,,
ESP-La Liga,2324,Girona,Ibrahima Kebe,MLI,MF,22.0,2000.0,2.0,0.0,9.0,0.1,0.0,0.0,0.0,0.0,0.0,0.0,1.0,0.0,0.0,0.0,0.0,0.0,0.0,0.1,0.0,0.0,0.0,,0.0,0.0,,,0.0,0.0,5.0,0.3,0,,0,2,5.0,15,2.0,0.0,0.0,0.0,0.0,-1.03,0.0,1.0,2.0,0.0,0.0,1.0,1.0,,,0.0,,,,,,,,,,,,,,,
ESP-La Liga,2324,Girona,Iván Martín,ESP,MF,24.0,1999.0,36.0,33.0,2729.0,30.3,5.0,4.0,9.0,5.0,0.0,0.0,5.0,0.0,0.16,0.13,0.3,0.16,0.3,30.3,5.0,19.0,11.0,57.9,0.63,0.36,0.26,0.45,0.0,0.0,76.0,79.8,33,81.0,12,3,15.0,1,2.25,71.0,35.0,36.0,1.19,0.8,0.0,27.0,34.0,4.0,10.0,23.0,25.0,,,0.0,,,,,,,,,,,,,,,
ESP-La Liga,2324,Girona,Jastin García,ESP,FW,19.0,2004.0,3.0,0.0,32.0,0.4,0.0,0.0,0.0,0.0,0.0,0.0,0.0,0.0,0.0,0.0,0.0,0.0,0.0,0.4,0.0,0.0,0.0,,0.0,0.0,,,0.0,0.0,11.0,0.9,0,,0,3,11.0,10,2.0,0.0,1.0,-1.0,-2.81,-3.88,0.0,0.0,2.0,0.0,1.0,0.0,0.0,,,0.0,,,,,,,,,,,,,,,
ESP-La Liga,2324,Girona,Jhon Solis,COL,MF,18.0,2004.0,18.0,2.0,384.0,4.3,0.0,0.0,0.0,0.0,0.0,0.0,0.0,0.0,0.0,0.0,0.0,0.0,0.0,4.3,0.0,9.0,3.0,33.3,2.11,0.7,0.0,0.0,0.0,0.0,21.0,11.2,2,67.0,0,16,16.0,11,1.67,9.0,7.0,2.0,0.47,-0.63,0.0,10.0,5.0,0.0,0.0,8.0,9.0,,,0.0,,,,,,,,,,,,,,,
ESP-La Liga,2324,Girona,Juanpe,ESP,DF,32.0,1991.0,17.0,6.0,746.0,8.3,0.0,0.0,0.0,0.0,0.0,0.0,4.0,0.0,0.0,0.0,0.0,0.0,0.0,8.3,0.0,4.0,0.0,0.0,0.48,0.0,0.0,,0.0,0.0,44.0,21.8,6,80.0,5,11,24.0,19,1.94,10.0,15.0,-5.0,-0.6,-2.08,0.0,5.0,0.0,1.0,1.0,8.0,8.0,,,0.0,,,,,,,,,,,,,,,
ESP-La Liga,2324,Girona,Miguel Gutiérrez,ESP,"DF,MF",22.0,2001.0,35.0,35.0,3032.0,33.7,2.0,7.0,9.0,2.0,0.0,0.0,4.0,0.0,0.06,0.21,0.27,0.06,0.27,33.7,2.0,34.0,5.0,14.7,1.01,0.15,0.06,0.4,0.0,0.0,87.0,88.7,35,87.0,30,0,,1,2.14,73.0,39.0,34.0,1.01,-0.15,0.0,27.0,26.0,6.0,97.0,24.0,17.0,,,0.0,,,,,,,,,,,,,,,
ESP-La Liga,2324,Girona,Pablo Torre,ESP,MF,20.0,2003.0,26.0,4.0,701.0,7.8,0.0,2.0,2.0,0.0,0.0,0.0,1.0,0.0,0.0,0.26,0.26,0.0,0.26,7.8,0.0,13.0,1.0,7.7,1.67,0.13,0.0,0.0,0.0,0.0,27.0,20.5,4,66.0,0,22,20.0,10,2.08,14.0,10.0,4.0,0.51,-0.64,0.0,8.0,21.0,0.0,7.0,4.0,2.0,,,0.0,,,,,,,,,,,,,,,
ESP-La Liga,2324,Girona,Paulo Gazzaniga,ARG,GK,31.0,1992.0,38.0,38.0,3420.0,38.0,0.0,0.0,0.0,0.0,0.0,0.0,2.0,0.0,0.0,0.0,0.0,0.0,0.0,38.0,0.0,0.0,0.0,,0.0,0.0,,,0.0,0.0,90.0,100.0,38,90.0,38,0,,0,2.13,85.0,46.0,39.0,1.03,,0.0,0.0,8.0,0.0,0.0,0.0,1.0,,,0.0,46.0,1.21,164.0,123.0,72.0,25.0,6.0,7.0,9.0,23.7,7.0,5.0,1.0,1.0,16.7
ESP-La Liga,2324,Girona,Portu,ESP,"MF,FW",31.0,1992.0,33.0,11.0,1188.0,13.2,7.0,5.0,12.0,7.0,0.0,0.0,3.0,0.0,0.53,0.38,0.91,0.53,0.91,13.2,7.0,21.0,11.0,52.4,1.59,0.83,0.33,0.64,0.0,0.0,36.0,34.7,11,68.0,1,22,20.0,2,2.12,33.0,15.0,18.0,1.36,0.52,0.0,18.0,16.0,9.0,18.0,4.0,13.0,,,0.0,,,,,,,,,,,,,,,
ESP-La Liga,2324,Girona,Silvi Clúa,ESP,MF,18.0,2005.0,1.0,0.0,1.0,0.0,0.0,0.0,0.0,0.0,0.0,0.0,0.0,0.0,0.0,0.0,0.0,0.0,0.0,0.0,0.0,0.0,0.0,,0.0,0.0,,,0.0,0.0,1.0,0.0,0,,0,1,1.0,3,3.0,0.0,0.0,0.0,0.0,-1.03,0.0,1.0,0.0,0.0,0.0,0.0,0.0,,,0.0,,,,,,,,,,,,,,,
ESP-La Liga,2324,Girona,Sávio,BRA,"MF,FW",19.0,2004.0,37.0,35.0,2976.0,33.1,9.0,10.0,19.0,9.0,0.0,0.0,5.0,0.0,0.27,0.3,0.57,0.27,0.57,33.1,9.0,45.0,20.0,44.4,1.36,0.6,0.2,0.45,0.0,0.0,80.0,87.0,35,83.0,15,2,33.0,0,2.11,74.0,39.0,35.0,1.06,0.25,0.0,30.0,66.0,16.0,122.0,20.0,26.0,,,0.0,,,,,,,,,,,,,,,
ESP-La Liga,2324,Girona,Toni Villa,ESP,MF,28.0,1995.0,2.0,0.0,13.0,0.1,0.0,0.0,0.0,0.0,0.0,0.0,0.0,0.0,0.0,0.0,0.0,0.0,0.0,0.1,0.0,1.0,1.0,100.0,6.92,6.92,0.0,0.0,0.0,0.0,7.0,0.4,0,,0,2,7.0,6,1.5,0.0,0.0,0.0,0.0,-1.03,0.0,0.0,1.0,0.0,0.0,0.0,0.0,,,0.0,,,,,,,,,,,,,,,
ESP-La Liga,2324,Girona,Valery Fernández,ESP,MF,23.0,1999.0,27.0,2.0,506.0,5.6,2.0,0.0,2.0,2.0,0.0,0.0,1.0,0.0,0.36,0.0,0.36,0.36,0.36,5.6,2.0,5.0,2.0,40.0,0.89,0.36,0.4,1.0,0.0,0.0,19.0,14.8,2,62.0,0,25,15.0,10,2.0,11.0,10.0,1.0,0.18,-1.0,0.0,7.0,13.0,3.0,13.0,1.0,9.0,,,0.0,,,,,,,,,,,,,,,
ESP-La Liga,2324,Girona,Viktor Tsyhankov,UKR,MF,25.0,1997.0,30.0,26.0,2052.0,22.8,8.0,7.0,15.0,8.0,0.0,0.0,0.0,0.0,0.35,0.31,0.66,0.35,0.66,22.8,8.0,44.0,16.0,36.4,1.93,0.7,0.18,0.5,0.0,0.0,68.0,60.0,26,76.0,4,4,22.0,0,2.17,49.0,26.0,23.0,1.01,-0.04,0.0,14.0,41.0,3.0,61.0,10.0,20.0,,,0.0,,,,,,,,,,,,,,,
ESP-La Liga,2324,Girona,Yan Couto,BRA,"MF,DF",21.0,2002.0,34.0,24.0,2245.0,24.9,1.0,8.0,9.0,1.0,0.0,0.0,8.0,0.0,0.04,0.32,0.36,0.04,0.36,24.9,1.0,29.0,11.0,37.9,1.16,0.44,0.03,0.09,0.0,0.0,66.0,65.6,24,83.0,15,10,25.0,1,2.21,56.0,31.0,25.0,1.0,-0.07,0.0,34.0,42.0,8.0,111.0,10.0,33.0,,,0.0,,,,,,,,,,,,,,,
ESP-La Liga,2324,Girona,Yangel Herrera,VEN,MF,25.0,1998.0,29.0,27.0,2107.0,23.4,5.0,0.0,5.0,5.0,0.0,0.0,9.0,0.0,0.21,0.0,0.21,0.21,0.21,23.4,5.0,52.0,18.0,34.6,2.22,0.77,0.1,0.28,0.0,0.0,73.0,61.6,27,77.0,9,2,15.0,1,2.31,53.0,26.0,27.0,1.15,0.33,0.0,65.0,62.0,2.0,29.0,25.0,38.0,,,0.0,,,,,,,,,,,,,,,
ESP-La Liga,2324,Granada,Adri Bosch,ESP,DF,22.0,2001.0,1.0,0.0,26.0,0.3,0.0,0.0,0.0,0.0,0.0,0.0,0.0,0.0,0.0,0.0,0.0,0.0,0.0,0.3,0.0,0.0,0.0,,0.0,0.0,,,0.0,0.0,26.0,0.8,0,,0,1,26.0,12,0.0,2.0,2.0,0.0,0.0,1.09,0.0,0.0,0.0,0.0,0.0,0.0,1.0,,,1.0,,,,,,,,,,,,,,,
ESP-La Liga,2324,Granada,Alberto Perea,ESP,"FW,MF",32.0,1990.0,2.0,0.0,2.0,0.0,0.0,0.0,0.0,0.0,0.0,0.0,0.0,0.0,0.0,0.0,0.0,0.0,0.0,0.0,0.0,0.0,0.0,,0.0,0.0,,,0.0,0.0,1.0,0.1,0,,0,2,1.0,12,1.5,0.0,0.0,0.0,0.0,1.08,0.0,0.0,2.0,0.0,1.0,0.0,0.0,,,0.0,,,,,,,,,,,,,,,
ESP-La Liga,2324,Granada,Alberto Soro,ESP,"FW,MF",24.0,1999.0,1.0,0.0,8.0,0.1,0.0,0.0,0.0,0.0,0.0,0.0,0.0,0.0,0.0,0.0,0.0,0.0,0.0,0.1,0.0,0.0,0.0,,0.0,0.0,,,0.0,0.0,8.0,0.2,0,,0,1,8.0,1,3.0,0.0,1.0,-1.0,-11.25,-10.19,0.0,0.0,1.0,0.0,0.0,0.0,0.0,,,0.0,,,,,,,,,,,,,,,
ESP-La Liga,2324,Granada,André Ferreira,POR,GK,27.0,1996.0,15.0,14.0,1340.0,14.9,0.0,0.0,0.0,0.0,0.0,0.0,1.0,0.0,0.0,0.0,0.0,0.0,0.0,14.9,0.0,0.0,0.0,,0.0,0.0,,,0.0,0.0,89.0,39.2,14,90.0,14,1,80.0,6,0.33,12.0,29.0,-17.0,-1.14,-0.1,0.0,2.0,2.0,0.0,0.0,0.0,0.0,,,0.0,29.0,1.95,78.0,49.0,62.8,0.0,5.0,9.0,0.0,0.0,3.0,3.0,0.0,0.0,0.0
ESP-La Liga,2324,Granada,Antonio Puertas,ESP,"MF,FW",31.0,1992.0,27.0,6.0,730.0,8.1,0.0,2.0,2.0,0.0,0.0,2.0,3.0,1.0,0.0,0.25,0.25,0.0,0.25,8.1,0.0,19.0,5.0,26.3,2.34,0.62,0.0,0.0,0.0,2.0,27.0,21.3,6,74.0,1,21,14.0,5,0.39,14.0,23.0,-9.0,-1.11,-0.04,0.0,19.0,12.0,6.0,20.0,7.0,7.0,,,0.0,,,,,,,,,,,,,,,
ESP-La Liga,2324,Granada,Augusto Batalla,ARG,GK,27.0,1996.0,17.0,17.0,1530.0,17.0,0.0,0.0,0.0,0.0,0.0,0.0,3.0,0.0,0.0,0.0,0.0,0.0,0.0,17.0,0.0,1.0,0.0,0.0,0.06,0.0,0.0,,0.0,0.0,90.0,44.7,17,90.0,17,0,,3,0.76,16.0,28.0,-12.0,-0.71,0.68,0.0,0.0,2.0,0.0,0.0,0.0,0.0,,,0.0,28.0,1.65,87.0,59.0,67.8,3.0,4.0,10.0,3.0,17.6,0.0,0.0,0.0,0.0,
ESP-La Liga,2324,Granada,Brau,ESP,DF,21.0,2001.0,1.0,0.0,31.0,0.3,0.0,0.0,0.0,0.0,0.0,0.0,0.0,0.0,0.0,0.0,0.0,0.0,0.0,0.3,0.0,0.0,0.0,,0.0,0.0,,,0.0,0.0,31.0,0.9,0,,0,1,31.0,0,0.0,0.0,3.0,-3.0,-8.71,-7.7,0.0,0.0,0.0,0.0,1.0,0.0,0.0,,,0.0,,,,,,,,,,,,,,,
ESP-La Liga,2324,Granada,Bruno Méndez,URU,DF,23.0,1999.0,17.0,15.0,1333.0,14.8,2.0,0.0,2.0,2.0,0.0,0.0,4.0,0.0,0.14,0.0,0.14,0.14,0.14,14.8,2.0,8.0,5.0,62.5,0.54,0.34,0.25,0.4,0.0,0.0,78.0,39.0,15,86.0,9,2,24.0,1,0.65,13.0,23.0,-10.0,-0.68,0.66,0.0,14.0,0.0,0.0,8.0,25.0,19.0,,,0.0,,,,,,,,,,,,,,,
ESP-La Liga,2324,Granada,Bryan Zaragoza,ESP,"MF,FW",21.0,2001.0,21.0,18.0,1638.0,18.2,6.0,2.0,8.0,5.0,1.0,1.0,5.0,0.0,0.33,0.11,0.44,0.27,0.38,18.2,6.0,33.0,19.0,57.6,1.81,1.04,0.18,0.32,1.0,1.0,78.0,47.9,18,87.0,13,3,27.0,0,0.52,19.0,37.0,-18.0,-0.99,0.17,0.0,12.0,33.0,14.0,99.0,3.0,8.0,,,0.0,,,,,,,,,,,,,,,
ESP-La Liga,2324,Granada,Carlos Neva,ESP,DF,27.0,1996.0,36.0,36.0,3146.0,35.0,0.0,2.0,2.0,0.0,0.0,0.0,4.0,0.0,0.0,0.06,0.06,0.0,0.06,35.0,0.0,4.0,0.0,0.0,0.11,0.0,0.0,,0.0,0.0,87.0,92.0,36,87.0,27,0,,2,0.56,34.0,66.0,-32.0,-0.92,2.04,0.0,22.0,44.0,0.0,86.0,31.0,19.0,,,0.0,,,,,,,,,,,,,,,
ESP-La Liga,2324,Granada,Facundo Pellistri,URU,"MF,FW",21.0,2001.0,15.0,14.0,1232.0,13.7,2.0,1.0,3.0,2.0,0.0,0.0,2.0,1.0,0.15,0.07,0.22,0.15,0.22,13.7,2.0,17.0,6.0,35.3,1.24,0.44,0.12,0.33,0.0,0.0,82.0,36.0,14,85.0,6,1,45.0,0,0.6,13.0,31.0,-18.0,-1.31,-0.37,1.0,21.0,21.0,5.0,30.0,4.0,19.0,,,0.0,,,,,,,,,,,,,,,
ESP-La Liga,2324,Granada,Faitout Maouassa,FRA,DF,25.0,1998.0,6.0,2.0,229.0,2.5,0.0,1.0,1.0,0.0,0.0,0.0,0.0,0.0,0.0,0.39,0.39,0.0,0.39,2.5,0.0,5.0,0.0,0.0,1.97,0.0,0.0,,0.0,0.0,38.0,6.7,2,75.0,1,4,20.0,11,0.67,4.0,7.0,-3.0,-1.18,-0.11,0.0,3.0,3.0,0.0,20.0,1.0,6.0,,,0.0,,,,,,,,,,,,,,,
ESP-La Liga,2324,Granada,Famara Diedhiou,SEN,FW,30.0,1992.0,8.0,0.0,89.0,1.0,0.0,1.0,1.0,0.0,0.0,0.0,1.0,0.0,0.0,1.01,1.01,0.0,1.01,1.0,0.0,5.0,3.0,60.0,5.06,3.03,0.0,0.0,0.0,0.0,11.0,2.6,0,,0,8,11.0,8,0.5,2.0,3.0,-1.0,-1.01,0.07,0.0,6.0,3.0,0.0,2.0,0.0,1.0,,,0.0,,,,,,,,,,,,,,,
ESP-La Liga,2324,Granada,Gerard Gumbau,ESP,MF,28.0,1994.0,35.0,31.0,2674.0,29.7,0.0,3.0,3.0,0.0,0.0,0.0,12.0,0.0,0.0,0.1,0.1,0.0,0.1,29.7,0.0,45.0,9.0,20.0,1.51,0.3,0.0,0.0,0.0,0.0,76.0,78.2,31,83.0,18,4,24.0,0,0.51,30.0,65.0,-35.0,-1.18,-0.45,0.0,62.0,26.0,0.0,150.0,26.0,33.0,,,0.0,,,,,,,,,,,,,,,
ESP-La Liga,2324,Granada,Gonzalo Villar,ESP,MF,25.0,1998.0,35.0,21.0,1803.0,20.0,1.0,3.0,4.0,1.0,0.0,0.0,7.0,0.0,0.05,0.15,0.2,0.05,0.2,20.0,1.0,22.0,5.0,22.7,1.1,0.25,0.05,0.2,0.0,0.0,52.0,52.7,21,69.0,4,14,26.0,0,0.49,21.0,42.0,-21.0,-1.05,0.06,0.0,45.0,66.0,2.0,24.0,7.0,33.0,,,0.0,,,,,,,,,,,,,,,
ESP-La Liga,2324,Granada,Ignasi Miquel,ESP,DF,30.0,1992.0,34.0,33.0,2992.0,33.2,1.0,1.0,2.0,1.0,0.0,0.0,5.0,0.0,0.03,0.03,0.06,0.03,0.06,33.2,1.0,22.0,8.0,36.4,0.66,0.24,0.05,0.13,0.0,0.0,88.0,87.5,33,89.0,32,1,67.0,1,0.59,32.0,67.0,-35.0,-1.05,0.21,0.0,32.0,26.0,0.0,3.0,46.0,32.0,,,0.0,,,,,,,,,,,,,,,
ESP-La Liga,2324,Granada,Jesús Vallejo,ESP,DF,26.0,1997.0,3.0,1.0,108.0,1.2,0.0,0.0,0.0,0.0,0.0,0.0,1.0,0.0,0.0,0.0,0.0,0.0,0.0,1.2,0.0,0.0,0.0,,0.0,0.0,,,0.0,0.0,36.0,3.2,1,90.0,1,2,9.0,1,1.33,1.0,4.0,-3.0,-2.5,-1.47,0.0,2.0,1.0,0.0,0.0,0.0,1.0,,,0.0,,,,,,,,,,,,,,,
ESP-La Liga,2324,Granada,José Callejón,ESP,"MF,FW",36.0,1987.0,25.0,7.0,803.0,8.9,0.0,1.0,1.0,0.0,0.0,0.0,2.0,0.0,0.0,0.11,0.11,0.0,0.11,8.9,0.0,11.0,3.0,27.3,1.23,0.34,0.0,0.0,0.0,0.0,32.0,23.5,7,65.0,0,18,19.0,13,0.72,8.0,21.0,-13.0,-1.46,-0.49,0.0,12.0,21.0,3.0,35.0,5.0,5.0,,,0.0,,,,,,,,,,,,,,,
ESP-La Liga,2324,Granada,Kamil Jóźwiak,POL,MF,25.0,1998.0,11.0,7.0,571.0,6.3,0.0,1.0,1.0,0.0,0.0,0.0,2.0,0.0,0.0,0.16,0.16,0.0,0.16,6.3,0.0,4.0,1.0,25.0,0.63,0.16,0.0,0.0,0.0,0.0,52.0,16.7,7,74.0,1,4,13.0,1,0.82,8.0,9.0,-1.0,-0.16,1.11,0.0,13.0,12.0,2.0,6.0,2.0,10.0,,,0.0,,,,,,,,,,,,,,,
ESP-La Liga,2324,Granada,Kamil Piątkowski,POL,DF,23.0,2000.0,9.0,6.0,505.0,5.6,0.0,0.0,0.0,0.0,0.0,0.0,1.0,1.0,0.0,0.0,0.0,0.0,0.0,5.6,0.0,4.0,2.0,50.0,0.71,0.36,0.0,0.0,0.0,0.0,56.0,14.8,6,74.0,4,3,21.0,8,0.56,3.0,15.0,-12.0,-2.14,-1.24,0.0,3.0,3.0,0.0,2.0,8.0,10.0,,,0.0,,,,,,,,,,,,,,,
ESP-La Liga,2324,Granada,Lucas Boyé,ARG,FW,27.0,1996.0,31.0,30.0,2541.0,28.2,6.0,3.0,9.0,6.0,0.0,0.0,8.0,1.0,0.21,0.11,0.32,0.21,0.32,28.2,6.0,56.0,15.0,26.8,1.98,0.53,0.11,0.4,0.0,0.0,82.0,74.3,30,83.0,15,1,45.0,0,0.52,26.0,57.0,-31.0,-1.1,-0.07,0.0,72.0,43.0,8.0,13.0,12.0,25.0,,,0.0,,,,,,,,,,,,,,,
ESP-La Liga,2324,Granada,Marc Martínez,ESP,GK,33.0,1990.0,3.0,3.0,270.0,3.0,0.0,0.0,0.0,0.0,0.0,0.0,0.0,0.0,0.0,0.0,0.0,0.0,0.0,3.0,0.0,0.0,0.0,,0.0,0.0,,,0.0,0.0,90.0,7.9,3,90.0,3,0,,14,0.0,2.0,11.0,-9.0,-3.0,-2.09,0.0,0.0,0.0,0.0,0.0,0.0,0.0,,,0.0,11.0,3.67,23.0,12.0,52.2,0.0,0.0,3.0,0.0,0.0,2.0,2.0,0.0,0.0,0.0
ESP-La Liga,2324,Granada,Martin Hongla,CMR,"MF,DF",25.0,1998.0,13.0,6.0,562.0,6.2,0.0,0.0,0.0,0.0,0.0,0.0,0.0,0.0,0.0,0.0,0.0,0.0,0.0,6.2,0.0,3.0,1.0,33.3,0.48,0.16,0.0,0.0,0.0,0.0,43.0,16.4,6,70.0,1,7,20.0,3,0.69,5.0,16.0,-11.0,-1.76,-0.82,0.0,7.0,1.0,0.0,2.0,5.0,3.0,,,0.0,,,,,,,,,,,,,,,
ESP-La Liga,2324,Granada,Matias Arezo,URU,FW,20.0,2002.0,14.0,3.0,369.0,4.1,0.0,0.0,0.0,0.0,0.0,0.0,1.0,0.0,0.0,0.0,0.0,0.0,0.0,4.1,0.0,12.0,4.0,33.3,2.93,0.98,0.0,0.0,0.0,0.0,26.0,10.8,3,65.0,1,11,16.0,6,0.86,3.0,8.0,-5.0,-1.22,-0.16,0.0,6.0,1.0,8.0,4.0,2.0,3.0,,,0.0,,,,,,,,,,,,,,,
ESP-La Liga,2324,Granada,Miguel Ángel Rubio,ESP,DF,25.0,1998.0,19.0,17.0,1560.0,17.3,1.0,0.0,1.0,1.0,0.0,0.0,5.0,0.0,0.06,0.0,0.06,0.06,0.06,17.3,1.0,9.0,2.0,22.2,0.52,0.12,0.11,0.5,0.0,0.0,82.0,45.6,17,88.0,15,2,29.0,11,0.89,21.0,35.0,-14.0,-0.81,0.5,0.0,20.0,11.0,1.0,1.0,27.0,14.0,,,0.0,,,,,,,,,,,,,,,
ESP-La Liga,2324,Granada,Myrto Uzuni,ALB,"FW,MF",28.0,1995.0,34.0,28.0,2448.0,27.2,11.0,1.0,12.0,7.0,4.0,5.0,3.0,0.0,0.4,0.04,0.44,0.26,0.29,27.2,11.0,64.0,29.0,45.3,2.35,1.07,0.17,0.38,4.0,5.0,72.0,71.6,28,81.0,11,6,32.0,1,0.62,30.0,53.0,-23.0,-0.85,0.82,0.0,26.0,19.0,18.0,11.0,3.0,13.0,,,0.0,,,,,,,,,,,,,,,
ESP-La Liga,2324,Granada,Njegoš Petrović,SRB,MF,24.0,1999.0,10.0,0.0,157.0,1.7,0.0,0.0,0.0,0.0,0.0,0.0,0.0,0.0,0.0,0.0,0.0,0.0,0.0,1.7,0.0,3.0,1.0,33.3,1.72,0.57,0.0,0.0,0.0,0.0,16.0,4.6,0,,0,10,16.0,10,0.6,0.0,3.0,-3.0,-1.72,-0.67,0.0,0.0,1.0,0.0,1.0,1.0,2.0,,,0.0,,,,,,,,,,,,,,,
ESP-La Liga,2324,Granada,Pablo Saenz,ESP,MF,22.0,2001.0,1.0,0.0,19.0,0.2,0.0,0.0,0.0,0.0,0.0,0.0,0.0,0.0,0.0,0.0,0.0,0.0,0.0,0.2,0.0,0.0,0.0,,0.0,0.0,,,0.0,0.0,19.0,0.6,0,,0,1,19.0,1,0.0,0.0,3.0,-3.0,-14.21,-13.2,0.0,0.0,1.0,0.0,1.0,0.0,3.0,,,0.0,,,,,,,,,,,,,,,
ESP-La Liga,2324,Granada,Raúl Fernández,ESP,GK,35.0,1988.0,4.0,4.0,280.0,3.1,0.0,0.0,0.0,0.0,0.0,0.0,0.0,0.0,0.0,0.0,0.0,0.0,0.0,3.1,0.0,0.0,0.0,,0.0,0.0,,,0.0,0.0,70.0,8.2,4,70.0,3,0,,10,0.75,8.0,11.0,-3.0,-0.96,0.12,0.0,0.0,0.0,0.0,0.0,0.0,0.0,,,0.0,11.0,3.54,19.0,8.0,42.1,1.0,0.0,3.0,0.0,0.0,1.0,0.0,0.0,1.0,
ESP-La Liga,2324,Granada,Raúl Torrente,ESP,DF,21.0,2001.0,17.0,14.0,1250.0,13.9,0.0,0.0,0.0,0.0,0.0,0.0,4.0,0.0,0.0,0.0,0.0,0.0,0.0,13.9,0.0,3.0,0.0,0.0,0.22,0.0,0.0,,0.0,0.0,74.0,36.5,14,85.0,10,3,21.0,13,0.35,11.0,28.0,-17.0,-1.22,-0.23,0.0,18.0,8.0,1.0,2.0,12.0,15.0,,,1.0,,,,,,,,,,,,,,,
ESP-La Liga,2324,Granada,Ricard Sánchez,ESP,DF,23.0,2000.0,33.0,25.0,2295.0,25.5,3.0,0.0,3.0,3.0,0.0,0.0,8.0,0.0,0.12,0.0,0.12,0.12,0.12,25.5,3.0,14.0,5.0,35.7,0.55,0.2,0.21,0.6,0.0,0.0,70.0,67.1,25,86.0,14,8,19.0,4,0.42,28.0,55.0,-27.0,-1.06,0.06,0.0,27.0,21.0,5.0,83.0,13.0,18.0,,,0.0,,,,,,,,,,,,,,,
ESP-La Liga,2324,Granada,Samu Omorodion,ESP,FW,19.0,2004.0,1.0,1.0,80.0,0.9,1.0,0.0,1.0,1.0,0.0,0.0,0.0,0.0,1.13,0.0,1.13,1.13,1.13,0.9,1.0,3.0,2.0,66.7,3.38,2.25,0.33,0.5,0.0,0.0,80.0,2.3,1,80.0,0,0,,0,0.0,1.0,2.0,-1.0,-1.13,-0.05,0.0,1.0,3.0,0.0,0.0,0.0,1.0,,,0.0,,,,,,,,,,,,,,,
ESP-La Liga,2324,Granada,Sergio Rodelas,ESP,"MF,FW",18.0,2004.0,3.0,2.0,122.0,1.4,0.0,1.0,1.0,0.0,0.0,0.0,0.0,0.0,0.0,0.74,0.74,0.0,0.74,1.4,0.0,2.0,0.0,0.0,1.48,0.0,0.0,,0.0,0.0,41.0,3.6,2,52.0,0,1,18.0,0,0.0,1.0,4.0,-3.0,-2.21,-1.18,0.0,2.0,1.0,0.0,4.0,0.0,2.0,,,0.0,,,,,,,,,,,,,,,
ESP-La Liga,2324,Granada,Sergio Ruiz,ESP,MF,28.0,1994.0,35.0,30.0,2494.0,27.7,0.0,4.0,4.0,0.0,0.0,0.0,9.0,0.0,0.0,0.14,0.14,0.0,0.14,27.7,0.0,13.0,1.0,7.7,0.47,0.04,0.0,0.0,0.0,0.0,71.0,72.9,30,80.0,14,5,20.0,1,0.58,28.0,57.0,-29.0,-1.05,0.12,0.0,44.0,66.0,0.0,17.0,27.0,47.0,,,0.0,,,,,,,,,,,,,,,
ESP-La Liga,2324,Granada,Shon Weissman,ISR,FW,27.0,1996.0,5.0,0.0,82.0,0.9,0.0,0.0,0.0,0.0,0.0,0.0,0.0,0.0,0.0,0.0,0.0,0.0,0.0,0.9,0.0,1.0,0.0,0.0,1.1,0.0,0.0,,0.0,0.0,16.0,2.4,0,,0,5,16.0,6,0.4,1.0,0.0,1.0,1.1,2.23,0.0,1.0,1.0,0.0,1.0,0.0,1.0,,,0.0,,,,,,,,,,,,,,,
ESP-La Liga,2324,Granada,Theo Corbeanu,CAN,MF,21.0,2002.0,9.0,2.0,182.0,2.0,1.0,0.0,1.0,1.0,0.0,0.0,2.0,0.0,0.49,0.0,0.49,0.49,0.49,2.0,1.0,5.0,2.0,40.0,2.47,0.99,0.2,0.5,0.0,0.0,20.0,5.3,2,51.0,0,7,12.0,7,0.22,1.0,3.0,-2.0,-0.99,0.09,0.0,2.0,1.0,0.0,12.0,2.0,2.0,,,0.0,,,,,,,,,,,,,,,
ESP-La Liga,2324,Granada,Víctor Díaz,ESP,DF,35.0,1988.0,4.0,2.0,162.0,1.8,0.0,0.0,0.0,0.0,0.0,0.0,1.0,0.0,0.0,0.0,0.0,0.0,0.0,1.8,0.0,0.0,0.0,,0.0,0.0,,,0.0,0.0,41.0,4.7,2,63.0,0,2,19.0,14,0.75,1.0,8.0,-7.0,-3.89,-2.95,0.0,0.0,0.0,0.0,0.0,1.0,3.0,,,0.0,,,,,,,,,,,,,,,
ESP-La Liga,2324,Granada,Wilson Manafá,POR,"DF,MF",29.0,1994.0,4.0,3.0,240.0,2.7,0.0,0.0,0.0,0.0,0.0,0.0,1.0,0.0,0.0,0.0,0.0,0.0,0.0,2.7,0.0,1.0,0.0,0.0,0.37,0.0,0.0,,0.0,0.0,60.0,7.0,3,77.0,1,1,9.0,14,0.25,1.0,6.0,-5.0,-1.87,-0.86,0.0,3.0,0.0,0.0,8.0,2.0,4.0,,,0.0,,,,,,,,,,,,,,,
ESP-La Liga,2324,Granada,Álvaro Carreras,ESP,"MF,FW",20.0,2003.0,13.0,5.0,475.0,5.3,0.0,0.0,0.0,0.0,0.0,0.0,1.0,0.0,0.0,0.0,0.0,0.0,0.0,5.3,0.0,7.0,1.0,14.3,1.33,0.19,0.0,0.0,0.0,0.0,37.0,13.9,5,67.0,0,8,18.0,2,0.46,10.0,11.0,-1.0,-0.19,1.03,0.0,6.0,11.0,1.0,15.0,8.0,7.0,,,0.0,,,,,,,,,,,,,,,
ESP-La Liga,2324,Granada,Óscar Melendo,ESP,"MF,FW",25.0,1997.0,26.0,15.0,1122.0,12.5,0.0,0.0,0.0,0.0,0.0,0.0,2.0,0.0,0.0,0.0,0.0,0.0,0.0,12.5,0.0,6.0,2.0,33.3,0.48,0.16,0.0,0.0,0.0,0.0,43.0,32.8,15,63.0,0,11,16.0,10,0.31,12.0,23.0,-11.0,-0.88,0.29,0.0,11.0,37.0,1.0,9.0,4.0,6.0,,,0.0,,,,,,,,,,,,,,,
ESP-La Liga,2324,Las Palmas,Aarón Escandell,ESP,GK,27.0,1995.0,2.0,1.0,153.0,1.7,0.0,0.0,0.0,0.0,0.0,0.0,0.0,1.0,0.0,0.0,0.0,0.0,0.0,1.7,0.0,0.0,0.0,,0.0,0.0,,,0.0,0.0,77.0,4.5,1,90.0,1,1,63.0,33,0.33,1.0,4.0,-3.0,-1.76,-1.46,0.0,0.0,0.0,0.0,0.0,0.0,0.0,,,0.0,3.0,1.76,4.0,1.0,25.0,0.0,0.0,1.0,0.0,0.0,0.0,0.0,0.0,0.0,
ESP-La Liga,2324,Las Palmas,Alberto Moleiro,ESP,"MF,FW",19.0,2003.0,28.0,21.0,1803.0,20.0,3.0,3.0,6.0,3.0,0.0,0.0,1.0,0.0,0.15,0.15,0.3,0.15,0.3,20.0,3.0,33.0,10.0,30.3,1.65,0.5,0.09,0.3,0.0,0.0,64.0,52.7,21,77.0,9,7,27.0,0,1.04,22.0,28.0,-6.0,-0.3,0.15,0.0,17.0,18.0,2.0,27.0,7.0,6.0,,,0.0,,,,,,,,,,,,,,,
ESP-La Liga,2324,Las Palmas,Benito Ramírez,ESP,MF,28.0,1995.0,20.0,2.0,384.0,4.3,1.0,1.0,2.0,1.0,0.0,0.0,0.0,0.0,0.23,0.23,0.47,0.23,0.47,4.3,1.0,10.0,3.0,30.0,2.34,0.7,0.1,0.33,0.0,0.0,19.0,11.2,2,60.0,0,18,15.0,10,1.0,3.0,7.0,-4.0,-0.94,-0.64,0.0,4.0,4.0,2.0,33.0,2.0,4.0,,,0.0,,,,,,,,,,,,,,,
ESP-La Liga,2324,Las Palmas,Cristian Herrera,ESP,MF,32.0,1991.0,8.0,1.0,166.0,1.8,1.0,0.0,1.0,1.0,0.0,0.0,1.0,0.0,0.54,0.0,0.54,0.54,0.54,1.8,1.0,1.0,1.0,100.0,0.54,0.54,1.0,1.0,0.0,0.0,21.0,4.9,1,90.0,1,7,11.0,23,1.88,3.0,4.0,-1.0,-0.54,-0.18,0.0,3.0,3.0,2.0,1.0,0.0,1.0,,,0.0,,,,,,,,,,,,,,,
ESP-La Liga,2324,Las Palmas,Daley Sinkgraven,NED,DF,28.0,1995.0,10.0,6.0,374.0,4.2,0.0,0.0,0.0,0.0,0.0,0.0,0.0,1.0,0.0,0.0,0.0,0.0,0.0,4.2,0.0,0.0,0.0,,0.0,0.0,,,0.0,0.0,37.0,10.9,6,57.0,1,4,9.0,18,,4.0,7.0,-3.0,-0.72,-0.4,0.0,4.0,5.0,0.0,5.0,6.0,5.0,,,0.0,,,,,,,,,,,,,,,
ESP-La Liga,2324,Las Palmas,Enzo Loiodice,FRA,MF,22.0,2000.0,34.0,19.0,1790.0,19.9,0.0,1.0,1.0,0.0,0.0,0.0,2.0,0.0,0.0,0.05,0.05,0.0,0.05,19.9,0.0,16.0,6.0,37.5,0.8,0.3,0.0,0.0,0.0,0.0,53.0,52.3,19,76.0,4,15,23.0,4,1.18,16.0,19.0,-3.0,-0.15,0.46,0.0,32.0,38.0,1.0,23.0,12.0,35.0,,,0.0,,,,,,,,,,,,,,,
ESP-La Liga,2324,Las Palmas,Eric Curbelo,ESP,DF,29.0,1994.0,2.0,1.0,102.0,1.1,0.0,0.0,0.0,0.0,0.0,0.0,0.0,0.0,0.0,0.0,0.0,0.0,0.0,1.1,0.0,0.0,0.0,,0.0,0.0,,,0.0,0.0,51.0,3.0,1,90.0,1,1,12.0,20,0.5,0.0,2.0,-2.0,-1.76,-1.44,0.0,0.0,0.0,0.0,0.0,2.0,3.0,,,0.0,,,,,,,,,,,,,,,
ESP-La Liga,2324,Las Palmas,Fabio González,ESP,MF,26.0,1997.0,6.0,1.0,123.0,1.4,0.0,0.0,0.0,0.0,0.0,0.0,1.0,0.0,0.0,0.0,0.0,0.0,0.0,1.4,0.0,0.0,0.0,,0.0,0.0,,,0.0,0.0,21.0,3.6,1,78.0,0,5,9.0,11,0.83,2.0,1.0,1.0,0.73,1.14,0.0,1.0,1.0,0.0,2.0,0.0,2.0,,,0.0,,,,,,,,,,,,,,,
ESP-La Liga,2324,Las Palmas,Iñaki González,ESP,MF,19.0,2004.0,1.0,0.0,5.0,0.1,0.0,0.0,0.0,0.0,0.0,0.0,0.0,0.0,0.0,0.0,0.0,0.0,0.0,0.1,0.0,0.0,0.0,,0.0,0.0,,,0.0,0.0,5.0,0.1,0,,0,1,5.0,7,3.0,0.0,0.0,0.0,0.0,0.37,0.0,0.0,0.0,0.0,0.0,0.0,0.0,,,0.0,,,,,,,,,,,,,,,
ESP-La Liga,2324,Las Palmas,Javier Muñoz,ESP,MF,28.0,1995.0,37.0,30.0,2640.0,29.3,2.0,3.0,5.0,2.0,0.0,0.0,6.0,0.0,0.07,0.1,0.17,0.07,0.17,29.3,2.0,38.0,9.0,23.7,1.3,0.31,0.05,0.22,0.0,0.0,71.0,77.2,30,83.0,16,7,21.0,0,1.05,26.0,36.0,-10.0,-0.34,0.12,0.0,37.0,16.0,2.0,47.0,20.0,23.0,,,0.0,,,,,,,,,,,,,,,
ESP-La Liga,2324,Las Palmas,Jonathan Viera,ESP,"MF,FW",33.0,1989.0,9.0,7.0,617.0,6.9,2.0,1.0,3.0,0.0,2.0,2.0,1.0,0.0,0.29,0.15,0.44,0.0,0.15,6.9,2.0,14.0,6.0,42.9,2.04,0.88,0.14,0.33,2.0,2.0,69.0,18.0,7,82.0,3,2,22.0,0,1.22,3.0,7.0,-4.0,-0.58,-0.26,0.0,3.0,17.0,1.0,16.0,0.0,4.0,,,0.0,,,,,,,,,,,,,,,
ESP-La Liga,2324,Las Palmas,José Campaña,ESP,MF,30.0,1993.0,8.0,1.0,171.0,1.9,0.0,0.0,0.0,0.0,0.0,0.0,0.0,0.0,0.0,0.0,0.0,0.0,0.0,1.9,0.0,1.0,0.0,0.0,0.53,0.0,0.0,,0.0,0.0,21.0,5.0,1,55.0,0,7,17.0,4,0.5,0.0,2.0,-2.0,-1.05,-0.72,0.0,0.0,5.0,0.0,4.0,2.0,2.0,,,0.0,,,,,,,,,,,,,,,
ESP-La Liga,2324,Las Palmas,Juanma Herzog,ESP,DF,19.0,2004.0,4.0,3.0,292.0,3.2,2.0,0.0,2.0,2.0,0.0,0.0,1.0,0.0,0.62,0.0,0.62,0.62,0.62,3.2,2.0,3.0,3.0,100.0,0.92,0.92,0.67,0.67,0.0,0.0,73.0,8.5,3,90.0,3,1,22.0,17,1.5,6.0,5.0,1.0,0.31,0.74,0.0,1.0,1.0,0.0,0.0,1.0,5.0,,,0.0,,,,,,,,,,,,,,,
ESP-La Liga,2324,Las Palmas,Julian Araujo,MEX,DF,21.0,2001.0,25.0,15.0,1462.0,16.2,1.0,0.0,1.0,1.0,0.0,0.0,5.0,0.0,0.06,0.0,0.06,0.06,0.06,16.2,1.0,7.0,2.0,28.6,0.43,0.12,0.14,0.5,0.0,0.0,58.0,42.7,15,81.0,9,10,25.0,1,1.08,11.0,17.0,-6.0,-0.37,0.0,0.0,13.0,9.0,2.0,22.0,10.0,21.0,,,0.0,,,,,,,,,,,,,,,
ESP-La Liga,2324,Las Palmas,Kirian Rodríguez,ESP,MF,27.0,1996.0,37.0,36.0,3211.0,35.7,6.0,2.0,8.0,6.0,0.0,0.0,8.0,0.0,0.17,0.06,0.22,0.17,0.22,35.7,6.0,43.0,14.0,32.6,1.21,0.39,0.14,0.43,0.0,0.0,87.0,93.9,36,88.0,29,1,45.0,0,1.08,32.0,44.0,-12.0,-0.34,0.52,0.0,23.0,37.0,1.0,25.0,26.0,33.0,,,0.0,,,,,,,,,,,,,,,
ESP-La Liga,2324,Las Palmas,Marc Cardona,ESP,FW,28.0,1995.0,26.0,6.0,737.0,8.2,4.0,1.0,5.0,3.0,1.0,1.0,4.0,0.0,0.49,0.12,0.61,0.37,0.49,8.2,4.0,22.0,11.0,50.0,2.69,1.34,0.18,0.36,1.0,1.0,28.0,21.5,6,64.0,0,20,18.0,10,,11.0,7.0,4.0,0.49,1.09,0.0,12.0,19.0,18.0,5.0,2.0,8.0,,,0.0,,,,,,,,,,,,,,,
ESP-La Liga,2324,Las Palmas,Marvin,ESP,"MF,DF",23.0,2000.0,31.0,17.0,1855.0,20.6,0.0,2.0,2.0,0.0,0.0,0.0,5.0,0.0,0.0,0.1,0.1,0.0,0.1,20.6,0.0,14.0,3.0,21.4,0.68,0.15,0.0,0.0,0.0,0.0,60.0,54.2,17,82.0,7,14,33.0,1,1.19,15.0,26.0,-11.0,-0.53,-0.36,0.0,39.0,26.0,4.0,91.0,15.0,25.0,,,0.0,,,,,,,,,,,,,,,
ESP-La Liga,2324,Las Palmas,Mika Mármol,ESP,DF,22.0,2001.0,36.0,36.0,3178.0,35.3,0.0,1.0,1.0,0.0,0.0,0.0,6.0,1.0,0.0,0.03,0.03,0.0,0.03,35.3,0.0,3.0,0.0,0.0,0.08,0.0,0.0,,0.0,0.0,88.0,92.9,36,88.0,33,0,,1,1.08,31.0,44.0,-13.0,-0.37,0.0,1.0,23.0,34.0,3.0,5.0,43.0,43.0,,,1.0,,,,,,,,,,,,,,,
ESP-La Liga,2324,Las Palmas,Munir El Haddadi,MAR,"MF,FW",27.0,1995.0,38.0,32.0,2449.0,27.2,3.0,2.0,5.0,3.0,0.0,1.0,3.0,0.0,0.11,0.07,0.18,0.11,0.18,27.2,3.0,43.0,12.0,27.9,1.58,0.44,0.07,0.25,0.0,1.0,64.0,71.6,32,73.0,3,6,19.0,0,1.05,24.0,31.0,-7.0,-0.26,0.39,0.0,30.0,73.0,21.0,41.0,10.0,28.0,,,0.0,,,,,,,,,,,,,,,
ESP-La Liga,2324,Las Palmas,Máximo Perrone,ARG,MF,20.0,2003.0,29.0,20.0,1623.0,18.0,0.0,0.0,0.0,0.0,0.0,0.0,6.0,0.0,0.0,0.0,0.0,0.0,0.0,18.0,0.0,7.0,3.0,42.9,0.39,0.17,0.0,0.0,0.0,0.0,56.0,47.5,20,72.0,5,9,21.0,4,1.21,17.0,27.0,-10.0,-0.55,-0.35,0.0,27.0,16.0,0.0,0.0,24.0,19.0,,,0.0,,,,,,,,,,,,,,,
ESP-La Liga,2324,Las Palmas,Omenuke Mfulu,COD,MF,29.0,1994.0,5.0,1.0,82.0,0.9,0.0,0.0,0.0,0.0,0.0,0.0,1.0,0.0,0.0,0.0,0.0,0.0,0.0,0.9,0.0,0.0,0.0,,0.0,0.0,,,0.0,0.0,16.0,2.4,1,45.0,0,4,9.0,17,0.83,1.0,3.0,-2.0,-2.2,-1.87,0.0,0.0,2.0,0.0,0.0,2.0,3.0,,,0.0,,,,,,,,,,,,,,,
ESP-La Liga,2324,Las Palmas,Pejiño,ESP,"MF,FW",27.0,1996.0,17.0,6.0,504.0,5.6,2.0,0.0,2.0,2.0,0.0,0.0,1.0,0.0,0.36,0.0,0.36,0.36,0.36,5.6,2.0,17.0,8.0,47.1,3.04,1.43,0.12,0.25,0.0,0.0,30.0,14.7,6,60.0,0,11,13.0,15,0.76,4.0,5.0,-1.0,-0.18,0.22,0.0,6.0,4.0,0.0,31.0,2.0,9.0,,,0.0,,,,,,,,,,,,,,,
ESP-La Liga,2324,Las Palmas,Sandro Ramírez,ESP,"FW,MF",28.0,1995.0,27.0,21.0,1808.0,20.1,1.0,3.0,4.0,1.0,0.0,1.0,3.0,0.0,0.05,0.15,0.2,0.05,0.2,20.1,1.0,52.0,19.0,36.5,2.59,0.95,0.02,0.05,0.0,1.0,67.0,52.9,21,79.0,4,6,26.0,3,0.74,15.0,25.0,-10.0,-0.5,-0.27,0.0,20.0,36.0,16.0,87.0,4.0,7.0,,,0.0,,,,,,,,,,,,,,,
ESP-La Liga,2324,Las Palmas,Saúl Coco,EQG,DF,24.0,1999.0,30.0,26.0,2295.0,25.5,1.0,0.0,1.0,1.0,0.0,0.0,6.0,1.0,0.04,0.0,0.04,0.04,0.04,25.5,1.0,20.0,4.0,20.0,0.78,0.16,0.05,0.25,0.0,0.0,77.0,67.1,26,85.0,24,4,21.0,3,1.03,23.0,33.0,-10.0,-0.39,-0.07,0.0,19.0,24.0,0.0,1.0,19.0,20.0,,,1.0,,,,,,,,,,,,,,,
ESP-La Liga,2324,Las Palmas,Sergi Cardona,ESP,DF,24.0,1999.0,35.0,30.0,2814.0,31.3,1.0,2.0,3.0,1.0,0.0,0.0,11.0,0.0,0.03,0.06,0.1,0.03,0.1,31.3,1.0,26.0,5.0,19.2,0.83,0.16,0.04,0.2,0.0,0.0,80.0,82.3,30,87.0,25,5,40.0,0,1.09,30.0,38.0,-8.0,-0.26,0.64,0.0,52.0,59.0,5.0,89.0,45.0,58.0,,,0.0,,,,,,,,,,,,,,,
ESP-La Liga,2324,Las Palmas,Sory Kaba,GUI,FW,28.0,1995.0,17.0,9.0,720.0,8.0,1.0,1.0,2.0,1.0,0.0,0.0,2.0,0.0,0.12,0.12,0.25,0.12,0.25,8.0,1.0,13.0,1.0,7.7,1.62,0.12,0.08,1.0,0.0,0.0,42.0,21.1,9,67.0,2,8,15.0,19,1.06,3.0,11.0,-8.0,-1.0,-0.8,0.0,16.0,15.0,9.0,0.0,0.0,1.0,,,0.0,,,,,,,,,,,,,,,
ESP-La Liga,2324,Las Palmas,Álex Suárez,ESP,DF,30.0,1993.0,32.0,30.0,2562.0,28.5,2.0,0.0,2.0,2.0,0.0,0.0,7.0,0.0,0.07,0.0,0.07,0.07,0.07,28.5,2.0,7.0,5.0,71.4,0.25,0.18,0.29,0.4,0.0,0.0,80.0,74.9,30,85.0,21,2,12.0,5,1.0,25.0,35.0,-10.0,-0.35,0.07,0.0,26.0,28.0,3.0,15.0,18.0,38.0,,,1.0,,,,,,,,,,,,,,,
ESP-La Liga,2324,Las Palmas,Álvaro Lemos,ESP,DF,30.0,1993.0,4.0,3.0,251.0,2.8,0.0,0.0,0.0,0.0,0.0,0.0,1.0,0.0,0.0,0.0,0.0,0.0,0.0,2.8,0.0,1.0,0.0,0.0,0.36,0.0,0.0,,0.0,0.0,63.0,7.3,3,64.0,1,1,59.0,18,1.25,3.0,3.0,0.0,0.0,0.4,0.0,2.0,3.0,1.0,5.0,2.0,1.0,,,0.0,,,,,,,,,,,,,,,
ESP-La Liga,2324,Las Palmas,Álvaro Vallés,ESP,GK,26.0,1997.0,37.0,37.0,3263.0,36.3,0.0,0.0,0.0,0.0,0.0,0.0,2.0,1.0,0.0,0.0,0.0,0.0,0.0,36.3,0.0,0.0,0.0,,0.0,0.0,,,0.0,0.0,88.0,95.4,37,88.0,36,0,,0,1.08,33.0,44.0,-11.0,-0.3,1.42,0.0,1.0,6.0,0.0,1.0,0.0,3.0,,,0.0,44.0,1.21,147.0,109.0,70.1,10.0,10.0,17.0,8.0,21.6,8.0,4.0,3.0,1.0,42.9
ESP-La Liga,2324,Mallorca,Abdón Prats,ESP,FW,30.0,1992.0,34.0,11.0,1270.0,14.1,6.0,1.0,7.0,6.0,0.0,0.0,4.0,0.0,0.43,0.07,0.5,0.43,0.5,14.1,6.0,33.0,14.0,42.4,2.34,0.99,0.18,0.43,0.0,0.0,37.0,37.1,11,68.0,3,23,23.0,4,1.03,16.0,15.0,1.0,0.07,0.57,0.0,18.0,18.0,5.0,8.0,2.0,4.0,,,0.0,,,,,,,,,,,,,,,
ESP-La Liga,2324,Mallorca,Amath,SEN,"FW,MF",27.0,1996.0,15.0,3.0,394.0,4.4,0.0,0.0,0.0,0.0,0.0,0.0,2.0,0.0,0.0,0.0,0.0,0.0,0.0,4.4,0.0,12.0,3.0,25.0,2.74,0.69,0.0,0.0,0.0,0.0,26.0,11.5,3,63.0,0,12,17.0,7,0.87,3.0,4.0,-1.0,-0.23,0.07,0.0,10.0,7.0,4.0,7.0,3.0,6.0,,,0.0,,,,,,,,,,,,,,,
ESP-La Liga,2324,Mallorca,Antonio Raillo,ESP,DF,31.0,1991.0,26.0,25.0,2195.0,24.4,3.0,2.0,5.0,3.0,0.0,0.0,6.0,1.0,0.12,0.08,0.21,0.12,0.21,24.4,3.0,29.0,9.0,31.0,1.19,0.37,0.1,0.33,0.0,0.0,84.0,64.2,25,86.0,22,1,45.0,3,1.15,21.0,25.0,-4.0,-0.16,0.35,1.0,32.0,8.0,3.0,2.0,36.0,23.0,,,0.0,,,,,,,,,,,,,,,
ESP-La Liga,2324,Mallorca,Antonio Sánchez,ESP,MF,26.0,1997.0,29.0,21.0,1452.0,16.1,3.0,1.0,4.0,3.0,0.0,0.0,3.0,0.0,0.19,0.06,0.25,0.19,0.25,16.1,3.0,23.0,9.0,39.1,1.43,0.56,0.13,0.33,0.0,0.0,50.0,42.5,21,63.0,0,8,15.0,9,1.21,16.0,18.0,-2.0,-0.12,0.29,0.0,26.0,13.0,1.0,34.0,12.0,12.0,,,0.0,,,,,,,,,,,,,,,
ESP-La Liga,2324,Mallorca,Copete,ESP,DF,23.0,1999.0,19.0,17.0,1333.0,14.8,1.0,1.0,2.0,1.0,0.0,0.0,7.0,0.0,0.07,0.07,0.14,0.07,0.14,14.8,1.0,7.0,1.0,14.3,0.47,0.07,0.14,1.0,0.0,0.0,70.0,39.0,17,77.0,8,2,14.0,16,1.05,10.0,20.0,-10.0,-0.68,-0.63,0.0,36.0,13.0,0.0,9.0,33.0,26.0,,,0.0,,,,,,,,,,,,,,,
ESP-La Liga,2324,Mallorca,Cyle Larin,CAN,FW,28.0,1995.0,35.0,20.0,1823.0,20.3,3.0,2.0,5.0,3.0,0.0,0.0,8.0,0.0,0.15,0.1,0.25,0.15,0.25,20.3,3.0,69.0,25.0,36.2,3.41,1.23,0.04,0.12,0.0,0.0,52.0,53.3,20,70.0,3,15,28.0,2,1.0,20.0,21.0,-1.0,-0.05,0.51,0.0,27.0,34.0,30.0,8.0,3.0,8.0,,,0.0,,,,,,,,,,,,,,,
ESP-La Liga,2324,Mallorca,Dani Rodríguez,ESP,MF,35.0,1988.0,36.0,31.0,2615.0,29.1,2.0,4.0,6.0,2.0,0.0,0.0,9.0,0.0,0.07,0.14,0.21,0.07,0.21,29.1,2.0,27.0,4.0,14.8,0.93,0.14,0.07,0.5,0.0,0.0,73.0,76.5,31,80.0,8,5,27.0,1,1.06,29.0,34.0,-5.0,-0.17,0.5,0.0,61.0,43.0,7.0,166.0,14.0,26.0,,,0.0,,,,,,,,,,,,,,,
ESP-La Liga,2324,Mallorca,Dominik Greif,SVK,GK,26.0,1997.0,1.0,1.0,90.0,1.0,0.0,0.0,0.0,0.0,0.0,0.0,0.0,0.0,0.0,0.0,0.0,0.0,0.0,1.0,0.0,0.0,0.0,,0.0,0.0,,,0.0,0.0,90.0,2.6,1,90.0,1,0,,37,1.0,0.0,0.0,0.0,0.0,0.3,0.0,0.0,0.0,0.0,0.0,0.0,0.0,,,0.0,0.0,0.0,4.0,4.0,100.0,0.0,1.0,0.0,1.0,100.0,0.0,0.0,0.0,0.0,
ESP-La Liga,2324,Mallorca,Giovanni González,URU,DF,28.0,1994.0,34.0,27.0,2464.0,27.4,1.0,1.0,2.0,1.0,0.0,0.0,6.0,0.0,0.04,0.04,0.07,0.04,0.07,27.4,1.0,14.0,4.0,28.6,0.51,0.15,0.07,0.25,0.0,0.0,72.0,72.0,27,84.0,20,7,29.0,3,1.06,21.0,29.0,-8.0,-0.29,-0.01,0.0,38.0,20.0,3.0,60.0,28.0,44.0,,,0.0,,,,,,,,,,,,,,,
ESP-La Liga,2324,Mallorca,Iván Cuéllar,ESP,GK,39.0,1984.0,1.0,1.0,90.0,1.0,0.0,0.0,0.0,0.0,0.0,0.0,0.0,0.0,0.0,0.0,0.0,0.0,0.0,1.0,0.0,0.0,0.0,,0.0,0.0,,,0.0,0.0,90.0,2.6,1,90.0,1,0,,30,3.0,2.0,1.0,1.0,1.0,1.32,0.0,0.0,0.0,0.0,0.0,0.0,0.0,,,0.0,1.0,1.0,6.0,5.0,83.3,1.0,0.0,0.0,0.0,0.0,0.0,0.0,0.0,0.0,
ESP-La Liga,2324,Mallorca,Jaume Costa,ESP,"DF,MF",35.0,1988.0,30.0,19.0,1682.0,18.7,0.0,1.0,1.0,0.0,0.0,0.0,7.0,0.0,0.0,0.05,0.05,0.0,0.05,18.7,0.0,6.0,2.0,33.3,0.32,0.11,0.0,0.0,0.0,0.0,56.0,49.2,19,77.0,8,11,19.0,6,1.13,19.0,26.0,-7.0,-0.37,-0.17,0.0,25.0,22.0,2.0,63.0,16.0,21.0,,,0.0,,,,,,,,,,,,,,,
ESP-La Liga,2324,Mallorca,Javier Llabrés,ESP,MF,20.0,2002.0,16.0,1.0,247.0,2.7,1.0,0.0,1.0,1.0,0.0,0.0,1.0,0.0,0.36,0.0,0.36,0.36,0.36,2.7,1.0,9.0,4.0,44.4,3.28,1.46,0.11,0.25,0.0,0.0,15.0,7.2,1,69.0,0,15,12.0,22,0.81,3.0,3.0,0.0,0.0,0.31,0.0,5.0,1.0,0.0,20.0,3.0,1.0,,,0.0,,,,,,,,,,,,,,,
ESP-La Liga,2324,Mallorca,Manu Morlanes,ESP,MF,24.0,1999.0,35.0,16.0,1615.0,17.9,0.0,2.0,2.0,0.0,0.0,0.0,2.0,0.0,0.0,0.11,0.11,0.0,0.11,17.9,0.0,11.0,4.0,36.4,0.61,0.22,0.0,0.0,0.0,0.0,46.0,47.2,16,74.0,4,19,23.0,2,1.11,15.0,23.0,-8.0,-0.45,-0.3,0.0,15.0,24.0,0.0,19.0,18.0,28.0,,,0.0,,,,,,,,,,,,,,,
ESP-La Liga,2324,Mallorca,Martin Valjent,SVK,DF,27.0,1995.0,28.0,28.0,2349.0,26.1,0.0,1.0,1.0,0.0,0.0,0.0,5.0,0.0,0.0,0.04,0.04,0.0,0.04,26.1,0.0,9.0,0.0,0.0,0.34,0.0,0.0,,0.0,0.0,84.0,68.7,28,84.0,22,0,,1,0.96,24.0,34.0,-10.0,-0.38,-0.3,0.0,29.0,10.0,2.0,17.0,29.0,19.0,,,0.0,,,,,,,,,,,,,,,
ESP-La Liga,2324,Mallorca,Matija Nastasić,SRB,DF,30.0,1993.0,26.0,25.0,2258.0,25.1,2.0,0.0,2.0,2.0,0.0,0.0,8.0,0.0,0.08,0.0,0.08,0.08,0.08,25.1,2.0,8.0,2.0,25.0,0.32,0.08,0.25,1.0,0.0,0.0,87.0,66.0,25,90.0,25,1,8.0,7,1.0,21.0,28.0,-7.0,-0.28,0.03,0.0,33.0,7.0,2.0,5.0,27.0,17.0,,,0.0,,,,,,,,,,,,,,,
ESP-La Liga,2324,Mallorca,Nacho Vidal,ESP,DF,28.0,1995.0,8.0,5.0,416.0,4.6,0.0,0.0,0.0,0.0,0.0,0.0,2.0,0.0,0.0,0.0,0.0,0.0,0.0,4.6,0.0,8.0,3.0,37.5,1.73,0.65,0.0,0.0,0.0,0.0,52.0,12.2,5,68.0,1,3,26.0,9,1.88,3.0,4.0,-1.0,-0.22,0.08,0.0,9.0,3.0,0.0,15.0,2.0,5.0,,,0.0,,,,,,,,,,,,,,,
ESP-La Liga,2324,Mallorca,Nemanja Radonjić,SRB,MF,27.0,1996.0,11.0,4.0,353.0,3.9,0.0,0.0,0.0,0.0,0.0,0.0,0.0,0.0,0.0,0.0,0.0,0.0,0.0,3.9,0.0,10.0,7.0,70.0,2.55,1.78,0.0,0.0,0.0,0.0,32.0,10.3,4,58.0,0,7,18.0,4,1.18,4.0,1.0,3.0,0.76,1.18,0.0,1.0,5.0,0.0,20.0,3.0,2.0,,,0.0,,,,,,,,,,,,,,,
ESP-La Liga,2324,Mallorca,Omar Mascarell,EQG,MF,30.0,1993.0,29.0,18.0,1571.0,17.5,0.0,0.0,0.0,0.0,0.0,0.0,8.0,1.0,0.0,0.0,0.0,0.0,0.0,17.5,0.0,6.0,0.0,0.0,0.34,0.0,0.0,,0.0,0.0,54.0,45.9,18,72.0,5,11,26.0,5,1.07,10.0,21.0,-11.0,-0.63,-0.63,1.0,31.0,14.0,0.0,4.0,32.0,15.0,,,1.0,,,,,,,,,,,,,,,
ESP-La Liga,2324,Mallorca,Pablo Maffeo,ESP,"DF,MF",26.0,1997.0,22.0,17.0,1454.0,16.2,1.0,2.0,3.0,1.0,0.0,0.0,3.0,1.0,0.06,0.12,0.19,0.06,0.19,16.2,1.0,11.0,4.0,36.4,0.68,0.25,0.09,0.25,0.0,0.0,66.0,42.5,17,81.0,11,5,16.0,5,0.95,20.0,23.0,-3.0,-0.19,0.18,0.0,22.0,20.0,4.0,68.0,11.0,21.0,,,0.0,,,,,,,,,,,,,,,
ESP-La Liga,2324,Mallorca,Predrag Rajković,SRB,GK,27.0,1995.0,36.0,36.0,3240.0,36.0,0.0,0.0,0.0,0.0,0.0,0.0,2.0,0.0,0.0,0.0,0.0,0.0,0.0,36.0,0.0,0.0,0.0,,0.0,0.0,,,0.0,0.0,90.0,94.7,36,90.0,36,0,,2,1.0,31.0,43.0,-12.0,-0.33,-0.83,0.0,1.0,4.0,0.0,0.0,0.0,2.0,,,0.0,43.0,1.19,141.0,98.0,69.5,7.0,15.0,14.0,5.0,13.9,5.0,4.0,1.0,0.0,20.0
ESP-La Liga,2324,Mallorca,Samu Costa,POR,MF,22.0,2000.0,34.0,26.0,2303.0,25.6,1.0,1.0,2.0,1.0,0.0,0.0,8.0,0.0,0.04,0.04,0.08,0.04,0.08,25.6,1.0,22.0,3.0,13.6,0.86,0.12,0.05,0.33,0.0,0.0,68.0,67.3,26,81.0,17,8,26.0,3,1.0,21.0,30.0,-9.0,-0.35,-0.19,0.0,62.0,49.0,6.0,24.0,37.0,56.0,,,0.0,,,,,,,,,,,,,,,
ESP-La Liga,2324,Mallorca,Sergi Darder,ESP,MF,29.0,1993.0,36.0,21.0,2157.0,24.0,2.0,5.0,7.0,2.0,0.0,0.0,4.0,0.0,0.08,0.21,0.29,0.08,0.29,24.0,2.0,32.0,12.0,37.5,1.34,0.5,0.06,0.17,0.0,0.0,60.0,63.1,21,84.0,11,15,26.0,0,1.08,19.0,29.0,-10.0,-0.42,-0.35,0.0,19.0,35.0,1.0,147.0,16.0,25.0,,,0.0,,,,,,,,,,,,,,,
ESP-La Liga,2324,Mallorca,Siebe Van Der Heyden,BEL,DF,25.0,1998.0,6.0,4.0,286.0,3.2,0.0,0.0,0.0,0.0,0.0,0.0,2.0,1.0,0.0,0.0,0.0,0.0,0.0,3.2,0.0,2.0,0.0,0.0,0.63,0.0,0.0,,0.0,0.0,48.0,8.4,4,67.0,1,2,9.0,25,0.86,3.0,5.0,-2.0,-0.63,-0.37,0.0,8.0,1.0,1.0,0.0,7.0,4.0,,,0.0,,,,,,,,,,,,,,,
ESP-La Liga,2324,Mallorca,Toni Lato,ESP,DF,25.0,1997.0,28.0,16.0,1544.0,17.2,0.0,1.0,1.0,0.0,0.0,0.0,3.0,0.0,0.0,0.06,0.06,0.0,0.06,17.2,0.0,5.0,2.0,40.0,0.29,0.12,0.0,0.0,0.0,0.0,55.0,45.1,16,79.0,4,12,23.0,7,1.0,12.0,16.0,-4.0,-0.23,0.1,0.0,19.0,18.0,2.0,48.0,17.0,22.0,,,0.0,,,,,,,,,,,,,,,
ESP-La Liga,2324,Mallorca,Vedat Muriqi,KVX,FW,29.0,1994.0,29.0,25.0,2327.0,25.9,7.0,2.0,9.0,6.0,1.0,3.0,5.0,0.0,0.27,0.08,0.35,0.23,0.31,25.9,7.0,66.0,25.0,37.9,2.55,0.97,0.11,0.28,1.0,3.0,80.0,68.0,25,88.0,19,4,31.0,0,1.0,23.0,32.0,-9.0,-0.35,-0.18,0.0,39.0,43.0,31.0,11.0,6.0,6.0,,,0.0,,,,,,,,,,,,,,,
ESP-La Liga,2324,Osasuna,Aimar Oroz,ESP,MF,21.0,2001.0,33.0,26.0,2339.0,26.0,2.0,1.0,3.0,1.0,1.0,1.0,3.0,0.0,0.08,0.04,0.12,0.04,0.08,26.0,2.0,25.0,6.0,24.0,0.96,0.23,0.08,0.33,1.0,1.0,71.0,68.4,26,81.0,8,7,33.0,0,1.36,29.0,34.0,-5.0,-0.19,0.31,0.0,39.0,46.0,2.0,10.0,16.0,27.0,,,0.0,,,,,,,,,,,,,,,
ESP-La Liga,2324,Osasuna,Aitor Fernández,ESP,GK,32.0,1991.0,7.0,6.0,551.0,6.1,0.0,0.0,0.0,0.0,0.0,0.0,2.0,0.0,0.0,0.0,0.0,0.0,0.0,6.1,0.0,0.0,0.0,,0.0,0.0,,,0.0,0.0,79.0,16.1,6,90.0,6,1,11.0,30,0.63,6.0,13.0,-7.0,-1.14,-1.02,0.0,0.0,0.0,0.0,0.0,0.0,0.0,,,0.0,9.0,1.47,20.0,11.0,55.0,0.0,2.0,4.0,1.0,16.7,1.0,1.0,0.0,0.0,0.0
ESP-La Liga,2324,Osasuna,Ante Budimir,CRO,FW,32.0,1991.0,33.0,29.0,2435.0,27.1,17.0,2.0,19.0,14.0,3.0,4.0,4.0,0.0,0.63,0.07,0.7,0.52,0.59,27.1,17.0,76.0,35.0,46.1,2.81,1.29,0.22,0.49,3.0,4.0,74.0,71.2,29,81.0,10,4,19.0,1,1.3,34.0,40.0,-6.0,-0.22,0.24,0.0,40.0,26.0,27.0,9.0,5.0,13.0,,,0.0,,,,,,,,,,,,,,,
ESP-La Liga,2324,Osasuna,Asier Osambela,ESP,MF,19.0,2004.0,1.0,0.0,9.0,0.1,0.0,0.0,0.0,0.0,0.0,0.0,0.0,0.0,0.0,0.0,0.0,0.0,0.0,0.1,0.0,0.0,0.0,,0.0,0.0,,,0.0,0.0,9.0,0.3,0,,0,1,9.0,2,0.0,0.0,1.0,-1.0,-10.0,-9.74,0.0,1.0,0.0,0.0,0.0,0.0,1.0,,,0.0,,,,,,,,,,,,,,,
ESP-La Liga,2324,Osasuna,Catena,ESP,DF,28.0,1994.0,30.0,28.0,2534.0,28.2,1.0,3.0,4.0,1.0,0.0,0.0,8.0,1.0,0.04,0.11,0.14,0.04,0.14,28.2,1.0,18.0,5.0,27.8,0.64,0.18,0.06,0.2,0.0,0.0,84.0,74.1,28,88.0,24,2,42.0,6,1.17,34.0,45.0,-11.0,-0.39,-0.39,0.0,47.0,14.0,1.0,0.0,16.0,20.0,,,0.0,,,,,,,,,,,,,,,
ESP-La Liga,2324,Osasuna,Darko Brašanac,SRB,MF,31.0,1992.0,2.0,0.0,48.0,0.5,0.0,0.0,0.0,0.0,0.0,0.0,0.0,0.0,0.0,0.0,0.0,0.0,0.0,0.5,0.0,0.0,0.0,,0.0,0.0,,,0.0,0.0,24.0,1.4,0,,0,2,24.0,10,1.5,1.0,1.0,0.0,0.0,0.29,0.0,1.0,0.0,0.0,1.0,0.0,0.0,,,0.0,,,,,,,,,,,,,,,
ESP-La Liga,2324,Osasuna,David García,ESP,DF,29.0,1994.0,27.0,27.0,2334.0,25.9,0.0,1.0,1.0,0.0,0.0,0.0,5.0,0.0,0.0,0.04,0.04,0.0,0.04,25.9,0.0,15.0,2.0,13.3,0.58,0.08,0.0,0.0,0.0,0.0,86.0,68.2,27,86.0,25,0,,2,1.3,28.0,35.0,-7.0,-0.27,0.06,0.0,33.0,13.0,1.0,2.0,20.0,17.0,,,0.0,,,,,,,,,,,,,,,
ESP-La Liga,2324,Osasuna,Ezequiel Ávila,ARG,"FW,MF",29.0,1994.0,17.0,10.0,864.0,9.6,1.0,3.0,4.0,1.0,0.0,0.0,3.0,2.0,0.1,0.31,0.42,0.1,0.42,9.6,1.0,27.0,6.0,22.2,2.81,0.62,0.04,0.17,0.0,0.0,51.0,25.3,10,71.0,1,7,22.0,0,0.94,11.0,12.0,-1.0,-0.1,0.25,0.0,8.0,20.0,4.0,80.0,4.0,2.0,,,0.0,,,,,,,,,,,,,,,
ESP-La Liga,2324,Osasuna,Iker Muñoz,ESP,MF,20.0,2002.0,28.0,20.0,1854.0,20.6,4.0,0.0,4.0,4.0,0.0,0.0,5.0,0.0,0.19,0.0,0.19,0.19,0.19,20.6,4.0,23.0,6.0,26.1,1.12,0.29,0.17,0.67,0.0,0.0,66.0,54.2,20,83.0,13,8,24.0,10,1.32,28.0,26.0,2.0,0.1,0.84,0.0,37.0,55.0,0.0,13.0,11.0,17.0,,,0.0,,,,,,,,,,,,,,,
ESP-La Liga,2324,Osasuna,Iñigo Arguibide,ESP,FW,18.0,2005.0,1.0,0.0,17.0,0.2,0.0,0.0,0.0,0.0,0.0,0.0,0.0,0.0,0.0,0.0,0.0,0.0,0.0,0.2,0.0,0.0,0.0,,0.0,0.0,,,0.0,0.0,17.0,0.5,0,,0,1,17.0,3,1.0,0.0,0.0,0.0,0.0,0.29,0.0,1.0,0.0,0.0,0.0,0.0,0.0,,,0.0,,,,,,,,,,,,,,,
ESP-La Liga,2324,Osasuna,Jesús Areso,ESP,"DF,MF",24.0,1999.0,37.0,29.0,2660.0,29.6,1.0,6.0,7.0,1.0,0.0,0.0,3.0,0.0,0.03,0.2,0.24,0.03,0.24,29.6,1.0,9.0,2.0,22.2,0.3,0.07,0.11,0.5,0.0,0.0,72.0,77.8,29,87.0,21,8,17.0,1,1.22,35.0,44.0,-9.0,-0.3,-0.07,0.0,30.0,20.0,3.0,113.0,20.0,26.0,,,0.0,,,,,,,,,,,,,,,
ESP-La Liga,2324,Osasuna,Johan Mojica,COL,"DF,MF",30.0,1992.0,30.0,22.0,2041.0,22.7,0.0,3.0,3.0,0.0,0.0,0.0,1.0,0.0,0.0,0.13,0.13,0.0,0.13,22.7,0.0,17.0,1.0,5.9,0.75,0.04,0.0,0.0,0.0,0.0,68.0,59.7,22,84.0,16,8,23.0,3,1.17,26.0,35.0,-9.0,-0.4,-0.27,0.0,22.0,19.0,0.0,115.0,23.0,22.0,,,0.0,,,,,,,,,,,,,,,
ESP-La Liga,2324,Osasuna,Jon Moncayola,ESP,MF,25.0,1998.0,33.0,21.0,1800.0,20.0,1.0,3.0,4.0,1.0,0.0,0.0,2.0,1.0,0.05,0.15,0.2,0.05,0.2,20.0,1.0,16.0,5.0,31.3,0.8,0.25,0.06,0.2,0.0,0.0,55.0,52.6,21,75.0,7,12,19.0,2,1.21,24.0,29.0,-5.0,-0.25,0.08,0.0,24.0,8.0,0.0,88.0,16.0,19.0,,,0.0,,,,,,,,,,,,,,,
ESP-La Liga,2324,Osasuna,Jorge Herrando,ESP,DF,22.0,2001.0,19.0,18.0,1644.0,18.3,0.0,1.0,1.0,0.0,0.0,0.0,4.0,0.0,0.0,0.05,0.05,0.0,0.05,18.3,0.0,4.0,0.0,0.0,0.22,0.0,0.0,,0.0,0.0,87.0,48.1,18,89.0,17,1,36.0,19,1.05,21.0,26.0,-5.0,-0.27,0.03,0.0,26.0,10.0,0.0,0.0,14.0,19.0,,,0.0,,,,,,,,,,,,,,,
ESP-La Liga,2324,Osasuna,Jorge Moreno,ESP,DF,22.0,2001.0,1.0,0.0,15.0,0.2,0.0,0.0,0.0,0.0,0.0,0.0,0.0,0.0,0.0,0.0,0.0,0.0,0.0,0.2,0.0,0.0,0.0,,0.0,0.0,,,0.0,0.0,15.0,0.4,0,,0,1,15.0,1,1.0,0.0,1.0,-1.0,-6.0,-5.74,0.0,0.0,0.0,0.0,1.0,0.0,0.0,,,0.0,,,,,,,,,,,,,,,
ESP-La Liga,2324,Osasuna,José Arnaiz,ESP,"FW,MF",28.0,1995.0,26.0,9.0,929.0,10.3,2.0,1.0,3.0,2.0,0.0,0.0,3.0,0.0,0.19,0.1,0.29,0.19,0.29,10.3,2.0,29.0,9.0,31.0,2.81,0.87,0.07,0.22,0.0,0.0,36.0,27.2,9,65.0,0,17,20.0,8,1.04,11.0,16.0,-5.0,-0.48,-0.27,0.0,8.0,19.0,3.0,45.0,3.0,8.0,,,0.0,,,,,,,,,,,,,,,
ESP-La Liga,2324,Osasuna,Juan Cruz Armada,ESP,DF,31.0,1992.0,26.0,18.0,1667.0,18.5,0.0,1.0,1.0,0.0,0.0,0.0,3.0,0.0,0.0,0.05,0.05,0.0,0.05,18.5,0.0,3.0,0.0,0.0,0.16,0.0,0.0,,0.0,0.0,64.0,48.7,18,86.0,14,8,15.0,9,1.27,23.0,28.0,-5.0,-0.27,0.04,0.0,20.0,4.0,1.0,21.0,12.0,15.0,,,0.0,,,,,,,,,,,,,,,
ESP-La Liga,2324,Osasuna,Kike Barja,ESP,"FW,MF",26.0,1997.0,16.0,3.0,303.0,3.4,0.0,0.0,0.0,0.0,0.0,0.0,3.0,0.0,0.0,0.0,0.0,0.0,0.0,3.4,0.0,4.0,2.0,50.0,1.19,0.59,0.0,0.0,0.0,0.0,19.0,8.9,3,42.0,0,13,14.0,5,0.94,8.0,8.0,0.0,0.0,0.32,0.0,8.0,4.0,1.0,23.0,3.0,2.0,,,0.0,,,,,,,,,,,,,,,
ESP-La Liga,2324,Osasuna,Lucas Torró,ESP,MF,29.0,1994.0,28.0,21.0,1788.0,19.9,1.0,0.0,1.0,1.0,0.0,0.0,5.0,0.0,0.05,0.0,0.05,0.05,0.05,19.9,1.0,30.0,7.0,23.3,1.51,0.35,0.03,0.14,0.0,0.0,64.0,52.3,21,79.0,10,7,18.0,9,1.11,22.0,31.0,-9.0,-0.45,-0.34,0.0,43.0,17.0,0.0,3.0,35.0,15.0,,,0.0,,,,,,,,,,,,,,,
ESP-La Liga,2324,Osasuna,Max Svensson,ESP,FW,21.0,2001.0,1.0,0.0,3.0,0.0,0.0,0.0,0.0,0.0,0.0,0.0,0.0,0.0,0.0,0.0,0.0,0.0,0.0,0.0,0.0,0.0,0.0,,0.0,0.0,,,0.0,0.0,3.0,0.1,0,,0,1,3.0,4,1.0,0.0,0.0,0.0,0.0,0.29,0.0,1.0,0.0,0.0,0.0,0.0,0.0,,,0.0,,,,,,,,,,,,,,,
ESP-La Liga,2324,Osasuna,Moi Gómez,ESP,"MF,FW",29.0,1994.0,28.0,23.0,2006.0,22.3,3.0,0.0,3.0,3.0,0.0,0.0,3.0,0.0,0.13,0.0,0.13,0.13,0.13,22.3,3.0,19.0,8.0,42.1,0.85,0.36,0.16,0.38,0.0,0.0,72.0,58.7,23,80.0,11,5,34.0,5,1.14,26.0,30.0,-4.0,-0.18,0.27,0.0,29.0,30.0,2.0,51.0,10.0,19.0,,,0.0,,,,,,,,,,,,,,,
ESP-La Liga,2324,Osasuna,Nacho Vidal,ESP,DF,28.0,1995.0,7.0,0.0,96.0,1.1,1.0,0.0,1.0,1.0,0.0,0.0,0.0,0.0,0.94,0.0,0.94,0.94,0.94,1.1,1.0,3.0,1.0,33.3,2.81,0.94,0.33,1.0,0.0,0.0,14.0,2.8,0,,0,7,14.0,13,2.0,2.0,2.0,0.0,0.0,0.3,0.0,0.0,1.0,0.0,0.0,0.0,4.0,,,0.0,,,,,,,,,,,,,,,
ESP-La Liga,2324,Osasuna,Pablo Ibáñez,ESP,MF,24.0,1998.0,33.0,12.0,1152.0,12.8,1.0,2.0,3.0,1.0,0.0,0.0,5.0,0.0,0.08,0.16,0.23,0.08,0.23,12.8,1.0,27.0,7.0,25.9,2.11,0.55,0.04,0.14,0.0,0.0,35.0,33.7,12,71.0,2,21,14.0,4,1.18,19.0,20.0,-1.0,-0.08,0.32,0.0,26.0,16.0,2.0,11.0,9.0,8.0,,,0.0,,,,,,,,,,,,,,,
ESP-La Liga,2324,Osasuna,Raúl,ESP,FW,22.0,2000.0,35.0,13.0,1355.0,15.1,6.0,1.0,7.0,6.0,0.0,0.0,4.0,0.0,0.4,0.07,0.46,0.4,0.46,15.1,6.0,33.0,12.0,36.4,2.19,0.8,0.18,0.5,0.0,0.0,39.0,39.6,13,75.0,2,22,17.0,2,1.09,18.0,24.0,-6.0,-0.4,-0.18,0.0,13.0,12.0,9.0,6.0,5.0,4.0,,,0.0,,,,,,,,,,,,,,,
ESP-La Liga,2324,Osasuna,Rubén García,ESP,"FW,MF",30.0,1993.0,30.0,19.0,1547.0,17.2,3.0,2.0,5.0,3.0,0.0,0.0,1.0,0.0,0.17,0.12,0.29,0.17,0.29,17.2,3.0,28.0,10.0,35.7,1.63,0.58,0.11,0.3,0.0,0.0,52.0,45.2,19,71.0,4,11,17.0,6,1.0,18.0,26.0,-8.0,-0.47,-0.32,0.0,24.0,27.0,6.0,98.0,12.0,18.0,,,0.0,,,,,,,,,,,,,,,
ESP-La Liga,2324,Osasuna,Rubén Peña,ESP,"DF,MF",32.0,1991.0,29.0,26.0,2088.0,23.2,0.0,2.0,2.0,0.0,0.0,0.0,3.0,0.0,0.0,0.09,0.09,0.0,0.09,23.2,0.0,17.0,5.0,29.4,0.73,0.22,0.0,0.0,0.0,0.0,72.0,61.1,26,78.0,7,3,18.0,2,1.34,26.0,33.0,-7.0,-0.3,-0.03,0.0,28.0,23.0,6.0,111.0,29.0,22.0,,,0.0,,,,,,,,,,,,,,,
ESP-La Liga,2324,Osasuna,Sergio Herrera,ESP,GK,30.0,1993.0,32.0,32.0,2869.0,31.9,0.0,0.0,0.0,0.0,0.0,0.0,2.0,0.0,0.0,0.0,0.0,0.0,0.0,31.9,0.0,0.0,0.0,,0.0,0.0,,,0.0,0.0,90.0,83.9,32,90.0,31,0,,6,1.34,41.0,47.0,-6.0,-0.19,0.63,0.0,0.0,7.0,0.0,0.0,0.0,1.0,,,0.0,47.0,1.47,132.0,85.0,64.4,12.0,7.0,13.0,9.0,28.1,1.0,0.0,1.0,0.0,100.0
ESP-La Liga,2324,Osasuna,Unai García,ESP,DF,31.0,1992.0,9.0,6.0,560.0,6.2,1.0,0.0,1.0,1.0,0.0,0.0,6.0,1.0,0.16,0.0,0.16,0.16,0.16,6.2,1.0,2.0,1.0,50.0,0.32,0.16,0.5,1.0,0.0,0.0,62.0,16.4,6,84.0,4,3,18.0,17,0.9,6.0,12.0,-6.0,-0.96,-0.81,1.0,9.0,1.0,0.0,4.0,7.0,9.0,,,0.0,,,,,,,,,,,,,,,
ESP-La Liga,2324,Osasuna,Xabier Huarte Armendáriz,ESP,MF,22.0,2001.0,1.0,0.0,9.0,0.1,0.0,0.0,0.0,0.0,0.0,0.0,0.0,0.0,0.0,0.0,0.0,0.0,0.0,0.1,0.0,0.0,0.0,,0.0,0.0,,,0.0,0.0,9.0,0.3,0,,0,1,9.0,1,0.0,0.0,0.0,0.0,0.0,0.29,0.0,0.0,0.0,0.0,0.0,0.0,0.0,,,0.0,,,,,,,,,,,,,,,
ESP-La Liga,2324,Rayo Vallecano,Abdul Mumin,GHA,DF,25.0,1998.0,20.0,19.0,1694.0,18.8,1.0,0.0,1.0,1.0,0.0,0.0,5.0,1.0,0.05,0.0,0.05,0.05,0.05,18.8,1.0,6.0,1.0,16.7,0.32,0.05,0.17,1.0,0.0,0.0,85.0,49.5,19,89.0,17,1,3.0,15,1.0,11.0,21.0,-10.0,-0.53,-0.06,0.0,15.0,16.0,0.0,2.0,18.0,10.0,,,0.0,,,,,,,,,,,,,,,
ESP-La Liga,2324,Rayo Vallecano,Alfonso Espino,URU,DF,31.0,1992.0,31.0,29.0,2507.0,27.9,0.0,1.0,1.0,0.0,0.0,0.0,9.0,0.0,0.0,0.04,0.04,0.0,0.04,27.9,0.0,18.0,5.0,27.8,0.65,0.18,0.0,0.0,0.0,0.0,81.0,73.3,29,84.0,20,2,34.0,6,1.06,22.0,37.0,-15.0,-0.54,-0.14,0.0,45.0,41.0,0.0,49.0,40.0,45.0,,,1.0,,,,,,,,,,,,,,,
ESP-La Liga,2324,Rayo Vallecano,Andrei Ratiu,ROU,"DF,MF",25.0,1998.0,12.0,6.0,630.0,7.0,0.0,0.0,0.0,0.0,0.0,0.0,1.0,0.0,0.0,0.0,0.0,0.0,0.0,7.0,0.0,6.0,1.0,16.7,0.86,0.14,0.0,0.0,0.0,0.0,53.0,18.4,6,82.0,3,6,24.0,22,0.58,2.0,12.0,-10.0,-1.43,-1.14,0.0,2.0,4.0,0.0,18.0,1.0,5.0,,,0.0,,,,,,,,,,,,,,,
ESP-La Liga,2324,Rayo Vallecano,Aridane Hernández,ESP,DF,34.0,1989.0,19.0,19.0,1690.0,18.8,0.0,0.0,0.0,0.0,0.0,0.0,3.0,0.0,0.0,0.0,0.0,0.0,0.0,18.8,0.0,5.0,0.0,0.0,0.27,0.0,0.0,,0.0,0.0,89.0,49.4,19,89.0,18,0,,12,1.11,17.0,26.0,-9.0,-0.48,0.04,0.0,11.0,12.0,0.0,0.0,15.0,9.0,,,0.0,,,,,,,,,,,,,,,
ESP-La Liga,2324,Rayo Vallecano,Bebé,CPV,"FW,MF",33.0,1990.0,19.0,0.0,212.0,2.4,2.0,0.0,2.0,1.0,1.0,1.0,1.0,0.0,0.85,0.0,0.85,0.42,0.42,2.4,2.0,16.0,5.0,31.3,6.79,2.12,0.13,0.4,1.0,1.0,11.0,6.2,0,,0,19,11.0,15,1.16,4.0,2.0,2.0,0.85,1.44,0.0,0.0,2.0,3.0,28.0,0.0,2.0,,,0.0,,,,,,,,,,,,,,,
ESP-La Liga,2324,Rayo Vallecano,Crespo,POR,MF,26.0,1996.0,15.0,4.0,527.0,5.9,0.0,0.0,0.0,0.0,0.0,0.0,4.0,0.0,0.0,0.0,0.0,0.0,0.0,5.9,0.0,3.0,0.0,0.0,0.51,0.0,0.0,,0.0,0.0,35.0,15.4,4,70.0,0,11,23.0,2,0.73,2.0,8.0,-6.0,-1.02,-0.62,0.0,19.0,22.0,0.0,3.0,11.0,7.0,,,0.0,,,,,,,,,,,,,,,
ESP-La Liga,2324,Rayo Vallecano,Dani Cárdenas,ESP,GK,26.0,1997.0,1.0,1.0,90.0,1.0,0.0,0.0,0.0,0.0,0.0,0.0,0.0,0.0,0.0,0.0,0.0,0.0,0.0,1.0,0.0,0.0,0.0,,0.0,0.0,,,0.0,0.0,90.0,2.6,1,90.0,1,0,,36,0.0,0.0,1.0,-1.0,-1.0,-0.51,0.0,0.0,0.0,0.0,0.0,0.0,0.0,,,0.0,1.0,1.0,1.0,0.0,0.0,0.0,0.0,1.0,0.0,0.0,0.0,0.0,0.0,0.0,
ESP-La Liga,2324,Rayo Vallecano,Diego Méndez,ESP,MF,19.0,2003.0,1.0,0.0,5.0,0.1,0.0,0.0,0.0,0.0,0.0,0.0,0.0,0.0,0.0,0.0,0.0,0.0,0.0,0.1,0.0,0.0,0.0,,0.0,0.0,,,0.0,0.0,5.0,0.1,0,,0,1,5.0,13,3.0,0.0,0.0,0.0,0.0,0.5,0.0,1.0,0.0,0.0,0.0,1.0,1.0,,,0.0,,,,,,,,,,,,,,,
ESP-La Liga,2324,Rayo Vallecano,Florian Lejeune,FRA,DF,32.0,1991.0,37.0,37.0,3327.0,37.0,3.0,1.0,4.0,3.0,0.0,0.0,5.0,0.0,0.08,0.03,0.11,0.08,0.11,37.0,3.0,64.0,21.0,32.8,1.73,0.57,0.05,0.14,0.0,0.0,90.0,97.3,37,90.0,36,0,,0,1.0,29.0,48.0,-19.0,-0.51,-0.51,0.0,26.0,13.0,3.0,6.0,23.0,26.0,,,1.0,,,,,,,,,,,,,,,
ESP-La Liga,2324,Rayo Vallecano,Isaac Palazón Camacho,ESP,MF,28.0,1994.0,37.0,34.0,2791.0,31.0,4.0,1.0,5.0,2.0,2.0,2.0,8.0,0.0,0.13,0.03,0.16,0.06,0.1,31.0,4.0,72.0,33.0,45.8,2.32,1.06,0.06,0.12,2.0,2.0,75.0,81.6,34,79.0,12,3,31.0,0,1.03,27.0,32.0,-5.0,-0.16,1.84,0.0,32.0,76.0,10.0,130.0,19.0,28.0,,,0.0,,,,,,,,,,,,,,,
ESP-La Liga,2324,Rayo Vallecano,Iván Balliu,ALB,DF,31.0,1992.0,33.0,32.0,2873.0,31.9,0.0,1.0,1.0,0.0,0.0,0.0,4.0,0.0,0.0,0.03,0.03,0.0,0.03,31.9,0.0,11.0,4.0,36.4,0.34,0.13,0.0,0.0,0.0,0.0,87.0,84.0,32,89.0,28,1,27.0,4,1.12,27.0,39.0,-12.0,-0.38,0.78,0.0,41.0,30.0,8.0,69.0,28.0,31.0,,,0.0,,,,,,,,,,,,,,,
ESP-La Liga,2324,Rayo Vallecano,Jorge de Frutos,ESP,MF,26.0,1997.0,36.0,14.0,1549.0,17.2,2.0,0.0,2.0,2.0,0.0,0.0,1.0,0.0,0.12,0.0,0.12,0.12,0.12,17.2,2.0,29.0,11.0,37.9,1.68,0.64,0.07,0.18,0.0,0.0,43.0,45.3,14,75.0,2,22,23.0,1,0.97,13.0,21.0,-8.0,-0.46,0.06,0.0,15.0,25.0,4.0,54.0,7.0,8.0,,,0.0,,,,,,,,,,,,,,,
ESP-La Liga,2324,Rayo Vallecano,José Pozo,ESP,"FW,MF",27.0,1996.0,2.0,0.0,19.0,0.2,0.0,0.0,0.0,0.0,0.0,0.0,0.0,0.0,0.0,0.0,0.0,0.0,0.0,0.2,0.0,0.0,0.0,,0.0,0.0,,,0.0,0.0,10.0,0.6,0,,0,2,10.0,29,1.0,0.0,0.0,0.0,0.0,0.5,0.0,1.0,1.0,0.0,0.0,0.0,1.0,,,0.0,,,,,,,,,,,,,,,
ESP-La Liga,2324,Rayo Vallecano,Kike Pérez,ESP,"MF,FW",26.0,1997.0,24.0,9.0,835.0,9.3,1.0,0.0,1.0,1.0,0.0,0.0,7.0,0.0,0.11,0.0,0.11,0.11,0.11,9.3,1.0,13.0,6.0,46.2,1.4,0.65,0.08,0.17,0.0,0.0,35.0,24.4,9,59.0,0,15,20.0,8,0.92,6.0,14.0,-8.0,-0.86,-0.48,0.0,42.0,34.0,0.0,18.0,8.0,13.0,,,0.0,,,,,,,,,,,,,,,
ESP-La Liga,2324,Rayo Vallecano,Pathé Ciss,SEN,MF,29.0,1994.0,31.0,16.0,1664.0,18.5,1.0,0.0,1.0,1.0,0.0,0.0,10.0,0.0,0.05,0.0,0.05,0.05,0.05,18.5,1.0,22.0,8.0,36.4,1.19,0.43,0.05,0.13,0.0,0.0,54.0,48.7,16,79.0,7,15,27.0,3,1.16,12.0,30.0,-18.0,-0.97,-0.92,0.0,27.0,29.0,4.0,3.0,28.0,24.0,,,0.0,,,,,,,,,,,,,,,
ESP-La Liga,2324,Rayo Vallecano,Pep Chavarría,ESP,"DF,MF",25.0,1998.0,22.0,12.0,1167.0,13.0,1.0,1.0,2.0,1.0,0.0,0.0,6.0,1.0,0.08,0.08,0.15,0.08,0.15,13.0,1.0,11.0,2.0,18.2,0.85,0.15,0.09,0.5,0.0,0.0,53.0,34.1,12,82.0,9,10,18.0,13,0.83,7.0,15.0,-8.0,-0.62,-0.18,1.0,8.0,22.0,3.0,71.0,8.0,16.0,,,0.0,,,,,,,,,,,,,,,
ESP-La Liga,2324,Rayo Vallecano,Radamel Falcao,COL,FW,37.0,1986.0,22.0,2.0,407.0,4.5,1.0,0.0,1.0,0.0,1.0,1.0,4.0,0.0,0.22,0.0,0.22,0.0,0.0,4.5,1.0,17.0,7.0,41.2,3.76,1.55,0.06,0.14,1.0,1.0,19.0,11.9,2,63.0,0,20,14.0,12,0.87,7.0,7.0,0.0,0.0,0.57,0.0,15.0,10.0,6.0,1.0,3.0,6.0,,,0.0,,,,,,,,,,,,,,,
ESP-La Liga,2324,Rayo Vallecano,Randy Nteka,ANG,FW,25.0,1997.0,16.0,3.0,572.0,6.4,1.0,1.0,2.0,0.0,1.0,1.0,3.0,0.0,0.16,0.16,0.31,0.0,0.16,6.4,1.0,15.0,6.0,40.0,2.36,0.94,0.07,0.17,1.0,1.0,36.0,16.7,3,74.0,0,13,27.0,12,0.94,3.0,11.0,-8.0,-1.26,-0.91,0.0,19.0,14.0,5.0,3.0,3.0,4.0,,,0.0,,,,,,,,,,,,,,,
ESP-La Liga,2324,Rayo Vallecano,Raúl de Tomás,ESP,FW,28.0,1994.0,25.0,15.0,1272.0,14.1,1.0,2.0,3.0,0.0,1.0,1.0,5.0,0.0,0.07,0.14,0.21,0.0,0.14,14.1,1.0,39.0,12.0,30.8,2.76,0.85,0.03,0.08,1.0,1.0,51.0,37.2,15,69.0,1,10,23.0,11,0.96,13.0,14.0,-1.0,-0.07,0.68,0.0,24.0,26.0,12.0,8.0,1.0,5.0,,,0.0,,,,,,,,,,,,,,,
ESP-La Liga,2324,Rayo Vallecano,Salvi,ESP,MF,32.0,1991.0,1.0,0.0,28.0,0.3,0.0,0.0,0.0,0.0,0.0,0.0,0.0,0.0,0.0,0.0,0.0,0.0,0.0,0.3,0.0,0.0,0.0,,0.0,0.0,,,0.0,0.0,28.0,0.8,0,,0,1,28.0,0,3.0,0.0,0.0,0.0,0.0,0.5,0.0,0.0,1.0,0.0,0.0,1.0,0.0,,,0.0,,,,,,,,,,,,,,,
ESP-La Liga,2324,Rayo Vallecano,Sergio Camello,ESP,FW,22.0,2001.0,31.0,20.0,1661.0,18.5,3.0,1.0,4.0,3.0,0.0,0.0,3.0,0.0,0.16,0.05,0.22,0.16,0.22,18.5,3.0,34.0,13.0,38.2,1.84,0.7,0.09,0.23,0.0,0.0,54.0,48.6,20,70.0,1,11,24.0,6,0.94,12.0,27.0,-15.0,-0.81,-0.61,0.0,18.0,11.0,7.0,2.0,3.0,6.0,,,0.0,,,,,,,,,,,,,,,
ESP-La Liga,2324,Rayo Vallecano,Stole Dimitrievski,MKD,GK,29.0,1993.0,37.0,37.0,3330.0,37.0,0.0,0.0,0.0,0.0,0.0,0.0,2.0,0.0,0.0,0.0,0.0,0.0,0.0,37.0,0.0,0.0,0.0,,0.0,0.0,,,0.0,0.0,90.0,97.4,37,90.0,37,0,,1,1.03,29.0,47.0,-18.0,-0.49,0.51,0.0,0.0,3.0,0.0,0.0,0.0,1.0,,,0.0,47.0,1.27,153.0,106.0,69.3,8.0,14.0,15.0,9.0,24.3,2.0,1.0,1.0,0.0,50.0
ESP-La Liga,2324,Rayo Vallecano,Unai López,ESP,MF,27.0,1995.0,35.0,28.0,2108.0,23.4,1.0,2.0,3.0,1.0,0.0,0.0,8.0,0.0,0.04,0.09,0.13,0.04,0.13,23.4,1.0,32.0,5.0,15.6,1.37,0.21,0.03,0.2,0.0,0.0,60.0,61.6,28,70.0,5,7,23.0,2,1.06,20.0,28.0,-8.0,-0.34,0.41,0.0,60.0,21.0,3.0,73.0,16.0,27.0,,,0.0,,,,,,,,,,,,,,,
ESP-La Liga,2324,Rayo Vallecano,Álvaro García,ESP,MF,30.0,1992.0,32.0,30.0,2475.0,27.5,6.0,1.0,7.0,6.0,0.0,0.0,8.0,1.0,0.22,0.04,0.25,0.22,0.25,27.5,6.0,45.0,17.0,37.8,1.64,0.62,0.13,0.35,0.0,0.0,77.0,72.4,30,81.0,11,2,19.0,0,0.91,22.0,38.0,-16.0,-0.58,-0.3,1.0,25.0,23.0,25.0,121.0,36.0,26.0,,,0.0,,,,,,,,,,,,,,,
ESP-La Liga,2324,Rayo Vallecano,Óscar Trejo,ARG,"FW,MF",35.0,1988.0,31.0,19.0,1380.0,15.3,0.0,0.0,0.0,0.0,0.0,0.0,4.0,1.0,0.0,0.0,0.0,0.0,0.0,15.3,0.0,18.0,3.0,16.7,1.17,0.2,0.0,0.0,0.0,0.0,45.0,40.4,19,60.0,1,12,20.0,2,1.1,12.0,18.0,-6.0,-0.39,0.18,0.0,40.0,40.0,3.0,21.0,5.0,15.0,,,0.0,,,,,,,,,,,,,,,
ESP-La Liga,2324,Rayo Vallecano,Óscar Valentín,ESP,MF,28.0,1994.0,34.0,32.0,2692.0,29.9,1.0,0.0,1.0,1.0,0.0,0.0,7.0,1.0,0.03,0.0,0.03,0.03,0.03,29.9,1.0,15.0,7.0,46.7,0.5,0.23,0.07,0.14,0.0,0.0,79.0,78.7,32,83.0,20,2,21.0,2,1.09,21.0,29.0,-8.0,-0.27,1.09,1.0,77.0,43.0,0.0,6.0,35.0,64.0,,,0.0,,,,,,,,,,,,,,,
ESP-La Liga,2324,Real Betis,Abde Ezzalzouli,MAR,MF,21.0,2001.0,26.0,6.0,865.0,9.6,1.0,0.0,1.0,1.0,0.0,1.0,1.0,0.0,0.1,0.0,0.1,0.1,0.1,9.6,1.0,34.0,9.0,26.5,3.54,0.94,0.03,0.11,0.0,1.0,33.0,25.3,6,70.0,1,20,22.0,4,1.35,11.0,9.0,2.0,0.21,0.17,0.0,9.0,16.0,4.0,33.0,5.0,14.0,,,0.0,,,,,,,,,,,,,,,
ESP-La Liga,2324,Real Betis,Abner,BRA,DF,23.0,2000.0,23.0,15.0,1400.0,15.6,0.0,1.0,1.0,0.0,0.0,0.0,3.0,0.0,0.0,0.06,0.06,0.0,0.06,15.6,0.0,4.0,0.0,0.0,0.26,0.0,0.0,,0.0,0.0,61.0,40.9,15,82.0,12,8,22.0,10,1.61,20.0,20.0,0.0,0.0,-0.13,0.0,17.0,2.0,2.0,26.0,16.0,18.0,,,0.0,,,,,,,,,,,,,,,
ESP-La Liga,2324,Real Betis,Aitor Ruibal,ESP,"DF,MF",27.0,1996.0,18.0,11.0,1017.0,11.3,2.0,1.0,3.0,2.0,0.0,0.0,5.0,0.0,0.18,0.09,0.27,0.18,0.27,11.3,2.0,13.0,2.0,15.4,1.15,0.18,0.15,1.0,0.0,0.0,57.0,29.7,11,76.0,6,7,26.0,13,1.33,14.0,16.0,-2.0,-0.18,-0.36,0.0,16.0,13.0,1.0,28.0,14.0,27.0,,,0.0,,,,,,,,,,,,,,,
ESP-La Liga,2324,Real Betis,Andrés Guardado,MEX,MF,36.0,1986.0,12.0,4.0,447.0,5.0,0.0,0.0,0.0,0.0,0.0,0.0,2.0,0.0,0.0,0.0,0.0,0.0,0.0,5.0,0.0,5.0,0.0,0.0,1.01,0.0,0.0,,0.0,0.0,37.0,13.1,4,67.0,1,8,23.0,6,1.58,5.0,4.0,1.0,0.2,0.14,0.0,10.0,3.0,0.0,11.0,6.0,12.0,,,0.0,,,,,,,,,,,,,,,
ESP-La Liga,2324,Real Betis,Assane Diao,SEN,MF,17.0,2005.0,18.0,13.0,1048.0,11.6,2.0,0.0,2.0,2.0,0.0,0.0,4.0,0.0,0.17,0.0,0.17,0.17,0.17,11.6,2.0,21.0,3.0,14.3,1.8,0.26,0.1,0.67,0.0,0.0,58.0,30.6,13,68.0,2,5,33.0,11,1.5,14.0,9.0,5.0,0.43,0.51,0.0,12.0,22.0,1.0,9.0,7.0,12.0,,,0.0,,,,,,,,,,,,,,,
ESP-La Liga,2324,Real Betis,Ayoze Pérez,ESP,"MF,FW",30.0,1993.0,31.0,29.0,2294.0,25.5,9.0,1.0,10.0,9.0,0.0,0.0,4.0,0.0,0.35,0.04,0.39,0.35,0.39,25.5,9.0,68.0,26.0,38.2,2.67,1.02,0.13,0.35,0.0,0.0,74.0,67.1,29,78.0,12,2,22.0,1,1.45,28.0,28.0,0.0,0.0,-0.24,0.0,36.0,48.0,10.0,19.0,21.0,34.0,,,0.0,,,,,,,,,,,,,,,
ESP-La Liga,2324,Real Betis,Borja Iglesias,ESP,FW,30.0,1993.0,11.0,4.0,408.0,4.5,0.0,1.0,1.0,0.0,0.0,0.0,2.0,0.0,0.0,0.22,0.22,0.0,0.22,4.5,0.0,10.0,0.0,0.0,2.21,0.0,0.0,,0.0,0.0,37.0,11.9,4,63.0,1,7,22.0,9,1.45,7.0,6.0,1.0,0.22,0.16,0.0,7.0,5.0,7.0,1.0,2.0,0.0,,,0.0,,,,,,,,,,,,,,,
ESP-La Liga,2324,Real Betis,Chadi Riad,MAR,DF,20.0,2003.0,26.0,24.0,2164.0,24.0,0.0,0.0,0.0,0.0,0.0,0.0,1.0,0.0,0.0,0.0,0.0,0.0,0.0,24.0,0.0,11.0,5.0,45.5,0.46,0.21,0.0,0.0,0.0,0.0,83.0,63.3,24,87.0,22,2,36.0,7,1.46,32.0,30.0,2.0,0.08,0.01,0.0,16.0,7.0,1.0,0.0,22.0,23.0,,,0.0,,,,,,,,,,,,,,,
ESP-La Liga,2324,Real Betis,Claudio Bravo,CHI,GK,40.0,1983.0,7.0,7.0,630.0,7.0,0.0,0.0,0.0,0.0,0.0,0.0,0.0,0.0,0.0,0.0,0.0,0.0,0.0,7.0,0.0,0.0,0.0,,0.0,0.0,,,0.0,0.0,90.0,18.4,7,90.0,7,0,,13,1.86,11.0,5.0,6.0,0.86,0.95,0.0,0.0,1.0,0.0,0.0,0.0,0.0,,,0.0,5.0,0.71,22.0,17.0,77.3,3.0,4.0,0.0,2.0,28.6,0.0,0.0,0.0,0.0,
ESP-La Liga,2324,Real Betis,Cédric Bakambu,COD,FW,32.0,1991.0,4.0,2.0,194.0,2.2,0.0,0.0,0.0,0.0,0.0,0.0,1.0,0.0,0.0,0.0,0.0,0.0,0.0,2.2,0.0,4.0,1.0,25.0,1.86,0.46,0.0,0.0,0.0,0.0,49.0,5.7,2,62.0,0,2,35.0,0,2.0,4.0,2.0,2.0,0.93,0.9,0.0,4.0,3.0,3.0,0.0,0.0,0.0,,,0.0,,,,,,,,,,,,,,,
ESP-La Liga,2324,Real Betis,Ezequiel Ávila,ARG,"MF,FW",29.0,1994.0,6.0,4.0,298.0,3.3,1.0,0.0,1.0,1.0,0.0,0.0,4.0,1.0,0.3,0.0,0.3,0.3,0.3,3.3,1.0,9.0,3.0,33.3,2.72,0.91,0.11,0.33,0.0,0.0,50.0,8.7,4,66.0,0,2,17.0,0,1.17,6.0,7.0,-1.0,-0.3,-0.42,1.0,3.0,12.0,0.0,12.0,1.0,1.0,,,0.0,,,,,,,,,,,,,,,
ESP-La Liga,2324,Real Betis,Fran Vieites,ESP,GK,24.0,1999.0,4.0,3.0,315.0,3.5,0.0,0.0,0.0,0.0,0.0,0.0,0.0,0.0,0.0,0.0,0.0,0.0,0.0,3.5,0.0,0.0,0.0,,0.0,0.0,,,0.0,0.0,79.0,9.2,3,90.0,3,1,45.0,28,1.25,2.0,4.0,-2.0,-0.57,-0.72,0.0,0.0,0.0,0.0,0.0,0.0,1.0,,,0.0,4.0,1.14,18.0,14.0,77.8,1.0,2.0,0.0,1.0,33.3,0.0,0.0,0.0,0.0,
ESP-La Liga,2324,Real Betis,Germán Pezzella,ARG,DF,32.0,1991.0,32.0,32.0,2767.0,30.7,1.0,0.0,1.0,1.0,0.0,0.0,7.0,0.0,0.03,0.0,0.03,0.03,0.03,30.7,1.0,23.0,5.0,21.7,0.75,0.16,0.04,0.2,0.0,0.0,86.0,80.9,32,86.0,28,0,,1,1.63,41.0,31.0,10.0,0.33,1.29,0.0,22.0,13.0,6.0,2.0,32.0,24.0,,,0.0,,,,,,,,,,,,,,,
ESP-La Liga,2324,Real Betis,Guido Rodríguez,ARG,MF,29.0,1994.0,24.0,22.0,1846.0,20.5,2.0,0.0,2.0,2.0,0.0,0.0,6.0,0.0,0.1,0.0,0.1,0.1,0.1,20.5,2.0,18.0,7.0,38.9,0.88,0.34,0.11,0.29,0.0,0.0,77.0,54.0,22,81.0,15,2,35.0,0,1.58,30.0,23.0,7.0,0.34,0.57,0.0,23.0,35.0,4.0,6.0,29.0,30.0,,,0.0,,,,,,,,,,,,,,,
ESP-La Liga,2324,Real Betis,Héctor Bellerín,ESP,DF,28.0,1995.0,23.0,20.0,1711.0,19.0,0.0,1.0,1.0,0.0,0.0,0.0,0.0,1.0,0.0,0.05,0.05,0.0,0.05,19.0,0.0,2.0,0.0,0.0,0.11,0.0,0.0,,0.0,0.0,74.0,50.0,20,81.0,15,3,32.0,5,1.61,22.0,18.0,4.0,0.21,0.26,0.0,21.0,10.0,1.0,39.0,21.0,22.0,,,1.0,,,,,,,,,,,,,,,
ESP-La Liga,2324,Real Betis,Isco,ESP,MF,31.0,1992.0,29.0,28.0,2326.0,25.8,8.0,5.0,13.0,6.0,2.0,2.0,10.0,0.0,0.31,0.19,0.5,0.23,0.43,25.8,8.0,64.0,26.0,40.6,2.48,1.01,0.13,0.31,2.0,2.0,80.0,68.0,28,82.0,14,1,37.0,0,1.55,33.0,30.0,3.0,0.12,0.12,0.0,31.0,79.0,3.0,152.0,9.0,26.0,,,0.0,,,,,,,,,,,,,,,
ESP-La Liga,2324,Real Betis,Johnny Cardoso,USA,MF,21.0,2001.0,17.0,15.0,1328.0,14.8,1.0,2.0,3.0,1.0,0.0,0.0,3.0,0.0,0.07,0.14,0.2,0.07,0.2,14.8,1.0,12.0,3.0,25.0,0.81,0.2,0.08,0.33,0.0,0.0,78.0,38.8,15,83.0,9,2,42.0,2,1.53,21.0,15.0,6.0,0.41,0.54,0.0,21.0,19.0,0.0,3.0,31.0,30.0,,,0.0,,,,,,,,,,,,,,,
ESP-La Liga,2324,Real Betis,Juan Cruz,ESP,MF,23.0,2000.0,5.0,0.0,76.0,0.8,0.0,0.0,0.0,0.0,0.0,0.0,0.0,0.0,0.0,0.0,0.0,0.0,0.0,0.8,0.0,2.0,0.0,0.0,2.37,0.0,0.0,,0.0,0.0,15.0,2.2,0,,0,5,15.0,14,1.6,0.0,1.0,-1.0,-1.18,-1.29,0.0,2.0,2.0,0.0,0.0,0.0,0.0,,,0.0,,,,,,,,,,,,,,,
ESP-La Liga,2324,Real Betis,Juan Miranda,ESP,DF,23.0,2000.0,25.0,21.0,1858.0,20.6,1.0,1.0,2.0,1.0,0.0,0.0,8.0,0.0,0.05,0.05,0.1,0.05,0.1,20.6,1.0,16.0,6.0,37.5,0.78,0.29,0.06,0.17,0.0,0.0,74.0,54.3,21,82.0,13,4,36.0,10,1.52,24.0,22.0,2.0,0.1,0.04,0.0,21.0,34.0,4.0,62.0,20.0,24.0,,,0.0,,,,,,,,,,,,,,,
ESP-La Liga,2324,Real Betis,Luiz Felipe,ITA,DF,26.0,1997.0,4.0,4.0,360.0,4.0,0.0,0.0,0.0,0.0,0.0,0.0,1.0,0.0,0.0,0.0,0.0,0.0,0.0,4.0,0.0,2.0,0.0,0.0,0.5,0.0,0.0,,0.0,0.0,90.0,10.5,4,90.0,4,0,,0,1.75,5.0,5.0,0.0,0.0,-0.09,0.0,2.0,1.0,0.0,0.0,4.0,3.0,,,0.0,,,,,,,,,,,,,,,
ESP-La Liga,2324,Real Betis,Luiz Henrique,BRA,MF,22.0,2001.0,14.0,6.0,616.0,6.8,0.0,3.0,3.0,0.0,0.0,0.0,1.0,0.0,0.0,0.44,0.44,0.0,0.44,6.8,0.0,18.0,4.0,22.2,2.63,0.58,0.0,0.0,0.0,0.0,44.0,18.0,6,73.0,2,8,22.0,2,1.64,8.0,10.0,-2.0,-0.29,-0.45,0.0,7.0,15.0,0.0,24.0,5.0,11.0,,,0.0,,,,,,,,,,,,,,,
ESP-La Liga,2324,Real Betis,Marc Bartra,ESP,DF,32.0,1991.0,3.0,3.0,225.0,2.5,0.0,0.0,0.0,0.0,0.0,0.0,1.0,0.0,0.0,0.0,0.0,0.0,0.0,2.5,0.0,3.0,0.0,0.0,1.2,0.0,0.0,,0.0,0.0,75.0,6.6,3,75.0,2,0,,2,1.33,2.0,6.0,-4.0,-1.6,-1.8,0.0,4.0,1.0,0.0,0.0,2.0,3.0,,,0.0,,,,,,,,,,,,,,,
ESP-La Liga,2324,Real Betis,Marc Roca,ESP,MF,26.0,1996.0,26.0,24.0,1980.0,22.0,2.0,2.0,4.0,2.0,0.0,0.0,5.0,0.0,0.09,0.09,0.18,0.09,0.18,22.0,2.0,20.0,7.0,35.0,0.91,0.32,0.1,0.29,0.0,0.0,76.0,57.9,24,82.0,14,2,12.0,6,1.31,24.0,25.0,-1.0,-0.05,-0.3,0.0,46.0,23.0,1.0,24.0,17.0,37.0,,,0.0,,,,,,,,,,,,,,,
ESP-La Liga,2324,Real Betis,Nabil Fekir,FRA,"MF,FW",30.0,1993.0,19.0,10.0,1049.0,11.7,1.0,2.0,3.0,1.0,0.0,0.0,1.0,0.0,0.09,0.17,0.26,0.09,0.26,11.7,1.0,27.0,9.0,33.3,2.32,0.77,0.04,0.11,0.0,0.0,55.0,30.7,10,80.0,4,9,28.0,2,1.79,19.0,15.0,4.0,0.34,0.38,0.0,22.0,35.0,8.0,55.0,6.0,9.0,,,0.0,,,,,,,,,,,,,,,
ESP-La Liga,2324,Real Betis,Pablo Busto,ESP,DF,17.0,2005.0,2.0,0.0,44.0,0.5,0.0,0.0,0.0,0.0,0.0,0.0,0.0,0.0,0.0,0.0,0.0,0.0,0.0,0.5,0.0,1.0,0.0,0.0,2.05,0.0,0.0,,0.0,0.0,22.0,1.3,0,,0,2,22.0,5,1.5,1.0,0.0,1.0,2.05,1.99,0.0,0.0,1.0,0.0,1.0,1.0,1.0,,,0.0,,,,,,,,,,,,,,,
ESP-La Liga,2324,Real Betis,Pablo Fornals,ESP,MF,27.0,1996.0,15.0,14.0,1148.0,12.8,3.0,2.0,5.0,3.0,0.0,0.0,2.0,0.0,0.24,0.16,0.39,0.24,0.39,12.8,3.0,17.0,6.0,35.3,1.33,0.47,0.18,0.5,0.0,0.0,77.0,33.6,14,80.0,6,1,25.0,0,1.47,22.0,20.0,2.0,0.16,0.12,0.0,13.0,14.0,4.0,51.0,21.0,17.0,,,0.0,,,,,,,,,,,,,,,
ESP-La Liga,2324,Real Betis,Paul Akouokou,CIV,MF,25.0,1997.0,2.0,0.0,27.0,0.3,0.0,0.0,0.0,0.0,0.0,0.0,0.0,0.0,0.0,0.0,0.0,0.0,0.0,0.3,0.0,0.0,0.0,,0.0,0.0,,,0.0,0.0,14.0,0.8,0,,0,2,14.0,1,1.5,1.0,1.0,0.0,0.0,-0.08,0.0,1.0,1.0,0.0,0.0,1.0,3.0,,,0.0,,,,,,,,,,,,,,,
ESP-La Liga,2324,Real Betis,Ricardo Visus,ESP,DF,22.0,2001.0,3.0,1.0,166.0,1.8,0.0,0.0,0.0,0.0,0.0,0.0,0.0,0.0,0.0,0.0,0.0,0.0,0.0,1.8,0.0,0.0,0.0,,0.0,0.0,,,0.0,0.0,55.0,4.9,1,90.0,1,2,38.0,9,1.67,0.0,0.0,0.0,0.0,-0.08,0.0,3.0,1.0,0.0,0.0,2.0,2.0,,,0.0,,,,,,,,,,,,,,,
ESP-La Liga,2324,Real Betis,Rodri,ESP,MF,23.0,2000.0,29.0,9.0,1051.0,11.7,0.0,0.0,0.0,0.0,0.0,0.0,0.0,0.0,0.0,0.0,0.0,0.0,0.0,11.7,0.0,18.0,5.0,27.8,1.54,0.43,0.0,0.0,0.0,0.0,36.0,30.7,9,70.0,2,20,21.0,8,1.45,10.0,13.0,-3.0,-0.26,-0.48,0.0,6.0,29.0,4.0,36.0,8.0,11.0,,,0.0,,,,,,,,,,,,,,,
ESP-La Liga,2324,Real Betis,Rui Silva,POR,GK,29.0,1994.0,28.0,28.0,2475.0,27.5,0.0,0.0,0.0,0.0,0.0,0.0,4.0,0.0,0.0,0.0,0.0,0.0,0.0,27.5,0.0,0.0,0.0,,0.0,0.0,,,0.0,0.0,88.0,72.4,28,88.0,27,0,,6,1.39,35.0,36.0,-1.0,-0.04,-0.42,0.0,2.0,7.0,0.0,0.0,1.0,0.0,,,1.0,36.0,1.31,122.0,86.0,70.5,10.0,9.0,9.0,7.0,25.0,8.0,7.0,1.0,0.0,12.5
ESP-La Liga,2324,Real Betis,Sergi Altimira,ESP,MF,21.0,2001.0,14.0,6.0,568.0,6.3,1.0,0.0,1.0,1.0,0.0,0.0,1.0,0.0,0.16,0.0,0.16,0.16,0.16,6.3,1.0,7.0,2.0,28.6,1.11,0.32,0.14,0.5,0.0,0.0,41.0,16.6,6,72.0,2,8,17.0,21,1.43,6.0,11.0,-5.0,-0.79,-1.04,0.0,8.0,8.0,0.0,1.0,8.0,8.0,,,0.0,,,,,,,,,,,,,,,
ESP-La Liga,2324,Real Betis,Sokratis Papastathopoulos,GRE,DF,35.0,1988.0,15.0,12.0,1136.0,12.6,0.0,0.0,0.0,0.0,0.0,0.0,6.0,0.0,0.0,0.0,0.0,0.0,0.0,12.6,0.0,2.0,1.0,50.0,0.16,0.08,0.0,0.0,0.0,0.0,76.0,33.2,12,88.0,11,3,27.0,9,1.33,16.0,18.0,-2.0,-0.16,-0.36,0.0,13.0,6.0,0.0,0.0,6.0,15.0,,,1.0,,,,,,,,,,,,,,,
ESP-La Liga,2324,Real Betis,William Carvalho,POR,MF,31.0,1992.0,22.0,4.0,680.0,7.6,1.0,3.0,4.0,1.0,0.0,0.0,2.0,0.0,0.13,0.4,0.53,0.13,0.53,7.6,1.0,8.0,3.0,37.5,1.06,0.4,0.13,0.33,0.0,0.0,31.0,19.9,4,60.0,0,18,25.0,3,1.55,11.0,10.0,1.0,0.13,0.07,0.0,13.0,5.0,0.0,4.0,8.0,12.0,,,0.0,,,,,,,,,,,,,,,
ESP-La Liga,2324,Real Betis,Willian José,BRA,FW,31.0,1991.0,33.0,25.0,1971.0,21.9,10.0,5.0,15.0,10.0,0.0,0.0,0.0,1.0,0.46,0.23,0.68,0.46,0.68,21.9,10.0,48.0,24.0,50.0,2.19,1.1,0.21,0.42,0.0,0.0,60.0,57.6,25,70.0,7,8,27.0,2,1.52,25.0,28.0,-3.0,-0.14,-0.51,0.0,9.0,20.0,9.0,7.0,2.0,3.0,,,0.0,,,,,,,,,,,,,,,
ESP-La Liga,2324,Real Betis,Youssouf Sabaly,SEN,DF,30.0,1993.0,12.0,12.0,1046.0,11.6,0.0,1.0,1.0,0.0,0.0,0.0,2.0,0.0,0.0,0.09,0.09,0.0,0.09,11.6,0.0,4.0,0.0,0.0,0.34,0.0,0.0,,0.0,0.0,87.0,30.6,12,87.0,10,0,,5,1.5,18.0,17.0,1.0,0.09,0.01,0.0,9.0,6.0,0.0,27.0,11.0,8.0,,,0.0,,,,,,,,,,,,,,,
ESP-La Liga,2324,Real Madrid,Andriy Lunin,UKR,GK,24.0,1999.0,21.0,21.0,1890.0,21.0,0.0,0.0,0.0,0.0,0.0,0.0,2.0,0.0,0.0,0.0,0.0,0.0,0.0,21.0,0.0,0.0,0.0,,0.0,0.0,,,0.0,0.0,90.0,55.3,21,90.0,21,0,,17,2.52,52.0,17.0,35.0,1.67,0.14,0.0,0.0,3.0,0.0,0.0,0.0,0.0,,,0.0,17.0,0.81,65.0,48.0,73.8,16.0,5.0,0.0,4.0,19.0,1.0,1.0,0.0,0.0,0.0
ESP-La Liga,2324,Real Madrid,Antonio Rüdiger,GER,DF,30.0,1993.0,33.0,30.0,2709.0,30.1,1.0,0.0,1.0,1.0,0.0,0.0,7.0,0.0,0.03,0.0,0.03,0.03,0.03,30.1,1.0,19.0,2.0,10.5,0.63,0.07,0.05,0.5,0.0,0.0,82.0,79.2,30,88.0,28,3,25.0,1,2.55,65.0,23.0,42.0,1.4,-1.01,0.0,26.0,5.0,1.0,4.0,12.0,17.0,,,0.0,,,,,,,,,,,,,,,
ESP-La Liga,2324,Real Madrid,Arda Güler,TUR,"MF,FW",18.0,2005.0,10.0,4.0,377.0,4.2,6.0,0.0,6.0,6.0,0.0,0.0,1.0,0.0,1.43,0.0,1.43,1.43,1.43,4.2,6.0,15.0,6.0,40.0,3.58,1.43,0.4,1.0,0.0,0.0,38.0,11.0,4,78.0,2,6,11.0,11,2.6,14.0,5.0,9.0,2.15,0.61,0.0,11.0,8.0,1.0,13.0,2.0,4.0,,,0.0,,,,,,,,,,,,,,,
ESP-La Liga,2324,Real Madrid,Aurélien Tchouaméni,FRA,"MF,DF",23.0,2000.0,27.0,22.0,1987.0,22.1,3.0,1.0,4.0,3.0,0.0,0.0,7.0,0.0,0.14,0.05,0.18,0.14,0.18,22.1,3.0,27.0,7.0,25.9,1.22,0.32,0.11,0.43,0.0,0.0,74.0,58.1,22,86.0,18,5,20.0,1,2.67,48.0,13.0,35.0,1.59,-0.05,0.0,20.0,22.0,0.0,22.0,29.0,25.0,,,0.0,,,,,,,,,,,,,,,
ESP-La Liga,2324,Real Madrid,Brahim Díaz,MAR,"MF,FW",23.0,1999.0,31.0,18.0,1545.0,17.2,8.0,6.0,14.0,8.0,0.0,0.0,0.0,0.0,0.47,0.35,0.82,0.47,0.82,17.2,8.0,38.0,17.0,44.7,2.21,0.99,0.21,0.47,0.0,0.0,50.0,45.2,18,74.0,1,13,17.0,7,2.52,44.0,9.0,35.0,2.04,0.79,0.0,22.0,42.0,5.0,32.0,5.0,18.0,,,0.0,,,,,,,,,,,,,,,
ESP-La Liga,2324,Real Madrid,Dani Carvajal,ESP,DF,31.0,1992.0,28.0,25.0,2171.0,24.1,4.0,3.0,7.0,4.0,0.0,0.0,5.0,1.0,0.17,0.12,0.29,0.17,0.29,24.1,4.0,18.0,10.0,55.6,0.75,0.41,0.22,0.4,0.0,0.0,78.0,63.5,25,86.0,18,3,8.0,5,2.57,55.0,13.0,42.0,1.74,0.37,1.0,23.0,19.0,2.0,50.0,20.0,38.0,,,0.0,,,,,,,,,,,,,,,
ESP-La Liga,2324,Real Madrid,Dani Ceballos,ESP,MF,26.0,1996.0,20.0,5.0,598.0,6.6,0.0,2.0,2.0,0.0,0.0,0.0,2.0,0.0,0.0,0.3,0.3,0.0,0.3,6.6,0.0,7.0,1.0,14.3,1.05,0.15,0.0,0.0,0.0,0.0,30.0,17.5,5,79.0,3,15,14.0,9,2.6,16.0,6.0,10.0,1.51,-0.12,0.0,5.0,19.0,0.0,8.0,0.0,5.0,,,0.0,,,,,,,,,,,,,,,
ESP-La Liga,2324,Real Madrid,David Alaba,AUT,DF,31.0,1992.0,14.0,14.0,1154.0,12.8,0.0,1.0,1.0,0.0,0.0,0.0,2.0,0.0,0.0,0.08,0.08,0.0,0.08,12.8,0.0,14.0,4.0,28.6,1.09,0.31,0.0,0.0,0.0,0.0,82.0,33.7,14,82.0,12,0,,1,2.36,23.0,10.0,13.0,1.01,-0.89,0.0,4.0,0.0,0.0,17.0,15.0,9.0,,,1.0,,,,,,,,,,,,,,,
ESP-La Liga,2324,Real Madrid,Eduardo Camavinga,FRA,MF,20.0,2002.0,31.0,21.0,1817.0,20.2,0.0,2.0,2.0,0.0,0.0,0.0,9.0,0.0,0.0,0.1,0.1,0.0,0.1,20.2,0.0,17.0,7.0,41.2,0.84,0.35,0.0,0.0,0.0,0.0,59.0,53.1,21,75.0,5,10,25.0,0,2.45,47.0,14.0,33.0,1.63,0.06,0.0,49.0,68.0,1.0,4.0,26.0,48.0,,,0.0,,,,,,,,,,,,,,,
ESP-La Liga,2324,Real Madrid,Federico Valverde,URU,MF,25.0,1998.0,37.0,33.0,2904.0,32.3,2.0,7.0,9.0,2.0,0.0,0.0,2.0,0.0,0.06,0.22,0.28,0.06,0.28,32.3,2.0,56.0,19.0,33.9,1.74,0.59,0.04,0.11,0.0,0.0,78.0,84.9,33,86.0,22,4,19.0,1,2.49,76.0,22.0,54.0,1.67,0.45,0.0,19.0,15.0,0.0,32.0,43.0,35.0,,,0.0,,,,,,,,,,,,,,,
ESP-La Liga,2324,Real Madrid,Ferland Mendy,FRA,DF,28.0,1995.0,23.0,21.0,1720.0,19.1,0.0,0.0,0.0,0.0,0.0,0.0,5.0,0.0,0.0,0.0,0.0,0.0,0.0,19.1,0.0,5.0,2.0,40.0,0.26,0.1,0.0,0.0,0.0,0.0,75.0,50.3,21,80.0,12,2,18.0,5,2.43,44.0,9.0,35.0,1.83,0.45,0.0,17.0,14.0,0.0,5.0,12.0,10.0,,,0.0,,,,,,,,,,,,,,,
ESP-La Liga,2324,Real Madrid,Fran Garcia,ESP,DF,23.0,1999.0,25.0,15.0,1398.0,15.5,1.0,5.0,6.0,1.0,0.0,0.0,2.0,0.0,0.06,0.32,0.39,0.06,0.39,15.5,1.0,9.0,1.0,11.1,0.58,0.06,0.11,1.0,0.0,0.0,56.0,40.9,15,81.0,9,10,19.0,13,2.48,34.0,15.0,19.0,1.22,-0.65,0.0,10.0,15.0,10.0,60.0,20.0,16.0,,,0.0,,,,,,,,,,,,,,,
ESP-La Liga,2324,Real Madrid,Gonzalo García,ESP,FW,19.0,2004.0,2.0,0.0,19.0,0.2,0.0,0.0,0.0,0.0,0.0,0.0,0.0,0.0,0.0,0.0,0.0,0.0,0.0,0.2,0.0,1.0,1.0,100.0,4.74,4.74,0.0,0.0,0.0,0.0,10.0,0.6,0,,0,2,10.0,4,3.0,0.0,0.0,0.0,0.0,-1.61,0.0,0.0,1.0,0.0,0.0,0.0,0.0,,,0.0,,,,,,,,,,,,,,,
ESP-La Liga,2324,Real Madrid,Joselu,ESP,FW,33.0,1990.0,34.0,15.0,1687.0,18.7,10.0,2.0,12.0,10.0,0.0,2.0,1.0,0.0,0.53,0.11,0.64,0.53,0.64,18.7,10.0,63.0,29.0,46.0,3.36,1.55,0.16,0.34,0.0,2.0,50.0,49.3,15,84.0,10,19,23.0,2,2.5,51.0,9.0,42.0,2.24,1.25,0.0,10.0,15.0,18.0,6.0,6.0,4.0,,,0.0,,,,,,,,,,,,,,,
ESP-La Liga,2324,Real Madrid,Jude Bellingham,ENG,"MF,FW",20.0,2003.0,28.0,27.0,2315.0,25.7,19.0,6.0,25.0,18.0,1.0,1.0,5.0,1.0,0.74,0.23,0.97,0.7,0.93,25.7,19.0,63.0,35.0,55.6,2.45,1.36,0.3,0.54,1.0,1.0,83.0,67.7,27,85.0,17,1,25.0,4,2.46,57.0,16.0,41.0,1.59,-0.04,0.0,32.0,72.0,4.0,22.0,20.0,35.0,,,0.0,,,,,,,,,,,,,,,
ESP-La Liga,2324,Real Madrid,Kepa Arrizabalaga,ESP,GK,28.0,1994.0,14.0,13.0,1198.0,13.3,0.0,0.0,0.0,0.0,0.0,0.0,1.0,0.0,0.0,0.0,0.0,0.0,0.0,13.3,0.0,0.0,0.0,,0.0,0.0,,,0.0,0.0,86.0,35.0,13,90.0,13,1,28.0,21,2.36,23.0,9.0,14.0,1.05,-0.85,0.0,0.0,2.0,0.0,0.0,0.0,0.0,,,0.0,9.0,0.68,39.0,30.0,76.9,10.0,2.0,1.0,4.0,30.8,0.0,0.0,0.0,0.0,
ESP-La Liga,2324,Real Madrid,Lucas Vázquez,ESP,DF,32.0,1991.0,29.0,14.0,1419.0,15.8,3.0,6.0,9.0,3.0,0.0,0.0,0.0,0.0,0.19,0.38,0.57,0.19,0.57,15.8,3.0,12.0,7.0,58.3,0.76,0.44,0.25,0.43,0.0,0.0,49.0,41.5,14,86.0,10,15,15.0,9,2.55,37.0,15.0,22.0,1.4,-0.36,0.0,23.0,24.0,5.0,45.0,12.0,22.0,,,0.0,,,,,,,,,,,,,,,
ESP-La Liga,2324,Real Madrid,Luka Modrić,CRO,MF,37.0,1985.0,32.0,18.0,1688.0,18.8,2.0,6.0,8.0,2.0,0.0,0.0,2.0,0.0,0.11,0.32,0.43,0.11,0.43,18.8,2.0,25.0,10.0,40.0,1.33,0.53,0.08,0.2,0.0,0.0,53.0,49.4,18,77.0,4,14,21.0,5,2.41,43.0,17.0,26.0,1.39,-0.43,0.0,19.0,21.0,2.0,90.0,19.0,15.0,,,0.0,,,,,,,,,,,,,,,
ESP-La Liga,2324,Real Madrid,Mario Martín,ESP,MF,19.0,2004.0,2.0,0.0,18.0,0.2,0.0,0.0,0.0,0.0,0.0,0.0,0.0,0.0,0.0,0.0,0.0,0.0,0.0,0.2,0.0,0.0,0.0,,0.0,0.0,,,0.0,0.0,9.0,0.5,0,,0,2,9.0,3,2.0,0.0,0.0,0.0,0.0,-1.61,0.0,1.0,1.0,0.0,0.0,0.0,1.0,,,0.0,,,,,,,,,,,,,,,
ESP-La Liga,2324,Real Madrid,Nacho,ESP,DF,33.0,1990.0,29.0,18.0,1746.0,19.4,0.0,1.0,1.0,0.0,0.0,0.0,4.0,2.0,0.0,0.05,0.05,0.0,0.05,19.4,0.0,5.0,1.0,20.0,0.26,0.05,0.0,0.0,0.0,0.0,60.0,51.1,18,83.0,13,11,23.0,5,2.41,41.0,8.0,33.0,1.7,0.2,0.0,21.0,13.0,2.0,3.0,19.0,11.0,,,0.0,,,,,,,,,,,,,,,
ESP-La Liga,2324,Real Madrid,Nicolás Paz,ARG,MF,18.0,2004.0,4.0,0.0,23.0,0.3,0.0,0.0,0.0,0.0,0.0,0.0,0.0,0.0,0.0,0.0,0.0,0.0,0.0,0.3,0.0,2.0,0.0,0.0,7.83,0.0,0.0,,0.0,0.0,6.0,0.7,0,,0,4,6.0,8,2.5,1.0,1.0,0.0,0.0,-1.62,0.0,1.0,0.0,0.0,1.0,1.0,0.0,,,0.0,,,,,,,,,,,,,,,
ESP-La Liga,2324,Real Madrid,Rodrygo,BRA,FW,22.0,2001.0,34.0,28.0,2380.0,26.4,10.0,5.0,15.0,10.0,0.0,1.0,2.0,0.0,0.38,0.19,0.57,0.38,0.57,26.4,10.0,87.0,36.0,41.4,3.29,1.36,0.11,0.28,0.0,1.0,70.0,69.6,28,81.0,10,6,21.0,3,2.44,52.0,20.0,32.0,1.21,-1.3,0.0,10.0,46.0,13.0,31.0,8.0,15.0,,,0.0,,,,,,,,,,,,,,,
ESP-La Liga,2324,Real Madrid,Thibaut Courtois,BEL,GK,31.0,1992.0,4.0,4.0,332.0,3.7,0.0,0.0,0.0,0.0,0.0,0.0,0.0,0.0,0.0,0.0,0.0,0.0,0.0,3.7,0.0,0.0,0.0,,0.0,0.0,,,0.0,0.0,83.0,9.7,4,83.0,3,0,,1,2.5,12.0,0.0,12.0,3.25,1.82,0.0,0.0,1.0,0.0,0.0,0.0,0.0,,,0.0,0.0,0.0,16.0,15.0,100.0,3.0,1.0,0.0,0.0,0.0,0.0,0.0,0.0,0.0,
ESP-La Liga,2324,Real Madrid,Toni Kroos,GER,MF,33.0,1990.0,33.0,24.0,2124.0,23.6,1.0,8.0,9.0,1.0,0.0,0.0,3.0,0.0,0.04,0.34,0.38,0.04,0.38,23.6,1.0,35.0,13.0,37.1,1.48,0.55,0.03,0.08,0.0,0.0,64.0,62.1,24,80.0,10,9,22.0,5,2.48,53.0,19.0,34.0,1.44,-0.43,0.0,17.0,38.0,3.0,119.0,17.0,32.0,,,0.0,,,,,,,,,,,,,,,
ESP-La Liga,2324,Real Madrid,Vinicius Júnior,BRA,FW,23.0,2000.0,26.0,22.0,1864.0,20.7,15.0,5.0,20.0,14.0,1.0,1.0,7.0,0.0,0.72,0.24,0.97,0.68,0.92,20.7,15.0,78.0,39.0,50.0,3.77,1.88,0.19,0.38,1.0,1.0,72.0,54.5,22,80.0,7,4,26.0,3,2.62,47.0,12.0,35.0,1.69,0.19,0.0,24.0,54.0,10.0,56.0,1.0,12.0,,,0.0,,,,,,,,,,,,,,,
ESP-La Liga,2324,Real Madrid,Álvaro Rodríguez,URU,FW,19.0,2004.0,1.0,0.0,1.0,0.0,0.0,0.0,0.0,0.0,0.0,0.0,0.0,0.0,0.0,0.0,0.0,0.0,0.0,0.0,0.0,0.0,0.0,,0.0,0.0,,,0.0,0.0,1.0,0.0,0,,0,1,1.0,0,3.0,0.0,0.0,0.0,0.0,-1.61,0.0,0.0,0.0,0.0,0.0,0.0,0.0,,,0.0,,,,,,,,,,,,,,,
ESP-La Liga,2324,Real Madrid,Éder Militão,BRA,DF,25.0,1998.0,10.0,6.0,496.0,5.5,0.0,0.0,0.0,0.0,0.0,0.0,0.0,0.0,0.0,0.0,0.0,0.0,0.0,5.5,0.0,2.0,2.0,100.0,0.36,0.36,0.0,0.0,0.0,0.0,50.0,14.5,6,75.0,3,4,12.0,0,2.6,19.0,4.0,15.0,2.72,1.31,0.0,5.0,5.0,2.0,1.0,5.0,3.0,,,0.0,,,,,,,,,,,,,,,
ESP-La Liga,2324,Real Sociedad,Aihen Muñoz,ESP,DF,25.0,1997.0,21.0,11.0,1127.0,12.5,0.0,2.0,2.0,0.0,0.0,0.0,2.0,0.0,0.0,0.16,0.16,0.0,0.16,12.5,0.0,7.0,2.0,28.6,0.56,0.16,0.0,0.0,0.0,0.0,54.0,33.0,11,85.0,10,10,19.0,0,1.67,22.0,14.0,8.0,0.64,0.48,0.0,18.0,7.0,0.0,29.0,7.0,22.0,,,0.0,,,,,,,,,,,,,,,
ESP-La Liga,2324,Real Sociedad,Alberto Dadie,ESP,DF,21.0,2002.0,1.0,0.0,28.0,0.3,0.0,0.0,0.0,0.0,0.0,0.0,0.0,0.0,0.0,0.0,0.0,0.0,0.0,0.3,0.0,0.0,0.0,,0.0,0.0,,,0.0,0.0,28.0,0.8,0,,0,1,28.0,0,0.0,1.0,0.0,1.0,3.21,2.92,0.0,4.0,0.0,0.0,1.0,0.0,1.0,,,0.0,,,,,,,,,,,,,,,
ESP-La Liga,2324,Real Sociedad,Alex Sola,ESP,"DF,FW",24.0,1999.0,2.0,0.0,30.0,0.3,0.0,0.0,0.0,0.0,0.0,0.0,0.0,0.0,0.0,0.0,0.0,0.0,0.0,0.3,0.0,0.0,0.0,,0.0,0.0,,,0.0,0.0,15.0,0.9,0,,0,2,15.0,1,1.0,0.0,1.0,-1.0,-3.0,-3.35,0.0,2.0,2.0,0.0,0.0,1.0,0.0,,,0.0,,,,,,,,,,,,,,,
ESP-La Liga,2324,Real Sociedad,Ander Barrenetxea,ESP,"MF,FW",21.0,2001.0,29.0,20.0,1427.0,15.9,4.0,1.0,5.0,4.0,0.0,0.0,1.0,0.0,0.25,0.06,0.32,0.25,0.32,15.9,4.0,37.0,12.0,32.4,2.33,0.76,0.11,0.33,0.0,0.0,49.0,41.7,20,60.0,0,9,26.0,1,1.45,24.0,18.0,6.0,0.38,0.11,0.0,27.0,22.0,3.0,46.0,7.0,21.0,,,0.0,,,,,,,,,,,,,,,
ESP-La Liga,2324,Real Sociedad,André Silva,POR,FW,27.0,1995.0,19.0,9.0,729.0,8.1,3.0,0.0,3.0,2.0,1.0,1.0,1.0,0.0,0.37,0.0,0.37,0.25,0.25,8.1,3.0,16.0,6.0,37.5,1.98,0.74,0.19,0.5,1.0,1.0,38.0,21.3,9,65.0,0,10,15.0,9,1.42,8.0,8.0,0.0,0.0,-0.4,0.0,14.0,8.0,5.0,0.0,1.0,2.0,,,0.0,,,,,,,,,,,,,,,
ESP-La Liga,2324,Real Sociedad,Aritz Elustondo,ESP,DF,29.0,1994.0,15.0,7.0,812.0,9.0,0.0,1.0,1.0,0.0,0.0,0.0,2.0,0.0,0.0,0.11,0.11,0.0,0.11,9.0,0.0,6.0,2.0,33.3,0.67,0.22,0.0,0.0,0.0,0.0,54.0,23.7,7,86.0,6,8,27.0,10,1.73,10.0,8.0,2.0,0.22,-0.12,0.0,9.0,10.0,0.0,1.0,5.0,7.0,,,0.0,,,,,,,,,,,,,,,
ESP-La Liga,2324,Real Sociedad,Arsen Zakharyan,RUS,"MF,FW",20.0,2003.0,29.0,15.0,1228.0,13.6,1.0,2.0,3.0,1.0,0.0,0.0,1.0,0.0,0.07,0.15,0.22,0.07,0.22,13.6,1.0,33.0,9.0,27.3,2.42,0.66,0.03,0.11,0.0,0.0,42.0,35.9,15,64.0,0,14,19.0,2,1.52,15.0,17.0,-2.0,-0.15,-0.72,0.0,21.0,11.0,3.0,76.0,4.0,15.0,,,0.0,,,,,,,,,,,,,,,
ESP-La Liga,2324,Real Sociedad,Beñat Turrientes,ESP,MF,21.0,2002.0,29.0,19.0,1687.0,18.7,0.0,1.0,1.0,0.0,0.0,0.0,4.0,0.0,0.0,0.05,0.05,0.0,0.05,18.7,0.0,23.0,10.0,43.5,1.23,0.53,0.0,0.0,0.0,0.0,58.0,49.3,19,78.0,6,10,21.0,8,1.86,23.0,18.0,5.0,0.27,-0.1,0.0,36.0,36.0,0.0,19.0,6.0,18.0,,,0.0,,,,,,,,,,,,,,,
ESP-La Liga,2324,Real Sociedad,Brais Méndez,ESP,"MF,FW",26.0,1997.0,32.0,27.0,2413.0,26.8,5.0,6.0,11.0,5.0,0.0,0.0,7.0,0.0,0.19,0.22,0.41,0.19,0.41,26.8,5.0,66.0,17.0,25.8,2.46,0.63,0.08,0.29,0.0,0.0,75.0,70.6,27,83.0,16,5,36.0,1,1.59,34.0,29.0,5.0,0.19,-0.44,0.0,58.0,56.0,3.0,101.0,12.0,27.0,,,0.0,,,,,,,,,,,,,,,
ESP-La Liga,2324,Real Sociedad,Carlos Fernández,ESP,FW,27.0,1996.0,10.0,5.0,408.0,4.5,2.0,1.0,3.0,1.0,1.0,1.0,3.0,0.0,0.44,0.22,0.66,0.22,0.44,4.5,2.0,9.0,4.0,44.4,1.99,0.88,0.22,0.5,1.0,1.0,41.0,11.9,5,63.0,1,5,19.0,6,1.55,7.0,4.0,3.0,0.66,0.39,0.0,15.0,3.0,2.0,1.0,0.0,9.0,,,0.0,,,,,,,,,,,,,,,
ESP-La Liga,2324,Real Sociedad,Hamari Traoré,MLI,DF,31.0,1992.0,31.0,27.0,2292.0,25.5,0.0,2.0,2.0,0.0,0.0,0.0,7.0,0.0,0.0,0.08,0.08,0.0,0.08,25.5,0.0,18.0,2.0,11.1,0.71,0.08,0.0,0.0,0.0,0.0,74.0,67.0,27,82.0,18,4,22.0,1,1.68,43.0,27.0,16.0,0.63,0.95,0.0,32.0,19.0,1.0,46.0,24.0,19.0,,,0.0,,,,,,,,,,,,,,,
ESP-La Liga,2324,Real Sociedad,Igor Zubeldia,ESP,DF,26.0,1997.0,30.0,29.0,2518.0,28.0,0.0,2.0,2.0,0.0,0.0,0.0,11.0,1.0,0.0,0.07,0.07,0.0,0.07,28.0,0.0,12.0,0.0,0.0,0.43,0.0,0.0,,0.0,0.0,84.0,73.6,29,86.0,23,1,30.0,1,1.57,38.0,28.0,10.0,0.36,0.16,0.0,42.0,9.0,0.0,3.0,28.0,24.0,,,0.0,,,,,,,,,,,,,,,
ESP-La Liga,2324,Real Sociedad,Javi Galán,ESP,DF,28.0,1994.0,14.0,13.0,1075.0,11.9,0.0,1.0,1.0,0.0,0.0,0.0,3.0,0.0,0.0,0.08,0.08,0.0,0.08,11.9,0.0,3.0,1.0,33.3,0.25,0.08,0.0,0.0,0.0,0.0,77.0,31.4,13,82.0,10,1,7.0,0,1.57,14.0,11.0,3.0,0.25,-0.09,0.0,22.0,19.0,3.0,46.0,12.0,21.0,,,0.0,,,,,,,,,,,,,,,
ESP-La Liga,2324,Real Sociedad,Jon Aramburu,VEN,"DF,MF",21.0,2002.0,11.0,5.0,543.0,6.0,0.0,0.0,0.0,0.0,0.0,0.0,3.0,0.0,0.0,0.0,0.0,0.0,0.0,6.0,0.0,4.0,0.0,0.0,0.66,0.0,0.0,,0.0,0.0,49.0,15.9,5,73.0,2,6,30.0,7,1.27,4.0,8.0,-4.0,-0.66,-1.16,0.0,11.0,5.0,0.0,7.0,7.0,15.0,,,0.0,,,,,,,,,,,,,,,
ESP-La Liga,2324,Real Sociedad,Jon Magunazelaia,ESP,FW,22.0,2001.0,5.0,1.0,121.0,1.3,0.0,0.0,0.0,0.0,0.0,0.0,0.0,0.0,0.0,0.0,0.0,0.0,0.0,1.3,0.0,4.0,0.0,0.0,2.98,0.0,0.0,,0.0,0.0,24.0,3.5,1,63.0,0,4,15.0,14,1.4,3.0,0.0,3.0,2.23,1.99,0.0,2.0,3.0,0.0,3.0,0.0,4.0,,,0.0,,,,,,,,,,,,,,,
ESP-La Liga,2324,Real Sociedad,Jon Martin,ESP,DF,17.0,2006.0,1.0,0.0,24.0,0.3,0.0,0.0,0.0,0.0,0.0,0.0,0.0,0.0,0.0,0.0,0.0,0.0,0.0,0.3,0.0,0.0,0.0,,0.0,0.0,,,0.0,0.0,24.0,0.7,0,,0,1,24.0,8,3.0,0.0,0.0,0.0,0.0,-0.32,0.0,0.0,0.0,0.0,0.0,0.0,0.0,,,0.0,,,,,,,,,,,,,,,
ESP-La Liga,2324,Real Sociedad,Jon Pacheco,ESP,DF,22.0,2001.0,23.0,16.0,1526.0,17.0,1.0,1.0,2.0,1.0,0.0,0.0,8.0,0.0,0.06,0.06,0.12,0.06,0.12,17.0,1.0,6.0,3.0,50.0,0.35,0.18,0.17,0.33,0.0,0.0,66.0,44.6,16,87.0,14,7,20.0,13,1.7,19.0,16.0,3.0,0.18,-0.25,0.0,29.0,1.0,1.0,1.0,10.0,18.0,,,0.0,,,,,,,,,,,,,,,
ESP-La Liga,2324,Real Sociedad,Kieran Tierney,SCO,DF,26.0,1997.0,20.0,14.0,1238.0,13.8,0.0,2.0,2.0,0.0,0.0,0.0,1.0,0.0,0.0,0.15,0.15,0.0,0.15,13.8,0.0,2.0,0.0,0.0,0.15,0.0,0.0,,0.0,0.0,62.0,36.2,14,75.0,2,6,32.0,4,1.75,17.0,12.0,5.0,0.36,0.07,0.0,6.0,8.0,0.0,27.0,10.0,24.0,,,0.0,,,,,,,,,,,,,,,
ESP-La Liga,2324,Real Sociedad,Martín Zubimendi,ESP,MF,24.0,1999.0,31.0,29.0,2654.0,29.5,4.0,1.0,5.0,4.0,0.0,0.0,5.0,0.0,0.14,0.03,0.17,0.14,0.17,29.5,4.0,22.0,11.0,50.0,0.75,0.37,0.18,0.36,0.0,0.0,86.0,77.6,29,89.0,27,2,39.0,0,1.52,41.0,32.0,9.0,0.31,-0.05,0.0,34.0,21.0,0.0,7.0,39.0,28.0,,,0.0,,,,,,,,,,,,,,,
ESP-La Liga,2324,Real Sociedad,Mikel Merino,ESP,MF,27.0,1996.0,32.0,27.0,2482.0,27.6,5.0,3.0,8.0,5.0,0.0,0.0,10.0,0.0,0.18,0.11,0.29,0.18,0.29,27.6,5.0,30.0,11.0,36.7,1.09,0.4,0.17,0.45,0.0,0.0,78.0,72.6,27,86.0,20,5,34.0,3,1.75,42.0,24.0,18.0,0.65,1.23,0.0,70.0,60.0,6.0,19.0,16.0,45.0,,,0.0,,,,,,,,,,,,,,,
ESP-La Liga,2324,Real Sociedad,Mikel Oyarzabal,ESP,"FW,MF",26.0,1997.0,33.0,23.0,2156.0,24.0,9.0,3.0,12.0,7.0,2.0,2.0,3.0,0.0,0.38,0.13,0.5,0.29,0.42,24.0,9.0,40.0,19.0,47.5,1.67,0.79,0.23,0.47,2.0,2.0,65.0,63.0,23,82.0,9,10,26.0,1,1.64,29.0,20.0,9.0,0.38,0.16,0.0,20.0,20.0,18.0,10.0,4.0,18.0,,,0.0,,,,,,,,,,,,,,,
ESP-La Liga,2324,Real Sociedad,Mohamed Ali Cho,FRA,FW,19.0,2004.0,11.0,1.0,249.0,2.8,0.0,0.0,0.0,0.0,0.0,0.0,0.0,0.0,0.0,0.0,0.0,0.0,0.0,2.8,0.0,3.0,0.0,0.0,1.08,0.0,0.0,,0.0,0.0,23.0,7.3,1,90.0,1,10,16.0,6,1.73,5.0,7.0,-2.0,-0.72,-1.12,0.0,5.0,6.0,3.0,11.0,1.0,3.0,,,0.0,,,,,,,,,,,,,,,
ESP-La Liga,2324,Real Sociedad,Olasagasti,ESP,MF,22.0,2000.0,14.0,2.0,360.0,4.0,0.0,0.0,0.0,0.0,0.0,0.0,3.0,0.0,0.0,0.0,0.0,0.0,0.0,4.0,0.0,9.0,0.0,0.0,2.25,0.0,0.0,,0.0,0.0,26.0,10.5,2,74.0,0,12,18.0,23,1.21,6.0,8.0,-2.0,-0.5,-0.91,0.0,7.0,7.0,1.0,1.0,3.0,12.0,,,0.0,,,,,,,,,,,,,,,
ESP-La Liga,2324,Real Sociedad,Robin Le Normand,ESP,DF,26.0,1996.0,29.0,28.0,2469.0,27.4,2.0,0.0,2.0,2.0,0.0,0.0,13.0,0.0,0.07,0.0,0.07,0.07,0.07,27.4,2.0,9.0,5.0,55.6,0.33,0.18,0.22,0.4,0.0,0.0,85.0,72.2,28,87.0,23,1,21.0,6,1.59,37.0,30.0,7.0,0.26,-0.22,0.0,33.0,23.0,1.0,1.0,27.0,22.0,,,1.0,,,,,,,,,,,,,,,
ESP-La Liga,2324,Real Sociedad,Sheraldo Becker,SUR,"FW,MF",28.0,1995.0,15.0,8.0,771.0,8.6,2.0,2.0,4.0,2.0,0.0,0.0,1.0,0.0,0.23,0.23,0.47,0.23,0.47,8.6,2.0,21.0,10.0,47.6,2.45,1.17,0.1,0.2,0.0,0.0,51.0,22.5,8,74.0,0,7,26.0,1,1.47,14.0,5.0,9.0,1.05,0.95,0.0,11.0,5.0,6.0,45.0,1.0,3.0,,,0.0,,,,,,,,,,,,,,,
ESP-La Liga,2324,Real Sociedad,Takefusa Kubo,JPN,"FW,MF",22.0,2001.0,30.0,24.0,2150.0,23.9,7.0,4.0,11.0,7.0,0.0,0.0,1.0,0.0,0.29,0.17,0.46,0.29,0.46,23.9,7.0,46.0,21.0,45.7,1.93,0.88,0.15,0.33,0.0,0.0,72.0,62.9,24,83.0,14,6,28.0,4,1.53,32.0,24.0,8.0,0.33,0.05,0.0,22.0,52.0,8.0,143.0,10.0,16.0,,,0.0,,,,,,,,,,,,,,,
ESP-La Liga,2324,Real Sociedad,Umar Sadiq,NGA,FW,26.0,1997.0,26.0,12.0,1077.0,12.0,3.0,1.0,4.0,3.0,0.0,0.0,4.0,0.0,0.25,0.08,0.33,0.25,0.33,12.0,3.0,33.0,10.0,30.3,2.76,0.84,0.09,0.3,0.0,0.0,41.0,31.5,12,69.0,2,14,18.0,10,1.58,16.0,15.0,1.0,0.08,-0.34,0.0,45.0,19.0,27.0,12.0,0.0,10.0,,,0.0,,,,,,,,,,,,,,,
ESP-La Liga,2324,Real Sociedad,Unai Marrero,ESP,GK,21.0,2001.0,2.0,1.0,142.0,1.6,0.0,0.0,0.0,0.0,0.0,0.0,0.0,0.0,0.0,0.0,0.0,0.0,0.0,1.6,0.0,0.0,0.0,,0.0,0.0,,,0.0,0.0,71.0,4.2,1,90.0,1,1,52.0,36,0.5,2.0,3.0,-1.0,-0.63,-0.99,0.0,0.0,0.0,0.0,0.0,0.0,0.0,,,0.0,3.0,1.9,6.0,3.0,50.0,0.0,0.0,1.0,0.0,0.0,1.0,1.0,0.0,0.0,0.0
ESP-La Liga,2324,Real Sociedad,Urko González,ESP,MF,22.0,2001.0,5.0,2.0,156.0,1.7,0.0,0.0,0.0,0.0,0.0,0.0,1.0,0.0,0.0,0.0,0.0,0.0,0.0,1.7,0.0,2.0,0.0,0.0,1.15,0.0,0.0,,0.0,0.0,31.0,4.6,2,51.0,0,3,18.0,32,1.4,3.0,3.0,0.0,0.0,-0.33,0.0,1.0,2.0,0.0,0.0,1.0,0.0,,,0.0,,,,,,,,,,,,,,,
ESP-La Liga,2324,Real Sociedad,Álex Remiro,ESP,GK,28.0,1995.0,37.0,37.0,3275.0,36.4,0.0,0.0,0.0,0.0,0.0,0.0,3.0,1.0,0.0,0.0,0.0,0.0,0.0,36.4,0.0,0.0,0.0,,0.0,0.0,,,0.0,0.0,89.0,95.8,37,89.0,36,0,,0,1.62,49.0,36.0,13.0,0.36,0.98,0.0,1.0,4.0,0.0,0.0,0.0,0.0,,,0.0,36.0,0.99,126.0,95.0,71.4,16.0,12.0,9.0,13.0,35.1,6.0,5.0,1.0,0.0,16.7
ESP-La Liga,2324,Real Sociedad,Álvaro Odriozola,ESP,DF,27.0,1995.0,9.0,6.0,393.0,4.4,0.0,0.0,0.0,0.0,0.0,0.0,0.0,0.0,0.0,0.0,0.0,0.0,0.0,4.4,0.0,0.0,0.0,,0.0,0.0,,,0.0,0.0,44.0,11.5,6,49.0,0,3,34.0,14,1.33,3.0,2.0,1.0,0.23,-0.1,0.0,7.0,4.0,1.0,10.0,9.0,6.0,,,0.0,,,,,,,,,,,,,,,
ESP-La Liga,2324,Sevilla,Adnan Januzaj,BEL,"FW,MF",28.0,1995.0,8.0,0.0,193.0,2.1,0.0,0.0,0.0,0.0,0.0,0.0,0.0,0.0,0.0,0.0,0.0,0.0,0.0,2.1,0.0,6.0,1.0,16.7,2.8,0.47,0.0,0.0,0.0,0.0,24.0,5.6,0,,0,8,24.0,11,0.75,1.0,3.0,-2.0,-0.93,-0.82,0.0,3.0,9.0,0.0,8.0,1.0,3.0,,,0.0,,,,,,,,,,,,,,,
ESP-La Liga,2324,Sevilla,Adrià Pedrosa,ESP,"DF,MF",25.0,1998.0,31.0,15.0,1753.0,19.5,1.0,4.0,5.0,1.0,0.0,0.0,1.0,0.0,0.05,0.21,0.26,0.05,0.26,19.5,1.0,16.0,4.0,25.0,0.82,0.21,0.06,0.25,0.0,0.0,57.0,51.3,15,87.0,9,16,28.0,4,1.03,25.0,31.0,-6.0,-0.31,-0.31,0.0,6.0,32.0,2.0,111.0,13.0,26.0,,,0.0,,,,,,,,,,,,,,,
ESP-La Liga,2324,Sevilla,Alejo Véliz,ARG,FW,19.0,2003.0,6.0,0.0,35.0,0.4,0.0,0.0,0.0,0.0,0.0,0.0,0.0,0.0,0.0,0.0,0.0,0.0,0.0,0.4,0.0,2.0,2.0,100.0,5.14,5.14,0.0,0.0,0.0,0.0,6.0,1.0,0,,0,6,6.0,6,1.17,0.0,2.0,-2.0,-5.14,-5.04,0.0,4.0,1.0,0.0,0.0,0.0,0.0,,,0.0,,,,,,,,,,,,,,,
ESP-La Liga,2324,Sevilla,Boubakary Soumaré,FRA,MF,24.0,1999.0,28.0,26.0,2286.0,25.4,0.0,1.0,1.0,0.0,0.0,0.0,10.0,0.0,0.0,0.04,0.04,0.0,0.04,25.4,0.0,1.0,0.0,0.0,0.04,0.0,0.0,,0.0,0.0,82.0,66.8,26,87.0,22,2,16.0,3,1.36,31.0,32.0,-1.0,-0.04,0.36,0.0,33.0,29.0,0.0,3.0,25.0,31.0,,,0.0,,,,,,,,,,,,,,,
ESP-La Liga,2324,Sevilla,Diego Iturralde,ESP,DF,20.0,2003.0,1.0,0.0,37.0,0.4,0.0,0.0,0.0,0.0,0.0,0.0,0.0,0.0,0.0,0.0,0.0,0.0,0.0,0.4,0.0,0.0,0.0,,0.0,0.0,,,0.0,0.0,37.0,1.1,0,,0,1,37.0,3,3.0,0.0,0.0,0.0,0.0,0.16,0.0,1.0,0.0,0.0,0.0,0.0,0.0,,,0.0,,,,,,,,,,,,,,,
ESP-La Liga,2324,Sevilla,Djibril Sow,SUI,MF,26.0,1997.0,24.0,18.0,1460.0,16.2,1.0,1.0,2.0,1.0,0.0,0.0,6.0,0.0,0.06,0.06,0.12,0.06,0.12,16.2,1.0,18.0,5.0,27.8,1.11,0.31,0.06,0.2,0.0,0.0,61.0,42.7,18,74.0,4,6,20.0,3,1.0,17.0,21.0,-4.0,-0.25,-0.15,0.0,27.0,19.0,2.0,6.0,18.0,21.0,,,0.0,,,,,,,,,,,,,,,
ESP-La Liga,2324,Sevilla,Dodi Lukebakio,BEL,"MF,FW",25.0,1997.0,23.0,12.0,1125.0,12.5,5.0,1.0,6.0,5.0,0.0,0.0,0.0,0.0,0.4,0.08,0.48,0.4,0.48,12.5,5.0,42.0,17.0,40.5,3.36,1.36,0.12,0.29,0.0,0.0,49.0,32.9,12,70.0,3,11,26.0,1,1.17,18.0,20.0,-2.0,-0.16,0.0,0.0,24.0,22.0,4.0,36.0,2.0,3.0,,,0.0,,,,,,,,,,,,,,,
ESP-La Liga,2324,Sevilla,Federico Gattoni,ARG,DF,24.0,1999.0,2.0,0.0,10.0,0.1,0.0,0.0,0.0,0.0,0.0,0.0,0.0,0.0,0.0,0.0,0.0,0.0,0.0,0.1,0.0,0.0,0.0,,0.0,0.0,,,0.0,0.0,5.0,0.3,0,,0,2,5.0,15,0.0,0.0,1.0,-1.0,-9.0,-8.87,0.0,2.0,0.0,0.0,0.0,0.0,0.0,,,0.0,,,,,,,,,,,,,,,
ESP-La Liga,2324,Sevilla,Fernando,BRA,MF,36.0,1987.0,8.0,5.0,459.0,5.1,0.0,0.0,0.0,0.0,0.0,0.0,0.0,0.0,0.0,0.0,0.0,0.0,0.0,5.1,0.0,1.0,0.0,0.0,0.2,0.0,0.0,,0.0,0.0,57.0,13.4,5,74.0,1,3,29.0,3,1.0,9.0,10.0,-1.0,-0.2,-0.04,0.0,6.0,3.0,0.0,4.0,8.0,8.0,,,0.0,,,,,,,,,,,,,,,
ESP-La Liga,2324,Sevilla,Hannibal Mejbri,TUN,MF,20.0,2003.0,6.0,1.0,104.0,1.2,0.0,0.0,0.0,0.0,0.0,0.0,2.0,0.0,0.0,0.0,0.0,0.0,0.0,1.2,0.0,1.0,0.0,0.0,0.87,0.0,0.0,,0.0,0.0,17.0,3.0,1,52.0,0,5,10.0,11,1.67,2.0,2.0,0.0,0.0,0.16,0.0,4.0,4.0,0.0,2.0,0.0,3.0,,,0.0,,,,,,,,,,,,,,,
ESP-La Liga,2324,Sevilla,Isaac Romero,ESP,FW,23.0,2000.0,14.0,14.0,1039.0,11.5,4.0,4.0,8.0,4.0,0.0,0.0,2.0,0.0,0.35,0.35,0.69,0.35,0.69,11.5,4.0,42.0,17.0,40.5,3.64,1.47,0.1,0.24,0.0,0.0,74.0,30.4,14,74.0,3,0,,0,1.57,15.0,13.0,2.0,0.17,0.48,0.0,28.0,17.0,6.0,11.0,0.0,3.0,,,0.0,,,,,,,,,,,,,,,
ESP-La Liga,2324,Sevilla,Ivan Rakitić,CRO,MF,35.0,1988.0,18.0,16.0,1425.0,15.8,2.0,1.0,3.0,2.0,0.0,0.0,6.0,0.0,0.13,0.06,0.19,0.13,0.19,15.8,2.0,32.0,8.0,25.0,2.02,0.51,0.06,0.25,0.0,0.0,79.0,41.7,16,83.0,13,2,52.0,2,0.56,14.0,23.0,-9.0,-0.57,-0.7,0.0,16.0,19.0,1.0,130.0,13.0,16.0,,,0.0,,,,,,,,,,,,,,,
ESP-La Liga,2324,Sevilla,Jesús Corona,MEX,"DF,FW",30.0,1993.0,2.0,0.0,17.0,0.2,0.0,0.0,0.0,0.0,0.0,0.0,0.0,0.0,0.0,0.0,0.0,0.0,0.0,0.2,0.0,0.0,0.0,,0.0,0.0,,,0.0,0.0,9.0,0.5,0,,0,2,9.0,1,0.0,1.0,0.0,1.0,5.29,5.48,0.0,1.0,0.0,0.0,2.0,1.0,0.0,,,0.0,,,,,,,,,,,,,,,
ESP-La Liga,2324,Sevilla,Jesús Navas,ESP,"DF,MF",37.0,1985.0,29.0,25.0,2003.0,22.3,0.0,2.0,2.0,0.0,0.0,0.0,6.0,1.0,0.0,0.09,0.09,0.0,0.09,22.3,0.0,7.0,2.0,28.6,0.31,0.09,0.0,0.0,0.0,0.0,69.0,58.6,25,78.0,9,4,16.0,1,1.14,31.0,32.0,-1.0,-0.04,0.27,0.0,12.0,11.0,1.0,142.0,23.0,26.0,,,0.0,,,,,,,,,,,,,,,
ESP-La Liga,2324,Sevilla,Joan Jordán,ESP,MF,29.0,1994.0,8.0,4.0,380.0,4.2,0.0,0.0,0.0,0.0,0.0,0.0,1.0,0.0,0.0,0.0,0.0,0.0,0.0,4.2,0.0,6.0,1.0,16.7,1.42,0.24,0.0,0.0,0.0,0.0,48.0,11.1,4,86.0,3,4,9.0,22,0.89,5.0,15.0,-10.0,-2.37,-2.49,0.0,1.0,3.0,0.0,3.0,4.0,6.0,,,0.0,,,,,,,,,,,,,,,
ESP-La Liga,2324,Sevilla,Juanlu Sánchez,ESP,"DF,MF",19.0,2003.0,26.0,11.0,1181.0,13.1,0.0,2.0,2.0,0.0,0.0,0.0,2.0,0.0,0.0,0.15,0.15,0.0,0.15,13.1,0.0,11.0,2.0,18.2,0.84,0.15,0.0,0.0,0.0,0.0,45.0,34.5,11,84.0,7,15,17.0,11,1.12,12.0,20.0,-8.0,-0.61,-0.69,0.0,11.0,23.0,1.0,61.0,10.0,36.0,,,0.0,,,,,,,,,,,,,,,
ESP-La Liga,2324,Sevilla,Kike Salas,ESP,DF,21.0,2002.0,23.0,19.0,1605.0,17.8,3.0,0.0,3.0,3.0,0.0,0.0,10.0,0.0,0.17,0.0,0.17,0.17,0.17,17.8,3.0,16.0,5.0,31.3,0.9,0.28,0.19,0.6,0.0,0.0,70.0,46.9,19,81.0,13,4,17.0,6,0.96,24.0,28.0,-4.0,-0.22,-0.13,0.0,32.0,10.0,1.0,8.0,28.0,24.0,,,0.0,,,,,,,,,,,,,,,
ESP-La Liga,2324,Sevilla,Loïc Bade,FRA,DF,23.0,2000.0,28.0,27.0,2277.0,25.3,0.0,1.0,1.0,0.0,0.0,0.0,5.0,1.0,0.0,0.04,0.04,0.0,0.04,25.3,0.0,14.0,3.0,21.4,0.55,0.12,0.0,0.0,0.0,0.0,81.0,66.6,27,84.0,19,1,14.0,2,1.29,32.0,29.0,3.0,0.12,0.83,0.0,24.0,10.0,1.0,2.0,38.0,42.0,,,0.0,,,,,,,,,,,,,,,
ESP-La Liga,2324,Sevilla,Lucas Ocampos,ARG,"MF,FW",29.0,1994.0,35.0,34.0,2871.0,31.9,4.0,3.0,7.0,3.0,1.0,1.0,8.0,0.0,0.13,0.09,0.22,0.09,0.19,31.9,4.0,64.0,24.0,37.5,2.01,0.75,0.06,0.17,1.0,1.0,82.0,83.9,34,83.0,18,1,45.0,1,0.97,37.0,42.0,-5.0,-0.16,0.01,0.0,32.0,71.0,8.0,122.0,20.0,47.0,,,0.0,,,,,,,,,,,,,,,
ESP-La Liga,2324,Sevilla,Lucien Agoume,FRA,MF,21.0,2002.0,12.0,9.0,777.0,8.6,0.0,0.0,0.0,0.0,0.0,0.0,3.0,0.0,0.0,0.0,0.0,0.0,0.0,8.6,0.0,6.0,2.0,33.3,0.69,0.23,0.0,0.0,0.0,0.0,65.0,22.7,9,79.0,5,3,22.0,1,1.42,11.0,12.0,-1.0,-0.12,0.05,0.0,19.0,2.0,0.0,3.0,7.0,16.0,,,0.0,,,,,,,,,,,,,,,
ESP-La Liga,2324,Sevilla,Manu Bueno,ESP,MF,19.0,2004.0,4.0,1.0,117.0,1.3,0.0,0.0,0.0,0.0,0.0,0.0,1.0,0.0,0.0,0.0,0.0,0.0,0.0,1.3,0.0,1.0,0.0,0.0,0.77,0.0,0.0,,0.0,0.0,29.0,3.4,1,84.0,0,3,11.0,10,1.5,0.0,2.0,-2.0,-1.54,-1.43,0.0,1.0,2.0,0.0,0.0,0.0,2.0,,,0.0,,,,,,,,,,,,,,,
ESP-La Liga,2324,Sevilla,Marcos Acuña,ARG,"DF,MF",31.0,1991.0,21.0,18.0,1292.0,14.4,1.0,2.0,3.0,1.0,0.0,0.0,7.0,0.0,0.07,0.14,0.21,0.07,0.21,14.4,1.0,9.0,4.0,44.4,0.63,0.28,0.11,0.25,0.0,0.0,62.0,37.8,18,69.0,5,3,19.0,2,1.14,20.0,21.0,-1.0,-0.07,0.14,0.0,18.0,17.0,1.0,84.0,3.0,20.0,,,0.0,,,,,,,,,,,,,,,
ESP-La Liga,2324,Sevilla,Marcão,BRA,DF,27.0,1996.0,7.0,3.0,355.0,3.9,0.0,0.0,0.0,0.0,0.0,0.0,2.0,0.0,0.0,0.0,0.0,0.0,0.0,3.9,0.0,0.0,0.0,,0.0,0.0,,,0.0,0.0,51.0,10.4,3,83.0,2,4,26.0,13,1.0,5.0,8.0,-3.0,-0.76,-0.67,0.0,5.0,6.0,0.0,0.0,3.0,6.0,,,0.0,,,,,,,,,,,,,,,
ESP-La Liga,2324,Sevilla,Mariano,DOM,FW,29.0,1993.0,9.0,2.0,244.0,2.7,0.0,0.0,0.0,0.0,0.0,0.0,1.0,0.0,0.0,0.0,0.0,0.0,0.0,2.7,0.0,14.0,2.0,14.3,5.16,0.74,0.0,0.0,0.0,0.0,27.0,7.1,2,75.0,0,7,14.0,5,0.33,4.0,7.0,-3.0,-1.11,-1.02,0.0,8.0,1.0,3.0,1.0,0.0,1.0,,,0.0,,,,,,,,,,,,,,,
ESP-La Liga,2324,Sevilla,Marko Dmitrović,SRB,GK,31.0,1992.0,13.0,13.0,1170.0,13.0,0.0,0.0,0.0,0.0,0.0,0.0,1.0,0.0,0.0,0.0,0.0,0.0,0.0,13.0,0.0,0.0,0.0,,0.0,0.0,,,0.0,0.0,90.0,34.2,13,90.0,13,0,,23,0.62,14.0,25.0,-11.0,-0.85,-1.05,0.0,0.0,1.0,0.0,0.0,1.0,1.0,,,1.0,25.0,1.92,69.0,44.0,63.8,2.0,2.0,9.0,2.0,15.4,2.0,2.0,0.0,0.0,0.0
ESP-La Liga,2324,Sevilla,Nemanja Gudelj,SRB,"DF,MF",31.0,1991.0,22.0,20.0,1742.0,19.4,1.0,1.0,2.0,1.0,0.0,0.0,7.0,0.0,0.05,0.05,0.1,0.05,0.1,19.4,1.0,19.0,3.0,15.8,0.98,0.15,0.05,0.33,0.0,0.0,79.0,50.9,20,86.0,16,2,16.0,2,1.05,29.0,24.0,5.0,0.26,0.85,0.0,30.0,11.0,0.0,3.0,29.0,22.0,,,0.0,,,,,,,,,,,,,,,
ESP-La Liga,2324,Sevilla,Rafa Mir,ESP,FW,26.0,1997.0,15.0,3.0,391.0,4.3,2.0,0.0,2.0,2.0,0.0,0.0,1.0,0.0,0.46,0.0,0.46,0.46,0.46,4.3,2.0,15.0,7.0,46.7,3.45,1.61,0.13,0.29,0.0,0.0,26.0,11.4,3,73.0,1,12,14.0,8,0.93,5.0,4.0,1.0,0.23,0.44,0.0,9.0,5.0,3.0,2.0,0.0,2.0,,,0.0,,,,,,,,,,,,,,,
ESP-La Liga,2324,Sevilla,Sergio Ramos,ESP,DF,37.0,1986.0,28.0,28.0,2517.0,28.0,3.0,0.0,3.0,3.0,0.0,0.0,7.0,1.0,0.11,0.0,0.11,0.11,0.11,28.0,3.0,28.0,11.0,39.3,1.0,0.39,0.11,0.27,0.0,0.0,90.0,73.6,28,90.0,27,0,,3,1.07,31.0,39.0,-8.0,-0.29,-0.49,0.0,27.0,22.0,9.0,2.0,39.0,30.0,,,1.0,,,,,,,,,,,,,,,
ESP-La Liga,2324,Sevilla,Suso,ESP,MF,29.0,1993.0,29.0,15.0,1517.0,16.9,1.0,4.0,5.0,1.0,0.0,0.0,5.0,1.0,0.06,0.24,0.3,0.06,0.3,16.9,1.0,26.0,6.0,23.1,1.54,0.36,0.04,0.17,0.0,0.0,52.0,44.4,15,77.0,6,14,26.0,1,1.03,30.0,35.0,-5.0,-0.3,-0.25,0.0,22.0,36.0,3.0,133.0,5.0,17.0,,,0.0,,,,,,,,,,,,,,,
ESP-La Liga,2324,Sevilla,Tanguy Nianzou,FRA,DF,21.0,2002.0,8.0,3.0,318.0,3.5,0.0,0.0,0.0,0.0,0.0,0.0,3.0,0.0,0.0,0.0,0.0,0.0,0.0,3.5,0.0,1.0,0.0,0.0,0.28,0.0,0.0,,0.0,0.0,40.0,9.3,3,84.0,2,5,13.0,15,0.88,4.0,10.0,-6.0,-1.7,-1.7,0.0,6.0,4.0,0.0,0.0,3.0,8.0,,,0.0,,,,,,,,,,,,,,,
ESP-La Liga,2324,Sevilla,Yassine Bounou,MAR,GK,32.0,1991.0,1.0,1.0,90.0,1.0,0.0,0.0,0.0,0.0,0.0,0.0,0.0,0.0,0.0,0.0,0.0,0.0,0.0,1.0,0.0,0.0,0.0,,0.0,0.0,,,0.0,0.0,90.0,2.6,1,90.0,1,0,,0,0.0,1.0,2.0,-1.0,-1.0,-0.86,0.0,0.0,0.0,0.0,0.0,0.0,0.0,,,0.0,2.0,2.0,3.0,1.0,33.3,0.0,0.0,1.0,0.0,0.0,0.0,0.0,0.0,0.0,
ESP-La Liga,2324,Sevilla,Youssef En-Nesyri,MAR,FW,26.0,1997.0,33.0,28.0,2570.0,28.6,16.0,2.0,18.0,15.0,1.0,1.0,4.0,0.0,0.56,0.07,0.63,0.53,0.6,28.6,16.0,73.0,30.0,41.1,2.56,1.05,0.22,0.53,1.0,1.0,78.0,75.1,28,87.0,17,5,29.0,0,1.21,40.0,33.0,7.0,0.25,1.62,0.0,21.0,21.0,22.0,5.0,8.0,7.0,,,0.0,,,,,,,,,,,,,,,
ESP-La Liga,2324,Sevilla,Érik Lamela,ARG,MF,31.0,1992.0,13.0,5.0,463.0,5.1,2.0,0.0,2.0,2.0,0.0,0.0,3.0,0.0,0.39,0.0,0.39,0.39,0.39,5.1,2.0,9.0,4.0,44.4,1.75,0.78,0.22,0.5,0.0,0.0,36.0,13.5,5,76.0,2,8,10.0,7,1.31,10.0,7.0,3.0,0.58,0.86,0.0,18.0,6.0,3.0,12.0,1.0,13.0,,,0.0,,,,,,,,,,,,,,,
ESP-La Liga,2324,Sevilla,Óliver Torres,ESP,MF,28.0,1994.0,27.0,18.0,1616.0,18.0,0.0,1.0,1.0,0.0,0.0,0.0,3.0,0.0,0.0,0.06,0.06,0.0,0.06,18.0,0.0,9.0,3.0,33.3,0.5,0.17,0.0,0.0,0.0,0.0,60.0,47.3,18,76.0,3,9,27.0,3,1.22,20.0,16.0,4.0,0.22,0.72,0.0,26.0,23.0,6.0,43.0,7.0,22.0,,,0.0,,,,,,,,,,,,,,,
ESP-La Liga,2324,Sevilla,Ørjan Nyland,NOR,GK,32.0,1990.0,24.0,24.0,2160.0,24.0,0.0,0.0,0.0,0.0,0.0,0.0,1.0,0.0,0.0,0.0,0.0,0.0,0.0,24.0,0.0,0.0,0.0,,0.0,0.0,,,0.0,0.0,90.0,63.2,24,90.0,24,0,,4,1.38,33.0,27.0,6.0,0.25,1.11,0.0,0.0,2.0,0.0,0.0,0.0,0.0,,,0.0,27.0,1.13,106.0,79.0,74.5,8.0,9.0,7.0,5.0,20.8,3.0,3.0,0.0,0.0,0.0
ESP-La Liga,2324,Valencia,Alberto Marí,ESP,FW,22.0,2001.0,16.0,2.0,276.0,3.1,1.0,1.0,2.0,0.0,1.0,1.0,0.0,0.0,0.33,0.33,0.65,0.0,0.33,3.1,1.0,7.0,3.0,42.9,2.28,0.98,0.14,0.33,1.0,1.0,17.0,8.1,2,68.0,0,14,10.0,6,1.25,4.0,8.0,-4.0,-1.3,-1.28,0.0,9.0,6.0,2.0,2.0,0.0,2.0,,,0.0,,,,,,,,,,,,,,,
ESP-La Liga,2324,Valencia,André Almeida,POR,"FW,MF",23.0,2000.0,18.0,12.0,965.0,10.7,2.0,1.0,3.0,2.0,0.0,0.0,0.0,0.0,0.19,0.09,0.28,0.19,0.28,10.7,2.0,10.0,4.0,40.0,0.93,0.37,0.2,0.5,0.0,0.0,54.0,28.2,12,67.0,2,6,26.0,3,1.0,15.0,11.0,4.0,0.37,0.7,0.0,12.0,20.0,1.0,16.0,3.0,14.0,,,0.0,,,,,,,,,,,,,,,
ESP-La Liga,2324,Valencia,Cenk Özkacar,TUR,DF,22.0,2000.0,23.0,18.0,1598.0,17.8,0.0,0.0,0.0,0.0,0.0,0.0,3.0,0.0,0.0,0.0,0.0,0.0,0.0,17.8,0.0,6.0,3.0,50.0,0.34,0.17,0.0,0.0,0.0,0.0,69.0,46.7,18,85.0,15,5,14.0,13,1.09,11.0,21.0,-10.0,-0.56,-0.81,0.0,13.0,8.0,1.0,6.0,18.0,14.0,,,1.0,,,,,,,,,,,,,,,
ESP-La Liga,2324,Valencia,Cristhian Mosquera,ESP,DF,19.0,2004.0,36.0,33.0,3075.0,34.2,0.0,0.0,0.0,0.0,0.0,0.0,2.0,0.0,0.0,0.0,0.0,0.0,0.0,34.2,0.0,9.0,2.0,22.2,0.26,0.06,0.0,0.0,0.0,0.0,85.0,89.9,33,90.0,32,3,35.0,1,1.19,37.0,41.0,-4.0,-0.12,0.14,0.0,25.0,27.0,0.0,1.0,33.0,34.0,,,0.0,,,,,,,,,,,,,,,
ESP-La Liga,2324,Valencia,Cristian,ESP,GK,25.0,1998.0,1.0,0.0,57.0,0.6,0.0,0.0,0.0,0.0,0.0,0.0,0.0,0.0,0.0,0.0,0.0,0.0,0.0,0.6,0.0,0.0,0.0,,0.0,0.0,,,0.0,0.0,57.0,1.7,0,,0,1,57.0,37,0.0,0.0,1.0,-1.0,-1.58,-1.47,0.0,0.0,0.0,0.0,0.0,0.0,0.0,,,0.0,1.0,1.58,3.0,2.0,66.7,0.0,0.0,0.0,0.0,,0.0,0.0,0.0,0.0,
ESP-La Liga,2324,Valencia,César Tárrega,ESP,DF,21.0,2002.0,1.0,0.0,8.0,0.1,0.0,0.0,0.0,0.0,0.0,0.0,0.0,0.0,0.0,0.0,0.0,0.0,0.0,0.1,0.0,0.0,0.0,,0.0,0.0,,,0.0,0.0,8.0,0.2,0,,0,1,8.0,10,3.0,0.0,0.0,0.0,0.0,0.13,0.0,0.0,0.0,0.0,0.0,0.0,0.0,,,0.0,,,,,,,,,,,,,,,
ESP-La Liga,2324,Valencia,Diego López,ESP,"MF,FW",21.0,2002.0,36.0,30.0,2656.0,29.5,3.0,6.0,9.0,3.0,0.0,0.0,2.0,0.0,0.1,0.2,0.3,0.1,0.3,29.5,3.0,41.0,15.0,36.6,1.39,0.51,0.07,0.2,0.0,0.0,74.0,77.7,30,81.0,8,6,40.0,0,1.33,28.0,34.0,-6.0,-0.2,-0.32,0.0,26.0,31.0,8.0,66.0,21.0,26.0,,,0.0,,,,,,,,,,,,,,,
ESP-La Liga,2324,Valencia,Dimitri Foulquier,FRA,"DF,MF",30.0,1993.0,33.0,19.0,1842.0,20.5,0.0,0.0,0.0,0.0,0.0,0.0,3.0,0.0,0.0,0.0,0.0,0.0,0.0,20.5,0.0,7.0,1.0,14.3,0.34,0.05,0.0,0.0,0.0,0.0,56.0,53.9,19,83.0,14,14,19.0,0,1.36,20.0,22.0,-2.0,-0.1,0.07,0.0,24.0,28.0,2.0,43.0,14.0,21.0,,,0.0,,,,,,,,,,,,,,,
ESP-La Liga,2324,Valencia,Francisco Perez,ESP,MF,20.0,2002.0,32.0,27.0,2049.0,22.8,1.0,4.0,5.0,1.0,0.0,0.0,4.0,0.0,0.04,0.18,0.22,0.04,0.22,22.8,1.0,20.0,2.0,10.0,0.88,0.09,0.05,0.5,0.0,0.0,64.0,59.9,27,70.0,2,5,30.0,0,1.47,24.0,16.0,8.0,0.35,1.2,0.0,31.0,23.0,8.0,52.0,15.0,17.0,,,0.0,,,,,,,,,,,,,,,
ESP-La Liga,2324,Valencia,Gabriel Paulista,BRA,DF,32.0,1990.0,18.0,16.0,1398.0,15.5,0.0,0.0,0.0,0.0,0.0,0.0,6.0,1.0,0.0,0.0,0.0,0.0,0.0,15.5,0.0,7.0,0.0,0.0,0.45,0.0,0.0,,0.0,0.0,78.0,40.9,16,85.0,12,2,19.0,0,1.5,17.0,19.0,-2.0,-0.13,0.0,1.0,11.0,4.0,0.0,0.0,23.0,6.0,,,0.0,,,,,,,,,,,,,,,
ESP-La Liga,2324,Valencia,Giorgi Mamardashvili,GEO,GK,22.0,2000.0,37.0,37.0,3284.0,36.5,0.0,0.0,0.0,0.0,0.0,0.0,3.0,1.0,0.0,0.0,0.0,0.0,0.0,36.5,0.0,0.0,0.0,,0.0,0.0,,,0.0,0.0,89.0,96.0,37,89.0,36,0,,0,1.32,40.0,41.0,-1.0,-0.03,2.62,0.0,3.0,4.0,0.0,0.0,1.0,3.0,,,0.0,41.0,1.12,140.0,104.0,70.7,13.0,10.0,14.0,9.0,24.3,6.0,3.0,3.0,0.0,50.0
ESP-La Liga,2324,Valencia,Hugo Duro,ESP,FW,23.0,1999.0,37.0,35.0,2976.0,33.1,13.0,2.0,15.0,13.0,0.0,0.0,4.0,0.0,0.39,0.06,0.45,0.39,0.45,33.1,13.0,66.0,29.0,43.9,2.0,0.88,0.2,0.45,0.0,0.0,80.0,87.0,35,83.0,13,2,30.0,0,1.32,35.0,33.0,2.0,0.06,1.48,0.0,41.0,95.0,17.0,7.0,6.0,8.0,,,0.0,,,,,,,,,,,,,,,
ESP-La Liga,2324,Valencia,Hugo González,ESP,FW,20.0,2003.0,9.0,0.0,87.0,1.0,0.0,1.0,1.0,0.0,0.0,0.0,0.0,0.0,0.0,1.03,1.03,0.0,1.03,1.0,0.0,1.0,0.0,0.0,1.03,0.0,0.0,,0.0,0.0,10.0,2.5,0,,0,9,10.0,16,1.22,1.0,1.0,0.0,0.0,0.14,0.0,3.0,2.0,2.0,9.0,0.0,1.0,,,0.0,,,,,,,,,,,,,,,
ESP-La Liga,2324,Valencia,Hugo Guillamón,ESP,MF,23.0,2000.0,26.0,12.0,1315.0,14.6,1.0,0.0,1.0,1.0,0.0,0.0,7.0,0.0,0.07,0.0,0.07,0.07,0.07,14.6,1.0,3.0,2.0,66.7,0.21,0.14,0.33,0.5,0.0,0.0,51.0,38.5,12,86.0,8,14,20.0,11,1.5,15.0,19.0,-4.0,-0.27,-0.23,0.0,36.0,25.0,0.0,7.0,11.0,15.0,,,0.0,,,,,,,,,,,,,,,
ESP-La Liga,2324,Valencia,Jaume Doménech,ESP,GK,32.0,1990.0,2.0,1.0,79.0,0.9,0.0,0.0,0.0,0.0,0.0,0.0,0.0,0.0,0.0,0.0,0.0,0.0,0.0,0.9,0.0,0.0,0.0,,0.0,0.0,,,0.0,0.0,40.0,2.3,1,33.0,0,1,46.0,32,0.0,0.0,3.0,-3.0,-3.42,-3.36,0.0,0.0,1.0,0.0,0.0,0.0,0.0,,,0.0,3.0,3.42,12.0,9.0,75.0,0.0,0.0,1.0,0.0,0.0,0.0,0.0,0.0,0.0,
ESP-La Liga,2324,Valencia,Javier Guerra,ESP,MF,20.0,2003.0,36.0,28.0,2498.0,27.8,4.0,1.0,5.0,4.0,0.0,0.0,3.0,1.0,0.14,0.04,0.18,0.14,0.18,27.8,4.0,42.0,14.0,33.3,1.51,0.5,0.1,0.29,0.0,0.0,69.0,73.0,28,83.0,16,8,22.0,0,1.25,28.0,34.0,-6.0,-0.22,-0.31,0.0,40.0,30.0,2.0,24.0,18.0,29.0,,,0.0,,,,,,,,,,,,,,,
ESP-La Liga,2324,Valencia,Jesus Vazquez,ESP,DF,20.0,2003.0,20.0,6.0,716.0,8.0,1.0,0.0,1.0,1.0,0.0,0.0,1.0,0.0,0.13,0.0,0.13,0.13,0.13,8.0,1.0,7.0,2.0,28.6,0.88,0.25,0.14,0.5,0.0,0.0,36.0,20.9,6,81.0,3,14,17.0,7,1.5,11.0,10.0,1.0,0.13,0.33,0.0,8.0,7.0,1.0,18.0,3.0,10.0,,,0.0,,,,,,,,,,,,,,,
ESP-La Liga,2324,Valencia,José Luis García Vayá,ESP,MF,24.0,1998.0,37.0,37.0,3302.0,36.7,7.0,1.0,8.0,0.0,7.0,8.0,4.0,0.0,0.19,0.03,0.22,0.0,0.03,36.7,7.0,35.0,12.0,34.3,0.95,0.33,0.2,0.58,7.0,8.0,89.0,96.5,37,89.0,34,0,,0,1.32,39.0,43.0,-4.0,-0.11,0.65,0.0,51.0,40.0,1.0,145.0,45.0,55.0,,,0.0,,,,,,,,,,,,,,,
ESP-La Liga,2324,Valencia,José Luis Gayà,ESP,DF,28.0,1995.0,24.0,22.0,1791.0,19.9,1.0,2.0,3.0,1.0,0.0,0.0,2.0,0.0,0.05,0.1,0.15,0.05,0.15,19.9,1.0,10.0,1.0,10.0,0.5,0.05,0.1,1.0,0.0,0.0,75.0,52.4,22,80.0,14,2,21.0,1,1.46,24.0,23.0,1.0,0.05,0.38,0.0,24.0,12.0,1.0,82.0,11.0,39.0,,,0.0,,,,,,,,,,,,,,,
ESP-La Liga,2324,Valencia,Mario Dominguez,ESP,MF,19.0,2004.0,3.0,0.0,25.0,0.3,0.0,0.0,0.0,0.0,0.0,0.0,0.0,0.0,0.0,0.0,0.0,0.0,0.0,0.3,0.0,3.0,1.0,33.3,10.8,3.6,0.0,0.0,0.0,0.0,8.0,0.7,0,,0,3,8.0,4,0.33,0.0,1.0,-1.0,-3.6,-3.49,0.0,0.0,0.0,0.0,1.0,0.0,0.0,,,0.0,,,,,,,,,,,,,,,
ESP-La Liga,2324,Valencia,Mouctar Diakhaby,GUI,"DF,MF",26.0,1996.0,14.0,12.0,1073.0,11.9,1.0,0.0,1.0,1.0,0.0,0.0,6.0,0.0,0.08,0.0,0.08,0.08,0.08,11.9,1.0,7.0,3.0,42.9,0.59,0.25,0.14,0.33,0.0,0.0,77.0,31.4,12,84.0,9,2,31.0,2,1.14,11.0,15.0,-4.0,-0.34,-0.3,0.0,9.0,2.0,0.0,0.0,11.0,13.0,,,0.0,,,,,,,,,,,,,,,
ESP-La Liga,2324,Valencia,Pablo Gozalbez,ESP,MF,22.0,2001.0,5.0,1.0,103.0,1.1,0.0,0.0,0.0,0.0,0.0,0.0,0.0,0.0,0.0,0.0,0.0,0.0,0.0,1.1,0.0,1.0,0.0,0.0,0.87,0.0,0.0,,0.0,0.0,21.0,3.0,1,45.0,0,4,15.0,26,2.0,2.0,2.0,0.0,0.0,0.14,0.0,7.0,2.0,1.0,1.0,1.0,0.0,,,0.0,,,,,,,,,,,,,,,
ESP-La Liga,2324,Valencia,Peter González,DOM,MF,21.0,2002.0,15.0,5.0,649.0,7.2,0.0,0.0,0.0,0.0,0.0,0.0,1.0,0.0,0.0,0.0,0.0,0.0,0.0,7.2,0.0,17.0,6.0,35.3,2.36,0.83,0.0,0.0,0.0,0.0,43.0,19.0,5,75.0,0,10,28.0,1,0.93,5.0,11.0,-6.0,-0.83,-0.86,0.0,11.0,11.0,1.0,18.0,9.0,4.0,,,0.0,,,,,,,,,,,,,,,
ESP-La Liga,2324,Valencia,Roman Yaremchuk,UKR,FW,27.0,1995.0,25.0,11.0,928.0,10.3,3.0,0.0,3.0,3.0,0.0,0.0,2.0,0.0,0.29,0.0,0.29,0.29,0.29,10.3,3.0,18.0,9.0,50.0,1.75,0.87,0.17,0.33,0.0,0.0,37.0,27.1,11,60.0,0,14,20.0,4,1.16,12.0,12.0,0.0,0.0,0.18,0.0,7.0,13.0,15.0,3.0,1.0,2.0,,,0.0,,,,,,,,,,,,,,,
ESP-La Liga,2324,Valencia,Ruben Lendinez,ESP,DF,20.0,2003.0,1.0,0.0,11.0,0.1,0.0,0.0,0.0,0.0,0.0,0.0,0.0,0.0,0.0,0.0,0.0,0.0,0.0,0.1,0.0,0.0,0.0,,0.0,0.0,,,0.0,0.0,11.0,0.3,0,,0,1,11.0,17,1.0,0.0,0.0,0.0,0.0,0.13,0.0,0.0,0.0,0.0,0.0,0.0,1.0,,,0.0,,,,,,,,,,,,,,,
ESP-La Liga,2324,Valencia,Selim Amallah,MAR,"MF,FW",26.0,1996.0,20.0,7.0,604.0,6.7,0.0,1.0,1.0,0.0,0.0,0.0,5.0,1.0,0.0,0.15,0.15,0.0,0.15,6.7,0.0,11.0,5.0,45.5,1.64,0.75,0.0,0.0,0.0,0.0,30.0,17.7,7,62.0,1,13,13.0,7,1.45,4.0,6.0,-2.0,-0.3,-0.2,1.0,21.0,24.0,1.0,3.0,10.0,12.0,,,0.0,,,,,,,,,,,,,,,
ESP-La Liga,2324,Valencia,Sergi Canós,ESP,MF,26.0,1997.0,27.0,15.0,1229.0,13.7,1.0,2.0,3.0,1.0,0.0,0.0,1.0,0.0,0.07,0.15,0.22,0.07,0.22,13.7,1.0,43.0,17.0,39.5,3.15,1.24,0.02,0.06,0.0,0.0,46.0,35.9,15,61.0,1,12,26.0,1,1.15,21.0,20.0,1.0,0.07,0.32,0.0,17.0,16.0,2.0,36.0,11.0,13.0,,,0.0,,,,,,,,,,,,,,,
ESP-La Liga,2324,Valencia,Thierry Correia,POR,DF,24.0,1999.0,31.0,25.0,2154.0,23.9,0.0,2.0,2.0,0.0,0.0,0.0,4.0,1.0,0.0,0.08,0.08,0.0,0.08,23.9,0.0,5.0,2.0,40.0,0.21,0.08,0.0,0.0,0.0,0.0,69.0,63.0,25,80.0,12,6,26.0,1,1.32,27.0,30.0,-3.0,-0.13,0.02,0.0,41.0,41.0,2.0,47.0,31.0,36.0,,,0.0,,,,,,,,,,,,,,,
ESP-La Liga,2324,Valencia,Yarek Gasiorowski,ESP,DF,18.0,2005.0,14.0,7.0,735.0,8.2,0.0,0.0,0.0,0.0,0.0,0.0,1.0,0.0,0.0,0.0,0.0,0.0,0.0,8.2,0.0,1.0,0.0,0.0,0.12,0.0,0.0,,0.0,0.0,53.0,21.5,7,90.0,5,7,15.0,16,1.0,9.0,14.0,-5.0,-0.61,-0.61,0.0,11.0,2.0,0.0,6.0,14.0,13.0,,,1.0,,,,,,,,,,,,,,,
ESP-La Liga,2324,Villarreal,Adrià Altimira,ESP,"DF,MF",22.0,2001.0,11.0,10.0,775.0,8.6,0.0,0.0,0.0,0.0,0.0,0.0,3.0,0.0,0.0,0.0,0.0,0.0,0.0,8.6,0.0,1.0,0.0,0.0,0.12,0.0,0.0,,0.0,0.0,70.0,22.7,10,74.0,4,1,37.0,7,1.0,11.0,22.0,-11.0,-1.28,-1.65,0.0,12.0,4.0,0.0,5.0,5.0,7.0,,,0.0,,,,,,,,,,,,,,,
ESP-La Liga,2324,Villarreal,Alberto Moreno,ESP,DF,31.0,1992.0,27.0,17.0,1484.0,16.5,2.0,2.0,4.0,2.0,0.0,0.0,5.0,2.0,0.12,0.12,0.24,0.12,0.24,16.5,2.0,17.0,5.0,29.4,1.03,0.3,0.12,0.4,0.0,0.0,55.0,43.4,17,71.0,3,10,27.0,3,1.48,37.0,27.0,10.0,0.61,1.07,2.0,24.0,14.0,5.0,50.0,21.0,20.0,,,0.0,,,,,,,,,,,,,,,
ESP-La Liga,2324,Villarreal,Alexander Sørloth,NOR,FW,27.0,1995.0,34.0,30.0,2489.0,27.7,23.0,6.0,29.0,23.0,0.0,0.0,3.0,0.0,0.83,0.22,1.05,0.83,1.05,27.7,23.0,78.0,36.0,46.2,2.82,1.3,0.29,0.64,0.0,0.0,73.0,72.8,30,79.0,23,4,27.0,1,1.41,56.0,46.0,10.0,0.36,1.33,0.0,34.0,19.0,23.0,7.0,0.0,4.0,,,0.0,,,,,,,,,,,,,,,
ESP-La Liga,2324,Villarreal,Alfonso Pedraza,ESP,DF,27.0,1996.0,19.0,14.0,1116.0,12.4,1.0,3.0,4.0,1.0,0.0,0.0,4.0,1.0,0.08,0.24,0.32,0.08,0.32,12.4,1.0,9.0,4.0,44.4,0.73,0.32,0.11,0.25,0.0,0.0,59.0,32.6,14,68.0,6,5,33.0,0,1.0,17.0,27.0,-10.0,-0.81,-1.2,0.0,14.0,17.0,4.0,58.0,12.0,10.0,,,0.0,,,,,,,,,,,,,,,
ESP-La Liga,2324,Villarreal,Aïssa Mandi,ALG,DF,31.0,1991.0,16.0,12.0,1113.0,12.4,1.0,0.0,1.0,1.0,0.0,0.0,3.0,0.0,0.08,0.0,0.08,0.08,0.08,12.4,1.0,4.0,2.0,50.0,0.32,0.16,0.25,0.5,0.0,0.0,70.0,32.5,12,85.0,10,4,22.0,16,1.38,21.0,20.0,1.0,0.08,0.12,0.0,7.0,5.0,0.0,0.0,7.0,8.0,,,0.0,,,,,,,,,,,,,,,
ESP-La Liga,2324,Villarreal,Ben Brereton,CHI,"MF,FW",24.0,1999.0,14.0,2.0,270.0,3.0,0.0,0.0,0.0,0.0,0.0,0.0,2.0,0.0,0.0,0.0,0.0,0.0,0.0,3.0,0.0,5.0,1.0,20.0,1.67,0.33,0.0,0.0,0.0,0.0,19.0,7.9,2,67.0,0,12,11.0,5,0.86,3.0,3.0,0.0,0.0,0.0,0.0,5.0,4.0,2.0,4.0,0.0,2.0,,,0.0,,,,,,,,,,,,,,,
ESP-La Liga,2324,Villarreal,Bertrand Traoré,BFA,MF,27.0,1995.0,11.0,6.0,568.0,6.3,1.0,0.0,1.0,1.0,0.0,0.0,4.0,0.0,0.16,0.0,0.16,0.16,0.16,6.3,1.0,20.0,7.0,35.0,3.17,1.11,0.05,0.14,0.0,0.0,52.0,16.6,6,77.0,1,5,22.0,2,2.0,17.0,5.0,12.0,1.9,2.28,0.0,7.0,21.0,2.0,9.0,1.0,5.0,,,0.0,,,,,,,,,,,,,,,
ESP-La Liga,2324,Villarreal,Carlos Romero,ESP,DF,21.0,2001.0,7.0,2.0,262.0,2.9,0.0,0.0,0.0,0.0,0.0,0.0,1.0,0.0,0.0,0.0,0.0,0.0,0.0,2.9,0.0,2.0,1.0,50.0,0.69,0.34,0.0,0.0,0.0,0.0,37.0,7.7,2,53.0,0,5,31.0,7,1.86,3.0,8.0,-5.0,-1.72,-1.86,0.0,2.0,6.0,0.0,11.0,1.0,5.0,,,0.0,,,,,,,,,,,,,,,
ESP-La Liga,2324,Villarreal,Daniel Parejo,ESP,MF,34.0,1989.0,33.0,29.0,2580.0,28.7,3.0,5.0,8.0,0.0,3.0,3.0,4.0,0.0,0.1,0.17,0.28,0.0,0.17,28.7,3.0,12.0,6.0,50.0,0.42,0.21,0.25,0.5,3.0,3.0,78.0,75.4,29,85.0,19,4,28.0,1,1.42,47.0,54.0,-7.0,-0.24,-0.99,0.0,18.0,51.0,0.0,57.0,20.0,31.0,,,0.0,,,,,,,,,,,,,,,
ESP-La Liga,2324,Villarreal,Denis Suárez,ESP,MF,29.0,1994.0,4.0,1.0,133.0,1.5,0.0,0.0,0.0,0.0,0.0,0.0,0.0,0.0,0.0,0.0,0.0,0.0,0.0,1.5,0.0,1.0,0.0,0.0,0.68,0.0,0.0,,0.0,0.0,33.0,3.9,1,90.0,1,3,14.0,1,0.75,1.0,5.0,-4.0,-2.71,-2.82,0.0,4.0,2.0,1.0,4.0,1.0,0.0,,,0.0,,,,,,,,,,,,,,,
ESP-La Liga,2324,Villarreal,Eric Bailly,CIV,DF,29.0,1994.0,10.0,9.0,839.0,9.3,0.0,0.0,0.0,0.0,0.0,0.0,4.0,0.0,0.0,0.0,0.0,0.0,0.0,9.3,0.0,2.0,0.0,0.0,0.21,0.0,0.0,,0.0,0.0,84.0,24.5,9,85.0,8,1,74.0,3,2.0,24.0,18.0,6.0,0.64,0.85,0.0,6.0,5.0,0.0,0.0,8.0,3.0,,,1.0,,,,,,,,,,,,,,,
ESP-La Liga,2324,Villarreal,Filip Jørgensen,DEN,GK,21.0,2002.0,36.0,36.0,3240.0,36.0,0.0,0.0,0.0,0.0,0.0,0.0,4.0,0.0,0.0,0.0,0.0,0.0,0.0,36.0,0.0,0.0,0.0,,0.0,0.0,,,0.0,0.0,90.0,94.7,36,90.0,36,0,,2,1.36,59.0,63.0,-4.0,-0.11,-2.11,0.0,2.0,5.0,0.0,0.0,2.0,1.0,,,0.0,63.0,1.75,206.0,143.0,69.4,13.0,10.0,13.0,3.0,8.3,5.0,5.0,0.0,0.0,0.0
ESP-La Liga,2324,Villarreal,Francis Coquelin,FRA,MF,32.0,1991.0,17.0,10.0,910.0,10.1,0.0,0.0,0.0,0.0,0.0,0.0,4.0,0.0,0.0,0.0,0.0,0.0,0.0,10.1,0.0,3.0,0.0,0.0,0.3,0.0,0.0,,0.0,0.0,54.0,26.6,10,74.0,2,7,25.0,2,1.59,20.0,10.0,10.0,0.99,1.35,0.0,18.0,8.0,1.0,3.0,15.0,12.0,,,0.0,,,,,,,,,,,,,,,
ESP-La Liga,2324,Villarreal,Gerard Moreno,ESP,FW,31.0,1992.0,30.0,28.0,2215.0,24.6,10.0,6.0,16.0,8.0,2.0,3.0,0.0,0.0,0.41,0.24,0.65,0.33,0.57,24.6,10.0,63.0,21.0,33.3,2.56,0.85,0.16,0.48,2.0,3.0,74.0,64.8,28,78.0,9,2,20.0,2,1.3,39.0,45.0,-6.0,-0.24,-0.69,0.0,22.0,38.0,17.0,28.0,9.0,11.0,,,0.0,,,,,,,,,,,,,,,
ESP-La Liga,2324,Villarreal,Gonçalo Guedes,POR,"FW,MF",26.0,1996.0,17.0,9.0,951.0,10.6,3.0,2.0,5.0,3.0,0.0,0.0,0.0,0.0,0.28,0.19,0.47,0.28,0.47,10.6,3.0,25.0,8.0,32.0,2.37,0.76,0.12,0.38,0.0,0.0,56.0,27.8,9,79.0,3,8,30.0,1,1.82,24.0,16.0,8.0,0.76,1.05,0.0,5.0,16.0,3.0,28.0,2.0,5.0,,,0.0,,,,,,,,,,,,,,,
ESP-La Liga,2324,Villarreal,Ilias Akhomach,MAR,MF,19.0,2004.0,31.0,17.0,1511.0,16.8,2.0,2.0,4.0,2.0,0.0,0.0,4.0,0.0,0.12,0.12,0.24,0.12,0.24,16.8,2.0,30.0,7.0,23.3,1.79,0.42,0.07,0.29,0.0,0.0,49.0,44.2,17,70.0,2,14,23.0,6,1.45,26.0,33.0,-7.0,-0.42,-0.75,0.0,42.0,34.0,4.0,29.0,13.0,21.0,,,0.0,,,,,,,,,,,,,,,
ESP-La Liga,2324,Villarreal,Jorge Cuenca,ESP,DF,23.0,1999.0,29.0,21.0,1963.0,21.8,3.0,1.0,4.0,3.0,0.0,0.0,7.0,0.0,0.14,0.05,0.18,0.14,0.18,21.8,3.0,20.0,7.0,35.0,0.92,0.32,0.15,0.43,0.0,0.0,68.0,57.4,21,84.0,16,8,26.0,6,1.41,31.0,42.0,-11.0,-0.5,-1.18,0.0,25.0,12.0,0.0,13.0,20.0,27.0,,,0.0,,,,,,,,,,,,,,,
ESP-La Liga,2324,Villarreal,José Luis Morales,ESP,"FW,MF",36.0,1987.0,29.0,8.0,1048.0,11.6,7.0,0.0,7.0,7.0,0.0,0.0,0.0,0.0,0.6,0.0,0.6,0.6,0.6,11.6,7.0,26.0,12.0,46.2,2.23,1.03,0.27,0.58,0.0,0.0,36.0,30.6,8,71.0,0,21,23.0,9,1.38,15.0,25.0,-10.0,-0.86,-1.24,0.0,3.0,4.0,13.0,10.0,6.0,3.0,,,0.0,,,,,,,,,,,,,,,
ESP-La Liga,2324,Villarreal,Juan Foyth,ARG,DF,25.0,1998.0,12.0,12.0,1062.0,11.8,1.0,1.0,2.0,1.0,0.0,0.0,1.0,0.0,0.08,0.08,0.17,0.08,0.17,11.8,1.0,6.0,2.0,33.3,0.51,0.17,0.17,0.5,0.0,0.0,89.0,31.1,12,89.0,11,0,,0,1.0,15.0,20.0,-5.0,-0.42,-0.61,0.0,18.0,7.0,0.0,18.0,12.0,16.0,,,0.0,,,,,,,,,,,,,,,
ESP-La Liga,2324,Villarreal,Kiko Femenía,ESP,DF,32.0,1991.0,23.0,16.0,1583.0,17.6,0.0,0.0,0.0,0.0,0.0,0.0,8.0,1.0,0.0,0.0,0.0,0.0,0.0,17.6,0.0,1.0,0.0,0.0,0.06,0.0,0.0,,0.0,0.0,69.0,46.3,16,88.0,12,7,25.0,13,1.52,31.0,19.0,12.0,0.68,1.27,1.0,24.0,3.0,0.0,28.0,31.0,26.0,,,0.0,,,,,,,,,,,,,,,
ESP-La Liga,2324,Villarreal,Manu Trigueros,ESP,MF,31.0,1991.0,14.0,2.0,309.0,3.4,0.0,0.0,0.0,0.0,0.0,0.0,0.0,0.0,0.0,0.0,0.0,0.0,0.0,3.4,0.0,6.0,3.0,50.0,1.75,0.87,0.0,0.0,0.0,0.0,22.0,9.0,2,82.0,1,12,12.0,24,1.36,3.0,5.0,-2.0,-0.58,-0.64,0.0,5.0,3.0,1.0,5.0,3.0,5.0,,,0.0,,,,,,,,,,,,,,,
ESP-La Liga,2324,Villarreal,Matteo Gabbia,ITA,DF,23.0,1999.0,7.0,6.0,477.0,5.3,0.0,0.0,0.0,0.0,0.0,0.0,2.0,0.0,0.0,0.0,0.0,0.0,0.0,5.3,0.0,0.0,0.0,,0.0,0.0,,,0.0,0.0,68.0,13.9,6,77.0,3,1,13.0,8,1.43,8.0,10.0,-2.0,-0.38,-0.44,0.0,9.0,3.0,0.0,0.0,7.0,6.0,,,0.0,,,,,,,,,,,,,,,
ESP-La Liga,2324,Villarreal,Pascu,ESP,FW,20.0,2003.0,1.0,0.0,14.0,0.2,0.0,0.0,0.0,0.0,0.0,0.0,0.0,0.0,0.0,0.0,0.0,0.0,0.0,0.2,0.0,0.0,0.0,,0.0,0.0,,,0.0,0.0,14.0,0.4,0,,0,1,14.0,2,0.0,2.0,0.0,2.0,12.86,12.91,0.0,0.0,0.0,0.0,0.0,0.0,0.0,,,0.0,,,,,,,,,,,,,,,
ESP-La Liga,2324,Villarreal,Pepe Reina,ESP,GK,40.0,1982.0,2.0,2.0,180.0,2.0,0.0,0.0,0.0,0.0,0.0,0.0,2.0,1.0,0.0,0.0,0.0,0.0,0.0,2.0,0.0,0.0,0.0,,0.0,0.0,,,0.0,0.0,90.0,5.3,2,90.0,2,0,,29,1.8,11.0,5.0,6.0,3.0,3.17,0.0,0.0,0.0,0.0,0.0,0.0,0.0,,,0.0,2.0,1.0,9.0,7.0,77.8,1.0,1.0,0.0,0.0,0.0,0.0,0.0,0.0,0.0,
ESP-La Liga,2324,Villarreal,Ramón Terrats,ESP,MF,22.0,2000.0,19.0,6.0,785.0,8.7,0.0,2.0,2.0,0.0,0.0,0.0,4.0,0.0,0.0,0.23,0.23,0.0,0.23,8.7,0.0,8.0,1.0,12.5,0.92,0.11,0.0,0.0,0.0,0.0,41.0,23.0,6,78.0,1,13,24.0,7,1.16,13.0,18.0,-5.0,-0.57,-0.74,0.0,15.0,17.0,1.0,27.0,2.0,13.0,,,0.0,,,,,,,,,,,,,,,
ESP-La Liga,2324,Villarreal,Raúl Albiol,ESP,DF,37.0,1985.0,26.0,24.0,2031.0,22.6,0.0,1.0,1.0,0.0,0.0,0.0,6.0,0.0,0.0,0.04,0.04,0.0,0.04,22.6,0.0,6.0,1.0,16.7,0.27,0.04,0.0,0.0,0.0,0.0,78.0,59.4,24,82.0,18,2,35.0,4,1.15,34.0,36.0,-2.0,-0.09,-0.22,0.0,21.0,8.0,1.0,0.0,17.0,15.0,,,0.0,,,,,,,,,,,,,,,
ESP-La Liga,2324,Villarreal,Santi Comesaña,ESP,MF,26.0,1996.0,27.0,20.0,1653.0,18.4,2.0,0.0,2.0,2.0,0.0,0.0,8.0,2.0,0.11,0.0,0.11,0.11,0.11,18.4,2.0,17.0,7.0,41.2,0.93,0.38,0.12,0.29,0.0,0.0,61.0,48.3,20,76.0,9,7,20.0,6,1.59,33.0,25.0,8.0,0.44,0.84,1.0,33.0,22.0,1.0,5.0,22.0,23.0,,,0.0,,,,,,,,,,,,,,,
ESP-La Liga,2324,Villarreal,Stefan Lekovic,SRB,DF,19.0,2004.0,1.0,0.0,29.0,0.3,0.0,0.0,0.0,0.0,0.0,0.0,0.0,0.0,0.0,0.0,0.0,0.0,0.0,0.3,0.0,0.0,0.0,,0.0,0.0,,,0.0,0.0,29.0,0.8,0,,0,1,29.0,3,3.0,1.0,1.0,0.0,0.0,0.0,0.0,0.0,0.0,0.0,0.0,0.0,0.0,,,0.0,,,,,,,,,,,,,,,
ESP-La Liga,2324,Villarreal,Yerson Mosquera,COL,DF,22.0,2001.0,16.0,14.0,1229.0,13.7,2.0,1.0,3.0,2.0,0.0,0.0,4.0,0.0,0.15,0.07,0.22,0.15,0.22,13.7,2.0,10.0,4.0,40.0,0.73,0.29,0.2,0.5,0.0,0.0,77.0,35.9,14,87.0,13,2,7.0,1,2.0,31.0,17.0,14.0,1.03,1.6,0.0,14.0,27.0,0.0,7.0,18.0,14.0,,,0.0,,,,,,,,,,,,,,,
ESP-La Liga,2324,Villarreal,Yéremy Pino,ESP,"MF,FW",20.0,2002.0,7.0,7.0,475.0,5.3,0.0,0.0,0.0,0.0,0.0,0.0,4.0,0.0,0.0,0.0,0.0,0.0,0.0,5.3,0.0,9.0,4.0,44.4,1.71,0.76,0.0,0.0,0.0,0.0,68.0,13.9,7,68.0,1,0,,1,0.71,6.0,8.0,-2.0,-0.38,-0.44,0.0,22.0,9.0,3.0,7.0,5.0,18.0,,,0.0,,,,,,,,,,,,,,,
ESP-La Liga,2324,Villarreal,Álex Baena,ESP,"MF,FW",22.0,2001.0,34.0,33.0,2579.0,28.7,2.0,14.0,16.0,2.0,0.0,1.0,11.0,1.0,0.07,0.49,0.56,0.07,0.56,28.7,2.0,73.0,26.0,35.6,2.55,0.91,0.03,0.08,0.0,1.0,76.0,75.4,33,77.0,12,1,26.0,0,1.5,50.0,46.0,4.0,0.14,0.57,0.0,52.0,57.0,8.0,173.0,14.0,20.0,,,0.0,,,,,,,,,,,,,,,
ESP-La Liga,2324,Villarreal,Étienne Capoue,FRA,MF,35.0,1988.0,32.0,15.0,1455.0,16.2,1.0,1.0,2.0,1.0,0.0,0.0,8.0,0.0,0.06,0.06,0.12,0.06,0.12,16.2,1.0,14.0,5.0,35.7,0.87,0.31,0.07,0.2,0.0,0.0,45.0,42.5,15,80.0,9,17,15.0,5,1.31,29.0,33.0,-4.0,-0.25,-0.43,0.0,25.0,41.0,2.0,7.0,23.0,21.0,,,0.0,,,,,,,,,,,,,,,
FRA-Ligue 1,2324,Brest,Achraf Dari,MAR,DF,24.0,1999.0,4.0,1.0,121.0,1.3,0.0,0.0,0.0,0.0,0.0,0.0,0.0,0.0,0.0,0.0,0.0,0.0,0.0,1.3,0.0,1.0,1.0,100.0,0.74,0.74,0.0,0.0,0.0,0.0,30.0,4.0,1,90.0,1,3,10.0,11,1.0,0.0,2.0,-2.0,-1.49,-2.13,0.0,2.0,1.0,0.0,0.0,5.0,1.0,,,0.0,,,,,,,,,,,,,,,
FRA-Ligue 1,2324,Brest,Adrien Lebeau,FRA,MF,24.0,1999.0,7.0,0.0,54.0,0.6,0.0,1.0,1.0,0.0,0.0,0.0,0.0,0.0,0.0,1.67,1.67,0.0,1.67,0.6,0.0,1.0,0.0,0.0,1.67,0.0,0.0,,0.0,0.0,8.0,1.8,0,,0,7,8.0,20,2.43,1.0,0.0,1.0,1.67,1.13,0.0,1.0,2.0,0.0,3.0,0.0,0.0,,,0.0,,,,,,,,,,,,,,,
FRA-Ligue 1,2324,Brest,Axel Camblan,FRA,FW,19.0,2003.0,7.0,0.0,90.0,1.0,0.0,0.0,0.0,0.0,0.0,0.0,2.0,0.0,0.0,0.0,0.0,0.0,0.0,1.0,0.0,2.0,0.0,0.0,2.0,0.0,0.0,,0.0,0.0,13.0,2.9,0,,0,7,13.0,15,1.57,0.0,1.0,-1.0,-1.0,-1.61,0.0,3.0,1.0,0.0,1.0,0.0,1.0,,,0.0,,,,,,,,,,,,,,,
FRA-Ligue 1,2324,Brest,Bilal Brahimi,ALG,FW,23.0,2000.0,18.0,1.0,221.0,2.5,0.0,0.0,0.0,0.0,0.0,0.0,1.0,1.0,0.0,0.0,0.0,0.0,0.0,2.5,0.0,4.0,2.0,50.0,1.63,0.81,0.0,0.0,0.0,0.0,12.0,7.2,1,59.0,0,17,10.0,8,1.56,2.0,0.0,2.0,0.81,0.28,0.0,3.0,4.0,2.0,33.0,0.0,0.0,,,0.0,,,,,,,,,,,,,,,
FRA-Ligue 1,2324,Brest,Bradley Locko,FRA,DF,21.0,2002.0,33.0,33.0,2959.0,32.9,0.0,3.0,3.0,0.0,0.0,0.0,5.0,0.0,0.0,0.09,0.09,0.0,0.09,32.9,0.0,12.0,2.0,16.7,0.36,0.06,0.0,0.0,0.0,0.0,90.0,96.7,33,90.0,31,0,,0,1.76,50.0,34.0,16.0,0.49,-2.19,0.0,26.0,41.0,1.0,94.0,36.0,56.0,,,0.0,,,,,,,,,,,,,,,
FRA-Ligue 1,2324,Brest,Brendan Chardonnet,FRA,DF,28.0,1994.0,33.0,33.0,2970.0,33.0,1.0,1.0,2.0,1.0,0.0,0.0,4.0,0.0,0.03,0.03,0.06,0.03,0.06,33.0,1.0,19.0,3.0,15.8,0.58,0.09,0.05,0.33,0.0,0.0,90.0,97.1,33,90.0,33,0,,1,1.82,52.0,33.0,19.0,0.58,0.58,0.0,35.0,22.0,0.0,12.0,50.0,39.0,,,0.0,,,,,,,,,,,,,,,
FRA-Ligue 1,2324,Brest,Grégoire Coudert,FRA,GK,24.0,1999.0,3.0,2.0,181.0,2.0,0.0,0.0,0.0,0.0,0.0,0.0,0.0,0.0,0.0,0.0,0.0,0.0,0.0,2.0,0.0,0.0,0.0,,0.0,0.0,,,0.0,0.0,60.0,5.9,2,90.0,2,1,1.0,31,2.33,4.0,0.0,4.0,1.99,1.52,0.0,0.0,0.0,0.0,0.0,0.0,0.0,,,0.0,0.0,0.0,4.0,4.0,100.0,2.0,0.0,0.0,2.0,100.0,0.0,0.0,0.0,0.0,
FRA-Ligue 1,2324,Brest,Hianga'a Mbock,FRA,MF,23.0,1999.0,2.0,0.0,9.0,0.1,0.0,0.0,0.0,0.0,0.0,0.0,0.0,0.0,0.0,0.0,0.0,0.0,0.0,0.1,0.0,1.0,0.0,0.0,10.0,0.0,0.0,,0.0,0.0,5.0,0.3,0,,0,2,5.0,1,1.5,0.0,0.0,0.0,0.0,-0.56,0.0,0.0,0.0,0.0,0.0,1.0,0.0,,,0.0,,,,,,,,,,,,,,,
FRA-Ligue 1,2324,Brest,Hugo Magnetti,FRA,MF,25.0,1998.0,33.0,30.0,2340.0,26.0,2.0,0.0,2.0,2.0,0.0,0.0,6.0,0.0,0.08,0.0,0.08,0.08,0.08,26.0,2.0,36.0,11.0,30.6,1.38,0.42,0.06,0.18,0.0,0.0,71.0,76.5,30,76.0,8,3,23.0,0,1.76,33.0,29.0,4.0,0.15,-1.72,0.0,21.0,18.0,2.0,20.0,18.0,28.0,,,0.0,,,,,,,,,,,,,,,
FRA-Ligue 1,2324,Brest,Jonas Martin,FRA,MF,33.0,1990.0,31.0,9.0,1208.0,13.4,0.0,1.0,1.0,0.0,0.0,0.0,5.0,0.0,0.0,0.07,0.07,0.0,0.07,13.4,0.0,10.0,3.0,30.0,0.75,0.22,0.0,0.0,0.0,0.0,39.0,39.5,9,80.0,3,22,22.0,0,1.87,23.0,10.0,13.0,0.97,0.68,0.0,27.0,11.0,1.0,8.0,9.0,25.0,,,0.0,,,,,,,,,,,,,,,
FRA-Ligue 1,2324,Brest,Jordan Amavi,FRA,DF,29.0,1994.0,2.0,1.0,91.0,1.0,1.0,0.0,1.0,1.0,0.0,0.0,1.0,0.0,0.99,0.0,0.99,0.99,0.99,1.0,1.0,1.0,1.0,100.0,0.99,0.99,1.0,1.0,0.0,0.0,46.0,3.0,1,90.0,1,1,1.0,12,2.0,3.0,0.0,3.0,2.97,2.48,0.0,2.0,0.0,0.0,1.0,3.0,1.0,,,0.0,,,,,,,,,,,,,,,
FRA-Ligue 1,2324,Brest,Julien Le Cardinal,FRA,DF,25.0,1997.0,12.0,5.0,473.0,5.3,0.0,0.0,0.0,0.0,0.0,0.0,3.0,0.0,0.0,0.0,0.0,0.0,0.0,5.3,0.0,4.0,2.0,50.0,0.76,0.38,0.0,0.0,0.0,0.0,39.0,15.5,5,88.0,4,7,5.0,13,1.83,9.0,8.0,1.0,0.19,-0.44,0.0,7.0,5.0,0.0,4.0,12.0,11.0,,,0.0,,,,,,,,,,,,,,,
FRA-Ligue 1,2324,Brest,Jérémy Le Douaron,FRA,"FW,MF",25.0,1998.0,33.0,19.0,1618.0,18.0,4.0,0.0,4.0,4.0,0.0,0.0,3.0,0.0,0.22,0.0,0.22,0.22,0.22,18.0,4.0,50.0,21.0,42.0,2.78,1.17,0.08,0.19,0.0,0.0,49.0,52.9,19,72.0,2,14,18.0,0,1.82,24.0,19.0,5.0,0.28,-0.6,0.0,28.0,31.0,3.0,39.0,2.0,9.0,,,0.0,,,,,,,,,,,,,,,
FRA-Ligue 1,2324,Brest,Kamory Doumbia,MLI,MF,20.0,2003.0,25.0,7.0,879.0,9.8,6.0,5.0,11.0,6.0,0.0,0.0,1.0,0.0,0.61,0.51,1.13,0.61,1.13,9.8,6.0,25.0,11.0,44.0,2.56,1.13,0.24,0.55,0.0,0.0,35.0,28.7,7,69.0,1,18,22.0,0,1.8,22.0,7.0,15.0,1.54,1.37,0.0,16.0,10.0,1.0,8.0,10.0,18.0,,,0.0,,,,,,,,,,,,,,,
FRA-Ligue 1,2324,Brest,Karamoko Dembélé,ENG,"FW,MF",20.0,2003.0,1.0,0.0,16.0,0.2,0.0,0.0,0.0,0.0,0.0,0.0,0.0,0.0,0.0,0.0,0.0,0.0,0.0,0.2,0.0,0.0,0.0,,0.0,0.0,,,0.0,0.0,16.0,0.5,0,,0,1,16.0,2,0.0,0.0,0.0,0.0,0.0,-0.56,0.0,0.0,1.0,0.0,1.0,0.0,0.0,,,0.0,,,,,,,,,,,,,,,
FRA-Ligue 1,2324,Brest,Kenny Lala,MAD,DF,31.0,1991.0,33.0,33.0,2970.0,33.0,2.0,3.0,5.0,2.0,0.0,0.0,7.0,0.0,0.06,0.09,0.15,0.06,0.15,33.0,2.0,14.0,7.0,50.0,0.42,0.21,0.14,0.29,0.0,0.0,90.0,97.1,33,90.0,33,0,,0,1.85,50.0,30.0,20.0,0.61,1.61,0.0,24.0,24.0,0.0,143.0,27.0,50.0,,,0.0,,,,,,,,,,,,,,,
FRA-Ligue 1,2324,Brest,Lilian Brassier,FRA,DF,23.0,1999.0,30.0,30.0,2677.0,29.7,3.0,0.0,3.0,3.0,0.0,0.0,11.0,1.0,0.1,0.0,0.1,0.1,0.1,29.7,3.0,12.0,4.0,33.3,0.4,0.13,0.25,0.75,0.0,0.0,89.0,87.5,30,89.0,28,0,,0,1.9,49.0,29.0,20.0,0.67,0.91,1.0,33.0,25.0,1.0,5.0,42.0,18.0,,,0.0,,,,,,,,,,,,,,,
FRA-Ligue 1,2324,Brest,Luck Zogbé,CIV,DF,18.0,2005.0,1.0,0.0,11.0,0.1,0.0,0.0,0.0,0.0,0.0,0.0,0.0,0.0,0.0,0.0,0.0,0.0,0.0,0.1,0.0,0.0,0.0,,0.0,0.0,,,0.0,0.0,11.0,0.4,0,,0,1,11.0,13,0.0,0.0,1.0,-1.0,-8.18,-8.77,0.0,0.0,0.0,0.0,0.0,1.0,0.0,,,0.0,,,,,,,,,,,,,,,
FRA-Ligue 1,2324,Brest,Mahdi Camara,FRA,MF,25.0,1998.0,32.0,26.0,2020.0,22.4,7.0,3.0,10.0,6.0,1.0,1.0,7.0,0.0,0.31,0.13,0.45,0.27,0.4,22.4,7.0,42.0,15.0,35.7,1.87,0.67,0.17,0.47,1.0,1.0,63.0,66.0,26,72.0,1,6,24.0,0,1.81,30.0,24.0,6.0,0.27,-0.86,0.0,36.0,39.0,3.0,46.0,26.0,40.0,,,0.0,,,,,,,,,,,,,,,
FRA-Ligue 1,2324,Brest,Marco Bizot,NED,GK,32.0,1991.0,32.0,32.0,2876.0,32.0,0.0,0.0,0.0,0.0,0.0,0.0,3.0,1.0,0.0,0.0,0.0,0.0,0.0,32.0,0.0,0.0,0.0,,0.0,0.0,,,0.0,0.0,90.0,94.0,32,90.0,31,0,,0,1.72,49.0,34.0,15.0,0.47,-1.49,0.0,1.0,0.0,0.0,0.0,0.0,0.0,,,0.0,34.0,1.06,129.0,95.0,73.6,15.0,10.0,7.0,11.0,34.4,3.0,2.0,1.0,0.0,33.3
FRA-Ligue 1,2324,Brest,Martin Satriano,URU,"FW,MF",22.0,2001.0,33.0,21.0,1864.0,20.7,4.0,4.0,8.0,4.0,0.0,0.0,4.0,0.0,0.19,0.19,0.39,0.19,0.39,20.7,4.0,63.0,20.0,31.7,3.04,0.97,0.06,0.2,0.0,0.0,56.0,60.9,21,77.0,4,12,20.0,0,1.82,36.0,19.0,17.0,0.82,0.67,0.0,19.0,25.0,2.0,10.0,7.0,14.0,,,0.0,,,,,,,,,,,,,,,
FRA-Ligue 1,2324,Brest,Mathias Pereira Lage,POR,"MF,FW",26.0,1996.0,30.0,12.0,1187.0,13.2,3.0,2.0,5.0,3.0,0.0,0.0,3.0,0.0,0.23,0.15,0.38,0.23,0.38,13.2,3.0,36.0,16.0,44.4,2.73,1.21,0.08,0.19,0.0,0.0,40.0,38.8,12,73.0,0,18,18.0,1,1.77,18.0,9.0,9.0,0.68,0.2,0.0,19.0,21.0,6.0,67.0,10.0,15.0,,,0.0,,,,,,,,,,,,,,,
FRA-Ligue 1,2324,Brest,Pierre Lees-Melou,FRA,MF,30.0,1993.0,29.0,29.0,2517.0,28.0,4.0,0.0,4.0,4.0,0.0,0.0,12.0,1.0,0.14,0.0,0.14,0.14,0.14,28.0,4.0,52.0,13.0,25.0,1.86,0.46,0.08,0.31,0.0,0.0,87.0,82.3,29,87.0,25,0,,0,1.83,47.0,29.0,18.0,0.64,0.48,1.0,47.0,57.0,1.0,34.0,40.0,66.0,,,0.0,,,,,,,,,,,,,,,
FRA-Ligue 1,2324,Brest,Romain Del Castillo,FRA,"MF,FW",27.0,1996.0,33.0,30.0,2497.0,27.7,8.0,8.0,16.0,5.0,3.0,3.0,4.0,0.0,0.29,0.29,0.58,0.18,0.47,27.7,8.0,39.0,17.0,43.6,1.41,0.61,0.21,0.47,3.0,3.0,76.0,81.6,30,81.0,3,3,22.0,0,1.82,45.0,31.0,14.0,0.5,-0.29,0.0,21.0,59.0,3.0,250.0,9.0,29.0,,,0.0,,,,,,,,,,,,,,,
FRA-Ligue 1,2324,Brest,Steve Mounié,BEN,FW,28.0,1994.0,32.0,20.0,1769.0,19.7,6.0,2.0,8.0,6.0,0.0,0.0,2.0,1.0,0.31,0.1,0.41,0.31,0.41,19.7,6.0,59.0,24.0,40.7,3.0,1.22,0.1,0.25,0.0,0.0,55.0,57.8,20,76.0,5,12,21.0,0,1.72,33.0,24.0,9.0,0.46,-0.24,0.0,43.0,25.0,8.0,11.0,2.0,7.0,,,0.0,,,,,,,,,,,,,,,
FRA-Ligue 1,2324,Clermont Foot,Abdellah Baallal,MAR,MF,18.0,2004.0,1.0,0.0,4.0,0.0,0.0,0.0,0.0,0.0,0.0,0.0,0.0,0.0,0.0,0.0,0.0,0.0,0.0,0.0,0.0,0.0,0.0,,0.0,0.0,,,0.0,0.0,4.0,0.1,0,,0,1,4.0,3,1.0,0.0,0.0,0.0,0.0,1.0,0.0,0.0,0.0,0.0,0.0,0.0,0.0,,,0.0,,,,,,,,,,,,,,,
FRA-Ligue 1,2324,Clermont Foot,Alan Virginius,FRA,"MF,FW",20.0,2003.0,14.0,12.0,934.0,10.4,0.0,2.0,2.0,0.0,0.0,0.0,0.0,0.0,0.0,0.19,0.19,0.0,0.19,10.4,0.0,10.0,6.0,60.0,0.96,0.58,0.0,0.0,0.0,0.0,67.0,30.5,12,73.0,0,2,30.0,0,0.93,10.0,19.0,-9.0,-0.87,0.19,0.0,4.0,6.0,4.0,22.0,3.0,5.0,,,0.0,,,,,,,,,,,,,,,
FRA-Ligue 1,2324,Clermont Foot,Alidu Seidu,GHA,DF,23.0,2000.0,14.0,13.0,1131.0,12.6,0.0,1.0,1.0,0.0,0.0,0.0,5.0,1.0,0.0,0.08,0.08,0.0,0.08,12.6,0.0,6.0,1.0,16.7,0.48,0.08,0.0,0.0,0.0,0.0,81.0,37.0,13,86.0,12,1,7.0,0,0.64,8.0,19.0,-11.0,-0.88,0.2,0.0,20.0,29.0,0.0,4.0,25.0,26.0,,,0.0,,,,,,,,,,,,,,,
FRA-Ligue 1,2324,Clermont Foot,Andy Pelmard,MAD,DF,23.0,2000.0,34.0,33.0,2989.0,33.2,0.0,0.0,0.0,0.0,0.0,0.0,1.0,0.0,0.0,0.0,0.0,0.0,0.0,33.2,0.0,2.0,1.0,50.0,0.06,0.03,0.0,0.0,0.0,0.0,88.0,97.7,33,90.0,33,1,19.0,0,0.74,26.0,57.0,-31.0,-0.93,2.87,0.0,13.0,18.0,0.0,6.0,34.0,41.0,,,0.0,,,,,,,,,,,,,,,
FRA-Ligue 1,2324,Clermont Foot,Aïman Maurer,MAR,MF,18.0,2004.0,5.0,0.0,56.0,0.6,0.0,0.0,0.0,0.0,0.0,0.0,0.0,0.0,0.0,0.0,0.0,0.0,0.0,0.6,0.0,3.0,1.0,33.3,4.82,1.61,0.0,0.0,0.0,0.0,11.0,1.8,0,,0,5,11.0,5,0.8,0.0,3.0,-3.0,-4.82,-3.89,0.0,0.0,0.0,0.0,4.0,0.0,1.0,,,0.0,,,,,,,,,,,,,,,
FRA-Ligue 1,2324,Clermont Foot,Bilal Boutobba,FRA,"MF,FW",24.0,1998.0,27.0,10.0,926.0,10.3,1.0,1.0,2.0,1.0,0.0,0.0,1.0,0.0,0.1,0.1,0.19,0.1,0.19,10.3,1.0,25.0,9.0,36.0,2.43,0.87,0.04,0.11,0.0,0.0,34.0,30.3,10,75.0,1,17,10.0,6,0.74,6.0,20.0,-14.0,-1.36,-0.52,0.0,7.0,26.0,2.0,57.0,8.0,13.0,,,0.0,,,,,,,,,,,,,,,
FRA-Ligue 1,2324,Clermont Foot,Cheick Konaté,MLI,"MF,DF",19.0,2004.0,19.0,12.0,1068.0,11.9,1.0,1.0,2.0,1.0,0.0,0.0,4.0,0.0,0.08,0.08,0.17,0.08,0.17,11.9,1.0,14.0,4.0,28.6,1.18,0.34,0.07,0.25,0.0,0.0,56.0,34.9,12,81.0,5,7,14.0,2,0.68,8.0,18.0,-10.0,-0.84,0.24,0.0,17.0,14.0,0.0,45.0,13.0,16.0,,,0.0,,,,,,,,,,,,,,,
FRA-Ligue 1,2324,Clermont Foot,Chrislain Matsima,FRA,DF,21.0,2002.0,14.0,13.0,1180.0,13.1,1.0,0.0,1.0,1.0,0.0,0.0,2.0,0.0,0.08,0.0,0.08,0.08,0.08,13.1,1.0,5.0,2.0,40.0,0.38,0.15,0.2,0.5,0.0,0.0,84.0,38.6,13,90.0,13,1,10.0,0,0.71,8.0,27.0,-19.0,-1.45,-0.73,0.0,12.0,10.0,1.0,0.0,14.0,11.0,,,0.0,,,,,,,,,,,,,,,
FRA-Ligue 1,2324,Clermont Foot,Elba Rashani,KVX,"MF,FW",30.0,1993.0,24.0,14.0,1175.0,13.1,2.0,0.0,2.0,2.0,0.0,0.0,4.0,2.0,0.15,0.0,0.15,0.15,0.15,13.1,2.0,16.0,5.0,31.3,1.23,0.38,0.13,0.4,0.0,0.0,49.0,38.4,14,70.0,3,10,20.0,0,0.83,9.0,22.0,-13.0,-1.0,0.01,0.0,27.0,29.0,3.0,28.0,12.0,18.0,,,0.0,,,,,,,,,,,,,,,
FRA-Ligue 1,2324,Clermont Foot,Florent Ogier,FRA,DF,34.0,1989.0,14.0,9.0,943.0,10.5,1.0,1.0,2.0,1.0,0.0,0.0,1.0,0.0,0.1,0.1,0.19,0.1,0.19,10.5,1.0,7.0,2.0,28.6,0.67,0.19,0.14,0.5,0.0,0.0,67.0,30.8,9,89.0,8,5,29.0,17,0.79,9.0,17.0,-8.0,-0.76,0.34,0.0,11.0,6.0,0.0,0.0,8.0,10.0,,,0.0,,,,,,,,,,,,,,,
FRA-Ligue 1,2324,Clermont Foot,Grejohn Kyei,FRA,FW,27.0,1995.0,26.0,10.0,1026.0,11.4,2.0,1.0,3.0,1.0,1.0,1.0,1.0,0.0,0.18,0.09,0.26,0.09,0.18,11.4,2.0,31.0,8.0,25.8,2.72,0.7,0.06,0.25,1.0,1.0,39.0,33.5,10,75.0,1,16,17.0,5,0.58,9.0,19.0,-10.0,-0.88,0.18,0.0,28.0,11.0,8.0,2.0,1.0,4.0,,,0.0,,,,,,,,,,,,,,,
FRA-Ligue 1,2324,Clermont Foot,Habib Keita,MLI,MF,21.0,2002.0,27.0,12.0,1278.0,14.2,1.0,0.0,1.0,1.0,0.0,0.0,4.0,0.0,0.07,0.0,0.07,0.07,0.07,14.2,1.0,20.0,5.0,25.0,1.41,0.35,0.05,0.2,0.0,0.0,47.0,41.8,12,82.0,4,15,20.0,7,0.85,12.0,18.0,-6.0,-0.42,0.99,0.0,23.0,36.0,0.0,4.0,28.0,19.0,,,0.0,,,,,,,,,,,,,,,
FRA-Ligue 1,2324,Clermont Foot,Ilhan Fakili,FRA,MF,17.0,2006.0,3.0,1.0,94.0,1.0,0.0,0.0,0.0,0.0,0.0,0.0,0.0,0.0,0.0,0.0,0.0,0.0,0.0,1.0,0.0,4.0,2.0,50.0,3.83,1.91,0.0,0.0,0.0,0.0,31.0,3.1,1,58.0,0,2,18.0,0,0.0,0.0,4.0,-4.0,-3.83,-2.92,0.0,1.0,1.0,0.0,1.0,1.0,0.0,,,0.0,,,,,,,,,,,,,,,
FRA-Ligue 1,2324,Clermont Foot,Jim Allevinah,GAB,MF,28.0,1995.0,29.0,22.0,1861.0,20.7,2.0,1.0,3.0,2.0,0.0,0.0,1.0,0.0,0.1,0.05,0.15,0.1,0.15,20.7,2.0,37.0,11.0,29.7,1.79,0.53,0.05,0.18,0.0,0.0,64.0,60.8,22,76.0,5,7,27.0,1,0.72,17.0,32.0,-15.0,-0.73,0.7,0.0,15.0,27.0,1.0,47.0,12.0,19.0,,,0.0,,,,,,,,,,,,,,,
FRA-Ligue 1,2324,Clermont Foot,Johan Gastien,FRA,MF,35.0,1988.0,28.0,28.0,2260.0,25.1,0.0,0.0,0.0,0.0,0.0,0.0,7.0,0.0,0.0,0.0,0.0,0.0,0.0,25.1,0.0,11.0,5.0,45.5,0.44,0.2,0.0,0.0,0.0,0.0,81.0,73.9,28,81.0,14,0,,0,0.75,22.0,41.0,-19.0,-0.76,0.93,0.0,32.0,29.0,1.0,40.0,37.0,22.0,,,0.0,,,,,,,,,,,,,,,
FRA-Ligue 1,2324,Clermont Foot,Joshua M'Bahia,CIV,DF,18.0,2005.0,1.0,0.0,14.0,0.2,0.0,0.0,0.0,0.0,0.0,0.0,1.0,0.0,0.0,0.0,0.0,0.0,0.0,0.2,0.0,0.0,0.0,,0.0,0.0,,,0.0,0.0,14.0,0.5,0,,0,1,14.0,2,0.0,0.0,1.0,-1.0,-6.43,-5.45,0.0,1.0,0.0,0.0,0.0,0.0,0.0,,,0.0,,,,,,,,,,,,,,,
FRA-Ligue 1,2324,Clermont Foot,Jérémie Bela,ANG,MF,30.0,1993.0,12.0,1.0,203.0,2.3,0.0,0.0,0.0,0.0,0.0,0.0,0.0,0.0,0.0,0.0,0.0,0.0,0.0,2.3,0.0,6.0,2.0,33.3,2.66,0.89,0.0,0.0,0.0,0.0,17.0,6.6,1,61.0,0,11,13.0,9,0.25,1.0,8.0,-7.0,-3.1,-2.25,0.0,0.0,4.0,0.0,14.0,0.0,1.0,,,0.0,,,,,,,,,,,,,,,
FRA-Ligue 1,2324,Clermont Foot,Jérémy Jacquet,FRA,DF,18.0,2005.0,6.0,2.0,253.0,2.8,0.0,1.0,1.0,0.0,0.0,0.0,0.0,0.0,0.0,0.36,0.36,0.0,0.36,2.8,0.0,1.0,0.0,0.0,0.36,0.0,0.0,,0.0,0.0,42.0,8.3,2,90.0,2,4,18.0,7,1.17,1.0,8.0,-7.0,-2.49,-1.62,0.0,1.0,3.0,1.0,1.0,4.0,2.0,,,0.0,,,,,,,,,,,,,,,
FRA-Ligue 1,2324,Clermont Foot,Komnen Andrić,SRB,FW,28.0,1995.0,7.0,1.0,169.0,1.9,0.0,0.0,0.0,0.0,0.0,0.0,0.0,0.0,0.0,0.0,0.0,0.0,0.0,1.9,0.0,3.0,0.0,0.0,1.6,0.0,0.0,,0.0,0.0,24.0,5.5,1,67.0,0,6,17.0,6,0.29,1.0,5.0,-4.0,-2.13,-1.2,0.0,2.0,2.0,1.0,0.0,0.0,1.0,,,0.0,,,,,,,,,,,,,,,
FRA-Ligue 1,2324,Clermont Foot,Massamba Ndiaye,SEN,GK,21.0,2001.0,4.0,4.0,360.0,4.0,0.0,0.0,0.0,0.0,0.0,0.0,0.0,0.0,0.0,0.0,0.0,0.0,0.0,4.0,0.0,0.0,0.0,,0.0,0.0,,,0.0,0.0,90.0,11.8,4,90.0,4,0,,30,1.25,4.0,6.0,-2.0,-0.5,0.57,0.0,0.0,1.0,0.0,0.0,0.0,0.0,,,0.0,6.0,1.5,23.0,17.0,73.9,1.0,2.0,1.0,0.0,0.0,1.0,1.0,0.0,0.0,0.0
FRA-Ligue 1,2324,Clermont Foot,Mateusz Wieteska,POL,DF,26.0,1997.0,2.0,2.0,174.0,1.9,1.0,0.0,1.0,1.0,0.0,0.0,0.0,0.0,0.52,0.0,0.52,0.52,0.52,1.9,1.0,3.0,2.0,66.7,1.55,1.03,0.33,0.5,0.0,0.0,87.0,5.7,2,87.0,1,0,,0,0.0,2.0,6.0,-4.0,-2.07,-1.13,0.0,0.0,2.0,1.0,0.0,5.0,1.0,,,0.0,,,,,,,,,,,,,,,
FRA-Ligue 1,2324,Clermont Foot,Maxime Gonalons,FRA,MF,34.0,1989.0,21.0,17.0,1296.0,14.4,1.0,0.0,1.0,1.0,0.0,0.0,4.0,0.0,0.07,0.0,0.07,0.07,0.07,14.4,1.0,13.0,3.0,23.1,0.9,0.21,0.08,0.33,0.0,0.0,62.0,42.4,17,72.0,2,4,19.0,1,0.71,10.0,26.0,-16.0,-1.11,-0.19,0.0,29.0,15.0,0.0,2.0,19.0,33.0,,,0.0,,,,,,,,,,,,,,,
FRA-Ligue 1,2324,Clermont Foot,Maximiliano Caufriez,BEL,DF,26.0,1997.0,20.0,20.0,1659.0,18.4,0.0,1.0,1.0,0.0,0.0,0.0,6.0,3.0,0.0,0.05,0.05,0.0,0.05,18.4,0.0,6.0,1.0,16.7,0.33,0.05,0.0,0.0,0.0,0.0,83.0,54.2,20,83.0,13,0,,2,0.7,16.0,31.0,-15.0,-0.81,0.41,1.0,37.0,18.0,0.0,4.0,18.0,29.0,,,0.0,,,,,,,,,,,,,,,
FRA-Ligue 1,2324,Clermont Foot,Mehdi Zeffane,ALG,"MF,DF",31.0,1992.0,23.0,15.0,1231.0,13.7,0.0,0.0,0.0,0.0,0.0,0.0,2.0,0.0,0.0,0.0,0.0,0.0,0.0,13.7,0.0,19.0,1.0,5.3,1.39,0.07,0.0,0.0,0.0,0.0,54.0,40.2,15,74.0,3,8,15.0,10,0.74,11.0,28.0,-17.0,-1.24,-0.41,0.0,13.0,7.0,2.0,45.0,16.0,19.0,,,0.0,,,,,,,,,,,,,,,
FRA-Ligue 1,2324,Clermont Foot,Mohamed Bouchenna,FRA,FW,17.0,2006.0,2.0,0.0,29.0,0.3,0.0,0.0,0.0,0.0,0.0,0.0,1.0,0.0,0.0,0.0,0.0,0.0,0.0,0.3,0.0,1.0,0.0,0.0,3.1,0.0,0.0,,0.0,0.0,15.0,0.9,0,,0,2,15.0,1,0.0,0.0,2.0,-2.0,-6.21,-5.26,0.0,1.0,0.0,0.0,0.0,0.0,0.0,,,0.0,,,,,,,,,,,,,,,
FRA-Ligue 1,2324,Clermont Foot,Mory Diaw,SEN,GK,30.0,1993.0,30.0,30.0,2700.0,30.0,0.0,0.0,0.0,0.0,0.0,0.0,3.0,0.0,0.0,0.0,0.0,0.0,0.0,30.0,0.0,0.0,0.0,,0.0,0.0,,,0.0,0.0,90.0,88.2,30,90.0,30,0,,0,0.67,22.0,54.0,-32.0,-1.07,-0.57,0.0,0.0,3.0,0.0,0.0,1.0,1.0,,,0.0,54.0,1.8,188.0,134.0,71.3,4.0,8.0,18.0,5.0,16.7,8.0,6.0,1.0,1.0,14.3
FRA-Ligue 1,2324,Clermont Foot,Muhammed Cham,AUT,"MF,FW",22.0,2000.0,33.0,29.0,2554.0,28.4,8.0,4.0,12.0,4.0,4.0,5.0,4.0,0.0,0.28,0.14,0.42,0.14,0.28,28.4,8.0,74.0,30.0,40.5,2.61,1.06,0.11,0.27,4.0,5.0,77.0,83.5,29,85.0,14,4,24.0,0,0.76,22.0,43.0,-21.0,-0.74,1.57,0.0,23.0,57.0,3.0,119.0,7.0,13.0,,,0.0,,,,,,,,,,,,,,,
FRA-Ligue 1,2324,Clermont Foot,Neto Borges,BRA,"MF,DF",26.0,1996.0,28.0,28.0,2516.0,28.0,0.0,1.0,1.0,0.0,0.0,0.0,3.0,1.0,0.0,0.04,0.04,0.0,0.04,28.0,0.0,16.0,2.0,12.5,0.57,0.07,0.0,0.0,0.0,0.0,90.0,82.2,28,90.0,27,0,,0,0.75,23.0,51.0,-28.0,-1.0,-0.01,0.0,21.0,23.0,8.0,80.0,52.0,25.0,,,0.0,,,,,,,,,,,,,,,
FRA-Ligue 1,2324,Clermont Foot,Shamar Nicholson,JAM,FW,26.0,1997.0,26.0,17.0,1484.0,16.5,4.0,3.0,7.0,3.0,1.0,2.0,2.0,0.0,0.24,0.18,0.42,0.18,0.36,16.5,4.0,40.0,20.0,50.0,2.43,1.21,0.1,0.2,1.0,2.0,57.0,48.5,17,78.0,5,9,17.0,2,0.81,12.0,28.0,-16.0,-0.97,0.06,0.0,20.0,26.0,14.0,6.0,1.0,2.0,,,0.0,,,,,,,,,,,,,,,
FRA-Ligue 1,2324,Clermont Foot,Yohann Magnin,FRA,MF,26.0,1997.0,31.0,17.0,1687.0,18.7,1.0,0.0,1.0,1.0,0.0,0.0,2.0,0.0,0.05,0.0,0.05,0.05,0.05,18.7,1.0,14.0,6.0,42.9,0.75,0.32,0.07,0.17,0.0,0.0,54.0,55.1,17,85.0,11,14,17.0,2,0.71,15.0,36.0,-21.0,-1.12,-0.27,0.0,37.0,23.0,1.0,14.0,19.0,31.0,,,0.0,,,,,,,,,,,,,,,
FRA-Ligue 1,2324,Clermont Foot,Yoël Armougom,FRA,"MF,DF",25.0,1998.0,5.0,2.0,234.0,2.6,0.0,0.0,0.0,0.0,0.0,0.0,1.0,0.0,0.0,0.0,0.0,0.0,0.0,2.6,0.0,2.0,0.0,0.0,0.77,0.0,0.0,,0.0,0.0,47.0,7.6,2,90.0,2,3,18.0,19,0.8,2.0,6.0,-4.0,-1.54,-0.58,0.0,1.0,3.0,0.0,14.0,1.0,4.0,,,0.0,,,,,,,,,,,,,,,
FRA-Ligue 1,2324,Le Havre,Abdoulaye Touré,GUI,MF,29.0,1994.0,30.0,27.0,2284.0,25.4,2.0,0.0,2.0,0.0,2.0,2.0,4.0,0.0,0.08,0.0,0.08,0.0,0.0,25.4,2.0,33.0,10.0,30.3,1.3,0.39,0.06,0.2,2.0,2.0,76.0,74.6,27,83.0,15,3,12.0,0,0.9,19.0,34.0,-15.0,-0.59,-1.05,0.0,27.0,32.0,0.0,4.0,21.0,28.0,,,0.0,,,,,,,,,,,,,,,
FRA-Ligue 1,2324,Le Havre,Alois Confais,FRA,"DF,MF",26.0,1996.0,2.0,0.0,7.0,0.1,0.0,0.0,0.0,0.0,0.0,0.0,0.0,0.0,0.0,0.0,0.0,0.0,0.0,0.1,0.0,0.0,0.0,,0.0,0.0,,,0.0,0.0,4.0,0.2,0,,0,2,4.0,13,1.5,2.0,0.0,2.0,25.71,26.1,0.0,0.0,0.0,0.0,1.0,0.0,2.0,,,0.0,,,,,,,,,,,,,,,
FRA-Ligue 1,2324,Le Havre,André Ayew,GHA,"FW,MF",33.0,1989.0,19.0,12.0,1104.0,12.3,5.0,0.0,5.0,5.0,0.0,0.0,2.0,1.0,0.41,0.0,0.41,0.41,0.41,12.3,5.0,33.0,13.0,39.4,2.69,1.06,0.15,0.38,0.0,0.0,58.0,36.1,12,83.0,5,7,16.0,0,0.74,13.0,20.0,-7.0,-0.57,-0.39,0.0,15.0,26.0,4.0,4.0,2.0,10.0,,,0.0,,,,,,,,,,,,,,,
FRA-Ligue 1,2324,Le Havre,Antoine Joujou,FRA,"MF,FW",20.0,2003.0,23.0,6.0,779.0,8.7,0.0,2.0,2.0,0.0,0.0,0.0,1.0,0.0,0.0,0.23,0.23,0.0,0.23,8.7,0.0,20.0,3.0,15.0,2.31,0.35,0.0,0.0,0.0,0.0,34.0,25.5,6,66.0,1,17,23.0,3,0.83,8.0,11.0,-3.0,-0.35,-0.03,0.0,17.0,10.0,0.0,18.0,6.0,12.0,,,0.0,,,,,,,,,,,,,,,
FRA-Ligue 1,2324,Le Havre,Arouna Sangante,SEN,DF,21.0,2002.0,30.0,30.0,2687.0,29.9,0.0,0.0,0.0,0.0,0.0,0.0,8.0,0.0,0.0,0.0,0.0,0.0,0.0,29.9,0.0,16.0,3.0,18.8,0.54,0.1,0.0,0.0,0.0,0.0,90.0,87.8,30,90.0,27,0,,1,0.87,29.0,39.0,-10.0,-0.33,-0.09,0.0,54.0,37.0,0.0,14.0,63.0,32.0,,,1.0,,,,,,,,,,,,,,,
FRA-Ligue 1,2324,Le Havre,Arthur Desmas,FRA,GK,29.0,1994.0,33.0,33.0,2970.0,33.0,0.0,0.0,0.0,0.0,0.0,0.0,2.0,0.0,0.0,0.0,0.0,0.0,0.0,33.0,0.0,0.0,0.0,,0.0,0.0,,,0.0,0.0,90.0,97.1,33,90.0,33,0,,0,0.97,33.0,43.0,-10.0,-0.3,0.7,0.0,0.0,9.0,0.0,0.0,0.0,0.0,,,0.0,43.0,1.3,154.0,111.0,72.1,7.0,11.0,15.0,7.0,21.2,3.0,1.0,1.0,1.0,50.0
FRA-Ligue 1,2324,Le Havre,Christopher Opéri,CIV,"DF,MF",26.0,1997.0,28.0,28.0,2445.0,27.2,3.0,4.0,7.0,3.0,0.0,0.0,6.0,0.0,0.11,0.15,0.26,0.11,0.26,27.2,3.0,23.0,10.0,43.5,0.85,0.37,0.13,0.3,0.0,0.0,87.0,79.9,28,87.0,26,0,,0,0.93,30.0,39.0,-9.0,-0.33,-0.04,0.0,20.0,18.0,0.0,189.0,34.0,36.0,,,0.0,,,,,,,,,,,,,,,
FRA-Ligue 1,2324,Le Havre,Daler Kuzyaev,RUS,MF,30.0,1993.0,30.0,24.0,2090.0,23.2,2.0,2.0,4.0,2.0,0.0,0.0,1.0,0.0,0.09,0.09,0.17,0.09,0.17,23.2,2.0,16.0,5.0,31.3,0.69,0.22,0.13,0.4,0.0,0.0,70.0,68.3,24,84.0,8,6,13.0,0,1.07,20.0,29.0,-9.0,-0.39,-0.2,0.0,28.0,26.0,4.0,26.0,19.0,20.0,,,0.0,,,,,,,,,,,,,,,
FRA-Ligue 1,2324,Le Havre,Elysée Logbo,FRA,FW,19.0,2004.0,10.0,2.0,248.0,2.8,0.0,0.0,0.0,0.0,0.0,0.0,0.0,0.0,0.0,0.0,0.0,0.0,0.0,2.8,0.0,4.0,0.0,0.0,1.45,0.0,0.0,,0.0,0.0,25.0,8.1,2,54.0,0,8,18.0,2,1.2,2.0,0.0,2.0,0.73,1.14,0.0,12.0,0.0,1.0,1.0,0.0,0.0,,,0.0,,,,,,,,,,,,,,,
FRA-Ligue 1,2324,Le Havre,Emmanuel Sabbi,USA,"MF,FW",25.0,1997.0,30.0,18.0,1584.0,17.6,5.0,1.0,6.0,3.0,2.0,2.0,5.0,0.0,0.28,0.06,0.34,0.17,0.23,17.6,5.0,31.0,11.0,35.5,1.76,0.62,0.16,0.45,2.0,2.0,53.0,51.8,18,73.0,2,12,22.0,2,0.93,19.0,20.0,-1.0,-0.06,0.55,0.0,26.0,37.0,2.0,20.0,19.0,20.0,,,0.0,,,,,,,,,,,,,,,
FRA-Ligue 1,2324,Le Havre,Etienne Youte Kinkoue,FRA,DF,21.0,2002.0,22.0,22.0,1941.0,21.6,0.0,0.0,0.0,0.0,0.0,0.0,1.0,0.0,0.0,0.0,0.0,0.0,0.0,21.6,0.0,6.0,0.0,0.0,0.28,0.0,0.0,,0.0,0.0,88.0,63.4,22,88.0,20,0,,12,0.91,20.0,29.0,-9.0,-0.42,-0.26,0.0,11.0,5.0,2.0,0.0,43.0,11.0,,,0.0,,,,,,,,,,,,,,,
FRA-Ligue 1,2324,Le Havre,Gautier Lloris,FRA,DF,28.0,1995.0,31.0,31.0,2778.0,30.9,2.0,0.0,2.0,2.0,0.0,0.0,2.0,0.0,0.06,0.0,0.06,0.06,0.06,30.9,2.0,16.0,5.0,31.3,0.52,0.16,0.13,0.4,0.0,0.0,90.0,90.8,31,90.0,29,0,,2,1.03,33.0,41.0,-8.0,-0.26,0.7,0.0,35.0,6.0,1.0,3.0,33.0,28.0,,,0.0,,,,,,,,,,,,,,,
FRA-Ligue 1,2324,Le Havre,Issa Soumaré,SEN,"FW,MF",22.0,2000.0,7.0,3.0,237.0,2.6,0.0,0.0,0.0,0.0,0.0,0.0,0.0,0.0,0.0,0.0,0.0,0.0,0.0,2.6,0.0,5.0,1.0,20.0,1.9,0.38,0.0,0.0,0.0,0.0,34.0,7.7,3,62.0,0,4,13.0,4,0.57,2.0,7.0,-5.0,-1.9,-1.71,0.0,7.0,8.0,4.0,2.0,0.0,1.0,,,0.0,,,,,,,,,,,,,,,
FRA-Ligue 1,2324,Le Havre,Josué Casimir,HAI,"MF,FW",21.0,2001.0,30.0,25.0,2016.0,22.4,0.0,5.0,5.0,0.0,0.0,0.0,6.0,0.0,0.0,0.22,0.22,0.0,0.22,22.4,0.0,21.0,3.0,14.3,0.94,0.13,0.0,0.0,0.0,0.0,67.0,65.9,25,75.0,6,5,30.0,0,0.9,20.0,29.0,-9.0,-0.4,-0.23,0.0,25.0,28.0,7.0,52.0,13.0,18.0,,,0.0,,,,,,,,,,,,,,,
FRA-Ligue 1,2324,Le Havre,Loïc Nego,HUN,"MF,DF",32.0,1991.0,28.0,18.0,1561.0,17.3,0.0,3.0,3.0,0.0,0.0,0.0,3.0,0.0,0.0,0.17,0.17,0.0,0.17,17.3,0.0,18.0,4.0,22.2,1.04,0.23,0.0,0.0,0.0,0.0,56.0,51.0,18,74.0,5,10,23.0,3,0.89,18.0,20.0,-2.0,-0.12,0.43,0.0,22.0,17.0,3.0,44.0,16.0,26.0,,,0.0,,,,,,,,,,,,,,,
FRA-Ligue 1,2324,Le Havre,Mathieu Gorgelin,FRA,GK,32.0,1990.0,1.0,1.0,90.0,1.0,0.0,0.0,0.0,0.0,0.0,0.0,1.0,0.0,0.0,0.0,0.0,0.0,0.0,1.0,0.0,0.0,0.0,,0.0,0.0,,,0.0,0.0,90.0,2.9,1,90.0,1,0,,29,0.0,1.0,2.0,-1.0,-1.0,-0.7,0.0,0.0,0.0,0.0,0.0,0.0,0.0,,,0.0,2.0,2.0,5.0,3.0,60.0,0.0,0.0,1.0,0.0,0.0,1.0,1.0,0.0,0.0,0.0
FRA-Ligue 1,2324,Le Havre,Mohamed Lamine Bayo,GUI,FW,25.0,1998.0,22.0,16.0,1389.0,15.4,5.0,1.0,6.0,3.0,2.0,2.0,4.0,0.0,0.32,0.06,0.39,0.19,0.26,15.4,5.0,47.0,19.0,40.4,3.05,1.23,0.11,0.26,2.0,2.0,63.0,45.4,16,81.0,4,6,16.0,1,0.91,14.0,17.0,-3.0,-0.19,0.24,0.0,14.0,12.0,7.0,8.0,2.0,6.0,,,0.0,,,,,,,,,,,,,,,
FRA-Ligue 1,2324,Le Havre,Nabil Alioui,FRA,"MF,FW",24.0,1999.0,18.0,12.0,1009.0,11.2,4.0,1.0,5.0,4.0,0.0,0.0,1.0,0.0,0.36,0.09,0.45,0.36,0.45,11.2,4.0,28.0,9.0,32.1,2.5,0.8,0.14,0.44,0.0,0.0,56.0,33.0,12,71.0,0,6,26.0,1,1.11,10.0,14.0,-4.0,-0.36,-0.05,0.0,10.0,20.0,6.0,54.0,3.0,2.0,,,0.0,,,,,,,,,,,,,,,
FRA-Ligue 1,2324,Le Havre,Nolan Mbemba,CGO,MF,28.0,1995.0,6.0,0.0,22.0,0.2,1.0,0.0,1.0,1.0,0.0,0.0,0.0,0.0,4.09,0.0,4.09,4.09,4.09,0.2,1.0,2.0,1.0,50.0,8.18,4.09,0.5,1.0,0.0,0.0,4.0,0.7,0,,0,6,4.0,7,1.83,1.0,0.0,1.0,4.09,4.45,0.0,0.0,0.0,0.0,2.0,0.0,1.0,,,0.0,,,,,,,,,,,,,,,
FRA-Ligue 1,2324,Le Havre,Oualid El Hajjam,MAR,"DF,MF",32.0,1991.0,13.0,4.0,393.0,4.4,0.0,0.0,0.0,0.0,0.0,0.0,1.0,0.0,0.0,0.0,0.0,0.0,0.0,4.4,0.0,8.0,3.0,37.5,1.83,0.69,0.0,0.0,0.0,0.0,30.0,12.8,4,85.0,2,9,6.0,17,1.38,4.0,8.0,-4.0,-0.92,-0.68,0.0,13.0,4.0,1.0,10.0,6.0,6.0,,,0.0,,,,,,,,,,,,,,,
FRA-Ligue 1,2324,Le Havre,Oussama Targhalline,MAR,MF,21.0,2002.0,14.0,12.0,1025.0,11.4,0.0,0.0,0.0,0.0,0.0,0.0,4.0,1.0,0.0,0.0,0.0,0.0,0.0,11.4,0.0,6.0,0.0,0.0,0.53,0.0,0.0,,0.0,0.0,73.0,33.5,12,80.0,3,2,30.0,1,1.14,19.0,15.0,4.0,0.35,1.01,1.0,13.0,22.0,0.0,8.0,20.0,10.0,,,0.0,,,,,,,,,,,,,,,
FRA-Ligue 1,2324,Le Havre,Rassoul Ndiaye,SEN,MF,21.0,2001.0,19.0,6.0,526.0,5.8,0.0,0.0,0.0,0.0,0.0,0.0,4.0,2.0,0.0,0.0,0.0,0.0,0.0,5.8,0.0,5.0,1.0,20.0,0.86,0.17,0.0,0.0,0.0,0.0,28.0,17.2,6,56.0,0,13,15.0,6,1.0,7.0,11.0,-4.0,-0.68,-0.44,1.0,12.0,4.0,1.0,8.0,3.0,16.0,,,0.0,,,,,,,,,,,,,,,
FRA-Ligue 1,2324,Le Havre,Samuel Grandsir,FRA,MF,26.0,1996.0,23.0,4.0,606.0,6.7,1.0,1.0,2.0,1.0,0.0,1.0,4.0,2.0,0.15,0.15,0.3,0.15,0.3,6.7,1.0,15.0,6.0,40.0,2.23,0.89,0.07,0.17,0.0,1.0,26.0,19.8,4,72.0,1,19,17.0,8,0.7,6.0,13.0,-7.0,-1.04,-0.89,1.0,18.0,5.0,4.0,44.0,3.0,12.0,,,0.0,,,,,,,,,,,,,,,
FRA-Ligue 1,2324,Le Havre,Simon Ebonog,CMR,MF,18.0,2004.0,4.0,0.0,20.0,0.2,0.0,0.0,0.0,0.0,0.0,0.0,0.0,0.0,0.0,0.0,0.0,0.0,0.0,0.2,0.0,0.0,0.0,,0.0,0.0,,,0.0,0.0,5.0,0.7,0,,0,4,5.0,4,0.25,0.0,1.0,-1.0,-4.5,-4.2,0.0,0.0,1.0,0.0,0.0,0.0,1.0,,,0.0,,,,,,,,,,,,,,,
FRA-Ligue 1,2324,Le Havre,Steve Ngoura,FRA,FW,18.0,2005.0,12.0,1.0,223.0,2.5,0.0,1.0,1.0,0.0,0.0,0.0,0.0,0.0,0.0,0.4,0.4,0.0,0.4,2.5,0.0,7.0,2.0,28.6,2.83,0.81,0.0,0.0,0.0,0.0,19.0,7.3,1,60.0,0,11,15.0,3,0.67,2.0,4.0,-2.0,-0.81,-0.52,0.0,6.0,1.0,2.0,1.0,0.0,1.0,,,0.0,,,,,,,,,,,,,,,
FRA-Ligue 1,2324,Le Havre,Yassine Kechta,MAR,MF,21.0,2002.0,32.0,21.0,1849.0,20.5,2.0,1.0,3.0,2.0,0.0,0.0,4.0,0.0,0.1,0.05,0.15,0.1,0.15,20.5,2.0,20.0,9.0,45.0,0.97,0.44,0.1,0.22,0.0,0.0,58.0,60.4,21,78.0,4,11,20.0,1,0.97,22.0,24.0,-2.0,-0.1,0.57,0.0,30.0,31.0,0.0,20.0,21.0,24.0,,,0.0,,,,,,,,,,,,,,,
FRA-Ligue 1,2324,Le Havre,Yoann Salmier,GUF,DF,30.0,1992.0,20.0,18.0,1568.0,17.4,1.0,1.0,2.0,1.0,0.0,0.0,3.0,0.0,0.06,0.06,0.11,0.06,0.11,17.4,1.0,10.0,4.0,40.0,0.57,0.23,0.1,0.25,0.0,0.0,78.0,51.2,18,86.0,15,2,6.0,12,1.0,19.0,21.0,-2.0,-0.11,0.43,0.0,18.0,9.0,3.0,10.0,21.0,9.0,,,1.0,,,,,,,,,,,,,,,
FRA-Ligue 1,2324,Lens,Abdukodir Khusanov,UZB,DF,19.0,2004.0,11.0,9.0,809.0,9.0,0.0,0.0,0.0,0.0,0.0,0.0,5.0,0.0,0.0,0.0,0.0,0.0,0.0,9.0,0.0,5.0,2.0,40.0,0.56,0.22,0.0,0.0,0.0,0.0,74.0,26.4,9,84.0,6,2,25.0,16,1.45,11.0,10.0,1.0,0.11,-0.17,0.0,9.0,7.0,0.0,2.0,13.0,11.0,,,0.0,,,,,,,,,,,,,,,
FRA-Ligue 1,2324,Lens,Adrien Thomasson,FRA,MF,29.0,1993.0,29.0,13.0,1193.0,13.3,1.0,2.0,3.0,1.0,0.0,0.0,2.0,1.0,0.08,0.15,0.23,0.08,0.23,13.3,1.0,31.0,6.0,19.4,2.34,0.45,0.03,0.17,0.0,0.0,41.0,39.0,13,71.0,1,16,17.0,4,1.45,14.0,15.0,-1.0,-0.08,-0.51,0.0,16.0,16.0,5.0,47.0,9.0,14.0,,,0.0,,,,,,,,,,,,,,,
FRA-Ligue 1,2324,Lens,Andy Diouf,FRA,MF,20.0,2003.0,25.0,16.0,1314.0,14.6,1.0,0.0,1.0,1.0,0.0,0.0,2.0,0.0,0.07,0.0,0.07,0.07,0.07,14.6,1.0,28.0,8.0,28.6,1.92,0.55,0.04,0.13,0.0,0.0,53.0,42.9,16,73.0,1,9,17.0,8,1.2,20.0,19.0,1.0,0.07,-0.29,0.0,12.0,15.0,0.0,46.0,2.0,19.0,,,0.0,,,,,,,,,,,,,,,
FRA-Ligue 1,2324,Lens,Angelo Fulgini,NCL,MF,26.0,1996.0,29.0,16.0,1376.0,15.3,1.0,2.0,3.0,1.0,0.0,0.0,1.0,0.0,0.07,0.13,0.2,0.07,0.2,15.3,1.0,46.0,10.0,21.7,3.01,0.65,0.02,0.1,0.0,0.0,47.0,45.0,16,69.0,0,13,21.0,5,1.34,16.0,16.0,0.0,0.0,-0.43,0.0,8.0,25.0,1.0,112.0,8.0,14.0,,,0.0,,,,,,,,,,,,,,,
FRA-Ligue 1,2324,Lens,Ayanda Sishuba,BEL,MF,18.0,2005.0,7.0,0.0,62.0,0.7,0.0,0.0,0.0,0.0,0.0,0.0,0.0,0.0,0.0,0.0,0.0,0.0,0.0,0.7,0.0,12.0,2.0,16.7,17.42,2.9,0.0,0.0,0.0,0.0,9.0,2.0,0,,0,7,9.0,9,0.71,1.0,3.0,-2.0,-2.9,-3.2,0.0,3.0,4.0,0.0,0.0,0.0,1.0,,,0.0,,,,,,,,,,,,,,,
FRA-Ligue 1,2324,Lens,Brice Samba,FRA,GK,29.0,1994.0,33.0,33.0,2970.0,33.0,0.0,0.0,0.0,0.0,0.0,0.0,3.0,0.0,0.0,0.0,0.0,0.0,0.0,33.0,0.0,0.0,0.0,,0.0,0.0,,,0.0,0.0,90.0,97.1,33,90.0,33,0,,0,1.52,43.0,35.0,8.0,0.24,0.24,0.0,1.0,3.0,0.0,0.0,0.0,1.0,,,1.0,35.0,1.06,131.0,102.0,73.3,14.0,8.0,11.0,13.0,39.4,8.0,6.0,1.0,1.0,14.3
FRA-Ligue 1,2324,Lens,David Costa,POR,MF,22.0,2001.0,25.0,17.0,1494.0,16.6,4.0,2.0,6.0,4.0,0.0,0.0,3.0,0.0,0.24,0.12,0.36,0.24,0.36,16.6,4.0,30.0,14.0,46.7,1.81,0.84,0.13,0.29,0.0,0.0,60.0,48.8,17,80.0,4,8,16.0,2,1.44,26.0,19.0,7.0,0.42,0.36,0.0,12.0,23.0,0.0,77.0,15.0,10.0,,,0.0,,,,,,,,,,,,,,,
FRA-Ligue 1,2324,Lens,Deiver Machado,COL,MF,29.0,1993.0,19.0,13.0,1124.0,12.5,4.0,0.0,4.0,4.0,0.0,0.0,4.0,0.0,0.32,0.0,0.32,0.32,0.32,12.5,4.0,16.0,8.0,50.0,1.28,0.64,0.25,0.5,0.0,0.0,59.0,36.7,13,75.0,4,6,24.0,1,1.42,18.0,16.0,2.0,0.16,-0.12,0.0,30.0,27.0,2.0,29.0,5.0,18.0,,,0.0,,,,,,,,,,,,,,,
FRA-Ligue 1,2324,Lens,Elye Wahi,CIV,FW,20.0,2003.0,27.0,20.0,1692.0,18.8,9.0,3.0,12.0,8.0,1.0,1.0,10.0,1.0,0.48,0.16,0.64,0.43,0.59,18.8,9.0,60.0,32.0,53.3,3.19,1.7,0.15,0.28,1.0,1.0,63.0,55.3,20,75.0,2,7,28.0,1,1.52,25.0,18.0,7.0,0.37,0.31,1.0,20.0,16.0,25.0,9.0,3.0,4.0,,,0.0,,,,,,,,,,,,,,,
FRA-Ligue 1,2324,Lens,Facundo Medina,ARG,DF,24.0,1999.0,31.0,30.0,2714.0,30.2,1.0,3.0,4.0,1.0,0.0,0.0,11.0,0.0,0.03,0.1,0.13,0.03,0.13,30.2,1.0,21.0,12.0,57.1,0.7,0.4,0.05,0.08,0.0,0.0,88.0,88.7,30,90.0,29,1,17.0,0,1.45,42.0,36.0,6.0,0.2,-0.32,0.0,51.0,19.0,2.0,21.0,23.0,39.0,,,0.0,,,,,,,,,,,,,,,
FRA-Ligue 1,2324,Lens,Faitout Maouassa,FRA,MF,25.0,1998.0,3.0,1.0,76.0,0.8,0.0,0.0,0.0,0.0,0.0,0.0,0.0,0.0,0.0,0.0,0.0,0.0,0.0,0.8,0.0,3.0,2.0,66.7,3.55,2.37,0.0,0.0,0.0,0.0,25.0,2.5,1,45.0,0,2,16.0,6,1.0,0.0,1.0,-1.0,-1.18,-1.46,0.0,2.0,1.0,0.0,3.0,0.0,1.0,,,0.0,,,,,,,,,,,,,,,
FRA-Ligue 1,2324,Lens,Florian Sotoca,FRA,"MF,FW",32.0,1990.0,32.0,29.0,2598.0,28.9,7.0,6.0,13.0,3.0,4.0,4.0,4.0,1.0,0.24,0.21,0.45,0.1,0.31,28.9,7.0,69.0,22.0,31.9,2.39,0.76,0.1,0.32,4.0,4.0,81.0,84.9,29,86.0,20,3,30.0,0,1.47,36.0,34.0,2.0,0.07,-1.1,0.0,27.0,40.0,13.0,95.0,20.0,23.0,,,0.0,,,,,,,,,,,,,,,
FRA-Ligue 1,2324,Lens,Jean-Louis Leca,FRA,GK,37.0,1985.0,1.0,1.0,90.0,1.0,0.0,0.0,0.0,0.0,0.0,0.0,0.0,0.0,0.0,0.0,0.0,0.0,0.0,1.0,0.0,0.0,0.0,,0.0,0.0,,,0.0,0.0,90.0,2.9,1,90.0,1,0,,33,1.0,2.0,2.0,0.0,0.0,-0.24,0.0,0.0,0.0,0.0,0.0,0.0,0.0,,,0.0,2.0,2.0,3.0,1.0,33.3,0.0,1.0,0.0,0.0,0.0,0.0,0.0,0.0,0.0,
FRA-Ligue 1,2324,Lens,Jhoanner Chávez,ECU,"MF,DF",21.0,2002.0,8.0,6.0,481.0,5.3,0.0,0.0,0.0,0.0,0.0,0.0,1.0,0.0,0.0,0.0,0.0,0.0,0.0,5.3,0.0,3.0,0.0,0.0,0.56,0.0,0.0,,0.0,0.0,60.0,15.7,6,67.0,0,2,39.0,1,1.25,7.0,6.0,1.0,0.19,-0.06,0.0,10.0,4.0,3.0,13.0,5.0,5.0,,,0.0,,,,,,,,,,,,,,,
FRA-Ligue 1,2324,Lens,Jonathan Gradit,FRA,DF,30.0,1992.0,26.0,26.0,2112.0,23.5,1.0,0.0,1.0,1.0,0.0,0.0,9.0,1.0,0.04,0.0,0.04,0.04,0.04,23.5,1.0,4.0,1.0,25.0,0.17,0.04,0.25,1.0,0.0,0.0,81.0,69.0,26,81.0,19,0,,1,1.54,34.0,23.0,11.0,0.47,0.75,0.0,31.0,26.0,0.0,17.0,36.0,20.0,,,0.0,,,,,,,,,,,,,,,
FRA-Ligue 1,2324,Lens,Julien Le Cardinal,FRA,DF,25.0,1997.0,2.0,0.0,58.0,0.6,0.0,0.0,0.0,0.0,0.0,0.0,0.0,0.0,0.0,0.0,0.0,0.0,0.0,0.6,0.0,0.0,0.0,,0.0,0.0,,,0.0,0.0,29.0,1.9,0,,0,2,29.0,1,0.0,1.0,3.0,-2.0,-3.1,-3.4,0.0,2.0,1.0,0.0,4.0,0.0,2.0,,,0.0,,,,,,,,,,,,,,,
FRA-Ligue 1,2324,Lens,Kevin Danso,AUT,DF,24.0,1998.0,30.0,30.0,2655.0,29.5,1.0,0.0,1.0,1.0,0.0,0.0,6.0,0.0,0.03,0.0,0.03,0.03,0.03,29.5,1.0,21.0,5.0,23.8,0.71,0.17,0.05,0.2,0.0,0.0,89.0,86.8,30,89.0,29,0,,0,1.53,37.0,32.0,5.0,0.17,-0.5,0.0,24.0,48.0,2.0,3.0,23.0,16.0,,,0.0,,,,,,,,,,,,,,,
FRA-Ligue 1,2324,Lens,Massadio Haïdara,MLI,"DF,MF",30.0,1992.0,18.0,7.0,741.0,8.2,0.0,1.0,1.0,0.0,0.0,0.0,1.0,0.0,0.0,0.12,0.12,0.0,0.12,8.2,0.0,3.0,0.0,0.0,0.36,0.0,0.0,,0.0,0.0,41.0,24.2,7,76.0,3,11,19.0,8,1.72,8.0,8.0,0.0,0.0,-0.31,0.0,11.0,7.0,2.0,21.0,11.0,8.0,,,0.0,,,,,,,,,,,,,,,
FRA-Ligue 1,2324,Lens,Morgan Guilavogui,GUI,FW,25.0,1998.0,23.0,2.0,566.0,6.3,2.0,0.0,2.0,2.0,0.0,0.0,1.0,0.0,0.32,0.0,0.32,0.32,0.32,6.3,2.0,21.0,8.0,38.1,3.34,1.27,0.1,0.25,0.0,0.0,25.0,18.5,2,71.0,0,21,20.0,6,1.52,11.0,5.0,6.0,0.95,0.88,0.0,14.0,7.0,7.0,5.0,5.0,10.0,,,0.0,,,,,,,,,,,,,,,
FRA-Ligue 1,2324,Lens,Nampalys Mendy,SEN,MF,31.0,1992.0,16.0,13.0,1052.0,11.7,0.0,1.0,1.0,0.0,0.0,0.0,2.0,0.0,0.0,0.09,0.09,0.0,0.09,11.7,0.0,7.0,2.0,28.6,0.6,0.17,0.0,0.0,0.0,0.0,66.0,34.4,13,77.0,5,3,16.0,8,1.69,15.0,10.0,5.0,0.43,0.29,0.0,16.0,25.0,0.0,7.0,13.0,19.0,,,0.0,,,,,,,,,,,,,,,
FRA-Ligue 1,2324,Lens,Neil El Aynaoui,MAR,MF,22.0,2001.0,25.0,17.0,1566.0,17.4,1.0,2.0,3.0,1.0,0.0,0.0,1.0,0.0,0.06,0.11,0.17,0.06,0.17,17.4,1.0,22.0,8.0,36.4,1.26,0.46,0.05,0.13,0.0,0.0,63.0,51.2,17,84.0,8,8,18.0,1,1.76,26.0,16.0,10.0,0.57,0.7,0.0,21.0,40.0,1.0,7.0,32.0,21.0,,,0.0,,,,,,,,,,,,,,,
FRA-Ligue 1,2324,Lens,Oscar Cortés,COL,MF,19.0,2003.0,4.0,0.0,44.0,0.5,1.0,1.0,2.0,1.0,0.0,0.0,0.0,0.0,2.05,2.05,4.09,2.05,4.09,0.5,1.0,1.0,1.0,100.0,2.05,2.05,1.0,1.0,0.0,0.0,11.0,1.4,0,,0,4,11.0,5,1.75,2.0,0.0,2.0,4.09,3.91,0.0,0.0,1.0,1.0,2.0,0.0,0.0,,,0.0,,,,,,,,,,,,,,,
FRA-Ligue 1,2324,Lens,Przemysław Frankowski,POL,MF,28.0,1995.0,30.0,24.0,2192.0,24.4,3.0,2.0,5.0,2.0,1.0,2.0,4.0,0.0,0.12,0.08,0.21,0.08,0.16,24.4,3.0,31.0,10.0,32.3,1.27,0.41,0.1,0.3,1.0,2.0,73.0,71.6,24,84.0,17,6,31.0,2,1.4,28.0,23.0,5.0,0.21,-0.11,0.0,33.0,12.0,0.0,118.0,24.0,39.0,,,0.0,,,,,,,,,,,,,,,
FRA-Ligue 1,2324,Lens,Ruben Aguilar,FRA,"MF,DF",30.0,1993.0,25.0,22.0,1922.0,21.4,1.0,3.0,4.0,1.0,0.0,0.0,3.0,0.0,0.05,0.14,0.19,0.05,0.19,21.4,1.0,12.0,4.0,33.3,0.56,0.19,0.08,0.25,0.0,0.0,77.0,62.8,22,86.0,16,3,13.0,3,1.8,33.0,19.0,14.0,0.66,1.13,0.0,20.0,24.0,3.0,75.0,24.0,33.0,,,0.0,,,,,,,,,,,,,,,
FRA-Ligue 1,2324,Lens,Salis Abdul Samed,GHA,MF,23.0,2000.0,27.0,17.0,1519.0,16.9,0.0,0.0,0.0,0.0,0.0,0.0,2.0,0.0,0.0,0.0,0.0,0.0,0.0,16.9,0.0,5.0,0.0,0.0,0.3,0.0,0.0,,0.0,0.0,56.0,49.6,17,81.0,11,10,15.0,4,1.74,20.0,18.0,2.0,0.12,-0.23,0.0,34.0,16.0,0.0,3.0,13.0,14.0,,,0.0,,,,,,,,,,,,,,,
FRA-Ligue 1,2324,Lens,Stijn Spierings,NED,MF,27.0,1996.0,4.0,1.0,118.0,1.3,0.0,0.0,0.0,0.0,0.0,0.0,2.0,0.0,0.0,0.0,0.0,0.0,0.0,1.3,0.0,0.0,0.0,,0.0,0.0,,,0.0,0.0,30.0,3.9,1,56.0,0,3,21.0,0,0.25,1.0,5.0,-4.0,-3.05,-3.42,0.0,5.0,2.0,0.0,1.0,2.0,0.0,,,0.0,,,,,,,,,,,,,,,
FRA-Ligue 1,2324,Lens,Wesley Saïd,FRA,FW,28.0,1995.0,27.0,11.0,1020.0,11.3,7.0,1.0,8.0,7.0,0.0,0.0,1.0,0.0,0.62,0.09,0.71,0.62,0.71,11.3,7.0,45.0,19.0,42.2,3.97,1.68,0.16,0.37,0.0,0.0,38.0,33.3,11,65.0,0,16,19.0,1,1.48,16.0,13.0,3.0,0.26,0.04,0.0,33.0,15.0,8.0,16.0,5.0,5.0,,,0.0,,,,,,,,,,,,,,,
FRA-Ligue 1,2324,Lille,Aaron Malouda,FRA,FW,17.0,2005.0,1.0,0.0,1.0,0.0,0.0,0.0,0.0,0.0,0.0,0.0,0.0,0.0,0.0,0.0,0.0,0.0,0.0,0.0,0.0,0.0,0.0,,0.0,0.0,,,0.0,0.0,1.0,0.0,0,,0,1,1.0,8,3.0,0.0,0.0,0.0,0.0,-0.53,0.0,0.0,0.0,0.0,0.0,0.0,0.0,,,0.0,,,,,,,,,,,,,,,
FRA-Ligue 1,2324,Lille,Adam Ounas,ALG,MF,26.0,1996.0,17.0,3.0,418.0,4.6,1.0,0.0,1.0,1.0,0.0,0.0,0.0,0.0,0.22,0.0,0.22,0.22,0.22,4.6,1.0,9.0,4.0,44.4,1.94,0.86,0.11,0.25,0.0,0.0,25.0,13.7,3,73.0,1,14,14.0,1,1.76,10.0,6.0,4.0,0.86,0.38,0.0,3.0,12.0,1.0,22.0,6.0,3.0,,,0.0,,,,,,,,,,,,,,,
FRA-Ligue 1,2324,Lille,Alan Virginius,FRA,MF,20.0,2003.0,2.0,1.0,71.0,0.8,0.0,0.0,0.0,0.0,0.0,0.0,0.0,0.0,0.0,0.0,0.0,0.0,0.0,0.8,0.0,0.0,0.0,,0.0,0.0,,,0.0,0.0,36.0,2.3,1,66.0,0,1,5.0,5,2.0,0.0,1.0,-1.0,-1.27,-1.84,0.0,0.0,0.0,0.0,1.0,0.0,1.0,,,0.0,,,,,,,,,,,,,,,
FRA-Ligue 1,2324,Lille,Alexsandro Ribeiro,BRA,DF,23.0,1999.0,29.0,24.0,2220.0,24.7,0.0,0.0,0.0,0.0,0.0,0.0,6.0,1.0,0.0,0.0,0.0,0.0,0.0,24.7,0.0,17.0,2.0,11.8,0.69,0.08,0.0,0.0,0.0,0.0,77.0,72.5,24,89.0,22,5,16.0,3,1.93,38.0,19.0,19.0,0.77,0.88,0.0,26.0,37.0,1.0,2.0,36.0,24.0,,,1.0,,,,,,,,,,,,,,,
FRA-Ligue 1,2324,Lille,Andrej Ilic,SRB,FW,23.0,2000.0,2.0,0.0,9.0,0.1,0.0,0.0,0.0,0.0,0.0,0.0,0.0,0.0,0.0,0.0,0.0,0.0,0.0,0.1,0.0,0.0,0.0,,0.0,0.0,,,0.0,0.0,5.0,0.3,0,,0,2,5.0,1,3.0,0.0,0.0,0.0,0.0,-0.53,0.0,1.0,0.0,0.0,0.0,0.0,0.0,,,0.0,,,,,,,,,,,,,,,
FRA-Ligue 1,2324,Lille,Angel Gomes,ENG,MF,22.0,2000.0,31.0,29.0,2571.0,28.6,0.0,8.0,8.0,0.0,0.0,0.0,5.0,0.0,0.0,0.28,0.28,0.0,0.28,28.6,0.0,34.0,7.0,20.6,1.19,0.25,0.0,0.0,0.0,0.0,83.0,84.0,29,86.0,14,2,41.0,0,1.61,44.0,27.0,17.0,0.6,0.41,0.0,31.0,37.0,0.0,45.0,18.0,13.0,,,0.0,,,,,,,,,,,,,,,
FRA-Ligue 1,2324,Lille,Ayyoub Bouaddi,MAR,MF,15.0,2007.0,9.0,1.0,131.0,1.5,0.0,0.0,0.0,0.0,0.0,0.0,3.0,1.0,0.0,0.0,0.0,0.0,0.0,1.5,0.0,0.0,0.0,,0.0,0.0,,,0.0,0.0,15.0,4.3,1,44.0,0,8,11.0,15,2.0,2.0,1.0,1.0,0.69,0.16,1.0,8.0,0.0,0.0,2.0,1.0,2.0,,,0.0,,,,,,,,,,,,,,,
FRA-Ligue 1,2324,Lille,Bafodé Diakité,FRA,DF,22.0,2001.0,21.0,19.0,1696.0,18.8,5.0,2.0,7.0,5.0,0.0,0.0,4.0,0.0,0.27,0.11,0.37,0.27,0.37,18.8,5.0,16.0,7.0,43.8,0.85,0.37,0.31,0.71,0.0,0.0,81.0,55.4,19,89.0,17,2,6.0,4,1.76,28.0,22.0,6.0,0.32,-0.47,0.0,16.0,12.0,2.0,3.0,17.0,22.0,,,0.0,,,,,,,,,,,,,,,
FRA-Ligue 1,2324,Lille,Benjamin André,FRA,MF,32.0,1990.0,30.0,29.0,2570.0,28.6,4.0,0.0,4.0,4.0,0.0,0.0,8.0,0.0,0.14,0.0,0.14,0.14,0.14,28.6,4.0,23.0,9.0,39.1,0.81,0.32,0.17,0.44,0.0,0.0,86.0,84.0,29,87.0,23,1,35.0,0,1.77,39.0,24.0,15.0,0.53,-0.03,0.0,52.0,44.0,1.0,19.0,33.0,48.0,,,0.0,,,,,,,,,,,,,,,
FRA-Ligue 1,2324,Lille,Carlos Baleba,CMR,MF,19.0,2004.0,2.0,1.0,61.0,0.7,0.0,0.0,0.0,0.0,0.0,0.0,0.0,0.0,0.0,0.0,0.0,0.0,0.0,0.7,0.0,2.0,1.0,50.0,2.95,1.48,0.0,0.0,0.0,0.0,31.0,2.0,1,60.0,0,1,1.0,1,2.0,1.0,1.0,0.0,0.0,-0.54,0.0,2.0,2.0,0.0,0.0,2.0,3.0,,,0.0,,,,,,,,,,,,,,,
FRA-Ligue 1,2324,Lille,Edon Zhegrova,KVX,"MF,FW",24.0,1999.0,33.0,25.0,2288.0,25.4,6.0,6.0,12.0,6.0,0.0,0.0,3.0,1.0,0.24,0.24,0.47,0.24,0.47,25.4,6.0,82.0,29.0,35.4,3.23,1.14,0.07,0.21,0.0,0.0,69.0,74.8,25,82.0,6,8,31.0,1,1.76,41.0,21.0,20.0,0.79,1.02,0.0,23.0,31.0,11.0,174.0,8.0,17.0,,,0.0,,,,,,,,,,,,,,,
FRA-Ligue 1,2324,Lille,Gabriel Gudmundsson,SWE,"MF,DF",24.0,1999.0,25.0,14.0,1267.0,14.1,1.0,0.0,1.0,1.0,0.0,0.0,2.0,0.0,0.07,0.0,0.07,0.07,0.07,14.1,1.0,15.0,5.0,33.3,1.07,0.36,0.07,0.2,0.0,0.0,51.0,41.4,14,80.0,7,11,14.0,9,1.72,21.0,12.0,9.0,0.64,0.19,0.0,21.0,19.0,4.0,34.0,16.0,16.0,,,0.0,,,,,,,,,,,,,,,
FRA-Ligue 1,2324,Lille,Hákon Haraldsson,ISL,"MF,FW",20.0,2003.0,26.0,15.0,1284.0,14.3,2.0,0.0,2.0,2.0,0.0,0.0,5.0,0.0,0.14,0.0,0.14,0.14,0.14,14.3,2.0,12.0,6.0,50.0,0.84,0.42,0.17,0.33,0.0,0.0,49.0,42.0,15,73.0,1,11,17.0,7,1.73,16.0,21.0,-5.0,-0.35,-1.52,0.0,14.0,28.0,1.0,7.0,3.0,8.0,,,0.0,,,,,,,,,,,,,,,
FRA-Ligue 1,2324,Lille,Ichem Ferrah,FRA,FW,17.0,2005.0,1.0,0.0,3.0,0.0,0.0,0.0,0.0,0.0,0.0,0.0,0.0,0.0,0.0,0.0,0.0,0.0,0.0,0.0,0.0,0.0,0.0,,0.0,0.0,,,0.0,0.0,3.0,0.1,0,,0,1,3.0,0,3.0,0.0,0.0,0.0,0.0,-0.53,0.0,1.0,0.0,0.0,0.0,0.0,0.0,,,0.0,,,,,,,,,,,,,,,
FRA-Ligue 1,2324,Lille,Ignacio Miramon,ARG,MF,20.0,2003.0,2.0,1.0,39.0,0.4,0.0,0.0,0.0,0.0,0.0,0.0,0.0,0.0,0.0,0.0,0.0,0.0,0.0,0.4,0.0,2.0,1.0,50.0,4.62,2.31,0.0,0.0,0.0,0.0,20.0,1.3,1,38.0,0,1,1.0,17,1.5,0.0,2.0,-2.0,-4.62,-5.21,0.0,0.0,1.0,0.0,0.0,0.0,0.0,,,0.0,,,,,,,,,,,,,,,
FRA-Ligue 1,2324,Lille,Ismaily,BRA,DF,33.0,1990.0,30.0,28.0,2465.0,27.4,1.0,1.0,2.0,1.0,0.0,0.0,1.0,0.0,0.04,0.04,0.07,0.04,0.07,27.4,1.0,7.0,4.0,57.1,0.26,0.15,0.14,0.25,0.0,0.0,82.0,80.6,28,87.0,24,2,16.0,2,1.67,43.0,31.0,12.0,0.44,-0.47,0.0,15.0,22.0,3.0,30.0,31.0,48.0,,,0.0,,,,,,,,,,,,,,,
FRA-Ligue 1,2324,Lille,Ivan Cavaleiro,POR,"MF,FW",29.0,1993.0,17.0,9.0,770.0,8.6,1.0,1.0,2.0,1.0,0.0,0.0,1.0,0.0,0.12,0.12,0.23,0.12,0.23,8.6,1.0,11.0,3.0,27.3,1.29,0.35,0.09,0.33,0.0,0.0,45.0,25.2,9,74.0,0,8,13.0,6,1.94,14.0,3.0,11.0,1.29,1.01,0.0,10.0,7.0,2.0,29.0,4.0,6.0,,,0.0,,,,,,,,,,,,,,,
FRA-Ligue 1,2324,Lille,Jonathan David,CAN,FW,23.0,2000.0,34.0,30.0,2629.0,29.2,19.0,4.0,23.0,17.0,2.0,3.0,4.0,0.0,0.65,0.14,0.79,0.58,0.72,29.2,19.0,79.0,47.0,59.5,2.7,1.61,0.24,0.4,2.0,3.0,77.0,85.9,30,86.0,14,4,14.0,0,1.74,48.0,31.0,17.0,0.58,0.37,0.0,29.0,54.0,13.0,2.0,9.0,17.0,,,0.0,,,,,,,,,,,,,,,
FRA-Ligue 1,2324,Lille,Leny Yoro,FRA,DF,17.0,2005.0,32.0,30.0,2673.0,29.7,2.0,0.0,2.0,2.0,0.0,0.0,5.0,0.0,0.07,0.0,0.07,0.07,0.07,29.7,2.0,14.0,8.0,57.1,0.47,0.27,0.14,0.25,0.0,0.0,84.0,87.4,30,89.0,29,2,8.0,2,1.72,47.0,31.0,16.0,0.54,0.07,0.0,20.0,16.0,0.0,1.0,36.0,24.0,,,1.0,,,,,,,,,,,,,,,
FRA-Ligue 1,2324,Lille,Lucas Chevalier,FRA,GK,21.0,2001.0,33.0,33.0,2969.0,33.0,0.0,0.0,0.0,0.0,0.0,0.0,1.0,0.0,0.0,0.0,0.0,0.0,0.0,33.0,0.0,0.0,0.0,,0.0,0.0,,,0.0,0.0,90.0,97.0,33,90.0,32,0,,0,1.76,50.0,32.0,18.0,0.55,0.55,0.0,1.0,7.0,0.0,0.0,0.0,0.0,,,0.0,32.0,0.97,124.0,92.0,74.2,16.0,10.0,7.0,15.0,45.5,5.0,3.0,2.0,0.0,40.0
FRA-Ligue 1,2324,Lille,Nabil Bentaleb,ALG,MF,28.0,1994.0,26.0,23.0,1967.0,21.9,0.0,3.0,3.0,0.0,0.0,0.0,7.0,0.0,0.0,0.14,0.14,0.0,0.14,21.9,0.0,10.0,2.0,20.0,0.46,0.09,0.0,0.0,0.0,0.0,76.0,64.3,23,85.0,19,3,5.0,0,1.73,35.0,24.0,11.0,0.5,-0.07,0.0,24.0,18.0,0.0,6.0,36.0,33.0,,,0.0,,,,,,,,,,,,,,,
FRA-Ligue 1,2324,Lille,Rémy Cabella,FRA,"MF,FW",33.0,1990.0,30.0,14.0,1477.0,16.4,2.0,2.0,4.0,2.0,0.0,0.0,0.0,0.0,0.12,0.12,0.24,0.12,0.24,16.4,2.0,33.0,14.0,42.4,2.01,0.85,0.06,0.14,0.0,0.0,49.0,48.3,14,84.0,6,16,19.0,1,1.8,27.0,17.0,10.0,0.61,0.15,0.0,16.0,39.0,3.0,51.0,4.0,38.0,,,0.0,,,,,,,,,,,,,,,
FRA-Ligue 1,2324,Lille,Samuel Umtiti,FRA,DF,29.0,1993.0,6.0,2.0,185.0,2.1,0.0,0.0,0.0,0.0,0.0,0.0,0.0,0.0,0.0,0.0,0.0,0.0,0.0,2.1,0.0,0.0,0.0,,0.0,0.0,,,0.0,0.0,31.0,6.0,2,68.0,1,4,13.0,10,1.83,2.0,5.0,-3.0,-1.46,-2.12,0.0,3.0,1.0,0.0,0.0,1.0,1.0,,,0.0,,,,,,,,,,,,,,,
FRA-Ligue 1,2324,Lille,Tiago Fonseca Morais,POR,"FW,MF",19.0,2003.0,3.0,0.0,46.0,0.5,0.0,0.0,0.0,0.0,0.0,0.0,0.0,0.0,0.0,0.0,0.0,0.0,0.0,0.5,0.0,1.0,0.0,0.0,1.96,0.0,0.0,,0.0,0.0,15.0,1.5,0,,0,3,15.0,7,3.0,0.0,0.0,0.0,0.0,-0.54,0.0,1.0,0.0,0.0,1.0,1.0,1.0,,,0.0,,,,,,,,,,,,,,,
FRA-Ligue 1,2324,Lille,Tiago Santos,POR,DF,21.0,2002.0,29.0,26.0,2365.0,26.3,1.0,2.0,3.0,1.0,0.0,0.0,6.0,0.0,0.04,0.08,0.11,0.04,0.11,26.3,1.0,33.0,7.0,21.2,1.26,0.27,0.03,0.14,0.0,0.0,82.0,77.3,26,90.0,25,3,12.0,4,1.76,41.0,27.0,14.0,0.53,0.01,0.0,38.0,87.0,0.0,83.0,14.0,40.0,,,0.0,,,,,,,,,,,,,,,
FRA-Ligue 1,2324,Lille,Trévis Dago,CIV,FW,18.0,2005.0,4.0,0.0,23.0,0.3,0.0,1.0,1.0,0.0,0.0,0.0,1.0,0.0,0.0,3.91,3.91,0.0,3.91,0.3,0.0,1.0,0.0,0.0,3.91,0.0,0.0,,0.0,0.0,6.0,0.8,0,,0,4,6.0,4,1.75,2.0,0.0,2.0,7.83,7.35,0.0,2.0,1.0,0.0,1.0,1.0,0.0,,,0.0,,,,,,,,,,,,,,,
FRA-Ligue 1,2324,Lille,Vito Mannone,ITA,GK,35.0,1988.0,2.0,1.0,91.0,1.0,0.0,0.0,0.0,0.0,0.0,0.0,0.0,0.0,0.0,0.0,0.0,0.0,0.0,1.0,0.0,0.0,0.0,,0.0,0.0,,,0.0,0.0,46.0,3.0,1,90.0,1,1,1.0,26,2.0,2.0,2.0,0.0,0.0,-0.55,0.0,0.0,0.0,0.0,0.0,0.0,0.0,,,0.0,2.0,1.98,5.0,3.0,60.0,0.0,1.0,0.0,0.0,0.0,0.0,0.0,0.0,0.0,
FRA-Ligue 1,2324,Lille,Yusuf Yazıcı,TUR,"MF,FW",26.0,1997.0,27.0,16.0,1312.0,14.6,5.0,2.0,7.0,5.0,0.0,0.0,5.0,0.0,0.34,0.14,0.48,0.34,0.48,14.6,5.0,40.0,14.0,35.0,2.74,0.96,0.13,0.36,0.0,0.0,49.0,42.9,16,71.0,2,11,16.0,3,1.63,22.0,15.0,7.0,0.48,-0.09,0.0,19.0,14.0,4.0,18.0,5.0,11.0,,,0.0,,,,,,,,,,,,,,,
FRA-Ligue 1,2324,Lorient,Adrian Grbić,AUT,"FW,MF",26.0,1996.0,1.0,0.0,31.0,0.3,0.0,0.0,0.0,0.0,0.0,0.0,0.0,0.0,0.0,0.0,0.0,0.0,0.0,0.3,0.0,2.0,0.0,0.0,5.81,0.0,0.0,,0.0,0.0,31.0,1.0,0,,0,1,31.0,1,0.0,0.0,2.0,-2.0,-5.81,-5.18,0.0,0.0,0.0,0.0,1.0,0.0,0.0,,,0.0,,,,,,,,,,,,,,,
FRA-Ligue 1,2324,Lorient,Aurélien Pelon,FRA,DF,19.0,2004.0,1.0,1.0,90.0,1.0,0.0,0.0,0.0,0.0,0.0,0.0,1.0,0.0,0.0,0.0,0.0,0.0,0.0,1.0,0.0,0.0,0.0,,0.0,0.0,,,0.0,0.0,90.0,2.9,1,90.0,1,0,,1,0.0,0.0,3.0,-3.0,-3.0,-2.39,0.0,1.0,0.0,0.0,0.0,0.0,0.0,,,0.0,,,,,,,,,,,,,,,
FRA-Ligue 1,2324,Lorient,Ayman Kari,FRA,MF,18.0,2004.0,14.0,12.0,893.0,9.9,1.0,1.0,2.0,1.0,0.0,0.0,1.0,0.0,0.1,0.1,0.2,0.1,0.2,9.9,1.0,7.0,3.0,42.9,0.71,0.3,0.14,0.33,0.0,0.0,64.0,29.2,12,71.0,1,2,21.0,2,1.0,11.0,19.0,-8.0,-0.81,-0.18,0.0,10.0,28.0,0.0,1.0,4.0,12.0,,,0.0,,,,,,,,,,,,,,,
FRA-Ligue 1,2324,Lorient,Badredine Bouanani,ALG,MF,18.0,2004.0,11.0,4.0,443.0,4.9,1.0,0.0,1.0,1.0,0.0,0.0,0.0,0.0,0.2,0.0,0.2,0.2,0.2,4.9,1.0,15.0,5.0,33.3,3.05,1.02,0.07,0.2,0.0,0.0,40.0,14.5,4,75.0,1,7,21.0,2,0.91,7.0,5.0,2.0,0.41,1.27,0.0,1.0,10.0,0.0,10.0,2.0,2.0,,,0.0,,,,,,,,,,,,,,,
FRA-Ligue 1,2324,Lorient,Bamba Dieng,SEN,FW,23.0,2000.0,16.0,5.0,549.0,6.1,4.0,1.0,5.0,4.0,0.0,0.0,3.0,0.0,0.66,0.16,0.82,0.66,0.82,6.1,4.0,17.0,9.0,52.9,2.79,1.48,0.24,0.44,0.0,0.0,34.0,17.9,5,66.0,1,11,20.0,2,0.94,7.0,16.0,-9.0,-1.48,-0.97,0.0,7.0,19.0,6.0,5.0,0.0,4.0,,,0.0,,,,,,,,,,,,,,,
FRA-Ligue 1,2324,Lorient,Bamo Meïté,CIV,DF,21.0,2001.0,2.0,2.0,146.0,1.6,0.0,0.0,0.0,0.0,0.0,0.0,0.0,0.0,0.0,0.0,0.0,0.0,0.0,1.6,0.0,0.0,0.0,,0.0,0.0,,,0.0,0.0,73.0,4.8,2,73.0,1,0,,1,1.0,0.0,0.0,0.0,0.0,0.71,0.0,0.0,1.0,0.0,0.0,3.0,1.0,,,0.0,,,,,,,,,,,,,,,
FRA-Ligue 1,2324,Lorient,Bassirou Ndiaye,SEN,FW,21.0,2002.0,5.0,0.0,152.0,1.7,0.0,0.0,0.0,0.0,0.0,0.0,0.0,0.0,0.0,0.0,0.0,0.0,0.0,1.7,0.0,0.0,0.0,,0.0,0.0,,,0.0,0.0,30.0,5.0,0,,0,5,30.0,0,1.0,1.0,2.0,-1.0,-0.59,0.09,0.0,5.0,5.0,0.0,1.0,1.0,2.0,,,0.0,,,,,,,,,,,,,,,
FRA-Ligue 1,2324,Lorient,Benjamin Mendy,FRA,"MF,DF",29.0,1994.0,15.0,7.0,711.0,7.9,2.0,1.0,3.0,2.0,0.0,0.0,3.0,0.0,0.25,0.13,0.38,0.25,0.38,7.9,2.0,13.0,4.0,30.8,1.65,0.51,0.15,0.5,0.0,0.0,47.0,23.2,7,71.0,2,8,26.0,0,0.33,10.0,26.0,-16.0,-2.03,-1.76,0.0,12.0,4.0,4.0,96.0,6.0,1.0,,,0.0,,,,,,,,,,,,,,,
FRA-Ligue 1,2324,Lorient,Bonke Innocent,NGA,MF,27.0,1996.0,4.0,3.0,210.0,2.3,0.0,0.0,0.0,0.0,0.0,0.0,1.0,0.0,0.0,0.0,0.0,0.0,0.0,2.3,0.0,2.0,1.0,50.0,0.86,0.43,0.0,0.0,0.0,0.0,53.0,6.9,3,68.0,1,1,5.0,6,0.25,3.0,9.0,-6.0,-2.57,-2.03,0.0,5.0,4.0,0.0,0.0,4.0,5.0,,,0.0,,,,,,,,,,,,,,,
FRA-Ligue 1,2324,Lorient,Darlin Yongwa,CMR,"MF,DF",22.0,2000.0,22.0,11.0,1159.0,12.9,1.0,1.0,2.0,1.0,0.0,0.0,3.0,0.0,0.08,0.08,0.16,0.08,0.16,12.9,1.0,15.0,5.0,33.3,1.16,0.39,0.07,0.2,0.0,0.0,53.0,37.9,11,82.0,7,11,23.0,9,0.82,16.0,18.0,-2.0,-0.16,0.84,0.0,21.0,31.0,3.0,74.0,13.0,22.0,,,0.0,,,,,,,,,,,,,,,
FRA-Ligue 1,2324,Lorient,Dembo Sylla,GUI,"DF,MF",20.0,2002.0,1.0,0.0,45.0,0.5,0.0,0.0,0.0,0.0,0.0,0.0,0.0,0.0,0.0,0.0,0.0,0.0,0.0,0.5,0.0,1.0,0.0,0.0,2.0,0.0,0.0,,0.0,0.0,45.0,1.5,0,,0,1,45.0,4,0.0,0.0,3.0,-3.0,-6.0,-5.4,0.0,0.0,0.0,0.0,4.0,1.0,1.0,,,0.0,,,,,,,,,,,,,,,
FRA-Ligue 1,2324,Lorient,Eli Junior Kroupi,FRA,FW,17.0,2006.0,30.0,11.0,1084.0,12.0,5.0,3.0,8.0,5.0,0.0,0.0,1.0,0.0,0.42,0.25,0.66,0.42,0.66,12.0,5.0,22.0,12.0,54.5,1.83,1.0,0.23,0.42,0.0,0.0,36.0,35.4,11,64.0,0,19,20.0,4,0.63,16.0,25.0,-9.0,-0.75,-0.11,0.0,17.0,8.0,8.0,14.0,10.0,5.0,,,0.0,,,,,,,,,,,,,,,
FRA-Ligue 1,2324,Lorient,Formose Mendy,SEN,DF,22.0,2001.0,18.0,13.0,1256.0,14.0,0.0,0.0,0.0,0.0,0.0,0.0,6.0,0.0,0.0,0.0,0.0,0.0,0.0,14.0,0.0,7.0,2.0,28.6,0.5,0.14,0.0,0.0,0.0,0.0,70.0,41.0,13,86.0,11,5,27.0,8,1.0,20.0,17.0,3.0,0.21,1.51,0.0,17.0,11.0,0.0,13.0,20.0,19.0,,,1.0,,,,,,,,,,,,,,,
FRA-Ligue 1,2324,Lorient,Gino Caoki,FRA,FW,19.0,2004.0,1.0,0.0,7.0,0.1,0.0,0.0,0.0,0.0,0.0,0.0,0.0,0.0,0.0,0.0,0.0,0.0,0.0,0.1,0.0,0.0,0.0,,0.0,0.0,,,0.0,0.0,7.0,0.2,0,,0,1,7.0,2,0.0,0.0,2.0,-2.0,-25.71,-25.1,0.0,0.0,1.0,0.0,1.0,0.0,0.0,,,0.0,,,,,,,,,,,,,,,
FRA-Ligue 1,2324,Lorient,Gédéon Kalulu,COD,"MF,DF",25.0,1997.0,19.0,11.0,970.0,10.8,0.0,1.0,1.0,0.0,0.0,0.0,0.0,0.0,0.0,0.09,0.09,0.0,0.09,10.8,0.0,6.0,1.0,16.7,0.56,0.09,0.0,0.0,0.0,0.0,51.0,31.7,11,78.0,5,8,13.0,8,1.05,17.0,23.0,-6.0,-0.56,0.18,0.0,16.0,7.0,0.0,22.0,5.0,17.0,,,0.0,,,,,,,,,,,,,,,
FRA-Ligue 1,2324,Lorient,Ibrahima Koné,MLI,FW,24.0,1999.0,1.0,0.0,32.0,0.4,0.0,0.0,0.0,0.0,0.0,0.0,0.0,0.0,0.0,0.0,0.0,0.0,0.0,0.4,0.0,0.0,0.0,,0.0,0.0,,,0.0,0.0,32.0,1.0,0,,0,1,32.0,0,1.0,0.0,0.0,0.0,0.0,0.68,0.0,0.0,1.0,0.0,0.0,0.0,0.0,,,0.0,,,,,,,,,,,,,,,
FRA-Ligue 1,2324,Lorient,Igor Carioca,BRA,"MF,DF",26.0,1996.0,5.0,2.0,262.0,2.9,0.0,0.0,0.0,0.0,0.0,0.0,2.0,0.0,0.0,0.0,0.0,0.0,0.0,2.9,0.0,1.0,0.0,0.0,0.34,0.0,0.0,,0.0,0.0,52.0,8.6,2,90.0,2,3,27.0,1,0.2,3.0,11.0,-8.0,-2.75,-2.27,0.0,7.0,4.0,0.0,9.0,3.0,6.0,,,0.0,,,,,,,,,,,,,,,
FRA-Ligue 1,2324,Lorient,Imran Louza,MAR,MF,24.0,1999.0,14.0,10.0,863.0,9.6,1.0,3.0,4.0,1.0,0.0,0.0,1.0,0.0,0.1,0.31,0.42,0.1,0.42,9.6,1.0,22.0,5.0,22.7,2.29,0.52,0.05,0.2,0.0,0.0,62.0,28.2,10,79.0,3,4,19.0,1,0.79,12.0,19.0,-7.0,-0.73,-0.07,0.0,16.0,15.0,0.0,53.0,8.0,8.0,,,0.0,,,,,,,,,,,,,,,
FRA-Ligue 1,2324,Lorient,Jean-Victor Makengo,FRA,"MF,FW",25.0,1998.0,11.0,5.0,479.0,5.3,0.0,0.0,0.0,0.0,0.0,0.0,0.0,0.0,0.0,0.0,0.0,0.0,0.0,5.3,0.0,5.0,2.0,40.0,0.94,0.38,0.0,0.0,0.0,0.0,44.0,15.7,5,73.0,1,6,19.0,13,0.64,6.0,8.0,-2.0,-0.38,0.36,0.0,7.0,7.0,0.0,6.0,9.0,4.0,,,0.0,,,,,,,,,,,,,,,
FRA-Ligue 1,2324,Lorient,Joel Mvuka,NOR,MF,20.0,2002.0,7.0,2.0,197.0,2.2,0.0,0.0,0.0,0.0,0.0,0.0,1.0,0.0,0.0,0.0,0.0,0.0,0.0,2.2,0.0,1.0,0.0,0.0,0.46,0.0,0.0,,0.0,0.0,28.0,6.4,2,50.0,0,5,19.0,2,,1.0,4.0,-3.0,-1.37,-0.74,0.0,1.0,5.0,1.0,12.0,2.0,4.0,,,0.0,,,,,,,,,,,,,,,
FRA-Ligue 1,2324,Lorient,Julien Laporte,FRA,DF,29.0,1993.0,23.0,20.0,1818.0,20.2,0.0,0.0,0.0,0.0,0.0,0.0,4.0,0.0,0.0,0.0,0.0,0.0,0.0,20.2,0.0,13.0,1.0,7.7,0.64,0.05,0.0,0.0,0.0,0.0,79.0,59.4,20,85.0,17,3,39.0,10,0.83,31.0,47.0,-16.0,-0.79,-0.28,0.0,20.0,9.0,1.0,1.0,10.0,14.0,,,0.0,,,,,,,,,,,,,,,
FRA-Ligue 1,2324,Lorient,Julien Ponceau,FRA,MF,22.0,2000.0,32.0,27.0,2244.0,24.9,3.0,2.0,5.0,3.0,0.0,0.0,5.0,0.0,0.12,0.08,0.2,0.12,0.2,24.9,3.0,33.0,13.0,39.4,1.32,0.52,0.09,0.23,0.0,0.0,70.0,73.3,27,79.0,12,5,23.0,2,0.81,29.0,52.0,-23.0,-0.92,-0.92,0.0,30.0,34.0,5.0,49.0,18.0,14.0,,,0.0,,,,,,,,,,,,,,,
FRA-Ligue 1,2324,Lorient,Laurent Abergel,FRA,MF,30.0,1993.0,33.0,32.0,2860.0,31.8,2.0,1.0,3.0,2.0,0.0,0.0,4.0,0.0,0.06,0.03,0.09,0.06,0.09,31.8,2.0,26.0,11.0,42.3,0.82,0.35,0.08,0.18,0.0,0.0,87.0,93.5,32,89.0,29,1,23.0,0,0.88,41.0,59.0,-18.0,-0.57,1.68,0.0,36.0,36.0,1.0,34.0,61.0,55.0,,,0.0,,,,,,,,,,,,,,,
FRA-Ligue 1,2324,Lorient,Loris Mouyokolo,FRA,DF,22.0,2001.0,1.0,1.0,90.0,1.0,0.0,0.0,0.0,0.0,0.0,0.0,0.0,0.0,0.0,0.0,0.0,0.0,0.0,1.0,0.0,0.0,0.0,,0.0,0.0,,,0.0,0.0,90.0,2.9,1,90.0,1,0,,9,0.0,0.0,3.0,-3.0,-3.0,-2.39,0.0,1.0,0.0,1.0,0.0,0.0,1.0,,,0.0,,,,,,,,,,,,,,,
FRA-Ligue 1,2324,Lorient,Mohamed Bamba,CIV,FW,21.0,2001.0,16.0,14.0,1138.0,12.6,8.0,3.0,11.0,7.0,1.0,1.0,3.0,0.0,0.63,0.24,0.87,0.55,0.79,12.6,8.0,38.0,18.0,47.4,3.01,1.42,0.21,0.44,1.0,1.0,71.0,37.2,14,78.0,1,2,23.0,0,1.06,17.0,19.0,-2.0,-0.16,0.83,0.0,22.0,15.0,11.0,2.0,2.0,9.0,,,0.0,,,,,,,,,,,,,,,
FRA-Ligue 1,2324,Lorient,Montassar Talbi,TUN,DF,25.0,1998.0,25.0,25.0,2204.0,24.5,0.0,0.0,0.0,0.0,0.0,0.0,2.0,0.0,0.0,0.0,0.0,0.0,0.0,24.5,0.0,5.0,2.0,40.0,0.2,0.08,0.0,0.0,0.0,0.0,88.0,72.0,25,88.0,24,0,,1,1.0,36.0,46.0,-10.0,-0.41,0.96,0.0,18.0,8.0,1.0,4.0,34.0,21.0,,,0.0,,,,,,,,,,,,,,,
FRA-Ligue 1,2324,Lorient,Nathaniel Adjei,GHA,DF,20.0,2002.0,15.0,14.0,1243.0,13.8,0.0,0.0,0.0,0.0,0.0,0.0,2.0,0.0,0.0,0.0,0.0,0.0,0.0,13.8,0.0,4.0,0.0,0.0,0.29,0.0,0.0,,0.0,0.0,83.0,40.6,14,88.0,13,1,12.0,0,0.93,15.0,27.0,-12.0,-0.87,-0.32,0.0,10.0,12.0,2.0,2.0,16.0,9.0,,,0.0,,,,,,,,,,,,,,,
FRA-Ligue 1,2324,Lorient,Pablo Pagis,FRA,MF,20.0,2002.0,3.0,3.0,165.0,1.8,0.0,0.0,0.0,0.0,0.0,0.0,1.0,0.0,0.0,0.0,0.0,0.0,0.0,1.8,0.0,3.0,1.0,33.3,1.64,0.55,0.0,0.0,0.0,0.0,55.0,5.4,3,55.0,0,0,,8,2.0,4.0,3.0,1.0,0.55,1.29,0.0,4.0,4.0,0.0,2.0,3.0,6.0,,,0.0,,,,,,,,,,,,,,,
FRA-Ligue 1,2324,Lorient,Panos Katseris,GRE,MF,22.0,2001.0,15.0,13.0,1041.0,11.6,1.0,1.0,2.0,1.0,0.0,0.0,4.0,0.0,0.09,0.09,0.17,0.09,0.17,11.6,1.0,17.0,6.0,35.3,1.47,0.52,0.06,0.17,0.0,0.0,69.0,34.0,13,78.0,3,2,11.0,0,0.93,12.0,15.0,-3.0,-0.26,0.63,0.0,19.0,11.0,2.0,46.0,7.0,19.0,,,0.0,,,,,,,,,,,,,,,
FRA-Ligue 1,2324,Lorient,Romain Faivre,FRA,MF,25.0,1998.0,17.0,16.0,1453.0,16.1,5.0,1.0,6.0,5.0,0.0,0.0,1.0,0.0,0.31,0.06,0.37,0.31,0.37,16.1,5.0,27.0,10.0,37.0,1.67,0.62,0.19,0.5,0.0,0.0,85.0,47.5,16,89.0,15,1,28.0,0,0.71,19.0,34.0,-15.0,-0.93,-0.48,0.0,4.0,47.0,2.0,38.0,6.0,6.0,,,0.0,,,,,,,,,,,,,,,
FRA-Ligue 1,2324,Lorient,Royce Openda,GAB,FW,21.0,2002.0,1.0,0.0,16.0,0.2,0.0,0.0,0.0,0.0,0.0,0.0,0.0,0.0,0.0,0.0,0.0,0.0,0.0,0.2,0.0,0.0,0.0,,0.0,0.0,,,0.0,0.0,16.0,0.5,0,,0,1,16.0,1,0.0,0.0,2.0,-2.0,-11.25,-10.63,0.0,1.0,1.0,0.0,0.0,0.0,0.0,,,0.0,,,,,,,,,,,,,,,
FRA-Ligue 1,2324,Lorient,Siriné Doucouré,MLI,FW,21.0,2002.0,11.0,5.0,423.0,4.7,1.0,3.0,4.0,1.0,0.0,0.0,2.0,0.0,0.21,0.64,0.85,0.21,0.85,4.7,1.0,9.0,5.0,55.6,1.91,1.06,0.11,0.2,0.0,0.0,38.0,13.8,5,60.0,0,6,21.0,2,0.64,8.0,7.0,1.0,0.21,1.03,0.0,10.0,6.0,2.0,1.0,1.0,5.0,,,0.0,,,,,,,,,,,,,,,
FRA-Ligue 1,2324,Lorient,Souleymane Touré,FRA,DF,20.0,2003.0,24.0,23.0,2051.0,22.8,1.0,1.0,2.0,1.0,0.0,0.0,6.0,0.0,0.04,0.04,0.09,0.04,0.09,22.8,1.0,18.0,9.0,50.0,0.79,0.39,0.06,0.11,0.0,0.0,85.0,67.0,23,87.0,21,1,45.0,2,0.79,26.0,43.0,-17.0,-0.75,-0.21,0.0,36.0,15.0,0.0,5.0,31.0,13.0,,,0.0,,,,,,,,,,,,,,,
FRA-Ligue 1,2324,Lorient,Théo Le Bris,FRA,MF,20.0,2002.0,26.0,15.0,1516.0,16.8,0.0,2.0,2.0,0.0,0.0,0.0,2.0,0.0,0.0,0.12,0.12,0.0,0.12,16.8,0.0,13.0,2.0,15.4,0.77,0.12,0.0,0.0,0.0,0.0,58.0,49.5,15,84.0,8,11,23.0,8,1.0,22.0,27.0,-5.0,-0.3,0.75,0.0,7.0,10.0,0.0,33.0,10.0,22.0,,,0.0,,,,,,,,,,,,,,,
FRA-Ligue 1,2324,Lorient,Tiemoué Bakayoko,FRA,MF,28.0,1994.0,20.0,15.0,1314.0,14.6,2.0,1.0,3.0,2.0,0.0,0.0,5.0,0.0,0.14,0.07,0.21,0.14,0.21,14.6,2.0,12.0,7.0,58.3,0.82,0.48,0.17,0.29,0.0,0.0,66.0,42.9,15,80.0,8,5,24.0,2,0.95,16.0,26.0,-10.0,-0.68,-0.01,0.0,25.0,23.0,2.0,1.0,25.0,17.0,,,0.0,,,,,,,,,,,,,,,
FRA-Ligue 1,2324,Lorient,Tosin Aiyegun,BEN,"MF,FW",25.0,1998.0,19.0,10.0,902.0,10.0,2.0,0.0,2.0,2.0,0.0,0.0,0.0,1.0,0.2,0.0,0.2,0.2,0.2,10.0,2.0,11.0,3.0,27.3,1.1,0.3,0.18,0.67,0.0,0.0,47.0,29.5,10,73.0,2,9,20.0,3,0.79,15.0,25.0,-10.0,-1.0,-0.46,0.0,13.0,16.0,3.0,8.0,2.0,4.0,,,0.0,,,,,,,,,,,,,,,
FRA-Ligue 1,2324,Lorient,Vincent Le Goff,FRA,"MF,DF",33.0,1989.0,9.0,8.0,541.0,6.0,1.0,1.0,2.0,1.0,0.0,0.0,1.0,0.0,0.17,0.17,0.33,0.17,0.33,6.0,1.0,4.0,1.0,25.0,0.67,0.17,0.25,1.0,0.0,0.0,60.0,17.7,8,66.0,1,1,12.0,7,0.78,8.0,13.0,-5.0,-0.83,-0.19,0.0,3.0,5.0,2.0,17.0,3.0,0.0,,,0.0,,,,,,,,,,,,,,,
FRA-Ligue 1,2324,Lorient,Yvon Mvogo,SUI,GK,29.0,1994.0,34.0,34.0,3060.0,34.0,0.0,0.0,0.0,0.0,0.0,0.0,1.0,0.0,0.0,0.0,0.0,0.0,0.0,34.0,0.0,0.0,0.0,,0.0,0.0,,,0.0,0.0,90.0,100.0,34,90.0,34,0,,0,0.85,43.0,66.0,-23.0,-0.68,,0.0,0.0,3.0,0.0,0.0,0.0,0.0,,,0.0,66.0,1.94,210.0,144.0,68.6,7.0,8.0,19.0,4.0,11.8,8.0,8.0,0.0,0.0,0.0
FRA-Ligue 1,2324,Lyon,Adryelson,BRA,DF,25.0,1998.0,2.0,0.0,6.0,0.1,0.0,0.0,0.0,0.0,0.0,0.0,0.0,0.0,0.0,0.0,0.0,0.0,0.0,0.1,0.0,0.0,0.0,,0.0,0.0,,,0.0,0.0,3.0,0.2,0,,0,2,3.0,12,1.5,0.0,0.0,0.0,0.0,0.18,0.0,0.0,0.0,0.0,0.0,1.0,0.0,,,0.0,,,,,,,,,,,,,,,
FRA-Ligue 1,2324,Lyon,Ainsley Maitland-Niles,ENG,"DF,MF",25.0,1997.0,23.0,16.0,1432.0,15.9,1.0,4.0,5.0,0.0,1.0,1.0,1.0,1.0,0.06,0.25,0.31,0.0,0.25,15.9,1.0,18.0,6.0,33.3,1.13,0.38,0.06,0.17,1.0,1.0,62.0,46.8,16,80.0,9,7,21.0,6,1.78,27.0,32.0,-5.0,-0.31,-0.26,0.0,5.0,11.0,1.0,21.0,17.0,18.0,,,0.0,,,,,,,,,,,,,,,
FRA-Ligue 1,2324,Lyon,Alexandre Lacazette,FRA,FW,32.0,1991.0,29.0,27.0,2293.0,25.5,19.0,2.0,21.0,17.0,2.0,2.0,3.0,1.0,0.75,0.08,0.82,0.67,0.75,25.5,19.0,62.0,36.0,58.1,2.43,1.41,0.31,0.53,2.0,2.0,79.0,74.9,27,83.0,12,2,31.0,0,1.69,38.0,42.0,-4.0,-0.16,0.08,0.0,50.0,36.0,13.0,10.0,8.0,12.0,,,0.0,,,,,,,,,,,,,,,
FRA-Ligue 1,2324,Lyon,Amin Sarr,SWE,FW,22.0,2001.0,3.0,1.0,98.0,1.1,0.0,0.0,0.0,0.0,0.0,0.0,0.0,0.0,0.0,0.0,0.0,0.0,0.0,1.1,0.0,5.0,2.0,40.0,4.59,1.84,0.0,0.0,0.0,0.0,33.0,3.2,1,70.0,0,2,14.0,0,0.33,1.0,1.0,0.0,0.0,0.18,0.0,2.0,2.0,0.0,1.0,0.0,0.0,,,0.0,,,,,,,,,,,,,,,
FRA-Ligue 1,2324,Lyon,Anthony Lopes,POR,GK,32.0,1990.0,31.0,31.0,2790.0,31.0,0.0,0.0,0.0,0.0,0.0,0.0,0.0,0.0,0.0,0.0,0.0,0.0,0.0,31.0,0.0,0.0,0.0,,0.0,0.0,,,0.0,0.0,90.0,91.2,31,90.0,31,0,,0,1.68,47.0,49.0,-2.0,-0.06,1.27,0.0,1.0,6.0,0.0,0.0,0.0,0.0,,,0.0,49.0,1.58,154.0,109.0,68.2,16.0,4.0,11.0,8.0,25.8,6.0,4.0,1.0,1.0,20.0
FRA-Ligue 1,2324,Lyon,Bradley Barcola,FRA,MF,20.0,2002.0,3.0,3.0,270.0,3.0,0.0,0.0,0.0,0.0,0.0,0.0,1.0,0.0,0.0,0.0,0.0,0.0,0.0,3.0,0.0,2.0,0.0,0.0,0.67,0.0,0.0,,0.0,0.0,90.0,8.8,3,90.0,3,0,,0,0.33,2.0,6.0,-4.0,-1.33,-1.27,0.0,4.0,2.0,2.0,0.0,2.0,2.0,,,0.0,,,,,,,,,,,,,,,
FRA-Ligue 1,2324,Lyon,Chaim El Djebali,TUN,MF,19.0,2004.0,1.0,0.0,12.0,0.1,0.0,0.0,0.0,0.0,0.0,0.0,0.0,0.0,0.0,0.0,0.0,0.0,0.0,0.1,0.0,0.0,0.0,,0.0,0.0,,,0.0,0.0,12.0,0.4,0,,0,1,12.0,0,0.0,0.0,0.0,0.0,0.0,0.18,0.0,1.0,0.0,0.0,1.0,0.0,0.0,,,0.0,,,,,,,,,,,,,,,
FRA-Ligue 1,2324,Lyon,Clinton Mata,ANG,"DF,MF",30.0,1992.0,28.0,25.0,2220.0,24.7,0.0,3.0,3.0,0.0,0.0,0.0,6.0,0.0,0.0,0.12,0.12,0.0,0.12,24.7,0.0,14.0,0.0,0.0,0.57,0.0,0.0,,0.0,0.0,79.0,72.5,25,85.0,21,3,28.0,3,1.61,39.0,38.0,1.0,0.04,0.79,0.0,30.0,37.0,1.0,52.0,40.0,25.0,,,0.0,,,,,,,,,,,,,,,
FRA-Ligue 1,2324,Lyon,Corentin Tolisso,FRA,MF,28.0,1994.0,25.0,21.0,1741.0,19.3,3.0,1.0,4.0,2.0,1.0,1.0,5.0,0.0,0.16,0.05,0.21,0.1,0.16,19.3,3.0,39.0,14.0,35.9,2.02,0.72,0.08,0.21,1.0,1.0,70.0,56.9,21,76.0,8,4,36.0,2,1.72,19.0,28.0,-9.0,-0.47,-0.67,0.0,24.0,23.0,1.0,35.0,10.0,21.0,,,0.0,,,,,,,,,,,,,,,
FRA-Ligue 1,2324,Lyon,Dejan Lovren,CRO,DF,34.0,1989.0,10.0,8.0,718.0,8.0,0.0,0.0,0.0,0.0,0.0,0.0,2.0,1.0,0.0,0.0,0.0,0.0,0.0,8.0,0.0,6.0,4.0,66.7,0.75,0.5,0.0,0.0,0.0,0.0,72.0,23.5,8,86.0,4,2,14.0,11,1.3,13.0,14.0,-1.0,-0.13,0.07,0.0,12.0,1.0,0.0,3.0,12.0,7.0,,,0.0,,,,,,,,,,,,,,,
FRA-Ligue 1,2324,Lyon,Diego Moreira,BEL,MF,18.0,2004.0,7.0,4.0,270.0,3.0,0.0,0.0,0.0,0.0,0.0,0.0,1.0,0.0,0.0,0.0,0.0,0.0,0.0,3.0,0.0,5.0,2.0,40.0,1.67,0.67,0.0,0.0,0.0,0.0,39.0,8.8,4,53.0,0,3,19.0,4,0.57,2.0,6.0,-4.0,-1.33,-1.27,0.0,4.0,3.0,1.0,6.0,2.0,0.0,,,0.0,,,,,,,,,,,,,,,
FRA-Ligue 1,2324,Lyon,Duje Ćaleta-Car,CRO,DF,26.0,1996.0,24.0,22.0,1993.0,22.1,0.0,0.0,0.0,0.0,0.0,0.0,2.0,1.0,0.0,0.0,0.0,0.0,0.0,22.1,0.0,7.0,1.0,14.3,0.32,0.05,0.0,0.0,0.0,0.0,83.0,65.1,22,90.0,21,2,7.0,3,1.83,35.0,32.0,3.0,0.14,0.89,0.0,16.0,5.0,0.0,0.0,16.0,11.0,,,0.0,,,,,,,,,,,,,,,
FRA-Ligue 1,2324,Lyon,Ernest Nuamah,GHA,"FW,MF",19.0,2003.0,29.0,21.0,1838.0,20.4,3.0,2.0,5.0,3.0,0.0,0.0,4.0,0.0,0.15,0.1,0.24,0.15,0.24,20.4,3.0,43.0,20.0,46.5,2.11,0.98,0.07,0.15,0.0,0.0,63.0,60.1,21,74.0,2,8,34.0,0,1.69,29.0,32.0,-3.0,-0.15,0.07,0.0,50.0,34.0,12.0,76.0,9.0,14.0,,,0.0,,,,,,,,,,,,,,,
FRA-Ligue 1,2324,Lyon,Gift Orban,NGA,FW,21.0,2002.0,13.0,5.0,474.0,5.3,1.0,0.0,1.0,1.0,0.0,0.0,2.0,0.0,0.19,0.0,0.19,0.19,0.19,5.3,1.0,8.0,2.0,25.0,1.52,0.38,0.13,0.5,0.0,0.0,36.0,15.5,5,62.0,0,8,20.0,3,2.15,10.0,6.0,4.0,0.76,1.11,0.0,9.0,10.0,2.0,3.0,1.0,3.0,,,0.0,,,,,,,,,,,,,,,
FRA-Ligue 1,2324,Lyon,Henrique,BRA,"DF,MF",29.0,1994.0,11.0,6.0,607.0,6.7,1.0,0.0,1.0,1.0,0.0,0.0,2.0,0.0,0.15,0.0,0.15,0.15,0.15,6.7,1.0,8.0,3.0,37.5,1.19,0.44,0.13,0.33,0.0,0.0,55.0,19.8,6,86.0,3,5,18.0,16,1.18,8.0,12.0,-4.0,-0.59,-0.52,0.0,6.0,8.0,0.0,17.0,10.0,6.0,,,0.0,,,,,,,,,,,,,,,
FRA-Ligue 1,2324,Lyon,Jake O'Brien,IRL,DF,22.0,2001.0,27.0,27.0,2369.0,26.3,4.0,2.0,6.0,4.0,0.0,0.0,4.0,1.0,0.15,0.08,0.23,0.15,0.23,26.3,4.0,18.0,8.0,44.4,0.68,0.3,0.22,0.5,0.0,0.0,88.0,77.4,27,88.0,26,0,,4,1.78,44.0,42.0,2.0,0.08,1.12,0.0,17.0,10.0,0.0,1.0,11.0,16.0,,,0.0,,,,,,,,,,,,,,,
FRA-Ligue 1,2324,Lyon,Jeffinho,BRA,"MF,FW",23.0,1999.0,10.0,3.0,308.0,3.4,1.0,1.0,2.0,1.0,0.0,0.0,0.0,0.0,0.29,0.29,0.58,0.29,0.58,3.4,1.0,11.0,3.0,27.3,3.21,0.88,0.09,0.33,0.0,0.0,31.0,10.1,3,64.0,0,7,16.0,5,0.8,9.0,8.0,1.0,0.29,0.52,0.0,4.0,5.0,1.0,2.0,0.0,4.0,,,0.0,,,,,,,,,,,,,,,
FRA-Ligue 1,2324,Lyon,Johann Lepenant,FRA,MF,20.0,2002.0,6.0,2.0,253.0,2.8,0.0,0.0,0.0,0.0,0.0,0.0,1.0,0.0,0.0,0.0,0.0,0.0,0.0,2.8,0.0,4.0,2.0,50.0,1.42,0.71,0.0,0.0,0.0,0.0,42.0,8.3,2,80.0,1,4,23.0,6,0.33,1.0,7.0,-6.0,-2.13,-2.13,0.0,6.0,3.0,0.0,2.0,4.0,3.0,,,0.0,,,,,,,,,,,,,,,
FRA-Ligue 1,2324,Lyon,Mahamadou Diawara,FRA,MF,18.0,2005.0,11.0,4.0,358.0,4.0,0.0,0.0,0.0,0.0,0.0,0.0,2.0,0.0,0.0,0.0,0.0,0.0,0.0,4.0,0.0,6.0,0.0,0.0,1.51,0.0,0.0,,0.0,0.0,33.0,11.7,4,52.0,0,7,22.0,4,1.55,6.0,8.0,-2.0,-0.5,-0.37,0.0,10.0,7.0,0.0,2.0,4.0,6.0,,,0.0,,,,,,,,,,,,,,,
FRA-Ligue 1,2324,Lyon,Malick Fofana,BEL,"FW,MF",18.0,2005.0,17.0,4.0,559.0,6.2,3.0,0.0,3.0,3.0,0.0,0.0,0.0,0.0,0.48,0.0,0.48,0.48,0.48,6.2,3.0,9.0,7.0,77.8,1.45,1.13,0.33,0.43,0.0,0.0,33.0,18.3,4,67.0,1,13,22.0,0,2.18,16.0,8.0,8.0,1.29,1.79,0.0,3.0,12.0,0.0,20.0,5.0,4.0,,,0.0,,,,,,,,,,,,,,,
FRA-Ligue 1,2324,Lyon,Mama Samba Baldé,GNB,FW,27.0,1995.0,20.0,4.0,551.0,6.1,2.0,3.0,5.0,2.0,0.0,0.0,1.0,0.0,0.33,0.49,0.82,0.33,0.82,6.1,2.0,17.0,9.0,52.9,2.78,1.47,0.12,0.22,0.0,0.0,28.0,18.0,4,63.0,0,16,19.0,3,1.25,9.0,5.0,4.0,0.65,1.01,0.0,8.0,8.0,4.0,5.0,3.0,5.0,,,0.0,,,,,,,,,,,,,,,
FRA-Ligue 1,2324,Lyon,Mamadou Sarr,SEN,DF,17.0,2005.0,1.0,0.0,8.0,0.1,0.0,0.0,0.0,0.0,0.0,0.0,0.0,0.0,0.0,0.0,0.0,0.0,0.0,0.1,0.0,0.0,0.0,,0.0,0.0,,,0.0,0.0,8.0,0.3,0,,0,1,8.0,8,3.0,0.0,0.0,0.0,0.0,0.18,0.0,0.0,0.0,0.0,0.0,0.0,0.0,,,0.0,,,,,,,,,,,,,,,
FRA-Ligue 1,2324,Lyon,Maxence Caqueret,FRA,MF,23.0,2000.0,34.0,34.0,3022.0,33.6,1.0,3.0,4.0,1.0,0.0,0.0,1.0,0.0,0.03,0.09,0.12,0.03,0.12,33.6,1.0,24.0,9.0,37.5,0.71,0.27,0.04,0.11,0.0,0.0,89.0,98.8,34,89.0,30,0,,0,1.56,49.0,54.0,-5.0,-0.15,2.22,0.0,34.0,30.0,1.0,88.0,48.0,64.0,,,0.0,,,,,,,,,,,,,,,
FRA-Ligue 1,2324,Lyon,Mohamed El Arouch,FRA,MF,19.0,2004.0,1.0,0.0,2.0,0.0,0.0,0.0,0.0,0.0,0.0,0.0,0.0,0.0,0.0,0.0,0.0,0.0,0.0,0.0,0.0,0.0,0.0,,0.0,0.0,,,0.0,0.0,2.0,0.1,0,,0,1,2.0,4,1.0,0.0,0.0,0.0,0.0,0.18,0.0,0.0,0.0,0.0,0.0,0.0,0.0,,,0.0,,,,,,,,,,,,,,,
FRA-Ligue 1,2324,Lyon,Nemanja Matić,SRB,MF,34.0,1988.0,15.0,15.0,1254.0,13.9,0.0,0.0,0.0,0.0,0.0,0.0,2.0,0.0,0.0,0.0,0.0,0.0,0.0,13.9,0.0,6.0,2.0,33.3,0.43,0.14,0.0,0.0,0.0,0.0,84.0,41.0,15,84.0,9,0,,0,2.47,26.0,21.0,5.0,0.36,0.91,0.0,8.0,8.0,0.0,4.0,16.0,11.0,,,1.0,,,,,,,,,,,,,,,
FRA-Ligue 1,2324,Lyon,Nicolás Tagliafico,ARG,"DF,MF",30.0,1992.0,25.0,25.0,2123.0,23.6,3.0,1.0,4.0,3.0,0.0,0.0,7.0,1.0,0.13,0.04,0.17,0.13,0.17,23.6,3.0,15.0,6.0,40.0,0.64,0.25,0.2,0.5,0.0,0.0,85.0,69.4,25,85.0,19,0,,0,1.72,31.0,36.0,-5.0,-0.21,-0.12,1.0,37.0,33.0,0.0,40.0,28.0,34.0,,,0.0,,,,,,,,,,,,,,,
FRA-Ligue 1,2324,Lyon,Orel Mangala,BEL,MF,25.0,1998.0,8.0,4.0,398.0,4.4,2.0,0.0,2.0,2.0,0.0,0.0,0.0,0.0,0.45,0.0,0.45,0.45,0.45,4.4,2.0,5.0,2.0,40.0,1.13,0.45,0.4,1.0,0.0,0.0,50.0,13.0,4,73.0,1,4,27.0,3,2.63,11.0,4.0,7.0,1.58,2.02,0.0,11.0,4.0,0.0,2.0,5.0,3.0,,,0.0,,,,,,,,,,,,,,,
FRA-Ligue 1,2324,Lyon,Paul Akouokou,CIV,MF,25.0,1997.0,8.0,4.0,307.0,3.4,0.0,0.0,0.0,0.0,0.0,0.0,1.0,0.0,0.0,0.0,0.0,0.0,0.0,3.4,0.0,2.0,0.0,0.0,0.59,0.0,0.0,,0.0,0.0,38.0,10.0,4,56.0,0,4,21.0,7,0.88,1.0,5.0,-4.0,-1.17,-1.11,0.0,9.0,3.0,0.0,0.0,6.0,9.0,,,0.0,,,,,,,,,,,,,,,
FRA-Ligue 1,2324,Lyon,Rayan Cherki,FRA,"MF,FW",19.0,2003.0,33.0,19.0,1719.0,19.1,1.0,6.0,7.0,1.0,0.0,0.0,0.0,0.0,0.05,0.31,0.37,0.05,0.37,19.1,1.0,57.0,17.0,29.8,2.98,0.89,0.02,0.06,0.0,0.0,52.0,56.2,19,72.0,4,14,25.0,1,1.52,27.0,34.0,-7.0,-0.37,-0.43,0.0,10.0,31.0,2.0,71.0,7.0,15.0,,,0.0,,,,,,,,,,,,,,,
FRA-Ligue 1,2324,Lyon,Rémy Riou,FRA,GK,35.0,1987.0,3.0,3.0,270.0,3.0,0.0,0.0,0.0,0.0,0.0,0.0,0.0,0.0,0.0,0.0,0.0,0.0,0.0,3.0,0.0,0.0,0.0,,0.0,0.0,,,0.0,0.0,90.0,8.8,3,90.0,3,0,,10,0.33,2.0,6.0,-4.0,-1.33,-1.27,0.0,0.0,1.0,0.0,0.0,0.0,0.0,,,0.0,6.0,2.0,14.0,8.0,57.1,0.0,1.0,2.0,1.0,33.3,0.0,0.0,0.0,0.0,
FRA-Ligue 1,2324,Lyon,Sael Kumbedi,FRA,"DF,MF",18.0,2005.0,17.0,8.0,924.0,10.3,0.0,1.0,1.0,0.0,0.0,0.0,3.0,0.0,0.0,0.1,0.1,0.0,0.1,10.3,0.0,6.0,4.0,66.7,0.58,0.39,0.0,0.0,0.0,0.0,54.0,30.2,8,88.0,7,9,24.0,10,0.82,6.0,15.0,-9.0,-0.88,-1.0,0.0,23.0,12.0,2.0,28.0,13.0,19.0,,,0.0,,,,,,,,,,,,,,,
FRA-Ligue 1,2324,Lyon,Saïd Benrahma,ALG,"FW,MF",27.0,1995.0,12.0,10.0,770.0,8.6,3.0,3.0,6.0,3.0,0.0,0.0,2.0,0.0,0.35,0.35,0.7,0.35,0.7,8.6,3.0,25.0,9.0,36.0,2.92,1.05,0.12,0.33,0.0,0.0,64.0,25.2,10,70.0,0,2,37.0,1,2.33,15.0,16.0,-1.0,-0.12,0.08,0.0,2.0,10.0,7.0,67.0,1.0,7.0,,,0.0,,,,,,,,,,,,,,,
FRA-Ligue 1,2324,Lyon,Sinaly Diomande,CIV,DF,22.0,2001.0,10.0,10.0,889.0,9.9,0.0,0.0,0.0,0.0,0.0,0.0,2.0,0.0,0.0,0.0,0.0,0.0,0.0,9.9,0.0,6.0,1.0,16.7,0.61,0.1,0.0,0.0,0.0,0.0,89.0,29.1,10,89.0,9,0,,6,0.6,5.0,16.0,-11.0,-1.11,-1.32,0.0,11.0,8.0,0.0,1.0,15.0,4.0,,,0.0,,,,,,,,,,,,,,,
FRA-Ligue 1,2324,Lyon,Skelly Alvero,FRA,MF,21.0,2002.0,8.0,6.0,426.0,4.7,1.0,0.0,1.0,1.0,0.0,0.0,2.0,0.0,0.21,0.0,0.21,0.21,0.21,4.7,1.0,9.0,3.0,33.3,1.9,0.63,0.11,0.33,0.0,0.0,53.0,13.9,6,65.0,2,2,18.0,1,0.75,5.0,9.0,-4.0,-0.85,-0.78,0.0,12.0,3.0,0.0,2.0,2.0,7.0,,,0.0,,,,,,,,,,,,,,,
FRA-Ligue 1,2324,Lyon,Tino Kadewere,ZIM,FW,27.0,1996.0,11.0,2.0,296.0,3.3,0.0,0.0,0.0,0.0,0.0,0.0,0.0,0.0,0.0,0.0,0.0,0.0,0.0,3.3,0.0,6.0,1.0,16.7,1.82,0.3,0.0,0.0,0.0,0.0,27.0,9.7,2,55.0,0,9,21.0,4,1.18,4.0,9.0,-5.0,-1.52,-1.49,0.0,6.0,2.0,2.0,2.0,4.0,1.0,,,0.0,,,,,,,,,,,,,,,
FRA-Ligue 1,2324,Marseille,Amine Harit,MAR,MF,26.0,1997.0,28.0,21.0,1821.0,20.2,1.0,2.0,3.0,1.0,0.0,0.0,5.0,0.0,0.05,0.1,0.15,0.05,0.15,20.2,1.0,33.0,8.0,24.2,1.63,0.4,0.03,0.13,0.0,0.0,65.0,59.5,21,78.0,7,7,27.0,0,1.54,30.0,20.0,10.0,0.49,0.42,0.0,19.0,51.0,1.0,39.0,12.0,16.0,,,0.0,,,,,,,,,,,,,,,
FRA-Ligue 1,2324,Marseille,Azzedine Ounahi,MAR,MF,23.0,2000.0,21.0,15.0,1209.0,13.4,2.0,0.0,2.0,2.0,0.0,0.0,3.0,0.0,0.15,0.0,0.15,0.15,0.15,13.4,2.0,16.0,4.0,25.0,1.19,0.3,0.13,0.5,0.0,0.0,58.0,39.5,15,75.0,4,6,13.0,6,1.38,22.0,16.0,6.0,0.45,0.2,0.0,15.0,24.0,1.0,22.0,10.0,11.0,,,0.0,,,,,,,,,,,,,,,
FRA-Ligue 1,2324,Marseille,Bamo Meïté,CIV,DF,21.0,2001.0,16.0,6.0,638.0,7.1,0.0,0.0,0.0,0.0,0.0,0.0,1.0,0.0,0.0,0.0,0.0,0.0,0.0,7.1,0.0,1.0,0.0,0.0,0.14,0.0,0.0,,0.0,0.0,40.0,20.8,6,77.0,4,10,18.0,9,1.31,6.0,9.0,-3.0,-0.42,-0.94,0.0,10.0,6.0,0.0,4.0,11.0,10.0,,,0.0,,,,,,,,,,,,,,,
FRA-Ligue 1,2324,Marseille,Bilal Nadir,MAR,MF,19.0,2003.0,5.0,1.0,113.0,1.3,0.0,0.0,0.0,0.0,0.0,0.0,1.0,0.0,0.0,0.0,0.0,0.0,0.0,1.3,0.0,1.0,0.0,0.0,0.8,0.0,0.0,,0.0,0.0,23.0,3.7,1,89.0,0,4,6.0,12,1.6,1.0,1.0,0.0,0.0,-0.34,0.0,4.0,2.0,0.0,0.0,2.0,3.0,,,0.0,,,,,,,,,,,,,,,
FRA-Ligue 1,2324,Marseille,Chancel Mbemba,COD,DF,28.0,1994.0,25.0,25.0,2207.0,24.5,2.0,2.0,4.0,2.0,0.0,0.0,1.0,0.0,0.08,0.08,0.16,0.08,0.16,24.5,2.0,19.0,2.0,10.5,0.77,0.08,0.11,1.0,0.0,0.0,88.0,72.1,25,88.0,23,0,,1,1.68,41.0,25.0,16.0,0.65,1.18,0.0,21.0,9.0,2.0,15.0,13.0,21.0,,,1.0,,,,,,,,,,,,,,,
FRA-Ligue 1,2324,Marseille,Emran Soglo,FRA,MF,18.0,2005.0,3.0,1.0,109.0,1.2,1.0,1.0,2.0,1.0,0.0,0.0,1.0,0.0,0.83,0.83,1.65,0.83,1.65,1.2,1.0,1.0,1.0,100.0,0.83,0.83,1.0,1.0,0.0,0.0,36.0,3.6,1,66.0,0,2,22.0,19,1.67,3.0,2.0,1.0,0.83,0.52,0.0,2.0,2.0,1.0,5.0,1.0,1.0,,,0.0,,,,,,,,,,,,,,,
FRA-Ligue 1,2324,Marseille,Faris Pemi Moumbagna,CMR,FW,23.0,2000.0,13.0,5.0,547.0,6.1,3.0,1.0,4.0,3.0,0.0,0.0,2.0,1.0,0.49,0.16,0.66,0.49,0.66,6.1,3.0,16.0,5.0,31.3,2.63,0.82,0.19,0.6,0.0,0.0,42.0,17.9,5,70.0,1,8,25.0,1,1.15,10.0,9.0,1.0,0.16,-0.19,1.0,12.0,11.0,4.0,4.0,3.0,1.0,,,0.0,,,,,,,,,,,,,,,
FRA-Ligue 1,2324,Marseille,François Mughe,CMR,MF,19.0,2004.0,5.0,2.0,177.0,2.0,0.0,0.0,0.0,0.0,0.0,0.0,1.0,0.0,0.0,0.0,0.0,0.0,0.0,2.0,0.0,3.0,0.0,0.0,1.53,0.0,0.0,,0.0,0.0,35.0,5.8,2,53.0,0,3,24.0,8,2.2,3.0,1.0,2.0,1.02,0.74,0.0,3.0,8.0,0.0,7.0,1.0,0.0,,,0.0,,,,,,,,,,,,,,,
FRA-Ligue 1,2324,Marseille,Geoffrey Kondogbia,CTA,MF,30.0,1993.0,26.0,15.0,1463.0,16.3,0.0,0.0,0.0,0.0,0.0,0.0,3.0,0.0,0.0,0.0,0.0,0.0,0.0,16.3,0.0,8.0,1.0,12.5,0.49,0.06,0.0,0.0,0.0,0.0,56.0,47.8,15,81.0,9,11,22.0,0,1.5,26.0,19.0,7.0,0.43,0.21,0.0,25.0,29.0,2.0,2.0,29.0,30.0,,,0.0,,,,,,,,,,,,,,,
FRA-Ligue 1,2324,Marseille,Iliman Ndiaye,SEN,"FW,MF",23.0,2000.0,30.0,19.0,1618.0,18.0,3.0,3.0,6.0,3.0,0.0,0.0,0.0,1.0,0.17,0.17,0.33,0.17,0.33,18.0,3.0,35.0,9.0,25.7,1.95,0.5,0.09,0.33,0.0,0.0,54.0,52.9,19,70.0,2,11,27.0,0,1.4,27.0,23.0,4.0,0.22,-0.21,0.0,22.0,26.0,4.0,19.0,6.0,19.0,,,0.0,,,,,,,,,,,,,,,
FRA-Ligue 1,2324,Marseille,Ismaila Sarr,SEN,"MF,FW",25.0,1998.0,23.0,15.0,1447.0,16.1,3.0,4.0,7.0,3.0,0.0,0.0,1.0,0.0,0.19,0.25,0.44,0.19,0.44,16.1,3.0,25.0,10.0,40.0,1.55,0.62,0.12,0.3,0.0,0.0,63.0,47.3,15,82.0,7,8,26.0,2,1.78,26.0,11.0,15.0,0.93,1.16,0.0,16.0,42.0,7.0,39.0,13.0,8.0,,,0.0,,,,,,,,,,,,,,,
FRA-Ligue 1,2324,Marseille,Jean Onana,CMR,MF,23.0,2000.0,13.0,5.0,566.0,6.3,1.0,0.0,1.0,1.0,0.0,0.0,1.0,0.0,0.16,0.0,0.16,0.16,0.16,6.3,1.0,8.0,3.0,37.5,1.27,0.48,0.13,0.33,0.0,0.0,44.0,18.5,5,88.0,2,8,16.0,1,1.77,10.0,10.0,0.0,0.0,-0.4,0.0,15.0,8.0,0.0,2.0,11.0,14.0,,,0.0,,,,,,,,,,,,,,,
FRA-Ligue 1,2324,Marseille,Joaquín Correa,ARG,"MF,FW",28.0,1994.0,12.0,6.0,430.0,4.8,0.0,0.0,0.0,0.0,0.0,0.0,2.0,0.0,0.0,0.0,0.0,0.0,0.0,4.8,0.0,4.0,2.0,50.0,0.84,0.42,0.0,0.0,0.0,0.0,36.0,14.1,6,62.0,0,6,10.0,11,0.75,6.0,8.0,-2.0,-0.42,-0.86,0.0,6.0,5.0,0.0,1.0,1.0,5.0,,,0.0,,,,,,,,,,,,,,,
FRA-Ligue 1,2324,Marseille,Jonathan Clauss,FRA,"DF,MF",30.0,1992.0,27.0,25.0,2068.0,23.0,3.0,4.0,7.0,3.0,0.0,0.0,2.0,1.0,0.13,0.17,0.3,0.13,0.3,23.0,3.0,28.0,8.0,28.6,1.22,0.35,0.11,0.38,0.0,0.0,77.0,67.6,25,81.0,16,2,22.0,1,1.37,31.0,25.0,6.0,0.26,-0.19,0.0,11.0,17.0,3.0,160.0,36.0,20.0,,,0.0,,,,,,,,,,,,,,,
FRA-Ligue 1,2324,Marseille,Jordan Veretout,FRA,MF,30.0,1993.0,29.0,24.0,2183.0,24.3,1.0,2.0,3.0,1.0,0.0,0.0,4.0,0.0,0.04,0.08,0.12,0.04,0.12,24.3,1.0,36.0,9.0,25.0,1.48,0.37,0.03,0.11,0.0,0.0,75.0,71.3,24,86.0,18,5,24.0,0,1.48,37.0,34.0,3.0,0.12,-0.7,0.0,22.0,14.0,1.0,113.0,14.0,21.0,,,0.0,,,,,,,,,,,,,,,
FRA-Ligue 1,2324,Marseille,Keyliane Abdallah,FRA,FW,17.0,2006.0,1.0,0.0,4.0,0.0,0.0,0.0,0.0,0.0,0.0,0.0,0.0,0.0,0.0,0.0,0.0,0.0,0.0,0.0,0.0,0.0,0.0,,0.0,0.0,,,0.0,0.0,4.0,0.1,0,,0,1,4.0,1,1.0,1.0,0.0,1.0,22.5,22.21,0.0,0.0,0.0,0.0,0.0,0.0,0.0,,,0.0,,,,,,,,,,,,,,,
FRA-Ligue 1,2324,Marseille,Leonardo Balerdi,ARG,DF,24.0,1999.0,27.0,26.0,2271.0,25.2,2.0,0.0,2.0,2.0,0.0,0.0,6.0,1.0,0.08,0.0,0.08,0.08,0.08,25.2,2.0,14.0,4.0,28.6,0.55,0.16,0.14,0.5,0.0,0.0,84.0,74.2,26,87.0,21,1,21.0,3,1.44,39.0,30.0,9.0,0.36,0.13,1.0,25.0,24.0,1.0,3.0,51.0,50.0,,,0.0,,,,,,,,,,,,,,,
FRA-Ligue 1,2324,Marseille,Luis Henrique,BRA,"FW,MF",21.0,2001.0,15.0,8.0,784.0,8.7,1.0,0.0,1.0,1.0,0.0,0.0,0.0,0.0,0.11,0.0,0.11,0.11,0.11,8.7,1.0,12.0,3.0,25.0,1.38,0.34,0.08,0.33,0.0,0.0,52.0,25.6,8,85.0,5,7,15.0,2,1.27,14.0,12.0,2.0,0.23,-0.13,0.0,2.0,2.0,6.0,27.0,8.0,7.0,,,0.0,,,,,,,,,,,,,,,
FRA-Ligue 1,2324,Marseille,Mattéo Guendouzi,FRA,MF,24.0,1999.0,2.0,0.0,19.0,0.2,0.0,0.0,0.0,0.0,0.0,0.0,0.0,0.0,0.0,0.0,0.0,0.0,0.0,0.2,0.0,2.0,2.0,100.0,9.47,9.47,0.0,0.0,0.0,0.0,10.0,0.6,0,,0,2,10.0,1,3.0,0.0,0.0,0.0,0.0,-0.33,0.0,0.0,1.0,0.0,1.0,0.0,0.0,,,0.0,,,,,,,,,,,,,,,
FRA-Ligue 1,2324,Marseille,Michael Amir Murillo,PAN,"DF,MF",27.0,1996.0,16.0,10.0,997.0,11.1,3.0,2.0,5.0,3.0,0.0,0.0,3.0,0.0,0.27,0.18,0.45,0.27,0.45,11.1,3.0,5.0,4.0,80.0,0.45,0.36,0.6,0.75,0.0,0.0,62.0,32.6,10,86.0,8,6,24.0,3,1.75,20.0,12.0,8.0,0.72,0.59,0.0,10.0,10.0,6.0,16.0,11.0,11.0,,,0.0,,,,,,,,,,,,,,,
FRA-Ligue 1,2324,Marseille,Noam Mayoka-Tika,BEL,MF,19.0,2003.0,1.0,0.0,1.0,0.0,0.0,0.0,0.0,0.0,0.0,0.0,0.0,0.0,0.0,0.0,0.0,0.0,0.0,0.0,0.0,0.0,0.0,,0.0,0.0,,,0.0,0.0,1.0,0.0,0,,0,1,1.0,11,1.0,0.0,1.0,-1.0,-90.0,-90.35,0.0,1.0,0.0,0.0,0.0,0.0,0.0,,,0.0,,,,,,,,,,,,,,,
FRA-Ligue 1,2324,Marseille,Pape Gueye,SEN,"MF,DF",24.0,1999.0,15.0,9.0,765.0,8.5,1.0,0.0,1.0,1.0,0.0,0.0,2.0,0.0,0.12,0.0,0.12,0.12,0.12,8.5,1.0,8.0,2.0,25.0,0.94,0.24,0.13,0.5,0.0,0.0,51.0,25.0,9,72.0,2,6,19.0,1,1.93,12.0,11.0,1.0,0.12,-0.27,0.0,20.0,18.0,1.0,9.0,13.0,21.0,,,0.0,,,,,,,,,,,,,,,
FRA-Ligue 1,2324,Marseille,Pau López,ESP,GK,28.0,1994.0,33.0,33.0,2939.0,32.7,0.0,0.0,0.0,0.0,0.0,0.0,1.0,0.0,0.0,0.0,0.0,0.0,0.0,32.7,0.0,0.0,0.0,,0.0,0.0,,,0.0,0.0,89.0,96.0,33,89.0,32,0,,0,1.52,52.0,39.0,13.0,0.4,1.89,0.0,0.0,12.0,0.0,0.0,0.0,0.0,,,0.0,39.0,1.19,125.0,88.0,68.8,13.0,11.0,9.0,7.0,21.2,3.0,3.0,0.0,0.0,0.0
FRA-Ligue 1,2324,Marseille,Pierre-Emerick Aubameyang,GAB,FW,34.0,1989.0,34.0,30.0,2622.0,29.1,17.0,8.0,25.0,13.0,4.0,4.0,4.0,0.0,0.58,0.27,0.86,0.45,0.72,29.1,17.0,116.0,51.0,44.0,3.98,1.75,0.15,0.33,4.0,4.0,77.0,85.7,30,84.0,20,4,24.0,0,1.47,47.0,37.0,10.0,0.34,0.14,0.0,9.0,20.0,21.0,43.0,9.0,15.0,,,0.0,,,,,,,,,,,,,,,
FRA-Ligue 1,2324,Marseille,Quentin Merlin,FRA,"DF,MF",21.0,2002.0,10.0,8.0,703.0,7.8,0.0,1.0,1.0,0.0,0.0,0.0,1.0,0.0,0.0,0.13,0.13,0.0,0.13,7.8,0.0,5.0,1.0,20.0,0.64,0.13,0.0,0.0,0.0,0.0,70.0,23.0,8,81.0,4,2,27.0,2,1.3,12.0,13.0,-1.0,-0.13,-0.59,0.0,10.0,15.0,0.0,39.0,6.0,13.0,,,0.0,,,,,,,,,,,,,,,
FRA-Ligue 1,2324,Marseille,Raimane Daou,COM,DF,18.0,2004.0,1.0,0.0,25.0,0.3,0.0,0.0,0.0,0.0,0.0,0.0,0.0,0.0,0.0,0.0,0.0,0.0,0.0,0.3,0.0,0.0,0.0,,0.0,0.0,,,0.0,0.0,25.0,0.8,0,,0,1,25.0,2,1.0,1.0,1.0,0.0,0.0,-0.33,0.0,2.0,0.0,0.0,0.0,0.0,1.0,,,0.0,,,,,,,,,,,,,,,
FRA-Ligue 1,2324,Marseille,Renan Lodi,BRA,"DF,MF",25.0,1998.0,14.0,14.0,1235.0,13.7,0.0,0.0,0.0,0.0,0.0,0.0,6.0,0.0,0.0,0.0,0.0,0.0,0.0,13.7,0.0,6.0,2.0,33.3,0.44,0.15,0.0,0.0,0.0,0.0,88.0,40.4,14,88.0,12,0,,1,1.64,19.0,14.0,5.0,0.36,0.07,0.0,27.0,17.0,1.0,70.0,16.0,17.0,,,0.0,,,,,,,,,,,,,,,
FRA-Ligue 1,2324,Marseille,Rubén Blanco,ESP,GK,28.0,1995.0,2.0,1.0,121.0,1.3,0.0,0.0,0.0,0.0,0.0,0.0,0.0,0.0,0.0,0.0,0.0,0.0,0.0,1.3,0.0,0.0,0.0,,0.0,0.0,,,0.0,0.0,61.0,4.0,1,90.0,1,1,31.0,30,0.0,0.0,2.0,-2.0,-1.49,-1.89,0.0,0.0,0.0,0.0,0.0,0.0,0.0,,,0.0,2.0,1.49,6.0,4.0,66.7,0.0,0.0,1.0,0.0,0.0,0.0,0.0,0.0,0.0,
FRA-Ligue 1,2324,Marseille,Samuel Gigot,FRA,DF,29.0,1993.0,21.0,20.0,1726.0,19.2,3.0,0.0,3.0,3.0,0.0,0.0,7.0,1.0,0.16,0.0,0.16,0.16,0.16,19.2,3.0,19.0,9.0,47.4,0.99,0.47,0.16,0.33,0.0,0.0,82.0,56.4,20,84.0,15,1,40.0,2,1.57,32.0,26.0,6.0,0.31,-0.02,0.0,21.0,14.0,1.0,6.0,25.0,22.0,,,0.0,,,,,,,,,,,,,,,
FRA-Ligue 1,2324,Marseille,Sofiane Sidi Ali,FRA,FW,28.0,1995.0,2.0,0.0,18.0,0.2,0.0,0.0,0.0,0.0,0.0,0.0,0.0,0.0,0.0,0.0,0.0,0.0,0.0,0.2,0.0,1.0,0.0,0.0,5.0,0.0,0.0,,0.0,0.0,9.0,0.6,0,,0,2,9.0,5,2.0,0.0,1.0,-1.0,-5.0,-5.36,0.0,1.0,0.0,0.0,0.0,2.0,0.0,,,0.0,,,,,,,,,,,,,,,
FRA-Ligue 1,2324,Marseille,Ulisses Garcia,SUI,"DF,MF",27.0,1996.0,13.0,10.0,906.0,10.1,0.0,0.0,0.0,0.0,0.0,0.0,0.0,0.0,0.0,0.0,0.0,0.0,0.0,10.1,0.0,11.0,5.0,45.5,1.09,0.5,0.0,0.0,0.0,0.0,70.0,29.6,10,85.0,8,3,20.0,3,1.46,15.0,14.0,1.0,0.1,-0.32,0.0,14.0,11.0,0.0,48.0,7.0,16.0,,,0.0,,,,,,,,,,,,,,,
FRA-Ligue 1,2324,Marseille,Valentin Rongier,FRA,MF,28.0,1994.0,10.0,10.0,851.0,9.5,0.0,0.0,0.0,0.0,0.0,0.0,2.0,0.0,0.0,0.0,0.0,0.0,0.0,9.5,0.0,10.0,3.0,30.0,1.06,0.32,0.0,0.0,0.0,0.0,85.0,27.8,10,85.0,8,0,,0,1.3,11.0,12.0,-1.0,-0.11,-0.59,0.0,13.0,5.0,0.0,3.0,14.0,12.0,,,0.0,,,,,,,,,,,,,,,
FRA-Ligue 1,2324,Marseille,Vitinha,POR,FW,23.0,2000.0,18.0,10.0,923.0,10.3,3.0,2.0,5.0,3.0,0.0,0.0,1.0,0.0,0.29,0.2,0.49,0.29,0.49,10.3,3.0,37.0,9.0,24.3,3.61,0.88,0.08,0.33,0.0,0.0,51.0,30.2,10,79.0,4,8,17.0,1,1.61,16.0,10.0,6.0,0.59,0.37,0.0,16.0,23.0,6.0,18.0,5.0,8.0,,,0.0,,,,,,,,,,,,,,,
FRA-Ligue 1,2324,Metz,Ablie Jallow,GAM,"MF,FW",24.0,1998.0,17.0,10.0,918.0,10.2,3.0,2.0,5.0,2.0,1.0,1.0,1.0,0.0,0.29,0.2,0.49,0.2,0.39,10.2,3.0,18.0,7.0,38.9,1.76,0.69,0.17,0.43,1.0,1.0,54.0,30.0,10,75.0,1,7,24.0,4,0.53,13.0,20.0,-7.0,-0.69,-0.01,0.0,8.0,14.0,0.0,23.0,8.0,6.0,,,0.0,,,,,,,,,,,,,,,
FRA-Ligue 1,2324,Metz,Abou Lô,SEN,"MF,DF",23.0,2000.0,6.0,2.0,197.0,2.2,0.0,0.0,0.0,0.0,0.0,0.0,0.0,1.0,0.0,0.0,0.0,0.0,0.0,2.2,0.0,1.0,0.0,0.0,0.46,0.0,0.0,,0.0,0.0,33.0,6.4,2,70.0,0,4,15.0,11,1.17,1.0,9.0,-8.0,-3.65,-3.18,0.0,3.0,2.0,0.0,0.0,4.0,1.0,,,0.0,,,,,,,,,,,,,,,
FRA-Ligue 1,2324,Metz,Alexandre Oukidja,ALG,GK,35.0,1988.0,34.0,34.0,2987.0,33.2,0.0,0.0,0.0,0.0,0.0,0.0,3.0,0.0,0.0,0.0,0.0,0.0,0.0,33.2,0.0,0.0,0.0,,0.0,0.0,,,0.0,0.0,88.0,97.6,34,88.0,33,0,,0,0.85,34.0,57.0,-23.0,-0.69,-0.69,0.0,1.0,7.0,0.0,0.0,3.0,1.0,,,0.0,57.0,1.72,178.0,126.0,68.0,8.0,5.0,21.0,6.0,17.6,6.0,6.0,0.0,0.0,0.0
FRA-Ligue 1,2324,Metz,Arthur Atta,FRA,MF,20.0,2003.0,21.0,10.0,924.0,10.3,1.0,2.0,3.0,1.0,0.0,0.0,0.0,0.0,0.1,0.19,0.29,0.1,0.29,10.3,1.0,9.0,4.0,44.4,0.88,0.39,0.11,0.25,0.0,0.0,44.0,30.2,10,78.0,5,11,13.0,7,0.62,14.0,22.0,-8.0,-0.78,-0.15,0.0,18.0,12.0,4.0,10.0,9.0,13.0,,,0.0,,,,,,,,,,,,,,,
FRA-Ligue 1,2324,Metz,Benjamin Tetteh,GHA,FW,26.0,1997.0,12.0,1.0,278.0,3.1,0.0,0.0,0.0,0.0,0.0,0.0,2.0,0.0,0.0,0.0,0.0,0.0,0.0,3.1,0.0,3.0,1.0,33.3,0.97,0.32,0.0,0.0,0.0,0.0,23.0,9.1,1,80.0,0,11,18.0,4,0.5,1.0,4.0,-3.0,-0.97,-0.32,0.0,4.0,4.0,5.0,1.0,0.0,5.0,,,0.0,,,,,,,,,,,,,,,
FRA-Ligue 1,2324,Metz,Cheikh Tidiane Sabaly,SEN,"MF,FW",24.0,1999.0,29.0,17.0,1379.0,15.3,3.0,1.0,4.0,3.0,0.0,0.0,4.0,0.0,0.2,0.07,0.26,0.2,0.26,15.3,3.0,21.0,9.0,42.9,1.37,0.59,0.14,0.33,0.0,0.0,48.0,45.1,17,71.0,0,12,14.0,2,0.66,13.0,24.0,-11.0,-0.72,-0.08,0.0,24.0,27.0,6.0,14.0,9.0,22.0,,,0.0,,,,,,,,,,,,,,,
FRA-Ligue 1,2324,Metz,Christophe Hérelle,MTQ,DF,30.0,1992.0,19.0,18.0,1617.0,18.0,0.0,0.0,0.0,0.0,0.0,0.0,4.0,1.0,0.0,0.0,0.0,0.0,0.0,18.0,0.0,4.0,0.0,0.0,0.22,0.0,0.0,,0.0,0.0,85.0,52.8,18,87.0,15,1,45.0,5,0.84,14.0,26.0,-12.0,-0.67,0.02,0.0,14.0,33.0,0.0,1.0,18.0,16.0,,,0.0,,,,,,,,,,,,,,,
FRA-Ligue 1,2324,Metz,Danley Jean-Jacques,HAI,MF,23.0,2000.0,33.0,30.0,2682.0,29.8,0.0,0.0,0.0,0.0,0.0,0.0,5.0,0.0,0.0,0.0,0.0,0.0,0.0,29.8,0.0,34.0,5.0,14.7,1.14,0.17,0.0,0.0,0.0,0.0,81.0,87.6,30,88.0,21,3,14.0,0,0.88,29.0,49.0,-20.0,-0.67,0.04,0.0,48.0,23.0,1.0,20.0,39.0,30.0,,,0.0,,,,,,,,,,,,,,,
FRA-Ligue 1,2324,Metz,Didier Lamkel Zé,CMR,"FW,MF",26.0,1996.0,9.0,7.0,550.0,6.1,1.0,0.0,1.0,1.0,0.0,0.0,1.0,0.0,0.16,0.0,0.16,0.16,0.16,6.1,1.0,11.0,3.0,27.3,1.8,0.49,0.09,0.33,0.0,0.0,61.0,18.0,7,75.0,2,2,13.0,3,0.78,7.0,11.0,-4.0,-0.65,0.03,0.0,14.0,11.0,3.0,14.0,1.0,3.0,,,0.0,,,,,,,,,,,,,,,
FRA-Ligue 1,2324,Metz,Fali Candé,GNB,DF,25.0,1998.0,25.0,20.0,1849.0,20.5,0.0,1.0,1.0,0.0,0.0,0.0,4.0,0.0,0.0,0.05,0.05,0.0,0.05,20.5,0.0,13.0,7.0,53.8,0.63,0.34,0.0,0.0,0.0,0.0,74.0,60.4,20,89.0,18,5,13.0,8,1.0,25.0,39.0,-14.0,-0.68,-0.01,0.0,14.0,16.0,0.0,9.0,21.0,18.0,,,0.0,,,,,,,,,,,,,,,
FRA-Ligue 1,2324,Metz,Georges Mikautadze,GEO,FW,22.0,2000.0,20.0,20.0,1747.0,19.4,13.0,4.0,17.0,10.0,3.0,3.0,0.0,1.0,0.67,0.21,0.88,0.52,0.72,19.4,13.0,57.0,27.0,47.4,2.94,1.39,0.23,0.48,3.0,3.0,87.0,57.1,20,87.0,12,0,,0,0.85,22.0,36.0,-14.0,-0.72,-0.1,0.0,13.0,26.0,1.0,34.0,6.0,2.0,,,0.0,,,,,,,,,,,,,,,
FRA-Ligue 1,2324,Metz,Guillaume Dietsch,FRA,GK,22.0,2001.0,1.0,0.0,73.0,0.8,0.0,0.0,0.0,0.0,0.0,0.0,0.0,0.0,0.0,0.0,0.0,0.0,0.0,0.8,0.0,0.0,0.0,,0.0,0.0,,,0.0,0.0,73.0,2.4,0,,0,1,73.0,33,1.0,1.0,1.0,0.0,0.0,0.69,0.0,0.0,0.0,0.0,0.0,0.0,0.0,,,0.0,1.0,1.23,3.0,2.0,66.7,0.0,0.0,0.0,0.0,,0.0,0.0,0.0,0.0,
FRA-Ligue 1,2324,Metz,Habib Maïga,CIV,MF,27.0,1996.0,7.0,1.0,147.0,1.6,0.0,0.0,0.0,0.0,0.0,0.0,0.0,0.0,0.0,0.0,0.0,0.0,0.0,1.6,0.0,2.0,0.0,0.0,1.22,0.0,0.0,,0.0,0.0,21.0,4.8,1,61.0,0,6,14.0,5,1.57,0.0,3.0,-3.0,-1.84,-1.22,0.0,4.0,2.0,0.0,1.0,3.0,2.0,,,0.0,,,,,,,,,,,,,,,
FRA-Ligue 1,2324,Metz,Ibou Sané,SEN,FW,18.0,2005.0,9.0,0.0,128.0,1.4,1.0,0.0,1.0,1.0,0.0,0.0,1.0,0.0,0.7,0.0,0.7,0.7,0.7,1.4,1.0,2.0,1.0,50.0,1.41,0.7,0.5,1.0,0.0,0.0,14.0,4.2,0,,0,9,14.0,9,0.44,3.0,3.0,0.0,0.0,0.71,0.0,5.0,2.0,1.0,4.0,1.0,4.0,,,0.0,,,,,,,,,,,,,,,
FRA-Ligue 1,2324,Metz,Ismaël Traoré,CIV,DF,36.0,1986.0,26.0,25.0,2220.0,24.7,2.0,0.0,2.0,2.0,0.0,0.0,2.0,0.0,0.08,0.0,0.08,0.08,0.08,24.7,2.0,10.0,4.0,40.0,0.41,0.16,0.2,0.5,0.0,0.0,85.0,72.5,25,89.0,23,1,6.0,2,0.73,27.0,45.0,-18.0,-0.73,-0.19,0.0,23.0,4.0,0.0,0.0,32.0,11.0,,,0.0,,,,,,,,,,,,,,,
FRA-Ligue 1,2324,Metz,Joel Asoro,SWE,"MF,FW",24.0,1999.0,20.0,10.0,848.0,9.4,2.0,1.0,3.0,2.0,0.0,0.0,2.0,0.0,0.21,0.11,0.32,0.21,0.32,9.4,2.0,6.0,3.0,50.0,0.64,0.32,0.33,0.67,0.0,0.0,42.0,27.7,10,64.0,0,10,20.0,4,0.6,6.0,13.0,-7.0,-0.74,-0.09,0.0,18.0,22.0,4.0,19.0,6.0,8.0,,,0.0,,,,,,,,,,,,,,,
FRA-Ligue 1,2324,Metz,Joseph Nduquidi,FRA,"MF,DF",18.0,2004.0,13.0,7.0,751.0,8.3,0.0,0.0,0.0,0.0,0.0,0.0,2.0,0.0,0.0,0.0,0.0,0.0,0.0,8.3,0.0,4.0,1.0,25.0,0.48,0.12,0.0,0.0,0.0,0.0,58.0,24.5,7,84.0,5,6,27.0,10,0.92,5.0,13.0,-8.0,-0.96,-0.37,0.0,14.0,14.0,0.0,0.0,11.0,4.0,,,0.0,,,,,,,,,,,,,,,
FRA-Ligue 1,2324,Metz,Koffi Kouao,CIV,DF,25.0,1998.0,13.0,10.0,860.0,9.6,0.0,2.0,2.0,0.0,0.0,0.0,2.0,0.0,0.0,0.21,0.21,0.0,0.21,9.6,0.0,5.0,1.0,20.0,0.52,0.1,0.0,0.0,0.0,0.0,66.0,28.1,10,78.0,6,3,27.0,16,0.85,13.0,21.0,-8.0,-0.84,-0.22,0.0,16.0,5.0,1.0,16.0,12.0,12.0,,,0.0,,,,,,,,,,,,,,,
FRA-Ligue 1,2324,Metz,Kévin N'Doram,FRA,MF,27.0,1996.0,23.0,18.0,1604.0,17.8,0.0,2.0,2.0,0.0,0.0,0.0,4.0,0.0,0.0,0.11,0.11,0.0,0.11,17.8,0.0,7.0,1.0,14.3,0.39,0.06,0.0,0.0,0.0,0.0,70.0,52.4,18,85.0,13,5,15.0,2,0.83,18.0,29.0,-11.0,-0.62,0.12,0.0,29.0,21.0,0.0,2.0,27.0,23.0,,,0.0,,,,,,,,,,,,,,,
FRA-Ligue 1,2324,Metz,Kévin Van Den Kerkhof,ALG,"MF,FW",27.0,1996.0,29.0,21.0,1913.0,21.3,1.0,2.0,3.0,1.0,0.0,0.0,2.0,0.0,0.05,0.09,0.14,0.05,0.14,21.3,1.0,20.0,7.0,35.0,0.94,0.33,0.05,0.14,0.0,0.0,66.0,62.5,21,82.0,7,8,25.0,1,0.83,21.0,32.0,-11.0,-0.52,0.42,0.0,8.0,10.0,6.0,129.0,12.0,25.0,,,0.0,,,,,,,,,,,,,,,
FRA-Ligue 1,2324,Metz,Lamine Camara,SEN,MF,19.0,2004.0,31.0,26.0,2255.0,25.1,1.0,4.0,5.0,1.0,0.0,1.0,3.0,0.0,0.04,0.16,0.2,0.04,0.2,25.1,1.0,30.0,9.0,30.0,1.2,0.36,0.03,0.11,0.0,1.0,73.0,73.7,26,81.0,12,5,30.0,1,0.84,31.0,42.0,-11.0,-0.44,0.9,0.0,44.0,44.0,1.0,118.0,27.0,43.0,,,0.0,,,,,,,,,,,,,,,
FRA-Ligue 1,2324,Metz,Malick Mbaye,SEN,MF,19.0,2004.0,5.0,1.0,153.0,1.7,0.0,0.0,0.0,0.0,0.0,0.0,1.0,0.0,0.0,0.0,0.0,0.0,0.0,1.7,0.0,4.0,0.0,0.0,2.35,0.0,0.0,,0.0,0.0,31.0,5.0,1,89.0,0,4,16.0,9,0.8,2.0,6.0,-4.0,-2.35,-1.76,0.0,5.0,4.0,0.0,13.0,0.0,1.0,,,0.0,,,,,,,,,,,,,,,
FRA-Ligue 1,2324,Metz,Matthieu Udol,FRA,DF,27.0,1996.0,30.0,30.0,2700.0,30.0,3.0,3.0,6.0,3.0,0.0,0.0,5.0,0.0,0.1,0.1,0.2,0.1,0.2,30.0,3.0,19.0,8.0,42.1,0.63,0.27,0.16,0.38,0.0,0.0,90.0,88.2,30,90.0,30,0,,0,0.93,29.0,46.0,-17.0,-0.57,0.93,0.0,28.0,21.0,1.0,71.0,44.0,36.0,,,0.0,,,,,,,,,,,,,,,
FRA-Ligue 1,2324,Metz,Maxime Colin,FRA,DF,31.0,1991.0,22.0,22.0,1832.0,20.4,0.0,0.0,0.0,0.0,0.0,0.0,3.0,0.0,0.0,0.0,0.0,0.0,0.0,20.4,0.0,6.0,0.0,0.0,0.29,0.0,0.0,,0.0,0.0,83.0,59.9,22,83.0,18,0,,4,0.95,21.0,30.0,-9.0,-0.44,0.58,0.0,11.0,8.0,0.0,34.0,22.0,26.0,,,0.0,,,,,,,,,,,,,,,
FRA-Ligue 1,2324,Metz,N'Guessan Kouadio,CIV,MF,20.0,2003.0,6.0,1.0,110.0,1.2,0.0,0.0,0.0,0.0,0.0,0.0,0.0,0.0,0.0,0.0,0.0,0.0,0.0,1.2,0.0,3.0,1.0,33.3,2.45,0.82,0.0,0.0,0.0,0.0,18.0,3.6,1,87.0,0,5,5.0,8,0.5,0.0,3.0,-3.0,-2.45,-1.84,0.0,10.0,5.0,0.0,1.0,1.0,1.0,,,0.0,,,,,,,,,,,,,,,
FRA-Ligue 1,2324,Metz,Oscar Estupiñan,COL,FW,26.0,1996.0,6.0,4.0,260.0,2.9,0.0,0.0,0.0,0.0,0.0,0.0,0.0,0.0,0.0,0.0,0.0,0.0,0.0,2.9,0.0,6.0,1.0,16.7,2.08,0.35,0.0,0.0,0.0,0.0,43.0,8.5,4,58.0,0,2,15.0,0,0.5,2.0,2.0,0.0,0.0,0.74,0.0,6.0,3.0,1.0,1.0,0.0,4.0,,,0.0,,,,,,,,,,,,,,,
FRA-Ligue 1,2324,Metz,Papa Amadou Diallo,SEN,"MF,FW",19.0,2004.0,16.0,9.0,889.0,9.9,2.0,1.0,3.0,2.0,0.0,0.0,1.0,0.0,0.2,0.1,0.3,0.2,0.3,9.9,2.0,13.0,6.0,46.2,1.32,0.61,0.15,0.33,0.0,0.0,56.0,29.1,9,78.0,2,7,26.0,8,0.81,13.0,15.0,-2.0,-0.2,0.67,0.0,10.0,11.0,4.0,14.0,10.0,9.0,,,0.0,,,,,,,,,,,,,,,
FRA-Ligue 1,2324,Metz,Sadibou Sané,SEN,DF,19.0,2004.0,14.0,9.0,846.0,9.4,0.0,0.0,0.0,0.0,0.0,0.0,1.0,0.0,0.0,0.0,0.0,0.0,0.0,9.4,0.0,5.0,1.0,20.0,0.53,0.11,0.0,0.0,0.0,0.0,60.0,27.6,9,85.0,8,5,16.0,8,1.0,9.0,16.0,-7.0,-0.74,-0.09,0.0,9.0,5.0,1.0,8.0,7.0,11.0,,,0.0,,,,,,,,,,,,,,,
FRA-Ligue 1,2324,Metz,Simon Elisor,FRA,FW,24.0,1999.0,14.0,9.0,767.0,8.5,1.0,0.0,1.0,1.0,0.0,1.0,1.0,0.0,0.12,0.0,0.12,0.12,0.12,8.5,1.0,14.0,7.0,50.0,1.64,0.82,0.07,0.14,0.0,1.0,55.0,25.1,9,74.0,2,5,20.0,2,1.07,8.0,13.0,-5.0,-0.59,0.12,0.0,17.0,16.0,4.0,4.0,0.0,2.0,,,0.0,,,,,,,,,,,,,,,
FRA-Ligue 1,2324,Metz,Youssef Maziz,FRA,MF,25.0,1998.0,2.0,2.0,124.0,1.4,1.0,0.0,1.0,1.0,0.0,0.0,0.0,0.0,0.73,0.0,0.73,0.73,0.73,1.4,1.0,4.0,2.0,50.0,2.9,1.45,0.25,0.5,0.0,0.0,62.0,4.1,2,62.0,0,0,,0,0.5,1.0,3.0,-2.0,-1.45,-0.81,0.0,1.0,2.0,0.0,4.0,1.0,0.0,,,0.0,,,,,,,,,,,,,,,
FRA-Ligue 1,2324,Monaco,Aleksandr Golovin,RUS,MF,27.0,1996.0,25.0,25.0,2147.0,23.9,6.0,6.0,12.0,6.0,0.0,0.0,8.0,1.0,0.25,0.25,0.5,0.25,0.5,23.9,6.0,45.0,20.0,44.4,1.89,0.84,0.13,0.3,0.0,0.0,86.0,70.2,25,86.0,16,0,,0,1.96,47.0,31.0,16.0,0.67,-0.32,0.0,25.0,36.0,3.0,111.0,23.0,29.0,,,0.0,,,,,,,,,,,,,,,
FRA-Ligue 1,2324,Monaco,Antonin Cartillier,FRA,DF,19.0,2004.0,1.0,0.0,8.0,0.1,0.0,0.0,0.0,0.0,0.0,0.0,0.0,0.0,0.0,0.0,0.0,0.0,0.0,0.1,0.0,0.0,0.0,,0.0,0.0,,,0.0,0.0,8.0,0.3,0,,0,1,8.0,5,0.0,0.0,1.0,-1.0,-11.25,-12.05,0.0,0.0,0.0,0.0,0.0,0.0,0.0,,,0.0,,,,,,,,,,,,,,,
FRA-Ligue 1,2324,Monaco,Breel Embolo,SUI,FW,26.0,1997.0,5.0,2.0,182.0,2.0,1.0,0.0,1.0,1.0,0.0,0.0,0.0,0.0,0.49,0.0,0.49,0.49,0.49,2.0,1.0,6.0,3.0,50.0,2.97,1.48,0.17,0.33,0.0,0.0,36.0,5.9,2,54.0,0,3,25.0,2,2.4,4.0,2.0,2.0,0.99,0.24,0.0,3.0,7.0,3.0,1.0,1.0,3.0,,,0.0,,,,,,,,,,,,,,,
FRA-Ligue 1,2324,Monaco,Caio Henrique,BRA,"MF,DF",26.0,1997.0,9.0,7.0,623.0,6.9,0.0,5.0,5.0,0.0,0.0,0.0,0.0,0.0,0.0,0.72,0.72,0.0,0.72,6.9,0.0,6.0,1.0,16.7,0.87,0.14,0.0,0.0,0.0,0.0,69.0,20.4,7,88.0,4,2,3.0,2,2.22,18.0,7.0,11.0,1.59,1.04,0.0,2.0,2.0,1.0,35.0,7.0,8.0,,,0.0,,,,,,,,,,,,,,,
FRA-Ligue 1,2324,Monaco,Chrislain Matsima,FRA,DF,21.0,2002.0,6.0,3.0,298.0,3.3,0.0,1.0,1.0,0.0,0.0,0.0,2.0,0.0,0.0,0.3,0.3,0.0,0.3,3.3,0.0,2.0,0.0,0.0,0.6,0.0,0.0,,0.0,0.0,50.0,9.7,3,83.0,2,3,17.0,13,2.17,7.0,6.0,1.0,0.3,-0.51,0.0,10.0,2.0,0.0,0.0,3.0,8.0,,,0.0,,,,,,,,,,,,,,,
FRA-Ligue 1,2324,Monaco,Denis Zakaria,SUI,"MF,DF",26.0,1996.0,25.0,24.0,2137.0,23.7,4.0,0.0,4.0,4.0,0.0,0.0,13.0,2.0,0.17,0.0,0.17,0.17,0.17,23.7,4.0,26.0,10.0,38.5,1.09,0.42,0.15,0.4,0.0,0.0,85.0,69.8,24,88.0,18,1,17.0,0,1.76,41.0,32.0,9.0,0.38,-1.28,2.0,33.0,13.0,0.0,9.0,45.0,26.0,,,0.0,,,,,,,,,,,,,,,
FRA-Ligue 1,2324,Monaco,Edan Diop,FRA,MF,18.0,2004.0,10.0,0.0,163.0,1.8,0.0,0.0,0.0,0.0,0.0,0.0,3.0,0.0,0.0,0.0,0.0,0.0,0.0,1.8,0.0,0.0,0.0,,0.0,0.0,,,0.0,0.0,16.0,5.3,0,,0,10,16.0,17,2.5,4.0,4.0,0.0,0.0,-0.81,0.0,7.0,3.0,0.0,2.0,1.0,8.0,,,0.0,,,,,,,,,,,,,,,
FRA-Ligue 1,2324,Monaco,Eliesse Ben Seghir,MAR,"MF,FW",18.0,2005.0,13.0,4.0,428.0,4.8,2.0,1.0,3.0,2.0,0.0,0.0,0.0,1.0,0.42,0.21,0.63,0.42,0.63,4.8,2.0,14.0,4.0,28.6,2.94,0.84,0.14,0.5,0.0,0.0,33.0,14.0,4,67.0,0,9,18.0,3,1.92,11.0,2.0,9.0,1.89,1.31,0.0,6.0,19.0,1.0,12.0,2.0,6.0,,,0.0,,,,,,,,,,,,,,,
FRA-Ligue 1,2324,Monaco,Eliot Matazo,BEL,MF,21.0,2002.0,6.0,0.0,102.0,1.1,0.0,1.0,1.0,0.0,0.0,0.0,2.0,0.0,0.0,0.88,0.88,0.0,0.88,1.1,0.0,1.0,1.0,100.0,0.88,0.88,0.0,0.0,0.0,0.0,17.0,3.3,0,,0,6,17.0,6,2.17,2.0,3.0,-1.0,-0.88,-1.7,0.0,5.0,1.0,0.0,1.0,3.0,2.0,,,0.0,,,,,,,,,,,,,,,
FRA-Ligue 1,2324,Monaco,Folarin Balogun,USA,FW,22.0,2001.0,29.0,19.0,1692.0,18.8,7.0,5.0,12.0,7.0,0.0,3.0,1.0,0.0,0.37,0.27,0.64,0.37,0.64,18.8,7.0,66.0,29.0,43.9,3.51,1.54,0.11,0.24,0.0,3.0,58.0,55.3,19,77.0,5,10,23.0,0,2.0,36.0,26.0,10.0,0.53,-0.52,0.0,31.0,35.0,14.0,8.0,3.0,3.0,,,0.0,,,,,,,,,,,,,,,
FRA-Ligue 1,2324,Monaco,Guillermo Maripán,CHI,DF,29.0,1994.0,23.0,21.0,1767.0,19.6,1.0,0.0,1.0,1.0,0.0,0.0,0.0,1.0,0.05,0.0,0.05,0.05,0.05,19.6,1.0,11.0,5.0,45.5,0.56,0.25,0.09,0.2,0.0,0.0,77.0,57.7,21,84.0,19,2,1.0,3,1.91,39.0,26.0,13.0,0.66,-0.24,0.0,21.0,6.0,1.0,0.0,28.0,9.0,,,0.0,,,,,,,,,,,,,,,
FRA-Ligue 1,2324,Monaco,Ismail Jakobs,SEN,"MF,DF",23.0,1999.0,22.0,16.0,1466.0,16.3,1.0,2.0,3.0,1.0,0.0,0.0,0.0,0.0,0.06,0.12,0.18,0.06,0.18,16.3,1.0,21.0,7.0,33.3,1.29,0.43,0.05,0.14,0.0,0.0,67.0,47.9,16,86.0,10,6,16.0,2,1.95,31.0,24.0,7.0,0.43,-0.64,0.0,25.0,18.0,3.0,76.0,12.0,42.0,,,0.0,,,,,,,,,,,,,,,
FRA-Ligue 1,2324,Monaco,Kassoum Ouattara,FRA,"DF,MF",18.0,2004.0,14.0,7.0,636.0,7.1,1.0,0.0,1.0,1.0,0.0,0.0,2.0,0.0,0.14,0.0,0.14,0.14,0.14,7.1,1.0,8.0,5.0,62.5,1.13,0.71,0.13,0.2,0.0,0.0,45.0,20.8,7,73.0,2,7,18.0,10,1.57,10.0,7.0,3.0,0.42,-0.43,0.0,10.0,9.0,0.0,35.0,13.0,12.0,,,0.0,,,,,,,,,,,,,,,
FRA-Ligue 1,2324,Monaco,Krépin Diatta,SEN,"MF,DF",24.0,1999.0,26.0,12.0,1206.0,13.4,0.0,2.0,2.0,0.0,0.0,0.0,2.0,0.0,0.0,0.15,0.15,0.0,0.15,13.4,0.0,9.0,0.0,0.0,0.67,0.0,0.0,,0.0,0.0,46.0,39.4,12,84.0,9,14,15.0,1,2.15,30.0,16.0,14.0,1.04,0.46,0.0,18.0,24.0,1.0,39.0,15.0,21.0,,,0.0,,,,,,,,,,,,,,,
FRA-Ligue 1,2324,Monaco,Lucas Michal,FRA,FW,18.0,2005.0,1.0,0.0,7.0,0.1,0.0,0.0,0.0,0.0,0.0,0.0,0.0,0.0,0.0,0.0,0.0,0.0,0.0,0.1,0.0,0.0,0.0,,0.0,0.0,,,0.0,0.0,7.0,0.2,0,,0,1,7.0,8,3.0,0.0,0.0,0.0,0.0,-0.77,0.0,1.0,0.0,0.0,0.0,0.0,0.0,,,0.0,,,,,,,,,,,,,,,
FRA-Ligue 1,2324,Monaco,Maghnes Akliouche,FRA,MF,21.0,2002.0,28.0,18.0,1613.0,17.9,7.0,4.0,11.0,7.0,0.0,0.0,5.0,0.0,0.39,0.22,0.61,0.39,0.61,17.9,7.0,35.0,21.0,60.0,1.95,1.17,0.2,0.33,0.0,0.0,58.0,52.7,18,78.0,3,10,20.0,3,1.93,32.0,17.0,15.0,0.84,0.15,0.0,34.0,31.0,1.0,54.0,8.0,23.0,,,0.0,,,,,,,,,,,,,,,
FRA-Ligue 1,2324,Monaco,Mamadou Coulibaly,FRA,MF,19.0,2004.0,5.0,1.0,118.0,1.3,0.0,0.0,0.0,0.0,0.0,0.0,0.0,0.0,0.0,0.0,0.0,0.0,0.0,1.3,0.0,2.0,0.0,0.0,1.53,0.0,0.0,,0.0,0.0,24.0,3.9,1,45.0,0,4,18.0,11,2.4,4.0,2.0,2.0,1.53,0.79,0.0,3.0,2.0,0.0,1.0,0.0,4.0,,,0.0,,,,,,,,,,,,,,,
FRA-Ligue 1,2324,Monaco,Mohamed Camara,MLI,MF,23.0,2000.0,20.0,14.0,1035.0,11.5,1.0,2.0,3.0,0.0,1.0,1.0,4.0,0.0,0.09,0.17,0.26,0.0,0.17,11.5,1.0,14.0,4.0,28.6,1.22,0.35,0.07,0.25,1.0,1.0,52.0,33.8,14,71.0,2,6,7.0,4,2.3,27.0,12.0,15.0,1.3,0.82,0.0,25.0,23.0,0.0,1.0,11.0,20.0,,,0.0,,,,,,,,,,,,,,,
FRA-Ligue 1,2324,Monaco,Mohammed Salisu,GHA,DF,24.0,1999.0,12.0,11.0,1035.0,11.5,0.0,1.0,1.0,0.0,0.0,0.0,2.0,0.0,0.0,0.09,0.09,0.0,0.09,11.5,0.0,4.0,1.0,25.0,0.35,0.09,0.0,0.0,0.0,0.0,86.0,33.8,11,90.0,11,1,45.0,5,1.92,23.0,13.0,10.0,0.87,0.16,0.0,12.0,5.0,1.0,1.0,21.0,12.0,,,0.0,,,,,,,,,,,,,,,
FRA-Ligue 1,2324,Monaco,Myron Boadu,NED,FW,22.0,2001.0,9.0,0.0,85.0,0.9,1.0,0.0,1.0,1.0,0.0,0.0,0.0,0.0,1.06,0.0,1.06,1.06,1.06,0.9,1.0,2.0,2.0,100.0,2.12,2.12,0.5,0.5,0.0,0.0,9.0,2.8,0,,0,9,9.0,5,1.78,1.0,1.0,0.0,0.0,-0.79,0.0,3.0,2.0,1.0,0.0,0.0,2.0,,,0.0,,,,,,,,,,,,,,,
FRA-Ligue 1,2324,Monaco,Philipp Köhn,SUI,GK,25.0,1998.0,22.0,22.0,1980.0,22.0,0.0,0.0,0.0,0.0,0.0,0.0,0.0,0.0,0.0,0.0,0.0,0.0,0.0,22.0,0.0,0.0,0.0,,0.0,0.0,,,0.0,0.0,90.0,64.7,22,90.0,22,0,,12,1.73,41.0,32.0,9.0,0.41,-1.01,0.0,0.0,1.0,0.0,0.0,2.0,1.0,,,0.0,32.0,1.45,98.0,66.0,67.3,11.0,5.0,6.0,5.0,22.7,6.0,5.0,1.0,0.0,16.7
FRA-Ligue 1,2324,Monaco,Radosław Majecki,POL,GK,23.0,1999.0,12.0,12.0,1080.0,12.0,0.0,0.0,0.0,0.0,0.0,0.0,1.0,0.0,0.0,0.0,0.0,0.0,0.0,12.0,0.0,0.0,0.0,,0.0,0.0,,,0.0,0.0,90.0,35.3,12,90.0,12,0,,22,2.42,27.0,10.0,17.0,1.42,1.01,0.0,0.0,2.0,0.0,0.0,0.0,0.0,,,0.0,10.0,0.83,57.0,46.0,82.5,9.0,2.0,1.0,5.0,41.7,0.0,0.0,0.0,0.0,
FRA-Ligue 1,2324,Monaco,Saïmon Bouabré,FRA,MF,17.0,2006.0,1.0,0.0,45.0,0.5,0.0,0.0,0.0,0.0,0.0,0.0,0.0,0.0,0.0,0.0,0.0,0.0,0.0,0.5,0.0,0.0,0.0,,0.0,0.0,,,0.0,0.0,45.0,1.5,0,,0,1,45.0,2,3.0,1.0,0.0,1.0,2.0,1.25,0.0,1.0,2.0,1.0,0.0,0.0,2.0,,,0.0,,,,,,,,,,,,,,,
FRA-Ligue 1,2324,Monaco,Soungoutou Magassa,FRA,DF,19.0,2003.0,21.0,15.0,1346.0,15.0,0.0,0.0,0.0,0.0,0.0,0.0,7.0,0.0,0.0,0.0,0.0,0.0,0.0,15.0,0.0,8.0,3.0,37.5,0.53,0.2,0.0,0.0,0.0,0.0,64.0,44.0,15,87.0,12,6,8.0,10,2.1,35.0,22.0,13.0,0.87,0.19,0.0,31.0,13.0,1.0,4.0,20.0,29.0,,,0.0,,,,,,,,,,,,,,,
FRA-Ligue 1,2324,Monaco,Takumi Minamino,JPN,MF,28.0,1995.0,30.0,25.0,2117.0,23.5,9.0,6.0,15.0,9.0,0.0,0.0,4.0,0.0,0.38,0.26,0.64,0.38,0.64,23.5,9.0,61.0,29.0,47.5,2.59,1.23,0.15,0.31,0.0,0.0,71.0,69.2,25,81.0,9,5,17.0,0,2.0,45.0,26.0,19.0,0.81,0.14,0.0,29.0,32.0,5.0,32.0,12.0,17.0,,,0.0,,,,,,,,,,,,,,,
FRA-Ligue 1,2324,Monaco,Thilo Kehrer,GER,DF,26.0,1996.0,15.0,15.0,1323.0,14.7,1.0,1.0,2.0,1.0,0.0,0.0,4.0,1.0,0.07,0.07,0.14,0.07,0.14,14.7,1.0,12.0,4.0,33.3,0.82,0.27,0.08,0.25,0.0,0.0,88.0,43.2,15,88.0,14,0,,0,1.87,30.0,18.0,12.0,0.82,0.09,1.0,17.0,5.0,0.0,2.0,27.0,23.0,,,0.0,,,,,,,,,,,,,,,
FRA-Ligue 1,2324,Monaco,Vanderson,BRA,"MF,DF",22.0,2001.0,20.0,20.0,1641.0,18.2,3.0,1.0,4.0,3.0,0.0,0.0,6.0,1.0,0.16,0.05,0.22,0.16,0.22,18.2,3.0,30.0,10.0,33.3,1.65,0.55,0.1,0.3,0.0,0.0,82.0,53.6,20,82.0,11,0,,5,2.0,39.0,25.0,14.0,0.77,0.01,1.0,45.0,17.0,1.0,48.0,34.0,40.0,,,0.0,,,,,,,,,,,,,,,
FRA-Ligue 1,2324,Monaco,Wilfried Singo,CIV,DF,22.0,2000.0,25.0,24.0,2187.0,24.3,1.0,1.0,2.0,1.0,0.0,0.0,8.0,1.0,0.04,0.04,0.08,0.04,0.08,24.3,1.0,19.0,7.0,36.8,0.78,0.29,0.05,0.14,0.0,0.0,87.0,71.5,24,90.0,23,1,28.0,0,2.12,47.0,26.0,21.0,0.86,0.35,0.0,36.0,37.0,2.0,20.0,49.0,25.0,,,1.0,,,,,,,,,,,,,,,
FRA-Ligue 1,2324,Monaco,Wissam Ben Yedder,FRA,FW,32.0,1990.0,32.0,26.0,2316.0,25.7,16.0,2.0,18.0,15.0,1.0,1.0,2.0,0.0,0.62,0.08,0.7,0.58,0.66,25.7,16.0,64.0,31.0,48.4,2.49,1.2,0.25,0.52,1.0,1.0,72.0,75.7,26,85.0,14,6,17.0,1,2.0,56.0,32.0,24.0,0.93,0.69,0.0,11.0,20.0,31.0,9.0,7.0,2.0,,,0.0,,,,,,,,,,,,,,,
FRA-Ligue 1,2324,Monaco,Youssouf Fofana,FRA,MF,24.0,1999.0,32.0,31.0,2697.0,30.0,4.0,4.0,8.0,4.0,0.0,0.0,3.0,0.0,0.13,0.13,0.27,0.13,0.27,30.0,4.0,52.0,14.0,26.9,1.74,0.47,0.08,0.29,0.0,0.0,84.0,88.1,31,87.0,24,1,13.0,0,2.0,56.0,33.0,23.0,0.77,0.02,0.0,37.0,33.0,1.0,12.0,36.0,40.0,,,1.0,,,,,,,,,,,,,,,
FRA-Ligue 1,2324,Montpellier,Akor Adams,NGA,FW,23.0,2000.0,32.0,27.0,2252.0,25.0,8.0,1.0,9.0,8.0,0.0,0.0,2.0,0.0,0.32,0.04,0.36,0.32,0.36,25.0,8.0,79.0,33.0,41.8,3.16,1.32,0.1,0.24,0.0,0.0,70.0,73.6,27,80.0,10,5,21.0,1,1.22,29.0,32.0,-3.0,-0.12,0.1,0.0,39.0,23.0,26.0,12.0,4.0,5.0,,,0.0,,,,,,,,,,,,,,,
FRA-Ligue 1,2324,Montpellier,Arnaud Nordin,FRA,"MF,FW",25.0,1998.0,20.0,15.0,1246.0,13.8,5.0,3.0,8.0,5.0,0.0,0.0,1.0,1.0,0.36,0.22,0.58,0.36,0.58,13.8,5.0,31.0,14.0,45.2,2.24,1.01,0.16,0.36,0.0,0.0,62.0,40.7,15,76.0,4,5,20.0,0,1.25,23.0,21.0,2.0,0.14,0.49,0.0,13.0,41.0,1.0,35.0,2.0,6.0,,,0.0,,,,,,,,,,,,,,,
FRA-Ligue 1,2324,Montpellier,Axel Gueguin,FRA,DF,18.0,2005.0,3.0,1.0,132.0,1.5,0.0,0.0,0.0,0.0,0.0,0.0,0.0,0.0,0.0,0.0,0.0,0.0,0.0,1.5,0.0,0.0,0.0,,0.0,0.0,,,0.0,0.0,44.0,4.3,1,90.0,1,2,21.0,2,0.33,0.0,2.0,-2.0,-1.36,-1.27,0.0,0.0,3.0,0.0,2.0,2.0,4.0,,,0.0,,,,,,,,,,,,,,,
FRA-Ligue 1,2324,Montpellier,Becir Omeragic,SUI,"DF,MF",21.0,2002.0,28.0,26.0,2312.0,25.7,0.0,0.0,0.0,0.0,0.0,0.0,4.0,0.0,0.0,0.0,0.0,0.0,0.0,25.7,0.0,9.0,3.0,33.3,0.35,0.12,0.0,0.0,0.0,0.0,83.0,75.6,26,88.0,24,2,17.0,2,1.32,28.0,28.0,0.0,0.0,0.6,0.0,18.0,16.0,0.0,3.0,28.0,31.0,,,0.0,,,,,,,,,,,,,,,
FRA-Ligue 1,2324,Montpellier,Benjamin Lecomte,FRA,GK,32.0,1991.0,30.0,30.0,2700.0,30.0,0.0,1.0,1.0,0.0,0.0,0.0,1.0,0.0,0.0,0.03,0.03,0.0,0.03,30.0,0.0,0.0,0.0,,0.0,0.0,,,0.0,0.0,90.0,88.2,30,90.0,30,0,,0,1.27,37.0,37.0,0.0,0.0,1.25,0.0,0.0,2.0,0.0,0.0,0.0,0.0,,,1.0,37.0,1.23,139.0,102.0,73.4,9.0,11.0,10.0,10.0,33.3,5.0,4.0,1.0,0.0,20.0
FRA-Ligue 1,2324,Montpellier,Boubakar Kouyaté,MLI,DF,26.0,1997.0,23.0,22.0,1928.0,21.4,0.0,2.0,2.0,0.0,0.0,0.0,5.0,1.0,0.0,0.09,0.09,0.0,0.09,21.4,0.0,13.0,2.0,15.4,0.61,0.09,0.0,0.0,0.0,0.0,84.0,63.0,22,88.0,19,1,2.0,1,1.3,32.0,36.0,-4.0,-0.19,-0.11,0.0,36.0,21.0,1.0,1.0,28.0,33.0,,,0.0,,,,,,,,,,,,,,,
FRA-Ligue 1,2324,Montpellier,Christopher Jullien,FRA,DF,30.0,1993.0,20.0,13.0,1233.0,13.7,1.0,0.0,1.0,1.0,0.0,0.0,5.0,0.0,0.07,0.0,0.07,0.07,0.07,13.7,1.0,7.0,1.0,14.3,0.51,0.07,0.14,1.0,0.0,0.0,62.0,40.3,13,87.0,11,7,15.0,8,1.4,18.0,18.0,0.0,0.0,0.25,0.0,13.0,5.0,0.0,1.0,11.0,14.0,,,0.0,,,,,,,,,,,,,,,
FRA-Ligue 1,2324,Montpellier,Dimitry Bertaud,COD,GK,25.0,1998.0,4.0,4.0,360.0,4.0,0.0,0.0,0.0,0.0,0.0,0.0,0.0,0.0,0.0,0.0,0.0,0.0,0.0,4.0,0.0,0.0,0.0,,0.0,0.0,,,0.0,0.0,90.0,11.8,4,90.0,4,0,,25,1.0,6.0,11.0,-5.0,-1.25,-1.25,0.0,0.0,0.0,0.0,0.0,0.0,0.0,,,0.0,11.0,2.75,34.0,23.0,67.6,1.0,1.0,2.0,0.0,0.0,0.0,0.0,0.0,0.0,
FRA-Ligue 1,2324,Montpellier,Elye Wahi,CIV,FW,20.0,2003.0,1.0,0.0,14.0,0.2,0.0,0.0,0.0,0.0,0.0,0.0,0.0,0.0,0.0,0.0,0.0,0.0,0.0,0.2,0.0,0.0,0.0,,0.0,0.0,,,0.0,0.0,14.0,0.5,0,,0,1,14.0,0,1.0,0.0,1.0,-1.0,-6.43,-6.31,0.0,0.0,1.0,0.0,0.0,0.0,0.0,,,0.0,,,,,,,,,,,,,,,
FRA-Ligue 1,2324,Montpellier,Enzo Tchato,CMR,DF,20.0,2002.0,17.0,11.0,1125.0,12.5,0.0,0.0,0.0,0.0,0.0,0.0,2.0,0.0,0.0,0.0,0.0,0.0,0.0,12.5,0.0,5.0,1.0,20.0,0.4,0.08,0.0,0.0,0.0,0.0,66.0,36.8,11,86.0,8,6,30.0,14,1.41,16.0,18.0,-2.0,-0.16,-0.02,0.0,15.0,5.0,0.0,49.0,11.0,18.0,,,0.0,,,,,,,,,,,,,,,
FRA-Ligue 1,2324,Montpellier,Falaye Sacko,MLI,DF,28.0,1995.0,19.0,15.0,1382.0,15.4,0.0,1.0,1.0,0.0,0.0,0.0,0.0,0.0,0.0,0.07,0.07,0.0,0.07,15.4,0.0,1.0,0.0,0.0,0.07,0.0,0.0,,0.0,0.0,73.0,45.2,15,86.0,13,4,22.0,6,1.0,17.0,24.0,-7.0,-0.46,-0.56,0.0,8.0,8.0,0.0,28.0,23.0,17.0,,,1.0,,,,,,,,,,,,,,,
FRA-Ligue 1,2324,Montpellier,Issiaga Sylla,GUI,"DF,MF",29.0,1994.0,19.0,17.0,1455.0,16.2,1.0,2.0,3.0,1.0,0.0,0.0,3.0,0.0,0.06,0.12,0.19,0.06,0.19,16.2,1.0,12.0,5.0,41.7,0.74,0.31,0.08,0.2,0.0,0.0,77.0,47.5,17,85.0,14,2,7.0,1,1.26,25.0,24.0,1.0,0.06,0.4,0.0,21.0,10.0,3.0,43.0,22.0,17.0,,,0.0,,,,,,,,,,,,,,,
FRA-Ligue 1,2324,Montpellier,Jordan Ferri,FRA,MF,31.0,1992.0,30.0,23.0,2031.0,22.6,1.0,1.0,2.0,1.0,0.0,0.0,6.0,0.0,0.04,0.04,0.09,0.04,0.09,22.6,1.0,9.0,1.0,11.1,0.4,0.04,0.11,1.0,0.0,0.0,68.0,66.4,23,80.0,10,7,26.0,0,1.23,33.0,33.0,0.0,0.0,0.44,0.0,47.0,43.0,0.0,38.0,12.0,22.0,,,0.0,,,,,,,,,,,,,,,
FRA-Ligue 1,2324,Montpellier,Joris Chotard,FRA,MF,21.0,2001.0,31.0,30.0,2587.0,28.7,0.0,3.0,3.0,0.0,0.0,0.0,5.0,0.0,0.0,0.1,0.1,0.0,0.1,28.7,0.0,21.0,7.0,33.3,0.73,0.24,0.0,0.0,0.0,0.0,83.0,84.5,30,84.0,22,1,57.0,0,1.23,35.0,38.0,-3.0,-0.1,0.28,0.0,30.0,18.0,0.0,33.0,42.0,50.0,,,0.0,,,,,,,,,,,,,,,
FRA-Ligue 1,2324,Montpellier,Kelvin Yeboah,ITA,FW,23.0,2000.0,13.0,0.0,276.0,3.1,0.0,0.0,0.0,0.0,0.0,0.0,0.0,0.0,0.0,0.0,0.0,0.0,0.0,3.1,0.0,7.0,4.0,57.1,2.28,1.3,0.0,0.0,0.0,0.0,21.0,9.0,0,,0,13,21.0,3,1.08,2.0,4.0,-2.0,-0.65,-0.56,0.0,11.0,8.0,3.0,3.0,1.0,3.0,,,0.0,,,,,,,,,,,,,,,
FRA-Ligue 1,2324,Montpellier,Khalil Fayad,FRA,MF,19.0,2004.0,23.0,11.0,1025.0,11.4,3.0,0.0,3.0,3.0,0.0,0.0,2.0,0.0,0.26,0.0,0.26,0.26,0.26,11.4,3.0,17.0,7.0,41.2,1.49,0.61,0.18,0.43,0.0,0.0,45.0,33.5,11,67.0,0,12,24.0,7,0.91,7.0,19.0,-12.0,-1.05,-1.36,0.0,22.0,24.0,1.0,13.0,14.0,15.0,,,0.0,,,,,,,,,,,,,,,
FRA-Ligue 1,2324,Montpellier,Lucas Mincarelli,FRA,"DF,MF",19.0,2004.0,13.0,12.0,978.0,10.9,1.0,1.0,2.0,1.0,0.0,0.0,1.0,1.0,0.09,0.09,0.18,0.09,0.18,10.9,1.0,6.0,3.0,50.0,0.55,0.28,0.17,0.33,0.0,0.0,75.0,32.0,12,81.0,6,1,5.0,9,1.23,13.0,14.0,-1.0,-0.09,0.08,0.0,4.0,10.0,0.0,26.0,9.0,16.0,,,0.0,,,,,,,,,,,,,,,
FRA-Ligue 1,2324,Montpellier,Léo Leroy,FRA,MF,23.0,2000.0,21.0,3.0,499.0,5.5,0.0,1.0,1.0,0.0,0.0,0.0,4.0,0.0,0.0,0.18,0.18,0.0,0.18,5.5,0.0,7.0,1.0,14.3,1.26,0.18,0.0,0.0,0.0,0.0,24.0,16.3,3,72.0,1,18,16.0,6,1.18,8.0,12.0,-4.0,-0.72,-0.69,0.0,19.0,5.0,0.0,1.0,7.0,10.0,,,0.0,,,,,,,,,,,,,,,
FRA-Ligue 1,2324,Montpellier,Mamadou Sakho,FRA,DF,33.0,1990.0,1.0,0.0,7.0,0.1,0.0,0.0,0.0,0.0,0.0,0.0,0.0,0.0,0.0,0.0,0.0,0.0,0.0,0.1,0.0,0.0,0.0,,0.0,0.0,,,0.0,0.0,7.0,0.2,0,,0,1,7.0,5,3.0,1.0,0.0,1.0,12.86,13.03,0.0,0.0,0.0,0.0,0.0,0.0,1.0,,,0.0,,,,,,,,,,,,,,,
FRA-Ligue 1,2324,Montpellier,Maxime Estève,FRA,DF,21.0,2002.0,12.0,12.0,995.0,11.1,1.0,1.0,2.0,1.0,0.0,0.0,2.0,0.0,0.09,0.09,0.18,0.09,0.18,11.1,1.0,6.0,2.0,33.3,0.54,0.18,0.17,0.5,0.0,0.0,83.0,32.5,12,83.0,9,0,,5,1.17,8.0,12.0,-4.0,-0.36,-0.32,0.0,11.0,7.0,0.0,2.0,19.0,11.0,,,1.0,,,,,,,,,,,,,,,
FRA-Ligue 1,2324,Montpellier,Modibo Sagnan,MLI,DF,24.0,1999.0,13.0,12.0,1054.0,11.7,2.0,0.0,2.0,2.0,0.0,0.0,5.0,0.0,0.17,0.0,0.17,0.17,0.17,11.7,2.0,10.0,3.0,30.0,0.85,0.26,0.2,0.67,0.0,0.0,81.0,34.4,12,88.0,9,1,1.0,1,1.46,18.0,17.0,1.0,0.09,0.35,0.0,19.0,7.0,0.0,1.0,13.0,23.0,,,0.0,,,,,,,,,,,,,,,
FRA-Ligue 1,2324,Montpellier,Musa Al-Taamari,JOR,"MF,FW",26.0,1997.0,27.0,24.0,1928.0,21.4,5.0,2.0,7.0,5.0,0.0,0.0,0.0,0.0,0.23,0.09,0.33,0.23,0.33,21.4,5.0,47.0,20.0,42.6,2.19,0.93,0.11,0.25,0.0,0.0,71.0,63.0,24,78.0,8,3,23.0,0,1.41,27.0,29.0,-2.0,-0.09,0.15,0.0,11.0,51.0,7.0,22.0,6.0,17.0,,,0.0,,,,,,,,,,,,,,,
FRA-Ligue 1,2324,Montpellier,Othmane Maamma,MAR,FW,17.0,2005.0,2.0,1.0,88.0,1.0,1.0,0.0,1.0,1.0,0.0,0.0,0.0,0.0,1.02,0.0,1.02,1.02,1.02,1.0,1.0,3.0,1.0,33.3,3.07,1.02,0.33,1.0,0.0,0.0,44.0,2.9,1,58.0,0,1,30.0,2,0.5,1.0,3.0,-2.0,-2.05,-1.95,0.0,0.0,1.0,0.0,4.0,0.0,3.0,,,0.0,,,,,,,,,,,,,,,
FRA-Ligue 1,2324,Montpellier,Sacha Delaye,FRA,MF,21.0,2002.0,9.0,0.0,130.0,1.4,0.0,0.0,0.0,0.0,0.0,0.0,1.0,0.0,0.0,0.0,0.0,0.0,0.0,1.4,0.0,5.0,2.0,40.0,3.46,1.38,0.0,0.0,0.0,0.0,14.0,4.2,0,,0,9,14.0,18,0.89,1.0,0.0,1.0,0.69,0.88,0.0,5.0,1.0,0.0,3.0,0.0,2.0,,,0.0,,,,,,,,,,,,,,,
FRA-Ligue 1,2324,Montpellier,Silvan Hefti,SUI,"DF,MF",25.0,1997.0,11.0,9.0,711.0,7.9,0.0,1.0,1.0,0.0,0.0,0.0,1.0,0.0,0.0,0.13,0.13,0.0,0.13,7.9,0.0,4.0,1.0,25.0,0.51,0.13,0.0,0.0,0.0,0.0,65.0,23.2,9,76.0,5,2,13.0,5,1.55,13.0,10.0,3.0,0.38,0.69,0.0,5.0,8.0,0.0,19.0,7.0,14.0,,,0.0,,,,,,,,,,,,,,,
FRA-Ligue 1,2324,Montpellier,Tanguy Coulibaly,FRA,"MF,FW",22.0,2001.0,16.0,7.0,623.0,6.9,1.0,0.0,1.0,1.0,0.0,0.0,2.0,0.0,0.14,0.0,0.14,0.14,0.14,6.9,1.0,16.0,8.0,50.0,2.31,1.16,0.06,0.13,0.0,0.0,39.0,20.4,7,61.0,1,9,22.0,2,1.44,11.0,14.0,-3.0,-0.43,-0.36,0.0,12.0,14.0,0.0,9.0,2.0,10.0,,,0.0,,,,,,,,,,,,,,,
FRA-Ligue 1,2324,Montpellier,Théo Sainte-Luce,FRA,DF,24.0,1998.0,6.0,3.0,346.0,3.8,0.0,0.0,0.0,0.0,0.0,0.0,1.0,0.0,0.0,0.0,0.0,0.0,0.0,3.8,0.0,3.0,1.0,33.3,0.78,0.26,0.0,0.0,0.0,0.0,58.0,11.3,3,79.0,1,3,37.0,7,0.5,1.0,6.0,-5.0,-1.3,-1.3,0.0,3.0,4.0,0.0,7.0,3.0,8.0,,,0.0,,,,,,,,,,,,,,,
FRA-Ligue 1,2324,Montpellier,Téji Savanier,FRA,MF,31.0,1991.0,32.0,32.0,2765.0,30.7,9.0,6.0,15.0,2.0,7.0,7.0,8.0,1.0,0.29,0.2,0.49,0.07,0.26,30.7,9.0,82.0,29.0,35.4,2.67,0.94,0.11,0.31,7.0,7.0,86.0,90.4,32,86.0,19,0,,0,1.28,39.0,42.0,-3.0,-0.1,0.51,0.0,42.0,80.0,3.0,230.0,33.0,22.0,,,0.0,,,,,,,,,,,,,,,
FRA-Ligue 1,2324,Montpellier,Wahbi Khazri,TUN,"MF,FW",32.0,1991.0,25.0,13.0,1131.0,12.6,1.0,0.0,1.0,1.0,0.0,0.0,6.0,0.0,0.08,0.0,0.08,0.08,0.08,12.6,1.0,44.0,16.0,36.4,3.5,1.27,0.02,0.06,0.0,0.0,45.0,37.0,13,69.0,1,12,20.0,0,1.08,17.0,18.0,-1.0,-0.08,0.11,0.0,19.0,23.0,7.0,11.0,4.0,18.0,,,0.0,,,,,,,,,,,,,,,
FRA-Ligue 1,2324,Montpellier,Yanis Issoufou,FRA,FW,16.0,2006.0,1.0,0.0,13.0,0.1,0.0,0.0,0.0,0.0,0.0,0.0,0.0,0.0,0.0,0.0,0.0,0.0,0.0,0.1,0.0,0.0,0.0,,0.0,0.0,,,0.0,0.0,13.0,0.4,0,,0,1,13.0,6,0.0,0.0,0.0,0.0,0.0,0.15,0.0,1.0,1.0,0.0,1.0,0.0,0.0,,,0.0,,,,,,,,,,,,,,,
FRA-Ligue 1,2324,Montpellier,Yann Karamoh,FRA,FW,25.0,1998.0,12.0,1.0,284.0,3.2,1.0,0.0,1.0,1.0,0.0,0.0,1.0,0.0,0.32,0.0,0.32,0.32,0.32,3.2,1.0,5.0,3.0,60.0,1.58,0.95,0.2,0.33,0.0,0.0,24.0,9.3,1,60.0,0,11,20.0,2,1.33,7.0,5.0,2.0,0.63,0.86,0.0,7.0,7.0,2.0,5.0,0.0,0.0,,,0.0,,,,,,,,,,,,,,,
FRA-Ligue 1,2324,Nantes,Abdoul Kader Bamba,FRA,MF,29.0,1994.0,23.0,1.0,611.0,6.8,2.0,1.0,3.0,2.0,0.0,0.0,2.0,0.0,0.29,0.15,0.44,0.29,0.44,6.8,2.0,14.0,5.0,35.7,2.06,0.74,0.14,0.4,0.0,0.0,27.0,20.0,1,59.0,0,22,25.0,9,0.7,8.0,17.0,-9.0,-1.33,-0.74,0.0,3.0,35.0,5.0,25.0,3.0,7.0,,,0.0,,,,,,,,,,,,,,,
FRA-Ligue 1,2324,Nantes,Adel Mahamoud,COM,FW,20.0,2003.0,1.0,0.0,10.0,0.1,0.0,0.0,0.0,0.0,0.0,0.0,0.0,0.0,0.0,0.0,0.0,0.0,0.0,0.1,0.0,0.0,0.0,,0.0,0.0,,,0.0,0.0,10.0,0.3,0,,0,1,10.0,5,1.0,0.0,0.0,0.0,0.0,0.74,0.0,0.0,0.0,0.0,0.0,0.0,0.0,,,0.0,,,,,,,,,,,,,,,
FRA-Ligue 1,2324,Nantes,Adson,BRA,MF,22.0,2000.0,8.0,2.0,238.0,2.6,0.0,0.0,0.0,0.0,0.0,0.0,0.0,0.0,0.0,0.0,0.0,0.0,0.0,2.6,0.0,5.0,0.0,0.0,1.89,0.0,0.0,,0.0,0.0,30.0,7.8,2,61.0,0,6,20.0,0,1.0,2.0,6.0,-4.0,-1.51,-0.84,0.0,4.0,4.0,0.0,2.0,2.0,6.0,,,0.0,,,,,,,,,,,,,,,
FRA-Ligue 1,2324,Nantes,Alban Lafont,CIV,GK,24.0,1999.0,28.0,28.0,2496.0,27.7,0.0,0.0,0.0,0.0,0.0,0.0,2.0,0.0,0.0,0.0,0.0,0.0,0.0,27.7,0.0,0.0,0.0,,0.0,0.0,,,0.0,0.0,89.0,81.6,28,89.0,27,0,,1,0.89,20.0,43.0,-23.0,-0.83,-0.51,0.0,1.0,4.0,0.0,0.0,0.0,0.0,,,0.0,43.0,1.55,111.0,75.0,61.3,7.0,4.0,17.0,6.0,21.4,8.0,8.0,0.0,0.0,0.0
FRA-Ligue 1,2324,Nantes,Bastien Meupiyou,FRA,DF,17.0,2006.0,1.0,1.0,8.0,0.1,0.0,0.0,0.0,0.0,0.0,0.0,0.0,1.0,0.0,0.0,0.0,0.0,0.0,0.1,0.0,0.0,0.0,,0.0,0.0,,,0.0,0.0,8.0,0.3,1,8.0,0,0,,3,1.0,0.0,1.0,-1.0,-11.25,-10.54,0.0,1.0,0.0,0.0,0.0,0.0,0.0,,,0.0,,,,,,,,,,,,,,,
FRA-Ligue 1,2324,Nantes,Bénie Traoré,CIV,FW,20.0,2002.0,14.0,4.0,504.0,5.6,0.0,1.0,1.0,0.0,0.0,0.0,1.0,1.0,0.0,0.18,0.18,0.0,0.18,5.6,0.0,7.0,4.0,57.1,1.25,0.71,0.0,0.0,0.0,0.0,36.0,16.5,4,67.0,0,10,24.0,1,0.79,5.0,12.0,-7.0,-1.25,-0.62,0.0,10.0,7.0,1.0,20.0,1.0,4.0,,,0.0,,,,,,,,,,,,,,,
FRA-Ligue 1,2324,Nantes,Denis Petrić,SRB,GK,35.0,1988.0,1.0,0.0,24.0,0.3,0.0,0.0,0.0,0.0,0.0,0.0,0.0,0.0,0.0,0.0,0.0,0.0,0.0,0.3,0.0,0.0,0.0,,0.0,0.0,,,0.0,0.0,24.0,0.8,0,,0,1,24.0,15,0.0,0.0,1.0,-1.0,-3.75,-3.04,0.0,0.0,0.0,0.0,0.0,0.0,0.0,,,0.0,1.0,3.75,1.0,0.0,0.0,0.0,0.0,0.0,0.0,,0.0,0.0,0.0,0.0,
FRA-Ligue 1,2324,Nantes,Douglas,BRA,MF,26.0,1997.0,25.0,22.0,1772.0,19.7,0.0,0.0,0.0,0.0,0.0,0.0,7.0,0.0,0.0,0.0,0.0,0.0,0.0,19.7,0.0,16.0,5.0,31.3,0.81,0.25,0.0,0.0,0.0,0.0,71.0,57.9,22,78.0,9,3,16.0,0,1.0,19.0,27.0,-8.0,-0.41,0.78,0.0,48.0,24.0,0.0,20.0,26.0,42.0,,,0.0,,,,,,,,,,,,,,,
FRA-Ligue 1,2324,Nantes,Enzo Mongo,FRA,DF,18.0,2005.0,1.0,0.0,10.0,0.1,0.0,0.0,0.0,0.0,0.0,0.0,0.0,0.0,0.0,0.0,0.0,0.0,0.0,0.1,0.0,0.0,0.0,,0.0,0.0,,,0.0,0.0,10.0,0.3,0,,0,1,10.0,2,3.0,0.0,1.0,-1.0,-9.0,-8.29,0.0,0.0,0.0,0.0,0.0,1.0,1.0,,,0.0,,,,,,,,,,,,,,,
FRA-Ligue 1,2324,Nantes,Eray Cömert,SUI,DF,25.0,1998.0,25.0,23.0,1995.0,22.2,2.0,0.0,2.0,2.0,0.0,0.0,5.0,0.0,0.09,0.0,0.09,0.09,0.09,22.2,2.0,9.0,3.0,33.3,0.41,0.14,0.22,0.67,0.0,0.0,80.0,65.2,23,84.0,18,2,27.0,3,1.04,21.0,32.0,-11.0,-0.5,0.69,0.0,26.0,26.0,1.0,3.0,34.0,28.0,,,0.0,,,,,,,,,,,,,,,
FRA-Ligue 1,2324,Nantes,Fabien Centonze,FRA,MF,27.0,1996.0,3.0,1.0,94.0,1.0,0.0,0.0,0.0,0.0,0.0,0.0,1.0,0.0,0.0,0.0,0.0,0.0,0.0,1.0,0.0,0.0,0.0,,0.0,0.0,,,0.0,0.0,31.0,3.1,1,45.0,0,2,25.0,0,0.0,0.0,1.0,-1.0,-0.96,-0.23,0.0,2.0,2.0,0.0,7.0,0.0,1.0,,,0.0,,,,,,,,,,,,,,,
FRA-Ligue 1,2324,Nantes,Florent Mollet,FRA,"MF,FW",31.0,1991.0,29.0,24.0,2083.0,23.1,4.0,4.0,8.0,4.0,0.0,0.0,4.0,0.0,0.17,0.17,0.35,0.17,0.35,23.1,4.0,63.0,25.0,39.7,2.72,1.08,0.06,0.16,0.0,0.0,72.0,68.1,24,82.0,11,5,25.0,2,0.9,20.0,34.0,-14.0,-0.6,0.41,0.0,32.0,21.0,4.0,142.0,10.0,11.0,,,0.0,,,,,,,,,,,,,,,
FRA-Ligue 1,2324,Nantes,Hugo Boutsingkham,FRA,DF,20.0,2003.0,2.0,0.0,11.0,0.1,0.0,0.0,0.0,0.0,0.0,0.0,0.0,0.0,0.0,0.0,0.0,0.0,0.0,0.1,0.0,0.0,0.0,,0.0,0.0,,,0.0,0.0,6.0,0.4,0,,0,2,6.0,5,2.0,0.0,1.0,-1.0,-8.18,-7.47,0.0,0.0,0.0,0.0,0.0,0.0,0.0,,,0.0,,,,,,,,,,,,,,,
FRA-Ligue 1,2324,Nantes,Ignatius Ganago,CMR,"MF,FW",24.0,1999.0,6.0,2.0,184.0,2.0,0.0,0.0,0.0,0.0,0.0,0.0,0.0,0.0,0.0,0.0,0.0,0.0,0.0,2.0,0.0,6.0,0.0,0.0,2.93,0.0,0.0,,0.0,0.0,31.0,6.0,2,47.0,0,4,23.0,1,1.0,0.0,2.0,-2.0,-0.98,-0.26,0.0,2.0,6.0,1.0,6.0,1.0,0.0,,,0.0,,,,,,,,,,,,,,,
FRA-Ligue 1,2324,Nantes,Jaouen Hadjam,ALG,DF,20.0,2003.0,8.0,0.0,112.0,1.2,0.0,0.0,0.0,0.0,0.0,0.0,0.0,0.0,0.0,0.0,0.0,0.0,0.0,1.2,0.0,1.0,0.0,0.0,0.8,0.0,0.0,,0.0,0.0,14.0,3.7,0,,0,8,14.0,5,0.63,0.0,5.0,-5.0,-4.02,-3.41,0.0,4.0,1.0,0.0,12.0,3.0,4.0,,,0.0,,,,,,,,,,,,,,,
FRA-Ligue 1,2324,Nantes,Jean-Charles Castelletto,CMR,DF,28.0,1995.0,28.0,28.0,2464.0,27.4,2.0,0.0,2.0,2.0,0.0,0.0,5.0,0.0,0.07,0.0,0.07,0.07,0.07,27.4,2.0,10.0,6.0,60.0,0.37,0.22,0.2,0.33,0.0,0.0,88.0,80.5,28,88.0,26,0,,0,1.04,25.0,45.0,-20.0,-0.73,0.02,0.0,33.0,18.0,2.0,20.0,32.0,29.0,,,0.0,,,,,,,,,,,,,,,
FRA-Ligue 1,2324,Nantes,Jean-Kevin Duverne,HAI,DF,26.0,1997.0,19.0,15.0,1348.0,15.0,0.0,0.0,0.0,0.0,0.0,0.0,5.0,0.0,0.0,0.0,0.0,0.0,0.0,15.0,0.0,4.0,1.0,25.0,0.27,0.07,0.0,0.0,0.0,0.0,71.0,44.1,15,86.0,9,4,15.0,8,1.42,14.0,17.0,-3.0,-0.2,0.96,0.0,29.0,16.0,0.0,13.0,17.0,20.0,,,0.0,,,,,,,,,,,,,,,
FRA-Ligue 1,2324,Nantes,Kelvin Amian,FRA,DF,25.0,1998.0,12.0,11.0,798.0,8.9,0.0,1.0,1.0,0.0,0.0,0.0,2.0,0.0,0.0,0.11,0.11,0.0,0.11,8.9,0.0,1.0,0.0,0.0,0.11,0.0,0.0,,0.0,0.0,67.0,26.1,11,72.0,6,1,11.0,0,0.75,6.0,17.0,-11.0,-1.24,-0.68,0.0,13.0,3.0,0.0,14.0,7.0,6.0,,,0.0,,,,,,,,,,,,,,,
FRA-Ligue 1,2324,Nantes,Lamine Diack,SEN,MF,22.0,2000.0,1.0,0.0,1.0,0.0,0.0,0.0,0.0,0.0,0.0,0.0,0.0,0.0,0.0,0.0,0.0,0.0,0.0,0.0,0.0,0.0,0.0,,0.0,0.0,,,0.0,0.0,1.0,0.0,0,,0,1,1.0,8,3.0,0.0,0.0,0.0,0.0,0.74,0.0,0.0,0.0,0.0,0.0,0.0,0.0,,,0.0,,,,,,,,,,,,,,,
FRA-Ligue 1,2324,Nantes,Marcus Coco,FRA,"MF,DF",27.0,1996.0,28.0,18.0,1481.0,16.5,1.0,0.0,1.0,1.0,0.0,0.0,2.0,0.0,0.06,0.0,0.06,0.06,0.06,16.5,1.0,9.0,3.0,33.3,0.55,0.18,0.11,0.33,0.0,0.0,53.0,48.4,18,72.0,2,10,19.0,4,1.04,17.0,25.0,-8.0,-0.49,0.48,0.0,23.0,27.0,0.0,45.0,21.0,29.0,,,0.0,,,,,,,,,,,,,,,
FRA-Ligue 1,2324,Nantes,Marquinhos,BRA,MF,20.0,2003.0,7.0,1.0,154.0,1.7,0.0,0.0,0.0,0.0,0.0,0.0,0.0,0.0,0.0,0.0,0.0,0.0,0.0,1.7,0.0,5.0,1.0,20.0,2.92,0.58,0.0,0.0,0.0,0.0,22.0,5.0,1,57.0,0,6,16.0,4,1.0,3.0,4.0,-1.0,-0.58,0.16,0.0,7.0,6.0,1.0,5.0,5.0,2.0,,,0.0,,,,,,,,,,,,,,,
FRA-Ligue 1,2324,Nantes,Matthis Abline,FRA,"FW,MF",20.0,2003.0,22.0,12.0,1044.0,11.6,5.0,0.0,5.0,5.0,0.0,0.0,1.0,0.0,0.43,0.0,0.43,0.43,0.43,11.6,5.0,42.0,19.0,45.2,3.62,1.64,0.12,0.26,0.0,0.0,47.0,34.1,12,72.0,1,10,18.0,5,0.95,11.0,17.0,-6.0,-0.52,0.33,0.0,10.0,13.0,6.0,8.0,3.0,3.0,,,0.0,,,,,,,,,,,,,,,
FRA-Ligue 1,2324,Nantes,Moses Simon,NGA,"MF,FW",28.0,1995.0,22.0,21.0,1788.0,19.9,3.0,5.0,8.0,2.0,1.0,1.0,0.0,0.0,0.15,0.25,0.4,0.1,0.35,19.9,3.0,34.0,13.0,38.2,1.71,0.65,0.09,0.23,1.0,1.0,81.0,58.4,21,84.0,15,1,17.0,0,0.95,21.0,31.0,-10.0,-0.5,0.56,0.0,14.0,29.0,4.0,115.0,3.0,5.0,,,0.0,,,,,,,,,,,,,,,
FRA-Ligue 1,2324,Nantes,Mostafa Mohamed,EGY,FW,25.0,1997.0,29.0,24.0,2002.0,22.2,8.0,2.0,10.0,5.0,3.0,3.0,3.0,1.0,0.36,0.09,0.45,0.22,0.31,22.2,8.0,65.0,26.0,40.0,2.92,1.17,0.12,0.31,3.0,3.0,69.0,65.4,24,75.0,5,5,39.0,0,0.9,21.0,33.0,-12.0,-0.54,0.57,0.0,34.0,36.0,11.0,14.0,12.0,15.0,,,0.0,,,,,,,,,,,,,,,
FRA-Ligue 1,2324,Nantes,Moussa Sissoko,FRA,MF,33.0,1989.0,26.0,21.0,1821.0,20.2,0.0,0.0,0.0,0.0,0.0,0.0,7.0,0.0,0.0,0.0,0.0,0.0,0.0,20.2,0.0,10.0,3.0,30.0,0.49,0.15,0.0,0.0,0.0,0.0,70.0,59.5,21,84.0,13,5,13.0,6,1.0,14.0,32.0,-18.0,-0.89,-0.38,0.0,40.0,3.0,2.0,18.0,12.0,15.0,,,0.0,,,,,,,,,,,,,,,
FRA-Ligue 1,2324,Nantes,Nathan Zeze,FRA,DF,18.0,2005.0,13.0,11.0,1022.0,11.4,0.0,0.0,0.0,0.0,0.0,0.0,1.0,0.0,0.0,0.0,0.0,0.0,0.0,11.4,0.0,3.0,0.0,0.0,0.26,0.0,0.0,,0.0,0.0,79.0,33.4,11,88.0,10,2,26.0,10,0.77,6.0,21.0,-15.0,-1.32,-0.88,0.0,8.0,7.0,0.0,1.0,12.0,6.0,,,0.0,,,,,,,,,,,,,,,
FRA-Ligue 1,2324,Nantes,Nicolas Cozza,FRA,"DF,MF",24.0,1999.0,13.0,10.0,895.0,9.9,0.0,0.0,0.0,0.0,0.0,0.0,2.0,0.0,0.0,0.0,0.0,0.0,0.0,9.9,0.0,5.0,1.0,20.0,0.5,0.1,0.0,0.0,0.0,0.0,69.0,29.2,10,86.0,7,3,13.0,1,0.85,6.0,21.0,-15.0,-1.51,-1.09,0.0,9.0,19.0,1.0,13.0,14.0,24.0,,,0.0,,,,,,,,,,,,,,,
FRA-Ligue 1,2324,Nantes,Nicolas Pallois,FRA,DF,35.0,1987.0,23.0,17.0,1589.0,17.7,0.0,1.0,1.0,0.0,0.0,0.0,5.0,0.0,0.0,0.06,0.06,0.0,0.06,17.7,0.0,4.0,1.0,25.0,0.23,0.06,0.0,0.0,0.0,0.0,69.0,51.9,17,84.0,15,6,27.0,11,0.96,12.0,30.0,-18.0,-1.02,-0.59,0.0,20.0,8.0,1.0,13.0,25.0,21.0,,,0.0,,,,,,,,,,,,,,,
FRA-Ligue 1,2324,Nantes,Pedro Chirivella,ESP,MF,26.0,1997.0,32.0,31.0,2594.0,28.8,1.0,1.0,2.0,1.0,0.0,0.0,5.0,0.0,0.03,0.03,0.07,0.03,0.07,28.8,1.0,17.0,6.0,35.3,0.59,0.21,0.06,0.17,0.0,0.0,81.0,84.8,31,83.0,21,1,20.0,0,1.03,28.0,45.0,-17.0,-0.59,0.96,0.0,26.0,22.0,2.0,29.0,31.0,28.0,,,0.0,,,,,,,,,,,,,,,
FRA-Ligue 1,2324,Nantes,Quentin Merlin,FRA,"MF,DF",21.0,2002.0,16.0,15.0,1283.0,14.3,0.0,1.0,1.0,0.0,0.0,0.0,0.0,0.0,0.0,0.07,0.07,0.0,0.07,14.3,0.0,14.0,3.0,21.4,0.98,0.21,0.0,0.0,0.0,0.0,80.0,41.9,15,84.0,7,1,18.0,0,0.88,18.0,25.0,-7.0,-0.49,0.42,0.0,10.0,10.0,3.0,62.0,19.0,22.0,,,0.0,,,,,,,,,,,,,,,
FRA-Ligue 1,2324,Nantes,Ronaël Pierre-Gabriel,FRA,"DF,MF",25.0,1998.0,12.0,6.0,598.0,6.6,0.0,0.0,0.0,0.0,0.0,0.0,3.0,0.0,0.0,0.0,0.0,0.0,0.0,6.6,0.0,7.0,0.0,0.0,1.05,0.0,0.0,,0.0,0.0,50.0,19.5,6,85.0,4,6,15.0,3,1.25,8.0,12.0,-4.0,-0.6,0.17,0.0,4.0,4.0,0.0,9.0,8.0,12.0,,,0.0,,,,,,,,,,,,,,,
FRA-Ligue 1,2324,Nantes,Rémy Descamps,FRA,GK,27.0,1996.0,6.0,6.0,540.0,6.0,0.0,0.0,0.0,0.0,0.0,0.0,1.0,0.0,0.0,0.0,0.0,0.0,0.0,6.0,0.0,0.0,0.0,,0.0,0.0,,,0.0,0.0,90.0,17.6,6,90.0,6,0,,18,1.33,10.0,11.0,-1.0,-0.17,0.69,0.0,0.0,2.0,0.0,0.0,0.0,0.0,,,0.0,11.0,1.83,37.0,26.0,70.3,2.0,2.0,2.0,1.0,16.7,2.0,1.0,0.0,1.0,0.0
FRA-Ligue 1,2324,Nantes,Samuel Moutoussamy,COD,MF,26.0,1996.0,26.0,11.0,1107.0,12.3,1.0,0.0,1.0,1.0,0.0,0.0,2.0,0.0,0.08,0.0,0.08,0.08,0.08,12.3,1.0,15.0,5.0,33.3,1.22,0.41,0.07,0.2,0.0,0.0,43.0,36.2,11,77.0,3,15,17.0,4,1.0,9.0,20.0,-11.0,-0.89,-0.25,0.0,21.0,12.0,1.0,2.0,10.0,19.0,,,0.0,,,,,,,,,,,,,,,
FRA-Ligue 1,2324,Nantes,Stredair Appuah,FRA,FW,19.0,2004.0,4.0,0.0,84.0,0.9,0.0,0.0,0.0,0.0,0.0,0.0,0.0,0.0,0.0,0.0,0.0,0.0,0.0,0.9,0.0,4.0,0.0,0.0,4.29,0.0,0.0,,0.0,0.0,21.0,2.7,0,,0,4,21.0,8,0.75,0.0,5.0,-5.0,-5.36,-4.75,0.0,1.0,0.0,0.0,2.0,1.0,0.0,,,0.0,,,,,,,,,,,,,,,
FRA-Ligue 1,2324,Nantes,Tino Kadewere,ZIM,"FW,MF",27.0,1996.0,14.0,8.0,781.0,8.7,1.0,0.0,1.0,1.0,0.0,1.0,1.0,0.0,0.12,0.0,0.12,0.12,0.12,8.7,1.0,10.0,5.0,50.0,1.15,0.58,0.1,0.2,0.0,1.0,56.0,25.5,8,75.0,2,6,30.0,0,0.86,5.0,9.0,-4.0,-0.46,0.37,0.0,13.0,10.0,5.0,6.0,10.0,4.0,,,0.0,,,,,,,,,,,,,,,
FRA-Ligue 1,2324,Nice,Alexis Claude-Maurice,FRA,MF,25.0,1998.0,18.0,4.0,504.0,5.6,0.0,0.0,0.0,0.0,0.0,0.0,1.0,0.0,0.0,0.0,0.0,0.0,0.0,5.6,0.0,18.0,6.0,33.3,3.21,1.07,0.0,0.0,0.0,0.0,28.0,16.5,4,75.0,1,14,15.0,8,1.39,6.0,5.0,1.0,0.18,-0.17,0.0,16.0,8.0,1.0,26.0,5.0,5.0,,,0.0,,,,,,,,,,,,,,,
FRA-Ligue 1,2324,Nice,Aliou Badara Baldé,GUI,FW,20.0,2002.0,7.0,0.0,69.0,0.8,0.0,0.0,0.0,0.0,0.0,0.0,0.0,0.0,0.0,0.0,0.0,0.0,0.0,0.8,0.0,3.0,2.0,66.7,3.91,2.61,0.0,0.0,0.0,0.0,10.0,2.3,0,,0,7,10.0,23,1.14,3.0,0.0,3.0,3.91,3.67,0.0,2.0,2.0,0.0,4.0,3.0,1.0,,,0.0,,,,,,,,,,,,,,,
FRA-Ligue 1,2324,Nice,Antoine Mendy,SEN,DF,19.0,2004.0,10.0,4.0,418.0,4.6,0.0,0.0,0.0,0.0,0.0,0.0,0.0,0.0,0.0,0.0,0.0,0.0,0.0,4.6,0.0,2.0,1.0,50.0,0.43,0.22,0.0,0.0,0.0,0.0,42.0,13.7,4,74.0,1,6,20.0,12,2.0,9.0,5.0,4.0,0.86,0.62,0.0,4.0,5.0,0.0,4.0,8.0,5.0,,,0.0,,,,,,,,,,,,,,,
FRA-Ligue 1,2324,Nice,Badredine Bouanani,ALG,FW,18.0,2004.0,7.0,1.0,161.0,1.8,0.0,0.0,0.0,0.0,0.0,0.0,0.0,0.0,0.0,0.0,0.0,0.0,0.0,1.8,0.0,4.0,1.0,25.0,2.24,0.56,0.0,0.0,0.0,0.0,23.0,5.3,1,59.0,0,6,17.0,9,1.0,0.0,0.0,0.0,0.0,-0.34,0.0,4.0,5.0,1.0,8.0,3.0,2.0,,,0.0,,,,,,,,,,,,,,,
FRA-Ligue 1,2324,Nice,Bilal Brahimi,ALG,"FW,MF",23.0,2000.0,2.0,0.0,11.0,0.1,0.0,0.0,0.0,0.0,0.0,0.0,0.0,0.0,0.0,0.0,0.0,0.0,0.0,0.1,0.0,0.0,0.0,,0.0,0.0,,,0.0,0.0,6.0,0.4,0,,0,2,6.0,0,1.0,0.0,0.0,0.0,0.0,-0.32,0.0,0.0,0.0,0.0,2.0,0.0,0.0,,,0.0,,,,,,,,,,,,,,,
FRA-Ligue 1,2324,Nice,Dante,BRA,DF,39.0,1983.0,32.0,32.0,2843.0,31.6,1.0,1.0,2.0,1.0,0.0,0.0,5.0,1.0,0.03,0.03,0.06,0.03,0.06,31.6,1.0,15.0,5.0,33.3,0.47,0.16,0.07,0.2,0.0,0.0,89.0,92.9,32,89.0,31,0,,0,1.69,37.0,25.0,12.0,0.38,0.79,0.0,42.0,17.0,0.0,10.0,35.0,30.0,,,0.0,,,,,,,,,,,,,,,
FRA-Ligue 1,2324,Nice,Daouda Traoré,FRA,MF,17.0,2006.0,1.0,0.0,16.0,0.2,0.0,0.0,0.0,0.0,0.0,0.0,0.0,0.0,0.0,0.0,0.0,0.0,0.0,0.2,0.0,1.0,0.0,0.0,5.63,0.0,0.0,,0.0,0.0,16.0,0.5,0,,0,1,16.0,5,1.0,1.0,0.0,1.0,5.63,5.33,0.0,0.0,0.0,1.0,0.0,0.0,0.0,,,0.0,,,,,,,,,,,,,,,
FRA-Ligue 1,2324,Nice,Evann Guessand,CIV,FW,22.0,2001.0,34.0,14.0,1553.0,17.3,6.0,0.0,6.0,4.0,2.0,2.0,1.0,0.0,0.35,0.0,0.35,0.23,0.23,17.3,6.0,48.0,23.0,47.9,2.78,1.33,0.13,0.26,2.0,2.0,46.0,50.8,14,79.0,7,20,22.0,0,1.62,18.0,20.0,-2.0,-0.12,-0.89,0.0,32.0,47.0,5.0,11.0,12.0,8.0,,,0.0,,,,,,,,,,,,,,,
FRA-Ligue 1,2324,Nice,Gaëtan Laborde,FRA,"FW,MF",29.0,1994.0,34.0,22.0,1906.0,21.2,5.0,2.0,7.0,4.0,1.0,2.0,2.0,0.0,0.24,0.09,0.33,0.19,0.28,21.2,5.0,64.0,23.0,35.9,3.02,1.09,0.08,0.22,1.0,2.0,56.0,62.3,22,74.0,3,12,23.0,0,1.62,22.0,18.0,4.0,0.19,-0.36,0.0,26.0,8.0,4.0,63.0,6.0,12.0,,,0.0,,,,,,,,,,,,,,,
FRA-Ligue 1,2324,Nice,Hicham Boudaoui,ALG,MF,23.0,1999.0,29.0,17.0,1613.0,17.9,2.0,0.0,2.0,2.0,0.0,0.0,5.0,0.0,0.11,0.0,0.11,0.11,0.11,17.9,2.0,29.0,6.0,20.7,1.62,0.33,0.07,0.33,0.0,0.0,56.0,52.7,17,83.0,8,12,17.0,0,1.59,20.0,16.0,4.0,0.22,-0.21,0.0,25.0,29.0,1.0,23.0,10.0,22.0,,,0.0,,,,,,,,,,,,,,,
FRA-Ligue 1,2324,Nice,Jean-Clair Todibo,FRA,DF,23.0,1999.0,30.0,30.0,2651.0,29.5,0.0,2.0,2.0,0.0,0.0,0.0,2.0,1.0,0.0,0.07,0.07,0.0,0.07,29.5,0.0,9.0,1.0,11.1,0.31,0.03,0.0,0.0,0.0,0.0,88.0,86.6,30,88.0,27,0,,0,1.6,34.0,26.0,8.0,0.27,-0.39,0.0,25.0,18.0,0.0,12.0,37.0,29.0,,,1.0,,,,,,,,,,,,,,,
FRA-Ligue 1,2324,Nice,Jeremie Boga,CIV,"FW,MF",26.0,1997.0,28.0,24.0,1998.0,22.2,6.0,6.0,12.0,6.0,0.0,0.0,1.0,0.0,0.27,0.27,0.54,0.27,0.54,22.2,6.0,39.0,19.0,48.7,1.76,0.86,0.15,0.32,0.0,0.0,71.0,65.3,24,79.0,7,4,23.0,0,1.75,28.0,19.0,9.0,0.41,0.24,0.0,7.0,24.0,9.0,87.0,8.0,6.0,,,0.0,,,,,,,,,,,,,,,
FRA-Ligue 1,2324,Nice,Jordan Lotomba,SUI,"DF,MF",24.0,1998.0,28.0,21.0,1804.0,20.0,1.0,0.0,1.0,1.0,0.0,0.0,4.0,0.0,0.05,0.0,0.05,0.05,0.05,20.0,1.0,11.0,2.0,18.2,0.55,0.1,0.09,0.5,0.0,0.0,64.0,59.0,21,78.0,9,7,23.0,3,1.54,23.0,22.0,1.0,0.05,-0.67,0.0,12.0,25.0,0.0,20.0,16.0,27.0,,,0.0,,,,,,,,,,,,,,,
FRA-Ligue 1,2324,Nice,Khéphren Thuram,FRA,MF,22.0,2001.0,27.0,25.0,2108.0,23.4,1.0,1.0,2.0,1.0,0.0,0.0,7.0,0.0,0.04,0.04,0.09,0.04,0.09,23.4,1.0,39.0,11.0,28.2,1.67,0.47,0.03,0.09,0.0,0.0,78.0,68.9,25,83.0,16,2,22.0,0,1.59,27.0,18.0,9.0,0.38,0.2,0.0,34.0,22.0,2.0,20.0,17.0,28.0,,,0.0,,,,,,,,,,,,,,,
FRA-Ligue 1,2324,Nice,Marcin Bułka,POL,GK,23.0,1999.0,34.0,34.0,3060.0,34.0,0.0,0.0,0.0,0.0,0.0,0.0,2.0,0.0,0.0,0.0,0.0,0.0,0.0,34.0,0.0,1.0,0.0,0.0,0.03,0.0,0.0,,0.0,0.0,90.0,100.0,34,90.0,34,0,,0,1.62,40.0,29.0,11.0,0.32,,0.0,0.0,4.0,0.0,0.0,0.0,0.0,,,0.0,29.0,0.85,96.0,74.0,69.8,15.0,10.0,9.0,17.0,50.0,8.0,5.0,3.0,0.0,37.5
FRA-Ligue 1,2324,Nice,Melvin Bard,FRA,DF,22.0,2000.0,32.0,31.0,2654.0,29.5,1.0,2.0,3.0,1.0,0.0,0.0,7.0,1.0,0.03,0.07,0.1,0.03,0.1,29.5,1.0,15.0,5.0,33.3,0.51,0.17,0.07,0.2,0.0,0.0,83.0,86.7,31,85.0,22,1,31.0,0,1.59,33.0,22.0,11.0,0.37,0.37,0.0,40.0,24.0,1.0,70.0,42.0,40.0,,,0.0,,,,,,,,,,,,,,,
FRA-Ligue 1,2324,Nice,Mohamed Ali Cho,FRA,FW,19.0,2004.0,17.0,11.0,861.0,9.6,1.0,2.0,3.0,1.0,0.0,0.0,2.0,0.0,0.1,0.21,0.31,0.1,0.31,9.6,1.0,18.0,6.0,33.3,1.88,0.63,0.06,0.17,0.0,0.0,51.0,28.1,11,67.0,0,6,20.0,0,1.18,11.0,8.0,3.0,0.31,-0.01,0.0,16.0,22.0,3.0,44.0,2.0,9.0,,,0.0,,,,,,,,,,,,,,,
FRA-Ligue 1,2324,Nice,Morgan Sanson,FRA,MF,28.0,1994.0,29.0,24.0,1964.0,21.8,2.0,3.0,5.0,2.0,0.0,0.0,4.0,0.0,0.09,0.14,0.23,0.09,0.23,21.8,2.0,41.0,9.0,22.0,1.88,0.41,0.05,0.22,0.0,0.0,68.0,64.2,24,76.0,6,5,30.0,1,1.79,24.0,16.0,8.0,0.37,0.12,0.0,30.0,34.0,2.0,111.0,20.0,18.0,,,0.0,,,,,,,,,,,,,,,
FRA-Ligue 1,2324,Nice,Pablo Rosario,DOM,"MF,DF",26.0,1997.0,30.0,21.0,2009.0,22.3,0.0,0.0,0.0,0.0,0.0,0.0,4.0,0.0,0.0,0.0,0.0,0.0,0.0,22.3,0.0,16.0,3.0,18.8,0.72,0.13,0.0,0.0,0.0,0.0,67.0,65.7,21,86.0,16,9,23.0,2,1.67,30.0,23.0,7.0,0.31,-0.03,0.0,18.0,19.0,1.0,6.0,28.0,26.0,,,0.0,,,,,,,,,,,,,,,
FRA-Ligue 1,2324,Nice,Reda Belahyane,MAR,MF,19.0,2004.0,1.0,0.0,27.0,0.3,0.0,0.0,0.0,0.0,0.0,0.0,0.0,0.0,0.0,0.0,0.0,0.0,0.0,0.3,0.0,0.0,0.0,,0.0,0.0,,,0.0,0.0,27.0,0.9,0,,0,1,27.0,8,0.0,0.0,0.0,0.0,0.0,-0.33,0.0,0.0,0.0,0.0,0.0,0.0,0.0,,,0.0,,,,,,,,,,,,,,,
FRA-Ligue 1,2324,Nice,Romain Perraud,FRA,DF,25.0,1997.0,19.0,2.0,370.0,4.1,0.0,1.0,1.0,0.0,0.0,0.0,2.0,0.0,0.0,0.24,0.24,0.0,0.24,4.1,0.0,2.0,0.0,0.0,0.49,0.0,0.0,,0.0,0.0,19.0,12.1,2,75.0,1,17,13.0,10,2.0,7.0,6.0,1.0,0.24,-0.09,0.0,4.0,8.0,0.0,21.0,5.0,6.0,,,0.0,,,,,,,,,,,,,,,
FRA-Ligue 1,2324,Nice,Sofiane Diop,MAR,"FW,MF",23.0,2000.0,10.0,6.0,499.0,5.5,0.0,0.0,0.0,0.0,0.0,0.0,0.0,0.0,0.0,0.0,0.0,0.0,0.0,5.5,0.0,14.0,6.0,42.9,2.53,1.08,0.0,0.0,0.0,0.0,50.0,16.3,6,68.0,0,4,24.0,0,2.2,7.0,3.0,4.0,0.72,0.48,0.0,9.0,12.0,8.0,13.0,3.0,5.0,,,0.0,,,,,,,,,,,,,,,
FRA-Ligue 1,2324,Nice,Terem Moffi,NGA,FW,24.0,1999.0,30.0,23.0,1949.0,21.7,11.0,2.0,13.0,8.0,3.0,3.0,4.0,0.0,0.51,0.09,0.6,0.37,0.46,21.7,11.0,49.0,25.0,51.0,2.26,1.15,0.22,0.44,3.0,3.0,65.0,63.7,23,77.0,5,7,24.0,0,1.7,27.0,15.0,12.0,0.55,0.64,0.0,32.0,19.0,13.0,7.0,3.0,4.0,,,0.0,,,,,,,,,,,,,,,
FRA-Ligue 1,2324,Nice,Tom Louchet,FRA,"MF,FW",20.0,2003.0,13.0,3.0,409.0,4.5,1.0,1.0,2.0,1.0,0.0,0.0,1.0,0.0,0.22,0.22,0.44,0.22,0.44,4.5,1.0,2.0,1.0,50.0,0.44,0.22,0.5,1.0,0.0,0.0,31.0,13.4,3,72.0,1,10,19.0,9,1.08,6.0,6.0,0.0,0.0,-0.37,0.0,7.0,4.0,0.0,34.0,3.0,5.0,,,0.0,,,,,,,,,,,,,,,
FRA-Ligue 1,2324,Nice,Valentin Rosier,FRA,"DF,MF",26.0,1996.0,3.0,0.0,53.0,0.6,0.0,0.0,0.0,0.0,0.0,0.0,0.0,0.0,0.0,0.0,0.0,0.0,0.0,0.6,0.0,1.0,0.0,0.0,1.7,0.0,0.0,,0.0,0.0,18.0,1.7,0,,0,3,18.0,2,0.67,0.0,0.0,0.0,0.0,-0.33,0.0,0.0,1.0,0.0,0.0,2.0,0.0,,,0.0,,,,,,,,,,,,,,,
FRA-Ligue 1,2324,Nice,Youcef Atal,ALG,DF,27.0,1996.0,6.0,5.0,359.0,4.0,1.0,0.0,1.0,1.0,0.0,0.0,2.0,0.0,0.25,0.0,0.25,0.25,0.25,4.0,1.0,4.0,1.0,25.0,1.0,0.25,0.25,1.0,0.0,0.0,60.0,11.7,5,72.0,1,1,1.0,2,1.67,3.0,1.0,2.0,0.5,0.2,0.0,3.0,4.0,0.0,6.0,3.0,3.0,,,0.0,,,,,,,,,,,,,,,
FRA-Ligue 1,2324,Nice,Youssouf Ndayishimiye,BDI,"MF,DF",24.0,1998.0,23.0,20.0,1712.0,19.0,0.0,0.0,0.0,0.0,0.0,0.0,6.0,1.0,0.0,0.0,0.0,0.0,0.0,19.0,0.0,14.0,3.0,21.4,0.74,0.16,0.0,0.0,0.0,0.0,74.0,55.9,20,83.0,15,3,15.0,3,1.83,20.0,15.0,5.0,0.26,-0.14,0.0,15.0,12.0,0.0,1.0,13.0,20.0,,,0.0,,,,,,,,,,,,,,,
FRA-Ligue 1,2324,PSG,Achraf Hakimi,MAR,"DF,MF",24.0,1998.0,25.0,20.0,1932.0,21.5,4.0,5.0,9.0,4.0,0.0,0.0,3.0,0.0,0.19,0.23,0.42,0.19,0.42,21.5,4.0,42.0,12.0,28.6,1.96,0.56,0.1,0.33,0.0,0.0,77.0,63.1,20,88.0,17,5,33.0,3,2.04,52.0,24.0,28.0,1.3,-0.29,0.0,22.0,25.0,3.0,79.0,12.0,18.0,,,0.0,,,,,,,,,,,,,,,
FRA-Ligue 1,2324,PSG,Arnau Tenas,ESP,GK,22.0,2001.0,6.0,5.0,529.0,5.9,0.0,1.0,1.0,0.0,0.0,0.0,0.0,0.0,0.0,0.17,0.17,0.0,0.17,5.9,0.0,0.0,0.0,,0.0,0.0,,,0.0,0.0,88.0,17.3,5,90.0,5,1,79.0,13,1.83,9.0,7.0,2.0,0.34,-1.3,0.0,0.0,0.0,0.0,0.0,0.0,0.0,,,0.0,7.0,1.19,26.0,19.0,73.1,2.0,2.0,1.0,1.0,20.0,0.0,0.0,0.0,0.0,
FRA-Ligue 1,2324,PSG,Bradley Barcola,FRA,"FW,MF",20.0,2002.0,25.0,18.0,1370.0,15.2,4.0,7.0,11.0,4.0,0.0,0.0,3.0,1.0,0.26,0.46,0.72,0.26,0.72,15.2,4.0,31.0,11.0,35.5,2.04,0.72,0.13,0.36,0.0,0.0,55.0,44.8,18,67.0,2,7,25.0,2,2.2,34.0,18.0,16.0,1.05,-0.65,1.0,22.0,12.0,4.0,18.0,10.0,17.0,,,0.0,,,,,,,,,,,,,,,
FRA-Ligue 1,2324,PSG,Carlos Soler,ESP,"MF,DF",26.0,1997.0,24.0,12.0,1090.0,12.1,2.0,2.0,4.0,2.0,0.0,0.0,1.0,0.0,0.17,0.17,0.33,0.17,0.33,12.1,2.0,14.0,5.0,35.7,1.16,0.41,0.14,0.4,0.0,0.0,45.0,35.6,12,79.0,3,12,12.0,9,2.25,21.0,14.0,7.0,0.58,-1.3,0.0,11.0,10.0,1.0,23.0,5.0,10.0,,,0.0,,,,,,,,,,,,,,,
FRA-Ligue 1,2324,PSG,Cher Ndour,ITA,MF,19.0,2004.0,3.0,0.0,28.0,0.3,0.0,0.0,0.0,0.0,0.0,0.0,1.0,0.0,0.0,0.0,0.0,0.0,0.0,0.3,0.0,0.0,0.0,,0.0,0.0,,,0.0,0.0,9.0,0.9,0,,0,3,9.0,14,3.0,1.0,0.0,1.0,3.21,1.82,0.0,1.0,0.0,0.0,0.0,0.0,1.0,,,0.0,,,,,,,,,,,,,,,
FRA-Ligue 1,2324,PSG,Danilo Pereira,POR,DF,31.0,1991.0,26.0,22.0,1995.0,22.2,0.0,0.0,0.0,0.0,0.0,0.0,2.0,0.0,0.0,0.0,0.0,0.0,0.0,22.2,0.0,10.0,1.0,10.0,0.45,0.05,0.0,0.0,0.0,0.0,77.0,65.2,22,88.0,20,4,13.0,5,2.08,49.0,25.0,24.0,1.08,-0.95,0.0,14.0,11.0,1.0,1.0,24.0,12.0,,,0.0,,,,,,,,,,,,,,,
FRA-Ligue 1,2324,PSG,Ethan Mbappé,FRA,MF,16.0,2006.0,3.0,0.0,48.0,0.5,0.0,0.0,0.0,0.0,0.0,0.0,0.0,0.0,0.0,0.0,0.0,0.0,0.0,0.5,0.0,2.0,1.0,50.0,3.75,1.87,0.0,0.0,0.0,0.0,16.0,1.6,0,,0,3,16.0,9,3.0,1.0,0.0,1.0,1.87,0.47,0.0,1.0,1.0,0.0,1.0,0.0,0.0,,,0.0,,,,,,,,,,,,,,,
FRA-Ligue 1,2324,PSG,Fabián Ruiz Peña,ESP,MF,27.0,1996.0,21.0,14.0,1197.0,13.3,1.0,3.0,4.0,1.0,0.0,0.0,3.0,0.0,0.08,0.23,0.3,0.08,0.3,13.3,1.0,19.0,6.0,31.6,1.43,0.45,0.05,0.17,0.0,0.0,57.0,39.1,14,76.0,8,7,19.0,7,2.52,30.0,12.0,18.0,1.35,-0.1,0.0,6.0,11.0,1.0,11.0,12.0,23.0,,,0.0,,,,,,,,,,,,,,,
FRA-Ligue 1,2324,PSG,Gianluigi Donnarumma,ITA,GK,24.0,1999.0,25.0,25.0,2169.0,24.1,0.0,0.0,0.0,0.0,0.0,0.0,3.0,1.0,0.0,0.0,0.0,0.0,0.0,24.1,0.0,0.0,0.0,,0.0,0.0,,,0.0,0.0,87.0,70.9,25,87.0,24,0,,4,2.4,62.0,20.0,42.0,1.74,1.14,0.0,2.0,0.0,0.0,0.0,1.0,0.0,,,0.0,20.0,0.83,111.0,91.0,82.0,18.0,6.0,1.0,11.0,44.0,4.0,3.0,1.0,0.0,25.0
FRA-Ligue 1,2324,PSG,Gonçalo Ramos,POR,FW,22.0,2001.0,29.0,16.0,1419.0,15.8,11.0,1.0,12.0,10.0,1.0,1.0,1.0,0.0,0.7,0.06,0.76,0.63,0.7,15.8,11.0,55.0,21.0,38.2,3.49,1.33,0.2,0.52,1.0,1.0,49.0,46.4,16,69.0,3,13,24.0,3,2.17,40.0,14.0,26.0,1.65,0.44,0.0,19.0,22.0,3.0,3.0,4.0,15.0,,,0.0,,,,,,,,,,,,,,,
FRA-Ligue 1,2324,PSG,Hugo Ekitike,FRA,FW,21.0,2002.0,1.0,0.0,9.0,0.1,0.0,0.0,0.0,0.0,0.0,0.0,0.0,0.0,0.0,0.0,0.0,0.0,0.0,0.1,0.0,0.0,0.0,,0.0,0.0,,,0.0,0.0,9.0,0.3,0,,0,1,9.0,2,1.0,0.0,0.0,0.0,0.0,-1.42,0.0,1.0,0.0,0.0,0.0,0.0,0.0,,,0.0,,,,,,,,,,,,,,,
FRA-Ligue 1,2324,PSG,Keylor Navas,CRC,GK,36.0,1986.0,4.0,4.0,360.0,4.0,0.0,0.0,0.0,0.0,0.0,0.0,0.0,0.0,0.0,0.0,0.0,0.0,0.0,4.0,0.0,0.0,0.0,,0.0,0.0,,,0.0,0.0,90.0,11.8,4,90.0,4,0,,18,2.0,10.0,6.0,4.0,1.0,-0.47,0.0,0.0,0.0,0.0,0.0,1.0,0.0,,,0.0,6.0,1.5,12.0,6.0,50.0,2.0,2.0,0.0,1.0,25.0,1.0,1.0,0.0,0.0,0.0
FRA-Ligue 1,2324,PSG,Kylian Mbappé,FRA,FW,24.0,1998.0,29.0,24.0,2158.0,24.0,27.0,7.0,34.0,21.0,6.0,8.0,4.0,0.0,1.13,0.29,1.42,0.88,1.17,24.0,27.0,120.0,59.0,49.2,5.0,2.46,0.23,0.46,6.0,8.0,74.0,70.5,24,83.0,19,5,31.0,2,2.17,61.0,25.0,36.0,1.5,0.3,0.0,19.0,38.0,20.0,23.0,2.0,1.0,,,0.0,,,,,,,,,,,,,,,
FRA-Ligue 1,2324,PSG,Layvin Kurzawa,FRA,DF,30.0,1992.0,1.0,0.0,9.0,0.1,0.0,0.0,0.0,0.0,0.0,0.0,0.0,0.0,0.0,0.0,0.0,0.0,0.0,0.1,0.0,0.0,0.0,,0.0,0.0,,,0.0,0.0,9.0,0.3,0,,0,1,9.0,12,3.0,0.0,0.0,0.0,0.0,-1.42,0.0,0.0,0.0,0.0,0.0,0.0,0.0,,,0.0,,,,,,,,,,,,,,,
FRA-Ligue 1,2324,PSG,Lee Kang-in,KOR,"MF,FW",22.0,2001.0,23.0,18.0,1464.0,16.3,3.0,4.0,7.0,3.0,0.0,0.0,2.0,0.0,0.18,0.25,0.43,0.18,0.43,16.3,3.0,23.0,9.0,39.1,1.41,0.55,0.13,0.33,0.0,0.0,64.0,47.8,18,74.0,6,5,26.0,1,2.17,38.0,13.0,25.0,1.54,0.24,0.0,17.0,21.0,1.0,97.0,5.0,12.0,,,0.0,,,,,,,,,,,,,,,
FRA-Ligue 1,2324,PSG,Lucas Beraldo,BRA,DF,19.0,2003.0,13.0,12.0,1008.0,11.2,1.0,0.0,1.0,1.0,0.0,0.0,4.0,1.0,0.09,0.0,0.09,0.09,0.09,11.2,1.0,5.0,2.0,40.0,0.45,0.18,0.2,0.5,0.0,0.0,78.0,32.9,12,82.0,9,1,21.0,3,2.23,27.0,14.0,13.0,1.16,-0.37,0.0,12.0,13.0,0.0,2.0,20.0,14.0,,,0.0,,,,,,,,,,,,,,,
FRA-Ligue 1,2324,PSG,Lucas Hernández,FRA,DF,27.0,1996.0,27.0,23.0,1909.0,21.2,1.0,1.0,2.0,1.0,0.0,0.0,6.0,0.0,0.05,0.05,0.09,0.05,0.09,21.2,1.0,6.0,2.0,33.3,0.28,0.09,0.17,0.5,0.0,0.0,71.0,62.4,23,80.0,12,4,18.0,1,2.37,50.0,20.0,30.0,1.41,0.01,0.0,24.0,30.0,1.0,19.0,26.0,36.0,,,0.0,,,,,,,,,,,,,,,
FRA-Ligue 1,2324,PSG,Manuel Ugarte,URU,MF,22.0,2001.0,25.0,21.0,1932.0,21.5,0.0,2.0,2.0,0.0,0.0,0.0,5.0,0.0,0.0,0.09,0.09,0.0,0.09,21.5,0.0,10.0,1.0,10.0,0.47,0.05,0.0,0.0,0.0,0.0,77.0,63.1,21,84.0,15,4,42.0,8,2.28,54.0,19.0,35.0,1.63,0.59,0.0,47.0,27.0,0.0,4.0,40.0,55.0,,,0.0,,,,,,,,,,,,,,,
FRA-Ligue 1,2324,PSG,Marco Asensio,ESP,"MF,FW",27.0,1996.0,19.0,13.0,1113.0,12.4,4.0,5.0,9.0,4.0,0.0,0.0,0.0,0.0,0.32,0.4,0.73,0.32,0.73,12.4,4.0,27.0,10.0,37.0,2.18,0.81,0.15,0.4,0.0,0.0,59.0,36.4,13,75.0,6,6,23.0,5,2.11,28.0,13.0,15.0,1.21,-0.31,0.0,8.0,10.0,0.0,52.0,5.0,10.0,,,0.0,,,,,,,,,,,,,,,
FRA-Ligue 1,2324,PSG,Marquinhos,BRA,DF,29.0,1994.0,21.0,18.0,1537.0,17.1,0.0,1.0,1.0,0.0,0.0,0.0,1.0,0.0,0.0,0.06,0.06,0.0,0.06,17.1,0.0,4.0,0.0,0.0,0.23,0.0,0.0,,0.0,0.0,73.0,50.2,18,83.0,12,3,16.0,3,2.33,42.0,14.0,28.0,1.64,0.46,0.0,3.0,3.0,2.0,0.0,17.0,11.0,,,0.0,,,,,,,,,,,,,,,
FRA-Ligue 1,2324,PSG,Milan Škriniar,SVK,DF,28.0,1995.0,24.0,17.0,1629.0,18.1,0.0,0.0,0.0,0.0,0.0,0.0,1.0,0.0,0.0,0.0,0.0,0.0,0.0,18.1,0.0,3.0,1.0,33.3,0.17,0.06,0.0,0.0,0.0,0.0,68.0,53.2,17,87.0,15,7,21.0,1,2.25,45.0,18.0,27.0,1.49,0.17,0.0,14.0,10.0,0.0,1.0,12.0,18.0,,,0.0,,,,,,,,,,,,,,,
FRA-Ligue 1,2324,PSG,Nordi Mukiele,FRA,DF,25.0,1997.0,16.0,9.0,796.0,8.8,0.0,0.0,0.0,0.0,0.0,0.0,2.0,0.0,0.0,0.0,0.0,0.0,0.0,8.8,0.0,9.0,6.0,66.7,1.02,0.68,0.0,0.0,0.0,0.0,50.0,26.0,9,78.0,6,7,14.0,13,2.56,22.0,6.0,16.0,1.81,0.54,0.0,13.0,10.0,1.0,3.0,14.0,8.0,,,0.0,,,,,,,,,,,,,,,
FRA-Ligue 1,2324,PSG,Nuno Mendes,POR,DF,21.0,2002.0,6.0,2.0,267.0,3.0,1.0,1.0,2.0,1.0,0.0,0.0,3.0,0.0,0.34,0.34,0.67,0.34,0.67,3.0,1.0,4.0,1.0,25.0,1.35,0.34,0.25,1.0,0.0,0.0,45.0,8.7,2,75.0,0,4,30.0,0,2.0,10.0,1.0,9.0,3.03,1.78,0.0,6.0,1.0,0.0,7.0,4.0,5.0,,,0.0,,,,,,,,,,,,,,,
FRA-Ligue 1,2324,PSG,Ousmane Dembélé,FRA,"FW,MF",26.0,1997.0,26.0,17.0,1506.0,16.7,3.0,8.0,11.0,3.0,0.0,0.0,0.0,0.0,0.18,0.48,0.66,0.18,0.66,16.7,3.0,43.0,14.0,32.6,2.57,0.84,0.07,0.21,0.0,0.0,58.0,49.2,17,74.0,4,9,28.0,2,2.15,39.0,14.0,25.0,1.49,0.16,0.0,7.0,27.0,6.0,99.0,5.0,14.0,,,0.0,,,,,,,,,,,,,,,
FRA-Ligue 1,2324,PSG,Randal Kolo Muani,FRA,"FW,MF",24.0,1998.0,26.0,13.0,1268.0,14.1,6.0,5.0,11.0,6.0,0.0,0.0,1.0,0.0,0.43,0.35,0.78,0.43,0.78,14.1,6.0,22.0,13.0,59.1,1.56,0.92,0.27,0.46,0.0,0.0,49.0,41.4,13,72.0,4,13,26.0,2,2.27,35.0,14.0,21.0,1.49,0.13,0.0,33.0,26.0,6.0,9.0,3.0,8.0,,,0.0,,,,,,,,,,,,,,,
FRA-Ligue 1,2324,PSG,Senny Mayulu,FRA,"MF,FW",17.0,2006.0,8.0,3.0,324.0,3.6,0.0,1.0,1.0,0.0,0.0,0.0,0.0,0.0,0.0,0.28,0.28,0.0,0.28,3.6,0.0,3.0,0.0,0.0,0.83,0.0,0.0,,0.0,0.0,41.0,10.6,3,62.0,0,5,27.0,6,2.13,8.0,4.0,4.0,1.11,-0.34,0.0,8.0,3.0,1.0,13.0,3.0,8.0,,,0.0,,,,,,,,,,,,,,,
FRA-Ligue 1,2324,PSG,Vitinha,POR,MF,23.0,2000.0,28.0,23.0,2126.0,23.6,7.0,4.0,11.0,7.0,0.0,0.0,0.0,0.0,0.3,0.17,0.47,0.3,0.47,23.6,7.0,45.0,19.0,42.2,1.9,0.8,0.16,0.37,0.0,0.0,76.0,69.5,23,86.0,16,5,31.0,3,2.32,57.0,22.0,35.0,1.48,0.23,0.0,17.0,16.0,1.0,37.0,22.0,23.0,,,0.0,,,,,,,,,,,,,,,
FRA-Ligue 1,2324,PSG,Warren Zaïre-Emery,FRA,"MF,DF",17.0,2006.0,26.0,21.0,1962.0,21.8,2.0,3.0,5.0,2.0,0.0,0.0,4.0,0.0,0.09,0.14,0.23,0.09,0.23,21.8,2.0,14.0,4.0,28.6,0.64,0.18,0.14,0.5,0.0,0.0,75.0,64.1,21,88.0,16,5,25.0,2,2.27,54.0,20.0,34.0,1.56,0.41,0.0,21.0,30.0,1.0,9.0,14.0,28.0,,,0.0,,,,,,,,,,,,,,,
FRA-Ligue 1,2324,PSG,Yoram Zague,FRA,DF,17.0,2006.0,5.0,4.0,373.0,4.1,1.0,0.0,1.0,1.0,0.0,0.0,1.0,0.0,0.24,0.0,0.24,0.24,0.24,4.1,1.0,2.0,1.0,50.0,0.48,0.24,0.5,1.0,0.0,0.0,75.0,12.2,4,90.0,4,1,13.0,1,2.0,8.0,6.0,2.0,0.48,-1.06,0.0,5.0,3.0,0.0,2.0,4.0,8.0,,,0.0,,,,,,,,,,,,,,,
FRA-Ligue 1,2324,Reims,Abdoul Koné,FRA,DF,18.0,2005.0,3.0,3.0,193.0,2.1,0.0,0.0,0.0,0.0,0.0,0.0,1.0,0.0,0.0,0.0,0.0,0.0,0.0,2.1,0.0,0.0,0.0,,0.0,0.0,,,0.0,0.0,64.0,6.3,3,64.0,0,0,,0,2.33,3.0,1.0,2.0,0.93,1.15,0.0,2.0,4.0,0.0,1.0,2.0,7.0,,,0.0,,,,,,,,,,,,,,,
FRA-Ligue 1,2324,Reims,Adama Bojang,GAM,FW,19.0,2004.0,9.0,0.0,83.0,0.9,0.0,0.0,0.0,0.0,0.0,0.0,1.0,0.0,0.0,0.0,0.0,0.0,0.0,0.9,0.0,4.0,1.0,25.0,4.34,1.08,0.0,0.0,0.0,0.0,9.0,2.7,0,,0,9,9.0,12,0.89,2.0,4.0,-2.0,-2.17,-2.08,0.0,4.0,1.0,1.0,1.0,0.0,1.0,,,0.0,,,,,,,,,,,,,,,
FRA-Ligue 1,2324,Reims,Amadou Koné,MLI,MF,18.0,2005.0,16.0,4.0,475.0,5.3,0.0,0.0,0.0,0.0,0.0,0.0,4.0,1.0,0.0,0.0,0.0,0.0,0.0,5.3,0.0,6.0,1.0,16.7,1.14,0.19,0.0,0.0,0.0,0.0,30.0,15.5,4,73.0,2,12,15.0,4,1.81,7.0,6.0,1.0,0.19,0.4,1.0,7.0,20.0,0.0,1.0,10.0,8.0,,,0.0,,,,,,,,,,,,,,,
FRA-Ligue 1,2324,Reims,Amine Salama,FRA,FW,23.0,2000.0,11.0,2.0,313.0,3.5,0.0,0.0,0.0,0.0,0.0,0.0,0.0,0.0,0.0,0.0,0.0,0.0,0.0,3.5,0.0,6.0,2.0,33.3,1.73,0.58,0.0,0.0,0.0,0.0,28.0,10.2,2,62.0,0,9,21.0,7,1.18,2.0,3.0,-1.0,-0.29,-0.16,0.0,3.0,3.0,6.0,5.0,1.0,0.0,,,0.0,,,,,,,,,,,,,,,
FRA-Ligue 1,2324,Reims,Amir Richardson,MAR,MF,21.0,2002.0,28.0,14.0,1352.0,15.0,3.0,1.0,4.0,3.0,0.0,0.0,4.0,0.0,0.2,0.07,0.27,0.2,0.27,15.0,3.0,17.0,8.0,47.1,1.13,0.53,0.18,0.38,0.0,0.0,48.0,44.2,14,74.0,2,14,22.0,3,1.21,14.0,23.0,-9.0,-0.6,-0.81,0.0,31.0,23.0,0.0,13.0,12.0,23.0,,,0.0,,,,,,,,,,,,,,,
FRA-Ligue 1,2324,Reims,Azor Matusiwa,NED,MF,25.0,1998.0,16.0,16.0,1385.0,15.4,1.0,0.0,1.0,1.0,0.0,0.0,3.0,0.0,0.06,0.0,0.06,0.06,0.06,15.4,1.0,12.0,2.0,16.7,0.78,0.13,0.08,0.5,0.0,0.0,87.0,45.3,16,87.0,13,0,,0,1.56,22.0,23.0,-1.0,-0.06,0.15,0.0,16.0,10.0,0.0,0.0,32.0,26.0,,,0.0,,,,,,,,,,,,,,,
FRA-Ligue 1,2324,Reims,Benjamin Stambouli,FRA,MF,32.0,1990.0,7.0,3.0,286.0,3.2,0.0,1.0,1.0,0.0,0.0,0.0,4.0,0.0,0.0,0.31,0.31,0.0,0.31,3.2,0.0,2.0,0.0,0.0,0.63,0.0,0.0,,0.0,0.0,41.0,9.3,3,65.0,0,4,23.0,3,0.86,3.0,5.0,-2.0,-0.63,-0.53,0.0,7.0,0.0,0.0,2.0,2.0,7.0,,,0.0,,,,,,,,,,,,,,,
FRA-Ligue 1,2324,Reims,Christ Mbondi,FRA,FW,18.0,2004.0,1.0,0.0,2.0,0.0,0.0,0.0,0.0,0.0,0.0,0.0,0.0,0.0,0.0,0.0,0.0,0.0,0.0,0.0,0.0,0.0,0.0,,0.0,0.0,,,0.0,0.0,2.0,0.1,0,,0,1,2.0,0,1.0,0.0,0.0,0.0,0.0,0.15,0.0,0.0,0.0,0.0,0.0,0.0,1.0,,,0.0,,,,,,,,,,,,,,,
FRA-Ligue 1,2324,Reims,Emmanuel Agbadou,CIV,DF,26.0,1997.0,32.0,29.0,2596.0,28.8,1.0,1.0,2.0,1.0,0.0,0.0,1.0,0.0,0.03,0.03,0.07,0.03,0.07,28.8,1.0,33.0,7.0,21.2,1.14,0.24,0.03,0.14,0.0,0.0,81.0,84.8,29,89.0,27,3,8.0,1,1.47,36.0,39.0,-3.0,-0.1,0.28,0.0,31.0,10.0,2.0,6.0,52.0,41.0,,,0.0,,,,,,,,,,,,,,,
FRA-Ligue 1,2324,Reims,Ibrahim Diakité,GUI,DF,19.0,2003.0,5.0,1.0,109.0,1.2,0.0,0.0,0.0,0.0,0.0,0.0,0.0,0.0,0.0,0.0,0.0,0.0,0.0,1.2,0.0,0.0,0.0,,0.0,0.0,,,0.0,0.0,22.0,3.6,1,85.0,0,4,6.0,5,1.4,1.0,3.0,-2.0,-1.65,-1.56,0.0,5.0,3.0,0.0,9.0,2.0,0.0,,,0.0,,,,,,,,,,,,,,,
FRA-Ligue 1,2324,Reims,Joseph Okumu,KEN,DF,26.0,1997.0,21.0,19.0,1743.0,19.4,1.0,0.0,1.0,1.0,0.0,0.0,3.0,0.0,0.05,0.0,0.05,0.05,0.05,19.4,1.0,11.0,3.0,27.3,0.57,0.15,0.09,0.33,0.0,0.0,83.0,57.0,19,89.0,17,2,30.0,2,1.43,21.0,23.0,-2.0,-0.1,0.1,0.0,17.0,17.0,0.0,3.0,34.0,28.0,,,0.0,,,,,,,,,,,,,,,
FRA-Ligue 1,2324,Reims,Josh Wilson-Esbrand,ENG,"DF,MF",20.0,2002.0,11.0,5.0,461.0,5.1,1.0,1.0,2.0,1.0,0.0,0.0,1.0,0.0,0.2,0.2,0.39,0.2,0.39,5.1,1.0,4.0,1.0,25.0,0.78,0.2,0.25,1.0,0.0,0.0,42.0,15.1,5,72.0,0,6,17.0,0,1.64,7.0,5.0,2.0,0.39,0.63,0.0,6.0,3.0,1.0,12.0,5.0,5.0,,,0.0,,,,,,,,,,,,,,,
FRA-Ligue 1,2324,Reims,Junya Itō,JPN,"FW,MF",30.0,1993.0,31.0,31.0,2714.0,30.2,3.0,7.0,10.0,3.0,0.0,0.0,2.0,0.0,0.1,0.23,0.33,0.1,0.33,30.2,3.0,46.0,15.0,32.6,1.53,0.5,0.07,0.2,0.0,0.0,88.0,88.7,31,88.0,22,0,,0,1.39,37.0,38.0,-1.0,-0.03,1.01,0.0,18.0,32.0,19.0,201.0,13.0,15.0,,,0.0,,,,,,,,,,,,,,,
FRA-Ligue 1,2324,Reims,Keito Nakamura,JPN,"FW,MF",23.0,2000.0,25.0,17.0,1381.0,15.3,4.0,1.0,5.0,4.0,0.0,0.0,1.0,0.0,0.26,0.07,0.33,0.26,0.33,15.3,4.0,41.0,13.0,31.7,2.67,0.85,0.1,0.31,0.0,0.0,55.0,45.1,17,71.0,2,8,22.0,1,1.4,19.0,20.0,-1.0,-0.07,0.15,0.0,23.0,5.0,2.0,23.0,5.0,11.0,,,0.0,,,,,,,,,,,,,,,
FRA-Ligue 1,2324,Reims,Mamadou Diakhon,SEN,FW,17.0,2005.0,11.0,1.0,209.0,2.3,0.0,0.0,0.0,0.0,0.0,0.0,0.0,0.0,0.0,0.0,0.0,0.0,0.0,2.3,0.0,1.0,1.0,100.0,0.43,0.43,0.0,0.0,0.0,0.0,19.0,6.8,1,56.0,0,10,15.0,20,0.91,3.0,6.0,-3.0,-1.29,-1.23,0.0,4.0,11.0,0.0,4.0,1.0,3.0,,,0.0,,,,,,,,,,,,,,,
FRA-Ligue 1,2324,Reims,Marshall Munetsi,ZIM,MF,27.0,1996.0,27.0,25.0,2173.0,24.1,4.0,3.0,7.0,4.0,0.0,0.0,5.0,0.0,0.17,0.12,0.29,0.17,0.29,24.1,4.0,44.0,16.0,36.4,1.82,0.66,0.09,0.25,0.0,0.0,80.0,71.0,25,84.0,18,2,31.0,0,1.3,29.0,34.0,-5.0,-0.21,-0.21,0.0,46.0,26.0,3.0,18.0,12.0,38.0,,,0.0,,,,,,,,,,,,,,,
FRA-Ligue 1,2324,Reims,Maxime Busi,BEL,MF,23.0,1999.0,5.0,1.0,162.0,1.8,0.0,0.0,0.0,0.0,0.0,0.0,1.0,0.0,0.0,0.0,0.0,0.0,0.0,1.8,0.0,1.0,1.0,100.0,0.56,0.56,0.0,0.0,0.0,0.0,32.0,5.3,1,90.0,1,4,18.0,3,2.6,3.0,1.0,2.0,1.11,1.33,0.0,1.0,0.0,0.0,4.0,3.0,0.0,,,0.0,,,,,,,,,,,,,,,
FRA-Ligue 1,2324,Reims,Mohamed Daramy,DEN,"FW,MF",21.0,2002.0,25.0,19.0,1648.0,18.3,4.0,5.0,9.0,3.0,1.0,1.0,0.0,0.0,0.22,0.27,0.49,0.16,0.44,18.3,4.0,32.0,12.0,37.5,1.75,0.66,0.13,0.33,1.0,1.0,66.0,53.9,19,79.0,5,6,24.0,0,1.52,24.0,25.0,-1.0,-0.05,0.2,0.0,7.0,28.0,9.0,15.0,2.0,10.0,,,0.0,,,,,,,,,,,,,,,
FRA-Ligue 1,2324,Reims,Oumar Diakité,CIV,FW,19.0,2003.0,28.0,18.0,1585.0,17.6,5.0,1.0,6.0,5.0,0.0,1.0,4.0,0.0,0.28,0.06,0.34,0.28,0.34,17.6,5.0,36.0,12.0,33.3,2.04,0.68,0.14,0.42,0.0,1.0,57.0,51.8,18,78.0,5,10,18.0,2,1.32,25.0,25.0,0.0,0.0,0.31,0.0,34.0,27.0,32.0,3.0,7.0,12.0,,,0.0,,,,,,,,,,,,,,,
FRA-Ligue 1,2324,Reims,Reda Khadra,GER,"MF,FW",22.0,2001.0,29.0,14.0,1368.0,15.2,1.0,3.0,4.0,1.0,0.0,0.0,1.0,0.0,0.07,0.2,0.26,0.07,0.26,15.2,1.0,23.0,12.0,52.2,1.51,0.79,0.04,0.08,0.0,0.0,47.0,44.7,14,79.0,4,15,17.0,5,1.31,16.0,23.0,-7.0,-0.46,-0.57,0.0,13.0,9.0,1.0,46.0,0.0,9.0,,,0.0,,,,,,,,,,,,,,,
FRA-Ligue 1,2324,Reims,Sergio Akieme,ESP,"DF,MF",25.0,1997.0,13.0,8.0,818.0,9.1,2.0,0.0,2.0,2.0,0.0,0.0,2.0,0.0,0.22,0.0,0.22,0.22,0.22,9.1,2.0,11.0,2.0,18.2,1.21,0.22,0.18,1.0,0.0,0.0,63.0,26.7,8,82.0,3,5,33.0,2,1.08,10.0,7.0,3.0,0.33,0.65,0.0,16.0,10.0,0.0,21.0,9.0,5.0,,,0.0,,,,,,,,,,,,,,,
FRA-Ligue 1,2324,Reims,Teddy Teuma,MLT,MF,29.0,1993.0,28.0,25.0,2113.0,23.5,6.0,3.0,9.0,5.0,1.0,1.0,7.0,0.0,0.26,0.13,0.38,0.21,0.34,23.5,6.0,44.0,15.0,34.1,1.87,0.64,0.14,0.4,1.0,1.0,75.0,69.1,25,81.0,11,3,28.0,0,1.46,32.0,30.0,2.0,0.09,0.75,0.0,34.0,30.0,1.0,140.0,16.0,35.0,,,0.0,,,,,,,,,,,,,,,
FRA-Ligue 1,2324,Reims,Therence Koudou,FRA,DF,18.0,2004.0,9.0,3.0,314.0,3.5,0.0,0.0,0.0,0.0,0.0,0.0,3.0,0.0,0.0,0.0,0.0,0.0,0.0,3.5,0.0,2.0,1.0,50.0,0.57,0.29,0.0,0.0,0.0,0.0,35.0,10.3,3,65.0,0,6,20.0,5,0.56,4.0,6.0,-2.0,-0.57,-0.47,0.0,9.0,1.0,0.0,14.0,4.0,2.0,,,0.0,,,,,,,,,,,,,,,
FRA-Ligue 1,2324,Reims,Thibault De Smet,BEL,"DF,MF",25.0,1998.0,27.0,22.0,1831.0,20.3,0.0,0.0,0.0,0.0,0.0,0.0,7.0,1.0,0.0,0.0,0.0,0.0,0.0,20.3,0.0,4.0,0.0,0.0,0.2,0.0,0.0,,0.0,0.0,68.0,59.8,22,79.0,12,5,18.0,3,1.41,26.0,33.0,-7.0,-0.34,-0.49,0.0,38.0,9.0,2.0,31.0,20.0,35.0,,,0.0,,,,,,,,,,,,,,,
FRA-Ligue 1,2324,Reims,Thomas Foket,BEL,"DF,MF",28.0,1994.0,27.0,22.0,1833.0,20.4,0.0,1.0,1.0,0.0,0.0,0.0,9.0,1.0,0.0,0.05,0.05,0.0,0.05,20.4,0.0,3.0,0.0,0.0,0.15,0.0,0.0,,0.0,0.0,68.0,59.9,22,79.0,9,5,17.0,5,1.52,26.0,27.0,-1.0,-0.05,0.24,1.0,25.0,13.0,4.0,38.0,20.0,19.0,,,0.0,,,,,,,,,,,,,,,
FRA-Ligue 1,2324,Reims,Valentin Atangana Edoa,FRA,MF,17.0,2005.0,15.0,7.0,555.0,6.2,0.0,0.0,0.0,0.0,0.0,0.0,0.0,0.0,0.0,0.0,0.0,0.0,0.0,6.2,0.0,9.0,2.0,22.2,1.46,0.32,0.0,0.0,0.0,0.0,37.0,18.1,7,61.0,0,8,16.0,3,1.47,9.0,6.0,3.0,0.49,0.77,0.0,18.0,8.0,0.0,5.0,5.0,12.0,,,0.0,,,,,,,,,,,,,,,
FRA-Ligue 1,2324,Reims,Yaya Kader Fofana,MLI,MF,19.0,2004.0,4.0,0.0,32.0,0.4,0.0,0.0,0.0,0.0,0.0,0.0,0.0,0.0,0.0,0.0,0.0,0.0,0.0,0.4,0.0,3.0,1.0,33.3,8.44,2.81,0.0,0.0,0.0,0.0,8.0,1.0,0,,0,4,8.0,5,0.75,1.0,3.0,-2.0,-5.63,-5.54,0.0,2.0,0.0,1.0,1.0,1.0,3.0,,,0.0,,,,,,,,,,,,,,,
FRA-Ligue 1,2324,Reims,Yehvann Diouf,SEN,GK,23.0,1999.0,34.0,34.0,3060.0,34.0,0.0,0.0,0.0,0.0,0.0,0.0,1.0,0.0,0.0,0.0,0.0,0.0,0.0,34.0,0.0,0.0,0.0,,0.0,0.0,,,0.0,0.0,90.0,100.0,34,90.0,34,0,,0,1.38,42.0,47.0,-5.0,-0.15,,0.0,0.0,9.0,0.0,0.0,1.0,0.0,,,0.0,47.0,1.38,137.0,90.0,65.7,13.0,8.0,13.0,7.0,20.6,7.0,6.0,1.0,0.0,14.3
FRA-Ligue 1,2324,Reims,Yunis Abdelhamid,MAR,DF,35.0,1987.0,31.0,31.0,2781.0,30.9,4.0,0.0,4.0,3.0,1.0,1.0,5.0,0.0,0.13,0.0,0.13,0.1,0.1,30.9,4.0,22.0,8.0,36.4,0.71,0.26,0.18,0.5,1.0,1.0,90.0,90.9,31,90.0,30,0,,0,1.29,37.0,46.0,-9.0,-0.29,-1.58,0.0,26.0,12.0,0.0,3.0,37.0,35.0,,,1.0,,,,,,,,,,,,,,,
FRA-Ligue 1,2324,Rennes,Adrien Truffert,FRA,"DF,MF",21.0,2001.0,30.0,24.0,2145.0,23.8,1.0,2.0,3.0,1.0,0.0,0.0,6.0,0.0,0.04,0.08,0.13,0.04,0.13,23.8,1.0,20.0,7.0,35.0,0.84,0.29,0.05,0.14,0.0,0.0,72.0,70.1,24,84.0,17,6,23.0,0,1.33,34.0,29.0,5.0,0.21,0.01,0.0,25.0,28.0,4.0,72.0,19.0,22.0,,,0.0,,,,,,,,,,,,,,,
FRA-Ligue 1,2324,Rennes,Alidu Seidu,GHA,DF,23.0,2000.0,11.0,7.0,593.0,6.6,0.0,0.0,0.0,0.0,0.0,0.0,3.0,0.0,0.0,0.0,0.0,0.0,0.0,6.6,0.0,2.0,0.0,0.0,0.3,0.0,0.0,,0.0,0.0,54.0,19.4,7,79.0,3,4,10.0,3,1.64,7.0,9.0,-2.0,-0.3,-0.63,0.0,8.0,14.0,1.0,7.0,8.0,11.0,,,0.0,,,,,,,,,,,,,,,
FRA-Ligue 1,2324,Rennes,Amine Gouiri,ALG,"FW,MF",23.0,2000.0,31.0,24.0,2067.0,23.0,7.0,3.0,10.0,7.0,0.0,0.0,2.0,0.0,0.3,0.13,0.44,0.3,0.44,23.0,7.0,78.0,27.0,34.6,3.4,1.18,0.09,0.26,0.0,0.0,67.0,67.5,24,80.0,8,7,22.0,2,1.26,32.0,37.0,-5.0,-0.22,-1.31,0.0,27.0,23.0,1.0,7.0,13.0,11.0,,,0.0,,,,,,,,,,,,,,,
FRA-Ligue 1,2324,Rennes,Arnaud Kalimuendo,FRA,FW,21.0,2002.0,30.0,25.0,2139.0,23.8,10.0,1.0,11.0,8.0,2.0,2.0,6.0,0.0,0.42,0.04,0.46,0.34,0.38,23.8,10.0,61.0,24.0,39.3,2.57,1.01,0.16,0.42,2.0,2.0,71.0,69.9,25,80.0,6,5,29.0,0,1.37,38.0,31.0,7.0,0.29,0.29,0.0,28.0,50.0,6.0,11.0,4.0,3.0,,,0.0,,,,,,,,,,,,,,,
FRA-Ligue 1,2324,Rennes,Arthur Theate,BEL,DF,23.0,2000.0,28.0,27.0,2296.0,25.5,2.0,0.0,2.0,2.0,0.0,0.0,4.0,0.0,0.08,0.0,0.08,0.08,0.08,25.5,2.0,22.0,5.0,22.7,0.86,0.2,0.09,0.4,0.0,0.0,82.0,75.0,27,85.0,23,1,2.0,3,1.46,44.0,35.0,9.0,0.35,0.59,0.0,16.0,17.0,0.0,11.0,31.0,18.0,,,0.0,,,,,,,,,,,,,,,
FRA-Ligue 1,2324,Rennes,Azor Matusiwa,NED,MF,25.0,1998.0,12.0,9.0,794.0,8.8,0.0,1.0,1.0,0.0,0.0,0.0,2.0,0.0,0.0,0.11,0.11,0.0,0.11,8.8,0.0,6.0,1.0,16.7,0.68,0.11,0.0,0.0,0.0,0.0,66.0,25.9,9,81.0,5,3,21.0,2,1.83,16.0,13.0,3.0,0.34,0.18,0.0,8.0,8.0,0.0,1.0,10.0,4.0,,,0.0,,,,,,,,,,,,,,,
FRA-Ligue 1,2324,Rennes,Baptiste Santamaria,FRA,MF,28.0,1995.0,30.0,22.0,1926.0,21.4,0.0,1.0,1.0,0.0,0.0,0.0,3.0,0.0,0.0,0.05,0.05,0.0,0.05,21.4,0.0,28.0,9.0,32.1,1.31,0.42,0.0,0.0,0.0,0.0,64.0,62.9,22,80.0,13,8,20.0,4,1.4,33.0,27.0,6.0,0.28,0.2,0.0,24.0,25.0,1.0,0.0,33.0,34.0,,,0.0,,,,,,,,,,,,,,,
FRA-Ligue 1,2324,Rennes,Benjamin Bourigeaud,FRA,MF,29.0,1994.0,32.0,29.0,2425.0,26.9,9.0,6.0,15.0,2.0,7.0,7.0,1.0,0.0,0.33,0.22,0.56,0.07,0.3,26.9,9.0,51.0,17.0,33.3,1.89,0.63,0.18,0.53,7.0,7.0,76.0,79.2,29,81.0,12,3,29.0,0,1.31,43.0,42.0,1.0,0.04,-0.81,0.0,16.0,13.0,2.0,165.0,22.0,19.0,,,0.0,,,,,,,,,,,,,,,
FRA-Ligue 1,2324,Rennes,Bertuğ Yıldırım,TUR,FW,21.0,2002.0,21.0,2.0,469.0,5.2,0.0,1.0,1.0,0.0,0.0,0.0,3.0,0.0,0.0,0.19,0.19,0.0,0.19,5.2,0.0,10.0,4.0,40.0,1.92,0.77,0.0,0.0,0.0,0.0,22.0,15.3,2,77.0,0,19,17.0,8,1.33,13.0,7.0,6.0,1.15,1.12,0.0,18.0,14.0,4.0,1.0,0.0,5.0,,,0.0,,,,,,,,,,,,,,,
FRA-Ligue 1,2324,Rennes,Birger Meling,NOR,DF,28.0,1994.0,1.0,0.0,16.0,0.2,0.0,0.0,0.0,0.0,0.0,0.0,0.0,0.0,0.0,0.0,0.0,0.0,0.0,0.2,0.0,1.0,1.0,100.0,5.63,5.63,0.0,0.0,0.0,0.0,16.0,0.5,0,,0,1,16.0,0,3.0,2.0,0.0,2.0,11.25,11.1,0.0,0.0,0.0,0.0,0.0,0.0,1.0,,,0.0,,,,,,,,,,,,,,,
FRA-Ligue 1,2324,Rennes,Christopher Wooh,CMR,DF,21.0,2001.0,18.0,15.0,1388.0,15.4,1.0,0.0,1.0,1.0,0.0,0.0,3.0,1.0,0.06,0.0,0.06,0.06,0.06,15.4,1.0,10.0,2.0,20.0,0.65,0.13,0.1,0.5,0.0,0.0,77.0,45.4,15,88.0,13,3,25.0,12,1.11,22.0,18.0,4.0,0.26,0.1,0.0,19.0,11.0,0.0,2.0,18.0,11.0,,,0.0,,,,,,,,,,,,,,,
FRA-Ligue 1,2324,Rennes,Djaoui Cissé,FRA,MF,19.0,2004.0,2.0,0.0,4.0,0.0,0.0,0.0,0.0,0.0,0.0,0.0,0.0,0.0,0.0,0.0,0.0,0.0,0.0,0.0,0.0,0.0,0.0,,0.0,0.0,,,0.0,0.0,2.0,0.1,0,,0,2,2.0,3,3.0,0.0,0.0,0.0,0.0,-0.21,0.0,0.0,0.0,0.0,0.0,0.0,0.0,,,0.0,,,,,,,,,,,,,,,
FRA-Ligue 1,2324,Rennes,Désiré Doué,FRA,MF,18.0,2005.0,31.0,17.0,1626.0,18.1,4.0,4.0,8.0,4.0,0.0,0.0,3.0,0.0,0.22,0.22,0.44,0.22,0.44,18.1,4.0,34.0,13.0,38.2,1.88,0.72,0.12,0.31,0.0,0.0,52.0,53.1,17,75.0,6,14,25.0,1,1.35,30.0,21.0,9.0,0.5,0.62,0.0,35.0,55.0,2.0,70.0,14.0,19.0,,,0.0,,,,,,,,,,,,,,,
FRA-Ligue 1,2324,Rennes,Enzo Le Fée,FRA,MF,23.0,2000.0,25.0,19.0,1527.0,17.0,0.0,1.0,1.0,0.0,0.0,0.0,3.0,0.0,0.0,0.06,0.06,0.0,0.06,17.0,0.0,12.0,0.0,0.0,0.71,0.0,0.0,,0.0,0.0,61.0,49.9,19,74.0,6,6,19.0,1,1.12,25.0,24.0,1.0,0.06,-0.29,0.0,24.0,18.0,0.0,24.0,18.0,34.0,,,0.0,,,,,,,,,,,,,,,
FRA-Ligue 1,2324,Rennes,Fabian Rieder,SUI,MF,21.0,2002.0,15.0,2.0,365.0,4.1,1.0,0.0,1.0,1.0,0.0,0.0,0.0,0.0,0.25,0.0,0.25,0.25,0.25,4.1,1.0,5.0,2.0,40.0,1.23,0.49,0.2,0.5,0.0,0.0,24.0,11.9,2,70.0,0,13,17.0,8,0.93,8.0,7.0,1.0,0.25,0.05,0.0,10.0,6.0,0.0,8.0,5.0,8.0,,,0.0,,,,,,,,,,,,,,,
FRA-Ligue 1,2324,Rennes,Guéla Doué,CIV,DF,20.0,2002.0,24.0,13.0,1234.0,13.7,0.0,2.0,2.0,0.0,0.0,0.0,1.0,1.0,0.0,0.15,0.15,0.0,0.15,13.7,0.0,15.0,3.0,20.0,1.09,0.22,0.0,0.0,0.0,0.0,51.0,40.3,13,81.0,11,11,16.0,7,1.63,29.0,18.0,11.0,0.8,1.0,0.0,29.0,11.0,0.0,43.0,15.0,21.0,,,0.0,,,,,,,,,,,,,,,
FRA-Ligue 1,2324,Rennes,Ibrahim Salah,MAR,"MF,FW",21.0,2001.0,23.0,4.0,524.0,5.8,4.0,1.0,5.0,4.0,0.0,0.0,3.0,0.0,0.69,0.17,0.86,0.69,0.86,5.8,4.0,17.0,9.0,52.9,2.92,1.55,0.24,0.44,0.0,0.0,23.0,17.1,4,62.0,0,19,15.0,6,1.61,14.0,4.0,10.0,1.72,1.82,0.0,10.0,10.0,1.0,20.0,11.0,7.0,,,0.0,,,,,,,,,,,,,,,
FRA-Ligue 1,2324,Rennes,Jeanuël Belocian,FRA,DF,18.0,2005.0,23.0,16.0,1448.0,16.1,0.0,1.0,1.0,0.0,0.0,0.0,0.0,0.0,0.0,0.06,0.06,0.0,0.06,16.1,0.0,3.0,0.0,0.0,0.19,0.0,0.0,,0.0,0.0,63.0,47.3,16,80.0,7,7,23.0,9,1.22,24.0,28.0,-4.0,-0.25,-0.86,0.0,12.0,15.0,0.0,13.0,13.0,22.0,,,0.0,,,,,,,,,,,,,,,
FRA-Ligue 1,2324,Rennes,Jeremy Doku,BEL,FW,21.0,2002.0,2.0,1.0,111.0,1.2,1.0,0.0,1.0,1.0,0.0,0.0,0.0,0.0,0.81,0.0,0.81,0.81,0.81,1.2,1.0,6.0,4.0,66.7,4.86,3.24,0.17,0.25,0.0,0.0,56.0,3.6,1,83.0,0,1,28.0,0,2.0,3.0,1.0,2.0,1.62,1.47,0.0,2.0,4.0,0.0,1.0,0.0,2.0,,,0.0,,,,,,,,,,,,,,,
FRA-Ligue 1,2324,Rennes,Jérémy Jacquet,FRA,DF,18.0,2005.0,1.0,0.0,5.0,0.1,0.0,0.0,0.0,0.0,0.0,0.0,0.0,0.0,0.0,0.0,0.0,0.0,0.0,0.1,0.0,0.0,0.0,,0.0,0.0,,,0.0,0.0,5.0,0.2,0,,0,1,5.0,4,3.0,0.0,0.0,0.0,0.0,-0.21,0.0,0.0,0.0,0.0,0.0,1.0,1.0,,,0.0,,,,,,,,,,,,,,,
FRA-Ligue 1,2324,Rennes,Lorenz Assignon,TOG,DF,23.0,2000.0,14.0,12.0,1011.0,11.2,1.0,1.0,2.0,1.0,0.0,0.0,4.0,0.0,0.09,0.09,0.18,0.09,0.18,11.2,1.0,11.0,4.0,36.4,0.98,0.36,0.09,0.25,0.0,0.0,72.0,33.0,12,82.0,8,2,16.0,2,1.14,15.0,14.0,1.0,0.09,-0.17,0.0,22.0,15.0,1.0,22.0,8.0,13.0,,,0.0,,,,,,,,,,,,,,,
FRA-Ligue 1,2324,Rennes,Lovro Majer,CRO,"FW,MF",25.0,1998.0,1.0,0.0,16.0,0.2,0.0,0.0,0.0,0.0,0.0,0.0,0.0,0.0,0.0,0.0,0.0,0.0,0.0,0.2,0.0,1.0,0.0,0.0,5.63,0.0,0.0,,0.0,0.0,16.0,0.5,0,,0,1,16.0,0,3.0,2.0,0.0,2.0,11.25,11.1,0.0,0.0,1.0,0.0,1.0,0.0,0.0,,,0.0,,,,,,,,,,,,,,,
FRA-Ligue 1,2324,Rennes,Ludovic Blas,FRA,"MF,FW",25.0,1997.0,29.0,18.0,1563.0,17.4,4.0,1.0,5.0,3.0,1.0,2.0,3.0,0.0,0.23,0.06,0.29,0.17,0.23,17.4,4.0,44.0,17.0,38.6,2.53,0.98,0.09,0.24,1.0,2.0,54.0,51.1,18,76.0,6,11,18.0,3,1.28,22.0,21.0,1.0,0.06,-0.3,0.0,44.0,34.0,3.0,53.0,6.0,14.0,,,0.0,,,,,,,,,,,,,,,
FRA-Ligue 1,2324,Rennes,Mahamadou Nagida,CMR,MF,18.0,2005.0,3.0,1.0,106.0,1.2,0.0,0.0,0.0,0.0,0.0,0.0,0.0,0.0,0.0,0.0,0.0,0.0,0.0,1.2,0.0,3.0,2.0,66.7,2.55,1.7,0.0,0.0,0.0,0.0,35.0,3.5,1,45.0,0,2,31.0,7,1.33,1.0,2.0,-1.0,-0.85,-1.09,0.0,0.0,2.0,0.0,12.0,4.0,1.0,,,0.0,,,,,,,,,,,,,,,
FRA-Ligue 1,2324,Rennes,Martin Terrier,FRA,"FW,MF",26.0,1997.0,24.0,19.0,1527.0,17.0,7.0,3.0,10.0,7.0,0.0,0.0,2.0,1.0,0.41,0.18,0.59,0.41,0.59,17.0,7.0,38.0,16.0,42.1,2.24,0.94,0.18,0.44,0.0,0.0,64.0,49.9,19,75.0,6,5,19.0,0,1.42,27.0,24.0,3.0,0.18,-0.06,0.0,13.0,28.0,8.0,6.0,9.0,10.0,,,0.0,,,,,,,,,,,,,,,
FRA-Ligue 1,2324,Rennes,Mathis Lambourde,FRA,FW,17.0,2006.0,1.0,0.0,10.0,0.1,0.0,0.0,0.0,0.0,0.0,0.0,0.0,0.0,0.0,0.0,0.0,0.0,0.0,0.1,0.0,0.0,0.0,,0.0,0.0,,,0.0,0.0,10.0,0.3,0,,0,1,10.0,11,1.0,1.0,0.0,1.0,9.0,8.82,0.0,0.0,1.0,0.0,0.0,0.0,0.0,,,0.0,,,,,,,,,,,,,,,
FRA-Ligue 1,2324,Rennes,Nemanja Matić,SRB,MF,34.0,1988.0,13.0,11.0,1027.0,11.4,0.0,0.0,0.0,0.0,0.0,0.0,7.0,0.0,0.0,0.0,0.0,0.0,0.0,11.4,0.0,5.0,1.0,20.0,0.44,0.09,0.0,0.0,0.0,0.0,79.0,33.6,11,88.0,8,2,32.0,0,1.0,11.0,14.0,-3.0,-0.26,-0.71,0.0,13.0,16.0,1.0,5.0,26.0,8.0,,,0.0,,,,,,,,,,,,,,,
FRA-Ligue 1,2324,Rennes,Steve Mandanda,FRA,GK,38.0,1985.0,34.0,34.0,3060.0,34.0,0.0,0.0,0.0,0.0,0.0,0.0,1.0,0.0,0.0,0.0,0.0,0.0,0.0,34.0,0.0,0.0,0.0,,0.0,0.0,,,0.0,0.0,90.0,100.0,34,90.0,34,0,,0,1.35,53.0,46.0,7.0,0.21,,0.0,1.0,7.0,0.0,0.0,0.0,0.0,,,1.0,46.0,1.35,151.0,105.0,69.5,12.0,10.0,12.0,7.0,20.6,3.0,3.0,0.0,0.0,0.0
FRA-Ligue 1,2324,Rennes,Warmed Omari,COM,DF,23.0,2000.0,25.0,23.0,2071.0,23.0,1.0,0.0,1.0,1.0,0.0,0.0,5.0,1.0,0.04,0.0,0.04,0.04,0.04,23.0,1.0,4.0,1.0,25.0,0.17,0.04,0.25,1.0,0.0,0.0,83.0,67.7,23,87.0,20,2,31.0,5,1.24,34.0,30.0,4.0,0.17,-0.1,0.0,20.0,12.0,0.0,0.0,35.0,20.0,,,2.0,,,,,,,,,,,,,,,
FRA-Ligue 1,2324,Strasbourg,Abakar Sylla,CIV,DF,20.0,2002.0,22.0,19.0,1792.0,19.9,2.0,0.0,2.0,2.0,0.0,0.0,4.0,0.0,0.1,0.0,0.1,0.1,0.1,19.9,2.0,11.0,5.0,45.5,0.55,0.25,0.18,0.4,0.0,0.0,81.0,58.6,19,88.0,16,3,42.0,9,1.18,24.0,32.0,-8.0,-0.4,-0.12,0.0,31.0,4.0,1.0,3.0,27.0,23.0,,,1.0,,,,,,,,,,,,,,,
FRA-Ligue 1,2324,Strasbourg,Aboubacar Ali,COM,FW,17.0,2006.0,9.0,1.0,130.0,1.4,0.0,1.0,1.0,0.0,0.0,0.0,0.0,0.0,0.0,0.69,0.69,0.0,0.69,1.4,0.0,4.0,2.0,50.0,2.77,1.38,0.0,0.0,0.0,0.0,14.0,4.2,1,59.0,0,8,9.0,2,1.33,1.0,4.0,-3.0,-2.08,-1.8,0.0,4.0,1.0,0.0,6.0,1.0,0.0,,,0.0,,,,,,,,,,,,,,,
FRA-Ligue 1,2324,Strasbourg,Alaa Bellaarouch,MAR,GK,21.0,2002.0,15.0,15.0,1350.0,15.0,0.0,0.0,0.0,0.0,0.0,0.0,1.0,0.0,0.0,0.0,0.0,0.0,0.0,15.0,0.0,0.0,0.0,,0.0,0.0,,,0.0,0.0,90.0,44.1,15,90.0,15,0,,19,0.93,18.0,26.0,-8.0,-0.53,-0.32,0.0,0.0,3.0,0.0,0.0,0.0,0.0,,,0.0,26.0,1.73,63.0,37.0,58.7,4.0,2.0,9.0,2.0,13.3,4.0,3.0,1.0,0.0,25.0
FRA-Ligue 1,2324,Strasbourg,Andrey Santos,BRA,MF,19.0,2004.0,11.0,9.0,831.0,9.2,1.0,0.0,1.0,1.0,0.0,0.0,4.0,0.0,0.11,0.0,0.11,0.11,0.11,9.2,1.0,12.0,4.0,33.3,1.3,0.43,0.08,0.25,0.0,0.0,76.0,27.2,9,88.0,7,2,18.0,2,1.18,12.0,11.0,1.0,0.11,0.63,0.0,10.0,24.0,1.0,3.0,10.0,19.0,,,0.0,,,,,,,,,,,,,,,
FRA-Ligue 1,2324,Strasbourg,Dilane Bakwa,FRA,"MF,FW",20.0,2002.0,31.0,25.0,2177.0,24.2,3.0,6.0,9.0,3.0,0.0,0.0,4.0,1.0,0.12,0.25,0.37,0.12,0.37,24.2,3.0,44.0,12.0,27.3,1.82,0.5,0.07,0.25,0.0,0.0,70.0,71.1,25,80.0,10,6,31.0,2,1.16,24.0,34.0,-10.0,-0.41,-0.21,0.0,31.0,76.0,3.0,155.0,18.0,25.0,,,0.0,,,,,,,,,,,,,,,
FRA-Ligue 1,2324,Strasbourg,Eduard Sobol,UKR,"DF,MF",28.0,1995.0,3.0,0.0,25.0,0.3,0.0,0.0,0.0,0.0,0.0,0.0,0.0,0.0,0.0,0.0,0.0,0.0,0.0,0.3,0.0,0.0,0.0,,0.0,0.0,,,0.0,0.0,8.0,0.8,0,,0,3,8.0,11,1.0,0.0,0.0,0.0,0.0,0.36,0.0,1.0,1.0,0.0,2.0,0.0,0.0,,,0.0,,,,,,,,,,,,,,,
FRA-Ligue 1,2324,Strasbourg,Emanuel Emegha,NED,FW,20.0,2003.0,28.0,23.0,2078.0,23.1,8.0,1.0,9.0,8.0,0.0,1.0,3.0,0.0,0.35,0.04,0.39,0.35,0.39,23.1,8.0,48.0,21.0,43.8,2.08,0.91,0.17,0.38,0.0,1.0,74.0,67.9,23,82.0,8,5,40.0,0,1.21,26.0,32.0,-6.0,-0.26,0.29,0.0,26.0,23.0,12.0,1.0,2.0,5.0,,,0.0,,,,,,,,,,,,,,,
FRA-Ligue 1,2324,Strasbourg,Frederic Guilbert,FRA,"DF,MF",28.0,1994.0,32.0,29.0,2490.0,27.7,2.0,0.0,2.0,2.0,0.0,0.0,3.0,0.0,0.07,0.0,0.07,0.07,0.07,27.7,2.0,21.0,5.0,23.8,0.76,0.18,0.1,0.4,0.0,0.0,78.0,81.4,29,85.0,23,3,10.0,1,1.22,31.0,42.0,-11.0,-0.4,-0.24,0.0,35.0,15.0,2.0,85.0,66.0,51.0,,,0.0,,,,,,,,,,,,,,,
FRA-Ligue 1,2324,Strasbourg,Gerzino Nyamsi,CMR,DF,26.0,1997.0,13.0,13.0,1092.0,12.1,0.0,0.0,0.0,0.0,0.0,0.0,1.0,0.0,0.0,0.0,0.0,0.0,0.0,12.1,0.0,7.0,3.0,42.9,0.58,0.25,0.0,0.0,0.0,0.0,84.0,35.7,13,84.0,12,0,,2,1.0,10.0,17.0,-7.0,-0.58,-0.35,0.0,13.0,0.0,0.0,1.0,10.0,15.0,,,0.0,,,,,,,,,,,,,,,
FRA-Ligue 1,2324,Strasbourg,Habib Diarra,SEN,"MF,FW",19.0,2004.0,31.0,28.0,2305.0,25.6,3.0,1.0,4.0,2.0,1.0,1.0,3.0,0.0,0.12,0.04,0.16,0.08,0.12,25.6,3.0,39.0,15.0,38.5,1.52,0.59,0.08,0.2,1.0,1.0,74.0,75.3,28,80.0,16,3,22.0,0,1.13,27.0,37.0,-10.0,-0.39,-0.15,0.0,40.0,42.0,1.0,22.0,15.0,24.0,,,0.0,,,,,,,,,,,,,,,
FRA-Ligue 1,2324,Strasbourg,Ibrahima Sissoko,MLI,MF,25.0,1997.0,27.0,18.0,1642.0,18.2,0.0,1.0,1.0,0.0,0.0,0.0,7.0,0.0,0.0,0.05,0.05,0.0,0.05,18.2,0.0,14.0,3.0,21.4,0.77,0.16,0.0,0.0,0.0,0.0,61.0,53.7,18,85.0,11,9,13.0,3,1.04,23.0,28.0,-5.0,-0.27,0.17,0.0,44.0,14.0,0.0,2.0,18.0,32.0,,,0.0,,,,,,,,,,,,,,,
FRA-Ligue 1,2324,Strasbourg,Ismaël Doukouré,FRA,"MF,DF",20.0,2003.0,22.0,19.0,1656.0,18.4,0.0,0.0,0.0,0.0,0.0,0.0,4.0,0.0,0.0,0.0,0.0,0.0,0.0,18.4,0.0,9.0,0.0,0.0,0.49,0.0,0.0,,0.0,0.0,75.0,54.1,19,82.0,12,3,33.0,5,1.0,17.0,30.0,-13.0,-0.71,-0.77,0.0,19.0,11.0,0.0,0.0,19.0,15.0,,,1.0,,,,,,,,,,,,,,,
FRA-Ligue 1,2324,Strasbourg,Jean-Ricner Bellegarde,HAI,"MF,FW",25.0,1998.0,3.0,3.0,269.0,3.0,2.0,2.0,4.0,2.0,0.0,0.0,2.0,0.0,0.67,0.67,1.34,0.67,1.34,3.0,2.0,5.0,3.0,60.0,1.67,1.0,0.4,0.67,0.0,0.0,90.0,8.8,3,90.0,2,0,,0,2.0,4.0,4.0,0.0,0.0,0.39,0.0,3.0,8.0,0.0,8.0,4.0,3.0,,,0.0,,,,,,,,,,,,,,,
FRA-Ligue 1,2324,Strasbourg,Jessy Deminguet,FRA,"MF,FW",25.0,1998.0,18.0,9.0,690.0,7.7,0.0,0.0,0.0,0.0,0.0,0.0,1.0,0.0,0.0,0.0,0.0,0.0,0.0,7.7,0.0,3.0,1.0,33.3,0.39,0.13,0.0,0.0,0.0,0.0,38.0,22.5,9,68.0,2,9,9.0,13,1.33,7.0,12.0,-5.0,-0.65,-0.39,0.0,16.0,9.0,1.0,9.0,8.0,8.0,,,0.0,,,,,,,,,,,,,,,
FRA-Ligue 1,2324,Strasbourg,Junior Mwanga,FRA,"MF,FW",20.0,2003.0,22.0,17.0,1450.0,16.1,1.0,1.0,2.0,1.0,0.0,0.0,3.0,0.0,0.06,0.06,0.12,0.06,0.12,16.1,1.0,20.0,4.0,20.0,1.24,0.25,0.05,0.25,0.0,0.0,66.0,47.4,17,81.0,6,5,16.0,7,1.05,17.0,28.0,-11.0,-0.68,-0.63,0.0,22.0,22.0,1.0,4.0,16.0,21.0,,,0.0,,,,,,,,,,,,,,,
FRA-Ligue 1,2324,Strasbourg,Jérémy Sebas,MTQ,"MF,FW",20.0,2003.0,14.0,2.0,399.0,4.4,2.0,0.0,2.0,2.0,0.0,0.0,0.0,0.0,0.45,0.0,0.45,0.45,0.45,4.4,2.0,7.0,4.0,57.1,1.58,0.9,0.29,0.5,0.0,0.0,29.0,13.0,2,76.0,1,12,21.0,2,1.5,8.0,4.0,4.0,0.9,1.44,0.0,5.0,4.0,0.0,4.0,1.0,1.0,,,0.0,,,,,,,,,,,,,,,
FRA-Ligue 1,2324,Strasbourg,Kévin Gameiro,FRA,"FW,MF",36.0,1987.0,27.0,15.0,1346.0,15.0,4.0,2.0,6.0,2.0,2.0,2.0,0.0,0.0,0.27,0.13,0.4,0.13,0.27,15.0,4.0,29.0,12.0,41.4,1.94,0.8,0.14,0.33,2.0,2.0,50.0,44.0,15,71.0,3,12,24.0,2,1.3,19.0,26.0,-7.0,-0.47,-0.21,0.0,3.0,6.0,3.0,10.0,3.0,10.0,,,0.0,,,,,,,,,,,,,,,
FRA-Ligue 1,2324,Strasbourg,Lebo Mothiba,RSA,FW,27.0,1996.0,15.0,5.0,617.0,6.9,3.0,0.0,3.0,3.0,0.0,0.0,0.0,0.0,0.44,0.0,0.44,0.44,0.44,6.9,3.0,16.0,7.0,43.8,2.33,1.02,0.19,0.43,0.0,0.0,41.0,20.2,5,78.0,2,10,23.0,1,1.33,11.0,8.0,3.0,0.44,0.99,0.0,13.0,11.0,4.0,1.0,0.0,2.0,,,0.0,,,,,,,,,,,,,,,
FRA-Ligue 1,2324,Strasbourg,Lucas Perrin,FRA,DF,24.0,1998.0,31.0,30.0,2723.0,30.3,0.0,1.0,1.0,0.0,0.0,0.0,3.0,0.0,0.0,0.03,0.03,0.0,0.03,30.3,0.0,12.0,3.0,25.0,0.4,0.1,0.0,0.0,0.0,0.0,88.0,89.0,30,90.0,29,1,24.0,3,1.06,33.0,44.0,-11.0,-0.36,-0.1,0.0,33.0,28.0,1.0,5.0,28.0,28.0,,,1.0,,,,,,,,,,,,,,,
FRA-Ligue 1,2324,Strasbourg,Marvin Senaya,GHA,"DF,MF",22.0,2001.0,32.0,23.0,2138.0,23.8,1.0,1.0,2.0,1.0,0.0,0.0,5.0,1.0,0.04,0.04,0.08,0.04,0.08,23.8,1.0,16.0,3.0,18.8,0.67,0.13,0.06,0.33,0.0,0.0,67.0,69.9,23,83.0,16,9,25.0,1,1.09,25.0,36.0,-11.0,-0.46,-0.37,1.0,36.0,51.0,0.0,78.0,39.0,51.0,,,0.0,,,,,,,,,,,,,,,
FRA-Ligue 1,2324,Strasbourg,Matz Sels,BEL,GK,31.0,1992.0,19.0,19.0,1710.0,19.0,0.0,0.0,0.0,0.0,0.0,0.0,2.0,0.0,0.0,0.0,0.0,0.0,0.0,19.0,0.0,0.0,0.0,,0.0,0.0,,,0.0,0.0,90.0,55.9,19,90.0,19,0,,0,1.32,20.0,24.0,-4.0,-0.21,0.32,0.0,0.0,3.0,0.0,0.0,0.0,0.0,,,0.0,24.0,1.26,65.0,41.0,63.1,6.0,7.0,6.0,3.0,15.8,1.0,1.0,0.0,0.0,0.0
FRA-Ligue 1,2324,Strasbourg,Mohamed Bechikh,FRA,FW,18.0,2005.0,2.0,0.0,14.0,0.2,0.0,0.0,0.0,0.0,0.0,0.0,0.0,0.0,0.0,0.0,0.0,0.0,0.0,0.2,0.0,0.0,0.0,,0.0,0.0,,,0.0,0.0,7.0,0.5,0,,0,2,7.0,5,0.0,0.0,0.0,0.0,0.0,0.35,0.0,0.0,0.0,0.0,0.0,0.0,0.0,,,0.0,,,,,,,,,,,,,,,
FRA-Ligue 1,2324,Strasbourg,Moïse Sahi Dion,CIV,"MF,FW",21.0,2001.0,18.0,7.0,628.0,7.0,3.0,1.0,4.0,3.0,0.0,0.0,0.0,0.0,0.43,0.14,0.57,0.43,0.57,7.0,3.0,24.0,7.0,29.2,3.44,1.0,0.13,0.43,0.0,0.0,35.0,20.5,7,61.0,0,11,18.0,4,1.06,7.0,12.0,-5.0,-0.72,-0.46,0.0,11.0,1.0,2.0,5.0,1.0,5.0,,,0.0,,,,,,,,,,,,,,,
FRA-Ligue 1,2324,Strasbourg,Patrick Ouotro,CIV,FW,17.0,2005.0,1.0,0.0,8.0,0.1,0.0,0.0,0.0,0.0,0.0,0.0,0.0,0.0,0.0,0.0,0.0,0.0,0.0,0.1,0.0,0.0,0.0,,0.0,0.0,,,0.0,0.0,8.0,0.3,0,,0,1,8.0,0,0.0,0.0,1.0,-1.0,-11.25,-10.93,0.0,0.0,0.0,0.0,0.0,0.0,0.0,,,0.0,,,,,,,,,,,,,,,
FRA-Ligue 1,2324,Strasbourg,Rabby Nzingoula,FRA,MF,17.0,2005.0,6.0,1.0,133.0,1.5,0.0,1.0,1.0,0.0,0.0,0.0,1.0,0.0,0.0,0.68,0.68,0.0,0.68,1.5,0.0,1.0,1.0,100.0,0.68,0.68,0.0,0.0,0.0,0.0,22.0,4.3,1,82.0,0,5,10.0,4,1.17,2.0,1.0,1.0,0.68,1.08,0.0,6.0,2.0,0.0,3.0,5.0,3.0,,,0.0,,,,,,,,,,,,,,,
FRA-Ligue 1,2324,Strasbourg,Saidou Sow,GUI,DF,21.0,2002.0,10.0,8.0,719.0,8.0,0.0,1.0,1.0,0.0,0.0,0.0,2.0,0.0,0.0,0.13,0.13,0.0,0.13,8.0,0.0,3.0,2.0,66.7,0.38,0.25,0.0,0.0,0.0,0.0,72.0,23.5,8,84.0,7,2,22.0,12,1.4,10.0,9.0,1.0,0.13,0.62,0.0,8.0,10.0,0.0,0.0,12.0,11.0,,,0.0,,,,,,,,,,,,,,,
FRA-Ligue 1,2324,Strasbourg,Sanjin Prcić,BIH,MF,29.0,1993.0,3.0,1.0,88.0,1.0,0.0,0.0,0.0,0.0,0.0,0.0,0.0,0.0,0.0,0.0,0.0,0.0,0.0,1.0,0.0,1.0,0.0,0.0,1.02,0.0,0.0,,0.0,0.0,29.0,2.9,1,80.0,0,2,4.0,4,2.0,2.0,0.0,2.0,2.05,2.47,0.0,0.0,1.0,0.0,0.0,3.0,0.0,,,0.0,,,,,,,,,,,,,,,
FRA-Ligue 1,2324,Strasbourg,Steven Baseya,FRA,DF,18.0,2005.0,2.0,0.0,6.0,0.1,0.0,0.0,0.0,0.0,0.0,0.0,0.0,0.0,0.0,0.0,0.0,0.0,0.0,0.1,0.0,0.0,0.0,,0.0,0.0,,,0.0,0.0,3.0,0.2,0,,0,2,3.0,10,2.0,0.0,0.0,0.0,0.0,0.35,0.0,0.0,0.0,0.0,0.0,0.0,1.0,,,0.0,,,,,,,,,,,,,,,
FRA-Ligue 1,2324,Strasbourg,Thomas Delaine,FRA,"MF,DF",31.0,1992.0,27.0,24.0,2044.0,22.7,1.0,1.0,2.0,1.0,0.0,0.0,5.0,0.0,0.04,0.04,0.09,0.04,0.09,22.7,1.0,12.0,2.0,16.7,0.53,0.09,0.08,0.5,0.0,0.0,76.0,66.8,24,83.0,11,3,20.0,3,1.15,28.0,31.0,-3.0,-0.13,0.67,0.0,40.0,20.0,1.0,104.0,17.0,20.0,,,0.0,,,,,,,,,,,,,,,
FRA-Ligue 1,2324,Strasbourg,Ângelo,BRA,"MF,FW",18.0,2004.0,21.0,11.0,1094.0,12.2,0.0,3.0,3.0,0.0,0.0,0.0,1.0,0.0,0.0,0.25,0.25,0.0,0.25,12.2,0.0,9.0,4.0,44.4,0.74,0.33,0.0,0.0,0.0,0.0,52.0,35.8,11,77.0,5,10,25.0,1,1.05,11.0,17.0,-6.0,-0.49,-0.22,0.0,12.0,22.0,2.0,42.0,9.0,12.0,,,0.0,,,,,,,,,,,,,,,
FRA-Ligue 1,2324,Toulouse,Aron Dønnum,NOR,"MF,FW",25.0,1998.0,27.0,19.0,1595.0,17.7,0.0,1.0,1.0,0.0,0.0,0.0,8.0,0.0,0.0,0.06,0.06,0.0,0.06,17.7,0.0,21.0,9.0,42.9,1.18,0.51,0.0,0.0,0.0,0.0,59.0,52.1,19,74.0,1,8,23.0,1,1.26,19.0,24.0,-5.0,-0.28,-0.34,0.0,31.0,36.0,4.0,29.0,8.0,11.0,,,0.0,,,,,,,,,,,,,,,
FRA-Ligue 1,2324,Toulouse,Christian Mawissa,FRA,"DF,MF",18.0,2005.0,17.0,12.0,1118.0,12.4,2.0,0.0,2.0,2.0,0.0,0.0,3.0,0.0,0.16,0.0,0.16,0.16,0.16,12.4,2.0,5.0,2.0,40.0,0.4,0.16,0.4,1.0,0.0,0.0,66.0,36.5,12,82.0,9,5,26.0,8,1.71,21.0,19.0,2.0,0.16,0.44,0.0,13.0,9.0,0.0,3.0,20.0,15.0,,,0.0,,,,,,,,,,,,,,,
FRA-Ligue 1,2324,Toulouse,Cristian Cásseres Jr.,VEN,MF,23.0,2000.0,32.0,23.0,1946.0,21.6,1.0,3.0,4.0,1.0,0.0,0.0,1.0,0.0,0.05,0.14,0.18,0.05,0.18,21.6,1.0,15.0,4.0,26.7,0.69,0.18,0.07,0.25,0.0,0.0,61.0,63.6,23,78.0,11,9,16.0,2,1.31,28.0,31.0,-3.0,-0.14,-0.06,0.0,42.0,36.0,0.0,22.0,27.0,35.0,,,0.0,,,,,,,,,,,,,,,
FRA-Ligue 1,2324,Toulouse,Denis Genreau,AUS,MF,24.0,1999.0,9.0,5.0,464.0,5.2,0.0,0.0,0.0,0.0,0.0,0.0,0.0,0.0,0.0,0.0,0.0,0.0,0.0,5.2,0.0,3.0,1.0,33.3,0.58,0.19,0.0,0.0,0.0,0.0,52.0,15.2,5,75.0,1,4,22.0,7,0.89,4.0,7.0,-3.0,-0.58,-0.55,0.0,9.0,9.0,0.0,7.0,6.0,9.0,,,0.0,,,,,,,,,,,,,,,
FRA-Ligue 1,2324,Toulouse,Fares Chaïbi,ALG,"FW,MF",20.0,2002.0,2.0,0.0,58.0,0.6,0.0,1.0,1.0,0.0,0.0,0.0,1.0,0.0,0.0,1.55,1.55,0.0,1.55,0.6,0.0,0.0,0.0,,0.0,0.0,,,0.0,0.0,29.0,1.9,0,,0,2,29.0,0,1.5,1.0,1.0,0.0,0.0,0.12,0.0,1.0,0.0,0.0,7.0,0.0,0.0,,,0.0,,,,,,,,,,,,,,,
FRA-Ligue 1,2324,Toulouse,Frank Magri,CMR,"FW,MF",23.0,1999.0,29.0,14.0,1438.0,16.0,5.0,2.0,7.0,5.0,0.0,0.0,5.0,0.0,0.31,0.13,0.44,0.31,0.44,16.0,5.0,41.0,14.0,34.1,2.57,0.88,0.12,0.36,0.0,0.0,50.0,47.0,14,80.0,5,15,21.0,0,1.24,18.0,21.0,-3.0,-0.19,-0.13,0.0,41.0,23.0,3.0,16.0,4.0,14.0,,,0.0,,,,,,,,,,,,,,,
FRA-Ligue 1,2324,Toulouse,Gabriel Suazo,CHI,"DF,MF",25.0,1997.0,31.0,27.0,2357.0,26.2,0.0,4.0,4.0,0.0,0.0,0.0,5.0,0.0,0.0,0.15,0.15,0.0,0.15,26.2,0.0,10.0,3.0,30.0,0.38,0.11,0.0,0.0,0.0,0.0,76.0,77.0,27,84.0,17,4,25.0,1,1.16,30.0,38.0,-8.0,-0.31,-0.82,0.0,23.0,29.0,3.0,100.0,25.0,32.0,,,0.0,,,,,,,,,,,,,,,
FRA-Ligue 1,2324,Toulouse,Gelabert,ESP,"MF,FW",22.0,2000.0,16.0,10.0,754.0,8.4,1.0,2.0,3.0,1.0,0.0,0.0,1.0,0.0,0.12,0.24,0.36,0.12,0.36,8.4,1.0,14.0,4.0,28.6,1.67,0.48,0.07,0.25,0.0,0.0,47.0,24.6,10,68.0,0,6,12.0,17,1.06,9.0,12.0,-3.0,-0.36,-0.32,0.0,10.0,14.0,0.0,9.0,4.0,8.0,,,0.0,,,,,,,,,,,,,,,
FRA-Ligue 1,2324,Toulouse,Guillaume Restes,FRA,GK,18.0,2005.0,34.0,34.0,3060.0,34.0,0.0,0.0,0.0,0.0,0.0,0.0,3.0,0.0,0.0,0.0,0.0,0.0,0.0,34.0,0.0,0.0,0.0,,0.0,0.0,,,0.0,0.0,90.0,100.0,34,90.0,34,0,,0,1.26,42.0,46.0,-4.0,-0.12,,0.0,1.0,11.0,0.0,0.0,0.0,0.0,,,0.0,46.0,1.35,142.0,96.0,67.6,11.0,10.0,13.0,6.0,17.6,4.0,4.0,0.0,0.0,0.0
FRA-Ligue 1,2324,Toulouse,Ibrahim Cissoko,NED,MF,20.0,2003.0,11.0,2.0,241.0,2.7,1.0,1.0,2.0,1.0,0.0,0.0,1.0,0.0,0.37,0.37,0.75,0.37,0.75,2.7,1.0,8.0,5.0,62.5,2.99,1.87,0.13,0.2,0.0,0.0,22.0,7.9,2,59.0,0,9,14.0,9,0.55,3.0,2.0,1.0,0.37,0.53,0.0,1.0,6.0,2.0,20.0,2.0,3.0,,,0.0,,,,,,,,,,,,,,,
FRA-Ligue 1,2324,Toulouse,Kévin Keben,CMR,"DF,MF",19.0,2004.0,8.0,7.0,521.0,5.8,0.0,0.0,0.0,0.0,0.0,0.0,1.0,0.0,0.0,0.0,0.0,0.0,0.0,5.8,0.0,1.0,0.0,0.0,0.17,0.0,0.0,,0.0,0.0,65.0,17.0,7,69.0,2,1,37.0,16,1.63,9.0,8.0,1.0,0.17,0.35,0.0,10.0,5.0,0.0,3.0,8.0,3.0,,,0.0,,,,,,,,,,,,,,,
FRA-Ligue 1,2324,Toulouse,Logan Costa,CPV,DF,22.0,2001.0,31.0,29.0,2650.0,29.4,1.0,1.0,2.0,1.0,0.0,0.0,6.0,0.0,0.03,0.03,0.07,0.03,0.07,29.4,1.0,14.0,4.0,28.6,0.48,0.14,0.07,0.25,0.0,0.0,85.0,86.6,29,89.0,28,2,32.0,0,1.19,37.0,37.0,0.0,0.0,0.88,0.0,38.0,10.0,1.0,13.0,24.0,24.0,,,0.0,,,,,,,,,,,,,,,
FRA-Ligue 1,2324,Toulouse,Mamady Bangré,BFA,MF,22.0,2001.0,8.0,0.0,101.0,1.1,0.0,1.0,1.0,0.0,0.0,0.0,2.0,0.0,0.0,0.89,0.89,0.0,0.89,1.1,0.0,3.0,0.0,0.0,2.67,0.0,0.0,,0.0,0.0,13.0,3.3,0,,0,8,13.0,6,0.75,1.0,1.0,0.0,0.0,0.12,0.0,3.0,1.0,1.0,4.0,4.0,3.0,,,0.0,,,,,,,,,,,,,,,
FRA-Ligue 1,2324,Toulouse,Mikkel Desler,DEN,"DF,MF",28.0,1995.0,24.0,19.0,1544.0,17.2,0.0,1.0,1.0,0.0,0.0,0.0,2.0,0.0,0.0,0.06,0.06,0.0,0.06,17.2,0.0,16.0,0.0,0.0,0.93,0.0,0.0,,0.0,0.0,64.0,50.5,19,75.0,8,5,24.0,2,1.21,19.0,21.0,-2.0,-0.12,0.0,0.0,17.0,20.0,1.0,30.0,18.0,11.0,,,0.0,,,,,,,,,,,,,,,
FRA-Ligue 1,2324,Toulouse,Moussa Diarra,MLI,DF,22.0,2000.0,22.0,15.0,1397.0,15.5,1.0,2.0,3.0,1.0,0.0,0.0,5.0,0.0,0.06,0.13,0.19,0.06,0.19,15.5,1.0,5.0,2.0,40.0,0.32,0.13,0.2,0.5,0.0,0.0,64.0,45.7,15,83.0,10,7,22.0,4,1.27,21.0,19.0,2.0,0.13,0.45,0.0,22.0,18.0,0.0,16.0,19.0,11.0,,,0.0,,,,,,,,,,,,,,,
FRA-Ligue 1,2324,Toulouse,Naatan Skyttä,FIN,MF,21.0,2002.0,8.0,0.0,120.0,1.3,0.0,0.0,0.0,0.0,0.0,0.0,0.0,0.0,0.0,0.0,0.0,0.0,0.0,1.3,0.0,5.0,2.0,40.0,3.75,1.5,0.0,0.0,0.0,0.0,15.0,3.9,0,,0,8,15.0,4,0.88,1.0,2.0,-1.0,-0.75,-0.66,0.0,1.0,2.0,0.0,2.0,0.0,4.0,,,0.0,,,,,,,,,,,,,,,
FRA-Ligue 1,2324,Toulouse,Niklas Schmidt,GER,MF,25.0,1998.0,22.0,15.0,1269.0,14.1,1.0,1.0,2.0,1.0,0.0,0.0,4.0,0.0,0.07,0.07,0.14,0.07,0.14,14.1,1.0,20.0,13.0,65.0,1.42,0.92,0.05,0.08,0.0,0.0,58.0,41.5,15,76.0,6,7,19.0,4,1.23,15.0,20.0,-5.0,-0.35,-0.4,0.0,16.0,10.0,0.0,50.0,6.0,22.0,,,0.0,,,,,,,,,,,,,,,
FRA-Ligue 1,2324,Toulouse,Rasmus Nicolaisen,DEN,DF,26.0,1997.0,33.0,33.0,2925.0,32.5,2.0,0.0,2.0,2.0,0.0,0.0,6.0,1.0,0.06,0.0,0.06,0.06,0.06,32.5,2.0,19.0,5.0,26.3,0.58,0.15,0.11,0.4,0.0,0.0,89.0,95.6,33,89.0,31,0,,0,1.21,39.0,44.0,-5.0,-0.15,-0.82,1.0,45.0,22.0,0.0,1.0,43.0,30.0,,,0.0,,,,,,,,,,,,,,,
FRA-Ligue 1,2324,Toulouse,Shavy Babicka,GAB,"MF,FW",23.0,2000.0,12.0,4.0,373.0,4.1,1.0,0.0,1.0,1.0,0.0,0.0,0.0,0.0,0.24,0.0,0.24,0.24,0.24,4.1,1.0,8.0,4.0,50.0,1.93,0.97,0.13,0.25,0.0,0.0,31.0,12.2,4,67.0,1,8,13.0,3,1.58,7.0,8.0,-1.0,-0.24,-0.14,0.0,5.0,4.0,1.0,12.0,0.0,8.0,,,0.0,,,,,,,,,,,,,,,
FRA-Ligue 1,2324,Toulouse,Stijn Spierings,NED,MF,27.0,1996.0,22.0,16.0,1516.0,16.8,0.0,1.0,1.0,0.0,0.0,0.0,5.0,0.0,0.0,0.06,0.06,0.0,0.06,16.8,0.0,11.0,1.0,9.1,0.65,0.06,0.0,0.0,0.0,0.0,69.0,49.5,16,86.0,12,6,24.0,3,1.14,18.0,20.0,-2.0,-0.12,0.0,0.0,41.0,19.0,0.0,11.0,22.0,40.0,,,0.0,,,,,,,,,,,,,,,
FRA-Ligue 1,2324,Toulouse,Thijs Dallinga,NED,FW,22.0,2000.0,33.0,28.0,2510.0,27.9,14.0,2.0,16.0,13.0,1.0,3.0,6.0,0.0,0.5,0.07,0.57,0.47,0.54,27.9,14.0,84.0,34.0,40.5,3.01,1.22,0.17,0.41,1.0,3.0,76.0,82.0,28,84.0,16,5,31.0,0,1.3,34.0,37.0,-3.0,-0.11,0.06,0.0,38.0,45.0,20.0,14.0,4.0,14.0,,,0.0,,,,,,,,,,,,,,,
FRA-Ligue 1,2324,Toulouse,Vincent Sierro,SUI,MF,27.0,1995.0,30.0,25.0,2261.0,25.1,6.0,2.0,8.0,2.0,4.0,5.0,8.0,0.0,0.24,0.08,0.32,0.08,0.16,25.1,6.0,36.0,11.0,30.6,1.43,0.44,0.17,0.55,4.0,5.0,75.0,73.9,25,85.0,16,5,26.0,2,1.33,32.0,33.0,-1.0,-0.04,0.3,0.0,51.0,48.0,3.0,111.0,25.0,26.0,,,0.0,,,,,,,,,,,,,,,
FRA-Ligue 1,2324,Toulouse,Warren Kamanzi,NOR,"MF,DF",22.0,2000.0,24.0,12.0,1187.0,13.2,0.0,3.0,3.0,0.0,0.0,0.0,1.0,0.0,0.0,0.23,0.23,0.0,0.23,13.2,0.0,6.0,0.0,0.0,0.45,0.0,0.0,,0.0,0.0,49.0,38.8,12,77.0,6,12,22.0,8,1.25,15.0,20.0,-5.0,-0.38,-0.43,0.0,12.0,13.0,0.0,20.0,8.0,25.0,,,0.0,,,,,,,,,,,,,,,
FRA-Ligue 1,2324,Toulouse,Yanis Begraoui,MAR,"FW,MF",22.0,2001.0,14.0,3.0,300.0,3.3,0.0,0.0,0.0,0.0,0.0,0.0,0.0,0.0,0.0,0.0,0.0,0.0,0.0,3.3,0.0,7.0,4.0,57.1,2.1,1.2,0.0,0.0,0.0,0.0,21.0,9.8,3,61.0,0,11,11.0,2,0.86,3.0,7.0,-4.0,-1.2,-1.2,0.0,5.0,7.0,1.0,7.0,4.0,2.0,,,0.0,,,,,,,,,,,,,,,
FRA-Ligue 1,2324,Toulouse,Yann Gboho,FRA,"MF,FW",22.0,2001.0,16.0,13.0,1193.0,13.3,3.0,2.0,5.0,3.0,0.0,0.0,1.0,0.0,0.23,0.15,0.38,0.23,0.38,13.3,3.0,23.0,8.0,34.8,1.74,0.6,0.13,0.38,0.0,0.0,75.0,39.0,13,85.0,4,3,29.0,0,1.63,23.0,17.0,6.0,0.45,0.93,0.0,9.0,37.0,2.0,14.0,4.0,4.0,,,0.0,,,,,,,,,,,,,,,
FRA-Ligue 1,2324,Toulouse,Zakaria Aboukhlal,MAR,"FW,MF",23.0,2000.0,13.0,9.0,754.0,8.4,3.0,0.0,3.0,2.0,1.0,1.0,2.0,0.0,0.36,0.0,0.36,0.24,0.24,8.4,3.0,28.0,8.0,28.6,3.34,0.95,0.11,0.38,1.0,1.0,58.0,24.6,9,74.0,1,4,21.0,0,1.54,11.0,10.0,1.0,0.12,0.31,0.0,16.0,15.0,8.0,5.0,1.0,8.0,,,0.0,,,,,,,,,,,,,,,
ITA-Serie A,2324,Atalanta,Ademola Lookman,NGA,"FW,MF",25.0,1997.0,31.0,22.0,1894.0,21.0,11.0,7.0,18.0,11.0,0.0,0.0,4.0,0.0,0.52,0.33,0.86,0.52,0.86,21.0,11.0,67.0,24.0,35.8,3.18,1.14,0.16,0.46,0.0,0.0,61.0,55.4,22,73.0,4,9,32.0,1,1.61,33.0,26.0,7.0,0.33,-1.02,0.0,28.0,34.0,12.0,69.0,9.0,15.0,,,0.0,,,,,,,,,,,,,,,
ITA-Serie A,2324,Atalanta,Aleksei Miranchuk,RUS,"MF,FW",27.0,1995.0,27.0,12.0,1176.0,13.1,3.0,5.0,8.0,3.0,0.0,0.0,1.0,0.0,0.23,0.38,0.61,0.23,0.61,13.1,3.0,38.0,22.0,57.9,2.91,1.68,0.08,0.14,0.0,0.0,44.0,34.4,12,76.0,4,15,18.0,8,1.96,24.0,10.0,14.0,1.07,0.43,0.0,12.0,31.0,3.0,83.0,3.0,6.0,,,0.0,,,,,,,,,,,,,,,
ITA-Serie A,2324,Atalanta,Berat Djimsiti,ALB,DF,30.0,1993.0,37.0,32.0,2832.0,31.5,0.0,1.0,1.0,0.0,0.0,0.0,5.0,0.0,0.0,0.03,0.03,0.0,0.03,31.5,0.0,13.0,0.0,0.0,0.41,0.0,0.0,,0.0,0.0,77.0,82.8,32,85.0,28,5,21.0,1,1.86,60.0,32.0,28.0,0.89,0.58,0.0,17.0,11.0,0.0,6.0,59.0,24.0,,,0.0,,,,,,,,,,,,,,,
ITA-Serie A,2324,Atalanta,Charles De Ketelaere,BEL,"FW,MF",22.0,2001.0,35.0,25.0,2026.0,22.5,10.0,8.0,18.0,9.0,1.0,1.0,1.0,0.0,0.44,0.36,0.8,0.4,0.76,22.5,10.0,45.0,25.0,55.6,2.0,1.11,0.22,0.4,1.0,1.0,58.0,59.2,25,68.0,1,10,33.0,1,1.77,48.0,27.0,21.0,0.93,0.35,0.0,17.0,47.0,6.0,47.0,6.0,21.0,,,1.0,,,,,,,,,,,,,,,
ITA-Serie A,2324,Atalanta,Davide Zappacosta,ITA,MF,31.0,1992.0,31.0,23.0,1867.0,20.7,2.0,1.0,3.0,2.0,0.0,0.0,5.0,0.0,0.1,0.05,0.14,0.1,0.14,20.7,2.0,37.0,10.0,27.0,1.78,0.48,0.05,0.2,0.0,0.0,60.0,54.6,23,71.0,6,8,29.0,5,1.81,36.0,21.0,15.0,0.72,-0.15,0.0,26.0,15.0,2.0,75.0,5.0,21.0,,,0.0,,,,,,,,,,,,,,,
ITA-Serie A,2324,Atalanta,Duván Zapata,COL,FW,32.0,1991.0,2.0,2.0,112.0,1.2,1.0,0.0,1.0,1.0,0.0,0.0,0.0,0.0,0.8,0.0,0.8,0.8,0.8,1.2,1.0,5.0,3.0,60.0,4.02,2.41,0.2,0.33,0.0,0.0,56.0,3.3,2,56.0,0,0,,0,1.5,1.0,2.0,-1.0,-0.8,-1.65,0.0,1.0,4.0,1.0,6.0,0.0,0.0,,,0.0,,,,,,,,,,,,,,,
ITA-Serie A,2324,Atalanta,El Bilal Touré,MLI,FW,21.0,2001.0,11.0,3.0,394.0,4.4,2.0,0.0,2.0,2.0,0.0,0.0,2.0,0.0,0.46,0.0,0.46,0.46,0.46,4.4,2.0,12.0,5.0,41.7,2.74,1.14,0.17,0.4,0.0,0.0,36.0,11.5,3,75.0,2,8,21.0,8,2.18,6.0,3.0,3.0,0.69,-0.12,0.0,13.0,8.0,3.0,2.0,1.0,1.0,,,0.0,,,,,,,,,,,,,,,
ITA-Serie A,2324,Atalanta,Emil Holm,SWE,MF,23.0,2000.0,22.0,12.0,947.0,10.5,1.0,1.0,2.0,1.0,0.0,0.0,5.0,0.0,0.1,0.1,0.19,0.1,0.19,10.5,1.0,26.0,8.0,30.8,2.47,0.76,0.04,0.13,0.0,0.0,43.0,27.7,12,63.0,2,10,19.0,8,1.86,23.0,12.0,11.0,1.05,0.35,0.0,14.0,21.0,1.0,34.0,7.0,20.0,,,0.0,,,,,,,,,,,,,,,
ITA-Serie A,2324,Atalanta,Francesco Rossi,ITA,GK,32.0,1991.0,1.0,0.0,5.0,0.1,0.0,0.0,0.0,0.0,0.0,0.0,0.0,0.0,0.0,0.0,0.0,0.0,0.0,0.1,0.0,0.0,0.0,,0.0,0.0,,,0.0,0.0,5.0,0.1,0,,0,1,5.0,34,3.0,0.0,0.0,0.0,0.0,-0.79,0.0,0.0,0.0,0.0,0.0,0.0,0.0,,,0.0,0.0,0.0,1.0,1.0,100.0,0.0,0.0,0.0,1.0,,0.0,0.0,0.0,0.0,
ITA-Serie A,2324,Atalanta,Gianluca Scamacca,ITA,FW,24.0,1999.0,29.0,17.0,1453.0,16.1,12.0,6.0,18.0,12.0,0.0,0.0,1.0,0.0,0.74,0.37,1.11,0.74,1.11,16.1,12.0,60.0,26.0,43.3,3.72,1.61,0.2,0.46,0.0,0.0,50.0,42.5,17,66.0,1,12,28.0,3,1.72,37.0,12.0,25.0,1.55,1.32,0.0,28.0,28.0,9.0,5.0,4.0,9.0,,,0.0,,,,,,,,,,,,,,,
ITA-Serie A,2324,Atalanta,Giorgio Scalvini,ITA,DF,19.0,2003.0,33.0,31.0,2544.0,28.3,1.0,3.0,4.0,1.0,0.0,0.0,3.0,0.0,0.04,0.11,0.14,0.04,0.14,28.3,1.0,19.0,6.0,31.6,0.67,0.21,0.05,0.17,0.0,0.0,77.0,74.4,31,81.0,18,2,15.0,0,1.85,55.0,33.0,22.0,0.78,-0.04,0.0,48.0,11.0,4.0,5.0,57.0,30.0,,,0.0,,,,,,,,,,,,,,,
ITA-Serie A,2324,Atalanta,Giovanni Bonfanti,ITA,DF,20.0,2003.0,2.0,1.0,89.0,1.0,0.0,0.0,0.0,0.0,0.0,0.0,0.0,0.0,0.0,0.0,0.0,0.0,0.0,1.0,0.0,1.0,0.0,0.0,1.01,0.0,0.0,,0.0,0.0,45.0,2.6,1,74.0,0,1,15.0,18,1.5,2.0,1.0,1.0,1.01,0.23,0.0,2.0,1.0,0.0,2.0,1.0,2.0,,,0.0,,,,,,,,,,,,,,,
ITA-Serie A,2324,Atalanta,Hans Hateboer,NED,MF,29.0,1994.0,23.0,10.0,1113.0,12.4,0.0,1.0,1.0,0.0,0.0,0.0,5.0,0.0,0.0,0.08,0.08,0.0,0.08,12.4,0.0,11.0,3.0,27.3,0.89,0.24,0.0,0.0,0.0,0.0,48.0,32.5,10,77.0,7,13,26.0,7,1.83,24.0,16.0,8.0,0.65,-0.21,0.0,16.0,3.0,0.0,35.0,4.0,5.0,,,0.0,,,,,,,,,,,,,,,
ITA-Serie A,2324,Atalanta,Isak Hien,SWE,DF,24.0,1999.0,16.0,9.0,937.0,10.4,0.0,1.0,1.0,0.0,0.0,0.0,3.0,0.0,0.0,0.1,0.1,0.0,0.1,10.4,0.0,4.0,2.0,50.0,0.38,0.19,0.0,0.0,0.0,0.0,59.0,27.4,9,90.0,9,7,18.0,1,1.94,22.0,11.0,11.0,1.06,0.37,0.0,18.0,9.0,2.0,0.0,14.0,12.0,,,0.0,,,,,,,,,,,,,,,
ITA-Serie A,2324,Atalanta,José Luis Palomino,ARG,DF,33.0,1990.0,4.0,0.0,27.0,0.3,0.0,0.0,0.0,0.0,0.0,0.0,0.0,0.0,0.0,0.0,0.0,0.0,0.0,0.3,0.0,0.0,0.0,,0.0,0.0,,,0.0,0.0,7.0,0.8,0,,0,4,7.0,9,2.5,0.0,0.0,0.0,0.0,-0.8,0.0,0.0,0.0,0.0,0.0,1.0,1.0,,,0.0,,,,,,,,,,,,,,,
ITA-Serie A,2324,Atalanta,Juan Musso,ARG,GK,29.0,1994.0,11.0,11.0,990.0,11.0,0.0,0.0,0.0,0.0,0.0,0.0,0.0,0.0,0.0,0.0,0.0,0.0,0.0,11.0,0.0,0.0,0.0,,0.0,0.0,,,0.0,0.0,90.0,28.9,11,90.0,11,0,,27,1.73,19.0,12.0,7.0,0.64,-0.22,0.0,1.0,0.0,0.0,0.0,0.0,0.0,,,0.0,12.0,1.09,35.0,23.0,65.7,6.0,1.0,4.0,6.0,54.5,2.0,2.0,0.0,0.0,0.0
ITA-Serie A,2324,Atalanta,Leonardo Mendicino,ITA,MF,17.0,2006.0,1.0,0.0,1.0,0.0,0.0,0.0,0.0,0.0,0.0,0.0,0.0,0.0,0.0,0.0,0.0,0.0,0.0,0.0,0.0,0.0,0.0,,0.0,0.0,,,0.0,0.0,1.0,0.0,0,,0,1,1.0,7,3.0,0.0,0.0,0.0,0.0,-0.79,0.0,0.0,0.0,0.0,0.0,0.0,0.0,,,0.0,,,,,,,,,,,,,,,
ITA-Serie A,2324,Atalanta,Luis Muriel,COL,FW,32.0,1991.0,18.0,2.0,409.0,4.5,2.0,1.0,3.0,2.0,0.0,0.0,0.0,0.0,0.44,0.22,0.66,0.44,0.66,4.5,2.0,23.0,9.0,39.1,5.06,1.98,0.09,0.22,0.0,0.0,23.0,12.0,2,55.0,0,16,19.0,4,1.78,7.0,7.0,0.0,0.0,-0.9,0.0,6.0,14.0,1.0,31.0,1.0,2.0,,,0.0,,,,,,,,,,,,,,,
ITA-Serie A,2324,Atalanta,Marco Carnesecchi,ITA,GK,23.0,2000.0,27.0,27.0,2425.0,26.9,0.0,0.0,0.0,0.0,0.0,0.0,0.0,0.0,0.0,0.0,0.0,0.0,0.0,26.9,0.0,0.0,0.0,,0.0,0.0,,,0.0,0.0,90.0,70.9,27,90.0,26,0,,11,1.85,53.0,30.0,23.0,0.85,0.22,0.0,1.0,2.0,0.0,0.0,0.0,0.0,,,0.0,30.0,1.11,101.0,76.0,70.3,15.0,5.0,7.0,8.0,29.6,7.0,4.0,2.0,1.0,33.3
ITA-Serie A,2324,Atalanta,Mario Pašalić,CRO,MF,28.0,1995.0,34.0,23.0,2051.0,22.8,6.0,6.0,12.0,4.0,2.0,2.0,3.0,0.0,0.26,0.26,0.53,0.18,0.44,22.8,6.0,40.0,18.0,45.0,1.76,0.79,0.15,0.33,2.0,2.0,60.0,60.0,23,78.0,13,11,23.0,4,1.91,47.0,29.0,18.0,0.79,0.0,0.0,20.0,7.0,6.0,10.0,17.0,16.0,,,0.0,,,,,,,,,,,,,,,
ITA-Serie A,2324,Atalanta,Marten de Roon,NED,"MF,DF",32.0,1991.0,30.0,29.0,2599.0,28.9,0.0,5.0,5.0,0.0,0.0,0.0,10.0,0.0,0.0,0.17,0.17,0.0,0.17,28.9,0.0,16.0,3.0,18.8,0.55,0.1,0.0,0.0,0.0,0.0,87.0,76.0,29,89.0,28,1,23.0,3,1.93,56.0,29.0,27.0,0.93,0.61,0.0,43.0,24.0,3.0,17.0,36.0,44.0,,,0.0,,,,,,,,,,,,,,,
ITA-Serie A,2324,Atalanta,Matteo Ruggeri,ITA,MF,21.0,2002.0,34.0,28.0,2449.0,27.2,0.0,4.0,4.0,0.0,0.0,0.0,3.0,0.0,0.0,0.15,0.15,0.0,0.15,27.2,0.0,12.0,4.0,33.3,0.44,0.15,0.0,0.0,0.0,0.0,72.0,71.6,28,80.0,7,6,33.0,3,1.82,54.0,31.0,23.0,0.85,0.2,0.0,21.0,9.0,2.0,101.0,22.0,15.0,,,0.0,,,,,,,,,,,,,,,
ITA-Serie A,2324,Atalanta,Michel Ndary Adopo,FRA,MF,23.0,2000.0,10.0,0.0,109.0,1.2,0.0,1.0,1.0,0.0,0.0,0.0,0.0,0.0,0.0,0.83,0.83,0.0,0.83,1.2,0.0,1.0,1.0,100.0,0.83,0.83,0.0,0.0,0.0,0.0,11.0,3.2,0,,0,10,11.0,26,2.1,3.0,3.0,0.0,0.0,-0.82,0.0,2.0,1.0,1.0,1.0,0.0,3.0,,,0.0,,,,,,,,,,,,,,,
ITA-Serie A,2324,Atalanta,Mitchel Bakker,NED,MF,23.0,2000.0,14.0,3.0,382.0,4.2,1.0,0.0,1.0,1.0,0.0,0.0,1.0,0.0,0.24,0.0,0.24,0.24,0.24,4.2,1.0,5.0,1.0,20.0,1.18,0.24,0.2,1.0,0.0,0.0,27.0,11.2,3,51.0,0,11,21.0,22,1.29,2.0,7.0,-5.0,-1.18,-2.21,0.0,4.0,4.0,1.0,13.0,3.0,4.0,,,0.0,,,,,,,,,,,,,,,
ITA-Serie A,2324,Atalanta,Nadir Zortea,ITA,"DF,MF",24.0,1999.0,5.0,0.0,149.0,1.7,1.0,0.0,1.0,1.0,0.0,0.0,1.0,0.0,0.6,0.0,0.6,0.6,0.6,1.7,1.0,2.0,1.0,50.0,1.21,0.6,0.5,1.0,0.0,0.0,30.0,4.4,0,,0,5,30.0,14,1.4,4.0,1.0,3.0,1.81,1.07,0.0,4.0,2.0,0.0,12.0,1.0,4.0,,,0.0,,,,,,,,,,,,,,,
ITA-Serie A,2324,Atalanta,Rafael Tolói,ITA,DF,32.0,1990.0,18.0,10.0,965.0,10.7,0.0,0.0,0.0,0.0,0.0,0.0,6.0,1.0,0.0,0.0,0.0,0.0,0.0,10.7,0.0,3.0,0.0,0.0,0.28,0.0,0.0,,0.0,0.0,54.0,28.2,10,82.0,6,8,18.0,8,1.89,21.0,12.0,9.0,0.84,0.07,1.0,17.0,4.0,0.0,8.0,11.0,10.0,,,0.0,,,,,,,,,,,,,,,
ITA-Serie A,2324,Atalanta,Sead Kolašinac,BIH,DF,30.0,1993.0,30.0,25.0,2178.0,24.2,1.0,0.0,1.0,1.0,0.0,0.0,4.0,0.0,0.04,0.0,0.04,0.04,0.04,24.2,1.0,13.0,5.0,38.5,0.54,0.21,0.08,0.2,0.0,0.0,73.0,63.7,25,83.0,16,5,23.0,2,1.77,45.0,23.0,22.0,0.91,0.33,0.0,29.0,20.0,1.0,9.0,20.0,32.0,,,0.0,,,,,,,,,,,,,,,
ITA-Serie A,2324,Atalanta,Teun Koopmeiners,NED,MF,25.0,1998.0,34.0,29.0,2627.0,29.2,12.0,5.0,17.0,10.0,2.0,2.0,5.0,0.0,0.41,0.17,0.58,0.34,0.51,29.2,12.0,54.0,20.0,37.0,1.85,0.69,0.22,0.6,2.0,2.0,77.0,76.8,29,85.0,19,5,33.0,0,1.68,55.0,34.0,21.0,0.72,-0.3,0.0,53.0,23.0,5.0,120.0,9.0,27.0,,,0.0,,,,,,,,,,,,,,,
ITA-Serie A,2324,Atalanta,Éderson Silva,BRA,MF,24.0,1999.0,36.0,32.0,2869.0,31.9,6.0,1.0,7.0,6.0,0.0,0.0,8.0,0.0,0.19,0.03,0.22,0.19,0.22,31.9,6.0,38.0,11.0,28.9,1.19,0.35,0.16,0.55,0.0,0.0,80.0,83.9,32,85.0,24,4,38.0,1,1.75,54.0,38.0,16.0,0.5,-1.78,0.0,45.0,34.0,0.0,18.0,39.0,48.0,,,0.0,,,,,,,,,,,,,,,
ITA-Serie A,2324,Bologna,Alexis Saelemaekers,BEL,MF,24.0,1999.0,30.0,21.0,1887.0,21.0,4.0,2.0,6.0,4.0,0.0,0.0,7.0,1.0,0.19,0.1,0.29,0.19,0.29,21.0,4.0,29.0,10.0,34.5,1.38,0.48,0.14,0.4,0.0,0.0,63.0,55.2,21,76.0,7,9,32.0,1,1.87,31.0,18.0,13.0,0.62,0.09,1.0,16.0,58.0,2.0,86.0,14.0,22.0,,,0.0,,,,,,,,,,,,,,,
ITA-Serie A,2324,Bologna,Babis Lykogiannis,GRE,DF,29.0,1993.0,22.0,10.0,904.0,10.0,2.0,1.0,3.0,2.0,0.0,0.0,2.0,0.0,0.2,0.1,0.3,0.2,0.3,10.0,2.0,15.0,4.0,26.7,1.49,0.4,0.13,0.5,0.0,0.0,41.0,26.4,10,74.0,3,12,14.0,15,1.73,16.0,11.0,5.0,0.5,-0.11,0.0,12.0,0.0,2.0,58.0,5.0,6.0,,,0.0,,,,,,,,,,,,,,,
ITA-Serie A,2324,Bologna,Dan Ndoye,SUI,"MF,FW",22.0,2000.0,32.0,20.0,1771.0,19.7,1.0,1.0,2.0,1.0,0.0,0.0,4.0,0.0,0.05,0.05,0.1,0.05,0.1,19.7,1.0,41.0,16.0,39.0,2.08,0.81,0.02,0.06,0.0,0.0,55.0,51.8,20,76.0,4,12,21.0,1,1.97,30.0,13.0,17.0,0.86,0.59,0.0,29.0,56.0,7.0,47.0,10.0,15.0,,,0.0,,,,,,,,,,,,,,,
ITA-Serie A,2324,Bologna,Federico Ravaglia,ITA,GK,23.0,1999.0,6.0,6.0,535.0,5.9,0.0,0.0,0.0,0.0,0.0,0.0,0.0,0.0,0.0,0.0,0.0,0.0,0.0,5.9,0.0,0.0,0.0,,0.0,0.0,,,0.0,0.0,89.0,15.6,6,89.0,5,0,,32,2.17,10.0,3.0,7.0,1.18,0.71,0.0,0.0,0.0,0.0,0.0,0.0,0.0,,,0.0,3.0,0.5,16.0,13.0,81.3,4.0,1.0,1.0,4.0,66.7,1.0,0.0,1.0,0.0,100.0
ITA-Serie A,2324,Bologna,Giovanni Fabbian,ITA,MF,20.0,2003.0,27.0,11.0,1057.0,11.7,5.0,2.0,7.0,5.0,0.0,0.0,4.0,0.0,0.43,0.17,0.6,0.43,0.6,11.7,5.0,28.0,10.0,35.7,2.38,0.85,0.18,0.5,0.0,0.0,39.0,30.9,11,73.0,2,16,16.0,11,2.0,17.0,12.0,5.0,0.43,-0.22,0.0,16.0,18.0,2.0,5.0,7.0,9.0,,,0.0,,,,,,,,,,,,,,,
ITA-Serie A,2324,Bologna,Jens Odgaard,DEN,"MF,FW",24.0,1999.0,10.0,5.0,431.0,4.8,2.0,0.0,2.0,2.0,0.0,0.0,1.0,0.0,0.42,0.0,0.42,0.42,0.42,4.8,2.0,11.0,2.0,18.2,2.3,0.42,0.18,1.0,0.0,0.0,43.0,12.6,5,67.0,0,5,19.0,3,2.0,9.0,1.0,8.0,1.67,1.25,0.0,14.0,11.0,7.0,8.0,1.0,4.0,,,0.0,,,,,,,,,,,,,,,
ITA-Serie A,2324,Bologna,Jesper Karlsson,SWE,MF,25.0,1998.0,7.0,4.0,344.0,3.8,0.0,0.0,0.0,0.0,0.0,0.0,0.0,0.0,0.0,0.0,0.0,0.0,0.0,3.8,0.0,6.0,4.0,66.7,1.57,1.05,0.0,0.0,0.0,0.0,49.0,10.1,4,71.0,0,3,20.0,19,1.43,1.0,2.0,-1.0,-0.26,-0.93,0.0,4.0,1.0,1.0,25.0,3.0,3.0,,,0.0,,,,,,,,,,,,,,,
ITA-Serie A,2324,Bologna,Jhon Lucumí,COL,DF,25.0,1998.0,29.0,23.0,2217.0,24.6,0.0,0.0,0.0,0.0,0.0,0.0,1.0,0.0,0.0,0.0,0.0,0.0,0.0,24.6,0.0,11.0,2.0,18.2,0.45,0.08,0.0,0.0,0.0,0.0,76.0,64.8,23,89.0,22,6,29.0,4,1.62,30.0,18.0,12.0,0.49,-0.26,0.0,10.0,18.0,1.0,1.0,15.0,29.0,,,0.0,,,,,,,,,,,,,,,
ITA-Serie A,2324,Bologna,Joshua Zirkzee,NED,FW,22.0,2001.0,34.0,32.0,2759.0,30.7,11.0,4.0,15.0,9.0,2.0,2.0,8.0,0.0,0.36,0.13,0.49,0.29,0.42,30.7,11.0,86.0,31.0,36.0,2.81,1.01,0.13,0.35,2.0,2.0,81.0,80.7,32,84.0,15,2,30.0,0,1.88,44.0,25.0,19.0,0.62,0.21,0.0,29.0,27.0,5.0,8.0,3.0,20.0,,,0.0,,,,,,,,,,,,,,,
ITA-Serie A,2324,Bologna,Kacper Urbanski,POL,"MF,FW",18.0,2004.0,22.0,9.0,926.0,10.3,0.0,1.0,1.0,0.0,0.0,0.0,2.0,0.0,0.0,0.1,0.1,0.0,0.1,10.3,0.0,17.0,6.0,35.3,1.65,0.58,0.0,0.0,0.0,0.0,42.0,27.1,9,72.0,2,13,21.0,16,1.91,15.0,10.0,5.0,0.49,-0.13,0.0,11.0,11.0,3.0,21.0,4.0,9.0,,,0.0,,,,,,,,,,,,,,,
ITA-Serie A,2324,Bologna,Kevin Bonifazi,ITA,DF,27.0,1996.0,1.0,1.0,90.0,1.0,0.0,0.0,0.0,0.0,0.0,0.0,0.0,0.0,0.0,0.0,0.0,0.0,0.0,1.0,0.0,0.0,0.0,,0.0,0.0,,,0.0,0.0,90.0,2.6,1,90.0,1,0,,13,1.0,1.0,1.0,0.0,0.0,-0.59,0.0,1.0,1.0,0.0,0.0,0.0,0.0,,,0.0,,,,,,,,,,,,,,,
ITA-Serie A,2324,Bologna,Lewis Ferguson,SCO,MF,23.0,1999.0,31.0,31.0,2712.0,30.1,6.0,3.0,9.0,6.0,0.0,0.0,8.0,0.0,0.2,0.1,0.3,0.2,0.3,30.1,6.0,59.0,20.0,33.9,1.96,0.66,0.1,0.3,0.0,0.0,87.0,79.3,31,87.0,25,0,,0,1.87,41.0,24.0,17.0,0.56,-0.07,0.0,51.0,72.0,4.0,11.0,15.0,22.0,,,0.0,,,,,,,,,,,,,,,
ITA-Serie A,2324,Bologna,Lorenzo De Silvestri,ITA,DF,35.0,1988.0,15.0,7.0,674.0,7.5,2.0,0.0,2.0,2.0,0.0,0.0,0.0,0.0,0.27,0.0,0.27,0.27,0.27,7.5,2.0,4.0,2.0,50.0,0.53,0.27,0.5,1.0,0.0,0.0,45.0,19.7,7,70.0,0,8,23.0,20,1.87,11.0,7.0,4.0,0.53,-0.06,0.0,3.0,6.0,0.0,9.0,6.0,9.0,,,0.0,,,,,,,,,,,,,,,
ITA-Serie A,2324,Bologna,Michel Aebischer,SUI,MF,26.0,1997.0,36.0,26.0,2230.0,24.8,0.0,1.0,1.0,0.0,0.0,0.0,8.0,0.0,0.0,0.04,0.04,0.0,0.04,24.8,0.0,18.0,5.0,27.8,0.73,0.2,0.0,0.0,0.0,0.0,62.0,65.2,26,79.0,13,10,17.0,1,1.81,29.0,20.0,9.0,0.36,-0.62,0.0,36.0,30.0,0.0,12.0,11.0,20.0,,,0.0,,,,,,,,,,,,,,,
ITA-Serie A,2324,Bologna,Nicola Bagnolini,ITA,GK,19.0,2004.0,1.0,0.0,5.0,0.1,0.0,0.0,0.0,0.0,0.0,0.0,0.0,0.0,0.0,0.0,0.0,0.0,0.0,0.1,0.0,0.0,0.0,,0.0,0.0,,,0.0,0.0,5.0,0.1,0,,0,1,5.0,29,0.0,0.0,0.0,0.0,0.0,-0.58,0.0,0.0,0.0,0.0,0.0,0.0,0.0,,,0.0,0.0,0.0,1.0,1.0,100.0,0.0,0.0,0.0,0.0,,0.0,0.0,0.0,0.0,
ITA-Serie A,2324,Bologna,Nicolás Domínguez,ARG,MF,25.0,1998.0,2.0,1.0,102.0,1.1,0.0,0.0,0.0,0.0,0.0,0.0,0.0,0.0,0.0,0.0,0.0,0.0,0.0,1.1,0.0,0.0,0.0,,0.0,0.0,,,0.0,0.0,51.0,3.0,1,71.0,0,1,31.0,0,0.5,0.0,3.0,-3.0,-2.65,-3.33,0.0,3.0,0.0,0.0,0.0,0.0,0.0,,,0.0,,,,,,,,,,,,,,,
ITA-Serie A,2324,Bologna,Nikola Moro,CRO,"MF,FW",25.0,1998.0,23.0,10.0,840.0,9.3,1.0,0.0,1.0,1.0,0.0,0.0,0.0,0.0,0.11,0.0,0.11,0.11,0.11,9.3,1.0,11.0,1.0,9.1,1.18,0.11,0.09,1.0,0.0,0.0,37.0,24.6,10,62.0,1,13,17.0,15,1.61,13.0,12.0,1.0,0.11,-0.63,0.0,12.0,9.0,0.0,13.0,7.0,17.0,,,0.0,,,,,,,,,,,,,,,
ITA-Serie A,2324,Bologna,Oussama El Azzouzi,MAR,MF,22.0,2001.0,18.0,5.0,547.0,6.1,2.0,2.0,4.0,2.0,0.0,0.0,4.0,0.0,0.33,0.33,0.66,0.33,0.66,6.1,2.0,2.0,2.0,100.0,0.33,0.33,1.0,1.0,0.0,0.0,30.0,16.0,5,75.0,2,13,13.0,11,1.78,8.0,7.0,1.0,0.16,-0.49,0.0,14.0,7.0,1.0,2.0,5.0,8.0,,,0.0,,,,,,,,,,,,,,,
ITA-Serie A,2324,Bologna,Remo Freuler,SUI,MF,31.0,1992.0,32.0,30.0,2624.0,29.2,1.0,1.0,2.0,1.0,0.0,0.0,9.0,0.0,0.03,0.03,0.07,0.03,0.07,29.2,1.0,14.0,4.0,28.6,0.48,0.14,0.07,0.25,0.0,0.0,82.0,76.7,30,85.0,20,2,35.0,2,1.88,46.0,23.0,23.0,0.79,0.9,0.0,44.0,15.0,0.0,8.0,34.0,50.0,,,0.0,,,,,,,,,,,,,,,
ITA-Serie A,2324,Bologna,Riccardo Calafiori,ITA,DF,21.0,2002.0,30.0,26.0,2349.0,26.1,2.0,5.0,7.0,2.0,0.0,0.0,4.0,0.0,0.08,0.19,0.27,0.08,0.27,26.1,2.0,17.0,6.0,35.3,0.65,0.23,0.12,0.33,0.0,0.0,78.0,68.7,26,89.0,23,4,12.0,6,1.97,44.0,20.0,24.0,0.92,1.09,0.0,35.0,27.0,2.0,9.0,51.0,31.0,,,1.0,,,,,,,,,,,,,,,
ITA-Serie A,2324,Bologna,Riccardo Orsolini,ITA,MF,26.0,1997.0,33.0,19.0,1792.0,19.9,10.0,2.0,12.0,8.0,2.0,3.0,2.0,0.0,0.5,0.1,0.6,0.4,0.5,19.9,10.0,59.0,25.0,42.4,2.96,1.26,0.17,0.4,2.0,3.0,54.0,52.4,19,75.0,6,14,27.0,1,1.67,31.0,17.0,14.0,0.7,0.26,0.0,16.0,41.0,14.0,101.0,8.0,14.0,,,0.0,,,,,,,,,,,,,,,
ITA-Serie A,2324,Bologna,Sam Beukema,NED,DF,24.0,1998.0,30.0,29.0,2547.0,28.3,1.0,1.0,2.0,1.0,0.0,0.0,6.0,1.0,0.04,0.04,0.07,0.04,0.07,28.3,1.0,12.0,4.0,33.3,0.42,0.14,0.08,0.25,0.0,0.0,85.0,74.5,29,87.0,26,1,16.0,5,1.9,40.0,27.0,13.0,0.46,-0.47,1.0,27.0,11.0,1.0,2.0,17.0,12.0,,,0.0,,,,,,,,,,,,,,,
ITA-Serie A,2324,Bologna,Santiago Castro,ARG,FW,18.0,2004.0,8.0,2.0,242.0,2.7,1.0,1.0,2.0,1.0,0.0,0.0,1.0,0.0,0.37,0.37,0.74,0.37,0.74,2.7,1.0,7.0,3.0,42.9,2.6,1.12,0.14,0.33,0.0,0.0,30.0,7.1,2,76.0,1,6,15.0,4,1.5,4.0,2.0,2.0,0.74,0.18,0.0,7.0,7.0,0.0,1.0,0.0,1.0,,,0.0,,,,,,,,,,,,,,,
ITA-Serie A,2324,Bologna,Stefan Posch,AUT,DF,26.0,1997.0,31.0,29.0,2409.0,26.8,1.0,2.0,3.0,1.0,0.0,0.0,7.0,0.0,0.04,0.07,0.11,0.04,0.11,26.8,1.0,18.0,4.0,22.2,0.67,0.15,0.06,0.25,0.0,0.0,78.0,70.4,29,80.0,18,2,38.0,1,1.81,36.0,24.0,12.0,0.45,-0.44,0.0,31.0,12.0,1.0,39.0,18.0,45.0,,,0.0,,,,,,,,,,,,,,,
ITA-Serie A,2324,Bologna,Sydney van Hooijdonk,NED,FW,23.0,2000.0,9.0,2.0,212.0,2.4,0.0,0.0,0.0,0.0,0.0,0.0,0.0,0.0,0.0,0.0,0.0,0.0,0.0,2.4,0.0,5.0,1.0,20.0,2.12,0.42,0.0,0.0,0.0,0.0,24.0,6.2,2,67.0,0,7,11.0,10,1.0,2.0,2.0,0.0,0.0,-0.62,0.0,6.0,3.0,1.0,1.0,1.0,0.0,,,0.0,,,,,,,,,,,,,,,
ITA-Serie A,2324,Bologna,Tommaso Corazza,ITA,DF,19.0,2004.0,9.0,1.0,195.0,2.2,0.0,0.0,0.0,0.0,0.0,0.0,1.0,0.0,0.0,0.0,0.0,0.0,0.0,2.2,0.0,1.0,0.0,0.0,0.46,0.0,0.0,,0.0,0.0,22.0,5.7,1,67.0,0,8,16.0,26,1.44,4.0,1.0,3.0,1.38,0.85,0.0,1.0,3.0,0.0,8.0,5.0,4.0,,,0.0,,,,,,,,,,,,,,,
ITA-Serie A,2324,Bologna,Victor Bernth Kristiansen,DEN,DF,20.0,2002.0,32.0,26.0,2307.0,25.6,0.0,3.0,3.0,0.0,0.0,0.0,4.0,0.0,0.0,0.12,0.12,0.0,0.12,25.6,0.0,6.0,2.0,33.3,0.23,0.08,0.0,0.0,0.0,0.0,72.0,67.5,26,84.0,16,6,23.0,3,1.88,36.0,20.0,16.0,0.62,0.14,0.0,30.0,7.0,1.0,36.0,12.0,33.0,,,0.0,,,,,,,,,,,,,,,
ITA-Serie A,2324,Bologna,Łukasz Skorupski,POL,GK,32.0,1991.0,32.0,32.0,2880.0,32.0,0.0,0.0,0.0,0.0,0.0,0.0,2.0,0.0,0.0,0.0,0.0,0.0,0.0,32.0,0.0,0.0,0.0,,0.0,0.0,,,0.0,0.0,90.0,84.2,32,90.0,32,0,,6,1.72,44.0,29.0,15.0,0.47,-0.7,0.0,0.0,4.0,0.0,0.0,1.0,1.0,,,0.0,29.0,0.91,105.0,79.0,72.4,14.0,13.0,5.0,12.0,37.5,6.0,3.0,1.0,2.0,25.0
ITA-Serie A,2324,Cagliari,Adam Obert,SVK,DF,20.0,2002.0,17.0,10.0,941.0,10.5,0.0,0.0,0.0,0.0,0.0,0.0,1.0,0.0,0.0,0.0,0.0,0.0,0.0,10.5,0.0,3.0,3.0,100.0,0.29,0.29,0.0,0.0,0.0,0.0,55.0,27.5,10,85.0,7,7,14.0,21,0.65,10.0,32.0,-22.0,-2.1,-1.96,0.0,14.0,4.0,0.0,15.0,20.0,9.0,,,0.0,,,,,,,,,,,,,,,
ITA-Serie A,2324,Cagliari,Alberto Dossena,ITA,DF,24.0,1998.0,35.0,33.0,2977.0,33.1,2.0,4.0,6.0,2.0,0.0,0.0,5.0,0.0,0.06,0.12,0.18,0.06,0.18,33.1,2.0,24.0,6.0,25.0,0.73,0.18,0.08,0.33,0.0,0.0,85.0,87.0,33,88.0,30,2,34.0,1,1.0,36.0,51.0,-15.0,-0.45,1.78,0.0,38.0,42.0,0.0,1.0,46.0,35.0,,,2.0,,,,,,,,,,,,,,,
ITA-Serie A,2324,Cagliari,Alessandro Deiola,ITA,MF,27.0,1995.0,27.0,19.0,1608.0,17.9,1.0,0.0,1.0,1.0,0.0,0.0,7.0,0.0,0.06,0.0,0.06,0.06,0.06,17.9,1.0,25.0,6.0,24.0,1.4,0.34,0.04,0.17,0.0,0.0,60.0,47.0,19,79.0,10,8,14.0,10,1.04,15.0,29.0,-14.0,-0.78,-0.19,0.0,24.0,17.0,0.0,15.0,10.0,21.0,,,1.0,,,,,,,,,,,,,,,
ITA-Serie A,2324,Cagliari,Alessandro Di Pardo,ITA,"MF,DF",24.0,1999.0,15.0,2.0,359.0,4.0,0.0,0.0,0.0,0.0,0.0,0.0,0.0,0.0,0.0,0.0,0.0,0.0,0.0,4.0,0.0,3.0,0.0,0.0,0.75,0.0,0.0,,0.0,0.0,24.0,10.5,2,61.0,0,13,18.0,18,0.73,2.0,10.0,-8.0,-2.01,-1.48,0.0,3.0,2.0,1.0,18.0,5.0,1.0,,,0.0,,,,,,,,,,,,,,,
ITA-Serie A,2324,Cagliari,Andrea Petagna,ITA,FW,28.0,1995.0,18.0,13.0,995.0,11.1,1.0,1.0,2.0,1.0,0.0,0.0,2.0,0.0,0.09,0.09,0.18,0.09,0.18,11.1,1.0,19.0,8.0,42.1,1.72,0.72,0.05,0.13,0.0,0.0,55.0,29.1,13,72.0,4,5,12.0,10,0.72,12.0,20.0,-8.0,-0.72,-0.06,0.0,18.0,22.0,2.0,3.0,1.0,2.0,,,0.0,,,,,,,,,,,,,,,
ITA-Serie A,2324,Cagliari,Antoine Makoumbou,CGO,MF,25.0,1998.0,32.0,32.0,2702.0,30.0,1.0,0.0,1.0,1.0,0.0,0.0,5.0,2.0,0.03,0.0,0.03,0.03,0.03,30.0,1.0,8.0,2.0,25.0,0.27,0.07,0.13,0.5,0.0,0.0,84.0,79.0,32,84.0,25,0,,1,0.91,34.0,54.0,-20.0,-0.67,0.09,1.0,28.0,28.0,1.0,11.0,16.0,22.0,,,0.0,,,,,,,,,,,,,,,
ITA-Serie A,2324,Cagliari,Boris Radunović,SRB,GK,27.0,1996.0,7.0,7.0,630.0,7.0,0.0,0.0,0.0,0.0,0.0,0.0,0.0,0.0,0.0,0.0,0.0,0.0,0.0,7.0,0.0,0.0,0.0,,0.0,0.0,,,0.0,0.0,90.0,18.4,7,90.0,7,0,,31,0.29,2.0,12.0,-10.0,-1.43,-0.91,0.0,0.0,2.0,0.0,0.0,1.0,0.0,,,0.0,12.0,1.71,28.0,16.0,57.1,0.0,2.0,5.0,2.0,28.6,1.0,0.0,0.0,1.0,
ITA-Serie A,2324,Cagliari,Edoardo Goldaniga,ITA,DF,29.0,1993.0,13.0,12.0,1011.0,11.2,0.0,0.0,0.0,0.0,0.0,0.0,3.0,0.0,0.0,0.0,0.0,0.0,0.0,11.2,0.0,4.0,3.0,75.0,0.36,0.27,0.0,0.0,0.0,0.0,78.0,29.6,12,83.0,7,1,19.0,8,1.08,14.0,17.0,-3.0,-0.27,0.59,0.0,14.0,10.0,3.0,11.0,15.0,7.0,,,0.0,,,,,,,,,,,,,,,
ITA-Serie A,2324,Cagliari,Eldor Shomurodov,UZB,"MF,FW",28.0,1995.0,22.0,10.0,936.0,10.4,3.0,3.0,6.0,3.0,0.0,0.0,1.0,0.0,0.29,0.29,0.58,0.29,0.58,10.4,3.0,21.0,7.0,33.3,2.02,0.67,0.14,0.43,0.0,0.0,43.0,27.4,10,67.0,0,12,22.0,5,1.0,12.0,23.0,-11.0,-1.06,-0.51,0.0,11.0,11.0,2.0,7.0,4.0,4.0,,,0.0,,,,,,,,,,,,,,,
ITA-Serie A,2324,Cagliari,Gabriele Zappa,ITA,"DF,MF",23.0,1999.0,38.0,25.0,2561.0,28.5,1.0,3.0,4.0,1.0,0.0,0.0,2.0,0.0,0.04,0.11,0.14,0.04,0.14,28.5,1.0,19.0,6.0,31.6,0.67,0.21,0.05,0.17,0.0,0.0,67.0,74.9,25,85.0,18,13,34.0,0,0.95,38.0,53.0,-15.0,-0.53,0.63,0.0,21.0,15.0,0.0,78.0,20.0,30.0,,,0.0,,,,,,,,,,,,,,,
ITA-Serie A,2324,Cagliari,Gaetano Oristanio,ITA,"FW,MF",20.0,2002.0,25.0,11.0,1104.0,12.3,2.0,1.0,3.0,2.0,0.0,0.0,1.0,0.0,0.16,0.08,0.24,0.16,0.24,12.3,2.0,23.0,5.0,21.7,1.87,0.41,0.09,0.4,0.0,0.0,44.0,32.3,11,67.0,1,14,26.0,6,0.88,12.0,19.0,-7.0,-0.57,0.17,0.0,37.0,28.0,2.0,33.0,9.0,10.0,,,0.0,,,,,,,,,,,,,,,
ITA-Serie A,2324,Cagliari,Gianluca Gaetano,ITA,"MF,FW",23.0,2000.0,11.0,10.0,745.0,8.3,4.0,1.0,5.0,3.0,1.0,1.0,1.0,1.0,0.48,0.12,0.6,0.36,0.48,8.3,4.0,14.0,6.0,42.9,1.69,0.72,0.29,0.67,1.0,1.0,68.0,21.8,10,72.0,3,1,29.0,3,1.45,9.0,9.0,0.0,0.0,0.87,0.0,10.0,12.0,3.0,16.0,4.0,3.0,,,0.0,,,,,,,,,,,,,,,
ITA-Serie A,2324,Cagliari,Gianluca Lapadula,PER,FW,33.0,1990.0,23.0,14.0,1205.0,13.4,3.0,1.0,4.0,2.0,1.0,1.0,3.0,0.0,0.22,0.07,0.3,0.15,0.22,13.4,3.0,35.0,11.0,31.4,2.61,0.82,0.09,0.27,1.0,1.0,52.0,35.2,14,73.0,6,9,20.0,5,0.83,17.0,24.0,-7.0,-0.52,0.25,0.0,22.0,18.0,15.0,7.0,2.0,1.0,,,0.0,,,,,,,,,,,,,,,
ITA-Serie A,2324,Cagliari,Ibrahim Sulemana,GHA,MF,20.0,2003.0,21.0,16.0,1339.0,14.9,2.0,0.0,2.0,2.0,0.0,0.0,4.0,0.0,0.13,0.0,0.13,0.13,0.13,14.9,2.0,13.0,3.0,23.1,0.87,0.2,0.15,0.67,0.0,0.0,64.0,39.2,16,73.0,8,5,33.0,12,0.86,16.0,26.0,-10.0,-0.67,0.02,0.0,18.0,11.0,1.0,12.0,6.0,13.0,,,0.0,,,,,,,,,,,,,,,
ITA-Serie A,2324,Cagliari,Jakub Jankto,CZE,MF,27.0,1996.0,18.0,13.0,872.0,9.7,1.0,2.0,3.0,1.0,0.0,0.0,0.0,0.0,0.1,0.21,0.31,0.1,0.31,9.7,1.0,12.0,6.0,50.0,1.24,0.62,0.08,0.17,0.0,0.0,48.0,25.5,13,61.0,0,5,16.0,11,1.22,11.0,18.0,-7.0,-0.72,-0.05,0.0,9.0,8.0,1.0,26.0,5.0,9.0,,,0.0,,,,,,,,,,,,,,,
ITA-Serie A,2324,Cagliari,Kingstone Mutandwa,ZAM,FW,20.0,2003.0,5.0,0.0,39.0,0.4,1.0,0.0,1.0,1.0,0.0,0.0,0.0,0.0,2.31,0.0,2.31,2.31,2.31,0.4,1.0,2.0,1.0,50.0,4.62,2.31,0.5,1.0,0.0,0.0,8.0,1.1,0,,0,5,8.0,9,0.6,1.0,4.0,-3.0,-6.92,-6.31,0.0,0.0,0.0,0.0,0.0,0.0,0.0,,,0.0,,,,,,,,,,,,,,,
ITA-Serie A,2324,Cagliari,Leonardo Pavoletti,ITA,FW,34.0,1988.0,19.0,5.0,628.0,7.0,4.0,1.0,5.0,4.0,0.0,0.0,4.0,0.0,0.57,0.14,0.72,0.57,0.72,7.0,4.0,25.0,9.0,36.0,3.58,1.29,0.16,0.44,0.0,0.0,33.0,18.4,5,72.0,2,14,19.0,9,0.79,9.0,11.0,-2.0,-0.29,0.49,0.0,19.0,7.0,1.0,1.0,0.0,1.0,,,0.0,,,,,,,,,,,,,,,
ITA-Serie A,2324,Cagliari,Marco Mancosu,ITA,"MF,FW",34.0,1988.0,6.0,3.0,156.0,1.7,0.0,0.0,0.0,0.0,0.0,1.0,0.0,0.0,0.0,0.0,0.0,0.0,0.0,1.7,0.0,7.0,0.0,0.0,4.04,0.0,0.0,,0.0,1.0,26.0,4.6,3,51.0,0,3,1.0,8,1.83,2.0,4.0,-2.0,-1.15,-0.49,0.0,3.0,1.0,2.0,4.0,0.0,0.0,,,0.0,,,,,,,,,,,,,,,
ITA-Serie A,2324,Cagliari,Mateusz Wieteska,POL,DF,26.0,1997.0,19.0,10.0,965.0,10.7,0.0,1.0,1.0,0.0,0.0,0.0,5.0,1.0,0.0,0.09,0.09,0.0,0.09,10.7,0.0,4.0,0.0,0.0,0.37,0.0,0.0,,0.0,0.0,51.0,28.2,10,84.0,7,9,14.0,16,0.84,8.0,20.0,-12.0,-1.12,-0.61,1.0,12.0,6.0,0.0,4.0,14.0,10.0,,,0.0,,,,,,,,,,,,,,,
ITA-Serie A,2324,Cagliari,Matteo Prati,ITA,MF,19.0,2003.0,26.0,19.0,1972.0,21.9,1.0,1.0,2.0,1.0,0.0,0.0,4.0,0.0,0.05,0.05,0.09,0.05,0.09,21.9,1.0,35.0,11.0,31.4,1.6,0.5,0.03,0.09,0.0,0.0,76.0,57.7,19,87.0,14,7,46.0,12,0.88,25.0,44.0,-19.0,-0.87,-0.43,0.0,19.0,6.0,0.0,15.0,14.0,25.0,,,0.0,,,,,,,,,,,,,,,
ITA-Serie A,2324,Cagliari,Nahitan Nández,URU,"MF,DF",27.0,1995.0,33.0,29.0,2341.0,26.0,2.0,3.0,5.0,1.0,1.0,1.0,7.0,0.0,0.08,0.12,0.19,0.04,0.15,26.0,2.0,23.0,7.0,30.4,0.88,0.27,0.09,0.29,1.0,1.0,71.0,68.5,29,78.0,12,4,19.0,0,0.91,21.0,47.0,-26.0,-1.0,-1.0,0.0,52.0,32.0,9.0,154.0,19.0,40.0,,,0.0,,,,,,,,,,,,,,,
ITA-Serie A,2324,Cagliari,Nicolas Viola,ITA,"MF,FW",33.0,1989.0,26.0,11.0,1207.0,13.4,5.0,2.0,7.0,5.0,0.0,1.0,3.0,0.0,0.37,0.15,0.52,0.37,0.52,13.4,5.0,38.0,12.0,31.6,2.83,0.89,0.13,0.42,0.0,1.0,46.0,35.3,11,73.0,3,15,27.0,10,1.12,25.0,18.0,7.0,0.52,1.86,0.0,17.0,25.0,2.0,135.0,3.0,8.0,,,0.0,,,,,,,,,,,,,,,
ITA-Serie A,2324,Cagliari,Pantelis Hatzidiakos,GRE,DF,26.0,1997.0,13.0,13.0,856.0,9.5,0.0,0.0,0.0,0.0,0.0,0.0,1.0,0.0,0.0,0.0,0.0,0.0,0.0,9.5,0.0,4.0,2.0,50.0,0.42,0.21,0.0,0.0,0.0,0.0,66.0,25.0,13,66.0,2,0,,17,0.54,6.0,19.0,-13.0,-1.37,-0.91,0.0,7.0,4.0,0.0,6.0,11.0,11.0,,,0.0,,,,,,,,,,,,,,,
ITA-Serie A,2324,Cagliari,Paulo Azzi,BRA,"MF,DF",29.0,1994.0,25.0,9.0,950.0,10.6,0.0,0.0,0.0,0.0,0.0,0.0,1.0,0.0,0.0,0.0,0.0,0.0,0.0,10.6,0.0,22.0,2.0,9.1,2.08,0.19,0.0,0.0,0.0,0.0,38.0,27.8,9,73.0,3,16,18.0,13,0.96,9.0,19.0,-10.0,-0.95,-0.36,0.0,5.0,4.0,4.0,49.0,17.0,11.0,,,0.0,,,,,,,,,,,,,,,
ITA-Serie A,2324,Cagliari,Simone Aresti,ITA,GK,37.0,1986.0,1.0,0.0,1.0,0.0,0.0,0.0,0.0,0.0,0.0,0.0,0.0,0.0,0.0,0.0,0.0,0.0,0.0,0.0,0.0,0.0,0.0,,0.0,0.0,,,0.0,0.0,1.0,0.0,0,,0,1,1.0,33,0.0,0.0,1.0,-1.0,-90.0,-89.34,0.0,0.0,0.0,0.0,0.0,0.0,0.0,,,0.0,1.0,90.0,1.0,0.0,0.0,0.0,0.0,0.0,0.0,,1.0,1.0,0.0,0.0,0.0
ITA-Serie A,2324,Cagliari,Simone Scuffet,ITA,GK,27.0,1996.0,31.0,31.0,2789.0,31.0,0.0,0.0,0.0,0.0,0.0,0.0,3.0,0.0,0.0,0.0,0.0,0.0,0.0,31.0,0.0,0.0,0.0,,0.0,0.0,,,0.0,0.0,90.0,81.5,31,90.0,30,0,,7,1.1,40.0,55.0,-15.0,-0.48,1.08,0.0,0.0,4.0,0.0,0.0,1.0,0.0,,,0.0,55.0,1.77,134.0,79.0,59.0,8.0,10.0,13.0,3.0,9.7,3.0,3.0,0.0,0.0,0.0
ITA-Serie A,2324,Cagliari,Tommaso Augello,ITA,"DF,MF",28.0,1994.0,32.0,28.0,2418.0,26.9,1.0,1.0,2.0,1.0,0.0,0.0,5.0,0.0,0.04,0.04,0.07,0.04,0.07,26.9,1.0,10.0,3.0,30.0,0.37,0.11,0.1,0.33,0.0,0.0,76.0,70.7,28,82.0,12,4,30.0,4,1.06,32.0,46.0,-14.0,-0.52,0.56,0.0,15.0,15.0,1.0,152.0,13.0,20.0,,,0.0,,,,,,,,,,,,,,,
ITA-Serie A,2324,Cagliari,Yerry Mina,COL,DF,28.0,1994.0,14.0,14.0,1215.0,13.5,2.0,0.0,2.0,1.0,1.0,1.0,4.0,0.0,0.15,0.0,0.15,0.07,0.07,13.5,2.0,3.0,2.0,66.7,0.22,0.15,0.67,1.0,1.0,1.0,87.0,35.5,14,87.0,11,0,,1,1.29,21.0,26.0,-5.0,-0.37,0.49,0.0,17.0,18.0,0.0,2.0,4.0,13.0,,,0.0,,,,,,,,,,,,,,,
ITA-Serie A,2324,Cagliari,Zito Luvumbo,ANG,"MF,FW",21.0,2002.0,30.0,19.0,1946.0,21.6,4.0,5.0,9.0,4.0,0.0,0.0,5.0,0.0,0.18,0.23,0.42,0.18,0.42,21.6,4.0,51.0,16.0,31.4,2.36,0.74,0.08,0.25,0.0,0.0,65.0,56.9,19,79.0,10,11,40.0,1,0.97,23.0,34.0,-11.0,-0.51,0.41,0.0,31.0,66.0,14.0,82.0,1.0,7.0,,,0.0,,,,,,,,,,,,,,,
ITA-Serie A,2324,Empoli,Alberto Cerri,ITA,FW,27.0,1996.0,12.0,10.0,545.0,6.1,1.0,0.0,1.0,1.0,0.0,0.0,2.0,0.0,0.17,0.0,0.17,0.17,0.17,6.1,1.0,10.0,3.0,30.0,1.65,0.5,0.1,0.33,0.0,0.0,45.0,15.9,10,52.0,0,2,13.0,3,1.58,6.0,6.0,0.0,0.0,0.78,0.0,15.0,9.0,6.0,1.0,3.0,3.0,,,0.0,,,,,,,,,,,,,,,
ITA-Serie A,2324,Empoli,Alberto Grassi,ITA,MF,28.0,1995.0,27.0,22.0,1807.0,20.1,0.0,1.0,1.0,0.0,0.0,0.0,6.0,1.0,0.0,0.05,0.05,0.0,0.05,20.1,0.0,23.0,5.0,21.7,1.15,0.25,0.0,0.0,0.0,0.0,67.0,52.8,22,77.0,9,5,22.0,5,1.0,16.0,28.0,-12.0,-0.6,0.13,1.0,22.0,33.0,0.0,5.0,39.0,17.0,,,1.0,,,,,,,,,,,,,,,
ITA-Serie A,2324,Empoli,Andrea Sodero,ITA,MF,18.0,2004.0,1.0,0.0,5.0,0.1,0.0,0.0,0.0,0.0,0.0,0.0,0.0,0.0,0.0,0.0,0.0,0.0,0.0,0.1,0.0,0.0,0.0,,0.0,0.0,,,0.0,0.0,5.0,0.1,0,,0,1,5.0,0,0.0,0.0,0.0,0.0,0.0,0.66,0.0,0.0,0.0,0.0,1.0,0.0,0.0,,,0.0,,,,,,,,,,,,,,,
ITA-Serie A,2324,Empoli,Ardian Ismajli,ALB,DF,26.0,1996.0,26.0,23.0,2045.0,22.7,0.0,0.0,0.0,0.0,0.0,0.0,2.0,0.0,0.0,0.0,0.0,0.0,0.0,22.7,0.0,5.0,0.0,0.0,0.22,0.0,0.0,,0.0,0.0,79.0,59.8,23,85.0,20,3,27.0,3,0.92,21.0,31.0,-10.0,-0.44,0.54,0.0,18.0,16.0,0.0,4.0,24.0,15.0,,,0.0,,,,,,,,,,,,,,,
ITA-Serie A,2324,Empoli,Bartosz Bereszyński,POL,DF,31.0,1992.0,24.0,22.0,1762.0,19.6,0.0,1.0,1.0,0.0,0.0,0.0,3.0,0.0,0.0,0.05,0.05,0.0,0.05,19.6,0.0,3.0,1.0,33.3,0.15,0.05,0.0,0.0,0.0,0.0,73.0,51.5,22,78.0,15,2,26.0,7,1.21,17.0,30.0,-13.0,-0.66,-0.01,0.0,23.0,15.0,0.0,16.0,21.0,26.0,,,0.0,,,,,,,,,,,,,,,
ITA-Serie A,2324,Empoli,Daniel Maldini,ITA,"FW,MF",21.0,2001.0,7.0,3.0,263.0,2.9,0.0,0.0,0.0,0.0,0.0,0.0,1.0,0.0,0.0,0.0,0.0,0.0,0.0,2.9,0.0,9.0,2.0,22.2,3.08,0.68,0.0,0.0,0.0,0.0,38.0,7.7,3,66.0,0,4,16.0,4,0.71,2.0,5.0,-3.0,-1.03,-0.4,0.0,8.0,5.0,0.0,5.0,2.0,2.0,,,0.0,,,,,,,,,,,,,,,
ITA-Serie A,2324,Empoli,Elia Caprile,ITA,GK,21.0,2001.0,23.0,23.0,2070.0,23.0,0.0,0.0,0.0,0.0,0.0,0.0,0.0,0.0,0.0,0.0,0.0,0.0,0.0,23.0,0.0,0.0,0.0,,0.0,0.0,,,0.0,0.0,90.0,60.5,23,90.0,23,0,,9,1.04,19.0,27.0,-8.0,-0.35,0.79,0.0,1.0,7.0,0.0,0.0,0.0,0.0,,,0.0,27.0,1.17,106.0,79.0,74.5,6.0,6.0,11.0,4.0,17.4,5.0,4.0,1.0,0.0,20.0
ITA-Serie A,2324,Empoli,Emmanuel Ekong,SWE,FW,21.0,2002.0,1.0,0.0,5.0,0.1,0.0,0.0,0.0,0.0,0.0,0.0,0.0,0.0,0.0,0.0,0.0,0.0,0.0,0.1,0.0,0.0,0.0,,0.0,0.0,,,0.0,0.0,5.0,0.1,0,,0,1,5.0,0,0.0,0.0,0.0,0.0,0.0,0.66,0.0,0.0,1.0,0.0,0.0,0.0,0.0,,,0.0,,,,,,,,,,,,,,,
ITA-Serie A,2324,Empoli,Emmanuel Gyasi,GHA,MF,29.0,1994.0,33.0,21.0,1879.0,20.9,1.0,2.0,3.0,1.0,0.0,0.0,8.0,0.0,0.05,0.1,0.14,0.05,0.14,20.9,1.0,16.0,6.0,37.5,0.77,0.29,0.06,0.17,0.0,0.0,57.0,54.9,21,80.0,13,12,16.0,4,0.97,17.0,25.0,-8.0,-0.38,0.61,0.0,40.0,21.0,6.0,22.0,5.0,17.0,,,0.0,,,,,,,,,,,,,,,
ITA-Serie A,2324,Empoli,Etrit Berisha,ALB,GK,34.0,1989.0,14.0,14.0,1260.0,14.0,0.0,0.0,0.0,0.0,0.0,0.0,0.0,0.0,0.0,0.0,0.0,0.0,0.0,14.0,0.0,0.0,0.0,,0.0,0.0,,,0.0,0.0,90.0,36.8,14,90.0,14,0,,12,0.86,10.0,25.0,-15.0,-1.07,-0.65,0.0,0.0,2.0,0.0,0.0,0.0,0.0,,,0.0,25.0,1.79,74.0,49.0,66.2,3.0,3.0,8.0,4.0,28.6,3.0,2.0,1.0,0.0,33.3
ITA-Serie A,2324,Empoli,Filippo Ranocchia,ITA,MF,22.0,2001.0,9.0,5.0,476.0,5.3,0.0,0.0,0.0,0.0,0.0,0.0,3.0,0.0,0.0,0.0,0.0,0.0,0.0,5.3,0.0,6.0,2.0,33.3,1.13,0.38,0.0,0.0,0.0,0.0,53.0,13.9,5,68.0,0,4,35.0,11,0.56,3.0,9.0,-6.0,-1.13,-0.55,0.0,11.0,8.0,0.0,10.0,3.0,11.0,,,0.0,,,,,,,,,,,,,,,
ITA-Serie A,2324,Empoli,Francesco Caputo,ITA,FW,35.0,1987.0,20.0,15.0,1268.0,14.1,3.0,0.0,3.0,2.0,1.0,1.0,0.0,0.0,0.21,0.0,0.21,0.14,0.14,14.1,3.0,23.0,10.0,43.5,1.63,0.71,0.13,0.3,1.0,1.0,63.0,37.1,15,75.0,4,5,27.0,6,0.7,8.0,22.0,-14.0,-0.99,-0.53,0.0,10.0,14.0,20.0,1.0,0.0,0.0,,,0.0,,,,,,,,,,,,,,,
ITA-Serie A,2324,Empoli,Giacomo Corona,ITA,FW,19.0,2004.0,1.0,0.0,5.0,0.1,0.0,0.0,0.0,0.0,0.0,0.0,0.0,0.0,0.0,0.0,0.0,0.0,0.0,0.1,0.0,0.0,0.0,,0.0,0.0,,,0.0,0.0,5.0,0.1,0,,0,1,5.0,1,0.0,0.0,0.0,0.0,0.0,0.66,0.0,1.0,1.0,0.0,0.0,0.0,0.0,,,0.0,,,,,,,,,,,,,,,
ITA-Serie A,2324,Empoli,Giuseppe Pezzella,ITA,"MF,DF",25.0,1997.0,19.0,14.0,1085.0,12.1,0.0,0.0,0.0,0.0,0.0,0.0,4.0,0.0,0.0,0.0,0.0,0.0,0.0,12.1,0.0,3.0,2.0,66.7,0.25,0.17,0.0,0.0,0.0,0.0,57.0,31.7,14,72.0,5,5,15.0,4,0.79,4.0,17.0,-13.0,-1.08,-0.62,0.0,17.0,17.0,2.0,54.0,2.0,14.0,,,0.0,,,,,,,,,,,,,,,
ITA-Serie A,2324,Empoli,Jacopo Fazzini,ITA,MF,20.0,2003.0,31.0,14.0,1232.0,13.7,1.0,1.0,2.0,1.0,0.0,0.0,6.0,0.0,0.07,0.07,0.15,0.07,0.15,13.7,1.0,23.0,4.0,17.4,1.68,0.29,0.04,0.25,0.0,0.0,40.0,36.0,14,65.0,2,17,19.0,1,1.0,11.0,24.0,-13.0,-0.95,-0.46,0.0,23.0,27.0,1.0,54.0,11.0,25.0,,,0.0,,,,,,,,,,,,,,,
ITA-Serie A,2324,Empoli,Liam Henderson,SCO,MF,27.0,1996.0,1.0,0.0,5.0,0.1,0.0,0.0,0.0,0.0,0.0,0.0,0.0,0.0,0.0,0.0,0.0,0.0,0.0,0.1,0.0,0.0,0.0,,0.0,0.0,,,0.0,0.0,5.0,0.1,0,,0,1,5.0,0,0.0,0.0,0.0,0.0,0.0,0.66,0.0,0.0,0.0,0.0,1.0,0.0,0.0,,,0.0,,,,,,,,,,,,,,,
ITA-Serie A,2324,Empoli,Liberato Cacace,NZL,"DF,MF",22.0,2000.0,31.0,18.0,1912.0,21.2,0.0,1.0,1.0,0.0,0.0,0.0,6.0,0.0,0.0,0.05,0.05,0.0,0.05,21.2,0.0,13.0,2.0,15.4,0.61,0.09,0.0,0.0,0.0,0.0,62.0,55.9,18,84.0,11,13,31.0,6,1.1,22.0,30.0,-8.0,-0.38,0.64,0.0,30.0,18.0,1.0,66.0,19.0,23.0,,,0.0,,,,,,,,,,,,,,,
ITA-Serie A,2324,Empoli,M'Baye Niang,SEN,FW,28.0,1994.0,14.0,5.0,708.0,7.9,6.0,1.0,7.0,2.0,4.0,4.0,1.0,0.0,0.76,0.13,0.89,0.25,0.38,7.9,6.0,24.0,9.0,37.5,3.05,1.14,0.25,0.67,4.0,4.0,51.0,20.7,5,69.0,0,9,40.0,2,1.29,9.0,10.0,-1.0,-0.13,0.67,0.0,15.0,24.0,9.0,4.0,3.0,2.0,,,0.0,,,,,,,,,,,,,,,
ITA-Serie A,2324,Empoli,Matteo Cancellieri,ITA,"FW,MF",21.0,2002.0,36.0,18.0,1788.0,19.9,4.0,3.0,7.0,4.0,0.0,0.0,7.0,0.0,0.2,0.15,0.35,0.2,0.35,19.9,4.0,40.0,13.0,32.5,2.01,0.65,0.1,0.31,0.0,0.0,50.0,52.3,18,74.0,4,18,25.0,0,0.92,17.0,25.0,-8.0,-0.4,0.53,0.0,35.0,52.0,13.0,42.0,5.0,24.0,,,0.0,,,,,,,,,,,,,,,
ITA-Serie A,2324,Empoli,Mattia Destro,ITA,FW,32.0,1991.0,15.0,3.0,366.0,4.1,0.0,0.0,0.0,0.0,0.0,0.0,2.0,0.0,0.0,0.0,0.0,0.0,0.0,4.1,0.0,11.0,4.0,36.4,2.7,0.98,0.0,0.0,0.0,0.0,24.0,10.7,3,54.0,0,12,17.0,15,0.67,4.0,9.0,-5.0,-1.23,-0.64,0.0,6.0,8.0,4.0,0.0,3.0,1.0,,,0.0,,,,,,,,,,,,,,,
ITA-Serie A,2324,Empoli,Nicolas Haas,SUI,MF,27.0,1996.0,1.0,1.0,90.0,1.0,0.0,0.0,0.0,0.0,0.0,0.0,1.0,0.0,0.0,0.0,0.0,0.0,0.0,1.0,0.0,1.0,1.0,100.0,1.0,1.0,0.0,0.0,0.0,0.0,90.0,2.6,1,90.0,1,0,,1,0.0,0.0,2.0,-2.0,-2.0,-1.38,0.0,1.0,1.0,0.0,0.0,1.0,3.0,,,0.0,,,,,,,,,,,,,,,
ITA-Serie A,2324,Empoli,Nicolò Cambiaghi,ITA,"FW,MF",22.0,2000.0,37.0,29.0,2553.0,28.4,1.0,1.0,2.0,1.0,0.0,0.0,3.0,0.0,0.04,0.04,0.07,0.04,0.07,28.4,1.0,71.0,17.0,23.9,2.5,0.6,0.01,0.06,0.0,0.0,69.0,74.6,29,82.0,11,8,24.0,0,0.97,20.0,42.0,-22.0,-0.78,-0.46,0.0,48.0,76.0,3.0,133.0,14.0,40.0,,,0.0,,,,,,,,,,,,,,,
ITA-Serie A,2324,Empoli,Roberto Piccoli,ITA,FW,22.0,2001.0,2.0,0.0,39.0,0.4,0.0,0.0,0.0,0.0,0.0,0.0,0.0,0.0,0.0,0.0,0.0,0.0,0.0,0.4,0.0,1.0,0.0,0.0,2.31,0.0,0.0,,0.0,0.0,20.0,1.1,0,,0,2,20.0,0,0.0,0.0,1.0,-1.0,-2.31,-1.67,0.0,1.0,1.0,0.0,0.0,0.0,1.0,,,0.0,,,,,,,,,,,,,,,
ITA-Serie A,2324,Empoli,Răzvan Marin,ROU,MF,27.0,1996.0,30.0,20.0,1818.0,20.2,0.0,3.0,3.0,0.0,0.0,0.0,3.0,0.0,0.0,0.15,0.15,0.0,0.15,20.2,0.0,35.0,9.0,25.7,1.73,0.45,0.0,0.0,0.0,0.0,61.0,53.2,20,80.0,11,10,21.0,5,0.83,14.0,28.0,-14.0,-0.69,-0.08,0.0,28.0,18.0,1.0,97.0,6.0,21.0,,,0.0,,,,,,,,,,,,,,,
ITA-Serie A,2324,Empoli,Samuele Perisan,ITA,GK,25.0,1997.0,1.0,1.0,90.0,1.0,0.0,0.0,0.0,0.0,0.0,0.0,0.0,0.0,0.0,0.0,0.0,0.0,0.0,1.0,0.0,0.0,0.0,,0.0,0.0,,,0.0,0.0,90.0,2.6,1,90.0,1,0,,37,0.0,0.0,2.0,-2.0,-2.0,-1.38,0.0,0.0,0.0,0.0,0.0,0.0,0.0,,,0.0,2.0,2.0,5.0,3.0,60.0,0.0,0.0,1.0,0.0,0.0,0.0,0.0,0.0,0.0,
ITA-Serie A,2324,Empoli,Sebastian Walukiewicz,POL,DF,23.0,2000.0,27.0,23.0,2055.0,22.8,0.0,0.0,0.0,0.0,0.0,0.0,6.0,0.0,0.0,0.0,0.0,0.0,0.0,22.8,0.0,4.0,2.0,50.0,0.18,0.09,0.0,0.0,0.0,0.0,76.0,60.1,23,84.0,19,4,33.0,6,1.0,18.0,31.0,-13.0,-0.57,0.22,0.0,23.0,7.0,2.0,2.0,16.0,28.0,,,0.0,,,,,,,,,,,,,,,
ITA-Serie A,2324,Empoli,Sebastiano Luperto,ITA,DF,26.0,1996.0,38.0,38.0,3406.0,37.8,1.0,1.0,2.0,1.0,0.0,0.0,4.0,0.0,0.03,0.03,0.05,0.03,0.05,37.8,1.0,19.0,3.0,15.8,0.5,0.08,0.05,0.33,0.0,0.0,90.0,99.6,38,90.0,37,0,,0,0.95,29.0,53.0,-24.0,-0.63,5.79,0.0,25.0,18.0,1.0,9.0,28.0,27.0,,,0.0,,,,,,,,,,,,,,,
ITA-Serie A,2324,Empoli,Simone Bastoni,ITA,"MF,DF",26.0,1996.0,16.0,9.0,745.0,8.3,1.0,0.0,1.0,1.0,0.0,0.0,3.0,0.0,0.12,0.0,0.12,0.12,0.12,8.3,1.0,7.0,1.0,14.3,0.85,0.12,0.14,1.0,0.0,0.0,47.0,21.8,9,70.0,2,7,17.0,15,1.13,4.0,14.0,-10.0,-1.21,-0.7,0.0,17.0,13.0,0.0,35.0,11.0,12.0,,,0.0,,,,,,,,,,,,,,,
ITA-Serie A,2324,Empoli,Steven Shpendi,ALB,FW,20.0,2003.0,12.0,4.0,411.0,4.6,0.0,1.0,1.0,0.0,0.0,0.0,0.0,0.0,0.0,0.22,0.22,0.0,0.22,4.6,0.0,7.0,3.0,42.9,1.53,0.66,0.0,0.0,0.0,0.0,34.0,12.0,4,67.0,0,8,18.0,25,0.67,3.0,9.0,-6.0,-1.31,-0.75,0.0,12.0,13.0,4.0,0.0,1.0,0.0,,,0.0,,,,,,,,,,,,,,,
ITA-Serie A,2324,Empoli,Szymon Żurkowski,POL,MF,25.0,1997.0,13.0,10.0,868.0,9.6,4.0,0.0,4.0,4.0,0.0,0.0,4.0,0.0,0.41,0.0,0.41,0.41,0.41,9.6,4.0,16.0,6.0,37.5,1.66,0.62,0.25,0.67,0.0,0.0,67.0,25.4,10,79.0,3,3,25.0,5,1.23,9.0,7.0,2.0,0.21,1.16,0.0,19.0,17.0,2.0,6.0,5.0,6.0,,,0.0,,,,,,,,,,,,,,,
ITA-Serie A,2324,Empoli,Tommaso Baldanzi,ITA,"MF,FW",20.0,2003.0,14.0,8.0,745.0,8.3,2.0,0.0,2.0,2.0,0.0,0.0,1.0,0.0,0.24,0.0,0.24,0.24,0.24,8.3,2.0,14.0,6.0,42.9,1.69,0.72,0.14,0.33,0.0,0.0,53.0,21.8,8,76.0,3,6,23.0,2,0.57,3.0,14.0,-11.0,-1.33,-0.86,0.0,4.0,16.0,2.0,16.0,2.0,3.0,,,0.0,,,,,,,,,,,,,,,
ITA-Serie A,2324,Empoli,Tyronne Ebuehi,NGA,DF,27.0,1995.0,15.0,11.0,1099.0,12.2,0.0,1.0,1.0,0.0,0.0,0.0,0.0,0.0,0.0,0.08,0.08,0.0,0.08,12.2,0.0,5.0,1.0,20.0,0.41,0.08,0.0,0.0,0.0,0.0,73.0,32.1,11,84.0,10,4,43.0,7,0.8,5.0,16.0,-11.0,-0.9,-0.36,0.0,7.0,9.0,3.0,23.0,6.0,10.0,,,0.0,,,,,,,,,,,,,,,
ITA-Serie A,2324,Empoli,Viktor Kovalenko,UKR,MF,27.0,1996.0,17.0,4.0,613.0,6.8,1.0,1.0,2.0,1.0,0.0,0.0,1.0,0.0,0.15,0.15,0.29,0.15,0.29,6.8,1.0,11.0,4.0,36.4,1.62,0.59,0.09,0.25,0.0,0.0,36.0,17.9,4,78.0,0,13,23.0,14,0.82,9.0,9.0,0.0,0.0,0.8,0.0,7.0,10.0,2.0,13.0,2.0,2.0,,,0.0,,,,,,,,,,,,,,,
ITA-Serie A,2324,Empoli,Youssef Maleh,MAR,MF,24.0,1998.0,34.0,30.0,2602.0,28.9,0.0,1.0,1.0,0.0,0.0,0.0,11.0,0.0,0.0,0.03,0.03,0.0,0.03,28.9,0.0,18.0,2.0,11.1,0.62,0.07,0.0,0.0,0.0,0.0,77.0,76.1,30,83.0,17,4,31.0,0,1.06,20.0,43.0,-23.0,-0.8,-0.58,0.0,57.0,37.0,0.0,47.0,23.0,50.0,,,0.0,,,,,,,,,,,,,,,
ITA-Serie A,2324,Fiorentina,Alfred Duncan,GHA,MF,30.0,1993.0,30.0,24.0,1888.0,21.0,2.0,5.0,7.0,2.0,0.0,0.0,2.0,0.0,0.1,0.24,0.33,0.1,0.33,21.0,2.0,23.0,6.0,26.1,1.1,0.29,0.09,0.33,0.0,0.0,63.0,55.2,24,75.0,6,6,16.0,7,1.63,35.0,25.0,10.0,0.48,0.18,0.0,26.0,15.0,3.0,67.0,10.0,24.0,,,0.0,,,,,,,,,,,,,,,
ITA-Serie A,2324,Fiorentina,Andrea Belotti,ITA,FW,29.0,1993.0,15.0,11.0,949.0,10.5,3.0,0.0,3.0,3.0,0.0,0.0,0.0,0.0,0.28,0.0,0.28,0.28,0.28,10.5,3.0,32.0,9.0,28.1,3.03,0.85,0.09,0.33,0.0,0.0,63.0,27.7,11,78.0,4,4,24.0,0,1.33,17.0,15.0,2.0,0.19,-0.28,0.0,15.0,22.0,7.0,4.0,3.0,3.0,,,0.0,,,,,,,,,,,,,,,
ITA-Serie A,2324,Fiorentina,Antonín Barák,CZE,"MF,FW",28.0,1994.0,21.0,8.0,808.0,9.0,2.0,3.0,5.0,2.0,0.0,0.0,2.0,0.0,0.22,0.33,0.56,0.22,0.56,9.0,2.0,20.0,8.0,40.0,2.23,0.89,0.1,0.25,0.0,0.0,38.0,23.6,8,77.0,4,13,15.0,14,1.62,15.0,10.0,5.0,0.56,0.21,0.0,8.0,7.0,1.0,4.0,2.0,2.0,,,0.0,,,,,,,,,,,,,,,
ITA-Serie A,2324,Fiorentina,Arthur Melo,BRA,MF,26.0,1996.0,33.0,23.0,1986.0,22.1,2.0,3.0,5.0,1.0,1.0,1.0,2.0,0.0,0.09,0.14,0.23,0.05,0.18,22.1,2.0,12.0,6.0,50.0,0.54,0.27,0.17,0.33,1.0,1.0,60.0,58.1,23,74.0,4,10,28.0,4,1.73,41.0,26.0,15.0,0.68,0.68,0.0,18.0,47.0,0.0,21.0,19.0,29.0,,,0.0,,,,,,,,,,,,,,,
ITA-Serie A,2324,Fiorentina,Christian Kouamé,CIV,MF,25.0,1997.0,23.0,11.0,1089.0,12.1,2.0,1.0,3.0,2.0,0.0,0.0,0.0,0.0,0.17,0.08,0.25,0.17,0.25,12.1,2.0,24.0,7.0,29.2,1.98,0.58,0.08,0.29,0.0,0.0,47.0,31.8,11,74.0,4,12,23.0,4,1.74,20.0,10.0,10.0,0.83,0.63,0.0,17.0,25.0,0.0,20.0,2.0,3.0,,,0.0,,,,,,,,,,,,,,,
ITA-Serie A,2324,Fiorentina,Cristiano Biraghi,ITA,DF,30.0,1992.0,29.0,27.0,2356.0,26.2,2.0,5.0,7.0,2.0,0.0,1.0,8.0,0.0,0.08,0.19,0.27,0.08,0.27,26.2,2.0,17.0,6.0,35.3,0.65,0.23,0.12,0.33,0.0,1.0,81.0,68.9,27,86.0,21,2,14.0,7,1.59,39.0,31.0,8.0,0.31,-0.29,0.0,44.0,14.0,1.0,225.0,15.0,30.0,,,0.0,,,,,,,,,,,,,,,
ITA-Serie A,2324,Fiorentina,Davide Faraoni,ITA,DF,31.0,1991.0,8.0,4.0,392.0,4.4,0.0,1.0,1.0,0.0,0.0,0.0,0.0,0.0,0.0,0.23,0.23,0.0,0.23,4.4,0.0,3.0,1.0,33.3,0.69,0.23,0.0,0.0,0.0,0.0,49.0,11.5,4,81.0,2,4,17.0,11,1.38,7.0,8.0,-1.0,-0.23,-0.71,0.0,3.0,6.0,0.0,17.0,5.0,5.0,,,0.0,,,,,,,,,,,,,,,
ITA-Serie A,2324,Fiorentina,Dodô,BRA,DF,24.0,1998.0,9.0,7.0,523.0,5.8,0.0,0.0,0.0,0.0,0.0,0.0,0.0,0.0,0.0,0.0,0.0,0.0,0.0,5.8,0.0,2.0,1.0,50.0,0.34,0.17,0.0,0.0,0.0,0.0,58.0,15.3,7,72.0,4,2,9.0,8,1.56,10.0,14.0,-4.0,-0.69,-1.28,0.0,7.0,8.0,0.0,19.0,5.0,3.0,,,0.0,,,,,,,,,,,,,,,
ITA-Serie A,2324,Fiorentina,Fabiano Parisi,ITA,DF,22.0,2000.0,21.0,16.0,1454.0,16.2,0.0,1.0,1.0,0.0,0.0,0.0,4.0,0.0,0.0,0.06,0.06,0.0,0.06,16.2,0.0,12.0,2.0,16.7,0.74,0.12,0.0,0.0,0.0,0.0,69.0,42.5,16,86.0,13,5,14.0,16,1.38,25.0,20.0,5.0,0.31,-0.15,0.0,14.0,38.0,0.0,42.0,17.0,14.0,,,0.0,,,,,,,,,,,,,,,
ITA-Serie A,2324,Fiorentina,Gaetano Castrovilli,ITA,MF,26.0,1997.0,6.0,5.0,367.0,4.1,1.0,2.0,3.0,1.0,0.0,0.0,0.0,0.0,0.25,0.49,0.74,0.25,0.74,4.1,1.0,5.0,2.0,40.0,1.23,0.49,0.2,0.5,0.0,0.0,61.0,10.7,5,72.0,1,1,8.0,5,2.5,8.0,7.0,1.0,0.25,-0.17,0.0,4.0,5.0,1.0,9.0,2.0,2.0,,,0.0,,,,,,,,,,,,,,,
ITA-Serie A,2324,Fiorentina,Giacomo Bonaventura,ITA,MF,33.0,1989.0,31.0,27.0,2277.0,25.3,8.0,3.0,11.0,8.0,0.0,1.0,6.0,0.0,0.32,0.12,0.43,0.32,0.43,25.3,8.0,52.0,16.0,30.8,2.06,0.63,0.15,0.5,0.0,1.0,73.0,66.6,27,80.0,11,4,28.0,4,1.35,35.0,29.0,6.0,0.24,-0.47,0.0,20.0,35.0,1.0,55.0,12.0,13.0,,,0.0,,,,,,,,,,,,,,,
ITA-Serie A,2324,Fiorentina,Gino Infantino,ARG,MF,20.0,2003.0,6.0,0.0,96.0,1.1,0.0,0.0,0.0,0.0,0.0,0.0,1.0,0.0,0.0,0.0,0.0,0.0,0.0,1.1,0.0,1.0,0.0,0.0,0.94,0.0,0.0,,0.0,0.0,16.0,2.8,0,,0,6,16.0,32,2.17,2.0,2.0,0.0,0.0,-0.41,0.0,4.0,2.0,0.0,0.0,3.0,1.0,,,0.0,,,,,,,,,,,,,,,
ITA-Serie A,2324,Fiorentina,Jonathan Ikone,FRA,MF,25.0,1998.0,28.0,18.0,1682.0,18.7,3.0,1.0,4.0,3.0,0.0,0.0,5.0,0.0,0.16,0.05,0.21,0.16,0.21,18.7,3.0,39.0,16.0,41.0,2.09,0.86,0.08,0.19,0.0,0.0,60.0,49.2,18,80.0,7,10,25.0,4,1.57,26.0,18.0,8.0,0.43,0.07,0.0,16.0,15.0,5.0,11.0,2.0,12.0,,,0.0,,,,,,,,,,,,,,,
ITA-Serie A,2324,Fiorentina,Josip Brekalo,CRO,MF,25.0,1998.0,11.0,8.0,652.0,7.2,1.0,0.0,1.0,1.0,0.0,0.0,0.0,0.0,0.14,0.0,0.14,0.14,0.14,7.2,1.0,9.0,4.0,44.4,1.24,0.55,0.11,0.25,0.0,0.0,59.0,19.1,8,72.0,2,3,27.0,9,1.82,13.0,11.0,2.0,0.28,-0.15,0.0,13.0,6.0,1.0,22.0,1.0,6.0,,,0.0,,,,,,,,,,,,,,,
ITA-Serie A,2324,Fiorentina,Lorenzo Amatucci,ITA,MF,19.0,2004.0,2.0,0.0,22.0,0.2,0.0,0.0,0.0,0.0,0.0,0.0,0.0,0.0,0.0,0.0,0.0,0.0,0.0,0.2,0.0,1.0,0.0,0.0,4.09,0.0,0.0,,0.0,0.0,11.0,0.6,0,,0,2,11.0,15,1.5,0.0,0.0,0.0,0.0,-0.4,0.0,1.0,0.0,0.0,0.0,0.0,0.0,,,0.0,,,,,,,,,,,,,,,
ITA-Serie A,2324,Fiorentina,Luca Ranieri,ITA,DF,24.0,1999.0,26.0,23.0,2065.0,22.9,2.0,1.0,3.0,2.0,0.0,0.0,14.0,0.0,0.09,0.04,0.13,0.09,0.13,22.9,2.0,10.0,3.0,30.0,0.44,0.13,0.2,0.67,0.0,0.0,79.0,60.4,23,87.0,19,3,22.0,10,1.69,38.0,28.0,10.0,0.44,0.1,0.0,32.0,11.0,1.0,13.0,27.0,11.0,,,0.0,,,,,,,,,,,,,,,
ITA-Serie A,2324,Fiorentina,Lucas Beltrán,ARG,"FW,MF",22.0,2001.0,32.0,21.0,1692.0,18.8,6.0,2.0,8.0,5.0,1.0,1.0,6.0,0.0,0.32,0.11,0.43,0.27,0.37,18.8,6.0,32.0,9.0,28.1,1.7,0.48,0.19,0.67,1.0,1.0,53.0,49.5,21,69.0,3,11,22.0,3,1.44,32.0,21.0,11.0,0.59,0.38,0.0,24.0,28.0,4.0,7.0,2.0,14.0,,,0.0,,,,,,,,,,,,,,,
ITA-Serie A,2324,Fiorentina,Lucas Martínez Quarta,ARG,DF,27.0,1996.0,29.0,26.0,2291.0,25.5,5.0,1.0,6.0,5.0,0.0,0.0,9.0,0.0,0.2,0.04,0.24,0.2,0.24,25.5,5.0,24.0,7.0,29.2,0.94,0.27,0.21,0.71,0.0,0.0,79.0,67.0,26,86.0,21,3,19.0,5,1.69,42.0,30.0,12.0,0.47,0.23,0.0,41.0,13.0,1.0,5.0,29.0,52.0,,,0.0,,,,,,,,,,,,,,,
ITA-Serie A,2324,Fiorentina,M'Bala Nzola,ANG,FW,26.0,1996.0,33.0,15.0,1552.0,17.2,3.0,3.0,6.0,2.0,1.0,1.0,2.0,0.0,0.17,0.17,0.35,0.12,0.29,17.2,3.0,32.0,13.0,40.6,1.86,0.75,0.09,0.23,1.0,1.0,47.0,45.4,15,77.0,7,18,22.0,1,1.48,26.0,26.0,0.0,0.0,-0.72,0.0,37.0,7.0,21.0,6.0,0.0,8.0,,,0.0,,,,,,,,,,,,,,,
ITA-Serie A,2324,Fiorentina,Maxime Lopez,FRA,MF,25.0,1997.0,19.0,7.0,800.0,8.9,0.0,0.0,0.0,0.0,0.0,0.0,1.0,0.0,0.0,0.0,0.0,0.0,0.0,8.9,0.0,4.0,2.0,50.0,0.45,0.23,0.0,0.0,0.0,0.0,42.0,23.4,7,75.0,2,12,23.0,15,1.47,9.0,10.0,-1.0,-0.11,-0.66,0.0,8.0,5.0,0.0,16.0,7.0,7.0,,,0.0,,,,,,,,,,,,,,,
ITA-Serie A,2324,Fiorentina,Michael Kayode,ITA,DF,19.0,2004.0,26.0,22.0,2058.0,22.9,1.0,1.0,2.0,1.0,0.0,0.0,2.0,0.0,0.04,0.04,0.09,0.04,0.09,22.9,1.0,7.0,2.0,28.6,0.31,0.09,0.14,0.5,0.0,0.0,79.0,60.2,22,85.0,14,4,45.0,8,1.88,39.0,20.0,19.0,0.83,1.1,0.0,14.0,19.0,2.0,65.0,18.0,30.0,,,0.0,,,,,,,,,,,,,,,
ITA-Serie A,2324,Fiorentina,Nicolás González,ARG,MF,25.0,1998.0,29.0,21.0,1913.0,21.3,12.0,2.0,14.0,11.0,1.0,3.0,1.0,0.0,0.56,0.09,0.66,0.52,0.61,21.3,12.0,87.0,35.0,40.2,4.09,1.65,0.14,0.34,1.0,3.0,66.0,55.9,21,80.0,13,8,29.0,1,1.41,36.0,28.0,8.0,0.38,-0.04,0.0,21.0,36.0,2.0,40.0,12.0,18.0,,,0.0,,,,,,,,,,,,,,,
ITA-Serie A,2324,Fiorentina,Nikola Milenković,SRB,DF,25.0,1997.0,34.0,27.0,2510.0,27.9,0.0,0.0,0.0,0.0,0.0,0.0,4.0,0.0,0.0,0.0,0.0,0.0,0.0,27.9,0.0,10.0,3.0,30.0,0.36,0.11,0.0,0.0,0.0,0.0,74.0,73.4,27,89.0,26,7,15.0,4,1.56,45.0,35.0,10.0,0.36,-0.14,0.0,30.0,23.0,0.0,0.0,27.0,19.0,,,0.0,,,,,,,,,,,,,,,
ITA-Serie A,2324,Fiorentina,Oliver Christensen,DEN,GK,24.0,1999.0,4.0,4.0,360.0,4.0,0.0,0.0,0.0,0.0,0.0,0.0,0.0,0.0,0.0,0.0,0.0,0.0,0.0,4.0,0.0,0.0,0.0,,0.0,0.0,,,0.0,0.0,90.0,10.5,4,90.0,4,0,,24,1.0,8.0,9.0,-1.0,-0.25,-0.72,0.0,2.0,1.0,0.0,0.0,0.0,0.0,,,0.0,9.0,2.25,19.0,10.0,52.6,1.0,1.0,2.0,0.0,0.0,2.0,2.0,0.0,0.0,0.0
ITA-Serie A,2324,Fiorentina,Pietro Comuzzo,ITA,DF,18.0,2005.0,4.0,0.0,43.0,0.5,0.0,0.0,0.0,0.0,0.0,0.0,1.0,0.0,0.0,0.0,0.0,0.0,0.0,0.5,0.0,0.0,0.0,,0.0,0.0,,,0.0,0.0,11.0,1.3,0,,0,4,11.0,28,3.0,2.0,0.0,2.0,4.19,3.84,0.0,1.0,0.0,0.0,0.0,1.0,1.0,,,0.0,,,,,,,,,,,,,,,
ITA-Serie A,2324,Fiorentina,Pietro Terracciano,ITA,GK,33.0,1990.0,33.0,33.0,2970.0,33.0,0.0,0.0,0.0,0.0,0.0,0.0,3.0,0.0,0.0,0.0,0.0,0.0,0.0,33.0,0.0,0.0,0.0,,0.0,0.0,,,0.0,0.0,90.0,86.8,33,90.0,33,0,,5,1.61,50.0,35.0,15.0,0.45,0.45,0.0,2.0,2.0,0.0,0.0,0.0,0.0,,,0.0,35.0,1.06,126.0,91.0,72.2,15.0,8.0,10.0,8.0,24.2,7.0,6.0,1.0,0.0,14.3
ITA-Serie A,2324,Fiorentina,Riccardo Sottil,ITA,MF,24.0,1999.0,22.0,13.0,1103.0,12.3,2.0,3.0,5.0,2.0,0.0,0.0,1.0,0.0,0.16,0.24,0.41,0.16,0.41,12.3,2.0,34.0,13.0,38.2,2.77,1.06,0.06,0.15,0.0,0.0,50.0,32.3,13,70.0,1,9,21.0,10,1.41,20.0,12.0,8.0,0.65,0.38,0.0,8.0,34.0,6.0,46.0,2.0,5.0,,,0.0,,,,,,,,,,,,,,,
ITA-Serie A,2324,Fiorentina,Rolando Mandragora,ITA,MF,26.0,1997.0,33.0,16.0,1588.0,17.6,3.0,3.0,6.0,3.0,0.0,0.0,5.0,0.0,0.17,0.17,0.34,0.17,0.34,17.6,3.0,30.0,11.0,36.7,1.7,0.62,0.1,0.27,0.0,0.0,48.0,46.4,16,78.0,7,17,20.0,3,1.42,28.0,24.0,4.0,0.23,-0.31,0.0,26.0,25.0,0.0,34.0,9.0,10.0,,,0.0,,,,,,,,,,,,,,,
ITA-Serie A,2324,Fiorentina,Tommaso Martinelli,ITA,GK,17.0,2006.0,1.0,1.0,90.0,1.0,0.0,0.0,0.0,0.0,0.0,0.0,0.0,0.0,0.0,0.0,0.0,0.0,0.0,1.0,0.0,0.0,0.0,,0.0,0.0,,,0.0,0.0,90.0,2.6,1,90.0,1,0,,31,3.0,3.0,2.0,1.0,1.0,0.62,0.0,0.0,0.0,0.0,0.0,0.0,0.0,,,0.0,2.0,2.0,3.0,1.0,33.3,1.0,0.0,0.0,0.0,0.0,0.0,0.0,0.0,0.0,
ITA-Serie A,2324,Fiorentina,Yerry Mina,COL,DF,28.0,1994.0,4.0,0.0,44.0,0.5,0.0,0.0,0.0,0.0,0.0,0.0,1.0,0.0,0.0,0.0,0.0,0.0,0.0,0.5,0.0,1.0,0.0,0.0,2.05,0.0,0.0,,0.0,0.0,11.0,1.3,0,,0,4,11.0,10,2.25,0.0,0.0,0.0,0.0,-0.4,0.0,3.0,2.0,0.0,0.0,0.0,1.0,,,0.0,,,,,,,,,,,,,,,
ITA-Serie A,2324,Frosinone,Abdou Harroui,NED,MF,25.0,1998.0,18.0,13.0,1019.0,11.3,3.0,3.0,6.0,2.0,1.0,1.0,2.0,0.0,0.26,0.26,0.53,0.18,0.44,11.3,3.0,33.0,12.0,36.4,2.91,1.06,0.09,0.25,1.0,1.0,57.0,29.8,13,70.0,0,5,22.0,2,0.67,15.0,29.0,-14.0,-1.24,-0.82,0.0,17.0,16.0,1.0,12.0,5.0,11.0,,,0.0,,,,,,,,,,,,,,,
ITA-Serie A,2324,Frosinone,Anthony Oyono,GAB,"DF,MF",22.0,2001.0,16.0,14.0,1198.0,13.3,0.0,1.0,1.0,0.0,0.0,0.0,4.0,0.0,0.0,0.08,0.08,0.0,0.08,13.3,0.0,4.0,1.0,25.0,0.3,0.08,0.0,0.0,0.0,0.0,75.0,35.0,14,84.0,12,2,10.0,0,1.19,15.0,23.0,-8.0,-0.6,0.09,0.0,13.0,11.0,0.0,12.0,9.0,27.0,,,0.0,,,,,,,,,,,,,,,
ITA-Serie A,2324,Frosinone,Arijon Ibrahimović,GER,"MF,FW",17.0,2005.0,16.0,5.0,474.0,5.3,1.0,1.0,2.0,1.0,0.0,0.0,1.0,0.0,0.19,0.19,0.38,0.19,0.38,5.3,1.0,12.0,4.0,33.3,2.28,0.76,0.08,0.25,0.0,0.0,30.0,13.9,5,70.0,0,11,11.0,15,0.75,4.0,7.0,-3.0,-0.57,0.1,0.0,3.0,4.0,2.0,7.0,1.0,6.0,,,0.0,,,,,,,,,,,,,,,
ITA-Serie A,2324,Frosinone,Caleb Okoli,ITA,DF,22.0,2001.0,34.0,32.0,2914.0,32.4,0.0,1.0,1.0,0.0,0.0,0.0,9.0,0.0,0.0,0.03,0.03,0.0,0.03,32.4,0.0,13.0,4.0,30.8,0.4,0.12,0.0,0.0,0.0,0.0,86.0,85.2,32,89.0,30,2,28.0,1,0.91,35.0,58.0,-23.0,-0.71,-0.35,0.0,27.0,26.0,0.0,1.0,31.0,34.0,,,0.0,,,,,,,,,,,,,,,
ITA-Serie A,2324,Frosinone,Demba Seck,SEN,"FW,MF",22.0,2001.0,11.0,3.0,298.0,3.3,0.0,0.0,0.0,0.0,0.0,0.0,0.0,0.0,0.0,0.0,0.0,0.0,0.0,3.3,0.0,7.0,2.0,28.6,2.11,0.6,0.0,0.0,0.0,0.0,27.0,8.7,3,63.0,0,8,14.0,4,0.45,4.0,7.0,-3.0,-0.91,-0.27,0.0,9.0,7.0,2.0,2.0,1.0,5.0,,,0.0,,,,,,,,,,,,,,,
ITA-Serie A,2324,Frosinone,Emanuele Valeri,ITA,"MF,DF",24.0,1998.0,16.0,14.0,1178.0,13.1,0.0,1.0,1.0,0.0,0.0,0.0,3.0,0.0,0.0,0.08,0.08,0.0,0.08,13.1,0.0,20.0,3.0,15.0,1.53,0.23,0.0,0.0,0.0,0.0,74.0,34.4,14,82.0,12,2,13.0,0,0.75,11.0,22.0,-11.0,-0.84,-0.28,0.0,12.0,8.0,0.0,72.0,10.0,14.0,,,0.0,,,,,,,,,,,,,,,
ITA-Serie A,2324,Frosinone,Enzo Barrenechea,ARG,MF,22.0,2001.0,36.0,32.0,2811.0,31.2,0.0,1.0,1.0,0.0,0.0,0.0,10.0,0.0,0.0,0.03,0.03,0.0,0.03,31.2,0.0,20.0,3.0,15.0,0.64,0.1,0.0,0.0,0.0,0.0,78.0,82.2,32,86.0,20,4,13.0,0,0.94,36.0,54.0,-18.0,-0.58,0.46,0.0,32.0,52.0,0.0,1.0,28.0,42.0,,,0.0,,,,,,,,,,,,,,,
ITA-Serie A,2324,Frosinone,Farés Ghedjemis,ALG,FW,20.0,2002.0,6.0,1.0,182.0,2.0,0.0,0.0,0.0,0.0,0.0,0.0,1.0,0.0,0.0,0.0,0.0,0.0,0.0,2.0,0.0,3.0,2.0,66.7,1.48,0.99,0.0,0.0,0.0,0.0,30.0,5.3,1,62.0,0,5,24.0,11,0.83,2.0,3.0,-1.0,-0.49,0.17,0.0,2.0,0.0,1.0,6.0,1.0,0.0,,,0.0,,,,,,,,,,,,,,,
ITA-Serie A,2324,Frosinone,Francesco Gelli,ITA,"MF,DF",26.0,1996.0,27.0,16.0,1561.0,17.3,0.0,0.0,0.0,0.0,0.0,0.0,3.0,0.0,0.0,0.0,0.0,0.0,0.0,17.3,0.0,10.0,3.0,30.0,0.58,0.17,0.0,0.0,0.0,0.0,58.0,45.6,16,86.0,9,11,17.0,2,0.93,22.0,40.0,-18.0,-1.04,-0.7,0.0,16.0,41.0,1.0,53.0,10.0,13.0,,,0.0,,,,,,,,,,,,,,,
ITA-Serie A,2324,Frosinone,Gennaro Borrelli,ITA,FW,23.0,2000.0,1.0,0.0,24.0,0.3,0.0,0.0,0.0,0.0,0.0,0.0,0.0,0.0,0.0,0.0,0.0,0.0,0.0,0.3,0.0,0.0,0.0,,0.0,0.0,,,0.0,0.0,24.0,0.7,0,,0,1,24.0,1,0.0,0.0,1.0,-1.0,-3.75,-3.11,0.0,0.0,0.0,2.0,1.0,0.0,0.0,,,0.0,,,,,,,,,,,,,,,
ITA-Serie A,2324,Frosinone,Giorgi Kvernadze,GEO,FW,20.0,2003.0,5.0,0.0,63.0,0.7,0.0,0.0,0.0,0.0,0.0,0.0,0.0,0.0,0.0,0.0,0.0,0.0,0.0,0.7,0.0,0.0,0.0,,0.0,0.0,,,0.0,0.0,13.0,1.8,0,,0,5,13.0,30,0.2,0.0,3.0,-3.0,-4.29,-3.7,0.0,3.0,1.0,0.0,1.0,1.0,0.0,,,0.0,,,,,,,,,,,,,,,
ITA-Serie A,2324,Frosinone,Giuseppe Caso,ITA,FW,24.0,1998.0,14.0,2.0,417.0,4.6,0.0,0.0,0.0,0.0,0.0,0.0,2.0,0.0,0.0,0.0,0.0,0.0,0.0,4.6,0.0,7.0,4.0,57.1,1.51,0.86,0.0,0.0,0.0,0.0,30.0,12.2,2,64.0,0,12,24.0,8,0.93,10.0,10.0,0.0,0.0,0.75,0.0,5.0,14.0,1.0,2.0,0.0,3.0,,,0.0,,,,,,,,,,,,,,,
ITA-Serie A,2324,Frosinone,Ilario Monterisi,ITA,DF,21.0,2001.0,24.0,16.0,1469.0,16.3,2.0,2.0,4.0,2.0,0.0,0.0,1.0,0.0,0.12,0.12,0.25,0.12,0.25,16.3,2.0,5.0,3.0,60.0,0.31,0.18,0.4,0.67,0.0,0.0,61.0,43.0,16,84.0,13,8,16.0,10,0.92,19.0,35.0,-16.0,-0.98,-0.57,0.0,10.0,17.0,1.0,5.0,8.0,13.0,,,0.0,,,,,,,,,,,,,,,
ITA-Serie A,2324,Frosinone,Jaime Báez,URU,"MF,FW",28.0,1995.0,11.0,6.0,500.0,5.6,1.0,0.0,1.0,1.0,0.0,0.0,1.0,0.0,0.18,0.0,0.18,0.18,0.18,5.6,1.0,9.0,2.0,22.2,1.62,0.36,0.11,0.5,0.0,0.0,45.0,14.6,6,60.0,0,5,28.0,21,1.09,9.0,7.0,2.0,0.36,1.19,0.0,6.0,15.0,5.0,24.0,4.0,1.0,,,0.0,,,,,,,,,,,,,,,
ITA-Serie A,2324,Frosinone,Kaio Jorge,BRA,FW,21.0,2002.0,20.0,8.0,812.0,9.0,3.0,0.0,3.0,2.0,1.0,2.0,2.0,0.0,0.33,0.0,0.33,0.22,0.22,9.0,3.0,27.0,13.0,48.1,2.99,1.44,0.11,0.23,1.0,2.0,41.0,23.7,8,78.0,2,12,15.0,11,0.6,13.0,20.0,-7.0,-0.78,-0.15,0.0,8.0,10.0,2.0,3.0,2.0,4.0,,,0.0,,,,,,,,,,,,,,,
ITA-Serie A,2324,Frosinone,Karlo Lulić,CRO,MF,27.0,1996.0,1.0,0.0,19.0,0.2,0.0,0.0,0.0,0.0,0.0,0.0,0.0,0.0,0.0,0.0,0.0,0.0,0.0,0.2,0.0,0.0,0.0,,0.0,0.0,,,0.0,0.0,19.0,0.6,0,,0,1,19.0,13,1.0,0.0,0.0,0.0,0.0,0.66,0.0,0.0,0.0,0.0,0.0,1.0,0.0,,,0.0,,,,,,,,,,,,,,,
ITA-Serie A,2324,Frosinone,Kevin Bonifazi,ITA,DF,27.0,1996.0,6.0,3.0,309.0,3.4,0.0,0.0,0.0,0.0,0.0,0.0,0.0,0.0,0.0,0.0,0.0,0.0,0.0,3.4,0.0,0.0,0.0,,0.0,0.0,,,0.0,0.0,52.0,9.0,3,90.0,3,3,13.0,3,1.33,1.0,10.0,-9.0,-2.62,-2.16,0.0,4.0,1.0,0.0,0.0,3.0,3.0,,,0.0,,,,,,,,,,,,,,,
ITA-Serie A,2324,Frosinone,Luca Garritano,ITA,MF,29.0,1994.0,12.0,5.0,485.0,5.4,0.0,0.0,0.0,0.0,0.0,0.0,1.0,0.0,0.0,0.0,0.0,0.0,0.0,5.4,0.0,12.0,3.0,25.0,2.23,0.56,0.0,0.0,0.0,0.0,40.0,14.2,5,67.0,0,7,21.0,25,1.17,8.0,9.0,-1.0,-0.19,0.55,0.0,6.0,7.0,0.0,16.0,3.0,5.0,,,0.0,,,,,,,,,,,,,,,
ITA-Serie A,2324,Frosinone,Luca Mazzitelli,ITA,MF,27.0,1995.0,29.0,26.0,2210.0,24.6,5.0,0.0,5.0,5.0,0.0,0.0,6.0,1.0,0.2,0.0,0.2,0.2,0.2,24.6,5.0,49.0,18.0,36.7,2.0,0.73,0.1,0.28,0.0,0.0,76.0,64.6,26,82.0,11,3,27.0,3,0.97,30.0,38.0,-8.0,-0.33,0.94,1.0,45.0,36.0,1.0,43.0,20.0,26.0,,,0.0,,,,,,,,,,,,,,,
ITA-Serie A,2324,Frosinone,Luigi Canotto,ITA,"FW,MF",29.0,1994.0,1.0,0.0,16.0,0.2,0.0,0.0,0.0,0.0,0.0,0.0,0.0,0.0,0.0,0.0,0.0,0.0,0.0,0.2,0.0,0.0,0.0,,0.0,0.0,,,0.0,0.0,16.0,0.5,0,,0,1,16.0,1,0.0,0.0,1.0,-1.0,-5.63,-4.99,0.0,0.0,1.0,0.0,0.0,0.0,0.0,,,0.0,,,,,,,,,,,,,,,
ITA-Serie A,2324,Frosinone,Marco Brescianini,ITA,MF,23.0,2000.0,36.0,24.0,2321.0,25.8,4.0,2.0,6.0,4.0,0.0,0.0,1.0,0.0,0.16,0.08,0.23,0.16,0.23,25.8,4.0,31.0,11.0,35.5,1.2,0.43,0.13,0.36,0.0,0.0,64.0,67.9,24,83.0,11,12,28.0,1,0.94,29.0,49.0,-20.0,-0.78,-0.37,0.0,35.0,24.0,5.0,20.0,9.0,12.0,,,0.0,,,,,,,,,,,,,,,
ITA-Serie A,2324,Frosinone,Marvin Cuni,ALB,FW,22.0,2001.0,22.0,6.0,534.0,5.9,1.0,0.0,1.0,1.0,0.0,0.0,0.0,0.0,0.17,0.0,0.17,0.17,0.17,5.9,1.0,10.0,2.0,20.0,1.69,0.34,0.1,0.5,0.0,0.0,24.0,15.6,6,63.0,0,16,10.0,9,0.86,8.0,7.0,1.0,0.17,0.98,0.0,13.0,12.0,3.0,4.0,1.0,3.0,,,0.0,,,,,,,,,,,,,,,
ITA-Serie A,2324,Frosinone,Mateus Lusuardi,BRA,DF,19.0,2004.0,4.0,3.0,219.0,2.4,0.0,0.0,0.0,0.0,0.0,0.0,1.0,0.0,0.0,0.0,0.0,0.0,0.0,2.4,0.0,1.0,0.0,0.0,0.41,0.0,0.0,,0.0,0.0,55.0,6.4,3,73.0,1,1,1.0,20,0.25,3.0,8.0,-5.0,-2.05,-1.49,0.0,2.0,0.0,0.0,1.0,4.0,1.0,,,0.0,,,,,,,,,,,,,,,
ITA-Serie A,2324,Frosinone,Matìas Soulé,ARG,"MF,FW",20.0,2003.0,36.0,36.0,3121.0,34.7,11.0,3.0,14.0,6.0,5.0,6.0,4.0,0.0,0.32,0.09,0.4,0.17,0.26,34.7,11.0,84.0,25.0,29.8,2.42,0.72,0.13,0.44,5.0,6.0,87.0,91.3,36,87.0,17,0,,0,0.89,40.0,62.0,-22.0,-0.63,0.27,0.0,18.0,47.0,2.0,99.0,18.0,27.0,,,1.0,,,,,,,,,,,,,,,
ITA-Serie A,2324,Frosinone,Mehdi Bourabia,MAR,MF,31.0,1991.0,10.0,3.0,200.0,2.2,0.0,0.0,0.0,0.0,0.0,0.0,1.0,0.0,0.0,0.0,0.0,0.0,0.0,2.2,0.0,2.0,0.0,0.0,0.9,0.0,0.0,,0.0,0.0,20.0,5.8,3,50.0,0,7,7.0,10,0.9,1.0,9.0,-8.0,-3.6,-3.12,0.0,5.0,1.0,1.0,3.0,1.0,4.0,,,0.0,,,,,,,,,,,,,,,
ITA-Serie A,2324,Frosinone,Michele Cerofolini,ITA,GK,24.0,1999.0,8.0,7.0,675.0,7.5,0.0,0.0,0.0,0.0,0.0,0.0,1.0,0.0,0.0,0.0,0.0,0.0,0.0,7.5,0.0,0.0,0.0,,0.0,0.0,,,0.0,0.0,84.0,19.7,7,90.0,7,1,45.0,30,1.38,7.0,11.0,-4.0,-0.53,0.16,0.0,1.0,0.0,0.0,0.0,0.0,0.0,,,1.0,11.0,1.47,29.0,18.0,62.1,2.0,2.0,3.0,0.0,0.0,1.0,0.0,0.0,1.0,
ITA-Serie A,2324,Frosinone,Nadir Zortea,ITA,"MF,DF",24.0,1999.0,14.0,14.0,1258.0,14.0,1.0,5.0,6.0,1.0,0.0,0.0,3.0,0.0,0.07,0.36,0.43,0.07,0.43,14.0,1.0,10.0,5.0,50.0,0.72,0.36,0.1,0.2,0.0,0.0,90.0,36.8,14,90.0,12,0,,0,1.07,15.0,18.0,-3.0,-0.21,0.7,0.0,15.0,14.0,0.0,74.0,4.0,13.0,,,0.0,,,,,,,,,,,,,,,
ITA-Serie A,2324,Frosinone,Pol Lirola,ESP,"DF,MF",25.0,1997.0,25.0,18.0,1536.0,17.1,2.0,1.0,3.0,2.0,0.0,0.0,1.0,0.0,0.12,0.06,0.18,0.12,0.18,17.1,2.0,9.0,3.0,33.3,0.53,0.18,0.22,0.67,0.0,0.0,61.0,44.9,18,74.0,7,7,29.0,2,0.84,18.0,29.0,-11.0,-0.64,0.02,0.0,7.0,11.0,2.0,25.0,18.0,19.0,,,0.0,,,,,,,,,,,,,,,
ITA-Serie A,2324,Frosinone,Przemysław Szymiński,POL,DF,29.0,1994.0,1.0,0.0,9.0,0.1,0.0,0.0,0.0,0.0,0.0,0.0,0.0,0.0,0.0,0.0,0.0,0.0,0.0,0.1,0.0,0.0,0.0,,0.0,0.0,,,0.0,0.0,9.0,0.3,0,,0,1,9.0,1,3.0,0.0,0.0,0.0,0.0,0.66,0.0,0.0,0.0,0.0,0.0,0.0,0.0,,,0.0,,,,,,,,,,,,,,,
ITA-Serie A,2324,Frosinone,Reinier,BRA,"MF,FW",21.0,2002.0,22.0,13.0,1059.0,11.8,2.0,2.0,4.0,2.0,0.0,0.0,3.0,0.0,0.17,0.17,0.34,0.17,0.34,11.8,2.0,14.0,6.0,42.9,1.19,0.51,0.14,0.33,0.0,0.0,48.0,31.0,13,70.0,0,9,17.0,10,0.95,12.0,18.0,-6.0,-0.51,0.21,0.0,17.0,9.0,1.0,12.0,10.0,10.0,,,0.0,,,,,,,,,,,,,,,
ITA-Serie A,2324,Frosinone,Riccardo Marchizza,ITA,DF,25.0,1998.0,13.0,13.0,1148.0,12.8,0.0,4.0,4.0,0.0,0.0,0.0,1.0,0.0,0.0,0.31,0.31,0.0,0.31,12.8,0.0,8.0,3.0,37.5,0.63,0.24,0.0,0.0,0.0,0.0,88.0,33.6,13,88.0,12,0,,7,1.38,18.0,21.0,-3.0,-0.24,0.64,0.0,6.0,3.0,0.0,22.0,7.0,6.0,,,0.0,,,,,,,,,,,,,,,
ITA-Serie A,2324,Frosinone,Simone Romagnoli,ITA,DF,33.0,1990.0,33.0,30.0,2715.0,30.2,1.0,1.0,2.0,1.0,0.0,0.0,6.0,0.0,0.03,0.03,0.07,0.03,0.07,30.2,1.0,12.0,1.0,8.3,0.4,0.03,0.08,1.0,0.0,0.0,82.0,79.4,30,87.0,28,3,35.0,3,0.97,38.0,47.0,-9.0,-0.3,1.74,0.0,24.0,7.0,0.0,1.0,28.0,17.0,,,0.0,,,,,,,,,,,,,,,
ITA-Serie A,2324,Frosinone,Stefano Turati,ITA,GK,21.0,2001.0,31.0,31.0,2745.0,30.5,0.0,0.0,0.0,0.0,0.0,0.0,0.0,0.0,0.0,0.0,0.0,0.0,0.0,30.5,0.0,0.0,0.0,,0.0,0.0,,,0.0,0.0,89.0,80.3,31,89.0,30,0,,2,0.87,37.0,58.0,-21.0,-0.69,-0.16,0.0,0.0,3.0,0.0,0.0,0.0,0.0,,,0.0,58.0,1.9,155.0,97.0,62.6,6.0,9.0,16.0,4.0,12.9,7.0,5.0,1.0,1.0,16.7
ITA-Serie A,2324,Frosinone,Walid Cheddira,MAR,FW,25.0,1998.0,36.0,24.0,2120.0,23.6,7.0,1.0,8.0,6.0,1.0,1.0,0.0,0.0,0.3,0.04,0.34,0.25,0.3,23.6,7.0,60.0,28.0,46.7,2.55,1.19,0.12,0.25,1.0,1.0,59.0,62.0,24,80.0,5,12,18.0,1,0.89,23.0,44.0,-21.0,-0.89,-0.61,0.0,27.0,43.0,16.0,3.0,4.0,7.0,,,0.0,,,,,,,,,,,,,,,
ITA-Serie A,2324,Genoa,Aarón Martín,ESP,"MF,DF",26.0,1997.0,22.0,17.0,1376.0,15.3,0.0,1.0,1.0,0.0,0.0,0.0,4.0,1.0,0.0,0.07,0.07,0.0,0.07,15.3,0.0,5.0,0.0,0.0,0.33,0.0,0.0,,0.0,0.0,63.0,40.2,17,76.0,7,5,17.0,10,1.27,22.0,20.0,2.0,0.13,0.22,1.0,23.0,17.0,2.0,105.0,7.0,10.0,,,0.0,,,,,,,,,,,,,,,
ITA-Serie A,2324,Genoa,Alan Matturro,URU,MF,18.0,2004.0,6.0,1.0,106.0,1.2,0.0,0.0,0.0,0.0,0.0,0.0,0.0,0.0,0.0,0.0,0.0,0.0,0.0,1.2,0.0,1.0,0.0,0.0,0.85,0.0,0.0,,0.0,0.0,18.0,3.1,1,75.0,0,5,6.0,15,2.33,3.0,3.0,0.0,0.0,0.0,0.0,0.0,0.0,0.0,0.0,2.0,1.0,,,1.0,,,,,,,,,,,,,,,
ITA-Serie A,2324,Genoa,Albert Guðmundsson,ISL,"FW,MF",26.0,1997.0,35.0,34.0,3016.0,33.5,14.0,4.0,18.0,10.0,4.0,5.0,4.0,0.0,0.42,0.12,0.54,0.3,0.42,33.5,14.0,56.0,23.0,41.1,1.67,0.69,0.25,0.61,4.0,5.0,86.0,88.2,34,88.0,26,1,24.0,0,1.34,40.0,37.0,3.0,0.09,0.76,0.0,28.0,46.0,11.0,179.0,11.0,10.0,,,0.0,,,,,,,,,,,,,,,
ITA-Serie A,2324,Genoa,Alessandro Vogliacco,ITA,DF,24.0,1998.0,20.0,14.0,1169.0,13.0,0.0,1.0,1.0,0.0,0.0,0.0,4.0,0.0,0.0,0.08,0.08,0.0,0.08,13.0,0.0,5.0,0.0,0.0,0.38,0.0,0.0,,0.0,0.0,58.0,34.2,14,80.0,5,6,9.0,12,1.5,16.0,17.0,-1.0,-0.08,-0.12,0.0,14.0,4.0,1.0,12.0,30.0,15.0,,,0.0,,,,,,,,,,,,,,,
ITA-Serie A,2324,Genoa,Berkan Kutlu,TUR,MF,25.0,1998.0,6.0,0.0,199.0,2.2,0.0,0.0,0.0,0.0,0.0,0.0,0.0,0.0,0.0,0.0,0.0,0.0,0.0,2.2,0.0,4.0,1.0,25.0,1.81,0.45,0.0,0.0,0.0,0.0,33.0,5.8,0,,0,6,33.0,10,1.33,3.0,4.0,-1.0,-0.45,-0.48,0.0,4.0,4.0,0.0,12.0,4.0,3.0,,,0.0,,,,,,,,,,,,,,,
ITA-Serie A,2324,Genoa,Caleb Ekuban,GHA,FW,29.0,1994.0,29.0,10.0,1131.0,12.6,4.0,1.0,5.0,4.0,0.0,0.0,0.0,0.0,0.32,0.08,0.4,0.32,0.4,12.6,4.0,27.0,12.0,44.4,2.15,0.95,0.15,0.33,0.0,0.0,39.0,33.1,10,70.0,1,19,22.0,2,1.28,16.0,15.0,1.0,0.08,0.12,0.0,17.0,27.0,3.0,4.0,1.0,4.0,,,0.0,,,,,,,,,,,,,,,
ITA-Serie A,2324,Genoa,Christos Papadopoulos,GRE,MF,18.0,2004.0,1.0,0.0,4.0,0.0,0.0,0.0,0.0,0.0,0.0,0.0,0.0,0.0,0.0,0.0,0.0,0.0,0.0,0.0,0.0,0.0,0.0,,0.0,0.0,,,0.0,0.0,4.0,0.1,0,,0,1,4.0,7,1.0,0.0,0.0,0.0,0.0,0.0,0.0,0.0,1.0,0.0,0.0,0.0,0.0,,,0.0,,,,,,,,,,,,,,,
ITA-Serie A,2324,Genoa,Daniele Sommariva,ITA,GK,26.0,1997.0,1.0,0.0,5.0,0.1,0.0,0.0,0.0,0.0,0.0,0.0,0.0,0.0,0.0,0.0,0.0,0.0,0.0,0.1,0.0,0.0,0.0,,0.0,0.0,,,0.0,0.0,5.0,0.1,0,,0,1,5.0,36,3.0,0.0,0.0,0.0,0.0,0.0,0.0,0.0,0.0,0.0,0.0,0.0,0.0,,,0.0,0.0,0.0,0.0,0.0,,0.0,0.0,0.0,1.0,,0.0,0.0,0.0,0.0,
ITA-Serie A,2324,Genoa,David Akpan Ankeye,NGA,FW,21.0,2002.0,6.0,0.0,57.0,0.6,0.0,0.0,0.0,0.0,0.0,0.0,0.0,0.0,0.0,0.0,0.0,0.0,0.0,0.6,0.0,0.0,0.0,,0.0,0.0,,,0.0,0.0,10.0,1.7,0,,0,6,10.0,6,1.33,0.0,0.0,0.0,0.0,0.0,0.0,2.0,1.0,0.0,1.0,0.0,0.0,,,0.0,,,,,,,,,,,,,,,
ITA-Serie A,2324,Genoa,Davide Biraschi,ITA,DF,29.0,1994.0,1.0,1.0,90.0,1.0,1.0,0.0,1.0,1.0,0.0,0.0,0.0,0.0,1.0,0.0,1.0,1.0,1.0,1.0,1.0,1.0,1.0,100.0,1.0,1.0,1.0,1.0,0.0,0.0,90.0,2.6,1,90.0,1,0,,2,0.0,1.0,4.0,-3.0,-3.0,-3.08,0.0,0.0,2.0,0.0,0.0,3.0,3.0,,,0.0,,,,,,,,,,,,,,,
ITA-Serie A,2324,Genoa,Djed Spence,ENG,MF,22.0,2000.0,16.0,8.0,859.0,9.5,0.0,0.0,0.0,0.0,0.0,0.0,1.0,0.0,0.0,0.0,0.0,0.0,0.0,9.5,0.0,2.0,1.0,50.0,0.21,0.1,0.0,0.0,0.0,0.0,54.0,25.1,8,79.0,6,8,29.0,2,1.63,10.0,9.0,1.0,0.1,0.14,0.0,7.0,9.0,1.0,13.0,9.0,10.0,,,0.0,,,,,,,,,,,,,,,
ITA-Serie A,2324,Genoa,Emil Bohinen,NOR,MF,24.0,1999.0,5.0,0.0,56.0,0.6,0.0,0.0,0.0,0.0,0.0,0.0,0.0,0.0,0.0,0.0,0.0,0.0,0.0,0.6,0.0,0.0,0.0,,0.0,0.0,,,0.0,0.0,11.0,1.6,0,,0,5,11.0,12,2.6,0.0,0.0,0.0,0.0,0.0,0.0,0.0,0.0,0.0,2.0,0.0,1.0,,,0.0,,,,,,,,,,,,,,,
ITA-Serie A,2324,Genoa,Filip Jagiełło,POL,MF,25.0,1997.0,2.0,0.0,33.0,0.4,0.0,0.0,0.0,0.0,0.0,0.0,0.0,0.0,0.0,0.0,0.0,0.0,0.0,0.4,0.0,0.0,0.0,,0.0,0.0,,,0.0,0.0,17.0,1.0,0,,0,2,17.0,13,1.5,0.0,0.0,0.0,0.0,0.0,0.0,0.0,0.0,0.0,0.0,1.0,0.0,,,0.0,,,,,,,,,,,,,,,
ITA-Serie A,2324,Genoa,George Pușcaș,ROU,FW,27.0,1996.0,8.0,1.0,191.0,2.1,0.0,0.0,0.0,0.0,0.0,0.0,0.0,0.0,0.0,0.0,0.0,0.0,0.0,2.1,0.0,11.0,5.0,45.5,5.18,2.36,0.0,0.0,0.0,0.0,24.0,5.6,1,90.0,1,7,14.0,11,0.63,1.0,5.0,-4.0,-1.88,-2.0,0.0,1.0,0.0,0.0,0.0,0.0,0.0,,,0.0,,,,,,,,,,,,,,,
ITA-Serie A,2324,Genoa,Giorgio Cittadini,ITA,DF,21.0,2002.0,5.0,1.0,106.0,1.2,0.0,0.0,0.0,0.0,0.0,0.0,0.0,0.0,0.0,0.0,0.0,0.0,0.0,1.2,0.0,0.0,0.0,,0.0,0.0,,,0.0,0.0,21.0,3.1,1,76.0,0,4,8.0,10,1.8,3.0,0.0,3.0,2.55,2.63,0.0,2.0,4.0,0.0,0.0,3.0,5.0,,,0.0,,,,,,,,,,,,,,,
ITA-Serie A,2324,Genoa,Johan Vásquez,MEX,DF,24.0,1998.0,37.0,32.0,2850.0,31.7,1.0,1.0,2.0,1.0,0.0,0.0,6.0,0.0,0.03,0.03,0.06,0.03,0.06,31.7,1.0,34.0,10.0,29.4,1.07,0.32,0.03,0.1,0.0,0.0,77.0,83.3,32,85.0,26,5,25.0,0,1.32,35.0,33.0,2.0,0.06,0.38,0.0,36.0,38.0,4.0,29.0,48.0,32.0,,,0.0,,,,,,,,,,,,,,,
ITA-Serie A,2324,Genoa,Josep Martinez,ESP,GK,25.0,1998.0,36.0,36.0,3239.0,36.0,0.0,0.0,0.0,0.0,0.0,0.0,4.0,1.0,0.0,0.0,0.0,0.0,0.0,36.0,0.0,0.0,0.0,,0.0,0.0,,,0.0,0.0,90.0,94.7,36,90.0,35,0,,1,1.28,43.0,43.0,0.0,0.0,0.0,1.0,2.0,11.0,0.0,0.0,0.0,0.0,,,0.0,43.0,1.19,130.0,87.0,66.9,11.0,13.0,12.0,8.0,22.2,4.0,3.0,1.0,0.0,25.0
ITA-Serie A,2324,Genoa,Junior Messias,BRA,"MF,FW",32.0,1991.0,18.0,13.0,1053.0,11.7,1.0,0.0,1.0,1.0,0.0,0.0,0.0,0.0,0.09,0.0,0.09,0.09,0.09,11.7,1.0,22.0,3.0,13.6,1.88,0.26,0.05,0.33,0.0,0.0,59.0,30.8,13,76.0,4,5,12.0,1,1.06,14.0,12.0,2.0,0.17,0.25,0.0,7.0,22.0,5.0,24.0,5.0,19.0,,,0.0,,,,,,,,,,,,,,,
ITA-Serie A,2324,Genoa,Kevin Strootman,NED,MF,33.0,1990.0,27.0,15.0,1207.0,13.4,0.0,2.0,2.0,0.0,0.0,0.0,4.0,0.0,0.0,0.15,0.15,0.0,0.15,13.4,0.0,1.0,0.0,0.0,0.07,0.0,0.0,,0.0,0.0,45.0,35.3,15,66.0,2,12,19.0,3,1.41,16.0,14.0,2.0,0.15,0.23,0.0,16.0,6.0,0.0,20.0,7.0,19.0,,,0.0,,,,,,,,,,,,,,,
ITA-Serie A,2324,Genoa,Koni De Winter,BEL,DF,21.0,2002.0,29.0,26.0,2380.0,26.4,0.0,1.0,1.0,0.0,0.0,0.0,8.0,1.0,0.0,0.04,0.04,0.0,0.04,26.4,0.0,11.0,2.0,18.2,0.42,0.08,0.0,0.0,0.0,0.0,82.0,69.6,26,86.0,22,3,44.0,5,1.31,33.0,29.0,4.0,0.15,0.5,1.0,38.0,11.0,0.0,5.0,23.0,25.0,,,0.0,,,,,,,,,,,,,,,
ITA-Serie A,2324,Genoa,Mateo Retegui,ITA,FW,24.0,1999.0,29.0,26.0,2216.0,24.6,7.0,2.0,9.0,6.0,1.0,1.0,5.0,0.0,0.28,0.08,0.37,0.24,0.32,24.6,7.0,63.0,23.0,36.5,2.56,0.93,0.11,0.3,1.0,1.0,76.0,64.8,26,82.0,14,3,27.0,1,1.24,32.0,29.0,3.0,0.12,0.35,0.0,36.0,25.0,4.0,19.0,0.0,11.0,,,0.0,,,,,,,,,,,,,,,
ITA-Serie A,2324,Genoa,Mattia Bani,ITA,DF,29.0,1993.0,27.0,27.0,2306.0,25.6,2.0,0.0,2.0,2.0,0.0,0.0,9.0,0.0,0.08,0.0,0.08,0.08,0.08,25.6,2.0,9.0,5.0,55.6,0.35,0.2,0.22,0.4,0.0,0.0,85.0,67.4,27,85.0,23,0,,3,1.37,28.0,32.0,-4.0,-0.16,-0.48,0.0,21.0,28.0,2.0,2.0,21.0,10.0,,,0.0,,,,,,,,,,,,,,,
ITA-Serie A,2324,Genoa,Milan Badelj,CRO,MF,34.0,1989.0,33.0,32.0,2535.0,28.2,1.0,3.0,4.0,1.0,0.0,0.0,6.0,0.0,0.04,0.11,0.14,0.04,0.14,28.2,1.0,21.0,5.0,23.8,0.75,0.18,0.05,0.2,0.0,0.0,77.0,74.1,32,79.0,10,1,23.0,2,1.27,34.0,30.0,4.0,0.14,0.55,0.0,23.0,14.0,0.0,13.0,49.0,28.0,,,0.0,,,,,,,,,,,,,,,
ITA-Serie A,2324,Genoa,Morten Frendrup,DEN,MF,22.0,2001.0,37.0,36.0,3145.0,34.9,2.0,5.0,7.0,2.0,0.0,0.0,6.0,0.0,0.06,0.14,0.2,0.06,0.2,34.9,2.0,30.0,4.0,13.3,0.86,0.11,0.07,0.5,0.0,0.0,85.0,92.0,36,87.0,31,1,20.0,0,1.24,40.0,43.0,-3.0,-0.09,-1.07,0.0,49.0,35.0,1.0,12.0,48.0,72.0,,,0.0,,,,,,,,,,,,,,,
ITA-Serie A,2324,Genoa,Morten Thorsby,NOR,MF,27.0,1996.0,24.0,9.0,1157.0,12.9,2.0,2.0,4.0,2.0,0.0,0.0,2.0,0.0,0.16,0.16,0.31,0.16,0.31,12.9,2.0,13.0,7.0,53.8,1.01,0.54,0.15,0.29,0.0,0.0,48.0,33.8,9,84.0,7,15,27.0,12,1.46,18.0,20.0,-2.0,-0.16,-0.24,0.0,28.0,7.0,6.0,9.0,4.0,11.0,,,0.0,,,,,,,,,,,,,,,
ITA-Serie A,2324,Genoa,Nicola Leali,ITA,GK,30.0,1993.0,3.0,2.0,176.0,2.0,0.0,0.0,0.0,0.0,0.0,0.0,1.0,0.0,0.0,0.0,0.0,0.0,0.0,2.0,0.0,0.0,0.0,,0.0,0.0,,,0.0,0.0,59.0,5.1,2,88.0,1,1,1.0,34,1.0,2.0,2.0,0.0,0.0,0.0,0.0,0.0,0.0,0.0,0.0,0.0,0.0,,,0.0,2.0,1.02,9.0,7.0,77.8,1.0,0.0,1.0,1.0,50.0,0.0,0.0,0.0,0.0,
ITA-Serie A,2324,Genoa,Pablo Galdames Millán,CHI,MF,26.0,1996.0,2.0,0.0,11.0,0.1,0.0,0.0,0.0,0.0,0.0,0.0,0.0,0.0,0.0,0.0,0.0,0.0,0.0,0.1,0.0,1.0,1.0,100.0,8.18,8.18,0.0,0.0,0.0,0.0,6.0,0.3,0,,0,2,6.0,13,0.0,0.0,2.0,-2.0,-16.36,-16.42,0.0,1.0,0.0,0.0,0.0,0.0,0.0,,,0.0,,,,,,,,,,,,,,,
ITA-Serie A,2324,Genoa,Radu Drăgușin,ROU,DF,21.0,2002.0,19.0,19.0,1710.0,19.0,2.0,1.0,3.0,2.0,0.0,0.0,1.0,0.0,0.11,0.05,0.16,0.11,0.16,19.0,2.0,17.0,4.0,23.5,0.89,0.21,0.12,0.5,0.0,0.0,90.0,50.0,19,90.0,19,0,,0,1.11,20.0,24.0,-4.0,-0.21,-0.42,0.0,14.0,14.0,0.0,1.0,21.0,12.0,,,0.0,,,,,,,,,,,,,,,
ITA-Serie A,2324,Genoa,Ridgeciano Haps,SUR,MF,30.0,1993.0,16.0,7.0,773.0,8.6,0.0,1.0,1.0,0.0,0.0,0.0,0.0,0.0,0.0,0.12,0.12,0.0,0.12,8.6,0.0,4.0,0.0,0.0,0.47,0.0,0.0,,0.0,0.0,48.0,22.6,7,85.0,2,9,20.0,13,1.06,7.0,9.0,-2.0,-0.23,-0.3,0.0,3.0,16.0,1.0,16.0,6.0,6.0,,,0.0,,,,,,,,,,,,,,,
ITA-Serie A,2324,Genoa,Ruslan Malinovskyi,UKR,"MF,FW",30.0,1993.0,28.0,18.0,1544.0,17.2,4.0,1.0,5.0,4.0,0.0,0.0,7.0,0.0,0.23,0.06,0.29,0.23,0.29,17.2,4.0,39.0,13.0,33.3,2.27,0.76,0.1,0.31,0.0,0.0,55.0,45.1,18,76.0,6,10,18.0,2,1.25,20.0,19.0,1.0,0.06,0.11,0.0,30.0,17.0,0.0,19.0,5.0,22.0,,,0.0,,,,,,,,,,,,,,,
ITA-Serie A,2324,Genoa,Seydou Fini,ITA,FW,17.0,2006.0,3.0,0.0,35.0,0.4,0.0,0.0,0.0,0.0,0.0,0.0,0.0,0.0,0.0,0.0,0.0,0.0,0.0,0.4,0.0,2.0,0.0,0.0,5.14,0.0,0.0,,0.0,0.0,12.0,1.0,0,,0,3,12.0,12,0.33,0.0,2.0,-2.0,-5.14,-5.2,0.0,0.0,2.0,0.0,1.0,0.0,0.0,,,0.0,,,,,,,,,,,,,,,
ITA-Serie A,2324,Genoa,Silvan Hefti,SUI,MF,25.0,1997.0,6.0,1.0,114.0,1.3,0.0,0.0,0.0,0.0,0.0,0.0,0.0,0.0,0.0,0.0,0.0,0.0,0.0,1.3,0.0,0.0,0.0,,0.0,0.0,,,0.0,0.0,19.0,3.3,1,58.0,0,5,11.0,11,0.5,1.0,8.0,-7.0,-5.53,-5.72,0.0,2.0,1.0,0.0,2.0,0.0,1.0,,,0.0,,,,,,,,,,,,,,,
ITA-Serie A,2324,Genoa,Stefano Sabelli,ITA,"MF,DF",30.0,1993.0,32.0,30.0,2429.0,27.0,0.0,1.0,1.0,0.0,0.0,0.0,5.0,0.0,0.0,0.04,0.04,0.0,0.04,27.0,0.0,9.0,3.0,33.3,0.33,0.11,0.0,0.0,0.0,0.0,76.0,71.0,30,79.0,6,2,29.0,2,1.34,33.0,25.0,8.0,0.3,1.02,0.0,36.0,36.0,4.0,98.0,23.0,23.0,,,0.0,,,,,,,,,,,,,,,
ITA-Serie A,2324,Genoa,Vitinha,POR,"MF,FW",23.0,2000.0,9.0,2.0,285.0,3.2,2.0,0.0,2.0,2.0,0.0,0.0,2.0,0.0,0.63,0.0,0.63,0.63,0.63,3.2,2.0,14.0,5.0,35.7,4.42,1.58,0.14,0.4,0.0,0.0,32.0,8.3,2,83.0,1,7,17.0,1,1.0,4.0,4.0,0.0,0.0,0.0,0.0,10.0,8.0,2.0,9.0,0.0,2.0,,,0.0,,,,,,,,,,,,,,,
ITA-Serie A,2324,Hellas Verona,Alphadjo Cissè,ITA,MF,16.0,2006.0,1.0,0.0,8.0,0.1,0.0,0.0,0.0,0.0,0.0,0.0,0.0,0.0,0.0,0.0,0.0,0.0,0.0,0.1,0.0,0.0,0.0,,0.0,0.0,,,0.0,0.0,8.0,0.2,0,,0,1,8.0,8,1.0,0.0,0.0,0.0,0.0,0.34,0.0,1.0,0.0,0.0,0.0,0.0,0.0,,,0.0,,,,,,,,,,,,,,,
ITA-Serie A,2324,Hellas Verona,Bruno Amione,ARG,DF,21.0,2002.0,10.0,7.0,579.0,6.4,0.0,0.0,0.0,0.0,0.0,0.0,2.0,0.0,0.0,0.0,0.0,0.0,0.0,6.4,0.0,5.0,3.0,60.0,0.78,0.47,0.0,0.0,0.0,0.0,58.0,16.9,7,76.0,3,3,16.0,12,1.0,7.0,12.0,-5.0,-0.78,-0.52,0.0,10.0,6.0,0.0,1.0,9.0,7.0,,,0.0,,,,,,,,,,,,,,,
ITA-Serie A,2324,Hellas Verona,Charlys,BRA,MF,19.0,2004.0,2.0,0.0,25.0,0.3,0.0,0.0,0.0,0.0,0.0,0.0,0.0,0.0,0.0,0.0,0.0,0.0,0.0,0.3,0.0,0.0,0.0,,0.0,0.0,,,0.0,0.0,13.0,0.7,0,,0,2,13.0,32,0.5,0.0,1.0,-1.0,-3.6,-3.28,0.0,0.0,0.0,0.0,0.0,1.0,0.0,,,0.0,,,,,,,,,,,,,,,
ITA-Serie A,2324,Hellas Verona,Cyril Ngonge,BEL,"MF,FW",23.0,2000.0,19.0,17.0,1431.0,15.9,6.0,2.0,8.0,6.0,0.0,0.0,4.0,0.0,0.38,0.13,0.5,0.38,0.5,15.9,6.0,42.0,14.0,33.3,2.64,0.88,0.14,0.43,0.0,0.0,75.0,41.8,17,80.0,7,2,36.0,1,0.89,14.0,22.0,-8.0,-0.5,-0.28,0.0,30.0,22.0,3.0,50.0,3.0,10.0,,,0.0,,,,,,,,,,,,,,,
ITA-Serie A,2324,Hellas Verona,Daniel Bandeira,POR,MF,23.0,2000.0,14.0,3.0,446.0,5.0,0.0,0.0,0.0,0.0,0.0,0.0,2.0,0.0,0.0,0.0,0.0,0.0,0.0,5.0,0.0,3.0,0.0,0.0,0.61,0.0,0.0,,0.0,0.0,32.0,13.0,3,78.0,1,11,19.0,3,1.21,6.0,11.0,-5.0,-1.01,-0.77,0.0,5.0,3.0,0.0,6.0,4.0,5.0,,,0.0,,,,,,,,,,,,,,,
ITA-Serie A,2324,Hellas Verona,Darko Lazović,SRB,MF,32.0,1990.0,32.0,22.0,1928.0,21.4,3.0,2.0,5.0,2.0,1.0,1.0,0.0,1.0,0.14,0.09,0.23,0.09,0.19,21.4,3.0,34.0,14.0,41.2,1.59,0.65,0.09,0.21,1.0,1.0,60.0,56.4,22,72.0,1,10,34.0,0,0.91,21.0,27.0,-6.0,-0.28,0.14,0.0,5.0,6.0,13.0,96.0,6.0,17.0,,,0.0,,,,,,,,,,,,,,,
ITA-Serie A,2324,Hellas Verona,Davide Faraoni,ITA,MF,31.0,1991.0,11.0,7.0,602.0,6.7,0.0,1.0,1.0,0.0,0.0,0.0,5.0,0.0,0.0,0.15,0.15,0.0,0.15,6.7,0.0,7.0,1.0,14.3,1.05,0.15,0.0,0.0,0.0,0.0,55.0,17.6,7,69.0,1,4,30.0,3,0.45,3.0,11.0,-8.0,-1.2,-1.04,0.0,11.0,9.0,0.0,19.0,6.0,10.0,,,0.0,,,,,,,,,,,,,,,
ITA-Serie A,2324,Hellas Verona,Diego Coppola,ITA,DF,19.0,2003.0,24.0,18.0,1634.0,18.2,2.0,0.0,2.0,2.0,0.0,0.0,9.0,0.0,0.11,0.0,0.11,0.11,0.11,18.2,2.0,13.0,3.0,23.1,0.72,0.17,0.15,0.67,0.0,0.0,68.0,47.8,18,87.0,14,6,11.0,13,1.21,22.0,25.0,-3.0,-0.17,0.34,0.0,32.0,4.0,0.0,0.0,28.0,22.0,,,0.0,,,,,,,,,,,,,,,
ITA-Serie A,2324,Hellas Verona,Elayis Tavsan,NED,"FW,MF",22.0,2001.0,3.0,0.0,50.0,0.6,0.0,0.0,0.0,0.0,0.0,0.0,0.0,0.0,0.0,0.0,0.0,0.0,0.0,0.6,0.0,3.0,1.0,33.3,5.4,1.8,0.0,0.0,0.0,0.0,17.0,1.5,0,,0,3,17.0,13,0.67,0.0,1.0,-1.0,-1.8,-1.48,0.0,1.0,0.0,0.0,1.0,0.0,0.0,,,0.0,,,,,,,,,,,,,,,
ITA-Serie A,2324,Hellas Verona,Fabien Centonze,FRA,DF,27.0,1996.0,10.0,7.0,676.0,7.5,0.0,1.0,1.0,0.0,0.0,0.0,2.0,0.0,0.0,0.13,0.13,0.0,0.13,7.5,0.0,1.0,0.0,0.0,0.13,0.0,0.0,,0.0,0.0,68.0,19.8,7,85.0,5,3,27.0,6,1.1,8.0,11.0,-3.0,-0.4,-0.07,0.0,13.0,7.0,1.0,28.0,9.0,8.0,,,0.0,,,,,,,,,,,,,,,
ITA-Serie A,2324,Hellas Verona,Federico Bonazzoli,ITA,FW,26.0,1997.0,24.0,10.0,1016.0,11.3,3.0,1.0,4.0,3.0,0.0,0.0,2.0,0.0,0.27,0.09,0.35,0.27,0.35,11.3,3.0,27.0,13.0,48.1,2.39,1.15,0.11,0.23,0.0,0.0,42.0,29.7,10,62.0,0,14,28.0,14,0.88,13.0,12.0,1.0,0.09,0.61,0.0,10.0,20.0,9.0,6.0,3.0,1.0,,,0.0,,,,,,,,,,,,,,,
ITA-Serie A,2324,Hellas Verona,Filippo Terracciano,ITA,"MF,DF",20.0,2003.0,18.0,14.0,1296.0,14.4,0.0,1.0,1.0,0.0,0.0,0.0,1.0,0.0,0.0,0.07,0.07,0.0,0.07,14.4,0.0,8.0,3.0,37.5,0.56,0.21,0.0,0.0,0.0,0.0,72.0,37.9,14,85.0,10,4,28.0,0,0.78,12.0,17.0,-5.0,-0.35,-0.01,0.0,14.0,32.0,0.0,59.0,19.0,17.0,,,0.0,,,,,,,,,,,,,,,
ITA-Serie A,2324,Hellas Verona,Giangiacomo Magnani,ITA,DF,27.0,1995.0,33.0,27.0,2444.0,27.2,0.0,0.0,0.0,0.0,0.0,0.0,6.0,0.0,0.0,0.0,0.0,0.0,0.0,27.2,0.0,11.0,2.0,18.2,0.41,0.07,0.0,0.0,0.0,0.0,74.0,71.5,27,87.0,24,6,16.0,2,1.0,22.0,34.0,-12.0,-0.44,-0.35,0.0,27.0,30.0,0.0,12.0,45.0,17.0,,,0.0,,,,,,,,,,,,,,,
ITA-Serie A,2324,Hellas Verona,Isak Hien,SWE,DF,24.0,1999.0,10.0,9.0,864.0,9.6,0.0,0.0,0.0,0.0,0.0,0.0,1.0,1.0,0.0,0.0,0.0,0.0,0.0,9.6,0.0,4.0,1.0,25.0,0.42,0.1,0.0,0.0,0.0,0.0,86.0,25.3,9,89.0,8,1,61.0,0,0.8,7.0,11.0,-4.0,-0.42,-0.1,0.0,11.0,2.0,0.0,0.0,7.0,10.0,,,0.0,,,,,,,,,,,,,,,
ITA-Serie A,2324,Hellas Verona,Jackson Tchatchoua,CMR,DF,21.0,2001.0,26.0,19.0,1725.0,19.2,0.0,2.0,2.0,0.0,0.0,0.0,2.0,0.0,0.0,0.1,0.1,0.0,0.1,19.2,0.0,0.0,0.0,,0.0,0.0,,,0.0,0.0,66.0,50.4,19,84.0,13,7,19.0,7,1.04,25.0,26.0,-1.0,-0.05,0.58,0.0,18.0,7.0,2.0,65.0,23.0,26.0,,,0.0,,,,,,,,,,,,,,,
ITA-Serie A,2324,Hellas Verona,Jordi Mboula,ESP,"MF,FW",24.0,1999.0,11.0,5.0,307.0,3.4,0.0,1.0,1.0,0.0,0.0,0.0,0.0,0.0,0.0,0.29,0.29,0.0,0.29,3.4,0.0,4.0,1.0,25.0,1.17,0.29,0.0,0.0,0.0,0.0,28.0,9.0,5,53.0,0,6,7.0,9,1.27,2.0,5.0,-3.0,-0.88,-0.59,0.0,5.0,4.0,2.0,8.0,1.0,3.0,,,0.0,,,,,,,,,,,,,,,
ITA-Serie A,2324,Hellas Verona,Josh Doig,SCO,"MF,DF",21.0,2002.0,12.0,11.0,830.0,9.2,0.0,0.0,0.0,0.0,0.0,0.0,2.0,0.0,0.0,0.0,0.0,0.0,0.0,9.2,0.0,5.0,1.0,20.0,0.54,0.11,0.0,0.0,0.0,0.0,69.0,24.3,11,71.0,2,1,45.0,4,1.08,9.0,12.0,-3.0,-0.33,0.02,0.0,7.0,4.0,1.0,30.0,4.0,10.0,,,0.0,,,,,,,,,,,,,,,
ITA-Serie A,2324,Hellas Verona,Juan Cruz,ARG,FW,24.0,1999.0,4.0,1.0,109.0,1.2,0.0,0.0,0.0,0.0,0.0,0.0,0.0,0.0,0.0,0.0,0.0,0.0,0.0,1.2,0.0,1.0,0.0,0.0,0.83,0.0,0.0,,0.0,0.0,27.0,3.2,1,57.0,0,3,17.0,15,0.5,0.0,0.0,0.0,0.0,0.35,0.0,1.0,0.0,0.0,1.0,1.0,2.0,,,0.0,,,,,,,,,,,,,,,
ITA-Serie A,2324,Hellas Verona,Juan David Cabal,COL,DF,22.0,2001.0,22.0,17.0,1497.0,16.6,0.0,0.0,0.0,0.0,0.0,0.0,6.0,0.0,0.0,0.0,0.0,0.0,0.0,16.6,0.0,12.0,3.0,25.0,0.72,0.18,0.0,0.0,0.0,0.0,68.0,43.8,17,85.0,11,5,10.0,8,0.95,18.0,21.0,-3.0,-0.18,0.29,0.0,27.0,16.0,1.0,33.0,28.0,29.0,,,0.0,,,,,,,,,,,,,,,
ITA-Serie A,2324,Hellas Verona,Karol Świderski,POL,"FW,MF",26.0,1997.0,15.0,3.0,504.0,5.6,2.0,0.0,2.0,2.0,0.0,0.0,0.0,0.0,0.36,0.0,0.36,0.36,0.36,5.6,2.0,15.0,6.0,40.0,2.68,1.07,0.13,0.33,0.0,0.0,34.0,14.7,3,57.0,0,12,28.0,0,1.27,7.0,7.0,0.0,0.0,0.4,0.0,6.0,13.0,0.0,3.0,1.0,3.0,,,0.0,,,,,,,,,,,,,,,
ITA-Serie A,2324,Hellas Verona,Lorenzo Montipò,ITA,GK,27.0,1996.0,37.0,37.0,3330.0,37.0,0.0,1.0,1.0,0.0,0.0,0.0,0.0,0.0,0.0,0.03,0.03,0.0,0.03,37.0,0.0,0.0,0.0,,0.0,0.0,,,0.0,0.0,90.0,97.4,37,90.0,37,0,,0,1.0,36.0,49.0,-13.0,-0.35,-0.35,0.0,0.0,3.0,0.0,0.0,0.0,1.0,,,0.0,49.0,1.32,153.0,105.0,68.0,9.0,10.0,18.0,8.0,21.6,2.0,2.0,0.0,0.0,0.0
ITA-Serie A,2324,Hellas Verona,Martin Hongla,CMR,MF,25.0,1998.0,15.0,12.0,1084.0,12.0,0.0,0.0,0.0,0.0,0.0,0.0,0.0,0.0,0.0,0.0,0.0,0.0,0.0,12.0,0.0,3.0,0.0,0.0,0.25,0.0,0.0,,0.0,0.0,72.0,31.7,12,83.0,9,3,28.0,4,0.8,8.0,12.0,-4.0,-0.33,0.01,0.0,6.0,6.0,1.0,4.0,7.0,13.0,,,0.0,,,,,,,,,,,,,,,
ITA-Serie A,2324,Hellas Verona,Michael Folorunsho,ITA,MF,25.0,1998.0,34.0,33.0,2781.0,30.9,5.0,1.0,6.0,5.0,0.0,0.0,5.0,0.0,0.16,0.03,0.19,0.16,0.19,30.9,5.0,47.0,14.0,29.8,1.52,0.45,0.11,0.36,0.0,0.0,82.0,81.3,33,84.0,18,1,8.0,0,0.91,28.0,43.0,-15.0,-0.49,-0.77,0.0,50.0,74.0,11.0,64.0,16.0,27.0,,,0.0,,,,,,,,,,,,,,,
ITA-Serie A,2324,Hellas Verona,Milan Đurić,BIH,FW,33.0,1990.0,20.0,13.0,1204.0,13.4,5.0,1.0,6.0,4.0,1.0,3.0,2.0,0.0,0.37,0.07,0.45,0.3,0.37,13.4,5.0,25.0,15.0,60.0,1.87,1.12,0.2,0.33,1.0,3.0,60.0,35.2,13,79.0,4,7,25.0,0,0.85,15.0,21.0,-6.0,-0.45,-0.16,0.0,27.0,19.0,6.0,1.0,1.0,0.0,,,0.0,,,,,,,,,,,,,,,
ITA-Serie A,2324,Hellas Verona,Ondrej Duda,SVK,MF,28.0,1994.0,32.0,29.0,2456.0,27.3,1.0,4.0,5.0,1.0,0.0,1.0,14.0,2.0,0.04,0.15,0.18,0.04,0.18,27.3,1.0,24.0,7.0,29.2,0.88,0.26,0.04,0.14,0.0,1.0,77.0,71.8,29,83.0,16,3,20.0,1,1.13,31.0,36.0,-5.0,-0.18,0.56,2.0,55.0,51.0,0.0,94.0,26.0,36.0,,,0.0,,,,,,,,,,,,,,,
ITA-Serie A,2324,Hellas Verona,Paweł Dawidowicz,POL,DF,28.0,1995.0,28.0,25.0,2143.0,23.8,0.0,0.0,0.0,0.0,0.0,0.0,5.0,0.0,0.0,0.0,0.0,0.0,0.0,23.8,0.0,9.0,1.0,11.1,0.38,0.04,0.0,0.0,0.0,0.0,77.0,62.7,25,84.0,21,3,15.0,2,1.0,20.0,31.0,-11.0,-0.46,-0.32,0.0,33.0,9.0,0.0,2.0,22.0,30.0,,,1.0,,,,,,,,,,,,,,,
ITA-Serie A,2324,Hellas Verona,Reda Belahyane,MAR,MF,19.0,2004.0,2.0,1.0,90.0,1.0,0.0,0.0,0.0,0.0,0.0,0.0,0.0,0.0,0.0,0.0,0.0,0.0,0.0,1.0,0.0,1.0,1.0,100.0,1.0,1.0,0.0,0.0,0.0,0.0,45.0,2.6,1,73.0,0,1,17.0,14,1.0,2.0,2.0,0.0,0.0,0.35,0.0,1.0,1.0,0.0,0.0,1.0,1.0,,,0.0,,,,,,,,,,,,,,,
ITA-Serie A,2324,Hellas Verona,Riccardo Saponara,ITA,"MF,FW",31.0,1991.0,12.0,3.0,342.0,3.8,0.0,0.0,0.0,0.0,0.0,0.0,0.0,0.0,0.0,0.0,0.0,0.0,0.0,3.8,0.0,5.0,1.0,20.0,1.32,0.26,0.0,0.0,0.0,0.0,29.0,10.0,3,67.0,0,9,16.0,6,1.08,4.0,5.0,-1.0,-0.26,0.09,0.0,1.0,3.0,2.0,7.0,0.0,1.0,,,0.0,,,,,,,,,,,,,,,
ITA-Serie A,2324,Hellas Verona,Rúben Vinagre,POR,DF,24.0,1999.0,12.0,2.0,282.0,3.1,0.0,0.0,0.0,0.0,0.0,0.0,0.0,0.0,0.0,0.0,0.0,0.0,0.0,3.1,0.0,2.0,0.0,0.0,0.64,0.0,0.0,,0.0,0.0,24.0,8.2,2,76.0,1,10,13.0,5,1.42,5.0,6.0,-1.0,-0.32,0.03,0.0,5.0,2.0,0.0,16.0,1.0,2.0,,,0.0,,,,,,,,,,,,,,,
ITA-Serie A,2324,Hellas Verona,Simone Perilli,ITA,GK,28.0,1995.0,1.0,1.0,90.0,1.0,0.0,0.0,0.0,0.0,0.0,0.0,0.0,0.0,0.0,0.0,0.0,0.0,0.0,1.0,0.0,0.0,0.0,,0.0,0.0,,,0.0,0.0,90.0,2.6,1,90.0,1,0,,37,1.0,2.0,2.0,0.0,0.0,0.35,0.0,0.0,0.0,0.0,0.0,0.0,0.0,,,0.0,2.0,2.0,10.0,8.0,80.0,0.0,1.0,0.0,0.0,0.0,0.0,0.0,0.0,0.0,
ITA-Serie A,2324,Hellas Verona,Stefan Mitrović,SRB,MF,20.0,2002.0,10.0,4.0,391.0,4.3,0.0,0.0,0.0,0.0,0.0,0.0,0.0,0.0,0.0,0.0,0.0,0.0,0.0,4.3,0.0,7.0,1.0,14.3,1.61,0.23,0.0,0.0,0.0,0.0,39.0,11.4,4,59.0,0,6,26.0,5,1.2,5.0,4.0,1.0,0.23,0.65,0.0,10.0,6.0,1.0,15.0,0.0,3.0,,,0.0,,,,,,,,,,,,,,,
ITA-Serie A,2324,Hellas Verona,Suat Serdar,GER,MF,26.0,1997.0,25.0,19.0,1659.0,18.4,0.0,2.0,2.0,0.0,0.0,0.0,7.0,0.0,0.0,0.11,0.11,0.0,0.11,18.4,0.0,22.0,7.0,31.8,1.19,0.38,0.0,0.0,0.0,0.0,66.0,48.5,19,80.0,11,6,25.0,9,1.08,18.0,26.0,-8.0,-0.43,-0.18,0.0,40.0,18.0,0.0,8.0,17.0,39.0,,,0.0,,,,,,,,,,,,,,,
ITA-Serie A,2324,Hellas Verona,Thomas Henry,FRA,FW,28.0,1994.0,18.0,2.0,334.0,3.7,3.0,0.0,3.0,3.0,0.0,1.0,2.0,2.0,0.81,0.0,0.81,0.81,0.81,3.7,3.0,14.0,7.0,50.0,3.77,1.89,0.21,0.43,0.0,1.0,19.0,9.8,2,56.0,0,16,14.0,8,0.89,3.0,2.0,1.0,0.27,0.68,0.0,15.0,5.0,3.0,3.0,0.0,0.0,,,0.0,,,,,,,,,,,,,,,
ITA-Serie A,2324,Hellas Verona,Tijjani Noslin,NED,"FW,MF",24.0,1999.0,17.0,17.0,1339.0,14.9,5.0,4.0,9.0,5.0,0.0,0.0,2.0,0.0,0.34,0.27,0.6,0.34,0.6,14.9,5.0,36.0,15.0,41.7,2.42,1.01,0.14,0.33,0.0,0.0,79.0,39.2,17,79.0,9,0,,0,1.24,17.0,20.0,-3.0,-0.2,0.23,0.0,24.0,10.0,4.0,15.0,2.0,7.0,,,0.0,,,,,,,,,,,,,,,
ITA-Serie A,2324,Hellas Verona,Tomáš Suslov,SVK,MF,21.0,2002.0,32.0,23.0,2092.0,23.2,3.0,5.0,8.0,2.0,1.0,1.0,7.0,0.0,0.13,0.22,0.34,0.09,0.3,23.2,3.0,52.0,16.0,30.8,2.24,0.69,0.06,0.19,1.0,1.0,65.0,61.2,23,83.0,9,9,21.0,2,0.97,28.0,34.0,-6.0,-0.26,0.22,0.0,40.0,55.0,1.0,72.0,6.0,29.0,,,0.0,,,,,,,,,,,,,,,
ITA-Serie A,2324,Hellas Verona,Yayah Kallon,SLE,FW,22.0,2001.0,1.0,0.0,4.0,0.0,0.0,0.0,0.0,0.0,0.0,0.0,0.0,0.0,0.0,0.0,0.0,0.0,0.0,0.0,0.0,0.0,0.0,,0.0,0.0,,,0.0,0.0,4.0,0.1,0,,0,1,4.0,6,0.0,0.0,1.0,-1.0,-22.5,-22.18,0.0,0.0,0.0,0.0,0.0,0.0,0.0,,,0.0,,,,,,,,,,,,,,,
ITA-Serie A,2324,Inter,Alessandro Bastoni,ITA,DF,24.0,1999.0,28.0,28.0,2268.0,25.2,1.0,3.0,4.0,1.0,0.0,0.0,5.0,0.0,0.04,0.12,0.16,0.04,0.16,25.2,1.0,15.0,6.0,40.0,0.6,0.24,0.07,0.17,0.0,0.0,81.0,66.3,28,81.0,14,0,,6,2.43,53.0,16.0,37.0,1.47,-0.88,0.0,31.0,31.0,0.0,75.0,25.0,32.0,,,0.0,,,,,,,,,,,,,,,
ITA-Serie A,2324,Inter,Alexis Sánchez,CHI,FW,34.0,1988.0,23.0,6.0,763.0,8.5,2.0,5.0,7.0,1.0,1.0,1.0,0.0,0.0,0.24,0.59,0.83,0.12,0.71,8.5,2.0,18.0,6.0,33.3,2.12,0.71,0.11,0.33,1.0,1.0,33.0,22.3,6,77.0,3,17,18.0,10,2.22,16.0,4.0,12.0,1.42,-0.45,0.0,14.0,19.0,8.0,31.0,1.0,6.0,,,0.0,,,,,,,,,,,,,,,
ITA-Serie A,2324,Inter,Benjamin Pavard,FRA,DF,27.0,1996.0,23.0,21.0,1672.0,18.6,0.0,2.0,2.0,0.0,0.0,0.0,6.0,0.0,0.0,0.11,0.11,0.0,0.11,18.6,0.0,15.0,5.0,33.3,0.81,0.27,0.0,0.0,0.0,0.0,73.0,48.9,21,79.0,13,2,4.0,8,2.52,37.0,11.0,26.0,1.4,-0.71,0.0,24.0,15.0,2.0,24.0,31.0,24.0,,,0.0,,,,,,,,,,,,,,,
ITA-Serie A,2324,Inter,Carlos Augusto,BRA,"MF,DF",24.0,1999.0,37.0,14.0,1725.0,19.2,0.0,3.0,3.0,0.0,0.0,0.0,1.0,0.0,0.0,0.16,0.16,0.0,0.16,19.2,0.0,22.0,6.0,27.3,1.15,0.31,0.0,0.0,0.0,0.0,47.0,50.4,14,85.0,11,23,23.0,0,2.51,49.0,8.0,41.0,2.14,0.76,0.0,17.0,6.0,1.0,39.0,14.0,22.0,,,0.0,,,,,,,,,,,,,,,
ITA-Serie A,2324,Inter,Davide Frattesi,ITA,MF,23.0,1999.0,32.0,6.0,955.0,10.6,6.0,3.0,9.0,6.0,0.0,0.0,1.0,0.0,0.57,0.28,0.85,0.57,0.85,10.6,6.0,32.0,14.0,43.8,3.02,1.32,0.19,0.43,0.0,0.0,30.0,27.9,6,76.0,2,26,19.0,4,2.38,26.0,7.0,19.0,1.79,0.04,0.0,12.0,16.0,1.0,11.0,5.0,6.0,,,0.0,,,,,,,,,,,,,,,
ITA-Serie A,2324,Inter,Davy Klaassen,NED,MF,30.0,1993.0,13.0,1.0,206.0,2.3,0.0,0.0,0.0,0.0,0.0,0.0,1.0,0.0,0.0,0.0,0.0,0.0,0.0,2.3,0.0,1.0,0.0,0.0,0.44,0.0,0.0,,0.0,0.0,16.0,6.0,1,53.0,0,12,13.0,23,2.38,6.0,0.0,6.0,2.62,0.91,0.0,3.0,0.0,1.0,0.0,3.0,2.0,,,0.0,,,,,,,,,,,,,,,
ITA-Serie A,2324,Inter,Denzel Dumfries,NED,MF,27.0,1996.0,31.0,19.0,1639.0,18.2,4.0,4.0,8.0,4.0,0.0,0.0,2.0,1.0,0.22,0.22,0.44,0.22,0.44,18.2,4.0,24.0,6.0,25.0,1.32,0.33,0.17,0.67,0.0,0.0,53.0,47.9,19,72.0,5,12,23.0,3,2.35,46.0,13.0,33.0,1.81,0.09,0.0,25.0,18.0,5.0,47.0,12.0,11.0,,,0.0,,,,,,,,,,,,,,,
ITA-Serie A,2324,Inter,Ebenezer Akinsanmiro,NGA,MF,18.0,2004.0,1.0,0.0,15.0,0.2,0.0,0.0,0.0,0.0,0.0,0.0,0.0,0.0,0.0,0.0,0.0,0.0,0.0,0.2,0.0,0.0,0.0,,0.0,0.0,,,0.0,0.0,15.0,0.4,0,,0,1,15.0,4,3.0,0.0,0.0,0.0,0.0,-1.77,0.0,0.0,3.0,0.0,0.0,0.0,0.0,,,0.0,,,,,,,,,,,,,,,
ITA-Serie A,2324,Inter,Emil Audero,IDN,GK,26.0,1997.0,4.0,4.0,337.0,3.7,0.0,0.0,0.0,0.0,0.0,0.0,0.0,0.0,0.0,0.0,0.0,0.0,0.0,3.7,0.0,0.0,0.0,,0.0,0.0,,,0.0,0.0,84.0,9.9,4,84.0,3,0,,34,1.75,8.0,3.0,5.0,1.34,-0.47,0.0,0.0,0.0,0.0,0.0,0.0,0.0,,,0.0,3.0,0.8,11.0,8.0,72.7,2.0,1.0,1.0,2.0,50.0,0.0,0.0,0.0,0.0,
ITA-Serie A,2324,Inter,Federico Dimarco,ITA,MF,25.0,1997.0,30.0,29.0,2077.0,23.1,5.0,6.0,11.0,5.0,0.0,0.0,0.0,0.0,0.22,0.26,0.48,0.22,0.48,23.1,5.0,50.0,19.0,38.0,2.17,0.82,0.1,0.26,0.0,0.0,69.0,60.7,29,71.0,1,1,19.0,6,2.5,54.0,17.0,37.0,1.6,-0.41,0.0,12.0,21.0,5.0,197.0,7.0,26.0,,,0.0,,,,,,,,,,,,,,,
ITA-Serie A,2324,Inter,Francesco Acerbi,ITA,DF,35.0,1988.0,29.0,26.0,2388.0,26.5,3.0,1.0,4.0,3.0,0.0,0.0,1.0,0.0,0.11,0.04,0.15,0.11,0.15,26.5,3.0,15.0,6.0,40.0,0.57,0.23,0.2,0.5,0.0,0.0,82.0,69.8,26,89.0,25,3,25.0,2,2.41,55.0,19.0,36.0,1.36,-1.35,0.0,19.0,24.0,3.0,9.0,32.0,14.0,,,0.0,,,,,,,,,,,,,,,
ITA-Serie A,2324,Inter,Hakan Çalhanoğlu,TUR,MF,29.0,1994.0,32.0,32.0,2556.0,28.4,13.0,3.0,16.0,3.0,10.0,10.0,5.0,0.0,0.46,0.11,0.56,0.11,0.21,28.4,13.0,62.0,23.0,37.1,2.18,0.81,0.21,0.57,10.0,10.0,80.0,74.7,32,80.0,12,0,,3,2.47,59.0,19.0,40.0,1.41,-1.4,0.0,42.0,23.0,0.0,152.0,22.0,37.0,,,0.0,,,,,,,,,,,,,,,
ITA-Serie A,2324,Inter,Henrikh Mkhitaryan,ARM,MF,34.0,1989.0,36.0,35.0,2785.0,30.9,2.0,8.0,10.0,2.0,0.0,0.0,4.0,0.0,0.06,0.26,0.32,0.06,0.32,30.9,2.0,39.0,6.0,15.4,1.26,0.19,0.05,0.33,0.0,0.0,77.0,81.4,35,79.0,14,1,37.0,2,2.5,72.0,19.0,53.0,1.71,-0.27,0.0,35.0,29.0,3.0,31.0,28.0,33.0,,,0.0,,,,,,,,,,,,,,,
ITA-Serie A,2324,Inter,Juan Cuadrado,COL,"DF,FW",35.0,1988.0,10.0,0.0,267.0,3.0,0.0,2.0,2.0,0.0,0.0,0.0,1.0,0.0,0.0,0.67,0.67,0.0,0.67,3.0,0.0,5.0,0.0,0.0,1.69,0.0,0.0,,0.0,0.0,27.0,7.8,0,,0,10,27.0,5,2.1,8.0,0.0,8.0,2.7,1.01,0.0,4.0,6.0,1.0,18.0,1.0,3.0,,,0.0,,,,,,,,,,,,,,,
ITA-Serie A,2324,Inter,Kristjan Asllani,ALB,MF,21.0,2002.0,23.0,6.0,787.0,8.7,1.0,2.0,3.0,1.0,0.0,0.0,1.0,0.0,0.11,0.23,0.34,0.11,0.34,8.7,1.0,15.0,4.0,26.7,1.72,0.46,0.07,0.25,0.0,0.0,34.0,23.0,6,81.0,4,17,18.0,14,2.61,26.0,3.0,23.0,2.63,1.13,0.0,4.0,19.0,0.0,35.0,11.0,2.0,,,0.0,,,,,,,,,,,,,,,
ITA-Serie A,2324,Inter,Lautaro Martínez,ARG,FW,25.0,1997.0,33.0,31.0,2656.0,29.5,24.0,3.0,27.0,22.0,2.0,3.0,5.0,0.0,0.81,0.1,0.91,0.75,0.85,29.5,24.0,109.0,47.0,43.1,3.69,1.59,0.22,0.51,2.0,3.0,80.0,77.7,31,84.0,18,2,32.0,2,2.58,73.0,16.0,57.0,1.93,0.75,0.0,46.0,59.0,12.0,16.0,17.0,14.0,,,0.0,,,,,,,,,,,,,,,
ITA-Serie A,2324,Inter,Lucien Agoume,FRA,MF,21.0,2002.0,1.0,0.0,5.0,0.1,0.0,0.0,0.0,0.0,0.0,0.0,0.0,0.0,0.0,0.0,0.0,0.0,0.0,0.1,0.0,0.0,0.0,,0.0,0.0,,,0.0,0.0,5.0,0.1,0,,0,1,5.0,16,3.0,1.0,0.0,1.0,18.0,16.26,0.0,0.0,0.0,0.0,0.0,0.0,0.0,,,0.0,,,,,,,,,,,,,,,
ITA-Serie A,2324,Inter,Marcus Thuram,FRA,FW,25.0,1997.0,35.0,34.0,2687.0,29.9,13.0,7.0,20.0,13.0,0.0,0.0,3.0,0.0,0.44,0.23,0.67,0.44,0.67,29.9,13.0,77.0,29.0,37.7,2.58,0.97,0.17,0.45,0.0,0.0,77.0,78.6,34,78.0,13,1,26.0,1,2.51,69.0,19.0,50.0,1.67,-0.41,0.0,35.0,45.0,20.0,21.0,2.0,15.0,,,0.0,,,,,,,,,,,,,,,
ITA-Serie A,2324,Inter,Marko Arnautović,AUT,FW,34.0,1989.0,27.0,5.0,801.0,8.9,5.0,3.0,8.0,5.0,0.0,0.0,0.0,0.0,0.56,0.34,0.9,0.56,0.9,8.9,5.0,17.0,9.0,52.9,1.91,1.01,0.29,0.56,0.0,0.0,30.0,23.4,5,74.0,2,22,20.0,3,2.59,22.0,5.0,17.0,1.91,0.19,0.0,11.0,15.0,8.0,7.0,5.0,3.0,,,0.0,,,,,,,,,,,,,,,
ITA-Serie A,2324,Inter,Matteo Darmian,ITA,"MF,DF",33.0,1989.0,33.0,27.0,2404.0,26.7,2.0,1.0,3.0,2.0,0.0,0.0,2.0,0.0,0.07,0.04,0.11,0.07,0.11,26.7,2.0,10.0,6.0,60.0,0.37,0.22,0.2,0.33,0.0,0.0,73.0,70.3,27,81.0,14,6,36.0,5,2.61,62.0,15.0,47.0,1.76,-0.01,0.0,27.0,10.0,1.0,22.0,15.0,24.0,,,0.0,,,,,,,,,,,,,,,
ITA-Serie A,2324,Inter,Nicolò Barella,ITA,MF,26.0,1997.0,37.0,34.0,2846.0,31.6,2.0,3.0,5.0,2.0,0.0,0.0,7.0,0.0,0.06,0.09,0.16,0.06,0.16,31.6,2.0,41.0,12.0,29.3,1.3,0.38,0.05,0.17,0.0,0.0,77.0,83.2,34,81.0,17,3,26.0,0,2.46,72.0,18.0,54.0,1.71,-0.33,0.0,28.0,27.0,3.0,50.0,8.0,28.0,,,0.0,,,,,,,,,,,,,,,
ITA-Serie A,2324,Inter,Raffaele Di Gennaro,ITA,GK,29.0,1993.0,1.0,0.0,23.0,0.3,0.0,0.0,0.0,0.0,0.0,0.0,0.0,0.0,0.0,0.0,0.0,0.0,0.0,0.3,0.0,0.0,0.0,,0.0,0.0,,,0.0,0.0,23.0,0.7,0,,0,1,23.0,36,1.0,0.0,0.0,0.0,0.0,-1.78,0.0,0.0,0.0,0.0,0.0,0.0,0.0,,,0.0,0.0,0.0,4.0,4.0,100.0,0.0,0.0,0.0,0.0,,0.0,0.0,0.0,0.0,
ITA-Serie A,2324,Inter,Stefan de Vrij,NED,DF,31.0,1992.0,25.0,17.0,1586.0,17.6,1.0,0.0,1.0,1.0,0.0,0.0,0.0,0.0,0.06,0.0,0.06,0.06,0.06,17.6,1.0,10.0,3.0,30.0,0.57,0.17,0.1,0.33,0.0,0.0,63.0,46.4,17,86.0,16,8,16.0,9,2.68,48.0,5.0,43.0,2.44,1.26,0.0,8.0,2.0,0.0,0.0,24.0,13.0,,,0.0,,,,,,,,,,,,,,,
ITA-Serie A,2324,Inter,Stefano Sensi,ITA,MF,27.0,1995.0,4.0,0.0,46.0,0.5,0.0,1.0,1.0,0.0,0.0,0.0,0.0,0.0,0.0,1.96,1.96,0.0,1.96,0.5,0.0,2.0,0.0,0.0,3.91,0.0,0.0,,0.0,0.0,12.0,1.3,0,,0,4,12.0,23,3.0,4.0,0.0,4.0,7.83,6.15,0.0,0.0,1.0,0.0,1.0,1.0,1.0,,,0.0,,,,,,,,,,,,,,,
ITA-Serie A,2324,Inter,Tajon Buchanan,CAN,"DF,MF",24.0,1999.0,10.0,0.0,161.0,1.8,1.0,0.0,1.0,1.0,0.0,0.0,0.0,0.0,0.56,0.0,0.56,0.56,0.56,1.8,1.0,4.0,1.0,25.0,2.24,0.56,0.25,1.0,0.0,0.0,16.0,4.7,0,,0,10,16.0,9,1.9,6.0,0.0,6.0,3.35,1.67,0.0,1.0,6.0,1.0,11.0,0.0,1.0,,,0.0,,,,,,,,,,,,,,,
ITA-Serie A,2324,Inter,Yann Aurel Bisseck,GER,DF,22.0,2000.0,16.0,9.0,904.0,10.0,2.0,0.0,2.0,2.0,0.0,0.0,0.0,0.0,0.2,0.0,0.2,0.2,0.2,10.0,2.0,12.0,4.0,33.3,1.19,0.4,0.17,0.5,0.0,0.0,57.0,26.4,9,90.0,8,7,14.0,22,2.5,26.0,6.0,20.0,1.99,0.31,0.0,6.0,11.0,2.0,5.0,6.0,6.0,,,0.0,,,,,,,,,,,,,,,
ITA-Serie A,2324,Inter,Yann Sommer,SUI,GK,34.0,1988.0,34.0,34.0,3060.0,34.0,0.0,0.0,0.0,0.0,0.0,0.0,1.0,0.0,0.0,0.0,0.0,0.0,0.0,34.0,0.0,0.0,0.0,,0.0,0.0,,,0.0,0.0,90.0,89.5,34,90.0,34,0,,3,2.56,81.0,19.0,62.0,1.82,0.57,0.0,1.0,1.0,0.0,0.0,0.0,1.0,,,0.0,19.0,0.56,98.0,79.0,80.6,27.0,6.0,1.0,17.0,50.0,4.0,2.0,1.0,1.0,33.3
ITA-Serie A,2324,Juventus,Adrien Rabiot,FRA,MF,28.0,1995.0,31.0,30.0,2651.0,29.5,5.0,3.0,8.0,5.0,0.0,0.0,8.0,0.0,0.17,0.1,0.27,0.17,0.27,29.5,5.0,38.0,17.0,44.7,1.29,0.58,0.13,0.29,0.0,0.0,86.0,77.5,30,87.0,28,1,33.0,0,1.9,37.0,24.0,13.0,0.44,-0.73,0.0,44.0,38.0,6.0,45.0,25.0,39.0,,,0.0,,,,,,,,,,,,,,,
ITA-Serie A,2324,Juventus,Alex Sandro,BRA,DF,32.0,1991.0,16.0,8.0,721.0,8.0,1.0,0.0,1.0,1.0,0.0,0.0,1.0,0.0,0.12,0.0,0.12,0.12,0.12,8.0,1.0,5.0,1.0,20.0,0.62,0.12,0.2,1.0,0.0,0.0,45.0,21.1,8,80.0,6,8,10.0,9,1.69,13.0,6.0,7.0,0.87,0.34,0.0,18.0,12.0,0.0,5.0,18.0,8.0,,,0.0,,,,,,,,,,,,,,,
ITA-Serie A,2324,Juventus,Andrea Cambiaso,ITA,MF,23.0,2000.0,34.0,28.0,2372.0,26.4,2.0,3.0,5.0,2.0,0.0,0.0,10.0,0.0,0.08,0.11,0.19,0.08,0.19,26.4,2.0,29.0,8.0,27.6,1.1,0.3,0.07,0.25,0.0,0.0,70.0,69.4,28,79.0,4,6,27.0,1,1.82,31.0,22.0,9.0,0.34,-0.86,0.0,35.0,20.0,4.0,82.0,11.0,30.0,,,0.0,,,,,,,,,,,,,,,
ITA-Serie A,2324,Juventus,Arkadiusz Milik,POL,FW,29.0,1994.0,32.0,7.0,919.0,10.2,4.0,1.0,5.0,4.0,0.0,0.0,2.0,1.0,0.39,0.1,0.49,0.39,0.49,10.2,4.0,36.0,13.0,36.1,3.53,1.27,0.11,0.31,0.0,0.0,29.0,26.9,7,71.0,2,25,17.0,0,2.03,24.0,6.0,18.0,1.76,1.58,0.0,21.0,26.0,11.0,4.0,5.0,6.0,,,0.0,,,,,,,,,,,,,,,
ITA-Serie A,2324,Juventus,Carlo Pinsoglio,ITA,GK,33.0,1990.0,1.0,0.0,45.0,0.5,0.0,0.0,0.0,0.0,0.0,0.0,0.0,0.0,0.0,0.0,0.0,0.0,0.0,0.5,0.0,0.0,0.0,,0.0,0.0,,,0.0,0.0,45.0,1.3,0,,0,1,45.0,37,3.0,0.0,0.0,0.0,0.0,-0.61,0.0,0.0,0.0,0.0,0.0,0.0,0.0,,,0.0,0.0,0.0,3.0,3.0,100.0,0.0,0.0,0.0,1.0,,0.0,0.0,0.0,0.0,
ITA-Serie A,2324,Juventus,Carlos Alcaraz,ARG,MF,20.0,2002.0,10.0,3.0,380.0,4.2,0.0,1.0,1.0,0.0,0.0,0.0,0.0,0.0,0.0,0.24,0.24,0.0,0.24,4.2,0.0,11.0,2.0,18.2,2.61,0.47,0.0,0.0,0.0,0.0,38.0,11.1,3,75.0,1,7,22.0,3,1.4,8.0,5.0,3.0,0.71,0.12,0.0,5.0,5.0,0.0,1.0,5.0,6.0,,,0.0,,,,,,,,,,,,,,,
ITA-Serie A,2324,Juventus,Daniele Rugani,ITA,DF,29.0,1994.0,17.0,13.0,1187.0,13.2,2.0,0.0,2.0,2.0,0.0,0.0,2.0,0.0,0.15,0.0,0.15,0.15,0.15,13.2,2.0,8.0,2.0,25.0,0.61,0.15,0.25,1.0,0.0,0.0,70.0,34.7,13,87.0,10,4,14.0,21,2.18,19.0,10.0,9.0,0.68,0.12,0.0,15.0,3.0,0.0,1.0,8.0,10.0,,,0.0,,,,,,,,,,,,,,,
ITA-Serie A,2324,Juventus,Danilo,BRA,DF,32.0,1991.0,29.0,27.0,2452.0,27.2,1.0,1.0,2.0,1.0,0.0,0.0,7.0,0.0,0.04,0.04,0.07,0.04,0.07,27.2,1.0,17.0,2.0,11.8,0.62,0.07,0.06,0.5,0.0,0.0,85.0,71.7,27,90.0,27,2,11.0,1,1.83,41.0,22.0,19.0,0.7,0.33,0.0,26.0,14.0,1.0,18.0,36.0,35.0,,,0.0,,,,,,,,,,,,,,,
ITA-Serie A,2324,Juventus,Dean Huijsen,ESP,DF,18.0,2005.0,1.0,0.0,13.0,0.1,0.0,0.0,0.0,0.0,0.0,0.0,0.0,0.0,0.0,0.0,0.0,0.0,0.0,0.1,0.0,0.0,0.0,,0.0,0.0,,,0.0,0.0,13.0,0.4,0,,0,1,13.0,14,3.0,0.0,0.0,0.0,0.0,-0.61,0.0,0.0,0.0,0.0,0.0,0.0,0.0,,,0.0,,,,,,,,,,,,,,,
ITA-Serie A,2324,Juventus,Dušan Vlahović,SRB,FW,23.0,2000.0,33.0,27.0,2307.0,25.6,16.0,4.0,20.0,14.0,2.0,4.0,8.0,1.0,0.62,0.16,0.78,0.55,0.7,25.6,16.0,110.0,39.0,35.5,4.29,1.52,0.15,0.41,2.0,4.0,70.0,67.5,27,80.0,8,6,25.0,0,2.0,35.0,23.0,12.0,0.47,-0.42,1.0,30.0,34.0,13.0,8.0,2.0,5.0,,,0.0,,,,,,,,,,,,,,,
ITA-Serie A,2324,Juventus,Fabio Miretti,ITA,MF,19.0,2003.0,25.0,16.0,1103.0,12.3,1.0,1.0,2.0,1.0,0.0,0.0,3.0,0.0,0.08,0.08,0.16,0.08,0.16,12.3,1.0,20.0,3.0,15.0,1.63,0.24,0.05,0.33,0.0,0.0,44.0,32.3,16,59.0,0,9,18.0,12,1.88,18.0,8.0,10.0,0.82,0.31,0.0,22.0,29.0,1.0,32.0,8.0,15.0,,,0.0,,,,,,,,,,,,,,,
ITA-Serie A,2324,Juventus,Federico Chiesa,ITA,FW,25.0,1997.0,33.0,25.0,2197.0,24.4,9.0,2.0,11.0,8.0,1.0,1.0,1.0,0.0,0.37,0.08,0.45,0.33,0.41,24.4,9.0,74.0,27.0,36.5,3.03,1.11,0.12,0.33,1.0,1.0,67.0,64.2,25,79.0,9,8,29.0,0,1.76,35.0,22.0,13.0,0.53,-0.2,0.0,14.0,40.0,7.0,117.0,6.0,11.0,,,0.0,,,,,,,,,,,,,,,
ITA-Serie A,2324,Juventus,Federico Gatti,ITA,DF,25.0,1998.0,32.0,30.0,2637.0,29.3,4.0,0.0,4.0,4.0,0.0,0.0,7.0,0.0,0.14,0.0,0.14,0.14,0.14,29.3,4.0,35.0,7.0,20.0,1.19,0.24,0.11,0.57,0.0,0.0,82.0,77.1,30,85.0,23,2,42.0,5,1.91,36.0,27.0,9.0,0.31,-1.3,0.0,39.0,15.0,0.0,18.0,17.0,22.0,,,2.0,,,,,,,,,,,,,,,
ITA-Serie A,2324,Juventus,Filip Kostić,SRB,MF,30.0,1992.0,29.0,26.0,1815.0,20.2,0.0,4.0,4.0,0.0,0.0,0.0,2.0,0.0,0.0,0.2,0.2,0.0,0.2,20.2,0.0,21.0,3.0,14.3,1.04,0.15,0.0,0.0,0.0,0.0,63.0,53.1,26,67.0,3,3,24.0,8,2.1,26.0,15.0,11.0,0.55,-0.13,0.0,19.0,18.0,7.0,168.0,9.0,23.0,,,0.0,,,,,,,,,,,,,,,
ITA-Serie A,2324,Juventus,Gleison Bremer,BRA,DF,26.0,1997.0,36.0,36.0,3233.0,35.9,3.0,0.0,3.0,3.0,0.0,0.0,9.0,0.0,0.08,0.0,0.08,0.08,0.08,35.9,3.0,18.0,4.0,22.2,0.5,0.11,0.17,0.75,0.0,0.0,90.0,94.5,36,90.0,35,0,,1,1.86,50.0,29.0,21.0,0.58,-0.38,0.0,60.0,17.0,2.0,1.0,36.0,44.0,,,0.0,,,,,,,,,,,,,,,
ITA-Serie A,2324,Juventus,Hans Nicolussi Caviglia,ITA,MF,23.0,2000.0,8.0,3.0,268.0,3.0,0.0,1.0,1.0,0.0,0.0,0.0,1.0,0.0,0.0,0.34,0.34,0.0,0.34,3.0,0.0,3.0,0.0,0.0,1.01,0.0,0.0,,0.0,0.0,34.0,7.8,3,62.0,0,5,16.0,30,2.13,3.0,2.0,1.0,0.34,-0.29,0.0,1.0,10.0,0.0,18.0,0.0,2.0,,,0.0,,,,,,,,,,,,,,,
ITA-Serie A,2324,Juventus,Joseph Nonge,BEL,MF,18.0,2005.0,2.0,0.0,24.0,0.3,0.0,0.0,0.0,0.0,0.0,0.0,1.0,0.0,0.0,0.0,0.0,0.0,0.0,0.3,0.0,0.0,0.0,,0.0,0.0,,,0.0,0.0,12.0,0.7,0,,0,2,12.0,20,1.5,2.0,1.0,1.0,3.75,3.17,0.0,3.0,1.0,0.0,0.0,0.0,0.0,,,0.0,,,,,,,,,,,,,,,
ITA-Serie A,2324,Juventus,Kenan Yıldız,TUR,FW,18.0,2005.0,27.0,9.0,952.0,10.6,2.0,0.0,2.0,2.0,0.0,0.0,3.0,0.0,0.19,0.0,0.19,0.19,0.19,10.6,2.0,19.0,7.0,36.8,1.8,0.66,0.11,0.29,0.0,0.0,35.0,27.8,9,68.0,0,18,19.0,9,1.67,20.0,7.0,13.0,1.23,0.86,0.0,12.0,22.0,1.0,17.0,1.0,10.0,,,0.0,,,,,,,,,,,,,,,
ITA-Serie A,2324,Juventus,Leonardo Cerri,ITA,FW,20.0,2003.0,1.0,0.0,7.0,0.1,0.0,0.0,0.0,0.0,0.0,0.0,0.0,0.0,0.0,0.0,0.0,0.0,0.0,0.1,0.0,0.0,0.0,,0.0,0.0,,,0.0,0.0,7.0,0.2,0,,0,1,7.0,0,0.0,0.0,0.0,0.0,0.0,-0.61,0.0,0.0,0.0,0.0,0.0,0.0,0.0,,,0.0,,,,,,,,,,,,,,,
ITA-Serie A,2324,Juventus,Manuel Locatelli,ITA,MF,25.0,1998.0,36.0,34.0,3008.0,33.4,1.0,4.0,5.0,1.0,0.0,0.0,6.0,0.0,0.03,0.12,0.15,0.03,0.15,33.4,1.0,25.0,3.0,12.0,0.75,0.09,0.04,0.33,0.0,0.0,84.0,88.0,34,87.0,29,2,17.0,1,1.81,46.0,28.0,18.0,0.54,-0.55,0.0,41.0,24.0,2.0,10.0,26.0,47.0,,,0.0,,,,,,,,,,,,,,,
ITA-Serie A,2324,Juventus,Mattia De Sciglio,ITA,DF,30.0,1992.0,1.0,1.0,45.0,0.5,0.0,0.0,0.0,0.0,0.0,0.0,0.0,0.0,0.0,0.0,0.0,0.0,0.0,0.5,0.0,0.0,0.0,,0.0,0.0,,,0.0,0.0,45.0,1.3,1,45.0,0,0,,6,0.0,0.0,0.0,0.0,0.0,-0.61,0.0,0.0,1.0,0.0,0.0,1.0,0.0,,,0.0,,,,,,,,,,,,,,,
ITA-Serie A,2324,Juventus,Mattia Perin,ITA,GK,30.0,1992.0,3.0,3.0,225.0,2.5,0.0,0.0,0.0,0.0,0.0,0.0,0.0,0.0,0.0,0.0,0.0,0.0,0.0,2.5,0.0,0.0,0.0,,0.0,0.0,,,0.0,0.0,75.0,6.6,3,75.0,2,0,,30,2.33,5.0,1.0,4.0,1.6,1.06,0.0,0.0,0.0,0.0,0.0,0.0,0.0,,,0.0,1.0,0.4,5.0,4.0,80.0,2.0,1.0,0.0,2.0,66.7,0.0,0.0,0.0,0.0,
ITA-Serie A,2324,Juventus,Moise Kean,ITA,FW,23.0,2000.0,19.0,8.0,654.0,7.3,0.0,0.0,0.0,0.0,0.0,0.0,2.0,0.0,0.0,0.0,0.0,0.0,0.0,7.3,0.0,16.0,4.0,25.0,2.2,0.55,0.0,0.0,0.0,0.0,34.0,19.1,8,66.0,0,11,11.0,4,1.95,6.0,4.0,2.0,0.28,-0.41,0.0,13.0,13.0,7.0,1.0,2.0,5.0,,,0.0,,,,,,,,,,,,,,,
ITA-Serie A,2324,Juventus,Nicolò Fagioli,ITA,MF,22.0,2001.0,8.0,4.0,437.0,4.9,0.0,2.0,2.0,0.0,0.0,0.0,1.0,0.0,0.0,0.41,0.41,0.0,0.41,4.9,0.0,6.0,2.0,33.3,1.24,0.41,0.0,0.0,0.0,0.0,55.0,12.8,4,74.0,0,4,36.0,2,1.88,8.0,4.0,4.0,0.82,0.25,0.0,3.0,5.0,1.0,19.0,4.0,3.0,,,0.0,,,,,,,,,,,,,,,
ITA-Serie A,2324,Juventus,Nikola Sekulov,ITA,MF,21.0,2002.0,1.0,0.0,11.0,0.1,0.0,0.0,0.0,0.0,0.0,0.0,0.0,0.0,0.0,0.0,0.0,0.0,0.0,0.1,0.0,0.0,0.0,,0.0,0.0,,,0.0,0.0,11.0,0.3,0,,0,1,11.0,0,0.0,0.0,1.0,-1.0,-8.18,-8.82,0.0,0.0,0.0,0.0,0.0,0.0,0.0,,,0.0,,,,,,,,,,,,,,,
ITA-Serie A,2324,Juventus,Paul Pogba,FRA,MF,30.0,1993.0,2.0,0.0,54.0,0.6,0.0,0.0,0.0,0.0,0.0,0.0,0.0,0.0,0.0,0.0,0.0,0.0,0.0,0.6,0.0,0.0,0.0,,0.0,0.0,,,0.0,0.0,27.0,1.6,0,,0,2,27.0,1,2.0,2.0,0.0,2.0,3.33,2.77,0.0,3.0,1.0,0.0,1.0,1.0,0.0,,,0.0,,,,,,,,,,,,,,,
ITA-Serie A,2324,Juventus,Samuel Iling-Junior,ENG,MF,19.0,2003.0,24.0,4.0,810.0,9.0,1.0,2.0,3.0,1.0,0.0,0.0,1.0,0.0,0.11,0.22,0.33,0.11,0.33,9.0,1.0,9.0,4.0,44.4,1.0,0.44,0.11,0.25,0.0,0.0,34.0,23.7,4,84.0,2,20,24.0,14,1.75,18.0,10.0,8.0,0.89,0.37,0.0,15.0,5.0,1.0,46.0,6.0,13.0,,,0.0,,,,,,,,,,,,,,,
ITA-Serie A,2324,Juventus,Tiago Djaló,POR,DF,23.0,2000.0,1.0,0.0,17.0,0.2,0.0,0.0,0.0,0.0,0.0,0.0,0.0,0.0,0.0,0.0,0.0,0.0,0.0,0.2,0.0,0.0,0.0,,0.0,0.0,,,0.0,0.0,17.0,0.5,0,,0,1,17.0,15,3.0,0.0,0.0,0.0,0.0,-0.61,0.0,0.0,1.0,0.0,0.0,0.0,0.0,,,0.0,,,,,,,,,,,,,,,
ITA-Serie A,2324,Juventus,Timothy Weah,USA,MF,23.0,2000.0,30.0,12.0,1258.0,14.0,0.0,1.0,1.0,0.0,0.0,0.0,5.0,0.0,0.0,0.07,0.07,0.0,0.07,14.0,0.0,12.0,2.0,16.7,0.86,0.14,0.0,0.0,0.0,0.0,42.0,36.8,12,72.0,3,18,22.0,2,1.77,24.0,12.0,12.0,0.86,0.4,0.0,15.0,8.0,2.0,39.0,6.0,19.0,,,0.0,,,,,,,,,,,,,,,
ITA-Serie A,2324,Juventus,Weston McKennie,USA,MF,24.0,1998.0,34.0,29.0,2594.0,28.8,0.0,7.0,7.0,0.0,0.0,0.0,6.0,0.0,0.0,0.24,0.24,0.0,0.24,28.8,0.0,23.0,7.0,30.4,0.8,0.24,0.0,0.0,0.0,0.0,76.0,75.8,29,85.0,17,5,29.0,2,1.88,37.0,21.0,16.0,0.56,-0.21,0.0,23.0,12.0,6.0,59.0,19.0,29.0,,,0.0,,,,,,,,,,,,,,,
ITA-Serie A,2324,Juventus,Wojciech Szczęsny,POL,GK,33.0,1990.0,35.0,35.0,3150.0,35.0,0.0,0.0,0.0,0.0,0.0,0.0,1.0,0.0,0.0,0.0,0.0,0.0,0.0,35.0,0.0,0.0,0.0,,0.0,0.0,,,0.0,0.0,90.0,92.1,35,90.0,35,0,,1,1.83,49.0,30.0,19.0,0.54,-0.79,0.0,1.0,2.0,0.0,0.0,1.0,0.0,,,0.0,30.0,0.86,111.0,81.0,73.0,17.0,13.0,5.0,14.0,40.0,3.0,2.0,1.0,0.0,33.3
ITA-Serie A,2324,Lazio,Adam Marušić,MNE,"DF,MF",30.0,1992.0,37.0,37.0,3100.0,34.4,1.0,0.0,1.0,1.0,0.0,0.0,3.0,1.0,0.03,0.0,0.03,0.03,0.03,34.4,1.0,8.0,3.0,37.5,0.23,0.09,0.13,0.33,0.0,0.0,84.0,90.6,37,84.0,29,0,,0,1.65,47.0,34.0,13.0,0.38,1.22,0.0,24.0,10.0,4.0,44.0,28.0,32.0,,,0.0,,,,,,,,,,,,,,,
ITA-Serie A,2324,Lazio,Alessio Romagnoli,ITA,DF,28.0,1995.0,29.0,26.0,2411.0,26.8,0.0,0.0,0.0,0.0,0.0,0.0,9.0,0.0,0.0,0.0,0.0,0.0,0.0,26.8,0.0,11.0,5.0,45.5,0.41,0.19,0.0,0.0,0.0,0.0,83.0,70.5,26,88.0,25,3,39.0,0,1.62,33.0,28.0,5.0,0.19,-0.26,0.0,35.0,19.0,1.0,1.0,31.0,16.0,,,0.0,,,,,,,,,,,,,,,
ITA-Serie A,2324,Lazio,Christos Mandas,GRE,GK,21.0,2001.0,9.0,8.0,721.0,8.0,0.0,0.0,0.0,0.0,0.0,0.0,0.0,0.0,0.0,0.0,0.0,0.0,0.0,8.0,0.0,0.0,0.0,,0.0,0.0,,,0.0,0.0,80.0,21.1,8,90.0,8,1,1.0,26,2.11,14.0,6.0,8.0,1.0,0.93,0.0,0.0,1.0,0.0,0.0,1.0,0.0,,,0.0,6.0,0.75,29.0,23.0,79.3,6.0,1.0,1.0,2.0,25.0,0.0,0.0,0.0,0.0,
ITA-Serie A,2324,Lazio,Ciro Immobile,ITA,FW,33.0,1990.0,31.0,21.0,1652.0,18.4,7.0,1.0,8.0,3.0,4.0,4.0,8.0,0.0,0.38,0.05,0.44,0.16,0.22,18.4,7.0,49.0,23.0,46.9,2.67,1.25,0.14,0.3,4.0,4.0,53.0,48.3,21,69.0,5,10,20.0,1,1.42,22.0,24.0,-2.0,-0.11,-0.72,0.0,22.0,30.0,14.0,7.0,3.0,8.0,,,0.0,,,,,,,,,,,,,,,
ITA-Serie A,2324,Lazio,Daichi Kamada,JPN,MF,26.0,1996.0,29.0,17.0,1544.0,17.2,2.0,2.0,4.0,2.0,0.0,0.0,3.0,0.0,0.12,0.12,0.23,0.12,0.23,17.2,2.0,29.0,8.0,27.6,1.69,0.47,0.07,0.25,0.0,0.0,53.0,45.1,17,75.0,6,12,23.0,9,1.69,19.0,14.0,5.0,0.29,0.05,0.0,39.0,13.0,2.0,11.0,18.0,36.0,,,0.0,,,,,,,,,,,,,,,
ITA-Serie A,2324,Lazio,Danilo Cataldi,ITA,MF,28.0,1994.0,28.0,15.0,1361.0,15.1,1.0,0.0,1.0,1.0,0.0,0.0,8.0,0.0,0.07,0.0,0.07,0.07,0.07,15.1,1.0,12.0,2.0,16.7,0.79,0.13,0.08,0.5,0.0,0.0,49.0,39.8,15,74.0,3,13,19.0,9,1.68,19.0,20.0,-1.0,-0.07,-0.55,0.0,17.0,8.0,0.0,31.0,18.0,11.0,,,0.0,,,,,,,,,,,,,,,
ITA-Serie A,2324,Lazio,Elseid Hysaj,ALB,DF,29.0,1994.0,22.0,11.0,1199.0,13.3,0.0,0.0,0.0,0.0,0.0,0.0,2.0,0.0,0.0,0.0,0.0,0.0,0.0,13.3,0.0,2.0,1.0,50.0,0.15,0.08,0.0,0.0,0.0,0.0,55.0,35.1,11,78.0,7,11,31.0,15,1.64,20.0,21.0,-1.0,-0.08,-0.52,0.0,14.0,9.0,3.0,18.0,18.0,14.0,,,0.0,,,,,,,,,,,,,,,
ITA-Serie A,2324,Lazio,Felipe Anderson,BRA,"FW,MF",30.0,1993.0,38.0,33.0,2770.0,30.8,5.0,6.0,11.0,5.0,0.0,0.0,3.0,0.0,0.16,0.19,0.36,0.16,0.36,30.8,5.0,43.0,11.0,25.6,1.4,0.36,0.12,0.45,0.0,0.0,73.0,81.0,33,79.0,14,5,32.0,0,1.61,38.0,31.0,7.0,0.23,-0.19,0.0,30.0,36.0,4.0,57.0,27.0,44.0,,,0.0,,,,,,,,,,,,,,,
ITA-Serie A,2324,Lazio,Gustav Isaksen,DEN,"FW,MF",22.0,2001.0,28.0,12.0,1074.0,11.9,3.0,1.0,4.0,3.0,0.0,0.0,3.0,0.0,0.25,0.08,0.34,0.25,0.34,11.9,3.0,23.0,9.0,39.1,1.93,0.75,0.13,0.33,0.0,0.0,38.0,31.4,12,62.0,0,16,21.0,8,1.61,17.0,13.0,4.0,0.34,0.11,0.0,17.0,24.0,3.0,29.0,3.0,4.0,,,0.0,,,,,,,,,,,,,,,
ITA-Serie A,2324,Lazio,Ivan Provedel,ITA,GK,29.0,1994.0,30.0,30.0,2699.0,30.0,0.0,0.0,0.0,0.0,0.0,0.0,0.0,0.0,0.0,0.0,0.0,0.0,0.0,30.0,0.0,0.0,0.0,,0.0,0.0,,,0.0,0.0,90.0,78.9,30,90.0,29,0,,2,1.4,35.0,33.0,2.0,0.07,-0.93,0.0,0.0,7.0,0.0,0.0,0.0,0.0,,,0.0,33.0,1.1,119.0,86.0,72.3,12.0,6.0,12.0,9.0,30.0,3.0,2.0,0.0,1.0,0.0
ITA-Serie A,2324,Lazio,Luca Pellegrini,ITA,"DF,MF",24.0,1999.0,19.0,8.0,786.0,8.7,1.0,0.0,1.0,1.0,0.0,0.0,7.0,1.0,0.11,0.0,0.11,0.11,0.11,8.7,1.0,7.0,1.0,14.3,0.8,0.11,0.14,1.0,0.0,0.0,41.0,23.0,8,64.0,1,11,25.0,16,1.21,9.0,8.0,1.0,0.11,-0.19,1.0,19.0,13.0,0.0,28.0,8.0,14.0,,,0.0,,,,,,,,,,,,,,,
ITA-Serie A,2324,Lazio,Luis Alberto,ESP,MF,30.0,1992.0,33.0,29.0,2311.0,25.7,5.0,7.0,12.0,5.0,0.0,0.0,7.0,0.0,0.19,0.27,0.47,0.19,0.47,25.7,5.0,56.0,15.0,26.8,2.18,0.58,0.09,0.33,0.0,0.0,70.0,67.6,29,77.0,13,4,18.0,1,1.55,32.0,26.0,6.0,0.23,-0.09,0.0,16.0,23.0,6.0,149.0,6.0,21.0,,,0.0,,,,,,,,,,,,,,,
ITA-Serie A,2324,Lazio,Manuel Lazzari,ITA,"DF,MF",29.0,1993.0,24.0,19.0,1671.0,18.6,0.0,2.0,2.0,0.0,0.0,0.0,4.0,1.0,0.0,0.11,0.11,0.0,0.11,18.6,0.0,8.0,2.0,25.0,0.43,0.11,0.0,0.0,0.0,0.0,70.0,48.9,19,80.0,11,5,32.0,10,1.54,23.0,15.0,8.0,0.43,0.33,0.0,15.0,20.0,1.0,56.0,12.0,19.0,,,0.0,,,,,,,,,,,,,,,
ITA-Serie A,2324,Lazio,Mario Gila,ESP,DF,22.0,2000.0,21.0,21.0,1809.0,20.1,0.0,0.0,0.0,0.0,0.0,0.0,4.0,1.0,0.0,0.0,0.0,0.0,0.0,20.1,0.0,8.0,2.0,25.0,0.4,0.1,0.0,0.0,0.0,0.0,86.0,52.9,21,86.0,16,0,,13,1.62,25.0,18.0,7.0,0.35,0.18,1.0,21.0,23.0,1.0,8.0,21.0,14.0,,,0.0,,,,,,,,,,,,,,,
ITA-Serie A,2324,Lazio,Mattia Zaccagni,ITA,"FW,MF",28.0,1995.0,28.0,24.0,1956.0,21.7,6.0,1.0,7.0,6.0,0.0,0.0,8.0,0.0,0.28,0.05,0.32,0.28,0.32,21.7,6.0,42.0,13.0,31.0,1.93,0.6,0.14,0.46,0.0,0.0,70.0,57.2,24,75.0,3,4,37.0,0,1.57,27.0,21.0,6.0,0.28,0.03,0.0,29.0,80.0,7.0,71.0,21.0,16.0,,,0.0,,,,,,,,,,,,,,,
ITA-Serie A,2324,Lazio,Mattéo Guendouzi,FRA,MF,24.0,1999.0,33.0,27.0,2367.0,26.3,2.0,3.0,5.0,2.0,0.0,0.0,3.0,1.0,0.08,0.11,0.19,0.08,0.19,26.3,2.0,26.0,7.0,26.9,0.99,0.27,0.08,0.29,0.0,0.0,72.0,69.2,27,83.0,17,6,22.0,0,1.67,34.0,28.0,6.0,0.23,-0.11,0.0,26.0,34.0,0.0,40.0,23.0,15.0,,,0.0,,,,,,,,,,,,,,,
ITA-Serie A,2324,Lazio,Matías Vecino,URU,MF,31.0,1991.0,31.0,8.0,1153.0,12.8,6.0,1.0,7.0,6.0,0.0,0.0,8.0,0.0,0.47,0.08,0.55,0.47,0.55,12.8,6.0,33.0,11.0,33.3,2.58,0.86,0.18,0.55,0.0,0.0,37.0,33.7,8,78.0,3,23,23.0,5,1.68,20.0,15.0,5.0,0.39,0.19,0.0,32.0,7.0,2.0,5.0,10.0,17.0,,,0.0,,,,,,,,,,,,,,,
ITA-Serie A,2324,Lazio,Nicolò Casale,ITA,DF,25.0,1998.0,20.0,16.0,1559.0,17.3,0.0,0.0,0.0,0.0,0.0,0.0,5.0,0.0,0.0,0.0,0.0,0.0,0.0,17.3,0.0,7.0,1.0,14.3,0.4,0.06,0.0,0.0,0.0,0.0,78.0,45.6,16,85.0,14,4,49.0,13,1.5,22.0,24.0,-2.0,-0.12,-0.7,0.0,24.0,6.0,0.0,0.0,11.0,10.0,,,0.0,,,,,,,,,,,,,,,
ITA-Serie A,2324,Lazio,Nicolò Rovella,ITA,MF,21.0,2001.0,23.0,16.0,1318.0,14.6,0.0,2.0,2.0,0.0,0.0,0.0,6.0,0.0,0.0,0.14,0.14,0.0,0.14,14.6,0.0,5.0,1.0,20.0,0.34,0.07,0.0,0.0,0.0,0.0,57.0,38.5,16,75.0,6,7,18.0,7,1.83,21.0,13.0,8.0,0.55,0.46,0.0,38.0,16.0,0.0,20.0,23.0,26.0,,,0.0,,,,,,,,,,,,,,,
ITA-Serie A,2324,Lazio,Patric,ESP,DF,30.0,1993.0,20.0,19.0,1608.0,17.9,2.0,0.0,2.0,2.0,0.0,0.0,4.0,0.0,0.11,0.0,0.11,0.11,0.11,17.9,2.0,6.0,2.0,33.3,0.34,0.11,0.33,1.0,0.0,0.0,80.0,47.0,19,82.0,17,1,45.0,8,1.85,25.0,12.0,13.0,0.73,0.88,0.0,8.0,6.0,0.0,11.0,4.0,8.0,,,0.0,,,,,,,,,,,,,,,
ITA-Serie A,2324,Lazio,Pedro,ESP,FW,36.0,1987.0,33.0,5.0,816.0,9.1,1.0,1.0,2.0,1.0,0.0,0.0,4.0,0.0,0.11,0.11,0.22,0.11,0.22,9.1,1.0,11.0,4.0,36.4,1.21,0.44,0.09,0.25,0.0,0.0,25.0,23.9,5,59.0,0,28,19.0,4,1.64,12.0,9.0,3.0,0.33,0.09,0.0,13.0,19.0,4.0,19.0,2.0,12.0,,,0.0,,,,,,,,,,,,,,,
ITA-Serie A,2324,Lazio,Valentín Castellanos,ARG,FW,24.0,1998.0,35.0,16.0,1682.0,18.7,4.0,3.0,7.0,4.0,0.0,0.0,2.0,0.0,0.21,0.16,0.37,0.21,0.37,18.7,4.0,54.0,20.0,37.0,2.89,1.07,0.07,0.2,0.0,0.0,48.0,49.2,16,76.0,5,19,24.0,2,1.6,25.0,15.0,10.0,0.54,0.54,0.0,33.0,31.0,20.0,16.0,3.0,11.0,,,0.0,,,,,,,,,,,,,,,
ITA-Serie A,2324,Lecce,Ahmed Touba,ALG,DF,25.0,1998.0,6.0,3.0,277.0,3.1,0.0,0.0,0.0,0.0,0.0,0.0,1.0,0.0,0.0,0.0,0.0,0.0,0.0,3.1,0.0,1.0,0.0,0.0,0.32,0.0,0.0,,0.0,0.0,46.0,8.1,3,79.0,2,3,14.0,25,0.67,1.0,7.0,-6.0,-1.95,-1.49,0.0,6.0,1.0,0.0,0.0,7.0,4.0,,,0.0,,,,,,,,,,,,,,,
ITA-Serie A,2324,Lecce,Alexis Blin,FRA,MF,26.0,1996.0,31.0,16.0,1642.0,18.2,0.0,2.0,2.0,0.0,0.0,0.0,4.0,0.0,0.0,0.11,0.11,0.0,0.11,18.2,0.0,13.0,2.0,15.4,0.71,0.11,0.0,0.0,0.0,0.0,53.0,48.0,16,81.0,9,15,23.0,4,1.16,19.0,25.0,-6.0,-0.33,0.48,0.0,25.0,22.0,0.0,11.0,21.0,21.0,,,0.0,,,,,,,,,,,,,,,
ITA-Serie A,2324,Lecce,Antonino Gallo,ITA,DF,23.0,2000.0,35.0,30.0,2490.0,27.7,0.0,3.0,3.0,0.0,0.0,0.0,2.0,0.0,0.0,0.11,0.11,0.0,0.11,27.7,0.0,15.0,3.0,20.0,0.54,0.11,0.0,0.0,0.0,0.0,71.0,72.8,30,78.0,13,5,31.0,3,1.03,21.0,41.0,-20.0,-0.72,-0.53,0.0,9.0,17.0,3.0,137.0,23.0,26.0,,,0.0,,,,,,,,,,,,,,,
ITA-Serie A,2324,Lecce,Federico Baschirotto,ITA,DF,26.0,1996.0,37.0,37.0,3294.0,36.6,0.0,1.0,1.0,0.0,0.0,0.0,3.0,1.0,0.0,0.03,0.03,0.0,0.03,36.6,0.0,18.0,6.0,33.3,0.49,0.16,0.0,0.0,0.0,0.0,89.0,96.3,37,89.0,36,0,,0,0.95,31.0,54.0,-23.0,-0.63,-1.34,0.0,29.0,4.0,0.0,3.0,22.0,11.0,,,0.0,,,,,,,,,,,,,,,
ITA-Serie A,2324,Lecce,Federico Di Francesco,ITA,"FW,MF",29.0,1994.0,2.0,0.0,15.0,0.2,1.0,0.0,1.0,1.0,0.0,0.0,0.0,0.0,6.0,0.0,6.0,6.0,6.0,0.2,1.0,2.0,1.0,50.0,12.0,6.0,0.5,1.0,0.0,0.0,8.0,0.4,0,,0,2,8.0,0,2.0,2.0,0.0,2.0,12.0,12.63,0.0,0.0,0.0,0.0,1.0,0.0,0.0,,,0.0,,,,,,,,,,,,,,,
ITA-Serie A,2324,Lecce,Gabriel Strefezza,BRA,"FW,MF",26.0,1997.0,19.0,13.0,1112.0,12.4,1.0,0.0,1.0,0.0,1.0,1.0,4.0,0.0,0.08,0.0,0.08,0.0,0.0,12.4,1.0,28.0,6.0,21.4,2.27,0.49,0.04,0.17,1.0,1.0,59.0,32.5,13,75.0,2,6,22.0,2,1.05,9.0,18.0,-9.0,-0.73,-0.22,0.0,20.0,37.0,3.0,42.0,7.0,17.0,,,0.0,,,,,,,,,,,,,,,
ITA-Serie A,2324,Lecce,Hamza Rafia,TUN,MF,24.0,1999.0,28.0,17.0,1204.0,13.4,1.0,0.0,1.0,1.0,0.0,0.0,4.0,0.0,0.07,0.0,0.07,0.07,0.07,13.4,1.0,16.0,3.0,18.8,1.2,0.22,0.06,0.33,0.0,0.0,43.0,35.2,17,60.0,0,11,16.0,7,0.93,10.0,21.0,-11.0,-0.82,-0.38,0.0,31.0,34.0,2.0,38.0,11.0,29.0,,,1.0,,,,,,,,,,,,,,,
ITA-Serie A,2324,Lecce,Jeppe Corfitzen,DEN,FW,18.0,2004.0,1.0,0.0,9.0,0.1,0.0,0.0,0.0,0.0,0.0,0.0,0.0,0.0,0.0,0.0,0.0,0.0,0.0,0.1,0.0,0.0,0.0,,0.0,0.0,,,0.0,0.0,9.0,0.3,0,,0,1,9.0,8,0.0,0.0,2.0,-2.0,-20.0,-19.47,0.0,0.0,0.0,0.0,0.0,0.0,0.0,,,0.0,,,,,,,,,,,,,,,
ITA-Serie A,2324,Lecce,Joan Gonzàlez,ESP,MF,21.0,2002.0,29.0,13.0,1291.0,14.3,1.0,1.0,2.0,1.0,0.0,0.0,6.0,0.0,0.07,0.07,0.14,0.07,0.14,14.3,1.0,13.0,5.0,38.5,0.91,0.35,0.08,0.2,0.0,0.0,45.0,37.7,13,70.0,4,16,24.0,8,0.97,15.0,23.0,-8.0,-0.56,0.03,0.0,15.0,33.0,1.0,10.0,4.0,19.0,,,0.0,,,,,,,,,,,,,,,
ITA-Serie A,2324,Lecce,Lameck Banda,ZAM,"FW,MF",22.0,2001.0,21.0,17.0,1350.0,15.0,2.0,4.0,6.0,2.0,0.0,0.0,5.0,1.0,0.13,0.27,0.4,0.13,0.4,15.0,2.0,50.0,23.0,46.0,3.33,1.53,0.04,0.09,0.0,0.0,64.0,39.5,17,73.0,2,4,29.0,1,1.0,15.0,24.0,-9.0,-0.6,-0.03,0.0,33.0,30.0,9.0,51.0,3.0,23.0,,,0.0,,,,,,,,,,,,,,,
ITA-Serie A,2324,Lecce,Lorenzo Venuti,ITA,DF,28.0,1995.0,14.0,3.0,364.0,4.0,0.0,0.0,0.0,0.0,0.0,0.0,1.0,0.0,0.0,0.0,0.0,0.0,0.0,4.0,0.0,3.0,1.0,33.3,0.74,0.25,0.0,0.0,0.0,0.0,26.0,10.6,3,74.0,1,11,13.0,23,0.93,2.0,12.0,-10.0,-2.47,-2.12,0.0,5.0,1.0,0.0,10.0,5.0,4.0,,,0.0,,,,,,,,,,,,,,,
ITA-Serie A,2324,Lecce,Marcin Listkowski,POL,"FW,MF",25.0,1998.0,1.0,0.0,8.0,0.1,0.0,0.0,0.0,0.0,0.0,0.0,0.0,0.0,0.0,0.0,0.0,0.0,0.0,0.1,0.0,1.0,0.0,0.0,11.25,0.0,0.0,,0.0,0.0,8.0,0.2,0,,0,1,8.0,13,0.0,0.0,0.0,0.0,0.0,0.58,0.0,0.0,0.0,0.0,0.0,0.0,0.0,,,0.0,,,,,,,,,,,,,,,
ITA-Serie A,2324,Lecce,Marin Pongračić,CRO,DF,25.0,1997.0,36.0,36.0,3219.0,35.8,0.0,0.0,0.0,0.0,0.0,0.0,10.0,1.0,0.0,0.0,0.0,0.0,0.0,35.8,0.0,13.0,3.0,23.1,0.36,0.08,0.0,0.0,0.0,0.0,89.0,94.1,36,89.0,35,0,,0,1.06,32.0,48.0,-16.0,-0.45,2.24,1.0,57.0,22.0,0.0,1.0,50.0,27.0,,,0.0,,,,,,,,,,,,,,,
ITA-Serie A,2324,Lecce,Medon Berisha,ALB,MF,19.0,2003.0,6.0,2.0,205.0,2.3,0.0,0.0,0.0,0.0,0.0,0.0,0.0,0.0,0.0,0.0,0.0,0.0,0.0,2.3,0.0,2.0,0.0,0.0,0.88,0.0,0.0,,0.0,0.0,34.0,6.0,2,65.0,0,4,19.0,32,0.67,0.0,3.0,-3.0,-1.32,-0.79,0.0,7.0,5.0,0.0,3.0,1.0,0.0,,,0.0,,,,,,,,,,,,,,,
ITA-Serie A,2324,Lecce,Mohamed Kaba,GUI,MF,21.0,2001.0,23.0,15.0,1378.0,15.3,0.0,0.0,0.0,0.0,0.0,0.0,4.0,1.0,0.0,0.0,0.0,0.0,0.0,15.3,0.0,14.0,6.0,42.9,0.91,0.39,0.0,0.0,0.0,0.0,60.0,40.3,15,77.0,6,8,27.0,1,1.0,13.0,23.0,-10.0,-0.65,-0.12,1.0,26.0,21.0,0.0,6.0,12.0,20.0,,,0.0,,,,,,,,,,,,,,,
ITA-Serie A,2324,Lecce,Nicola Sansone,ITA,"MF,FW",31.0,1991.0,25.0,4.0,767.0,8.5,2.0,2.0,4.0,2.0,0.0,0.0,4.0,0.0,0.23,0.23,0.47,0.23,0.47,8.5,2.0,23.0,5.0,21.7,2.7,0.59,0.09,0.4,0.0,0.0,31.0,22.4,4,68.0,1,21,24.0,4,1.12,14.0,11.0,3.0,0.35,1.2,0.0,16.0,12.0,0.0,28.0,4.0,7.0,,,0.0,,,,,,,,,,,,,,,
ITA-Serie A,2324,Lecce,Nikola Krstović,MNE,FW,23.0,2000.0,35.0,30.0,2373.0,26.4,7.0,1.0,8.0,6.0,1.0,3.0,4.0,1.0,0.27,0.04,0.3,0.23,0.27,26.4,7.0,92.0,22.0,23.9,3.49,0.83,0.08,0.32,1.0,3.0,68.0,69.4,30,76.0,10,5,18.0,1,0.91,21.0,35.0,-14.0,-0.53,0.16,0.0,45.0,54.0,14.0,4.0,3.0,8.0,,,0.0,,,,,,,,,,,,,,,
ITA-Serie A,2324,Lecce,Patrick Dorgu,DEN,"MF,DF",18.0,2004.0,32.0,17.0,1564.0,17.4,2.0,0.0,2.0,2.0,0.0,0.0,6.0,0.0,0.12,0.0,0.12,0.12,0.12,17.4,2.0,19.0,9.0,47.4,1.09,0.52,0.11,0.22,0.0,0.0,49.0,45.7,17,71.0,4,15,24.0,4,1.06,14.0,20.0,-6.0,-0.35,0.43,0.0,25.0,44.0,2.0,39.0,9.0,22.0,,,0.0,,,,,,,,,,,,,,,
ITA-Serie A,2324,Lecce,Pontus Almqvist,SWE,"FW,MF",24.0,1999.0,30.0,25.0,2107.0,23.4,2.0,1.0,3.0,2.0,0.0,0.0,5.0,0.0,0.09,0.04,0.13,0.09,0.13,23.4,2.0,40.0,15.0,37.5,1.71,0.64,0.05,0.13,0.0,0.0,70.0,61.6,25,79.0,12,5,24.0,1,0.97,20.0,32.0,-12.0,-0.51,0.17,0.0,29.0,35.0,1.0,22.0,14.0,28.0,,,0.0,,,,,,,,,,,,,,,
ITA-Serie A,2324,Lecce,Rareș-Cătălin Burnete,ROU,FW,19.0,2004.0,1.0,0.0,8.0,0.1,0.0,1.0,1.0,0.0,0.0,0.0,0.0,0.0,0.0,11.25,11.25,0.0,11.25,0.1,0.0,0.0,0.0,,0.0,0.0,,,0.0,0.0,8.0,0.2,0,,0,1,8.0,17,3.0,2.0,0.0,2.0,22.5,23.13,0.0,0.0,0.0,0.0,0.0,0.0,0.0,,,0.0,,,,,,,,,,,,,,,
ITA-Serie A,2324,Lecce,Remi Oudin,FRA,"MF,FW",26.0,1996.0,31.0,21.0,1819.0,20.2,3.0,2.0,5.0,3.0,0.0,0.0,3.0,0.0,0.15,0.1,0.25,0.15,0.25,20.2,3.0,34.0,8.0,23.5,1.68,0.4,0.09,0.38,0.0,0.0,59.0,53.2,21,75.0,2,10,25.0,5,0.94,12.0,23.0,-11.0,-0.54,0.07,0.0,16.0,11.0,2.0,155.0,21.0,13.0,,,0.0,,,,,,,,,,,,,,,
ITA-Serie A,2324,Lecce,Roberto Piccoli,ITA,FW,22.0,2001.0,35.0,12.0,1378.0,15.3,5.0,0.0,5.0,4.0,1.0,1.0,5.0,0.0,0.33,0.0,0.33,0.26,0.26,15.3,5.0,57.0,22.0,38.6,3.72,1.44,0.09,0.23,1.0,1.0,39.0,40.3,12,75.0,4,23,21.0,0,0.97,16.0,21.0,-5.0,-0.33,0.42,0.0,28.0,13.0,15.0,6.0,3.0,7.0,,,0.0,,,,,,,,,,,,,,,
ITA-Serie A,2324,Lecce,Santiago Pierotti,ARG,"FW,MF",22.0,2001.0,11.0,0.0,200.0,2.2,0.0,2.0,2.0,0.0,0.0,0.0,0.0,0.0,0.0,0.9,0.9,0.0,0.9,2.2,0.0,7.0,3.0,42.9,3.15,1.35,0.0,0.0,0.0,0.0,18.0,5.8,0,,0,11,18.0,7,0.82,2.0,4.0,-2.0,-0.9,-0.34,0.0,13.0,3.0,0.0,4.0,1.0,8.0,,,0.0,,,,,,,,,,,,,,,
ITA-Serie A,2324,Lecce,Valentin Gendrey,FRA,DF,23.0,2000.0,37.0,35.0,3044.0,33.8,2.0,3.0,5.0,2.0,0.0,0.0,5.0,0.0,0.06,0.09,0.15,0.06,0.15,33.8,2.0,17.0,4.0,23.5,0.5,0.12,0.12,0.5,0.0,0.0,82.0,89.0,35,86.0,26,2,25.0,0,1.03,28.0,42.0,-14.0,-0.41,1.5,0.0,27.0,40.0,3.0,61.0,34.0,32.0,,,0.0,,,,,,,,,,,,,,,
ITA-Serie A,2324,Lecce,Wladimiro Falcone,ITA,GK,28.0,1995.0,38.0,38.0,3420.0,38.0,0.0,0.0,0.0,0.0,0.0,0.0,0.0,0.0,0.0,0.0,0.0,0.0,0.0,38.0,0.0,0.0,0.0,,0.0,0.0,,,0.0,0.0,90.0,100.0,38,90.0,38,0,,0,1.0,32.0,54.0,-22.0,-0.58,,0.0,0.0,5.0,0.0,0.0,1.0,0.0,,,0.0,54.0,1.42,172.0,121.0,68.6,8.0,14.0,16.0,5.0,13.2,6.0,5.0,1.0,0.0,16.7
ITA-Serie A,2324,Lecce,Ylber Ramadani,ALB,MF,27.0,1996.0,34.0,34.0,2970.0,33.0,1.0,0.0,1.0,1.0,0.0,0.0,13.0,0.0,0.03,0.0,0.03,0.03,0.03,33.0,1.0,31.0,6.0,19.4,0.94,0.18,0.03,0.17,0.0,0.0,87.0,86.8,34,87.0,27,0,,0,0.88,21.0,49.0,-28.0,-0.85,-2.05,0.0,42.0,37.0,0.0,14.0,47.0,44.0,,,0.0,,,,,,,,,,,,,,,
ITA-Serie A,2324,Milan,Alessandro Florenzi,ITA,"DF,MF",32.0,1991.0,31.0,19.0,1732.0,19.2,1.0,4.0,5.0,1.0,0.0,0.0,5.0,0.0,0.05,0.21,0.26,0.05,0.26,19.2,1.0,32.0,11.0,34.4,1.66,0.57,0.03,0.09,0.0,0.0,56.0,50.6,19,79.0,11,12,19.0,5,1.84,35.0,23.0,12.0,0.62,-0.18,0.0,12.0,9.0,2.0,121.0,20.0,20.0,,,0.0,,,,,,,,,,,,,,,
ITA-Serie A,2324,Milan,Antonio Mirante,ITA,GK,40.0,1983.0,2.0,2.0,177.0,2.0,0.0,0.0,0.0,0.0,0.0,0.0,0.0,0.0,0.0,0.0,0.0,0.0,0.0,2.0,0.0,0.0,0.0,,0.0,0.0,,,0.0,0.0,89.0,5.2,2,89.0,1,0,,27,0.5,3.0,3.0,0.0,0.0,-0.75,0.0,0.0,0.0,0.0,0.0,0.0,0.0,,,0.0,3.0,1.53,8.0,5.0,62.5,0.0,1.0,1.0,0.0,0.0,0.0,0.0,0.0,0.0,
ITA-Serie A,2324,Milan,Chaka Traorè,CIV,FW,18.0,2004.0,2.0,0.0,20.0,0.2,1.0,0.0,1.0,1.0,0.0,0.0,0.0,0.0,4.5,0.0,4.5,4.5,4.5,0.2,1.0,1.0,1.0,100.0,4.5,4.5,1.0,1.0,0.0,0.0,10.0,0.6,0,,0,2,10.0,7,3.0,1.0,1.0,0.0,0.0,-0.71,0.0,1.0,0.0,0.0,0.0,0.0,1.0,,,0.0,,,,,,,,,,,,,,,
ITA-Serie A,2324,Milan,Christian Pulisic,USA,"MF,FW",24.0,1998.0,36.0,32.0,2602.0,28.9,12.0,8.0,20.0,12.0,0.0,0.0,2.0,0.0,0.42,0.28,0.69,0.42,0.69,28.9,12.0,65.0,31.0,47.7,2.25,1.07,0.18,0.39,0.0,0.0,72.0,76.1,32,77.0,11,4,34.0,0,2.06,62.0,31.0,31.0,1.07,1.51,0.0,19.0,45.0,4.0,100.0,10.0,25.0,,,0.0,,,,,,,,,,,,,,,
ITA-Serie A,2324,Milan,Davide Bartesaghi,ITA,MF,17.0,2005.0,6.0,0.0,79.0,0.9,0.0,0.0,0.0,0.0,0.0,0.0,0.0,0.0,0.0,0.0,0.0,0.0,0.0,0.9,0.0,0.0,0.0,,0.0,0.0,,,0.0,0.0,13.0,2.3,0,,0,6,13.0,18,2.67,2.0,0.0,2.0,2.28,1.61,0.0,1.0,1.0,0.0,1.0,0.0,1.0,,,0.0,,,,,,,,,,,,,,,
ITA-Serie A,2324,Milan,Davide Calabria,ITA,DF,26.0,1996.0,29.0,26.0,2185.0,24.3,1.0,3.0,4.0,1.0,0.0,0.0,5.0,2.0,0.04,0.12,0.16,0.04,0.16,24.3,1.0,21.0,8.0,38.1,0.86,0.33,0.05,0.13,0.0,0.0,75.0,63.9,26,81.0,13,3,29.0,4,2.07,49.0,27.0,22.0,0.91,0.54,1.0,25.0,19.0,0.0,35.0,21.0,40.0,,,0.0,,,,,,,,,,,,,,,
ITA-Serie A,2324,Milan,Fikayo Tomori,ENG,DF,25.0,1997.0,26.0,24.0,2121.0,23.6,4.0,0.0,4.0,4.0,0.0,0.0,8.0,1.0,0.17,0.0,0.17,0.17,0.17,23.6,4.0,17.0,8.0,47.1,0.72,0.34,0.24,0.5,0.0,0.0,82.0,62.0,24,86.0,19,2,28.0,1,2.04,51.0,27.0,24.0,1.02,0.81,1.0,26.0,9.0,1.0,3.0,25.0,23.0,,,0.0,,,,,,,,,,,,,,,
ITA-Serie A,2324,Milan,Filippo Terracciano,ITA,DF,20.0,2003.0,3.0,1.0,76.0,0.8,0.0,0.0,0.0,0.0,0.0,0.0,1.0,0.0,0.0,0.0,0.0,0.0,0.0,0.8,0.0,0.0,0.0,,0.0,0.0,,,0.0,0.0,25.0,2.2,1,64.0,0,2,6.0,16,1.33,1.0,4.0,-3.0,-3.55,-4.36,0.0,3.0,1.0,0.0,0.0,0.0,2.0,,,0.0,,,,,,,,,,,,,,,
ITA-Serie A,2324,Milan,Francesco Camarda,ITA,FW,15.0,2008.0,2.0,0.0,14.0,0.2,0.0,0.0,0.0,0.0,0.0,0.0,0.0,0.0,0.0,0.0,0.0,0.0,0.0,0.2,0.0,0.0,0.0,,0.0,0.0,,,0.0,0.0,7.0,0.4,0,,0,2,7.0,0,3.0,0.0,0.0,0.0,0.0,-0.71,0.0,0.0,0.0,0.0,0.0,0.0,0.0,,,0.0,,,,,,,,,,,,,,,
ITA-Serie A,2324,Milan,Ismaël Bennacer,ALG,MF,25.0,1997.0,20.0,13.0,1151.0,12.8,2.0,2.0,4.0,1.0,1.0,1.0,2.0,0.0,0.16,0.16,0.31,0.08,0.23,12.8,2.0,12.0,2.0,16.7,0.94,0.16,0.17,1.0,1.0,1.0,58.0,33.7,13,76.0,4,7,23.0,1,1.9,26.0,19.0,7.0,0.55,-0.25,0.0,18.0,26.0,1.0,32.0,11.0,21.0,,,0.0,,,,,,,,,,,,,,,
ITA-Serie A,2324,Milan,Jan-Carlo Simic,SRB,DF,18.0,2005.0,4.0,0.0,146.0,1.6,1.0,0.0,1.0,1.0,0.0,0.0,0.0,0.0,0.62,0.0,0.62,0.62,0.62,1.6,1.0,2.0,1.0,50.0,1.23,0.62,0.5,1.0,0.0,0.0,37.0,4.3,0,,0,4,37.0,13,2.5,3.0,1.0,2.0,1.23,0.55,0.0,2.0,0.0,0.0,0.0,0.0,1.0,,,0.0,,,,,,,,,,,,,,,
ITA-Serie A,2324,Milan,Kevin Zeroli,ITA,MF,18.0,2005.0,3.0,0.0,28.0,0.3,0.0,0.0,0.0,0.0,0.0,0.0,0.0,0.0,0.0,0.0,0.0,0.0,0.0,0.3,0.0,0.0,0.0,,0.0,0.0,,,0.0,0.0,9.0,0.8,0,,0,3,9.0,11,2.33,0.0,0.0,0.0,0.0,-0.72,0.0,0.0,0.0,0.0,1.0,0.0,0.0,,,0.0,,,,,,,,,,,,,,,
ITA-Serie A,2324,Milan,Lapo Nava,ITA,GK,19.0,2004.0,1.0,0.0,3.0,0.0,0.0,0.0,0.0,0.0,0.0,0.0,0.0,0.0,0.0,0.0,0.0,0.0,0.0,0.0,0.0,0.0,0.0,,0.0,0.0,,,0.0,0.0,3.0,0.1,0,,0,1,3.0,23,1.0,0.0,1.0,-1.0,-30.0,-30.74,0.0,0.0,0.0,0.0,0.0,0.0,0.0,,,0.0,1.0,30.0,2.0,1.0,50.0,0.0,0.0,0.0,0.0,,0.0,0.0,0.0,0.0,
ITA-Serie A,2324,Milan,Luka Jović,SRB,FW,25.0,1997.0,23.0,8.0,877.0,9.7,6.0,1.0,7.0,6.0,0.0,0.0,2.0,1.0,0.62,0.1,0.72,0.62,0.72,9.7,6.0,22.0,13.0,59.1,2.26,1.33,0.27,0.46,0.0,0.0,38.0,25.6,8,75.0,2,15,18.0,7,1.7,16.0,16.0,0.0,0.0,-0.96,0.0,8.0,12.0,2.0,1.0,1.0,3.0,,,0.0,,,,,,,,,,,,,,,
ITA-Serie A,2324,Milan,Luka Romero,ARG,MF,18.0,2004.0,4.0,0.0,88.0,1.0,0.0,0.0,0.0,0.0,0.0,0.0,1.0,0.0,0.0,0.0,0.0,0.0,0.0,1.0,0.0,1.0,0.0,0.0,1.02,0.0,0.0,,0.0,0.0,22.0,2.6,0,,0,4,22.0,17,1.0,0.0,2.0,-2.0,-2.05,-2.83,0.0,3.0,2.0,0.0,2.0,0.0,1.0,,,0.0,,,,,,,,,,,,,,,
ITA-Serie A,2324,Milan,Malick Thiaw,GER,DF,21.0,2001.0,21.0,19.0,1619.0,18.0,0.0,1.0,1.0,0.0,0.0,0.0,5.0,1.0,0.0,0.06,0.06,0.0,0.06,18.0,0.0,5.0,1.0,20.0,0.28,0.06,0.0,0.0,0.0,0.0,77.0,47.3,19,84.0,15,2,10.0,3,1.81,31.0,24.0,7.0,0.39,-0.61,0.0,31.0,7.0,0.0,0.0,16.0,18.0,,,1.0,,,,,,,,,,,,,,,
ITA-Serie A,2324,Milan,Marco Pellegrino,ARG,DF,21.0,2002.0,1.0,0.0,68.0,0.8,0.0,0.0,0.0,0.0,0.0,0.0,0.0,0.0,0.0,0.0,0.0,0.0,0.0,0.8,0.0,1.0,1.0,100.0,1.32,1.32,0.0,0.0,0.0,0.0,68.0,2.0,0,,0,1,68.0,9,1.0,2.0,2.0,0.0,0.0,-0.72,0.0,0.0,0.0,0.0,0.0,1.0,1.0,,,0.0,,,,,,,,,,,,,,,
ITA-Serie A,2324,Milan,Marco Sportiello,ITA,GK,31.0,1992.0,7.0,7.0,630.0,7.0,0.0,0.0,0.0,0.0,0.0,0.0,0.0,0.0,0.0,0.0,0.0,0.0,0.0,7.0,0.0,0.0,0.0,,0.0,0.0,,,0.0,0.0,90.0,18.4,7,90.0,7,0,,19,1.71,16.0,11.0,5.0,0.71,0.0,0.0,0.0,0.0,0.0,0.0,0.0,0.0,,,0.0,11.0,1.57,34.0,23.0,67.6,3.0,3.0,1.0,1.0,14.3,1.0,1.0,0.0,0.0,0.0
ITA-Serie A,2324,Milan,Matteo Gabbia,ITA,DF,23.0,1999.0,18.0,14.0,1275.0,14.2,2.0,1.0,3.0,2.0,0.0,0.0,5.0,0.0,0.14,0.07,0.21,0.14,0.21,14.2,2.0,11.0,5.0,45.5,0.78,0.35,0.18,0.4,0.0,0.0,71.0,37.3,14,82.0,10,4,33.0,1,2.0,32.0,19.0,13.0,0.92,0.33,0.0,27.0,8.0,0.0,0.0,10.0,20.0,,,0.0,,,,,,,,,,,,,,,
ITA-Serie A,2324,Milan,Mattia Caldara,ITA,DF,29.0,1994.0,1.0,0.0,33.0,0.4,0.0,0.0,0.0,0.0,0.0,0.0,0.0,0.0,0.0,0.0,0.0,0.0,0.0,0.4,0.0,1.0,0.0,0.0,2.73,0.0,0.0,,0.0,0.0,33.0,1.0,0,,0,1,33.0,5,1.0,1.0,3.0,-2.0,-5.45,-6.23,0.0,0.0,0.0,0.0,0.0,1.0,1.0,,,0.0,,,,,,,,,,,,,,,
ITA-Serie A,2324,Milan,Mike Maignan,FRA,GK,28.0,1995.0,29.0,29.0,2609.0,29.0,0.0,1.0,1.0,0.0,0.0,0.0,1.0,1.0,0.0,0.03,0.03,0.0,0.03,29.0,0.0,0.0,0.0,,0.0,0.0,,,0.0,0.0,90.0,76.3,29,90.0,28,0,,2,2.14,57.0,34.0,23.0,0.79,0.35,0.0,1.0,5.0,0.0,0.0,1.0,0.0,,,0.0,34.0,1.17,121.0,87.0,71.9,19.0,5.0,5.0,11.0,37.9,7.0,7.0,0.0,0.0,0.0
ITA-Serie A,2324,Milan,Noah Okafor,SUI,"FW,MF",23.0,2000.0,28.0,6.0,887.0,9.9,6.0,2.0,8.0,6.0,0.0,0.0,1.0,0.0,0.61,0.2,0.81,0.61,0.81,9.9,6.0,22.0,14.0,63.6,2.23,1.42,0.27,0.43,0.0,0.0,32.0,25.9,6,67.0,1,22,22.0,4,1.96,25.0,17.0,8.0,0.81,0.14,0.0,12.0,9.0,2.0,22.0,0.0,4.0,,,0.0,,,,,,,,,,,,,,,
ITA-Serie A,2324,Milan,Olivier Giroud,FRA,FW,36.0,1986.0,35.0,28.0,2363.0,26.3,15.0,8.0,23.0,11.0,4.0,5.0,1.0,1.0,0.57,0.3,0.88,0.42,0.72,26.3,15.0,77.0,36.0,46.8,2.93,1.37,0.19,0.42,4.0,5.0,68.0,69.1,28,77.0,10,7,28.0,1,1.89,58.0,28.0,30.0,1.14,1.4,0.0,31.0,24.0,14.0,3.0,6.0,11.0,,,0.0,,,,,,,,,,,,,,,
ITA-Serie A,2324,Milan,Pierre Kalulu,FRA,DF,23.0,2000.0,9.0,4.0,374.0,4.2,0.0,0.0,0.0,0.0,0.0,0.0,0.0,0.0,0.0,0.0,0.0,0.0,0.0,4.2,0.0,2.0,0.0,0.0,0.48,0.0,0.0,,0.0,0.0,42.0,10.9,4,61.0,2,5,26.0,4,1.89,7.0,7.0,0.0,0.0,-0.8,0.0,1.0,3.0,0.0,5.0,1.0,1.0,,,0.0,,,,,,,,,,,,,,,
ITA-Serie A,2324,Milan,Rade Krunić,BIH,MF,29.0,1993.0,10.0,8.0,687.0,7.6,0.0,0.0,0.0,0.0,0.0,0.0,3.0,0.0,0.0,0.0,0.0,0.0,0.0,7.6,0.0,2.0,0.0,0.0,0.26,0.0,0.0,,0.0,0.0,69.0,20.1,8,81.0,6,2,19.0,5,1.7,14.0,12.0,2.0,0.26,-0.56,0.0,10.0,11.0,0.0,4.0,11.0,8.0,,,0.0,,,,,,,,,,,,,,,
ITA-Serie A,2324,Milan,Rafael Leão,POR,"MF,FW",24.0,1999.0,34.0,29.0,2512.0,27.9,9.0,9.0,18.0,9.0,0.0,0.0,5.0,0.0,0.32,0.32,0.64,0.32,0.64,27.9,9.0,70.0,25.0,35.7,2.51,0.9,0.13,0.36,0.0,0.0,74.0,73.5,29,80.0,15,5,37.0,0,1.94,55.0,31.0,24.0,0.86,0.56,0.0,26.0,52.0,17.0,106.0,9.0,10.0,,,0.0,,,,,,,,,,,,,,,
ITA-Serie A,2324,Milan,Ruben Loftus-Cheek,ENG,MF,27.0,1996.0,29.0,26.0,2068.0,23.0,6.0,1.0,7.0,6.0,0.0,0.0,5.0,0.0,0.26,0.04,0.3,0.26,0.3,23.0,6.0,41.0,14.0,34.1,1.78,0.61,0.15,0.43,0.0,0.0,71.0,60.5,26,76.0,11,3,27.0,2,2.14,43.0,28.0,15.0,0.65,-0.15,0.0,39.0,45.0,1.0,13.0,10.0,18.0,,,0.0,,,,,,,,,,,,,,,
ITA-Serie A,2324,Milan,Samuel Chukwueze,NGA,"MF,FW",24.0,1999.0,24.0,12.0,1017.0,11.3,1.0,3.0,4.0,1.0,0.0,0.0,1.0,0.0,0.09,0.27,0.35,0.09,0.35,11.3,1.0,28.0,8.0,28.6,2.48,0.71,0.04,0.13,0.0,0.0,42.0,29.7,12,67.0,2,12,18.0,3,2.08,25.0,17.0,8.0,0.71,0.0,0.0,7.0,12.0,7.0,21.0,6.0,7.0,,,0.0,,,,,,,,,,,,,,,
ITA-Serie A,2324,Milan,Simon Kjær,DEN,DF,34.0,1989.0,20.0,14.0,1171.0,13.0,0.0,1.0,1.0,0.0,0.0,0.0,1.0,0.0,0.0,0.08,0.08,0.0,0.08,13.0,0.0,6.0,0.0,0.0,0.46,0.0,0.0,,0.0,0.0,59.0,34.2,14,79.0,7,6,11.0,5,2.3,23.0,17.0,6.0,0.46,-0.38,0.0,9.0,2.0,0.0,1.0,13.0,15.0,,,0.0,,,,,,,,,,,,,,,
ITA-Serie A,2324,Milan,Theo Hernández,FRA,DF,25.0,1997.0,32.0,31.0,2791.0,31.0,5.0,4.0,9.0,4.0,1.0,2.0,11.0,1.0,0.16,0.13,0.29,0.13,0.26,31.0,5.0,57.0,17.0,29.8,1.84,0.55,0.09,0.29,1.0,2.0,87.0,81.6,31,89.0,26,1,23.0,0,2.13,70.0,42.0,28.0,0.9,1.05,0.0,38.0,50.0,2.0,71.0,21.0,17.0,,,0.0,,,,,,,,,,,,,,,
ITA-Serie A,2324,Milan,Tijjani Reijnders,NED,MF,25.0,1998.0,36.0,33.0,2820.0,31.3,3.0,3.0,6.0,3.0,0.0,0.0,8.0,0.0,0.1,0.1,0.19,0.1,0.19,31.3,3.0,44.0,9.0,20.5,1.4,0.29,0.07,0.33,0.0,0.0,78.0,82.5,33,82.0,21,3,36.0,1,1.97,67.0,38.0,29.0,0.93,1.23,0.0,21.0,20.0,1.0,40.0,19.0,25.0,,,0.0,,,,,,,,,,,,,,,
ITA-Serie A,2324,Milan,Tommaso Pobega,ITA,"MF,DF",24.0,1999.0,11.0,3.0,319.0,3.5,0.0,0.0,0.0,0.0,0.0,0.0,0.0,0.0,0.0,0.0,0.0,0.0,0.0,3.5,0.0,5.0,4.0,80.0,1.41,1.13,0.0,0.0,0.0,0.0,29.0,9.3,3,61.0,1,8,17.0,9,2.55,7.0,4.0,3.0,0.85,0.15,0.0,8.0,7.0,0.0,0.0,5.0,9.0,,,0.0,,,,,,,,,,,,,,,
ITA-Serie A,2324,Milan,Yacine Adli,FRA,MF,23.0,2000.0,24.0,17.0,1407.0,15.6,1.0,2.0,3.0,1.0,0.0,0.0,3.0,0.0,0.06,0.13,0.19,0.06,0.19,15.6,1.0,4.0,1.0,25.0,0.26,0.06,0.25,1.0,0.0,0.0,59.0,41.1,17,74.0,6,7,21.0,14,1.88,25.0,22.0,3.0,0.19,-0.88,0.0,26.0,9.0,1.0,50.0,18.0,17.0,,,0.0,,,,,,,,,,,,,,,
ITA-Serie A,2324,Milan,Yunus Musah,USA,MF,20.0,2002.0,30.0,13.0,1478.0,16.4,0.0,2.0,2.0,0.0,0.0,0.0,5.0,0.0,0.0,0.12,0.12,0.0,0.12,16.4,0.0,14.0,5.0,35.7,0.85,0.3,0.0,0.0,0.0,0.0,49.0,43.2,13,83.0,7,17,23.0,3,1.9,25.0,23.0,2.0,0.12,-1.04,0.0,22.0,21.0,2.0,27.0,11.0,14.0,,,0.0,,,,,,,,,,,,,,,
ITA-Serie A,2324,Milan,Álex Jiménez,ESP,DF,18.0,2005.0,3.0,0.0,68.0,0.8,0.0,0.0,0.0,0.0,0.0,0.0,1.0,0.0,0.0,0.0,0.0,0.0,0.0,0.8,0.0,0.0,0.0,,0.0,0.0,,,0.0,0.0,23.0,2.0,0,,0,3,23.0,13,3.0,1.0,0.0,1.0,1.32,0.63,0.0,2.0,1.0,0.0,1.0,0.0,1.0,,,0.0,,,,,,,,,,,,,,,
ITA-Serie A,2324,Monza,Alessandro Sorrentino,ITA,GK,21.0,2002.0,7.0,5.0,548.0,6.1,0.0,0.0,0.0,0.0,0.0,0.0,0.0,0.0,0.0,0.0,0.0,0.0,0.0,6.1,0.0,0.0,0.0,,0.0,0.0,,,0.0,0.0,78.0,16.0,5,90.0,5,2,49.0,31,1.0,8.0,16.0,-8.0,-1.31,-1.19,0.0,0.0,1.0,0.0,0.0,0.0,0.0,,,0.0,16.0,2.63,32.0,16.0,50.0,0.0,1.0,4.0,0.0,0.0,4.0,4.0,0.0,0.0,0.0
ITA-Serie A,2324,Monza,Alessio Zerbin,ITA,MF,24.0,1999.0,13.0,7.0,684.0,7.6,0.0,1.0,1.0,0.0,0.0,0.0,2.0,1.0,0.0,0.13,0.13,0.0,0.13,7.6,0.0,6.0,2.0,33.3,0.79,0.26,0.0,0.0,0.0,0.0,53.0,20.0,7,75.0,2,6,27.0,4,0.85,4.0,5.0,-1.0,-0.13,0.23,1.0,17.0,12.0,0.0,31.0,3.0,11.0,,,0.0,,,,,,,,,,,,,,,
ITA-Serie A,2324,Monza,Andrea Carboni,ITA,DF,22.0,2001.0,21.0,16.0,1487.0,16.5,1.0,0.0,1.0,1.0,0.0,0.0,1.0,0.0,0.06,0.0,0.06,0.06,0.06,16.5,1.0,18.0,4.0,22.2,1.09,0.24,0.06,0.25,0.0,0.0,71.0,43.5,16,81.0,10,5,37.0,9,1.29,17.0,17.0,0.0,0.0,0.56,0.0,12.0,5.0,1.0,21.0,17.0,22.0,,,0.0,,,,,,,,,,,,,,,
ITA-Serie A,2324,Monza,Andrea Colpani,ITA,MF,24.0,1999.0,38.0,36.0,2657.0,29.5,8.0,4.0,12.0,8.0,0.0,0.0,1.0,0.0,0.27,0.14,0.41,0.27,0.41,29.5,8.0,65.0,19.0,29.2,2.2,0.64,0.12,0.42,0.0,0.0,70.0,77.7,36,72.0,6,2,33.0,0,1.18,28.0,40.0,-12.0,-0.41,-0.41,0.0,24.0,45.0,2.0,109.0,12.0,15.0,,,0.0,,,,,,,,,,,,,,,
ITA-Serie A,2324,Monza,Andrea Ferraris,ITA,FW,20.0,2003.0,1.0,0.0,10.0,0.1,0.0,0.0,0.0,0.0,0.0,0.0,0.0,0.0,0.0,0.0,0.0,0.0,0.0,0.1,0.0,0.0,0.0,,0.0,0.0,,,0.0,0.0,10.0,0.3,0,,0,1,10.0,10,0.0,0.0,0.0,0.0,0.0,0.32,0.0,0.0,0.0,0.0,0.0,0.0,1.0,,,0.0,,,,,,,,,,,,,,,
ITA-Serie A,2324,Monza,Armando Izzo,ITA,DF,31.0,1992.0,23.0,20.0,1650.0,18.3,0.0,0.0,0.0,0.0,0.0,0.0,9.0,0.0,0.0,0.0,0.0,0.0,0.0,18.3,0.0,5.0,3.0,60.0,0.27,0.16,0.0,0.0,0.0,0.0,72.0,48.2,20,81.0,13,3,8.0,4,1.13,17.0,25.0,-8.0,-0.44,-0.23,0.0,32.0,25.0,1.0,3.0,24.0,20.0,,,0.0,,,,,,,,,,,,,,,
ITA-Serie A,2324,Monza,Daniel Maldini,ITA,MF,21.0,2001.0,11.0,2.0,333.0,3.7,4.0,1.0,5.0,4.0,0.0,0.0,0.0,0.0,1.08,0.27,1.35,1.08,1.35,3.7,4.0,12.0,5.0,41.7,3.24,1.35,0.33,0.8,0.0,0.0,30.0,9.7,2,59.0,0,9,24.0,4,1.27,10.0,8.0,2.0,0.54,0.95,0.0,2.0,5.0,2.0,10.0,2.0,2.0,,,0.0,,,,,,,,,,,,,,,
ITA-Serie A,2324,Monza,Danilo D'Ambrosio,ITA,DF,34.0,1988.0,24.0,16.0,1536.0,17.1,0.0,0.0,0.0,0.0,0.0,0.0,5.0,1.0,0.0,0.0,0.0,0.0,0.0,17.1,0.0,14.0,4.0,28.6,0.82,0.23,0.0,0.0,0.0,0.0,64.0,44.9,16,83.0,10,8,27.0,5,1.13,18.0,20.0,-2.0,-0.12,0.36,1.0,18.0,13.0,1.0,7.0,15.0,34.0,,,0.0,,,,,,,,,,,,,,,
ITA-Serie A,2324,Monza,Dany Mota,POR,"MF,FW",25.0,1998.0,34.0,24.0,2049.0,22.8,4.0,3.0,7.0,4.0,0.0,0.0,3.0,0.0,0.18,0.13,0.31,0.18,0.31,22.8,4.0,38.0,12.0,31.6,1.67,0.53,0.11,0.33,0.0,0.0,60.0,59.9,24,72.0,6,10,33.0,1,1.18,22.0,35.0,-13.0,-0.57,-0.64,0.0,22.0,28.0,6.0,90.0,2.0,7.0,,,0.0,,,,,,,,,,,,,,,
ITA-Serie A,2324,Monza,Davide Bettella,ITA,DF,23.0,2000.0,1.0,0.0,3.0,0.0,0.0,0.0,0.0,0.0,0.0,0.0,0.0,0.0,0.0,0.0,0.0,0.0,0.0,0.0,0.0,0.0,0.0,,0.0,0.0,,,0.0,0.0,3.0,0.1,0,,0,1,3.0,17,3.0,0.0,0.0,0.0,0.0,0.32,0.0,0.0,0.0,0.0,0.0,0.0,0.0,,,0.0,,,,,,,,,,,,,,,
ITA-Serie A,2324,Monza,Gianluca Caprari,ITA,"MF,FW",30.0,1993.0,6.0,4.0,285.0,3.2,0.0,0.0,0.0,0.0,0.0,0.0,0.0,0.0,0.0,0.0,0.0,0.0,0.0,3.2,0.0,8.0,0.0,0.0,2.53,0.0,0.0,,0.0,0.0,48.0,8.3,4,64.0,1,2,15.0,3,0.83,4.0,5.0,-1.0,-0.32,0.0,0.0,3.0,5.0,2.0,8.0,2.0,1.0,,,0.0,,,,,,,,,,,,,,,
ITA-Serie A,2324,Monza,Giorgio Cittadini,ITA,DF,21.0,2002.0,1.0,0.0,15.0,0.2,0.0,0.0,0.0,0.0,0.0,0.0,1.0,0.0,0.0,0.0,0.0,0.0,0.0,0.2,0.0,0.0,0.0,,0.0,0.0,,,0.0,0.0,15.0,0.4,0,,0,1,15.0,15,1.0,0.0,0.0,0.0,0.0,0.32,0.0,1.0,1.0,0.0,0.0,0.0,1.0,,,0.0,,,,,,,,,,,,,,,
ITA-Serie A,2324,Monza,Giorgos Kyriakopoulos,GRE,"MF,DF",27.0,1996.0,28.0,20.0,1712.0,19.0,0.0,3.0,3.0,0.0,0.0,0.0,3.0,0.0,0.0,0.16,0.16,0.0,0.16,19.0,0.0,24.0,2.0,8.3,1.26,0.11,0.0,0.0,0.0,0.0,61.0,50.1,20,76.0,8,8,24.0,10,0.96,18.0,25.0,-7.0,-0.37,-0.1,0.0,15.0,14.0,2.0,84.0,12.0,10.0,,,0.0,,,,,,,,,,,,,,,
ITA-Serie A,2324,Monza,Giulio Donati,ITA,DF,33.0,1990.0,4.0,0.0,36.0,0.4,0.0,0.0,0.0,0.0,0.0,0.0,2.0,0.0,0.0,0.0,0.0,0.0,0.0,0.4,0.0,1.0,1.0,100.0,2.5,2.5,0.0,0.0,0.0,0.0,9.0,1.1,0,,0,4,9.0,28,0.8,5.0,6.0,-1.0,-2.5,-2.21,0.0,1.0,0.0,0.0,4.0,0.0,0.0,,,0.0,,,,,,,,,,,,,,,
ITA-Serie A,2324,Monza,Jean-Daniel Akpa-Akpro,CIV,"MF,DF",30.0,1992.0,19.0,8.0,705.0,7.8,0.0,0.0,0.0,0.0,0.0,0.0,5.0,0.0,0.0,0.0,0.0,0.0,0.0,7.8,0.0,7.0,3.0,42.9,0.89,0.38,0.0,0.0,0.0,0.0,37.0,20.6,8,67.0,1,11,15.0,15,1.37,9.0,10.0,-1.0,-0.13,0.24,0.0,15.0,5.0,0.0,1.0,9.0,13.0,,,0.0,,,,,,,,,,,,,,,
ITA-Serie A,2324,Monza,Lorenzo Colombo,ITA,FW,21.0,2002.0,25.0,16.0,1359.0,15.1,4.0,1.0,5.0,4.0,0.0,0.0,3.0,0.0,0.26,0.07,0.33,0.26,0.33,15.1,4.0,37.0,10.0,27.0,2.45,0.66,0.11,0.4,0.0,0.0,54.0,39.7,16,70.0,3,9,26.0,11,1.24,16.0,15.0,1.0,0.07,0.63,0.0,25.0,24.0,6.0,2.0,0.0,11.0,,,0.0,,,,,,,,,,,,,,,
ITA-Serie A,2324,Monza,Luca Caldirola,ITA,DF,32.0,1991.0,29.0,23.0,2141.0,23.8,1.0,1.0,2.0,1.0,0.0,0.0,7.0,1.0,0.04,0.04,0.08,0.04,0.08,23.8,1.0,9.0,2.0,22.2,0.38,0.08,0.11,0.5,0.0,0.0,74.0,62.6,23,87.0,19,6,22.0,7,1.1,25.0,37.0,-12.0,-0.5,-0.5,1.0,24.0,17.0,1.0,4.0,25.0,14.0,,,0.0,,,,,,,,,,,,,,,
ITA-Serie A,2324,Monza,Matteo Pessina,ITA,MF,26.0,1997.0,37.0,37.0,3222.0,35.8,6.0,3.0,9.0,2.0,4.0,5.0,5.0,1.0,0.17,0.08,0.25,0.06,0.14,35.8,6.0,27.0,13.0,48.1,0.75,0.36,0.22,0.46,4.0,5.0,87.0,94.2,37,87.0,30,0,,0,1.22,36.0,44.0,-8.0,-0.22,1.59,1.0,29.0,45.0,1.0,20.0,27.0,25.0,,,0.0,,,,,,,,,,,,,,,
ITA-Serie A,2324,Monza,Michele Di Gregorio,ITA,GK,26.0,1997.0,33.0,33.0,2872.0,31.9,0.0,0.0,0.0,0.0,0.0,0.0,0.0,0.0,0.0,0.0,0.0,0.0,0.0,31.9,0.0,0.0,0.0,,0.0,0.0,,,0.0,0.0,87.0,84.0,33,87.0,31,0,,1,1.33,31.0,35.0,-4.0,-0.13,1.19,0.0,0.0,4.0,0.0,0.0,2.0,0.0,,,0.0,35.0,1.1,155.0,124.0,77.4,11.0,11.0,11.0,12.0,36.4,5.0,3.0,2.0,0.0,40.0
ITA-Serie A,2324,Monza,Milan Đurić,BIH,FW,33.0,1990.0,17.0,13.0,1257.0,14.0,4.0,1.0,5.0,4.0,0.0,0.0,2.0,0.0,0.29,0.07,0.36,0.29,0.36,14.0,4.0,26.0,6.0,23.1,1.86,0.43,0.15,0.67,0.0,0.0,74.0,36.8,13,86.0,9,4,35.0,0,1.18,14.0,20.0,-6.0,-0.43,-0.18,0.0,23.0,26.0,1.0,1.0,0.0,4.0,,,0.0,,,,,,,,,,,,,,,
ITA-Serie A,2324,Monza,Mirko Marić,CRO,FW,28.0,1995.0,10.0,1.0,287.0,3.2,1.0,0.0,1.0,1.0,0.0,0.0,0.0,1.0,0.31,0.0,0.31,0.31,0.31,3.2,1.0,7.0,2.0,28.6,2.2,0.63,0.14,0.5,0.0,0.0,29.0,8.4,1,59.0,0,9,25.0,9,1.09,2.0,3.0,-1.0,-0.31,0.0,0.0,4.0,5.0,3.0,1.0,2.0,1.0,,,0.0,,,,,,,,,,,,,,,
ITA-Serie A,2324,Monza,Pablo Marí,ESP,DF,29.0,1993.0,34.0,30.0,2615.0,29.1,0.0,0.0,0.0,0.0,0.0,0.0,7.0,0.0,0.0,0.0,0.0,0.0,0.0,29.1,0.0,8.0,2.0,25.0,0.28,0.07,0.0,0.0,0.0,0.0,77.0,76.5,30,84.0,24,4,21.0,0,1.18,29.0,39.0,-10.0,-0.34,-0.12,0.0,37.0,9.0,0.0,4.0,37.0,26.0,,,0.0,,,,,,,,,,,,,,,
ITA-Serie A,2324,Monza,Papu Gómez,ARG,"FW,MF",35.0,1988.0,2.0,0.0,41.0,0.5,0.0,0.0,0.0,0.0,0.0,0.0,0.0,0.0,0.0,0.0,0.0,0.0,0.0,0.5,0.0,0.0,0.0,,0.0,0.0,,,0.0,0.0,21.0,1.2,0,,0,2,21.0,0,3.0,1.0,0.0,1.0,2.2,2.54,0.0,0.0,0.0,0.0,5.0,1.0,0.0,,,0.0,,,,,,,,,,,,,,,
ITA-Serie A,2324,Monza,Patrick Ciurria,ITA,MF,28.0,1995.0,22.0,18.0,1598.0,17.8,0.0,1.0,1.0,0.0,0.0,0.0,2.0,0.0,0.0,0.06,0.06,0.0,0.06,17.8,0.0,28.0,7.0,25.0,1.58,0.39,0.0,0.0,0.0,0.0,73.0,46.7,18,80.0,10,4,38.0,7,1.32,16.0,20.0,-4.0,-0.23,0.17,0.0,29.0,14.0,4.0,53.0,9.0,20.0,,,0.0,,,,,,,,,,,,,,,
ITA-Serie A,2324,Monza,Pedro Pereira,POR,"MF,DF",25.0,1998.0,23.0,9.0,841.0,9.3,0.0,2.0,2.0,0.0,0.0,0.0,3.0,0.0,0.0,0.21,0.21,0.0,0.21,9.3,0.0,3.0,0.0,0.0,0.32,0.0,0.0,,0.0,0.0,37.0,24.6,9,65.0,2,14,18.0,15,1.04,8.0,17.0,-9.0,-0.96,-0.86,0.0,11.0,3.0,1.0,37.0,4.0,13.0,,,0.0,,,,,,,,,,,,,,,
ITA-Serie A,2324,Monza,Pepín,EQG,MF,26.0,1996.0,10.0,2.0,241.0,2.7,0.0,0.0,0.0,0.0,0.0,0.0,2.0,0.0,0.0,0.0,0.0,0.0,0.0,2.7,0.0,5.0,0.0,0.0,1.87,0.0,0.0,,0.0,0.0,24.0,7.0,2,45.0,0,8,19.0,16,1.2,2.0,2.0,0.0,0.0,0.34,0.0,2.0,6.0,0.0,4.0,0.0,1.0,,,0.0,,,,,,,,,,,,,,,
ITA-Serie A,2324,Monza,Roberto Gagliardini,ITA,"MF,DF",29.0,1994.0,33.0,29.0,2360.0,26.2,1.0,2.0,3.0,1.0,0.0,0.0,5.0,0.0,0.04,0.08,0.11,0.04,0.11,26.2,1.0,36.0,9.0,25.0,1.37,0.34,0.03,0.11,0.0,0.0,72.0,69.0,29,79.0,18,4,21.0,2,1.12,28.0,38.0,-10.0,-0.38,-0.21,0.0,26.0,21.0,1.0,9.0,30.0,29.0,,,0.0,,,,,,,,,,,,,,,
ITA-Serie A,2324,Monza,Samuele Birindelli,ITA,"MF,DF",24.0,1999.0,35.0,22.0,2013.0,22.4,0.0,2.0,2.0,0.0,0.0,0.0,7.0,0.0,0.0,0.09,0.09,0.0,0.09,22.4,0.0,25.0,9.0,36.0,1.12,0.4,0.0,0.0,0.0,0.0,58.0,58.9,22,76.0,8,13,25.0,2,1.2,25.0,33.0,-8.0,-0.36,-0.1,0.0,30.0,32.0,1.0,55.0,16.0,20.0,,,0.0,,,,,,,,,,,,,,,
ITA-Serie A,2324,Monza,Samuele Vignato,ITA,MF,19.0,2004.0,10.0,3.0,343.0,3.8,1.0,0.0,1.0,1.0,0.0,0.0,2.0,0.0,0.26,0.0,0.26,0.26,0.26,3.8,1.0,7.0,4.0,57.1,1.84,1.05,0.14,0.25,0.0,0.0,34.0,10.0,3,65.0,0,7,21.0,12,1.5,4.0,2.0,2.0,0.52,0.93,0.0,4.0,4.0,1.0,8.0,1.0,4.0,,,0.0,,,,,,,,,,,,,,,
ITA-Serie A,2324,Monza,Valentin Carboni,ARG,MF,18.0,2005.0,31.0,10.0,1169.0,13.0,2.0,3.0,5.0,2.0,0.0,0.0,2.0,0.0,0.15,0.23,0.38,0.15,0.38,13.0,2.0,23.0,7.0,30.4,1.77,0.54,0.09,0.29,0.0,0.0,38.0,34.2,10,70.0,2,21,22.0,6,1.16,14.0,20.0,-6.0,-0.46,-0.22,0.0,21.0,20.0,3.0,14.0,7.0,13.0,,,0.0,,,,,,,,,,,,,,,
ITA-Serie A,2324,Monza,Warren Bondo,FRA,MF,19.0,2003.0,25.0,14.0,1475.0,16.4,1.0,1.0,2.0,1.0,0.0,0.0,9.0,0.0,0.06,0.06,0.12,0.06,0.12,16.4,1.0,17.0,4.0,23.5,1.04,0.24,0.06,0.25,0.0,0.0,59.0,43.1,14,79.0,8,11,34.0,11,1.28,20.0,27.0,-7.0,-0.43,-0.2,0.0,31.0,19.0,0.0,2.0,6.0,23.0,,,0.0,,,,,,,,,,,,,,,
ITA-Serie A,2324,Napoli,Alessandro Zanoli,ITA,MF,22.0,2000.0,4.0,0.0,52.0,0.6,0.0,0.0,0.0,0.0,0.0,0.0,1.0,0.0,0.0,0.0,0.0,0.0,0.0,0.6,0.0,0.0,0.0,,0.0,0.0,,,0.0,0.0,13.0,1.5,0,,0,4,13.0,15,1.75,0.0,0.0,0.0,0.0,-0.19,0.0,3.0,0.0,0.0,2.0,1.0,1.0,,,0.0,,,,,,,,,,,,,,,
ITA-Serie A,2324,Napoli,Alessio Zerbin,ITA,FW,24.0,1999.0,7.0,1.0,150.0,1.7,0.0,0.0,0.0,0.0,0.0,0.0,0.0,0.0,0.0,0.0,0.0,0.0,0.0,1.7,0.0,3.0,1.0,33.3,1.8,0.6,0.0,0.0,0.0,0.0,21.0,4.4,1,70.0,0,6,13.0,13,1.14,1.0,2.0,-1.0,-0.6,-0.82,0.0,7.0,4.0,0.0,7.0,0.0,2.0,,,0.0,,,,,,,,,,,,,,,
ITA-Serie A,2324,Napoli,Alex Meret,ITA,GK,26.0,1997.0,31.0,31.0,2773.0,30.8,0.0,0.0,0.0,0.0,0.0,0.0,0.0,0.0,0.0,0.0,0.0,0.0,0.0,30.8,0.0,0.0,0.0,,0.0,0.0,,,0.0,0.0,89.0,81.1,31,89.0,30,0,,1,1.39,49.0,40.0,9.0,0.29,0.57,0.0,0.0,3.0,0.0,0.0,0.0,0.0,,,0.0,40.0,1.3,102.0,62.0,60.8,10.0,13.0,8.0,5.0,16.1,4.0,2.0,2.0,0.0,50.0
ITA-Serie A,2324,Napoli,Amir Rrahmani,KVX,DF,29.0,1994.0,30.0,30.0,2600.0,28.9,3.0,0.0,3.0,3.0,0.0,0.0,5.0,0.0,0.1,0.0,0.1,0.1,0.1,28.9,3.0,25.0,8.0,32.0,0.87,0.28,0.12,0.38,0.0,0.0,87.0,76.0,30,87.0,27,0,,3,1.43,39.0,39.0,0.0,0.0,-0.77,0.0,19.0,7.0,2.0,4.0,19.0,27.0,,,0.0,,,,,,,,,,,,,,,
ITA-Serie A,2324,Napoli,Cyril Ngonge,BEL,FW,23.0,2000.0,13.0,1.0,315.0,3.5,1.0,0.0,1.0,1.0,0.0,0.0,2.0,0.0,0.29,0.0,0.29,0.29,0.29,3.5,1.0,17.0,5.0,29.4,4.86,1.43,0.06,0.2,0.0,0.0,24.0,9.2,1,54.0,0,12,22.0,0,1.0,5.0,5.0,0.0,0.0,-0.2,0.0,2.0,10.0,1.0,21.0,0.0,3.0,,,0.0,,,,,,,,,,,,,,,
ITA-Serie A,2324,Napoli,Diego Demme,GER,MF,31.0,1991.0,2.0,1.0,73.0,0.8,0.0,0.0,0.0,0.0,0.0,0.0,1.0,0.0,0.0,0.0,0.0,0.0,0.0,0.8,0.0,0.0,0.0,,0.0,0.0,,,0.0,0.0,37.0,2.1,1,59.0,0,1,14.0,13,2.0,1.0,0.0,1.0,1.23,1.07,0.0,1.0,2.0,0.0,3.0,0.0,1.0,,,0.0,,,,,,,,,,,,,,,
ITA-Serie A,2324,Napoli,Elif Elmas,MKD,"MF,FW",23.0,1999.0,11.0,4.0,339.0,3.8,2.0,0.0,2.0,2.0,0.0,0.0,2.0,0.0,0.53,0.0,0.53,0.53,0.53,3.8,2.0,6.0,6.0,100.0,1.59,1.59,0.33,0.33,0.0,0.0,31.0,9.9,4,54.0,0,7,17.0,3,1.64,3.0,5.0,-2.0,-0.53,-0.79,0.0,7.0,6.0,1.0,6.0,1.0,3.0,,,0.0,,,,,,,,,,,,,,,
ITA-Serie A,2324,Napoli,Frank Anguissa,CMR,MF,27.0,1995.0,34.0,32.0,2786.0,31.0,0.0,2.0,2.0,0.0,0.0,0.0,2.0,0.0,0.0,0.06,0.06,0.0,0.06,31.0,0.0,33.0,6.0,18.2,1.07,0.19,0.0,0.0,0.0,0.0,82.0,81.5,32,85.0,24,2,30.0,0,1.35,43.0,36.0,7.0,0.23,0.23,0.0,41.0,38.0,4.0,21.0,28.0,35.0,,,0.0,,,,,,,,,,,,,,,
ITA-Serie A,2324,Napoli,Giacomo Raspadori,ITA,FW,23.0,2000.0,37.0,14.0,1584.0,17.6,5.0,3.0,8.0,5.0,0.0,1.0,0.0,0.0,0.28,0.17,0.45,0.28,0.45,17.6,5.0,61.0,24.0,39.3,3.47,1.36,0.08,0.21,0.0,1.0,43.0,46.3,14,74.0,4,23,24.0,0,1.41,25.0,18.0,7.0,0.4,0.4,0.0,17.0,19.0,5.0,64.0,4.0,11.0,,,0.0,,,,,,,,,,,,,,,
ITA-Serie A,2324,Napoli,Gianluca Gaetano,ITA,MF,23.0,2000.0,9.0,1.0,161.0,1.8,1.0,0.0,1.0,1.0,0.0,0.0,1.0,0.0,0.56,0.0,0.56,0.56,0.56,1.8,1.0,8.0,4.0,50.0,4.47,2.24,0.13,0.25,0.0,0.0,18.0,4.7,1,55.0,0,8,13.0,10,1.56,3.0,3.0,0.0,0.0,-0.19,0.0,3.0,1.0,0.0,3.0,1.0,1.0,,,0.0,,,,,,,,,,,,,,,
ITA-Serie A,2324,Napoli,Giovanni Di Lorenzo,ITA,DF,29.0,1993.0,36.0,36.0,3234.0,35.9,1.0,6.0,7.0,1.0,0.0,0.0,6.0,0.0,0.03,0.17,0.19,0.03,0.19,35.9,1.0,38.0,7.0,18.4,1.06,0.19,0.03,0.14,0.0,0.0,90.0,94.6,36,90.0,35,0,,0,1.42,52.0,45.0,7.0,0.19,0.19,0.0,28.0,37.0,5.0,125.0,22.0,36.0,,,0.0,,,,,,,,,,,,,,,
ITA-Serie A,2324,Napoli,Giovanni Simeone,ARG,FW,28.0,1995.0,28.0,8.0,800.0,8.9,1.0,0.0,1.0,1.0,0.0,0.0,3.0,0.0,0.11,0.0,0.11,0.11,0.11,8.9,1.0,35.0,12.0,34.3,3.94,1.35,0.03,0.08,0.0,0.0,29.0,23.4,8,65.0,1,20,14.0,9,1.32,12.0,12.0,0.0,0.0,-0.24,0.0,11.0,13.0,6.0,6.0,1.0,4.0,,,0.0,,,,,,,,,,,,,,,
ITA-Serie A,2324,Napoli,Hamed Junior Traorè,CIV,MF,23.0,2000.0,9.0,5.0,382.0,4.2,0.0,0.0,0.0,0.0,0.0,0.0,1.0,0.0,0.0,0.0,0.0,0.0,0.0,4.2,0.0,10.0,3.0,30.0,2.36,0.71,0.0,0.0,0.0,0.0,42.0,11.2,5,62.0,0,4,18.0,8,1.22,8.0,7.0,1.0,0.24,0.06,0.0,4.0,7.0,1.0,7.0,1.0,2.0,,,0.0,,,,,,,,,,,,,,,
ITA-Serie A,2324,Napoli,Jens Cajuste,SWE,MF,23.0,1999.0,26.0,11.0,1016.0,11.3,0.0,2.0,2.0,0.0,0.0,0.0,7.0,0.0,0.0,0.18,0.18,0.0,0.18,11.3,0.0,16.0,3.0,18.8,1.42,0.27,0.0,0.0,0.0,0.0,39.0,29.7,11,70.0,2,15,16.0,8,1.62,18.0,18.0,0.0,0.0,-0.26,0.0,29.0,11.0,1.0,6.0,3.0,22.0,,,0.0,,,,,,,,,,,,,,,
ITA-Serie A,2324,Napoli,Jesper Lindstrøm,DEN,FW,23.0,2000.0,22.0,2.0,430.0,4.8,0.0,0.0,0.0,0.0,0.0,0.0,2.0,0.0,0.0,0.0,0.0,0.0,0.0,4.8,0.0,14.0,2.0,14.3,2.93,0.42,0.0,0.0,0.0,0.0,20.0,12.6,2,69.0,0,20,15.0,11,1.32,9.0,7.0,2.0,0.42,0.27,0.0,6.0,4.0,2.0,12.0,2.0,2.0,,,0.0,,,,,,,,,,,,,,,
ITA-Serie A,2324,Napoli,Juan Jesus,BRA,DF,32.0,1991.0,24.0,23.0,2116.0,23.5,1.0,0.0,1.0,1.0,0.0,0.0,7.0,0.0,0.04,0.0,0.04,0.04,0.04,23.5,1.0,8.0,2.0,25.0,0.34,0.09,0.13,0.5,0.0,0.0,88.0,61.9,23,90.0,20,1,52.0,6,1.33,27.0,29.0,-2.0,-0.09,-0.71,0.0,28.0,9.0,0.0,0.0,22.0,20.0,,,0.0,,,,,,,,,,,,,,,
ITA-Serie A,2324,Napoli,Khvicha Kvaratskhelia,GEO,FW,22.0,2001.0,34.0,32.0,2737.0,30.4,11.0,6.0,17.0,11.0,0.0,0.0,8.0,0.0,0.36,0.2,0.56,0.36,0.56,30.4,11.0,129.0,45.0,34.9,4.24,1.48,0.09,0.24,0.0,0.0,81.0,80.0,32,83.0,14,2,34.0,0,1.41,47.0,40.0,7.0,0.23,0.23,0.0,25.0,80.0,4.0,99.0,13.0,22.0,,,0.0,,,,,,,,,,,,,,,
ITA-Serie A,2324,Napoli,Leander Dendoncker,BEL,"DF,MF",28.0,1995.0,3.0,0.0,24.0,0.3,0.0,0.0,0.0,0.0,0.0,0.0,0.0,0.0,0.0,0.0,0.0,0.0,0.0,0.3,0.0,1.0,0.0,0.0,3.75,0.0,0.0,,0.0,0.0,8.0,0.7,0,,0,3,8.0,13,2.33,1.0,0.0,1.0,3.75,3.59,0.0,0.0,1.0,0.0,0.0,0.0,0.0,,,0.0,,,,,,,,,,,,,,,
ITA-Serie A,2324,Napoli,Leo Østigård,NOR,DF,23.0,1999.0,25.0,18.0,1625.0,18.1,1.0,0.0,1.0,1.0,0.0,0.0,3.0,0.0,0.06,0.0,0.06,0.06,0.06,18.1,1.0,7.0,1.0,14.3,0.39,0.06,0.14,1.0,0.0,0.0,65.0,47.5,18,85.0,16,7,14.0,11,1.38,29.0,22.0,7.0,0.39,0.39,0.0,12.0,12.0,1.0,2.0,15.0,11.0,,,0.0,,,,,,,,,,,,,,,
ITA-Serie A,2324,Napoli,Mathías Olivera,URU,DF,25.0,1997.0,23.0,18.0,1569.0,17.4,1.0,1.0,2.0,1.0,0.0,0.0,3.0,0.0,0.06,0.06,0.11,0.06,0.11,17.4,1.0,12.0,1.0,8.3,0.69,0.06,0.08,1.0,0.0,0.0,68.0,45.9,18,80.0,10,5,26.0,4,1.39,29.0,18.0,11.0,0.63,0.83,0.0,9.0,17.0,1.0,27.0,19.0,29.0,,,0.0,,,,,,,,,,,,,,,
ITA-Serie A,2324,Napoli,Matteo Politano,ITA,FW,29.0,1993.0,37.0,31.0,2360.0,26.2,8.0,7.0,15.0,6.0,2.0,3.0,2.0,1.0,0.31,0.27,0.57,0.23,0.5,26.2,8.0,75.0,19.0,25.3,2.86,0.72,0.11,0.42,2.0,3.0,64.0,69.0,31,70.0,1,6,34.0,0,1.41,38.0,34.0,4.0,0.15,-0.1,0.0,12.0,38.0,2.0,134.0,15.0,9.0,,,0.0,,,,,,,,,,,,,,,
ITA-Serie A,2324,Napoli,Mário Rui,POR,DF,32.0,1991.0,21.0,14.0,1205.0,13.4,0.0,2.0,2.0,0.0,0.0,0.0,7.0,1.0,0.0,0.15,0.15,0.0,0.15,13.4,0.0,5.0,2.0,40.0,0.37,0.15,0.0,0.0,0.0,0.0,57.0,35.2,14,75.0,5,7,22.0,10,1.52,22.0,19.0,3.0,0.22,0.06,1.0,16.0,28.0,1.0,62.0,16.0,15.0,,,0.0,,,,,,,,,,,,,,,
ITA-Serie A,2324,Napoli,Natan,BRA,DF,22.0,2001.0,14.0,11.0,952.0,10.6,0.0,0.0,0.0,0.0,0.0,0.0,3.0,1.0,0.0,0.0,0.0,0.0,0.0,10.6,0.0,6.0,1.0,16.7,0.57,0.09,0.0,0.0,0.0,0.0,68.0,27.8,11,80.0,5,3,26.0,19,1.5,17.0,15.0,2.0,0.19,0.01,1.0,13.0,6.0,0.0,5.0,8.0,11.0,,,0.0,,,,,,,,,,,,,,,
ITA-Serie A,2324,Napoli,Nikita Contini,ITA,GK,27.0,1996.0,1.0,0.0,17.0,0.2,0.0,0.0,0.0,0.0,0.0,0.0,0.0,0.0,0.0,0.0,0.0,0.0,0.0,0.2,0.0,0.0,0.0,,0.0,0.0,,,0.0,0.0,17.0,0.5,0,,0,1,17.0,34,1.0,0.0,0.0,0.0,0.0,-0.19,0.0,0.0,0.0,0.0,0.0,0.0,0.0,,,0.0,0.0,0.0,0.0,0.0,,0.0,0.0,0.0,1.0,,0.0,0.0,0.0,0.0,
ITA-Serie A,2324,Napoli,Pasquale Mazzocchi,ITA,"DF,MF",28.0,1995.0,10.0,4.0,428.0,4.8,0.0,1.0,1.0,0.0,0.0,0.0,0.0,1.0,0.0,0.21,0.21,0.0,0.21,4.8,0.0,5.0,1.0,20.0,1.05,0.21,0.0,0.0,0.0,0.0,43.0,12.5,4,78.0,1,6,19.0,9,0.8,5.0,5.0,0.0,0.0,-0.21,0.0,9.0,7.0,0.0,14.0,1.0,3.0,,,0.0,,,,,,,,,,,,,,,
ITA-Serie A,2324,Napoli,Pierluigi Gollini,ITA,GK,28.0,1995.0,7.0,7.0,630.0,7.0,0.0,0.0,0.0,0.0,0.0,0.0,0.0,0.0,0.0,0.0,0.0,0.0,0.0,7.0,0.0,1.0,0.0,0.0,0.14,0.0,0.0,,0.0,0.0,90.0,18.4,7,90.0,7,0,,22,1.43,6.0,8.0,-2.0,-0.29,-0.58,0.0,0.0,1.0,0.0,0.0,1.0,1.0,,,0.0,8.0,1.14,24.0,16.0,66.7,3.0,1.0,3.0,1.0,14.3,0.0,0.0,0.0,0.0,
ITA-Serie A,2324,Napoli,Piotr Zieliński,POL,MF,29.0,1994.0,28.0,23.0,1924.0,21.4,3.0,2.0,5.0,2.0,1.0,1.0,1.0,0.0,0.14,0.09,0.23,0.09,0.19,21.4,3.0,30.0,9.0,30.0,1.4,0.42,0.1,0.33,1.0,1.0,69.0,56.3,23,78.0,4,5,28.0,2,1.36,30.0,25.0,5.0,0.23,0.11,0.0,15.0,18.0,0.0,88.0,10.0,16.0,,,0.0,,,,,,,,,,,,,,,
ITA-Serie A,2324,Napoli,Stanislav Lobotka,SVK,MF,28.0,1994.0,38.0,38.0,3282.0,36.5,0.0,1.0,1.0,0.0,0.0,0.0,4.0,0.0,0.0,0.03,0.03,0.0,0.03,36.5,0.0,14.0,4.0,28.6,0.38,0.11,0.0,0.0,0.0,0.0,86.0,96.0,38,86.0,25,0,,0,1.39,50.0,44.0,6.0,0.16,-0.49,0.0,33.0,41.0,0.0,3.0,31.0,40.0,,,0.0,,,,,,,,,,,,,,,
ITA-Serie A,2324,Napoli,Victor Osimhen,NGA,FW,24.0,1998.0,25.0,22.0,1982.0,22.0,15.0,3.0,18.0,12.0,3.0,5.0,6.0,1.0,0.68,0.14,0.82,0.54,0.68,22.0,15.0,90.0,41.0,45.6,4.09,1.86,0.17,0.37,3.0,5.0,79.0,58.0,22,86.0,13,3,33.0,1,1.4,36.0,28.0,8.0,0.36,0.43,1.0,31.0,31.0,34.0,14.0,2.0,8.0,,,0.0,,,,,,,,,,,,,,,
ITA-Serie A,2324,Roma,Andrea Belotti,ITA,FW,29.0,1993.0,14.0,6.0,679.0,7.5,3.0,2.0,5.0,3.0,0.0,0.0,1.0,0.0,0.4,0.27,0.66,0.4,0.66,7.5,3.0,15.0,8.0,53.3,1.99,1.06,0.2,0.38,0.0,0.0,49.0,19.9,6,82.0,4,8,23.0,8,1.43,12.0,12.0,0.0,0.0,-0.62,0.0,14.0,25.0,8.0,4.0,1.0,4.0,,,0.0,,,,,,,,,,,,,,,
ITA-Serie A,2324,Roma,Angeliño,ESP,"DF,MF",26.0,1997.0,16.0,14.0,1141.0,12.7,0.0,1.0,1.0,0.0,0.0,0.0,2.0,0.0,0.0,0.08,0.08,0.0,0.08,12.7,0.0,8.0,2.0,25.0,0.63,0.16,0.0,0.0,0.0,0.0,71.0,33.4,14,76.0,5,2,42.0,0,1.75,22.0,16.0,6.0,0.47,-0.04,0.0,13.0,10.0,1.0,53.0,12.0,11.0,,,1.0,,,,,,,,,,,,,,,
ITA-Serie A,2324,Roma,Bryan Cristante,ITA,MF,28.0,1995.0,37.0,37.0,3289.0,36.5,3.0,4.0,7.0,3.0,0.0,0.0,8.0,0.0,0.08,0.11,0.19,0.08,0.19,36.5,3.0,54.0,9.0,16.7,1.48,0.25,0.06,0.33,0.0,0.0,89.0,96.2,37,89.0,34,0,,0,1.62,63.0,44.0,19.0,0.52,0.52,0.0,77.0,16.0,4.0,28.0,23.0,41.0,,,0.0,,,,,,,,,,,,,,,
ITA-Serie A,2324,Roma,Chris Smalling,ENG,DF,33.0,1989.0,8.0,4.0,390.0,4.3,0.0,0.0,0.0,0.0,0.0,0.0,0.0,0.0,0.0,0.0,0.0,0.0,0.0,4.3,0.0,1.0,1.0,100.0,0.23,0.23,0.0,0.0,0.0,0.0,49.0,11.4,4,80.0,2,4,17.0,7,2.0,8.0,8.0,0.0,0.0,-0.56,0.0,1.0,3.0,0.0,1.0,3.0,1.0,,,0.0,,,,,,,,,,,,,,,
ITA-Serie A,2324,Roma,Dean Huijsen,ESP,DF,18.0,2005.0,13.0,4.0,509.0,5.7,2.0,0.0,2.0,2.0,0.0,0.0,4.0,0.0,0.35,0.0,0.35,0.35,0.35,5.7,2.0,6.0,2.0,33.3,1.06,0.35,0.33,1.0,0.0,0.0,39.0,14.9,4,69.0,2,9,26.0,7,2.08,9.0,10.0,-1.0,-0.18,-0.8,0.0,10.0,2.0,0.0,1.0,3.0,5.0,,,1.0,,,,,,,,,,,,,,,
ITA-Serie A,2324,Roma,Diego Llorente,ESP,DF,29.0,1993.0,29.0,27.0,2170.0,24.1,1.0,1.0,2.0,1.0,0.0,0.0,5.0,0.0,0.04,0.04,0.08,0.04,0.08,24.1,1.0,9.0,4.0,44.4,0.37,0.17,0.11,0.25,0.0,0.0,75.0,63.5,27,78.0,20,2,32.0,5,1.69,41.0,27.0,14.0,0.58,0.22,0.0,26.0,23.0,0.0,6.0,22.0,19.0,,,0.0,,,,,,,,,,,,,,,
ITA-Serie A,2324,Roma,Edoardo Bove,ITA,MF,21.0,2002.0,31.0,18.0,1780.0,19.8,0.0,2.0,2.0,0.0,0.0,0.0,2.0,0.0,0.0,0.1,0.1,0.0,0.1,19.8,0.0,19.0,6.0,31.6,0.96,0.3,0.0,0.0,0.0,0.0,57.0,52.0,18,78.0,9,13,29.0,7,1.68,30.0,21.0,9.0,0.46,-0.09,0.0,31.0,37.0,1.0,8.0,10.0,31.0,,,0.0,,,,,,,,,,,,,,,
ITA-Serie A,2324,Roma,Gianluca Mancini,ITA,DF,27.0,1996.0,36.0,34.0,2869.0,31.9,4.0,1.0,5.0,4.0,0.0,0.0,9.0,0.0,0.13,0.03,0.16,0.13,0.16,31.9,4.0,19.0,7.0,36.8,0.6,0.22,0.21,0.57,0.0,0.0,80.0,83.9,34,84.0,26,2,15.0,1,1.64,51.0,37.0,14.0,0.44,-0.38,0.0,49.0,31.0,0.0,24.0,34.0,19.0,,,0.0,,,,,,,,,,,,,,,
ITA-Serie A,2324,Roma,Houssem Aouar,ALG,"MF,FW",25.0,1998.0,16.0,9.0,756.0,8.4,4.0,0.0,4.0,4.0,0.0,0.0,3.0,0.0,0.48,0.0,0.48,0.48,0.48,8.4,4.0,12.0,7.0,58.3,1.43,0.83,0.33,0.57,0.0,0.0,47.0,22.1,9,70.0,2,7,18.0,14,1.69,12.0,9.0,3.0,0.36,-0.18,0.0,10.0,11.0,3.0,10.0,4.0,11.0,,,0.0,,,,,,,,,,,,,,,
ITA-Serie A,2324,Roma,João Costa,BRA,MF,18.0,2005.0,3.0,0.0,14.0,0.2,0.0,0.0,0.0,0.0,0.0,0.0,1.0,0.0,0.0,0.0,0.0,0.0,0.0,0.2,0.0,0.0,0.0,,0.0,0.0,,,0.0,0.0,5.0,0.4,0,,0,3,5.0,17,0.0,0.0,1.0,-1.0,-6.43,-6.96,0.0,2.0,0.0,0.0,1.0,0.0,0.0,,,0.0,,,,,,,,,,,,,,,
ITA-Serie A,2324,Roma,Leandro Paredes,ARG,MF,29.0,1994.0,34.0,32.0,2634.0,29.3,3.0,5.0,8.0,0.0,3.0,3.0,15.0,1.0,0.1,0.17,0.27,0.0,0.17,29.3,3.0,32.0,6.0,18.8,1.09,0.21,0.09,0.5,3.0,3.0,77.0,77.0,32,81.0,17,2,22.0,0,1.65,42.0,34.0,8.0,0.27,-0.99,0.0,30.0,35.0,0.0,82.0,27.0,35.0,,,0.0,,,,,,,,,,,,,,,
ITA-Serie A,2324,Roma,Leonardo Spinazzola,ITA,"MF,DF",30.0,1993.0,24.0,15.0,1312.0,14.6,1.0,2.0,3.0,1.0,0.0,0.0,0.0,0.0,0.07,0.14,0.21,0.07,0.21,14.6,1.0,8.0,3.0,37.5,0.55,0.21,0.13,0.33,0.0,0.0,55.0,38.4,15,72.0,4,9,27.0,6,1.63,27.0,18.0,9.0,0.62,0.19,0.0,8.0,6.0,1.0,83.0,3.0,7.0,,,0.0,,,,,,,,,,,,,,,
ITA-Serie A,2324,Roma,Lorenzo Pellegrini,ITA,MF,27.0,1996.0,29.0,20.0,1859.0,20.7,8.0,3.0,11.0,7.0,1.0,1.0,7.0,0.0,0.39,0.15,0.53,0.34,0.48,20.7,8.0,47.0,20.0,42.6,2.28,0.97,0.17,0.4,1.0,1.0,64.0,54.4,20,79.0,7,9,30.0,2,1.62,38.0,28.0,10.0,0.48,-0.03,0.0,26.0,35.0,3.0,76.0,20.0,20.0,,,0.0,,,,,,,,,,,,,,,
ITA-Serie A,2324,Roma,Mile Svilar,SRB,GK,23.0,1999.0,15.0,15.0,1350.0,15.0,0.0,0.0,0.0,0.0,0.0,0.0,1.0,0.0,0.0,0.0,0.0,0.0,0.0,15.0,0.0,0.0,0.0,,0.0,0.0,,,0.0,0.0,90.0,39.5,15,90.0,15,0,,23,1.67,24.0,19.0,5.0,0.33,-0.28,0.0,0.0,4.0,0.0,0.0,0.0,0.0,,,0.0,19.0,1.27,77.0,59.0,75.3,7.0,4.0,4.0,5.0,33.3,2.0,1.0,1.0,0.0,50.0
ITA-Serie A,2324,Roma,Niccolò Pisilli,ITA,MF,18.0,2004.0,1.0,0.0,10.0,0.1,0.0,0.0,0.0,0.0,0.0,0.0,0.0,0.0,0.0,0.0,0.0,0.0,0.0,0.1,0.0,0.0,0.0,,0.0,0.0,,,0.0,0.0,10.0,0.3,0,,0,1,10.0,22,0.0,0.0,0.0,0.0,0.0,-0.5,0.0,0.0,0.0,0.0,0.0,0.0,0.0,,,0.0,,,,,,,,,,,,,,,
ITA-Serie A,2324,Roma,Nicola Zalewski,POL,"MF,FW",21.0,2002.0,22.0,10.0,968.0,10.8,0.0,1.0,1.0,0.0,0.0,0.0,3.0,1.0,0.0,0.09,0.09,0.0,0.09,10.8,0.0,16.0,1.0,6.3,1.49,0.09,0.0,0.0,0.0,0.0,44.0,28.3,10,70.0,1,12,22.0,15,1.41,13.0,12.0,1.0,0.09,-0.57,1.0,14.0,27.0,1.0,38.0,8.0,13.0,,,0.0,,,,,,,,,,,,,,,
ITA-Serie A,2324,Roma,Obite N'Dicka,CIV,DF,23.0,1999.0,25.0,25.0,2168.0,24.1,0.0,3.0,3.0,0.0,0.0,0.0,6.0,0.0,0.0,0.12,0.12,0.0,0.12,24.1,0.0,9.0,1.0,11.1,0.37,0.04,0.0,0.0,0.0,0.0,87.0,63.4,25,87.0,22,0,,4,1.72,41.0,27.0,14.0,0.58,0.22,0.0,26.0,16.0,0.0,11.0,15.0,18.0,,,0.0,,,,,,,,,,,,,,,
ITA-Serie A,2324,Roma,Ola Solbakken,NOR,FW,24.0,1998.0,1.0,0.0,23.0,0.3,0.0,0.0,0.0,0.0,0.0,0.0,0.0,0.0,0.0,0.0,0.0,0.0,0.0,0.3,0.0,0.0,0.0,,0.0,0.0,,,0.0,0.0,23.0,0.7,0,,0,1,23.0,1,0.0,0.0,0.0,0.0,0.0,-0.5,0.0,0.0,0.0,0.0,1.0,0.0,0.0,,,0.0,,,,,,,,,,,,,,,
ITA-Serie A,2324,Roma,Paulo Dybala,ARG,"FW,MF",29.0,1993.0,28.0,25.0,1959.0,21.8,13.0,9.0,22.0,6.0,7.0,7.0,3.0,0.0,0.6,0.41,1.01,0.28,0.69,21.8,13.0,59.0,23.0,39.0,2.71,1.06,0.22,0.57,7.0,7.0,70.0,57.3,25,75.0,7,3,24.0,1,1.79,45.0,27.0,18.0,0.83,0.77,0.0,12.0,50.0,5.0,88.0,3.0,13.0,,,0.0,,,,,,,,,,,,,,,
ITA-Serie A,2324,Roma,Rasmus Kristensen,DEN,"MF,DF",26.0,1997.0,29.0,19.0,1744.0,19.4,1.0,1.0,2.0,1.0,0.0,0.0,5.0,0.0,0.05,0.05,0.1,0.05,0.1,19.4,1.0,9.0,3.0,33.3,0.46,0.15,0.11,0.33,0.0,0.0,60.0,51.0,19,80.0,12,10,22.0,6,1.79,30.0,28.0,2.0,0.1,-0.81,0.0,14.0,8.0,1.0,43.0,7.0,18.0,,,1.0,,,,,,,,,,,,,,,
ITA-Serie A,2324,Roma,Renato Sanches,POR,MF,25.0,1997.0,7.0,1.0,146.0,1.6,1.0,0.0,1.0,1.0,0.0,0.0,2.0,0.0,0.62,0.0,0.62,0.62,0.62,1.6,1.0,2.0,1.0,50.0,1.23,0.62,0.5,1.0,0.0,0.0,21.0,4.3,1,45.0,0,6,17.0,12,1.71,7.0,4.0,3.0,1.85,1.41,0.0,6.0,3.0,0.0,4.0,0.0,1.0,,,0.0,,,,,,,,,,,,,,,
ITA-Serie A,2324,Roma,Riccardo Pagano,ITA,MF,18.0,2004.0,4.0,0.0,51.0,0.6,0.0,0.0,0.0,0.0,0.0,0.0,0.0,0.0,0.0,0.0,0.0,0.0,0.0,0.6,0.0,1.0,0.0,0.0,1.76,0.0,0.0,,0.0,0.0,13.0,1.5,0,,0,4,13.0,19,1.75,4.0,1.0,3.0,5.29,4.87,0.0,3.0,0.0,0.0,1.0,0.0,2.0,,,0.0,,,,,,,,,,,,,,,
ITA-Serie A,2324,Roma,Rick Karsdorp,NED,"MF,DF",28.0,1995.0,18.0,14.0,1191.0,13.2,0.0,2.0,2.0,0.0,0.0,0.0,2.0,0.0,0.0,0.15,0.15,0.0,0.15,13.2,0.0,8.0,1.0,12.5,0.6,0.08,0.0,0.0,0.0,0.0,66.0,34.8,14,76.0,4,4,31.0,16,2.06,21.0,11.0,10.0,0.76,0.39,0.0,9.0,9.0,0.0,28.0,9.0,18.0,,,0.0,,,,,,,,,,,,,,,
ITA-Serie A,2324,Roma,Romelu Lukaku,BEL,FW,30.0,1993.0,32.0,30.0,2641.0,29.3,13.0,3.0,16.0,13.0,0.0,1.0,5.0,1.0,0.44,0.1,0.55,0.44,0.55,29.3,13.0,65.0,28.0,43.1,2.22,0.95,0.2,0.46,0.0,1.0,83.0,77.2,30,87.0,23,2,23.0,0,1.91,52.0,30.0,22.0,0.75,1.1,0.0,24.0,17.0,25.0,13.0,0.0,6.0,,,0.0,,,,,,,,,,,,,,,
ITA-Serie A,2324,Roma,Rui Patrício,POR,GK,35.0,1988.0,23.0,23.0,2070.0,23.0,0.0,0.0,0.0,0.0,0.0,0.0,1.0,0.0,0.0,0.0,0.0,0.0,0.0,23.0,0.0,0.0,0.0,,0.0,0.0,,,0.0,0.0,90.0,60.5,23,90.0,23,0,,15,1.65,41.0,27.0,14.0,0.61,0.28,0.0,1.0,1.0,0.0,0.0,0.0,0.0,,,0.0,27.0,1.17,76.0,49.0,64.5,11.0,5.0,7.0,6.0,26.1,3.0,2.0,0.0,1.0,0.0
ITA-Serie A,2324,Roma,Sardar Azmoun,IRN,"FW,MF",28.0,1995.0,23.0,3.0,585.0,6.5,3.0,0.0,3.0,3.0,0.0,0.0,4.0,0.0,0.46,0.0,0.46,0.46,0.46,6.5,3.0,16.0,7.0,43.8,2.46,1.08,0.19,0.43,0.0,0.0,25.0,17.1,3,74.0,1,20,18.0,6,1.61,18.0,6.0,12.0,1.85,1.62,0.0,8.0,11.0,2.0,2.0,3.0,5.0,,,0.0,,,,,,,,,,,,,,,
ITA-Serie A,2324,Roma,Stephan El Shaarawy,ITA,"FW,MF",30.0,1992.0,33.0,19.0,1738.0,19.3,3.0,4.0,7.0,3.0,0.0,0.0,2.0,0.0,0.16,0.21,0.36,0.16,0.36,19.3,3.0,40.0,11.0,27.5,2.07,0.57,0.08,0.27,0.0,0.0,53.0,50.8,19,76.0,5,14,20.0,5,1.58,36.0,26.0,10.0,0.52,0.04,0.0,14.0,28.0,8.0,18.0,14.0,13.0,,,0.0,,,,,,,,,,,,,,,
ITA-Serie A,2324,Roma,Tammy Abraham,ENG,FW,25.0,1997.0,8.0,2.0,242.0,2.7,1.0,0.0,1.0,1.0,0.0,0.0,1.0,0.0,0.37,0.0,0.37,0.37,0.37,2.7,1.0,4.0,2.0,50.0,1.49,0.74,0.25,0.5,0.0,0.0,30.0,7.1,2,60.0,0,6,20.0,1,1.38,4.0,4.0,0.0,0.0,-0.54,0.0,6.0,5.0,2.0,2.0,0.0,1.0,,,0.0,,,,,,,,,,,,,,,
ITA-Serie A,2324,Roma,Tommaso Baldanzi,ITA,"MF,FW",20.0,2003.0,13.0,6.0,518.0,5.8,0.0,0.0,0.0,0.0,0.0,0.0,2.0,0.0,0.0,0.0,0.0,0.0,0.0,5.8,0.0,15.0,3.0,20.0,2.61,0.52,0.0,0.0,0.0,0.0,40.0,15.1,6,68.0,0,7,16.0,3,1.69,8.0,6.0,2.0,0.35,-0.18,0.0,7.0,14.0,1.0,5.0,0.0,5.0,,,0.0,,,,,,,,,,,,,,,
ITA-Serie A,2324,Roma,Zeki Çelik,TUR,"DF,MF",26.0,1997.0,17.0,6.0,671.0,7.5,0.0,0.0,0.0,0.0,0.0,0.0,1.0,0.0,0.0,0.0,0.0,0.0,0.0,7.5,0.0,2.0,1.0,50.0,0.27,0.13,0.0,0.0,0.0,0.0,39.0,19.6,6,78.0,3,11,19.0,21,1.59,12.0,11.0,1.0,0.13,-0.46,0.0,14.0,3.0,0.0,20.0,8.0,15.0,,,0.0,,,,,,,,,,,,,,,
ITA-Serie A,2324,Salernitana,Agustín Martegani,ARG,MF,23.0,2000.0,18.0,6.0,731.0,8.1,1.0,0.0,1.0,1.0,0.0,0.0,1.0,0.0,0.12,0.0,0.12,0.12,0.12,8.1,1.0,15.0,4.0,26.7,1.85,0.49,0.07,0.25,0.0,0.0,41.0,21.4,6,73.0,1,12,25.0,16,0.28,8.0,21.0,-13.0,-1.6,-0.4,0.0,10.0,14.0,0.0,1.0,4.0,7.0,,,0.0,,,,,,,,,,,,,,,
ITA-Serie A,2324,Salernitana,Alessandro Zanoli,ITA,"MF,DF",22.0,2000.0,17.0,10.0,921.0,10.2,0.0,2.0,2.0,0.0,0.0,0.0,3.0,0.0,0.0,0.2,0.2,0.0,0.2,10.2,0.0,3.0,1.0,33.3,0.29,0.1,0.0,0.0,0.0,0.0,54.0,26.9,10,77.0,3,7,22.0,1,0.29,9.0,20.0,-11.0,-1.07,0.29,0.0,5.0,4.0,1.0,30.0,2.0,12.0,,,1.0,,,,,,,,,,,,,,,
ITA-Serie A,2324,Salernitana,Andres Sfait,ROU,MF,18.0,2004.0,2.0,0.0,23.0,0.3,0.0,0.0,0.0,0.0,0.0,0.0,0.0,0.0,0.0,0.0,0.0,0.0,0.0,0.3,0.0,0.0,0.0,,0.0,0.0,,,0.0,0.0,12.0,0.7,0,,0,2,12.0,16,0.5,2.0,0.0,2.0,7.83,9.18,0.0,0.0,0.0,0.0,1.0,0.0,1.0,,,0.0,,,,,,,,,,,,,,,
ITA-Serie A,2324,Salernitana,Antonio Candreva,ITA,MF,36.0,1987.0,34.0,32.0,2750.0,30.6,6.0,6.0,12.0,5.0,1.0,1.0,5.0,0.0,0.2,0.2,0.39,0.16,0.36,30.6,6.0,65.0,21.0,32.3,2.13,0.69,0.09,0.29,1.0,1.0,81.0,80.4,32,83.0,22,2,40.0,0,0.47,23.0,60.0,-37.0,-1.21,0.4,0.0,11.0,43.0,21.0,219.0,7.0,13.0,,,0.0,,,,,,,,,,,,,,,
ITA-Serie A,2324,Salernitana,Benoît Costil,FRA,GK,36.0,1987.0,13.0,13.0,1170.0,13.0,0.0,0.0,0.0,0.0,0.0,0.0,0.0,0.0,0.0,0.0,0.0,0.0,0.0,13.0,0.0,0.0,0.0,,0.0,0.0,,,0.0,0.0,90.0,34.2,13,90.0,13,0,,25,0.69,13.0,29.0,-16.0,-1.23,0.09,0.0,0.0,1.0,0.0,1.0,0.0,1.0,,,0.0,29.0,2.23,68.0,39.0,57.4,2.0,3.0,8.0,1.0,7.7,3.0,3.0,0.0,0.0,0.0
ITA-Serie A,2324,Salernitana,Boulaye Dia,SEN,"FW,MF",26.0,1996.0,17.0,12.0,1143.0,12.7,4.0,0.0,4.0,3.0,1.0,1.0,1.0,0.0,0.31,0.0,0.31,0.24,0.24,12.7,4.0,29.0,10.0,34.5,2.28,0.79,0.14,0.4,1.0,1.0,67.0,33.4,12,83.0,8,5,29.0,1,0.35,9.0,30.0,-21.0,-1.65,-0.55,0.0,11.0,24.0,3.0,1.0,3.0,2.0,,,0.0,,,,,,,,,,,,,,,
ITA-Serie A,2324,Salernitana,Chukwubuikem Ikwuemesi,NGA,FW,21.0,2001.0,25.0,11.0,1061.0,11.8,1.0,1.0,2.0,1.0,0.0,0.0,2.0,0.0,0.08,0.08,0.17,0.08,0.17,11.8,1.0,22.0,8.0,36.4,1.87,0.68,0.05,0.13,0.0,0.0,42.0,31.0,11,71.0,2,14,20.0,6,0.56,11.0,26.0,-15.0,-1.27,0.02,0.0,35.0,20.0,9.0,2.0,1.0,1.0,,,0.0,,,,,,,,,,,,,,,
ITA-Serie A,2324,Salernitana,Domagoj Bradarić,CRO,"MF,DF",23.0,1999.0,34.0,30.0,2749.0,30.5,0.0,3.0,3.0,0.0,0.0,0.0,5.0,0.0,0.0,0.1,0.1,0.0,0.1,30.5,0.0,19.0,4.0,21.1,0.62,0.13,0.0,0.0,0.0,0.0,81.0,80.4,30,87.0,25,4,38.0,0,0.44,24.0,65.0,-41.0,-1.34,-0.27,0.0,14.0,34.0,0.0,81.0,31.0,21.0,,,0.0,,,,,,,,,,,,,,,
ITA-Serie A,2324,Salernitana,Dylan Bronn,TUN,DF,28.0,1995.0,4.0,0.0,52.0,0.6,0.0,0.0,0.0,0.0,0.0,0.0,0.0,0.0,0.0,0.0,0.0,0.0,0.0,0.6,0.0,1.0,0.0,0.0,1.73,0.0,0.0,,0.0,0.0,13.0,1.5,0,,0,4,13.0,13,1.0,0.0,4.0,-4.0,-6.92,-5.72,0.0,0.0,2.0,0.0,0.0,0.0,0.0,,,0.0,,,,,,,,,,,,,,,
ITA-Serie A,2324,Salernitana,Emanuel Vignato,ITA,"MF,FW",22.0,2000.0,9.0,3.0,311.0,3.5,0.0,1.0,1.0,0.0,0.0,0.0,1.0,0.0,0.0,0.29,0.29,0.0,0.29,3.5,0.0,1.0,0.0,0.0,0.29,0.0,0.0,,0.0,0.0,35.0,9.1,3,69.0,0,6,18.0,7,0.44,7.0,6.0,1.0,0.29,1.74,0.0,3.0,1.0,1.0,2.0,1.0,7.0,,,0.0,,,,,,,,,,,,,,,
ITA-Serie A,2324,Salernitana,Emil Bohinen,NOR,MF,24.0,1999.0,12.0,7.0,535.0,5.9,0.0,0.0,0.0,0.0,0.0,0.0,1.0,0.0,0.0,0.0,0.0,0.0,0.0,5.9,0.0,4.0,0.0,0.0,0.67,0.0,0.0,,0.0,0.0,45.0,15.6,7,57.0,0,5,28.0,5,0.5,3.0,14.0,-11.0,-1.85,-0.67,0.0,5.0,6.0,0.0,2.0,14.0,6.0,,,0.0,,,,,,,,,,,,,,,
ITA-Serie A,2324,Salernitana,Erik Botheim,NOR,"FW,MF",23.0,2000.0,7.0,4.0,316.0,3.5,0.0,0.0,0.0,0.0,0.0,0.0,1.0,0.0,0.0,0.0,0.0,0.0,0.0,3.5,0.0,1.0,0.0,0.0,0.28,0.0,0.0,,0.0,0.0,45.0,9.2,4,64.0,0,3,21.0,14,0.43,2.0,7.0,-5.0,-1.42,-0.15,0.0,2.0,11.0,0.0,1.0,0.0,0.0,,,0.0,,,,,,,,,,,,,,,
ITA-Serie A,2324,Salernitana,Federico Fazio,ARG,DF,36.0,1987.0,17.0,15.0,1355.0,15.1,1.0,0.0,1.0,1.0,0.0,0.0,3.0,1.0,0.07,0.0,0.07,0.07,0.07,15.1,1.0,8.0,2.0,25.0,0.53,0.13,0.13,0.5,0.0,0.0,80.0,39.6,15,87.0,12,2,27.0,8,0.61,15.0,31.0,-16.0,-1.06,0.38,0.0,8.0,9.0,0.0,0.0,17.0,11.0,,,0.0,,,,,,,,,,,,,,,
ITA-Serie A,2324,Salernitana,Flavius Daniliuc,AUT,DF,22.0,2001.0,14.0,8.0,744.0,8.3,0.0,0.0,0.0,0.0,0.0,0.0,2.0,0.0,0.0,0.0,0.0,0.0,0.0,8.3,0.0,2.0,0.0,0.0,0.24,0.0,0.0,,0.0,0.0,53.0,21.8,8,76.0,4,6,22.0,3,0.36,7.0,19.0,-12.0,-1.45,-0.21,0.0,14.0,4.0,0.0,1.0,8.0,11.0,,,0.0,,,,,,,,,,,,,,,
ITA-Serie A,2324,Salernitana,Gerardo Fusco,ITA,FW,18.0,2005.0,1.0,0.0,15.0,0.2,0.0,0.0,0.0,0.0,0.0,0.0,0.0,0.0,0.0,0.0,0.0,0.0,0.0,0.2,0.0,0.0,0.0,,0.0,0.0,,,0.0,0.0,15.0,0.4,0,,0,1,15.0,2,0.0,1.0,0.0,1.0,6.0,7.32,0.0,0.0,0.0,0.0,1.0,0.0,0.0,,,0.0,,,,,,,,,,,,,,,
ITA-Serie A,2324,Salernitana,Giulio Maggiore,ITA,MF,25.0,1998.0,27.0,20.0,1800.0,20.0,4.0,2.0,6.0,4.0,0.0,0.0,9.0,1.0,0.2,0.1,0.3,0.2,0.3,20.0,4.0,23.0,10.0,43.5,1.15,0.5,0.17,0.4,0.0,0.0,67.0,52.6,20,78.0,8,7,35.0,3,0.52,22.0,36.0,-14.0,-0.7,1.24,1.0,39.0,36.0,1.0,3.0,22.0,26.0,,,0.0,,,,,,,,,,,,,,,
ITA-Serie A,2324,Salernitana,Grigoris Kastanos,CYP,MF,25.0,1998.0,26.0,18.0,1480.0,16.4,3.0,3.0,6.0,3.0,0.0,0.0,5.0,0.0,0.18,0.18,0.36,0.18,0.36,16.4,3.0,30.0,10.0,33.3,1.82,0.61,0.1,0.3,0.0,0.0,57.0,43.3,18,73.0,3,8,20.0,3,0.54,12.0,31.0,-19.0,-1.16,0.24,0.0,18.0,44.0,3.0,38.0,6.0,14.0,,,0.0,,,,,,,,,,,,,,,
ITA-Serie A,2324,Salernitana,Guillermo Ochoa,MEX,GK,38.0,1985.0,21.0,21.0,1890.0,21.0,0.0,0.0,0.0,0.0,0.0,0.0,0.0,0.0,0.0,0.0,0.0,0.0,0.0,21.0,0.0,0.0,0.0,,0.0,0.0,,,0.0,0.0,90.0,55.3,21,90.0,21,0,,4,0.29,13.0,44.0,-31.0,-1.48,-0.42,0.0,0.0,0.0,0.0,0.0,0.0,0.0,,,0.0,44.0,2.1,112.0,74.0,60.7,0.0,6.0,15.0,1.0,4.8,7.0,7.0,0.0,0.0,0.0
ITA-Serie A,2324,Salernitana,Iron Gomis,FRA,MF,23.0,1999.0,5.0,1.0,134.0,1.5,0.0,0.0,0.0,0.0,0.0,0.0,0.0,0.0,0.0,0.0,0.0,0.0,0.0,1.5,0.0,3.0,1.0,33.3,2.01,0.67,0.0,0.0,0.0,0.0,27.0,3.9,1,45.0,0,4,22.0,7,0.4,0.0,4.0,-4.0,-2.69,-1.45,0.0,2.0,2.0,1.0,1.0,2.0,1.0,,,0.0,,,,,,,,,,,,,,,
ITA-Serie A,2324,Salernitana,Jovane Cabral,CPV,"MF,FW",25.0,1998.0,12.0,8.0,678.0,7.5,1.0,0.0,1.0,1.0,0.0,0.0,1.0,0.0,0.13,0.0,0.13,0.13,0.13,7.5,1.0,25.0,9.0,36.0,3.32,1.19,0.04,0.11,0.0,0.0,57.0,19.8,8,78.0,3,4,14.0,3,0.33,2.0,14.0,-12.0,-1.59,-0.38,0.0,19.0,13.0,6.0,14.0,1.0,9.0,,,0.0,,,,,,,,,,,,,,,
ITA-Serie A,2324,Salernitana,Junior Sambia,CTA,MF,26.0,1996.0,18.0,10.0,1032.0,11.5,1.0,2.0,3.0,1.0,0.0,0.0,4.0,0.0,0.09,0.17,0.26,0.09,0.26,11.5,1.0,12.0,4.0,33.3,1.05,0.35,0.08,0.25,0.0,0.0,57.0,30.2,10,81.0,3,8,27.0,20,0.28,9.0,23.0,-14.0,-1.22,0.1,0.0,9.0,15.0,0.0,29.0,10.0,5.0,,,0.0,,,,,,,,,,,,,,,
ITA-Serie A,2324,Salernitana,Jérôme Boateng,GER,DF,34.0,1988.0,7.0,4.0,238.0,2.6,0.0,0.0,0.0,0.0,0.0,0.0,0.0,0.0,0.0,0.0,0.0,0.0,0.0,2.6,0.0,0.0,0.0,,0.0,0.0,,,0.0,0.0,34.0,7.0,4,47.0,0,3,17.0,1,0.29,2.0,9.0,-7.0,-2.65,-1.46,0.0,2.0,0.0,1.0,1.0,4.0,0.0,,,0.0,,,,,,,,,,,,,,,
ITA-Serie A,2324,Salernitana,Kostas Manolas,GRE,DF,32.0,1991.0,8.0,6.0,488.0,5.4,0.0,0.0,0.0,0.0,0.0,0.0,0.0,0.0,0.0,0.0,0.0,0.0,0.0,5.4,0.0,2.0,0.0,0.0,0.37,0.0,0.0,,0.0,0.0,61.0,14.3,6,71.0,1,2,32.0,3,0.25,3.0,9.0,-6.0,-1.11,0.21,0.0,5.0,3.0,0.0,1.0,2.0,6.0,,,0.0,,,,,,,,,,,,,,,
ITA-Serie A,2324,Salernitana,Lassana Coulibaly,MLI,MF,27.0,1996.0,28.0,25.0,2082.0,23.1,0.0,1.0,1.0,0.0,0.0,0.0,5.0,0.0,0.0,0.04,0.04,0.0,0.04,23.1,0.0,13.0,3.0,23.1,0.56,0.13,0.0,0.0,0.0,0.0,74.0,60.9,25,81.0,17,3,18.0,0,0.54,23.0,51.0,-28.0,-1.21,0.2,0.0,33.0,36.0,1.0,9.0,17.0,33.0,,,0.0,,,,,,,,,,,,,,,
ITA-Serie A,2324,Salernitana,Lorenzo Pirola,ITA,DF,21.0,2002.0,27.0,24.0,1987.0,22.1,1.0,0.0,1.0,1.0,0.0,0.0,4.0,0.0,0.05,0.0,0.05,0.05,0.05,22.1,1.0,15.0,4.0,26.7,0.68,0.18,0.07,0.25,0.0,0.0,74.0,58.1,24,79.0,16,3,27.0,1,0.44,17.0,49.0,-32.0,-1.45,-0.38,0.0,33.0,16.0,1.0,2.0,25.0,22.0,,,0.0,,,,,,,,,,,,,,,
ITA-Serie A,2324,Salernitana,Loum Tchaouna,FRA,"MF,FW",19.0,2003.0,33.0,23.0,2100.0,23.3,4.0,3.0,7.0,4.0,0.0,0.0,4.0,0.0,0.17,0.13,0.3,0.17,0.3,23.3,4.0,44.0,15.0,34.1,1.89,0.64,0.09,0.27,0.0,0.0,64.0,61.4,23,81.0,14,10,23.0,2,0.33,25.0,53.0,-28.0,-1.2,0.23,0.0,15.0,30.0,6.0,69.0,5.0,10.0,,,0.0,,,,,,,,,,,,,,,
ITA-Serie A,2324,Salernitana,Mamadou Coulibaly,SEN,MF,24.0,1999.0,1.0,0.0,3.0,0.0,0.0,0.0,0.0,0.0,0.0,0.0,0.0,0.0,0.0,0.0,0.0,0.0,0.0,0.0,0.0,0.0,0.0,,0.0,0.0,,,0.0,0.0,3.0,0.1,0,,0,1,3.0,1,1.0,0.0,0.0,0.0,0.0,1.29,0.0,0.0,0.0,0.0,0.0,0.0,0.0,,,0.0,,,,,,,,,,,,,,,
ITA-Serie A,2324,Salernitana,Marco Pellegrino,ARG,DF,21.0,2002.0,10.0,5.0,545.0,6.1,0.0,0.0,0.0,0.0,0.0,0.0,1.0,0.0,0.0,0.0,0.0,0.0,0.0,6.1,0.0,2.0,0.0,0.0,0.33,0.0,0.0,,0.0,0.0,55.0,15.9,5,85.0,4,5,24.0,6,0.4,4.0,17.0,-13.0,-2.15,-1.02,0.0,3.0,1.0,0.0,1.0,10.0,6.0,,,0.0,,,,,,,,,,,,,,,
ITA-Serie A,2324,Salernitana,Mateusz Łęgowski,POL,MF,20.0,2003.0,29.0,10.0,1145.0,12.7,0.0,0.0,0.0,0.0,0.0,0.0,3.0,0.0,0.0,0.0,0.0,0.0,0.0,12.7,0.0,7.0,1.0,14.3,0.55,0.08,0.0,0.0,0.0,0.0,39.0,33.5,10,74.0,4,19,21.0,9,0.52,9.0,31.0,-22.0,-1.73,-0.66,0.0,24.0,10.0,2.0,6.0,7.0,12.0,,,0.0,,,,,,,,,,,,,,,
ITA-Serie A,2324,Salernitana,Matteo Lovato,ITA,DF,23.0,2000.0,13.0,11.0,947.0,10.5,0.0,0.0,0.0,0.0,0.0,0.0,2.0,0.0,0.0,0.0,0.0,0.0,0.0,10.5,0.0,1.0,0.0,0.0,0.1,0.0,0.0,,0.0,0.0,73.0,27.7,11,80.0,7,2,32.0,9,0.46,8.0,21.0,-13.0,-1.24,0.07,0.0,7.0,5.0,0.0,1.0,19.0,14.0,,,0.0,,,,,,,,,,,,,,,
ITA-Serie A,2324,Salernitana,Niccolò Pierozzi,ITA,DF,21.0,2001.0,12.0,11.0,871.0,9.7,1.0,0.0,1.0,1.0,0.0,0.0,6.0,0.0,0.1,0.0,0.1,0.1,0.1,9.7,1.0,8.0,2.0,25.0,0.83,0.21,0.13,0.5,0.0,0.0,73.0,25.5,11,77.0,6,1,25.0,1,0.33,8.0,20.0,-12.0,-1.24,0.07,0.0,28.0,10.0,0.0,6.0,11.0,10.0,,,0.0,,,,,,,,,,,,,,,
ITA-Serie A,2324,Salernitana,Norbert Gyömbér,SVK,DF,31.0,1992.0,22.0,20.0,1760.0,19.6,0.0,0.0,0.0,0.0,0.0,0.0,9.0,0.0,0.0,0.0,0.0,0.0,0.0,19.6,0.0,4.0,0.0,0.0,0.2,0.0,0.0,,0.0,0.0,80.0,51.5,20,82.0,14,2,58.0,3,0.55,16.0,41.0,-25.0,-1.28,0.02,0.0,33.0,18.0,0.0,0.0,23.0,19.0,,,1.0,,,,,,,,,,,,,,,
ITA-Serie A,2324,Salernitana,Pasquale Mazzocchi,ITA,"MF,DF",28.0,1995.0,18.0,16.0,1272.0,14.1,0.0,1.0,1.0,0.0,0.0,0.0,4.0,0.0,0.0,0.07,0.07,0.0,0.07,14.1,0.0,8.0,1.0,12.5,0.57,0.07,0.0,0.0,0.0,0.0,71.0,37.2,16,76.0,8,2,25.0,0,0.67,13.0,30.0,-17.0,-1.2,0.14,0.0,23.0,9.0,3.0,44.0,4.0,18.0,,,0.0,,,,,,,,,,,,,,,
ITA-Serie A,2324,Salernitana,Shon Weissman,ISR,FW,27.0,1996.0,11.0,5.0,494.0,5.5,1.0,0.0,1.0,1.0,0.0,0.0,0.0,0.0,0.18,0.0,0.18,0.18,0.18,5.5,1.0,6.0,1.0,16.7,1.09,0.18,0.17,1.0,0.0,0.0,45.0,14.4,5,64.0,0,6,29.0,4,0.18,5.0,14.0,-9.0,-1.64,-0.41,0.0,3.0,10.0,0.0,0.0,3.0,3.0,,,0.0,,,,,,,,,,,,,,,
ITA-Serie A,2324,Salernitana,Simeon Nwankwo,NGA,FW,31.0,1992.0,15.0,6.0,686.0,7.6,3.0,0.0,3.0,3.0,0.0,0.0,0.0,0.0,0.39,0.0,0.39,0.39,0.39,7.6,3.0,13.0,7.0,53.8,1.71,0.92,0.23,0.43,0.0,0.0,46.0,20.1,6,84.0,2,9,20.0,10,0.4,10.0,13.0,-3.0,-0.39,1.12,0.0,11.0,17.0,2.0,0.0,0.0,3.0,,,0.0,,,,,,,,,,,,,,,
ITA-Serie A,2324,Salernitana,Toma Bašić,CRO,MF,26.0,1996.0,15.0,14.0,1162.0,12.9,0.0,0.0,0.0,0.0,0.0,0.0,5.0,0.0,0.0,0.0,0.0,0.0,0.0,12.9,0.0,12.0,1.0,8.3,0.93,0.08,0.0,0.0,0.0,0.0,77.0,34.0,14,83.0,9,1,4.0,0,0.2,6.0,23.0,-17.0,-1.32,-0.04,0.0,14.0,16.0,0.0,25.0,14.0,13.0,,,0.0,,,,,,,,,,,,,,,
ITA-Serie A,2324,Salernitana,Triantafyllos Pasaridīs,GRE,DF,27.0,1996.0,8.0,5.0,452.0,5.0,0.0,0.0,0.0,0.0,0.0,0.0,3.0,0.0,0.0,0.0,0.0,0.0,0.0,5.0,0.0,0.0,0.0,,0.0,0.0,,,0.0,0.0,57.0,13.2,5,77.0,3,3,22.0,7,0.5,4.0,11.0,-7.0,-1.39,-0.12,0.0,9.0,3.0,0.0,0.0,3.0,7.0,,,0.0,,,,,,,,,,,,,,,
ITA-Serie A,2324,Salernitana,Trivante Stewart,JAM,FW,23.0,2000.0,4.0,0.0,100.0,1.1,0.0,0.0,0.0,0.0,0.0,0.0,0.0,0.0,0.0,0.0,0.0,0.0,0.0,1.1,0.0,2.0,1.0,50.0,1.8,0.9,0.0,0.0,0.0,0.0,25.0,2.9,0,,0,4,25.0,6,0.25,2.0,6.0,-4.0,-3.6,-2.38,0.0,1.0,0.0,0.0,2.0,0.0,0.0,,,0.0,,,,,,,,,,,,,,,
ITA-Serie A,2324,Salernitana,Vincenzo Fiorillo,ITA,GK,33.0,1990.0,4.0,4.0,360.0,4.0,0.0,0.0,0.0,0.0,0.0,0.0,1.0,1.0,0.0,0.0,0.0,0.0,0.0,4.0,0.0,0.0,0.0,,0.0,0.0,,,0.0,0.0,90.0,10.5,4,90.0,4,0,,22,0.6,8.0,10.0,-2.0,-0.5,0.88,0.0,0.0,3.0,0.0,0.0,0.0,0.0,,,0.0,8.0,2.0,26.0,18.0,69.2,0.0,2.0,2.0,0.0,0.0,0.0,0.0,0.0,0.0,
ITA-Serie A,2324,Sassuolo,Alessio Cragno,ITA,GK,29.0,1994.0,3.0,3.0,270.0,3.0,0.0,0.0,0.0,0.0,0.0,0.0,0.0,0.0,0.0,0.0,0.0,0.0,0.0,3.0,0.0,0.0,0.0,,0.0,0.0,,,0.0,0.0,90.0,7.9,3,90.0,3,0,,34,1.33,7.0,7.0,0.0,0.0,0.91,0.0,0.0,0.0,0.0,0.0,0.0,0.0,,,0.0,7.0,2.33,15.0,8.0,53.3,1.0,1.0,1.0,0.0,0.0,1.0,1.0,0.0,0.0,0.0
ITA-Serie A,2324,Sassuolo,Andrea Consigli,ITA,GK,36.0,1987.0,35.0,35.0,3150.0,35.0,0.0,0.0,0.0,0.0,0.0,0.0,1.0,0.0,0.0,0.0,0.0,0.0,0.0,35.0,0.0,0.0,0.0,,0.0,0.0,,,0.0,0.0,90.0,92.1,35,90.0,35,0,,0,0.74,36.0,68.0,-32.0,-0.91,-0.91,0.0,0.0,3.0,0.0,0.0,0.0,0.0,,,0.0,68.0,1.94,163.0,95.0,58.3,6.0,8.0,21.0,2.0,5.7,10.0,7.0,1.0,2.0,12.5
ITA-Serie A,2324,Sassuolo,Andrea Pinamonti,ITA,FW,24.0,1999.0,38.0,37.0,3076.0,34.2,11.0,1.0,12.0,9.0,2.0,3.0,4.0,0.0,0.32,0.03,0.35,0.26,0.29,34.2,11.0,84.0,22.0,26.2,2.46,0.64,0.13,0.5,2.0,3.0,81.0,89.9,37,83.0,13,1,8.0,0,0.79,40.0,63.0,-23.0,-0.67,1.68,0.0,21.0,52.0,9.0,10.0,1.0,9.0,,,0.0,,,,,,,,,,,,,,,
ITA-Serie A,2324,Sassuolo,Armand Lauriente,FRA,"MF,FW",24.0,1998.0,37.0,35.0,2908.0,32.3,5.0,4.0,9.0,5.0,0.0,0.0,5.0,0.0,0.15,0.12,0.28,0.15,0.28,32.3,5.0,84.0,30.0,35.7,2.6,0.93,0.06,0.17,0.0,0.0,79.0,85.0,35,82.0,15,2,18.0,0,0.81,37.0,55.0,-18.0,-0.56,1.9,0.0,34.0,55.0,4.0,134.0,18.0,21.0,,,0.0,,,,,,,,,,,,,,,
ITA-Serie A,2324,Sassuolo,Cristian Volpato,AUS,"MF,FW",19.0,2003.0,22.0,5.0,645.0,7.2,1.0,0.0,1.0,1.0,0.0,0.0,1.0,0.0,0.14,0.0,0.14,0.14,0.14,7.2,1.0,12.0,7.0,58.3,1.67,0.98,0.08,0.14,0.0,0.0,29.0,18.9,5,58.0,0,17,21.0,15,0.27,8.0,16.0,-8.0,-1.12,-0.34,0.0,15.0,9.0,0.0,48.0,2.0,8.0,,,0.0,,,,,,,,,,,,,,,
ITA-Serie A,2324,Sassuolo,Daniel Boloca,ROU,MF,24.0,1998.0,30.0,23.0,2022.0,22.5,1.0,0.0,1.0,1.0,0.0,0.0,6.0,1.0,0.04,0.0,0.04,0.04,0.04,22.5,1.0,13.0,4.0,30.8,0.58,0.18,0.08,0.25,0.0,0.0,67.0,59.1,23,80.0,13,7,26.0,4,0.93,29.0,42.0,-13.0,-0.58,0.64,0.0,25.0,7.0,0.0,8.0,15.0,33.0,,,0.0,,,,,,,,,,,,,,,
ITA-Serie A,2324,Sassuolo,Domenico Berardi,ITA,"MF,FW",28.0,1994.0,17.0,17.0,1431.0,15.9,9.0,3.0,12.0,4.0,5.0,5.0,6.0,0.0,0.57,0.19,0.75,0.25,0.44,15.9,9.0,51.0,24.0,47.1,3.21,1.51,0.18,0.38,5.0,5.0,84.0,41.8,17,84.0,10,0,,1,1.12,23.0,27.0,-4.0,-0.25,1.02,0.0,28.0,28.0,4.0,73.0,13.0,6.0,,,0.0,,,,,,,,,,,,,,,
ITA-Serie A,2324,Sassuolo,Emil Ceide,NOR,"FW,MF",21.0,2001.0,11.0,0.0,176.0,2.0,0.0,0.0,0.0,0.0,0.0,0.0,0.0,0.0,0.0,0.0,0.0,0.0,0.0,2.0,0.0,2.0,0.0,0.0,1.02,0.0,0.0,,0.0,0.0,16.0,5.1,0,,0,11,16.0,27,0.55,0.0,8.0,-8.0,-4.09,-3.43,0.0,2.0,1.0,0.0,5.0,0.0,1.0,,,0.0,,,,,,,,,,,,,,,
ITA-Serie A,2324,Sassuolo,Filippo Missori,ITA,MF,19.0,2004.0,8.0,2.0,266.0,3.0,0.0,0.0,0.0,0.0,0.0,0.0,0.0,0.0,0.0,0.0,0.0,0.0,0.0,3.0,0.0,4.0,1.0,25.0,1.35,0.34,0.0,0.0,0.0,0.0,33.0,7.8,2,66.0,0,6,22.0,26,0.88,1.0,6.0,-5.0,-1.69,-0.92,0.0,1.0,2.0,0.0,5.0,3.0,3.0,,,0.0,,,,,,,,,,,,,,,
ITA-Serie A,2324,Sassuolo,Gian Marco Ferrari,ITA,DF,31.0,1992.0,31.0,25.0,2272.0,25.2,1.0,0.0,1.0,1.0,0.0,0.0,4.0,0.0,0.04,0.0,0.04,0.04,0.04,25.2,1.0,16.0,6.0,37.5,0.63,0.24,0.06,0.17,0.0,0.0,73.0,66.4,25,88.0,24,6,11.0,6,0.77,24.0,47.0,-23.0,-0.91,-0.21,0.0,26.0,21.0,0.0,14.0,26.0,11.0,,,0.0,,,,,,,,,,,,,,,
ITA-Serie A,2324,Sassuolo,Grégoire Defrel,MTQ,"MF,FW",32.0,1991.0,20.0,7.0,757.0,8.4,1.0,2.0,3.0,1.0,0.0,0.0,0.0,0.0,0.12,0.24,0.36,0.12,0.36,8.4,1.0,12.0,3.0,25.0,1.43,0.36,0.08,0.33,0.0,0.0,38.0,22.1,7,72.0,0,13,20.0,6,0.8,8.0,14.0,-6.0,-0.71,0.17,0.0,9.0,8.0,1.0,2.0,4.0,7.0,,,0.0,,,,,,,,,,,,,,,
ITA-Serie A,2324,Sassuolo,Jeremy Toljan,GER,DF,28.0,1994.0,25.0,24.0,2083.0,23.1,0.0,5.0,5.0,0.0,0.0,0.0,1.0,0.0,0.0,0.22,0.22,0.0,0.22,23.1,0.0,12.0,3.0,25.0,0.52,0.13,0.0,0.0,0.0,0.0,83.0,60.9,24,86.0,21,1,16.0,4,1.0,31.0,40.0,-9.0,-0.39,1.16,0.0,10.0,7.0,0.0,52.0,15.0,10.0,,,0.0,,,,,,,,,,,,,,,
ITA-Serie A,2324,Sassuolo,Josh Doig,SCO,"DF,MF",21.0,2002.0,16.0,15.0,1343.0,14.9,0.0,2.0,2.0,0.0,0.0,0.0,5.0,0.0,0.0,0.13,0.13,0.0,0.13,14.9,0.0,8.0,2.0,25.0,0.54,0.13,0.0,0.0,0.0,0.0,84.0,39.3,15,87.0,11,1,45.0,1,0.63,14.0,32.0,-18.0,-1.21,-0.6,0.0,16.0,11.0,0.0,46.0,15.0,17.0,,,0.0,,,,,,,,,,,,,,,
ITA-Serie A,2324,Sassuolo,Justin Kumi,ITA,MF,19.0,2004.0,1.0,0.0,4.0,0.0,0.0,0.0,0.0,0.0,0.0,0.0,0.0,0.0,0.0,0.0,0.0,0.0,0.0,0.0,0.0,0.0,0.0,,0.0,0.0,,,0.0,0.0,4.0,0.1,0,,0,1,4.0,0,0.0,0.0,0.0,0.0,0.0,0.84,0.0,0.0,0.0,0.0,0.0,0.0,0.0,,,0.0,,,,,,,,,,,,,,,
ITA-Serie A,2324,Sassuolo,Kevin Miranda,ITA,DF,20.0,2003.0,1.0,0.0,14.0,0.2,0.0,0.0,0.0,0.0,0.0,0.0,0.0,0.0,0.0,0.0,0.0,0.0,0.0,0.2,0.0,0.0,0.0,,0.0,0.0,,,0.0,0.0,14.0,0.4,0,,0,1,14.0,1,0.0,0.0,2.0,-2.0,-12.86,-12.06,0.0,0.0,0.0,0.0,0.0,0.0,0.0,,,0.0,,,,,,,,,,,,,,,
ITA-Serie A,2324,Sassuolo,Kristian Thorstvedt,NOR,MF,24.0,1999.0,34.0,30.0,2397.0,26.6,6.0,1.0,7.0,6.0,0.0,0.0,7.0,0.0,0.23,0.04,0.26,0.23,0.26,26.6,6.0,42.0,15.0,35.7,1.58,0.56,0.14,0.4,0.0,0.0,71.0,70.1,30,76.0,10,4,32.0,3,0.68,32.0,53.0,-21.0,-0.79,0.18,0.0,36.0,39.0,1.0,26.0,22.0,20.0,,,0.0,,,,,,,,,,,,,,,
ITA-Serie A,2324,Sassuolo,Luca Lipani,ITA,MF,18.0,2005.0,8.0,5.0,384.0,4.3,0.0,0.0,0.0,0.0,0.0,0.0,0.0,0.0,0.0,0.0,0.0,0.0,0.0,4.3,0.0,3.0,1.0,33.3,0.7,0.23,0.0,0.0,0.0,0.0,48.0,11.2,5,68.0,0,3,14.0,23,0.63,5.0,5.0,0.0,0.0,0.95,0.0,6.0,1.0,0.0,5.0,6.0,7.0,,,0.0,,,,,,,,,,,,,,,
ITA-Serie A,2324,Sassuolo,Marash Kumbulla,ALB,DF,23.0,2000.0,7.0,3.0,362.0,4.0,0.0,0.0,0.0,0.0,0.0,0.0,1.0,0.0,0.0,0.0,0.0,0.0,0.0,4.0,0.0,0.0,0.0,,0.0,0.0,,,0.0,0.0,52.0,10.6,3,82.0,2,4,29.0,9,1.0,3.0,10.0,-7.0,-1.74,-1.0,0.0,3.0,1.0,0.0,0.0,0.0,2.0,,,1.0,,,,,,,,,,,,,,,
ITA-Serie A,2324,Sassuolo,Marcus Pedersen,NOR,DF,23.0,2000.0,28.0,16.0,1613.0,17.9,0.0,2.0,2.0,0.0,0.0,0.0,4.0,0.0,0.0,0.11,0.11,0.0,0.11,17.9,0.0,3.0,0.0,0.0,0.17,0.0,0.0,,0.0,0.0,58.0,47.2,16,86.0,14,12,20.0,5,0.82,14.0,40.0,-26.0,-1.45,-1.15,0.0,13.0,9.0,0.0,57.0,10.0,24.0,,,0.0,,,,,,,,,,,,,,,
ITA-Serie A,2324,Sassuolo,Martin Erlić,CRO,DF,25.0,1998.0,32.0,31.0,2618.0,29.1,1.0,0.0,1.0,1.0,0.0,0.0,5.0,0.0,0.03,0.0,0.03,0.03,0.03,29.1,1.0,8.0,3.0,37.5,0.28,0.1,0.13,0.33,0.0,0.0,82.0,76.5,31,83.0,22,1,45.0,3,0.91,38.0,47.0,-9.0,-0.31,2.27,0.0,30.0,26.0,0.0,5.0,27.0,22.0,,,0.0,,,,,,,,,,,,,,,
ITA-Serie A,2324,Sassuolo,Matheus Henrique,BRA,MF,25.0,1997.0,31.0,27.0,2501.0,27.8,2.0,2.0,4.0,2.0,0.0,0.0,8.0,1.0,0.07,0.07,0.14,0.07,0.14,27.8,2.0,19.0,7.0,36.8,0.68,0.25,0.11,0.29,0.0,0.0,81.0,73.1,27,89.0,22,4,26.0,0,0.84,28.0,54.0,-26.0,-0.94,-0.35,1.0,21.0,38.0,2.0,28.0,24.0,29.0,,,0.0,,,,,,,,,,,,,,,
ITA-Serie A,2324,Sassuolo,Mattia Viti,ITA,DF,21.0,2002.0,15.0,12.0,979.0,10.9,1.0,0.0,1.0,1.0,0.0,0.0,0.0,0.0,0.09,0.0,0.09,0.09,0.09,10.9,1.0,4.0,1.0,25.0,0.37,0.09,0.25,1.0,0.0,0.0,65.0,28.6,12,74.0,5,3,30.0,13,0.87,12.0,22.0,-10.0,-0.92,-0.11,0.0,9.0,14.0,0.0,1.0,10.0,16.0,,,1.0,,,,,,,,,,,,,,,
ITA-Serie A,2324,Sassuolo,Matías Viña,URU,DF,25.0,1997.0,15.0,13.0,1014.0,11.3,0.0,3.0,3.0,0.0,0.0,0.0,1.0,0.0,0.0,0.27,0.27,0.0,0.27,11.3,0.0,8.0,2.0,25.0,0.71,0.18,0.0,0.0,0.0,0.0,68.0,29.6,13,72.0,3,2,41.0,0,1.0,16.0,15.0,1.0,0.09,1.32,0.0,12.0,9.0,0.0,29.0,9.0,20.0,,,2.0,,,,,,,,,,,,,,,
ITA-Serie A,2324,Sassuolo,Maxime Lopez,FRA,MF,25.0,1997.0,2.0,2.0,140.0,1.6,0.0,0.0,0.0,0.0,0.0,0.0,0.0,1.0,0.0,0.0,0.0,0.0,0.0,1.6,0.0,0.0,0.0,,0.0,0.0,,,0.0,0.0,70.0,4.1,2,70.0,1,0,,0,0.0,0.0,3.0,-3.0,-1.93,-1.13,0.0,2.0,2.0,0.0,0.0,2.0,1.0,,,0.0,,,,,,,,,,,,,,,
ITA-Serie A,2324,Sassuolo,Nedim Bajrami,ALB,"MF,FW",24.0,1999.0,28.0,15.0,1310.0,14.6,2.0,2.0,4.0,2.0,0.0,0.0,0.0,0.0,0.14,0.14,0.27,0.14,0.27,14.6,2.0,32.0,9.0,28.1,2.2,0.62,0.06,0.22,0.0,0.0,47.0,38.3,15,66.0,1,13,24.0,8,0.82,20.0,35.0,-15.0,-1.03,-0.31,0.0,12.0,6.0,4.0,77.0,5.0,6.0,,,0.0,,,,,,,,,,,,,,,
ITA-Serie A,2324,Sassuolo,Pedro Obiang,EQG,MF,31.0,1992.0,8.0,5.0,453.0,5.0,0.0,0.0,0.0,0.0,0.0,0.0,1.0,0.0,0.0,0.0,0.0,0.0,0.0,5.0,0.0,2.0,0.0,0.0,0.4,0.0,0.0,,0.0,0.0,57.0,13.2,5,78.0,2,3,21.0,11,0.75,6.0,13.0,-7.0,-1.39,-0.63,0.0,9.0,3.0,0.0,1.0,7.0,3.0,,,0.0,,,,,,,,,,,,,,,
ITA-Serie A,2324,Sassuolo,Ruan,BRA,DF,24.0,1999.0,26.0,16.0,1516.0,16.8,0.0,0.0,0.0,0.0,0.0,0.0,7.0,1.0,0.0,0.0,0.0,0.0,0.0,16.8,0.0,7.0,2.0,28.6,0.42,0.12,0.0,0.0,0.0,0.0,58.0,44.3,16,77.0,9,10,29.0,7,0.73,21.0,43.0,-22.0,-1.31,-0.83,1.0,23.0,12.0,0.0,2.0,23.0,14.0,,,0.0,,,,,,,,,,,,,,,
ITA-Serie A,2324,Sassuolo,Samu Castillejo,ESP,"MF,FW",28.0,1995.0,17.0,6.0,536.0,6.0,0.0,0.0,0.0,0.0,0.0,0.0,2.0,0.0,0.0,0.0,0.0,0.0,0.0,6.0,0.0,6.0,2.0,33.3,1.01,0.34,0.0,0.0,0.0,0.0,32.0,15.7,6,60.0,0,11,16.0,8,0.71,8.0,12.0,-4.0,-0.67,0.2,0.0,11.0,18.0,1.0,34.0,1.0,10.0,,,0.0,,,,,,,,,,,,,,,
ITA-Serie A,2324,Sassuolo,Samuele Mulattieri,ITA,FW,22.0,2000.0,27.0,1.0,462.0,5.1,0.0,0.0,0.0,0.0,0.0,0.0,1.0,0.0,0.0,0.0,0.0,0.0,0.0,5.1,0.0,13.0,5.0,38.5,2.53,0.97,0.0,0.0,0.0,0.0,17.0,13.5,1,82.0,0,26,15.0,10,0.59,6.0,18.0,-12.0,-2.34,-1.73,0.0,7.0,5.0,0.0,0.0,1.0,1.0,,,0.0,,,,,,,,,,,,,,,
ITA-Serie A,2324,Sassuolo,Uroš Račić,SRB,MF,25.0,1998.0,22.0,8.0,820.0,9.1,1.0,1.0,2.0,1.0,0.0,0.0,1.0,0.0,0.11,0.11,0.22,0.11,0.22,9.1,1.0,17.0,4.0,23.5,1.87,0.44,0.06,0.25,0.0,0.0,37.0,24.0,8,69.0,1,14,19.0,10,0.73,5.0,21.0,-16.0,-1.76,-1.2,0.0,6.0,12.0,0.0,2.0,7.0,5.0,,,0.0,,,,,,,,,,,,,,,
ITA-Serie A,2324,Torino,Adam Masina,MAR,DF,29.0,1994.0,16.0,10.0,1024.0,11.4,0.0,0.0,0.0,0.0,0.0,0.0,0.0,0.0,0.0,0.0,0.0,0.0,0.0,11.4,0.0,5.0,1.0,20.0,0.44,0.09,0.0,0.0,0.0,0.0,64.0,29.9,10,87.0,7,6,26.0,1,1.31,10.0,12.0,-2.0,-0.18,-0.25,0.0,18.0,5.0,0.0,4.0,11.0,12.0,,,0.0,,,,,,,,,,,,,,,
ITA-Serie A,2324,Torino,Adrien Tameze,CMR,"DF,MF",29.0,1994.0,29.0,25.0,2146.0,23.8,0.0,2.0,2.0,0.0,0.0,0.0,6.0,1.0,0.0,0.08,0.08,0.0,0.08,23.8,0.0,9.0,0.0,0.0,0.38,0.0,0.0,,0.0,0.0,74.0,62.7,25,81.0,14,4,30.0,3,1.38,22.0,22.0,0.0,0.0,0.0,0.0,19.0,15.0,0.0,15.0,47.0,16.0,,,0.0,,,,,,,,,,,,,,,
ITA-Serie A,2324,Torino,Alessandro Buongiorno,ITA,DF,24.0,1999.0,29.0,29.0,2527.0,28.1,3.0,0.0,3.0,3.0,0.0,0.0,7.0,0.0,0.11,0.0,0.11,0.11,0.11,28.1,3.0,13.0,6.0,46.2,0.46,0.21,0.23,0.5,0.0,0.0,87.0,73.9,29,87.0,26,0,,1,1.52,29.0,22.0,7.0,0.25,0.95,0.0,69.0,39.0,1.0,3.0,72.0,39.0,,,0.0,,,,,,,,,,,,,,,
ITA-Serie A,2324,Torino,Alessandro Dellavalle,ITA,DF,19.0,2004.0,1.0,0.0,15.0,0.2,0.0,0.0,0.0,0.0,0.0,0.0,0.0,0.0,0.0,0.0,0.0,0.0,0.0,0.2,0.0,0.0,0.0,,0.0,0.0,,,0.0,0.0,15.0,0.4,0,,0,1,15.0,3,3.0,2.0,0.0,2.0,12.0,12.05,0.0,0.0,1.0,0.0,0.0,1.0,0.0,,,0.0,,,,,,,,,,,,,,,
ITA-Serie A,2324,Torino,Antonio Sanabria,PAR,FW,27.0,1996.0,35.0,23.0,2133.0,23.7,5.0,0.0,5.0,3.0,2.0,2.0,2.0,0.0,0.21,0.0,0.21,0.13,0.13,23.7,5.0,54.0,16.0,29.6,2.28,0.68,0.09,0.31,2.0,2.0,61.0,62.4,23,80.0,10,12,24.0,2,1.31,23.0,21.0,2.0,0.08,0.22,0.0,25.0,33.0,3.0,6.0,7.0,15.0,,,0.0,,,,,,,,,,,,,,,
ITA-Serie A,2324,Torino,Brandon Soppy,FRA,MF,21.0,2002.0,5.0,2.0,178.0,2.0,0.0,0.0,0.0,0.0,0.0,0.0,0.0,0.0,0.0,0.0,0.0,0.0,0.0,2.0,0.0,1.0,0.0,0.0,0.51,0.0,0.0,,0.0,0.0,36.0,5.2,2,69.0,0,3,13.0,6,1.6,0.0,0.0,0.0,0.0,0.0,0.0,4.0,6.0,0.0,3.0,0.0,2.0,,,0.0,,,,,,,,,,,,,,,
ITA-Serie A,2324,Torino,David Okereke,NGA,"FW,MF",25.0,1997.0,9.0,3.0,252.0,2.8,0.0,0.0,0.0,0.0,0.0,0.0,0.0,0.0,0.0,0.0,0.0,0.0,0.0,2.8,0.0,8.0,5.0,62.5,2.86,1.79,0.0,0.0,0.0,0.0,28.0,7.4,3,64.0,0,6,10.0,8,1.33,4.0,1.0,3.0,1.07,1.16,0.0,2.0,3.0,2.0,4.0,1.0,1.0,,,0.0,,,,,,,,,,,,,,,
ITA-Serie A,2324,Torino,David Zima,CZE,DF,22.0,2000.0,5.0,0.0,91.0,1.0,0.0,0.0,0.0,0.0,0.0,0.0,0.0,0.0,0.0,0.0,0.0,0.0,0.0,1.0,0.0,0.0,0.0,,0.0,0.0,,,0.0,0.0,18.0,2.7,0,,0,5,18.0,12,1.8,1.0,0.0,1.0,0.99,1.02,0.0,0.0,1.0,0.0,0.0,4.0,1.0,,,0.0,,,,,,,,,,,,,,,
ITA-Serie A,2324,Torino,Demba Seck,SEN,MF,22.0,2001.0,9.0,5.0,425.0,4.7,0.0,0.0,0.0,0.0,0.0,0.0,1.0,0.0,0.0,0.0,0.0,0.0,0.0,4.7,0.0,9.0,2.0,22.2,1.91,0.42,0.0,0.0,0.0,0.0,47.0,12.4,5,75.0,0,4,13.0,9,1.33,4.0,5.0,-1.0,-0.21,-0.24,0.0,9.0,8.0,0.0,2.0,1.0,3.0,,,0.0,,,,,,,,,,,,,,,
ITA-Serie A,2324,Torino,Duván Zapata,COL,FW,32.0,1991.0,35.0,34.0,2880.0,32.0,12.0,4.0,16.0,12.0,0.0,0.0,2.0,0.0,0.37,0.12,0.5,0.37,0.5,32.0,12.0,99.0,38.0,38.4,3.09,1.19,0.12,0.32,0.0,0.0,82.0,84.2,34,84.0,21,1,27.0,0,1.49,31.0,26.0,5.0,0.16,0.99,0.0,53.0,67.0,22.0,50.0,7.0,7.0,,,0.0,,,,,,,,,,,,,,,
ITA-Serie A,2324,Torino,Gvidas Gineitis,LTU,MF,19.0,2004.0,14.0,4.0,538.0,6.0,0.0,0.0,0.0,0.0,0.0,0.0,2.0,0.0,0.0,0.0,0.0,0.0,0.0,6.0,0.0,9.0,2.0,22.2,1.51,0.33,0.0,0.0,0.0,0.0,38.0,15.7,4,85.0,2,10,20.0,15,1.5,6.0,8.0,-2.0,-0.33,-0.4,0.0,9.0,3.0,0.0,22.0,4.0,7.0,,,0.0,,,,,,,,,,,,,,,
ITA-Serie A,2324,Torino,Ivan Ilić,SRB,MF,22.0,2001.0,31.0,25.0,2098.0,23.3,3.0,2.0,5.0,3.0,0.0,0.0,3.0,0.0,0.13,0.09,0.21,0.13,0.21,23.3,3.0,27.0,11.0,40.7,1.16,0.47,0.11,0.27,0.0,0.0,68.0,61.3,25,81.0,16,6,14.0,1,1.26,23.0,23.0,0.0,0.0,0.0,0.0,24.0,25.0,1.0,91.0,20.0,9.0,,,0.0,,,,,,,,,,,,,,,
ITA-Serie A,2324,Torino,Karol Linetty,POL,MF,28.0,1995.0,28.0,19.0,1858.0,20.6,0.0,0.0,0.0,0.0,0.0,0.0,12.0,0.0,0.0,0.0,0.0,0.0,0.0,20.6,0.0,16.0,1.0,6.3,0.78,0.05,0.0,0.0,0.0,0.0,66.0,54.3,19,83.0,9,9,32.0,5,1.5,18.0,17.0,1.0,0.05,0.11,0.0,50.0,18.0,2.0,19.0,23.0,19.0,,,0.0,,,,,,,,,,,,,,,
ITA-Serie A,2324,Torino,Koffi Djidji,CIV,DF,30.0,1992.0,13.0,8.0,759.0,8.4,0.0,0.0,0.0,0.0,0.0,0.0,2.0,0.0,0.0,0.0,0.0,0.0,0.0,8.4,0.0,2.0,0.0,0.0,0.24,0.0,0.0,,0.0,0.0,58.0,22.2,8,83.0,4,5,18.0,4,1.38,10.0,8.0,2.0,0.24,0.3,0.0,11.0,1.0,0.0,2.0,10.0,8.0,,,0.0,,,,,,,,,,,,,,,
ITA-Serie A,2324,Torino,Luca Gemello,ITA,GK,23.0,2000.0,2.0,2.0,180.0,2.0,0.0,0.0,0.0,0.0,0.0,0.0,0.0,0.0,0.0,0.0,0.0,0.0,0.0,2.0,0.0,0.0,0.0,,0.0,0.0,,,0.0,0.0,90.0,5.3,2,90.0,2,0,,35,0.0,0.0,5.0,-5.0,-2.5,-2.64,0.0,0.0,0.0,0.0,0.0,0.0,0.0,,,0.0,5.0,2.5,9.0,4.0,44.4,0.0,0.0,2.0,0.0,0.0,1.0,1.0,0.0,0.0,0.0
ITA-Serie A,2324,Torino,Matteo Lovato,ITA,DF,23.0,2000.0,13.0,6.0,544.0,6.0,0.0,0.0,0.0,0.0,0.0,0.0,2.0,0.0,0.0,0.0,0.0,0.0,0.0,6.0,0.0,1.0,0.0,0.0,0.17,0.0,0.0,,0.0,0.0,42.0,15.9,6,76.0,4,7,13.0,2,1.38,6.0,7.0,-1.0,-0.17,-0.2,0.0,14.0,0.0,0.0,0.0,14.0,6.0,,,0.0,,,,,,,,,,,,,,,
ITA-Serie A,2324,Torino,Mërgim Vojvoda,KVX,"MF,DF",28.0,1995.0,28.0,15.0,1379.0,15.3,0.0,3.0,3.0,0.0,0.0,0.0,3.0,0.0,0.0,0.2,0.2,0.0,0.2,15.3,0.0,9.0,4.0,44.4,0.59,0.26,0.0,0.0,0.0,0.0,49.0,40.3,15,80.0,8,13,14.0,4,1.43,14.0,14.0,0.0,0.0,0.0,0.0,12.0,4.0,4.0,63.0,14.0,8.0,,,0.0,,,,,,,,,,,,,,,
ITA-Serie A,2324,Torino,Nemanja Radonjić,SRB,MF,27.0,1996.0,10.0,4.0,374.0,4.2,3.0,0.0,3.0,3.0,0.0,0.0,1.0,0.0,0.72,0.0,0.72,0.72,0.72,4.2,3.0,12.0,5.0,41.7,2.89,1.2,0.25,0.6,0.0,0.0,37.0,10.9,4,61.0,0,6,22.0,6,1.4,6.0,5.0,1.0,0.24,0.27,0.0,1.0,5.0,4.0,11.0,0.0,1.0,,,0.0,,,,,,,,,,,,,,,
ITA-Serie A,2324,Torino,Nikola Vlašić,CRO,MF,25.0,1997.0,33.0,30.0,2608.0,29.0,3.0,2.0,5.0,3.0,0.0,0.0,3.0,0.0,0.1,0.07,0.17,0.1,0.17,29.0,3.0,46.0,11.0,23.9,1.59,0.38,0.07,0.27,0.0,0.0,79.0,76.3,30,82.0,20,3,52.0,0,1.24,23.0,29.0,-6.0,-0.21,-0.87,0.0,26.0,37.0,9.0,37.0,11.0,14.0,,,0.0,,,,,,,,,,,,,,,
ITA-Serie A,2324,Torino,Perr Schuurs,NED,DF,23.0,1999.0,9.0,9.0,770.0,8.6,1.0,0.0,1.0,1.0,0.0,0.0,2.0,0.0,0.12,0.0,0.12,0.12,0.12,8.6,1.0,7.0,1.0,14.3,0.82,0.12,0.14,1.0,0.0,0.0,86.0,22.5,9,86.0,8,0,,0,1.0,6.0,9.0,-3.0,-0.35,-0.45,0.0,8.0,1.0,0.0,2.0,11.0,12.0,,,0.0,,,,,,,,,,,,,,,
ITA-Serie A,2324,Torino,Pietro Pellegri,ITA,"FW,MF",22.0,2001.0,24.0,7.0,756.0,8.4,1.0,1.0,2.0,1.0,0.0,0.0,3.0,0.0,0.12,0.12,0.24,0.12,0.24,8.4,1.0,13.0,4.0,30.8,1.55,0.48,0.08,0.25,0.0,0.0,32.0,22.1,7,65.0,0,17,18.0,7,1.42,9.0,12.0,-3.0,-0.36,-0.46,0.0,16.0,22.0,6.0,5.0,2.0,1.0,,,0.0,,,,,,,,,,,,,,,
ITA-Serie A,2324,Torino,Raoul Bellanova,ITA,MF,23.0,2000.0,37.0,36.0,3046.0,33.8,1.0,7.0,8.0,1.0,0.0,0.0,5.0,0.0,0.03,0.21,0.24,0.03,0.24,33.8,1.0,32.0,3.0,9.4,0.95,0.09,0.03,0.33,0.0,0.0,82.0,89.1,36,84.0,17,1,10.0,0,1.41,31.0,33.0,-2.0,-0.06,-0.54,0.0,14.0,53.0,2.0,178.0,15.0,26.0,,,0.0,,,,,,,,,,,,,,,
ITA-Serie A,2324,Torino,Ricardo Rodríguez,SUI,"DF,MF",30.0,1992.0,35.0,34.0,2772.0,30.8,1.0,2.0,3.0,1.0,0.0,0.0,4.0,0.0,0.03,0.06,0.1,0.03,0.1,30.8,1.0,11.0,2.0,18.2,0.36,0.06,0.09,0.5,0.0,0.0,79.0,81.1,34,81.0,22,1,29.0,2,1.43,29.0,27.0,2.0,0.06,0.34,0.0,25.0,9.0,1.0,56.0,26.0,27.0,,,0.0,,,,,,,,,,,,,,,
ITA-Serie A,2324,Torino,Saba Sazonov,GEO,DF,21.0,2002.0,12.0,2.0,356.0,4.0,0.0,0.0,0.0,0.0,0.0,0.0,2.0,0.0,0.0,0.0,0.0,0.0,0.0,4.0,0.0,1.0,0.0,0.0,0.25,0.0,0.0,,0.0,0.0,30.0,10.4,2,53.0,0,10,25.0,20,1.25,2.0,8.0,-6.0,-1.52,-1.69,0.0,10.0,1.0,0.0,0.0,3.0,7.0,,,0.0,,,,,,,,,,,,,,,
ITA-Serie A,2324,Torino,Samuele Ricci,ITA,MF,21.0,2001.0,32.0,28.0,2395.0,26.6,1.0,2.0,3.0,1.0,0.0,0.0,8.0,1.0,0.04,0.08,0.11,0.04,0.11,26.6,1.0,30.0,5.0,16.7,1.13,0.19,0.03,0.2,0.0,0.0,75.0,70.0,28,82.0,19,4,24.0,2,1.44,27.0,25.0,2.0,0.08,0.25,1.0,37.0,46.0,3.0,55.0,28.0,18.0,,,0.0,,,,,,,,,,,,,,,
ITA-Serie A,2324,Torino,Simone Verdi,ITA,"FW,MF",31.0,1992.0,1.0,0.0,4.0,0.0,0.0,0.0,0.0,0.0,0.0,0.0,0.0,0.0,0.0,0.0,0.0,0.0,0.0,0.0,0.0,0.0,0.0,,0.0,0.0,,,0.0,0.0,4.0,0.1,0,,0,1,4.0,0,1.0,0.0,0.0,0.0,0.0,0.0,0.0,0.0,0.0,0.0,0.0,0.0,0.0,,,0.0,,,,,,,,,,,,,,,
ITA-Serie A,2324,Torino,Valentino Lazaro,AUT,MF,27.0,1996.0,35.0,21.0,1994.0,22.2,0.0,4.0,4.0,0.0,0.0,0.0,3.0,0.0,0.0,0.18,0.18,0.0,0.18,22.2,0.0,18.0,4.0,22.2,0.81,0.18,0.0,0.0,0.0,0.0,57.0,58.3,21,84.0,12,14,16.0,2,1.37,19.0,22.0,-3.0,-0.14,-0.32,0.0,12.0,10.0,1.0,126.0,8.0,11.0,,,0.0,,,,,,,,,,,,,,,
ITA-Serie A,2324,Torino,Vanja Milinković-Savić,SRB,GK,26.0,1997.0,36.0,36.0,3240.0,36.0,0.0,0.0,0.0,0.0,0.0,0.0,2.0,0.0,0.0,0.0,0.0,0.0,0.0,36.0,0.0,0.0,0.0,,0.0,0.0,,,0.0,0.0,90.0,94.7,36,90.0,36,0,,1,1.47,36.0,31.0,5.0,0.14,2.64,0.0,0.0,2.0,0.0,0.0,1.0,0.0,,,0.0,31.0,0.86,134.0,103.0,76.9,13.0,14.0,9.0,17.0,47.2,6.0,6.0,0.0,0.0,0.0
ITA-Serie A,2324,Torino,Yann Karamoh,FRA,MF,25.0,1998.0,10.0,1.0,162.0,1.8,0.0,0.0,0.0,0.0,0.0,0.0,0.0,0.0,0.0,0.0,0.0,0.0,0.0,1.8,0.0,2.0,1.0,50.0,1.11,0.56,0.0,0.0,0.0,0.0,16.0,4.7,1,45.0,0,9,13.0,8,1.4,3.0,2.0,1.0,0.56,0.58,0.0,2.0,3.0,2.0,6.0,0.0,0.0,,,0.0,,,,,,,,,,,,,,,
ITA-Serie A,2324,Torino,Zanos Savva,CYP,FW,17.0,2005.0,2.0,0.0,28.0,0.3,1.0,0.0,1.0,1.0,0.0,0.0,0.0,0.0,3.21,0.0,3.21,3.21,3.21,0.3,1.0,1.0,1.0,100.0,3.21,3.21,1.0,1.0,0.0,0.0,14.0,0.8,0,,0,2,14.0,17,1.5,2.0,0.0,2.0,6.43,6.48,0.0,1.0,1.0,0.0,0.0,0.0,1.0,,,0.0,,,,,,,,,,,,,,,
ITA-Serie A,2324,Udinese,Adam Masina,MAR,MF,29.0,1994.0,4.0,1.0,64.0,0.7,0.0,0.0,0.0,0.0,0.0,0.0,2.0,0.0,0.0,0.0,0.0,0.0,0.0,0.7,0.0,1.0,1.0,100.0,1.41,1.41,0.0,0.0,0.0,0.0,16.0,1.9,1,45.0,0,3,6.0,9,1.25,0.0,2.0,-2.0,-2.81,-2.44,0.0,3.0,0.0,0.0,0.0,2.0,0.0,,,0.0,,,,,,,,,,,,,,,
ITA-Serie A,2324,Udinese,Antonio Tikvić,CRO,DF,19.0,2004.0,1.0,0.0,1.0,0.0,0.0,0.0,0.0,0.0,0.0,0.0,0.0,0.0,0.0,0.0,0.0,0.0,0.0,0.0,0.0,0.0,0.0,,0.0,0.0,,,0.0,0.0,1.0,0.0,0,,0,1,1.0,33,1.0,0.0,0.0,0.0,0.0,0.42,0.0,0.0,0.0,0.0,0.0,0.0,0.0,,,0.0,,,,,,,,,,,,,,,
ITA-Serie A,2324,Udinese,Axel Guessand,FRA,DF,18.0,2004.0,1.0,0.0,45.0,0.5,0.0,0.0,0.0,0.0,0.0,0.0,0.0,0.0,0.0,0.0,0.0,0.0,0.0,0.5,0.0,1.0,0.0,0.0,2.0,0.0,0.0,,0.0,0.0,45.0,1.3,0,,0,1,45.0,12,1.0,0.0,0.0,0.0,0.0,0.43,0.0,0.0,1.0,0.0,0.0,0.0,1.0,,,0.0,,,,,,,,,,,,,,,
ITA-Serie A,2324,Udinese,Beto,GNB,FW,25.0,1998.0,1.0,1.0,74.0,0.8,0.0,0.0,0.0,0.0,0.0,0.0,0.0,0.0,0.0,0.0,0.0,0.0,0.0,0.8,0.0,0.0,0.0,,0.0,0.0,,,0.0,0.0,74.0,2.2,1,74.0,0,0,,0,0.0,0.0,3.0,-3.0,-3.65,-3.3,0.0,0.0,0.0,3.0,0.0,0.0,0.0,,,0.0,,,,,,,,,,,,,,,
ITA-Serie A,2324,Udinese,Brenner,BRA,"MF,FW",23.0,2000.0,8.0,2.0,189.0,2.1,0.0,0.0,0.0,0.0,0.0,0.0,0.0,0.0,0.0,0.0,0.0,0.0,0.0,2.1,0.0,4.0,2.0,50.0,1.9,0.95,0.0,0.0,0.0,0.0,24.0,5.5,2,49.0,0,6,15.0,9,1.38,0.0,1.0,-1.0,-0.48,-0.06,0.0,0.0,3.0,1.0,1.0,0.0,6.0,,,0.0,,,,,,,,,,,,,,,
ITA-Serie A,2324,Udinese,Christian Kabasele,BEL,DF,32.0,1991.0,13.0,10.0,861.0,9.6,1.0,1.0,2.0,1.0,0.0,0.0,5.0,0.0,0.1,0.1,0.21,0.1,0.21,9.6,1.0,6.0,2.0,33.3,0.63,0.21,0.17,0.5,0.0,0.0,66.0,25.2,10,85.0,9,3,5.0,22,1.0,9.0,18.0,-9.0,-0.94,-0.69,0.0,15.0,9.0,0.0,2.0,12.0,6.0,,,0.0,,,,,,,,,,,,,,,
ITA-Serie A,2324,Udinese,Domingos Quina,POR,MF,23.0,1999.0,2.0,0.0,13.0,0.1,0.0,0.0,0.0,0.0,0.0,0.0,0.0,0.0,0.0,0.0,0.0,0.0,0.0,0.1,0.0,0.0,0.0,,0.0,0.0,,,0.0,0.0,7.0,0.4,0,,0,2,7.0,15,1.0,0.0,0.0,0.0,0.0,0.42,0.0,0.0,0.0,0.0,0.0,0.0,1.0,,,0.0,,,,,,,,,,,,,,,
ITA-Serie A,2324,Udinese,Enzo Ebosse,CMR,DF,24.0,1999.0,1.0,0.0,8.0,0.1,0.0,0.0,0.0,0.0,0.0,0.0,0.0,0.0,0.0,0.0,0.0,0.0,0.0,0.1,0.0,0.0,0.0,,0.0,0.0,,,0.0,0.0,8.0,0.2,0,,0,1,8.0,0,1.0,0.0,0.0,0.0,0.0,0.42,0.0,0.0,0.0,0.0,0.0,1.0,1.0,,,0.0,,,,,,,,,,,,,,,
ITA-Serie A,2324,Udinese,Festy Ebosele,IRL,MF,20.0,2002.0,31.0,20.0,1700.0,18.9,0.0,0.0,0.0,0.0,0.0,0.0,6.0,1.0,0.0,0.0,0.0,0.0,0.0,18.9,0.0,16.0,5.0,31.3,0.85,0.26,0.0,0.0,0.0,0.0,55.0,49.7,20,70.0,4,11,27.0,6,0.9,20.0,29.0,-9.0,-0.48,-0.11,1.0,29.0,45.0,1.0,44.0,11.0,20.0,,,0.0,,,,,,,,,,,,,,,
ITA-Serie A,2324,Udinese,Florian Thauvin,FRA,FW,30.0,1993.0,29.0,19.0,1710.0,19.0,5.0,3.0,8.0,4.0,1.0,1.0,4.0,0.0,0.26,0.16,0.42,0.21,0.37,19.0,5.0,48.0,15.0,31.3,2.53,0.79,0.1,0.33,1.0,1.0,59.0,50.0,19,79.0,4,10,20.0,3,0.9,15.0,28.0,-13.0,-0.68,-0.53,0.0,14.0,26.0,6.0,79.0,3.0,5.0,,,0.0,,,,,,,,,,,,,,,
ITA-Serie A,2324,Udinese,Hassane Kamara,CIV,MF,29.0,1994.0,35.0,27.0,2225.0,24.7,1.0,1.0,2.0,1.0,0.0,0.0,4.0,0.0,0.04,0.04,0.08,0.04,0.08,24.7,1.0,26.0,8.0,30.8,1.05,0.32,0.04,0.13,0.0,0.0,64.0,65.1,27,76.0,4,8,20.0,2,0.94,24.0,30.0,-6.0,-0.24,0.51,0.0,21.0,8.0,6.0,70.0,25.0,32.0,,,0.0,,,,,,,,,,,,,,,
ITA-Serie A,2324,Udinese,Isaac Success,NGA,"FW,MF",27.0,1996.0,27.0,9.0,880.0,9.8,1.0,1.0,2.0,1.0,0.0,1.0,4.0,0.0,0.1,0.1,0.2,0.1,0.2,9.8,1.0,19.0,5.0,26.3,1.94,0.51,0.05,0.2,0.0,1.0,33.0,25.7,9,62.0,2,18,18.0,9,1.0,11.0,15.0,-4.0,-0.41,0.02,0.0,27.0,34.0,1.0,2.0,2.0,4.0,,,0.0,,,,,,,,,,,,,,,
ITA-Serie A,2324,Udinese,Jaka Bijol,SVN,DF,24.0,1999.0,24.0,23.0,2084.0,23.2,0.0,0.0,0.0,0.0,0.0,0.0,4.0,0.0,0.0,0.0,0.0,0.0,0.0,23.2,0.0,15.0,2.0,13.3,0.65,0.09,0.0,0.0,0.0,0.0,87.0,60.9,23,90.0,23,1,14.0,0,1.0,18.0,29.0,-11.0,-0.48,-0.14,0.0,28.0,7.0,0.0,1.0,23.0,28.0,,,0.0,,,,,,,,,,,,,,,
ITA-Serie A,2324,Udinese,Jordan Zemura,ZIM,MF,23.0,1999.0,27.0,10.0,1038.0,11.5,1.0,0.0,1.0,1.0,0.0,0.0,1.0,0.0,0.09,0.0,0.09,0.09,0.09,11.5,1.0,5.0,3.0,60.0,0.43,0.26,0.2,0.33,0.0,0.0,38.0,30.4,10,73.0,0,17,18.0,7,0.93,11.0,17.0,-6.0,-0.52,-0.14,0.0,15.0,15.0,0.0,21.0,15.0,16.0,,,0.0,,,,,,,,,,,,,,,
ITA-Serie A,2324,Udinese,João Ferreira,POR,"DF,MF",22.0,2001.0,35.0,18.0,1822.0,20.2,0.0,1.0,1.0,0.0,0.0,0.0,9.0,0.0,0.0,0.05,0.05,0.0,0.05,20.2,0.0,3.0,0.0,0.0,0.15,0.0,0.0,,0.0,0.0,52.0,53.3,18,80.0,11,17,22.0,2,1.0,25.0,31.0,-6.0,-0.3,0.27,0.0,35.0,11.0,2.0,21.0,30.0,43.0,,,0.0,,,,,,,,,,,,,,,
ITA-Serie A,2324,Udinese,Keinan Davis,ENG,FW,25.0,1998.0,8.0,0.0,186.0,2.1,1.0,0.0,1.0,1.0,0.0,0.0,2.0,0.0,0.48,0.0,0.48,0.48,0.48,2.1,1.0,6.0,3.0,50.0,2.9,1.45,0.17,0.33,0.0,0.0,23.0,5.4,0,,0,8,23.0,6,1.5,4.0,2.0,2.0,0.97,1.47,0.0,5.0,3.0,3.0,0.0,0.0,0.0,,,0.0,,,,,,,,,,,,,,,
ITA-Serie A,2324,Udinese,Kingsley Ehizibue,NED,MF,28.0,1995.0,23.0,11.0,955.0,10.6,0.0,1.0,1.0,0.0,0.0,0.0,4.0,0.0,0.0,0.09,0.09,0.0,0.09,10.6,0.0,18.0,3.0,16.7,1.7,0.28,0.0,0.0,0.0,0.0,42.0,27.9,11,63.0,0,12,22.0,1,0.87,9.0,15.0,-6.0,-0.57,-0.2,0.0,12.0,21.0,5.0,16.0,9.0,14.0,,,0.0,,,,,,,,,,,,,,,
ITA-Serie A,2324,Udinese,Lautaro Gianetti,ARG,DF,29.0,1993.0,7.0,7.0,630.0,7.0,1.0,0.0,1.0,1.0,0.0,0.0,4.0,0.0,0.14,0.0,0.14,0.14,0.14,7.0,1.0,3.0,2.0,66.7,0.43,0.29,0.33,0.5,0.0,0.0,90.0,18.4,7,90.0,7,0,,9,1.29,5.0,7.0,-2.0,-0.29,0.17,0.0,9.0,0.0,0.0,0.0,18.0,4.0,,,1.0,,,,,,,,,,,,,,,
ITA-Serie A,2324,Udinese,Lazar Samardzic,SRB,MF,21.0,2002.0,34.0,28.0,2372.0,26.4,6.0,2.0,8.0,5.0,1.0,1.0,3.0,0.0,0.23,0.08,0.3,0.19,0.27,26.4,6.0,57.0,17.0,29.8,2.16,0.65,0.11,0.35,1.0,1.0,70.0,69.4,28,79.0,14,6,27.0,4,1.03,23.0,28.0,-5.0,-0.19,0.75,0.0,29.0,18.0,0.0,126.0,9.0,17.0,,,0.0,,,,,,,,,,,,,,,
ITA-Serie A,2324,Udinese,Lorenzo Lucca,ITA,FW,22.0,2000.0,37.0,30.0,2592.0,28.8,8.0,4.0,12.0,8.0,0.0,0.0,6.0,0.0,0.28,0.14,0.42,0.28,0.42,28.8,8.0,61.0,26.0,42.6,2.12,0.9,0.13,0.31,0.0,0.0,70.0,75.8,30,80.0,13,7,26.0,0,1.0,28.0,38.0,-10.0,-0.35,0.3,0.0,52.0,54.0,21.0,8.0,4.0,11.0,,,0.0,,,,,,,,,,,,,,,
ITA-Serie A,2324,Udinese,Maduka Okoye,NGA,GK,23.0,1999.0,21.0,21.0,1890.0,21.0,0.0,0.0,0.0,0.0,0.0,0.0,2.0,0.0,0.0,0.0,0.0,0.0,0.0,21.0,0.0,0.0,0.0,,0.0,0.0,,,0.0,0.0,90.0,55.3,21,90.0,21,0,,16,1.1,22.0,25.0,-3.0,-0.14,0.62,0.0,1.0,4.0,0.0,0.0,1.0,0.0,,,0.0,25.0,1.19,90.0,65.0,72.2,5.0,8.0,8.0,4.0,19.0,3.0,3.0,0.0,0.0,0.0
ITA-Serie A,2324,Udinese,Marco Silvestri,ITA,GK,32.0,1991.0,17.0,17.0,1530.0,17.0,0.0,0.0,0.0,0.0,0.0,0.0,0.0,0.0,0.0,0.0,0.0,0.0,0.0,17.0,0.0,0.0,0.0,,0.0,0.0,,,0.0,0.0,90.0,44.7,17,90.0,17,0,,16,0.82,15.0,28.0,-13.0,-0.76,-0.62,0.0,0.0,1.0,0.0,0.0,0.0,0.0,,,0.0,28.0,1.65,69.0,41.0,59.4,1.0,11.0,5.0,4.0,23.5,6.0,6.0,0.0,0.0,0.0
ITA-Serie A,2324,Udinese,Marley Aké,FRA,"FW,MF",22.0,2001.0,1.0,0.0,10.0,0.1,0.0,0.0,0.0,0.0,0.0,0.0,0.0,0.0,0.0,0.0,0.0,0.0,0.0,0.1,0.0,0.0,0.0,,0.0,0.0,,,0.0,0.0,10.0,0.3,0,,0,1,10.0,14,1.0,0.0,0.0,0.0,0.0,0.42,0.0,0.0,0.0,0.0,0.0,0.0,0.0,,,0.0,,,,,,,,,,,,,,,
ITA-Serie A,2324,Udinese,Martín Payero,ARG,MF,24.0,1998.0,29.0,21.0,1796.0,20.0,2.0,2.0,4.0,2.0,0.0,0.0,6.0,1.0,0.1,0.1,0.2,0.1,0.2,20.0,2.0,38.0,8.0,21.1,1.9,0.4,0.05,0.25,0.0,0.0,62.0,52.5,21,77.0,9,8,21.0,4,0.97,24.0,29.0,-5.0,-0.25,0.36,0.0,45.0,28.0,1.0,20.0,13.0,33.0,,,0.0,,,,,,,,,,,,,,,
ITA-Serie A,2324,Udinese,Nehuén Pérez,ARG,DF,23.0,2000.0,36.0,36.0,3238.0,36.0,0.0,0.0,0.0,0.0,0.0,0.0,9.0,1.0,0.0,0.0,0.0,0.0,0.0,36.0,0.0,20.0,2.0,10.0,0.56,0.06,0.0,0.0,0.0,0.0,90.0,94.7,36,90.0,34,0,,0,1.0,36.0,49.0,-13.0,-0.36,1.12,1.0,34.0,17.0,0.0,20.0,45.0,49.0,,,0.0,,,,,,,,,,,,,,,
ITA-Serie A,2324,Udinese,Oier Zarraga,ESP,MF,24.0,1999.0,15.0,4.0,404.0,4.5,2.0,0.0,2.0,2.0,0.0,0.0,0.0,0.0,0.45,0.0,0.45,0.45,0.45,4.5,2.0,6.0,2.0,33.3,1.34,0.45,0.33,1.0,0.0,0.0,27.0,11.8,4,74.0,2,11,10.0,23,1.07,6.0,10.0,-4.0,-0.89,-0.53,0.0,3.0,3.0,0.0,5.0,5.0,3.0,,,0.0,,,,,,,,,,,,,,,
ITA-Serie A,2324,Udinese,Roberto Pereyra,ARG,"FW,MF",32.0,1991.0,27.0,22.0,1858.0,20.6,4.0,3.0,7.0,3.0,1.0,1.0,6.0,0.0,0.19,0.15,0.34,0.15,0.29,20.6,4.0,28.0,9.0,32.1,1.36,0.44,0.14,0.44,1.0,1.0,69.0,54.3,22,80.0,13,5,20.0,4,0.93,25.0,30.0,-5.0,-0.24,0.39,0.0,23.0,32.0,6.0,24.0,7.0,10.0,,,0.0,,,,,,,,,,,,,,,
ITA-Serie A,2324,Udinese,Sandi Lovrić,SVN,MF,25.0,1998.0,29.0,21.0,1987.0,22.1,1.0,3.0,4.0,1.0,0.0,0.0,1.0,1.0,0.05,0.14,0.18,0.05,0.18,22.1,1.0,43.0,12.0,27.9,1.95,0.54,0.02,0.08,0.0,0.0,69.0,58.1,21,85.0,11,8,24.0,0,0.9,21.0,34.0,-13.0,-0.59,-0.4,0.0,25.0,23.0,1.0,81.0,21.0,13.0,,,0.0,,,,,,,,,,,,,,,
ITA-Serie A,2324,Udinese,Simone Pafundi,ITA,FW,17.0,2006.0,1.0,0.0,8.0,0.1,0.0,0.0,0.0,0.0,0.0,0.0,0.0,0.0,0.0,0.0,0.0,0.0,0.0,0.1,0.0,0.0,0.0,,0.0,0.0,,,0.0,0.0,8.0,0.2,0,,0,1,8.0,12,0.0,0.0,1.0,-1.0,-11.25,-10.85,0.0,1.0,0.0,0.0,1.0,0.0,0.0,,,0.0,,,,,,,,,,,,,,,
ITA-Serie A,2324,Udinese,Thomas Kristensen,DEN,DF,21.0,2002.0,26.0,23.0,2096.0,23.3,0.0,1.0,1.0,0.0,0.0,0.0,4.0,1.0,0.0,0.04,0.04,0.0,0.04,23.3,0.0,10.0,3.0,30.0,0.43,0.13,0.0,0.0,0.0,0.0,81.0,61.3,23,87.0,20,3,29.0,6,0.88,23.0,34.0,-11.0,-0.47,-0.13,1.0,26.0,7.0,1.0,1.0,29.0,23.0,,,0.0,,,,,,,,,,,,,,,
ITA-Serie A,2324,Udinese,Vivaldo Semedo,POR,FW,18.0,2005.0,1.0,0.0,12.0,0.1,0.0,0.0,0.0,0.0,0.0,0.0,0.0,0.0,0.0,0.0,0.0,0.0,0.0,0.1,0.0,0.0,0.0,,0.0,0.0,,,0.0,0.0,12.0,0.4,0,,0,1,12.0,3,1.0,0.0,0.0,0.0,0.0,0.42,0.0,1.0,2.0,0.0,0.0,0.0,0.0,,,0.0,,,,,,,,,,,,,,,
ITA-Serie A,2324,Udinese,Walace,BRA,MF,28.0,1995.0,37.0,37.0,3238.0,36.0,2.0,0.0,2.0,2.0,0.0,0.0,7.0,0.0,0.06,0.0,0.06,0.06,0.06,36.0,2.0,27.0,9.0,33.3,0.75,0.25,0.07,0.22,0.0,0.0,88.0,94.7,37,88.0,30,0,,0,0.92,32.0,48.0,-16.0,-0.44,-0.44,0.0,42.0,46.0,0.0,12.0,43.0,43.0,,,0.0,,,,,,,,,,,,,,,
GER-Bundesliga,2324,Augsburg,Arne Engels,BEL,"MF,DF",19.0,2003.0,32.0,13.0,1405.0,15.6,3.0,2.0,5.0,3.0,0.0,0.0,1.0,1.0,0.19,0.13,0.32,0.19,0.32,15.6,3.0,20.0,7.0,35.0,1.28,0.45,0.15,0.43,0.0,0.0,44.0,45.9,13,74.0,2,19,23.0,0,1.22,25.0,21.0,4.0,0.26,1.02,0.0,24.0,15.0,1.0,82.0,14.0,21.0,,,0.0,,,,,,,,,,,,,,,
GER-Bundesliga,2324,Augsburg,Arne Maier,GER,"MF,FW",24.0,1999.0,22.0,10.0,1003.0,11.1,2.0,4.0,6.0,2.0,0.0,0.0,0.0,0.0,0.18,0.36,0.54,0.18,0.54,11.1,2.0,22.0,5.0,22.7,1.97,0.45,0.09,0.4,0.0,0.0,46.0,32.8,10,77.0,3,12,19.0,5,1.0,20.0,19.0,1.0,0.09,0.57,0.0,4.0,4.0,0.0,83.0,6.0,9.0,,,0.0,,,,,,,,,,,,,,,
GER-Bundesliga,2324,Augsburg,Dion Drena Beljo,CRO,"FW,MF",21.0,2002.0,26.0,3.0,581.0,6.5,2.0,0.0,2.0,2.0,0.0,0.0,2.0,0.0,0.31,0.0,0.31,0.31,0.31,6.5,2.0,19.0,9.0,47.4,2.94,1.39,0.11,0.22,0.0,0.0,22.0,19.0,3,74.0,1,23,16.0,5,1.12,10.0,14.0,-4.0,-0.62,-0.4,0.0,9.0,7.0,6.0,3.0,1.0,0.0,,,0.0,,,,,,,,,,,,,,,
GER-Bundesliga,2324,Augsburg,Elvis Rexhbeçaj,KVX,MF,25.0,1997.0,25.0,24.0,1985.0,22.1,2.0,0.0,2.0,1.0,1.0,1.0,4.0,0.0,0.09,0.0,0.09,0.05,0.05,22.1,2.0,28.0,4.0,14.3,1.27,0.18,0.07,0.5,1.0,1.0,79.0,64.9,24,81.0,14,1,31.0,1,1.2,29.0,40.0,-11.0,-0.5,-0.58,0.0,20.0,42.0,2.0,22.0,20.0,21.0,,,0.0,,,,,,,,,,,,,,,
GER-Bundesliga,2324,Augsburg,Ermedin Demirović,BIH,"FW,MF",25.0,1998.0,33.0,33.0,2873.0,31.9,15.0,9.0,24.0,12.0,3.0,4.0,7.0,0.0,0.47,0.28,0.75,0.38,0.66,31.9,15.0,82.0,36.0,43.9,2.57,1.13,0.18,0.42,3.0,4.0,87.0,93.9,33,87.0,23,0,,0,1.15,47.0,56.0,-9.0,-0.28,0.2,0.0,60.0,35.0,16.0,10.0,11.0,14.0,,,0.0,,,,,,,,,,,,,,,
GER-Bundesliga,2324,Augsburg,Finn Dahmen,GER,GK,25.0,1998.0,31.0,31.0,2790.0,31.0,0.0,0.0,0.0,0.0,0.0,0.0,4.0,0.0,0.0,0.0,0.0,0.0,0.0,31.0,0.0,0.0,0.0,,0.0,0.0,,,0.0,0.0,90.0,91.2,31,90.0,31,0,,0,1.26,48.0,52.0,-4.0,-0.13,1.87,0.0,2.0,4.0,0.0,0.0,0.0,0.0,,,1.0,52.0,1.68,160.0,108.0,67.5,10.0,9.0,12.0,3.0,9.7,10.0,7.0,2.0,1.0,22.2
GER-Bundesliga,2324,Augsburg,Fredrik Jensen,FIN,MF,25.0,1997.0,22.0,18.0,1338.0,14.9,2.0,4.0,6.0,2.0,0.0,0.0,1.0,0.0,0.13,0.27,0.4,0.13,0.4,14.9,2.0,14.0,5.0,35.7,0.94,0.34,0.14,0.4,0.0,0.0,61.0,43.7,18,70.0,0,4,19.0,2,1.45,26.0,22.0,4.0,0.27,1.0,0.0,14.0,2.0,5.0,91.0,13.0,13.0,,,0.0,,,,,,,,,,,,,,,
GER-Bundesliga,2324,Augsburg,Iago,BRA,"DF,MF",26.0,1997.0,23.0,18.0,1622.0,18.0,1.0,1.0,2.0,1.0,0.0,0.0,4.0,0.0,0.06,0.06,0.11,0.06,0.11,18.0,1.0,18.0,7.0,38.9,1.0,0.39,0.06,0.14,0.0,0.0,71.0,53.0,18,82.0,12,5,29.0,0,1.43,29.0,20.0,9.0,0.5,1.69,0.0,15.0,23.0,4.0,45.0,17.0,17.0,,,0.0,,,,,,,,,,,,,,,
GER-Bundesliga,2324,Augsburg,Irvin Cardona,MLT,"FW,MF",25.0,1997.0,3.0,0.0,54.0,0.6,0.0,0.0,0.0,0.0,0.0,0.0,1.0,0.0,0.0,0.0,0.0,0.0,0.0,0.6,0.0,3.0,0.0,0.0,5.0,0.0,0.0,,0.0,0.0,18.0,1.8,0,,0,3,18.0,1,0.33,2.0,1.0,1.0,1.67,2.0,0.0,1.0,0.0,0.0,5.0,0.0,1.0,,,0.0,,,,,,,,,,,,,,,
GER-Bundesliga,2324,Augsburg,Jeffrey Gouweleeuw,NED,DF,32.0,1991.0,30.0,29.0,2593.0,28.8,1.0,0.0,1.0,1.0,0.0,0.0,7.0,0.0,0.03,0.0,0.03,0.03,0.03,28.8,1.0,23.0,3.0,13.0,0.8,0.1,0.04,0.33,0.0,0.0,86.0,84.7,29,88.0,27,1,45.0,0,1.13,40.0,46.0,-6.0,-0.21,0.56,0.0,26.0,9.0,4.0,16.0,34.0,24.0,,,0.0,,,,,,,,,,,,,,,
GER-Bundesliga,2324,Augsburg,Kevin Mbabu,SUI,"DF,MF",28.0,1995.0,25.0,22.0,2047.0,22.7,0.0,2.0,2.0,0.0,0.0,0.0,5.0,0.0,0.0,0.09,0.09,0.0,0.09,22.7,0.0,4.0,1.0,25.0,0.18,0.04,0.0,0.0,0.0,0.0,82.0,66.9,22,88.0,18,3,41.0,1,1.12,28.0,37.0,-9.0,-0.4,-0.31,0.0,45.0,26.0,2.0,100.0,22.0,40.0,,,0.0,,,,,,,,,,,,,,,
GER-Bundesliga,2324,Augsburg,Kristijan Jakić,CRO,MF,26.0,1997.0,14.0,13.0,1051.0,11.7,2.0,1.0,3.0,2.0,0.0,0.0,4.0,0.0,0.17,0.09,0.26,0.17,0.26,11.7,2.0,13.0,5.0,38.5,1.11,0.43,0.15,0.4,0.0,0.0,75.0,34.3,13,78.0,8,1,31.0,0,1.29,17.0,15.0,2.0,0.17,0.71,0.0,18.0,17.0,0.0,6.0,18.0,12.0,,,0.0,,,,,,,,,,,,,,,
GER-Bundesliga,2324,Augsburg,Mads Pedersen,DEN,"DF,MF",26.0,1996.0,27.0,19.0,1786.0,19.8,1.0,1.0,2.0,1.0,0.0,0.0,5.0,1.0,0.05,0.05,0.1,0.05,0.1,19.8,1.0,14.0,1.0,7.1,0.71,0.05,0.07,1.0,0.0,0.0,66.0,58.4,19,83.0,14,8,25.0,3,0.96,29.0,43.0,-14.0,-0.71,-0.99,0.0,34.0,26.0,2.0,54.0,18.0,40.0,,,0.0,,,,,,,,,,,,,,,
GER-Bundesliga,2324,Augsburg,Mahmut Kücüksahin,,DF,19.0,2004.0,1.0,0.0,1.0,0.0,0.0,0.0,0.0,0.0,0.0,0.0,0.0,0.0,0.0,0.0,0.0,0.0,0.0,0.0,0.0,0.0,0.0,,0.0,0.0,,,0.0,0.0,1.0,0.0,0,,0,1,1.0,0,0.0,0.0,0.0,0.0,0.0,0.29,0.0,0.0,0.0,0.0,0.0,0.0,0.0,,,0.0,,,,,,,,,,,,,,,
GER-Bundesliga,2324,Augsburg,Masaya Okugawa,JPN,"FW,MF",27.0,1996.0,2.0,0.0,32.0,0.4,0.0,0.0,0.0,0.0,0.0,0.0,0.0,0.0,0.0,0.0,0.0,0.0,0.0,0.4,0.0,0.0,0.0,,0.0,0.0,,,0.0,0.0,16.0,1.0,0,,0,2,16.0,3,1.5,2.0,0.0,2.0,5.63,5.98,0.0,0.0,0.0,0.0,0.0,0.0,0.0,,,0.0,,,,,,,,,,,,,,,
GER-Bundesliga,2324,Augsburg,Maximilian Bauer,GER,DF,23.0,2000.0,14.0,9.0,810.0,9.0,1.0,0.0,1.0,1.0,0.0,0.0,3.0,0.0,0.11,0.0,0.11,0.11,0.11,9.0,1.0,4.0,1.0,25.0,0.44,0.11,0.25,1.0,0.0,0.0,58.0,26.5,9,83.0,6,5,12.0,15,1.57,15.0,22.0,-7.0,-0.78,-0.66,0.0,13.0,11.0,0.0,1.0,12.0,10.0,,,0.0,,,,,,,,,,,,,,,
GER-Bundesliga,2324,Augsburg,Mergim Berisha,GER,FW,25.0,1998.0,2.0,2.0,122.0,1.4,0.0,0.0,0.0,0.0,0.0,0.0,0.0,0.0,0.0,0.0,0.0,0.0,0.0,1.4,0.0,5.0,0.0,0.0,3.69,0.0,0.0,,0.0,0.0,61.0,4.0,2,61.0,0,0,,0,0.5,3.0,5.0,-2.0,-1.48,-1.23,0.0,0.0,3.0,1.0,1.0,0.0,0.0,,,0.0,,,,,,,,,,,,,,,
GER-Bundesliga,2324,Augsburg,Mert Kömür,GER,FW,18.0,2005.0,4.0,1.0,118.0,1.3,1.0,0.0,1.0,1.0,0.0,0.0,0.0,0.0,0.76,0.0,0.76,0.76,0.76,1.3,1.0,2.0,1.0,50.0,1.53,0.76,0.5,1.0,0.0,0.0,30.0,3.9,1,73.0,0,3,15.0,8,0.75,2.0,3.0,-1.0,-0.76,-0.49,0.0,2.0,2.0,0.0,1.0,1.0,3.0,,,0.0,,,,,,,,,,,,,,,
GER-Bundesliga,2324,Augsburg,Nathanaël Mbuku,COD,"FW,MF",21.0,2002.0,1.0,0.0,5.0,0.1,0.0,0.0,0.0,0.0,0.0,0.0,0.0,0.0,0.0,0.0,0.0,0.0,0.0,0.1,0.0,1.0,0.0,0.0,18.0,0.0,0.0,,0.0,0.0,5.0,0.2,0,,0,1,5.0,5,0.0,0.0,0.0,0.0,0.0,0.29,0.0,0.0,0.0,0.0,0.0,0.0,0.0,,,0.0,,,,,,,,,,,,,,,
GER-Bundesliga,2324,Augsburg,Niklas Dorsch,GER,MF,25.0,1998.0,21.0,16.0,1386.0,15.4,0.0,0.0,0.0,0.0,0.0,0.0,5.0,0.0,0.0,0.0,0.0,0.0,0.0,15.4,0.0,14.0,0.0,0.0,0.91,0.0,0.0,,0.0,0.0,66.0,45.3,16,81.0,9,5,17.0,5,1.14,20.0,30.0,-10.0,-0.65,-0.65,0.0,19.0,27.0,0.0,3.0,16.0,24.0,,,0.0,,,,,,,,,,,,,,,
GER-Bundesliga,2324,Augsburg,Ohis Felix Uduokhai,GER,DF,25.0,1997.0,33.0,33.0,2921.0,32.5,2.0,0.0,2.0,2.0,0.0,0.0,5.0,1.0,0.06,0.0,0.06,0.06,0.06,32.5,2.0,13.0,3.0,23.1,0.4,0.09,0.15,0.67,0.0,0.0,89.0,95.5,33,89.0,31,0,,0,1.15,49.0,59.0,-10.0,-0.31,-0.31,1.0,28.0,23.0,0.0,3.0,44.0,18.0,,,1.0,,,,,,,,,,,,,,,
GER-Bundesliga,2324,Augsburg,Patric Pfeiffer,GHA,DF,23.0,1999.0,11.0,4.0,511.0,5.7,0.0,1.0,1.0,0.0,0.0,0.0,0.0,0.0,0.0,0.18,0.18,0.0,0.18,5.7,0.0,11.0,0.0,0.0,1.94,0.0,0.0,,0.0,0.0,46.0,16.7,4,81.0,2,7,27.0,11,0.64,3.0,14.0,-11.0,-1.94,-1.97,0.0,7.0,4.0,0.0,2.0,12.0,7.0,,,0.0,,,,,,,,,,,,,,,
GER-Bundesliga,2324,Augsburg,Pep Biel,ESP,"FW,MF",26.0,1996.0,11.0,0.0,285.0,3.2,0.0,0.0,0.0,0.0,0.0,0.0,1.0,0.0,0.0,0.0,0.0,0.0,0.0,3.2,0.0,6.0,1.0,16.7,1.89,0.32,0.0,0.0,0.0,0.0,26.0,9.3,0,,0,11,26.0,3,1.09,4.0,4.0,0.0,0.0,0.32,0.0,8.0,0.0,0.0,12.0,2.0,3.0,,,0.0,,,,,,,,,,,,,,,
GER-Bundesliga,2324,Augsburg,Phillip Tietz,GER,FW,26.0,1997.0,34.0,31.0,2382.0,26.5,8.0,4.0,12.0,8.0,0.0,0.0,1.0,0.0,0.3,0.15,0.45,0.3,0.45,26.5,8.0,52.0,19.0,36.5,1.96,0.72,0.15,0.42,0.0,0.0,70.0,77.8,31,74.0,4,3,30.0,0,1.15,41.0,45.0,-4.0,-0.15,0.65,0.0,41.0,17.0,16.0,7.0,5.0,14.0,,,0.0,,,,,,,,,,,,,,,
GER-Bundesliga,2324,Augsburg,Robert Gumny,POL,"DF,MF",25.0,1998.0,13.0,6.0,481.0,5.3,0.0,0.0,0.0,0.0,0.0,0.0,3.0,0.0,0.0,0.0,0.0,0.0,0.0,5.3,0.0,3.0,1.0,33.3,0.56,0.19,0.0,0.0,0.0,0.0,37.0,15.7,6,64.0,2,7,14.0,10,0.85,9.0,9.0,0.0,0.0,0.35,0.0,8.0,5.0,0.0,9.0,7.0,5.0,,,0.0,,,,,,,,,,,,,,,
GER-Bundesliga,2324,Augsburg,Ruben Vargas,SUI,"MF,FW",24.0,1998.0,31.0,25.0,1962.0,21.8,4.0,5.0,9.0,4.0,0.0,0.0,3.0,0.0,0.18,0.23,0.41,0.18,0.41,21.8,4.0,49.0,17.0,34.7,2.25,0.78,0.08,0.24,0.0,0.0,63.0,64.1,25,72.0,3,6,26.0,0,1.16,32.0,41.0,-9.0,-0.41,-0.33,0.0,33.0,28.0,17.0,63.0,5.0,13.0,,,0.0,,,,,,,,,,,,,,,
GER-Bundesliga,2324,Augsburg,Sven Michel,GER,"FW,MF",33.0,1990.0,22.0,5.0,583.0,6.5,2.0,1.0,3.0,1.0,1.0,2.0,2.0,0.0,0.31,0.15,0.46,0.15,0.31,6.5,2.0,14.0,7.0,50.0,2.16,1.08,0.14,0.29,1.0,2.0,27.0,19.1,5,64.0,0,17,15.0,8,1.09,12.0,15.0,-3.0,-0.46,-0.21,0.0,11.0,4.0,4.0,11.0,0.0,5.0,,,0.0,,,,,,,,,,,,,,,
GER-Bundesliga,2324,Augsburg,Tim Breithaupt,GER,MF,21.0,2002.0,16.0,6.0,629.0,7.0,0.0,0.0,0.0,0.0,0.0,0.0,3.0,0.0,0.0,0.0,0.0,0.0,0.0,7.0,0.0,3.0,0.0,0.0,0.43,0.0,0.0,,0.0,0.0,39.0,20.6,6,70.0,1,10,21.0,13,0.88,6.0,19.0,-13.0,-1.86,-1.97,0.0,12.0,4.0,0.0,2.0,8.0,12.0,,,0.0,,,,,,,,,,,,,,,
GER-Bundesliga,2324,Augsburg,Tomáš Koubek,CZE,GK,30.0,1992.0,3.0,3.0,270.0,3.0,0.0,0.0,0.0,0.0,0.0,0.0,0.0,0.0,0.0,0.0,0.0,0.0,0.0,3.0,0.0,0.0,0.0,,0.0,0.0,,,0.0,0.0,90.0,8.8,3,90.0,3,0,,31,0.0,2.0,8.0,-6.0,-2.0,-1.87,0.0,0.0,0.0,0.0,0.0,0.0,1.0,,,0.0,8.0,2.67,25.0,17.0,68.0,0.0,0.0,3.0,0.0,0.0,0.0,0.0,0.0,0.0,
GER-Bundesliga,2324,Bayern Munich,Aleksandar Pavlovic,GER,MF,19.0,2004.0,19.0,14.0,1227.0,13.6,2.0,2.0,4.0,2.0,0.0,0.0,6.0,0.0,0.15,0.15,0.29,0.15,0.29,13.6,2.0,8.0,2.0,25.0,0.59,0.15,0.25,1.0,0.0,0.0,65.0,40.1,14,79.0,7,5,25.0,6,2.42,35.0,16.0,19.0,1.39,-0.08,0.0,20.0,16.0,0.0,18.0,17.0,19.0,,,0.0,,,,,,,,,,,,,,,
GER-Bundesliga,2324,Bayern Munich,Alphonso Davies,CAN,DF,22.0,2000.0,29.0,24.0,2065.0,22.9,2.0,5.0,7.0,2.0,0.0,0.0,0.0,0.0,0.09,0.22,0.31,0.09,0.31,22.9,2.0,13.0,4.0,30.8,0.57,0.17,0.15,0.5,0.0,0.0,71.0,67.5,24,81.0,16,5,23.0,2,2.17,66.0,30.0,36.0,1.57,0.39,0.0,16.0,20.0,0.0,31.0,25.0,24.0,,,0.0,,,,,,,,,,,,,,,
GER-Bundesliga,2324,Bayern Munich,Bouna Sarr,SEN,DF,31.0,1992.0,2.0,1.0,106.0,1.2,0.0,0.0,0.0,0.0,0.0,0.0,0.0,0.0,0.0,0.0,0.0,0.0,0.0,1.2,0.0,1.0,1.0,100.0,0.85,0.85,0.0,0.0,0.0,0.0,53.0,3.5,1,90.0,1,1,16.0,8,3.0,4.0,2.0,2.0,1.7,0.27,0.0,0.0,1.0,0.0,1.0,0.0,0.0,,,0.0,,,,,,,,,,,,,,,
GER-Bundesliga,2324,Bayern Munich,Bryan Zaragoza,ESP,MF,21.0,2001.0,7.0,1.0,183.0,2.0,0.0,0.0,0.0,0.0,0.0,0.0,1.0,0.0,0.0,0.0,0.0,0.0,0.0,2.0,0.0,7.0,4.0,57.1,3.44,1.97,0.0,0.0,0.0,0.0,26.0,6.0,1,74.0,0,6,18.0,6,1.29,4.0,6.0,-2.0,-0.98,-2.58,0.0,2.0,1.0,1.0,10.0,1.0,3.0,,,0.0,,,,,,,,,,,,,,,
GER-Bundesliga,2324,Bayern Munich,Daniel Peretz,ISR,GK,23.0,2000.0,1.0,0.0,17.0,0.2,0.0,0.0,0.0,0.0,0.0,0.0,0.0,0.0,0.0,0.0,0.0,0.0,0.0,0.2,0.0,0.0,0.0,,0.0,0.0,,,0.0,0.0,17.0,0.6,0,,0,1,17.0,13,3.0,0.0,0.0,0.0,0.0,-1.45,0.0,0.0,0.0,0.0,0.0,0.0,0.0,,,0.0,0.0,0.0,0.0,0.0,,0.0,0.0,0.0,0.0,,0.0,0.0,0.0,0.0,
GER-Bundesliga,2324,Bayern Munich,Dayot Upamecano,FRA,DF,24.0,1998.0,25.0,19.0,1762.0,19.6,1.0,0.0,1.0,1.0,0.0,0.0,3.0,1.0,0.05,0.0,0.05,0.05,0.05,19.6,1.0,11.0,4.0,36.4,0.56,0.2,0.09,0.25,0.0,0.0,70.0,57.6,19,82.0,14,6,34.0,3,1.92,43.0,28.0,15.0,0.77,-1.59,1.0,22.0,8.0,2.0,3.0,16.0,21.0,,,0.0,,,,,,,,,,,,,,,
GER-Bundesliga,2324,Bayern Munich,Eric Dier,ENG,DF,29.0,1994.0,15.0,13.0,1166.0,13.0,0.0,0.0,0.0,0.0,0.0,0.0,1.0,0.0,0.0,0.0,0.0,0.0,0.0,13.0,0.0,9.0,4.0,44.4,0.69,0.31,0.0,0.0,0.0,0.0,78.0,38.1,13,85.0,11,2,29.0,3,1.87,35.0,21.0,14.0,1.08,-0.58,0.0,12.0,9.0,1.0,7.0,9.0,8.0,,,0.0,,,,,,,,,,,,,,,
GER-Bundesliga,2324,Bayern Munich,Eric Maxim Choupo-Moting,CMR,MF,34.0,1989.0,27.0,7.0,717.0,8.0,2.0,2.0,4.0,2.0,0.0,0.0,1.0,0.0,0.25,0.25,0.5,0.25,0.5,8.0,2.0,26.0,12.0,46.2,3.26,1.51,0.08,0.17,0.0,0.0,27.0,23.4,7,76.0,3,20,9.0,5,2.0,27.0,19.0,8.0,1.0,-0.57,0.0,10.0,7.0,2.0,11.0,6.0,12.0,,,0.0,,,,,,,,,,,,,,,
GER-Bundesliga,2324,Bayern Munich,Frans Krätzig,GER,"DF,MF",20.0,2003.0,4.0,0.0,56.0,0.6,0.0,0.0,0.0,0.0,0.0,0.0,0.0,0.0,0.0,0.0,0.0,0.0,0.0,0.6,0.0,2.0,2.0,100.0,3.21,3.21,0.0,0.0,0.0,0.0,14.0,1.8,0,,0,4,14.0,16,3.0,6.0,0.0,6.0,9.64,8.35,0.0,0.0,0.0,1.0,0.0,0.0,0.0,,,0.0,,,,,,,,,,,,,,,
GER-Bundesliga,2324,Bayern Munich,Harry Kane,ENG,FW,30.0,1993.0,32.0,32.0,2839.0,31.5,36.0,8.0,44.0,31.0,5.0,5.0,2.0,0.0,1.14,0.25,1.39,0.98,1.24,31.5,36.0,146.0,67.0,45.9,4.63,2.12,0.25,0.54,5.0,5.0,89.0,92.8,32,89.0,27,0,,0,2.16,85.0,39.0,46.0,1.46,0.24,0.0,10.0,39.0,13.0,30.0,8.0,9.0,,,0.0,,,,,,,,,,,,,,,
GER-Bundesliga,2324,Bayern Munich,Jamal Musiala,GER,MF,20.0,2003.0,24.0,20.0,1755.0,19.5,10.0,5.0,15.0,10.0,0.0,0.0,2.0,0.0,0.51,0.26,0.77,0.51,0.77,19.5,10.0,58.0,21.0,36.2,2.97,1.08,0.17,0.48,0.0,0.0,73.0,57.4,20,82.0,4,4,28.0,1,2.0,54.0,21.0,33.0,1.69,0.59,0.0,26.0,39.0,2.0,9.0,13.0,25.0,,,0.0,,,,,,,,,,,,,,,
GER-Bundesliga,2324,Bayern Munich,Jonathan Asp Jensen,DEN,FW,17.0,2006.0,1.0,0.0,1.0,0.0,0.0,0.0,0.0,0.0,0.0,0.0,0.0,0.0,0.0,0.0,0.0,0.0,0.0,0.0,0.0,0.0,0.0,,0.0,0.0,,,0.0,0.0,1.0,0.0,0,,0,1,1.0,0,3.0,0.0,0.0,0.0,0.0,-1.44,0.0,0.0,0.0,0.0,0.0,0.0,0.0,,,0.0,,,,,,,,,,,,,,,
GER-Bundesliga,2324,Bayern Munich,Joshua Kimmich,GER,"MF,DF",28.0,1995.0,28.0,27.0,2176.0,24.2,1.0,6.0,7.0,1.0,0.0,0.0,1.0,1.0,0.04,0.25,0.29,0.04,0.29,24.2,1.0,25.0,7.0,28.0,1.03,0.29,0.04,0.14,0.0,0.0,78.0,71.1,27,79.0,17,1,31.0,0,1.93,62.0,31.0,31.0,1.28,-0.55,0.0,11.0,24.0,2.0,194.0,13.0,33.0,,,0.0,,,,,,,,,,,,,,,
GER-Bundesliga,2324,Bayern Munich,Kim Min-jae,KOR,DF,26.0,1996.0,25.0,22.0,1970.0,21.9,1.0,1.0,2.0,1.0,0.0,0.0,3.0,0.0,0.05,0.05,0.09,0.05,0.09,21.9,1.0,10.0,3.0,30.0,0.46,0.14,0.1,0.33,0.0,0.0,79.0,64.4,22,86.0,18,3,24.0,3,2.16,61.0,28.0,33.0,1.51,0.19,0.0,19.0,2.0,1.0,2.0,42.0,23.0,,,0.0,,,,,,,,,,,,,,,
GER-Bundesliga,2324,Bayern Munich,Kingsley Coman,FRA,MF,27.0,1996.0,17.0,15.0,1113.0,12.4,3.0,3.0,6.0,3.0,0.0,0.0,1.0,0.0,0.24,0.24,0.49,0.24,0.49,12.4,3.0,34.0,8.0,23.5,2.75,0.65,0.09,0.38,0.0,0.0,65.0,36.4,15,71.0,2,2,23.0,1,2.35,30.0,11.0,19.0,1.54,0.15,0.0,6.0,19.0,1.0,60.0,2.0,7.0,,,0.0,,,,,,,,,,,,,,,
GER-Bundesliga,2324,Bayern Munich,Konrad Laimer,AUT,"MF,DF",26.0,1997.0,29.0,18.0,1772.0,19.7,0.0,3.0,3.0,0.0,0.0,0.0,3.0,0.0,0.0,0.15,0.15,0.0,0.15,19.7,0.0,17.0,5.0,29.4,0.86,0.25,0.0,0.0,0.0,0.0,61.0,57.9,18,83.0,12,11,25.0,1,2.28,61.0,25.0,36.0,1.83,0.92,0.0,28.0,15.0,2.0,29.0,15.0,34.0,,,0.0,,,,,,,,,,,,,,,
GER-Bundesliga,2324,Bayern Munich,Leon Goretzka,GER,MF,28.0,1995.0,30.0,25.0,2241.0,24.9,6.0,7.0,13.0,6.0,0.0,0.0,3.0,0.0,0.24,0.28,0.52,0.24,0.52,24.9,6.0,56.0,15.0,26.8,2.25,0.6,0.11,0.4,0.0,0.0,75.0,73.2,25,84.0,17,5,28.0,0,2.0,64.0,39.0,25.0,1.0,-1.63,0.0,23.0,14.0,2.0,10.0,30.0,21.0,,,0.0,,,,,,,,,,,,,,,
GER-Bundesliga,2324,Bayern Munich,Leroy Sané,GER,MF,27.0,1996.0,27.0,25.0,2137.0,23.7,8.0,11.0,19.0,8.0,0.0,0.0,4.0,0.0,0.34,0.46,0.8,0.34,0.8,23.7,8.0,73.0,28.0,38.4,3.07,1.18,0.11,0.29,0.0,0.0,79.0,69.8,25,84.0,16,2,24.0,0,2.19,67.0,26.0,41.0,1.73,0.95,0.0,26.0,21.0,10.0,87.0,7.0,8.0,,,0.0,,,,,,,,,,,,,,,
GER-Bundesliga,2324,Bayern Munich,Lovro Zvonarek,CRO,MF,18.0,2005.0,5.0,1.0,163.0,1.8,1.0,0.0,1.0,1.0,0.0,0.0,0.0,0.0,0.55,0.0,0.55,0.55,0.55,1.8,1.0,1.0,1.0,100.0,0.55,0.55,1.0,1.0,0.0,0.0,33.0,5.3,1,89.0,0,4,19.0,9,2.4,2.0,4.0,-2.0,-1.1,-2.69,0.0,3.0,0.0,1.0,1.0,0.0,0.0,,,0.0,,,,,,,,,,,,,,,
GER-Bundesliga,2324,Bayern Munich,Manuel Neuer,GER,GK,37.0,1986.0,23.0,23.0,2053.0,22.8,0.0,0.0,0.0,0.0,0.0,0.0,1.0,0.0,0.0,0.0,0.0,0.0,0.0,22.8,0.0,0.0,0.0,,0.0,0.0,,,0.0,0.0,89.0,67.1,23,89.0,22,0,,0,2.13,64.0,33.0,31.0,1.36,-0.25,0.0,1.0,2.0,0.0,0.0,0.0,1.0,,,0.0,33.0,1.45,92.0,59.0,64.1,16.0,1.0,6.0,6.0,26.1,3.0,2.0,1.0,0.0,33.3
GER-Bundesliga,2324,Bayern Munich,Mathys Tel,FRA,"MF,FW",18.0,2005.0,30.0,6.0,1050.0,11.7,7.0,5.0,12.0,7.0,0.0,0.0,2.0,0.0,0.6,0.43,1.03,0.6,1.03,11.7,7.0,43.0,18.0,41.9,3.69,1.54,0.16,0.39,0.0,0.0,35.0,34.3,6,85.0,4,24,22.0,4,2.1,37.0,17.0,20.0,1.71,0.42,0.0,18.0,15.0,3.0,19.0,7.0,3.0,,,0.0,,,,,,,,,,,,,,,
GER-Bundesliga,2324,Bayern Munich,Matteo Perez Vinlöf,SWE,DF,17.0,2005.0,1.0,0.0,16.0,0.2,0.0,0.0,0.0,0.0,0.0,0.0,0.0,0.0,0.0,0.0,0.0,0.0,0.0,0.2,0.0,0.0,0.0,,0.0,0.0,,,0.0,0.0,16.0,0.5,0,,0,1,16.0,1,3.0,0.0,0.0,0.0,0.0,-1.45,0.0,1.0,1.0,0.0,1.0,1.0,0.0,,,0.0,,,,,,,,,,,,,,,
GER-Bundesliga,2324,Bayern Munich,Matthijs de Ligt,NED,DF,23.0,1999.0,22.0,16.0,1390.0,15.4,2.0,0.0,2.0,2.0,0.0,0.0,5.0,0.0,0.13,0.0,0.13,0.13,0.13,15.4,2.0,14.0,7.0,50.0,0.91,0.45,0.14,0.29,0.0,0.0,63.0,45.4,16,82.0,12,6,14.0,4,2.36,48.0,21.0,27.0,1.75,0.56,0.0,12.0,8.0,0.0,2.0,13.0,11.0,,,0.0,,,,,,,,,,,,,,,
GER-Bundesliga,2324,Bayern Munich,Noussair Mazraoui,MAR,DF,25.0,1997.0,19.0,15.0,1197.0,13.3,0.0,3.0,3.0,0.0,0.0,0.0,3.0,0.0,0.0,0.23,0.23,0.0,0.23,13.3,0.0,12.0,3.0,25.0,0.9,0.23,0.0,0.0,0.0,0.0,63.0,39.1,15,73.0,8,4,24.0,2,2.11,40.0,16.0,24.0,1.8,0.6,0.0,10.0,11.0,0.0,19.0,21.0,20.0,,,0.0,,,,,,,,,,,,,,,
GER-Bundesliga,2324,Bayern Munich,Raphaël Guerreiro,POR,"MF,DF",29.0,1993.0,20.0,13.0,1191.0,13.2,3.0,0.0,3.0,3.0,0.0,0.0,2.0,0.0,0.23,0.0,0.23,0.23,0.23,13.2,3.0,18.0,6.0,33.3,1.36,0.45,0.17,0.5,0.0,0.0,60.0,38.9,13,75.0,5,7,31.0,2,1.9,32.0,17.0,15.0,1.13,-0.5,0.0,3.0,7.0,0.0,43.0,13.0,16.0,,,0.0,,,,,,,,,,,,,,,
GER-Bundesliga,2324,Bayern Munich,Ryan Gravenberch,NED,MF,21.0,2002.0,1.0,0.0,10.0,0.1,0.0,0.0,0.0,0.0,0.0,0.0,1.0,0.0,0.0,0.0,0.0,0.0,0.0,0.1,0.0,0.0,0.0,,0.0,0.0,,,0.0,0.0,10.0,0.3,0,,0,1,10.0,1,3.0,0.0,1.0,-1.0,-9.0,-10.48,0.0,1.0,0.0,0.0,0.0,0.0,0.0,,,0.0,,,,,,,,,,,,,,,
GER-Bundesliga,2324,Bayern Munich,Sacha Boey,FRA,MF,22.0,2000.0,2.0,1.0,109.0,1.2,0.0,0.0,0.0,0.0,0.0,0.0,1.0,0.0,0.0,0.0,0.0,0.0,0.0,1.2,0.0,1.0,0.0,0.0,0.83,0.0,0.0,,0.0,0.0,55.0,3.6,1,80.0,0,1,29.0,2,1.5,2.0,2.0,0.0,0.0,-1.49,0.0,6.0,3.0,0.0,0.0,1.0,0.0,,,0.0,,,,,,,,,,,,,,,
GER-Bundesliga,2324,Bayern Munich,Serge Gnabry,GER,MF,28.0,1995.0,10.0,5.0,432.0,4.8,3.0,1.0,4.0,3.0,0.0,0.0,0.0,0.0,0.62,0.21,0.83,0.62,0.83,4.8,3.0,17.0,6.0,35.3,3.54,1.25,0.18,0.5,0.0,0.0,43.0,14.1,5,66.0,0,5,21.0,3,1.6,15.0,6.0,9.0,1.87,0.51,0.0,6.0,2.0,1.0,10.0,3.0,5.0,,,0.0,,,,,,,,,,,,,,,
GER-Bundesliga,2324,Bayern Munich,Sven Ulreich,GER,GK,34.0,1988.0,11.0,11.0,990.0,11.0,0.0,0.0,0.0,0.0,0.0,0.0,1.0,0.0,0.0,0.0,0.0,0.0,0.0,11.0,0.0,0.0,0.0,,0.0,0.0,,,0.0,0.0,90.0,32.4,11,90.0,11,0,,21,2.09,30.0,12.0,18.0,1.64,0.29,0.0,0.0,0.0,0.0,0.0,0.0,0.0,,,0.0,12.0,1.09,31.0,19.0,61.3,7.0,2.0,2.0,4.0,36.4,1.0,1.0,0.0,0.0,0.0
GER-Bundesliga,2324,Bayern Munich,Thomas Müller,GER,MF,33.0,1989.0,31.0,20.0,1654.0,18.4,5.0,9.0,14.0,5.0,0.0,0.0,0.0,0.0,0.27,0.49,0.76,0.27,0.76,18.4,5.0,35.0,13.0,37.1,1.9,0.71,0.14,0.38,0.0,0.0,53.0,54.1,20,74.0,4,11,16.0,3,2.19,51.0,22.0,29.0,1.58,0.3,0.0,12.0,22.0,15.0,56.0,2.0,14.0,,,0.0,,,,,,,,,,,,,,,
GER-Bundesliga,2324,Bochum,Andreas Luthe,GER,GK,36.0,1987.0,1.0,1.0,90.0,1.0,0.0,0.0,0.0,0.0,0.0,0.0,0.0,0.0,0.0,0.0,0.0,0.0,0.0,1.0,0.0,0.0,0.0,,0.0,0.0,,,0.0,0.0,90.0,2.9,1,90.0,1,0,,11,0.0,1.0,4.0,-3.0,-3.0,-2.12,0.0,0.0,0.0,0.0,0.0,0.0,0.0,,,0.0,4.0,4.0,5.0,1.0,20.0,0.0,0.0,1.0,0.0,0.0,0.0,0.0,0.0,0.0,
GER-Bundesliga,2324,Bochum,Anthony Losilla,FRA,MF,37.0,1986.0,31.0,31.0,2576.0,28.6,1.0,2.0,3.0,1.0,0.0,0.0,10.0,0.0,0.03,0.07,0.1,0.03,0.1,28.6,1.0,27.0,6.0,22.2,0.94,0.21,0.04,0.17,0.0,0.0,83.0,84.2,31,83.0,19,0,,0,0.94,32.0,54.0,-22.0,-0.77,1.09,0.0,38.0,22.0,5.0,6.0,24.0,36.0,,,0.0,,,,,,,,,,,,,,,
GER-Bundesliga,2324,Bochum,Bernardo,BRA,DF,28.0,1995.0,33.0,33.0,2924.0,32.5,1.0,0.0,1.0,1.0,0.0,0.0,9.0,0.0,0.03,0.0,0.03,0.03,0.03,32.5,1.0,29.0,8.0,27.6,0.89,0.25,0.03,0.13,0.0,0.0,89.0,95.6,33,89.0,31,0,,0,1.0,41.0,68.0,-27.0,-0.83,2.48,0.0,53.0,28.0,1.0,30.0,50.0,61.0,,,0.0,,,,,,,,,,,,,,,
GER-Bundesliga,2324,Bochum,Christopher Antwi-Adjei,GHA,"FW,MF",29.0,1994.0,25.0,11.0,1216.0,13.5,2.0,2.0,4.0,2.0,0.0,0.0,5.0,0.0,0.15,0.15,0.3,0.15,0.3,13.5,2.0,29.0,9.0,31.0,2.15,0.67,0.07,0.22,0.0,0.0,49.0,39.7,11,76.0,1,14,27.0,2,1.0,18.0,28.0,-10.0,-0.74,0.33,0.0,13.0,17.0,18.0,53.0,2.0,12.0,,,0.0,,,,,,,,,,,,,,,
GER-Bundesliga,2324,Bochum,Cristian Gamboa,CRC,"DF,MF",33.0,1989.0,22.0,12.0,1187.0,13.2,0.0,1.0,1.0,0.0,0.0,0.0,6.0,0.0,0.0,0.08,0.08,0.0,0.08,13.2,0.0,6.0,1.0,16.7,0.45,0.08,0.0,0.0,0.0,0.0,54.0,38.8,12,82.0,6,10,21.0,10,1.14,16.0,28.0,-12.0,-0.91,0.05,0.0,14.0,6.0,0.0,24.0,16.0,16.0,,,0.0,,,,,,,,,,,,,,,
GER-Bundesliga,2324,Bochum,Danilo Soares,BRA,MF,31.0,1991.0,5.0,3.0,351.0,3.9,0.0,0.0,0.0,0.0,0.0,0.0,0.0,0.0,0.0,0.0,0.0,0.0,0.0,3.9,0.0,4.0,0.0,0.0,1.03,0.0,0.0,,0.0,0.0,70.0,11.5,3,88.0,2,2,44.0,11,0.6,3.0,6.0,-3.0,-0.77,0.19,0.0,5.0,5.0,0.0,4.0,7.0,6.0,,,0.0,,,,,,,,,,,,,,,
GER-Bundesliga,2324,Bochum,Erhan Mašović,SRB,"DF,MF",24.0,1998.0,29.0,24.0,2219.0,24.7,0.0,0.0,0.0,0.0,0.0,0.0,7.0,0.0,0.0,0.0,0.0,0.0,0.0,24.7,0.0,17.0,3.0,17.6,0.69,0.12,0.0,0.0,0.0,0.0,77.0,72.5,24,87.0,21,5,24.0,3,1.0,25.0,53.0,-28.0,-1.14,-0.71,0.0,22.0,16.0,0.0,5.0,21.0,42.0,,,1.0,,,,,,,,,,,,,,,
GER-Bundesliga,2324,Bochum,Felix Passlack,GER,"DF,MF",25.0,1998.0,15.0,13.0,960.0,10.7,2.0,2.0,4.0,2.0,0.0,0.0,2.0,1.0,0.19,0.19,0.37,0.19,0.37,10.7,2.0,14.0,3.0,21.4,1.31,0.28,0.14,0.67,0.0,0.0,64.0,31.4,13,72.0,3,2,11.0,11,0.93,14.0,23.0,-9.0,-0.84,0.14,0.0,14.0,12.0,2.0,39.0,6.0,14.0,,,0.0,,,,,,,,,,,,,,,
GER-Bundesliga,2324,Bochum,Gonçalo Paciência,POR,FW,28.0,1994.0,19.0,6.0,650.0,7.2,3.0,1.0,4.0,3.0,0.0,0.0,3.0,0.0,0.42,0.14,0.55,0.42,0.55,7.2,3.0,39.0,13.0,33.3,5.4,1.8,0.08,0.23,0.0,0.0,34.0,21.2,6,67.0,0,13,19.0,8,0.79,13.0,14.0,-1.0,-0.14,1.02,0.0,9.0,22.0,2.0,10.0,0.0,4.0,,,0.0,,,,,,,,,,,,,,,
GER-Bundesliga,2324,Bochum,Ivan Ordets,UKR,DF,31.0,1992.0,24.0,21.0,1880.0,20.9,1.0,0.0,1.0,1.0,0.0,0.0,4.0,0.0,0.05,0.0,0.05,0.05,0.05,20.9,1.0,16.0,6.0,37.5,0.77,0.29,0.06,0.17,0.0,0.0,78.0,61.4,21,87.0,20,3,16.0,2,0.83,25.0,57.0,-32.0,-1.53,-1.53,0.0,29.0,20.0,3.0,1.0,30.0,13.0,,,1.0,,,,,,,,,,,,,,,
GER-Bundesliga,2324,Bochum,Keven Schlotterbeck,GER,DF,26.0,1997.0,27.0,24.0,2185.0,24.3,5.0,1.0,6.0,5.0,0.0,0.0,9.0,0.0,0.21,0.04,0.25,0.21,0.25,24.3,5.0,26.0,12.0,46.2,1.07,0.49,0.19,0.42,0.0,0.0,81.0,71.4,24,90.0,23,3,10.0,2,1.07,33.0,48.0,-15.0,-0.62,1.13,0.0,38.0,32.0,1.0,12.0,34.0,24.0,,,2.0,,,,,,,,,,,,,,,
GER-Bundesliga,2324,Bochum,Kevin Stöger,AUT,MF,29.0,1993.0,32.0,32.0,2668.0,29.6,7.0,10.0,17.0,3.0,4.0,4.0,8.0,0.0,0.24,0.34,0.57,0.1,0.44,29.6,7.0,75.0,18.0,24.0,2.53,0.61,0.09,0.39,4.0,4.0,83.0,87.2,32,83.0,21,0,,0,0.94,38.0,65.0,-27.0,-0.91,0.24,0.0,36.0,63.0,1.0,251.0,19.0,30.0,,,0.0,,,,,,,,,,,,,,,
GER-Bundesliga,2324,Bochum,Lukas Daschner,GER,"FW,MF",24.0,1998.0,20.0,3.0,536.0,6.0,1.0,1.0,2.0,1.0,0.0,0.0,2.0,0.0,0.17,0.17,0.34,0.17,0.34,6.0,1.0,13.0,6.0,46.2,2.18,1.01,0.08,0.17,0.0,0.0,27.0,17.5,3,73.0,0,17,19.0,13,0.7,8.0,16.0,-8.0,-1.34,-0.49,0.0,4.0,9.0,0.0,20.0,2.0,5.0,,,0.0,,,,,,,,,,,,,,,
GER-Bundesliga,2324,Bochum,Manuel Riemann,GER,GK,34.0,1988.0,33.0,33.0,2970.0,33.0,0.0,0.0,0.0,0.0,0.0,0.0,5.0,0.0,0.0,0.0,0.0,0.0,0.0,33.0,0.0,0.0,0.0,,0.0,0.0,,,0.0,0.0,90.0,97.1,33,90.0,33,0,,0,1.0,41.0,70.0,-29.0,-0.88,2.12,0.0,2.0,4.0,0.0,1.0,1.0,1.0,,,0.0,70.0,2.12,185.0,115.0,62.2,7.0,12.0,14.0,4.0,12.1,11.0,9.0,2.0,0.0,18.2
GER-Bundesliga,2324,Bochum,Matúš Bero,SVK,"MF,FW",27.0,1995.0,24.0,20.0,1661.0,18.5,1.0,1.0,2.0,1.0,0.0,0.0,6.0,0.0,0.05,0.05,0.11,0.05,0.11,18.5,1.0,30.0,6.0,20.0,1.63,0.33,0.03,0.17,0.0,0.0,69.0,54.3,20,78.0,8,4,25.0,0,0.96,24.0,44.0,-20.0,-1.08,-0.31,0.0,39.0,20.0,5.0,15.0,12.0,23.0,,,0.0,,,,,,,,,,,,,,,
GER-Bundesliga,2324,Bochum,Maximilian Wittek,GER,"MF,DF",27.0,1995.0,21.0,13.0,1070.0,11.9,3.0,1.0,4.0,3.0,0.0,0.0,4.0,0.0,0.25,0.08,0.34,0.25,0.34,11.9,3.0,26.0,8.0,30.8,2.19,0.67,0.12,0.38,0.0,0.0,51.0,35.0,13,73.0,6,8,15.0,11,0.81,14.0,36.0,-22.0,-1.85,-1.4,0.0,21.0,26.0,2.0,51.0,18.0,18.0,,,0.0,,,,,,,,,,,,,,,
GER-Bundesliga,2324,Bochum,Moritz Broschinski,GER,"FW,MF",22.0,2000.0,26.0,14.0,1247.0,13.9,2.0,3.0,5.0,2.0,0.0,0.0,4.0,0.0,0.14,0.22,0.36,0.14,0.36,13.9,2.0,26.0,8.0,30.8,1.88,0.58,0.08,0.25,0.0,0.0,48.0,40.8,14,71.0,3,12,21.0,4,1.12,20.0,26.0,-6.0,-0.43,0.86,0.0,31.0,13.0,11.0,12.0,0.0,7.0,,,0.0,,,,,,,,,,,,,,,
GER-Bundesliga,2324,Bochum,Moritz-Broni Kwarteng,GHA,"MF,FW",25.0,1998.0,11.0,2.0,281.0,3.1,0.0,1.0,1.0,0.0,0.0,0.0,1.0,1.0,0.0,0.32,0.32,0.0,0.32,3.1,0.0,14.0,3.0,21.4,4.48,0.96,0.0,0.0,0.0,0.0,26.0,9.2,2,63.0,0,9,17.0,6,1.36,3.0,7.0,-4.0,-1.28,-0.37,0.0,5.0,5.0,2.0,5.0,2.0,2.0,,,0.0,,,,,,,,,,,,,,,
GER-Bundesliga,2324,Bochum,Noah Loosli,SUI,DF,26.0,1997.0,10.0,2.0,346.0,3.8,0.0,0.0,0.0,0.0,0.0,0.0,1.0,0.0,0.0,0.0,0.0,0.0,0.0,3.8,0.0,0.0,0.0,,0.0,0.0,,,0.0,0.0,35.0,11.3,2,90.0,2,8,21.0,16,1.4,3.0,9.0,-6.0,-1.56,-0.7,0.0,4.0,0.0,0.0,2.0,8.0,7.0,,,0.0,,,,,,,,,,,,,,,
GER-Bundesliga,2324,Bochum,Patrick Osterhage,GER,MF,23.0,2000.0,24.0,21.0,1861.0,20.7,2.0,1.0,3.0,2.0,0.0,0.0,5.0,0.0,0.1,0.05,0.15,0.1,0.15,20.7,2.0,21.0,3.0,14.3,1.02,0.15,0.1,0.67,0.0,0.0,78.0,60.8,21,86.0,15,3,18.0,3,1.0,22.0,36.0,-14.0,-0.68,0.67,0.0,21.0,24.0,3.0,21.0,25.0,26.0,,,0.0,,,,,,,,,,,,,,,
GER-Bundesliga,2324,Bochum,Philipp Förster,GER,MF,28.0,1995.0,13.0,3.0,385.0,4.3,0.0,0.0,0.0,0.0,0.0,0.0,1.0,0.0,0.0,0.0,0.0,0.0,0.0,4.3,0.0,6.0,1.0,16.7,1.4,0.23,0.0,0.0,0.0,0.0,30.0,12.6,3,63.0,0,10,20.0,12,0.85,6.0,8.0,-2.0,-0.47,0.54,0.0,6.0,9.0,0.0,28.0,7.0,5.0,,,0.0,,,,,,,,,,,,,,,
GER-Bundesliga,2324,Bochum,Philipp Hofmann,GER,FW,30.0,1993.0,29.0,18.0,1571.0,17.5,4.0,2.0,6.0,4.0,0.0,0.0,1.0,0.0,0.23,0.11,0.34,0.23,0.34,17.5,4.0,39.0,15.0,38.5,2.23,0.86,0.1,0.27,0.0,0.0,54.0,51.3,18,72.0,4,11,25.0,2,0.86,24.0,39.0,-15.0,-0.86,0.17,0.0,19.0,26.0,4.0,3.0,5.0,5.0,,,0.0,,,,,,,,,,,,,,,
GER-Bundesliga,2324,Bochum,Simon Zoller,GER,"FW,MF",32.0,1991.0,1.0,0.0,45.0,0.5,0.0,0.0,0.0,0.0,0.0,0.0,0.0,0.0,0.0,0.0,0.0,0.0,0.0,0.5,0.0,0.0,0.0,,0.0,0.0,,,0.0,0.0,45.0,1.5,0,,0,1,45.0,0,0.0,0.0,3.0,-3.0,-6.0,-5.13,0.0,1.0,0.0,0.0,0.0,0.0,0.0,,,0.0,,,,,,,,,,,,,,,
GER-Bundesliga,2324,Bochum,Takuma Asano,JPN,"FW,MF",28.0,1994.0,29.0,26.0,1986.0,22.1,6.0,1.0,7.0,6.0,0.0,0.0,2.0,0.0,0.27,0.05,0.32,0.27,0.32,22.1,6.0,65.0,24.0,36.9,2.95,1.09,0.09,0.25,0.0,0.0,68.0,64.9,26,74.0,5,3,21.0,0,0.86,26.0,53.0,-27.0,-1.22,-0.8,0.0,14.0,22.0,23.0,38.0,4.0,6.0,,,0.0,,,,,,,,,,,,,,,
GER-Bundesliga,2324,Bochum,Tim Oermann,GER,DF,19.0,2003.0,16.0,8.0,714.0,7.9,0.0,0.0,0.0,0.0,0.0,0.0,2.0,0.0,0.0,0.0,0.0,0.0,0.0,7.9,0.0,5.0,0.0,0.0,0.63,0.0,0.0,,0.0,0.0,45.0,23.3,8,71.0,3,8,18.0,2,1.38,12.0,13.0,-1.0,-0.13,1.06,0.0,8.0,8.0,0.0,8.0,3.0,11.0,,,0.0,,,,,,,,,,,,,,,
GER-Bundesliga,2324,Darmstadt 98,Aaron Seydel,GER,FW,27.0,1996.0,16.0,5.0,619.0,6.9,1.0,0.0,1.0,1.0,0.0,0.0,1.0,0.0,0.15,0.0,0.15,0.15,0.15,6.9,1.0,14.0,6.0,42.9,2.04,0.87,0.07,0.17,0.0,0.0,39.0,20.2,5,72.0,2,11,23.0,2,0.5,6.0,15.0,-9.0,-1.31,0.42,0.0,9.0,7.0,2.0,1.0,1.0,3.0,,,0.0,,,,,,,,,,,,,,,
GER-Bundesliga,2324,Darmstadt 98,Alexander Brunst,GER,GK,28.0,1995.0,3.0,3.0,270.0,3.0,0.0,0.0,0.0,0.0,0.0,0.0,2.0,0.0,0.0,0.0,0.0,0.0,0.0,3.0,0.0,0.0,0.0,,0.0,0.0,,,0.0,0.0,90.0,8.8,3,90.0,3,0,,21,0.2,2.0,16.0,-14.0,-4.67,-3.31,0.0,0.0,2.0,0.0,0.0,0.0,0.0,,,0.0,10.0,3.33,17.0,7.0,41.2,0.0,1.0,2.0,0.0,0.0,0.0,0.0,0.0,0.0,
GER-Bundesliga,2324,Darmstadt 98,Andreas Müller,GER,MF,23.0,2000.0,11.0,2.0,349.0,3.9,0.0,0.0,0.0,0.0,0.0,0.0,3.0,0.0,0.0,0.0,0.0,0.0,0.0,3.9,0.0,3.0,1.0,33.3,0.77,0.26,0.0,0.0,0.0,0.0,32.0,11.4,2,45.0,0,9,29.0,11,0.55,3.0,7.0,-4.0,-1.03,0.69,0.0,5.0,4.0,0.0,2.0,4.0,9.0,,,0.0,,,,,,,,,,,,,,,
GER-Bundesliga,2324,Darmstadt 98,Asaf Arania,ISR,FW,17.0,2005.0,1.0,0.0,6.0,0.1,0.0,0.0,0.0,0.0,0.0,0.0,0.0,0.0,0.0,0.0,0.0,0.0,0.0,0.1,0.0,0.0,0.0,,0.0,0.0,,,0.0,0.0,6.0,0.2,0,,0,1,6.0,2,0.0,0.0,1.0,-1.0,-15.0,-13.38,0.0,0.0,0.0,0.0,0.0,0.0,0.0,,,0.0,,,,,,,,,,,,,,,
GER-Bundesliga,2324,Darmstadt 98,Bartol Franjić,CRO,MF,23.0,2000.0,20.0,14.0,1229.0,13.7,0.0,1.0,1.0,0.0,0.0,0.0,5.0,0.0,0.0,0.07,0.07,0.0,0.07,13.7,0.0,4.0,0.0,0.0,0.29,0.0,0.0,,0.0,0.0,61.0,40.2,14,79.0,7,6,21.0,6,0.5,6.0,45.0,-39.0,-2.86,-2.02,0.0,20.0,2.0,0.0,4.0,30.0,10.0,,,0.0,,,,,,,,,,,,,,,
GER-Bundesliga,2324,Darmstadt 98,Braydon Manu,GHA,MF,26.0,1997.0,4.0,3.0,171.0,1.9,0.0,0.0,0.0,0.0,0.0,0.0,1.0,0.0,0.0,0.0,0.0,0.0,0.0,1.9,0.0,5.0,1.0,20.0,2.63,0.53,0.0,0.0,0.0,0.0,43.0,5.6,3,52.0,0,1,15.0,0,0.25,1.0,6.0,-5.0,-2.63,-1.04,0.0,4.0,1.0,0.0,4.0,0.0,0.0,,,0.0,,,,,,,,,,,,,,,
GER-Bundesliga,2324,Darmstadt 98,Christoph Klarer,AUT,DF,23.0,2000.0,30.0,28.0,2354.0,26.2,2.0,2.0,4.0,2.0,0.0,0.0,9.0,0.0,0.08,0.08,0.15,0.08,0.15,26.2,2.0,9.0,2.0,22.2,0.34,0.08,0.22,1.0,0.0,0.0,78.0,76.9,28,83.0,22,2,14.0,1,0.47,24.0,65.0,-41.0,-1.57,0.34,0.0,29.0,13.0,4.0,8.0,22.0,22.0,,,0.0,,,,,,,,,,,,,,,
GER-Bundesliga,2324,Darmstadt 98,Christoph Zimmermann,GER,DF,30.0,1993.0,19.0,12.0,1220.0,13.6,0.0,0.0,0.0,0.0,0.0,0.0,5.0,0.0,0.0,0.0,0.0,0.0,0.0,13.6,0.0,4.0,1.0,25.0,0.3,0.07,0.0,0.0,0.0,0.0,64.0,39.9,12,81.0,8,7,35.0,5,0.42,8.0,34.0,-26.0,-1.92,-0.45,0.0,13.0,10.0,1.0,0.0,20.0,21.0,,,1.0,,,,,,,,,,,,,,,
GER-Bundesliga,2324,Darmstadt 98,Clemens Riedel,GER,"DF,MF",20.0,2003.0,14.0,9.0,755.0,8.4,0.0,0.0,0.0,0.0,0.0,0.0,2.0,0.0,0.0,0.0,0.0,0.0,0.0,8.4,0.0,8.0,3.0,37.5,0.95,0.36,0.0,0.0,0.0,0.0,54.0,24.7,9,80.0,7,5,8.0,6,0.71,9.0,20.0,-11.0,-1.31,0.45,0.0,10.0,4.0,0.0,8.0,12.0,13.0,,,0.0,,,,,,,,,,,,,,,
GER-Bundesliga,2324,Darmstadt 98,Emir Karic,BIH,"MF,DF",26.0,1997.0,27.0,18.0,1783.0,19.8,0.0,0.0,0.0,0.0,0.0,0.0,4.0,0.0,0.0,0.0,0.0,0.0,0.0,19.8,0.0,12.0,3.0,25.0,0.61,0.15,0.0,0.0,0.0,0.0,66.0,58.3,18,87.0,12,9,25.0,2,0.37,15.0,56.0,-41.0,-2.07,-1.01,0.0,17.0,8.0,5.0,52.0,13.0,27.0,,,0.0,,,,,,,,,,,,,,,
GER-Bundesliga,2324,Darmstadt 98,Fabian Holland,GER,"MF,DF",33.0,1990.0,23.0,23.0,1835.0,20.4,0.0,2.0,2.0,0.0,0.0,0.0,4.0,1.0,0.0,0.1,0.1,0.0,0.1,20.4,0.0,11.0,3.0,27.3,0.54,0.15,0.0,0.0,0.0,0.0,80.0,60.0,23,80.0,11,0,,0,0.48,21.0,48.0,-27.0,-1.32,0.81,0.0,34.0,33.0,1.0,26.0,23.0,25.0,,,0.0,,,,,,,,,,,,,,,
GER-Bundesliga,2324,Darmstadt 98,Fabian Nürnberger,BUL,MF,24.0,1999.0,21.0,17.0,1513.0,16.8,1.0,1.0,2.0,1.0,0.0,0.0,2.0,0.0,0.06,0.06,0.12,0.06,0.12,16.8,1.0,19.0,6.0,31.6,1.13,0.36,0.05,0.17,0.0,0.0,72.0,49.4,17,81.0,10,4,32.0,0,0.71,14.0,41.0,-27.0,-1.61,0.08,0.0,18.0,16.0,0.0,61.0,17.0,21.0,,,0.0,,,,,,,,,,,,,,,
GER-Bundesliga,2324,Darmstadt 98,Fabian Schnellhardt,GER,MF,29.0,1994.0,10.0,2.0,235.0,2.6,0.0,0.0,0.0,0.0,0.0,0.0,1.0,0.0,0.0,0.0,0.0,0.0,0.0,2.6,0.0,5.0,2.0,40.0,1.91,0.77,0.0,0.0,0.0,0.0,24.0,7.7,2,64.0,0,8,13.0,13,0.3,1.0,7.0,-6.0,-2.3,-0.7,0.0,2.0,3.0,0.0,4.0,4.0,1.0,,,0.0,,,,,,,,,,,,,,,
GER-Bundesliga,2324,Darmstadt 98,Fabio Torsiello,ITA,FW,18.0,2005.0,10.0,1.0,156.0,1.7,0.0,0.0,0.0,0.0,0.0,0.0,0.0,0.0,0.0,0.0,0.0,0.0,0.0,1.7,0.0,4.0,0.0,0.0,2.31,0.0,0.0,,0.0,0.0,16.0,5.1,1,45.0,0,9,12.0,7,0.1,2.0,5.0,-3.0,-1.73,-0.09,0.0,4.0,0.0,0.0,2.0,1.0,0.0,,,0.0,,,,,,,,,,,,,,,
GER-Bundesliga,2324,Darmstadt 98,Filip Stojilković,SUI,FW,23.0,2000.0,6.0,0.0,154.0,1.7,0.0,0.0,0.0,0.0,0.0,0.0,1.0,0.0,0.0,0.0,0.0,0.0,0.0,1.7,0.0,4.0,1.0,25.0,2.34,0.58,0.0,0.0,0.0,0.0,26.0,5.0,0,,0,6,26.0,2,0.0,0.0,4.0,-4.0,-2.34,-0.73,0.0,3.0,1.0,2.0,3.0,0.0,1.0,,,0.0,,,,,,,,,,,,,,,
GER-Bundesliga,2324,Darmstadt 98,Frank Ronstadt,GER,"DF,MF",26.0,1997.0,4.0,0.0,76.0,0.8,0.0,0.0,0.0,0.0,0.0,0.0,0.0,0.0,0.0,0.0,0.0,0.0,0.0,0.8,0.0,3.0,0.0,0.0,3.55,0.0,0.0,,0.0,0.0,19.0,2.5,0,,0,4,19.0,2,1.0,2.0,2.0,0.0,0.0,1.69,0.0,0.0,2.0,0.0,2.0,1.0,1.0,,,0.0,,,,,,,,,,,,,,,
GER-Bundesliga,2324,Darmstadt 98,Fraser Hornby,SCO,FW,23.0,1999.0,7.0,1.0,217.0,2.4,0.0,0.0,0.0,0.0,0.0,0.0,1.0,0.0,0.0,0.0,0.0,0.0,0.0,2.4,0.0,10.0,2.0,20.0,4.15,0.83,0.0,0.0,0.0,0.0,31.0,7.1,1,61.0,0,6,26.0,1,1.0,1.0,6.0,-5.0,-2.07,-0.46,0.0,5.0,1.0,1.0,4.0,0.0,0.0,,,0.0,,,,,,,,,,,,,,,
GER-Bundesliga,2324,Darmstadt 98,Gerrit Holtmann,PHI,MF,28.0,1995.0,10.0,2.0,392.0,4.4,0.0,0.0,0.0,0.0,0.0,0.0,1.0,0.0,0.0,0.0,0.0,0.0,0.0,4.4,0.0,14.0,5.0,35.7,3.21,1.15,0.0,0.0,0.0,0.0,39.0,12.8,2,65.0,0,8,33.0,1,0.4,3.0,11.0,-8.0,-1.84,-0.22,0.0,8.0,2.0,0.0,12.0,2.0,5.0,,,0.0,,,,,,,,,,,,,,,
GER-Bundesliga,2324,Darmstadt 98,Jannik Müller,GER,DF,29.0,1994.0,16.0,12.0,1134.0,12.6,0.0,0.0,0.0,0.0,0.0,0.0,5.0,0.0,0.0,0.0,0.0,0.0,0.0,12.6,0.0,3.0,0.0,0.0,0.24,0.0,0.0,,0.0,0.0,71.0,37.1,12,83.0,9,4,36.0,11,0.69,13.0,30.0,-17.0,-1.35,0.47,0.0,19.0,7.0,0.0,7.0,19.0,16.0,,,0.0,,,,,,,,,,,,,,,
GER-Bundesliga,2324,Darmstadt 98,Julian Justvan,GER,MF,25.0,1998.0,14.0,11.0,1023.0,11.4,2.0,2.0,4.0,2.0,0.0,0.0,1.0,0.0,0.18,0.18,0.35,0.18,0.35,11.4,2.0,17.0,4.0,23.5,1.5,0.35,0.12,0.5,0.0,0.0,73.0,33.4,11,86.0,7,3,26.0,0,0.29,8.0,34.0,-26.0,-2.29,-0.96,0.0,2.0,5.0,0.0,40.0,11.0,5.0,,,0.0,,,,,,,,,,,,,,,
GER-Bundesliga,2324,Darmstadt 98,Klaus Gjasula,ALB,"DF,MF",33.0,1989.0,22.0,17.0,1363.0,15.1,0.0,0.0,0.0,0.0,0.0,0.0,7.0,1.0,0.0,0.0,0.0,0.0,0.0,15.1,0.0,9.0,1.0,11.1,0.59,0.07,0.0,0.0,0.0,0.0,62.0,44.5,17,75.0,10,5,18.0,5,0.55,15.0,31.0,-16.0,-1.06,1.06,0.0,23.0,11.0,0.0,7.0,18.0,21.0,,,0.0,,,,,,,,,,,,,,,
GER-Bundesliga,2324,Darmstadt 98,Luca Pfeiffer,GER,"FW,MF",26.0,1996.0,24.0,20.0,1619.0,18.0,1.0,4.0,5.0,1.0,0.0,0.0,3.0,0.0,0.06,0.22,0.28,0.06,0.28,18.0,1.0,48.0,19.0,39.6,2.67,1.06,0.02,0.05,0.0,0.0,67.0,52.9,20,77.0,9,4,20.0,6,0.46,20.0,37.0,-17.0,-0.95,1.49,0.0,28.0,26.0,1.0,5.0,2.0,8.0,,,0.0,,,,,,,,,,,,,,,
GER-Bundesliga,2324,Darmstadt 98,Marcel Schuhen,GER,GK,30.0,1993.0,31.0,31.0,2790.0,31.0,0.0,0.0,0.0,0.0,0.0,0.0,2.0,0.0,0.0,0.0,0.0,0.0,0.0,31.0,0.0,0.0,0.0,,0.0,0.0,,,0.0,0.0,90.0,91.2,31,90.0,31,0,,2,0.52,29.0,76.0,-47.0,-1.52,1.48,0.0,0.0,8.0,0.0,1.0,1.0,0.0,,,0.0,76.0,2.45,199.0,123.0,61.8,3.0,7.0,21.0,3.0,9.7,2.0,1.0,1.0,0.0,50.0
GER-Bundesliga,2324,Darmstadt 98,Marvin Mehlem,GER,MF,25.0,1997.0,20.0,19.0,1482.0,16.5,3.0,2.0,5.0,3.0,0.0,0.0,3.0,0.0,0.18,0.12,0.3,0.18,0.3,16.5,3.0,23.0,8.0,34.8,1.4,0.49,0.13,0.38,0.0,0.0,74.0,48.4,19,77.0,6,1,24.0,1,0.55,16.0,38.0,-22.0,-1.34,0.6,0.0,20.0,34.0,8.0,18.0,31.0,23.0,,,0.0,,,,,,,,,,,,,,,
GER-Bundesliga,2324,Darmstadt 98,Matej Maglica,CRO,DF,24.0,1998.0,26.0,21.0,1698.0,18.9,1.0,0.0,1.0,1.0,0.0,0.0,7.0,2.0,0.05,0.0,0.05,0.05,0.05,18.9,1.0,10.0,2.0,20.0,0.53,0.11,0.1,0.5,0.0,0.0,65.0,55.5,21,78.0,13,5,13.0,1,0.58,16.0,41.0,-25.0,-1.33,0.72,0.0,31.0,7.0,1.0,7.0,21.0,21.0,,,0.0,,,,,,,,,,,,,,,
GER-Bundesliga,2324,Darmstadt 98,Mathias Honsak,AUT,"MF,FW",26.0,1996.0,23.0,10.0,1021.0,11.3,1.0,1.0,2.0,1.0,0.0,0.0,1.0,0.0,0.09,0.09,0.18,0.09,0.18,11.3,1.0,23.0,6.0,26.1,2.03,0.53,0.04,0.17,0.0,0.0,44.0,33.4,10,73.0,2,13,22.0,0,0.57,9.0,39.0,-30.0,-2.64,-1.5,0.0,14.0,11.0,3.0,10.0,9.0,6.0,,,0.0,,,,,,,,,,,,,,,
GER-Bundesliga,2324,Darmstadt 98,Matthias Bader,GER,"MF,DF",26.0,1997.0,24.0,21.0,1802.0,20.0,1.0,2.0,3.0,1.0,0.0,0.0,1.0,0.0,0.05,0.1,0.15,0.05,0.15,20.0,1.0,17.0,1.0,5.9,0.85,0.05,0.06,1.0,0.0,0.0,75.0,58.9,21,82.0,12,3,26.0,0,0.71,22.0,41.0,-19.0,-0.95,1.7,0.0,17.0,41.0,1.0,31.0,25.0,27.0,,,0.0,,,,,,,,,,,,,,,
GER-Bundesliga,2324,Darmstadt 98,Oscar Vilhelmsson,SWE,FW,19.0,2003.0,26.0,16.0,1374.0,15.3,4.0,1.0,5.0,4.0,0.0,0.0,2.0,0.0,0.26,0.07,0.33,0.26,0.33,15.3,4.0,28.0,11.0,39.3,1.83,0.72,0.14,0.36,0.0,0.0,53.0,44.9,16,73.0,5,10,21.0,2,0.31,12.0,37.0,-25.0,-1.64,0.02,0.0,32.0,28.0,7.0,12.0,3.0,5.0,,,0.0,,,,,,,,,,,,,,,
GER-Bundesliga,2324,Darmstadt 98,Sebastian Polter,GER,FW,32.0,1991.0,9.0,4.0,446.0,5.0,0.0,1.0,1.0,0.0,0.0,0.0,0.0,0.0,0.0,0.2,0.2,0.0,0.2,5.0,0.0,10.0,3.0,30.0,2.02,0.61,0.0,0.0,0.0,0.0,50.0,14.6,4,80.0,1,5,26.0,0,0.33,4.0,12.0,-8.0,-1.61,0.04,0.0,9.0,10.0,2.0,4.0,0.0,0.0,,,0.0,,,,,,,,,,,,,,,
GER-Bundesliga,2324,Darmstadt 98,Thomas Isherwood,SWE,DF,25.0,1998.0,12.0,8.0,636.0,7.1,0.0,0.0,0.0,0.0,0.0,0.0,1.0,0.0,0.0,0.0,0.0,0.0,0.0,7.1,0.0,0.0,0.0,,0.0,0.0,,,0.0,0.0,53.0,20.8,8,72.0,2,4,16.0,14,0.5,8.0,25.0,-17.0,-2.41,-0.96,0.0,8.0,3.0,1.0,1.0,9.0,5.0,,,1.0,,,,,,,,,,,,,,,
GER-Bundesliga,2324,Darmstadt 98,Tim Skarke,GER,"FW,MF",26.0,1996.0,30.0,29.0,2404.0,26.7,8.0,0.0,8.0,8.0,0.0,0.0,7.0,0.0,0.3,0.0,0.3,0.3,0.3,26.7,8.0,69.0,20.0,29.0,2.58,0.75,0.12,0.4,0.0,0.0,80.0,78.6,29,82.0,13,1,32.0,0,0.57,22.0,69.0,-47.0,-1.76,-0.52,0.0,31.0,40.0,17.0,96.0,6.0,15.0,,,0.0,,,,,,,,,,,,,,,
GER-Bundesliga,2324,Darmstadt 98,Tobias Kempe,GER,MF,34.0,1989.0,24.0,15.0,1350.0,15.0,3.0,2.0,5.0,0.0,3.0,3.0,1.0,0.0,0.2,0.13,0.33,0.0,0.13,15.0,3.0,21.0,4.0,19.0,1.4,0.27,0.14,0.75,3.0,3.0,56.0,44.1,15,79.0,5,9,19.0,5,0.54,19.0,34.0,-15.0,-1.0,1.16,0.0,14.0,11.0,0.0,80.0,8.0,13.0,,,0.0,,,,,,,,,,,,,,,
GER-Bundesliga,2324,Dortmund,Alexander Meyer,GER,GK,32.0,1991.0,8.0,7.0,695.0,7.7,0.0,0.0,0.0,0.0,0.0,0.0,0.0,0.0,0.0,0.0,0.0,0.0,0.0,7.7,0.0,0.0,0.0,,0.0,0.0,,,0.0,0.0,87.0,22.7,7,90.0,7,1,65.0,26,1.75,15.0,9.0,6.0,0.78,0.05,0.0,0.0,0.0,0.0,0.0,0.0,1.0,,,0.0,9.0,1.17,28.0,19.0,67.9,4.0,1.0,2.0,3.0,42.9,0.0,0.0,0.0,0.0,
GER-Bundesliga,2324,Dortmund,Antonios Papadopoulos,GER,DF,23.0,1999.0,2.0,1.0,117.0,1.3,0.0,0.0,0.0,0.0,0.0,0.0,0.0,0.0,0.0,0.0,0.0,0.0,0.0,1.3,0.0,0.0,0.0,,0.0,0.0,,,0.0,0.0,59.0,3.8,1,90.0,1,1,27.0,3,2.0,5.0,2.0,3.0,2.31,1.63,0.0,1.0,1.0,0.0,0.0,2.0,3.0,,,0.0,,,,,,,,,,,,,,,
GER-Bundesliga,2324,Dortmund,Donyell Malen,NED,"MF,FW",24.0,1999.0,27.0,21.0,1781.0,19.8,13.0,1.0,14.0,13.0,0.0,0.0,5.0,0.0,0.66,0.05,0.71,0.66,0.71,19.8,13.0,72.0,36.0,50.0,3.64,1.82,0.18,0.36,0.0,0.0,66.0,58.2,21,77.0,10,6,29.0,2,2.0,43.0,25.0,18.0,0.91,0.42,0.0,11.0,24.0,3.0,38.0,2.0,7.0,,,0.0,,,,,,,,,,,,,,,
GER-Bundesliga,2324,Dortmund,Emre Can,GER,MF,29.0,1994.0,25.0,22.0,1953.0,21.7,2.0,2.0,4.0,0.0,2.0,2.0,5.0,0.0,0.09,0.09,0.18,0.0,0.09,21.7,2.0,17.0,3.0,17.6,0.78,0.14,0.12,0.67,2.0,2.0,78.0,63.8,22,86.0,16,3,21.0,4,2.0,41.0,22.0,19.0,0.88,0.39,0.0,27.0,23.0,0.0,2.0,20.0,46.0,,,0.0,,,,,,,,,,,,,,,
GER-Bundesliga,2324,Dortmund,Felix Nmecha,GER,MF,22.0,2000.0,20.0,10.0,1021.0,11.3,1.0,2.0,3.0,1.0,0.0,0.0,3.0,0.0,0.09,0.18,0.26,0.09,0.26,11.3,1.0,23.0,3.0,13.0,2.03,0.26,0.04,0.33,0.0,0.0,51.0,33.4,10,78.0,4,10,24.0,0,1.95,25.0,17.0,8.0,0.71,-0.05,0.0,9.0,27.0,1.0,3.0,11.0,14.0,,,0.0,,,,,,,,,,,,,,,
GER-Bundesliga,2324,Dortmund,Gio Reyna,USA,MF,20.0,2002.0,11.0,1.0,280.0,3.1,0.0,0.0,0.0,0.0,0.0,0.0,1.0,0.0,0.0,0.0,0.0,0.0,0.0,3.1,0.0,8.0,2.0,25.0,2.57,0.64,0.0,0.0,0.0,0.0,25.0,9.2,1,45.0,0,10,24.0,4,1.91,9.0,4.0,5.0,1.61,0.96,0.0,2.0,5.0,1.0,4.0,2.0,6.0,,,0.0,,,,,,,,,,,,,,,
GER-Bundesliga,2324,Dortmund,Gregor Kobel,SUI,GK,25.0,1997.0,27.0,27.0,2365.0,26.3,0.0,0.0,0.0,0.0,0.0,0.0,1.0,0.0,0.0,0.0,0.0,0.0,0.0,26.3,0.0,0.0,0.0,,0.0,0.0,,,0.0,0.0,88.0,77.3,27,88.0,26,0,,0,1.85,53.0,34.0,19.0,0.72,-0.05,0.0,2.0,3.0,0.0,0.0,0.0,0.0,,,0.0,34.0,1.29,118.0,84.0,71.2,14.0,8.0,5.0,7.0,25.9,6.0,5.0,1.0,0.0,16.7
GER-Bundesliga,2324,Dortmund,Hendry Blank,GER,DF,18.0,2004.0,1.0,0.0,45.0,0.5,0.0,0.0,0.0,0.0,0.0,0.0,0.0,0.0,0.0,0.0,0.0,0.0,0.0,0.5,0.0,0.0,0.0,,0.0,0.0,,,0.0,0.0,45.0,1.5,0,,0,1,45.0,4,3.0,3.0,0.0,3.0,6.0,5.34,0.0,0.0,0.0,0.0,0.0,0.0,0.0,,,0.0,,,,,,,,,,,,,,,
GER-Bundesliga,2324,Dortmund,Ian Maatsen,NED,DF,21.0,2002.0,16.0,15.0,1264.0,14.0,2.0,2.0,4.0,2.0,0.0,0.0,5.0,0.0,0.14,0.14,0.28,0.14,0.28,14.0,2.0,11.0,4.0,36.4,0.78,0.28,0.18,0.5,0.0,0.0,79.0,41.3,15,81.0,8,1,45.0,0,2.06,30.0,9.0,21.0,1.5,1.29,0.0,20.0,9.0,0.0,26.0,14.0,19.0,,,0.0,,,,,,,,,,,,,,,
GER-Bundesliga,2324,Dortmund,Jadon Sancho,ENG,"MF,FW",23.0,2000.0,14.0,11.0,947.0,10.5,2.0,2.0,4.0,2.0,0.0,0.0,1.0,0.0,0.19,0.19,0.38,0.19,0.38,10.5,2.0,9.0,4.0,44.4,0.86,0.38,0.22,0.5,0.0,0.0,68.0,30.9,11,78.0,2,3,28.0,2,1.86,19.0,11.0,8.0,0.76,0.04,0.0,3.0,10.0,3.0,29.0,4.0,4.0,,,0.0,,,,,,,,,,,,,,,
GER-Bundesliga,2324,Dortmund,Jamie Gittens,ENG,"MF,FW",18.0,2004.0,25.0,14.0,1058.0,11.8,1.0,4.0,5.0,1.0,0.0,0.0,1.0,0.0,0.09,0.34,0.43,0.09,0.43,11.8,1.0,43.0,11.0,25.6,3.66,0.94,0.02,0.09,0.0,0.0,42.0,34.6,14,62.0,1,11,18.0,9,1.84,25.0,12.0,13.0,1.11,0.57,0.0,12.0,25.0,0.0,14.0,4.0,9.0,,,0.0,,,,,,,,,,,,,,,
GER-Bundesliga,2324,Dortmund,Julian Brandt,GER,MF,27.0,1996.0,32.0,26.0,2223.0,24.7,7.0,11.0,18.0,7.0,0.0,0.0,2.0,0.0,0.28,0.45,0.73,0.28,0.73,24.7,7.0,33.0,16.0,48.5,1.34,0.65,0.21,0.44,0.0,0.0,69.0,72.6,26,78.0,12,6,33.0,0,1.84,44.0,29.0,15.0,0.61,-0.47,0.0,8.0,15.0,5.0,165.0,8.0,15.0,,,0.0,,,,,,,,,,,,,,,
GER-Bundesliga,2324,Dortmund,Julian Ryerson,NOR,DF,25.0,1997.0,21.0,20.0,1767.0,19.6,4.0,1.0,5.0,4.0,0.0,0.0,3.0,0.0,0.2,0.05,0.25,0.2,0.25,19.6,4.0,18.0,8.0,44.4,0.92,0.41,0.22,0.5,0.0,0.0,84.0,57.7,20,86.0,14,1,45.0,3,2.0,35.0,24.0,11.0,0.56,-0.41,0.0,18.0,25.0,0.0,39.0,8.0,22.0,,,0.0,,,,,,,,,,,,,,,
GER-Bundesliga,2324,Dortmund,Julien Duranville,BEL,FW,17.0,2006.0,2.0,0.0,12.0,0.1,0.0,0.0,0.0,0.0,0.0,0.0,0.0,0.0,0.0,0.0,0.0,0.0,0.0,0.1,0.0,0.0,0.0,,0.0,0.0,,,0.0,0.0,6.0,0.4,0,,0,2,6.0,3,0.5,0.0,1.0,-1.0,-7.5,-8.27,0.0,3.0,0.0,0.0,0.0,0.0,0.0,,,0.0,,,,,,,,,,,,,,,
GER-Bundesliga,2324,Dortmund,Karim Adeyemi,GER,"FW,MF",21.0,2002.0,21.0,10.0,913.0,10.1,3.0,1.0,4.0,3.0,0.0,0.0,6.0,1.0,0.3,0.1,0.39,0.3,0.39,10.1,3.0,23.0,10.0,43.5,2.27,0.99,0.13,0.3,0.0,0.0,43.0,29.8,10,64.0,1,11,25.0,3,1.76,19.0,16.0,3.0,0.3,-0.63,1.0,20.0,19.0,1.0,24.0,3.0,14.0,,,0.0,,,,,,,,,,,,,,,
GER-Bundesliga,2324,Dortmund,Kjell-Arik Wätjen,GER,MF,17.0,2006.0,2.0,1.0,105.0,1.2,0.0,1.0,1.0,0.0,0.0,0.0,0.0,0.0,0.0,0.86,0.86,0.0,0.86,1.2,0.0,0.0,0.0,,0.0,0.0,,,0.0,0.0,53.0,3.4,1,90.0,1,1,15.0,3,1.5,5.0,1.0,4.0,3.43,2.79,0.0,1.0,1.0,0.0,0.0,0.0,2.0,,,0.0,,,,,,,,,,,,,,,
GER-Bundesliga,2324,Dortmund,Marcel Sabitzer,AUT,MF,29.0,1994.0,25.0,23.0,1961.0,21.8,4.0,3.0,7.0,3.0,1.0,1.0,3.0,1.0,0.18,0.14,0.32,0.14,0.28,21.8,4.0,47.0,20.0,42.6,2.16,0.92,0.09,0.2,1.0,1.0,78.0,64.1,23,84.0,18,2,16.0,2,1.88,44.0,26.0,18.0,0.83,0.25,0.0,15.0,28.0,1.0,31.0,11.0,22.0,,,0.0,,,,,,,,,,,,,,,
GER-Bundesliga,2324,Dortmund,Marco Reus,GER,MF,34.0,1989.0,26.0,18.0,1601.0,17.8,6.0,8.0,14.0,6.0,0.0,0.0,2.0,0.0,0.34,0.45,0.79,0.34,0.79,17.8,6.0,42.0,20.0,47.6,2.36,1.12,0.14,0.3,0.0,0.0,62.0,52.3,18,77.0,2,8,28.0,6,1.81,37.0,27.0,10.0,0.56,-0.36,0.0,20.0,21.0,4.0,32.0,6.0,25.0,,,0.0,,,,,,,,,,,,,,,
GER-Bundesliga,2324,Dortmund,Marius Wolf,GER,DF,28.0,1995.0,22.0,12.0,1166.0,13.0,0.0,1.0,1.0,0.0,0.0,0.0,2.0,0.0,0.0,0.08,0.08,0.0,0.08,13.0,0.0,9.0,1.0,11.1,0.69,0.08,0.0,0.0,0.0,0.0,53.0,38.1,12,82.0,9,10,19.0,10,1.95,30.0,22.0,8.0,0.62,-0.19,0.0,12.0,7.0,1.0,42.0,9.0,13.0,,,0.0,,,,,,,,,,,,,,,
GER-Bundesliga,2324,Dortmund,Mateu Morey,ESP,DF,23.0,2000.0,3.0,2.0,110.0,1.2,0.0,0.0,0.0,0.0,0.0,0.0,0.0,0.0,0.0,0.0,0.0,0.0,0.0,1.2,0.0,1.0,1.0,100.0,0.82,0.82,0.0,0.0,0.0,0.0,37.0,3.6,2,54.0,0,1,3.0,11,2.0,4.0,4.0,0.0,0.0,-0.76,0.0,3.0,5.0,1.0,1.0,1.0,2.0,,,0.0,,,,,,,,,,,,,,,
GER-Bundesliga,2324,Dortmund,Mats Hummels,GER,DF,34.0,1988.0,25.0,20.0,1581.0,17.6,3.0,0.0,3.0,3.0,0.0,0.0,4.0,1.0,0.17,0.0,0.17,0.17,0.17,17.6,3.0,16.0,6.0,37.5,0.91,0.34,0.19,0.5,0.0,0.0,63.0,51.7,20,75.0,13,5,18.0,4,1.88,34.0,24.0,10.0,0.57,-0.34,0.0,12.0,9.0,0.0,3.0,31.0,36.0,,,0.0,,,,,,,,,,,,,,,
GER-Bundesliga,2324,Dortmund,Niclas Füllkrug,GER,FW,30.0,1993.0,29.0,27.0,2212.0,24.6,12.0,8.0,20.0,9.0,3.0,3.0,1.0,0.0,0.49,0.33,0.81,0.37,0.69,24.6,12.0,53.0,27.0,50.9,2.16,1.1,0.23,0.44,3.0,3.0,76.0,72.3,27,80.0,10,2,23.0,2,1.83,47.0,31.0,16.0,0.65,-0.3,0.0,26.0,37.0,11.0,5.0,2.0,1.0,,,0.0,,,,,,,,,,,,,,,
GER-Bundesliga,2324,Dortmund,Nico Schlotterbeck,GER,DF,23.0,1999.0,33.0,32.0,2859.0,31.8,2.0,1.0,3.0,2.0,0.0,0.0,4.0,0.0,0.06,0.03,0.09,0.06,0.09,31.8,2.0,27.0,6.0,22.2,0.85,0.19,0.07,0.33,0.0,0.0,87.0,93.4,32,88.0,29,1,28.0,1,1.82,62.0,41.0,21.0,0.66,-1.13,0.0,17.0,32.0,0.0,7.0,44.0,51.0,,,1.0,,,,,,,,,,,,,,,
GER-Bundesliga,2324,Dortmund,Niklas Süle,GER,DF,27.0,1995.0,23.0,14.0,1514.0,16.8,1.0,0.0,1.0,1.0,0.0,0.0,0.0,0.0,0.06,0.0,0.06,0.06,0.06,16.8,1.0,7.0,1.0,14.3,0.42,0.06,0.14,1.0,0.0,0.0,66.0,49.5,14,87.0,13,9,33.0,9,1.74,30.0,19.0,11.0,0.65,-0.16,0.0,9.0,1.0,0.0,2.0,24.0,10.0,,,0.0,,,,,,,,,,,,,,,
GER-Bundesliga,2324,Dortmund,Ole Pohlmann,GER,"FW,MF",22.0,2001.0,2.0,0.0,54.0,0.6,0.0,0.0,0.0,0.0,0.0,0.0,0.0,0.0,0.0,0.0,0.0,0.0,0.0,0.6,0.0,1.0,0.0,0.0,1.67,0.0,0.0,,0.0,0.0,27.0,1.8,0,,0,2,27.0,3,0.5,0.0,0.0,0.0,0.0,-0.75,0.0,0.0,0.0,0.0,3.0,0.0,0.0,,,0.0,,,,,,,,,,,,,,,
GER-Bundesliga,2324,Dortmund,Ramy Bensebaini,ALG,DF,28.0,1995.0,17.0,11.0,1033.0,11.5,0.0,0.0,0.0,0.0,0.0,0.0,4.0,1.0,0.0,0.0,0.0,0.0,0.0,11.5,0.0,16.0,0.0,0.0,1.39,0.0,0.0,,0.0,0.0,61.0,33.8,11,83.0,7,6,21.0,3,1.94,21.0,17.0,4.0,0.35,-0.58,1.0,15.0,29.0,0.0,21.0,16.0,21.0,,,1.0,,,,,,,,,,,,,,,
GER-Bundesliga,2324,Dortmund,Salih Özcan,TUR,MF,25.0,1998.0,23.0,13.0,1184.0,13.2,0.0,0.0,0.0,0.0,0.0,0.0,3.0,0.0,0.0,0.0,0.0,0.0,0.0,13.2,0.0,5.0,2.0,40.0,0.38,0.15,0.0,0.0,0.0,0.0,51.0,38.7,13,78.0,8,10,17.0,9,1.91,27.0,21.0,6.0,0.46,-0.46,0.0,22.0,22.0,2.0,2.0,17.0,13.0,,,0.0,,,,,,,,,,,,,,,
GER-Bundesliga,2324,Dortmund,Samuel Bamba,GER,FW,19.0,2004.0,2.0,0.0,47.0,0.5,0.0,0.0,0.0,0.0,0.0,0.0,0.0,0.0,0.0,0.0,0.0,0.0,0.0,0.5,0.0,2.0,0.0,0.0,3.83,0.0,0.0,,0.0,0.0,24.0,1.5,0,,0,2,24.0,2,1.0,0.0,0.0,0.0,0.0,-0.75,0.0,1.0,1.0,0.0,4.0,1.0,1.0,,,0.0,,,,,,,,,,,,,,,
GER-Bundesliga,2324,Dortmund,Sébastien Haller,CIV,FW,29.0,1994.0,14.0,5.0,396.0,4.4,0.0,1.0,1.0,0.0,0.0,0.0,2.0,0.0,0.0,0.23,0.23,0.0,0.23,4.4,0.0,7.0,2.0,28.6,1.59,0.45,0.0,0.0,0.0,0.0,28.0,12.9,5,56.0,0,9,13.0,3,2.0,6.0,5.0,1.0,0.23,-0.58,0.0,8.0,10.0,3.0,0.0,0.0,0.0,,,0.0,,,,,,,,,,,,,,,
GER-Bundesliga,2324,Dortmund,Thomas Meunier,BEL,DF,31.0,1991.0,8.0,7.0,586.0,6.5,0.0,0.0,0.0,0.0,0.0,0.0,0.0,0.0,0.0,0.0,0.0,0.0,0.0,6.5,0.0,8.0,1.0,12.5,1.23,0.15,0.0,0.0,0.0,0.0,73.0,19.2,7,83.0,4,1,7.0,2,1.63,13.0,5.0,8.0,1.23,0.61,0.0,10.0,0.0,0.0,17.0,5.0,2.0,,,0.0,,,,,,,,,,,,,,,
GER-Bundesliga,2324,Dortmund,Thorgan Hazard,BEL,"FW,MF",30.0,1993.0,1.0,0.0,7.0,0.1,0.0,0.0,0.0,0.0,0.0,0.0,0.0,0.0,0.0,0.0,0.0,0.0,0.0,0.1,0.0,0.0,0.0,,0.0,0.0,,,0.0,0.0,7.0,0.2,0,,0,1,7.0,1,3.0,1.0,0.0,1.0,12.86,12.15,0.0,0.0,0.0,0.0,0.0,0.0,0.0,,,0.0,,,,,,,,,,,,,,,
GER-Bundesliga,2324,Dortmund,Youssoufa Moukoko,GER,FW,18.0,2004.0,20.0,4.0,625.0,6.9,5.0,0.0,5.0,5.0,0.0,0.0,1.0,0.0,0.72,0.0,0.72,0.72,0.72,6.9,5.0,14.0,7.0,50.0,2.02,1.01,0.36,0.71,0.0,0.0,31.0,20.4,4,80.0,2,16,19.0,10,1.6,18.0,11.0,7.0,1.01,0.34,0.0,8.0,2.0,7.0,3.0,2.0,1.0,,,0.0,,,,,,,,,,,,,,,
GER-Bundesliga,2324,Frankfurt,Ansgar Knauff,GER,"MF,FW",21.0,2002.0,31.0,24.0,2109.0,23.4,7.0,2.0,9.0,7.0,0.0,0.0,7.0,1.0,0.3,0.09,0.38,0.3,0.38,23.4,7.0,37.0,13.0,35.1,1.58,0.55,0.19,0.54,0.0,0.0,68.0,68.9,24,78.0,5,7,35.0,1,1.35,35.0,37.0,-2.0,-0.09,-0.37,1.0,32.0,24.0,2.0,46.0,17.0,28.0,,,0.0,,,,,,,,,,,,,,,
GER-Bundesliga,2324,Frankfurt,Aurélio Buta,POR,"MF,DF",26.0,1997.0,30.0,20.0,1744.0,19.4,1.0,1.0,2.0,1.0,0.0,0.0,5.0,0.0,0.05,0.05,0.1,0.05,0.1,19.4,1.0,13.0,4.0,30.8,0.67,0.21,0.08,0.25,0.0,0.0,58.0,57.0,20,78.0,7,10,18.0,2,1.4,30.0,33.0,-3.0,-0.15,-0.43,0.0,23.0,24.0,1.0,45.0,14.0,26.0,,,0.0,,,,,,,,,,,,,,,
GER-Bundesliga,2324,Frankfurt,Christopher Lenz,GER,"DF,MF",28.0,1994.0,1.0,0.0,10.0,0.1,0.0,0.0,0.0,0.0,0.0,0.0,0.0,0.0,0.0,0.0,0.0,0.0,0.0,0.1,0.0,0.0,0.0,,0.0,0.0,,,0.0,0.0,10.0,0.3,0,,0,1,10.0,0,1.0,1.0,0.0,1.0,9.0,9.0,0.0,0.0,1.0,0.0,0.0,0.0,1.0,,,0.0,,,,,,,,,,,,,,,
GER-Bundesliga,2324,Frankfurt,Donny van de Beek,NED,"MF,FW",26.0,1997.0,8.0,4.0,357.0,4.0,0.0,0.0,0.0,0.0,0.0,0.0,1.0,0.0,0.0,0.0,0.0,0.0,0.0,4.0,0.0,1.0,0.0,0.0,0.25,0.0,0.0,,0.0,0.0,45.0,11.7,4,59.0,0,4,30.0,7,1.5,4.0,3.0,1.0,0.25,0.25,0.0,7.0,1.0,5.0,7.0,3.0,3.0,,,0.0,,,,,,,,,,,,,,,
GER-Bundesliga,2324,Frankfurt,Elias Baum,GER,DF,17.0,2005.0,4.0,0.0,28.0,0.3,0.0,0.0,0.0,0.0,0.0,0.0,0.0,0.0,0.0,0.0,0.0,0.0,0.0,0.3,0.0,0.0,0.0,,0.0,0.0,,,0.0,0.0,7.0,0.9,0,,0,4,7.0,1,1.25,1.0,0.0,1.0,3.21,3.21,0.0,1.0,0.0,0.0,0.0,0.0,0.0,,,0.0,,,,,,,,,,,,,,,
GER-Bundesliga,2324,Frankfurt,Ellyes Skhiri,TUN,MF,28.0,1995.0,27.0,24.0,2168.0,24.1,2.0,2.0,4.0,2.0,0.0,0.0,1.0,0.0,0.08,0.08,0.17,0.08,0.17,24.1,2.0,18.0,8.0,44.4,0.75,0.33,0.11,0.25,0.0,0.0,80.0,70.8,24,88.0,18,3,22.0,0,1.41,36.0,32.0,4.0,0.17,0.47,0.0,15.0,18.0,3.0,4.0,37.0,25.0,,,0.0,,,,,,,,,,,,,,,
GER-Bundesliga,2324,Frankfurt,Fares Chaïbi,ALG,"MF,FW",20.0,2002.0,28.0,21.0,1912.0,21.2,2.0,4.0,6.0,2.0,0.0,0.0,2.0,0.0,0.09,0.19,0.28,0.09,0.28,21.2,2.0,40.0,14.0,35.0,1.88,0.66,0.05,0.14,0.0,0.0,68.0,62.5,21,79.0,6,7,35.0,1,1.36,37.0,37.0,0.0,0.0,-0.08,0.0,15.0,11.0,9.0,174.0,5.0,17.0,,,0.0,,,,,,,,,,,,,,,
GER-Bundesliga,2324,Frankfurt,Hrvoje Smolčić,CRO,DF,22.0,2000.0,11.0,3.0,347.0,3.9,1.0,0.0,1.0,1.0,0.0,0.0,0.0,0.0,0.26,0.0,0.26,0.26,0.26,3.9,1.0,3.0,1.0,33.3,0.78,0.26,0.33,1.0,0.0,0.0,32.0,11.3,3,87.0,2,8,11.0,20,1.73,4.0,6.0,-2.0,-0.52,-0.62,0.0,3.0,2.0,0.0,0.0,6.0,3.0,,,0.0,,,,,,,,,,,,,,,
GER-Bundesliga,2324,Frankfurt,Hugo Ekitike,FRA,FW,21.0,2002.0,14.0,7.0,716.0,8.0,4.0,2.0,6.0,4.0,0.0,0.0,3.0,0.0,0.5,0.25,0.75,0.5,0.75,8.0,4.0,30.0,10.0,33.3,3.77,1.26,0.13,0.4,0.0,0.0,51.0,23.4,7,78.0,0,7,24.0,0,1.07,9.0,16.0,-7.0,-0.88,-1.19,0.0,12.0,12.0,6.0,10.0,2.0,7.0,,,0.0,,,,,,,,,,,,,,,
GER-Bundesliga,2324,Frankfurt,Hugo Larsson,SWE,MF,19.0,2004.0,29.0,21.0,1886.0,21.0,2.0,1.0,3.0,2.0,0.0,0.0,1.0,0.0,0.1,0.05,0.14,0.1,0.14,21.0,2.0,10.0,4.0,40.0,0.48,0.19,0.2,0.5,0.0,0.0,65.0,61.6,21,81.0,13,8,22.0,1,1.38,35.0,32.0,3.0,0.14,0.3,0.0,16.0,2.0,1.0,8.0,29.0,19.0,,,0.0,,,,,,,,,,,,,,,
GER-Bundesliga,2324,Frankfurt,Jean Mattéo Bahoya,FRA,MF,18.0,2005.0,8.0,1.0,177.0,2.0,0.0,0.0,0.0,0.0,0.0,0.0,0.0,0.0,0.0,0.0,0.0,0.0,0.0,2.0,0.0,0.0,0.0,,0.0,0.0,,,0.0,0.0,22.0,5.8,1,64.0,0,7,16.0,1,0.5,2.0,6.0,-4.0,-2.03,-2.19,0.0,1.0,1.0,1.0,5.0,1.0,1.0,,,0.0,,,,,,,,,,,,,,,
GER-Bundesliga,2324,Frankfurt,Jens Grahl,GER,GK,34.0,1988.0,2.0,2.0,180.0,2.0,0.0,1.0,1.0,0.0,0.0,0.0,0.0,0.0,0.0,0.5,0.5,0.0,0.5,2.0,0.0,0.0,0.0,,0.0,0.0,,,0.0,0.0,90.0,5.9,2,90.0,2,0,,32,2.0,4.0,2.0,2.0,1.0,1.03,0.0,0.0,0.0,0.0,0.0,0.0,0.0,,,0.0,2.0,1.0,9.0,7.0,77.8,1.0,1.0,0.0,0.0,0.0,0.0,0.0,0.0,0.0,
GER-Bundesliga,2324,Frankfurt,Jens Petter Hauge,NOR,"DF,FW",23.0,1999.0,10.0,0.0,147.0,1.6,0.0,0.0,0.0,0.0,0.0,0.0,0.0,0.0,0.0,0.0,0.0,0.0,0.0,1.6,0.0,1.0,0.0,0.0,0.61,0.0,0.0,,0.0,0.0,15.0,4.8,0,,0,10,15.0,4,1.6,5.0,2.0,3.0,1.84,1.9,0.0,1.0,2.0,1.0,2.0,0.0,1.0,,,0.0,,,,,,,,,,,,,,,
GER-Bundesliga,2324,Frankfurt,Jesper Lindstrøm,DEN,FW,23.0,2000.0,1.0,1.0,83.0,0.9,0.0,0.0,0.0,0.0,0.0,0.0,0.0,0.0,0.0,0.0,0.0,0.0,0.0,0.9,0.0,1.0,0.0,0.0,1.08,0.0,0.0,,0.0,0.0,83.0,2.7,1,83.0,0,0,,1,3.0,1.0,0.0,1.0,1.08,1.08,0.0,1.0,0.0,0.0,1.0,0.0,1.0,,,0.0,,,,,,,,,,,,,,,
GER-Bundesliga,2324,Frankfurt,Jessic Ngankam,GER,FW,23.0,2000.0,15.0,2.0,280.0,3.1,0.0,0.0,0.0,0.0,0.0,1.0,2.0,0.0,0.0,0.0,0.0,0.0,0.0,3.1,0.0,8.0,4.0,50.0,2.57,1.29,0.0,0.0,0.0,1.0,19.0,9.2,2,56.0,0,13,13.0,2,1.53,5.0,2.0,3.0,0.96,1.03,0.0,10.0,7.0,2.0,0.0,0.0,3.0,,,0.0,,,,,,,,,,,,,,,
GER-Bundesliga,2324,Frankfurt,Junior Dina Ebimbe,CMR,MF,22.0,2000.0,31.0,25.0,1956.0,21.7,5.0,3.0,8.0,5.0,0.0,0.0,5.0,0.0,0.23,0.14,0.37,0.23,0.37,21.7,5.0,52.0,17.0,32.7,2.39,0.78,0.1,0.29,0.0,0.0,63.0,63.9,25,73.0,4,6,24.0,0,1.39,31.0,28.0,3.0,0.14,0.3,0.0,49.0,15.0,3.0,22.0,10.0,26.0,,,0.0,,,,,,,,,,,,,,,
GER-Bundesliga,2324,Frankfurt,Kevin Trapp,GER,GK,33.0,1990.0,32.0,32.0,2880.0,32.0,0.0,0.0,0.0,0.0,0.0,0.0,2.0,0.0,0.0,0.0,0.0,0.0,0.0,32.0,0.0,0.0,0.0,,0.0,0.0,,,0.0,0.0,90.0,94.1,32,90.0,32,0,,0,1.34,47.0,48.0,-1.0,-0.03,-1.03,0.0,0.0,6.0,0.0,0.0,1.0,0.0,,,0.0,48.0,1.5,135.0,87.0,64.4,10.0,13.0,9.0,7.0,21.9,11.0,9.0,2.0,0.0,18.2
GER-Bundesliga,2324,Frankfurt,Kristijan Jakić,CRO,MF,26.0,1997.0,4.0,1.0,200.0,2.2,0.0,0.0,0.0,0.0,0.0,0.0,1.0,0.0,0.0,0.0,0.0,0.0,0.0,2.2,0.0,1.0,0.0,0.0,0.45,0.0,0.0,,0.0,0.0,50.0,6.5,1,69.0,0,3,44.0,2,1.75,2.0,1.0,1.0,0.45,0.45,0.0,5.0,3.0,0.0,1.0,2.0,2.0,,,0.0,,,,,,,,,,,,,,,
GER-Bundesliga,2324,Frankfurt,Makoto Hasebe,JPN,"MF,DF",39.0,1984.0,8.0,2.0,218.0,2.4,0.0,0.0,0.0,0.0,0.0,0.0,1.0,0.0,0.0,0.0,0.0,0.0,0.0,2.4,0.0,0.0,0.0,,0.0,0.0,,,0.0,0.0,27.0,7.1,2,87.0,1,6,7.0,23,1.75,3.0,7.0,-4.0,-1.65,-1.81,0.0,4.0,3.0,0.0,1.0,1.0,2.0,,,0.0,,,,,,,,,,,,,,,
GER-Bundesliga,2324,Frankfurt,Mario Götze,GER,MF,31.0,1992.0,30.0,23.0,2068.0,23.0,3.0,2.0,5.0,3.0,0.0,0.0,5.0,1.0,0.13,0.09,0.22,0.13,0.22,23.0,3.0,13.0,7.0,53.8,0.57,0.3,0.23,0.43,0.0,0.0,69.0,67.6,23,82.0,7,7,25.0,1,1.33,32.0,30.0,2.0,0.09,0.18,1.0,14.0,35.0,1.0,54.0,15.0,35.0,,,0.0,,,,,,,,,,,,,,,
GER-Bundesliga,2324,Frankfurt,Marko Mladenović,SRB,MF,18.0,2005.0,1.0,0.0,6.0,0.1,0.0,0.0,0.0,0.0,0.0,0.0,0.0,0.0,0.0,0.0,0.0,0.0,0.0,0.1,0.0,0.0,0.0,,0.0,0.0,,,0.0,0.0,6.0,0.2,0,,0,1,6.0,0,0.0,0.0,0.0,0.0,0.0,-0.03,0.0,0.0,0.0,0.0,0.0,0.0,0.0,,,0.0,,,,,,,,,,,,,,,
GER-Bundesliga,2324,Frankfurt,Nacho Ferri,ESP,FW,18.0,2004.0,8.0,0.0,74.0,0.8,1.0,0.0,1.0,1.0,0.0,0.0,0.0,0.0,1.22,0.0,1.22,1.22,1.22,0.8,1.0,5.0,2.0,40.0,6.08,2.43,0.2,0.5,0.0,0.0,9.0,2.4,0,,0,8,9.0,4,1.63,3.0,1.0,2.0,2.43,2.46,0.0,2.0,2.0,0.0,0.0,0.0,3.0,,,0.0,,,,,,,,,,,,,,,
GER-Bundesliga,2324,Frankfurt,Niels Nkounkou,FRA,"MF,DF",22.0,2000.0,29.0,13.0,1309.0,14.5,3.0,2.0,5.0,3.0,0.0,0.0,5.0,1.0,0.21,0.14,0.34,0.21,0.34,14.5,3.0,22.0,7.0,31.8,1.51,0.48,0.14,0.43,0.0,0.0,45.0,42.8,13,77.0,6,16,20.0,2,1.24,20.0,18.0,2.0,0.14,0.19,1.0,27.0,2.0,0.0,53.0,16.0,31.0,,,0.0,,,,,,,,,,,,,,,
GER-Bundesliga,2324,Frankfurt,Nnamdi Collins,GER,DF,19.0,2004.0,2.0,1.0,90.0,1.0,0.0,0.0,0.0,0.0,0.0,0.0,0.0,0.0,0.0,0.0,0.0,0.0,0.0,1.0,0.0,0.0,0.0,,0.0,0.0,,,0.0,0.0,45.0,2.9,1,64.0,0,1,26.0,3,0.5,0.0,1.0,-1.0,-1.0,-1.06,0.0,0.0,1.0,0.0,2.0,2.0,0.0,,,0.0,,,,,,,,,,,,,,,
GER-Bundesliga,2324,Frankfurt,Omar Marmoush,EGY,"FW,MF",24.0,1999.0,29.0,27.0,2301.0,25.6,12.0,6.0,18.0,10.0,2.0,2.0,7.0,0.0,0.47,0.23,0.7,0.39,0.63,25.6,12.0,78.0,33.0,42.3,3.05,1.29,0.15,0.36,2.0,2.0,79.0,75.2,27,83.0,15,2,26.0,0,1.38,43.0,41.0,2.0,0.08,0.2,0.0,28.0,74.0,12.0,32.0,11.0,10.0,,,0.0,,,,,,,,,,,,,,,
GER-Bundesliga,2324,Frankfurt,Paxten Aaronson,USA,MF,19.0,2003.0,7.0,1.0,101.0,1.1,0.0,1.0,1.0,0.0,0.0,0.0,0.0,0.0,0.0,0.89,0.89,0.0,0.89,1.1,0.0,2.0,2.0,100.0,1.78,1.78,0.0,0.0,0.0,0.0,14.0,3.3,1,45.0,0,6,9.0,7,0.86,2.0,2.0,0.0,0.0,-0.03,0.0,6.0,4.0,0.0,0.0,0.0,2.0,,,0.0,,,,,,,,,,,,,,,
GER-Bundesliga,2324,Frankfurt,Philipp Max,GER,"MF,DF",29.0,1993.0,23.0,17.0,1350.0,15.0,1.0,2.0,3.0,1.0,0.0,0.0,2.0,0.0,0.07,0.13,0.2,0.07,0.2,15.0,1.0,8.0,2.0,25.0,0.53,0.13,0.13,0.5,0.0,0.0,59.0,44.1,17,73.0,3,6,18.0,11,1.52,22.0,22.0,0.0,0.0,-0.05,0.0,7.0,9.0,2.0,61.0,7.0,19.0,,,0.0,,,,,,,,,,,,,,,
GER-Bundesliga,2324,Frankfurt,Randal Kolo Muani,FRA,FW,24.0,1998.0,2.0,2.0,153.0,1.7,1.0,0.0,1.0,1.0,0.0,0.0,0.0,0.0,0.59,0.0,0.59,0.59,0.59,1.7,1.0,5.0,1.0,20.0,2.94,0.59,0.2,1.0,0.0,0.0,77.0,5.0,2,77.0,0,0,,0,2.0,1.0,1.0,0.0,0.0,-0.03,0.0,4.0,5.0,0.0,0.0,0.0,0.0,,,0.0,,,,,,,,,,,,,,,
GER-Bundesliga,2324,Frankfurt,Robin Koch,GER,DF,27.0,1996.0,31.0,31.0,2738.0,30.4,2.0,0.0,2.0,2.0,0.0,0.0,10.0,0.0,0.07,0.0,0.07,0.07,0.07,30.4,2.0,24.0,5.0,20.8,0.79,0.16,0.08,0.4,0.0,0.0,88.0,89.5,31,88.0,29,0,,0,1.45,45.0,43.0,2.0,0.07,0.35,0.0,20.0,13.0,0.0,5.0,31.0,21.0,,,0.0,,,,,,,,,,,,,,,
GER-Bundesliga,2324,Frankfurt,Saša Kalajdžić,AUT,FW,26.0,1997.0,5.0,5.0,325.0,3.6,0.0,1.0,1.0,0.0,0.0,0.0,0.0,0.0,0.0,0.28,0.28,0.0,0.28,3.6,0.0,2.0,1.0,50.0,0.55,0.28,0.0,0.0,0.0,0.0,65.0,10.6,5,65.0,1,0,,0,1.6,4.0,2.0,2.0,0.55,0.59,0.0,3.0,10.0,1.0,1.0,2.0,2.0,,,0.0,,,,,,,,,,,,,,,
GER-Bundesliga,2324,Frankfurt,Sebastian Rode,GER,MF,32.0,1990.0,8.0,1.0,61.0,0.7,0.0,0.0,0.0,0.0,0.0,0.0,0.0,0.0,0.0,0.0,0.0,0.0,0.0,0.7,0.0,0.0,0.0,,0.0,0.0,,,0.0,0.0,8.0,2.0,1,5.0,0,7,8.0,0,1.38,1.0,3.0,-2.0,-2.95,-3.04,0.0,0.0,1.0,0.0,1.0,1.0,4.0,,,0.0,,,,,,,,,,,,,,,
GER-Bundesliga,2324,Frankfurt,Timothy Chandler,USA,"DF,MF",33.0,1990.0,6.0,0.0,18.0,0.2,0.0,1.0,1.0,0.0,0.0,0.0,0.0,0.0,0.0,5.0,5.0,0.0,5.0,0.2,0.0,2.0,1.0,50.0,10.0,5.0,0.0,0.0,0.0,0.0,3.0,0.6,0,,0,6,3.0,12,1.0,1.0,1.0,0.0,0.0,-0.03,0.0,0.0,0.0,0.0,4.0,0.0,0.0,,,0.0,,,,,,,,,,,,,,,
GER-Bundesliga,2324,Frankfurt,Tuta,BRA,"DF,MF",24.0,1999.0,30.0,30.0,2600.0,28.9,1.0,2.0,3.0,1.0,0.0,0.0,3.0,2.0,0.03,0.07,0.1,0.03,0.1,28.9,1.0,18.0,7.0,38.9,0.62,0.24,0.06,0.14,0.0,0.0,87.0,85.0,30,87.0,22,0,,1,1.4,43.0,42.0,1.0,0.03,0.03,1.0,28.0,16.0,0.0,11.0,34.0,34.0,,,0.0,,,,,,,,,,,,,,,
GER-Bundesliga,2324,Frankfurt,Willian Pacho,ECU,DF,21.0,2001.0,33.0,33.0,2970.0,33.0,0.0,3.0,3.0,0.0,0.0,0.0,7.0,0.0,0.0,0.09,0.09,0.0,0.09,33.0,0.0,10.0,2.0,20.0,0.3,0.06,0.0,0.0,0.0,0.0,90.0,97.1,33,90.0,33,0,,0,1.42,51.0,48.0,3.0,0.09,2.09,0.0,22.0,14.0,1.0,7.0,44.0,38.0,,,0.0,,,,,,,,,,,,,,,
GER-Bundesliga,2324,Freiburg,Attila Szalai,HUN,"DF,MF",25.0,1998.0,3.0,0.0,103.0,1.1,0.0,0.0,0.0,0.0,0.0,0.0,0.0,0.0,0.0,0.0,0.0,0.0,0.0,1.1,0.0,0.0,0.0,,0.0,0.0,,,0.0,0.0,34.0,3.4,0,,0,3,34.0,12,1.0,0.0,3.0,-3.0,-2.62,-2.32,0.0,0.0,0.0,1.0,0.0,1.0,1.0,,,0.0,,,,,,,,,,,,,,,
GER-Bundesliga,2324,Freiburg,Christian Günter,GER,"MF,DF",30.0,1993.0,15.0,13.0,1060.0,11.8,1.0,2.0,3.0,1.0,0.0,0.0,1.0,0.0,0.08,0.17,0.25,0.08,0.25,11.8,1.0,6.0,2.0,33.3,0.51,0.17,0.17,0.5,0.0,0.0,71.0,34.6,13,79.0,4,2,15.0,1,1.07,17.0,17.0,0.0,0.0,0.59,0.0,8.0,3.0,1.0,63.0,2.0,12.0,,,0.0,,,,,,,,,,,,,,,
GER-Bundesliga,2324,Freiburg,Fabian Rüdlin,GER,MF,26.0,1997.0,1.0,0.0,7.0,0.1,0.0,0.0,0.0,0.0,0.0,0.0,0.0,0.0,0.0,0.0,0.0,0.0,0.0,0.1,0.0,0.0,0.0,,0.0,0.0,,,0.0,0.0,7.0,0.2,0,,0,1,7.0,7,0.0,0.0,1.0,-1.0,-12.86,-12.5,0.0,0.0,0.0,0.0,0.0,0.0,0.0,,,0.0,,,,,,,,,,,,,,,
GER-Bundesliga,2324,Freiburg,Florent Muslija,KVX,"FW,MF",25.0,1998.0,10.0,0.0,105.0,1.2,0.0,0.0,0.0,0.0,0.0,0.0,0.0,0.0,0.0,0.0,0.0,0.0,0.0,1.2,0.0,2.0,1.0,50.0,1.71,0.86,0.0,0.0,0.0,0.0,11.0,3.4,0,,0,10,11.0,6,1.1,3.0,2.0,1.0,0.86,1.28,0.0,1.0,2.0,0.0,9.0,0.0,4.0,,,0.0,,,,,,,,,,,,,,,
GER-Bundesliga,2324,Freiburg,Jordy Makengo,FRA,"DF,MF",21.0,2001.0,20.0,10.0,1026.0,11.4,0.0,0.0,0.0,0.0,0.0,0.0,1.0,0.0,0.0,0.0,0.0,0.0,0.0,11.4,0.0,3.0,0.0,0.0,0.26,0.0,0.0,,0.0,0.0,51.0,33.5,10,82.0,5,10,21.0,7,1.25,13.0,17.0,-4.0,-0.35,0.05,0.0,14.0,11.0,1.0,24.0,11.0,11.0,,,0.0,,,,,,,,,,,,,,,
GER-Bundesliga,2324,Freiburg,Junior Adamu,AUT,FW,22.0,2001.0,15.0,0.0,105.0,1.2,0.0,0.0,0.0,0.0,0.0,0.0,0.0,0.0,0.0,0.0,0.0,0.0,0.0,1.2,0.0,2.0,1.0,50.0,1.71,0.86,0.0,0.0,0.0,0.0,7.0,3.4,0,,0,15,7.0,13,1.47,0.0,4.0,-4.0,-3.43,-3.15,0.0,7.0,4.0,2.0,1.0,0.0,1.0,,,0.0,,,,,,,,,,,,,,,
GER-Bundesliga,2324,Freiburg,Kenneth Schmidt,GER,DF,21.0,2002.0,5.0,0.0,68.0,0.8,0.0,0.0,0.0,0.0,0.0,0.0,0.0,0.0,0.0,0.0,0.0,0.0,0.0,0.8,0.0,1.0,0.0,0.0,1.32,0.0,0.0,,0.0,0.0,14.0,2.2,0,,0,5,14.0,7,0.8,1.0,4.0,-3.0,-3.97,-3.67,0.0,1.0,0.0,0.0,2.0,1.0,2.0,,,0.0,,,,,,,,,,,,,,,
GER-Bundesliga,2324,Freiburg,Kiliann Sildillia,FRA,DF,21.0,2002.0,27.0,20.0,1806.0,20.1,0.0,1.0,1.0,0.0,0.0,0.0,2.0,1.0,0.0,0.05,0.05,0.0,0.05,20.1,0.0,7.0,1.0,14.3,0.35,0.05,0.0,0.0,0.0,0.0,67.0,59.0,20,86.0,17,7,13.0,4,1.33,26.0,33.0,-7.0,-0.35,0.08,0.0,28.0,10.0,4.0,37.0,23.0,20.0,,,0.0,,,,,,,,,,,,,,,
GER-Bundesliga,2324,Freiburg,Lucas Höler,GER,"FW,MF",29.0,1994.0,33.0,26.0,2305.0,25.6,7.0,2.0,9.0,6.0,1.0,2.0,7.0,0.0,0.27,0.08,0.35,0.23,0.31,25.6,7.0,34.0,18.0,52.9,1.33,0.7,0.21,0.39,1.0,2.0,70.0,75.3,26,83.0,10,7,21.0,0,1.18,31.0,50.0,-19.0,-0.74,-1.46,0.0,25.0,48.0,7.0,13.0,14.0,24.0,,,0.0,,,,,,,,,,,,,,,
GER-Bundesliga,2324,Freiburg,Lukas Kübler,GER,DF,30.0,1992.0,26.0,22.0,1847.0,20.5,1.0,0.0,1.0,1.0,0.0,0.0,7.0,0.0,0.05,0.0,0.05,0.05,0.05,20.5,1.0,8.0,3.0,37.5,0.39,0.15,0.13,0.33,0.0,0.0,71.0,60.4,22,81.0,14,4,14.0,3,1.27,25.0,37.0,-12.0,-0.58,-0.51,0.0,19.0,25.0,3.0,21.0,38.0,24.0,,,0.0,,,,,,,,,,,,,,,
GER-Bundesliga,2324,Freiburg,Manuel Gulde,GER,DF,32.0,1991.0,27.0,23.0,2047.0,22.7,1.0,0.0,1.0,1.0,0.0,0.0,5.0,1.0,0.04,0.0,0.04,0.04,0.04,22.7,1.0,12.0,1.0,8.3,0.53,0.04,0.08,1.0,0.0,0.0,76.0,66.9,23,85.0,18,4,25.0,5,1.26,33.0,40.0,-7.0,-0.31,0.23,1.0,17.0,15.0,1.0,3.0,22.0,27.0,,,0.0,,,,,,,,,,,,,,,
GER-Bundesliga,2324,Freiburg,Matthias Ginter,GER,DF,29.0,1994.0,23.0,22.0,1913.0,21.3,0.0,2.0,2.0,0.0,0.0,0.0,3.0,0.0,0.0,0.09,0.09,0.0,0.09,21.3,0.0,7.0,4.0,57.1,0.33,0.19,0.0,0.0,0.0,0.0,83.0,62.5,22,85.0,18,1,54.0,0,1.39,30.0,39.0,-9.0,-0.42,-0.11,0.0,8.0,15.0,0.0,16.0,17.0,16.0,,,1.0,,,,,,,,,,,,,,,
GER-Bundesliga,2324,Freiburg,Maximilian Breunig,GER,FW,22.0,2000.0,2.0,0.0,9.0,0.1,0.0,0.0,0.0,0.0,0.0,0.0,0.0,0.0,0.0,0.0,0.0,0.0,0.0,0.1,0.0,0.0,0.0,,0.0,0.0,,,0.0,0.0,5.0,0.3,0,,0,2,5.0,6,1.5,0.0,1.0,-1.0,-10.0,-9.65,0.0,1.0,0.0,0.0,0.0,0.0,0.0,,,0.0,,,,,,,,,,,,,,,
GER-Bundesliga,2324,Freiburg,Maximilian Eggestein,GER,MF,26.0,1996.0,33.0,33.0,2914.0,32.4,1.0,2.0,3.0,1.0,0.0,0.0,6.0,0.0,0.03,0.06,0.09,0.03,0.09,32.4,1.0,39.0,8.0,20.5,1.2,0.25,0.03,0.13,0.0,0.0,88.0,95.2,33,88.0,28,0,,0,1.27,41.0,53.0,-12.0,-0.37,0.25,0.0,32.0,23.0,2.0,9.0,29.0,22.0,,,0.0,,,,,,,,,,,,,,,
GER-Bundesliga,2324,Freiburg,Maximilian Philipp,GER,FW,29.0,1994.0,17.0,1.0,323.0,3.6,1.0,0.0,1.0,1.0,0.0,0.0,2.0,0.0,0.28,0.0,0.28,0.28,0.28,3.6,1.0,9.0,3.0,33.3,2.51,0.84,0.11,0.33,0.0,0.0,19.0,10.6,1,72.0,0,16,16.0,7,0.88,7.0,7.0,0.0,0.0,0.43,0.0,10.0,3.0,0.0,4.0,1.0,5.0,,,0.0,,,,,,,,,,,,,,,
GER-Bundesliga,2324,Freiburg,Merlin Röhl,GER,"MF,FW",21.0,2002.0,24.0,17.0,1477.0,16.4,2.0,4.0,6.0,2.0,0.0,0.0,3.0,1.0,0.12,0.24,0.37,0.12,0.37,16.4,2.0,24.0,8.0,33.3,1.46,0.49,0.08,0.25,0.0,0.0,62.0,48.3,17,74.0,3,7,31.0,3,1.29,21.0,29.0,-8.0,-0.49,-0.2,0.0,35.0,28.0,2.0,16.0,9.0,13.0,,,0.0,,,,,,,,,,,,,,,
GER-Bundesliga,2324,Freiburg,Michael Gregoritsch,AUT,FW,29.0,1994.0,32.0,19.0,1682.0,18.7,7.0,4.0,11.0,7.0,0.0,0.0,2.0,0.0,0.37,0.21,0.59,0.37,0.59,18.7,7.0,72.0,31.0,43.1,3.85,1.66,0.1,0.23,0.0,0.0,53.0,55.0,19,75.0,6,13,20.0,0,1.28,29.0,25.0,4.0,0.21,1.32,0.0,17.0,19.0,6.0,11.0,8.0,12.0,,,0.0,,,,,,,,,,,,,,,
GER-Bundesliga,2324,Freiburg,Nicolas Höfler,GER,MF,33.0,1990.0,28.0,26.0,2330.0,25.9,1.0,1.0,2.0,1.0,0.0,0.0,10.0,1.0,0.04,0.04,0.08,0.04,0.08,25.9,1.0,16.0,1.0,6.3,0.62,0.04,0.06,1.0,0.0,0.0,83.0,76.1,26,89.0,22,2,13.0,0,1.18,37.0,46.0,-9.0,-0.35,0.15,0.0,29.0,31.0,0.0,2.0,32.0,37.0,,,0.0,,,,,,,,,,,,,,,
GER-Bundesliga,2324,Freiburg,Noah Atubolu,GER,GK,21.0,2002.0,34.0,34.0,3060.0,34.0,0.0,0.0,0.0,0.0,0.0,0.0,0.0,0.0,0.0,0.0,0.0,0.0,0.0,34.0,0.0,0.0,0.0,,0.0,0.0,,,0.0,0.0,90.0,100.0,34,90.0,34,0,,0,1.24,45.0,58.0,-13.0,-0.38,,0.0,0.0,3.0,0.0,0.0,0.0,0.0,,,0.0,58.0,1.71,159.0,101.0,63.5,11.0,9.0,14.0,9.0,26.5,5.0,3.0,2.0,0.0,40.0
GER-Bundesliga,2324,Freiburg,Noah Weißhaupt,GER,MF,21.0,2001.0,24.0,6.0,759.0,8.4,1.0,2.0,3.0,1.0,0.0,0.0,1.0,0.0,0.12,0.24,0.36,0.12,0.36,8.4,1.0,4.0,1.0,25.0,0.47,0.12,0.25,1.0,0.0,0.0,32.0,24.8,6,82.0,3,18,15.0,3,1.04,13.0,15.0,-2.0,-0.24,0.19,0.0,8.0,31.0,2.0,50.0,6.0,4.0,,,0.0,,,,,,,,,,,,,,,
GER-Bundesliga,2324,Freiburg,Philipp Lienhart,AUT,DF,27.0,1996.0,15.0,14.0,1265.0,14.1,1.0,0.0,1.0,1.0,0.0,0.0,3.0,0.0,0.07,0.0,0.07,0.07,0.07,14.1,1.0,7.0,3.0,42.9,0.5,0.21,0.14,0.33,0.0,0.0,84.0,41.3,14,88.0,13,1,29.0,1,1.4,17.0,23.0,-6.0,-0.43,-0.08,0.0,12.0,6.0,1.0,4.0,15.0,13.0,,,0.0,,,,,,,,,,,,,,,
GER-Bundesliga,2324,Freiburg,Ritsu Doan,JPN,MF,25.0,1998.0,30.0,26.0,2246.0,25.0,7.0,2.0,9.0,7.0,0.0,0.0,2.0,0.0,0.28,0.08,0.36,0.28,0.36,25.0,7.0,37.0,19.0,51.4,1.48,0.76,0.19,0.37,0.0,0.0,75.0,73.4,26,83.0,13,4,24.0,0,1.27,32.0,39.0,-7.0,-0.28,0.38,0.0,26.0,35.0,2.0,61.0,8.0,25.0,,,0.0,,,,,,,,,,,,,,,
GER-Bundesliga,2324,Freiburg,Roland Sallai,HUN,"MF,FW",26.0,1997.0,27.0,22.0,1840.0,20.4,3.0,2.0,5.0,3.0,0.0,1.0,6.0,0.0,0.15,0.1,0.24,0.15,0.24,20.4,3.0,56.0,19.0,33.9,2.74,0.93,0.05,0.16,0.0,1.0,68.0,60.1,22,79.0,5,5,21.0,0,1.33,26.0,35.0,-9.0,-0.44,-0.15,0.0,41.0,42.0,11.0,75.0,5.0,11.0,,,0.0,,,,,,,,,,,,,,,
GER-Bundesliga,2324,Freiburg,Vincenzo Grifo,ITA,MF,30.0,1993.0,32.0,29.0,2325.0,25.8,8.0,8.0,16.0,2.0,6.0,6.0,3.0,0.0,0.31,0.31,0.62,0.08,0.39,25.8,8.0,49.0,19.0,38.8,1.9,0.74,0.16,0.42,6.0,6.0,73.0,76.0,29,76.0,6,3,41.0,2,1.22,32.0,42.0,-10.0,-0.39,-0.02,0.0,13.0,16.0,6.0,172.0,15.0,19.0,,,0.0,,,,,,,,,,,,,,,
GER-Bundesliga,2324,Freiburg,Yannik Keitel,GER,"DF,MF",23.0,2000.0,15.0,11.0,920.0,10.2,1.0,0.0,1.0,1.0,0.0,0.0,0.0,0.0,0.1,0.0,0.1,0.1,0.1,10.2,1.0,6.0,2.0,33.3,0.59,0.2,0.17,0.5,0.0,0.0,61.0,30.1,11,80.0,7,4,9.0,10,1.53,13.0,13.0,0.0,0.0,0.55,0.0,12.0,6.0,0.0,2.0,11.0,17.0,,,0.0,,,,,,,,,,,,,,,
GER-Bundesliga,2324,Gladbach,Alassane Pléa,FRA,"FW,MF",30.0,1993.0,27.0,24.0,1913.0,21.3,7.0,4.0,11.0,6.0,1.0,1.0,1.0,0.0,0.33,0.19,0.52,0.28,0.47,21.3,7.0,58.0,19.0,32.8,2.73,0.89,0.12,0.37,1.0,1.0,71.0,62.5,24,75.0,5,3,34.0,0,1.0,37.0,41.0,-4.0,-0.19,0.36,0.0,15.0,29.0,6.0,43.0,2.0,6.0,,,0.0,,,,,,,,,,,,,,,
GER-Bundesliga,2324,Gladbach,Christoph Kramer,GER,MF,32.0,1991.0,14.0,1.0,249.0,2.8,0.0,0.0,0.0,0.0,0.0,0.0,4.0,0.0,0.0,0.0,0.0,0.0,0.0,2.8,0.0,1.0,0.0,0.0,0.36,0.0,0.0,,0.0,0.0,18.0,8.1,1,58.0,0,13,15.0,6,1.47,3.0,10.0,-7.0,-2.53,-2.4,0.0,6.0,3.0,0.0,3.0,4.0,6.0,,,0.0,,,,,,,,,,,,,,,
GER-Bundesliga,2324,Gladbach,Fabio Chiarodia,ITA,DF,18.0,2005.0,7.0,1.0,152.0,1.7,0.0,0.0,0.0,0.0,0.0,0.0,0.0,0.0,0.0,0.0,0.0,0.0,0.0,1.7,0.0,0.0,0.0,,0.0,0.0,,,0.0,0.0,22.0,5.0,1,79.0,0,6,12.0,17,1.57,2.0,5.0,-3.0,-1.78,-1.53,0.0,1.0,0.0,0.0,1.0,3.0,5.0,,,0.0,,,,,,,,,,,,,,,
GER-Bundesliga,2324,Gladbach,Florian Neuhaus,GER,MF,26.0,1997.0,25.0,15.0,1224.0,13.6,4.0,2.0,6.0,3.0,1.0,1.0,4.0,0.0,0.29,0.15,0.44,0.22,0.37,13.6,4.0,38.0,16.0,42.1,2.79,1.18,0.11,0.25,1.0,1.0,49.0,40.0,15,71.0,2,10,16.0,7,1.04,22.0,24.0,-2.0,-0.15,0.29,0.0,9.0,18.0,0.0,10.0,13.0,12.0,,,0.0,,,,,,,,,,,,,,,
GER-Bundesliga,2324,Gladbach,Franck Honorat,FRA,"MF,FW",26.0,1996.0,32.0,28.0,2345.0,26.1,3.0,9.0,12.0,3.0,0.0,0.0,1.0,0.0,0.12,0.35,0.46,0.12,0.46,26.1,3.0,28.0,10.0,35.7,1.07,0.38,0.11,0.3,0.0,0.0,73.0,76.6,28,81.0,10,4,16.0,0,1.06,48.0,50.0,-2.0,-0.08,1.06,0.0,9.0,15.0,6.0,237.0,8.0,14.0,,,0.0,,,,,,,,,,,,,,,
GER-Bundesliga,2324,Gladbach,Grant Ranos,ARM,FW,20.0,2003.0,9.0,0.0,49.0,0.5,0.0,0.0,0.0,0.0,0.0,0.0,0.0,0.0,0.0,0.0,0.0,0.0,0.0,0.5,0.0,3.0,0.0,0.0,5.51,0.0,0.0,,0.0,0.0,5.0,1.6,0,,0,9,5.0,11,1.0,1.0,0.0,1.0,1.84,2.2,0.0,0.0,0.0,1.0,1.0,0.0,0.0,,,0.0,,,,,,,,,,,,,,,
GER-Bundesliga,2324,Gladbach,Joe Scally,USA,"DF,MF",20.0,2002.0,31.0,25.0,2236.0,24.8,1.0,4.0,5.0,1.0,0.0,0.0,4.0,0.0,0.04,0.16,0.2,0.04,0.2,24.8,1.0,11.0,1.0,9.1,0.44,0.04,0.09,1.0,0.0,0.0,72.0,73.1,25,85.0,19,6,20.0,3,1.06,42.0,50.0,-8.0,-0.32,0.01,0.0,16.0,46.0,1.0,46.0,19.0,26.0,,,0.0,,,,,,,,,,,,,,,
GER-Bundesliga,2324,Gladbach,Jonas Omlin,SUI,GK,29.0,1994.0,7.0,7.0,630.0,7.0,0.0,1.0,1.0,0.0,0.0,0.0,1.0,0.0,0.0,0.14,0.14,0.0,0.14,7.0,0.0,0.0,0.0,,0.0,0.0,,,0.0,0.0,90.0,20.6,7,90.0,7,0,,1,0.71,9.0,18.0,-9.0,-1.29,-1.21,0.0,0.0,2.0,0.0,0.0,0.0,0.0,,,0.0,18.0,2.57,47.0,29.0,61.7,1.0,2.0,4.0,0.0,0.0,2.0,2.0,0.0,0.0,0.0
GER-Bundesliga,2324,Gladbach,Jordan Pefok,USA,FW,27.0,1996.0,25.0,18.0,1420.0,15.8,5.0,3.0,8.0,5.0,0.0,0.0,2.0,0.0,0.32,0.19,0.51,0.32,0.51,15.8,5.0,36.0,10.0,27.8,2.28,0.63,0.14,0.5,0.0,0.0,57.0,46.4,18,74.0,6,7,14.0,1,1.0,27.0,31.0,-4.0,-0.25,0.13,0.0,36.0,30.0,7.0,0.0,4.0,4.0,,,0.0,,,,,,,,,,,,,,,
GER-Bundesliga,2324,Gladbach,Julian Weigl,GER,MF,27.0,1995.0,31.0,31.0,2764.0,30.7,2.0,3.0,5.0,0.0,2.0,2.0,10.0,0.0,0.07,0.1,0.16,0.0,0.1,30.7,2.0,19.0,6.0,31.6,0.62,0.2,0.11,0.33,2.0,2.0,89.0,90.3,31,89.0,29,0,,0,0.97,53.0,63.0,-10.0,-0.33,-0.02,0.0,33.0,30.0,0.0,3.0,47.0,41.0,,,0.0,,,,,,,,,,,,,,,
GER-Bundesliga,2324,Gladbach,Ko Itakura,JPN,"DF,MF",26.0,1997.0,20.0,18.0,1596.0,17.7,3.0,0.0,3.0,3.0,0.0,0.0,9.0,0.0,0.17,0.0,0.17,0.17,0.17,17.7,3.0,21.0,7.0,33.3,1.18,0.39,0.14,0.43,0.0,0.0,80.0,52.2,18,87.0,13,2,20.0,0,0.8,23.0,35.0,-12.0,-0.68,-0.74,0.0,28.0,4.0,0.0,5.0,23.0,20.0,,,0.0,,,,,,,,,,,,,,,
GER-Bundesliga,2324,Gladbach,Luca Netz,GER,"MF,DF",20.0,2003.0,30.0,25.0,2225.0,24.7,0.0,4.0,4.0,0.0,0.0,0.0,2.0,0.0,0.0,0.16,0.16,0.0,0.16,24.7,0.0,17.0,5.0,29.4,0.69,0.2,0.0,0.0,0.0,0.0,74.0,72.7,25,82.0,14,5,33.0,1,1.0,40.0,42.0,-2.0,-0.08,0.89,0.0,26.0,16.0,1.0,74.0,18.0,25.0,,,0.0,,,,,,,,,,,,,,,
GER-Bundesliga,2324,Gladbach,Lukas Ullrich,GER,DF,19.0,2004.0,4.0,0.0,47.0,0.5,0.0,0.0,0.0,0.0,0.0,0.0,0.0,0.0,0.0,0.0,0.0,0.0,0.0,0.5,0.0,0.0,0.0,,0.0,0.0,,,0.0,0.0,12.0,1.5,0,,0,4,12.0,2,0.0,0.0,3.0,-3.0,-5.74,-5.51,0.0,0.0,1.0,0.0,5.0,0.0,0.0,,,0.0,,,,,,,,,,,,,,,
GER-Bundesliga,2324,Gladbach,Manu Koné,FRA,MF,22.0,2001.0,22.0,18.0,1561.0,17.3,1.0,0.0,1.0,1.0,0.0,0.0,4.0,1.0,0.06,0.0,0.06,0.06,0.06,17.3,1.0,24.0,8.0,33.3,1.38,0.46,0.04,0.13,0.0,0.0,71.0,51.0,18,83.0,7,4,19.0,1,1.0,25.0,30.0,-5.0,-0.29,0.07,0.0,28.0,36.0,3.0,3.0,14.0,26.0,,,0.0,,,,,,,,,,,,,,,
GER-Bundesliga,2324,Gladbach,Marvin Friedrich,GER,DF,27.0,1995.0,24.0,17.0,1566.0,17.4,0.0,0.0,0.0,0.0,0.0,0.0,1.0,0.0,0.0,0.0,0.0,0.0,0.0,17.4,0.0,12.0,2.0,16.7,0.69,0.11,0.0,0.0,0.0,0.0,65.0,51.2,17,85.0,14,7,17.0,9,0.96,23.0,39.0,-16.0,-0.92,-1.22,0.0,10.0,10.0,0.0,2.0,19.0,15.0,,,0.0,,,,,,,,,,,,,,,
GER-Bundesliga,2324,Gladbach,Maximilian Wöber,AUT,DF,25.0,1998.0,25.0,24.0,2066.0,23.0,2.0,3.0,5.0,2.0,0.0,0.0,4.0,1.0,0.09,0.13,0.22,0.09,0.22,23.0,2.0,19.0,3.0,15.8,0.83,0.13,0.11,0.67,0.0,0.0,83.0,67.5,24,85.0,17,1,21.0,0,0.96,45.0,46.0,-1.0,-0.04,0.86,1.0,27.0,3.0,5.0,21.0,34.0,32.0,,,0.0,,,,,,,,,,,,,,,
GER-Bundesliga,2324,Gladbach,Moritz Nicolas,GER,GK,25.0,1997.0,27.0,27.0,2430.0,27.0,0.0,0.0,0.0,0.0,0.0,0.0,2.0,0.0,0.0,0.0,0.0,0.0,0.0,27.0,0.0,0.0,0.0,,0.0,0.0,,,0.0,0.0,90.0,79.4,27,90.0,27,0,,7,1.07,47.0,49.0,-2.0,-0.07,1.21,0.0,1.0,2.0,0.0,0.0,0.0,0.0,,,0.0,49.0,1.81,159.0,113.0,69.2,6.0,11.0,10.0,4.0,14.8,4.0,4.0,0.0,0.0,0.0
GER-Bundesliga,2324,Gladbach,Nathan N'Goumou,CMR,"MF,FW",23.0,2000.0,32.0,14.0,1385.0,15.4,5.0,2.0,7.0,5.0,0.0,0.0,1.0,0.0,0.32,0.13,0.45,0.32,0.45,15.4,5.0,30.0,12.0,40.0,1.95,0.78,0.17,0.42,0.0,0.0,43.0,45.3,14,70.0,0,18,23.0,2,0.94,27.0,31.0,-4.0,-0.26,0.12,0.0,13.0,17.0,6.0,29.0,5.0,23.0,,,0.0,,,,,,,,,,,,,,,
GER-Bundesliga,2324,Gladbach,Nico Elvedi,SUI,DF,26.0,1996.0,30.0,28.0,2482.0,27.6,2.0,1.0,3.0,2.0,0.0,0.0,5.0,0.0,0.07,0.04,0.11,0.07,0.11,27.6,2.0,18.0,7.0,38.9,0.65,0.25,0.11,0.29,0.0,0.0,83.0,81.1,28,87.0,24,2,27.0,1,1.0,44.0,48.0,-4.0,-0.15,0.94,0.0,13.0,17.0,1.0,2.0,41.0,21.0,,,0.0,,,,,,,,,,,,,,,
GER-Bundesliga,2324,Gladbach,Patrick Herrmann,GER,"FW,MF",32.0,1991.0,8.0,0.0,86.0,1.0,0.0,0.0,0.0,0.0,0.0,0.0,1.0,0.0,0.0,0.0,0.0,0.0,0.0,1.0,0.0,4.0,0.0,0.0,4.19,0.0,0.0,,0.0,0.0,11.0,2.8,0,,0,8,11.0,21,1.38,2.0,2.0,0.0,0.0,0.33,0.0,3.0,2.0,0.0,5.0,1.0,4.0,,,0.0,,,,,,,,,,,,,,,
GER-Bundesliga,2324,Gladbach,Robin Hack,GER,"FW,MF",24.0,1998.0,29.0,14.0,1348.0,15.0,10.0,2.0,12.0,10.0,0.0,0.0,2.0,0.0,0.67,0.13,0.8,0.67,0.8,15.0,10.0,43.0,22.0,51.2,2.87,1.47,0.23,0.45,0.0,0.0,46.0,44.1,14,75.0,3,15,20.0,3,0.97,22.0,26.0,-4.0,-0.27,0.1,0.0,17.0,22.0,9.0,44.0,14.0,9.0,,,0.0,,,,,,,,,,,,,,,
GER-Bundesliga,2324,Gladbach,Rocco Reitz,GER,MF,21.0,2002.0,34.0,24.0,2136.0,23.7,6.0,3.0,9.0,6.0,0.0,0.0,2.0,0.0,0.25,0.13,0.38,0.25,0.38,23.7,6.0,34.0,14.0,41.2,1.43,0.59,0.18,0.43,0.0,0.0,63.0,69.8,24,80.0,7,10,21.0,0,1.0,39.0,45.0,-6.0,-0.25,0.23,0.0,25.0,45.0,2.0,13.0,40.0,37.0,,,0.0,,,,,,,,,,,,,,,
GER-Bundesliga,2324,Gladbach,Shiō Fukuda,JPN,FW,19.0,2004.0,5.0,0.0,36.0,0.4,0.0,0.0,0.0,0.0,0.0,0.0,0.0,0.0,0.0,0.0,0.0,0.0,0.0,0.4,0.0,2.0,0.0,0.0,5.0,0.0,0.0,,0.0,0.0,7.0,1.2,0,,0,5,7.0,1,0.2,0.0,2.0,-2.0,-5.0,-4.73,0.0,1.0,0.0,0.0,0.0,1.0,0.0,,,0.0,,,,,,,,,,,,,,,
GER-Bundesliga,2324,Gladbach,Stefan Lainer,AUT,"MF,DF",30.0,1992.0,15.0,8.0,751.0,8.3,0.0,1.0,1.0,0.0,0.0,0.0,2.0,0.0,0.0,0.12,0.12,0.0,0.12,8.3,0.0,3.0,0.0,0.0,0.36,0.0,0.0,,0.0,0.0,50.0,24.5,8,73.0,2,7,24.0,2,0.8,13.0,18.0,-5.0,-0.6,-0.37,0.0,8.0,7.0,1.0,19.0,5.0,16.0,,,0.0,,,,,,,,,,,,,,,
GER-Bundesliga,2324,Gladbach,Tomáš Čvančara,CZE,"FW,MF",22.0,2000.0,21.0,7.0,896.0,10.0,4.0,1.0,5.0,3.0,1.0,2.0,4.0,0.0,0.4,0.1,0.5,0.3,0.4,10.0,4.0,36.0,13.0,36.1,3.62,1.31,0.11,0.31,1.0,2.0,43.0,29.3,7,75.0,1,14,27.0,0,0.9,19.0,23.0,-4.0,-0.4,-0.11,0.0,9.0,13.0,4.0,4.0,2.0,3.0,,,0.0,,,,,,,,,,,,,,,
GER-Bundesliga,2324,Gladbach,Tony Jantschke,GER,"DF,MF",33.0,1990.0,4.0,0.0,27.0,0.3,0.0,0.0,0.0,0.0,0.0,0.0,0.0,0.0,0.0,0.0,0.0,0.0,0.0,0.3,0.0,0.0,0.0,,0.0,0.0,,,0.0,0.0,7.0,0.9,0,,0,4,7.0,8,1.75,1.0,1.0,0.0,0.0,0.33,0.0,1.0,2.0,0.0,0.0,1.0,1.0,,,0.0,,,,,,,,,,,,,,,
GER-Bundesliga,2324,Gladbach,Yvandro Borges Sanches,LUX,MF,19.0,2004.0,3.0,0.0,18.0,0.2,0.0,0.0,0.0,0.0,0.0,0.0,0.0,0.0,0.0,0.0,0.0,0.0,0.0,0.2,0.0,0.0,0.0,,0.0,0.0,,,0.0,0.0,6.0,0.6,0,,0,3,6.0,4,0.67,1.0,0.0,1.0,5.0,5.36,0.0,2.0,2.0,0.0,3.0,0.0,0.0,,,0.0,,,,,,,,,,,,,,,
GER-Bundesliga,2324,Heidenheim,Adrian Beck,GER,MF,26.0,1997.0,23.0,11.0,974.0,10.8,1.0,1.0,2.0,1.0,0.0,0.0,1.0,0.0,0.09,0.09,0.18,0.09,0.18,10.8,1.0,12.0,3.0,25.0,1.11,0.28,0.08,0.33,0.0,0.0,42.0,31.8,11,61.0,1,12,26.0,5,1.13,16.0,20.0,-4.0,-0.37,-0.33,0.0,14.0,10.0,2.0,6.0,4.0,13.0,,,0.0,,,,,,,,,,,,,,,
GER-Bundesliga,2324,Heidenheim,Benedikt Gimber,GER,DF,26.0,1997.0,24.0,24.0,2021.0,22.5,1.0,1.0,2.0,1.0,0.0,0.0,9.0,0.0,0.04,0.04,0.09,0.04,0.09,22.5,1.0,18.0,3.0,16.7,0.8,0.13,0.06,0.33,0.0,0.0,84.0,66.0,24,84.0,18,0,,5,1.42,31.0,30.0,1.0,0.04,0.56,0.0,40.0,27.0,0.0,3.0,15.0,23.0,,,1.0,,,,,,,,,,,,,,,
GER-Bundesliga,2324,Heidenheim,Christian Kühlwetter,GER,"FW,MF",27.0,1996.0,1.0,0.0,8.0,0.1,0.0,1.0,1.0,0.0,0.0,0.0,0.0,0.0,0.0,11.25,11.25,0.0,11.25,0.1,0.0,0.0,0.0,,0.0,0.0,,,0.0,0.0,8.0,0.3,0,,0,1,8.0,8,3.0,1.0,0.0,1.0,11.25,11.43,0.0,0.0,0.0,0.0,0.0,0.0,0.0,,,0.0,,,,,,,,,,,,,,,
GER-Bundesliga,2324,Heidenheim,Denis Thomalla,GER,MF,30.0,1992.0,21.0,3.0,446.0,5.0,0.0,0.0,0.0,0.0,0.0,0.0,0.0,0.0,0.0,0.0,0.0,0.0,0.0,5.0,0.0,3.0,0.0,0.0,0.61,0.0,0.0,,0.0,0.0,21.0,14.6,3,68.0,0,18,13.0,5,1.24,9.0,10.0,-1.0,-0.2,-0.06,0.0,6.0,2.0,1.0,2.0,4.0,6.0,,,0.0,,,,,,,,,,,,,,,
GER-Bundesliga,2324,Heidenheim,Eren Dinkçi,GER,MF,21.0,2001.0,33.0,33.0,2650.0,29.4,10.0,5.0,15.0,10.0,0.0,0.0,8.0,0.0,0.34,0.17,0.51,0.34,0.51,29.4,10.0,49.0,21.0,42.9,1.66,0.71,0.2,0.48,0.0,0.0,80.0,86.6,33,80.0,7,0,,0,1.27,43.0,46.0,-3.0,-0.1,0.34,0.0,28.0,22.0,2.0,78.0,12.0,18.0,,,0.0,,,,,,,,,,,,,,,
GER-Bundesliga,2324,Heidenheim,Florian Pick,GER,MF,27.0,1995.0,22.0,1.0,327.0,3.6,0.0,1.0,1.0,0.0,0.0,0.0,2.0,0.0,0.0,0.28,0.28,0.0,0.28,3.6,0.0,8.0,1.0,12.5,2.2,0.28,0.0,0.0,0.0,0.0,15.0,10.7,1,90.0,1,21,11.0,12,1.14,2.0,8.0,-6.0,-1.65,-1.68,0.0,6.0,7.0,1.0,33.0,3.0,4.0,,,0.0,,,,,,,,,,,,,,,
GER-Bundesliga,2324,Heidenheim,Jan Schöppner,GER,MF,24.0,1999.0,26.0,23.0,1998.0,22.2,2.0,2.0,4.0,2.0,0.0,0.0,3.0,0.0,0.09,0.09,0.18,0.09,0.18,22.2,2.0,17.0,4.0,23.5,0.77,0.18,0.12,0.5,0.0,0.0,77.0,65.3,23,84.0,16,3,21.0,8,1.31,31.0,32.0,-1.0,-0.05,0.29,0.0,14.0,12.0,1.0,7.0,27.0,26.0,,,0.0,,,,,,,,,,,,,,,
GER-Bundesliga,2324,Heidenheim,Jan-Niklas Beste,GER,MF,24.0,1999.0,31.0,31.0,2603.0,28.9,8.0,11.0,19.0,8.0,0.0,1.0,4.0,0.0,0.28,0.38,0.66,0.28,0.66,28.9,8.0,49.0,19.0,38.8,1.69,0.66,0.16,0.42,0.0,1.0,84.0,85.1,31,84.0,5,0,,0,1.26,43.0,47.0,-4.0,-0.14,0.06,0.0,28.0,51.0,4.0,279.0,17.0,50.0,,,0.0,,,,,,,,,,,,,,,
GER-Bundesliga,2324,Heidenheim,Jonas Föhrenbach,GER,DF,27.0,1996.0,33.0,32.0,2788.0,31.0,0.0,0.0,0.0,0.0,0.0,0.0,2.0,0.0,0.0,0.0,0.0,0.0,0.0,31.0,0.0,12.0,0.0,0.0,0.39,0.0,0.0,,0.0,0.0,84.0,91.1,32,87.0,28,1,9.0,0,1.24,44.0,53.0,-9.0,-0.29,-1.61,0.0,15.0,16.0,2.0,72.0,32.0,24.0,,,1.0,,,,,,,,,,,,,,,
GER-Bundesliga,2324,Heidenheim,Kevin Müller,GER,GK,32.0,1991.0,34.0,34.0,3060.0,34.0,0.0,0.0,0.0,0.0,0.0,0.0,1.0,0.0,0.0,0.0,0.0,0.0,0.0,34.0,0.0,0.0,0.0,,0.0,0.0,,,0.0,0.0,90.0,100.0,34,90.0,34,0,,0,1.24,50.0,55.0,-5.0,-0.15,,0.0,1.0,2.0,0.0,0.0,0.0,0.0,,,0.0,55.0,1.62,178.0,123.0,69.1,10.0,12.0,12.0,5.0,14.7,10.0,7.0,1.0,2.0,12.5
GER-Bundesliga,2324,Heidenheim,Kevin Sessa,GER,MF,23.0,2000.0,30.0,7.0,1011.0,11.2,3.0,0.0,3.0,3.0,0.0,0.0,1.0,0.0,0.27,0.0,0.27,0.27,0.27,11.2,3.0,29.0,7.0,24.1,2.58,0.62,0.1,0.43,0.0,0.0,34.0,33.0,7,70.0,0,23,23.0,2,1.27,21.0,14.0,7.0,0.62,1.15,0.0,16.0,20.0,1.0,21.0,4.0,9.0,,,0.0,,,,,,,,,,,,,,,
GER-Bundesliga,2324,Heidenheim,Lennard Maloney,USA,MF,23.0,1999.0,29.0,27.0,2284.0,25.4,1.0,1.0,2.0,1.0,0.0,0.0,1.0,0.0,0.04,0.04,0.08,0.04,0.08,25.4,1.0,14.0,3.0,21.4,0.55,0.12,0.07,0.33,0.0,0.0,79.0,74.6,27,84.0,17,2,13.0,0,1.28,35.0,44.0,-9.0,-0.35,-0.82,0.0,44.0,15.0,0.0,3.0,25.0,27.0,,,1.0,,,,,,,,,,,,,,,
GER-Bundesliga,2324,Heidenheim,Marnon Busch,GER,DF,28.0,1994.0,16.0,5.0,595.0,6.6,0.0,0.0,0.0,0.0,0.0,0.0,1.0,0.0,0.0,0.0,0.0,0.0,0.0,6.6,0.0,5.0,1.0,20.0,0.76,0.15,0.0,0.0,0.0,0.0,37.0,19.4,5,67.0,2,11,23.0,5,1.0,8.0,11.0,-3.0,-0.45,-0.38,0.0,9.0,4.0,0.0,26.0,10.0,9.0,,,0.0,,,,,,,,,,,,,,,
GER-Bundesliga,2324,Heidenheim,Marvin Pieringer,GER,"FW,MF",23.0,1999.0,31.0,18.0,1513.0,16.8,3.0,3.0,6.0,3.0,0.0,0.0,5.0,0.0,0.18,0.18,0.36,0.18,0.36,16.8,3.0,27.0,8.0,29.6,1.61,0.48,0.11,0.38,0.0,0.0,49.0,49.4,18,67.0,1,13,24.0,0,1.23,27.0,22.0,5.0,0.3,0.88,0.0,38.0,30.0,6.0,7.0,12.0,12.0,,,0.0,,,,,,,,,,,,,,,
GER-Bundesliga,2324,Heidenheim,Nikola Dovedan,AUT,MF,29.0,1994.0,21.0,5.0,656.0,7.3,3.0,1.0,4.0,3.0,0.0,0.0,0.0,1.0,0.41,0.14,0.55,0.41,0.55,7.3,3.0,14.0,5.0,35.7,1.92,0.69,0.21,0.6,0.0,0.0,31.0,21.4,5,62.0,0,16,22.0,9,0.86,12.0,11.0,1.0,0.14,0.36,0.0,10.0,24.0,0.0,8.0,1.0,9.0,,,0.0,,,,,,,,,,,,,,,
GER-Bundesliga,2324,Heidenheim,Norman Theuerkauf,GER,"MF,DF",36.0,1987.0,25.0,14.0,1259.0,14.0,0.0,1.0,1.0,0.0,0.0,0.0,3.0,0.0,0.0,0.07,0.07,0.0,0.07,14.0,0.0,7.0,2.0,28.6,0.5,0.14,0.0,0.0,0.0,0.0,50.0,41.1,14,74.0,4,11,20.0,8,1.4,20.0,21.0,-1.0,-0.07,0.13,0.0,13.0,16.0,0.0,23.0,16.0,18.0,,,0.0,,,,,,,,,,,,,,,
GER-Bundesliga,2324,Heidenheim,Omar Traoré,GER,DF,25.0,1998.0,31.0,29.0,2472.0,27.5,0.0,2.0,2.0,0.0,0.0,0.0,5.0,0.0,0.0,0.07,0.07,0.0,0.07,27.5,0.0,11.0,1.0,9.1,0.4,0.04,0.0,0.0,0.0,0.0,80.0,80.8,29,83.0,19,2,38.0,1,1.13,43.0,46.0,-3.0,-0.11,0.2,0.0,30.0,31.0,1.0,74.0,42.0,30.0,,,0.0,,,,,,,,,,,,,,,
GER-Bundesliga,2324,Heidenheim,Patrick Mainka,GER,DF,28.0,1994.0,34.0,34.0,3060.0,34.0,2.0,0.0,2.0,2.0,0.0,0.0,1.0,0.0,0.06,0.0,0.06,0.06,0.06,34.0,2.0,29.0,7.0,24.1,0.85,0.21,0.07,0.29,0.0,0.0,90.0,100.0,34,90.0,34,0,,0,1.24,50.0,55.0,-5.0,-0.15,,0.0,24.0,16.0,2.0,0.0,46.0,46.0,,,0.0,,,,,,,,,,,,,,,
GER-Bundesliga,2324,Heidenheim,Stefan Schimmer,GER,FW,29.0,1994.0,16.0,0.0,153.0,1.7,0.0,1.0,1.0,0.0,0.0,0.0,0.0,0.0,0.0,0.59,0.59,0.0,0.59,1.7,0.0,5.0,0.0,0.0,2.94,0.0,0.0,,0.0,0.0,10.0,5.0,0,,0,16,10.0,18,0.81,2.0,3.0,-1.0,-0.59,-0.46,0.0,1.0,1.0,0.0,1.0,1.0,1.0,,,0.0,,,,,,,,,,,,,,,
GER-Bundesliga,2324,Heidenheim,Thomas Keller,GER,"DF,MF",23.0,1999.0,2.0,0.0,2.0,0.0,0.0,0.0,0.0,0.0,0.0,0.0,0.0,0.0,0.0,0.0,0.0,0.0,0.0,0.0,0.0,0.0,0.0,,0.0,0.0,,,0.0,0.0,1.0,0.1,0,,0,2,1.0,4,3.0,0.0,0.0,0.0,0.0,0.15,0.0,1.0,0.0,0.0,0.0,0.0,0.0,,,0.0,,,,,,,,,,,,,,,
GER-Bundesliga,2324,Heidenheim,Tim Kleindienst,GER,FW,27.0,1995.0,33.0,33.0,2869.0,31.9,12.0,3.0,15.0,10.0,2.0,2.0,6.0,0.0,0.38,0.09,0.47,0.31,0.41,31.9,12.0,83.0,34.0,41.0,2.6,1.07,0.14,0.35,2.0,2.0,87.0,93.8,33,87.0,23,0,,0,1.24,49.0,53.0,-4.0,-0.13,0.35,0.0,88.0,13.0,15.0,20.0,11.0,13.0,,,0.0,,,,,,,,,,,,,,,
GER-Bundesliga,2324,Heidenheim,Tim Siersleben,GER,DF,23.0,2000.0,14.0,10.0,910.0,10.1,0.0,0.0,0.0,0.0,0.0,0.0,1.0,0.0,0.0,0.0,0.0,0.0,0.0,10.1,0.0,3.0,0.0,0.0,0.3,0.0,0.0,,0.0,0.0,65.0,29.7,10,86.0,9,4,14.0,19,1.14,13.0,23.0,-10.0,-0.99,-1.2,0.0,16.0,5.0,0.0,1.0,21.0,11.0,,,0.0,,,,,,,,,,,,,,,
GER-Bundesliga,2324,Hoffenheim,Andrej Kramarić,CRO,"MF,FW",32.0,1991.0,30.0,25.0,2199.0,24.4,15.0,6.0,21.0,10.0,5.0,5.0,4.0,0.0,0.61,0.25,0.86,0.41,0.65,24.4,15.0,69.0,34.0,49.3,2.82,1.39,0.22,0.44,5.0,5.0,73.0,71.9,25,83.0,12,5,23.0,1,1.23,52.0,44.0,8.0,0.33,1.16,0.0,8.0,35.0,8.0,112.0,9.0,2.0,,,0.0,,,,,,,,,,,,,,,
GER-Bundesliga,2324,Hoffenheim,Angelo Stiller,GER,MF,22.0,2001.0,1.0,1.0,84.0,0.9,0.0,0.0,0.0,0.0,0.0,0.0,0.0,0.0,0.0,0.0,0.0,0.0,0.0,0.9,0.0,2.0,1.0,50.0,2.14,1.07,0.0,0.0,0.0,0.0,84.0,2.7,1,84.0,0,0,,0,0.0,1.0,2.0,-1.0,-1.07,-1.1,0.0,0.0,1.0,0.0,3.0,0.0,0.0,,,0.0,,,,,,,,,,,,,,,
GER-Bundesliga,2324,Hoffenheim,Anton Stach,GER,MF,24.0,1998.0,31.0,26.0,2321.0,25.8,2.0,3.0,5.0,2.0,0.0,0.0,4.0,0.0,0.08,0.12,0.19,0.08,0.19,25.8,2.0,38.0,9.0,23.7,1.47,0.35,0.05,0.22,0.0,0.0,75.0,75.8,26,83.0,16,5,33.0,0,1.29,47.0,55.0,-8.0,-0.31,-1.28,0.0,30.0,41.0,0.0,54.0,72.0,41.0,,,0.0,,,,,,,,,,,,,,,
GER-Bundesliga,2324,Hoffenheim,Attila Szalai,HUN,DF,25.0,1998.0,4.0,4.0,288.0,3.2,0.0,0.0,0.0,0.0,0.0,0.0,1.0,0.0,0.0,0.0,0.0,0.0,0.0,3.2,0.0,1.0,1.0,100.0,0.31,0.31,0.0,0.0,0.0,0.0,72.0,9.4,4,72.0,2,0,,14,1.5,7.0,7.0,0.0,0.0,0.0,0.0,7.0,0.0,0.0,5.0,1.0,1.0,,,1.0,,,,,,,,,,,,,,,
GER-Bundesliga,2324,Hoffenheim,Bambasé Conté,GER,MF,20.0,2003.0,7.0,0.0,48.0,0.5,0.0,0.0,0.0,0.0,0.0,0.0,0.0,0.0,0.0,0.0,0.0,0.0,0.0,0.5,0.0,3.0,0.0,0.0,5.63,0.0,0.0,,0.0,0.0,7.0,1.6,0,,0,7,7.0,5,0.57,1.0,1.0,0.0,0.0,0.0,0.0,3.0,6.0,0.0,2.0,0.0,3.0,,,0.0,,,,,,,,,,,,,,,
GER-Bundesliga,2324,Hoffenheim,David Jurásek,CZE,"MF,DF",22.0,2000.0,13.0,4.0,496.0,5.5,0.0,1.0,1.0,0.0,0.0,0.0,1.0,0.0,0.0,0.18,0.18,0.0,0.18,5.5,0.0,5.0,2.0,40.0,0.91,0.36,0.0,0.0,0.0,0.0,38.0,16.2,4,75.0,2,9,22.0,3,1.31,13.0,8.0,5.0,0.91,1.08,0.0,3.0,1.0,0.0,24.0,3.0,11.0,,,0.0,,,,,,,,,,,,,,,
GER-Bundesliga,2324,Hoffenheim,Dennis Geiger,GER,MF,25.0,1998.0,3.0,0.0,64.0,0.7,0.0,0.0,0.0,0.0,0.0,0.0,1.0,0.0,0.0,0.0,0.0,0.0,0.0,0.7,0.0,0.0,0.0,,0.0,0.0,,,0.0,0.0,21.0,2.1,0,,0,3,21.0,1,2.0,0.0,2.0,-2.0,-2.81,-2.87,0.0,2.0,0.0,0.0,0.0,0.0,0.0,,,0.0,,,,,,,,,,,,,,,
GER-Bundesliga,2324,Hoffenheim,Diadie Samassékou,MLI,MF,27.0,1996.0,1.0,0.0,1.0,0.0,0.0,0.0,0.0,0.0,0.0,0.0,0.0,0.0,0.0,0.0,0.0,0.0,0.0,0.0,0.0,0.0,0.0,,0.0,0.0,,,0.0,0.0,1.0,0.0,0,,0,1,1.0,10,3.0,0.0,0.0,0.0,0.0,0.0,0.0,0.0,1.0,0.0,0.0,1.0,0.0,,,0.0,,,,,,,,,,,,,,,
GER-Bundesliga,2324,Hoffenheim,Finn Ole Becker,GER,MF,23.0,2000.0,22.0,5.0,606.0,6.7,0.0,0.0,0.0,0.0,0.0,0.0,1.0,0.0,0.0,0.0,0.0,0.0,0.0,6.7,0.0,6.0,1.0,16.7,0.89,0.15,0.0,0.0,0.0,0.0,28.0,19.8,5,70.0,0,17,15.0,10,1.5,14.0,18.0,-4.0,-0.59,-0.74,0.0,6.0,7.0,0.0,7.0,1.0,7.0,,,0.0,,,,,,,,,,,,,,,
GER-Bundesliga,2324,Hoffenheim,Florian Grillitsch,AUT,"DF,MF",27.0,1995.0,30.0,25.0,2295.0,25.5,1.0,6.0,7.0,1.0,0.0,0.0,8.0,0.0,0.04,0.24,0.27,0.04,0.27,25.5,1.0,21.0,6.0,28.6,0.82,0.24,0.05,0.17,0.0,0.0,77.0,75.0,25,86.0,20,5,30.0,0,1.37,50.0,53.0,-3.0,-0.12,-0.47,0.0,27.0,24.0,0.0,17.0,55.0,28.0,,,0.0,,,,,,,,,,,,,,,
GER-Bundesliga,2324,Hoffenheim,Grischa Prömel,GER,MF,28.0,1995.0,28.0,27.0,2139.0,23.8,4.0,5.0,9.0,4.0,0.0,0.0,10.0,1.0,0.17,0.21,0.38,0.17,0.38,23.8,4.0,26.0,8.0,30.8,1.09,0.34,0.15,0.5,0.0,0.0,76.0,69.9,27,78.0,15,1,33.0,0,1.43,45.0,44.0,1.0,0.04,0.14,1.0,33.0,29.0,1.0,11.0,20.0,22.0,,,0.0,,,,,,,,,,,,,,,
GER-Bundesliga,2324,Hoffenheim,Ihlas Bebou,TOG,"FW,MF",29.0,1994.0,32.0,16.0,1636.0,18.2,7.0,5.0,12.0,7.0,0.0,0.0,3.0,0.0,0.39,0.28,0.66,0.39,0.66,18.2,7.0,38.0,14.0,36.8,2.09,0.77,0.18,0.5,0.0,0.0,51.0,53.5,16,82.0,6,16,20.0,2,1.34,36.0,37.0,-1.0,-0.06,-0.12,0.0,24.0,21.0,7.0,35.0,13.0,10.0,,,0.0,,,,,,,,,,,,,,,
GER-Bundesliga,2324,Hoffenheim,John Brooks,USA,DF,30.0,1993.0,21.0,18.0,1539.0,17.1,2.0,0.0,2.0,2.0,0.0,0.0,6.0,1.0,0.12,0.0,0.12,0.12,0.12,17.1,2.0,11.0,4.0,36.4,0.64,0.23,0.18,0.5,0.0,0.0,73.0,50.3,18,81.0,14,3,26.0,10,1.76,36.0,32.0,4.0,0.23,0.47,0.0,16.0,13.0,1.0,3.0,26.0,16.0,,,0.0,,,,,,,,,,,,,,,
GER-Bundesliga,2324,Hoffenheim,Julian Justvan,GER,"FW,MF",25.0,1998.0,4.0,0.0,49.0,0.5,0.0,0.0,0.0,0.0,0.0,0.0,0.0,0.0,0.0,0.0,0.0,0.0,0.0,0.5,0.0,1.0,0.0,0.0,1.84,0.0,0.0,,0.0,0.0,12.0,1.6,0,,0,4,12.0,2,0.5,0.0,1.0,-1.0,-1.84,-1.87,0.0,0.0,0.0,0.0,9.0,0.0,0.0,,,0.0,,,,,,,,,,,,,,,
GER-Bundesliga,2324,Hoffenheim,Kasim Nuhu,GHA,DF,28.0,1995.0,1.0,0.0,5.0,0.1,0.0,0.0,0.0,0.0,0.0,0.0,0.0,0.0,0.0,0.0,0.0,0.0,0.0,0.1,0.0,0.0,0.0,,0.0,0.0,,,0.0,0.0,5.0,0.2,0,,0,1,5.0,7,0.0,0.0,0.0,0.0,0.0,0.0,0.0,1.0,0.0,0.0,0.0,0.0,0.0,,,0.0,,,,,,,,,,,,,,,
GER-Bundesliga,2324,Hoffenheim,Kevin Akpoguma,NGA,DF,28.0,1995.0,17.0,11.0,1097.0,12.2,0.0,0.0,0.0,0.0,0.0,0.0,7.0,0.0,0.0,0.0,0.0,0.0,0.0,12.2,0.0,2.0,0.0,0.0,0.16,0.0,0.0,,0.0,0.0,65.0,35.8,11,86.0,9,6,26.0,11,1.35,26.0,21.0,5.0,0.41,0.64,0.0,15.0,14.0,0.0,4.0,19.0,18.0,,,0.0,,,,,,,,,,,,,,,
GER-Bundesliga,2324,Hoffenheim,Kevin Vogt,GER,DF,31.0,1991.0,16.0,14.0,1319.0,14.7,0.0,0.0,0.0,0.0,0.0,0.0,2.0,0.0,0.0,0.0,0.0,0.0,0.0,14.7,0.0,2.0,1.0,50.0,0.14,0.07,0.0,0.0,0.0,0.0,82.0,43.1,14,88.0,13,2,42.0,0,1.5,32.0,27.0,5.0,0.34,0.6,0.0,11.0,9.0,0.0,3.0,11.0,10.0,,,0.0,,,,,,,,,,,,,,,
GER-Bundesliga,2324,Hoffenheim,Marius Bülter,GER,MF,30.0,1993.0,30.0,15.0,1351.0,15.0,1.0,4.0,5.0,1.0,0.0,0.0,3.0,1.0,0.07,0.27,0.33,0.07,0.33,15.0,1.0,21.0,6.0,28.6,1.4,0.4,0.05,0.17,0.0,0.0,45.0,44.2,15,71.0,5,15,19.0,1,1.4,27.0,30.0,-3.0,-0.2,-0.36,1.0,13.0,17.0,4.0,74.0,11.0,11.0,,,0.0,,,,,,,,,,,,,,,
GER-Bundesliga,2324,Hoffenheim,Max Moerstedt,GER,FW,17.0,2006.0,1.0,0.0,12.0,0.1,0.0,0.0,0.0,0.0,0.0,0.0,0.0,0.0,0.0,0.0,0.0,0.0,0.0,0.1,0.0,0.0,0.0,,0.0,0.0,,,0.0,0.0,12.0,0.4,0,,0,1,12.0,3,1.0,1.0,0.0,1.0,7.5,7.53,0.0,0.0,0.0,0.0,0.0,0.0,0.0,,,0.0,,,,,,,,,,,,,,,
GER-Bundesliga,2324,Hoffenheim,Maximilian Beier,GER,"FW,MF",20.0,2002.0,33.0,29.0,2420.0,26.9,16.0,1.0,17.0,16.0,0.0,0.0,0.0,0.0,0.6,0.04,0.63,0.6,0.63,26.9,16.0,82.0,39.0,47.6,3.05,1.45,0.2,0.41,0.0,0.0,73.0,79.1,29,81.0,9,4,19.0,0,1.3,51.0,51.0,0.0,0.0,0.0,0.0,21.0,32.0,13.0,38.0,10.0,12.0,,,0.0,,,,,,,,,,,,,,,
GER-Bundesliga,2324,Hoffenheim,Mergim Berisha,GER,FW,25.0,1998.0,6.0,0.0,144.0,1.6,0.0,0.0,0.0,0.0,0.0,0.0,0.0,0.0,0.0,0.0,0.0,0.0,0.0,1.6,0.0,6.0,1.0,16.7,3.75,0.62,0.0,0.0,0.0,0.0,24.0,4.7,0,,0,6,24.0,2,1.5,1.0,2.0,-1.0,-0.62,-0.66,0.0,5.0,2.0,1.0,2.0,0.0,0.0,,,0.0,,,,,,,,,,,,,,,
GER-Bundesliga,2324,Hoffenheim,Oliver Baumann,GER,GK,33.0,1990.0,34.0,34.0,3060.0,34.0,0.0,1.0,1.0,0.0,0.0,0.0,1.0,0.0,0.0,0.03,0.03,0.0,0.03,34.0,0.0,0.0,0.0,,0.0,0.0,,,0.0,0.0,90.0,100.0,34,90.0,34,0,,0,1.35,66.0,66.0,0.0,0.0,,0.0,1.0,6.0,0.0,0.0,0.0,0.0,,,0.0,66.0,1.94,209.0,143.0,68.4,13.0,7.0,14.0,1.0,2.9,5.0,2.0,3.0,0.0,60.0
GER-Bundesliga,2324,Hoffenheim,Ozan Kabak,TUR,DF,23.0,2000.0,28.0,28.0,2282.0,25.4,4.0,0.0,4.0,4.0,0.0,0.0,11.0,1.0,0.16,0.0,0.16,0.16,0.16,25.4,4.0,18.0,7.0,38.9,0.71,0.28,0.22,0.57,0.0,0.0,82.0,74.6,28,82.0,17,0,,1,1.29,46.0,52.0,-6.0,-0.24,-0.93,1.0,30.0,9.0,0.0,4.0,46.0,35.0,,,0.0,,,,,,,,,,,,,,,
GER-Bundesliga,2324,Hoffenheim,Pavel Kadeřábek,CZE,"MF,DF",31.0,1992.0,29.0,28.0,2412.0,26.8,3.0,4.0,7.0,3.0,0.0,0.0,7.0,0.0,0.11,0.15,0.26,0.11,0.26,26.8,3.0,20.0,6.0,30.0,0.75,0.22,0.15,0.5,0.0,0.0,83.0,78.8,28,85.0,18,1,45.0,0,1.45,55.0,49.0,6.0,0.22,1.06,0.0,17.0,12.0,1.0,100.0,22.0,19.0,,,0.0,,,,,,,,,,,,,,,
GER-Bundesliga,2324,Hoffenheim,Robert Skov,DEN,MF,27.0,1996.0,25.0,14.0,1260.0,14.0,3.0,4.0,7.0,3.0,0.0,0.0,2.0,0.0,0.21,0.29,0.5,0.21,0.5,14.0,3.0,32.0,7.0,21.9,2.29,0.5,0.09,0.43,0.0,0.0,50.0,41.2,14,70.0,2,11,26.0,6,1.28,28.0,32.0,-4.0,-0.29,-0.49,0.0,15.0,20.0,1.0,72.0,10.0,16.0,,,0.0,,,,,,,,,,,,,,,
GER-Bundesliga,2324,Hoffenheim,Stanley N'Soki,FRA,"DF,MF",24.0,1999.0,11.0,7.0,631.0,7.0,0.0,0.0,0.0,0.0,0.0,0.0,3.0,1.0,0.0,0.0,0.0,0.0,0.0,7.0,0.0,0.0,0.0,,0.0,0.0,,,0.0,0.0,57.0,20.6,7,78.0,4,4,21.0,3,0.82,7.0,14.0,-7.0,-1.0,-1.26,1.0,12.0,2.0,0.0,7.0,8.0,10.0,,,0.0,,,,,,,,,,,,,,,
GER-Bundesliga,2324,Hoffenheim,Tim Drexler,GER,DF,18.0,2005.0,8.0,6.0,573.0,6.4,0.0,0.0,0.0,0.0,0.0,0.0,1.0,0.0,0.0,0.0,0.0,0.0,0.0,6.4,0.0,0.0,0.0,,0.0,0.0,,,0.0,0.0,72.0,18.7,6,85.0,5,2,32.0,3,1.13,12.0,14.0,-2.0,-0.31,-0.39,0.0,4.0,5.0,0.0,0.0,9.0,9.0,,,0.0,,,,,,,,,,,,,,,
GER-Bundesliga,2324,Hoffenheim,Tom Bischof,GER,MF,18.0,2005.0,13.0,1.0,178.0,2.0,0.0,2.0,2.0,0.0,0.0,0.0,0.0,0.0,0.0,1.01,1.01,0.0,1.01,2.0,0.0,5.0,1.0,20.0,2.53,0.51,0.0,0.0,0.0,0.0,14.0,5.8,1,77.0,0,12,8.0,15,1.08,9.0,4.0,5.0,2.53,2.68,0.0,1.0,1.0,2.0,11.0,1.0,3.0,,,0.0,,,,,,,,,,,,,,,
GER-Bundesliga,2324,Hoffenheim,Umut Tohumcu,GER,MF,18.0,2004.0,20.0,12.0,1011.0,11.2,0.0,2.0,2.0,0.0,0.0,0.0,5.0,0.0,0.0,0.18,0.18,0.0,0.18,11.2,0.0,15.0,3.0,20.0,1.34,0.27,0.0,0.0,0.0,0.0,51.0,33.0,12,67.0,2,8,26.0,6,1.4,22.0,17.0,5.0,0.45,0.66,0.0,10.0,24.0,0.0,7.0,6.0,13.0,,,0.0,,,,,,,,,,,,,,,
GER-Bundesliga,2324,Hoffenheim,Wout Weghorst,NED,FW,30.0,1992.0,28.0,24.0,1977.0,22.0,7.0,3.0,10.0,6.0,1.0,1.0,4.0,0.0,0.32,0.14,0.46,0.27,0.41,22.0,7.0,39.0,15.0,38.5,1.78,0.68,0.18,0.47,1.0,1.0,71.0,64.6,24,79.0,12,4,20.0,1,1.57,40.0,37.0,3.0,0.14,0.39,0.0,24.0,34.0,13.0,4.0,4.0,6.0,,,0.0,,,,,,,,,,,,,,,
GER-Bundesliga,2324,Köln,Benno Schmitz,GER,DF,28.0,1994.0,22.0,13.0,1155.0,12.8,0.0,1.0,1.0,0.0,0.0,0.0,5.0,0.0,0.0,0.08,0.08,0.0,0.08,12.8,0.0,8.0,5.0,62.5,0.62,0.39,0.0,0.0,0.0,0.0,53.0,37.7,13,80.0,7,9,13.0,8,0.73,12.0,19.0,-7.0,-0.55,0.64,0.0,9.0,10.0,0.0,38.0,7.0,16.0,,,0.0,,,,,,,,,,,,,,,
GER-Bundesliga,2324,Köln,Damion Downs,USA,FW,19.0,2004.0,10.0,0.0,181.0,2.0,2.0,0.0,2.0,2.0,0.0,0.0,0.0,0.0,0.99,0.0,0.99,0.99,0.99,2.0,2.0,5.0,2.0,40.0,2.49,0.99,0.4,1.0,0.0,0.0,18.0,5.9,0,,0,10,18.0,2,0.6,5.0,4.0,1.0,0.5,1.53,0.0,1.0,0.0,0.0,1.0,0.0,1.0,,,0.0,,,,,,,,,,,,,,,
GER-Bundesliga,2324,Köln,Davie Selke,GER,FW,28.0,1995.0,19.0,16.0,1265.0,14.1,6.0,0.0,6.0,6.0,0.0,0.0,3.0,0.0,0.43,0.0,0.43,0.43,0.43,14.1,6.0,33.0,11.0,33.3,2.35,0.78,0.18,0.55,0.0,0.0,67.0,41.3,16,75.0,5,3,20.0,1,0.74,9.0,24.0,-15.0,-1.07,-0.21,0.0,24.0,18.0,10.0,4.0,0.0,1.0,,,0.0,,,,,,,,,,,,,,,
GER-Bundesliga,2324,Köln,Dejan Ljubičić,AUT,MF,25.0,1997.0,26.0,24.0,2048.0,22.8,0.0,2.0,2.0,0.0,0.0,0.0,6.0,0.0,0.0,0.09,0.09,0.0,0.09,22.8,0.0,38.0,10.0,26.3,1.67,0.44,0.0,0.0,0.0,0.0,79.0,66.9,24,83.0,15,2,23.0,0,0.73,17.0,40.0,-23.0,-1.01,-0.21,0.0,32.0,13.0,1.0,29.0,20.0,24.0,,,0.0,,,,,,,,,,,,,,,
GER-Bundesliga,2324,Köln,Denis Huseinbasic,BIH,MF,22.0,2001.0,26.0,18.0,1627.0,18.1,0.0,3.0,3.0,0.0,0.0,0.0,5.0,0.0,0.0,0.17,0.17,0.0,0.17,18.1,0.0,12.0,3.0,25.0,0.66,0.17,0.0,0.0,0.0,0.0,63.0,53.2,18,83.0,10,8,18.0,6,0.77,18.0,36.0,-18.0,-1.0,-0.12,0.0,28.0,14.0,0.0,15.0,13.0,20.0,,,0.0,,,,,,,,,,,,,,,
GER-Bundesliga,2324,Köln,Dominique Heintz,GER,DF,29.0,1993.0,12.0,6.0,568.0,6.3,0.0,0.0,0.0,0.0,0.0,0.0,0.0,0.0,0.0,0.0,0.0,0.0,0.0,6.3,0.0,0.0,0.0,,0.0,0.0,,,0.0,0.0,47.0,18.6,6,76.0,3,6,19.0,19,1.17,5.0,9.0,-4.0,-0.63,0.38,0.0,7.0,4.0,1.0,22.0,3.0,4.0,,,0.0,,,,,,,,,,,,,,,
GER-Bundesliga,2324,Köln,Eric Martel,GER,MF,21.0,2002.0,30.0,29.0,2457.0,27.3,1.0,1.0,2.0,1.0,0.0,0.0,6.0,0.0,0.04,0.04,0.07,0.04,0.07,27.3,1.0,27.0,9.0,33.3,0.99,0.33,0.04,0.11,0.0,0.0,82.0,80.3,29,84.0,20,1,25.0,0,0.9,21.0,46.0,-25.0,-0.92,0.13,0.0,52.0,41.0,2.0,21.0,43.0,46.0,,,0.0,,,,,,,,,,,,,,,
GER-Bundesliga,2324,Köln,Faride Alidou,GER,"MF,FW",22.0,2001.0,26.0,14.0,1282.0,14.2,4.0,0.0,4.0,4.0,0.0,0.0,4.0,0.0,0.28,0.0,0.28,0.28,0.28,14.2,4.0,33.0,11.0,33.3,2.32,0.77,0.12,0.36,0.0,0.0,49.0,41.9,14,69.0,0,12,27.0,2,0.85,12.0,27.0,-15.0,-1.05,-0.19,0.0,21.0,23.0,3.0,40.0,8.0,4.0,,,0.0,,,,,,,,,,,,,,,
GER-Bundesliga,2324,Köln,Florian Dietz,GER,FW,24.0,1998.0,5.0,0.0,70.0,0.8,0.0,0.0,0.0,0.0,0.0,0.0,0.0,0.0,0.0,0.0,0.0,0.0,0.0,0.8,0.0,3.0,1.0,33.3,3.86,1.29,0.0,0.0,0.0,0.0,14.0,2.3,0,,0,5,14.0,5,0.4,0.0,2.0,-2.0,-2.57,-1.67,0.0,1.0,0.0,0.0,0.0,0.0,0.0,,,0.0,,,,,,,,,,,,,,,
GER-Bundesliga,2324,Köln,Florian Kainz,AUT,MF,30.0,1992.0,33.0,29.0,2197.0,24.4,5.0,4.0,9.0,0.0,5.0,5.0,4.0,0.0,0.2,0.16,0.37,0.0,0.16,24.4,5.0,28.0,9.0,32.1,1.15,0.37,0.18,0.56,5.0,5.0,67.0,71.8,29,73.0,7,4,22.0,1,0.82,22.0,41.0,-19.0,-0.78,0.58,0.0,19.0,33.0,1.0,164.0,17.0,19.0,,,0.0,,,,,,,,,,,,,,,
GER-Bundesliga,2324,Köln,Jacob Christensen,DEN,MF,22.0,2001.0,7.0,2.0,219.0,2.4,0.0,0.0,0.0,0.0,0.0,0.0,1.0,0.0,0.0,0.0,0.0,0.0,0.0,2.4,0.0,1.0,0.0,0.0,0.41,0.0,0.0,,0.0,0.0,31.0,7.2,2,85.0,1,5,10.0,14,0.57,0.0,5.0,-5.0,-2.05,-1.2,0.0,4.0,0.0,0.0,5.0,4.0,6.0,,,0.0,,,,,,,,,,,,,,,
GER-Bundesliga,2324,Köln,Jan Thielmann,GER,"FW,MF",21.0,2002.0,22.0,20.0,1579.0,17.5,1.0,0.0,1.0,1.0,0.0,0.0,4.0,1.0,0.06,0.0,0.06,0.06,0.06,17.5,1.0,37.0,12.0,32.4,2.11,0.68,0.03,0.08,0.0,0.0,72.0,51.6,20,76.0,7,2,29.0,1,0.86,8.0,18.0,-10.0,-0.57,0.77,0.0,27.0,27.0,6.0,42.0,8.0,19.0,,,0.0,,,,,,,,,,,,,,,
GER-Bundesliga,2324,Köln,Julian Chabot,GER,DF,25.0,1998.0,32.0,32.0,2703.0,30.0,0.0,0.0,0.0,0.0,0.0,0.0,9.0,1.0,0.0,0.0,0.0,0.0,0.0,30.0,0.0,19.0,4.0,21.1,0.63,0.13,0.0,0.0,0.0,0.0,84.0,88.3,32,84.0,27,0,,0,0.84,28.0,52.0,-24.0,-0.8,1.22,1.0,27.0,42.0,4.0,4.0,45.0,41.0,,,0.0,,,,,,,,,,,,,,,
GER-Bundesliga,2324,Köln,Justin Diehl,GER,MF,18.0,2004.0,7.0,1.0,168.0,1.9,0.0,0.0,0.0,0.0,0.0,0.0,0.0,0.0,0.0,0.0,0.0,0.0,0.0,1.9,0.0,7.0,2.0,28.6,3.75,1.07,0.0,0.0,0.0,0.0,24.0,5.5,1,59.0,0,6,18.0,0,0.57,0.0,3.0,-3.0,-1.61,-0.7,0.0,2.0,4.0,0.0,18.0,0.0,0.0,,,0.0,,,,,,,,,,,,,,,
GER-Bundesliga,2324,Köln,Leart Paqarada,KVX,DF,28.0,1994.0,17.0,11.0,1075.0,11.9,0.0,0.0,0.0,0.0,0.0,0.0,0.0,0.0,0.0,0.0,0.0,0.0,0.0,11.9,0.0,10.0,4.0,40.0,0.84,0.33,0.0,0.0,0.0,0.0,63.0,35.1,11,85.0,9,6,24.0,8,0.47,11.0,31.0,-20.0,-1.67,-1.13,0.0,7.0,8.0,1.0,91.0,12.0,11.0,,,0.0,,,,,,,,,,,,,,,
GER-Bundesliga,2324,Köln,Linton Maina,GER,MF,24.0,1999.0,31.0,21.0,1901.0,21.1,1.0,3.0,4.0,1.0,0.0,0.0,4.0,0.0,0.05,0.14,0.19,0.05,0.19,21.1,1.0,33.0,11.0,33.3,1.56,0.52,0.03,0.09,0.0,0.0,61.0,62.1,21,75.0,5,10,32.0,0,0.87,18.0,35.0,-17.0,-0.8,0.36,0.0,10.0,17.0,5.0,75.0,6.0,14.0,,,0.0,,,,,,,,,,,,,,,
GER-Bundesliga,2324,Köln,Luca Kilian,GER,DF,23.0,1999.0,13.0,6.0,635.0,7.1,0.0,0.0,0.0,0.0,0.0,0.0,1.0,0.0,0.0,0.0,0.0,0.0,0.0,7.1,0.0,0.0,0.0,,0.0,0.0,,,0.0,0.0,49.0,20.8,6,80.0,4,7,22.0,12,0.77,4.0,14.0,-10.0,-1.42,-0.6,0.0,4.0,0.0,0.0,2.0,7.0,10.0,,,0.0,,,,,,,,,,,,,,,
GER-Bundesliga,2324,Köln,Luca Waldschmidt,GER,MF,27.0,1996.0,22.0,14.0,1146.0,12.7,3.0,0.0,3.0,3.0,0.0,1.0,0.0,0.0,0.24,0.0,0.24,0.24,0.24,12.7,3.0,43.0,16.0,37.2,3.38,1.26,0.07,0.19,0.0,1.0,52.0,37.5,14,68.0,2,8,25.0,0,0.86,11.0,19.0,-8.0,-0.63,0.5,0.0,20.0,15.0,5.0,39.0,4.0,12.0,,,0.0,,,,,,,,,,,,,,,
GER-Bundesliga,2324,Köln,Mark Uth,GER,"MF,FW",31.0,1991.0,11.0,3.0,373.0,4.1,0.0,1.0,1.0,0.0,0.0,0.0,2.0,0.0,0.0,0.24,0.24,0.0,0.24,4.1,0.0,12.0,5.0,41.7,2.9,1.21,0.0,0.0,0.0,0.0,34.0,12.2,3,65.0,0,8,22.0,2,0.91,6.0,9.0,-3.0,-0.72,0.25,0.0,9.0,12.0,0.0,31.0,1.0,4.0,,,0.0,,,,,,,,,,,,,,,
GER-Bundesliga,2324,Köln,Marvin Schwäbe,GER,GK,28.0,1995.0,34.0,34.0,3060.0,34.0,0.0,0.0,0.0,0.0,0.0,0.0,0.0,0.0,0.0,0.0,0.0,0.0,0.0,34.0,0.0,0.0,0.0,,0.0,0.0,,,0.0,0.0,90.0,100.0,34,90.0,34,0,,0,0.79,28.0,60.0,-32.0,-0.94,,0.0,0.0,1.0,0.0,0.0,0.0,0.0,,,0.0,60.0,1.76,169.0,109.0,64.5,5.0,12.0,17.0,3.0,8.8,3.0,3.0,0.0,0.0,0.0
GER-Bundesliga,2324,Köln,Mathias Olesen,LUX,MF,22.0,2001.0,6.0,0.0,112.0,1.2,0.0,0.0,0.0,0.0,0.0,0.0,2.0,1.0,0.0,0.0,0.0,0.0,0.0,1.2,0.0,1.0,0.0,0.0,0.8,0.0,0.0,,0.0,0.0,19.0,3.7,0,,0,6,19.0,2,0.67,0.0,3.0,-3.0,-2.41,-1.53,1.0,3.0,2.0,0.0,1.0,3.0,1.0,,,0.0,,,,,,,,,,,,,,,
GER-Bundesliga,2324,Köln,Max Finkgräfe,GER,DF,19.0,2004.0,24.0,18.0,1756.0,19.5,1.0,0.0,1.0,1.0,0.0,0.0,4.0,0.0,0.05,0.0,0.05,0.05,0.05,19.5,1.0,12.0,4.0,33.3,0.62,0.21,0.08,0.25,0.0,0.0,73.0,57.4,18,88.0,13,6,29.0,2,0.83,17.0,33.0,-16.0,-0.82,0.28,0.0,19.0,21.0,0.0,61.0,23.0,42.0,,,0.0,,,,,,,,,,,,,,,
GER-Bundesliga,2324,Köln,Rasmus Carstensen,DEN,"DF,MF",22.0,2000.0,23.0,18.0,1659.0,18.4,0.0,0.0,0.0,0.0,0.0,0.0,2.0,1.0,0.0,0.0,0.0,0.0,0.0,18.4,0.0,10.0,4.0,40.0,0.54,0.22,0.0,0.0,0.0,0.0,72.0,54.2,18,87.0,11,5,20.0,9,0.61,14.0,40.0,-26.0,-1.41,-1.03,1.0,22.0,13.0,3.0,56.0,19.0,25.0,,,0.0,,,,,,,,,,,,,,,
GER-Bundesliga,2324,Köln,Sargis Adamyan,ARM,"FW,MF",30.0,1993.0,20.0,8.0,801.0,8.9,1.0,2.0,3.0,1.0,0.0,0.0,2.0,0.0,0.11,0.22,0.34,0.11,0.34,8.9,1.0,31.0,14.0,45.2,3.48,1.57,0.03,0.07,0.0,0.0,40.0,26.2,8,73.0,1,12,18.0,5,0.8,9.0,21.0,-12.0,-1.35,-0.55,0.0,18.0,13.0,8.0,4.0,5.0,10.0,,,0.0,,,,,,,,,,,,,,,
GER-Bundesliga,2324,Köln,Steffen Tigges,GER,FW,25.0,1998.0,25.0,6.0,727.0,8.1,3.0,0.0,3.0,3.0,0.0,0.0,0.0,0.0,0.37,0.0,0.37,0.37,0.37,8.1,3.0,22.0,9.0,40.9,2.72,1.11,0.14,0.33,0.0,0.0,29.0,23.8,6,69.0,1,19,17.0,4,0.88,9.0,10.0,-1.0,-0.12,1.07,0.0,7.0,8.0,2.0,7.0,1.0,5.0,,,0.0,,,,,,,,,,,,,,,
GER-Bundesliga,2324,Köln,Timo Hübers,GER,DF,27.0,1996.0,31.0,31.0,2778.0,30.9,0.0,0.0,0.0,0.0,0.0,0.0,6.0,0.0,0.0,0.0,0.0,0.0,0.0,30.9,0.0,22.0,5.0,22.7,0.71,0.16,0.0,0.0,0.0,0.0,90.0,90.8,31,90.0,30,0,,0,0.81,24.0,53.0,-29.0,-0.94,0.02,0.0,45.0,25.0,1.0,3.0,59.0,46.0,,,0.0,,,,,,,,,,,,,,,
GER-Bundesliga,2324,Leverkusen,Adam Hložek,CZE,"MF,FW",21.0,2002.0,23.0,5.0,459.0,5.1,2.0,3.0,5.0,2.0,0.0,0.0,1.0,0.0,0.39,0.59,0.98,0.39,0.98,5.1,2.0,18.0,6.0,33.3,3.53,1.18,0.11,0.33,0.0,0.0,20.0,15.0,5,71.0,1,18,6.0,7,2.83,13.0,3.0,10.0,1.96,0.06,0.0,8.0,7.0,1.0,0.0,2.0,4.0,,,0.0,,,,,,,,,,,,,,,
GER-Bundesliga,2324,Leverkusen,Amine Adli,MAR,"MF,FW",23.0,2000.0,23.0,8.0,898.0,10.0,4.0,6.0,10.0,4.0,0.0,0.0,5.0,0.0,0.4,0.6,1.0,0.4,1.0,10.0,4.0,27.0,15.0,55.6,2.71,1.5,0.15,0.27,0.0,0.0,39.0,29.3,8,71.0,1,15,22.0,4,2.65,28.0,9.0,19.0,1.9,-0.01,0.0,14.0,28.0,7.0,22.0,5.0,7.0,,,0.0,,,,,,,,,,,,,,,
GER-Bundesliga,2324,Leverkusen,Arthur,BRA,MF,20.0,2003.0,4.0,2.0,184.0,2.0,0.0,2.0,2.0,0.0,0.0,0.0,0.0,0.0,0.0,0.98,0.98,0.0,0.98,2.0,0.0,2.0,1.0,50.0,0.98,0.49,0.0,0.0,0.0,0.0,46.0,6.0,2,75.0,1,2,17.0,4,3.0,8.0,1.0,7.0,3.42,1.61,0.0,2.0,0.0,0.0,7.0,0.0,3.0,,,0.0,,,,,,,,,,,,,,,
GER-Bundesliga,2324,Leverkusen,Borja Iglesias,ESP,FW,30.0,1993.0,7.0,2.0,256.0,2.8,0.0,0.0,0.0,0.0,0.0,0.0,0.0,0.0,0.0,0.0,0.0,0.0,0.0,2.8,0.0,8.0,3.0,37.5,2.81,1.05,0.0,0.0,0.0,0.0,37.0,8.4,2,78.0,1,5,20.0,4,3.0,11.0,1.0,10.0,3.52,1.75,0.0,2.0,3.0,1.0,1.0,1.0,0.0,,,0.0,,,,,,,,,,,,,,,
GER-Bundesliga,2324,Leverkusen,Edmond Tapsoba,BFA,DF,24.0,1999.0,28.0,23.0,2087.0,23.2,0.0,1.0,1.0,0.0,0.0,0.0,4.0,0.0,0.0,0.04,0.04,0.0,0.04,23.2,0.0,12.0,1.0,8.3,0.52,0.04,0.0,0.0,0.0,0.0,75.0,68.2,23,89.0,20,5,9.0,2,2.64,62.0,19.0,43.0,1.85,-0.18,0.0,25.0,4.0,1.0,5.0,25.0,26.0,,,0.0,,,,,,,,,,,,,,,
GER-Bundesliga,2324,Leverkusen,Exequiel Palacios,ARG,MF,24.0,1998.0,24.0,21.0,1831.0,20.3,4.0,4.0,8.0,2.0,2.0,2.0,6.0,0.0,0.2,0.2,0.39,0.1,0.29,20.3,4.0,21.0,7.0,33.3,1.03,0.34,0.19,0.57,2.0,2.0,76.0,59.8,21,84.0,10,3,23.0,3,2.67,56.0,19.0,37.0,1.82,-0.23,0.0,16.0,55.0,0.0,5.0,31.0,35.0,,,0.0,,,,,,,,,,,,,,,
GER-Bundesliga,2324,Leverkusen,Florian Wirtz,GER,MF,20.0,2003.0,32.0,26.0,2372.0,26.4,11.0,11.0,22.0,10.0,1.0,1.0,3.0,0.0,0.42,0.42,0.83,0.38,0.8,26.4,11.0,71.0,34.0,47.9,2.69,1.29,0.15,0.32,1.0,1.0,74.0,77.5,26,85.0,9,6,29.0,0,2.63,68.0,19.0,49.0,1.86,-0.23,0.0,23.0,27.0,6.0,37.0,8.0,20.0,,,0.0,,,,,,,,,,,,,,,
GER-Bundesliga,2324,Leverkusen,Granit Xhaka,SUI,MF,30.0,1992.0,33.0,32.0,2821.0,31.3,3.0,0.0,3.0,3.0,0.0,0.0,5.0,0.0,0.1,0.0,0.1,0.1,0.1,31.3,3.0,45.0,14.0,31.1,1.44,0.45,0.07,0.21,0.0,0.0,85.0,92.2,32,88.0,24,1,21.0,0,2.7,78.0,21.0,57.0,1.82,-1.19,0.0,30.0,43.0,0.0,10.0,17.0,21.0,,,0.0,,,,,,,,,,,,,,,
GER-Bundesliga,2324,Leverkusen,Gustavo Puerta,COL,MF,20.0,2003.0,7.0,0.0,46.0,0.5,0.0,0.0,0.0,0.0,0.0,0.0,0.0,0.0,0.0,0.0,0.0,0.0,0.0,0.5,0.0,2.0,0.0,0.0,3.91,0.0,0.0,,0.0,0.0,7.0,1.5,0,,0,7,7.0,21,3.0,4.0,0.0,4.0,7.83,6.0,0.0,2.0,1.0,0.0,1.0,0.0,3.0,,,0.0,,,,,,,,,,,,,,,
GER-Bundesliga,2324,Leverkusen,Jeremie Frimpong,NED,MF,22.0,2000.0,31.0,27.0,2251.0,25.0,9.0,7.0,16.0,9.0,0.0,0.0,6.0,0.0,0.36,0.28,0.64,0.36,0.64,25.0,9.0,55.0,21.0,38.2,2.2,0.84,0.16,0.43,0.0,0.0,73.0,73.6,27,80.0,7,4,22.0,2,2.61,61.0,21.0,40.0,1.6,-1.18,0.0,21.0,34.0,12.0,93.0,7.0,18.0,,,0.0,,,,,,,,,,,,,,,
GER-Bundesliga,2324,Leverkusen,Jonas Hofmann,GER,MF,31.0,1992.0,32.0,26.0,2204.0,24.5,5.0,7.0,12.0,5.0,0.0,0.0,3.0,0.0,0.2,0.29,0.49,0.2,0.49,24.5,5.0,60.0,25.0,41.7,2.45,1.02,0.08,0.2,0.0,0.0,69.0,72.0,26,81.0,7,6,16.0,1,2.63,66.0,20.0,46.0,1.88,-0.12,0.0,14.0,19.0,13.0,126.0,8.0,14.0,,,0.0,,,,,,,,,,,,,,,
GER-Bundesliga,2324,Leverkusen,Jonathan Tah,GER,DF,27.0,1996.0,31.0,30.0,2631.0,29.2,4.0,1.0,5.0,4.0,0.0,0.0,6.0,0.0,0.14,0.03,0.17,0.14,0.17,29.2,4.0,26.0,10.0,38.5,0.89,0.34,0.15,0.4,0.0,0.0,85.0,86.0,30,87.0,27,1,19.0,2,2.68,78.0,21.0,57.0,1.95,0.27,0.0,33.0,4.0,1.0,3.0,22.0,8.0,,,0.0,,,,,,,,,,,,,,,
GER-Bundesliga,2324,Leverkusen,Josip Stanišić,CRO,"DF,MF",23.0,2000.0,20.0,13.0,1261.0,14.0,3.0,1.0,4.0,3.0,0.0,0.0,3.0,0.0,0.21,0.07,0.29,0.21,0.29,14.0,3.0,10.0,5.0,50.0,0.71,0.36,0.3,0.6,0.0,0.0,63.0,41.2,13,90.0,12,7,13.0,12,2.7,35.0,9.0,26.0,1.86,-0.1,0.0,5.0,7.0,1.0,16.0,9.0,19.0,,,0.0,,,,,,,,,,,,,,,
GER-Bundesliga,2324,Leverkusen,Lukáš Hrádecký,FIN,GK,33.0,1989.0,33.0,33.0,2970.0,33.0,0.0,0.0,0.0,0.0,0.0,0.0,2.0,0.0,0.0,0.0,0.0,0.0,0.0,33.0,0.0,0.0,0.0,,0.0,0.0,,,0.0,0.0,90.0,97.1,33,90.0,33,0,,1,2.7,89.0,24.0,65.0,1.97,1.97,0.0,0.0,1.0,0.0,0.0,0.0,0.0,,,0.0,24.0,0.73,102.0,78.0,76.5,28.0,5.0,0.0,15.0,45.5,0.0,0.0,0.0,0.0,
GER-Bundesliga,2324,Leverkusen,Matej Kovar,CZE,GK,23.0,2000.0,1.0,1.0,90.0,1.0,0.0,0.0,0.0,0.0,0.0,0.0,0.0,0.0,0.0,0.0,0.0,0.0,0.0,1.0,0.0,0.0,0.0,,0.0,0.0,,,0.0,0.0,90.0,2.9,1,90.0,1,0,,32,1.0,0.0,0.0,0.0,0.0,-1.97,0.0,0.0,0.0,0.0,0.0,0.0,0.0,,,0.0,0.0,0.0,3.0,3.0,100.0,0.0,1.0,0.0,1.0,100.0,0.0,0.0,0.0,0.0,
GER-Bundesliga,2324,Leverkusen,Nadiem Amiri,GER,MF,26.0,1996.0,8.0,1.0,86.0,1.0,0.0,0.0,0.0,0.0,0.0,0.0,0.0,0.0,0.0,0.0,0.0,0.0,0.0,1.0,0.0,3.0,2.0,66.7,3.14,2.09,0.0,0.0,0.0,0.0,11.0,2.8,1,67.0,0,7,3.0,11,2.5,0.0,0.0,0.0,0.0,-1.97,0.0,1.0,3.0,0.0,1.0,0.0,2.0,,,0.0,,,,,,,,,,,,,,,
GER-Bundesliga,2324,Leverkusen,Nathan Tella,NGA,MF,24.0,1999.0,24.0,8.0,819.0,9.1,5.0,2.0,7.0,5.0,0.0,0.0,2.0,0.0,0.55,0.22,0.77,0.55,0.77,9.1,5.0,21.0,11.0,52.4,2.31,1.21,0.24,0.45,0.0,0.0,34.0,26.8,8,73.0,1,16,15.0,8,2.75,24.0,2.0,22.0,2.42,0.69,0.0,11.0,18.0,4.0,27.0,3.0,8.0,,,0.0,,,,,,,,,,,,,,,
GER-Bundesliga,2324,Leverkusen,Noah Mbamba,BEL,MF,18.0,2005.0,3.0,0.0,16.0,0.2,0.0,1.0,1.0,0.0,0.0,0.0,0.0,0.0,0.0,5.63,5.63,0.0,5.63,0.2,0.0,1.0,0.0,0.0,5.63,0.0,0.0,,0.0,0.0,5.0,0.5,0,,0,3,5.0,13,3.0,1.0,0.0,1.0,5.63,3.73,0.0,1.0,0.0,0.0,1.0,1.0,0.0,,,0.0,,,,,,,,,,,,,,,
GER-Bundesliga,2324,Leverkusen,Odilon Kossounou,CIV,DF,22.0,2001.0,22.0,21.0,1811.0,20.1,1.0,0.0,1.0,1.0,0.0,0.0,3.0,0.0,0.05,0.0,0.05,0.05,0.05,20.1,1.0,5.0,1.0,20.0,0.25,0.05,0.2,1.0,0.0,0.0,82.0,59.2,21,86.0,18,1,3.0,7,2.64,58.0,14.0,44.0,2.19,0.67,0.0,17.0,7.0,0.0,2.0,25.0,22.0,,,0.0,,,,,,,,,,,,,,,
GER-Bundesliga,2324,Leverkusen,Patrik Schick,CZE,FW,27.0,1996.0,20.0,12.0,1063.0,11.8,7.0,0.0,7.0,6.0,1.0,1.0,1.0,0.0,0.59,0.0,0.59,0.51,0.51,11.8,7.0,40.0,13.0,32.5,3.39,1.1,0.18,0.54,1.0,1.0,53.0,34.7,12,76.0,3,8,19.0,4,2.5,25.0,7.0,18.0,1.52,-0.59,0.0,11.0,13.0,5.0,1.0,2.0,4.0,,,0.0,,,,,,,,,,,,,,,
GER-Bundesliga,2324,Leverkusen,Piero Hincapié,ECU,DF,21.0,2002.0,26.0,16.0,1484.0,16.5,1.0,2.0,3.0,1.0,0.0,0.0,2.0,0.0,0.06,0.12,0.18,0.06,0.18,16.5,1.0,18.0,6.0,33.3,1.09,0.36,0.06,0.17,0.0,0.0,57.0,48.5,16,84.0,10,10,15.0,5,2.62,36.0,9.0,27.0,1.64,-0.53,0.0,16.0,11.0,0.0,8.0,13.0,22.0,,,0.0,,,,,,,,,,,,,,,
GER-Bundesliga,2324,Leverkusen,Robert Andrich,GER,"MF,DF",28.0,1994.0,28.0,18.0,1690.0,18.8,4.0,2.0,6.0,4.0,0.0,0.0,4.0,0.0,0.21,0.11,0.32,0.21,0.32,18.8,4.0,23.0,9.0,39.1,1.22,0.48,0.17,0.44,0.0,0.0,60.0,55.2,18,87.0,16,10,12.0,6,2.71,47.0,9.0,38.0,2.02,0.25,0.0,23.0,14.0,0.0,14.0,20.0,18.0,,,0.0,,,,,,,,,,,,,,,
GER-Bundesliga,2324,Leverkusen,Victor Boniface,NGA,FW,22.0,2000.0,23.0,18.0,1546.0,17.2,14.0,8.0,22.0,10.0,4.0,4.0,2.0,0.0,0.82,0.47,1.28,0.58,1.05,17.2,14.0,80.0,34.0,42.5,4.66,1.98,0.18,0.41,4.0,4.0,67.0,50.5,18,80.0,4,5,21.0,0,2.57,52.0,13.0,39.0,2.27,0.72,0.0,16.0,17.0,18.0,3.0,0.0,3.0,,,0.0,,,,,,,,,,,,,,,
GER-Bundesliga,2324,Leverkusen,Álex Grimaldo,ESP,MF,27.0,1995.0,33.0,31.0,2784.0,30.9,10.0,13.0,23.0,10.0,0.0,0.0,1.0,0.0,0.32,0.42,0.74,0.32,0.74,30.9,10.0,71.0,23.0,32.4,2.3,0.74,0.14,0.43,0.0,0.0,84.0,91.0,31,89.0,26,2,13.0,0,2.64,76.0,23.0,53.0,1.71,-2.2,0.0,14.0,26.0,3.0,202.0,22.0,25.0,,,0.0,,,,,,,,,,,,,,,
GER-Bundesliga,2324,Mainz 05,Andreas Hanche-Olsen,NOR,DF,26.0,1997.0,15.0,12.0,992.0,11.0,1.0,0.0,1.0,1.0,0.0,0.0,5.0,0.0,0.09,0.0,0.09,0.09,0.09,11.0,1.0,4.0,1.0,25.0,0.36,0.09,0.25,1.0,0.0,0.0,66.0,32.4,12,80.0,6,3,12.0,0,1.6,18.0,10.0,8.0,0.73,1.6,0.0,13.0,8.0,1.0,0.0,11.0,13.0,,,0.0,,,,,,,,,,,,,,,
GER-Bundesliga,2324,Mainz 05,Anthony Caci,FRA,"MF,DF",26.0,1997.0,31.0,29.0,2486.0,27.6,2.0,3.0,5.0,2.0,0.0,0.0,8.0,0.0,0.07,0.11,0.18,0.07,0.18,27.6,2.0,31.0,6.0,19.4,1.12,0.22,0.06,0.33,0.0,0.0,80.0,81.2,29,84.0,20,2,19.0,0,1.06,32.0,45.0,-13.0,-0.47,-0.63,0.0,34.0,15.0,0.0,74.0,28.0,23.0,,,0.0,,,,,,,,,,,,,,,
GER-Bundesliga,2324,Mainz 05,Anton Stach,GER,MF,24.0,1998.0,2.0,2.0,170.0,1.9,0.0,0.0,0.0,0.0,0.0,0.0,0.0,0.0,0.0,0.0,0.0,0.0,0.0,1.9,0.0,2.0,1.0,50.0,1.06,0.53,0.0,0.0,0.0,0.0,85.0,5.6,2,85.0,1,0,,0,0.5,2.0,4.0,-2.0,-1.06,-0.75,0.0,2.0,4.0,0.0,2.0,2.0,0.0,,,0.0,,,,,,,,,,,,,,,
GER-Bundesliga,2324,Mainz 05,Anwar El Ghazi,NED,"FW,MF",28.0,1995.0,3.0,0.0,54.0,0.6,0.0,1.0,1.0,0.0,0.0,0.0,0.0,0.0,0.0,1.67,1.67,0.0,1.67,0.6,0.0,1.0,0.0,0.0,1.67,0.0,0.0,,0.0,0.0,18.0,1.8,0,,0,3,18.0,0,0.33,1.0,1.0,0.0,0.0,0.36,0.0,1.0,0.0,0.0,1.0,0.0,0.0,,,0.0,,,,,,,,,,,,,,,
GER-Bundesliga,2324,Mainz 05,Aymen Barkok,MAR,MF,25.0,1998.0,13.0,1.0,321.0,3.6,1.0,0.0,1.0,1.0,0.0,1.0,2.0,0.0,0.28,0.0,0.28,0.28,0.28,3.6,1.0,12.0,7.0,58.3,3.36,1.96,0.08,0.14,0.0,1.0,25.0,10.5,1,68.0,0,12,21.0,0,0.62,7.0,7.0,0.0,0.0,0.39,0.0,15.0,3.0,0.0,14.0,2.0,5.0,,,0.0,,,,,,,,,,,,,,,
GER-Bundesliga,2324,Mainz 05,Brajan Gruda,GER,"MF,FW",19.0,2004.0,28.0,19.0,1641.0,18.2,4.0,3.0,7.0,4.0,0.0,0.0,5.0,0.0,0.22,0.16,0.38,0.22,0.38,18.2,4.0,30.0,12.0,40.0,1.65,0.66,0.13,0.33,0.0,0.0,59.0,53.6,19,76.0,2,9,21.0,1,1.0,22.0,28.0,-6.0,-0.33,0.05,0.0,28.0,47.0,9.0,52.0,5.0,14.0,,,0.0,,,,,,,,,,,,,,,
GER-Bundesliga,2324,Mainz 05,Daniel Batz,GER,GK,32.0,1991.0,4.0,4.0,360.0,4.0,0.0,0.0,0.0,0.0,0.0,0.0,0.0,0.0,0.0,0.0,0.0,0.0,0.0,4.0,0.0,0.0,0.0,,0.0,0.0,,,0.0,0.0,90.0,11.8,4,90.0,4,0,,16,0.5,1.0,3.0,-2.0,-0.5,-0.17,0.0,0.0,0.0,0.0,0.0,0.0,0.0,,,0.0,3.0,0.75,17.0,14.0,82.4,0.0,2.0,2.0,1.0,25.0,0.0,0.0,0.0,0.0,
GER-Bundesliga,2324,Mainz 05,Danny da Costa,GER,"MF,DF",30.0,1993.0,19.0,9.0,830.0,9.2,0.0,1.0,1.0,0.0,0.0,0.0,1.0,0.0,0.0,0.11,0.11,0.0,0.11,9.2,0.0,6.0,1.0,16.7,0.65,0.11,0.0,0.0,0.0,0.0,44.0,27.1,9,76.0,4,10,15.0,10,0.79,10.0,18.0,-8.0,-0.87,-0.71,0.0,7.0,4.0,0.0,40.0,16.0,10.0,,,0.0,,,,,,,,,,,,,,,
GER-Bundesliga,2324,Mainz 05,David Mamutovic,GER,MF,22.0,2000.0,2.0,0.0,11.0,0.1,0.0,0.0,0.0,0.0,0.0,0.0,0.0,0.0,0.0,0.0,0.0,0.0,0.0,0.1,0.0,0.0,0.0,,0.0,0.0,,,0.0,0.0,6.0,0.4,0,,0,2,6.0,16,0.0,0.0,0.0,0.0,0.0,0.35,0.0,0.0,2.0,0.0,1.0,0.0,1.0,,,0.0,,,,,,,,,,,,,,,
GER-Bundesliga,2324,Mainz 05,Dominik Kohr,GER,"DF,MF",29.0,1994.0,31.0,27.0,2184.0,24.3,1.0,0.0,1.0,1.0,0.0,0.0,15.0,1.0,0.04,0.0,0.04,0.04,0.04,24.3,1.0,25.0,7.0,28.0,1.03,0.29,0.04,0.14,0.0,0.0,70.0,71.4,27,79.0,16,4,10.0,0,1.06,24.0,34.0,-10.0,-0.41,-0.21,1.0,47.0,26.0,0.0,22.0,44.0,40.0,,,0.0,,,,,,,,,,,,,,,
GER-Bundesliga,2324,Mainz 05,Edimilson Fernandes,SUI,DF,27.0,1996.0,21.0,13.0,1290.0,14.3,0.0,2.0,2.0,0.0,0.0,0.0,4.0,0.0,0.0,0.14,0.14,0.0,0.14,14.3,0.0,15.0,0.0,0.0,1.05,0.0,0.0,,0.0,0.0,61.0,42.2,13,87.0,10,8,20.0,5,1.0,18.0,32.0,-14.0,-0.98,-1.08,0.0,10.0,8.0,2.0,52.0,24.0,15.0,,,0.0,,,,,,,,,,,,,,,
GER-Bundesliga,2324,Mainz 05,Jessic Ngankam,GER,"MF,FW",23.0,2000.0,7.0,2.0,184.0,2.0,0.0,0.0,0.0,0.0,0.0,0.0,0.0,1.0,0.0,0.0,0.0,0.0,0.0,2.0,0.0,7.0,1.0,14.3,3.42,0.49,0.0,0.0,0.0,0.0,26.0,6.0,2,65.0,0,5,11.0,4,1.14,0.0,4.0,-4.0,-1.96,-1.71,0.0,8.0,3.0,1.0,2.0,4.0,1.0,,,0.0,,,,,,,,,,,,,,,
GER-Bundesliga,2324,Mainz 05,Jonathan Burkardt,GER,"FW,MF",23.0,2000.0,21.0,18.0,1538.0,17.1,8.0,2.0,10.0,7.0,1.0,1.0,2.0,0.0,0.47,0.12,0.59,0.41,0.53,17.1,8.0,41.0,17.0,41.5,2.4,0.99,0.2,0.47,1.0,1.0,73.0,50.3,18,82.0,10,3,22.0,0,1.19,24.0,20.0,4.0,0.23,1.18,0.0,19.0,36.0,3.0,33.0,2.0,9.0,,,0.0,,,,,,,,,,,,,,,
GER-Bundesliga,2324,Mainz 05,Josuha Guilavogui,FRA,DF,32.0,1990.0,11.0,5.0,409.0,4.5,0.0,1.0,1.0,0.0,0.0,0.0,1.0,0.0,0.0,0.22,0.22,0.0,0.22,4.5,0.0,0.0,0.0,,0.0,0.0,,,0.0,0.0,37.0,13.4,5,62.0,2,6,16.0,12,1.64,5.0,8.0,-3.0,-0.66,-0.35,0.0,5.0,2.0,0.0,0.0,13.0,10.0,,,0.0,,,,,,,,,,,,,,,
GER-Bundesliga,2324,Mainz 05,Karim Onisiwo,AUT,"FW,MF",31.0,1992.0,24.0,17.0,1493.0,16.6,1.0,3.0,4.0,1.0,0.0,0.0,1.0,0.0,0.06,0.18,0.24,0.06,0.24,16.6,1.0,33.0,7.0,21.2,1.99,0.42,0.03,0.14,0.0,0.0,62.0,48.8,17,81.0,6,7,18.0,2,0.88,13.0,21.0,-8.0,-0.48,-0.25,0.0,31.0,44.0,15.0,21.0,2.0,8.0,,,0.0,,,,,,,,,,,,,,,
GER-Bundesliga,2324,Mainz 05,Leandro Barreiro Martins,LUX,MF,23.0,2000.0,31.0,29.0,2606.0,29.0,4.0,1.0,5.0,4.0,0.0,0.0,8.0,0.0,0.14,0.03,0.17,0.14,0.17,29.0,4.0,38.0,15.0,39.5,1.31,0.52,0.11,0.27,0.0,0.0,84.0,85.2,29,88.0,26,2,29.0,0,1.1,36.0,38.0,-2.0,-0.07,1.91,0.0,57.0,52.0,3.0,6.0,33.0,42.0,,,0.0,,,,,,,,,,,,,,,
GER-Bundesliga,2324,Mainz 05,Lee Jae-sung,KOR,MF,30.0,1992.0,29.0,24.0,2113.0,23.5,6.0,3.0,9.0,6.0,0.0,0.0,6.0,0.0,0.26,0.13,0.38,0.26,0.38,23.5,6.0,38.0,13.0,34.2,1.62,0.55,0.16,0.46,0.0,0.0,73.0,69.1,24,79.0,6,5,43.0,0,1.1,33.0,32.0,1.0,0.04,1.28,0.0,19.0,27.0,9.0,18.0,27.0,20.0,,,0.0,,,,,,,,,,,,,,,
GER-Bundesliga,2324,Mainz 05,Ludovic Ajorque,FRA,FW,29.0,1994.0,26.0,15.0,1360.0,15.1,2.0,0.0,2.0,2.0,0.0,2.0,4.0,0.0,0.13,0.0,0.13,0.13,0.13,15.1,2.0,30.0,11.0,36.7,1.99,0.73,0.07,0.18,0.0,2.0,52.0,44.4,15,80.0,9,11,14.0,6,1.04,13.0,26.0,-13.0,-0.86,-0.91,0.0,28.0,15.0,5.0,3.0,4.0,2.0,,,0.0,,,,,,,,,,,,,,,
GER-Bundesliga,2324,Mainz 05,Marco Richter,GER,MF,25.0,1997.0,20.0,7.0,717.0,8.0,1.0,0.0,1.0,1.0,0.0,0.0,3.0,0.0,0.13,0.0,0.13,0.13,0.13,8.0,1.0,38.0,9.0,23.7,4.77,1.13,0.03,0.11,0.0,0.0,36.0,23.4,7,73.0,1,13,16.0,9,0.75,3.0,12.0,-9.0,-1.13,-1.01,0.0,10.0,17.0,4.0,37.0,2.0,5.0,,,0.0,,,,,,,,,,,,,,,
GER-Bundesliga,2324,Mainz 05,Marcus Müller,GER,FW,20.0,2002.0,1.0,0.0,18.0,0.2,0.0,0.0,0.0,0.0,0.0,0.0,0.0,0.0,0.0,0.0,0.0,0.0,0.0,0.2,0.0,1.0,0.0,0.0,5.0,0.0,0.0,,0.0,0.0,18.0,0.6,0,,0,1,18.0,2,0.0,0.0,0.0,0.0,0.0,0.36,0.0,1.0,0.0,0.0,0.0,0.0,0.0,,,0.0,,,,,,,,,,,,,,,
GER-Bundesliga,2324,Mainz 05,Maxim Leitsch,GER,DF,25.0,1998.0,7.0,4.0,379.0,4.2,0.0,0.0,0.0,0.0,0.0,0.0,0.0,0.0,0.0,0.0,0.0,0.0,0.0,4.2,0.0,0.0,0.0,,0.0,0.0,,,0.0,0.0,54.0,12.4,4,85.0,3,3,13.0,1,1.0,5.0,2.0,3.0,0.71,1.22,0.0,2.0,2.0,0.0,0.0,4.0,3.0,,,0.0,,,,,,,,,,,,,,,
GER-Bundesliga,2324,Mainz 05,Merveille Papela,GER,MF,22.0,2001.0,11.0,3.0,257.0,2.9,0.0,0.0,0.0,0.0,0.0,0.0,1.0,0.0,0.0,0.0,0.0,0.0,0.0,2.9,0.0,4.0,1.0,25.0,1.4,0.35,0.0,0.0,0.0,0.0,23.0,8.4,3,59.0,0,8,10.0,19,0.91,1.0,7.0,-6.0,-2.1,-1.91,0.0,6.0,1.0,0.0,2.0,4.0,3.0,,,0.0,,,,,,,,,,,,,,,
GER-Bundesliga,2324,Mainz 05,Nadiem Amiri,GER,MF,26.0,1996.0,15.0,15.0,1315.0,14.6,1.0,4.0,5.0,1.0,0.0,1.0,5.0,0.0,0.07,0.27,0.34,0.07,0.34,14.6,1.0,36.0,8.0,22.2,2.46,0.55,0.03,0.13,0.0,1.0,88.0,43.0,15,88.0,11,0,,0,1.53,23.0,20.0,3.0,0.21,0.98,0.0,11.0,32.0,1.0,124.0,14.0,11.0,,,0.0,,,,,,,,,,,,,,,
GER-Bundesliga,2324,Mainz 05,Nelson Weiper,GER,FW,18.0,2005.0,5.0,1.0,124.0,1.4,0.0,0.0,0.0,0.0,0.0,0.0,0.0,0.0,0.0,0.0,0.0,0.0,0.0,1.4,0.0,2.0,0.0,0.0,1.45,0.0,0.0,,0.0,0.0,25.0,4.1,1,69.0,0,4,14.0,2,1.0,1.0,3.0,-2.0,-1.45,-1.15,0.0,0.0,0.0,0.0,1.0,1.0,1.0,,,0.0,,,,,,,,,,,,,,,
GER-Bundesliga,2324,Mainz 05,Phillipp Mwene,AUT,"MF,DF",29.0,1994.0,23.0,23.0,1996.0,22.2,1.0,2.0,3.0,1.0,0.0,0.0,4.0,1.0,0.05,0.09,0.14,0.05,0.14,22.2,1.0,24.0,9.0,37.5,1.08,0.41,0.04,0.11,0.0,0.0,87.0,65.2,23,87.0,16,0,,2,1.09,24.0,26.0,-2.0,-0.09,0.76,0.0,34.0,13.0,2.0,88.0,16.0,16.0,,,0.0,,,,,,,,,,,,,,,
GER-Bundesliga,2324,Mainz 05,Robin Zentner,GER,GK,28.0,1994.0,30.0,30.0,2700.0,30.0,0.0,0.0,0.0,0.0,0.0,0.0,3.0,0.0,0.0,0.0,0.0,0.0,0.0,30.0,0.0,1.0,0.0,0.0,0.03,0.0,0.0,,0.0,0.0,90.0,88.2,30,90.0,30,0,,0,1.1,38.0,48.0,-10.0,-0.33,0.17,0.0,1.0,5.0,0.0,0.0,0.0,2.0,,,0.0,48.0,1.6,130.0,82.0,63.1,7.0,12.0,11.0,7.0,23.3,4.0,3.0,0.0,1.0,0.0
GER-Bundesliga,2324,Mainz 05,Sepp van den Berg,NED,DF,21.0,2001.0,33.0,31.0,2839.0,31.5,3.0,0.0,3.0,3.0,0.0,0.0,9.0,0.0,0.1,0.0,0.1,0.1,0.1,31.5,3.0,25.0,11.0,44.0,0.79,0.35,0.12,0.27,0.0,0.0,86.0,92.8,31,90.0,30,2,27.0,0,1.03,36.0,46.0,-10.0,-0.32,0.5,0.0,33.0,17.0,0.0,2.0,40.0,24.0,,,1.0,,,,,,,,,,,,,,,
GER-Bundesliga,2324,Mainz 05,Silvan Widmer,SUI,"MF,DF",30.0,1993.0,20.0,13.0,1242.0,13.8,1.0,3.0,4.0,1.0,0.0,0.0,4.0,0.0,0.07,0.22,0.29,0.07,0.29,13.8,1.0,14.0,3.0,21.4,1.01,0.22,0.07,0.33,0.0,0.0,62.0,40.6,13,82.0,4,7,26.0,5,1.25,16.0,19.0,-3.0,-0.22,0.23,0.0,9.0,3.0,3.0,34.0,15.0,10.0,,,0.0,,,,,,,,,,,,,,,
GER-Bundesliga,2324,Mainz 05,Stefan Bell,GER,DF,31.0,1991.0,10.0,8.0,666.0,7.4,0.0,0.0,0.0,0.0,0.0,0.0,3.0,0.0,0.0,0.0,0.0,0.0,0.0,7.4,0.0,4.0,2.0,50.0,0.54,0.27,0.0,0.0,0.0,0.0,67.0,21.8,8,76.0,4,2,29.0,4,0.4,6.0,21.0,-15.0,-2.03,-2.14,0.0,10.0,8.0,1.0,1.0,6.0,8.0,,,0.0,,,,,,,,,,,,,,,
GER-Bundesliga,2324,Mainz 05,Tom Krauß,GER,MF,22.0,2001.0,29.0,13.0,1346.0,15.0,1.0,2.0,3.0,1.0,0.0,0.0,5.0,0.0,0.07,0.13,0.2,0.07,0.2,15.0,1.0,18.0,2.0,11.1,1.2,0.13,0.06,0.5,0.0,0.0,46.0,44.0,13,79.0,3,16,20.0,3,0.9,17.0,25.0,-8.0,-0.53,-0.32,0.0,31.0,16.0,0.0,7.0,19.0,33.0,,,0.0,,,,,,,,,,,,,,,
GER-Bundesliga,2324,RB Leipzig,Amadou Haidara,MLI,MF,25.0,1998.0,21.0,19.0,1526.0,17.0,2.0,1.0,3.0,2.0,0.0,0.0,5.0,0.0,0.12,0.06,0.18,0.12,0.18,17.0,2.0,21.0,9.0,42.9,1.24,0.53,0.1,0.22,0.0,0.0,73.0,49.9,19,79.0,4,2,11.0,2,2.1,44.0,17.0,27.0,1.59,0.95,0.0,14.0,15.0,2.0,3.0,21.0,27.0,,,0.0,,,,,,,,,,,,,,,
GER-Bundesliga,2324,RB Leipzig,Benjamin Henrichs,GER,"DF,MF",26.0,1997.0,33.0,28.0,2526.0,28.1,1.0,5.0,6.0,1.0,0.0,0.0,5.0,0.0,0.04,0.18,0.21,0.04,0.21,28.1,1.0,36.0,9.0,25.0,1.28,0.32,0.03,0.11,0.0,0.0,77.0,82.5,28,86.0,18,5,22.0,0,1.94,65.0,31.0,34.0,1.21,0.54,0.0,27.0,34.0,2.0,67.0,32.0,41.0,,,0.0,,,,,,,,,,,,,,,
GER-Bundesliga,2324,RB Leipzig,Benjamin Šeško,SVN,FW,20.0,2003.0,31.0,17.0,1526.0,17.0,14.0,2.0,16.0,14.0,0.0,0.0,0.0,0.0,0.83,0.12,0.94,0.83,0.94,17.0,14.0,47.0,25.0,53.2,2.77,1.47,0.3,0.56,0.0,0.0,49.0,49.9,17,74.0,2,14,19.0,2,2.0,34.0,22.0,12.0,0.71,-0.82,0.0,14.0,10.0,12.0,4.0,3.0,5.0,,,0.0,,,,,,,,,,,,,,,
GER-Bundesliga,2324,RB Leipzig,Castello Lukeba,FRA,DF,20.0,2002.0,32.0,24.0,2191.0,24.3,1.0,0.0,1.0,1.0,0.0,0.0,3.0,0.0,0.04,0.0,0.04,0.04,0.04,24.3,1.0,7.0,3.0,42.9,0.29,0.12,0.14,0.33,0.0,0.0,68.0,71.6,24,88.0,22,8,10.0,2,1.91,55.0,28.0,27.0,1.11,-0.03,0.0,8.0,23.0,1.0,5.0,14.0,12.0,,,0.0,,,,,,,,,,,,,,,
GER-Bundesliga,2324,RB Leipzig,Christoph Baumgartner,AUT,"MF,FW",23.0,1999.0,32.0,11.0,1158.0,12.9,5.0,1.0,6.0,5.0,0.0,0.0,3.0,0.0,0.39,0.08,0.47,0.39,0.47,12.9,5.0,31.0,12.0,38.7,2.41,0.93,0.16,0.42,0.0,0.0,36.0,37.8,11,69.0,0,21,19.0,2,1.94,23.0,16.0,7.0,0.54,-0.92,0.0,27.0,27.0,1.0,9.0,5.0,14.0,,,0.0,,,,,,,,,,,,,,,
GER-Bundesliga,2324,RB Leipzig,Christopher Lenz,GER,"DF,MF",28.0,1994.0,5.0,0.0,47.0,0.5,0.0,0.0,0.0,0.0,0.0,0.0,0.0,0.0,0.0,0.0,0.0,0.0,0.0,0.5,0.0,0.0,0.0,,0.0,0.0,,,0.0,0.0,9.0,1.5,0,,0,5,9.0,21,2.6,2.0,0.0,2.0,3.83,2.75,0.0,2.0,0.0,0.0,5.0,2.0,1.0,,,0.0,,,,,,,,,,,,,,,
GER-Bundesliga,2324,RB Leipzig,Dani Olmo,ESP,MF,25.0,1998.0,21.0,17.0,1449.0,16.1,4.0,5.0,9.0,4.0,0.0,0.0,0.0,0.0,0.25,0.31,0.56,0.25,0.56,16.1,4.0,45.0,14.0,31.1,2.8,0.87,0.09,0.29,0.0,0.0,69.0,47.4,17,82.0,7,4,16.0,0,2.0,41.0,20.0,21.0,1.3,0.35,0.0,15.0,17.0,1.0,21.0,13.0,17.0,,,0.0,,,,,,,,,,,,,,,
GER-Bundesliga,2324,RB Leipzig,David Raum,GER,DF,25.0,1998.0,31.0,31.0,2739.0,30.4,2.0,8.0,10.0,2.0,0.0,0.0,6.0,0.0,0.07,0.26,0.33,0.07,0.33,30.4,2.0,14.0,4.0,28.6,0.46,0.13,0.14,0.5,0.0,0.0,88.0,89.5,31,88.0,25,0,,2,1.94,69.0,35.0,34.0,1.12,0.0,0.0,28.0,11.0,4.0,305.0,29.0,33.0,,,0.0,,,,,,,,,,,,,,,
GER-Bundesliga,2324,RB Leipzig,El Chadaille Bitshiabu,FRA,DF,18.0,2005.0,6.0,0.0,34.0,0.4,0.0,0.0,0.0,0.0,0.0,0.0,0.0,0.0,0.0,0.0,0.0,0.0,0.0,0.4,0.0,0.0,0.0,,0.0,0.0,,,0.0,0.0,6.0,1.1,0,,0,6,6.0,14,2.33,0.0,0.0,0.0,0.0,-1.13,0.0,0.0,0.0,0.0,2.0,1.0,0.0,,,0.0,,,,,,,,,,,,,,,
GER-Bundesliga,2324,RB Leipzig,Elif Elmas,MKD,MF,23.0,1999.0,14.0,2.0,266.0,3.0,0.0,0.0,0.0,0.0,0.0,0.0,0.0,0.0,0.0,0.0,0.0,0.0,0.0,3.0,0.0,10.0,4.0,40.0,3.38,1.35,0.0,0.0,0.0,0.0,19.0,8.7,2,59.0,0,12,12.0,3,1.57,7.0,3.0,4.0,1.35,0.26,0.0,4.0,4.0,0.0,0.0,1.0,6.0,,,0.0,,,,,,,,,,,,,,,
GER-Bundesliga,2324,RB Leipzig,Emil Forsberg,SWE,MF,31.0,1991.0,14.0,5.0,464.0,5.2,2.0,1.0,3.0,2.0,0.0,1.0,0.0,0.0,0.39,0.19,0.58,0.39,0.58,5.2,2.0,12.0,5.0,41.7,2.33,0.97,0.17,0.4,0.0,1.0,33.0,15.2,5,64.0,0,9,16.0,2,1.93,12.0,5.0,7.0,1.36,0.28,0.0,4.0,9.0,0.0,8.0,0.0,3.0,,,0.0,,,,,,,,,,,,,,,
GER-Bundesliga,2324,RB Leipzig,Fabio Carvalho,POR,MF,20.0,2002.0,9.0,1.0,165.0,1.8,0.0,0.0,0.0,0.0,0.0,0.0,0.0,0.0,0.0,0.0,0.0,0.0,0.0,1.8,0.0,3.0,2.0,66.7,1.64,1.09,0.0,0.0,0.0,0.0,18.0,5.4,1,69.0,0,8,12.0,7,1.67,2.0,0.0,2.0,1.09,-0.03,0.0,0.0,3.0,0.0,6.0,0.0,1.0,,,0.0,,,,,,,,,,,,,,,
GER-Bundesliga,2324,RB Leipzig,Janis Blaswich,GER,GK,32.0,1991.0,21.0,21.0,1890.0,21.0,0.0,0.0,0.0,0.0,0.0,0.0,0.0,0.0,0.0,0.0,0.0,0.0,0.0,21.0,0.0,0.0,0.0,,0.0,0.0,,,0.0,0.0,90.0,61.8,21,90.0,21,0,,13,1.62,45.0,30.0,15.0,0.71,-1.05,0.0,0.0,2.0,0.0,0.0,0.0,1.0,,,0.0,30.0,1.43,77.0,47.0,61.0,10.0,4.0,7.0,5.0,23.8,4.0,4.0,0.0,0.0,0.0
GER-Bundesliga,2324,RB Leipzig,Jonathan Norbye,NOR,DF,16.0,2007.0,1.0,0.0,1.0,0.0,0.0,0.0,0.0,0.0,0.0,0.0,0.0,0.0,0.0,0.0,0.0,0.0,0.0,0.0,0.0,0.0,0.0,,0.0,0.0,,,0.0,0.0,1.0,0.0,0,,0,1,1.0,0,1.0,0.0,0.0,0.0,0.0,-1.12,0.0,0.0,0.0,0.0,0.0,0.0,0.0,,,0.0,,,,,,,,,,,,,,,
GER-Bundesliga,2324,RB Leipzig,Kevin Kampl,SVN,MF,32.0,1990.0,26.0,14.0,1363.0,15.1,1.0,0.0,1.0,1.0,0.0,0.0,3.0,0.0,0.07,0.0,0.07,0.07,0.07,15.1,1.0,6.0,1.0,16.7,0.4,0.07,0.17,1.0,0.0,0.0,52.0,44.5,14,83.0,7,12,17.0,7,1.69,30.0,15.0,15.0,0.99,-0.23,0.0,16.0,3.0,0.0,11.0,10.0,7.0,,,0.0,,,,,,,,,,,,,,,
GER-Bundesliga,2324,RB Leipzig,Loïs Openda,BEL,FW,23.0,2000.0,34.0,33.0,2697.0,30.0,24.0,7.0,31.0,22.0,2.0,3.0,4.0,0.0,0.8,0.23,1.03,0.73,0.97,30.0,24.0,121.0,62.0,51.2,4.04,2.07,0.2,0.39,2.0,3.0,79.0,88.1,33,81.0,13,1,26.0,0,1.91,69.0,33.0,36.0,1.2,0.71,0.0,38.0,64.0,33.0,32.0,4.0,3.0,,,0.0,,,,,,,,,,,,,,,
GER-Bundesliga,2324,RB Leipzig,Lukas Klostermann,GER,DF,27.0,1996.0,25.0,16.0,1436.0,16.0,1.0,0.0,1.0,1.0,0.0,0.0,3.0,0.0,0.06,0.0,0.06,0.06,0.06,16.0,1.0,6.0,2.0,33.3,0.38,0.13,0.17,0.5,0.0,0.0,57.0,46.9,16,84.0,13,9,10.0,4,2.04,34.0,22.0,12.0,0.75,-0.69,0.0,11.0,5.0,1.0,8.0,14.0,10.0,,,0.0,,,,,,,,,,,,,,,
GER-Bundesliga,2324,RB Leipzig,Mohamed Simakan,FRA,DF,23.0,2000.0,32.0,23.0,2138.0,23.8,2.0,3.0,5.0,2.0,0.0,0.0,8.0,0.0,0.08,0.13,0.21,0.08,0.21,23.8,2.0,30.0,11.0,36.7,1.26,0.46,0.07,0.18,0.0,0.0,67.0,69.9,23,84.0,13,9,24.0,0,1.91,49.0,30.0,19.0,0.8,-1.05,0.0,35.0,25.0,3.0,19.0,27.0,31.0,,,0.0,,,,,,,,,,,,,,,
GER-Bundesliga,2324,RB Leipzig,Nicolas Seiwald,AUT,MF,22.0,2001.0,21.0,6.0,718.0,8.0,0.0,2.0,2.0,0.0,0.0,0.0,1.0,0.0,0.0,0.25,0.25,0.0,0.25,8.0,0.0,0.0,0.0,,0.0,0.0,,,0.0,0.0,34.0,23.5,6,74.0,2,15,18.0,13,1.76,16.0,14.0,2.0,0.25,-1.13,0.0,5.0,1.0,0.0,4.0,10.0,17.0,,,1.0,,,,,,,,,,,,,,,
GER-Bundesliga,2324,RB Leipzig,Nuha Jatta,GAM,MF,17.0,2006.0,1.0,0.0,1.0,0.0,0.0,0.0,0.0,0.0,0.0,0.0,0.0,0.0,0.0,0.0,0.0,0.0,0.0,0.0,0.0,0.0,0.0,,0.0,0.0,,,0.0,0.0,1.0,0.0,0,,0,1,1.0,2,1.0,0.0,0.0,0.0,0.0,-1.12,0.0,0.0,0.0,0.0,0.0,0.0,0.0,,,0.0,,,,,,,,,,,,,,,
GER-Bundesliga,2324,RB Leipzig,Péter Gulácsi,HUN,GK,33.0,1990.0,13.0,13.0,1170.0,13.0,0.0,0.0,0.0,0.0,0.0,0.0,0.0,0.0,0.0,0.0,0.0,0.0,0.0,13.0,0.0,0.0,0.0,,0.0,0.0,,,0.0,0.0,90.0,38.2,13,90.0,13,0,,16,2.38,32.0,9.0,23.0,1.77,1.05,0.0,0.0,0.0,0.0,0.0,0.0,0.0,,,0.0,9.0,0.69,42.0,33.0,78.6,9.0,4.0,0.0,5.0,38.5,1.0,0.0,0.0,1.0,
GER-Bundesliga,2324,RB Leipzig,Timo Werner,GER,"MF,FW",27.0,1996.0,8.0,2.0,207.0,2.3,2.0,0.0,2.0,1.0,1.0,1.0,0.0,0.0,0.87,0.0,0.87,0.43,0.43,2.3,2.0,9.0,6.0,66.7,3.91,2.61,0.22,0.33,1.0,1.0,26.0,6.8,2,62.0,0,6,14.0,4,2.0,6.0,4.0,2.0,0.87,-0.27,0.0,2.0,0.0,0.0,4.0,1.0,1.0,,,0.0,,,,,,,,,,,,,,,
GER-Bundesliga,2324,RB Leipzig,Willi Orban,HUN,DF,30.0,1992.0,19.0,18.0,1582.0,17.6,0.0,0.0,0.0,0.0,0.0,0.0,2.0,0.0,0.0,0.0,0.0,0.0,0.0,17.6,0.0,7.0,2.0,28.6,0.4,0.11,0.0,0.0,0.0,0.0,83.0,51.7,18,88.0,16,1,6.0,0,2.0,45.0,17.0,28.0,1.59,0.98,0.0,16.0,10.0,0.0,1.0,16.0,12.0,,,0.0,,,,,,,,,,,,,,,
GER-Bundesliga,2324,RB Leipzig,Xaver Schlager,AUT,MF,25.0,1997.0,29.0,29.0,2477.0,27.5,0.0,5.0,5.0,0.0,0.0,0.0,7.0,0.0,0.0,0.18,0.18,0.0,0.18,27.5,0.0,21.0,3.0,14.3,0.76,0.11,0.0,0.0,0.0,0.0,85.0,80.9,29,85.0,22,0,,0,1.93,64.0,32.0,32.0,1.16,0.24,0.0,34.0,25.0,2.0,14.0,19.0,52.0,,,0.0,,,,,,,,,,,,,,,
GER-Bundesliga,2324,RB Leipzig,Xavi Simons,NED,MF,20.0,2003.0,32.0,32.0,2653.0,29.5,8.0,11.0,19.0,7.0,1.0,2.0,11.0,1.0,0.27,0.37,0.64,0.24,0.61,29.5,8.0,81.0,33.0,40.7,2.75,1.12,0.1,0.24,1.0,2.0,83.0,86.7,32,83.0,10,0,,0,2.0,69.0,28.0,41.0,1.39,2.05,1.0,32.0,71.0,1.0,76.0,17.0,18.0,,,0.0,,,,,,,,,,,,,,,
GER-Bundesliga,2324,RB Leipzig,Yussuf Poulsen,DEN,FW,29.0,1994.0,28.0,12.0,1217.0,13.5,5.0,2.0,7.0,5.0,0.0,0.0,0.0,0.0,0.37,0.15,0.52,0.37,0.52,13.5,5.0,29.0,16.0,55.2,2.14,1.18,0.17,0.31,0.0,0.0,43.0,39.8,12,75.0,2,16,20.0,3,1.75,34.0,15.0,19.0,1.41,0.48,0.0,22.0,29.0,4.0,3.0,3.0,7.0,,,0.0,,,,,,,,,,,,,,,
GER-Bundesliga,2324,Stuttgart,Alexander Nübel,GER,GK,26.0,1996.0,30.0,30.0,2700.0,30.0,0.0,0.0,0.0,0.0,0.0,0.0,1.0,0.0,0.0,0.0,0.0,0.0,0.0,30.0,0.0,0.0,0.0,,0.0,0.0,,,0.0,0.0,90.0,88.2,30,90.0,30,0,,0,2.1,69.0,36.0,33.0,1.1,-0.4,0.0,0.0,4.0,0.0,0.0,0.0,2.0,,,1.0,36.0,1.2,108.0,74.0,66.7,20.0,3.0,7.0,9.0,30.0,3.0,3.0,0.0,0.0,0.0
GER-Bundesliga,2324,Stuttgart,Angelo Stiller,GER,MF,22.0,2001.0,31.0,30.0,2694.0,29.9,1.0,5.0,6.0,1.0,0.0,0.0,5.0,0.0,0.03,0.17,0.2,0.03,0.2,29.9,1.0,16.0,3.0,18.8,0.53,0.1,0.06,0.33,0.0,0.0,87.0,88.0,30,89.0,26,1,20.0,0,2.23,69.0,32.0,37.0,1.24,0.74,0.0,37.0,33.0,0.0,81.0,28.0,33.0,,,0.0,,,,,,,,,,,,,,,
GER-Bundesliga,2324,Stuttgart,Anthony Rouault,FRA,DF,22.0,2001.0,22.0,11.0,1010.0,11.2,0.0,2.0,2.0,0.0,0.0,0.0,3.0,0.0,0.0,0.18,0.18,0.0,0.18,11.2,0.0,3.0,1.0,33.3,0.27,0.09,0.0,0.0,0.0,0.0,46.0,33.0,11,77.0,5,11,15.0,4,2.18,27.0,15.0,12.0,1.07,-0.12,0.0,8.0,4.0,1.0,3.0,10.0,12.0,,,0.0,,,,,,,,,,,,,,,
GER-Bundesliga,2324,Stuttgart,Atakan Karazor,TUR,MF,26.0,1996.0,33.0,31.0,2623.0,29.1,0.0,4.0,4.0,0.0,0.0,0.0,9.0,0.0,0.0,0.14,0.14,0.0,0.14,29.1,0.0,19.0,2.0,10.5,0.65,0.07,0.0,0.0,0.0,0.0,79.0,85.7,31,84.0,21,2,16.0,0,2.12,64.0,34.0,30.0,1.03,-0.82,0.0,27.0,61.0,0.0,4.0,26.0,48.0,,,0.0,,,,,,,,,,,,,,,
GER-Bundesliga,2324,Stuttgart,Borna Sosa,CRO,"DF,MF",25.0,1998.0,2.0,0.0,46.0,0.5,0.0,0.0,0.0,0.0,0.0,0.0,0.0,0.0,0.0,0.0,0.0,0.0,0.0,0.5,0.0,1.0,0.0,0.0,1.96,0.0,0.0,,0.0,0.0,23.0,1.5,0,,0,2,23.0,0,1.5,0.0,4.0,-4.0,-7.83,-9.11,0.0,0.0,0.0,0.0,12.0,0.0,0.0,,,0.0,,,,,,,,,,,,,,,
GER-Bundesliga,2324,Stuttgart,Chris Führich,GER,MF,25.0,1998.0,34.0,33.0,2567.0,28.5,8.0,7.0,15.0,8.0,0.0,1.0,2.0,0.0,0.28,0.25,0.53,0.28,0.53,28.5,8.0,54.0,25.0,46.3,1.89,0.88,0.15,0.32,0.0,1.0,76.0,83.9,33,76.0,5,1,45.0,0,2.15,64.0,31.0,33.0,1.16,0.06,0.0,6.0,10.0,3.0,100.0,5.0,20.0,,,0.0,,,,,,,,,,,,,,,
GER-Bundesliga,2324,Stuttgart,Dan-Axel Zagadou,FRA,DF,24.0,1999.0,19.0,16.0,1453.0,16.1,1.0,0.0,1.0,1.0,0.0,0.0,1.0,0.0,0.06,0.0,0.06,0.06,0.06,16.1,1.0,11.0,2.0,18.2,0.68,0.12,0.09,0.5,0.0,0.0,76.0,47.5,16,88.0,14,3,13.0,0,1.95,37.0,22.0,15.0,0.93,-0.42,0.0,17.0,3.0,1.0,0.0,22.0,15.0,,,1.0,,,,,,,,,,,,,,,
GER-Bundesliga,2324,Stuttgart,Deniz Undav,GER,"FW,MF",27.0,1996.0,30.0,23.0,2089.0,23.2,18.0,10.0,28.0,18.0,0.0,1.0,5.0,0.0,0.78,0.43,1.21,0.78,1.21,23.2,18.0,108.0,54.0,50.0,4.65,2.33,0.17,0.33,0.0,1.0,70.0,68.3,23,83.0,8,7,27.0,0,2.2,53.0,27.0,26.0,1.12,-0.08,0.0,29.0,27.0,4.0,9.0,6.0,15.0,,,0.0,,,,,,,,,,,,,,,
GER-Bundesliga,2324,Stuttgart,Enzo Millot,FRA,MF,21.0,2002.0,31.0,27.0,2241.0,24.9,5.0,4.0,9.0,4.0,1.0,1.0,5.0,0.0,0.2,0.16,0.36,0.16,0.32,24.9,5.0,39.0,18.0,46.2,1.57,0.72,0.13,0.28,1.0,1.0,72.0,73.2,27,80.0,8,4,24.0,1,2.26,55.0,25.0,30.0,1.2,0.22,0.0,36.0,35.0,4.0,40.0,17.0,22.0,,,0.0,,,,,,,,,,,,,,,
GER-Bundesliga,2324,Stuttgart,Fabian Bredlow,GER,GK,28.0,1995.0,4.0,4.0,360.0,4.0,0.0,0.0,0.0,0.0,0.0,0.0,0.0,0.0,0.0,0.0,0.0,0.0,0.0,4.0,0.0,0.0,0.0,,0.0,0.0,,,0.0,0.0,90.0,11.8,4,90.0,4,0,,26,2.5,9.0,3.0,6.0,1.5,0.4,0.0,0.0,1.0,0.0,0.0,0.0,0.0,,,0.0,3.0,0.75,22.0,19.0,86.4,3.0,1.0,0.0,1.0,25.0,0.0,0.0,0.0,0.0,
GER-Bundesliga,2324,Stuttgart,Genki Haraguchi,JPN,"FW,MF",32.0,1991.0,2.0,0.0,27.0,0.3,0.0,0.0,0.0,0.0,0.0,0.0,0.0,0.0,0.0,0.0,0.0,0.0,0.0,0.3,0.0,0.0,0.0,,0.0,0.0,,,0.0,0.0,14.0,0.9,0,,0,2,14.0,24,1.5,0.0,2.0,-2.0,-6.67,-7.88,0.0,2.0,0.0,0.0,0.0,0.0,1.0,,,0.0,,,,,,,,,,,,,,,
GER-Bundesliga,2324,Stuttgart,Hiroki Ito,JPN,DF,24.0,1999.0,26.0,25.0,2228.0,24.8,0.0,2.0,2.0,0.0,0.0,0.0,1.0,0.0,0.0,0.08,0.08,0.0,0.08,24.8,0.0,18.0,4.0,22.2,0.73,0.16,0.0,0.0,0.0,0.0,86.0,72.8,25,88.0,20,1,22.0,0,2.31,59.0,27.0,32.0,1.29,0.54,0.0,17.0,8.0,2.0,23.0,32.0,17.0,,,0.0,,,,,,,,,,,,,,,
GER-Bundesliga,2324,Stuttgart,Jamie Leweling,GER,MF,22.0,2001.0,34.0,17.0,1523.0,16.9,4.0,4.0,8.0,4.0,0.0,0.0,3.0,0.0,0.24,0.24,0.47,0.24,0.47,16.9,4.0,43.0,22.0,51.2,2.54,1.3,0.09,0.18,0.0,0.0,45.0,49.8,17,71.0,1,17,18.0,0,2.15,34.0,16.0,18.0,1.06,-0.17,0.0,22.0,23.0,8.0,46.0,5.0,11.0,,,0.0,,,,,,,,,,,,,,,
GER-Bundesliga,2324,Stuttgart,Jeong Woo-yeong,KOR,MF,23.0,1999.0,26.0,5.0,633.0,7.0,2.0,3.0,5.0,2.0,0.0,0.0,1.0,0.0,0.28,0.43,0.71,0.28,0.71,7.0,2.0,18.0,8.0,44.4,2.56,1.14,0.11,0.25,0.0,0.0,24.0,20.7,5,75.0,1,21,12.0,0,2.12,19.0,9.0,10.0,1.42,0.35,0.0,4.0,9.0,2.0,8.0,9.0,9.0,,,0.0,,,,,,,,,,,,,,,
GER-Bundesliga,2324,Stuttgart,Josha Vagnoman,GER,"MF,DF",22.0,2000.0,18.0,12.0,1183.0,13.1,2.0,2.0,4.0,2.0,0.0,0.0,2.0,0.0,0.15,0.15,0.3,0.15,0.3,13.1,2.0,17.0,7.0,41.2,1.29,0.53,0.12,0.29,0.0,0.0,66.0,38.7,12,85.0,7,6,28.0,0,2.17,25.0,19.0,6.0,0.46,-1.13,0.0,11.0,8.0,2.0,22.0,3.0,19.0,,,0.0,,,,,,,,,,,,,,,
GER-Bundesliga,2324,Stuttgart,Jovan Milošević,SRB,FW,18.0,2005.0,5.0,0.0,28.0,0.3,0.0,0.0,0.0,0.0,0.0,0.0,0.0,0.0,0.0,0.0,0.0,0.0,0.0,0.3,0.0,0.0,0.0,,0.0,0.0,,,0.0,0.0,6.0,0.9,0,,0,5,6.0,10,2.4,0.0,0.0,0.0,0.0,-1.16,0.0,1.0,1.0,0.0,0.0,0.0,0.0,,,0.0,,,,,,,,,,,,,,,
GER-Bundesliga,2324,Stuttgart,Leonidas Stergiou,SUI,DF,21.0,2002.0,15.0,6.0,594.0,6.6,1.0,0.0,1.0,1.0,0.0,0.0,0.0,0.0,0.15,0.0,0.15,0.15,0.15,6.6,1.0,3.0,1.0,33.3,0.45,0.15,0.33,1.0,0.0,0.0,40.0,19.4,6,81.0,4,9,12.0,17,2.13,14.0,6.0,8.0,1.21,0.08,0.0,5.0,1.0,0.0,12.0,5.0,7.0,,,0.0,,,,,,,,,,,,,,,
GER-Bundesliga,2324,Stuttgart,Lilian Egloff,GER,MF,20.0,2002.0,5.0,1.0,106.0,1.2,0.0,0.0,0.0,0.0,0.0,0.0,1.0,0.0,0.0,0.0,0.0,0.0,0.0,1.2,0.0,3.0,0.0,0.0,2.55,0.0,0.0,,0.0,0.0,21.0,3.5,1,69.0,0,4,9.0,7,1.2,2.0,4.0,-2.0,-1.7,-2.95,0.0,2.0,2.0,0.0,0.0,1.0,1.0,,,0.0,,,,,,,,,,,,,,,
GER-Bundesliga,2324,Stuttgart,Luca Raimund,GER,MF,18.0,2005.0,3.0,0.0,30.0,0.3,0.0,0.0,0.0,0.0,0.0,0.0,1.0,0.0,0.0,0.0,0.0,0.0,0.0,0.3,0.0,2.0,0.0,0.0,6.0,0.0,0.0,,0.0,0.0,10.0,1.0,0,,0,3,10.0,8,1.0,1.0,2.0,-1.0,-3.0,-4.19,0.0,2.0,0.0,0.0,1.0,0.0,1.0,,,0.0,,,,,,,,,,,,,,,
GER-Bundesliga,2324,Stuttgart,Mahmoud Dahoud,GER,MF,27.0,1996.0,13.0,1.0,227.0,2.5,1.0,0.0,1.0,1.0,0.0,0.0,0.0,0.0,0.4,0.0,0.4,0.4,0.4,2.5,1.0,3.0,1.0,33.3,1.19,0.4,0.33,1.0,0.0,0.0,17.0,7.4,1,66.0,0,12,13.0,2,2.31,6.0,3.0,3.0,1.19,0.05,0.0,0.0,2.0,0.0,6.0,0.0,1.0,,,0.0,,,,,,,,,,,,,,,
GER-Bundesliga,2324,Stuttgart,Maximilian Mittelstädt,GER,"DF,MF",26.0,1997.0,31.0,23.0,2103.0,23.4,2.0,4.0,6.0,2.0,0.0,0.0,5.0,0.0,0.09,0.17,0.26,0.09,0.26,23.4,2.0,21.0,6.0,28.6,0.9,0.26,0.1,0.33,0.0,0.0,68.0,68.7,23,85.0,16,8,18.0,2,2.16,53.0,24.0,29.0,1.24,0.3,0.0,29.0,31.0,1.0,106.0,43.0,49.0,,,0.0,,,,,,,,,,,,,,,
GER-Bundesliga,2324,Stuttgart,Pascal Stenzel,GER,DF,27.0,1996.0,23.0,14.0,1064.0,11.8,0.0,5.0,5.0,0.0,0.0,0.0,3.0,1.0,0.0,0.42,0.42,0.0,0.42,11.8,0.0,14.0,4.0,28.6,1.18,0.34,0.0,0.0,0.0,0.0,46.0,34.8,14,68.0,1,9,12.0,9,2.3,30.0,13.0,17.0,1.44,0.45,1.0,16.0,11.0,0.0,26.0,17.0,7.0,,,0.0,,,,,,,,,,,,,,,
GER-Bundesliga,2324,Stuttgart,Roberto Massimo,GER,"FW,MF",22.0,2000.0,5.0,0.0,84.0,0.9,0.0,0.0,0.0,0.0,0.0,0.0,1.0,0.0,0.0,0.0,0.0,0.0,0.0,0.9,0.0,0.0,0.0,,0.0,0.0,,,0.0,0.0,17.0,2.7,0,,0,5,17.0,7,1.8,1.0,2.0,-1.0,-1.07,-2.28,0.0,2.0,1.0,0.0,0.0,1.0,0.0,,,0.0,,,,,,,,,,,,,,,
GER-Bundesliga,2324,Stuttgart,Samuele Di Benedetto,GER,MF,18.0,2005.0,1.0,0.0,7.0,0.1,0.0,0.0,0.0,0.0,0.0,0.0,0.0,0.0,0.0,0.0,0.0,0.0,0.0,0.1,0.0,0.0,0.0,,0.0,0.0,,,0.0,0.0,7.0,0.2,0,,0,1,7.0,2,3.0,0.0,0.0,0.0,0.0,-1.15,0.0,0.0,2.0,0.0,0.0,1.0,0.0,,,0.0,,,,,,,,,,,,,,,
GER-Bundesliga,2324,Stuttgart,Serhou Guirassy,GUI,FW,27.0,1996.0,28.0,25.0,2208.0,24.5,28.0,3.0,31.0,24.0,4.0,4.0,0.0,0.0,1.14,0.12,1.26,0.98,1.1,24.5,28.0,91.0,45.0,49.5,3.71,1.83,0.31,0.62,4.0,4.0,79.0,72.2,25,85.0,15,3,28.0,0,2.39,58.0,24.0,34.0,1.39,0.86,0.0,18.0,55.0,17.0,1.0,6.0,3.0,,,0.0,,,,,,,,,,,,,,,
GER-Bundesliga,2324,Stuttgart,Silas Katompa,COD,MF,24.0,1998.0,27.0,8.0,900.0,10.0,5.0,2.0,7.0,5.0,0.0,1.0,0.0,0.0,0.5,0.2,0.7,0.5,0.7,10.0,5.0,24.0,9.0,37.5,2.4,0.9,0.21,0.56,0.0,1.0,33.0,29.4,8,70.0,0,19,18.0,1,2.15,30.0,10.0,20.0,2.0,1.21,0.0,13.0,15.0,5.0,28.0,0.0,3.0,,,0.0,,,,,,,,,,,,,,,
GER-Bundesliga,2324,Stuttgart,Waldemar Anton,GER,DF,27.0,1996.0,33.0,32.0,2886.0,32.1,0.0,3.0,3.0,0.0,0.0,0.0,7.0,0.0,0.0,0.09,0.09,0.0,0.09,32.1,0.0,27.0,6.0,22.2,0.84,0.19,0.0,0.0,0.0,0.0,87.0,94.3,32,89.0,30,1,45.0,0,2.12,76.0,38.0,38.0,1.19,0.67,0.0,25.0,26.0,0.0,13.0,39.0,27.0,,,1.0,,,,,,,,,,,,,,,
GER-Bundesliga,2324,Union Berlin,Alex Král,CZE,MF,25.0,1998.0,24.0,13.0,1370.0,15.2,0.0,0.0,0.0,0.0,0.0,0.0,2.0,0.0,0.0,0.0,0.0,0.0,0.0,15.2,0.0,18.0,5.0,27.8,1.18,0.33,0.0,0.0,0.0,0.0,57.0,44.8,13,81.0,9,11,28.0,6,1.0,15.0,22.0,-7.0,-0.46,0.5,0.0,16.0,13.0,2.0,17.0,11.0,13.0,,,0.0,,,,,,,,,,,,,,,
GER-Bundesliga,2324,Union Berlin,Alexander Schwolow,GER,GK,31.0,1992.0,1.0,1.0,90.0,1.0,0.0,0.0,0.0,0.0,0.0,0.0,0.0,0.0,0.0,0.0,0.0,0.0,0.0,1.0,0.0,0.0,0.0,,0.0,0.0,,,0.0,0.0,90.0,2.9,1,90.0,1,0,,28,0.0,0.0,2.0,-2.0,-2.0,-1.3,0.0,0.0,0.0,0.0,0.0,0.0,0.0,,,0.0,2.0,2.0,6.0,4.0,66.7,0.0,0.0,1.0,0.0,0.0,0.0,0.0,0.0,0.0,
GER-Bundesliga,2324,Union Berlin,Aljoscha Kemlein,GER,MF,18.0,2004.0,2.0,0.0,29.0,0.3,0.0,0.0,0.0,0.0,0.0,0.0,0.0,0.0,0.0,0.0,0.0,0.0,0.0,0.3,0.0,1.0,0.0,0.0,3.1,0.0,0.0,,0.0,0.0,15.0,0.9,0,,0,2,15.0,4,3.0,2.0,0.0,2.0,6.21,7.01,0.0,2.0,0.0,0.0,0.0,0.0,0.0,,,0.0,,,,,,,,,,,,,,,
GER-Bundesliga,2324,Union Berlin,András Schäfer,HUN,MF,24.0,1999.0,20.0,14.0,1214.0,13.5,1.0,2.0,3.0,1.0,0.0,0.0,1.0,1.0,0.07,0.15,0.22,0.07,0.22,13.5,1.0,21.0,5.0,23.8,1.56,0.37,0.05,0.2,0.0,0.0,61.0,39.7,14,74.0,4,6,30.0,0,1.0,13.0,24.0,-11.0,-0.82,-0.13,0.0,22.0,17.0,2.0,18.0,20.0,15.0,,,0.0,,,,,,,,,,,,,,,
GER-Bundesliga,2324,Union Berlin,Aïssa Laïdouni,TUN,MF,26.0,1996.0,23.0,10.0,1071.0,11.9,0.0,3.0,3.0,0.0,0.0,0.0,2.0,0.0,0.0,0.25,0.25,0.0,0.25,11.9,0.0,13.0,5.0,38.5,1.09,0.42,0.0,0.0,0.0,0.0,47.0,35.0,10,76.0,4,13,24.0,7,0.91,13.0,25.0,-12.0,-1.01,-0.42,0.0,20.0,27.0,0.0,22.0,12.0,12.0,,,0.0,,,,,,,,,,,,,,,
GER-Bundesliga,2324,Union Berlin,Benedict Hollerbach,GER,"FW,MF",22.0,2001.0,28.0,15.0,1282.0,14.2,5.0,0.0,5.0,5.0,0.0,0.0,2.0,0.0,0.35,0.0,0.35,0.35,0.35,14.2,5.0,34.0,10.0,29.4,2.39,0.7,0.15,0.5,0.0,0.0,46.0,41.9,15,68.0,1,13,20.0,5,0.93,14.0,25.0,-11.0,-0.77,-0.06,0.0,29.0,20.0,4.0,44.0,5.0,12.0,,,0.0,,,,,,,,,,,,,,,
GER-Bundesliga,2324,Union Berlin,Brenden Aaronson,USA,"MF,FW",22.0,2000.0,30.0,14.0,1267.0,14.1,2.0,2.0,4.0,2.0,0.0,0.0,3.0,1.0,0.14,0.14,0.28,0.14,0.28,14.1,2.0,19.0,7.0,36.8,1.35,0.5,0.11,0.29,0.0,0.0,42.0,41.4,14,68.0,2,16,20.0,2,1.07,17.0,23.0,-6.0,-0.43,0.53,1.0,15.0,25.0,5.0,22.0,2.0,18.0,,,0.0,,,,,,,,,,,,,,,
GER-Bundesliga,2324,Union Berlin,Chris Bedia,CIV,FW,27.0,1996.0,7.0,0.0,145.0,1.6,1.0,0.0,1.0,1.0,0.0,0.0,0.0,0.0,0.62,0.0,0.62,0.62,0.62,1.6,1.0,3.0,1.0,33.3,1.86,0.62,0.33,1.0,0.0,0.0,21.0,4.7,0,,0,7,21.0,8,0.0,3.0,5.0,-2.0,-1.24,-0.53,0.0,7.0,2.0,0.0,0.0,0.0,1.0,,,0.0,,,,,,,,,,,,,,,
GER-Bundesliga,2324,Union Berlin,Christopher Trimmel,AUT,"MF,DF",36.0,1987.0,26.0,19.0,1646.0,18.3,0.0,2.0,2.0,0.0,0.0,0.0,2.0,1.0,0.0,0.11,0.11,0.0,0.11,18.3,0.0,6.0,4.0,66.7,0.33,0.22,0.0,0.0,0.0,0.0,63.0,53.8,19,79.0,8,7,20.0,6,0.88,15.0,33.0,-18.0,-0.98,-0.54,0.0,13.0,4.0,3.0,165.0,9.0,15.0,,,0.0,,,,,,,,,,,,,,,
GER-Bundesliga,2324,Union Berlin,Danilho Doekhi,NED,DF,25.0,1998.0,24.0,24.0,2160.0,24.0,2.0,0.0,2.0,2.0,0.0,0.0,2.0,0.0,0.08,0.0,0.08,0.08,0.08,24.0,2.0,16.0,2.0,12.5,0.67,0.08,0.13,1.0,0.0,0.0,90.0,70.6,24,90.0,24,0,,3,0.92,26.0,43.0,-17.0,-0.71,0.09,0.0,13.0,20.0,0.0,3.0,37.0,25.0,,,0.0,,,,,,,,,,,,,,,
GER-Bundesliga,2324,Union Berlin,David Datro Fofana,CIV,"FW,MF",20.0,2002.0,12.0,8.0,682.0,7.6,1.0,0.0,1.0,1.0,0.0,0.0,0.0,0.0,0.13,0.0,0.13,0.13,0.13,7.6,1.0,26.0,13.0,50.0,3.43,1.72,0.04,0.08,0.0,0.0,57.0,22.3,8,66.0,1,4,40.0,0,0.83,6.0,16.0,-10.0,-1.32,-0.75,0.0,8.0,12.0,4.0,11.0,0.0,7.0,,,0.0,,,,,,,,,,,,,,,
GER-Bundesliga,2324,Union Berlin,Diogo Leite,POR,DF,24.0,1999.0,32.0,31.0,2702.0,30.0,0.0,0.0,0.0,0.0,0.0,0.0,6.0,0.0,0.0,0.0,0.0,0.0,0.0,30.0,0.0,12.0,4.0,33.3,0.4,0.13,0.0,0.0,0.0,0.0,84.0,88.3,31,86.0,25,1,27.0,0,1.0,26.0,49.0,-23.0,-0.77,-0.26,0.0,40.0,31.0,1.0,4.0,46.0,35.0,,,0.0,,,,,,,,,,,,,,,
GER-Bundesliga,2324,Union Berlin,Frederik Rønnow,DEN,GK,30.0,1992.0,33.0,33.0,2970.0,33.0,0.0,0.0,0.0,0.0,0.0,0.0,2.0,0.0,0.0,0.0,0.0,0.0,0.0,33.0,0.0,3.0,0.0,0.0,0.09,0.0,0.0,,0.0,0.0,90.0,97.1,33,90.0,33,0,,0,1.0,33.0,56.0,-23.0,-0.7,1.3,0.0,0.0,4.0,0.0,0.0,1.0,1.0,,,0.0,56.0,1.7,162.0,106.0,65.4,9.0,6.0,18.0,7.0,21.2,7.0,5.0,2.0,0.0,28.6
GER-Bundesliga,2324,Union Berlin,Janik Haberer,GER,MF,29.0,1994.0,21.0,14.0,1221.0,13.6,1.0,1.0,2.0,1.0,0.0,0.0,7.0,0.0,0.07,0.07,0.15,0.07,0.15,13.6,1.0,15.0,4.0,26.7,1.11,0.29,0.07,0.25,0.0,0.0,58.0,39.9,14,75.0,6,7,25.0,7,0.71,10.0,30.0,-20.0,-1.47,-1.23,0.0,22.0,16.0,1.0,15.0,13.0,24.0,,,0.0,,,,,,,,,,,,,,,
GER-Bundesliga,2324,Union Berlin,Jordan Pefok,USA,FW,27.0,1996.0,1.0,0.0,27.0,0.3,0.0,0.0,0.0,0.0,0.0,0.0,0.0,0.0,0.0,0.0,0.0,0.0,0.0,0.3,0.0,0.0,0.0,,0.0,0.0,,,0.0,0.0,27.0,0.9,0,,0,1,27.0,1,3.0,1.0,0.0,1.0,3.33,4.1,0.0,2.0,0.0,0.0,0.0,0.0,0.0,,,0.0,,,,,,,,,,,,,,,
GER-Bundesliga,2324,Union Berlin,Josip Juranović,CRO,"MF,DF",27.0,1995.0,21.0,14.0,1294.0,14.4,0.0,2.0,2.0,0.0,0.0,1.0,4.0,0.0,0.0,0.14,0.14,0.0,0.14,14.4,0.0,12.0,3.0,25.0,0.83,0.21,0.0,0.0,0.0,1.0,62.0,42.3,14,83.0,8,7,19.0,3,0.95,18.0,23.0,-5.0,-0.35,0.67,0.0,4.0,10.0,0.0,103.0,13.0,14.0,,,0.0,,,,,,,,,,,,,,,
GER-Bundesliga,2324,Union Berlin,Jérôme Roussillon,GLP,"DF,MF",30.0,1993.0,23.0,8.0,752.0,8.4,0.0,1.0,1.0,0.0,0.0,0.0,2.0,0.0,0.0,0.12,0.12,0.0,0.12,8.4,0.0,7.0,4.0,57.1,0.84,0.48,0.0,0.0,0.0,0.0,33.0,24.6,8,72.0,2,15,12.0,3,1.13,10.0,12.0,-2.0,-0.24,0.66,0.0,4.0,10.0,0.0,21.0,5.0,9.0,,,0.0,,,,,,,,,,,,,,,
GER-Bundesliga,2324,Union Berlin,Kevin Behrens,GER,FW,32.0,1991.0,18.0,14.0,1262.0,14.0,4.0,0.0,4.0,4.0,0.0,0.0,3.0,0.0,0.29,0.0,0.29,0.29,0.29,14.0,4.0,41.0,13.0,31.7,2.92,0.93,0.1,0.31,0.0,0.0,70.0,41.2,14,81.0,6,4,34.0,0,0.94,13.0,24.0,-11.0,-0.78,-0.08,0.0,22.0,20.0,8.0,6.0,5.0,10.0,,,0.0,,,,,,,,,,,,,,,
GER-Bundesliga,2324,Union Berlin,Kevin Vogt,GER,DF,31.0,1991.0,16.0,16.0,1323.0,14.7,0.0,0.0,0.0,0.0,0.0,0.0,5.0,0.0,0.0,0.0,0.0,0.0,0.0,14.7,0.0,1.0,0.0,0.0,0.07,0.0,0.0,,0.0,0.0,83.0,43.2,16,83.0,13,0,,0,0.88,8.0,22.0,-14.0,-0.95,-0.38,0.0,17.0,9.0,1.0,0.0,8.0,9.0,,,0.0,,,,,,,,,,,,,,,
GER-Bundesliga,2324,Union Berlin,Kevin Volland,GER,"FW,MF",31.0,1992.0,26.0,17.0,1345.0,14.9,3.0,4.0,7.0,1.0,2.0,3.0,3.0,2.0,0.2,0.27,0.47,0.07,0.33,14.9,3.0,36.0,14.0,38.9,2.41,0.94,0.08,0.21,2.0,3.0,52.0,44.0,17,68.0,3,9,22.0,1,1.12,13.0,22.0,-9.0,-0.6,0.24,1.0,28.0,13.0,7.0,56.0,6.0,11.0,,,0.0,,,,,,,,,,,,,,,
GER-Bundesliga,2324,Union Berlin,Leonardo Bonucci,ITA,DF,36.0,1987.0,7.0,6.0,460.0,5.1,1.0,0.0,1.0,0.0,1.0,1.0,0.0,0.0,0.2,0.0,0.2,0.0,0.0,5.1,1.0,1.0,1.0,100.0,0.2,0.2,1.0,1.0,1.0,1.0,66.0,15.0,6,73.0,2,1,23.0,5,0.43,3.0,13.0,-10.0,-1.96,-1.44,0.0,2.0,1.0,0.0,6.0,9.0,4.0,,,0.0,,,,,,,,,,,,,,,
GER-Bundesliga,2324,Union Berlin,Lucas Tousart,FRA,MF,26.0,1997.0,23.0,18.0,1572.0,17.5,0.0,0.0,0.0,0.0,0.0,0.0,5.0,0.0,0.0,0.0,0.0,0.0,0.0,17.5,0.0,25.0,6.0,24.0,1.43,0.34,0.0,0.0,0.0,0.0,68.0,51.4,18,80.0,10,5,28.0,3,0.83,11.0,28.0,-17.0,-0.97,-0.49,0.0,31.0,8.0,0.0,9.0,24.0,21.0,,,0.0,,,,,,,,,,,,,,,
GER-Bundesliga,2324,Union Berlin,Mikkel Kaufmann,DEN,FW,22.0,2001.0,18.0,4.0,486.0,5.4,1.0,0.0,1.0,1.0,0.0,0.0,0.0,0.0,0.19,0.0,0.19,0.19,0.19,5.4,1.0,15.0,6.0,40.0,2.78,1.11,0.07,0.17,0.0,0.0,27.0,15.9,4,66.0,0,14,16.0,6,0.94,5.0,7.0,-2.0,-0.37,0.43,0.0,7.0,10.0,0.0,5.0,1.0,3.0,,,0.0,,,,,,,,,,,,,,,
GER-Bundesliga,2324,Union Berlin,Miloš Pantović,SRB,"FW,MF",27.0,1996.0,1.0,0.0,15.0,0.2,1.0,0.0,1.0,1.0,0.0,0.0,0.0,0.0,6.0,0.0,6.0,6.0,6.0,0.2,1.0,1.0,1.0,100.0,6.0,6.0,1.0,1.0,0.0,0.0,15.0,0.5,0,,0,1,15.0,0,3.0,1.0,0.0,1.0,6.0,6.77,0.0,0.0,2.0,0.0,0.0,0.0,0.0,,,0.0,,,,,,,,,,,,,,,
GER-Bundesliga,2324,Union Berlin,Paul Jaeckel,GER,DF,25.0,1998.0,6.0,2.0,234.0,2.6,0.0,0.0,0.0,0.0,0.0,0.0,0.0,0.0,0.0,0.0,0.0,0.0,0.0,2.6,0.0,0.0,0.0,,0.0,0.0,,,0.0,0.0,39.0,7.6,2,90.0,2,4,14.0,19,1.67,2.0,6.0,-4.0,-1.54,-0.87,0.0,0.0,2.0,0.0,0.0,4.0,2.0,,,0.0,,,,,,,,,,,,,,,
GER-Bundesliga,2324,Union Berlin,Rani Khedira,TUN,MF,29.0,1994.0,20.0,18.0,1343.0,14.9,0.0,0.0,0.0,0.0,0.0,0.0,5.0,1.0,0.0,0.0,0.0,0.0,0.0,14.9,0.0,3.0,1.0,33.3,0.2,0.07,0.0,0.0,0.0,0.0,67.0,43.9,18,73.0,8,2,19.0,1,1.1,16.0,19.0,-3.0,-0.2,0.95,0.0,25.0,13.0,1.0,6.0,20.0,20.0,,,0.0,,,,,,,,,,,,,,,
GER-Bundesliga,2324,Union Berlin,Robin Gosens,GER,"MF,DF",29.0,1994.0,30.0,27.0,2283.0,25.4,6.0,3.0,9.0,6.0,0.0,0.0,9.0,1.0,0.24,0.12,0.35,0.24,0.35,25.4,6.0,32.0,10.0,31.3,1.26,0.39,0.19,0.6,0.0,0.0,76.0,74.6,27,82.0,10,3,20.0,0,1.0,27.0,45.0,-18.0,-0.71,0.1,1.0,29.0,24.0,17.0,63.0,34.0,44.0,,,0.0,,,,,,,,,,,,,,,
GER-Bundesliga,2324,Union Berlin,Robin Knoche,GER,DF,31.0,1992.0,24.0,20.0,1917.0,21.3,1.0,0.0,1.0,1.0,0.0,1.0,1.0,0.0,0.05,0.0,0.05,0.05,0.05,21.3,1.0,8.0,4.0,50.0,0.38,0.19,0.13,0.25,0.0,1.0,80.0,62.6,20,89.0,18,4,33.0,7,1.08,25.0,32.0,-7.0,-0.33,1.09,0.0,10.0,11.0,0.0,3.0,13.0,24.0,,,1.0,,,,,,,,,,,,,,,
GER-Bundesliga,2324,Union Berlin,Sheraldo Becker,SUR,"FW,MF",28.0,1995.0,11.0,7.0,645.0,7.2,0.0,1.0,1.0,0.0,0.0,0.0,0.0,0.0,0.0,0.14,0.14,0.0,0.14,7.2,0.0,16.0,4.0,25.0,2.23,0.56,0.0,0.0,0.0,0.0,59.0,21.1,7,72.0,1,4,35.0,0,0.55,6.0,17.0,-11.0,-1.53,-1.01,0.0,6.0,5.0,4.0,58.0,0.0,3.0,,,0.0,,,,,,,,,,,,,,,
GER-Bundesliga,2324,Union Berlin,Yorbe Vertessen,BEL,"FW,MF",22.0,2001.0,13.0,7.0,593.0,6.6,3.0,2.0,5.0,3.0,0.0,0.0,1.0,0.0,0.46,0.3,0.76,0.46,0.76,6.6,3.0,24.0,9.0,37.5,3.64,1.37,0.13,0.33,0.0,0.0,46.0,19.4,7,60.0,0,6,28.0,2,1.0,7.0,10.0,-3.0,-0.46,0.35,0.0,8.0,11.0,1.0,3.0,1.0,2.0,,,0.0,,,,,,,,,,,,,,,
GER-Bundesliga,2324,Werder Bremen,Amos Pieper,GER,DF,25.0,1998.0,7.0,7.0,590.0,6.6,0.0,0.0,0.0,0.0,0.0,0.0,0.0,0.0,0.0,0.0,0.0,0.0,0.0,6.6,0.0,4.0,1.0,25.0,0.61,0.15,0.0,0.0,0.0,0.0,84.0,19.3,7,84.0,6,0,,5,1.0,10.0,14.0,-4.0,-0.61,-0.54,0.0,5.0,5.0,0.0,2.0,9.0,11.0,,,0.0,,,,,,,,,,,,,,,
GER-Bundesliga,2324,Werder Bremen,Anthony Jung,GER,"DF,MF",31.0,1991.0,31.0,30.0,2579.0,28.7,1.0,0.0,1.0,1.0,0.0,0.0,4.0,1.0,0.03,0.0,0.03,0.03,0.03,28.7,1.0,5.0,1.0,20.0,0.17,0.03,0.2,1.0,0.0,0.0,83.0,84.3,30,86.0,24,1,11.0,1,1.32,41.0,36.0,5.0,0.17,2.23,0.0,15.0,15.0,1.0,24.0,26.0,25.0,,,0.0,,,,,,,,,,,,,,,
GER-Bundesliga,2324,Werder Bremen,Christian Groß,GER,"DF,MF",34.0,1989.0,20.0,8.0,797.0,8.9,0.0,1.0,1.0,0.0,0.0,0.0,1.0,0.0,0.0,0.11,0.11,0.0,0.11,8.9,0.0,4.0,1.0,25.0,0.45,0.11,0.0,0.0,0.0,0.0,40.0,26.0,8,83.0,2,12,11.0,11,1.4,14.0,23.0,-9.0,-1.02,-1.14,0.0,14.0,5.0,2.0,8.0,14.0,18.0,,,0.0,,,,,,,,,,,,,,,
GER-Bundesliga,2324,Werder Bremen,Dawid Kownacki,POL,FW,26.0,1997.0,22.0,3.0,380.0,4.2,0.0,0.0,0.0,0.0,0.0,0.0,0.0,0.0,0.0,0.0,0.0,0.0,0.0,4.2,0.0,19.0,4.0,21.1,4.5,0.95,0.0,0.0,0.0,0.0,17.0,12.4,3,62.0,0,19,10.0,10,0.95,9.0,9.0,0.0,0.0,0.2,0.0,9.0,9.0,1.0,2.0,0.0,1.0,,,0.0,,,,,,,,,,,,,,,
GER-Bundesliga,2324,Werder Bremen,Felix Agu,NGA,MF,23.0,1999.0,24.0,19.0,1614.0,17.9,0.0,0.0,0.0,0.0,0.0,0.0,2.0,0.0,0.0,0.0,0.0,0.0,0.0,17.9,0.0,11.0,0.0,0.0,0.61,0.0,0.0,,0.0,0.0,67.0,52.7,19,81.0,4,5,14.0,5,1.42,21.0,23.0,-2.0,-0.11,0.14,0.0,15.0,44.0,2.0,46.0,13.0,29.0,,,0.0,,,,,,,,,,,,,,,
GER-Bundesliga,2324,Werder Bremen,Ilia Gruev,BUL,MF,23.0,2000.0,1.0,0.0,4.0,0.0,0.0,0.0,0.0,0.0,0.0,0.0,0.0,0.0,0.0,0.0,0.0,0.0,0.0,0.0,0.0,0.0,0.0,,0.0,0.0,,,0.0,0.0,4.0,0.1,0,,0,1,4.0,1,0.0,0.0,1.0,-1.0,-22.5,-22.35,0.0,0.0,0.0,0.0,0.0,0.0,0.0,,,0.0,,,,,,,,,,,,,,,
GER-Bundesliga,2324,Werder Bremen,Isak Hansen-Aarøen,NOR,MF,18.0,2004.0,3.0,0.0,27.0,0.3,0.0,0.0,0.0,0.0,0.0,0.0,1.0,0.0,0.0,0.0,0.0,0.0,0.0,0.3,0.0,0.0,0.0,,0.0,0.0,,,0.0,0.0,9.0,0.9,0,,0,3,9.0,7,1.0,0.0,3.0,-3.0,-10.0,-9.91,0.0,1.0,0.0,0.0,0.0,1.0,0.0,,,0.0,,,,,,,,,,,,,,,
GER-Bundesliga,2324,Werder Bremen,Jens Stage,DEN,MF,26.0,1996.0,30.0,26.0,2327.0,25.9,3.0,1.0,4.0,3.0,0.0,0.0,5.0,1.0,0.12,0.04,0.15,0.12,0.15,25.9,3.0,40.0,11.0,27.5,1.55,0.43,0.08,0.27,0.0,0.0,78.0,76.0,26,85.0,15,4,29.0,0,1.2,32.0,39.0,-7.0,-0.27,-0.39,0.0,49.0,39.0,2.0,10.0,24.0,27.0,,,0.0,,,,,,,,,,,,,,,
GER-Bundesliga,2324,Werder Bremen,Jiří Pavlenka,CZE,GK,31.0,1992.0,7.0,7.0,630.0,7.0,0.0,0.0,0.0,0.0,0.0,0.0,0.0,0.0,0.0,0.0,0.0,0.0,0.0,7.0,0.0,0.0,0.0,,0.0,0.0,,,0.0,0.0,90.0,20.6,7,90.0,7,0,,17,0.86,12.0,17.0,-5.0,-0.71,-0.68,0.0,0.0,0.0,0.0,0.0,0.0,0.0,,,0.0,17.0,2.43,39.0,22.0,56.4,2.0,0.0,5.0,1.0,14.3,2.0,2.0,0.0,0.0,0.0
GER-Bundesliga,2324,Werder Bremen,Joel Imasuen,USA,FW,18.0,2004.0,1.0,0.0,2.0,0.0,0.0,0.0,0.0,0.0,0.0,0.0,0.0,0.0,0.0,0.0,0.0,0.0,0.0,0.0,0.0,0.0,0.0,,0.0,0.0,,,0.0,0.0,2.0,0.1,0,,0,1,2.0,1,0.0,0.0,0.0,0.0,0.0,0.18,0.0,0.0,0.0,0.0,0.0,0.0,0.0,,,0.0,,,,,,,,,,,,,,,
GER-Bundesliga,2324,Werder Bremen,Julián Malatini,ARG,DF,22.0,2001.0,11.0,6.0,602.0,6.7,1.0,0.0,1.0,1.0,0.0,0.0,1.0,0.0,0.15,0.0,0.15,0.15,0.15,6.7,1.0,3.0,1.0,33.3,0.45,0.15,0.33,1.0,0.0,0.0,55.0,19.7,6,85.0,4,5,19.0,6,1.27,6.0,13.0,-7.0,-1.05,-1.08,0.0,10.0,1.0,0.0,6.0,14.0,13.0,,,0.0,,,,,,,,,,,,,,,
GER-Bundesliga,2324,Werder Bremen,Justin Njinmah,GER,FW,22.0,2000.0,24.0,10.0,1016.0,11.3,6.0,2.0,8.0,6.0,0.0,0.0,1.0,0.0,0.53,0.18,0.71,0.53,0.71,11.3,6.0,33.0,14.0,42.4,2.92,1.24,0.18,0.43,0.0,0.0,42.0,33.2,10,75.0,1,14,19.0,2,1.25,18.0,16.0,2.0,0.18,0.53,0.0,6.0,20.0,9.0,10.0,2.0,2.0,,,0.0,,,,,,,,,,,,,,,
GER-Bundesliga,2324,Werder Bremen,Leon Opitz,GER,MF,18.0,2005.0,3.0,0.0,18.0,0.2,0.0,0.0,0.0,0.0,0.0,0.0,0.0,0.0,0.0,0.0,0.0,0.0,0.0,0.2,0.0,0.0,0.0,,0.0,0.0,,,0.0,0.0,6.0,0.6,0,,0,3,6.0,11,1.0,0.0,2.0,-2.0,-10.0,-9.88,0.0,0.0,0.0,0.0,2.0,0.0,0.0,,,0.0,,,,,,,,,,,,,,,
GER-Bundesliga,2324,Werder Bremen,Leonardo Bittencourt,GER,MF,29.0,1993.0,29.0,19.0,1578.0,17.5,1.0,2.0,3.0,1.0,0.0,0.0,9.0,0.0,0.06,0.11,0.17,0.06,0.17,17.5,1.0,31.0,5.0,16.1,1.77,0.29,0.03,0.2,0.0,0.0,54.0,51.6,19,75.0,1,10,15.0,3,1.24,23.0,23.0,0.0,0.0,0.36,0.0,34.0,31.0,2.0,41.0,12.0,17.0,,,0.0,,,,,,,,,,,,,,,
GER-Bundesliga,2324,Werder Bremen,Marco Friedl,AUT,DF,25.0,1998.0,25.0,25.0,2197.0,24.4,1.0,0.0,1.0,1.0,0.0,0.0,6.0,0.0,0.04,0.0,0.04,0.04,0.04,24.4,1.0,7.0,1.0,14.3,0.29,0.04,0.14,1.0,0.0,0.0,88.0,71.8,25,88.0,23,0,,0,1.36,33.0,32.0,1.0,0.04,0.77,0.0,31.0,17.0,1.0,3.0,33.0,33.0,,,0.0,,,,,,,,,,,,,,,
GER-Bundesliga,2324,Werder Bremen,Marvin Ducksch,GER,FW,29.0,1994.0,33.0,32.0,2696.0,30.0,12.0,9.0,21.0,7.0,5.0,6.0,9.0,0.0,0.4,0.3,0.7,0.23,0.53,30.0,12.0,80.0,38.0,47.5,2.67,1.27,0.15,0.32,5.0,6.0,82.0,88.1,32,83.0,15,1,45.0,0,1.18,41.0,49.0,-8.0,-0.27,-0.76,0.0,6.0,19.0,18.0,157.0,5.0,4.0,,,0.0,,,,,,,,,,,,,,,
GER-Bundesliga,2324,Werder Bremen,Michael Zetterer,GER,GK,28.0,1995.0,27.0,27.0,2430.0,27.0,0.0,0.0,0.0,0.0,0.0,0.0,2.0,0.0,0.0,0.0,0.0,0.0,0.0,27.0,0.0,1.0,0.0,0.0,0.04,0.0,0.0,,0.0,0.0,90.0,79.4,27,90.0,27,0,,7,1.33,36.0,37.0,-1.0,-0.04,0.68,0.0,0.0,7.0,1.0,0.0,0.0,1.0,,,0.0,37.0,1.37,130.0,93.0,71.5,9.0,9.0,9.0,5.0,18.5,4.0,4.0,0.0,0.0,0.0
GER-Bundesliga,2324,Werder Bremen,Miloš Veljković,SRB,DF,27.0,1995.0,23.0,21.0,1920.0,21.3,2.0,1.0,3.0,2.0,0.0,0.0,2.0,0.0,0.09,0.05,0.14,0.09,0.14,21.3,2.0,6.0,3.0,50.0,0.28,0.14,0.33,0.67,0.0,0.0,83.0,62.7,21,88.0,19,2,36.0,1,1.04,33.0,40.0,-7.0,-0.33,-0.41,0.0,9.0,5.0,0.0,21.0,15.0,15.0,,,0.0,,,,,,,,,,,,,,,
GER-Bundesliga,2324,Werder Bremen,Mitchell Weiser,GER,MF,29.0,1994.0,30.0,30.0,2636.0,29.3,3.0,7.0,10.0,3.0,0.0,0.0,5.0,0.0,0.1,0.24,0.34,0.1,0.34,29.3,3.0,44.0,13.0,29.5,1.5,0.44,0.07,0.23,0.0,0.0,88.0,86.1,30,88.0,26,0,,1,1.2,43.0,45.0,-2.0,-0.07,0.78,0.0,29.0,38.0,4.0,83.0,22.0,35.0,,,0.0,,,,,,,,,,,,,,,
GER-Bundesliga,2324,Werder Bremen,Naby Keïta,GUI,MF,28.0,1995.0,5.0,1.0,109.0,1.2,0.0,0.0,0.0,0.0,0.0,0.0,2.0,0.0,0.0,0.0,0.0,0.0,0.0,1.2,0.0,2.0,0.0,0.0,1.65,0.0,0.0,,0.0,0.0,22.0,3.6,1,58.0,0,4,13.0,7,0.6,3.0,3.0,0.0,0.0,0.18,0.0,2.0,1.0,0.0,0.0,2.0,1.0,,,0.0,,,,,,,,,,,,,,,
GER-Bundesliga,2324,Werder Bremen,Nick Woltemade,GER,"FW,MF",21.0,2002.0,30.0,12.0,1189.0,13.2,2.0,0.0,2.0,2.0,0.0,0.0,1.0,0.0,0.15,0.0,0.15,0.15,0.15,13.2,2.0,22.0,6.0,27.3,1.67,0.45,0.09,0.33,0.0,0.0,40.0,38.9,12,73.0,1,18,18.0,3,1.37,20.0,17.0,3.0,0.23,0.66,0.0,22.0,23.0,6.0,3.0,5.0,21.0,,,0.0,,,,,,,,,,,,,,,
GER-Bundesliga,2324,Werder Bremen,Niclas Füllkrug,GER,FW,30.0,1993.0,2.0,2.0,180.0,2.0,0.0,0.0,0.0,0.0,0.0,0.0,0.0,0.0,0.0,0.0,0.0,0.0,0.0,2.0,0.0,5.0,2.0,40.0,2.5,1.0,0.0,0.0,0.0,0.0,90.0,5.9,2,90.0,2,0,,0,0.0,0.0,5.0,-5.0,-2.5,-2.47,0.0,2.0,7.0,3.0,0.0,0.0,1.0,,,0.0,,,,,,,,,,,,,,,
GER-Bundesliga,2324,Werder Bremen,Nicolai Rapp,GER,DF,26.0,1996.0,2.0,1.0,76.0,0.8,0.0,0.0,0.0,0.0,0.0,0.0,1.0,0.0,0.0,0.0,0.0,0.0,0.0,0.8,0.0,0.0,0.0,,0.0,0.0,,,0.0,0.0,38.0,2.5,1,71.0,0,1,5.0,9,0.0,1.0,2.0,-1.0,-1.18,-1.03,0.0,2.0,0.0,0.0,0.0,2.0,2.0,,,0.0,,,,,,,,,,,,,,,
GER-Bundesliga,2324,Werder Bremen,Niklas Stark,GER,DF,28.0,1995.0,17.0,12.0,1088.0,12.1,2.0,0.0,2.0,2.0,0.0,0.0,4.0,0.0,0.17,0.0,0.17,0.17,0.17,12.1,2.0,4.0,2.0,50.0,0.33,0.17,0.5,1.0,0.0,0.0,64.0,35.6,12,85.0,10,5,13.0,3,1.47,20.0,16.0,4.0,0.33,0.79,0.0,21.0,16.0,1.0,0.0,15.0,16.0,,,0.0,,,,,,,,,,,,,,,
GER-Bundesliga,2324,Werder Bremen,Oliver Burke,SCO,"FW,MF",26.0,1997.0,1.0,0.0,32.0,0.4,0.0,0.0,0.0,0.0,0.0,0.0,0.0,0.0,0.0,0.0,0.0,0.0,0.0,0.4,0.0,0.0,0.0,,0.0,0.0,,,0.0,0.0,32.0,1.0,0,,0,1,32.0,0,0.0,0.0,3.0,-3.0,-8.44,-8.35,0.0,0.0,0.0,0.0,2.0,0.0,0.0,,,0.0,,,,,,,,,,,,,,,
GER-Bundesliga,2324,Werder Bremen,Olivier Deman,BEL,MF,23.0,2000.0,29.0,14.0,1365.0,15.2,2.0,1.0,3.0,2.0,0.0,0.0,5.0,0.0,0.13,0.07,0.2,0.13,0.2,15.2,2.0,17.0,7.0,41.2,1.12,0.46,0.12,0.29,0.0,0.0,47.0,44.6,14,82.0,7,15,14.0,1,1.34,26.0,27.0,-1.0,-0.07,0.2,0.0,27.0,13.0,0.0,45.0,13.0,14.0,,,1.0,,,,,,,,,,,,,,,
GER-Bundesliga,2324,Werder Bremen,Rafael Borré,COL,FW,27.0,1995.0,19.0,11.0,991.0,11.0,4.0,0.0,4.0,4.0,0.0,0.0,0.0,0.0,0.36,0.0,0.36,0.36,0.36,11.0,4.0,20.0,8.0,40.0,1.82,0.73,0.2,0.5,0.0,0.0,52.0,32.4,11,77.0,2,8,19.0,1,1.37,13.0,18.0,-5.0,-0.45,-0.41,0.0,17.0,8.0,14.0,12.0,2.0,9.0,,,0.0,,,,,,,,,,,,,,,
GER-Bundesliga,2324,Werder Bremen,Romano Schmid,AUT,"MF,FW",23.0,2000.0,33.0,30.0,2601.0,28.9,4.0,6.0,10.0,4.0,0.0,0.0,5.0,0.0,0.14,0.21,0.35,0.14,0.35,28.9,4.0,38.0,9.0,23.7,1.31,0.31,0.11,0.44,0.0,0.0,79.0,85.0,30,84.0,13,3,23.0,0,1.27,43.0,48.0,-5.0,-0.17,0.02,0.0,33.0,53.0,3.0,64.0,13.0,21.0,,,0.0,,,,,,,,,,,,,,,
GER-Bundesliga,2324,Werder Bremen,Senne Lynen,BEL,MF,24.0,1999.0,32.0,20.0,1797.0,20.0,0.0,3.0,3.0,0.0,0.0,0.0,6.0,0.0,0.0,0.15,0.15,0.0,0.15,20.0,0.0,12.0,2.0,16.7,0.6,0.1,0.0,0.0,0.0,0.0,56.0,58.7,20,80.0,10,12,16.0,1,1.31,29.0,28.0,1.0,0.05,0.55,0.0,35.0,17.0,0.0,4.0,42.0,36.0,,,0.0,,,,,,,,,,,,,,,
GER-Bundesliga,2324,Werder Bremen,Skelly Alvero,FRA,MF,21.0,2002.0,6.0,1.0,123.0,1.4,1.0,0.0,1.0,1.0,0.0,0.0,1.0,0.0,0.73,0.0,0.73,0.73,0.73,1.4,1.0,5.0,3.0,60.0,3.66,2.2,0.2,0.33,0.0,0.0,21.0,4.0,1,78.0,0,5,9.0,3,0.5,1.0,1.0,0.0,0.0,0.18,0.0,2.0,3.0,0.0,0.0,1.0,4.0,,,0.0,,,,,,,,,,,,,,,
GER-Bundesliga,2324,Wolfsburg,Amin Sarr,SWE,"MF,FW",22.0,2001.0,14.0,2.0,386.0,4.3,0.0,0.0,0.0,0.0,0.0,0.0,0.0,0.0,0.0,0.0,0.0,0.0,0.0,4.3,0.0,6.0,2.0,33.3,1.4,0.47,0.0,0.0,0.0,0.0,28.0,12.6,2,68.0,0,12,21.0,6,0.71,2.0,8.0,-6.0,-1.4,-1.1,0.0,3.0,3.0,2.0,1.0,2.0,2.0,,,0.0,,,,,,,,,,,,,,,
GER-Bundesliga,2324,Wolfsburg,Aster Vranckx,BEL,MF,20.0,2002.0,24.0,12.0,1153.0,12.8,0.0,0.0,0.0,0.0,0.0,0.0,6.0,0.0,0.0,0.0,0.0,0.0,0.0,12.8,0.0,4.0,2.0,50.0,0.31,0.16,0.0,0.0,0.0,0.0,48.0,37.7,12,84.0,9,12,13.0,3,1.21,13.0,24.0,-11.0,-0.86,-0.67,0.0,29.0,24.0,0.0,10.0,14.0,17.0,,,0.0,,,,,,,,,,,,,,,
GER-Bundesliga,2324,Wolfsburg,Bennit Bröger,GER,MF,17.0,2006.0,1.0,0.0,11.0,0.1,0.0,0.0,0.0,0.0,0.0,0.0,0.0,0.0,0.0,0.0,0.0,0.0,0.0,0.1,0.0,0.0,0.0,,0.0,0.0,,,0.0,0.0,11.0,0.4,0,,0,1,11.0,0,0.0,0.0,1.0,-1.0,-8.18,-7.77,0.0,1.0,2.0,0.0,0.0,0.0,0.0,,,0.0,,,,,,,,,,,,,,,
GER-Bundesliga,2324,Wolfsburg,Cedric Zesiger,SUI,DF,25.0,1998.0,23.0,18.0,1634.0,18.2,0.0,0.0,0.0,0.0,0.0,0.0,5.0,0.0,0.0,0.0,0.0,0.0,0.0,18.2,0.0,16.0,2.0,12.5,0.88,0.11,0.0,0.0,0.0,0.0,71.0,53.4,18,84.0,14,5,24.0,10,1.35,20.0,32.0,-12.0,-0.66,-0.47,0.0,23.0,10.0,0.0,5.0,15.0,8.0,,,0.0,,,,,,,,,,,,,,,
GER-Bundesliga,2324,Wolfsburg,Dženan Pejčinović,GER,FW,18.0,2005.0,4.0,0.0,37.0,0.4,0.0,0.0,0.0,0.0,0.0,0.0,1.0,0.0,0.0,0.0,0.0,0.0,0.0,0.4,0.0,2.0,0.0,0.0,4.86,0.0,0.0,,0.0,0.0,9.0,1.2,0,,0,4,9.0,4,0.75,0.0,0.0,0.0,0.0,0.45,0.0,2.0,0.0,0.0,0.0,0.0,0.0,,,0.0,,,,,,,,,,,,,,,
GER-Bundesliga,2324,Wolfsburg,Jakub Kamiński,POL,MF,21.0,2002.0,17.0,4.0,473.0,5.3,0.0,2.0,2.0,0.0,0.0,0.0,0.0,0.0,0.0,0.38,0.38,0.0,0.38,5.3,0.0,10.0,3.0,30.0,1.9,0.57,0.0,0.0,0.0,0.0,28.0,15.5,4,69.0,1,13,15.0,12,1.24,4.0,9.0,-5.0,-0.95,-0.6,0.0,3.0,5.0,2.0,16.0,2.0,5.0,,,0.0,,,,,,,,,,,,,,,
GER-Bundesliga,2324,Wolfsburg,Joakim Mæhle,DEN,"DF,MF",26.0,1997.0,30.0,27.0,2452.0,27.2,2.0,3.0,5.0,2.0,0.0,0.0,5.0,0.0,0.07,0.11,0.18,0.07,0.18,27.2,2.0,20.0,6.0,30.0,0.73,0.22,0.1,0.33,0.0,0.0,82.0,80.1,27,87.0,22,3,33.0,1,1.03,34.0,44.0,-10.0,-0.37,0.37,0.0,19.0,14.0,2.0,58.0,29.0,41.0,,,0.0,,,,,,,,,,,,,,,
GER-Bundesliga,2324,Wolfsburg,Jonas Wind,DEN,FW,24.0,1999.0,34.0,31.0,2651.0,29.5,11.0,7.0,18.0,11.0,0.0,1.0,3.0,0.0,0.37,0.24,0.61,0.37,0.61,29.5,11.0,73.0,35.0,47.9,2.48,1.19,0.15,0.31,0.0,1.0,78.0,86.6,31,84.0,16,3,16.0,0,1.09,38.0,47.0,-9.0,-0.31,1.01,0.0,29.0,45.0,9.0,8.0,3.0,10.0,,,0.0,,,,,,,,,,,,,,,
GER-Bundesliga,2324,Wolfsburg,Kevin Behrens,GER,FW,32.0,1991.0,13.0,7.0,616.0,6.8,1.0,1.0,2.0,1.0,0.0,0.0,1.0,0.0,0.15,0.15,0.29,0.15,0.29,6.8,1.0,11.0,6.0,54.5,1.61,0.88,0.09,0.17,0.0,0.0,47.0,20.1,7,78.0,1,6,12.0,2,1.15,8.0,11.0,-3.0,-0.44,0.0,0.0,8.0,5.0,4.0,4.0,3.0,1.0,,,0.0,,,,,,,,,,,,,,,
GER-Bundesliga,2324,Wolfsburg,Kevin Paredes,USA,"MF,DF",20.0,2003.0,28.0,15.0,1432.0,15.9,3.0,0.0,3.0,3.0,0.0,0.0,4.0,0.0,0.19,0.0,0.19,0.19,0.19,15.9,3.0,19.0,8.0,42.1,1.19,0.5,0.16,0.38,0.0,0.0,51.0,46.8,15,80.0,6,13,18.0,3,1.07,20.0,27.0,-7.0,-0.44,0.0,0.0,11.0,53.0,5.0,33.0,24.0,21.0,,,0.0,,,,,,,,,,,,,,,
GER-Bundesliga,2324,Wolfsburg,Kilian Fischer,GER,"MF,DF",22.0,2000.0,6.0,4.0,291.0,3.2,0.0,0.0,0.0,0.0,0.0,0.0,1.0,0.0,0.0,0.0,0.0,0.0,0.0,3.2,0.0,4.0,0.0,0.0,1.24,0.0,0.0,,0.0,0.0,49.0,9.5,4,69.0,1,2,9.0,18,1.67,3.0,5.0,-2.0,-0.62,-0.2,0.0,4.0,3.0,0.0,11.0,1.0,5.0,,,0.0,,,,,,,,,,,,,,,
GER-Bundesliga,2324,Wolfsburg,Koen Casteels,BEL,GK,31.0,1992.0,25.0,25.0,2250.0,25.0,0.0,0.0,0.0,0.0,0.0,0.0,2.0,0.0,0.0,0.0,0.0,0.0,0.0,25.0,0.0,0.0,0.0,,0.0,0.0,,,0.0,0.0,90.0,73.5,25,90.0,25,0,,0,1.2,31.0,39.0,-8.0,-0.32,0.46,0.0,1.0,3.0,0.0,0.0,0.0,0.0,,,0.0,39.0,1.56,117.0,78.0,66.7,8.0,6.0,11.0,3.0,12.0,3.0,2.0,0.0,1.0,0.0
GER-Bundesliga,2324,Wolfsburg,Kofi Amoako,GER,MF,18.0,2005.0,2.0,0.0,2.0,0.0,0.0,0.0,0.0,0.0,0.0,0.0,0.0,0.0,0.0,0.0,0.0,0.0,0.0,0.0,0.0,0.0,0.0,,0.0,0.0,,,0.0,0.0,1.0,0.1,0,,0,2,1.0,4,2.0,0.0,0.0,0.0,0.0,0.44,0.0,0.0,0.0,0.0,0.0,0.0,0.0,,,0.0,,,,,,,,,,,,,,,
GER-Bundesliga,2324,Wolfsburg,Lovro Majer,CRO,"MF,FW",25.0,1998.0,32.0,25.0,2106.0,23.4,5.0,5.0,10.0,3.0,2.0,2.0,5.0,0.0,0.21,0.21,0.43,0.13,0.34,23.4,5.0,37.0,12.0,32.4,1.58,0.51,0.14,0.42,2.0,2.0,66.0,68.8,25,76.0,4,7,30.0,2,0.97,32.0,38.0,-6.0,-0.26,0.59,0.0,37.0,37.0,1.0,88.0,12.0,19.0,,,0.0,,,,,,,,,,,,,,,
GER-Bundesliga,2324,Wolfsburg,Lukas Nmecha,GER,FW,24.0,1998.0,3.0,0.0,42.0,0.5,1.0,0.0,1.0,1.0,0.0,0.0,0.0,0.0,2.14,0.0,2.14,2.14,2.14,0.5,1.0,1.0,1.0,100.0,2.14,2.14,1.0,1.0,0.0,0.0,14.0,1.4,0,,0,3,14.0,0,0.67,1.0,1.0,0.0,0.0,0.45,0.0,1.0,1.0,0.0,0.0,0.0,1.0,,,0.0,,,,,,,,,,,,,,,
GER-Bundesliga,2324,Wolfsburg,Mattias Svanberg,SWE,MF,24.0,1999.0,25.0,20.0,1715.0,19.1,1.0,3.0,4.0,1.0,0.0,0.0,8.0,0.0,0.05,0.16,0.21,0.05,0.21,19.1,1.0,42.0,11.0,26.2,2.2,0.58,0.02,0.09,0.0,0.0,69.0,56.0,20,80.0,5,5,25.0,4,1.16,25.0,33.0,-8.0,-0.42,0.05,0.0,42.0,33.0,2.0,54.0,24.0,18.0,,,0.0,,,,,,,,,,,,,,,
GER-Bundesliga,2324,Wolfsburg,Maxence Lacroix,FRA,DF,23.0,2000.0,28.0,27.0,2362.0,26.2,4.0,1.0,5.0,4.0,0.0,0.0,5.0,3.0,0.15,0.04,0.19,0.15,0.19,26.2,4.0,12.0,8.0,66.7,0.46,0.3,0.33,0.5,0.0,0.0,84.0,77.2,27,87.0,23,1,15.0,0,1.25,33.0,40.0,-7.0,-0.27,0.76,1.0,27.0,19.0,0.0,5.0,25.0,29.0,,,0.0,,,,,,,,,,,,,,,
GER-Bundesliga,2324,Wolfsburg,Maximilian Arnold,GER,MF,29.0,1994.0,30.0,27.0,2506.0,27.8,2.0,1.0,3.0,2.0,0.0,0.0,9.0,0.0,0.07,0.04,0.11,0.07,0.11,27.8,2.0,32.0,12.0,37.5,1.15,0.43,0.06,0.17,0.0,0.0,84.0,81.9,27,90.0,26,3,26.0,0,1.0,32.0,49.0,-17.0,-0.61,-0.94,0.0,37.0,46.0,0.0,110.0,26.0,33.0,,,0.0,,,,,,,,,,,,,,,
GER-Bundesliga,2324,Wolfsburg,Moritz Jenz,GER,DF,24.0,1999.0,22.0,21.0,1742.0,19.4,0.0,1.0,1.0,0.0,0.0,0.0,7.0,1.0,0.0,0.05,0.05,0.0,0.05,19.4,0.0,7.0,0.0,0.0,0.36,0.0,0.0,,0.0,0.0,79.0,56.9,21,81.0,16,1,45.0,6,0.82,23.0,32.0,-9.0,-0.46,-0.06,1.0,26.0,3.0,0.0,0.0,24.0,24.0,,,1.0,,,,,,,,,,,,,,,
GER-Bundesliga,2324,Wolfsburg,Nicolas Cozza,FRA,DF,24.0,1999.0,6.0,3.0,276.0,3.1,0.0,0.0,0.0,0.0,0.0,0.0,1.0,0.0,0.0,0.0,0.0,0.0,0.0,3.1,0.0,1.0,0.0,0.0,0.33,0.0,0.0,,0.0,0.0,46.0,9.0,3,70.0,0,3,22.0,8,1.33,4.0,7.0,-3.0,-0.98,-0.59,0.0,1.0,0.0,0.0,4.0,3.0,6.0,,,0.0,,,,,,,,,,,,,,,
GER-Bundesliga,2324,Wolfsburg,Patrick Wimmer,AUT,"MF,FW",22.0,2001.0,14.0,8.0,589.0,6.5,2.0,0.0,2.0,2.0,0.0,0.0,3.0,1.0,0.31,0.0,0.31,0.31,0.31,6.5,2.0,10.0,4.0,40.0,1.53,0.61,0.2,0.5,0.0,0.0,42.0,19.2,8,61.0,0,6,17.0,4,1.36,14.0,8.0,6.0,0.92,1.68,0.0,14.0,11.0,1.0,12.0,4.0,5.0,,,0.0,,,,,,,,,,,,,,,
GER-Bundesliga,2324,Wolfsburg,Pavao Pervan,AUT,GK,35.0,1987.0,9.0,9.0,810.0,9.0,0.0,0.0,0.0,0.0,0.0,0.0,1.0,0.0,0.0,0.0,0.0,0.0,0.0,9.0,0.0,0.0,0.0,,0.0,0.0,,,0.0,0.0,90.0,26.5,9,90.0,9,0,,25,0.78,10.0,17.0,-7.0,-0.78,-0.46,0.0,0.0,1.0,0.0,0.0,0.0,0.0,,,0.0,17.0,1.89,37.0,20.0,54.1,2.0,1.0,6.0,2.0,22.2,0.0,0.0,0.0,0.0,
GER-Bundesliga,2324,Wolfsburg,Ridle Baku,GER,"MF,DF",25.0,1998.0,33.0,22.0,2013.0,22.4,1.0,0.0,1.0,1.0,0.0,0.0,4.0,0.0,0.04,0.0,0.04,0.04,0.04,22.4,1.0,27.0,9.0,33.3,1.21,0.4,0.04,0.11,0.0,0.0,61.0,65.8,22,81.0,10,11,20.0,0,1.09,28.0,34.0,-6.0,-0.27,0.51,0.0,24.0,35.0,3.0,54.0,23.0,24.0,,,0.0,,,,,,,,,,,,,,,
GER-Bundesliga,2324,Wolfsburg,Rogério,BRA,"DF,MF",25.0,1998.0,13.0,10.0,906.0,10.1,1.0,0.0,1.0,1.0,0.0,0.0,0.0,0.0,0.1,0.0,0.1,0.1,0.1,10.1,1.0,4.0,2.0,50.0,0.4,0.2,0.25,0.5,0.0,0.0,70.0,29.6,10,83.0,7,3,26.0,3,0.77,10.0,15.0,-5.0,-0.5,-0.08,0.0,7.0,12.0,0.0,27.0,3.0,8.0,,,0.0,,,,,,,,,,,,,,,
GER-Bundesliga,2324,Wolfsburg,Sebastiaan Bornauw,BEL,DF,24.0,1999.0,20.0,16.0,1431.0,15.9,0.0,0.0,0.0,0.0,0.0,0.0,5.0,0.0,0.0,0.0,0.0,0.0,0.0,15.9,0.0,10.0,4.0,40.0,0.63,0.25,0.0,0.0,0.0,0.0,72.0,46.8,16,84.0,12,4,20.0,7,1.1,17.0,30.0,-13.0,-0.82,-0.71,0.0,27.0,5.0,1.0,1.0,18.0,12.0,,,2.0,,,,,,,,,,,,,,,
GER-Bundesliga,2324,Wolfsburg,Tiago Tomás,POR,"FW,MF",21.0,2002.0,26.0,11.0,1032.0,11.5,1.0,1.0,2.0,1.0,0.0,0.0,3.0,0.0,0.09,0.09,0.17,0.09,0.17,11.5,1.0,27.0,10.0,37.0,2.35,0.87,0.04,0.1,0.0,0.0,40.0,33.7,11,63.0,0,15,23.0,2,1.08,11.0,20.0,-9.0,-0.78,-0.52,0.0,12.0,26.0,3.0,28.0,4.0,2.0,,,0.0,,,,,,,,,,,,,,,
GER-Bundesliga,2324,Wolfsburg,Václav Černý,CZE,"MF,FW",25.0,1997.0,22.0,12.0,921.0,10.2,4.0,1.0,5.0,4.0,0.0,0.0,2.0,0.0,0.39,0.1,0.49,0.39,0.49,10.2,4.0,20.0,5.0,25.0,1.95,0.49,0.2,0.8,0.0,0.0,42.0,30.1,12,67.0,0,10,12.0,8,0.91,13.0,17.0,-4.0,-0.39,0.07,0.0,9.0,0.0,4.0,33.0,7.0,4.0,,,0.0,,,,,,,,,,,,,,,
GER-Bundesliga,2324,Wolfsburg,Yannick Gerhardt,GER,MF,29.0,1994.0,25.0,18.0,1630.0,18.1,2.0,1.0,3.0,2.0,0.0,0.0,5.0,0.0,0.11,0.06,0.17,0.11,0.17,18.1,2.0,19.0,9.0,47.4,1.05,0.5,0.11,0.22,0.0,0.0,65.0,53.3,18,84.0,8,7,18.0,5,1.36,23.0,23.0,0.0,0.0,0.94,0.0,18.0,16.0,2.0,27.0,8.0,21.0,,,0.0,,,,,,,,,,,,,,,
