league,season,team,player,nation,pos,age,born,Playing Time_MP,Playing Time_Starts,Playing Time_Min,Playing Time_90s,Performance_Gls,Performance_Ast,Performance_G+A,Performance_G-PK,Performance_PK,Performance_PKatt,Performance_CrdY,Performance_CrdR,Per 90 Minutes_Gls,Per 90 Minutes_Ast,Per 90 Minutes_G+A,Per 90 Minutes_G-PK,Per 90 Minutes_G+A-PK,90s,Standard_Gls,Standard_Sh,Standard_SoT,Standard_SoT%,Standard_Sh/90,Standard_SoT/90,Standard_G/Sh,Standard_G/SoT,Standard_PK,Standard_PKatt,Playing Time_Mn/MP,Playing Time_Min%,Starts_Starts,Starts_Mn/Start,Starts_Compl,Subs_Subs,Subs_Mn/Sub,Subs_unSub,Team Success_PPM,Team Success_onG,Team Success_onGA,Team Success_+/-,Team Success_+/-90,Team Success_On-Off,Performance_2CrdY,Performance_Fls,Performance_Fld,Performance_Off,Performance_Crs,Performance_Int,Performance_TklW,Performance_PKwon,Performance_PKcon,Performance_OG,Performance_GA,Performance_GA90,Performance_SoTA,Performance_Saves,Performance_Save%,Performance_W,Performance_D,Performance_L,Performance_CS,Performance_CS%,Penalty Kicks_PKatt,Penalty Kicks_PKA,Penalty Kicks_PKsv,Penalty Kicks_PKm,Penalty Kicks_Save%
ENG-Premier League,2526,Arsenal,Ben White,ENG,DF,27.0,1997.0,12.0,9.0,702.0,7.8,0.0,1.0,1.0,0.0,0.0,0.0,0.0,0.0,0.0,0.13,0.13,0.0,0.13,7.8,0.0,5.0,1.0,20.0,0.64,0.13,0.0,0.0,0.0,0.0,59.0,20.5,9,72.0,4,3,19.0,17,1.83,10.0,6.0,4.0,0.51,-0.81,0.0,5.0,6.0,3.0,16.0,9.0,9.0,,,0.0,,,,,,,,,,,,,,,
ENG-Premier League,2526,Arsenal,Bukayo Saka,ENG,"FW,MF",23.0,2001.0,31.0,25.0,2222.0,24.7,7.0,5.0,12.0,6.0,1.0,1.0,2.0,0.0,0.28,0.2,0.49,0.24,0.45,24.7,7.0,71.0,27.0,38.0,2.88,1.09,0.1,0.26,1.0,1.0,72.0,65.0,25,82.0,15,6,27.0,1,2.35,46.0,16.0,30.0,1.22,0.16,0.0,33.0,54.0,14.0,122.0,16.0,19.0,,,0.0,,,,,,,,,,,,,,,
ENG-Premier League,2526,Arsenal,Christian Nørgaard,DEN,MF,31.0,1994.0,7.0,1.0,106.0,1.2,0.0,0.0,0.0,0.0,0.0,0.0,0.0,0.0,0.0,0.0,0.0,0.0,0.0,1.2,0.0,2.0,1.0,50.0,1.7,0.85,0.0,0.0,0.0,0.0,15.0,3.1,1,45.0,0,6,10.0,21,3.0,3.0,1.0,2.0,1.7,0.56,0.0,3.0,0.0,0.0,1.0,1.0,2.0,,,0.0,,,,,,,,,,,,,,,
ENG-Premier League,2526,Arsenal,Cristhian Mosquera,ESP,DF,21.0,2004.0,20.0,9.0,994.0,11.0,0.0,0.0,0.0,0.0,0.0,0.0,4.0,0.0,0.0,0.0,0.0,0.0,0.0,11.0,0.0,1.0,0.0,0.0,0.09,0.0,0.0,,0.0,0.0,50.0,29.1,9,75.0,5,11,29.0,11,2.15,17.0,8.0,9.0,0.81,-0.48,0.0,17.0,7.0,1.0,3.0,8.0,21.0,,,0.0,,,,,,,,,,,,,,,
ENG-Premier League,2526,Arsenal,David Raya,ESP,GK,29.0,1995.0,37.0,37.0,3330.0,37.0,0.0,0.0,0.0,0.0,0.0,0.0,1.0,0.0,0.0,0.0,0.0,0.0,0.0,37.0,0.0,0.0,0.0,,0.0,0.0,,,0.0,0.0,90.0,97.4,37,90.0,37,0,,0,2.22,69.0,26.0,43.0,1.16,0.16,0.0,0.0,14.0,0.0,1.0,1.0,1.0,,,0.0,26.0,0.7,86.0,59.0,69.8,25.0,7.0,5.0,19.0,51.4,0.0,0.0,0.0,0.0,
ENG-Premier League,2526,Arsenal,Declan Rice,ENG,MF,26.0,1999.0,36.0,35.0,3094.0,34.4,4.0,5.0,9.0,4.0,0.0,0.0,3.0,0.0,0.12,0.15,0.26,0.12,0.26,34.4,4.0,40.0,13.0,32.5,1.16,0.38,0.1,0.31,0.0,0.0,86.0,90.5,35,88.0,29,1,23.0,1,2.19,62.0,25.0,37.0,1.08,-0.86,0.0,26.0,11.0,1.0,177.0,33.0,33.0,,,0.0,,,,,,,,,,,,,,,
ENG-Premier League,2526,Arsenal,Eberechi Eze,ENG,"MF,FW",27.0,1998.0,32.0,21.0,1812.0,20.1,7.0,2.0,9.0,7.0,0.0,0.0,1.0,0.0,0.35,0.1,0.45,0.35,0.45,20.1,7.0,57.0,18.0,31.6,2.83,0.89,0.12,0.39,0.0,0.0,57.0,53.0,21,74.0,5,11,24.0,4,2.09,37.0,14.0,23.0,1.14,-0.03,0.0,14.0,38.0,1.0,8.0,11.0,13.0,,,0.0,,,,,,,,,,,,,,,
ENG-Premier League,2526,Arsenal,Ethan Nwaneri,ENG,MF,18.0,2007.0,6.0,0.0,171.0,1.9,0.0,0.0,0.0,0.0,0.0,0.0,0.0,0.0,0.0,0.0,0.0,0.0,0.0,1.9,0.0,6.0,0.0,0.0,3.16,0.0,0.0,,0.0,0.0,29.0,5.0,0,,0,6,29.0,11,2.67,8.0,0.0,8.0,4.21,3.21,0.0,2.0,0.0,0.0,2.0,0.0,0.0,,,0.0,,,,,,,,,,,,,,,
ENG-Premier League,2526,Arsenal,Gabriel Jesus,BRA,FW,28.0,1997.0,14.0,3.0,429.0,4.8,3.0,0.0,3.0,3.0,0.0,0.0,3.0,0.0,0.63,0.0,0.63,0.63,0.63,4.8,3.0,19.0,12.0,63.2,3.99,2.52,0.16,0.25,0.0,0.0,31.0,12.5,3,63.0,0,11,22.0,10,2.14,8.0,6.0,2.0,0.42,-0.84,0.0,9.0,1.0,7.0,0.0,2.0,0.0,,,0.0,,,,,,,,,,,,,,,
ENG-Premier League,2526,Arsenal,Gabriel Magalhães,BRA,DF,27.0,1997.0,32.0,30.0,2751.0,30.6,3.0,4.0,7.0,3.0,0.0,0.0,4.0,0.0,0.1,0.13,0.23,0.1,0.23,30.6,3.0,27.0,7.0,25.9,0.88,0.23,0.11,0.43,0.0,0.0,86.0,80.4,30,90.0,29,2,33.0,0,2.25,56.0,20.0,36.0,1.18,0.1,0.0,21.0,34.0,0.0,6.0,22.0,20.0,,,0.0,,,,,,,,,,,,,,,
ENG-Premier League,2526,Arsenal,Gabriel Martinelli,BRA,"FW,MF",24.0,2001.0,30.0,11.0,1081.0,12.0,1.0,4.0,5.0,1.0,0.0,0.0,3.0,0.0,0.08,0.33,0.42,0.08,0.42,12.0,1.0,29.0,13.0,44.8,2.41,1.08,0.03,0.08,0.0,0.0,36.0,31.6,11,64.0,2,19,20.0,6,2.2,22.0,8.0,14.0,1.17,0.01,0.0,10.0,14.0,5.0,37.0,1.0,8.0,,,0.0,,,,,,,,,,,,,,,
ENG-Premier League,2526,Arsenal,Jurriën Timber,NED,DF,24.0,2001.0,30.0,28.0,2454.0,27.3,3.0,5.0,8.0,3.0,0.0,0.0,5.0,0.0,0.11,0.18,0.29,0.11,0.29,27.3,3.0,25.0,7.0,28.0,0.92,0.26,0.12,0.43,0.0,0.0,82.0,71.8,28,85.0,23,2,34.0,0,2.23,51.0,20.0,31.0,1.14,-0.07,0.0,38.0,29.0,0.0,46.0,24.0,35.0,,,0.0,,,,,,,,,,,,,,,
ENG-Premier League,2526,Arsenal,Kai Havertz,GER,"FW,MF",26.0,1999.0,12.0,7.0,581.0,6.5,2.0,3.0,5.0,2.0,0.0,0.0,1.0,0.0,0.31,0.46,0.77,0.31,0.77,6.5,2.0,18.0,4.0,22.2,2.79,0.62,0.11,0.5,0.0,0.0,48.0,17.0,7,62.0,1,5,29.0,2,2.5,10.0,4.0,6.0,0.93,-0.28,0.0,8.0,8.0,3.0,6.0,1.0,5.0,,,0.0,,,,,,,,,,,,,,,
ENG-Premier League,2526,Arsenal,Kepa Arrizabalaga,ESP,GK,30.0,1994.0,1.0,1.0,90.0,1.0,0.0,0.0,0.0,0.0,0.0,0.0,0.0,0.0,0.0,0.0,0.0,0.0,0.0,1.0,0.0,0.0,0.0,,0.0,0.0,,,0.0,0.0,90.0,2.6,1,90.0,1,0,,37,3.0,2.0,1.0,1.0,1.0,-0.16,0.0,0.0,0.0,0.0,0.0,0.0,0.0,,,0.0,1.0,1.0,3.0,2.0,66.7,1.0,0.0,0.0,0.0,0.0,0.0,0.0,0.0,0.0,
ENG-Premier League,2526,Arsenal,Leandro Trossard,BEL,"FW,MF",30.0,1994.0,31.0,21.0,2000.0,22.2,6.0,6.0,12.0,6.0,0.0,0.0,2.0,0.0,0.27,0.27,0.54,0.27,0.54,22.2,6.0,53.0,15.0,28.3,2.39,0.68,0.11,0.4,0.0,0.0,65.0,58.5,21,81.0,5,10,30.0,3,2.23,42.0,15.0,27.0,1.22,0.14,0.0,13.0,39.0,5.0,58.0,9.0,15.0,,,0.0,,,,,,,,,,,,,,,
ENG-Premier League,2526,Arsenal,Martin Ødegaard,NOR,MF,26.0,1998.0,24.0,16.0,1369.0,15.2,1.0,6.0,7.0,1.0,0.0,0.0,0.0,0.0,0.07,0.39,0.46,0.07,0.46,15.2,1.0,22.0,8.0,36.4,1.45,0.53,0.05,0.13,0.0,0.0,57.0,40.0,16,72.0,7,8,26.0,1,2.17,29.0,13.0,16.0,1.05,-0.18,0.0,9.0,9.0,2.0,22.0,7.0,9.0,,,0.0,,,,,,,,,,,,,,,
ENG-Premier League,2526,Arsenal,Martín Zubimendi,ESP,MF,26.0,1999.0,38.0,34.0,2992.0,33.2,5.0,1.0,6.0,5.0,0.0,0.0,4.0,0.0,0.15,0.03,0.18,0.15,0.18,33.2,5.0,27.0,9.0,33.3,0.81,0.27,0.19,0.56,0.0,0.0,79.0,87.5,34,84.0,22,4,32.0,0,2.24,57.0,25.0,32.0,0.96,-1.56,0.0,33.0,15.0,1.0,13.0,39.0,39.0,,,0.0,,,,,,,,,,,,,,,
ENG-Premier League,2526,Arsenal,Max Dowman,ENG,MF,15.0,2009.0,6.0,1.0,157.0,1.7,1.0,0.0,1.0,1.0,0.0,0.0,0.0,0.0,0.57,0.0,0.57,0.57,0.57,1.7,1.0,6.0,1.0,16.7,3.44,0.57,0.17,1.0,0.0,0.0,26.0,4.6,1,61.0,0,5,19.0,11,2.0,5.0,1.0,4.0,2.29,1.19,0.0,2.0,7.0,0.0,6.0,1.0,2.0,,,0.0,,,,,,,,,,,,,,,
ENG-Premier League,2526,Arsenal,Mikel Merino,ESP,"MF,FW",29.0,1996.0,22.0,10.0,1036.0,11.5,4.0,3.0,7.0,4.0,0.0,0.0,1.0,0.0,0.35,0.26,0.61,0.35,0.61,11.5,4.0,22.0,8.0,36.4,1.91,0.69,0.18,0.5,0.0,0.0,47.0,30.3,10,77.0,5,12,22.0,2,2.23,22.0,10.0,12.0,1.04,-0.17,0.0,22.0,20.0,3.0,4.0,9.0,13.0,,,0.0,,,,,,,,,,,,,,,
ENG-Premier League,2526,Arsenal,Myles Lewis-Skelly,ENG,"MF,DF",18.0,2006.0,20.0,5.0,709.0,7.9,0.0,0.0,0.0,0.0,0.0,0.0,3.0,0.0,0.0,0.0,0.0,0.0,0.0,7.9,0.0,2.0,0.0,0.0,0.25,0.0,0.0,,0.0,0.0,35.0,20.7,5,86.0,4,15,19.0,17,2.5,16.0,8.0,8.0,1.02,-0.18,0.0,10.0,16.0,1.0,0.0,5.0,5.0,,,0.0,,,,,,,,,,,,,,,
ENG-Premier League,2526,Arsenal,Noni Madueke,ENG,"FW,MF",23.0,2002.0,26.0,16.0,1211.0,13.5,3.0,1.0,4.0,3.0,0.0,0.0,0.0,0.0,0.22,0.07,0.3,0.22,0.3,13.5,3.0,25.0,9.0,36.0,1.86,0.67,0.12,0.33,0.0,0.0,47.0,35.4,16,64.0,0,10,18.0,6,1.96,24.0,9.0,15.0,1.11,-0.07,0.0,15.0,15.0,4.0,80.0,5.0,10.0,,,0.0,,,,,,,,,,,,,,,
ENG-Premier League,2526,Arsenal,Piero Hincapié,ECU,DF,23.0,2002.0,25.0,20.0,1792.0,19.9,1.0,2.0,3.0,1.0,0.0,0.0,2.0,0.0,0.05,0.1,0.15,0.05,0.15,19.9,1.0,3.0,2.0,66.7,0.15,0.1,0.33,0.5,0.0,0.0,72.0,52.4,20,85.0,15,5,18.0,5,2.32,41.0,19.0,22.0,1.1,-0.11,0.0,18.0,14.0,1.0,33.0,26.0,26.0,,,1.0,,,,,,,,,,,,,,,
ENG-Premier League,2526,Arsenal,Riccardo Calafiori,ITA,DF,23.0,2002.0,26.0,22.0,1699.0,18.9,1.0,2.0,3.0,1.0,0.0,0.0,5.0,0.0,0.05,0.11,0.16,0.05,0.16,18.9,1.0,32.0,8.0,25.0,1.7,0.42,0.03,0.13,0.0,0.0,65.0,49.7,22,75.0,7,4,14.0,2,2.38,32.0,8.0,24.0,1.27,0.23,0.0,26.0,10.0,4.0,21.0,13.0,19.0,,,0.0,,,,,,,,,,,,,,,
ENG-Premier League,2526,Arsenal,Viktor Gyökeres,SWE,FW,27.0,1998.0,36.0,26.0,2224.0,24.7,14.0,1.0,15.0,11.0,3.0,3.0,5.0,0.0,0.57,0.04,0.61,0.45,0.49,24.7,14.0,55.0,22.0,40.0,2.23,0.89,0.25,0.64,3.0,3.0,62.0,65.0,26,76.0,10,10,26.0,0,2.25,51.0,14.0,37.0,1.5,0.97,0.0,35.0,31.0,4.0,8.0,1.0,5.0,,,0.0,,,,,,,,,,,,,,,
ENG-Premier League,2526,Arsenal,William Saliba,FRA,DF,24.0,2001.0,31.0,30.0,2614.0,29.0,1.0,0.0,1.0,1.0,0.0,0.0,2.0,0.0,0.03,0.0,0.03,0.03,0.03,29.0,1.0,5.0,1.0,20.0,0.17,0.03,0.2,1.0,0.0,0.0,84.0,76.4,30,86.0,28,1,45.0,0,2.29,60.0,20.0,40.0,1.38,0.93,0.0,22.0,16.0,1.0,9.0,15.0,23.0,,,0.0,,,,,,,,,,,,,,,
ENG-Premier League,2526,Aston Villa,Alysson,BRA,MF,19.0,2006.0,3.0,0.0,49.0,0.5,0.0,0.0,0.0,0.0,0.0,0.0,0.0,0.0,0.0,0.0,0.0,0.0,0.0,0.5,0.0,1.0,0.0,0.0,1.84,0.0,0.0,,0.0,0.0,16.0,1.4,0,,0,3,16.0,0,1.0,1.0,2.0,-1.0,-1.84,-2.05,0.0,0.0,1.0,0.0,2.0,1.0,0.0,,,0.0,,,,,,,,,,,,,,,
ENG-Premier League,2526,Aston Villa,Amadou Onana,BEL,MF,23.0,2001.0,25.0,21.0,1758.0,19.5,2.0,0.0,2.0,2.0,0.0,0.0,3.0,0.0,0.1,0.0,0.1,0.1,0.1,19.5,2.0,19.0,7.0,36.8,0.97,0.36,0.11,0.29,0.0,0.0,70.0,51.4,21,81.0,11,4,17.0,1,1.96,28.0,26.0,2.0,0.1,-0.17,0.0,20.0,25.0,0.0,0.0,19.0,30.0,,,0.0,,,,,,,,,,,,,,,
ENG-Premier League,2526,Aston Villa,Andrés García,ESP,DF,22.0,2003.0,6.0,1.0,86.0,1.0,0.0,0.0,0.0,0.0,0.0,0.0,0.0,0.0,0.0,0.0,0.0,0.0,0.0,1.0,0.0,0.0,0.0,,0.0,0.0,,,0.0,0.0,14.0,2.5,1,45.0,0,5,8.0,9,1.33,2.0,3.0,-1.0,-1.05,-1.26,0.0,1.0,0.0,0.0,4.0,0.0,4.0,,,0.0,,,,,,,,,,,,,,,
ENG-Premier League,2526,Aston Villa,Boubacar Kamara,FRA,MF,25.0,1999.0,18.0,17.0,1411.0,15.7,1.0,3.0,4.0,1.0,0.0,0.0,5.0,0.0,0.06,0.19,0.26,0.06,0.26,15.7,1.0,7.0,4.0,57.1,0.45,0.26,0.14,0.25,0.0,0.0,78.0,41.3,17,82.0,9,1,19.0,0,2.33,26.0,15.0,11.0,0.7,0.88,0.0,16.0,30.0,0.0,2.0,15.0,16.0,,,0.0,,,,,,,,,,,,,,,
ENG-Premier League,2526,Aston Villa,Bradley Burrowes,ENG,MF,17.0,2008.0,1.0,0.0,17.0,0.2,0.0,0.0,0.0,0.0,0.0,0.0,0.0,0.0,0.0,0.0,0.0,0.0,0.0,0.2,0.0,0.0,0.0,,0.0,0.0,,,0.0,0.0,17.0,0.5,0,,0,1,17.0,3,0.0,0.0,1.0,-1.0,-5.29,-5.51,0.0,0.0,1.0,0.0,3.0,0.0,0.0,,,0.0,,,,,,,,,,,,,,,
ENG-Premier League,2526,Aston Villa,Donyell Malen,NED,"FW,MF",26.0,1999.0,21.0,5.0,656.0,7.3,4.0,1.0,5.0,4.0,0.0,0.0,0.0,0.0,0.55,0.14,0.69,0.55,0.69,7.3,4.0,27.0,9.0,33.3,3.7,1.23,0.15,0.44,0.0,0.0,31.0,19.2,5,71.0,0,16,19.0,0,2.05,11.0,10.0,1.0,0.14,-0.06,0.0,2.0,6.0,1.0,7.0,0.0,2.0,,,0.0,,,,,,,,,,,,,,,
ENG-Premier League,2526,Aston Villa,Douglas Luiz,BRA,MF,27.0,1998.0,13.0,7.0,604.0,6.7,1.0,0.0,1.0,1.0,0.0,0.0,1.0,0.0,0.15,0.0,0.15,0.15,0.15,6.7,1.0,6.0,4.0,66.7,0.89,0.6,0.17,0.25,0.0,0.0,46.0,17.7,7,75.0,1,6,13.0,2,1.23,5.0,8.0,-3.0,-0.45,-0.77,0.0,9.0,10.0,0.0,28.0,7.0,11.0,,,0.0,,,,,,,,,,,,,,,
ENG-Premier League,2526,Aston Villa,Emi Buendía,ARG,MF,28.0,1996.0,36.0,21.0,1755.0,19.5,6.0,2.0,8.0,6.0,0.0,0.0,6.0,0.0,0.31,0.1,0.41,0.31,0.41,19.5,6.0,49.0,13.0,26.5,2.51,0.67,0.12,0.46,0.0,0.0,49.0,51.3,21,68.0,3,15,22.0,1,1.78,21.0,24.0,-3.0,-0.15,-0.69,0.0,41.0,45.0,1.0,10.0,13.0,27.0,,,0.0,,,,,,,,,,,,,,,
ENG-Premier League,2526,Aston Villa,Emiliano Martínez,ARG,GK,32.0,1992.0,32.0,32.0,2835.0,31.5,0.0,1.0,1.0,0.0,0.0,0.0,2.0,0.0,0.0,0.03,0.03,0.0,0.03,31.5,0.0,0.0,0.0,,0.0,0.0,,,0.0,0.0,89.0,82.9,32,89.0,31,0,,0,1.69,46.0,39.0,7.0,0.22,0.22,0.0,0.0,17.0,0.0,0.0,0.0,0.0,,,0.0,39.0,1.24,134.0,95.0,70.9,16.0,6.0,10.0,8.0,25.0,1.0,0.0,1.0,0.0,100.0
ENG-Premier League,2526,Aston Villa,Evann Guessand,CIV,MF,24.0,2001.0,13.0,6.0,588.0,6.5,0.0,1.0,1.0,0.0,0.0,0.0,0.0,0.0,0.0,0.15,0.15,0.0,0.15,6.5,0.0,8.0,5.0,62.5,1.22,0.77,0.0,0.0,0.0,0.0,45.0,17.2,6,67.0,0,7,27.0,5,1.77,9.0,10.0,-1.0,-0.15,-0.41,0.0,11.0,12.0,0.0,10.0,3.0,9.0,,,0.0,,,,,,,,,,,,,,,
ENG-Premier League,2526,Aston Villa,Ezri Konsa,ENG,DF,27.0,1997.0,34.0,34.0,3035.0,33.7,0.0,0.0,0.0,0.0,0.0,0.0,0.0,1.0,0.0,0.0,0.0,0.0,0.0,33.7,0.0,11.0,2.0,18.2,0.33,0.06,0.0,0.0,0.0,0.0,89.0,88.7,34,89.0,33,0,,2,1.79,52.0,44.0,8.0,0.24,0.47,0.0,11.0,42.0,0.0,5.0,22.0,8.0,,,0.0,,,,,,,,,,,,,,,
ENG-Premier League,2526,Aston Villa,George Hemmings,ENG,MF,18.0,2007.0,2.0,0.0,27.0,0.3,0.0,0.0,0.0,0.0,0.0,0.0,0.0,0.0,0.0,0.0,0.0,0.0,0.0,0.3,0.0,1.0,0.0,0.0,3.33,0.0,0.0,,0.0,0.0,14.0,0.8,0,,0,2,14.0,10,0.0,1.0,0.0,1.0,3.33,3.17,0.0,1.0,0.0,0.0,0.0,0.0,0.0,,,0.0,,,,,,,,,,,,,,,
ENG-Premier League,2526,Aston Villa,Harvey Elliott,ENG,MF,22.0,2003.0,4.0,1.0,112.0,1.2,0.0,0.0,0.0,0.0,0.0,0.0,0.0,0.0,0.0,0.0,0.0,0.0,0.0,1.2,0.0,5.0,0.0,0.0,4.02,0.0,0.0,,0.0,0.0,28.0,3.3,1,45.0,0,3,22.0,4,1.25,2.0,2.0,0.0,0.0,-0.19,0.0,0.0,2.0,0.0,3.0,0.0,0.0,,,0.0,,,,,,,,,,,,,,,
ENG-Premier League,2526,Aston Villa,Ian Maatsen,NED,DF,23.0,2002.0,30.0,17.0,1605.0,17.8,0.0,1.0,1.0,0.0,0.0,0.0,2.0,0.0,0.0,0.06,0.06,0.0,0.06,17.8,0.0,20.0,5.0,25.0,1.12,0.28,0.0,0.0,0.0,0.0,54.0,46.9,17,82.0,8,13,17.0,8,1.7,29.0,27.0,2.0,0.11,-0.14,0.0,17.0,19.0,1.0,54.0,18.0,31.0,,,0.0,,,,,,,,,,,,,,,
ENG-Premier League,2526,Aston Villa,Jadon Sancho,ENG,MF,25.0,2000.0,23.0,9.0,876.0,9.7,0.0,2.0,2.0,0.0,0.0,0.0,0.0,0.0,0.0,0.21,0.21,0.0,0.21,9.7,0.0,10.0,3.0,30.0,1.03,0.31,0.0,0.0,0.0,0.0,38.0,25.6,9,67.0,0,14,20.0,6,1.74,12.0,10.0,2.0,0.21,0.03,0.0,3.0,2.0,3.0,23.0,2.0,2.0,,,0.0,,,,,,,,,,,,,,,
ENG-Premier League,2526,Aston Villa,Jamaldeen Jimoh,ENG,MF,18.0,2006.0,1.0,0.0,9.0,0.1,0.0,0.0,0.0,0.0,0.0,0.0,0.0,0.0,0.0,0.0,0.0,0.0,0.0,0.1,0.0,0.0,0.0,,0.0,0.0,,,0.0,0.0,9.0,0.3,0,,0,1,9.0,8,0.0,1.0,0.0,1.0,10.0,9.84,0.0,0.0,1.0,0.0,0.0,0.0,0.0,,,0.0,,,,,,,,,,,,,,,
ENG-Premier League,2526,Aston Villa,John McGinn,SCO,MF,30.0,1994.0,30.0,28.0,2137.0,23.7,5.0,4.0,9.0,5.0,0.0,0.0,5.0,0.0,0.21,0.17,0.38,0.21,0.38,23.7,5.0,28.0,12.0,42.9,1.18,0.51,0.18,0.42,0.0,0.0,71.0,62.5,28,75.0,6,2,25.0,0,1.9,37.0,28.0,9.0,0.38,0.52,0.0,31.0,48.0,0.0,82.0,12.0,17.0,,,0.0,,,,,,,,,,,,,,,
ENG-Premier League,2526,Aston Villa,Lamare Bogarde,NED,"MF,DF",21.0,2004.0,28.0,11.0,1053.0,11.7,0.0,0.0,0.0,0.0,0.0,0.0,5.0,0.0,0.0,0.0,0.0,0.0,0.0,11.7,0.0,0.0,0.0,,0.0,0.0,,,0.0,0.0,38.0,30.8,11,79.0,4,17,11.0,10,1.61,16.0,17.0,-1.0,-0.09,-0.39,0.0,17.0,20.0,0.0,2.0,4.0,19.0,,,0.0,,,,,,,,,,,,,,,
ENG-Premier League,2526,Aston Villa,Leon Bailey,JAM,MF,27.0,1997.0,13.0,3.0,459.0,5.1,0.0,1.0,1.0,0.0,0.0,0.0,1.0,0.0,0.0,0.2,0.2,0.0,0.2,5.1,0.0,8.0,1.0,12.5,1.57,0.2,0.0,0.0,0.0,0.0,35.0,13.4,3,71.0,1,10,25.0,3,1.15,8.0,9.0,-1.0,-0.2,-0.44,0.0,6.0,5.0,1.0,19.0,4.0,6.0,,,0.0,,,,,,,,,,,,,,,
ENG-Premier League,2526,Aston Villa,Lucas Digne,FRA,DF,32.0,1993.0,31.0,21.0,1852.0,20.6,0.0,6.0,6.0,0.0,0.0,0.0,3.0,0.0,0.0,0.29,0.29,0.0,0.29,20.6,0.0,14.0,5.0,35.7,0.68,0.24,0.0,0.0,0.0,0.0,60.0,54.2,21,80.0,10,10,16.0,7,1.77,29.0,23.0,6.0,0.29,0.23,0.0,14.0,12.0,3.0,108.0,13.0,26.0,,,0.0,,,,,,,,,,,,,,,
ENG-Premier League,2526,Aston Villa,Marco Bizot,NED,GK,34.0,1991.0,7.0,6.0,585.0,6.5,0.0,0.0,0.0,0.0,0.0,0.0,2.0,0.0,0.0,0.0,0.0,0.0,0.0,6.5,0.0,0.0,0.0,,0.0,0.0,,,0.0,0.0,84.0,17.1,6,90.0,6,1,45.0,30,1.71,10.0,10.0,0.0,0.0,-0.22,0.0,1.0,1.0,0.0,0.0,0.0,0.0,,,0.0,10.0,1.54,29.0,19.0,65.5,3.0,2.0,1.0,2.0,33.3,1.0,1.0,0.0,0.0,0.0
ENG-Premier League,2526,Aston Villa,Matty Cash,POL,DF,27.0,1997.0,35.0,34.0,3014.0,33.5,3.0,3.0,6.0,3.0,0.0,0.0,9.0,0.0,0.09,0.09,0.18,0.09,0.18,33.5,3.0,30.0,10.0,33.3,0.9,0.3,0.1,0.3,0.0,0.0,86.0,88.1,34,87.0,26,1,45.0,0,1.77,51.0,38.0,13.0,0.39,1.72,0.0,42.0,30.0,4.0,131.0,24.0,32.0,,,0.0,,,,,,,,,,,,,,,
ENG-Premier League,2526,Aston Villa,Morgan Rogers,ENG,MF,23.0,2002.0,37.0,37.0,3280.0,36.4,10.0,6.0,16.0,10.0,0.0,0.0,7.0,0.0,0.27,0.16,0.44,0.27,0.44,36.4,10.0,84.0,32.0,38.1,2.3,0.88,0.12,0.31,0.0,0.0,89.0,95.9,37,89.0,32,0,,0,1.68,53.0,48.0,5.0,0.14,-1.15,0.0,46.0,49.0,3.0,51.0,13.0,23.0,,,0.0,,,,,,,,,,,,,,,
ENG-Premier League,2526,Aston Villa,Ollie Watkins,ENG,FW,29.0,1995.0,37.0,33.0,2839.0,31.5,16.0,3.0,19.0,16.0,0.0,0.0,4.0,0.0,0.51,0.1,0.6,0.51,0.6,31.5,16.0,83.0,38.0,45.8,2.63,1.2,0.19,0.42,0.0,0.0,77.0,83.0,33,82.0,13,4,33.0,0,1.76,48.0,38.0,10.0,0.32,0.78,0.0,35.0,32.0,25.0,7.0,5.0,14.0,,,0.0,,,,,,,,,,,,,,,
ENG-Premier League,2526,Aston Villa,Pau Torres,ESP,DF,28.0,1997.0,21.0,18.0,1676.0,18.6,0.0,0.0,0.0,0.0,0.0,0.0,1.0,0.0,0.0,0.0,0.0,0.0,0.0,18.6,0.0,9.0,1.0,11.1,0.48,0.05,0.0,0.0,0.0,0.0,80.0,49.0,18,88.0,15,3,31.0,11,1.9,28.0,19.0,9.0,0.48,0.59,0.0,7.0,5.0,0.0,4.0,11.0,14.0,,,1.0,,,,,,,,,,,,,,,
ENG-Premier League,2526,Aston Villa,Ross Barkley,ENG,MF,31.0,1993.0,21.0,7.0,857.0,9.5,3.0,1.0,4.0,3.0,0.0,0.0,1.0,0.0,0.32,0.11,0.42,0.32,0.42,9.5,3.0,18.0,8.0,44.4,1.89,0.84,0.17,0.38,0.0,0.0,41.0,25.1,7,77.0,0,14,23.0,1,1.76,18.0,15.0,3.0,0.32,0.17,0.0,9.0,8.0,0.0,0.0,2.0,11.0,,,0.0,,,,,,,,,,,,,,,
ENG-Premier League,2526,Aston Villa,Tammy Abraham,ENG,FW,27.0,1997.0,12.0,2.0,286.0,3.2,2.0,0.0,2.0,2.0,0.0,0.0,0.0,0.0,0.63,0.0,0.63,0.63,0.63,3.2,2.0,9.0,3.0,33.3,2.83,0.94,0.22,0.67,0.0,0.0,24.0,8.4,2,75.0,1,10,14.0,2,1.0,4.0,8.0,-4.0,-1.26,-1.57,0.0,2.0,0.0,0.0,1.0,0.0,1.0,,,0.0,,,,,,,,,,,,,,,
ENG-Premier League,2526,Aston Villa,Tyrone Mings,ENG,DF,32.0,1993.0,17.0,15.0,1324.0,14.7,0.0,0.0,0.0,0.0,0.0,0.0,1.0,0.0,0.0,0.0,0.0,0.0,0.0,14.7,0.0,9.0,1.0,11.1,0.61,0.07,0.0,0.0,0.0,0.0,78.0,38.7,15,86.0,14,2,17.0,6,1.24,16.0,23.0,-7.0,-0.48,-1.08,0.0,10.0,8.0,0.0,4.0,11.0,2.0,,,0.0,,,,,,,,,,,,,,,
ENG-Premier League,2526,Aston Villa,Victor Lindelöf,SWE,"DF,MF",31.0,1994.0,17.0,11.0,948.0,10.5,0.0,1.0,1.0,0.0,0.0,0.0,0.0,0.0,0.0,0.09,0.09,0.0,0.09,10.5,0.0,3.0,0.0,0.0,0.28,0.0,0.0,,0.0,0.0,56.0,27.7,11,83.0,8,6,6.0,17,2.18,20.0,15.0,5.0,0.47,0.4,0.0,2.0,0.0,0.0,0.0,8.0,3.0,,,0.0,,,,,,,,,,,,,,,
ENG-Premier League,2526,Aston Villa,Youri Tielemans,BEL,MF,28.0,1997.0,25.0,21.0,1862.0,20.7,0.0,4.0,4.0,0.0,0.0,0.0,0.0,0.0,0.0,0.19,0.19,0.0,0.19,20.7,0.0,24.0,7.0,29.2,1.16,0.34,0.0,0.0,0.0,0.0,74.0,54.4,21,85.0,14,4,21.0,0,1.88,32.0,27.0,5.0,0.24,0.13,0.0,25.0,40.0,1.0,45.0,16.0,39.0,,,0.0,,,,,,,,,,,,,,,
ENG-Premier League,2526,Bournemouth,Adam Smith,ENG,DF,34.0,1991.0,22.0,14.0,1077.0,12.0,0.0,2.0,2.0,0.0,0.0,0.0,3.0,0.0,0.0,0.17,0.17,0.0,0.17,12.0,0.0,0.0,0.0,,0.0,0.0,,,0.0,0.0,49.0,31.5,14,73.0,5,8,7.0,11,1.45,18.0,16.0,2.0,0.17,0.09,0.0,19.0,11.0,0.0,13.0,10.0,12.0,,,0.0,,,,,,,,,,,,,,,
ENG-Premier League,2526,Bournemouth,Adrien Truffert,FRA,DF,23.0,2001.0,38.0,38.0,3379.0,37.5,1.0,5.0,6.0,1.0,0.0,0.0,5.0,0.0,0.03,0.13,0.16,0.03,0.16,37.5,1.0,16.0,6.0,37.5,0.43,0.16,0.06,0.17,0.0,0.0,89.0,98.8,38,89.0,36,0,,0,1.5,58.0,51.0,7.0,0.19,6.77,0.0,39.0,32.0,0.0,142.0,43.0,51.0,,,0.0,,,,,,,,,,,,,,,
ENG-Premier League,2526,Bournemouth,Alex Scott,ENG,MF,21.0,2003.0,37.0,34.0,2849.0,31.7,3.0,1.0,4.0,3.0,0.0,0.0,5.0,0.0,0.09,0.03,0.13,0.09,0.13,31.7,3.0,44.0,13.0,29.5,1.39,0.41,0.07,0.23,0.0,0.0,77.0,83.3,34,80.0,19,3,39.0,0,1.51,50.0,42.0,8.0,0.25,0.88,0.0,45.0,60.0,1.0,88.0,35.0,38.0,,,0.0,,,,,,,,,,,,,,,
ENG-Premier League,2526,Bournemouth,Alex Tóth,HUN,MF,19.0,2005.0,9.0,2.0,140.0,1.6,0.0,0.0,0.0,0.0,0.0,0.0,1.0,0.0,0.0,0.0,0.0,0.0,0.0,1.6,0.0,2.0,0.0,0.0,1.29,0.0,0.0,,0.0,0.0,16.0,4.1,2,57.0,0,7,4.0,7,2.33,3.0,3.0,0.0,0.0,-0.11,0.0,1.0,2.0,0.0,3.0,3.0,0.0,,,0.0,,,,,,,,,,,,,,,
ENG-Premier League,2526,Bournemouth,Amine Adli,MAR,MF,25.0,2000.0,31.0,10.0,1094.0,12.2,3.0,1.0,4.0,3.0,0.0,0.0,2.0,0.0,0.25,0.08,0.33,0.25,0.33,12.2,3.0,20.0,9.0,45.0,1.65,0.74,0.15,0.33,0.0,0.0,35.0,32.0,10,73.0,2,21,17.0,6,1.48,18.0,17.0,1.0,0.08,-0.03,0.0,29.0,23.0,5.0,39.0,6.0,17.0,,,0.0,,,,,,,,,,,,,,,
ENG-Premier League,2526,Bournemouth,Antoine Semenyo,GHA,MF,25.0,2000.0,20.0,20.0,1798.0,20.0,10.0,3.0,13.0,9.0,1.0,2.0,6.0,0.0,0.5,0.15,0.65,0.45,0.6,20.0,10.0,49.0,27.0,55.1,2.45,1.35,0.2,0.37,1.0,2.0,90.0,52.6,20,90.0,18,0,,0,1.25,31.0,38.0,-7.0,-0.35,-0.96,0.0,37.0,14.0,12.0,28.0,6.0,20.0,,,0.0,,,,,,,,,,,,,,,
ENG-Premier League,2526,Bournemouth,Bafodé Diakité,FRA,DF,24.0,2001.0,18.0,15.0,1277.0,14.2,0.0,0.0,0.0,0.0,0.0,0.0,1.0,0.0,0.0,0.0,0.0,0.0,0.0,14.2,0.0,1.0,0.0,0.0,0.07,0.0,0.0,,0.0,0.0,71.0,37.3,15,84.0,13,3,6.0,19,1.28,21.0,27.0,-6.0,-0.42,-0.84,0.0,8.0,4.0,2.0,1.0,10.0,15.0,,,0.0,,,,,,,,,,,,,,,
ENG-Premier League,2526,Bournemouth,Ben Gannon-Doak,SCO,MF,19.0,2005.0,8.0,0.0,113.0,1.3,0.0,1.0,1.0,0.0,0.0,0.0,0.0,0.0,0.0,0.8,0.8,0.0,0.8,1.3,0.0,3.0,1.0,33.3,2.39,0.8,0.0,0.0,0.0,0.0,14.0,3.3,0,,0,8,14.0,11,1.63,5.0,1.0,4.0,3.19,3.19,0.0,3.0,1.0,0.0,4.0,1.0,2.0,,,0.0,,,,,,,,,,,,,,,
ENG-Premier League,2526,Bournemouth,Ben Winterburn,ENG,MF,20.0,2004.0,1.0,0.0,7.0,0.1,0.0,0.0,0.0,0.0,0.0,0.0,0.0,0.0,0.0,0.0,0.0,0.0,0.0,0.1,0.0,0.0,0.0,,0.0,0.0,,,0.0,0.0,7.0,0.2,0,,0,1,7.0,0,0.0,0.0,2.0,-2.0,-25.71,-25.87,0.0,0.0,0.0,0.0,0.0,0.0,0.0,,,0.0,,,,,,,,,,,,,,,
ENG-Premier League,2526,Bournemouth,David Brooks,WAL,MF,28.0,1997.0,31.0,13.0,1204.0,13.4,1.0,3.0,4.0,1.0,0.0,0.0,7.0,0.0,0.07,0.22,0.3,0.07,0.3,13.4,1.0,48.0,13.0,27.1,3.59,0.97,0.02,0.08,0.0,0.0,39.0,35.2,13,67.0,0,18,19.0,2,1.52,21.0,20.0,1.0,0.07,-0.05,0.0,11.0,13.0,2.0,59.0,4.0,13.0,,,0.0,,,,,,,,,,,,,,,
ENG-Premier League,2526,Bournemouth,Eli Junior Kroupi,FRA,"MF,FW",19.0,2006.0,33.0,21.0,1672.0,18.6,13.0,0.0,13.0,11.0,2.0,2.0,5.0,0.0,0.7,0.0,0.7,0.59,0.59,18.6,13.0,52.0,22.0,42.3,2.8,1.18,0.25,0.59,2.0,2.0,51.0,48.9,21,71.0,0,12,16.0,5,1.45,31.0,21.0,10.0,0.54,0.85,0.0,27.0,12.0,6.0,10.0,9.0,6.0,,,0.0,,,,,,,,,,,,,,,
ENG-Premier League,2526,Bournemouth,Enes Ünal,TUR,FW,28.0,1997.0,23.0,0.0,232.0,2.6,1.0,0.0,1.0,1.0,0.0,0.0,1.0,0.0,0.39,0.0,0.39,0.39,0.39,2.6,1.0,15.0,3.0,20.0,5.82,1.16,0.07,0.33,0.0,0.0,10.0,6.8,0,,0,23,10.0,4,1.65,8.0,3.0,5.0,1.94,1.97,0.0,6.0,10.0,3.0,2.0,0.0,1.0,,,0.0,,,,,,,,,,,,,,,
ENG-Premier League,2526,Bournemouth,Evanilson,BRA,FW,25.0,1999.0,36.0,32.0,2742.0,30.5,6.0,1.0,7.0,6.0,0.0,0.0,2.0,0.0,0.2,0.03,0.23,0.2,0.23,30.5,6.0,72.0,23.0,31.9,2.36,0.75,0.08,0.26,0.0,0.0,76.0,80.2,32,81.0,9,4,36.0,0,1.47,43.0,40.0,3.0,0.1,-0.03,0.0,26.0,37.0,28.0,3.0,6.0,5.0,,,0.0,,,,,,,,,,,,,,,
ENG-Premier League,2526,Bournemouth,Hamed Junior Traorè,CIV,MF,25.0,2000.0,1.0,0.0,17.0,0.2,0.0,1.0,1.0,0.0,0.0,0.0,0.0,0.0,0.0,5.29,5.29,0.0,5.29,0.2,0.0,0.0,0.0,,0.0,0.0,,,0.0,0.0,17.0,0.5,0,,0,1,17.0,0,0.0,1.0,2.0,-1.0,-5.29,-5.43,0.0,0.0,0.0,0.0,1.0,0.0,0.0,,,0.0,,,,,,,,,,,,,,,
ENG-Premier League,2526,Bournemouth,James Hill,ENG,DF,23.0,2002.0,29.0,22.0,2106.0,23.4,0.0,3.0,3.0,0.0,0.0,0.0,5.0,0.0,0.0,0.13,0.13,0.0,0.13,23.4,0.0,12.0,2.0,16.7,0.51,0.09,0.0,0.0,0.0,0.0,73.0,61.6,22,88.0,20,7,23.0,5,1.76,34.0,24.0,10.0,0.43,0.84,0.0,17.0,13.0,2.0,11.0,37.0,20.0,,,2.0,,,,,,,,,,,,,,,
ENG-Premier League,2526,Bournemouth,Julio Soler,ARG,DF,20.0,2005.0,3.0,0.0,35.0,0.4,0.0,0.0,0.0,0.0,0.0,0.0,0.0,0.0,0.0,0.0,0.0,0.0,0.0,0.4,0.0,0.0,0.0,,0.0,0.0,,,0.0,0.0,12.0,1.0,0,,0,3,12.0,14,1.0,0.0,2.0,-2.0,-5.14,-5.3,0.0,2.0,2.0,0.0,2.0,0.0,0.0,,,0.0,,,,,,,,,,,,,,,
ENG-Premier League,2526,Bournemouth,Justin Kluivert,NED,MF,26.0,1999.0,20.0,10.0,952.0,10.6,2.0,0.0,2.0,2.0,0.0,0.0,5.0,0.0,0.19,0.0,0.19,0.19,0.19,10.6,2.0,17.0,4.0,23.5,1.61,0.38,0.12,0.5,0.0,0.0,48.0,27.8,10,72.0,0,10,23.0,1,1.2,16.0,19.0,-3.0,-0.28,-0.54,0.0,18.0,10.0,1.0,40.0,4.0,7.0,,,0.0,,,,,,,,,,,,,,,
ENG-Premier League,2526,Bournemouth,Lewis Cook,ENG,"MF,DF",28.0,1997.0,18.0,8.0,874.0,9.7,0.0,1.0,1.0,0.0,0.0,0.0,1.0,1.0,0.0,0.1,0.1,0.0,0.1,9.7,0.0,3.0,0.0,0.0,0.31,0.0,0.0,,0.0,0.0,49.0,25.6,8,90.0,8,10,15.0,1,1.39,15.0,18.0,-3.0,-0.31,-0.56,0.0,8.0,5.0,0.0,44.0,21.0,17.0,,,0.0,,,,,,,,,,,,,,,
ENG-Premier League,2526,Bournemouth,Marcos Senesi,ARG,DF,28.0,1997.0,37.0,37.0,3288.0,36.5,0.0,5.0,5.0,0.0,0.0,0.0,8.0,0.0,0.0,0.14,0.14,0.0,0.14,36.5,0.0,17.0,5.0,29.4,0.47,0.14,0.0,0.0,0.0,0.0,89.0,96.1,37,89.0,35,0,,0,1.54,56.0,53.0,3.0,0.08,-0.6,0.0,35.0,37.0,1.0,28.0,50.0,34.0,,,0.0,,,,,,,,,,,,,,,
ENG-Premier League,2526,Bournemouth,Marcus Tavernier,ENG,MF,26.0,1999.0,34.0,31.0,2731.0,30.3,7.0,4.0,11.0,5.0,2.0,2.0,6.0,0.0,0.23,0.13,0.36,0.16,0.3,30.3,7.0,70.0,24.0,34.3,2.31,0.79,0.1,0.29,2.0,2.0,80.0,79.9,31,86.0,15,3,24.0,0,1.38,45.0,44.0,1.0,0.03,-0.36,0.0,31.0,35.0,4.0,114.0,16.0,21.0,,,0.0,,,,,,,,,,,,,,,
ENG-Premier League,2526,Bournemouth,Rayan,BRA,MF,18.0,2006.0,15.0,13.0,1111.0,12.3,5.0,2.0,7.0,5.0,0.0,0.0,1.0,0.0,0.41,0.16,0.57,0.41,0.57,12.3,5.0,28.0,8.0,28.6,2.27,0.65,0.18,0.63,0.0,0.0,74.0,32.5,13,82.0,2,2,24.0,0,1.8,16.0,10.0,6.0,0.49,0.56,0.0,9.0,6.0,1.0,24.0,8.0,6.0,,,0.0,,,,,,,,,,,,,,,
ENG-Premier League,2526,Bournemouth,Ryan Christie,SCO,MF,30.0,1995.0,26.0,9.0,994.0,11.0,2.0,0.0,2.0,2.0,0.0,0.0,3.0,1.0,0.18,0.0,0.18,0.18,0.18,11.0,2.0,25.0,8.0,32.0,2.26,0.72,0.08,0.25,0.0,0.0,38.0,29.1,9,65.0,0,17,24.0,1,1.77,16.0,14.0,2.0,0.18,0.11,0.0,16.0,22.0,1.0,17.0,11.0,20.0,,,0.0,,,,,,,,,,,,,,,
ENG-Premier League,2526,Bournemouth,Tyler Adams,USA,MF,26.0,1999.0,25.0,21.0,1772.0,19.7,2.0,2.0,4.0,2.0,0.0,0.0,8.0,0.0,0.1,0.1,0.2,0.1,0.2,19.7,2.0,10.0,6.0,60.0,0.51,0.3,0.2,0.33,0.0,0.0,71.0,51.8,21,79.0,10,4,28.0,1,1.52,25.0,28.0,-3.0,-0.15,-0.53,0.0,36.0,13.0,1.0,3.0,30.0,24.0,,,0.0,,,,,,,,,,,,,,,
ENG-Premier League,2526,Bournemouth,Veljko Milosavljević,SRB,DF,18.0,2007.0,7.0,4.0,368.0,4.1,0.0,0.0,0.0,0.0,0.0,0.0,0.0,0.0,0.0,0.0,0.0,0.0,0.0,4.1,0.0,1.0,0.0,0.0,0.24,0.0,0.0,,0.0,0.0,53.0,10.8,4,90.0,4,3,3.0,15,1.86,5.0,6.0,-1.0,-0.24,-0.39,0.0,0.0,0.0,0.0,0.0,4.0,4.0,,,0.0,,,,,,,,,,,,,,,
ENG-Premier League,2526,Bournemouth,Álex Jiménez,ESP,"DF,MF",20.0,2005.0,31.0,26.0,2317.0,25.7,1.0,0.0,1.0,1.0,0.0,0.0,10.0,0.0,0.04,0.0,0.04,0.04,0.04,25.7,1.0,21.0,4.0,19.0,0.82,0.16,0.05,0.25,0.0,0.0,75.0,67.7,26,84.0,12,5,29.0,1,1.48,41.0,38.0,3.0,0.12,0.03,0.0,35.0,20.0,0.0,51.0,27.0,45.0,,,0.0,,,,,,,,,,,,,,,
ENG-Premier League,2526,Bournemouth,Đorđe Petrović,SRB,GK,25.0,1999.0,38.0,38.0,3420.0,38.0,0.0,0.0,0.0,0.0,0.0,0.0,3.0,0.0,0.0,0.0,0.0,0.0,0.0,38.0,0.0,0.0,0.0,,0.0,0.0,,,0.0,0.0,90.0,100.0,38,90.0,38,0,,0,1.5,58.0,54.0,4.0,0.11,,0.0,0.0,2.0,0.0,0.0,0.0,0.0,,,1.0,54.0,1.42,163.0,109.0,66.9,13.0,18.0,7.0,11.0,28.9,6.0,6.0,0.0,0.0,0.0
ENG-Premier League,2526,Brentford,Aaron Hickey,SCO,"DF,MF",23.0,2002.0,21.0,8.0,691.0,7.7,0.0,0.0,0.0,0.0,0.0,0.0,1.0,0.0,0.0,0.0,0.0,0.0,0.0,7.7,0.0,6.0,1.0,16.7,0.78,0.13,0.0,0.0,0.0,0.0,33.0,20.2,8,68.0,1,13,11.0,8,1.48,9.0,9.0,0.0,0.0,-0.1,0.0,7.0,9.0,0.0,4.0,8.0,7.0,,,0.0,,,,,,,,,,,,,,,
ENG-Premier League,2526,Brentford,Antoni Milambo,NED,MF,20.0,2005.0,1.0,1.0,45.0,0.5,0.0,0.0,0.0,0.0,0.0,0.0,0.0,0.0,0.0,0.0,0.0,0.0,0.0,0.5,0.0,0.0,0.0,,0.0,0.0,,,0.0,0.0,45.0,1.3,1,45.0,0,0,,3,0.0,0.0,3.0,-3.0,-6.0,-6.16,0.0,0.0,0.0,0.0,0.0,0.0,1.0,,,0.0,,,,,,,,,,,,,,,
ENG-Premier League,2526,Brentford,Caoimhín Kelleher,IRL,GK,26.0,1998.0,37.0,37.0,3330.0,37.0,0.0,0.0,0.0,0.0,0.0,0.0,1.0,0.0,0.0,0.0,0.0,0.0,0.0,37.0,0.0,0.0,0.0,,0.0,0.0,,,0.0,0.0,90.0,97.4,37,90.0,37,0,,0,1.35,51.0,49.0,2.0,0.05,-0.95,0.0,3.0,6.0,0.0,0.0,1.0,0.0,,,0.0,49.0,1.32,154.0,105.0,68.2,13.0,11.0,13.0,10.0,27.0,8.0,5.0,3.0,0.0,37.5
ENG-Premier League,2526,Brentford,Dango Ouattara,BFA,MF,23.0,2002.0,32.0,25.0,2276.0,25.3,7.0,3.0,10.0,7.0,0.0,0.0,5.0,0.0,0.28,0.12,0.4,0.28,0.4,25.3,7.0,56.0,20.0,35.7,2.21,0.79,0.13,0.35,0.0,0.0,71.0,66.5,25,84.0,12,7,25.0,0,1.25,35.0,35.0,0.0,0.0,-0.24,0.0,27.0,39.0,8.0,107.0,24.0,14.0,,,0.0,,,,,,,,,,,,,,,
ENG-Premier League,2526,Brentford,Ethan Pinnock,JAM,DF,32.0,1993.0,4.0,4.0,318.0,3.5,0.0,0.0,0.0,0.0,0.0,0.0,1.0,0.0,0.0,0.0,0.0,0.0,0.0,3.5,0.0,1.0,1.0,100.0,0.28,0.28,0.0,0.0,0.0,0.0,80.0,9.3,4,80.0,1,0,,32,0.5,2.0,5.0,-3.0,-0.85,-1.02,0.0,0.0,2.0,0.0,0.0,5.0,5.0,,,1.0,,,,,,,,,,,,,,,
ENG-Premier League,2526,Brentford,Fabio Carvalho,POR,MF,22.0,2002.0,6.0,1.0,102.0,1.1,1.0,0.0,1.0,1.0,0.0,0.0,0.0,0.0,0.88,0.0,0.88,0.88,0.88,1.1,1.0,2.0,1.0,50.0,1.76,0.88,0.5,1.0,0.0,0.0,17.0,3.0,1,90.0,1,5,2.0,4,0.17,2.0,4.0,-2.0,-1.76,-1.9,0.0,0.0,0.0,0.0,5.0,0.0,2.0,,,0.0,,,,,,,,,,,,,,,
ENG-Premier League,2526,Brentford,Frank Onyeka,NGA,MF,27.0,1998.0,6.0,0.0,92.0,1.0,0.0,1.0,1.0,0.0,0.0,0.0,0.0,0.0,0.0,0.98,0.98,0.0,0.98,1.0,0.0,0.0,0.0,,0.0,0.0,,,0.0,0.0,15.0,2.7,0,,0,6,15.0,10,1.5,3.0,2.0,1.0,0.98,0.92,0.0,3.0,3.0,0.0,0.0,0.0,0.0,,,0.0,,,,,,,,,,,,,,,
ENG-Premier League,2526,Brentford,Hákon Valdimarsson,ISL,GK,23.0,2001.0,1.0,1.0,90.0,1.0,0.0,0.0,0.0,0.0,0.0,0.0,0.0,0.0,0.0,0.0,0.0,0.0,0.0,1.0,0.0,0.0,0.0,,0.0,0.0,,,0.0,0.0,90.0,2.6,1,90.0,1,0,,37,3.0,4.0,3.0,1.0,1.0,0.95,0.0,0.0,0.0,0.0,0.0,0.0,0.0,,,0.0,3.0,3.0,4.0,1.0,25.0,1.0,0.0,0.0,0.0,0.0,0.0,0.0,0.0,0.0,
ENG-Premier League,2526,Brentford,Igor Thiago,BRA,FW,24.0,2001.0,38.0,37.0,3282.0,36.5,22.0,1.0,23.0,14.0,8.0,9.0,7.0,0.0,0.6,0.03,0.63,0.38,0.41,36.5,22.0,84.0,43.0,51.2,2.3,1.18,0.26,0.51,8.0,9.0,86.0,96.0,37,88.0,30,1,31.0,0,1.39,52.0,49.0,3.0,0.08,0.08,0.0,74.0,26.0,24.0,19.0,12.0,21.0,,,0.0,,,,,,,,,,,,,,,
ENG-Premier League,2526,Brentford,Jordan Henderson,ENG,MF,35.0,1990.0,32.0,22.0,1919.0,21.3,1.0,3.0,4.0,1.0,0.0,0.0,6.0,0.0,0.05,0.14,0.19,0.05,0.19,21.3,1.0,6.0,1.0,16.7,0.28,0.05,0.17,1.0,0.0,0.0,60.0,56.1,22,79.0,10,10,18.0,1,1.41,28.0,28.0,0.0,0.0,-0.18,0.0,13.0,7.0,1.0,48.0,16.0,14.0,,,0.0,,,,,,,,,,,,,,,
ENG-Premier League,2526,Brentford,Josh Dasilva,ENG,MF,26.0,1998.0,2.0,0.0,3.0,0.0,0.0,0.0,0.0,0.0,0.0,0.0,0.0,0.0,0.0,0.0,0.0,0.0,0.0,0.0,0.0,1.0,0.0,0.0,30.0,0.0,0.0,,0.0,0.0,2.0,0.1,0,,0,2,2.0,3,2.0,0.0,0.0,0.0,0.0,-0.08,0.0,0.0,0.0,0.0,0.0,0.0,0.0,,,0.0,,,,,,,,,,,,,,,
ENG-Premier League,2526,Brentford,Kaye Furo,BEL,FW,18.0,2007.0,1.0,0.0,1.0,0.0,0.0,0.0,0.0,0.0,0.0,0.0,0.0,0.0,0.0,0.0,0.0,0.0,0.0,0.0,0.0,0.0,0.0,,0.0,0.0,,,0.0,0.0,1.0,0.0,0,,0,1,1.0,12,3.0,0.0,0.0,0.0,0.0,-0.08,0.0,1.0,0.0,0.0,0.0,0.0,0.0,,,0.0,,,,,,,,,,,,,,,
ENG-Premier League,2526,Brentford,Keane Lewis-Potter,ENG,"DF,MF",24.0,2001.0,36.0,22.0,1972.0,21.9,3.0,3.0,6.0,3.0,0.0,0.0,1.0,0.0,0.14,0.14,0.27,0.14,0.27,21.9,3.0,31.0,9.0,29.0,1.41,0.41,0.1,0.33,0.0,0.0,55.0,57.7,22,81.0,10,14,14.0,2,1.39,28.0,32.0,-4.0,-0.18,-0.62,0.0,15.0,36.0,3.0,69.0,10.0,14.0,,,0.0,,,,,,,,,,,,,,,
ENG-Premier League,2526,Brentford,Kevin Schade,GER,"MF,FW",23.0,2001.0,35.0,32.0,2745.0,30.5,8.0,3.0,11.0,8.0,0.0,1.0,6.0,1.0,0.26,0.1,0.36,0.26,0.36,30.5,8.0,57.0,24.0,42.1,1.87,0.79,0.14,0.33,0.0,1.0,78.0,80.3,32,82.0,18,3,39.0,0,1.37,41.0,34.0,7.0,0.23,0.76,0.0,50.0,43.0,10.0,23.0,19.0,27.0,,,0.0,,,,,,,,,,,,,,,
ENG-Premier League,2526,Brentford,Kristoffer Ajer,NOR,DF,27.0,1998.0,27.0,20.0,1810.0,20.1,0.0,1.0,1.0,0.0,0.0,0.0,4.0,0.0,0.0,0.05,0.05,0.0,0.05,20.1,0.0,10.0,3.0,30.0,0.5,0.15,0.0,0.0,0.0,0.0,67.0,52.9,20,83.0,13,7,20.0,9,1.37,29.0,32.0,-3.0,-0.15,-0.48,0.0,23.0,5.0,0.0,7.0,15.0,23.0,,,0.0,,,,,,,,,,,,,,,
ENG-Premier League,2526,Brentford,Mathias Jensen,DEN,MF,29.0,1996.0,36.0,26.0,2247.0,25.0,3.0,1.0,4.0,3.0,0.0,0.0,3.0,0.0,0.12,0.04,0.16,0.12,0.16,25.0,3.0,29.0,8.0,27.6,1.16,0.32,0.1,0.38,0.0,0.0,62.0,65.7,26,81.0,13,10,13.0,2,1.47,35.0,33.0,2.0,0.08,0.0,0.0,20.0,15.0,2.0,124.0,21.0,23.0,,,0.0,,,,,,,,,,,,,,,
ENG-Premier League,2526,Brentford,Michael Kayode,ITA,DF,21.0,2004.0,37.0,37.0,3258.0,36.2,1.0,1.0,2.0,1.0,0.0,0.0,8.0,0.0,0.03,0.03,0.06,0.03,0.06,36.2,1.0,9.0,3.0,33.3,0.25,0.08,0.11,0.33,0.0,0.0,88.0,95.3,37,88.0,31,0,,0,1.43,54.0,49.0,5.0,0.14,1.25,0.0,26.0,50.0,1.0,56.0,39.0,47.0,,,1.0,,,,,,,,,,,,,,,
ENG-Premier League,2526,Brentford,Mikkel Damsgaard,DEN,MF,25.0,2000.0,33.0,24.0,2054.0,22.8,4.0,4.0,8.0,4.0,0.0,0.0,0.0,0.0,0.18,0.18,0.35,0.18,0.35,22.8,4.0,29.0,11.0,37.9,1.27,0.48,0.14,0.36,0.0,0.0,62.0,60.1,24,78.0,9,9,21.0,2,1.42,37.0,32.0,5.0,0.22,0.35,0.0,18.0,23.0,4.0,95.0,24.0,34.0,,,0.0,,,,,,,,,,,,,,,
ENG-Premier League,2526,Brentford,Myles Peart-Harris,ENG,MF,22.0,2002.0,1.0,0.0,1.0,0.0,0.0,0.0,0.0,0.0,0.0,0.0,0.0,0.0,0.0,0.0,0.0,0.0,0.0,0.0,0.0,0.0,0.0,,0.0,0.0,,,0.0,0.0,1.0,0.0,0,,0,1,1.0,4,3.0,0.0,0.0,0.0,0.0,-0.08,0.0,1.0,0.0,0.0,0.0,0.0,0.0,,,0.0,,,,,,,,,,,,,,,
ENG-Premier League,2526,Brentford,Nathan Collins,IRL,DF,24.0,2001.0,35.0,32.0,2975.0,33.1,1.0,2.0,3.0,1.0,0.0,0.0,7.0,0.0,0.03,0.06,0.09,0.03,0.09,33.1,1.0,20.0,6.0,30.0,0.61,0.18,0.05,0.17,0.0,0.0,85.0,87.0,32,90.0,32,3,32.0,3,1.31,46.0,44.0,2.0,0.06,-0.14,0.0,20.0,17.0,2.0,1.0,36.0,13.0,,,1.0,,,,,,,,,,,,,,,
ENG-Premier League,2526,Brentford,Reiss Nelson,ENG,"FW,MF",25.0,1999.0,10.0,0.0,126.0,1.4,0.0,1.0,1.0,0.0,0.0,0.0,0.0,0.0,0.0,0.71,0.71,0.0,0.71,1.4,0.0,5.0,1.0,20.0,3.57,0.71,0.0,0.0,0.0,0.0,13.0,3.7,0,,0,10,13.0,14,1.6,7.0,2.0,5.0,3.57,3.63,0.0,0.0,2.0,0.0,2.0,0.0,3.0,,,0.0,,,,,,,,,,,,,,,
ENG-Premier League,2526,Brentford,Rico Henry,JAM,DF,28.0,1997.0,25.0,14.0,1328.0,14.8,0.0,1.0,1.0,0.0,0.0,0.0,2.0,0.0,0.0,0.07,0.07,0.0,0.07,14.8,0.0,5.0,0.0,0.0,0.34,0.0,0.0,,0.0,0.0,53.0,38.8,14,80.0,6,11,19.0,4,1.64,28.0,22.0,6.0,0.41,0.54,0.0,15.0,17.0,2.0,26.0,7.0,11.0,,,0.0,,,,,,,,,,,,,,,
ENG-Premier League,2526,Brentford,Romelle Donovan,ENG,FW,18.0,2006.0,4.0,0.0,41.0,0.5,0.0,0.0,0.0,0.0,0.0,0.0,0.0,0.0,0.0,0.0,0.0,0.0,0.0,0.5,0.0,3.0,1.0,33.3,6.59,2.2,0.0,0.0,0.0,0.0,10.0,1.2,0,,0,4,10.0,19,1.5,2.0,0.0,2.0,4.39,4.36,0.0,2.0,3.0,0.0,2.0,0.0,0.0,,,0.0,,,,,,,,,,,,,,,
ENG-Premier League,2526,Brentford,Sepp van den Berg,NED,DF,23.0,2001.0,32.0,30.0,2763.0,30.7,0.0,2.0,2.0,0.0,0.0,0.0,2.0,0.0,0.0,0.07,0.07,0.0,0.07,30.7,0.0,23.0,7.0,30.4,0.75,0.23,0.0,0.0,0.0,0.0,86.0,80.8,30,90.0,30,2,32.0,5,1.34,43.0,41.0,2.0,0.07,-0.07,0.0,15.0,11.0,0.0,0.0,26.0,9.0,,,0.0,,,,,,,,,,,,,,,
ENG-Premier League,2526,Brentford,Vitaly Janelt,GER,MF,27.0,1998.0,25.0,15.0,1443.0,16.0,1.0,4.0,5.0,1.0,0.0,0.0,8.0,0.0,0.06,0.25,0.31,0.06,0.31,16.0,1.0,12.0,3.0,25.0,0.75,0.19,0.08,0.33,0.0,0.0,58.0,42.2,15,82.0,11,10,21.0,3,1.4,26.0,21.0,5.0,0.31,0.4,0.0,20.0,13.0,0.0,61.0,27.0,17.0,,,0.0,,,,,,,,,,,,,,,
ENG-Premier League,2526,Brentford,Yehor Yarmoliuk,UKR,MF,21.0,2004.0,37.0,30.0,2659.0,29.5,1.0,2.0,3.0,1.0,0.0,0.0,7.0,0.0,0.03,0.07,0.1,0.03,0.1,29.5,1.0,16.0,4.0,25.0,0.54,0.14,0.06,0.25,0.0,0.0,72.0,77.7,30,83.0,15,7,26.0,0,1.41,42.0,42.0,0.0,0.0,-0.35,0.0,37.0,12.0,1.0,30.0,28.0,46.0,,,0.0,,,,,,,,,,,,,,,
ENG-Premier League,2526,Brighton,Bart Verbruggen,NED,GK,22.0,2002.0,38.0,38.0,3420.0,38.0,0.0,0.0,0.0,0.0,0.0,0.0,3.0,0.0,0.0,0.0,0.0,0.0,0.0,38.0,0.0,0.0,0.0,,0.0,0.0,,,0.0,0.0,90.0,100.0,38,90.0,38,0,,0,1.39,52.0,46.0,6.0,0.16,,0.0,2.0,2.0,0.0,0.0,0.0,1.0,,,1.0,46.0,1.21,151.0,103.0,69.5,14.0,11.0,13.0,10.0,26.3,6.0,5.0,1.0,0.0,16.7
ENG-Premier League,2526,Brighton,Brajan Gruda,GER,MF,21.0,2004.0,18.0,8.0,719.0,8.0,1.0,1.0,2.0,1.0,0.0,0.0,2.0,0.0,0.13,0.13,0.25,0.13,0.25,8.0,1.0,16.0,6.0,37.5,2.0,0.75,0.06,0.17,0.0,0.0,40.0,21.0,8,69.0,0,10,17.0,1,1.28,14.0,11.0,3.0,0.38,0.28,0.0,11.0,14.0,2.0,14.0,2.0,5.0,,,0.0,,,,,,,,,,,,,,,
ENG-Premier League,2526,Brighton,Carlos Baleba,CMR,MF,21.0,2004.0,31.0,23.0,1652.0,18.4,0.0,0.0,0.0,0.0,0.0,0.0,5.0,0.0,0.0,0.0,0.0,0.0,0.0,18.4,0.0,20.0,2.0,10.0,1.09,0.11,0.0,0.0,0.0,0.0,53.0,48.3,23,66.0,3,8,16.0,1,1.39,20.0,20.0,0.0,0.0,-0.31,0.0,31.0,24.0,0.0,0.0,28.0,21.0,,,0.0,,,,,,,,,,,,,,,
ENG-Premier League,2526,Brighton,Charalampos Kostoulas,GRE,FW,18.0,2007.0,21.0,2.0,369.0,4.1,2.0,1.0,3.0,2.0,0.0,0.0,2.0,0.0,0.49,0.24,0.73,0.49,0.73,4.1,2.0,21.0,8.0,38.1,5.12,1.95,0.1,0.25,0.0,0.0,18.0,10.8,2,76.0,0,19,11.0,8,0.9,8.0,9.0,-1.0,-0.24,-0.45,0.0,7.0,7.0,4.0,6.0,1.0,6.0,,,0.0,,,,,,,,,,,,,,,
ENG-Premier League,2526,Brighton,Danny Welbeck,ENG,FW,34.0,1990.0,37.0,26.0,2258.0,25.1,13.0,1.0,14.0,12.0,1.0,3.0,5.0,0.0,0.52,0.04,0.56,0.48,0.52,25.1,13.0,56.0,28.0,50.0,2.23,1.12,0.23,0.46,1.0,3.0,61.0,66.0,26,79.0,7,11,18.0,0,1.41,33.0,28.0,5.0,0.2,0.12,0.0,31.0,10.0,5.0,3.0,8.0,14.0,,,0.0,,,,,,,,,,,,,,,
ENG-Premier League,2526,Brighton,Diego Coppola,ITA,DF,21.0,2003.0,5.0,2.0,194.0,2.2,0.0,0.0,0.0,0.0,0.0,0.0,2.0,0.0,0.0,0.0,0.0,0.0,0.0,2.2,0.0,0.0,0.0,,0.0,0.0,,,0.0,0.0,39.0,5.7,2,88.0,1,3,6.0,17,1.6,1.0,3.0,-2.0,-0.93,-1.15,0.0,4.0,0.0,0.0,0.0,1.0,2.0,,,0.0,,,,,,,,,,,,,,,
ENG-Premier League,2526,Brighton,Diego Gómez,PAR,"MF,FW",22.0,2003.0,32.0,26.0,2120.0,23.6,5.0,1.0,6.0,5.0,0.0,0.0,9.0,0.0,0.21,0.04,0.25,0.21,0.25,23.6,5.0,42.0,14.0,33.3,1.78,0.59,0.12,0.36,0.0,0.0,66.0,62.0,26,75.0,2,6,28.0,0,1.41,26.0,29.0,-3.0,-0.13,-0.75,0.0,49.0,11.0,1.0,23.0,19.0,49.0,,,0.0,,,,,,,,,,,,,,,
ENG-Premier League,2526,Brighton,Ferdi Kadioglu,TUR,"DF,MF",25.0,1999.0,37.0,34.0,3133.0,34.8,1.0,0.0,1.0,1.0,0.0,0.0,6.0,0.0,0.03,0.0,0.03,0.03,0.03,34.8,1.0,28.0,13.0,46.4,0.8,0.37,0.04,0.08,0.0,0.0,85.0,91.6,34,89.0,30,3,38.0,1,1.35,46.0,41.0,5.0,0.14,-0.17,0.0,22.0,36.0,7.0,109.0,25.0,39.0,,,0.0,,,,,,,,,,,,,,,
ENG-Premier League,2526,Brighton,Georginio Rutter,FRA,"MF,FW",23.0,2002.0,32.0,20.0,1786.0,19.8,3.0,3.0,6.0,3.0,0.0,0.0,2.0,0.0,0.15,0.15,0.3,0.15,0.3,19.8,3.0,42.0,14.0,33.3,2.12,0.71,0.07,0.21,0.0,0.0,56.0,52.2,20,78.0,4,12,19.0,4,1.38,27.0,20.0,7.0,0.35,0.41,0.0,30.0,34.0,11.0,20.0,11.0,19.0,,,1.0,,,,,,,,,,,,,,,
ENG-Premier League,2526,Brighton,Harry Howell,ENG,MF,17.0,2008.0,3.0,1.0,94.0,1.0,0.0,0.0,0.0,0.0,0.0,0.0,0.0,0.0,0.0,0.0,0.0,0.0,0.0,1.0,0.0,0.0,0.0,,0.0,0.0,,,0.0,0.0,31.0,2.7,1,70.0,0,2,12.0,4,0.0,0.0,2.0,-2.0,-1.91,-2.13,0.0,0.0,0.0,1.0,4.0,0.0,0.0,,,0.0,,,,,,,,,,,,,,,
ENG-Premier League,2526,Brighton,Jack Hinshelwood,ENG,MF,20.0,2005.0,27.0,20.0,1741.0,19.3,4.0,3.0,7.0,4.0,0.0,0.0,0.0,0.0,0.21,0.16,0.36,0.21,0.36,19.3,4.0,37.0,15.0,40.5,1.91,0.78,0.11,0.27,0.0,0.0,64.0,50.9,20,76.0,4,7,32.0,2,1.33,23.0,23.0,0.0,0.0,-0.32,0.0,32.0,12.0,2.0,7.0,6.0,13.0,,,1.0,,,,,,,,,,,,,,,
ENG-Premier League,2526,Brighton,James Milner,ENG,MF,39.0,1986.0,20.0,7.0,784.0,8.7,1.0,1.0,2.0,0.0,1.0,1.0,2.0,0.0,0.11,0.11,0.23,0.0,0.11,8.7,1.0,8.0,2.0,25.0,0.92,0.23,0.13,0.5,1.0,1.0,39.0,22.9,7,76.0,1,13,19.0,8,1.4,16.0,17.0,-1.0,-0.11,-0.35,0.0,15.0,3.0,1.0,14.0,5.0,9.0,,,0.0,,,,,,,,,,,,,,,
ENG-Premier League,2526,Brighton,Jan Paul van Hecke,NED,DF,25.0,2000.0,36.0,36.0,3210.0,35.7,3.0,3.0,6.0,3.0,0.0,0.0,9.0,0.0,0.08,0.08,0.17,0.08,0.17,35.7,3.0,23.0,10.0,43.5,0.64,0.28,0.13,0.3,0.0,0.0,89.0,93.9,36,89.0,35,0,,0,1.44,52.0,44.0,8.0,0.22,1.08,0.0,27.0,43.0,4.0,23.0,45.0,31.0,,,1.0,,,,,,,,,,,,,,,
ENG-Premier League,2526,Brighton,Joe Knight,ENG,MF,19.0,2005.0,1.0,0.0,1.0,0.0,0.0,0.0,0.0,0.0,0.0,0.0,0.0,0.0,0.0,0.0,0.0,0.0,0.0,0.0,0.0,0.0,0.0,,0.0,0.0,,,0.0,0.0,1.0,0.0,0,,0,1,1.0,4,3.0,0.0,0.0,0.0,0.0,-0.16,0.0,0.0,0.0,0.0,0.0,0.0,0.0,,,0.0,,,,,,,,,,,,,,,
ENG-Premier League,2526,Brighton,Joël Veltman,NED,DF,33.0,1992.0,24.0,9.0,1058.0,11.8,1.0,0.0,1.0,1.0,0.0,0.0,5.0,0.0,0.09,0.0,0.09,0.09,0.09,11.8,1.0,4.0,1.0,25.0,0.34,0.09,0.25,1.0,0.0,0.0,44.0,30.9,9,83.0,7,15,21.0,9,1.75,18.0,12.0,6.0,0.51,0.51,0.0,10.0,22.0,2.0,18.0,19.0,17.0,,,0.0,,,,,,,,,,,,,,,
ENG-Premier League,2526,Brighton,Kaoru Mitoma,JPN,"MF,FW",28.0,1997.0,25.0,19.0,1721.0,19.1,3.0,1.0,4.0,3.0,0.0,0.0,5.0,0.0,0.16,0.05,0.21,0.16,0.21,19.1,3.0,32.0,13.0,40.6,1.67,0.68,0.09,0.23,0.0,0.0,69.0,50.3,19,82.0,10,6,28.0,0,1.4,24.0,20.0,4.0,0.21,0.1,0.0,31.0,21.0,4.0,46.0,8.0,12.0,,,0.0,,,,,,,,,,,,,,,
ENG-Premier League,2526,Brighton,Lewis Dunk,ENG,DF,33.0,1991.0,33.0,31.0,2838.0,31.5,1.0,0.0,1.0,1.0,0.0,0.0,10.0,0.0,0.03,0.0,0.03,0.03,0.03,31.5,1.0,23.0,3.0,13.0,0.73,0.1,0.04,0.33,0.0,0.0,86.0,83.0,31,90.0,31,2,24.0,1,1.36,44.0,40.0,4.0,0.13,-0.18,0.0,14.0,12.0,1.0,5.0,30.0,22.0,,,0.0,,,,,,,,,,,,,,,
ENG-Premier League,2526,Brighton,Mats Wieffer,NED,DF,25.0,1999.0,26.0,23.0,1903.0,21.1,2.0,3.0,5.0,2.0,0.0,0.0,8.0,0.0,0.09,0.14,0.24,0.09,0.24,21.1,2.0,18.0,6.0,33.3,0.85,0.28,0.11,0.33,0.0,0.0,73.0,55.6,23,79.0,14,3,29.0,0,1.54,31.0,26.0,5.0,0.24,0.18,0.0,30.0,22.0,2.0,17.0,24.0,43.0,,,0.0,,,,,,,,,,,,,,,
ENG-Premier League,2526,Brighton,Matt O'Riley,DEN,MF,24.0,2000.0,6.0,2.0,204.0,2.3,1.0,0.0,1.0,0.0,1.0,1.0,0.0,0.0,0.44,0.0,0.44,0.0,0.0,2.3,1.0,4.0,2.0,50.0,1.76,0.88,0.25,0.5,1.0,1.0,34.0,6.0,2,89.0,1,4,7.0,7,1.33,2.0,3.0,-1.0,-0.44,-0.64,0.0,2.0,1.0,1.0,6.0,0.0,2.0,,,0.0,,,,,,,,,,,,,,,
ENG-Premier League,2526,Brighton,Maxim De Cuyper,BEL,"DF,MF",24.0,2000.0,30.0,17.0,1414.0,15.7,2.0,3.0,5.0,2.0,0.0,0.0,2.0,0.0,0.13,0.19,0.32,0.13,0.32,15.7,2.0,13.0,6.0,46.2,0.83,0.38,0.15,0.33,0.0,0.0,47.0,41.3,17,70.0,5,13,17.0,6,1.4,21.0,23.0,-2.0,-0.13,-0.49,0.0,18.0,21.0,1.0,77.0,11.0,10.0,,,0.0,,,,,,,,,,,,,,,
ENG-Premier League,2526,Brighton,Nehemiah Oriola,ENG,MF,18.0,2007.0,1.0,0.0,1.0,0.0,0.0,0.0,0.0,0.0,0.0,0.0,0.0,0.0,0.0,0.0,0.0,0.0,0.0,0.0,0.0,0.0,0.0,,0.0,0.0,,,0.0,0.0,1.0,0.0,0,,0,1,1.0,6,3.0,0.0,0.0,0.0,0.0,-0.16,0.0,0.0,0.0,0.0,0.0,0.0,0.0,,,0.0,,,,,,,,,,,,,,,
ENG-Premier League,2526,Brighton,Olivier Boscagli,FRA,DF,27.0,1997.0,12.0,9.0,802.0,8.9,0.0,1.0,1.0,0.0,0.0,0.0,2.0,0.0,0.0,0.11,0.11,0.0,0.11,8.9,0.0,1.0,0.0,0.0,0.11,0.0,0.0,,0.0,0.0,67.0,23.5,9,85.0,7,3,13.0,26,1.08,11.0,10.0,1.0,0.11,-0.06,0.0,7.0,10.0,0.0,15.0,16.0,11.0,,,0.0,,,,,,,,,,,,,,,
ENG-Premier League,2526,Brighton,Pascal Groß,GER,MF,34.0,1991.0,19.0,18.0,1636.0,18.2,1.0,3.0,4.0,1.0,0.0,0.0,2.0,0.0,0.06,0.17,0.22,0.06,0.22,18.2,1.0,18.0,9.0,50.0,0.99,0.5,0.06,0.11,0.0,0.0,86.0,47.8,18,90.0,16,1,20.0,0,1.47,22.0,17.0,5.0,0.28,0.22,0.0,17.0,12.0,4.0,119.0,11.0,17.0,,,0.0,,,,,,,,,,,,,,,
ENG-Premier League,2526,Brighton,Solly March,ENG,MF,31.0,1994.0,4.0,0.0,41.0,0.5,0.0,0.0,0.0,0.0,0.0,0.0,0.0,0.0,0.0,0.0,0.0,0.0,0.0,0.5,0.0,1.0,1.0,100.0,2.2,2.2,0.0,0.0,0.0,0.0,10.0,1.2,0,,0,4,10.0,2,1.5,0.0,1.0,-1.0,-2.2,-2.38,0.0,0.0,1.0,0.0,4.0,0.0,2.0,,,0.0,,,,,,,,,,,,,,,
ENG-Premier League,2526,Brighton,Stefanos Tzimas,GRE,FW,19.0,2006.0,9.0,1.0,139.0,1.5,1.0,1.0,2.0,1.0,0.0,0.0,0.0,0.0,0.65,0.65,1.29,0.65,1.29,1.5,1.0,4.0,1.0,25.0,2.59,0.65,0.25,1.0,0.0,0.0,15.0,4.1,1,23.0,0,8,15.0,2,1.56,7.0,2.0,5.0,3.24,3.21,0.0,4.0,1.0,1.0,1.0,0.0,1.0,,,0.0,,,,,,,,,,,,,,,
ENG-Premier League,2526,Brighton,Tom Watson,ENG,MF,19.0,2006.0,6.0,0.0,62.0,0.7,0.0,0.0,0.0,0.0,0.0,0.0,1.0,0.0,0.0,0.0,0.0,0.0,0.0,0.7,0.0,1.0,1.0,100.0,1.45,1.45,0.0,0.0,0.0,0.0,10.0,1.8,0,,0,6,10.0,5,1.33,2.0,2.0,0.0,0.0,-0.16,0.0,3.0,0.0,0.0,0.0,0.0,1.0,,,0.0,,,,,,,,,,,,,,,
ENG-Premier League,2526,Brighton,Yankuba Minteh,GAM,MF,21.0,2004.0,34.0,26.0,2391.0,26.6,3.0,4.0,7.0,3.0,0.0,0.0,3.0,0.0,0.11,0.15,0.26,0.11,0.26,26.6,3.0,41.0,11.0,26.8,1.54,0.41,0.07,0.27,0.0,0.0,70.0,69.9,26,83.0,11,8,29.0,2,1.26,39.0,33.0,6.0,0.23,0.23,0.0,32.0,22.0,10.0,159.0,15.0,37.0,,,0.0,,,,,,,,,,,,,,,
ENG-Premier League,2526,Brighton,Yasin Ayari,SWE,MF,21.0,2003.0,29.0,20.0,1929.0,21.4,3.0,3.0,6.0,3.0,0.0,0.0,1.0,0.0,0.14,0.14,0.28,0.14,0.28,21.4,3.0,41.0,10.0,24.4,1.91,0.47,0.07,0.3,0.0,0.0,67.0,56.4,20,86.0,15,9,22.0,2,1.55,32.0,24.0,8.0,0.37,0.49,0.0,24.0,28.0,0.0,24.0,26.0,25.0,,,0.0,,,,,,,,,,,,,,,
ENG-Premier League,2526,Burnley,Armando Broja,ALB,FW,23.0,2001.0,24.0,8.0,860.0,9.6,1.0,1.0,2.0,1.0,0.0,0.0,0.0,0.0,0.1,0.1,0.21,0.1,0.21,9.6,1.0,16.0,6.0,37.5,1.67,0.63,0.06,0.17,0.0,0.0,36.0,25.1,8,79.0,2,16,14.0,5,0.25,11.0,27.0,-16.0,-1.67,-0.94,0.0,14.0,16.0,6.0,3.0,3.0,3.0,,,0.0,,,,,,,,,,,,,,,
ENG-Premier League,2526,Burnley,Ashley Barnes,ENG,"FW,MF",35.0,1989.0,7.0,0.0,46.0,0.5,0.0,0.0,0.0,0.0,0.0,0.0,2.0,0.0,0.0,0.0,0.0,0.0,0.0,0.5,0.0,2.0,1.0,50.0,3.91,1.96,0.0,0.0,0.0,0.0,7.0,1.3,0,,0,7,7.0,10,0.75,2.0,4.0,-2.0,-3.91,-2.98,0.0,2.0,2.0,2.0,0.0,0.0,0.0,,,0.0,,,,,,,,,,,,,,,
ENG-Premier League,2526,Burnley,Axel Tuanzebe,COD,DF,27.0,1997.0,14.0,14.0,1201.0,13.3,1.0,0.0,1.0,1.0,0.0,0.0,1.0,0.0,0.07,0.0,0.07,0.07,0.07,13.3,1.0,2.0,1.0,50.0,0.15,0.07,0.5,1.0,0.0,0.0,86.0,35.1,14,86.0,12,0,,0,0.71,16.0,26.0,-10.0,-0.75,0.35,0.0,13.0,2.0,1.0,1.0,12.0,8.0,,,1.0,,,,,,,,,,,,,,,
ENG-Premier League,2526,Burnley,Bashir Humphreys,ENG,"DF,MF",22.0,2003.0,20.0,17.0,1578.0,17.5,0.0,0.0,0.0,0.0,0.0,0.0,6.0,0.0,0.0,0.0,0.0,0.0,0.0,17.5,0.0,9.0,3.0,33.3,0.51,0.17,0.0,0.0,0.0,0.0,79.0,46.1,17,88.0,13,3,29.0,6,0.5,15.0,33.0,-18.0,-1.03,-0.1,0.0,14.0,10.0,2.0,17.0,11.0,17.0,,,0.0,,,,,,,,,,,,,,,
ENG-Premier League,2526,Burnley,Florentino Luís,POR,MF,25.0,1999.0,31.0,25.0,2105.0,23.4,0.0,2.0,2.0,0.0,0.0,0.0,6.0,0.0,0.0,0.09,0.09,0.0,0.09,23.4,0.0,13.0,2.0,15.4,0.56,0.09,0.0,0.0,0.0,0.0,68.0,61.5,25,79.0,9,6,20.0,4,0.52,20.0,45.0,-25.0,-1.07,-0.25,0.0,40.0,8.0,1.0,11.0,40.0,49.0,,,0.0,,,,,,,,,,,,,,,
ENG-Premier League,2526,Burnley,Hannibal Mejbri,TUN,MF,22.0,2003.0,27.0,15.0,1229.0,13.7,1.0,4.0,5.0,1.0,0.0,0.0,10.0,0.0,0.07,0.29,0.37,0.07,0.37,13.7,1.0,19.0,5.0,26.3,1.39,0.37,0.05,0.2,0.0,0.0,46.0,35.9,15,70.0,3,12,15.0,2,0.74,16.0,27.0,-11.0,-0.81,0.26,0.0,23.0,46.0,3.0,30.0,7.0,17.0,,,0.0,,,,,,,,,,,,,,,
ENG-Premier League,2526,Burnley,Hjalmar Ekdal,SWE,DF,26.0,1998.0,19.0,17.0,1539.0,17.1,0.0,0.0,0.0,0.0,0.0,0.0,0.0,0.0,0.0,0.0,0.0,0.0,0.0,17.1,0.0,6.0,1.0,16.7,0.35,0.06,0.0,0.0,0.0,0.0,81.0,45.0,17,89.0,15,2,9.0,14,0.53,13.0,34.0,-21.0,-1.23,-0.46,0.0,5.0,7.0,2.0,1.0,12.0,17.0,,,0.0,,,,,,,,,,,,,,,
ENG-Premier League,2526,Burnley,Jacob Bruun Larsen,DEN,"MF,FW",26.0,1998.0,28.0,10.0,1030.0,11.4,0.0,1.0,1.0,0.0,0.0,0.0,0.0,0.0,0.0,0.09,0.09,0.0,0.09,11.4,0.0,17.0,4.0,23.5,1.49,0.35,0.0,0.0,0.0,0.0,37.0,30.1,10,67.0,0,18,20.0,4,0.61,12.0,29.0,-17.0,-1.49,-0.73,0.0,1.0,0.0,4.0,42.0,6.0,3.0,,,0.0,,,,,,,,,,,,,,,
ENG-Premier League,2526,Burnley,Jaidon Anthony,ENG,MF,25.0,1999.0,37.0,32.0,2722.0,30.2,8.0,2.0,10.0,8.0,0.0,0.0,4.0,0.0,0.26,0.07,0.33,0.26,0.33,30.2,8.0,55.0,23.0,41.8,1.82,0.76,0.15,0.35,0.0,0.0,74.0,79.6,32,82.0,13,5,17.0,1,0.59,30.0,59.0,-29.0,-0.96,0.07,0.0,27.0,47.0,9.0,80.0,16.0,21.0,,,0.0,,,,,,,,,,,,,,,
ENG-Premier League,2526,Burnley,James Ward-Prowse,ENG,MF,30.0,1994.0,13.0,7.0,684.0,7.6,0.0,1.0,1.0,0.0,0.0,0.0,1.0,0.0,0.0,0.13,0.13,0.0,0.13,7.6,0.0,3.0,2.0,66.7,0.39,0.26,0.0,0.0,0.0,0.0,53.0,20.0,7,82.0,4,6,18.0,1,0.54,6.0,16.0,-10.0,-1.32,-0.43,0.0,4.0,11.0,0.0,52.0,15.0,4.0,,,0.0,,,,,,,,,,,,,,,
ENG-Premier League,2526,Burnley,Jaydon Amauri Banel,NED,"FW,MF",20.0,2004.0,1.0,0.0,10.0,0.1,0.0,0.0,0.0,0.0,0.0,0.0,0.0,0.0,0.0,0.0,0.0,0.0,0.0,0.1,0.0,0.0,0.0,,0.0,0.0,,,0.0,0.0,10.0,0.3,0,,0,1,10.0,1,0.0,0.0,0.0,0.0,0.0,0.98,0.0,0.0,1.0,0.0,0.0,0.0,0.0,,,0.0,,,,,,,,,,,,,,,
ENG-Premier League,2526,Burnley,Joe Worrall,ENG,DF,28.0,1997.0,11.0,5.0,500.0,5.6,0.0,0.0,0.0,0.0,0.0,0.0,0.0,0.0,0.0,0.0,0.0,0.0,0.0,5.6,0.0,1.0,0.0,0.0,0.18,0.0,0.0,,0.0,0.0,45.0,14.6,5,83.0,4,6,14.0,13,0.82,10.0,11.0,-1.0,-0.18,0.93,0.0,4.0,1.0,0.0,0.0,6.0,2.0,,,0.0,,,,,,,,,,,,,,,
ENG-Premier League,2526,Burnley,Josh Cullen,IRL,MF,29.0,1996.0,18.0,18.0,1514.0,16.8,2.0,2.0,4.0,2.0,0.0,0.0,2.0,0.0,0.12,0.12,0.24,0.12,0.24,16.8,2.0,11.0,6.0,54.5,0.65,0.36,0.18,0.33,0.0,0.0,84.0,44.3,18,84.0,12,0,,0,0.67,18.0,29.0,-11.0,-0.65,0.57,0.0,16.0,18.0,0.0,12.0,24.0,19.0,,,1.0,,,,,,,,,,,,,,,
ENG-Premier League,2526,Burnley,Josh Laurent,ENG,"DF,MF",30.0,1995.0,33.0,18.0,1764.0,19.6,1.0,0.0,1.0,1.0,0.0,0.0,7.0,1.0,0.05,0.0,0.05,0.05,0.05,19.6,1.0,15.0,4.0,26.7,0.77,0.2,0.07,0.25,0.0,0.0,53.0,51.6,18,81.0,9,15,20.0,4,0.64,17.0,40.0,-23.0,-1.17,-0.41,0.0,31.0,11.0,2.0,14.0,28.0,25.0,,,0.0,,,,,,,,,,,,,,,
ENG-Premier League,2526,Burnley,Kyle Walker,ENG,"DF,MF",35.0,1990.0,36.0,35.0,3096.0,34.4,0.0,2.0,2.0,0.0,0.0,0.0,9.0,0.0,0.0,0.06,0.06,0.0,0.06,34.4,0.0,4.0,0.0,0.0,0.12,0.0,0.0,,0.0,0.0,86.0,90.5,35,88.0,32,1,9.0,1,0.61,31.0,66.0,-35.0,-1.02,-0.46,0.0,32.0,22.0,1.0,37.0,43.0,32.0,,,0.0,,,,,,,,,,,,,,,
ENG-Premier League,2526,Burnley,Lesley Ugochukwu,FRA,MF,21.0,2004.0,35.0,27.0,2336.0,26.0,3.0,1.0,4.0,3.0,0.0,0.0,3.0,1.0,0.12,0.04,0.15,0.12,0.15,26.0,3.0,23.0,8.0,34.8,0.89,0.31,0.13,0.38,0.0,0.0,67.0,68.3,27,78.0,5,8,29.0,2,0.6,28.0,50.0,-22.0,-0.85,0.4,1.0,28.0,30.0,1.0,7.0,17.0,26.0,,,0.0,,,,,,,,,,,,,,,
ENG-Premier League,2526,Burnley,Loum Tchaouna,FRA,"MF,FW",21.0,2003.0,29.0,14.0,1272.0,14.1,2.0,1.0,3.0,2.0,0.0,0.0,2.0,0.0,0.14,0.07,0.21,0.14,0.21,14.1,2.0,23.0,9.0,39.1,1.63,0.64,0.09,0.22,0.0,0.0,44.0,37.2,14,71.0,2,15,18.0,9,0.41,13.0,24.0,-11.0,-0.78,0.31,0.0,12.0,16.0,1.0,34.0,2.0,9.0,,,0.0,,,,,,,,,,,,,,,
ENG-Premier League,2526,Burnley,Lucas,BRA,"MF,DF",24.0,2001.0,20.0,15.0,1409.0,15.7,0.0,0.0,0.0,0.0,0.0,0.0,1.0,1.0,0.0,0.0,0.0,0.0,0.0,15.7,0.0,16.0,4.0,25.0,1.02,0.26,0.0,0.0,0.0,0.0,70.0,41.2,15,87.0,14,5,21.0,13,0.45,16.0,29.0,-13.0,-0.83,0.24,0.0,15.0,4.0,5.0,56.0,19.0,22.0,,,0.0,,,,,,,,,,,,,,,
ENG-Premier League,2526,Burnley,Lyle Foster,RSA,"FW,MF",24.0,2000.0,26.0,15.0,1371.0,15.2,3.0,2.0,5.0,3.0,0.0,0.0,4.0,0.0,0.2,0.13,0.33,0.2,0.33,15.2,3.0,20.0,6.0,30.0,1.31,0.39,0.15,0.5,0.0,0.0,53.0,40.1,15,75.0,3,11,22.0,2,0.58,11.0,30.0,-19.0,-1.25,-0.46,0.0,22.0,13.0,11.0,6.0,4.0,12.0,,,0.0,,,,,,,,,,,,,,,
ENG-Premier League,2526,Burnley,Marcus Edwards,ENG,"MF,FW",26.0,1998.0,23.0,11.0,1067.0,11.9,1.0,3.0,4.0,1.0,0.0,0.0,0.0,0.0,0.08,0.25,0.34,0.08,0.34,11.9,1.0,23.0,6.0,26.1,1.94,0.51,0.04,0.17,0.0,0.0,46.0,31.2,11,79.0,2,12,16.0,12,0.48,14.0,18.0,-4.0,-0.34,0.92,0.0,7.0,18.0,1.0,19.0,3.0,6.0,,,0.0,,,,,,,,,,,,,,,
ENG-Premier League,2526,Burnley,Martin Dúbravka,SVK,GK,36.0,1989.0,35.0,35.0,3150.0,35.0,0.0,0.0,0.0,0.0,0.0,0.0,1.0,0.0,0.0,0.0,0.0,0.0,0.0,35.0,0.0,0.0,0.0,,0.0,0.0,,,0.0,0.0,90.0,92.1,35,90.0,35,0,,3,0.57,35.0,71.0,-36.0,-1.03,-0.7,0.0,0.0,8.0,0.0,0.0,0.0,1.0,,,0.0,71.0,2.03,198.0,127.0,64.1,4.0,8.0,23.0,4.0,11.4,7.0,6.0,0.0,1.0,0.0
ENG-Premier League,2526,Burnley,Max Weiß,GER,GK,21.0,2004.0,3.0,3.0,270.0,3.0,0.0,0.0,0.0,0.0,0.0,0.0,0.0,0.0,0.0,0.0,0.0,0.0,0.0,3.0,0.0,0.0,0.0,,0.0,0.0,,,0.0,0.0,90.0,7.9,3,90.0,3,0,,35,0.67,3.0,4.0,-1.0,-0.33,0.7,0.0,0.0,0.0,0.0,0.0,0.0,0.0,,,0.0,4.0,1.33,14.0,10.0,71.4,0.0,2.0,1.0,0.0,0.0,1.0,1.0,0.0,0.0,0.0
ENG-Premier League,2526,Burnley,Maxime Estève,FRA,DF,23.0,2002.0,34.0,34.0,2932.0,32.6,0.0,0.0,0.0,0.0,0.0,0.0,1.0,0.0,0.0,0.0,0.0,0.0,0.0,32.6,0.0,10.0,1.0,10.0,0.31,0.03,0.0,0.0,0.0,0.0,86.0,85.7,34,86.0,28,0,,0,0.56,34.0,70.0,-36.0,-1.11,-0.92,0.0,13.0,12.0,0.0,6.0,37.0,27.0,,,2.0,,,,,,,,,,,,,,,
ENG-Premier League,2526,Burnley,Mike Trésor,BEL,"FW,MF",26.0,1999.0,6.0,0.0,43.0,0.5,0.0,0.0,0.0,0.0,0.0,0.0,0.0,0.0,0.0,0.0,0.0,0.0,0.0,0.5,0.0,0.0,0.0,,0.0,0.0,,,0.0,0.0,7.0,1.3,0,,0,6,7.0,2,0.33,2.0,2.0,0.0,0.0,0.99,0.0,0.0,0.0,0.0,3.0,0.0,1.0,,,0.0,,,,,,,,,,,,,,,
ENG-Premier League,2526,Burnley,Oliver Sonne,PER,DF,24.0,2000.0,7.0,1.0,169.0,1.9,1.0,0.0,1.0,1.0,0.0,0.0,0.0,0.0,0.53,0.0,0.53,0.53,0.53,1.9,1.0,3.0,1.0,33.3,1.6,0.53,0.33,1.0,0.0,0.0,24.0,4.9,1,73.0,0,6,16.0,3,0.71,3.0,4.0,-1.0,-0.53,0.46,0.0,4.0,0.0,0.0,5.0,1.0,1.0,,,0.0,,,,,,,,,,,,,,,
ENG-Premier League,2526,Burnley,Quilindschy Hartman,NED,DF,23.0,2001.0,21.0,21.0,1825.0,20.3,0.0,5.0,5.0,0.0,0.0,0.0,1.0,0.0,0.0,0.25,0.25,0.0,0.25,20.3,0.0,9.0,3.0,33.3,0.44,0.15,0.0,0.0,0.0,0.0,87.0,53.4,21,87.0,16,0,,9,0.52,18.0,40.0,-22.0,-1.08,-0.24,0.0,13.0,3.0,1.0,74.0,32.0,31.0,,,0.0,,,,,,,,,,,,,,,
ENG-Premier League,2526,Burnley,Zeki Amdouni,SUI,"FW,MF",24.0,2000.0,4.0,0.0,73.0,0.8,0.0,0.0,0.0,0.0,0.0,0.0,0.0,0.0,0.0,0.0,0.0,0.0,0.0,0.8,0.0,3.0,1.0,33.3,3.7,1.23,0.0,0.0,0.0,0.0,18.0,2.1,0,,0,4,18.0,0,0.5,0.0,0.0,0.0,0.0,0.99,0.0,1.0,1.0,0.0,0.0,0.0,0.0,,,0.0,,,,,,,,,,,,,,,
ENG-Premier League,2526,Burnley,Zian Flemming,NED,FW,26.0,1998.0,29.0,21.0,1769.0,19.7,11.0,0.0,11.0,9.0,2.0,2.0,5.0,0.0,0.56,0.0,0.56,0.46,0.46,19.7,11.0,52.0,21.0,40.4,2.65,1.07,0.21,0.52,2.0,2.0,61.0,51.7,21,79.0,6,8,13.0,3,0.66,23.0,35.0,-12.0,-0.61,0.75,0.0,51.0,26.0,3.0,6.0,6.0,10.0,,,0.0,,,,,,,,,,,,,,,
ENG-Premier League,2526,Chelsea,Alejandro Garnacho,ARG,MF,21.0,2004.0,24.0,14.0,1268.0,14.1,1.0,4.0,5.0,1.0,0.0,0.0,2.0,0.0,0.07,0.28,0.35,0.07,0.35,14.1,1.0,33.0,7.0,21.2,2.34,0.5,0.03,0.14,0.0,0.0,53.0,37.1,14,68.0,4,10,31.0,9,1.46,20.0,20.0,0.0,0.0,-0.25,0.0,9.0,23.0,2.0,61.0,4.0,13.0,,,0.0,,,,,,,,,,,,,,,
ENG-Premier League,2526,Chelsea,Andrey Santos,BRA,MF,21.0,2004.0,27.0,13.0,1260.0,14.0,1.0,0.0,1.0,1.0,0.0,0.0,4.0,0.0,0.07,0.0,0.07,0.07,0.07,14.0,1.0,11.0,2.0,18.2,0.79,0.14,0.09,0.5,0.0,0.0,47.0,36.8,13,71.0,4,14,24.0,10,1.48,21.0,18.0,3.0,0.21,0.09,0.0,13.0,22.0,1.0,2.0,18.0,21.0,,,0.0,,,,,,,,,,,,,,,
ENG-Premier League,2526,Chelsea,Benoît Badiashile,FRA,DF,24.0,2001.0,8.0,6.0,471.0,5.2,0.0,0.0,0.0,0.0,0.0,0.0,2.0,0.0,0.0,0.0,0.0,0.0,0.0,5.2,0.0,0.0,0.0,,0.0,0.0,,,0.0,0.0,59.0,13.8,6,69.0,3,2,29.0,11,1.63,7.0,10.0,-3.0,-0.57,-0.85,0.0,6.0,2.0,0.0,0.0,9.0,5.0,,,0.0,,,,,,,,,,,,,,,
ENG-Premier League,2526,Chelsea,Cole Palmer,ENG,MF,23.0,2002.0,26.0,24.0,1955.0,21.7,10.0,1.0,11.0,5.0,5.0,6.0,5.0,0.0,0.46,0.05,0.51,0.23,0.28,21.7,10.0,64.0,25.0,39.1,2.95,1.15,0.16,0.4,5.0,6.0,75.0,57.2,24,79.0,12,2,33.0,1,1.04,32.0,33.0,-1.0,-0.05,-0.48,0.0,13.0,37.0,2.0,35.0,13.0,12.0,,,0.0,,,,,,,,,,,,,,,
ENG-Premier League,2526,Chelsea,Dario Essugo,POR,MF,20.0,2005.0,3.0,0.0,30.0,0.3,0.0,0.0,0.0,0.0,0.0,0.0,2.0,0.0,0.0,0.0,0.0,0.0,0.0,0.3,0.0,0.0,0.0,,0.0,0.0,,,0.0,0.0,10.0,0.9,0,,0,3,10.0,7,1.0,0.0,1.0,-1.0,-3.0,-3.19,0.0,3.0,1.0,0.0,0.0,0.0,3.0,,,0.0,,,,,,,,,,,,,,,
ENG-Premier League,2526,Chelsea,Enzo Fernández,ARG,MF,24.0,2001.0,36.0,35.0,3115.0,34.6,10.0,4.0,14.0,8.0,2.0,2.0,10.0,0.0,0.29,0.12,0.4,0.23,0.35,34.6,10.0,72.0,31.0,43.1,2.08,0.9,0.14,0.32,2.0,2.0,87.0,91.1,35,88.0,28,1,37.0,0,1.36,53.0,46.0,7.0,0.2,0.5,0.0,36.0,45.0,1.0,89.0,20.0,24.0,,,0.0,,,,,,,,,,,,,,,
ENG-Premier League,2526,Chelsea,Estêvão Willian,BRA,MF,18.0,2007.0,22.0,12.0,848.0,9.4,2.0,2.0,4.0,2.0,0.0,0.0,4.0,0.0,0.21,0.21,0.42,0.21,0.42,9.4,2.0,28.0,8.0,28.6,2.97,0.85,0.07,0.25,0.0,0.0,39.0,24.8,12,54.0,0,10,20.0,3,1.36,19.0,11.0,8.0,0.85,0.92,0.0,12.0,9.0,6.0,16.0,4.0,6.0,,,0.0,,,,,,,,,,,,,,,
ENG-Premier League,2526,Chelsea,Facundo Buonanotte,ARG,MF,20.0,2004.0,1.0,1.0,45.0,0.5,0.0,0.0,0.0,0.0,0.0,0.0,0.0,0.0,0.0,0.0,0.0,0.0,0.0,0.5,0.0,0.0,0.0,,0.0,0.0,,,0.0,0.0,45.0,1.3,1,45.0,0,0,,4,1.0,0.0,1.0,-1.0,-2.0,-2.19,0.0,0.0,0.0,0.0,0.0,0.0,0.0,,,0.0,,,,,,,,,,,,,,,
ENG-Premier League,2526,Chelsea,Filip Jørgensen,DEN,GK,23.0,2002.0,5.0,3.0,379.0,4.2,0.0,0.0,0.0,0.0,0.0,0.0,0.0,0.0,0.0,0.0,0.0,0.0,0.0,4.2,0.0,0.0,0.0,,0.0,0.0,,,0.0,0.0,76.0,11.1,3,90.0,3,2,55.0,23,1.0,8.0,5.0,3.0,0.71,0.62,0.0,0.0,0.0,0.0,0.0,1.0,0.0,,,0.0,5.0,1.19,13.0,8.0,61.5,1.0,2.0,0.0,0.0,0.0,0.0,0.0,0.0,0.0,
ENG-Premier League,2526,Chelsea,Jamie Gittens,ENG,MF,20.0,2004.0,16.0,5.0,495.0,5.5,0.0,2.0,2.0,0.0,0.0,0.0,0.0,0.0,0.0,0.36,0.36,0.0,0.36,5.5,0.0,10.0,2.0,20.0,1.82,0.36,0.0,0.0,0.0,0.0,31.0,14.5,5,57.0,1,11,19.0,6,2.06,7.0,7.0,0.0,0.0,-0.18,0.0,6.0,8.0,2.0,13.0,2.0,4.0,,,0.0,,,,,,,,,,,,,,,
ENG-Premier League,2526,Chelsea,Jesse Derry,ENG,MF,18.0,2007.0,1.0,1.0,44.0,0.5,0.0,0.0,0.0,0.0,0.0,0.0,0.0,0.0,0.0,0.0,0.0,0.0,0.0,0.5,0.0,2.0,1.0,50.0,4.09,2.05,0.0,0.0,0.0,0.0,44.0,1.3,1,44.0,0,0,,3,0.0,0.0,2.0,-2.0,-4.09,-4.3,0.0,0.0,1.0,0.0,2.0,0.0,1.0,,,0.0,,,,,,,,,,,,,,,
ENG-Premier League,2526,Chelsea,Jorrel Hato,NED,DF,19.0,2006.0,22.0,12.0,1148.0,12.8,0.0,0.0,0.0,0.0,0.0,0.0,7.0,0.0,0.0,0.0,0.0,0.0,0.0,12.8,0.0,4.0,0.0,0.0,0.31,0.0,0.0,,0.0,0.0,52.0,33.6,12,77.0,7,10,23.0,13,1.32,13.0,27.0,-14.0,-1.1,-1.89,0.0,15.0,2.0,0.0,7.0,17.0,19.0,,,0.0,,,,,,,,,,,,,,,
ENG-Premier League,2526,Chelsea,Joshua Acheampong,ENG,DF,19.0,2006.0,17.0,8.0,666.0,7.4,1.0,0.0,1.0,1.0,0.0,0.0,1.0,0.0,0.14,0.0,0.14,0.14,0.14,7.4,1.0,4.0,2.0,50.0,0.54,0.27,0.25,0.5,0.0,0.0,39.0,19.5,8,71.0,1,9,11.0,18,1.18,10.0,13.0,-3.0,-0.41,-0.7,0.0,2.0,9.0,2.0,1.0,12.0,8.0,,,0.0,,,,,,,,,,,,,,,
ENG-Premier League,2526,Chelsea,João Pedro,BRA,"FW,MF",23.0,2001.0,35.0,31.0,2661.0,29.6,15.0,5.0,20.0,15.0,0.0,0.0,5.0,0.0,0.51,0.17,0.68,0.51,0.68,29.6,15.0,73.0,28.0,38.4,2.47,0.95,0.21,0.54,0.0,0.0,76.0,77.8,31,82.0,14,4,31.0,0,1.4,48.0,36.0,12.0,0.41,1.12,0.0,38.0,55.0,16.0,18.0,6.0,17.0,,,0.0,,,,,,,,,,,,,,,
ENG-Premier League,2526,Chelsea,Levi Colwill,ENG,DF,22.0,2003.0,3.0,2.0,225.0,2.5,0.0,0.0,0.0,0.0,0.0,0.0,0.0,0.0,0.0,0.0,0.0,0.0,0.0,2.5,0.0,0.0,0.0,,0.0,0.0,,,0.0,0.0,75.0,6.6,2,90.0,2,1,45.0,0,0.33,3.0,4.0,-1.0,-0.4,-0.6,0.0,1.0,2.0,0.0,1.0,5.0,2.0,,,0.0,,,,,,,,,,,,,,,
ENG-Premier League,2526,Chelsea,Liam Delap,ENG,FW,22.0,2003.0,28.0,12.0,1107.0,12.3,1.0,0.0,1.0,1.0,0.0,0.0,4.0,0.0,0.08,0.0,0.08,0.08,0.08,12.3,1.0,36.0,11.0,30.6,2.93,0.89,0.03,0.09,0.0,0.0,40.0,32.4,12,67.0,3,16,19.0,1,1.32,19.0,18.0,1.0,0.08,-0.11,0.0,25.0,19.0,5.0,6.0,1.0,3.0,,,0.0,,,,,,,,,,,,,,,
ENG-Premier League,2526,Chelsea,Malo Gusto,FRA,"DF,MF",22.0,2003.0,34.0,26.0,2261.0,25.1,2.0,3.0,5.0,2.0,0.0,0.0,5.0,1.0,0.08,0.12,0.2,0.08,0.2,25.1,2.0,12.0,6.0,50.0,0.48,0.24,0.17,0.33,0.0,0.0,67.0,66.1,26,80.0,10,8,24.0,1,1.32,42.0,35.0,7.0,0.28,0.36,1.0,20.0,20.0,1.0,58.0,30.0,23.0,,,1.0,,,,,,,,,,,,,,,
ENG-Premier League,2526,Chelsea,Mamadou Sarr,SEN,DF,19.0,2005.0,3.0,1.0,102.0,1.1,0.0,0.0,0.0,0.0,0.0,0.0,0.0,0.0,0.0,0.0,0.0,0.0,0.0,1.1,0.0,1.0,0.0,0.0,0.88,0.0,0.0,,0.0,0.0,34.0,3.0,1,89.0,0,2,7.0,7,1.33,1.0,3.0,-2.0,-1.76,-1.98,0.0,0.0,0.0,0.0,0.0,1.0,0.0,,,0.0,,,,,,,,,,,,,,,
ENG-Premier League,2526,Chelsea,Marc Cucurella,ESP,DF,27.0,1998.0,34.0,31.0,2707.0,30.1,1.0,4.0,5.0,1.0,0.0,0.0,8.0,1.0,0.03,0.13,0.17,0.03,0.17,30.1,1.0,20.0,6.0,30.0,0.66,0.2,0.05,0.17,0.0,0.0,80.0,79.2,31,84.0,26,3,34.0,0,1.44,46.0,37.0,9.0,0.3,0.68,0.0,45.0,29.0,5.0,41.0,28.0,40.0,,,0.0,,,,,,,,,,,,,,,
ENG-Premier League,2526,Chelsea,Marc Guiu,ESP,FW,19.0,2006.0,8.0,1.0,257.0,2.9,0.0,1.0,1.0,0.0,0.0,0.0,1.0,0.0,0.0,0.35,0.35,0.0,0.35,2.9,0.0,12.0,2.0,16.7,4.2,0.7,0.0,0.0,0.0,0.0,32.0,7.5,1,75.0,0,7,26.0,17,1.63,6.0,2.0,4.0,1.4,1.34,0.0,9.0,2.0,2.0,0.0,0.0,0.0,,,0.0,,,,,,,,,,,,,,,
ENG-Premier League,2526,Chelsea,Moisés Caicedo,ECU,MF,23.0,2001.0,33.0,32.0,2795.0,31.1,3.0,1.0,4.0,3.0,0.0,0.0,11.0,1.0,0.1,0.03,0.13,0.1,0.13,31.1,3.0,27.0,7.0,25.9,0.87,0.23,0.11,0.43,0.0,0.0,85.0,81.7,32,86.0,26,1,45.0,1,1.33,51.0,46.0,5.0,0.16,0.02,0.0,54.0,55.0,0.0,8.0,59.0,47.0,,,0.0,,,,,,,,,,,,,,,
ENG-Premier League,2526,Chelsea,Pedro Neto,POR,"MF,FW",25.0,2000.0,34.0,30.0,2631.0,29.2,5.0,6.0,11.0,5.0,0.0,0.0,4.0,1.0,0.17,0.21,0.38,0.17,0.38,29.2,5.0,46.0,13.0,28.3,1.57,0.44,0.11,0.38,0.0,0.0,77.0,76.9,30,82.0,16,4,46.0,0,1.41,45.0,33.0,12.0,0.41,1.09,1.0,17.0,25.0,6.0,184.0,6.0,11.0,,,0.0,,,,,,,,,,,,,,,
ENG-Premier League,2526,Chelsea,Reece James,ENG,"DF,MF",25.0,1999.0,29.0,20.0,1963.0,21.8,2.0,4.0,6.0,2.0,0.0,0.0,4.0,0.0,0.09,0.18,0.28,0.09,0.28,21.8,2.0,22.0,7.0,31.8,1.01,0.32,0.09,0.29,0.0,0.0,68.0,57.4,20,86.0,15,9,27.0,3,1.55,33.0,20.0,13.0,0.6,1.03,0.0,26.0,22.0,1.0,126.0,32.0,33.0,,,0.0,,,,,,,,,,,,,,,
ENG-Premier League,2526,Chelsea,Robert Sánchez,ESP,GK,27.0,1997.0,35.0,35.0,3039.0,33.8,0.0,1.0,1.0,0.0,0.0,0.0,3.0,1.0,0.0,0.03,0.03,0.0,0.03,33.8,0.0,0.0,0.0,,0.0,0.0,,,0.0,0.0,87.0,88.9,35,87.0,33,0,,1,1.34,50.0,47.0,3.0,0.09,-0.62,0.0,2.0,13.0,0.0,0.0,1.0,0.0,,,0.0,49.0,1.45,147.0,97.0,66.7,13.0,8.0,14.0,9.0,25.7,2.0,2.0,0.0,0.0,0.0
ENG-Premier League,2526,Chelsea,Roméo Lavia,BEL,MF,21.0,2004.0,12.0,4.0,382.0,4.2,0.0,0.0,0.0,0.0,0.0,0.0,0.0,0.0,0.0,0.0,0.0,0.0,0.0,4.2,0.0,3.0,0.0,0.0,0.71,0.0,0.0,,0.0,0.0,32.0,11.2,4,58.0,0,8,19.0,3,1.0,1.0,10.0,-9.0,-2.12,-2.56,0.0,8.0,8.0,0.0,1.0,5.0,7.0,,,0.0,,,,,,,,,,,,,,,
ENG-Premier League,2526,Chelsea,Shumaira Mheuka,ENG,FW,17.0,2007.0,1.0,0.0,2.0,0.0,0.0,0.0,0.0,0.0,0.0,0.0,0.0,0.0,0.0,0.0,0.0,0.0,0.0,0.0,0.0,0.0,0.0,,0.0,0.0,,,0.0,0.0,2.0,0.1,0,,0,1,2.0,0,3.0,0.0,0.0,0.0,0.0,-0.16,0.0,0.0,0.0,0.0,0.0,0.0,0.0,,,0.0,,,,,,,,,,,,,,,
ENG-Premier League,2526,Chelsea,Tosin Adarabioyo,ENG,DF,27.0,1997.0,16.0,8.0,795.0,8.8,0.0,0.0,0.0,0.0,0.0,0.0,2.0,0.0,0.0,0.0,0.0,0.0,0.0,8.8,0.0,2.0,0.0,0.0,0.23,0.0,0.0,,0.0,0.0,50.0,23.2,8,80.0,6,8,19.0,12,1.44,16.0,14.0,2.0,0.23,0.09,0.0,6.0,0.0,1.0,0.0,9.0,6.0,,,0.0,,,,,,,,,,,,,,,
ENG-Premier League,2526,Chelsea,Trevoh Chalobah,ENG,DF,26.0,1999.0,34.0,31.0,2783.0,30.9,3.0,0.0,3.0,3.0,0.0,0.0,3.0,1.0,0.1,0.0,0.1,0.1,0.1,30.9,3.0,16.0,5.0,31.3,0.52,0.16,0.19,0.6,0.0,0.0,82.0,81.4,31,88.0,29,3,18.0,1,1.41,52.0,37.0,15.0,0.49,1.76,0.0,20.0,18.0,2.0,5.0,37.0,22.0,,,0.0,,,,,,,,,,,,,,,
ENG-Premier League,2526,Chelsea,Tyrique George,ENG,FW,19.0,2006.0,4.0,0.0,145.0,1.6,0.0,0.0,0.0,0.0,0.0,0.0,2.0,0.0,0.0,0.0,0.0,0.0,0.0,1.6,0.0,3.0,2.0,66.7,1.86,1.24,0.0,0.0,0.0,0.0,36.0,4.2,0,,0,4,36.0,4,1.0,5.0,2.0,3.0,1.86,1.78,0.0,6.0,1.0,2.0,1.0,0.0,2.0,,,0.0,,,,,,,,,,,,,,,
ENG-Premier League,2526,Chelsea,Wesley Fofana,FRA,DF,24.0,2000.0,25.0,20.0,1722.0,19.1,0.0,1.0,1.0,0.0,0.0,0.0,9.0,2.0,0.0,0.05,0.05,0.0,0.05,19.1,0.0,8.0,1.0,12.5,0.42,0.05,0.0,0.0,0.0,0.0,69.0,50.4,20,80.0,10,5,26.0,6,1.52,27.0,24.0,3.0,0.16,0.0,2.0,27.0,17.0,1.0,2.0,38.0,11.0,,,0.0,,,,,,,,,,,,,,,
ENG-Premier League,2526,Crystal Palace,Adam Wharton,ENG,MF,21.0,2004.0,34.0,29.0,2552.0,28.4,1.0,5.0,6.0,1.0,0.0,0.0,6.0,1.0,0.04,0.18,0.21,0.04,0.21,28.4,1.0,32.0,6.0,18.8,1.13,0.21,0.03,0.17,0.0,0.0,75.0,74.6,29,83.0,15,5,30.0,0,1.15,33.0,43.0,-10.0,-0.35,-0.35,1.0,35.0,31.0,0.0,86.0,27.0,36.0,,,0.0,,,,,,,,,,,,,,,
ENG-Premier League,2526,Crystal Palace,Borna Sosa,CRO,"DF,MF",27.0,1998.0,7.0,0.0,101.0,1.1,0.0,0.0,0.0,0.0,0.0,0.0,1.0,0.0,0.0,0.0,0.0,0.0,0.0,1.1,0.0,1.0,0.0,0.0,0.89,0.0,0.0,,0.0,0.0,14.0,3.0,0,,0,7,14.0,23,0.71,3.0,2.0,1.0,0.89,1.19,0.0,4.0,0.0,0.0,6.0,2.0,0.0,,,0.0,,,,,,,,,,,,,,,
ENG-Premier League,2526,Crystal Palace,Brennan Johnson,WAL,"MF,FW",24.0,2001.0,18.0,13.0,1112.0,12.4,0.0,1.0,1.0,0.0,0.0,0.0,4.0,0.0,0.0,0.08,0.08,0.0,0.08,12.4,0.0,17.0,3.0,17.6,1.38,0.24,0.0,0.0,0.0,0.0,62.0,32.5,13,76.0,4,5,24.0,1,1.0,7.0,19.0,-12.0,-0.97,-1.05,0.0,18.0,11.0,6.0,45.0,2.0,7.0,,,0.0,,,,,,,,,,,,,,,
ENG-Premier League,2526,Crystal Palace,Chadi Riad,MAR,DF,22.0,2003.0,9.0,6.0,552.0,6.1,0.0,1.0,1.0,0.0,0.0,0.0,2.0,0.0,0.0,0.16,0.16,0.0,0.16,6.1,0.0,4.0,2.0,50.0,0.65,0.33,0.0,0.0,0.0,0.0,61.0,16.1,6,77.0,2,3,31.0,8,0.89,8.0,8.0,0.0,0.0,0.31,0.0,5.0,3.0,0.0,6.0,4.0,5.0,,,0.0,,,,,,,,,,,,,,,
ENG-Premier League,2526,Crystal Palace,Chris Richards,USA,DF,25.0,2000.0,33.0,31.0,2827.0,31.4,1.0,0.0,1.0,1.0,0.0,0.0,4.0,0.0,0.03,0.0,0.03,0.03,0.03,31.4,1.0,15.0,2.0,13.3,0.48,0.06,0.07,0.5,0.0,0.0,86.0,82.7,31,90.0,30,2,23.0,1,1.3,37.0,42.0,-5.0,-0.16,0.6,0.0,17.0,5.0,0.0,14.0,43.0,35.0,,,0.0,,,,,,,,,,,,,,,
ENG-Premier League,2526,Crystal Palace,Christantus Uche,NGA,FW,22.0,2003.0,14.0,0.0,173.0,1.9,0.0,0.0,0.0,0.0,0.0,0.0,0.0,0.0,0.0,0.0,0.0,0.0,0.0,1.9,0.0,6.0,2.0,33.3,3.12,1.04,0.0,0.0,0.0,0.0,12.0,5.1,0,,0,14,12.0,11,0.64,3.0,4.0,-1.0,-0.52,-0.27,0.0,4.0,7.0,3.0,6.0,0.0,1.0,,,0.0,,,,,,,,,,,,,,,
ENG-Premier League,2526,Crystal Palace,Daichi Kamada,JPN,MF,28.0,1996.0,28.0,22.0,1902.0,21.1,0.0,0.0,0.0,0.0,0.0,0.0,3.0,0.0,0.0,0.0,0.0,0.0,0.0,21.1,0.0,19.0,4.0,21.1,0.9,0.19,0.0,0.0,0.0,0.0,68.0,55.6,22,80.0,8,6,22.0,0,1.43,32.0,28.0,4.0,0.19,1.02,0.0,30.0,28.0,1.0,42.0,14.0,35.0,,,0.0,,,,,,,,,,,,,,,
ENG-Premier League,2526,Crystal Palace,Daniel Muñoz,COL,MF,29.0,1996.0,29.0,29.0,2399.0,26.7,4.0,3.0,7.0,4.0,0.0,0.0,7.0,0.0,0.15,0.11,0.26,0.15,0.26,26.7,4.0,26.0,12.0,46.2,0.98,0.45,0.15,0.33,0.0,0.0,83.0,70.1,29,83.0,22,0,,0,1.34,31.0,33.0,-2.0,-0.08,0.63,0.0,34.0,18.0,8.0,62.0,24.0,48.0,,,0.0,,,,,,,,,,,,,,,
ENG-Premier League,2526,Crystal Palace,Dean Henderson,ENG,GK,28.0,1997.0,37.0,37.0,3330.0,37.0,0.0,0.0,0.0,0.0,0.0,0.0,5.0,0.0,0.0,0.0,0.0,0.0,0.0,37.0,0.0,0.0,0.0,,0.0,0.0,,,0.0,0.0,90.0,97.4,37,90.0,37,0,,0,1.19,41.0,51.0,-10.0,-0.27,-0.27,0.0,2.0,5.0,0.0,0.0,1.0,0.0,,,0.0,51.0,1.38,156.0,104.0,67.3,11.0,11.0,15.0,11.0,29.7,6.0,5.0,1.0,0.0,16.7
ENG-Premier League,2526,Crystal Palace,Eberechi Eze,ENG,MF,27.0,1998.0,1.0,1.0,83.0,0.9,0.0,0.0,0.0,0.0,0.0,0.0,0.0,0.0,0.0,0.0,0.0,0.0,0.0,0.9,0.0,6.0,2.0,33.3,6.51,2.17,0.0,0.0,0.0,0.0,83.0,2.4,1,83.0,0,0,,0,1.0,0.0,0.0,0.0,0.0,0.27,0.0,2.0,1.0,0.0,4.0,0.0,1.0,,,0.0,,,,,,,,,,,,,,,
ENG-Premier League,2526,Crystal Palace,Eddie Nketiah,ENG,MF,26.0,1999.0,12.0,2.0,424.0,4.7,2.0,0.0,2.0,2.0,0.0,0.0,2.0,0.0,0.42,0.0,0.42,0.42,0.42,4.7,2.0,15.0,6.0,40.0,3.18,1.27,0.13,0.33,0.0,0.0,35.0,12.4,2,70.0,0,10,28.0,0,1.33,6.0,12.0,-6.0,-1.27,-1.15,0.0,7.0,7.0,3.0,0.0,2.0,6.0,,,0.0,,,,,,,,,,,,,,,
ENG-Premier League,2526,Crystal Palace,Evann Guessand,CIV,MF,24.0,2001.0,8.0,3.0,330.0,3.7,1.0,1.0,2.0,1.0,0.0,0.0,0.0,0.0,0.27,0.27,0.55,0.27,0.55,3.7,1.0,3.0,1.0,33.3,0.82,0.27,0.33,1.0,0.0,0.0,41.0,9.6,3,71.0,1,5,23.0,0,1.38,8.0,5.0,3.0,0.82,1.2,0.0,4.0,8.0,1.0,1.0,2.0,2.0,,,0.0,,,,,,,,,,,,,,,
ENG-Premier League,2526,Crystal Palace,Ismaila Sarr,SEN,MF,27.0,1998.0,28.0,24.0,2174.0,24.2,9.0,1.0,10.0,6.0,3.0,3.0,2.0,0.0,0.37,0.04,0.41,0.25,0.29,24.2,9.0,48.0,21.0,43.8,1.99,0.87,0.19,0.43,3.0,3.0,78.0,63.6,24,85.0,18,4,34.0,0,1.18,31.0,29.0,2.0,0.08,0.95,0.0,12.0,42.0,14.0,24.0,7.0,9.0,,,0.0,,,,,,,,,,,,,,,
ENG-Premier League,2526,Crystal Palace,Jaydee Canvot,FRA,DF,19.0,2006.0,20.0,14.0,1336.0,14.8,0.0,0.0,0.0,0.0,0.0,0.0,3.0,0.0,0.0,0.0,0.0,0.0,0.0,14.8,0.0,7.0,1.0,14.3,0.47,0.07,0.0,0.0,0.0,0.0,67.0,39.1,14,87.0,12,6,19.0,14,1.4,13.0,23.0,-10.0,-0.67,-0.67,0.0,12.0,7.0,0.0,5.0,12.0,22.0,,,0.0,,,,,,,,,,,,,,,
ENG-Premier League,2526,Crystal Palace,Jean-Philippe Mateta,FRA,FW,28.0,1997.0,32.0,25.0,2218.0,24.6,12.0,0.0,12.0,8.0,4.0,4.0,2.0,0.0,0.49,0.0,0.49,0.32,0.32,24.6,12.0,63.0,32.0,50.8,2.56,1.3,0.19,0.38,4.0,4.0,69.0,64.9,25,81.0,12,7,27.0,0,1.09,23.0,29.0,-6.0,-0.24,0.06,0.0,21.0,19.0,18.0,11.0,6.0,4.0,,,0.0,,,,,,,,,,,,,,,
ENG-Premier League,2526,Crystal Palace,Jefferson Lerma,COL,"MF,DF",30.0,1994.0,31.0,18.0,1733.0,19.3,0.0,2.0,2.0,0.0,0.0,0.0,7.0,0.0,0.0,0.1,0.1,0.0,0.1,19.3,0.0,19.0,7.0,36.8,0.99,0.36,0.0,0.0,0.0,0.0,56.0,50.7,18,83.0,15,13,18.0,4,1.19,19.0,25.0,-6.0,-0.31,-0.1,0.0,25.0,24.0,0.0,12.0,25.0,18.0,,,2.0,,,,,,,,,,,,,,,
ENG-Premier League,2526,Crystal Palace,Joél Drakes-Thomas,ENG,MF,16.0,2009.0,2.0,0.0,9.0,0.1,0.0,0.0,0.0,0.0,0.0,0.0,0.0,0.0,0.0,0.0,0.0,0.0,0.0,0.1,0.0,0.0,0.0,,0.0,0.0,,,0.0,0.0,5.0,0.3,0,,0,2,5.0,4,0.0,1.0,1.0,0.0,0.0,0.26,0.0,1.0,0.0,0.0,0.0,0.0,1.0,,,0.0,,,,,,,,,,,,,,,
ENG-Premier League,2526,Crystal Palace,Justin Devenny,NIR,"MF,FW",21.0,2003.0,21.0,7.0,796.0,8.8,1.0,0.0,1.0,0.0,1.0,1.0,0.0,0.0,0.11,0.0,0.11,0.0,0.0,8.8,1.0,13.0,4.0,30.8,1.47,0.45,0.08,0.25,1.0,1.0,38.0,23.3,7,84.0,3,14,15.0,15,1.29,7.0,15.0,-8.0,-0.9,-0.84,0.0,11.0,10.0,1.0,17.0,1.0,11.0,,,0.0,,,,,,,,,,,,,,,
ENG-Premier League,2526,Crystal Palace,Jørgen Strand Larsen,NOR,FW,25.0,2000.0,14.0,12.0,903.0,10.0,3.0,0.0,3.0,3.0,0.0,0.0,2.0,0.0,0.3,0.0,0.3,0.3,0.3,10.0,3.0,23.0,7.0,30.4,2.29,0.7,0.13,0.43,0.0,0.0,65.0,26.4,12,71.0,3,2,26.0,0,1.14,12.0,15.0,-3.0,-0.3,-0.05,0.0,21.0,10.0,1.0,0.0,1.0,0.0,,,0.0,,,,,,,,,,,,,,,
ENG-Premier League,2526,Crystal Palace,Kaden Rodney,ENG,"DF,MF",20.0,2004.0,1.0,0.0,4.0,0.0,0.0,0.0,0.0,0.0,0.0,0.0,0.0,0.0,0.0,0.0,0.0,0.0,0.0,0.0,0.0,0.0,0.0,,0.0,0.0,,,0.0,0.0,4.0,0.1,0,,0,1,4.0,10,0.0,0.0,0.0,0.0,0.0,0.26,0.0,1.0,0.0,0.0,0.0,0.0,0.0,,,0.0,,,,,,,,,,,,,,,
ENG-Premier League,2526,Crystal Palace,Marc Guéhi,ENG,DF,25.0,2000.0,20.0,20.0,1800.0,20.0,2.0,2.0,4.0,2.0,0.0,0.0,4.0,0.0,0.1,0.1,0.2,0.1,0.2,20.0,2.0,15.0,4.0,26.7,0.75,0.2,0.13,0.5,0.0,0.0,90.0,52.6,20,90.0,20,0,,0,1.35,22.0,23.0,-1.0,-0.05,0.45,0.0,14.0,18.0,0.0,10.0,24.0,19.0,,,0.0,,,,,,,,,,,,,,,
ENG-Premier League,2526,Crystal Palace,Maxence Lacroix,FRA,DF,25.0,2000.0,35.0,35.0,3085.0,34.3,1.0,2.0,3.0,1.0,0.0,0.0,4.0,1.0,0.03,0.06,0.09,0.03,0.09,34.3,1.0,25.0,7.0,28.0,0.73,0.2,0.04,0.14,0.0,0.0,88.0,90.2,35,88.0,33,0,,1,1.11,36.0,45.0,-9.0,-0.26,0.01,0.0,34.0,19.0,0.0,5.0,45.0,38.0,,,0.0,,,,,,,,,,,,,,,
ENG-Premier League,2526,Crystal Palace,Nathaniel Clyne,ENG,"MF,DF",34.0,1991.0,10.0,7.0,594.0,6.6,0.0,1.0,1.0,0.0,0.0,0.0,1.0,0.0,0.0,0.15,0.15,0.0,0.15,6.6,0.0,3.0,0.0,0.0,0.45,0.0,0.0,,0.0,0.0,59.0,17.4,7,72.0,1,3,30.0,24,1.0,6.0,12.0,-6.0,-0.91,-0.78,0.0,4.0,2.0,0.0,15.0,7.0,9.0,,,0.0,,,,,,,,,,,,,,,
ENG-Premier League,2526,Crystal Palace,Odsonne Édouard,FRA,FW,27.0,1998.0,1.0,0.0,3.0,0.0,0.0,0.0,0.0,0.0,0.0,0.0,0.0,0.0,0.0,0.0,0.0,0.0,0.0,0.0,0.0,0.0,0.0,,0.0,0.0,,,0.0,0.0,3.0,0.1,0,,0,1,3.0,1,1.0,0.0,0.0,0.0,0.0,0.26,0.0,0.0,1.0,0.0,0.0,0.0,1.0,,,0.0,,,,,,,,,,,,,,,
ENG-Premier League,2526,Crystal Palace,Rio Cardines,TRI,MF,19.0,2006.0,1.0,1.0,90.0,1.0,0.0,0.0,0.0,0.0,0.0,0.0,0.0,0.0,0.0,0.0,0.0,0.0,0.0,1.0,0.0,1.0,0.0,0.0,1.0,0.0,0.0,,0.0,0.0,90.0,2.6,1,90.0,1,0,,12,0.0,1.0,2.0,-1.0,-1.0,-0.76,0.0,0.0,1.0,0.0,3.0,0.0,1.0,,,0.0,,,,,,,,,,,,,,,
ENG-Premier League,2526,Crystal Palace,Romain Esse,ENG,MF,20.0,2005.0,4.0,0.0,44.0,0.5,0.0,0.0,0.0,0.0,0.0,0.0,0.0,0.0,0.0,0.0,0.0,0.0,0.0,0.5,0.0,0.0,0.0,,0.0,0.0,,,0.0,0.0,11.0,1.3,0,,0,4,11.0,11,0.5,0.0,0.0,0.0,0.0,0.27,0.0,2.0,2.0,0.0,2.0,0.0,1.0,,,0.0,,,,,,,,,,,,,,,
ENG-Premier League,2526,Crystal Palace,Tyrick Mitchell,ENG,MF,25.0,1999.0,38.0,36.0,3251.0,36.1,1.0,2.0,3.0,1.0,0.0,0.0,6.0,0.0,0.03,0.06,0.08,0.03,0.08,36.1,1.0,19.0,7.0,36.8,0.53,0.19,0.05,0.14,0.0,0.0,86.0,95.1,36,88.0,31,2,45.0,0,1.18,38.0,47.0,-9.0,-0.25,0.28,0.0,24.0,28.0,5.0,104.0,33.0,65.0,,,0.0,,,,,,,,,,,,,,,
ENG-Premier League,2526,Crystal Palace,Walter Benítez,ARG,GK,32.0,1993.0,1.0,1.0,90.0,1.0,0.0,0.0,0.0,0.0,0.0,0.0,0.0,0.0,0.0,0.0,0.0,0.0,0.0,1.0,0.0,0.0,0.0,,0.0,0.0,,,0.0,0.0,90.0,2.6,1,90.0,1,0,,35,1.0,0.0,0.0,0.0,0.0,0.27,0.0,0.0,0.0,0.0,0.0,0.0,0.0,,,0.0,0.0,0.0,3.0,3.0,100.0,0.0,1.0,0.0,1.0,100.0,1.0,0.0,0.0,1.0,
ENG-Premier League,2526,Crystal Palace,Will Hughes,ENG,MF,30.0,1995.0,31.0,19.0,1571.0,17.5,0.0,0.0,0.0,0.0,0.0,0.0,7.0,0.0,0.0,0.0,0.0,0.0,0.0,17.5,0.0,17.0,0.0,0.0,0.97,0.0,0.0,,0.0,0.0,51.0,45.9,19,73.0,8,12,16.0,6,1.26,11.0,18.0,-7.0,-0.4,-0.25,0.0,24.0,25.0,0.0,45.0,15.0,16.0,,,0.0,,,,,,,,,,,,,,,
ENG-Premier League,2526,Crystal Palace,Yéremy Pino,ESP,"MF,FW",22.0,2002.0,34.0,26.0,2080.0,23.1,2.0,2.0,4.0,2.0,0.0,0.0,4.0,0.0,0.09,0.09,0.17,0.09,0.17,23.1,2.0,45.0,11.0,24.4,1.95,0.48,0.04,0.18,0.0,0.0,61.0,60.8,26,73.0,4,8,23.0,2,1.15,20.0,28.0,-8.0,-0.35,-0.21,0.0,30.0,24.0,10.0,79.0,8.0,20.0,,,0.0,,,,,,,,,,,,,,,
ENG-Premier League,2526,Everton,Beto,GNB,FW,27.0,1998.0,37.0,17.0,1568.0,17.4,9.0,1.0,10.0,9.0,0.0,0.0,3.0,0.0,0.52,0.06,0.57,0.52,0.57,17.4,9.0,43.0,17.0,39.5,2.47,0.98,0.21,0.53,0.0,0.0,42.0,45.8,17,71.0,1,20,18.0,0,1.32,25.0,19.0,6.0,0.34,0.78,0.0,32.0,12.0,9.0,2.0,1.0,5.0,,,0.0,,,,,,,,,,,,,,,
ENG-Premier League,2526,Everton,Carlos Alcaraz,ARG,MF,22.0,2002.0,20.0,6.0,689.0,7.7,0.0,1.0,1.0,0.0,0.0,0.0,4.0,0.0,0.0,0.13,0.13,0.0,0.13,7.7,0.0,20.0,5.0,25.0,2.61,0.65,0.0,0.0,0.0,0.0,34.0,20.1,6,75.0,0,14,17.0,8,1.15,8.0,10.0,-2.0,-0.26,-0.23,0.0,10.0,12.0,1.0,6.0,2.0,9.0,,,0.0,,,,,,,,,,,,,,,
ENG-Premier League,2526,Everton,Dwight McNeil,ENG,MF,25.0,1999.0,22.0,14.0,1168.0,13.0,0.0,1.0,1.0,0.0,0.0,0.0,1.0,0.0,0.0,0.08,0.08,0.0,0.08,13.0,0.0,24.0,5.0,20.8,1.85,0.39,0.0,0.0,0.0,0.0,53.0,34.2,14,76.0,3,8,13.0,14,1.45,14.0,9.0,5.0,0.39,0.7,0.0,11.0,7.0,2.0,40.0,10.0,16.0,,,0.0,,,,,,,,,,,,,,,
ENG-Premier League,2526,Everton,Harrison Armstrong,ENG,MF,18.0,2007.0,13.0,6.0,529.0,5.9,0.0,0.0,0.0,0.0,0.0,0.0,0.0,0.0,0.0,0.0,0.0,0.0,0.0,5.9,0.0,5.0,2.0,40.0,0.85,0.34,0.0,0.0,0.0,0.0,41.0,15.5,6,73.0,1,7,13.0,7,1.23,4.0,11.0,-7.0,-1.19,-1.32,0.0,6.0,15.0,2.0,3.0,4.0,10.0,,,0.0,,,,,,,,,,,,,,,
ENG-Premier League,2526,Everton,Idrissa Gueye,SEN,MF,35.0,1989.0,25.0,25.0,2093.0,23.3,2.0,3.0,5.0,2.0,0.0,0.0,1.0,1.0,0.09,0.13,0.22,0.09,0.22,23.3,2.0,29.0,7.0,24.1,1.25,0.3,0.07,0.29,0.0,0.0,84.0,61.2,25,84.0,16,0,,0,1.32,26.0,26.0,0.0,0.0,0.2,0.0,21.0,31.0,0.0,19.0,29.0,21.0,,,0.0,,,,,,,,,,,,,,,
ENG-Premier League,2526,Everton,Iliman Ndiaye,SEN,MF,25.0,2000.0,32.0,32.0,2778.0,30.9,6.0,3.0,9.0,4.0,2.0,2.0,2.0,0.0,0.19,0.1,0.29,0.13,0.23,30.9,6.0,43.0,22.0,51.2,1.39,0.71,0.14,0.27,2.0,2.0,87.0,81.2,32,87.0,21,0,,0,1.28,40.0,44.0,-4.0,-0.13,-0.27,0.0,30.0,37.0,12.0,55.0,17.0,40.0,,,0.0,,,,,,,,,,,,,,,
ENG-Premier League,2526,Everton,Jack Grealish,ENG,MF,29.0,1995.0,20.0,18.0,1627.0,18.1,2.0,6.0,8.0,2.0,0.0,0.0,5.0,1.0,0.11,0.33,0.44,0.11,0.44,18.1,2.0,26.0,8.0,30.8,1.44,0.44,0.08,0.25,0.0,0.0,81.0,47.6,18,88.0,11,2,20.0,0,1.55,23.0,23.0,0.0,0.0,0.15,1.0,13.0,58.0,0.0,39.0,11.0,15.0,,,0.0,,,,,,,,,,,,,,,
ENG-Premier League,2526,Everton,Jake O'Brien,IRL,DF,24.0,2001.0,37.0,35.0,3120.0,34.7,1.0,1.0,2.0,1.0,0.0,0.0,6.0,1.0,0.03,0.03,0.06,0.03,0.06,34.7,1.0,13.0,6.0,46.2,0.37,0.17,0.08,0.17,0.0,0.0,84.0,91.2,35,87.0,29,2,42.0,0,1.32,44.0,46.0,-2.0,-0.06,0.24,0.0,23.0,17.0,4.0,49.0,13.0,32.0,,,0.0,,,,,,,,,,,,,,,
ENG-Premier League,2526,Everton,James Garner,ENG,"MF,DF",24.0,2001.0,38.0,38.0,3413.0,37.9,2.0,7.0,9.0,2.0,0.0,0.0,12.0,0.0,0.05,0.18,0.24,0.05,0.24,37.9,2.0,45.0,14.0,31.1,1.19,0.37,0.04,0.14,0.0,0.0,90.0,99.8,38,90.0,37,0,,0,1.29,47.0,50.0,-3.0,-0.08,-0.08,0.0,39.0,42.0,0.0,205.0,57.0,72.0,,,0.0,,,,,,,,,,,,,,,
ENG-Premier League,2526,Everton,James Tarkowski,ENG,DF,32.0,1992.0,37.0,37.0,3330.0,37.0,2.0,3.0,5.0,2.0,0.0,0.0,8.0,0.0,0.05,0.08,0.14,0.05,0.14,37.0,2.0,20.0,10.0,50.0,0.54,0.27,0.1,0.2,0.0,0.0,90.0,97.4,37,90.0,37,0,,0,1.32,47.0,48.0,-1.0,-0.03,1.97,0.0,32.0,35.0,2.0,7.0,29.0,30.0,,,0.0,,,,,,,,,,,,,,,
ENG-Premier League,2526,Everton,Jarrad Branthwaite,ENG,DF,23.0,2002.0,10.0,7.0,680.0,7.6,1.0,0.0,1.0,1.0,0.0,0.0,1.0,0.0,0.13,0.0,0.13,0.13,0.13,7.6,1.0,6.0,2.0,33.3,0.79,0.26,0.17,0.5,0.0,0.0,68.0,19.9,7,88.0,4,3,21.0,0,1.5,10.0,9.0,1.0,0.13,0.26,0.0,3.0,1.0,1.0,3.0,11.0,6.0,,,0.0,,,,,,,,,,,,,,,
ENG-Premier League,2526,Everton,Jordan Pickford,ENG,GK,31.0,1994.0,38.0,38.0,3420.0,38.0,0.0,0.0,0.0,0.0,0.0,0.0,4.0,0.0,0.0,0.0,0.0,0.0,0.0,38.0,0.0,0.0,0.0,,0.0,0.0,,,0.0,0.0,90.0,100.0,38,90.0,38,0,,0,1.29,47.0,50.0,-3.0,-0.08,,0.0,1.0,6.0,0.0,0.0,0.0,1.0,,,0.0,50.0,1.32,149.0,99.0,66.4,13.0,10.0,15.0,11.0,28.9,4.0,3.0,1.0,0.0,25.0
ENG-Premier League,2526,Everton,Kiernan Dewsbury-Hall,ENG,MF,26.0,1998.0,31.0,30.0,2626.0,29.2,8.0,4.0,12.0,8.0,0.0,0.0,6.0,0.0,0.27,0.14,0.41,0.27,0.41,29.2,8.0,39.0,15.0,38.5,1.34,0.51,0.21,0.53,0.0,0.0,85.0,76.8,30,86.0,18,1,45.0,0,1.23,38.0,39.0,-1.0,-0.03,0.19,0.0,32.0,48.0,2.0,112.0,14.0,26.0,,,0.0,,,,,,,,,,,,,,,
ENG-Premier League,2526,Everton,Merlin Röhl,GER,MF,23.0,2002.0,16.0,6.0,682.0,7.6,1.0,0.0,1.0,1.0,0.0,0.0,0.0,0.0,0.13,0.0,0.13,0.13,0.13,7.6,1.0,11.0,1.0,9.1,1.45,0.13,0.09,1.0,0.0,0.0,43.0,19.9,6,83.0,2,10,19.0,11,1.06,12.0,13.0,-1.0,-0.13,-0.07,0.0,20.0,7.0,2.0,5.0,4.0,13.0,,,0.0,,,,,,,,,,,,,,,
ENG-Premier League,2526,Everton,Michael Keane,ENG,DF,32.0,1993.0,33.0,29.0,2591.0,28.8,3.0,1.0,4.0,3.0,0.0,0.0,1.0,1.0,0.1,0.03,0.14,0.1,0.14,28.8,3.0,27.0,7.0,25.9,0.94,0.24,0.11,0.43,0.0,0.0,79.0,75.8,29,89.0,27,4,4.0,1,1.15,31.0,42.0,-11.0,-0.38,-1.25,0.0,16.0,6.0,0.0,1.0,37.0,24.0,,,0.0,,,,,,,,,,,,,,,
ENG-Premier League,2526,Everton,Nathan Patterson,SCO,DF,23.0,2001.0,7.0,3.0,241.0,2.7,0.0,0.0,0.0,0.0,0.0,0.0,0.0,0.0,0.0,0.0,0.0,0.0,0.0,2.7,0.0,1.0,1.0,100.0,0.37,0.37,0.0,0.0,0.0,0.0,34.0,7.0,3,77.0,1,4,3.0,21,1.57,3.0,2.0,1.0,0.37,0.49,0.0,2.0,2.0,1.0,6.0,2.0,4.0,,,0.0,,,,,,,,,,,,,,,
ENG-Premier League,2526,Everton,Séamus Coleman,IRL,DF,36.0,1988.0,5.0,1.0,21.0,0.2,0.0,0.0,0.0,0.0,0.0,0.0,0.0,0.0,0.0,0.0,0.0,0.0,0.0,0.2,0.0,0.0,0.0,,0.0,0.0,,,0.0,0.0,4.0,0.6,1,9.0,0,4,3.0,19,1.8,0.0,1.0,-1.0,-4.29,-4.23,0.0,0.0,1.0,0.0,3.0,0.0,0.0,,,0.0,,,,,,,,,,,,,,,
ENG-Premier League,2526,Everton,Thierno Barry,FRA,FW,22.0,2002.0,38.0,21.0,1914.0,21.3,8.0,0.0,8.0,8.0,0.0,0.0,3.0,0.0,0.38,0.0,0.38,0.38,0.38,21.3,8.0,38.0,14.0,36.8,1.79,0.66,0.21,0.57,0.0,0.0,50.0,56.0,21,76.0,3,17,19.0,0,1.29,24.0,34.0,-10.0,-0.47,-0.89,0.0,46.0,8.0,13.0,4.0,5.0,4.0,,,0.0,,,,,,,,,,,,,,,
ENG-Premier League,2526,Everton,Tim Iroegbunam,ENG,MF,22.0,2003.0,29.0,17.0,1487.0,16.5,0.0,2.0,2.0,0.0,0.0,0.0,9.0,0.0,0.0,0.12,0.12,0.0,0.12,16.5,0.0,12.0,1.0,8.3,0.73,0.06,0.0,0.0,0.0,0.0,51.0,43.5,17,79.0,6,12,12.0,6,1.31,19.0,18.0,1.0,0.06,0.25,0.0,29.0,20.0,0.0,3.0,22.0,44.0,,,0.0,,,,,,,,,,,,,,,
ENG-Premier League,2526,Everton,Tyler Dibling,ENG,MF,19.0,2006.0,14.0,4.0,358.0,4.0,0.0,0.0,0.0,0.0,0.0,0.0,2.0,0.0,0.0,0.0,0.0,0.0,0.0,4.0,0.0,4.0,0.0,0.0,1.01,0.0,0.0,,0.0,0.0,26.0,10.5,4,67.0,1,10,9.0,22,1.14,4.0,2.0,2.0,0.5,0.65,0.0,11.0,11.0,0.0,7.0,6.0,3.0,,,0.0,,,,,,,,,,,,,,,
ENG-Premier League,2526,Everton,Tyrique George,ENG,MF,19.0,2006.0,11.0,1.0,218.0,2.4,0.0,0.0,0.0,0.0,0.0,0.0,0.0,0.0,0.0,0.0,0.0,0.0,0.0,2.4,0.0,7.0,3.0,42.9,2.89,1.24,0.0,0.0,0.0,0.0,20.0,6.4,1,61.0,0,10,16.0,2,0.73,5.0,7.0,-2.0,-0.83,-0.8,0.0,3.0,1.0,2.0,10.0,2.0,3.0,,,0.0,,,,,,,,,,,,,,,
ENG-Premier League,2526,Everton,Vitaliy Mykolenko,UKR,DF,26.0,1999.0,33.0,33.0,2958.0,32.9,0.0,1.0,1.0,0.0,0.0,0.0,6.0,0.0,0.0,0.03,0.03,0.0,0.03,32.9,0.0,9.0,2.0,22.2,0.27,0.06,0.0,0.0,0.0,0.0,90.0,86.5,33,90.0,30,0,,1,1.33,44.0,47.0,-3.0,-0.09,-0.09,0.0,29.0,28.0,0.0,93.0,27.0,25.0,,,1.0,,,,,,,,,,,,,,,
ENG-Premier League,2526,Fulham,Adama Traoré,ESP,MF,29.0,1996.0,15.0,1.0,274.0,3.0,0.0,0.0,0.0,0.0,0.0,0.0,0.0,0.0,0.0,0.0,0.0,0.0,0.0,3.0,0.0,5.0,1.0,20.0,1.64,0.33,0.0,0.0,0.0,0.0,18.0,8.0,1,75.0,0,14,14.0,6,1.2,4.0,7.0,-3.0,-0.99,-0.96,0.0,6.0,8.0,3.0,15.0,0.0,1.0,,,0.0,,,,,,,,,,,,,,,
ENG-Premier League,2526,Fulham,Alex Iwobi,NGA,MF,29.0,1996.0,29.0,29.0,2419.0,26.9,4.0,3.0,7.0,4.0,0.0,0.0,3.0,0.0,0.15,0.11,0.26,0.15,0.26,26.9,4.0,39.0,15.0,38.5,1.45,0.56,0.1,0.27,0.0,0.0,83.0,70.7,29,83.0,12,0,,0,1.31,36.0,40.0,-4.0,-0.15,-0.15,0.0,8.0,10.0,1.0,88.0,15.0,18.0,,,0.0,,,,,,,,,,,,,,,
ENG-Premier League,2526,Fulham,Antonee Robinson,USA,"DF,MF",27.0,1997.0,22.0,17.0,1492.0,16.6,1.0,0.0,1.0,0.0,1.0,1.0,5.0,0.0,0.06,0.0,0.06,0.0,0.0,16.6,1.0,6.0,1.0,16.7,0.36,0.06,0.17,1.0,1.0,1.0,68.0,43.6,17,83.0,12,5,17.0,5,1.36,13.0,19.0,-6.0,-0.36,-0.46,0.0,15.0,9.0,2.0,77.0,28.0,31.0,,,0.0,,,,,,,,,,,,,,,
ENG-Premier League,2526,Fulham,Bernd Leno,GER,GK,33.0,1992.0,38.0,38.0,3420.0,38.0,0.0,0.0,0.0,0.0,0.0,0.0,3.0,0.0,0.0,0.0,0.0,0.0,0.0,38.0,0.0,0.0,0.0,,0.0,0.0,,,0.0,0.0,90.0,100.0,38,90.0,38,0,,0,1.37,47.0,51.0,-4.0,-0.11,,0.0,0.0,6.0,0.0,0.0,1.0,1.0,,,1.0,51.0,1.34,149.0,98.0,65.8,15.0,7.0,16.0,9.0,23.7,4.0,3.0,0.0,1.0,0.0
ENG-Premier League,2526,Fulham,Calvin Bassey,NGA,DF,25.0,1999.0,30.0,28.0,2534.0,28.2,1.0,0.0,1.0,1.0,0.0,0.0,5.0,0.0,0.04,0.0,0.04,0.04,0.04,28.2,1.0,12.0,1.0,8.3,0.43,0.04,0.08,1.0,0.0,0.0,84.0,74.1,28,90.0,28,2,7.0,2,1.27,36.0,40.0,-4.0,-0.14,-0.14,0.0,28.0,40.0,1.0,14.0,22.0,32.0,,,0.0,,,,,,,,,,,,,,,
ENG-Premier League,2526,Fulham,Emile Smith Rowe,ENG,MF,25.0,2000.0,37.0,22.0,1923.0,21.4,3.0,0.0,3.0,3.0,0.0,0.0,1.0,0.0,0.14,0.0,0.14,0.14,0.14,21.4,3.0,36.0,11.0,30.6,1.68,0.51,0.08,0.27,0.0,0.0,52.0,56.2,22,73.0,1,15,21.0,0,1.38,27.0,28.0,-1.0,-0.05,0.13,0.0,10.0,17.0,3.0,13.0,22.0,22.0,,,0.0,,,,,,,,,,,,,,,
ENG-Premier League,2526,Fulham,Harrison Reed,ENG,MF,30.0,1995.0,7.0,1.0,94.0,1.0,1.0,0.0,1.0,1.0,0.0,0.0,0.0,0.0,0.96,0.0,0.96,0.96,0.96,1.0,1.0,2.0,1.0,50.0,1.91,0.96,0.5,1.0,0.0,0.0,13.0,2.7,1,63.0,0,6,5.0,22,1.57,2.0,4.0,-2.0,-1.91,-1.86,0.0,2.0,1.0,0.0,4.0,0.0,0.0,,,0.0,,,,,,,,,,,,,,,
ENG-Premier League,2526,Fulham,Harry Wilson,WAL,MF,28.0,1997.0,36.0,32.0,2673.0,29.7,10.0,7.0,17.0,10.0,0.0,0.0,7.0,0.0,0.34,0.24,0.57,0.34,0.57,29.7,10.0,78.0,25.0,32.1,2.63,0.84,0.13,0.4,0.0,0.0,74.0,78.2,32,81.0,8,4,23.0,0,1.44,40.0,38.0,2.0,0.07,0.79,0.0,13.0,37.0,13.0,115.0,16.0,19.0,,,0.0,,,,,,,,,,,,,,,
ENG-Premier League,2526,Fulham,Issa Diop,MAR,DF,28.0,1997.0,13.0,8.0,816.0,9.1,1.0,0.0,1.0,1.0,0.0,0.0,2.0,0.0,0.11,0.0,0.11,0.11,0.11,9.1,1.0,2.0,1.0,50.0,0.22,0.11,0.5,1.0,0.0,0.0,63.0,23.9,8,89.0,6,5,21.0,12,1.31,11.0,13.0,-2.0,-0.22,-0.15,0.0,9.0,3.0,0.0,1.0,6.0,2.0,,,0.0,,,,,,,,,,,,,,,
ENG-Premier League,2526,Fulham,Joachim Andersen,DEN,DF,29.0,1996.0,33.0,33.0,2875.0,31.9,0.0,1.0,1.0,0.0,0.0,0.0,7.0,1.0,0.0,0.03,0.03,0.0,0.03,31.9,0.0,16.0,4.0,25.0,0.5,0.13,0.0,0.0,0.0,0.0,87.0,84.1,33,87.0,31,0,,1,1.36,41.0,44.0,-3.0,-0.09,0.07,0.0,30.0,13.0,0.0,15.0,34.0,26.0,,,0.0,,,,,,,,,,,,,,,
ENG-Premier League,2526,Fulham,Jonah Kusi-Asare,SWE,FW,18.0,2007.0,7.0,0.0,55.0,0.6,0.0,0.0,0.0,0.0,0.0,0.0,1.0,0.0,0.0,0.0,0.0,0.0,0.0,0.6,0.0,0.0,0.0,,0.0,0.0,,,0.0,0.0,8.0,1.6,0,,0,7,8.0,11,0.57,2.0,2.0,0.0,0.0,0.11,0.0,4.0,2.0,0.0,0.0,0.0,1.0,,,0.0,,,,,,,,,,,,,,,
ENG-Premier League,2526,Fulham,Jorge Cuenca,ESP,DF,25.0,1999.0,15.0,11.0,938.0,10.4,0.0,0.0,0.0,0.0,0.0,0.0,6.0,0.0,0.0,0.0,0.0,0.0,0.0,10.4,0.0,1.0,0.0,0.0,0.1,0.0,0.0,,0.0,0.0,63.0,27.4,11,84.0,7,4,4.0,16,1.8,9.0,11.0,-2.0,-0.19,-0.12,0.0,10.0,1.0,1.0,2.0,15.0,10.0,,,0.0,,,,,,,,,,,,,,,
ENG-Premier League,2526,Fulham,Joshua King,ENG,MF,18.0,2007.0,32.0,15.0,1308.0,14.5,1.0,2.0,3.0,1.0,0.0,0.0,4.0,0.0,0.07,0.14,0.21,0.07,0.21,14.5,1.0,26.0,11.0,42.3,1.79,0.76,0.04,0.09,0.0,0.0,41.0,38.2,15,65.0,0,17,19.0,3,1.38,14.0,18.0,-4.0,-0.28,-0.28,0.0,13.0,30.0,3.0,12.0,3.0,12.0,,,0.0,,,,,,,,,,,,,,,
ENG-Premier League,2526,Fulham,Kenny Tete,NED,DF,29.0,1995.0,22.0,21.0,1791.0,19.9,1.0,0.0,1.0,1.0,0.0,0.0,2.0,0.0,0.05,0.0,0.05,0.05,0.05,19.9,1.0,16.0,3.0,18.8,0.8,0.15,0.06,0.33,0.0,0.0,81.0,52.4,21,85.0,15,1,8.0,6,1.55,24.0,24.0,0.0,0.0,0.22,0.0,27.0,31.0,1.0,34.0,26.0,38.0,,,0.0,,,,,,,,,,,,,,,
ENG-Premier League,2526,Fulham,Kevin,BRA,MF,22.0,2003.0,26.0,9.0,1041.0,11.6,1.0,1.0,2.0,1.0,0.0,0.0,1.0,0.0,0.09,0.09,0.17,0.09,0.17,11.6,1.0,25.0,10.0,40.0,2.16,0.86,0.04,0.1,0.0,0.0,40.0,30.4,9,68.0,0,17,25.0,1,1.38,13.0,14.0,-1.0,-0.09,0.03,0.0,14.0,17.0,3.0,43.0,9.0,10.0,,,0.0,,,,,,,,,,,,,,,
ENG-Premier League,2526,Fulham,Oscar Bobb,NOR,MF,22.0,2003.0,14.0,6.0,571.0,6.3,0.0,0.0,0.0,0.0,0.0,0.0,0.0,0.0,0.0,0.0,0.0,0.0,0.0,6.3,0.0,8.0,3.0,37.5,1.26,0.47,0.0,0.0,0.0,0.0,41.0,16.7,6,64.0,0,8,23.0,0,1.29,7.0,7.0,0.0,0.0,0.13,0.0,4.0,8.0,0.0,9.0,6.0,7.0,,,0.0,,,,,,,,,,,,,,,
ENG-Premier League,2526,Fulham,Raúl Jiménez,MEX,FW,34.0,1991.0,36.0,27.0,2189.0,24.3,9.0,3.0,12.0,5.0,4.0,4.0,5.0,0.0,0.37,0.12,0.49,0.21,0.33,24.3,9.0,73.0,18.0,24.7,3.0,0.74,0.12,0.5,4.0,4.0,61.0,64.0,27,75.0,10,9,17.0,0,1.44,34.0,29.0,5.0,0.21,0.86,0.0,46.0,34.0,20.0,7.0,7.0,20.0,,,0.0,,,,,,,,,,,,,,,
ENG-Premier League,2526,Fulham,Rodrigo Muniz,BRA,FW,24.0,2001.0,21.0,10.0,1000.0,11.1,1.0,1.0,2.0,1.0,0.0,0.0,2.0,0.0,0.09,0.09,0.18,0.09,0.18,11.1,1.0,32.0,5.0,15.6,2.88,0.45,0.03,0.2,0.0,0.0,48.0,29.2,10,74.0,1,11,23.0,0,1.38,10.0,12.0,-2.0,-0.18,-0.11,0.0,21.0,18.0,5.0,2.0,2.0,3.0,,,1.0,,,,,,,,,,,,,,,
ENG-Premier League,2526,Fulham,Ryan Sessegnon,ENG,"DF,MF",25.0,2000.0,27.0,20.0,1823.0,20.3,3.0,1.0,4.0,3.0,0.0,0.0,0.0,0.0,0.15,0.05,0.2,0.15,0.2,20.3,3.0,16.0,4.0,25.0,0.79,0.2,0.19,0.75,0.0,0.0,68.0,53.3,20,85.0,14,7,19.0,1,1.33,32.0,29.0,3.0,0.15,0.54,0.0,33.0,3.0,4.0,55.0,23.0,29.0,,,0.0,,,,,,,,,,,,,,,
ENG-Premier League,2526,Fulham,Samuel Chukwueze,NGA,MF,26.0,1999.0,23.0,10.0,1079.0,12.0,3.0,4.0,7.0,3.0,0.0,0.0,0.0,0.0,0.25,0.33,0.58,0.25,0.58,12.0,3.0,25.0,7.0,28.0,2.09,0.58,0.12,0.43,0.0,0.0,47.0,31.5,10,75.0,2,13,26.0,1,1.17,18.0,21.0,-3.0,-0.25,-0.21,0.0,5.0,12.0,3.0,43.0,6.0,4.0,,,0.0,,,,,,,,,,,,,,,
ENG-Premier League,2526,Fulham,Sander Berge,NOR,MF,27.0,1998.0,35.0,34.0,2905.0,32.3,0.0,1.0,1.0,0.0,0.0,0.0,5.0,0.0,0.0,0.03,0.03,0.0,0.03,32.3,0.0,14.0,3.0,21.4,0.43,0.09,0.0,0.0,0.0,0.0,83.0,84.9,34,85.0,25,1,17.0,2,1.46,43.0,45.0,-2.0,-0.06,0.29,0.0,35.0,14.0,1.0,13.0,26.0,41.0,,,1.0,,,,,,,,,,,,,,,
ENG-Premier League,2526,Fulham,Saša Lukić,SRB,MF,28.0,1996.0,26.0,20.0,1734.0,19.3,1.0,2.0,3.0,1.0,0.0,0.0,9.0,0.0,0.05,0.1,0.16,0.05,0.16,19.3,1.0,18.0,6.0,33.3,0.93,0.31,0.06,0.17,0.0,0.0,67.0,50.7,20,80.0,12,6,24.0,3,1.19,16.0,22.0,-6.0,-0.31,-0.42,0.0,53.0,25.0,2.0,68.0,16.0,28.0,,,0.0,,,,,,,,,,,,,,,
ENG-Premier League,2526,Fulham,Timothy Castagne,BEL,"DF,MF",29.0,1995.0,30.0,20.0,1845.0,20.5,0.0,0.0,0.0,0.0,0.0,0.0,4.0,0.0,0.0,0.0,0.0,0.0,0.0,20.5,0.0,14.0,6.0,42.9,0.68,0.29,0.0,0.0,0.0,0.0,62.0,53.9,20,86.0,16,10,12.0,8,1.2,25.0,32.0,-7.0,-0.34,-0.51,0.0,18.0,11.0,1.0,48.0,28.0,24.0,,,0.0,,,,,,,,,,,,,,,
ENG-Premier League,2526,Fulham,Tom Cairney,SCO,MF,34.0,1991.0,24.0,6.0,775.0,8.6,2.0,0.0,2.0,2.0,0.0,0.0,3.0,0.0,0.23,0.0,0.23,0.23,0.23,8.6,2.0,17.0,2.0,11.8,1.97,0.23,0.12,1.0,0.0,0.0,32.0,22.7,6,71.0,0,18,20.0,12,1.46,13.0,10.0,3.0,0.35,0.59,0.0,10.0,11.0,0.0,6.0,4.0,4.0,,,0.0,,,,,,,,,,,,,,,
ENG-Premier League,2526,Leeds United,Anton Stach,GER,MF,26.0,1998.0,29.0,28.0,2370.0,26.3,5.0,3.0,8.0,5.0,0.0,0.0,3.0,0.0,0.19,0.11,0.3,0.19,0.3,26.3,5.0,55.0,14.0,25.5,2.09,0.53,0.09,0.36,0.0,0.0,82.0,69.3,28,84.0,19,1,31.0,1,1.03,31.0,36.0,-5.0,-0.19,-0.02,0.0,36.0,24.0,0.0,155.0,19.0,35.0,,,0.0,,,,,,,,,,,,,,,
ENG-Premier League,2526,Leeds United,Ao Tanaka,JPN,MF,26.0,1998.0,28.0,14.0,1315.0,14.6,2.0,0.0,2.0,2.0,0.0,0.0,1.0,0.0,0.14,0.0,0.14,0.14,0.14,14.6,2.0,17.0,5.0,29.4,1.16,0.34,0.12,0.4,0.0,0.0,47.0,38.5,14,75.0,0,14,19.0,9,1.43,22.0,21.0,1.0,0.07,0.41,0.0,13.0,10.0,0.0,39.0,21.0,15.0,,,0.0,,,,,,,,,,,,,,,
ENG-Premier League,2526,Leeds United,Brenden Aaronson,USA,"MF,FW",24.0,2000.0,37.0,30.0,2449.0,27.2,4.0,5.0,9.0,4.0,0.0,0.0,3.0,0.0,0.15,0.18,0.33,0.15,0.33,27.2,4.0,47.0,17.0,36.2,1.73,0.62,0.09,0.24,0.0,0.0,66.0,71.6,30,77.0,2,7,21.0,1,1.19,35.0,31.0,4.0,0.15,1.17,0.0,20.0,51.0,5.0,37.0,17.0,27.0,,,0.0,,,,,,,,,,,,,,,
ENG-Premier League,2526,Leeds United,Daniel James,WAL,"FW,MF",27.0,1997.0,19.0,6.0,559.0,6.2,0.0,0.0,0.0,0.0,0.0,0.0,0.0,0.0,0.0,0.0,0.0,0.0,0.0,6.2,0.0,14.0,3.0,21.4,2.25,0.48,0.0,0.0,0.0,0.0,29.0,16.3,6,61.0,0,13,15.0,4,1.0,0.0,16.0,-16.0,-2.58,-2.86,0.0,1.0,8.0,1.0,50.0,1.0,5.0,,,0.0,,,,,,,,,,,,,,,
ENG-Premier League,2526,Leeds United,Dominic Calvert-Lewin,ENG,FW,28.0,1997.0,35.0,30.0,2721.0,30.2,14.0,1.0,15.0,10.0,4.0,5.0,3.0,0.0,0.46,0.03,0.5,0.33,0.36,30.2,14.0,73.0,34.0,46.6,2.41,1.12,0.19,0.41,4.0,5.0,78.0,79.6,30,87.0,17,5,25.0,0,1.23,42.0,34.0,8.0,0.26,2.2,0.0,45.0,37.0,26.0,9.0,5.0,4.0,,,0.0,,,,,,,,,,,,,,,
ENG-Premier League,2526,Leeds United,Ethan Ampadu,WAL,MF,24.0,2000.0,35.0,35.0,3119.0,34.7,1.0,1.0,2.0,1.0,0.0,0.0,10.0,0.0,0.03,0.03,0.06,0.03,0.06,34.7,1.0,26.0,6.0,23.1,0.75,0.17,0.04,0.17,0.0,0.0,89.0,91.2,35,89.0,31,0,,0,1.29,45.0,49.0,-4.0,-0.12,0.78,0.0,50.0,36.0,0.0,25.0,50.0,46.0,,,0.0,,,,,,,,,,,,,,,
ENG-Premier League,2526,Leeds United,Facundo Buonanotte,ARG,MF,20.0,2004.0,3.0,0.0,39.0,0.4,0.0,0.0,0.0,0.0,0.0,0.0,1.0,0.0,0.0,0.0,0.0,0.0,0.0,0.4,0.0,2.0,0.0,0.0,4.62,0.0,0.0,,0.0,0.0,13.0,1.1,0,,0,3,13.0,5,0.33,0.0,3.0,-3.0,-6.92,-6.82,0.0,1.0,0.0,0.0,2.0,1.0,0.0,,,0.0,,,,,,,,,,,,,,,
ENG-Premier League,2526,Leeds United,Gabriel Gudmundsson,SWE,"DF,MF",26.0,1999.0,32.0,31.0,2631.0,29.2,0.0,0.0,0.0,0.0,0.0,0.0,6.0,1.0,0.0,0.0,0.0,0.0,0.0,29.2,0.0,18.0,3.0,16.7,0.62,0.1,0.0,0.0,0.0,0.0,82.0,76.9,31,84.0,21,1,22.0,0,1.19,40.0,45.0,-5.0,-0.17,0.06,1.0,31.0,56.0,3.0,88.0,28.0,47.0,,,1.0,,,,,,,,,,,,,,,
ENG-Premier League,2526,Leeds United,Ilia Gruev,BUL,MF,25.0,2000.0,23.0,15.0,1323.0,14.7,0.0,3.0,3.0,0.0,0.0,0.0,3.0,0.0,0.0,0.2,0.2,0.0,0.2,14.7,0.0,7.0,1.0,14.3,0.48,0.07,0.0,0.0,0.0,0.0,58.0,38.7,15,79.0,6,8,17.0,10,1.52,17.0,22.0,-5.0,-0.34,-0.25,0.0,16.0,9.0,0.0,16.0,14.0,13.0,,,0.0,,,,,,,,,,,,,,,
ENG-Premier League,2526,Leeds United,Jack Harrison,ENG,FW,28.0,1996.0,11.0,1.0,269.0,3.0,0.0,0.0,0.0,0.0,0.0,0.0,0.0,0.0,0.0,0.0,0.0,0.0,0.0,3.0,0.0,6.0,2.0,33.3,2.01,0.67,0.0,0.0,0.0,0.0,24.0,7.9,1,65.0,0,10,20.0,9,1.09,1.0,5.0,-4.0,-1.34,-1.25,0.0,1.0,4.0,0.0,17.0,4.0,2.0,,,0.0,,,,,,,,,,,,,,,
ENG-Premier League,2526,Leeds United,Jaka Bijol,SVN,DF,26.0,1999.0,25.0,21.0,1890.0,21.0,1.0,2.0,3.0,1.0,0.0,0.0,4.0,0.0,0.05,0.1,0.14,0.05,0.14,21.0,1.0,15.0,6.0,40.0,0.71,0.29,0.07,0.17,0.0,0.0,76.0,55.3,21,85.0,16,4,25.0,9,1.28,29.0,26.0,3.0,0.14,0.73,0.0,19.0,10.0,0.0,1.0,22.0,13.0,,,0.0,,,,,,,,,,,,,,,
ENG-Premier League,2526,Leeds United,James Justin,ENG,"DF,MF",27.0,1998.0,29.0,21.0,1901.0,21.1,2.0,1.0,3.0,2.0,0.0,0.0,4.0,0.0,0.09,0.05,0.14,0.09,0.14,21.1,2.0,24.0,6.0,25.0,1.14,0.28,0.08,0.33,0.0,0.0,66.0,55.6,21,86.0,17,8,12.0,7,1.41,27.0,26.0,1.0,0.05,0.52,0.0,13.0,31.0,2.0,38.0,26.0,38.0,,,0.0,,,,,,,,,,,,,,,
ENG-Premier League,2526,Leeds United,Jayden Bogle,ENG,"MF,DF",25.0,2000.0,34.0,32.0,2793.0,31.0,1.0,2.0,3.0,1.0,0.0,0.0,6.0,0.0,0.03,0.06,0.1,0.03,0.1,31.0,1.0,18.0,4.0,22.2,0.58,0.13,0.06,0.25,0.0,0.0,82.0,81.7,32,86.0,18,2,27.0,0,1.24,38.0,44.0,-6.0,-0.19,-0.05,0.0,39.0,29.0,10.0,67.0,30.0,43.0,,,0.0,,,,,,,,,,,,,,,
ENG-Premier League,2526,Leeds United,Joe Rodon,WAL,DF,27.0,1997.0,35.0,33.0,2951.0,32.8,2.0,0.0,2.0,2.0,0.0,0.0,3.0,0.0,0.06,0.0,0.06,0.06,0.06,32.8,2.0,18.0,7.0,38.9,0.55,0.21,0.11,0.29,0.0,0.0,84.0,86.3,33,88.0,30,2,23.0,0,1.2,42.0,52.0,-10.0,-0.3,-0.88,0.0,17.0,19.0,1.0,6.0,30.0,19.0,,,0.0,,,,,,,,,,,,,,,
ENG-Premier League,2526,Leeds United,Joël Piroe,SUR,FW,25.0,1999.0,16.0,2.0,258.0,2.9,0.0,0.0,0.0,0.0,0.0,0.0,0.0,0.0,0.0,0.0,0.0,0.0,0.0,2.9,0.0,14.0,3.0,21.4,4.88,1.05,0.0,0.0,0.0,0.0,16.0,7.5,2,67.0,0,14,9.0,21,0.94,4.0,9.0,-5.0,-1.74,-1.69,0.0,4.0,0.0,1.0,4.0,1.0,1.0,,,0.0,,,,,,,,,,,,,,,
ENG-Premier League,2526,Leeds United,Karl Darlow,WAL,GK,34.0,1990.0,22.0,22.0,1980.0,22.0,0.0,0.0,0.0,0.0,0.0,0.0,1.0,0.0,0.0,0.0,0.0,0.0,0.0,22.0,0.0,0.0,0.0,,0.0,0.0,,,0.0,0.0,90.0,57.9,22,90.0,22,0,,15,1.32,26.0,27.0,-1.0,-0.05,0.33,0.0,0.0,7.0,0.0,0.0,0.0,0.0,,,0.0,27.0,1.23,90.0,63.0,70.0,7.0,8.0,7.0,5.0,22.7,2.0,2.0,0.0,0.0,0.0
ENG-Premier League,2526,Leeds United,Lucas Perri,BRA,GK,27.0,1997.0,16.0,16.0,1440.0,16.0,0.0,0.0,0.0,0.0,0.0,0.0,2.0,0.0,0.0,0.0,0.0,0.0,0.0,16.0,0.0,0.0,0.0,,0.0,0.0,,,0.0,0.0,90.0,42.1,16,90.0,16,0,,18,1.13,23.0,29.0,-6.0,-0.37,-0.33,0.0,1.0,3.0,0.0,0.0,0.0,0.0,,,0.0,29.0,1.81,67.0,38.0,56.7,4.0,6.0,6.0,3.0,18.8,4.0,4.0,0.0,0.0,0.0
ENG-Premier League,2526,Leeds United,Lukas Nmecha,GER,FW,26.0,1998.0,31.0,10.0,1083.0,12.0,6.0,1.0,7.0,4.0,2.0,3.0,0.0,0.0,0.5,0.08,0.58,0.33,0.42,12.0,6.0,30.0,16.0,53.3,2.49,1.33,0.2,0.38,2.0,3.0,35.0,31.7,10,71.0,1,21,18.0,3,1.13,14.0,23.0,-9.0,-0.75,-0.82,0.0,18.0,18.0,3.0,10.0,3.0,7.0,,,0.0,,,,,,,,,,,,,,,
ENG-Premier League,2526,Leeds United,Noah Okafor,SUI,"FW,MF",25.0,2000.0,28.0,19.0,1561.0,17.3,8.0,1.0,9.0,8.0,0.0,0.0,3.0,0.0,0.46,0.06,0.52,0.46,0.52,17.3,8.0,35.0,15.0,42.9,2.02,0.86,0.23,0.53,0.0,0.0,56.0,45.6,19,72.0,1,9,22.0,1,1.32,29.0,26.0,3.0,0.17,0.66,0.0,18.0,14.0,0.0,36.0,12.0,15.0,,,0.0,,,,,,,,,,,,,,,
ENG-Premier League,2526,Leeds United,Pascal Struijk,NED,DF,25.0,1999.0,34.0,33.0,2936.0,32.6,0.0,1.0,1.0,0.0,0.0,0.0,5.0,0.0,0.0,0.03,0.03,0.0,0.03,32.6,0.0,31.0,5.0,16.1,0.95,0.15,0.0,0.0,0.0,0.0,86.0,85.8,33,89.0,31,1,9.0,2,1.18,42.0,48.0,-6.0,-0.18,0.0,0.0,27.0,22.0,5.0,2.0,32.0,22.0,,,0.0,,,,,,,,,,,,,,,
ENG-Premier League,2526,Leeds United,Sam Byram,ENG,"DF,MF",31.0,1993.0,2.0,0.0,9.0,0.1,0.0,0.0,0.0,0.0,0.0,0.0,0.0,0.0,0.0,0.0,0.0,0.0,0.0,0.1,0.0,0.0,0.0,,0.0,0.0,,,0.0,0.0,5.0,0.3,0,,0,2,5.0,16,1.5,1.0,1.0,0.0,0.0,0.18,0.0,1.0,0.0,1.0,0.0,0.0,1.0,,,0.0,,,,,,,,,,,,,,,
ENG-Premier League,2526,Leeds United,Sean Longstaff,ENG,MF,27.0,1997.0,23.0,10.0,1011.0,11.2,2.0,2.0,4.0,2.0,0.0,0.0,2.0,0.0,0.18,0.18,0.36,0.18,0.36,11.2,2.0,16.0,4.0,25.0,1.42,0.36,0.13,0.5,0.0,0.0,44.0,29.6,10,84.0,7,13,13.0,6,1.35,12.0,20.0,-8.0,-0.71,-0.75,0.0,13.0,17.0,1.0,54.0,12.0,24.0,,,0.0,,,,,,,,,,,,,,,
ENG-Premier League,2526,Leeds United,Sebastiaan Bornauw,BEL,DF,26.0,1999.0,12.0,5.0,429.0,4.8,0.0,0.0,0.0,0.0,0.0,0.0,1.0,0.0,0.0,0.0,0.0,0.0,0.0,4.8,0.0,1.0,0.0,0.0,0.21,0.0,0.0,,0.0,0.0,36.0,12.5,5,78.0,0,7,6.0,18,1.5,4.0,5.0,-1.0,-0.21,-0.03,0.0,7.0,0.0,1.0,1.0,7.0,4.0,,,0.0,,,,,,,,,,,,,,,
ENG-Premier League,2526,Leeds United,Wilfried Gnonto,ITA,FW,21.0,2003.0,23.0,4.0,537.0,6.0,0.0,1.0,1.0,0.0,0.0,0.0,3.0,0.0,0.0,0.17,0.17,0.0,0.17,6.0,0.0,10.0,0.0,0.0,1.68,0.0,0.0,,0.0,0.0,23.0,15.7,4,59.0,0,19,16.0,8,1.22,11.0,14.0,-3.0,-0.5,-0.38,0.0,7.0,11.0,0.0,20.0,3.0,13.0,,,0.0,,,,,,,,,,,,,,,
ENG-Premier League,2526,Liverpool,Alexander Isak,SWE,FW,25.0,1999.0,14.0,8.0,699.0,7.8,3.0,1.0,4.0,3.0,0.0,0.0,0.0,0.0,0.39,0.13,0.52,0.39,0.52,7.8,3.0,17.0,6.0,35.3,2.19,0.77,0.18,0.5,0.0,0.0,50.0,20.4,8,74.0,0,6,17.0,2,1.71,7.0,9.0,-2.0,-0.26,-0.65,0.0,5.0,1.0,0.0,2.0,0.0,6.0,,,0.0,,,,,,,,,,,,,,,
ENG-Premier League,2526,Liverpool,Alexis Mac Allister,ARG,MF,26.0,1998.0,37.0,31.0,2658.0,29.5,2.0,4.0,6.0,2.0,0.0,0.0,7.0,0.0,0.07,0.14,0.2,0.07,0.2,29.5,2.0,52.0,12.0,23.1,1.76,0.41,0.04,0.17,0.0,0.0,72.0,77.7,31,82.0,20,6,20.0,0,1.54,45.0,41.0,4.0,0.14,-0.57,0.0,35.0,32.0,0.0,20.0,18.0,27.0,,,0.0,,,,,,,,,,,,,,,
ENG-Premier League,2526,Liverpool,Alisson,BRA,GK,32.0,1992.0,26.0,26.0,2340.0,26.0,0.0,0.0,0.0,0.0,0.0,0.0,1.0,0.0,0.0,0.0,0.0,0.0,0.0,26.0,0.0,0.0,0.0,,0.0,0.0,,,0.0,0.0,90.0,68.4,26,90.0,26,0,,0,1.81,44.0,31.0,13.0,0.5,0.75,0.0,1.0,7.0,0.0,0.0,0.0,0.0,,,0.0,31.0,1.19,88.0,57.0,64.8,13.0,8.0,5.0,8.0,30.8,2.0,2.0,0.0,0.0,0.0
ENG-Premier League,2526,Liverpool,Andy Robertson,SCO,DF,31.0,1994.0,24.0,11.0,1176.0,13.1,1.0,0.0,1.0,1.0,0.0,0.0,0.0,0.0,0.08,0.0,0.08,0.08,0.08,13.1,1.0,10.0,3.0,30.0,0.77,0.23,0.1,0.33,0.0,0.0,49.0,34.4,11,80.0,4,13,23.0,14,1.58,22.0,16.0,6.0,0.46,0.3,0.0,4.0,1.0,5.0,53.0,7.0,10.0,,,0.0,,,,,,,,,,,,,,,
ENG-Premier League,2526,Liverpool,Cody Gakpo,NED,"MF,FW",26.0,1999.0,36.0,32.0,2737.0,30.4,7.0,5.0,12.0,7.0,0.0,0.0,3.0,0.0,0.23,0.16,0.39,0.23,0.39,30.4,7.0,87.0,21.0,24.1,2.86,0.69,0.08,0.33,0.0,0.0,76.0,80.0,32,82.0,16,4,28.0,0,1.5,48.0,39.0,9.0,0.3,0.16,0.0,42.0,44.0,30.0,86.0,12.0,15.0,,,0.0,,,,,,,,,,,,,,,
ENG-Premier League,2526,Liverpool,Conor Bradley,NIR,DF,22.0,2003.0,15.0,12.0,929.0,10.3,0.0,1.0,1.0,0.0,0.0,0.0,5.0,0.0,0.0,0.1,0.1,0.0,0.1,10.3,0.0,6.0,0.0,0.0,0.58,0.0,0.0,,0.0,0.0,62.0,27.2,12,70.0,3,3,29.0,1,1.47,11.0,13.0,-2.0,-0.19,-0.63,0.0,18.0,20.0,1.0,23.0,12.0,15.0,,,0.0,,,,,,,,,,,,,,,
ENG-Premier League,2526,Liverpool,Curtis Jones,ENG,"MF,DF",24.0,2001.0,34.0,18.0,1937.0,21.5,1.0,2.0,3.0,1.0,0.0,0.0,2.0,0.0,0.05,0.09,0.14,0.05,0.14,21.5,1.0,22.0,7.0,31.8,1.02,0.33,0.05,0.14,0.0,0.0,57.0,56.6,18,83.0,9,16,28.0,2,1.47,38.0,38.0,0.0,0.0,-0.61,0.0,17.0,29.0,0.0,16.0,18.0,23.0,,,0.0,,,,,,,,,,,,,,,
ENG-Premier League,2526,Liverpool,Dominik Szoboszlai,HUN,"MF,DF",24.0,2000.0,36.0,36.0,3231.0,35.9,6.0,7.0,13.0,6.0,0.0,1.0,8.0,1.0,0.17,0.19,0.36,0.17,0.36,35.9,6.0,71.0,23.0,32.4,1.98,0.64,0.08,0.26,0.0,1.0,90.0,94.5,36,90.0,34,0,,0,1.5,60.0,51.0,9.0,0.25,-0.23,0.0,42.0,30.0,2.0,206.0,29.0,32.0,,,0.0,,,,,,,,,,,,,,,
ENG-Premier League,2526,Liverpool,Federico Chiesa,ITA,MF,27.0,1997.0,26.0,1.0,339.0,3.8,2.0,1.0,3.0,2.0,0.0,0.0,3.0,0.0,0.53,0.27,0.8,0.53,0.8,3.8,2.0,17.0,5.0,29.4,4.51,1.33,0.12,0.4,0.0,0.0,13.0,9.9,1,60.0,0,25,11.0,10,1.38,15.0,9.0,6.0,1.59,1.48,0.0,11.0,7.0,2.0,17.0,4.0,5.0,,,0.0,,,,,,,,,,,,,,,
ENG-Premier League,2526,Liverpool,Florian Wirtz,GER,MF,22.0,2003.0,33.0,27.0,2378.0,26.4,5.0,3.0,8.0,5.0,0.0,0.0,1.0,0.0,0.19,0.11,0.3,0.19,0.3,26.4,5.0,51.0,18.0,35.3,1.93,0.68,0.1,0.28,0.0,0.0,72.0,69.5,27,82.0,9,6,27.0,0,1.61,38.0,32.0,6.0,0.23,-0.12,0.0,22.0,19.0,2.0,32.0,12.0,26.0,,,0.0,,,,,,,,,,,,,,,
ENG-Premier League,2526,Liverpool,Freddie Woodman,ENG,GK,28.0,1997.0,3.0,2.0,213.0,2.4,0.0,0.0,0.0,0.0,0.0,0.0,0.0,0.0,0.0,0.0,0.0,0.0,0.0,2.4,0.0,0.0,0.0,,0.0,0.0,,,0.0,0.0,71.0,6.2,2,90.0,2,1,33.0,16,2.0,6.0,4.0,2.0,0.85,0.62,0.0,0.0,0.0,0.0,0.0,0.0,0.0,,,0.0,4.0,1.69,13.0,9.0,69.2,1.0,0.0,1.0,0.0,0.0,0.0,0.0,0.0,0.0,
ENG-Premier League,2526,Liverpool,Giorgi Mamardashvili,GEO,GK,24.0,2000.0,10.0,10.0,867.0,9.6,0.0,0.0,0.0,0.0,0.0,0.0,0.0,0.0,0.0,0.0,0.0,0.0,0.0,9.6,0.0,0.0,0.0,,0.0,0.0,,,0.0,0.0,87.0,25.4,10,87.0,9,0,,26,1.0,13.0,18.0,-5.0,-0.52,-1.05,0.0,1.0,2.0,0.0,0.0,1.0,1.0,,,0.0,18.0,1.87,51.0,33.0,64.7,3.0,1.0,6.0,2.0,20.0,2.0,1.0,1.0,0.0,50.0
ENG-Premier League,2526,Liverpool,Harvey Elliott,ENG,"FW,MF",22.0,2003.0,1.0,0.0,1.0,0.0,0.0,0.0,0.0,0.0,0.0,0.0,0.0,0.0,0.0,0.0,0.0,0.0,0.0,0.0,0.0,0.0,0.0,,0.0,0.0,,,0.0,0.0,1.0,0.0,0,,0,1,1.0,2,3.0,1.0,0.0,1.0,90.0,89.76,0.0,0.0,0.0,0.0,0.0,0.0,0.0,,,0.0,,,,,,,,,,,,,,,
ENG-Premier League,2526,Liverpool,Hugo Ekitike,FRA,FW,23.0,2002.0,28.0,21.0,1803.0,20.0,11.0,4.0,15.0,11.0,0.0,0.0,0.0,0.0,0.55,0.2,0.75,0.55,0.75,20.0,11.0,65.0,19.0,29.2,3.24,0.95,0.17,0.58,0.0,0.0,64.0,52.7,21,77.0,6,7,26.0,1,1.68,35.0,25.0,10.0,0.5,0.5,0.0,35.0,12.0,10.0,7.0,4.0,7.0,,,0.0,,,,,,,,,,,,,,,
ENG-Premier League,2526,Liverpool,Ibrahima Konaté,FRA,DF,26.0,1999.0,36.0,36.0,3090.0,34.3,1.0,0.0,1.0,1.0,0.0,0.0,7.0,0.0,0.03,0.0,0.03,0.03,0.03,34.3,1.0,12.0,4.0,33.3,0.35,0.12,0.08,0.25,0.0,0.0,86.0,90.4,36,86.0,26,0,,1,1.64,55.0,45.0,10.0,0.29,0.29,0.0,33.0,41.0,0.0,3.0,28.0,31.0,,,0.0,,,,,,,,,,,,,,,
ENG-Premier League,2526,Liverpool,Jeremie Frimpong,NED,"DF,MF",24.0,2000.0,21.0,12.0,1040.0,11.6,0.0,1.0,1.0,0.0,0.0,0.0,1.0,0.0,0.0,0.09,0.09,0.0,0.09,11.6,0.0,10.0,2.0,20.0,0.87,0.17,0.0,0.0,0.0,0.0,50.0,30.4,12,75.0,4,9,16.0,2,1.48,20.0,13.0,7.0,0.61,0.49,0.0,8.0,21.0,4.0,51.0,6.0,9.0,,,0.0,,,,,,,,,,,,,,,
ENG-Premier League,2526,Liverpool,Joe Gomez,ENG,DF,28.0,1997.0,21.0,7.0,607.0,6.7,0.0,2.0,2.0,0.0,0.0,0.0,4.0,0.0,0.0,0.3,0.3,0.0,0.3,6.7,0.0,5.0,1.0,20.0,0.74,0.15,0.0,0.0,0.0,0.0,29.0,17.7,7,63.0,2,14,12.0,11,1.62,17.0,14.0,3.0,0.44,0.22,0.0,14.0,0.0,0.0,16.0,8.0,7.0,,,0.0,,,,,,,,,,,,,,,
ENG-Premier League,2526,Liverpool,Milos Kerkez,HUN,DF,21.0,2003.0,34.0,27.0,2257.0,25.1,2.0,1.0,3.0,2.0,0.0,0.0,4.0,0.0,0.08,0.04,0.12,0.08,0.12,25.1,2.0,9.0,2.0,22.2,0.36,0.08,0.22,1.0,0.0,0.0,66.0,66.0,27,79.0,15,7,16.0,4,1.47,41.0,36.0,5.0,0.2,-0.19,0.0,22.0,30.0,4.0,79.0,15.0,26.0,,,0.0,,,,,,,,,,,,,,,
ENG-Premier League,2526,Liverpool,Mohamed Salah,EGY,MF,33.0,1992.0,27.0,23.0,2146.0,23.8,7.0,7.0,14.0,6.0,1.0,1.0,1.0,0.0,0.29,0.29,0.59,0.25,0.55,23.8,7.0,68.0,19.0,27.9,2.85,0.8,0.1,0.37,1.0,1.0,79.0,62.7,23,87.0,16,4,39.0,2,1.67,40.0,35.0,5.0,0.21,-0.14,0.0,10.0,16.0,14.0,117.0,3.0,12.0,,,0.0,,,,,,,,,,,,,,,
ENG-Premier League,2526,Liverpool,Rio Ngumoha,ENG,MF,16.0,2008.0,19.0,5.0,560.0,6.2,2.0,1.0,3.0,2.0,0.0,0.0,0.0,0.0,0.32,0.16,0.48,0.32,0.48,6.2,2.0,16.0,6.0,37.5,2.57,0.96,0.13,0.33,0.0,0.0,29.0,16.4,5,72.0,1,14,14.0,18,1.21,16.0,11.0,5.0,0.8,0.65,0.0,4.0,12.0,0.0,22.0,3.0,2.0,,,0.0,,,,,,,,,,,,,,,
ENG-Premier League,2526,Liverpool,Ryan Gravenberch,NED,MF,23.0,2002.0,36.0,34.0,2992.0,33.2,5.0,3.0,8.0,5.0,0.0,0.0,5.0,0.0,0.15,0.09,0.24,0.15,0.24,33.2,5.0,38.0,13.0,34.2,1.14,0.39,0.13,0.38,0.0,0.0,83.0,87.5,34,86.0,28,2,29.0,0,1.58,50.0,42.0,8.0,0.24,-0.18,0.0,38.0,42.0,0.0,8.0,44.0,35.0,,,0.0,,,,,,,,,,,,,,,
ENG-Premier League,2526,Liverpool,Trey Nyoni,ENG,MF,18.0,2007.0,6.0,0.0,24.0,0.3,0.0,0.0,0.0,0.0,0.0,0.0,0.0,0.0,0.0,0.0,0.0,0.0,0.0,0.3,0.0,1.0,0.0,0.0,3.75,0.0,0.0,,0.0,0.0,4.0,0.7,0,,0,6,4.0,23,2.33,0.0,1.0,-1.0,-3.75,-4.04,0.0,1.0,0.0,1.0,0.0,0.0,0.0,,,0.0,,,,,,,,,,,,,,,
ENG-Premier League,2526,Liverpool,Virgil van Dijk,NED,DF,34.0,1991.0,38.0,38.0,3420.0,38.0,6.0,0.0,6.0,6.0,0.0,0.0,4.0,0.0,0.16,0.0,0.16,0.16,0.16,38.0,6.0,30.0,14.0,46.7,0.79,0.37,0.2,0.43,0.0,0.0,90.0,100.0,38,90.0,38,0,,0,1.58,63.0,53.0,10.0,0.26,,0.0,19.0,18.0,1.0,1.0,26.0,15.0,,,0.0,,,,,,,,,,,,,,,
ENG-Premier League,2526,Liverpool,Wataru Endo,JPN,DF,32.0,1993.0,8.0,1.0,175.0,1.9,0.0,1.0,1.0,0.0,0.0,0.0,1.0,0.0,0.0,0.51,0.51,0.0,0.51,1.9,0.0,1.0,0.0,0.0,0.51,0.0,0.0,,0.0,0.0,22.0,5.1,1,68.0,0,7,15.0,12,2.0,6.0,5.0,1.0,0.51,0.26,0.0,2.0,3.0,0.0,3.0,0.0,3.0,,,0.0,,,,,,,,,,,,,,,
ENG-Premier League,2526,Manchester City,Abdukodir Khusanov,UZB,DF,21.0,2004.0,21.0,15.0,1432.0,15.9,0.0,0.0,0.0,0.0,0.0,0.0,2.0,0.0,0.0,0.0,0.0,0.0,0.0,15.9,0.0,7.0,1.0,14.3,0.44,0.06,0.0,0.0,0.0,0.0,68.0,41.9,15,85.0,12,6,27.0,9,1.95,25.0,13.0,12.0,0.75,-0.6,0.0,14.0,6.0,0.0,3.0,29.0,20.0,,,0.0,,,,,,,,,,,,,,,
ENG-Premier League,2526,Manchester City,Antoine Semenyo,GHA,"MF,FW",25.0,2000.0,17.0,17.0,1397.0,15.5,7.0,1.0,8.0,7.0,0.0,0.0,1.0,0.0,0.45,0.06,0.52,0.45,0.52,15.5,7.0,34.0,14.0,41.2,2.19,0.9,0.21,0.5,0.0,0.0,82.0,40.8,17,82.0,9,0,,0,2.06,28.0,14.0,14.0,0.9,-0.34,0.0,17.0,7.0,7.0,21.0,6.0,11.0,,,0.0,,,,,,,,,,,,,,,
ENG-Premier League,2526,Manchester City,Bernardo Silva,POR,MF,30.0,1994.0,38.0,34.0,2872.0,31.9,2.0,4.0,6.0,2.0,0.0,0.0,10.0,0.0,0.06,0.13,0.19,0.06,0.19,31.9,2.0,30.0,7.0,23.3,0.94,0.22,0.07,0.29,0.0,0.0,76.0,84.0,34,82.0,14,4,23.0,0,2.05,67.0,30.0,37.0,1.16,0.34,0.0,36.0,22.0,5.0,72.0,21.0,28.0,,,0.0,,,,,,,,,,,,,,,
ENG-Premier League,2526,Manchester City,Divine Mukasa,ENG,MF,17.0,2007.0,2.0,0.0,27.0,0.3,0.0,0.0,0.0,0.0,0.0,0.0,0.0,0.0,0.0,0.0,0.0,0.0,0.0,0.3,0.0,0.0,0.0,,0.0,0.0,,,0.0,0.0,14.0,0.8,0,,0,2,14.0,9,1.5,0.0,0.0,0.0,0.0,-1.11,0.0,1.0,0.0,0.0,0.0,0.0,0.0,,,0.0,,,,,,,,,,,,,,,
ENG-Premier League,2526,Manchester City,Erling Haaland,NOR,FW,25.0,2000.0,35.0,34.0,2953.0,32.8,27.0,8.0,35.0,24.0,3.0,4.0,2.0,0.0,0.82,0.24,1.07,0.73,0.98,32.8,27.0,126.0,59.0,46.8,3.84,1.8,0.21,0.46,3.0,4.0,84.0,86.3,34,86.0,26,1,18.0,1,2.06,69.0,32.0,37.0,1.13,0.16,0.0,24.0,25.0,5.0,3.0,4.0,7.0,,,0.0,,,,,,,,,,,,,,,
ENG-Premier League,2526,Manchester City,Gianluigi Donnarumma,ITA,GK,26.0,1999.0,34.0,34.0,3060.0,34.0,0.0,0.0,0.0,0.0,0.0,0.0,8.0,0.0,0.0,0.0,0.0,0.0,0.0,34.0,0.0,0.0,0.0,,0.0,0.0,,,0.0,0.0,90.0,89.5,34,90.0,34,0,,0,2.21,71.0,29.0,42.0,1.24,1.24,0.0,0.0,4.0,0.0,0.0,1.0,0.0,,,0.0,29.0,0.85,106.0,75.0,72.6,22.0,9.0,3.0,15.0,44.1,1.0,0.0,1.0,0.0,100.0
ENG-Premier League,2526,Manchester City,James Trafford,ENG,GK,22.0,2002.0,4.0,4.0,360.0,4.0,0.0,0.0,0.0,0.0,0.0,0.0,0.0,0.0,0.0,0.0,0.0,0.0,0.0,4.0,0.0,0.0,0.0,,0.0,0.0,,,0.0,0.0,90.0,10.5,4,90.0,4,0,,34,0.75,6.0,6.0,0.0,0.0,-1.24,0.0,0.0,1.0,0.0,0.0,0.0,1.0,,,0.0,6.0,1.5,20.0,14.0,70.0,1.0,0.0,3.0,1.0,25.0,1.0,1.0,0.0,0.0,0.0
ENG-Premier League,2526,Manchester City,Jeremy Doku,BEL,"MF,FW",23.0,2002.0,30.0,19.0,1784.0,19.8,5.0,5.0,10.0,5.0,0.0,0.0,0.0,0.0,0.25,0.25,0.5,0.25,0.5,19.8,5.0,39.0,15.0,38.5,1.97,0.76,0.13,0.33,0.0,0.0,59.0,52.2,19,80.0,5,11,25.0,1,1.87,43.0,18.0,25.0,1.26,0.33,0.0,23.0,61.0,3.0,62.0,12.0,16.0,,,0.0,,,,,,,,,,,,,,,
ENG-Premier League,2526,Manchester City,John Stones,ENG,DF,31.0,1994.0,9.0,5.0,439.0,4.9,0.0,0.0,0.0,0.0,0.0,0.0,0.0,0.0,0.0,0.0,0.0,0.0,0.0,4.9,0.0,0.0,0.0,,0.0,0.0,,,0.0,0.0,49.0,12.8,5,80.0,2,4,10.0,15,1.44,7.0,10.0,-3.0,-0.62,-1.97,0.0,0.0,0.0,0.0,4.0,3.0,1.0,,,0.0,,,,,,,,,,,,,,,
ENG-Premier League,2526,Manchester City,Joško Gvardiol,CRO,DF,23.0,2002.0,18.0,16.0,1372.0,15.2,2.0,2.0,4.0,2.0,0.0,0.0,2.0,0.0,0.13,0.13,0.26,0.13,0.26,15.2,2.0,17.0,6.0,35.3,1.12,0.39,0.12,0.33,0.0,0.0,76.0,40.1,16,83.0,12,2,24.0,2,2.17,37.0,13.0,24.0,1.57,0.78,0.0,16.0,7.0,0.0,2.0,16.0,13.0,,,0.0,,,,,,,,,,,,,,,
ENG-Premier League,2526,Manchester City,Marc Guéhi,ENG,DF,25.0,2000.0,15.0,15.0,1350.0,15.0,1.0,1.0,2.0,1.0,0.0,0.0,2.0,0.0,0.07,0.07,0.13,0.07,0.13,15.0,1.0,17.0,5.0,29.4,1.13,0.33,0.06,0.2,0.0,0.0,90.0,39.5,15,90.0,15,0,,0,2.33,31.0,12.0,19.0,1.27,0.27,0.0,11.0,20.0,0.0,7.0,25.0,12.0,,,0.0,,,,,,,,,,,,,,,
ENG-Premier League,2526,Manchester City,Mateo Kovačić,CRO,MF,31.0,1994.0,6.0,1.0,130.0,1.4,0.0,1.0,1.0,0.0,0.0,0.0,0.0,0.0,0.0,0.69,0.69,0.0,0.69,1.4,0.0,2.0,0.0,0.0,1.38,0.0,0.0,,0.0,0.0,22.0,3.8,1,55.0,0,5,15.0,6,1.83,3.0,3.0,0.0,0.0,-1.15,0.0,0.0,2.0,0.0,0.0,2.0,1.0,,,0.0,,,,,,,,,,,,,,,
ENG-Premier League,2526,Manchester City,Matheus Nunes,POR,DF,26.0,1998.0,34.0,32.0,2862.0,31.8,1.0,5.0,6.0,1.0,0.0,0.0,5.0,0.0,0.03,0.16,0.19,0.03,0.19,31.8,1.0,7.0,2.0,28.6,0.22,0.06,0.14,0.5,0.0,0.0,84.0,83.7,32,87.0,28,2,35.0,3,2.21,68.0,28.0,40.0,1.26,0.94,0.0,17.0,30.0,4.0,67.0,29.0,41.0,,,0.0,,,,,,,,,,,,,,,
ENG-Premier League,2526,Manchester City,Max Alleyne,ENG,DF,20.0,2005.0,2.0,2.0,135.0,1.5,0.0,0.0,0.0,0.0,0.0,0.0,0.0,0.0,0.0,0.0,0.0,0.0,0.0,1.5,0.0,2.0,1.0,50.0,1.33,0.67,0.0,0.0,0.0,0.0,68.0,3.9,2,68.0,1,0,,5,0.5,1.0,1.0,0.0,0.0,-1.15,0.0,0.0,0.0,0.0,0.0,3.0,3.0,,,0.0,,,,,,,,,,,,,,,
ENG-Premier League,2526,Manchester City,Nathan Aké,NED,DF,30.0,1995.0,18.0,6.0,695.0,7.7,0.0,0.0,0.0,0.0,0.0,0.0,1.0,0.0,0.0,0.0,0.0,0.0,0.0,7.7,0.0,7.0,1.0,14.3,0.91,0.13,0.0,0.0,0.0,0.0,39.0,20.3,6,85.0,4,12,16.0,17,2.06,10.0,9.0,1.0,0.13,-1.22,0.0,3.0,8.0,1.0,4.0,5.0,6.0,,,0.0,,,,,,,,,,,,,,,
ENG-Premier League,2526,Manchester City,Nico O'Reilly,ENG,"DF,MF",20.0,2005.0,34.0,29.0,2646.0,29.4,5.0,3.0,8.0,5.0,0.0,0.0,5.0,0.0,0.17,0.1,0.27,0.17,0.27,29.4,5.0,41.0,15.0,36.6,1.39,0.51,0.12,0.33,0.0,0.0,78.0,77.4,29,87.0,22,5,27.0,1,2.18,63.0,25.0,38.0,1.29,0.83,0.0,45.0,18.0,1.0,38.0,20.0,36.0,,,0.0,,,,,,,,,,,,,,,
ENG-Premier League,2526,Manchester City,Nicolás González,ESP,MF,23.0,2002.0,25.0,17.0,1569.0,17.4,1.0,0.0,1.0,1.0,0.0,0.0,6.0,0.0,0.06,0.0,0.06,0.06,0.06,17.4,1.0,14.0,2.0,14.3,0.8,0.11,0.07,0.5,0.0,0.0,63.0,45.9,17,81.0,10,8,25.0,8,2.12,39.0,17.0,22.0,1.26,0.29,0.0,30.0,18.0,0.0,3.0,24.0,30.0,,,0.0,,,,,,,,,,,,,,,
ENG-Premier League,2526,Manchester City,Omar Marmoush,EGY,"FW,MF",26.0,1999.0,21.0,8.0,700.0,7.8,3.0,3.0,6.0,3.0,0.0,0.0,3.0,0.0,0.39,0.39,0.77,0.39,0.77,7.8,3.0,30.0,9.0,30.0,3.86,1.16,0.1,0.33,0.0,0.0,33.0,20.5,8,65.0,0,13,14.0,7,2.05,15.0,5.0,10.0,1.29,0.23,0.0,10.0,21.0,6.0,12.0,2.0,8.0,,,0.0,,,,,,,,,,,,,,,
ENG-Premier League,2526,Manchester City,Oscar Bobb,NOR,"MF,FW",22.0,2003.0,9.0,5.0,468.0,5.2,0.0,1.0,1.0,0.0,0.0,0.0,1.0,0.0,0.0,0.19,0.19,0.0,0.19,5.2,0.0,4.0,0.0,0.0,0.77,0.0,0.0,,0.0,0.0,52.0,13.7,5,78.0,2,4,20.0,4,1.67,10.0,5.0,5.0,0.96,-0.17,0.0,5.0,9.0,0.0,5.0,3.0,5.0,,,0.0,,,,,,,,,,,,,,,
ENG-Premier League,2526,Manchester City,Phil Foden,ENG,MF,25.0,2000.0,33.0,23.0,2086.0,23.2,7.0,5.0,12.0,7.0,0.0,0.0,4.0,0.0,0.3,0.22,0.52,0.3,0.52,23.2,7.0,55.0,19.0,34.5,2.37,0.82,0.13,0.37,0.0,0.0,63.0,61.0,23,83.0,13,10,17.0,3,2.0,53.0,19.0,34.0,1.47,0.93,0.0,18.0,31.0,3.0,119.0,10.0,16.0,,,0.0,,,,,,,,,,,,,,,
ENG-Premier League,2526,Manchester City,Rayan Aït-Nouri,ALG,DF,24.0,2001.0,17.0,12.0,974.0,10.8,0.0,2.0,2.0,0.0,0.0,0.0,2.0,0.0,0.0,0.18,0.18,0.0,0.18,10.8,0.0,10.0,2.0,20.0,0.92,0.18,0.0,0.0,0.0,0.0,57.0,28.5,12,77.0,7,5,11.0,9,1.94,23.0,9.0,14.0,1.29,0.26,0.0,17.0,10.0,0.0,22.0,13.0,21.0,,,0.0,,,,,,,,,,,,,,,
ENG-Premier League,2526,Manchester City,Rayan Cherki,FRA,MF,21.0,2003.0,33.0,19.0,1786.0,19.8,4.0,12.0,16.0,4.0,0.0,0.0,1.0,0.0,0.2,0.6,0.81,0.2,0.81,19.8,4.0,55.0,13.0,23.6,2.77,0.66,0.07,0.31,0.0,0.0,54.0,52.2,19,77.0,5,14,23.0,1,2.06,40.0,19.0,21.0,1.06,-0.1,0.0,18.0,34.0,1.0,80.0,7.0,16.0,,,0.0,,,,,,,,,,,,,,,
ENG-Premier League,2526,Manchester City,Rico Lewis,ENG,DF,20.0,2004.0,11.0,4.0,407.0,4.5,0.0,1.0,1.0,0.0,0.0,0.0,2.0,0.0,0.0,0.22,0.22,0.0,0.22,4.5,0.0,3.0,0.0,0.0,0.66,0.0,0.0,,0.0,0.0,37.0,11.9,4,84.0,3,7,10.0,16,1.73,7.0,7.0,0.0,0.0,-1.25,0.0,5.0,9.0,0.0,2.0,7.0,4.0,,,0.0,,,,,,,,,,,,,,,
ENG-Premier League,2526,Manchester City,Rodri,ESP,MF,29.0,1996.0,21.0,17.0,1511.0,16.8,1.0,0.0,1.0,1.0,0.0,0.0,3.0,0.0,0.06,0.0,0.06,0.06,0.06,16.8,1.0,16.0,3.0,18.8,0.95,0.18,0.06,0.33,0.0,0.0,72.0,44.2,17,84.0,12,4,22.0,1,1.81,28.0,15.0,13.0,0.77,-0.59,0.0,14.0,31.0,0.0,5.0,12.0,25.0,,,0.0,,,,,,,,,,,,,,,
ENG-Premier League,2526,Manchester City,Rúben Dias,POR,DF,28.0,1997.0,26.0,24.0,2141.0,23.8,2.0,0.0,2.0,2.0,0.0,0.0,3.0,0.0,0.08,0.0,0.08,0.08,0.08,23.8,2.0,10.0,4.0,40.0,0.42,0.17,0.2,0.5,0.0,0.0,82.0,62.6,24,88.0,22,2,18.0,4,2.12,54.0,22.0,32.0,1.35,0.64,0.0,15.0,9.0,0.0,9.0,23.0,6.0,,,0.0,,,,,,,,,,,,,,,
ENG-Premier League,2526,Manchester City,Sávio,BRA,MF,21.0,2004.0,24.0,7.0,833.0,9.3,1.0,1.0,2.0,1.0,0.0,0.0,2.0,0.0,0.11,0.11,0.22,0.11,0.22,9.3,1.0,20.0,11.0,55.0,2.16,1.19,0.05,0.09,0.0,0.0,35.0,24.4,7,78.0,3,17,17.0,3,2.29,15.0,7.0,8.0,0.86,-0.32,0.0,9.0,15.0,4.0,40.0,5.0,5.0,,,0.0,,,,,,,,,,,,,,,
ENG-Premier League,2526,Manchester City,Tijjani Reijnders,NED,MF,27.0,1998.0,28.0,19.0,1631.0,18.1,5.0,2.0,7.0,5.0,0.0,0.0,2.0,0.0,0.28,0.11,0.39,0.28,0.39,18.1,5.0,49.0,16.0,32.7,2.7,0.88,0.1,0.31,0.0,0.0,58.0,47.7,19,77.0,6,9,18.0,10,1.93,32.0,17.0,15.0,0.83,-0.53,0.0,19.0,15.0,4.0,43.0,11.0,4.0,,,0.0,,,,,,,,,,,,,,,
ENG-Premier League,2526,Manchester Utd,Altay Bayındır,TUR,GK,27.0,1998.0,6.0,6.0,540.0,6.0,0.0,0.0,0.0,0.0,0.0,0.0,0.0,0.0,0.0,0.0,0.0,0.0,0.0,6.0,0.0,0.0,0.0,,0.0,0.0,,,0.0,0.0,90.0,15.8,6,90.0,6,0,,32,1.17,7.0,11.0,-4.0,-0.67,-1.39,0.0,0.0,3.0,0.0,0.0,0.0,0.0,,,0.0,11.0,1.83,24.0,13.0,54.2,2.0,1.0,3.0,0.0,0.0,0.0,0.0,0.0,0.0,
ENG-Premier League,2526,Manchester Utd,Amad Diallo,CIV,MF,23.0,2002.0,32.0,27.0,2341.0,26.0,2.0,3.0,5.0,2.0,0.0,0.0,2.0,0.0,0.08,0.12,0.19,0.08,0.19,26.0,2.0,53.0,23.0,43.4,2.04,0.88,0.04,0.09,0.0,0.0,73.0,68.5,27,82.0,17,5,25.0,0,2.03,52.0,33.0,19.0,0.73,0.73,0.0,24.0,38.0,12.0,46.0,15.0,23.0,,,0.0,,,,,,,,,,,,,,,
ENG-Premier League,2526,Manchester Utd,Ayden Heaven,ENG,DF,18.0,2006.0,17.0,11.0,924.0,10.3,0.0,1.0,1.0,0.0,0.0,0.0,2.0,0.0,0.0,0.1,0.1,0.0,0.1,10.3,0.0,3.0,0.0,0.0,0.29,0.0,0.0,,0.0,0.0,54.0,27.0,11,80.0,7,6,8.0,21,2.0,20.0,15.0,5.0,0.49,-0.02,0.0,7.0,9.0,0.0,1.0,1.0,13.0,,,1.0,,,,,,,,,,,,,,,
ENG-Premier League,2526,Manchester Utd,Bendito Mantato,ENG,MF,17.0,2008.0,1.0,0.0,16.0,0.2,0.0,0.0,0.0,0.0,0.0,0.0,0.0,0.0,0.0,0.0,0.0,0.0,0.0,0.2,0.0,0.0,0.0,,0.0,0.0,,,0.0,0.0,16.0,0.5,0,,0,1,16.0,3,1.0,0.0,0.0,0.0,0.0,-0.5,0.0,0.0,0.0,0.0,1.0,0.0,0.0,,,0.0,,,,,,,,,,,,,,,
ENG-Premier League,2526,Manchester Utd,Benjamin Šeško,SVN,FW,22.0,2003.0,30.0,17.0,1643.0,18.3,11.0,1.0,12.0,11.0,0.0,0.0,2.0,0.0,0.6,0.05,0.66,0.6,0.66,18.3,11.0,61.0,34.0,55.7,3.34,1.86,0.18,0.32,0.0,0.0,55.0,48.0,17,79.0,8,13,23.0,1,1.8,37.0,30.0,7.0,0.38,-0.22,0.0,17.0,6.0,7.0,2.0,3.0,3.0,,,0.0,,,,,,,,,,,,,,,
ENG-Premier League,2526,Manchester Utd,Bruno Fernandes,POR,MF,30.0,1994.0,35.0,35.0,3063.0,34.0,9.0,21.0,30.0,5.0,4.0,6.0,5.0,0.0,0.26,0.62,0.88,0.15,0.76,34.0,9.0,85.0,24.0,28.2,2.5,0.71,0.11,0.38,4.0,6.0,88.0,89.6,35,88.0,29,0,,0,1.89,66.0,46.0,20.0,0.59,0.84,0.0,24.0,35.0,4.0,181.0,21.0,35.0,,,0.0,,,,,,,,,,,,,,,
ENG-Premier League,2526,Manchester Utd,Bryan Mbeumo,CMR,"MF,FW",25.0,1999.0,33.0,31.0,2609.0,29.0,11.0,3.0,14.0,11.0,0.0,0.0,4.0,0.0,0.38,0.1,0.48,0.38,0.48,29.0,11.0,73.0,32.0,43.8,2.52,1.1,0.15,0.34,0.0,0.0,79.0,76.3,31,83.0,13,2,19.0,0,1.97,57.0,36.0,21.0,0.72,0.95,0.0,23.0,28.0,7.0,105.0,7.0,11.0,,,0.0,,,,,,,,,,,,,,,
ENG-Premier League,2526,Manchester Utd,Casemiro,BRA,MF,33.0,1992.0,34.0,33.0,2571.0,28.6,9.0,2.0,11.0,9.0,0.0,0.0,11.0,1.0,0.32,0.07,0.39,0.32,0.39,28.6,9.0,52.0,18.0,34.6,1.82,0.63,0.17,0.5,0.0,0.0,76.0,75.2,33,78.0,13,1,11.0,0,1.97,55.0,31.0,24.0,0.84,1.37,1.0,46.0,36.0,5.0,19.0,30.0,45.0,,,0.0,,,,,,,,,,,,,,,
ENG-Premier League,2526,Manchester Utd,Diogo Dalot,POR,"DF,MF",26.0,1999.0,34.0,29.0,2614.0,29.0,1.0,3.0,4.0,1.0,0.0,0.0,5.0,0.0,0.03,0.1,0.14,0.03,0.14,29.0,1.0,24.0,6.0,25.0,0.83,0.21,0.04,0.17,0.0,0.0,77.0,76.4,29,86.0,22,5,27.0,1,1.88,58.0,40.0,18.0,0.62,0.51,0.0,25.0,14.0,4.0,57.0,26.0,30.0,,,0.0,,,,,,,,,,,,,,,
ENG-Premier League,2526,Manchester Utd,Harry Maguire,ENG,DF,32.0,1993.0,23.0,19.0,1653.0,18.4,1.0,2.0,3.0,1.0,0.0,0.0,3.0,1.0,0.05,0.11,0.16,0.05,0.16,18.4,1.0,14.0,4.0,28.6,0.76,0.22,0.07,0.25,0.0,0.0,72.0,48.3,19,84.0,13,4,13.0,3,2.04,36.0,19.0,17.0,0.93,0.82,0.0,16.0,16.0,0.0,4.0,12.0,17.0,,,0.0,,,,,,,,,,,,,,,
ENG-Premier League,2526,Manchester Utd,Jack Fletcher,ENG,MF,18.0,2007.0,3.0,0.0,108.0,1.2,0.0,0.0,0.0,0.0,0.0,0.0,0.0,0.0,0.0,0.0,0.0,0.0,0.0,1.2,0.0,1.0,0.0,0.0,0.83,0.0,0.0,,0.0,0.0,36.0,3.2,0,,0,3,36.0,5,1.33,0.0,0.0,0.0,0.0,-0.52,0.0,2.0,1.0,0.0,0.0,1.0,1.0,,,0.0,,,,,,,,,,,,,,,
ENG-Premier League,2526,Manchester Utd,Joshua Zirkzee,NED,"FW,MF",24.0,2001.0,24.0,5.0,626.0,7.0,2.0,1.0,3.0,2.0,0.0,0.0,3.0,0.0,0.29,0.14,0.43,0.29,0.43,7.0,2.0,25.0,9.0,36.0,3.59,1.29,0.08,0.22,0.0,0.0,26.0,18.3,5,73.0,2,19,14.0,12,1.79,9.0,8.0,1.0,0.14,-0.44,0.0,8.0,6.0,1.0,5.0,1.0,6.0,,,0.0,,,,,,,,,,,,,,,
ENG-Premier League,2526,Manchester Utd,Kobbie Mainoo,ENG,MF,20.0,2005.0,28.0,16.0,1662.0,18.5,1.0,2.0,3.0,1.0,0.0,0.0,2.0,0.0,0.05,0.11,0.16,0.05,0.16,18.5,1.0,13.0,3.0,23.1,0.7,0.16,0.08,0.33,0.0,0.0,59.0,48.6,16,89.0,14,12,20.0,4,2.21,38.0,22.0,16.0,0.87,0.71,0.0,12.0,22.0,1.0,13.0,19.0,20.0,,,0.0,,,,,,,,,,,,,,,
ENG-Premier League,2526,Manchester Utd,Leny Yoro,FRA,DF,19.0,2005.0,32.0,18.0,1740.0,19.3,0.0,0.0,0.0,0.0,0.0,0.0,1.0,0.0,0.0,0.0,0.0,0.0,0.0,19.3,0.0,9.0,3.0,33.3,0.47,0.16,0.0,0.0,0.0,0.0,54.0,50.9,18,82.0,9,14,20.0,5,1.72,28.0,33.0,-5.0,-0.26,-1.54,0.0,17.0,5.0,2.0,3.0,31.0,20.0,,,0.0,,,,,,,,,,,,,,,
ENG-Premier League,2526,Manchester Utd,Lisandro Martínez,ARG,DF,27.0,1998.0,18.0,13.0,1233.0,13.7,0.0,0.0,0.0,0.0,0.0,0.0,0.0,1.0,0.0,0.0,0.0,0.0,0.0,13.7,0.0,5.0,0.0,0.0,0.36,0.0,0.0,,0.0,0.0,69.0,36.1,13,87.0,11,5,20.0,1,1.89,25.0,15.0,10.0,0.73,0.36,0.0,9.0,2.0,0.0,2.0,12.0,11.0,,,1.0,,,,,,,,,,,,,,,
ENG-Premier League,2526,Manchester Utd,Luke Shaw,ENG,DF,30.0,1995.0,38.0,38.0,3219.0,35.8,1.0,1.0,2.0,1.0,0.0,0.0,9.0,0.0,0.03,0.03,0.06,0.03,0.06,35.8,1.0,10.0,3.0,30.0,0.28,0.08,0.1,0.33,0.0,0.0,85.0,94.1,38,85.0,23,0,,0,1.87,66.0,45.0,21.0,0.59,1.48,0.0,48.0,20.0,0.0,54.0,43.0,45.0,,,0.0,,,,,,,,,,,,,,,
ENG-Premier League,2526,Manchester Utd,Manuel Ugarte,URU,MF,24.0,2001.0,22.0,8.0,887.0,9.9,0.0,0.0,0.0,0.0,0.0,0.0,1.0,0.0,0.0,0.0,0.0,0.0,0.0,9.9,0.0,13.0,1.0,7.7,1.32,0.1,0.0,0.0,0.0,0.0,40.0,25.9,8,80.0,3,14,17.0,15,1.55,12.0,23.0,-11.0,-1.12,-2.18,0.0,24.0,15.0,0.0,1.0,20.0,30.0,,,0.0,,,,,,,,,,,,,,,
ENG-Premier League,2526,Manchester Utd,Mason Mount,ENG,MF,26.0,1999.0,23.0,12.0,1017.0,11.3,3.0,0.0,3.0,3.0,0.0,0.0,2.0,0.0,0.27,0.0,0.27,0.27,0.27,11.3,3.0,19.0,5.0,26.3,1.68,0.44,0.16,0.6,0.0,0.0,44.0,29.7,12,70.0,3,11,16.0,6,1.87,19.0,15.0,4.0,0.35,-0.21,0.0,17.0,12.0,0.0,22.0,9.0,13.0,,,0.0,,,,,,,,,,,,,,,
ENG-Premier League,2526,Manchester Utd,Matheus Cunha,BRA,"MF,FW",26.0,1999.0,33.0,29.0,2494.0,27.7,10.0,2.0,12.0,10.0,0.0,0.0,4.0,0.0,0.36,0.07,0.43,0.36,0.43,27.7,10.0,90.0,35.0,38.9,3.25,1.26,0.11,0.29,0.0,0.0,76.0,72.9,29,83.0,16,4,24.0,1,1.88,48.0,35.0,13.0,0.47,-0.11,0.0,28.0,54.0,2.0,49.0,21.0,23.0,,,0.0,,,,,,,,,,,,,,,
ENG-Premier League,2526,Manchester Utd,Matthijs de Ligt,NED,DF,25.0,1999.0,13.0,13.0,1170.0,13.0,1.0,0.0,1.0,1.0,0.0,0.0,0.0,0.0,0.08,0.0,0.08,0.08,0.08,13.0,1.0,11.0,3.0,27.3,0.85,0.23,0.09,0.33,0.0,0.0,90.0,34.2,13,90.0,13,0,,0,1.62,21.0,20.0,1.0,0.08,-0.64,0.0,6.0,5.0,0.0,4.0,11.0,13.0,,,0.0,,,,,,,,,,,,,,,
ENG-Premier League,2526,Manchester Utd,Noussair Mazraoui,MAR,"DF,MF",27.0,1997.0,20.0,11.0,985.0,10.9,0.0,0.0,0.0,0.0,0.0,0.0,3.0,0.0,0.0,0.0,0.0,0.0,0.0,10.9,0.0,5.0,0.0,0.0,0.46,0.0,0.0,,0.0,0.0,49.0,28.8,11,72.0,3,9,22.0,6,2.0,19.0,10.0,9.0,0.82,0.45,0.0,12.0,14.0,0.0,13.0,11.0,15.0,,,0.0,,,,,,,,,,,,,,,
ENG-Premier League,2526,Manchester Utd,Patrick Dorgu,DEN,MF,20.0,2004.0,26.0,15.0,1449.0,16.1,4.0,4.0,8.0,4.0,0.0,0.0,5.0,0.0,0.25,0.25,0.5,0.25,0.5,16.1,4.0,25.0,11.0,44.0,1.55,0.68,0.16,0.36,0.0,0.0,56.0,42.4,15,84.0,10,11,17.0,2,1.73,22.0,20.0,2.0,0.12,-0.65,0.0,23.0,47.0,7.0,57.0,16.0,30.0,,,0.0,,,,,,,,,,,,,,,
ENG-Premier League,2526,Manchester Utd,Senne Lammens,BEL,GK,23.0,2002.0,32.0,32.0,2880.0,32.0,0.0,0.0,0.0,0.0,0.0,0.0,0.0,0.0,0.0,0.0,0.0,0.0,0.0,32.0,0.0,0.0,0.0,,0.0,0.0,,,0.0,0.0,90.0,84.2,32,90.0,32,0,,3,2.0,62.0,39.0,23.0,0.72,1.39,0.0,0.0,4.0,0.0,0.0,0.0,1.0,,,0.0,39.0,1.22,118.0,78.0,66.9,18.0,10.0,4.0,8.0,25.0,4.0,4.0,0.0,0.0,0.0
ENG-Premier League,2526,Manchester Utd,Shea Lacey,ENG,FW,18.0,2007.0,3.0,0.0,43.0,0.5,0.0,0.0,0.0,0.0,0.0,0.0,0.0,0.0,0.0,0.0,0.0,0.0,0.0,0.5,0.0,4.0,1.0,25.0,8.37,2.09,0.0,0.0,0.0,0.0,14.0,1.3,0,,0,3,14.0,11,1.33,0.0,0.0,0.0,0.0,-0.51,0.0,2.0,2.0,0.0,0.0,0.0,0.0,,,0.0,,,,,,,,,,,,,,,
ENG-Premier League,2526,Manchester Utd,Tyler Fletcher,SCO,MF,18.0,2007.0,2.0,0.0,18.0,0.2,0.0,0.0,0.0,0.0,0.0,0.0,0.0,0.0,0.0,0.0,0.0,0.0,0.0,0.2,0.0,0.0,0.0,,0.0,0.0,,,0.0,0.0,9.0,0.5,0,,0,2,9.0,12,3.0,0.0,0.0,0.0,0.0,-0.5,0.0,0.0,0.0,0.0,0.0,0.0,0.0,,,0.0,,,,,,,,,,,,,,,
ENG-Premier League,2526,Manchester Utd,Tyler Fredricson,ENG,DF,20.0,2005.0,1.0,0.0,3.0,0.0,0.0,0.0,0.0,0.0,0.0,0.0,0.0,0.0,0.0,0.0,0.0,0.0,0.0,0.0,0.0,0.0,0.0,,0.0,0.0,,,0.0,0.0,3.0,0.1,0,,0,1,3.0,10,3.0,0.0,0.0,0.0,0.0,-0.5,0.0,0.0,0.0,0.0,0.0,0.0,0.0,,,0.0,,,,,,,,,,,,,,,
ENG-Premier League,2526,Manchester Utd,Tyrell Malacia,NED,DF,25.0,1999.0,3.0,0.0,18.0,0.2,0.0,0.0,0.0,0.0,0.0,0.0,0.0,0.0,0.0,0.0,0.0,0.0,0.0,0.2,0.0,0.0,0.0,,0.0,0.0,,,0.0,0.0,6.0,0.5,0,,0,3,6.0,25,2.0,0.0,1.0,-1.0,-5.0,-5.53,0.0,0.0,0.0,0.0,0.0,0.0,1.0,,,0.0,,,,,,,,,,,,,,,
ENG-Premier League,2526,Newcastle,Aaron Ramsdale,ENG,GK,27.0,1998.0,12.0,11.0,1004.0,11.2,0.0,0.0,0.0,0.0,0.0,0.0,2.0,0.0,0.0,0.0,0.0,0.0,0.0,11.2,0.0,0.0,0.0,,0.0,0.0,,,0.0,0.0,84.0,29.4,11,90.0,11,1,14.0,26,1.17,16.0,17.0,-1.0,-0.09,-0.05,0.0,0.0,1.0,0.0,0.0,0.0,0.0,,,0.0,17.0,1.52,41.0,24.0,58.5,4.0,2.0,5.0,1.0,9.1,3.0,3.0,0.0,0.0,0.0
ENG-Premier League,2526,Newcastle,Alex Murphy,IRL,DF,21.0,2004.0,2.0,0.0,9.0,0.1,0.0,0.0,0.0,0.0,0.0,0.0,0.0,0.0,0.0,0.0,0.0,0.0,0.0,0.1,0.0,0.0,0.0,,0.0,0.0,,,0.0,0.0,5.0,0.3,0,,0,2,5.0,23,0.0,0.0,1.0,-1.0,-10.0,-9.97,0.0,0.0,0.0,0.0,0.0,1.0,0.0,,,0.0,,,,,,,,,,,,,,,
ENG-Premier League,2526,Newcastle,Anthony Elanga,SWE,"FW,MF",23.0,2002.0,32.0,14.0,1319.0,14.7,0.0,1.0,1.0,0.0,0.0,0.0,0.0,0.0,0.0,0.07,0.07,0.0,0.07,14.7,0.0,17.0,4.0,23.5,1.16,0.27,0.0,0.0,0.0,0.0,41.0,38.6,14,70.0,2,18,19.0,2,1.13,20.0,28.0,-8.0,-0.55,-0.8,0.0,8.0,25.0,2.0,83.0,3.0,11.0,,,0.0,,,,,,,,,,,,,,,
ENG-Premier League,2526,Newcastle,Anthony Gordon,ENG,FW,24.0,2001.0,26.0,24.0,1795.0,19.9,6.0,2.0,8.0,3.0,3.0,3.0,3.0,1.0,0.3,0.1,0.4,0.15,0.25,19.9,6.0,48.0,20.0,41.7,2.41,1.0,0.13,0.3,3.0,3.0,69.0,52.5,24,74.0,4,2,13.0,4,1.31,24.0,28.0,-4.0,-0.2,-0.31,0.0,13.0,40.0,5.0,69.0,3.0,13.0,,,0.0,,,,,,,,,,,,,,,
ENG-Premier League,2526,Newcastle,Bruno Guimarães,BRA,MF,27.0,1997.0,29.0,27.0,2453.0,27.3,9.0,5.0,14.0,7.0,2.0,2.0,6.0,0.0,0.33,0.18,0.51,0.26,0.44,27.3,9.0,42.0,23.0,54.8,1.54,0.84,0.21,0.39,2.0,2.0,85.0,71.7,27,88.0,19,2,37.0,1,1.45,43.0,36.0,7.0,0.26,1.09,0.0,45.0,75.0,2.0,82.0,16.0,41.0,,,0.0,,,,,,,,,,,,,,,
ENG-Premier League,2526,Newcastle,Dan Burn,ENG,DF,33.0,1992.0,29.0,25.0,2199.0,24.4,1.0,2.0,3.0,1.0,0.0,0.0,11.0,1.0,0.04,0.08,0.12,0.04,0.12,24.4,1.0,10.0,3.0,30.0,0.41,0.12,0.1,0.33,0.0,0.0,76.0,64.3,25,86.0,21,4,13.0,2,1.21,32.0,34.0,-2.0,-0.08,-0.08,1.0,36.0,13.0,3.0,14.0,20.0,26.0,,,0.0,,,,,,,,,,,,,,,
ENG-Premier League,2526,Newcastle,Emil Krafth,SWE,DF,30.0,1994.0,1.0,1.0,45.0,0.5,0.0,0.0,0.0,0.0,0.0,0.0,0.0,0.0,0.0,0.0,0.0,0.0,0.0,0.5,0.0,0.0,0.0,,0.0,0.0,,,0.0,0.0,45.0,1.3,1,45.0,0,0,,9,0.0,1.0,2.0,-1.0,-2.0,-1.97,0.0,1.0,0.0,0.0,1.0,0.0,0.0,,,0.0,,,,,,,,,,,,,,,
ENG-Premier League,2526,Newcastle,Fabian Schär,SUI,DF,33.0,1991.0,16.0,11.0,1091.0,12.1,0.0,0.0,0.0,0.0,0.0,0.0,1.0,0.0,0.0,0.0,0.0,0.0,0.0,12.1,0.0,17.0,4.0,23.5,1.4,0.33,0.0,0.0,0.0,0.0,68.0,31.9,11,88.0,9,5,25.0,3,1.75,16.0,13.0,3.0,0.25,0.44,0.0,15.0,7.0,1.0,4.0,16.0,9.0,,,0.0,,,,,,,,,,,,,,,
ENG-Premier League,2526,Newcastle,Harvey Barnes,ENG,"FW,MF",27.0,1997.0,37.0,19.0,1966.0,21.8,7.0,1.0,8.0,7.0,0.0,0.0,1.0,0.0,0.32,0.05,0.37,0.32,0.37,21.8,7.0,58.0,21.0,36.2,2.66,0.96,0.12,0.33,0.0,0.0,53.0,57.5,19,79.0,7,18,26.0,1,1.24,35.0,31.0,4.0,0.18,0.55,0.0,17.0,23.0,3.0,74.0,3.0,5.0,,,0.0,,,,,,,,,,,,,,,
ENG-Premier League,2526,Newcastle,Jacob Murphy,ENG,"FW,MF",30.0,1995.0,33.0,19.0,1617.0,18.0,3.0,2.0,5.0,3.0,0.0,0.0,2.0,0.0,0.17,0.11,0.28,0.17,0.28,18.0,3.0,42.0,13.0,31.0,2.34,0.72,0.07,0.23,0.0,0.0,49.0,47.3,19,69.0,1,14,21.0,3,1.27,24.0,19.0,5.0,0.28,0.63,0.0,9.0,13.0,5.0,125.0,6.0,12.0,,,0.0,,,,,,,,,,,,,,,
ENG-Premier League,2526,Newcastle,Jacob Ramsey,ENG,MF,24.0,2001.0,28.0,15.0,1450.0,16.1,2.0,3.0,5.0,2.0,0.0,0.0,5.0,1.0,0.12,0.19,0.31,0.12,0.31,16.1,2.0,16.0,4.0,25.0,0.99,0.25,0.13,0.5,0.0,0.0,52.0,42.4,15,76.0,7,13,24.0,5,1.18,24.0,29.0,-5.0,-0.31,-0.45,1.0,16.0,14.0,2.0,8.0,9.0,21.0,,,0.0,,,,,,,,,,,,,,,
ENG-Premier League,2526,Newcastle,Jamaal Lascelles,ENG,DF,31.0,1993.0,2.0,0.0,21.0,0.2,0.0,0.0,0.0,0.0,0.0,0.0,0.0,0.0,0.0,0.0,0.0,0.0,0.0,0.2,0.0,1.0,0.0,0.0,4.29,0.0,0.0,,0.0,0.0,11.0,0.6,0,,0,2,11.0,3,0.5,0.0,2.0,-2.0,-8.57,-8.57,0.0,0.0,0.0,0.0,0.0,0.0,0.0,,,0.0,,,,,,,,,,,,,,,
ENG-Premier League,2526,Newcastle,Joe Willock,ENG,MF,25.0,1999.0,24.0,10.0,983.0,10.9,0.0,2.0,2.0,0.0,0.0,0.0,3.0,0.0,0.0,0.18,0.18,0.0,0.18,10.9,0.0,17.0,6.0,35.3,1.56,0.55,0.0,0.0,0.0,0.0,41.0,28.7,10,70.0,1,14,20.0,13,1.46,13.0,18.0,-5.0,-0.46,-0.57,0.0,16.0,11.0,2.0,16.0,7.0,15.0,,,0.0,,,,,,,,,,,,,,,
ENG-Premier League,2526,Newcastle,Joelinton,BRA,MF,28.0,1996.0,27.0,23.0,1951.0,21.7,2.0,1.0,3.0,2.0,0.0,0.0,10.0,0.0,0.09,0.05,0.14,0.09,0.14,21.7,2.0,32.0,11.0,34.4,1.48,0.51,0.06,0.18,0.0,0.0,72.0,57.0,23,81.0,13,4,24.0,3,1.48,34.0,27.0,7.0,0.32,0.87,0.0,46.0,27.0,1.0,11.0,28.0,23.0,,,0.0,,,,,,,,,,,,,,,
ENG-Premier League,2526,Newcastle,Kieran Trippier,ENG,DF,34.0,1990.0,21.0,18.0,1586.0,17.6,0.0,1.0,1.0,0.0,0.0,0.0,3.0,0.0,0.0,0.06,0.06,0.0,0.06,17.6,0.0,2.0,0.0,0.0,0.11,0.0,0.0,,0.0,0.0,76.0,46.4,18,84.0,11,3,23.0,8,1.05,22.0,27.0,-5.0,-0.28,-0.43,0.0,22.0,19.0,1.0,96.0,7.0,13.0,,,0.0,,,,,,,,,,,,,,,
ENG-Premier League,2526,Newcastle,Lewis Hall,ENG,DF,20.0,2004.0,30.0,24.0,2181.0,24.2,1.0,1.0,2.0,1.0,0.0,0.0,4.0,0.0,0.04,0.04,0.08,0.04,0.08,24.2,1.0,25.0,6.0,24.0,1.03,0.25,0.04,0.17,0.0,0.0,73.0,63.8,24,86.0,19,6,19.0,4,1.3,34.0,39.0,-5.0,-0.21,-0.42,0.0,17.0,40.0,0.0,102.0,29.0,31.0,,,0.0,,,,,,,,,,,,,,,
ENG-Premier League,2526,Newcastle,Lewis Miley,ENG,"MF,DF",19.0,2006.0,23.0,15.0,1496.0,16.6,1.0,4.0,5.0,1.0,0.0,0.0,0.0,0.0,0.06,0.24,0.3,0.06,0.3,16.6,1.0,12.0,4.0,33.3,0.72,0.24,0.08,0.25,0.0,0.0,65.0,43.7,15,88.0,13,8,22.0,5,1.3,25.0,22.0,3.0,0.18,0.41,0.0,5.0,4.0,2.0,42.0,20.0,18.0,,,0.0,,,,,,,,,,,,,,,
ENG-Premier League,2526,Newcastle,Malick Thiaw,GER,DF,23.0,2001.0,35.0,33.0,2965.0,32.9,4.0,0.0,4.0,4.0,0.0,0.0,4.0,0.0,0.12,0.0,0.12,0.12,0.12,32.9,4.0,28.0,14.0,50.0,0.85,0.42,0.14,0.29,0.0,0.0,85.0,86.7,33,88.0,31,2,24.0,3,1.26,47.0,52.0,-5.0,-0.15,-0.75,0.0,24.0,11.0,2.0,9.0,30.0,34.0,,,0.0,,,,,,,,,,,,,,,
ENG-Premier League,2526,Newcastle,Nick Pope,ENG,GK,33.0,1992.0,27.0,27.0,2416.0,26.8,0.0,0.0,0.0,0.0,0.0,0.0,2.0,0.0,0.0,0.0,0.0,0.0,0.0,26.8,0.0,1.0,1.0,100.0,0.04,0.04,0.0,0.0,0.0,0.0,89.0,70.6,27,89.0,26,0,,6,1.3,37.0,38.0,-1.0,-0.04,0.05,0.0,1.0,2.0,0.0,0.0,0.0,1.0,,,0.0,38.0,1.42,127.0,89.0,70.1,10.0,5.0,12.0,7.0,25.9,2.0,2.0,0.0,0.0,0.0
ENG-Premier League,2526,Newcastle,Nick Woltemade,GER,"FW,MF",23.0,2002.0,33.0,24.0,1902.0,21.1,8.0,3.0,11.0,7.0,1.0,1.0,0.0,0.0,0.38,0.14,0.52,0.33,0.47,21.1,8.0,32.0,13.0,40.6,1.51,0.62,0.25,0.62,1.0,1.0,58.0,55.6,24,73.0,3,9,16.0,1,1.24,31.0,29.0,2.0,0.09,0.33,0.0,20.0,20.0,8.0,3.0,5.0,13.0,,,1.0,,,,,,,,,,,,,,,
ENG-Premier League,2526,Newcastle,Sandro Tonali,ITA,MF,25.0,2000.0,35.0,31.0,2534.0,28.2,0.0,2.0,2.0,0.0,0.0,0.0,4.0,0.0,0.0,0.07,0.07,0.0,0.07,28.2,0.0,37.0,8.0,21.6,1.31,0.28,0.0,0.0,0.0,0.0,72.0,74.1,31,80.0,16,4,12.0,0,1.31,32.0,37.0,-5.0,-0.18,-0.48,0.0,24.0,42.0,1.0,95.0,28.0,25.0,,,0.0,,,,,,,,,,,,,,,
ENG-Premier League,2526,Newcastle,Sean Neave,ENG,FW,18.0,2007.0,1.0,0.0,14.0,0.2,0.0,0.0,0.0,0.0,0.0,0.0,0.0,0.0,0.0,0.0,0.0,0.0,0.0,0.2,0.0,1.0,0.0,0.0,6.43,0.0,0.0,,0.0,0.0,14.0,0.4,0,,0,1,14.0,13,0.0,0.0,1.0,-1.0,-6.43,-6.4,0.0,0.0,0.0,0.0,0.0,0.0,0.0,,,0.0,,,,,,,,,,,,,,,
ENG-Premier League,2526,Newcastle,Sven Botman,NED,DF,25.0,2000.0,25.0,21.0,1835.0,20.4,1.0,1.0,2.0,1.0,0.0,0.0,2.0,0.0,0.05,0.05,0.1,0.05,0.1,20.4,1.0,15.0,4.0,26.7,0.74,0.2,0.07,0.25,0.0,0.0,73.0,53.7,21,84.0,17,4,15.0,5,1.36,25.0,27.0,-2.0,-0.1,-0.1,0.0,13.0,19.0,1.0,2.0,25.0,14.0,,,1.0,,,,,,,,,,,,,,,
ENG-Premier League,2526,Newcastle,Tino Livramento,ENG,DF,22.0,2002.0,17.0,14.0,1328.0,14.8,0.0,1.0,1.0,0.0,0.0,0.0,1.0,0.0,0.0,0.07,0.07,0.0,0.07,14.8,0.0,3.0,0.0,0.0,0.2,0.0,0.0,,0.0,0.0,78.0,38.8,14,88.0,12,3,33.0,0,1.47,22.0,14.0,8.0,0.54,0.97,0.0,7.0,16.0,2.0,36.0,2.0,14.0,,,0.0,,,,,,,,,,,,,,,
ENG-Premier League,2526,Newcastle,William Osula,DEN,FW,21.0,2003.0,24.0,8.0,819.0,9.1,7.0,0.0,7.0,7.0,0.0,0.0,0.0,0.0,0.77,0.0,0.77,0.77,0.77,9.1,7.0,23.0,12.0,52.2,2.53,1.32,0.3,0.58,0.0,0.0,34.0,23.9,8,77.0,2,16,13.0,2,1.04,11.0,14.0,-3.0,-0.33,-0.36,0.0,24.0,16.0,2.0,3.0,1.0,5.0,,,0.0,,,,,,,,,,,,,,,
ENG-Premier League,2526,Newcastle,Yoane Wissa,COD,FW,28.0,1996.0,19.0,4.0,531.0,5.9,1.0,1.0,2.0,1.0,0.0,0.0,3.0,0.0,0.17,0.17,0.34,0.17,0.34,5.9,1.0,13.0,5.0,38.5,2.2,0.85,0.08,0.2,0.0,0.0,28.0,15.5,4,70.0,0,15,17.0,4,1.11,10.0,11.0,-1.0,-0.17,-0.14,0.0,6.0,2.0,4.0,1.0,0.0,5.0,,,0.0,,,,,,,,,,,,,,,
ENG-Premier League,2526,Nottingham,Angus Gunn,SCO,GK,29.0,1996.0,1.0,0.0,45.0,0.5,0.0,0.0,0.0,0.0,0.0,0.0,0.0,0.0,0.0,0.0,0.0,0.0,0.0,0.5,0.0,0.0,0.0,,0.0,0.0,,,0.0,0.0,45.0,1.3,0,,0,1,45.0,13,1.0,0.0,0.0,0.0,0.0,0.08,0.0,0.0,0.0,0.0,0.0,0.0,0.0,,,0.0,0.0,0.0,0.0,0.0,,0.0,0.0,0.0,0.0,,0.0,0.0,0.0,0.0,
ENG-Premier League,2526,Nottingham,Arnaud Kalimuendo,FRA,FW,23.0,2002.0,9.0,0.0,96.0,1.1,0.0,0.0,0.0,0.0,0.0,0.0,0.0,0.0,0.0,0.0,0.0,0.0,0.0,1.1,0.0,4.0,1.0,25.0,3.75,0.94,0.0,0.0,0.0,0.0,11.0,2.8,0,,0,9,11.0,9,0.22,0.0,3.0,-3.0,-2.81,-2.81,0.0,2.0,0.0,1.0,2.0,0.0,1.0,,,0.0,,,,,,,,,,,,,,,
ENG-Premier League,2526,Nottingham,Callum Hudson-Odoi,ENG,MF,24.0,2000.0,30.0,21.0,1841.0,20.5,3.0,4.0,7.0,3.0,0.0,0.0,0.0,0.0,0.15,0.2,0.34,0.15,0.34,20.5,3.0,30.0,10.0,33.3,1.47,0.49,0.1,0.3,0.0,0.0,61.0,53.8,21,75.0,4,9,31.0,0,1.0,21.0,26.0,-5.0,-0.24,-0.36,0.0,12.0,12.0,2.0,91.0,8.0,7.0,,,0.0,,,,,,,,,,,,,,,
ENG-Premier League,2526,Nottingham,Chris Wood,NZL,FW,33.0,1991.0,15.0,11.0,901.0,10.0,3.0,0.0,3.0,3.0,0.0,0.0,0.0,0.0,0.3,0.0,0.3,0.3,0.3,10.0,3.0,23.0,9.0,39.1,2.3,0.9,0.13,0.33,0.0,0.0,60.0,26.3,11,74.0,0,4,22.0,0,1.13,14.0,14.0,0.0,0.0,0.11,0.0,6.0,6.0,4.0,1.0,1.0,1.0,,,0.0,,,,,,,,,,,,,,,
ENG-Premier League,2526,Nottingham,Dan Ndoye,SUI,MF,24.0,2000.0,24.0,14.0,1173.0,13.0,1.0,1.0,2.0,1.0,0.0,0.0,1.0,0.0,0.08,0.08,0.15,0.08,0.15,13.0,1.0,15.0,4.0,26.7,1.15,0.31,0.07,0.25,0.0,0.0,49.0,34.3,14,71.0,3,10,18.0,5,1.08,15.0,17.0,-2.0,-0.15,-0.11,0.0,16.0,22.0,9.0,41.0,10.0,11.0,,,0.0,,,,,,,,,,,,,,,
ENG-Premier League,2526,Nottingham,Dilane Bakwa,FRA,MF,22.0,2002.0,14.0,6.0,553.0,6.1,0.0,2.0,2.0,0.0,0.0,0.0,1.0,0.0,0.0,0.33,0.33,0.0,0.33,6.1,0.0,9.0,3.0,33.3,1.46,0.49,0.0,0.0,0.0,0.0,40.0,16.2,6,64.0,0,8,21.0,7,0.79,8.0,10.0,-2.0,-0.33,-0.29,0.0,9.0,14.0,0.0,38.0,0.0,3.0,,,0.0,,,,,,,,,,,,,,,
ENG-Premier League,2526,Nottingham,Douglas Luiz,BRA,MF,27.0,1998.0,8.0,5.0,315.0,3.5,0.0,0.0,0.0,0.0,0.0,0.0,2.0,0.0,0.0,0.0,0.0,0.0,0.0,3.5,0.0,5.0,1.0,20.0,1.43,0.29,0.0,0.0,0.0,0.0,39.0,9.2,5,51.0,0,3,19.0,6,0.63,1.0,7.0,-6.0,-1.71,-1.8,0.0,4.0,5.0,0.0,15.0,7.0,3.0,,,0.0,,,,,,,,,,,,,,,
ENG-Premier League,2526,Nottingham,Elliot Anderson,ENG,MF,22.0,2002.0,38.0,37.0,3331.0,37.0,4.0,4.0,8.0,3.0,1.0,1.0,8.0,0.0,0.11,0.11,0.22,0.08,0.19,37.0,4.0,44.0,10.0,22.7,1.19,0.27,0.09,0.4,1.0,1.0,88.0,97.4,37,89.0,33,1,45.0,0,1.16,46.0,50.0,-4.0,-0.11,-1.12,0.0,57.0,80.0,2.0,175.0,41.0,60.0,,,0.0,,,,,,,,,,,,,,,
ENG-Premier League,2526,Nottingham,Ibrahim Sangaré,CIV,MF,27.0,1997.0,28.0,25.0,2075.0,23.1,2.0,2.0,4.0,2.0,0.0,0.0,5.0,0.0,0.09,0.09,0.17,0.09,0.17,23.1,2.0,16.0,5.0,31.3,0.69,0.22,0.13,0.4,0.0,0.0,74.0,60.7,25,82.0,16,3,12.0,3,1.32,32.0,26.0,6.0,0.26,0.86,0.0,42.0,18.0,0.0,8.0,22.0,32.0,,,0.0,,,,,,,,,,,,,,,
ENG-Premier League,2526,Nottingham,Igor Jesus,BRA,FW,24.0,2001.0,37.0,28.0,2298.0,25.5,6.0,4.0,10.0,5.0,1.0,1.0,2.0,0.0,0.23,0.16,0.39,0.2,0.35,25.5,6.0,70.0,21.0,30.0,2.74,0.82,0.09,0.29,1.0,1.0,62.0,67.2,28,74.0,5,9,24.0,0,1.19,35.0,37.0,-2.0,-0.08,0.0,0.0,42.0,40.0,11.0,10.0,2.0,16.0,,,0.0,,,,,,,,,,,,,,,
ENG-Premier League,2526,Nottingham,Jair Cunha,BRA,DF,20.0,2005.0,9.0,6.0,517.0,5.7,0.0,0.0,0.0,0.0,0.0,0.0,0.0,0.0,0.0,0.0,0.0,0.0,0.0,5.7,0.0,3.0,1.0,33.3,0.52,0.17,0.0,0.0,0.0,0.0,57.0,15.1,6,71.0,3,3,30.0,14,1.33,14.0,7.0,7.0,1.22,1.53,0.0,0.0,6.0,0.0,2.0,5.0,5.0,,,0.0,,,,,,,,,,,,,,,
ENG-Premier League,2526,Nottingham,James Mcatee,ENG,MF,22.0,2002.0,14.0,2.0,298.0,3.3,0.0,1.0,1.0,0.0,0.0,0.0,1.0,0.0,0.0,0.3,0.3,0.0,0.3,3.3,0.0,4.0,0.0,0.0,1.21,0.0,0.0,,0.0,0.0,21.0,8.7,2,75.0,1,12,12.0,21,0.71,4.0,9.0,-5.0,-1.51,-1.57,0.0,4.0,5.0,2.0,9.0,3.0,4.0,,,0.0,,,,,,,,,,,,,,,
ENG-Premier League,2526,Nottingham,John,BRA,GK,29.0,1996.0,5.0,5.0,437.0,4.9,0.0,0.0,0.0,0.0,0.0,0.0,1.0,0.0,0.0,0.0,0.0,0.0,0.0,4.9,0.0,0.0,0.0,,0.0,0.0,,,0.0,0.0,87.0,12.8,5,87.0,4,0,,13,0.6,5.0,8.0,-3.0,-0.62,-0.62,0.0,0.0,0.0,0.0,0.0,0.0,0.0,,,0.0,8.0,1.65,14.0,6.0,42.9,1.0,0.0,4.0,1.0,20.0,1.0,1.0,0.0,0.0,0.0
ENG-Premier League,2526,Nottingham,Jota Silva,POR,FW,25.0,1999.0,1.0,0.0,12.0,0.1,0.0,0.0,0.0,0.0,0.0,0.0,0.0,0.0,0.0,0.0,0.0,0.0,0.0,0.1,0.0,0.0,0.0,,0.0,0.0,,,0.0,0.0,12.0,0.4,0,,0,1,12.0,0,3.0,0.0,0.0,0.0,0.0,0.08,0.0,0.0,1.0,0.0,1.0,0.0,1.0,,,0.0,,,,,,,,,,,,,,,
ENG-Premier League,2526,Nottingham,Lorenzo Lucca,ITA,FW,24.0,2000.0,4.0,1.0,129.0,1.4,1.0,0.0,1.0,1.0,0.0,0.0,0.0,0.0,0.7,0.0,0.7,0.7,0.7,1.4,1.0,4.0,1.0,25.0,2.79,0.7,0.25,1.0,0.0,0.0,32.0,3.8,1,70.0,0,3,20.0,2,0.5,2.0,1.0,1.0,0.7,0.81,0.0,1.0,2.0,2.0,0.0,1.0,0.0,,,0.0,,,,,,,,,,,,,,,
ENG-Premier League,2526,Nottingham,Luca Netz,GER,"DF,MF",22.0,2003.0,7.0,3.0,357.0,4.0,0.0,0.0,0.0,0.0,0.0,0.0,0.0,0.0,0.0,0.0,0.0,0.0,0.0,4.0,0.0,0.0,0.0,,0.0,0.0,,,0.0,0.0,51.0,10.4,3,85.0,1,4,26.0,6,1.14,7.0,5.0,2.0,0.5,0.65,0.0,5.0,2.0,0.0,2.0,1.0,8.0,,,0.0,,,,,,,,,,,,,,,
ENG-Premier League,2526,Nottingham,Matz Sels,BEL,GK,33.0,1992.0,31.0,30.0,2668.0,29.6,0.0,0.0,0.0,0.0,0.0,0.0,2.0,0.0,0.0,0.0,0.0,0.0,0.0,29.6,0.0,0.0,0.0,,0.0,0.0,,,0.0,0.0,86.0,78.0,30,89.0,29,1,13.0,3,1.29,42.0,39.0,3.0,0.1,0.82,0.0,0.0,4.0,0.0,0.0,0.0,1.0,,,0.0,39.0,1.32,132.0,93.0,70.5,10.0,10.0,10.0,7.0,23.3,5.0,4.0,1.0,0.0,20.0
ENG-Premier League,2526,Nottingham,Morato,BRA,DF,24.0,2001.0,21.0,14.0,1345.0,14.9,1.0,0.0,1.0,1.0,0.0,0.0,5.0,0.0,0.07,0.0,0.07,0.07,0.07,14.9,1.0,5.0,2.0,40.0,0.33,0.13,0.2,0.5,0.0,0.0,64.0,39.3,14,89.0,13,7,14.0,16,1.29,13.0,23.0,-10.0,-0.67,-0.97,0.0,16.0,7.0,1.0,2.0,11.0,18.0,,,0.0,,,,,,,,,,,,,,,
ENG-Premier League,2526,Nottingham,Morgan Gibbs-White,ENG,MF,25.0,2000.0,37.0,35.0,3097.0,34.4,15.0,4.0,19.0,14.0,1.0,1.0,1.0,0.0,0.44,0.12,0.55,0.41,0.52,34.4,15.0,83.0,32.0,38.6,2.41,0.93,0.18,0.47,1.0,1.0,84.0,90.6,35,87.0,20,2,33.0,0,1.16,42.0,45.0,-3.0,-0.09,-0.09,0.0,26.0,41.0,5.0,42.0,12.0,16.0,,,0.0,,,,,,,,,,,,,,,
ENG-Premier League,2526,Nottingham,Murillo,BRA,DF,23.0,2002.0,25.0,25.0,2130.0,23.7,1.0,0.0,1.0,1.0,0.0,0.0,5.0,0.0,0.04,0.0,0.04,0.04,0.04,23.7,1.0,11.0,4.0,36.4,0.46,0.17,0.09,0.25,0.0,0.0,85.0,62.3,25,85.0,22,0,,1,1.24,29.0,29.0,0.0,0.0,0.21,0.0,23.0,7.0,0.0,2.0,29.0,23.0,,,2.0,,,,,,,,,,,,,,,
ENG-Premier League,2526,Nottingham,Neco Williams,WAL,DF,24.0,2001.0,37.0,36.0,3204.0,35.6,2.0,3.0,5.0,2.0,0.0,0.0,6.0,1.0,0.06,0.08,0.14,0.06,0.14,35.6,2.0,46.0,19.0,41.3,1.29,0.53,0.04,0.11,0.0,0.0,87.0,93.7,36,88.0,33,1,46.0,0,1.19,45.0,47.0,-2.0,-0.06,0.36,0.0,29.0,52.0,4.0,143.0,46.0,61.0,,,0.0,,,,,,,,,,,,,,,
ENG-Premier League,2526,Nottingham,Nicolás Domínguez,ARG,MF,27.0,1998.0,27.0,17.0,1175.0,13.1,1.0,1.0,2.0,1.0,0.0,0.0,3.0,0.0,0.08,0.08,0.15,0.08,0.15,13.1,1.0,18.0,5.0,27.8,1.38,0.38,0.06,0.2,0.0,0.0,44.0,34.4,17,60.0,1,10,15.0,4,1.26,15.0,19.0,-4.0,-0.31,-0.35,0.0,16.0,11.0,0.0,14.0,6.0,30.0,,,0.0,,,,,,,,,,,,,,,
ENG-Premier League,2526,Nottingham,Nicolò Savona,ITA,DF,22.0,2003.0,14.0,11.0,1028.0,11.4,2.0,0.0,2.0,2.0,0.0,0.0,2.0,0.0,0.18,0.0,0.18,0.18,0.18,11.4,2.0,5.0,3.0,60.0,0.44,0.26,0.4,0.67,0.0,0.0,73.0,30.1,11,85.0,9,3,31.0,4,0.93,13.0,18.0,-5.0,-0.44,-0.51,0.0,12.0,5.0,1.0,27.0,5.0,12.0,,,0.0,,,,,,,,,,,,,,,
ENG-Premier League,2526,Nottingham,Nikola Milenković,SRB,DF,27.0,1997.0,38.0,37.0,3375.0,37.5,0.0,0.0,0.0,0.0,0.0,0.0,6.0,0.0,0.0,0.0,0.0,0.0,0.0,37.5,0.0,16.0,1.0,6.3,0.43,0.03,0.0,0.0,0.0,0.0,89.0,98.7,37,90.0,37,1,45.0,0,1.16,46.0,51.0,-5.0,-0.13,-4.13,0.0,21.0,20.0,1.0,2.0,29.0,19.0,,,1.0,,,,,,,,,,,,,,,
ENG-Premier League,2526,Nottingham,Ola Aina,NGA,DF,28.0,1996.0,18.0,18.0,1588.0,17.6,0.0,0.0,0.0,0.0,0.0,0.0,3.0,0.0,0.0,0.0,0.0,0.0,0.0,17.6,0.0,12.0,1.0,8.3,0.68,0.06,0.0,0.0,0.0,0.0,88.0,46.4,18,88.0,15,0,,0,1.39,27.0,19.0,8.0,0.45,0.99,0.0,13.0,15.0,0.0,39.0,26.0,21.0,,,0.0,,,,,,,,,,,,,,,
ENG-Premier League,2526,Nottingham,Oleksandr Zinchenko,UKR,DF,28.0,1996.0,5.0,4.0,353.0,3.9,0.0,0.0,0.0,0.0,0.0,0.0,0.0,0.0,0.0,0.0,0.0,0.0,0.0,3.9,0.0,4.0,2.0,50.0,1.02,0.51,0.0,0.0,0.0,0.0,71.0,10.3,4,86.0,3,1,10.0,3,0.2,1.0,6.0,-5.0,-1.27,-1.33,0.0,1.0,2.0,1.0,18.0,2.0,6.0,,,0.0,,,,,,,,,,,,,,,
ENG-Premier League,2526,Nottingham,Omari Hutchinson,ENG,MF,21.0,2003.0,31.0,17.0,1688.0,18.8,1.0,5.0,6.0,1.0,0.0,0.0,1.0,0.0,0.05,0.27,0.32,0.05,0.32,18.8,1.0,25.0,11.0,44.0,1.33,0.59,0.04,0.09,0.0,0.0,54.0,49.4,17,78.0,8,14,26.0,5,1.19,25.0,24.0,1.0,0.05,0.26,0.0,23.0,24.0,8.0,133.0,11.0,11.0,,,0.0,,,,,,,,,,,,,,,
ENG-Premier League,2526,Nottingham,Ryan Yates,ENG,MF,27.0,1997.0,22.0,2.0,617.0,6.9,0.0,2.0,2.0,0.0,0.0,0.0,3.0,0.0,0.0,0.29,0.29,0.0,0.29,6.9,0.0,9.0,2.0,22.2,1.31,0.29,0.0,0.0,0.0,0.0,28.0,18.0,2,77.0,1,20,23.0,10,1.45,14.0,7.0,7.0,1.02,1.34,0.0,13.0,13.0,0.0,5.0,9.0,10.0,,,0.0,,,,,,,,,,,,,,,
ENG-Premier League,2526,Nottingham,Stefan Ortega,GER,GK,32.0,1992.0,3.0,3.0,270.0,3.0,0.0,0.0,0.0,0.0,0.0,0.0,0.0,0.0,0.0,0.0,0.0,0.0,0.0,3.0,0.0,0.0,0.0,,0.0,0.0,,,0.0,0.0,90.0,7.9,3,90.0,3,0,,8,0.33,1.0,4.0,-3.0,-1.0,-1.0,0.0,0.0,0.0,0.0,0.0,0.0,0.0,,,0.0,4.0,1.33,12.0,8.0,66.7,0.0,1.0,2.0,1.0,33.3,0.0,0.0,0.0,0.0,
ENG-Premier League,2526,Nottingham,Taiwo Awoniyi,NGA,FW,27.0,1997.0,17.0,3.0,494.0,5.5,4.0,1.0,5.0,4.0,0.0,0.0,2.0,0.0,0.73,0.18,0.91,0.73,0.91,5.5,4.0,15.0,8.0,53.3,2.73,1.46,0.27,0.5,0.0,0.0,29.0,14.4,3,69.0,1,14,21.0,8,1.18,9.0,4.0,5.0,0.91,1.16,0.0,10.0,7.0,6.0,1.0,1.0,1.0,,,0.0,,,,,,,,,,,,,,,
ENG-Premier League,2526,Nottingham,Zach Abbott,ENG,DF,19.0,2006.0,3.0,2.0,164.0,1.8,0.0,0.0,0.0,0.0,0.0,0.0,0.0,0.0,0.0,0.0,0.0,0.0,0.0,1.8,0.0,0.0,0.0,,0.0,0.0,,,0.0,0.0,55.0,4.8,2,60.0,0,1,45.0,13,1.0,2.0,4.0,-2.0,-1.1,-1.07,0.0,3.0,1.0,0.0,3.0,2.0,4.0,,,0.0,,,,,,,,,,,,,,,
ENG-Premier League,2526,Sunderland,Arthur Masuaku,COD,DF,31.0,1993.0,3.0,2.0,126.0,1.4,0.0,0.0,0.0,0.0,0.0,0.0,1.0,0.0,0.0,0.0,0.0,0.0,0.0,1.4,0.0,1.0,0.0,0.0,0.71,0.0,0.0,,0.0,0.0,42.0,3.7,2,58.0,0,1,11.0,8,1.33,1.0,2.0,-1.0,-0.71,-0.58,0.0,3.0,0.0,0.0,8.0,2.0,2.0,,,0.0,,,,,,,,,,,,,,,
ENG-Premier League,2526,Sunderland,Bertrand Traoré,BFA,"MF,FW",29.0,1995.0,12.0,9.0,632.0,7.0,1.0,0.0,1.0,1.0,0.0,0.0,1.0,0.0,0.14,0.0,0.14,0.14,0.14,7.0,1.0,12.0,6.0,50.0,1.71,0.85,0.08,0.17,0.0,0.0,53.0,18.5,9,64.0,0,3,19.0,4,1.75,7.0,9.0,-2.0,-0.28,-0.16,0.0,11.0,12.0,1.0,13.0,2.0,4.0,,,0.0,,,,,,,,,,,,,,,
ENG-Premier League,2526,Sunderland,Brian Brobbey,NED,FW,23.0,2002.0,31.0,22.0,1927.0,21.4,7.0,1.0,8.0,7.0,0.0,0.0,6.0,0.0,0.33,0.05,0.37,0.33,0.37,21.4,7.0,36.0,18.0,50.0,1.68,0.84,0.19,0.39,0.0,0.0,62.0,56.3,22,78.0,6,9,22.0,2,1.29,20.0,30.0,-10.0,-0.47,-0.71,0.0,33.0,37.0,8.0,2.0,0.0,2.0,,,0.0,,,,,,,,,,,,,,,
ENG-Premier League,2526,Sunderland,Chemsdine Talbi,MAR,"MF,FW",20.0,2005.0,28.0,16.0,1561.0,17.3,4.0,1.0,5.0,4.0,0.0,0.0,0.0,0.0,0.23,0.06,0.29,0.23,0.29,17.3,4.0,25.0,10.0,40.0,1.44,0.58,0.16,0.4,0.0,0.0,56.0,45.6,16,78.0,2,12,26.0,3,1.46,23.0,14.0,9.0,0.52,1.25,0.0,5.0,1.0,2.0,50.0,3.0,6.0,,,0.0,,,,,,,,,,,,,,,
ENG-Premier League,2526,Sunderland,Chris Rigg,ENG,MF,18.0,2007.0,18.0,11.0,761.0,8.5,1.0,1.0,2.0,1.0,0.0,0.0,1.0,0.0,0.12,0.12,0.24,0.12,0.24,8.5,1.0,12.0,3.0,25.0,1.42,0.35,0.08,0.33,0.0,0.0,42.0,22.3,11,65.0,2,7,6.0,18,1.78,10.0,11.0,-1.0,-0.12,0.05,0.0,8.0,8.0,2.0,11.0,4.0,8.0,,,0.0,,,,,,,,,,,,,,,
ENG-Premier League,2526,Sunderland,Dan Neil,ENG,MF,23.0,2001.0,3.0,0.0,14.0,0.2,0.0,0.0,0.0,0.0,0.0,0.0,0.0,0.0,0.0,0.0,0.0,0.0,0.0,0.2,0.0,0.0,0.0,,0.0,0.0,,,0.0,0.0,5.0,0.4,0,,0,3,5.0,19,1.33,0.0,0.0,0.0,0.0,0.16,0.0,0.0,1.0,0.0,0.0,1.0,0.0,,,0.0,,,,,,,,,,,,,,,
ENG-Premier League,2526,Sunderland,Daniel Ballard,NIR,DF,25.0,1999.0,29.0,24.0,2149.0,23.9,2.0,0.0,2.0,2.0,0.0,0.0,4.0,1.0,0.08,0.0,0.08,0.08,0.08,23.9,2.0,26.0,9.0,34.6,1.09,0.38,0.08,0.22,0.0,0.0,74.0,62.8,24,82.0,20,5,35.0,0,1.21,29.0,34.0,-5.0,-0.21,-0.14,0.0,29.0,29.0,3.0,1.0,20.0,17.0,,,0.0,,,,,,,,,,,,,,,
ENG-Premier League,2526,Sunderland,Dennis Cirkin,LVA,DF,23.0,2002.0,8.0,3.0,323.0,3.6,0.0,0.0,0.0,0.0,0.0,0.0,2.0,0.0,0.0,0.0,0.0,0.0,0.0,3.6,0.0,1.0,0.0,0.0,0.28,0.0,0.0,,0.0,0.0,40.0,9.4,3,79.0,2,5,17.0,11,0.88,2.0,2.0,0.0,0.0,0.17,0.0,4.0,2.0,0.0,3.0,5.0,5.0,,,0.0,,,,,,,,,,,,,,,
ENG-Premier League,2526,Sunderland,Eliezer Mayenda,ESP,"FW,MF",20.0,2005.0,20.0,8.0,759.0,8.4,2.0,0.0,2.0,2.0,0.0,0.0,0.0,0.0,0.24,0.0,0.24,0.24,0.24,8.4,2.0,13.0,6.0,46.2,1.54,0.71,0.15,0.33,0.0,0.0,38.0,22.2,8,74.0,1,12,14.0,18,1.25,8.0,9.0,-1.0,-0.12,0.05,0.0,6.0,11.0,3.0,1.0,1.0,3.0,,,0.0,,,,,,,,,,,,,,,
ENG-Premier League,2526,Sunderland,Enzo Le Fée,FRA,"MF,FW",25.0,2000.0,36.0,33.0,2930.0,32.6,5.0,6.0,11.0,2.0,3.0,4.0,5.0,0.0,0.15,0.18,0.34,0.06,0.25,32.6,5.0,36.0,12.0,33.3,1.11,0.37,0.14,0.42,3.0,4.0,81.0,85.7,33,87.0,25,3,16.0,0,1.47,37.0,43.0,-6.0,-0.18,-0.18,0.0,31.0,37.0,4.0,98.0,28.0,56.0,,,0.0,,,,,,,,,,,,,,,
ENG-Premier League,2526,Sunderland,Granit Xhaka,SUI,MF,32.0,1992.0,34.0,32.0,2904.0,32.3,1.0,6.0,7.0,1.0,0.0,0.0,8.0,0.0,0.03,0.19,0.22,0.03,0.22,32.3,1.0,21.0,5.0,23.8,0.65,0.15,0.05,0.2,0.0,0.0,85.0,84.9,32,89.0,30,2,29.0,0,1.5,38.0,39.0,-1.0,-0.03,0.84,0.0,23.0,40.0,0.0,99.0,29.0,33.0,,,0.0,,,,,,,,,,,,,,,
ENG-Premier League,2526,Sunderland,Habib Diarra,SEN,MF,21.0,2004.0,20.0,15.0,1405.0,15.6,2.0,2.0,4.0,1.0,1.0,1.0,6.0,0.0,0.13,0.13,0.26,0.06,0.19,15.6,2.0,26.0,8.0,30.8,1.67,0.51,0.08,0.25,1.0,1.0,70.0,41.1,15,85.0,8,5,27.0,1,1.4,17.0,19.0,-2.0,-0.13,0.05,0.0,19.0,27.0,3.0,32.0,4.0,7.0,,,0.0,,,,,,,,,,,,,,,
ENG-Premier League,2526,Sunderland,Jenson Seelt,NED,DF,22.0,2003.0,2.0,1.0,134.0,1.5,0.0,0.0,0.0,0.0,0.0,0.0,0.0,0.0,0.0,0.0,0.0,0.0,0.0,1.5,0.0,0.0,0.0,,0.0,0.0,,,0.0,0.0,67.0,3.9,1,52.0,0,1,82.0,1,1.5,0.0,2.0,-2.0,-1.34,-1.23,0.0,1.0,1.0,0.0,1.0,0.0,0.0,,,0.0,,,,,,,,,,,,,,,
ENG-Premier League,2526,Sunderland,Jocelin Ta Bi,CIV,MF,20.0,2005.0,1.0,1.0,38.0,0.4,0.0,0.0,0.0,0.0,0.0,0.0,0.0,0.0,0.0,0.0,0.0,0.0,0.0,0.4,0.0,0.0,0.0,,0.0,0.0,,,0.0,0.0,38.0,1.1,1,38.0,0,0,,4,0.0,0.0,0.0,0.0,0.0,0.16,0.0,0.0,1.0,0.0,5.0,0.0,0.0,,,0.0,,,,,,,,,,,,,,,
ENG-Premier League,2526,Sunderland,Luke O'Nien,ENG,DF,30.0,1994.0,12.0,5.0,569.0,6.3,0.0,1.0,1.0,0.0,0.0,0.0,1.0,1.0,0.0,0.16,0.16,0.0,0.16,6.3,0.0,4.0,1.0,25.0,0.63,0.16,0.0,0.0,0.0,0.0,47.0,16.6,5,90.0,5,7,17.0,17,1.58,12.0,7.0,5.0,0.79,1.14,0.0,7.0,8.0,0.0,7.0,6.0,6.0,,,0.0,,,,,,,,,,,,,,,
ENG-Premier League,2526,Sunderland,Lutsharel Geertruida,NED,"DF,MF",25.0,2000.0,28.0,17.0,1693.0,18.8,0.0,0.0,0.0,0.0,0.0,0.0,2.0,0.0,0.0,0.0,0.0,0.0,0.0,18.8,0.0,11.0,3.0,27.3,0.58,0.16,0.0,0.0,0.0,0.0,60.0,49.5,17,87.0,14,11,20.0,7,1.36,16.0,23.0,-7.0,-0.37,-0.42,0.0,15.0,7.0,1.0,9.0,20.0,22.0,,,0.0,,,,,,,,,,,,,,,
ENG-Premier League,2526,Sunderland,Marc Guiu,ESP,FW,19.0,2006.0,2.0,0.0,15.0,0.2,0.0,0.0,0.0,0.0,0.0,0.0,0.0,0.0,0.0,0.0,0.0,0.0,0.0,0.2,0.0,1.0,0.0,0.0,6.0,0.0,0.0,,0.0,0.0,8.0,0.4,0,,0,2,8.0,1,1.5,1.0,1.0,0.0,0.0,0.16,0.0,0.0,0.0,0.0,0.0,0.0,0.0,,,0.0,,,,,,,,,,,,,,,
ENG-Premier League,2526,Sunderland,Melker Ellborg,SWE,GK,22.0,2003.0,3.0,3.0,270.0,3.0,0.0,0.0,0.0,0.0,0.0,0.0,0.0,0.0,0.0,0.0,0.0,0.0,0.0,3.0,0.0,0.0,0.0,,0.0,0.0,,,0.0,0.0,90.0,7.9,3,90.0,3,0,,11,2.0,3.0,2.0,1.0,0.33,0.53,0.0,0.0,1.0,0.0,0.0,0.0,0.0,,,0.0,2.0,0.67,12.0,10.0,83.3,2.0,0.0,1.0,1.0,33.3,0.0,0.0,0.0,0.0,
ENG-Premier League,2526,Sunderland,Nilson Angulo,ECU,MF,22.0,2003.0,8.0,5.0,404.0,4.5,0.0,0.0,0.0,0.0,0.0,0.0,1.0,0.0,0.0,0.0,0.0,0.0,0.0,4.5,0.0,7.0,3.0,42.9,1.56,0.67,0.0,0.0,0.0,0.0,51.0,11.8,5,74.0,0,3,11.0,0,1.38,4.0,6.0,-2.0,-0.45,-0.33,0.0,11.0,3.0,1.0,7.0,5.0,7.0,,,0.0,,,,,,,,,,,,,,,
ENG-Premier League,2526,Sunderland,Noah Sadiki,COD,MF,20.0,2004.0,33.0,33.0,2889.0,32.1,0.0,1.0,1.0,0.0,0.0,0.0,9.0,0.0,0.0,0.03,0.03,0.0,0.03,32.1,0.0,19.0,5.0,26.3,0.59,0.16,0.0,0.0,0.0,0.0,88.0,84.5,33,88.0,26,0,,0,1.52,37.0,42.0,-5.0,-0.16,0.01,0.0,31.0,40.0,2.0,21.0,33.0,26.0,,,0.0,,,,,,,,,,,,,,,
ENG-Premier League,2526,Sunderland,Nordi Mukiele,FRA,DF,27.0,1997.0,32.0,32.0,2784.0,30.9,3.0,3.0,6.0,3.0,0.0,0.0,5.0,0.0,0.1,0.1,0.19,0.1,0.19,30.9,3.0,26.0,4.0,15.4,0.84,0.13,0.12,0.75,0.0,0.0,87.0,81.4,32,87.0,29,0,,1,1.38,34.0,40.0,-6.0,-0.19,-0.19,0.0,35.0,26.0,3.0,85.0,37.0,45.0,,,1.0,,,,,,,,,,,,,,,
ENG-Premier League,2526,Sunderland,Omar Alderete,PAR,DF,28.0,1996.0,33.0,32.0,2798.0,31.1,1.0,1.0,2.0,1.0,0.0,0.0,6.0,0.0,0.03,0.03,0.06,0.03,0.06,31.1,1.0,24.0,9.0,37.5,0.77,0.29,0.04,0.11,0.0,0.0,85.0,81.8,32,86.0,27,1,38.0,2,1.39,30.0,40.0,-10.0,-0.32,-0.9,0.0,34.0,10.0,5.0,11.0,36.0,18.0,,,0.0,,,,,,,,,,,,,,,
ENG-Premier League,2526,Sunderland,Patrick Roberts,ENG,"FW,MF",28.0,1997.0,1.0,0.0,28.0,0.3,0.0,0.0,0.0,0.0,0.0,0.0,0.0,0.0,0.0,0.0,0.0,0.0,0.0,0.3,0.0,1.0,0.0,0.0,3.21,0.0,0.0,,0.0,0.0,28.0,0.8,0,,0,1,28.0,2,0.0,0.0,1.0,-1.0,-3.21,-3.08,0.0,0.0,0.0,0.0,0.0,0.0,0.0,,,0.0,,,,,,,,,,,,,,,
ENG-Premier League,2526,Sunderland,Reinildo Mandava,MOZ,DF,31.0,1994.0,25.0,23.0,1966.0,21.8,0.0,1.0,1.0,0.0,0.0,0.0,7.0,1.0,0.0,0.05,0.05,0.0,0.05,21.8,0.0,4.0,0.0,0.0,0.18,0.0,0.0,,0.0,0.0,79.0,57.5,23,83.0,19,2,23.0,0,1.6,28.0,26.0,2.0,0.09,0.59,0.0,32.0,35.0,1.0,23.0,29.0,23.0,,,0.0,,,,,,,,,,,,,,,
ENG-Premier League,2526,Sunderland,Robin Roefs,NED,GK,22.0,2003.0,35.0,35.0,3150.0,35.0,0.0,0.0,0.0,0.0,0.0,0.0,4.0,0.0,0.0,0.0,0.0,0.0,0.0,35.0,0.0,0.0,0.0,,0.0,0.0,,,0.0,0.0,90.0,92.1,35,90.0,35,0,,0,1.37,39.0,46.0,-7.0,-0.2,-0.53,0.0,0.0,14.0,0.0,0.0,0.0,0.0,,,0.0,46.0,1.31,154.0,108.0,70.1,12.0,12.0,11.0,10.0,28.6,3.0,2.0,1.0,0.0,33.3
ENG-Premier League,2526,Sunderland,Romaine Mundle,ENG,MF,22.0,2003.0,14.0,2.0,411.0,4.6,0.0,0.0,0.0,0.0,0.0,0.0,1.0,0.0,0.0,0.0,0.0,0.0,0.0,4.6,0.0,7.0,2.0,28.6,1.53,0.44,0.0,0.0,0.0,0.0,29.0,12.0,2,66.0,0,12,23.0,1,1.14,5.0,11.0,-6.0,-1.31,-1.31,0.0,7.0,8.0,0.0,11.0,1.0,4.0,,,0.0,,,,,,,,,,,,,,,
ENG-Premier League,2526,Sunderland,Simon Adingra,CIV,"MF,FW",23.0,2002.0,14.0,9.0,653.0,7.3,1.0,0.0,1.0,1.0,0.0,0.0,2.0,0.0,0.14,0.0,0.14,0.14,0.14,7.3,1.0,6.0,2.0,33.3,0.83,0.28,0.17,0.5,0.0,0.0,47.0,19.1,9,64.0,0,5,16.0,8,1.07,6.0,8.0,-2.0,-0.28,-0.15,0.0,18.0,3.0,4.0,27.0,2.0,8.0,,,0.0,,,,,,,,,,,,,,,
ENG-Premier League,2526,Sunderland,Trai Hume,NIR,"DF,MF",23.0,2002.0,38.0,34.0,3036.0,33.7,2.0,1.0,3.0,2.0,0.0,0.0,9.0,0.0,0.06,0.03,0.09,0.06,0.09,33.7,2.0,34.0,7.0,20.6,1.01,0.21,0.06,0.29,0.0,0.0,80.0,88.8,34,87.0,26,4,22.0,0,1.42,34.0,42.0,-8.0,-0.24,-0.71,0.0,30.0,38.0,3.0,88.0,25.0,46.0,,,1.0,,,,,,,,,,,,,,,
ENG-Premier League,2526,Sunderland,Wilson Isidor,HAI,FW,24.0,2000.0,32.0,11.0,1165.0,12.9,6.0,0.0,6.0,6.0,0.0,0.0,1.0,0.0,0.46,0.0,0.46,0.46,0.46,12.9,6.0,43.0,17.0,39.5,3.32,1.31,0.14,0.35,0.0,0.0,36.0,34.1,11,71.0,0,21,18.0,4,1.44,18.0,17.0,1.0,0.08,0.36,0.0,14.0,7.0,10.0,0.0,2.0,8.0,,,0.0,,,,,,,,,,,,,,,
ENG-Premier League,2526,Tottenham,Antonín Kinský,CZE,GK,22.0,2003.0,7.0,7.0,630.0,7.0,0.0,0.0,0.0,0.0,0.0,0.0,1.0,0.0,0.0,0.0,0.0,0.0,0.0,7.0,0.0,0.0,0.0,,0.0,0.0,,,0.0,0.0,90.0,18.4,7,90.0,7,0,,30,1.57,8.0,7.0,1.0,0.14,0.47,0.0,0.0,1.0,0.0,0.0,0.0,0.0,,,0.0,7.0,1.0,17.0,10.0,58.8,3.0,2.0,2.0,2.0,28.6,1.0,1.0,0.0,0.0,0.0
ENG-Premier League,2526,Tottenham,Archie Gray,ENG,"MF,DF",19.0,2006.0,24.0,18.0,1478.0,16.4,2.0,2.0,4.0,2.0,0.0,0.0,5.0,0.0,0.12,0.12,0.24,0.12,0.24,16.4,2.0,11.0,5.0,45.5,0.67,0.3,0.18,0.4,0.0,0.0,62.0,43.2,18,78.0,9,6,11.0,11,0.83,18.0,28.0,-10.0,-0.61,-0.66,0.0,12.0,2.0,0.0,12.0,17.0,8.0,,,0.0,,,,,,,,,,,,,,,
ENG-Premier League,2526,Tottenham,Ben Davies,WAL,DF,32.0,1993.0,3.0,2.0,137.0,1.5,1.0,0.0,1.0,1.0,0.0,0.0,1.0,0.0,0.66,0.0,0.66,0.66,0.66,1.5,1.0,2.0,2.0,100.0,1.31,1.31,0.5,0.5,0.0,0.0,46.0,4.0,2,53.0,0,1,32.0,11,0.33,1.0,3.0,-2.0,-1.31,-1.12,0.0,2.0,0.0,0.0,3.0,1.0,4.0,,,0.0,,,,,,,,,,,,,,,
ENG-Premier League,2526,Tottenham,Brennan Johnson,WAL,"MF,FW",24.0,2001.0,16.0,6.0,610.0,6.8,2.0,0.0,2.0,2.0,0.0,0.0,2.0,0.0,0.3,0.0,0.3,0.3,0.3,6.8,2.0,6.0,2.0,33.3,0.89,0.3,0.33,1.0,0.0,0.0,38.0,17.8,6,77.0,1,10,15.0,2,1.38,13.0,5.0,8.0,1.18,1.72,0.0,2.0,4.0,8.0,23.0,2.0,9.0,,,0.0,,,,,,,,,,,,,,,
ENG-Premier League,2526,Tottenham,Callum Olusesi,ENG,MF,18.0,2007.0,1.0,0.0,15.0,0.2,0.0,0.0,0.0,0.0,0.0,0.0,0.0,0.0,0.0,0.0,0.0,0.0,0.0,0.2,0.0,0.0,0.0,,0.0,0.0,,,0.0,0.0,15.0,0.4,0,,0,1,15.0,7,1.0,1.0,0.0,1.0,6.0,6.26,0.0,0.0,0.0,0.0,0.0,0.0,0.0,,,0.0,,,,,,,,,,,,,,,
ENG-Premier League,2526,Tottenham,Conor Gallagher,ENG,MF,25.0,2000.0,16.0,14.0,1184.0,13.2,1.0,1.0,2.0,1.0,0.0,0.0,2.0,0.0,0.08,0.08,0.15,0.08,0.15,13.2,1.0,11.0,4.0,36.4,0.84,0.3,0.09,0.25,0.0,0.0,74.0,34.6,14,81.0,5,2,28.0,0,0.81,13.0,23.0,-10.0,-0.76,-0.8,0.0,25.0,23.0,1.0,23.0,18.0,14.0,,,0.0,,,,,,,,,,,,,,,
ENG-Premier League,2526,Tottenham,Cristian Romero,ARG,DF,27.0,1998.0,23.0,22.0,1868.0,20.8,4.0,1.0,5.0,4.0,0.0,0.0,11.0,2.0,0.19,0.05,0.24,0.19,0.24,20.8,4.0,17.0,6.0,35.3,0.82,0.29,0.24,0.67,0.0,0.0,81.0,54.6,22,84.0,15,1,31.0,0,1.0,26.0,31.0,-5.0,-0.24,-0.01,1.0,32.0,16.0,1.0,1.0,31.0,30.0,,,0.0,,,,,,,,,,,,,,,
ENG-Premier League,2526,Tottenham,Dane Scarlett,ENG,FW,21.0,2004.0,2.0,0.0,9.0,0.1,0.0,0.0,0.0,0.0,0.0,0.0,0.0,0.0,0.0,0.0,0.0,0.0,0.0,0.1,0.0,0.0,0.0,,0.0,0.0,,,0.0,0.0,5.0,0.3,0,,0,2,5.0,9,1.0,1.0,0.0,1.0,10.0,10.26,0.0,1.0,0.0,0.0,0.0,0.0,0.0,,,0.0,,,,,,,,,,,,,,,
ENG-Premier League,2526,Tottenham,Destiny Udogie,ITA,"DF,MF",22.0,2002.0,20.0,14.0,1338.0,14.9,0.0,1.0,1.0,0.0,0.0,0.0,4.0,0.0,0.0,0.07,0.07,0.0,0.07,14.9,0.0,4.0,1.0,25.0,0.27,0.07,0.0,0.0,0.0,0.0,67.0,39.1,14,83.0,7,6,29.0,1,1.0,18.0,25.0,-7.0,-0.47,-0.38,0.0,17.0,22.0,3.0,27.0,7.0,20.0,,,0.0,,,,,,,,,,,,,,,
ENG-Premier League,2526,Tottenham,Djed Spence,ENG,"DF,MF",24.0,2000.0,30.0,23.0,2056.0,22.8,0.0,0.0,0.0,0.0,0.0,0.0,4.0,0.0,0.0,0.0,0.0,0.0,0.0,22.8,0.0,13.0,8.0,61.5,0.57,0.35,0.0,0.0,0.0,0.0,69.0,60.1,23,83.0,16,7,21.0,4,1.2,30.0,31.0,-1.0,-0.04,0.48,0.0,28.0,21.0,4.0,49.0,15.0,25.0,,,0.0,,,,,,,,,,,,,,,
ENG-Premier League,2526,Tottenham,Dominic Solanke,ENG,FW,27.0,1997.0,15.0,11.0,1001.0,11.1,3.0,0.0,3.0,3.0,0.0,0.0,1.0,0.0,0.27,0.0,0.27,0.27,0.27,11.1,3.0,20.0,11.0,55.0,1.8,0.99,0.15,0.27,0.0,0.0,67.0,29.3,11,83.0,7,4,23.0,1,0.87,11.0,21.0,-10.0,-0.9,-0.94,0.0,12.0,9.0,3.0,2.0,3.0,16.0,,,0.0,,,,,,,,,,,,,,,
ENG-Premier League,2526,Tottenham,Guglielmo Vicario,ITA,GK,28.0,1996.0,31.0,31.0,2790.0,31.0,0.0,0.0,0.0,0.0,0.0,0.0,1.0,0.0,0.0,0.0,0.0,0.0,0.0,31.0,0.0,0.0,0.0,,0.0,0.0,,,0.0,0.0,90.0,81.6,31,90.0,31,0,,2,0.97,40.0,50.0,-10.0,-0.32,-0.47,0.0,0.0,3.0,0.0,0.0,0.0,1.0,,,0.0,50.0,1.61,133.0,83.0,62.4,7.0,9.0,15.0,7.0,22.6,2.0,2.0,0.0,0.0,0.0
ENG-Premier League,2526,Tottenham,James Maddison,ENG,"FW,MF",28.0,1996.0,3.0,0.0,37.0,0.4,0.0,0.0,0.0,0.0,0.0,0.0,0.0,0.0,0.0,0.0,0.0,0.0,0.0,0.4,0.0,2.0,0.0,0.0,4.86,0.0,0.0,,0.0,0.0,12.0,1.1,0,,0,3,12.0,3,1.33,1.0,0.0,1.0,2.43,2.7,0.0,1.0,1.0,0.0,6.0,0.0,1.0,,,0.0,,,,,,,,,,,,,,,
ENG-Premier League,2526,Tottenham,James Rowswell,ENG,DF,19.0,2006.0,1.0,0.0,1.0,0.0,0.0,0.0,0.0,0.0,0.0,0.0,0.0,0.0,0.0,0.0,0.0,0.0,0.0,0.0,0.0,0.0,0.0,,0.0,0.0,,,0.0,0.0,1.0,0.0,0,,0,1,1.0,6,1.0,0.0,0.0,0.0,0.0,0.24,0.0,0.0,0.0,0.0,0.0,0.0,0.0,,,0.0,,,,,,,,,,,,,,,
ENG-Premier League,2526,Tottenham,João Palhinha,POR,MF,30.0,1995.0,33.0,23.0,2198.0,24.4,5.0,2.0,7.0,5.0,0.0,0.0,8.0,0.0,0.2,0.08,0.29,0.2,0.29,24.4,5.0,33.0,9.0,27.3,1.35,0.37,0.15,0.56,0.0,0.0,67.0,64.3,23,84.0,15,10,26.0,2,1.15,31.0,37.0,-6.0,-0.25,-0.02,0.0,28.0,36.0,0.0,4.0,28.0,61.0,,,0.0,,,,,,,,,,,,,,,
ENG-Premier League,2526,Tottenham,Jun'ai Byfield,ENG,DF,16.0,2008.0,1.0,0.0,1.0,0.0,0.0,0.0,0.0,0.0,0.0,0.0,0.0,0.0,0.0,0.0,0.0,0.0,0.0,0.0,0.0,0.0,0.0,,0.0,0.0,,,0.0,0.0,1.0,0.0,0,,0,1,1.0,5,1.0,0.0,0.0,0.0,0.0,0.24,0.0,0.0,0.0,0.0,0.0,0.0,0.0,,,0.0,,,,,,,,,,,,,,,
ENG-Premier League,2526,Tottenham,Kevin Danso,AUT,DF,26.0,1998.0,24.0,17.0,1494.0,16.6,0.0,0.0,0.0,0.0,0.0,0.0,8.0,0.0,0.0,0.0,0.0,0.0,0.0,16.6,0.0,11.0,2.0,18.2,0.66,0.12,0.0,0.0,0.0,0.0,62.0,43.7,17,85.0,14,7,8.0,10,1.38,20.0,26.0,-6.0,-0.36,-0.22,0.0,21.0,13.0,0.0,7.0,25.0,13.0,,,0.0,,,,,,,,,,,,,,,
ENG-Premier League,2526,Tottenham,Lucas Bergvall,SWE,MF,19.0,2006.0,23.0,11.0,965.0,10.7,1.0,3.0,4.0,1.0,0.0,0.0,2.0,0.0,0.09,0.28,0.37,0.09,0.37,10.7,1.0,12.0,5.0,41.7,1.12,0.47,0.08,0.2,0.0,0.0,42.0,28.2,11,66.0,0,12,20.0,5,1.17,14.0,18.0,-4.0,-0.37,-0.19,0.0,24.0,7.0,3.0,19.0,3.0,14.0,,,0.0,,,,,,,,,,,,,,,
ENG-Premier League,2526,Tottenham,Mathys Tel,FRA,"MF,FW",20.0,2005.0,31.0,13.0,1349.0,15.0,4.0,1.0,5.0,4.0,0.0,0.0,1.0,0.0,0.27,0.07,0.33,0.27,0.33,15.0,4.0,35.0,8.0,22.9,2.34,0.53,0.11,0.5,0.0,0.0,44.0,39.4,13,78.0,3,18,19.0,7,1.0,26.0,23.0,3.0,0.2,0.72,0.0,19.0,23.0,3.0,92.0,5.0,12.0,,,0.0,,,,,,,,,,,,,,,
ENG-Premier League,2526,Tottenham,Micky van de Ven,NED,DF,24.0,2001.0,35.0,35.0,3041.0,33.8,4.0,1.0,5.0,4.0,0.0,0.0,9.0,1.0,0.12,0.03,0.15,0.12,0.15,33.8,4.0,16.0,6.0,37.5,0.47,0.18,0.25,0.67,0.0,0.0,87.0,88.9,35,87.0,32,0,,1,1.09,43.0,47.0,-4.0,-0.12,1.07,0.0,28.0,22.0,2.0,3.0,21.0,20.0,,,0.0,,,,,,,,,,,,,,,
ENG-Premier League,2526,Tottenham,Mohammed Kudus,GHA,"MF,FW",24.0,2000.0,19.0,19.0,1535.0,17.1,2.0,5.0,7.0,2.0,0.0,0.0,3.0,0.0,0.12,0.29,0.41,0.12,0.41,17.1,2.0,26.0,9.0,34.6,1.52,0.53,0.08,0.22,0.0,0.0,81.0,44.9,19,81.0,8,0,,0,1.37,22.0,20.0,2.0,0.12,0.64,0.0,23.0,15.0,10.0,122.0,3.0,17.0,,,0.0,,,,,,,,,,,,,,,
ENG-Premier League,2526,Tottenham,Pape Matar Sarr,SEN,MF,22.0,2002.0,26.0,13.0,1398.0,15.5,2.0,4.0,6.0,2.0,0.0,0.0,3.0,0.0,0.13,0.26,0.39,0.13,0.39,15.5,2.0,17.0,6.0,35.3,1.09,0.39,0.12,0.33,0.0,0.0,54.0,40.9,13,89.0,11,13,19.0,3,1.12,21.0,23.0,-2.0,-0.13,0.18,0.0,29.0,13.0,3.0,8.0,14.0,21.0,,,0.0,,,,,,,,,,,,,,,
ENG-Premier League,2526,Tottenham,Pedro Porro,ESP,DF,25.0,1999.0,34.0,32.0,2796.0,31.1,1.0,2.0,3.0,1.0,0.0,0.0,10.0,0.0,0.03,0.06,0.1,0.03,0.1,31.1,1.0,32.0,8.0,25.0,1.03,0.26,0.03,0.13,0.0,0.0,82.0,81.8,32,86.0,26,2,21.0,0,1.18,40.0,40.0,0.0,0.0,1.3,0.0,32.0,26.0,1.0,232.0,31.0,50.0,,,0.0,,,,,,,,,,,,,,,
ENG-Premier League,2526,Tottenham,Radu Drăgușin,ROU,DF,23.0,2002.0,10.0,5.0,517.0,5.7,0.0,0.0,0.0,0.0,0.0,0.0,0.0,0.0,0.0,0.0,0.0,0.0,0.0,5.7,0.0,4.0,0.0,0.0,0.7,0.0,0.0,,0.0,0.0,52.0,15.1,5,90.0,4,5,14.0,11,1.2,6.0,13.0,-7.0,-1.22,-1.16,0.0,9.0,1.0,0.0,3.0,16.0,3.0,,,0.0,,,,,,,,,,,,,,,
ENG-Premier League,2526,Tottenham,Randal Kolo Muani,FRA,"FW,MF",26.0,1998.0,30.0,21.0,1664.0,18.5,1.0,1.0,2.0,1.0,0.0,0.0,3.0,0.0,0.05,0.05,0.11,0.05,0.11,18.5,1.0,20.0,4.0,20.0,1.08,0.22,0.05,0.25,0.0,0.0,55.0,48.7,21,69.0,4,9,25.0,2,0.87,17.0,31.0,-14.0,-0.76,-1.01,0.0,41.0,17.0,3.0,18.0,2.0,16.0,,,0.0,,,,,,,,,,,,,,,
ENG-Premier League,2526,Tottenham,Richarlison,BRA,"FW,MF",28.0,1997.0,32.0,20.0,1964.0,21.8,11.0,4.0,15.0,11.0,0.0,0.0,5.0,0.0,0.5,0.18,0.69,0.5,0.69,21.8,11.0,61.0,26.0,42.6,2.8,1.19,0.18,0.42,0.0,0.0,61.0,57.4,20,83.0,12,12,25.0,1,1.19,29.0,27.0,2.0,0.09,0.77,0.0,23.0,33.0,10.0,18.0,7.0,16.0,,,0.0,,,,,,,,,,,,,,,
ENG-Premier League,2526,Tottenham,Rodrigo Bentancur,URU,MF,28.0,1997.0,26.0,23.0,1883.0,20.9,1.0,1.0,2.0,1.0,0.0,0.0,7.0,0.0,0.05,0.05,0.1,0.05,0.1,20.9,1.0,13.0,3.0,23.1,0.62,0.14,0.08,0.33,0.0,0.0,72.0,55.1,23,79.0,11,3,21.0,1,1.35,28.0,25.0,3.0,0.14,0.85,0.0,19.0,8.0,1.0,7.0,36.0,36.0,,,0.0,,,,,,,,,,,,,,,
ENG-Premier League,2526,Tottenham,Souza,BRA,MF,19.0,2006.0,4.0,2.0,144.0,1.6,0.0,0.0,0.0,0.0,0.0,0.0,1.0,0.0,0.0,0.0,0.0,0.0,0.0,1.6,0.0,1.0,1.0,100.0,0.62,0.62,0.0,0.0,0.0,0.0,36.0,4.2,2,49.0,0,2,24.0,8,0.25,1.0,3.0,-2.0,-1.25,-1.06,0.0,3.0,2.0,0.0,3.0,2.0,0.0,,,0.0,,,,,,,,,,,,,,,
ENG-Premier League,2526,Tottenham,Wilson Odobert,FRA,"MF,FW",20.0,2004.0,24.0,10.0,985.0,10.9,0.0,2.0,2.0,0.0,0.0,0.0,0.0,0.0,0.0,0.18,0.18,0.0,0.18,10.9,0.0,21.0,8.0,38.1,1.92,0.73,0.0,0.0,0.0,0.0,41.0,28.8,10,68.0,1,14,22.0,2,1.08,16.0,13.0,3.0,0.27,0.72,0.0,2.0,10.0,2.0,28.0,0.0,8.0,,,0.0,,,,,,,,,,,,,,,
ENG-Premier League,2526,Tottenham,Xavi Simons,NED,"MF,FW",22.0,2003.0,28.0,19.0,1755.0,19.5,2.0,5.0,7.0,2.0,0.0,0.0,5.0,1.0,0.1,0.26,0.36,0.1,0.36,19.5,2.0,42.0,10.0,23.8,2.15,0.51,0.05,0.2,0.0,0.0,63.0,51.3,19,78.0,10,9,30.0,0,0.82,26.0,33.0,-7.0,-0.36,-0.25,0.0,21.0,44.0,0.0,51.0,15.0,20.0,,,0.0,,,,,,,,,,,,,,,
ENG-Premier League,2526,Tottenham,Yves Bissouma,MLI,MF,28.0,1996.0,11.0,7.0,603.0,6.7,0.0,0.0,0.0,0.0,0.0,0.0,4.0,0.0,0.0,0.0,0.0,0.0,0.0,6.7,0.0,5.0,2.0,40.0,0.75,0.3,0.0,0.0,0.0,0.0,55.0,17.6,7,68.0,1,4,32.0,4,0.82,6.0,17.0,-11.0,-1.64,-1.71,0.0,8.0,6.0,0.0,1.0,8.0,11.0,,,0.0,,,,,,,,,,,,,,,
ENG-Premier League,2526,West Ham,Aaron Wan-Bissaka,COD,"DF,MF",27.0,1997.0,25.0,23.0,2081.0,23.1,0.0,2.0,2.0,0.0,0.0,0.0,4.0,0.0,0.0,0.09,0.09,0.0,0.09,23.1,0.0,0.0,0.0,,0.0,0.0,,,0.0,0.0,83.0,60.8,23,87.0,19,2,36.0,5,0.96,27.0,43.0,-16.0,-0.69,-0.49,0.0,23.0,12.0,1.0,43.0,41.0,24.0,,,0.0,,,,,,,,,,,,,,,
ENG-Premier League,2526,West Ham,Adama Traoré,ESP,"FW,MF",29.0,1996.0,9.0,0.0,121.0,1.3,0.0,0.0,0.0,0.0,0.0,0.0,1.0,0.0,0.0,0.0,0.0,0.0,0.0,1.3,0.0,2.0,0.0,0.0,1.49,0.0,0.0,,0.0,0.0,13.0,3.5,0,,0,9,13.0,3,1.22,1.0,5.0,-4.0,-2.98,-2.57,0.0,1.0,0.0,2.0,12.0,0.0,1.0,,,0.0,,,,,,,,,,,,,,,
ENG-Premier League,2526,West Ham,Alphonse Areola,FRA,GK,32.0,1993.0,20.0,20.0,1800.0,20.0,0.0,1.0,1.0,0.0,0.0,0.0,0.0,0.0,0.0,0.05,0.05,0.0,0.05,20.0,0.0,0.0,0.0,,0.0,0.0,,,0.0,0.0,90.0,52.6,20,90.0,20,0,,18,0.85,25.0,37.0,-12.0,-0.6,-0.21,0.0,1.0,1.0,0.0,0.0,1.0,0.0,,,0.0,37.0,1.85,113.0,76.0,67.3,4.0,5.0,11.0,0.0,0.0,6.0,5.0,0.0,1.0,0.0
ENG-Premier League,2526,West Ham,Andy Irving,SCO,MF,25.0,2000.0,7.0,2.0,158.0,1.8,0.0,0.0,0.0,0.0,0.0,0.0,0.0,0.0,0.0,0.0,0.0,0.0,0.0,1.8,0.0,0.0,0.0,,0.0,0.0,,,0.0,0.0,23.0,4.6,2,62.0,0,5,7.0,8,0.71,3.0,4.0,-1.0,-0.57,-0.07,0.0,1.0,0.0,0.0,12.0,1.0,4.0,,,0.0,,,,,,,,,,,,,,,
ENG-Premier League,2526,West Ham,Axel Disasi,FRA,DF,27.0,1998.0,14.0,14.0,1254.0,13.9,0.0,0.0,0.0,0.0,0.0,0.0,1.0,0.0,0.0,0.0,0.0,0.0,0.0,13.9,0.0,5.0,3.0,60.0,0.36,0.22,0.0,0.0,0.0,0.0,90.0,36.7,14,90.0,13,0,,0,1.36,17.0,17.0,0.0,0.0,0.79,0.0,5.0,4.0,1.0,0.0,12.0,10.0,,,1.0,,,,,,,,,,,,,,,
ENG-Premier League,2526,West Ham,Callum Marshall,NIR,FW,20.0,2004.0,2.0,0.0,60.0,0.7,0.0,0.0,0.0,0.0,0.0,0.0,0.0,0.0,0.0,0.0,0.0,0.0,0.0,0.7,0.0,1.0,0.0,0.0,1.5,0.0,0.0,,0.0,0.0,30.0,1.8,0,,0,2,30.0,4,0.0,0.0,2.0,-2.0,-3.0,-2.54,0.0,0.0,0.0,1.0,0.0,2.0,0.0,,,0.0,,,,,,,,,,,,,,,
ENG-Premier League,2526,West Ham,Callum Wilson,ENG,FW,33.0,1992.0,32.0,11.0,1251.0,13.9,7.0,1.0,8.0,7.0,0.0,0.0,1.0,0.0,0.5,0.07,0.58,0.5,0.58,13.9,7.0,38.0,16.0,42.1,2.73,1.15,0.18,0.44,0.0,0.0,39.0,36.6,11,69.0,2,21,23.0,5,1.16,23.0,24.0,-1.0,-0.07,0.67,0.0,12.0,14.0,9.0,5.0,3.0,2.0,,,0.0,,,,,,,,,,,,,,,
ENG-Premier League,2526,West Ham,Crysencio Summerville,NED,"MF,FW",23.0,2001.0,31.0,29.0,2470.0,27.4,5.0,2.0,7.0,5.0,0.0,0.0,6.0,0.0,0.18,0.07,0.26,0.18,0.26,27.4,5.0,54.0,15.0,27.8,1.97,0.55,0.09,0.33,0.0,0.0,80.0,72.2,29,84.0,14,2,19.0,0,1.16,34.0,42.0,-8.0,-0.29,0.75,0.0,49.0,67.0,6.0,59.0,15.0,26.0,,,0.0,,,,,,,,,,,,,,,
ENG-Premier League,2526,West Ham,El Hadji Malick Diouf,SEN,"DF,MF",20.0,2004.0,32.0,30.0,2707.0,30.1,0.0,5.0,5.0,0.0,0.0,0.0,6.0,0.0,0.0,0.17,0.17,0.0,0.17,30.1,0.0,18.0,4.0,22.2,0.6,0.13,0.0,0.0,0.0,0.0,85.0,79.2,30,88.0,24,2,33.0,0,1.09,38.0,47.0,-9.0,-0.3,0.96,0.0,28.0,25.0,2.0,109.0,32.0,19.0,,,0.0,,,,,,,,,,,,,,,
ENG-Premier League,2526,West Ham,Ezra Mayers,BRB,DF,18.0,2007.0,6.0,0.0,117.0,1.3,0.0,0.0,0.0,0.0,0.0,0.0,0.0,0.0,0.0,0.0,0.0,0.0,0.0,1.3,0.0,1.0,0.0,0.0,0.77,0.0,0.0,,0.0,0.0,20.0,3.4,0,,0,6,20.0,8,0.33,0.0,3.0,-3.0,-2.31,-1.87,0.0,0.0,0.0,0.0,3.0,1.0,0.0,,,0.0,,,,,,,,,,,,,,,
ENG-Premier League,2526,West Ham,Freddie Potts,ENG,MF,21.0,2003.0,22.0,12.0,1171.0,13.0,0.0,1.0,1.0,0.0,0.0,0.0,1.0,0.0,0.0,0.08,0.08,0.0,0.08,13.0,0.0,3.0,1.0,33.3,0.23,0.08,0.0,0.0,0.0,0.0,53.0,34.2,12,77.0,4,10,25.0,11,1.09,17.0,25.0,-8.0,-0.61,-0.17,0.0,15.0,14.0,0.0,34.0,16.0,18.0,,,0.0,,,,,,,,,,,,,,,
ENG-Premier League,2526,West Ham,George Earthy,ENG,MF,20.0,2004.0,1.0,0.0,9.0,0.1,0.0,0.0,0.0,0.0,0.0,0.0,0.0,0.0,0.0,0.0,0.0,0.0,0.0,0.1,0.0,0.0,0.0,,0.0,0.0,,,0.0,0.0,9.0,0.3,0,,0,1,9.0,5,0.0,0.0,1.0,-1.0,-10.0,-9.53,0.0,0.0,0.0,0.0,0.0,0.0,0.0,,,0.0,,,,,,,,,,,,,,,
ENG-Premier League,2526,West Ham,Guido Rodríguez,ARG,MF,31.0,1994.0,6.0,2.0,180.0,2.0,0.0,0.0,0.0,0.0,0.0,0.0,1.0,0.0,0.0,0.0,0.0,0.0,0.0,2.0,0.0,1.0,0.0,0.0,0.5,0.0,0.0,,0.0,0.0,30.0,5.3,2,67.0,0,4,12.0,15,0.67,1.0,2.0,-1.0,-0.5,0.0,0.0,2.0,4.0,0.0,2.0,2.0,0.0,,,0.0,,,,,,,,,,,,,,,
ENG-Premier League,2526,West Ham,Igor,BRA,DF,27.0,1998.0,4.0,1.0,105.0,1.2,0.0,0.0,0.0,0.0,0.0,0.0,0.0,0.0,0.0,0.0,0.0,0.0,0.0,1.2,0.0,0.0,0.0,,0.0,0.0,,,0.0,0.0,26.0,3.1,1,90.0,1,3,5.0,9,2.0,4.0,3.0,1.0,0.86,1.4,0.0,1.0,0.0,0.0,0.0,1.0,0.0,,,0.0,,,,,,,,,,,,,,,
ENG-Premier League,2526,West Ham,James Ward-Prowse,ENG,MF,30.0,1994.0,5.0,5.0,413.0,4.6,0.0,0.0,0.0,0.0,0.0,0.0,0.0,0.0,0.0,0.0,0.0,0.0,0.0,4.6,0.0,2.0,0.0,0.0,0.44,0.0,0.0,,0.0,0.0,83.0,12.1,5,83.0,2,0,,1,0.6,2.0,11.0,-9.0,-1.96,-1.66,0.0,4.0,2.0,0.0,22.0,6.0,2.0,,,0.0,,,,,,,,,,,,,,,
ENG-Premier League,2526,West Ham,Jarrod Bowen,ENG,"MF,FW",28.0,1996.0,38.0,38.0,3403.0,37.8,9.0,11.0,20.0,8.0,1.0,1.0,4.0,0.0,0.24,0.29,0.53,0.21,0.5,37.8,9.0,79.0,28.0,35.4,2.09,0.74,0.11,0.32,1.0,1.0,90.0,99.5,38,90.0,32,0,,0,1.03,45.0,63.0,-18.0,-0.48,4.82,0.0,19.0,49.0,17.0,148.0,27.0,28.0,,,0.0,,,,,,,,,,,,,,,
ENG-Premier League,2526,West Ham,Jean-Clair Todibo,FRA,DF,25.0,1999.0,23.0,22.0,1814.0,20.2,0.0,1.0,1.0,0.0,0.0,0.0,5.0,1.0,0.0,0.05,0.05,0.0,0.05,20.2,0.0,2.0,0.0,0.0,0.1,0.0,0.0,,0.0,0.0,79.0,53.0,22,82.0,16,1,1.0,7,1.0,25.0,36.0,-11.0,-0.55,-0.1,0.0,9.0,3.0,1.0,2.0,16.0,24.0,,,0.0,,,,,,,,,,,,,,,
ENG-Premier League,2526,West Ham,Konstantinos Mavropanos,GRE,DF,27.0,1997.0,31.0,27.0,2534.0,28.2,3.0,0.0,3.0,3.0,0.0,0.0,2.0,0.0,0.11,0.0,0.11,0.11,0.11,28.2,3.0,23.0,8.0,34.8,0.82,0.28,0.13,0.38,0.0,0.0,82.0,74.1,27,90.0,27,4,26.0,3,1.03,34.0,44.0,-10.0,-0.36,0.56,0.0,16.0,9.0,2.0,4.0,47.0,24.0,,,2.0,,,,,,,,,,,,,,,
ENG-Premier League,2526,West Ham,Kyle Walker-Peters,ENG,DF,28.0,1997.0,23.0,15.0,1383.0,15.4,1.0,0.0,1.0,1.0,0.0,0.0,2.0,0.0,0.07,0.0,0.07,0.07,0.07,15.4,1.0,5.0,3.0,60.0,0.33,0.2,0.2,0.33,0.0,0.0,60.0,40.4,15,85.0,12,8,14.0,15,1.13,20.0,25.0,-5.0,-0.33,0.29,0.0,12.0,25.0,1.0,20.0,9.0,30.0,,,0.0,,,,,,,,,,,,,,,
ENG-Premier League,2526,West Ham,Lucas Paquetá,BRA,"MF,FW",27.0,1997.0,18.0,18.0,1511.0,16.8,4.0,1.0,5.0,2.0,2.0,2.0,7.0,1.0,0.24,0.06,0.3,0.12,0.18,16.8,4.0,23.0,11.0,47.8,1.37,0.66,0.17,0.36,2.0,2.0,84.0,44.2,18,84.0,8,0,,0,0.67,18.0,32.0,-14.0,-0.83,-0.6,1.0,27.0,30.0,5.0,36.0,7.0,22.0,,,0.0,,,,,,,,,,,,,,,
ENG-Premier League,2526,West Ham,Luis Guilherme,BRA,FW,19.0,2006.0,5.0,1.0,125.0,1.4,0.0,0.0,0.0,0.0,0.0,0.0,0.0,0.0,0.0,0.0,0.0,0.0,0.0,1.4,0.0,1.0,0.0,0.0,0.72,0.0,0.0,,0.0,0.0,25.0,3.7,1,45.0,0,4,20.0,3,0.4,2.0,2.0,0.0,0.0,0.52,0.0,0.0,0.0,0.0,0.0,0.0,1.0,,,0.0,,,,,,,,,,,,,,,
ENG-Premier League,2526,West Ham,Mads Hermansen,DEN,GK,25.0,2000.0,18.0,18.0,1620.0,18.0,0.0,1.0,1.0,0.0,0.0,0.0,0.0,0.0,0.0,0.06,0.06,0.0,0.06,18.0,0.0,0.0,0.0,,0.0,0.0,,,0.0,0.0,90.0,47.4,18,90.0,18,0,,20,1.22,21.0,28.0,-7.0,-0.39,0.21,0.0,0.0,2.0,0.0,0.0,0.0,0.0,,,0.0,28.0,1.56,82.0,53.0,65.9,6.0,4.0,8.0,7.0,38.9,1.0,1.0,0.0,0.0,0.0
ENG-Premier League,2526,West Ham,Mateus Fernandes,POR,MF,21.0,2004.0,36.0,35.0,3016.0,33.5,3.0,4.0,7.0,3.0,0.0,0.0,7.0,0.0,0.09,0.12,0.21,0.09,0.21,33.5,3.0,28.0,8.0,28.6,0.84,0.24,0.11,0.38,0.0,0.0,84.0,88.2,35,85.0,23,1,26.0,0,1.08,40.0,50.0,-10.0,-0.3,1.71,0.0,49.0,49.0,0.0,51.0,36.0,67.0,,,0.0,,,,,,,,,,,,,,,
ENG-Premier League,2526,West Ham,Max Kilman,ENG,DF,28.0,1997.0,21.0,17.0,1561.0,17.3,0.0,0.0,0.0,0.0,0.0,0.0,4.0,0.0,0.0,0.0,0.0,0.0,0.0,17.3,0.0,7.0,1.0,14.3,0.4,0.06,0.0,0.0,0.0,0.0,74.0,45.6,17,90.0,17,4,8.0,13,0.95,18.0,37.0,-19.0,-1.1,-1.1,0.0,16.0,2.0,0.0,2.0,6.0,8.0,,,0.0,,,,,,,,,,,,,,,
ENG-Premier League,2526,West Ham,Mohamadou Kanté,FRA,MF,19.0,2005.0,11.0,0.0,75.0,0.8,0.0,0.0,0.0,0.0,0.0,0.0,2.0,0.0,0.0,0.0,0.0,0.0,0.0,0.8,0.0,2.0,0.0,0.0,2.4,0.0,0.0,,0.0,0.0,7.0,2.2,0,,0,11,7.0,13,1.0,2.0,1.0,1.0,1.2,1.74,0.0,4.0,1.0,0.0,0.0,0.0,4.0,,,0.0,,,,,,,,,,,,,,,
ENG-Premier League,2526,West Ham,Nayef Aguerd,MAR,DF,29.0,1996.0,2.0,2.0,180.0,2.0,0.0,0.0,0.0,0.0,0.0,0.0,0.0,0.0,0.0,0.0,0.0,0.0,0.0,2.0,0.0,2.0,0.0,0.0,1.0,0.0,0.0,,0.0,0.0,90.0,5.3,2,90.0,2,0,,0,0.0,1.0,8.0,-7.0,-3.5,-3.17,0.0,0.0,1.0,0.0,2.0,1.0,0.0,,,0.0,,,,,,,,,,,,,,,
ENG-Premier League,2526,West Ham,Niclas Füllkrug,GER,FW,32.0,1993.0,8.0,5.0,409.0,4.5,0.0,0.0,0.0,0.0,0.0,0.0,0.0,0.0,0.0,0.0,0.0,0.0,0.0,4.5,0.0,9.0,3.0,33.3,1.98,0.66,0.0,0.0,0.0,0.0,51.0,12.0,5,69.0,1,3,21.0,2,0.63,2.0,11.0,-9.0,-1.98,-1.68,0.0,11.0,1.0,2.0,0.0,2.0,1.0,,,0.0,,,,,,,,,,,,,,,
ENG-Premier League,2526,West Ham,Oliver Scarles,ENG,"DF,MF",19.0,2005.0,13.0,9.0,659.0,7.3,0.0,0.0,0.0,0.0,0.0,0.0,2.0,0.0,0.0,0.0,0.0,0.0,0.0,7.3,0.0,3.0,0.0,0.0,0.41,0.0,0.0,,0.0,0.0,51.0,19.3,9,69.0,4,4,9.0,17,0.85,8.0,16.0,-8.0,-1.09,-0.73,0.0,7.0,7.0,1.0,35.0,13.0,19.0,,,0.0,,,,,,,,,,,,,,,
ENG-Premier League,2526,West Ham,Pablo,BRA,"MF,FW",21.0,2004.0,14.0,10.0,823.0,9.1,0.0,1.0,1.0,0.0,0.0,0.0,0.0,0.0,0.0,0.11,0.11,0.0,0.11,9.1,0.0,12.0,3.0,25.0,1.31,0.33,0.0,0.0,0.0,0.0,59.0,24.1,10,73.0,2,4,23.0,1,1.43,12.0,12.0,0.0,0.0,0.66,0.0,23.0,8.0,0.0,5.0,5.0,14.0,,,0.0,,,,,,,,,,,,,,,
ENG-Premier League,2526,West Ham,Soungoutou Magassa,FRA,MF,21.0,2003.0,22.0,11.0,981.0,10.9,1.0,0.0,1.0,1.0,0.0,0.0,4.0,0.0,0.09,0.0,0.09,0.09,0.09,10.9,1.0,7.0,2.0,28.6,0.64,0.18,0.14,0.5,0.0,0.0,45.0,28.7,11,74.0,2,11,15.0,12,0.73,11.0,23.0,-12.0,-1.1,-0.84,0.0,17.0,17.0,0.0,9.0,17.0,23.0,,,0.0,,,,,,,,,,,,,,,
ENG-Premier League,2526,West Ham,Tomáš Souček,CZE,MF,30.0,1995.0,35.0,24.0,2200.0,24.4,5.0,0.0,5.0,5.0,0.0,0.0,3.0,1.0,0.2,0.0,0.2,0.2,0.2,24.4,5.0,26.0,14.0,53.8,1.06,0.57,0.19,0.36,0.0,0.0,63.0,64.3,24,83.0,15,11,19.0,0,1.09,32.0,41.0,-9.0,-0.37,0.37,0.0,37.0,22.0,5.0,14.0,16.0,23.0,,,0.0,,,,,,,,,,,,,,,
ENG-Premier League,2526,West Ham,Valentín Castellanos,ARG,FW,26.0,1998.0,18.0,17.0,1384.0,15.4,6.0,0.0,6.0,6.0,0.0,0.0,6.0,0.0,0.39,0.0,0.39,0.39,0.39,15.4,6.0,50.0,22.0,44.0,3.25,1.43,0.12,0.27,0.0,0.0,77.0,40.5,17,78.0,3,1,65.0,0,1.39,21.0,16.0,5.0,0.33,1.39,0.0,32.0,16.0,9.0,9.0,6.0,9.0,,,0.0,,,,,,,,,,,,,,,
ENG-Premier League,2526,Wolves,Adam Armstrong,ENG,"FW,MF",28.0,1997.0,14.0,14.0,1140.0,12.7,2.0,2.0,4.0,1.0,1.0,1.0,3.0,0.0,0.16,0.16,0.32,0.08,0.24,12.7,2.0,18.0,6.0,33.3,1.42,0.47,0.11,0.33,1.0,1.0,81.0,33.3,14,81.0,7,0,,0,0.86,9.0,20.0,-11.0,-0.87,0.32,0.0,12.0,3.0,5.0,5.0,1.0,4.0,,,0.0,,,,,,,,,,,,,,,
ENG-Premier League,2526,Wolves,André,BRA,MF,24.0,2001.0,35.0,30.0,2762.0,30.7,1.0,0.0,1.0,1.0,0.0,0.0,12.0,0.0,0.03,0.0,0.03,0.03,0.03,30.7,1.0,15.0,1.0,6.7,0.49,0.03,0.07,1.0,0.0,0.0,79.0,80.8,30,86.0,24,5,34.0,0,0.51,19.0,53.0,-34.0,-1.11,-0.15,0.0,47.0,43.0,0.0,40.0,25.0,42.0,,,0.0,,,,,,,,,,,,,,,
ENG-Premier League,2526,Wolves,Angel Gomes,ENG,"MF,FW",24.0,2000.0,12.0,7.0,461.0,5.1,0.0,0.0,0.0,0.0,0.0,0.0,1.0,0.0,0.0,0.0,0.0,0.0,0.0,5.1,0.0,6.0,2.0,33.3,1.17,0.39,0.0,0.0,0.0,0.0,38.0,13.5,7,57.0,0,5,13.0,2,0.92,4.0,8.0,-4.0,-0.78,0.34,0.0,7.0,9.0,0.0,12.0,1.0,5.0,,,0.0,,,,,,,,,,,,,,,
ENG-Premier League,2526,Wolves,Daniel Bentley,ENG,GK,32.0,1993.0,3.0,3.0,270.0,3.0,0.0,0.0,0.0,0.0,0.0,0.0,0.0,0.0,0.0,0.0,0.0,0.0,0.0,3.0,0.0,0.0,0.0,,0.0,0.0,,,0.0,0.0,90.0,7.9,3,90.0,3,0,,6,0.33,1.0,7.0,-6.0,-2.0,-1.0,0.0,0.0,2.0,0.0,0.0,0.0,0.0,,,0.0,7.0,2.33,14.0,7.0,50.0,0.0,1.0,2.0,0.0,0.0,1.0,1.0,0.0,0.0,0.0
ENG-Premier League,2526,Wolves,David Møller Wolfe,NOR,"MF,DF",23.0,2002.0,22.0,11.0,1049.0,11.7,0.0,2.0,2.0,0.0,0.0,0.0,1.0,0.0,0.0,0.17,0.17,0.0,0.17,11.7,0.0,3.0,0.0,0.0,0.26,0.0,0.0,,0.0,0.0,48.0,30.7,11,79.0,4,11,16.0,15,0.5,6.0,23.0,-17.0,-1.46,-0.55,0.0,10.0,4.0,0.0,32.0,7.0,5.0,,,0.0,,,,,,,,,,,,,,,
ENG-Premier League,2526,Wolves,Emmanuel Agbadou,CIV,DF,28.0,1997.0,14.0,12.0,1101.0,12.2,0.0,0.0,0.0,0.0,0.0,0.0,1.0,1.0,0.0,0.0,0.0,0.0,0.0,12.2,0.0,10.0,3.0,30.0,0.82,0.25,0.0,0.0,0.0,0.0,79.0,32.2,12,85.0,11,2,38.0,4,0.14,6.0,27.0,-21.0,-1.72,-0.94,0.0,10.0,5.0,1.0,13.0,14.0,21.0,,,0.0,,,,,,,,,,,,,,,
ENG-Premier League,2526,Wolves,Fer López,ESP,MF,21.0,2004.0,9.0,2.0,235.0,2.6,0.0,1.0,1.0,0.0,0.0,0.0,1.0,0.0,0.0,0.38,0.38,0.0,0.38,2.6,0.0,5.0,1.0,20.0,1.91,0.38,0.0,0.0,0.0,0.0,26.0,6.9,2,55.0,0,7,18.0,11,0.11,3.0,9.0,-6.0,-2.3,-1.31,0.0,6.0,4.0,0.0,4.0,0.0,1.0,,,0.0,,,,,,,,,,,,,,,
ENG-Premier League,2526,Wolves,Hugo Bueno,ESP,"MF,DF",22.0,2002.0,35.0,26.0,2366.0,26.3,1.0,2.0,3.0,1.0,0.0,0.0,3.0,0.0,0.04,0.08,0.11,0.04,0.11,26.3,1.0,16.0,6.0,37.5,0.61,0.23,0.06,0.17,0.0,0.0,68.0,69.2,26,84.0,17,9,20.0,0,0.57,20.0,44.0,-24.0,-0.91,0.54,0.0,17.0,24.0,3.0,166.0,33.0,35.0,,,0.0,,,,,,,,,,,,,,,
ENG-Premier League,2526,Wolves,Hwang Hee-chan,KOR,"FW,MF",29.0,1996.0,26.0,18.0,1446.0,16.1,2.0,2.0,4.0,1.0,1.0,1.0,5.0,0.0,0.12,0.12,0.25,0.06,0.19,16.1,2.0,19.0,6.0,31.6,1.18,0.37,0.11,0.33,1.0,1.0,56.0,42.3,18,73.0,1,8,17.0,7,0.38,10.0,29.0,-19.0,-1.18,-0.18,0.0,28.0,18.0,9.0,19.0,12.0,4.0,,,0.0,,,,,,,,,,,,,,,
ENG-Premier League,2526,Wolves,Jackson Tchatchoua,CMR,"MF,DF",23.0,2001.0,31.0,19.0,1845.0,20.5,0.0,1.0,1.0,0.0,0.0,0.0,3.0,0.0,0.0,0.05,0.05,0.0,0.05,20.5,0.0,3.0,1.0,33.3,0.15,0.05,0.0,0.0,0.0,0.0,60.0,53.9,19,82.0,14,12,24.0,6,0.55,17.0,37.0,-20.0,-0.98,0.22,0.0,8.0,9.0,2.0,90.0,14.0,15.0,,,0.0,,,,,,,,,,,,,,,
ENG-Premier League,2526,Wolves,Jean-Ricner Bellegarde,HAI,"MF,FW",27.0,1998.0,26.0,15.0,1248.0,13.9,1.0,1.0,2.0,1.0,0.0,0.0,5.0,0.0,0.07,0.07,0.14,0.07,0.14,13.9,1.0,21.0,7.0,33.3,1.51,0.5,0.05,0.14,0.0,0.0,48.0,36.5,15,68.0,1,11,21.0,2,0.46,10.0,30.0,-20.0,-1.44,-0.57,0.0,20.0,41.0,0.0,25.0,9.0,15.0,,,0.0,,,,,,,,,,,,,,,
ENG-Premier League,2526,Wolves,Jerome Abbey,ENG,MF,15.0,2009.0,1.0,0.0,17.0,0.2,0.0,0.0,0.0,0.0,0.0,0.0,0.0,0.0,0.0,0.0,0.0,0.0,0.0,0.2,0.0,0.0,0.0,,0.0,0.0,,,0.0,0.0,17.0,0.5,0,,0,1,17.0,1,1.0,0.0,0.0,0.0,0.0,1.08,0.0,0.0,0.0,1.0,0.0,1.0,0.0,,,0.0,,,,,,,,,,,,,,,
ENG-Premier League,2526,Wolves,Jhon Arias,COL,"FW,MF",27.0,1997.0,23.0,14.0,1124.0,12.5,1.0,0.0,1.0,1.0,0.0,0.0,1.0,0.0,0.08,0.0,0.08,0.08,0.08,12.5,1.0,16.0,3.0,18.8,1.28,0.24,0.06,0.33,0.0,0.0,49.0,32.9,14,71.0,2,9,15.0,1,0.35,11.0,21.0,-10.0,-0.8,0.41,0.0,26.0,9.0,3.0,30.0,7.0,27.0,,,0.0,,,,,,,,,,,,,,,
ENG-Premier League,2526,Wolves,José Sá,POR,GK,32.0,1993.0,23.0,23.0,2070.0,23.0,0.0,0.0,0.0,0.0,0.0,0.0,2.0,0.0,0.0,0.0,0.0,0.0,0.0,23.0,0.0,0.0,0.0,,0.0,0.0,,,0.0,0.0,90.0,60.5,23,90.0,23,0,,11,0.74,20.0,37.0,-17.0,-0.74,0.86,0.0,0.0,6.0,0.0,0.0,0.0,0.0,,,0.0,37.0,1.61,102.0,65.0,63.7,3.0,8.0,12.0,4.0,17.4,3.0,3.0,0.0,0.0,0.0
ENG-Premier League,2526,Wolves,João Gomes,BRA,MF,24.0,2001.0,35.0,32.0,2829.0,31.4,1.0,1.0,2.0,1.0,0.0,0.0,10.0,0.0,0.03,0.03,0.06,0.03,0.06,31.4,1.0,19.0,7.0,36.8,0.6,0.22,0.05,0.14,0.0,0.0,81.0,82.7,32,86.0,23,3,24.0,1,0.51,21.0,56.0,-35.0,-1.11,-0.2,0.0,69.0,49.0,1.0,31.0,36.0,68.0,,,0.0,,,,,,,,,,,,,,,
ENG-Premier League,2526,Wolves,Jørgen Strand Larsen,NOR,FW,25.0,2000.0,22.0,14.0,1404.0,15.6,1.0,1.0,2.0,0.0,1.0,2.0,2.0,0.0,0.06,0.06,0.13,0.0,0.06,15.6,1.0,21.0,7.0,33.3,1.35,0.45,0.05,0.14,1.0,2.0,64.0,41.1,14,83.0,7,8,31.0,0,0.36,6.0,26.0,-20.0,-1.28,-0.34,0.0,30.0,11.0,9.0,3.0,3.0,2.0,,,0.0,,,,,,,,,,,,,,,
ENG-Premier League,2526,Wolves,Ki-Jana Hoever,NED,"MF,DF",23.0,2002.0,8.0,6.0,425.0,4.7,0.0,0.0,0.0,0.0,0.0,0.0,0.0,0.0,0.0,0.0,0.0,0.0,0.0,4.7,0.0,1.0,1.0,100.0,0.21,0.21,0.0,0.0,0.0,0.0,53.0,12.4,6,65.0,0,2,17.0,9,0.0,3.0,13.0,-10.0,-2.12,-1.19,0.0,3.0,3.0,1.0,22.0,5.0,11.0,,,0.0,,,,,,,,,,,,,,,
ENG-Premier League,2526,Wolves,Ladislav Krejčí,CZE,"DF,MF",26.0,1999.0,28.0,27.0,2356.0,26.2,2.0,1.0,3.0,2.0,0.0,0.0,5.0,1.0,0.08,0.04,0.11,0.08,0.11,26.2,2.0,21.0,10.0,47.6,0.8,0.38,0.1,0.2,0.0,0.0,84.0,68.9,27,85.0,21,1,48.0,2,0.57,20.0,45.0,-25.0,-0.96,0.4,1.0,33.0,7.0,0.0,17.0,32.0,21.0,,,1.0,,,,,,,,,,,,,,,
ENG-Premier League,2526,Wolves,Marshall Munetsi,ZIM,"MF,FW",29.0,1996.0,13.0,9.0,875.0,9.7,1.0,1.0,2.0,1.0,0.0,0.0,2.0,0.0,0.1,0.1,0.21,0.1,0.21,9.7,1.0,14.0,6.0,42.9,1.44,0.62,0.07,0.17,0.0,0.0,67.0,25.6,9,86.0,6,4,24.0,1,0.15,6.0,19.0,-13.0,-1.34,-0.35,0.0,19.0,10.0,4.0,14.0,5.0,13.0,,,0.0,,,,,,,,,,,,,,,
ENG-Premier League,2526,Wolves,Mateus Mane,POR,MF,17.0,2007.0,27.0,19.0,1795.0,19.9,3.0,1.0,4.0,3.0,0.0,0.0,0.0,0.0,0.15,0.05,0.2,0.15,0.2,19.9,3.0,41.0,17.0,41.5,2.06,0.85,0.07,0.18,0.0,0.0,66.0,52.5,19,85.0,15,8,23.0,0,0.67,16.0,30.0,-14.0,-0.7,0.79,0.0,26.0,47.0,2.0,94.0,5.0,13.0,,,0.0,,,,,,,,,,,,,,,
ENG-Premier League,2526,Wolves,Matt Doherty,IRL,"DF,MF",33.0,1992.0,11.0,11.0,787.0,8.7,0.0,0.0,0.0,0.0,0.0,0.0,4.0,0.0,0.0,0.0,0.0,0.0,0.0,8.7,0.0,3.0,0.0,0.0,0.34,0.0,0.0,,0.0,0.0,72.0,23.0,11,72.0,3,0,,15,0.45,2.0,15.0,-13.0,-1.49,-0.53,0.0,16.0,6.0,0.0,8.0,7.0,8.0,,,0.0,,,,,,,,,,,,,,,
ENG-Premier League,2526,Wolves,Pedro Lima,BRA,MF,19.0,2006.0,9.0,3.0,260.0,2.9,0.0,0.0,0.0,0.0,0.0,0.0,0.0,0.0,0.0,0.0,0.0,0.0,0.0,2.9,0.0,4.0,1.0,25.0,1.38,0.35,0.0,0.0,0.0,0.0,29.0,7.6,3,65.0,0,6,11.0,9,0.44,0.0,6.0,-6.0,-2.08,-1.08,0.0,6.0,1.0,0.0,10.0,4.0,5.0,,,0.0,,,,,,,,,,,,,,,
ENG-Premier League,2526,Wolves,Rodrigo Gomes,POR,"MF,FW",22.0,2003.0,22.0,9.0,960.0,10.7,3.0,0.0,3.0,3.0,0.0,0.0,0.0,0.0,0.28,0.0,0.28,0.28,0.28,10.7,3.0,20.0,6.0,30.0,1.87,0.56,0.15,0.5,0.0,0.0,44.0,28.1,9,72.0,1,13,24.0,4,0.59,12.0,18.0,-6.0,-0.56,0.72,0.0,6.0,8.0,3.0,24.0,11.0,18.0,,,0.0,,,,,,,,,,,,,,,
ENG-Premier League,2526,Wolves,Sam Johnstone,ENG,GK,32.0,1993.0,12.0,12.0,1080.0,12.0,0.0,0.0,0.0,0.0,0.0,0.0,0.0,0.0,0.0,0.0,0.0,0.0,0.0,12.0,0.0,0.0,0.0,,0.0,0.0,,,0.0,0.0,90.0,31.6,12,90.0,12,0,,18,0.17,6.0,24.0,-18.0,-1.5,-0.62,0.0,0.0,0.0,0.0,0.0,0.0,1.0,,,1.0,24.0,2.0,63.0,39.0,61.9,0.0,2.0,10.0,0.0,0.0,1.0,1.0,0.0,0.0,0.0
ENG-Premier League,2526,Wolves,Santiago Bueno,URU,DF,26.0,1998.0,29.0,28.0,2553.0,28.4,3.0,1.0,4.0,3.0,0.0,0.0,4.0,0.0,0.11,0.04,0.14,0.11,0.14,28.4,3.0,10.0,7.0,70.0,0.35,0.25,0.3,0.43,0.0,0.0,88.0,74.6,28,90.0,27,1,35.0,8,0.66,23.0,47.0,-24.0,-0.85,0.92,0.0,29.0,11.0,2.0,6.0,27.0,30.0,,,0.0,,,,,,,,,,,,,,,
ENG-Premier League,2526,Wolves,Saša Kalajdžić,AUT,"FW,MF",28.0,1997.0,1.0,0.0,15.0,0.2,0.0,0.0,0.0,0.0,0.0,0.0,0.0,0.0,0.0,0.0,0.0,0.0,0.0,0.2,0.0,0.0,0.0,,0.0,0.0,,,0.0,0.0,15.0,0.4,0,,0,1,15.0,1,0.0,1.0,0.0,1.0,6.0,7.11,0.0,0.0,0.0,0.0,0.0,1.0,0.0,,,0.0,,,,,,,,,,,,,,,
ENG-Premier League,2526,Wolves,Tawanda Chirewa,ZIM,MF,21.0,2003.0,2.0,0.0,27.0,0.3,0.0,0.0,0.0,0.0,0.0,0.0,0.0,0.0,0.0,0.0,0.0,0.0,0.0,0.3,0.0,0.0,0.0,,0.0,0.0,,,0.0,0.0,14.0,0.8,0,,0,2,14.0,5,1.5,0.0,0.0,0.0,0.0,1.09,0.0,3.0,1.0,0.0,0.0,0.0,0.0,,,0.0,,,,,,,,,,,,,,,
ENG-Premier League,2526,Wolves,Tolu Arokodare,NGA,FW,24.0,2000.0,33.0,13.0,1419.0,15.8,3.0,1.0,4.0,3.0,0.0,1.0,1.0,0.0,0.19,0.06,0.25,0.19,0.25,15.8,3.0,46.0,16.0,34.8,2.92,1.01,0.07,0.19,0.0,1.0,43.0,41.5,13,82.0,7,20,18.0,2,0.61,16.0,28.0,-12.0,-0.76,0.54,0.0,18.0,17.0,6.0,0.0,5.0,4.0,,,0.0,,,,,,,,,,,,,,,
ENG-Premier League,2526,Wolves,Tom Edozie,ENG,MF,19.0,2006.0,3.0,0.0,14.0,0.2,1.0,0.0,1.0,1.0,0.0,0.0,0.0,0.0,6.43,0.0,6.43,6.43,6.43,0.2,1.0,2.0,1.0,50.0,12.86,6.43,0.5,1.0,0.0,0.0,5.0,0.4,0,,0,3,5.0,8,0.67,1.0,0.0,1.0,6.43,7.54,0.0,0.0,0.0,0.0,0.0,0.0,0.0,,,0.0,,,,,,,,,,,,,,,
ENG-Premier League,2526,Wolves,Toti Gomes,POR,DF,26.0,1999.0,19.0,17.0,1424.0,15.8,0.0,0.0,0.0,0.0,0.0,0.0,2.0,1.0,0.0,0.0,0.0,0.0,0.0,15.8,0.0,5.0,2.0,40.0,0.32,0.13,0.0,0.0,0.0,0.0,75.0,41.6,17,82.0,12,2,13.0,7,0.32,7.0,33.0,-26.0,-1.64,-0.97,0.0,11.0,11.0,0.0,11.0,13.0,11.0,,,0.0,,,,,,,,,,,,,,,
ENG-Premier League,2526,Wolves,Yerson Mosquera,COL,DF,24.0,2001.0,27.0,24.0,2136.0,23.7,0.0,0.0,0.0,0.0,0.0,0.0,12.0,0.0,0.0,0.0,0.0,0.0,0.0,23.7,0.0,30.0,6.0,20.0,1.26,0.25,0.0,0.0,0.0,0.0,79.0,62.5,24,86.0,17,3,26.0,6,0.7,21.0,40.0,-19.0,-0.8,0.74,0.0,34.0,44.0,1.0,18.0,25.0,36.0,,,2.0,,,,,,,,,,,,,,,
ESP-La Liga,2526,Alavés,Abde Rebbach,ALG,"MF,DF",26.0,1998.0,30.0,15.0,1496.0,16.6,1.0,4.0,5.0,1.0,0.0,0.0,8.0,0.0,0.06,0.24,0.3,0.06,0.3,16.6,1.0,34.0,12.0,35.3,2.05,0.72,0.03,0.08,0.0,0.0,50.0,43.7,15,76.0,7,15,24.0,7,1.13,21.0,21.0,0.0,0.0,0.56,0.0,40.0,30.0,5.0,109.0,16.0,21.0,,,0.0,,,,,,,,,,,,,,,
ESP-La Liga,2526,Alavés,Aitor Mañas,ESP,FW,22.0,2003.0,9.0,0.0,122.0,1.4,0.0,0.0,0.0,0.0,0.0,0.0,0.0,0.0,0.0,0.0,0.0,0.0,0.0,1.4,0.0,2.0,1.0,50.0,1.48,0.74,0.0,0.0,0.0,0.0,14.0,3.6,0,,0,9,14.0,10,1.0,2.0,3.0,-1.0,-0.74,-0.44,0.0,2.0,1.0,0.0,0.0,1.0,2.0,,,0.0,,,,,,,,,,,,,,,
ESP-La Liga,2526,Alavés,Ander Guevara,ESP,MF,28.0,1997.0,25.0,2.0,654.0,7.3,1.0,1.0,2.0,1.0,0.0,0.0,4.0,1.0,0.14,0.14,0.28,0.14,0.28,7.3,1.0,5.0,1.0,20.0,0.69,0.14,0.2,1.0,0.0,0.0,26.0,19.1,2,83.0,1,23,21.0,12,1.0,15.0,14.0,1.0,0.14,0.56,1.0,11.0,5.0,0.0,6.0,9.0,8.0,,,0.0,,,,,,,,,,,,,,,
ESP-La Liga,2526,Alavés,Antonio Blanco,ESP,MF,25.0,2000.0,36.0,36.0,3110.0,34.6,2.0,3.0,5.0,2.0,0.0,0.0,9.0,0.0,0.06,0.09,0.14,0.06,0.14,34.6,2.0,40.0,13.0,32.5,1.16,0.38,0.05,0.15,0.0,0.0,86.0,90.9,36,86.0,28,0,,1,1.08,36.0,52.0,-16.0,-0.46,-1.62,0.0,71.0,43.0,2.0,30.0,51.0,49.0,,,0.0,,,,,,,,,,,,,,,
ESP-La Liga,2526,Alavés,Antonio Sivera,ESP,GK,28.0,1996.0,38.0,38.0,3420.0,38.0,0.0,0.0,0.0,0.0,0.0,0.0,3.0,0.0,0.0,0.0,0.0,0.0,0.0,38.0,0.0,0.0,0.0,,0.0,0.0,,,0.0,0.0,90.0,100.0,38,90.0,38,0,,0,1.13,44.0,56.0,-12.0,-0.32,,0.0,1.0,1.0,0.0,0.0,0.0,1.0,,,1.0,56.0,1.47,153.0,97.0,63.4,11.0,10.0,17.0,5.0,13.2,5.0,5.0,0.0,0.0,0.0
ESP-La Liga,2526,Alavés,Calebe,BRA,MF,25.0,2000.0,19.0,13.0,752.0,8.4,0.0,0.0,0.0,0.0,0.0,0.0,2.0,0.0,0.0,0.0,0.0,0.0,0.0,8.4,0.0,5.0,1.0,20.0,0.6,0.12,0.0,0.0,0.0,0.0,40.0,22.0,13,52.0,0,6,13.0,18,1.21,8.0,8.0,0.0,0.0,0.4,0.0,18.0,19.0,0.0,16.0,9.0,14.0,,,0.0,,,,,,,,,,,,,,,
ESP-La Liga,2526,Alavés,Carles Aleñá,ESP,MF,27.0,1998.0,34.0,23.0,1989.0,22.1,0.0,4.0,4.0,0.0,0.0,0.0,5.0,0.0,0.0,0.18,0.18,0.0,0.18,22.1,0.0,29.0,5.0,17.2,1.31,0.23,0.0,0.0,0.0,0.0,59.0,58.2,23,73.0,4,11,27.0,3,1.06,23.0,35.0,-12.0,-0.54,-0.54,0.0,38.0,36.0,1.0,121.0,12.0,24.0,,,0.0,,,,,,,,,,,,,,,
ESP-La Liga,2526,Alavés,Carlos Ballestero,ESP,DF,21.0,2004.0,1.0,0.0,1.0,0.0,0.0,0.0,0.0,0.0,0.0,0.0,0.0,0.0,0.0,0.0,0.0,0.0,0.0,0.0,0.0,0.0,0.0,,0.0,0.0,,,0.0,0.0,1.0,0.0,0,,0,1,1.0,8,1.0,0.0,1.0,-1.0,-90.0,-89.71,0.0,0.0,0.0,0.0,0.0,0.0,0.0,,,0.0,,,,,,,,,,,,,,,
ESP-La Liga,2526,Alavés,Carlos Benavídez,URU,DF,27.0,1998.0,13.0,3.0,324.0,3.6,0.0,0.0,0.0,0.0,0.0,0.0,2.0,1.0,0.0,0.0,0.0,0.0,0.0,3.6,0.0,3.0,2.0,66.7,0.83,0.56,0.0,0.0,0.0,0.0,25.0,9.5,3,55.0,1,10,16.0,14,1.62,5.0,6.0,-1.0,-0.28,0.04,1.0,8.0,2.0,0.0,1.0,3.0,6.0,,,0.0,,,,,,,,,,,,,,,
ESP-La Liga,2526,Alavés,Carlos Vicente,ESP,MF,26.0,1999.0,21.0,11.0,1258.0,14.0,5.0,0.0,5.0,2.0,3.0,3.0,1.0,0.0,0.36,0.0,0.36,0.14,0.14,14.0,5.0,12.0,6.0,50.0,0.86,0.43,0.42,0.83,3.0,3.0,60.0,36.8,11,79.0,6,10,39.0,0,1.05,12.0,19.0,-7.0,-0.5,-0.29,0.0,12.0,42.0,10.0,128.0,7.0,18.0,,,0.0,,,,,,,,,,,,,,,
ESP-La Liga,2526,Alavés,Denis Suárez,ESP,MF,31.0,1994.0,30.0,15.0,1406.0,15.6,1.0,2.0,3.0,1.0,0.0,0.0,6.0,0.0,0.06,0.13,0.19,0.06,0.19,15.6,1.0,9.0,4.0,44.4,0.58,0.26,0.11,0.25,0.0,0.0,47.0,41.1,15,69.0,0,15,24.0,2,1.07,21.0,21.0,0.0,0.0,0.54,0.0,20.0,26.0,0.0,41.0,7.0,12.0,,,0.0,,,,,,,,,,,,,,,
ESP-La Liga,2526,Alavés,Diego Morcillo,ESP,FW,22.0,2003.0,1.0,0.0,10.0,0.1,0.0,0.0,0.0,0.0,0.0,0.0,0.0,0.0,0.0,0.0,0.0,0.0,0.0,0.1,0.0,1.0,0.0,0.0,9.0,0.0,0.0,,0.0,0.0,10.0,0.3,0,,0,1,10.0,5,0.0,0.0,0.0,0.0,0.0,0.32,0.0,1.0,1.0,0.0,1.0,0.0,0.0,,,0.0,,,,,,,,,,,,,,,
ESP-La Liga,2526,Alavés,Facundo Garcés,MAS,DF,25.0,1999.0,10.0,8.0,793.0,8.8,0.0,0.0,0.0,0.0,0.0,0.0,3.0,0.0,0.0,0.0,0.0,0.0,0.0,8.8,0.0,8.0,4.0,50.0,0.91,0.45,0.0,0.0,0.0,0.0,79.0,23.2,8,90.0,8,2,37.0,1,1.2,8.0,11.0,-3.0,-0.34,-0.03,0.0,13.0,3.0,2.0,1.0,7.0,8.0,,,0.0,,,,,,,,,,,,,,,
ESP-La Liga,2526,Alavés,Ibrahim Diabaté,CIV,FW,25.0,1999.0,10.0,6.0,578.0,6.4,2.0,0.0,2.0,2.0,0.0,0.0,1.0,0.0,0.31,0.0,0.31,0.31,0.31,6.4,2.0,15.0,5.0,33.3,2.34,0.78,0.13,0.4,0.0,0.0,58.0,16.9,6,69.0,0,4,41.0,4,1.5,14.0,8.0,6.0,0.93,1.5,0.0,6.0,5.0,3.0,0.0,2.0,1.0,,,0.0,,,,,,,,,,,,,,,
ESP-La Liga,2526,Alavés,Jon Guridi,ESP,"MF,FW",30.0,1995.0,28.0,15.0,1238.0,13.8,0.0,0.0,0.0,0.0,0.0,0.0,1.0,0.0,0.0,0.0,0.0,0.0,0.0,13.8,0.0,15.0,4.0,26.7,1.09,0.29,0.0,0.0,0.0,0.0,44.0,36.2,15,66.0,1,13,19.0,9,1.11,15.0,25.0,-10.0,-0.73,-0.64,0.0,15.0,8.0,2.0,12.0,10.0,19.0,,,0.0,,,,,,,,,,,,,,,
ESP-La Liga,2526,Alavés,Jon Pacheco,ESP,DF,24.0,2001.0,22.0,20.0,1735.0,19.3,0.0,0.0,0.0,0.0,0.0,0.0,5.0,1.0,0.0,0.0,0.0,0.0,0.0,19.3,0.0,4.0,1.0,25.0,0.21,0.05,0.0,0.0,0.0,0.0,79.0,50.7,20,85.0,17,2,13.0,11,1.14,17.0,29.0,-12.0,-0.62,-0.62,1.0,14.0,7.0,1.0,4.0,11.0,16.0,,,0.0,,,,,,,,,,,,,,,
ESP-La Liga,2526,Alavés,Jonny Castro,ESP,DF,31.0,1994.0,34.0,34.0,2994.0,33.3,0.0,0.0,0.0,0.0,0.0,0.0,7.0,0.0,0.0,0.0,0.0,0.0,0.0,33.3,0.0,9.0,3.0,33.3,0.27,0.09,0.0,0.0,0.0,0.0,88.0,87.5,34,88.0,30,0,,3,1.06,39.0,52.0,-13.0,-0.39,-0.6,0.0,37.0,30.0,1.0,23.0,40.0,41.0,,,0.0,,,,,,,,,,,,,,,
ESP-La Liga,2526,Alavés,Lander Pinillos,ESP,MF,21.0,2003.0,1.0,0.0,2.0,0.0,0.0,0.0,0.0,0.0,0.0,0.0,0.0,0.0,0.0,0.0,0.0,0.0,0.0,0.0,0.0,0.0,0.0,,0.0,0.0,,,0.0,0.0,2.0,0.1,0,,0,1,2.0,7,0.0,0.0,0.0,0.0,0.0,0.32,0.0,0.0,0.0,0.0,1.0,0.0,0.0,,,0.0,,,,,,,,,,,,,,,
ESP-La Liga,2526,Alavés,Lucas Boyé,ARG,FW,29.0,1996.0,29.0,22.0,1958.0,21.8,11.0,1.0,12.0,8.0,3.0,3.0,4.0,1.0,0.51,0.05,0.55,0.37,0.41,21.8,11.0,63.0,21.0,33.3,2.9,0.97,0.17,0.52,3.0,3.0,68.0,57.3,22,80.0,15,7,27.0,0,1.21,25.0,32.0,-7.0,-0.32,-0.01,1.0,58.0,39.0,10.0,10.0,7.0,25.0,,,0.0,,,,,,,,,,,,,,,
ESP-La Liga,2526,Alavés,Mariano,DOM,FW,31.0,1993.0,10.0,3.0,288.0,3.2,0.0,0.0,0.0,0.0,0.0,0.0,1.0,0.0,0.0,0.0,0.0,0.0,0.0,3.2,0.0,6.0,3.0,50.0,1.87,0.94,0.0,0.0,0.0,0.0,29.0,8.4,3,56.0,0,7,17.0,17,0.8,2.0,4.0,-2.0,-0.62,-0.34,0.0,13.0,0.0,6.0,3.0,0.0,1.0,,,0.0,,,,,,,,,,,,,,,
ESP-La Liga,2526,Alavés,Moussa Diarra,MLI,DF,24.0,2000.0,3.0,3.0,216.0,2.4,0.0,0.0,0.0,0.0,0.0,0.0,1.0,0.0,0.0,0.0,0.0,0.0,0.0,2.4,0.0,0.0,0.0,,0.0,0.0,,,0.0,0.0,72.0,6.3,3,72.0,0,0,,11,1.33,3.0,3.0,0.0,0.0,0.34,0.0,4.0,1.0,0.0,1.0,1.0,2.0,,,0.0,,,,,,,,,,,,,,,
ESP-La Liga,2526,Alavés,Nahuel Tenaglia,ARG,DF,29.0,1996.0,36.0,36.0,3239.0,36.0,2.0,0.0,2.0,2.0,0.0,0.0,3.0,0.0,0.06,0.0,0.06,0.06,0.06,36.0,2.0,24.0,8.0,33.3,0.67,0.22,0.08,0.25,0.0,0.0,90.0,94.7,36,90.0,35,0,,2,1.08,41.0,53.0,-12.0,-0.33,-0.33,0.0,31.0,42.0,5.0,17.0,47.0,43.0,,,0.0,,,,,,,,,,,,,,,
ESP-La Liga,2526,Alavés,Pablo Ibáñez,ESP,MF,26.0,1998.0,37.0,28.0,2236.0,24.8,1.0,1.0,2.0,1.0,0.0,0.0,7.0,0.0,0.04,0.04,0.08,0.04,0.08,24.8,1.0,47.0,13.0,27.7,1.89,0.52,0.02,0.08,0.0,0.0,60.0,65.4,28,71.0,6,9,27.0,0,1.16,22.0,33.0,-11.0,-0.44,-0.37,0.0,38.0,66.0,3.0,38.0,21.0,37.0,,,0.0,,,,,,,,,,,,,,,
ESP-La Liga,2526,Alavés,Toni Martínez,ESP,FW,28.0,1997.0,37.0,32.0,2714.0,30.2,14.0,3.0,17.0,13.0,1.0,1.0,2.0,0.0,0.46,0.1,0.56,0.43,0.53,30.2,14.0,93.0,36.0,38.7,3.08,1.19,0.15,0.39,1.0,1.0,73.0,79.4,32,80.0,12,5,28.0,1,1.08,40.0,41.0,-1.0,-0.03,1.37,0.0,46.0,37.0,13.0,14.0,4.0,15.0,,,0.0,,,,,,,,,,,,,,,
ESP-La Liga,2526,Alavés,Victor Parada,ESP,DF,23.0,2002.0,30.0,25.0,2146.0,23.8,0.0,3.0,3.0,0.0,0.0,0.0,9.0,1.0,0.0,0.13,0.13,0.0,0.13,23.8,0.0,12.0,3.0,25.0,0.5,0.13,0.0,0.0,0.0,0.0,72.0,62.7,25,82.0,15,5,18.0,6,1.23,30.0,38.0,-8.0,-0.34,-0.05,1.0,29.0,15.0,4.0,31.0,9.0,14.0,,,0.0,,,,,,,,,,,,,,,
ESP-La Liga,2526,Alavés,Ville Koski,FIN,DF,23.0,2002.0,5.0,3.0,282.0,3.1,0.0,0.0,0.0,0.0,0.0,0.0,0.0,0.0,0.0,0.0,0.0,0.0,0.0,3.1,0.0,1.0,1.0,100.0,0.32,0.32,0.0,0.0,0.0,0.0,56.0,8.2,3,90.0,3,2,6.0,7,2.0,3.0,3.0,0.0,0.0,0.34,0.0,2.0,0.0,0.0,0.0,4.0,3.0,,,0.0,,,,,,,,,,,,,,,
ESP-La Liga,2526,Alavés,Youssef Lekhedim,ESP,"DF,MF",19.0,2005.0,25.0,13.0,1335.0,14.8,0.0,1.0,1.0,0.0,0.0,0.0,7.0,0.0,0.0,0.07,0.07,0.0,0.07,14.8,0.0,11.0,3.0,27.3,0.74,0.2,0.0,0.0,0.0,0.0,53.0,39.0,13,83.0,7,12,21.0,11,1.15,19.0,22.0,-3.0,-0.2,0.19,0.0,24.0,13.0,0.0,61.0,12.0,10.0,,,0.0,,,,,,,,,,,,,,,
ESP-La Liga,2526,Alavés,Ángel Pérez,ESP,"MF,DF",22.0,2002.0,16.0,14.0,1288.0,14.3,1.0,3.0,4.0,1.0,0.0,0.0,4.0,0.0,0.07,0.21,0.28,0.07,0.28,14.3,1.0,14.0,4.0,28.6,0.98,0.28,0.07,0.25,0.0,0.0,81.0,37.7,14,88.0,10,2,30.0,1,1.13,22.0,25.0,-3.0,-0.21,0.17,0.0,16.0,17.0,6.0,85.0,9.0,13.0,,,0.0,,,,,,,,,,,,,,,
ESP-La Liga,2526,Athletic Club,Adama Boiro,ESP,DF,23.0,2002.0,14.0,8.0,815.0,9.1,0.0,0.0,0.0,0.0,0.0,0.0,1.0,0.0,0.0,0.0,0.0,0.0,0.0,9.1,0.0,2.0,0.0,0.0,0.22,0.0,0.0,,0.0,0.0,58.0,23.8,8,83.0,6,6,26.0,24,0.86,8.0,20.0,-12.0,-1.33,-1.22,0.0,6.0,11.0,0.0,24.0,18.0,11.0,,,0.0,,,,,,,,,,,,,,,
ESP-La Liga,2526,Athletic Club,Aitor Paredes,ESP,DF,25.0,2000.0,19.0,18.0,1630.0,18.1,2.0,0.0,2.0,2.0,0.0,0.0,4.0,0.0,0.11,0.0,0.11,0.11,0.11,18.1,2.0,13.0,4.0,30.8,0.72,0.22,0.15,0.5,0.0,0.0,86.0,47.7,18,90.0,18,1,10.0,15,1.32,26.0,28.0,-2.0,-0.11,0.54,0.0,19.0,7.0,0.0,1.0,26.0,12.0,,,0.0,,,,,,,,,,,,,,,
ESP-La Liga,2526,Athletic Club,Alejandro Rego,ESP,MF,22.0,2003.0,29.0,11.0,1279.0,14.2,1.0,1.0,2.0,1.0,0.0,0.0,6.0,0.0,0.07,0.07,0.14,0.07,0.14,14.2,1.0,12.0,3.0,25.0,0.84,0.21,0.08,0.33,0.0,0.0,44.0,37.4,11,76.0,5,18,25.0,7,1.31,20.0,23.0,-3.0,-0.21,0.29,0.0,40.0,6.0,0.0,6.0,21.0,20.0,,,0.0,,,,,,,,,,,,,,,
ESP-La Liga,2526,Athletic Club,Alex Padilla,ESP,GK,21.0,2003.0,1.0,1.0,90.0,1.0,0.0,0.0,0.0,0.0,0.0,0.0,0.0,1.0,0.0,0.0,0.0,0.0,0.0,1.0,0.0,0.0,0.0,,0.0,0.0,,,0.0,0.0,90.0,2.6,1,90.0,1,0,,33,1.5,4.0,4.0,0.0,0.0,0.41,0.0,0.0,0.0,0.0,0.0,0.0,0.0,,,0.0,4.0,4.0,8.0,4.0,50.0,0.0,0.0,1.0,0.0,0.0,0.0,0.0,0.0,0.0,
ESP-La Liga,2526,Athletic Club,Andoni Gorosabel,ESP,DF,28.0,1996.0,24.0,15.0,1360.0,15.1,0.0,1.0,1.0,0.0,0.0,0.0,3.0,0.0,0.0,0.07,0.07,0.0,0.07,15.1,0.0,5.0,1.0,20.0,0.33,0.07,0.0,0.0,0.0,0.0,57.0,39.8,15,78.0,8,9,21.0,13,1.21,19.0,26.0,-7.0,-0.46,-0.11,0.0,13.0,12.0,0.0,55.0,18.0,24.0,,,0.0,,,,,,,,,,,,,,,
ESP-La Liga,2526,Athletic Club,Asier Hierro,ESP,FW,20.0,2005.0,1.0,0.0,34.0,0.4,0.0,0.0,0.0,0.0,0.0,0.0,0.0,0.0,0.0,0.0,0.0,0.0,0.0,0.4,0.0,1.0,0.0,0.0,2.65,0.0,0.0,,0.0,0.0,34.0,1.0,0,,0,1,34.0,2,0.0,0.0,0.0,0.0,0.0,0.4,0.0,0.0,0.0,0.0,0.0,0.0,0.0,,,0.0,,,,,,,,,,,,,,,
ESP-La Liga,2526,Athletic Club,Aymeric Laporte,ESP,DF,31.0,1994.0,25.0,24.0,2058.0,22.9,0.0,1.0,1.0,0.0,0.0,0.0,4.0,0.0,0.0,0.04,0.04,0.0,0.04,22.9,0.0,15.0,5.0,33.3,0.66,0.22,0.0,0.0,0.0,0.0,82.0,60.2,24,85.0,20,1,27.0,2,1.24,24.0,35.0,-11.0,-0.48,-0.22,0.0,9.0,13.0,1.0,2.0,27.0,17.0,,,0.0,,,,,,,,,,,,,,,
ESP-La Liga,2526,Athletic Club,Beñat Prados,ESP,MF,24.0,2001.0,2.0,1.0,85.0,0.9,0.0,0.0,0.0,0.0,0.0,0.0,1.0,0.0,0.0,0.0,0.0,0.0,0.0,0.9,0.0,1.0,0.0,0.0,1.06,0.0,0.0,,0.0,0.0,43.0,2.5,1,61.0,0,1,24.0,1,3.0,1.0,0.0,1.0,1.06,1.49,0.0,5.0,0.0,0.0,0.0,2.0,2.0,,,0.0,,,,,,,,,,,,,,,
ESP-La Liga,2526,Athletic Club,Daniel Vivian,ESP,DF,26.0,1999.0,31.0,28.0,2564.0,28.5,1.0,0.0,1.0,1.0,0.0,0.0,8.0,1.0,0.04,0.0,0.04,0.04,0.04,28.5,1.0,17.0,6.0,35.3,0.6,0.21,0.06,0.17,0.0,0.0,83.0,75.0,28,87.0,26,3,40.0,1,1.06,28.0,44.0,-16.0,-0.56,-0.67,0.0,38.0,17.0,1.0,11.0,34.0,38.0,,,0.0,,,,,,,,,,,,,,,
ESP-La Liga,2526,Athletic Club,Eder García,ESP,FW,21.0,2004.0,2.0,0.0,38.0,0.4,0.0,0.0,0.0,0.0,0.0,0.0,1.0,0.0,0.0,0.0,0.0,0.0,0.0,0.4,0.0,1.0,0.0,0.0,2.37,0.0,0.0,,0.0,0.0,19.0,1.1,0,,0,2,19.0,3,1.5,1.0,0.0,1.0,2.37,2.79,0.0,2.0,0.0,0.0,0.0,0.0,0.0,,,0.0,,,,,,,,,,,,,,,
ESP-La Liga,2526,Athletic Club,Gorka Guruzeta,ESP,FW,28.0,1996.0,35.0,28.0,2363.0,26.3,10.0,3.0,13.0,9.0,1.0,1.0,6.0,1.0,0.38,0.11,0.5,0.34,0.46,26.3,10.0,84.0,32.0,38.1,3.2,1.22,0.12,0.31,1.0,1.0,68.0,69.1,28,77.0,13,7,29.0,2,1.2,31.0,37.0,-6.0,-0.23,0.54,1.0,49.0,30.0,11.0,7.0,11.0,6.0,,,0.0,,,,,,,,,,,,,,,
ESP-La Liga,2526,Athletic Club,Iñaki Williams,GHA,"MF,FW",31.0,1994.0,30.0,25.0,2157.0,24.0,3.0,6.0,9.0,2.0,1.0,1.0,2.0,0.0,0.13,0.25,0.38,0.08,0.33,24.0,3.0,57.0,20.0,35.1,2.38,0.83,0.05,0.15,1.0,1.0,72.0,63.1,25,78.0,10,5,39.0,0,1.2,25.0,34.0,-9.0,-0.38,0.05,0.0,28.0,23.0,10.0,67.0,8.0,9.0,,,0.0,,,,,,,,,,,,,,,
ESP-La Liga,2526,Athletic Club,Iñigo Lekue,ESP,DF,32.0,1993.0,11.0,8.0,600.0,6.7,0.0,0.0,0.0,0.0,0.0,0.0,2.0,2.0,0.0,0.0,0.0,0.0,0.0,6.7,0.0,3.0,1.0,33.3,0.45,0.15,0.0,0.0,0.0,0.0,55.0,17.5,8,70.0,4,3,14.0,17,1.25,10.0,14.0,-4.0,-0.6,-0.25,0.0,12.0,0.0,0.0,19.0,4.0,10.0,,,0.0,,,,,,,,,,,,,,,
ESP-La Liga,2526,Athletic Club,Iñigo Ruiz de Galarreta,ESP,MF,31.0,1993.0,34.0,30.0,2206.0,24.5,1.0,2.0,3.0,1.0,0.0,0.0,10.0,0.0,0.04,0.08,0.12,0.04,0.12,24.5,1.0,20.0,2.0,10.0,0.82,0.08,0.05,0.5,0.0,0.0,65.0,64.5,30,68.0,4,4,45.0,1,1.15,28.0,37.0,-9.0,-0.37,0.08,0.0,54.0,41.0,0.0,62.0,24.0,32.0,,,0.0,,,,,,,,,,,,,,,
ESP-La Liga,2526,Athletic Club,Jesús Areso,ESP,DF,26.0,1999.0,26.0,14.0,1506.0,16.7,0.0,1.0,1.0,0.0,0.0,0.0,3.0,0.0,0.0,0.06,0.06,0.0,0.06,16.7,0.0,3.0,0.0,0.0,0.18,0.0,0.0,,0.0,0.0,58.0,44.0,14,83.0,7,12,29.0,11,1.12,18.0,23.0,-5.0,-0.3,0.17,0.0,19.0,7.0,1.0,86.0,20.0,16.0,,,0.0,,,,,,,,,,,,,,,
ESP-La Liga,2526,Athletic Club,Maroan Sannadi,MAR,FW,24.0,2001.0,10.0,2.0,288.0,3.2,1.0,0.0,1.0,1.0,0.0,0.0,2.0,0.0,0.31,0.0,0.31,0.31,0.31,3.2,1.0,8.0,4.0,50.0,2.5,1.25,0.13,0.25,0.0,0.0,29.0,8.4,2,56.0,0,8,22.0,4,1.3,4.0,8.0,-4.0,-1.25,-0.93,0.0,8.0,5.0,3.0,2.0,1.0,1.0,,,0.0,,,,,,,,,,,,,,,
ESP-La Liga,2526,Athletic Club,Mikel Jauregizar,ESP,MF,21.0,2003.0,36.0,34.0,2831.0,31.5,2.0,0.0,2.0,2.0,0.0,0.0,6.0,1.0,0.06,0.0,0.06,0.06,0.06,31.5,2.0,39.0,11.0,28.2,1.24,0.35,0.05,0.18,0.0,0.0,79.0,82.8,34,82.0,19,2,29.0,0,1.17,30.0,45.0,-15.0,-0.48,-0.48,1.0,49.0,34.0,0.0,72.0,48.0,45.0,,,0.0,,,,,,,,,,,,,,,
ESP-La Liga,2526,Athletic Club,Mikel Vesga,ESP,MF,32.0,1993.0,23.0,1.0,465.0,5.2,0.0,0.0,0.0,0.0,0.0,0.0,0.0,0.0,0.0,0.0,0.0,0.0,0.0,5.2,0.0,3.0,0.0,0.0,0.58,0.0,0.0,,0.0,0.0,20.0,13.6,1,45.0,0,22,19.0,13,1.13,6.0,13.0,-7.0,-1.35,-1.11,0.0,8.0,7.0,0.0,4.0,9.0,10.0,,,0.0,,,,,,,,,,,,,,,
ESP-La Liga,2526,Athletic Club,Nico Williams,ESP,MF,23.0,2002.0,25.0,20.0,1674.0,18.6,6.0,3.0,9.0,5.0,1.0,2.0,2.0,0.0,0.32,0.16,0.48,0.27,0.43,18.6,6.0,46.0,16.0,34.8,2.47,0.86,0.13,0.38,1.0,2.0,67.0,48.9,20,74.0,2,5,40.0,0,1.32,24.0,27.0,-3.0,-0.16,0.46,0.0,26.0,29.0,7.0,76.0,7.0,9.0,,,0.0,,,,,,,,,,,,,,,
ESP-La Liga,2526,Athletic Club,Nicolás Serrano,ESP,MF,22.0,2003.0,16.0,4.0,366.0,4.1,1.0,0.0,1.0,1.0,0.0,0.0,0.0,0.0,0.25,0.0,0.25,0.25,0.25,4.1,1.0,16.0,4.0,25.0,3.93,0.98,0.06,0.25,0.0,0.0,23.0,10.7,4,60.0,0,12,11.0,20,1.31,5.0,6.0,-1.0,-0.25,0.17,0.0,10.0,8.0,0.0,42.0,2.0,5.0,,,0.0,,,,,,,,,,,,,,,
ESP-La Liga,2526,Athletic Club,Oihan Sancet,ESP,MF,25.0,2000.0,28.0,22.0,1788.0,19.9,4.0,0.0,4.0,2.0,2.0,2.0,4.0,1.0,0.2,0.0,0.2,0.1,0.1,19.9,4.0,48.0,15.0,31.3,2.42,0.76,0.08,0.27,2.0,2.0,64.0,52.3,22,71.0,2,6,37.0,0,1.0,17.0,25.0,-8.0,-0.4,-0.02,0.0,28.0,28.0,0.0,23.0,3.0,14.0,,,0.0,,,,,,,,,,,,,,,
ESP-La Liga,2526,Athletic Club,Roberto Navarro,ESP,MF,23.0,2002.0,32.0,10.0,1307.0,14.5,6.0,1.0,7.0,6.0,0.0,0.0,1.0,0.0,0.41,0.07,0.48,0.41,0.48,14.5,6.0,21.0,10.0,47.6,1.45,0.69,0.29,0.6,0.0,0.0,41.0,38.2,10,70.0,3,22,28.0,3,1.19,23.0,23.0,0.0,0.0,0.64,0.0,18.0,16.0,4.0,74.0,7.0,10.0,,,0.0,,,,,,,,,,,,,,,
ESP-La Liga,2526,Athletic Club,Selton Sánchez,ESP,MF,18.0,2007.0,7.0,2.0,196.0,2.2,0.0,1.0,1.0,0.0,0.0,0.0,0.0,0.0,0.0,0.46,0.46,0.0,0.46,2.2,0.0,4.0,1.0,25.0,1.84,0.46,0.0,0.0,0.0,0.0,28.0,5.7,2,54.0,0,5,18.0,13,1.43,3.0,4.0,-1.0,-0.46,-0.07,0.0,5.0,5.0,1.0,0.0,1.0,2.0,,,0.0,,,,,,,,,,,,,,,
ESP-La Liga,2526,Athletic Club,Unai Gómez,ESP,MF,22.0,2003.0,26.0,12.0,936.0,10.4,1.0,1.0,2.0,1.0,0.0,0.0,1.0,0.0,0.1,0.1,0.19,0.1,0.19,10.4,1.0,23.0,7.0,30.4,2.21,0.67,0.04,0.14,0.0,0.0,36.0,27.4,12,53.0,0,14,21.0,10,1.31,9.0,24.0,-15.0,-1.44,-1.44,0.0,12.0,6.0,4.0,23.0,3.0,8.0,,,0.0,,,,,,,,,,,,,,,
ESP-La Liga,2526,Athletic Club,Unai Simón,ESP,GK,28.0,1997.0,37.0,37.0,3330.0,37.0,0.0,0.0,0.0,0.0,0.0,0.0,1.0,0.0,0.0,0.0,0.0,0.0,0.0,37.0,0.0,0.0,0.0,,0.0,0.0,,,0.0,0.0,90.0,97.4,37,90.0,37,0,,1,1.22,41.0,54.0,-13.0,-0.35,1.65,0.0,0.0,8.0,0.0,0.0,0.0,0.0,,,0.0,54.0,1.46,151.0,97.0,64.2,13.0,6.0,18.0,6.0,16.2,6.0,3.0,2.0,1.0,40.0
ESP-La Liga,2526,Athletic Club,Urko Izeta,ESP,FW,25.0,1999.0,13.0,1.0,193.0,2.1,1.0,0.0,1.0,1.0,0.0,0.0,2.0,0.0,0.47,0.0,0.47,0.47,0.47,2.1,1.0,11.0,5.0,45.5,5.13,2.33,0.09,0.2,0.0,0.0,15.0,5.6,1,56.0,0,12,11.0,21,1.08,5.0,4.0,1.0,0.47,0.91,0.0,5.0,1.0,0.0,2.0,0.0,0.0,,,0.0,,,,,,,,,,,,,,,
ESP-La Liga,2526,Athletic Club,Yeray Álvarez,ESP,DF,30.0,1995.0,7.0,6.0,513.0,5.7,0.0,0.0,0.0,0.0,0.0,0.0,0.0,0.0,0.0,0.0,0.0,0.0,0.0,5.7,0.0,1.0,0.0,0.0,0.18,0.0,0.0,,0.0,0.0,73.0,15.0,6,78.0,4,1,45.0,2,1.0,7.0,9.0,-2.0,-0.35,0.05,0.0,3.0,5.0,0.0,2.0,14.0,1.0,,,0.0,,,,,,,,,,,,,,,
ESP-La Liga,2526,Athletic Club,Yuri Berchiche,ESP,DF,35.0,1990.0,32.0,31.0,2705.0,30.1,0.0,6.0,6.0,0.0,0.0,0.0,5.0,0.0,0.0,0.2,0.2,0.0,0.2,30.1,0.0,24.0,5.0,20.8,0.8,0.17,0.0,0.0,0.0,0.0,85.0,79.1,31,86.0,27,1,45.0,2,1.38,36.0,40.0,-4.0,-0.13,1.25,0.0,26.0,34.0,3.0,64.0,34.0,29.0,,,0.0,,,,,,,,,,,,,,,
ESP-La Liga,2526,Athletic Club,Álex Berenguer,ESP,MF,30.0,1995.0,31.0,25.0,2154.0,23.9,2.0,3.0,5.0,2.0,0.0,0.0,4.0,0.0,0.08,0.13,0.21,0.08,0.21,23.9,2.0,44.0,20.0,45.5,1.84,0.84,0.05,0.1,0.0,0.0,69.0,63.0,25,78.0,10,6,32.0,1,0.97,24.0,31.0,-7.0,-0.29,0.28,0.0,28.0,38.0,6.0,199.0,13.0,17.0,,,1.0,,,,,,,,,,,,,,,
ESP-La Liga,2526,Atlético Madrid,Ademola Lookman,NGA,"FW,MF",27.0,1997.0,12.0,9.0,617.0,6.9,4.0,0.0,4.0,3.0,1.0,1.0,1.0,0.0,0.58,0.0,0.58,0.44,0.44,6.9,4.0,21.0,5.0,23.8,3.06,0.73,0.19,0.8,1.0,1.0,51.0,18.0,9,60.0,0,3,24.0,2,1.5,9.0,11.0,-2.0,-0.29,-0.93,0.0,7.0,10.0,7.0,12.0,1.0,3.0,,,0.0,,,,,,,,,,,,,,,
ESP-La Liga,2526,Atlético Madrid,Aleksa Puric,SRB,DF,22.0,2003.0,2.0,0.0,46.0,0.5,0.0,0.0,0.0,0.0,0.0,0.0,0.0,0.0,0.0,0.0,0.0,0.0,0.0,0.5,0.0,0.0,0.0,,0.0,0.0,,,0.0,0.0,23.0,1.3,0,,0,2,23.0,6,1.5,0.0,1.0,-1.0,-1.96,-2.46,0.0,1.0,1.0,0.0,0.0,2.0,0.0,,,0.0,,,,,,,,,,,,,,,
ESP-La Liga,2526,Atlético Madrid,Alexander Sørloth,NOR,FW,29.0,1995.0,35.0,20.0,1980.0,22.0,13.0,0.0,13.0,13.0,0.0,0.0,4.0,1.0,0.59,0.0,0.59,0.59,0.59,22.0,13.0,68.0,35.0,51.5,3.09,1.59,0.19,0.37,0.0,0.0,57.0,57.9,20,76.0,9,15,31.0,0,1.8,35.0,27.0,8.0,0.36,-0.26,0.0,30.0,16.0,11.0,10.0,0.0,7.0,,,0.0,,,,,,,,,,,,,,,
ESP-La Liga,2526,Atlético Madrid,Antoine Griezmann,FRA,FW,34.0,1991.0,34.0,13.0,1481.0,16.5,7.0,4.0,11.0,7.0,0.0,0.0,1.0,0.0,0.43,0.24,0.67,0.43,0.67,16.5,7.0,47.0,25.0,53.2,2.86,1.52,0.15,0.28,0.0,0.0,44.0,43.3,13,70.0,4,21,27.0,1,1.86,32.0,23.0,9.0,0.55,0.13,0.0,4.0,10.0,15.0,80.0,8.0,9.0,,,0.0,,,,,,,,,,,,,,,
ESP-La Liga,2526,Atlético Madrid,Clément Lenglet,FRA,DF,30.0,1995.0,19.0,17.0,1391.0,15.5,0.0,1.0,1.0,0.0,0.0,0.0,6.0,1.0,0.0,0.06,0.06,0.0,0.06,15.5,0.0,5.0,0.0,0.0,0.32,0.0,0.0,,0.0,0.0,73.0,40.7,17,80.0,12,2,19.0,15,1.63,24.0,21.0,3.0,0.19,-0.47,1.0,22.0,7.0,0.0,2.0,20.0,10.0,,,0.0,,,,,,,,,,,,,,,
ESP-La Liga,2526,Atlético Madrid,Conor Gallagher,ENG,MF,25.0,2000.0,19.0,4.0,679.0,7.5,2.0,0.0,2.0,2.0,0.0,0.0,2.0,0.0,0.27,0.0,0.27,0.27,0.27,7.5,2.0,13.0,5.0,38.5,1.72,0.66,0.15,0.4,0.0,0.0,36.0,19.9,4,65.0,1,15,28.0,0,2.0,15.0,7.0,8.0,1.06,0.73,0.0,18.0,9.0,2.0,11.0,11.0,12.0,,,0.0,,,,,,,,,,,,,,,
ESP-La Liga,2526,Atlético Madrid,Daniel Martinez,ESP,DF,21.0,2004.0,1.0,1.0,90.0,1.0,0.0,0.0,0.0,0.0,0.0,0.0,0.0,0.0,0.0,0.0,0.0,0.0,0.0,1.0,0.0,0.0,0.0,,0.0,0.0,,,0.0,0.0,90.0,2.6,1,90.0,1,0,,3,0.0,1.0,2.0,-1.0,-1.0,-1.51,0.0,1.0,0.0,0.0,1.0,1.0,0.0,,,0.0,,,,,,,,,,,,,,,
ESP-La Liga,2526,Atlético Madrid,Dávid Hancko,SVK,DF,27.0,1997.0,30.0,27.0,2432.0,27.0,0.0,2.0,2.0,0.0,0.0,0.0,2.0,0.0,0.0,0.07,0.07,0.0,0.07,27.0,0.0,21.0,5.0,23.8,0.78,0.19,0.0,0.0,0.0,0.0,81.0,71.1,27,87.0,24,3,25.0,4,1.9,48.0,31.0,17.0,0.63,0.54,0.0,15.0,4.0,2.0,29.0,19.0,27.0,,,0.0,,,,,,,,,,,,,,,
ESP-La Liga,2526,Atlético Madrid,Giacomo Raspadori,ITA,FW,25.0,2000.0,12.0,1.0,236.0,2.6,0.0,1.0,1.0,0.0,0.0,0.0,1.0,0.0,0.0,0.38,0.38,0.0,0.38,2.6,0.0,7.0,3.0,42.9,2.67,1.14,0.0,0.0,0.0,0.0,20.0,6.9,1,61.0,0,11,16.0,7,1.83,5.0,4.0,1.0,0.38,-0.1,0.0,3.0,7.0,2.0,9.0,0.0,1.0,,,0.0,,,,,,,,,,,,,,,
ESP-La Liga,2526,Atlético Madrid,Giuliano Simeone,ARG,"MF,FW",22.0,2002.0,31.0,25.0,2099.0,23.3,4.0,6.0,10.0,4.0,0.0,0.0,2.0,0.0,0.17,0.26,0.43,0.17,0.43,23.3,4.0,36.0,14.0,38.9,1.54,0.6,0.11,0.29,0.0,0.0,68.0,61.4,25,75.0,7,6,35.0,2,1.9,42.0,26.0,16.0,0.69,0.55,0.0,21.0,40.0,7.0,48.0,20.0,25.0,,,0.0,,,,,,,,,,,,,,,
ESP-La Liga,2526,Atlético Madrid,Iker Luque,ESP,DF,20.0,2005.0,1.0,0.0,28.0,0.3,1.0,0.0,1.0,1.0,0.0,0.0,0.0,0.0,3.21,0.0,3.21,3.21,3.21,0.3,1.0,3.0,2.0,66.7,9.64,6.43,0.33,0.5,0.0,0.0,28.0,0.8,0,,0,1,28.0,6,3.0,2.0,0.0,2.0,6.43,6.0,0.0,2.0,0.0,0.0,0.0,0.0,0.0,,,0.0,,,,,,,,,,,,,,,
ESP-La Liga,2526,Atlético Madrid,Jan Oblak,SVN,GK,32.0,1993.0,30.0,30.0,2700.0,30.0,0.0,0.0,0.0,0.0,0.0,0.0,0.0,0.0,0.0,0.0,0.0,0.0,0.0,30.0,0.0,0.0,0.0,,0.0,0.0,,,0.0,0.0,90.0,78.9,30,90.0,30,0,,3,1.9,51.0,31.0,20.0,0.67,0.92,0.0,0.0,4.0,0.0,0.0,0.0,0.0,,,0.0,31.0,1.03,106.0,75.0,70.8,17.0,6.0,7.0,11.0,36.7,3.0,2.0,0.0,1.0,0.0
ESP-La Liga,2526,Atlético Madrid,Jano Monserrate,ESP,MF,19.0,2006.0,2.0,0.0,23.0,0.3,0.0,0.0,0.0,0.0,0.0,0.0,0.0,0.0,0.0,0.0,0.0,0.0,0.0,0.3,0.0,1.0,1.0,100.0,3.91,3.91,0.0,0.0,0.0,0.0,12.0,0.7,0,,0,2,12.0,7,0.5,0.0,0.0,0.0,0.0,-0.48,0.0,2.0,1.0,0.0,3.0,0.0,2.0,,,0.0,,,,,,,,,,,,,,,
ESP-La Liga,2526,Atlético Madrid,Javi Galán,ESP,DF,30.0,1994.0,5.0,1.0,134.0,1.5,0.0,0.0,0.0,0.0,0.0,0.0,0.0,0.0,0.0,0.0,0.0,0.0,0.0,1.5,0.0,0.0,0.0,,0.0,0.0,,,0.0,0.0,27.0,3.9,1,72.0,0,4,16.0,13,2.2,2.0,2.0,0.0,0.0,-0.49,0.0,2.0,3.0,2.0,5.0,1.0,2.0,,,0.0,,,,,,,,,,,,,,,
ESP-La Liga,2526,Atlético Madrid,Javi Morcillo,ESP,MF,19.0,2006.0,5.0,1.0,172.0,1.9,0.0,0.0,0.0,0.0,0.0,0.0,2.0,0.0,0.0,0.0,0.0,0.0,0.0,1.9,0.0,2.0,0.0,0.0,1.05,0.0,0.0,,0.0,0.0,34.0,5.0,1,62.0,0,4,28.0,3,1.2,0.0,1.0,-1.0,-0.52,-1.05,0.0,6.0,2.0,0.0,0.0,3.0,4.0,,,0.0,,,,,,,,,,,,,,,
ESP-La Liga,2526,Atlético Madrid,Javier Boñar,ESP,DF,20.0,2005.0,4.0,3.0,299.0,3.3,1.0,0.0,1.0,1.0,0.0,0.0,0.0,0.0,0.3,0.0,0.3,0.3,0.3,3.3,1.0,2.0,1.0,50.0,0.6,0.3,0.5,1.0,0.0,0.0,75.0,8.7,3,90.0,2,1,30.0,6,0.75,5.0,5.0,0.0,0.0,-0.52,0.0,2.0,2.0,0.0,3.0,0.0,3.0,,,0.0,,,,,,,,,,,,,,,
ESP-La Liga,2526,Atlético Madrid,Johnny Cardoso,USA,MF,23.0,2001.0,15.0,12.0,887.0,9.9,0.0,0.0,0.0,0.0,0.0,0.0,5.0,0.0,0.0,0.0,0.0,0.0,0.0,9.9,0.0,2.0,0.0,0.0,0.2,0.0,0.0,,0.0,0.0,59.0,25.9,12,66.0,3,3,31.0,9,1.47,15.0,13.0,2.0,0.2,-0.37,0.0,23.0,14.0,0.0,3.0,16.0,21.0,,,0.0,,,,,,,,,,,,,,,
ESP-La Liga,2526,Atlético Madrid,José María Giménez,URU,DF,30.0,1995.0,16.0,13.0,1178.0,13.1,0.0,1.0,1.0,0.0,0.0,0.0,3.0,0.0,0.0,0.08,0.08,0.0,0.08,13.1,0.0,13.0,3.0,23.1,0.99,0.23,0.0,0.0,0.0,0.0,74.0,34.4,13,85.0,12,3,26.0,4,1.88,20.0,14.0,6.0,0.46,-0.02,0.0,20.0,10.0,1.0,0.0,15.0,12.0,,,0.0,,,,,,,,,,,,,,,
ESP-La Liga,2526,Atlético Madrid,Juan Musso,ARG,GK,31.0,1994.0,8.0,8.0,720.0,8.0,0.0,0.0,0.0,0.0,0.0,0.0,2.0,0.0,0.0,0.0,0.0,0.0,0.0,8.0,0.0,0.0,0.0,,0.0,0.0,,,0.0,0.0,90.0,21.1,8,90.0,8,0,,28,1.5,11.0,13.0,-2.0,-0.25,-0.92,0.0,1.0,3.0,0.0,0.0,0.0,0.0,,,0.0,13.0,1.62,35.0,22.0,62.9,4.0,0.0,4.0,3.0,37.5,3.0,3.0,0.0,0.0,0.0
ESP-La Liga,2526,Atlético Madrid,Julio Diaz,ESP,DF,20.0,2005.0,4.0,4.0,310.0,3.4,0.0,1.0,1.0,0.0,0.0,0.0,2.0,0.0,0.0,0.29,0.29,0.0,0.29,3.4,0.0,1.0,0.0,0.0,0.29,0.0,0.0,,0.0,0.0,78.0,9.1,4,78.0,2,0,,11,1.5,6.0,4.0,2.0,0.58,0.12,0.0,4.0,3.0,1.0,6.0,4.0,3.0,,,0.0,,,,,,,,,,,,,,,
ESP-La Liga,2526,Atlético Madrid,Julián Álvarez,ARG,FW,25.0,2000.0,29.0,22.0,1895.0,21.1,8.0,4.0,12.0,6.0,2.0,3.0,2.0,0.0,0.38,0.19,0.57,0.28,0.47,21.1,8.0,54.0,26.0,48.1,2.56,1.23,0.15,0.31,2.0,3.0,65.0,55.4,22,74.0,6,7,38.0,3,1.97,35.0,20.0,15.0,0.71,0.54,0.0,14.0,18.0,2.0,86.0,3.0,13.0,,,0.0,,,,,,,,,,,,,,,
ESP-La Liga,2526,Atlético Madrid,Koke,ESP,MF,33.0,1992.0,34.0,24.0,2219.0,24.7,2.0,2.0,4.0,2.0,0.0,0.0,6.0,0.0,0.08,0.08,0.16,0.08,0.16,24.7,2.0,14.0,4.0,28.6,0.57,0.16,0.14,0.5,0.0,0.0,65.0,64.9,24,79.0,14,10,32.0,2,2.0,43.0,28.0,15.0,0.61,0.38,0.0,21.0,22.0,0.0,44.0,19.0,30.0,,,0.0,,,,,,,,,,,,,,,
ESP-La Liga,2526,Atlético Madrid,Marc Pubill,ESP,DF,22.0,2003.0,19.0,15.0,1381.0,15.3,1.0,1.0,2.0,1.0,0.0,0.0,2.0,0.0,0.07,0.07,0.13,0.07,0.13,15.3,1.0,11.0,4.0,36.4,0.72,0.26,0.09,0.25,0.0,0.0,73.0,40.4,15,85.0,13,4,25.0,16,2.0,26.0,16.0,10.0,0.65,0.3,0.0,16.0,14.0,1.0,8.0,18.0,15.0,,,0.0,,,,,,,,,,,,,,,
ESP-La Liga,2526,Atlético Madrid,Marcos Llorente,ESP,"DF,MF",30.0,1995.0,29.0,25.0,2181.0,24.2,0.0,4.0,4.0,0.0,0.0,0.0,7.0,1.0,0.0,0.17,0.17,0.0,0.17,24.2,0.0,18.0,6.0,33.3,0.74,0.25,0.0,0.0,0.0,0.0,75.0,63.8,25,83.0,19,4,28.0,1,1.97,45.0,26.0,19.0,0.78,0.86,1.0,28.0,11.0,4.0,49.0,13.0,41.0,,,0.0,,,,,,,,,,,,,,,
ESP-La Liga,2526,Atlético Madrid,Matteo Ruggeri,ITA,DF,23.0,2002.0,26.0,20.0,1774.0,19.7,0.0,3.0,3.0,0.0,0.0,0.0,4.0,0.0,0.0,0.15,0.15,0.0,0.15,19.7,0.0,5.0,2.0,40.0,0.25,0.1,0.0,0.0,0.0,0.0,68.0,51.9,20,81.0,13,6,27.0,11,1.69,33.0,23.0,10.0,0.51,0.07,0.0,28.0,2.0,1.0,86.0,20.0,23.0,,,0.0,,,,,,,,,,,,,,,
ESP-La Liga,2526,Atlético Madrid,Miguel Cubo,ESP,FW,17.0,2008.0,2.0,0.0,50.0,0.6,1.0,0.0,1.0,1.0,0.0,0.0,0.0,0.0,1.8,0.0,1.8,1.8,1.8,0.6,1.0,3.0,2.0,66.7,5.4,3.6,0.33,0.5,0.0,0.0,25.0,1.5,0,,0,2,25.0,4,1.5,2.0,0.0,2.0,3.6,3.17,0.0,1.0,3.0,0.0,0.0,0.0,2.0,,,0.0,,,,,,,,,,,,,,,
ESP-La Liga,2526,Atlético Madrid,Nahuel Molina,ARG,"DF,MF",27.0,1998.0,26.0,13.0,1331.0,14.8,2.0,2.0,4.0,2.0,0.0,0.0,4.0,0.0,0.14,0.14,0.27,0.14,0.27,14.8,2.0,14.0,4.0,28.6,0.95,0.27,0.14,0.5,0.0,0.0,51.0,38.9,13,84.0,11,13,19.0,9,1.88,20.0,18.0,2.0,0.14,-0.55,0.0,14.0,5.0,5.0,49.0,14.0,24.0,,,0.0,,,,,,,,,,,,,,,
ESP-La Liga,2526,Atlético Madrid,Nicolás González,ARG,"MF,DF",27.0,1998.0,24.0,18.0,1448.0,16.1,5.0,0.0,5.0,5.0,0.0,0.0,4.0,1.0,0.31,0.0,0.31,0.31,0.31,16.1,5.0,43.0,21.0,48.8,2.67,1.31,0.12,0.24,0.0,0.0,60.0,42.3,18,70.0,5,6,31.0,0,2.0,28.0,15.0,13.0,0.81,0.58,0.0,28.0,25.0,2.0,27.0,11.0,16.0,,,0.0,,,,,,,,,,,,,,,
ESP-La Liga,2526,Atlético Madrid,Obed Vargas,MEX,MF,19.0,2005.0,12.0,8.0,740.0,8.2,0.0,1.0,1.0,0.0,0.0,0.0,2.0,0.0,0.0,0.12,0.12,0.0,0.12,8.2,0.0,5.0,0.0,0.0,0.61,0.0,0.0,,0.0,0.0,62.0,21.6,8,80.0,5,4,24.0,4,1.25,12.0,14.0,-2.0,-0.24,-0.91,0.0,4.0,9.0,1.0,6.0,8.0,16.0,,,0.0,,,,,,,,,,,,,,,
ESP-La Liga,2526,Atlético Madrid,Pablo Barrios,ESP,MF,22.0,2003.0,23.0,20.0,1661.0,18.5,1.0,1.0,2.0,1.0,0.0,0.0,0.0,0.0,0.05,0.05,0.11,0.05,0.11,18.5,1.0,23.0,6.0,26.1,1.25,0.33,0.04,0.17,0.0,0.0,72.0,48.6,20,78.0,13,3,34.0,0,1.96,30.0,16.0,14.0,0.76,0.55,0.0,12.0,23.0,0.0,30.0,26.0,16.0,,,0.0,,,,,,,,,,,,,,,
ESP-La Liga,2526,Atlético Madrid,Rayane Belaid,ESP,"MF,FW",20.0,2005.0,2.0,2.0,132.0,1.5,0.0,0.0,0.0,0.0,0.0,0.0,0.0,0.0,0.0,0.0,0.0,0.0,0.0,1.5,0.0,4.0,0.0,0.0,2.73,0.0,0.0,,0.0,0.0,66.0,3.9,2,66.0,0,0,,5,1.5,1.0,2.0,-1.0,-0.68,-1.2,0.0,1.0,1.0,1.0,1.0,0.0,0.0,,,0.0,,,,,,,,,,,,,,,
ESP-La Liga,2526,Atlético Madrid,Robin Le Normand,ESP,DF,28.0,1996.0,28.0,17.0,1789.0,19.9,1.0,1.0,2.0,1.0,0.0,0.0,5.0,0.0,0.05,0.05,0.1,0.05,0.1,19.9,1.0,6.0,1.0,16.7,0.3,0.05,0.17,1.0,0.0,0.0,64.0,52.3,17,84.0,14,11,33.0,4,1.82,33.0,20.0,13.0,0.65,0.38,0.0,22.0,14.0,1.0,3.0,20.0,20.0,,,0.0,,,,,,,,,,,,,,,
ESP-La Liga,2526,Atlético Madrid,Rodrigo Mendoza,ESP,MF,20.0,2005.0,8.0,8.0,434.0,4.8,0.0,1.0,1.0,0.0,0.0,0.0,2.0,0.0,0.0,0.21,0.21,0.0,0.21,4.8,0.0,6.0,2.0,33.3,1.24,0.41,0.0,0.0,0.0,0.0,54.0,12.7,8,54.0,0,0,,2,1.5,5.0,8.0,-3.0,-0.62,-1.26,0.0,11.0,7.0,0.0,2.0,0.0,3.0,,,0.0,,,,,,,,,,,,,,,
ESP-La Liga,2526,Atlético Madrid,Taufik Seidu,ESP,MF,17.0,2008.0,1.0,0.0,23.0,0.3,0.0,0.0,0.0,0.0,0.0,0.0,1.0,0.0,0.0,0.0,0.0,0.0,0.0,0.3,0.0,0.0,0.0,,0.0,0.0,,,0.0,0.0,23.0,0.7,0,,0,1,23.0,4,0.0,0.0,1.0,-1.0,-3.91,-4.42,0.0,2.0,0.0,0.0,0.0,0.0,0.0,,,0.0,,,,,,,,,,,,,,,
ESP-La Liga,2526,Atlético Madrid,Thiago Almada,ARG,"MF,FW",24.0,2001.0,27.0,16.0,1311.0,14.6,3.0,1.0,4.0,3.0,0.0,0.0,2.0,1.0,0.21,0.07,0.27,0.21,0.27,14.6,3.0,21.0,10.0,47.6,1.44,0.69,0.14,0.3,0.0,0.0,49.0,38.3,16,65.0,3,11,25.0,4,1.78,18.0,17.0,1.0,0.07,-0.66,0.0,13.0,16.0,2.0,40.0,9.0,18.0,,,0.0,,,,,,,,,,,,,,,
ESP-La Liga,2526,Atlético Madrid,Álex Baena,ESP,"MF,FW",24.0,2001.0,27.0,21.0,1560.0,17.3,2.0,3.0,5.0,2.0,0.0,0.0,5.0,0.0,0.12,0.17,0.29,0.12,0.29,17.3,2.0,29.0,7.0,24.1,1.67,0.4,0.07,0.29,0.0,0.0,58.0,45.6,21,68.0,4,6,24.0,3,1.67,27.0,20.0,7.0,0.4,-0.13,0.0,26.0,29.0,9.0,117.0,16.0,11.0,,,0.0,,,,,,,,,,,,,,,
ESP-La Liga,2526,Barcelona,Alejandro Balde,ESP,DF,21.0,2003.0,28.0,21.0,1869.0,20.8,0.0,2.0,2.0,0.0,0.0,0.0,2.0,0.0,0.0,0.1,0.1,0.0,0.1,20.8,0.0,10.0,1.0,10.0,0.48,0.05,0.0,0.0,0.0,0.0,67.0,54.6,21,78.0,8,7,33.0,3,2.29,49.0,24.0,25.0,1.2,-0.77,0.0,14.0,25.0,4.0,25.0,6.0,21.0,,,0.0,,,,,,,,,,,,,,,
ESP-La Liga,2526,Barcelona,Alvaro Cortes,ESP,DF,20.0,2005.0,1.0,1.0,90.0,1.0,0.0,0.0,0.0,0.0,0.0,0.0,0.0,0.0,0.0,0.0,0.0,0.0,0.0,1.0,0.0,0.0,0.0,,0.0,0.0,,,0.0,0.0,90.0,2.6,1,90.0,1,0,,6,0.0,0.0,1.0,-1.0,-1.0,-2.62,0.0,0.0,1.0,0.0,0.0,1.0,1.0,,,0.0,,,,,,,,,,,,,,,
ESP-La Liga,2526,Barcelona,Andreas Christensen,DEN,DF,29.0,1996.0,13.0,3.0,409.0,4.5,0.0,0.0,0.0,0.0,0.0,0.0,2.0,0.0,0.0,0.0,0.0,0.0,0.0,4.5,0.0,4.0,2.0,50.0,0.88,0.44,0.0,0.0,0.0,0.0,31.0,12.0,3,90.0,3,10,14.0,5,2.38,11.0,9.0,2.0,0.44,-1.26,0.0,6.0,3.0,0.0,0.0,2.0,3.0,,,0.0,,,,,,,,,,,,,,,
ESP-La Liga,2526,Barcelona,Dani Olmo,ESP,MF,27.0,1998.0,33.0,24.0,2067.0,23.0,7.0,8.0,15.0,7.0,0.0,0.0,1.0,0.0,0.3,0.35,0.65,0.3,0.65,23.0,7.0,70.0,21.0,30.0,3.05,0.91,0.1,0.33,0.0,0.0,63.0,60.4,24,75.0,8,9,30.0,0,2.48,56.0,17.0,39.0,1.7,0.37,0.0,27.0,42.0,6.0,28.0,14.0,23.0,,,0.0,,,,,,,,,,,,,,,
ESP-La Liga,2526,Barcelona,Dro Fernández,ESP,MF,17.0,2008.0,4.0,1.0,92.0,1.0,0.0,0.0,0.0,0.0,0.0,0.0,0.0,0.0,0.0,0.0,0.0,0.0,0.0,1.0,0.0,0.0,0.0,,0.0,0.0,,,0.0,0.0,23.0,2.7,1,45.0,0,3,16.0,13,3.0,3.0,1.0,2.0,1.96,0.42,0.0,1.0,1.0,1.0,0.0,0.0,0.0,,,0.0,,,,,,,,,,,,,,,
ESP-La Liga,2526,Barcelona,Eric García,ESP,"DF,MF",24.0,2001.0,34.0,32.0,2721.0,30.2,1.0,1.0,2.0,1.0,0.0,0.0,6.0,0.0,0.03,0.03,0.07,0.03,0.07,30.2,1.0,25.0,7.0,28.0,0.83,0.23,0.04,0.14,0.0,0.0,80.0,79.6,32,83.0,21,2,29.0,3,2.5,78.0,22.0,56.0,1.85,1.47,0.0,33.0,24.0,1.0,14.0,50.0,44.0,,,0.0,,,,,,,,,,,,,,,
ESP-La Liga,2526,Barcelona,Fermin López,ESP,MF,22.0,2003.0,30.0,19.0,1797.0,20.0,6.0,9.0,15.0,6.0,0.0,0.0,3.0,0.0,0.3,0.45,0.75,0.3,0.75,20.0,6.0,68.0,25.0,36.8,3.41,1.25,0.09,0.24,0.0,0.0,60.0,52.5,19,75.0,7,11,33.0,1,2.63,54.0,18.0,36.0,1.8,0.53,0.0,34.0,20.0,5.0,36.0,7.0,22.0,,,0.0,,,,,,,,,,,,,,,
ESP-La Liga,2526,Barcelona,Ferran Torres,ESP,FW,25.0,2000.0,33.0,23.0,1965.0,21.8,16.0,2.0,18.0,16.0,0.0,0.0,2.0,0.0,0.73,0.09,0.82,0.73,0.82,21.8,16.0,69.0,37.0,53.6,3.16,1.69,0.23,0.43,0.0,0.0,60.0,57.5,23,74.0,5,10,27.0,2,2.39,50.0,20.0,30.0,1.37,-0.42,0.0,13.0,20.0,12.0,3.0,4.0,6.0,,,0.0,,,,,,,,,,,,,,,
ESP-La Liga,2526,Barcelona,Frenkie de Jong,NED,MF,28.0,1997.0,25.0,16.0,1636.0,18.2,1.0,5.0,6.0,1.0,0.0,0.0,4.0,1.0,0.06,0.28,0.33,0.06,0.33,18.2,1.0,7.0,2.0,28.6,0.39,0.11,0.14,0.5,0.0,0.0,65.0,47.8,16,88.0,13,9,26.0,1,2.32,43.0,21.0,22.0,1.21,-0.66,1.0,10.0,26.0,2.0,5.0,17.0,19.0,,,0.0,,,,,,,,,,,,,,,
ESP-La Liga,2526,Barcelona,Gavi,ESP,MF,20.0,2004.0,11.0,7.0,573.0,6.4,0.0,1.0,1.0,0.0,0.0,0.0,3.0,0.0,0.0,0.16,0.16,0.0,0.16,6.4,0.0,0.0,0.0,,0.0,0.0,,,0.0,0.0,52.0,16.8,7,69.0,2,4,22.0,2,2.73,15.0,6.0,9.0,1.41,-0.17,0.0,11.0,14.0,0.0,2.0,3.0,8.0,,,0.0,,,,,,,,,,,,,,,
ESP-La Liga,2526,Barcelona,Gerard Martín,ESP,DF,23.0,2002.0,32.0,26.0,2119.0,23.5,0.0,0.0,0.0,0.0,0.0,0.0,6.0,0.0,0.0,0.0,0.0,0.0,0.0,23.5,0.0,7.0,4.0,57.1,0.3,0.17,0.0,0.0,0.0,0.0,66.0,62.0,26,79.0,15,6,9.0,3,2.47,58.0,16.0,42.0,1.78,0.61,0.0,16.0,7.0,0.0,14.0,31.0,29.0,,,0.0,,,,,,,,,,,,,,,
ESP-La Liga,2526,Barcelona,Joan García,ESP,GK,24.0,2001.0,30.0,30.0,2700.0,30.0,0.0,0.0,0.0,0.0,0.0,0.0,1.0,0.0,0.0,0.0,0.0,0.0,0.0,30.0,0.0,0.0,0.0,,0.0,0.0,,,0.0,0.0,90.0,78.9,30,90.0,30,0,,2,2.73,81.0,21.0,60.0,2.0,2.12,0.0,0.0,4.0,0.0,0.0,1.0,4.0,,,0.0,21.0,0.7,95.0,74.0,77.9,27.0,1.0,2.0,15.0,50.0,3.0,3.0,0.0,0.0,0.0
ESP-La Liga,2526,Barcelona,Jofre Torrents,ESP,DF,18.0,2007.0,3.0,0.0,50.0,0.6,0.0,0.0,0.0,0.0,0.0,0.0,0.0,0.0,0.0,0.0,0.0,0.0,0.0,0.6,0.0,0.0,0.0,,0.0,0.0,,,0.0,0.0,17.0,1.5,0,,0,3,17.0,11,3.0,3.0,2.0,1.0,1.8,0.25,0.0,0.0,0.0,0.0,4.0,0.0,2.0,,,0.0,,,,,,,,,,,,,,,
ESP-La Liga,2526,Barcelona,João Cancelo,POR,DF,31.0,1994.0,16.0,11.0,954.0,10.6,2.0,2.0,4.0,2.0,0.0,0.0,1.0,0.0,0.19,0.19,0.38,0.19,0.38,10.6,2.0,13.0,4.0,30.8,1.23,0.38,0.15,0.5,0.0,0.0,60.0,27.9,11,79.0,7,5,18.0,3,2.44,27.0,6.0,21.0,1.98,0.59,0.0,11.0,14.0,4.0,31.0,11.0,19.0,,,0.0,,,,,,,,,,,,,,,
ESP-La Liga,2526,Barcelona,Jules Koundé,FRA,DF,26.0,1998.0,30.0,24.0,2261.0,25.1,1.0,3.0,4.0,1.0,0.0,0.0,6.0,0.0,0.04,0.12,0.16,0.04,0.16,25.1,1.0,14.0,4.0,28.6,0.56,0.16,0.07,0.25,0.0,0.0,75.0,66.1,24,88.0,20,6,26.0,3,2.43,65.0,22.0,43.0,1.71,0.47,0.0,24.0,24.0,2.0,40.0,31.0,24.0,,,0.0,,,,,,,,,,,,,,,
ESP-La Liga,2526,Barcelona,Lamine Yamal,ESP,"MF,FW",18.0,2007.0,28.0,26.0,2262.0,25.1,16.0,11.0,27.0,13.0,3.0,4.0,1.0,0.0,0.64,0.44,1.07,0.52,0.95,25.1,16.0,117.0,37.0,31.6,4.66,1.47,0.14,0.43,3.0,4.0,81.0,66.1,26,85.0,16,2,29.0,0,2.61,62.0,23.0,39.0,1.55,0.0,0.0,28.0,52.0,14.0,77.0,8.0,20.0,,,0.0,,,,,,,,,,,,,,,
ESP-La Liga,2526,Barcelona,Marc Bernal,ESP,MF,18.0,2007.0,22.0,9.0,790.0,8.8,2.0,1.0,3.0,2.0,0.0,0.0,4.0,0.0,0.23,0.11,0.34,0.23,0.34,8.8,2.0,7.0,2.0,28.6,0.8,0.23,0.29,1.0,0.0,0.0,36.0,23.1,9,65.0,0,13,15.0,10,2.59,21.0,10.0,11.0,1.25,-0.39,0.0,15.0,11.0,0.0,1.0,12.0,19.0,,,0.0,,,,,,,,,,,,,,,
ESP-La Liga,2526,Barcelona,Marc Casado,ESP,MF,21.0,2003.0,24.0,10.0,989.0,11.0,0.0,1.0,1.0,0.0,0.0,0.0,1.0,0.0,0.0,0.09,0.09,0.0,0.09,11.0,0.0,11.0,0.0,0.0,1.0,0.0,0.0,,0.0,0.0,41.0,28.9,10,76.0,5,14,16.0,14,2.63,25.0,10.0,15.0,1.37,-0.26,0.0,25.0,20.0,0.0,1.0,7.0,9.0,,,0.0,,,,,,,,,,,,,,,
ESP-La Liga,2526,Barcelona,Marcus Rashford,ENG,"MF,FW",27.0,1997.0,32.0,18.0,1763.0,19.6,8.0,7.0,15.0,8.0,0.0,0.0,3.0,0.0,0.41,0.36,0.77,0.41,0.77,19.6,8.0,76.0,29.0,38.2,3.88,1.48,0.11,0.28,0.0,0.0,55.0,51.5,18,76.0,6,14,29.0,4,2.47,44.0,25.0,19.0,0.97,-1.2,0.0,10.0,25.0,10.0,121.0,2.0,8.0,,,0.0,,,,,,,,,,,,,,,
ESP-La Liga,2526,Barcelona,Pau Cubarsí,ESP,DF,18.0,2007.0,31.0,31.0,2703.0,30.0,1.0,0.0,1.0,1.0,0.0,0.0,3.0,0.0,0.03,0.0,0.03,0.03,0.03,30.0,1.0,10.0,2.0,20.0,0.33,0.07,0.1,0.5,0.0,0.0,87.0,79.0,31,87.0,25,0,,7,2.52,76.0,29.0,47.0,1.56,0.06,0.0,25.0,9.0,0.0,0.0,30.0,28.0,,,0.0,,,,,,,,,,,,,,,
ESP-La Liga,2526,Barcelona,Pedri,ESP,MF,22.0,2002.0,29.0,23.0,2104.0,23.4,2.0,9.0,11.0,2.0,0.0,0.0,2.0,1.0,0.09,0.38,0.47,0.09,0.47,23.4,2.0,21.0,10.0,47.6,0.9,0.43,0.1,0.2,0.0,0.0,73.0,61.5,23,83.0,11,6,32.0,1,2.52,60.0,21.0,39.0,1.67,0.3,1.0,9.0,43.0,1.0,12.0,24.0,33.0,,,0.0,,,,,,,,,,,,,,,
ESP-La Liga,2526,Barcelona,Raphinha,BRA,"MF,FW",28.0,1996.0,22.0,18.0,1380.0,15.3,13.0,3.0,16.0,10.0,3.0,3.0,5.0,0.0,0.85,0.2,1.04,0.65,0.85,15.3,13.0,65.0,24.0,36.9,4.24,1.57,0.2,0.54,3.0,3.0,63.0,40.4,18,71.0,4,4,28.0,2,2.77,43.0,9.0,34.0,2.22,1.11,0.0,10.0,10.0,4.0,72.0,6.0,6.0,,,0.0,,,,,,,,,,,,,,,
ESP-La Liga,2526,Barcelona,Robert Lewandowski,POL,FW,36.0,1988.0,31.0,17.0,1664.0,18.5,14.0,2.0,16.0,13.0,1.0,3.0,2.0,0.0,0.76,0.11,0.87,0.7,0.81,18.5,14.0,63.0,29.0,46.0,3.41,1.57,0.22,0.48,1.0,3.0,54.0,48.7,17,80.0,10,14,22.0,4,2.45,52.0,19.0,33.0,1.78,0.45,0.0,13.0,21.0,17.0,0.0,3.0,3.0,,,0.0,,,,,,,,,,,,,,,
ESP-La Liga,2526,Barcelona,Ronald Araújo,URU,DF,26.0,1999.0,24.0,11.0,1071.0,11.9,3.0,0.0,3.0,3.0,0.0,0.0,2.0,0.0,0.25,0.0,0.25,0.25,0.25,11.9,3.0,12.0,5.0,41.7,1.01,0.42,0.25,0.6,0.0,0.0,45.0,31.3,11,76.0,7,13,18.0,8,2.5,31.0,15.0,16.0,1.34,-0.3,0.0,17.0,3.0,0.0,6.0,10.0,15.0,,,0.0,,,,,,,,,,,,,,,
ESP-La Liga,2526,Barcelona,Roony Bardghji,SWE,"MF,FW",19.0,2005.0,21.0,7.0,648.0,7.2,1.0,1.0,2.0,1.0,0.0,0.0,0.0,0.0,0.14,0.14,0.28,0.14,0.28,7.2,1.0,22.0,12.0,54.5,3.06,1.67,0.05,0.08,0.0,0.0,31.0,18.9,7,59.0,0,14,17.0,14,2.29,17.0,8.0,9.0,1.25,-0.37,0.0,7.0,8.0,0.0,54.0,2.0,4.0,,,0.0,,,,,,,,,,,,,,,
ESP-La Liga,2526,Barcelona,Tomas Marques,ESP,MF,18.0,2006.0,2.0,0.0,11.0,0.1,0.0,0.0,0.0,0.0,0.0,0.0,0.0,0.0,0.0,0.0,0.0,0.0,0.0,0.1,0.0,0.0,0.0,,0.0,0.0,,,0.0,0.0,6.0,0.3,0,,0,2,6.0,17,1.5,0.0,0.0,0.0,0.0,-1.56,0.0,1.0,0.0,0.0,0.0,0.0,0.0,,,0.0,,,,,,,,,,,,,,,
ESP-La Liga,2526,Barcelona,Toni Fernández,ESP,FW,17.0,2008.0,1.0,1.0,45.0,0.5,0.0,0.0,0.0,0.0,0.0,0.0,0.0,0.0,0.0,0.0,0.0,0.0,0.0,0.5,0.0,0.0,0.0,,0.0,0.0,,,0.0,0.0,45.0,1.3,1,45.0,0,0,,10,3.0,1.0,1.0,0.0,0.0,-1.57,0.0,0.0,0.0,0.0,0.0,0.0,0.0,,,0.0,,,,,,,,,,,,,,,
ESP-La Liga,2526,Barcelona,Wojciech Szczęsny,POL,GK,35.0,1990.0,8.0,8.0,720.0,8.0,0.0,0.0,0.0,0.0,0.0,0.0,0.0,0.0,0.0,0.0,0.0,0.0,0.0,8.0,0.0,0.0,0.0,,0.0,0.0,,,0.0,0.0,90.0,21.1,8,90.0,8,0,,27,1.5,14.0,15.0,-1.0,-0.12,-2.12,0.0,0.0,0.0,0.0,0.0,0.0,0.0,,,0.0,15.0,1.87,37.0,22.0,59.5,4.0,0.0,4.0,0.0,0.0,2.0,1.0,1.0,0.0,50.0
ESP-La Liga,2526,Barcelona,Xavi Espart,ESP,DF,18.0,2007.0,4.0,1.0,165.0,1.8,0.0,0.0,0.0,0.0,0.0,0.0,0.0,0.0,0.0,0.0,0.0,0.0,0.0,1.8,0.0,1.0,0.0,0.0,0.55,0.0,0.0,,0.0,0.0,41.0,4.8,1,90.0,1,3,25.0,12,1.5,6.0,5.0,1.0,0.55,-1.06,0.0,0.0,4.0,0.0,2.0,5.0,1.0,,,0.0,,,,,,,,,,,,,,,
ESP-La Liga,2526,Celta Vigo,Andrés Antañón,ESP,FW,18.0,2007.0,2.0,1.0,63.0,0.7,0.0,0.0,0.0,0.0,0.0,0.0,0.0,0.0,0.0,0.0,0.0,0.0,0.0,0.7,0.0,2.0,2.0,100.0,2.86,2.86,0.0,0.0,0.0,0.0,32.0,1.8,1,45.0,0,1,18.0,7,1.5,0.0,2.0,-2.0,-2.86,-3.04,0.0,1.0,0.0,0.0,0.0,0.0,0.0,,,0.0,,,,,,,,,,,,,,,
ESP-La Liga,2526,Celta Vigo,Borja Iglesias,ESP,FW,32.0,1993.0,35.0,21.0,1900.0,21.1,14.0,2.0,16.0,10.0,4.0,4.0,7.0,0.0,0.66,0.09,0.76,0.47,0.57,21.1,14.0,46.0,26.0,56.5,2.18,1.23,0.3,0.54,4.0,4.0,54.0,55.6,21,75.0,4,14,24.0,1,1.34,32.0,26.0,6.0,0.28,0.34,0.0,38.0,30.0,22.0,3.0,0.0,5.0,,,0.0,,,,,,,,,,,,,,,
ESP-La Liga,2526,Celta Vigo,Bryan Zaragoza,ESP,"FW,MF",23.0,2001.0,19.0,13.0,1131.0,12.6,1.0,1.0,2.0,0.0,1.0,1.0,1.0,0.0,0.08,0.08,0.16,0.0,0.08,12.6,1.0,26.0,12.0,46.2,2.07,0.95,0.04,0.08,1.0,1.0,60.0,33.1,13,76.0,4,6,24.0,2,1.47,16.0,12.0,4.0,0.32,0.28,0.0,7.0,17.0,6.0,67.0,2.0,5.0,,,0.0,,,,,,,,,,,,,,,
ESP-La Liga,2526,Celta Vigo,Carl Starfelt,SWE,DF,30.0,1995.0,19.0,17.0,1491.0,16.6,0.0,0.0,0.0,0.0,0.0,0.0,3.0,1.0,0.0,0.0,0.0,0.0,0.0,16.6,0.0,4.0,1.0,25.0,0.24,0.06,0.0,0.0,0.0,0.0,78.0,43.6,17,86.0,14,2,17.0,1,1.37,22.0,17.0,5.0,0.3,0.3,1.0,19.0,8.0,0.0,0.0,16.0,16.0,,,1.0,,,,,,,,,,,,,,,
ESP-La Liga,2526,Celta Vigo,Carlos Dominguez,ESP,DF,24.0,2001.0,8.0,6.0,610.0,6.8,0.0,0.0,0.0,0.0,0.0,0.0,1.0,0.0,0.0,0.0,0.0,0.0,0.0,6.8,0.0,2.0,1.0,50.0,0.3,0.15,0.0,0.0,0.0,0.0,76.0,17.8,6,89.0,5,2,38.0,20,1.25,10.0,12.0,-2.0,-0.3,-0.52,0.0,6.0,1.0,0.0,1.0,5.0,8.0,,,0.0,,,,,,,,,,,,,,,
ESP-La Liga,2526,Celta Vigo,Damián Rodríguez,ESP,MF,22.0,2003.0,2.0,2.0,150.0,1.7,0.0,0.0,0.0,0.0,0.0,0.0,1.0,0.0,0.0,0.0,0.0,0.0,0.0,1.7,0.0,3.0,0.0,0.0,1.8,0.0,0.0,,0.0,0.0,75.0,4.4,2,75.0,1,0,,12,2.0,2.0,3.0,-1.0,-0.6,-0.77,0.0,3.0,0.0,0.0,3.0,1.0,0.0,,,0.0,,,,,,,,,,,,,,,
ESP-La Liga,2526,Celta Vigo,Fer López,ESP,"MF,FW",21.0,2004.0,17.0,13.0,1170.0,13.0,1.0,1.0,2.0,1.0,0.0,0.0,3.0,0.0,0.08,0.08,0.15,0.08,0.15,13.0,1.0,13.0,5.0,38.5,1.0,0.38,0.08,0.2,0.0,0.0,69.0,34.2,13,81.0,5,4,30.0,0,1.29,17.0,19.0,-2.0,-0.15,-0.43,0.0,24.0,18.0,1.0,18.0,6.0,11.0,,,0.0,,,,,,,,,,,,,,,
ESP-La Liga,2526,Celta Vigo,Ferran Jutglà,ESP,FW,26.0,1999.0,30.0,21.0,1652.0,18.4,9.0,3.0,12.0,9.0,0.0,0.0,4.0,0.0,0.49,0.16,0.65,0.49,0.65,18.4,9.0,45.0,26.0,57.8,2.45,1.42,0.2,0.35,0.0,0.0,55.0,48.3,21,69.0,2,9,22.0,5,1.33,25.0,24.0,1.0,0.05,-0.15,0.0,24.0,30.0,10.0,19.0,8.0,3.0,,,0.0,,,,,,,,,,,,,,,
ESP-La Liga,2526,Celta Vigo,Fran Beltrán,ESP,MF,26.0,1999.0,10.0,7.0,528.0,5.9,0.0,0.0,0.0,0.0,0.0,0.0,0.0,0.0,0.0,0.0,0.0,0.0,0.0,5.9,0.0,6.0,1.0,16.7,1.02,0.17,0.0,0.0,0.0,0.0,53.0,15.4,7,71.0,2,3,10.0,9,1.4,4.0,6.0,-2.0,-0.34,-0.56,0.0,10.0,3.0,0.0,2.0,8.0,5.0,,,0.0,,,,,,,,,,,,,,,
ESP-La Liga,2526,Celta Vigo,Hugo García,ESP,MF,18.0,2006.0,1.0,0.0,8.0,0.1,0.0,0.0,0.0,0.0,0.0,0.0,0.0,0.0,0.0,0.0,0.0,0.0,0.0,0.1,0.0,0.0,0.0,,0.0,0.0,,,0.0,0.0,8.0,0.2,0,,0,1,8.0,1,3.0,0.0,0.0,0.0,0.0,-0.13,0.0,0.0,0.0,0.0,0.0,0.0,0.0,,,0.0,,,,,,,,,,,,,,,
ESP-La Liga,2526,Celta Vigo,Hugo González,ESP,FW,22.0,2003.0,1.0,0.0,8.0,0.1,0.0,0.0,0.0,0.0,0.0,0.0,0.0,0.0,0.0,0.0,0.0,0.0,0.0,0.1,0.0,0.0,0.0,,0.0,0.0,,,0.0,0.0,8.0,0.2,0,,0,1,8.0,1,0.0,0.0,0.0,0.0,0.0,-0.13,0.0,0.0,0.0,0.0,1.0,0.0,1.0,,,0.0,,,,,,,,,,,,,,,
ESP-La Liga,2526,Celta Vigo,Hugo Sotelo,ESP,MF,21.0,2003.0,20.0,16.0,1338.0,14.9,0.0,2.0,2.0,0.0,0.0,0.0,3.0,0.0,0.0,0.13,0.13,0.0,0.13,14.9,0.0,2.0,1.0,50.0,0.13,0.07,0.0,0.0,0.0,0.0,67.0,39.1,16,78.0,7,4,24.0,14,1.1,27.0,25.0,2.0,0.13,0.0,0.0,27.0,13.0,0.0,44.0,13.0,16.0,,,0.0,,,,,,,,,,,,,,,
ESP-La Liga,2526,Celta Vigo,Hugo Álvarez,ESP,"FW,MF",22.0,2003.0,28.0,15.0,1340.0,14.9,4.0,2.0,6.0,4.0,0.0,0.0,2.0,0.0,0.27,0.13,0.4,0.27,0.4,14.9,4.0,14.0,8.0,57.1,0.94,0.54,0.29,0.5,0.0,0.0,48.0,39.2,15,70.0,4,13,22.0,6,1.43,25.0,23.0,2.0,0.13,0.0,0.0,16.0,17.0,2.0,23.0,10.0,9.0,,,0.0,,,,,,,,,,,,,,,
ESP-La Liga,2526,Celta Vigo,Iago Aspas,ESP,"FW,MF",37.0,1987.0,32.0,11.0,1140.0,12.7,5.0,3.0,8.0,3.0,2.0,2.0,4.0,0.0,0.39,0.24,0.63,0.24,0.47,12.7,5.0,28.0,12.0,42.9,2.21,0.95,0.18,0.42,2.0,2.0,36.0,33.3,11,69.0,1,21,18.0,4,1.36,22.0,12.0,10.0,0.79,0.99,0.0,5.0,17.0,0.0,24.0,12.0,11.0,,,0.0,,,,,,,,,,,,,,,
ESP-La Liga,2526,Celta Vigo,Ilaix Moriba,GUI,MF,22.0,2003.0,36.0,26.0,2495.0,27.7,2.0,3.0,5.0,2.0,0.0,0.0,8.0,0.0,0.07,0.11,0.18,0.07,0.18,27.7,2.0,18.0,5.0,27.8,0.65,0.18,0.11,0.4,0.0,0.0,69.0,73.0,26,86.0,22,10,25.0,0,1.5,40.0,30.0,10.0,0.36,0.85,0.0,40.0,58.0,0.0,2.0,24.0,42.0,,,0.0,,,,,,,,,,,,,,,
ESP-La Liga,2526,Celta Vigo,Ionuț Radu,ROU,GK,28.0,1997.0,38.0,38.0,3420.0,38.0,0.0,0.0,0.0,0.0,0.0,0.0,2.0,0.0,0.0,0.0,0.0,0.0,0.0,38.0,0.0,0.0,0.0,,0.0,0.0,,,0.0,0.0,90.0,100.0,38,90.0,38,0,,0,1.42,53.0,48.0,5.0,0.13,,0.0,0.0,8.0,0.0,0.0,1.0,0.0,,,0.0,48.0,1.26,159.0,111.0,69.8,14.0,12.0,12.0,10.0,26.3,11.0,6.0,2.0,3.0,25.0
ESP-La Liga,2526,Celta Vigo,Javi Rodríguez,ESP,DF,22.0,2003.0,33.0,28.0,2558.0,28.4,0.0,1.0,1.0,0.0,0.0,0.0,5.0,0.0,0.0,0.04,0.04,0.0,0.04,28.4,0.0,12.0,1.0,8.3,0.42,0.04,0.0,0.0,0.0,0.0,78.0,74.8,28,85.0,21,5,33.0,3,1.42,31.0,33.0,-2.0,-0.07,-0.8,0.0,33.0,33.0,1.0,1.0,28.0,23.0,,,0.0,,,,,,,,,,,,,,,
ESP-La Liga,2526,Celta Vigo,Javi Rueda,ESP,MF,23.0,2002.0,26.0,16.0,1404.0,15.6,2.0,6.0,8.0,2.0,0.0,0.0,6.0,0.0,0.13,0.38,0.51,0.13,0.51,15.6,2.0,11.0,3.0,27.3,0.71,0.19,0.18,0.67,0.0,0.0,54.0,41.1,16,73.0,5,10,24.0,8,1.42,19.0,15.0,4.0,0.26,0.21,0.0,25.0,21.0,3.0,27.0,20.0,12.0,,,0.0,,,,,,,,,,,,,,,
ESP-La Liga,2526,Celta Vigo,Jones El-Abdellaoui,MAR,"MF,FW",19.0,2006.0,22.0,4.0,681.0,7.6,2.0,0.0,2.0,2.0,0.0,0.0,0.0,0.0,0.26,0.0,0.26,0.26,0.26,7.6,2.0,17.0,4.0,23.5,2.25,0.53,0.12,0.5,0.0,0.0,31.0,19.9,4,75.0,1,18,21.0,16,1.55,17.0,12.0,5.0,0.66,0.66,0.0,7.0,3.0,2.0,30.0,3.0,3.0,,,0.0,,,,,,,,,,,,,,,
ESP-La Liga,2526,Celta Vigo,Joseph Aidoo,GHA,DF,29.0,1995.0,8.0,7.0,639.0,7.1,0.0,0.0,0.0,0.0,0.0,0.0,0.0,0.0,0.0,0.0,0.0,0.0,0.0,7.1,0.0,2.0,0.0,0.0,0.28,0.0,0.0,,0.0,0.0,80.0,18.7,7,89.0,6,1,18.0,18,2.25,17.0,13.0,4.0,0.56,0.53,0.0,5.0,1.0,0.0,0.0,10.0,3.0,,,0.0,,,,,,,,,,,,,,,
ESP-La Liga,2526,Celta Vigo,Manu Fernández,ESP,DF,24.0,2001.0,14.0,9.0,758.0,8.4,0.0,0.0,0.0,0.0,0.0,0.0,2.0,0.0,0.0,0.0,0.0,0.0,0.0,8.4,0.0,2.0,0.0,0.0,0.24,0.0,0.0,,0.0,0.0,54.0,22.2,9,74.0,3,5,18.0,20,1.64,12.0,11.0,1.0,0.12,-0.02,0.0,8.0,7.0,0.0,0.0,7.0,9.0,,,0.0,,,,,,,,,,,,,,,
ESP-La Liga,2526,Celta Vigo,Marcos Alonso,ESP,DF,34.0,1990.0,32.0,31.0,2768.0,30.8,1.0,0.0,1.0,0.0,1.0,1.0,5.0,0.0,0.03,0.0,0.03,0.0,0.0,30.8,1.0,24.0,3.0,12.5,0.78,0.1,0.04,0.33,1.0,1.0,87.0,80.9,31,88.0,28,1,33.0,0,1.41,40.0,37.0,3.0,0.1,-0.18,0.0,23.0,20.0,0.0,19.0,30.0,24.0,,,0.0,,,,,,,,,,,,,,,
ESP-La Liga,2526,Celta Vigo,Matías Vecino,URU,MF,33.0,1991.0,6.0,2.0,135.0,1.5,0.0,0.0,0.0,0.0,0.0,0.0,0.0,0.0,0.0,0.0,0.0,0.0,0.0,1.5,0.0,2.0,0.0,0.0,1.33,0.0,0.0,,0.0,0.0,23.0,3.9,2,57.0,0,4,6.0,4,1.33,1.0,3.0,-2.0,-1.33,-1.53,0.0,4.0,0.0,0.0,1.0,4.0,6.0,,,0.0,,,,,,,,,,,,,,,
ESP-La Liga,2526,Celta Vigo,Miguel Román,ESP,MF,22.0,2002.0,19.0,14.0,1311.0,14.6,1.0,0.0,1.0,1.0,0.0,0.0,3.0,0.0,0.07,0.0,0.07,0.07,0.07,14.6,1.0,9.0,2.0,22.2,0.62,0.14,0.11,0.5,0.0,0.0,69.0,38.3,14,88.0,10,5,17.0,7,1.63,18.0,13.0,5.0,0.34,0.34,0.0,20.0,11.0,0.0,21.0,12.0,17.0,,,0.0,,,,,,,,,,,,,,,
ESP-La Liga,2526,Celta Vigo,Mihailo Ristić,SRB,"MF,DF",29.0,1995.0,5.0,4.0,253.0,2.8,0.0,0.0,0.0,0.0,0.0,0.0,0.0,0.0,0.0,0.0,0.0,0.0,0.0,2.8,0.0,1.0,0.0,0.0,0.36,0.0,0.0,,0.0,0.0,51.0,7.4,4,63.0,0,1,2.0,20,1.6,3.0,5.0,-2.0,-0.71,-0.91,0.0,0.0,2.0,0.0,2.0,2.0,0.0,,,0.0,,,,,,,,,,,,,,,
ESP-La Liga,2526,Celta Vigo,Pablo Durán,ESP,"FW,MF",24.0,2001.0,30.0,17.0,1425.0,15.8,2.0,2.0,4.0,2.0,0.0,0.0,1.0,0.0,0.13,0.13,0.25,0.13,0.25,15.8,2.0,37.0,15.0,40.5,2.34,0.95,0.05,0.13,0.0,0.0,48.0,41.7,17,66.0,2,13,23.0,4,1.37,16.0,23.0,-7.0,-0.44,-0.98,0.0,15.0,12.0,19.0,15.0,7.0,11.0,,,0.0,,,,,,,,,,,,,,,
ESP-La Liga,2526,Celta Vigo,Sergio Carreira,ESP,MF,24.0,2000.0,34.0,29.0,2694.0,29.9,2.0,1.0,3.0,2.0,0.0,0.0,2.0,0.0,0.07,0.03,0.1,0.07,0.1,29.9,2.0,16.0,7.0,43.8,0.53,0.23,0.13,0.29,0.0,0.0,79.0,78.8,29,89.0,26,5,23.0,3,1.47,42.0,40.0,2.0,0.07,-0.31,0.0,20.0,36.0,2.0,32.0,27.0,18.0,,,0.0,,,,,,,,,,,,,,,
ESP-La Liga,2526,Celta Vigo,Williot Swedberg,SWE,"FW,MF",21.0,2004.0,29.0,13.0,1270.0,14.1,5.0,5.0,10.0,5.0,0.0,0.0,2.0,0.0,0.35,0.35,0.71,0.35,0.71,14.1,5.0,23.0,12.0,52.2,1.63,0.85,0.22,0.42,0.0,0.0,44.0,37.1,13,63.0,0,16,28.0,2,1.45,19.0,16.0,3.0,0.21,0.13,0.0,30.0,34.0,6.0,8.0,4.0,17.0,,,0.0,,,,,,,,,,,,,,,
ESP-La Liga,2526,Celta Vigo,Yoel Lago,ESP,DF,21.0,2004.0,12.0,11.0,938.0,10.4,0.0,0.0,0.0,0.0,0.0,0.0,4.0,0.0,0.0,0.0,0.0,0.0,0.0,10.4,0.0,1.0,0.0,0.0,0.1,0.0,0.0,,0.0,0.0,78.0,27.4,11,85.0,8,1,3.0,17,1.25,12.0,15.0,-3.0,-0.29,-0.58,0.0,17.0,14.0,1.0,0.0,7.0,10.0,,,0.0,,,,,,,,,,,,,,,
ESP-La Liga,2526,Celta Vigo,Álvaro Núñez,ESP,"DF,MF",25.0,2000.0,6.0,5.0,328.0,3.6,0.0,0.0,0.0,0.0,0.0,0.0,0.0,0.0,0.0,0.0,0.0,0.0,0.0,3.6,0.0,2.0,1.0,50.0,0.55,0.27,0.0,0.0,0.0,0.0,55.0,9.6,5,63.0,0,1,15.0,7,1.17,7.0,6.0,1.0,0.27,0.16,0.0,2.0,5.0,0.0,1.0,1.0,1.0,,,0.0,,,,,,,,,,,,,,,
ESP-La Liga,2526,Celta Vigo,Óscar Mingueza,ESP,MF,26.0,1999.0,34.0,21.0,1968.0,21.9,1.0,4.0,5.0,1.0,0.0,0.0,4.0,0.0,0.05,0.18,0.23,0.05,0.23,21.9,1.0,14.0,5.0,35.7,0.64,0.23,0.07,0.2,0.0,0.0,58.0,57.5,21,78.0,9,13,25.0,4,1.44,37.0,26.0,11.0,0.5,0.87,0.0,15.0,28.0,1.0,68.0,9.0,20.0,,,0.0,,,,,,,,,,,,,,,
ESP-La Liga,2526,Elche,Adam Boayar,MAR,MF,19.0,2005.0,7.0,0.0,104.0,1.2,1.0,0.0,1.0,1.0,0.0,0.0,0.0,0.0,0.87,0.0,0.87,0.87,0.87,1.2,1.0,5.0,2.0,40.0,4.33,1.73,0.2,0.5,0.0,0.0,15.0,3.0,0,,0,7,15.0,16,0.57,4.0,5.0,-1.0,-0.87,-0.68,0.0,0.0,1.0,1.0,2.0,1.0,2.0,,,0.0,,,,,,,,,,,,,,,
ESP-La Liga,2526,Elche,Adrià Pedrosa,ESP,"DF,MF",27.0,1998.0,26.0,8.0,1090.0,12.1,1.0,1.0,2.0,1.0,0.0,0.0,4.0,0.0,0.08,0.08,0.17,0.08,0.17,12.1,1.0,12.0,3.0,25.0,0.99,0.25,0.08,0.33,0.0,0.0,42.0,31.9,8,82.0,3,18,24.0,7,1.04,17.0,27.0,-10.0,-0.83,-0.9,0.0,18.0,8.0,1.0,51.0,16.0,19.0,,,0.0,,,,,,,,,,,,,,,
ESP-La Liga,2526,Elche,Aleix Febas,ESP,MF,29.0,1996.0,36.0,36.0,3160.0,35.1,2.0,2.0,4.0,2.0,0.0,0.0,10.0,0.0,0.06,0.06,0.11,0.06,0.11,35.1,2.0,23.0,8.0,34.8,0.66,0.23,0.09,0.25,0.0,0.0,88.0,92.4,36,88.0,30,0,,0,1.11,45.0,52.0,-7.0,-0.2,0.15,0.0,34.0,118.0,1.0,22.0,27.0,46.0,,,0.0,,,,,,,,,,,,,,,
ESP-La Liga,2526,Elche,Ali Houary,MAR,MF,19.0,2005.0,2.0,2.0,123.0,1.4,0.0,0.0,0.0,0.0,0.0,0.0,0.0,0.0,0.0,0.0,0.0,0.0,0.0,1.4,0.0,2.0,0.0,0.0,1.46,0.0,0.0,,0.0,0.0,62.0,3.6,2,62.0,0,0,,8,1.0,1.0,2.0,-1.0,-0.73,-0.54,0.0,7.0,2.0,0.0,0.0,1.0,2.0,,,0.0,,,,,,,,,,,,,,,
ESP-La Liga,2526,Elche,André Silva,POR,FW,29.0,1995.0,31.0,22.0,1849.0,20.5,10.0,0.0,10.0,7.0,3.0,3.0,3.0,0.0,0.49,0.0,0.49,0.34,0.34,20.5,10.0,57.0,29.0,50.9,2.77,1.41,0.18,0.34,3.0,3.0,60.0,54.1,22,78.0,10,9,15.0,2,1.0,23.0,35.0,-12.0,-0.58,-0.81,0.0,24.0,34.0,6.0,3.0,4.0,8.0,,,0.0,,,,,,,,,,,,,,,
ESP-La Liga,2526,Elche,Bambo Diaby,SEN,DF,27.0,1997.0,4.0,1.0,102.0,1.1,0.0,0.0,0.0,0.0,0.0,0.0,1.0,0.0,0.0,0.0,0.0,0.0,0.0,1.1,0.0,0.0,0.0,,0.0,0.0,,,0.0,0.0,26.0,3.0,1,45.0,0,3,19.0,15,1.25,0.0,4.0,-4.0,-3.53,-3.42,0.0,3.0,3.0,0.0,0.0,1.0,0.0,,,0.0,,,,,,,,,,,,,,,
ESP-La Liga,2526,Elche,Buba Sangaré,ESP,"DF,MF",17.0,2007.0,12.0,8.0,538.0,6.0,0.0,0.0,0.0,0.0,0.0,0.0,3.0,0.0,0.0,0.0,0.0,0.0,0.0,6.0,0.0,2.0,0.0,0.0,0.33,0.0,0.0,,0.0,0.0,45.0,15.7,8,62.0,0,4,10.0,3,1.42,6.0,9.0,-3.0,-0.5,-0.35,0.0,23.0,7.0,0.0,12.0,8.0,12.0,,,0.0,,,,,,,,,,,,,,,
ESP-La Liga,2526,Elche,David Affengruber,AUT,DF,24.0,2001.0,36.0,33.0,2949.0,32.8,1.0,1.0,2.0,1.0,0.0,0.0,7.0,1.0,0.03,0.03,0.06,0.03,0.06,32.8,1.0,14.0,4.0,28.6,0.43,0.12,0.07,0.25,0.0,0.0,82.0,86.2,33,87.0,27,3,31.0,0,1.14,45.0,49.0,-4.0,-0.12,0.64,0.0,34.0,35.0,2.0,8.0,50.0,50.0,,,0.0,,,,,,,,,,,,,,,
ESP-La Liga,2526,Elche,Federico Redondo,ARG,MF,22.0,2003.0,11.0,1.0,179.0,2.0,0.0,0.0,0.0,0.0,0.0,0.0,0.0,1.0,0.0,0.0,0.0,0.0,0.0,2.0,0.0,1.0,0.0,0.0,0.5,0.0,0.0,,0.0,0.0,16.0,5.2,1,63.0,0,10,12.0,23,1.17,3.0,6.0,-3.0,-1.51,-1.37,0.0,8.0,5.0,0.0,0.0,5.0,2.0,,,0.0,,,,,,,,,,,,,,,
ESP-La Liga,2526,Elche,Germán Valera,ESP,"MF,DF",23.0,2002.0,36.0,33.0,2857.0,31.7,4.0,5.0,9.0,4.0,0.0,0.0,5.0,1.0,0.13,0.16,0.28,0.13,0.28,31.7,4.0,28.0,8.0,28.6,0.88,0.25,0.14,0.5,0.0,0.0,79.0,83.5,33,85.0,17,3,20.0,0,1.17,41.0,48.0,-7.0,-0.22,-0.06,0.0,40.0,70.0,4.0,104.0,23.0,40.0,,,0.0,,,,,,,,,,,,,,,
ESP-La Liga,2526,Elche,Gonzalo Villar,ESP,MF,27.0,1998.0,12.0,8.0,718.0,8.0,1.0,0.0,1.0,1.0,0.0,0.0,3.0,0.0,0.13,0.0,0.13,0.13,0.13,8.0,1.0,4.0,1.0,25.0,0.5,0.13,0.25,1.0,0.0,0.0,60.0,21.0,8,80.0,4,4,19.0,4,1.42,11.0,10.0,1.0,0.13,0.43,0.0,11.0,25.0,0.0,11.0,2.0,9.0,,,0.0,,,,,,,,,,,,,,,
ESP-La Liga,2526,Elche,Grady Diangana,COD,"MF,FW",27.0,1998.0,20.0,13.0,926.0,10.3,1.0,0.0,1.0,1.0,0.0,0.0,3.0,0.0,0.1,0.0,0.1,0.1,0.1,10.3,1.0,16.0,2.0,12.5,1.56,0.19,0.06,0.5,0.0,0.0,46.0,27.1,13,62.0,0,7,18.0,6,1.05,14.0,14.0,0.0,0.0,0.29,0.0,15.0,19.0,5.0,12.0,4.0,6.0,,,0.0,,,,,,,,,,,,,,,
ESP-La Liga,2526,Elche,Héctor Fort,ESP,"DF,MF",18.0,2006.0,14.0,7.0,482.0,5.4,2.0,2.0,4.0,2.0,0.0,0.0,0.0,0.0,0.37,0.37,0.75,0.37,0.75,5.4,2.0,12.0,5.0,41.7,2.24,0.93,0.17,0.4,0.0,0.0,34.0,14.1,7,56.0,0,7,13.0,3,1.29,9.0,6.0,3.0,0.56,0.9,0.0,5.0,1.0,2.0,8.0,5.0,3.0,,,0.0,,,,,,,,,,,,,,,
ESP-La Liga,2526,Elche,Iñaki Peña,ESP,GK,26.0,1999.0,16.0,16.0,1440.0,16.0,0.0,0.0,0.0,0.0,0.0,0.0,0.0,0.0,0.0,0.0,0.0,0.0,0.0,16.0,0.0,0.0,0.0,,0.0,0.0,,,0.0,0.0,90.0,42.1,16,90.0,16,0,,20,0.81,21.0,28.0,-7.0,-0.44,-0.39,0.0,0.0,1.0,0.0,0.0,0.0,0.0,,,0.0,28.0,1.75,83.0,55.0,66.3,3.0,4.0,9.0,4.0,25.0,2.0,2.0,0.0,0.0,0.0
ESP-La Liga,2526,Elche,Jairo Izquierdo,ESP,"DF,FW",31.0,1993.0,1.0,0.0,24.0,0.3,0.0,0.0,0.0,0.0,0.0,0.0,0.0,0.0,0.0,0.0,0.0,0.0,0.0,0.3,0.0,0.0,0.0,,0.0,0.0,,,0.0,0.0,24.0,0.7,0,,0,1,24.0,2,1.0,1.0,0.0,1.0,3.75,3.99,0.0,0.0,0.0,0.0,3.0,0.0,0.0,,,0.0,,,,,,,,,,,,,,,
ESP-La Liga,2526,Elche,John Donald,ESP,"DF,MF",24.0,2000.0,21.0,6.0,665.0,7.4,1.0,0.0,1.0,1.0,0.0,0.0,3.0,0.0,0.14,0.0,0.14,0.14,0.14,7.4,1.0,6.0,2.0,33.3,0.81,0.27,0.17,0.5,0.0,0.0,32.0,19.4,6,77.0,4,15,14.0,11,1.24,12.0,17.0,-5.0,-0.68,-0.58,0.0,17.0,6.0,0.0,0.0,8.0,12.0,,,0.0,,,,,,,,,,,,,,,
ESP-La Liga,2526,Elche,Josan,ESP,"MF,DF",35.0,1989.0,19.0,4.0,565.0,6.3,0.0,3.0,3.0,0.0,0.0,0.0,2.0,0.0,0.0,0.48,0.48,0.0,0.48,6.3,0.0,3.0,1.0,33.3,0.48,0.16,0.0,0.0,0.0,0.0,30.0,16.5,4,74.0,0,15,18.0,13,1.26,15.0,8.0,7.0,1.12,1.59,0.0,5.0,6.0,1.0,72.0,6.0,8.0,,,0.0,,,,,,,,,,,,,,,
ESP-La Liga,2526,Elche,Lucas Cepeda,CHI,MF,22.0,2002.0,10.0,4.0,402.0,4.5,1.0,0.0,1.0,1.0,0.0,0.0,1.0,0.0,0.22,0.0,0.22,0.22,0.22,4.5,1.0,13.0,5.0,38.5,2.91,1.12,0.08,0.2,0.0,0.0,40.0,11.8,4,76.0,1,6,16.0,7,1.1,5.0,8.0,-3.0,-0.67,-0.52,0.0,7.0,10.0,1.0,17.0,1.0,6.0,,,0.0,,,,,,,,,,,,,,,
ESP-La Liga,2526,Elche,Léo Pétrot,FRA,DF,28.0,1997.0,32.0,18.0,1572.0,17.5,0.0,0.0,0.0,0.0,0.0,0.0,2.0,1.0,0.0,0.0,0.0,0.0,0.0,17.5,0.0,8.0,0.0,0.0,0.46,0.0,0.0,,0.0,0.0,49.0,46.0,18,79.0,10,14,10.0,5,1.22,19.0,26.0,-7.0,-0.4,-0.35,0.0,19.0,6.0,2.0,16.0,17.0,22.0,,,0.0,,,,,,,,,,,,,,,
ESP-La Liga,2526,Elche,Marc Aguado,ESP,MF,25.0,2000.0,35.0,30.0,2500.0,27.8,1.0,2.0,3.0,1.0,0.0,0.0,3.0,0.0,0.04,0.07,0.11,0.04,0.11,27.8,1.0,3.0,2.0,66.7,0.11,0.07,0.33,0.5,0.0,0.0,71.0,73.1,30,80.0,9,5,21.0,0,1.03,32.0,38.0,-6.0,-0.22,-0.02,0.0,25.0,23.0,0.0,2.0,42.0,26.0,,,0.0,,,,,,,,,,,,,,,
ESP-La Liga,2526,Elche,Martim Neto,POR,MF,22.0,2003.0,25.0,15.0,1347.0,15.0,2.0,5.0,7.0,2.0,0.0,0.0,3.0,0.0,0.13,0.33,0.47,0.13,0.47,15.0,2.0,12.0,4.0,33.3,0.8,0.27,0.17,0.5,0.0,0.0,54.0,39.4,15,68.0,1,10,32.0,9,1.0,20.0,23.0,-3.0,-0.2,0.02,0.0,19.0,11.0,0.0,33.0,2.0,12.0,,,0.0,,,,,,,,,,,,,,,
ESP-La Liga,2526,Elche,Matías Dituro,ARG,GK,38.0,1987.0,22.0,22.0,1980.0,22.0,0.0,0.0,0.0,0.0,0.0,0.0,1.0,0.0,0.0,0.0,0.0,0.0,0.0,22.0,0.0,0.0,0.0,,0.0,0.0,,,0.0,0.0,90.0,57.9,22,90.0,22,0,,16,1.36,28.0,29.0,-1.0,-0.05,0.39,0.0,0.0,7.0,0.0,0.0,1.0,0.0,,,0.0,29.0,1.32,93.0,64.0,68.8,7.0,9.0,6.0,4.0,18.2,5.0,4.0,0.0,1.0,0.0
ESP-La Liga,2526,Elche,Mourad El Ghezouani,MAR,FW,27.0,1998.0,2.0,0.0,50.0,0.6,0.0,0.0,0.0,0.0,0.0,0.0,0.0,0.0,0.0,0.0,0.0,0.0,0.0,0.6,0.0,1.0,0.0,0.0,1.8,0.0,0.0,,0.0,0.0,25.0,1.5,0,,0,2,25.0,1,2.0,1.0,0.0,1.0,1.8,2.04,0.0,1.0,1.0,0.0,0.0,0.0,3.0,,,0.0,,,,,,,,,,,,,,,
ESP-La Liga,2526,Elche,Pedro Bigas,ESP,DF,34.0,1990.0,28.0,25.0,2063.0,22.9,1.0,3.0,4.0,1.0,0.0,0.0,5.0,1.0,0.04,0.13,0.17,0.04,0.17,22.9,1.0,10.0,3.0,30.0,0.44,0.13,0.1,0.33,0.0,0.0,74.0,60.3,25,81.0,15,3,15.0,6,1.29,30.0,30.0,0.0,0.0,0.53,1.0,24.0,19.0,0.0,26.0,30.0,22.0,,,0.0,,,,,,,,,,,,,,,
ESP-La Liga,2526,Elche,Rafa Mir,ESP,"FW,MF",28.0,1997.0,27.0,21.0,1803.0,20.0,8.0,0.0,8.0,7.0,1.0,2.0,4.0,0.0,0.4,0.0,0.4,0.35,0.35,20.0,8.0,69.0,36.0,52.2,3.44,1.8,0.12,0.22,1.0,2.0,67.0,52.7,21,80.0,7,6,21.0,3,1.22,30.0,24.0,6.0,0.3,1.08,0.0,39.0,16.0,7.0,19.0,4.0,7.0,,,0.0,,,,,,,,,,,,,,,
ESP-La Liga,2526,Elche,Rodrigo Mendoza,ESP,"MF,FW",20.0,2005.0,16.0,6.0,794.0,8.8,1.0,0.0,1.0,1.0,0.0,0.0,4.0,0.0,0.11,0.0,0.11,0.11,0.11,8.8,1.0,11.0,2.0,18.2,1.25,0.23,0.09,0.5,0.0,0.0,50.0,23.2,6,85.0,2,10,29.0,3,0.94,11.0,15.0,-4.0,-0.45,-0.32,0.0,19.0,16.0,2.0,17.0,5.0,9.0,,,0.0,,,,,,,,,,,,,,,
ESP-La Liga,2526,Elche,Tete Morente,ESP,MF,28.0,1996.0,13.0,11.0,929.0,10.3,1.0,1.0,2.0,1.0,0.0,0.0,1.0,0.0,0.1,0.1,0.19,0.1,0.19,10.3,1.0,8.0,1.0,12.5,0.78,0.1,0.13,1.0,0.0,0.0,71.0,27.2,11,79.0,5,2,28.0,3,1.46,9.0,13.0,-4.0,-0.39,-0.24,0.0,20.0,10.0,2.0,46.0,11.0,11.0,,,0.0,,,,,,,,,,,,,,,
ESP-La Liga,2526,Elche,Víctor Chust,ESP,DF,25.0,2000.0,31.0,22.0,2166.0,24.1,1.0,0.0,1.0,1.0,0.0,0.0,8.0,1.0,0.04,0.0,0.04,0.04,0.04,24.1,1.0,9.0,3.0,33.3,0.37,0.12,0.11,0.33,0.0,0.0,70.0,63.3,22,88.0,16,9,26.0,3,1.16,30.0,35.0,-5.0,-0.21,0.01,1.0,38.0,10.0,1.0,36.0,20.0,35.0,,,0.0,,,,,,,,,,,,,,,
ESP-La Liga,2526,Elche,Yago Santiago,ESP,MF,22.0,2003.0,9.0,3.0,281.0,3.1,0.0,0.0,0.0,0.0,0.0,0.0,1.0,0.0,0.0,0.0,0.0,0.0,0.0,3.1,0.0,2.0,0.0,0.0,0.64,0.0,0.0,,0.0,0.0,31.0,8.2,3,64.0,0,6,15.0,10,0.67,3.0,5.0,-2.0,-0.64,-0.47,0.0,3.0,2.0,1.0,6.0,1.0,1.0,,,0.0,,,,,,,,,,,,,,,
ESP-La Liga,2526,Elche,Álex Sánchez,ESP,FW,19.0,2006.0,1.0,0.0,6.0,0.1,0.0,1.0,1.0,0.0,0.0,0.0,0.0,0.0,0.0,15.0,15.0,0.0,15.0,0.1,0.0,0.0,0.0,,0.0,0.0,,,0.0,0.0,6.0,0.2,0,,0,1,6.0,2,0.0,1.0,1.0,0.0,0.0,0.21,0.0,0.0,0.0,0.0,0.0,0.0,1.0,,,0.0,,,,,,,,,,,,,,,
ESP-La Liga,2526,Elche,Álvaro Núñez,ESP,"DF,MF",25.0,2000.0,19.0,19.0,1647.0,18.3,0.0,2.0,2.0,0.0,0.0,0.0,2.0,0.0,0.0,0.11,0.11,0.0,0.11,18.3,0.0,4.0,0.0,0.0,0.22,0.0,0.0,,0.0,0.0,87.0,48.2,19,87.0,14,0,,0,1.21,23.0,20.0,3.0,0.16,0.72,0.0,12.0,17.0,2.0,60.0,15.0,15.0,,,0.0,,,,,,,,,,,,,,,
ESP-La Liga,2526,Elche,Álvaro Rodríguez,URU,FW,21.0,2004.0,34.0,24.0,2201.0,24.5,7.0,5.0,12.0,7.0,0.0,0.0,2.0,0.0,0.29,0.2,0.49,0.29,0.49,24.5,7.0,75.0,24.0,32.0,3.07,0.98,0.09,0.29,0.0,0.0,65.0,64.4,24,83.0,12,10,21.0,3,1.06,30.0,36.0,-6.0,-0.25,-0.1,0.0,37.0,49.0,18.0,10.0,4.0,14.0,,,0.0,,,,,,,,,,,,,,,
ESP-La Liga,2526,Espanyol,Antoniu,ESP,MF,22.0,2002.0,13.0,3.0,289.0,3.2,0.0,0.0,0.0,0.0,0.0,0.0,2.0,0.0,0.0,0.0,0.0,0.0,0.0,3.2,0.0,5.0,1.0,20.0,1.56,0.31,0.0,0.0,0.0,0.0,22.0,8.5,3,51.0,0,10,14.0,22,1.23,3.0,5.0,-2.0,-0.62,-0.34,0.0,10.0,8.0,0.0,6.0,2.0,4.0,,,0.0,,,,,,,,,,,,,,,
ESP-La Liga,2526,Espanyol,Carlos Romero,ESP,DF,23.0,2001.0,36.0,36.0,3191.0,35.5,6.0,3.0,9.0,6.0,0.0,0.0,4.0,0.0,0.17,0.08,0.25,0.17,0.25,35.5,6.0,42.0,12.0,28.6,1.18,0.34,0.14,0.5,0.0,0.0,89.0,93.3,36,89.0,32,0,,0,1.28,41.0,47.0,-6.0,-0.17,2.19,0.0,40.0,19.0,1.0,89.0,38.0,60.0,,,0.0,,,,,,,,,,,,,,,
ESP-La Liga,2526,Espanyol,Charles Pickel,COD,MF,28.0,1997.0,24.0,4.0,707.0,7.9,1.0,0.0,1.0,1.0,0.0,0.0,4.0,2.0,0.13,0.0,0.13,0.13,0.13,7.9,1.0,10.0,4.0,40.0,1.27,0.51,0.1,0.25,0.0,0.0,29.0,20.7,4,64.0,1,20,23.0,7,1.25,7.0,12.0,-5.0,-0.64,-0.4,1.0,14.0,2.0,0.0,2.0,6.0,6.0,,,0.0,,,,,,,,,,,,,,,
ESP-La Liga,2526,Espanyol,Clemens Riedel,GER,DF,22.0,2003.0,20.0,16.0,1396.0,15.5,0.0,1.0,1.0,0.0,0.0,0.0,5.0,0.0,0.0,0.06,0.06,0.0,0.06,15.5,0.0,3.0,1.0,33.3,0.19,0.06,0.0,0.0,0.0,0.0,70.0,40.8,16,82.0,11,4,20.0,14,1.2,21.0,22.0,-1.0,-0.06,0.42,0.0,23.0,8.0,2.0,3.0,11.0,14.0,,,0.0,,,,,,,,,,,,,,,
ESP-La Liga,2526,Espanyol,Cyril Ngonge,BEL,MF,25.0,2000.0,9.0,6.0,424.0,4.7,0.0,2.0,2.0,0.0,0.0,0.0,4.0,0.0,0.0,0.42,0.42,0.0,0.42,4.7,0.0,11.0,4.0,36.4,2.33,0.85,0.0,0.0,0.0,0.0,47.0,12.4,6,60.0,0,3,22.0,2,0.44,4.0,8.0,-4.0,-0.85,-0.61,0.0,9.0,12.0,5.0,26.0,4.0,3.0,,,0.0,,,,,,,,,,,,,,,
ESP-La Liga,2526,Espanyol,Edu Expósito,ESP,MF,28.0,1996.0,36.0,32.0,2523.0,28.0,1.0,6.0,7.0,1.0,0.0,0.0,9.0,0.0,0.04,0.21,0.25,0.04,0.25,28.0,1.0,44.0,13.0,29.5,1.57,0.46,0.02,0.08,0.0,0.0,70.0,73.8,32,76.0,9,4,26.0,1,1.17,32.0,36.0,-4.0,-0.14,0.66,0.0,28.0,42.0,2.0,254.0,24.0,29.0,,,0.0,,,,,,,,,,,,,,,
ESP-La Liga,2526,Espanyol,Fernando Calero,ESP,DF,29.0,1995.0,28.0,24.0,2148.0,23.9,0.0,0.0,0.0,0.0,0.0,0.0,5.0,0.0,0.0,0.0,0.0,0.0,0.0,23.9,0.0,12.0,1.0,8.3,0.5,0.04,0.0,0.0,0.0,0.0,77.0,62.8,24,85.0,18,4,26.0,6,1.29,20.0,33.0,-13.0,-0.54,-0.62,0.0,15.0,9.0,0.0,2.0,31.0,18.0,,,0.0,,,,,,,,,,,,,,,
ESP-La Liga,2526,Espanyol,Fortuño,ESP,GK,23.0,2001.0,1.0,1.0,90.0,1.0,0.0,0.0,0.0,0.0,0.0,0.0,0.0,0.0,0.0,0.0,0.0,0.0,0.0,1.0,0.0,0.0,0.0,,0.0,0.0,,,0.0,0.0,90.0,2.6,1,90.0,1,0,,37,1.0,1.0,1.0,0.0,0.0,0.32,0.0,0.0,0.0,0.0,0.0,0.0,0.0,,,0.0,1.0,1.0,3.0,2.0,66.7,0.0,1.0,0.0,0.0,0.0,0.0,0.0,0.0,0.0,
ESP-La Liga,2526,Espanyol,Javi Puado,ESP,"MF,FW",27.0,1998.0,10.0,8.0,674.0,7.5,2.0,0.0,2.0,1.0,1.0,2.0,2.0,0.0,0.27,0.0,0.27,0.13,0.13,7.5,2.0,15.0,9.0,60.0,2.0,1.2,0.13,0.22,1.0,2.0,67.0,19.7,8,83.0,3,2,7.0,0,1.3,10.0,13.0,-3.0,-0.4,-0.11,0.0,11.0,7.0,0.0,21.0,3.0,2.0,,,0.0,,,,,,,,,,,,,,,
ESP-La Liga,2526,Espanyol,Jofre,ESP,MF,24.0,2001.0,26.0,9.0,930.0,10.3,1.0,0.0,1.0,1.0,0.0,0.0,1.0,0.0,0.1,0.0,0.1,0.1,0.1,10.3,1.0,23.0,7.0,30.4,2.23,0.68,0.04,0.14,0.0,0.0,36.0,27.2,9,62.0,0,17,22.0,12,1.08,12.0,21.0,-9.0,-0.87,-0.76,0.0,13.0,27.0,2.0,35.0,6.0,6.0,,,0.0,,,,,,,,,,,,,,,
ESP-La Liga,2526,Espanyol,José Salinas,ESP,DF,24.0,2000.0,11.0,2.0,257.0,2.9,0.0,0.0,0.0,0.0,0.0,0.0,2.0,0.0,0.0,0.0,0.0,0.0,0.0,2.9,0.0,1.0,0.0,0.0,0.35,0.0,0.0,,0.0,0.0,23.0,7.5,2,90.0,2,9,9.0,27,1.55,2.0,9.0,-7.0,-2.45,-2.31,0.0,8.0,4.0,0.0,7.0,3.0,2.0,,,1.0,,,,,,,,,,,,,,,
ESP-La Liga,2526,Espanyol,Kiké,ESP,FW,35.0,1989.0,37.0,17.0,1734.0,19.3,8.0,1.0,9.0,7.0,1.0,2.0,3.0,0.0,0.42,0.05,0.47,0.36,0.42,19.3,8.0,60.0,27.0,45.0,3.11,1.4,0.13,0.3,1.0,2.0,47.0,50.7,17,75.0,5,20,23.0,1,1.16,28.0,26.0,2.0,0.1,0.85,0.0,33.0,44.0,26.0,17.0,4.0,8.0,,,0.0,,,,,,,,,,,,,,,
ESP-La Liga,2526,Espanyol,Leandro Cabrera,URU,DF,34.0,1991.0,37.0,37.0,3330.0,37.0,3.0,0.0,3.0,3.0,0.0,0.0,4.0,0.0,0.08,0.0,0.08,0.08,0.08,37.0,3.0,40.0,12.0,30.0,1.08,0.32,0.08,0.25,0.0,0.0,90.0,97.4,37,90.0,37,0,,0,1.22,43.0,55.0,-12.0,-0.32,-0.32,0.0,38.0,9.0,1.0,20.0,23.0,23.0,,,0.0,,,,,,,,,,,,,,,
ESP-La Liga,2526,Espanyol,Lluc Castell,ESP,FW,18.0,2006.0,1.0,0.0,19.0,0.2,0.0,0.0,0.0,0.0,0.0,0.0,0.0,0.0,0.0,0.0,0.0,0.0,0.0,0.2,0.0,0.0,0.0,,0.0,0.0,,,0.0,0.0,19.0,0.6,0,,0,1,19.0,6,1.0,0.0,0.0,0.0,0.0,0.32,0.0,1.0,1.0,0.0,0.0,0.0,0.0,,,0.0,,,,,,,,,,,,,,,
ESP-La Liga,2526,Espanyol,Luca Koleosho,ITA,MF,20.0,2004.0,3.0,0.0,63.0,0.7,0.0,0.0,0.0,0.0,0.0,0.0,0.0,0.0,0.0,0.0,0.0,0.0,0.0,0.7,0.0,1.0,0.0,0.0,1.43,0.0,0.0,,0.0,0.0,21.0,1.8,0,,0,3,21.0,12,1.0,0.0,0.0,0.0,0.0,0.32,0.0,3.0,0.0,0.0,5.0,1.0,1.0,,,0.0,,,,,,,,,,,,,,,
ESP-La Liga,2526,Espanyol,Marko Dmitrović,SRB,GK,33.0,1992.0,37.0,37.0,3330.0,37.0,0.0,0.0,0.0,0.0,0.0,0.0,0.0,0.0,0.0,0.0,0.0,0.0,0.0,37.0,0.0,0.0,0.0,,0.0,0.0,,,0.0,0.0,90.0,97.4,37,90.0,37,0,,1,1.22,42.0,54.0,-12.0,-0.32,-0.32,0.0,0.0,5.0,0.0,0.0,0.0,2.0,,,0.0,54.0,1.46,187.0,133.0,71.1,12.0,9.0,16.0,10.0,27.0,5.0,5.0,0.0,0.0,0.0
ESP-La Liga,2526,Espanyol,Miguel Ángel Rubio,ESP,DF,27.0,1998.0,12.0,1.0,206.0,2.3,1.0,0.0,1.0,1.0,0.0,0.0,0.0,0.0,0.44,0.0,0.44,0.44,0.44,2.3,1.0,2.0,1.0,50.0,0.87,0.44,0.5,1.0,0.0,0.0,17.0,6.0,1,90.0,1,11,11.0,26,1.17,4.0,5.0,-1.0,-0.44,-0.13,0.0,1.0,1.0,0.0,0.0,1.0,1.0,,,0.0,,,,,,,,,,,,,,,
ESP-La Liga,2526,Espanyol,Omar El Hilali,MAR,DF,21.0,2003.0,36.0,32.0,2826.0,31.4,0.0,2.0,2.0,0.0,0.0,0.0,9.0,0.0,0.0,0.06,0.06,0.0,0.06,31.4,0.0,1.0,0.0,0.0,0.03,0.0,0.0,,0.0,0.0,79.0,82.6,32,87.0,26,4,13.0,1,1.28,34.0,46.0,-12.0,-0.38,-0.38,0.0,44.0,24.0,3.0,57.0,39.0,55.0,,,0.0,,,,,,,,,,,,,,,
ESP-La Liga,2526,Espanyol,Pere Milla,ESP,"MF,FW",32.0,1992.0,33.0,24.0,1973.0,21.9,7.0,1.0,8.0,7.0,0.0,0.0,6.0,1.0,0.32,0.05,0.36,0.32,0.36,21.9,7.0,59.0,21.0,35.6,2.69,0.96,0.12,0.33,0.0,0.0,60.0,57.7,24,73.0,1,9,26.0,2,1.33,27.0,23.0,4.0,0.18,1.18,0.0,24.0,38.0,10.0,36.0,18.0,24.0,,,0.0,,,,,,,,,,,,,,,
ESP-La Liga,2526,Espanyol,Pol Lozano,ESP,MF,25.0,1999.0,33.0,28.0,2157.0,24.0,2.0,1.0,3.0,2.0,0.0,0.0,12.0,1.0,0.08,0.04,0.13,0.08,0.13,24.0,2.0,17.0,5.0,29.4,0.71,0.21,0.12,0.4,0.0,0.0,65.0,63.1,28,74.0,10,5,15.0,2,1.33,30.0,36.0,-6.0,-0.25,0.18,1.0,64.0,29.0,0.0,29.0,23.0,19.0,,,0.0,,,,,,,,,,,,,,,
ESP-La Liga,2526,Espanyol,Ramón Terrats,ESP,MF,24.0,2000.0,29.0,12.0,1030.0,11.4,1.0,2.0,3.0,1.0,0.0,0.0,0.0,0.0,0.09,0.17,0.26,0.09,0.26,11.4,1.0,15.0,3.0,20.0,1.31,0.26,0.07,0.33,0.0,0.0,36.0,30.1,12,63.0,0,17,16.0,5,1.03,10.0,21.0,-11.0,-0.96,-0.92,0.0,15.0,22.0,1.0,30.0,11.0,13.0,,,0.0,,,,,,,,,,,,,,,
ESP-La Liga,2526,Espanyol,Roberto Férnandez,ESP,FW,23.0,2002.0,38.0,25.0,2382.0,26.5,7.0,3.0,10.0,6.0,1.0,1.0,3.0,0.0,0.26,0.11,0.38,0.23,0.34,26.5,7.0,59.0,23.0,39.0,2.23,0.87,0.12,0.3,1.0,1.0,63.0,69.6,25,80.0,10,13,30.0,0,1.21,27.0,35.0,-8.0,-0.3,0.04,0.0,40.0,47.0,9.0,9.0,6.0,5.0,,,0.0,,,,,,,,,,,,,,,
ESP-La Liga,2526,Espanyol,Rubén,ESP,"DF,MF",24.0,2001.0,21.0,8.0,812.0,9.0,0.0,1.0,1.0,0.0,0.0,0.0,2.0,0.0,0.0,0.11,0.11,0.0,0.11,9.0,0.0,8.0,1.0,12.5,0.89,0.11,0.0,0.0,0.0,0.0,39.0,23.7,8,74.0,2,13,17.0,17,1.29,10.0,10.0,0.0,0.0,0.41,0.0,11.0,12.0,2.0,36.0,10.0,10.0,,,0.0,,,,,,,,,,,,,,,
ESP-La Liga,2526,Espanyol,Tyrhys Dolan,ENG,MF,23.0,2001.0,36.0,28.0,2415.0,26.8,2.0,5.0,7.0,2.0,0.0,0.0,7.0,1.0,0.07,0.19,0.26,0.07,0.26,26.8,2.0,34.0,12.0,35.3,1.27,0.45,0.06,0.17,0.0,0.0,67.0,70.6,28,76.0,3,8,36.0,0,1.11,32.0,39.0,-7.0,-0.26,0.19,1.0,37.0,46.0,5.0,105.0,15.0,35.0,,,0.0,,,,,,,,,,,,,,,
ESP-La Liga,2526,Espanyol,Urko González,ESP,MF,24.0,2001.0,35.0,28.0,2623.0,29.1,0.0,1.0,1.0,0.0,0.0,0.0,7.0,0.0,0.0,0.03,0.03,0.0,0.03,29.1,0.0,18.0,1.0,5.6,0.62,0.03,0.0,0.0,0.0,0.0,75.0,76.7,28,88.0,23,7,22.0,0,1.2,32.0,45.0,-13.0,-0.45,-0.56,0.0,42.0,42.0,1.0,12.0,29.0,33.0,,,0.0,,,,,,,,,,,,,,,
ESP-La Liga,2526,Getafe,Abdel Abqar,MAR,DF,26.0,1999.0,23.0,17.0,1437.0,16.0,0.0,2.0,2.0,0.0,0.0,0.0,10.0,1.0,0.0,0.13,0.13,0.0,0.13,16.0,0.0,7.0,1.0,14.3,0.44,0.06,0.0,0.0,0.0,0.0,62.0,42.0,17,75.0,7,6,26.0,0,1.17,15.0,14.0,1.0,0.06,0.38,0.0,30.0,36.0,1.0,2.0,20.0,17.0,,,0.0,,,,,,,,,,,,,,,
ESP-La Liga,2526,Getafe,Abu Kamara,ENG,MF,22.0,2003.0,12.0,1.0,256.0,2.8,0.0,0.0,0.0,0.0,0.0,0.0,1.0,0.0,0.0,0.0,0.0,0.0,0.0,2.8,0.0,4.0,1.0,25.0,1.41,0.35,0.0,0.0,0.0,0.0,21.0,7.5,1,45.0,0,11,19.0,10,0.83,0.0,3.0,-3.0,-1.05,-0.97,0.0,2.0,4.0,2.0,9.0,3.0,2.0,,,0.0,,,,,,,,,,,,,,,
ESP-La Liga,2526,Getafe,Adrián Liso,ESP,"FW,MF",20.0,2005.0,28.0,21.0,1702.0,18.9,3.0,0.0,3.0,3.0,0.0,0.0,5.0,1.0,0.16,0.0,0.16,0.16,0.16,18.9,3.0,26.0,10.0,38.5,1.37,0.53,0.12,0.3,0.0,0.0,61.0,49.8,21,75.0,4,7,18.0,6,1.36,13.0,18.0,-5.0,-0.26,-0.21,1.0,39.0,43.0,16.0,42.0,4.0,22.0,,,0.0,,,,,,,,,,,,,,,
ESP-La Liga,2526,Getafe,Alejandro Mestanza,ESP,MF,20.0,2004.0,3.0,1.0,71.0,0.8,0.0,0.0,0.0,0.0,0.0,0.0,0.0,0.0,0.0,0.0,0.0,0.0,0.0,0.8,0.0,1.0,0.0,0.0,1.27,0.0,0.0,,0.0,0.0,24.0,2.1,1,56.0,0,2,8.0,0,0.33,1.0,1.0,0.0,0.0,0.16,0.0,1.0,2.0,1.0,4.0,0.0,1.0,,,0.0,,,,,,,,,,,,,,,
ESP-La Liga,2526,Getafe,Alex Sola,ESP,"DF,FW",26.0,1999.0,1.0,0.0,13.0,0.1,0.0,0.0,0.0,0.0,0.0,0.0,0.0,0.0,0.0,0.0,0.0,0.0,0.0,0.1,0.0,0.0,0.0,,0.0,0.0,,,0.0,0.0,13.0,0.4,0,,0,1,13.0,2,3.0,0.0,0.0,0.0,0.0,0.16,0.0,0.0,2.0,0.0,0.0,0.0,0.0,,,0.0,,,,,,,,,,,,,,,
ESP-La Liga,2526,Getafe,Allan Nyom,CMR,DF,37.0,1988.0,15.0,7.0,523.0,5.8,0.0,1.0,1.0,0.0,0.0,0.0,6.0,1.0,0.0,0.17,0.17,0.0,0.17,5.8,0.0,3.0,1.0,33.3,0.52,0.17,0.0,0.0,0.0,0.0,35.0,15.3,7,68.0,2,8,6.0,15,1.63,8.0,8.0,0.0,0.0,0.19,0.0,13.0,8.0,1.0,8.0,1.0,6.0,,,0.0,,,,,,,,,,,,,,,
ESP-La Liga,2526,Getafe,Borja Mayoral,ESP,FW,28.0,1997.0,16.0,12.0,1058.0,11.8,4.0,1.0,5.0,4.0,0.0,1.0,0.0,0.0,0.34,0.09,0.43,0.34,0.43,11.8,4.0,15.0,7.0,46.7,1.28,0.6,0.27,0.57,0.0,1.0,66.0,30.9,12,81.0,6,4,21.0,5,0.94,9.0,15.0,-6.0,-0.51,-0.51,0.0,6.0,7.0,11.0,6.0,4.0,5.0,,,0.0,,,,,,,,,,,,,,,
ESP-La Liga,2526,Getafe,Christantus Uche,NGA,FW,22.0,2003.0,3.0,3.0,270.0,3.0,1.0,1.0,2.0,1.0,0.0,0.0,1.0,0.0,0.33,0.33,0.67,0.33,0.67,3.0,1.0,6.0,1.0,16.7,2.0,0.33,0.17,1.0,0.0,0.0,90.0,7.9,3,90.0,3,0,,0,2.0,4.0,4.0,0.0,0.0,0.17,0.0,10.0,8.0,1.0,1.0,0.0,2.0,,,0.0,,,,,,,,,,,,,,,
ESP-La Liga,2526,Getafe,Coba da Costa,ESP,MF,23.0,2002.0,14.0,2.0,348.0,3.9,0.0,0.0,0.0,0.0,0.0,0.0,1.0,0.0,0.0,0.0,0.0,0.0,0.0,3.9,0.0,5.0,1.0,20.0,1.29,0.26,0.0,0.0,0.0,0.0,25.0,10.2,2,56.0,0,12,20.0,7,0.86,2.0,3.0,-1.0,-0.26,-0.11,0.0,7.0,6.0,2.0,23.0,0.0,6.0,,,0.0,,,,,,,,,,,,,,,
ESP-La Liga,2526,Getafe,Damián,ESP,MF,22.0,2003.0,3.0,2.0,151.0,1.7,0.0,0.0,0.0,0.0,0.0,0.0,0.0,0.0,0.0,0.0,0.0,0.0,0.0,1.7,0.0,0.0,0.0,,0.0,0.0,,,0.0,0.0,50.0,4.4,2,71.0,1,1,9.0,2,2.0,3.0,2.0,1.0,0.6,0.79,0.0,4.0,0.0,0.0,0.0,3.0,4.0,,,0.0,,,,,,,,,,,,,,,
ESP-La Liga,2526,Getafe,David Soria,ESP,GK,32.0,1993.0,38.0,38.0,3420.0,38.0,0.0,0.0,0.0,0.0,0.0,0.0,2.0,0.0,0.0,0.0,0.0,0.0,0.0,38.0,0.0,0.0,0.0,,0.0,0.0,,,0.0,0.0,90.0,100.0,38,90.0,38,0,,0,1.34,32.0,38.0,-6.0,-0.16,,0.0,0.0,3.0,0.0,0.0,0.0,0.0,,,0.0,38.0,1.0,154.0,115.0,75.3,15.0,6.0,17.0,12.0,31.6,4.0,1.0,2.0,1.0,66.7
ESP-La Liga,2526,Getafe,Davinchi,ESP,DF,17.0,2007.0,14.0,7.0,700.0,7.8,0.0,0.0,0.0,0.0,0.0,0.0,2.0,0.0,0.0,0.0,0.0,0.0,0.0,7.8,0.0,4.0,2.0,50.0,0.51,0.26,0.0,0.0,0.0,0.0,50.0,20.5,7,73.0,3,7,27.0,3,1.29,5.0,10.0,-5.0,-0.64,-0.61,0.0,27.0,2.0,0.0,20.0,7.0,17.0,,,0.0,,,,,,,,,,,,,,,
ESP-La Liga,2526,Getafe,Diego Rico,ESP,DF,32.0,1993.0,28.0,18.0,1758.0,19.5,0.0,0.0,0.0,0.0,0.0,0.0,4.0,0.0,0.0,0.0,0.0,0.0,0.0,19.5,0.0,11.0,1.0,9.1,0.56,0.05,0.0,0.0,0.0,0.0,63.0,51.4,18,86.0,15,10,21.0,9,1.41,17.0,23.0,-6.0,-0.31,-0.31,0.0,22.0,35.0,1.0,66.0,33.0,29.0,,,0.0,,,,,,,,,,,,,,,
ESP-La Liga,2526,Getafe,Djené,TOG,"DF,MF",33.0,1991.0,34.0,32.0,2578.0,28.6,0.0,0.0,0.0,0.0,0.0,0.0,10.0,2.0,0.0,0.0,0.0,0.0,0.0,28.6,0.0,4.0,0.0,0.0,0.14,0.0,0.0,,0.0,0.0,76.0,75.4,32,79.0,21,2,30.0,0,1.32,24.0,29.0,-5.0,-0.17,-0.07,0.0,35.0,26.0,0.0,11.0,38.0,24.0,,,0.0,,,,,,,,,,,,,,,
ESP-La Liga,2526,Getafe,Domingos Duarte,POR,DF,30.0,1995.0,34.0,34.0,2923.0,32.5,1.0,1.0,2.0,1.0,0.0,0.0,11.0,0.0,0.03,0.03,0.06,0.03,0.06,32.5,1.0,13.0,4.0,30.8,0.4,0.12,0.08,0.25,0.0,0.0,86.0,85.5,34,86.0,27,0,,1,1.29,26.0,35.0,-9.0,-0.28,-0.82,0.0,32.0,24.0,3.0,0.0,33.0,18.0,,,1.0,,,,,,,,,,,,,,,
ESP-La Liga,2526,Getafe,Hugo Solozabal,ESP,MF,22.0,2003.0,1.0,0.0,11.0,0.1,0.0,0.0,0.0,0.0,0.0,0.0,0.0,0.0,0.0,0.0,0.0,0.0,0.0,0.1,0.0,0.0,0.0,,0.0,0.0,,,0.0,0.0,11.0,0.3,0,,0,1,11.0,7,0.0,0.0,0.0,0.0,0.0,0.16,0.0,0.0,0.0,0.0,0.0,0.0,0.0,,,0.0,,,,,,,,,,,,,,,
ESP-La Liga,2526,Getafe,Iglesias,ESP,DF,27.0,1998.0,37.0,36.0,3185.0,35.4,1.0,2.0,3.0,1.0,0.0,0.0,4.0,0.0,0.03,0.06,0.08,0.03,0.08,35.4,1.0,26.0,5.0,19.2,0.73,0.14,0.04,0.2,0.0,0.0,86.0,93.1,36,88.0,31,1,24.0,1,1.38,28.0,34.0,-6.0,-0.17,-0.17,0.0,63.0,70.0,1.0,108.0,28.0,72.0,,,1.0,,,,,,,,,,,,,,,
ESP-La Liga,2526,Getafe,Ismael Bekhoucha,MAR,DF,20.0,2004.0,4.0,1.0,122.0,1.4,0.0,1.0,1.0,0.0,0.0,0.0,2.0,0.0,0.0,0.74,0.74,0.0,0.74,1.4,0.0,1.0,0.0,0.0,0.74,0.0,0.0,,0.0,0.0,31.0,3.6,1,90.0,1,3,11.0,8,2.25,3.0,1.0,2.0,1.48,1.69,0.0,7.0,3.0,0.0,4.0,2.0,5.0,,,0.0,,,,,,,,,,,,,,,
ESP-La Liga,2526,Getafe,Javier Muñoz,ESP,"MF,FW",30.0,1995.0,17.0,4.0,551.0,6.1,0.0,0.0,0.0,0.0,0.0,0.0,0.0,0.0,0.0,0.0,0.0,0.0,0.0,6.1,0.0,13.0,6.0,46.2,2.12,0.98,0.0,0.0,0.0,0.0,32.0,16.1,4,80.0,0,13,18.0,17,1.0,2.0,7.0,-5.0,-0.82,-0.79,0.0,9.0,2.0,0.0,11.0,6.0,5.0,,,0.0,,,,,,,,,,,,,,,
ESP-La Liga,2526,Getafe,Jorge Montes,ESP,DF,21.0,2004.0,1.0,0.0,27.0,0.3,0.0,0.0,0.0,0.0,0.0,0.0,0.0,0.0,0.0,0.0,0.0,0.0,0.0,0.3,0.0,0.0,0.0,,0.0,0.0,,,0.0,0.0,27.0,0.8,0,,0,1,27.0,16,0.0,1.0,1.0,0.0,0.0,0.16,0.0,1.0,0.0,0.0,2.0,0.0,2.0,,,0.0,,,,,,,,,,,,,,,
ESP-La Liga,2526,Getafe,Joselu Pérez,ESP,DF,21.0,2004.0,2.0,0.0,22.0,0.2,0.0,0.0,0.0,0.0,0.0,0.0,0.0,0.0,0.0,0.0,0.0,0.0,0.0,0.2,0.0,1.0,0.0,0.0,4.09,0.0,0.0,,0.0,0.0,11.0,0.6,0,,0,2,11.0,11,0.5,2.0,1.0,1.0,4.09,4.28,0.0,1.0,2.0,0.0,0.0,0.0,0.0,,,0.0,,,,,,,,,,,,,,,
ESP-La Liga,2526,Getafe,Juanmi,ESP,"FW,MF",32.0,1993.0,8.0,0.0,179.0,2.0,1.0,0.0,1.0,1.0,0.0,0.0,0.0,0.0,0.5,0.0,0.5,0.5,0.5,2.0,1.0,2.0,1.0,50.0,1.01,0.5,0.5,1.0,0.0,0.0,22.0,5.2,0,,0,8,22.0,8,0.13,2.0,4.0,-2.0,-1.01,-0.89,0.0,2.0,1.0,3.0,0.0,0.0,0.0,,,0.0,,,,,,,,,,,,,,,
ESP-La Liga,2526,Getafe,Kiko Femenía,ESP,"DF,MF",34.0,1991.0,28.0,25.0,2008.0,22.3,1.0,1.0,2.0,1.0,0.0,0.0,6.0,0.0,0.04,0.04,0.09,0.04,0.09,22.3,1.0,8.0,3.0,37.5,0.36,0.13,0.13,0.33,0.0,0.0,72.0,58.7,25,76.0,8,3,35.0,1,1.25,20.0,24.0,-4.0,-0.18,-0.05,0.0,21.0,11.0,5.0,43.0,36.0,24.0,,,0.0,,,,,,,,,,,,,,,
ESP-La Liga,2526,Getafe,Luis Milla,ESP,MF,30.0,1994.0,37.0,37.0,3271.0,36.3,1.0,10.0,11.0,1.0,0.0,0.0,5.0,1.0,0.03,0.28,0.3,0.03,0.3,36.3,1.0,27.0,4.0,14.8,0.74,0.11,0.04,0.25,0.0,0.0,88.0,95.6,37,88.0,31,0,,0,1.38,32.0,35.0,-3.0,-0.08,1.73,0.0,32.0,43.0,3.0,225.0,42.0,33.0,,,0.0,,,,,,,,,,,,,,,
ESP-La Liga,2526,Getafe,Luis Vázquez,ARG,FW,24.0,2001.0,17.0,14.0,1194.0,13.3,3.0,1.0,4.0,3.0,0.0,0.0,2.0,0.0,0.23,0.08,0.3,0.23,0.3,13.3,3.0,25.0,9.0,36.0,1.88,0.68,0.12,0.33,0.0,0.0,70.0,34.9,14,77.0,2,3,37.0,1,1.59,12.0,7.0,5.0,0.38,0.82,0.0,21.0,32.0,17.0,2.0,4.0,3.0,,,0.0,,,,,,,,,,,,,,,
ESP-La Liga,2526,Getafe,Mario Martín,ESP,"MF,FW",21.0,2004.0,35.0,26.0,2125.0,23.6,2.0,1.0,3.0,2.0,0.0,0.0,11.0,0.0,0.08,0.04,0.13,0.08,0.13,23.6,2.0,26.0,6.0,23.1,1.1,0.25,0.08,0.33,0.0,0.0,61.0,62.1,26,71.0,6,9,32.0,0,1.29,19.0,27.0,-8.0,-0.34,-0.48,0.0,71.0,34.0,4.0,13.0,16.0,32.0,,,0.0,,,,,,,,,,,,,,,
ESP-La Liga,2526,Getafe,Martin Satriano,URU,"FW,MF",24.0,2001.0,18.0,18.0,1603.0,17.8,6.0,1.0,7.0,6.0,0.0,0.0,5.0,0.0,0.34,0.06,0.39,0.34,0.39,17.8,6.0,35.0,14.0,40.0,1.97,0.79,0.17,0.43,0.0,0.0,89.0,46.9,18,89.0,14,0,,0,1.5,16.0,13.0,3.0,0.17,0.61,0.0,21.0,31.0,4.0,21.0,9.0,13.0,,,0.0,,,,,,,,,,,,,,,
ESP-La Liga,2526,Getafe,Mauro Arambarri,URU,MF,29.0,1995.0,37.0,37.0,3249.0,36.1,6.0,2.0,8.0,4.0,2.0,3.0,6.0,0.0,0.17,0.06,0.22,0.11,0.17,36.1,6.0,58.0,19.0,32.8,1.61,0.53,0.1,0.32,2.0,3.0,88.0,95.0,37,88.0,31,0,,0,1.38,32.0,37.0,-5.0,-0.14,0.39,0.0,60.0,67.0,4.0,19.0,21.0,43.0,,,0.0,,,,,,,,,,,,,,,
ESP-La Liga,2526,Getafe,Sebastián Boselli,URU,DF,21.0,2003.0,11.0,4.0,380.0,4.2,0.0,0.0,0.0,0.0,0.0,0.0,4.0,0.0,0.0,0.0,0.0,0.0,0.0,4.2,0.0,4.0,1.0,25.0,0.95,0.24,0.0,0.0,0.0,0.0,35.0,11.1,4,79.0,3,7,9.0,6,2.0,4.0,2.0,2.0,0.47,0.71,0.0,6.0,0.0,0.0,8.0,0.0,13.0,,,0.0,,,,,,,,,,,,,,,
ESP-La Liga,2526,Getafe,Veljko Birmančević,SRB,FW,27.0,1998.0,6.0,1.0,142.0,1.6,0.0,0.0,0.0,0.0,0.0,0.0,0.0,0.0,0.0,0.0,0.0,0.0,0.0,1.6,0.0,2.0,1.0,50.0,1.27,0.63,0.0,0.0,0.0,0.0,24.0,4.2,1,45.0,0,5,19.0,10,0.5,1.0,2.0,-1.0,-0.63,-0.5,0.0,3.0,3.0,3.0,2.0,2.0,0.0,,,0.0,,,,,,,,,,,,,,,
ESP-La Liga,2526,Getafe,Yvan Neyou,CMR,MF,28.0,1997.0,5.0,0.0,67.0,0.7,0.0,0.0,0.0,0.0,0.0,0.0,2.0,0.0,0.0,0.0,0.0,0.0,0.0,0.7,0.0,0.0,0.0,,0.0,0.0,,,0.0,0.0,13.0,2.0,0,,0,5,13.0,10,2.0,0.0,2.0,-2.0,-2.69,-2.58,0.0,4.0,2.0,0.0,0.0,0.0,0.0,,,0.0,,,,,,,,,,,,,,,
ESP-La Liga,2526,Getafe,Zaid Romero,ARG,DF,25.0,1999.0,15.0,15.0,1349.0,15.0,1.0,0.0,1.0,1.0,0.0,0.0,5.0,1.0,0.07,0.0,0.07,0.07,0.07,15.0,1.0,10.0,2.0,20.0,0.67,0.13,0.1,0.5,0.0,0.0,90.0,39.4,15,90.0,14,0,,0,1.8,16.0,8.0,8.0,0.53,1.14,1.0,11.0,12.0,0.0,4.0,28.0,23.0,,,0.0,,,,,,,,,,,,,,,
ESP-La Liga,2526,Getafe,Álex Sancris,ESP,"MF,FW",28.0,1997.0,18.0,5.0,708.0,7.9,0.0,1.0,1.0,0.0,0.0,0.0,4.0,1.0,0.0,0.13,0.13,0.0,0.13,7.9,0.0,13.0,5.0,38.5,1.65,0.64,0.0,0.0,0.0,0.0,39.0,20.7,5,73.0,0,13,26.0,15,0.61,7.0,9.0,-2.0,-0.25,-0.12,1.0,16.0,12.0,8.0,59.0,2.0,5.0,,,0.0,,,,,,,,,,,,,,,
ESP-La Liga,2526,Girona,Abel Ruiz,ESP,FW,25.0,2000.0,9.0,0.0,187.0,2.1,0.0,0.0,0.0,0.0,0.0,0.0,0.0,0.0,0.0,0.0,0.0,0.0,0.0,2.1,0.0,5.0,1.0,20.0,2.41,0.48,0.0,0.0,0.0,0.0,21.0,5.5,0,,0,9,21.0,11,1.44,3.0,0.0,3.0,1.44,1.97,0.0,2.0,1.0,1.0,2.0,1.0,1.0,,,0.0,,,,,,,,,,,,,,,
ESP-La Liga,2526,Girona,Alejandro Francés,ESP,DF,22.0,2002.0,24.0,11.0,1116.0,12.4,0.0,2.0,2.0,0.0,0.0,0.0,2.0,1.0,0.0,0.16,0.16,0.0,0.16,12.4,0.0,16.0,4.0,25.0,1.29,0.32,0.0,0.0,0.0,0.0,47.0,32.6,11,78.0,6,13,20.0,9,1.33,13.0,19.0,-6.0,-0.48,-0.09,0.0,15.0,23.0,1.0,24.0,16.0,15.0,,,0.0,,,,,,,,,,,,,,,
ESP-La Liga,2526,Girona,Arnau Martinez,ESP,"DF,MF",22.0,2003.0,35.0,33.0,2666.0,29.6,2.0,3.0,5.0,2.0,0.0,0.0,6.0,0.0,0.07,0.1,0.17,0.07,0.17,29.6,2.0,19.0,4.0,21.1,0.64,0.14,0.11,0.5,0.0,0.0,76.0,78.0,33,80.0,18,2,14.0,2,1.14,34.0,35.0,-1.0,-0.03,1.76,0.0,24.0,30.0,3.0,50.0,37.0,39.0,,,0.0,,,,,,,,,,,,,,,
ESP-La Liga,2526,Girona,Axel Witsel,BEL,MF,36.0,1989.0,32.0,30.0,2526.0,28.1,1.0,2.0,3.0,1.0,0.0,0.0,2.0,1.0,0.04,0.07,0.11,0.04,0.11,28.1,1.0,20.0,5.0,25.0,0.71,0.18,0.05,0.2,0.0,0.0,79.0,73.9,30,82.0,21,2,28.0,1,1.03,31.0,41.0,-10.0,-0.36,0.25,1.0,34.0,37.0,1.0,1.0,30.0,24.0,,,0.0,,,,,,,,,,,,,,,
ESP-La Liga,2526,Girona,Azzedine Ounahi,MAR,MF,25.0,2000.0,24.0,20.0,1760.0,19.6,5.0,2.0,7.0,4.0,1.0,1.0,6.0,0.0,0.26,0.1,0.36,0.2,0.31,19.6,5.0,51.0,19.0,37.3,2.61,0.97,0.1,0.26,1.0,1.0,73.0,51.5,20,83.0,10,4,28.0,0,1.0,22.0,23.0,-1.0,-0.05,0.76,0.0,18.0,63.0,1.0,41.0,16.0,15.0,,,0.0,,,,,,,,,,,,,,,
ESP-La Liga,2526,Girona,Bojan Miovski,MKD,FW,26.0,1999.0,1.0,1.0,44.0,0.5,0.0,0.0,0.0,0.0,0.0,0.0,0.0,0.0,0.0,0.0,0.0,0.0,0.0,0.5,0.0,0.0,0.0,,0.0,0.0,,,0.0,0.0,44.0,1.3,1,44.0,0,0,,0,0.0,0.0,3.0,-3.0,-6.14,-5.79,0.0,0.0,0.0,0.0,0.0,0.0,0.0,,,0.0,,,,,,,,,,,,,,,
ESP-La Liga,2526,Girona,Bryan Gil,ESP,"MF,FW",24.0,2001.0,29.0,20.0,1578.0,17.5,0.0,3.0,3.0,0.0,0.0,0.0,6.0,0.0,0.0,0.17,0.17,0.0,0.17,17.5,0.0,27.0,7.0,25.9,1.54,0.4,0.0,0.0,0.0,0.0,54.0,46.1,20,69.0,1,9,23.0,2,1.14,19.0,21.0,-2.0,-0.11,0.57,0.0,20.0,37.0,6.0,52.0,9.0,18.0,,,0.0,,,,,,,,,,,,,,,
ESP-La Liga,2526,Girona,Claudio Echeverri,ARG,"FW,MF",19.0,2006.0,17.0,5.0,624.0,6.9,1.0,1.0,2.0,1.0,0.0,0.0,4.0,0.0,0.14,0.14,0.29,0.14,0.29,6.9,1.0,21.0,7.0,33.3,3.03,1.01,0.05,0.14,0.0,0.0,37.0,18.2,5,63.0,0,12,26.0,1,0.82,9.0,12.0,-3.0,-0.43,-0.01,0.0,8.0,14.0,1.0,15.0,1.0,6.0,,,0.0,,,,,,,,,,,,,,,
ESP-La Liga,2526,Girona,Cristhian Stuani,URU,FW,38.0,1986.0,21.0,1.0,412.0,4.6,5.0,0.0,5.0,2.0,3.0,4.0,4.0,0.0,1.09,0.0,1.09,0.44,0.44,4.6,5.0,19.0,12.0,63.2,4.15,2.62,0.26,0.42,3.0,4.0,20.0,12.0,1,63.0,0,20,17.0,5,0.9,6.0,8.0,-2.0,-0.44,-0.02,0.0,12.0,11.0,6.0,0.0,1.0,4.0,,,0.0,,,,,,,,,,,,,,,
ESP-La Liga,2526,Girona,Daley Blind,NED,DF,35.0,1990.0,31.0,30.0,2606.0,29.0,0.0,0.0,0.0,0.0,0.0,0.0,1.0,0.0,0.0,0.0,0.0,0.0,0.0,29.0,0.0,5.0,1.0,20.0,0.17,0.03,0.0,0.0,0.0,0.0,84.0,76.2,30,86.0,25,1,27.0,3,1.13,30.0,45.0,-15.0,-0.52,-0.41,0.0,19.0,20.0,0.0,13.0,38.0,34.0,,,0.0,,,,,,,,,,,,,,,
ESP-La Liga,2526,Girona,David López,ESP,DF,35.0,1989.0,6.0,3.0,293.0,3.3,0.0,0.0,0.0,0.0,0.0,0.0,0.0,0.0,0.0,0.0,0.0,0.0,0.0,3.3,0.0,1.0,1.0,100.0,0.31,0.31,0.0,0.0,0.0,0.0,49.0,8.6,3,76.0,1,3,21.0,18,0.67,2.0,7.0,-5.0,-1.54,-1.22,0.0,2.0,2.0,1.0,0.0,0.0,2.0,,,0.0,,,,,,,,,,,,,,,
ESP-La Liga,2526,Girona,Dawda Camara,MTN,FW,22.0,2002.0,2.0,1.0,72.0,0.8,0.0,0.0,0.0,0.0,0.0,0.0,0.0,0.0,0.0,0.0,0.0,0.0,0.0,0.8,0.0,2.0,1.0,50.0,2.5,1.25,0.0,0.0,0.0,0.0,36.0,2.1,1,45.0,0,1,27.0,0,0.0,0.0,4.0,-4.0,-5.0,-4.68,0.0,2.0,0.0,0.0,0.0,1.0,0.0,,,0.0,,,,,,,,,,,,,,,
ESP-La Liga,2526,Girona,Donny van de Beek,NED,MF,28.0,1997.0,2.0,1.0,41.0,0.5,0.0,0.0,0.0,0.0,0.0,0.0,0.0,0.0,0.0,0.0,0.0,0.0,0.0,0.5,0.0,2.0,1.0,50.0,4.39,2.2,0.0,0.0,0.0,0.0,21.0,1.2,1,32.0,0,1,9.0,3,1.0,1.0,1.0,0.0,0.0,0.43,0.0,0.0,0.0,1.0,0.0,0.0,0.0,,,0.0,,,,,,,,,,,,,,,
ESP-La Liga,2526,Girona,Fran Beltrán,ESP,MF,26.0,1999.0,17.0,11.0,1012.0,11.2,1.0,0.0,1.0,1.0,0.0,0.0,3.0,0.0,0.09,0.0,0.09,0.09,0.09,11.2,1.0,10.0,3.0,30.0,0.89,0.27,0.1,0.33,0.0,0.0,60.0,29.6,11,77.0,3,6,27.0,1,1.0,9.0,10.0,-1.0,-0.09,0.47,0.0,10.0,9.0,0.0,8.0,11.0,14.0,,,0.0,,,,,,,,,,,,,,,
ESP-La Liga,2526,Girona,Hugo Rincón,ESP,DF,22.0,2003.0,33.0,16.0,1750.0,19.4,1.0,1.0,2.0,1.0,0.0,0.0,4.0,0.0,0.05,0.05,0.1,0.05,0.1,19.4,1.0,7.0,2.0,28.6,0.36,0.1,0.14,0.5,0.0,0.0,53.0,51.2,16,83.0,9,17,25.0,5,1.0,22.0,28.0,-6.0,-0.31,0.23,0.0,32.0,53.0,1.0,35.0,5.0,33.0,,,0.0,,,,,,,,,,,,,,,
ESP-La Liga,2526,Girona,Iván Martín,ESP,MF,26.0,1999.0,35.0,29.0,2532.0,28.1,0.0,1.0,1.0,0.0,0.0,0.0,5.0,1.0,0.0,0.04,0.04,0.0,0.04,28.1,0.0,13.0,5.0,38.5,0.46,0.18,0.0,0.0,0.0,0.0,72.0,74.0,29,83.0,15,6,22.0,2,1.17,29.0,36.0,-7.0,-0.25,0.66,1.0,30.0,31.0,3.0,15.0,17.0,39.0,,,0.0,,,,,,,,,,,,,,,
ESP-La Liga,2526,Girona,Jhon Solis,COL,MF,20.0,2004.0,12.0,3.0,380.0,4.2,0.0,0.0,0.0,0.0,0.0,0.0,0.0,0.0,0.0,0.0,0.0,0.0,0.0,4.2,0.0,3.0,2.0,66.7,0.71,0.47,0.0,0.0,0.0,0.0,32.0,11.1,3,78.0,1,9,16.0,5,0.75,2.0,14.0,-12.0,-2.84,-2.72,0.0,2.0,7.0,0.0,0.0,4.0,3.0,,,0.0,,,,,,,,,,,,,,,
ESP-La Liga,2526,Girona,Joel Roca,ESP,"MF,FW",20.0,2005.0,32.0,16.0,1473.0,16.4,3.0,1.0,4.0,3.0,0.0,0.0,4.0,1.0,0.18,0.06,0.24,0.18,0.24,16.4,3.0,48.0,16.0,33.3,2.93,0.98,0.06,0.19,0.0,0.0,46.0,43.1,16,70.0,5,16,22.0,2,1.06,17.0,26.0,-9.0,-0.55,-0.23,0.0,13.0,45.0,4.0,33.0,2.0,11.0,,,0.0,,,,,,,,,,,,,,,
ESP-La Liga,2526,Girona,Juan Arango,VEN,MF,19.0,2006.0,2.0,0.0,18.0,0.2,0.0,0.0,0.0,0.0,0.0,0.0,1.0,0.0,0.0,0.0,0.0,0.0,0.0,0.2,0.0,0.0,0.0,,0.0,0.0,,,0.0,0.0,9.0,0.5,0,,0,2,9.0,6,0.5,1.0,0.0,1.0,5.0,5.45,0.0,1.0,0.0,0.0,0.0,0.0,0.0,,,0.0,,,,,,,,,,,,,,,
ESP-La Liga,2526,Girona,Ladislav Krejčí,CZE,DF,26.0,1999.0,2.0,2.0,180.0,2.0,0.0,0.0,0.0,0.0,0.0,0.0,1.0,0.0,0.0,0.0,0.0,0.0,0.0,2.0,0.0,1.0,0.0,0.0,0.5,0.0,0.0,,0.0,0.0,90.0,5.3,2,90.0,2,0,,0,0.0,1.0,8.0,-7.0,-3.5,-3.25,0.0,2.0,0.0,0.0,0.0,1.0,0.0,,,0.0,,,,,,,,,,,,,,,
ESP-La Liga,2526,Girona,Lancinet Kourouma,GUI,FW,21.0,2004.0,5.0,0.0,43.0,0.5,0.0,0.0,0.0,0.0,0.0,0.0,0.0,1.0,0.0,0.0,0.0,0.0,0.0,0.5,0.0,0.0,0.0,,0.0,0.0,,,0.0,0.0,9.0,1.3,0,,0,5,9.0,16,1.6,0.0,1.0,-1.0,-2.09,-1.69,0.0,2.0,1.0,0.0,0.0,1.0,0.0,,,0.0,,,,,,,,,,,,,,,
ESP-La Liga,2526,Girona,Marc-André ter Stegen,GER,GK,33.0,1992.0,2.0,2.0,180.0,2.0,0.0,0.0,0.0,0.0,0.0,0.0,0.0,0.0,0.0,0.0,0.0,0.0,0.0,2.0,0.0,0.0,0.0,,0.0,0.0,,,0.0,0.0,90.0,5.3,2,90.0,2,0,,0,0.5,1.0,2.0,-1.0,-0.5,-0.08,0.0,0.0,0.0,0.0,0.0,0.0,0.0,,,0.0,2.0,1.0,6.0,4.0,66.7,0.0,1.0,1.0,0.0,0.0,0.0,0.0,0.0,0.0,
ESP-La Liga,2526,Girona,Paulo Gazzaniga,ARG,GK,33.0,1992.0,35.0,35.0,3102.0,34.5,0.0,0.0,0.0,0.0,0.0,0.0,4.0,1.0,0.0,0.0,0.0,0.0,0.0,34.5,0.0,0.0,0.0,,0.0,0.0,,,0.0,0.0,89.0,90.7,35,89.0,34,0,,2,1.14,37.0,47.0,-10.0,-0.29,1.41,0.0,1.0,5.0,0.0,0.0,0.0,1.0,,,0.0,47.0,1.36,162.0,115.0,71.0,9.0,13.0,13.0,6.0,17.1,5.0,4.0,0.0,1.0,0.0
ESP-La Liga,2526,Girona,Portu,ESP,"FW,MF",33.0,1992.0,10.0,4.0,474.0,5.3,0.0,0.0,0.0,0.0,0.0,0.0,2.0,0.0,0.0,0.0,0.0,0.0,0.0,5.3,0.0,9.0,5.0,55.6,1.71,0.95,0.0,0.0,0.0,0.0,47.0,13.9,4,64.0,0,6,36.0,2,0.7,6.0,11.0,-5.0,-0.95,-0.61,0.0,6.0,4.0,3.0,18.0,2.0,1.0,,,0.0,,,,,,,,,,,,,,,
ESP-La Liga,2526,Girona,Thomas Lemar,FRA,MF,29.0,1995.0,27.0,14.0,1258.0,14.0,3.0,1.0,4.0,3.0,0.0,0.0,4.0,0.0,0.21,0.07,0.29,0.21,0.29,14.0,3.0,17.0,8.0,47.1,1.22,0.57,0.18,0.38,0.0,0.0,47.0,36.8,14,69.0,1,13,22.0,2,1.0,15.0,16.0,-1.0,-0.07,0.55,0.0,19.0,20.0,0.0,56.0,5.0,15.0,,,0.0,,,,,,,,,,,,,,,
ESP-La Liga,2526,Girona,Viktor Tsyhankov,UKR,"MF,FW",27.0,1997.0,32.0,31.0,2630.0,29.2,6.0,5.0,11.0,6.0,0.0,0.0,3.0,0.0,0.21,0.17,0.38,0.21,0.38,29.2,6.0,51.0,21.0,41.2,1.75,0.72,0.12,0.29,0.0,0.0,82.0,76.9,31,84.0,18,1,28.0,0,1.09,29.0,39.0,-10.0,-0.34,0.34,0.0,22.0,35.0,5.0,120.0,21.0,22.0,,,0.0,,,,,,,,,,,,,,,
ESP-La Liga,2526,Girona,Vitor Reis,BRA,DF,19.0,2006.0,36.0,35.0,3138.0,34.9,1.0,1.0,2.0,1.0,0.0,0.0,9.0,1.0,0.03,0.03,0.06,0.03,0.06,34.9,1.0,19.0,4.0,21.1,0.54,0.11,0.05,0.25,0.0,0.0,87.0,91.8,35,89.0,34,1,33.0,0,1.03,34.0,48.0,-14.0,-0.4,0.24,0.0,40.0,24.0,1.0,0.0,35.0,32.0,,,1.0,,,,,,,,,,,,,,,
ESP-La Liga,2526,Girona,Vladyslav Krapyvtsov,UKR,GK,20.0,2005.0,2.0,1.0,136.0,1.5,0.0,0.0,0.0,0.0,0.0,0.0,0.0,0.0,0.0,0.0,0.0,0.0,0.0,1.5,0.0,0.0,0.0,,0.0,0.0,,,0.0,0.0,68.0,4.0,1,90.0,1,1,46.0,27,0.0,1.0,5.0,-4.0,-2.65,-2.32,0.0,0.0,1.0,0.0,0.0,0.0,0.0,,,0.0,6.0,3.97,10.0,4.0,40.0,0.0,0.0,1.0,0.0,0.0,1.0,1.0,0.0,0.0,0.0
ESP-La Liga,2526,Girona,Vladyslav Vanat,UKR,FW,23.0,2002.0,27.0,27.0,1942.0,21.6,9.0,1.0,10.0,6.0,3.0,3.0,4.0,0.0,0.42,0.05,0.46,0.28,0.32,21.6,9.0,27.0,18.0,66.7,1.25,0.83,0.33,0.5,3.0,3.0,72.0,56.8,27,72.0,7,0,,0,1.37,21.0,26.0,-5.0,-0.23,0.44,0.0,28.0,17.0,20.0,5.0,3.0,3.0,,,0.0,,,,,,,,,,,,,,,
ESP-La Liga,2526,Girona,Yangel Herrera,VEN,MF,27.0,1998.0,2.0,2.0,110.0,1.2,0.0,0.0,0.0,0.0,0.0,0.0,0.0,0.0,0.0,0.0,0.0,0.0,0.0,1.2,0.0,1.0,0.0,0.0,0.82,0.0,0.0,,0.0,0.0,55.0,3.2,2,55.0,0,0,,0,0.0,1.0,7.0,-6.0,-4.91,-4.64,0.0,1.0,3.0,0.0,2.0,1.0,1.0,,,0.0,,,,,,,,,,,,,,,
ESP-La Liga,2526,Girona,Yaser Asprilla,COL,"FW,MF",21.0,2003.0,15.0,6.0,611.0,6.8,0.0,0.0,0.0,0.0,0.0,0.0,0.0,0.0,0.0,0.0,0.0,0.0,0.0,6.8,0.0,15.0,5.0,33.3,2.21,0.74,0.0,0.0,0.0,0.0,41.0,17.9,6,70.0,2,9,22.0,5,0.93,5.0,14.0,-9.0,-1.33,-1.1,0.0,11.0,8.0,5.0,36.0,5.0,4.0,,,0.0,,,,,,,,,,,,,,,
ESP-La Liga,2526,Girona,Álex Moreno,ESP,DF,32.0,1993.0,31.0,28.0,2559.0,28.4,0.0,3.0,3.0,0.0,0.0,0.0,5.0,0.0,0.0,0.11,0.11,0.0,0.11,28.4,0.0,17.0,5.0,29.4,0.6,0.18,0.0,0.0,0.0,0.0,83.0,74.8,28,89.0,27,3,23.0,0,1.13,28.0,40.0,-12.0,-0.42,0.0,0.0,32.0,20.0,9.0,66.0,29.0,28.0,,,0.0,,,,,,,,,,,,,,,
ESP-La Liga,2526,Levante,Adrián de la Fuente,ESP,DF,26.0,1999.0,33.0,30.0,2711.0,30.1,3.0,1.0,4.0,2.0,1.0,3.0,5.0,0.0,0.1,0.03,0.13,0.07,0.1,30.1,3.0,39.0,9.0,23.1,1.29,0.3,0.08,0.33,1.0,3.0,82.0,79.3,30,89.0,28,3,17.0,1,1.15,34.0,47.0,-13.0,-0.43,-0.3,0.0,34.0,27.0,1.0,40.0,48.0,18.0,,,1.0,,,,,,,,,,,,,,,
ESP-La Liga,2526,Levante,Alan Matturro,URU,DF,20.0,2004.0,19.0,10.0,947.0,10.5,1.0,1.0,2.0,1.0,0.0,0.0,0.0,1.0,0.1,0.1,0.19,0.1,0.19,10.5,1.0,8.0,1.0,12.5,0.76,0.1,0.13,1.0,0.0,0.0,50.0,27.7,10,79.0,8,9,17.0,11,1.0,13.0,22.0,-9.0,-0.86,-0.67,0.0,7.0,10.0,0.0,0.0,6.0,13.0,,,0.0,,,,,,,,,,,,,,,
ESP-La Liga,2526,Levante,Brugui,ESP,"MF,FW",28.0,1996.0,19.0,10.0,1005.0,11.2,1.0,1.0,2.0,1.0,0.0,0.0,1.0,1.0,0.09,0.09,0.18,0.09,0.18,11.2,1.0,28.0,9.0,32.1,2.51,0.81,0.04,0.11,0.0,0.0,53.0,29.4,10,74.0,2,9,29.0,1,0.95,12.0,20.0,-8.0,-0.72,-0.49,0.0,11.0,8.0,6.0,11.0,4.0,6.0,,,0.0,,,,,,,,,,,,,,,
ESP-La Liga,2526,Levante,Carlos Espí,ESP,FW,20.0,2005.0,25.0,13.0,1343.0,14.9,11.0,0.0,11.0,11.0,0.0,0.0,3.0,0.0,0.74,0.0,0.74,0.74,0.74,14.9,11.0,57.0,24.0,42.1,3.82,1.61,0.19,0.46,0.0,0.0,54.0,39.3,13,84.0,5,12,21.0,9,1.28,26.0,22.0,4.0,0.27,1.05,0.0,31.0,25.0,10.0,1.0,9.0,7.0,,,0.0,,,,,,,,,,,,,,,
ESP-La Liga,2526,Levante,Carlos Álvarez,ESP,MF,21.0,2003.0,30.0,23.0,1890.0,21.0,3.0,1.0,4.0,3.0,0.0,0.0,3.0,0.0,0.14,0.05,0.19,0.14,0.19,21.0,3.0,30.0,11.0,36.7,1.43,0.52,0.1,0.27,0.0,0.0,63.0,55.3,23,76.0,7,7,21.0,1,0.93,20.0,35.0,-15.0,-0.71,-0.77,0.0,22.0,49.0,2.0,54.0,13.0,13.0,,,0.0,,,,,,,,,,,,,,,
ESP-La Liga,2526,Levante,Diego Pampín,ESP,DF,25.0,2000.0,8.0,6.0,534.0,5.9,0.0,0.0,0.0,0.0,0.0,0.0,3.0,0.0,0.0,0.0,0.0,0.0,0.0,5.9,0.0,3.0,0.0,0.0,0.51,0.0,0.0,,0.0,0.0,67.0,15.6,6,84.0,4,2,14.0,24,0.88,7.0,15.0,-8.0,-1.35,-1.16,0.0,8.0,7.0,0.0,14.0,5.0,5.0,,,0.0,,,,,,,,,,,,,,,
ESP-La Liga,2526,Levante,Goduine Koyalipou,CTA,FW,25.0,2000.0,11.0,2.0,247.0,2.7,1.0,0.0,1.0,1.0,0.0,0.0,1.0,0.0,0.36,0.0,0.36,0.36,0.36,2.7,1.0,10.0,4.0,40.0,3.64,1.46,0.1,0.25,0.0,0.0,22.0,7.2,2,51.0,0,9,16.0,3,0.82,2.0,5.0,-3.0,-1.09,-0.78,0.0,2.0,1.0,3.0,1.0,1.0,3.0,,,0.0,,,,,,,,,,,,,,,
ESP-La Liga,2526,Levante,Iker Losada,ESP,MF,23.0,2001.0,23.0,10.0,902.0,10.0,3.0,1.0,4.0,3.0,0.0,0.0,1.0,0.0,0.3,0.1,0.4,0.3,0.4,10.0,3.0,14.0,4.0,28.6,1.4,0.4,0.21,0.75,0.0,0.0,39.0,26.4,10,62.0,0,13,22.0,14,1.0,14.0,16.0,-2.0,-0.2,0.23,0.0,6.0,7.0,3.0,22.0,10.0,12.0,,,0.0,,,,,,,,,,,,,,,
ESP-La Liga,2526,Levante,Iván Romero,ESP,"FW,MF",24.0,2001.0,32.0,28.0,2259.0,25.1,7.0,1.0,8.0,7.0,0.0,1.0,5.0,0.0,0.28,0.04,0.32,0.28,0.32,25.1,7.0,59.0,18.0,30.5,2.35,0.72,0.12,0.39,0.0,1.0,71.0,66.1,28,77.0,4,4,25.0,3,1.16,27.0,31.0,-4.0,-0.16,0.62,0.0,41.0,77.0,7.0,21.0,12.0,22.0,,,0.0,,,,,,,,,,,,,,,
ESP-La Liga,2526,Levante,Jeremy Toljan,GER,DF,30.0,1994.0,37.0,37.0,3164.0,35.2,1.0,4.0,5.0,1.0,0.0,0.0,8.0,0.0,0.03,0.11,0.14,0.03,0.14,35.2,1.0,9.0,1.0,11.1,0.26,0.03,0.11,1.0,0.0,0.0,86.0,92.5,37,86.0,28,0,,0,1.14,44.0,56.0,-12.0,-0.34,0.36,0.0,33.0,19.0,2.0,76.0,31.0,39.0,,,1.0,,,,,,,,,,,,,,,
ESP-La Liga,2526,Levante,Jorge Cabello,ESP,DF,21.0,2004.0,5.0,4.0,362.0,4.0,0.0,0.0,0.0,0.0,0.0,0.0,1.0,0.0,0.0,0.0,0.0,0.0,0.0,4.0,0.0,0.0,0.0,,0.0,0.0,,,0.0,0.0,72.0,10.6,4,79.0,2,1,45.0,10,0.0,3.0,9.0,-6.0,-1.49,-1.26,0.0,3.0,3.0,0.0,0.0,0.0,3.0,,,0.0,,,,,,,,,,,,,,,
ESP-La Liga,2526,Levante,José Luis Morales,ESP,MF,38.0,1987.0,20.0,1.0,363.0,4.0,1.0,1.0,2.0,0.0,1.0,1.0,1.0,0.0,0.25,0.25,0.5,0.0,0.25,4.0,1.0,11.0,4.0,36.4,2.73,0.99,0.09,0.25,1.0,1.0,18.0,10.6,1,58.0,0,19,16.0,15,1.0,9.0,7.0,2.0,0.5,0.97,0.0,3.0,4.0,4.0,11.0,3.0,5.0,,,0.0,,,,,,,,,,,,,,,
ESP-La Liga,2526,Levante,Kareem Tunde,ESP,MF,19.0,2005.0,21.0,17.0,1133.0,12.6,0.0,1.0,1.0,0.0,0.0,0.0,3.0,0.0,0.0,0.08,0.08,0.0,0.08,12.6,0.0,21.0,3.0,14.3,1.67,0.24,0.0,0.0,0.0,0.0,54.0,33.1,17,64.0,2,4,11.0,0,1.38,15.0,20.0,-5.0,-0.4,-0.04,0.0,16.0,24.0,1.0,11.0,14.0,11.0,,,0.0,,,,,,,,,,,,,,,
ESP-La Liga,2526,Levante,Karl Etta Eyong,CMR,FW,21.0,2003.0,30.0,15.0,1416.0,15.7,6.0,2.0,8.0,6.0,0.0,1.0,3.0,0.0,0.38,0.13,0.51,0.38,0.51,15.7,6.0,43.0,21.0,48.8,2.73,1.33,0.14,0.29,0.0,1.0,47.0,41.4,15,79.0,6,15,15.0,3,1.07,21.0,32.0,-11.0,-0.7,-0.56,0.0,29.0,30.0,6.0,13.0,6.0,11.0,,,0.0,,,,,,,,,,,,,,,
ESP-La Liga,2526,Levante,Kervin Arriaga,HON,MF,27.0,1998.0,27.0,16.0,1532.0,17.0,3.0,3.0,6.0,3.0,0.0,0.0,8.0,1.0,0.18,0.18,0.35,0.18,0.35,17.0,3.0,16.0,6.0,37.5,0.94,0.35,0.19,0.5,0.0,0.0,57.0,44.8,16,80.0,10,11,22.0,4,1.19,23.0,29.0,-6.0,-0.35,0.03,1.0,22.0,22.0,1.0,5.0,14.0,26.0,,,0.0,,,,,,,,,,,,,,,
ESP-La Liga,2526,Levante,Manu Sánchez,ESP,DF,24.0,2000.0,33.0,31.0,2814.0,31.3,1.0,2.0,3.0,1.0,0.0,0.0,8.0,0.0,0.03,0.06,0.1,0.03,0.1,31.3,1.0,13.0,4.0,30.8,0.42,0.13,0.08,0.25,0.0,0.0,85.0,82.3,31,88.0,25,2,38.0,4,1.15,37.0,45.0,-8.0,-0.26,0.64,0.0,35.0,20.0,2.0,75.0,35.0,54.0,,,0.0,,,,,,,,,,,,,,,
ESP-La Liga,2526,Levante,Mathew Ryan,AUS,GK,33.0,1992.0,36.0,36.0,3240.0,36.0,0.0,0.0,0.0,0.0,0.0,0.0,4.0,0.0,0.0,0.0,0.0,0.0,0.0,36.0,0.0,2.0,0.0,0.0,0.06,0.0,0.0,,0.0,0.0,90.0,94.7,36,90.0,36,0,,0,1.17,44.0,56.0,-12.0,-0.33,0.67,0.0,0.0,1.0,0.0,0.0,1.0,1.0,,,0.0,56.0,1.56,180.0,124.0,68.9,11.0,9.0,16.0,9.0,25.0,4.0,3.0,1.0,0.0,25.0
ESP-La Liga,2526,Levante,Matias Moreno,ARG,DF,21.0,2003.0,28.0,27.0,2252.0,25.0,0.0,0.0,0.0,0.0,0.0,0.0,8.0,0.0,0.0,0.0,0.0,0.0,0.0,25.0,0.0,10.0,0.0,0.0,0.4,0.0,0.0,,0.0,0.0,80.0,65.8,27,83.0,21,1,6.0,5,1.29,33.0,32.0,1.0,0.04,1.2,0.0,23.0,23.0,2.0,3.0,38.0,25.0,,,0.0,,,,,,,,,,,,,,,
ESP-La Liga,2526,Levante,Nacho Pérez,ESP,DF,16.0,2008.0,3.0,1.0,148.0,1.6,0.0,0.0,0.0,0.0,0.0,0.0,1.0,0.0,0.0,0.0,0.0,0.0,0.0,1.6,0.0,0.0,0.0,,0.0,0.0,,,0.0,0.0,49.0,4.3,1,77.0,0,2,36.0,22,1.0,2.0,1.0,1.0,0.61,1.02,0.0,1.0,1.0,0.0,0.0,2.0,1.0,,,0.0,,,,,,,,,,,,,,,
ESP-La Liga,2526,Levante,Olasagasti,ESP,MF,24.0,2000.0,33.0,18.0,1734.0,19.3,1.0,5.0,6.0,1.0,0.0,0.0,2.0,1.0,0.05,0.26,0.31,0.05,0.31,19.3,1.0,28.0,9.0,32.1,1.45,0.47,0.04,0.11,0.0,0.0,53.0,50.7,18,81.0,9,15,18.0,2,1.12,28.0,32.0,-4.0,-0.21,0.33,0.0,20.0,33.0,0.0,106.0,14.0,15.0,,,0.0,,,,,,,,,,,,,,,
ESP-La Liga,2526,Levante,Oriol Rey,ESP,MF,27.0,1998.0,20.0,14.0,1319.0,14.7,0.0,1.0,1.0,0.0,0.0,0.0,4.0,0.0,0.0,0.07,0.07,0.0,0.07,14.7,0.0,8.0,1.0,12.5,0.55,0.07,0.0,0.0,0.0,0.0,66.0,38.6,14,84.0,9,6,25.0,12,1.1,23.0,25.0,-2.0,-0.14,0.38,0.0,23.0,14.0,0.0,8.0,12.0,12.0,,,0.0,,,,,,,,,,,,,,,
ESP-La Liga,2526,Levante,Pablo Cuñat,ESP,GK,23.0,2002.0,2.0,2.0,180.0,2.0,0.0,0.0,0.0,0.0,0.0,0.0,0.0,0.0,0.0,0.0,0.0,0.0,0.0,2.0,0.0,0.0,0.0,,0.0,0.0,,,0.0,0.0,90.0,5.3,2,90.0,2,0,,36,0.0,3.0,5.0,-2.0,-1.0,-0.67,0.0,0.0,0.0,0.0,0.0,0.0,0.0,,,0.0,5.0,2.5,16.0,11.0,68.8,0.0,0.0,2.0,0.0,0.0,0.0,0.0,0.0,0.0,
ESP-La Liga,2526,Levante,Pablo Martínez,ESP,MF,27.0,1998.0,27.0,21.0,1857.0,20.6,1.0,5.0,6.0,1.0,0.0,0.0,3.0,0.0,0.05,0.24,0.29,0.05,0.29,20.6,1.0,28.0,4.0,14.3,1.36,0.19,0.04,0.25,0.0,0.0,69.0,54.3,21,81.0,8,6,28.0,1,1.37,25.0,28.0,-3.0,-0.15,0.49,0.0,30.0,12.0,3.0,87.0,19.0,10.0,,,0.0,,,,,,,,,,,,,,,
ESP-La Liga,2526,Levante,Paco Cortés,ESP,"MF,FW",17.0,2007.0,12.0,4.0,472.0,5.2,0.0,0.0,0.0,0.0,0.0,0.0,2.0,0.0,0.0,0.0,0.0,0.0,0.0,5.2,0.0,12.0,4.0,33.3,2.29,0.76,0.0,0.0,0.0,0.0,39.0,13.8,4,73.0,0,8,23.0,10,1.08,5.0,6.0,-1.0,-0.19,0.21,0.0,6.0,6.0,1.0,20.0,2.0,1.0,,,0.0,,,,,,,,,,,,,,,
ESP-La Liga,2526,Levante,Sergio Lozano,ESP,MF,26.0,1999.0,1.0,0.0,12.0,0.1,0.0,0.0,0.0,0.0,0.0,0.0,0.0,0.0,0.0,0.0,0.0,0.0,0.0,0.1,0.0,0.0,0.0,,0.0,0.0,,,0.0,0.0,12.0,0.4,0,,0,1,12.0,2,0.0,0.0,1.0,-1.0,-7.5,-7.16,0.0,0.0,0.0,0.0,0.0,0.0,1.0,,,0.0,,,,,,,,,,,,,,,
ESP-La Liga,2526,Levante,Tay Abed,ISR,MF,21.0,2004.0,7.0,0.0,93.0,1.0,0.0,0.0,0.0,0.0,0.0,0.0,0.0,0.0,0.0,0.0,0.0,0.0,0.0,1.0,0.0,2.0,1.0,50.0,1.94,0.97,0.0,0.0,0.0,0.0,13.0,2.7,0,,0,7,13.0,11,1.14,2.0,3.0,-1.0,-0.97,-0.62,0.0,2.0,2.0,0.0,5.0,2.0,1.0,,,0.0,,,,,,,,,,,,,,,
ESP-La Liga,2526,Levante,Ugo Raghouber,FRA,MF,22.0,2003.0,16.0,8.0,706.0,7.8,0.0,0.0,0.0,0.0,0.0,0.0,1.0,0.0,0.0,0.0,0.0,0.0,0.0,7.8,0.0,3.0,0.0,0.0,0.38,0.0,0.0,,0.0,0.0,44.0,20.6,8,71.0,2,8,18.0,2,1.5,7.0,9.0,-2.0,-0.25,0.14,0.0,10.0,14.0,1.0,2.0,15.0,10.0,,,0.0,,,,,,,,,,,,,,,
ESP-La Liga,2526,Levante,Unai Elgezabal,ESP,"DF,MF",32.0,1993.0,12.0,11.0,958.0,10.6,1.0,0.0,1.0,1.0,0.0,0.0,2.0,0.0,0.09,0.0,0.09,0.09,0.09,10.6,1.0,3.0,1.0,33.3,0.28,0.09,0.33,1.0,0.0,0.0,80.0,28.0,11,85.0,8,1,26.0,4,0.42,15.0,24.0,-9.0,-0.85,-0.66,0.0,11.0,6.0,0.0,0.0,4.0,4.0,,,1.0,,,,,,,,,,,,,,,
ESP-La Liga,2526,Levante,Unai Vencedor Paris,ESP,MF,24.0,2000.0,16.0,11.0,812.0,9.0,0.0,0.0,0.0,0.0,0.0,0.0,3.0,1.0,0.0,0.0,0.0,0.0,0.0,9.0,0.0,0.0,0.0,,0.0,0.0,,,0.0,0.0,51.0,23.7,11,67.0,0,5,15.0,9,0.88,7.0,16.0,-9.0,-1.0,-0.82,0.0,25.0,8.0,0.0,23.0,4.0,13.0,,,0.0,,,,,,,,,,,,,,,
ESP-La Liga,2526,Levante,Víctor García,ESP,"MF,FW",27.0,1997.0,21.0,12.0,1040.0,11.6,2.0,1.0,3.0,2.0,0.0,0.0,1.0,0.0,0.17,0.09,0.26,0.17,0.26,11.6,2.0,19.0,8.0,42.1,1.64,0.69,0.11,0.25,0.0,0.0,50.0,30.4,12,68.0,1,9,25.0,8,1.1,13.0,15.0,-2.0,-0.17,0.28,0.0,13.0,11.0,3.0,65.0,7.0,15.0,,,0.0,,,,,,,,,,,,,,,
ESP-La Liga,2526,Mallorca,Abdón Prats,ESP,FW,32.0,1992.0,15.0,0.0,143.0,1.6,0.0,0.0,0.0,0.0,0.0,0.0,0.0,0.0,0.0,0.0,0.0,0.0,0.0,1.6,0.0,5.0,2.0,40.0,3.15,1.26,0.0,0.0,0.0,0.0,10.0,4.2,0,,0,15,10.0,21,1.33,4.0,2.0,2.0,1.26,1.59,0.0,2.0,3.0,0.0,1.0,0.0,0.0,,,0.0,,,,,,,,,,,,,,,
ESP-La Liga,2526,Mallorca,Antonio Raillo,ESP,DF,33.0,1991.0,24.0,23.0,2070.0,23.0,0.0,1.0,1.0,0.0,0.0,0.0,4.0,0.0,0.0,0.04,0.04,0.0,0.04,23.0,0.0,12.0,1.0,8.3,0.52,0.04,0.0,0.0,0.0,0.0,86.0,60.5,23,88.0,22,1,38.0,6,1.04,26.0,32.0,-6.0,-0.26,0.01,0.0,23.0,15.0,1.0,4.0,12.0,13.0,,,0.0,,,,,,,,,,,,,,,
ESP-La Liga,2526,Mallorca,Antonio Sánchez,ESP,"MF,DF",28.0,1997.0,30.0,9.0,1073.0,11.9,0.0,0.0,0.0,0.0,0.0,0.0,5.0,1.0,0.0,0.0,0.0,0.0,0.0,11.9,0.0,6.0,3.0,50.0,0.5,0.25,0.0,0.0,0.0,0.0,36.0,31.4,9,75.0,1,21,19.0,7,1.23,15.0,21.0,-6.0,-0.5,-0.35,1.0,16.0,10.0,1.0,29.0,16.0,12.0,,,0.0,,,,,,,,,,,,,,,
ESP-La Liga,2526,Mallorca,Dani Rodríguez,ESP,"FW,MF",37.0,1988.0,2.0,0.0,68.0,0.8,0.0,0.0,0.0,0.0,0.0,0.0,0.0,0.0,0.0,0.0,0.0,0.0,0.0,0.8,0.0,1.0,0.0,0.0,1.32,0.0,0.0,,0.0,0.0,34.0,2.0,0,,0,2,34.0,1,0.5,1.0,1.0,0.0,0.0,0.27,0.0,0.0,3.0,0.0,2.0,0.0,1.0,,,0.0,,,,,,,,,,,,,,,
ESP-La Liga,2526,Mallorca,David López,ESP,DF,22.0,2003.0,14.0,9.0,837.0,9.3,0.0,0.0,0.0,0.0,0.0,0.0,2.0,0.0,0.0,0.0,0.0,0.0,0.0,9.3,0.0,4.0,0.0,0.0,0.43,0.0,0.0,,0.0,0.0,60.0,24.5,9,82.0,7,5,20.0,24,1.07,12.0,19.0,-7.0,-0.75,-0.65,0.0,13.0,4.0,0.0,0.0,9.0,7.0,,,1.0,,,,,,,,,,,,,,,
ESP-La Liga,2526,Mallorca,Jan Salas,ESP,MF,19.0,2005.0,2.0,0.0,17.0,0.2,0.0,0.0,0.0,0.0,0.0,0.0,0.0,0.0,0.0,0.0,0.0,0.0,0.0,0.2,0.0,0.0,0.0,,0.0,0.0,,,0.0,0.0,9.0,0.5,0,,0,2,9.0,0,0.5,1.0,1.0,0.0,0.0,0.26,0.0,0.0,1.0,0.0,0.0,0.0,0.0,,,0.0,,,,,,,,,,,,,,,
ESP-La Liga,2526,Mallorca,Jan Virgili,ESP,"MF,FW",19.0,2006.0,31.0,19.0,1792.0,19.9,2.0,4.0,6.0,2.0,0.0,0.0,0.0,1.0,0.1,0.2,0.3,0.1,0.3,19.9,2.0,32.0,16.0,50.0,1.61,0.8,0.06,0.13,0.0,0.0,58.0,52.4,19,79.0,5,12,24.0,0,1.13,28.0,31.0,-3.0,-0.15,0.24,0.0,22.0,24.0,2.0,47.0,7.0,10.0,,,0.0,,,,,,,,,,,,,,,
ESP-La Liga,2526,Mallorca,Javier Llabrés,ESP,MF,22.0,2002.0,16.0,1.0,187.0,2.1,0.0,0.0,0.0,0.0,0.0,0.0,0.0,0.0,0.0,0.0,0.0,0.0,0.0,2.1,0.0,5.0,2.0,40.0,2.41,0.96,0.0,0.0,0.0,0.0,12.0,5.5,1,61.0,0,15,8.0,18,0.94,3.0,4.0,-1.0,-0.48,-0.23,0.0,4.0,3.0,0.0,10.0,0.0,2.0,,,0.0,,,,,,,,,,,,,,,
ESP-La Liga,2526,Mallorca,Javier Olaizola,ESP,DF,18.0,2007.0,2.0,0.0,51.0,0.6,0.0,0.0,0.0,0.0,0.0,0.0,0.0,0.0,0.0,0.0,0.0,0.0,0.0,0.6,0.0,0.0,0.0,,0.0,0.0,,,0.0,0.0,26.0,1.5,0,,0,2,26.0,14,1.5,1.0,1.0,0.0,0.0,0.27,0.0,0.0,1.0,0.0,3.0,0.0,1.0,,,0.0,,,,,,,,,,,,,,,
ESP-La Liga,2526,Mallorca,Johan Mojica,COL,DF,32.0,1992.0,35.0,30.0,2724.0,30.3,0.0,4.0,4.0,0.0,0.0,0.0,6.0,1.0,0.0,0.13,0.13,0.0,0.13,30.3,0.0,17.0,2.0,11.8,0.56,0.07,0.0,0.0,0.0,0.0,78.0,79.6,30,88.0,23,5,17.0,1,1.11,37.0,44.0,-7.0,-0.23,0.16,0.0,29.0,30.0,2.0,133.0,24.0,30.0,,,0.0,,,,,,,,,,,,,,,
ESP-La Liga,2526,Mallorca,Justin-Noël Kalumba,FRA,FW,20.0,2004.0,3.0,1.0,81.0,0.9,0.0,0.0,0.0,0.0,0.0,0.0,0.0,0.0,0.0,0.0,0.0,0.0,0.0,0.9,0.0,1.0,0.0,0.0,1.11,0.0,0.0,,0.0,0.0,27.0,2.4,1,45.0,0,2,18.0,12,2.0,3.0,0.0,3.0,3.33,3.68,0.0,2.0,4.0,0.0,2.0,0.0,1.0,,,0.0,,,,,,,,,,,,,,,
ESP-La Liga,2526,Mallorca,Leo Román,ESP,GK,25.0,2000.0,33.0,33.0,2970.0,33.0,0.0,0.0,0.0,0.0,0.0,0.0,4.0,0.0,0.0,0.0,0.0,0.0,0.0,33.0,0.0,0.0,0.0,,0.0,0.0,,,0.0,0.0,90.0,86.8,33,90.0,33,0,,0,1.12,43.0,50.0,-7.0,-0.21,0.39,0.0,1.0,2.0,0.0,0.0,1.0,1.0,,,0.0,50.0,1.52,149.0,99.0,66.4,10.0,7.0,16.0,4.0,12.1,8.0,6.0,1.0,1.0,14.3
ESP-La Liga,2526,Mallorca,Lucas Bergström,FIN,GK,22.0,2002.0,5.0,5.0,450.0,5.0,0.0,0.0,0.0,0.0,0.0,0.0,1.0,0.0,0.0,0.0,0.0,0.0,0.0,5.0,0.0,0.0,0.0,,0.0,0.0,,,0.0,0.0,90.0,13.2,5,90.0,5,0,,22,1.0,4.0,7.0,-3.0,-0.6,-0.39,0.0,0.0,0.0,0.0,0.0,0.0,0.0,,,0.0,7.0,1.4,22.0,15.0,68.2,1.0,2.0,2.0,2.0,40.0,0.0,0.0,0.0,0.0,
ESP-La Liga,2526,Mallorca,Luis Orejuela,,DF,,,1.0,1.0,90.0,1.0,0.0,0.0,0.0,0.0,0.0,0.0,0.0,0.0,0.0,0.0,0.0,0.0,0.0,1.0,0.0,1.0,0.0,0.0,1.0,0.0,0.0,,0.0,0.0,90.0,2.6,1,90.0,1,0,,3,0.0,1.0,3.0,-2.0,-2.0,-1.78,0.0,1.0,4.0,0.0,2.0,1.0,0.0,,,0.0,,,,,,,,,,,,,,,
ESP-La Liga,2526,Mallorca,Manu Morlanes,ESP,MF,26.0,1999.0,32.0,22.0,1765.0,19.6,3.0,0.0,3.0,3.0,0.0,0.0,5.0,1.0,0.15,0.0,0.15,0.15,0.15,19.6,3.0,13.0,4.0,30.8,0.66,0.2,0.23,0.75,0.0,0.0,55.0,51.6,22,72.0,2,10,18.0,2,1.16,26.0,29.0,-3.0,-0.15,0.23,1.0,28.0,12.0,0.0,11.0,19.0,30.0,,,0.0,,,,,,,,,,,,,,,
ESP-La Liga,2526,Mallorca,Marash Kumbulla,ALB,DF,25.0,2000.0,8.0,5.0,439.0,4.9,0.0,0.0,0.0,0.0,0.0,0.0,1.0,0.0,0.0,0.0,0.0,0.0,0.0,4.9,0.0,3.0,0.0,0.0,0.62,0.0,0.0,,0.0,0.0,55.0,12.8,5,70.0,3,3,30.0,7,1.13,7.0,8.0,-1.0,-0.21,0.07,0.0,2.0,5.0,1.0,2.0,2.0,2.0,,,0.0,,,,,,,,,,,,,,,
ESP-La Liga,2526,Mallorca,Marc Domenech,ESP,MF,19.0,2006.0,7.0,2.0,214.0,2.4,0.0,1.0,1.0,0.0,0.0,0.0,0.0,0.0,0.0,0.42,0.42,0.0,0.42,2.4,0.0,3.0,0.0,0.0,1.26,0.0,0.0,,0.0,0.0,31.0,6.3,2,61.0,0,5,18.0,10,0.86,3.0,2.0,1.0,0.42,0.73,0.0,3.0,3.0,0.0,7.0,0.0,2.0,,,0.0,,,,,,,,,,,,,,,
ESP-La Liga,2526,Mallorca,Martin Valjent,SVK,DF,29.0,1995.0,37.0,37.0,3308.0,36.8,0.0,0.0,0.0,0.0,0.0,0.0,6.0,0.0,0.0,0.0,0.0,0.0,0.0,36.8,0.0,17.0,8.0,47.1,0.46,0.22,0.0,0.0,0.0,0.0,89.0,96.7,37,89.0,36,0,,0,1.05,44.0,56.0,-12.0,-0.33,-1.93,0.0,36.0,12.0,0.0,2.0,24.0,33.0,,,0.0,,,,,,,,,,,,,,,
ESP-La Liga,2526,Mallorca,Mateo Joseph,ESP,"MF,FW",21.0,2003.0,29.0,19.0,1699.0,18.9,2.0,3.0,5.0,2.0,0.0,0.0,2.0,0.0,0.11,0.16,0.26,0.11,0.26,18.9,2.0,33.0,14.0,42.4,1.75,0.74,0.06,0.14,0.0,0.0,59.0,49.7,19,76.0,4,10,25.0,1,1.03,24.0,29.0,-5.0,-0.26,0.0,0.0,19.0,31.0,4.0,14.0,13.0,19.0,,,0.0,,,,,,,,,,,,,,,
ESP-La Liga,2526,Mallorca,Mateu Morey,ESP,"DF,MF",25.0,2000.0,18.0,9.0,704.0,7.8,1.0,0.0,1.0,1.0,0.0,0.0,2.0,0.0,0.13,0.0,0.13,0.13,0.13,7.8,1.0,4.0,2.0,50.0,0.51,0.26,0.25,0.5,0.0,0.0,39.0,20.6,9,69.0,2,9,9.0,19,0.94,8.0,18.0,-10.0,-1.28,-1.28,0.0,15.0,10.0,1.0,14.0,6.0,8.0,,,0.0,,,,,,,,,,,,,,,
ESP-La Liga,2526,Mallorca,Miguel Calatayud,ESP,DF,19.0,2006.0,2.0,0.0,43.0,0.5,0.0,0.0,0.0,0.0,0.0,0.0,0.0,0.0,0.0,0.0,0.0,0.0,0.0,0.5,0.0,1.0,0.0,0.0,2.09,0.0,0.0,,0.0,0.0,22.0,1.3,0,,0,2,22.0,2,0.5,0.0,1.0,-1.0,-2.09,-1.85,0.0,2.0,0.0,0.0,1.0,0.0,0.0,,,0.0,,,,,,,,,,,,,,,
ESP-La Liga,2526,Mallorca,Omar Mascarell,EQG,"MF,DF",32.0,1993.0,30.0,26.0,2239.0,24.9,2.0,2.0,4.0,2.0,0.0,0.0,5.0,0.0,0.08,0.08,0.16,0.08,0.16,24.9,2.0,7.0,3.0,42.9,0.28,0.12,0.29,0.67,0.0,0.0,75.0,65.5,26,81.0,17,4,32.0,4,1.2,32.0,35.0,-3.0,-0.12,0.41,0.0,38.0,14.0,0.0,6.0,35.0,28.0,,,0.0,,,,,,,,,,,,,,,
ESP-La Liga,2526,Mallorca,Pablo Maffeo,ESP,DF,28.0,1997.0,31.0,30.0,2662.0,29.6,1.0,2.0,3.0,1.0,0.0,0.0,11.0,0.0,0.03,0.07,0.1,0.03,0.1,29.6,1.0,7.0,1.0,14.3,0.24,0.03,0.14,1.0,0.0,0.0,86.0,77.8,30,87.0,20,1,45.0,1,1.13,37.0,41.0,-4.0,-0.14,0.58,0.0,26.0,23.0,0.0,85.0,33.0,34.0,,,1.0,,,,,,,,,,,,,,,
ESP-La Liga,2526,Mallorca,Pablo Torre,ESP,"MF,FW",22.0,2003.0,35.0,19.0,1599.0,17.8,4.0,4.0,8.0,4.0,0.0,0.0,4.0,0.0,0.23,0.23,0.45,0.23,0.45,17.8,4.0,25.0,12.0,48.0,1.41,0.68,0.16,0.33,0.0,0.0,46.0,46.8,19,69.0,1,16,18.0,3,1.09,23.0,27.0,-4.0,-0.23,0.07,0.0,29.0,36.0,1.0,90.0,9.0,17.0,,,0.0,,,,,,,,,,,,,,,
ESP-La Liga,2526,Mallorca,Samu Costa,POR,MF,24.0,2000.0,34.0,31.0,2697.0,30.0,7.0,2.0,9.0,7.0,0.0,0.0,11.0,0.0,0.23,0.07,0.3,0.23,0.3,30.0,7.0,39.0,16.0,41.0,1.3,0.53,0.18,0.44,0.0,0.0,79.0,78.9,31,84.0,18,3,31.0,0,1.12,32.0,42.0,-10.0,-0.33,-0.33,0.0,64.0,68.0,6.0,30.0,26.0,37.0,,,0.0,,,,,,,,,,,,,,,
ESP-La Liga,2526,Mallorca,Sergi Darder,ESP,MF,31.0,1993.0,38.0,30.0,2680.0,29.8,1.0,5.0,6.0,1.0,0.0,0.0,3.0,0.0,0.03,0.17,0.2,0.03,0.2,29.8,1.0,36.0,13.0,36.1,1.21,0.44,0.03,0.08,0.0,0.0,71.0,78.4,30,82.0,13,8,27.0,0,1.11,37.0,43.0,-6.0,-0.2,0.28,0.0,21.0,29.0,2.0,165.0,23.0,13.0,,,0.0,,,,,,,,,,,,,,,
ESP-La Liga,2526,Mallorca,Takuma Asano,JPN,"MF,FW",30.0,1994.0,20.0,8.0,664.0,7.4,1.0,0.0,1.0,1.0,0.0,0.0,2.0,0.0,0.14,0.0,0.14,0.14,0.14,7.4,1.0,17.0,2.0,11.8,2.3,0.27,0.06,0.5,0.0,0.0,33.0,19.4,8,60.0,0,12,15.0,9,1.2,7.0,11.0,-4.0,-0.54,-0.35,0.0,9.0,10.0,8.0,14.0,1.0,10.0,,,0.0,,,,,,,,,,,,,,,
ESP-La Liga,2526,Mallorca,Toni Lato,ESP,"DF,MF",27.0,1997.0,12.0,7.0,583.0,6.5,0.0,1.0,1.0,0.0,0.0,0.0,3.0,0.0,0.0,0.15,0.15,0.0,0.15,6.5,0.0,0.0,0.0,,0.0,0.0,,,0.0,0.0,49.0,17.0,7,77.0,1,5,9.0,18,0.58,8.0,10.0,-2.0,-0.31,-0.05,0.0,7.0,3.0,0.0,26.0,6.0,8.0,,,0.0,,,,,,,,,,,,,,,
ESP-La Liga,2526,Mallorca,Vedat Muriqi,KVX,FW,31.0,1994.0,37.0,36.0,3128.0,34.8,23.0,1.0,24.0,18.0,5.0,7.0,4.0,1.0,0.66,0.03,0.69,0.52,0.55,34.8,23.0,114.0,50.0,43.9,3.28,1.44,0.2,0.46,5.0,7.0,85.0,91.5,36,86.0,26,1,17.0,0,1.11,44.0,51.0,-7.0,-0.2,0.72,0.0,42.0,64.0,15.0,6.0,3.0,3.0,,,0.0,,,,,,,,,,,,,,,
ESP-La Liga,2526,Mallorca,Zito Luvumbo,ANG,"FW,MF",23.0,2002.0,10.0,6.0,508.0,5.6,0.0,2.0,2.0,0.0,0.0,0.0,2.0,0.0,0.0,0.35,0.35,0.0,0.35,5.6,0.0,9.0,7.0,77.8,1.59,1.24,0.0,0.0,0.0,0.0,51.0,14.9,6,68.0,1,4,25.0,4,1.3,7.0,5.0,2.0,0.35,0.73,0.0,13.0,20.0,6.0,19.0,0.0,0.0,,,0.0,,,,,,,,,,,,,,,
ESP-La Liga,2526,Osasuna,Abel Bretones,ESP,"MF,DF",24.0,2000.0,28.0,17.0,1624.0,18.0,1.0,2.0,3.0,1.0,0.0,0.0,5.0,1.0,0.06,0.11,0.17,0.06,0.17,18.0,1.0,11.0,3.0,27.3,0.61,0.17,0.09,0.33,0.0,0.0,58.0,47.5,17,88.0,12,11,12.0,7,1.18,24.0,27.0,-3.0,-0.17,-0.02,0.0,16.0,19.0,1.0,34.0,16.0,12.0,,,0.0,,,,,,,,,,,,,,,
ESP-La Liga,2526,Osasuna,Aimar Oroz,ESP,"MF,FW",23.0,2001.0,31.0,26.0,2139.0,23.8,0.0,2.0,2.0,0.0,0.0,0.0,6.0,0.0,0.0,0.08,0.08,0.0,0.08,23.8,0.0,29.0,4.0,13.8,1.22,0.17,0.0,0.0,0.0,0.0,69.0,62.5,26,77.0,6,5,25.0,0,1.23,25.0,29.0,-4.0,-0.17,-0.03,0.0,33.0,67.0,1.0,32.0,8.0,18.0,,,0.0,,,,,,,,,,,,,,,
ESP-La Liga,2526,Osasuna,Aitor Fernández,ESP,GK,34.0,1991.0,2.0,1.0,136.0,1.5,0.0,0.0,0.0,0.0,0.0,0.0,3.0,0.0,0.0,0.0,0.0,0.0,0.0,1.5,0.0,0.0,0.0,,0.0,0.0,,,0.0,0.0,68.0,4.0,1,90.0,1,1,46.0,33,0.0,2.0,8.0,-6.0,-3.97,-3.97,0.0,0.0,0.0,0.0,0.0,0.0,0.0,,,0.0,3.0,1.99,12.0,9.0,75.0,0.0,0.0,1.0,0.0,0.0,1.0,1.0,0.0,0.0,0.0
ESP-La Liga,2526,Osasuna,Ante Budimir,CRO,FW,34.0,1991.0,37.0,35.0,2938.0,32.6,17.0,0.0,17.0,11.0,6.0,8.0,3.0,0.0,0.52,0.0,0.52,0.34,0.34,32.6,17.0,103.0,41.0,39.8,3.16,1.26,0.17,0.41,6.0,8.0,79.0,85.9,35,83.0,18,2,22.0,0,1.14,34.0,38.0,-4.0,-0.12,0.25,0.0,52.0,36.0,22.0,4.0,6.0,16.0,,,0.0,,,,,,,,,,,,,,,
ESP-La Liga,2526,Osasuna,Asier Osambela,ESP,DF,21.0,2004.0,17.0,2.0,343.0,3.8,1.0,0.0,1.0,1.0,0.0,0.0,1.0,1.0,0.26,0.0,0.26,0.26,0.26,3.8,1.0,6.0,3.0,50.0,1.57,0.79,0.17,0.33,0.0,0.0,20.0,10.0,2,76.0,0,15,13.0,18,1.17,10.0,9.0,1.0,0.26,0.47,0.0,15.0,1.0,0.0,4.0,4.0,2.0,,,0.0,,,,,,,,,,,,,,,
ESP-La Liga,2526,Osasuna,Catena,ESP,DF,30.0,1994.0,35.0,35.0,3071.0,34.1,3.0,2.0,5.0,3.0,0.0,0.0,11.0,1.0,0.09,0.06,0.15,0.09,0.15,34.1,3.0,19.0,4.0,21.1,0.56,0.12,0.16,0.75,0.0,0.0,88.0,89.8,35,88.0,32,0,,0,1.09,37.0,45.0,-8.0,-0.23,-0.75,0.0,46.0,14.0,3.0,1.0,32.0,29.0,,,0.0,,,,,,,,,,,,,,,
ESP-La Liga,2526,Osasuna,Enzo Boyomo,CMR,DF,23.0,2001.0,30.0,29.0,2542.0,28.2,1.0,2.0,3.0,1.0,0.0,0.0,7.0,0.0,0.04,0.07,0.11,0.04,0.11,28.2,1.0,11.0,4.0,36.4,0.39,0.14,0.09,0.25,0.0,0.0,85.0,74.3,29,87.0,25,1,18.0,2,1.07,32.0,39.0,-7.0,-0.25,-0.35,0.0,33.0,5.0,0.0,10.0,17.0,36.0,,,0.0,,,,,,,,,,,,,,,
ESP-La Liga,2526,Osasuna,Iker Benito,ESP,MF,22.0,2002.0,6.0,1.0,159.0,1.8,1.0,0.0,1.0,1.0,0.0,0.0,1.0,0.0,0.57,0.0,0.57,0.57,0.57,1.8,1.0,2.0,1.0,50.0,1.13,0.57,0.5,1.0,0.0,0.0,27.0,4.6,1,71.0,0,5,18.0,7,0.67,2.0,2.0,0.0,0.0,0.17,0.0,3.0,3.0,0.0,5.0,2.0,0.0,,,0.0,,,,,,,,,,,,,,,
ESP-La Liga,2526,Osasuna,Iker Muñoz,ESP,MF,22.0,2002.0,19.0,8.0,952.0,10.6,0.0,0.0,0.0,0.0,0.0,0.0,5.0,0.0,0.0,0.0,0.0,0.0,0.0,10.6,0.0,9.0,4.0,44.4,0.85,0.38,0.0,0.0,0.0,0.0,50.0,27.8,8,77.0,2,11,31.0,18,1.32,12.0,12.0,0.0,0.0,0.22,0.0,18.0,21.0,1.0,6.0,12.0,7.0,,,0.0,,,,,,,,,,,,,,,
ESP-La Liga,2526,Osasuna,Iñigo Arguibide,ESP,DF,20.0,2005.0,6.0,2.0,187.0,2.1,0.0,0.0,0.0,0.0,0.0,0.0,0.0,1.0,0.0,0.0,0.0,0.0,0.0,2.1,0.0,0.0,0.0,,0.0,0.0,,,0.0,0.0,31.0,5.5,2,68.0,0,4,13.0,21,1.67,6.0,1.0,5.0,2.41,2.71,0.0,3.0,0.0,0.0,5.0,1.0,3.0,,,0.0,,,,,,,,,,,,,,,
ESP-La Liga,2526,Osasuna,Javi Galán,ESP,DF,30.0,1994.0,20.0,19.0,1672.0,18.6,0.0,1.0,1.0,0.0,0.0,0.0,3.0,0.0,0.0,0.05,0.05,0.0,0.05,18.6,0.0,6.0,1.0,16.7,0.32,0.05,0.0,0.0,0.0,0.0,84.0,48.9,19,87.0,15,1,24.0,1,1.2,20.0,24.0,-4.0,-0.22,-0.11,0.0,30.0,37.0,0.0,86.0,27.0,30.0,,,0.0,,,,,,,,,,,,,,,
ESP-La Liga,2526,Osasuna,Jon Moncayola,ESP,MF,27.0,1998.0,36.0,35.0,3016.0,33.5,0.0,4.0,4.0,0.0,0.0,0.0,9.0,0.0,0.0,0.12,0.12,0.0,0.12,33.5,0.0,23.0,5.0,21.7,0.69,0.15,0.0,0.0,0.0,0.0,84.0,88.2,35,85.0,21,1,25.0,0,1.0,34.0,45.0,-11.0,-0.33,-1.44,0.0,41.0,13.0,0.0,142.0,27.0,26.0,,,0.0,,,,,,,,,,,,,,,
ESP-La Liga,2526,Osasuna,Jorge Herrando,ESP,DF,24.0,2001.0,28.0,17.0,1600.0,17.8,0.0,1.0,1.0,0.0,0.0,0.0,3.0,0.0,0.0,0.06,0.06,0.0,0.06,17.8,0.0,3.0,0.0,0.0,0.17,0.0,0.0,,0.0,0.0,57.0,46.8,17,79.0,9,11,23.0,10,1.18,17.0,26.0,-9.0,-0.51,-0.65,0.0,24.0,9.0,0.0,2.0,22.0,15.0,,,0.0,,,,,,,,,,,,,,,
ESP-La Liga,2526,Osasuna,Juan Cruz Armada,ESP,DF,33.0,1992.0,15.0,7.0,649.0,7.2,0.0,0.0,0.0,0.0,0.0,0.0,2.0,0.0,0.0,0.0,0.0,0.0,0.0,7.2,0.0,1.0,0.0,0.0,0.14,0.0,0.0,,0.0,0.0,43.0,19.0,7,74.0,2,8,17.0,18,1.19,11.0,9.0,2.0,0.28,0.54,0.0,4.0,2.0,0.0,5.0,4.0,3.0,,,0.0,,,,,,,,,,,,,,,
ESP-La Liga,2526,Osasuna,Kike Barja,ESP,MF,28.0,1997.0,27.0,2.0,446.0,5.0,2.0,2.0,4.0,2.0,0.0,0.0,3.0,0.0,0.4,0.4,0.81,0.4,0.81,5.0,2.0,8.0,4.0,50.0,1.61,0.81,0.25,0.5,0.0,0.0,17.0,13.0,2,56.0,0,25,13.0,11,0.81,16.0,7.0,9.0,1.82,2.27,0.0,11.0,11.0,1.0,66.0,3.0,2.0,,,0.0,,,,,,,,,,,,,,,
ESP-La Liga,2526,Osasuna,Lucas Torró,ESP,MF,31.0,1994.0,34.0,31.0,2293.0,25.5,0.0,1.0,1.0,0.0,0.0,0.0,6.0,0.0,0.0,0.04,0.04,0.0,0.04,25.5,0.0,29.0,9.0,31.0,1.14,0.35,0.0,0.0,0.0,0.0,67.0,67.0,31,73.0,12,3,10.0,2,0.97,24.0,37.0,-13.0,-0.51,-1.07,0.0,40.0,27.0,0.0,2.0,30.0,19.0,,,0.0,,,,,,,,,,,,,,,
ESP-La Liga,2526,Osasuna,Moi Gómez,ESP,MF,31.0,1994.0,26.0,12.0,1201.0,13.3,0.0,2.0,2.0,0.0,0.0,0.0,3.0,0.0,0.0,0.15,0.15,0.0,0.15,13.3,0.0,11.0,2.0,18.2,0.82,0.15,0.0,0.0,0.0,0.0,46.0,35.1,12,78.0,3,14,19.0,10,0.88,15.0,15.0,0.0,0.0,0.24,0.0,20.0,22.0,0.0,36.0,11.0,9.0,,,0.0,,,,,,,,,,,,,,,
ESP-La Liga,2526,Osasuna,Raúl,ESP,FW,24.0,2000.0,36.0,6.0,1041.0,11.6,7.0,1.0,8.0,7.0,0.0,0.0,2.0,1.0,0.61,0.09,0.69,0.61,0.69,11.6,7.0,39.0,23.0,59.0,3.37,1.99,0.18,0.3,0.0,0.0,29.0,30.4,6,85.0,5,30,18.0,1,1.08,17.0,20.0,-3.0,-0.26,-0.15,0.0,12.0,15.0,7.0,9.0,7.0,13.0,,,0.0,,,,,,,,,,,,,,,
ESP-La Liga,2526,Osasuna,Raúl Moro,ESP,MF,22.0,2002.0,14.0,7.0,625.0,6.9,0.0,2.0,2.0,0.0,0.0,0.0,0.0,0.0,0.0,0.29,0.29,0.0,0.29,6.9,0.0,6.0,0.0,0.0,0.86,0.0,0.0,,0.0,0.0,45.0,18.3,7,69.0,1,7,21.0,3,0.93,12.0,12.0,0.0,0.0,0.19,0.0,2.0,6.0,5.0,28.0,1.0,0.0,,,0.0,,,,,,,,,,,,,,,
ESP-La Liga,2526,Osasuna,Rubén García,ESP,"MF,FW",32.0,1993.0,35.0,28.0,2229.0,24.8,2.0,5.0,7.0,2.0,0.0,0.0,6.0,0.0,0.08,0.2,0.28,0.08,0.28,24.8,2.0,31.0,10.0,32.3,1.25,0.4,0.06,0.2,0.0,0.0,64.0,65.2,28,73.0,4,7,27.0,0,1.17,26.0,30.0,-4.0,-0.16,-0.01,0.0,36.0,27.0,1.0,154.0,17.0,31.0,,,0.0,,,,,,,,,,,,,,,
ESP-La Liga,2526,Osasuna,Sergio Herrera,ESP,GK,32.0,1993.0,37.0,37.0,3284.0,36.5,0.0,0.0,0.0,0.0,0.0,0.0,3.0,1.0,0.0,0.0,0.0,0.0,0.0,36.5,0.0,0.0,0.0,,0.0,0.0,,,0.0,0.0,89.0,96.0,37,89.0,36,0,,0,1.14,43.0,47.0,-4.0,-0.11,1.21,0.0,3.0,5.0,0.0,0.0,0.0,0.0,,,0.0,47.0,1.29,160.0,113.0,70.6,11.0,9.0,17.0,7.0,18.9,8.0,8.0,0.0,0.0,0.0
ESP-La Liga,2526,Osasuna,Sheraldo Becker,SUR,"FW,MF",30.0,1995.0,9.0,0.0,158.0,1.8,0.0,0.0,0.0,0.0,0.0,0.0,0.0,0.0,0.0,0.0,0.0,0.0,0.0,1.8,0.0,3.0,0.0,0.0,1.71,0.0,0.0,,0.0,0.0,18.0,4.6,0,,0,9,18.0,9,0.56,1.0,4.0,-3.0,-1.71,-1.63,0.0,4.0,1.0,1.0,11.0,3.0,1.0,,,0.0,,,,,,,,,,,,,,,
ESP-La Liga,2526,Osasuna,Valentin Rosier,FRA,"DF,MF",28.0,1996.0,31.0,30.0,2547.0,28.3,1.0,1.0,2.0,1.0,0.0,0.0,6.0,1.0,0.04,0.04,0.07,0.04,0.07,28.3,1.0,19.0,3.0,15.8,0.67,0.11,0.05,0.33,0.0,0.0,82.0,74.5,30,84.0,22,1,22.0,1,1.16,29.0,37.0,-8.0,-0.28,-0.49,1.0,33.0,20.0,3.0,46.0,43.0,32.0,,,0.0,,,,,,,,,,,,,,,
ESP-La Liga,2526,Osasuna,Víctor Muñoz,ESP,"MF,FW",22.0,2003.0,34.0,31.0,2656.0,29.5,6.0,2.0,8.0,6.0,0.0,0.0,3.0,0.0,0.2,0.07,0.27,0.2,0.27,29.5,6.0,81.0,31.0,38.3,2.74,1.05,0.07,0.19,0.0,0.0,78.0,77.7,31,82.0,15,3,34.0,0,1.24,32.0,32.0,0.0,0.0,0.71,0.0,32.0,54.0,5.0,99.0,10.0,13.0,,,0.0,,,,,,,,,,,,,,,
ESP-La Liga,2526,Oviedo,Aarón Escandell,ESP,GK,29.0,1995.0,36.0,36.0,3240.0,36.0,0.0,1.0,1.0,0.0,0.0,0.0,3.0,0.0,0.0,0.03,0.03,0.0,0.03,36.0,0.0,0.0,0.0,,0.0,0.0,,,0.0,0.0,90.0,94.7,36,90.0,36,0,,2,0.81,26.0,56.0,-30.0,-0.83,1.17,0.0,1.0,8.0,0.0,0.0,0.0,0.0,,,0.0,56.0,1.56,201.0,145.0,72.1,6.0,11.0,19.0,10.0,27.8,7.0,5.0,2.0,0.0,28.6
ESP-La Liga,2526,Oviedo,Alberto Reina,ESP,MF,27.0,1997.0,37.0,31.0,2462.0,27.4,4.0,1.0,5.0,4.0,0.0,0.0,6.0,1.0,0.15,0.04,0.18,0.15,0.18,27.4,4.0,24.0,11.0,45.8,0.88,0.4,0.17,0.36,0.0,0.0,67.0,72.0,31,75.0,9,6,22.0,0,0.78,21.0,43.0,-22.0,-0.8,0.32,1.0,37.0,46.0,2.0,52.0,19.0,18.0,,,0.0,,,,,,,,,,,,,,,
ESP-La Liga,2526,Oviedo,Borja Sánchez Laborde,ESP,MF,29.0,1996.0,1.0,0.0,14.0,0.2,0.0,0.0,0.0,0.0,0.0,0.0,0.0,0.0,0.0,0.0,0.0,0.0,0.0,0.2,0.0,0.0,0.0,,0.0,0.0,,,0.0,0.0,14.0,0.4,0,,0,1,14.0,0,0.0,0.0,0.0,0.0,0.0,0.9,0.0,0.0,0.0,0.0,0.0,0.0,0.0,,,0.0,,,,,,,,,,,,,,,
ESP-La Liga,2526,Oviedo,Dani Calvo,ESP,DF,31.0,1994.0,20.0,17.0,1611.0,17.9,0.0,0.0,0.0,0.0,0.0,0.0,3.0,0.0,0.0,0.0,0.0,0.0,0.0,17.9,0.0,3.0,0.0,0.0,0.17,0.0,0.0,,0.0,0.0,81.0,47.1,17,90.0,17,3,27.0,17,0.95,9.0,24.0,-15.0,-0.84,0.11,0.0,11.0,6.0,1.0,1.0,10.0,15.0,,,0.0,,,,,,,,,,,,,,,
ESP-La Liga,2526,Oviedo,David Carmo,ANG,DF,26.0,1999.0,22.0,20.0,1786.0,19.8,1.0,0.0,1.0,1.0,0.0,0.0,8.0,1.0,0.05,0.0,0.05,0.05,0.05,19.8,1.0,10.0,3.0,30.0,0.5,0.15,0.1,0.33,0.0,0.0,81.0,52.2,20,87.0,17,2,25.0,10,0.59,14.0,35.0,-21.0,-1.06,-0.34,1.0,20.0,4.0,0.0,2.0,21.0,18.0,,,0.0,,,,,,,,,,,,,,,
ESP-La Liga,2526,Oviedo,David Costas,ESP,DF,30.0,1995.0,25.0,22.0,2066.0,23.0,1.0,0.0,1.0,1.0,0.0,0.0,3.0,0.0,0.04,0.0,0.04,0.04,0.04,23.0,1.0,5.0,1.0,20.0,0.22,0.04,0.2,1.0,0.0,0.0,83.0,60.4,22,89.0,21,3,33.0,5,0.92,13.0,35.0,-22.0,-0.96,-0.16,0.0,16.0,10.0,3.0,1.0,27.0,22.0,,,0.0,,,,,,,,,,,,,,,
ESP-La Liga,2526,Oviedo,Eric Bailly,CIV,DF,31.0,1994.0,15.0,15.0,1234.0,13.7,1.0,0.0,1.0,1.0,0.0,0.0,3.0,0.0,0.07,0.0,0.07,0.07,0.07,13.7,1.0,6.0,1.0,16.7,0.44,0.07,0.17,1.0,0.0,0.0,82.0,36.1,15,82.0,13,0,,16,0.93,13.0,22.0,-9.0,-0.66,0.37,0.0,13.0,7.0,0.0,1.0,17.0,10.0,,,0.0,,,,,,,,,,,,,,,
ESP-La Liga,2526,Oviedo,Federico Viñas,URU,"FW,MF",27.0,1998.0,33.0,28.0,2439.0,27.1,9.0,1.0,10.0,7.0,2.0,2.0,7.0,3.0,0.33,0.04,0.37,0.26,0.3,27.1,9.0,57.0,21.0,36.8,2.1,0.77,0.16,0.43,2.0,2.0,74.0,71.3,28,83.0,12,5,26.0,0,0.85,20.0,38.0,-18.0,-0.66,0.8,1.0,46.0,69.0,13.0,3.0,13.0,32.0,,,0.0,,,,,,,,,,,,,,,
ESP-La Liga,2526,Oviedo,Haissem Hassan,EGY,"MF,FW",23.0,2002.0,37.0,20.0,1942.0,21.6,0.0,3.0,3.0,0.0,0.0,0.0,1.0,0.0,0.0,0.14,0.14,0.0,0.14,21.6,0.0,34.0,8.0,23.5,1.58,0.37,0.0,0.0,0.0,0.0,52.0,56.8,20,71.0,3,17,30.0,1,0.76,11.0,33.0,-22.0,-1.02,-0.29,0.0,12.0,25.0,3.0,113.0,6.0,26.0,,,0.0,,,,,,,,,,,,,,,
ESP-La Liga,2526,Oviedo,Horaţiu Moldovan,ROU,GK,27.0,1998.0,2.0,2.0,180.0,2.0,0.0,0.0,0.0,0.0,0.0,0.0,0.0,0.0,0.0,0.0,0.0,0.0,0.0,2.0,0.0,0.0,0.0,,0.0,0.0,,,0.0,0.0,90.0,5.3,2,90.0,2,0,,36,0.0,0.0,4.0,-4.0,-2.0,-1.17,0.0,0.0,0.0,0.0,0.0,0.0,0.0,,,0.0,4.0,2.0,8.0,4.0,50.0,0.0,0.0,2.0,0.0,0.0,0.0,0.0,0.0,0.0,
ESP-La Liga,2526,Oviedo,Ilyas Chaira,MAR,"MF,FW",24.0,2001.0,36.0,30.0,2447.0,27.2,6.0,2.0,8.0,6.0,0.0,0.0,2.0,1.0,0.22,0.07,0.29,0.22,0.29,27.2,6.0,81.0,35.0,43.2,2.98,1.29,0.07,0.17,0.0,0.0,68.0,71.5,30,76.0,10,6,30.0,0,0.81,22.0,39.0,-17.0,-0.63,0.95,0.0,53.0,41.0,18.0,74.0,4.0,34.0,,,0.0,,,,,,,,,,,,,,,
ESP-La Liga,2526,Oviedo,Javi López,ESP,DF,23.0,2002.0,25.0,20.0,1711.0,19.0,0.0,1.0,1.0,0.0,0.0,0.0,3.0,1.0,0.0,0.05,0.05,0.0,0.05,19.0,0.0,7.0,1.0,14.3,0.37,0.05,0.0,0.0,0.0,0.0,68.0,50.0,20,82.0,12,5,15.0,7,0.84,17.0,28.0,-11.0,-0.58,0.63,0.0,38.0,26.0,2.0,60.0,20.0,23.0,,,0.0,,,,,,,,,,,,,,,
ESP-La Liga,2526,Oviedo,Josip Brekalo,CRO,"MF,FW",27.0,1998.0,14.0,6.0,486.0,5.4,0.0,0.0,0.0,0.0,0.0,0.0,1.0,0.0,0.0,0.0,0.0,0.0,0.0,5.4,0.0,9.0,3.0,33.3,1.67,0.56,0.0,0.0,0.0,0.0,35.0,14.2,6,58.0,0,8,18.0,3,0.71,1.0,14.0,-13.0,-2.41,-1.76,0.0,7.0,6.0,0.0,26.0,2.0,7.0,,,0.0,,,,,,,,,,,,,,,
ESP-La Liga,2526,Oviedo,Kwasi Sibo,GHA,MF,27.0,1998.0,26.0,21.0,1681.0,18.7,0.0,0.0,0.0,0.0,0.0,0.0,3.0,1.0,0.0,0.0,0.0,0.0,0.0,18.7,0.0,9.0,2.0,22.2,0.48,0.11,0.0,0.0,0.0,0.0,65.0,49.2,21,75.0,9,5,21.0,10,0.88,16.0,26.0,-10.0,-0.54,0.71,0.0,30.0,4.0,0.0,2.0,14.0,20.0,,,0.0,,,,,,,,,,,,,,,
ESP-La Liga,2526,Oviedo,Leander Dendoncker,BEL,MF,30.0,1995.0,19.0,15.0,1330.0,14.8,1.0,0.0,1.0,1.0,0.0,0.0,2.0,0.0,0.07,0.0,0.07,0.07,0.07,14.8,1.0,9.0,4.0,44.4,0.61,0.27,0.11,0.25,0.0,0.0,70.0,38.9,15,86.0,8,4,11.0,5,0.79,7.0,25.0,-18.0,-1.22,-0.53,0.0,12.0,3.0,1.0,5.0,11.0,25.0,,,0.0,,,,,,,,,,,,,,,
ESP-La Liga,2526,Oviedo,Lucas Ahijado,ESP,DF,30.0,1995.0,20.0,11.0,1098.0,12.2,0.0,1.0,1.0,0.0,0.0,0.0,3.0,0.0,0.0,0.08,0.08,0.0,0.08,12.2,0.0,10.0,2.0,20.0,0.82,0.16,0.0,0.0,0.0,0.0,55.0,32.1,11,83.0,7,9,21.0,11,0.5,8.0,24.0,-16.0,-1.31,-0.61,0.0,14.0,3.0,2.0,16.0,17.0,29.0,,,0.0,,,,,,,,,,,,,,,
ESP-La Liga,2526,Oviedo,Luka Ilić,SRB,"MF,FW",26.0,1999.0,19.0,8.0,742.0,8.2,1.0,0.0,1.0,1.0,0.0,0.0,4.0,1.0,0.12,0.0,0.12,0.12,0.12,8.2,1.0,9.0,5.0,55.6,1.09,0.61,0.11,0.2,0.0,0.0,39.0,21.7,8,68.0,1,11,18.0,11,0.68,6.0,16.0,-10.0,-1.21,-0.41,1.0,16.0,7.0,2.0,7.0,7.0,5.0,,,0.0,,,,,,,,,,,,,,,
ESP-La Liga,2526,Oviedo,Marco Esteban,ESP,DF,19.0,2006.0,1.0,0.0,45.0,0.5,0.0,0.0,0.0,0.0,0.0,0.0,0.0,0.0,0.0,0.0,0.0,0.0,0.0,0.5,0.0,0.0,0.0,,0.0,0.0,,,0.0,0.0,45.0,1.3,0,,0,1,45.0,3,0.0,0.0,0.0,0.0,0.0,0.91,0.0,0.0,0.0,0.0,0.0,0.0,0.0,,,0.0,,,,,,,,,,,,,,,
ESP-La Liga,2526,Oviedo,Nacho Vidal,ESP,DF,30.0,1995.0,29.0,27.0,2263.0,25.1,0.0,0.0,0.0,0.0,0.0,0.0,4.0,0.0,0.0,0.0,0.0,0.0,0.0,25.1,0.0,15.0,3.0,20.0,0.6,0.12,0.0,0.0,0.0,0.0,78.0,66.2,27,83.0,16,2,16.0,2,0.79,18.0,32.0,-14.0,-0.56,1.0,0.0,24.0,27.0,1.0,40.0,29.0,30.0,,,0.0,,,,,,,,,,,,,,,
ESP-La Liga,2526,Oviedo,Nicolas Fonseca,URU,MF,26.0,1998.0,19.0,12.0,1018.0,11.3,0.0,0.0,0.0,0.0,0.0,0.0,6.0,0.0,0.0,0.0,0.0,0.0,0.0,11.3,0.0,8.0,1.0,12.5,0.71,0.09,0.0,0.0,0.0,0.0,54.0,29.8,12,70.0,2,7,25.0,1,0.84,13.0,22.0,-9.0,-0.8,0.14,0.0,27.0,12.0,0.0,4.0,17.0,25.0,,,0.0,,,,,,,,,,,,,,,
ESP-La Liga,2526,Oviedo,Oier Luengo,ESP,DF,27.0,1997.0,3.0,3.0,225.0,2.5,0.0,1.0,1.0,0.0,0.0,0.0,1.0,0.0,0.0,0.4,0.4,0.0,0.4,2.5,0.0,1.0,0.0,0.0,0.4,0.0,0.0,,0.0,0.0,75.0,6.6,3,75.0,2,0,,12,0.25,2.0,6.0,-4.0,-1.6,-0.75,0.0,2.0,1.0,0.0,0.0,2.0,5.0,,,0.0,,,,,,,,,,,,,,,
ESP-La Liga,2526,Oviedo,Omar Falah,ESP,DF,21.0,2003.0,1.0,0.0,14.0,0.2,0.0,0.0,0.0,0.0,0.0,0.0,0.0,0.0,0.0,0.0,0.0,0.0,0.0,0.2,0.0,0.0,0.0,,0.0,0.0,,,0.0,0.0,14.0,0.4,0,,0,1,14.0,3,0.0,0.0,0.0,0.0,0.0,0.9,0.0,0.0,0.0,0.0,0.0,0.0,0.0,,,0.0,,,,,,,,,,,,,,,
ESP-La Liga,2526,Oviedo,Ovie Ejaria,ENG,MF,27.0,1997.0,8.0,2.0,200.0,2.2,0.0,0.0,0.0,0.0,0.0,0.0,1.0,0.0,0.0,0.0,0.0,0.0,0.0,2.2,0.0,3.0,1.0,33.3,1.35,0.45,0.0,0.0,0.0,0.0,25.0,5.8,2,54.0,0,6,15.0,5,0.75,2.0,3.0,-1.0,-0.45,0.47,0.0,3.0,5.0,1.0,1.0,3.0,2.0,,,0.0,,,,,,,,,,,,,,,
ESP-La Liga,2526,Oviedo,Pablo Agudín,ESP,MF,17.0,2007.0,7.0,0.0,90.0,1.0,0.0,0.0,0.0,0.0,0.0,0.0,0.0,0.0,0.0,0.0,0.0,0.0,0.0,1.0,0.0,2.0,0.0,0.0,2.0,0.0,0.0,,0.0,0.0,13.0,2.6,0,,0,7,13.0,18,0.43,0.0,3.0,-3.0,-3.0,-2.16,0.0,4.0,1.0,0.0,2.0,0.0,0.0,,,0.0,,,,,,,,,,,,,,,
ESP-La Liga,2526,Oviedo,Rahim Bonkano,NIG,DF,23.0,2002.0,27.0,18.0,1713.0,19.0,0.0,0.0,0.0,0.0,0.0,0.0,2.0,0.0,0.0,0.0,0.0,0.0,0.0,19.0,0.0,3.0,0.0,0.0,0.16,0.0,0.0,,0.0,0.0,63.0,50.1,18,86.0,14,9,19.0,9,0.78,9.0,32.0,-23.0,-1.21,-0.63,0.0,10.0,8.0,9.0,68.0,29.0,19.0,,,0.0,,,,,,,,,,,,,,,
ESP-La Liga,2526,Oviedo,Salomón Rondón,VEN,FW,35.0,1989.0,16.0,13.0,1032.0,11.5,2.0,0.0,2.0,2.0,0.0,1.0,2.0,0.0,0.17,0.0,0.17,0.17,0.17,11.5,2.0,24.0,5.0,20.8,2.09,0.44,0.08,0.4,0.0,1.0,65.0,30.2,13,75.0,4,3,18.0,1,0.69,6.0,17.0,-11.0,-0.96,-0.09,0.0,11.0,21.0,12.0,2.0,1.0,0.0,,,0.0,,,,,,,,,,,,,,,
ESP-La Liga,2526,Oviedo,Santi Cazorla,ESP,MF,40.0,1984.0,28.0,6.0,940.0,10.4,0.0,1.0,1.0,0.0,0.0,0.0,2.0,1.0,0.0,0.1,0.1,0.0,0.1,10.4,0.0,7.0,1.0,14.3,0.67,0.1,0.0,0.0,0.0,0.0,34.0,27.5,6,73.0,1,22,23.0,4,0.68,4.0,16.0,-12.0,-1.15,-0.35,0.0,6.0,19.0,0.0,71.0,4.0,10.0,,,0.0,,,,,,,,,,,,,,,
ESP-La Liga,2526,Oviedo,Santiago Colombatto,ARG,MF,28.0,1997.0,32.0,23.0,2064.0,22.9,0.0,1.0,1.0,0.0,0.0,0.0,6.0,0.0,0.0,0.04,0.04,0.0,0.04,22.9,0.0,15.0,2.0,13.3,0.65,0.09,0.0,0.0,0.0,0.0,65.0,60.4,23,81.0,8,9,22.0,4,0.75,12.0,34.0,-22.0,-0.96,-0.16,0.0,44.0,41.0,1.0,67.0,14.0,22.0,,,0.0,,,,,,,,,,,,,,,
ESP-La Liga,2526,Oviedo,Thiago Borbas,URU,FW,23.0,2002.0,12.0,0.0,179.0,2.0,0.0,0.0,0.0,0.0,0.0,0.0,1.0,0.0,0.0,0.0,0.0,0.0,0.0,2.0,0.0,5.0,2.0,40.0,2.51,1.01,0.0,0.0,0.0,0.0,15.0,5.2,0,,0,12,15.0,5,0.75,2.0,5.0,-3.0,-1.51,-0.65,0.0,7.0,3.0,4.0,0.0,0.0,1.0,,,0.0,,,,,,,,,,,,,,,
ESP-La Liga,2526,Oviedo,Thiago Fernández,ARG,"MF,FW",21.0,2004.0,16.0,9.0,817.0,9.1,0.0,4.0,4.0,0.0,0.0,0.0,4.0,0.0,0.0,0.44,0.44,0.0,0.44,9.1,0.0,13.0,5.0,38.5,1.43,0.55,0.0,0.0,0.0,0.0,51.0,23.9,9,65.0,0,7,33.0,1,1.0,12.0,16.0,-4.0,-0.44,0.6,0.0,7.0,11.0,2.0,27.0,5.0,7.0,,,0.0,,,,,,,,,,,,,,,
ESP-La Liga,2526,Oviedo,Álex Forés,ESP,FW,24.0,2001.0,18.0,3.0,360.0,4.0,0.0,1.0,1.0,0.0,0.0,0.0,0.0,0.0,0.0,0.25,0.25,0.0,0.25,4.0,0.0,8.0,2.0,25.0,2.0,0.5,0.0,0.0,0.0,0.0,20.0,10.5,3,59.0,0,15,12.0,15,0.33,1.0,8.0,-7.0,-1.75,-0.96,0.0,3.0,6.0,1.0,2.0,1.0,1.0,,,0.0,,,,,,,,,,,,,,,
ESP-La Liga,2526,Rayo Vallecano,Abdul Mumin,GHA,DF,27.0,1998.0,3.0,1.0,79.0,0.9,0.0,0.0,0.0,0.0,0.0,0.0,0.0,0.0,0.0,0.0,0.0,0.0,0.0,0.9,0.0,0.0,0.0,,0.0,0.0,,,0.0,0.0,26.0,2.3,1,60.0,0,2,10.0,7,3.0,1.0,1.0,0.0,0.0,0.08,0.0,2.0,1.0,0.0,0.0,2.0,0.0,,,0.0,,,,,,,,,,,,,,,
ESP-La Liga,2526,Rayo Vallecano,Alexandre Alemão,BRA,FW,27.0,1998.0,26.0,11.0,1136.0,12.6,4.0,0.0,4.0,4.0,0.0,0.0,3.0,0.0,0.32,0.0,0.32,0.32,0.32,12.6,4.0,26.0,12.0,46.2,2.06,0.95,0.15,0.33,0.0,0.0,44.0,33.2,11,73.0,0,15,22.0,5,1.42,14.0,12.0,2.0,0.16,0.36,0.0,23.0,27.0,4.0,5.0,1.0,2.0,,,0.0,,,,,,,,,,,,,,,
ESP-La Liga,2526,Rayo Vallecano,Alfonso Espino,URU,"DF,MF",33.0,1992.0,30.0,15.0,1486.0,16.5,2.0,0.0,2.0,2.0,0.0,0.0,3.0,0.0,0.12,0.0,0.12,0.12,0.12,16.5,2.0,20.0,9.0,45.0,1.21,0.55,0.1,0.22,0.0,0.0,50.0,43.5,15,79.0,8,15,20.0,6,1.5,15.0,23.0,-8.0,-0.48,-0.72,0.0,24.0,30.0,10.0,49.0,15.0,33.0,,,0.0,,,,,,,,,,,,,,,
ESP-La Liga,2526,Rayo Vallecano,Andrei Ratiu,ROU,DF,27.0,1998.0,35.0,31.0,2807.0,31.2,0.0,4.0,4.0,0.0,0.0,0.0,9.0,0.0,0.0,0.13,0.13,0.0,0.13,31.2,0.0,31.0,9.0,29.0,0.99,0.29,0.0,0.0,0.0,0.0,80.0,82.1,31,88.0,30,4,18.0,0,1.43,36.0,31.0,5.0,0.16,1.33,0.0,22.0,21.0,4.0,105.0,39.0,44.0,,,0.0,,,,,,,,,,,,,,,
ESP-La Liga,2526,Rayo Vallecano,Augusto Batalla,ARG,GK,29.0,1996.0,34.0,34.0,3060.0,34.0,0.0,0.0,0.0,0.0,0.0,0.0,6.0,0.0,0.0,0.0,0.0,0.0,0.0,34.0,0.0,0.0,0.0,,0.0,0.0,,,0.0,0.0,90.0,89.5,34,90.0,34,0,,2,1.31,36.0,37.0,-1.0,-0.03,0.47,0.0,1.0,4.0,0.0,0.0,0.0,1.0,,,0.0,37.0,1.09,128.0,91.0,71.1,10.0,13.0,11.0,11.0,32.4,6.0,5.0,1.0,0.0,16.7
ESP-La Liga,2526,Rayo Vallecano,Carlos Martín,ESP,"MF,FW",23.0,2002.0,11.0,7.0,450.0,5.0,0.0,0.0,0.0,0.0,0.0,0.0,1.0,0.0,0.0,0.0,0.0,0.0,0.0,5.0,0.0,9.0,4.0,44.4,1.8,0.8,0.0,0.0,0.0,0.0,41.0,13.2,7,57.0,0,4,12.0,8,1.36,5.0,11.0,-6.0,-1.2,-1.29,0.0,11.0,5.0,0.0,8.0,0.0,7.0,,,0.0,,,,,,,,,,,,,,,
ESP-La Liga,2526,Rayo Vallecano,Dani Cárdenas,ESP,GK,28.0,1997.0,4.0,4.0,360.0,4.0,0.0,0.0,0.0,0.0,0.0,0.0,0.0,0.0,0.0,0.0,0.0,0.0,0.0,4.0,0.0,0.0,0.0,,0.0,0.0,,,0.0,0.0,90.0,10.5,4,90.0,4,0,,31,1.75,6.0,7.0,-1.0,-0.25,-0.19,0.0,0.0,0.0,0.0,0.0,0.0,1.0,,,0.0,7.0,1.75,26.0,19.0,73.1,2.0,1.0,1.0,1.0,25.0,2.0,1.0,1.0,0.0,50.0
ESP-La Liga,2526,Rayo Vallecano,Florian Lejeune,FRA,DF,34.0,1991.0,36.0,36.0,3230.0,35.9,2.0,1.0,3.0,2.0,0.0,0.0,7.0,0.0,0.06,0.03,0.08,0.06,0.08,35.9,2.0,50.0,18.0,36.0,1.39,0.5,0.04,0.11,0.0,0.0,90.0,94.4,36,90.0,35,0,,1,1.22,38.0,43.0,-5.0,-0.14,-1.09,0.0,47.0,14.0,1.0,8.0,47.0,47.0,,,0.0,,,,,,,,,,,,,,,
ESP-La Liga,2526,Rayo Vallecano,Francisco Perez,ESP,"MF,FW",22.0,2002.0,29.0,12.0,1237.0,13.7,2.0,1.0,3.0,2.0,0.0,0.0,4.0,0.0,0.15,0.07,0.22,0.15,0.22,13.7,2.0,17.0,8.0,47.1,1.24,0.58,0.12,0.25,0.0,0.0,43.0,36.2,12,65.0,0,17,27.0,6,1.17,14.0,17.0,-3.0,-0.22,-0.22,0.0,18.0,15.0,6.0,48.0,2.0,10.0,,,0.0,,,,,,,,,,,,,,,
ESP-La Liga,2526,Rayo Vallecano,Gerard Gumbau,ESP,MF,30.0,1994.0,28.0,14.0,1175.0,13.1,0.0,3.0,3.0,0.0,0.0,0.0,4.0,0.0,0.0,0.23,0.23,0.0,0.23,13.1,0.0,20.0,5.0,25.0,1.53,0.38,0.0,0.0,0.0,0.0,42.0,34.4,14,69.0,3,14,15.0,10,1.21,17.0,21.0,-4.0,-0.31,-0.35,0.0,38.0,5.0,0.0,52.0,11.0,16.0,,,0.0,,,,,,,,,,,,,,,
ESP-La Liga,2526,Rayo Vallecano,Ilias Akhomach,MAR,"MF,FW",21.0,2004.0,11.0,7.0,709.0,7.9,0.0,1.0,1.0,0.0,0.0,0.0,2.0,0.0,0.0,0.13,0.13,0.0,0.13,7.9,0.0,18.0,6.0,33.3,2.28,0.76,0.0,0.0,0.0,0.0,64.0,20.7,7,79.0,1,4,39.0,1,1.27,14.0,11.0,3.0,0.38,0.58,0.0,9.0,29.0,1.0,22.0,2.0,10.0,,,0.0,,,,,,,,,,,,,,,
ESP-La Liga,2526,Rayo Vallecano,Isaac Palazón Camacho,ESP,"MF,FW",30.0,1994.0,31.0,27.0,2248.0,25.0,3.0,3.0,6.0,1.0,2.0,3.0,10.0,1.0,0.12,0.12,0.24,0.04,0.16,25.0,3.0,52.0,15.0,28.8,2.08,0.6,0.06,0.2,2.0,3.0,73.0,65.7,27,79.0,8,4,28.0,1,1.23,24.0,31.0,-7.0,-0.28,-0.59,0.0,36.0,51.0,6.0,105.0,3.0,12.0,,,0.0,,,,,,,,,,,,,,,
ESP-La Liga,2526,Rayo Vallecano,Iván Balliu,ALB,DF,33.0,1992.0,14.0,6.0,582.0,6.5,0.0,0.0,0.0,0.0,0.0,0.0,2.0,0.0,0.0,0.0,0.0,0.0,0.0,6.5,0.0,4.0,0.0,0.0,0.62,0.0,0.0,,0.0,0.0,42.0,17.0,6,74.0,2,8,17.0,21,1.43,8.0,7.0,1.0,0.15,0.28,0.0,9.0,5.0,0.0,9.0,9.0,9.0,,,0.0,,,,,,,,,,,,,,,
ESP-La Liga,2526,Rayo Vallecano,Jorge de Frutos,ESP,"FW,MF",28.0,1997.0,36.0,31.0,2463.0,27.4,10.0,1.0,11.0,9.0,1.0,1.0,3.0,0.0,0.37,0.04,0.4,0.33,0.37,27.4,10.0,62.0,28.0,45.2,2.27,1.02,0.16,0.36,1.0,1.0,68.0,72.0,31,74.0,6,5,36.0,1,1.39,32.0,23.0,9.0,0.33,1.46,0.0,34.0,39.0,18.0,47.0,11.0,16.0,,,0.0,,,,,,,,,,,,,,,
ESP-La Liga,2526,Rayo Vallecano,Jozhua Vertrouwd,NED,DF,20.0,2004.0,9.0,3.0,446.0,5.0,0.0,0.0,0.0,0.0,0.0,0.0,0.0,0.0,0.0,0.0,0.0,0.0,0.0,5.0,0.0,1.0,0.0,0.0,0.2,0.0,0.0,,0.0,0.0,50.0,13.0,3,87.0,2,6,31.0,22,1.33,6.0,9.0,-3.0,-0.61,-0.61,0.0,6.0,3.0,0.0,0.0,4.0,3.0,,,1.0,,,,,,,,,,,,,,,
ESP-La Liga,2526,Rayo Vallecano,Luiz Felipe,ITA,DF,28.0,1997.0,10.0,7.0,470.0,5.2,0.0,0.0,0.0,0.0,0.0,0.0,1.0,0.0,0.0,0.0,0.0,0.0,0.0,5.2,0.0,3.0,1.0,33.3,0.57,0.19,0.0,0.0,0.0,0.0,47.0,13.7,7,63.0,3,3,11.0,11,1.2,8.0,4.0,4.0,0.77,0.98,0.0,5.0,1.0,0.0,0.0,7.0,8.0,,,0.0,,,,,,,,,,,,,,,
ESP-La Liga,2526,Rayo Vallecano,Nobel Mendy,SEN,DF,20.0,2004.0,24.0,22.0,1797.0,20.0,2.0,0.0,2.0,2.0,0.0,0.0,9.0,2.0,0.1,0.0,0.1,0.1,0.1,20.0,2.0,11.0,3.0,27.3,0.55,0.15,0.18,0.67,0.0,0.0,75.0,52.5,22,79.0,12,2,27.0,7,1.25,21.0,26.0,-5.0,-0.25,-0.36,1.0,32.0,12.0,1.0,6.0,23.0,15.0,,,0.0,,,,,,,,,,,,,,,
ESP-La Liga,2526,Rayo Vallecano,Pathé Ciss,SEN,"MF,DF",31.0,1994.0,29.0,20.0,1999.0,22.2,2.0,1.0,3.0,2.0,0.0,0.0,9.0,2.0,0.09,0.05,0.14,0.09,0.14,22.2,2.0,20.0,8.0,40.0,0.9,0.36,0.1,0.25,0.0,0.0,69.0,58.5,20,88.0,17,9,26.0,0,1.31,25.0,24.0,1.0,0.05,0.3,0.0,30.0,13.0,2.0,1.0,35.0,35.0,,,0.0,,,,,,,,,,,,,,,
ESP-La Liga,2526,Rayo Vallecano,Pedro Díaz,ESP,MF,27.0,1998.0,34.0,21.0,1870.0,20.8,0.0,1.0,1.0,0.0,0.0,0.0,2.0,0.0,0.0,0.05,0.05,0.0,0.05,20.8,0.0,44.0,6.0,13.6,2.12,0.29,0.0,0.0,0.0,0.0,55.0,54.7,21,76.0,9,13,21.0,1,1.32,24.0,31.0,-7.0,-0.34,-0.57,0.0,20.0,13.0,0.0,38.0,9.0,25.0,,,0.0,,,,,,,,,,,,,,,
ESP-La Liga,2526,Rayo Vallecano,Pelayo Fernandez,ESP,DF,22.0,2003.0,1.0,0.0,45.0,0.5,0.0,0.0,0.0,0.0,0.0,0.0,0.0,0.0,0.0,0.0,0.0,0.0,0.0,0.5,0.0,1.0,0.0,0.0,2.0,0.0,0.0,,0.0,0.0,45.0,1.3,0,,0,1,45.0,2,3.0,0.0,1.0,-1.0,-2.0,-1.95,0.0,1.0,0.0,0.0,0.0,0.0,0.0,,,0.0,,,,,,,,,,,,,,,
ESP-La Liga,2526,Rayo Vallecano,Pep Chavarría,ESP,DF,27.0,1998.0,33.0,29.0,2682.0,29.8,1.0,2.0,3.0,1.0,0.0,0.0,6.0,1.0,0.03,0.07,0.1,0.03,0.1,29.8,1.0,18.0,3.0,16.7,0.6,0.1,0.06,0.33,0.0,0.0,81.0,78.4,29,89.0,26,4,23.0,4,1.24,31.0,34.0,-3.0,-0.1,-0.1,1.0,33.0,35.0,3.0,95.0,32.0,31.0,,,0.0,,,,,,,,,,,,,,,
ESP-La Liga,2526,Rayo Vallecano,Randy Nteka,ANG,FW,27.0,1997.0,13.0,3.0,374.0,4.2,3.0,0.0,3.0,3.0,0.0,1.0,3.0,0.0,0.72,0.0,0.72,0.72,0.72,4.2,3.0,13.0,6.0,46.2,3.13,1.44,0.23,0.5,0.0,1.0,29.0,10.9,3,76.0,1,10,15.0,11,1.77,7.0,6.0,1.0,0.24,0.36,0.0,11.0,7.0,5.0,0.0,0.0,4.0,,,0.0,,,,,,,,,,,,,,,
ESP-La Liga,2526,Rayo Vallecano,Samu Becerra,ESP,MF,19.0,2006.0,3.0,0.0,12.0,0.1,0.0,0.0,0.0,0.0,0.0,0.0,0.0,0.0,0.0,0.0,0.0,0.0,0.0,0.1,0.0,0.0,0.0,,0.0,0.0,,,0.0,0.0,4.0,0.4,0,,0,3,4.0,15,0.33,0.0,0.0,0.0,0.0,0.08,0.0,1.0,0.0,0.0,2.0,0.0,0.0,,,0.0,,,,,,,,,,,,,,,
ESP-La Liga,2526,Rayo Vallecano,Sergio Camello,ESP,"FW,MF",24.0,2001.0,22.0,8.0,823.0,9.1,5.0,1.0,6.0,5.0,0.0,0.0,3.0,1.0,0.55,0.11,0.66,0.55,0.66,9.1,5.0,27.0,14.0,51.9,2.95,1.53,0.19,0.36,0.0,0.0,37.0,24.1,8,69.0,1,14,19.0,10,1.0,10.0,14.0,-4.0,-0.44,-0.47,0.0,8.0,14.0,2.0,3.0,4.0,8.0,,,0.0,,,,,,,,,,,,,,,
ESP-La Liga,2526,Rayo Vallecano,Unai López,ESP,MF,29.0,1995.0,28.0,19.0,1612.0,17.9,0.0,4.0,4.0,0.0,0.0,0.0,8.0,1.0,0.0,0.22,0.22,0.0,0.22,17.9,0.0,22.0,4.0,18.2,1.23,0.22,0.0,0.0,0.0,0.0,58.0,47.1,19,75.0,4,9,20.0,4,1.46,20.0,13.0,7.0,0.39,0.89,1.0,37.0,14.0,1.0,62.0,21.0,16.0,,,0.0,,,,,,,,,,,,,,,
ESP-La Liga,2526,Rayo Vallecano,Álvaro García,ESP,"MF,FW",32.0,1992.0,32.0,23.0,2101.0,23.3,4.0,5.0,9.0,4.0,0.0,0.0,3.0,0.0,0.17,0.21,0.39,0.17,0.39,23.3,4.0,47.0,19.0,40.4,2.01,0.81,0.09,0.21,0.0,0.0,66.0,61.4,23,79.0,7,9,31.0,1,1.19,21.0,29.0,-8.0,-0.34,-0.68,0.0,19.0,12.0,15.0,91.0,14.0,15.0,,,0.0,,,,,,,,,,,,,,,
ESP-La Liga,2526,Rayo Vallecano,Óscar Trejo,ARG,MF,37.0,1988.0,7.0,1.0,144.0,1.6,0.0,1.0,1.0,0.0,0.0,0.0,2.0,0.0,0.0,0.62,0.62,0.0,0.62,1.6,0.0,1.0,1.0,100.0,0.62,0.62,0.0,0.0,0.0,0.0,21.0,4.2,1,65.0,0,6,13.0,25,0.88,3.0,3.0,0.0,0.0,0.08,0.0,3.0,5.0,0.0,8.0,0.0,3.0,,,0.0,,,,,,,,,,,,,,,
ESP-La Liga,2526,Rayo Vallecano,Óscar Valentín,ESP,MF,30.0,1994.0,33.0,26.0,2108.0,23.4,1.0,0.0,1.0,1.0,0.0,0.0,3.0,1.0,0.04,0.0,0.04,0.04,0.04,23.4,1.0,13.0,4.0,30.8,0.56,0.17,0.08,0.25,0.0,0.0,64.0,61.6,26,76.0,11,7,19.0,4,1.39,19.0,19.0,0.0,0.0,0.21,0.0,31.0,22.0,0.0,3.0,29.0,43.0,,,0.0,,,,,,,,,,,,,,,
ESP-La Liga,2526,Real Betis,Abde Ezzalzouli,MAR,"MF,FW",23.0,2001.0,29.0,26.0,2247.0,25.0,10.0,8.0,18.0,10.0,0.0,0.0,3.0,0.0,0.4,0.32,0.72,0.4,0.72,25.0,10.0,73.0,26.0,35.6,2.92,1.04,0.14,0.38,0.0,0.0,77.0,65.7,26,83.0,16,3,30.0,0,1.62,45.0,34.0,11.0,0.44,0.44,0.0,28.0,71.0,4.0,55.0,15.0,32.0,,,0.0,,,,,,,,,,,,,,,
ESP-La Liga,2526,Real Betis,Adrián,ESP,GK,38.0,1987.0,1.0,1.0,90.0,1.0,0.0,0.0,0.0,0.0,0.0,0.0,0.0,0.0,0.0,0.0,0.0,0.0,0.0,1.0,0.0,0.0,0.0,,0.0,0.0,,,0.0,0.0,90.0,2.6,1,90.0,1,0,,34,3.0,2.0,1.0,1.0,1.0,0.73,0.0,0.0,0.0,0.0,0.0,0.0,0.0,,,0.0,1.0,1.0,7.0,6.0,85.7,1.0,0.0,0.0,0.0,0.0,0.0,0.0,0.0,0.0,
ESP-La Liga,2526,Real Betis,Aitor Ruibal,ESP,"DF,MF",29.0,1996.0,27.0,20.0,1808.0,20.1,4.0,2.0,6.0,4.0,0.0,0.0,6.0,1.0,0.2,0.1,0.3,0.2,0.3,20.1,4.0,31.0,12.0,38.7,1.54,0.6,0.13,0.33,0.0,0.0,67.0,52.9,20,80.0,9,7,29.0,4,1.67,30.0,21.0,9.0,0.45,0.34,1.0,32.0,25.0,1.0,31.0,20.0,32.0,,,0.0,,,,,,,,,,,,,,,
ESP-La Liga,2526,Real Betis,Antony,BRA,"MF,FW",25.0,2000.0,32.0,30.0,2447.0,27.2,8.0,6.0,14.0,8.0,0.0,0.0,6.0,1.0,0.29,0.22,0.51,0.29,0.51,27.2,8.0,90.0,34.0,37.8,3.31,1.25,0.09,0.24,0.0,0.0,76.0,71.5,30,80.0,13,2,27.0,0,1.53,45.0,36.0,9.0,0.33,0.15,0.0,20.0,44.0,2.0,66.0,22.0,23.0,,,0.0,,,,,,,,,,,,,,,
ESP-La Liga,2526,Real Betis,Cucho,COL,FW,26.0,1999.0,32.0,30.0,2580.0,28.7,11.0,3.0,14.0,10.0,1.0,1.0,5.0,0.0,0.38,0.1,0.49,0.35,0.45,28.7,11.0,89.0,27.0,30.3,3.1,0.94,0.12,0.41,1.0,1.0,81.0,75.4,30,83.0,14,2,45.0,0,1.5,45.0,35.0,10.0,0.35,0.24,0.0,22.0,38.0,17.0,23.0,11.0,16.0,,,0.0,,,,,,,,,,,,,,,
ESP-La Liga,2526,Real Betis,Cédric Bakambu,COD,FW,34.0,1991.0,18.0,5.0,569.0,6.3,3.0,1.0,4.0,3.0,0.0,0.0,1.0,0.0,0.47,0.16,0.63,0.47,0.63,6.3,3.0,21.0,9.0,42.9,3.32,1.42,0.14,0.33,0.0,0.0,32.0,16.6,5,66.0,0,13,18.0,13,1.22,9.0,10.0,-1.0,-0.16,-0.54,0.0,11.0,9.0,10.0,2.0,2.0,2.0,,,0.0,,,,,,,,,,,,,,,
ESP-La Liga,2526,Real Betis,Daniel Guerrero,ESP,MF,20.0,2005.0,1.0,0.0,1.0,0.0,0.0,0.0,0.0,0.0,0.0,0.0,0.0,0.0,0.0,0.0,0.0,0.0,0.0,0.0,0.0,0.0,0.0,,0.0,0.0,,,0.0,0.0,1.0,0.0,0,,0,1,1.0,4,1.0,0.0,0.0,0.0,0.0,-0.29,0.0,0.0,1.0,0.0,0.0,0.0,0.0,,,0.0,,,,,,,,,,,,,,,
ESP-La Liga,2526,Real Betis,Diego Llorente,ESP,DF,31.0,1993.0,18.0,14.0,1229.0,13.7,1.0,0.0,1.0,1.0,0.0,0.0,5.0,0.0,0.07,0.0,0.07,0.07,0.07,13.7,1.0,4.0,3.0,75.0,0.29,0.22,0.25,0.33,0.0,0.0,68.0,35.9,14,78.0,10,4,36.0,11,1.56,24.0,12.0,12.0,0.88,0.92,0.0,13.0,13.0,0.0,1.0,27.0,15.0,,,0.0,,,,,,,,,,,,,,,
ESP-La Liga,2526,Real Betis,Ezequiel Ávila,ARG,FW,31.0,1994.0,16.0,3.0,380.0,4.2,1.0,0.0,1.0,0.0,1.0,1.0,3.0,0.0,0.24,0.0,0.24,0.0,0.0,4.2,1.0,8.0,2.0,25.0,1.89,0.47,0.13,0.5,1.0,1.0,24.0,11.1,3,76.0,1,13,12.0,18,1.53,8.0,5.0,3.0,0.71,0.47,0.0,6.0,8.0,2.0,14.0,5.0,3.0,,,0.0,,,,,,,,,,,,,,,
ESP-La Liga,2526,Real Betis,Giovani Lo Celso,ARG,MF,29.0,1996.0,24.0,15.0,1393.0,15.5,2.0,3.0,5.0,2.0,0.0,0.0,4.0,0.0,0.13,0.19,0.32,0.13,0.32,15.5,2.0,30.0,11.0,36.7,1.94,0.71,0.07,0.18,0.0,0.0,58.0,40.7,15,73.0,2,9,34.0,3,1.67,25.0,16.0,9.0,0.58,0.49,0.0,9.0,42.0,4.0,61.0,6.0,13.0,,,0.0,,,,,,,,,,,,,,,
ESP-La Liga,2526,Real Betis,Héctor Bellerín,ESP,DF,30.0,1995.0,27.0,20.0,1822.0,20.2,2.0,3.0,5.0,2.0,0.0,0.0,2.0,0.0,0.1,0.15,0.25,0.1,0.25,20.2,2.0,7.0,5.0,71.4,0.35,0.25,0.29,0.4,0.0,0.0,67.0,53.3,20,83.0,14,7,24.0,3,1.56,33.0,27.0,6.0,0.3,0.01,0.0,15.0,4.0,2.0,29.0,14.0,16.0,,,0.0,,,,,,,,,,,,,,,
ESP-La Liga,2526,Real Betis,Isco,ESP,MF,33.0,1992.0,8.0,1.0,233.0,2.6,1.0,1.0,2.0,0.0,1.0,1.0,0.0,0.0,0.39,0.39,0.77,0.0,0.39,2.6,1.0,7.0,1.0,14.3,2.7,0.39,0.14,1.0,1.0,1.0,29.0,6.8,1,53.0,0,7,26.0,0,1.88,6.0,5.0,1.0,0.39,0.1,0.0,4.0,9.0,0.0,9.0,2.0,2.0,,,0.0,,,,,,,,,,,,,,,
ESP-La Liga,2526,Real Betis,Iván Corralejo,ESP,MF,18.0,2007.0,1.0,0.0,15.0,0.2,0.0,0.0,0.0,0.0,0.0,0.0,0.0,0.0,0.0,0.0,0.0,0.0,0.0,0.2,0.0,0.0,0.0,,0.0,0.0,,,0.0,0.0,15.0,0.4,0,,0,1,15.0,2,0.0,1.0,0.0,1.0,6.0,5.74,0.0,1.0,1.0,0.0,0.0,0.0,0.0,,,0.0,,,,,,,,,,,,,,,
ESP-La Liga,2526,Real Betis,Junior Firpo,DOM,DF,28.0,1996.0,12.0,10.0,827.0,9.2,0.0,1.0,1.0,0.0,0.0,0.0,2.0,0.0,0.0,0.11,0.11,0.0,0.11,9.2,0.0,5.0,0.0,0.0,0.54,0.0,0.0,,0.0,0.0,69.0,24.2,10,78.0,4,2,26.0,14,1.08,13.0,15.0,-2.0,-0.22,-0.67,0.0,11.0,8.0,1.0,19.0,10.0,14.0,,,0.0,,,,,,,,,,,,,,,
ESP-La Liga,2526,Real Betis,Marc Bartra,ESP,DF,34.0,1991.0,25.0,21.0,1978.0,22.0,1.0,0.0,1.0,1.0,0.0,0.0,3.0,0.0,0.05,0.0,0.05,0.05,0.05,22.0,1.0,16.0,5.0,31.3,0.73,0.23,0.06,0.2,0.0,0.0,79.0,57.8,21,86.0,19,4,45.0,5,1.56,29.0,29.0,0.0,0.0,-0.69,0.0,15.0,11.0,0.0,2.0,29.0,18.0,,,1.0,,,,,,,,,,,,,,,
ESP-La Liga,2526,Real Betis,Marc Roca,ESP,MF,28.0,1996.0,29.0,23.0,2026.0,22.5,1.0,1.0,2.0,1.0,0.0,0.0,1.0,0.0,0.04,0.04,0.09,0.04,0.09,22.5,1.0,17.0,7.0,41.2,0.76,0.31,0.06,0.14,0.0,0.0,70.0,59.2,23,82.0,17,6,24.0,6,1.69,36.0,30.0,6.0,0.27,-0.06,0.0,42.0,23.0,0.0,10.0,23.0,29.0,,,0.0,,,,,,,,,,,,,,,
ESP-La Liga,2526,Real Betis,Natan,BRA,DF,24.0,2001.0,33.0,32.0,2807.0,31.2,0.0,0.0,0.0,0.0,0.0,0.0,8.0,0.0,0.0,0.0,0.0,0.0,0.0,31.2,0.0,10.0,1.0,10.0,0.32,0.03,0.0,0.0,0.0,0.0,85.0,82.1,32,87.0,28,1,25.0,4,1.64,50.0,41.0,9.0,0.29,-0.01,0.0,28.0,11.0,0.0,1.0,37.0,17.0,,,0.0,,,,,,,,,,,,,,,
ESP-La Liga,2526,Real Betis,Nelson Deossa,COL,MF,25.0,2000.0,20.0,8.0,743.0,8.3,0.0,0.0,0.0,0.0,0.0,0.0,3.0,0.0,0.0,0.0,0.0,0.0,0.0,8.3,0.0,18.0,0.0,0.0,2.18,0.0,0.0,,0.0,0.0,37.0,21.7,8,68.0,3,12,17.0,11,1.35,13.0,13.0,0.0,0.0,-0.37,0.0,17.0,24.0,1.0,7.0,6.0,8.0,,,0.0,,,,,,,,,,,,,,,
ESP-La Liga,2526,Real Betis,Pablo Fornals,ESP,MF,29.0,1996.0,37.0,34.0,2848.0,31.6,9.0,6.0,15.0,9.0,0.0,0.0,2.0,0.0,0.28,0.19,0.47,0.28,0.47,31.6,9.0,43.0,18.0,41.9,1.36,0.57,0.21,0.5,0.0,0.0,77.0,83.3,34,80.0,15,3,40.0,1,1.62,53.0,38.0,15.0,0.47,1.1,0.0,32.0,26.0,13.0,140.0,34.0,26.0,,,0.0,,,,,,,,,,,,,,,
ESP-La Liga,2526,Real Betis,Pablo Garcia,ESP,MF,19.0,2006.0,15.0,2.0,388.0,4.3,0.0,0.0,0.0,0.0,0.0,0.0,1.0,0.0,0.0,0.0,0.0,0.0,0.0,4.3,0.0,13.0,4.0,30.8,3.02,0.93,0.0,0.0,0.0,0.0,26.0,11.3,2,71.0,0,13,19.0,10,1.53,8.0,3.0,5.0,1.16,0.98,0.0,5.0,9.0,3.0,3.0,3.0,5.0,,,0.0,,,,,,,,,,,,,,,
ESP-La Liga,2526,Real Betis,Pau López,ESP,GK,30.0,1994.0,9.0,9.0,810.0,9.0,0.0,0.0,0.0,0.0,0.0,0.0,1.0,0.0,0.0,0.0,0.0,0.0,0.0,9.0,0.0,0.0,0.0,,0.0,0.0,,,0.0,0.0,90.0,23.7,9,90.0,9,0,,23,1.56,13.0,11.0,2.0,0.22,-0.09,0.0,0.0,2.0,0.0,0.0,0.0,1.0,,,0.0,11.0,1.22,40.0,29.0,72.5,4.0,2.0,3.0,2.0,22.2,1.0,0.0,1.0,0.0,100.0
ESP-La Liga,2526,Real Betis,Ricardo Rodríguez,SUI,DF,32.0,1992.0,23.0,18.0,1547.0,17.2,0.0,1.0,1.0,0.0,0.0,0.0,0.0,0.0,0.0,0.06,0.06,0.0,0.06,17.2,0.0,3.0,0.0,0.0,0.17,0.0,0.0,,0.0,0.0,67.0,45.2,18,84.0,14,5,7.0,11,1.91,32.0,17.0,15.0,0.87,1.06,0.0,11.0,5.0,0.0,15.0,8.0,14.0,,,0.0,,,,,,,,,,,,,,,
ESP-La Liga,2526,Real Betis,Rodrigo Riquelme,ESP,MF,25.0,2000.0,25.0,7.0,821.0,9.1,1.0,1.0,2.0,1.0,0.0,0.0,2.0,0.0,0.11,0.11,0.22,0.11,0.22,9.1,1.0,24.0,7.0,29.2,2.63,0.77,0.04,0.14,0.0,0.0,33.0,24.0,7,65.0,0,18,20.0,11,1.72,8.0,11.0,-3.0,-0.33,-0.81,0.0,8.0,11.0,1.0,22.0,5.0,11.0,,,0.0,,,,,,,,,,,,,,,
ESP-La Liga,2526,Real Betis,Sergi Altimira,ESP,MF,23.0,2001.0,24.0,13.0,1186.0,13.2,1.0,2.0,3.0,1.0,0.0,0.0,3.0,0.0,0.08,0.15,0.23,0.08,0.23,13.2,1.0,7.0,3.0,42.9,0.53,0.23,0.14,0.33,0.0,0.0,49.0,34.7,13,74.0,5,11,21.0,11,1.5,14.0,19.0,-5.0,-0.38,-1.02,0.0,14.0,22.0,0.0,3.0,20.0,36.0,,,0.0,,,,,,,,,,,,,,,
ESP-La Liga,2526,Real Betis,Sofyan Amrabat,MAR,MF,28.0,1996.0,17.0,14.0,1295.0,14.4,0.0,0.0,0.0,0.0,0.0,0.0,4.0,0.0,0.0,0.0,0.0,0.0,0.0,14.4,0.0,8.0,1.0,12.5,0.56,0.07,0.0,0.0,0.0,0.0,76.0,37.9,14,86.0,11,3,28.0,1,1.53,24.0,18.0,6.0,0.42,0.21,0.0,22.0,19.0,0.0,6.0,11.0,13.0,,,0.0,,,,,,,,,,,,,,,
ESP-La Liga,2526,Real Betis,Valentín Gómez,ARG,DF,22.0,2003.0,28.0,19.0,1882.0,20.9,1.0,0.0,1.0,1.0,0.0,0.0,5.0,0.0,0.05,0.0,0.05,0.05,0.05,20.9,1.0,11.0,5.0,45.5,0.53,0.24,0.09,0.2,0.0,0.0,67.0,55.0,19,90.0,19,9,19.0,9,1.68,29.0,28.0,1.0,0.05,-0.54,0.0,26.0,11.0,1.0,12.0,23.0,25.0,,,0.0,,,,,,,,,,,,,,,
ESP-La Liga,2526,Real Betis,Álvaro Fidalgo,MEX,MF,28.0,1997.0,9.0,8.0,542.0,6.0,1.0,0.0,1.0,1.0,0.0,0.0,0.0,0.0,0.17,0.0,0.17,0.17,0.17,6.0,1.0,4.0,2.0,50.0,0.66,0.33,0.25,0.5,0.0,0.0,60.0,15.8,8,66.0,0,1,11.0,7,1.44,7.0,8.0,-1.0,-0.17,-0.54,0.0,2.0,6.0,1.0,6.0,4.0,5.0,,,0.0,,,,,,,,,,,,,,,
ESP-La Liga,2526,Real Betis,Álvaro Vallés,ESP,GK,28.0,1997.0,28.0,28.0,2520.0,28.0,0.0,0.0,0.0,0.0,0.0,0.0,1.0,0.0,0.0,0.0,0.0,0.0,0.0,28.0,0.0,0.0,0.0,,0.0,0.0,,,0.0,0.0,90.0,73.7,28,90.0,28,0,,10,1.54,44.0,36.0,8.0,0.29,-0.01,0.0,0.0,4.0,0.0,0.0,1.0,0.0,,,0.0,36.0,1.29,123.0,87.0,70.7,10.0,13.0,5.0,8.0,28.6,6.0,4.0,1.0,1.0,20.0
ESP-La Liga,2526,Real Betis,Ángel Ortíz,ESP,DF,21.0,2004.0,13.0,7.0,584.0,6.5,0.0,0.0,0.0,0.0,0.0,0.0,1.0,0.0,0.0,0.0,0.0,0.0,0.0,6.5,0.0,1.0,0.0,0.0,0.15,0.0,0.0,,0.0,0.0,45.0,17.1,7,72.0,2,6,14.0,13,1.54,5.0,9.0,-4.0,-0.62,-1.09,0.0,9.0,9.0,0.0,19.0,1.0,19.0,,,0.0,,,,,,,,,,,,,,,
ESP-La Liga,2526,Real Madrid,Andriy Lunin,UKR,GK,26.0,1999.0,6.0,6.0,540.0,6.0,0.0,0.0,0.0,0.0,0.0,0.0,0.0,1.0,0.0,0.0,0.0,0.0,0.0,6.0,0.0,0.0,0.0,,0.0,0.0,,,0.0,0.0,90.0,15.8,6,90.0,6,0,,27,2.0,12.0,8.0,4.0,0.67,-0.52,0.0,0.0,0.0,0.0,0.0,0.0,0.0,,,0.0,7.0,1.17,23.0,16.0,69.6,3.0,2.0,1.0,1.0,16.7,0.0,0.0,0.0,0.0,
ESP-La Liga,2526,Real Madrid,Antonio Rüdiger,GER,DF,32.0,1993.0,18.0,16.0,1490.0,16.6,1.0,0.0,1.0,1.0,0.0,0.0,0.0,0.0,0.06,0.0,0.06,0.06,0.06,16.6,1.0,13.0,1.0,7.7,0.79,0.06,0.08,1.0,0.0,0.0,83.0,43.6,16,86.0,13,2,57.0,5,2.11,32.0,16.0,16.0,0.97,-0.25,0.0,11.0,2.0,2.0,2.0,4.0,5.0,,,0.0,,,,,,,,,,,,,,,
ESP-La Liga,2526,Real Madrid,Arda Güler,TUR,MF,20.0,2005.0,33.0,25.0,2014.0,22.4,4.0,9.0,13.0,4.0,0.0,0.0,1.0,0.0,0.18,0.4,0.58,0.18,0.58,22.4,4.0,49.0,19.0,38.8,2.19,0.85,0.08,0.21,0.0,0.0,61.0,58.9,25,72.0,3,8,27.0,0,2.3,43.0,21.0,22.0,0.98,-0.3,0.0,21.0,32.0,3.0,129.0,8.0,28.0,,,0.0,,,,,,,,,,,,,,,
ESP-La Liga,2526,Real Madrid,Aurélien Tchouaméni,FRA,MF,25.0,2000.0,33.0,31.0,2615.0,29.1,1.0,0.0,1.0,1.0,0.0,0.0,8.0,0.0,0.03,0.0,0.03,0.03,0.03,29.1,1.0,45.0,7.0,15.6,1.55,0.24,0.02,0.14,0.0,0.0,79.0,76.5,31,83.0,20,2,16.0,1,2.33,57.0,26.0,31.0,1.07,-0.16,0.0,31.0,27.0,0.0,8.0,45.0,41.0,,,0.0,,,,,,,,,,,,,,,
ESP-La Liga,2526,Real Madrid,Brahim Díaz,MAR,"FW,MF",25.0,1999.0,30.0,13.0,1257.0,14.0,1.0,6.0,7.0,1.0,0.0,0.0,2.0,0.0,0.07,0.43,0.5,0.07,0.5,14.0,1.0,15.0,7.0,46.7,1.07,0.5,0.07,0.14,0.0,0.0,42.0,36.8,13,70.0,0,17,20.0,5,2.33,22.0,11.0,11.0,0.79,-0.5,0.0,19.0,37.0,3.0,20.0,2.0,10.0,,,0.0,,,,,,,,,,,,,,,
ESP-La Liga,2526,Real Madrid,César Palacios,ESP,MF,20.0,2004.0,5.0,0.0,86.0,1.0,0.0,0.0,0.0,0.0,0.0,0.0,0.0,0.0,0.0,0.0,0.0,0.0,0.0,1.0,0.0,2.0,0.0,0.0,2.09,0.0,0.0,,0.0,0.0,17.0,2.5,0,,0,5,17.0,4,2.4,4.0,1.0,3.0,3.14,2.09,0.0,4.0,3.0,0.0,1.0,3.0,2.0,,,0.0,,,,,,,,,,,,,,,
ESP-La Liga,2526,Real Madrid,Dani Carvajal,ESP,DF,33.0,1992.0,17.0,10.0,977.0,10.9,0.0,1.0,1.0,0.0,0.0,0.0,0.0,0.0,0.0,0.09,0.09,0.0,0.09,10.9,0.0,5.0,1.0,20.0,0.46,0.09,0.0,0.0,0.0,0.0,57.0,28.6,10,79.0,4,7,26.0,9,2.35,20.0,10.0,10.0,0.92,-0.26,0.0,7.0,9.0,0.0,11.0,6.0,12.0,,,0.0,,,,,,,,,,,,,,,
ESP-La Liga,2526,Real Madrid,Dani Ceballos,ESP,MF,28.0,1996.0,16.0,4.0,486.0,5.4,0.0,0.0,0.0,0.0,0.0,0.0,1.0,0.0,0.0,0.0,0.0,0.0,0.0,5.4,0.0,3.0,0.0,0.0,0.56,0.0,0.0,,0.0,0.0,30.0,14.2,4,67.0,0,12,18.0,11,2.56,14.0,6.0,8.0,1.48,0.44,0.0,6.0,15.0,0.0,3.0,7.0,10.0,,,0.0,,,,,,,,,,,,,,,
ESP-La Liga,2526,Real Madrid,Daniel Yáñez,ESP,MF,18.0,2007.0,2.0,0.0,47.0,0.5,0.0,1.0,1.0,0.0,0.0,0.0,0.0,0.0,0.0,1.91,1.91,0.0,1.91,0.5,0.0,0.0,0.0,,0.0,0.0,,,0.0,0.0,24.0,1.4,0,,0,2,24.0,1,3.0,3.0,1.0,2.0,3.83,2.76,0.0,0.0,4.0,0.0,1.0,0.0,1.0,,,0.0,,,,,,,,,,,,,,,
ESP-La Liga,2526,Real Madrid,David Alaba,AUT,DF,33.0,1992.0,11.0,5.0,424.0,4.7,0.0,0.0,0.0,0.0,0.0,0.0,1.0,0.0,0.0,0.0,0.0,0.0,0.0,4.7,0.0,4.0,1.0,25.0,0.85,0.21,0.0,0.0,0.0,0.0,39.0,12.4,5,70.0,2,6,13.0,18,2.27,7.0,5.0,2.0,0.42,-0.78,0.0,1.0,0.0,0.0,0.0,0.0,4.0,,,0.0,,,,,,,,,,,,,,,
ESP-La Liga,2526,Real Madrid,David Jiménez,ESP,DF,21.0,2004.0,2.0,1.0,76.0,0.8,0.0,0.0,0.0,0.0,0.0,0.0,0.0,0.0,0.0,0.0,0.0,0.0,0.0,0.8,0.0,1.0,1.0,100.0,1.18,1.18,0.0,0.0,0.0,0.0,38.0,2.2,1,75.0,0,1,1.0,6,3.0,1.0,0.0,1.0,1.18,0.08,0.0,0.0,0.0,0.0,3.0,0.0,1.0,,,0.0,,,,,,,,,,,,,,,
ESP-La Liga,2526,Real Madrid,Dean Huijsen,ESP,DF,20.0,2005.0,28.0,24.0,2034.0,22.6,2.0,2.0,4.0,2.0,0.0,0.0,7.0,1.0,0.09,0.09,0.18,0.09,0.18,22.6,2.0,20.0,5.0,25.0,0.88,0.22,0.1,0.4,0.0,0.0,73.0,59.5,24,81.0,16,4,24.0,1,2.39,49.0,18.0,31.0,1.37,0.66,0.0,21.0,13.0,1.0,1.0,18.0,18.0,,,0.0,,,,,,,,,,,,,,,
ESP-La Liga,2526,Real Madrid,Diego Aguado,ESP,DF,18.0,2007.0,1.0,0.0,30.0,0.3,0.0,0.0,0.0,0.0,0.0,0.0,0.0,0.0,0.0,0.0,0.0,0.0,0.0,0.3,0.0,0.0,0.0,,0.0,0.0,,,0.0,0.0,30.0,0.9,0,,0,1,30.0,4,3.0,2.0,1.0,1.0,3.0,1.91,0.0,0.0,0.0,0.0,0.0,0.0,1.0,,,0.0,,,,,,,,,,,,,,,
ESP-La Liga,2526,Real Madrid,Eduardo Camavinga,FRA,MF,22.0,2002.0,29.0,16.0,1528.0,17.0,1.0,0.0,1.0,1.0,0.0,0.0,2.0,0.0,0.06,0.0,0.06,0.06,0.06,17.0,1.0,13.0,2.0,15.4,0.77,0.12,0.08,0.5,0.0,0.0,53.0,44.7,16,77.0,7,13,23.0,2,2.24,34.0,16.0,18.0,1.06,-0.08,0.0,34.0,31.0,2.0,2.0,15.0,37.0,,,0.0,,,,,,,,,,,,,,,
ESP-La Liga,2526,Real Madrid,Endrick,BRA,FW,19.0,2006.0,1.0,0.0,12.0,0.1,0.0,0.0,0.0,0.0,0.0,0.0,0.0,1.0,0.0,0.0,0.0,0.0,0.0,0.1,0.0,0.0,0.0,,0.0,0.0,,,0.0,0.0,12.0,0.4,0,,0,1,12.0,10,1.5,1.0,1.0,0.0,0.0,-1.11,0.0,0.0,1.0,0.0,0.0,0.0,0.0,,,0.0,,,,,,,,,,,,,,,
ESP-La Liga,2526,Real Madrid,Federico Valverde,URU,"MF,DF",27.0,1998.0,33.0,31.0,2740.0,30.4,5.0,8.0,13.0,5.0,0.0,0.0,3.0,1.0,0.16,0.26,0.43,0.16,0.43,30.4,5.0,51.0,22.0,43.1,1.68,0.72,0.1,0.23,0.0,0.0,83.0,80.1,31,86.0,23,2,40.0,0,2.33,66.0,28.0,38.0,1.25,0.72,0.0,18.0,14.0,1.0,30.0,25.0,25.0,,,0.0,,,,,,,,,,,,,,,
ESP-La Liga,2526,Real Madrid,Ferland Mendy,FRA,DF,30.0,1995.0,5.0,3.0,207.0,2.3,0.0,0.0,0.0,0.0,0.0,0.0,0.0,0.0,0.0,0.0,0.0,0.0,0.0,2.3,0.0,0.0,0.0,,0.0,0.0,,,0.0,0.0,41.0,6.1,3,64.0,2,2,7.0,10,2.2,4.0,2.0,2.0,0.87,-0.25,0.0,2.0,1.0,0.0,0.0,2.0,1.0,,,0.0,,,,,,,,,,,,,,,
ESP-La Liga,2526,Real Madrid,Fran Garcia,ESP,"DF,MF",25.0,1999.0,13.0,10.0,929.0,10.3,1.0,1.0,2.0,1.0,0.0,0.0,2.0,1.0,0.1,0.1,0.19,0.1,0.19,10.3,1.0,6.0,2.0,33.3,0.58,0.19,0.17,0.5,0.0,0.0,71.0,27.2,10,83.0,6,3,34.0,24,2.08,19.0,10.0,9.0,0.87,-0.32,1.0,7.0,14.0,1.0,28.0,6.0,12.0,,,0.0,,,,,,,,,,,,,,,
ESP-La Liga,2526,Real Madrid,Franco Mastantuono,ARG,"MF,FW",17.0,2007.0,23.0,11.0,1037.0,11.5,1.0,0.0,1.0,1.0,0.0,0.0,5.0,1.0,0.09,0.0,0.09,0.09,0.09,11.5,1.0,30.0,7.0,23.3,2.6,0.61,0.03,0.14,0.0,0.0,45.0,30.3,11,70.0,1,12,22.0,10,2.48,29.0,9.0,20.0,1.74,0.9,0.0,18.0,30.0,1.0,31.0,3.0,12.0,,,0.0,,,,,,,,,,,,,,,
ESP-La Liga,2526,Real Madrid,Gonzalo García,ESP,FW,21.0,2004.0,30.0,9.0,964.0,10.7,6.0,1.0,7.0,6.0,0.0,0.0,2.0,0.0,0.56,0.09,0.65,0.56,0.65,10.7,6.0,21.0,11.0,52.4,1.96,1.03,0.29,0.55,0.0,0.0,32.0,28.2,9,74.0,2,21,14.0,8,2.23,27.0,12.0,15.0,1.4,0.41,0.0,9.0,6.0,0.0,3.0,2.0,7.0,,,0.0,,,,,,,,,,,,,,,
ESP-La Liga,2526,Real Madrid,Jorge Cestero,ESP,MF,19.0,2006.0,2.0,0.0,13.0,0.1,0.0,0.0,0.0,0.0,0.0,0.0,0.0,0.0,0.0,0.0,0.0,0.0,0.0,0.1,0.0,0.0,0.0,,0.0,0.0,,,0.0,0.0,7.0,0.4,0,,0,2,7.0,8,3.0,0.0,0.0,0.0,0.0,-1.11,0.0,0.0,0.0,0.0,0.0,0.0,0.0,,,0.0,,,,,,,,,,,,,,,
ESP-La Liga,2526,Real Madrid,Jude Bellingham,ENG,MF,22.0,2003.0,28.0,22.0,1916.0,21.3,6.0,4.0,10.0,6.0,0.0,0.0,3.0,0.0,0.28,0.19,0.47,0.28,0.47,21.3,6.0,51.0,26.0,51.0,2.4,1.22,0.12,0.23,0.0,0.0,68.0,56.0,22,81.0,14,6,21.0,0,2.21,42.0,19.0,23.0,1.08,-0.06,0.0,33.0,55.0,4.0,16.0,14.0,37.0,,,0.0,,,,,,,,,,,,,,,
ESP-La Liga,2526,Real Madrid,Kylian Mbappé,FRA,FW,26.0,1998.0,31.0,29.0,2599.0,28.9,25.0,5.0,30.0,17.0,8.0,9.0,4.0,0.0,0.87,0.17,1.04,0.59,0.76,28.9,25.0,146.0,63.0,43.2,5.06,2.18,0.17,0.4,8.0,9.0,84.0,76.0,29,88.0,20,2,25.0,1,2.29,55.0,26.0,29.0,1.0,-0.42,0.0,13.0,36.0,39.0,26.0,3.0,1.0,,,0.0,,,,,,,,,,,,,,,
ESP-La Liga,2526,Real Madrid,Manuel Serrano,ESP,DF,21.0,2004.0,1.0,0.0,7.0,0.1,0.0,0.0,0.0,0.0,0.0,0.0,0.0,0.0,0.0,0.0,0.0,0.0,0.0,0.1,0.0,0.0,0.0,,0.0,0.0,,,0.0,0.0,7.0,0.2,0,,0,1,7.0,0,3.0,1.0,1.0,0.0,0.0,-1.11,0.0,0.0,0.0,0.0,0.0,0.0,0.0,,,0.0,,,,,,,,,,,,,,,
ESP-La Liga,2526,Real Madrid,Manuel Ángel,ESP,MF,21.0,2004.0,4.0,1.0,96.0,1.1,0.0,0.0,0.0,0.0,0.0,0.0,0.0,0.0,0.0,0.0,0.0,0.0,0.0,1.1,0.0,2.0,1.0,50.0,1.87,0.94,0.0,0.0,0.0,0.0,24.0,2.8,1,58.0,0,3,13.0,3,1.75,3.0,3.0,0.0,0.0,-1.14,0.0,2.0,4.0,0.0,0.0,0.0,3.0,,,1.0,,,,,,,,,,,,,,,
ESP-La Liga,2526,Real Madrid,Raúl Asencio,ESP,DF,22.0,2003.0,23.0,18.0,1708.0,19.0,2.0,0.0,2.0,2.0,0.0,0.0,4.0,0.0,0.11,0.0,0.11,0.11,0.11,19.0,2.0,14.0,4.0,28.6,0.74,0.21,0.14,0.5,0.0,0.0,74.0,49.9,18,85.0,14,5,34.0,10,2.22,37.0,17.0,20.0,1.05,-0.1,0.0,17.0,23.0,0.0,1.0,10.0,12.0,,,0.0,,,,,,,,,,,,,,,
ESP-La Liga,2526,Real Madrid,Rodrygo,BRA,"MF,FW",24.0,2001.0,19.0,6.0,684.0,7.6,1.0,3.0,4.0,1.0,0.0,0.0,3.0,0.0,0.13,0.39,0.53,0.13,0.53,7.6,1.0,27.0,11.0,40.7,3.55,1.45,0.04,0.09,0.0,0.0,36.0,20.0,6,75.0,1,13,18.0,3,2.21,11.0,5.0,6.0,0.79,-0.39,0.0,5.0,23.0,0.0,42.0,3.0,8.0,,,0.0,,,,,,,,,,,,,,,
ESP-La Liga,2526,Real Madrid,Thiago Pinar,ESP,MF,17.0,2007.0,10.0,8.0,592.0,6.6,0.0,2.0,2.0,0.0,0.0,0.0,2.0,0.0,0.0,0.3,0.3,0.0,0.3,6.6,0.0,6.0,2.0,33.3,0.91,0.3,0.0,0.0,0.0,0.0,59.0,17.3,8,69.0,1,2,20.0,11,1.9,12.0,6.0,6.0,0.91,-0.23,0.0,12.0,7.0,3.0,0.0,7.0,4.0,,,0.0,,,,,,,,,,,,,,,
ESP-La Liga,2526,Real Madrid,Thibaut Courtois,BEL,GK,33.0,1992.0,32.0,32.0,2880.0,32.0,0.0,0.0,0.0,0.0,0.0,0.0,1.0,0.0,0.0,0.0,0.0,0.0,0.0,32.0,0.0,0.0,0.0,,0.0,0.0,,,0.0,0.0,90.0,84.2,32,90.0,32,0,,0,2.34,67.0,28.0,39.0,1.22,0.72,0.0,1.0,2.0,0.0,0.0,0.0,1.0,,,0.0,28.0,0.87,98.0,70.0,71.4,24.0,3.0,5.0,13.0,40.6,4.0,4.0,0.0,0.0,0.0
ESP-La Liga,2526,Real Madrid,Trent Alexander-Arnold,ENG,DF,26.0,1998.0,21.0,14.0,1163.0,12.9,0.0,4.0,4.0,0.0,0.0,0.0,4.0,0.0,0.0,0.31,0.31,0.0,0.31,12.9,0.0,10.0,2.0,20.0,0.77,0.15,0.0,0.0,0.0,0.0,55.0,34.0,14,76.0,6,7,15.0,3,2.05,25.0,14.0,11.0,0.85,-0.38,0.0,10.0,5.0,0.0,126.0,13.0,10.0,,,0.0,,,,,,,,,,,,,,,
ESP-La Liga,2526,Real Madrid,Victor Valdepeñas,ESP,DF,18.0,2006.0,1.0,1.0,77.0,0.9,0.0,0.0,0.0,0.0,0.0,0.0,0.0,0.0,0.0,0.0,0.0,0.0,0.0,0.9,0.0,0.0,0.0,,0.0,0.0,,,0.0,0.0,77.0,2.3,1,77.0,0,0,,0,3.0,2.0,1.0,1.0,1.17,0.07,0.0,3.0,1.0,0.0,1.0,0.0,3.0,,,0.0,,,,,,,,,,,,,,,
ESP-La Liga,2526,Real Madrid,Vinicius Júnior,BRA,"FW,MF",25.0,2000.0,36.0,32.0,2815.0,31.3,16.0,5.0,21.0,12.0,4.0,5.0,8.0,0.0,0.51,0.16,0.67,0.38,0.54,31.3,16.0,100.0,46.0,46.0,3.2,1.47,0.16,0.35,4.0,5.0,78.0,82.3,32,84.0,18,4,33.0,0,2.22,64.0,30.0,34.0,1.09,-0.1,0.0,38.0,81.0,13.0,63.0,2.0,15.0,,,0.0,,,,,,,,,,,,,,,
ESP-La Liga,2526,Real Madrid,Álvaro Carreras,ESP,DF,22.0,2003.0,28.0,26.0,2332.0,25.9,2.0,3.0,5.0,2.0,0.0,0.0,5.0,1.0,0.08,0.12,0.19,0.08,0.19,25.9,2.0,9.0,3.0,33.3,0.35,0.12,0.22,0.67,0.0,0.0,83.0,68.2,26,90.0,23,2,3.0,5,2.25,56.0,23.0,33.0,1.27,0.53,0.0,22.0,33.0,5.0,30.0,38.0,18.0,,,0.0,,,,,,,,,,,,,,,
ESP-La Liga,2526,Real Madrid,Álvaro Leiva,ESP,FW,22.0,2002.0,1.0,0.0,4.0,0.0,0.0,0.0,0.0,0.0,0.0,0.0,0.0,0.0,0.0,0.0,0.0,0.0,0.0,0.0,0.0,0.0,0.0,,0.0,0.0,,,0.0,0.0,4.0,0.1,0,,0,1,4.0,1,3.0,0.0,0.0,0.0,0.0,-1.11,0.0,0.0,0.0,0.0,0.0,0.0,0.0,,,0.0,,,,,,,,,,,,,,,
ESP-La Liga,2526,Real Madrid,Éder Militão,BRA,DF,27.0,1998.0,16.0,14.0,1139.0,12.7,2.0,1.0,3.0,2.0,0.0,0.0,2.0,0.0,0.16,0.08,0.24,0.16,0.24,12.7,2.0,21.0,9.0,42.9,1.66,0.71,0.1,0.22,0.0,0.0,71.0,33.3,14,76.0,9,2,39.0,2,2.06,26.0,9.0,17.0,1.34,0.36,0.0,15.0,13.0,0.0,1.0,10.0,16.0,,,0.0,,,,,,,,,,,,,,,
ESP-La Liga,2526,Real Sociedad,Aihen Muñoz,ESP,DF,27.0,1997.0,21.0,9.0,848.0,9.4,1.0,0.0,1.0,1.0,0.0,0.0,1.0,0.0,0.11,0.0,0.11,0.11,0.11,9.4,1.0,6.0,2.0,33.3,0.64,0.21,0.17,0.5,0.0,0.0,40.0,24.8,9,77.0,3,12,13.0,15,1.38,13.0,19.0,-6.0,-0.64,-0.78,0.0,7.0,3.0,0.0,24.0,5.0,18.0,,,0.0,,,,,,,,,,,,,,,
ESP-La Liga,2526,Real Sociedad,Ander Barrenetxea,ESP,MF,23.0,2001.0,30.0,22.0,1763.0,19.6,3.0,5.0,8.0,3.0,0.0,0.0,5.0,0.0,0.15,0.26,0.41,0.15,0.41,19.6,3.0,35.0,11.0,31.4,1.79,0.56,0.09,0.27,0.0,0.0,59.0,51.5,22,69.0,5,8,30.0,0,1.27,29.0,27.0,2.0,0.1,0.32,0.0,37.0,30.0,5.0,72.0,17.0,18.0,,,0.0,,,,,,,,,,,,,,,
ESP-La Liga,2526,Real Sociedad,Aritz Elustondo,ESP,DF,31.0,1994.0,16.0,8.0,720.0,8.0,0.0,1.0,1.0,0.0,0.0,0.0,0.0,0.0,0.0,0.12,0.12,0.0,0.12,8.0,0.0,4.0,2.0,50.0,0.5,0.25,0.0,0.0,0.0,0.0,45.0,21.1,8,73.0,2,8,18.0,19,0.81,14.0,15.0,-1.0,-0.12,-0.09,0.0,17.0,11.0,0.0,6.0,10.0,8.0,,,0.0,,,,,,,,,,,,,,,
ESP-La Liga,2526,Real Sociedad,Arkaitz Mariezkurrena,ESP,FW,20.0,2005.0,1.0,0.0,1.0,0.0,0.0,0.0,0.0,0.0,0.0,0.0,0.0,0.0,0.0,0.0,0.0,0.0,0.0,0.0,0.0,0.0,0.0,,0.0,0.0,,,0.0,0.0,1.0,0.0,0,,0,1,1.0,0,1.0,0.0,1.0,-1.0,-90.0,-89.97,0.0,2.0,0.0,0.0,0.0,0.0,0.0,,,0.0,,,,,,,,,,,,,,,
ESP-La Liga,2526,Real Sociedad,Arsen Zakharyan,RUS,MF,22.0,2003.0,17.0,3.0,458.0,5.1,0.0,0.0,0.0,0.0,0.0,0.0,2.0,0.0,0.0,0.0,0.0,0.0,0.0,5.1,0.0,14.0,3.0,21.4,2.75,0.59,0.0,0.0,0.0,0.0,27.0,13.4,3,59.0,0,14,20.0,15,1.0,11.0,13.0,-2.0,-0.39,-0.39,0.0,9.0,2.0,4.0,26.0,2.0,6.0,,,0.0,,,,,,,,,,,,,,,
ESP-La Liga,2526,Real Sociedad,Beñat Turrientes,ESP,MF,23.0,2002.0,27.0,16.0,1348.0,15.0,0.0,3.0,3.0,0.0,0.0,0.0,7.0,0.0,0.0,0.2,0.2,0.0,0.2,15.0,0.0,20.0,6.0,30.0,1.34,0.4,0.0,0.0,0.0,0.0,50.0,39.4,16,70.0,4,11,21.0,10,1.33,24.0,21.0,3.0,0.2,0.42,0.0,28.0,23.0,0.0,9.0,9.0,23.0,,,0.0,,,,,,,,,,,,,,,
ESP-La Liga,2526,Real Sociedad,Brais Méndez,ESP,"MF,FW",28.0,1997.0,29.0,21.0,1660.0,18.4,6.0,2.0,8.0,5.0,1.0,2.0,4.0,1.0,0.33,0.11,0.43,0.27,0.38,18.4,6.0,36.0,16.0,44.4,1.95,0.87,0.17,0.38,1.0,2.0,57.0,48.5,21,71.0,3,8,22.0,5,1.24,26.0,27.0,-1.0,-0.05,0.0,0.0,42.0,35.0,7.0,62.0,8.0,18.0,,,0.0,,,,,,,,,,,,,,,
ESP-La Liga,2526,Real Sociedad,Carlos Soler,ESP,MF,28.0,1997.0,33.0,26.0,2317.0,25.7,4.0,3.0,7.0,4.0,0.0,0.0,3.0,1.0,0.16,0.12,0.27,0.16,0.27,25.7,4.0,35.0,19.0,54.3,1.36,0.74,0.11,0.21,0.0,0.0,70.0,67.7,26,81.0,10,7,31.0,1,1.21,37.0,39.0,-2.0,-0.08,-0.08,0.0,28.0,20.0,0.0,73.0,16.0,22.0,,,0.0,,,,,,,,,,,,,,,
ESP-La Liga,2526,Real Sociedad,Daniel Díaz,ESP,FW,19.0,2006.0,1.0,0.0,18.0,0.2,0.0,0.0,0.0,0.0,0.0,0.0,0.0,0.0,0.0,0.0,0.0,0.0,0.0,0.2,0.0,0.0,0.0,,0.0,0.0,,,0.0,0.0,18.0,0.5,0,,0,1,18.0,3,0.0,0.0,0.0,0.0,0.0,0.05,0.0,0.0,0.0,0.0,1.0,0.0,0.0,,,0.0,,,,,,,,,,,,,,,
ESP-La Liga,2526,Real Sociedad,Duje Ćaleta-Car,CRO,DF,28.0,1996.0,27.0,24.0,2150.0,23.9,1.0,0.0,1.0,1.0,0.0,0.0,6.0,1.0,0.04,0.0,0.04,0.04,0.04,23.9,1.0,13.0,3.0,23.1,0.54,0.13,0.08,0.33,0.0,0.0,80.0,62.9,24,86.0,21,3,27.0,9,1.3,35.0,33.0,2.0,0.08,0.37,0.0,30.0,8.0,1.0,1.0,29.0,14.0,,,1.0,,,,,,,,,,,,,,,
ESP-La Liga,2526,Real Sociedad,Gonçalo Guedes,POR,MF,28.0,1996.0,32.0,22.0,1823.0,20.3,8.0,4.0,12.0,8.0,0.0,0.0,3.0,0.0,0.39,0.2,0.59,0.39,0.59,20.3,8.0,46.0,18.0,39.1,2.27,0.89,0.17,0.44,0.0,0.0,57.0,53.3,22,72.0,5,10,25.0,0,1.31,32.0,26.0,6.0,0.3,0.75,0.0,18.0,33.0,13.0,70.0,4.0,16.0,,,0.0,,,,,,,,,,,,,,,
ESP-La Liga,2526,Real Sociedad,Gorka Carrera,ESP,FW,20.0,2005.0,3.0,0.0,62.0,0.7,0.0,0.0,0.0,0.0,0.0,0.0,1.0,0.0,0.0,0.0,0.0,0.0,0.0,0.7,0.0,1.0,1.0,100.0,1.45,1.45,0.0,0.0,0.0,0.0,21.0,1.8,0,,0,3,21.0,1,0.67,3.0,2.0,1.0,1.45,1.53,0.0,2.0,2.0,0.0,0.0,1.0,0.0,,,0.0,,,,,,,,,,,,,,,
ESP-La Liga,2526,Real Sociedad,Ibai Aguirre,ESP,MF,18.0,2007.0,1.0,0.0,6.0,0.1,0.0,0.0,0.0,0.0,0.0,0.0,0.0,0.0,0.0,0.0,0.0,0.0,0.0,0.1,0.0,0.0,0.0,,0.0,0.0,,,0.0,0.0,6.0,0.2,0,,0,1,6.0,8,3.0,0.0,0.0,0.0,0.0,0.05,0.0,1.0,0.0,0.0,0.0,0.0,0.0,,,0.0,,,,,,,,,,,,,,,
ESP-La Liga,2526,Real Sociedad,Igor Zubeldia,ESP,DF,28.0,1997.0,25.0,23.0,2082.0,23.1,0.0,1.0,1.0,0.0,0.0,0.0,9.0,0.0,0.0,0.04,0.04,0.0,0.04,23.1,0.0,6.0,1.0,16.7,0.26,0.04,0.0,0.0,0.0,0.0,83.0,60.9,23,88.0,22,2,25.0,3,1.28,34.0,37.0,-3.0,-0.13,-0.2,0.0,38.0,5.0,0.0,0.0,23.0,21.0,,,0.0,,,,,,,,,,,,,,,
ESP-La Liga,2526,Real Sociedad,Iñaki Rupérez,ESP,DF,22.0,2003.0,1.0,0.0,1.0,0.0,0.0,0.0,0.0,0.0,0.0,0.0,0.0,0.0,0.0,0.0,0.0,0.0,0.0,0.0,0.0,0.0,0.0,,0.0,0.0,,,0.0,0.0,1.0,0.0,0,,0,1,1.0,0,1.0,0.0,0.0,0.0,0.0,0.05,0.0,0.0,0.0,0.0,0.0,0.0,0.0,,,0.0,,,,,,,,,,,,,,,
ESP-La Liga,2526,Real Sociedad,Job Ochieng',KEN,MF,22.0,2003.0,2.0,1.0,93.0,1.0,0.0,0.0,0.0,0.0,0.0,0.0,0.0,0.0,0.0,0.0,0.0,0.0,0.0,1.0,0.0,1.0,0.0,0.0,0.97,0.0,0.0,,0.0,0.0,47.0,2.7,1,67.0,0,1,26.0,6,2.0,2.0,1.0,1.0,0.97,1.05,0.0,1.0,0.0,1.0,3.0,1.0,1.0,,,0.0,,,,,,,,,,,,,,,
ESP-La Liga,2526,Real Sociedad,Jon Aramburu,VEN,DF,23.0,2002.0,35.0,31.0,2773.0,30.8,1.0,0.0,1.0,1.0,0.0,0.0,11.0,0.0,0.03,0.0,0.03,0.03,0.03,30.8,1.0,21.0,5.0,23.8,0.68,0.16,0.05,0.2,0.0,0.0,79.0,81.1,31,86.0,22,4,28.0,0,1.26,45.0,49.0,-4.0,-0.13,-0.41,0.0,69.0,45.0,3.0,48.0,47.0,66.0,,,0.0,,,,,,,,,,,,,,,
ESP-La Liga,2526,Real Sociedad,Jon Gorrotxategi,ESP,MF,23.0,2002.0,30.0,26.0,2210.0,24.6,1.0,3.0,4.0,1.0,0.0,0.0,7.0,0.0,0.04,0.12,0.16,0.04,0.16,24.6,1.0,13.0,1.0,7.7,0.53,0.04,0.08,1.0,0.0,0.0,74.0,64.6,26,80.0,15,4,30.0,2,1.2,36.0,39.0,-3.0,-0.12,-0.2,0.0,33.0,27.0,0.0,5.0,31.0,29.0,,,1.0,,,,,,,,,,,,,,,
ESP-La Liga,2526,Real Sociedad,Jon Karrikaburu,ESP,FW,22.0,2002.0,7.0,0.0,135.0,1.5,0.0,0.0,0.0,0.0,0.0,0.0,0.0,0.0,0.0,0.0,0.0,0.0,0.0,1.5,0.0,7.0,2.0,28.6,4.67,1.33,0.0,0.0,0.0,0.0,19.0,3.9,0,,0,7,19.0,19,0.14,1.0,3.0,-2.0,-1.33,-1.33,0.0,3.0,4.0,2.0,1.0,0.0,2.0,,,0.0,,,,,,,,,,,,,,,
ESP-La Liga,2526,Real Sociedad,Jon Martin,ESP,DF,19.0,2006.0,25.0,25.0,2250.0,25.0,2.0,0.0,2.0,2.0,0.0,0.0,6.0,0.0,0.08,0.0,0.08,0.08,0.08,25.0,2.0,15.0,5.0,33.3,0.6,0.2,0.13,0.4,0.0,0.0,90.0,65.8,25,90.0,25,0,,8,1.2,42.0,44.0,-2.0,-0.08,-0.08,0.0,18.0,12.0,1.0,0.0,35.0,16.0,,,0.0,,,,,,,,,,,,,,,
ESP-La Liga,2526,Real Sociedad,Lander Astiazaran,ESP,MF,19.0,2006.0,1.0,0.0,1.0,0.0,0.0,0.0,0.0,0.0,0.0,0.0,0.0,0.0,0.0,0.0,0.0,0.0,0.0,0.0,0.0,1.0,0.0,0.0,90.0,0.0,0.0,,0.0,0.0,1.0,0.0,0,,0,1,1.0,0,1.0,0.0,1.0,-1.0,-90.0,-89.97,0.0,0.0,0.0,0.0,0.0,1.0,0.0,,,0.0,,,,,,,,,,,,,,,
ESP-La Liga,2526,Real Sociedad,Luka Sučić,CRO,"MF,FW",22.0,2002.0,22.0,10.0,1022.0,11.4,3.0,1.0,4.0,3.0,0.0,0.0,1.0,0.0,0.26,0.09,0.35,0.26,0.35,11.4,3.0,23.0,7.0,30.4,2.03,0.62,0.13,0.43,0.0,0.0,46.0,29.9,10,70.0,2,12,27.0,13,1.23,22.0,17.0,5.0,0.44,0.7,0.0,11.0,6.0,1.0,6.0,5.0,8.0,,,0.0,,,,,,,,,,,,,,,
ESP-La Liga,2526,Real Sociedad,Luken Beitia,ESP,DF,21.0,2004.0,2.0,1.0,95.0,1.1,0.0,0.0,0.0,0.0,0.0,0.0,0.0,0.0,0.0,0.0,0.0,0.0,0.0,1.1,0.0,0.0,0.0,,0.0,0.0,,,0.0,0.0,48.0,2.8,1,90.0,1,1,5.0,9,1.0,1.0,2.0,-1.0,-0.95,-0.92,0.0,3.0,1.0,0.0,0.0,1.0,0.0,,,0.0,,,,,,,,,,,,,,,
ESP-La Liga,2526,Real Sociedad,Mikel Goti,ESP,MF,23.0,2002.0,4.0,1.0,76.0,0.8,0.0,0.0,0.0,0.0,0.0,0.0,0.0,0.0,0.0,0.0,0.0,0.0,0.0,0.8,0.0,3.0,0.0,0.0,3.55,0.0,0.0,,0.0,0.0,19.0,2.2,1,56.0,0,3,7.0,13,0.75,3.0,3.0,0.0,0.0,0.05,0.0,6.0,0.0,0.0,3.0,0.0,1.0,,,0.0,,,,,,,,,,,,,,,
ESP-La Liga,2526,Real Sociedad,Mikel Oyarzabal,ESP,FW,28.0,1997.0,34.0,30.0,2710.0,30.1,15.0,4.0,19.0,8.0,7.0,7.0,3.0,0.0,0.5,0.13,0.63,0.27,0.4,30.1,15.0,79.0,36.0,45.6,2.62,1.2,0.19,0.42,7.0,7.0,80.0,79.2,30,86.0,21,4,30.0,1,1.32,48.0,45.0,3.0,0.1,0.73,0.0,28.0,42.0,14.0,21.0,5.0,20.0,,,0.0,,,,,,,,,,,,,,,
ESP-La Liga,2526,Real Sociedad,Orri Steinn Óskarsson,ISL,FW,20.0,2004.0,20.0,8.0,835.0,9.3,9.0,0.0,9.0,9.0,0.0,0.0,5.0,0.0,0.97,0.0,0.97,0.97,0.97,9.3,9.0,27.0,19.0,70.4,2.91,2.05,0.33,0.47,0.0,0.0,42.0,24.4,8,73.0,2,12,21.0,1,1.05,19.0,15.0,4.0,0.43,0.64,0.0,15.0,7.0,13.0,5.0,1.0,5.0,,,0.0,,,,,,,,,,,,,,,
ESP-La Liga,2526,Real Sociedad,Pablo Marín,ESP,MF,22.0,2003.0,34.0,15.0,1502.0,16.7,0.0,1.0,1.0,0.0,0.0,0.0,2.0,0.0,0.0,0.06,0.06,0.0,0.06,16.7,0.0,13.0,4.0,30.8,0.78,0.24,0.0,0.0,0.0,0.0,44.0,43.9,15,71.0,4,19,23.0,4,1.26,28.0,35.0,-7.0,-0.42,-0.65,0.0,22.0,23.0,5.0,17.0,9.0,18.0,,,0.0,,,,,,,,,,,,,,,
ESP-La Liga,2526,Real Sociedad,Sergio Gómez,ESP,DF,24.0,2000.0,35.0,30.0,2701.0,30.0,0.0,6.0,6.0,0.0,0.0,0.0,5.0,1.0,0.0,0.2,0.2,0.0,0.2,30.0,0.0,12.0,0.0,0.0,0.4,0.0,0.0,,0.0,0.0,77.0,79.0,30,86.0,20,5,23.0,1,1.23,47.0,45.0,2.0,0.07,0.57,0.0,45.0,15.0,4.0,153.0,32.0,53.0,,,0.0,,,,,,,,,,,,,,,
ESP-La Liga,2526,Real Sociedad,Takefusa Kubo,JPN,MF,24.0,2001.0,24.0,17.0,1503.0,16.7,2.0,4.0,6.0,2.0,0.0,0.0,2.0,0.0,0.12,0.24,0.36,0.12,0.36,16.7,2.0,28.0,12.0,42.9,1.68,0.72,0.07,0.17,0.0,0.0,63.0,43.9,17,76.0,4,7,31.0,3,1.0,17.0,22.0,-5.0,-0.3,-0.44,0.0,9.0,51.0,11.0,39.0,10.0,18.0,,,0.0,,,,,,,,,,,,,,,
ESP-La Liga,2526,Real Sociedad,Umar Sadiq,NGA,FW,28.0,1997.0,5.0,2.0,153.0,1.7,0.0,0.0,0.0,0.0,0.0,0.0,1.0,0.0,0.0,0.0,0.0,0.0,0.0,1.7,0.0,4.0,0.0,0.0,2.35,0.0,0.0,,0.0,0.0,31.0,4.5,2,55.0,0,3,14.0,6,0.8,1.0,2.0,-1.0,-0.59,-0.56,0.0,2.0,2.0,2.0,1.0,0.0,0.0,,,0.0,,,,,,,,,,,,,,,
ESP-La Liga,2526,Real Sociedad,Unai Marrero,ESP,GK,23.0,2001.0,1.0,1.0,90.0,1.0,0.0,0.0,0.0,0.0,0.0,0.0,1.0,0.0,0.0,0.0,0.0,0.0,0.0,1.0,0.0,0.0,0.0,,0.0,0.0,,,0.0,0.0,90.0,2.6,1,90.0,1,0,,35,1.0,1.0,1.0,0.0,0.0,0.05,0.0,0.0,0.0,0.0,0.0,0.0,0.0,,,0.0,1.0,1.0,8.0,7.0,87.5,0.0,1.0,0.0,0.0,0.0,0.0,0.0,0.0,0.0,
ESP-La Liga,2526,Real Sociedad,Urko González,ESP,"DF,MF",24.0,2001.0,1.0,0.0,11.0,0.1,0.0,0.0,0.0,0.0,0.0,0.0,0.0,0.0,0.0,0.0,0.0,0.0,0.0,0.1,0.0,0.0,0.0,,0.0,0.0,,,0.0,0.0,11.0,0.3,0,,0,1,11.0,1,1.0,0.0,0.0,0.0,0.0,0.05,0.0,0.0,0.0,0.0,0.0,0.0,0.0,,,0.0,,,,,,,,,,,,,,,
ESP-La Liga,2526,Real Sociedad,Wesley,BRA,MF,20.0,2005.0,5.0,1.0,88.0,1.0,0.0,0.0,0.0,0.0,0.0,0.0,0.0,0.0,0.0,0.0,0.0,0.0,0.0,1.0,0.0,1.0,0.0,0.0,1.02,0.0,0.0,,0.0,0.0,18.0,2.6,1,45.0,0,4,11.0,11,0.8,1.0,4.0,-3.0,-3.07,-3.1,0.0,3.0,1.0,0.0,3.0,0.0,0.0,,,0.0,,,,,,,,,,,,,,,
ESP-La Liga,2526,Real Sociedad,Yangel Herrera,VEN,MF,27.0,1998.0,12.0,6.0,526.0,5.8,0.0,0.0,0.0,0.0,0.0,0.0,2.0,0.0,0.0,0.0,0.0,0.0,0.0,5.8,0.0,5.0,1.0,20.0,0.86,0.17,0.0,0.0,0.0,0.0,44.0,15.4,6,69.0,2,6,19.0,4,1.42,11.0,16.0,-5.0,-0.86,-0.95,0.0,13.0,18.0,2.0,0.0,1.0,6.0,,,0.0,,,,,,,,,,,,,,,
ESP-La Liga,2526,Real Sociedad,Álex Remiro,ESP,GK,30.0,1995.0,37.0,37.0,3330.0,37.0,0.0,0.0,0.0,0.0,0.0,0.0,1.0,0.0,0.0,0.0,0.0,0.0,0.0,37.0,0.0,0.0,0.0,,0.0,0.0,,,0.0,0.0,90.0,97.4,37,90.0,37,0,,0,1.22,58.0,60.0,-2.0,-0.05,-0.05,0.0,0.0,7.0,1.0,0.0,1.0,1.0,,,1.0,60.0,1.62,159.0,99.0,62.3,11.0,12.0,14.0,3.0,8.1,5.0,5.0,0.0,0.0,0.0
ESP-La Liga,2526,Real Sociedad,Álvaro Odriozola,ESP,DF,29.0,1995.0,5.0,2.0,201.0,2.2,1.0,0.0,1.0,1.0,0.0,0.0,0.0,0.0,0.45,0.0,0.45,0.45,0.45,2.2,1.0,1.0,1.0,100.0,0.45,0.45,1.0,1.0,0.0,0.0,40.0,5.9,2,60.0,0,3,27.0,17,2.0,6.0,4.0,2.0,0.9,1.01,0.0,1.0,3.0,0.0,3.0,1.0,1.0,,,0.0,,,,,,,,,,,,,,,
ESP-La Liga,2526,Sevilla,Adnan Januzaj,BEL,"MF,FW",30.0,1995.0,12.0,2.0,321.0,3.6,0.0,0.0,0.0,0.0,0.0,0.0,1.0,0.0,0.0,0.0,0.0,0.0,0.0,3.6,0.0,7.0,0.0,0.0,1.96,0.0,0.0,,0.0,0.0,27.0,9.4,2,46.0,0,10,23.0,13,0.92,8.0,8.0,0.0,0.0,0.41,0.0,8.0,10.0,1.0,30.0,1.0,4.0,,,0.0,,,,,,,,,,,,,,,
ESP-La Liga,2526,Sevilla,Adrià Pedrosa,ESP,"DF,MF",27.0,1998.0,1.0,0.0,6.0,0.1,0.0,0.0,0.0,0.0,0.0,0.0,0.0,0.0,0.0,0.0,0.0,0.0,0.0,0.1,0.0,0.0,0.0,,0.0,0.0,,,0.0,0.0,6.0,0.2,0,,0,1,6.0,1,0.0,0.0,0.0,0.0,0.0,0.37,0.0,0.0,1.0,0.0,3.0,0.0,0.0,,,0.0,,,,,,,,,,,,,,,
ESP-La Liga,2526,Sevilla,Akor Adams,NGA,FW,25.0,2000.0,32.0,21.0,2064.0,22.9,10.0,3.0,13.0,7.0,3.0,3.0,3.0,0.0,0.44,0.13,0.57,0.31,0.44,22.9,10.0,61.0,30.0,49.2,2.66,1.31,0.16,0.33,3.0,3.0,65.0,60.4,21,85.0,14,11,25.0,1,1.13,32.0,40.0,-8.0,-0.35,0.05,0.0,36.0,12.0,41.0,17.0,1.0,4.0,,,0.0,,,,,,,,,,,,,,,
ESP-La Liga,2526,Sevilla,Alexis Sánchez,CHI,"FW,MF",36.0,1988.0,28.0,11.0,1308.0,14.5,4.0,2.0,6.0,3.0,1.0,1.0,3.0,0.0,0.28,0.14,0.41,0.21,0.34,14.5,4.0,25.0,9.0,36.0,1.72,0.62,0.16,0.44,1.0,1.0,47.0,38.2,11,74.0,3,17,29.0,3,1.14,20.0,32.0,-12.0,-0.83,-0.74,0.0,16.0,26.0,13.0,25.0,7.0,13.0,,,0.0,,,,,,,,,,,,,,,
ESP-La Liga,2526,Sevilla,Alfon,ESP,MF,26.0,1999.0,10.0,4.0,312.0,3.5,1.0,0.0,1.0,1.0,0.0,0.0,0.0,0.0,0.29,0.0,0.29,0.29,0.29,3.5,1.0,11.0,7.0,63.6,3.17,2.02,0.09,0.14,0.0,0.0,31.0,9.1,4,56.0,1,6,15.0,1,1.1,5.0,6.0,-1.0,-0.29,0.09,0.0,3.0,6.0,0.0,4.0,1.0,0.0,,,0.0,,,,,,,,,,,,,,,
ESP-La Liga,2526,Sevilla,Batista Mendy,FRA,MF,25.0,2000.0,27.0,19.0,1617.0,18.0,1.0,0.0,1.0,1.0,0.0,0.0,6.0,0.0,0.06,0.0,0.06,0.06,0.06,18.0,1.0,17.0,5.0,29.4,0.95,0.28,0.06,0.2,0.0,0.0,60.0,47.3,19,78.0,10,8,17.0,5,1.15,16.0,26.0,-10.0,-0.56,-0.36,0.0,37.0,27.0,0.0,5.0,18.0,23.0,,,0.0,,,,,,,,,,,,,,,
ESP-La Liga,2526,Sevilla,Carmona,ESP,"DF,MF",23.0,2002.0,35.0,29.0,2565.0,28.5,1.0,3.0,4.0,1.0,0.0,0.0,13.0,0.0,0.04,0.11,0.14,0.04,0.14,28.5,1.0,20.0,3.0,15.0,0.7,0.11,0.05,0.33,0.0,0.0,73.0,75.0,29,82.0,21,6,33.0,1,1.11,32.0,47.0,-15.0,-0.53,-0.63,0.0,49.0,44.0,3.0,48.0,45.0,40.0,,,0.0,,,,,,,,,,,,,,,
ESP-La Liga,2526,Sevilla,Castrin,ESP,DF,22.0,2003.0,19.0,13.0,1277.0,14.2,1.0,0.0,1.0,1.0,0.0,0.0,4.0,0.0,0.07,0.0,0.07,0.07,0.07,14.2,1.0,11.0,3.0,27.3,0.78,0.21,0.09,0.33,0.0,0.0,67.0,37.3,13,86.0,11,6,27.0,13,1.21,20.0,16.0,4.0,0.28,1.04,0.0,13.0,13.0,1.0,1.0,22.0,15.0,,,0.0,,,,,,,,,,,,,,,
ESP-La Liga,2526,Sevilla,Chidera Ejuke,NGA,"MF,FW",27.0,1998.0,27.0,6.0,932.0,10.4,1.0,1.0,2.0,1.0,0.0,0.0,0.0,0.0,0.1,0.1,0.19,0.1,0.19,10.4,1.0,23.0,3.0,13.0,2.22,0.29,0.04,0.33,0.0,0.0,35.0,27.3,6,66.0,1,21,26.0,7,1.07,17.0,15.0,2.0,0.19,0.77,0.0,5.0,16.0,2.0,27.0,7.0,13.0,,,0.0,,,,,,,,,,,,,,,
ESP-La Liga,2526,Sevilla,César Azpilicueta,ESP,DF,35.0,1989.0,17.0,17.0,1213.0,13.5,0.0,1.0,1.0,0.0,0.0,0.0,4.0,0.0,0.0,0.07,0.07,0.0,0.07,13.5,0.0,1.0,0.0,0.0,0.07,0.0,0.0,,0.0,0.0,71.0,35.5,17,71.0,10,0,,4,1.24,18.0,16.0,2.0,0.15,0.8,0.0,24.0,9.0,1.0,12.0,22.0,19.0,,,0.0,,,,,,,,,,,,,,,
ESP-La Liga,2526,Sevilla,Djibril Sow,SUI,MF,28.0,1997.0,33.0,27.0,2187.0,24.3,5.0,4.0,9.0,5.0,0.0,0.0,6.0,0.0,0.21,0.16,0.37,0.21,0.37,24.3,5.0,19.0,8.0,42.1,0.78,0.33,0.26,0.63,0.0,0.0,66.0,63.9,27,76.0,10,6,22.0,2,1.0,27.0,43.0,-16.0,-0.66,-0.8,0.0,42.0,29.0,3.0,22.0,23.0,27.0,,,0.0,,,,,,,,,,,,,,,
ESP-La Liga,2526,Sevilla,Dodi Lukebakio,BEL,MF,27.0,1997.0,2.0,2.0,180.0,2.0,1.0,0.0,1.0,1.0,0.0,0.0,0.0,0.0,0.5,0.0,0.5,0.5,0.5,2.0,1.0,2.0,1.0,50.0,1.0,0.5,0.5,1.0,0.0,0.0,90.0,5.3,2,90.0,2,0,,0,0.0,3.0,5.0,-2.0,-1.0,-0.67,0.0,3.0,3.0,0.0,10.0,1.0,0.0,,,0.0,,,,,,,,,,,,,,,
ESP-La Liga,2526,Sevilla,Federico Gattoni,ARG,DF,26.0,1999.0,1.0,0.0,10.0,0.1,0.0,0.0,0.0,0.0,0.0,0.0,0.0,0.0,0.0,0.0,0.0,0.0,0.0,0.1,0.0,0.0,0.0,,0.0,0.0,,,0.0,0.0,10.0,0.3,0,,0,1,10.0,13,1.0,0.0,0.0,0.0,0.0,0.37,0.0,0.0,0.0,0.0,0.0,0.0,0.0,,,0.0,,,,,,,,,,,,,,,
ESP-La Liga,2526,Sevilla,Fábio Cardoso,POR,DF,31.0,1994.0,4.0,4.0,295.0,3.3,0.0,0.0,0.0,0.0,0.0,0.0,0.0,0.0,0.0,0.0,0.0,0.0,0.0,3.3,0.0,0.0,0.0,,0.0,0.0,,,0.0,0.0,74.0,8.6,4,74.0,1,0,,24,1.5,6.0,5.0,1.0,0.31,0.74,0.0,9.0,1.0,0.0,0.0,4.0,3.0,,,0.0,,,,,,,,,,,,,,,
ESP-La Liga,2526,Sevilla,Gabriel Suazo,CHI,"DF,MF",27.0,1997.0,29.0,25.0,2096.0,23.3,0.0,2.0,2.0,0.0,0.0,0.0,7.0,0.0,0.0,0.09,0.09,0.0,0.09,23.3,0.0,5.0,2.0,40.0,0.21,0.09,0.0,0.0,0.0,0.0,72.0,61.3,25,81.0,19,4,18.0,1,1.31,28.0,37.0,-9.0,-0.39,-0.05,0.0,33.0,15.0,2.0,95.0,29.0,62.0,,,0.0,,,,,,,,,,,,,,,
ESP-La Liga,2526,Sevilla,Isaac Romero,ESP,"FW,MF",25.0,2000.0,29.0,18.0,1484.0,16.5,4.0,0.0,4.0,4.0,0.0,1.0,6.0,1.0,0.24,0.0,0.24,0.24,0.24,16.5,4.0,41.0,14.0,34.1,2.49,0.85,0.1,0.29,0.0,1.0,51.0,43.4,18,69.0,1,11,22.0,4,1.0,16.0,21.0,-5.0,-0.3,0.12,0.0,29.0,24.0,5.0,10.0,5.0,10.0,,,0.0,,,,,,,,,,,,,,,
ESP-La Liga,2526,Sevilla,Joan Jordán,ESP,MF,31.0,1994.0,3.0,0.0,25.0,0.3,0.0,0.0,0.0,0.0,0.0,0.0,1.0,1.0,0.0,0.0,0.0,0.0,0.0,0.3,0.0,0.0,0.0,,0.0,0.0,,,0.0,0.0,8.0,0.7,0,,0,3,8.0,19,2.0,2.0,2.0,0.0,0.0,0.37,0.0,4.0,0.0,0.0,0.0,0.0,0.0,,,0.0,,,,,,,,,,,,,,,
ESP-La Liga,2526,Sevilla,Joaquín Martínez Gauna,ESP,"MF,DF",22.0,2003.0,21.0,14.0,1408.0,15.6,2.0,3.0,5.0,2.0,0.0,0.0,1.0,0.0,0.13,0.19,0.32,0.13,0.32,15.6,2.0,17.0,8.0,47.1,1.09,0.51,0.12,0.25,0.0,0.0,67.0,41.2,14,86.0,9,7,29.0,11,1.05,22.0,24.0,-2.0,-0.13,0.41,0.0,12.0,16.0,4.0,88.0,8.0,20.0,,,0.0,,,,,,,,,,,,,,,
ESP-La Liga,2526,Sevilla,Juanlu Sánchez,ESP,"MF,DF",21.0,2003.0,32.0,23.0,1990.0,22.1,0.0,3.0,3.0,0.0,0.0,0.0,6.0,1.0,0.0,0.14,0.14,0.0,0.14,22.1,0.0,14.0,1.0,7.1,0.63,0.05,0.0,0.0,0.0,0.0,62.0,58.2,23,75.0,9,9,29.0,3,0.94,24.0,36.0,-12.0,-0.54,-0.42,1.0,23.0,42.0,4.0,59.0,11.0,42.0,,,0.0,,,,,,,,,,,,,,,
ESP-La Liga,2526,Sevilla,Kike Salas,ESP,DF,23.0,2002.0,26.0,24.0,2203.0,24.5,2.0,0.0,2.0,2.0,0.0,0.0,1.0,0.0,0.08,0.0,0.08,0.08,0.08,24.5,2.0,19.0,8.0,42.1,0.78,0.33,0.11,0.25,0.0,0.0,85.0,64.4,24,90.0,23,2,26.0,8,1.0,26.0,38.0,-12.0,-0.49,-0.34,0.0,31.0,20.0,2.0,10.0,37.0,35.0,,,0.0,,,,,,,,,,,,,,,
ESP-La Liga,2526,Sevilla,Lucien Agoume,FRA,MF,23.0,2002.0,34.0,31.0,2686.0,29.8,1.0,3.0,4.0,1.0,0.0,0.0,12.0,0.0,0.03,0.1,0.13,0.03,0.13,29.8,1.0,15.0,2.0,13.3,0.5,0.07,0.07,0.5,0.0,0.0,79.0,78.5,31,84.0,20,3,26.0,1,1.18,39.0,48.0,-9.0,-0.3,0.31,0.0,58.0,16.0,8.0,18.0,49.0,40.0,,,0.0,,,,,,,,,,,,,,,
ESP-La Liga,2526,Sevilla,Manu Bueno,ESP,MF,21.0,2004.0,8.0,2.0,272.0,3.0,0.0,0.0,0.0,0.0,0.0,0.0,2.0,0.0,0.0,0.0,0.0,0.0,0.0,3.0,0.0,2.0,0.0,0.0,0.66,0.0,0.0,,0.0,0.0,34.0,8.0,2,67.0,0,6,23.0,22,1.88,5.0,2.0,3.0,0.99,1.48,0.0,4.0,3.0,0.0,2.0,0.0,1.0,,,0.0,,,,,,,,,,,,,,,
ESP-La Liga,2526,Sevilla,Marcão,BRA,DF,29.0,1996.0,13.0,11.0,938.0,10.4,1.0,0.0,1.0,1.0,0.0,0.0,5.0,1.0,0.1,0.0,0.1,0.1,0.1,10.4,1.0,10.0,2.0,20.0,0.96,0.19,0.1,0.5,0.0,0.0,72.0,27.4,11,84.0,9,2,8.0,2,1.23,13.0,15.0,-2.0,-0.19,0.24,1.0,22.0,21.0,1.0,1.0,4.0,4.0,,,0.0,,,,,,,,,,,,,,,
ESP-La Liga,2526,Sevilla,Miguel Ángel Sierra,ESP,FW,21.0,2004.0,4.0,0.0,62.0,0.7,0.0,0.0,0.0,0.0,0.0,0.0,0.0,0.0,0.0,0.0,0.0,0.0,0.0,0.7,0.0,4.0,1.0,25.0,5.81,1.45,0.0,0.0,0.0,0.0,16.0,1.8,0,,0,4,16.0,11,1.0,3.0,1.0,2.0,2.9,3.33,0.0,1.0,3.0,0.0,4.0,0.0,1.0,,,0.0,,,,,,,,,,,,,,,
ESP-La Liga,2526,Sevilla,Neal Maupay,FRA,FW,28.0,1996.0,12.0,10.0,865.0,9.6,2.0,1.0,3.0,2.0,0.0,0.0,2.0,0.0,0.21,0.1,0.31,0.21,0.31,9.6,2.0,17.0,7.0,41.2,1.77,0.73,0.12,0.29,0.0,0.0,72.0,25.3,10,79.0,3,2,36.0,2,1.17,11.0,14.0,-3.0,-0.31,0.08,0.0,15.0,16.0,3.0,4.0,1.0,1.0,,,0.0,,,,,,,,,,,,,,,
ESP-La Liga,2526,Sevilla,Nemanja Gudelj,SRB,"DF,MF",33.0,1991.0,34.0,26.0,2348.0,26.1,2.0,0.0,2.0,2.0,0.0,0.0,9.0,0.0,0.08,0.0,0.08,0.08,0.08,26.1,2.0,31.0,9.0,29.0,1.19,0.34,0.06,0.22,0.0,0.0,69.0,68.7,26,85.0,19,8,19.0,3,1.18,33.0,41.0,-8.0,-0.31,0.2,0.0,40.0,11.0,0.0,7.0,23.0,23.0,,,0.0,,,,,,,,,,,,,,,
ESP-La Liga,2526,Sevilla,Odysseas Vlachodimos,GRE,GK,31.0,1994.0,33.0,33.0,2970.0,33.0,0.0,0.0,0.0,0.0,0.0,0.0,1.0,0.0,0.0,0.0,0.0,0.0,0.0,33.0,0.0,0.0,0.0,,0.0,0.0,,,0.0,0.0,90.0,86.8,33,90.0,33,0,,3,1.18,39.0,52.0,-13.0,-0.39,-0.19,0.0,0.0,2.0,0.0,0.0,1.0,0.0,,,0.0,52.0,1.58,140.0,88.0,62.9,11.0,6.0,16.0,5.0,15.2,10.0,8.0,1.0,1.0,11.1
ESP-La Liga,2526,Sevilla,Peque,ESP,"MF,FW",22.0,2002.0,26.0,12.0,982.0,10.9,2.0,1.0,3.0,2.0,0.0,0.0,7.0,0.0,0.18,0.09,0.27,0.18,0.27,10.9,2.0,15.0,6.0,40.0,1.37,0.55,0.13,0.33,0.0,0.0,38.0,28.7,12,66.0,1,14,14.0,8,1.23,8.0,15.0,-7.0,-0.64,-0.38,0.0,15.0,47.0,1.0,28.0,1.0,8.0,,,0.0,,,,,,,,,,,,,,,
ESP-La Liga,2526,Sevilla,Ramón Martínez,ESP,DF,22.0,2002.0,2.0,0.0,102.0,1.1,0.0,0.0,0.0,0.0,0.0,0.0,0.0,0.0,0.0,0.0,0.0,0.0,0.0,1.1,0.0,0.0,0.0,,0.0,0.0,,,0.0,0.0,51.0,3.0,0,,0,2,51.0,9,1.5,2.0,3.0,-1.0,-0.88,-0.53,0.0,1.0,1.0,0.0,0.0,1.0,0.0,,,0.0,,,,,,,,,,,,,,,
ESP-La Liga,2526,Sevilla,Ruben Vargas,SUI,"MF,FW",26.0,1998.0,24.0,20.0,1594.0,17.7,3.0,6.0,9.0,2.0,1.0,1.0,2.0,0.0,0.17,0.34,0.51,0.11,0.45,17.7,3.0,41.0,8.0,19.5,2.31,0.45,0.07,0.38,1.0,1.0,66.0,46.6,20,74.0,2,4,28.0,0,1.17,18.0,27.0,-9.0,-0.51,-0.26,0.0,13.0,17.0,7.0,90.0,7.0,15.0,,,0.0,,,,,,,,,,,,,,,
ESP-La Liga,2526,Sevilla,Stanis Idumbo,BEL,MF,20.0,2005.0,1.0,1.0,45.0,0.5,0.0,0.0,0.0,0.0,0.0,0.0,0.0,0.0,0.0,0.0,0.0,0.0,0.0,0.5,0.0,1.0,0.0,0.0,2.0,0.0,0.0,,0.0,0.0,45.0,1.3,1,45.0,0,0,,0,0.0,0.0,2.0,-2.0,-4.0,-3.68,0.0,0.0,0.0,0.0,0.0,0.0,0.0,,,0.0,,,,,,,,,,,,,,,
ESP-La Liga,2526,Sevilla,Tanguy Nianzou,FRA,DF,23.0,2002.0,12.0,8.0,655.0,7.3,0.0,0.0,0.0,0.0,0.0,0.0,5.0,1.0,0.0,0.0,0.0,0.0,0.0,7.3,0.0,9.0,0.0,0.0,1.24,0.0,0.0,,0.0,0.0,55.0,19.2,8,68.0,2,4,28.0,9,1.08,7.0,16.0,-9.0,-1.24,-1.07,0.0,15.0,6.0,0.0,0.0,4.0,10.0,,,0.0,,,,,,,,,,,,,,,
ESP-La Liga,2526,Sevilla,Ørjan Nyland,NOR,GK,34.0,1990.0,5.0,5.0,450.0,5.0,0.0,0.0,0.0,0.0,0.0,0.0,1.0,0.0,0.0,0.0,0.0,0.0,0.0,5.0,0.0,0.0,0.0,,0.0,0.0,,,0.0,0.0,90.0,13.2,5,90.0,5,0,,32,0.8,7.0,8.0,-1.0,-0.2,0.19,0.0,0.0,0.0,0.0,0.0,0.0,0.0,,,0.0,8.0,1.6,19.0,11.0,57.9,1.0,1.0,3.0,1.0,20.0,1.0,1.0,0.0,0.0,0.0
ESP-La Liga,2526,Valencia,André Almeida,POR,MF,25.0,2000.0,22.0,11.0,1017.0,11.3,0.0,2.0,2.0,0.0,0.0,0.0,0.0,0.0,0.0,0.18,0.18,0.0,0.18,11.3,0.0,9.0,3.0,33.3,0.8,0.27,0.0,0.0,0.0,0.0,46.0,29.7,11,75.0,3,11,17.0,15,1.23,14.0,14.0,0.0,0.0,0.34,0.0,12.0,22.0,0.0,65.0,8.0,11.0,,,0.0,,,,,,,,,,,,,,,
ESP-La Liga,2526,Valencia,Arnaut Danjuma,NED,"MF,FW",28.0,1997.0,30.0,18.0,1628.0,18.1,3.0,2.0,5.0,3.0,0.0,1.0,0.0,0.0,0.17,0.11,0.28,0.17,0.28,18.1,3.0,36.0,14.0,38.9,1.99,0.77,0.08,0.21,0.0,1.0,54.0,47.6,18,75.0,7,12,23.0,6,1.0,19.0,28.0,-9.0,-0.5,-0.5,0.0,21.0,22.0,5.0,49.0,2.0,10.0,,,0.0,,,,,,,,,,,,,,,
ESP-La Liga,2526,Valencia,Baptiste Santamaria,FRA,MF,30.0,1995.0,19.0,7.0,754.0,8.4,1.0,1.0,2.0,1.0,0.0,0.0,2.0,0.0,0.12,0.12,0.24,0.12,0.24,8.4,1.0,6.0,2.0,33.3,0.72,0.24,0.17,0.5,0.0,0.0,40.0,22.0,7,84.0,6,12,14.0,18,1.21,11.0,17.0,-6.0,-0.72,-0.61,0.0,13.0,10.0,1.0,3.0,8.0,5.0,,,0.0,,,,,,,,,,,,,,,
ESP-La Liga,2526,Valencia,Copete,ESP,DF,25.0,1999.0,21.0,19.0,1759.0,19.5,0.0,0.0,0.0,0.0,0.0,0.0,5.0,0.0,0.0,0.0,0.0,0.0,0.0,19.5,0.0,13.0,0.0,0.0,0.67,0.0,0.0,,0.0,0.0,84.0,51.4,19,88.0,15,2,47.0,3,0.9,17.0,32.0,-15.0,-0.77,-1.09,0.0,20.0,11.0,2.0,4.0,25.0,15.0,,,1.0,,,,,,,,,,,,,,,
ESP-La Liga,2526,Valencia,César Tárrega,ESP,DF,23.0,2002.0,32.0,29.0,2598.0,28.9,0.0,0.0,0.0,0.0,0.0,0.0,7.0,0.0,0.0,0.0,0.0,0.0,0.0,28.9,0.0,11.0,1.0,9.1,0.38,0.03,0.0,0.0,0.0,0.0,81.0,76.0,29,88.0,28,3,16.0,4,1.34,35.0,41.0,-6.0,-0.21,0.12,0.0,40.0,13.0,0.0,1.0,24.0,24.0,,,2.0,,,,,,,,,,,,,,,
ESP-La Liga,2526,Valencia,Dani Raba,ESP,FW,29.0,1995.0,13.0,3.0,270.0,3.0,0.0,1.0,1.0,0.0,0.0,0.0,0.0,0.0,0.0,0.33,0.33,0.0,0.33,3.0,0.0,9.0,1.0,11.1,3.0,0.33,0.0,0.0,0.0,0.0,21.0,7.9,3,51.0,0,10,12.0,23,1.23,5.0,4.0,1.0,0.33,0.62,0.0,6.0,2.0,0.0,14.0,4.0,4.0,,,0.0,,,,,,,,,,,,,,,
ESP-La Liga,2526,Valencia,Diego López,ESP,"MF,FW",23.0,2002.0,34.0,20.0,1762.0,19.6,4.0,1.0,5.0,4.0,0.0,0.0,2.0,0.0,0.2,0.05,0.26,0.2,0.26,19.6,4.0,28.0,8.0,28.6,1.43,0.41,0.14,0.5,0.0,0.0,52.0,51.5,20,74.0,6,14,20.0,2,1.35,15.0,30.0,-15.0,-0.77,-1.09,0.0,20.0,33.0,3.0,41.0,14.0,16.0,,,0.0,,,,,,,,,,,,,,,
ESP-La Liga,2526,Valencia,Dimitri Foulquier,FRA,DF,32.0,1993.0,15.0,12.0,1150.0,12.8,0.0,0.0,0.0,0.0,0.0,0.0,1.0,0.0,0.0,0.0,0.0,0.0,0.0,12.8,0.0,6.0,1.0,16.7,0.47,0.08,0.0,0.0,0.0,0.0,77.0,33.6,12,88.0,11,3,32.0,3,1.27,16.0,21.0,-5.0,-0.39,-0.23,0.0,16.0,7.0,0.0,11.0,8.0,9.0,,,0.0,,,,,,,,,,,,,,,
ESP-La Liga,2526,Valencia,Eray Cömert,SUI,DF,27.0,1998.0,17.0,15.0,1337.0,14.9,2.0,1.0,3.0,2.0,0.0,0.0,3.0,1.0,0.13,0.07,0.2,0.13,0.2,14.9,2.0,11.0,3.0,27.3,0.74,0.2,0.18,0.67,0.0,0.0,79.0,39.1,15,86.0,11,2,24.0,15,1.35,20.0,21.0,-1.0,-0.07,0.28,0.0,9.0,13.0,1.0,1.0,21.0,14.0,,,0.0,,,,,,,,,,,,,,,
ESP-La Liga,2526,Valencia,Filip Ugrinic,SUI,MF,26.0,1999.0,27.0,17.0,1504.0,16.7,0.0,3.0,3.0,0.0,0.0,0.0,3.0,0.0,0.0,0.18,0.18,0.0,0.18,16.7,0.0,20.0,3.0,15.0,1.2,0.18,0.0,0.0,0.0,0.0,56.0,44.0,17,74.0,3,10,24.0,4,1.3,18.0,24.0,-6.0,-0.36,-0.22,0.0,17.0,13.0,6.0,56.0,11.0,16.0,,,0.0,,,,,,,,,,,,,,,
ESP-La Liga,2526,Valencia,Guido Rodríguez,ARG,MF,31.0,1994.0,16.0,14.0,1309.0,14.5,4.0,0.0,4.0,4.0,0.0,0.0,4.0,0.0,0.28,0.0,0.28,0.28,0.28,14.5,4.0,15.0,5.0,33.3,1.03,0.34,0.27,0.8,0.0,0.0,82.0,38.3,14,90.0,13,2,26.0,0,1.63,23.0,19.0,4.0,0.28,0.83,0.0,21.0,28.0,0.0,3.0,10.0,27.0,,,0.0,,,,,,,,,,,,,,,
ESP-La Liga,2526,Valencia,Hugo Duro,ESP,FW,25.0,1999.0,36.0,22.0,1979.0,22.0,10.0,0.0,10.0,9.0,1.0,2.0,4.0,0.0,0.45,0.0,0.45,0.41,0.41,22.0,10.0,36.0,14.0,38.9,1.64,0.64,0.28,0.71,1.0,2.0,55.0,57.9,22,74.0,7,14,24.0,1,1.31,29.0,34.0,-5.0,-0.23,0.02,0.0,22.0,38.0,6.0,1.0,3.0,9.0,,,0.0,,,,,,,,,,,,,,,
ESP-La Liga,2526,Valencia,Javier Guerra,ESP,"MF,FW",22.0,2003.0,36.0,25.0,2061.0,22.9,4.0,6.0,10.0,4.0,0.0,0.0,3.0,0.0,0.17,0.26,0.44,0.17,0.44,22.9,4.0,31.0,12.0,38.7,1.35,0.52,0.13,0.33,0.0,0.0,57.0,60.3,25,75.0,6,11,18.0,2,1.36,30.0,31.0,-1.0,-0.04,0.49,0.0,27.0,20.0,2.0,46.0,23.0,15.0,,,0.0,,,,,,,,,,,,,,,
ESP-La Liga,2526,Valencia,Jesus Vazquez,ESP,"DF,MF",22.0,2003.0,24.0,7.0,974.0,10.8,0.0,0.0,0.0,0.0,0.0,0.0,2.0,0.0,0.0,0.0,0.0,0.0,0.0,10.8,0.0,8.0,2.0,25.0,0.74,0.18,0.0,0.0,0.0,0.0,41.0,28.5,7,87.0,5,17,21.0,14,1.38,21.0,18.0,3.0,0.28,0.72,0.0,16.0,8.0,2.0,26.0,4.0,10.0,,,0.0,,,,,,,,,,,,,,,
ESP-La Liga,2526,Valencia,José Luis García Vayá,ESP,"MF,DF",26.0,1998.0,31.0,26.0,2225.0,24.7,2.0,0.0,2.0,1.0,1.0,3.0,4.0,0.0,0.08,0.0,0.08,0.04,0.04,24.7,2.0,24.0,3.0,12.5,0.97,0.12,0.08,0.67,1.0,3.0,72.0,65.1,26,82.0,12,5,20.0,7,1.29,24.0,34.0,-10.0,-0.4,-0.48,0.0,30.0,14.0,1.0,46.0,19.0,33.0,,,0.0,,,,,,,,,,,,,,,
ESP-La Liga,2526,Valencia,José Luis Gayà,ESP,DF,30.0,1995.0,32.0,31.0,2448.0,27.2,1.0,2.0,3.0,1.0,0.0,0.0,6.0,1.0,0.04,0.07,0.11,0.04,0.11,27.2,1.0,13.0,3.0,23.1,0.48,0.11,0.08,0.33,0.0,0.0,77.0,71.6,31,79.0,16,1,9.0,2,1.16,23.0,37.0,-14.0,-0.51,-0.98,0.0,31.0,20.0,3.0,88.0,23.0,44.0,,,0.0,,,,,,,,,,,,,,,
ESP-La Liga,2526,Valencia,Julen Agirrezabala,ESP,GK,24.0,2000.0,18.0,18.0,1620.0,18.0,0.0,0.0,0.0,0.0,0.0,0.0,1.0,0.0,0.0,0.0,0.0,0.0,0.0,18.0,0.0,0.0,0.0,,0.0,0.0,,,0.0,0.0,90.0,47.4,18,90.0,18,0,,4,0.89,17.0,30.0,-13.0,-0.72,-0.92,0.0,0.0,1.0,0.0,0.0,0.0,1.0,,,0.0,30.0,1.67,83.0,52.0,63.9,3.0,7.0,8.0,4.0,22.2,4.0,3.0,1.0,0.0,25.0
ESP-La Liga,2526,Valencia,Largie Ramazani,BEL,"MF,FW",24.0,2001.0,27.0,11.0,1234.0,13.7,6.0,1.0,7.0,3.0,3.0,3.0,4.0,0.0,0.44,0.07,0.51,0.22,0.29,13.7,6.0,51.0,19.0,37.3,3.72,1.39,0.12,0.32,3.0,3.0,46.0,36.1,11,84.0,4,16,19.0,3,1.41,25.0,20.0,5.0,0.36,0.94,0.0,17.0,20.0,2.0,27.0,14.0,12.0,,,0.0,,,,,,,,,,,,,,,
ESP-La Liga,2526,Valencia,Lucas Beltrán,ARG,FW,24.0,2001.0,27.0,16.0,1365.0,15.2,1.0,2.0,3.0,1.0,0.0,0.0,1.0,0.0,0.07,0.13,0.2,0.07,0.2,15.2,1.0,34.0,9.0,26.5,2.24,0.59,0.03,0.11,0.0,0.0,51.0,39.9,16,69.0,2,11,23.0,0,1.07,17.0,21.0,-4.0,-0.26,-0.04,0.0,26.0,39.0,4.0,10.0,4.0,10.0,,,0.0,,,,,,,,,,,,,,,
ESP-La Liga,2526,Valencia,Luis Rioja,ESP,MF,31.0,1993.0,37.0,31.0,2624.0,29.2,3.0,6.0,9.0,3.0,0.0,0.0,1.0,0.0,0.1,0.21,0.31,0.1,0.31,29.2,3.0,44.0,5.0,11.4,1.51,0.17,0.07,0.6,0.0,0.0,71.0,76.7,31,79.0,13,6,29.0,0,1.32,35.0,38.0,-3.0,-0.1,0.58,0.0,13.0,29.0,9.0,152.0,17.0,25.0,,,0.0,,,,,,,,,,,,,,,
ESP-La Liga,2526,Valencia,Mouctar Diakhaby,GUI,DF,28.0,1996.0,8.0,7.0,543.0,6.0,1.0,0.0,1.0,1.0,0.0,0.0,3.0,0.0,0.17,0.0,0.17,0.17,0.17,6.0,1.0,4.0,3.0,75.0,0.66,0.5,0.25,0.33,0.0,0.0,68.0,15.9,7,74.0,5,1,24.0,2,0.88,9.0,11.0,-2.0,-0.33,-0.11,0.0,7.0,3.0,1.0,0.0,9.0,6.0,,,0.0,,,,,,,,,,,,,,,
ESP-La Liga,2526,Valencia,Renzo Saravia,ARG,DF,32.0,1993.0,5.0,4.0,351.0,3.9,0.0,0.0,0.0,0.0,0.0,0.0,2.0,0.0,0.0,0.0,0.0,0.0,0.0,3.9,0.0,1.0,0.0,0.0,0.26,0.0,0.0,,0.0,0.0,70.0,10.3,4,68.0,0,1,80.0,5,1.6,4.0,5.0,-1.0,-0.26,-0.02,0.0,4.0,10.0,0.0,1.0,7.0,5.0,,,0.0,,,,,,,,,,,,,,,
ESP-La Liga,2526,Valencia,Ruben Lendinez,ESP,DF,22.0,2003.0,1.0,0.0,4.0,0.0,0.0,0.0,0.0,0.0,0.0,0.0,0.0,0.0,0.0,0.0,0.0,0.0,0.0,0.0,0.0,0.0,0.0,,0.0,0.0,,,0.0,0.0,4.0,0.1,0,,0,1,4.0,24,3.0,0.0,0.0,0.0,0.0,0.24,0.0,1.0,0.0,0.0,0.0,0.0,1.0,,,0.0,,,,,,,,,,,,,,,
ESP-La Liga,2526,Valencia,Stole Dimitrievski,MKD,GK,31.0,1993.0,20.0,20.0,1800.0,20.0,0.0,0.0,0.0,0.0,0.0,0.0,1.0,0.0,0.0,0.0,0.0,0.0,0.0,20.0,0.0,0.0,0.0,,0.0,0.0,,,0.0,0.0,90.0,52.6,20,90.0,20,0,,15,1.65,29.0,25.0,4.0,0.2,0.92,0.0,0.0,4.0,0.0,0.0,1.0,0.0,,,0.0,25.0,1.25,77.0,52.0,67.5,10.0,3.0,7.0,5.0,25.0,4.0,3.0,0.0,1.0,0.0
ESP-La Liga,2526,Valencia,Thierry Correia,POR,"DF,MF",26.0,1999.0,24.0,17.0,1392.0,15.5,0.0,2.0,2.0,0.0,0.0,0.0,5.0,0.0,0.0,0.13,0.13,0.0,0.13,15.5,0.0,5.0,1.0,20.0,0.32,0.06,0.0,0.0,0.0,0.0,58.0,40.7,17,73.0,8,7,20.0,3,0.96,13.0,24.0,-11.0,-0.71,-0.8,0.0,28.0,25.0,4.0,42.0,18.0,22.0,,,0.0,,,,,,,,,,,,,,,
ESP-La Liga,2526,Valencia,Umar Sadiq,NGA,FW,28.0,1997.0,20.0,8.0,911.0,10.1,4.0,2.0,6.0,4.0,0.0,0.0,3.0,0.0,0.4,0.2,0.59,0.4,0.59,10.1,4.0,25.0,10.0,40.0,2.47,0.99,0.16,0.4,0.0,0.0,46.0,26.6,8,79.0,4,12,23.0,0,1.65,18.0,14.0,4.0,0.4,0.86,0.0,30.0,19.0,13.0,5.0,1.0,5.0,,,0.0,,,,,,,,,,,,,,,
ESP-La Liga,2526,Valencia,Unai Núñez,ESP,DF,28.0,1997.0,13.0,10.0,911.0,10.1,0.0,0.0,0.0,0.0,0.0,0.0,3.0,0.0,0.0,0.0,0.0,0.0,0.0,10.1,0.0,9.0,1.0,11.1,0.89,0.1,0.0,0.0,0.0,0.0,70.0,26.6,10,82.0,6,3,29.0,2,1.92,16.0,12.0,4.0,0.4,0.86,0.0,12.0,7.0,0.0,4.0,11.0,11.0,,,0.0,,,,,,,,,,,,,,,
ESP-La Liga,2526,Villarreal,Adrià Altimira,ESP,"DF,MF",24.0,2001.0,1.0,0.0,9.0,0.1,0.0,0.0,0.0,0.0,0.0,0.0,0.0,0.0,0.0,0.0,0.0,0.0,0.0,0.1,0.0,0.0,0.0,,0.0,0.0,,,0.0,0.0,9.0,0.3,0,,0,1,9.0,15,0.0,0.0,0.0,0.0,0.0,-0.69,0.0,0.0,0.0,0.0,0.0,0.0,1.0,,,0.0,,,,,,,,,,,,,,,
ESP-La Liga,2526,Villarreal,Alassane Diatta,SEN,MF,20.0,2005.0,1.0,0.0,25.0,0.3,0.0,0.0,0.0,0.0,0.0,0.0,0.0,0.0,0.0,0.0,0.0,0.0,0.0,0.3,0.0,0.0,0.0,,0.0,0.0,,,0.0,0.0,25.0,0.7,0,,0,1,25.0,8,3.0,0.0,0.0,0.0,0.0,-0.69,0.0,0.0,0.0,0.0,0.0,0.0,0.0,,,0.0,,,,,,,,,,,,,,,
ESP-La Liga,2526,Villarreal,Alberto Moleiro,ESP,MF,21.0,2003.0,37.0,30.0,2478.0,27.5,10.0,5.0,15.0,10.0,0.0,0.0,4.0,0.0,0.36,0.18,0.54,0.36,0.54,27.5,10.0,46.0,20.0,43.5,1.67,0.73,0.22,0.5,0.0,0.0,67.0,72.5,30,77.0,9,7,23.0,1,1.95,54.0,31.0,23.0,0.84,0.55,0.0,33.0,27.0,3.0,31.0,14.0,21.0,,,0.0,,,,,,,,,,,,,,,
ESP-La Liga,2526,Villarreal,Alex Freeman,USA,DF,20.0,2004.0,9.0,3.0,346.0,3.8,0.0,0.0,0.0,0.0,0.0,0.0,0.0,0.0,0.0,0.0,0.0,0.0,0.0,3.8,0.0,1.0,0.0,0.0,0.26,0.0,0.0,,0.0,0.0,38.0,10.1,3,90.0,3,6,13.0,9,1.56,10.0,6.0,4.0,1.04,0.4,0.0,2.0,3.0,0.0,1.0,5.0,8.0,,,0.0,,,,,,,,,,,,,,,
ESP-La Liga,2526,Villarreal,Alfon,ESP,MF,26.0,1999.0,10.0,3.0,333.0,3.7,1.0,0.0,1.0,1.0,0.0,0.0,0.0,0.0,0.27,0.0,0.27,0.27,0.27,3.7,1.0,6.0,3.0,50.0,1.62,0.81,0.17,0.33,0.0,0.0,33.0,9.7,3,64.0,0,7,20.0,4,1.7,4.0,4.0,0.0,0.0,-0.76,0.0,7.0,2.0,1.0,9.0,2.0,1.0,,,0.0,,,,,,,,,,,,,,,
ESP-La Liga,2526,Villarreal,Alfonso Pedraza,ESP,DF,29.0,1996.0,27.0,19.0,1689.0,18.8,1.0,3.0,4.0,1.0,0.0,0.0,8.0,0.0,0.05,0.16,0.21,0.05,0.21,18.8,1.0,11.0,3.0,27.3,0.59,0.16,0.09,0.33,0.0,0.0,63.0,49.4,19,80.0,10,8,21.0,9,1.89,39.0,24.0,15.0,0.8,0.23,0.0,27.0,23.0,4.0,84.0,29.0,31.0,,,0.0,,,,,,,,,,,,,,,
ESP-La Liga,2526,Villarreal,Arnau Tenas,ESP,GK,24.0,2001.0,10.0,10.0,900.0,10.0,0.0,0.0,0.0,0.0,0.0,0.0,0.0,0.0,0.0,0.0,0.0,0.0,0.0,10.0,0.0,0.0,0.0,,0.0,0.0,,,0.0,0.0,90.0,26.3,10,90.0,10,0,,26,1.5,21.0,16.0,5.0,0.5,-0.25,0.0,0.0,1.0,0.0,0.0,0.0,1.0,,,0.0,16.0,1.6,46.0,30.0,65.2,4.0,3.0,3.0,0.0,0.0,2.0,2.0,0.0,0.0,0.0
ESP-La Liga,2526,Villarreal,Ayoze Pérez,ESP,FW,32.0,1993.0,25.0,12.0,1124.0,12.5,5.0,4.0,9.0,4.0,1.0,1.0,4.0,0.0,0.4,0.32,0.72,0.32,0.64,12.5,5.0,24.0,11.0,45.8,1.92,0.88,0.21,0.45,1.0,1.0,45.0,32.9,12,69.0,1,13,23.0,2,1.8,22.0,20.0,2.0,0.16,-0.78,0.0,17.0,23.0,5.0,9.0,3.0,11.0,,,0.0,,,,,,,,,,,,,,,
ESP-La Liga,2526,Villarreal,Carlos Macià,ESP,MF,16.0,2008.0,5.0,0.0,83.0,0.9,0.0,0.0,0.0,0.0,0.0,0.0,1.0,0.0,0.0,0.0,0.0,0.0,0.0,0.9,0.0,1.0,0.0,0.0,1.08,0.0,0.0,,0.0,0.0,17.0,2.4,0,,0,5,17.0,3,1.8,2.0,1.0,1.0,1.08,0.41,0.0,1.0,0.0,0.0,0.0,2.0,0.0,,,0.0,,,,,,,,,,,,,,,
ESP-La Liga,2526,Villarreal,Daniel Parejo,ESP,MF,36.0,1989.0,32.0,16.0,1392.0,15.5,1.0,0.0,1.0,0.0,1.0,1.0,3.0,0.0,0.06,0.0,0.06,0.0,0.0,15.5,1.0,3.0,1.0,33.3,0.19,0.06,0.33,1.0,1.0,1.0,44.0,40.7,16,73.0,2,16,14.0,5,1.84,27.0,24.0,3.0,0.19,-0.83,0.0,16.0,27.0,0.0,39.0,14.0,29.0,,,0.0,,,,,,,,,,,,,,,
ESP-La Liga,2526,Villarreal,Georges Mikautadze,GEO,FW,24.0,2000.0,32.0,23.0,2109.0,23.4,13.0,6.0,19.0,13.0,0.0,0.0,1.0,0.0,0.55,0.26,0.81,0.55,0.81,23.4,13.0,65.0,32.0,49.2,2.77,1.37,0.2,0.41,0.0,0.0,66.0,61.7,23,80.0,7,9,29.0,2,1.91,44.0,30.0,14.0,0.6,-0.23,0.0,13.0,45.0,3.0,21.0,5.0,4.0,,,0.0,,,,,,,,,,,,,,,
ESP-La Liga,2526,Villarreal,Gerard Moreno,ESP,FW,33.0,1992.0,22.0,16.0,1343.0,14.9,10.0,0.0,10.0,7.0,3.0,3.0,0.0,0.0,0.67,0.0,0.67,0.47,0.47,14.9,10.0,39.0,16.0,41.0,2.61,1.07,0.26,0.63,3.0,3.0,61.0,39.3,16,73.0,4,6,29.0,2,1.95,32.0,16.0,16.0,1.07,0.64,0.0,14.0,16.0,6.0,11.0,3.0,8.0,,,0.0,,,,,,,,,,,,,,,
ESP-La Liga,2526,Villarreal,Hugo López,ESP,MF,18.0,2007.0,2.0,1.0,56.0,0.6,0.0,0.0,0.0,0.0,0.0,0.0,0.0,0.0,0.0,0.0,0.0,0.0,0.0,0.6,0.0,0.0,0.0,,0.0,0.0,,,0.0,0.0,28.0,1.6,1,45.0,0,1,11.0,9,1.5,0.0,2.0,-2.0,-3.21,-3.96,0.0,2.0,0.0,0.0,2.0,1.0,1.0,,,0.0,,,,,,,,,,,,,,,
ESP-La Liga,2526,Villarreal,Ilias Akhomach,MAR,MF,21.0,2004.0,9.0,2.0,188.0,2.1,0.0,0.0,0.0,0.0,0.0,0.0,0.0,0.0,0.0,0.0,0.0,0.0,0.0,2.1,0.0,6.0,2.0,33.3,2.87,0.96,0.0,0.0,0.0,0.0,21.0,5.5,2,45.0,0,7,14.0,5,2.78,2.0,3.0,-1.0,-0.48,-1.23,0.0,9.0,7.0,0.0,9.0,0.0,4.0,,,0.0,,,,,,,,,,,,,,,
ESP-La Liga,2526,Villarreal,Juan Foyth,ARG,DF,27.0,1998.0,13.0,12.0,934.0,10.4,0.0,0.0,0.0,0.0,0.0,0.0,2.0,0.0,0.0,0.0,0.0,0.0,0.0,10.4,0.0,2.0,0.0,0.0,0.19,0.0,0.0,,0.0,0.0,72.0,27.3,12,77.0,8,1,11.0,2,2.15,22.0,9.0,13.0,1.25,0.78,0.0,8.0,1.0,0.0,0.0,15.0,13.0,,,0.0,,,,,,,,,,,,,,,
ESP-La Liga,2526,Villarreal,Karl Etta Eyong,CMR,FW,21.0,2003.0,3.0,3.0,256.0,2.8,1.0,2.0,3.0,1.0,0.0,0.0,0.0,0.0,0.35,0.7,1.05,0.35,1.05,2.8,1.0,7.0,3.0,42.9,2.46,1.05,0.14,0.33,0.0,0.0,85.0,7.5,3,85.0,2,0,,0,2.33,8.0,0.0,8.0,2.81,2.3,0.0,3.0,4.0,1.0,0.0,0.0,2.0,,,0.0,,,,,,,,,,,,,,,
ESP-La Liga,2526,Villarreal,Logan Costa,CPV,DF,24.0,2001.0,2.0,0.0,30.0,0.3,0.0,0.0,0.0,0.0,0.0,0.0,0.0,0.0,0.0,0.0,0.0,0.0,0.0,0.3,0.0,0.0,0.0,,0.0,0.0,,,0.0,0.0,15.0,0.9,0,,0,2,15.0,4,1.5,0.0,0.0,0.0,0.0,-0.69,0.0,1.0,0.0,0.0,0.0,0.0,0.0,,,0.0,,,,,,,,,,,,,,,
ESP-La Liga,2526,Villarreal,Luiz Lúcio Reis Júnior,BRA,GK,24.0,2001.0,28.0,28.0,2520.0,28.0,0.0,0.0,0.0,0.0,0.0,0.0,3.0,0.0,0.0,0.0,0.0,0.0,0.0,28.0,0.0,0.0,0.0,,0.0,0.0,,,0.0,0.0,90.0,73.7,28,90.0,28,0,,10,2.04,51.0,30.0,21.0,0.75,0.25,0.0,2.0,4.0,0.0,0.0,1.0,0.0,,,0.0,30.0,1.07,102.0,72.0,70.6,18.0,3.0,7.0,8.0,28.6,6.0,5.0,1.0,0.0,16.7
ESP-La Liga,2526,Villarreal,Manor Solomon,ISR,MF,26.0,1999.0,6.0,1.0,150.0,1.7,1.0,1.0,2.0,1.0,0.0,0.0,0.0,0.0,0.6,0.6,1.2,0.6,1.2,1.7,1.0,2.0,1.0,50.0,1.2,0.6,0.5,1.0,0.0,0.0,25.0,4.4,1,71.0,0,5,16.0,6,2.67,4.0,1.0,3.0,1.8,1.17,0.0,0.0,2.0,1.0,10.0,0.0,1.0,,,0.0,,,,,,,,,,,,,,,
ESP-La Liga,2526,Villarreal,Nicolas Pépé,CIV,"MF,FW",30.0,1995.0,36.0,26.0,2393.0,26.6,8.0,8.0,16.0,7.0,1.0,1.0,4.0,0.0,0.3,0.3,0.6,0.26,0.56,26.6,8.0,63.0,25.0,39.7,2.37,0.94,0.13,0.32,1.0,1.0,66.0,70.0,26,82.0,13,10,26.0,2,1.92,56.0,35.0,21.0,0.79,0.35,0.0,23.0,43.0,14.0,71.0,15.0,21.0,,,0.0,,,,,,,,,,,,,,,
ESP-La Liga,2526,Villarreal,Pape Gueye,SEN,MF,26.0,1999.0,30.0,26.0,2131.0,23.7,5.0,2.0,7.0,4.0,1.0,1.0,8.0,0.0,0.21,0.08,0.3,0.17,0.25,23.7,5.0,47.0,13.0,27.7,1.98,0.55,0.11,0.38,1.0,1.0,71.0,62.3,26,79.0,10,4,23.0,3,1.87,47.0,28.0,19.0,0.8,0.31,0.0,35.0,54.0,2.0,14.0,35.0,22.0,,,0.0,,,,,,,,,,,,,,,
ESP-La Liga,2526,Villarreal,Pau Cabanes,ESP,FW,20.0,2005.0,1.0,0.0,16.0,0.2,0.0,0.0,0.0,0.0,0.0,0.0,0.0,0.0,0.0,0.0,0.0,0.0,0.0,0.2,0.0,0.0,0.0,,0.0,0.0,,,0.0,0.0,16.0,0.5,0,,0,1,16.0,2,3.0,0.0,0.0,0.0,0.0,-0.69,0.0,0.0,0.0,0.0,0.0,0.0,0.0,,,0.0,,,,,,,,,,,,,,,
ESP-La Liga,2526,Villarreal,Pau Navarro,ESP,DF,20.0,2005.0,23.0,23.0,1921.0,21.3,0.0,0.0,0.0,0.0,0.0,0.0,4.0,0.0,0.0,0.0,0.0,0.0,0.0,21.3,0.0,2.0,2.0,100.0,0.09,0.09,0.0,0.0,0.0,0.0,84.0,56.2,23,84.0,18,0,,12,1.83,39.0,26.0,13.0,0.61,-0.17,0.0,34.0,11.0,1.0,2.0,18.0,35.0,,,1.0,,,,,,,,,,,,,,,
ESP-La Liga,2526,Villarreal,Rafa Marín,ESP,DF,23.0,2002.0,23.0,21.0,1979.0,22.0,1.0,0.0,1.0,1.0,0.0,0.0,1.0,0.0,0.05,0.0,0.05,0.05,0.05,22.0,1.0,5.0,1.0,20.0,0.23,0.05,0.2,1.0,0.0,0.0,86.0,57.9,21,89.0,19,2,56.0,13,2.04,39.0,26.0,13.0,0.59,-0.22,0.0,16.0,8.0,3.0,0.0,20.0,22.0,,,1.0,,,,,,,,,,,,,,,
ESP-La Liga,2526,Villarreal,Renato Veiga,POR,DF,22.0,2003.0,32.0,27.0,2481.0,27.6,0.0,0.0,0.0,0.0,0.0,0.0,5.0,1.0,0.0,0.0,0.0,0.0,0.0,27.6,0.0,9.0,3.0,33.3,0.33,0.11,0.0,0.0,0.0,0.0,78.0,72.5,27,88.0,26,5,21.0,3,1.84,50.0,37.0,13.0,0.47,-0.77,0.0,24.0,6.0,3.0,2.0,26.0,9.0,,,0.0,,,,,,,,,,,,,,,
ESP-La Liga,2526,Villarreal,Santi Comesaña,ESP,MF,28.0,1996.0,34.0,28.0,2407.0,26.7,3.0,6.0,9.0,3.0,0.0,0.0,5.0,1.0,0.11,0.22,0.34,0.11,0.34,26.7,3.0,27.0,7.0,25.9,1.01,0.26,0.11,0.43,0.0,0.0,71.0,70.4,28,81.0,14,6,25.0,1,1.91,55.0,29.0,26.0,0.97,0.97,0.0,43.0,28.0,1.0,12.0,31.0,25.0,,,0.0,,,,,,,,,,,,,,,
ESP-La Liga,2526,Villarreal,Santiago Mouriño,URU,DF,23.0,2002.0,28.0,27.0,2377.0,26.4,1.0,2.0,3.0,1.0,0.0,0.0,11.0,1.0,0.04,0.08,0.11,0.04,0.11,26.4,1.0,15.0,3.0,20.0,0.57,0.11,0.07,0.33,0.0,0.0,85.0,69.5,27,86.0,20,1,45.0,4,1.89,51.0,31.0,20.0,0.76,0.24,1.0,54.0,36.0,1.0,6.0,29.0,64.0,,,0.0,,,,,,,,,,,,,,,
ESP-La Liga,2526,Villarreal,Sergi Cardona,ESP,DF,26.0,1999.0,31.0,20.0,1970.0,21.9,1.0,4.0,5.0,1.0,0.0,0.0,4.0,0.0,0.05,0.18,0.23,0.05,0.23,21.9,1.0,18.0,5.0,27.8,0.82,0.23,0.06,0.2,0.0,0.0,64.0,57.6,20,87.0,16,11,21.0,7,1.94,34.0,26.0,8.0,0.37,-0.75,0.0,28.0,23.0,1.0,75.0,37.0,31.0,,,0.0,,,,,,,,,,,,,,,
ESP-La Liga,2526,Villarreal,Tajon Buchanan,CAN,MF,26.0,1999.0,34.0,21.0,1819.0,20.2,7.0,1.0,8.0,7.0,0.0,0.0,8.0,0.0,0.35,0.05,0.4,0.35,0.4,20.2,7.0,27.0,11.0,40.7,1.34,0.54,0.26,0.64,0.0,0.0,54.0,53.2,21,72.0,5,13,24.0,2,1.76,35.0,18.0,17.0,0.84,0.34,0.0,18.0,36.0,8.0,33.0,22.0,19.0,,,0.0,,,,,,,,,,,,,,,
ESP-La Liga,2526,Villarreal,Tani Oluwaseyi,CAN,FW,25.0,2000.0,27.0,9.0,901.0,10.0,2.0,2.0,4.0,2.0,0.0,0.0,1.0,0.0,0.2,0.2,0.4,0.2,0.4,10.0,2.0,16.0,7.0,43.8,1.6,0.7,0.13,0.29,0.0,0.0,33.0,26.3,9,70.0,1,18,15.0,9,1.78,20.0,15.0,5.0,0.5,-0.25,0.0,11.0,8.0,10.0,3.0,1.0,5.0,,,0.0,,,,,,,,,,,,,,,
ESP-La Liga,2526,Villarreal,Thomas Partey,GHA,MF,32.0,1993.0,25.0,8.0,934.0,10.4,0.0,0.0,0.0,0.0,0.0,0.0,1.0,0.0,0.0,0.0,0.0,0.0,0.0,10.4,0.0,11.0,2.0,18.2,1.06,0.19,0.0,0.0,0.0,0.0,37.0,27.3,8,77.0,4,17,19.0,4,2.08,15.0,13.0,2.0,0.19,-0.68,0.0,11.0,6.0,0.0,3.0,13.0,6.0,,,0.0,,,,,,,,,,,,,,,
ESP-La Liga,2526,Villarreal,Willy Kambwala,FRA,DF,20.0,2004.0,2.0,1.0,86.0,1.0,0.0,0.0,0.0,0.0,0.0,0.0,0.0,0.0,0.0,0.0,0.0,0.0,0.0,1.0,0.0,0.0,0.0,,0.0,0.0,,,0.0,0.0,43.0,2.5,1,76.0,0,1,10.0,9,1.5,2.0,2.0,0.0,0.0,-0.7,0.0,0.0,0.0,0.0,0.0,0.0,0.0,,,0.0,,,,,,,,,,,,,,,
ESP-La Liga,2526,Villarreal,Yéremy Pino,ESP,MF,22.0,2002.0,2.0,2.0,159.0,1.8,0.0,1.0,1.0,0.0,0.0,0.0,0.0,0.0,0.0,0.57,0.57,0.0,0.57,1.8,0.0,2.0,1.0,50.0,1.13,0.57,0.0,0.0,0.0,0.0,80.0,4.6,2,80.0,1,0,,0,3.0,7.0,0.0,7.0,3.96,3.44,0.0,2.0,0.0,0.0,12.0,3.0,1.0,,,0.0,,,,,,,,,,,,,,,
FRA-Ligue 1,2526,Angers,Abdoulaye Bamba,CIV,DF,35.0,1990.0,6.0,3.0,255.0,2.8,0.0,0.0,0.0,0.0,0.0,0.0,1.0,0.0,0.0,0.0,0.0,0.0,0.0,2.8,0.0,1.0,1.0,100.0,0.35,0.35,0.0,0.0,0.0,0.0,43.0,8.3,3,80.0,1,3,5.0,21,1.0,3.0,6.0,-3.0,-1.06,-0.55,0.0,3.0,5.0,0.0,1.0,6.0,6.0,,,0.0,,,,,,,,,,,,,,,
FRA-Ligue 1,2526,Angers,Amine Sbai,MAR,"MF,FW",24.0,2000.0,25.0,23.0,1818.0,20.2,3.0,1.0,4.0,3.0,0.0,1.0,3.0,1.0,0.15,0.05,0.2,0.15,0.2,20.2,3.0,34.0,16.0,47.1,1.68,0.79,0.09,0.19,0.0,1.0,73.0,59.4,23,77.0,5,2,28.0,1,1.2,17.0,26.0,-9.0,-0.45,0.28,1.0,15.0,24.0,5.0,59.0,4.0,10.0,,,0.0,,,,,,,,,,,,,,,
FRA-Ligue 1,2526,Angers,Bane Diatta,FRA,MF,17.0,2008.0,1.0,0.0,5.0,0.1,0.0,0.0,0.0,0.0,0.0,0.0,0.0,0.0,0.0,0.0,0.0,0.0,0.0,0.1,0.0,0.0,0.0,,0.0,0.0,,,0.0,0.0,5.0,0.2,0,,0,1,5.0,3,0.0,0.0,0.0,0.0,0.0,0.56,0.0,0.0,0.0,0.0,0.0,0.0,1.0,,,0.0,,,,,,,,,,,,,,,
FRA-Ligue 1,2526,Angers,Branco van den Boomen,NED,MF,30.0,1995.0,15.0,14.0,1238.0,13.8,0.0,1.0,1.0,0.0,0.0,1.0,3.0,0.0,0.0,0.07,0.07,0.0,0.07,13.8,0.0,13.0,5.0,38.5,0.95,0.36,0.0,0.0,0.0,1.0,83.0,40.5,14,86.0,9,1,30.0,0,0.93,9.0,21.0,-12.0,-0.87,-0.53,0.0,19.0,9.0,0.0,69.0,7.0,15.0,,,0.0,,,,,,,,,,,,,,,
FRA-Ligue 1,2526,Angers,Carlens Arcus,HAI,DF,29.0,1996.0,26.0,24.0,2040.0,22.7,0.0,3.0,3.0,0.0,0.0,0.0,7.0,0.0,0.0,0.13,0.13,0.0,0.13,22.7,0.0,9.0,1.0,11.1,0.4,0.04,0.0,0.0,0.0,0.0,78.0,66.7,24,84.0,17,2,16.0,2,1.15,19.0,27.0,-8.0,-0.35,0.62,0.0,33.0,16.0,0.0,38.0,29.0,29.0,,,0.0,,,,,,,,,,,,,,,
FRA-Ligue 1,2526,Angers,Dan Sinaté,FRA,DF,19.0,2006.0,3.0,0.0,33.0,0.4,0.0,0.0,0.0,0.0,0.0,0.0,0.0,0.0,0.0,0.0,0.0,0.0,0.0,0.4,0.0,1.0,0.0,0.0,2.73,0.0,0.0,,0.0,0.0,11.0,1.1,0,,0,3,11.0,7,0.0,0.0,2.0,-2.0,-5.45,-4.95,0.0,0.0,0.0,0.0,1.0,0.0,0.0,,,0.0,,,,,,,,,,,,,,,
FRA-Ligue 1,2526,Angers,Emmanuel Biumla,FRA,DF,20.0,2005.0,9.0,3.0,387.0,4.3,0.0,0.0,0.0,0.0,0.0,0.0,0.0,0.0,0.0,0.0,0.0,0.0,0.0,4.3,0.0,2.0,0.0,0.0,0.47,0.0,0.0,,0.0,0.0,43.0,12.6,3,69.0,1,6,30.0,14,0.67,0.0,9.0,-9.0,-2.09,-1.76,0.0,8.0,6.0,0.0,1.0,2.0,5.0,,,0.0,,,,,,,,,,,,,,,
FRA-Ligue 1,2526,Angers,Esteban Lepaul,FRA,FW,25.0,2000.0,2.0,2.0,174.0,1.9,1.0,0.0,1.0,1.0,0.0,0.0,0.0,0.0,0.52,0.0,0.52,0.52,0.52,1.9,1.0,3.0,1.0,33.3,1.55,0.52,0.33,1.0,0.0,0.0,87.0,5.7,2,87.0,1,0,,0,1.5,1.0,1.0,0.0,0.0,0.59,0.0,2.0,1.0,1.0,0.0,0.0,0.0,,,0.0,,,,,,,,,,,,,,,
FRA-Ligue 1,2526,Angers,Florent Hanin,ALG,"DF,MF",35.0,1990.0,25.0,9.0,865.0,9.6,0.0,0.0,0.0,0.0,0.0,0.0,0.0,0.0,0.0,0.0,0.0,0.0,0.0,9.6,0.0,3.0,0.0,0.0,0.31,0.0,0.0,,0.0,0.0,35.0,28.3,9,72.0,1,16,14.0,9,0.96,9.0,14.0,-5.0,-0.52,0.05,0.0,8.0,8.0,0.0,26.0,13.0,8.0,,,0.0,,,,,,,,,,,,,,,
FRA-Ligue 1,2526,Angers,Goduine Koyalipou,CTA,FW,25.0,2000.0,13.0,7.0,668.0,7.4,2.0,1.0,3.0,1.0,1.0,1.0,0.0,0.0,0.27,0.13,0.4,0.13,0.27,7.4,2.0,22.0,9.0,40.9,2.96,1.21,0.09,0.22,1.0,1.0,51.0,21.8,7,77.0,1,6,22.0,1,0.92,4.0,7.0,-3.0,-0.4,0.2,0.0,4.0,5.0,5.0,3.0,1.0,2.0,,,0.0,,,,,,,,,,,,,,,
FRA-Ligue 1,2526,Angers,Haris Belkebla,ALG,MF,31.0,1994.0,33.0,33.0,2875.0,31.9,0.0,0.0,0.0,0.0,0.0,0.0,7.0,0.0,0.0,0.0,0.0,0.0,0.0,31.9,0.0,5.0,0.0,0.0,0.16,0.0,0.0,,0.0,0.0,87.0,94.0,33,87.0,28,0,,0,1.0,28.0,47.0,-19.0,-0.59,-0.59,0.0,24.0,54.0,0.0,5.0,30.0,44.0,,,0.0,,,,,,,,,,,,,,,
FRA-Ligue 1,2526,Angers,Harouna Djibrin,CMR,MF,18.0,2006.0,15.0,1.0,336.0,3.7,2.0,1.0,3.0,2.0,0.0,0.0,2.0,0.0,0.54,0.27,0.8,0.54,0.8,3.7,2.0,7.0,3.0,42.9,1.87,0.8,0.29,0.67,0.0,0.0,22.0,11.0,1,60.0,0,14,20.0,3,1.2,7.0,5.0,2.0,0.54,1.23,0.0,9.0,8.0,0.0,8.0,5.0,4.0,,,0.0,,,,,,,,,,,,,,,
FRA-Ligue 1,2526,Angers,Hervé Koffi,BFA,GK,28.0,1996.0,30.0,30.0,2658.0,29.5,0.0,0.0,0.0,0.0,0.0,0.0,1.0,0.0,0.0,0.0,0.0,0.0,0.0,29.5,0.0,0.0,0.0,,0.0,0.0,,,0.0,0.0,89.0,86.9,30,89.0,29,0,,0,1.2,25.0,36.0,-11.0,-0.37,1.42,0.0,1.0,11.0,0.0,0.0,0.0,2.0,,,0.0,36.0,1.22,157.0,120.0,77.1,9.0,9.0,12.0,10.0,33.3,6.0,3.0,2.0,1.0,40.0
FRA-Ligue 1,2526,Angers,Himad Abdelli,ALG,MF,25.0,1999.0,13.0,11.0,943.0,10.5,2.0,0.0,2.0,0.0,2.0,2.0,1.0,0.0,0.19,0.0,0.19,0.0,0.0,10.5,2.0,11.0,5.0,45.5,1.05,0.48,0.18,0.4,2.0,2.0,73.0,30.8,11,81.0,4,2,25.0,0,1.38,12.0,13.0,-1.0,-0.1,0.67,0.0,16.0,12.0,1.0,9.0,13.0,17.0,,,0.0,,,,,,,,,,,,,,,
FRA-Ligue 1,2526,Angers,Jacques Ekomie,GAB,"DF,MF",21.0,2003.0,32.0,25.0,2239.0,24.9,0.0,0.0,0.0,0.0,0.0,0.0,3.0,0.0,0.0,0.0,0.0,0.0,0.0,24.9,0.0,12.0,3.0,25.0,0.48,0.12,0.0,0.0,0.0,0.0,70.0,73.2,25,84.0,17,7,20.0,0,1.13,21.0,35.0,-14.0,-0.56,-0.01,0.0,30.0,31.0,6.0,65.0,31.0,32.0,,,0.0,,,,,,,,,,,,,,,
FRA-Ligue 1,2526,Angers,Jim Allevinah,GAB,MF,30.0,1995.0,6.0,0.0,133.0,1.5,1.0,0.0,1.0,1.0,0.0,0.0,0.0,0.0,0.68,0.0,0.68,0.68,0.68,1.5,1.0,5.0,1.0,20.0,3.38,0.68,0.2,1.0,0.0,0.0,22.0,4.3,0,,0,6,22.0,1,1.33,1.0,1.0,0.0,0.0,0.58,0.0,0.0,4.0,1.0,1.0,0.0,1.0,,,0.0,,,,,,,,,,,,,,,
FRA-Ligue 1,2526,Angers,Jordan Lefort,MTN,DF,31.0,1993.0,34.0,34.0,3060.0,34.0,0.0,2.0,2.0,0.0,0.0,0.0,2.0,0.0,0.0,0.06,0.06,0.0,0.06,34.0,0.0,11.0,2.0,18.2,0.32,0.06,0.0,0.0,0.0,0.0,90.0,100.0,34,90.0,34,0,,0,1.06,29.0,48.0,-19.0,-0.56,,0.0,22.0,19.0,2.0,23.0,47.0,33.0,,,0.0,,,,,,,,,,,,,,,
FRA-Ligue 1,2526,Angers,Justin-Noël Kalumba,FRA,"FW,MF",20.0,2004.0,4.0,3.0,224.0,2.5,0.0,0.0,0.0,0.0,0.0,0.0,0.0,0.0,0.0,0.0,0.0,0.0,0.0,2.5,0.0,1.0,0.0,0.0,0.4,0.0,0.0,,0.0,0.0,56.0,7.3,3,71.0,1,1,11.0,2,0.25,1.0,5.0,-4.0,-1.61,-1.13,0.0,3.0,3.0,0.0,15.0,1.0,3.0,,,0.0,,,,,,,,,,,,,,,
FRA-Ligue 1,2526,Angers,Lanroy Machine,FRA,FW,19.0,2005.0,22.0,3.0,519.0,5.8,1.0,0.0,1.0,1.0,0.0,0.0,1.0,0.0,0.17,0.0,0.17,0.17,0.17,5.8,1.0,15.0,4.0,26.7,2.6,0.69,0.07,0.25,0.0,0.0,24.0,17.0,3,66.0,0,19,17.0,4,0.91,7.0,7.0,0.0,0.0,0.67,0.0,9.0,5.0,4.0,5.0,0.0,4.0,,,0.0,,,,,,,,,,,,,,,
FRA-Ligue 1,2526,Angers,Lilian Raolisoa,FRA,"MF,DF",25.0,2000.0,32.0,21.0,1966.0,21.8,2.0,4.0,6.0,2.0,0.0,0.0,3.0,0.0,0.09,0.18,0.27,0.09,0.27,21.8,2.0,16.0,5.0,31.3,0.73,0.23,0.13,0.4,0.0,0.0,61.0,64.2,21,81.0,8,11,24.0,0,1.13,18.0,31.0,-13.0,-0.6,-0.1,0.0,27.0,17.0,1.0,99.0,14.0,31.0,,,0.0,,,,,,,,,,,,,,,
FRA-Ligue 1,2526,Angers,Louis Mouton,FRA,MF,23.0,2002.0,32.0,24.0,1891.0,21.0,2.0,1.0,3.0,2.0,0.0,0.0,2.0,1.0,0.1,0.05,0.14,0.1,0.14,21.0,2.0,36.0,8.0,22.2,1.71,0.38,0.06,0.25,0.0,0.0,59.0,61.8,24,73.0,2,8,17.0,0,1.09,15.0,28.0,-13.0,-0.62,-0.16,0.0,20.0,16.0,4.0,31.0,12.0,26.0,,,0.0,,,,,,,,,,,,,,,
FRA-Ligue 1,2526,Angers,Marius Courcoul,FRA,MF,18.0,2007.0,18.0,3.0,374.0,4.2,0.0,0.0,0.0,0.0,0.0,0.0,0.0,0.0,0.0,0.0,0.0,0.0,0.0,4.2,0.0,2.0,1.0,50.0,0.48,0.24,0.0,0.0,0.0,0.0,21.0,12.2,3,65.0,0,15,12.0,9,1.11,7.0,8.0,-1.0,-0.24,0.36,0.0,6.0,3.0,0.0,0.0,3.0,9.0,,,0.0,,,,,,,,,,,,,,,
FRA-Ligue 1,2526,Angers,Marius Louer,FRA,DF,18.0,2007.0,9.0,6.0,543.0,6.0,0.0,0.0,0.0,0.0,0.0,0.0,1.0,0.0,0.0,0.0,0.0,0.0,0.0,6.0,0.0,0.0,0.0,,0.0,0.0,,,0.0,0.0,60.0,17.7,6,87.0,5,3,8.0,7,0.33,5.0,13.0,-8.0,-1.33,-0.93,0.0,7.0,3.0,0.0,9.0,2.0,16.0,,,1.0,,,,,,,,,,,,,,,
FRA-Ligue 1,2526,Angers,Melvin Zinga,FRA,GK,23.0,2002.0,3.0,2.0,222.0,2.5,0.0,0.0,0.0,0.0,0.0,0.0,0.0,0.0,0.0,0.0,0.0,0.0,0.0,2.5,0.0,0.0,0.0,,0.0,0.0,,,0.0,0.0,74.0,7.3,2,90.0,2,1,42.0,21,0.33,3.0,5.0,-2.0,-0.81,-0.27,0.0,0.0,0.0,0.0,0.0,0.0,1.0,,,0.0,5.0,2.03,13.0,8.0,61.5,0.0,0.0,2.0,0.0,0.0,0.0,0.0,0.0,0.0,
FRA-Ligue 1,2526,Angers,Oumar Pona,FRA,GK,19.0,2006.0,2.0,2.0,180.0,2.0,0.0,0.0,0.0,0.0,0.0,0.0,1.0,0.0,0.0,0.0,0.0,0.0,0.0,2.0,0.0,0.0,0.0,,0.0,0.0,,,0.0,0.0,90.0,5.9,2,90.0,2,0,,11,0.0,1.0,7.0,-6.0,-3.0,-2.59,0.0,0.0,2.0,0.0,0.0,0.0,0.0,,,0.0,7.0,3.5,13.0,6.0,46.2,0.0,0.0,2.0,0.0,0.0,0.0,0.0,0.0,0.0,
FRA-Ligue 1,2526,Angers,Ousmane Camara,MLI,DF,22.0,2003.0,32.0,31.0,2718.0,30.2,1.0,0.0,1.0,1.0,0.0,0.0,4.0,0.0,0.03,0.0,0.03,0.03,0.03,30.2,1.0,13.0,5.0,38.5,0.43,0.17,0.08,0.2,0.0,0.0,85.0,88.8,31,87.0,29,1,18.0,1,1.13,28.0,38.0,-10.0,-0.33,2.04,0.0,22.0,7.0,1.0,3.0,34.0,29.0,,,0.0,,,,,,,,,,,,,,,
FRA-Ligue 1,2526,Angers,Pierrick Capelle,FRA,MF,38.0,1987.0,16.0,6.0,651.0,7.2,0.0,1.0,1.0,0.0,0.0,0.0,2.0,0.0,0.0,0.14,0.14,0.0,0.14,7.2,0.0,10.0,1.0,10.0,1.38,0.14,0.0,0.0,0.0,0.0,41.0,21.3,6,72.0,0,10,22.0,17,0.81,6.0,10.0,-4.0,-0.55,0.01,0.0,15.0,11.0,0.0,12.0,7.0,13.0,,,0.0,,,,,,,,,,,,,,,
FRA-Ligue 1,2526,Angers,Prosper Peter,NGA,FW,17.0,2007.0,29.0,14.0,1273.0,14.1,5.0,0.0,5.0,5.0,0.0,0.0,0.0,0.0,0.35,0.0,0.35,0.35,0.35,14.1,5.0,23.0,14.0,60.9,1.63,0.99,0.22,0.36,0.0,0.0,44.0,41.6,14,70.0,5,15,19.0,1,1.07,12.0,28.0,-16.0,-1.13,-0.98,0.0,30.0,30.0,15.0,0.0,4.0,3.0,,,0.0,,,,,,,,,,,,,,,
FRA-Ligue 1,2526,Angers,Sidiki Cherif,FRA,"FW,MF",18.0,2006.0,19.0,14.0,1157.0,12.9,4.0,0.0,4.0,4.0,0.0,0.0,3.0,0.0,0.31,0.0,0.31,0.31,0.31,12.9,4.0,28.0,12.0,42.9,2.18,0.93,0.14,0.33,0.0,0.0,61.0,37.8,14,70.0,2,5,36.0,0,1.21,13.0,16.0,-3.0,-0.23,0.52,0.0,15.0,16.0,11.0,6.0,6.0,3.0,,,0.0,,,,,,,,,,,,,,,
FRA-Ligue 1,2526,Angers,Yassin Belkhdim,FRA,MF,23.0,2002.0,27.0,26.0,2135.0,23.7,2.0,2.0,4.0,2.0,0.0,0.0,5.0,0.0,0.08,0.08,0.17,0.08,0.17,23.7,2.0,33.0,14.0,42.4,1.39,0.59,0.06,0.14,0.0,0.0,79.0,69.8,26,81.0,11,1,30.0,0,1.22,17.0,32.0,-15.0,-0.63,-0.24,0.0,29.0,29.0,2.0,42.0,32.0,43.0,,,0.0,,,,,,,,,,,,,,,
FRA-Ligue 1,2526,Auxerre,Assane Dioussé,SEN,MF,27.0,1997.0,15.0,1.0,219.0,2.4,0.0,0.0,0.0,0.0,0.0,0.0,3.0,0.0,0.0,0.0,0.0,0.0,0.0,2.4,0.0,4.0,1.0,25.0,1.64,0.41,0.0,0.0,0.0,0.0,15.0,7.2,1,68.0,0,14,11.0,19,1.07,3.0,10.0,-7.0,-2.88,-2.78,0.0,7.0,3.0,0.0,6.0,6.0,1.0,,,0.0,,,,,,,,,,,,,,,
FRA-Ligue 1,2526,Auxerre,Bryan Okoh,SUI,DF,22.0,2003.0,13.0,12.0,1005.0,11.2,3.0,0.0,3.0,3.0,0.0,0.0,2.0,0.0,0.27,0.0,0.27,0.27,0.27,11.2,3.0,8.0,3.0,37.5,0.72,0.27,0.38,1.0,0.0,0.0,77.0,32.8,12,83.0,10,1,6.0,1,1.38,16.0,15.0,1.0,0.09,0.57,0.0,13.0,8.0,0.0,0.0,26.0,9.0,,,0.0,,,,,,,,,,,,,,,
FRA-Ligue 1,2526,Auxerre,Clément Akpa,CIV,DF,23.0,2001.0,26.0,21.0,1944.0,21.6,0.0,0.0,0.0,0.0,0.0,0.0,4.0,1.0,0.0,0.0,0.0,0.0,0.0,21.6,0.0,6.0,0.0,0.0,0.28,0.0,0.0,,0.0,0.0,75.0,63.5,21,85.0,18,5,31.0,4,1.0,16.0,29.0,-13.0,-0.6,-0.84,1.0,12.0,30.0,1.0,30.0,23.0,19.0,,,2.0,,,,,,,,,,,,,,,
FRA-Ligue 1,2526,Auxerre,Danny Loader,CMR,"MF,FW",24.0,2000.0,30.0,29.0,2517.0,28.0,3.0,3.0,6.0,3.0,0.0,0.0,9.0,0.0,0.11,0.11,0.21,0.11,0.21,28.0,3.0,62.0,17.0,27.4,2.22,0.61,0.05,0.18,0.0,0.0,84.0,82.3,29,86.0,17,1,29.0,0,0.93,27.0,36.0,-9.0,-0.32,-0.16,0.0,64.0,47.0,4.0,32.0,9.0,25.0,,,0.0,,,,,,,,,,,,,,,
FRA-Ligue 1,2526,Auxerre,Donovan Léon,GUF,GK,32.0,1992.0,29.0,29.0,2460.0,27.3,0.0,0.0,0.0,0.0,0.0,0.0,1.0,2.0,0.0,0.0,0.0,0.0,0.0,27.3,0.0,0.0,0.0,,0.0,0.0,,,0.0,0.0,85.0,80.4,29,85.0,26,0,,0,1.03,24.0,35.0,-11.0,-0.4,-0.55,0.0,3.0,7.0,0.0,0.0,0.0,2.0,,,0.0,35.0,1.28,130.0,95.0,73.1,7.0,9.0,13.0,9.0,31.0,3.0,2.0,1.0,0.0,33.3
FRA-Ligue 1,2526,Auxerre,Elisha Owusu,GHA,MF,27.0,1997.0,29.0,27.0,2344.0,26.0,0.0,0.0,0.0,0.0,0.0,0.0,7.0,0.0,0.0,0.0,0.0,0.0,0.0,26.0,0.0,7.0,0.0,0.0,0.27,0.0,0.0,,0.0,0.0,81.0,76.6,27,86.0,19,2,15.0,0,1.0,26.0,31.0,-5.0,-0.19,0.44,0.0,48.0,22.0,0.0,1.0,21.0,51.0,,,0.0,,,,,,,,,,,,,,,
FRA-Ligue 1,2526,Auxerre,Francisco Sierralta,CHI,DF,28.0,1997.0,10.0,9.0,861.0,9.6,1.0,0.0,1.0,1.0,0.0,0.0,2.0,0.0,0.1,0.0,0.1,0.1,0.1,9.6,1.0,7.0,2.0,28.6,0.73,0.21,0.14,0.5,0.0,0.0,86.0,28.1,9,87.0,7,1,77.0,14,0.7,6.0,15.0,-9.0,-0.94,-0.9,0.0,8.0,5.0,0.0,0.0,9.0,6.0,,,0.0,,,,,,,,,,,,,,,
FRA-Ligue 1,2526,Auxerre,Fredrik Oppegard,NOR,"MF,DF",22.0,2002.0,23.0,15.0,1246.0,13.8,0.0,0.0,0.0,0.0,0.0,0.0,1.0,1.0,0.0,0.0,0.0,0.0,0.0,13.8,0.0,10.0,2.0,20.0,0.72,0.14,0.0,0.0,0.0,0.0,54.0,40.7,15,74.0,7,8,16.0,7,0.78,12.0,19.0,-7.0,-0.51,-0.36,0.0,8.0,8.0,2.0,48.0,14.0,20.0,,,0.0,,,,,,,,,,,,,,,
FRA-Ligue 1,2526,Auxerre,Gabriel Osho,NGA,DF,26.0,1998.0,2.0,2.0,134.0,1.5,0.0,0.0,0.0,0.0,0.0,0.0,0.0,0.0,0.0,0.0,0.0,0.0,0.0,1.5,0.0,0.0,0.0,,0.0,0.0,,,0.0,0.0,67.0,4.4,2,67.0,1,0,,0,1.5,2.0,2.0,0.0,0.0,0.31,0.0,2.0,1.0,0.0,2.0,0.0,3.0,,,0.0,,,,,,,,,,,,,,,
FRA-Ligue 1,2526,Auxerre,Gideon Mensah,GHA,DF,27.0,1998.0,30.0,26.0,2327.0,25.9,0.0,2.0,2.0,0.0,0.0,0.0,8.0,0.0,0.0,0.08,0.08,0.0,0.08,25.9,0.0,1.0,0.0,0.0,0.04,0.0,0.0,,0.0,0.0,78.0,76.0,26,86.0,16,4,22.0,2,1.03,27.0,28.0,-1.0,-0.04,1.07,0.0,37.0,34.0,1.0,64.0,23.0,37.0,,,0.0,,,,,,,,,,,,,,,
FRA-Ligue 1,2526,Auxerre,Ibrahim Osman,GHA,"MF,FW",20.0,2004.0,14.0,7.0,625.0,6.9,0.0,2.0,2.0,0.0,0.0,0.0,0.0,0.0,0.0,0.29,0.29,0.0,0.29,6.9,0.0,18.0,6.0,33.3,2.59,0.86,0.0,0.0,0.0,0.0,45.0,20.4,7,72.0,2,7,17.0,2,0.43,3.0,11.0,-8.0,-1.15,-1.08,0.0,7.0,14.0,3.0,10.0,6.0,7.0,,,0.0,,,,,,,,,,,,,,,
FRA-Ligue 1,2526,Auxerre,Josué Casimir,HAI,"MF,FW",23.0,2001.0,31.0,16.0,1522.0,16.9,1.0,0.0,1.0,1.0,0.0,1.0,6.0,1.0,0.06,0.0,0.06,0.06,0.06,16.9,1.0,22.0,12.0,54.5,1.3,0.71,0.05,0.08,0.0,1.0,49.0,49.7,16,76.0,4,15,21.0,1,0.97,13.0,25.0,-12.0,-0.71,-0.83,1.0,34.0,32.0,3.0,54.0,11.0,17.0,,,0.0,,,,,,,,,,,,,,,
FRA-Ligue 1,2526,Auxerre,Kévin Danois,FRA,MF,21.0,2004.0,33.0,32.0,2830.0,31.4,3.0,1.0,4.0,3.0,0.0,0.0,3.0,0.0,0.1,0.03,0.13,0.1,0.13,31.4,3.0,25.0,8.0,32.0,0.8,0.25,0.12,0.38,0.0,0.0,86.0,92.5,32,88.0,22,1,22.0,1,1.03,33.0,39.0,-6.0,-0.19,1.37,0.0,33.0,26.0,3.0,130.0,38.0,48.0,,,0.0,,,,,,,,,,,,,,,
FRA-Ligue 1,2526,Auxerre,Lamine Sy,MTN,DF,22.0,2002.0,24.0,17.0,1536.0,17.1,0.0,0.0,0.0,0.0,0.0,0.0,1.0,0.0,0.0,0.0,0.0,0.0,0.0,17.1,0.0,13.0,2.0,15.4,0.76,0.12,0.0,0.0,0.0,0.0,64.0,50.2,17,84.0,12,7,16.0,10,1.04,21.0,21.0,0.0,0.0,0.59,0.0,24.0,14.0,3.0,47.0,26.0,29.0,,,0.0,,,,,,,,,,,,,,,
FRA-Ligue 1,2526,Auxerre,Lassine Sinayoko,MLI,"FW,MF",25.0,1999.0,32.0,32.0,2770.0,30.8,12.0,4.0,16.0,9.0,3.0,4.0,8.0,0.0,0.39,0.13,0.52,0.29,0.42,30.8,12.0,93.0,39.0,41.9,3.02,1.27,0.13,0.31,3.0,4.0,87.0,90.5,32,87.0,21,0,,0,1.06,33.0,37.0,-4.0,-0.13,1.73,0.0,30.0,53.0,13.0,32.0,26.0,26.0,,,0.0,,,,,,,,,,,,,,,
FRA-Ligue 1,2526,Auxerre,Lasso Coulibaly,CIV,MF,22.0,2002.0,17.0,1.0,321.0,3.6,0.0,0.0,0.0,0.0,0.0,0.0,1.0,0.0,0.0,0.0,0.0,0.0,0.0,3.6,0.0,3.0,0.0,0.0,0.84,0.0,0.0,,0.0,0.0,19.0,10.5,1,42.0,0,16,17.0,4,0.88,4.0,5.0,-1.0,-0.28,0.02,0.0,10.0,11.0,2.0,18.0,6.0,5.0,,,0.0,,,,,,,,,,,,,,,
FRA-Ligue 1,2526,Auxerre,Mamoudou Cissokho,FRA,FW,17.0,2007.0,2.0,0.0,2.0,0.0,0.0,0.0,0.0,0.0,0.0,0.0,0.0,0.0,0.0,0.0,0.0,0.0,0.0,0.0,0.0,0.0,0.0,,0.0,0.0,,,0.0,0.0,1.0,0.1,0,,0,2,1.0,8,3.0,0.0,0.0,0.0,0.0,0.29,0.0,0.0,1.0,0.0,0.0,0.0,0.0,,,0.0,,,,,,,,,,,,,,,
FRA-Ligue 1,2526,Auxerre,Marvin Senaya,GHA,"DF,MF",24.0,2001.0,25.0,20.0,1780.0,19.8,1.0,0.0,1.0,1.0,0.0,0.0,5.0,0.0,0.05,0.0,0.05,0.05,0.05,19.8,1.0,15.0,5.0,33.3,0.76,0.25,0.07,0.2,0.0,0.0,71.0,58.2,20,84.0,12,5,21.0,5,0.8,14.0,28.0,-14.0,-0.71,-0.99,0.0,26.0,32.0,1.0,42.0,34.0,31.0,,,0.0,,,,,,,,,,,,,,,
FRA-Ligue 1,2526,Auxerre,Naouirou Ahamada,FRA,MF,23.0,2002.0,15.0,8.0,682.0,7.6,0.0,1.0,1.0,0.0,0.0,0.0,0.0,0.0,0.0,0.13,0.13,0.0,0.13,7.6,0.0,6.0,1.0,16.7,0.79,0.13,0.0,0.0,0.0,0.0,45.0,22.3,8,73.0,2,7,14.0,2,1.33,10.0,7.0,3.0,0.4,0.89,0.0,5.0,9.0,1.0,6.0,5.0,10.0,,,0.0,,,,,,,,,,,,,,,
FRA-Ligue 1,2526,Auxerre,Oussama El Azzouzi,MAR,"MF,DF",24.0,2001.0,11.0,10.0,807.0,9.0,1.0,0.0,1.0,1.0,0.0,0.0,1.0,1.0,0.11,0.0,0.11,0.11,0.11,9.0,1.0,5.0,1.0,20.0,0.56,0.11,0.2,1.0,0.0,0.0,73.0,26.4,10,79.0,2,1,19.0,0,0.64,9.0,11.0,-2.0,-0.22,0.1,0.0,18.0,8.0,0.0,0.0,16.0,15.0,,,0.0,,,,,,,,,,,,,,,
FRA-Ligue 1,2526,Auxerre,Romain Faivre,FRA,"MF,FW",27.0,1998.0,10.0,7.0,581.0,6.5,0.0,2.0,2.0,0.0,0.0,0.0,0.0,0.0,0.0,0.31,0.31,0.0,0.31,6.5,0.0,11.0,3.0,27.3,1.7,0.46,0.0,0.0,0.0,0.0,58.0,19.0,7,77.0,2,3,15.0,1,1.0,7.0,7.0,0.0,0.0,0.36,0.0,5.0,10.0,2.0,14.0,6.0,4.0,,,0.0,,,,,,,,,,,,,,,
FRA-Ligue 1,2526,Auxerre,Rudy Matondo,FRA,MF,17.0,2008.0,16.0,6.0,614.0,6.8,0.0,0.0,0.0,0.0,0.0,0.0,3.0,0.0,0.0,0.0,0.0,0.0,0.0,6.8,0.0,4.0,0.0,0.0,0.59,0.0,0.0,,0.0,0.0,38.0,20.1,6,74.0,3,10,17.0,3,0.5,4.0,8.0,-4.0,-0.59,-0.37,0.0,12.0,9.0,1.0,5.0,7.0,7.0,,,0.0,,,,,,,,,,,,,,,
FRA-Ligue 1,2526,Auxerre,Ryan Rodin,FRA,MF,19.0,2006.0,3.0,0.0,26.0,0.3,0.0,0.0,0.0,0.0,0.0,0.0,0.0,0.0,0.0,0.0,0.0,0.0,0.0,0.3,0.0,0.0,0.0,,0.0,0.0,,,0.0,0.0,9.0,0.8,0,,0,3,9.0,4,0.0,0.0,1.0,-1.0,-3.46,-3.19,0.0,0.0,0.0,0.0,0.0,0.0,0.0,,,0.0,,,,,,,,,,,,,,,
FRA-Ligue 1,2526,Auxerre,Sekou Mara,FRA,FW,23.0,2002.0,27.0,14.0,1226.0,13.6,3.0,2.0,5.0,3.0,0.0,0.0,0.0,0.0,0.22,0.15,0.37,0.22,0.37,13.6,3.0,33.0,12.0,36.4,2.42,0.88,0.09,0.25,0.0,0.0,45.0,40.1,14,71.0,1,13,17.0,2,0.96,17.0,17.0,0.0,0.0,0.49,0.0,27.0,27.0,2.0,0.0,3.0,7.0,,,0.0,,,,,,,,,,,,,,,
FRA-Ligue 1,2526,Auxerre,Sinaly Diomande,CIV,DF,24.0,2001.0,24.0,24.0,2131.0,23.7,2.0,2.0,4.0,2.0,0.0,0.0,4.0,1.0,0.08,0.08,0.17,0.08,0.17,23.7,2.0,9.0,4.0,44.4,0.38,0.17,0.22,0.5,0.0,0.0,89.0,69.6,24,89.0,21,0,,1,1.13,27.0,29.0,-2.0,-0.08,0.69,1.0,31.0,26.0,2.0,0.0,33.0,17.0,,,0.0,,,,,,,,,,,,,,,
FRA-Ligue 1,2526,Auxerre,Telli Siwe,FRA,DF,20.0,2004.0,4.0,4.0,315.0,3.5,0.0,0.0,0.0,0.0,0.0,0.0,0.0,0.0,0.0,0.0,0.0,0.0,0.0,3.5,0.0,2.0,1.0,50.0,0.57,0.29,0.0,0.0,0.0,0.0,79.0,10.3,4,79.0,3,0,,5,1.5,4.0,3.0,1.0,0.29,0.65,0.0,3.0,0.0,0.0,0.0,5.0,4.0,,,0.0,,,,,,,,,,,,,,,
FRA-Ligue 1,2526,Auxerre,Theo Bair,CAN,FW,25.0,1999.0,2.0,0.0,10.0,0.1,0.0,0.0,0.0,0.0,0.0,0.0,0.0,0.0,0.0,0.0,0.0,0.0,0.0,0.1,0.0,0.0,0.0,,0.0,0.0,,,0.0,0.0,5.0,0.3,0,,0,2,5.0,1,1.5,0.0,0.0,0.0,0.0,0.3,0.0,0.0,0.0,0.0,0.0,0.0,0.0,,,0.0,,,,,,,,,,,,,,,
FRA-Ligue 1,2526,Auxerre,Théo De Percin,MTQ,GK,24.0,2001.0,8.0,5.0,598.0,6.6,0.0,0.0,0.0,0.0,0.0,0.0,0.0,0.0,0.0,0.0,0.0,0.0,0.0,6.6,0.0,0.0,0.0,,0.0,0.0,,,0.0,0.0,75.0,19.5,5,90.0,5,3,49.0,26,1.0,10.0,9.0,1.0,0.15,0.55,0.0,0.0,1.0,0.0,0.0,0.0,0.0,,,0.0,9.0,1.35,24.0,15.0,62.5,1.0,1.0,3.0,1.0,20.0,2.0,1.0,1.0,0.0,50.0
FRA-Ligue 1,2526,Auxerre,Tidiane Devernois,FRA,MF,17.0,2007.0,2.0,0.0,10.0,0.1,0.0,0.0,0.0,0.0,0.0,0.0,0.0,0.0,0.0,0.0,0.0,0.0,0.0,0.1,0.0,0.0,0.0,,0.0,0.0,,,0.0,0.0,5.0,0.3,0,,0,2,5.0,10,0.0,0.0,0.0,0.0,0.0,0.3,0.0,0.0,0.0,0.0,3.0,0.0,0.0,,,0.0,,,,,,,,,,,,,,,
FRA-Ligue 1,2526,Auxerre,Yvan Zaddy,CIV,MF,19.0,2006.0,1.0,0.0,1.0,0.0,0.0,0.0,0.0,0.0,0.0,0.0,0.0,0.0,0.0,0.0,0.0,0.0,0.0,0.0,0.0,0.0,0.0,,0.0,0.0,,,0.0,0.0,1.0,0.0,0,,0,1,1.0,9,3.0,0.0,1.0,-1.0,-90.0,-89.74,0.0,0.0,0.0,0.0,0.0,0.0,0.0,,,0.0,,,,,,,,,,,,,,,
FRA-Ligue 1,2526,Brest,Axel Camblan,FRA,FW,21.0,2003.0,1.0,0.0,12.0,0.1,0.0,0.0,0.0,0.0,0.0,0.0,0.0,0.0,0.0,0.0,0.0,0.0,0.0,0.1,0.0,0.0,0.0,,0.0,0.0,,,0.0,0.0,12.0,0.4,0,,0,1,12.0,2,0.0,0.0,0.0,0.0,0.0,0.35,0.0,0.0,0.0,0.0,0.0,0.0,0.0,,,0.0,,,,,,,,,,,,,,,
FRA-Ligue 1,2526,Brest,Bradley Locko,FRA,DF,23.0,2002.0,21.0,14.0,1286.0,14.3,0.0,2.0,2.0,0.0,0.0,0.0,0.0,0.0,0.0,0.14,0.14,0.0,0.14,14.3,0.0,2.0,1.0,50.0,0.14,0.07,0.0,0.0,0.0,0.0,61.0,42.0,14,84.0,8,7,17.0,1,1.1,20.0,23.0,-3.0,-0.21,0.25,0.0,12.0,18.0,2.0,34.0,10.0,28.0,,,0.0,,,,,,,,,,,,,,,
FRA-Ligue 1,2526,Brest,Brendan Chardonnet,FRA,DF,30.0,1994.0,29.0,29.0,2546.0,28.3,1.0,3.0,4.0,1.0,0.0,0.0,6.0,0.0,0.04,0.11,0.14,0.04,0.14,28.3,1.0,12.0,6.0,50.0,0.42,0.21,0.08,0.17,0.0,0.0,88.0,83.2,29,88.0,27,0,,2,1.34,39.0,43.0,-4.0,-0.14,1.26,0.0,28.0,20.0,0.0,7.0,34.0,18.0,,,0.0,,,,,,,,,,,,,,,
FRA-Ligue 1,2526,Brest,Daouda Guindo,MLI,DF,22.0,2002.0,25.0,19.0,1686.0,18.7,1.0,1.0,2.0,1.0,0.0,0.0,4.0,1.0,0.05,0.05,0.11,0.05,0.11,18.7,1.0,21.0,5.0,23.8,1.12,0.27,0.05,0.2,0.0,0.0,67.0,55.1,19,83.0,12,6,19.0,4,1.2,22.0,26.0,-4.0,-0.21,0.31,0.0,26.0,15.0,4.0,38.0,30.0,30.0,,,0.0,,,,,,,,,,,,,,,
FRA-Ligue 1,2526,Brest,Grégoire Coudert,FRA,GK,26.0,1999.0,25.0,24.0,2192.0,24.4,0.0,0.0,0.0,0.0,0.0,0.0,2.0,0.0,0.0,0.0,0.0,0.0,0.0,24.4,0.0,0.0,0.0,,0.0,0.0,,,0.0,0.0,88.0,71.6,24,90.0,24,1,32.0,9,1.28,34.0,40.0,-6.0,-0.25,0.38,0.0,1.0,8.0,0.0,0.0,0.0,0.0,,,0.0,40.0,1.64,116.0,76.0,65.5,9.0,5.0,10.0,6.0,25.0,4.0,3.0,1.0,0.0,25.0
FRA-Ligue 1,2526,Brest,Hamidou Makalou,MLI,MF,19.0,2006.0,17.0,2.0,341.0,3.8,0.0,0.0,0.0,0.0,0.0,0.0,0.0,0.0,0.0,0.0,0.0,0.0,0.0,3.8,0.0,4.0,1.0,25.0,1.06,0.26,0.0,0.0,0.0,0.0,20.0,11.1,2,79.0,1,15,12.0,16,0.59,3.0,9.0,-6.0,-1.58,-1.38,0.0,1.0,4.0,0.0,14.0,5.0,5.0,,,0.0,,,,,,,,,,,,,,,
FRA-Ligue 1,2526,Brest,Hugo Magnetti,FRA,MF,27.0,1998.0,33.0,31.0,2688.0,29.9,1.0,1.0,2.0,1.0,0.0,0.0,4.0,1.0,0.03,0.03,0.07,0.03,0.07,29.9,1.0,22.0,5.0,22.7,0.74,0.17,0.05,0.2,0.0,0.0,81.0,87.8,31,85.0,20,2,19.0,0,1.18,39.0,46.0,-7.0,-0.23,0.98,0.0,31.0,33.0,0.0,26.0,44.0,45.0,,,0.0,,,,,,,,,,,,,,,
FRA-Ligue 1,2526,Brest,Ibrahim Kanté,FRA,MF,18.0,2007.0,1.0,0.0,9.0,0.1,0.0,0.0,0.0,0.0,0.0,0.0,0.0,0.0,0.0,0.0,0.0,0.0,0.0,0.1,0.0,0.0,0.0,,0.0,0.0,,,0.0,0.0,9.0,0.3,0,,0,1,9.0,5,1.0,0.0,0.0,0.0,0.0,0.35,0.0,0.0,0.0,0.0,0.0,0.0,0.0,,,0.0,,,,,,,,,,,,,,,
FRA-Ligue 1,2526,Brest,Joris Chotard,FRA,MF,23.0,2001.0,33.0,31.0,2773.0,30.8,2.0,1.0,3.0,2.0,0.0,0.0,2.0,0.0,0.06,0.03,0.1,0.06,0.1,30.8,2.0,25.0,8.0,32.0,0.81,0.26,0.08,0.25,0.0,0.0,84.0,90.6,31,88.0,25,2,18.0,0,1.15,39.0,47.0,-8.0,-0.26,0.99,0.0,28.0,12.0,0.0,51.0,48.0,34.0,,,0.0,,,,,,,,,,,,,,,
FRA-Ligue 1,2526,Brest,Julien Le Cardinal,FRA,DF,27.0,1997.0,5.0,3.0,328.0,3.6,1.0,0.0,1.0,1.0,0.0,0.0,1.0,0.0,0.27,0.0,0.27,0.27,0.27,3.6,1.0,5.0,2.0,40.0,1.37,0.55,0.2,0.5,0.0,0.0,66.0,10.7,3,90.0,3,2,29.0,13,1.0,7.0,9.0,-2.0,-0.55,-0.22,0.0,2.0,4.0,0.0,0.0,3.0,5.0,,,0.0,,,,,,,,,,,,,,,
FRA-Ligue 1,2526,Brest,Junior Diaz,CIV,DF,22.0,2003.0,20.0,17.0,1562.0,17.4,0.0,0.0,0.0,0.0,0.0,0.0,4.0,0.0,0.0,0.0,0.0,0.0,0.0,17.4,0.0,7.0,1.0,14.3,0.4,0.06,0.0,0.0,0.0,0.0,78.0,51.0,17,89.0,16,3,16.0,13,1.25,22.0,24.0,-2.0,-0.12,0.49,0.0,8.0,11.0,0.0,1.0,25.0,18.0,,,0.0,,,,,,,,,,,,,,,
FRA-Ligue 1,2526,Brest,Junior Dina Ebimbe,CMR,MF,24.0,2000.0,27.0,15.0,1165.0,12.9,5.0,0.0,5.0,5.0,0.0,0.0,3.0,0.0,0.39,0.0,0.39,0.39,0.39,12.9,5.0,27.0,9.0,33.3,2.09,0.7,0.19,0.56,0.0,0.0,43.0,38.1,15,66.0,1,12,14.0,2,1.04,15.0,21.0,-6.0,-0.46,-0.18,0.0,22.0,15.0,3.0,4.0,6.0,16.0,,,0.0,,,,,,,,,,,,,,,
FRA-Ligue 1,2526,Brest,Justin Bourgault,FRA,FW,19.0,2005.0,1.0,0.0,16.0,0.2,0.0,0.0,0.0,0.0,0.0,0.0,0.0,0.0,0.0,0.0,0.0,0.0,0.0,0.2,0.0,1.0,0.0,0.0,5.63,0.0,0.0,,0.0,0.0,16.0,0.5,0,,0,1,16.0,9,0.0,0.0,2.0,-2.0,-11.25,-10.95,0.0,0.0,0.0,0.0,0.0,1.0,0.0,,,0.0,,,,,,,,,,,,,,,
FRA-Ligue 1,2526,Brest,Kamory Doumbia,MLI,MF,22.0,2003.0,24.0,22.0,1750.0,19.4,5.0,4.0,9.0,5.0,0.0,0.0,6.0,0.0,0.26,0.21,0.46,0.26,0.46,19.4,5.0,43.0,14.0,32.6,2.21,0.72,0.12,0.36,0.0,0.0,73.0,57.2,22,78.0,4,2,22.0,0,1.33,30.0,25.0,5.0,0.26,1.43,0.0,29.0,21.0,2.0,20.0,20.0,30.0,,,0.0,,,,,,,,,,,,,,,
FRA-Ligue 1,2526,Brest,Kenny Lala,MAD,DF,33.0,1991.0,32.0,31.0,2791.0,31.0,0.0,3.0,3.0,0.0,0.0,0.0,4.0,0.0,0.0,0.1,0.1,0.0,0.1,31.0,0.0,8.0,1.0,12.5,0.26,0.03,0.0,0.0,0.0,0.0,87.0,91.2,31,89.0,29,1,24.0,0,1.13,39.0,52.0,-13.0,-0.42,-0.75,0.0,17.0,23.0,0.0,106.0,26.0,26.0,,,0.0,,,,,,,,,,,,,,,
FRA-Ligue 1,2526,Brest,Lucas Tousart,FRA,"MF,DF",28.0,1997.0,24.0,9.0,834.0,9.3,1.0,0.0,1.0,1.0,0.0,0.0,0.0,0.0,0.11,0.0,0.11,0.11,0.11,9.3,1.0,9.0,3.0,33.3,0.97,0.32,0.11,0.33,0.0,0.0,35.0,27.3,9,67.0,0,15,16.0,3,1.21,8.0,17.0,-9.0,-0.97,-0.85,0.0,21.0,5.0,0.0,3.0,9.0,12.0,,,0.0,,,,,,,,,,,,,,,
FRA-Ligue 1,2526,Brest,Luck Zogbé,CIV,DF,20.0,2005.0,9.0,3.0,288.0,3.2,0.0,0.0,0.0,0.0,0.0,0.0,0.0,0.0,0.0,0.0,0.0,0.0,0.0,3.2,0.0,3.0,0.0,0.0,0.94,0.0,0.0,,0.0,0.0,32.0,9.4,3,90.0,3,6,3.0,20,1.33,4.0,7.0,-3.0,-0.94,-0.65,0.0,7.0,5.0,0.0,11.0,3.0,5.0,,,0.0,,,,,,,,,,,,,,,
FRA-Ligue 1,2526,Brest,Ludovic Ajorque,FRA,FW,31.0,1994.0,32.0,32.0,2820.0,31.3,8.0,9.0,17.0,8.0,0.0,0.0,9.0,1.0,0.26,0.29,0.54,0.26,0.54,31.3,8.0,55.0,17.0,30.9,1.76,0.54,0.15,0.47,0.0,0.0,88.0,92.2,32,88.0,28,0,,0,1.22,41.0,49.0,-8.0,-0.26,1.24,0.0,65.0,55.0,14.0,9.0,11.0,20.0,,,0.0,,,,,,,,,,,,,,,
FRA-Ligue 1,2526,Brest,Mama Samba Baldé,GNB,"FW,MF",29.0,1995.0,18.0,8.0,716.0,8.0,2.0,2.0,4.0,2.0,0.0,0.0,0.0,0.0,0.25,0.25,0.5,0.25,0.5,8.0,2.0,31.0,5.0,16.1,3.9,0.63,0.06,0.4,0.0,0.0,40.0,23.4,8,61.0,0,10,23.0,0,0.83,7.0,18.0,-11.0,-1.38,-1.34,0.0,12.0,11.0,0.0,3.0,5.0,7.0,,,0.0,,,,,,,,,,,,,,,
FRA-Ligue 1,2526,Brest,Pathé Mboup,SEN,MF,21.0,2003.0,28.0,9.0,1054.0,11.7,1.0,0.0,1.0,1.0,0.0,0.0,6.0,0.0,0.09,0.0,0.09,0.09,0.09,11.7,1.0,23.0,10.0,43.5,1.96,0.85,0.04,0.1,0.0,0.0,38.0,34.4,9,71.0,1,19,22.0,3,1.14,12.0,18.0,-6.0,-0.51,-0.24,0.0,34.0,19.0,5.0,11.0,12.0,18.0,,,0.0,,,,,,,,,,,,,,,
FRA-Ligue 1,2526,Brest,Pierre Lees-Melou,FRA,MF,32.0,1993.0,2.0,2.0,180.0,2.0,0.0,0.0,0.0,0.0,0.0,0.0,0.0,0.0,0.0,0.0,0.0,0.0,0.0,2.0,0.0,4.0,0.0,0.0,2.0,0.0,0.0,,0.0,0.0,90.0,5.9,2,90.0,2,0,,0,0.5,3.0,5.0,-2.0,-1.0,-0.69,0.0,2.0,5.0,0.0,5.0,0.0,4.0,,,0.0,,,,,,,,,,,,,,,
FRA-Ligue 1,2526,Brest,Radosław Majecki,POL,GK,25.0,1999.0,10.0,10.0,864.0,9.6,0.0,0.0,0.0,0.0,0.0,0.0,0.0,1.0,0.0,0.0,0.0,0.0,0.0,9.6,0.0,0.0,0.0,,0.0,0.0,,,0.0,0.0,86.0,28.2,10,86.0,9,0,,16,0.7,9.0,15.0,-6.0,-0.62,-0.38,0.0,1.0,1.0,0.0,0.0,0.0,0.0,,,0.0,18.0,1.87,44.0,26.0,59.1,1.0,4.0,5.0,3.0,30.0,1.0,1.0,0.0,0.0,0.0
FRA-Ligue 1,2526,Brest,Raphael Le Guen,FRA,DF,18.0,2006.0,6.0,4.0,375.0,4.2,0.0,0.0,0.0,0.0,0.0,0.0,0.0,0.0,0.0,0.0,0.0,0.0,0.0,4.2,0.0,4.0,1.0,25.0,0.96,0.24,0.0,0.0,0.0,0.0,63.0,12.3,4,90.0,4,2,8.0,16,0.17,2.0,9.0,-7.0,-1.68,-1.51,0.0,4.0,0.0,0.0,0.0,11.0,3.0,,,0.0,,,,,,,,,,,,,,,
FRA-Ligue 1,2526,Brest,Romain Del Castillo,FRA,"MF,FW",29.0,1996.0,32.0,32.0,2625.0,29.2,9.0,3.0,12.0,3.0,6.0,8.0,2.0,1.0,0.31,0.1,0.41,0.1,0.21,29.2,9.0,33.0,13.0,39.4,1.13,0.45,0.27,0.69,6.0,8.0,82.0,85.8,32,82.0,11,0,,0,1.19,41.0,44.0,-3.0,-0.1,1.76,0.0,28.0,43.0,5.0,198.0,28.0,36.0,,,0.0,,,,,,,,,,,,,,,
FRA-Ligue 1,2526,Brest,Rémy Labeau Lascary,GLP,"MF,FW",22.0,2003.0,27.0,12.0,1200.0,13.3,5.0,1.0,6.0,5.0,0.0,0.0,2.0,0.0,0.37,0.07,0.45,0.37,0.45,13.3,5.0,34.0,16.0,47.1,2.55,1.2,0.15,0.31,0.0,0.0,44.0,39.2,12,70.0,3,15,24.0,0,1.33,18.0,21.0,-3.0,-0.23,0.21,0.0,29.0,18.0,9.0,12.0,4.0,11.0,,,0.0,,,,,,,,,,,,,,,
FRA-Ligue 1,2526,Brest,Soumaïla Coulibaly,FRA,DF,21.0,2003.0,16.0,15.0,1338.0,14.9,0.0,0.0,0.0,0.0,0.0,0.0,3.0,0.0,0.0,0.0,0.0,0.0,0.0,14.9,0.0,6.0,2.0,33.3,0.4,0.13,0.0,0.0,0.0,0.0,84.0,43.7,15,88.0,13,1,15.0,4,0.88,17.0,28.0,-11.0,-0.74,-0.69,0.0,26.0,20.0,1.0,1.0,13.0,12.0,,,1.0,,,,,,,,,,,,,,,
FRA-Ligue 1,2526,Brest,Sérigné Diop,SEN,FW,20.0,2005.0,2.0,0.0,12.0,0.1,0.0,0.0,0.0,0.0,0.0,0.0,0.0,0.0,0.0,0.0,0.0,0.0,0.0,0.1,0.0,1.0,0.0,0.0,7.5,0.0,0.0,,0.0,0.0,6.0,0.4,0,,0,2,6.0,9,0.0,0.0,1.0,-1.0,-7.5,-7.18,0.0,0.0,0.0,0.0,1.0,0.0,0.0,,,0.0,,,,,,,,,,,,,,,
FRA-Ligue 1,2526,Le Havre,Abdoulaye Touré,GUI,MF,31.0,1994.0,11.0,8.0,740.0,8.2,2.0,0.0,2.0,2.0,0.0,1.0,2.0,0.0,0.24,0.0,0.24,0.24,0.24,8.2,2.0,13.0,4.0,30.8,1.58,0.49,0.15,0.5,0.0,1.0,67.0,24.2,8,83.0,4,3,26.0,0,1.18,6.0,8.0,-2.0,-0.24,0.14,0.0,13.0,17.0,0.0,13.0,10.0,6.0,,,0.0,,,,,,,,,,,,,,,
FRA-Ligue 1,2526,Le Havre,Arouna Sangante,SEN,DF,23.0,2002.0,28.0,28.0,2324.0,25.8,1.0,1.0,2.0,1.0,0.0,0.0,4.0,2.0,0.04,0.04,0.08,0.04,0.08,25.8,1.0,9.0,5.0,55.6,0.35,0.19,0.11,0.2,0.0,0.0,83.0,75.9,28,83.0,17,0,,0,1.04,23.0,33.0,-10.0,-0.39,-0.14,0.0,42.0,41.0,0.0,8.0,36.0,25.0,,,0.0,,,,,,,,,,,,,,,
FRA-Ligue 1,2526,Le Havre,Ayumu Seko,JPN,"MF,DF",25.0,2000.0,30.0,29.0,2625.0,29.2,0.0,0.0,0.0,0.0,0.0,0.0,6.0,0.0,0.0,0.0,0.0,0.0,0.0,29.2,0.0,17.0,6.0,35.3,0.58,0.21,0.0,0.0,0.0,0.0,88.0,85.8,29,90.0,28,1,22.0,0,0.87,25.0,38.0,-13.0,-0.45,-0.65,0.0,28.0,20.0,1.0,5.0,35.0,24.0,,,1.0,,,,,,,,,,,,,,,
FRA-Ligue 1,2526,Le Havre,Damián Pizarro,CHI,FW,20.0,2005.0,2.0,0.0,28.0,0.3,0.0,0.0,0.0,0.0,0.0,0.0,0.0,0.0,0.0,0.0,0.0,0.0,0.0,0.3,0.0,0.0,0.0,,0.0,0.0,,,0.0,0.0,14.0,0.9,0,,0,2,14.0,3,1.0,1.0,0.0,1.0,3.21,3.6,0.0,1.0,1.0,1.0,0.0,0.0,0.0,,,0.0,,,,,,,,,,,,,,,
FRA-Ligue 1,2526,Le Havre,Daren Mosengo,FRA,MF,18.0,2006.0,7.0,0.0,108.0,1.2,0.0,0.0,0.0,0.0,0.0,0.0,0.0,0.0,0.0,0.0,0.0,0.0,0.0,1.2,0.0,0.0,0.0,,0.0,0.0,,,0.0,0.0,15.0,3.5,0,,0,7,15.0,17,1.57,1.0,0.0,1.0,0.83,1.23,0.0,1.0,2.0,0.0,0.0,1.0,0.0,,,0.0,,,,,,,,,,,,,,,
FRA-Ligue 1,2526,Le Havre,Enzo Koffi Vinette,FRA,DF,19.0,2006.0,14.0,4.0,385.0,4.3,0.0,0.0,0.0,0.0,0.0,0.0,2.0,0.0,0.0,0.0,0.0,0.0,0.0,4.3,0.0,4.0,2.0,50.0,0.94,0.47,0.0,0.0,0.0,0.0,28.0,12.6,4,54.0,0,10,17.0,2,1.0,4.0,4.0,0.0,0.0,0.4,0.0,12.0,10.0,1.0,24.0,10.0,10.0,,,0.0,,,,,,,,,,,,,,,
FRA-Ligue 1,2526,Le Havre,Etienne Youte Kinkoue,FRA,"DF,MF",23.0,2002.0,9.0,4.0,419.0,4.7,0.0,0.0,0.0,0.0,0.0,0.0,2.0,0.0,0.0,0.0,0.0,0.0,0.0,4.7,0.0,0.0,0.0,,0.0,0.0,,,0.0,0.0,47.0,13.7,4,87.0,3,5,14.0,12,1.33,5.0,8.0,-3.0,-0.64,-0.34,0.0,3.0,1.0,0.0,0.0,1.0,3.0,,,0.0,,,,,,,,,,,,,,,
FRA-Ligue 1,2526,Le Havre,Felix Mambimbi,SUI,"FW,MF",24.0,2001.0,17.0,7.0,530.0,5.9,1.0,0.0,1.0,1.0,0.0,0.0,1.0,0.0,0.17,0.0,0.17,0.17,0.17,5.9,1.0,6.0,2.0,33.3,1.02,0.34,0.17,0.5,0.0,0.0,31.0,17.3,7,62.0,0,10,9.0,13,0.94,4.0,8.0,-4.0,-0.68,-0.39,0.0,16.0,4.0,5.0,5.0,4.0,10.0,,,0.0,,,,,,,,,,,,,,,
FRA-Ligue 1,2526,Le Havre,Fodé Doucouré,MLI,"MF,FW",24.0,2001.0,26.0,15.0,1239.0,13.8,3.0,1.0,4.0,3.0,0.0,0.0,2.0,0.0,0.22,0.07,0.29,0.22,0.29,13.8,3.0,20.0,8.0,40.0,1.45,0.58,0.15,0.38,0.0,0.0,48.0,40.5,15,66.0,0,11,23.0,5,0.96,19.0,19.0,0.0,0.0,0.59,0.0,14.0,4.0,2.0,78.0,9.0,26.0,,,0.0,,,,,,,,,,,,,,,
FRA-Ligue 1,2526,Le Havre,Gautier Lloris,FRA,DF,30.0,1995.0,29.0,28.0,2398.0,26.6,1.0,1.0,2.0,1.0,0.0,0.0,2.0,1.0,0.04,0.04,0.08,0.04,0.08,26.6,1.0,12.0,4.0,33.3,0.45,0.15,0.08,0.25,0.0,0.0,83.0,78.4,28,85.0,25,1,12.0,0,1.03,25.0,31.0,-6.0,-0.23,0.59,0.0,27.0,17.0,2.0,2.0,43.0,24.0,,,1.0,,,,,,,,,,,,,,,
FRA-Ligue 1,2526,Le Havre,Georges Gomis,SEN,DF,17.0,2008.0,1.0,0.0,1.0,0.0,0.0,0.0,0.0,0.0,0.0,0.0,0.0,0.0,0.0,0.0,0.0,0.0,0.0,0.0,0.0,0.0,0.0,,0.0,0.0,,,0.0,0.0,1.0,0.0,0,,0,1,1.0,2,3.0,0.0,0.0,0.0,0.0,0.35,0.0,0.0,0.0,0.0,0.0,0.0,0.0,,,0.0,,,,,,,,,,,,,,,
FRA-Ligue 1,2526,Le Havre,Godson Kyeremeh,FRA,FW,25.0,2000.0,13.0,3.0,381.0,4.2,1.0,1.0,2.0,1.0,0.0,0.0,0.0,0.0,0.24,0.24,0.47,0.24,0.47,4.2,1.0,6.0,2.0,33.3,1.42,0.47,0.17,0.5,0.0,0.0,29.0,12.5,3,80.0,1,10,14.0,16,0.85,4.0,3.0,1.0,0.24,0.67,0.0,9.0,19.0,5.0,15.0,0.0,6.0,,,0.0,,,,,,,,,,,,,,,
FRA-Ligue 1,2526,Le Havre,Issa Soumaré,SEN,"FW,MF",24.0,2000.0,34.0,33.0,2948.0,32.8,8.0,5.0,13.0,7.0,1.0,3.0,3.0,0.0,0.24,0.15,0.4,0.21,0.37,32.8,8.0,77.0,28.0,36.4,2.35,0.85,0.1,0.29,1.0,3.0,87.0,96.3,33,88.0,32,1,45.0,0,1.03,31.0,43.0,-12.0,-0.37,-0.37,0.0,56.0,74.0,14.0,61.0,12.0,20.0,,,0.0,,,,,,,,,,,,,,,
FRA-Ligue 1,2526,Le Havre,Kenny Quetant,FRA,FW,19.0,2006.0,9.0,4.0,372.0,4.1,1.0,0.0,1.0,1.0,0.0,0.0,1.0,0.0,0.24,0.0,0.24,0.24,0.24,4.1,1.0,8.0,2.0,25.0,1.94,0.48,0.13,0.5,0.0,0.0,41.0,12.2,4,72.0,0,5,17.0,2,0.67,3.0,2.0,1.0,0.24,0.68,0.0,6.0,3.0,4.0,1.0,1.0,0.0,,,0.0,,,,,,,,,,,,,,,
FRA-Ligue 1,2526,Le Havre,Lionel Mpasi,COD,GK,30.0,1994.0,4.0,3.0,315.0,3.5,0.0,0.0,0.0,0.0,0.0,0.0,1.0,0.0,0.0,0.0,0.0,0.0,0.0,3.5,0.0,0.0,0.0,,0.0,0.0,,,0.0,0.0,79.0,10.3,3,90.0,3,1,45.0,28,1.25,2.0,2.0,0.0,0.0,0.39,0.0,0.0,1.0,0.0,0.0,0.0,0.0,,,0.0,2.0,0.57,17.0,15.0,88.2,0.0,2.0,1.0,1.0,33.3,0.0,0.0,0.0,0.0,
FRA-Ligue 1,2526,Le Havre,Loïc Nego,HUN,"DF,MF",34.0,1991.0,30.0,26.0,2339.0,26.0,0.0,0.0,0.0,0.0,0.0,0.0,3.0,0.0,0.0,0.0,0.0,0.0,0.0,26.0,0.0,16.0,3.0,18.8,0.62,0.12,0.0,0.0,0.0,0.0,78.0,76.4,26,87.0,21,4,18.0,1,1.17,25.0,34.0,-9.0,-0.35,0.03,0.0,18.0,18.0,4.0,78.0,32.0,36.0,,,0.0,,,,,,,,,,,,,,,
FRA-Ligue 1,2526,Le Havre,Lucas Gourna-Douath,FRA,MF,21.0,2003.0,15.0,14.0,1272.0,14.1,0.0,0.0,0.0,0.0,0.0,0.0,5.0,0.0,0.0,0.0,0.0,0.0,0.0,14.1,0.0,9.0,2.0,22.2,0.64,0.14,0.0,0.0,0.0,0.0,85.0,41.6,14,88.0,10,1,45.0,0,0.87,11.0,18.0,-7.0,-0.5,-0.24,0.0,24.0,35.0,2.0,5.0,15.0,12.0,,,0.0,,,,,,,,,,,,,,,
FRA-Ligue 1,2526,Le Havre,Mbwana Samatta,TAN,FW,32.0,1992.0,27.0,17.0,1542.0,17.1,2.0,1.0,3.0,2.0,0.0,0.0,4.0,0.0,0.12,0.06,0.18,0.12,0.18,17.1,2.0,42.0,16.0,38.1,2.45,0.93,0.05,0.13,0.0,0.0,57.0,50.4,17,73.0,4,10,30.0,0,0.96,18.0,21.0,-3.0,-0.18,0.36,0.0,35.0,20.0,10.0,7.0,4.0,6.0,,,0.0,,,,,,,,,,,,,,,
FRA-Ligue 1,2526,Le Havre,Mory Diaw,SEN,GK,32.0,1993.0,30.0,30.0,2655.0,29.5,0.0,1.0,1.0,0.0,0.0,0.0,1.0,0.0,0.0,0.03,0.03,0.0,0.03,29.5,0.0,0.0,0.0,,0.0,0.0,,,0.0,0.0,89.0,86.8,30,89.0,29,0,,1,1.0,28.0,41.0,-13.0,-0.44,-0.66,0.0,0.0,6.0,0.0,0.0,2.0,0.0,,,0.0,41.0,1.39,121.0,80.0,66.1,6.0,12.0,12.0,7.0,23.3,8.0,6.0,2.0,0.0,25.0
FRA-Ligue 1,2526,Le Havre,Noam Obougou Jacquet,FRA,FW,19.0,2006.0,5.0,0.0,104.0,1.2,1.0,0.0,1.0,1.0,0.0,0.0,0.0,0.0,0.87,0.0,0.87,0.87,0.87,1.2,1.0,4.0,3.0,75.0,3.46,2.6,0.25,0.33,0.0,0.0,21.0,3.4,0,,0,5,21.0,7,1.0,1.0,0.0,1.0,0.87,1.26,0.0,5.0,3.0,0.0,2.0,1.0,0.0,,,0.0,,,,,,,,,,,,,,,
FRA-Ligue 1,2526,Le Havre,Paul Argney,FRA,GK,19.0,2006.0,1.0,1.0,90.0,1.0,0.0,0.0,0.0,0.0,0.0,0.0,0.0,0.0,0.0,0.0,0.0,0.0,0.0,1.0,0.0,0.0,0.0,,0.0,0.0,,,0.0,0.0,90.0,2.9,1,90.0,1,0,,3,3.0,2.0,1.0,1.0,1.0,1.39,0.0,0.0,0.0,0.0,0.0,0.0,0.0,,,0.0,1.0,1.0,3.0,2.0,66.7,1.0,0.0,0.0,0.0,0.0,0.0,0.0,0.0,0.0,
FRA-Ligue 1,2526,Le Havre,Rassoul Ndiaye,SEN,MF,23.0,2001.0,33.0,30.0,2566.0,28.5,4.0,4.0,8.0,4.0,0.0,0.0,2.0,0.0,0.14,0.14,0.28,0.14,0.28,28.5,4.0,34.0,9.0,26.5,1.19,0.32,0.12,0.44,0.0,0.0,78.0,83.9,30,83.0,15,3,26.0,0,1.03,25.0,32.0,-7.0,-0.25,0.67,0.0,22.0,37.0,5.0,92.0,17.0,32.0,,,0.0,,,,,,,,,,,,,,,
FRA-Ligue 1,2526,Le Havre,Reda Khadra,GER,FW,24.0,2001.0,8.0,1.0,229.0,2.5,0.0,0.0,0.0,0.0,0.0,0.0,0.0,0.0,0.0,0.0,0.0,0.0,0.0,2.5,0.0,6.0,3.0,50.0,2.36,1.18,0.0,0.0,0.0,0.0,29.0,7.5,1,84.0,0,7,21.0,7,0.38,2.0,5.0,-3.0,-1.18,-0.89,0.0,4.0,1.0,0.0,20.0,0.0,4.0,,,0.0,,,,,,,,,,,,,,,
FRA-Ligue 1,2526,Le Havre,Simon Ebonog,CMR,MF,20.0,2004.0,30.0,21.0,1759.0,19.5,1.0,0.0,1.0,1.0,0.0,0.0,8.0,0.0,0.05,0.0,0.05,0.05,0.05,19.5,1.0,22.0,4.0,18.2,1.13,0.2,0.05,0.25,0.0,0.0,59.0,57.5,21,77.0,7,9,17.0,2,1.07,17.0,31.0,-14.0,-0.72,-0.85,0.0,29.0,34.0,0.0,16.0,24.0,21.0,,,0.0,,,,,,,,,,,,,,,
FRA-Ligue 1,2526,Le Havre,Sofiane Boufal,MAR,"MF,FW",31.0,1993.0,17.0,13.0,1019.0,11.3,1.0,4.0,5.0,1.0,0.0,1.0,2.0,0.0,0.09,0.35,0.44,0.09,0.44,11.3,1.0,19.0,4.0,21.1,1.68,0.35,0.05,0.25,0.0,1.0,60.0,33.3,13,73.0,0,4,18.0,0,1.0,10.0,16.0,-6.0,-0.53,-0.27,0.0,24.0,32.0,6.0,59.0,3.0,17.0,,,0.0,,,,,,,,,,,,,,,
FRA-Ligue 1,2526,Le Havre,Stephan Zagadou,FRA,DF,16.0,2008.0,8.0,6.0,495.0,5.5,1.0,0.0,1.0,1.0,0.0,0.0,0.0,1.0,0.18,0.0,0.18,0.18,0.18,5.5,1.0,1.0,1.0,100.0,0.18,0.18,1.0,1.0,0.0,0.0,62.0,16.2,6,77.0,1,2,16.0,7,1.38,4.0,5.0,-1.0,-0.18,0.2,0.0,7.0,1.0,0.0,0.0,1.0,5.0,,,0.0,,,,,,,,,,,,,,,
FRA-Ligue 1,2526,Le Havre,Thomas Delaine,FRA,"MF,DF",33.0,1992.0,5.0,2.0,201.0,2.2,0.0,0.0,0.0,0.0,0.0,0.0,1.0,0.0,0.0,0.0,0.0,0.0,0.0,2.2,0.0,3.0,0.0,0.0,1.34,0.0,0.0,,0.0,0.0,40.0,6.6,2,74.0,0,3,18.0,4,2.0,3.0,1.0,2.0,0.9,1.34,0.0,2.0,1.0,0.0,18.0,3.0,0.0,,,0.0,,,,,,,,,,,,,,,
FRA-Ligue 1,2526,Le Havre,Timothee Pembele,FRA,"MF,DF",22.0,2002.0,14.0,2.0,381.0,4.2,0.0,0.0,0.0,0.0,0.0,0.0,1.0,0.0,0.0,0.0,0.0,0.0,0.0,4.2,0.0,4.0,2.0,50.0,0.94,0.47,0.0,0.0,0.0,0.0,27.0,12.5,2,53.0,0,12,23.0,2,1.07,4.0,5.0,-1.0,-0.24,0.13,0.0,3.0,5.0,1.0,6.0,3.0,5.0,,,0.0,,,,,,,,,,,,,,,
FRA-Ligue 1,2526,Le Havre,Yanis Zouaoui,ALG,"DF,MF",27.0,1998.0,30.0,28.0,2338.0,26.0,1.0,1.0,2.0,0.0,1.0,1.0,7.0,0.0,0.04,0.04,0.08,0.0,0.04,26.0,1.0,16.0,5.0,31.3,0.62,0.19,0.06,0.2,1.0,1.0,78.0,76.4,28,82.0,14,2,25.0,0,0.93,24.0,37.0,-13.0,-0.5,-0.63,0.0,22.0,26.0,1.0,182.0,27.0,30.0,,,1.0,,,,,,,,,,,,,,,
FRA-Ligue 1,2526,Le Havre,Yassine Kechta,MAR,MF,23.0,2002.0,30.0,14.0,1332.0,14.8,2.0,1.0,3.0,2.0,0.0,0.0,3.0,0.0,0.14,0.07,0.2,0.14,0.2,14.8,2.0,21.0,9.0,42.9,1.42,0.61,0.1,0.22,0.0,0.0,44.0,43.5,14,73.0,1,16,19.0,3,1.07,18.0,22.0,-4.0,-0.27,0.15,0.0,35.0,16.0,3.0,26.0,18.0,18.0,,,0.0,,,,,,,,,,,,,,,
FRA-Ligue 1,2526,Le Havre,Younes Namli,DEN,"FW,MF",31.0,1994.0,12.0,3.0,327.0,3.6,0.0,1.0,1.0,0.0,0.0,0.0,2.0,0.0,0.0,0.28,0.28,0.0,0.28,3.6,0.0,4.0,0.0,0.0,1.1,0.0,0.0,,0.0,0.0,27.0,10.7,3,65.0,0,9,15.0,3,0.92,4.0,7.0,-3.0,-0.83,-0.53,0.0,8.0,4.0,2.0,21.0,5.0,5.0,,,0.0,,,,,,,,,,,,,,,
FRA-Ligue 1,2526,Lens,Abdallah Sima,SEN,"MF,FW",24.0,2001.0,21.0,6.0,718.0,8.0,2.0,2.0,4.0,2.0,0.0,0.0,3.0,0.0,0.25,0.25,0.5,0.25,0.5,8.0,2.0,30.0,9.0,30.0,3.76,1.13,0.07,0.22,0.0,0.0,34.0,23.5,6,71.0,0,15,20.0,10,1.86,12.0,11.0,1.0,0.13,-1.03,0.0,14.0,14.0,3.0,14.0,1.0,5.0,,,0.0,,,,,,,,,,,,,,,
FRA-Ligue 1,2526,Lens,Adrien Thomasson,FRA,MF,31.0,1993.0,32.0,31.0,2683.0,29.8,3.0,9.0,12.0,3.0,0.0,0.0,11.0,0.0,0.1,0.3,0.4,0.1,0.4,29.8,3.0,43.0,13.0,30.2,1.44,0.44,0.07,0.23,0.0,0.0,84.0,87.7,31,86.0,22,1,30.0,0,2.0,56.0,33.0,23.0,0.77,-1.14,0.0,54.0,43.0,4.0,121.0,20.0,56.0,,,0.0,,,,,,,,,,,,,,,
FRA-Ligue 1,2526,Lens,Allan Saint-Maximin,FRA,MF,28.0,1997.0,10.0,2.0,410.0,4.6,3.0,3.0,6.0,3.0,0.0,0.0,0.0,0.0,0.66,0.66,1.32,0.66,1.32,4.6,3.0,21.0,3.0,14.3,4.61,0.66,0.14,1.0,0.0,0.0,41.0,13.4,2,82.0,1,8,31.0,0,1.5,14.0,6.0,8.0,1.76,0.97,0.0,3.0,7.0,1.0,24.0,0.0,0.0,,,0.0,,,,,,,,,,,,,,,
FRA-Ligue 1,2526,Lens,Amadou Haidara,MLI,MF,27.0,1998.0,7.0,2.0,259.0,2.9,1.0,1.0,2.0,1.0,0.0,0.0,0.0,0.0,0.35,0.35,0.69,0.35,0.69,2.9,1.0,2.0,2.0,100.0,0.69,0.69,0.5,0.5,0.0,0.0,37.0,8.5,2,62.0,0,5,27.0,7,1.86,5.0,1.0,4.0,1.39,0.52,0.0,4.0,2.0,0.0,0.0,2.0,0.0,,,0.0,,,,,,,,,,,,,,,
FRA-Ligue 1,2526,Lens,Andrija Bulatović,MNE,MF,18.0,2006.0,19.0,6.0,762.0,8.5,0.0,4.0,4.0,0.0,0.0,0.0,2.0,0.0,0.0,0.47,0.47,0.0,0.47,8.5,0.0,11.0,5.0,45.5,1.3,0.59,0.0,0.0,0.0,0.0,40.0,24.9,6,89.0,4,13,17.0,13,2.05,21.0,8.0,13.0,1.54,0.83,0.0,19.0,20.0,0.0,56.0,8.0,21.0,,,0.0,,,,,,,,,,,,,,,
FRA-Ligue 1,2526,Lens,Andy Diouf,FRA,MF,22.0,2003.0,1.0,1.0,90.0,1.0,0.0,0.0,0.0,0.0,0.0,0.0,0.0,0.0,0.0,0.0,0.0,0.0,0.0,1.0,0.0,3.0,1.0,33.3,3.0,1.0,0.0,0.0,0.0,0.0,90.0,2.9,1,90.0,1,0,,0,0.0,0.0,1.0,-1.0,-1.0,-1.97,0.0,0.0,1.0,0.0,0.0,0.0,0.0,,,0.0,,,,,,,,,,,,,,,
FRA-Ligue 1,2526,Lens,Anthony Bermont,FRA,MF,20.0,2005.0,10.0,0.0,104.0,1.2,0.0,0.0,0.0,0.0,0.0,0.0,0.0,0.0,0.0,0.0,0.0,0.0,0.0,1.2,0.0,4.0,2.0,50.0,3.46,1.73,0.0,0.0,0.0,0.0,10.0,3.4,0,,0,10,10.0,12,1.5,4.0,0.0,4.0,3.46,2.64,0.0,2.0,0.0,0.0,11.0,3.0,1.0,,,0.0,,,,,,,,,,,,,,,
FRA-Ligue 1,2526,Lens,Arthur Masuaku,COD,"DF,MF",31.0,1993.0,4.0,3.0,227.0,2.5,0.0,0.0,0.0,0.0,0.0,0.0,1.0,0.0,0.0,0.0,0.0,0.0,0.0,2.5,0.0,1.0,1.0,100.0,0.4,0.4,0.0,0.0,0.0,0.0,57.0,7.4,3,75.0,1,1,1.0,5,2.5,7.0,5.0,2.0,0.79,-0.13,0.0,2.0,1.0,0.0,7.0,1.0,3.0,,,0.0,,,,,,,,,,,,,,,
FRA-Ligue 1,2526,Lens,Deiver Machado,COL,MF,31.0,1993.0,5.0,4.0,273.0,3.0,0.0,0.0,0.0,0.0,0.0,0.0,1.0,0.0,0.0,0.0,0.0,0.0,0.0,3.0,0.0,6.0,1.0,16.7,1.98,0.33,0.0,0.0,0.0,0.0,55.0,8.9,4,68.0,1,1,1.0,3,1.8,2.0,3.0,-1.0,-0.33,-1.36,0.0,4.0,8.0,0.0,4.0,3.0,1.0,,,0.0,,,,,,,,,,,,,,,
FRA-Ligue 1,2526,Lens,Erawan Garnier,THA,DF,19.0,2006.0,1.0,0.0,7.0,0.1,0.0,0.0,0.0,0.0,0.0,0.0,0.0,0.0,0.0,0.0,0.0,0.0,0.0,0.1,0.0,0.0,0.0,,0.0,0.0,,,0.0,0.0,7.0,0.2,0,,0,1,7.0,3,0.0,0.0,0.0,0.0,0.0,-0.91,0.0,0.0,0.0,0.0,2.0,0.0,1.0,,,0.0,,,,,,,,,,,,,,,
FRA-Ligue 1,2526,Lens,Florian Sotoca,FRA,"MF,FW",34.0,1990.0,26.0,4.0,507.0,5.6,1.0,0.0,1.0,1.0,0.0,0.0,1.0,0.0,0.18,0.0,0.18,0.18,0.18,5.6,1.0,13.0,1.0,7.7,2.31,0.18,0.08,1.0,0.0,0.0,20.0,16.6,4,70.0,1,22,10.0,8,2.27,15.0,8.0,7.0,1.24,0.4,0.0,9.0,12.0,2.0,11.0,7.0,4.0,,,0.0,,,,,,,,,,,,,,,
FRA-Ligue 1,2526,Lens,Florian Thauvin,FRA,MF,32.0,1993.0,33.0,29.0,2443.0,27.1,11.0,6.0,17.0,9.0,2.0,3.0,6.0,0.0,0.41,0.22,0.63,0.33,0.55,27.1,11.0,74.0,27.0,36.5,2.73,0.99,0.15,0.41,2.0,3.0,74.0,79.8,29,80.0,6,4,31.0,0,2.03,53.0,27.0,26.0,0.96,0.23,0.0,19.0,34.0,8.0,202.0,11.0,17.0,,,0.0,,,,,,,,,,,,,,,
FRA-Ligue 1,2526,Lens,Fodé Sylla,FRA,MF,19.0,2006.0,4.0,1.0,99.0,1.1,0.0,0.0,0.0,0.0,0.0,0.0,0.0,0.0,0.0,0.0,0.0,0.0,0.0,1.1,0.0,0.0,0.0,,0.0,0.0,,,0.0,0.0,25.0,3.2,1,58.0,0,3,14.0,14,3.0,3.0,1.0,2.0,1.82,0.94,0.0,3.0,0.0,0.0,0.0,3.0,6.0,,,0.0,,,,,,,,,,,,,,,
FRA-Ligue 1,2526,Lens,Ismaëlo Ganiou,FRA,DF,20.0,2005.0,23.0,22.0,2014.0,22.4,3.0,0.0,3.0,3.0,0.0,0.0,4.0,1.0,0.13,0.0,0.13,0.13,0.13,22.4,3.0,22.0,4.0,18.2,0.98,0.18,0.14,0.75,0.0,0.0,88.0,65.8,22,89.0,21,1,52.0,8,2.09,44.0,25.0,19.0,0.85,-0.18,1.0,25.0,22.0,0.0,17.0,29.0,27.0,,,0.0,,,,,,,,,,,,,,,
FRA-Ligue 1,2526,Lens,Jonathan Gradit,FRA,DF,32.0,1992.0,10.0,10.0,807.0,9.0,0.0,0.0,0.0,0.0,0.0,0.0,2.0,1.0,0.0,0.0,0.0,0.0,0.0,9.0,0.0,2.0,0.0,0.0,0.22,0.0,0.0,,0.0,0.0,81.0,26.4,10,81.0,8,0,,0,2.2,19.0,8.0,11.0,1.23,0.43,0.0,15.0,9.0,0.0,3.0,16.0,12.0,,,0.0,,,,,,,,,,,,,,,
FRA-Ligue 1,2526,Lens,Kyllian Antonio,FRA,DF,17.0,2008.0,4.0,2.0,190.0,2.1,0.0,1.0,1.0,0.0,0.0,0.0,1.0,0.0,0.0,0.47,0.47,0.0,0.47,2.1,0.0,1.0,0.0,0.0,0.47,0.0,0.0,,0.0,0.0,48.0,6.2,2,64.0,1,2,31.0,5,2.25,4.0,1.0,3.0,1.42,0.54,0.0,1.0,4.0,0.0,2.0,5.0,4.0,,,0.0,,,,,,,,,,,,,,,
FRA-Ligue 1,2526,Lens,Malang Sarr,FRA,DF,26.0,1999.0,33.0,33.0,2925.0,32.5,0.0,1.0,1.0,0.0,0.0,0.0,4.0,0.0,0.0,0.03,0.03,0.0,0.03,32.5,0.0,23.0,5.0,21.7,0.71,0.15,0.0,0.0,0.0,0.0,89.0,95.6,33,89.0,32,0,,0,2.12,65.0,33.0,32.0,0.98,1.65,0.0,21.0,24.0,0.0,10.0,76.0,44.0,,,0.0,,,,,,,,,,,,,,,
FRA-Ligue 1,2526,Lens,Mamadou Sangare,MLI,MF,23.0,2002.0,29.0,27.0,2323.0,25.8,3.0,4.0,7.0,3.0,0.0,0.0,5.0,0.0,0.12,0.15,0.27,0.12,0.27,25.8,3.0,53.0,14.0,26.4,2.05,0.54,0.06,0.21,0.0,0.0,80.0,75.9,27,84.0,20,2,33.0,0,2.1,47.0,29.0,18.0,0.7,-0.89,0.0,34.0,43.0,3.0,7.0,40.0,54.0,,,0.0,,,,,,,,,,,,,,,
FRA-Ligue 1,2526,Lens,Mathieu Gorgelin,FRA,GK,34.0,1990.0,1.0,1.0,90.0,1.0,0.0,0.0,0.0,0.0,0.0,0.0,0.0,0.0,0.0,0.0,0.0,0.0,0.0,1.0,0.0,0.0,0.0,,0.0,0.0,,,0.0,0.0,90.0,2.9,1,90.0,1,0,,15,3.0,4.0,0.0,4.0,4.0,3.18,0.0,0.0,0.0,0.0,0.0,0.0,0.0,,,0.0,0.0,0.0,4.0,4.0,100.0,1.0,0.0,0.0,1.0,100.0,0.0,0.0,0.0,0.0,
FRA-Ligue 1,2526,Lens,Matthieu Udol,FRA,"MF,DF",29.0,1996.0,34.0,33.0,3002.0,33.4,1.0,7.0,8.0,1.0,0.0,0.0,2.0,0.0,0.03,0.21,0.24,0.03,0.24,33.4,1.0,47.0,17.0,36.2,1.41,0.51,0.02,0.06,0.0,0.0,88.0,98.1,33,90.0,30,1,45.0,0,2.06,62.0,35.0,27.0,0.81,-5.4,0.0,30.0,27.0,2.0,115.0,51.0,21.0,,,0.0,,,,,,,,,,,,,,,
FRA-Ligue 1,2526,Lens,Mezian Soares,POR,MF,15.0,2009.0,1.0,0.0,12.0,0.1,1.0,0.0,1.0,1.0,0.0,0.0,0.0,0.0,7.5,0.0,7.5,7.5,7.5,0.1,1.0,1.0,1.0,100.0,7.5,7.5,1.0,1.0,0.0,0.0,12.0,0.4,0,,0,1,12.0,2,3.0,0.0,0.0,0.0,0.0,-0.92,0.0,0.0,0.0,1.0,0.0,0.0,0.0,,,0.0,,,,,,,,,,,,,,,
FRA-Ligue 1,2526,Lens,Morgan Guilavogui,GUI,MF,27.0,1998.0,16.0,3.0,491.0,5.5,1.0,0.0,1.0,1.0,0.0,0.0,3.0,1.0,0.18,0.0,0.18,0.18,0.18,5.5,1.0,10.0,2.0,20.0,1.83,0.37,0.1,0.5,0.0,0.0,31.0,16.0,3,75.0,1,13,21.0,0,2.31,9.0,5.0,4.0,0.73,-0.21,0.0,15.0,12.0,4.0,4.0,3.0,10.0,,,0.0,,,,,,,,,,,,,,,
FRA-Ligue 1,2526,Lens,Nidal Čelik,BIH,DF,19.0,2006.0,8.0,8.0,616.0,6.8,0.0,0.0,0.0,0.0,0.0,0.0,2.0,0.0,0.0,0.0,0.0,0.0,0.0,6.8,0.0,1.0,1.0,100.0,0.15,0.15,0.0,0.0,0.0,0.0,77.0,20.1,8,77.0,5,0,,4,1.63,20.0,9.0,11.0,1.61,0.87,0.0,13.0,1.0,0.0,1.0,9.0,10.0,,,0.0,,,,,,,,,,,,,,,
FRA-Ligue 1,2526,Lens,Odsonne Édouard,FRA,FW,27.0,1998.0,29.0,26.0,1796.0,20.0,12.0,3.0,15.0,11.0,1.0,1.0,2.0,0.0,0.6,0.15,0.75,0.55,0.7,20.0,12.0,60.0,31.0,51.7,3.01,1.55,0.2,0.39,1.0,1.0,62.0,58.7,26,66.0,0,3,28.0,0,2.0,36.0,19.0,17.0,0.85,-0.14,0.0,21.0,17.0,12.0,1.0,4.0,4.0,,,0.0,,,,,,,,,,,,,,,
FRA-Ligue 1,2526,Lens,Rayan Fofana,FRA,"FW,MF",19.0,2006.0,25.0,7.0,798.0,8.9,5.0,0.0,5.0,5.0,0.0,0.0,0.0,0.0,0.56,0.0,0.56,0.56,0.56,8.9,5.0,36.0,12.0,33.3,4.06,1.35,0.14,0.42,0.0,0.0,32.0,26.1,7,61.0,0,18,21.0,8,2.08,17.0,8.0,9.0,1.02,0.14,0.0,15.0,34.0,7.0,6.0,1.0,4.0,,,0.0,,,,,,,,,,,,,,,
FRA-Ligue 1,2526,Lens,Robin Risser,FRA,GK,20.0,2004.0,33.0,33.0,2970.0,33.0,0.0,1.0,1.0,0.0,0.0,0.0,2.0,0.0,0.0,0.03,0.03,0.0,0.03,33.0,0.0,0.0,0.0,,0.0,0.0,,,0.0,0.0,90.0,97.1,33,90.0,33,0,,1,2.03,62.0,35.0,27.0,0.82,-3.18,0.0,0.0,5.0,0.0,0.0,0.0,0.0,,,0.0,35.0,1.06,111.0,76.0,68.5,21.0,4.0,8.0,11.0,33.3,6.0,3.0,2.0,1.0,40.0
FRA-Ligue 1,2526,Lens,Ruben Aguilar,FRA,MF,32.0,1993.0,26.0,20.0,1720.0,19.1,2.0,2.0,4.0,2.0,0.0,0.0,6.0,1.0,0.1,0.1,0.21,0.1,0.21,19.1,2.0,13.0,3.0,23.1,0.68,0.16,0.15,0.67,0.0,0.0,66.0,56.2,20,79.0,6,6,25.0,1,2.08,30.0,21.0,9.0,0.47,-1.01,1.0,26.0,12.0,5.0,86.0,24.0,24.0,,,0.0,,,,,,,,,,,,,,,
FRA-Ligue 1,2526,Lens,Samson Baidoo,AUT,DF,21.0,2004.0,23.0,20.0,1827.0,20.3,2.0,1.0,3.0,2.0,0.0,0.0,2.0,0.0,0.1,0.05,0.15,0.1,0.15,20.3,2.0,16.0,4.0,25.0,0.79,0.2,0.13,0.5,0.0,0.0,79.0,59.7,20,87.0,18,3,30.0,1,2.22,38.0,14.0,24.0,1.18,0.67,0.0,20.0,5.0,1.0,0.0,25.0,23.0,,,0.0,,,,,,,,,,,,,,,
FRA-Ligue 1,2526,Lens,Saud Abdulhamid,KSA,MF,26.0,1999.0,25.0,14.0,1352.0,15.0,2.0,4.0,6.0,2.0,0.0,0.0,4.0,1.0,0.13,0.27,0.4,0.13,0.4,15.0,2.0,8.0,3.0,37.5,0.53,0.2,0.25,0.67,0.0,0.0,54.0,44.2,14,83.0,8,11,18.0,6,1.84,35.0,17.0,18.0,1.2,0.51,0.0,26.0,14.0,1.0,47.0,9.0,22.0,,,0.0,,,,,,,,,,,,,,,
FRA-Ligue 1,2526,Lens,Wesley Saïd,FRA,MF,30.0,1995.0,29.0,26.0,1991.0,22.1,12.0,2.0,14.0,11.0,1.0,1.0,2.0,0.0,0.54,0.09,0.63,0.5,0.59,22.1,12.0,60.0,27.0,45.0,2.71,1.22,0.2,0.44,1.0,1.0,69.0,65.1,26,73.0,2,3,29.0,1,2.17,39.0,21.0,18.0,0.81,-0.28,0.0,37.0,13.0,13.0,22.0,9.0,15.0,,,0.0,,,,,,,,,,,,,,,
FRA-Ligue 1,2526,Lille,Alexsandro Ribeiro,BRA,DF,25.0,1999.0,9.0,7.0,509.0,5.7,0.0,0.0,0.0,0.0,0.0,0.0,0.0,1.0,0.0,0.0,0.0,0.0,0.0,5.7,0.0,7.0,2.0,28.6,1.24,0.35,0.0,0.0,0.0,0.0,57.0,16.6,7,72.0,5,2,2.0,11,2.0,12.0,5.0,7.0,1.24,0.96,0.0,10.0,8.0,0.0,1.0,11.0,9.0,,,0.0,,,,,,,,,,,,,,,
FRA-Ligue 1,2526,Lille,André Gomes,POR,MF,32.0,1993.0,2.0,0.0,8.0,0.1,0.0,0.0,0.0,0.0,0.0,0.0,0.0,0.0,0.0,0.0,0.0,0.0,0.0,0.1,0.0,0.0,0.0,,0.0,0.0,,,0.0,0.0,4.0,0.3,0,,0,2,4.0,5,3.0,0.0,0.0,0.0,0.0,-0.44,0.0,2.0,0.0,0.0,0.0,0.0,0.0,,,0.0,,,,,,,,,,,,,,,
FRA-Ligue 1,2526,Lille,Arnaud Bodart,BEL,GK,27.0,1998.0,3.0,2.0,226.0,2.5,0.0,0.0,0.0,0.0,0.0,0.0,0.0,0.0,0.0,0.0,0.0,0.0,0.0,2.5,0.0,0.0,0.0,,0.0,0.0,,,0.0,0.0,75.0,7.4,2,90.0,2,1,46.0,31,1.0,2.0,3.0,-1.0,-0.4,-0.91,0.0,1.0,0.0,0.0,0.0,0.0,0.0,,,0.0,3.0,1.19,7.0,4.0,57.1,0.0,0.0,2.0,0.0,0.0,1.0,1.0,0.0,0.0,0.0
FRA-Ligue 1,2526,Lille,Ayyoub Bouaddi,MAR,MF,17.0,2007.0,30.0,28.0,2321.0,25.8,0.0,1.0,1.0,0.0,0.0,0.0,7.0,1.0,0.0,0.04,0.04,0.0,0.04,25.8,0.0,16.0,5.0,31.3,0.62,0.19,0.0,0.0,0.0,0.0,77.0,75.8,28,82.0,16,2,14.0,2,1.63,29.0,26.0,3.0,0.12,-1.35,0.0,37.0,24.0,0.0,20.0,27.0,40.0,,,0.0,,,,,,,,,,,,,,,
FRA-Ligue 1,2526,Lille,Aïssa Mandi,ALG,DF,33.0,1991.0,29.0,28.0,2424.0,26.9,1.0,0.0,1.0,1.0,0.0,0.0,8.0,0.0,0.04,0.0,0.04,0.04,0.04,26.9,1.0,14.0,4.0,28.6,0.52,0.15,0.07,0.25,0.0,0.0,84.0,79.2,28,86.0,24,1,6.0,2,1.83,37.0,28.0,9.0,0.33,-0.51,0.0,17.0,17.0,1.0,10.0,44.0,21.0,,,0.0,,,,,,,,,,,,,,,
FRA-Ligue 1,2526,Lille,Benjamin André,FRA,MF,34.0,1990.0,27.0,26.0,2332.0,25.9,2.0,2.0,4.0,2.0,0.0,0.0,9.0,0.0,0.08,0.08,0.15,0.08,0.15,25.9,2.0,27.0,6.0,22.2,1.04,0.23,0.07,0.33,0.0,0.0,86.0,76.2,26,89.0,23,1,18.0,0,1.93,38.0,20.0,18.0,0.69,1.07,0.0,35.0,44.0,3.0,22.0,31.0,40.0,,,0.0,,,,,,,,,,,,,,,
FRA-Ligue 1,2526,Lille,Berke Özer,TUR,GK,25.0,2000.0,32.0,32.0,2834.0,31.5,0.0,1.0,1.0,0.0,0.0,0.0,5.0,0.0,0.0,0.03,0.03,0.0,0.03,31.5,0.0,0.0,0.0,,0.0,0.0,,,0.0,0.0,89.0,92.6,32,89.0,31,0,,0,1.91,50.0,34.0,16.0,0.51,0.91,0.0,0.0,13.0,0.0,0.0,0.0,2.0,,,0.0,34.0,1.08,105.0,70.0,67.6,18.0,7.0,7.0,13.0,40.6,3.0,1.0,1.0,1.0,50.0
FRA-Ligue 1,2526,Lille,Calvin Verdonk,IDN,DF,28.0,1997.0,18.0,7.0,790.0,8.8,0.0,0.0,0.0,0.0,0.0,0.0,3.0,1.0,0.0,0.0,0.0,0.0,0.0,8.8,0.0,3.0,1.0,33.3,0.34,0.11,0.0,0.0,0.0,0.0,44.0,25.8,7,84.0,3,11,19.0,7,1.61,9.0,10.0,-1.0,-0.11,-0.75,0.0,14.0,3.0,0.0,30.0,15.0,10.0,,,0.0,,,,,,,,,,,,,,,
FRA-Ligue 1,2526,Lille,Chancel Mbemba,COD,DF,30.0,1994.0,13.0,9.0,954.0,10.6,0.0,0.0,0.0,0.0,0.0,0.0,3.0,0.0,0.0,0.0,0.0,0.0,0.0,10.6,0.0,7.0,3.0,42.9,0.66,0.28,0.0,0.0,0.0,0.0,73.0,31.2,9,90.0,9,4,36.0,16,2.23,22.0,15.0,7.0,0.66,0.32,0.0,10.0,6.0,0.0,0.0,13.0,8.0,,,1.0,,,,,,,,,,,,,,,
FRA-Ligue 1,2526,Lille,Ethan Mbappé,FRA,"MF,FW",18.0,2006.0,18.0,4.0,567.0,6.3,3.0,1.0,4.0,3.0,0.0,0.0,1.0,0.0,0.48,0.16,0.63,0.48,0.63,6.3,3.0,14.0,7.0,50.0,2.22,1.11,0.21,0.43,0.0,0.0,32.0,18.5,4,78.0,0,14,18.0,0,1.83,11.0,10.0,1.0,0.16,-0.35,0.0,7.0,9.0,1.0,34.0,2.0,7.0,,,0.0,,,,,,,,,,,,,,,
FRA-Ligue 1,2526,Lille,Félix Correia,POR,MF,24.0,2001.0,34.0,26.0,2053.0,22.8,4.0,5.0,9.0,4.0,0.0,0.0,2.0,0.0,0.18,0.22,0.39,0.18,0.39,22.8,4.0,37.0,8.0,21.6,1.62,0.35,0.11,0.5,0.0,0.0,60.0,67.1,26,73.0,2,8,18.0,0,1.79,36.0,22.0,14.0,0.61,0.52,0.0,14.0,28.0,3.0,84.0,21.0,13.0,,,0.0,,,,,,,,,,,,,,,
FRA-Ligue 1,2526,Lille,Gaëtan Perrin,FRA,"MF,FW",29.0,1996.0,12.0,3.0,338.0,3.8,1.0,0.0,1.0,1.0,0.0,0.0,2.0,0.0,0.27,0.0,0.27,0.27,0.27,3.8,1.0,7.0,4.0,57.1,1.86,1.07,0.14,0.25,0.0,0.0,28.0,11.0,3,72.0,0,9,13.0,0,1.92,5.0,1.0,4.0,1.07,0.7,0.0,8.0,1.0,0.0,35.0,2.0,8.0,,,0.0,,,,,,,,,,,,,,,
FRA-Ligue 1,2526,Lille,Hamza Igamane,MAR,FW,22.0,2002.0,13.0,4.0,432.0,4.8,5.0,1.0,6.0,5.0,0.0,0.0,2.0,0.0,1.04,0.21,1.25,1.04,1.25,4.8,5.0,24.0,9.0,37.5,5.0,1.87,0.21,0.56,0.0,0.0,33.0,14.1,4,55.0,0,9,23.0,0,1.92,17.0,3.0,14.0,2.92,2.88,0.0,6.0,3.0,5.0,5.0,2.0,4.0,,,0.0,,,,,,,,,,,,,,,
FRA-Ligue 1,2526,Lille,Hákon Haraldsson,ISL,MF,22.0,2003.0,32.0,29.0,2460.0,27.3,8.0,2.0,10.0,8.0,0.0,0.0,6.0,0.0,0.29,0.07,0.37,0.29,0.37,27.3,8.0,50.0,17.0,34.0,1.83,0.62,0.16,0.47,0.0,0.0,77.0,80.4,29,83.0,9,3,22.0,0,1.81,42.0,26.0,16.0,0.59,0.74,0.0,28.0,43.0,0.0,75.0,12.0,15.0,,,0.0,,,,,,,,,,,,,,,
FRA-Ligue 1,2526,Lille,Marius Broholm,NOR,MF,20.0,2004.0,11.0,3.0,279.0,3.1,1.0,1.0,2.0,0.0,1.0,1.0,0.0,0.0,0.32,0.32,0.65,0.0,0.32,3.1,1.0,4.0,3.0,75.0,1.29,0.97,0.25,0.33,1.0,1.0,25.0,9.1,3,53.0,0,8,15.0,6,1.0,8.0,7.0,1.0,0.32,-0.13,0.0,4.0,8.0,0.0,14.0,2.0,6.0,,,0.0,,,,,,,,,,,,,,,
FRA-Ligue 1,2526,Lille,Matias Fernandez-Pardo,BEL,"FW,MF",20.0,2005.0,29.0,27.0,2370.0,26.3,8.0,5.0,13.0,6.0,2.0,2.0,5.0,0.0,0.3,0.19,0.49,0.23,0.42,26.3,8.0,68.0,30.0,44.1,2.58,1.14,0.12,0.27,2.0,2.0,82.0,77.5,27,85.0,15,2,38.0,2,1.69,32.0,26.0,6.0,0.23,-0.95,0.0,15.0,40.0,16.0,57.0,8.0,14.0,,,0.0,,,,,,,,,,,,,,,
FRA-Ligue 1,2526,Lille,Maxima Goffi,FRA,DF,17.0,2008.0,1.0,0.0,39.0,0.4,0.0,0.0,0.0,0.0,0.0,0.0,0.0,0.0,0.0,0.0,0.0,0.0,0.0,0.4,0.0,0.0,0.0,,0.0,0.0,,,0.0,0.0,39.0,1.3,0,,0,1,39.0,11,1.0,1.0,1.0,0.0,0.0,-0.45,0.0,1.0,0.0,0.0,1.0,0.0,1.0,,,0.0,,,,,,,,,,,,,,,
FRA-Ligue 1,2526,Lille,Nabil Bentaleb,ALG,MF,30.0,1994.0,26.0,13.0,1287.0,14.3,2.0,2.0,4.0,1.0,1.0,1.0,3.0,0.0,0.14,0.14,0.28,0.07,0.21,14.3,2.0,18.0,6.0,33.3,1.26,0.42,0.11,0.33,1.0,1.0,50.0,42.1,13,82.0,9,13,17.0,1,2.0,30.0,19.0,11.0,0.77,0.57,0.0,14.0,18.0,0.0,24.0,15.0,12.0,,,0.0,,,,,,,,,,,,,,,
FRA-Ligue 1,2526,Lille,Nathan Ngoy,BEL,DF,22.0,2003.0,29.0,27.0,2405.0,26.7,1.0,2.0,3.0,1.0,0.0,0.0,10.0,1.0,0.04,0.07,0.11,0.04,0.11,26.7,1.0,22.0,6.0,27.3,0.82,0.22,0.05,0.17,0.0,0.0,83.0,78.6,27,88.0,26,2,14.0,2,1.79,38.0,31.0,7.0,0.26,-0.84,0.0,20.0,11.0,0.0,6.0,38.0,21.0,,,0.0,,,,,,,,,,,,,,,
FRA-Ligue 1,2526,Lille,Ngal'Ayel Mukau,COD,MF,20.0,2004.0,30.0,19.0,1534.0,17.0,1.0,0.0,1.0,1.0,0.0,0.0,3.0,0.0,0.06,0.0,0.06,0.06,0.06,17.0,1.0,20.0,5.0,25.0,1.17,0.29,0.05,0.2,0.0,0.0,51.0,50.1,19,71.0,3,11,16.0,1,1.8,24.0,21.0,3.0,0.18,-0.53,0.0,27.0,23.0,4.0,5.0,14.0,18.0,,,0.0,,,,,,,,,,,,,,,
FRA-Ligue 1,2526,Lille,Noah Edjouma,FRA,MF,19.0,2005.0,3.0,1.0,92.0,1.0,0.0,0.0,0.0,0.0,0.0,0.0,0.0,0.0,0.0,0.0,0.0,0.0,0.0,1.0,0.0,2.0,0.0,0.0,1.96,0.0,0.0,,0.0,0.0,31.0,3.0,1,60.0,0,2,16.0,4,1.67,1.0,1.0,0.0,0.0,-0.45,0.0,1.0,2.0,1.0,6.0,0.0,4.0,,,0.0,,,,,,,,,,,,,,,
FRA-Ligue 1,2526,Lille,Olivier Giroud,FRA,FW,38.0,1986.0,30.0,17.0,1609.0,17.9,7.0,1.0,8.0,4.0,3.0,4.0,2.0,0.0,0.39,0.06,0.45,0.22,0.28,17.9,7.0,41.0,16.0,39.0,2.29,0.89,0.17,0.44,3.0,4.0,54.0,52.6,17,78.0,4,13,22.0,1,1.7,16.0,25.0,-9.0,-0.5,-1.99,0.0,27.0,31.0,8.0,2.0,4.0,8.0,,,0.0,,,,,,,,,,,,,,,
FRA-Ligue 1,2526,Lille,Osame Sahraoui,MAR,MF,24.0,2001.0,18.0,4.0,505.0,5.6,1.0,2.0,3.0,1.0,0.0,0.0,0.0,0.0,0.18,0.36,0.53,0.18,0.53,5.6,1.0,12.0,4.0,33.3,2.14,0.71,0.08,0.25,0.0,0.0,28.0,16.5,4,64.0,0,14,18.0,3,1.61,12.0,6.0,6.0,1.07,0.75,0.0,4.0,25.0,1.0,3.0,4.0,3.0,,,0.0,,,,,,,,,,,,,,,
FRA-Ligue 1,2526,Lille,Ousmane Toure,FRA,DF,20.0,2005.0,1.0,1.0,51.0,0.6,0.0,0.0,0.0,0.0,0.0,0.0,0.0,0.0,0.0,0.0,0.0,0.0,0.0,0.6,0.0,0.0,0.0,,0.0,0.0,,,0.0,0.0,51.0,1.7,1,51.0,0,0,,0,1.0,2.0,2.0,0.0,0.0,-0.45,0.0,0.0,0.0,0.0,0.0,2.0,0.0,,,0.0,,,,,,,,,,,,,,,
FRA-Ligue 1,2526,Lille,Romain Perraud,FRA,DF,27.0,1997.0,30.0,27.0,2241.0,24.9,3.0,4.0,7.0,3.0,0.0,0.0,4.0,1.0,0.12,0.16,0.28,0.12,0.28,24.9,3.0,33.0,12.0,36.4,1.33,0.48,0.09,0.25,0.0,0.0,75.0,73.2,27,82.0,14,3,12.0,2,1.83,43.0,26.0,17.0,0.68,0.9,0.0,21.0,44.0,2.0,127.0,23.0,31.0,,,0.0,,,,,,,,,,,,,,,
FRA-Ligue 1,2526,Lille,Soriba Diaoune,FRA,MF,17.0,2007.0,10.0,1.0,185.0,2.1,1.0,1.0,2.0,1.0,0.0,0.0,0.0,0.0,0.49,0.49,0.97,0.49,0.97,2.1,1.0,10.0,4.0,40.0,4.86,1.95,0.1,0.25,0.0,0.0,19.0,6.0,1,65.0,0,9,13.0,8,1.2,6.0,6.0,0.0,0.0,-0.47,0.0,5.0,3.0,0.0,5.0,1.0,2.0,,,0.0,,,,,,,,,,,,,,,
FRA-Ligue 1,2526,Lille,Thomas Meunier,BEL,DF,33.0,1991.0,25.0,21.0,1909.0,21.2,2.0,2.0,4.0,2.0,0.0,0.0,3.0,0.0,0.09,0.09,0.19,0.09,0.19,21.2,2.0,19.0,5.0,26.3,0.9,0.24,0.11,0.4,0.0,0.0,76.0,62.4,21,87.0,16,4,18.0,0,2.08,36.0,19.0,17.0,0.8,0.96,0.0,29.0,3.0,2.0,51.0,17.0,18.0,,,0.0,,,,,,,,,,,,,,,
FRA-Ligue 1,2526,Lille,Tiago Santos,POR,DF,23.0,2002.0,15.0,8.0,709.0,7.9,0.0,0.0,0.0,0.0,0.0,0.0,0.0,0.0,0.0,0.0,0.0,0.0,0.0,7.9,0.0,9.0,0.0,0.0,1.14,0.0,0.0,,0.0,0.0,47.0,23.2,8,79.0,1,7,11.0,9,1.33,7.0,8.0,-1.0,-0.13,-0.74,0.0,13.0,21.0,0.0,32.0,5.0,8.0,,,0.0,,,,,,,,,,,,,,,
FRA-Ligue 1,2526,Lille,Ugo Raghouber,FRA,MF,22.0,2003.0,1.0,0.0,3.0,0.0,0.0,0.0,0.0,0.0,0.0,0.0,0.0,0.0,0.0,0.0,0.0,0.0,0.0,0.0,0.0,0.0,0.0,,0.0,0.0,,,0.0,0.0,3.0,0.1,0,,0,1,3.0,8,3.0,2.0,0.0,2.0,60.0,59.62,0.0,0.0,0.0,0.0,0.0,0.0,0.0,,,0.0,,,,,,,,,,,,,,,
FRA-Ligue 1,2526,Lille,Vincent Burlet,BEL,DF,19.0,2005.0,1.0,0.0,19.0,0.2,0.0,0.0,0.0,0.0,0.0,0.0,0.0,0.0,0.0,0.0,0.0,0.0,0.0,0.2,0.0,0.0,0.0,,0.0,0.0,,,0.0,0.0,19.0,0.6,0,,0,1,19.0,2,1.0,0.0,1.0,-1.0,-4.74,-5.21,0.0,0.0,0.0,0.0,1.0,0.0,0.0,,,0.0,,,,,,,,,,,,,,,
FRA-Ligue 1,2526,Lorient,Abdoulaye Faye,SEN,DF,20.0,2004.0,17.0,16.0,1444.0,16.0,0.0,0.0,0.0,0.0,0.0,0.0,8.0,0.0,0.0,0.0,0.0,0.0,0.0,16.0,0.0,8.0,2.0,25.0,0.5,0.12,0.0,0.0,0.0,0.0,85.0,47.2,16,87.0,14,1,45.0,0,1.18,22.0,31.0,-9.0,-0.56,-0.9,0.0,25.0,15.0,0.0,4.0,28.0,24.0,,,1.0,,,,,,,,,,,,,,,
FRA-Ligue 1,2526,Lorient,Arsène Kouassi,BFA,MF,20.0,2004.0,31.0,30.0,2605.0,28.9,2.0,6.0,8.0,2.0,0.0,0.0,4.0,0.0,0.07,0.21,0.28,0.07,0.28,28.9,2.0,9.0,5.0,55.6,0.31,0.17,0.22,0.4,0.0,0.0,84.0,85.1,30,84.0,21,1,77.0,0,1.29,39.0,41.0,-2.0,-0.07,0.13,0.0,15.0,53.0,10.0,119.0,24.0,18.0,,,0.0,,,,,,,,,,,,,,,
FRA-Ligue 1,2526,Lorient,Arthur Avom,CMR,MF,20.0,2004.0,31.0,22.0,2119.0,23.5,2.0,1.0,3.0,2.0,0.0,0.0,3.0,0.0,0.08,0.04,0.13,0.08,0.13,23.5,2.0,21.0,6.0,28.6,0.89,0.25,0.1,0.33,0.0,0.0,68.0,69.2,22,87.0,17,9,23.0,1,1.29,30.0,31.0,-1.0,-0.04,0.15,0.0,23.0,38.0,0.0,45.0,28.0,31.0,,,1.0,,,,,,,,,,,,,,,
FRA-Ligue 1,2526,Lorient,Bamba Dieng,SEN,FW,25.0,2000.0,22.0,15.0,1212.0,13.5,10.0,1.0,11.0,9.0,1.0,2.0,2.0,0.0,0.74,0.07,0.82,0.67,0.74,13.5,10.0,45.0,24.0,53.3,3.34,1.78,0.22,0.42,1.0,2.0,55.0,39.6,15,72.0,0,7,19.0,5,1.55,22.0,15.0,7.0,0.52,1.01,0.0,15.0,13.0,9.0,2.0,2.0,2.0,,,0.0,,,,,,,,,,,,,,,
FRA-Ligue 1,2526,Lorient,Bamo Meïté,CIV,DF,23.0,2001.0,25.0,22.0,1979.0,22.0,0.0,3.0,3.0,0.0,0.0,0.0,5.0,0.0,0.0,0.14,0.14,0.0,0.14,22.0,0.0,8.0,1.0,12.5,0.36,0.05,0.0,0.0,0.0,0.0,79.0,64.7,22,87.0,18,3,23.0,3,1.44,31.0,29.0,2.0,0.09,0.51,0.0,30.0,25.0,2.0,12.0,13.0,15.0,,,0.0,,,,,,,,,,,,,,,
FRA-Ligue 1,2526,Lorient,Bingourou Kamara,SEN,GK,28.0,1996.0,3.0,3.0,270.0,3.0,0.0,0.0,0.0,0.0,0.0,0.0,0.0,0.0,0.0,0.0,0.0,0.0,0.0,3.0,0.0,0.0,0.0,,0.0,0.0,,,0.0,0.0,90.0,8.8,3,90.0,3,0,,30,1.0,5.0,8.0,-3.0,-1.0,-1.0,0.0,0.0,1.0,0.0,0.0,0.0,0.0,,,0.0,8.0,2.67,16.0,8.0,50.0,1.0,0.0,2.0,1.0,33.3,1.0,0.0,0.0,1.0,
FRA-Ligue 1,2526,Lorient,Daniel Xavier Semedo,FRA,MF,21.0,2003.0,1.0,0.0,11.0,0.1,0.0,0.0,0.0,0.0,0.0,0.0,0.0,0.0,0.0,0.0,0.0,0.0,0.0,0.1,0.0,0.0,0.0,,0.0,0.0,,,0.0,0.0,11.0,0.4,0,,0,1,11.0,5,1.0,1.0,0.0,1.0,8.18,8.3,0.0,2.0,0.0,0.0,0.0,1.0,0.0,,,0.0,,,,,,,,,,,,,,,
FRA-Ligue 1,2526,Lorient,Darlin Yongwa,CMR,"DF,MF",24.0,2000.0,23.0,14.0,1312.0,14.6,0.0,1.0,1.0,0.0,0.0,0.0,4.0,1.0,0.0,0.07,0.07,0.0,0.07,14.6,0.0,10.0,2.0,20.0,0.69,0.14,0.0,0.0,0.0,0.0,57.0,42.9,14,84.0,12,9,15.0,4,1.04,18.0,20.0,-2.0,-0.14,-0.09,0.0,14.0,22.0,1.0,38.0,11.0,24.0,,,0.0,,,,,,,,,,,,,,,
FRA-Ligue 1,2526,Lorient,Dermane Karim,TOG,MF,21.0,2003.0,30.0,15.0,1365.0,15.2,1.0,2.0,3.0,1.0,0.0,0.0,3.0,0.0,0.07,0.13,0.2,0.07,0.2,15.2,1.0,16.0,2.0,12.5,1.05,0.13,0.06,0.5,0.0,0.0,46.0,44.6,15,72.0,2,15,19.0,1,1.37,18.0,25.0,-7.0,-0.46,-0.67,0.0,21.0,39.0,0.0,17.0,10.0,17.0,,,0.0,,,,,,,,,,,,,,,
FRA-Ligue 1,2526,Lorient,Formose Mendy,SEN,DF,24.0,2001.0,2.0,2.0,135.0,1.5,0.0,0.0,0.0,0.0,0.0,0.0,1.0,0.0,0.0,0.0,0.0,0.0,0.0,1.5,0.0,0.0,0.0,,0.0,0.0,,,0.0,0.0,68.0,4.4,2,68.0,1,0,,0,1.5,1.0,1.0,0.0,0.0,0.09,0.0,2.0,3.0,0.0,1.0,3.0,1.0,,,0.0,,,,,,,,,,,,,,,
FRA-Ligue 1,2526,Lorient,Igor Carioca,BRA,DF,28.0,1996.0,17.0,13.0,1213.0,13.5,1.0,0.0,1.0,1.0,0.0,0.0,1.0,0.0,0.07,0.0,0.07,0.07,0.07,13.5,1.0,8.0,1.0,12.5,0.59,0.07,0.13,1.0,0.0,0.0,71.0,39.6,13,89.0,11,4,15.0,12,1.53,23.0,24.0,-1.0,-0.07,0.02,0.0,9.0,18.0,1.0,21.0,13.0,19.0,,,0.0,,,,,,,,,,,,,,,
FRA-Ligue 1,2526,Lorient,Jean-Victor Makengo,FRA,MF,27.0,1998.0,31.0,23.0,1800.0,20.0,4.0,2.0,6.0,4.0,0.0,0.0,2.0,0.0,0.2,0.1,0.3,0.2,0.3,20.0,4.0,39.0,14.0,35.9,1.95,0.7,0.1,0.29,0.0,0.0,58.0,58.8,23,70.0,2,8,23.0,3,1.35,27.0,26.0,1.0,0.05,0.34,0.0,12.0,35.0,0.0,18.0,14.0,16.0,,,1.0,,,,,,,,,,,,,,,
FRA-Ligue 1,2526,Lorient,Joel Mvuka,NOR,"MF,DF",22.0,2002.0,15.0,5.0,560.0,6.2,0.0,0.0,0.0,0.0,0.0,0.0,0.0,0.0,0.0,0.0,0.0,0.0,0.0,6.2,0.0,8.0,1.0,12.5,1.29,0.16,0.0,0.0,0.0,0.0,37.0,18.3,5,76.0,1,10,18.0,5,1.2,5.0,18.0,-13.0,-2.09,-2.45,0.0,4.0,11.0,1.0,12.0,6.0,13.0,,,0.0,,,,,,,,,,,,,,,
FRA-Ligue 1,2526,Lorient,Laurent Abergel,FRA,MF,32.0,1993.0,28.0,27.0,2318.0,25.8,1.0,0.0,1.0,1.0,0.0,0.0,7.0,0.0,0.04,0.0,0.04,0.04,0.04,25.8,1.0,22.0,5.0,22.7,0.85,0.19,0.05,0.2,0.0,0.0,83.0,75.8,27,85.0,19,1,22.0,0,1.39,40.0,41.0,-1.0,-0.04,0.2,0.0,24.0,27.0,1.0,9.0,28.0,23.0,,,0.0,,,,,,,,,,,,,,,
FRA-Ligue 1,2526,Lorient,Martin Nogoto Bley,BFA,MF,19.0,2006.0,1.0,0.0,1.0,0.0,0.0,0.0,0.0,0.0,0.0,0.0,0.0,0.0,0.0,0.0,0.0,0.0,0.0,0.0,0.0,0.0,0.0,,0.0,0.0,,,0.0,0.0,1.0,0.0,0,,0,1,1.0,8,3.0,0.0,0.0,0.0,0.0,0.09,0.0,0.0,0.0,0.0,0.0,0.0,0.0,,,0.0,,,,,,,,,,,,,,,
FRA-Ligue 1,2526,Lorient,Mohamed Bamba,CIV,FW,23.0,2001.0,18.0,7.0,682.0,7.6,1.0,2.0,3.0,1.0,0.0,1.0,3.0,0.0,0.13,0.26,0.4,0.13,0.4,7.6,1.0,13.0,6.0,46.2,1.72,0.79,0.08,0.17,0.0,1.0,38.0,22.3,7,64.0,0,11,21.0,10,1.06,11.0,16.0,-5.0,-0.66,-0.74,0.0,17.0,8.0,12.0,3.0,2.0,2.0,,,0.0,,,,,,,,,,,,,,,
FRA-Ligue 1,2526,Lorient,Montassar Talbi,TUN,DF,27.0,1998.0,29.0,29.0,2610.0,29.0,0.0,1.0,1.0,0.0,0.0,0.0,3.0,0.0,0.0,0.03,0.03,0.0,0.03,29.0,0.0,14.0,2.0,14.3,0.48,0.07,0.0,0.0,0.0,0.0,90.0,85.3,29,90.0,29,0,,0,1.41,43.0,44.0,-1.0,-0.03,0.37,0.0,7.0,13.0,0.0,5.0,27.0,19.0,,,0.0,,,,,,,,,,,,,,,
FRA-Ligue 1,2526,Lorient,Nathaniel Adjei,GHA,DF,22.0,2002.0,15.0,9.0,835.0,9.3,0.0,0.0,0.0,0.0,0.0,0.0,0.0,0.0,0.0,0.0,0.0,0.0,0.0,9.3,0.0,4.0,2.0,50.0,0.43,0.22,0.0,0.0,0.0,0.0,56.0,27.3,9,88.0,8,6,7.0,11,1.6,13.0,13.0,0.0,0.0,0.12,0.0,8.0,6.0,1.0,1.0,9.0,7.0,,,1.0,,,,,,,,,,,,,,,
FRA-Ligue 1,2526,Lorient,Noah Cadiou,GLP,MF,26.0,1998.0,28.0,20.0,1879.0,20.9,3.0,1.0,4.0,3.0,0.0,0.0,2.0,0.0,0.14,0.05,0.19,0.14,0.19,20.9,3.0,19.0,9.0,47.4,0.91,0.43,0.16,0.33,0.0,0.0,67.0,61.4,20,86.0,17,8,20.0,4,1.43,31.0,33.0,-2.0,-0.1,-0.02,0.0,27.0,13.0,0.0,3.0,24.0,16.0,,,0.0,,,,,,,,,,,,,,,
FRA-Ligue 1,2526,Lorient,Pablo Pagis,FRA,"MF,FW",22.0,2002.0,28.0,22.0,1756.0,19.5,10.0,5.0,15.0,8.0,2.0,2.0,1.0,0.0,0.51,0.26,0.77,0.41,0.67,19.5,10.0,59.0,19.0,32.2,3.02,0.97,0.17,0.53,2.0,2.0,63.0,57.4,22,72.0,2,6,28.0,1,1.43,31.0,29.0,2.0,0.1,0.45,0.0,23.0,29.0,2.0,99.0,18.0,17.0,,,0.0,,,,,,,,,,,,,,,
FRA-Ligue 1,2526,Lorient,Panos Katseris,GRE,"MF,DF",24.0,2001.0,16.0,8.0,747.0,8.3,1.0,2.0,3.0,1.0,0.0,0.0,3.0,0.0,0.12,0.24,0.36,0.12,0.36,8.3,1.0,7.0,4.0,57.1,0.84,0.48,0.14,0.25,0.0,0.0,47.0,24.4,8,75.0,2,8,18.0,0,1.25,13.0,9.0,4.0,0.48,0.75,0.0,13.0,14.0,2.0,43.0,11.0,9.0,,,0.0,,,,,,,,,,,,,,,
FRA-Ligue 1,2526,Lorient,Sambou Soumano,SEN,FW,24.0,2001.0,31.0,8.0,941.0,10.5,4.0,2.0,6.0,4.0,0.0,1.0,2.0,0.0,0.38,0.19,0.57,0.38,0.57,10.5,4.0,28.0,10.0,35.7,2.68,0.96,0.14,0.4,0.0,1.0,30.0,30.8,8,66.0,0,23,18.0,2,1.23,15.0,17.0,-2.0,-0.19,-0.15,0.0,16.0,18.0,10.0,0.0,4.0,4.0,,,0.0,,,,,,,,,,,,,,,
FRA-Ligue 1,2526,Lorient,Souleymane Touré,FRA,DF,22.0,2003.0,1.0,0.0,29.0,0.3,0.0,0.0,0.0,0.0,0.0,0.0,0.0,0.0,0.0,0.0,0.0,0.0,0.0,0.3,0.0,0.0,0.0,,0.0,0.0,,,0.0,0.0,29.0,0.9,0,,0,1,29.0,1,3.0,3.0,0.0,3.0,9.31,9.49,0.0,0.0,0.0,0.0,0.0,0.0,0.0,,,0.0,,,,,,,,,,,,,,,
FRA-Ligue 1,2526,Lorient,Théo Le Bris,FRA,MF,22.0,2002.0,28.0,22.0,1893.0,21.0,2.0,2.0,4.0,2.0,0.0,0.0,0.0,0.0,0.1,0.1,0.19,0.1,0.19,21.0,2.0,17.0,7.0,41.2,0.81,0.33,0.12,0.29,0.0,0.0,68.0,61.9,22,81.0,7,6,19.0,1,1.36,30.0,26.0,4.0,0.19,0.73,0.0,8.0,7.0,0.0,81.0,17.0,28.0,,,0.0,,,,,,,,,,,,,,,
FRA-Ligue 1,2526,Lorient,Tosin Aiyegun,BEN,"FW,MF",27.0,1998.0,27.0,11.0,1073.0,11.9,5.0,0.0,5.0,5.0,0.0,1.0,1.0,0.0,0.42,0.0,0.42,0.42,0.42,11.9,5.0,30.0,12.0,40.0,2.52,1.01,0.17,0.42,0.0,1.0,40.0,35.1,11,68.0,1,16,20.0,3,1.04,13.0,16.0,-3.0,-0.25,-0.25,0.0,11.0,13.0,3.0,6.0,1.0,5.0,,,0.0,,,,,,,,,,,,,,,
FRA-Ligue 1,2526,Lorient,Yvon Mvogo,SUI,GK,31.0,1994.0,31.0,31.0,2790.0,31.0,0.0,0.0,0.0,0.0,0.0,0.0,0.0,0.0,0.0,0.0,0.0,0.0,0.0,31.0,0.0,0.0,0.0,,0.0,0.0,,,0.0,0.0,90.0,91.2,31,90.0,31,0,,0,1.35,43.0,43.0,0.0,0.0,1.0,0.0,0.0,4.0,0.0,0.0,1.0,1.0,,,0.0,43.0,1.39,119.0,76.0,63.9,10.0,12.0,9.0,6.0,19.4,5.0,4.0,0.0,1.0,0.0
FRA-Ligue 1,2526,Lyon,Abner,BRA,"DF,MF",25.0,2000.0,26.0,25.0,2150.0,23.9,3.0,2.0,5.0,3.0,0.0,0.0,4.0,1.0,0.13,0.08,0.21,0.13,0.21,23.9,3.0,17.0,7.0,41.2,0.71,0.29,0.18,0.43,0.0,0.0,83.0,70.3,25,86.0,17,1,3.0,2,1.81,35.0,25.0,10.0,0.42,0.12,0.0,23.0,6.0,1.0,61.0,8.0,24.0,,,0.0,,,,,,,,,,,,,,,
FRA-Ligue 1,2526,Lyon,Adam Karabec,CZE,"MF,FW",22.0,2003.0,21.0,11.0,922.0,10.2,1.0,0.0,1.0,1.0,0.0,0.0,3.0,0.0,0.1,0.0,0.1,0.1,0.1,10.2,1.0,9.0,5.0,55.6,0.88,0.49,0.11,0.2,0.0,0.0,44.0,30.1,11,74.0,0,10,11.0,10,1.95,11.0,8.0,3.0,0.29,-0.13,0.0,14.0,20.0,3.0,80.0,1.0,3.0,,,0.0,,,,,,,,,,,,,,,
FRA-Ligue 1,2526,Lyon,Adil Hamdani,FRA,MF,16.0,2009.0,4.0,0.0,27.0,0.3,0.0,0.0,0.0,0.0,0.0,0.0,0.0,0.0,0.0,0.0,0.0,0.0,0.0,0.3,0.0,2.0,0.0,0.0,6.67,0.0,0.0,,0.0,0.0,7.0,0.9,0,,0,4,7.0,5,1.5,1.0,0.0,1.0,3.33,2.98,0.0,1.0,0.0,0.0,4.0,0.0,0.0,,,0.0,,,,,,,,,,,,,,,
FRA-Ligue 1,2526,Lyon,Afonso Moreira,POR,"MF,FW",20.0,2005.0,27.0,18.0,1722.0,19.1,4.0,7.0,11.0,4.0,0.0,0.0,3.0,0.0,0.21,0.37,0.57,0.21,0.57,19.1,4.0,40.0,14.0,35.0,2.09,0.73,0.1,0.29,0.0,0.0,64.0,56.3,18,88.0,13,9,15.0,2,1.93,35.0,23.0,12.0,0.63,0.56,0.0,27.0,57.0,4.0,119.0,12.0,22.0,,,0.0,,,,,,,,,,,,,,,
FRA-Ligue 1,2526,Lyon,Ainsley Maitland-Niles,ENG,"DF,MF",27.0,1997.0,30.0,28.0,2483.0,27.6,1.0,4.0,5.0,1.0,0.0,1.0,7.0,1.0,0.04,0.14,0.18,0.04,0.18,27.6,1.0,14.0,7.0,50.0,0.51,0.25,0.07,0.14,0.0,1.0,83.0,81.1,28,85.0,22,2,48.0,0,1.83,48.0,35.0,13.0,0.47,0.47,1.0,37.0,12.0,1.0,44.0,33.0,36.0,,,0.0,,,,,,,,,,,,,,,
FRA-Ligue 1,2526,Lyon,Clinton Mata,ANG,DF,32.0,1992.0,32.0,32.0,2833.0,31.5,0.0,0.0,0.0,0.0,0.0,0.0,5.0,0.0,0.0,0.0,0.0,0.0,0.0,31.5,0.0,5.0,0.0,0.0,0.16,0.0,0.0,,0.0,0.0,89.0,92.6,32,89.0,29,0,,0,1.75,49.0,40.0,9.0,0.29,-1.3,0.0,35.0,35.0,0.0,20.0,26.0,21.0,,,1.0,,,,,,,,,,,,,,,
FRA-Ligue 1,2526,Lyon,Corentin Tolisso,FRA,MF,30.0,1994.0,30.0,26.0,2302.0,25.6,11.0,4.0,15.0,9.0,2.0,3.0,4.0,0.0,0.43,0.16,0.59,0.35,0.51,25.6,11.0,54.0,27.0,50.0,2.11,1.06,0.2,0.41,2.0,3.0,77.0,75.2,26,84.0,17,4,31.0,0,1.6,42.0,32.0,10.0,0.39,0.03,0.0,42.0,55.0,3.0,49.0,17.0,18.0,,,0.0,,,,,,,,,,,,,,,
FRA-Ligue 1,2526,Lyon,Dominik Greif,SVK,GK,28.0,1997.0,29.0,29.0,2610.0,29.0,0.0,1.0,1.0,0.0,0.0,0.0,1.0,0.0,0.0,0.03,0.03,0.0,0.03,29.0,0.0,0.0,0.0,,0.0,0.0,,,0.0,0.0,90.0,85.3,29,90.0,29,0,,4,1.72,47.0,37.0,10.0,0.34,-0.26,0.0,0.0,6.0,0.0,0.0,0.0,0.0,,,0.0,37.0,1.28,115.0,77.0,67.8,15.0,5.0,9.0,11.0,37.9,5.0,2.0,3.0,0.0,60.0
FRA-Ligue 1,2526,Lyon,Endrick,BRA,"FW,MF",19.0,2006.0,16.0,14.0,1215.0,13.5,5.0,7.0,12.0,4.0,1.0,1.0,4.0,1.0,0.37,0.52,0.89,0.3,0.81,13.5,5.0,50.0,26.0,52.0,3.7,1.93,0.1,0.19,1.0,1.0,76.0,39.7,14,82.0,4,2,36.0,0,1.69,26.0,20.0,6.0,0.44,0.1,0.0,21.0,21.0,4.0,52.0,2.0,9.0,,,0.0,,,,,,,,,,,,,,,
FRA-Ligue 1,2526,Lyon,Enzo Molebe,FRA,FW,17.0,2007.0,1.0,0.0,10.0,0.1,0.0,0.0,0.0,0.0,0.0,0.0,0.0,0.0,0.0,0.0,0.0,0.0,0.0,0.1,0.0,0.0,0.0,,0.0,0.0,,,0.0,0.0,10.0,0.3,0,,0,1,10.0,7,3.0,0.0,0.0,0.0,0.0,-0.38,0.0,0.0,0.0,0.0,0.0,0.0,0.0,,,0.0,,,,,,,,,,,,,,,
FRA-Ligue 1,2526,Lyon,Ernest Nuamah,GHA,"FW,MF",21.0,2003.0,3.0,0.0,35.0,0.4,0.0,0.0,0.0,0.0,0.0,0.0,0.0,0.0,0.0,0.0,0.0,0.0,0.0,0.4,0.0,2.0,0.0,0.0,5.14,0.0,0.0,,0.0,0.0,12.0,1.1,0,,0,3,12.0,0,1.0,0.0,0.0,0.0,0.0,-0.39,0.0,0.0,0.0,0.0,2.0,0.0,0.0,,,0.0,,,,,,,,,,,,,,,
FRA-Ligue 1,2526,Lyon,Georges Mikautadze,GEO,FW,24.0,2000.0,2.0,2.0,179.0,2.0,1.0,0.0,1.0,1.0,0.0,0.0,0.0,0.0,0.5,0.0,0.5,0.5,0.5,2.0,1.0,10.0,4.0,40.0,5.03,2.01,0.1,0.25,0.0,0.0,90.0,5.8,2,90.0,1,0,,0,3.0,4.0,0.0,4.0,2.01,1.73,0.0,0.0,1.0,1.0,0.0,1.0,0.0,,,0.0,,,,,,,,,,,,,,,
FRA-Ligue 1,2526,Lyon,Hans Hateboer,NED,"DF,MF",31.0,1994.0,15.0,8.0,740.0,8.2,0.0,0.0,0.0,0.0,0.0,0.0,0.0,1.0,0.0,0.0,0.0,0.0,0.0,8.2,0.0,7.0,1.0,14.3,0.85,0.12,0.0,0.0,0.0,0.0,49.0,24.2,8,74.0,3,7,21.0,7,1.87,12.0,9.0,3.0,0.36,-0.02,0.0,8.0,3.0,1.0,22.0,10.0,10.0,,,0.0,,,,,,,,,,,,,,,
FRA-Ligue 1,2526,Lyon,Khalis Merah,FRA,"MF,FW",18.0,2007.0,22.0,15.0,1130.0,12.6,0.0,1.0,1.0,0.0,0.0,0.0,2.0,0.0,0.0,0.08,0.08,0.0,0.08,12.6,0.0,6.0,3.0,50.0,0.48,0.24,0.0,0.0,0.0,0.0,51.0,36.9,15,68.0,0,7,15.0,12,2.18,20.0,11.0,9.0,0.72,0.53,0.0,11.0,20.0,0.0,13.0,6.0,19.0,,,0.0,,,,,,,,,,,,,,,
FRA-Ligue 1,2526,Lyon,Malick Fofana,BEL,"MF,FW",20.0,2005.0,12.0,9.0,749.0,8.3,2.0,1.0,3.0,2.0,0.0,0.0,1.0,0.0,0.24,0.12,0.36,0.24,0.36,8.3,2.0,19.0,9.0,47.4,2.28,1.08,0.11,0.22,0.0,0.0,62.0,24.5,9,80.0,1,3,9.0,1,1.5,10.0,7.0,3.0,0.36,-0.03,0.0,11.0,22.0,3.0,29.0,3.0,5.0,,,0.0,,,,,,,,,,,,,,,
FRA-Ligue 1,2526,Lyon,Martin Satriano,URU,FW,24.0,2001.0,11.0,8.0,692.0,7.7,2.0,1.0,3.0,2.0,0.0,0.0,1.0,0.0,0.26,0.13,0.39,0.26,0.39,7.7,2.0,16.0,7.0,43.8,2.08,0.91,0.13,0.29,0.0,0.0,63.0,22.6,8,84.0,4,3,7.0,2,1.5,11.0,9.0,2.0,0.26,-0.16,0.0,11.0,13.0,3.0,5.0,5.0,3.0,,,0.0,,,,,,,,,,,,,,,
FRA-Ligue 1,2526,Lyon,Mathys De Carvalho,FRA,MF,20.0,2005.0,11.0,3.0,295.0,3.3,0.0,0.0,0.0,0.0,0.0,0.0,1.0,0.0,0.0,0.0,0.0,0.0,0.0,3.3,0.0,7.0,2.0,28.6,2.14,0.61,0.0,0.0,0.0,0.0,27.0,9.6,3,69.0,1,8,11.0,17,2.18,6.0,4.0,2.0,0.61,0.25,0.0,2.0,5.0,0.0,2.0,4.0,6.0,,,0.0,,,,,,,,,,,,,,,
FRA-Ligue 1,2526,Lyon,Moussa Niakhaté,SEN,DF,29.0,1996.0,32.0,30.0,2759.0,30.7,0.0,2.0,2.0,0.0,0.0,0.0,3.0,0.0,0.0,0.07,0.07,0.0,0.07,30.7,0.0,4.0,0.0,0.0,0.13,0.0,0.0,,0.0,0.0,86.0,90.2,30,90.0,30,2,30.0,0,1.69,43.0,34.0,9.0,0.29,-0.9,0.0,38.0,32.0,0.0,6.0,32.0,22.0,,,0.0,,,,,,,,,,,,,,,
FRA-Ligue 1,2526,Lyon,Nicolás Tagliafico,ARG,DF,32.0,1992.0,20.0,14.0,1310.0,14.6,0.0,3.0,3.0,0.0,0.0,0.0,5.0,2.0,0.0,0.21,0.21,0.0,0.21,14.6,0.0,15.0,1.0,6.7,1.03,0.07,0.0,0.0,0.0,0.0,66.0,42.8,14,85.0,8,6,20.0,6,1.55,21.0,15.0,6.0,0.41,0.05,1.0,36.0,33.0,2.0,20.0,17.0,14.0,,,0.0,,,,,,,,,,,,,,,
FRA-Ligue 1,2526,Lyon,Noah Nartey,DEN,"MF,FW",19.0,2005.0,11.0,5.0,545.0,6.1,2.0,0.0,2.0,2.0,0.0,0.0,0.0,0.0,0.33,0.0,0.33,0.33,0.33,6.1,2.0,5.0,2.0,40.0,0.83,0.33,0.4,1.0,0.0,0.0,50.0,17.8,5,81.0,4,6,23.0,4,1.55,8.0,7.0,1.0,0.17,-0.26,0.0,6.0,7.0,1.0,5.0,2.0,6.0,,,0.0,,,,,,,,,,,,,,,
FRA-Ligue 1,2526,Lyon,Noham Kamara,FRA,DF,18.0,2007.0,2.0,0.0,7.0,0.1,0.0,0.0,0.0,0.0,0.0,0.0,0.0,0.0,0.0,0.0,0.0,0.0,0.0,0.1,0.0,0.0,0.0,,0.0,0.0,,,0.0,0.0,4.0,0.2,0,,0,2,4.0,3,3.0,0.0,1.0,-1.0,-12.86,-13.27,0.0,0.0,0.0,0.0,0.0,0.0,0.0,,,0.0,,,,,,,,,,,,,,,
FRA-Ligue 1,2526,Lyon,Orel Mangala,BEL,MF,27.0,1998.0,9.0,5.0,414.0,4.6,0.0,0.0,0.0,0.0,0.0,0.0,0.0,0.0,0.0,0.0,0.0,0.0,0.0,4.6,0.0,4.0,1.0,25.0,0.87,0.22,0.0,0.0,0.0,0.0,46.0,13.5,5,67.0,0,4,20.0,2,2.11,6.0,7.0,-1.0,-0.22,-0.69,0.0,8.0,5.0,0.0,3.0,5.0,5.0,,,0.0,,,,,,,,,,,,,,,
FRA-Ligue 1,2526,Lyon,Pavel Šulc,CZE,"FW,MF",24.0,2000.0,27.0,17.0,1566.0,17.4,11.0,3.0,14.0,11.0,0.0,0.0,3.0,0.0,0.63,0.17,0.8,0.63,0.8,17.4,11.0,44.0,18.0,40.9,2.53,1.03,0.25,0.61,0.0,0.0,58.0,51.2,17,80.0,7,10,20.0,1,1.81,28.0,22.0,6.0,0.34,-0.08,0.0,28.0,15.0,6.0,13.0,6.0,13.0,,,0.0,,,,,,,,,,,,,,,
FRA-Ligue 1,2526,Lyon,Rachid Ghezzal,ALG,"MF,FW",33.0,1992.0,10.0,2.0,225.0,2.5,0.0,0.0,0.0,0.0,0.0,0.0,0.0,0.0,0.0,0.0,0.0,0.0,0.0,2.5,0.0,4.0,1.0,25.0,1.6,0.4,0.0,0.0,0.0,0.0,23.0,7.4,2,54.0,0,8,15.0,13,1.5,4.0,5.0,-1.0,-0.4,-0.84,0.0,9.0,2.0,1.0,15.0,1.0,4.0,,,0.0,,,,,,,,,,,,,,,
FRA-Ligue 1,2526,Lyon,Roman Yaremchuk,UKR,FW,29.0,1995.0,11.0,5.0,561.0,6.2,4.0,1.0,5.0,4.0,0.0,0.0,1.0,0.0,0.64,0.16,0.8,0.64,0.8,6.2,4.0,16.0,6.0,37.5,2.57,0.96,0.25,0.67,0.0,0.0,51.0,18.3,5,74.0,0,6,32.0,1,1.36,12.0,9.0,3.0,0.48,0.12,0.0,7.0,4.0,5.0,1.0,0.0,3.0,,,0.0,,,,,,,,,,,,,,,
FRA-Ligue 1,2526,Lyon,Ruben Kluivert,NED,DF,24.0,2001.0,16.0,9.0,772.0,8.6,1.0,2.0,3.0,1.0,0.0,0.0,4.0,0.0,0.12,0.23,0.35,0.12,0.35,8.6,1.0,2.0,1.0,50.0,0.23,0.12,0.5,1.0,0.0,0.0,48.0,25.2,9,81.0,6,7,6.0,8,2.06,18.0,19.0,-1.0,-0.12,-0.67,0.0,10.0,4.0,0.0,1.0,8.0,10.0,,,0.0,,,,,,,,,,,,,,,
FRA-Ligue 1,2526,Lyon,Rémi Himbert,FRA,FW,17.0,2008.0,6.0,1.0,131.0,1.5,1.0,0.0,1.0,1.0,0.0,0.0,0.0,0.0,0.69,0.0,0.69,0.69,0.69,1.5,1.0,10.0,1.0,10.0,6.87,0.69,0.1,1.0,0.0,0.0,22.0,4.3,1,81.0,0,5,10.0,2,1.67,1.0,3.0,-2.0,-1.37,-1.83,0.0,2.0,4.0,0.0,2.0,0.0,3.0,,,0.0,,,,,,,,,,,,,,,
FRA-Ligue 1,2526,Lyon,Rémy Descamps,FRA,GK,29.0,1996.0,5.0,5.0,450.0,5.0,0.0,0.0,0.0,0.0,0.0,0.0,0.0,0.0,0.0,0.0,0.0,0.0,0.0,5.0,0.0,0.0,0.0,,0.0,0.0,,,0.0,0.0,90.0,14.7,5,90.0,5,0,,24,2.0,6.0,3.0,3.0,0.6,0.26,0.0,0.0,0.0,0.0,0.0,0.0,0.0,,,1.0,3.0,0.6,17.0,14.0,82.4,3.0,1.0,1.0,4.0,80.0,0.0,0.0,0.0,0.0,
FRA-Ligue 1,2526,Lyon,Sael Kumbedi,FRA,DF,20.0,2005.0,1.0,1.0,65.0,0.7,0.0,0.0,0.0,0.0,0.0,0.0,1.0,0.0,0.0,0.0,0.0,0.0,0.0,0.7,0.0,1.0,0.0,0.0,1.38,0.0,0.0,,0.0,0.0,65.0,2.1,1,65.0,0,0,,1,3.0,1.0,0.0,1.0,1.38,1.02,0.0,4.0,2.0,0.0,1.0,1.0,0.0,,,0.0,,,,,,,,,,,,,,,
FRA-Ligue 1,2526,Lyon,Steeve Kango,FRA,DF,18.0,2006.0,4.0,1.0,80.0,0.9,0.0,0.0,0.0,0.0,0.0,0.0,0.0,0.0,0.0,0.0,0.0,0.0,0.0,0.9,0.0,0.0,0.0,,0.0,0.0,,,0.0,0.0,20.0,2.6,1,45.0,0,3,12.0,2,1.25,0.0,0.0,0.0,0.0,-0.39,0.0,1.0,1.0,0.0,7.0,0.0,1.0,,,0.0,,,,,,,,,,,,,,,
FRA-Ligue 1,2526,Lyon,Tanner Tessmann,USA,MF,23.0,2001.0,29.0,22.0,1953.0,21.7,1.0,0.0,1.0,1.0,0.0,0.0,2.0,0.0,0.05,0.0,0.05,0.05,0.05,21.7,1.0,26.0,8.0,30.8,1.2,0.37,0.04,0.13,0.0,0.0,67.0,63.8,22,82.0,14,7,21.0,0,1.86,32.0,21.0,11.0,0.51,0.34,0.0,21.0,19.0,3.0,17.0,13.0,21.0,,,0.0,,,,,,,,,,,,,,,
FRA-Ligue 1,2526,Lyon,Tyler Morton,ENG,MF,22.0,2002.0,29.0,29.0,2517.0,28.0,2.0,2.0,4.0,2.0,0.0,0.0,6.0,1.0,0.07,0.07,0.14,0.07,0.14,28.0,2.0,28.0,8.0,28.6,1.0,0.29,0.07,0.25,0.0,0.0,87.0,82.3,29,87.0,22,0,,0,1.83,47.0,30.0,17.0,0.61,1.27,0.0,29.0,19.0,0.0,83.0,24.0,29.0,,,0.0,,,,,,,,,,,,,,,
FRA-Ligue 1,2526,Marseille,Adrien Rabiot,FRA,MF,30.0,1995.0,1.0,1.0,90.0,1.0,0.0,0.0,0.0,0.0,0.0,0.0,1.0,0.0,0.0,0.0,0.0,0.0,0.0,1.0,0.0,1.0,0.0,0.0,1.0,0.0,0.0,,0.0,0.0,90.0,2.9,1,90.0,1,0,,0,0.0,0.0,1.0,-1.0,-1.0,-1.58,0.0,2.0,1.0,0.0,9.0,0.0,0.0,,,0.0,,,,,,,,,,,,,,,
FRA-Ligue 1,2526,Marseille,Amine Gouiri,ALG,"FW,MF",25.0,2000.0,22.0,15.0,1326.0,14.7,8.0,3.0,11.0,8.0,0.0,0.0,1.0,0.0,0.54,0.2,0.75,0.54,0.75,14.7,8.0,38.0,17.0,44.7,2.58,1.15,0.21,0.47,0.0,0.0,60.0,43.3,15,77.0,4,7,25.0,1,1.73,28.0,22.0,6.0,0.41,-0.22,0.0,17.0,16.0,4.0,37.0,3.0,9.0,,,0.0,,,,,,,,,,,,,,,
FRA-Ligue 1,2526,Marseille,Angel Gomes,ENG,MF,24.0,2000.0,14.0,12.0,888.0,9.9,3.0,0.0,3.0,3.0,0.0,0.0,4.0,0.0,0.3,0.0,0.3,0.3,0.3,9.9,3.0,11.0,5.0,45.5,1.11,0.51,0.27,0.6,0.0,0.0,63.0,29.0,12,72.0,4,2,13.0,3,2.07,21.0,9.0,12.0,1.22,0.97,0.0,19.0,12.0,0.0,7.0,4.0,5.0,,,0.0,,,,,,,,,,,,,,,
FRA-Ligue 1,2526,Marseille,Arthur Vermeeren,BEL,MF,20.0,2005.0,20.0,10.0,828.0,9.2,0.0,1.0,1.0,0.0,0.0,0.0,1.0,1.0,0.0,0.11,0.11,0.0,0.11,9.2,0.0,3.0,1.0,33.3,0.33,0.11,0.0,0.0,0.0,0.0,41.0,27.1,10,68.0,4,10,15.0,10,1.8,11.0,14.0,-3.0,-0.33,-1.17,0.0,15.0,1.0,0.0,3.0,11.0,11.0,,,0.0,,,,,,,,,,,,,,,
FRA-Ligue 1,2526,Marseille,Benjamin Pavard,FRA,DF,29.0,1996.0,27.0,22.0,1928.0,21.4,1.0,2.0,3.0,1.0,0.0,0.0,6.0,0.0,0.05,0.09,0.14,0.05,0.14,21.4,1.0,11.0,3.0,27.3,0.51,0.14,0.09,0.33,0.0,0.0,71.0,63.0,22,84.0,17,5,16.0,2,1.93,40.0,24.0,16.0,0.75,0.59,0.0,22.0,15.0,4.0,17.0,24.0,12.0,,,1.0,,,,,,,,,,,,,,,
FRA-Ligue 1,2526,Marseille,Bilal Nadir,MAR,MF,21.0,2003.0,20.0,5.0,598.0,6.6,0.0,4.0,4.0,0.0,0.0,0.0,6.0,1.0,0.0,0.6,0.6,0.0,0.6,6.6,0.0,7.0,1.0,14.3,1.05,0.15,0.0,0.0,0.0,0.0,30.0,19.5,5,70.0,1,15,17.0,5,1.4,22.0,5.0,17.0,2.56,2.52,1.0,24.0,4.0,1.0,10.0,6.0,9.0,,,0.0,,,,,,,,,,,,,,,
FRA-Ligue 1,2526,Marseille,CJ Egan-Riley,ENG,"DF,MF",22.0,2003.0,11.0,8.0,624.0,6.9,0.0,0.0,0.0,0.0,0.0,0.0,1.0,1.0,0.0,0.0,0.0,0.0,0.0,6.9,0.0,0.0,0.0,,0.0,0.0,,,0.0,0.0,57.0,20.4,8,75.0,4,3,9.0,15,1.55,9.0,9.0,0.0,0.0,-0.67,0.0,5.0,5.0,0.0,1.0,2.0,7.0,,,0.0,,,,,,,,,,,,,,,
FRA-Ligue 1,2526,Marseille,Darryl Bakola,FRA,MF,17.0,2007.0,8.0,0.0,75.0,0.8,0.0,0.0,0.0,0.0,0.0,0.0,0.0,0.0,0.0,0.0,0.0,0.0,0.0,0.8,0.0,2.0,1.0,50.0,2.4,1.2,0.0,0.0,0.0,0.0,9.0,2.5,0,,0,8,9.0,6,1.88,4.0,4.0,0.0,0.0,-0.54,0.0,4.0,4.0,0.0,1.0,0.0,1.0,,,0.0,,,,,,,,,,,,,,,
FRA-Ligue 1,2526,Marseille,Derek Cornelius,CAN,"DF,FW",27.0,1997.0,2.0,0.0,58.0,0.6,0.0,0.0,0.0,0.0,0.0,0.0,0.0,0.0,0.0,0.0,0.0,0.0,0.0,0.6,0.0,0.0,0.0,,0.0,0.0,,,0.0,0.0,29.0,1.9,0,,0,2,29.0,1,1.5,1.0,1.0,0.0,0.0,-0.54,0.0,0.0,2.0,0.0,0.0,1.0,0.0,,,0.0,,,,,,,,,,,,,,,
FRA-Ligue 1,2526,Marseille,Emerson Palmieri,ITA,"DF,MF",30.0,1994.0,28.0,23.0,2114.0,23.5,0.0,3.0,3.0,0.0,0.0,0.0,3.0,0.0,0.0,0.13,0.13,0.0,0.13,23.5,0.0,15.0,2.0,13.3,0.64,0.09,0.0,0.0,0.0,0.0,76.0,69.1,23,88.0,19,5,20.0,1,1.75,39.0,30.0,9.0,0.38,-0.47,0.0,16.0,17.0,2.0,122.0,33.0,32.0,,,0.0,,,,,,,,,,,,,,,
FRA-Ligue 1,2526,Marseille,Emmanuel Lago,CIV,FW,20.0,2004.0,2.0,0.0,49.0,0.5,0.0,0.0,0.0,0.0,0.0,0.0,1.0,0.0,0.0,0.0,0.0,0.0,0.0,0.5,0.0,2.0,2.0,100.0,3.67,3.67,0.0,0.0,0.0,0.0,25.0,1.6,0,,0,2,25.0,7,1.5,0.0,3.0,-3.0,-5.51,-6.14,0.0,2.0,1.0,0.0,1.0,1.0,3.0,,,0.0,,,,,,,,,,,,,,,
FRA-Ligue 1,2526,Marseille,Ethan Nwaneri,ENG,MF,18.0,2007.0,9.0,3.0,324.0,3.6,2.0,1.0,3.0,2.0,0.0,0.0,1.0,0.0,0.56,0.28,0.83,0.56,0.83,3.6,2.0,9.0,3.0,33.3,2.5,0.83,0.22,0.67,0.0,0.0,36.0,10.6,3,56.0,0,6,26.0,7,1.11,8.0,5.0,3.0,0.83,0.34,0.0,4.0,1.0,0.0,9.0,3.0,1.0,,,0.0,,,,,,,,,,,,,,,
FRA-Ligue 1,2526,Marseille,Facundo Medina,ARG,DF,26.0,1999.0,17.0,16.0,1365.0,15.2,0.0,1.0,1.0,0.0,0.0,0.0,7.0,0.0,0.0,0.07,0.07,0.0,0.07,15.2,0.0,4.0,1.0,25.0,0.26,0.07,0.0,0.0,0.0,0.0,80.0,44.6,16,85.0,13,1,6.0,3,1.76,26.0,23.0,3.0,0.2,-0.6,0.0,24.0,9.0,0.0,13.0,24.0,16.0,,,1.0,,,,,,,,,,,,,,,
FRA-Ligue 1,2526,Marseille,Geoffrey Kondogbia,CTA,"MF,DF",32.0,1993.0,10.0,9.0,587.0,6.5,0.0,0.0,0.0,0.0,0.0,0.0,3.0,0.0,0.0,0.0,0.0,0.0,0.0,6.5,0.0,4.0,1.0,25.0,0.61,0.15,0.0,0.0,0.0,0.0,59.0,19.2,9,64.0,0,1,14.0,7,1.9,11.0,6.0,5.0,0.77,0.29,0.0,12.0,8.0,0.0,1.0,11.0,9.0,,,0.0,,,,,,,,,,,,,,,
FRA-Ligue 1,2526,Marseille,Gerónimo Rulli,ARG,GK,33.0,1992.0,29.0,29.0,2610.0,29.0,0.0,0.0,0.0,0.0,0.0,0.0,3.0,0.0,0.0,0.0,0.0,0.0,0.0,29.0,0.0,1.0,0.0,0.0,0.03,0.0,0.0,,0.0,0.0,90.0,85.3,29,90.0,29,0,,3,1.77,53.0,35.0,18.0,0.62,0.62,0.0,1.0,14.0,0.0,0.0,0.0,0.0,,,0.0,34.0,1.17,110.0,76.0,69.1,15.0,5.0,9.0,8.0,27.6,6.0,5.0,0.0,1.0,0.0
FRA-Ligue 1,2526,Marseille,Hamed Junior Traorè,CIV,MF,25.0,2000.0,13.0,7.0,619.0,6.9,2.0,1.0,3.0,2.0,0.0,0.0,1.0,0.0,0.29,0.15,0.44,0.29,0.44,6.9,2.0,13.0,6.0,46.2,1.89,0.87,0.15,0.33,0.0,0.0,48.0,20.2,7,76.0,1,6,15.0,4,1.23,8.0,12.0,-4.0,-0.58,-1.39,0.0,8.0,11.0,2.0,33.0,5.0,7.0,,,0.0,,,,,,,,,,,,,,,
FRA-Ligue 1,2526,Marseille,Hilan Hamzaoui,FRA,DF,19.0,2006.0,1.0,0.0,3.0,0.0,0.0,0.0,0.0,0.0,0.0,0.0,0.0,0.0,0.0,0.0,0.0,0.0,0.0,0.0,0.0,0.0,0.0,,0.0,0.0,,,0.0,0.0,3.0,0.1,0,,0,1,3.0,4,0.0,0.0,0.0,0.0,0.0,-0.53,0.0,0.0,0.0,0.0,0.0,0.0,0.0,,,0.0,,,,,,,,,,,,,,,
FRA-Ligue 1,2526,Marseille,Himad Abdelli,ALG,MF,25.0,1999.0,8.0,1.0,138.0,1.5,0.0,0.0,0.0,0.0,0.0,0.0,1.0,0.0,0.0,0.0,0.0,0.0,0.0,1.5,0.0,4.0,1.0,25.0,2.61,0.65,0.0,0.0,0.0,0.0,17.0,4.5,1,58.0,0,7,11.0,2,1.0,2.0,8.0,-6.0,-3.91,-4.65,0.0,3.0,0.0,0.0,1.0,2.0,1.0,,,0.0,,,,,,,,,,,,,,,
FRA-Ligue 1,2526,Marseille,Igor Paixão,BRA,MF,25.0,2000.0,30.0,22.0,1975.0,21.9,6.0,5.0,11.0,6.0,0.0,0.0,3.0,0.0,0.27,0.23,0.5,0.27,0.5,21.9,6.0,57.0,23.0,40.4,2.6,1.05,0.11,0.26,0.0,0.0,66.0,64.5,22,77.0,7,8,35.0,0,1.83,40.0,28.0,12.0,0.55,0.05,0.0,21.0,34.0,9.0,57.0,17.0,12.0,,,0.0,,,,,,,,,,,,,,,
FRA-Ligue 1,2526,Marseille,Jeffrey De Lange,NED,GK,27.0,1998.0,5.0,5.0,450.0,5.0,0.0,0.0,0.0,0.0,0.0,0.0,0.0,0.0,0.0,0.0,0.0,0.0,0.0,5.0,0.0,0.0,0.0,,0.0,0.0,,,0.0,0.0,90.0,14.7,5,90.0,5,0,,29,1.8,15.0,11.0,4.0,0.8,0.32,0.0,0.0,0.0,0.0,0.0,0.0,0.0,,,0.0,11.0,2.2,24.0,13.0,54.2,3.0,0.0,2.0,1.0,20.0,0.0,0.0,0.0,0.0,
FRA-Ligue 1,2526,Marseille,Jonathan Rowe,ENG,FW,22.0,2003.0,1.0,1.0,62.0,0.7,0.0,0.0,0.0,0.0,0.0,0.0,0.0,0.0,0.0,0.0,0.0,0.0,0.0,0.7,0.0,5.0,0.0,0.0,7.26,0.0,0.0,,0.0,0.0,62.0,2.0,1,62.0,0,0,,0,0.0,0.0,0.0,0.0,0.0,-0.54,0.0,2.0,2.0,0.0,4.0,1.0,0.0,,,0.0,,,,,,,,,,,,,,,
FRA-Ligue 1,2526,Marseille,Leonardo Balerdi,ARG,DF,26.0,1999.0,26.0,21.0,2001.0,22.2,0.0,1.0,1.0,0.0,0.0,0.0,5.0,0.0,0.0,0.04,0.04,0.0,0.04,22.2,0.0,20.0,5.0,25.0,0.9,0.22,0.0,0.0,0.0,0.0,77.0,65.4,21,89.0,19,5,26.0,1,1.73,46.0,33.0,13.0,0.58,0.16,0.0,23.0,21.0,0.0,2.0,27.0,28.0,,,0.0,,,,,,,,,,,,,,,
FRA-Ligue 1,2526,Marseille,Mason Greenwood,ENG,MF,23.0,2001.0,32.0,29.0,2462.0,27.4,16.0,7.0,23.0,10.0,6.0,8.0,4.0,0.0,0.58,0.26,0.84,0.37,0.62,27.4,16.0,116.0,48.0,41.4,4.24,1.75,0.14,0.33,6.0,8.0,77.0,80.5,29,82.0,16,3,31.0,1,1.75,52.0,36.0,16.0,0.58,0.28,0.0,22.0,34.0,1.0,112.0,4.0,13.0,,,0.0,,,,,,,,,,,,,,,
FRA-Ligue 1,2526,Marseille,Matt O'Riley,DEN,MF,24.0,2000.0,15.0,6.0,741.0,8.2,1.0,2.0,3.0,1.0,0.0,0.0,2.0,0.0,0.12,0.24,0.36,0.12,0.36,8.2,1.0,7.0,3.0,42.9,0.85,0.36,0.14,0.33,0.0,0.0,49.0,24.2,6,81.0,2,9,28.0,2,2.33,16.0,9.0,7.0,0.85,0.42,0.0,15.0,1.0,1.0,7.0,6.0,8.0,,,0.0,,,,,,,,,,,,,,,
FRA-Ligue 1,2526,Marseille,Michael Amir Murillo,PAN,"DF,MF",29.0,1996.0,16.0,11.0,989.0,11.0,2.0,1.0,3.0,2.0,0.0,0.0,4.0,0.0,0.18,0.09,0.27,0.18,0.27,11.0,2.0,9.0,2.0,22.2,0.82,0.18,0.22,1.0,0.0,0.0,62.0,32.3,11,80.0,7,5,21.0,2,2.0,26.0,13.0,13.0,1.18,0.97,0.0,22.0,16.0,2.0,28.0,6.0,13.0,,,0.0,,,,,,,,,,,,,,,
FRA-Ligue 1,2526,Marseille,Nayef Aguerd,MAR,DF,29.0,1996.0,16.0,16.0,1396.0,15.5,1.0,0.0,1.0,1.0,0.0,0.0,4.0,0.0,0.06,0.0,0.06,0.06,0.06,15.5,1.0,10.0,2.0,20.0,0.64,0.13,0.1,0.5,0.0,0.0,87.0,45.6,16,87.0,13,0,,1,1.94,33.0,17.0,16.0,1.03,0.92,0.0,21.0,6.0,0.0,2.0,21.0,16.0,,,0.0,,,,,,,,,,,,,,,
FRA-Ligue 1,2526,Marseille,Neal Maupay,FRA,"FW,MF",28.0,1996.0,1.0,0.0,2.0,0.0,0.0,0.0,0.0,0.0,0.0,0.0,0.0,0.0,0.0,0.0,0.0,0.0,0.0,0.0,0.0,0.0,0.0,,0.0,0.0,,,0.0,0.0,2.0,0.1,0,,0,1,2.0,2,3.0,0.0,0.0,0.0,0.0,-0.53,0.0,0.0,0.0,0.0,0.0,0.0,0.0,,,0.0,,,,,,,,,,,,,,,
FRA-Ligue 1,2526,Marseille,Nouhoum Kamissoko,MLI,MF,20.0,2004.0,3.0,0.0,24.0,0.3,0.0,0.0,0.0,0.0,0.0,0.0,0.0,0.0,0.0,0.0,0.0,0.0,0.0,0.3,0.0,1.0,0.0,0.0,3.75,0.0,0.0,,0.0,0.0,8.0,0.8,0,,0,3,8.0,2,2.33,0.0,2.0,-2.0,-7.5,-8.09,0.0,0.0,0.0,0.0,0.0,0.0,1.0,,,0.0,,,,,,,,,,,,,,,
FRA-Ligue 1,2526,Marseille,Pierre Højbjerg,DEN,MF,29.0,1995.0,32.0,30.0,2712.0,30.1,4.0,5.0,9.0,4.0,0.0,0.0,4.0,0.0,0.13,0.17,0.3,0.13,0.3,30.1,4.0,46.0,14.0,30.4,1.53,0.46,0.09,0.29,0.0,0.0,85.0,88.6,30,89.0,25,2,24.0,0,1.75,54.0,40.0,14.0,0.46,-0.57,0.0,38.0,46.0,0.0,10.0,26.0,24.0,,,0.0,,,,,,,,,,,,,,,
FRA-Ligue 1,2526,Marseille,Pierre-Emerick Aubameyang,GAB,FW,36.0,1989.0,30.0,23.0,2039.0,22.7,10.0,5.0,15.0,10.0,0.0,0.0,1.0,0.0,0.44,0.22,0.66,0.44,0.66,22.7,10.0,60.0,34.0,56.7,2.65,1.5,0.17,0.29,0.0,0.0,68.0,66.6,23,79.0,8,7,31.0,3,1.67,43.0,26.0,17.0,0.75,0.66,0.0,19.0,16.0,9.0,30.0,7.0,6.0,,,0.0,,,,,,,,,,,,,,,
FRA-Ligue 1,2526,Marseille,Pol Lirola,ESP,"DF,MF",27.0,1997.0,3.0,0.0,34.0,0.4,0.0,0.0,0.0,0.0,0.0,0.0,0.0,0.0,0.0,0.0,0.0,0.0,0.0,0.4,0.0,0.0,0.0,,0.0,0.0,,,0.0,0.0,11.0,1.1,0,,0,3,11.0,1,1.33,0.0,2.0,-2.0,-5.29,-5.89,0.0,1.0,2.0,0.0,2.0,1.0,0.0,,,0.0,,,,,,,,,,,,,,,
FRA-Ligue 1,2526,Marseille,Quinten Timber,NED,MF,24.0,2001.0,15.0,14.0,1105.0,12.3,0.0,0.0,0.0,0.0,0.0,0.0,4.0,0.0,0.0,0.0,0.0,0.0,0.0,12.3,0.0,10.0,2.0,20.0,0.81,0.16,0.0,0.0,0.0,0.0,74.0,36.1,14,78.0,4,1,9.0,0,1.6,14.0,16.0,-2.0,-0.16,-1.08,0.0,13.0,20.0,1.0,7.0,9.0,17.0,,,0.0,,,,,,,,,,,,,,,
FRA-Ligue 1,2526,Marseille,Robinio Vaz,FRA,FW,18.0,2007.0,14.0,3.0,379.0,4.2,4.0,2.0,6.0,4.0,0.0,0.0,2.0,0.0,0.95,0.47,1.42,0.95,1.42,4.2,4.0,8.0,6.0,75.0,1.9,1.42,0.5,0.67,0.0,0.0,27.0,12.4,3,59.0,0,11,18.0,2,1.86,16.0,6.0,10.0,2.37,2.11,0.0,8.0,9.0,3.0,4.0,3.0,4.0,,,0.0,,,,,,,,,,,,,,,
FRA-Ligue 1,2526,Marseille,Tadjidine Mmadi,FRA,FW,18.0,2007.0,3.0,0.0,45.0,0.5,0.0,0.0,0.0,0.0,0.0,0.0,0.0,0.0,0.0,0.0,0.0,0.0,0.0,0.5,0.0,2.0,0.0,0.0,4.0,0.0,0.0,,0.0,0.0,15.0,1.5,0,,0,3,15.0,5,1.33,1.0,1.0,0.0,0.0,-0.54,0.0,2.0,0.0,0.0,2.0,2.0,1.0,,,0.0,,,,,,,,,,,,,,,
FRA-Ligue 1,2526,Marseille,Timothy Weah,USA,"MF,DF",25.0,2000.0,29.0,26.0,2253.0,25.0,2.0,2.0,4.0,2.0,0.0,0.0,5.0,0.0,0.08,0.08,0.16,0.08,0.16,25.0,2.0,29.0,10.0,34.5,1.16,0.4,0.07,0.2,0.0,0.0,78.0,73.6,26,82.0,15,3,37.0,1,1.69,47.0,34.0,13.0,0.52,-0.04,0.0,32.0,18.0,1.0,62.0,15.0,35.0,,,0.0,,,,,,,,,,,,,,,
FRA-Ligue 1,2526,Marseille,Tochukwu Nnadi,NGA,"MF,DF",22.0,2003.0,8.0,4.0,351.0,3.9,0.0,1.0,1.0,0.0,0.0,0.0,1.0,0.0,0.0,0.26,0.26,0.0,0.26,3.9,0.0,4.0,1.0,25.0,1.03,0.26,0.0,0.0,0.0,0.0,44.0,11.5,4,79.0,1,4,9.0,2,2.38,6.0,3.0,3.0,0.77,0.27,0.0,10.0,4.0,1.0,6.0,3.0,3.0,,,0.0,,,,,,,,,,,,,,,
FRA-Ligue 1,2526,Marseille,Ugo Lamare,FRA,FW,18.0,2007.0,3.0,0.0,17.0,0.2,0.0,0.0,0.0,0.0,0.0,0.0,0.0,0.0,0.0,0.0,0.0,0.0,0.0,0.2,0.0,1.0,0.0,0.0,5.29,0.0,0.0,,0.0,0.0,6.0,0.6,0,,0,3,6.0,1,1.0,0.0,0.0,0.0,0.0,-0.53,0.0,1.0,0.0,0.0,0.0,0.0,0.0,,,0.0,,,,,,,,,,,,,,,
FRA-Ligue 1,2526,Marseille,Ulisses Garcia,SUI,"MF,DF",29.0,1996.0,4.0,2.0,211.0,2.3,0.0,0.0,0.0,0.0,0.0,0.0,1.0,1.0,0.0,0.0,0.0,0.0,0.0,2.3,0.0,2.0,1.0,50.0,0.85,0.43,0.0,0.0,0.0,0.0,53.0,6.9,2,77.0,0,2,29.0,6,1.5,5.0,4.0,1.0,0.43,-0.11,0.0,4.0,2.0,0.0,1.0,0.0,2.0,,,0.0,,,,,,,,,,,,,,,
FRA-Ligue 1,2526,Metz,Alpha Touré,SEN,MF,19.0,2006.0,30.0,16.0,1606.0,17.8,0.0,1.0,1.0,0.0,0.0,0.0,5.0,0.0,0.0,0.06,0.06,0.0,0.06,17.8,0.0,17.0,1.0,5.9,0.95,0.06,0.0,0.0,0.0,0.0,54.0,52.5,16,81.0,7,14,22.0,2,0.53,15.0,37.0,-22.0,-1.23,0.13,0.0,27.0,27.0,1.0,13.0,10.0,23.0,,,0.0,,,,,,,,,,,,,,,
FRA-Ligue 1,2526,Metz,Believe Munongo,FRA,MF,15.0,2009.0,11.0,5.0,431.0,4.8,0.0,0.0,0.0,0.0,0.0,0.0,1.0,0.0,0.0,0.0,0.0,0.0,0.0,4.8,0.0,5.0,1.0,20.0,1.04,0.21,0.0,0.0,0.0,0.0,39.0,14.1,5,62.0,1,6,20.0,4,0.36,2.0,12.0,-10.0,-2.09,-0.92,0.0,17.0,2.0,0.0,2.0,6.0,7.0,,,0.0,,,,,,,,,,,,,,,
FRA-Ligue 1,2526,Metz,Benjamin Stambouli,FRA,MF,34.0,1990.0,19.0,10.0,960.0,10.7,0.0,0.0,0.0,0.0,0.0,0.0,0.0,0.0,0.0,0.0,0.0,0.0,0.0,10.7,0.0,6.0,1.0,16.7,0.56,0.09,0.0,0.0,0.0,0.0,51.0,31.4,10,83.0,5,9,15.0,5,0.58,10.0,26.0,-16.0,-1.5,-0.3,0.0,14.0,9.0,0.0,8.0,9.0,16.0,,,0.0,,,,,,,,,,,,,,,
FRA-Ligue 1,2526,Metz,Boubacar Traoré,MLI,MF,23.0,2001.0,20.0,16.0,1387.0,15.4,1.0,0.0,1.0,1.0,0.0,0.0,4.0,0.0,0.06,0.0,0.06,0.06,0.06,15.4,1.0,19.0,3.0,15.8,1.23,0.19,0.05,0.33,0.0,0.0,69.0,45.3,16,82.0,6,4,19.0,0,0.5,13.0,32.0,-19.0,-1.23,0.11,0.0,32.0,5.0,0.0,2.0,15.0,26.0,,,0.0,,,,,,,,,,,,,,,
FRA-Ligue 1,2526,Metz,Bouna Sarr,SEN,"MF,DF",33.0,1992.0,12.0,10.0,895.0,9.9,0.0,0.0,0.0,0.0,0.0,0.0,1.0,0.0,0.0,0.0,0.0,0.0,0.0,9.9,0.0,15.0,3.0,20.0,1.51,0.3,0.0,0.0,0.0,0.0,75.0,29.2,10,84.0,6,2,30.0,2,0.33,9.0,22.0,-13.0,-1.31,-0.02,0.0,11.0,20.0,2.0,31.0,11.0,13.0,,,0.0,,,,,,,,,,,,,,,
FRA-Ligue 1,2526,Metz,Brian Madjo,LUX,FW,16.0,2009.0,5.0,2.0,157.0,1.7,0.0,0.0,0.0,0.0,0.0,0.0,0.0,0.0,0.0,0.0,0.0,0.0,0.0,1.7,0.0,3.0,1.0,33.3,1.72,0.57,0.0,0.0,0.0,0.0,31.0,5.1,2,69.0,0,3,7.0,4,0.0,0.0,3.0,-3.0,-1.72,-0.45,0.0,3.0,3.0,3.0,0.0,0.0,0.0,,,0.0,,,,,,,,,,,,,,,
FRA-Ligue 1,2526,Metz,Cheikh Tidiane Sabaly,SEN,"MF,FW",26.0,1999.0,14.0,12.0,967.0,10.7,0.0,2.0,2.0,0.0,0.0,0.0,2.0,0.0,0.0,0.19,0.19,0.0,0.19,10.7,0.0,8.0,4.0,50.0,0.74,0.37,0.0,0.0,0.0,0.0,69.0,31.6,12,79.0,6,2,13.0,0,0.79,8.0,24.0,-16.0,-1.49,-0.29,0.0,14.0,16.0,5.0,14.0,3.0,13.0,,,0.0,,,,,,,,,,,,,,,
FRA-Ligue 1,2526,Metz,Cléo Melieres,FRA,FW,20.0,2005.0,2.0,0.0,31.0,0.3,0.0,0.0,0.0,0.0,0.0,0.0,1.0,0.0,0.0,0.0,0.0,0.0,0.0,0.3,0.0,0.0,0.0,,0.0,0.0,,,0.0,0.0,16.0,1.0,0,,0,2,16.0,11,1.5,1.0,3.0,-2.0,-5.81,-4.56,0.0,1.0,0.0,0.0,3.0,0.0,0.0,,,0.0,,,,,,,,,,,,,,,
FRA-Ligue 1,2526,Metz,Fodé Ballo-Touré,SEN,"DF,MF",28.0,1997.0,13.0,11.0,836.0,9.3,0.0,0.0,0.0,0.0,0.0,0.0,2.0,0.0,0.0,0.0,0.0,0.0,0.0,9.3,0.0,5.0,1.0,20.0,0.54,0.11,0.0,0.0,0.0,0.0,64.0,27.3,11,73.0,2,2,16.0,8,0.08,5.0,22.0,-17.0,-1.83,-0.74,0.0,13.0,18.0,1.0,16.0,5.0,16.0,,,0.0,,,,,,,,,,,,,,,
FRA-Ligue 1,2526,Metz,Gauthier Hein,FRA,"MF,FW",28.0,1996.0,29.0,26.0,2351.0,26.1,8.0,7.0,15.0,3.0,5.0,5.0,3.0,1.0,0.31,0.27,0.57,0.11,0.38,26.1,8.0,44.0,13.0,29.5,1.68,0.5,0.18,0.62,5.0,5.0,81.0,76.8,26,87.0,19,3,29.0,0,0.45,28.0,62.0,-34.0,-1.3,-0.03,1.0,15.0,17.0,4.0,147.0,9.0,10.0,,,0.0,,,,,,,,,,,,,,,
FRA-Ligue 1,2526,Metz,Giorgi Abuashvili,GEO,"MF,FW",22.0,2003.0,23.0,6.0,698.0,7.8,2.0,0.0,2.0,2.0,0.0,0.0,1.0,0.0,0.26,0.0,0.26,0.26,0.26,7.8,2.0,23.0,9.0,39.1,2.97,1.16,0.09,0.22,0.0,0.0,30.0,22.8,6,64.0,0,17,19.0,9,0.52,8.0,20.0,-12.0,-1.55,-0.33,0.0,8.0,11.0,1.0,38.0,5.0,8.0,,,0.0,,,,,,,,,,,,,,,
FRA-Ligue 1,2526,Metz,Giorgi Kvilitaia,GEO,FW,31.0,1993.0,10.0,5.0,495.0,5.5,2.0,0.0,2.0,2.0,0.0,0.0,1.0,0.0,0.36,0.0,0.36,0.36,0.36,5.5,2.0,12.0,7.0,58.3,2.18,1.27,0.17,0.29,0.0,0.0,50.0,16.2,5,73.0,1,5,26.0,3,0.3,6.0,14.0,-8.0,-1.45,-0.19,0.0,11.0,6.0,2.0,0.0,0.0,6.0,,,0.0,,,,,,,,,,,,,,,
FRA-Ligue 1,2526,Metz,Habib Diallo,SEN,FW,30.0,1995.0,25.0,21.0,1909.0,21.2,4.0,1.0,5.0,4.0,0.0,1.0,0.0,0.0,0.19,0.05,0.24,0.19,0.24,21.2,4.0,38.0,12.0,31.6,1.79,0.57,0.11,0.33,0.0,1.0,76.0,62.4,21,86.0,16,4,26.0,1,0.56,17.0,49.0,-32.0,-1.51,-0.57,0.0,27.0,29.0,11.0,4.0,2.0,5.0,,,0.0,,,,,,,,,,,,,,,
FRA-Ligue 1,2526,Metz,Heorhii Tsitaishvili,GEO,"MF,DF",24.0,2000.0,33.0,28.0,2449.0,27.2,3.0,2.0,5.0,3.0,0.0,0.0,3.0,0.0,0.11,0.07,0.18,0.11,0.18,27.2,3.0,31.0,8.0,25.8,1.14,0.29,0.1,0.38,0.0,0.0,74.0,80.0,28,84.0,16,5,19.0,0,0.48,25.0,59.0,-34.0,-1.25,0.22,0.0,23.0,36.0,6.0,160.0,14.0,12.0,,,0.0,,,,,,,,,,,,,,,
FRA-Ligue 1,2526,Metz,Ibou Sané,SEN,"FW,MF",20.0,2005.0,16.0,5.0,541.0,6.0,1.0,1.0,2.0,1.0,0.0,0.0,2.0,0.0,0.17,0.17,0.33,0.17,0.33,6.0,1.0,6.0,3.0,50.0,1.0,0.5,0.17,0.33,0.0,0.0,34.0,17.7,5,76.0,0,11,14.0,4,0.75,8.0,11.0,-3.0,-0.5,0.97,0.0,9.0,15.0,3.0,14.0,1.0,3.0,,,0.0,,,,,,,,,,,,,,,
FRA-Ligue 1,2526,Metz,Idrissa Guèye,SEN,FW,18.0,2006.0,3.0,1.0,132.0,1.5,0.0,0.0,0.0,0.0,0.0,0.0,0.0,0.0,0.0,0.0,0.0,0.0,0.0,1.5,0.0,2.0,0.0,0.0,1.36,0.0,0.0,,0.0,0.0,44.0,4.3,1,89.0,0,2,22.0,0,0.0,2.0,5.0,-3.0,-2.05,-0.79,0.0,3.0,2.0,0.0,0.0,0.0,2.0,,,0.0,,,,,,,,,,,,,,,
FRA-Ligue 1,2526,Metz,Ismaël Guerti,FRA,FW,21.0,2004.0,3.0,0.0,27.0,0.3,0.0,0.0,0.0,0.0,0.0,0.0,0.0,0.0,0.0,0.0,0.0,0.0,0.0,0.3,0.0,0.0,0.0,,0.0,0.0,,,0.0,0.0,9.0,0.9,0,,0,3,9.0,7,1.0,3.0,4.0,-1.0,-3.33,-2.06,0.0,0.0,0.0,0.0,1.0,1.0,1.0,,,0.0,,,,,,,,,,,,,,,
FRA-Ligue 1,2526,Metz,Jahyann Pandore,FRA,MF,17.0,2007.0,4.0,0.0,88.0,1.0,1.0,0.0,1.0,1.0,0.0,0.0,0.0,0.0,1.02,0.0,1.02,1.02,1.02,1.0,1.0,2.0,1.0,50.0,2.05,1.02,0.5,1.0,0.0,0.0,22.0,2.9,0,,0,4,22.0,1,0.5,2.0,4.0,-2.0,-2.05,-0.77,0.0,2.0,1.0,0.0,3.0,0.0,4.0,,,0.0,,,,,,,,,,,,,,,
FRA-Ligue 1,2526,Metz,Jean-Philippe Gbamin,CIV,"DF,MF",29.0,1995.0,31.0,30.0,2485.0,27.6,1.0,1.0,2.0,1.0,0.0,0.0,2.0,1.0,0.04,0.04,0.07,0.04,0.07,27.6,1.0,14.0,7.0,50.0,0.51,0.25,0.07,0.14,0.0,0.0,80.0,81.2,30,82.0,25,1,26.0,0,0.48,27.0,63.0,-36.0,-1.3,-0.05,0.0,25.0,8.0,0.0,5.0,27.0,27.0,,,0.0,,,,,,,,,,,,,,,
FRA-Ligue 1,2526,Metz,Jessy Deminguet,FRA,MF,27.0,1998.0,31.0,25.0,1995.0,22.2,2.0,0.0,2.0,2.0,0.0,0.0,4.0,0.0,0.09,0.0,0.09,0.09,0.09,22.2,2.0,17.0,7.0,41.2,0.77,0.32,0.12,0.29,0.0,0.0,64.0,65.2,25,75.0,1,6,22.0,0,0.52,18.0,47.0,-29.0,-1.31,-0.04,0.0,28.0,32.0,0.0,19.0,22.0,21.0,,,0.0,,,,,,,,,,,,,,,
FRA-Ligue 1,2526,Metz,Joel Asoro,SWE,FW,26.0,1999.0,8.0,2.0,227.0,2.5,0.0,0.0,0.0,0.0,0.0,0.0,0.0,0.0,0.0,0.0,0.0,0.0,0.0,2.5,0.0,4.0,1.0,25.0,1.59,0.4,0.0,0.0,0.0,0.0,28.0,7.4,2,61.0,0,6,18.0,3,0.88,2.0,5.0,-3.0,-1.19,0.11,0.0,2.0,1.0,2.0,1.0,0.0,0.0,,,0.0,,,,,,,,,,,,,,,
FRA-Ligue 1,2526,Metz,Jonathan Fischer,DEN,GK,23.0,2001.0,27.0,26.0,2354.0,26.2,0.0,0.0,0.0,0.0,0.0,0.0,0.0,0.0,0.0,0.0,0.0,0.0,0.0,26.2,0.0,0.0,0.0,,0.0,0.0,,,0.0,0.0,87.0,76.9,26,90.0,26,1,14.0,7,0.52,25.0,56.0,-31.0,-1.19,0.47,0.0,0.0,4.0,0.0,0.0,0.0,0.0,,,0.0,56.0,2.14,148.0,92.0,62.2,3.0,5.0,18.0,5.0,19.2,7.0,6.0,1.0,0.0,14.3
FRA-Ligue 1,2526,Metz,Joseph Nduquidi,FRA,MF,20.0,2004.0,1.0,0.0,7.0,0.1,0.0,0.0,0.0,0.0,0.0,0.0,0.0,0.0,0.0,0.0,0.0,0.0,0.0,0.1,0.0,0.0,0.0,,0.0,0.0,,,0.0,0.0,7.0,0.2,0,,0,1,7.0,2,0.0,0.0,1.0,-1.0,-12.86,-11.59,0.0,0.0,0.0,0.0,1.0,0.0,0.0,,,0.0,,,,,,,,,,,,,,,
FRA-Ligue 1,2526,Metz,Koffi Kouao,CIV,"DF,MF",27.0,1998.0,27.0,27.0,2265.0,25.2,2.0,1.0,3.0,2.0,0.0,0.0,10.0,0.0,0.08,0.04,0.12,0.08,0.12,25.2,2.0,23.0,10.0,43.5,0.91,0.4,0.09,0.2,0.0,0.0,84.0,74.0,27,84.0,18,0,,5,0.56,21.0,48.0,-27.0,-1.07,0.85,0.0,32.0,33.0,3.0,59.0,28.0,46.0,,,1.0,,,,,,,,,,,,,,,
FRA-Ligue 1,2526,Metz,Lucas Michal,FRA,MF,20.0,2005.0,9.0,2.0,212.0,2.4,0.0,0.0,0.0,0.0,0.0,0.0,1.0,0.0,0.0,0.0,0.0,0.0,0.0,2.4,0.0,7.0,2.0,28.6,2.97,0.85,0.0,0.0,0.0,0.0,24.0,6.9,2,63.0,0,7,12.0,1,0.33,2.0,7.0,-5.0,-2.12,-0.89,0.0,3.0,2.0,1.0,1.0,0.0,0.0,,,0.0,,,,,,,,,,,,,,,
FRA-Ligue 1,2526,Metz,Malick Mbaye,SEN,MF,21.0,2004.0,5.0,3.0,300.0,3.3,0.0,0.0,0.0,0.0,0.0,0.0,1.0,0.0,0.0,0.0,0.0,0.0,0.0,3.3,0.0,2.0,1.0,50.0,0.6,0.3,0.0,0.0,0.0,0.0,60.0,9.8,3,87.0,1,2,19.0,3,0.2,4.0,7.0,-3.0,-0.9,0.44,0.0,2.0,3.0,0.0,8.0,3.0,8.0,,,0.0,,,,,,,,,,,,,,,
FRA-Ligue 1,2526,Metz,Maxime Colin,FRA,DF,33.0,1991.0,22.0,18.0,1692.0,18.8,0.0,0.0,0.0,0.0,0.0,0.0,1.0,0.0,0.0,0.0,0.0,0.0,0.0,18.8,0.0,7.0,2.0,28.6,0.37,0.11,0.0,0.0,0.0,0.0,77.0,55.3,18,86.0,14,4,34.0,10,0.59,22.0,39.0,-17.0,-0.9,0.87,0.0,10.0,7.0,0.0,12.0,24.0,30.0,,,0.0,,,,,,,,,,,,,,,
FRA-Ligue 1,2526,Metz,Michel Mboula,GAB,"DF,MF",22.0,2003.0,14.0,10.0,746.0,8.3,0.0,0.0,0.0,0.0,0.0,0.0,2.0,0.0,0.0,0.0,0.0,0.0,0.0,8.3,0.0,2.0,1.0,50.0,0.24,0.12,0.0,0.0,0.0,0.0,53.0,24.4,10,68.0,4,4,16.0,7,0.43,8.0,14.0,-6.0,-0.72,0.75,0.0,9.0,11.0,0.0,8.0,15.0,10.0,,,1.0,,,,,,,,,,,,,,,
FRA-Ligue 1,2526,Metz,Morgan Bokelé Mputu,CMR,MF,21.0,2004.0,10.0,1.0,227.0,2.5,0.0,0.0,0.0,0.0,0.0,0.0,0.0,0.0,0.0,0.0,0.0,0.0,0.0,2.5,0.0,3.0,1.0,33.3,1.19,0.4,0.0,0.0,0.0,0.0,23.0,7.4,1,80.0,0,9,16.0,7,0.5,4.0,7.0,-3.0,-1.19,0.11,0.0,2.0,8.0,0.0,5.0,1.0,4.0,,,0.0,,,,,,,,,,,,,,,
FRA-Ligue 1,2526,Metz,Nathan Mbala,,"MF,FW",17.0,2008.0,13.0,4.0,441.0,4.9,2.0,2.0,4.0,2.0,0.0,0.0,0.0,0.0,0.41,0.41,0.82,0.41,0.82,4.9,2.0,15.0,4.0,26.7,3.06,0.82,0.13,0.5,0.0,0.0,34.0,14.4,4,64.0,0,9,21.0,1,0.23,8.0,11.0,-3.0,-0.61,0.8,0.0,3.0,6.0,0.0,36.0,1.0,6.0,,,0.0,,,,,,,,,,,,,,,
FRA-Ligue 1,2526,Metz,Pape Mamadou Sy,SEN,GK,28.0,1997.0,8.0,8.0,706.0,7.8,0.0,0.0,0.0,0.0,0.0,0.0,0.0,0.0,0.0,0.0,0.0,0.0,0.0,7.8,0.0,0.0,0.0,,0.0,0.0,,,0.0,0.0,88.0,23.1,8,88.0,7,0,,9,0.38,7.0,20.0,-13.0,-1.66,-0.47,0.0,0.0,4.0,0.0,0.0,0.0,0.0,,,0.0,20.0,2.55,49.0,29.0,59.2,0.0,3.0,5.0,2.0,25.0,1.0,1.0,0.0,0.0,0.0
FRA-Ligue 1,2526,Metz,Sadibou Sané,SEN,DF,21.0,2004.0,23.0,22.0,1940.0,21.6,2.0,1.0,3.0,2.0,0.0,0.0,5.0,2.0,0.09,0.05,0.14,0.09,0.14,21.6,2.0,6.0,2.0,33.3,0.28,0.09,0.33,1.0,0.0,0.0,84.0,63.4,22,87.0,20,1,17.0,3,0.26,17.0,48.0,-31.0,-1.44,-0.39,0.0,22.0,15.0,0.0,4.0,39.0,34.0,,,1.0,,,,,,,,,,,,,,,
FRA-Ligue 1,2526,Metz,Terry Yegbe,GHA,DF,24.0,2001.0,24.0,22.0,1963.0,21.8,0.0,1.0,1.0,0.0,0.0,0.0,3.0,0.0,0.0,0.05,0.05,0.0,0.05,21.8,0.0,6.0,2.0,33.3,0.28,0.09,0.0,0.0,0.0,0.0,82.0,64.2,22,87.0,18,2,30.0,8,0.58,24.0,51.0,-27.0,-1.24,0.16,0.0,19.0,8.0,0.0,5.0,22.0,7.0,,,0.0,,,,,,,,,,,,,,,
FRA-Ligue 1,2526,Monaco,Aladji Bamba,FRA,MF,19.0,2006.0,18.0,10.0,816.0,9.1,0.0,2.0,2.0,0.0,0.0,0.0,2.0,0.0,0.0,0.22,0.22,0.0,0.22,9.1,0.0,2.0,1.0,50.0,0.22,0.11,0.0,0.0,0.0,0.0,45.0,26.7,10,60.0,1,8,28.0,8,2.17,18.0,17.0,1.0,0.11,-0.09,0.0,23.0,18.0,0.0,4.0,8.0,20.0,,,0.0,,,,,,,,,,,,,,,
FRA-Ligue 1,2526,Monaco,Aleksandr Golovin,RUS,MF,29.0,1996.0,25.0,21.0,1649.0,18.3,5.0,5.0,10.0,5.0,0.0,0.0,4.0,1.0,0.27,0.27,0.55,0.27,0.55,18.3,5.0,34.0,18.0,52.9,1.86,0.98,0.15,0.28,0.0,0.0,66.0,53.9,21,74.0,4,4,26.0,2,1.72,28.0,19.0,9.0,0.49,0.68,1.0,29.0,18.0,2.0,37.0,21.0,18.0,,,0.0,,,,,,,,,,,,,,,
FRA-Ligue 1,2526,Monaco,Ansu Fati,ESP,"MF,FW",22.0,2002.0,25.0,10.0,1093.0,12.1,11.0,0.0,11.0,8.0,3.0,4.0,1.0,0.0,0.91,0.0,0.91,0.66,0.66,12.1,11.0,43.0,24.0,55.8,3.54,1.98,0.26,0.46,3.0,4.0,44.0,35.7,10,71.0,2,15,26.0,1,1.64,27.0,23.0,4.0,0.33,0.24,0.0,9.0,6.0,3.0,8.0,2.0,9.0,,,0.0,,,,,,,,,,,,,,,
FRA-Ligue 1,2526,Monaco,Caio Henrique,BRA,"DF,MF",28.0,1997.0,22.0,17.0,1536.0,17.1,0.0,2.0,2.0,0.0,0.0,0.0,2.0,0.0,0.0,0.12,0.12,0.0,0.12,17.1,0.0,2.0,0.0,0.0,0.12,0.0,0.0,,0.0,0.0,70.0,50.2,17,85.0,14,5,19.0,2,1.55,24.0,24.0,0.0,0.0,-0.35,0.0,13.0,17.0,1.0,90.0,12.0,11.0,,,0.0,,,,,,,,,,,,,,,
FRA-Ligue 1,2526,Monaco,Christian Mawissa,FRA,"DF,MF",20.0,2005.0,18.0,13.0,1191.0,13.2,0.0,0.0,0.0,0.0,0.0,0.0,4.0,0.0,0.0,0.0,0.0,0.0,0.0,13.2,0.0,2.0,1.0,50.0,0.15,0.08,0.0,0.0,0.0,0.0,66.0,38.9,13,82.0,9,5,26.0,2,1.78,23.0,22.0,1.0,0.08,-0.17,0.0,12.0,12.0,0.0,5.0,15.0,25.0,,,0.0,,,,,,,,,,,,,,,
FRA-Ligue 1,2526,Monaco,Denis Zakaria,SUI,"DF,MF",28.0,1996.0,24.0,23.0,2031.0,22.6,2.0,1.0,3.0,2.0,0.0,0.0,4.0,1.0,0.09,0.04,0.13,0.09,0.13,22.6,2.0,18.0,3.0,16.7,0.8,0.13,0.11,0.67,0.0,0.0,85.0,66.4,23,88.0,19,1,12.0,0,1.67,40.0,32.0,8.0,0.35,0.53,0.0,26.0,7.0,0.0,11.0,45.0,25.0,,,1.0,,,,,,,,,,,,,,,
FRA-Ligue 1,2526,Monaco,Eliesse Ben Seghir,MAR,MF,20.0,2005.0,2.0,0.0,45.0,0.5,0.0,0.0,0.0,0.0,0.0,0.0,0.0,0.0,0.0,0.0,0.0,0.0,0.0,0.5,0.0,1.0,0.0,0.0,2.0,0.0,0.0,,0.0,0.0,23.0,1.5,0,,0,2,23.0,0,1.5,1.0,2.0,-1.0,-2.0,-2.21,0.0,1.0,1.0,0.0,1.0,0.0,0.0,,,0.0,,,,,,,,,,,,,,,
FRA-Ligue 1,2526,Monaco,Eric Dier,ENG,DF,31.0,1994.0,9.0,7.0,688.0,7.6,1.0,0.0,1.0,1.0,0.0,0.0,0.0,0.0,0.13,0.0,0.13,0.13,0.13,7.6,1.0,3.0,2.0,66.7,0.39,0.26,0.33,0.5,0.0,0.0,76.0,22.5,7,90.0,7,2,29.0,10,1.33,15.0,15.0,0.0,0.0,-0.23,0.0,9.0,4.0,0.0,2.0,10.0,2.0,,,0.0,,,,,,,,,,,,,,,
FRA-Ligue 1,2526,Monaco,Folarin Balogun,USA,FW,24.0,2001.0,30.0,26.0,2230.0,24.8,13.0,4.0,17.0,10.0,3.0,3.0,4.0,1.0,0.52,0.16,0.69,0.4,0.57,24.8,13.0,77.0,32.0,41.6,3.11,1.29,0.17,0.41,3.0,3.0,74.0,72.9,26,79.0,8,4,41.0,1,1.6,43.0,36.0,7.0,0.28,0.39,0.0,44.0,37.0,17.0,14.0,4.0,6.0,,,0.0,,,,,,,,,,,,,,,
FRA-Ligue 1,2526,Monaco,George Ilenikhena,NGA,FW,18.0,2006.0,15.0,3.0,385.0,4.3,2.0,0.0,2.0,2.0,0.0,0.0,0.0,0.0,0.47,0.0,0.47,0.47,0.47,4.3,2.0,15.0,7.0,46.7,3.51,1.64,0.13,0.29,0.0,0.0,26.0,12.6,3,60.0,0,12,17.0,4,1.2,6.0,8.0,-2.0,-0.47,-0.74,0.0,2.0,6.0,8.0,0.0,0.0,0.0,,,0.0,,,,,,,,,,,,,,,
FRA-Ligue 1,2526,Monaco,Ilane Touré,FRA,MF,18.0,2006.0,2.0,0.0,35.0,0.4,0.0,0.0,0.0,0.0,0.0,0.0,0.0,0.0,0.0,0.0,0.0,0.0,0.0,0.4,0.0,0.0,0.0,,0.0,0.0,,,0.0,0.0,18.0,1.1,0,,0,2,18.0,6,0.0,0.0,2.0,-2.0,-5.14,-5.38,0.0,1.0,0.0,0.0,4.0,0.0,0.0,,,0.0,,,,,,,,,,,,,,,
FRA-Ligue 1,2526,Monaco,Jordan Teze,NED,"MF,DF",25.0,1999.0,33.0,28.0,2489.0,27.7,1.0,2.0,3.0,1.0,0.0,0.0,8.0,0.0,0.04,0.07,0.11,0.04,0.11,27.7,1.0,14.0,5.0,35.7,0.51,0.18,0.07,0.2,0.0,0.0,75.0,81.3,28,83.0,18,5,35.0,1,1.55,52.0,44.0,8.0,0.29,0.6,0.0,32.0,25.0,3.0,64.0,30.0,45.0,,,0.0,,,,,,,,,,,,,,,
FRA-Ligue 1,2526,Monaco,Kassoum Ouattara,FRA,"MF,DF",20.0,2004.0,15.0,12.0,967.0,10.7,0.0,3.0,3.0,0.0,0.0,0.0,3.0,0.0,0.0,0.28,0.28,0.0,0.28,10.7,0.0,12.0,0.0,0.0,1.12,0.0,0.0,,0.0,0.0,64.0,31.6,12,75.0,5,3,23.0,7,1.4,18.0,20.0,-2.0,-0.19,-0.53,0.0,22.0,10.0,1.0,50.0,19.0,19.0,,,0.0,,,,,,,,,,,,,,,
FRA-Ligue 1,2526,Monaco,Krépin Diatta,SEN,"MF,DF",26.0,1999.0,18.0,10.0,1013.0,11.3,0.0,1.0,1.0,0.0,0.0,0.0,2.0,0.0,0.0,0.09,0.09,0.0,0.09,11.3,0.0,7.0,1.0,14.3,0.62,0.09,0.0,0.0,0.0,0.0,56.0,33.1,10,78.0,6,8,29.0,1,1.72,21.0,17.0,4.0,0.36,0.27,0.0,8.0,10.0,4.0,39.0,15.0,16.0,,,0.0,,,,,,,,,,,,,,,
FRA-Ligue 1,2526,Monaco,Lamine Camara,SEN,MF,21.0,2004.0,24.0,22.0,1847.0,20.5,3.0,4.0,7.0,3.0,0.0,0.0,6.0,0.0,0.15,0.19,0.34,0.15,0.34,20.5,3.0,25.0,4.0,16.0,1.22,0.19,0.12,0.75,0.0,0.0,77.0,60.4,22,82.0,15,2,17.0,0,1.88,40.0,27.0,13.0,0.63,1.15,0.0,28.0,48.0,0.0,101.0,38.0,33.0,,,0.0,,,,,,,,,,,,,,,
FRA-Ligue 1,2526,Monaco,Lucas Michal,FRA,FW,20.0,2005.0,2.0,0.0,59.0,0.7,0.0,0.0,0.0,0.0,0.0,0.0,0.0,0.0,0.0,0.0,0.0,0.0,0.0,0.7,0.0,1.0,0.0,0.0,1.53,0.0,0.0,,0.0,0.0,30.0,1.9,0,,0,2,30.0,6,0.0,0.0,1.0,-1.0,-1.53,-1.74,0.0,2.0,1.0,0.0,3.0,0.0,0.0,,,0.0,,,,,,,,,,,,,,,
FRA-Ligue 1,2526,Monaco,Lukáš Hrádecký,FIN,GK,35.0,1989.0,17.0,17.0,1439.0,16.0,0.0,0.0,0.0,0.0,0.0,0.0,1.0,0.0,0.0,0.0,0.0,0.0,0.0,16.0,0.0,0.0,0.0,,0.0,0.0,,,0.0,0.0,85.0,47.0,17,85.0,15,0,,0,1.35,24.0,27.0,-3.0,-0.19,-0.69,0.0,0.0,0.0,0.0,0.0,0.0,1.0,,,0.0,27.0,1.69,72.0,45.0,62.5,7.0,2.0,8.0,2.0,11.8,3.0,2.0,0.0,1.0,0.0
FRA-Ligue 1,2526,Monaco,Maghnes Akliouche,FRA,"MF,FW",23.0,2002.0,31.0,28.0,2400.0,26.7,6.0,6.0,12.0,6.0,0.0,0.0,3.0,0.0,0.23,0.23,0.45,0.23,0.45,26.7,6.0,48.0,19.0,39.6,1.8,0.71,0.13,0.32,0.0,0.0,77.0,78.4,28,82.0,16,3,33.0,1,1.55,48.0,38.0,10.0,0.37,0.92,0.0,29.0,36.0,9.0,53.0,18.0,26.0,,,0.0,,,,,,,,,,,,,,,
FRA-Ligue 1,2526,Monaco,Mamadou Coulibaly,FRA,MF,21.0,2004.0,25.0,15.0,1381.0,15.3,3.0,3.0,6.0,3.0,0.0,0.0,7.0,1.0,0.2,0.2,0.39,0.2,0.39,15.3,3.0,13.0,5.0,38.5,0.85,0.33,0.23,0.6,0.0,0.0,55.0,45.1,15,75.0,5,10,25.0,4,1.6,27.0,30.0,-3.0,-0.2,-0.68,0.0,31.0,16.0,3.0,15.0,21.0,21.0,,,0.0,,,,,,,,,,,,,,,
FRA-Ligue 1,2526,Monaco,Mika Biereth,DEN,FW,22.0,2003.0,32.0,12.0,1074.0,11.9,2.0,2.0,4.0,2.0,0.0,0.0,0.0,0.0,0.17,0.17,0.34,0.17,0.34,11.9,2.0,19.0,7.0,36.8,1.59,0.59,0.11,0.29,0.0,0.0,34.0,35.1,12,67.0,1,20,13.0,2,1.56,19.0,23.0,-4.0,-0.34,-0.79,0.0,16.0,14.0,9.0,9.0,0.0,7.0,,,0.0,,,,,,,,,,,,,,,
FRA-Ligue 1,2526,Monaco,Mohammed Salisu,GHA,DF,26.0,1999.0,12.0,12.0,1080.0,12.0,1.0,0.0,1.0,1.0,0.0,0.0,3.0,0.0,0.08,0.0,0.08,0.08,0.08,12.0,1.0,8.0,2.0,25.0,0.67,0.17,0.13,0.5,0.0,0.0,90.0,35.3,12,90.0,12,0,,3,1.17,15.0,21.0,-6.0,-0.5,-1.05,0.0,17.0,3.0,4.0,0.0,19.0,11.0,,,1.0,,,,,,,,,,,,,,,
FRA-Ligue 1,2526,Monaco,Pape Cabral,FRA,MF,18.0,2007.0,4.0,0.0,77.0,0.9,0.0,0.0,0.0,0.0,0.0,0.0,0.0,0.0,0.0,0.0,0.0,0.0,0.0,0.9,0.0,3.0,2.0,66.7,3.51,2.34,0.0,0.0,0.0,0.0,19.0,2.5,0,,0,4,19.0,7,1.5,3.0,2.0,1.0,1.17,1.02,0.0,1.0,1.0,0.0,0.0,1.0,1.0,,,0.0,,,,,,,,,,,,,,,
FRA-Ligue 1,2526,Monaco,Paris Brunner,GER,FW,19.0,2006.0,7.0,1.0,132.0,1.5,0.0,0.0,0.0,0.0,0.0,0.0,1.0,0.0,0.0,0.0,0.0,0.0,0.0,1.5,0.0,4.0,1.0,25.0,2.73,0.68,0.0,0.0,0.0,0.0,19.0,4.3,1,45.0,0,6,15.0,10,1.71,3.0,3.0,0.0,0.0,-0.18,0.0,8.0,1.0,1.0,1.0,1.0,2.0,,,0.0,,,,,,,,,,,,,,,
FRA-Ligue 1,2526,Monaco,Paul Pogba,FRA,MF,32.0,1993.0,6.0,1.0,119.0,1.3,0.0,0.0,0.0,0.0,0.0,0.0,0.0,0.0,0.0,0.0,0.0,0.0,0.0,1.3,0.0,2.0,0.0,0.0,1.51,0.0,0.0,,0.0,0.0,20.0,3.9,1,57.0,0,5,12.0,3,1.17,1.0,3.0,-2.0,-1.51,-1.76,0.0,2.0,1.0,0.0,1.0,1.0,3.0,,,0.0,,,,,,,,,,,,,,,
FRA-Ligue 1,2526,Monaco,Philipp Köhn,SUI,GK,27.0,1998.0,19.0,17.0,1621.0,18.0,0.0,0.0,0.0,0.0,0.0,0.0,1.0,0.0,0.0,0.0,0.0,0.0,0.0,18.0,0.0,0.0,0.0,,0.0,0.0,,,0.0,0.0,85.0,53.0,17,90.0,17,2,46.0,15,1.79,36.0,27.0,9.0,0.5,0.69,0.0,0.0,3.0,0.0,0.0,1.0,0.0,,,0.0,27.0,1.5,75.0,48.0,64.0,9.0,4.0,4.0,5.0,29.4,2.0,2.0,0.0,0.0,0.0
FRA-Ligue 1,2526,Monaco,Samuel Nibombé,BEL,DF,17.0,2007.0,1.0,0.0,1.0,0.0,0.0,0.0,0.0,0.0,0.0,0.0,0.0,0.0,0.0,0.0,0.0,0.0,0.0,0.0,0.0,0.0,0.0,,0.0,0.0,,,0.0,0.0,1.0,0.0,0,,0,1,1.0,9,3.0,0.0,0.0,0.0,0.0,-0.18,0.0,0.0,0.0,0.0,0.0,0.0,0.0,,,0.0,,,,,,,,,,,,,,,
FRA-Ligue 1,2526,Monaco,Simon Adingra,CIV,"MF,FW",23.0,2002.0,14.0,10.0,855.0,9.5,3.0,2.0,5.0,3.0,0.0,0.0,0.0,0.0,0.32,0.21,0.53,0.32,0.53,9.5,3.0,22.0,6.0,27.3,2.32,0.63,0.14,0.5,0.0,0.0,61.0,27.9,10,75.0,2,4,27.0,0,1.93,19.0,15.0,4.0,0.42,0.34,0.0,7.0,8.0,2.0,29.0,6.0,9.0,,,0.0,,,,,,,,,,,,,,,
FRA-Ligue 1,2526,Monaco,Stanis Idumbo,BEL,MF,20.0,2005.0,8.0,0.0,171.0,1.9,1.0,1.0,2.0,1.0,0.0,0.0,0.0,0.0,0.53,0.53,1.05,0.53,1.05,1.9,1.0,6.0,2.0,33.3,3.16,1.05,0.17,0.5,0.0,0.0,21.0,5.6,0,,0,8,21.0,12,1.0,6.0,5.0,1.0,0.53,0.37,0.0,3.0,2.0,0.0,1.0,0.0,3.0,,,0.0,,,,,,,,,,,,,,,
FRA-Ligue 1,2526,Monaco,Takumi Minamino,JPN,MF,30.0,1995.0,15.0,11.0,944.0,10.5,3.0,2.0,5.0,3.0,0.0,0.0,4.0,0.0,0.29,0.19,0.48,0.29,0.48,10.5,3.0,21.0,7.0,33.3,2.0,0.67,0.14,0.43,0.0,0.0,63.0,30.8,11,78.0,1,4,22.0,1,1.53,17.0,14.0,3.0,0.29,0.16,0.0,10.0,8.0,3.0,8.0,3.0,3.0,,,0.0,,,,,,,,,,,,,,,
FRA-Ligue 1,2526,Monaco,Thilo Kehrer,GER,DF,28.0,1996.0,28.0,28.0,2353.0,26.1,0.0,0.0,0.0,0.0,0.0,0.0,8.0,2.0,0.0,0.0,0.0,0.0,0.0,26.1,0.0,16.0,1.0,6.3,0.61,0.04,0.0,0.0,0.0,0.0,84.0,76.9,28,84.0,23,0,,3,1.68,47.0,35.0,12.0,0.46,1.22,1.0,27.0,29.0,2.0,5.0,31.0,39.0,,,0.0,,,,,,,,,,,,,,,
FRA-Ligue 1,2526,Monaco,Vanderson,BRA,"DF,MF",24.0,2001.0,14.0,7.0,616.0,6.8,0.0,2.0,2.0,0.0,0.0,0.0,4.0,0.0,0.0,0.29,0.29,0.0,0.29,6.8,0.0,3.0,0.0,0.0,0.44,0.0,0.0,,0.0,0.0,44.0,20.1,7,66.0,2,7,22.0,1,1.43,9.0,11.0,-2.0,-0.29,-0.59,0.0,15.0,2.0,0.0,33.0,19.0,13.0,,,0.0,,,,,,,,,,,,,,,
FRA-Ligue 1,2526,Monaco,Wout Faes,BEL,DF,27.0,1998.0,14.0,13.0,1141.0,12.7,0.0,0.0,0.0,0.0,0.0,0.0,3.0,0.0,0.0,0.0,0.0,0.0,0.0,12.7,0.0,5.0,1.0,20.0,0.39,0.08,0.0,0.0,0.0,0.0,82.0,37.3,13,85.0,12,1,33.0,2,1.71,27.0,23.0,4.0,0.32,0.22,0.0,14.0,3.0,0.0,1.0,14.0,12.0,,,0.0,,,,,,,,,,,,,,,
FRA-Ligue 1,2526,Nantes,Abakar Sylla,CIV,DF,22.0,2002.0,2.0,1.0,65.0,0.7,0.0,0.0,0.0,0.0,0.0,0.0,0.0,0.0,0.0,0.0,0.0,0.0,0.0,0.7,0.0,2.0,0.0,0.0,2.77,0.0,0.0,,0.0,0.0,33.0,2.2,1,45.0,0,1,20.0,0,0.0,1.0,3.0,-2.0,-2.77,-2.12,0.0,2.0,0.0,0.0,0.0,0.0,0.0,,,0.0,,,,,,,,,,,,,,,
FRA-Ligue 1,2526,Nantes,Ali Yousuf,LBY,DF,24.0,2001.0,13.0,10.0,969.0,10.8,0.0,0.0,0.0,0.0,0.0,0.0,4.0,0.0,0.0,0.0,0.0,0.0,0.0,10.8,0.0,6.0,1.0,16.7,0.56,0.09,0.0,0.0,0.0,0.0,75.0,32.6,10,89.0,9,3,27.0,3,0.69,6.0,15.0,-9.0,-0.84,-0.21,0.0,11.0,11.0,0.0,1.0,18.0,7.0,,,0.0,,,,,,,,,,,,,,,
FRA-Ligue 1,2526,Nantes,Amady Camara,MLI,FW,20.0,2005.0,10.0,1.0,171.0,1.9,0.0,0.0,0.0,0.0,0.0,0.0,0.0,0.0,0.0,0.0,0.0,0.0,0.0,1.9,0.0,6.0,0.0,0.0,3.16,0.0,0.0,,0.0,0.0,17.0,5.8,1,45.0,0,9,14.0,7,0.6,4.0,5.0,-1.0,-0.53,0.18,0.0,3.0,2.0,0.0,17.0,1.0,3.0,,,0.0,,,,,,,,,,,,,,,
FRA-Ligue 1,2526,Nantes,Anthony Lopes,POR,GK,34.0,1990.0,31.0,31.0,2788.0,31.0,0.0,0.0,0.0,0.0,0.0,0.0,4.0,0.0,0.0,0.0,0.0,0.0,0.0,31.0,0.0,2.0,0.0,0.0,0.06,0.0,0.0,,0.0,0.0,90.0,93.9,31,90.0,30,0,,0,0.63,25.0,51.0,-26.0,-0.84,-2.32,0.0,1.0,14.0,0.0,0.0,1.0,1.0,,,0.0,50.0,1.61,147.0,97.0,66.0,4.0,7.0,20.0,6.0,19.4,5.0,5.0,0.0,0.0,0.0
FRA-Ligue 1,2526,Nantes,Bahereba Guirassy,FRA,"FW,MF",18.0,2006.0,20.0,9.0,821.0,9.1,2.0,1.0,3.0,2.0,0.0,0.0,2.0,0.0,0.22,0.11,0.33,0.22,0.33,9.1,2.0,15.0,7.0,46.7,1.64,0.77,0.13,0.29,0.0,0.0,41.0,27.6,9,65.0,0,11,21.0,8,0.85,9.0,11.0,-2.0,-0.22,0.66,0.0,15.0,9.0,3.0,24.0,5.0,13.0,,,0.0,,,,,,,,,,,,,,,
FRA-Ligue 1,2526,Nantes,Bahmed Deuff,MTN,MF,19.0,2006.0,11.0,1.0,250.0,2.8,0.0,0.0,0.0,0.0,0.0,0.0,1.0,0.0,0.0,0.0,0.0,0.0,0.0,2.8,0.0,7.0,3.0,42.9,2.52,1.08,0.0,0.0,0.0,0.0,23.0,8.4,1,59.0,0,10,19.0,5,0.45,2.0,12.0,-10.0,-3.6,-3.17,0.0,6.0,3.0,0.0,1.0,2.0,3.0,,,0.0,,,,,,,,,,,,,,,
FRA-Ligue 1,2526,Nantes,Chidozie Awaziem,NGA,DF,28.0,1997.0,26.0,25.0,2231.0,24.8,1.0,2.0,3.0,1.0,0.0,0.0,7.0,0.0,0.04,0.08,0.12,0.04,0.12,24.8,1.0,11.0,4.0,36.4,0.44,0.16,0.09,0.25,0.0,0.0,86.0,75.1,25,89.0,23,1,12.0,5,0.7,22.0,40.0,-18.0,-0.73,-0.12,0.0,23.0,21.0,1.0,2.0,20.0,20.0,,,1.0,,,,,,,,,,,,,,,
FRA-Ligue 1,2526,Nantes,Dehmaine Assoumani,FRA,MF,20.0,2005.0,27.0,14.0,1276.0,14.2,1.0,0.0,1.0,1.0,0.0,0.0,5.0,0.0,0.07,0.0,0.07,0.07,0.07,14.2,1.0,29.0,7.0,24.1,2.05,0.49,0.03,0.14,0.0,0.0,47.0,43.0,14,74.0,2,13,19.0,1,0.7,14.0,19.0,-5.0,-0.35,0.6,0.0,23.0,20.0,0.0,88.0,16.0,18.0,,,0.0,,,,,,,,,,,,,,,
FRA-Ligue 1,2526,Nantes,Deiver Machado,COL,"DF,MF",31.0,1993.0,14.0,12.0,907.0,10.1,0.0,1.0,1.0,0.0,0.0,0.0,2.0,0.0,0.0,0.1,0.1,0.0,0.1,10.1,0.0,7.0,1.0,14.3,0.69,0.1,0.0,0.0,0.0,0.0,65.0,30.5,12,70.0,6,2,37.0,1,0.86,8.0,13.0,-5.0,-0.5,0.29,0.0,21.0,20.0,4.0,22.0,8.0,16.0,,,0.0,,,,,,,,,,,,,,,
FRA-Ligue 1,2526,Nantes,Fabien Centonze,FRA,"MF,DF",29.0,1996.0,15.0,9.0,736.0,8.2,3.0,0.0,3.0,3.0,0.0,0.0,4.0,0.0,0.37,0.0,0.37,0.37,0.37,8.2,3.0,8.0,3.0,37.5,0.98,0.37,0.38,1.0,0.0,0.0,49.0,24.8,9,77.0,5,6,8.0,2,0.8,7.0,13.0,-6.0,-0.73,-0.05,0.0,13.0,8.0,1.0,30.0,20.0,18.0,,,0.0,,,,,,,,,,,,,,,
FRA-Ligue 1,2526,Nantes,Francis Coquelin,FRA,MF,34.0,1991.0,16.0,8.0,655.0,7.3,0.0,1.0,1.0,0.0,0.0,0.0,2.0,0.0,0.0,0.14,0.14,0.0,0.14,7.3,0.0,6.0,1.0,16.7,0.82,0.14,0.0,0.0,0.0,0.0,41.0,22.1,8,64.0,0,8,18.0,1,1.0,5.0,6.0,-1.0,-0.14,0.72,0.0,15.0,7.0,0.0,1.0,5.0,13.0,,,0.0,,,,,,,,,,,,,,,
FRA-Ligue 1,2526,Nantes,Frederic Guilbert,FRA,"DF,MF",30.0,1994.0,8.0,7.0,607.0,6.7,0.0,0.0,0.0,0.0,0.0,0.0,1.0,0.0,0.0,0.0,0.0,0.0,0.0,6.7,0.0,7.0,2.0,28.6,1.04,0.3,0.0,0.0,0.0,0.0,76.0,20.4,7,84.0,3,1,16.0,3,0.75,5.0,6.0,-1.0,-0.15,0.69,0.0,7.0,13.0,0.0,17.0,19.0,12.0,,,0.0,,,,,,,,,,,,,,,
FRA-Ligue 1,2526,Nantes,Hong Hyunseok,KOR,MF,26.0,1999.0,6.0,3.0,284.0,3.2,0.0,0.0,0.0,0.0,0.0,0.0,0.0,0.0,0.0,0.0,0.0,0.0,0.0,3.2,0.0,4.0,2.0,50.0,1.27,0.63,0.0,0.0,0.0,0.0,47.0,9.6,3,71.0,0,3,23.0,6,0.83,1.0,3.0,-2.0,-0.63,0.07,0.0,0.0,1.0,1.0,14.0,2.0,7.0,,,0.0,,,,,,,,,,,,,,,
FRA-Ligue 1,2526,Nantes,Ibrahima Sissoko,MLI,"MF,DF",27.0,1997.0,13.0,9.0,803.0,8.9,0.0,0.0,0.0,0.0,0.0,0.0,4.0,0.0,0.0,0.0,0.0,0.0,0.0,8.9,0.0,6.0,0.0,0.0,0.67,0.0,0.0,,0.0,0.0,62.0,27.0,9,83.0,4,4,15.0,2,0.5,9.0,16.0,-7.0,-0.78,-0.12,0.0,25.0,8.0,2.0,6.0,16.0,7.0,,,0.0,,,,,,,,,,,,,,,
FRA-Ligue 1,2526,Nantes,Ignatius Ganago,CMR,FW,26.0,1999.0,13.0,10.0,839.0,9.3,3.0,1.0,4.0,2.0,1.0,1.0,1.0,0.0,0.32,0.11,0.43,0.21,0.32,9.3,3.0,23.0,7.0,30.4,2.47,0.75,0.13,0.43,1.0,1.0,65.0,28.2,10,76.0,3,3,26.0,1,0.71,9.0,7.0,2.0,0.21,1.27,0.0,11.0,13.0,3.0,9.0,2.0,3.0,,,0.0,,,,,,,,,,,,,,,
FRA-Ligue 1,2526,Nantes,Johann Lepenant,FRA,MF,22.0,2002.0,27.0,23.0,2173.0,24.1,0.0,1.0,1.0,0.0,0.0,0.0,4.0,0.0,0.0,0.04,0.04,0.0,0.04,24.1,0.0,22.0,7.0,31.8,0.91,0.29,0.0,0.0,0.0,0.0,80.0,73.2,23,88.0,17,4,40.0,0,0.68,21.0,33.0,-12.0,-0.5,0.75,0.0,29.0,48.0,0.0,73.0,26.0,47.0,,,0.0,,,,,,,,,,,,,,,
FRA-Ligue 1,2526,Nantes,Junior Mwanga,FRA,MF,22.0,2003.0,15.0,15.0,1260.0,14.0,1.0,1.0,2.0,1.0,0.0,0.0,2.0,1.0,0.07,0.07,0.14,0.07,0.14,14.0,1.0,9.0,3.0,33.3,0.64,0.21,0.11,0.33,0.0,0.0,84.0,42.4,15,84.0,12,0,,0,0.73,15.0,27.0,-12.0,-0.86,-0.28,0.0,15.0,14.0,0.0,5.0,8.0,14.0,,,0.0,,,,,,,,,,,,,,,
FRA-Ligue 1,2526,Nantes,Kelvin Amian,FRA,DF,27.0,1998.0,23.0,22.0,1961.0,21.8,0.0,1.0,1.0,0.0,0.0,0.0,3.0,0.0,0.0,0.05,0.05,0.0,0.05,21.8,0.0,10.0,2.0,20.0,0.46,0.09,0.0,0.0,0.0,0.0,85.0,66.0,22,89.0,21,1,1.0,2,0.65,21.0,40.0,-19.0,-0.87,-0.52,0.0,23.0,18.0,2.0,29.0,8.0,18.0,,,0.0,,,,,,,,,,,,,,,
FRA-Ligue 1,2526,Nantes,Kwon Hyeokkyu,KOR,MF,24.0,2001.0,12.0,9.0,753.0,8.4,0.0,0.0,0.0,0.0,0.0,0.0,2.0,0.0,0.0,0.0,0.0,0.0,0.0,8.4,0.0,3.0,0.0,0.0,0.36,0.0,0.0,,0.0,0.0,63.0,25.4,9,77.0,2,3,20.0,4,0.83,6.0,14.0,-8.0,-0.96,-0.35,0.0,11.0,10.0,0.0,1.0,6.0,6.0,,,0.0,,,,,,,,,,,,,,,
FRA-Ligue 1,2526,Nantes,Louis Leroux,FRA,"MF,DF",19.0,2006.0,23.0,16.0,1441.0,16.0,1.0,1.0,2.0,1.0,0.0,0.0,2.0,0.0,0.06,0.06,0.12,0.06,0.12,16.0,1.0,15.0,3.0,20.0,0.94,0.19,0.07,0.33,0.0,0.0,63.0,48.5,16,79.0,7,7,24.0,3,0.87,13.0,24.0,-11.0,-0.69,0.02,0.0,12.0,14.0,1.0,30.0,5.0,23.0,,,0.0,,,,,,,,,,,,,,,
FRA-Ligue 1,2526,Nantes,Mathieu Acapandié,MAD,"DF,MF",20.0,2004.0,6.0,2.0,261.0,2.9,0.0,0.0,0.0,0.0,0.0,0.0,0.0,0.0,0.0,0.0,0.0,0.0,0.0,2.9,0.0,0.0,0.0,,0.0,0.0,,,0.0,0.0,44.0,8.8,2,84.0,1,4,23.0,1,0.71,3.0,7.0,-4.0,-1.38,-0.75,0.0,3.0,0.0,0.0,11.0,3.0,1.0,,,0.0,,,,,,,,,,,,,,,
FRA-Ligue 1,2526,Nantes,Matthis Abline,FRA,"FW,MF",22.0,2003.0,32.0,27.0,2494.0,27.7,6.0,4.0,10.0,6.0,0.0,1.0,6.0,0.0,0.22,0.14,0.36,0.22,0.36,27.7,6.0,84.0,22.0,26.2,3.03,0.79,0.07,0.27,0.0,1.0,78.0,84.0,27,88.0,19,5,26.0,0,0.64,25.0,49.0,-24.0,-0.87,-1.06,0.0,32.0,42.0,5.0,62.0,9.0,13.0,,,0.0,,,,,,,,,,,,,,,
FRA-Ligue 1,2526,Nantes,Mayckel Lahdo,SWE,"FW,MF",22.0,2002.0,8.0,5.0,415.0,4.6,1.0,1.0,2.0,1.0,0.0,0.0,0.0,0.0,0.22,0.22,0.43,0.22,0.43,4.6,1.0,3.0,1.0,33.3,0.65,0.22,0.33,1.0,0.0,0.0,52.0,14.0,5,66.0,0,3,29.0,0,0.5,4.0,9.0,-5.0,-1.08,-0.45,0.0,5.0,6.0,1.0,1.0,0.0,2.0,,,0.0,,,,,,,,,,,,,,,
FRA-Ligue 1,2526,Nantes,Mohamed Kaba,GUI,MF,23.0,2001.0,12.0,11.0,918.0,10.2,0.0,2.0,2.0,0.0,0.0,0.0,2.0,0.0,0.0,0.2,0.2,0.0,0.2,10.2,0.0,11.0,6.0,54.5,1.08,0.59,0.0,0.0,0.0,0.0,77.0,30.9,11,81.0,3,1,31.0,0,0.69,10.0,10.0,0.0,0.0,1.01,0.0,13.0,27.0,0.0,2.0,14.0,15.0,,,0.0,,,,,,,,,,,,,,,
FRA-Ligue 1,2526,Nantes,Mostafa Mohamed,EGY,FW,27.0,1997.0,24.0,13.0,1152.0,12.8,4.0,0.0,4.0,4.0,0.0,0.0,1.0,0.0,0.31,0.0,0.31,0.31,0.31,12.8,4.0,35.0,8.0,22.9,2.73,0.62,0.11,0.5,0.0,0.0,48.0,38.8,13,74.0,2,11,17.0,8,0.5,7.0,24.0,-17.0,-1.33,-1.03,0.0,18.0,27.0,4.0,9.0,7.0,7.0,,,0.0,,,,,,,,,,,,,,,
FRA-Ligue 1,2526,Nantes,Nicolas Cozza,FRA,DF,26.0,1999.0,29.0,25.0,2301.0,25.6,0.0,1.0,1.0,0.0,0.0,0.0,2.0,0.0,0.0,0.04,0.04,0.0,0.04,25.6,0.0,11.0,3.0,27.3,0.43,0.12,0.0,0.0,0.0,0.0,79.0,77.5,25,88.0,20,4,23.0,4,0.73,19.0,36.0,-17.0,-0.66,0.14,0.0,23.0,31.0,0.0,22.0,21.0,27.0,,,0.0,,,,,,,,,,,,,,,
FRA-Ligue 1,2526,Nantes,Patrik Carlgren,SWE,GK,33.0,1992.0,3.0,2.0,182.0,2.0,0.0,0.0,0.0,0.0,0.0,0.0,0.0,0.0,0.0,0.0,0.0,0.0,0.0,2.0,0.0,0.0,0.0,,0.0,0.0,,,0.0,0.0,61.0,6.1,2,90.0,2,1,2.0,31,1.33,4.0,1.0,3.0,1.48,2.32,0.0,0.0,1.0,0.0,0.0,0.0,0.0,,,0.0,2.0,0.99,13.0,11.0,84.6,1.0,1.0,0.0,1.0,50.0,0.0,0.0,0.0,0.0,
FRA-Ligue 1,2526,Nantes,Rémy Cabella,FRA,"MF,FW",35.0,1990.0,11.0,6.0,572.0,6.4,2.0,0.0,2.0,1.0,1.0,1.0,1.0,0.0,0.31,0.0,0.31,0.16,0.16,6.4,2.0,9.0,5.0,55.6,1.42,0.79,0.22,0.4,1.0,1.0,52.0,19.3,6,82.0,4,5,16.0,4,0.67,8.0,14.0,-6.0,-0.94,-0.31,0.0,7.0,11.0,2.0,37.0,6.0,7.0,,,0.0,,,,,,,,,,,,,,,
FRA-Ligue 1,2526,Nantes,Sékou Doucoure,FRA,DF,20.0,2005.0,1.0,0.0,45.0,0.5,0.0,0.0,0.0,0.0,0.0,0.0,0.0,0.0,0.0,0.0,0.0,0.0,0.0,0.5,0.0,0.0,0.0,,0.0,0.0,,,0.0,0.0,45.0,1.5,0,,0,1,45.0,8,2.0,1.0,0.0,1.0,2.0,2.74,0.0,1.0,0.0,0.0,0.0,3.0,0.0,,,0.0,,,,,,,,,,,,,,,
FRA-Ligue 1,2526,Nantes,Tylel Tati,FRA,DF,17.0,2008.0,20.0,20.0,1721.0,19.1,0.0,0.0,0.0,0.0,0.0,0.0,5.0,1.0,0.0,0.0,0.0,0.0,0.0,19.1,0.0,3.0,0.0,0.0,0.16,0.0,0.0,,0.0,0.0,86.0,57.9,20,86.0,17,0,,2,0.7,19.0,37.0,-18.0,-0.94,-0.58,0.0,25.0,15.0,0.0,1.0,14.0,13.0,,,0.0,,,,,,,,,,,,,,,
FRA-Ligue 1,2526,Nantes,Uroš Radaković,SRB,DF,31.0,1994.0,6.0,1.0,101.0,1.1,0.0,0.0,0.0,0.0,0.0,0.0,0.0,0.0,0.0,0.0,0.0,0.0,0.0,1.1,0.0,1.0,0.0,0.0,0.89,0.0,0.0,,0.0,0.0,17.0,3.4,1,65.0,0,5,7.0,16,0.67,1.0,1.0,0.0,0.0,0.72,0.0,2.0,0.0,0.0,0.0,4.0,2.0,,,0.0,,,,,,,,,,,,,,,
FRA-Ligue 1,2526,Nantes,Yassine Benhattab,FRA,"MF,FW",22.0,2002.0,10.0,5.0,477.0,5.3,0.0,0.0,0.0,0.0,0.0,0.0,0.0,0.0,0.0,0.0,0.0,0.0,0.0,5.3,0.0,4.0,1.0,25.0,0.75,0.19,0.0,0.0,0.0,0.0,48.0,16.1,5,67.0,0,5,28.0,4,0.6,3.0,9.0,-6.0,-1.13,-0.52,0.0,3.0,3.0,1.0,25.0,0.0,6.0,,,0.0,,,,,,,,,,,,,,,
FRA-Ligue 1,2526,Nantes,Youssef El-Arabi,MAR,FW,38.0,1987.0,25.0,11.0,941.0,10.5,3.0,0.0,3.0,3.0,0.0,1.0,0.0,0.0,0.29,0.0,0.29,0.29,0.29,10.5,3.0,15.0,9.0,60.0,1.43,0.86,0.2,0.33,0.0,1.0,38.0,31.7,11,69.0,1,14,13.0,9,0.56,12.0,14.0,-2.0,-0.19,0.74,0.0,22.0,23.0,10.0,2.0,4.0,9.0,,,0.0,,,,,,,,,,,,,,,
FRA-Ligue 1,2526,Nice,Abdulai Juma Bah,SLE,DF,19.0,2006.0,26.0,22.0,1958.0,21.8,0.0,0.0,0.0,0.0,0.0,0.0,7.0,0.0,0.0,0.0,0.0,0.0,0.0,21.8,0.0,7.0,2.0,28.6,0.32,0.09,0.0,0.0,0.0,0.0,75.0,64.0,22,86.0,20,4,17.0,6,1.0,21.0,42.0,-21.0,-0.97,-0.8,0.0,27.0,7.0,3.0,0.0,30.0,18.0,,,0.0,,,,,,,,,,,,,,,
FRA-Ligue 1,2526,Nice,Ali Abdi,TUN,"MF,DF",31.0,1993.0,22.0,13.0,1187.0,13.2,3.0,0.0,3.0,3.0,0.0,0.0,4.0,1.0,0.23,0.0,0.23,0.23,0.23,13.2,3.0,16.0,4.0,25.0,1.21,0.3,0.19,0.75,0.0,0.0,54.0,38.8,13,76.0,7,9,23.0,2,0.68,19.0,17.0,2.0,0.15,1.35,1.0,22.0,18.0,1.0,33.0,10.0,11.0,,,0.0,,,,,,,,,,,,,,,
FRA-Ligue 1,2526,Nice,Antoine Mendy,SEN,DF,21.0,2004.0,25.0,24.0,2097.0,23.3,1.0,0.0,1.0,1.0,0.0,0.0,5.0,0.0,0.04,0.0,0.04,0.04,0.04,23.3,1.0,17.0,7.0,41.2,0.73,0.3,0.06,0.14,0.0,0.0,84.0,68.5,24,87.0,21,1,11.0,6,0.92,26.0,38.0,-12.0,-0.52,0.51,0.0,30.0,22.0,1.0,21.0,19.0,35.0,,,0.0,,,,,,,,,,,,,,,
FRA-Ligue 1,2526,Nice,Badredine Bouanani,ALG,MF,20.0,2004.0,2.0,1.0,93.0,1.0,0.0,0.0,0.0,0.0,0.0,0.0,0.0,0.0,0.0,0.0,0.0,0.0,0.0,1.0,0.0,1.0,0.0,0.0,0.97,0.0,0.0,,0.0,0.0,47.0,3.0,1,75.0,0,1,18.0,0,1.5,1.0,0.0,1.0,0.97,1.7,0.0,0.0,2.0,0.0,5.0,1.0,0.0,,,0.0,,,,,,,,,,,,,,,
FRA-Ligue 1,2526,Nice,Bernard Nguene,CMR,FW,18.0,2006.0,6.0,0.0,138.0,1.5,0.0,0.0,0.0,0.0,0.0,0.0,1.0,0.0,0.0,0.0,0.0,0.0,0.0,1.5,0.0,3.0,0.0,0.0,1.96,0.0,0.0,,0.0,0.0,23.0,4.5,0,,0,6,23.0,4,0.67,0.0,3.0,-3.0,-1.96,-1.34,0.0,3.0,2.0,1.0,1.0,3.0,1.0,,,0.0,,,,,,,,,,,,,,,
FRA-Ligue 1,2526,Nice,Bilal Brahimi,ALG,"FW,MF",25.0,2000.0,1.0,0.0,1.0,0.0,0.0,0.0,0.0,0.0,0.0,0.0,0.0,0.0,0.0,0.0,0.0,0.0,0.0,0.0,0.0,0.0,0.0,,0.0,0.0,,,0.0,0.0,1.0,0.0,0,,0,1,1.0,1,0.0,0.0,0.0,0.0,0.0,0.68,0.0,0.0,0.0,0.0,2.0,0.0,0.0,,,0.0,,,,,,,,,,,,,,,
FRA-Ligue 1,2526,Nice,Brad Mantsounga,CGO,DF,17.0,2007.0,1.0,1.0,90.0,1.0,0.0,0.0,0.0,0.0,0.0,0.0,0.0,0.0,0.0,0.0,0.0,0.0,0.0,1.0,0.0,0.0,0.0,,0.0,0.0,,,0.0,0.0,90.0,2.9,1,90.0,1,0,,4,0.0,1.0,5.0,-4.0,-4.0,-3.42,0.0,0.0,2.0,0.0,0.0,0.0,3.0,,,0.0,,,,,,,,,,,,,,,
FRA-Ligue 1,2526,Nice,Charles Vanhoutte,BEL,MF,26.0,1998.0,26.0,21.0,1772.0,19.7,0.0,2.0,2.0,0.0,0.0,0.0,7.0,0.0,0.0,0.1,0.1,0.0,0.1,19.7,0.0,5.0,1.0,20.0,0.25,0.05,0.0,0.0,0.0,0.0,68.0,57.9,21,81.0,10,5,15.0,3,1.04,23.0,33.0,-10.0,-0.51,0.4,0.0,35.0,8.0,0.0,13.0,21.0,28.0,,,0.0,,,,,,,,,,,,,,,
FRA-Ligue 1,2526,Nice,Dante,BRA,DF,41.0,1983.0,12.0,9.0,849.0,9.4,0.0,1.0,1.0,0.0,0.0,0.0,1.0,0.0,0.0,0.11,0.11,0.0,0.11,9.4,0.0,7.0,1.0,14.3,0.74,0.11,0.0,0.0,0.0,0.0,71.0,27.7,9,80.0,4,3,43.0,4,1.33,12.0,13.0,-1.0,-0.11,0.79,0.0,9.0,4.0,1.0,0.0,11.0,5.0,,,0.0,,,,,,,,,,,,,,,
FRA-Ligue 1,2526,Nice,Djibril Coulibaly,FRA,MF,16.0,2008.0,2.0,0.0,13.0,0.1,0.0,0.0,0.0,0.0,0.0,0.0,0.0,0.0,0.0,0.0,0.0,0.0,0.0,0.1,0.0,0.0,0.0,,0.0,0.0,,,0.0,0.0,7.0,0.4,0,,0,2,7.0,8,2.0,1.0,0.0,1.0,6.92,7.63,0.0,1.0,0.0,0.0,0.0,0.0,0.0,,,0.0,,,,,,,,,,,,,,,
FRA-Ligue 1,2526,Nice,Elye Wahi,CIV,FW,22.0,2003.0,14.0,11.0,922.0,10.2,5.0,1.0,6.0,4.0,1.0,1.0,5.0,0.0,0.49,0.1,0.59,0.39,0.49,10.2,5.0,23.0,15.0,65.2,2.25,1.46,0.22,0.33,1.0,1.0,66.0,30.1,11,76.0,2,3,30.0,0,0.93,11.0,15.0,-4.0,-0.39,0.41,0.0,21.0,5.0,20.0,9.0,2.0,4.0,,,0.0,,,,,,,,,,,,,,,
FRA-Ligue 1,2526,Nice,Everton Pereira,FRA,MF,18.0,2007.0,3.0,2.0,135.0,1.5,0.0,0.0,0.0,0.0,0.0,0.0,0.0,0.0,0.0,0.0,0.0,0.0,0.0,1.5,0.0,2.0,0.0,0.0,1.33,0.0,0.0,,0.0,0.0,45.0,4.4,2,67.0,0,1,1.0,3,0.67,2.0,4.0,-2.0,-1.33,-0.69,0.0,4.0,0.0,0.0,0.0,3.0,0.0,,,0.0,,,,,,,,,,,,,,,
FRA-Ligue 1,2526,Nice,Gabin Bernardeau,FRA,MF,19.0,2006.0,4.0,1.0,95.0,1.1,0.0,0.0,0.0,0.0,0.0,0.0,0.0,0.0,0.0,0.0,0.0,0.0,0.0,1.1,0.0,3.0,1.0,33.3,2.84,0.95,0.0,0.0,0.0,0.0,24.0,3.1,1,63.0,0,3,11.0,9,1.25,1.0,1.0,0.0,0.0,0.7,0.0,1.0,3.0,1.0,5.0,0.0,4.0,,,0.0,,,,,,,,,,,,,,,
FRA-Ligue 1,2526,Nice,Hamza Koutoune,MAR,DF,18.0,2006.0,1.0,0.0,1.0,0.0,0.0,0.0,0.0,0.0,0.0,0.0,0.0,0.0,0.0,0.0,0.0,0.0,0.0,0.0,0.0,0.0,0.0,,0.0,0.0,,,0.0,0.0,1.0,0.0,0,,0,1,1.0,2,3.0,0.0,0.0,0.0,0.0,0.68,0.0,0.0,0.0,0.0,1.0,0.0,0.0,,,0.0,,,,,,,,,,,,,,,
FRA-Ligue 1,2526,Nice,Hicham Boudaoui,ALG,MF,25.0,1999.0,25.0,18.0,1694.0,18.8,1.0,2.0,3.0,1.0,0.0,0.0,5.0,0.0,0.05,0.11,0.16,0.05,0.16,18.8,1.0,21.0,9.0,42.9,1.12,0.48,0.05,0.11,0.0,0.0,68.0,55.4,18,84.0,12,7,27.0,1,0.92,20.0,33.0,-13.0,-0.69,-0.03,0.0,19.0,40.0,2.0,19.0,18.0,16.0,,,0.0,,,,,,,,,,,,,,,
FRA-Ligue 1,2526,Nice,Isak Jansson,SWE,"FW,MF",23.0,2002.0,22.0,7.0,644.0,7.2,1.0,0.0,1.0,1.0,0.0,0.0,3.0,0.0,0.14,0.0,0.14,0.14,0.14,7.2,1.0,17.0,11.0,64.7,2.38,1.54,0.06,0.09,0.0,0.0,29.0,21.0,7,57.0,0,15,16.0,4,0.73,5.0,12.0,-7.0,-0.98,-0.38,0.0,10.0,8.0,0.0,16.0,5.0,8.0,,,0.0,,,,,,,,,,,,,,,
FRA-Ligue 1,2526,Nice,Jeremie Boga,CIV,"MF,FW",28.0,1997.0,14.0,7.0,646.0,7.2,2.0,2.0,4.0,2.0,0.0,0.0,0.0,0.0,0.28,0.28,0.56,0.28,0.56,7.2,2.0,15.0,5.0,33.3,2.09,0.7,0.13,0.4,0.0,0.0,46.0,21.1,7,74.0,1,7,18.0,0,1.21,11.0,14.0,-3.0,-0.42,0.33,0.0,2.0,11.0,0.0,12.0,3.0,5.0,,,0.0,,,,,,,,,,,,,,,
FRA-Ligue 1,2526,Nice,Jonathan Clauss,FRA,"MF,DF",32.0,1992.0,30.0,28.0,2530.0,28.1,1.0,6.0,7.0,1.0,0.0,0.0,0.0,0.0,0.04,0.21,0.25,0.04,0.25,28.1,1.0,23.0,6.0,26.1,0.82,0.21,0.04,0.17,0.0,0.0,84.0,82.7,28,88.0,25,2,38.0,0,0.83,28.0,54.0,-26.0,-0.92,-1.43,0.0,22.0,17.0,1.0,223.0,47.0,38.0,,,0.0,,,,,,,,,,,,,,,
FRA-Ligue 1,2526,Nice,Kaïl Boudache,FRA,"MF,FW",19.0,2006.0,13.0,3.0,531.0,5.9,1.0,0.0,1.0,1.0,0.0,0.0,1.0,0.0,0.17,0.0,0.17,0.17,0.17,5.9,1.0,13.0,2.0,15.4,2.2,0.34,0.08,0.5,0.0,0.0,41.0,17.4,3,59.0,0,10,35.0,2,0.77,5.0,9.0,-4.0,-0.68,0.0,0.0,5.0,4.0,0.0,8.0,6.0,9.0,,,0.0,,,,,,,,,,,,,,,
FRA-Ligue 1,2526,Nice,Kevin Carlos,ESP,FW,24.0,2001.0,23.0,9.0,880.0,9.8,0.0,0.0,0.0,0.0,0.0,0.0,3.0,0.0,0.0,0.0,0.0,0.0,0.0,9.8,0.0,22.0,7.0,31.8,2.25,0.72,0.0,0.0,0.0,0.0,38.0,28.8,9,66.0,2,14,20.0,6,0.91,13.0,16.0,-3.0,-0.31,0.52,0.0,29.0,16.0,5.0,3.0,1.0,1.0,,,0.0,,,,,,,,,,,,,,,
FRA-Ligue 1,2526,Nice,Kojo Peprah Oppong,GHA,DF,21.0,2004.0,29.0,28.0,2425.0,26.9,1.0,0.0,1.0,1.0,0.0,0.0,4.0,0.0,0.04,0.0,0.04,0.04,0.04,26.9,1.0,10.0,3.0,30.0,0.37,0.11,0.1,0.33,0.0,0.0,84.0,79.2,28,85.0,23,1,53.0,3,1.0,32.0,43.0,-11.0,-0.41,1.29,0.0,31.0,30.0,1.0,5.0,30.0,28.0,,,0.0,,,,,,,,,,,,,,,
FRA-Ligue 1,2526,Nice,Maxime Dupé,FRA,GK,32.0,1993.0,8.0,8.0,720.0,8.0,0.0,0.0,0.0,0.0,0.0,0.0,0.0,0.0,0.0,0.0,0.0,0.0,0.0,8.0,0.0,0.0,0.0,,0.0,0.0,,,0.0,0.0,90.0,23.5,8,90.0,8,0,,26,0.88,11.0,15.0,-4.0,-0.5,0.23,0.0,0.0,1.0,0.0,0.0,0.0,0.0,,,0.0,15.0,1.87,35.0,20.0,57.1,1.0,4.0,3.0,1.0,12.5,3.0,3.0,0.0,0.0,0.0
FRA-Ligue 1,2526,Nice,Melvin Bard,FRA,"DF,MF",24.0,2000.0,29.0,26.0,2394.0,26.6,2.0,1.0,3.0,2.0,0.0,0.0,4.0,0.0,0.08,0.04,0.11,0.08,0.11,26.6,2.0,15.0,5.0,33.3,0.56,0.19,0.13,0.4,0.0,0.0,83.0,78.2,26,88.0,23,3,39.0,0,0.9,25.0,51.0,-26.0,-0.98,-1.38,0.0,26.0,27.0,3.0,77.0,41.0,29.0,,,0.0,,,,,,,,,,,,,,,
FRA-Ligue 1,2526,Nice,Mohamed Ali Cho,FRA,"FW,MF",21.0,2004.0,24.0,20.0,1667.0,18.5,4.0,3.0,7.0,4.0,0.0,0.0,1.0,0.0,0.22,0.16,0.38,0.22,0.38,18.5,4.0,32.0,14.0,43.8,1.73,0.76,0.13,0.29,0.0,0.0,69.0,54.5,20,76.0,4,4,37.0,0,0.67,21.0,35.0,-14.0,-0.76,-0.17,0.0,14.0,32.0,5.0,39.0,4.0,9.0,,,0.0,,,,,,,,,,,,,,,
FRA-Ligue 1,2526,Nice,Morgan Sanson,FRA,MF,30.0,1994.0,31.0,20.0,1772.0,19.7,0.0,2.0,2.0,0.0,0.0,0.0,4.0,0.0,0.0,0.1,0.1,0.0,0.1,19.7,0.0,19.0,4.0,21.1,0.97,0.2,0.0,0.0,0.0,0.0,57.0,57.9,20,79.0,7,11,17.0,0,0.9,14.0,39.0,-25.0,-1.27,-1.41,0.0,35.0,21.0,2.0,39.0,24.0,25.0,,,0.0,,,,,,,,,,,,,,,
FRA-Ligue 1,2526,Nice,Moïse Bombito,CAN,DF,25.0,2000.0,2.0,2.0,145.0,1.6,0.0,0.0,0.0,0.0,0.0,0.0,1.0,0.0,0.0,0.0,0.0,0.0,0.0,1.6,0.0,0.0,0.0,,0.0,0.0,,,0.0,0.0,73.0,4.7,2,73.0,1,0,,1,1.0,3.0,3.0,0.0,0.0,0.71,0.0,3.0,1.0,0.0,0.0,2.0,1.0,,,0.0,,,,,,,,,,,,,,,
FRA-Ligue 1,2526,Nice,Pablo Rosario,DOM,"DF,MF",28.0,1997.0,1.0,0.0,28.0,0.3,0.0,0.0,0.0,0.0,0.0,0.0,0.0,0.0,0.0,0.0,0.0,0.0,0.0,0.3,0.0,2.0,1.0,50.0,6.43,3.21,0.0,0.0,0.0,0.0,28.0,0.9,0,,0,1,28.0,0,3.0,1.0,0.0,1.0,3.21,3.93,0.0,0.0,0.0,0.0,0.0,0.0,0.0,,,0.0,,,,,,,,,,,,,,,
FRA-Ligue 1,2526,Nice,Salis Abdul Samed,GHA,MF,25.0,2000.0,18.0,12.0,911.0,10.1,0.0,0.0,0.0,0.0,0.0,0.0,3.0,0.0,0.0,0.0,0.0,0.0,0.0,10.1,0.0,1.0,0.0,0.0,0.1,0.0,0.0,,0.0,0.0,51.0,29.8,12,67.0,2,6,18.0,12,1.06,15.0,17.0,-2.0,-0.2,0.68,0.0,19.0,10.0,0.0,2.0,11.0,7.0,,,0.0,,,,,,,,,,,,,,,
FRA-Ligue 1,2526,Nice,Sofiane Diop,MAR,"MF,FW",25.0,2000.0,33.0,26.0,2130.0,23.7,8.0,2.0,10.0,6.0,2.0,2.0,5.0,0.0,0.34,0.08,0.42,0.25,0.34,23.7,8.0,54.0,17.0,31.5,2.28,0.72,0.15,0.47,2.0,2.0,65.0,69.6,26,75.0,5,7,27.0,0,0.97,29.0,43.0,-14.0,-0.59,0.28,0.0,22.0,46.0,7.0,37.0,18.0,9.0,,,0.0,,,,,,,,,,,,,,,
FRA-Ligue 1,2526,Nice,Tanguy Ndombele,FRA,MF,28.0,1996.0,8.0,3.0,275.0,3.1,0.0,1.0,1.0,0.0,0.0,0.0,0.0,0.0,0.0,0.33,0.33,0.0,0.33,3.1,0.0,5.0,1.0,20.0,1.64,0.33,0.0,0.0,0.0,0.0,34.0,9.0,3,69.0,0,5,13.0,7,0.75,2.0,3.0,-1.0,-0.33,0.38,0.0,1.0,7.0,0.0,1.0,1.0,1.0,,,0.0,,,,,,,,,,,,,,,
FRA-Ligue 1,2526,Nice,Terem Moffi,NGA,FW,26.0,1999.0,10.0,6.0,488.0,5.4,2.0,0.0,2.0,2.0,0.0,0.0,0.0,0.0,0.37,0.0,0.37,0.37,0.37,5.4,2.0,16.0,8.0,50.0,2.95,1.48,0.13,0.25,0.0,0.0,49.0,15.9,6,68.0,1,4,21.0,0,0.8,6.0,11.0,-5.0,-0.92,-0.29,0.0,2.0,2.0,7.0,0.0,0.0,1.0,,,0.0,,,,,,,,,,,,,,,
FRA-Ligue 1,2526,Nice,Tiago Gouveia,POR,MF,24.0,2001.0,15.0,5.0,532.0,5.9,0.0,0.0,0.0,0.0,0.0,0.0,3.0,0.0,0.0,0.0,0.0,0.0,0.0,5.9,0.0,12.0,4.0,33.3,2.03,0.68,0.0,0.0,0.0,0.0,35.0,17.4,5,69.0,2,10,19.0,5,1.06,6.0,17.0,-11.0,-1.86,-1.43,0.0,6.0,9.0,0.0,4.0,9.0,3.0,,,0.0,,,,,,,,,,,,,,,
FRA-Ligue 1,2526,Nice,Tom Louchet,FRA,MF,22.0,2003.0,27.0,14.0,1367.0,15.2,3.0,2.0,5.0,3.0,0.0,0.0,1.0,1.0,0.2,0.13,0.33,0.2,0.33,15.2,3.0,21.0,6.0,28.6,1.38,0.4,0.14,0.5,0.0,0.0,51.0,44.7,14,79.0,4,13,20.0,4,1.07,15.0,28.0,-13.0,-0.86,-0.32,0.0,16.0,13.0,0.0,51.0,9.0,17.0,,,0.0,,,,,,,,,,,,,,,
FRA-Ligue 1,2526,Nice,Yehvann Diouf,SEN,GK,25.0,1999.0,26.0,26.0,2340.0,26.0,0.0,0.0,0.0,0.0,0.0,0.0,1.0,0.0,0.0,0.0,0.0,0.0,0.0,26.0,0.0,0.0,0.0,,0.0,0.0,,,0.0,0.0,90.0,76.5,26,90.0,26,0,,6,0.96,26.0,45.0,-19.0,-0.73,-0.23,0.0,0.0,4.0,0.0,0.0,2.0,0.0,,,0.0,45.0,1.73,136.0,91.0,66.9,6.0,7.0,13.0,5.0,19.2,7.0,5.0,1.0,1.0,16.7
FRA-Ligue 1,2526,Nice,Youssouf Ndayishimiye,BDI,MF,26.0,1998.0,2.0,1.0,72.0,0.8,0.0,0.0,0.0,0.0,0.0,0.0,0.0,1.0,0.0,0.0,0.0,0.0,0.0,0.8,0.0,0.0,0.0,,0.0,0.0,,,0.0,0.0,36.0,2.4,1,60.0,0,1,12.0,2,1.5,1.0,2.0,-1.0,-1.25,-0.59,0.0,2.0,0.0,0.0,0.0,2.0,0.0,,,0.0,,,,,,,,,,,,,,,
FRA-Ligue 1,2526,Nice,Zoumana Diallo,FRA,FW,20.0,2005.0,1.0,0.0,10.0,0.1,0.0,0.0,0.0,0.0,0.0,0.0,0.0,0.0,0.0,0.0,0.0,0.0,0.0,0.1,0.0,0.0,0.0,,0.0,0.0,,,0.0,0.0,10.0,0.3,0,,0,1,10.0,5,1.0,0.0,0.0,0.0,0.0,0.68,0.0,2.0,1.0,0.0,0.0,0.0,0.0,,,0.0,,,,,,,,,,,,,,,
FRA-Ligue 1,2526,PSG,Achraf Hakimi,MAR,DF,26.0,1998.0,18.0,15.0,1375.0,15.3,2.0,2.0,4.0,2.0,0.0,0.0,3.0,1.0,0.13,0.13,0.26,0.13,0.26,15.3,2.0,27.0,9.0,33.3,1.77,0.59,0.07,0.22,0.0,0.0,76.0,44.9,15,84.0,12,3,39.0,1,2.22,32.0,15.0,17.0,1.11,-0.38,0.0,9.0,17.0,4.0,43.0,11.0,13.0,,,0.0,,,,,,,,,,,,,,,
FRA-Ligue 1,2526,PSG,Bradley Barcola,FRA,FW,22.0,2002.0,29.0,21.0,1743.0,19.4,11.0,1.0,12.0,11.0,0.0,0.0,2.0,0.0,0.57,0.05,0.62,0.57,0.62,19.4,11.0,66.0,30.0,45.5,3.41,1.55,0.17,0.37,0.0,0.0,60.0,57.0,21,72.0,6,8,30.0,2,2.31,41.0,15.0,26.0,1.34,0.04,0.0,20.0,10.0,6.0,26.0,12.0,16.0,,,0.0,,,,,,,,,,,,,,,
FRA-Ligue 1,2526,PSG,Dimitri Lucea,FRA,DF,18.0,2007.0,2.0,1.0,60.0,0.7,0.0,0.0,0.0,0.0,0.0,0.0,0.0,0.0,0.0,0.0,0.0,0.0,0.0,0.7,0.0,0.0,0.0,,0.0,0.0,,,0.0,0.0,30.0,2.0,1,45.0,0,1,15.0,1,1.5,1.0,0.0,1.0,1.5,0.18,0.0,1.0,1.0,0.0,0.0,2.0,2.0,,,0.0,,,,,,,,,,,,,,,
FRA-Ligue 1,2526,PSG,Dro Fernández,ESP,MF,17.0,2008.0,12.0,7.0,682.0,7.6,1.0,0.0,1.0,1.0,0.0,0.0,0.0,0.0,0.13,0.0,0.13,0.13,0.13,7.6,1.0,9.0,3.0,33.3,1.19,0.4,0.11,0.33,0.0,0.0,57.0,22.3,7,77.0,4,5,28.0,3,2.08,15.0,7.0,8.0,1.06,-0.34,0.0,8.0,12.0,0.0,4.0,9.0,5.0,,,0.0,,,,,,,,,,,,,,,
FRA-Ligue 1,2526,PSG,Désiré Doué,FRA,"FW,MF",20.0,2005.0,23.0,16.0,1348.0,15.0,7.0,4.0,11.0,7.0,0.0,1.0,0.0,0.0,0.47,0.27,0.73,0.47,0.73,15.0,7.0,55.0,19.0,34.5,3.67,1.27,0.13,0.37,0.0,1.0,59.0,44.1,16,69.0,2,7,34.0,2,2.35,34.0,14.0,20.0,1.34,0.02,0.0,24.0,28.0,0.0,56.0,12.0,20.0,,,0.0,,,,,,,,,,,,,,,
FRA-Ligue 1,2526,PSG,Fabián Ruiz Peña,ESP,MF,29.0,1996.0,20.0,13.0,1131.0,12.6,1.0,4.0,5.0,1.0,0.0,0.0,2.0,0.0,0.08,0.32,0.4,0.08,0.4,12.6,1.0,19.0,4.0,21.1,1.51,0.32,0.05,0.25,0.0,0.0,57.0,37.0,13,74.0,6,7,24.0,0,2.3,26.0,12.0,14.0,1.11,-0.33,0.0,2.0,3.0,2.0,21.0,17.0,11.0,,,0.0,,,,,,,,,,,,,,,
FRA-Ligue 1,2526,PSG,Gonçalo Ramos,POR,FW,24.0,2001.0,30.0,13.0,1318.0,14.6,6.0,1.0,7.0,5.0,1.0,2.0,4.0,1.0,0.41,0.07,0.48,0.34,0.41,14.6,6.0,58.0,25.0,43.1,3.96,1.71,0.1,0.24,1.0,2.0,44.0,43.1,13,77.0,5,17,19.0,3,2.2,31.0,13.0,18.0,1.23,-0.17,1.0,24.0,23.0,6.0,1.0,5.0,14.0,,,0.0,,,,,,,,,,,,,,,
FRA-Ligue 1,2526,PSG,Ibrahim Mbaye,SEN,"FW,MF",17.0,2008.0,24.0,10.0,1006.0,11.2,3.0,2.0,5.0,3.0,0.0,0.0,0.0,0.0,0.27,0.18,0.45,0.27,0.45,11.2,3.0,24.0,10.0,41.7,2.15,0.89,0.13,0.3,0.0,0.0,42.0,32.9,10,69.0,3,14,23.0,6,2.29,23.0,11.0,12.0,1.07,-0.37,0.0,10.0,13.0,2.0,16.0,4.0,7.0,,,0.0,,,,,,,,,,,,,,,
FRA-Ligue 1,2526,PSG,Illia Zabarnyi,UKR,DF,22.0,2002.0,28.0,26.0,2387.0,26.5,1.0,0.0,1.0,1.0,0.0,0.0,6.0,0.0,0.04,0.0,0.04,0.04,0.04,26.5,1.0,4.0,3.0,75.0,0.15,0.11,0.25,0.33,0.0,0.0,85.0,78.0,26,89.0,25,2,34.0,4,2.25,57.0,25.0,32.0,1.21,-0.53,0.0,18.0,8.0,0.0,0.0,20.0,20.0,,,0.0,,,,,,,,,,,,,,,
FRA-Ligue 1,2526,PSG,João Neves,POR,MF,20.0,2004.0,21.0,13.0,1287.0,14.3,5.0,1.0,6.0,5.0,0.0,0.0,0.0,0.0,0.35,0.07,0.42,0.35,0.42,14.3,5.0,27.0,6.0,22.2,1.89,0.42,0.19,0.83,0.0,0.0,61.0,42.1,13,80.0,7,8,31.0,2,2.38,35.0,14.0,21.0,1.47,0.25,0.0,13.0,13.0,0.0,4.0,6.0,14.0,,,0.0,,,,,,,,,,,,,,,
FRA-Ligue 1,2526,PSG,Khvicha Kvaratskhelia,GEO,FW,24.0,2001.0,28.0,18.0,1479.0,16.4,8.0,4.0,12.0,7.0,1.0,1.0,1.0,0.0,0.49,0.24,0.73,0.43,0.67,16.4,8.0,65.0,29.0,44.6,3.96,1.76,0.12,0.28,1.0,1.0,53.0,48.3,18,68.0,3,10,26.0,3,2.21,31.0,11.0,20.0,1.22,-0.21,0.0,18.0,26.0,5.0,43.0,10.0,13.0,,,0.0,,,,,,,,,,,,,,,
FRA-Ligue 1,2526,PSG,Lee Kang-in,KOR,"MF,FW",24.0,2001.0,27.0,18.0,1519.0,16.9,3.0,4.0,7.0,3.0,0.0,0.0,3.0,0.0,0.18,0.24,0.41,0.18,0.41,16.9,3.0,37.0,15.0,40.5,2.19,0.89,0.08,0.2,0.0,0.0,56.0,49.6,18,71.0,6,9,27.0,2,2.11,37.0,16.0,21.0,1.24,-0.16,0.0,18.0,19.0,3.0,113.0,1.0,9.0,,,0.0,,,,,,,,,,,,,,,
FRA-Ligue 1,2526,PSG,Lucas Beraldo,BRA,"DF,MF",21.0,2003.0,20.0,18.0,1567.0,17.4,2.0,1.0,3.0,2.0,0.0,0.0,2.0,0.0,0.11,0.06,0.17,0.11,0.17,17.4,2.0,14.0,4.0,28.6,0.8,0.23,0.14,0.5,0.0,0.0,78.0,51.2,18,84.0,14,2,25.0,13,2.3,38.0,15.0,23.0,1.32,-0.01,0.0,15.0,7.0,0.0,2.0,18.0,21.0,,,0.0,,,,,,,,,,,,,,,
FRA-Ligue 1,2526,PSG,Lucas Chevalier,FRA,GK,23.0,2001.0,17.0,17.0,1530.0,17.0,0.0,0.0,0.0,0.0,0.0,0.0,0.0,0.0,0.0,0.0,0.0,0.0,0.0,17.0,0.0,0.0,0.0,,0.0,0.0,,,0.0,0.0,90.0,50.0,17,90.0,17,0,,12,2.29,33.0,13.0,20.0,1.18,-0.29,0.0,0.0,1.0,0.0,0.0,0.0,0.0,,,0.0,13.0,0.76,45.0,32.0,71.1,12.0,3.0,2.0,9.0,52.9,3.0,1.0,1.0,1.0,50.0
FRA-Ligue 1,2526,PSG,Lucas Hernández,FRA,DF,29.0,1996.0,25.0,20.0,1747.0,19.4,0.0,3.0,3.0,0.0,0.0,0.0,4.0,0.0,0.0,0.15,0.15,0.0,0.15,19.4,0.0,11.0,3.0,27.3,0.57,0.15,0.0,0.0,0.0,0.0,70.0,57.1,20,83.0,15,5,18.0,9,2.52,43.0,13.0,30.0,1.55,0.52,0.0,22.0,19.0,0.0,16.0,21.0,14.0,,,0.0,,,,,,,,,,,,,,,
FRA-Ligue 1,2526,PSG,Marquinhos,BRA,DF,31.0,1994.0,14.0,11.0,1052.0,11.7,0.0,0.0,0.0,0.0,0.0,0.0,0.0,0.0,0.0,0.0,0.0,0.0,0.0,11.7,0.0,3.0,0.0,0.0,0.26,0.0,0.0,,0.0,0.0,75.0,34.4,11,90.0,11,3,21.0,15,2.21,24.0,6.0,18.0,1.54,0.33,0.0,8.0,2.0,0.0,3.0,7.0,9.0,,,1.0,,,,,,,,,,,,,,,
FRA-Ligue 1,2526,PSG,Mathis Jangeal,FRA,FW,17.0,2008.0,1.0,0.0,11.0,0.1,0.0,0.0,0.0,0.0,0.0,0.0,0.0,0.0,0.0,0.0,0.0,0.0,0.0,0.1,0.0,0.0,0.0,,0.0,0.0,,,0.0,0.0,11.0,0.4,0,,0,1,11.0,1,3.0,0.0,0.0,0.0,0.0,-1.33,0.0,1.0,0.0,0.0,0.0,0.0,0.0,,,0.0,,,,,,,,,,,,,,,
FRA-Ligue 1,2526,PSG,Matvei Safonov,RUS,GK,26.0,1999.0,15.0,15.0,1350.0,15.0,0.0,0.0,0.0,0.0,0.0,0.0,0.0,0.0,0.0,0.0,0.0,0.0,0.0,15.0,0.0,0.0,0.0,,0.0,0.0,,,0.0,0.0,90.0,44.1,15,90.0,15,0,,15,2.2,38.0,14.0,24.0,1.6,0.49,0.0,0.0,1.0,0.0,0.0,0.0,0.0,,,0.0,14.0,0.93,54.0,40.0,74.1,11.0,0.0,4.0,8.0,53.3,1.0,0.0,1.0,0.0,100.0
FRA-Ligue 1,2526,PSG,Noah Nsoki,FRA,MF,18.0,2007.0,1.0,0.0,8.0,0.1,0.0,0.0,0.0,0.0,0.0,0.0,0.0,0.0,0.0,0.0,0.0,0.0,0.0,0.1,0.0,0.0,0.0,,0.0,0.0,,,0.0,0.0,8.0,0.3,0,,0,1,8.0,2,3.0,0.0,0.0,0.0,0.0,-1.33,0.0,0.0,0.0,0.0,0.0,0.0,1.0,,,0.0,,,,,,,,,,,,,,,
FRA-Ligue 1,2526,PSG,Nuno Mendes,POR,DF,23.0,2002.0,20.0,13.0,1256.0,14.0,4.0,5.0,9.0,3.0,1.0,1.0,1.0,0.0,0.29,0.36,0.64,0.21,0.57,14.0,4.0,30.0,15.0,50.0,2.15,1.07,0.13,0.27,1.0,1.0,63.0,41.0,13,85.0,10,7,22.0,4,2.25,29.0,12.0,17.0,1.22,-0.18,0.0,12.0,25.0,3.0,44.0,14.0,20.0,,,0.0,,,,,,,,,,,,,,,
FRA-Ligue 1,2526,PSG,Ousmane Dembélé,FRA,FW,28.0,1997.0,22.0,11.0,1063.0,11.8,10.0,7.0,17.0,8.0,2.0,3.0,0.0,0.0,0.85,0.59,1.44,0.68,1.27,11.8,10.0,45.0,18.0,40.0,3.81,1.52,0.22,0.56,2.0,3.0,48.0,34.7,11,69.0,1,11,28.0,2,2.23,37.0,8.0,29.0,2.46,1.73,0.0,3.0,4.0,8.0,49.0,0.0,3.0,,,0.0,,,,,,,,,,,,,,,
FRA-Ligue 1,2526,PSG,Pierre Mounguengue,FRA,FW,17.0,2008.0,1.0,0.0,16.0,0.2,0.0,0.0,0.0,0.0,0.0,0.0,0.0,0.0,0.0,0.0,0.0,0.0,0.0,0.2,0.0,2.0,1.0,50.0,11.25,5.63,0.0,0.0,0.0,0.0,16.0,0.5,0,,0,1,16.0,0,1.0,0.0,1.0,-1.0,-5.63,-6.99,0.0,0.0,0.0,0.0,0.0,0.0,0.0,,,0.0,,,,,,,,,,,,,,,
FRA-Ligue 1,2526,PSG,Quentin Ndjantou,FRA,MF,18.0,2007.0,10.0,3.0,360.0,4.0,1.0,1.0,2.0,1.0,0.0,0.0,1.0,0.0,0.25,0.25,0.5,0.25,0.5,4.0,1.0,9.0,3.0,33.3,2.25,0.75,0.11,0.33,0.0,0.0,36.0,11.8,3,67.0,1,7,23.0,1,2.1,11.0,3.0,8.0,2.0,0.77,0.0,7.0,2.0,0.0,4.0,2.0,1.0,,,0.0,,,,,,,,,,,,,,,
FRA-Ligue 1,2526,PSG,Renato Marin,ITA,GK,19.0,2006.0,2.0,2.0,180.0,2.0,0.0,0.0,0.0,0.0,0.0,0.0,0.0,0.0,0.0,0.0,0.0,0.0,0.0,2.0,0.0,0.0,0.0,,0.0,0.0,,,0.0,0.0,90.0,5.9,2,90.0,2,0,,17,2.0,3.0,2.0,1.0,0.5,-0.87,0.0,0.0,1.0,0.0,0.0,0.0,0.0,,,0.0,2.0,1.0,5.0,3.0,60.0,1.0,1.0,0.0,1.0,50.0,0.0,0.0,0.0,0.0,
FRA-Ligue 1,2526,PSG,Senny Mayulu,FRA,"MF,FW",19.0,2006.0,26.0,21.0,1672.0,18.6,4.0,4.0,8.0,4.0,0.0,0.0,3.0,0.0,0.22,0.22,0.43,0.22,0.43,18.6,4.0,35.0,11.0,31.4,1.88,0.59,0.11,0.36,0.0,0.0,64.0,54.6,21,73.0,6,5,29.0,0,2.12,37.0,15.0,22.0,1.18,-0.31,0.0,24.0,20.0,1.0,27.0,12.0,31.0,,,0.0,,,,,,,,,,,,,,,
FRA-Ligue 1,2526,PSG,Vitinha,POR,MF,25.0,2000.0,29.0,24.0,2119.0,23.5,1.0,7.0,8.0,1.0,0.0,0.0,2.0,0.0,0.04,0.3,0.34,0.04,0.34,23.5,1.0,34.0,10.0,29.4,1.44,0.42,0.03,0.1,0.0,0.0,73.0,69.2,24,81.0,18,5,35.0,2,2.24,50.0,19.0,31.0,1.32,-0.02,0.0,14.0,21.0,0.0,21.0,26.0,20.0,,,0.0,,,,,,,,,,,,,,,
FRA-Ligue 1,2526,PSG,Warren Zaïre-Emery,FRA,"DF,MF",19.0,2006.0,32.0,27.0,2447.0,27.2,3.0,4.0,7.0,3.0,0.0,0.0,3.0,0.0,0.11,0.15,0.26,0.11,0.26,27.2,3.0,19.0,7.0,36.8,0.7,0.26,0.16,0.43,0.0,0.0,76.0,80.0,27,83.0,18,5,39.0,0,2.19,60.0,23.0,37.0,1.36,0.19,0.0,35.0,17.0,0.0,15.0,11.0,29.0,,,0.0,,,,,,,,,,,,,,,
FRA-Ligue 1,2526,PSG,Willian Pacho,ECU,DF,23.0,2001.0,23.0,21.0,1914.0,21.3,0.0,0.0,0.0,0.0,0.0,0.0,0.0,0.0,0.0,0.0,0.0,0.0,0.0,21.3,0.0,8.0,1.0,12.5,0.38,0.05,0.0,0.0,0.0,0.0,83.0,62.5,21,88.0,19,2,38.0,8,2.09,47.0,22.0,25.0,1.18,-0.4,0.0,6.0,7.0,2.0,0.0,26.0,26.0,,,0.0,,,,,,,,,,,,,,,
FRA-Ligue 1,2526,Paris FC,Adama Camara,FRA,"MF,DF",28.0,1996.0,29.0,26.0,2159.0,24.0,1.0,0.0,1.0,1.0,0.0,0.0,8.0,0.0,0.04,0.0,0.04,0.04,0.04,24.0,1.0,17.0,5.0,29.4,0.71,0.21,0.06,0.2,0.0,0.0,74.0,70.6,26,80.0,9,3,24.0,4,1.38,27.0,34.0,-7.0,-0.29,-0.69,0.0,26.0,18.0,0.0,14.0,38.0,30.0,,,0.0,,,,,,,,,,,,,,,
FRA-Ligue 1,2526,Paris FC,Alimami Gory,MLI,"MF,DF",28.0,1996.0,24.0,9.0,982.0,10.9,5.0,1.0,6.0,5.0,0.0,0.0,3.0,0.0,0.46,0.09,0.55,0.46,0.55,10.9,5.0,19.0,6.0,31.6,1.74,0.55,0.26,0.83,0.0,0.0,41.0,32.1,9,69.0,1,15,24.0,3,1.21,13.0,20.0,-7.0,-0.64,-0.81,0.0,12.0,15.0,8.0,10.0,8.0,11.0,,,0.0,,,,,,,,,,,,,,,
FRA-Ligue 1,2526,Paris FC,Ciro Immobile,ITA,FW,35.0,1990.0,12.0,9.0,705.0,7.8,2.0,2.0,4.0,2.0,0.0,0.0,2.0,0.0,0.26,0.26,0.51,0.26,0.51,7.8,2.0,15.0,5.0,33.3,1.91,0.64,0.13,0.4,0.0,0.0,59.0,23.0,9,73.0,0,3,17.0,0,1.58,11.0,10.0,1.0,0.13,0.28,0.0,8.0,6.0,8.0,3.0,1.0,0.0,,,0.0,,,,,,,,,,,,,,,
FRA-Ligue 1,2526,Paris FC,Diego Coppola,ITA,DF,21.0,2003.0,13.0,13.0,1170.0,13.0,0.0,2.0,2.0,0.0,0.0,0.0,1.0,0.0,0.0,0.15,0.15,0.0,0.15,13.0,0.0,5.0,3.0,60.0,0.38,0.23,0.0,0.0,0.0,0.0,90.0,38.2,13,90.0,13,0,,2,1.69,21.0,16.0,5.0,0.38,0.77,0.0,6.0,3.0,0.0,0.0,7.0,9.0,,,1.0,,,,,,,,,,,,,,,
FRA-Ligue 1,2526,Paris FC,Hamari Traoré,MLI,DF,33.0,1992.0,18.0,14.0,1150.0,12.8,0.0,1.0,1.0,0.0,0.0,0.0,4.0,0.0,0.0,0.08,0.08,0.0,0.08,12.8,0.0,4.0,0.0,0.0,0.31,0.0,0.0,,0.0,0.0,64.0,37.6,14,78.0,6,4,14.0,1,1.28,19.0,17.0,2.0,0.16,0.39,0.0,21.0,6.0,1.0,27.0,18.0,22.0,,,0.0,,,,,,,,,,,,,,,
FRA-Ligue 1,2526,Paris FC,Ilan Kebbal,ALG,"MF,FW",27.0,1998.0,29.0,26.0,2222.0,24.7,9.0,4.0,13.0,6.0,3.0,4.0,7.0,0.0,0.36,0.16,0.53,0.24,0.41,24.7,9.0,49.0,20.0,40.8,1.98,0.81,0.18,0.45,3.0,4.0,77.0,72.6,26,83.0,14,3,22.0,1,1.24,34.0,38.0,-4.0,-0.16,-0.27,0.0,15.0,61.0,3.0,110.0,7.0,15.0,,,0.0,,,,,,,,,,,,,,,
FRA-Ligue 1,2526,Paris FC,Jean-Philippe Krasso,CIV,FW,28.0,1997.0,25.0,12.0,1092.0,12.1,2.0,2.0,4.0,1.0,1.0,1.0,0.0,0.0,0.16,0.16,0.33,0.08,0.25,12.1,2.0,27.0,10.0,37.0,2.23,0.82,0.07,0.2,1.0,1.0,44.0,35.7,12,70.0,1,13,19.0,0,1.12,15.0,17.0,-2.0,-0.16,-0.12,0.0,20.0,19.0,10.0,4.0,1.0,8.0,,,0.0,,,,,,,,,,,,,,,
FRA-Ligue 1,2526,Paris FC,Jonathan Ikone,FRA,"MF,FW",27.0,1998.0,23.0,13.0,1100.0,12.2,3.0,1.0,4.0,3.0,0.0,0.0,2.0,0.0,0.25,0.08,0.33,0.25,0.33,12.2,3.0,25.0,6.0,24.0,2.05,0.49,0.12,0.5,0.0,0.0,48.0,35.9,13,68.0,1,10,22.0,2,1.26,15.0,11.0,4.0,0.33,0.65,0.0,13.0,18.0,3.0,7.0,5.0,15.0,,,0.0,,,,,,,,,,,,,,,
FRA-Ligue 1,2526,Paris FC,Julien López,ALG,"FW,MF",33.0,1992.0,5.0,0.0,45.0,0.5,0.0,0.0,0.0,0.0,0.0,0.0,0.0,0.0,0.0,0.0,0.0,0.0,0.0,0.5,0.0,0.0,0.0,,0.0,0.0,,,0.0,0.0,9.0,1.5,0,,0,5,9.0,12,0.6,0.0,1.0,-1.0,-2.0,-1.94,0.0,0.0,0.0,0.0,1.0,1.0,0.0,,,0.0,,,,,,,,,,,,,,,
FRA-Ligue 1,2526,Paris FC,Kevin Trapp,GER,GK,35.0,1990.0,22.0,22.0,1980.0,22.0,0.0,0.0,0.0,0.0,0.0,0.0,2.0,0.0,0.0,0.0,0.0,0.0,0.0,22.0,0.0,0.0,0.0,,0.0,0.0,,,0.0,0.0,90.0,64.7,22,90.0,22,0,,11,1.45,29.0,29.0,0.0,0.0,0.25,0.0,0.0,6.0,0.0,0.0,1.0,0.0,,,0.0,29.0,1.32,87.0,56.0,66.7,8.0,8.0,6.0,7.0,31.8,8.0,6.0,1.0,1.0,14.3
FRA-Ligue 1,2526,Paris FC,Lohann Doucet,BFA,MF,22.0,2002.0,5.0,1.0,121.0,1.3,1.0,0.0,1.0,1.0,0.0,0.0,2.0,0.0,0.74,0.0,0.74,0.74,0.74,1.3,1.0,2.0,1.0,50.0,1.49,0.74,0.5,1.0,0.0,0.0,24.0,4.0,1,60.0,0,4,15.0,4,0.8,1.0,5.0,-4.0,-2.98,-3.01,0.0,4.0,1.0,0.0,0.0,0.0,0.0,,,0.0,,,,,,,,,,,,,,,
FRA-Ligue 1,2526,Paris FC,Luca Koleosho,ITA,MF,20.0,2004.0,16.0,3.0,554.0,6.2,3.0,1.0,4.0,3.0,0.0,0.0,0.0,0.0,0.49,0.16,0.65,0.49,0.65,6.2,3.0,17.0,10.0,58.8,2.76,1.62,0.18,0.3,0.0,0.0,35.0,18.1,3,80.0,1,13,24.0,1,1.56,13.0,9.0,4.0,0.65,0.9,0.0,10.0,4.0,1.0,15.0,3.0,15.0,,,0.0,,,,,,,,,,,,,,,
FRA-Ligue 1,2526,Paris FC,Marshall Munetsi,ZIM,MF,29.0,1996.0,15.0,11.0,975.0,10.8,4.0,1.0,5.0,4.0,0.0,0.0,0.0,0.0,0.37,0.09,0.46,0.37,0.46,10.8,4.0,19.0,9.0,47.4,1.75,0.83,0.21,0.44,0.0,0.0,65.0,31.9,11,80.0,5,4,25.0,2,1.67,17.0,10.0,7.0,0.65,1.08,0.0,12.0,9.0,1.0,0.0,3.0,8.0,,,0.0,,,,,,,,,,,,,,,
FRA-Ligue 1,2526,Paris FC,Mathieu Cafaro,FRA,FW,28.0,1997.0,10.0,1.0,152.0,1.7,0.0,0.0,0.0,0.0,0.0,0.0,0.0,0.0,0.0,0.0,0.0,0.0,0.0,1.7,0.0,7.0,1.0,14.3,4.14,0.59,0.0,0.0,0.0,0.0,15.0,5.0,1,59.0,0,9,10.0,12,0.9,4.0,3.0,1.0,0.59,0.72,0.0,2.0,4.0,2.0,7.0,0.0,0.0,,,0.0,,,,,,,,,,,,,,,
FRA-Ligue 1,2526,Paris FC,Maxime Lopez,FRA,MF,27.0,1997.0,26.0,22.0,1960.0,21.8,0.0,3.0,3.0,0.0,0.0,0.0,11.0,0.0,0.0,0.14,0.14,0.0,0.14,21.8,0.0,13.0,6.0,46.2,0.6,0.28,0.0,0.0,0.0,0.0,75.0,64.1,22,83.0,17,4,32.0,2,1.19,29.0,36.0,-7.0,-0.32,-0.65,0.0,27.0,8.0,5.0,83.0,11.0,17.0,,,0.0,,,,,,,,,,,,,,,
FRA-Ligue 1,2526,Paris FC,Mohamed Benoit Dao,FRA,FW,18.0,2007.0,1.0,0.0,2.0,0.0,0.0,0.0,0.0,0.0,0.0,0.0,0.0,0.0,0.0,0.0,0.0,0.0,0.0,0.0,0.0,0.0,0.0,,0.0,0.0,,,0.0,0.0,2.0,0.1,0,,0,1,2.0,0,0.0,0.0,0.0,0.0,0.0,0.09,0.0,0.0,0.0,0.0,1.0,0.0,0.0,,,0.0,,,,,,,,,,,,,,,
FRA-Ligue 1,2526,Paris FC,Moses Simon,NGA,"MF,FW",30.0,1995.0,29.0,25.0,2001.0,22.2,3.0,3.0,6.0,3.0,0.0,0.0,1.0,0.0,0.13,0.13,0.27,0.13,0.27,22.2,3.0,34.0,11.0,32.4,1.53,0.49,0.09,0.27,0.0,0.0,69.0,65.4,25,75.0,1,4,33.0,2,1.28,31.0,30.0,1.0,0.04,0.38,0.0,15.0,19.0,11.0,143.0,8.0,11.0,,,0.0,,,,,,,,,,,,,,,
FRA-Ligue 1,2526,Paris FC,Moustapha Mbow,SEN,DF,25.0,2000.0,31.0,30.0,2717.0,30.2,0.0,1.0,1.0,0.0,0.0,0.0,5.0,0.0,0.0,0.03,0.03,0.0,0.03,30.2,0.0,10.0,3.0,30.0,0.33,0.1,0.0,0.0,0.0,0.0,88.0,88.8,30,90.0,30,1,17.0,2,1.23,41.0,43.0,-2.0,-0.07,0.2,0.0,27.0,16.0,1.0,2.0,38.0,33.0,,,0.0,,,,,,,,,,,,,,,
FRA-Ligue 1,2526,Paris FC,Nhoa Sangui,FRA,DF,19.0,2006.0,26.0,18.0,1737.0,19.3,0.0,0.0,0.0,0.0,0.0,0.0,0.0,0.0,0.0,0.0,0.0,0.0,0.0,19.3,0.0,4.0,1.0,25.0,0.21,0.05,0.0,0.0,0.0,0.0,67.0,56.8,18,89.0,16,8,16.0,0,1.35,24.0,29.0,-5.0,-0.26,-0.4,0.0,5.0,17.0,2.0,37.0,21.0,14.0,,,0.0,,,,,,,,,,,,,,,
FRA-Ligue 1,2526,Paris FC,Nouha Dicko,MLI,"FW,MF",33.0,1992.0,8.0,0.0,72.0,0.8,1.0,1.0,2.0,1.0,0.0,0.0,0.0,0.0,1.25,1.25,2.5,1.25,2.5,0.8,1.0,4.0,2.0,50.0,5.0,2.5,0.25,0.5,0.0,0.0,9.0,2.4,0,,0,8,9.0,7,1.0,3.0,2.0,1.0,1.25,1.37,0.0,4.0,4.0,2.0,2.0,0.0,0.0,,,0.0,,,,,,,,,,,,,,,
FRA-Ligue 1,2526,Paris FC,Obed Nkambadio,FRA,GK,22.0,2003.0,12.0,12.0,1080.0,12.0,0.0,0.0,0.0,0.0,0.0,0.0,0.0,0.0,0.0,0.0,0.0,0.0,0.0,12.0,0.0,0.0,0.0,,0.0,0.0,,,0.0,0.0,90.0,35.3,12,90.0,12,0,,21,1.0,18.0,21.0,-3.0,-0.25,-0.25,0.0,0.0,0.0,0.0,0.0,0.0,0.0,,,0.0,21.0,1.75,47.0,26.0,55.3,3.0,3.0,6.0,1.0,8.3,4.0,2.0,1.0,1.0,33.3
FRA-Ligue 1,2526,Paris FC,Otavio Ataide,BRA,DF,23.0,2002.0,23.0,21.0,1901.0,21.1,1.0,0.0,1.0,1.0,0.0,0.0,6.0,1.0,0.05,0.0,0.05,0.05,0.05,21.1,1.0,12.0,3.0,25.0,0.57,0.14,0.08,0.33,0.0,0.0,83.0,62.1,21,88.0,17,2,26.0,6,1.39,27.0,31.0,-4.0,-0.19,-0.27,0.0,24.0,33.0,1.0,6.0,27.0,29.0,,,0.0,,,,,,,,,,,,,,,
FRA-Ligue 1,2526,Paris FC,Pierre Lees-Melou,FRA,MF,32.0,1993.0,22.0,20.0,1782.0,19.8,1.0,3.0,4.0,1.0,0.0,0.0,7.0,1.0,0.05,0.15,0.2,0.05,0.2,19.8,1.0,27.0,6.0,22.2,1.36,0.3,0.04,0.17,0.0,0.0,81.0,58.2,20,87.0,14,2,18.0,0,1.36,28.0,26.0,2.0,0.1,0.45,1.0,28.0,24.0,0.0,13.0,20.0,35.0,,,0.0,,,,,,,,,,,,,,,
FRA-Ligue 1,2526,Paris FC,Pierre-Yves Hamel,FRA,FW,31.0,1994.0,2.0,1.0,78.0,0.9,0.0,0.0,0.0,0.0,0.0,0.0,0.0,0.0,0.0,0.0,0.0,0.0,0.0,0.9,0.0,0.0,0.0,,0.0,0.0,,,0.0,0.0,39.0,2.5,1,70.0,0,1,8.0,1,0.0,0.0,2.0,-2.0,-2.31,-2.28,0.0,2.0,0.0,0.0,0.0,1.0,0.0,,,0.0,,,,,,,,,,,,,,,
FRA-Ligue 1,2526,Paris FC,Rudy Matondo,FRA,MF,17.0,2008.0,11.0,8.0,743.0,8.3,2.0,0.0,2.0,2.0,0.0,0.0,1.0,1.0,0.24,0.0,0.24,0.24,0.24,8.3,2.0,9.0,5.0,55.6,1.09,0.61,0.22,0.4,0.0,0.0,68.0,24.3,8,81.0,3,3,31.0,0,1.82,12.0,9.0,3.0,0.36,0.6,0.0,15.0,14.0,0.0,8.0,5.0,14.0,,,0.0,,,,,,,,,,,,,,,
FRA-Ligue 1,2526,Paris FC,Samir Chergui,ALG,DF,26.0,1999.0,15.0,13.0,1154.0,12.8,1.0,0.0,1.0,1.0,0.0,0.0,1.0,0.0,0.08,0.0,0.08,0.08,0.08,12.8,1.0,13.0,4.0,30.8,1.01,0.31,0.08,0.25,0.0,0.0,77.0,37.7,13,87.0,11,2,12.0,3,1.33,21.0,23.0,-2.0,-0.16,-0.11,0.0,14.0,4.0,1.0,6.0,13.0,12.0,,,0.0,,,,,,,,,,,,,,,
FRA-Ligue 1,2526,Paris FC,Thibault De Smet,BEL,DF,27.0,1998.0,17.0,13.0,1144.0,12.7,0.0,1.0,1.0,0.0,0.0,0.0,6.0,2.0,0.0,0.08,0.08,0.0,0.08,12.7,0.0,4.0,0.0,0.0,0.31,0.0,0.0,,0.0,0.0,67.0,37.4,13,82.0,5,4,20.0,6,1.18,20.0,22.0,-2.0,-0.16,-0.11,2.0,11.0,13.0,1.0,26.0,10.0,11.0,,,0.0,,,,,,,,,,,,,,,
FRA-Ligue 1,2526,Paris FC,Timothée Kolodziejczak,FRA,DF,33.0,1991.0,11.0,7.0,662.0,7.4,0.0,0.0,0.0,0.0,0.0,0.0,2.0,0.0,0.0,0.0,0.0,0.0,0.0,7.4,0.0,1.0,1.0,100.0,0.14,0.14,0.0,0.0,0.0,0.0,60.0,21.6,7,89.0,6,4,10.0,16,1.18,6.0,14.0,-8.0,-1.09,-1.28,0.0,8.0,1.0,0.0,0.0,7.0,6.0,,,0.0,,,,,,,,,,,,,,,
FRA-Ligue 1,2526,Paris FC,Tuomas Ollila,FIN,DF,25.0,2000.0,10.0,3.0,308.0,3.4,0.0,0.0,0.0,0.0,0.0,0.0,0.0,0.0,0.0,0.0,0.0,0.0,0.0,3.4,0.0,4.0,1.0,25.0,1.17,0.29,0.0,0.0,0.0,0.0,31.0,10.1,3,79.0,0,7,10.0,8,1.1,6.0,4.0,2.0,0.58,0.75,0.0,3.0,6.0,1.0,9.0,4.0,1.0,,,0.0,,,,,,,,,,,,,,,
FRA-Ligue 1,2526,Paris FC,Vincent Marchetti,FRA,MF,28.0,1997.0,23.0,9.0,825.0,9.2,2.0,1.0,3.0,2.0,0.0,0.0,1.0,0.0,0.22,0.11,0.33,0.22,0.33,9.2,2.0,24.0,7.0,29.2,2.62,0.76,0.08,0.29,0.0,0.0,36.0,27.0,9,71.0,1,14,13.0,2,1.17,15.0,19.0,-4.0,-0.44,-0.48,0.0,12.0,4.0,1.0,1.0,5.0,13.0,,,0.0,,,,,,,,,,,,,,,
FRA-Ligue 1,2526,Paris FC,Willem Geubbels,FRA,FW,23.0,2001.0,24.0,12.0,1013.0,11.3,5.0,0.0,5.0,4.0,1.0,1.0,0.0,0.0,0.44,0.0,0.44,0.36,0.36,11.3,5.0,30.0,9.0,30.0,2.67,0.8,0.17,0.56,1.0,1.0,42.0,33.1,12,66.0,0,12,18.0,6,1.29,14.0,17.0,-3.0,-0.27,-0.27,0.0,19.0,3.0,10.0,9.0,6.0,2.0,,,0.0,,,,,,,,,,,,,,,
FRA-Ligue 1,2526,Rennes,Abdelhamid Ait Boudlal,MAR,DF,19.0,2006.0,20.0,17.0,1403.0,15.6,2.0,1.0,3.0,2.0,0.0,0.0,3.0,1.0,0.13,0.06,0.19,0.13,0.19,15.6,2.0,13.0,4.0,30.8,0.83,0.26,0.15,0.5,0.0,0.0,70.0,45.8,17,80.0,14,3,13.0,5,1.85,33.0,28.0,5.0,0.32,0.1,0.0,14.0,10.0,1.0,2.0,18.0,11.0,,,0.0,,,,,,,,,,,,,,,
FRA-Ligue 1,2526,Rennes,Alexander Legendre,ECU,MF,17.0,2008.0,6.0,0.0,45.0,0.5,0.0,0.0,0.0,0.0,0.0,0.0,0.0,0.0,0.0,0.0,0.0,0.0,0.0,0.5,0.0,1.0,0.0,0.0,2.0,0.0,0.0,,0.0,0.0,8.0,1.5,0,,0,6,8.0,3,1.17,1.0,3.0,-2.0,-4.0,-4.33,0.0,1.0,1.0,0.0,3.0,0.0,0.0,,,0.0,,,,,,,,,,,,,,,
FRA-Ligue 1,2526,Rennes,Alidu Seidu,GHA,DF,25.0,2000.0,21.0,13.0,1186.0,13.2,0.0,1.0,1.0,0.0,0.0,0.0,1.0,0.0,0.0,0.08,0.08,0.0,0.08,13.2,0.0,5.0,1.0,20.0,0.38,0.08,0.0,0.0,0.0,0.0,56.0,38.8,13,76.0,6,8,25.0,11,1.57,25.0,24.0,1.0,0.08,-0.31,0.0,16.0,31.0,3.0,11.0,17.0,22.0,,,0.0,,,,,,,,,,,,,,,
FRA-Ligue 1,2526,Rennes,Anthony Rouault,FRA,DF,24.0,2001.0,21.0,19.0,1724.0,19.2,1.0,0.0,1.0,1.0,0.0,0.0,4.0,0.0,0.05,0.0,0.05,0.05,0.05,19.2,1.0,9.0,3.0,33.3,0.47,0.16,0.11,0.33,0.0,0.0,82.0,56.3,19,88.0,17,2,23.0,11,1.71,30.0,23.0,7.0,0.37,0.23,0.0,26.0,8.0,0.0,0.0,18.0,13.0,,,0.0,,,,,,,,,,,,,,,
FRA-Ligue 1,2526,Rennes,Arnaud Nordin,FRA,"FW,MF",27.0,1998.0,10.0,7.0,570.0,6.3,1.0,2.0,3.0,1.0,0.0,0.0,1.0,0.0,0.16,0.32,0.47,0.16,0.47,6.3,1.0,20.0,5.0,25.0,3.16,0.79,0.05,0.2,0.0,0.0,57.0,18.6,7,71.0,0,3,24.0,0,1.9,12.0,4.0,8.0,1.26,1.23,0.0,8.0,17.0,1.0,18.0,0.0,6.0,,,0.0,,,,,,,,,,,,,,,
FRA-Ligue 1,2526,Rennes,Bertuğ Yıldırım,TUR,FW,23.0,2002.0,1.0,0.0,3.0,0.0,0.0,0.0,0.0,0.0,0.0,0.0,0.0,0.0,0.0,0.0,0.0,0.0,0.0,0.0,0.0,0.0,0.0,,0.0,0.0,,,0.0,0.0,3.0,0.1,0,,0,1,3.0,2,1.0,0.0,0.0,0.0,0.0,-0.26,0.0,0.0,0.0,0.0,0.0,0.0,0.0,,,0.0,,,,,,,,,,,,,,,
FRA-Ligue 1,2526,Rennes,Breel Embolo,SUI,FW,28.0,1997.0,31.0,20.0,1872.0,20.8,8.0,3.0,11.0,8.0,0.0,0.0,3.0,0.0,0.38,0.14,0.53,0.38,0.53,20.8,8.0,41.0,18.0,43.9,1.97,0.87,0.2,0.44,0.0,0.0,60.0,61.2,20,81.0,9,11,22.0,0,1.77,37.0,34.0,3.0,0.14,-0.31,0.0,48.0,58.0,14.0,7.0,4.0,14.0,,,0.0,,,,,,,,,,,,,,,
FRA-Ligue 1,2526,Rennes,Brice Samba,FRA,GK,31.0,1994.0,32.0,32.0,2880.0,32.0,0.0,0.0,0.0,0.0,0.0,0.0,5.0,0.0,0.0,0.0,0.0,0.0,0.0,32.0,0.0,0.0,0.0,,0.0,0.0,,,0.0,0.0,90.0,94.1,32,90.0,32,0,,0,1.84,57.0,44.0,13.0,0.41,2.41,0.0,1.0,7.0,0.0,0.0,0.0,1.0,,,0.0,44.0,1.37,129.0,84.0,65.9,17.0,8.0,7.0,10.0,31.3,6.0,4.0,2.0,0.0,33.3
FRA-Ligue 1,2526,Rennes,Christopher Wooh,CMR,DF,23.0,2001.0,2.0,1.0,64.0,0.7,0.0,0.0,0.0,0.0,0.0,0.0,0.0,1.0,0.0,0.0,0.0,0.0,0.0,0.7,0.0,0.0,0.0,,0.0,0.0,,,0.0,0.0,32.0,2.1,1,10.0,0,1,54.0,0,1.5,1.0,0.0,1.0,1.41,1.17,0.0,1.0,0.0,0.0,0.0,0.0,0.0,,,0.0,,,,,,,,,,,,,,,
FRA-Ligue 1,2526,Rennes,Djaoui Cissé,FRA,MF,21.0,2004.0,24.0,12.0,981.0,10.9,0.0,0.0,0.0,0.0,0.0,0.0,3.0,0.0,0.0,0.0,0.0,0.0,0.0,10.9,0.0,24.0,6.0,25.0,2.2,0.55,0.0,0.0,0.0,0.0,41.0,32.1,12,60.0,0,12,22.0,9,1.75,18.0,14.0,4.0,0.37,0.15,0.0,18.0,10.0,0.0,27.0,5.0,22.0,,,0.0,,,,,,,,,,,,,,,
FRA-Ligue 1,2526,Rennes,Esteban Lepaul,FRA,FW,25.0,2000.0,32.0,31.0,2511.0,27.9,20.0,5.0,25.0,17.0,3.0,4.0,3.0,0.0,0.72,0.18,0.9,0.61,0.79,27.9,20.0,84.0,37.0,44.0,3.01,1.33,0.24,0.54,3.0,4.0,78.0,82.1,31,80.0,11,1,29.0,0,1.75,49.0,38.0,11.0,0.39,0.72,0.0,23.0,15.0,8.0,17.0,3.0,5.0,,,0.0,,,,,,,,,,,,,,,
FRA-Ligue 1,2526,Rennes,Fabian Rieder,SUI,MF,23.0,2002.0,3.0,2.0,133.0,1.5,0.0,0.0,0.0,0.0,0.0,0.0,0.0,0.0,0.0,0.0,0.0,0.0,0.0,1.5,0.0,1.0,0.0,0.0,0.68,0.0,0.0,,0.0,0.0,44.0,4.3,2,63.0,0,1,8.0,0,1.33,0.0,2.0,-2.0,-1.35,-1.69,0.0,2.0,1.0,0.0,1.0,2.0,2.0,,,0.0,,,,,,,,,,,,,,,
FRA-Ligue 1,2526,Rennes,Glen Kamara,FIN,MF,29.0,1995.0,4.0,0.0,61.0,0.7,0.0,0.0,0.0,0.0,0.0,0.0,0.0,0.0,0.0,0.0,0.0,0.0,0.0,0.7,0.0,0.0,0.0,,0.0,0.0,,,0.0,0.0,15.0,2.0,0,,0,4,15.0,18,1.75,0.0,3.0,-3.0,-4.43,-4.79,0.0,0.0,2.0,0.0,0.0,0.0,0.0,,,0.0,,,,,,,,,,,,,,,
FRA-Ligue 1,2526,Rennes,Hans Hateboer,NED,"DF,MF",31.0,1994.0,1.0,0.0,22.0,0.2,0.0,0.0,0.0,0.0,0.0,0.0,0.0,0.0,0.0,0.0,0.0,0.0,0.0,0.2,0.0,0.0,0.0,,0.0,0.0,,,0.0,0.0,22.0,0.7,0,,0,1,22.0,3,1.0,0.0,1.0,-1.0,-4.09,-4.39,0.0,2.0,0.0,0.0,0.0,0.0,0.0,,,0.0,,,,,,,,,,,,,,,
FRA-Ligue 1,2526,Rennes,Henrick Do Marcolino,FRA,FW,19.0,2006.0,1.0,0.0,3.0,0.0,0.0,0.0,0.0,0.0,0.0,0.0,0.0,0.0,0.0,0.0,0.0,0.0,0.0,0.0,0.0,0.0,0.0,,0.0,0.0,,,0.0,0.0,3.0,0.1,0,,0,1,3.0,5,3.0,0.0,0.0,0.0,0.0,-0.26,0.0,0.0,0.0,0.0,0.0,2.0,1.0,,,0.0,,,,,,,,,,,,,,,
FRA-Ligue 1,2526,Rennes,Ibrahim Salah,MAR,MF,23.0,2001.0,2.0,0.0,35.0,0.4,0.0,0.0,0.0,0.0,0.0,0.0,0.0,0.0,0.0,0.0,0.0,0.0,0.0,0.4,0.0,1.0,0.0,0.0,2.57,0.0,0.0,,0.0,0.0,18.0,1.1,0,,0,2,18.0,0,1.5,1.0,2.0,-1.0,-2.57,-2.87,0.0,0.0,2.0,1.0,0.0,0.0,1.0,,,0.0,,,,,,,,,,,,,,,
FRA-Ligue 1,2526,Rennes,Jérémy Jacquet,FRA,DF,20.0,2005.0,19.0,19.0,1671.0,18.6,0.0,0.0,0.0,0.0,0.0,0.0,6.0,1.0,0.0,0.0,0.0,0.0,0.0,18.6,0.0,11.0,3.0,27.3,0.59,0.16,0.0,0.0,0.0,0.0,88.0,54.6,19,88.0,17,0,,0,1.42,27.0,29.0,-2.0,-0.11,-0.82,1.0,20.0,17.0,1.0,0.0,22.0,17.0,,,0.0,,,,,,,,,,,,,,,
FRA-Ligue 1,2526,Rennes,Kader Meïté,FRA,FW,17.0,2007.0,17.0,6.0,535.0,5.9,3.0,2.0,5.0,3.0,0.0,0.0,0.0,0.0,0.5,0.34,0.84,0.5,0.84,5.9,3.0,22.0,7.0,31.8,3.7,1.18,0.14,0.43,0.0,0.0,31.0,17.5,6,52.0,0,11,20.0,2,1.59,14.0,5.0,9.0,1.51,1.51,0.0,12.0,4.0,8.0,3.0,1.0,2.0,,,0.0,,,,,,,,,,,,,,,
FRA-Ligue 1,2526,Rennes,Lilian Brassier,FRA,DF,25.0,1999.0,27.0,25.0,2250.0,25.0,0.0,1.0,1.0,0.0,0.0,0.0,2.0,0.0,0.0,0.04,0.04,0.0,0.04,25.0,0.0,11.0,2.0,18.2,0.44,0.08,0.0,0.0,0.0,0.0,83.0,73.5,25,87.0,22,2,36.0,5,1.78,47.0,35.0,12.0,0.48,0.81,0.0,27.0,21.0,0.0,23.0,38.0,13.0,,,0.0,,,,,,,,,,,,,,,
FRA-Ligue 1,2526,Rennes,Lucas Rosier,FRA,FW,18.0,2007.0,2.0,0.0,2.0,0.0,0.0,0.0,0.0,0.0,0.0,0.0,0.0,0.0,0.0,0.0,0.0,0.0,0.0,0.0,0.0,0.0,0.0,,0.0,0.0,,,0.0,0.0,1.0,0.1,0,,0,2,1.0,2,3.0,0.0,1.0,-1.0,-45.0,-45.29,0.0,0.0,0.0,0.0,0.0,0.0,0.0,,,0.0,,,,,,,,,,,,,,,
FRA-Ligue 1,2526,Rennes,Ludovic Blas,FRA,"MF,FW",27.0,1997.0,32.0,15.0,1546.0,17.2,5.0,4.0,9.0,3.0,2.0,2.0,1.0,0.0,0.29,0.23,0.52,0.17,0.41,17.2,5.0,47.0,14.0,29.8,2.74,0.82,0.11,0.36,2.0,2.0,48.0,50.5,15,77.0,2,17,23.0,1,1.78,27.0,30.0,-3.0,-0.17,-0.89,0.0,24.0,27.0,5.0,93.0,15.0,10.0,,,0.0,,,,,,,,,,,,,,,
FRA-Ligue 1,2526,Rennes,Mahamadou Nagida,CMR,DF,20.0,2005.0,19.0,7.0,805.0,8.9,0.0,0.0,0.0,0.0,0.0,0.0,2.0,0.0,0.0,0.0,0.0,0.0,0.0,8.9,0.0,13.0,3.0,23.1,1.45,0.34,0.0,0.0,0.0,0.0,42.0,26.3,7,84.0,4,12,18.0,14,1.89,16.0,14.0,2.0,0.22,-0.06,0.0,14.0,11.0,0.0,20.0,20.0,12.0,,,0.0,,,,,,,,,,,,,,,
FRA-Ligue 1,2526,Rennes,Mahdi Camara,FRA,MF,27.0,1998.0,32.0,31.0,2653.0,29.5,3.0,1.0,4.0,3.0,0.0,0.0,5.0,1.0,0.1,0.03,0.14,0.1,0.14,29.5,3.0,29.0,12.0,41.4,0.98,0.41,0.1,0.25,0.0,0.0,83.0,86.7,31,85.0,23,1,27.0,0,1.72,54.0,41.0,13.0,0.44,1.33,0.0,39.0,28.0,4.0,28.0,27.0,33.0,,,0.0,,,,,,,,,,,,,,,
FRA-Ligue 1,2526,Rennes,Mathys Silestrie,FRA,GK,19.0,2005.0,2.0,2.0,180.0,2.0,0.0,0.0,0.0,0.0,0.0,0.0,0.0,0.0,0.0,0.0,0.0,0.0,0.0,2.0,0.0,0.0,0.0,,0.0,0.0,,,0.0,0.0,90.0,5.9,2,90.0,2,0,,29,0.0,2.0,6.0,-4.0,-2.0,-2.41,0.0,0.0,0.0,0.0,0.0,0.0,0.0,,,0.0,6.0,3.0,14.0,8.0,57.1,0.0,0.0,2.0,0.0,0.0,0.0,0.0,0.0,0.0,
FRA-Ligue 1,2526,Rennes,Mikayil Ngor Faye,SEN,MF,21.0,2004.0,1.0,0.0,8.0,0.1,0.0,0.0,0.0,0.0,0.0,0.0,0.0,0.0,0.0,0.0,0.0,0.0,0.0,0.1,0.0,0.0,0.0,,0.0,0.0,,,0.0,0.0,8.0,0.3,0,,0,1,8.0,1,1.0,0.0,0.0,0.0,0.0,-0.27,0.0,0.0,0.0,0.0,0.0,0.0,0.0,,,0.0,,,,,,,,,,,,,,,
FRA-Ligue 1,2526,Rennes,Musa Al-Taamari,JOR,"MF,FW",28.0,1997.0,33.0,25.0,2212.0,24.6,6.0,6.0,12.0,6.0,0.0,0.0,4.0,0.0,0.24,0.24,0.49,0.24,0.49,24.6,6.0,64.0,23.0,35.9,2.6,0.94,0.09,0.26,0.0,0.0,67.0,72.3,25,79.0,4,8,31.0,0,1.79,45.0,32.0,13.0,0.53,0.95,0.0,16.0,27.0,26.0,86.0,11.0,16.0,,,0.0,,,,,,,,,,,,,,,
FRA-Ligue 1,2526,Rennes,Nordan Mukiele,FRA,MF,19.0,2006.0,8.0,0.0,96.0,1.1,1.0,0.0,1.0,1.0,0.0,0.0,0.0,0.0,0.94,0.0,0.94,0.94,0.94,1.1,1.0,4.0,1.0,25.0,3.75,0.94,0.25,1.0,0.0,0.0,12.0,3.1,0,,0,8,12.0,12,2.0,4.0,0.0,4.0,3.75,3.6,0.0,4.0,2.0,0.0,2.0,0.0,0.0,,,0.0,,,,,,,,,,,,,,,
FRA-Ligue 1,2526,Rennes,Przemysław Frankowski,POL,"MF,DF",30.0,1995.0,19.0,15.0,1210.0,13.4,1.0,2.0,3.0,1.0,0.0,0.0,5.0,0.0,0.07,0.15,0.22,0.07,0.22,13.4,1.0,9.0,3.0,33.3,0.67,0.22,0.11,0.33,0.0,0.0,64.0,39.5,15,75.0,5,4,21.0,1,1.68,20.0,16.0,4.0,0.3,0.05,0.0,13.0,10.0,1.0,82.0,9.0,25.0,,,0.0,,,,,,,,,,,,,,,
FRA-Ligue 1,2526,Rennes,Quentin Merlin,FRA,"DF,MF",23.0,2002.0,33.0,27.0,2533.0,28.1,1.0,5.0,6.0,1.0,0.0,0.0,2.0,0.0,0.04,0.18,0.21,0.04,0.21,28.1,1.0,26.0,7.0,26.9,0.92,0.25,0.04,0.14,0.0,0.0,77.0,82.8,27,87.0,23,6,32.0,1,1.76,45.0,43.0,2.0,0.07,-1.12,0.0,22.0,30.0,5.0,156.0,29.0,38.0,,,0.0,,,,,,,,,,,,,,,
FRA-Ligue 1,2526,Rennes,Sebastian Szymański,POL,MF,26.0,1999.0,16.0,10.0,776.0,8.6,1.0,3.0,4.0,1.0,0.0,0.0,2.0,0.0,0.12,0.35,0.46,0.12,0.46,8.6,1.0,12.0,5.0,41.7,1.39,0.58,0.08,0.2,0.0,0.0,49.0,25.4,10,66.0,0,6,19.0,0,1.75,15.0,12.0,3.0,0.35,0.11,0.0,13.0,12.0,4.0,56.0,3.0,10.0,,,0.0,,,,,,,,,,,,,,,
FRA-Ligue 1,2526,Rennes,Seko Fofana,CIV,MF,30.0,1995.0,12.0,7.0,655.0,7.3,1.0,0.0,1.0,1.0,0.0,0.0,0.0,0.0,0.14,0.0,0.14,0.14,0.14,7.3,1.0,9.0,3.0,33.3,1.24,0.41,0.11,0.33,0.0,0.0,55.0,21.4,7,83.0,4,5,14.0,1,1.5,9.0,12.0,-3.0,-0.41,-0.86,0.0,3.0,13.0,0.0,7.0,3.0,2.0,,,0.0,,,,,,,,,,,,,,,
FRA-Ligue 1,2526,Rennes,Valentin Rongier,FRA,MF,30.0,1994.0,31.0,31.0,2745.0,30.5,2.0,5.0,7.0,2.0,0.0,0.0,6.0,0.0,0.07,0.16,0.23,0.07,0.23,30.5,2.0,22.0,10.0,45.5,0.72,0.33,0.09,0.2,0.0,0.0,89.0,89.7,31,89.0,30,0,,1,1.77,56.0,44.0,12.0,0.39,1.25,0.0,48.0,26.0,0.0,21.0,36.0,48.0,,,0.0,,,,,,,,,,,,,,,
FRA-Ligue 1,2526,Rennes,Yassir Zabiri,MAR,MF,20.0,2005.0,6.0,0.0,48.0,0.5,0.0,0.0,0.0,0.0,0.0,0.0,0.0,0.0,0.0,0.0,0.0,0.0,0.0,0.5,0.0,4.0,2.0,50.0,7.5,3.75,0.0,0.0,0.0,0.0,8.0,1.6,0,,0,6,8.0,6,1.67,1.0,0.0,1.0,1.87,1.64,0.0,6.0,0.0,0.0,1.0,0.0,1.0,,,0.0,,,,,,,,,,,,,,,
FRA-Ligue 1,2526,Strasbourg,Aaron Anselmino,ARG,DF,20.0,2005.0,3.0,0.0,16.0,0.2,0.0,0.0,0.0,0.0,0.0,0.0,0.0,0.0,0.0,0.0,0.0,0.0,0.0,0.2,0.0,0.0,0.0,,0.0,0.0,,,0.0,0.0,5.0,0.5,0,,0,3,5.0,0,2.33,0.0,1.0,-1.0,-5.63,-5.98,0.0,0.0,0.0,0.0,0.0,1.0,0.0,,,0.0,,,,,,,,,,,,,,,
FRA-Ligue 1,2526,Strasbourg,Abakar Sylla,CIV,DF,22.0,2002.0,1.0,0.0,2.0,0.0,0.0,0.0,0.0,0.0,0.0,0.0,0.0,0.0,0.0,0.0,0.0,0.0,0.0,0.0,0.0,0.0,0.0,,0.0,0.0,,,0.0,0.0,2.0,0.1,0,,0,1,2.0,5,1.0,0.0,0.0,0.0,0.0,-0.32,0.0,0.0,0.0,0.0,0.0,0.0,0.0,,,0.0,,,,,,,,,,,,,,,
FRA-Ligue 1,2526,Strasbourg,Abdoul Ouattara,FRA,"MF,DF",19.0,2005.0,28.0,19.0,1768.0,19.6,2.0,0.0,2.0,2.0,0.0,0.0,2.0,0.0,0.1,0.0,0.1,0.1,0.1,19.6,2.0,27.0,11.0,40.7,1.37,0.56,0.07,0.18,0.0,0.0,63.0,57.8,19,79.0,13,9,29.0,0,1.79,37.0,27.0,10.0,0.51,0.44,0.0,12.0,11.0,1.0,19.0,20.0,13.0,,,0.0,,,,,,,,,,,,,,,
FRA-Ligue 1,2526,Strasbourg,Amadou Cissé,GUI,DF,19.0,2006.0,1.0,1.0,90.0,1.0,0.0,0.0,0.0,0.0,0.0,0.0,0.0,0.0,0.0,0.0,0.0,0.0,0.0,1.0,0.0,0.0,0.0,,0.0,0.0,,,0.0,0.0,90.0,2.9,1,90.0,1,0,,4,0.0,0.0,3.0,-3.0,-3.0,-3.42,0.0,3.0,0.0,0.0,0.0,0.0,2.0,,,0.0,,,,,,,,,,,,,,,
FRA-Ligue 1,2526,Strasbourg,Andrew Omobamidele,IRL,DF,23.0,2002.0,25.0,13.0,1357.0,15.1,1.0,0.0,1.0,1.0,0.0,0.0,4.0,0.0,0.07,0.0,0.07,0.07,0.07,15.1,1.0,4.0,3.0,75.0,0.27,0.2,0.25,0.33,0.0,0.0,54.0,44.3,13,82.0,8,12,25.0,2,1.56,25.0,21.0,4.0,0.27,-0.1,0.0,13.0,10.0,0.0,0.0,16.0,4.0,,,0.0,,,,,,,,,,,,,,,
FRA-Ligue 1,2526,Strasbourg,Ben Chilwell,ENG,"DF,MF",28.0,1996.0,20.0,19.0,1598.0,17.8,0.0,2.0,2.0,0.0,0.0,0.0,4.0,0.0,0.0,0.11,0.11,0.0,0.11,17.8,0.0,5.0,3.0,60.0,0.28,0.17,0.0,0.0,0.0,0.0,80.0,52.2,19,83.0,13,1,29.0,4,1.45,27.0,24.0,3.0,0.17,-0.32,0.0,14.0,22.0,4.0,30.0,22.0,17.0,,,0.0,,,,,,,,,,,,,,,
FRA-Ligue 1,2526,Strasbourg,David Datro Fofana,CIV,FW,22.0,2002.0,5.0,3.0,171.0,1.9,0.0,0.0,0.0,0.0,0.0,0.0,0.0,0.0,0.0,0.0,0.0,0.0,0.0,1.9,0.0,3.0,1.0,33.3,1.58,0.53,0.0,0.0,0.0,0.0,34.0,5.6,3,51.0,0,2,9.0,4,1.2,2.0,2.0,0.0,0.0,-0.34,0.0,3.0,1.0,3.0,0.0,1.0,1.0,,,0.0,,,,,,,,,,,,,,,
FRA-Ligue 1,2526,Strasbourg,Diego Moreira,BEL,MF,20.0,2004.0,27.0,23.0,2034.0,22.6,4.0,6.0,10.0,4.0,0.0,0.0,4.0,0.0,0.18,0.27,0.44,0.18,0.44,22.6,4.0,29.0,11.0,37.9,1.28,0.49,0.14,0.36,0.0,0.0,75.0,66.5,23,84.0,8,4,26.0,0,1.52,43.0,31.0,12.0,0.53,0.62,0.0,17.0,27.0,8.0,89.0,20.0,25.0,,,0.0,,,,,,,,,,,,,,,
FRA-Ligue 1,2526,Strasbourg,Dilane Bakwa,FRA,"FW,MF",22.0,2002.0,3.0,0.0,107.0,1.2,1.0,2.0,3.0,1.0,0.0,0.0,0.0,0.0,0.84,1.68,2.52,0.84,2.52,1.2,1.0,2.0,1.0,50.0,1.68,0.84,0.5,1.0,0.0,0.0,36.0,3.5,0,,0,3,36.0,0,2.0,4.0,2.0,2.0,1.68,1.41,0.0,0.0,4.0,0.0,8.0,1.0,1.0,,,0.0,,,,,,,,,,,,,,,
FRA-Ligue 1,2526,Strasbourg,Emanuel Emegha,NED,FW,22.0,2003.0,10.0,4.0,443.0,4.9,4.0,2.0,6.0,4.0,0.0,0.0,3.0,0.0,0.81,0.41,1.22,0.81,1.22,4.9,4.0,17.0,8.0,47.1,3.45,1.63,0.24,0.5,0.0,0.0,44.0,14.5,4,79.0,2,6,21.0,0,1.8,9.0,6.0,3.0,0.61,0.33,0.0,12.0,9.0,4.0,0.0,0.0,0.0,,,0.0,,,,,,,,,,,,,,,
FRA-Ligue 1,2526,Strasbourg,Félix Lemaréchal,FRA,"MF,FW",21.0,2003.0,11.0,7.0,555.0,6.2,0.0,2.0,2.0,0.0,0.0,0.0,1.0,0.0,0.0,0.32,0.32,0.0,0.32,6.2,0.0,10.0,2.0,20.0,1.62,0.32,0.0,0.0,0.0,0.0,50.0,18.1,7,68.0,1,4,20.0,1,1.73,10.0,6.0,4.0,0.65,0.4,0.0,9.0,6.0,0.0,15.0,3.0,6.0,,,0.0,,,,,,,,,,,,,,,
FRA-Ligue 1,2526,Strasbourg,Gessime Yassine,MAR,MF,19.0,2005.0,12.0,6.0,510.0,5.7,0.0,1.0,1.0,0.0,0.0,0.0,0.0,0.0,0.0,0.18,0.18,0.0,0.18,5.7,0.0,8.0,1.0,12.5,1.41,0.18,0.0,0.0,0.0,0.0,43.0,16.7,6,72.0,2,6,13.0,5,1.58,8.0,9.0,-1.0,-0.18,-0.6,0.0,9.0,19.0,1.0,18.0,1.0,9.0,,,0.0,,,,,,,,,,,,,,,
FRA-Ligue 1,2526,Strasbourg,Guéla Doué,CIV,"DF,MF",22.0,2002.0,24.0,23.0,2061.0,22.9,2.0,6.0,8.0,2.0,0.0,0.0,3.0,0.0,0.09,0.26,0.35,0.09,0.35,22.9,2.0,12.0,5.0,41.7,0.52,0.22,0.17,0.4,0.0,0.0,86.0,67.4,23,88.0,19,1,30.0,0,1.63,46.0,32.0,14.0,0.61,0.88,0.0,42.0,24.0,0.0,52.0,27.0,38.0,,,0.0,,,,,,,,,,,,,,,
FRA-Ligue 1,2526,Strasbourg,Idrissa Sabaly,FRA,MF,17.0,2007.0,1.0,1.0,56.0,0.6,0.0,0.0,0.0,0.0,0.0,0.0,0.0,0.0,0.0,0.0,0.0,0.0,0.0,0.6,0.0,1.0,0.0,0.0,1.61,0.0,0.0,,0.0,0.0,56.0,1.8,1,56.0,0,0,,1,0.0,0.0,3.0,-3.0,-4.82,-5.24,0.0,1.0,0.0,0.0,2.0,1.0,1.0,,,0.0,,,,,,,,,,,,,,,
FRA-Ligue 1,2526,Strasbourg,Ismaël Doukouré,FRA,"DF,MF",22.0,2003.0,25.0,25.0,2072.0,23.0,0.0,2.0,2.0,0.0,0.0,0.0,4.0,2.0,0.0,0.09,0.09,0.0,0.09,23.0,0.0,7.0,3.0,42.9,0.3,0.13,0.0,0.0,0.0,0.0,83.0,67.7,25,83.0,19,0,,0,1.56,42.0,31.0,11.0,0.48,0.48,0.0,21.0,17.0,0.0,3.0,24.0,11.0,,,2.0,,,,,,,,,,,,,,,
FRA-Ligue 1,2526,Strasbourg,Jean-Baptiste Bosey,FRA,FW,17.0,2008.0,1.0,0.0,1.0,0.0,0.0,0.0,0.0,0.0,0.0,0.0,0.0,0.0,0.0,0.0,0.0,0.0,0.0,0.0,0.0,0.0,0.0,,0.0,0.0,,,0.0,0.0,1.0,0.0,0,,0,1,1.0,3,1.0,0.0,0.0,0.0,0.0,-0.32,0.0,1.0,0.0,0.0,0.0,0.0,0.0,,,0.0,,,,,,,,,,,,,,,
FRA-Ligue 1,2526,Strasbourg,Joaquín Panichelli,ARG,FW,22.0,2002.0,27.0,24.0,2193.0,24.4,16.0,1.0,17.0,11.0,5.0,6.0,3.0,0.0,0.66,0.04,0.7,0.45,0.49,24.4,16.0,58.0,31.0,53.4,2.38,1.27,0.28,0.52,5.0,6.0,81.0,71.7,24,87.0,19,3,34.0,0,1.48,39.0,29.0,10.0,0.41,0.31,0.0,43.0,44.0,14.0,0.0,13.0,10.0,,,0.0,,,,,,,,,,,,,,,
FRA-Ligue 1,2526,Strasbourg,Julio Enciso,PAR,"MF,FW",21.0,2004.0,27.0,22.0,1883.0,20.9,3.0,6.0,9.0,2.0,1.0,1.0,2.0,0.0,0.14,0.29,0.43,0.1,0.38,20.9,3.0,61.0,22.0,36.1,2.92,1.05,0.05,0.14,1.0,1.0,70.0,61.5,22,80.0,7,5,23.0,1,1.41,35.0,30.0,5.0,0.24,-0.22,0.0,20.0,31.0,5.0,61.0,7.0,10.0,,,0.0,,,,,,,,,,,,,,,
FRA-Ligue 1,2526,Strasbourg,Junior Mwanga,FRA,"DF,MF",22.0,2003.0,5.0,5.0,377.0,4.2,0.0,0.0,0.0,0.0,0.0,0.0,0.0,0.0,0.0,0.0,0.0,0.0,0.0,4.2,0.0,1.0,0.0,0.0,0.24,0.0,0.0,,0.0,0.0,75.0,12.3,5,75.0,3,0,,4,1.8,3.0,6.0,-3.0,-0.72,-1.19,0.0,9.0,2.0,0.0,4.0,1.0,8.0,,,0.0,,,,,,,,,,,,,,,
FRA-Ligue 1,2526,Strasbourg,Karl-Johan Johnsson,SWE,GK,35.0,1990.0,1.0,1.0,90.0,1.0,0.0,0.0,0.0,0.0,0.0,0.0,0.0,0.0,0.0,0.0,0.0,0.0,0.0,1.0,0.0,0.0,0.0,,0.0,0.0,,,0.0,0.0,90.0,2.9,1,90.0,1,0,,25,3.0,1.0,0.0,1.0,1.0,0.7,0.0,0.0,0.0,0.0,0.0,0.0,0.0,,,0.0,0.0,0.0,2.0,2.0,100.0,1.0,0.0,0.0,1.0,100.0,0.0,0.0,0.0,0.0,
FRA-Ligue 1,2526,Strasbourg,Kendry Páez,ECU,"MF,FW",18.0,2007.0,15.0,4.0,424.0,4.7,1.0,0.0,1.0,1.0,0.0,0.0,0.0,0.0,0.21,0.0,0.21,0.21,0.21,4.7,1.0,10.0,4.0,40.0,2.12,0.85,0.1,0.25,0.0,0.0,28.0,13.9,4,56.0,0,11,18.0,3,1.53,6.0,3.0,3.0,0.64,0.36,0.0,7.0,3.0,1.0,18.0,3.0,4.0,,,0.0,,,,,,,,,,,,,,,
FRA-Ligue 1,2526,Strasbourg,Lucas Høgsberg,DEN,DF,19.0,2006.0,24.0,21.0,1792.0,19.9,0.0,0.0,0.0,0.0,0.0,0.0,4.0,1.0,0.0,0.0,0.0,0.0,0.0,19.9,0.0,4.0,1.0,25.0,0.2,0.05,0.0,0.0,0.0,0.0,75.0,58.6,21,83.0,12,3,16.0,7,1.5,28.0,31.0,-3.0,-0.15,-1.14,1.0,16.0,13.0,1.0,0.0,13.0,9.0,,,0.0,,,,,,,,,,,,,,,
FRA-Ligue 1,2526,Strasbourg,Mamadou Sarr,SEN,DF,19.0,2005.0,15.0,15.0,1305.0,14.5,0.0,0.0,0.0,0.0,0.0,0.0,3.0,0.0,0.0,0.0,0.0,0.0,0.0,14.5,0.0,1.0,0.0,0.0,0.07,0.0,0.0,,0.0,0.0,87.0,42.6,15,87.0,14,0,,0,1.47,21.0,16.0,5.0,0.34,0.04,0.0,16.0,11.0,0.0,0.0,5.0,13.0,,,0.0,,,,,,,,,,,,,,,
FRA-Ligue 1,2526,Strasbourg,Martial Godo,CIV,MF,22.0,2003.0,28.0,18.0,1584.0,17.6,10.0,1.0,11.0,10.0,0.0,0.0,2.0,0.0,0.57,0.06,0.62,0.57,0.62,17.6,10.0,41.0,17.0,41.5,2.33,0.97,0.24,0.59,0.0,0.0,57.0,51.8,18,79.0,8,10,15.0,2,1.68,41.0,23.0,18.0,1.02,1.45,0.0,15.0,32.0,11.0,31.0,15.0,13.0,,,0.0,,,,,,,,,,,,,,,
FRA-Ligue 1,2526,Strasbourg,Mathis Amougou,FRA,MF,19.0,2006.0,12.0,4.0,409.0,4.5,0.0,0.0,0.0,0.0,0.0,0.0,1.0,0.0,0.0,0.0,0.0,0.0,0.0,4.5,0.0,3.0,2.0,66.7,0.66,0.44,0.0,0.0,0.0,0.0,34.0,13.4,4,63.0,0,8,20.0,15,1.42,5.0,8.0,-3.0,-0.66,-1.14,0.0,4.0,4.0,0.0,2.0,2.0,11.0,,,0.0,,,,,,,,,,,,,,,
FRA-Ligue 1,2526,Strasbourg,Max Oyedele,POL,"MF,DF",20.0,2004.0,8.0,6.0,446.0,5.0,1.0,0.0,1.0,1.0,0.0,0.0,3.0,0.0,0.2,0.0,0.2,0.2,0.2,5.0,1.0,2.0,1.0,50.0,0.4,0.2,0.5,1.0,0.0,0.0,56.0,14.6,6,72.0,3,2,7.0,4,1.5,9.0,10.0,-1.0,-0.2,-0.61,0.0,9.0,5.0,0.0,0.0,5.0,8.0,,,0.0,,,,,,,,,,,,,,,
FRA-Ligue 1,2526,Strasbourg,Mike Penders,BEL,GK,20.0,2005.0,33.0,33.0,2970.0,33.0,0.0,0.0,0.0,0.0,0.0,0.0,3.0,0.0,0.0,0.0,0.0,0.0,0.0,33.0,0.0,0.0,0.0,,0.0,0.0,,,0.0,0.0,90.0,97.1,33,90.0,33,0,,0,1.52,57.0,47.0,10.0,0.3,-0.7,0.0,1.0,2.0,0.0,0.0,0.0,0.0,,,0.0,47.0,1.42,154.0,107.0,69.5,14.0,8.0,11.0,8.0,24.2,5.0,4.0,1.0,0.0,20.0
FRA-Ligue 1,2526,Strasbourg,Rabby Nzingoula,FRA,MF,19.0,2005.0,4.0,0.0,51.0,0.6,0.0,0.0,0.0,0.0,0.0,0.0,0.0,1.0,0.0,0.0,0.0,0.0,0.0,0.6,0.0,1.0,0.0,0.0,1.76,0.0,0.0,,0.0,0.0,13.0,1.7,0,,0,4,13.0,6,0.75,1.0,0.0,1.0,1.76,1.47,0.0,3.0,2.0,0.0,2.0,1.0,1.0,,,0.0,,,,,,,,,,,,,,,
FRA-Ligue 1,2526,Strasbourg,Rafael Gonçalves,POR,"MF,DF",20.0,2005.0,12.0,6.0,588.0,6.5,0.0,1.0,1.0,0.0,0.0,0.0,0.0,0.0,0.0,0.15,0.15,0.0,0.15,6.5,0.0,5.0,3.0,60.0,0.77,0.46,0.0,0.0,0.0,0.0,49.0,19.2,6,79.0,4,6,19.0,17,1.67,8.0,13.0,-5.0,-0.77,-1.35,0.0,7.0,2.0,0.0,4.0,4.0,10.0,,,0.0,,,,,,,,,,,,,,,
FRA-Ligue 1,2526,Strasbourg,Samir El Mourabet,MAR,MF,19.0,2005.0,33.0,25.0,2128.0,23.6,1.0,2.0,3.0,1.0,0.0,0.0,4.0,0.0,0.04,0.08,0.13,0.04,0.13,23.6,1.0,12.0,1.0,8.3,0.51,0.04,0.08,1.0,0.0,0.0,64.0,69.5,25,76.0,10,8,27.0,0,1.58,41.0,28.0,13.0,0.55,0.74,0.0,23.0,26.0,3.0,18.0,27.0,37.0,,,0.0,,,,,,,,,,,,,,,
FRA-Ligue 1,2526,Strasbourg,Samuel Amo-Ameyaw,ENG,"MF,DF",19.0,2006.0,25.0,9.0,1047.0,11.6,2.0,2.0,4.0,2.0,0.0,0.0,2.0,0.0,0.17,0.17,0.34,0.17,0.34,11.6,2.0,17.0,5.0,29.4,1.46,0.43,0.12,0.4,0.0,0.0,42.0,34.2,9,77.0,5,16,22.0,5,1.4,13.0,18.0,-5.0,-0.43,-1.15,0.0,15.0,26.0,2.0,50.0,3.0,12.0,,,0.0,,,,,,,,,,,,,,,
FRA-Ligue 1,2526,Strasbourg,Sebastian Nanasi,SWE,MF,23.0,2002.0,19.0,11.0,1050.0,11.7,7.0,2.0,9.0,7.0,0.0,0.0,0.0,0.0,0.6,0.17,0.77,0.6,0.77,11.7,7.0,19.0,11.0,57.9,1.63,0.94,0.37,0.64,0.0,0.0,55.0,34.3,11,80.0,5,8,21.0,9,1.63,24.0,17.0,7.0,0.6,0.42,0.0,8.0,3.0,1.0,24.0,5.0,4.0,,,0.0,,,,,,,,,,,,,,,
FRA-Ligue 1,2526,Strasbourg,Tyrese Noubissié,FRA,MF,16.0,2009.0,4.0,0.0,58.0,0.6,0.0,0.0,0.0,0.0,0.0,0.0,1.0,0.0,0.0,0.0,0.0,0.0,0.0,0.6,0.0,0.0,0.0,,0.0,0.0,,,0.0,0.0,15.0,1.9,0,,0,4,15.0,3,1.75,3.0,0.0,3.0,4.66,4.42,0.0,2.0,1.0,0.0,1.0,2.0,0.0,,,0.0,,,,,,,,,,,,,,,
FRA-Ligue 1,2526,Strasbourg,Valentín Barco,ARG,MF,21.0,2004.0,27.0,24.0,2168.0,24.1,2.0,4.0,6.0,2.0,0.0,0.0,5.0,1.0,0.08,0.17,0.25,0.08,0.25,24.1,2.0,27.0,10.0,37.0,1.12,0.42,0.07,0.2,0.0,0.0,80.0,70.8,24,86.0,18,3,36.0,0,1.81,45.0,33.0,12.0,0.5,0.6,0.0,24.0,61.0,2.0,103.0,14.0,33.0,,,0.0,,,,,,,,,,,,,,,
FRA-Ligue 1,2526,Strasbourg,Yaya Diémé,SEN,FW,17.0,2007.0,3.0,2.0,154.0,1.7,0.0,0.0,0.0,0.0,0.0,0.0,2.0,0.0,0.0,0.0,0.0,0.0,0.0,1.7,0.0,2.0,1.0,50.0,1.17,0.58,0.0,0.0,0.0,0.0,51.0,5.0,2,73.0,0,1,9.0,1,1.33,2.0,2.0,0.0,0.0,-0.34,0.0,4.0,1.0,1.0,1.0,0.0,0.0,,,0.0,,,,,,,,,,,,,,,
FRA-Ligue 1,2526,Toulouse,Alexis Vossah,FRA,MF,17.0,2008.0,23.0,12.0,1092.0,12.1,1.0,1.0,2.0,1.0,0.0,0.0,5.0,1.0,0.08,0.08,0.16,0.08,0.16,12.1,1.0,9.0,2.0,22.2,0.74,0.16,0.11,0.5,0.0,0.0,47.0,36.8,12,73.0,2,11,20.0,7,1.39,22.0,15.0,7.0,0.58,0.86,0.0,18.0,10.0,0.0,6.0,7.0,7.0,,,0.0,,,,,,,,,,,,,,,
FRA-Ligue 1,2526,Toulouse,Aron Dønnum,NOR,MF,27.0,1998.0,28.0,28.0,2419.0,26.9,4.0,4.0,8.0,1.0,3.0,3.0,10.0,1.0,0.15,0.15,0.3,0.04,0.19,26.9,4.0,40.0,14.0,35.0,1.49,0.52,0.1,0.29,3.0,3.0,86.0,81.4,28,86.0,23,0,,0,1.29,41.0,37.0,4.0,0.15,0.64,1.0,42.0,38.0,0.0,140.0,29.0,29.0,,,0.0,,,,,,,,,,,,,,,
FRA-Ligue 1,2526,Toulouse,Charlie Cresswell,ENG,DF,22.0,2002.0,29.0,28.0,2533.0,28.1,3.0,2.0,5.0,3.0,0.0,0.0,8.0,0.0,0.11,0.07,0.18,0.11,0.18,28.1,3.0,38.0,12.0,31.6,1.35,0.43,0.08,0.25,0.0,0.0,87.0,85.3,28,89.0,27,1,32.0,0,1.31,41.0,35.0,6.0,0.21,1.24,0.0,31.0,15.0,4.0,2.0,30.0,14.0,,,0.0,,,,,,,,,,,,,,,
FRA-Ligue 1,2526,Toulouse,Cristian Cásseres Jr.,VEN,MF,25.0,2000.0,30.0,28.0,2495.0,27.7,2.0,3.0,5.0,2.0,0.0,1.0,6.0,0.0,0.07,0.11,0.18,0.07,0.18,27.7,2.0,26.0,6.0,23.1,0.94,0.22,0.08,0.33,0.0,1.0,83.0,84.0,28,87.0,22,2,32.0,0,1.26,35.0,38.0,-3.0,-0.11,-0.87,0.0,39.0,42.0,1.0,98.0,37.0,42.0,,,0.0,,,,,,,,,,,,,,,
FRA-Ligue 1,2526,Toulouse,Dayann Methalie,FRA,MF,19.0,2006.0,27.0,22.0,1871.0,20.8,2.0,1.0,3.0,2.0,0.0,0.0,9.0,0.0,0.1,0.05,0.14,0.1,0.14,20.8,2.0,15.0,7.0,46.7,0.72,0.34,0.13,0.29,0.0,0.0,69.0,63.0,22,79.0,6,5,27.0,0,1.14,21.0,29.0,-8.0,-0.38,-1.12,0.0,57.0,11.0,1.0,43.0,23.0,30.0,,,0.0,,,,,,,,,,,,,,,
FRA-Ligue 1,2526,Toulouse,Djibril Sidibé,FRA,"MF,DF",33.0,1992.0,32.0,25.0,2141.0,23.8,3.0,4.0,7.0,2.0,1.0,2.0,1.0,0.0,0.13,0.17,0.29,0.08,0.25,23.8,3.0,8.0,5.0,62.5,0.34,0.21,0.38,0.6,1.0,2.0,67.0,72.1,25,82.0,12,7,14.0,1,1.33,31.0,34.0,-3.0,-0.13,-0.56,0.0,29.0,14.0,5.0,57.0,18.0,32.0,,,0.0,,,,,,,,,,,,,,,
FRA-Ligue 1,2526,Toulouse,Emersonn,BRA,FW,21.0,2004.0,27.0,18.0,1499.0,16.7,6.0,2.0,8.0,6.0,0.0,0.0,5.0,1.0,0.36,0.12,0.48,0.36,0.48,16.7,6.0,51.0,19.0,37.3,3.06,1.14,0.12,0.32,0.0,0.0,56.0,50.5,18,69.0,3,9,29.0,0,1.18,20.0,18.0,2.0,0.12,0.18,0.0,40.0,10.0,5.0,8.0,7.0,8.0,,,0.0,,,,,,,,,,,,,,,
FRA-Ligue 1,2526,Toulouse,Francis Abu,GHA,MF,24.0,2001.0,8.0,7.0,526.0,5.8,0.0,0.0,0.0,0.0,0.0,0.0,2.0,0.0,0.0,0.0,0.0,0.0,0.0,5.8,0.0,6.0,0.0,0.0,1.03,0.0,0.0,,0.0,0.0,66.0,17.7,7,69.0,1,1,45.0,3,1.13,10.0,7.0,3.0,0.51,0.59,0.0,5.0,4.0,0.0,0.0,8.0,12.0,,,0.0,,,,,,,,,,,,,,,
FRA-Ligue 1,2526,Toulouse,Frank Magri,CMR,"FW,MF",25.0,1999.0,17.0,16.0,1253.0,13.9,5.0,1.0,6.0,5.0,0.0,1.0,3.0,0.0,0.36,0.07,0.43,0.36,0.43,13.9,5.0,33.0,12.0,36.4,2.37,0.86,0.15,0.42,0.0,1.0,74.0,42.2,16,77.0,3,1,28.0,0,1.53,18.0,17.0,1.0,0.07,0.07,0.0,28.0,22.0,3.0,15.0,3.0,3.0,,,0.0,,,,,,,,,,,,,,,
FRA-Ligue 1,2526,Toulouse,Guillaume Restes,FRA,GK,20.0,2005.0,33.0,33.0,2939.0,32.7,0.0,0.0,0.0,0.0,0.0,0.0,3.0,0.0,0.0,0.0,0.0,0.0,0.0,32.7,0.0,0.0,0.0,,0.0,0.0,,,0.0,0.0,89.0,99.0,33,89.0,32,0,,0,1.32,46.0,45.0,1.0,0.03,0.03,0.0,0.0,8.0,0.0,0.0,1.0,0.0,,,0.0,45.0,1.38,129.0,84.0,65.1,12.0,8.0,13.0,9.0,27.3,5.0,5.0,0.0,0.0,0.0
FRA-Ligue 1,2526,Toulouse,Ilyas Azizi,FRA,FW,17.0,2008.0,3.0,0.0,29.0,0.3,0.0,0.0,0.0,0.0,0.0,0.0,0.0,0.0,0.0,0.0,0.0,0.0,0.0,0.3,0.0,1.0,0.0,0.0,3.1,0.0,0.0,,0.0,0.0,10.0,1.0,0,,0,3,10.0,4,1.33,2.0,1.0,1.0,3.1,3.1,0.0,0.0,0.0,0.0,2.0,0.0,1.0,,,0.0,,,,,,,,,,,,,,,
FRA-Ligue 1,2526,Toulouse,Jacen Russell-Rowe,CAN,FW,22.0,2002.0,13.0,5.0,472.0,5.2,1.0,0.0,1.0,1.0,0.0,0.0,0.0,0.0,0.19,0.0,0.19,0.19,0.19,5.2,1.0,11.0,4.0,36.4,2.1,0.76,0.09,0.25,0.0,0.0,36.0,15.9,5,64.0,0,8,19.0,1,1.08,7.0,10.0,-3.0,-0.57,-0.72,0.0,9.0,1.0,1.0,3.0,1.0,3.0,,,0.0,,,,,,,,,,,,,,,
FRA-Ligue 1,2526,Toulouse,Jaydee Canvot,FRA,"MF,DF",19.0,2006.0,2.0,2.0,180.0,2.0,0.0,0.0,0.0,0.0,0.0,0.0,1.0,0.0,0.0,0.0,0.0,0.0,0.0,2.0,0.0,2.0,0.0,0.0,1.0,0.0,0.0,,0.0,0.0,90.0,6.1,2,90.0,2,0,,0,3.0,3.0,0.0,3.0,1.5,1.56,0.0,1.0,0.0,0.0,0.0,0.0,1.0,,,0.0,,,,,,,,,,,,,,,
FRA-Ligue 1,2526,Toulouse,Julián Vignolo,ARG,MF,18.0,2006.0,13.0,1.0,195.0,2.2,2.0,0.0,2.0,2.0,0.0,0.0,0.0,0.0,0.92,0.0,0.92,0.92,0.92,2.2,2.0,8.0,7.0,87.5,3.69,3.23,0.25,0.29,0.0,0.0,15.0,6.6,1,45.0,0,12,13.0,20,1.15,4.0,4.0,0.0,0.0,-0.03,0.0,3.0,1.0,0.0,10.0,0.0,3.0,,,0.0,,,,,,,,,,,,,,,
FRA-Ligue 1,2526,Toulouse,Kjetil Haug,NOR,GK,27.0,1998.0,1.0,0.0,31.0,0.3,0.0,0.0,0.0,0.0,0.0,0.0,0.0,0.0,0.0,0.0,0.0,0.0,0.0,0.3,0.0,0.0,0.0,,0.0,0.0,,,0.0,0.0,31.0,1.0,0,,0,1,31.0,32,3.0,1.0,1.0,0.0,0.0,-0.03,0.0,0.0,0.0,0.0,0.0,0.0,0.0,,,0.0,1.0,2.9,2.0,1.0,50.0,0.0,0.0,0.0,0.0,,0.0,0.0,0.0,0.0,
FRA-Ligue 1,2526,Toulouse,Mario Sauer,SVK,MF,21.0,2004.0,25.0,6.0,651.0,7.2,1.0,0.0,1.0,1.0,0.0,0.0,4.0,0.0,0.14,0.0,0.14,0.14,0.14,7.2,1.0,14.0,3.0,21.4,1.94,0.41,0.07,0.33,0.0,0.0,26.0,21.9,6,64.0,1,19,14.0,5,1.2,11.0,16.0,-5.0,-0.69,-0.92,0.0,12.0,3.0,0.0,7.0,10.0,6.0,,,0.0,,,,,,,,,,,,,,,
FRA-Ligue 1,2526,Toulouse,Mark McKenzie,USA,DF,26.0,1999.0,29.0,27.0,2404.0,26.7,0.0,2.0,2.0,0.0,0.0,0.0,7.0,1.0,0.0,0.07,0.07,0.0,0.07,26.7,0.0,6.0,1.0,16.7,0.22,0.04,0.0,0.0,0.0,0.0,83.0,80.9,27,88.0,24,2,19.0,0,1.33,37.0,38.0,-1.0,-0.04,-0.36,0.0,35.0,12.0,1.0,4.0,25.0,30.0,,,0.0,,,,,,,,,,,,,,,
FRA-Ligue 1,2526,Toulouse,Mathis Saka,FRA,FW,18.0,2006.0,1.0,0.0,8.0,0.1,0.0,0.0,0.0,0.0,0.0,0.0,0.0,0.0,0.0,0.0,0.0,0.0,0.0,0.1,0.0,0.0,0.0,,0.0,0.0,,,0.0,0.0,8.0,0.3,0,,0,1,8.0,2,3.0,0.0,0.0,0.0,0.0,-0.03,0.0,1.0,0.0,0.0,0.0,0.0,0.0,,,0.0,,,,,,,,,,,,,,,
FRA-Ligue 1,2526,Toulouse,Noah Edjouma,FRA,FW,19.0,2005.0,12.0,2.0,256.0,2.8,0.0,0.0,0.0,0.0,0.0,0.0,0.0,0.0,0.0,0.0,0.0,0.0,0.0,2.8,0.0,8.0,3.0,37.5,2.81,1.05,0.0,0.0,0.0,0.0,21.0,8.6,2,61.0,0,10,13.0,8,1.42,4.0,2.0,2.0,0.7,0.74,0.0,4.0,4.0,0.0,12.0,3.0,3.0,,,0.0,,,,,,,,,,,,,,,
FRA-Ligue 1,2526,Toulouse,Pape Demba Diop,SEN,MF,21.0,2003.0,15.0,13.0,1181.0,13.1,1.0,2.0,3.0,1.0,0.0,0.0,2.0,0.0,0.08,0.15,0.23,0.08,0.23,13.1,1.0,29.0,11.0,37.9,2.21,0.84,0.03,0.09,0.0,0.0,79.0,39.8,13,85.0,6,2,38.0,0,1.19,17.0,21.0,-4.0,-0.3,-0.56,0.0,15.0,17.0,0.0,14.0,29.0,20.0,,,0.0,,,,,,,,,,,,,,,
FRA-Ligue 1,2526,Toulouse,Rafik Messali,FRA,MF,22.0,2003.0,12.0,5.0,502.0,5.6,0.0,0.0,0.0,0.0,0.0,0.0,2.0,0.0,0.0,0.0,0.0,0.0,0.0,5.6,0.0,0.0,0.0,,0.0,0.0,,,0.0,0.0,42.0,16.9,5,70.0,2,7,22.0,1,1.25,8.0,2.0,6.0,1.08,1.26,0.0,11.0,9.0,0.0,9.0,12.0,6.0,,,0.0,,,,,,,,,,,,,,,
FRA-Ligue 1,2526,Toulouse,Rasmus Nicolaisen,DEN,DF,28.0,1997.0,32.0,30.0,2564.0,28.5,1.0,0.0,1.0,1.0,0.0,0.0,4.0,0.0,0.04,0.0,0.04,0.04,0.04,28.5,1.0,15.0,5.0,33.3,0.53,0.18,0.07,0.2,0.0,0.0,80.0,86.3,30,84.0,24,2,15.0,0,1.36,43.0,41.0,2.0,0.07,0.29,0.0,28.0,21.0,1.0,2.0,40.0,16.0,,,0.0,,,,,,,,,,,,,,,
FRA-Ligue 1,2526,Toulouse,Santiago Hidalgo,ARG,"MF,FW",20.0,2005.0,28.0,14.0,1306.0,14.5,4.0,6.0,10.0,4.0,0.0,0.0,4.0,0.0,0.28,0.41,0.69,0.28,0.69,14.5,4.0,33.0,13.0,39.4,2.27,0.9,0.12,0.31,0.0,0.0,47.0,44.0,14,74.0,3,14,20.0,4,1.45,28.0,15.0,13.0,0.9,1.54,0.0,41.0,30.0,8.0,12.0,8.0,20.0,,,0.0,,,,,,,,,,,,,,,
FRA-Ligue 1,2526,Toulouse,Seny Koumbassa,FRA,DF,18.0,2007.0,9.0,4.0,444.0,4.9,1.0,0.0,1.0,1.0,0.0,0.0,0.0,0.0,0.2,0.0,0.2,0.2,0.2,4.9,1.0,3.0,1.0,33.3,0.61,0.2,0.33,1.0,0.0,0.0,49.0,14.9,4,90.0,4,5,17.0,23,1.3,7.0,12.0,-5.0,-1.01,-1.23,0.0,1.0,0.0,0.0,0.0,4.0,6.0,,,0.0,,,,,,,,,,,,,,,
FRA-Ligue 1,2526,Toulouse,Warren Kamanzi,NOR,MF,24.0,2000.0,24.0,7.0,870.0,9.7,1.0,1.0,2.0,1.0,0.0,0.0,1.0,0.0,0.1,0.1,0.21,0.1,0.21,9.7,1.0,12.0,2.0,16.7,1.24,0.21,0.08,0.5,0.0,0.0,36.0,29.3,7,74.0,2,17,21.0,10,1.33,19.0,20.0,-1.0,-0.1,-0.19,0.0,8.0,8.0,1.0,12.0,7.0,11.0,,,0.0,,,,,,,,,,,,,,,
FRA-Ligue 1,2526,Toulouse,Yann Gboho,FRA,"MF,FW",24.0,2001.0,31.0,30.0,2601.0,28.9,8.0,3.0,11.0,8.0,0.0,0.0,1.0,1.0,0.28,0.1,0.38,0.28,0.38,28.9,8.0,57.0,16.0,28.1,1.97,0.55,0.14,0.5,0.0,0.0,84.0,87.6,30,85.0,21,1,45.0,0,1.34,41.0,37.0,4.0,0.14,0.87,0.0,16.0,69.0,5.0,33.0,13.0,19.0,,,0.0,,,,,,,,,,,,,,,
ITA-Serie A,2526,Atalanta,Ademola Lookman,NGA,"FW,MF",27.0,1997.0,12.0,9.0,795.0,8.8,2.0,0.0,2.0,2.0,0.0,0.0,0.0,0.0,0.23,0.0,0.23,0.23,0.23,8.8,2.0,27.0,8.0,29.6,3.06,0.91,0.07,0.25,0.0,0.0,66.0,23.2,9,83.0,4,3,16.0,1,1.33,10.0,13.0,-3.0,-0.34,-0.96,0.0,10.0,8.0,4.0,21.0,3.0,3.0,,,0.0,,,,,,,,,,,,,,,
ITA-Serie A,2526,Atalanta,Berat Djimsiti,ALB,DF,32.0,1993.0,34.0,29.0,2525.0,28.1,0.0,0.0,0.0,0.0,0.0,0.0,4.0,0.0,0.0,0.0,0.0,0.0,0.0,28.1,0.0,16.0,2.0,12.5,0.57,0.07,0.0,0.0,0.0,0.0,74.0,73.8,29,83.0,23,5,23.0,1,1.44,32.0,25.0,7.0,0.25,-0.55,0.0,17.0,8.0,0.0,2.0,42.0,30.0,,,0.0,,,,,,,,,,,,,,,
ITA-Serie A,2526,Atalanta,Charles De Ketelaere,BEL,"MF,FW",24.0,2001.0,31.0,26.0,2177.0,24.2,3.0,5.0,8.0,3.0,0.0,0.0,4.0,0.0,0.12,0.21,0.33,0.12,0.33,24.2,3.0,46.0,16.0,34.8,1.9,0.66,0.07,0.19,0.0,0.0,70.0,63.7,26,79.0,10,5,27.0,0,1.45,33.0,20.0,13.0,0.54,0.39,0.0,23.0,36.0,3.0,46.0,5.0,15.0,,,0.0,,,,,,,,,,,,,,,
ITA-Serie A,2526,Atalanta,Daniel Maldini,ITA,MF,23.0,2001.0,9.0,3.0,264.0,2.9,0.0,0.0,0.0,0.0,0.0,0.0,1.0,0.0,0.0,0.0,0.0,0.0,0.0,2.9,0.0,8.0,2.0,25.0,2.73,0.68,0.0,0.0,0.0,0.0,29.0,7.7,3,63.0,0,6,13.0,12,1.78,1.0,2.0,-1.0,-0.34,-0.8,0.0,4.0,7.0,0.0,10.0,0.0,2.0,,,0.0,,,,,,,,,,,,,,,
ITA-Serie A,2526,Atalanta,Davide Zappacosta,ITA,MF,33.0,1992.0,35.0,30.0,2569.0,28.5,3.0,3.0,6.0,3.0,0.0,0.0,3.0,0.0,0.11,0.11,0.21,0.11,0.21,28.5,3.0,37.0,9.0,24.3,1.3,0.32,0.08,0.33,0.0,0.0,73.0,75.1,30,79.0,15,5,37.0,3,1.54,41.0,24.0,17.0,0.6,0.81,0.0,18.0,8.0,7.0,107.0,18.0,14.0,,,0.0,,,,,,,,,,,,,,,
ITA-Serie A,2526,Atalanta,Dominic Vavassori,ITA,FW,19.0,2005.0,1.0,0.0,10.0,0.1,0.0,0.0,0.0,0.0,0.0,0.0,0.0,0.0,0.0,0.0,0.0,0.0,0.0,0.1,0.0,0.0,0.0,,0.0,0.0,,,0.0,0.0,10.0,0.3,0,,0,1,10.0,5,1.0,1.0,0.0,1.0,9.0,8.63,0.0,1.0,1.0,0.0,0.0,0.0,0.0,,,0.0,,,,,,,,,,,,,,,
ITA-Serie A,2526,Atalanta,Giacomo Raspadori,ITA,"MF,FW",25.0,2000.0,13.0,7.0,796.0,8.8,3.0,1.0,4.0,3.0,0.0,0.0,0.0,0.0,0.34,0.11,0.45,0.34,0.45,8.8,3.0,28.0,11.0,39.3,3.17,1.24,0.11,0.27,0.0,0.0,61.0,23.3,7,84.0,5,6,34.0,1,1.69,16.0,8.0,8.0,0.9,0.66,0.0,7.0,6.0,1.0,44.0,1.0,3.0,,,0.0,,,,,,,,,,,,,,,
ITA-Serie A,2526,Atalanta,Gianluca Scamacca,ITA,FW,26.0,1999.0,24.0,16.0,1315.0,14.6,10.0,1.0,11.0,8.0,2.0,2.0,2.0,0.0,0.68,0.07,0.75,0.55,0.62,14.6,10.0,57.0,22.0,38.6,3.9,1.51,0.18,0.45,2.0,2.0,55.0,38.5,16,67.0,5,8,30.0,7,1.25,20.0,14.0,6.0,0.41,0.03,0.0,26.0,19.0,8.0,0.0,3.0,5.0,,,0.0,,,,,,,,,,,,,,,
ITA-Serie A,2526,Atalanta,Giorgio Scalvini,ITA,DF,21.0,2003.0,24.0,23.0,1808.0,20.1,3.0,1.0,4.0,3.0,0.0,0.0,2.0,0.0,0.15,0.05,0.2,0.15,0.2,20.1,3.0,20.0,6.0,30.0,1.0,0.3,0.15,0.5,0.0,0.0,75.0,52.9,23,78.0,12,1,24.0,5,1.75,29.0,15.0,14.0,0.7,0.64,0.0,31.0,10.0,2.0,5.0,38.0,23.0,,,0.0,,,,,,,,,,,,,,,
ITA-Serie A,2526,Atalanta,Honest Ahanor,ITA,DF,17.0,2008.0,22.0,15.0,1377.0,15.3,0.0,0.0,0.0,0.0,0.0,0.0,2.0,1.0,0.0,0.0,0.0,0.0,0.0,15.3,0.0,13.0,4.0,30.8,0.85,0.26,0.0,0.0,0.0,0.0,63.0,40.3,15,74.0,10,7,38.0,14,1.64,17.0,15.0,2.0,0.13,-0.44,0.0,24.0,28.0,0.0,2.0,24.0,20.0,,,0.0,,,,,,,,,,,,,,,
ITA-Serie A,2526,Atalanta,Isak Hien,SWE,DF,26.0,1999.0,28.0,20.0,1970.0,21.9,1.0,0.0,1.0,1.0,0.0,0.0,5.0,0.0,0.05,0.0,0.05,0.05,0.05,21.9,1.0,9.0,3.0,33.3,0.41,0.14,0.11,0.33,0.0,0.0,70.0,57.6,20,87.0,18,8,30.0,4,1.57,28.0,24.0,4.0,0.18,-0.5,0.0,36.0,21.0,0.0,0.0,29.0,34.0,,,1.0,,,,,,,,,,,,,,,
ITA-Serie A,2526,Atalanta,Kamaldeen Sulemana,GHA,MF,23.0,2002.0,25.0,9.0,1011.0,11.2,2.0,1.0,3.0,2.0,0.0,0.0,4.0,0.0,0.18,0.09,0.27,0.18,0.27,11.2,2.0,25.0,10.0,40.0,2.23,0.89,0.08,0.2,0.0,0.0,40.0,29.6,9,70.0,1,16,24.0,9,1.52,17.0,12.0,5.0,0.45,0.07,0.0,14.0,14.0,5.0,22.0,2.0,5.0,,,0.0,,,,,,,,,,,,,,,
ITA-Serie A,2526,Atalanta,Lazar Samardzic,SRB,MF,23.0,2002.0,26.0,11.0,1030.0,11.4,2.0,1.0,3.0,2.0,0.0,0.0,1.0,0.0,0.17,0.09,0.26,0.17,0.26,11.4,2.0,25.0,9.0,36.0,2.18,0.79,0.08,0.22,0.0,0.0,40.0,30.1,11,69.0,3,15,18.0,12,1.5,16.0,14.0,2.0,0.17,-0.31,0.0,17.0,10.0,1.0,68.0,10.0,8.0,,,0.0,,,,,,,,,,,,,,,
ITA-Serie A,2526,Atalanta,Lorenzo Bernasconi,ITA,MF,21.0,2003.0,23.0,17.0,1572.0,17.5,0.0,3.0,3.0,0.0,0.0,0.0,3.0,0.0,0.0,0.17,0.17,0.0,0.17,17.5,0.0,9.0,1.0,11.1,0.52,0.06,0.0,0.0,0.0,0.0,68.0,46.0,17,83.0,13,6,26.0,10,1.91,22.0,9.0,13.0,0.74,0.65,0.0,8.0,5.0,3.0,113.0,14.0,16.0,,,0.0,,,,,,,,,,,,,,,
ITA-Serie A,2526,Atalanta,Marco Brescianini,ITA,MF,25.0,2000.0,9.0,0.0,182.0,2.0,1.0,0.0,1.0,1.0,0.0,0.0,1.0,0.0,0.49,0.0,0.49,0.49,0.49,2.0,1.0,3.0,2.0,66.7,1.48,0.99,0.33,0.5,0.0,0.0,20.0,5.3,0,,0,9,20.0,10,1.56,5.0,1.0,4.0,1.98,1.67,0.0,4.0,2.0,0.0,6.0,2.0,8.0,,,0.0,,,,,,,,,,,,,,,
ITA-Serie A,2526,Atalanta,Marco Carnesecchi,ITA,GK,25.0,2000.0,37.0,37.0,3330.0,37.0,0.0,0.0,0.0,0.0,0.0,0.0,0.0,0.0,0.0,0.0,0.0,0.0,0.0,37.0,0.0,0.0,0.0,,0.0,0.0,,,0.0,0.0,90.0,97.4,37,90.0,37,0,,1,1.57,50.0,35.0,15.0,0.41,0.41,0.0,1.0,6.0,0.0,1.0,0.0,0.0,,,0.0,35.0,0.95,148.0,112.0,76.4,15.0,13.0,9.0,13.0,35.1,4.0,2.0,2.0,0.0,50.0
ITA-Serie A,2526,Atalanta,Marco Sportiello,ITA,GK,33.0,1992.0,1.0,1.0,90.0,1.0,0.0,0.0,0.0,0.0,0.0,0.0,0.0,0.0,0.0,0.0,0.0,0.0,0.0,1.0,0.0,0.0,0.0,,0.0,0.0,,,0.0,0.0,90.0,2.6,1,90.0,1,0,,37,1.0,1.0,1.0,0.0,0.0,-0.41,0.0,0.0,0.0,0.0,0.0,0.0,0.0,,,0.0,1.0,1.0,4.0,3.0,75.0,0.0,1.0,0.0,0.0,0.0,0.0,0.0,0.0,0.0,
ITA-Serie A,2526,Atalanta,Mario Pašalić,CRO,MF,30.0,1995.0,33.0,21.0,1936.0,21.5,3.0,4.0,7.0,3.0,0.0,0.0,3.0,0.0,0.14,0.19,0.33,0.14,0.33,21.5,3.0,24.0,6.0,25.0,1.12,0.28,0.13,0.5,0.0,0.0,59.0,56.6,21,80.0,13,12,21.0,4,1.39,26.0,28.0,-2.0,-0.09,-1.12,0.0,22.0,6.0,1.0,11.0,13.0,18.0,,,0.0,,,,,,,,,,,,,,,
ITA-Serie A,2526,Atalanta,Marten de Roon,NED,MF,34.0,1991.0,34.0,32.0,2691.0,29.9,1.0,2.0,3.0,1.0,0.0,0.0,8.0,1.0,0.03,0.07,0.1,0.03,0.1,29.9,1.0,16.0,4.0,25.0,0.54,0.13,0.06,0.25,0.0,0.0,79.0,78.7,32,82.0,18,2,35.0,1,1.62,42.0,27.0,15.0,0.5,0.5,1.0,37.0,11.0,0.0,13.0,26.0,44.0,,,0.0,,,,,,,,,,,,,,,
ITA-Serie A,2526,Atalanta,Mitchel Bakker,NED,"DF,MF",25.0,2000.0,1.0,0.0,9.0,0.1,0.0,0.0,0.0,0.0,0.0,0.0,0.0,0.0,0.0,0.0,0.0,0.0,0.0,0.1,0.0,0.0,0.0,,0.0,0.0,,,0.0,0.0,9.0,0.3,0,,0,1,9.0,14,0.0,0.0,0.0,0.0,0.0,-0.4,0.0,0.0,0.0,0.0,0.0,0.0,0.0,,,0.0,,,,,,,,,,,,,,,
ITA-Serie A,2526,Atalanta,Nicola Zalewski,POL,MF,23.0,2002.0,33.0,24.0,1897.0,21.1,2.0,4.0,6.0,2.0,0.0,0.0,3.0,0.0,0.09,0.19,0.28,0.09,0.28,21.1,2.0,38.0,7.0,18.4,1.8,0.33,0.05,0.29,0.0,0.0,57.0,55.5,24,69.0,5,9,28.0,3,1.64,29.0,13.0,16.0,0.76,0.82,0.0,21.0,51.0,3.0,124.0,16.0,20.0,,,0.0,,,,,,,,,,,,,,,
ITA-Serie A,2526,Atalanta,Nikola Krstović,MNE,FW,25.0,2000.0,33.0,18.0,1791.0,19.9,10.0,5.0,15.0,10.0,0.0,0.0,4.0,0.0,0.5,0.25,0.75,0.5,0.75,19.9,10.0,99.0,34.0,34.3,4.97,1.71,0.1,0.29,0.0,0.0,54.0,52.4,18,77.0,8,15,27.0,5,1.64,32.0,16.0,16.0,0.8,0.86,0.0,45.0,27.0,27.0,5.0,3.0,12.0,,,0.0,,,,,,,,,,,,,,,
ITA-Serie A,2526,Atalanta,Odilon Kossounou,CIV,DF,24.0,2001.0,19.0,10.0,988.0,11.0,1.0,0.0,1.0,1.0,0.0,0.0,1.0,0.0,0.09,0.0,0.09,0.09,0.09,11.0,1.0,5.0,1.0,20.0,0.46,0.09,0.2,1.0,0.0,0.0,52.0,28.9,10,76.0,5,9,26.0,10,1.58,16.0,11.0,5.0,0.46,0.09,0.0,16.0,3.0,1.0,2.0,10.0,14.0,,,0.0,,,,,,,,,,,,,,,
ITA-Serie A,2526,Atalanta,Raoul Bellanova,ITA,MF,25.0,2000.0,24.0,15.0,1377.0,15.3,0.0,1.0,1.0,0.0,0.0,0.0,2.0,0.0,0.0,0.07,0.07,0.0,0.07,15.3,0.0,13.0,5.0,38.5,0.85,0.33,0.0,0.0,0.0,0.0,57.0,40.3,15,75.0,9,9,29.0,4,1.38,19.0,26.0,-7.0,-0.46,-1.43,0.0,5.0,12.0,2.0,84.0,10.0,9.0,,,0.0,,,,,,,,,,,,,,,
ITA-Serie A,2526,Atalanta,Sead Kolašinac,BIH,DF,32.0,1993.0,19.0,15.0,1212.0,13.5,0.0,0.0,0.0,0.0,0.0,0.0,3.0,0.0,0.0,0.0,0.0,0.0,0.0,13.5,0.0,3.0,0.0,0.0,0.22,0.0,0.0,,0.0,0.0,64.0,35.4,15,73.0,4,4,30.0,8,1.74,23.0,16.0,7.0,0.52,0.19,0.0,22.0,10.0,1.0,3.0,11.0,18.0,,,0.0,,,,,,,,,,,,,,,
ITA-Serie A,2526,Atalanta,Yunus Musah,USA,MF,22.0,2002.0,19.0,4.0,574.0,6.4,1.0,0.0,1.0,1.0,0.0,0.0,1.0,0.0,0.16,0.0,0.16,0.16,0.16,6.4,1.0,7.0,2.0,28.6,1.1,0.31,0.14,0.5,0.0,0.0,30.0,16.8,4,70.0,2,15,20.0,17,1.79,5.0,9.0,-4.0,-0.63,-1.23,0.0,7.0,16.0,2.0,10.0,5.0,5.0,,,0.0,,,,,,,,,,,,,,,
ITA-Serie A,2526,Atalanta,Éderson Silva,BRA,MF,26.0,1999.0,30.0,26.0,2230.0,24.8,2.0,1.0,3.0,1.0,1.0,1.0,3.0,0.0,0.08,0.04,0.12,0.04,0.08,24.8,2.0,35.0,11.0,31.4,1.41,0.44,0.06,0.18,1.0,1.0,74.0,65.2,26,81.0,16,4,28.0,3,1.53,30.0,18.0,12.0,0.48,0.26,0.0,34.0,40.0,2.0,12.0,28.0,35.0,,,0.0,,,,,,,,,,,,,,,
ITA-Serie A,2526,Bologna,Babis Lykogiannis,GRE,DF,31.0,1993.0,10.0,7.0,627.0,7.0,0.0,1.0,1.0,0.0,0.0,0.0,3.0,0.0,0.0,0.14,0.14,0.0,0.14,7.0,0.0,7.0,2.0,28.6,1.0,0.29,0.0,0.0,0.0,0.0,63.0,18.3,7,81.0,4,3,19.0,23,0.7,5.0,8.0,-3.0,-0.43,-0.62,0.0,8.0,1.0,0.0,45.0,6.0,10.0,,,0.0,,,,,,,,,,,,,,,
ITA-Serie A,2526,Bologna,Benjamín Domínguez,ARG,MF,21.0,2003.0,15.0,6.0,547.0,6.1,0.0,3.0,3.0,0.0,0.0,0.0,1.0,0.0,0.0,0.49,0.49,0.0,0.49,6.1,0.0,12.0,2.0,16.7,1.97,0.33,0.0,0.0,0.0,0.0,36.0,16.0,6,67.0,1,9,16.0,19,1.6,9.0,6.0,3.0,0.49,0.49,0.0,6.0,18.0,3.0,7.0,2.0,2.0,,,0.0,,,,,,,,,,,,,,,
ITA-Serie A,2526,Bologna,Ciro Immobile,ITA,FW,35.0,1990.0,6.0,2.0,193.0,2.1,0.0,0.0,0.0,0.0,0.0,0.0,1.0,0.0,0.0,0.0,0.0,0.0,0.0,2.1,0.0,2.0,0.0,0.0,0.93,0.0,0.0,,0.0,0.0,32.0,5.6,2,51.0,0,4,23.0,4,0.83,2.0,3.0,-1.0,-0.47,-0.58,0.0,8.0,3.0,5.0,3.0,0.0,0.0,,,0.0,,,,,,,,,,,,,,,
ITA-Serie A,2526,Bologna,Eivind Helland,NOR,DF,20.0,2005.0,6.0,6.0,484.0,5.4,0.0,0.0,0.0,0.0,0.0,0.0,2.0,0.0,0.0,0.0,0.0,0.0,0.0,5.4,0.0,1.0,0.0,0.0,0.19,0.0,0.0,,0.0,0.0,81.0,14.2,6,81.0,2,0,,10,1.33,6.0,8.0,-2.0,-0.37,-0.53,0.0,5.0,1.0,0.0,0.0,7.0,5.0,,,0.0,,,,,,,,,,,,,,,
ITA-Serie A,2526,Bologna,Emil Holm,SWE,DF,25.0,2000.0,11.0,8.0,655.0,7.3,1.0,4.0,5.0,1.0,0.0,0.0,3.0,1.0,0.14,0.55,0.69,0.14,0.69,7.3,1.0,8.0,1.0,12.5,1.1,0.14,0.13,1.0,0.0,0.0,60.0,19.2,8,78.0,2,3,11.0,5,1.36,14.0,9.0,5.0,0.69,0.75,1.0,11.0,14.0,0.0,23.0,7.0,13.0,,,0.0,,,,,,,,,,,,,,,
ITA-Serie A,2526,Bologna,Federico Bernardeschi,ITA,"MF,FW",31.0,1994.0,29.0,12.0,1217.0,13.5,4.0,2.0,6.0,3.0,1.0,1.0,3.0,0.0,0.3,0.15,0.44,0.22,0.37,13.5,4.0,39.0,13.0,33.3,2.88,0.96,0.1,0.31,1.0,1.0,42.0,35.6,12,72.0,0,17,21.0,2,1.66,17.0,10.0,7.0,0.52,0.68,0.0,13.0,11.0,2.0,48.0,6.0,6.0,,,0.0,,,,,,,,,,,,,,,
ITA-Serie A,2526,Bologna,Federico Ravaglia,ITA,GK,25.0,1999.0,17.0,16.0,1470.0,16.3,0.0,0.0,0.0,0.0,0.0,0.0,4.0,0.0,0.0,0.0,0.0,0.0,0.0,16.3,0.0,0.0,0.0,,0.0,0.0,,,0.0,0.0,86.0,43.0,16,90.0,16,1,30.0,20,0.88,16.0,29.0,-13.0,-0.8,-1.53,0.0,2.0,3.0,0.0,0.0,0.0,1.0,,,0.0,29.0,1.78,81.0,52.0,64.2,4.0,3.0,9.0,2.0,12.5,2.0,2.0,0.0,0.0,0.0
ITA-Serie A,2526,Bologna,Giovanni Fabbian,ITA,MF,22.0,2003.0,14.0,8.0,705.0,7.8,2.0,0.0,2.0,2.0,0.0,0.0,0.0,0.0,0.26,0.0,0.26,0.26,0.26,7.8,2.0,14.0,4.0,28.6,1.79,0.51,0.14,0.5,0.0,0.0,50.0,20.6,8,72.0,1,6,21.0,7,1.43,10.0,7.0,3.0,0.38,0.38,0.0,13.0,18.0,2.0,2.0,5.0,4.0,,,0.0,,,,,,,,,,,,,,,
ITA-Serie A,2526,Bologna,Ibrahim Sulemana,GHA,MF,22.0,2003.0,3.0,0.0,45.0,0.5,0.0,0.0,0.0,0.0,0.0,0.0,1.0,0.0,0.0,0.0,0.0,0.0,0.0,0.5,0.0,0.0,0.0,,0.0,0.0,,,0.0,0.0,15.0,1.3,0,,0,3,15.0,12,1.33,1.0,1.0,0.0,0.0,-0.08,0.0,1.0,0.0,0.0,0.0,0.0,0.0,,,0.0,,,,,,,,,,,,,,,
ITA-Serie A,2526,Bologna,Jens Odgaard,DEN,MF,26.0,1999.0,26.0,16.0,1378.0,15.3,5.0,1.0,6.0,5.0,0.0,0.0,1.0,0.0,0.33,0.07,0.39,0.33,0.39,15.3,5.0,35.0,13.0,37.1,2.29,0.85,0.14,0.38,0.0,0.0,53.0,40.3,16,74.0,4,10,19.0,9,1.5,22.0,21.0,1.0,0.07,-0.02,0.0,28.0,28.0,5.0,15.0,4.0,12.0,,,0.0,,,,,,,,,,,,,,,
ITA-Serie A,2526,Bologna,Jhon Lucumí,COL,DF,27.0,1998.0,29.0,26.0,2287.0,25.4,1.0,0.0,1.0,1.0,0.0,0.0,5.0,0.0,0.04,0.0,0.04,0.04,0.04,25.4,1.0,8.0,2.0,25.0,0.31,0.08,0.13,0.5,0.0,0.0,79.0,66.9,26,85.0,23,3,22.0,4,1.48,33.0,28.0,5.0,0.2,0.36,0.0,23.0,19.0,1.0,1.0,30.0,22.0,,,0.0,,,,,,,,,,,,,,,
ITA-Serie A,2526,Bologna,Jonathan Rowe,ENG,"MF,FW",22.0,2003.0,28.0,17.0,1605.0,17.8,3.0,2.0,5.0,3.0,0.0,0.0,2.0,0.0,0.17,0.11,0.28,0.17,0.28,17.8,3.0,48.0,17.0,35.4,2.69,0.95,0.06,0.18,0.0,0.0,57.0,46.9,17,76.0,3,11,29.0,8,1.32,21.0,20.0,1.0,0.06,-0.04,0.0,23.0,50.0,4.0,53.0,9.0,14.0,,,0.0,,,,,,,,,,,,,,,
ITA-Serie A,2526,Bologna,João Mário Lopes,POR,"DF,MF",25.0,2000.0,10.0,10.0,735.0,8.2,1.0,0.0,1.0,1.0,0.0,0.0,1.0,0.0,0.12,0.0,0.12,0.12,0.12,8.2,1.0,4.0,2.0,50.0,0.49,0.24,0.25,0.5,0.0,0.0,74.0,21.5,10,74.0,3,0,,5,2.1,10.0,7.0,3.0,0.37,0.37,0.0,5.0,21.0,0.0,15.0,10.0,4.0,,,0.0,,,,,,,,,,,,,,,
ITA-Serie A,2526,Bologna,Juan Miranda,ESP,DF,25.0,2000.0,32.0,29.0,2573.0,28.6,1.0,3.0,4.0,1.0,0.0,0.0,6.0,0.0,0.03,0.1,0.14,0.03,0.14,28.6,1.0,13.0,5.0,38.5,0.45,0.17,0.08,0.2,0.0,0.0,80.0,75.2,29,87.0,25,3,20.0,2,1.63,42.0,36.0,6.0,0.21,0.53,0.0,25.0,35.0,3.0,171.0,33.0,31.0,,,0.0,,,,,,,,,,,,,,,
ITA-Serie A,2526,Bologna,Lewis Ferguson,SCO,MF,25.0,1999.0,27.0,17.0,1601.0,17.8,1.0,0.0,1.0,1.0,0.0,0.0,7.0,1.0,0.06,0.0,0.06,0.06,0.06,17.8,1.0,13.0,2.0,15.4,0.73,0.11,0.08,0.5,0.0,0.0,59.0,46.8,17,85.0,13,10,16.0,9,1.15,21.0,28.0,-7.0,-0.39,-0.89,1.0,34.0,26.0,3.0,25.0,12.0,16.0,,,0.0,,,,,,,,,,,,,,,
ITA-Serie A,2526,Bologna,Lorenzo De Silvestri,ITA,DF,37.0,1988.0,12.0,6.0,491.0,5.5,0.0,0.0,0.0,0.0,0.0,0.0,2.0,0.0,0.0,0.0,0.0,0.0,0.0,5.5,0.0,0.0,0.0,,0.0,0.0,,,0.0,0.0,41.0,14.4,6,61.0,0,6,21.0,23,1.58,8.0,4.0,4.0,0.73,0.76,0.0,9.0,3.0,0.0,7.0,7.0,1.0,,,0.0,,,,,,,,,,,,,,,
ITA-Serie A,2526,Bologna,Martin Vitík,CZE,DF,22.0,2003.0,19.0,14.0,1325.0,14.7,0.0,0.0,0.0,0.0,0.0,0.0,3.0,0.0,0.0,0.0,0.0,0.0,0.0,14.7,0.0,8.0,2.0,25.0,0.54,0.14,0.0,0.0,0.0,0.0,70.0,38.7,14,81.0,11,5,37.0,13,1.58,17.0,18.0,-1.0,-0.07,-0.24,0.0,23.0,4.0,0.0,2.0,8.0,22.0,,,0.0,,,,,,,,,,,,,,,
ITA-Serie A,2526,Bologna,Massimo Pessina,ITA,GK,17.0,2007.0,4.0,3.0,353.0,3.9,0.0,0.0,0.0,0.0,0.0,0.0,0.0,0.0,0.0,0.0,0.0,0.0,0.0,3.9,0.0,0.0,0.0,,0.0,0.0,,,0.0,0.0,88.0,10.3,3,90.0,3,1,83.0,33,2.5,7.0,2.0,5.0,1.27,1.33,0.0,0.0,1.0,0.0,0.0,0.0,0.0,,,0.0,2.0,0.51,9.0,7.0,77.8,2.0,1.0,0.0,3.0,100.0,0.0,0.0,0.0,0.0,
ITA-Serie A,2526,Bologna,Nadir Zortea,ITA,DF,26.0,1999.0,32.0,16.0,1819.0,20.2,0.0,2.0,2.0,0.0,0.0,0.0,2.0,0.0,0.0,0.1,0.1,0.0,0.1,20.2,0.0,11.0,1.0,9.1,0.54,0.05,0.0,0.0,0.0,0.0,57.0,53.2,16,87.0,11,16,27.0,6,1.31,20.0,27.0,-7.0,-0.35,-0.91,0.0,28.0,17.0,1.0,67.0,20.0,17.0,,,0.0,,,,,,,,,,,,,,,
ITA-Serie A,2526,Bologna,Nicolò Cambiaghi,ITA,"MF,FW",24.0,2000.0,28.0,17.0,1518.0,16.9,3.0,4.0,7.0,3.0,0.0,0.0,3.0,1.0,0.18,0.24,0.42,0.18,0.42,16.9,3.0,24.0,6.0,25.0,1.42,0.36,0.13,0.5,0.0,0.0,54.0,44.4,17,74.0,5,11,24.0,3,1.36,20.0,19.0,1.0,0.06,-0.04,0.0,32.0,71.0,5.0,63.0,9.0,20.0,,,0.0,,,,,,,,,,,,,,,
ITA-Serie A,2526,Bologna,Nicolò Casale,ITA,DF,27.0,1998.0,12.0,8.0,678.0,7.5,0.0,0.0,0.0,0.0,0.0,0.0,0.0,0.0,0.0,0.0,0.0,0.0,0.0,7.5,0.0,5.0,0.0,0.0,0.66,0.0,0.0,,0.0,0.0,57.0,19.8,8,72.0,5,4,25.0,15,1.25,10.0,13.0,-3.0,-0.4,-0.6,0.0,15.0,5.0,0.0,2.0,7.0,2.0,,,0.0,,,,,,,,,,,,,,,
ITA-Serie A,2526,Bologna,Nikola Moro,CRO,MF,27.0,1998.0,30.0,19.0,1799.0,20.0,2.0,0.0,2.0,2.0,0.0,0.0,1.0,0.0,0.1,0.0,0.1,0.1,0.1,20.0,2.0,21.0,2.0,9.5,1.05,0.1,0.1,1.0,0.0,0.0,60.0,52.6,19,80.0,10,11,26.0,8,1.7,27.0,17.0,10.0,0.5,0.89,0.0,18.0,17.0,1.0,49.0,19.0,8.0,,,0.0,,,,,,,,,,,,,,,
ITA-Serie A,2526,Bologna,Remo Freuler,SUI,MF,33.0,1992.0,29.0,26.0,2213.0,24.6,1.0,2.0,3.0,1.0,0.0,0.0,5.0,0.0,0.04,0.08,0.12,0.04,0.12,24.6,1.0,8.0,1.0,12.5,0.33,0.04,0.13,1.0,0.0,0.0,76.0,64.7,26,83.0,18,3,21.0,3,1.62,33.0,29.0,4.0,0.16,0.24,0.0,19.0,24.0,1.0,18.0,22.0,31.0,,,1.0,,,,,,,,,,,,,,,
ITA-Serie A,2526,Bologna,Riccardo Orsolini,ITA,"MF,FW",28.0,1997.0,35.0,26.0,2111.0,23.5,10.0,1.0,11.0,6.0,4.0,6.0,2.0,0.0,0.43,0.04,0.47,0.26,0.3,23.5,10.0,82.0,31.0,37.8,3.5,1.32,0.12,0.32,4.0,6.0,60.0,61.7,26,74.0,8,9,22.0,2,1.54,32.0,31.0,1.0,0.04,-0.09,0.0,21.0,44.0,18.0,41.0,7.0,15.0,,,0.0,,,,,,,,,,,,,,,
ITA-Serie A,2526,Bologna,Santiago Castro,ARG,FW,20.0,2004.0,35.0,26.0,2359.0,26.2,7.0,2.0,9.0,7.0,0.0,0.0,3.0,0.0,0.27,0.08,0.34,0.27,0.34,26.2,7.0,63.0,20.0,31.7,2.4,0.76,0.11,0.35,0.0,0.0,67.0,69.0,26,80.0,11,9,31.0,3,1.43,34.0,34.0,0.0,0.0,-0.25,0.0,35.0,50.0,12.0,4.0,1.0,8.0,,,0.0,,,,,,,,,,,,,,,
ITA-Serie A,2526,Bologna,Simon Sohm,SUI,MF,24.0,2001.0,12.0,9.0,717.0,8.0,0.0,0.0,0.0,0.0,0.0,0.0,1.0,0.0,0.0,0.0,0.0,0.0,0.0,8.0,0.0,4.0,1.0,25.0,0.5,0.13,0.0,0.0,0.0,0.0,60.0,21.0,9,74.0,2,3,18.0,5,1.83,8.0,7.0,1.0,0.13,0.06,0.0,9.0,3.0,3.0,2.0,3.0,5.0,,,0.0,,,,,,,,,,,,,,,
ITA-Serie A,2526,Bologna,Thijs Dallinga,NED,FW,24.0,2000.0,23.0,9.0,811.0,9.0,2.0,2.0,4.0,2.0,0.0,0.0,2.0,0.0,0.22,0.22,0.44,0.22,0.44,9.0,2.0,24.0,5.0,20.8,2.66,0.55,0.08,0.4,0.0,0.0,35.0,23.7,9,65.0,1,14,16.0,10,1.43,14.0,10.0,4.0,0.44,0.48,0.0,20.0,9.0,4.0,5.0,1.0,4.0,,,0.0,,,,,,,,,,,,,,,
ITA-Serie A,2526,Bologna,Tommaso Pobega,ITA,MF,26.0,1999.0,26.0,17.0,1434.0,15.9,3.0,1.0,4.0,3.0,0.0,0.0,2.0,1.0,0.19,0.06,0.25,0.19,0.25,15.9,3.0,25.0,10.0,40.0,1.57,0.63,0.12,0.3,0.0,0.0,55.0,41.9,17,75.0,7,9,18.0,8,1.69,23.0,21.0,2.0,0.13,0.08,0.0,34.0,12.0,0.0,2.0,19.0,19.0,,,0.0,,,,,,,,,,,,,,,
ITA-Serie A,2526,Bologna,Torbjørn Heggem,NOR,DF,26.0,1999.0,27.0,23.0,2113.0,23.5,0.0,0.0,0.0,0.0,0.0,0.0,0.0,1.0,0.0,0.0,0.0,0.0,0.0,23.5,0.0,11.0,2.0,18.2,0.47,0.09,0.0,0.0,0.0,0.0,78.0,61.8,23,88.0,20,4,22.0,6,1.3,31.0,31.0,0.0,0.0,-0.21,0.0,31.0,12.0,0.0,1.0,25.0,19.0,,,0.0,,,,,,,,,,,,,,,
ITA-Serie A,2526,Bologna,Łukasz Skorupski,POL,GK,34.0,1991.0,19.0,19.0,1592.0,17.7,0.0,0.0,0.0,0.0,0.0,0.0,1.0,1.0,0.0,0.0,0.0,0.0,0.0,17.7,0.0,0.0,0.0,,0.0,0.0,,,0.0,0.0,84.0,46.5,19,84.0,17,0,,4,1.79,26.0,15.0,11.0,0.62,1.02,0.0,1.0,8.0,0.0,0.0,0.0,0.0,,,0.0,18.0,1.02,51.0,33.0,64.7,10.0,4.0,5.0,8.0,42.1,2.0,2.0,0.0,0.0,0.0
ITA-Serie A,2526,Cagliari,Adam Obert,SVK,"DF,MF",22.0,2002.0,35.0,33.0,2771.0,30.8,0.0,3.0,3.0,0.0,0.0,0.0,10.0,1.0,0.0,0.1,0.1,0.0,0.1,30.8,0.0,10.0,3.0,30.0,0.32,0.1,0.0,0.0,0.0,0.0,79.0,81.0,33,83.0,19,2,21.0,1,1.2,28.0,40.0,-12.0,-0.39,-0.25,1.0,40.0,13.0,0.0,69.0,44.0,32.0,,,0.0,,,,,,,,,,,,,,,
ITA-Serie A,2526,Cagliari,Agustín Albarracín,URU,FW,19.0,2005.0,2.0,0.0,33.0,0.4,0.0,0.0,0.0,0.0,0.0,0.0,0.0,0.0,0.0,0.0,0.0,0.0,0.0,0.4,0.0,0.0,0.0,,0.0,0.0,,,0.0,0.0,17.0,1.0,0,,0,2,17.0,14,0.0,0.0,1.0,-1.0,-2.73,-2.41,0.0,0.0,3.0,0.0,2.0,0.0,0.0,,,0.0,,,,,,,,,,,,,,,
ITA-Serie A,2526,Cagliari,Alberto Dossena,ITA,DF,26.0,1998.0,12.0,9.0,859.0,9.5,0.0,1.0,1.0,0.0,0.0,0.0,5.0,0.0,0.0,0.1,0.1,0.0,0.1,9.5,0.0,7.0,2.0,28.6,0.73,0.21,0.0,0.0,0.0,0.0,72.0,25.1,9,90.0,9,3,16.0,4,1.25,5.0,12.0,-7.0,-0.73,-0.52,0.0,11.0,8.0,2.0,0.0,9.0,13.0,,,0.0,,,,,,,,,,,,,,,
ITA-Serie A,2526,Cagliari,Alessandro Deiola,ITA,"MF,DF",29.0,1995.0,20.0,17.0,1430.0,15.9,0.0,2.0,2.0,0.0,0.0,0.0,3.0,0.0,0.0,0.13,0.13,0.0,0.13,15.9,0.0,22.0,7.0,31.8,1.38,0.44,0.0,0.0,0.0,0.0,72.0,41.8,17,79.0,9,3,30.0,5,1.45,23.0,21.0,2.0,0.13,0.8,0.0,22.0,11.0,7.0,2.0,13.0,20.0,,,0.0,,,,,,,,,,,,,,,
ITA-Serie A,2526,Cagliari,Alessandro Di Pardo,ITA,"DF,MF",26.0,1999.0,3.0,0.0,54.0,0.6,0.0,0.0,0.0,0.0,0.0,0.0,0.0,0.0,0.0,0.0,0.0,0.0,0.0,0.6,0.0,1.0,0.0,0.0,1.67,0.0,0.0,,0.0,0.0,18.0,1.6,0,,0,3,18.0,16,1.33,0.0,2.0,-2.0,-3.33,-3.04,0.0,0.0,1.0,0.0,0.0,0.0,1.0,,,0.0,,,,,,,,,,,,,,,
ITA-Serie A,2526,Cagliari,Andrea Belotti,ITA,FW,31.0,1993.0,8.0,3.0,221.0,2.5,2.0,0.0,2.0,1.0,1.0,1.0,0.0,0.0,0.81,0.0,0.81,0.41,0.41,2.5,2.0,6.0,4.0,66.7,2.44,1.63,0.33,0.5,1.0,1.0,28.0,6.5,3,63.0,0,5,7.0,3,1.88,3.0,4.0,-1.0,-0.41,-0.07,0.0,3.0,10.0,4.0,1.0,4.0,1.0,,,0.0,,,,,,,,,,,,,,,
ITA-Serie A,2526,Cagliari,Elia Caprile,ITA,GK,23.0,2001.0,38.0,38.0,3420.0,38.0,0.0,0.0,0.0,0.0,0.0,0.0,2.0,0.0,0.0,0.0,0.0,0.0,0.0,38.0,0.0,0.0,0.0,,0.0,0.0,,,0.0,0.0,90.0,100.0,38,90.0,38,0,,0,1.13,40.0,53.0,-13.0,-0.34,,0.0,0.0,8.0,0.0,0.0,0.0,0.0,,,0.0,53.0,1.39,175.0,121.0,69.7,11.0,10.0,17.0,8.0,21.1,2.0,2.0,0.0,0.0,0.0
ITA-Serie A,2526,Cagliari,Gabriele Zappa,ITA,"DF,MF",25.0,1999.0,31.0,18.0,1597.0,17.7,0.0,3.0,3.0,0.0,0.0,0.0,2.0,0.0,0.0,0.17,0.17,0.0,0.17,17.7,0.0,11.0,2.0,18.2,0.62,0.11,0.0,0.0,0.0,0.0,52.0,46.7,18,77.0,10,13,16.0,4,1.03,19.0,27.0,-8.0,-0.45,-0.2,0.0,13.0,5.0,0.0,37.0,18.0,17.0,,,0.0,,,,,,,,,,,,,,,
ITA-Serie A,2526,Cagliari,Gennaro Borrelli,ITA,FW,25.0,2000.0,27.0,13.0,1275.0,14.2,5.0,1.0,6.0,5.0,0.0,0.0,4.0,0.0,0.35,0.07,0.42,0.35,0.42,14.2,5.0,30.0,12.0,40.0,2.12,0.85,0.17,0.42,0.0,0.0,47.0,37.3,13,73.0,3,14,23.0,2,1.26,17.0,25.0,-8.0,-0.56,-0.35,0.0,43.0,49.0,5.0,2.0,3.0,6.0,,,0.0,,,,,,,,,,,,,,,
ITA-Serie A,2526,Cagliari,Gianluca Gaetano,ITA,"MF,FW",25.0,2000.0,33.0,21.0,1912.0,21.2,2.0,4.0,6.0,2.0,0.0,0.0,4.0,0.0,0.09,0.19,0.28,0.09,0.28,21.2,2.0,34.0,11.0,32.4,1.6,0.52,0.06,0.18,0.0,0.0,58.0,55.9,21,77.0,10,12,24.0,0,1.21,27.0,30.0,-3.0,-0.14,0.46,0.0,26.0,29.0,0.0,38.0,23.0,15.0,,,0.0,,,,,,,,,,,,,,,
ITA-Serie A,2526,Cagliari,Ibrahim Sulemana,GHA,MF,22.0,2003.0,16.0,7.0,860.0,9.6,1.0,0.0,1.0,1.0,0.0,0.0,2.0,0.0,0.1,0.0,0.1,0.1,0.1,9.6,1.0,11.0,2.0,18.2,1.15,0.21,0.09,0.5,0.0,0.0,54.0,25.1,7,87.0,5,9,28.0,1,1.13,5.0,15.0,-10.0,-1.05,-0.94,0.0,12.0,10.0,0.0,2.0,6.0,13.0,,,0.0,,,,,,,,,,,,,,,
ITA-Serie A,2526,Cagliari,Joseph Liteta,ZAM,MF,19.0,2006.0,4.0,4.0,264.0,2.9,0.0,0.0,0.0,0.0,0.0,0.0,0.0,0.0,0.0,0.0,0.0,0.0,0.0,2.9,0.0,0.0,0.0,,0.0,0.0,,,0.0,0.0,66.0,7.7,4,66.0,1,0,,21,0.5,3.0,6.0,-3.0,-1.02,-0.74,0.0,4.0,0.0,0.0,0.0,8.0,2.0,,,0.0,,,,,,,,,,,,,,,
ITA-Serie A,2526,Cagliari,Juan Rodríguez,URU,DF,20.0,2005.0,17.0,16.0,1310.0,14.6,1.0,0.0,1.0,1.0,0.0,0.0,3.0,0.0,0.07,0.0,0.07,0.07,0.07,14.6,1.0,3.0,2.0,66.7,0.21,0.14,0.33,0.5,0.0,0.0,77.0,38.3,16,81.0,9,1,9.0,16,1.06,14.0,23.0,-9.0,-0.62,-0.45,0.0,15.0,8.0,0.0,5.0,17.0,27.0,,,0.0,,,,,,,,,,,,,,,
ITA-Serie A,2526,Cagliari,Leonardo Pavoletti,ITA,FW,36.0,1988.0,13.0,1.0,227.0,2.5,1.0,1.0,2.0,1.0,0.0,0.0,1.0,0.0,0.4,0.4,0.79,0.4,0.79,2.5,1.0,6.0,1.0,16.7,2.38,0.4,0.17,1.0,0.0,0.0,17.0,6.6,1,56.0,0,12,14.0,14,0.54,4.0,4.0,0.0,0.0,0.37,0.0,10.0,0.0,2.0,0.0,1.0,2.0,,,0.0,,,,,,,,,,,,,,,
ITA-Serie A,2526,Cagliari,Luca Mazzitelli,ITA,MF,29.0,1995.0,18.0,9.0,767.0,8.5,2.0,2.0,4.0,2.0,0.0,0.0,3.0,0.0,0.23,0.23,0.47,0.23,0.47,8.5,2.0,15.0,5.0,33.3,1.76,0.59,0.13,0.4,0.0,0.0,43.0,22.4,9,65.0,1,9,20.0,10,1.33,12.0,9.0,3.0,0.35,0.89,0.0,22.0,13.0,0.0,9.0,10.0,11.0,,,0.0,,,,,,,,,,,,,,,
ITA-Serie A,2526,Cagliari,Marco Palestra,ITA,"MF,DF",20.0,2005.0,37.0,34.0,3081.0,34.2,1.0,4.0,5.0,1.0,0.0,0.0,3.0,0.0,0.03,0.12,0.15,0.03,0.15,34.2,1.0,29.0,7.0,24.1,0.85,0.2,0.03,0.14,0.0,0.0,83.0,90.1,34,88.0,27,3,33.0,0,1.14,31.0,46.0,-15.0,-0.44,-0.97,0.0,41.0,108.0,8.0,106.0,19.0,35.0,,,0.0,,,,,,,,,,,,,,,
ITA-Serie A,2526,Cagliari,Matteo Prati,ITA,MF,21.0,2003.0,20.0,15.0,1268.0,14.1,1.0,0.0,1.0,1.0,0.0,0.0,4.0,0.0,0.07,0.0,0.07,0.07,0.07,14.1,1.0,19.0,1.0,5.3,1.35,0.07,0.05,1.0,0.0,0.0,63.0,37.1,15,74.0,5,5,30.0,2,1.05,13.0,20.0,-7.0,-0.5,-0.25,0.0,17.0,3.0,0.0,13.0,15.0,12.0,,,0.0,,,,,,,,,,,,,,,
ITA-Serie A,2526,Cagliari,Mattia Felici,ITA,MF,24.0,2001.0,12.0,4.0,412.0,4.6,2.0,1.0,3.0,2.0,0.0,0.0,3.0,0.0,0.44,0.22,0.66,0.44,0.66,4.6,2.0,9.0,6.0,66.7,1.97,1.31,0.22,0.33,0.0,0.0,34.0,12.0,4,58.0,0,8,22.0,2,1.08,7.0,7.0,0.0,0.0,0.39,0.0,10.0,6.0,0.0,23.0,5.0,6.0,,,0.0,,,,,,,,,,,,,,,
ITA-Serie A,2526,Cagliari,Michael Folorunsho,ITA,"MF,FW",27.0,1998.0,27.0,24.0,1999.0,22.2,2.0,0.0,2.0,2.0,0.0,0.0,3.0,0.0,0.09,0.0,0.09,0.09,0.09,22.2,2.0,36.0,9.0,25.0,1.62,0.41,0.06,0.22,0.0,0.0,74.0,58.5,24,81.0,11,3,21.0,0,0.96,20.0,30.0,-10.0,-0.45,-0.26,0.0,35.0,49.0,13.0,22.0,10.0,10.0,,,0.0,,,,,,,,,,,,,,,
ITA-Serie A,2526,Cagliari,Michel Ndary Adopo,FRA,MF,25.0,2000.0,38.0,33.0,3050.0,33.9,1.0,2.0,3.0,1.0,0.0,0.0,4.0,0.0,0.03,0.06,0.09,0.03,0.09,33.9,1.0,28.0,11.0,39.3,0.83,0.32,0.04,0.09,0.0,0.0,80.0,89.2,33,85.0,22,5,49.0,0,1.13,35.0,46.0,-11.0,-0.32,0.16,0.0,35.0,25.0,5.0,26.0,31.0,32.0,,,0.0,,,,,,,,,,,,,,,
ITA-Serie A,2526,Cagliari,Nicolò Cavuoti,ITA,MF,22.0,2003.0,4.0,0.0,44.0,0.5,0.0,0.0,0.0,0.0,0.0,0.0,0.0,0.0,0.0,0.0,0.0,0.0,0.0,0.5,0.0,0.0,0.0,,0.0,0.0,,,0.0,0.0,11.0,1.3,0,,0,4,11.0,17,1.25,0.0,1.0,-1.0,-2.05,-1.73,0.0,1.0,1.0,0.0,0.0,0.0,0.0,,,0.0,,,,,,,,,,,,,,,
ITA-Serie A,2526,Cagliari,Othniel Raterink,NED,DF,19.0,2006.0,1.0,0.0,7.0,0.1,0.0,0.0,0.0,0.0,0.0,0.0,0.0,0.0,0.0,0.0,0.0,0.0,0.0,0.1,0.0,0.0,0.0,,0.0,0.0,,,0.0,0.0,7.0,0.2,0,,0,1,7.0,12,0.0,0.0,0.0,0.0,0.0,0.34,0.0,0.0,0.0,0.0,0.0,0.0,0.0,,,0.0,,,,,,,,,,,,,,,
ITA-Serie A,2526,Cagliari,Paul Mendy,SEN,FW,18.0,2007.0,9.0,3.0,335.0,3.7,2.0,0.0,2.0,2.0,0.0,0.0,1.0,0.0,0.54,0.0,0.54,0.54,0.54,3.7,2.0,15.0,3.0,20.0,4.03,0.81,0.13,0.67,0.0,0.0,37.0,9.8,3,72.0,1,6,20.0,6,1.44,5.0,6.0,-1.0,-0.27,0.08,0.0,12.0,4.0,2.0,2.0,1.0,0.0,,,0.0,,,,,,,,,,,,,,,
ITA-Serie A,2526,Cagliari,Riyad Idrissi,ITA,"MF,DF",20.0,2005.0,23.0,4.0,783.0,8.7,2.0,0.0,2.0,2.0,0.0,0.0,3.0,0.0,0.23,0.0,0.23,0.23,0.23,8.7,2.0,6.0,6.0,100.0,0.69,0.69,0.33,0.33,0.0,0.0,34.0,22.9,4,90.0,4,19,22.0,5,0.96,14.0,15.0,-1.0,-0.11,0.29,0.0,9.0,6.0,1.0,23.0,9.0,15.0,,,0.0,,,,,,,,,,,,,,,
ITA-Serie A,2526,Cagliari,Sebastiano Esposito,ITA,"FW,MF",23.0,2002.0,36.0,34.0,2675.0,29.7,7.0,5.0,12.0,6.0,1.0,1.0,6.0,0.0,0.24,0.17,0.4,0.2,0.37,29.7,7.0,57.0,16.0,28.1,1.92,0.54,0.12,0.44,1.0,1.0,74.0,78.2,34,77.0,7,2,34.0,1,1.17,30.0,37.0,-7.0,-0.24,0.49,0.0,46.0,56.0,5.0,139.0,21.0,35.0,,,0.0,,,,,,,,,,,,,,,
ITA-Serie A,2526,Cagliari,Sebastiano Luperto,ITA,DF,28.0,1996.0,19.0,19.0,1706.0,19.0,1.0,0.0,1.0,1.0,0.0,0.0,3.0,0.0,0.05,0.0,0.05,0.05,0.05,19.0,1.0,7.0,3.0,42.9,0.37,0.16,0.14,0.33,0.0,0.0,90.0,49.9,19,90.0,18,0,,4,1.32,22.0,24.0,-2.0,-0.11,0.47,0.0,23.0,17.0,0.0,1.0,19.0,12.0,,,0.0,,,,,,,,,,,,,,,
ITA-Serie A,2526,Cagliari,Semih Kılıçsoy,TUR,FW,19.0,2005.0,22.0,11.0,975.0,10.8,4.0,0.0,4.0,4.0,0.0,0.0,1.0,0.0,0.37,0.0,0.37,0.37,0.37,10.8,4.0,17.0,8.0,47.1,1.57,0.74,0.24,0.5,0.0,0.0,44.0,28.5,11,72.0,1,11,16.0,15,1.05,10.0,15.0,-5.0,-0.46,-0.17,0.0,14.0,15.0,2.0,1.0,1.0,4.0,,,0.0,,,,,,,,,,,,,,,
ITA-Serie A,2526,Cagliari,Yael Trepy,,FW,,,8.0,0.0,91.0,1.0,1.0,0.0,1.0,1.0,0.0,0.0,0.0,0.0,0.99,0.0,0.99,0.99,0.99,1.0,1.0,7.0,2.0,28.6,6.92,1.98,0.14,0.5,0.0,0.0,11.0,2.7,0,,0,8,11.0,13,0.25,2.0,1.0,1.0,0.99,1.37,0.0,1.0,2.0,2.0,7.0,0.0,1.0,,,0.0,,,,,,,,,,,,,,,
ITA-Serie A,2526,Cagliari,Yerry Mina,COL,DF,30.0,1994.0,26.0,26.0,2150.0,23.9,2.0,0.0,2.0,2.0,0.0,0.0,5.0,1.0,0.08,0.0,0.08,0.08,0.08,23.9,2.0,10.0,3.0,30.0,0.42,0.13,0.2,0.67,0.0,0.0,83.0,62.9,26,83.0,21,0,,3,1.35,26.0,29.0,-3.0,-0.13,0.58,1.0,26.0,37.0,3.0,1.0,26.0,18.0,,,0.0,,,,,,,,,,,,,,,
ITA-Serie A,2526,Cagliari,Zito Luvumbo,ANG,"MF,FW",23.0,2002.0,12.0,2.0,329.0,3.7,0.0,0.0,0.0,0.0,0.0,0.0,0.0,0.0,0.0,0.0,0.0,0.0,0.0,3.7,0.0,12.0,6.0,50.0,3.28,1.64,0.0,0.0,0.0,0.0,27.0,9.6,2,58.0,0,10,21.0,6,0.5,4.0,8.0,-4.0,-1.09,-0.83,0.0,4.0,18.0,0.0,7.0,1.0,1.0,,,0.0,,,,,,,,,,,,,,,
ITA-Serie A,2526,Cagliari,Zé Pedro Figueiredo,POR,DF,28.0,1997.0,23.0,20.0,1699.0,18.9,0.0,1.0,1.0,0.0,0.0,0.0,6.0,0.0,0.0,0.05,0.05,0.0,0.05,18.9,0.0,7.0,0.0,0.0,0.37,0.0,0.0,,0.0,0.0,74.0,49.7,20,82.0,11,3,19.0,4,1.13,21.0,26.0,-5.0,-0.26,0.15,0.0,29.0,15.0,0.0,5.0,20.0,18.0,,,0.0,,,,,,,,,,,,,,,
ITA-Serie A,2526,Como,Alberto Moreno,ESP,DF,33.0,1992.0,19.0,13.0,1233.0,13.7,2.0,1.0,3.0,2.0,0.0,0.0,4.0,0.0,0.15,0.07,0.22,0.15,0.22,13.7,2.0,11.0,4.0,36.4,0.8,0.29,0.18,0.5,0.0,0.0,65.0,36.1,13,84.0,7,6,24.0,19,2.05,27.0,9.0,18.0,1.31,0.57,0.0,17.0,12.0,3.0,34.0,7.0,12.0,,,0.0,,,,,,,,,,,,,,,
ITA-Serie A,2526,Como,Anastasios Douvikas,GRE,FW,25.0,1999.0,38.0,25.0,2273.0,25.3,14.0,1.0,15.0,13.0,1.0,1.0,0.0,0.0,0.55,0.04,0.59,0.51,0.55,25.3,14.0,65.0,30.0,46.2,2.57,1.19,0.22,0.47,1.0,1.0,60.0,66.5,25,76.0,8,13,30.0,0,1.87,48.0,20.0,28.0,1.11,0.48,0.0,36.0,42.0,7.0,4.0,4.0,10.0,,,0.0,,,,,,,,,,,,,,,
ITA-Serie A,2526,Como,Andréa Le Borgne,FRA,MF,19.0,2006.0,1.0,0.0,1.0,0.0,0.0,0.0,0.0,0.0,0.0,0.0,0.0,0.0,0.0,0.0,0.0,0.0,0.0,0.0,0.0,0.0,0.0,,0.0,0.0,,,0.0,0.0,1.0,0.0,0,,0,1,1.0,8,3.0,0.0,0.0,0.0,0.0,-0.95,0.0,0.0,0.0,0.0,0.0,0.0,0.0,,,0.0,,,,,,,,,,,,,,,
ITA-Serie A,2526,Como,Assane Diao,SEN,MF,19.0,2005.0,17.0,13.0,1075.0,11.9,2.0,1.0,3.0,2.0,0.0,0.0,2.0,0.0,0.17,0.08,0.25,0.17,0.25,11.9,2.0,31.0,10.0,32.3,2.6,0.84,0.06,0.2,0.0,0.0,63.0,31.4,13,72.0,2,4,36.0,1,1.71,18.0,11.0,7.0,0.59,-0.53,0.0,15.0,39.0,3.0,27.0,4.0,5.0,,,0.0,,,,,,,,,,,,,,,
ITA-Serie A,2526,Como,Diego Carlos,BRA,DF,32.0,1993.0,27.0,21.0,1949.0,21.7,1.0,0.0,1.0,1.0,0.0,0.0,8.0,0.0,0.05,0.0,0.05,0.05,0.05,21.7,1.0,8.0,2.0,25.0,0.37,0.09,0.13,0.5,0.0,0.0,72.0,57.0,21,83.0,16,6,35.0,8,2.0,33.0,15.0,18.0,0.83,-0.27,0.0,39.0,7.0,2.0,2.0,22.0,18.0,,,0.0,,,,,,,,,,,,,,,
ITA-Serie A,2526,Como,Edoardo Goldaniga,ITA,DF,31.0,1993.0,2.0,0.0,15.0,0.2,0.0,0.0,0.0,0.0,0.0,0.0,0.0,0.0,0.0,0.0,0.0,0.0,0.0,0.2,0.0,0.0,0.0,,0.0,0.0,,,0.0,0.0,8.0,0.4,0,,0,2,8.0,20,3.0,1.0,0.0,1.0,6.0,5.07,0.0,0.0,0.0,0.0,0.0,0.0,0.0,,,0.0,,,,,,,,,,,,,,,
ITA-Serie A,2526,Como,Ignace Van Der Brempt,BEL,DF,23.0,2002.0,20.0,11.0,931.0,10.3,0.0,1.0,1.0,0.0,0.0,0.0,2.0,0.0,0.0,0.1,0.1,0.0,0.1,10.3,0.0,3.0,0.0,0.0,0.29,0.0,0.0,,0.0,0.0,47.0,27.2,11,74.0,4,9,13.0,14,2.1,20.0,10.0,10.0,0.97,0.03,0.0,19.0,15.0,1.0,11.0,8.0,14.0,,,0.0,,,,,,,,,,,,,,,
ITA-Serie A,2526,Como,Ivan Smolčić,CRO,DF,24.0,2000.0,28.0,19.0,1662.0,18.5,0.0,1.0,1.0,0.0,0.0,0.0,8.0,0.0,0.0,0.05,0.05,0.0,0.05,18.5,0.0,12.0,4.0,33.3,0.65,0.22,0.0,0.0,0.0,0.0,59.0,48.6,19,77.0,8,9,22.0,9,2.0,26.0,10.0,16.0,0.87,-0.16,0.0,26.0,17.0,0.0,29.0,23.0,24.0,,,0.0,,,,,,,,,,,,,,,
ITA-Serie A,2526,Como,Jacobo Ramón,ESP,DF,20.0,2005.0,32.0,30.0,2742.0,30.5,2.0,0.0,2.0,2.0,0.0,0.0,11.0,1.0,0.07,0.0,0.07,0.07,0.07,30.5,2.0,39.0,9.0,23.1,1.28,0.3,0.05,0.22,0.0,0.0,86.0,80.2,30,88.0,28,2,45.0,1,1.84,53.0,24.0,29.0,0.95,0.02,0.0,33.0,12.0,0.0,11.0,38.0,32.0,,,0.0,,,,,,,,,,,,,,,
ITA-Serie A,2526,Como,Jayden Addai,NED,MF,19.0,2005.0,12.0,7.0,686.0,7.6,3.0,0.0,3.0,3.0,0.0,0.0,4.0,0.0,0.39,0.0,0.39,0.39,0.39,7.6,3.0,13.0,6.0,46.2,1.71,0.79,0.23,0.5,0.0,0.0,57.0,20.1,7,75.0,2,5,32.0,6,1.25,11.0,6.0,5.0,0.66,-0.36,0.0,13.0,14.0,2.0,10.0,2.0,2.0,,,0.0,,,,,,,,,,,,,,,
ITA-Serie A,2526,Como,Jean Butez,FRA,GK,30.0,1995.0,38.0,38.0,3420.0,38.0,0.0,1.0,1.0,0.0,0.0,0.0,3.0,0.0,0.0,0.03,0.03,0.0,0.03,38.0,0.0,0.0,0.0,,0.0,0.0,,,0.0,0.0,90.0,100.0,38,90.0,38,0,,0,1.87,65.0,29.0,36.0,0.95,,0.0,0.0,9.0,0.0,0.0,0.0,2.0,,,0.0,29.0,0.76,116.0,86.0,75.0,20.0,11.0,7.0,19.0,50.0,6.0,5.0,1.0,0.0,16.7
ITA-Serie A,2526,Como,Jesus Rodríguez,ESP,MF,19.0,2005.0,31.0,18.0,1731.0,19.2,2.0,9.0,11.0,2.0,0.0,0.0,3.0,1.0,0.1,0.47,0.57,0.1,0.57,19.2,2.0,45.0,12.0,26.7,2.34,0.62,0.04,0.17,0.0,0.0,56.0,50.6,18,75.0,3,13,29.0,3,1.9,39.0,12.0,27.0,1.4,0.92,0.0,24.0,32.0,3.0,57.0,4.0,17.0,,,0.0,,,,,,,,,,,,,,,
ITA-Serie A,2526,Como,Lucas Da Cunha,FRA,MF,24.0,2001.0,36.0,31.0,2739.0,30.4,6.0,4.0,10.0,2.0,4.0,4.0,4.0,0.0,0.2,0.13,0.33,0.07,0.2,30.4,6.0,42.0,16.0,38.1,1.38,0.53,0.14,0.38,4.0,4.0,76.0,80.1,31,83.0,18,5,36.0,2,1.86,52.0,24.0,28.0,0.92,-0.14,0.0,34.0,19.0,1.0,99.0,18.0,33.0,,,0.0,,,,,,,,,,,,,,,
ITA-Serie A,2526,Como,Marc-Oliver Kempf,GER,DF,30.0,1995.0,34.0,27.0,2326.0,25.8,4.0,1.0,5.0,4.0,0.0,0.0,3.0,0.0,0.15,0.04,0.19,0.15,0.19,25.8,4.0,21.0,6.0,28.6,0.81,0.23,0.19,0.67,0.0,0.0,68.0,68.0,27,82.0,22,7,18.0,4,1.94,47.0,20.0,27.0,1.04,0.3,0.0,26.0,19.0,0.0,0.0,13.0,12.0,,,0.0,,,,,,,,,,,,,,,
ITA-Serie A,2526,Como,Martin Baturina,CRO,"MF,FW",22.0,2003.0,29.0,17.0,1569.0,17.4,6.0,3.0,9.0,6.0,0.0,0.0,0.0,0.0,0.34,0.17,0.52,0.34,0.52,17.4,6.0,28.0,9.0,32.1,1.61,0.52,0.21,0.67,0.0,0.0,54.0,45.9,17,77.0,5,12,22.0,8,1.76,34.0,17.0,17.0,0.98,0.05,0.0,15.0,44.0,0.0,77.0,5.0,14.0,,,0.0,,,,,,,,,,,,,,,
ITA-Serie A,2526,Como,Maxence Caqueret,FRA,MF,25.0,2000.0,30.0,17.0,1485.0,16.5,2.0,6.0,8.0,2.0,0.0,0.0,3.0,0.0,0.12,0.36,0.48,0.12,0.48,16.5,2.0,18.0,4.0,22.2,1.09,0.24,0.11,0.5,0.0,0.0,50.0,43.4,17,67.0,1,13,27.0,8,1.9,31.0,10.0,21.0,1.27,0.58,0.0,26.0,23.0,2.0,36.0,14.0,23.0,,,0.0,,,,,,,,,,,,,,,
ITA-Serie A,2526,Como,Máximo Perrone,ARG,MF,22.0,2003.0,36.0,33.0,2742.0,30.5,3.0,4.0,7.0,3.0,0.0,0.0,8.0,0.0,0.1,0.13,0.23,0.1,0.23,30.5,3.0,18.0,9.0,50.0,0.59,0.3,0.17,0.33,0.0,0.0,76.0,80.2,33,80.0,21,3,32.0,1,1.89,53.0,21.0,32.0,1.05,0.52,0.0,43.0,23.0,1.0,11.0,21.0,38.0,,,0.0,,,,,,,,,,,,,,,
ITA-Serie A,2526,Como,Mërgim Vojvoda,KVX,"MF,DF",30.0,1995.0,30.0,19.0,1591.0,17.7,2.0,2.0,4.0,2.0,0.0,0.0,2.0,0.0,0.11,0.11,0.23,0.11,0.23,17.7,2.0,18.0,7.0,38.9,1.02,0.4,0.11,0.29,0.0,0.0,53.0,46.5,19,69.0,4,11,26.0,7,1.9,33.0,14.0,19.0,1.07,0.24,0.0,15.0,12.0,5.0,66.0,14.0,4.0,,,0.0,,,,,,,,,,,,,,,
ITA-Serie A,2526,Como,Nicolas-Gerrit Kühn,GER,MF,25.0,2000.0,23.0,6.0,665.0,7.4,1.0,1.0,2.0,1.0,0.0,0.0,0.0,0.0,0.14,0.14,0.27,0.14,0.27,7.4,1.0,8.0,3.0,37.5,1.08,0.41,0.13,0.33,0.0,0.0,29.0,19.4,6,63.0,0,17,17.0,14,1.7,10.0,6.0,4.0,0.54,-0.5,0.0,6.0,2.0,3.0,14.0,5.0,6.0,,,0.0,,,,,,,,,,,,,,,
ITA-Serie A,2526,Como,Nicolás Paz,ARG,MF,20.0,2004.0,35.0,33.0,2878.0,32.0,12.0,6.0,18.0,12.0,0.0,2.0,5.0,0.0,0.38,0.19,0.56,0.38,0.56,32.0,12.0,121.0,48.0,39.7,3.78,1.5,0.1,0.25,0.0,2.0,82.0,84.2,33,86.0,22,2,25.0,1,1.77,49.0,27.0,22.0,0.69,-1.64,0.0,54.0,41.0,0.0,63.0,27.0,56.0,,,0.0,,,,,,,,,,,,,,,
ITA-Serie A,2526,Como,Sergi Roberto,ESP,MF,33.0,1992.0,20.0,5.0,544.0,6.0,0.0,0.0,0.0,0.0,0.0,0.0,3.0,0.0,0.0,0.0,0.0,0.0,0.0,6.0,0.0,7.0,2.0,28.6,1.16,0.33,0.0,0.0,0.0,0.0,27.0,15.9,5,55.0,0,15,18.0,6,1.95,8.0,7.0,1.0,0.17,-0.93,0.0,9.0,9.0,0.0,2.0,5.0,7.0,,,0.0,,,,,,,,,,,,,,,
ITA-Serie A,2526,Como,Stefan Posch,AUT,DF,28.0,1997.0,14.0,3.0,393.0,4.4,1.0,0.0,1.0,1.0,0.0,0.0,1.0,0.0,0.23,0.0,0.23,0.23,0.23,4.4,1.0,8.0,3.0,37.5,1.83,0.69,0.13,0.33,0.0,0.0,28.0,11.5,3,71.0,1,11,16.0,5,2.0,8.0,3.0,5.0,1.15,0.22,0.0,9.0,6.0,0.0,10.0,4.0,3.0,,,0.0,,,,,,,,,,,,,,,
ITA-Serie A,2526,Como,Álex Valle,ESP,DF,21.0,2004.0,28.0,23.0,2026.0,22.5,1.0,4.0,5.0,1.0,0.0,0.0,3.0,0.0,0.04,0.18,0.22,0.04,0.22,22.5,1.0,11.0,2.0,18.2,0.49,0.09,0.09,0.5,0.0,0.0,72.0,59.2,23,84.0,18,5,17.0,8,1.82,34.0,17.0,17.0,0.76,-0.47,0.0,34.0,19.0,1.0,45.0,24.0,31.0,,,0.0,,,,,,,,,,,,,,,
ITA-Serie A,2526,Como,Álvaro Morata,ESP,FW,32.0,1992.0,26.0,9.0,930.0,10.3,0.0,1.0,1.0,0.0,0.0,1.0,4.0,1.0,0.0,0.1,0.1,0.0,0.1,10.3,0.0,23.0,8.0,34.8,2.23,0.77,0.0,0.0,0.0,1.0,36.0,27.2,9,69.0,1,17,18.0,3,1.73,14.0,6.0,8.0,0.77,-0.24,1.0,16.0,33.0,9.0,9.0,1.0,11.0,,,0.0,,,,,,,,,,,,,,,
ITA-Serie A,2526,Cremonese,Alberto Grassi,ITA,MF,30.0,1995.0,30.0,18.0,1753.0,19.5,0.0,0.0,0.0,0.0,0.0,0.0,4.0,1.0,0.0,0.0,0.0,0.0,0.0,19.5,0.0,13.0,4.0,30.8,0.67,0.21,0.0,0.0,0.0,0.0,58.0,51.3,18,76.0,6,12,33.0,3,0.97,15.0,31.0,-16.0,-0.82,-0.34,0.0,17.0,30.0,0.0,3.0,35.0,11.0,,,0.0,,,,,,,,,,,,,,,
ITA-Serie A,2526,Cremonese,Alessio Zerbin,ITA,MF,26.0,1999.0,32.0,17.0,1646.0,18.3,0.0,3.0,3.0,0.0,0.0,0.0,1.0,0.0,0.0,0.16,0.16,0.0,0.16,18.3,0.0,21.0,7.0,33.3,1.15,0.38,0.0,0.0,0.0,0.0,51.0,48.1,17,73.0,3,15,27.0,2,0.88,11.0,24.0,-13.0,-0.71,-0.1,0.0,37.0,20.0,7.0,58.0,3.0,20.0,,,0.0,,,,,,,,,,,,,,,
ITA-Serie A,2526,Cremonese,Antonio Sanabria,PAR,FW,29.0,1996.0,25.0,10.0,945.0,10.5,1.0,1.0,2.0,1.0,0.0,0.0,2.0,0.0,0.1,0.1,0.19,0.1,0.19,10.5,1.0,12.0,4.0,33.3,1.14,0.38,0.08,0.25,0.0,0.0,38.0,27.6,10,65.0,0,15,20.0,5,1.04,9.0,12.0,-3.0,-0.29,0.51,0.0,15.0,15.0,6.0,2.0,1.0,2.0,,,0.0,,,,,,,,,,,,,,,
ITA-Serie A,2526,Cremonese,Dachi Lordkipanidze,GEO,MF,20.0,2005.0,1.0,0.0,29.0,0.3,0.0,0.0,0.0,0.0,0.0,0.0,0.0,0.0,0.0,0.0,0.0,0.0,0.0,0.3,0.0,0.0,0.0,,0.0,0.0,,,0.0,0.0,29.0,0.8,0,,0,1,29.0,20,1.0,0.0,0.0,0.0,0.0,0.66,0.0,0.0,0.0,0.0,0.0,0.0,0.0,,,0.0,,,,,,,,,,,,,,,
ITA-Serie A,2526,Cremonese,David Okereke,NGA,"FW,MF",27.0,1997.0,10.0,3.0,403.0,4.5,2.0,0.0,2.0,2.0,0.0,0.0,0.0,1.0,0.45,0.0,0.45,0.45,0.45,4.5,2.0,8.0,5.0,62.5,1.79,1.12,0.25,0.4,0.0,0.0,40.0,11.8,3,62.0,0,7,31.0,2,1.18,7.0,9.0,-2.0,-0.45,0.24,0.0,1.0,4.0,2.0,5.0,1.0,0.0,,,0.0,,,,,,,,,,,,,,,
ITA-Serie A,2526,Cremonese,Dennis Johnsen,NOR,"MF,FW",27.0,1998.0,11.0,5.0,390.0,4.3,1.0,1.0,2.0,1.0,0.0,0.0,0.0,0.0,0.23,0.23,0.46,0.23,0.46,4.3,1.0,5.0,2.0,40.0,1.15,0.46,0.2,0.5,0.0,0.0,35.0,11.4,5,57.0,0,6,17.0,10,0.36,3.0,7.0,-4.0,-0.92,-0.3,0.0,2.0,4.0,1.0,12.0,0.0,2.0,,,0.0,,,,,,,,,,,,,,,
ITA-Serie A,2526,Cremonese,Emil Audero,IDN,GK,28.0,1997.0,34.0,34.0,3060.0,34.0,0.0,0.0,0.0,0.0,0.0,0.0,0.0,0.0,0.0,0.0,0.0,0.0,0.0,34.0,0.0,0.0,0.0,,0.0,0.0,,,0.0,0.0,90.0,89.5,34,90.0,34,0,,2,0.91,28.0,50.0,-22.0,-0.65,0.1,0.0,0.0,6.0,0.0,0.0,0.0,0.0,,,0.0,50.0,1.47,173.0,123.0,71.1,8.0,7.0,19.0,11.0,32.4,6.0,4.0,2.0,0.0,33.3
ITA-Serie A,2526,Cremonese,Faris Pemi Moumbagna,CMR,FW,25.0,2000.0,5.0,0.0,93.0,1.0,0.0,0.0,0.0,0.0,0.0,0.0,0.0,0.0,0.0,0.0,0.0,0.0,0.0,1.0,0.0,2.0,0.0,0.0,1.94,0.0,0.0,,0.0,0.0,19.0,2.7,0,,0,5,19.0,9,0.4,0.0,1.0,-1.0,-0.97,-0.32,0.0,1.0,0.0,0.0,1.0,0.0,0.0,,,0.0,,,,,,,,,,,,,,,
ITA-Serie A,2526,Cremonese,Federico Baschirotto,ITA,DF,28.0,1996.0,29.0,29.0,2540.0,28.2,2.0,0.0,2.0,2.0,0.0,0.0,2.0,0.0,0.07,0.0,0.07,0.07,0.07,28.2,2.0,12.0,5.0,41.7,0.43,0.18,0.17,0.4,0.0,0.0,88.0,74.3,29,88.0,28,0,,1,0.86,21.0,38.0,-17.0,-0.6,0.22,0.0,45.0,9.0,1.0,8.0,24.0,13.0,,,0.0,,,,,,,,,,,,,,,
ITA-Serie A,2526,Cremonese,Federico Bonazzoli,ITA,FW,28.0,1997.0,35.0,31.0,2510.0,27.9,10.0,1.0,11.0,7.0,3.0,3.0,4.0,0.0,0.36,0.04,0.39,0.25,0.29,27.9,10.0,75.0,32.0,42.7,2.69,1.15,0.13,0.31,3.0,3.0,72.0,73.4,31,78.0,12,4,24.0,2,0.83,23.0,45.0,-22.0,-0.79,-0.49,0.0,26.0,80.0,4.0,26.0,12.0,16.0,,,0.0,,,,,,,,,,,,,,,
ITA-Serie A,2526,Cremonese,Federico Ceccherini,ITA,DF,33.0,1992.0,9.0,6.0,476.0,5.3,0.0,1.0,1.0,0.0,0.0,0.0,1.0,1.0,0.0,0.19,0.19,0.0,0.19,5.3,0.0,5.0,2.0,40.0,0.95,0.38,0.0,0.0,0.0,0.0,53.0,13.9,6,67.0,1,3,25.0,26,0.67,1.0,13.0,-12.0,-2.27,-1.87,0.0,10.0,9.0,0.0,3.0,7.0,2.0,,,0.0,,,,,,,,,,,,,,,
ITA-Serie A,2526,Cremonese,Filippo Terracciano,ITA,DF,22.0,2003.0,36.0,33.0,3011.0,33.5,2.0,0.0,2.0,2.0,0.0,0.0,6.0,0.0,0.06,0.0,0.06,0.06,0.06,33.5,2.0,14.0,4.0,28.6,0.42,0.12,0.14,0.5,0.0,0.0,84.0,88.0,33,89.0,28,3,29.0,0,0.94,28.0,45.0,-17.0,-0.51,1.25,0.0,18.0,26.0,0.0,27.0,56.0,23.0,,,2.0,,,,,,,,,,,,,,,
ITA-Serie A,2526,Cremonese,Francesco Folino,ITA,DF,23.0,2002.0,18.0,7.0,722.0,8.0,1.0,0.0,1.0,1.0,0.0,0.0,1.0,0.0,0.12,0.0,0.12,0.12,0.12,8.0,1.0,2.0,1.0,50.0,0.25,0.12,0.5,1.0,0.0,0.0,40.0,21.1,7,87.0,6,11,10.0,19,1.0,5.0,15.0,-10.0,-1.25,-0.75,0.0,11.0,9.0,0.0,1.0,2.0,4.0,,,0.0,,,,,,,,,,,,,,,
ITA-Serie A,2526,Cremonese,Franco Vázquez,ARG,"FW,MF",36.0,1989.0,15.0,4.0,524.0,5.8,1.0,1.0,2.0,1.0,0.0,0.0,1.0,0.0,0.17,0.17,0.34,0.17,0.34,5.8,1.0,12.0,4.0,33.3,2.06,0.69,0.08,0.25,0.0,0.0,35.0,15.3,4,74.0,1,11,21.0,5,0.93,5.0,11.0,-6.0,-1.03,-0.44,0.0,9.0,16.0,0.0,19.0,4.0,12.0,,,0.0,,,,,,,,,,,,,,,
ITA-Serie A,2526,Cremonese,Giuseppe Pezzella,ITA,"MF,DF",27.0,1997.0,31.0,30.0,2585.0,28.7,0.0,1.0,1.0,0.0,0.0,0.0,8.0,1.0,0.0,0.03,0.03,0.0,0.03,28.7,0.0,6.0,0.0,0.0,0.21,0.0,0.0,,0.0,0.0,83.0,75.6,30,85.0,23,1,34.0,0,0.84,25.0,47.0,-22.0,-0.77,-0.44,0.0,49.0,32.0,8.0,128.0,11.0,32.0,,,0.0,,,,,,,,,,,,,,,
ITA-Serie A,2526,Cremonese,Jamie Vardy,ENG,FW,38.0,1987.0,29.0,24.0,2105.0,23.4,7.0,2.0,9.0,7.0,0.0,0.0,5.0,0.0,0.3,0.09,0.38,0.3,0.38,23.4,7.0,30.0,14.0,46.7,1.28,0.6,0.23,0.5,0.0,0.0,73.0,61.5,24,82.0,15,5,29.0,1,0.86,19.0,32.0,-13.0,-0.56,0.27,0.0,19.0,21.0,23.0,14.0,3.0,10.0,,,0.0,,,,,,,,,,,,,,,
ITA-Serie A,2526,Cremonese,Jari Vandeputte,BEL,MF,29.0,1996.0,32.0,23.0,1944.0,21.6,1.0,5.0,6.0,1.0,0.0,0.0,3.0,0.0,0.05,0.23,0.28,0.05,0.28,21.6,1.0,20.0,8.0,40.0,0.93,0.37,0.05,0.13,0.0,0.0,61.0,56.8,23,72.0,6,9,32.0,3,1.03,18.0,28.0,-10.0,-0.46,0.45,0.0,34.0,25.0,1.0,162.0,18.0,21.0,,,0.0,,,,,,,,,,,,,,,
ITA-Serie A,2526,Cremonese,Jeremy Sarmiento,ECU,MF,23.0,2002.0,7.0,0.0,142.0,1.6,0.0,0.0,0.0,0.0,0.0,0.0,0.0,0.0,0.0,0.0,0.0,0.0,0.0,1.6,0.0,2.0,2.0,100.0,1.27,1.27,0.0,0.0,0.0,0.0,20.0,4.2,0,,0,7,20.0,6,1.0,2.0,2.0,0.0,0.0,0.69,0.0,0.0,1.0,0.0,2.0,2.0,2.0,,,0.0,,,,,,,,,,,,,,,
ITA-Serie A,2526,Cremonese,Manuel De Luca,ITA,FW,27.0,1998.0,2.0,0.0,16.0,0.2,1.0,0.0,1.0,0.0,1.0,1.0,0.0,0.0,5.63,0.0,5.63,0.0,0.0,0.2,1.0,2.0,2.0,100.0,11.25,11.25,0.5,0.5,1.0,1.0,8.0,0.5,0,,0,2,8.0,0,3.0,1.0,0.0,1.0,5.63,6.31,0.0,1.0,1.0,0.0,0.0,0.0,0.0,,,0.0,,,,,,,,,,,,,,,
ITA-Serie A,2526,Cremonese,Marco Silvestri,ITA,GK,34.0,1991.0,4.0,4.0,360.0,4.0,0.0,0.0,0.0,0.0,0.0,0.0,0.0,0.0,0.0,0.0,0.0,0.0,0.0,4.0,0.0,0.0,0.0,,0.0,0.0,,,0.0,0.0,90.0,10.5,4,90.0,4,0,,34,0.75,4.0,7.0,-3.0,-0.75,-0.1,0.0,0.0,0.0,0.0,0.0,0.0,0.0,,,0.0,7.0,1.75,22.0,15.0,68.2,0.0,3.0,1.0,0.0,0.0,0.0,0.0,0.0,0.0,
ITA-Serie A,2526,Cremonese,Martín Payero,ARG,MF,26.0,1998.0,25.0,16.0,1457.0,16.2,1.0,0.0,1.0,1.0,0.0,0.0,8.0,0.0,0.06,0.0,0.06,0.06,0.06,16.2,1.0,23.0,8.0,34.8,1.42,0.49,0.04,0.13,0.0,0.0,58.0,42.6,16,75.0,5,9,29.0,4,0.96,17.0,17.0,0.0,0.0,1.15,0.0,37.0,34.0,2.0,34.0,10.0,9.0,,,0.0,,,,,,,,,,,,,,,
ITA-Serie A,2526,Cremonese,Matteo Bianchetti,ITA,DF,32.0,1993.0,27.0,25.0,2192.0,24.4,0.0,2.0,2.0,0.0,0.0,0.0,4.0,0.0,0.0,0.08,0.08,0.0,0.08,24.4,0.0,7.0,1.0,14.3,0.29,0.04,0.0,0.0,0.0,0.0,81.0,64.1,25,84.0,16,2,50.0,8,1.15,28.0,37.0,-9.0,-0.37,0.8,0.0,28.0,15.0,0.0,6.0,19.0,30.0,,,0.0,,,,,,,,,,,,,,,
ITA-Serie A,2526,Cremonese,Michele Collocolo,ITA,MF,25.0,1999.0,8.0,5.0,362.0,4.0,0.0,0.0,0.0,0.0,0.0,0.0,1.0,0.0,0.0,0.0,0.0,0.0,0.0,4.0,0.0,2.0,1.0,50.0,0.5,0.25,0.0,0.0,0.0,0.0,45.0,10.6,5,61.0,3,3,18.0,4,1.5,6.0,7.0,-1.0,-0.25,0.46,0.0,2.0,2.0,0.0,5.0,1.0,3.0,,,0.0,,,,,,,,,,,,,,,
ITA-Serie A,2526,Cremonese,Mikayil Ngor Faye,SEN,"MF,DF",21.0,2004.0,8.0,2.0,254.0,2.8,0.0,0.0,0.0,0.0,0.0,0.0,1.0,0.0,0.0,0.0,0.0,0.0,0.0,2.8,0.0,2.0,0.0,0.0,0.71,0.0,0.0,,0.0,0.0,32.0,7.4,2,68.0,0,6,20.0,21,0.5,2.0,3.0,-1.0,-0.35,0.33,0.0,2.0,4.0,0.0,6.0,5.0,6.0,,,0.0,,,,,,,,,,,,,,,
ITA-Serie A,2526,Cremonese,Milan Đurić,BIH,FW,35.0,1990.0,11.0,3.0,386.0,4.3,0.0,1.0,1.0,0.0,0.0,0.0,1.0,1.0,0.0,0.23,0.23,0.0,0.23,4.3,0.0,10.0,5.0,50.0,2.33,1.17,0.0,0.0,0.0,0.0,35.0,11.3,3,69.0,1,8,22.0,4,0.42,4.0,12.0,-8.0,-1.87,-1.36,0.0,4.0,8.0,2.0,2.0,0.0,0.0,,,0.0,,,,,,,,,,,,,,,
ITA-Serie A,2526,Cremonese,Morten Thorsby,NOR,MF,29.0,1996.0,11.0,8.0,643.0,7.1,1.0,0.0,1.0,1.0,0.0,0.0,2.0,0.0,0.14,0.0,0.14,0.14,0.14,7.1,1.0,11.0,4.0,36.4,1.54,0.56,0.09,0.25,0.0,0.0,58.0,18.8,8,74.0,4,3,17.0,2,0.91,4.0,12.0,-8.0,-1.12,-0.57,0.0,10.0,6.0,2.0,0.0,3.0,6.0,,,0.0,,,,,,,,,,,,,,,
ITA-Serie A,2526,Cremonese,Romano Floriani,ITA,MF,22.0,2003.0,28.0,12.0,1168.0,13.0,0.0,1.0,1.0,0.0,0.0,0.0,2.0,0.0,0.0,0.08,0.08,0.0,0.08,13.0,0.0,5.0,1.0,20.0,0.39,0.08,0.0,0.0,0.0,0.0,42.0,34.2,12,71.0,3,16,20.0,8,0.75,13.0,23.0,-10.0,-0.77,-0.17,0.0,21.0,5.0,2.0,29.0,6.0,14.0,,,0.0,,,,,,,,,,,,,,,
ITA-Serie A,2526,Cremonese,Sebastiano Luperto,ITA,DF,28.0,1996.0,15.0,15.0,1307.0,14.5,0.0,1.0,1.0,0.0,0.0,0.0,1.0,0.0,0.0,0.07,0.07,0.0,0.07,14.5,0.0,5.0,2.0,40.0,0.34,0.14,0.0,0.0,0.0,0.0,87.0,38.2,15,87.0,12,0,,0,0.73,11.0,26.0,-15.0,-1.03,-0.61,0.0,9.0,12.0,1.0,10.0,12.0,9.0,,,0.0,,,,,,,,,,,,,,,
ITA-Serie A,2526,Cremonese,Simone Lottici Tessadri,ITA,MF,19.0,2006.0,1.0,0.0,6.0,0.1,0.0,0.0,0.0,0.0,0.0,0.0,0.0,0.0,0.0,0.0,0.0,0.0,0.0,0.1,0.0,1.0,0.0,0.0,15.0,0.0,0.0,,0.0,0.0,6.0,0.2,0,,0,1,6.0,2,0.0,0.0,0.0,0.0,0.0,0.66,0.0,0.0,0.0,0.0,0.0,0.0,0.0,,,0.0,,,,,,,,,,,,,,,
ITA-Serie A,2526,Cremonese,Tommaso Barbieri,ITA,MF,22.0,2002.0,29.0,18.0,1707.0,19.0,0.0,1.0,1.0,0.0,0.0,0.0,8.0,0.0,0.0,0.05,0.05,0.0,0.05,19.0,0.0,16.0,2.0,12.5,0.84,0.11,0.0,0.0,0.0,0.0,59.0,49.9,18,82.0,10,11,21.0,5,0.86,19.0,25.0,-6.0,-0.32,0.68,0.0,40.0,26.0,1.0,78.0,14.0,26.0,,,0.0,,,,,,,,,,,,,,,
ITA-Serie A,2526,Cremonese,Warren Bondo,FRA,MF,21.0,2003.0,27.0,22.0,1762.0,19.6,0.0,0.0,0.0,0.0,0.0,0.0,5.0,0.0,0.0,0.0,0.0,0.0,0.0,19.6,0.0,8.0,2.0,25.0,0.41,0.1,0.0,0.0,0.0,0.0,65.0,51.5,22,73.0,8,5,33.0,3,0.85,16.0,30.0,-14.0,-0.72,-0.12,0.0,39.0,33.0,0.0,3.0,9.0,16.0,,,0.0,,,,,,,,,,,,,,,
ITA-Serie A,2526,Cremonese,Youssef Maleh,MAR,MF,26.0,1998.0,14.0,14.0,1100.0,12.2,1.0,0.0,1.0,1.0,0.0,0.0,2.0,1.0,0.08,0.0,0.08,0.08,0.08,12.2,1.0,15.0,3.0,20.0,1.23,0.25,0.07,0.33,0.0,0.0,79.0,32.2,14,79.0,7,0,,0,0.71,9.0,22.0,-13.0,-1.06,-0.6,0.0,27.0,10.0,0.0,41.0,9.0,11.0,,,0.0,,,,,,,,,,,,,,,
ITA-Serie A,2526,Fiorentina,Abdelhamid Sabiri,MAR,MF,28.0,1996.0,1.0,0.0,27.0,0.3,0.0,0.0,0.0,0.0,0.0,0.0,0.0,0.0,0.0,0.0,0.0,0.0,0.0,0.3,0.0,1.0,0.0,0.0,3.33,0.0,0.0,,0.0,0.0,27.0,0.8,0,,0,1,27.0,6,1.0,2.0,0.0,2.0,6.67,6.96,0.0,1.0,1.0,0.0,4.0,0.0,2.0,,,0.0,,,,,,,,,,,,,,,
ITA-Serie A,2526,Fiorentina,Albert Guðmundsson,ISL,"FW,MF",28.0,1997.0,33.0,27.0,2250.0,25.0,5.0,4.0,9.0,2.0,3.0,3.0,4.0,1.0,0.2,0.16,0.36,0.08,0.24,25.0,5.0,41.0,15.0,36.6,1.64,0.6,0.12,0.33,3.0,3.0,68.0,65.8,27,78.0,9,6,26.0,2,1.0,29.0,28.0,1.0,0.04,0.81,0.0,34.0,30.0,6.0,54.0,3.0,4.0,,,0.0,,,,,,,,,,,,,,,
ITA-Serie A,2526,Fiorentina,Amir Richardson,MAR,MF,23.0,2002.0,2.0,0.0,42.0,0.5,0.0,0.0,0.0,0.0,0.0,0.0,0.0,0.0,0.0,0.0,0.0,0.0,0.0,0.5,0.0,1.0,0.0,0.0,2.14,0.0,0.0,,0.0,0.0,21.0,1.2,0,,0,2,21.0,12,0.0,1.0,1.0,0.0,0.0,0.24,0.0,1.0,3.0,0.0,1.0,0.0,1.0,,,0.0,,,,,,,,,,,,,,,
ITA-Serie A,2526,Fiorentina,Cher Ndour,ITA,MF,21.0,2004.0,33.0,20.0,1876.0,20.8,3.0,0.0,3.0,3.0,0.0,0.0,2.0,0.0,0.14,0.0,0.14,0.14,0.14,20.8,3.0,24.0,8.0,33.3,1.15,0.38,0.13,0.38,0.0,0.0,57.0,54.9,20,79.0,9,13,23.0,5,1.24,18.0,22.0,-4.0,-0.19,0.1,0.0,26.0,23.0,1.0,20.0,15.0,17.0,,,0.0,,,,,,,,,,,,,,,
ITA-Serie A,2526,Fiorentina,Christian Kouamé,CIV,"FW,MF",27.0,1997.0,2.0,0.0,27.0,0.3,0.0,0.0,0.0,0.0,0.0,0.0,0.0,0.0,0.0,0.0,0.0,0.0,0.0,0.3,0.0,0.0,0.0,,0.0,0.0,,,0.0,0.0,14.0,0.8,0,,0,2,14.0,5,1.5,0.0,0.0,0.0,0.0,0.24,0.0,0.0,0.0,0.0,2.0,1.0,1.0,,,0.0,,,,,,,,,,,,,,,
ITA-Serie A,2526,Fiorentina,Daniele Rugani,ITA,DF,31.0,1994.0,6.0,4.0,327.0,3.6,0.0,0.0,0.0,0.0,0.0,0.0,2.0,0.0,0.0,0.0,0.0,0.0,0.0,3.6,0.0,1.0,0.0,0.0,0.28,0.0,0.0,,0.0,0.0,55.0,9.6,4,79.0,2,2,6.0,7,1.83,2.0,3.0,-1.0,-0.28,-0.04,0.0,7.0,0.0,0.0,0.0,5.0,4.0,,,0.0,,,,,,,,,,,,,,,
ITA-Serie A,2526,Fiorentina,David de Gea,ESP,GK,34.0,1990.0,37.0,37.0,3330.0,37.0,0.0,0.0,0.0,0.0,0.0,0.0,0.0,0.0,0.0,0.0,0.0,0.0,0.0,37.0,0.0,0.0,0.0,,0.0,0.0,,,0.0,0.0,90.0,97.4,37,90.0,37,0,,1,1.11,40.0,49.0,-9.0,-0.24,-0.24,0.0,0.0,6.0,0.0,0.0,0.0,0.0,,,0.0,49.0,1.32,169.0,119.0,71.0,9.0,14.0,14.0,10.0,27.0,6.0,5.0,1.0,0.0,16.7
ITA-Serie A,2526,Fiorentina,Dodô,BRA,"DF,MF",26.0,1998.0,36.0,36.0,3134.0,34.8,1.0,2.0,3.0,1.0,0.0,0.0,7.0,0.0,0.03,0.06,0.09,0.03,0.09,34.8,1.0,25.0,4.0,16.0,0.72,0.11,0.04,0.25,0.0,0.0,87.0,91.6,36,87.0,30,0,,0,1.08,39.0,46.0,-7.0,-0.2,0.43,0.0,22.0,53.0,2.0,153.0,31.0,18.0,,,0.0,,,,,,,,,,,,,,,
ITA-Serie A,2526,Fiorentina,Eddy Kouadio,CIV,DF,19.0,2006.0,3.0,0.0,72.0,0.8,0.0,0.0,0.0,0.0,0.0,0.0,0.0,0.0,0.0,0.0,0.0,0.0,0.0,0.8,0.0,0.0,0.0,,0.0,0.0,,,0.0,0.0,24.0,2.1,0,,0,3,24.0,32,0.67,0.0,0.0,0.0,0.0,0.24,0.0,1.0,1.0,0.0,1.0,0.0,3.0,,,0.0,,,,,,,,,,,,,,,
ITA-Serie A,2526,Fiorentina,Edin Džeko,BIH,FW,39.0,1986.0,11.0,2.0,244.0,2.7,0.0,0.0,0.0,0.0,0.0,0.0,1.0,0.0,0.0,0.0,0.0,0.0,0.0,2.7,0.0,4.0,1.0,25.0,1.48,0.37,0.0,0.0,0.0,0.0,22.0,7.1,2,52.0,0,9,16.0,6,0.36,2.0,6.0,-4.0,-1.48,-1.33,0.0,2.0,5.0,0.0,1.0,1.0,1.0,,,0.0,,,,,,,,,,,,,,,
ITA-Serie A,2526,Fiorentina,Fabiano Parisi,ITA,"MF,FW",24.0,2000.0,23.0,18.0,1520.0,16.9,1.0,1.0,2.0,1.0,0.0,0.0,6.0,0.0,0.06,0.06,0.12,0.06,0.12,16.9,1.0,24.0,7.0,29.2,1.42,0.41,0.04,0.14,0.0,0.0,66.0,44.4,18,77.0,6,5,25.0,8,1.26,22.0,21.0,1.0,0.06,0.53,0.0,14.0,66.0,1.0,39.0,17.0,14.0,,,1.0,,,,,,,,,,,,,,,
ITA-Serie A,2526,Fiorentina,Giovanni Fabbian,ITA,MF,22.0,2003.0,15.0,4.0,468.0,5.2,0.0,0.0,0.0,0.0,0.0,0.0,2.0,0.0,0.0,0.0,0.0,0.0,0.0,5.2,0.0,7.0,2.0,28.6,1.35,0.38,0.0,0.0,0.0,0.0,31.0,13.7,4,71.0,2,11,17.0,2,1.27,3.0,5.0,-2.0,-0.38,-0.17,0.0,6.0,9.0,0.0,4.0,1.0,2.0,,,0.0,,,,,,,,,,,,,,,
ITA-Serie A,2526,Fiorentina,Hans Nicolussi Caviglia,ITA,MF,25.0,2000.0,11.0,7.0,585.0,6.5,0.0,1.0,1.0,0.0,0.0,0.0,4.0,0.0,0.0,0.15,0.15,0.0,0.15,6.5,0.0,4.0,1.0,25.0,0.62,0.15,0.0,0.0,0.0,0.0,53.0,17.1,7,78.0,3,4,11.0,10,0.91,7.0,12.0,-5.0,-0.77,-0.64,0.0,15.0,15.0,0.0,30.0,3.0,7.0,,,0.0,,,,,,,,,,,,,,,
ITA-Serie A,2526,Fiorentina,Jack Harrison,ENG,"FW,MF",28.0,1996.0,15.0,10.0,981.0,10.9,1.0,3.0,4.0,1.0,0.0,0.0,1.0,0.0,0.09,0.28,0.37,0.09,0.37,10.9,1.0,13.0,4.0,30.8,1.19,0.37,0.08,0.25,0.0,0.0,65.0,28.7,10,81.0,6,5,34.0,2,1.6,13.0,10.0,3.0,0.28,0.72,0.0,9.0,7.0,0.0,56.0,2.0,6.0,,,0.0,,,,,,,,,,,,,,,
ITA-Serie A,2526,Fiorentina,Jacopo Fazzini,ITA,"MF,FW",22.0,2003.0,20.0,5.0,584.0,6.5,0.0,0.0,0.0,0.0,0.0,0.0,2.0,0.0,0.0,0.0,0.0,0.0,0.0,6.5,0.0,9.0,1.0,11.1,1.39,0.15,0.0,0.0,0.0,0.0,29.0,17.1,5,73.0,0,15,15.0,10,0.95,6.0,8.0,-2.0,-0.31,-0.09,0.0,12.0,15.0,0.0,16.0,5.0,10.0,,,0.0,,,,,,,,,,,,,,,
ITA-Serie A,2526,Fiorentina,Luca Lezzerini,ITA,GK,30.0,1995.0,1.0,0.0,4.0,0.0,0.0,0.0,0.0,0.0,0.0,0.0,0.0,0.0,0.0,0.0,0.0,0.0,0.0,0.0,0.0,0.0,0.0,,0.0,0.0,,,0.0,0.0,4.0,0.1,0,,0,1,4.0,33,1.0,0.0,0.0,0.0,0.0,0.24,0.0,0.0,0.0,0.0,0.0,0.0,0.0,,,0.0,0.0,0.0,0.0,0.0,,0.0,0.0,0.0,0.0,,0.0,0.0,0.0,0.0,
ITA-Serie A,2526,Fiorentina,Luca Ranieri,ITA,DF,26.0,1999.0,34.0,29.0,2458.0,27.3,1.0,0.0,1.0,1.0,0.0,0.0,8.0,1.0,0.04,0.0,0.04,0.04,0.04,27.3,1.0,18.0,3.0,16.7,0.66,0.11,0.06,0.33,0.0,0.0,72.0,71.9,29,83.0,19,5,12.0,2,1.21,28.0,34.0,-6.0,-0.22,0.06,0.0,22.0,27.0,3.0,27.0,24.0,24.0,,,0.0,,,,,,,,,,,,,,,
ITA-Serie A,2526,Fiorentina,Luís Balbo,VEN,DF,19.0,2006.0,6.0,1.0,212.0,2.4,0.0,0.0,0.0,0.0,0.0,0.0,0.0,0.0,0.0,0.0,0.0,0.0,0.0,2.4,0.0,0.0,0.0,,0.0,0.0,,,0.0,0.0,35.0,6.2,1,74.0,0,5,28.0,11,2.0,3.0,2.0,1.0,0.42,0.71,0.0,2.0,6.0,0.0,5.0,1.0,5.0,,,0.0,,,,,,,,,,,,,,,
ITA-Serie A,2526,Fiorentina,Manor Solomon,ISR,"FW,MF",26.0,1999.0,16.0,9.0,890.0,9.9,2.0,1.0,3.0,2.0,0.0,0.0,1.0,0.0,0.2,0.1,0.3,0.2,0.3,9.9,2.0,11.0,4.0,36.4,1.11,0.4,0.18,0.5,0.0,0.0,56.0,26.0,9,85.0,5,7,18.0,0,1.56,11.0,15.0,-4.0,-0.4,-0.23,0.0,2.0,16.0,1.0,47.0,0.0,11.0,,,0.0,,,,,,,,,,,,,,,
ITA-Serie A,2526,Fiorentina,Marco Brescianini,ITA,MF,25.0,2000.0,17.0,10.0,862.0,9.6,1.0,1.0,2.0,1.0,0.0,0.0,1.0,0.0,0.1,0.1,0.21,0.1,0.21,9.6,1.0,10.0,2.0,20.0,1.04,0.21,0.1,0.5,0.0,0.0,51.0,25.2,10,75.0,4,7,16.0,1,1.47,15.0,13.0,2.0,0.21,0.6,0.0,13.0,9.0,0.0,11.0,1.0,2.0,,,0.0,,,,,,,,,,,,,,,
ITA-Serie A,2526,Fiorentina,Marin Pongračić,CRO,DF,27.0,1997.0,35.0,33.0,2918.0,32.4,0.0,0.0,0.0,0.0,0.0,0.0,12.0,0.0,0.0,0.0,0.0,0.0,0.0,32.4,0.0,8.0,1.0,12.5,0.25,0.03,0.0,0.0,0.0,0.0,83.0,85.3,33,87.0,29,2,22.0,1,1.17,38.0,41.0,-3.0,-0.09,0.98,0.0,69.0,21.0,0.0,4.0,36.0,17.0,,,0.0,,,,,,,,,,,,,,,
ITA-Serie A,2526,Fiorentina,Mattia Viti,ITA,"MF,DF",23.0,2002.0,10.0,2.0,265.0,2.9,0.0,0.0,0.0,0.0,0.0,0.0,3.0,1.0,0.0,0.0,0.0,0.0,0.0,2.9,0.0,0.0,0.0,,0.0,0.0,,,0.0,0.0,27.0,7.7,2,65.0,0,8,17.0,7,0.6,1.0,6.0,-5.0,-1.7,-1.58,1.0,9.0,4.0,0.0,0.0,3.0,4.0,,,0.0,,,,,,,,,,,,,,,
ITA-Serie A,2526,Fiorentina,Moise Kean,ITA,FW,25.0,2000.0,26.0,23.0,2036.0,22.6,8.0,1.0,9.0,6.0,2.0,2.0,4.0,0.0,0.35,0.04,0.4,0.27,0.31,22.6,8.0,98.0,27.0,27.6,4.33,1.19,0.08,0.3,2.0,2.0,78.0,59.5,23,86.0,15,3,19.0,1,0.92,24.0,32.0,-8.0,-0.35,-0.29,0.0,29.0,44.0,30.0,7.0,7.0,4.0,,,0.0,,,,,,,,,,,,,,,
ITA-Serie A,2526,Fiorentina,Niccolò Fortini,ITA,MF,19.0,2006.0,16.0,2.0,541.0,6.0,0.0,0.0,0.0,0.0,0.0,0.0,0.0,0.0,0.0,0.0,0.0,0.0,0.0,6.0,0.0,8.0,2.0,25.0,1.33,0.33,0.0,0.0,0.0,0.0,34.0,15.8,2,78.0,1,14,28.0,15,0.81,9.0,12.0,-3.0,-0.5,-0.31,0.0,5.0,18.0,0.0,29.0,4.0,9.0,,,0.0,,,,,,,,,,,,,,,
ITA-Serie A,2526,Fiorentina,Nicolò Fagioli,ITA,MF,24.0,2001.0,33.0,30.0,2554.0,28.4,2.0,3.0,5.0,2.0,0.0,0.0,5.0,0.0,0.07,0.11,0.18,0.07,0.18,28.4,2.0,33.0,7.0,21.2,1.16,0.25,0.06,0.29,0.0,0.0,77.0,74.7,30,82.0,14,3,34.0,4,1.09,31.0,42.0,-11.0,-0.39,-0.6,0.0,23.0,45.0,0.0,84.0,18.0,31.0,,,0.0,,,,,,,,,,,,,,,
ITA-Serie A,2526,Fiorentina,Oliver Christensen,DEN,GK,26.0,1999.0,1.0,1.0,86.0,1.0,0.0,0.0,0.0,0.0,0.0,0.0,0.0,0.0,0.0,0.0,0.0,0.0,0.0,1.0,0.0,0.0,0.0,,0.0,0.0,,,0.0,0.0,86.0,2.5,1,86.0,0,0,,19,1.0,1.0,1.0,0.0,0.0,0.24,0.0,0.0,1.0,0.0,0.0,0.0,0.0,,,0.0,1.0,1.05,7.0,6.0,85.7,0.0,1.0,0.0,0.0,0.0,0.0,0.0,0.0,0.0,
ITA-Serie A,2526,Fiorentina,Pablo Marí,ESP,DF,31.0,1993.0,11.0,9.0,808.0,9.0,0.0,0.0,0.0,0.0,0.0,0.0,3.0,0.0,0.0,0.0,0.0,0.0,0.0,9.0,0.0,2.0,0.0,0.0,0.22,0.0,0.0,,0.0,0.0,73.0,23.6,9,86.0,7,2,15.0,6,0.55,9.0,19.0,-10.0,-1.11,-1.15,0.0,17.0,8.0,0.0,0.0,19.0,8.0,,,0.0,,,,,,,,,,,,,,,
ITA-Serie A,2526,Fiorentina,Pietro Comuzzo,ITA,DF,20.0,2005.0,27.0,18.0,1696.0,18.8,1.0,0.0,1.0,1.0,0.0,0.0,2.0,0.0,0.05,0.0,0.05,0.05,0.05,18.8,1.0,10.0,2.0,20.0,0.53,0.11,0.1,0.5,0.0,0.0,63.0,49.6,18,84.0,11,9,20.0,11,1.0,21.0,28.0,-7.0,-0.37,-0.27,0.0,24.0,4.0,0.0,1.0,24.0,16.0,,,1.0,,,,,,,,,,,,,,,
ITA-Serie A,2526,Fiorentina,Riccardo Braschi,ITA,FW,18.0,2006.0,2.0,1.0,105.0,1.2,0.0,0.0,0.0,0.0,0.0,0.0,0.0,0.0,0.0,0.0,0.0,0.0,0.0,1.2,0.0,3.0,0.0,0.0,2.57,0.0,0.0,,0.0,0.0,53.0,3.1,1,60.0,0,1,45.0,11,0.5,0.0,1.0,-1.0,-0.86,-0.64,0.0,0.0,0.0,1.0,1.0,0.0,0.0,,,0.0,,,,,,,,,,,,,,,
ITA-Serie A,2526,Fiorentina,Roberto Piccoli,ITA,FW,24.0,2001.0,32.0,16.0,1672.0,18.6,4.0,1.0,5.0,4.0,0.0,0.0,1.0,0.0,0.22,0.05,0.27,0.22,0.27,18.6,4.0,47.0,15.0,31.9,2.53,0.81,0.09,0.27,0.0,0.0,52.0,48.9,16,83.0,10,16,21.0,3,1.22,22.0,20.0,2.0,0.11,0.67,0.0,34.0,40.0,14.0,4.0,4.0,1.0,,,0.0,,,,,,,,,,,,,,,
ITA-Serie A,2526,Fiorentina,Robin Gosens,GER,"DF,MF",31.0,1994.0,26.0,24.0,1881.0,20.9,3.0,1.0,4.0,3.0,0.0,0.0,2.0,0.0,0.14,0.05,0.19,0.14,0.19,20.9,3.0,18.0,7.0,38.9,0.86,0.33,0.17,0.43,0.0,0.0,72.0,55.0,24,77.0,10,2,20.0,4,1.12,19.0,24.0,-5.0,-0.24,-0.01,0.0,24.0,25.0,3.0,41.0,23.0,18.0,,,0.0,,,,,,,,,,,,,,,
ITA-Serie A,2526,Fiorentina,Rolando Mandragora,ITA,MF,28.0,1997.0,34.0,30.0,2421.0,26.9,7.0,3.0,10.0,6.0,1.0,1.0,7.0,0.0,0.26,0.11,0.37,0.22,0.33,26.9,7.0,64.0,18.0,28.1,2.38,0.67,0.11,0.39,1.0,1.0,71.0,70.8,30,75.0,11,4,41.0,1,1.03,29.0,33.0,-4.0,-0.15,0.3,0.0,37.0,56.0,0.0,69.0,15.0,24.0,,,0.0,,,,,,,,,,,,,,,
ITA-Serie A,2526,Fiorentina,Simon Sohm,SUI,MF,24.0,2001.0,16.0,9.0,708.0,7.9,0.0,1.0,1.0,0.0,0.0,0.0,2.0,0.0,0.0,0.13,0.13,0.0,0.13,7.9,0.0,5.0,0.0,0.0,0.64,0.0,0.0,,0.0,0.0,44.0,20.7,9,65.0,1,7,18.0,4,0.56,6.0,15.0,-9.0,-1.14,-1.14,0.0,15.0,11.0,0.0,5.0,6.0,7.0,,,0.0,,,,,,,,,,,,,,,
ITA-Serie A,2526,Fiorentina,Tariq Lamptey,GHA,MF,24.0,2000.0,2.0,1.0,25.0,0.3,0.0,0.0,0.0,0.0,0.0,0.0,0.0,0.0,0.0,0.0,0.0,0.0,0.0,0.3,0.0,0.0,0.0,,0.0,0.0,,,0.0,0.0,13.0,0.7,1,21.0,0,1,4.0,0,0.0,1.0,0.0,1.0,3.6,3.87,0.0,0.0,0.0,0.0,1.0,0.0,2.0,,,0.0,,,,,,,,,,,,,,,
ITA-Serie A,2526,Genoa,Aarón Martín,ESP,"MF,DF",28.0,1997.0,33.0,26.0,2156.0,24.0,1.0,5.0,6.0,1.0,0.0,1.0,2.0,0.0,0.04,0.21,0.25,0.04,0.25,24.0,1.0,11.0,4.0,36.4,0.46,0.17,0.09,0.25,0.0,1.0,65.0,63.0,26,79.0,15,7,13.0,5,1.12,28.0,37.0,-9.0,-0.38,-0.3,0.0,31.0,27.0,0.0,194.0,10.0,28.0,,,0.0,,,,,,,,,,,,,,,
ITA-Serie A,2526,Genoa,Albert Grønbaek,DEN,MF,24.0,2001.0,4.0,1.0,103.0,1.1,0.0,0.0,0.0,0.0,0.0,0.0,1.0,0.0,0.0,0.0,0.0,0.0,0.0,1.1,0.0,1.0,1.0,100.0,0.87,0.87,0.0,0.0,0.0,0.0,26.0,3.0,1,59.0,0,3,15.0,10,1.25,2.0,0.0,2.0,1.75,2.07,0.0,1.0,1.0,0.0,1.0,0.0,2.0,,,0.0,,,,,,,,,,,,,,,
ITA-Serie A,2526,Genoa,Alessandro Marcandalli,ITA,DF,22.0,2002.0,32.0,29.0,2597.0,28.9,0.0,2.0,2.0,0.0,0.0,0.0,4.0,0.0,0.0,0.07,0.07,0.0,0.07,28.9,0.0,5.0,2.0,40.0,0.17,0.07,0.0,0.0,0.0,0.0,81.0,75.9,29,87.0,24,3,28.0,4,1.22,36.0,36.0,0.0,0.0,1.09,0.0,23.0,11.0,0.0,10.0,18.0,24.0,,,0.0,,,,,,,,,,,,,,,
ITA-Serie A,2526,Genoa,Amorim,BRA,MF,20.0,2005.0,11.0,6.0,552.0,6.1,0.0,0.0,0.0,0.0,0.0,0.0,1.0,0.0,0.0,0.0,0.0,0.0,0.0,6.1,0.0,2.0,0.0,0.0,0.33,0.0,0.0,,0.0,0.0,50.0,16.1,6,75.0,0,5,20.0,4,1.09,5.0,8.0,-3.0,-0.49,-0.27,0.0,7.0,18.0,1.0,16.0,7.0,6.0,,,0.0,,,,,,,,,,,,,,,
ITA-Serie A,2526,Genoa,Brooke Norton-Cuffy,ENG,"MF,DF",21.0,2004.0,27.0,25.0,2212.0,24.6,2.0,1.0,3.0,2.0,0.0,0.0,5.0,1.0,0.08,0.04,0.12,0.08,0.12,24.6,2.0,15.0,6.0,40.0,0.61,0.24,0.13,0.33,0.0,0.0,82.0,64.7,25,86.0,19,2,32.0,1,0.96,28.0,38.0,-10.0,-0.41,-0.41,1.0,23.0,16.0,0.0,80.0,11.0,31.0,,,0.0,,,,,,,,,,,,,,,
ITA-Serie A,2526,Genoa,Caleb Ekuban,GHA,"FW,MF",31.0,1994.0,31.0,6.0,994.0,11.0,4.0,1.0,5.0,4.0,0.0,0.0,0.0,0.0,0.36,0.09,0.45,0.36,0.45,11.0,4.0,29.0,10.0,34.5,2.63,0.91,0.14,0.4,0.0,0.0,32.0,29.1,6,64.0,0,25,24.0,1,1.1,13.0,15.0,-2.0,-0.18,0.12,0.0,16.0,29.0,6.0,5.0,5.0,1.0,,,0.0,,,,,,,,,,,,,,,
ITA-Serie A,2526,Genoa,Daniele Sommariva,ITA,GK,28.0,1997.0,2.0,1.0,176.0,2.0,0.0,0.0,0.0,0.0,0.0,0.0,0.0,0.0,0.0,0.0,0.0,0.0,0.0,2.0,0.0,0.0,0.0,,0.0,0.0,,,0.0,0.0,88.0,5.1,1,90.0,1,1,86.0,35,0.0,1.0,4.0,-3.0,-1.53,-1.34,0.0,0.0,1.0,0.0,0.0,0.0,0.0,,,0.0,4.0,2.05,12.0,8.0,66.7,0.0,0.0,1.0,0.0,0.0,0.0,0.0,0.0,0.0,
ITA-Serie A,2526,Genoa,Filippo Carbone,ITA,MF,18.0,2006.0,1.0,0.0,8.0,0.1,0.0,0.0,0.0,0.0,0.0,0.0,0.0,0.0,0.0,0.0,0.0,0.0,0.0,0.1,0.0,0.0,0.0,,0.0,0.0,,,0.0,0.0,8.0,0.2,0,,0,1,8.0,0,0.0,0.0,0.0,0.0,0.0,0.26,0.0,0.0,1.0,0.0,0.0,0.0,3.0,,,0.0,,,,,,,,,,,,,,,
ITA-Serie A,2526,Genoa,Gael Lafont,FRA,FW,19.0,2006.0,1.0,0.0,8.0,0.1,0.0,0.0,0.0,0.0,0.0,0.0,0.0,0.0,0.0,0.0,0.0,0.0,0.0,0.1,0.0,0.0,0.0,,0.0,0.0,,,0.0,0.0,8.0,0.2,0,,0,1,8.0,3,0.0,0.0,0.0,0.0,0.0,0.26,0.0,0.0,0.0,0.0,0.0,0.0,0.0,,,0.0,,,,,,,,,,,,,,,
ITA-Serie A,2526,Genoa,Jacopo Grossi,ITA,MF,18.0,2006.0,1.0,0.0,22.0,0.2,0.0,0.0,0.0,0.0,0.0,0.0,0.0,0.0,0.0,0.0,0.0,0.0,0.0,0.2,0.0,1.0,0.0,0.0,4.09,0.0,0.0,,0.0,0.0,22.0,0.6,0,,0,1,22.0,6,0.0,0.0,0.0,0.0,0.0,0.26,0.0,0.0,0.0,0.0,3.0,0.0,0.0,,,0.0,,,,,,,,,,,,,,,
ITA-Serie A,2526,Genoa,Jean Onana,CMR,MF,25.0,2000.0,3.0,0.0,45.0,0.5,0.0,0.0,0.0,0.0,0.0,0.0,0.0,0.0,0.0,0.0,0.0,0.0,0.0,0.5,0.0,1.0,0.0,0.0,2.0,0.0,0.0,,0.0,0.0,15.0,1.3,0,,0,3,15.0,18,2.0,0.0,1.0,-1.0,-2.0,-1.76,0.0,4.0,0.0,0.0,1.0,1.0,3.0,,,0.0,,,,,,,,,,,,,,,
ITA-Serie A,2526,Genoa,Jeff Ekhator,ITA,"FW,MF",18.0,2006.0,30.0,9.0,956.0,10.6,3.0,0.0,3.0,3.0,0.0,0.0,3.0,0.0,0.28,0.0,0.28,0.28,0.28,10.6,3.0,20.0,5.0,25.0,1.88,0.47,0.15,0.6,0.0,0.0,32.0,28.0,9,62.0,0,21,19.0,7,1.03,13.0,15.0,-2.0,-0.19,0.1,0.0,20.0,19.0,10.0,9.0,2.0,8.0,,,0.0,,,,,,,,,,,,,,,
ITA-Serie A,2526,Genoa,Johan Vásquez,MEX,DF,26.0,1998.0,36.0,36.0,3215.0,35.7,1.0,0.0,1.0,1.0,0.0,0.0,2.0,0.0,0.03,0.0,0.03,0.03,0.03,35.7,1.0,24.0,6.0,25.0,0.67,0.17,0.04,0.17,0.0,0.0,89.0,94.0,36,89.0,34,0,,2,1.11,39.0,49.0,-10.0,-0.28,-0.28,0.0,23.0,46.0,1.0,24.0,46.0,38.0,,,0.0,,,,,,,,,,,,,,,
ITA-Serie A,2526,Genoa,Joi Nuredini,ALB,FW,17.0,2007.0,1.0,0.0,2.0,0.0,0.0,0.0,0.0,0.0,0.0,0.0,0.0,0.0,0.0,0.0,0.0,0.0,0.0,0.0,0.0,0.0,0.0,,0.0,0.0,,,0.0,0.0,2.0,0.1,0,,0,1,2.0,4,1.0,0.0,0.0,0.0,0.0,0.26,0.0,0.0,0.0,0.0,0.0,0.0,0.0,,,0.0,,,,,,,,,,,,,,,
ITA-Serie A,2526,Genoa,Junior Messias,BRA,MF,34.0,1991.0,20.0,5.0,685.0,7.6,3.0,1.0,4.0,2.0,1.0,1.0,1.0,0.0,0.39,0.13,0.53,0.26,0.39,7.6,3.0,19.0,7.0,36.8,2.5,0.92,0.16,0.43,1.0,1.0,34.0,20.0,5,64.0,0,15,24.0,5,1.6,11.0,7.0,4.0,0.53,0.99,0.0,10.0,22.0,0.0,16.0,5.0,10.0,,,0.0,,,,,,,,,,,,,,,
ITA-Serie A,2526,Genoa,Justin Bijlow,NED,GK,27.0,1998.0,16.0,16.0,1395.0,15.5,0.0,0.0,0.0,0.0,0.0,0.0,1.0,0.0,0.0,0.0,0.0,0.0,0.0,15.5,0.0,0.0,0.0,,0.0,0.0,,,0.0,0.0,87.0,40.8,16,87.0,15,0,,1,1.31,19.0,20.0,-1.0,-0.06,0.34,0.0,1.0,1.0,0.0,0.0,0.0,0.0,,,0.0,20.0,1.29,65.0,45.0,69.2,6.0,3.0,7.0,5.0,31.3,5.0,5.0,0.0,0.0,0.0
ITA-Serie A,2526,Genoa,Latif Ouedraogo,BFA,DF,17.0,2007.0,2.0,0.0,51.0,0.6,0.0,0.0,0.0,0.0,0.0,0.0,0.0,0.0,0.0,0.0,0.0,0.0,0.0,0.6,0.0,0.0,0.0,,0.0,0.0,,,0.0,0.0,26.0,1.5,0,,0,2,26.0,6,0.5,0.0,0.0,0.0,0.0,0.27,0.0,2.0,2.0,0.0,3.0,1.0,1.0,,,0.0,,,,,,,,,,,,,,,
ITA-Serie A,2526,Genoa,Leo Østigård,NOR,DF,25.0,1999.0,30.0,30.0,2622.0,29.1,5.0,1.0,6.0,5.0,0.0,0.0,7.0,0.0,0.17,0.03,0.21,0.17,0.21,29.1,5.0,22.0,12.0,54.5,0.76,0.41,0.23,0.42,0.0,0.0,87.0,76.7,30,87.0,28,0,,2,1.13,31.0,38.0,-7.0,-0.24,0.1,0.0,38.0,15.0,3.0,1.0,30.0,27.0,,,0.0,,,,,,,,,,,,,,,
ITA-Serie A,2526,Genoa,Lorenzo Colombo,ITA,FW,23.0,2002.0,38.0,30.0,2326.0,25.8,7.0,1.0,8.0,6.0,1.0,2.0,2.0,0.0,0.27,0.04,0.31,0.23,0.27,25.8,7.0,66.0,27.0,40.9,2.55,1.04,0.11,0.26,1.0,2.0,61.0,68.0,30,72.0,2,8,22.0,0,1.08,27.0,32.0,-5.0,-0.19,0.22,0.0,41.0,55.0,3.0,16.0,1.0,12.0,,,0.0,,,,,,,,,,,,,,,
ITA-Serie A,2526,Genoa,Lorenzo Venturino,ITA,FW,19.0,2006.0,2.0,0.0,40.0,0.4,0.0,0.0,0.0,0.0,0.0,0.0,0.0,0.0,0.0,0.0,0.0,0.0,0.0,0.4,0.0,1.0,1.0,100.0,2.25,2.25,0.0,0.0,0.0,0.0,20.0,1.2,0,,0,2,20.0,19,0.5,0.0,0.0,0.0,0.0,0.27,0.0,1.0,0.0,0.0,8.0,0.0,0.0,,,0.0,,,,,,,,,,,,,,,
ITA-Serie A,2526,Genoa,Mamedi Doucouré,FRA,DF,18.0,2007.0,1.0,0.0,9.0,0.1,0.0,0.0,0.0,0.0,0.0,0.0,0.0,0.0,0.0,0.0,0.0,0.0,0.0,0.1,0.0,0.0,0.0,,0.0,0.0,,,0.0,0.0,9.0,0.3,0,,0,1,9.0,5,1.0,0.0,0.0,0.0,0.0,0.26,0.0,0.0,0.0,0.0,0.0,0.0,0.0,,,0.0,,,,,,,,,,,,,,,
ITA-Serie A,2526,Genoa,Maxwel Cornet,CIV,MF,28.0,1996.0,8.0,1.0,118.0,1.3,0.0,0.0,0.0,0.0,0.0,1.0,0.0,0.0,0.0,0.0,0.0,0.0,0.0,1.3,0.0,4.0,2.0,50.0,3.05,1.53,0.0,0.0,0.0,1.0,15.0,3.5,1,52.0,0,7,9.0,11,0.5,2.0,5.0,-3.0,-2.29,-2.1,0.0,6.0,1.0,1.0,13.0,0.0,4.0,,,0.0,,,,,,,,,,,,,,,
ITA-Serie A,2526,Genoa,Mikael Ellertsson,ISL,MF,23.0,2002.0,36.0,31.0,2767.0,30.7,1.0,1.0,2.0,1.0,0.0,0.0,1.0,1.0,0.03,0.03,0.07,0.03,0.07,30.7,1.0,26.0,6.0,23.1,0.85,0.2,0.04,0.17,0.0,0.0,77.0,80.9,31,86.0,24,5,17.0,1,0.97,28.0,43.0,-15.0,-0.49,-1.18,0.0,28.0,42.0,1.0,32.0,14.0,26.0,,,0.0,,,,,,,,,,,,,,,
ITA-Serie A,2526,Genoa,Morten Frendrup,DEN,MF,24.0,2001.0,36.0,35.0,3081.0,34.2,1.0,0.0,1.0,1.0,0.0,0.0,5.0,0.0,0.03,0.0,0.03,0.03,0.03,34.2,1.0,8.0,3.0,37.5,0.23,0.09,0.13,0.33,0.0,0.0,86.0,90.1,35,87.0,26,1,28.0,0,0.97,36.0,45.0,-9.0,-0.26,0.0,0.0,41.0,39.0,0.0,5.0,41.0,71.0,,,0.0,,,,,,,,,,,,,,,
ITA-Serie A,2526,Genoa,Morten Thorsby,NOR,MF,29.0,1996.0,13.0,8.0,731.0,8.1,2.0,1.0,3.0,2.0,0.0,0.0,2.0,0.0,0.25,0.12,0.37,0.25,0.37,8.1,2.0,10.0,4.0,40.0,1.23,0.49,0.2,0.5,0.0,0.0,56.0,21.4,8,79.0,3,5,20.0,10,1.31,14.0,13.0,1.0,0.12,0.49,0.0,15.0,5.0,5.0,5.0,3.0,1.0,,,0.0,,,,,,,,,,,,,,,
ITA-Serie A,2526,Genoa,Nicola Leali,ITA,GK,32.0,1993.0,22.0,21.0,1847.0,20.5,0.0,0.0,0.0,0.0,0.0,0.0,2.0,1.0,0.0,0.0,0.0,0.0,0.0,20.5,0.0,0.0,0.0,,0.0,0.0,,,0.0,0.0,84.0,54.0,21,86.0,20,1,45.0,15,0.91,21.0,27.0,-6.0,-0.29,-0.06,0.0,2.0,2.0,0.0,0.0,1.0,0.0,,,0.0,28.0,1.36,86.0,58.0,67.4,4.0,8.0,9.0,4.0,19.0,2.0,2.0,0.0,0.0,0.0
ITA-Serie A,2526,Genoa,Nicolae Stanciu,ROU,MF,32.0,1993.0,4.0,2.0,180.0,2.0,0.0,0.0,0.0,0.0,0.0,1.0,0.0,0.0,0.0,0.0,0.0,0.0,0.0,2.0,0.0,5.0,0.0,0.0,2.5,0.0,0.0,,0.0,1.0,45.0,5.3,2,75.0,0,2,15.0,12,0.5,0.0,1.0,-1.0,-0.5,-0.25,0.0,1.0,2.0,0.0,9.0,3.0,3.0,,,0.0,,,,,,,,,,,,,,,
ITA-Serie A,2526,Genoa,Nils Zätterström,SWE,DF,20.0,2005.0,3.0,2.0,181.0,2.0,0.0,0.0,0.0,0.0,0.0,0.0,0.0,0.0,0.0,0.0,0.0,0.0,0.0,2.0,0.0,0.0,0.0,,0.0,0.0,,,0.0,0.0,60.0,5.3,2,90.0,2,1,1.0,14,1.33,0.0,1.0,-1.0,-0.5,-0.25,0.0,3.0,0.0,0.0,0.0,2.0,0.0,,,0.0,,,,,,,,,,,,,,,
ITA-Serie A,2526,Genoa,Patrizio Masini,ITA,MF,24.0,2001.0,28.0,13.0,1413.0,15.7,0.0,1.0,1.0,0.0,0.0,0.0,5.0,0.0,0.0,0.06,0.06,0.0,0.06,15.7,0.0,18.0,5.0,27.8,1.15,0.32,0.0,0.0,0.0,0.0,50.0,41.3,13,88.0,11,15,18.0,9,1.07,15.0,22.0,-7.0,-0.45,-0.31,0.0,39.0,45.0,0.0,14.0,26.0,39.0,,,0.0,,,,,,,,,,,,,,,
ITA-Serie A,2526,Genoa,Ruslan Malinovskyi,UKR,MF,32.0,1993.0,34.0,28.0,2235.0,24.8,6.0,3.0,9.0,3.0,3.0,3.0,10.0,0.0,0.24,0.12,0.36,0.12,0.24,24.8,6.0,55.0,15.0,27.3,2.21,0.6,0.11,0.4,3.0,3.0,66.0,65.4,28,74.0,6,6,25.0,1,1.06,28.0,32.0,-4.0,-0.16,0.29,0.0,36.0,26.0,1.0,68.0,16.0,19.0,,,0.0,,,,,,,,,,,,,,,
ITA-Serie A,2526,Genoa,Sebastian Otoa,DEN,DF,21.0,2004.0,13.0,9.0,829.0,9.2,0.0,0.0,0.0,0.0,0.0,0.0,1.0,0.0,0.0,0.0,0.0,0.0,0.0,9.2,0.0,3.0,2.0,66.7,0.33,0.22,0.0,0.0,0.0,0.0,64.0,24.2,9,85.0,6,4,16.0,17,1.08,9.0,17.0,-8.0,-0.87,-0.8,0.0,5.0,13.0,2.0,1.0,9.0,10.0,,,1.0,,,,,,,,,,,,,,,
ITA-Serie A,2526,Genoa,Seydou Fini,ITA,FW,19.0,2006.0,1.0,0.0,32.0,0.4,0.0,0.0,0.0,0.0,0.0,0.0,0.0,0.0,0.0,0.0,0.0,0.0,0.0,0.4,0.0,0.0,0.0,,0.0,0.0,,,0.0,0.0,32.0,0.9,0,,0,1,32.0,20,0.0,1.0,0.0,1.0,2.81,3.1,0.0,1.0,0.0,2.0,1.0,0.0,0.0,,,0.0,,,,,,,,,,,,,,,
ITA-Serie A,2526,Genoa,Stefano Sabelli,ITA,"MF,DF",32.0,1993.0,16.0,12.0,913.0,10.1,0.0,0.0,0.0,0.0,0.0,0.0,0.0,0.0,0.0,0.0,0.0,0.0,0.0,10.1,0.0,8.0,0.0,0.0,0.79,0.0,0.0,,0.0,0.0,57.0,26.7,12,73.0,1,4,10.0,22,1.56,9.0,10.0,-1.0,-0.1,0.22,0.0,6.0,19.0,0.0,27.0,3.0,14.0,,,1.0,,,,,,,,,,,,,,,
ITA-Serie A,2526,Genoa,Tommaso Baldanzi,ITA,MF,22.0,2003.0,8.0,5.0,399.0,4.4,0.0,2.0,2.0,0.0,0.0,0.0,0.0,0.0,0.0,0.45,0.45,0.0,0.45,4.4,0.0,9.0,3.0,33.3,2.03,0.68,0.0,0.0,0.0,0.0,50.0,11.7,5,62.0,0,3,30.0,1,1.25,5.0,5.0,0.0,0.0,0.3,0.0,2.0,6.0,0.0,7.0,3.0,6.0,,,0.0,,,,,,,,,,,,,,,
ITA-Serie A,2526,Genoa,Valentin Carboni,ARG,MF,20.0,2005.0,12.0,3.0,359.0,4.0,0.0,0.0,0.0,0.0,0.0,0.0,2.0,0.0,0.0,0.0,0.0,0.0,0.0,4.0,0.0,6.0,2.0,33.3,1.5,0.5,0.0,0.0,0.0,0.0,30.0,10.5,3,66.0,0,9,18.0,6,0.67,2.0,4.0,-2.0,-0.5,-0.27,0.0,11.0,5.0,0.0,7.0,2.0,8.0,,,0.0,,,,,,,,,,,,,,,
ITA-Serie A,2526,Genoa,Vitinha,POR,"FW,MF",25.0,2000.0,35.0,28.0,2226.0,24.7,5.0,1.0,6.0,5.0,0.0,0.0,5.0,0.0,0.2,0.04,0.24,0.2,0.24,24.7,5.0,65.0,20.0,30.8,2.63,0.81,0.08,0.25,0.0,0.0,64.0,65.1,28,75.0,5,7,17.0,2,1.06,26.0,34.0,-8.0,-0.32,-0.17,0.0,33.0,68.0,14.0,67.0,14.0,32.0,,,0.0,,,,,,,,,,,,,,,
ITA-Serie A,2526,Hellas Verona,Abdou Harroui,NED,MF,27.0,1998.0,23.0,11.0,907.0,10.1,1.0,0.0,1.0,0.0,1.0,1.0,3.0,0.0,0.1,0.0,0.1,0.0,0.0,10.1,1.0,12.0,2.0,16.7,1.19,0.2,0.08,0.5,1.0,1.0,39.0,26.5,11,66.0,0,12,15.0,11,0.57,7.0,21.0,-14.0,-1.39,-0.6,0.0,22.0,1.0,2.0,28.0,1.0,17.0,,,0.0,,,,,,,,,,,,,,,
ITA-Serie A,2526,Hellas Verona,Al-Musrati,LBY,MF,29.0,1996.0,18.0,8.0,844.0,9.4,0.0,1.0,1.0,0.0,0.0,0.0,6.0,1.0,0.0,0.11,0.11,0.0,0.11,9.4,0.0,9.0,1.0,11.1,0.96,0.11,0.0,0.0,0.0,0.0,47.0,24.7,8,76.0,3,10,24.0,11,0.61,7.0,19.0,-12.0,-1.28,-0.44,1.0,15.0,3.0,1.0,2.0,11.0,7.0,,,0.0,,,,,,,,,,,,,,,
ITA-Serie A,2526,Hellas Verona,Amin Sarr,SWE,"FW,MF",24.0,2001.0,34.0,9.0,1102.0,12.2,0.0,1.0,1.0,0.0,0.0,0.0,2.0,1.0,0.0,0.08,0.08,0.0,0.08,12.2,0.0,19.0,6.0,31.6,1.55,0.49,0.0,0.0,0.0,0.0,32.0,32.2,9,66.0,0,25,20.0,2,0.56,8.0,33.0,-25.0,-2.04,-1.61,1.0,25.0,22.0,7.0,12.0,4.0,9.0,,,0.0,,,,,,,,,,,,,,,
ITA-Serie A,2526,Hellas Verona,Andrias Edmundsson,FRO,DF,24.0,2000.0,15.0,15.0,1319.0,14.7,0.0,0.0,0.0,0.0,0.0,0.0,3.0,0.0,0.0,0.0,0.0,0.0,0.0,14.7,0.0,4.0,1.0,25.0,0.27,0.07,0.0,0.0,0.0,0.0,88.0,38.6,15,88.0,14,0,,0,0.47,7.0,20.0,-13.0,-0.89,0.1,0.0,13.0,7.0,0.0,4.0,28.0,20.0,,,1.0,,,,,,,,,,,,,,,
ITA-Serie A,2526,Hellas Verona,Antoine Bernede,FRA,MF,26.0,1999.0,32.0,29.0,2301.0,25.6,1.0,2.0,3.0,1.0,0.0,0.0,2.0,0.0,0.04,0.08,0.12,0.04,0.12,25.6,1.0,21.0,4.0,19.0,0.82,0.16,0.05,0.25,0.0,0.0,72.0,67.3,29,76.0,10,3,29.0,1,0.56,18.0,38.0,-20.0,-0.78,0.5,0.0,55.0,20.0,1.0,25.0,16.0,39.0,,,0.0,,,,,,,,,,,,,,,
ITA-Serie A,2526,Hellas Verona,Armel Bella Kotchap,GER,DF,23.0,2001.0,19.0,14.0,1347.0,15.0,0.0,0.0,0.0,0.0,0.0,0.0,3.0,0.0,0.0,0.0,0.0,0.0,0.0,15.0,0.0,3.0,0.0,0.0,0.2,0.0,0.0,,0.0,0.0,71.0,39.4,14,83.0,10,5,36.0,5,0.58,13.0,27.0,-14.0,-0.94,0.02,0.0,22.0,17.0,0.0,1.0,29.0,12.0,,,0.0,,,,,,,,,,,,,,,
ITA-Serie A,2526,Hellas Verona,Cheikh Niasse,SEN,MF,25.0,2000.0,19.0,11.0,970.0,10.8,0.0,1.0,1.0,0.0,0.0,0.0,1.0,0.0,0.0,0.09,0.09,0.0,0.09,10.8,0.0,6.0,1.0,16.7,0.56,0.09,0.0,0.0,0.0,0.0,51.0,28.4,11,77.0,2,8,15.0,15,0.63,10.0,20.0,-10.0,-0.93,0.03,0.0,20.0,15.0,2.0,14.0,15.0,14.0,,,0.0,,,,,,,,,,,,,,,
ITA-Serie A,2526,Hellas Verona,Daniel Mosquera,COL,FW,25.0,1999.0,22.0,5.0,597.0,6.6,0.0,2.0,2.0,0.0,0.0,0.0,1.0,0.0,0.0,0.3,0.3,0.0,0.3,6.6,0.0,16.0,5.0,31.3,2.41,0.75,0.0,0.0,0.0,0.0,27.0,17.5,5,64.0,0,17,16.0,6,0.45,8.0,12.0,-4.0,-0.6,0.42,0.0,22.0,6.0,3.0,2.0,2.0,2.0,,,0.0,,,,,,,,,,,,,,,
ITA-Serie A,2526,Hellas Verona,Daniel Oyegoke,ENG,"MF,DF",22.0,2003.0,15.0,8.0,594.0,6.6,0.0,0.0,0.0,0.0,0.0,0.0,2.0,0.0,0.0,0.0,0.0,0.0,0.0,6.6,0.0,3.0,1.0,33.3,0.45,0.15,0.0,0.0,0.0,0.0,40.0,17.4,8,62.0,1,7,14.0,10,0.53,4.0,8.0,-4.0,-0.61,0.41,0.0,13.0,5.0,1.0,32.0,7.0,9.0,,,0.0,,,,,,,,,,,,,,,
ITA-Serie A,2526,Hellas Verona,Domagoj Bradarić,CRO,MF,25.0,1999.0,29.0,23.0,1966.0,21.8,0.0,1.0,1.0,0.0,0.0,0.0,2.0,0.0,0.0,0.05,0.05,0.0,0.05,21.8,0.0,13.0,6.0,46.2,0.6,0.27,0.0,0.0,0.0,0.0,68.0,57.5,23,80.0,12,6,23.0,5,0.45,17.0,39.0,-22.0,-1.01,-0.14,0.0,8.0,10.0,2.0,108.0,9.0,20.0,,,0.0,,,,,,,,,,,,,,,
ITA-Serie A,2526,Hellas Verona,Enzo Ebosse,CMR,DF,26.0,1999.0,4.0,3.0,214.0,2.4,0.0,0.0,0.0,0.0,0.0,0.0,1.0,0.0,0.0,0.0,0.0,0.0,0.0,2.4,0.0,1.0,0.0,0.0,0.42,0.0,0.0,,0.0,0.0,54.0,6.3,3,68.0,1,1,9.0,19,0.5,1.0,6.0,-5.0,-2.1,-1.23,0.0,5.0,1.0,0.0,0.0,0.0,1.0,,,0.0,,,,,,,,,,,,,,,
ITA-Serie A,2526,Hellas Verona,Fallou Cham,GAM,MF,19.0,2006.0,6.0,3.0,228.0,2.5,0.0,0.0,0.0,0.0,0.0,0.0,0.0,0.0,0.0,0.0,0.0,0.0,0.0,2.5,0.0,5.0,2.0,40.0,1.97,0.79,0.0,0.0,0.0,0.0,38.0,6.7,3,62.0,0,3,14.0,30,0.5,1.0,6.0,-5.0,-1.97,-1.1,0.0,7.0,5.0,1.0,10.0,4.0,9.0,,,0.0,,,,,,,,,,,,,,,
ITA-Serie A,2526,Hellas Verona,Gift Orban,NGA,FW,23.0,2002.0,28.0,23.0,2027.0,22.5,7.0,2.0,9.0,5.0,2.0,2.0,4.0,1.0,0.31,0.09,0.4,0.22,0.31,22.5,7.0,85.0,28.0,32.9,3.77,1.24,0.08,0.25,2.0,2.0,72.0,59.3,23,79.0,9,5,40.0,1,0.5,14.0,33.0,-19.0,-0.84,0.25,0.0,22.0,20.0,20.0,14.0,3.0,3.0,,,0.0,,,,,,,,,,,,,,,
ITA-Serie A,2526,Hellas Verona,Giovane,BRA,"FW,MF",21.0,2003.0,21.0,19.0,1533.0,17.0,3.0,4.0,7.0,3.0,0.0,0.0,2.0,0.0,0.18,0.23,0.41,0.18,0.41,17.0,3.0,47.0,25.0,53.2,2.76,1.47,0.06,0.12,0.0,0.0,73.0,44.8,19,77.0,8,2,33.0,0,0.67,12.0,23.0,-11.0,-0.65,0.55,0.0,21.0,15.0,8.0,56.0,5.0,9.0,,,0.0,,,,,,,,,,,,,,,
ITA-Serie A,2526,Hellas Verona,Grigoris Kastanos,CYP,MF,27.0,1998.0,6.0,0.0,44.0,0.5,0.0,0.0,0.0,0.0,0.0,0.0,0.0,0.0,0.0,0.0,0.0,0.0,0.0,0.5,0.0,1.0,0.0,0.0,2.05,0.0,0.0,,0.0,0.0,7.0,1.3,0,,0,6,7.0,11,0.67,0.0,2.0,-2.0,-4.09,-3.18,0.0,3.0,1.0,0.0,2.0,3.0,3.0,,,0.0,,,,,,,,,,,,,,,
ITA-Serie A,2526,Hellas Verona,Ioan Vermeșan,ROU,FW,18.0,2006.0,6.0,0.0,80.0,0.9,0.0,0.0,0.0,0.0,0.0,0.0,0.0,0.0,0.0,0.0,0.0,0.0,0.0,0.9,0.0,4.0,1.0,25.0,4.5,1.13,0.0,0.0,0.0,0.0,13.0,2.3,0,,0,6,13.0,7,0.33,1.0,1.0,0.0,0.0,0.97,0.0,0.0,1.0,0.0,0.0,0.0,0.0,,,0.0,,,,,,,,,,,,,,,
ITA-Serie A,2526,Hellas Verona,Isaac,BRA,FW,21.0,2004.0,3.0,0.0,40.0,0.4,0.0,0.0,0.0,0.0,0.0,0.0,0.0,0.0,0.0,0.0,0.0,0.0,0.0,0.4,0.0,0.0,0.0,,0.0,0.0,,,0.0,0.0,13.0,1.2,0,,0,3,13.0,16,0.0,0.0,0.0,0.0,0.0,0.96,0.0,1.0,2.0,0.0,1.0,0.0,0.0,,,0.0,,,,,,,,,,,,,,,
ITA-Serie A,2526,Hellas Verona,Jean-Daniel Akpa-Akpro,CIV,MF,32.0,1992.0,22.0,17.0,1504.0,16.7,1.0,0.0,1.0,1.0,0.0,0.0,9.0,0.0,0.06,0.0,0.06,0.06,0.06,16.7,1.0,13.0,4.0,30.8,0.78,0.24,0.08,0.25,0.0,0.0,68.0,44.0,17,76.0,7,5,41.0,1,0.5,10.0,19.0,-9.0,-0.54,0.73,0.0,39.0,15.0,0.0,17.0,22.0,32.0,,,0.0,,,,,,,,,,,,,,,
ITA-Serie A,2526,Hellas Verona,Junior Ajayi,CIV,FW,20.0,2004.0,1.0,0.0,1.0,0.0,0.0,0.0,0.0,0.0,0.0,0.0,0.0,0.0,0.0,0.0,0.0,0.0,0.0,0.0,0.0,0.0,0.0,,0.0,0.0,,,0.0,0.0,1.0,0.0,0,,0,1,1.0,22,1.0,0.0,0.0,0.0,0.0,0.95,0.0,0.0,0.0,0.0,0.0,0.0,0.0,,,0.0,,,,,,,,,,,,,,,
ITA-Serie A,2526,Hellas Verona,Kieron Bowie,SCO,FW,22.0,2002.0,14.0,14.0,1200.0,13.3,4.0,0.0,4.0,4.0,0.0,0.0,1.0,0.0,0.3,0.0,0.3,0.3,0.3,13.3,4.0,33.0,11.0,33.3,2.48,0.82,0.12,0.36,0.0,0.0,86.0,35.1,14,86.0,10,0,,0,0.5,7.0,18.0,-11.0,-0.82,0.19,0.0,34.0,27.0,3.0,6.0,0.0,3.0,,,0.0,,,,,,,,,,,,,,,
ITA-Serie A,2526,Hellas Verona,Lorenzo Montipò,ITA,GK,29.0,1996.0,35.0,35.0,3150.0,35.0,0.0,1.0,1.0,0.0,0.0,0.0,0.0,0.0,0.0,0.03,0.03,0.0,0.03,35.0,0.0,0.0,0.0,,0.0,0.0,,,0.0,0.0,90.0,92.1,35,90.0,35,0,,3,0.57,24.0,54.0,-30.0,-0.86,1.14,0.0,0.0,8.0,0.0,0.0,0.0,0.0,,,0.0,54.0,1.54,142.0,87.0,62.0,3.0,11.0,21.0,5.0,14.3,5.0,2.0,3.0,0.0,60.0
ITA-Serie A,2526,Hellas Verona,Martin Frese,DEN,"MF,DF",27.0,1998.0,31.0,27.0,2408.0,26.8,2.0,0.0,2.0,2.0,0.0,0.0,8.0,0.0,0.07,0.0,0.07,0.07,0.07,26.8,2.0,21.0,11.0,52.4,0.78,0.41,0.1,0.18,0.0,0.0,78.0,70.4,27,83.0,17,4,40.0,3,0.61,16.0,40.0,-24.0,-0.9,0.17,0.0,46.0,20.0,4.0,74.0,30.0,54.0,,,1.0,,,,,,,,,,,,,,,
ITA-Serie A,2526,Hellas Verona,Nicolás Valentini,ARG,DF,24.0,2001.0,21.0,15.0,1409.0,15.7,0.0,0.0,0.0,0.0,0.0,0.0,8.0,1.0,0.0,0.0,0.0,0.0,0.0,15.7,0.0,16.0,7.0,43.8,1.02,0.45,0.0,0.0,0.0,0.0,67.0,41.2,15,86.0,13,6,21.0,6,0.71,10.0,22.0,-12.0,-0.77,0.31,1.0,30.0,7.0,1.0,15.0,16.0,18.0,,,0.0,,,,,,,,,,,,,,,
ITA-Serie A,2526,Hellas Verona,Pol Lirola,ESP,MF,27.0,1997.0,6.0,3.0,305.0,3.4,0.0,0.0,0.0,0.0,0.0,0.0,1.0,0.0,0.0,0.0,0.0,0.0,0.0,3.4,0.0,0.0,0.0,,0.0,0.0,,,0.0,0.0,51.0,8.9,3,70.0,0,3,32.0,8,0.5,1.0,6.0,-5.0,-1.48,-0.58,0.0,3.0,0.0,0.0,16.0,2.0,3.0,,,0.0,,,,,,,,,,,,,,,
ITA-Serie A,2526,Hellas Verona,Rafik Belghali,ALG,MF,23.0,2002.0,26.0,22.0,1920.0,21.3,2.0,0.0,2.0,2.0,0.0,0.0,6.0,0.0,0.09,0.0,0.09,0.09,0.09,21.3,2.0,21.0,6.0,28.6,0.98,0.28,0.1,0.33,0.0,0.0,74.0,56.1,22,82.0,12,4,29.0,1,0.58,15.0,28.0,-13.0,-0.61,0.77,0.0,20.0,10.0,6.0,60.0,17.0,13.0,,,0.0,,,,,,,,,,,,,,,
ITA-Serie A,2526,Hellas Verona,Roberto Gagliardini,ITA,MF,31.0,1994.0,29.0,25.0,2272.0,25.2,1.0,0.0,1.0,1.0,0.0,0.0,9.0,0.0,0.04,0.0,0.04,0.04,0.04,25.2,1.0,15.0,3.0,20.0,0.59,0.12,0.07,0.33,0.0,0.0,78.0,66.4,25,84.0,19,4,43.0,1,0.52,17.0,36.0,-19.0,-0.75,0.58,0.0,45.0,35.0,0.0,16.0,56.0,40.0,,,0.0,,,,,,,,,,,,,,,
ITA-Serie A,2526,Hellas Verona,Sandi Lovrić,SVN,MF,27.0,1998.0,7.0,3.0,309.0,3.4,0.0,0.0,0.0,0.0,0.0,0.0,1.0,0.0,0.0,0.0,0.0,0.0,0.0,3.4,0.0,2.0,1.0,50.0,0.58,0.29,0.0,0.0,0.0,0.0,44.0,9.0,3,75.0,0,4,21.0,0,0.57,0.0,3.0,-3.0,-0.87,0.08,0.0,5.0,3.0,0.0,24.0,5.0,6.0,,,0.0,,,,,,,,,,,,,,,
ITA-Serie A,2526,Hellas Verona,Simone Perilli,ITA,GK,30.0,1995.0,3.0,3.0,270.0,3.0,0.0,0.0,0.0,0.0,0.0,0.0,0.0,0.0,0.0,0.0,0.0,0.0,0.0,3.0,0.0,0.0,0.0,,0.0,0.0,,,0.0,0.0,90.0,7.9,3,90.0,3,0,,35,0.33,1.0,7.0,-6.0,-2.0,-1.14,0.0,0.0,0.0,0.0,0.0,0.0,0.0,,,0.0,7.0,2.33,15.0,8.0,53.3,0.0,1.0,2.0,1.0,33.3,0.0,0.0,0.0,0.0,
ITA-Serie A,2526,Hellas Verona,Suat Serdar,GER,MF,28.0,1997.0,20.0,12.0,1108.0,12.3,2.0,0.0,2.0,2.0,0.0,0.0,3.0,0.0,0.16,0.0,0.16,0.16,0.16,12.3,2.0,19.0,7.0,36.8,1.54,0.57,0.11,0.29,0.0,0.0,55.0,32.4,12,78.0,4,8,21.0,0,0.55,8.0,24.0,-16.0,-1.3,-0.52,0.0,19.0,12.0,1.0,7.0,10.0,20.0,,,0.0,,,,,,,,,,,,,,,
ITA-Serie A,2526,Hellas Verona,Tobias Slotsager,DEN,DF,19.0,2006.0,8.0,4.0,446.0,5.0,0.0,0.0,0.0,0.0,0.0,0.0,0.0,0.0,0.0,0.0,0.0,0.0,0.0,5.0,0.0,3.0,1.0,33.3,0.61,0.2,0.0,0.0,0.0,0.0,56.0,13.0,4,90.0,4,4,22.0,28,0.38,2.0,9.0,-7.0,-1.41,-0.53,0.0,3.0,5.0,0.0,2.0,3.0,7.0,,,0.0,,,,,,,,,,,,,,,
ITA-Serie A,2526,Hellas Verona,Tomáš Suslov,SVK,FW,23.0,2002.0,11.0,5.0,446.0,5.0,0.0,0.0,0.0,0.0,0.0,0.0,1.0,1.0,0.0,0.0,0.0,0.0,0.0,5.0,0.0,12.0,4.0,33.3,2.42,0.81,0.0,0.0,0.0,0.0,41.0,13.0,5,68.0,1,6,18.0,0,0.55,1.0,7.0,-6.0,-1.21,-0.3,0.0,9.0,12.0,0.0,21.0,1.0,6.0,,,0.0,,,,,,,,,,,,,,,
ITA-Serie A,2526,Hellas Verona,Unai Núñez,ESP,DF,28.0,1997.0,17.0,15.0,1265.0,14.1,0.0,0.0,0.0,0.0,0.0,0.0,6.0,0.0,0.0,0.0,0.0,0.0,0.0,14.1,0.0,7.0,1.0,14.3,0.5,0.07,0.0,0.0,0.0,0.0,74.0,37.0,15,82.0,12,2,21.0,1,0.71,12.0,26.0,-14.0,-1.0,-0.08,0.0,27.0,10.0,0.0,11.0,23.0,18.0,,,1.0,,,,,,,,,,,,,,,
ITA-Serie A,2526,Hellas Verona,Victor Nelsson,DEN,DF,26.0,1998.0,38.0,37.0,3315.0,36.8,0.0,0.0,0.0,0.0,0.0,0.0,4.0,0.0,0.0,0.0,0.0,0.0,0.0,36.8,0.0,8.0,1.0,12.5,0.22,0.03,0.0,0.0,0.0,0.0,87.0,96.9,37,89.0,35,1,13.0,0,0.55,22.0,59.0,-37.0,-1.0,-1.86,0.0,44.0,20.0,0.0,5.0,75.0,45.0,,,1.0,,,,,,,,,,,,,,,
ITA-Serie A,2526,Hellas Verona,Yellu Santiago,ESP,MF,21.0,2004.0,2.0,0.0,6.0,0.1,0.0,0.0,0.0,0.0,0.0,0.0,0.0,0.0,0.0,0.0,0.0,0.0,0.0,0.1,0.0,2.0,1.0,50.0,30.0,15.0,0.0,0.0,0.0,0.0,3.0,0.2,0,,0,2,3.0,12,1.0,0.0,0.0,0.0,0.0,0.95,0.0,0.0,1.0,0.0,0.0,0.0,0.0,,,0.0,,,,,,,,,,,,,,,
ITA-Serie A,2526,Inter,Alessandro Bastoni,ITA,DF,26.0,1999.0,28.0,28.0,2239.0,24.9,1.0,4.0,5.0,1.0,0.0,0.0,6.0,0.0,0.04,0.16,0.2,0.04,0.2,24.9,1.0,17.0,8.0,47.1,0.68,0.32,0.06,0.13,0.0,0.0,80.0,65.5,28,80.0,16,0,,7,2.39,62.0,21.0,41.0,1.65,0.66,0.0,45.0,20.0,0.0,85.0,21.0,39.0,,,0.0,,,,,,,,,,,,,,,
ITA-Serie A,2526,Inter,Andy Diouf,FRA,MF,22.0,2003.0,19.0,4.0,493.0,5.5,1.0,0.0,1.0,1.0,0.0,0.0,1.0,0.0,0.18,0.0,0.18,0.18,0.18,5.5,1.0,10.0,3.0,30.0,1.83,0.55,0.1,0.33,0.0,0.0,26.0,14.4,4,75.0,2,15,13.0,17,2.37,16.0,5.0,11.0,2.01,0.69,0.0,5.0,3.0,1.0,6.0,1.0,6.0,,,0.0,,,,,,,,,,,,,,,
ITA-Serie A,2526,Inter,Ange-Yoan Bonny,CIV,FW,21.0,2003.0,33.0,10.0,1142.0,12.7,5.0,4.0,9.0,5.0,0.0,0.0,1.0,0.0,0.39,0.32,0.71,0.39,0.71,12.7,5.0,22.0,9.0,40.9,1.73,0.71,0.23,0.56,0.0,0.0,35.0,33.4,10,67.0,1,23,21.0,2,2.18,35.0,11.0,24.0,1.89,0.71,0.0,17.0,24.0,9.0,6.0,1.0,9.0,,,0.0,,,,,,,,,,,,,,,
ITA-Serie A,2526,Inter,Benjamin Pavard,FRA,DF,29.0,1996.0,1.0,1.0,90.0,1.0,0.0,0.0,0.0,0.0,0.0,0.0,0.0,0.0,0.0,0.0,0.0,0.0,0.0,1.0,0.0,1.0,1.0,100.0,1.0,1.0,0.0,0.0,0.0,0.0,90.0,2.6,1,90.0,1,0,,1,3.0,5.0,0.0,5.0,5.0,3.68,0.0,1.0,0.0,0.0,0.0,2.0,1.0,,,0.0,,,,,,,,,,,,,,,
ITA-Serie A,2526,Inter,Carlos Augusto,BRA,"MF,DF",26.0,1999.0,34.0,18.0,1763.0,19.6,1.0,1.0,2.0,1.0,0.0,0.0,6.0,0.0,0.05,0.05,0.1,0.05,0.1,19.6,1.0,20.0,6.0,30.0,1.02,0.31,0.05,0.17,0.0,0.0,52.0,51.5,18,81.0,12,16,19.0,2,2.29,41.0,19.0,22.0,1.12,-0.61,0.0,26.0,13.0,0.0,46.0,19.0,22.0,,,0.0,,,,,,,,,,,,,,,
ITA-Serie A,2526,Inter,Davide Frattesi,ITA,MF,25.0,1999.0,22.0,3.0,569.0,6.3,0.0,0.0,0.0,0.0,0.0,0.0,0.0,0.0,0.0,0.0,0.0,0.0,0.0,6.3,0.0,16.0,4.0,25.0,2.53,0.63,0.0,0.0,0.0,0.0,26.0,16.6,3,80.0,2,19,17.0,14,2.45,15.0,4.0,11.0,1.74,0.38,0.0,9.0,11.0,2.0,2.0,3.0,7.0,,,0.0,,,,,,,,,,,,,,,
ITA-Serie A,2526,Inter,Denzel Dumfries,NED,MF,29.0,1996.0,20.0,15.0,1325.0,14.7,3.0,1.0,4.0,3.0,0.0,0.0,2.0,0.0,0.2,0.07,0.27,0.2,0.27,14.7,3.0,23.0,5.0,21.7,1.56,0.34,0.13,0.6,0.0,0.0,66.0,38.7,15,80.0,8,5,25.0,2,2.1,36.0,14.0,22.0,1.49,0.12,0.0,20.0,13.0,2.0,34.0,7.0,9.0,,,0.0,,,,,,,,,,,,,,,
ITA-Serie A,2526,Inter,Federico Dimarco,ITA,MF,27.0,1997.0,35.0,30.0,2698.0,30.0,7.0,16.0,23.0,7.0,0.0,0.0,3.0,0.0,0.23,0.53,0.77,0.23,0.77,30.0,7.0,65.0,22.0,33.8,2.17,0.73,0.11,0.32,0.0,0.0,77.0,78.9,30,84.0,20,5,36.0,3,2.23,73.0,27.0,46.0,1.53,0.54,0.0,41.0,23.0,5.0,295.0,30.0,31.0,,,0.0,,,,,,,,,,,,,,,
ITA-Serie A,2526,Inter,Francesco Acerbi,ITA,DF,37.0,1988.0,18.0,15.0,1378.0,15.3,0.0,1.0,1.0,0.0,0.0,0.0,3.0,0.0,0.0,0.07,0.07,0.0,0.07,15.3,0.0,3.0,1.0,33.3,0.2,0.07,0.0,0.0,0.0,0.0,77.0,40.3,15,88.0,12,3,22.0,18,2.11,34.0,18.0,16.0,1.04,-0.63,0.0,17.0,13.0,3.0,3.0,18.0,9.0,,,0.0,,,,,,,,,,,,,,,
ITA-Serie A,2526,Inter,Francesco Esposito,ITA,FW,20.0,2005.0,35.0,15.0,1571.0,17.5,7.0,3.0,10.0,7.0,0.0,0.0,1.0,0.0,0.4,0.17,0.57,0.4,0.57,17.5,7.0,57.0,23.0,40.4,3.27,1.32,0.12,0.3,0.0,0.0,45.0,45.9,15,74.0,5,20,23.0,1,2.31,37.0,18.0,19.0,1.09,-0.62,0.0,29.0,50.0,2.0,4.0,5.0,5.0,,,0.0,,,,,,,,,,,,,,,
ITA-Serie A,2526,Inter,Hakan Çalhanoğlu,TUR,MF,31.0,1994.0,22.0,20.0,1639.0,18.2,9.0,4.0,13.0,5.0,4.0,5.0,7.0,0.0,0.49,0.22,0.71,0.27,0.49,18.2,9.0,50.0,17.0,34.0,2.75,0.93,0.18,0.53,4.0,5.0,75.0,47.9,20,79.0,7,2,35.0,5,2.27,43.0,16.0,27.0,1.48,0.12,0.0,28.0,11.0,0.0,86.0,19.0,17.0,,,0.0,,,,,,,,,,,,,,,
ITA-Serie A,2526,Inter,Henrikh Mkhitaryan,ARM,MF,36.0,1989.0,30.0,16.0,1560.0,17.3,4.0,1.0,5.0,4.0,0.0,0.0,5.0,0.0,0.23,0.06,0.29,0.23,0.29,17.3,4.0,43.0,14.0,32.6,2.48,0.81,0.09,0.29,0.0,0.0,52.0,45.6,16,76.0,7,14,24.0,3,2.27,44.0,12.0,32.0,1.85,0.78,0.0,28.0,17.0,3.0,42.0,15.0,27.0,,,0.0,,,,,,,,,,,,,,,
ITA-Serie A,2526,Inter,Josep Martinez,ESP,GK,27.0,1998.0,5.0,5.0,450.0,5.0,0.0,0.0,0.0,0.0,0.0,0.0,0.0,0.0,0.0,0.0,0.0,0.0,0.0,5.0,0.0,0.0,0.0,,0.0,0.0,,,0.0,0.0,90.0,13.2,5,90.0,5,0,,29,2.6,13.0,4.0,9.0,1.8,0.44,0.0,0.0,0.0,0.0,0.0,0.0,0.0,,,0.0,4.0,0.8,14.0,10.0,71.4,4.0,1.0,0.0,3.0,60.0,0.0,0.0,0.0,0.0,
ITA-Serie A,2526,Inter,Lautaro Martínez,ARG,FW,27.0,1997.0,30.0,27.0,2159.0,24.0,17.0,6.0,23.0,17.0,0.0,0.0,4.0,0.0,0.71,0.25,0.96,0.71,0.96,24.0,17.0,92.0,39.0,42.4,3.84,1.63,0.18,0.44,0.0,0.0,72.0,63.1,27,77.0,4,3,24.0,3,2.4,60.0,21.0,39.0,1.63,0.56,0.0,47.0,47.0,8.0,17.0,6.0,13.0,,,0.0,,,,,,,,,,,,,,,
ITA-Serie A,2526,Inter,Luis Henrique,BRA,MF,23.0,2001.0,30.0,18.0,1624.0,18.0,1.0,2.0,3.0,1.0,0.0,0.0,1.0,0.0,0.06,0.11,0.17,0.06,0.17,18.0,1.0,15.0,7.0,46.7,0.83,0.39,0.07,0.14,0.0,0.0,54.0,47.5,18,75.0,8,12,23.0,7,2.47,35.0,14.0,21.0,1.16,-0.49,0.0,5.0,0.0,1.0,39.0,7.0,16.0,,,0.0,,,,,,,,,,,,,,,
ITA-Serie A,2526,Inter,Luka Topalović,SVN,MF,19.0,2006.0,1.0,0.0,10.0,0.1,0.0,1.0,1.0,0.0,0.0,0.0,0.0,0.0,0.0,9.0,9.0,0.0,9.0,0.1,0.0,0.0,0.0,,0.0,0.0,,,0.0,0.0,10.0,0.3,0,,0,1,10.0,1,1.0,1.0,0.0,1.0,9.0,7.6,0.0,0.0,0.0,0.0,0.0,0.0,0.0,,,0.0,,,,,,,,,,,,,,,
ITA-Serie A,2526,Inter,Manuel Akanji,SUI,DF,30.0,1995.0,33.0,31.0,2821.0,31.3,2.0,0.0,2.0,2.0,0.0,0.0,4.0,0.0,0.06,0.0,0.06,0.06,0.06,31.3,2.0,23.0,6.0,26.1,0.73,0.19,0.09,0.33,0.0,0.0,85.0,82.5,31,90.0,30,2,21.0,2,2.39,73.0,26.0,47.0,1.5,0.45,0.0,26.0,18.0,2.0,3.0,37.0,24.0,,,0.0,,,,,,,,,,,,,,,
ITA-Serie A,2526,Inter,Marcus Thuram,FRA,FW,27.0,1997.0,29.0,24.0,1900.0,21.1,13.0,6.0,19.0,13.0,0.0,0.0,2.0,0.0,0.62,0.28,0.9,0.62,0.9,21.1,13.0,74.0,29.0,39.2,3.51,1.37,0.18,0.45,0.0,0.0,66.0,55.6,24,75.0,6,5,22.0,2,2.41,47.0,19.0,28.0,1.33,-0.21,0.0,43.0,41.0,15.0,21.0,1.0,13.0,,,0.0,,,,,,,,,,,,,,,
ITA-Serie A,2526,Inter,Matteo Cocchi,ITA,DF,18.0,2007.0,1.0,0.0,17.0,0.2,0.0,0.0,0.0,0.0,0.0,0.0,0.0,0.0,0.0,0.0,0.0,0.0,0.0,0.2,0.0,0.0,0.0,,0.0,0.0,,,0.0,0.0,17.0,0.5,0,,0,1,17.0,20,1.0,1.0,0.0,1.0,5.29,3.89,0.0,0.0,0.0,0.0,0.0,0.0,0.0,,,0.0,,,,,,,,,,,,,,,
ITA-Serie A,2526,Inter,Matteo Darmian,ITA,"MF,DF",35.0,1989.0,6.0,2.0,248.0,2.8,0.0,0.0,0.0,0.0,0.0,0.0,0.0,0.0,0.0,0.0,0.0,0.0,0.0,2.8,0.0,0.0,0.0,,0.0,0.0,,,0.0,0.0,41.0,7.3,2,71.0,0,4,27.0,19,1.83,5.0,5.0,0.0,0.0,-1.53,0.0,4.0,2.0,1.0,5.0,1.0,3.0,,,0.0,,,,,,,,,,,,,,,
ITA-Serie A,2526,Inter,Matteo Lavelli,ITA,FW,18.0,2006.0,1.0,0.0,8.0,0.1,0.0,0.0,0.0,0.0,0.0,0.0,0.0,0.0,0.0,0.0,0.0,0.0,0.0,0.1,0.0,0.0,0.0,,0.0,0.0,,,0.0,0.0,8.0,0.2,0,,0,1,8.0,5,3.0,0.0,0.0,0.0,0.0,-1.42,0.0,0.0,0.0,0.0,1.0,0.0,0.0,,,0.0,,,,,,,,,,,,,,,
ITA-Serie A,2526,Inter,Mattia Mosconi,ITA,FW,18.0,2007.0,2.0,0.0,27.0,0.3,0.0,0.0,0.0,0.0,0.0,0.0,0.0,0.0,0.0,0.0,0.0,0.0,0.0,0.3,0.0,2.0,0.0,0.0,6.67,0.0,0.0,,0.0,0.0,14.0,0.8,0,,0,2,14.0,6,2.0,0.0,1.0,-1.0,-3.33,-4.79,0.0,1.0,2.0,0.0,0.0,0.0,0.0,,,0.0,,,,,,,,,,,,,,,
ITA-Serie A,2526,Inter,Nicolò Barella,ITA,MF,28.0,1997.0,34.0,31.0,2517.0,28.0,3.0,8.0,11.0,3.0,0.0,0.0,7.0,0.0,0.11,0.29,0.39,0.11,0.39,28.0,3.0,35.0,5.0,14.3,1.25,0.18,0.09,0.6,0.0,0.0,74.0,73.6,31,78.0,11,3,29.0,1,2.26,61.0,25.0,36.0,1.29,-0.51,0.0,33.0,22.0,4.0,102.0,9.0,31.0,,,0.0,,,,,,,,,,,,,,,
ITA-Serie A,2526,Inter,Petar Sučić,CRO,MF,21.0,2003.0,34.0,21.0,1765.0,19.6,2.0,2.0,4.0,2.0,0.0,0.0,5.0,0.0,0.1,0.1,0.2,0.1,0.2,19.6,2.0,22.0,6.0,27.3,1.12,0.31,0.09,0.33,0.0,0.0,52.0,51.6,21,74.0,7,13,16.0,3,2.21,42.0,21.0,21.0,1.07,-0.72,0.0,30.0,25.0,0.0,43.0,9.0,25.0,,,0.0,,,,,,,,,,,,,,,
ITA-Serie A,2526,Inter,Piotr Zieliński,POL,MF,31.0,1994.0,34.0,22.0,2045.0,22.7,6.0,3.0,9.0,5.0,1.0,1.0,3.0,0.0,0.26,0.13,0.4,0.22,0.35,22.7,6.0,29.0,10.0,34.5,1.28,0.44,0.21,0.6,1.0,1.0,60.0,59.8,22,80.0,11,12,23.0,4,2.21,55.0,26.0,29.0,1.28,-0.36,0.0,18.0,18.0,0.0,23.0,7.0,19.0,,,1.0,,,,,,,,,,,,,,,
ITA-Serie A,2526,Inter,Raffaele Di Gennaro,ITA,GK,31.0,1993.0,1.0,0.0,10.0,0.1,0.0,0.0,0.0,0.0,0.0,0.0,0.0,0.0,0.0,0.0,0.0,0.0,0.0,0.1,0.0,0.0,0.0,,0.0,0.0,,,0.0,0.0,10.0,0.3,0,,0,1,10.0,22,1.0,0.0,1.0,-1.0,-9.0,-10.45,0.0,0.0,0.0,0.0,0.0,0.0,0.0,,,0.0,1.0,9.0,2.0,1.0,50.0,0.0,0.0,0.0,0.0,,0.0,0.0,0.0,0.0,
ITA-Serie A,2526,Inter,Stefan de Vrij,NED,DF,33.0,1992.0,11.0,8.0,670.0,7.4,0.0,0.0,0.0,0.0,0.0,0.0,1.0,0.0,0.0,0.0,0.0,0.0,0.0,7.4,0.0,6.0,2.0,33.3,0.81,0.27,0.0,0.0,0.0,0.0,61.0,19.6,8,82.0,5,3,5.0,27,2.45,19.0,8.0,11.0,1.48,0.07,0.0,5.0,5.0,0.0,0.0,7.0,12.0,,,0.0,,,,,,,,,,,,,,,
ITA-Serie A,2526,Inter,Yann Aurel Bisseck,GER,DF,24.0,2000.0,23.0,21.0,1922.0,21.4,3.0,1.0,4.0,3.0,0.0,0.0,2.0,0.0,0.14,0.05,0.19,0.14,0.19,21.4,3.0,25.0,12.0,48.0,1.17,0.56,0.12,0.25,0.0,0.0,84.0,56.2,21,89.0,19,2,24.0,12,2.3,50.0,19.0,31.0,1.45,0.07,0.0,21.0,16.0,3.0,12.0,23.0,18.0,,,0.0,,,,,,,,,,,,,,,
ITA-Serie A,2526,Inter,Yann Sommer,SUI,GK,36.0,1988.0,33.0,33.0,2960.0,32.9,0.0,0.0,0.0,0.0,0.0,0.0,0.0,0.0,0.0,0.0,0.0,0.0,0.0,32.9,0.0,0.0,0.0,,0.0,0.0,,,0.0,0.0,90.0,86.5,33,90.0,32,0,,5,2.24,76.0,30.0,46.0,1.4,-0.17,0.0,0.0,2.0,0.0,0.0,0.0,0.0,,,0.0,30.0,0.91,95.0,64.0,68.4,23.0,5.0,5.0,15.0,45.5,4.0,4.0,0.0,0.0,0.0
ITA-Serie A,2526,Juventus,Andrea Cambiaso,ITA,"MF,DF",25.0,2000.0,36.0,35.0,2769.0,30.8,3.0,4.0,7.0,3.0,0.0,0.0,3.0,1.0,0.1,0.13,0.23,0.1,0.23,30.8,3.0,26.0,13.0,50.0,0.85,0.42,0.12,0.23,0.0,0.0,77.0,81.0,35,78.0,8,1,45.0,0,1.75,45.0,26.0,19.0,0.62,-0.49,0.0,29.0,21.0,2.0,123.0,20.0,39.0,,,2.0,,,,,,,,,,,,,,,
ITA-Serie A,2526,Juventus,Arkadiusz Milik,POL,FW,31.0,1994.0,2.0,0.0,36.0,0.4,0.0,0.0,0.0,0.0,0.0,0.0,0.0,0.0,0.0,0.0,0.0,0.0,0.0,0.4,0.0,2.0,2.0,100.0,5.0,5.0,0.0,0.0,0.0,0.0,18.0,1.1,0,,0,2,18.0,6,2.0,0.0,0.0,0.0,0.0,-0.72,0.0,1.0,0.0,0.0,0.0,0.0,0.0,,,0.0,,,,,,,,,,,,,,,
ITA-Serie A,2526,Juventus,Daniele Rugani,ITA,DF,31.0,1994.0,6.0,3.0,250.0,2.8,0.0,0.0,0.0,0.0,0.0,0.0,0.0,0.0,0.0,0.0,0.0,0.0,0.0,2.8,0.0,0.0,0.0,,0.0,0.0,,,0.0,0.0,42.0,7.3,3,71.0,0,3,13.0,7,1.83,2.0,3.0,-1.0,-0.36,-1.15,0.0,2.0,0.0,0.0,0.0,5.0,3.0,,,0.0,,,,,,,,,,,,,,,
ITA-Serie A,2526,Juventus,Dušan Vlahović,SRB,FW,25.0,2000.0,19.0,11.0,968.0,10.8,7.0,1.0,8.0,6.0,1.0,1.0,0.0,0.0,0.65,0.09,0.74,0.56,0.65,10.8,7.0,49.0,18.0,36.7,4.56,1.67,0.14,0.39,1.0,1.0,51.0,28.3,11,73.0,2,8,21.0,1,1.58,16.0,12.0,4.0,0.37,-0.47,0.0,9.0,18.0,9.0,3.0,2.0,3.0,,,0.0,,,,,,,,,,,,,,,
ITA-Serie A,2526,Juventus,Edon Zhegrova,KVX,MF,26.0,1999.0,19.0,0.0,382.0,4.2,0.0,0.0,0.0,0.0,0.0,0.0,1.0,0.0,0.0,0.0,0.0,0.0,0.0,4.2,0.0,19.0,9.0,47.4,4.48,2.12,0.0,0.0,0.0,0.0,20.0,11.2,0,,0,19,20.0,15,1.47,10.0,4.0,6.0,1.41,0.79,0.0,4.0,6.0,2.0,48.0,0.0,3.0,,,0.0,,,,,,,,,,,,,,,
ITA-Serie A,2526,Juventus,Emil Holm,SWE,MF,25.0,2000.0,7.0,2.0,230.0,2.6,0.0,0.0,0.0,0.0,0.0,0.0,0.0,0.0,0.0,0.0,0.0,0.0,0.0,2.6,0.0,5.0,1.0,20.0,1.96,0.39,0.0,0.0,0.0,0.0,33.0,6.7,2,58.0,0,5,23.0,3,2.0,3.0,3.0,0.0,0.0,-0.76,0.0,0.0,5.0,0.0,6.0,3.0,5.0,,,0.0,,,,,,,,,,,,,,,
ITA-Serie A,2526,Juventus,Fabio Miretti,ITA,MF,21.0,2003.0,23.0,5.0,617.0,6.9,1.0,2.0,3.0,1.0,0.0,0.0,1.0,0.0,0.15,0.29,0.44,0.15,0.44,6.9,1.0,18.0,5.0,27.8,2.63,0.73,0.06,0.2,0.0,0.0,27.0,18.0,5,68.0,0,18,15.0,8,1.83,17.0,6.0,11.0,1.6,1.09,0.0,15.0,7.0,0.0,17.0,4.0,9.0,,,0.0,,,,,,,,,,,,,,,
ITA-Serie A,2526,Juventus,Federico Gatti,ITA,DF,27.0,1998.0,21.0,12.0,1093.0,12.1,2.0,0.0,2.0,2.0,0.0,0.0,3.0,0.0,0.16,0.0,0.16,0.16,0.16,12.1,2.0,14.0,6.0,42.9,1.15,0.49,0.14,0.33,0.0,0.0,52.0,32.0,12,80.0,7,9,15.0,10,2.0,12.0,13.0,-1.0,-0.08,-1.17,0.0,17.0,6.0,0.0,2.0,12.0,10.0,,,0.0,,,,,,,,,,,,,,,
ITA-Serie A,2526,Juventus,Filip Kostić,SRB,MF,32.0,1992.0,18.0,4.0,479.0,5.3,3.0,1.0,4.0,3.0,0.0,0.0,1.0,0.0,0.56,0.19,0.75,0.56,0.75,5.3,3.0,9.0,4.0,44.4,1.69,0.75,0.33,0.75,0.0,0.0,27.0,14.0,4,69.0,0,14,15.0,20,2.0,12.0,4.0,8.0,1.5,0.92,0.0,8.0,5.0,0.0,49.0,4.0,10.0,,,0.0,,,,,,,,,,,,,,,
ITA-Serie A,2526,Juventus,Francisco Conceição,POR,"MF,FW",22.0,2002.0,31.0,27.0,2078.0,23.1,3.0,5.0,8.0,3.0,0.0,0.0,3.0,0.0,0.13,0.22,0.35,0.13,0.35,23.1,3.0,73.0,23.0,31.5,3.16,1.0,0.04,0.13,0.0,0.0,67.0,60.8,27,73.0,2,4,25.0,2,1.68,30.0,18.0,12.0,0.52,-0.49,0.0,32.0,40.0,3.0,92.0,7.0,26.0,,,0.0,,,,,,,,,,,,,,,
ITA-Serie A,2526,Juventus,Gleison Bremer,BRA,DF,28.0,1997.0,26.0,25.0,2171.0,24.1,4.0,3.0,7.0,4.0,0.0,0.0,5.0,0.0,0.17,0.12,0.29,0.17,0.29,24.1,4.0,23.0,9.0,39.1,0.95,0.37,0.17,0.44,0.0,0.0,84.0,63.5,25,86.0,20,1,15.0,1,2.12,45.0,19.0,26.0,1.08,1.01,0.0,21.0,10.0,0.0,1.0,30.0,14.0,,,0.0,,,,,,,,,,,,,,,
ITA-Serie A,2526,Juventus,Jeremie Boga,CIV,"MF,FW",28.0,1997.0,15.0,6.0,679.0,7.5,4.0,0.0,4.0,4.0,0.0,0.0,1.0,0.0,0.53,0.0,0.53,0.53,0.53,7.5,4.0,24.0,12.0,50.0,3.18,1.59,0.17,0.33,0.0,0.0,45.0,19.9,6,81.0,1,9,21.0,0,1.6,15.0,6.0,9.0,1.19,0.6,0.0,3.0,7.0,1.0,30.0,2.0,3.0,,,0.0,,,,,,,,,,,,,,,
ITA-Serie A,2526,Juventus,Jonathan David,CAN,FW,25.0,2000.0,35.0,20.0,1781.0,19.8,6.0,4.0,10.0,6.0,0.0,1.0,0.0,0.0,0.3,0.2,0.51,0.3,0.51,19.8,6.0,41.0,16.0,39.0,2.07,0.81,0.15,0.38,0.0,1.0,51.0,52.1,20,73.0,4,15,21.0,3,1.91,32.0,14.0,18.0,0.91,0.42,0.0,30.0,26.0,11.0,8.0,6.0,10.0,,,0.0,,,,,,,,,,,,,,,
ITA-Serie A,2526,Juventus,João Mário Lopes,POR,MF,25.0,2000.0,10.0,2.0,258.0,2.9,0.0,0.0,0.0,0.0,0.0,0.0,1.0,0.0,0.0,0.0,0.0,0.0,0.0,2.9,0.0,3.0,0.0,0.0,1.05,0.0,0.0,,0.0,0.0,26.0,7.5,2,72.0,0,8,14.0,12,2.0,6.0,2.0,4.0,1.4,0.74,0.0,5.0,10.0,0.0,5.0,3.0,3.0,,,0.0,,,,,,,,,,,,,,,
ITA-Serie A,2526,Juventus,Juan David Cabal,COL,MF,24.0,2001.0,12.0,2.0,296.0,3.3,2.0,0.0,2.0,2.0,0.0,0.0,1.0,0.0,0.61,0.0,0.61,0.61,0.61,3.3,2.0,5.0,2.0,40.0,1.52,0.61,0.4,1.0,0.0,0.0,25.0,8.7,2,45.0,0,10,21.0,11,2.0,8.0,5.0,3.0,0.91,0.22,0.0,4.0,1.0,2.0,4.0,4.0,5.0,,,0.0,,,,,,,,,,,,,,,
ITA-Serie A,2526,Juventus,Kenan Yıldız,TUR,"MF,FW",20.0,2005.0,36.0,33.0,2825.0,31.4,10.0,6.0,16.0,9.0,1.0,2.0,2.0,0.0,0.32,0.19,0.51,0.29,0.48,31.4,10.0,97.0,40.0,41.2,3.09,1.27,0.1,0.25,1.0,2.0,78.0,82.6,33,83.0,12,3,25.0,1,1.81,49.0,26.0,23.0,0.73,0.13,0.0,23.0,56.0,7.0,122.0,7.0,14.0,,,0.0,,,,,,,,,,,,,,,
ITA-Serie A,2526,Juventus,Khéphren Thuram,FRA,MF,24.0,2001.0,35.0,30.0,2442.0,27.1,3.0,3.0,6.0,3.0,0.0,0.0,2.0,0.0,0.11,0.11,0.22,0.11,0.22,27.1,3.0,50.0,15.0,30.0,1.84,0.55,0.06,0.2,0.0,0.0,70.0,71.4,30,77.0,14,5,25.0,1,1.8,49.0,25.0,24.0,0.88,0.61,0.0,38.0,12.0,3.0,16.0,12.0,32.0,,,0.0,,,,,,,,,,,,,,,
ITA-Serie A,2526,Juventus,Lloyd Kelly,ENG,DF,26.0,1998.0,35.0,33.0,2996.0,33.3,1.0,1.0,2.0,1.0,0.0,0.0,4.0,0.0,0.03,0.03,0.06,0.03,0.06,33.3,1.0,17.0,3.0,17.6,0.51,0.09,0.06,0.33,0.0,0.0,86.0,87.6,33,89.0,30,2,30.0,0,1.77,55.0,30.0,25.0,0.75,0.33,0.0,43.0,20.0,4.0,12.0,14.0,33.0,,,0.0,,,,,,,,,,,,,,,
ITA-Serie A,2526,Juventus,Loïs Openda,BEL,"FW,MF",25.0,2000.0,24.0,6.0,666.0,7.4,1.0,0.0,1.0,1.0,0.0,0.0,0.0,0.0,0.14,0.0,0.14,0.14,0.14,7.4,1.0,26.0,6.0,23.1,3.51,0.81,0.04,0.17,0.0,0.0,28.0,19.5,6,69.0,0,18,14.0,12,1.71,11.0,8.0,3.0,0.41,-0.38,0.0,8.0,21.0,11.0,7.0,1.0,4.0,,,0.0,,,,,,,,,,,,,,,
ITA-Serie A,2526,Juventus,Manuel Locatelli,ITA,MF,27.0,1998.0,36.0,36.0,2994.0,33.3,1.0,2.0,3.0,1.0,0.0,1.0,9.0,0.0,0.03,0.06,0.09,0.03,0.09,33.3,1.0,46.0,12.0,26.1,1.38,0.36,0.02,0.08,0.0,1.0,83.0,87.5,36,83.0,24,0,,1,1.86,49.0,28.0,21.0,0.63,-0.64,0.0,55.0,44.0,0.0,19.0,38.0,66.0,,,0.0,,,,,,,,,,,,,,,
ITA-Serie A,2526,Juventus,Mattia Perin,ITA,GK,32.0,1992.0,9.0,9.0,765.0,8.5,0.0,0.0,0.0,0.0,0.0,0.0,0.0,0.0,0.0,0.0,0.0,0.0,0.0,8.5,0.0,0.0,0.0,,0.0,0.0,,,0.0,0.0,85.0,22.4,9,85.0,8,0,,25,1.67,15.0,9.0,6.0,0.71,-0.01,0.0,0.0,2.0,0.0,0.0,0.0,0.0,,,0.0,9.0,1.06,22.0,13.0,59.1,4.0,3.0,2.0,3.0,33.3,0.0,0.0,0.0,0.0,
ITA-Serie A,2526,Juventus,Michele Di Gregorio,ITA,GK,28.0,1997.0,30.0,29.0,2655.0,29.5,0.0,0.0,0.0,0.0,0.0,0.0,1.0,0.0,0.0,0.0,0.0,0.0,0.0,29.5,0.0,0.0,0.0,,0.0,0.0,,,0.0,0.0,89.0,77.6,29,90.0,29,1,45.0,8,1.9,46.0,25.0,21.0,0.71,0.01,0.0,0.0,5.0,0.0,0.0,0.0,0.0,,,0.0,25.0,0.85,86.0,60.0,70.9,15.0,9.0,5.0,14.0,48.3,3.0,1.0,0.0,2.0,0.0
ITA-Serie A,2526,Juventus,Nicolás González,ARG,"FW,MF",27.0,1998.0,2.0,0.0,19.0,0.2,0.0,0.0,0.0,0.0,0.0,0.0,0.0,0.0,0.0,0.0,0.0,0.0,0.0,0.2,0.0,2.0,0.0,0.0,9.47,0.0,0.0,,0.0,0.0,10.0,0.6,0,,0,2,10.0,0,3.0,1.0,0.0,1.0,4.74,4.05,0.0,0.0,3.0,0.0,0.0,0.0,0.0,,,0.0,,,,,,,,,,,,,,,
ITA-Serie A,2526,Juventus,Pierre Kalulu,FRA,"DF,MF",25.0,2000.0,37.0,37.0,3281.0,36.5,2.0,4.0,6.0,2.0,0.0,0.0,4.0,1.0,0.05,0.11,0.16,0.05,0.16,36.5,2.0,13.0,4.0,30.8,0.36,0.11,0.15,0.5,0.0,0.0,89.0,95.9,37,89.0,36,0,,0,1.86,60.0,30.0,30.0,0.82,2.77,1.0,34.0,16.0,0.0,94.0,24.0,35.0,,,0.0,,,,,,,,,,,,,,,
ITA-Serie A,2526,Juventus,Teun Koopmeiners,NED,"MF,DF",27.0,1998.0,33.0,18.0,1827.0,20.3,0.0,0.0,0.0,0.0,0.0,0.0,5.0,0.0,0.0,0.0,0.0,0.0,0.0,20.3,0.0,28.0,7.0,25.0,1.38,0.34,0.0,0.0,0.0,0.0,55.0,53.4,18,82.0,11,15,23.0,4,1.7,25.0,22.0,3.0,0.15,-1.21,0.0,33.0,11.0,3.0,47.0,18.0,13.0,,,0.0,,,,,,,,,,,,,,,
ITA-Serie A,2526,Juventus,Vasilije Adžić,MNE,MF,19.0,2006.0,10.0,1.0,171.0,1.9,1.0,0.0,1.0,1.0,0.0,0.0,0.0,0.0,0.53,0.0,0.53,0.53,0.53,1.9,1.0,6.0,4.0,66.7,3.16,2.11,0.17,0.25,0.0,0.0,17.0,5.0,1,57.0,0,9,13.0,25,1.6,2.0,3.0,-1.0,-0.53,-1.3,0.0,3.0,2.0,0.0,4.0,3.0,2.0,,,0.0,,,,,,,,,,,,,,,
ITA-Serie A,2526,Juventus,Weston McKennie,USA,MF,26.0,1998.0,36.0,32.0,2835.0,31.5,5.0,5.0,10.0,5.0,0.0,0.0,5.0,0.0,0.16,0.16,0.32,0.16,0.32,31.5,5.0,43.0,16.0,37.2,1.37,0.51,0.12,0.31,0.0,0.0,79.0,82.9,32,87.0,23,4,13.0,1,1.81,53.0,31.0,22.0,0.7,-0.07,0.0,44.0,11.0,7.0,36.0,26.0,24.0,,,0.0,,,,,,,,,,,,,,,
ITA-Serie A,2526,Lazio,Adam Marušić,MNE,DF,32.0,1992.0,33.0,32.0,2778.0,30.9,1.0,2.0,3.0,1.0,0.0,0.0,1.0,1.0,0.03,0.06,0.1,0.03,0.1,30.9,1.0,16.0,7.0,43.8,0.52,0.23,0.06,0.14,0.0,0.0,84.0,81.2,32,86.0,25,1,30.0,1,1.45,29.0,30.0,-1.0,-0.03,-0.31,0.0,22.0,18.0,1.0,35.0,33.0,16.0,,,0.0,,,,,,,,,,,,,,,
ITA-Serie A,2526,Lazio,Adrian Przyborek,POL,MF,18.0,2007.0,1.0,0.0,9.0,0.1,0.0,0.0,0.0,0.0,0.0,0.0,0.0,0.0,0.0,0.0,0.0,0.0,0.0,0.1,0.0,1.0,0.0,0.0,10.0,0.0,0.0,,0.0,0.0,9.0,0.3,0,,0,1,9.0,14,3.0,0.0,0.0,0.0,0.0,-0.03,0.0,0.0,0.0,0.0,0.0,0.0,0.0,,,0.0,,,,,,,,,,,,,,,
ITA-Serie A,2526,Lazio,Alessio Furlanetto,ITA,GK,23.0,2002.0,2.0,2.0,180.0,2.0,0.0,0.0,0.0,0.0,0.0,0.0,0.0,0.0,0.0,0.0,0.0,0.0,0.0,2.0,0.0,0.0,0.0,,0.0,0.0,,,0.0,0.0,90.0,5.3,2,90.0,2,0,,33,1.5,2.0,3.0,-1.0,-0.5,-0.56,0.0,0.0,0.0,0.0,0.0,0.0,0.0,,,0.0,3.0,1.5,10.0,7.0,70.0,1.0,0.0,1.0,0.0,0.0,0.0,0.0,0.0,0.0,
ITA-Serie A,2526,Lazio,Alessio Romagnoli,ITA,DF,30.0,1995.0,32.0,31.0,2666.0,29.6,0.0,0.0,0.0,0.0,0.0,0.0,6.0,1.0,0.0,0.0,0.0,0.0,0.0,29.6,0.0,9.0,4.0,44.4,0.3,0.14,0.0,0.0,0.0,0.0,83.0,78.0,31,86.0,27,1,14.0,0,1.41,28.0,30.0,-2.0,-0.07,-0.43,0.0,18.0,15.0,0.0,2.0,32.0,14.0,,,0.0,,,,,,,,,,,,,,,
ITA-Serie A,2526,Lazio,Boulaye Dia,SEN,"FW,MF",28.0,1996.0,27.0,14.0,1253.0,13.9,1.0,2.0,3.0,1.0,0.0,0.0,1.0,0.0,0.07,0.14,0.22,0.07,0.22,13.9,1.0,12.0,7.0,58.3,0.86,0.5,0.08,0.14,0.0,0.0,46.0,36.6,14,70.0,2,13,21.0,5,1.44,14.0,11.0,3.0,0.22,0.3,0.0,19.0,14.0,4.0,0.0,3.0,7.0,,,0.0,,,,,,,,,,,,,,,
ITA-Serie A,2526,Lazio,Daniel Maldini,ITA,FW,23.0,2001.0,12.0,9.0,687.0,7.6,2.0,1.0,3.0,2.0,0.0,0.0,0.0,0.0,0.26,0.13,0.39,0.26,0.39,7.6,2.0,15.0,5.0,33.3,1.97,0.66,0.13,0.4,0.0,0.0,57.0,20.1,9,69.0,2,3,21.0,2,1.83,8.0,11.0,-3.0,-0.39,-0.52,0.0,14.0,20.0,3.0,1.0,4.0,9.0,,,0.0,,,,,,,,,,,,,,,
ITA-Serie A,2526,Lazio,Danilo Cataldi,ITA,MF,30.0,1994.0,27.0,24.0,1985.0,22.1,3.0,3.0,6.0,1.0,2.0,2.0,6.0,0.0,0.14,0.14,0.27,0.05,0.18,22.1,3.0,26.0,7.0,26.9,1.18,0.32,0.12,0.43,2.0,2.0,74.0,58.0,24,77.0,13,3,42.0,3,1.37,24.0,26.0,-2.0,-0.09,-0.28,0.0,22.0,12.0,0.0,48.0,21.0,22.0,,,0.0,,,,,,,,,,,,,,,
ITA-Serie A,2526,Lazio,Edoardo Motta,ITA,GK,20.0,2005.0,9.0,9.0,810.0,9.0,0.0,0.0,0.0,0.0,0.0,0.0,1.0,0.0,0.0,0.0,0.0,0.0,0.0,9.0,0.0,0.0,0.0,,0.0,0.0,,,0.0,0.0,90.0,23.7,9,90.0,9,0,,5,1.89,13.0,10.0,3.0,0.33,0.4,0.0,1.0,1.0,0.0,0.0,0.0,0.0,,,0.0,10.0,1.11,32.0,22.0,68.8,5.0,2.0,2.0,3.0,33.3,1.0,0.0,1.0,0.0,100.0
ITA-Serie A,2526,Lazio,Elseid Hysaj,ALB,DF,31.0,1994.0,5.0,1.0,174.0,1.9,0.0,0.0,0.0,0.0,0.0,0.0,0.0,0.0,0.0,0.0,0.0,0.0,0.0,1.9,0.0,0.0,0.0,,0.0,0.0,,,0.0,0.0,35.0,5.1,1,90.0,1,4,21.0,25,2.2,5.0,4.0,1.0,0.52,0.52,0.0,0.0,1.0,0.0,2.0,2.0,0.0,,,0.0,,,,,,,,,,,,,,,
ITA-Serie A,2526,Lazio,Fisayo Dele-Bashiru,NGA,MF,24.0,2001.0,24.0,11.0,1187.0,13.2,1.0,0.0,1.0,1.0,0.0,0.0,0.0,0.0,0.08,0.0,0.08,0.08,0.08,13.2,1.0,9.0,2.0,22.2,0.68,0.15,0.11,0.5,0.0,0.0,49.0,34.7,11,75.0,6,13,27.0,1,1.33,18.0,16.0,2.0,0.15,0.19,0.0,8.0,3.0,2.0,10.0,4.0,15.0,,,0.0,,,,,,,,,,,,,,,
ITA-Serie A,2526,Lazio,Gustav Isaksen,DEN,FW,24.0,2001.0,30.0,18.0,1593.0,17.7,5.0,1.0,6.0,5.0,0.0,0.0,0.0,0.0,0.28,0.06,0.34,0.28,0.34,17.7,5.0,48.0,19.0,39.6,2.71,1.07,0.1,0.26,0.0,0.0,53.0,46.6,18,71.0,0,12,26.0,4,1.27,15.0,19.0,-4.0,-0.23,-0.47,0.0,18.0,57.0,1.0,32.0,7.0,8.0,,,0.0,,,,,,,,,,,,,,,
ITA-Serie A,2526,Lazio,Ivan Provedel,ITA,GK,31.0,1994.0,27.0,27.0,2430.0,27.0,0.0,0.0,0.0,0.0,0.0,0.0,1.0,0.0,0.0,0.0,0.0,0.0,0.0,27.0,0.0,0.0,0.0,,0.0,0.0,,,0.0,0.0,90.0,71.1,27,90.0,27,0,,0,1.26,26.0,27.0,-1.0,-0.04,-0.22,0.0,0.0,2.0,0.0,0.0,0.0,0.0,,,0.0,27.0,1.0,116.0,87.0,76.7,8.0,10.0,9.0,12.0,44.4,4.0,3.0,1.0,0.0,25.0
ITA-Serie A,2526,Lazio,Kenneth Taylor,NED,MF,23.0,2002.0,17.0,17.0,1394.0,15.5,3.0,2.0,5.0,3.0,0.0,0.0,5.0,0.0,0.19,0.13,0.32,0.19,0.32,15.5,3.0,16.0,6.0,37.5,1.03,0.39,0.19,0.5,0.0,0.0,82.0,40.8,17,82.0,8,0,,1,1.53,14.0,17.0,-3.0,-0.19,-0.37,0.0,17.0,13.0,1.0,9.0,9.0,11.0,,,0.0,,,,,,,,,,,,,,,
ITA-Serie A,2526,Lazio,Luca Pellegrini,ITA,DF,26.0,1999.0,24.0,17.0,1469.0,16.3,1.0,0.0,1.0,1.0,0.0,0.0,8.0,0.0,0.06,0.0,0.06,0.06,0.06,16.3,1.0,7.0,5.0,71.4,0.43,0.31,0.14,0.2,0.0,0.0,61.0,43.0,17,75.0,3,7,27.0,9,1.42,16.0,18.0,-2.0,-0.12,-0.26,0.0,26.0,12.0,0.0,51.0,17.0,15.0,,,0.0,,,,,,,,,,,,,,,
ITA-Serie A,2526,Lazio,Manuel Lazzari,ITA,DF,31.0,1993.0,23.0,9.0,938.0,10.4,0.0,0.0,0.0,0.0,0.0,0.0,2.0,0.0,0.0,0.0,0.0,0.0,0.0,10.4,0.0,4.0,2.0,50.0,0.38,0.19,0.0,0.0,0.0,0.0,41.0,27.4,9,74.0,2,14,20.0,9,1.22,12.0,10.0,2.0,0.19,0.23,0.0,10.0,19.0,0.0,16.0,6.0,9.0,,,0.0,,,,,,,,,,,,,,,
ITA-Serie A,2526,Lazio,Mario Gila,ESP,DF,24.0,2000.0,31.0,31.0,2472.0,27.5,0.0,0.0,0.0,0.0,0.0,0.0,4.0,1.0,0.0,0.0,0.0,0.0,0.0,27.5,0.0,12.0,3.0,25.0,0.44,0.11,0.0,0.0,0.0,0.0,80.0,72.3,31,80.0,19,0,,0,1.45,31.0,28.0,3.0,0.11,0.3,0.0,19.0,25.0,0.0,1.0,26.0,34.0,,,0.0,,,,,,,,,,,,,,,
ITA-Serie A,2526,Lazio,Matteo Cancellieri,ITA,FW,23.0,2002.0,30.0,21.0,1725.0,19.2,4.0,2.0,6.0,4.0,0.0,0.0,6.0,0.0,0.21,0.1,0.31,0.21,0.31,19.2,4.0,41.0,17.0,41.5,2.14,0.89,0.1,0.24,0.0,0.0,58.0,50.4,21,72.0,7,9,24.0,1,1.37,24.0,22.0,2.0,0.1,0.16,0.0,39.0,67.0,3.0,21.0,24.0,28.0,,,0.0,,,,,,,,,,,,,,,
ITA-Serie A,2526,Lazio,Mattia Zaccagni,ITA,FW,30.0,1995.0,26.0,26.0,2104.0,23.4,3.0,0.0,3.0,3.0,0.0,1.0,6.0,1.0,0.13,0.0,0.13,0.13,0.13,23.4,3.0,34.0,14.0,41.2,1.45,0.6,0.09,0.21,0.0,1.0,81.0,61.5,26,81.0,15,0,,1,1.42,20.0,21.0,-1.0,-0.04,-0.18,0.0,30.0,82.0,6.0,55.0,20.0,21.0,,,0.0,,,,,,,,,,,,,,,
ITA-Serie A,2526,Lazio,Mattéo Guendouzi,FRA,MF,26.0,1999.0,16.0,16.0,1428.0,15.9,2.0,1.0,3.0,2.0,0.0,0.0,5.0,1.0,0.13,0.06,0.19,0.13,0.19,15.9,2.0,16.0,8.0,50.0,1.01,0.5,0.13,0.25,0.0,0.0,89.0,41.8,16,89.0,14,0,,0,1.25,13.0,12.0,1.0,0.06,0.06,0.0,17.0,21.0,0.0,20.0,11.0,8.0,,,0.0,,,,,,,,,,,,,,,
ITA-Serie A,2526,Lazio,Matías Vecino,URU,MF,33.0,1991.0,13.0,5.0,603.0,6.7,0.0,1.0,1.0,0.0,0.0,0.0,1.0,0.0,0.0,0.15,0.15,0.0,0.15,6.7,0.0,7.0,1.0,14.3,1.04,0.15,0.0,0.0,0.0,0.0,46.0,17.6,5,73.0,2,8,30.0,2,1.62,7.0,4.0,3.0,0.45,0.51,0.0,8.0,3.0,0.0,0.0,7.0,9.0,,,0.0,,,,,,,,,,,,,,,
ITA-Serie A,2526,Lazio,Nicolò Rovella,ITA,MF,23.0,2001.0,11.0,6.0,512.0,5.7,0.0,1.0,1.0,0.0,0.0,0.0,2.0,1.0,0.0,0.18,0.18,0.0,0.18,5.7,0.0,1.0,0.0,0.0,0.18,0.0,0.0,,0.0,0.0,47.0,15.0,6,60.0,1,5,31.0,5,0.91,7.0,6.0,1.0,0.18,0.18,0.0,7.0,12.0,0.0,11.0,9.0,10.0,,,0.0,,,,,,,,,,,,,,,
ITA-Serie A,2526,Lazio,Nuno Tavares,POR,DF,25.0,2000.0,23.0,17.0,1473.0,16.4,0.0,0.0,0.0,0.0,0.0,0.0,5.0,0.0,0.0,0.0,0.0,0.0,0.0,16.4,0.0,16.0,1.0,6.3,0.98,0.06,0.0,0.0,0.0,0.0,64.0,43.1,17,81.0,11,6,15.0,10,1.35,20.0,18.0,2.0,0.12,0.17,0.0,20.0,22.0,6.0,99.0,18.0,21.0,,,0.0,,,,,,,,,,,,,,,
ITA-Serie A,2526,Lazio,Oliver Nielsen,DEN,DF,22.0,2003.0,26.0,13.0,1536.0,17.1,0.0,0.0,0.0,0.0,0.0,0.0,3.0,0.0,0.0,0.0,0.0,0.0,0.0,17.1,0.0,6.0,2.0,33.3,0.35,0.12,0.0,0.0,0.0,0.0,59.0,44.9,13,89.0,12,13,29.0,12,1.58,22.0,19.0,3.0,0.18,0.27,0.0,14.0,9.0,0.0,2.0,16.0,6.0,,,0.0,,,,,,,,,,,,,,,
ITA-Serie A,2526,Lazio,Patric,ESP,"MF,DF",32.0,1993.0,14.0,6.0,667.0,7.4,0.0,0.0,0.0,0.0,0.0,0.0,2.0,0.0,0.0,0.0,0.0,0.0,0.0,7.4,0.0,5.0,0.0,0.0,0.67,0.0,0.0,,0.0,0.0,48.0,19.5,6,79.0,4,8,24.0,13,1.93,8.0,8.0,0.0,0.0,-0.03,0.0,4.0,2.0,0.0,0.0,3.0,0.0,,,0.0,,,,,,,,,,,,,,,
ITA-Serie A,2526,Lazio,Pedro,ESP,"FW,MF",38.0,1987.0,29.0,9.0,982.0,10.9,5.0,2.0,7.0,3.0,2.0,2.0,4.0,0.0,0.46,0.18,0.64,0.27,0.46,10.9,5.0,22.0,11.0,50.0,2.02,1.01,0.23,0.45,2.0,2.0,34.0,28.7,9,63.0,0,20,21.0,6,1.52,18.0,13.0,5.0,0.46,0.61,0.0,10.0,26.0,0.0,31.0,4.0,6.0,,,0.0,,,,,,,,,,,,,,,
ITA-Serie A,2526,Lazio,Petar Ratkov,SRB,FW,21.0,2003.0,8.0,2.0,233.0,2.6,0.0,0.0,0.0,0.0,0.0,0.0,0.0,0.0,0.0,0.0,0.0,0.0,0.0,2.6,0.0,6.0,1.0,16.7,2.32,0.39,0.0,0.0,0.0,0.0,29.0,6.8,2,49.0,0,6,23.0,11,1.0,2.0,5.0,-3.0,-1.16,-1.27,0.0,0.0,3.0,0.0,0.0,1.0,2.0,,,0.0,,,,,,,,,,,,,,,
ITA-Serie A,2526,Lazio,Reda Belahyane,MAR,MF,21.0,2004.0,13.0,5.0,609.0,6.8,0.0,2.0,2.0,0.0,0.0,0.0,1.0,1.0,0.0,0.3,0.3,0.0,0.3,6.8,0.0,3.0,1.0,33.3,0.44,0.15,0.0,0.0,0.0,0.0,47.0,17.8,5,81.0,4,8,26.0,24,1.23,5.0,10.0,-5.0,-0.74,-0.93,0.0,11.0,3.0,0.0,1.0,3.0,8.0,,,0.0,,,,,,,,,,,,,,,
ITA-Serie A,2526,Lazio,Tijjani Noslin,NED,FW,26.0,1999.0,29.0,9.0,1148.0,12.8,4.0,2.0,6.0,4.0,0.0,0.0,6.0,1.0,0.31,0.16,0.47,0.31,0.47,12.8,4.0,35.0,13.0,37.1,2.74,1.02,0.11,0.31,0.0,0.0,40.0,33.6,9,77.0,3,20,23.0,8,1.34,15.0,14.0,1.0,0.08,0.08,1.0,19.0,23.0,5.0,10.0,3.0,6.0,,,0.0,,,,,,,,,,,,,,,
ITA-Serie A,2526,Lazio,Toma Bašić,CRO,MF,28.0,1996.0,23.0,23.0,1735.0,19.3,2.0,3.0,5.0,2.0,0.0,0.0,0.0,1.0,0.1,0.16,0.26,0.1,0.26,19.3,2.0,30.0,12.0,40.0,1.56,0.62,0.07,0.17,0.0,0.0,75.0,50.7,23,75.0,10,0,,3,1.52,22.0,20.0,2.0,0.1,0.16,0.0,20.0,19.0,0.0,48.0,9.0,16.0,,,0.0,,,,,,,,,,,,,,,
ITA-Serie A,2526,Lazio,Valentín Castellanos,ARG,FW,26.0,1998.0,11.0,8.0,692.0,7.7,2.0,3.0,5.0,2.0,0.0,0.0,2.0,0.0,0.26,0.39,0.65,0.26,0.65,7.7,2.0,20.0,8.0,40.0,2.6,1.04,0.1,0.25,0.0,0.0,63.0,20.2,8,77.0,3,3,25.0,0,1.18,11.0,7.0,4.0,0.52,0.62,0.0,9.0,18.0,5.0,6.0,3.0,3.0,,,0.0,,,,,,,,,,,,,,,
ITA-Serie A,2526,Lecce,Antonino Gallo,ITA,DF,25.0,2000.0,37.0,34.0,3056.0,34.0,0.0,4.0,4.0,0.0,0.0,0.0,3.0,0.0,0.0,0.12,0.12,0.0,0.12,34.0,0.0,6.0,1.0,16.7,0.18,0.03,0.0,0.0,0.0,0.0,83.0,89.4,34,87.0,29,3,29.0,0,1.03,25.0,43.0,-18.0,-0.53,0.46,0.0,7.0,13.0,0.0,134.0,15.0,37.0,,,0.0,,,,,,,,,,,,,,,
ITA-Serie A,2526,Lecce,Balthazar Pierret,FRA,MF,25.0,2000.0,3.0,0.0,27.0,0.3,0.0,0.0,0.0,0.0,0.0,0.0,0.0,0.0,0.0,0.0,0.0,0.0,0.0,0.3,0.0,0.0,0.0,,0.0,0.0,,,0.0,0.0,9.0,0.8,0,,0,3,9.0,1,0.67,0.0,0.0,0.0,0.0,0.58,0.0,0.0,2.0,0.0,0.0,0.0,1.0,,,0.0,,,,,,,,,,,,,,,
ITA-Serie A,2526,Lecce,Christ-Owen Kouassi,FRA,DF,22.0,2003.0,4.0,3.0,228.0,2.5,0.0,0.0,0.0,0.0,0.0,0.0,0.0,0.0,0.0,0.0,0.0,0.0,0.0,2.5,0.0,0.0,0.0,,0.0,0.0,,,0.0,0.0,57.0,6.7,3,68.0,1,1,23.0,18,0.5,2.0,6.0,-4.0,-1.58,-1.07,0.0,1.0,3.0,0.0,2.0,1.0,6.0,,,0.0,,,,,,,,,,,,,,,
ITA-Serie A,2526,Lecce,Corrie Ndaba,IRL,DF,25.0,1999.0,14.0,6.0,543.0,6.0,0.0,0.0,0.0,0.0,0.0,0.0,0.0,0.0,0.0,0.0,0.0,0.0,0.0,6.0,0.0,2.0,0.0,0.0,0.33,0.0,0.0,,0.0,0.0,39.0,15.9,6,70.0,2,8,15.0,24,1.07,4.0,12.0,-8.0,-1.33,-0.89,0.0,2.0,0.0,0.0,4.0,3.0,4.0,,,0.0,,,,,,,,,,,,,,,
ITA-Serie A,2526,Lecce,Danilo Veiga,POR,DF,22.0,2002.0,36.0,33.0,3020.0,33.6,0.0,1.0,1.0,0.0,0.0,0.0,9.0,0.0,0.0,0.03,0.03,0.0,0.03,33.6,0.0,6.0,2.0,33.3,0.18,0.06,0.0,0.0,0.0,0.0,84.0,88.3,33,88.0,29,3,41.0,1,1.06,25.0,42.0,-17.0,-0.51,0.62,0.0,46.0,47.0,1.0,89.0,32.0,53.0,,,0.0,,,,,,,,,,,,,,,
ITA-Serie A,2526,Lecce,Francesco Camarda,ITA,FW,17.0,2008.0,21.0,7.0,687.0,7.6,1.0,0.0,1.0,1.0,0.0,1.0,1.0,0.0,0.13,0.0,0.13,0.13,0.13,7.6,1.0,16.0,3.0,18.8,2.1,0.39,0.06,0.33,0.0,1.0,33.0,20.1,7,62.0,0,14,18.0,2,1.0,5.0,10.0,-5.0,-0.66,-0.1,0.0,12.0,4.0,2.0,1.0,0.0,1.0,,,0.0,,,,,,,,,,,,,,,
ITA-Serie A,2526,Lecce,Gaby Jean,FRA,DF,25.0,2000.0,7.0,1.0,197.0,2.2,0.0,0.0,0.0,0.0,0.0,0.0,1.0,0.0,0.0,0.0,0.0,0.0,0.0,2.2,0.0,0.0,0.0,,0.0,0.0,,,0.0,0.0,28.0,5.8,1,90.0,1,6,18.0,15,1.86,1.0,1.0,0.0,0.0,0.61,0.0,1.0,2.0,0.0,0.0,1.0,3.0,,,0.0,,,,,,,,,,,,,,,
ITA-Serie A,2526,Lecce,Jamil Siebert,GER,DF,23.0,2002.0,21.0,18.0,1701.0,18.9,1.0,0.0,1.0,1.0,0.0,0.0,3.0,0.0,0.05,0.0,0.05,0.05,0.05,18.9,1.0,6.0,2.0,33.3,0.32,0.11,0.17,0.5,0.0,0.0,81.0,49.7,18,89.0,17,3,31.0,17,1.0,11.0,29.0,-18.0,-0.95,-0.74,0.0,22.0,7.0,1.0,5.0,15.0,15.0,,,0.0,,,,,,,,,,,,,,,
ITA-Serie A,2526,Lecce,Kialonda,ANG,DF,27.0,1997.0,23.0,21.0,1830.0,20.3,0.0,0.0,0.0,0.0,0.0,0.0,6.0,1.0,0.0,0.0,0.0,0.0,0.0,20.3,0.0,9.0,1.0,11.1,0.44,0.05,0.0,0.0,0.0,0.0,80.0,53.5,21,86.0,19,2,14.0,1,1.13,17.0,25.0,-8.0,-0.39,0.4,0.0,13.0,22.0,2.0,1.0,19.0,9.0,,,0.0,,,,,,,,,,,,,,,
ITA-Serie A,2526,Lecce,Konan N'dri,NIG,MF,24.0,2000.0,27.0,1.0,544.0,6.0,2.0,0.0,2.0,2.0,0.0,0.0,3.0,0.0,0.33,0.0,0.33,0.33,0.33,6.0,2.0,19.0,5.0,26.3,3.14,0.83,0.11,0.4,0.0,0.0,20.0,15.9,1,55.0,0,26,19.0,11,0.52,6.0,14.0,-8.0,-1.32,-0.89,0.0,9.0,18.0,2.0,23.0,2.0,4.0,,,0.0,,,,,,,,,,,,,,,
ITA-Serie A,2526,Lecce,Lameck Banda,ZAM,"MF,FW",24.0,2001.0,32.0,21.0,1752.0,19.5,5.0,4.0,9.0,5.0,0.0,0.0,6.0,1.0,0.26,0.21,0.46,0.26,0.46,19.5,5.0,38.0,15.0,39.5,1.95,0.77,0.13,0.33,0.0,0.0,55.0,51.2,21,68.0,2,11,29.0,3,1.09,20.0,22.0,-2.0,-0.1,0.98,0.0,44.0,49.0,3.0,90.0,7.0,17.0,,,0.0,,,,,,,,,,,,,,,
ITA-Serie A,2526,Lecce,Lassana Coulibaly,MLI,MF,29.0,1996.0,33.0,31.0,2689.0,29.9,3.0,1.0,4.0,3.0,0.0,0.0,4.0,0.0,0.1,0.03,0.13,0.1,0.13,29.9,3.0,28.0,8.0,28.6,0.94,0.27,0.11,0.38,0.0,0.0,81.0,78.6,31,86.0,21,2,18.0,1,1.12,23.0,34.0,-11.0,-0.37,0.99,0.0,34.0,52.0,1.0,18.0,9.0,28.0,,,0.0,,,,,,,,,,,,,,,
ITA-Serie A,2526,Lecce,Matías Pérez,CHI,DF,20.0,2005.0,1.0,1.0,31.0,0.3,0.0,0.0,0.0,0.0,0.0,0.0,0.0,0.0,0.0,0.0,0.0,0.0,0.0,0.3,0.0,0.0,0.0,,0.0,0.0,,,0.0,0.0,31.0,0.9,1,31.0,0,0,,26,1.0,0.0,0.0,0.0,0.0,0.58,0.0,0.0,0.0,0.0,1.0,0.0,0.0,,,0.0,,,,,,,,,,,,,,,
ITA-Serie A,2526,Lecce,Medon Berisha,ALB,MF,21.0,2003.0,13.0,12.0,871.0,9.7,2.0,3.0,5.0,2.0,0.0,0.0,0.0,0.0,0.21,0.31,0.52,0.21,0.52,9.7,2.0,24.0,5.0,20.8,2.48,0.52,0.08,0.4,0.0,0.0,67.0,25.5,12,70.0,1,1,28.0,2,1.23,7.0,10.0,-3.0,-0.31,0.36,0.0,11.0,10.0,1.0,58.0,5.0,12.0,,,0.0,,,,,,,,,,,,,,,
ITA-Serie A,2526,Lecce,Mohamed Kaba,GUI,MF,23.0,2001.0,15.0,5.0,633.0,7.0,0.0,0.0,0.0,0.0,0.0,0.0,1.0,0.0,0.0,0.0,0.0,0.0,0.0,7.0,0.0,9.0,4.0,44.4,1.28,0.57,0.0,0.0,0.0,0.0,42.0,18.5,5,81.0,3,10,23.0,6,1.0,3.0,12.0,-9.0,-1.28,-0.86,0.0,12.0,21.0,0.0,8.0,4.0,7.0,,,0.0,,,,,,,,,,,,,,,
ITA-Serie A,2526,Lecce,Nikola Štulić,SRB,FW,23.0,2001.0,34.0,20.0,1709.0,19.0,4.0,0.0,4.0,3.0,1.0,1.0,1.0,0.0,0.21,0.0,0.21,0.16,0.16,19.0,4.0,33.0,9.0,27.3,1.74,0.47,0.12,0.44,1.0,1.0,50.0,50.0,20,70.0,2,14,22.0,3,1.0,15.0,22.0,-7.0,-0.37,0.42,0.0,37.0,26.0,9.0,1.0,2.0,7.0,,,0.0,,,,,,,,,,,,,,,
ITA-Serie A,2526,Lecce,Olaf Gorter,NED,MF,20.0,2005.0,2.0,0.0,28.0,0.3,0.0,0.0,0.0,0.0,0.0,0.0,0.0,0.0,0.0,0.0,0.0,0.0,0.0,0.3,0.0,0.0,0.0,,0.0,0.0,,,0.0,0.0,14.0,0.8,0,,0,2,14.0,13,0.0,0.0,1.0,-1.0,-3.21,-2.66,0.0,1.0,0.0,0.0,0.0,0.0,1.0,,,0.0,,,,,,,,,,,,,,,
ITA-Serie A,2526,Lecce,Omri Gandelman,ISR,"MF,FW",25.0,2000.0,19.0,10.0,975.0,10.8,2.0,1.0,3.0,2.0,0.0,0.0,0.0,0.0,0.18,0.09,0.28,0.18,0.28,10.8,2.0,10.0,3.0,30.0,0.92,0.28,0.2,0.67,0.0,0.0,51.0,28.5,10,72.0,2,9,28.0,1,1.11,7.0,12.0,-5.0,-0.46,0.16,0.0,13.0,3.0,1.0,4.0,4.0,6.0,,,0.0,,,,,,,,,,,,,,,
ITA-Serie A,2526,Lecce,Oumar Ngom,MTN,MF,21.0,2004.0,15.0,10.0,842.0,9.4,0.0,0.0,0.0,0.0,0.0,0.0,1.0,0.0,0.0,0.0,0.0,0.0,0.0,9.4,0.0,5.0,2.0,40.0,0.53,0.21,0.0,0.0,0.0,0.0,56.0,24.6,10,74.0,5,5,20.0,4,1.13,9.0,15.0,-6.0,-0.64,-0.08,0.0,15.0,6.0,0.0,3.0,12.0,15.0,,,0.0,,,,,,,,,,,,,,,
ITA-Serie A,2526,Lecce,Riccardo Sottil,ITA,"FW,MF",26.0,1999.0,21.0,13.0,1066.0,11.8,1.0,2.0,3.0,1.0,0.0,0.0,1.0,0.0,0.08,0.17,0.25,0.08,0.25,11.8,1.0,20.0,3.0,15.0,1.69,0.25,0.05,0.33,0.0,0.0,51.0,31.2,13,66.0,0,8,25.0,4,0.86,6.0,14.0,-8.0,-0.68,-0.14,0.0,10.0,27.0,4.0,100.0,2.0,2.0,,,0.0,,,,,,,,,,,,,,,
ITA-Serie A,2526,Lecce,Sadik Fofana,TOG,MF,22.0,2003.0,5.0,1.0,84.0,0.9,0.0,0.0,0.0,0.0,0.0,0.0,0.0,0.0,0.0,0.0,0.0,0.0,0.0,0.9,0.0,2.0,0.0,0.0,2.14,0.0,0.0,,0.0,0.0,17.0,2.5,1,45.0,0,4,10.0,9,1.2,0.0,1.0,-1.0,-1.07,-0.5,0.0,3.0,1.0,0.0,0.0,0.0,2.0,,,0.0,,,,,,,,,,,,,,,
ITA-Serie A,2526,Lecce,Santiago Pierotti,ARG,"MF,FW",24.0,2001.0,37.0,31.0,2597.0,28.9,1.0,2.0,3.0,1.0,0.0,0.0,4.0,0.0,0.03,0.07,0.1,0.03,0.1,28.9,1.0,33.0,8.0,24.2,1.14,0.28,0.03,0.13,0.0,0.0,70.0,75.9,31,78.0,6,6,31.0,0,1.0,22.0,34.0,-12.0,-0.42,0.68,0.0,67.0,23.0,7.0,21.0,21.0,51.0,,,0.0,,,,,,,,,,,,,,,
ITA-Serie A,2526,Lecce,Tete Morente,ESP,"FW,MF",28.0,1996.0,16.0,9.0,859.0,9.5,0.0,0.0,0.0,0.0,0.0,0.0,2.0,0.0,0.0,0.0,0.0,0.0,0.0,9.5,0.0,14.0,2.0,14.3,1.47,0.21,0.0,0.0,0.0,0.0,54.0,25.1,9,77.0,2,7,24.0,1,0.88,3.0,14.0,-11.0,-1.15,-0.77,0.0,13.0,12.0,1.0,29.0,3.0,9.0,,,0.0,,,,,,,,,,,,,,,
ITA-Serie A,2526,Lecce,Tiago Gabriel,POR,DF,20.0,2004.0,37.0,36.0,3219.0,35.8,2.0,0.0,2.0,2.0,0.0,0.0,7.0,0.0,0.06,0.0,0.06,0.06,0.06,35.8,2.0,20.0,4.0,20.0,0.56,0.11,0.1,0.5,0.0,0.0,87.0,94.1,36,89.0,34,1,12.0,0,1.0,28.0,46.0,-18.0,-0.5,1.29,0.0,29.0,40.0,1.0,2.0,46.0,40.0,,,1.0,,,,,,,,,,,,,,,
ITA-Serie A,2526,Lecce,Walid Cheddira,MAR,FW,27.0,1998.0,17.0,11.0,1000.0,11.1,3.0,1.0,4.0,3.0,0.0,0.0,2.0,0.0,0.27,0.09,0.36,0.27,0.36,11.1,3.0,25.0,10.0,40.0,2.25,0.9,0.12,0.3,0.0,0.0,59.0,29.2,11,75.0,2,6,29.0,0,1.24,9.0,16.0,-7.0,-0.63,-0.07,0.0,20.0,25.0,10.0,4.0,1.0,3.0,,,0.0,,,,,,,,,,,,,,,
ITA-Serie A,2526,Lecce,Wladimiro Falcone,ITA,GK,30.0,1995.0,38.0,38.0,3420.0,38.0,0.0,0.0,0.0,0.0,0.0,0.0,2.0,0.0,0.0,0.0,0.0,0.0,0.0,38.0,0.0,0.0,0.0,,0.0,0.0,,,0.0,0.0,90.0,100.0,38,90.0,38,0,,0,1.0,28.0,50.0,-22.0,-0.58,,0.0,0.0,8.0,0.0,0.0,0.0,2.0,,,0.0,50.0,1.32,158.0,108.0,68.4,10.0,8.0,20.0,10.0,26.3,6.0,4.0,2.0,0.0,33.3
ITA-Serie A,2526,Lecce,Ylber Ramadani,ALB,MF,29.0,1996.0,37.0,37.0,3203.0,35.6,1.0,0.0,1.0,1.0,0.0,0.0,10.0,0.0,0.03,0.0,0.03,0.03,0.03,35.6,1.0,34.0,5.0,14.7,0.96,0.14,0.03,0.2,0.0,0.0,87.0,93.7,37,87.0,25,0,,0,1.03,27.0,45.0,-18.0,-0.51,1.15,0.0,43.0,59.0,0.0,16.0,44.0,50.0,,,0.0,,,,,,,,,,,,,,,
ITA-Serie A,2526,Lecce,Youssef Maleh,MAR,MF,26.0,1998.0,9.0,5.0,460.0,5.1,0.0,0.0,0.0,0.0,0.0,0.0,2.0,0.0,0.0,0.0,0.0,0.0,0.0,5.1,0.0,7.0,1.0,14.3,1.37,0.2,0.0,0.0,0.0,0.0,51.0,13.5,5,82.0,2,4,13.0,9,0.44,3.0,9.0,-6.0,-1.17,-0.69,0.0,9.0,8.0,0.0,12.0,7.0,4.0,,,0.0,,,,,,,,,,,,,,,
ITA-Serie A,2526,Lecce,Álex Sala,ESP,MF,24.0,2001.0,9.0,2.0,167.0,1.9,0.0,1.0,1.0,0.0,0.0,0.0,0.0,0.0,0.0,0.54,0.54,0.0,0.54,1.9,0.0,4.0,2.0,50.0,2.16,1.08,0.0,0.0,0.0,0.0,19.0,4.9,2,52.0,0,7,9.0,28,0.0,2.0,6.0,-4.0,-2.16,-1.66,0.0,6.0,5.0,0.0,11.0,3.0,2.0,,,0.0,,,,,,,,,,,,,,,
ITA-Serie A,2526,Lecce,Þórir Jóhann Helgason,ISL,MF,24.0,2000.0,8.0,1.0,147.0,1.6,0.0,0.0,0.0,0.0,0.0,0.0,0.0,0.0,0.0,0.0,0.0,0.0,0.0,1.6,0.0,3.0,2.0,66.7,1.84,1.22,0.0,0.0,0.0,0.0,18.0,4.3,1,45.0,0,7,15.0,28,0.25,0.0,3.0,-3.0,-1.84,-1.31,0.0,0.0,0.0,0.0,6.0,3.0,0.0,,,0.0,,,,,,,,,,,,,,,
ITA-Serie A,2526,Milan,Adrien Rabiot,FRA,MF,30.0,1995.0,29.0,28.0,2550.0,28.3,6.0,4.0,10.0,6.0,0.0,0.0,6.0,1.0,0.21,0.14,0.35,0.21,0.35,28.3,6.0,46.0,12.0,26.1,1.62,0.42,0.13,0.5,0.0,0.0,88.0,74.6,28,90.0,27,1,31.0,0,1.97,41.0,25.0,16.0,0.56,0.36,1.0,35.0,55.0,7.0,58.0,20.0,31.0,,,0.0,,,,,,,,,,,,,,,
ITA-Serie A,2526,Milan,Alexis Saelemaekers,BEL,MF,26.0,1999.0,35.0,33.0,2788.0,31.0,3.0,3.0,6.0,3.0,0.0,0.0,5.0,0.0,0.1,0.1,0.19,0.1,0.19,31.0,3.0,43.0,11.0,25.6,1.39,0.36,0.07,0.27,0.0,0.0,80.0,81.5,33,83.0,16,2,32.0,0,1.74,39.0,30.0,9.0,0.29,-0.99,0.0,26.0,64.0,2.0,82.0,30.0,38.0,,,0.0,,,,,,,,,,,,,,,
ITA-Serie A,2526,Milan,Ardon Jashari,SUI,MF,23.0,2002.0,14.0,7.0,701.0,7.8,0.0,1.0,1.0,0.0,0.0,0.0,0.0,0.0,0.0,0.13,0.13,0.0,0.13,7.8,0.0,7.0,2.0,28.6,0.9,0.26,0.0,0.0,0.0,0.0,50.0,20.5,7,76.0,2,7,24.0,16,1.29,6.0,7.0,-1.0,-0.13,-0.76,0.0,11.0,8.0,0.0,11.0,5.0,11.0,,,0.0,,,,,,,,,,,,,,,
ITA-Serie A,2526,Milan,Cheveyo Muy,NED,FW,18.0,2006.0,2.0,0.0,5.0,0.1,0.0,0.0,0.0,0.0,0.0,0.0,0.0,0.0,0.0,0.0,0.0,0.0,0.0,0.1,0.0,1.0,0.0,0.0,18.0,0.0,0.0,,0.0,0.0,3.0,0.1,0,,0,2,3.0,4,3.0,0.0,0.0,0.0,0.0,-0.47,0.0,0.0,0.0,0.0,0.0,0.0,0.0,,,0.0,,,,,,,,,,,,,,,
ITA-Serie A,2526,Milan,Christian Pulisic,USA,FW,26.0,1998.0,30.0,18.0,1609.0,17.9,8.0,4.0,12.0,8.0,0.0,1.0,0.0,0.0,0.45,0.22,0.67,0.45,0.67,17.9,8.0,54.0,25.0,46.3,3.02,1.4,0.15,0.32,0.0,1.0,54.0,47.0,18,75.0,4,12,21.0,1,1.77,24.0,14.0,10.0,0.56,0.16,0.0,11.0,23.0,3.0,37.0,3.0,8.0,,,0.0,,,,,,,,,,,,,,,
ITA-Serie A,2526,Milan,Christopher Nkunku,FRA,FW,27.0,1997.0,32.0,15.0,1356.0,15.1,7.0,3.0,10.0,2.0,5.0,5.0,0.0,0.0,0.46,0.2,0.66,0.13,0.33,15.1,7.0,29.0,16.0,55.2,1.92,1.06,0.24,0.44,5.0,5.0,42.0,39.6,15,70.0,3,17,18.0,1,1.78,27.0,13.0,14.0,0.93,0.75,0.0,9.0,22.0,8.0,17.0,2.0,2.0,,,0.0,,,,,,,,,,,,,,,
ITA-Serie A,2526,Milan,David Odogu,GER,DF,19.0,2006.0,2.0,0.0,6.0,0.1,0.0,0.0,0.0,0.0,0.0,0.0,0.0,0.0,0.0,0.0,0.0,0.0,0.0,0.1,0.0,0.0,0.0,,0.0,0.0,,,0.0,0.0,3.0,0.2,0,,0,2,3.0,33,3.0,0.0,0.0,0.0,0.0,-0.47,0.0,0.0,0.0,0.0,0.0,0.0,0.0,,,0.0,,,,,,,,,,,,,,,
ITA-Serie A,2526,Milan,Davide Bartesaghi,ITA,"MF,DF",19.0,2005.0,31.0,27.0,2441.0,27.1,2.0,0.0,2.0,2.0,0.0,0.0,3.0,0.0,0.07,0.0,0.07,0.07,0.07,27.1,2.0,22.0,7.0,31.8,0.81,0.26,0.09,0.29,0.0,0.0,79.0,71.4,27,86.0,20,4,30.0,7,1.77,34.0,27.0,7.0,0.26,-0.75,0.0,18.0,14.0,4.0,139.0,15.0,35.0,,,1.0,,,,,,,,,,,,,,,
ITA-Serie A,2526,Milan,Fikayo Tomori,ENG,DF,27.0,1997.0,33.0,31.0,2554.0,28.4,0.0,2.0,2.0,0.0,0.0,0.0,8.0,1.0,0.0,0.07,0.07,0.0,0.07,28.4,0.0,9.0,2.0,22.2,0.32,0.07,0.0,0.0,0.0,0.0,77.0,74.7,31,82.0,20,2,13.0,3,2.03,37.0,21.0,16.0,0.56,0.36,1.0,36.0,7.0,2.0,17.0,28.0,40.0,,,0.0,,,,,,,,,,,,,,,
ITA-Serie A,2526,Milan,Koni De Winter,BEL,DF,23.0,2002.0,26.0,19.0,1800.0,20.0,1.0,1.0,2.0,1.0,0.0,0.0,1.0,0.0,0.05,0.05,0.1,0.05,0.1,20.0,1.0,7.0,1.0,14.3,0.35,0.05,0.14,1.0,0.0,0.0,69.0,52.6,19,88.0,17,7,18.0,12,1.96,27.0,21.0,6.0,0.3,-0.37,0.0,27.0,8.0,1.0,5.0,13.0,19.0,,,0.0,,,,,,,,,,,,,,,
ITA-Serie A,2526,Milan,Luka Modrić,CRO,MF,39.0,1985.0,34.0,32.0,2811.0,31.2,2.0,3.0,5.0,2.0,0.0,0.0,4.0,0.0,0.06,0.1,0.16,0.06,0.16,31.2,2.0,20.0,8.0,40.0,0.64,0.26,0.1,0.25,0.0,0.0,83.0,82.2,32,87.0,25,2,17.0,2,1.94,45.0,26.0,19.0,0.61,0.76,0.0,23.0,33.0,0.0,111.0,35.0,27.0,,,0.0,,,,,,,,,,,,,,,
ITA-Serie A,2526,Milan,Matteo Gabbia,ITA,DF,25.0,1999.0,30.0,28.0,2530.0,28.1,0.0,0.0,0.0,0.0,0.0,0.0,4.0,0.0,0.0,0.0,0.0,0.0,0.0,28.1,0.0,19.0,3.0,15.8,0.68,0.11,0.0,0.0,0.0,0.0,84.0,74.0,28,88.0,26,2,29.0,2,1.93,42.0,25.0,17.0,0.6,0.5,0.0,25.0,6.0,0.0,1.0,13.0,14.0,,,0.0,,,,,,,,,,,,,,,
ITA-Serie A,2526,Milan,Mike Maignan,FRA,GK,30.0,1995.0,37.0,37.0,3295.0,36.6,0.0,0.0,0.0,0.0,0.0,0.0,4.0,0.0,0.0,0.0,0.0,0.0,0.0,36.6,0.0,0.0,0.0,,0.0,0.0,,,0.0,0.0,89.0,96.3,37,89.0,36,0,,0,1.81,49.0,35.0,14.0,0.38,-2.5,0.0,0.0,6.0,0.0,0.0,1.0,0.0,,,0.0,35.0,0.96,141.0,106.0,75.2,19.0,10.0,8.0,14.0,37.8,8.0,5.0,2.0,1.0,28.6
ITA-Serie A,2526,Milan,Niclas Füllkrug,GER,FW,32.0,1993.0,20.0,3.0,659.0,7.3,1.0,0.0,1.0,1.0,0.0,1.0,0.0,0.0,0.14,0.0,0.14,0.14,0.14,7.3,1.0,16.0,5.0,31.3,2.19,0.68,0.06,0.2,0.0,1.0,33.0,19.3,3,63.0,0,17,28.0,2,1.6,13.0,6.0,7.0,0.96,0.6,0.0,8.0,8.0,14.0,1.0,3.0,2.0,,,0.0,,,,,,,,,,,,,,,
ITA-Serie A,2526,Milan,Pervis Estupiñán,ECU,MF,27.0,1998.0,19.0,13.0,1034.0,11.5,1.0,1.0,2.0,1.0,0.0,0.0,5.0,1.0,0.09,0.09,0.17,0.09,0.17,11.5,1.0,9.0,1.0,11.1,0.78,0.09,0.11,1.0,0.0,0.0,54.0,30.2,13,74.0,6,6,12.0,14,1.79,17.0,6.0,11.0,0.96,0.69,0.0,17.0,8.0,5.0,20.0,11.0,9.0,,,0.0,,,,,,,,,,,,,,,
ITA-Serie A,2526,Milan,Pietro Terracciano,ITA,GK,35.0,1990.0,2.0,1.0,125.0,1.4,0.0,0.0,0.0,0.0,0.0,0.0,0.0,0.0,0.0,0.0,0.0,0.0,0.0,1.4,0.0,0.0,0.0,,0.0,0.0,,,0.0,0.0,63.0,3.7,1,90.0,1,1,35.0,34,3.0,4.0,0.0,4.0,2.88,2.5,0.0,0.0,0.0,0.0,0.0,0.0,0.0,,,0.0,0.0,0.0,4.0,4.0,100.0,1.0,0.0,0.0,2.0,200.0,0.0,0.0,0.0,0.0,
ITA-Serie A,2526,Milan,Rafael Leão,POR,FW,26.0,1999.0,29.0,23.0,1851.0,20.6,9.0,3.0,12.0,7.0,2.0,2.0,5.0,0.0,0.44,0.15,0.58,0.34,0.49,20.6,9.0,63.0,24.0,38.1,3.06,1.17,0.14,0.38,2.0,2.0,64.0,54.1,23,75.0,6,6,22.0,1,1.66,24.0,22.0,2.0,0.1,-0.82,0.0,19.0,34.0,9.0,25.0,5.0,3.0,,,0.0,,,,,,,,,,,,,,,
ITA-Serie A,2526,Milan,Ruben Loftus-Cheek,ENG,"MF,FW",29.0,1996.0,28.0,12.0,1133.0,12.6,3.0,1.0,4.0,3.0,0.0,0.0,2.0,0.0,0.24,0.08,0.32,0.24,0.32,12.6,3.0,29.0,6.0,20.7,2.3,0.48,0.1,0.5,0.0,0.0,40.0,33.1,12,68.0,3,16,20.0,4,1.86,19.0,11.0,8.0,0.64,0.24,0.0,23.0,19.0,1.0,10.0,5.0,8.0,,,0.0,,,,,,,,,,,,,,,
ITA-Serie A,2526,Milan,Samuel Chukwueze,NGA,"FW,MF",26.0,1999.0,1.0,0.0,26.0,0.3,0.0,0.0,0.0,0.0,0.0,0.0,0.0,0.0,0.0,0.0,0.0,0.0,0.0,0.3,0.0,0.0,0.0,,0.0,0.0,,,0.0,0.0,26.0,0.8,0,,0,1,26.0,1,0.0,0.0,0.0,0.0,0.0,-0.48,0.0,0.0,3.0,0.0,3.0,0.0,0.0,,,0.0,,,,,,,,,,,,,,,
ITA-Serie A,2526,Milan,Samuele Ricci,ITA,MF,23.0,2001.0,31.0,11.0,1312.0,14.6,1.0,4.0,5.0,1.0,0.0,0.0,3.0,0.0,0.07,0.27,0.34,0.07,0.34,14.6,1.0,18.0,6.0,33.3,1.23,0.41,0.06,0.17,0.0,0.0,42.0,38.4,11,79.0,6,20,22.0,7,2.1,20.0,17.0,3.0,0.21,-0.43,0.0,17.0,33.0,1.0,28.0,9.0,9.0,,,0.0,,,,,,,,,,,,,,,
ITA-Serie A,2526,Milan,Santiago Giménez,MEX,FW,24.0,2001.0,16.0,11.0,892.0,9.9,0.0,1.0,1.0,0.0,0.0,0.0,2.0,0.0,0.0,0.1,0.1,0.0,0.1,9.9,0.0,27.0,9.0,33.3,2.72,0.91,0.0,0.0,0.0,0.0,56.0,26.1,11,69.0,1,5,27.0,2,1.69,15.0,11.0,4.0,0.4,-0.09,0.0,10.0,15.0,7.0,1.0,1.0,5.0,,,0.0,,,,,,,,,,,,,,,
ITA-Serie A,2526,Milan,Strahinja Pavlović,SRB,DF,24.0,2001.0,34.0,33.0,2869.0,31.9,5.0,1.0,6.0,5.0,0.0,0.0,4.0,0.0,0.16,0.03,0.19,0.16,0.19,31.9,5.0,26.0,6.0,23.1,0.82,0.19,0.19,0.83,0.0,0.0,84.0,83.9,33,86.0,29,1,29.0,3,1.76,44.0,33.0,11.0,0.35,-0.8,0.0,30.0,27.0,4.0,15.0,20.0,26.0,,,0.0,,,,,,,,,,,,,,,
ITA-Serie A,2526,Milan,Youssouf Fofana,FRA,MF,26.0,1999.0,33.0,28.0,2203.0,24.5,2.0,3.0,5.0,2.0,0.0,0.0,4.0,0.0,0.08,0.12,0.2,0.08,0.2,24.5,2.0,45.0,18.0,40.0,1.84,0.74,0.04,0.11,0.0,0.0,67.0,64.4,28,73.0,8,5,29.0,3,1.88,37.0,21.0,16.0,0.65,0.51,0.0,21.0,16.0,0.0,10.0,19.0,19.0,,,0.0,,,,,,,,,,,,,,,
ITA-Serie A,2526,Milan,Yunus Musah,USA,MF,22.0,2002.0,1.0,1.0,90.0,1.0,0.0,0.0,0.0,0.0,0.0,0.0,0.0,0.0,0.0,0.0,0.0,0.0,0.0,1.0,0.0,0.0,0.0,,0.0,0.0,,,0.0,0.0,90.0,2.6,1,90.0,1,0,,1,3.0,2.0,0.0,2.0,2.0,1.57,0.0,2.0,2.0,1.0,1.0,0.0,1.0,,,0.0,,,,,,,,,,,,,,,
ITA-Serie A,2526,Milan,Zachary Athekame,SUI,"MF,DF",20.0,2004.0,27.0,7.0,833.0,9.3,2.0,2.0,4.0,2.0,0.0,0.0,3.0,0.0,0.22,0.22,0.43,0.22,0.43,9.3,2.0,13.0,4.0,30.8,1.4,0.43,0.15,0.5,0.0,0.0,31.0,24.4,7,64.0,1,20,19.0,8,1.7,17.0,11.0,6.0,0.65,0.23,0.0,16.0,12.0,2.0,46.0,4.0,8.0,,,0.0,,,,,,,,,,,,,,,
ITA-Serie A,2526,Milan,Álex Jiménez,ESP,DF,20.0,2005.0,1.0,0.0,45.0,0.5,0.0,0.0,0.0,0.0,0.0,0.0,1.0,0.0,0.0,0.0,0.0,0.0,0.0,0.5,0.0,0.0,0.0,,0.0,0.0,,,0.0,0.0,45.0,1.3,0,,0,1,45.0,0,0.0,0.0,1.0,-1.0,-2.0,-2.51,0.0,0.0,1.0,0.0,1.0,0.0,0.0,,,0.0,,,,,,,,,,,,,,,
ITA-Serie A,2526,Napoli,Alessandro Buongiorno,ITA,DF,26.0,1999.0,33.0,28.0,2521.0,28.0,0.0,1.0,1.0,0.0,0.0,0.0,3.0,0.0,0.0,0.04,0.04,0.0,0.04,28.0,0.0,8.0,3.0,37.5,0.29,0.11,0.0,0.0,0.0,0.0,76.0,73.7,28,86.0,22,5,21.0,2,2.0,42.0,29.0,13.0,0.46,-0.44,0.0,50.0,26.0,1.0,6.0,40.0,22.0,,,0.0,,,,,,,,,,,,,,,
ITA-Serie A,2526,Napoli,Alex Meret,ITA,GK,28.0,1997.0,11.0,11.0,979.0,10.9,0.0,1.0,1.0,0.0,0.0,0.0,1.0,0.0,0.0,0.09,0.09,0.0,0.09,10.9,0.0,0.0,0.0,,0.0,0.0,,,0.0,0.0,89.0,28.6,11,89.0,10,0,,15,2.45,20.0,12.0,8.0,0.74,0.22,0.0,1.0,1.0,0.0,0.0,1.0,0.0,,,0.0,12.0,1.1,33.0,21.0,63.6,9.0,0.0,2.0,4.0,36.4,2.0,2.0,0.0,0.0,0.0
ITA-Serie A,2526,Napoli,Alisson Santos,BRA,"MF,FW",22.0,2002.0,14.0,9.0,834.0,9.3,4.0,0.0,4.0,4.0,0.0,0.0,1.0,0.0,0.43,0.0,0.43,0.43,0.43,9.3,4.0,29.0,16.0,55.2,3.13,1.73,0.14,0.25,0.0,0.0,60.0,24.4,9,75.0,3,5,32.0,1,1.93,17.0,9.0,8.0,0.86,0.38,0.0,4.0,8.0,1.0,42.0,2.0,8.0,,,0.0,,,,,,,,,,,,,,,
ITA-Serie A,2526,Napoli,Amir Rrahmani,KVX,DF,31.0,1994.0,21.0,21.0,1795.0,19.9,2.0,1.0,3.0,2.0,0.0,0.0,2.0,0.0,0.1,0.05,0.15,0.1,0.15,19.9,2.0,15.0,4.0,26.7,0.75,0.2,0.13,0.5,0.0,0.0,85.0,52.5,21,85.0,16,0,,3,2.0,32.0,15.0,17.0,0.85,0.58,0.0,20.0,16.0,2.0,1.0,22.0,12.0,,,0.0,,,,,,,,,,,,,,,
ITA-Serie A,2526,Napoli,Antonio Vergara,ITA,MF,22.0,2003.0,12.0,8.0,612.0,6.8,1.0,2.0,3.0,1.0,0.0,0.0,2.0,0.0,0.15,0.29,0.44,0.15,0.44,6.8,1.0,10.0,3.0,30.0,1.47,0.44,0.1,0.33,0.0,0.0,51.0,17.9,8,73.0,1,4,8.0,17,2.17,11.0,9.0,2.0,0.29,-0.35,0.0,17.0,20.0,2.0,11.0,4.0,9.0,,,0.0,,,,,,,,,,,,,,,
ITA-Serie A,2526,Napoli,Billy Gilmour,SCO,MF,24.0,2001.0,17.0,8.0,805.0,8.9,1.0,0.0,1.0,1.0,0.0,0.0,1.0,0.0,0.11,0.0,0.11,0.11,0.11,8.9,1.0,10.0,3.0,30.0,1.12,0.34,0.1,0.33,0.0,0.0,47.0,23.5,8,76.0,4,9,22.0,7,2.24,14.0,5.0,9.0,1.01,0.56,0.0,9.0,7.0,0.0,6.0,11.0,8.0,,,0.0,,,,,,,,,,,,,,,
ITA-Serie A,2526,Napoli,David Neres,BRA,"FW,MF",28.0,1997.0,16.0,10.0,922.0,10.2,3.0,3.0,6.0,3.0,0.0,0.0,3.0,0.0,0.29,0.29,0.59,0.29,0.59,10.2,3.0,17.0,4.0,23.5,1.66,0.39,0.18,0.75,0.0,0.0,58.0,27.0,10,77.0,1,6,26.0,1,2.0,16.0,7.0,9.0,0.88,0.41,0.0,19.0,7.0,0.0,53.0,1.0,5.0,,,0.0,,,,,,,,,,,,,,,
ITA-Serie A,2526,Napoli,Elif Elmas,MKD,"MF,FW",25.0,1999.0,33.0,20.0,1783.0,19.8,1.0,3.0,4.0,1.0,0.0,0.0,3.0,0.0,0.05,0.15,0.2,0.05,0.2,19.8,1.0,27.0,9.0,33.3,1.36,0.45,0.04,0.11,0.0,0.0,54.0,52.1,20,76.0,8,13,21.0,3,1.91,27.0,22.0,5.0,0.25,-0.68,0.0,18.0,13.0,2.0,41.0,7.0,13.0,,,0.0,,,,,,,,,,,,,,,
ITA-Serie A,2526,Napoli,Frank Anguissa,CMR,MF,29.0,1995.0,18.0,14.0,1258.0,14.0,4.0,1.0,5.0,4.0,0.0,0.0,1.0,0.0,0.29,0.07,0.36,0.29,0.36,14.0,4.0,23.0,9.0,39.1,1.65,0.64,0.17,0.44,0.0,0.0,70.0,36.8,14,81.0,11,4,31.0,4,2.0,18.0,14.0,4.0,0.29,-0.46,0.0,18.0,18.0,0.0,15.0,13.0,14.0,,,0.0,,,,,,,,,,,,,,,
ITA-Serie A,2526,Napoli,Giovane,BRA,"MF,FW",21.0,2003.0,12.0,2.0,338.0,3.8,0.0,1.0,1.0,0.0,0.0,0.0,0.0,0.0,0.0,0.27,0.27,0.0,0.27,3.8,0.0,9.0,2.0,22.2,2.4,0.53,0.0,0.0,0.0,0.0,28.0,9.9,2,72.0,0,10,19.0,5,1.67,4.0,6.0,-2.0,-0.53,-1.23,0.0,3.0,9.0,7.0,11.0,1.0,0.0,,,0.0,,,,,,,,,,,,,,,
ITA-Serie A,2526,Napoli,Giovanni Di Lorenzo,ITA,"DF,MF",31.0,1993.0,26.0,26.0,2276.0,25.3,2.0,1.0,3.0,2.0,0.0,0.0,1.0,0.0,0.08,0.04,0.12,0.08,0.12,25.3,2.0,25.0,9.0,36.0,0.99,0.36,0.08,0.22,0.0,0.0,88.0,66.5,26,88.0,24,0,,1,2.0,37.0,23.0,14.0,0.55,-0.08,0.0,33.0,23.0,1.0,38.0,9.0,26.0,,,0.0,,,,,,,,,,,,,,,
ITA-Serie A,2526,Napoli,Giuseppe Ambrosino,ITA,FW,21.0,2003.0,3.0,0.0,38.0,0.4,0.0,0.0,0.0,0.0,0.0,0.0,0.0,0.0,0.0,0.0,0.0,0.0,0.0,0.4,0.0,0.0,0.0,,0.0,0.0,,,0.0,0.0,13.0,1.1,0,,0,3,13.0,17,2.0,1.0,0.0,1.0,2.37,1.81,0.0,1.0,1.0,0.0,0.0,0.0,0.0,,,0.0,,,,,,,,,,,,,,,
ITA-Serie A,2526,Napoli,Juan Jesus,BRA,DF,34.0,1991.0,24.0,19.0,1675.0,18.6,0.0,0.0,0.0,0.0,0.0,0.0,10.0,1.0,0.0,0.0,0.0,0.0,0.0,18.6,0.0,3.0,0.0,0.0,0.16,0.0,0.0,,0.0,0.0,70.0,49.0,19,83.0,13,5,21.0,10,2.21,27.0,18.0,9.0,0.48,-0.19,1.0,39.0,2.0,0.0,1.0,26.0,22.0,,,0.0,,,,,,,,,,,,,,,
ITA-Serie A,2526,Napoli,Kevin De Bruyne,BEL,MF,34.0,1991.0,18.0,13.0,1165.0,12.9,5.0,2.0,7.0,2.0,3.0,3.0,1.0,0.0,0.39,0.15,0.54,0.15,0.31,12.9,5.0,27.0,11.0,40.7,2.09,0.85,0.19,0.45,3.0,3.0,65.0,34.1,13,73.0,4,5,42.0,0,2.28,22.0,8.0,14.0,1.08,0.76,0.0,8.0,6.0,4.0,58.0,5.0,8.0,,,0.0,,,,,,,,,,,,,,,
ITA-Serie A,2526,Napoli,Leonardo Spinazzola,ITA,"MF,DF",32.0,1993.0,32.0,22.0,1901.0,21.1,3.0,3.0,6.0,3.0,0.0,0.0,2.0,0.0,0.14,0.14,0.28,0.14,0.28,21.1,3.0,21.0,7.0,33.3,0.99,0.33,0.14,0.43,0.0,0.0,59.0,55.6,22,76.0,8,10,22.0,2,2.0,35.0,20.0,15.0,0.71,0.3,0.0,9.0,10.0,2.0,73.0,4.0,10.0,,,0.0,,,,,,,,,,,,,,,
ITA-Serie A,2526,Napoli,Lorenzo Lucca,ITA,FW,24.0,2000.0,16.0,4.0,408.0,4.5,1.0,0.0,1.0,1.0,0.0,0.0,1.0,0.0,0.22,0.0,0.22,0.22,0.22,4.5,1.0,15.0,5.0,33.3,3.31,1.1,0.07,0.2,0.0,0.0,26.0,11.9,4,72.0,0,12,10.0,4,1.88,4.0,3.0,1.0,0.22,-0.41,0.0,17.0,12.0,4.0,0.0,0.0,0.0,,,0.0,,,,,,,,,,,,,,,
ITA-Serie A,2526,Napoli,Luca Marianucci,ITA,DF,21.0,2004.0,2.0,1.0,119.0,1.3,0.0,1.0,1.0,0.0,0.0,0.0,0.0,0.0,0.0,0.76,0.76,0.0,0.76,1.3,0.0,1.0,0.0,0.0,0.76,0.0,0.0,,0.0,0.0,60.0,3.5,1,90.0,1,1,29.0,19,0.5,2.0,2.0,0.0,0.0,-0.6,0.0,2.0,0.0,0.0,2.0,1.0,2.0,,,0.0,,,,,,,,,,,,,,,
ITA-Serie A,2526,Napoli,Mathías Olivera,URU,"DF,MF",27.0,1997.0,25.0,15.0,1370.0,15.2,0.0,0.0,0.0,0.0,0.0,0.0,3.0,0.0,0.0,0.0,0.0,0.0,0.0,15.2,0.0,8.0,3.0,37.5,0.53,0.2,0.0,0.0,0.0,0.0,55.0,40.1,15,74.0,6,10,27.0,10,2.16,23.0,13.0,10.0,0.66,0.13,0.0,17.0,10.0,0.0,6.0,16.0,22.0,,,0.0,,,,,,,,,,,,,,,
ITA-Serie A,2526,Napoli,Matteo Politano,ITA,"MF,FW",31.0,1993.0,34.0,26.0,2200.0,24.4,2.0,5.0,7.0,2.0,0.0,0.0,4.0,0.0,0.08,0.2,0.29,0.08,0.29,24.4,2.0,49.0,13.0,26.5,2.0,0.53,0.04,0.15,0.0,0.0,65.0,64.3,26,78.0,5,8,23.0,0,1.97,38.0,23.0,15.0,0.61,0.1,0.0,19.0,28.0,0.0,173.0,5.0,10.0,,,0.0,,,,,,,,,,,,,,,
ITA-Serie A,2526,Napoli,Miguel Gutiérrez,ESP,"MF,DF",24.0,2001.0,28.0,15.0,1488.0,16.5,1.0,1.0,2.0,1.0,0.0,0.0,0.0,0.0,0.06,0.06,0.12,0.06,0.12,16.5,1.0,15.0,5.0,33.3,0.91,0.3,0.07,0.2,0.0,0.0,53.0,43.5,15,82.0,9,13,20.0,6,1.89,24.0,18.0,6.0,0.36,-0.38,0.0,19.0,28.0,1.0,48.0,7.0,22.0,,,0.0,,,,,,,,,,,,,,,
ITA-Serie A,2526,Napoli,Nikita Contini,ITA,GK,29.0,1996.0,1.0,0.0,11.0,0.1,0.0,0.0,0.0,0.0,0.0,0.0,0.0,0.0,0.0,0.0,0.0,0.0,0.0,0.1,0.0,0.0,0.0,,0.0,0.0,,,0.0,0.0,11.0,0.3,0,,0,1,11.0,31,3.0,0.0,0.0,0.0,0.0,-0.58,0.0,0.0,0.0,0.0,0.0,0.0,0.0,,,0.0,0.0,0.0,0.0,0.0,,0.0,0.0,0.0,1.0,,0.0,0.0,0.0,0.0,
ITA-Serie A,2526,Napoli,Noa Lang,NED,"FW,MF",26.0,1999.0,18.0,7.0,666.0,7.4,1.0,2.0,3.0,1.0,0.0,0.0,2.0,0.0,0.14,0.27,0.41,0.14,0.41,7.4,1.0,9.0,4.0,44.4,1.22,0.54,0.11,0.25,0.0,0.0,37.0,19.5,7,66.0,0,11,19.0,3,1.89,9.0,4.0,5.0,0.68,0.12,0.0,5.0,11.0,2.0,44.0,2.0,8.0,,,0.0,,,,,,,,,,,,,,,
ITA-Serie A,2526,Napoli,Pasquale Mazzocchi,ITA,MF,30.0,1995.0,16.0,2.0,310.0,3.4,0.0,1.0,1.0,0.0,0.0,0.0,0.0,1.0,0.0,0.29,0.29,0.0,0.29,3.4,0.0,2.0,1.0,50.0,0.58,0.29,0.0,0.0,0.0,0.0,19.0,9.1,2,60.0,0,14,14.0,17,2.06,3.0,3.0,0.0,0.0,-0.64,0.0,1.0,0.0,1.0,15.0,4.0,1.0,,,0.0,,,,,,,,,,,,,,,
ITA-Serie A,2526,Napoli,Rasmus Højlund,DEN,FW,22.0,2003.0,33.0,32.0,2750.0,30.6,12.0,5.0,17.0,11.0,1.0,1.0,1.0,0.0,0.39,0.16,0.56,0.36,0.52,30.6,12.0,60.0,25.0,41.7,1.96,0.82,0.2,0.48,1.0,1.0,83.0,80.4,32,85.0,19,1,30.0,0,1.94,50.0,31.0,19.0,0.62,0.22,0.0,37.0,53.0,20.0,3.0,0.0,1.0,,,0.0,,,,,,,,,,,,,,,
ITA-Serie A,2526,Napoli,Romelu Lukaku,BEL,FW,32.0,1993.0,5.0,0.0,44.0,0.5,1.0,0.0,1.0,1.0,0.0,0.0,1.0,0.0,2.05,0.0,2.05,2.05,2.05,0.5,1.0,2.0,1.0,50.0,4.09,2.05,0.5,1.0,0.0,0.0,9.0,1.3,0,,0,5,9.0,4,1.8,1.0,2.0,-1.0,-2.05,-2.66,0.0,2.0,0.0,0.0,0.0,0.0,0.0,,,0.0,,,,,,,,,,,,,,,
ITA-Serie A,2526,Napoli,Sam Beukema,NED,DF,26.0,1998.0,24.0,18.0,1681.0,18.7,2.0,0.0,2.0,2.0,0.0,0.0,2.0,0.0,0.11,0.0,0.11,0.11,0.11,18.7,2.0,8.0,4.0,50.0,0.43,0.21,0.25,0.5,0.0,0.0,70.0,49.2,18,86.0,15,6,23.0,11,2.04,29.0,19.0,10.0,0.54,-0.09,0.0,19.0,5.0,1.0,6.0,14.0,17.0,,,0.0,,,,,,,,,,,,,,,
ITA-Serie A,2526,Napoli,Scott McTominay,SCO,MF,28.0,1996.0,33.0,31.0,2791.0,31.0,10.0,3.0,13.0,10.0,0.0,1.0,1.0,0.0,0.32,0.1,0.42,0.32,0.42,31.0,10.0,101.0,34.0,33.7,3.26,1.1,0.1,0.29,0.0,1.0,85.0,81.6,31,88.0,27,2,38.0,0,2.09,49.0,27.0,22.0,0.71,0.71,0.0,24.0,73.0,5.0,10.0,23.0,13.0,,,0.0,,,,,,,,,,,,,,,
ITA-Serie A,2526,Napoli,Stanislav Lobotka,SVK,MF,30.0,1994.0,32.0,29.0,2431.0,27.0,1.0,1.0,2.0,1.0,0.0,0.0,3.0,0.0,0.04,0.04,0.07,0.04,0.07,27.0,1.0,8.0,4.0,50.0,0.3,0.15,0.13,0.25,0.0,0.0,76.0,71.1,29,82.0,19,3,22.0,0,1.91,44.0,30.0,14.0,0.52,-0.21,0.0,13.0,45.0,0.0,5.0,16.0,16.0,,,0.0,,,,,,,,,,,,,,,
ITA-Serie A,2526,Napoli,Vanja Milinković-Savić,SRB,GK,28.0,1997.0,27.0,27.0,2430.0,27.0,0.0,1.0,1.0,0.0,0.0,0.0,0.0,0.0,0.0,0.04,0.04,0.0,0.04,27.0,0.0,0.0,0.0,,0.0,0.0,,,0.0,0.0,90.0,71.1,27,90.0,27,0,,9,1.81,38.0,24.0,14.0,0.52,-0.21,0.0,1.0,6.0,0.0,0.0,0.0,0.0,,,0.0,24.0,0.89,77.0,52.0,68.8,14.0,7.0,6.0,11.0,40.7,8.0,5.0,3.0,0.0,37.5
ITA-Serie A,2526,Parma,Abdoulaye Ndiaye,SEN,DF,23.0,2002.0,11.0,9.0,780.0,8.7,0.0,0.0,0.0,0.0,0.0,0.0,5.0,1.0,0.0,0.0,0.0,0.0,0.0,8.7,0.0,6.0,0.0,0.0,0.69,0.0,0.0,,0.0,0.0,71.0,22.8,9,78.0,6,2,40.0,9,1.36,6.0,10.0,-4.0,-0.46,0.02,1.0,13.0,12.0,0.0,0.0,11.0,10.0,,,0.0,,,,,,,,,,,,,,,
ITA-Serie A,2526,Parma,Adrian Benedyczak,POL,FW,24.0,2000.0,14.0,5.0,490.0,5.4,1.0,1.0,2.0,0.0,1.0,1.0,1.0,0.0,0.18,0.18,0.37,0.0,0.18,5.4,1.0,8.0,3.0,37.5,1.47,0.55,0.13,0.33,1.0,1.0,35.0,14.3,5,68.0,0,9,17.0,7,1.21,6.0,7.0,-1.0,-0.18,0.34,0.0,9.0,6.0,1.0,10.0,1.0,6.0,,,0.0,,,,,,,,,,,,,,,
ITA-Serie A,2526,Parma,Adrian Bernabe,ESP,MF,24.0,2001.0,32.0,31.0,2470.0,27.4,3.0,1.0,4.0,3.0,0.0,0.0,0.0,0.0,0.11,0.04,0.15,0.11,0.15,27.4,3.0,50.0,12.0,24.0,1.82,0.44,0.06,0.25,0.0,0.0,77.0,72.2,31,79.0,6,1,32.0,0,1.28,20.0,33.0,-13.0,-0.47,0.0,0.0,15.0,61.0,1.0,81.0,17.0,23.0,,,0.0,,,,,,,,,,,,,,,
ITA-Serie A,2526,Parma,Alessandro Cardinali,ITA,FW,19.0,2006.0,1.0,0.0,45.0,0.5,0.0,0.0,0.0,0.0,0.0,0.0,0.0,0.0,0.0,0.0,0.0,0.0,0.0,0.5,0.0,0.0,0.0,,0.0,0.0,,,0.0,0.0,45.0,1.3,0,,0,1,45.0,7,3.0,1.0,0.0,1.0,2.0,2.51,0.0,0.0,0.0,0.0,1.0,0.0,0.0,,,0.0,,,,,,,,,,,,,,,
ITA-Serie A,2526,Parma,Alessandro Circati,AUS,DF,21.0,2003.0,31.0,31.0,2664.0,29.6,1.0,0.0,1.0,1.0,0.0,0.0,6.0,0.0,0.03,0.0,0.03,0.03,0.03,29.6,1.0,8.0,1.0,12.5,0.27,0.03,0.13,1.0,0.0,0.0,86.0,77.9,31,86.0,28,0,,1,1.1,21.0,34.0,-13.0,-0.44,0.16,0.0,30.0,18.0,0.0,5.0,27.0,25.0,,,0.0,,,,,,,,,,,,,,,
ITA-Serie A,2526,Parma,Ben Cremaschi,USA,MF,20.0,2005.0,8.0,2.0,132.0,1.5,0.0,0.0,0.0,0.0,0.0,0.0,0.0,0.0,0.0,0.0,0.0,0.0,0.0,1.5,0.0,1.0,0.0,0.0,0.68,0.0,0.0,,0.0,0.0,17.0,3.9,2,50.0,1,6,5.0,17,0.88,1.0,3.0,-2.0,-1.36,-0.93,0.0,2.0,0.0,0.0,6.0,0.0,1.0,,,0.0,,,,,,,,,,,,,,,
ITA-Serie A,2526,Parma,Christian Ordoñez,ARG,MF,21.0,2004.0,28.0,12.0,1091.0,12.1,1.0,0.0,1.0,1.0,0.0,0.0,5.0,1.0,0.08,0.0,0.08,0.08,0.08,12.1,1.0,10.0,2.0,20.0,0.82,0.16,0.1,0.5,0.0,0.0,39.0,31.9,12,67.0,3,16,18.0,9,1.29,9.0,14.0,-5.0,-0.41,0.09,1.0,16.0,11.0,0.0,12.0,9.0,13.0,,,0.0,,,,,,,,,,,,,,,
ITA-Serie A,2526,Parma,Daniel Mikołajewski,POL,FW,19.0,2006.0,3.0,1.0,70.0,0.8,0.0,0.0,0.0,0.0,0.0,0.0,0.0,0.0,0.0,0.0,0.0,0.0,0.0,0.8,0.0,1.0,0.0,0.0,1.29,0.0,0.0,,0.0,0.0,23.0,2.0,1,45.0,0,2,13.0,5,1.33,0.0,0.0,0.0,0.0,0.48,0.0,2.0,2.0,2.0,1.0,0.0,0.0,,,0.0,,,,,,,,,,,,,,,
ITA-Serie A,2526,Parma,Edoardo Corvi,ITA,GK,24.0,2001.0,17.0,17.0,1530.0,17.0,0.0,0.0,0.0,0.0,0.0,0.0,1.0,0.0,0.0,0.0,0.0,0.0,0.0,17.0,0.0,0.0,0.0,,0.0,0.0,,,0.0,0.0,90.0,44.7,17,90.0,17,0,,21,1.65,14.0,18.0,-4.0,-0.24,0.43,0.0,0.0,5.0,0.0,0.0,0.0,0.0,,,0.0,18.0,1.06,63.0,44.0,71.4,8.0,4.0,5.0,7.0,41.2,3.0,3.0,0.0,0.0,0.0
ITA-Serie A,2526,Parma,Emanuele Valeri,ITA,"MF,DF",26.0,1998.0,34.0,29.0,2643.0,29.4,0.0,2.0,2.0,0.0,0.0,0.0,2.0,0.0,0.0,0.07,0.07,0.0,0.07,29.4,0.0,23.0,5.0,21.7,0.78,0.17,0.0,0.0,0.0,0.0,78.0,77.3,29,86.0,23,5,29.0,0,1.26,21.0,32.0,-11.0,-0.37,0.44,0.0,23.0,26.0,3.0,234.0,20.0,32.0,,,0.0,,,,,,,,,,,,,,,
ITA-Serie A,2526,Parma,Enrico Delprato,ITA,"DF,MF",25.0,1999.0,35.0,34.0,2951.0,32.8,2.0,0.0,2.0,2.0,0.0,0.0,5.0,0.0,0.06,0.0,0.06,0.06,0.06,32.8,2.0,18.0,9.0,50.0,0.55,0.27,0.11,0.22,0.0,0.0,84.0,86.3,34,86.0,29,1,21.0,2,1.11,23.0,40.0,-17.0,-0.52,-0.33,0.0,16.0,10.0,6.0,19.0,24.0,21.0,,,0.0,,,,,,,,,,,,,,,
ITA-Serie A,2526,Parma,Filippo Rinaldi,ITA,GK,22.0,2002.0,1.0,1.0,90.0,1.0,0.0,0.0,0.0,0.0,0.0,0.0,1.0,0.0,0.0,0.0,0.0,0.0,0.0,1.0,0.0,0.0,0.0,,0.0,0.0,,,0.0,0.0,90.0,2.6,1,90.0,1,0,,35,1.0,0.0,0.0,0.0,0.0,0.49,0.0,0.0,0.0,0.0,0.0,0.0,0.0,,,0.0,0.0,0.0,4.0,4.0,100.0,0.0,1.0,0.0,1.0,100.0,0.0,0.0,0.0,0.0,
ITA-Serie A,2526,Parma,Franco Carboni,ITA,MF,22.0,2003.0,7.0,1.0,114.0,1.3,0.0,0.0,0.0,0.0,0.0,0.0,0.0,0.0,0.0,0.0,0.0,0.0,0.0,1.3,0.0,0.0,0.0,,0.0,0.0,,,0.0,0.0,16.0,3.3,1,70.0,0,6,7.0,9,1.14,3.0,3.0,0.0,0.0,0.49,0.0,3.0,0.0,0.0,3.0,2.0,1.0,,,0.0,,,,,,,,,,,,,,,
ITA-Serie A,2526,Parma,Gabriel Strefezza,BRA,FW,28.0,1997.0,14.0,13.0,1007.0,11.2,2.0,2.0,4.0,2.0,0.0,0.0,3.0,0.0,0.18,0.18,0.36,0.18,0.36,11.2,2.0,24.0,7.0,29.2,2.14,0.63,0.08,0.29,0.0,0.0,72.0,29.4,13,75.0,3,1,37.0,0,1.36,8.0,13.0,-5.0,-0.45,0.04,0.0,21.0,28.0,2.0,41.0,5.0,12.0,,,0.0,,,,,,,,,,,,,,,
ITA-Serie A,2526,Parma,Gaetano Oristanio,ITA,"FW,MF",22.0,2002.0,20.0,8.0,859.0,9.5,1.0,0.0,1.0,1.0,0.0,0.0,1.0,0.0,0.1,0.0,0.1,0.1,0.1,9.5,1.0,24.0,4.0,16.7,2.51,0.42,0.04,0.25,0.0,0.0,43.0,25.1,8,65.0,0,12,28.0,8,1.25,7.0,13.0,-6.0,-0.63,-0.21,0.0,13.0,20.0,4.0,16.0,2.0,6.0,,,0.0,,,,,,,,,,,,,,,
ITA-Serie A,2526,Parma,Hans Nicolussi Caviglia,ITA,MF,25.0,2000.0,15.0,10.0,869.0,9.7,0.0,3.0,3.0,0.0,0.0,0.0,0.0,0.0,0.0,0.31,0.31,0.0,0.31,9.7,0.0,16.0,2.0,12.5,1.66,0.21,0.0,0.0,0.0,0.0,58.0,25.4,10,73.0,2,5,28.0,1,1.47,10.0,11.0,-1.0,-0.1,0.5,0.0,8.0,9.0,0.0,23.0,3.0,8.0,,,0.0,,,,,,,,,,,,,,,
ITA-Serie A,2526,Parma,Hernani,BRA,MF,31.0,1994.0,4.0,0.0,73.0,0.8,0.0,0.0,0.0,0.0,0.0,0.0,0.0,0.0,0.0,0.0,0.0,0.0,0.0,0.8,0.0,1.0,0.0,0.0,1.23,0.0,0.0,,0.0,0.0,18.0,2.1,0,,0,4,18.0,8,0.5,0.0,2.0,-2.0,-2.47,-2.04,0.0,2.0,3.0,1.0,2.0,1.0,0.0,,,0.0,,,,,,,,,,,,,,,
ITA-Serie A,2526,Parma,Jacob Ondrejka,SWE,"FW,MF",22.0,2002.0,16.0,9.0,773.0,8.6,0.0,0.0,0.0,0.0,0.0,0.0,2.0,0.0,0.0,0.0,0.0,0.0,0.0,8.6,0.0,21.0,7.0,33.3,2.45,0.82,0.0,0.0,0.0,0.0,48.0,22.6,9,65.0,0,7,27.0,9,1.31,8.0,14.0,-6.0,-0.7,-0.29,0.0,8.0,14.0,1.0,12.0,2.0,2.0,,,0.0,,,,,,,,,,,,,,,
ITA-Serie A,2526,Parma,Lautaro Valenti,ARG,DF,26.0,1999.0,27.0,25.0,2252.0,25.0,0.0,0.0,0.0,0.0,0.0,0.0,7.0,0.0,0.0,0.0,0.0,0.0,0.0,25.0,0.0,17.0,4.0,23.5,0.68,0.16,0.0,0.0,0.0,0.0,83.0,65.8,25,87.0,23,2,39.0,4,1.15,19.0,31.0,-12.0,-0.48,-0.02,0.0,25.0,17.0,0.0,20.0,26.0,30.0,,,0.0,,,,,,,,,,,,,,,
ITA-Serie A,2526,Parma,Mandela Keita,BEL,MF,23.0,2002.0,37.0,36.0,2979.0,33.1,1.0,1.0,2.0,1.0,0.0,0.0,1.0,0.0,0.03,0.03,0.06,0.03,0.06,33.1,1.0,16.0,5.0,31.3,0.48,0.15,0.06,0.2,0.0,0.0,81.0,87.1,36,83.0,19,1,6.0,0,1.22,19.0,37.0,-18.0,-0.54,-0.54,0.0,30.0,57.0,0.0,2.0,43.0,48.0,,,1.0,,,,,,,,,,,,,,,
ITA-Serie A,2526,Parma,Mariano Troilo,ARG,DF,22.0,2003.0,21.0,18.0,1625.0,18.1,1.0,0.0,1.0,1.0,0.0,0.0,8.0,2.0,0.06,0.0,0.06,0.06,0.06,18.1,1.0,9.0,2.0,22.2,0.5,0.11,0.11,0.5,0.0,0.0,77.0,47.5,18,85.0,14,3,31.0,12,1.09,14.0,26.0,-12.0,-0.66,-0.36,1.0,27.0,20.0,1.0,1.0,16.0,18.0,,,0.0,,,,,,,,,,,,,,,
ITA-Serie A,2526,Parma,Mateo Pellegrino,ARG,FW,24.0,2001.0,37.0,34.0,2984.0,33.2,9.0,1.0,10.0,8.0,1.0,1.0,5.0,0.0,0.27,0.03,0.3,0.24,0.27,33.2,9.0,73.0,22.0,30.1,2.2,0.66,0.12,0.41,1.0,1.0,81.0,87.3,34,84.0,21,3,38.0,0,1.19,24.0,38.0,-14.0,-0.42,0.4,0.0,87.0,71.0,12.0,12.0,4.0,10.0,,,0.0,,,,,,,,,,,,,,,
ITA-Serie A,2526,Parma,Mathias Løvik,NOR,MF,21.0,2003.0,9.0,5.0,471.0,5.2,0.0,0.0,0.0,0.0,0.0,0.0,0.0,0.0,0.0,0.0,0.0,0.0,0.0,5.2,0.0,3.0,0.0,0.0,0.57,0.0,0.0,,0.0,0.0,52.0,13.8,5,79.0,2,4,19.0,10,1.0,5.0,8.0,-3.0,-0.57,-0.12,0.0,3.0,2.0,2.0,15.0,7.0,8.0,,,0.0,,,,,,,,,,,,,,,
ITA-Serie A,2526,Parma,Milan Đurić,BIH,FW,35.0,1990.0,12.0,0.0,74.0,0.8,0.0,0.0,0.0,0.0,0.0,0.0,0.0,0.0,0.0,0.0,0.0,0.0,0.0,0.8,0.0,5.0,0.0,0.0,6.08,0.0,0.0,,0.0,0.0,6.0,2.2,0,,0,12,6.0,10,0.83,1.0,2.0,-1.0,-1.22,-0.76,0.0,2.0,1.0,0.0,0.0,0.0,0.0,,,0.0,,,,,,,,,,,,,,,
ITA-Serie A,2526,Parma,Nahuel Estévez,ARG,MF,29.0,1995.0,32.0,9.0,1049.0,11.7,0.0,1.0,1.0,0.0,0.0,0.0,2.0,0.0,0.0,0.09,0.09,0.0,0.09,11.7,0.0,9.0,1.0,11.1,0.77,0.09,0.0,0.0,0.0,0.0,33.0,30.7,9,76.0,5,23,16.0,4,1.06,7.0,11.0,-4.0,-0.34,0.19,0.0,11.0,13.0,0.0,43.0,5.0,10.0,,,0.0,,,,,,,,,,,,,,,
ITA-Serie A,2526,Parma,Nesta Elphege,FRA,FW,24.0,2001.0,9.0,2.0,309.0,3.4,2.0,1.0,3.0,2.0,0.0,0.0,0.0,0.0,0.58,0.29,0.87,0.58,0.87,3.4,2.0,6.0,3.0,50.0,1.75,0.87,0.33,0.67,0.0,0.0,34.0,9.0,2,68.0,0,7,25.0,6,0.89,4.0,2.0,2.0,0.58,1.16,0.0,3.0,0.0,3.0,0.0,0.0,0.0,,,0.0,,,,,,,,,,,,,,,
ITA-Serie A,2526,Parma,Oliver Jensen,DEN,MF,23.0,2002.0,34.0,19.0,1840.0,20.4,1.0,1.0,2.0,1.0,0.0,0.0,2.0,0.0,0.05,0.05,0.1,0.05,0.1,20.4,1.0,15.0,3.0,20.0,0.73,0.15,0.07,0.33,0.0,0.0,54.0,53.8,19,78.0,9,15,23.0,4,1.21,14.0,28.0,-14.0,-0.68,-0.46,0.0,13.0,20.0,2.0,14.0,17.0,8.0,,,0.0,,,,,,,,,,,,,,,
ITA-Serie A,2526,Parma,Patrick Cutrone,ITA,FW,27.0,1998.0,15.0,11.0,888.0,9.9,1.0,0.0,1.0,1.0,0.0,0.0,0.0,0.0,0.1,0.0,0.1,0.1,0.1,9.9,1.0,25.0,7.0,28.0,2.53,0.71,0.04,0.14,0.0,0.0,59.0,26.0,11,76.0,1,4,14.0,5,0.8,6.0,11.0,-5.0,-0.51,-0.04,0.0,7.0,16.0,8.0,12.0,3.0,1.0,,,0.0,,,,,,,,,,,,,,,
ITA-Serie A,2526,Parma,Pontus Almqvist,SWE,MF,26.0,1999.0,13.0,4.0,457.0,5.1,0.0,1.0,1.0,0.0,0.0,0.0,0.0,0.0,0.0,0.2,0.2,0.0,0.2,5.1,0.0,5.0,2.0,40.0,0.98,0.39,0.0,0.0,0.0,0.0,35.0,13.4,4,66.0,0,9,22.0,11,0.77,4.0,7.0,-3.0,-0.59,-0.14,0.0,6.0,14.0,1.0,7.0,6.0,6.0,,,0.0,,,,,,,,,,,,,,,
ITA-Serie A,2526,Parma,Sascha Britschgi,SUI,"MF,DF",18.0,2006.0,29.0,22.0,2095.0,23.3,0.0,2.0,2.0,0.0,0.0,0.0,7.0,1.0,0.0,0.09,0.09,0.0,0.09,23.3,0.0,13.0,3.0,23.1,0.56,0.13,0.0,0.0,0.0,0.0,72.0,61.3,22,86.0,16,7,30.0,6,1.31,18.0,27.0,-9.0,-0.39,0.22,1.0,18.0,23.0,0.0,48.0,8.0,18.0,,,0.0,,,,,,,,,,,,,,,
ITA-Serie A,2526,Parma,Tjaš Begić,SVN,MF,22.0,2003.0,1.0,0.0,1.0,0.0,0.0,0.0,0.0,0.0,0.0,0.0,0.0,0.0,0.0,0.0,0.0,0.0,0.0,0.0,0.0,0.0,0.0,,0.0,0.0,,,0.0,0.0,1.0,0.0,0,,0,1,1.0,15,0.0,0.0,0.0,0.0,0.0,0.47,0.0,0.0,0.0,0.0,0.0,0.0,0.0,,,0.0,,,,,,,,,,,,,,,
ITA-Serie A,2526,Parma,Zion Suzuki,JPN,GK,22.0,2002.0,20.0,20.0,1800.0,20.0,0.0,0.0,0.0,0.0,0.0,0.0,1.0,0.0,0.0,0.0,0.0,0.0,0.0,20.0,0.0,0.0,0.0,,0.0,0.0,,,0.0,0.0,90.0,52.6,20,90.0,20,0,,3,0.8,14.0,28.0,-14.0,-0.7,-0.48,0.0,0.0,4.0,0.0,0.0,0.0,0.0,,,0.0,28.0,1.4,93.0,65.0,69.9,3.0,7.0,10.0,5.0,25.0,3.0,2.0,1.0,0.0,33.3
ITA-Serie A,2526,Pisa,Adrian Šemper,CRO,GK,27.0,1998.0,25.0,25.0,2250.0,25.0,0.0,0.0,0.0,0.0,0.0,0.0,0.0,0.0,0.0,0.0,0.0,0.0,0.0,25.0,0.0,0.0,0.0,,0.0,0.0,,,0.0,0.0,90.0,65.8,25,90.0,25,0,,8,0.48,16.0,42.0,-26.0,-1.04,0.42,0.0,0.0,6.0,0.0,0.0,0.0,0.0,,,0.0,42.0,1.68,124.0,82.0,66.1,1.0,9.0,15.0,4.0,16.0,2.0,2.0,0.0,0.0,0.0
ITA-Serie A,2526,Pisa,Antonio Caracciolo,ITA,DF,35.0,1990.0,35.0,34.0,3073.0,34.1,2.0,0.0,2.0,2.0,0.0,0.0,10.0,0.0,0.06,0.0,0.06,0.06,0.06,34.1,2.0,25.0,6.0,24.0,0.73,0.18,0.08,0.33,0.0,0.0,88.0,89.9,34,90.0,31,1,29.0,1,0.49,21.0,60.0,-39.0,-1.14,0.41,0.0,41.0,11.0,2.0,3.0,57.0,44.0,,,1.0,,,,,,,,,,,,,,,
ITA-Serie A,2526,Pisa,Arturo Calabresi,ITA,DF,29.0,1996.0,26.0,17.0,1514.0,16.8,0.0,0.0,0.0,0.0,0.0,0.0,8.0,0.0,0.0,0.0,0.0,0.0,0.0,16.8,0.0,4.0,1.0,25.0,0.24,0.06,0.0,0.0,0.0,0.0,58.0,44.3,17,74.0,3,9,28.0,11,0.62,15.0,30.0,-15.0,-0.89,0.52,0.0,33.0,25.0,1.0,17.0,19.0,13.0,,,0.0,,,,,,,,,,,,,,,
ITA-Serie A,2526,Pisa,Brando Bettazzi,ITA,MF,17.0,2007.0,1.0,0.0,14.0,0.2,0.0,0.0,0.0,0.0,0.0,0.0,0.0,0.0,0.0,0.0,0.0,0.0,0.0,0.2,0.0,0.0,0.0,,0.0,0.0,,,0.0,0.0,14.0,0.4,0,,0,1,14.0,8,0.0,0.0,0.0,0.0,0.0,1.19,0.0,1.0,1.0,0.0,0.0,0.0,1.0,,,0.0,,,,,,,,,,,,,,,
ITA-Serie A,2526,Pisa,Calvin Stengs,NED,"FW,MF",26.0,1998.0,4.0,0.0,46.0,0.5,0.0,0.0,0.0,0.0,0.0,0.0,0.0,0.0,0.0,0.0,0.0,0.0,0.0,0.5,0.0,2.0,1.0,50.0,3.91,1.96,0.0,0.0,0.0,0.0,12.0,1.3,0,,0,4,12.0,11,0.0,0.0,2.0,-2.0,-3.91,-2.77,0.0,0.0,2.0,0.0,3.0,0.0,0.0,,,0.0,,,,,,,,,,,,,,,
ITA-Serie A,2526,Pisa,Daniel Denoon,SUI,DF,21.0,2004.0,2.0,2.0,122.0,1.4,0.0,0.0,0.0,0.0,0.0,0.0,1.0,0.0,0.0,0.0,0.0,0.0,0.0,1.4,0.0,0.0,0.0,,0.0,0.0,,,0.0,0.0,61.0,3.6,2,61.0,0,0,,11,1.0,1.0,1.0,0.0,0.0,1.23,0.0,4.0,3.0,0.0,0.0,1.0,2.0,,,0.0,,,,,,,,,,,,,,,
ITA-Serie A,2526,Pisa,Ebenezer Akinsanmiro,NGA,MF,20.0,2004.0,24.0,16.0,1444.0,16.0,0.0,1.0,1.0,0.0,0.0,0.0,2.0,0.0,0.0,0.06,0.06,0.0,0.06,16.0,0.0,13.0,3.0,23.1,0.81,0.19,0.0,0.0,0.0,0.0,60.0,42.2,16,75.0,7,8,31.0,6,0.5,10.0,29.0,-19.0,-1.18,0.0,0.0,30.0,28.0,1.0,9.0,27.0,25.0,,,0.0,,,,,,,,,,,,,,,
ITA-Serie A,2526,Pisa,Felipe Loyola,CHI,MF,24.0,2000.0,11.0,6.0,538.0,6.0,1.0,0.0,1.0,1.0,0.0,0.0,0.0,1.0,0.17,0.0,0.17,0.17,0.17,6.0,1.0,9.0,1.0,11.1,1.51,0.17,0.11,1.0,0.0,0.0,49.0,15.7,6,64.0,0,5,31.0,5,0.09,3.0,15.0,-12.0,-2.01,-0.98,0.0,8.0,2.0,0.0,4.0,6.0,7.0,,,0.0,,,,,,,,,,,,,,,
ITA-Serie A,2526,Pisa,Filip Stojilković,SUI,"FW,MF",25.0,2000.0,13.0,8.0,658.0,7.3,0.0,0.0,0.0,0.0,0.0,0.0,0.0,0.0,0.0,0.0,0.0,0.0,0.0,7.3,0.0,10.0,4.0,40.0,1.37,0.55,0.0,0.0,0.0,0.0,51.0,19.2,8,65.0,1,5,27.0,3,0.08,3.0,16.0,-13.0,-1.78,-0.74,0.0,8.0,0.0,12.0,3.0,0.0,1.0,,,0.0,,,,,,,,,,,,,,,
ITA-Serie A,2526,Pisa,Francesco Coppola,ITA,DF,20.0,2005.0,7.0,5.0,458.0,5.1,0.0,0.0,0.0,0.0,0.0,0.0,3.0,0.0,0.0,0.0,0.0,0.0,0.0,5.1,0.0,2.0,0.0,0.0,0.39,0.0,0.0,,0.0,0.0,65.0,13.4,5,90.0,5,2,4.0,19,0.29,3.0,15.0,-12.0,-2.36,-1.36,0.0,7.0,8.0,0.0,2.0,5.0,5.0,,,0.0,,,,,,,,,,,,,,,
ITA-Serie A,2526,Pisa,Gabriele Piccinini,ITA,MF,24.0,2001.0,25.0,5.0,875.0,9.7,0.0,0.0,0.0,0.0,0.0,0.0,3.0,0.0,0.0,0.0,0.0,0.0,0.0,9.7,0.0,19.0,7.0,36.8,1.95,0.72,0.0,0.0,0.0,0.0,35.0,25.6,5,77.0,1,20,25.0,13,0.4,6.0,20.0,-14.0,-1.44,-0.34,0.0,11.0,12.0,0.0,19.0,2.0,16.0,,,0.0,,,,,,,,,,,,,,,
ITA-Serie A,2526,Pisa,Giovanni Bonfanti,ITA,"DF,MF",22.0,2003.0,9.0,6.0,494.0,5.5,0.0,0.0,0.0,0.0,0.0,0.0,1.0,0.0,0.0,0.0,0.0,0.0,0.0,5.5,0.0,6.0,1.0,16.7,1.09,0.18,0.0,0.0,0.0,0.0,55.0,14.4,6,66.0,1,3,32.0,9,0.56,3.0,11.0,-8.0,-1.46,-0.32,0.0,10.0,3.0,0.0,12.0,7.0,6.0,,,0.0,,,,,,,,,,,,,,,
ITA-Serie A,2526,Pisa,Henrik Meister,DEN,FW,21.0,2003.0,28.0,15.0,1515.0,16.8,2.0,0.0,2.0,2.0,0.0,0.0,2.0,0.0,0.12,0.0,0.12,0.12,0.12,16.8,2.0,20.0,8.0,40.0,1.19,0.48,0.1,0.25,0.0,0.0,54.0,44.3,15,75.0,6,13,29.0,8,0.46,13.0,28.0,-15.0,-0.89,0.53,0.0,26.0,17.0,5.0,1.0,1.0,3.0,,,0.0,,,,,,,,,,,,,,,
ITA-Serie A,2526,Pisa,Idrissa Touré,GER,MF,27.0,1998.0,32.0,26.0,2279.0,25.3,1.0,0.0,1.0,1.0,0.0,0.0,4.0,1.0,0.04,0.0,0.04,0.04,0.04,25.3,1.0,29.0,8.0,27.6,1.15,0.32,0.03,0.13,0.0,0.0,71.0,66.6,26,83.0,19,6,19.0,4,0.53,17.0,46.0,-29.0,-1.15,0.12,0.0,23.0,19.0,5.0,67.0,25.0,28.0,,,0.0,,,,,,,,,,,,,,,
ITA-Serie A,2526,Pisa,Juan Cuadrado,COL,MF,37.0,1988.0,19.0,2.0,506.0,5.6,1.0,0.0,1.0,0.0,1.0,1.0,3.0,0.0,0.18,0.0,0.18,0.0,0.0,5.6,1.0,10.0,2.0,20.0,1.78,0.36,0.1,0.5,1.0,1.0,27.0,14.8,2,55.0,0,17,23.0,4,0.47,3.0,9.0,-6.0,-1.07,0.14,0.0,9.0,16.0,0.0,45.0,5.0,10.0,,,0.0,,,,,,,,,,,,,,,
ITA-Serie A,2526,Pisa,Lorran,BRA,FW,19.0,2006.0,9.0,0.0,122.0,1.4,1.0,0.0,1.0,1.0,0.0,0.0,0.0,0.0,0.74,0.0,0.74,0.74,0.74,1.4,1.0,3.0,1.0,33.3,2.21,0.74,0.33,1.0,0.0,0.0,14.0,3.6,0,,0,9,14.0,19,0.11,2.0,8.0,-6.0,-4.43,-3.36,0.0,0.0,3.0,0.0,5.0,3.0,3.0,,,0.0,,,,,,,,,,,,,,,
ITA-Serie A,2526,Pisa,Louis Buffon,CZE,FW,17.0,2007.0,4.0,0.0,32.0,0.4,0.0,0.0,0.0,0.0,0.0,0.0,0.0,0.0,0.0,0.0,0.0,0.0,0.0,0.4,0.0,0.0,0.0,,0.0,0.0,,,0.0,0.0,8.0,0.9,0,,0,4,8.0,16,0.0,0.0,1.0,-1.0,-2.81,-1.64,0.0,1.0,1.0,0.0,0.0,0.0,0.0,,,0.0,,,,,,,,,,,,,,,
ITA-Serie A,2526,Pisa,M'Bala Nzola,ANG,FW,28.0,1996.0,16.0,11.0,1052.0,11.7,3.0,0.0,3.0,1.0,2.0,3.0,1.0,1.0,0.26,0.0,0.26,0.09,0.09,11.7,3.0,28.0,7.0,25.0,2.4,0.6,0.11,0.43,2.0,3.0,66.0,30.8,11,82.0,4,5,30.0,0,0.69,5.0,15.0,-10.0,-0.86,0.47,0.0,18.0,17.0,11.0,7.0,1.0,2.0,,,0.0,,,,,,,,,,,,,,,
ITA-Serie A,2526,Pisa,Malthe Hojholt,DEN,MF,24.0,2001.0,17.0,9.0,850.0,9.4,0.0,0.0,0.0,0.0,0.0,0.0,2.0,0.0,0.0,0.0,0.0,0.0,0.0,9.4,0.0,4.0,2.0,50.0,0.42,0.21,0.0,0.0,0.0,0.0,50.0,24.9,9,68.0,2,8,30.0,21,0.53,7.0,23.0,-16.0,-1.69,-0.68,0.0,13.0,5.0,0.0,4.0,9.0,8.0,,,0.0,,,,,,,,,,,,,,,
ITA-Serie A,2526,Pisa,Marius Marin,ROU,MF,26.0,1998.0,23.0,18.0,1281.0,14.2,0.0,0.0,0.0,0.0,0.0,0.0,7.0,0.0,0.0,0.0,0.0,0.0,0.0,14.2,0.0,3.0,0.0,0.0,0.21,0.0,0.0,,0.0,0.0,56.0,37.5,18,66.0,4,5,19.0,6,0.65,7.0,22.0,-15.0,-1.05,0.21,0.0,36.0,20.0,0.0,18.0,14.0,26.0,,,0.0,,,,,,,,,,,,,,,
ITA-Serie A,2526,Pisa,Mateus Lusuardi,BRA,DF,21.0,2004.0,3.0,3.0,198.0,2.2,0.0,0.0,0.0,0.0,0.0,0.0,1.0,0.0,0.0,0.0,0.0,0.0,0.0,2.2,0.0,4.0,0.0,0.0,1.82,0.0,0.0,,0.0,0.0,66.0,5.8,3,66.0,1,0,,5,0.0,2.0,5.0,-3.0,-1.36,-0.19,0.0,4.0,0.0,0.0,1.0,0.0,2.0,,,0.0,,,,,,,,,,,,,,,
ITA-Serie A,2526,Pisa,Mattéo Tramoni,FRA,"MF,FW",25.0,2000.0,27.0,21.0,1600.0,17.8,2.0,2.0,4.0,1.0,1.0,1.0,3.0,0.0,0.11,0.11,0.23,0.06,0.17,17.8,2.0,28.0,9.0,32.1,1.58,0.51,0.07,0.22,1.0,1.0,59.0,46.8,21,71.0,4,6,19.0,6,0.56,15.0,35.0,-20.0,-1.13,0.11,0.0,16.0,15.0,2.0,68.0,15.0,21.0,,,0.0,,,,,,,,,,,,,,,
ITA-Serie A,2526,Pisa,Mehdi Léris,ALG,MF,27.0,1998.0,34.0,21.0,1900.0,21.1,2.0,3.0,5.0,2.0,0.0,0.0,2.0,0.0,0.09,0.14,0.24,0.09,0.24,21.1,2.0,25.0,7.0,28.0,1.18,0.33,0.08,0.29,0.0,0.0,56.0,55.6,21,73.0,5,13,28.0,3,0.47,16.0,42.0,-26.0,-1.23,-0.11,0.0,27.0,22.0,8.0,99.0,23.0,37.0,,,0.0,,,,,,,,,,,,,,,
ITA-Serie A,2526,Pisa,Michel Aebischer,SUI,MF,28.0,1997.0,35.0,33.0,2892.0,32.1,1.0,2.0,3.0,1.0,0.0,0.0,8.0,0.0,0.03,0.06,0.09,0.03,0.09,32.1,1.0,19.0,5.0,26.3,0.59,0.16,0.05,0.2,0.0,0.0,83.0,84.6,33,85.0,25,2,45.0,1,0.51,23.0,49.0,-26.0,-0.81,2.43,0.0,44.0,38.0,0.0,43.0,35.0,37.0,,,0.0,,,,,,,,,,,,,,,
ITA-Serie A,2526,Pisa,Nícolas Andrade,BRA,GK,37.0,1988.0,6.0,6.0,540.0,6.0,0.0,0.0,0.0,0.0,0.0,0.0,0.0,0.0,0.0,0.0,0.0,0.0,0.0,6.0,0.0,0.0,0.0,,0.0,0.0,,,0.0,0.0,90.0,15.8,6,90.0,6,0,,32,0.5,4.0,14.0,-10.0,-1.67,-0.57,0.0,0.0,3.0,0.0,0.0,0.0,0.0,,,0.0,14.0,2.33,26.0,12.0,46.2,1.0,0.0,5.0,0.0,0.0,1.0,0.0,0.0,1.0,
ITA-Serie A,2526,Pisa,Rafiu Durosinmi,NGA,FW,22.0,2003.0,12.0,4.0,432.0,4.8,1.0,1.0,2.0,1.0,0.0,0.0,1.0,1.0,0.21,0.21,0.42,0.21,0.42,4.8,1.0,9.0,5.0,55.6,1.87,1.04,0.11,0.2,0.0,0.0,36.0,12.6,4,55.0,0,8,27.0,3,0.42,3.0,10.0,-7.0,-1.46,-0.31,0.0,15.0,2.0,3.0,0.0,1.0,0.0,,,0.0,,,,,,,,,,,,,,,
ITA-Serie A,2526,Pisa,Raúl Albiol,ESP,DF,39.0,1985.0,8.0,5.0,500.0,5.6,0.0,1.0,1.0,0.0,0.0,0.0,1.0,0.0,0.0,0.18,0.18,0.0,0.18,5.6,0.0,1.0,0.0,0.0,0.18,0.0,0.0,,0.0,0.0,63.0,14.6,5,73.0,2,3,45.0,20,0.88,4.0,11.0,-7.0,-1.26,-0.09,0.0,6.0,2.0,0.0,1.0,7.0,4.0,,,0.0,,,,,,,,,,,,,,,
ITA-Serie A,2526,Pisa,Rosen Bozhinov,BUL,DF,20.0,2005.0,9.0,8.0,610.0,6.8,0.0,0.0,0.0,0.0,0.0,0.0,3.0,1.0,0.0,0.0,0.0,0.0,0.0,6.8,0.0,3.0,1.0,33.3,0.44,0.15,0.0,0.0,0.0,0.0,68.0,17.8,8,76.0,4,1,1.0,8,0.22,4.0,10.0,-6.0,-0.89,0.36,1.0,12.0,1.0,2.0,3.0,12.0,5.0,,,0.0,,,,,,,,,,,,,,,
ITA-Serie A,2526,Pisa,Samuel Iling-Junior,ENG,MF,21.0,2003.0,5.0,1.0,110.0,1.2,0.0,0.0,0.0,0.0,0.0,0.0,0.0,0.0,0.0,0.0,0.0,0.0,0.0,1.2,0.0,0.0,0.0,,0.0,0.0,,,0.0,0.0,22.0,3.2,1,45.0,0,4,16.0,7,0.0,1.0,4.0,-3.0,-2.45,-1.31,0.0,1.0,0.0,0.0,5.0,0.0,2.0,,,0.0,,,,,,,,,,,,,,,
ITA-Serie A,2526,Pisa,Samuele Angori,ITA,MF,21.0,2003.0,35.0,30.0,2599.0,28.9,0.0,2.0,2.0,0.0,0.0,0.0,2.0,0.0,0.0,0.07,0.07,0.0,0.07,28.9,0.0,14.0,3.0,21.4,0.48,0.1,0.0,0.0,0.0,0.0,74.0,76.0,30,81.0,19,5,35.0,3,0.37,19.0,52.0,-33.0,-1.14,0.17,0.0,17.0,54.0,3.0,165.0,23.0,25.0,,,0.0,,,,,,,,,,,,,,,
ITA-Serie A,2526,Pisa,Simone Canestrelli,ITA,DF,24.0,2000.0,37.0,36.0,3201.0,35.6,1.0,0.0,1.0,1.0,0.0,0.0,4.0,0.0,0.03,0.0,0.03,0.03,0.03,35.6,1.0,16.0,3.0,18.8,0.45,0.08,0.06,0.33,0.0,0.0,87.0,93.6,36,88.0,34,1,21.0,1,0.49,25.0,65.0,-40.0,-1.12,0.93,0.0,42.0,22.0,1.0,12.0,33.0,25.0,,,0.0,,,,,,,,,,,,,,,
ITA-Serie A,2526,Pisa,Simone Scuffet,ITA,GK,29.0,1996.0,7.0,7.0,630.0,7.0,0.0,0.0,0.0,0.0,0.0,0.0,0.0,0.0,0.0,0.0,0.0,0.0,0.0,7.0,0.0,0.0,0.0,,0.0,0.0,,,0.0,0.0,90.0,18.4,7,90.0,7,0,,25,0.43,6.0,15.0,-9.0,-1.29,-0.12,0.0,0.0,4.0,0.0,0.0,0.0,0.0,,,0.0,15.0,2.14,29.0,14.0,48.3,0.0,3.0,4.0,1.0,14.3,3.0,3.0,0.0,0.0,0.0
ITA-Serie A,2526,Pisa,Stefano Moreo,ITA,"FW,MF",32.0,1993.0,37.0,29.0,2307.0,25.6,7.0,1.0,8.0,5.0,2.0,2.0,2.0,0.0,0.27,0.04,0.31,0.2,0.23,25.6,7.0,52.0,20.0,38.5,2.03,0.78,0.13,0.35,2.0,2.0,62.0,67.5,29,75.0,12,8,18.0,1,0.49,21.0,51.0,-30.0,-1.17,0.04,0.0,22.0,20.0,5.0,28.0,21.0,11.0,,,0.0,,,,,,,,,,,,,,,
ITA-Serie A,2526,Pisa,Tomás Esteves,POR,"DF,MF",23.0,2002.0,1.0,0.0,14.0,0.2,0.0,0.0,0.0,0.0,0.0,0.0,0.0,0.0,0.0,0.0,0.0,0.0,0.0,0.2,0.0,0.0,0.0,,0.0,0.0,,,0.0,0.0,14.0,0.4,0,,0,1,14.0,10,0.0,0.0,1.0,-1.0,-6.43,-5.27,0.0,0.0,0.0,0.0,0.0,0.0,0.0,,,0.0,,,,,,,,,,,,,,,
ITA-Serie A,2526,Pisa,İsak Vural,TUR,MF,19.0,2006.0,15.0,9.0,752.0,8.4,0.0,0.0,0.0,0.0,0.0,0.0,4.0,0.0,0.0,0.0,0.0,0.0,0.0,8.4,0.0,6.0,1.0,16.7,0.72,0.12,0.0,0.0,0.0,0.0,50.0,22.0,9,70.0,2,6,20.0,6,0.53,6.0,16.0,-10.0,-1.2,-0.02,0.0,16.0,33.0,1.0,5.0,2.0,7.0,,,0.0,,,,,,,,,,,,,,,
ITA-Serie A,2526,Roma,Alessandro Romano,SUI,MF,19.0,2006.0,2.0,0.0,8.0,0.1,0.0,0.0,0.0,0.0,0.0,0.0,0.0,0.0,0.0,0.0,0.0,0.0,0.0,0.1,0.0,0.0,0.0,,0.0,0.0,,,0.0,0.0,4.0,0.2,0,,0,2,4.0,2,3.0,0.0,0.0,0.0,0.0,-0.74,0.0,2.0,0.0,0.0,0.0,0.0,0.0,,,0.0,,,,,,,,,,,,,,,
ITA-Serie A,2526,Roma,Angeliño,ESP,MF,28.0,1997.0,7.0,5.0,416.0,4.6,0.0,0.0,0.0,0.0,0.0,0.0,2.0,0.0,0.0,0.0,0.0,0.0,0.0,4.6,0.0,5.0,2.0,40.0,1.08,0.43,0.0,0.0,0.0,0.0,59.0,12.2,5,77.0,0,2,15.0,20,2.57,4.0,1.0,3.0,0.65,-0.1,0.0,5.0,2.0,0.0,18.0,3.0,7.0,,,0.0,,,,,,,,,,,,,,,
ITA-Serie A,2526,Roma,Antonio Arena,ITA,FW,16.0,2009.0,2.0,0.0,23.0,0.3,0.0,0.0,0.0,0.0,0.0,0.0,0.0,0.0,0.0,0.0,0.0,0.0,0.0,0.3,0.0,2.0,0.0,0.0,7.83,0.0,0.0,,0.0,0.0,12.0,0.7,0,,0,2,12.0,7,3.0,0.0,0.0,0.0,0.0,-0.74,0.0,0.0,0.0,1.0,0.0,0.0,0.0,,,0.0,,,,,,,,,,,,,,,
ITA-Serie A,2526,Roma,Artem Dovbyk,UKR,FW,28.0,1997.0,14.0,3.0,393.0,4.4,3.0,1.0,4.0,3.0,0.0,0.0,0.0,0.0,0.69,0.23,0.92,0.69,0.92,4.4,3.0,12.0,6.0,50.0,2.75,1.37,0.25,0.5,0.0,0.0,28.0,11.5,3,53.0,0,11,21.0,2,2.36,6.0,3.0,3.0,0.69,-0.06,0.0,11.0,6.0,4.0,1.0,0.0,3.0,,,0.0,,,,,,,,,,,,,,,
ITA-Serie A,2526,Roma,Bryan Cristante,ITA,MF,30.0,1995.0,37.0,36.0,3094.0,34.4,2.0,1.0,3.0,2.0,0.0,0.0,6.0,0.0,0.06,0.03,0.09,0.06,0.09,34.4,2.0,44.0,8.0,18.2,1.28,0.23,0.05,0.25,0.0,0.0,84.0,90.5,36,85.0,27,1,45.0,0,1.89,55.0,26.0,29.0,0.84,1.12,0.0,63.0,9.0,0.0,19.0,28.0,43.0,,,0.0,,,,,,,,,,,,,,,
ITA-Serie A,2526,Roma,Bryan Zaragoza,ESP,MF,23.0,2001.0,4.0,2.0,135.0,1.5,0.0,1.0,1.0,0.0,0.0,0.0,1.0,0.0,0.0,0.67,0.67,0.0,0.67,1.5,0.0,1.0,1.0,100.0,0.67,0.67,0.0,0.0,0.0,0.0,34.0,3.9,2,50.0,0,2,18.0,7,2.0,2.0,2.0,0.0,0.0,-0.77,0.0,5.0,5.0,0.0,9.0,0.0,1.0,,,0.0,,,,,,,,,,,,,,,
ITA-Serie A,2526,Roma,Daniele Ghilardi,ITA,DF,22.0,2003.0,23.0,9.0,1097.0,12.2,0.0,0.0,0.0,0.0,0.0,0.0,1.0,0.0,0.0,0.0,0.0,0.0,0.0,12.2,0.0,3.0,0.0,0.0,0.25,0.0,0.0,,0.0,0.0,48.0,32.1,9,80.0,7,14,27.0,15,2.0,19.0,15.0,4.0,0.33,-0.6,0.0,23.0,17.0,0.0,3.0,22.0,15.0,,,0.0,,,,,,,,,,,,,,,
ITA-Serie A,2526,Roma,Devyne Rensch,NED,MF,22.0,2003.0,24.0,12.0,1184.0,13.2,1.0,4.0,5.0,1.0,0.0,0.0,1.0,0.0,0.08,0.3,0.38,0.08,0.38,13.2,1.0,6.0,2.0,33.3,0.46,0.15,0.17,0.5,0.0,0.0,49.0,34.6,12,79.0,5,12,20.0,12,2.08,21.0,15.0,6.0,0.46,-0.43,0.0,6.0,18.0,3.0,22.0,16.0,15.0,,,0.0,,,,,,,,,,,,,,,
ITA-Serie A,2526,Roma,Donyell Malen,NED,FW,26.0,1999.0,18.0,18.0,1467.0,16.3,14.0,2.0,16.0,11.0,3.0,4.0,1.0,0.0,0.86,0.12,0.98,0.67,0.8,16.3,14.0,70.0,31.0,44.3,4.29,1.9,0.2,0.45,3.0,4.0,82.0,42.9,18,82.0,7,0,,0,1.89,33.0,17.0,16.0,0.98,0.43,0.0,12.0,17.0,14.0,6.0,3.0,3.0,,,0.0,,,,,,,,,,,,,,,
ITA-Serie A,2526,Roma,Evan Ferguson,IRL,FW,20.0,2004.0,16.0,10.0,773.0,8.6,3.0,2.0,5.0,3.0,0.0,0.0,1.0,0.0,0.35,0.23,0.58,0.35,0.58,8.6,3.0,27.0,15.0,55.6,3.14,1.75,0.11,0.2,0.0,0.0,48.0,22.6,10,59.0,1,6,30.0,3,1.88,12.0,6.0,6.0,0.7,-0.05,0.0,11.0,9.0,3.0,2.0,1.0,4.0,,,0.0,,,,,,,,,,,,,,,
ITA-Serie A,2526,Roma,Gianluca Mancini,ITA,DF,29.0,1996.0,36.0,36.0,3059.0,34.0,4.0,2.0,6.0,4.0,0.0,0.0,9.0,0.0,0.12,0.06,0.18,0.12,0.18,34.0,4.0,20.0,8.0,40.0,0.59,0.24,0.2,0.5,0.0,0.0,85.0,89.4,36,85.0,27,0,,0,1.86,52.0,26.0,26.0,0.76,0.27,0.0,71.0,42.0,5.0,29.0,47.0,28.0,,,0.0,,,,,,,,,,,,,,,
ITA-Serie A,2526,Roma,Jan Ziółkowski,POL,DF,20.0,2005.0,18.0,5.0,517.0,5.7,0.0,0.0,0.0,0.0,0.0,0.0,3.0,0.0,0.0,0.0,0.0,0.0,0.0,5.7,0.0,2.0,0.0,0.0,0.35,0.0,0.0,,0.0,0.0,29.0,15.1,5,72.0,3,13,12.0,18,2.0,10.0,5.0,5.0,0.87,0.16,0.0,12.0,8.0,0.0,0.0,7.0,14.0,,,0.0,,,,,,,,,,,,,,,
ITA-Serie A,2526,Roma,Kostas Tsimikas,GRE,MF,29.0,1996.0,18.0,6.0,644.0,7.2,0.0,0.0,0.0,0.0,0.0,0.0,1.0,0.0,0.0,0.0,0.0,0.0,0.0,7.2,0.0,7.0,0.0,0.0,0.98,0.0,0.0,,0.0,0.0,36.0,18.8,6,68.0,1,12,20.0,17,1.61,8.0,7.0,1.0,0.14,-0.74,0.0,9.0,8.0,1.0,43.0,8.0,5.0,,,0.0,,,,,,,,,,,,,,,
ITA-Serie A,2526,Roma,Leon Bailey,JAM,FW,27.0,1997.0,7.0,1.0,186.0,2.1,0.0,0.0,0.0,0.0,0.0,0.0,0.0,0.0,0.0,0.0,0.0,0.0,0.0,2.1,0.0,3.0,1.0,33.3,1.45,0.48,0.0,0.0,0.0,0.0,27.0,5.4,1,49.0,0,6,23.0,1,1.29,1.0,1.0,0.0,0.0,-0.78,0.0,2.0,1.0,1.0,14.0,0.0,0.0,,,0.0,,,,,,,,,,,,,,,
ITA-Serie A,2526,Roma,Lorenzo Pellegrini,ITA,MF,29.0,1996.0,24.0,20.0,1463.0,16.3,4.0,2.0,6.0,2.0,2.0,2.0,2.0,0.0,0.25,0.12,0.37,0.12,0.25,16.3,4.0,32.0,12.0,37.5,1.97,0.74,0.13,0.33,2.0,2.0,61.0,42.8,20,67.0,2,4,30.0,3,1.63,22.0,14.0,8.0,0.49,-0.43,0.0,20.0,39.0,5.0,89.0,15.0,5.0,,,0.0,,,,,,,,,,,,,,,
ITA-Serie A,2526,Roma,Lorenzo Venturino,ITA,MF,19.0,2006.0,10.0,1.0,207.0,2.3,0.0,0.0,0.0,0.0,0.0,0.0,0.0,0.0,0.0,0.0,0.0,0.0,0.0,2.3,0.0,4.0,0.0,0.0,1.74,0.0,0.0,,0.0,0.0,21.0,6.1,1,45.0,0,9,18.0,6,1.8,6.0,2.0,4.0,1.74,1.07,0.0,0.0,3.0,1.0,28.0,0.0,0.0,,,0.0,,,,,,,,,,,,,,,
ITA-Serie A,2526,Roma,Manu Koné,FRA,MF,24.0,2001.0,29.0,28.0,2456.0,27.3,2.0,3.0,5.0,2.0,0.0,0.0,2.0,0.0,0.07,0.11,0.18,0.07,0.18,27.3,2.0,21.0,5.0,23.8,0.77,0.18,0.1,0.4,0.0,0.0,85.0,71.8,28,87.0,24,1,19.0,0,1.93,40.0,20.0,20.0,0.73,-0.01,0.0,47.0,53.0,2.0,1.0,20.0,27.0,,,0.0,,,,,,,,,,,,,,,
ITA-Serie A,2526,Roma,Mario Hermoso,ESP,DF,30.0,1995.0,27.0,25.0,2085.0,23.2,3.0,2.0,5.0,3.0,0.0,0.0,9.0,0.0,0.13,0.09,0.22,0.13,0.22,23.2,3.0,20.0,6.0,30.0,0.86,0.26,0.15,0.5,0.0,0.0,77.0,61.0,25,80.0,14,2,39.0,2,1.93,32.0,17.0,15.0,0.65,-0.23,0.0,40.0,19.0,0.0,10.0,30.0,20.0,,,0.0,,,,,,,,,,,,,,,
ITA-Serie A,2526,Roma,Matìas Soulé,ARG,"MF,FW",22.0,2003.0,33.0,28.0,2139.0,23.8,6.0,5.0,11.0,6.0,0.0,0.0,1.0,0.0,0.25,0.21,0.46,0.25,0.46,23.8,6.0,52.0,18.0,34.6,2.19,0.76,0.12,0.33,0.0,0.0,65.0,62.5,28,72.0,1,5,26.0,0,2.0,37.0,17.0,20.0,0.84,0.28,0.0,7.0,41.0,6.0,70.0,9.0,15.0,,,0.0,,,,,,,,,,,,,,,
ITA-Serie A,2526,Roma,Mile Svilar,SRB,GK,25.0,1999.0,38.0,38.0,3420.0,38.0,0.0,0.0,0.0,0.0,0.0,0.0,0.0,0.0,0.0,0.0,0.0,0.0,0.0,38.0,0.0,0.0,0.0,,0.0,0.0,,,0.0,0.0,90.0,100.0,38,90.0,38,0,,0,1.92,59.0,31.0,28.0,0.74,,0.0,0.0,8.0,0.0,0.0,1.0,1.0,,,0.0,31.0,0.82,138.0,107.0,77.5,23.0,4.0,11.0,18.0,47.4,1.0,1.0,0.0,0.0,0.0
ITA-Serie A,2526,Roma,Neil El Aynaoui,MAR,MF,24.0,2001.0,25.0,8.0,999.0,11.1,1.0,2.0,3.0,1.0,0.0,0.0,5.0,0.0,0.09,0.18,0.27,0.09,0.27,11.1,1.0,6.0,4.0,66.7,0.54,0.36,0.17,0.25,0.0,0.0,40.0,29.2,8,69.0,3,17,26.0,5,2.04,18.0,11.0,7.0,0.63,-0.15,0.0,23.0,10.0,2.0,17.0,18.0,10.0,,,0.0,,,,,,,,,,,,,,,
ITA-Serie A,2526,Roma,Niccolò Pisilli,ITA,MF,20.0,2004.0,25.0,13.0,1295.0,14.4,2.0,4.0,6.0,2.0,0.0,0.0,3.0,0.0,0.14,0.28,0.42,0.14,0.42,14.4,2.0,19.0,5.0,26.3,1.32,0.35,0.11,0.4,0.0,0.0,52.0,37.9,13,81.0,9,12,20.0,13,1.96,29.0,16.0,13.0,0.9,0.27,0.0,20.0,4.0,2.0,15.0,24.0,13.0,,,0.0,,,,,,,,,,,,,,,
ITA-Serie A,2526,Roma,Obite N'Dicka,CIV,DF,25.0,1999.0,31.0,31.0,2680.0,29.8,3.0,0.0,3.0,3.0,0.0,0.0,5.0,0.0,0.1,0.0,0.1,0.1,0.1,29.8,3.0,23.0,6.0,26.1,0.77,0.2,0.13,0.5,0.0,0.0,86.0,78.4,31,86.0,28,0,,0,1.97,45.0,25.0,20.0,0.67,-0.3,0.0,32.0,35.0,0.0,2.0,45.0,16.0,,,0.0,,,,,,,,,,,,,,,
ITA-Serie A,2526,Roma,Paulo Dybala,ARG,"MF,FW",31.0,1993.0,22.0,15.0,1354.0,15.0,2.0,6.0,8.0,2.0,0.0,1.0,0.0,0.0,0.13,0.4,0.53,0.13,0.53,15.0,2.0,43.0,18.0,41.9,2.86,1.2,0.05,0.11,0.0,1.0,62.0,39.6,15,78.0,6,7,26.0,2,1.95,20.0,10.0,10.0,0.66,-0.12,0.0,11.0,40.0,3.0,98.0,5.0,6.0,,,0.0,,,,,,,,,,,,,,,
ITA-Serie A,2526,Roma,Robinio Vaz,FRA,FW,18.0,2007.0,12.0,0.0,216.0,2.4,1.0,0.0,1.0,1.0,0.0,0.0,0.0,0.0,0.42,0.0,0.42,0.42,0.42,2.4,1.0,5.0,2.0,40.0,2.08,0.83,0.2,0.5,0.0,0.0,18.0,6.3,0,,0,12,18.0,5,1.75,3.0,2.0,1.0,0.42,-0.34,0.0,2.0,12.0,3.0,3.0,2.0,0.0,,,0.0,,,,,,,,,,,,,,,
ITA-Serie A,2526,Roma,Stephan El Shaarawy,ITA,"MF,FW",32.0,1992.0,20.0,5.0,666.0,7.4,1.0,2.0,3.0,1.0,0.0,0.0,4.0,0.0,0.14,0.27,0.41,0.14,0.41,7.4,1.0,18.0,7.0,38.9,2.43,0.95,0.06,0.14,0.0,0.0,33.0,19.5,5,56.0,0,15,26.0,11,2.0,13.0,3.0,10.0,1.35,0.76,0.0,10.0,7.0,1.0,16.0,6.0,7.0,,,0.0,,,,,,,,,,,,,,,
ITA-Serie A,2526,Roma,Tommaso Baldanzi,ITA,"FW,MF",22.0,2003.0,10.0,3.0,386.0,4.3,1.0,0.0,1.0,1.0,0.0,0.0,2.0,0.0,0.23,0.0,0.23,0.23,0.23,4.3,1.0,11.0,4.0,36.4,2.56,0.93,0.09,0.25,0.0,0.0,39.0,11.3,3,56.0,0,7,31.0,6,1.2,5.0,3.0,2.0,0.47,-0.3,0.0,8.0,18.0,2.0,9.0,3.0,1.0,,,0.0,,,,,,,,,,,,,,,
ITA-Serie A,2526,Roma,Wesley,BRA,MF,21.0,2003.0,30.0,28.0,2448.0,27.2,5.0,0.0,5.0,5.0,0.0,0.0,7.0,2.0,0.18,0.0,0.18,0.18,0.18,27.2,5.0,25.0,13.0,52.0,0.92,0.48,0.2,0.38,0.0,0.0,82.0,71.6,28,85.0,17,2,37.0,0,2.0,47.0,17.0,30.0,1.1,1.29,1.0,36.0,57.0,2.0,95.0,23.0,40.0,,,0.0,,,,,,,,,,,,,,,
ITA-Serie A,2526,Roma,Zeki Çelik,TUR,"MF,DF",28.0,1997.0,34.0,32.0,2723.0,30.3,1.0,2.0,3.0,1.0,0.0,0.0,2.0,1.0,0.03,0.07,0.1,0.03,0.1,30.3,1.0,22.0,4.0,18.2,0.73,0.13,0.05,0.25,0.0,0.0,80.0,79.6,32,84.0,21,2,11.0,1,1.79,50.0,27.0,23.0,0.76,0.11,0.0,35.0,18.0,3.0,75.0,24.0,40.0,,,0.0,,,,,,,,,,,,,,,
ITA-Serie A,2526,Sassuolo,Alieu Fadera,GAM,FW,23.0,2001.0,28.0,8.0,987.0,11.0,2.0,1.0,3.0,2.0,0.0,0.0,5.0,0.0,0.18,0.09,0.27,0.18,0.27,11.0,2.0,13.0,4.0,30.8,1.19,0.36,0.15,0.5,0.0,0.0,35.0,28.9,8,67.0,0,20,22.0,6,1.57,12.0,11.0,1.0,0.09,0.28,0.0,36.0,36.0,8.0,24.0,5.0,23.0,,,0.0,,,,,,,,,,,,,,,
ITA-Serie A,2526,Sassuolo,Andrea Ghion,ITA,MF,25.0,2000.0,1.0,0.0,10.0,0.1,0.0,0.0,0.0,0.0,0.0,0.0,0.0,0.0,0.0,0.0,0.0,0.0,0.0,0.1,0.0,0.0,0.0,,0.0,0.0,,,0.0,0.0,10.0,0.3,0,,0,1,10.0,1,0.0,0.0,0.0,0.0,0.0,0.11,0.0,0.0,0.0,0.0,1.0,0.0,1.0,,,0.0,,,,,,,,,,,,,,,
ITA-Serie A,2526,Sassuolo,Andrea Pinamonti,ITA,FW,26.0,1999.0,36.0,32.0,2552.0,28.4,9.0,3.0,12.0,9.0,0.0,1.0,2.0,1.0,0.32,0.11,0.42,0.32,0.42,28.4,9.0,73.0,30.0,41.1,2.57,1.06,0.12,0.3,0.0,1.0,71.0,74.6,32,78.0,6,4,18.0,0,1.36,35.0,39.0,-4.0,-0.14,-0.14,0.0,14.0,33.0,13.0,9.0,2.0,5.0,,,0.0,,,,,,,,,,,,,,,
ITA-Serie A,2526,Sassuolo,Arijanet Muric,KVX,GK,26.0,1998.0,32.0,32.0,2880.0,32.0,0.0,0.0,0.0,0.0,0.0,0.0,4.0,0.0,0.0,0.0,0.0,0.0,0.0,32.0,0.0,0.0,0.0,,0.0,0.0,,,0.0,0.0,90.0,84.2,32,90.0,32,0,,6,1.31,40.0,43.0,-3.0,-0.09,0.07,0.0,1.0,3.0,0.0,0.0,0.0,0.0,,,0.0,43.0,1.34,161.0,118.0,73.3,12.0,6.0,14.0,6.0,18.8,6.0,5.0,1.0,0.0,16.7
ITA-Serie A,2526,Sassuolo,Armand Lauriente,FRA,FW,26.0,1998.0,38.0,33.0,2592.0,28.8,7.0,9.0,16.0,7.0,0.0,0.0,4.0,0.0,0.24,0.31,0.56,0.24,0.56,28.8,7.0,71.0,26.0,36.6,2.47,0.9,0.1,0.27,0.0,0.0,68.0,75.8,33,75.0,6,5,25.0,0,1.29,34.0,38.0,-4.0,-0.14,-0.14,0.0,42.0,47.0,18.0,109.0,7.0,15.0,,,0.0,,,,,,,,,,,,,,,
ITA-Serie A,2526,Sassuolo,Aster Vranckx,BEL,MF,22.0,2002.0,16.0,9.0,690.0,7.7,0.0,0.0,0.0,0.0,0.0,0.0,2.0,0.0,0.0,0.0,0.0,0.0,0.0,7.7,0.0,3.0,1.0,33.3,0.39,0.13,0.0,0.0,0.0,0.0,43.0,20.2,9,63.0,0,7,18.0,15,0.94,4.0,9.0,-5.0,-0.65,-0.69,0.0,16.0,17.0,1.0,5.0,0.0,9.0,,,0.0,,,,,,,,,,,,,,,
ITA-Serie A,2526,Sassuolo,Cas Odenthal,NED,DF,24.0,2000.0,1.0,0.0,1.0,0.0,0.0,0.0,0.0,0.0,0.0,0.0,0.0,0.0,0.0,0.0,0.0,0.0,0.0,0.0,0.0,0.0,0.0,,0.0,0.0,,,0.0,0.0,1.0,0.0,0,,0,1,1.0,17,0.0,0.0,0.0,0.0,0.0,0.11,0.0,0.0,0.0,0.0,0.0,0.0,0.0,,,0.0,,,,,,,,,,,,,,,
ITA-Serie A,2526,Sassuolo,Christian Frangella,ITA,MF,18.0,2006.0,1.0,0.0,3.0,0.0,0.0,0.0,0.0,0.0,0.0,0.0,0.0,0.0,0.0,0.0,0.0,0.0,0.0,0.0,0.0,0.0,0.0,,0.0,0.0,,,0.0,0.0,3.0,0.1,0,,0,1,3.0,9,0.0,0.0,1.0,-1.0,-30.0,-29.92,0.0,0.0,0.0,1.0,1.0,1.0,0.0,,,0.0,,,,,,,,,,,,,,,
ITA-Serie A,2526,Sassuolo,Cristian Volpato,AUS,FW,21.0,2003.0,24.0,11.0,1064.0,11.8,2.0,4.0,6.0,2.0,0.0,0.0,4.0,0.0,0.17,0.34,0.51,0.17,0.51,11.8,2.0,21.0,7.0,33.3,1.78,0.59,0.1,0.29,0.0,0.0,44.0,31.1,11,70.0,0,13,23.0,8,1.33,19.0,14.0,5.0,0.42,0.77,0.0,19.0,11.0,0.0,49.0,6.0,11.0,,,0.0,,,,,,,,,,,,,,,
ITA-Serie A,2526,Sassuolo,Daniel Boloca,ROU,MF,26.0,1998.0,2.0,2.0,135.0,1.5,0.0,0.0,0.0,0.0,0.0,0.0,0.0,0.0,0.0,0.0,0.0,0.0,0.0,1.5,0.0,2.0,0.0,0.0,1.33,0.0,0.0,,0.0,0.0,68.0,3.9,2,68.0,1,0,,5,0.0,0.0,4.0,-4.0,-2.67,-2.67,0.0,0.0,1.0,0.0,1.0,2.0,2.0,,,0.0,,,,,,,,,,,,,,,
ITA-Serie A,2526,Sassuolo,Darryl Bakola,FRA,MF,17.0,2007.0,6.0,1.0,128.0,1.4,0.0,1.0,1.0,0.0,0.0,0.0,0.0,0.0,0.0,0.7,0.7,0.0,0.7,1.4,0.0,3.0,1.0,33.3,2.11,0.7,0.0,0.0,0.0,0.0,21.0,3.7,1,68.0,0,5,12.0,4,0.67,3.0,3.0,0.0,0.0,0.11,0.0,2.0,3.0,0.0,3.0,1.0,1.0,,,0.0,,,,,,,,,,,,,,,
ITA-Serie A,2526,Sassuolo,Domenico Berardi,ITA,FW,30.0,1994.0,26.0,24.0,1958.0,21.8,8.0,4.0,12.0,6.0,2.0,3.0,2.0,1.0,0.37,0.18,0.55,0.28,0.46,21.8,8.0,40.0,21.0,52.5,1.84,0.97,0.2,0.38,2.0,3.0,75.0,57.3,24,79.0,9,2,30.0,0,1.27,30.0,30.0,0.0,0.0,0.25,0.0,31.0,34.0,12.0,58.0,24.0,17.0,,,0.0,,,,,,,,,,,,,,,
ITA-Serie A,2526,Sassuolo,Edoardo Iannoni,ITA,MF,24.0,2001.0,15.0,1.0,260.0,2.9,1.0,0.0,1.0,1.0,0.0,0.0,3.0,0.0,0.35,0.0,0.35,0.35,0.35,2.9,1.0,3.0,1.0,33.3,1.04,0.35,0.33,1.0,0.0,0.0,17.0,7.6,1,76.0,0,14,13.0,22,1.53,1.0,6.0,-5.0,-1.73,-1.76,0.0,11.0,0.0,1.0,2.0,3.0,3.0,,,0.0,,,,,,,,,,,,,,,
ITA-Serie A,2526,Sassuolo,Fali Candé,GNB,DF,27.0,1998.0,12.0,5.0,509.0,5.7,0.0,0.0,0.0,0.0,0.0,0.0,2.0,0.0,0.0,0.0,0.0,0.0,0.0,5.7,0.0,3.0,0.0,0.0,0.53,0.0,0.0,,0.0,0.0,42.0,14.9,5,72.0,1,7,22.0,6,0.92,9.0,6.0,3.0,0.53,0.75,0.0,9.0,6.0,0.0,4.0,2.0,9.0,,,0.0,,,,,,,,,,,,,,,
ITA-Serie A,2526,Sassuolo,Filippo Romagna,ITA,DF,28.0,1997.0,5.0,4.0,313.0,3.5,0.0,0.0,0.0,0.0,0.0,0.0,0.0,0.0,0.0,0.0,0.0,0.0,0.0,3.5,0.0,2.0,0.0,0.0,0.58,0.0,0.0,,0.0,0.0,63.0,9.2,4,65.0,1,1,55.0,17,1.4,4.0,4.0,0.0,0.0,0.12,0.0,0.0,1.0,0.0,1.0,5.0,1.0,,,0.0,,,,,,,,,,,,,,,
ITA-Serie A,2526,Sassuolo,Gioele Zacchi,ITA,GK,22.0,2003.0,1.0,0.0,8.0,0.1,0.0,0.0,0.0,0.0,0.0,0.0,0.0,0.0,0.0,0.0,0.0,0.0,0.0,0.1,0.0,0.0,0.0,,0.0,0.0,,,0.0,0.0,8.0,0.2,0,,0,1,8.0,33,0.0,0.0,0.0,0.0,0.0,0.11,0.0,0.0,0.0,0.0,0.0,0.0,0.0,,,0.0,0.0,0.0,0.0,0.0,,0.0,0.0,0.0,0.0,,0.0,0.0,0.0,0.0,
ITA-Serie A,2526,Sassuolo,Ismaël Koné,CAN,MF,23.0,2002.0,35.0,33.0,2737.0,30.4,6.0,0.0,6.0,6.0,0.0,0.0,5.0,1.0,0.2,0.0,0.2,0.2,0.2,30.4,6.0,23.0,10.0,43.5,0.76,0.33,0.26,0.6,0.0,0.0,78.0,80.0,33,81.0,11,2,30.0,1,1.37,37.0,39.0,-2.0,-0.07,0.2,1.0,25.0,54.0,0.0,5.0,12.0,18.0,,,0.0,,,,,,,,,,,,,,,
ITA-Serie A,2526,Sassuolo,Jay Idzes,IDN,DF,25.0,2000.0,35.0,35.0,3061.0,34.0,0.0,0.0,0.0,0.0,0.0,0.0,2.0,0.0,0.0,0.0,0.0,0.0,0.0,34.0,0.0,5.0,0.0,0.0,0.15,0.0,0.0,,0.0,0.0,87.0,89.5,35,87.0,32,0,,1,1.4,42.0,42.0,0.0,0.0,1.0,0.0,33.0,14.0,1.0,1.0,38.0,15.0,,,0.0,,,,,,,,,,,,,,,
ITA-Serie A,2526,Sassuolo,Josh Doig,SCO,DF,23.0,2002.0,30.0,22.0,1917.0,21.3,0.0,0.0,0.0,0.0,0.0,0.0,5.0,0.0,0.0,0.0,0.0,0.0,0.0,21.3,0.0,11.0,4.0,36.4,0.52,0.19,0.0,0.0,0.0,0.0,64.0,56.1,22,81.0,11,8,17.0,7,1.1,20.0,31.0,-11.0,-0.52,-0.94,0.0,16.0,19.0,0.0,39.0,22.0,20.0,,,0.0,,,,,,,,,,,,,,,
ITA-Serie A,2526,Sassuolo,Kristian Thorstvedt,NOR,MF,26.0,1999.0,32.0,27.0,2460.0,27.3,4.0,4.0,8.0,4.0,0.0,0.0,9.0,0.0,0.15,0.15,0.29,0.15,0.29,27.3,4.0,43.0,13.0,30.2,1.57,0.48,0.09,0.31,0.0,0.0,77.0,71.9,27,86.0,24,5,26.0,0,1.5,39.0,36.0,3.0,0.11,0.77,0.0,34.0,57.0,1.0,13.0,31.0,20.0,,,0.0,,,,,,,,,,,,,,,
ITA-Serie A,2526,Sassuolo,Laurs Skjellerup,DEN,FW,22.0,2002.0,1.0,0.0,10.0,0.1,0.0,0.0,0.0,0.0,0.0,0.0,0.0,0.0,0.0,0.0,0.0,0.0,0.0,0.1,0.0,1.0,0.0,0.0,9.0,0.0,0.0,,0.0,0.0,10.0,0.3,0,,0,1,10.0,9,0.0,0.0,0.0,0.0,0.0,0.11,0.0,0.0,0.0,0.0,0.0,0.0,0.0,,,0.0,,,,,,,,,,,,,,,
ITA-Serie A,2526,Sassuolo,Luca Lipani,ITA,MF,20.0,2005.0,24.0,10.0,1034.0,11.5,0.0,1.0,1.0,0.0,0.0,0.0,3.0,0.0,0.0,0.09,0.09,0.0,0.09,11.5,0.0,12.0,3.0,25.0,1.04,0.26,0.0,0.0,0.0,0.0,43.0,30.2,10,72.0,2,14,23.0,13,1.17,14.0,14.0,0.0,0.0,0.15,0.0,28.0,8.0,1.0,5.0,15.0,17.0,,,0.0,,,,,,,,,,,,,,,
ITA-Serie A,2526,Sassuolo,Luca Moro,ITA,FW,24.0,2001.0,14.0,1.0,211.0,2.3,0.0,0.0,0.0,0.0,0.0,0.0,1.0,0.0,0.0,0.0,0.0,0.0,0.0,2.3,0.0,6.0,1.0,16.7,2.56,0.43,0.0,0.0,0.0,0.0,15.0,6.2,1,70.0,0,13,11.0,24,0.86,1.0,3.0,-2.0,-0.85,-0.8,0.0,7.0,9.0,2.0,0.0,2.0,4.0,,,0.0,,,,,,,,,,,,,,,
ITA-Serie A,2526,Sassuolo,M'Bala Nzola,ANG,FW,28.0,1996.0,14.0,4.0,473.0,5.3,1.0,1.0,2.0,1.0,0.0,0.0,1.0,0.0,0.19,0.19,0.38,0.19,0.38,5.3,1.0,11.0,4.0,36.4,2.09,0.76,0.09,0.25,0.0,0.0,34.0,13.8,4,72.0,0,10,19.0,1,1.43,6.0,7.0,-1.0,-0.19,-0.1,0.0,11.0,9.0,4.0,0.0,1.0,2.0,,,0.0,,,,,,,,,,,,,,,
ITA-Serie A,2526,Sassuolo,Nemanja Matić,SRB,MF,36.0,1988.0,34.0,31.0,2660.0,29.6,1.0,1.0,2.0,1.0,0.0,0.0,7.0,1.0,0.03,0.03,0.07,0.03,0.07,29.6,1.0,11.0,4.0,36.4,0.37,0.14,0.09,0.25,0.0,0.0,78.0,77.8,31,82.0,19,3,35.0,0,1.24,35.0,39.0,-4.0,-0.14,-0.14,0.0,24.0,39.0,0.0,11.0,27.0,28.0,,,0.0,,,,,,,,,,,,,,,
ITA-Serie A,2526,Sassuolo,Nicholas Pierini,ITA,"FW,MF",26.0,1998.0,11.0,0.0,142.0,1.6,0.0,0.0,0.0,0.0,0.0,0.0,1.0,0.0,0.0,0.0,0.0,0.0,0.0,1.6,0.0,5.0,2.0,40.0,3.17,1.27,0.0,0.0,0.0,0.0,13.0,4.2,0,,0,11,13.0,11,1.27,1.0,0.0,1.0,0.63,0.77,0.0,1.0,3.0,0.0,9.0,2.0,4.0,,,0.0,,,,,,,,,,,,,,,
ITA-Serie A,2526,Sassuolo,Pedro Felipe,BRA,DF,21.0,2004.0,3.0,1.0,129.0,1.4,0.0,1.0,1.0,0.0,0.0,0.0,0.0,0.0,0.0,0.7,0.7,0.0,0.7,1.4,0.0,0.0,0.0,,0.0,0.0,,,0.0,0.0,43.0,3.8,1,90.0,1,2,20.0,12,1.0,2.0,4.0,-2.0,-1.4,-1.34,0.0,2.0,1.0,0.0,0.0,2.0,1.0,,,0.0,,,,,,,,,,,,,,,
ITA-Serie A,2526,Sassuolo,Sebastian Walukiewicz,POL,DF,25.0,2000.0,34.0,33.0,2852.0,31.7,0.0,1.0,1.0,0.0,0.0,0.0,7.0,0.0,0.0,0.03,0.03,0.0,0.03,31.7,0.0,7.0,0.0,0.0,0.22,0.0,0.0,,0.0,0.0,84.0,83.4,33,86.0,27,1,22.0,0,1.35,37.0,40.0,-3.0,-0.09,0.06,0.0,35.0,13.0,1.0,45.0,23.0,34.0,,,0.0,,,,,,,,,,,,,,,
ITA-Serie A,2526,Sassuolo,Stefano Turati,ITA,GK,23.0,2001.0,6.0,6.0,532.0,5.9,0.0,0.0,0.0,0.0,0.0,0.0,0.0,0.0,0.0,0.0,0.0,0.0,0.0,5.9,0.0,0.0,0.0,,0.0,0.0,,,0.0,0.0,89.0,15.6,6,89.0,5,0,,25,1.17,6.0,7.0,-1.0,-0.17,-0.08,0.0,0.0,1.0,0.0,0.0,1.0,0.0,,,0.0,7.0,1.18,22.0,15.0,68.2,2.0,1.0,3.0,2.0,33.3,0.0,0.0,0.0,0.0,
ITA-Serie A,2526,Sassuolo,Tarik Muharemovic,BIH,DF,22.0,2003.0,32.0,32.0,2835.0,31.5,2.0,2.0,4.0,2.0,0.0,0.0,7.0,0.0,0.06,0.06,0.13,0.06,0.13,31.5,2.0,20.0,7.0,35.0,0.63,0.22,0.1,0.29,0.0,0.0,89.0,82.9,32,89.0,31,0,,3,1.22,37.0,46.0,-9.0,-0.29,-1.05,0.0,24.0,20.0,0.0,2.0,45.0,24.0,,,2.0,,,,,,,,,,,,,,,
ITA-Serie A,2526,Sassuolo,Tommaso Macchioni,ITA,DF,19.0,2006.0,1.0,1.0,90.0,1.0,0.0,0.0,0.0,0.0,0.0,0.0,1.0,0.0,0.0,0.0,0.0,0.0,0.0,1.0,0.0,1.0,0.0,0.0,1.0,0.0,0.0,,0.0,0.0,90.0,2.6,1,90.0,1,0,,5,0.0,0.0,1.0,-1.0,-1.0,-0.92,0.0,1.0,0.0,0.0,0.0,2.0,0.0,,,0.0,,,,,,,,,,,,,,,
ITA-Serie A,2526,Sassuolo,Ulisses Garcia,SUI,DF,29.0,1996.0,13.0,10.0,943.0,10.5,1.0,2.0,3.0,1.0,0.0,0.0,3.0,0.0,0.1,0.19,0.29,0.1,0.29,10.5,1.0,2.0,1.0,50.0,0.19,0.1,0.5,1.0,0.0,0.0,73.0,27.6,10,86.0,8,3,27.0,1,1.31,15.0,10.0,5.0,0.48,0.8,0.0,11.0,2.0,1.0,34.0,8.0,10.0,,,0.0,,,,,,,,,,,,,,,
ITA-Serie A,2526,Sassuolo,Walid Cheddira,MAR,FW,27.0,1998.0,16.0,1.0,221.0,2.5,1.0,0.0,1.0,1.0,0.0,0.0,1.0,0.0,0.41,0.0,0.41,0.41,0.41,2.5,1.0,8.0,2.0,25.0,3.26,0.81,0.13,0.5,0.0,0.0,14.0,6.5,1,62.0,0,15,11.0,3,1.38,2.0,4.0,-2.0,-0.81,-0.76,0.0,7.0,9.0,1.0,4.0,0.0,0.0,,,0.0,,,,,,,,,,,,,,,
ITA-Serie A,2526,Sassuolo,Woyo Coulibaly,MLI,DF,26.0,1999.0,20.0,9.0,1054.0,11.7,0.0,0.0,0.0,0.0,0.0,0.0,2.0,0.0,0.0,0.0,0.0,0.0,0.0,11.7,0.0,6.0,1.0,16.7,0.51,0.09,0.0,0.0,0.0,0.0,53.0,30.8,9,81.0,6,11,29.0,10,1.55,18.0,16.0,2.0,0.17,0.4,0.0,15.0,12.0,0.0,10.0,10.0,14.0,,,0.0,,,,,,,,,,,,,,,
ITA-Serie A,2526,Torino,Adam Masina,MAR,DF,31.0,1994.0,5.0,2.0,235.0,2.6,0.0,1.0,1.0,0.0,0.0,0.0,0.0,0.0,0.0,0.38,0.38,0.0,0.38,2.6,0.0,0.0,0.0,,0.0,0.0,,,0.0,0.0,47.0,6.9,2,90.0,2,3,18.0,8,0.2,3.0,11.0,-8.0,-3.06,-2.75,0.0,6.0,2.0,0.0,0.0,5.0,4.0,,,0.0,,,,,,,,,,,,,,,
ITA-Serie A,2526,Torino,Adrien Tameze,CMR,DF,31.0,1994.0,24.0,12.0,1120.0,12.4,0.0,0.0,0.0,0.0,0.0,0.0,3.0,0.0,0.0,0.0,0.0,0.0,0.0,12.4,0.0,5.0,0.0,0.0,0.4,0.0,0.0,,0.0,0.0,47.0,32.7,12,77.0,5,12,17.0,13,1.13,13.0,26.0,-13.0,-1.04,-0.81,0.0,16.0,7.0,0.0,14.0,19.0,12.0,,,0.0,,,,,,,,,,,,,,,
ITA-Serie A,2526,Torino,Alberto Paleari,ITA,GK,32.0,1992.0,29.0,29.0,2610.0,29.0,0.0,0.0,0.0,0.0,0.0,0.0,1.0,0.0,0.0,0.0,0.0,0.0,0.0,29.0,0.0,0.0,0.0,,0.0,0.0,,,0.0,0.0,90.0,76.3,29,90.0,29,0,,9,1.28,35.0,45.0,-10.0,-0.34,0.66,0.0,0.0,7.0,0.0,0.0,1.0,0.0,,,0.0,45.0,1.55,127.0,82.0,64.6,10.0,7.0,12.0,9.0,31.0,2.0,2.0,0.0,0.0,0.0
ITA-Serie A,2526,Torino,Ali Dembélé,FRA,DF,21.0,2004.0,2.0,0.0,21.0,0.2,0.0,0.0,0.0,0.0,0.0,0.0,0.0,0.0,0.0,0.0,0.0,0.0,0.0,0.2,0.0,1.0,0.0,0.0,4.29,0.0,0.0,,0.0,0.0,11.0,0.6,0,,0,2,11.0,19,2.0,3.0,1.0,2.0,8.57,9.13,0.0,0.0,0.0,0.0,0.0,0.0,0.0,,,0.0,,,,,,,,,,,,,,,
ITA-Serie A,2526,Torino,Alieu Njie,SWE,"MF,FW",20.0,2005.0,15.0,2.0,299.0,3.3,1.0,1.0,2.0,1.0,0.0,0.0,2.0,0.0,0.3,0.3,0.6,0.3,0.6,3.3,1.0,6.0,3.0,50.0,1.81,0.9,0.17,0.33,0.0,0.0,20.0,8.7,2,52.0,0,13,15.0,21,0.8,5.0,5.0,0.0,0.0,0.55,0.0,8.0,8.0,0.0,4.0,0.0,2.0,,,0.0,,,,,,,,,,,,,,,
ITA-Serie A,2526,Torino,Ardian Ismajli,ALB,DF,28.0,1996.0,25.0,21.0,1906.0,21.2,0.0,1.0,1.0,0.0,0.0,0.0,5.0,0.0,0.0,0.05,0.05,0.0,0.05,21.2,0.0,6.0,4.0,66.7,0.28,0.19,0.0,0.0,0.0,0.0,76.0,55.7,21,85.0,17,4,29.0,0,1.4,28.0,28.0,0.0,0.0,1.13,0.0,21.0,18.0,1.0,8.0,36.0,14.0,,,0.0,,,,,,,,,,,,,,,
ITA-Serie A,2526,Torino,Cesare Casadei,ITA,MF,22.0,2003.0,33.0,19.0,1997.0,22.2,6.0,0.0,6.0,6.0,0.0,0.0,5.0,0.0,0.27,0.0,0.27,0.27,0.27,22.2,6.0,35.0,17.0,48.6,1.58,0.77,0.17,0.35,0.0,0.0,61.0,58.4,19,84.0,15,14,28.0,4,1.18,28.0,36.0,-8.0,-0.36,0.34,0.0,52.0,16.0,2.0,4.0,9.0,16.0,,,0.0,,,,,,,,,,,,,,,
ITA-Serie A,2526,Torino,Ché Adams,SCO,FW,29.0,1996.0,33.0,19.0,1893.0,21.0,6.0,2.0,8.0,6.0,0.0,0.0,0.0,0.0,0.29,0.1,0.38,0.29,0.38,21.0,6.0,53.0,18.0,34.0,2.52,0.86,0.11,0.33,0.0,0.0,57.0,55.4,19,76.0,4,14,32.0,2,1.18,26.0,30.0,-4.0,-0.19,0.69,0.0,18.0,15.0,9.0,14.0,1.0,9.0,,,0.0,,,,,,,,,,,,,,,
ITA-Serie A,2526,Torino,Cristiano Biraghi,ITA,"MF,DF",32.0,1992.0,14.0,5.0,517.0,5.7,0.0,0.0,0.0,0.0,0.0,0.0,0.0,0.0,0.0,0.0,0.0,0.0,0.0,5.7,0.0,2.0,0.0,0.0,0.35,0.0,0.0,,0.0,0.0,37.0,15.1,5,81.0,3,9,13.0,19,1.5,1.0,11.0,-10.0,-1.74,-1.46,0.0,9.0,6.0,0.0,45.0,3.0,7.0,,,0.0,,,,,,,,,,,,,,,
ITA-Serie A,2526,Torino,Cyril Ngonge,BEL,FW,25.0,2000.0,20.0,11.0,994.0,11.0,1.0,1.0,2.0,1.0,0.0,0.0,2.0,0.0,0.09,0.09,0.18,0.09,0.18,11.0,1.0,24.0,12.0,50.0,2.17,1.09,0.04,0.08,0.0,0.0,50.0,29.1,11,72.0,2,9,22.0,1,1.0,9.0,20.0,-11.0,-1.0,-0.7,0.0,20.0,18.0,6.0,19.0,2.0,4.0,,,0.0,,,,,,,,,,,,,,,
ITA-Serie A,2526,Torino,Duván Zapata,COL,FW,34.0,1991.0,28.0,11.0,1103.0,12.3,3.0,1.0,4.0,3.0,0.0,1.0,0.0,0.0,0.24,0.08,0.33,0.24,0.33,12.3,3.0,34.0,15.0,44.1,2.77,1.22,0.09,0.2,0.0,1.0,39.0,32.3,11,66.0,1,17,22.0,5,1.18,21.0,22.0,-1.0,-0.08,0.62,0.0,15.0,24.0,7.0,8.0,1.0,2.0,,,0.0,,,,,,,,,,,,,,,
ITA-Serie A,2526,Torino,Emirhan İlkhan,TUR,MF,21.0,2004.0,19.0,13.0,1001.0,11.1,1.0,2.0,3.0,1.0,0.0,0.0,2.0,1.0,0.09,0.18,0.27,0.09,0.27,11.1,1.0,13.0,3.0,23.1,1.17,0.27,0.08,0.33,0.0,0.0,53.0,29.3,13,67.0,1,6,22.0,18,0.95,13.0,25.0,-12.0,-1.08,-0.82,0.0,11.0,18.0,0.0,7.0,13.0,19.0,,,0.0,,,,,,,,,,,,,,,
ITA-Serie A,2526,Torino,Enzo Ebosse,CMR,DF,26.0,1999.0,13.0,13.0,1115.0,12.4,0.0,1.0,1.0,0.0,0.0,0.0,3.0,0.0,0.0,0.08,0.08,0.0,0.08,12.4,0.0,0.0,0.0,,0.0,0.0,,,0.0,0.0,86.0,32.6,13,86.0,9,0,,2,1.38,18.0,18.0,0.0,0.0,0.74,0.0,16.0,9.0,0.0,7.0,10.0,6.0,,,0.0,,,,,,,,,,,,,,,
ITA-Serie A,2526,Torino,Faustino Anjorin,ENG,MF,23.0,2001.0,15.0,1.0,289.0,3.2,0.0,0.0,0.0,0.0,0.0,0.0,1.0,0.0,0.0,0.0,0.0,0.0,0.0,3.2,0.0,4.0,1.0,25.0,1.25,0.31,0.0,0.0,0.0,0.0,19.0,8.5,1,58.0,0,14,17.0,13,1.0,6.0,7.0,-1.0,-0.31,0.21,0.0,8.0,1.0,1.0,1.0,7.0,5.0,,,0.0,,,,,,,,,,,,,,,
ITA-Serie A,2526,Torino,Franco Israel,URU,GK,25.0,2000.0,9.0,9.0,810.0,9.0,0.0,0.0,0.0,0.0,0.0,0.0,1.0,0.0,0.0,0.0,0.0,0.0,0.0,9.0,0.0,0.0,0.0,,0.0,0.0,,,0.0,0.0,90.0,23.7,9,90.0,9,0,,25,0.89,9.0,18.0,-9.0,-1.0,-0.66,0.0,0.0,3.0,0.0,0.0,0.0,0.0,,,0.0,18.0,2.0,42.0,24.0,57.1,2.0,2.0,5.0,3.0,33.3,2.0,2.0,0.0,0.0,0.0
ITA-Serie A,2526,Torino,Giovanni Simeone,ARG,FW,30.0,1995.0,32.0,27.0,2230.0,24.8,11.0,0.0,11.0,11.0,0.0,0.0,1.0,0.0,0.44,0.0,0.44,0.44,0.44,24.8,11.0,78.0,28.0,35.9,3.15,1.13,0.14,0.39,0.0,0.0,70.0,65.2,27,77.0,6,5,32.0,2,1.31,29.0,37.0,-8.0,-0.32,0.51,0.0,31.0,41.0,18.0,9.0,5.0,9.0,,,0.0,,,,,,,,,,,,,,,
ITA-Serie A,2526,Torino,Guillermo Maripán,CHI,DF,31.0,1994.0,27.0,24.0,2145.0,23.8,2.0,0.0,2.0,2.0,0.0,0.0,4.0,0.0,0.08,0.0,0.08,0.08,0.08,23.8,2.0,18.0,8.0,44.4,0.76,0.34,0.11,0.25,0.0,0.0,79.0,62.7,24,84.0,20,3,41.0,10,1.15,25.0,37.0,-12.0,-0.5,-0.01,0.0,27.0,7.0,2.0,3.0,27.0,28.0,,,0.0,,,,,,,,,,,,,,,
ITA-Serie A,2526,Torino,Gvidas Gineitis,LTU,MF,21.0,2004.0,29.0,23.0,1756.0,19.5,0.0,1.0,1.0,0.0,0.0,0.0,5.0,0.0,0.0,0.05,0.05,0.0,0.05,19.5,0.0,27.0,5.0,18.5,1.38,0.26,0.0,0.0,0.0,0.0,61.0,51.3,23,72.0,8,6,17.0,5,1.31,19.0,32.0,-13.0,-0.67,-0.34,0.0,43.0,32.0,1.0,64.0,23.0,28.0,,,0.0,,,,,,,,,,,,,,,
ITA-Serie A,2526,Torino,Ivan Ilić,SRB,MF,24.0,2001.0,8.0,5.0,416.0,4.6,0.0,0.0,0.0,0.0,0.0,0.0,2.0,0.0,0.0,0.0,0.0,0.0,0.0,4.6,0.0,0.0,0.0,,0.0,0.0,,,0.0,0.0,52.0,12.2,5,67.0,1,3,28.0,17,1.63,3.0,5.0,-2.0,-0.43,0.08,0.0,9.0,4.0,0.0,2.0,5.0,5.0,,,0.0,,,,,,,,,,,,,,,
ITA-Serie A,2526,Torino,Kristjan Asllani,ALB,MF,23.0,2002.0,15.0,13.0,1129.0,12.5,0.0,0.0,0.0,0.0,0.0,1.0,3.0,0.0,0.0,0.0,0.0,0.0,0.0,12.5,0.0,20.0,4.0,20.0,1.59,0.32,0.0,0.0,0.0,1.0,75.0,33.0,13,82.0,5,2,29.0,4,1.27,13.0,20.0,-7.0,-0.56,-0.09,0.0,7.0,14.0,0.0,52.0,12.0,14.0,,,0.0,,,,,,,,,,,,,,,
ITA-Serie A,2526,Torino,Luca Marianucci,ITA,DF,21.0,2004.0,10.0,6.0,575.0,6.4,0.0,0.0,0.0,0.0,0.0,0.0,2.0,0.0,0.0,0.0,0.0,0.0,0.0,6.4,0.0,1.0,0.0,0.0,0.16,0.0,0.0,,0.0,0.0,58.0,16.8,6,82.0,4,4,22.0,5,1.5,9.0,10.0,-1.0,-0.16,0.41,0.0,9.0,3.0,0.0,7.0,8.0,5.0,,,0.0,,,,,,,,,,,,,,,
ITA-Serie A,2526,Torino,Marcus Pedersen,NOR,"MF,DF",25.0,2000.0,29.0,23.0,2134.0,23.7,1.0,2.0,3.0,1.0,0.0,0.0,3.0,0.0,0.04,0.08,0.13,0.04,0.13,23.7,1.0,15.0,3.0,20.0,0.63,0.13,0.07,0.33,0.0,0.0,74.0,62.4,23,85.0,15,6,32.0,4,1.21,31.0,35.0,-4.0,-0.17,0.88,0.0,31.0,6.0,3.0,110.0,10.0,14.0,,,0.0,,,,,,,,,,,,,,,
ITA-Serie A,2526,Torino,Matteo Prati,ITA,MF,21.0,2003.0,13.0,7.0,614.0,6.8,0.0,1.0,1.0,0.0,0.0,0.0,2.0,0.0,0.0,0.15,0.15,0.0,0.15,6.8,0.0,12.0,0.0,0.0,1.76,0.0,0.0,,0.0,0.0,47.0,18.0,7,66.0,0,6,26.0,2,1.46,7.0,10.0,-3.0,-0.44,0.07,0.0,12.0,7.0,0.0,2.0,5.0,3.0,,,0.0,,,,,,,,,,,,,,,
ITA-Serie A,2526,Torino,Niels Nkounkou,FRA,"MF,DF",24.0,2000.0,11.0,3.0,355.0,3.9,0.0,1.0,1.0,0.0,0.0,0.0,3.0,0.0,0.0,0.25,0.25,0.0,0.25,3.9,0.0,4.0,1.0,25.0,1.01,0.25,0.0,0.0,0.0,0.0,32.0,10.4,3,71.0,0,8,18.0,14,1.0,6.0,7.0,-1.0,-0.25,0.28,0.0,4.0,3.0,0.0,20.0,8.0,11.0,,,0.0,,,,,,,,,,,,,,,
ITA-Serie A,2526,Torino,Nikola Vlašić,CRO,"MF,FW",27.0,1997.0,37.0,36.0,3043.0,33.8,8.0,3.0,11.0,3.0,5.0,5.0,7.0,0.0,0.24,0.09,0.33,0.09,0.18,33.8,8.0,49.0,17.0,34.7,1.45,0.5,0.16,0.47,5.0,5.0,82.0,89.0,36,84.0,23,1,33.0,0,1.19,37.0,57.0,-20.0,-0.59,-0.83,0.0,44.0,45.0,4.0,48.0,22.0,39.0,,,0.0,,,,,,,,,,,,,,,
ITA-Serie A,2526,Torino,Rafel Obrador,ESP,MF,21.0,2004.0,16.0,14.0,1116.0,12.4,1.0,3.0,4.0,1.0,0.0,0.0,1.0,0.0,0.08,0.24,0.32,0.08,0.32,12.4,1.0,7.0,2.0,28.6,0.56,0.16,0.14,0.5,0.0,0.0,70.0,32.6,14,77.0,4,2,23.0,0,1.38,18.0,20.0,-2.0,-0.16,0.5,0.0,7.0,5.0,1.0,58.0,12.0,8.0,,,0.0,,,,,,,,,,,,,,,
ITA-Serie A,2526,Torino,Sandro Kulenović,CRO,FW,25.0,1999.0,13.0,3.0,300.0,3.3,0.0,1.0,1.0,0.0,0.0,0.0,2.0,0.0,0.0,0.3,0.3,0.0,0.3,3.3,0.0,5.0,2.0,40.0,1.5,0.6,0.0,0.0,0.0,0.0,23.0,8.8,3,59.0,0,10,12.0,3,1.54,3.0,5.0,-2.0,-0.6,-0.11,0.0,11.0,4.0,0.0,1.0,1.0,2.0,,,0.0,,,,,,,,,,,,,,,
ITA-Serie A,2526,Torino,Saúl Coco,EQG,DF,26.0,1999.0,35.0,35.0,3088.0,34.3,1.0,1.0,2.0,1.0,0.0,0.0,3.0,0.0,0.03,0.03,0.06,0.03,0.06,34.3,1.0,15.0,4.0,26.7,0.44,0.12,0.07,0.25,0.0,0.0,88.0,90.3,35,88.0,33,0,,1,1.2,39.0,55.0,-16.0,-0.47,0.35,0.0,46.0,34.0,0.0,5.0,41.0,34.0,,,0.0,,,,,,,,,,,,,,,
ITA-Serie A,2526,Torino,Valentino Lazaro,AUT,MF,29.0,1996.0,31.0,26.0,2252.0,25.0,0.0,2.0,2.0,0.0,0.0,0.0,4.0,0.0,0.0,0.08,0.08,0.0,0.08,25.0,0.0,8.0,2.0,25.0,0.32,0.08,0.0,0.0,0.0,0.0,73.0,65.8,26,82.0,15,5,24.0,7,1.1,23.0,48.0,-25.0,-1.0,-1.46,0.0,37.0,9.0,1.0,135.0,22.0,25.0,,,0.0,,,,,,,,,,,,,,,
ITA-Serie A,2526,Torino,Zakaria Aboukhlal,MAR,MF,25.0,2000.0,15.0,6.0,511.0,5.7,0.0,0.0,0.0,0.0,0.0,0.0,4.0,0.0,0.0,0.0,0.0,0.0,0.0,5.7,0.0,7.0,2.0,28.6,1.23,0.35,0.0,0.0,0.0,0.0,34.0,14.9,6,59.0,0,9,18.0,5,0.53,2.0,11.0,-9.0,-1.59,-1.28,0.0,12.0,11.0,7.0,18.0,1.0,12.0,,,0.0,,,,,,,,,,,,,,,
ITA-Serie A,2526,Udinese,Abdoulaye Camara,FRA,MF,16.0,2008.0,1.0,0.0,12.0,0.1,0.0,0.0,0.0,0.0,0.0,0.0,0.0,0.0,0.0,0.0,0.0,0.0,0.0,0.1,0.0,0.0,0.0,,0.0,0.0,,,0.0,0.0,12.0,0.4,0,,0,1,12.0,28,0.0,0.0,0.0,0.0,0.0,0.08,0.0,0.0,0.0,0.0,2.0,0.0,0.0,,,0.0,,,,,,,,,,,,,,,
ITA-Serie A,2526,Udinese,Adam Buksa,POL,FW,29.0,1996.0,25.0,6.0,922.0,10.2,3.0,0.0,3.0,3.0,0.0,0.0,3.0,0.0,0.29,0.0,0.29,0.29,0.29,10.2,3.0,12.0,6.0,50.0,1.17,0.59,0.25,0.5,0.0,0.0,37.0,27.0,6,75.0,1,19,25.0,2,1.24,11.0,14.0,-3.0,-0.29,-0.29,0.0,24.0,15.0,3.0,1.0,3.0,8.0,,,0.0,,,,,,,,,,,,,,,
ITA-Serie A,2526,Udinese,Alessandro Zanoli,ITA,MF,24.0,2000.0,19.0,16.0,1280.0,14.2,1.0,2.0,3.0,1.0,0.0,0.0,1.0,0.0,0.07,0.14,0.21,0.07,0.21,14.2,1.0,3.0,1.0,33.3,0.21,0.07,0.33,1.0,0.0,0.0,67.0,37.4,16,75.0,1,3,26.0,1,1.16,16.0,18.0,-2.0,-0.14,-0.1,0.0,16.0,5.0,1.0,40.0,7.0,18.0,,,0.0,,,,,,,,,,,,,,,
ITA-Serie A,2526,Udinese,Arthur Atta,FRA,MF,22.0,2003.0,32.0,29.0,2557.0,28.4,5.0,3.0,8.0,5.0,0.0,0.0,3.0,0.0,0.18,0.11,0.28,0.18,0.28,28.4,5.0,57.0,20.0,35.1,2.01,0.7,0.09,0.25,0.0,0.0,80.0,74.8,29,85.0,19,3,31.0,0,1.34,31.0,36.0,-5.0,-0.18,-0.38,0.0,23.0,32.0,8.0,56.0,23.0,17.0,,,0.0,,,,,,,,,,,,,,,
ITA-Serie A,2526,Udinese,Branimir Mlacic,CRO,DF,18.0,2007.0,7.0,2.0,166.0,1.8,0.0,0.0,0.0,0.0,0.0,0.0,2.0,0.0,0.0,0.0,0.0,0.0,0.0,1.8,0.0,1.0,0.0,0.0,0.54,0.0,0.0,,0.0,0.0,24.0,4.9,2,49.0,0,5,14.0,8,1.43,2.0,0.0,2.0,1.08,1.22,0.0,4.0,0.0,0.0,1.0,2.0,3.0,,,0.0,,,,,,,,,,,,,,,
ITA-Serie A,2526,Udinese,Christian Kabasele,BEL,DF,34.0,1991.0,30.0,28.0,2247.0,25.0,3.0,0.0,3.0,3.0,0.0,0.0,5.0,1.0,0.12,0.0,0.12,0.12,0.12,25.0,3.0,9.0,6.0,66.7,0.36,0.24,0.33,0.5,0.0,0.0,75.0,65.7,28,80.0,16,2,9.0,7,1.23,28.0,29.0,-1.0,-0.04,0.11,0.0,33.0,25.0,1.0,0.0,33.0,13.0,,,0.0,,,,,,,,,,,,,,,
ITA-Serie A,2526,Udinese,Daniele Padelli,ITA,GK,39.0,1985.0,2.0,2.0,180.0,2.0,0.0,0.0,0.0,0.0,0.0,0.0,0.0,0.0,0.0,0.0,0.0,0.0,0.0,2.0,0.0,0.0,0.0,,0.0,0.0,,,0.0,0.0,90.0,5.3,2,90.0,2,0,,33,0.5,1.0,2.0,-1.0,-0.5,-0.44,0.0,0.0,0.0,0.0,0.0,0.0,0.0,,,0.0,2.0,1.0,5.0,3.0,60.0,0.0,1.0,1.0,0.0,0.0,1.0,1.0,0.0,0.0,0.0
ITA-Serie A,2526,Udinese,Hassane Kamara,CIV,"MF,DF",31.0,1994.0,26.0,22.0,1861.0,20.7,0.0,2.0,2.0,0.0,0.0,0.0,5.0,0.0,0.0,0.1,0.1,0.0,0.1,20.7,0.0,16.0,5.0,31.3,0.77,0.24,0.0,0.0,0.0,0.0,72.0,54.4,22,80.0,10,4,25.0,3,1.35,26.0,26.0,0.0,0.0,0.17,0.0,16.0,11.0,0.0,81.0,25.0,20.0,,,0.0,,,,,,,,,,,,,,,
ITA-Serie A,2526,Udinese,Idrissa Guèye,SEN,FW,18.0,2006.0,19.0,1.0,421.0,4.7,1.0,0.0,1.0,1.0,0.0,0.0,2.0,0.0,0.21,0.0,0.21,0.21,0.21,4.7,1.0,20.0,6.0,30.0,4.28,1.28,0.05,0.17,0.0,0.0,22.0,12.3,1,81.0,0,18,19.0,16,0.95,3.0,6.0,-3.0,-0.64,-0.64,0.0,15.0,9.0,3.0,4.0,3.0,4.0,,,0.0,,,,,,,,,,,,,,,
ITA-Serie A,2526,Udinese,Iker Bravo,ESP,FW,20.0,2005.0,8.0,3.0,206.0,2.3,1.0,0.0,1.0,1.0,0.0,0.0,1.0,0.0,0.44,0.0,0.44,0.44,0.44,2.3,1.0,4.0,1.0,25.0,1.75,0.44,0.25,1.0,0.0,0.0,26.0,6.0,3,55.0,0,5,8.0,7,1.38,2.0,2.0,0.0,0.0,0.08,0.0,3.0,1.0,0.0,4.0,0.0,1.0,,,0.0,,,,,,,,,,,,,,,
ITA-Serie A,2526,Udinese,Jakub Piotrowski,POL,MF,27.0,1997.0,33.0,20.0,1696.0,18.8,1.0,1.0,2.0,1.0,0.0,0.0,2.0,0.0,0.05,0.05,0.11,0.05,0.11,18.8,1.0,36.0,9.0,25.0,1.91,0.48,0.03,0.11,0.0,0.0,51.0,49.6,20,70.0,4,13,23.0,2,1.33,21.0,23.0,-2.0,-0.11,-0.05,0.0,29.0,29.0,2.0,25.0,15.0,25.0,,,0.0,,,,,,,,,,,,,,,
ITA-Serie A,2526,Udinese,Jesper Karlström,SWE,MF,30.0,1995.0,36.0,36.0,3146.0,35.0,1.0,0.0,1.0,1.0,0.0,0.0,6.0,0.0,0.03,0.0,0.03,0.03,0.03,35.0,1.0,20.0,3.0,15.0,0.57,0.09,0.05,0.33,0.0,0.0,87.0,92.0,36,87.0,29,0,,0,1.28,39.0,45.0,-6.0,-0.17,-1.16,0.0,42.0,30.0,1.0,15.0,37.0,34.0,,,0.0,,,,,,,,,,,,,,,
ITA-Serie A,2526,Udinese,Jordan Zemura,ZIM,"MF,DF",25.0,1999.0,17.0,13.0,1127.0,12.5,0.0,1.0,1.0,0.0,0.0,0.0,3.0,0.0,0.0,0.08,0.08,0.0,0.08,12.5,0.0,5.0,1.0,20.0,0.4,0.08,0.0,0.0,0.0,0.0,66.0,33.0,13,81.0,8,4,19.0,8,1.12,14.0,16.0,-2.0,-0.16,-0.12,0.0,26.0,11.0,2.0,35.0,6.0,17.0,,,0.0,,,,,,,,,,,,,,,
ITA-Serie A,2526,Udinese,Juan Arizala,COL,MF,19.0,2005.0,10.0,1.0,191.0,2.1,0.0,0.0,0.0,0.0,0.0,0.0,0.0,0.0,0.0,0.0,0.0,0.0,0.0,2.1,0.0,1.0,1.0,100.0,0.47,0.47,0.0,0.0,0.0,0.0,19.0,5.6,1,59.0,0,9,15.0,6,1.2,4.0,2.0,2.0,0.94,1.08,0.0,1.0,1.0,0.0,6.0,1.0,3.0,,,0.0,,,,,,,,,,,,,,,
ITA-Serie A,2526,Udinese,Jurgen Ekkelenkamp,NED,MF,25.0,2000.0,31.0,27.0,2186.0,24.3,5.0,3.0,8.0,5.0,0.0,0.0,1.0,0.0,0.21,0.12,0.33,0.21,0.33,24.3,5.0,33.0,15.0,45.5,1.36,0.62,0.15,0.33,0.0,0.0,71.0,63.9,27,78.0,5,4,22.0,4,1.35,29.0,30.0,-1.0,-0.04,0.1,0.0,22.0,19.0,3.0,32.0,18.0,27.0,,,0.0,,,,,,,,,,,,,,,
ITA-Serie A,2526,Udinese,Keinan Davis,ENG,FW,27.0,1998.0,30.0,27.0,2065.0,22.9,10.0,4.0,14.0,6.0,4.0,4.0,5.0,0.0,0.44,0.17,0.61,0.26,0.44,22.9,10.0,50.0,25.0,50.0,2.18,1.09,0.2,0.4,4.0,4.0,69.0,60.4,27,74.0,9,3,20.0,0,1.4,31.0,28.0,3.0,0.13,0.53,0.0,41.0,47.0,10.0,5.0,1.0,5.0,,,0.0,,,,,,,,,,,,,,,
ITA-Serie A,2526,Udinese,Kingsley Ehizibue,NED,"MF,DF",30.0,1995.0,32.0,20.0,1811.0,20.1,2.0,0.0,2.0,2.0,0.0,0.0,5.0,0.0,0.1,0.0,0.1,0.1,0.1,20.1,2.0,9.0,2.0,22.2,0.45,0.1,0.22,1.0,0.0,0.0,57.0,53.0,20,82.0,10,12,14.0,5,1.5,25.0,23.0,2.0,0.1,0.38,0.0,34.0,24.0,2.0,32.0,13.0,31.0,,,0.0,,,,,,,,,,,,,,,
ITA-Serie A,2526,Udinese,Lennon Miller,SCO,MF,18.0,2006.0,24.0,9.0,996.0,11.1,0.0,2.0,2.0,0.0,0.0,0.0,4.0,0.0,0.0,0.18,0.18,0.0,0.18,11.1,0.0,9.0,1.0,11.1,0.81,0.09,0.0,0.0,0.0,0.0,42.0,29.1,9,74.0,1,15,22.0,13,1.25,19.0,14.0,5.0,0.45,0.75,0.0,14.0,17.0,1.0,32.0,9.0,12.0,,,0.0,,,,,,,,,,,,,,,
ITA-Serie A,2526,Udinese,Maduka Okoye,NGA,GK,25.0,1999.0,30.0,30.0,2616.0,29.1,0.0,0.0,0.0,0.0,0.0,0.0,1.0,1.0,0.0,0.0,0.0,0.0,0.0,29.1,0.0,0.0,0.0,,0.0,0.0,,,0.0,0.0,87.0,76.5,30,87.0,29,0,,1,1.37,37.0,32.0,5.0,0.17,1.07,0.0,2.0,4.0,0.0,0.0,0.0,0.0,,,0.0,37.0,1.27,117.0,80.0,68.4,12.0,5.0,13.0,10.0,33.3,6.0,5.0,1.0,0.0,16.7
ITA-Serie A,2526,Udinese,Matteo Palma,GER,DF,17.0,2008.0,5.0,1.0,120.0,1.3,0.0,0.0,0.0,0.0,0.0,0.0,0.0,0.0,0.0,0.0,0.0,0.0,0.0,1.3,0.0,0.0,0.0,,0.0,0.0,,,0.0,0.0,24.0,3.5,1,45.0,0,4,19.0,12,1.0,1.0,3.0,-2.0,-1.5,-1.47,0.0,3.0,0.0,0.0,1.0,3.0,0.0,,,0.0,,,,,,,,,,,,,,,
ITA-Serie A,2526,Udinese,Nicolò Bertola,ITA,"DF,MF",22.0,2003.0,28.0,18.0,1763.0,19.6,0.0,1.0,1.0,0.0,0.0,0.0,3.0,0.0,0.0,0.05,0.05,0.0,0.05,19.6,0.0,13.0,4.0,30.8,0.66,0.2,0.0,0.0,0.0,0.0,63.0,51.5,18,82.0,11,10,28.0,5,1.46,24.0,25.0,-1.0,-0.05,0.06,0.0,19.0,12.0,1.0,8.0,24.0,21.0,,,0.0,,,,,,,,,,,,,,,
ITA-Serie A,2526,Udinese,Nicolò Zaniolo,ITA,"FW,MF",26.0,1999.0,32.0,28.0,2257.0,25.1,5.0,6.0,11.0,5.0,0.0,0.0,8.0,0.0,0.2,0.24,0.44,0.2,0.44,25.1,5.0,72.0,22.0,30.6,2.87,0.88,0.07,0.23,0.0,0.0,71.0,66.0,28,77.0,10,4,23.0,0,1.34,29.0,27.0,2.0,0.08,0.47,0.0,61.0,61.0,6.0,120.0,4.0,21.0,,,0.0,,,,,,,,,,,,,,,
ITA-Serie A,2526,Udinese,Oier Zarraga,ESP,MF,26.0,1999.0,24.0,2.0,475.0,5.3,0.0,0.0,0.0,0.0,0.0,0.0,2.0,0.0,0.0,0.0,0.0,0.0,0.0,5.3,0.0,4.0,1.0,25.0,0.76,0.19,0.0,0.0,0.0,0.0,20.0,13.9,2,83.0,1,22,14.0,14,1.71,5.0,10.0,-5.0,-0.95,-1.01,0.0,8.0,5.0,0.0,12.0,7.0,6.0,,,0.0,,,,,,,,,,,,,,,
ITA-Serie A,2526,Udinese,Oumar Solet,FRA,DF,25.0,2000.0,35.0,34.0,2959.0,32.9,3.0,1.0,4.0,2.0,1.0,1.0,1.0,0.0,0.09,0.03,0.12,0.06,0.09,32.9,3.0,33.0,6.0,18.2,1.0,0.18,0.09,0.5,1.0,1.0,85.0,86.5,34,87.0,31,1,16.0,1,1.31,39.0,42.0,-3.0,-0.09,-0.09,0.0,30.0,29.0,2.0,20.0,47.0,57.0,,,1.0,,,,,,,,,,,,,,,
ITA-Serie A,2526,Udinese,Razvan Sava,ROU,GK,23.0,2002.0,7.0,6.0,620.0,6.9,0.0,0.0,0.0,0.0,0.0,0.0,1.0,0.0,0.0,0.0,0.0,0.0,0.0,6.9,0.0,0.0,0.0,,0.0,0.0,,,0.0,0.0,89.0,18.1,6,90.0,6,1,80.0,27,1.14,7.0,14.0,-7.0,-1.02,-1.14,0.0,0.0,0.0,0.0,0.0,0.0,0.0,,,0.0,14.0,2.03,28.0,14.0,50.0,2.0,2.0,2.0,1.0,16.7,0.0,0.0,0.0,0.0,
ITA-Serie A,2526,Udinese,Rui Modesto,ANG,MF,25.0,1999.0,3.0,0.0,119.0,1.3,0.0,1.0,1.0,0.0,0.0,0.0,0.0,0.0,0.0,0.76,0.76,0.0,0.76,1.3,0.0,1.0,1.0,100.0,0.76,0.76,0.0,0.0,0.0,0.0,40.0,3.5,0,,0,3,40.0,14,1.0,1.0,2.0,-1.0,-0.76,-0.7,0.0,0.0,0.0,0.0,5.0,1.0,4.0,,,0.0,,,,,,,,,,,,,,,
ITA-Serie A,2526,Udinese,Saba Goglichidze,GEO,DF,21.0,2004.0,8.0,4.0,424.0,4.7,0.0,0.0,0.0,0.0,0.0,0.0,2.0,0.0,0.0,0.0,0.0,0.0,0.0,4.7,0.0,3.0,1.0,33.3,0.64,0.21,0.0,0.0,0.0,0.0,53.0,12.4,4,90.0,4,4,16.0,11,2.13,6.0,7.0,-1.0,-0.21,-0.15,0.0,5.0,4.0,0.0,2.0,8.0,8.0,,,0.0,,,,,,,,,,,,,,,
ITA-Serie A,2526,Udinese,Sandi Lovrić,SVN,MF,27.0,1998.0,6.0,1.0,161.0,1.8,0.0,1.0,1.0,0.0,0.0,0.0,1.0,0.0,0.0,0.56,0.56,0.0,0.56,1.8,0.0,3.0,1.0,33.3,1.68,0.56,0.0,0.0,0.0,0.0,27.0,4.7,1,60.0,0,5,20.0,14,0.67,2.0,5.0,-3.0,-1.68,-1.68,0.0,4.0,1.0,0.0,16.0,4.0,4.0,,,0.0,,,,,,,,,,,,,,,
ITA-Serie A,2526,Udinese,Thomas Kristensen,DEN,DF,23.0,2002.0,28.0,28.0,2472.0,27.5,3.0,0.0,3.0,3.0,0.0,0.0,4.0,0.0,0.11,0.0,0.11,0.11,0.11,27.5,3.0,11.0,6.0,54.5,0.4,0.22,0.27,0.5,0.0,0.0,88.0,72.3,28,88.0,25,0,,2,1.36,33.0,31.0,2.0,0.07,0.55,0.0,24.0,9.0,3.0,4.0,27.0,15.0,,,0.0,,,,,,,,,,,,,,,
ITA-Serie A,2526,Udinese,Vakoun Bayo,CIV,FW,28.0,1997.0,15.0,4.0,453.0,5.0,0.0,2.0,2.0,0.0,0.0,0.0,0.0,0.0,0.0,0.4,0.4,0.0,0.4,5.0,0.0,14.0,2.0,14.3,2.78,0.4,0.0,0.0,0.0,0.0,30.0,13.2,4,63.0,0,11,18.0,14,1.07,8.0,11.0,-3.0,-0.6,-0.6,0.0,15.0,6.0,5.0,1.0,0.0,1.0,,,0.0,,,,,,,,,,,,,,,
GER-Bundesliga,2526,Augsburg,Aiman Dardari,LUX,MF,20.0,2005.0,3.0,0.0,34.0,0.4,0.0,0.0,0.0,0.0,0.0,0.0,1.0,0.0,0.0,0.0,0.0,0.0,0.0,0.4,0.0,1.0,0.0,0.0,2.65,0.0,0.0,,0.0,0.0,11.0,1.1,0,,0,3,11.0,2,0.33,0.0,0.0,0.0,0.0,0.48,0.0,1.0,1.0,0.0,0.0,0.0,0.0,,,0.0,,,,,,,,,,,,,,,
GER-Bundesliga,2526,Augsburg,Alexis Claude-Maurice,FRA,"MF,FW",27.0,1998.0,29.0,25.0,2097.0,23.3,5.0,4.0,9.0,4.0,1.0,2.0,3.0,0.0,0.21,0.17,0.39,0.17,0.34,23.3,5.0,71.0,26.0,36.6,3.05,1.12,0.07,0.19,1.0,2.0,72.0,68.5,25,80.0,11,4,22.0,1,1.28,29.0,43.0,-14.0,-0.6,-0.41,0.0,23.0,42.0,1.0,65.0,8.0,26.0,,,0.0,,,,,,,,,,,,,,,
GER-Bundesliga,2526,Augsburg,Anton Kade,GER,"MF,FW",21.0,2004.0,28.0,18.0,1743.0,19.4,6.0,0.0,6.0,6.0,0.0,0.0,3.0,0.0,0.31,0.0,0.31,0.31,0.31,19.4,6.0,48.0,21.0,43.8,2.48,1.08,0.13,0.29,0.0,0.0,62.0,57.0,18,81.0,6,10,29.0,1,1.29,22.0,35.0,-13.0,-0.67,-0.47,0.0,20.0,18.0,10.0,22.0,13.0,14.0,,,0.0,,,,,,,,,,,,,,,
GER-Bundesliga,2526,Augsburg,Arne Maier,GER,MF,26.0,1999.0,1.0,0.0,4.0,0.0,0.0,0.0,0.0,0.0,0.0,0.0,0.0,0.0,0.0,0.0,0.0,0.0,0.0,0.0,0.0,0.0,0.0,,0.0,0.0,,,0.0,0.0,4.0,0.1,0,,0,1,4.0,10,3.0,0.0,0.0,0.0,0.0,0.47,0.0,0.0,0.0,0.0,1.0,1.0,1.0,,,0.0,,,,,,,,,,,,,,,
GER-Bundesliga,2526,Augsburg,Arthur Chaves,BRA,DF,24.0,2001.0,11.0,9.0,829.0,9.2,2.0,0.0,2.0,2.0,0.0,0.0,1.0,0.0,0.22,0.0,0.22,0.22,0.22,9.2,2.0,4.0,2.0,50.0,0.43,0.22,0.5,1.0,0.0,0.0,75.0,27.1,9,84.0,7,2,35.0,3,1.36,13.0,15.0,-2.0,-0.22,0.35,0.0,8.0,8.0,0.0,1.0,8.0,13.0,,,1.0,,,,,,,,,,,,,,,
GER-Bundesliga,2526,Augsburg,Cedric Zesiger,SUI,DF,27.0,1998.0,27.0,20.0,1816.0,20.2,0.0,0.0,0.0,0.0,0.0,0.0,7.0,0.0,0.0,0.0,0.0,0.0,0.0,20.2,0.0,12.0,3.0,25.0,0.59,0.15,0.0,0.0,0.0,0.0,67.0,59.3,20,85.0,17,7,16.0,4,1.38,26.0,40.0,-14.0,-0.69,-0.55,0.0,18.0,16.0,0.0,34.0,17.0,24.0,,,1.0,,,,,,,,,,,,,,,
GER-Bundesliga,2526,Augsburg,Chrislain Matsima,FRA,DF,23.0,2002.0,18.0,17.0,1489.0,16.5,1.0,1.0,2.0,1.0,0.0,0.0,5.0,0.0,0.06,0.06,0.12,0.06,0.12,16.5,1.0,7.0,1.0,14.3,0.42,0.06,0.14,1.0,0.0,0.0,83.0,48.7,17,87.0,15,1,5.0,0,1.11,23.0,33.0,-10.0,-0.6,-0.26,0.0,10.0,4.0,0.0,4.0,30.0,11.0,,,0.0,,,,,,,,,,,,,,,
GER-Bundesliga,2526,Augsburg,Dimitris Giannoulis,GRE,MF,29.0,1995.0,27.0,25.0,1888.0,21.0,2.0,5.0,7.0,2.0,0.0,0.0,8.0,0.0,0.1,0.24,0.33,0.1,0.33,21.0,2.0,10.0,6.0,60.0,0.48,0.29,0.2,0.33,0.0,0.0,70.0,61.7,25,74.0,9,2,25.0,0,1.37,32.0,39.0,-7.0,-0.33,0.36,0.0,16.0,20.0,4.0,99.0,21.0,20.0,,,0.0,,,,,,,,,,,,,,,
GER-Bundesliga,2526,Augsburg,Elias Saad,TUN,"MF,FW",25.0,1999.0,10.0,7.0,497.0,5.5,0.0,0.0,0.0,0.0,0.0,0.0,1.0,0.0,0.0,0.0,0.0,0.0,0.0,5.5,0.0,6.0,3.0,50.0,1.09,0.54,0.0,0.0,0.0,0.0,50.0,16.2,7,62.0,0,3,22.0,4,1.0,9.0,14.0,-5.0,-0.91,-0.52,0.0,8.0,12.0,4.0,9.0,1.0,8.0,,,0.0,,,,,,,,,,,,,,,
GER-Bundesliga,2526,Augsburg,Elvis Rexhbeçaj,KVX,MF,27.0,1997.0,26.0,10.0,1118.0,12.4,2.0,0.0,2.0,2.0,0.0,0.0,4.0,0.0,0.16,0.0,0.16,0.16,0.16,12.4,2.0,11.0,5.0,45.5,0.89,0.4,0.18,0.4,0.0,0.0,43.0,36.5,10,71.0,3,16,26.0,2,1.31,20.0,21.0,-1.0,-0.08,0.61,0.0,13.0,16.0,1.0,16.0,4.0,8.0,,,0.0,,,,,,,,,,,,,,,
GER-Bundesliga,2526,Augsburg,Fabian Rieder,SUI,MF,23.0,2002.0,32.0,28.0,2343.0,26.0,6.0,3.0,9.0,4.0,2.0,2.0,4.0,0.0,0.23,0.12,0.35,0.15,0.27,26.0,6.0,38.0,13.0,34.2,1.46,0.5,0.16,0.46,2.0,2.0,73.0,76.6,28,82.0,16,4,13.0,0,1.25,36.0,53.0,-17.0,-0.65,-0.78,0.0,45.0,38.0,2.0,116.0,13.0,20.0,,,0.0,,,,,,,,,,,,,,,
GER-Bundesliga,2526,Augsburg,Finn Dahmen,GER,GK,27.0,1998.0,34.0,34.0,3060.0,34.0,0.0,0.0,0.0,0.0,0.0,0.0,1.0,0.0,0.0,0.0,0.0,0.0,0.0,34.0,0.0,1.0,0.0,0.0,0.03,0.0,0.0,,0.0,0.0,90.0,100.0,34,90.0,34,0,,0,1.26,45.0,61.0,-16.0,-0.47,,0.0,0.0,9.0,0.0,0.0,0.0,0.0,,,0.0,61.0,1.79,166.0,105.0,63.3,12.0,7.0,15.0,5.0,14.7,7.0,6.0,1.0,0.0,14.3
GER-Bundesliga,2526,Augsburg,Han-Noah Massengo,FRA,MF,24.0,2001.0,33.0,29.0,2427.0,27.0,2.0,1.0,3.0,2.0,0.0,0.0,5.0,0.0,0.07,0.04,0.11,0.07,0.11,27.0,2.0,20.0,6.0,30.0,0.74,0.22,0.1,0.33,0.0,0.0,74.0,79.3,29,80.0,14,4,26.0,0,1.27,31.0,52.0,-21.0,-0.78,-1.49,0.0,25.0,23.0,0.0,17.0,36.0,18.0,,,0.0,,,,,,,,,,,,,,,
GER-Bundesliga,2526,Augsburg,Ismaël Gharbi,TUN,MF,21.0,2004.0,6.0,0.0,94.0,1.0,0.0,0.0,0.0,0.0,0.0,0.0,0.0,0.0,0.0,0.0,0.0,0.0,0.0,1.0,0.0,3.0,0.0,0.0,2.87,0.0,0.0,,0.0,0.0,16.0,3.1,0,,0,6,16.0,15,0.17,0.0,0.0,0.0,0.0,0.49,0.0,2.0,8.0,0.0,4.0,0.0,1.0,,,0.0,,,,,,,,,,,,,,,
GER-Bundesliga,2526,Augsburg,Jeffrey Gouweleeuw,NED,DF,34.0,1991.0,11.0,10.0,848.0,9.4,0.0,1.0,1.0,0.0,0.0,0.0,3.0,0.0,0.0,0.11,0.11,0.0,0.11,9.4,0.0,5.0,3.0,60.0,0.53,0.32,0.0,0.0,0.0,0.0,77.0,27.7,10,82.0,6,1,29.0,1,1.27,16.0,20.0,-4.0,-0.42,0.06,0.0,7.0,3.0,1.0,5.0,13.0,10.0,,,0.0,,,,,,,,,,,,,,,
GER-Bundesliga,2526,Augsburg,Keven Schlotterbeck,GER,DF,28.0,1997.0,24.0,22.0,2031.0,22.6,0.0,1.0,1.0,0.0,0.0,1.0,7.0,1.0,0.0,0.04,0.04,0.0,0.04,22.6,0.0,12.0,3.0,25.0,0.53,0.13,0.0,0.0,0.0,1.0,85.0,66.4,22,90.0,21,2,31.0,7,1.29,29.0,36.0,-7.0,-0.31,0.48,1.0,25.0,20.0,1.0,6.0,33.0,25.0,,,0.0,,,,,,,,,,,,,,,
GER-Bundesliga,2526,Augsburg,Kristijan Jakić,CRO,"MF,DF",28.0,1997.0,26.0,18.0,1653.0,18.4,2.0,1.0,3.0,2.0,0.0,0.0,5.0,0.0,0.11,0.05,0.16,0.11,0.16,18.4,2.0,18.0,6.0,33.3,0.98,0.33,0.11,0.33,0.0,0.0,64.0,54.0,18,77.0,10,8,34.0,2,1.15,24.0,27.0,-3.0,-0.16,0.67,0.0,17.0,17.0,2.0,4.0,17.0,25.0,,,0.0,,,,,,,,,,,,,,,
GER-Bundesliga,2526,Augsburg,Mads Pedersen,DEN,MF,28.0,1996.0,7.0,1.0,210.0,2.3,0.0,0.0,0.0,0.0,0.0,0.0,0.0,0.0,0.0,0.0,0.0,0.0,0.0,2.3,0.0,3.0,0.0,0.0,1.29,0.0,0.0,,0.0,0.0,30.0,6.9,1,61.0,0,6,25.0,11,1.14,0.0,5.0,-5.0,-2.14,-1.8,0.0,5.0,3.0,1.0,11.0,1.0,2.0,,,0.0,,,,,,,,,,,,,,,
GER-Bundesliga,2526,Augsburg,Marius Wolf,GER,MF,30.0,1995.0,29.0,12.0,1019.0,11.3,1.0,1.0,2.0,1.0,0.0,0.0,4.0,0.0,0.09,0.09,0.18,0.09,0.18,11.3,1.0,14.0,5.0,35.7,1.24,0.44,0.07,0.2,0.0,0.0,35.0,33.3,12,64.0,1,17,15.0,4,1.17,17.0,19.0,-2.0,-0.18,0.44,0.0,10.0,2.0,11.0,43.0,13.0,10.0,,,0.0,,,,,,,,,,,,,,,
GER-Bundesliga,2526,Augsburg,Mert Kömür,GER,"MF,FW",20.0,2005.0,28.0,17.0,1464.0,16.3,2.0,4.0,6.0,2.0,0.0,0.0,1.0,0.0,0.12,0.25,0.37,0.12,0.37,16.3,2.0,41.0,16.0,39.0,2.52,0.98,0.05,0.13,0.0,0.0,52.0,47.8,17,74.0,6,11,19.0,5,1.25,21.0,28.0,-7.0,-0.43,0.08,0.0,26.0,18.0,2.0,60.0,8.0,13.0,,,0.0,,,,,,,,,,,,,,,
GER-Bundesliga,2526,Augsburg,Michael Gregoritsch,AUT,FW,31.0,1994.0,17.0,11.0,913.0,10.1,6.0,2.0,8.0,5.0,1.0,1.0,2.0,0.0,0.59,0.2,0.79,0.49,0.69,10.1,6.0,29.0,10.0,34.5,2.86,0.99,0.21,0.6,1.0,1.0,54.0,29.8,11,73.0,2,6,19.0,1,1.35,19.0,14.0,5.0,0.49,1.37,0.0,5.0,18.0,4.0,6.0,5.0,4.0,,,0.0,,,,,,,,,,,,,,,
GER-Bundesliga,2526,Augsburg,Noahkai Banks,USA,DF,18.0,2006.0,23.0,20.0,1725.0,19.2,1.0,1.0,2.0,1.0,0.0,0.0,8.0,0.0,0.05,0.05,0.1,0.05,0.1,19.2,1.0,9.0,5.0,55.6,0.47,0.26,0.11,0.2,0.0,0.0,75.0,56.4,20,83.0,14,3,21.0,9,1.09,22.0,31.0,-9.0,-0.47,0.0,0.0,29.0,18.0,3.0,4.0,18.0,29.0,,,0.0,,,,,,,,,,,,,,,
GER-Bundesliga,2526,Augsburg,Phillip Tietz,GER,FW,28.0,1997.0,10.0,0.0,198.0,2.2,1.0,0.0,1.0,1.0,0.0,0.0,2.0,0.0,0.45,0.0,0.45,0.45,0.45,2.2,1.0,6.0,3.0,50.0,2.73,1.36,0.17,0.33,0.0,0.0,20.0,6.5,0,,0,10,20.0,4,0.5,3.0,2.0,1.0,0.45,0.99,0.0,6.0,4.0,5.0,0.0,0.0,1.0,,,0.0,,,,,,,,,,,,,,,
GER-Bundesliga,2526,Augsburg,Robin Fellhauer,GER,MF,27.0,1998.0,34.0,31.0,2799.0,31.1,3.0,2.0,5.0,3.0,0.0,0.0,2.0,0.0,0.1,0.06,0.16,0.1,0.16,31.1,3.0,30.0,9.0,30.0,0.96,0.29,0.1,0.33,0.0,0.0,82.0,91.5,31,85.0,19,3,56.0,0,1.26,38.0,56.0,-18.0,-0.58,-1.27,0.0,25.0,33.0,6.0,92.0,22.0,43.0,,,0.0,,,,,,,,,,,,,,,
GER-Bundesliga,2526,Augsburg,Rodrigo Ribeiro,POR,FW,20.0,2005.0,14.0,6.0,636.0,7.1,2.0,0.0,2.0,2.0,0.0,0.0,1.0,0.0,0.28,0.0,0.28,0.28,0.28,7.1,2.0,26.0,7.0,26.9,3.68,0.99,0.08,0.29,0.0,0.0,45.0,20.8,6,71.0,0,8,26.0,3,1.5,6.0,13.0,-7.0,-0.99,-0.66,0.0,10.0,3.0,9.0,3.0,4.0,3.0,,,0.0,,,,,,,,,,,,,,,
GER-Bundesliga,2526,Augsburg,Samuel Essende,COD,"MF,FW",27.0,1998.0,14.0,2.0,414.0,4.6,1.0,0.0,1.0,1.0,0.0,0.0,2.0,0.0,0.22,0.0,0.22,0.22,0.22,4.6,1.0,17.0,4.0,23.5,3.7,0.87,0.06,0.25,0.0,0.0,30.0,13.5,2,90.0,2,12,20.0,3,1.21,5.0,10.0,-5.0,-1.09,-0.71,0.0,17.0,14.0,5.0,3.0,1.0,2.0,,,0.0,,,,,,,,,,,,,,,
GER-Bundesliga,2526,Augsburg,Tim Schnitzer,GER,MF,17.0,2008.0,1.0,0.0,6.0,0.1,0.0,0.0,0.0,0.0,0.0,0.0,0.0,0.0,0.0,0.0,0.0,0.0,0.0,0.1,0.0,0.0,0.0,,0.0,0.0,,,0.0,0.0,6.0,0.2,0,,0,1,6.0,1,0.0,0.0,1.0,-1.0,-15.0,-14.56,0.0,0.0,0.0,0.0,0.0,0.0,0.0,,,0.0,,,,,,,,,,,,,,,
GER-Bundesliga,2526,Augsburg,Uchenna Ogundu,NGA,FW,19.0,2006.0,5.0,0.0,47.0,0.5,0.0,0.0,0.0,0.0,0.0,0.0,0.0,0.0,0.0,0.0,0.0,0.0,0.0,0.5,0.0,3.0,0.0,0.0,5.74,0.0,0.0,,0.0,0.0,9.0,1.5,0,,0,5,9.0,5,1.4,3.0,1.0,2.0,3.83,4.37,0.0,1.0,1.0,0.0,1.0,0.0,0.0,,,0.0,,,,,,,,,,,,,,,
GER-Bundesliga,2526,Augsburg,Yannik Keitel,GER,"MF,DF",25.0,2000.0,6.0,2.0,248.0,2.8,0.0,0.0,0.0,0.0,0.0,0.0,2.0,0.0,0.0,0.0,0.0,0.0,0.0,2.8,0.0,0.0,0.0,,0.0,0.0,,,0.0,0.0,41.0,8.1,2,58.0,0,4,33.0,4,2.17,8.0,6.0,2.0,0.73,1.3,0.0,3.0,2.0,0.0,0.0,2.0,4.0,,,0.0,,,,,,,,,,,,,,,
GER-Bundesliga,2526,Bayern Munich,Aleksandar Pavlovic,GER,MF,21.0,2004.0,24.0,16.0,1462.0,16.2,3.0,1.0,4.0,3.0,0.0,0.0,2.0,0.0,0.18,0.06,0.25,0.18,0.25,16.2,3.0,10.0,5.0,50.0,0.62,0.31,0.3,0.6,0.0,0.0,61.0,47.8,16,79.0,8,8,26.0,8,2.46,56.0,26.0,30.0,1.85,-1.31,0.0,19.0,10.0,0.0,15.0,13.0,15.0,,,0.0,,,,,,,,,,,,,,,
GER-Bundesliga,2526,Bayern Munich,Alphonso Davies,CAN,DF,24.0,2000.0,13.0,6.0,525.0,5.8,1.0,3.0,4.0,1.0,0.0,0.0,1.0,0.0,0.17,0.51,0.69,0.17,0.69,5.8,1.0,4.0,1.0,25.0,0.69,0.17,0.25,1.0,0.0,0.0,40.0,17.2,6,66.0,1,7,19.0,0,2.31,26.0,8.0,18.0,3.09,0.67,0.0,2.0,5.0,0.0,6.0,3.0,6.0,,,0.0,,,,,,,,,,,,,,,
GER-Bundesliga,2526,Bayern Munich,Bara Sapoko Ndiaye,SEN,MF,17.0,2007.0,4.0,2.0,143.0,1.6,0.0,0.0,0.0,0.0,0.0,0.0,0.0,0.0,0.0,0.0,0.0,0.0,0.0,1.6,0.0,0.0,0.0,,0.0,0.0,,,0.0,0.0,36.0,4.7,2,61.0,0,2,11.0,2,2.5,4.0,6.0,-2.0,-1.26,-3.97,0.0,1.0,3.0,0.0,1.0,2.0,5.0,,,0.0,,,,,,,,,,,,,,,
GER-Bundesliga,2526,Bayern Munich,Cassiano Kiala,GER,DF,16.0,2009.0,1.0,0.0,1.0,0.0,0.0,0.0,0.0,0.0,0.0,0.0,0.0,0.0,0.0,0.0,0.0,0.0,0.0,0.0,0.0,0.0,0.0,,0.0,0.0,,,0.0,0.0,1.0,0.0,0,,0,1,1.0,8,3.0,1.0,0.0,1.0,90.0,87.5,0.0,0.0,0.0,0.0,0.0,0.0,0.0,,,0.0,,,,,,,,,,,,,,,
GER-Bundesliga,2526,Bayern Munich,David Daiber,POR,FW,18.0,2007.0,2.0,0.0,29.0,0.3,0.0,0.0,0.0,0.0,0.0,0.0,0.0,0.0,0.0,0.0,0.0,0.0,0.0,0.3,0.0,1.0,0.0,0.0,3.1,0.0,0.0,,0.0,0.0,15.0,0.9,0,,0,2,15.0,6,3.0,2.0,1.0,1.0,3.1,0.58,0.0,2.0,0.0,0.0,0.0,0.0,0.0,,,0.0,,,,,,,,,,,,,,,
GER-Bundesliga,2526,Bayern Munich,Dayot Upamecano,FRA,DF,26.0,1998.0,24.0,21.0,1794.0,19.9,1.0,1.0,2.0,1.0,0.0,0.0,4.0,0.0,0.05,0.05,0.1,0.05,0.1,19.9,1.0,8.0,2.0,25.0,0.4,0.1,0.13,0.5,0.0,0.0,75.0,58.6,21,81.0,13,3,30.0,7,2.75,77.0,19.0,58.0,2.91,0.92,0.0,15.0,5.0,0.0,7.0,21.0,26.0,,,0.0,,,,,,,,,,,,,,,
GER-Bundesliga,2526,Bayern Munich,Deniz Ofli,TUR,DF,18.0,2007.0,1.0,0.0,6.0,0.1,0.0,0.0,0.0,0.0,0.0,0.0,0.0,0.0,0.0,0.0,0.0,0.0,0.0,0.1,0.0,0.0,0.0,,0.0,0.0,,,0.0,0.0,6.0,0.2,0,,0,1,6.0,4,3.0,0.0,1.0,-1.0,-15.0,-17.56,0.0,0.0,0.0,0.0,0.0,0.0,0.0,,,0.0,,,,,,,,,,,,,,,
GER-Bundesliga,2526,Bayern Munich,Erblin Osmani,GER,MF,16.0,2009.0,1.0,0.0,4.0,0.0,0.0,0.0,0.0,0.0,0.0,0.0,0.0,0.0,0.0,0.0,0.0,0.0,0.0,0.0,0.0,0.0,0.0,,0.0,0.0,,,0.0,0.0,4.0,0.1,0,,0,1,4.0,0,3.0,0.0,0.0,0.0,0.0,-2.53,0.0,0.0,0.0,0.0,0.0,1.0,0.0,,,0.0,,,,,,,,,,,,,,,
GER-Bundesliga,2526,Bayern Munich,Felipe Chávez,PER,MF,18.0,2007.0,2.0,0.0,14.0,0.2,0.0,0.0,0.0,0.0,0.0,0.0,0.0,0.0,0.0,0.0,0.0,0.0,0.0,0.2,0.0,1.0,0.0,0.0,6.43,0.0,0.0,,0.0,0.0,7.0,0.5,0,,0,2,7.0,3,1.5,1.0,0.0,1.0,6.43,3.92,0.0,0.0,0.0,0.0,1.0,0.0,0.0,,,0.0,,,,,,,,,,,,,,,
GER-Bundesliga,2526,Bayern Munich,Harry Kane,ENG,"FW,MF",32.0,1993.0,31.0,25.0,2377.0,26.4,36.0,5.0,41.0,26.0,10.0,11.0,1.0,0.0,1.36,0.19,1.55,0.98,1.17,26.4,36.0,119.0,67.0,56.3,4.51,2.54,0.3,0.54,10.0,11.0,77.0,77.7,25,86.0,17,6,38.0,1,2.58,98.0,26.0,72.0,2.73,0.88,0.0,25.0,32.0,20.0,12.0,8.0,13.0,,,0.0,,,,,,,,,,,,,,,
GER-Bundesliga,2526,Bayern Munich,Hiroki Ito,JPN,DF,26.0,1999.0,16.0,10.0,920.0,10.2,1.0,2.0,3.0,1.0,0.0,0.0,0.0,0.0,0.1,0.2,0.29,0.1,0.29,10.2,1.0,10.0,3.0,30.0,0.98,0.29,0.1,0.33,0.0,0.0,58.0,30.1,10,80.0,3,6,20.0,5,2.56,32.0,14.0,18.0,1.76,-1.1,0.0,10.0,3.0,0.0,7.0,13.0,3.0,,,0.0,,,,,,,,,,,,,,,
GER-Bundesliga,2526,Bayern Munich,Jamal Musiala,GER,"MF,FW",22.0,2003.0,15.0,7.0,683.0,7.6,3.0,4.0,7.0,2.0,1.0,1.0,1.0,0.0,0.4,0.53,0.92,0.26,0.79,7.6,3.0,30.0,9.0,30.0,3.95,1.19,0.1,0.33,1.0,1.0,46.0,22.3,7,69.0,1,8,25.0,0,2.53,31.0,10.0,21.0,2.77,0.31,0.0,5.0,18.0,0.0,4.0,3.0,5.0,,,0.0,,,,,,,,,,,,,,,
GER-Bundesliga,2526,Bayern Munich,Jonah Kusi-Asare,SWE,FW,18.0,2007.0,1.0,0.0,5.0,0.1,0.0,0.0,0.0,0.0,0.0,0.0,0.0,0.0,0.0,0.0,0.0,0.0,0.0,0.1,0.0,0.0,0.0,,0.0,0.0,,,0.0,0.0,5.0,0.2,0,,0,1,5.0,1,3.0,0.0,0.0,0.0,0.0,-2.53,0.0,1.0,0.0,0.0,0.0,0.0,0.0,,,0.0,,,,,,,,,,,,,,,
GER-Bundesliga,2526,Bayern Munich,Jonas Urbig,GER,GK,21.0,2003.0,14.0,11.0,1111.0,12.3,0.0,0.0,0.0,0.0,0.0,0.0,0.0,0.0,0.0,0.0,0.0,0.0,0.0,12.3,0.0,0.0,0.0,,0.0,0.0,,,0.0,0.0,79.0,36.3,11,90.0,11,3,40.0,17,2.64,40.0,15.0,25.0,2.03,-0.79,0.0,0.0,2.0,0.0,0.0,0.0,0.0,,,0.0,15.0,1.22,47.0,32.0,68.1,9.0,1.0,1.0,6.0,54.5,2.0,1.0,0.0,1.0,0.0
GER-Bundesliga,2526,Bayern Munich,Jonathan Tah,GER,DF,29.0,1996.0,28.0,23.0,2018.0,22.4,2.0,1.0,3.0,2.0,0.0,0.0,7.0,0.0,0.09,0.04,0.13,0.09,0.13,22.4,2.0,8.0,5.0,62.5,0.36,0.22,0.25,0.4,0.0,0.0,72.0,65.9,23,85.0,18,5,14.0,5,2.61,79.0,23.0,56.0,2.5,-0.09,0.0,26.0,6.0,0.0,1.0,25.0,18.0,,,0.0,,,,,,,,,,,,,,,
GER-Bundesliga,2526,Bayern Munich,Joshua Kimmich,GER,MF,30.0,1995.0,29.0,24.0,2280.0,25.3,2.0,8.0,10.0,2.0,0.0,0.0,4.0,0.0,0.08,0.32,0.39,0.08,0.39,25.3,2.0,28.0,10.0,35.7,1.11,0.39,0.07,0.2,0.0,0.0,79.0,74.5,24,88.0,19,5,36.0,1,2.55,89.0,25.0,64.0,2.53,-0.01,0.0,8.0,21.0,0.0,126.0,24.0,26.0,,,0.0,,,,,,,,,,,,,,,
GER-Bundesliga,2526,Bayern Munich,Josip Stanišić,CRO,DF,25.0,2000.0,26.0,19.0,1857.0,20.6,2.0,3.0,5.0,2.0,0.0,0.0,1.0,0.0,0.1,0.15,0.24,0.1,0.24,20.6,2.0,7.0,4.0,57.1,0.34,0.19,0.29,0.5,0.0,0.0,71.0,60.7,19,86.0,15,7,32.0,1,2.62,78.0,23.0,55.0,2.67,0.35,0.0,8.0,11.0,4.0,36.0,18.0,21.0,,,0.0,,,,,,,,,,,,,,,
GER-Bundesliga,2526,Bayern Munich,Kim Min-jae,KOR,DF,28.0,1996.0,25.0,19.0,1602.0,17.8,1.0,1.0,2.0,1.0,0.0,0.0,1.0,0.0,0.06,0.06,0.11,0.06,0.11,17.8,1.0,5.0,3.0,60.0,0.28,0.17,0.2,0.33,0.0,0.0,64.0,52.4,19,82.0,11,6,8.0,5,2.56,57.0,21.0,36.0,2.02,-1.06,0.0,9.0,3.0,0.0,1.0,38.0,19.0,,,0.0,,,,,,,,,,,,,,,
GER-Bundesliga,2526,Bayern Munich,Konrad Laimer,AUT,DF,28.0,1997.0,29.0,22.0,1994.0,22.2,3.0,9.0,12.0,3.0,0.0,0.0,9.0,0.0,0.14,0.41,0.54,0.14,0.54,22.2,3.0,17.0,8.0,47.1,0.77,0.36,0.18,0.38,0.0,0.0,69.0,65.2,22,80.0,12,7,34.0,0,2.72,86.0,20.0,66.0,2.98,1.29,0.0,29.0,9.0,4.0,38.0,17.0,25.0,,,0.0,,,,,,,,,,,,,,,
GER-Bundesliga,2526,Bayern Munich,Lennart Karl,GER,MF,17.0,2008.0,26.0,16.0,1281.0,14.2,5.0,5.0,10.0,5.0,0.0,0.0,1.0,0.0,0.35,0.35,0.7,0.35,0.7,14.2,5.0,42.0,21.0,50.0,2.95,1.48,0.12,0.24,0.0,0.0,49.0,41.9,16,67.0,4,10,21.0,4,2.58,50.0,14.0,36.0,2.53,0.0,0.0,5.0,11.0,4.0,29.0,11.0,15.0,,,0.0,,,,,,,,,,,,,,,
GER-Bundesliga,2526,Bayern Munich,Leon Goretzka,GER,MF,30.0,1995.0,31.0,25.0,1947.0,21.6,5.0,3.0,8.0,5.0,0.0,0.0,4.0,0.0,0.23,0.14,0.37,0.23,0.37,21.6,5.0,35.0,11.0,31.4,1.62,0.51,0.14,0.45,0.0,0.0,63.0,63.6,25,74.0,10,6,18.0,3,2.65,72.0,20.0,52.0,2.4,-0.35,0.0,15.0,16.0,2.0,7.0,26.0,19.0,,,0.0,,,,,,,,,,,,,,,
GER-Bundesliga,2526,Bayern Munich,Luis Díaz,COL,MF,28.0,1997.0,32.0,27.0,2447.0,27.2,15.0,14.0,29.0,15.0,0.0,0.0,7.0,1.0,0.55,0.51,1.07,0.55,1.07,27.2,15.0,88.0,37.0,42.0,3.24,1.36,0.17,0.41,0.0,0.0,76.0,80.0,27,84.0,19,5,37.0,0,2.66,98.0,29.0,69.0,2.54,0.04,1.0,35.0,38.0,26.0,45.0,17.0,13.0,,,0.0,,,,,,,,,,,,,,,
GER-Bundesliga,2526,Bayern Munich,Manuel Neuer,GER,GK,39.0,1986.0,22.0,22.0,1859.0,20.7,0.0,0.0,0.0,0.0,0.0,0.0,0.0,0.0,0.0,0.0,0.0,0.0,0.0,20.7,0.0,0.0,0.0,,0.0,0.0,,,0.0,0.0,85.0,60.8,22,85.0,19,0,,7,2.73,81.0,20.0,61.0,2.95,1.08,0.0,0.0,2.0,0.0,0.0,0.0,0.0,,,0.0,20.0,0.97,51.0,31.0,60.8,19.0,3.0,0.0,7.0,31.8,1.0,1.0,0.0,0.0,0.0
GER-Bundesliga,2526,Bayern Munich,Maycon Cardozo,BRA,MF,16.0,2008.0,2.0,0.0,34.0,0.4,0.0,0.0,0.0,0.0,0.0,0.0,0.0,0.0,0.0,0.0,0.0,0.0,0.0,0.4,0.0,0.0,0.0,,0.0,0.0,,,0.0,0.0,17.0,1.1,0,,0,2,17.0,2,3.0,1.0,1.0,0.0,0.0,-2.56,0.0,0.0,2.0,0.0,1.0,0.0,0.0,,,0.0,,,,,,,,,,,,,,,
GER-Bundesliga,2526,Bayern Munich,Michael Olise,FRA,MF,23.0,2001.0,32.0,23.0,2316.0,25.7,15.0,19.0,34.0,15.0,0.0,0.0,8.0,0.0,0.58,0.74,1.32,0.58,1.32,25.7,15.0,102.0,50.0,49.0,3.96,1.94,0.15,0.3,0.0,0.0,72.0,75.7,23,86.0,14,9,38.0,1,2.59,94.0,25.0,69.0,2.68,0.62,0.0,32.0,58.0,7.0,146.0,14.0,11.0,,,0.0,,,,,,,,,,,,,,,
GER-Bundesliga,2526,Bayern Munich,Nicolas Jackson,SEN,FW,24.0,2001.0,23.0,12.0,1007.0,11.2,8.0,1.0,9.0,8.0,0.0,0.0,2.0,1.0,0.71,0.09,0.8,0.71,0.8,11.2,8.0,38.0,21.0,55.3,3.4,1.88,0.21,0.38,0.0,0.0,44.0,32.9,12,71.0,5,11,15.0,3,2.52,37.0,11.0,26.0,2.32,-0.31,0.0,15.0,10.0,8.0,7.0,4.0,4.0,,,0.0,,,,,,,,,,,,,,,
GER-Bundesliga,2526,Bayern Munich,Raphaël Guerreiro,POR,MF,31.0,1993.0,18.0,8.0,784.0,8.7,5.0,2.0,7.0,5.0,0.0,0.0,0.0,0.0,0.57,0.23,0.8,0.57,0.8,8.7,5.0,12.0,5.0,41.7,1.38,0.57,0.42,1.0,0.0,0.0,44.0,25.6,8,69.0,1,10,24.0,11,3.0,31.0,7.0,24.0,2.76,0.3,0.0,3.0,2.0,1.0,5.0,1.0,7.0,,,0.0,,,,,,,,,,,,,,,
GER-Bundesliga,2526,Bayern Munich,Sacha Boey,FRA,DF,24.0,2000.0,9.0,5.0,463.0,5.1,0.0,0.0,0.0,0.0,0.0,0.0,1.0,0.0,0.0,0.0,0.0,0.0,0.0,5.1,0.0,6.0,0.0,0.0,1.17,0.0,0.0,,0.0,0.0,51.0,15.1,5,78.0,1,4,18.0,4,3.0,14.0,3.0,11.0,2.14,-0.46,0.0,10.0,8.0,0.0,6.0,7.0,4.0,,,0.0,,,,,,,,,,,,,,,
GER-Bundesliga,2526,Bayern Munich,Serge Gnabry,GER,MF,30.0,1995.0,21.0,16.0,1219.0,13.5,8.0,6.0,14.0,8.0,0.0,0.0,1.0,0.0,0.59,0.44,1.03,0.59,1.03,13.5,8.0,50.0,17.0,34.0,3.69,1.26,0.16,0.47,0.0,0.0,58.0,39.8,16,68.0,1,5,26.0,4,2.71,48.0,14.0,34.0,2.51,-0.03,0.0,9.0,6.0,6.0,21.0,4.0,10.0,,,0.0,,,,,,,,,,,,,,,
GER-Bundesliga,2526,Bayern Munich,Sven Ulreich,GER,GK,36.0,1988.0,1.0,1.0,90.0,1.0,0.0,0.0,0.0,0.0,0.0,0.0,1.0,0.0,0.0,0.0,0.0,0.0,0.0,1.0,0.0,0.0,0.0,,0.0,0.0,,,0.0,0.0,90.0,2.9,1,90.0,1,0,,11,1.0,1.0,1.0,0.0,0.0,-2.61,0.0,0.0,1.0,0.0,0.0,0.0,0.0,,,0.0,1.0,1.0,7.0,6.0,85.7,0.0,1.0,0.0,0.0,0.0,0.0,0.0,0.0,0.0,
GER-Bundesliga,2526,Bayern Munich,Tom Bischof,GER,"DF,MF",20.0,2005.0,26.0,14.0,1302.0,14.5,3.0,3.0,6.0,3.0,0.0,0.0,2.0,0.0,0.21,0.21,0.41,0.21,0.41,14.5,3.0,30.0,9.0,30.0,2.07,0.62,0.1,0.33,0.0,0.0,50.0,42.5,14,83.0,10,12,11.0,3,2.65,53.0,13.0,40.0,2.76,0.41,0.0,15.0,9.0,1.0,26.0,15.0,18.0,,,0.0,,,,,,,,,,,,,,,
GER-Bundesliga,2526,Bayern Munich,Wisdom Mike,GER,FW,16.0,2008.0,4.0,0.0,30.0,0.3,0.0,0.0,0.0,0.0,0.0,0.0,0.0,0.0,0.0,0.0,0.0,0.0,0.0,0.3,0.0,2.0,1.0,50.0,6.0,3.0,0.0,0.0,0.0,0.0,8.0,1.0,0,,0,4,8.0,9,3.0,4.0,0.0,4.0,12.0,9.56,0.0,0.0,0.0,0.0,1.0,1.0,0.0,,,0.0,,,,,,,,,,,,,,,
GER-Bundesliga,2526,Dortmund,Aaron Anselmino,ARG,DF,20.0,2005.0,6.0,4.0,368.0,4.1,1.0,0.0,1.0,1.0,0.0,0.0,0.0,0.0,0.24,0.0,0.24,0.24,0.24,4.1,1.0,1.0,1.0,100.0,0.24,0.24,1.0,1.0,0.0,0.0,61.0,12.0,4,86.0,3,2,12.0,2,2.67,8.0,2.0,6.0,1.47,0.46,0.0,6.0,3.0,0.0,2.0,7.0,8.0,,,0.0,,,,,,,,,,,,,,,
GER-Bundesliga,2526,Dortmund,Almugera Kabar,GER,DF,19.0,2006.0,1.0,0.0,16.0,0.2,0.0,0.0,0.0,0.0,0.0,0.0,0.0,0.0,0.0,0.0,0.0,0.0,0.0,0.2,0.0,1.0,0.0,0.0,5.63,0.0,0.0,,0.0,0.0,16.0,0.5,0,,0,1,16.0,3,0.0,0.0,0.0,0.0,0.0,-1.06,0.0,0.0,0.0,0.0,2.0,0.0,1.0,,,0.0,,,,,,,,,,,,,,,
GER-Bundesliga,2526,Dortmund,Carney Chukwuemeka,AUT,"MF,FW",21.0,2003.0,28.0,8.0,919.0,10.2,2.0,0.0,2.0,2.0,0.0,0.0,2.0,0.0,0.2,0.0,0.2,0.2,0.2,10.2,2.0,18.0,2.0,11.1,1.76,0.2,0.11,1.0,0.0,0.0,33.0,30.0,8,73.0,1,20,17.0,3,2.32,21.0,7.0,14.0,1.37,0.45,0.0,11.0,15.0,0.0,1.0,6.0,15.0,,,0.0,,,,,,,,,,,,,,,
GER-Bundesliga,2526,Dortmund,Cole Campbell,USA,FW,19.0,2006.0,1.0,0.0,17.0,0.2,0.0,0.0,0.0,0.0,0.0,0.0,0.0,0.0,0.0,0.0,0.0,0.0,0.0,0.2,0.0,1.0,0.0,0.0,5.29,0.0,0.0,,0.0,0.0,17.0,0.6,0,,0,1,17.0,4,3.0,0.0,0.0,0.0,0.0,-1.06,0.0,0.0,0.0,0.0,1.0,0.0,0.0,,,0.0,,,,,,,,,,,,,,,
GER-Bundesliga,2526,Dortmund,Daniel Svensson,SWE,MF,23.0,2002.0,33.0,27.0,2454.0,27.3,2.0,2.0,4.0,2.0,0.0,0.0,0.0,0.0,0.07,0.07,0.15,0.07,0.15,27.3,2.0,12.0,4.0,33.3,0.44,0.15,0.17,0.5,0.0,0.0,74.0,80.2,27,86.0,22,6,22.0,1,2.12,54.0,28.0,26.0,0.95,-0.53,0.0,28.0,22.0,2.0,129.0,20.0,26.0,,,0.0,,,,,,,,,,,,,,,
GER-Bundesliga,2526,Dortmund,Emre Can,GER,DF,31.0,1994.0,9.0,7.0,621.0,6.9,3.0,0.0,3.0,0.0,3.0,3.0,3.0,0.0,0.43,0.0,0.43,0.0,0.0,6.9,3.0,5.0,4.0,80.0,0.72,0.58,0.6,0.75,3.0,3.0,69.0,20.3,7,80.0,4,2,30.0,3,1.78,16.0,8.0,8.0,1.16,0.13,0.0,10.0,10.0,0.0,2.0,13.0,8.0,,,0.0,,,,,,,,,,,,,,,
GER-Bundesliga,2526,Dortmund,Felix Nmecha,GER,MF,24.0,2000.0,29.0,25.0,2176.0,24.2,2.0,3.0,5.0,2.0,0.0,1.0,0.0,0.0,0.08,0.12,0.21,0.08,0.21,24.2,2.0,33.0,7.0,21.2,1.36,0.29,0.06,0.29,0.0,1.0,75.0,71.1,25,83.0,8,4,23.0,0,2.31,51.0,28.0,23.0,0.95,-0.37,0.0,28.0,22.0,2.0,7.0,25.0,23.0,,,0.0,,,,,,,,,,,,,,,
GER-Bundesliga,2526,Dortmund,Filippo Mane,ITA,DF,20.0,2005.0,4.0,2.0,131.0,1.5,0.0,0.0,0.0,0.0,0.0,0.0,0.0,1.0,0.0,0.0,0.0,0.0,0.0,1.5,0.0,0.0,0.0,,0.0,0.0,,,0.0,0.0,33.0,4.3,2,65.0,0,2,1.0,8,2.5,4.0,2.0,2.0,1.37,0.33,0.0,1.0,2.0,0.0,1.0,2.0,0.0,,,0.0,,,,,,,,,,,,,,,
GER-Bundesliga,2526,Dortmund,Fábio Silva,POR,"FW,MF",23.0,2002.0,28.0,7.0,817.0,9.1,2.0,6.0,8.0,2.0,0.0,0.0,3.0,0.0,0.22,0.66,0.88,0.22,0.88,9.1,2.0,23.0,8.0,34.8,2.53,0.88,0.09,0.25,0.0,0.0,29.0,26.7,7,68.0,0,21,16.0,2,2.11,24.0,10.0,14.0,1.54,0.66,0.0,19.0,10.0,3.0,12.0,2.0,2.0,,,0.0,,,,,,,,,,,,,,,
GER-Bundesliga,2526,Dortmund,Gregor Kobel,SUI,GK,27.0,1997.0,34.0,34.0,3060.0,34.0,0.0,0.0,0.0,0.0,0.0,0.0,3.0,0.0,0.0,0.0,0.0,0.0,0.0,34.0,0.0,0.0,0.0,,0.0,0.0,,,0.0,0.0,90.0,100.0,34,90.0,34,0,,0,2.15,70.0,34.0,36.0,1.06,,0.0,0.0,5.0,0.0,0.0,0.0,0.0,,,0.0,34.0,1.0,122.0,88.0,72.1,22.0,7.0,5.0,15.0,44.1,5.0,5.0,0.0,0.0,0.0
GER-Bundesliga,2526,Dortmund,Jobe Bellingham,ENG,MF,19.0,2005.0,32.0,20.0,1786.0,19.8,0.0,1.0,1.0,0.0,0.0,0.0,2.0,1.0,0.0,0.05,0.05,0.0,0.05,19.8,0.0,19.0,6.0,31.6,0.96,0.3,0.0,0.0,0.0,0.0,56.0,58.4,20,80.0,11,12,15.0,0,2.16,44.0,20.0,24.0,1.21,0.36,0.0,15.0,20.0,0.0,5.0,41.0,23.0,,,0.0,,,,,,,,,,,,,,,
GER-Bundesliga,2526,Dortmund,Julian Brandt,GER,"MF,FW",29.0,1996.0,29.0,17.0,1606.0,17.8,7.0,4.0,11.0,7.0,0.0,0.0,0.0,0.0,0.39,0.22,0.62,0.39,0.62,17.8,7.0,38.0,18.0,47.4,2.13,1.01,0.18,0.39,0.0,0.0,55.0,52.5,17,83.0,5,12,17.0,3,2.14,42.0,18.0,24.0,1.34,0.6,0.0,8.0,5.0,7.0,25.0,5.0,8.0,,,0.0,,,,,,,,,,,,,,,
GER-Bundesliga,2526,Dortmund,Julian Ryerson,NOR,MF,27.0,1997.0,31.0,26.0,2266.0,25.2,0.0,15.0,15.0,0.0,0.0,0.0,8.0,0.0,0.0,0.6,0.6,0.0,0.6,25.2,0.0,12.0,1.0,8.3,0.48,0.04,0.0,0.0,0.0,0.0,73.0,74.1,26,84.0,15,5,17.0,2,2.23,48.0,21.0,27.0,1.07,0.05,0.0,26.0,21.0,4.0,250.0,12.0,21.0,,,0.0,,,,,,,,,,,,,,,
GER-Bundesliga,2526,Dortmund,Karim Adeyemi,GER,"MF,FW",23.0,2002.0,28.0,15.0,1195.0,13.3,7.0,4.0,11.0,7.0,0.0,0.0,5.0,0.0,0.53,0.3,0.83,0.53,0.83,13.3,7.0,31.0,14.0,45.2,2.33,1.05,0.23,0.5,0.0,0.0,43.0,39.1,15,69.0,0,13,12.0,1,2.29,27.0,14.0,13.0,0.98,-0.13,0.0,21.0,25.0,5.0,11.0,8.0,4.0,,,0.0,,,,,,,,,,,,,,,
GER-Bundesliga,2526,Dortmund,Luca Reggiani,ITA,DF,17.0,2008.0,8.0,6.0,511.0,5.7,1.0,0.0,1.0,1.0,0.0,0.0,2.0,0.0,0.18,0.0,0.18,0.18,0.18,5.7,1.0,3.0,1.0,33.3,0.53,0.18,0.33,1.0,0.0,0.0,64.0,16.7,6,78.0,3,2,23.0,5,2.38,9.0,7.0,2.0,0.35,-0.85,0.0,4.0,2.0,0.0,1.0,2.0,10.0,,,0.0,,,,,,,,,,,,,,,
GER-Bundesliga,2526,Dortmund,Marcel Sabitzer,AUT,MF,31.0,1994.0,26.0,21.0,1817.0,20.2,1.0,2.0,3.0,1.0,0.0,0.0,3.0,0.0,0.05,0.1,0.15,0.05,0.15,20.2,1.0,20.0,4.0,20.0,0.99,0.2,0.05,0.25,0.0,0.0,70.0,59.4,21,83.0,11,5,16.0,3,2.04,39.0,22.0,17.0,0.84,-0.53,0.0,20.0,17.0,3.0,37.0,20.0,19.0,,,0.0,,,,,,,,,,,,,,,
GER-Bundesliga,2526,Dortmund,Mathis Albert,USA,FW,16.0,2009.0,1.0,0.0,2.0,0.0,0.0,0.0,0.0,0.0,0.0,0.0,0.0,0.0,0.0,0.0,0.0,0.0,0.0,0.0,0.0,0.0,0.0,,0.0,0.0,,,0.0,0.0,2.0,0.1,0,,0,1,2.0,4,3.0,0.0,0.0,0.0,0.0,-1.06,0.0,1.0,0.0,0.0,1.0,0.0,1.0,,,0.0,,,,,,,,,,,,,,,
GER-Bundesliga,2526,Dortmund,Maximilian Beier,GER,"MF,FW",22.0,2002.0,32.0,24.0,2026.0,22.5,9.0,6.0,15.0,9.0,0.0,0.0,3.0,0.0,0.4,0.27,0.67,0.4,0.67,22.5,9.0,50.0,20.0,40.0,2.22,0.89,0.18,0.45,0.0,0.0,63.0,66.2,24,77.0,4,8,23.0,1,2.16,48.0,18.0,30.0,1.33,0.81,0.0,31.0,24.0,3.0,28.0,11.0,16.0,,,0.0,,,,,,,,,,,,,,,
GER-Bundesliga,2526,Dortmund,Nico Schlotterbeck,GER,DF,25.0,1999.0,28.0,28.0,2520.0,28.0,5.0,1.0,6.0,5.0,0.0,0.0,8.0,0.0,0.18,0.04,0.21,0.18,0.21,28.0,5.0,32.0,9.0,28.1,1.14,0.32,0.16,0.56,0.0,0.0,90.0,82.4,28,90.0,28,0,,0,2.11,55.0,29.0,26.0,0.93,-0.74,0.0,30.0,27.0,1.0,31.0,24.0,38.0,,,0.0,,,,,,,,,,,,,,,
GER-Bundesliga,2526,Dortmund,Niklas Süle,GER,DF,29.0,1995.0,11.0,7.0,486.0,5.4,0.0,1.0,1.0,0.0,0.0,0.0,3.0,0.0,0.0,0.19,0.19,0.0,0.19,5.4,0.0,2.0,1.0,50.0,0.37,0.19,0.0,0.0,0.0,0.0,44.0,15.9,7,61.0,1,4,15.0,9,2.09,12.0,7.0,5.0,0.93,-0.16,0.0,8.0,1.0,0.0,6.0,6.0,5.0,,,0.0,,,,,,,,,,,,,,,
GER-Bundesliga,2526,Dortmund,Pascal Groß,GER,MF,34.0,1991.0,11.0,7.0,613.0,6.8,0.0,1.0,1.0,0.0,0.0,0.0,0.0,0.0,0.0,0.15,0.15,0.0,0.15,6.8,0.0,8.0,1.0,12.5,1.17,0.15,0.0,0.0,0.0,0.0,56.0,20.0,7,78.0,1,4,16.0,4,2.0,9.0,5.0,4.0,0.59,-0.59,0.0,10.0,4.0,0.0,23.0,5.0,6.0,,,0.0,,,,,,,,,,,,,,,
GER-Bundesliga,2526,Dortmund,Ramy Bensebaini,ALG,DF,30.0,1995.0,21.0,15.0,1530.0,17.0,5.0,2.0,7.0,3.0,2.0,2.0,6.0,0.0,0.29,0.12,0.41,0.18,0.29,17.0,5.0,17.0,7.0,41.2,1.0,0.41,0.29,0.71,2.0,2.0,73.0,50.0,15,89.0,14,6,32.0,4,2.05,35.0,13.0,22.0,1.29,0.47,0.0,31.0,16.0,1.0,11.0,18.0,14.0,,,0.0,,,,,,,,,,,,,,,
GER-Bundesliga,2526,Dortmund,Salih Özcan,TUR,MF,27.0,1998.0,11.0,0.0,81.0,0.9,0.0,0.0,0.0,0.0,0.0,0.0,0.0,0.0,0.0,0.0,0.0,0.0,0.0,0.9,0.0,1.0,0.0,0.0,1.11,0.0,0.0,,0.0,0.0,7.0,2.6,0,,0,11,7.0,18,2.27,1.0,3.0,-2.0,-2.22,-3.37,0.0,1.0,1.0,0.0,2.0,0.0,2.0,,,0.0,,,,,,,,,,,,,,,
GER-Bundesliga,2526,Dortmund,Samuele Inácio,ITA,MF,17.0,2008.0,7.0,4.0,384.0,4.3,1.0,0.0,1.0,1.0,0.0,0.0,2.0,0.0,0.23,0.0,0.23,0.23,0.23,4.3,1.0,9.0,5.0,55.6,2.11,1.17,0.11,0.2,0.0,0.0,55.0,12.5,4,80.0,2,3,21.0,6,1.29,9.0,5.0,4.0,0.94,-0.14,0.0,7.0,10.0,0.0,11.0,2.0,2.0,,,0.0,,,,,,,,,,,,,,,
GER-Bundesliga,2526,Dortmund,Serhou Guirassy,GUI,FW,29.0,1996.0,33.0,27.0,2337.0,26.0,17.0,1.0,18.0,16.0,1.0,3.0,3.0,0.0,0.65,0.04,0.69,0.62,0.65,26.0,17.0,84.0,40.0,47.6,3.23,1.54,0.2,0.43,1.0,3.0,71.0,76.4,27,81.0,9,6,24.0,1,2.12,52.0,22.0,30.0,1.16,0.41,0.0,37.0,36.0,7.0,4.0,0.0,1.0,,,0.0,,,,,,,,,,,,,,,
GER-Bundesliga,2526,Dortmund,Waldemar Anton,GER,DF,29.0,1996.0,32.0,32.0,2880.0,32.0,2.0,0.0,2.0,2.0,0.0,0.0,3.0,0.0,0.06,0.0,0.06,0.06,0.06,32.0,2.0,16.0,6.0,37.5,0.5,0.19,0.13,0.33,0.0,0.0,90.0,94.1,32,90.0,32,0,,0,2.16,67.0,33.0,34.0,1.06,0.06,0.0,26.0,16.0,0.0,12.0,33.0,42.0,,,0.0,,,,,,,,,,,,,,,
GER-Bundesliga,2526,Dortmund,Yan Couto,BRA,MF,23.0,2002.0,19.0,11.0,997.0,11.1,2.0,2.0,4.0,2.0,0.0,0.0,4.0,0.0,0.18,0.18,0.36,0.18,0.36,11.1,2.0,9.0,4.0,44.4,0.81,0.36,0.22,0.5,0.0,0.0,52.0,32.6,11,80.0,5,8,14.0,13,2.26,25.0,14.0,11.0,0.99,-0.1,0.0,17.0,13.0,2.0,54.0,9.0,15.0,,,0.0,,,,,,,,,,,,,,,
GER-Bundesliga,2526,Frankfurt,Ansgar Knauff,GER,"MF,FW",23.0,2002.0,28.0,12.0,1326.0,14.7,4.0,1.0,5.0,4.0,0.0,0.0,3.0,0.0,0.27,0.07,0.34,0.27,0.34,14.7,4.0,34.0,14.0,41.2,2.31,0.95,0.12,0.29,0.0,0.0,47.0,43.3,12,75.0,1,16,27.0,0,1.29,29.0,26.0,3.0,0.2,0.57,0.0,26.0,12.0,7.0,39.0,9.0,10.0,,,0.0,,,,,,,,,,,,,,,
GER-Bundesliga,2526,Frankfurt,Arnaud Kalimuendo,FRA,"FW,MF",23.0,2002.0,19.0,17.0,1417.0,15.7,6.0,1.0,7.0,6.0,0.0,0.0,4.0,0.0,0.38,0.06,0.44,0.38,0.44,15.7,6.0,30.0,16.0,53.3,1.91,1.02,0.2,0.38,0.0,0.0,75.0,46.3,17,80.0,10,2,30.0,0,1.0,24.0,31.0,-7.0,-0.44,-0.61,0.0,9.0,18.0,6.0,15.0,3.0,4.0,,,0.0,,,,,,,,,,,,,,,
GER-Bundesliga,2526,Frankfurt,Arthur Theate,BEL,DF,25.0,2000.0,24.0,24.0,2141.0,23.8,1.0,0.0,1.0,1.0,0.0,0.0,8.0,0.0,0.04,0.0,0.04,0.04,0.04,23.8,1.0,15.0,7.0,46.7,0.63,0.29,0.07,0.14,0.0,0.0,89.0,70.0,24,89.0,21,0,,4,1.29,46.0,52.0,-6.0,-0.25,-0.45,0.0,15.0,13.0,1.0,13.0,34.0,21.0,,,0.0,,,,,,,,,,,,,,,
GER-Bundesliga,2526,Frankfurt,Aurèle Amenda,SUI,DF,22.0,2003.0,24.0,18.0,1678.0,18.6,0.0,0.0,0.0,0.0,0.0,0.0,5.0,0.0,0.0,0.0,0.0,0.0,0.0,18.6,0.0,10.0,2.0,20.0,0.54,0.11,0.0,0.0,0.0,0.0,70.0,54.8,18,90.0,17,6,11.0,7,1.17,28.0,34.0,-6.0,-0.32,-0.45,0.0,22.0,13.0,0.0,6.0,29.0,12.0,,,1.0,,,,,,,,,,,,,,,
GER-Bundesliga,2526,Frankfurt,Aurélio Buta,POR,DF,28.0,1997.0,4.0,1.0,144.0,1.6,0.0,0.0,0.0,0.0,0.0,0.0,1.0,0.0,0.0,0.0,0.0,0.0,0.0,1.6,0.0,1.0,0.0,0.0,0.62,0.0,0.0,,0.0,0.0,36.0,4.7,1,90.0,1,3,18.0,8,1.75,0.0,8.0,-8.0,-5.0,-5.12,0.0,3.0,2.0,0.0,2.0,0.0,5.0,,,0.0,,,,,,,,,,,,,,,
GER-Bundesliga,2526,Frankfurt,Ayoube Amaimouni,MAR,"MF,FW",20.0,2004.0,17.0,6.0,586.0,6.5,2.0,3.0,5.0,2.0,0.0,0.0,1.0,0.0,0.31,0.46,0.77,0.31,0.77,6.5,2.0,12.0,7.0,58.3,1.84,1.08,0.17,0.29,0.0,0.0,34.0,19.2,6,67.0,0,11,17.0,2,1.0,14.0,11.0,3.0,0.46,0.72,0.0,8.0,10.0,6.0,30.0,2.0,5.0,,,0.0,,,,,,,,,,,,,,,
GER-Bundesliga,2526,Frankfurt,Can Uzun,TUR,MF,19.0,2005.0,21.0,15.0,1156.0,12.8,8.0,4.0,12.0,7.0,1.0,1.0,3.0,0.0,0.62,0.31,0.93,0.54,0.86,12.8,8.0,41.0,19.0,46.3,3.19,1.48,0.2,0.42,1.0,1.0,55.0,37.8,15,68.0,2,6,23.0,2,1.19,28.0,27.0,1.0,0.08,0.31,0.0,15.0,26.0,0.0,24.0,3.0,9.0,,,0.0,,,,,,,,,,,,,,,
GER-Bundesliga,2526,Frankfurt,Elias Baum,GER,DF,19.0,2005.0,5.0,0.0,75.0,0.8,0.0,0.0,0.0,0.0,0.0,0.0,0.0,0.0,0.0,0.0,0.0,0.0,0.0,0.8,0.0,0.0,0.0,,0.0,0.0,,,0.0,0.0,15.0,2.5,0,,0,5,15.0,9,0.8,1.0,1.0,0.0,0.0,0.12,0.0,3.0,0.0,0.0,4.0,1.0,0.0,,,0.0,,,,,,,,,,,,,,,
GER-Bundesliga,2526,Frankfurt,Ellyes Skhiri,TUN,"MF,DF",30.0,1995.0,25.0,16.0,1444.0,16.0,0.0,0.0,0.0,0.0,0.0,0.0,3.0,1.0,0.0,0.0,0.0,0.0,0.0,16.0,0.0,8.0,0.0,0.0,0.5,0.0,0.0,,0.0,0.0,58.0,47.2,16,81.0,9,9,17.0,5,1.36,24.0,36.0,-12.0,-0.75,-1.19,1.0,11.0,13.0,0.0,3.0,25.0,8.0,,,0.0,,,,,,,,,,,,,,,
GER-Bundesliga,2526,Frankfurt,Elye Wahi,CIV,FW,22.0,2003.0,10.0,3.0,324.0,3.6,0.0,1.0,1.0,0.0,0.0,0.0,1.0,0.0,0.0,0.28,0.28,0.0,0.28,3.6,0.0,7.0,3.0,42.9,1.94,0.83,0.0,0.0,0.0,0.0,32.0,10.6,3,75.0,0,7,14.0,2,1.9,7.0,13.0,-6.0,-1.67,-1.73,0.0,2.0,4.0,4.0,5.0,0.0,1.0,,,0.0,,,,,,,,,,,,,,,
GER-Bundesliga,2526,Frankfurt,Fares Chaïbi,ALG,MF,22.0,2002.0,28.0,21.0,1792.0,19.9,2.0,9.0,11.0,2.0,0.0,0.0,2.0,0.0,0.1,0.45,0.55,0.1,0.55,19.9,2.0,35.0,9.0,25.7,1.76,0.45,0.06,0.22,0.0,0.0,64.0,58.6,21,77.0,8,7,26.0,2,1.36,40.0,38.0,2.0,0.1,0.53,0.0,14.0,21.0,5.0,91.0,13.0,21.0,,,0.0,,,,,,,,,,,,,,,
GER-Bundesliga,2526,Frankfurt,Hugo Larsson,SWE,MF,21.0,2004.0,25.0,21.0,1812.0,20.1,2.0,2.0,4.0,2.0,0.0,0.0,0.0,0.0,0.1,0.1,0.2,0.1,0.2,20.1,2.0,13.0,6.0,46.2,0.65,0.3,0.15,0.33,0.0,0.0,72.0,59.2,21,81.0,10,4,29.0,3,1.28,33.0,32.0,1.0,0.05,0.41,0.0,7.0,2.0,0.0,9.0,27.0,9.0,,,0.0,,,,,,,,,,,,,,,
GER-Bundesliga,2526,Frankfurt,Jean Mattéo Bahoya,FRA,"MF,FW",20.0,2005.0,27.0,15.0,1331.0,14.8,3.0,4.0,7.0,3.0,0.0,0.0,2.0,0.0,0.2,0.27,0.47,0.2,0.47,14.8,3.0,29.0,9.0,31.0,1.96,0.61,0.1,0.33,0.0,0.0,49.0,43.5,15,69.0,4,12,25.0,2,1.26,22.0,28.0,-6.0,-0.41,-0.51,0.0,13.0,22.0,3.0,33.0,12.0,14.0,,,0.0,,,,,,,,,,,,,,,
GER-Bundesliga,2526,Frankfurt,Jessic Ngankam,GER,FW,25.0,2000.0,3.0,0.0,62.0,0.7,0.0,0.0,0.0,0.0,0.0,0.0,0.0,0.0,0.0,0.0,0.0,0.0,0.0,0.7,0.0,0.0,0.0,,0.0,0.0,,,0.0,0.0,21.0,2.0,0,,0,3,21.0,2,0.67,1.0,4.0,-3.0,-4.35,-4.32,0.0,4.0,2.0,0.0,0.0,0.0,0.0,,,0.0,,,,,,,,,,,,,,,
GER-Bundesliga,2526,Frankfurt,Jonathan Burkardt,GER,FW,25.0,2000.0,22.0,15.0,1336.0,14.8,13.0,1.0,14.0,9.0,4.0,4.0,1.0,0.0,0.88,0.07,0.94,0.61,0.67,14.8,13.0,41.0,21.0,51.2,2.76,1.41,0.32,0.62,4.0,4.0,61.0,43.7,15,80.0,4,7,20.0,0,1.36,34.0,16.0,18.0,1.21,2.36,0.0,12.0,15.0,2.0,5.0,1.0,4.0,,,0.0,,,,,,,,,,,,,,,
GER-Bundesliga,2526,Frankfurt,Kauã Santos,BRA,GK,22.0,2003.0,13.0,13.0,1084.0,12.0,0.0,0.0,0.0,0.0,0.0,0.0,0.0,0.0,0.0,0.0,0.0,0.0,0.0,12.0,0.0,0.0,0.0,,0.0,0.0,,,0.0,0.0,83.0,35.4,13,83.0,12,0,,12,1.0,27.0,32.0,-5.0,-0.42,-0.46,0.0,0.0,3.0,0.0,0.0,0.0,1.0,,,0.0,32.0,2.66,69.0,37.0,53.6,3.0,4.0,6.0,2.0,15.4,1.0,1.0,0.0,0.0,0.0
GER-Bundesliga,2526,Frankfurt,Love Arrhov,SWE,MF,17.0,2008.0,5.0,1.0,65.0,0.7,0.0,0.0,0.0,0.0,0.0,0.0,1.0,0.0,0.0,0.0,0.0,0.0,0.0,0.7,0.0,0.0,0.0,,0.0,0.0,,,0.0,0.0,13.0,2.1,1,45.0,0,4,5.0,7,2.2,0.0,2.0,-2.0,-2.77,-2.71,0.0,2.0,1.0,0.0,0.0,0.0,2.0,,,0.0,,,,,,,,,,,,,,,
GER-Bundesliga,2526,Frankfurt,Mahmoud Dahoud,GER,"MF,FW",29.0,1996.0,15.0,8.0,716.0,8.0,2.0,3.0,5.0,2.0,0.0,0.0,0.0,0.0,0.25,0.38,0.63,0.25,0.63,8.0,2.0,17.0,2.0,11.8,2.14,0.25,0.12,1.0,0.0,0.0,48.0,23.4,8,68.0,1,7,25.0,7,1.2,17.0,15.0,2.0,0.25,0.48,0.0,16.0,2.0,0.0,8.0,10.0,8.0,,,0.0,,,,,,,,,,,,,,,
GER-Bundesliga,2526,Frankfurt,Mario Götze,GER,MF,33.0,1992.0,21.0,8.0,886.0,9.8,0.0,0.0,0.0,0.0,0.0,0.0,1.0,0.0,0.0,0.0,0.0,0.0,0.0,9.8,0.0,5.0,0.0,0.0,0.51,0.0,0.0,,0.0,0.0,42.0,29.0,8,67.0,1,13,27.0,8,1.48,15.0,20.0,-5.0,-0.51,-0.55,0.0,9.0,12.0,1.0,22.0,4.0,8.0,,,0.0,,,,,,,,,,,,,,,
GER-Bundesliga,2526,Frankfurt,Michael Zetterer,GER,GK,30.0,1995.0,22.0,21.0,1976.0,22.0,0.0,0.0,0.0,0.0,0.0,0.0,1.0,0.0,0.0,0.0,0.0,0.0,0.0,22.0,0.0,0.0,0.0,,0.0,0.0,,,0.0,0.0,90.0,64.6,21,90.0,21,1,86.0,12,1.55,34.0,33.0,1.0,0.05,0.46,0.0,0.0,6.0,0.0,0.0,1.0,1.0,,,0.0,33.0,1.5,95.0,62.0,65.3,8.0,7.0,6.0,6.0,28.6,2.0,2.0,0.0,0.0,0.0
GER-Bundesliga,2526,Frankfurt,Michy Batshuayi,BEL,FW,31.0,1993.0,6.0,1.0,139.0,1.5,1.0,0.0,1.0,0.0,1.0,1.0,0.0,0.0,0.65,0.0,0.65,0.0,0.0,1.5,1.0,5.0,1.0,20.0,3.24,0.65,0.2,1.0,1.0,1.0,23.0,4.5,1,45.0,0,5,19.0,5,0.83,3.0,5.0,-2.0,-1.29,-1.23,0.0,2.0,1.0,1.0,0.0,0.0,1.0,,,0.0,,,,,,,,,,,,,,,
GER-Bundesliga,2526,Frankfurt,Nathaniel Brown,GER,"MF,DF",22.0,2003.0,33.0,29.0,2656.0,29.5,4.0,4.0,8.0,4.0,0.0,0.0,3.0,0.0,0.14,0.14,0.27,0.14,0.27,29.5,4.0,18.0,9.0,50.0,0.61,0.3,0.22,0.44,0.0,0.0,80.0,86.8,29,86.0,23,4,41.0,0,1.33,52.0,55.0,-3.0,-0.1,0.12,0.0,27.0,33.0,1.0,45.0,25.0,57.0,,,0.0,,,,,,,,,,,,,,,
GER-Bundesliga,2526,Frankfurt,Nnamdi Collins,GER,DF,21.0,2004.0,23.0,16.0,1500.0,16.7,1.0,2.0,3.0,1.0,0.0,0.0,4.0,0.0,0.06,0.12,0.18,0.06,0.18,16.7,1.0,4.0,1.0,25.0,0.24,0.06,0.25,1.0,0.0,0.0,65.0,49.0,16,85.0,12,7,20.0,3,1.57,38.0,32.0,6.0,0.36,0.94,0.0,22.0,19.0,0.0,4.0,24.0,38.0,,,0.0,,,,,,,,,,,,,,,
GER-Bundesliga,2526,Frankfurt,Oscar Højlund,DEN,MF,20.0,2005.0,24.0,12.0,1089.0,12.1,1.0,1.0,2.0,1.0,0.0,0.0,4.0,1.0,0.08,0.08,0.17,0.08,0.17,12.1,1.0,7.0,3.0,42.9,0.58,0.25,0.14,0.33,0.0,0.0,45.0,35.6,12,71.0,0,12,20.0,4,1.21,15.0,23.0,-8.0,-0.66,-0.84,1.0,27.0,5.0,1.0,2.0,7.0,17.0,,,0.0,,,,,,,,,,,,,,,
GER-Bundesliga,2526,Frankfurt,Rasmus Kristensen,DEN,"DF,MF",28.0,1997.0,22.0,19.0,1538.0,17.1,2.0,0.0,2.0,2.0,0.0,0.0,6.0,1.0,0.12,0.0,0.12,0.12,0.12,17.1,2.0,15.0,6.0,40.0,0.88,0.35,0.13,0.33,0.0,0.0,70.0,50.3,19,79.0,12,3,15.0,0,1.36,27.0,30.0,-3.0,-0.18,-0.12,1.0,24.0,10.0,3.0,33.0,19.0,33.0,,,0.0,,,,,,,,,,,,,,,
GER-Bundesliga,2526,Frankfurt,Ritsu Doan,JPN,MF,27.0,1998.0,31.0,28.0,2364.0,26.3,5.0,5.0,10.0,5.0,0.0,0.0,5.0,0.0,0.19,0.19,0.38,0.19,0.38,26.3,5.0,41.0,15.0,36.6,1.56,0.57,0.12,0.33,0.0,0.0,76.0,77.3,28,81.0,11,3,33.0,1,1.32,50.0,44.0,6.0,0.23,1.52,0.0,26.0,35.0,3.0,111.0,17.0,23.0,,,0.0,,,,,,,,,,,,,,,
GER-Bundesliga,2526,Frankfurt,Robin Koch,GER,DF,29.0,1996.0,32.0,32.0,2833.0,31.5,3.0,1.0,4.0,3.0,0.0,0.0,3.0,1.0,0.1,0.03,0.13,0.1,0.13,31.5,3.0,15.0,5.0,33.3,0.48,0.16,0.2,0.6,0.0,0.0,89.0,92.6,32,89.0,30,0,,0,1.38,57.0,60.0,-3.0,-0.1,0.3,1.0,31.0,13.0,0.0,2.0,47.0,27.0,,,0.0,,,,,,,,,,,,,,,
GER-Bundesliga,2526,Frankfurt,Timothy Chandler,USA,"DF,MF",35.0,1990.0,1.0,0.0,11.0,0.1,0.0,0.0,0.0,0.0,0.0,0.0,0.0,0.0,0.0,0.0,0.0,0.0,0.0,0.1,0.0,0.0,0.0,,0.0,0.0,,,0.0,0.0,11.0,0.4,0,,0,1,11.0,5,1.0,1.0,0.0,1.0,8.18,8.33,0.0,0.0,0.0,0.0,1.0,0.0,0.0,,,0.0,,,,,,,,,,,,,,,
GER-Bundesliga,2526,Frankfurt,Younes Ebnoutalib,GER,FW,21.0,2003.0,5.0,2.0,133.0,1.5,1.0,0.0,1.0,1.0,0.0,0.0,0.0,0.0,0.68,0.0,0.68,0.68,0.68,1.5,1.0,5.0,2.0,40.0,3.38,1.35,0.2,0.5,0.0,0.0,27.0,4.3,2,55.0,1,3,8.0,3,1.0,4.0,5.0,-1.0,-0.68,-0.58,0.0,2.0,2.0,0.0,0.0,1.0,0.0,,,0.0,,,,,,,,,,,,,,,
GER-Bundesliga,2526,Freiburg,Anthony Jung,GER,DF,33.0,1991.0,12.0,4.0,526.0,5.8,0.0,0.0,0.0,0.0,0.0,0.0,2.0,0.0,0.0,0.0,0.0,0.0,0.0,5.8,0.0,1.0,0.0,0.0,0.17,0.0,0.0,,0.0,0.0,44.0,17.2,4,86.0,3,8,23.0,14,1.17,10.0,12.0,-2.0,-0.34,-0.2,0.0,4.0,3.0,0.0,0.0,10.0,1.0,,,0.0,,,,,,,,,,,,,,,
GER-Bundesliga,2526,Freiburg,Christian Günter,GER,DF,32.0,1993.0,24.0,18.0,1547.0,17.2,0.0,3.0,3.0,0.0,0.0,0.0,3.0,0.0,0.0,0.17,0.17,0.0,0.17,17.2,0.0,9.0,0.0,0.0,0.52,0.0,0.0,,0.0,0.0,64.0,50.6,18,80.0,9,6,17.0,10,1.33,21.0,31.0,-10.0,-0.58,-0.82,0.0,10.0,6.0,5.0,73.0,10.0,12.0,,,0.0,,,,,,,,,,,,,,,
GER-Bundesliga,2526,Freiburg,Cyriaque Irié,BFA,MF,20.0,2005.0,10.0,3.0,347.0,3.9,0.0,0.0,0.0,0.0,0.0,0.0,3.0,0.0,0.0,0.0,0.0,0.0,0.0,3.9,0.0,7.0,2.0,28.6,1.82,0.52,0.0,0.0,0.0,0.0,35.0,11.3,3,61.0,0,7,23.0,9,0.7,4.0,7.0,-3.0,-0.78,-0.68,0.0,11.0,8.0,5.0,3.0,3.0,6.0,,,0.0,,,,,,,,,,,,,,,
GER-Bundesliga,2526,Freiburg,Derry Scherhant,GER,MF,22.0,2002.0,31.0,12.0,1301.0,14.5,5.0,1.0,6.0,5.0,0.0,0.0,2.0,0.0,0.35,0.07,0.42,0.35,0.42,14.5,5.0,36.0,13.0,36.1,2.49,0.9,0.14,0.38,0.0,0.0,42.0,42.5,12,75.0,2,19,21.0,3,1.39,26.0,24.0,2.0,0.14,0.55,0.0,19.0,36.0,4.0,72.0,7.0,9.0,,,0.0,,,,,,,,,,,,,,,
GER-Bundesliga,2526,Freiburg,Eren Dinkçi,GER,MF,23.0,2001.0,8.0,3.0,248.0,2.8,0.0,0.0,0.0,0.0,0.0,0.0,1.0,0.0,0.0,0.0,0.0,0.0,0.0,2.8,0.0,4.0,0.0,0.0,1.45,0.0,0.0,,0.0,0.0,31.0,8.1,3,62.0,0,5,12.0,0,1.13,4.0,7.0,-3.0,-1.09,-0.99,0.0,2.0,1.0,0.0,10.0,4.0,4.0,,,0.0,,,,,,,,,,,,,,,
GER-Bundesliga,2526,Freiburg,Ifechukwu Ogbus,SUI,DF,19.0,2005.0,18.0,14.0,1177.0,13.1,0.0,0.0,0.0,0.0,0.0,0.0,1.0,0.0,0.0,0.0,0.0,0.0,0.0,13.1,0.0,5.0,2.0,40.0,0.38,0.15,0.0,0.0,0.0,0.0,65.0,38.5,14,80.0,10,4,16.0,4,1.33,12.0,27.0,-15.0,-1.15,-1.58,0.0,5.0,11.0,0.0,3.0,13.0,16.0,,,0.0,,,,,,,,,,,,,,,
GER-Bundesliga,2526,Freiburg,Igor Matanović,CRO,FW,22.0,2003.0,31.0,14.0,1571.0,17.5,11.0,2.0,13.0,10.0,1.0,2.0,0.0,0.0,0.63,0.11,0.74,0.57,0.69,17.5,11.0,51.0,19.0,37.3,2.92,1.09,0.22,0.58,1.0,2.0,51.0,51.3,14,84.0,8,17,23.0,1,1.52,27.0,27.0,0.0,0.0,0.36,0.0,42.0,22.0,6.0,0.0,9.0,11.0,,,0.0,,,,,,,,,,,,,,,
GER-Bundesliga,2526,Freiburg,Jan-Niklas Beste,GER,MF,26.0,1999.0,28.0,20.0,1704.0,18.9,2.0,2.0,4.0,2.0,0.0,0.0,5.0,0.0,0.11,0.11,0.21,0.11,0.21,18.9,2.0,24.0,14.0,58.3,1.27,0.74,0.08,0.14,0.0,0.0,61.0,55.7,20,77.0,6,8,21.0,1,1.54,33.0,25.0,8.0,0.42,1.35,0.0,17.0,36.0,5.0,106.0,17.0,24.0,,,0.0,,,,,,,,,,,,,,,
GER-Bundesliga,2526,Freiburg,Johan Manzambi,SUI,MF,19.0,2005.0,27.0,26.0,2077.0,23.1,5.0,4.0,9.0,5.0,0.0,0.0,4.0,2.0,0.22,0.17,0.39,0.22,0.39,23.1,5.0,51.0,13.0,25.5,2.21,0.56,0.1,0.38,0.0,0.0,77.0,67.9,26,78.0,8,1,45.0,1,1.37,36.0,36.0,0.0,0.0,0.55,0.0,22.0,78.0,2.0,35.0,27.0,14.0,,,0.0,,,,,,,,,,,,,,,
GER-Bundesliga,2526,Freiburg,Jordy Makengo,FRA,DF,23.0,2001.0,20.0,12.0,1178.0,13.1,0.0,1.0,1.0,0.0,0.0,0.0,1.0,0.0,0.0,0.08,0.08,0.0,0.08,13.1,0.0,0.0,0.0,,0.0,0.0,,,0.0,0.0,59.0,38.5,12,85.0,9,8,19.0,9,1.45,19.0,20.0,-1.0,-0.08,0.16,0.0,10.0,9.0,2.0,32.0,14.0,10.0,,,0.0,,,,,,,,,,,,,,,
GER-Bundesliga,2526,Freiburg,Junior Adamu,AUT,FW,24.0,2001.0,9.0,7.0,446.0,5.0,1.0,1.0,2.0,1.0,0.0,0.0,1.0,0.0,0.2,0.2,0.4,0.2,0.4,5.0,1.0,8.0,3.0,37.5,1.61,0.61,0.13,0.33,0.0,0.0,50.0,14.6,7,61.0,0,2,9.0,10,1.44,7.0,4.0,3.0,0.61,0.92,0.0,10.0,9.0,6.0,2.0,5.0,6.0,,,0.0,,,,,,,,,,,,,,,
GER-Bundesliga,2526,Freiburg,Lucas Höler,GER,"FW,MF",31.0,1994.0,33.0,25.0,2037.0,22.6,3.0,1.0,4.0,3.0,0.0,0.0,4.0,0.0,0.13,0.04,0.18,0.13,0.18,22.6,3.0,33.0,15.0,45.5,1.46,0.66,0.09,0.2,0.0,0.0,62.0,66.6,25,78.0,10,8,12.0,1,1.33,28.0,43.0,-15.0,-0.66,-1.45,0.0,30.0,30.0,12.0,8.0,11.0,12.0,,,0.0,,,,,,,,,,,,,,,
GER-Bundesliga,2526,Freiburg,Lukas Kübler,GER,DF,32.0,1992.0,23.0,19.0,1587.0,17.6,2.0,2.0,4.0,2.0,0.0,0.0,3.0,0.0,0.11,0.11,0.23,0.11,0.23,17.6,2.0,19.0,5.0,26.3,1.08,0.28,0.11,0.4,0.0,0.0,69.0,51.9,19,79.0,9,4,23.0,4,1.43,33.0,35.0,-2.0,-0.11,0.13,0.0,20.0,11.0,6.0,30.0,31.0,25.0,,,0.0,,,,,,,,,,,,,,,
GER-Bundesliga,2526,Freiburg,Matthias Ginter,GER,DF,31.0,1994.0,32.0,32.0,2833.0,31.5,3.0,3.0,6.0,3.0,0.0,0.0,3.0,0.0,0.1,0.1,0.19,0.1,0.19,31.5,3.0,19.0,7.0,36.8,0.6,0.22,0.16,0.43,0.0,0.0,89.0,92.6,32,89.0,29,0,,0,1.47,49.0,51.0,-2.0,-0.06,1.52,0.0,16.0,19.0,2.0,15.0,22.0,14.0,,,0.0,,,,,,,,,,,,,,,
GER-Bundesliga,2526,Freiburg,Max Rosenfelder,GER,DF,22.0,2003.0,12.0,5.0,492.0,5.5,0.0,0.0,0.0,0.0,0.0,0.0,0.0,0.0,0.0,0.0,0.0,0.0,0.0,5.5,0.0,1.0,0.0,0.0,0.18,0.0,0.0,,0.0,0.0,41.0,16.1,5,81.0,3,7,12.0,2,1.25,6.0,8.0,-2.0,-0.37,-0.23,0.0,2.0,5.0,1.0,0.0,5.0,5.0,,,1.0,,,,,,,,,,,,,,,
GER-Bundesliga,2526,Freiburg,Maximilian Eggestein,GER,MF,28.0,1996.0,34.0,34.0,3060.0,34.0,3.0,1.0,4.0,3.0,0.0,0.0,4.0,0.0,0.09,0.03,0.12,0.09,0.12,34.0,3.0,44.0,13.0,29.5,1.29,0.38,0.07,0.23,0.0,0.0,90.0,100.0,34,90.0,34,0,,0,1.38,51.0,57.0,-6.0,-0.18,,0.0,18.0,20.0,1.0,14.0,31.0,34.0,,,0.0,,,,,,,,,,,,,,,
GER-Bundesliga,2526,Freiburg,Maximilian Philipp,GER,"FW,MF",31.0,1994.0,2.0,0.0,29.0,0.3,0.0,0.0,0.0,0.0,0.0,0.0,0.0,0.0,0.0,0.0,0.0,0.0,0.0,0.3,0.0,0.0,0.0,,0.0,0.0,,,0.0,0.0,15.0,0.9,0,,0,2,15.0,7,1.5,0.0,1.0,-1.0,-3.1,-2.95,0.0,2.0,0.0,0.0,0.0,0.0,1.0,,,0.0,,,,,,,,,,,,,,,
GER-Bundesliga,2526,Freiburg,Merlin Röhl,GER,MF,23.0,2002.0,2.0,0.0,66.0,0.7,0.0,0.0,0.0,0.0,0.0,0.0,0.0,0.0,0.0,0.0,0.0,0.0,0.0,0.7,0.0,0.0,0.0,,0.0,0.0,,,0.0,0.0,33.0,2.2,0,,0,2,33.0,0,0.0,1.0,3.0,-2.0,-2.73,-2.61,0.0,2.0,0.0,0.0,1.0,0.0,1.0,,,0.0,,,,,,,,,,,,,,,
GER-Bundesliga,2526,Freiburg,Nicolas Höfler,GER,MF,35.0,1990.0,13.0,2.0,291.0,3.2,0.0,0.0,0.0,0.0,0.0,0.0,0.0,0.0,0.0,0.0,0.0,0.0,0.0,3.2,0.0,4.0,2.0,50.0,1.24,0.62,0.0,0.0,0.0,0.0,22.0,9.5,2,71.0,0,11,14.0,17,1.54,8.0,10.0,-2.0,-0.62,-0.49,0.0,6.0,3.0,0.0,0.0,2.0,6.0,,,0.0,,,,,,,,,,,,,,,
GER-Bundesliga,2526,Freiburg,Noah Atubolu,GER,GK,23.0,2002.0,34.0,34.0,3060.0,34.0,0.0,0.0,0.0,0.0,0.0,0.0,1.0,0.0,0.0,0.0,0.0,0.0,0.0,34.0,0.0,0.0,0.0,,0.0,0.0,,,0.0,0.0,90.0,100.0,34,90.0,34,0,,0,1.38,51.0,57.0,-6.0,-0.18,,0.0,0.0,6.0,0.0,0.0,1.0,0.0,,,0.0,57.0,1.68,157.0,100.0,63.7,13.0,8.0,13.0,6.0,17.6,1.0,0.0,1.0,0.0,100.0
GER-Bundesliga,2526,Freiburg,Patrick Osterhage,GER,MF,25.0,2000.0,20.0,13.0,1189.0,13.2,1.0,0.0,1.0,1.0,0.0,0.0,4.0,0.0,0.08,0.0,0.08,0.08,0.08,13.2,1.0,7.0,2.0,28.6,0.53,0.15,0.14,0.5,0.0,0.0,59.0,38.9,13,82.0,6,7,18.0,2,1.7,15.0,17.0,-2.0,-0.15,0.04,0.0,13.0,13.0,2.0,9.0,15.0,7.0,,,0.0,,,,,,,,,,,,,,,
GER-Bundesliga,2526,Freiburg,Philipp Lienhart,AUT,DF,29.0,1996.0,20.0,14.0,1302.0,14.5,1.0,0.0,1.0,1.0,0.0,0.0,4.0,1.0,0.07,0.0,0.07,0.07,0.07,14.5,1.0,8.0,2.0,25.0,0.55,0.14,0.13,0.5,0.0,0.0,65.0,42.5,14,81.0,9,6,28.0,2,1.5,28.0,22.0,6.0,0.41,1.03,1.0,7.0,8.0,2.0,13.0,13.0,13.0,,,0.0,,,,,,,,,,,,,,,
GER-Bundesliga,2526,Freiburg,Philipp Treu,GER,"DF,MF",24.0,2000.0,28.0,24.0,2186.0,24.3,1.0,2.0,3.0,1.0,0.0,0.0,2.0,0.0,0.04,0.08,0.12,0.04,0.12,24.3,1.0,17.0,5.0,29.4,0.7,0.21,0.06,0.2,0.0,0.0,78.0,71.4,24,87.0,18,4,27.0,4,1.32,33.0,38.0,-5.0,-0.21,-0.1,0.0,20.0,37.0,2.0,32.0,7.0,27.0,,,0.0,,,,,,,,,,,,,,,
GER-Bundesliga,2526,Freiburg,Rouven Tarnutzer,SUI,FW,18.0,2007.0,1.0,0.0,7.0,0.1,0.0,0.0,0.0,0.0,0.0,0.0,0.0,0.0,0.0,0.0,0.0,0.0,0.0,0.1,0.0,0.0,0.0,,0.0,0.0,,,0.0,0.0,7.0,0.2,0,,0,1,7.0,2,0.0,0.0,1.0,-1.0,-12.86,-12.71,0.0,0.0,1.0,0.0,0.0,0.0,0.0,,,0.0,,,,,,,,,,,,,,,
GER-Bundesliga,2526,Freiburg,Vincenzo Grifo,ITA,MF,32.0,1993.0,33.0,21.0,1710.0,19.0,7.0,4.0,11.0,3.0,4.0,4.0,0.0,0.0,0.37,0.21,0.58,0.16,0.37,19.0,7.0,30.0,12.0,40.0,1.58,0.63,0.23,0.58,4.0,4.0,52.0,55.9,21,70.0,4,12,20.0,1,1.42,27.0,33.0,-6.0,-0.32,-0.32,0.0,10.0,12.0,2.0,111.0,16.0,5.0,,,0.0,,,,,,,,,,,,,,,
GER-Bundesliga,2526,Freiburg,Yuito Suzuki,JPN,MF,23.0,2001.0,25.0,18.0,1632.0,18.1,4.0,2.0,6.0,4.0,0.0,0.0,3.0,0.0,0.22,0.11,0.33,0.22,0.33,18.1,4.0,38.0,14.0,36.8,2.1,0.77,0.11,0.29,0.0,0.0,65.0,53.3,18,79.0,6,7,31.0,4,1.28,31.0,31.0,0.0,0.0,0.38,0.0,20.0,10.0,2.0,21.0,10.0,12.0,,,0.0,,,,,,,,,,,,,,,
GER-Bundesliga,2526,Gladbach,Alejo Sarco,ARG,FW,19.0,2006.0,3.0,0.0,53.0,0.6,0.0,0.0,0.0,0.0,0.0,0.0,0.0,0.0,0.0,0.0,0.0,0.0,0.0,0.6,0.0,2.0,0.0,0.0,3.4,0.0,0.0,,0.0,0.0,18.0,1.7,0,,0,3,18.0,4,0.33,1.0,2.0,-1.0,-1.7,-1.4,0.0,0.0,0.0,0.0,0.0,0.0,0.0,,,0.0,,,,,,,,,,,,,,,
GER-Bundesliga,2526,Gladbach,Charles Herrmann,GER,FW,19.0,2006.0,1.0,0.0,5.0,0.1,0.0,1.0,1.0,0.0,0.0,0.0,0.0,0.0,0.0,18.0,18.0,0.0,18.0,0.1,0.0,0.0,0.0,,0.0,0.0,,,0.0,0.0,5.0,0.2,0,,0,1,5.0,5,1.0,1.0,0.0,1.0,18.0,18.35,0.0,1.0,0.0,0.0,1.0,1.0,0.0,,,0.0,,,,,,,,,,,,,,,
GER-Bundesliga,2526,Gladbach,Fabio Chiarodia,ITA,DF,20.0,2005.0,15.0,8.0,674.0,7.5,0.0,0.0,0.0,0.0,0.0,0.0,1.0,0.0,0.0,0.0,0.0,0.0,0.0,7.5,0.0,4.0,1.0,25.0,0.53,0.13,0.0,0.0,0.0,0.0,45.0,22.0,8,72.0,1,7,14.0,6,0.8,2.0,13.0,-11.0,-1.47,-1.47,0.0,8.0,1.0,0.0,0.0,13.0,9.0,,,0.0,,,,,,,,,,,,,,,
GER-Bundesliga,2526,Gladbach,Florian Neuhaus,GER,"MF,FW",28.0,1997.0,17.0,11.0,930.0,10.3,0.0,1.0,1.0,0.0,0.0,0.0,0.0,0.0,0.0,0.1,0.1,0.0,0.1,10.3,0.0,22.0,6.0,27.3,2.13,0.58,0.0,0.0,0.0,0.0,55.0,30.4,11,71.0,0,6,25.0,13,1.29,19.0,9.0,10.0,0.97,1.86,0.0,9.0,9.0,0.0,9.0,9.0,7.0,,,0.0,,,,,,,,,,,,,,,
GER-Bundesliga,2526,Gladbach,Franck Honorat,FRA,"MF,FW",28.0,1996.0,28.0,24.0,1977.0,22.0,2.0,6.0,8.0,2.0,0.0,0.0,0.0,0.0,0.09,0.27,0.36,0.09,0.36,22.0,2.0,17.0,5.0,29.4,0.77,0.23,0.12,0.4,0.0,0.0,71.0,64.6,24,78.0,8,4,29.0,0,1.18,24.0,32.0,-8.0,-0.36,-0.11,0.0,12.0,6.0,10.0,134.0,5.0,13.0,,,0.0,,,,,,,,,,,,,,,
GER-Bundesliga,2526,Gladbach,Gio Reyna,USA,MF,22.0,2002.0,19.0,4.0,520.0,5.8,1.0,0.0,1.0,1.0,0.0,0.0,1.0,0.0,0.17,0.0,0.17,0.17,0.17,5.8,1.0,7.0,2.0,28.6,1.21,0.35,0.14,0.5,0.0,0.0,27.0,17.0,4,65.0,0,15,17.0,6,1.42,9.0,11.0,-2.0,-0.35,-0.03,0.0,5.0,10.0,0.0,9.0,4.0,6.0,,,0.0,,,,,,,,,,,,,,,
GER-Bundesliga,2526,Gladbach,Grant Ranos,ARM,FW,22.0,2003.0,8.0,0.0,119.0,1.3,1.0,0.0,1.0,1.0,0.0,0.0,1.0,0.0,0.76,0.0,0.76,0.76,0.76,1.3,1.0,4.0,2.0,50.0,3.03,1.51,0.25,0.5,0.0,0.0,15.0,3.9,0,,0,8,15.0,5,0.63,3.0,2.0,1.0,0.76,1.12,0.0,1.0,1.0,0.0,5.0,1.0,1.0,,,0.0,,,,,,,,,,,,,,,
GER-Bundesliga,2526,Gladbach,Haris Tabaković,BIH,FW,31.0,1994.0,32.0,28.0,2382.0,26.5,13.0,3.0,16.0,13.0,0.0,2.0,5.0,0.0,0.49,0.11,0.6,0.49,0.6,26.5,13.0,67.0,27.0,40.3,2.53,1.02,0.19,0.48,0.0,2.0,74.0,77.8,28,81.0,10,4,29.0,0,1.19,36.0,34.0,2.0,0.08,1.8,0.0,48.0,20.0,27.0,2.0,0.0,6.0,,,0.0,,,,,,,,,,,,,,,
GER-Bundesliga,2526,Gladbach,Hugo Bolin,SWE,"MF,FW",22.0,2003.0,13.0,5.0,550.0,6.1,1.0,1.0,2.0,1.0,0.0,0.0,0.0,0.0,0.16,0.16,0.33,0.16,0.33,6.1,1.0,15.0,4.0,26.7,2.45,0.65,0.07,0.25,0.0,0.0,42.0,18.0,5,70.0,0,8,25.0,1,1.23,9.0,8.0,1.0,0.16,0.59,0.0,2.0,12.0,1.0,17.0,1.0,2.0,,,0.0,,,,,,,,,,,,,,,
GER-Bundesliga,2526,Gladbach,Jan Urbich,GER,DF,21.0,2004.0,3.0,0.0,39.0,0.4,0.0,0.0,0.0,0.0,0.0,0.0,0.0,0.0,0.0,0.0,0.0,0.0,0.0,0.4,0.0,0.0,0.0,,0.0,0.0,,,0.0,0.0,13.0,1.3,0,,0,3,13.0,4,1.33,0.0,1.0,-1.0,-2.31,-2.01,0.0,1.0,2.0,0.0,0.0,0.0,0.0,,,0.0,,,,,,,,,,,,,,,
GER-Bundesliga,2526,Gladbach,Jens Castrop,KOR,MF,22.0,2003.0,26.0,20.0,1584.0,17.6,3.0,1.0,4.0,3.0,0.0,0.0,2.0,2.0,0.17,0.06,0.23,0.17,0.23,17.6,3.0,30.0,12.0,40.0,1.7,0.68,0.1,0.25,0.0,0.0,61.0,51.8,20,74.0,4,6,17.0,1,1.0,21.0,31.0,-10.0,-0.57,-0.51,0.0,31.0,26.0,3.0,21.0,17.0,27.0,,,0.0,,,,,,,,,,,,,,,
GER-Bundesliga,2526,Gladbach,Joe Scally,USA,"DF,MF",22.0,2002.0,32.0,29.0,2608.0,29.0,2.0,3.0,5.0,2.0,0.0,0.0,8.0,0.0,0.07,0.1,0.17,0.07,0.17,29.0,2.0,16.0,10.0,62.5,0.55,0.35,0.13,0.2,0.0,0.0,82.0,85.2,29,88.0,23,3,18.0,1,1.19,38.0,40.0,-2.0,-0.07,1.72,0.0,33.0,51.0,3.0,47.0,18.0,27.0,,,1.0,,,,,,,,,,,,,,,
GER-Bundesliga,2526,Gladbach,Kevin Diks,IDN,DF,28.0,1996.0,30.0,28.0,2464.0,27.4,5.0,0.0,5.0,1.0,4.0,4.0,6.0,0.0,0.18,0.0,0.18,0.04,0.04,27.4,5.0,23.0,13.0,56.5,0.84,0.47,0.22,0.38,4.0,4.0,82.0,80.5,28,87.0,23,2,18.0,0,1.2,40.0,43.0,-3.0,-0.11,1.1,0.0,15.0,22.0,1.0,5.0,24.0,30.0,,,0.0,,,,,,,,,,,,,,,
GER-Bundesliga,2526,Gladbach,Kevin Stöger,AUT,MF,31.0,1993.0,29.0,15.0,1324.0,14.7,1.0,1.0,2.0,1.0,0.0,1.0,3.0,0.0,0.07,0.07,0.14,0.07,0.14,14.7,1.0,23.0,7.0,30.4,1.56,0.48,0.04,0.14,0.0,1.0,46.0,43.3,15,73.0,2,14,17.0,5,1.0,13.0,25.0,-12.0,-0.82,-0.87,0.0,23.0,29.0,0.0,61.0,13.0,20.0,,,0.0,,,,,,,,,,,,,,,
GER-Bundesliga,2526,Gladbach,Kōta Takai,JPN,DF,20.0,2004.0,8.0,3.0,342.0,3.8,0.0,0.0,0.0,0.0,0.0,0.0,1.0,0.0,0.0,0.0,0.0,0.0,0.0,3.8,0.0,3.0,2.0,66.7,0.79,0.53,0.0,0.0,0.0,0.0,43.0,11.2,3,90.0,3,5,14.0,5,0.75,2.0,10.0,-8.0,-2.11,-2.01,0.0,3.0,3.0,0.0,0.0,4.0,4.0,,,0.0,,,,,,,,,,,,,,,
GER-Bundesliga,2526,Gladbach,Luca Netz,GER,"MF,DF",22.0,2003.0,15.0,10.0,940.0,10.4,0.0,2.0,2.0,0.0,0.0,0.0,1.0,0.0,0.0,0.19,0.19,0.0,0.19,10.4,0.0,2.0,0.0,0.0,0.19,0.0,0.0,,0.0,0.0,63.0,30.7,10,86.0,7,5,17.0,5,0.93,14.0,10.0,4.0,0.38,1.02,0.0,8.0,2.0,0.0,26.0,7.0,10.0,,,0.0,,,,,,,,,,,,,,,
GER-Bundesliga,2526,Gladbach,Lukas Ullrich,GER,"DF,MF",21.0,2004.0,23.0,14.0,1305.0,14.5,0.0,0.0,0.0,0.0,0.0,0.0,2.0,0.0,0.0,0.0,0.0,0.0,0.0,14.5,0.0,10.0,2.0,20.0,0.69,0.14,0.0,0.0,0.0,0.0,57.0,42.6,14,79.0,5,9,22.0,11,0.78,19.0,29.0,-10.0,-0.69,-0.64,0.0,17.0,11.0,1.0,38.0,21.0,17.0,,,0.0,,,,,,,,,,,,,,,
GER-Bundesliga,2526,Gladbach,Marvin Friedrich,GER,DF,29.0,1995.0,6.0,1.0,152.0,1.7,0.0,0.0,0.0,0.0,0.0,0.0,0.0,0.0,0.0,0.0,0.0,0.0,0.0,1.7,0.0,0.0,0.0,,0.0,0.0,,,0.0,0.0,25.0,5.0,1,90.0,1,5,12.0,14,1.5,2.0,5.0,-3.0,-1.78,-1.53,0.0,2.0,2.0,0.0,0.0,1.0,3.0,,,0.0,,,,,,,,,,,,,,,
GER-Bundesliga,2526,Gladbach,Moritz Nicolas,GER,GK,27.0,1997.0,34.0,34.0,3060.0,34.0,0.0,0.0,0.0,0.0,0.0,0.0,1.0,0.0,0.0,0.0,0.0,0.0,0.0,34.0,0.0,0.0,0.0,,0.0,0.0,,,0.0,0.0,90.0,100.0,34,90.0,34,0,,0,1.12,42.0,53.0,-11.0,-0.32,,0.0,0.0,3.0,0.0,0.0,0.0,1.0,,,0.0,53.0,1.56,189.0,136.0,72.0,9.0,11.0,14.0,13.0,38.2,5.0,5.0,0.0,0.0,0.0
GER-Bundesliga,2526,Gladbach,Nico Elvedi,SUI,DF,28.0,1996.0,33.0,33.0,2966.0,33.0,0.0,2.0,2.0,0.0,0.0,0.0,5.0,0.0,0.0,0.06,0.06,0.0,0.06,33.0,0.0,9.0,0.0,0.0,0.27,0.0,0.0,,0.0,0.0,90.0,96.9,33,90.0,32,0,,0,1.15,41.0,50.0,-9.0,-0.27,1.64,0.0,18.0,16.0,1.0,1.0,40.0,32.0,,,0.0,,,,,,,,,,,,,,,
GER-Bundesliga,2526,Gladbach,Oscar Fraulo,DEN,MF,21.0,2003.0,4.0,0.0,43.0,0.5,1.0,0.0,1.0,1.0,0.0,0.0,0.0,0.0,2.09,0.0,2.09,2.09,2.09,0.5,1.0,1.0,1.0,100.0,2.09,2.09,1.0,1.0,0.0,0.0,11.0,1.4,0,,0,4,11.0,9,1.75,1.0,0.0,1.0,2.09,2.45,0.0,3.0,0.0,0.0,0.0,1.0,0.0,,,0.0,,,,,,,,,,,,,,,
GER-Bundesliga,2526,Gladbach,Philipp Sander,GER,"DF,MF",27.0,1998.0,30.0,29.0,2445.0,27.2,2.0,0.0,2.0,2.0,0.0,0.0,4.0,0.0,0.07,0.0,0.07,0.07,0.07,27.2,2.0,25.0,8.0,32.0,0.92,0.29,0.08,0.25,0.0,0.0,82.0,79.9,29,83.0,18,1,30.0,1,1.0,35.0,39.0,-4.0,-0.15,0.88,0.0,28.0,14.0,0.0,28.0,50.0,42.0,,,1.0,,,,,,,,,,,,,,,
GER-Bundesliga,2526,Gladbach,Robin Hack,GER,MF,26.0,1998.0,8.0,3.0,320.0,3.6,1.0,0.0,1.0,1.0,0.0,0.0,1.0,0.0,0.28,0.0,0.28,0.28,0.28,3.6,1.0,11.0,4.0,36.4,3.09,1.13,0.09,0.25,0.0,0.0,40.0,10.5,3,80.0,2,5,16.0,2,1.38,3.0,4.0,-1.0,-0.28,0.05,0.0,4.0,3.0,1.0,14.0,1.0,2.0,,,0.0,,,,,,,,,,,,,,,
GER-Bundesliga,2526,Gladbach,Rocco Reitz,GER,MF,23.0,2002.0,31.0,31.0,2627.0,29.2,0.0,4.0,4.0,0.0,0.0,0.0,8.0,1.0,0.0,0.14,0.14,0.0,0.14,29.2,0.0,47.0,14.0,29.8,1.61,0.48,0.0,0.0,0.0,0.0,85.0,85.8,31,85.0,19,0,,0,1.03,27.0,46.0,-19.0,-0.65,-2.31,0.0,35.0,55.0,6.0,86.0,49.0,42.0,,,0.0,,,,,,,,,,,,,,,
GER-Bundesliga,2526,Gladbach,Shuto Machino,JPN,"FW,MF",25.0,1999.0,32.0,9.0,1076.0,12.0,3.0,1.0,4.0,3.0,0.0,0.0,2.0,0.0,0.25,0.08,0.33,0.25,0.33,12.0,3.0,25.0,11.0,44.0,2.09,0.92,0.12,0.27,0.0,0.0,34.0,35.2,9,79.0,2,23,16.0,1,1.16,13.0,32.0,-19.0,-1.59,-1.95,0.0,14.0,11.0,9.0,10.0,3.0,5.0,,,0.0,,,,,,,,,,,,,,,
GER-Bundesliga,2526,Gladbach,Tim Kleindienst,GER,FW,29.0,1995.0,3.0,0.0,7.0,0.1,0.0,0.0,0.0,0.0,0.0,0.0,0.0,0.0,0.0,0.0,0.0,0.0,0.0,0.1,0.0,0.0,0.0,,0.0,0.0,,,0.0,0.0,2.0,0.2,0,,0,3,2.0,0,2.33,1.0,0.0,1.0,12.86,13.21,0.0,1.0,0.0,1.0,0.0,1.0,1.0,,,0.0,,,,,,,,,,,,,,,
GER-Bundesliga,2526,Gladbach,Wael Mohya,GER,"MF,FW",16.0,2008.0,15.0,6.0,552.0,6.1,2.0,1.0,3.0,2.0,0.0,0.0,1.0,0.0,0.33,0.16,0.49,0.33,0.49,6.1,2.0,11.0,5.0,45.5,1.79,0.82,0.18,0.4,0.0,0.0,37.0,18.0,6,63.0,0,9,20.0,10,1.07,6.0,9.0,-3.0,-0.49,-0.2,0.0,4.0,13.0,0.0,8.0,2.0,7.0,,,0.0,,,,,,,,,,,,,,,
GER-Bundesliga,2526,Gladbach,Yannik Engelhardt,GER,MF,24.0,2001.0,31.0,29.0,2487.0,27.6,2.0,2.0,4.0,2.0,0.0,0.0,7.0,0.0,0.07,0.07,0.14,0.07,0.14,27.6,2.0,21.0,5.0,23.8,0.76,0.18,0.1,0.4,0.0,0.0,80.0,81.3,29,85.0,22,2,18.0,0,1.19,38.0,39.0,-1.0,-0.04,1.53,0.0,41.0,34.0,0.0,6.0,36.0,23.0,,,0.0,,,,,,,,,,,,,,,
GER-Bundesliga,2526,Hamburger SV,Aboubaka Soumahoro,FRA,"MF,DF",20.0,2005.0,4.0,2.0,136.0,1.5,0.0,0.0,0.0,0.0,0.0,0.0,1.0,0.0,0.0,0.0,0.0,0.0,0.0,1.5,0.0,0.0,0.0,,0.0,0.0,,,0.0,0.0,34.0,4.4,2,52.0,0,2,17.0,7,1.0,0.0,5.0,-5.0,-3.31,-3.03,0.0,3.0,0.0,1.0,1.0,0.0,0.0,,,0.0,,,,,,,,,,,,,,,
GER-Bundesliga,2526,Hamburger SV,Albert Grønbaek,DEN,MF,24.0,2001.0,7.0,6.0,492.0,5.5,1.0,2.0,3.0,1.0,0.0,0.0,0.0,0.0,0.18,0.37,0.55,0.18,0.55,5.5,1.0,8.0,4.0,50.0,1.46,0.73,0.13,0.25,0.0,0.0,70.0,16.1,6,78.0,2,1,24.0,1,1.14,8.0,11.0,-3.0,-0.55,-0.16,0.0,2.0,6.0,0.0,6.0,11.0,10.0,,,0.0,,,,,,,,,,,,,,,
GER-Bundesliga,2526,Hamburger SV,Albert Sambi Lokonga,BEL,MF,25.0,1999.0,26.0,20.0,1710.0,19.0,5.0,0.0,5.0,5.0,0.0,0.0,3.0,0.0,0.26,0.0,0.26,0.26,0.26,19.0,5.0,19.0,11.0,57.9,1.0,0.58,0.26,0.45,0.0,0.0,66.0,55.9,20,81.0,9,6,14.0,1,1.23,29.0,29.0,0.0,0.0,0.93,0.0,20.0,27.0,0.0,13.0,13.0,13.0,,,0.0,,,,,,,,,,,,,,,
GER-Bundesliga,2526,Hamburger SV,Alexander Røssing-Lelesiit,NOR,"FW,MF",18.0,2007.0,11.0,5.0,321.0,3.6,0.0,1.0,1.0,0.0,0.0,0.0,3.0,1.0,0.0,0.28,0.28,0.0,0.28,3.6,0.0,2.0,2.0,100.0,0.56,0.56,0.0,0.0,0.0,0.0,29.0,10.5,5,53.0,0,6,9.0,4,1.09,1.0,10.0,-9.0,-2.52,-2.36,1.0,13.0,7.0,1.0,4.0,1.0,2.0,,,0.0,,,,,,,,,,,,,,,
GER-Bundesliga,2526,Hamburger SV,Bakery Jatta,GAM,MF,27.0,1998.0,15.0,12.0,911.0,10.1,1.0,1.0,2.0,1.0,0.0,0.0,1.0,0.0,0.1,0.1,0.2,0.1,0.2,10.1,1.0,11.0,4.0,36.4,1.09,0.4,0.09,0.25,0.0,0.0,61.0,29.8,12,71.0,2,3,20.0,1,1.33,16.0,12.0,4.0,0.4,1.15,0.0,13.0,5.0,2.0,19.0,8.0,11.0,,,0.0,,,,,,,,,,,,,,,
GER-Bundesliga,2526,Hamburger SV,Damion Downs,USA,FW,21.0,2004.0,12.0,6.0,536.0,6.0,0.0,0.0,0.0,0.0,0.0,0.0,0.0,0.0,0.0,0.0,0.0,0.0,0.0,6.0,0.0,7.0,4.0,57.1,1.18,0.67,0.0,0.0,0.0,0.0,45.0,17.5,6,70.0,0,6,20.0,3,1.0,4.0,8.0,-4.0,-0.67,-0.32,0.0,8.0,1.0,2.0,0.0,0.0,2.0,,,0.0,,,,,,,,,,,,,,,
GER-Bundesliga,2526,Hamburger SV,Daniel Elfadli,LBY,DF,28.0,1997.0,21.0,15.0,1253.0,13.9,0.0,0.0,0.0,0.0,0.0,0.0,6.0,1.0,0.0,0.0,0.0,0.0,0.0,13.9,0.0,4.0,1.0,25.0,0.29,0.07,0.0,0.0,0.0,0.0,60.0,40.9,15,77.0,8,6,17.0,8,1.14,15.0,21.0,-6.0,-0.43,-0.03,1.0,20.0,15.0,0.0,0.0,20.0,14.0,,,0.0,,,,,,,,,,,,,,,
GER-Bundesliga,2526,Hamburger SV,Daniel Heuer Fernandes,POR,GK,32.0,1992.0,33.0,33.0,2970.0,33.0,0.0,0.0,0.0,0.0,0.0,0.0,3.0,0.0,0.0,0.0,0.0,0.0,0.0,33.0,0.0,1.0,0.0,0.0,0.03,0.0,0.0,,0.0,0.0,90.0,97.1,33,90.0,33,0,,1,1.12,39.0,53.0,-14.0,-0.42,-0.42,0.0,0.0,4.0,0.0,0.0,0.0,0.0,,,0.0,53.0,1.61,158.0,105.0,66.5,9.0,10.0,14.0,6.0,18.2,10.0,6.0,2.0,2.0,25.0
GER-Bundesliga,2526,Hamburger SV,Emir Sahiti,KVX,FW,26.0,1998.0,2.0,2.0,120.0,1.3,0.0,0.0,0.0,0.0,0.0,0.0,0.0,0.0,0.0,0.0,0.0,0.0,0.0,1.3,0.0,0.0,0.0,,0.0,0.0,,,0.0,0.0,60.0,3.9,2,60.0,0,0,,3,0.5,0.0,1.0,-1.0,-0.75,-0.35,0.0,0.0,1.0,0.0,1.0,0.0,0.0,,,0.0,,,,,,,,,,,,,,,
GER-Bundesliga,2526,Hamburger SV,Fabio Baldé,POR,"FW,MF",20.0,2005.0,16.0,3.0,448.0,5.0,1.0,1.0,2.0,1.0,0.0,0.0,1.0,0.0,0.2,0.2,0.4,0.2,0.4,5.0,1.0,9.0,4.0,44.4,1.81,0.8,0.11,0.25,0.0,0.0,28.0,14.6,3,72.0,0,13,18.0,4,1.35,6.0,15.0,-9.0,-1.81,-1.64,0.0,4.0,2.0,0.0,16.0,1.0,7.0,,,0.0,,,,,,,,,,,,,,,
GER-Bundesliga,2526,Hamburger SV,Fabio Vieira,POR,"MF,FW",25.0,2000.0,29.0,25.0,2206.0,24.5,7.0,5.0,12.0,6.0,1.0,1.0,4.0,2.0,0.29,0.2,0.49,0.24,0.45,24.5,7.0,59.0,19.0,32.2,2.41,0.78,0.12,0.37,1.0,1.0,76.0,72.1,25,84.0,10,4,24.0,0,1.14,29.0,36.0,-7.0,-0.29,0.45,1.0,18.0,44.0,1.0,59.0,15.0,9.0,,,0.0,,,,,,,,,,,,,,,
GER-Bundesliga,2526,Hamburger SV,Giorgi Gocholeishvili,GEO,MF,24.0,2001.0,24.0,9.0,940.0,10.4,0.0,2.0,2.0,0.0,0.0,0.0,3.0,1.0,0.0,0.19,0.19,0.0,0.19,10.4,0.0,14.0,2.0,14.3,1.34,0.19,0.0,0.0,0.0,0.0,39.0,30.7,9,78.0,1,15,16.0,6,1.33,9.0,12.0,-3.0,-0.29,0.18,1.0,13.0,19.0,3.0,20.0,7.0,14.0,,,0.0,,,,,,,,,,,,,,,
GER-Bundesliga,2526,Hamburger SV,Guilherme Ramos,POR,DF,27.0,1997.0,8.0,0.0,48.0,0.5,0.0,0.0,0.0,0.0,0.0,0.0,0.0,0.0,0.0,0.0,0.0,0.0,0.0,0.5,0.0,1.0,1.0,100.0,1.87,1.87,0.0,0.0,0.0,0.0,6.0,1.6,0,,0,8,6.0,5,0.75,2.0,1.0,1.0,1.87,2.32,0.0,1.0,1.0,0.0,0.0,0.0,0.0,,,0.0,,,,,,,,,,,,,,,
GER-Bundesliga,2526,Hamburger SV,Immanuel Pherai,SUR,"FW,MF",24.0,2001.0,6.0,0.0,35.0,0.4,0.0,0.0,0.0,0.0,0.0,0.0,2.0,1.0,0.0,0.0,0.0,0.0,0.0,0.4,0.0,1.0,0.0,0.0,2.57,0.0,0.0,,0.0,0.0,6.0,1.1,0,,0,6,6.0,4,0.33,0.0,0.0,0.0,0.0,0.42,1.0,4.0,2.0,0.0,4.0,0.0,1.0,,,0.0,,,,,,,,,,,,,,,
GER-Bundesliga,2526,Hamburger SV,Jean-Luc Dompé,FRA,"FW,MF",29.0,1995.0,20.0,12.0,1138.0,12.6,3.0,0.0,3.0,2.0,1.0,1.0,0.0,0.0,0.24,0.0,0.24,0.16,0.16,12.6,3.0,25.0,12.0,48.0,1.98,0.95,0.12,0.25,1.0,1.0,57.0,37.2,12,81.0,5,8,21.0,3,1.05,16.0,14.0,2.0,0.16,0.91,0.0,2.0,9.0,4.0,82.0,0.0,5.0,,,0.0,,,,,,,,,,,,,,,
GER-Bundesliga,2526,Hamburger SV,Jonas Meffert,GER,MF,30.0,1994.0,4.0,1.0,145.0,1.6,0.0,0.0,0.0,0.0,0.0,0.0,0.0,0.0,0.0,0.0,0.0,0.0,0.0,1.6,0.0,0.0,0.0,,0.0,0.0,,,0.0,0.0,36.0,4.7,1,66.0,0,3,26.0,9,1.0,0.0,4.0,-4.0,-2.48,-2.17,0.0,1.0,0.0,0.0,0.0,1.0,3.0,,,0.0,,,,,,,,,,,,,,,
GER-Bundesliga,2526,Hamburger SV,Jordan Torunarigha,GER,DF,27.0,1997.0,24.0,21.0,1962.0,21.8,0.0,0.0,0.0,0.0,0.0,0.0,3.0,0.0,0.0,0.0,0.0,0.0,0.0,21.8,0.0,5.0,1.0,20.0,0.23,0.05,0.0,0.0,0.0,0.0,82.0,64.1,21,88.0,16,3,35.0,5,1.08,23.0,35.0,-12.0,-0.55,-0.39,0.0,19.0,13.0,0.0,3.0,30.0,22.0,,,0.0,,,,,,,,,,,,,,,
GER-Bundesliga,2526,Hamburger SV,Louis Lemke,GER,DF,15.0,2009.0,1.0,0.0,1.0,0.0,0.0,0.0,0.0,0.0,0.0,0.0,0.0,0.0,0.0,0.0,0.0,0.0,0.0,0.0,0.0,0.0,0.0,,0.0,0.0,,,0.0,0.0,1.0,0.0,0,,0,1,1.0,1,3.0,0.0,0.0,0.0,0.0,0.41,0.0,0.0,0.0,0.0,0.0,0.0,0.0,,,0.0,,,,,,,,,,,,,,,
GER-Bundesliga,2526,Hamburger SV,Luka Vušković,CRO,DF,18.0,2007.0,28.0,27.0,2442.0,27.1,6.0,0.0,6.0,5.0,1.0,1.0,6.0,0.0,0.22,0.0,0.22,0.18,0.18,27.1,6.0,32.0,10.0,31.3,1.18,0.37,0.19,0.6,1.0,1.0,87.0,79.8,27,90.0,26,1,13.0,1,1.29,35.0,41.0,-6.0,-0.22,0.94,0.0,29.0,32.0,1.0,2.0,40.0,17.0,,,0.0,,,,,,,,,,,,,,,
GER-Bundesliga,2526,Hamburger SV,Miro Muheim,SUI,"MF,DF",27.0,1998.0,29.0,27.0,2435.0,27.1,0.0,4.0,4.0,0.0,0.0,0.0,7.0,1.0,0.0,0.15,0.15,0.0,0.15,27.1,0.0,24.0,7.0,29.2,0.89,0.26,0.0,0.0,0.0,0.0,84.0,79.6,27,88.0,23,2,30.0,0,1.1,33.0,42.0,-9.0,-0.33,0.39,0.0,39.0,50.0,1.0,148.0,27.0,35.0,,,0.0,,,,,,,,,,,,,,,
GER-Bundesliga,2526,Hamburger SV,Nicolai Remberg,GER,MF,25.0,2000.0,32.0,32.0,2880.0,32.0,0.0,2.0,2.0,0.0,0.0,0.0,11.0,0.0,0.0,0.06,0.06,0.0,0.06,32.0,0.0,17.0,8.0,47.1,0.53,0.25,0.0,0.0,0.0,0.0,90.0,94.1,32,90.0,32,0,,0,1.16,38.0,49.0,-11.0,-0.34,1.16,0.0,44.0,48.0,1.0,5.0,43.0,27.0,,,0.0,,,,,,,,,,,,,,,
GER-Bundesliga,2526,Hamburger SV,Nicolás Capaldo,ARG,"DF,MF",26.0,1998.0,26.0,24.0,2001.0,22.2,1.0,3.0,4.0,1.0,0.0,0.0,10.0,0.0,0.04,0.13,0.18,0.04,0.18,22.2,1.0,22.0,6.0,27.3,0.99,0.27,0.05,0.17,0.0,0.0,77.0,65.4,24,82.0,12,2,14.0,1,1.04,27.0,34.0,-7.0,-0.31,0.28,0.0,31.0,46.0,2.0,21.0,35.0,46.0,,,0.0,,,,,,,,,,,,,,,
GER-Bundesliga,2526,Hamburger SV,Otto Stange,GER,FW,18.0,2007.0,10.0,2.0,293.0,3.3,0.0,0.0,0.0,0.0,0.0,0.0,0.0,0.0,0.0,0.0,0.0,0.0,0.0,3.3,0.0,9.0,1.0,11.1,2.76,0.31,0.0,0.0,0.0,0.0,29.0,9.6,2,70.0,0,8,19.0,6,0.6,3.0,5.0,-2.0,-0.61,-0.22,0.0,5.0,6.0,0.0,6.0,0.0,3.0,,,0.0,,,,,,,,,,,,,,,
GER-Bundesliga,2526,Hamburger SV,Philip Otele,NGA,"MF,FW",26.0,1999.0,9.0,7.0,471.0,5.2,1.0,1.0,2.0,1.0,0.0,0.0,3.0,1.0,0.19,0.19,0.38,0.19,0.38,5.2,1.0,7.0,3.0,42.9,1.34,0.57,0.14,0.33,0.0,0.0,52.0,15.4,7,65.0,0,2,7.0,2,1.33,9.0,6.0,3.0,0.57,1.16,0.0,8.0,4.0,1.0,12.0,3.0,2.0,,,0.0,,,,,,,,,,,,,,,
GER-Bundesliga,2526,Hamburger SV,Ransford Königsdörffer,GHA,"FW,MF",23.0,2001.0,33.0,29.0,2329.0,25.9,5.0,1.0,6.0,5.0,0.0,1.0,2.0,0.0,0.19,0.04,0.23,0.19,0.23,25.9,5.0,65.0,22.0,33.8,2.51,0.85,0.08,0.23,0.0,1.0,71.0,76.1,29,76.0,5,4,29.0,0,1.12,33.0,44.0,-11.0,-0.43,-0.06,0.0,25.0,32.0,28.0,21.0,6.0,4.0,,,0.0,,,,,,,,,,,,,,,
GER-Bundesliga,2526,Hamburger SV,Rayan Philippe,FRA,"FW,MF",24.0,2000.0,28.0,13.0,1285.0,14.3,5.0,0.0,5.0,5.0,0.0,1.0,2.0,0.0,0.35,0.0,0.35,0.35,0.35,14.3,5.0,39.0,16.0,41.0,2.73,1.12,0.13,0.31,0.0,1.0,46.0,42.0,13,73.0,1,15,22.0,4,1.0,15.0,17.0,-2.0,-0.14,0.47,0.0,24.0,9.0,2.0,31.0,3.0,13.0,,,0.0,,,,,,,,,,,,,,,
GER-Bundesliga,2526,Hamburger SV,Robert Glatzel,GER,FW,31.0,1994.0,19.0,7.0,612.0,6.8,3.0,2.0,5.0,2.0,1.0,1.0,0.0,0.0,0.44,0.29,0.74,0.29,0.59,6.8,3.0,16.0,7.0,43.8,2.35,1.03,0.19,0.43,1.0,1.0,32.0,20.0,7,65.0,1,12,13.0,5,1.16,10.0,13.0,-3.0,-0.44,-0.04,0.0,9.0,13.0,2.0,1.0,0.0,1.0,,,0.0,,,,,,,,,,,,,,,
GER-Bundesliga,2526,Hamburger SV,Sander Tangvik,NOR,GK,22.0,2002.0,1.0,1.0,90.0,1.0,0.0,0.0,0.0,0.0,0.0,0.0,0.0,0.0,0.0,0.0,0.0,0.0,0.0,1.0,0.0,0.0,0.0,,0.0,0.0,,,0.0,0.0,90.0,2.9,1,90.0,1,0,,15,1.0,1.0,1.0,0.0,0.0,0.42,0.0,0.0,1.0,0.0,0.0,0.0,0.0,,,0.0,1.0,1.0,7.0,6.0,85.7,0.0,1.0,0.0,0.0,0.0,1.0,0.0,1.0,0.0,100.0
GER-Bundesliga,2526,Hamburger SV,Shafiq Nandja,GER,DF,18.0,2007.0,2.0,0.0,15.0,0.2,0.0,0.0,0.0,0.0,0.0,0.0,0.0,0.0,0.0,0.0,0.0,0.0,0.0,0.2,0.0,0.0,0.0,,0.0,0.0,,,0.0,0.0,8.0,0.5,0,,0,2,8.0,4,2.0,0.0,1.0,-1.0,-6.0,-5.62,0.0,0.0,0.0,0.0,0.0,0.0,0.0,,,0.0,,,,,,,,,,,,,,,
GER-Bundesliga,2526,Hamburger SV,Warmed Omari,COM,DF,25.0,2000.0,20.0,17.0,1605.0,17.8,0.0,1.0,1.0,0.0,0.0,0.0,0.0,0.0,0.0,0.06,0.06,0.0,0.06,17.8,0.0,3.0,1.0,33.3,0.17,0.06,0.0,0.0,0.0,0.0,80.0,52.5,17,87.0,12,3,45.0,0,1.1,19.0,28.0,-9.0,-0.5,-0.2,0.0,16.0,11.0,0.0,4.0,28.0,19.0,,,0.0,,,,,,,,,,,,,,,
GER-Bundesliga,2526,Hamburger SV,William Mikelbrencis,FRA,"MF,DF",21.0,2004.0,26.0,15.0,1372.0,15.2,0.0,4.0,4.0,0.0,0.0,0.0,3.0,0.0,0.0,0.26,0.26,0.0,0.26,15.2,0.0,12.0,6.0,50.0,0.79,0.39,0.0,0.0,0.0,0.0,53.0,44.8,15,81.0,5,11,15.0,6,1.04,17.0,34.0,-17.0,-1.12,-1.28,0.0,18.0,5.0,5.0,54.0,6.0,22.0,,,0.0,,,,,,,,,,,,,,,
GER-Bundesliga,2526,Hamburger SV,Yussuf Poulsen,DEN,FW,31.0,1994.0,15.0,1.0,334.0,3.7,1.0,0.0,1.0,1.0,0.0,0.0,4.0,0.0,0.27,0.0,0.27,0.27,0.27,3.7,1.0,7.0,3.0,42.9,1.89,0.81,0.14,0.33,0.0,0.0,22.0,10.9,1,61.0,0,14,20.0,1,1.27,4.0,6.0,-2.0,-0.54,-0.14,0.0,13.0,3.0,2.0,2.0,2.0,2.0,,,0.0,,,,,,,,,,,,,,,
GER-Bundesliga,2526,Heidenheim,Adam Kölle,GER,DF,19.0,2006.0,6.0,0.0,93.0,1.0,1.0,0.0,1.0,1.0,0.0,0.0,1.0,0.0,0.97,0.0,0.97,0.97,0.97,1.0,1.0,2.0,1.0,50.0,1.94,0.97,0.5,1.0,0.0,0.0,16.0,3.0,0,,0,6,16.0,9,0.83,2.0,3.0,-1.0,-0.97,-0.06,0.0,5.0,1.0,0.0,1.0,1.0,1.0,,,0.0,,,,,,,,,,,,,,,
GER-Bundesliga,2526,Heidenheim,Adrian Beck,GER,MF,28.0,1997.0,24.0,9.0,868.0,9.6,1.0,1.0,2.0,1.0,0.0,0.0,1.0,0.0,0.1,0.1,0.21,0.1,0.21,9.6,1.0,11.0,4.0,36.4,1.14,0.41,0.09,0.25,0.0,0.0,36.0,28.4,9,66.0,1,15,18.0,7,0.71,7.0,21.0,-14.0,-1.45,-0.75,0.0,13.0,14.0,1.0,15.0,3.0,17.0,,,0.0,,,,,,,,,,,,,,,
GER-Bundesliga,2526,Heidenheim,Arijon Ibrahimović,GER,"MF,FW",19.0,2005.0,32.0,25.0,2169.0,24.1,2.0,4.0,6.0,1.0,1.0,1.0,2.0,0.0,0.08,0.17,0.25,0.04,0.21,24.1,2.0,47.0,19.0,40.4,1.95,0.79,0.04,0.11,1.0,1.0,68.0,70.9,25,78.0,10,7,30.0,0,0.78,29.0,49.0,-20.0,-0.83,0.28,0.0,13.0,27.0,5.0,127.0,23.0,18.0,,,0.0,,,,,,,,,,,,,,,
GER-Bundesliga,2526,Heidenheim,Benedikt Gimber,GER,DF,28.0,1997.0,21.0,18.0,1436.0,16.0,0.0,0.0,0.0,0.0,0.0,0.0,6.0,0.0,0.0,0.0,0.0,0.0,0.0,16.0,0.0,4.0,1.0,25.0,0.25,0.06,0.0,0.0,0.0,0.0,68.0,46.9,18,75.0,10,3,28.0,6,0.62,8.0,40.0,-32.0,-2.01,-2.06,0.0,27.0,31.0,0.0,5.0,15.0,21.0,,,0.0,,,,,,,,,,,,,,,
GER-Bundesliga,2526,Heidenheim,Budu Zivzivadze,GEO,FW,31.0,1994.0,20.0,14.0,1142.0,12.7,6.0,0.0,6.0,6.0,0.0,0.0,2.0,1.0,0.47,0.0,0.47,0.47,0.47,12.7,6.0,28.0,14.0,50.0,2.21,1.1,0.21,0.43,0.0,0.0,57.0,37.3,14,70.0,3,6,28.0,0,0.7,19.0,30.0,-11.0,-0.87,0.07,0.0,15.0,13.0,8.0,6.0,1.0,10.0,,,0.0,,,,,,,,,,,,,,,
GER-Bundesliga,2526,Heidenheim,Christian Conteh,GER,"MF,FW",25.0,1999.0,9.0,4.0,404.0,4.5,0.0,0.0,0.0,0.0,0.0,0.0,0.0,0.0,0.0,0.0,0.0,0.0,0.0,4.5,0.0,3.0,0.0,0.0,0.67,0.0,0.0,,0.0,0.0,45.0,13.2,4,70.0,1,5,25.0,1,0.89,5.0,9.0,-4.0,-0.89,0.02,0.0,4.0,3.0,1.0,10.0,1.0,1.0,,,0.0,,,,,,,,,,,,,,,
GER-Bundesliga,2526,Heidenheim,Diant Ramaj,GER,GK,23.0,2001.0,31.0,31.0,2790.0,31.0,0.0,1.0,1.0,0.0,0.0,0.0,2.0,0.0,0.0,0.03,0.03,0.0,0.03,31.0,0.0,0.0,0.0,,0.0,0.0,,,0.0,0.0,90.0,91.2,31,90.0,31,0,,2,0.74,38.0,67.0,-29.0,-0.94,-0.27,0.0,2.0,2.0,0.0,0.0,0.0,0.0,,,0.0,67.0,2.16,167.0,100.0,59.9,5.0,8.0,18.0,1.0,3.2,6.0,5.0,0.0,1.0,0.0
GER-Bundesliga,2526,Heidenheim,Eren Dinkçi,GER,"MF,FW",23.0,2001.0,14.0,13.0,1131.0,12.6,3.0,1.0,4.0,3.0,0.0,0.0,3.0,0.0,0.24,0.08,0.32,0.24,0.32,12.6,3.0,25.0,9.0,36.0,1.99,0.72,0.12,0.33,0.0,0.0,81.0,37.0,13,85.0,7,1,28.0,0,0.93,22.0,24.0,-2.0,-0.16,1.19,0.0,9.0,4.0,0.0,22.0,5.0,13.0,,,0.0,,,,,,,,,,,,,,,
GER-Bundesliga,2526,Heidenheim,Frank Feller,GER,GK,21.0,2004.0,3.0,3.0,270.0,3.0,0.0,0.0,0.0,0.0,0.0,0.0,0.0,0.0,0.0,0.0,0.0,0.0,0.0,3.0,0.0,0.0,0.0,,0.0,0.0,,,0.0,0.0,90.0,8.8,3,90.0,3,0,,16,1.0,3.0,5.0,-2.0,-0.67,0.27,0.0,0.0,2.0,0.0,0.0,0.0,1.0,,,0.0,5.0,1.67,20.0,15.0,75.0,1.0,0.0,2.0,0.0,0.0,0.0,0.0,0.0,0.0,
GER-Bundesliga,2526,Heidenheim,Hannes Behrens,GER,"DF,MF",20.0,2005.0,16.0,15.0,1318.0,14.6,1.0,2.0,3.0,1.0,0.0,0.0,0.0,0.0,0.07,0.14,0.2,0.07,0.2,14.6,1.0,9.0,4.0,44.4,0.61,0.27,0.11,0.25,0.0,0.0,82.0,43.1,15,87.0,13,1,14.0,0,0.81,23.0,29.0,-6.0,-0.41,0.88,0.0,5.0,27.0,1.0,59.0,18.0,18.0,,,1.0,,,,,,,,,,,,,,,
GER-Bundesliga,2526,Heidenheim,Jan Schöppner,GER,MF,26.0,1999.0,31.0,29.0,2252.0,25.0,3.0,3.0,6.0,3.0,0.0,0.0,5.0,0.0,0.12,0.12,0.24,0.12,0.24,25.0,3.0,25.0,7.0,28.0,1.0,0.28,0.12,0.43,0.0,0.0,73.0,73.6,29,76.0,15,2,28.0,2,0.81,26.0,51.0,-25.0,-1.0,-0.33,0.0,21.0,17.0,3.0,14.0,32.0,17.0,,,0.0,,,,,,,,,,,,,,,
GER-Bundesliga,2526,Heidenheim,Jonas Föhrenbach,GER,"DF,MF",29.0,1996.0,27.0,25.0,2325.0,25.8,1.0,1.0,2.0,1.0,0.0,0.0,3.0,0.0,0.04,0.04,0.08,0.04,0.08,25.8,1.0,6.0,1.0,16.7,0.23,0.04,0.17,1.0,0.0,0.0,86.0,76.0,25,88.0,22,2,65.0,4,0.93,34.0,51.0,-17.0,-0.66,1.06,0.0,16.0,18.0,1.0,78.0,33.0,27.0,,,0.0,,,,,,,,,,,,,,,
GER-Bundesliga,2526,Heidenheim,Julian Niehues,GER,MF,24.0,2001.0,24.0,17.0,1383.0,15.4,3.0,0.0,3.0,3.0,0.0,0.0,1.0,0.0,0.2,0.0,0.2,0.2,0.2,15.4,3.0,18.0,5.0,27.8,1.17,0.33,0.17,0.6,0.0,0.0,58.0,45.2,17,71.0,4,7,25.0,10,0.88,24.0,30.0,-6.0,-0.39,0.95,0.0,10.0,9.0,2.0,3.0,23.0,10.0,,,0.0,,,,,,,,,,,,,,,
GER-Bundesliga,2526,Heidenheim,Leart Paqarada,KVX,DF,30.0,1994.0,1.0,1.0,6.0,0.1,0.0,0.0,0.0,0.0,0.0,0.0,0.0,0.0,0.0,0.0,0.0,0.0,0.0,0.1,0.0,0.0,0.0,,0.0,0.0,,,0.0,0.0,6.0,0.2,1,6.0,0,0,,1,0.0,0.0,0.0,0.0,0.0,0.91,0.0,0.0,0.0,0.0,0.0,0.0,0.0,,,0.0,,,,,,,,,,,,,,,
GER-Bundesliga,2526,Heidenheim,Leonidas Stergiou,SUI,DF,23.0,2002.0,5.0,1.0,206.0,2.3,0.0,0.0,0.0,0.0,0.0,0.0,0.0,0.0,0.0,0.0,0.0,0.0,0.0,2.3,0.0,1.0,0.0,0.0,0.44,0.0,0.0,,0.0,0.0,41.0,6.7,1,90.0,1,4,29.0,4,1.0,1.0,7.0,-6.0,-2.62,-1.83,0.0,3.0,1.0,0.0,1.0,1.0,3.0,,,0.0,,,,,,,,,,,,,,,
GER-Bundesliga,2526,Heidenheim,Luca Kerber,GER,MF,23.0,2002.0,18.0,8.0,682.0,7.6,2.0,0.0,2.0,2.0,0.0,0.0,3.0,0.0,0.26,0.0,0.26,0.26,0.26,7.6,2.0,9.0,3.0,33.3,1.19,0.4,0.22,0.67,0.0,0.0,38.0,22.3,8,71.0,2,10,12.0,14,1.0,5.0,18.0,-13.0,-1.72,-1.03,0.0,12.0,6.0,1.0,4.0,3.0,11.0,,,0.0,,,,,,,,,,,,,,,
GER-Bundesliga,2526,Heidenheim,Léo Scienza,BRA,MF,26.0,1998.0,2.0,2.0,180.0,2.0,1.0,0.0,1.0,1.0,0.0,0.0,0.0,0.0,0.5,0.0,0.5,0.5,0.5,2.0,1.0,4.0,1.0,25.0,2.0,0.5,0.25,1.0,0.0,0.0,90.0,5.9,2,90.0,2,0,,0,0.0,1.0,5.0,-4.0,-2.0,-1.16,0.0,1.0,7.0,0.0,13.0,0.0,2.0,,,0.0,,,,,,,,,,,,,,,
GER-Bundesliga,2526,Heidenheim,Marnon Busch,GER,"DF,MF",30.0,1994.0,29.0,20.0,1915.0,21.3,1.0,5.0,6.0,1.0,0.0,0.0,4.0,0.0,0.05,0.23,0.28,0.05,0.28,21.3,1.0,12.0,3.0,25.0,0.56,0.14,0.08,0.33,0.0,0.0,66.0,62.6,20,85.0,13,9,25.0,2,0.76,26.0,43.0,-17.0,-0.8,0.3,0.0,18.0,8.0,1.0,61.0,34.0,24.0,,,0.0,,,,,,,,,,,,,,,
GER-Bundesliga,2526,Heidenheim,Marvin Pieringer,GER,"FW,MF",25.0,1999.0,27.0,20.0,1650.0,18.3,4.0,1.0,5.0,3.0,1.0,1.0,2.0,0.0,0.22,0.05,0.27,0.16,0.22,18.3,4.0,32.0,8.0,25.0,1.75,0.44,0.13,0.5,1.0,1.0,61.0,53.9,20,75.0,5,7,21.0,0,0.85,28.0,38.0,-10.0,-0.55,0.79,0.0,37.0,27.0,11.0,20.0,11.0,14.0,,,0.0,,,,,,,,,,,,,,,
GER-Bundesliga,2526,Heidenheim,Mathias Honsak,AUT,"MF,FW",28.0,1996.0,27.0,15.0,1249.0,13.9,2.0,1.0,3.0,2.0,0.0,0.0,1.0,0.0,0.14,0.07,0.22,0.14,0.22,13.9,2.0,31.0,8.0,25.8,2.23,0.58,0.06,0.25,0.0,0.0,46.0,40.8,15,67.0,1,12,20.0,2,0.63,11.0,30.0,-19.0,-1.37,-0.77,0.0,11.0,15.0,9.0,25.0,17.0,12.0,,,0.0,,,,,,,,,,,,,,,
GER-Bundesliga,2526,Heidenheim,Mikkel Kaufmann,DEN,FW,24.0,2001.0,16.0,6.0,537.0,6.0,1.0,1.0,2.0,1.0,0.0,0.0,2.0,0.0,0.17,0.17,0.34,0.17,0.34,6.0,1.0,11.0,3.0,27.3,1.84,0.5,0.09,0.33,0.0,0.0,34.0,17.5,6,63.0,0,10,16.0,1,0.5,3.0,10.0,-7.0,-1.17,-0.32,0.0,14.0,13.0,1.0,1.0,1.0,2.0,,,0.0,,,,,,,,,,,,,,,
GER-Bundesliga,2526,Heidenheim,Niklas Dorsch,GER,MF,27.0,1998.0,32.0,27.0,2258.0,25.1,0.0,1.0,1.0,0.0,0.0,0.0,2.0,0.0,0.0,0.04,0.04,0.0,0.04,25.1,0.0,14.0,3.0,21.4,0.56,0.12,0.0,0.0,0.0,0.0,71.0,73.8,27,79.0,10,5,24.0,1,0.81,28.0,51.0,-23.0,-0.92,-0.02,0.0,30.0,27.0,1.0,33.0,19.0,31.0,,,0.0,,,,,,,,,,,,,,,
GER-Bundesliga,2526,Heidenheim,Omar Traoré,GER,"DF,MF",27.0,1998.0,26.0,16.0,1501.0,16.7,0.0,2.0,2.0,0.0,0.0,0.0,2.0,0.0,0.0,0.12,0.12,0.0,0.12,16.7,0.0,10.0,2.0,20.0,0.6,0.12,0.0,0.0,0.0,0.0,58.0,49.1,16,78.0,8,10,26.0,7,0.65,21.0,41.0,-20.0,-1.2,-0.56,0.0,22.0,19.0,2.0,37.0,17.0,11.0,,,0.0,,,,,,,,,,,,,,,
GER-Bundesliga,2526,Heidenheim,Patrick Mainka,GER,DF,30.0,1994.0,34.0,34.0,3060.0,34.0,2.0,2.0,4.0,2.0,0.0,0.0,1.0,0.0,0.06,0.06,0.12,0.06,0.12,34.0,2.0,37.0,9.0,24.3,1.09,0.26,0.05,0.22,0.0,0.0,90.0,100.0,34,90.0,34,0,,0,0.76,41.0,72.0,-31.0,-0.91,,0.0,10.0,20.0,3.0,0.0,36.0,30.0,,,0.0,,,,,,,,,,,,,,,
GER-Bundesliga,2526,Heidenheim,Sirlord Conteh,GER,"MF,FW",29.0,1996.0,15.0,3.0,625.0,6.9,2.0,1.0,3.0,2.0,0.0,0.0,1.0,0.0,0.29,0.14,0.43,0.29,0.43,6.9,2.0,10.0,3.0,30.0,1.44,0.43,0.2,0.67,0.0,0.0,42.0,20.4,3,80.0,1,12,32.0,1,0.4,11.0,16.0,-5.0,-0.72,0.24,0.0,7.0,10.0,8.0,17.0,4.0,7.0,,,0.0,,,,,,,,,,,,,,,
GER-Bundesliga,2526,Heidenheim,Stefan Schimmer,GER,FW,31.0,1994.0,27.0,3.0,820.0,9.1,5.0,1.0,6.0,5.0,0.0,0.0,1.0,0.0,0.55,0.11,0.66,0.55,0.66,9.1,5.0,32.0,12.0,37.5,3.51,1.32,0.16,0.42,0.0,0.0,30.0,26.8,3,67.0,0,24,26.0,4,0.78,14.0,18.0,-4.0,-0.44,0.65,0.0,13.0,5.0,4.0,10.0,4.0,4.0,,,0.0,,,,,,,,,,,,,,,
GER-Bundesliga,2526,Heidenheim,Thomas Keller,GER,DF,25.0,1999.0,4.0,3.0,188.0,2.1,0.0,0.0,0.0,0.0,0.0,0.0,1.0,0.0,0.0,0.0,0.0,0.0,0.0,2.1,0.0,2.0,0.0,0.0,0.96,0.0,0.0,,0.0,0.0,47.0,6.1,3,60.0,1,1,8.0,4,1.5,2.0,3.0,-1.0,-0.48,0.46,0.0,3.0,2.0,0.0,1.0,0.0,1.0,,,0.0,,,,,,,,,,,,,,,
GER-Bundesliga,2526,Heidenheim,Tim Siersleben,GER,DF,25.0,2000.0,15.0,12.0,1081.0,12.0,0.0,0.0,0.0,0.0,0.0,0.0,2.0,0.0,0.0,0.0,0.0,0.0,0.0,12.0,0.0,5.0,3.0,60.0,0.42,0.25,0.0,0.0,0.0,0.0,72.0,35.3,12,85.0,9,3,19.0,16,0.73,16.0,29.0,-13.0,-1.08,-0.26,0.0,13.0,13.0,1.0,13.0,21.0,16.0,,,0.0,,,,,,,,,,,,,,,
GER-Bundesliga,2526,Heidenheim,Tobias Weigel,GER,FW,18.0,2007.0,1.0,0.0,2.0,0.0,0.0,0.0,0.0,0.0,0.0,0.0,0.0,0.0,0.0,0.0,0.0,0.0,0.0,0.0,0.0,0.0,0.0,,0.0,0.0,,,0.0,0.0,2.0,0.1,0,,0,1,2.0,1,0.0,0.0,0.0,0.0,0.0,0.91,0.0,0.0,0.0,0.0,0.0,0.0,0.0,,,0.0,,,,,,,,,,,,,,,
GER-Bundesliga,2526,Heidenheim,Yannik Wagner,GER,FW,18.0,2007.0,4.0,0.0,49.0,0.5,0.0,0.0,0.0,0.0,0.0,0.0,0.0,0.0,0.0,0.0,0.0,0.0,0.0,0.5,0.0,1.0,0.0,0.0,1.84,0.0,0.0,,0.0,0.0,12.0,1.6,0,,0,4,12.0,5,0.75,3.0,0.0,3.0,5.51,6.53,0.0,0.0,0.0,0.0,2.0,0.0,0.0,,,0.0,,,,,,,,,,,,,,,
GER-Bundesliga,2526,Hoffenheim,Adam Hložek,CZE,"FW,MF",23.0,2002.0,5.0,0.0,41.0,0.5,0.0,0.0,0.0,0.0,0.0,0.0,0.0,0.0,0.0,0.0,0.0,0.0,0.0,0.5,0.0,3.0,1.0,33.3,6.59,2.2,0.0,0.0,0.0,0.0,8.0,1.3,0,,0,5,8.0,1,1.4,0.0,3.0,-3.0,-6.59,-7.06,0.0,0.0,1.0,0.0,0.0,0.0,0.0,,,0.0,,,,,,,,,,,,,,,
GER-Bundesliga,2526,Hoffenheim,Albian Hajdari,KVX,DF,22.0,2003.0,30.0,28.0,2434.0,27.0,1.0,2.0,3.0,1.0,0.0,0.0,10.0,0.0,0.04,0.07,0.11,0.04,0.11,27.0,1.0,19.0,4.0,21.1,0.7,0.15,0.05,0.25,0.0,0.0,81.0,79.5,28,85.0,20,2,32.0,1,1.77,52.0,37.0,15.0,0.55,0.84,0.0,43.0,23.0,0.0,19.0,42.0,38.0,,,0.0,,,,,,,,,,,,,,,
GER-Bundesliga,2526,Hoffenheim,Alexander Prass,AUT,MF,24.0,2001.0,32.0,12.0,1308.0,14.5,3.0,2.0,5.0,3.0,0.0,0.0,4.0,0.0,0.21,0.14,0.34,0.21,0.34,14.5,3.0,18.0,11.0,61.1,1.24,0.76,0.17,0.27,0.0,0.0,41.0,42.7,12,80.0,4,20,18.0,2,1.88,25.0,25.0,0.0,0.0,-0.67,0.0,26.0,21.0,2.0,47.0,6.0,22.0,,,0.0,,,,,,,,,,,,,,,
GER-Bundesliga,2526,Hoffenheim,Andrej Kramarić,CRO,"MF,FW",34.0,1991.0,34.0,26.0,2207.0,24.5,14.0,6.0,20.0,9.0,5.0,5.0,2.0,0.0,0.57,0.24,0.82,0.37,0.61,24.5,14.0,64.0,33.0,51.6,2.61,1.35,0.22,0.42,5.0,5.0,65.0,72.1,26,75.0,4,8,32.0,0,1.79,53.0,33.0,20.0,0.82,1.55,0.0,5.0,14.0,5.0,82.0,7.0,5.0,,,0.0,,,,,,,,,,,,,,,
GER-Bundesliga,2526,Hoffenheim,Arthur Chaves,BRA,DF,24.0,2001.0,4.0,2.0,240.0,2.7,0.0,0.0,0.0,0.0,0.0,0.0,1.0,0.0,0.0,0.0,0.0,0.0,0.0,2.7,0.0,1.0,0.0,0.0,0.37,0.0,0.0,,0.0,0.0,60.0,7.8,2,90.0,2,2,30.0,7,1.75,4.0,4.0,0.0,0.0,-0.41,0.0,5.0,3.0,0.0,2.0,3.0,5.0,,,0.0,,,,,,,,,,,,,,,
GER-Bundesliga,2526,Hoffenheim,Bazoumana Touré,CIV,"MF,FW",19.0,2006.0,30.0,29.0,2308.0,25.6,5.0,9.0,14.0,5.0,0.0,0.0,2.0,0.0,0.19,0.35,0.55,0.19,0.55,25.6,5.0,48.0,13.0,27.1,1.87,0.51,0.1,0.38,0.0,0.0,77.0,75.4,29,79.0,10,1,27.0,3,1.7,49.0,44.0,5.0,0.19,-0.76,0.0,44.0,29.0,8.0,118.0,6.0,22.0,,,0.0,,,,,,,,,,,,,,,
GER-Bundesliga,2526,Hoffenheim,Bernardo,BRA,DF,30.0,1995.0,29.0,26.0,2312.0,25.7,0.0,0.0,0.0,0.0,0.0,0.0,9.0,0.0,0.0,0.0,0.0,0.0,0.0,25.7,0.0,10.0,0.0,0.0,0.39,0.0,0.0,,0.0,0.0,80.0,75.6,26,86.0,17,3,28.0,1,1.76,45.0,35.0,10.0,0.39,0.03,0.0,42.0,11.0,2.0,16.0,39.0,42.0,,,0.0,,,,,,,,,,,,,,,
GER-Bundesliga,2526,Hoffenheim,Cole Campbell,USA,FW,19.0,2006.0,5.0,0.0,79.0,0.9,0.0,0.0,0.0,0.0,0.0,0.0,0.0,0.0,0.0,0.0,0.0,0.0,0.0,0.9,0.0,1.0,0.0,0.0,1.14,0.0,0.0,,0.0,0.0,16.0,2.6,0,,0,5,16.0,6,1.2,0.0,3.0,-3.0,-3.42,-3.9,0.0,0.0,1.0,0.0,4.0,0.0,0.0,,,0.0,,,,,,,,,,,,,,,
GER-Bundesliga,2526,Hoffenheim,Fisnik Asllani,KVX,"FW,MF",22.0,2002.0,33.0,31.0,2335.0,25.9,10.0,7.0,17.0,10.0,0.0,0.0,2.0,0.0,0.39,0.27,0.66,0.39,0.66,25.9,10.0,73.0,28.0,38.4,2.81,1.08,0.14,0.36,0.0,0.0,71.0,76.3,31,74.0,4,2,24.0,1,1.76,50.0,41.0,9.0,0.35,-0.15,0.0,26.0,37.0,14.0,10.0,5.0,7.0,,,0.0,,,,,,,,,,,,,,,
GER-Bundesliga,2526,Hoffenheim,Grischa Prömel,GER,MF,30.0,1995.0,33.0,16.0,1758.0,19.5,7.0,2.0,9.0,7.0,0.0,0.0,5.0,0.0,0.36,0.1,0.46,0.36,0.46,19.5,7.0,43.0,14.0,32.6,2.2,0.72,0.16,0.5,0.0,0.0,53.0,57.5,16,86.0,11,17,22.0,0,1.82,36.0,33.0,3.0,0.15,-0.54,0.0,23.0,28.0,1.0,11.0,15.0,16.0,,,0.0,,,,,,,,,,,,,,,
GER-Bundesliga,2526,Hoffenheim,Ihlas Bebou,TOG,"FW,MF",31.0,1994.0,16.0,0.0,190.0,2.1,0.0,0.0,0.0,0.0,0.0,0.0,1.0,0.0,0.0,0.0,0.0,0.0,0.0,2.1,0.0,5.0,2.0,40.0,2.37,0.95,0.0,0.0,0.0,0.0,12.0,6.2,0,,0,16,12.0,10,1.69,4.0,3.0,1.0,0.47,0.1,0.0,6.0,2.0,2.0,1.0,3.0,1.0,,,0.0,,,,,,,,,,,,,,,
GER-Bundesliga,2526,Hoffenheim,Kevin Akpoguma,NGA,DF,30.0,1995.0,8.0,1.0,61.0,0.7,0.0,0.0,0.0,0.0,0.0,0.0,0.0,1.0,0.0,0.0,0.0,0.0,0.0,0.7,0.0,0.0,0.0,,0.0,0.0,,,0.0,0.0,8.0,2.0,1,16.0,0,7,6.0,19,1.38,0.0,4.0,-4.0,-5.9,-6.41,0.0,1.0,0.0,0.0,0.0,1.0,1.0,,,0.0,,,,,,,,,,,,,,,
GER-Bundesliga,2526,Hoffenheim,Koki Machida,JPN,DF,27.0,1997.0,1.0,1.0,44.0,0.5,0.0,0.0,0.0,0.0,0.0,0.0,1.0,0.0,0.0,0.0,0.0,0.0,0.0,0.5,0.0,0.0,0.0,,0.0,0.0,,,0.0,0.0,44.0,1.4,1,44.0,0,0,,0,3.0,1.0,1.0,0.0,0.0,-0.39,0.0,2.0,0.0,0.0,0.0,1.0,0.0,,,0.0,,,,,,,,,,,,,,,
GER-Bundesliga,2526,Hoffenheim,Leon Avdullahu,KVX,MF,21.0,2004.0,33.0,32.0,2834.0,31.5,0.0,1.0,1.0,0.0,0.0,0.0,5.0,0.0,0.0,0.03,0.03,0.0,0.03,31.5,0.0,14.0,2.0,14.3,0.44,0.06,0.0,0.0,0.0,0.0,86.0,92.6,32,88.0,27,1,30.0,0,1.85,63.0,44.0,19.0,0.6,2.99,0.0,27.0,12.0,1.0,15.0,33.0,30.0,,,0.0,,,,,,,,,,,,,,,
GER-Bundesliga,2526,Hoffenheim,Luka Đurić,SRB,MF,22.0,2003.0,1.0,0.0,10.0,0.1,0.0,0.0,0.0,0.0,0.0,0.0,0.0,0.0,0.0,0.0,0.0,0.0,0.0,0.1,0.0,0.0,0.0,,0.0,0.0,,,0.0,0.0,10.0,0.3,0,,0,1,10.0,5,0.0,0.0,1.0,-1.0,-9.0,-9.41,0.0,0.0,0.0,0.0,0.0,0.0,0.0,,,0.0,,,,,,,,,,,,,,,
GER-Bundesliga,2526,Hoffenheim,Max Moerstedt,GER,FW,19.0,2006.0,22.0,1.0,420.0,4.7,2.0,0.0,2.0,2.0,0.0,0.0,2.0,0.0,0.43,0.0,0.43,0.43,0.43,4.7,2.0,6.0,4.0,66.7,1.29,0.86,0.33,0.5,0.0,0.0,19.0,13.7,1,75.0,0,21,16.0,9,1.91,9.0,7.0,2.0,0.43,0.05,0.0,14.0,10.0,3.0,4.0,0.0,3.0,,,0.0,,,,,,,,,,,,,,,
GER-Bundesliga,2526,Hoffenheim,Muhammed Damar,GER,"MF,FW",21.0,2004.0,15.0,2.0,277.0,3.1,0.0,0.0,0.0,0.0,0.0,0.0,0.0,0.0,0.0,0.0,0.0,0.0,0.0,3.1,0.0,12.0,8.0,66.7,3.9,2.6,0.0,0.0,0.0,0.0,18.0,9.1,2,67.0,0,13,11.0,17,1.6,1.0,6.0,-5.0,-1.62,-2.21,0.0,4.0,2.0,1.0,33.0,1.0,3.0,,,0.0,,,,,,,,,,,,,,,
GER-Bundesliga,2526,Hoffenheim,Oliver Baumann,GER,GK,35.0,1990.0,34.0,34.0,3060.0,34.0,0.0,0.0,0.0,0.0,0.0,0.0,3.0,0.0,0.0,0.0,0.0,0.0,0.0,34.0,0.0,0.0,0.0,,0.0,0.0,,,0.0,0.0,90.0,100.0,34,90.0,34,0,,0,1.79,65.0,52.0,13.0,0.38,,0.0,1.0,6.0,0.0,0.0,1.0,0.0,,,0.0,52.0,1.53,150.0,98.0,65.3,18.0,7.0,9.0,7.0,20.6,7.0,5.0,0.0,2.0,0.0
GER-Bundesliga,2526,Hoffenheim,Ozan Kabak,TUR,DF,25.0,2000.0,25.0,18.0,1751.0,19.5,4.0,0.0,4.0,4.0,0.0,0.0,5.0,0.0,0.21,0.0,0.21,0.21,0.21,19.5,4.0,35.0,12.0,34.3,1.8,0.62,0.11,0.33,0.0,0.0,70.0,57.2,18,90.0,18,7,19.0,3,2.0,39.0,34.0,5.0,0.26,-0.29,0.0,26.0,8.0,0.0,2.0,26.0,17.0,,,0.0,,,,,,,,,,,,,,,
GER-Bundesliga,2526,Hoffenheim,Robin Hranáč,CZE,DF,25.0,2000.0,29.0,26.0,2251.0,25.0,1.0,0.0,1.0,1.0,0.0,0.0,5.0,0.0,0.04,0.0,0.04,0.04,0.04,25.0,1.0,8.0,3.0,37.5,0.32,0.12,0.13,0.33,0.0,0.0,78.0,73.6,26,85.0,21,3,18.0,3,1.97,51.0,35.0,16.0,0.64,0.97,0.0,26.0,10.0,0.0,6.0,20.0,15.0,,,0.0,,,,,,,,,,,,,,,
GER-Bundesliga,2526,Hoffenheim,Tim Lemperle,GER,FW,23.0,2002.0,29.0,24.0,1944.0,21.6,8.0,2.0,10.0,7.0,1.0,1.0,3.0,1.0,0.37,0.09,0.46,0.32,0.42,21.6,8.0,53.0,21.0,39.6,2.45,0.97,0.15,0.38,1.0,1.0,67.0,63.5,24,76.0,1,5,22.0,0,1.86,47.0,30.0,17.0,0.79,1.11,1.0,60.0,16.0,18.0,27.0,6.0,16.0,,,0.0,,,,,,,,,,,,,,,
GER-Bundesliga,2526,Hoffenheim,Umut Tohumcu,GER,MF,20.0,2004.0,5.0,1.0,136.0,1.5,0.0,0.0,0.0,0.0,0.0,0.0,2.0,0.0,0.0,0.0,0.0,0.0,0.0,1.5,0.0,2.0,0.0,0.0,1.32,0.0,0.0,,0.0,0.0,27.0,4.4,1,58.0,0,4,20.0,10,0.8,1.0,4.0,-3.0,-1.99,-2.48,0.0,2.0,2.0,0.0,1.0,0.0,1.0,,,0.0,,,,,,,,,,,,,,,
GER-Bundesliga,2526,Hoffenheim,Valentin Gendrey,FRA,DF,25.0,2000.0,8.0,0.0,59.0,0.7,1.0,1.0,2.0,1.0,0.0,0.0,0.0,0.0,1.53,1.53,3.05,1.53,3.05,0.7,1.0,2.0,1.0,50.0,3.05,1.53,0.5,1.0,0.0,0.0,7.0,1.9,0,,0,8,7.0,6,2.13,2.0,1.0,1.0,1.53,1.17,0.0,2.0,1.0,0.0,2.0,1.0,0.0,,,0.0,,,,,,,,,,,,,,,
GER-Bundesliga,2526,Hoffenheim,Vladimír Coufal,CZE,"DF,MF",32.0,1992.0,34.0,34.0,3012.0,33.5,1.0,8.0,9.0,1.0,0.0,0.0,4.0,0.0,0.03,0.24,0.27,0.03,0.27,33.5,1.0,26.0,6.0,23.1,0.78,0.18,0.04,0.17,0.0,0.0,89.0,98.4,34,89.0,28,0,,0,1.79,64.0,50.0,14.0,0.42,2.29,0.0,32.0,42.0,1.0,209.0,39.0,35.0,,,0.0,,,,,,,,,,,,,,,
GER-Bundesliga,2526,Hoffenheim,Wouter Burger,NED,MF,24.0,2001.0,30.0,30.0,2430.0,27.0,4.0,5.0,9.0,4.0,0.0,0.0,7.0,1.0,0.15,0.19,0.33,0.15,0.33,27.0,4.0,36.0,13.0,36.1,1.33,0.48,0.11,0.31,0.0,0.0,81.0,79.4,30,81.0,18,0,,0,1.9,52.0,35.0,17.0,0.63,1.2,0.0,57.0,12.0,1.0,89.0,19.0,42.0,,,0.0,,,,,,,,,,,,,,,
GER-Bundesliga,2526,Hoffenheim,Yannick Eduardo,CZE,FW,19.0,2006.0,1.0,0.0,1.0,0.0,0.0,0.0,0.0,0.0,0.0,0.0,0.0,0.0,0.0,0.0,0.0,0.0,0.0,0.0,0.0,0.0,0.0,,0.0,0.0,,,0.0,0.0,1.0,0.0,0,,0,1,1.0,1,1.0,0.0,0.0,0.0,0.0,-0.38,0.0,0.0,0.0,0.0,0.0,0.0,0.0,,,0.0,,,,,,,,,,,,,,,
GER-Bundesliga,2526,Köln,Alessio Castro-Montes,BEL,"MF,DF",28.0,1997.0,14.0,7.0,672.0,7.5,1.0,3.0,4.0,1.0,0.0,0.0,2.0,0.0,0.13,0.4,0.54,0.13,0.54,7.5,1.0,8.0,1.0,12.5,1.07,0.13,0.13,1.0,0.0,0.0,48.0,22.0,7,74.0,2,7,22.0,9,1.0,15.0,15.0,0.0,0.0,0.53,0.0,13.0,10.0,2.0,57.0,5.0,17.0,,,0.0,,,,,,,,,,,,,,,
GER-Bundesliga,2526,Köln,Cenk Özkacar,TUR,DF,24.0,2000.0,25.0,20.0,1791.0,19.9,0.0,0.0,0.0,0.0,0.0,0.0,2.0,0.0,0.0,0.0,0.0,0.0,0.0,19.9,0.0,11.0,4.0,36.4,0.55,0.2,0.0,0.0,0.0,0.0,72.0,58.5,20,83.0,14,5,28.0,9,1.0,26.0,40.0,-14.0,-0.7,-0.7,0.0,11.0,5.0,1.0,3.0,24.0,26.0,,,0.0,,,,,,,,,,,,,,,
GER-Bundesliga,2526,Köln,Cenny Neumann,GER,DF,18.0,2007.0,2.0,1.0,74.0,0.8,0.0,0.0,0.0,0.0,0.0,0.0,0.0,0.0,0.0,0.0,0.0,0.0,0.0,0.8,0.0,0.0,0.0,,0.0,0.0,,,0.0,0.0,37.0,2.4,1,69.0,0,1,5.0,3,0.5,3.0,3.0,0.0,0.0,0.42,0.0,1.0,0.0,0.0,0.0,1.0,1.0,,,0.0,,,,,,,,,,,,,,,
GER-Bundesliga,2526,Köln,Denis Huseinbasic,BIH,MF,24.0,2001.0,15.0,9.0,726.0,8.1,0.0,0.0,0.0,0.0,0.0,0.0,1.0,0.0,0.0,0.0,0.0,0.0,0.0,8.1,0.0,6.0,0.0,0.0,0.74,0.0,0.0,,0.0,0.0,48.0,23.7,9,68.0,2,6,19.0,11,0.87,12.0,14.0,-2.0,-0.25,0.21,0.0,8.0,8.0,0.0,1.0,5.0,9.0,,,0.0,,,,,,,,,,,,,,,
GER-Bundesliga,2526,Köln,Dominique Heintz,GER,DF,31.0,1993.0,9.0,5.0,382.0,4.2,0.0,0.0,0.0,0.0,0.0,0.0,0.0,0.0,0.0,0.0,0.0,0.0,0.0,4.2,0.0,0.0,0.0,,0.0,0.0,,,0.0,0.0,42.0,12.5,5,63.0,1,4,17.0,8,0.89,7.0,6.0,1.0,0.24,0.74,0.0,2.0,4.0,0.0,1.0,5.0,1.0,,,0.0,,,,,,,,,,,,,,,
GER-Bundesliga,2526,Köln,Eric Martel,GER,"MF,DF",23.0,2002.0,31.0,30.0,2559.0,28.4,2.0,2.0,4.0,2.0,0.0,0.0,12.0,1.0,0.07,0.07,0.14,0.07,0.14,28.4,2.0,23.0,4.0,17.4,0.81,0.14,0.09,0.5,0.0,0.0,83.0,83.6,30,85.0,22,1,14.0,0,1.0,41.0,50.0,-9.0,-0.32,0.58,1.0,42.0,51.0,0.0,11.0,35.0,32.0,,,0.0,,,,,,,,,,,,,,,
GER-Bundesliga,2526,Köln,Felipe Chávez,PER,MF,18.0,2007.0,7.0,0.0,102.0,1.1,0.0,0.0,0.0,0.0,0.0,0.0,0.0,0.0,0.0,0.0,0.0,0.0,0.0,1.1,0.0,5.0,1.0,20.0,4.41,0.88,0.0,0.0,0.0,0.0,15.0,3.3,0,,0,7,15.0,6,0.57,3.0,3.0,0.0,0.0,0.43,0.0,1.0,1.0,0.0,1.0,2.0,2.0,,,0.0,,,,,,,,,,,,,,,
GER-Bundesliga,2526,Köln,Florian Kainz,AUT,MF,32.0,1992.0,15.0,2.0,279.0,3.1,1.0,1.0,2.0,1.0,0.0,0.0,1.0,0.0,0.32,0.32,0.65,0.32,0.65,3.1,1.0,8.0,4.0,50.0,2.58,1.29,0.13,0.25,0.0,0.0,19.0,9.1,2,56.0,0,13,13.0,9,0.8,10.0,7.0,3.0,0.97,1.52,0.0,5.0,4.0,0.0,21.0,3.0,2.0,,,0.0,,,,,,,,,,,,,,,
GER-Bundesliga,2526,Köln,Fynn Schenten,GER,FW,17.0,2007.0,7.0,1.0,100.0,1.1,0.0,0.0,0.0,0.0,0.0,0.0,0.0,0.0,0.0,0.0,0.0,0.0,0.0,1.1,0.0,1.0,0.0,0.0,0.9,0.0,0.0,,0.0,0.0,14.0,3.3,1,61.0,0,6,7.0,3,0.29,2.0,6.0,-4.0,-3.6,-3.3,0.0,2.0,0.0,0.0,3.0,0.0,0.0,,,0.0,,,,,,,,,,,,,,,
GER-Bundesliga,2526,Köln,Jahmai Simpson-Pusey,ENG,DF,19.0,2005.0,11.0,10.0,863.0,9.6,0.0,0.0,0.0,0.0,0.0,0.0,2.0,1.0,0.0,0.0,0.0,0.0,0.0,9.6,0.0,6.0,3.0,50.0,0.63,0.31,0.0,0.0,0.0,0.0,78.0,28.2,10,84.0,8,1,22.0,0,0.91,13.0,19.0,-6.0,-0.63,-0.3,0.0,4.0,4.0,0.0,2.0,12.0,8.0,,,0.0,,,,,,,,,,,,,,,
GER-Bundesliga,2526,Köln,Jakub Kamiński,POL,"MF,FW",23.0,2002.0,34.0,34.0,3016.0,33.5,7.0,3.0,10.0,7.0,0.0,0.0,4.0,0.0,0.21,0.09,0.3,0.21,0.3,33.5,7.0,62.0,25.0,40.3,1.85,0.75,0.11,0.28,0.0,0.0,89.0,98.6,34,89.0,28,0,,0,0.94,49.0,60.0,-11.0,-0.33,5.81,0.0,14.0,28.0,7.0,115.0,25.0,27.0,,,0.0,,,,,,,,,,,,,,,
GER-Bundesliga,2526,Köln,Jan Thielmann,GER,"MF,FW",23.0,2002.0,26.0,20.0,1540.0,17.1,3.0,1.0,4.0,3.0,0.0,0.0,4.0,0.0,0.18,0.06,0.23,0.18,0.23,17.1,3.0,27.0,10.0,37.0,1.58,0.58,0.11,0.3,0.0,0.0,59.0,50.3,20,72.0,4,6,18.0,1,1.04,22.0,31.0,-9.0,-0.53,-0.23,0.0,11.0,23.0,4.0,36.0,13.0,12.0,,,0.0,,,,,,,,,,,,,,,
GER-Bundesliga,2526,Köln,Joël Schmied,SUI,DF,26.0,1998.0,16.0,13.0,1078.0,12.0,0.0,0.0,0.0,0.0,0.0,0.0,5.0,0.0,0.0,0.0,0.0,0.0,0.0,12.0,0.0,5.0,0.0,0.0,0.42,0.0,0.0,,0.0,0.0,67.0,35.2,13,77.0,7,3,25.0,3,1.0,18.0,27.0,-9.0,-0.75,-0.52,0.0,16.0,8.0,0.0,5.0,11.0,9.0,,,0.0,,,,,,,,,,,,,,,
GER-Bundesliga,2526,Köln,Jusuf Gazibegović,BIH,DF,25.0,2000.0,1.0,0.0,23.0,0.3,0.0,0.0,0.0,0.0,0.0,0.0,0.0,0.0,0.0,0.0,0.0,0.0,0.0,0.3,0.0,0.0,0.0,,0.0,0.0,,,0.0,0.0,23.0,0.8,0,,0,1,23.0,5,3.0,1.0,1.0,0.0,0.0,0.41,0.0,0.0,0.0,0.0,1.0,0.0,0.0,,,0.0,,,,,,,,,,,,,,,
GER-Bundesliga,2526,Köln,Kristoffer Lund,USA,"DF,MF",23.0,2002.0,33.0,26.0,2276.0,25.3,0.0,2.0,2.0,0.0,0.0,0.0,2.0,0.0,0.0,0.08,0.08,0.0,0.08,25.3,0.0,20.0,3.0,15.0,0.79,0.12,0.0,0.0,0.0,0.0,69.0,74.4,26,81.0,12,7,24.0,1,0.97,35.0,47.0,-12.0,-0.47,-0.24,0.0,13.0,40.0,3.0,83.0,28.0,26.0,,,0.0,,,,,,,,,,,,,,,
GER-Bundesliga,2526,Köln,Linton Maina,GER,"MF,FW",26.0,1999.0,24.0,9.0,1023.0,11.4,2.0,0.0,2.0,2.0,0.0,0.0,0.0,0.0,0.18,0.0,0.18,0.18,0.18,11.4,2.0,20.0,8.0,40.0,1.76,0.7,0.1,0.25,0.0,0.0,43.0,33.4,9,70.0,0,15,26.0,4,0.92,15.0,24.0,-9.0,-0.79,-0.57,0.0,8.0,6.0,1.0,25.0,4.0,6.0,,,0.0,,,,,,,,,,,,,,,
GER-Bundesliga,2526,Köln,Luca Waldschmidt,GER,"FW,MF",29.0,1996.0,24.0,7.0,677.0,7.5,5.0,4.0,9.0,3.0,2.0,2.0,1.0,0.0,0.66,0.53,1.2,0.4,0.93,7.5,5.0,26.0,13.0,50.0,3.46,1.73,0.19,0.38,2.0,2.0,28.0,22.1,7,60.0,0,17,15.0,8,0.75,17.0,10.0,7.0,0.93,1.72,0.0,9.0,6.0,2.0,22.0,4.0,3.0,,,0.0,,,,,,,,,,,,,,,
GER-Bundesliga,2526,Köln,Marius Bülter,GER,"FW,MF",32.0,1993.0,32.0,18.0,1597.0,17.7,5.0,4.0,9.0,5.0,0.0,0.0,3.0,0.0,0.28,0.23,0.51,0.28,0.51,17.7,5.0,42.0,17.0,40.5,2.37,0.96,0.12,0.29,0.0,0.0,50.0,52.2,18,74.0,7,14,19.0,0,0.91,30.0,29.0,1.0,0.06,0.98,0.0,17.0,25.0,6.0,62.0,8.0,5.0,,,0.0,,,,,,,,,,,,,,,
GER-Bundesliga,2526,Köln,Marvin Schwäbe,GER,GK,30.0,1995.0,34.0,34.0,3060.0,34.0,0.0,0.0,0.0,0.0,0.0,0.0,2.0,0.0,0.0,0.0,0.0,0.0,0.0,34.0,0.0,0.0,0.0,,0.0,0.0,,,0.0,0.0,90.0,100.0,34,90.0,34,0,,0,0.94,49.0,63.0,-14.0,-0.41,,0.0,1.0,4.0,0.0,0.0,3.0,1.0,,,0.0,63.0,1.85,155.0,92.0,59.4,7.0,11.0,16.0,3.0,8.8,7.0,5.0,2.0,0.0,28.6
GER-Bundesliga,2526,Köln,Ragnar Ache,GER,FW,27.0,1998.0,29.0,18.0,1718.0,19.1,7.0,4.0,11.0,7.0,0.0,0.0,3.0,0.0,0.37,0.21,0.58,0.37,0.58,19.1,7.0,52.0,22.0,42.3,2.72,1.15,0.13,0.32,0.0,0.0,59.0,56.1,18,78.0,3,11,29.0,0,1.03,27.0,38.0,-11.0,-0.58,-0.38,0.0,18.0,29.0,10.0,1.0,4.0,8.0,,,0.0,,,,,,,,,,,,,,,
GER-Bundesliga,2526,Köln,Rav van den Berg,NED,DF,21.0,2004.0,14.0,12.0,1131.0,12.6,0.0,1.0,1.0,0.0,0.0,0.0,0.0,1.0,0.0,0.08,0.08,0.0,0.08,12.6,0.0,1.0,0.0,0.0,0.08,0.0,0.0,,0.0,0.0,81.0,37.0,12,87.0,9,2,42.0,9,0.93,17.0,21.0,-4.0,-0.32,0.15,0.0,10.0,3.0,1.0,1.0,14.0,8.0,,,0.0,,,,,,,,,,,,,,,
GER-Bundesliga,2526,Köln,Said El Mala,GER,"FW,MF",18.0,2006.0,34.0,20.0,1956.0,21.7,13.0,4.0,17.0,12.0,1.0,1.0,4.0,0.0,0.6,0.18,0.78,0.55,0.74,21.7,13.0,74.0,30.0,40.5,3.4,1.38,0.18,0.43,1.0,1.0,58.0,63.9,20,79.0,6,14,28.0,0,0.94,32.0,37.0,-5.0,-0.23,0.5,0.0,15.0,23.0,18.0,39.0,8.0,14.0,,,0.0,,,,,,,,,,,,,,,
GER-Bundesliga,2526,Köln,Sebastian Sebulonsen,NOR,"DF,MF",25.0,2000.0,31.0,28.0,2498.0,27.8,0.0,0.0,0.0,0.0,0.0,0.0,5.0,0.0,0.0,0.0,0.0,0.0,0.0,27.8,0.0,31.0,5.0,16.1,1.12,0.18,0.0,0.0,0.0,0.0,81.0,81.6,28,85.0,20,3,36.0,0,1.0,35.0,52.0,-17.0,-0.61,-1.09,0.0,11.0,9.0,4.0,67.0,17.0,26.0,,,0.0,,,,,,,,,,,,,,,
GER-Bundesliga,2526,Köln,Timo Hübers,GER,DF,29.0,1996.0,8.0,8.0,675.0,7.5,0.0,0.0,0.0,0.0,0.0,0.0,0.0,0.0,0.0,0.0,0.0,0.0,0.0,7.5,0.0,0.0,0.0,,0.0,0.0,,,0.0,0.0,84.0,22.1,8,84.0,7,0,,0,1.38,9.0,10.0,-1.0,-0.13,0.36,0.0,8.0,10.0,0.0,1.0,10.0,9.0,,,0.0,,,,,,,,,,,,,,,
GER-Bundesliga,2526,Köln,Tom Krauß,GER,"MF,DF",24.0,2001.0,26.0,19.0,1780.0,19.8,0.0,2.0,2.0,0.0,0.0,0.0,4.0,0.0,0.0,0.1,0.1,0.0,0.1,19.8,0.0,9.0,2.0,22.2,0.46,0.1,0.0,0.0,0.0,0.0,68.0,58.2,19,83.0,8,7,29.0,6,1.08,24.0,32.0,-8.0,-0.4,0.02,0.0,23.0,22.0,0.0,14.0,26.0,43.0,,,0.0,,,,,,,,,,,,,,,
GER-Bundesliga,2526,Köln,Youssoupha Niang,GER,MF,19.0,2006.0,10.0,2.0,194.0,2.2,0.0,0.0,0.0,0.0,0.0,0.0,0.0,0.0,0.0,0.0,0.0,0.0,0.0,2.2,0.0,5.0,1.0,20.0,2.32,0.46,0.0,0.0,0.0,0.0,19.0,6.3,2,60.0,0,8,9.0,3,0.6,1.0,7.0,-6.0,-2.78,-2.53,0.0,6.0,4.0,0.0,2.0,0.0,1.0,,,0.0,,,,,,,,,,,,,,,
GER-Bundesliga,2526,Köln,Ísak Jóhannesson,ISL,MF,22.0,2003.0,31.0,21.0,1809.0,20.1,1.0,2.0,3.0,1.0,0.0,0.0,6.0,0.0,0.05,0.1,0.15,0.05,0.15,20.1,1.0,14.0,5.0,35.7,0.7,0.25,0.07,0.2,0.0,0.0,58.0,59.1,21,76.0,8,10,22.0,1,0.97,25.0,39.0,-14.0,-0.7,-0.7,0.0,14.0,5.0,2.0,65.0,8.0,15.0,,,0.0,,,,,,,,,,,,,,,
GER-Bundesliga,2526,Leverkusen,Aleix García,ESP,MF,28.0,1997.0,33.0,31.0,2667.0,29.6,3.0,8.0,11.0,3.0,0.0,0.0,6.0,0.0,0.1,0.27,0.37,0.1,0.37,29.6,3.0,30.0,5.0,16.7,1.01,0.17,0.1,0.6,0.0,0.0,81.0,87.2,31,83.0,19,2,43.0,0,1.7,59.0,39.0,20.0,0.67,0.45,0.0,8.0,19.0,2.0,123.0,22.0,20.0,,,0.0,,,,,,,,,,,,,,,
GER-Bundesliga,2526,Leverkusen,Alejo Sarco,ARG,FW,19.0,2006.0,3.0,0.0,74.0,0.8,0.0,0.0,0.0,0.0,0.0,0.0,0.0,0.0,0.0,0.0,0.0,0.0,0.0,0.8,0.0,2.0,0.0,0.0,2.43,0.0,0.0,,0.0,0.0,25.0,2.4,0,,0,3,25.0,8,2.0,0.0,0.0,0.0,0.0,-0.63,0.0,2.0,2.0,0.0,0.0,0.0,0.0,,,0.0,,,,,,,,,,,,,,,
GER-Bundesliga,2526,Leverkusen,Arthur,BRA,MF,22.0,2003.0,20.0,13.0,1136.0,12.6,1.0,3.0,4.0,1.0,0.0,0.0,3.0,0.0,0.08,0.24,0.32,0.08,0.32,12.6,1.0,10.0,2.0,20.0,0.79,0.16,0.1,0.5,0.0,0.0,57.0,37.1,13,73.0,7,7,26.0,3,1.8,25.0,18.0,7.0,0.55,-0.1,0.0,19.0,10.0,3.0,33.0,18.0,12.0,,,0.0,,,,,,,,,,,,,,,
GER-Bundesliga,2526,Leverkusen,Axel Tapé,FRA,"MF,DF",17.0,2007.0,6.0,2.0,222.0,2.5,0.0,0.0,0.0,0.0,0.0,0.0,1.0,0.0,0.0,0.0,0.0,0.0,0.0,2.5,0.0,3.0,1.0,33.3,1.22,0.41,0.0,0.0,0.0,0.0,37.0,7.3,2,63.0,0,4,24.0,10,2.0,8.0,4.0,4.0,1.62,1.08,0.0,7.0,7.0,0.0,0.0,1.0,1.0,,,0.0,,,,,,,,,,,,,,,
GER-Bundesliga,2526,Leverkusen,Christian Kofane,CMR,FW,19.0,2006.0,29.0,12.0,1239.0,13.8,5.0,4.0,9.0,5.0,0.0,0.0,3.0,0.0,0.36,0.29,0.65,0.36,0.65,13.8,5.0,46.0,19.0,41.3,3.34,1.38,0.11,0.26,0.0,0.0,43.0,40.5,12,76.0,2,17,19.0,2,1.69,30.0,18.0,12.0,0.87,0.43,0.0,30.0,17.0,3.0,0.0,2.0,7.0,,,0.0,,,,,,,,,,,,,,,
GER-Bundesliga,2526,Leverkusen,Claudio Echeverri,ARG,MF,19.0,2006.0,6.0,1.0,134.0,1.5,0.0,0.0,0.0,0.0,0.0,0.0,0.0,0.0,0.0,0.0,0.0,0.0,0.0,1.5,0.0,1.0,0.0,0.0,0.67,0.0,0.0,,0.0,0.0,22.0,4.4,1,55.0,0,5,16.0,7,0.33,2.0,6.0,-4.0,-2.69,-3.46,0.0,0.0,2.0,0.0,6.0,1.0,1.0,,,0.0,,,,,,,,,,,,,,,
GER-Bundesliga,2526,Leverkusen,Edmond Tapsoba,BFA,DF,26.0,1999.0,29.0,29.0,2575.0,28.6,5.0,3.0,8.0,5.0,0.0,0.0,7.0,0.0,0.17,0.1,0.28,0.17,0.28,28.6,5.0,29.0,10.0,34.5,1.01,0.35,0.17,0.5,0.0,0.0,89.0,84.2,29,89.0,28,0,,0,1.79,60.0,38.0,22.0,0.77,0.95,0.0,31.0,2.0,2.0,13.0,21.0,15.0,,,0.0,,,,,,,,,,,,,,,
GER-Bundesliga,2526,Leverkusen,Eliesse Ben Seghir,MAR,MF,20.0,2005.0,10.0,2.0,252.0,2.8,0.0,0.0,0.0,0.0,0.0,0.0,2.0,0.0,0.0,0.0,0.0,0.0,0.0,2.8,0.0,5.0,2.0,40.0,1.79,0.71,0.0,0.0,0.0,0.0,25.0,8.2,2,65.0,0,8,15.0,9,1.7,4.0,3.0,1.0,0.36,-0.28,0.0,3.0,10.0,0.0,9.0,1.0,2.0,,,0.0,,,,,,,,,,,,,,,
GER-Bundesliga,2526,Leverkusen,Ernest Poku,NED,MF,21.0,2004.0,29.0,16.0,1482.0,16.5,5.0,5.0,10.0,5.0,0.0,0.0,0.0,0.0,0.3,0.3,0.61,0.3,0.61,16.5,5.0,27.0,9.0,33.3,1.64,0.55,0.19,0.56,0.0,0.0,51.0,48.4,16,73.0,2,13,25.0,4,1.69,33.0,19.0,14.0,0.85,0.45,0.0,4.0,17.0,3.0,13.0,8.0,9.0,,,0.0,,,,,,,,,,,,,,,
GER-Bundesliga,2526,Leverkusen,Exequiel Palacios,ARG,MF,26.0,1998.0,18.0,12.0,1099.0,12.2,0.0,1.0,1.0,0.0,0.0,0.0,3.0,0.0,0.0,0.08,0.08,0.0,0.08,12.2,0.0,10.0,2.0,20.0,0.82,0.16,0.0,0.0,0.0,0.0,61.0,35.9,12,81.0,8,6,21.0,1,1.89,27.0,17.0,10.0,0.82,0.31,0.0,6.0,18.0,0.0,2.0,10.0,9.0,,,0.0,,,,,,,,,,,,,,,
GER-Bundesliga,2526,Leverkusen,Ezequiél Fernández,ARG,MF,23.0,2002.0,20.0,12.0,984.0,10.9,0.0,1.0,1.0,0.0,0.0,0.0,4.0,1.0,0.0,0.09,0.09,0.0,0.09,10.9,0.0,11.0,1.0,9.1,1.01,0.09,0.0,0.0,0.0,0.0,49.0,32.2,12,67.0,2,8,22.0,5,2.05,21.0,20.0,1.0,0.09,-0.78,1.0,14.0,24.0,1.0,4.0,14.0,17.0,,,0.0,,,,,,,,,,,,,,,
GER-Bundesliga,2526,Leverkusen,Ibrahim Maza,ALG,MF,19.0,2005.0,28.0,20.0,1849.0,20.5,3.0,4.0,7.0,3.0,0.0,0.0,2.0,0.0,0.15,0.19,0.34,0.15,0.34,20.5,3.0,54.0,17.0,31.5,2.63,0.83,0.06,0.18,0.0,0.0,66.0,60.4,20,79.0,9,8,33.0,2,1.64,42.0,27.0,15.0,0.73,0.28,0.0,19.0,36.0,3.0,64.0,16.0,24.0,,,0.0,,,,,,,,,,,,,,,
GER-Bundesliga,2526,Leverkusen,Janis Blaswich,GER,GK,34.0,1991.0,11.0,10.0,931.0,10.3,0.0,0.0,0.0,0.0,0.0,0.0,1.0,0.0,0.0,0.0,0.0,0.0,0.0,10.3,0.0,0.0,0.0,,0.0,0.0,,,0.0,0.0,85.0,30.4,10,90.0,10,1,31.0,21,1.73,17.0,9.0,8.0,0.77,0.22,0.0,0.0,0.0,0.0,0.0,0.0,0.0,,,0.0,9.0,0.87,50.0,41.0,82.0,5.0,4.0,1.0,3.0,30.0,0.0,0.0,0.0,0.0,
GER-Bundesliga,2526,Leverkusen,Jarell Quansah,ENG,DF,22.0,2003.0,28.0,25.0,2299.0,25.5,4.0,0.0,4.0,4.0,0.0,0.0,9.0,0.0,0.16,0.0,0.16,0.16,0.16,25.5,4.0,18.0,8.0,44.4,0.7,0.31,0.22,0.5,0.0,0.0,82.0,75.1,25,88.0,21,3,31.0,2,1.57,44.0,34.0,10.0,0.39,-0.91,0.0,18.0,21.0,1.0,22.0,26.0,22.0,,,0.0,,,,,,,,,,,,,,,
GER-Bundesliga,2526,Leverkusen,Jeanuël Belocian,FRA,DF,20.0,2005.0,8.0,3.0,292.0,3.2,0.0,0.0,0.0,0.0,0.0,0.0,0.0,0.0,0.0,0.0,0.0,0.0,0.0,3.2,0.0,1.0,0.0,0.0,0.31,0.0,0.0,,0.0,0.0,37.0,9.5,3,73.0,1,5,14.0,8,2.25,3.0,8.0,-5.0,-1.54,-2.39,0.0,5.0,5.0,0.0,4.0,2.0,2.0,,,0.0,,,,,,,,,,,,,,,
GER-Bundesliga,2526,Leverkusen,Jonas Hofmann,GER,MF,33.0,1992.0,23.0,11.0,1013.0,11.3,2.0,2.0,4.0,2.0,0.0,0.0,3.0,0.0,0.18,0.18,0.36,0.18,0.36,11.3,2.0,23.0,7.0,30.4,2.04,0.62,0.09,0.29,0.0,0.0,44.0,33.1,11,72.0,3,12,19.0,8,1.65,21.0,10.0,11.0,0.98,0.54,0.0,4.0,9.0,2.0,37.0,2.0,10.0,,,0.0,,,,,,,,,,,,,,,
GER-Bundesliga,2526,Leverkusen,Loïc Bade,FRA,DF,25.0,2000.0,23.0,19.0,1653.0,18.4,0.0,0.0,0.0,0.0,0.0,0.0,4.0,0.0,0.0,0.0,0.0,0.0,0.0,18.4,0.0,12.0,4.0,33.3,0.65,0.22,0.0,0.0,0.0,0.0,72.0,54.0,19,83.0,15,4,21.0,4,1.83,37.0,24.0,13.0,0.71,0.2,0.0,11.0,4.0,0.0,4.0,21.0,19.0,,,1.0,,,,,,,,,,,,,,,
GER-Bundesliga,2526,Leverkusen,Lucas Vázquez,ESP,MF,34.0,1991.0,12.0,6.0,481.0,5.3,1.0,2.0,3.0,1.0,0.0,0.0,2.0,0.0,0.19,0.37,0.56,0.19,0.56,5.3,1.0,4.0,1.0,25.0,0.75,0.19,0.25,1.0,0.0,0.0,40.0,15.7,6,63.0,1,6,18.0,4,1.92,11.0,2.0,9.0,1.68,1.27,0.0,6.0,8.0,1.0,20.0,2.0,4.0,,,0.0,,,,,,,,,,,,,,,
GER-Bundesliga,2526,Leverkusen,Malik Tillman,USA,MF,23.0,2002.0,29.0,18.0,1674.0,18.6,6.0,1.0,7.0,6.0,0.0,0.0,2.0,0.0,0.32,0.05,0.38,0.32,0.38,18.6,6.0,34.0,13.0,38.2,1.83,0.7,0.18,0.46,0.0,0.0,58.0,54.7,18,79.0,7,11,22.0,0,1.79,31.0,25.0,6.0,0.32,-0.65,0.0,19.0,29.0,1.0,18.0,19.0,30.0,,,0.0,,,,,,,,,,,,,,,
GER-Bundesliga,2526,Leverkusen,Mark Flekken,NED,GK,32.0,1993.0,24.0,24.0,2129.0,23.7,0.0,0.0,0.0,0.0,0.0,0.0,2.0,0.0,0.0,0.0,0.0,0.0,0.0,23.7,0.0,0.0,0.0,,0.0,0.0,,,0.0,0.0,89.0,69.6,24,89.0,23,0,,0,1.67,51.0,38.0,13.0,0.55,-0.22,0.0,0.0,3.0,0.0,0.0,0.0,0.0,,,0.0,38.0,1.61,117.0,79.0,67.5,12.0,4.0,8.0,5.0,20.8,7.0,7.0,0.0,0.0,0.0
GER-Bundesliga,2526,Leverkusen,Martin Terrier,FRA,"MF,FW",28.0,1997.0,18.0,7.0,675.0,7.5,4.0,1.0,5.0,4.0,0.0,0.0,1.0,0.0,0.53,0.13,0.67,0.53,0.67,7.5,4.0,17.0,6.0,35.3,2.27,0.8,0.24,0.67,0.0,0.0,38.0,22.1,7,63.0,0,11,22.0,3,1.61,15.0,12.0,3.0,0.4,-0.28,0.0,1.0,13.0,1.0,5.0,1.0,4.0,,,0.0,,,,,,,,,,,,,,,
GER-Bundesliga,2526,Leverkusen,Montrell Culbreath,GER,"MF,DF",17.0,2007.0,12.0,9.0,736.0,8.2,1.0,0.0,1.0,1.0,0.0,0.0,0.0,0.0,0.12,0.0,0.12,0.12,0.12,8.2,1.0,8.0,2.0,25.0,0.98,0.24,0.13,0.5,0.0,0.0,61.0,24.1,9,76.0,2,3,19.0,4,1.83,19.0,13.0,6.0,0.73,0.15,0.0,5.0,11.0,0.0,24.0,8.0,16.0,,,0.0,,,,,,,,,,,,,,,
GER-Bundesliga,2526,Leverkusen,Nathan Tella,NGA,MF,26.0,1999.0,17.0,10.0,868.0,9.6,1.0,4.0,5.0,1.0,0.0,0.0,2.0,0.0,0.1,0.41,0.52,0.1,0.52,9.6,1.0,24.0,8.0,33.3,2.49,0.83,0.04,0.13,0.0,0.0,51.0,28.4,10,75.0,0,7,17.0,0,1.59,23.0,17.0,6.0,0.62,0.01,0.0,15.0,19.0,5.0,31.0,4.0,6.0,,,0.0,,,,,,,,,,,,,,,
GER-Bundesliga,2526,Leverkusen,Patrik Schick,CZE,FW,29.0,1996.0,28.0,23.0,1988.0,22.1,16.0,3.0,19.0,12.0,4.0,5.0,2.0,0.0,0.72,0.14,0.86,0.54,0.68,22.1,16.0,72.0,34.0,47.2,3.26,1.54,0.22,0.47,4.0,5.0,71.0,65.0,23,80.0,11,5,29.0,0,1.64,44.0,29.0,15.0,0.68,0.18,0.0,22.0,20.0,6.0,0.0,3.0,4.0,,,0.0,,,,,,,,,,,,,,,
GER-Bundesliga,2526,Leverkusen,Piero Hincapié,ECU,DF,23.0,2002.0,1.0,1.0,90.0,1.0,0.0,0.0,0.0,0.0,0.0,0.0,0.0,0.0,0.0,0.0,0.0,0.0,0.0,1.0,0.0,2.0,1.0,50.0,2.0,1.0,0.0,0.0,0.0,0.0,90.0,2.9,1,90.0,1,0,,1,0.0,1.0,2.0,-1.0,-1.0,-1.67,0.0,2.0,0.0,0.0,0.0,2.0,0.0,,,0.0,,,,,,,,,,,,,,,
GER-Bundesliga,2526,Leverkusen,Robert Andrich,GER,"DF,MF",30.0,1994.0,32.0,29.0,2546.0,28.3,2.0,0.0,2.0,2.0,0.0,0.0,6.0,1.0,0.07,0.0,0.07,0.07,0.07,28.3,2.0,12.0,3.0,25.0,0.42,0.11,0.17,0.67,0.0,0.0,80.0,83.2,29,86.0,24,3,16.0,1,1.81,58.0,43.0,15.0,0.53,-0.52,1.0,30.0,22.0,0.0,13.0,33.0,30.0,,,0.0,,,,,,,,,,,,,,,
GER-Bundesliga,2526,Leverkusen,Tim Oermann,GER,DF,21.0,2003.0,2.0,0.0,18.0,0.2,0.0,0.0,0.0,0.0,0.0,0.0,0.0,0.0,0.0,0.0,0.0,0.0,0.0,0.2,0.0,0.0,0.0,,0.0,0.0,,,0.0,0.0,9.0,0.6,0,,0,2,9.0,10,1.0,0.0,2.0,-2.0,-10.0,-10.68,0.0,0.0,1.0,0.0,0.0,0.0,1.0,,,0.0,,,,,,,,,,,,,,,
GER-Bundesliga,2526,Leverkusen,Álex Grimaldo,ESP,MF,29.0,1995.0,29.0,29.0,2521.0,28.0,8.0,7.0,15.0,5.0,3.0,3.0,5.0,0.0,0.29,0.25,0.54,0.18,0.43,28.0,8.0,61.0,21.0,34.4,2.18,0.75,0.13,0.38,3.0,3.0,87.0,82.4,29,87.0,25,0,,1,1.79,60.0,40.0,20.0,0.71,0.55,0.0,11.0,29.0,8.0,174.0,18.0,25.0,,,0.0,,,,,,,,,,,,,,,
GER-Bundesliga,2526,Mainz 05,Andreas Hanche-Olsen,NOR,DF,28.0,1997.0,13.0,8.0,851.0,9.5,0.0,1.0,1.0,0.0,0.0,0.0,3.0,0.0,0.0,0.11,0.11,0.0,0.11,9.5,0.0,6.0,3.0,50.0,0.63,0.32,0.0,0.0,0.0,0.0,65.0,27.8,8,83.0,5,5,38.0,2,0.54,9.0,13.0,-4.0,-0.42,-0.22,0.0,13.0,6.0,2.0,0.0,13.0,5.0,,,1.0,,,,,,,,,,,,,,,
GER-Bundesliga,2526,Mainz 05,Anthony Caci,FRA,MF,28.0,1997.0,10.0,6.0,519.0,5.8,0.0,0.0,0.0,0.0,0.0,0.0,3.0,0.0,0.0,0.0,0.0,0.0,0.0,5.8,0.0,6.0,0.0,0.0,1.04,0.0,0.0,,0.0,0.0,52.0,17.0,6,76.0,1,4,16.0,0,1.1,6.0,7.0,-1.0,-0.17,0.11,0.0,9.0,3.0,1.0,42.0,3.0,10.0,,,0.0,,,,,,,,,,,,,,,
GER-Bundesliga,2526,Mainz 05,Armindo Sieb,GER,FW,22.0,2003.0,22.0,3.0,548.0,6.1,2.0,0.0,2.0,2.0,0.0,0.0,1.0,0.0,0.33,0.0,0.33,0.33,0.33,6.1,2.0,18.0,6.0,33.3,2.96,0.99,0.11,0.33,0.0,0.0,25.0,17.9,3,72.0,0,19,17.0,7,0.82,10.0,15.0,-5.0,-0.82,-0.68,0.0,16.0,2.0,3.0,13.0,0.0,4.0,,,0.0,,,,,,,,,,,,,,,
GER-Bundesliga,2526,Mainz 05,Arnaud Nordin,FRA,"MF,FW",27.0,1998.0,13.0,5.0,469.0,5.2,0.0,0.0,0.0,0.0,0.0,0.0,0.0,0.0,0.0,0.0,0.0,0.0,0.0,5.2,0.0,13.0,2.0,15.4,2.49,0.38,0.0,0.0,0.0,0.0,36.0,15.3,5,71.0,1,8,15.0,5,0.69,5.0,11.0,-6.0,-1.15,-1.05,0.0,4.0,13.0,1.0,15.0,3.0,6.0,,,0.0,,,,,,,,,,,,,,,
GER-Bundesliga,2526,Mainz 05,Ben Bobzien,GER,"FW,MF",22.0,2003.0,1.0,0.0,9.0,0.1,0.0,0.0,0.0,0.0,0.0,0.0,0.0,0.0,0.0,0.0,0.0,0.0,0.0,0.1,0.0,0.0,0.0,,0.0,0.0,,,0.0,0.0,9.0,0.3,0,,0,1,9.0,12,1.0,1.0,0.0,1.0,10.0,10.29,0.0,0.0,0.0,0.0,1.0,0.0,2.0,,,0.0,,,,,,,,,,,,,,,
GER-Bundesliga,2526,Mainz 05,Benedict Hollerbach,GER,"FW,MF",24.0,2001.0,14.0,13.0,872.0,9.7,1.0,3.0,4.0,1.0,0.0,0.0,0.0,0.0,0.1,0.31,0.41,0.1,0.41,9.7,1.0,22.0,6.0,27.3,2.27,0.62,0.05,0.17,0.0,0.0,62.0,28.5,13,66.0,0,1,14.0,0,0.79,12.0,15.0,-3.0,-0.31,-0.06,0.0,18.0,12.0,5.0,20.0,1.0,8.0,,,0.0,,,,,,,,,,,,,,,
GER-Bundesliga,2526,Mainz 05,Daniel Batz,GER,GK,34.0,1991.0,21.0,21.0,1890.0,21.0,0.0,0.0,0.0,0.0,0.0,0.0,2.0,0.0,0.0,0.0,0.0,0.0,0.0,21.0,0.0,0.0,0.0,,0.0,0.0,,,0.0,0.0,90.0,61.8,21,90.0,21,0,,4,1.62,32.0,27.0,5.0,0.24,1.32,0.0,0.0,1.0,0.0,0.0,0.0,0.0,,,0.0,27.0,1.29,97.0,70.0,72.2,9.0,7.0,5.0,4.0,19.0,1.0,1.0,0.0,0.0,0.0
GER-Bundesliga,2526,Mainz 05,Danny da Costa,GER,"DF,MF",32.0,1993.0,34.0,30.0,2695.0,29.9,2.0,3.0,5.0,2.0,0.0,0.0,3.0,0.0,0.07,0.1,0.17,0.07,0.17,29.9,2.0,14.0,5.0,35.7,0.47,0.17,0.14,0.4,0.0,0.0,79.0,88.1,30,86.0,25,4,29.0,0,1.18,34.0,49.0,-15.0,-0.5,-1.98,0.0,22.0,24.0,1.0,48.0,29.0,27.0,,,1.0,,,,,,,,,,,,,,,
GER-Bundesliga,2526,Mainz 05,Dominik Kohr,GER,DF,31.0,1994.0,29.0,28.0,2338.0,26.0,2.0,0.0,2.0,2.0,0.0,0.0,11.0,2.0,0.08,0.0,0.08,0.08,0.08,26.0,2.0,15.0,4.0,26.7,0.58,0.15,0.13,0.5,0.0,0.0,81.0,76.4,28,83.0,19,1,15.0,0,1.24,35.0,40.0,-5.0,-0.19,0.31,1.0,40.0,43.0,1.0,17.0,44.0,35.0,,,0.0,,,,,,,,,,,,,,,
GER-Bundesliga,2526,Mainz 05,Fabio Moreno Fell,GER,FW,25.0,2000.0,2.0,1.0,77.0,0.9,0.0,0.0,0.0,0.0,0.0,0.0,0.0,0.0,0.0,0.0,0.0,0.0,0.0,0.9,0.0,1.0,0.0,0.0,1.17,0.0,0.0,,0.0,0.0,39.0,2.5,1,76.0,0,1,1.0,6,0.0,0.0,1.0,-1.0,-1.17,-0.93,0.0,0.0,0.0,1.0,0.0,0.0,0.0,,,0.0,,,,,,,,,,,,,,,
GER-Bundesliga,2526,Mainz 05,Kacper Potulski,POL,DF,17.0,2007.0,15.0,9.0,1065.0,11.8,1.0,0.0,1.0,1.0,0.0,0.0,3.0,0.0,0.08,0.0,0.08,0.08,0.08,11.8,1.0,14.0,5.0,35.7,1.18,0.42,0.07,0.2,0.0,0.0,71.0,34.8,9,88.0,8,6,45.0,9,1.67,14.0,17.0,-3.0,-0.25,0.02,0.0,17.0,5.0,0.0,2.0,19.0,15.0,,,0.0,,,,,,,,,,,,,,,
GER-Bundesliga,2526,Mainz 05,Kaishū Sano,JPN,MF,24.0,2000.0,34.0,34.0,3059.0,34.0,1.0,2.0,3.0,1.0,0.0,0.0,1.0,0.0,0.03,0.06,0.09,0.03,0.09,34.0,1.0,24.0,6.0,25.0,0.71,0.18,0.04,0.17,0.0,0.0,90.0,100.0,34,90.0,33,0,,0,1.18,44.0,53.0,-9.0,-0.26,-0.26,0.0,14.0,29.0,4.0,18.0,67.0,31.0,,,0.0,,,,,,,,,,,,,,,
GER-Bundesliga,2526,Mainz 05,Lasse Rieß,GER,GK,24.0,2001.0,4.0,3.0,292.0,3.2,0.0,0.0,0.0,0.0,0.0,0.0,0.0,0.0,0.0,0.0,0.0,0.0,0.0,3.2,0.0,0.0,0.0,,0.0,0.0,,,0.0,0.0,73.0,9.5,3,90.0,3,1,22.0,26,0.0,3.0,12.0,-9.0,-2.77,-2.77,0.0,0.0,1.0,0.0,0.0,0.0,0.0,,,0.0,12.0,3.7,27.0,15.0,55.6,0.0,0.0,3.0,0.0,0.0,1.0,1.0,0.0,0.0,0.0
GER-Bundesliga,2526,Mainz 05,Lee Jae-sung,KOR,"MF,FW",32.0,1992.0,28.0,26.0,2185.0,24.3,4.0,2.0,6.0,4.0,0.0,0.0,4.0,0.0,0.16,0.08,0.25,0.16,0.25,24.3,4.0,30.0,9.0,30.0,1.24,0.37,0.13,0.44,0.0,0.0,78.0,71.4,26,82.0,8,2,22.0,0,1.18,26.0,39.0,-13.0,-0.54,-0.95,0.0,19.0,22.0,9.0,31.0,25.0,21.0,,,0.0,,,,,,,,,,,,,,,
GER-Bundesliga,2526,Mainz 05,Lennard Maloney,USA,"DF,MF",25.0,1999.0,21.0,4.0,485.0,5.4,0.0,0.0,0.0,0.0,0.0,0.0,1.0,0.0,0.0,0.0,0.0,0.0,0.0,5.4,0.0,5.0,1.0,20.0,0.93,0.19,0.0,0.0,0.0,0.0,23.0,15.8,4,78.0,2,17,10.0,11,1.52,3.0,12.0,-9.0,-1.67,-1.67,0.0,13.0,3.0,1.0,2.0,8.0,8.0,,,0.0,,,,,,,,,,,,,,,
GER-Bundesliga,2526,Mainz 05,Maxim Leitsch,GER,DF,27.0,1998.0,3.0,2.0,162.0,1.8,0.0,0.0,0.0,0.0,0.0,0.0,0.0,0.0,0.0,0.0,0.0,0.0,0.0,1.8,0.0,1.0,0.0,0.0,0.56,0.0,0.0,,0.0,0.0,54.0,5.3,2,76.0,1,1,10.0,10,1.0,0.0,4.0,-4.0,-2.22,-2.07,0.0,2.0,1.0,0.0,2.0,5.0,1.0,,,0.0,,,,,,,,,,,,,,,
GER-Bundesliga,2526,Mainz 05,Nadiem Amiri,GER,MF,28.0,1996.0,26.0,24.0,2083.0,23.1,12.0,2.0,14.0,4.0,8.0,8.0,6.0,0.0,0.52,0.09,0.6,0.17,0.26,23.1,12.0,54.0,22.0,40.7,2.33,0.95,0.22,0.55,8.0,8.0,80.0,68.1,24,85.0,13,2,28.0,0,1.08,32.0,33.0,-1.0,-0.04,0.69,0.0,20.0,26.0,3.0,136.0,19.0,18.0,,,0.0,,,,,,,,,,,,,,,
GER-Bundesliga,2526,Mainz 05,Nelson Weiper,GER,FW,20.0,2005.0,24.0,3.0,558.0,6.2,0.0,0.0,0.0,0.0,0.0,0.0,1.0,0.0,0.0,0.0,0.0,0.0,0.0,6.2,0.0,13.0,6.0,46.2,2.1,0.97,0.0,0.0,0.0,0.0,23.0,18.2,3,83.0,2,21,15.0,4,1.04,4.0,12.0,-8.0,-1.29,-1.25,0.0,6.0,3.0,6.0,6.0,3.0,2.0,,,0.0,,,,,,,,,,,,,,,
GER-Bundesliga,2526,Mainz 05,Nikolas Veratschnig,AUT,"MF,DF",22.0,2003.0,21.0,6.0,660.0,7.3,0.0,1.0,1.0,0.0,0.0,0.0,3.0,0.0,0.0,0.14,0.14,0.0,0.14,7.3,0.0,4.0,1.0,25.0,0.55,0.14,0.0,0.0,0.0,0.0,31.0,21.6,6,67.0,2,15,17.0,8,1.1,9.0,13.0,-4.0,-0.55,-0.36,0.0,12.0,10.0,1.0,21.0,10.0,13.0,,,0.0,,,,,,,,,,,,,,,
GER-Bundesliga,2526,Mainz 05,Paul Nebel,GER,MF,22.0,2002.0,30.0,24.0,2073.0,23.0,5.0,2.0,7.0,5.0,0.0,0.0,2.0,2.0,0.22,0.09,0.3,0.22,0.3,23.0,5.0,32.0,8.0,25.0,1.39,0.35,0.16,0.63,0.0,0.0,69.0,67.7,24,82.0,13,6,17.0,0,1.27,27.0,37.0,-10.0,-0.43,-0.53,0.0,29.0,20.0,3.0,129.0,12.0,30.0,,,0.0,,,,,,,,,,,,,,,
GER-Bundesliga,2526,Mainz 05,Phillip Tietz,GER,FW,28.0,1997.0,19.0,19.0,1610.0,17.9,5.0,2.0,7.0,5.0,0.0,1.0,2.0,0.0,0.28,0.11,0.39,0.28,0.39,17.9,5.0,46.0,21.0,45.7,2.57,1.17,0.11,0.24,0.0,1.0,85.0,52.6,19,85.0,9,0,,0,1.68,30.0,22.0,8.0,0.45,1.5,0.0,32.0,21.0,16.0,4.0,7.0,4.0,,,0.0,,,,,,,,,,,,,,,
GER-Bundesliga,2526,Mainz 05,Phillipp Mwene,AUT,MF,31.0,1994.0,29.0,24.0,2069.0,23.0,1.0,2.0,3.0,1.0,0.0,0.0,4.0,0.0,0.04,0.09,0.13,0.04,0.13,23.0,1.0,10.0,2.0,20.0,0.43,0.09,0.1,0.5,0.0,0.0,71.0,67.6,24,82.0,14,5,20.0,0,1.17,31.0,36.0,-5.0,-0.22,0.15,0.0,22.0,32.0,3.0,75.0,14.0,20.0,,,0.0,,,,,,,,,,,,,,,
GER-Bundesliga,2526,Mainz 05,Robin Zentner,GER,GK,30.0,1994.0,10.0,10.0,876.0,9.7,0.0,0.0,0.0,0.0,0.0,0.0,2.0,1.0,0.0,0.0,0.0,0.0,0.0,9.7,0.0,0.0,0.0,,0.0,0.0,,,0.0,0.0,88.0,28.6,10,88.0,9,0,,3,0.6,9.0,14.0,-5.0,-0.51,-0.35,0.0,2.0,1.0,0.0,0.0,0.0,0.0,,,0.0,14.0,1.44,45.0,31.0,68.9,1.0,3.0,6.0,0.0,0.0,0.0,0.0,0.0,0.0,
GER-Bundesliga,2526,Mainz 05,Sheraldo Becker,SUR,FW,30.0,1995.0,14.0,11.0,946.0,10.5,3.0,3.0,6.0,3.0,0.0,0.0,2.0,0.0,0.29,0.29,0.57,0.29,0.57,10.5,3.0,29.0,15.0,51.7,2.76,1.43,0.1,0.2,0.0,0.0,68.0,30.9,11,77.0,1,3,35.0,0,1.57,16.0,8.0,8.0,0.76,1.48,0.0,13.0,8.0,10.0,31.0,3.0,0.0,,,0.0,,,,,,,,,,,,,,,
GER-Bundesliga,2526,Mainz 05,Silas Katompa,COD,FW,26.0,1998.0,8.0,4.0,334.0,3.7,1.0,0.0,1.0,1.0,0.0,0.0,1.0,0.0,0.27,0.0,0.27,0.27,0.27,3.7,1.0,8.0,7.0,87.5,2.16,1.89,0.13,0.14,0.0,0.0,42.0,10.9,4,57.0,0,4,27.0,0,1.5,6.0,8.0,-2.0,-0.54,-0.31,0.0,4.0,5.0,2.0,11.0,0.0,0.0,,,0.0,,,,,,,,,,,,,,,
GER-Bundesliga,2526,Mainz 05,Silvan Widmer,SUI,MF,32.0,1993.0,27.0,22.0,1810.0,20.1,2.0,1.0,3.0,2.0,0.0,0.0,5.0,0.0,0.1,0.05,0.15,0.1,0.15,20.1,2.0,20.0,4.0,20.0,0.99,0.2,0.1,0.5,0.0,0.0,67.0,59.2,22,78.0,6,5,19.0,5,1.37,29.0,26.0,3.0,0.15,1.01,0.0,15.0,11.0,4.0,37.0,18.0,27.0,,,0.0,,,,,,,,,,,,,,,
GER-Bundesliga,2526,Mainz 05,Sota Kawasaki,JPN,"MF,DF",24.0,2001.0,10.0,3.0,309.0,3.4,0.0,0.0,0.0,0.0,0.0,0.0,1.0,0.0,0.0,0.0,0.0,0.0,0.0,3.4,0.0,1.0,0.0,0.0,0.29,0.0,0.0,,0.0,0.0,31.0,10.1,3,71.0,1,7,14.0,14,1.1,4.0,6.0,-2.0,-0.58,-0.35,0.0,6.0,2.0,0.0,3.0,3.0,5.0,,,0.0,,,,,,,,,,,,,,,
GER-Bundesliga,2526,Mainz 05,Stefan Bell,GER,DF,33.0,1991.0,18.0,13.0,1039.0,11.5,2.0,1.0,3.0,2.0,0.0,0.0,4.0,0.0,0.17,0.09,0.26,0.17,0.26,11.5,2.0,12.0,5.0,41.7,1.04,0.43,0.17,0.4,0.0,0.0,58.0,34.0,13,71.0,6,5,24.0,5,1.06,18.0,21.0,-3.0,-0.26,0.01,0.0,15.0,8.0,1.0,1.0,19.0,6.0,,,0.0,,,,,,,,,,,,,,,
GER-Bundesliga,2526,Mainz 05,Stefan Posch,AUT,DF,28.0,1997.0,16.0,16.0,1395.0,15.5,0.0,0.0,0.0,0.0,0.0,0.0,4.0,0.0,0.0,0.0,0.0,0.0,0.0,15.5,0.0,11.0,3.0,27.3,0.71,0.19,0.0,0.0,0.0,0.0,87.0,45.6,16,87.0,15,0,,0,1.75,26.0,22.0,4.0,0.26,0.96,0.0,8.0,12.0,1.0,11.0,21.0,22.0,,,0.0,,,,,,,,,,,,,,,
GER-Bundesliga,2526,Mainz 05,William Bøving,DEN,MF,22.0,2003.0,9.0,2.0,223.0,2.5,0.0,1.0,1.0,0.0,0.0,0.0,1.0,0.0,0.0,0.4,0.4,0.0,0.4,2.5,0.0,1.0,0.0,0.0,0.4,0.0,0.0,,0.0,0.0,25.0,7.3,2,77.0,1,7,10.0,18,0.67,4.0,6.0,-2.0,-0.81,-0.59,0.0,2.0,2.0,0.0,8.0,0.0,2.0,,,0.0,,,,,,,,,,,,,,,
GER-Bundesliga,2526,RB Leipzig,Andrija Maksimović,SRB,FW,18.0,2007.0,8.0,0.0,93.0,1.0,0.0,0.0,0.0,0.0,0.0,0.0,0.0,0.0,0.0,0.0,0.0,0.0,0.0,1.0,0.0,2.0,0.0,0.0,1.94,0.0,0.0,,0.0,0.0,12.0,3.0,0,,0,8,12.0,14,1.63,0.0,2.0,-2.0,-1.94,-2.57,0.0,1.0,2.0,0.0,2.0,0.0,0.0,,,0.0,,,,,,,,,,,,,,,
GER-Bundesliga,2526,RB Leipzig,Antonio Nusa,NOR,"FW,MF",20.0,2005.0,31.0,24.0,2027.0,22.5,4.0,3.0,7.0,4.0,0.0,0.0,0.0,0.0,0.18,0.13,0.31,0.18,0.31,22.5,4.0,61.0,20.0,32.8,2.71,0.89,0.07,0.2,0.0,0.0,65.0,66.2,24,77.0,4,7,26.0,0,2.0,42.0,29.0,13.0,0.58,0.05,0.0,9.0,64.0,1.0,68.0,7.0,14.0,,,0.0,,,,,,,,,,,,,,,
GER-Bundesliga,2526,RB Leipzig,Assan Ouédraogo,GER,MF,19.0,2006.0,19.0,13.0,948.0,10.5,4.0,3.0,7.0,4.0,0.0,0.0,0.0,0.0,0.38,0.28,0.66,0.38,0.66,10.5,4.0,27.0,13.0,48.1,2.56,1.23,0.15,0.31,0.0,0.0,50.0,31.0,13,68.0,1,6,11.0,0,2.26,29.0,14.0,15.0,1.42,1.25,0.0,4.0,22.0,1.0,4.0,3.0,6.0,,,0.0,,,,,,,,,,,,,,,
GER-Bundesliga,2526,RB Leipzig,Benjamin Henrichs,GER,DF,28.0,1997.0,17.0,3.0,305.0,3.4,1.0,0.0,1.0,1.0,0.0,0.0,0.0,0.0,0.3,0.0,0.3,0.3,0.3,3.4,1.0,4.0,2.0,50.0,1.18,0.59,0.25,0.5,0.0,0.0,18.0,10.0,3,62.0,0,14,8.0,1,1.94,7.0,8.0,-1.0,-0.3,-0.95,0.0,3.0,1.0,0.0,0.0,4.0,6.0,,,0.0,,,,,,,,,,,,,,,
GER-Bundesliga,2526,RB Leipzig,Brajan Gruda,GER,"MF,FW",21.0,2004.0,13.0,8.0,753.0,8.4,3.0,3.0,6.0,3.0,0.0,0.0,1.0,0.0,0.36,0.36,0.72,0.36,0.72,8.4,3.0,22.0,10.0,45.5,2.63,1.2,0.14,0.3,0.0,0.0,58.0,24.6,8,77.0,2,5,28.0,0,2.0,20.0,12.0,8.0,0.96,0.53,0.0,10.0,12.0,1.0,25.0,0.0,8.0,,,0.0,,,,,,,,,,,,,,,
GER-Bundesliga,2526,RB Leipzig,Castello Lukeba,FRA,DF,22.0,2002.0,26.0,24.0,2176.0,24.2,1.0,0.0,1.0,1.0,0.0,0.0,3.0,0.0,0.04,0.0,0.04,0.04,0.04,24.2,1.0,8.0,2.0,25.0,0.33,0.08,0.13,0.5,0.0,0.0,84.0,71.1,24,88.0,22,2,27.0,2,1.88,50.0,33.0,17.0,0.7,0.5,0.0,11.0,12.0,1.0,3.0,31.0,14.0,,,0.0,,,,,,,,,,,,,,,
GER-Bundesliga,2526,RB Leipzig,Christoph Baumgartner,AUT,MF,25.0,1999.0,33.0,32.0,2780.0,30.9,13.0,8.0,21.0,13.0,0.0,1.0,10.0,0.0,0.42,0.26,0.68,0.42,0.68,30.9,13.0,81.0,35.0,43.2,2.62,1.13,0.16,0.37,0.0,1.0,84.0,90.8,32,86.0,18,1,22.0,0,1.97,63.0,37.0,26.0,0.84,3.09,0.0,63.0,33.0,4.0,6.0,22.0,40.0,,,0.0,,,,,,,,,,,,,,,
GER-Bundesliga,2526,RB Leipzig,Conrad Harder,DEN,FW,20.0,2005.0,29.0,8.0,932.0,10.4,3.0,3.0,6.0,3.0,0.0,0.0,3.0,0.0,0.29,0.29,0.58,0.29,0.58,10.4,3.0,42.0,13.0,31.0,4.06,1.26,0.07,0.23,0.0,0.0,32.0,30.5,8,77.0,3,21,15.0,2,1.83,18.0,22.0,-4.0,-0.39,-1.36,0.0,21.0,18.0,4.0,13.0,7.0,6.0,,,0.0,,,,,,,,,,,,,,,
GER-Bundesliga,2526,RB Leipzig,David Raum,GER,DF,27.0,1998.0,30.0,29.0,2553.0,28.4,3.0,7.0,10.0,2.0,1.0,1.0,6.0,0.0,0.11,0.25,0.35,0.07,0.32,28.4,3.0,24.0,8.0,33.3,0.85,0.28,0.13,0.38,1.0,1.0,85.0,83.4,29,88.0,25,1,12.0,1,2.03,57.0,34.0,23.0,0.81,1.52,0.0,29.0,17.0,6.0,250.0,33.0,35.0,,,0.0,,,,,,,,,,,,,,,
GER-Bundesliga,2526,RB Leipzig,El Chadaille Bitshiabu,FRA,DF,20.0,2005.0,11.0,8.0,655.0,7.3,0.0,0.0,0.0,0.0,0.0,0.0,0.0,0.0,0.0,0.0,0.0,0.0,0.0,7.3,0.0,2.0,0.0,0.0,0.27,0.0,0.0,,0.0,0.0,60.0,21.4,8,79.0,5,3,9.0,19,1.73,13.0,11.0,2.0,0.27,-0.36,0.0,4.0,0.0,0.0,0.0,6.0,6.0,,,0.0,,,,,,,,,,,,,,,
GER-Bundesliga,2526,RB Leipzig,Ezechiel Banzuzi,NED,MF,20.0,2005.0,24.0,2.0,597.0,6.6,0.0,1.0,1.0,0.0,0.0,0.0,3.0,0.0,0.0,0.15,0.15,0.0,0.15,6.6,0.0,15.0,4.0,26.7,2.26,0.6,0.0,0.0,0.0,0.0,25.0,19.5,2,65.0,0,22,21.0,4,2.04,6.0,10.0,-4.0,-0.6,-1.44,0.0,14.0,7.0,0.0,5.0,6.0,10.0,,,0.0,,,,,,,,,,,,,,,
GER-Bundesliga,2526,RB Leipzig,Johan Bakayoko,BEL,"FW,MF",22.0,2003.0,20.0,8.0,777.0,8.6,2.0,0.0,2.0,2.0,0.0,0.0,1.0,0.0,0.23,0.0,0.23,0.23,0.23,8.6,2.0,24.0,9.0,37.5,2.78,1.04,0.08,0.22,0.0,0.0,39.0,25.4,8,72.0,0,12,17.0,9,1.8,15.0,9.0,6.0,0.69,0.18,0.0,12.0,11.0,3.0,15.0,2.0,3.0,,,0.0,,,,,,,,,,,,,,,
GER-Bundesliga,2526,RB Leipzig,Kevin Kampl,SVN,MF,34.0,1990.0,3.0,0.0,3.0,0.0,0.0,0.0,0.0,0.0,0.0,0.0,0.0,0.0,0.0,0.0,0.0,0.0,0.0,0.0,0.0,0.0,0.0,,0.0,0.0,,,0.0,0.0,1.0,0.1,0,,0,3,1.0,0,3.0,0.0,0.0,0.0,0.0,-0.56,0.0,0.0,0.0,0.0,0.0,0.0,0.0,,,0.0,,,,,,,,,,,,,,,
GER-Bundesliga,2526,RB Leipzig,Kosta Nedeljković,SRB,DF,19.0,2005.0,5.0,3.0,251.0,2.8,0.0,0.0,0.0,0.0,0.0,0.0,0.0,0.0,0.0,0.0,0.0,0.0,0.0,2.8,0.0,0.0,0.0,,0.0,0.0,,,0.0,0.0,50.0,8.2,3,80.0,1,2,6.0,10,1.8,8.0,4.0,4.0,1.43,0.95,0.0,1.0,1.0,0.0,6.0,1.0,1.0,,,0.0,,,,,,,,,,,,,,,
GER-Bundesliga,2526,RB Leipzig,Loïs Openda,BEL,FW,25.0,2000.0,2.0,1.0,51.0,0.6,0.0,0.0,0.0,0.0,0.0,0.0,0.0,0.0,0.0,0.0,0.0,0.0,0.0,0.6,0.0,3.0,0.0,0.0,5.29,0.0,0.0,,0.0,0.0,26.0,1.7,1,45.0,0,1,6.0,0,1.5,0.0,3.0,-3.0,-5.29,-5.95,0.0,0.0,3.0,0.0,1.0,0.0,0.0,,,0.0,,,,,,,,,,,,,,,
GER-Bundesliga,2526,RB Leipzig,Lukas Klostermann,GER,DF,29.0,1996.0,5.0,1.0,95.0,1.1,0.0,1.0,1.0,0.0,0.0,0.0,0.0,0.0,0.0,0.95,0.95,0.0,0.95,1.1,0.0,2.0,1.0,50.0,1.89,0.95,0.0,0.0,0.0,0.0,19.0,3.1,1,89.0,0,4,2.0,16,2.0,3.0,1.0,2.0,1.89,1.38,0.0,0.0,0.0,0.0,0.0,1.0,0.0,,,0.0,,,,,,,,,,,,,,,
GER-Bundesliga,2526,RB Leipzig,Maarten Vandevoordt,BEL,GK,23.0,2002.0,12.0,11.0,1052.0,11.7,0.0,0.0,0.0,0.0,0.0,0.0,0.0,0.0,0.0,0.0,0.0,0.0,0.0,11.7,0.0,0.0,0.0,,0.0,0.0,,,0.0,0.0,88.0,34.4,11,90.0,11,1,62.0,22,2.17,25.0,15.0,10.0,0.86,0.45,0.0,0.0,1.0,0.0,0.0,0.0,0.0,,,0.0,15.0,1.28,45.0,30.0,66.7,8.0,1.0,2.0,2.0,18.2,1.0,0.0,1.0,0.0,100.0
GER-Bundesliga,2526,RB Leipzig,Max Finkgräfe,GER,DF,21.0,2004.0,13.0,5.0,504.0,5.6,1.0,1.0,2.0,1.0,0.0,0.0,2.0,0.0,0.18,0.18,0.36,0.18,0.36,5.6,1.0,4.0,2.0,50.0,0.71,0.36,0.25,0.5,0.0,0.0,39.0,16.5,5,86.0,3,8,9.0,13,2.23,9.0,13.0,-4.0,-0.71,-1.52,0.0,3.0,4.0,0.0,37.0,8.0,12.0,,,0.0,,,,,,,,,,,,,,,
GER-Bundesliga,2526,RB Leipzig,Nicolas Seiwald,AUT,MF,24.0,2001.0,33.0,31.0,2694.0,29.9,0.0,2.0,2.0,0.0,0.0,0.0,2.0,0.0,0.0,0.07,0.07,0.0,0.07,29.9,0.0,20.0,7.0,35.0,0.67,0.23,0.0,0.0,0.0,0.0,82.0,88.0,31,85.0,19,2,23.0,0,1.88,57.0,37.0,20.0,0.67,0.91,0.0,18.0,6.0,0.0,6.0,60.0,47.0,,,0.0,,,,,,,,,,,,,,,
GER-Bundesliga,2526,RB Leipzig,Péter Gulácsi,HUN,GK,35.0,1990.0,23.0,23.0,2008.0,22.3,0.0,0.0,0.0,0.0,0.0,0.0,1.0,0.0,0.0,0.0,0.0,0.0,0.0,22.3,0.0,0.0,0.0,,0.0,0.0,,,0.0,0.0,87.0,65.6,23,87.0,22,0,,6,1.74,41.0,32.0,9.0,0.4,-0.45,0.0,0.0,0.0,0.0,0.0,0.0,0.0,,,0.0,32.0,1.43,85.0,52.0,62.4,12.0,4.0,7.0,9.0,39.1,2.0,2.0,0.0,0.0,0.0
GER-Bundesliga,2526,RB Leipzig,Ridle Baku,GER,DF,27.0,1998.0,32.0,28.0,2504.0,27.8,2.0,3.0,5.0,2.0,0.0,0.0,4.0,0.0,0.07,0.11,0.18,0.07,0.18,27.8,2.0,30.0,6.0,20.0,1.08,0.22,0.07,0.33,0.0,0.0,78.0,81.8,28,86.0,14,4,26.0,0,1.94,50.0,36.0,14.0,0.5,-0.31,0.0,23.0,22.0,4.0,59.0,31.0,40.0,,,0.0,,,,,,,,,,,,,,,
GER-Bundesliga,2526,RB Leipzig,Rômulo,BRA,FW,23.0,2002.0,30.0,27.0,2188.0,24.3,9.0,4.0,13.0,9.0,0.0,1.0,3.0,0.0,0.37,0.16,0.53,0.37,0.53,24.3,9.0,63.0,27.0,42.9,2.59,1.11,0.14,0.33,0.0,1.0,73.0,71.5,27,78.0,4,3,30.0,0,1.93,47.0,27.0,20.0,0.82,0.93,0.0,20.0,20.0,8.0,0.0,11.0,19.0,,,1.0,,,,,,,,,,,,,,,
GER-Bundesliga,2526,RB Leipzig,Samba Konaté,FRA,FW,16.0,2009.0,1.0,0.0,4.0,0.0,0.0,0.0,0.0,0.0,0.0,0.0,0.0,0.0,0.0,0.0,0.0,0.0,0.0,0.0,0.0,1.0,0.0,0.0,22.5,0.0,0.0,,0.0,0.0,4.0,0.1,0,,0,1,4.0,2,3.0,0.0,0.0,0.0,0.0,-0.56,0.0,0.0,0.0,0.0,0.0,0.0,0.0,,,0.0,,,,,,,,,,,,,,,
GER-Bundesliga,2526,RB Leipzig,Tidiam Gomis,FRA,FW,18.0,2006.0,18.0,2.0,348.0,3.9,1.0,0.0,1.0,1.0,0.0,0.0,1.0,0.0,0.26,0.0,0.26,0.26,0.26,3.9,1.0,9.0,3.0,33.3,2.33,0.78,0.11,0.33,0.0,0.0,19.0,11.4,2,69.0,0,16,13.0,10,1.78,5.0,9.0,-4.0,-1.03,-1.8,0.0,4.0,3.0,3.0,6.0,0.0,2.0,,,0.0,,,,,,,,,,,,,,,
GER-Bundesliga,2526,RB Leipzig,Timo Werner,GER,"FW,MF",29.0,1996.0,3.0,0.0,14.0,0.2,0.0,0.0,0.0,0.0,0.0,0.0,0.0,0.0,0.0,0.0,0.0,0.0,0.0,0.2,0.0,0.0,0.0,,0.0,0.0,,,0.0,0.0,5.0,0.5,0,,0,3,5.0,1,1.0,0.0,2.0,-2.0,-12.86,-13.48,0.0,0.0,0.0,1.0,2.0,0.0,0.0,,,0.0,,,,,,,,,,,,,,,
GER-Bundesliga,2526,RB Leipzig,Willi Orban,HUN,DF,32.0,1992.0,33.0,33.0,2949.0,32.8,2.0,0.0,2.0,2.0,0.0,0.0,4.0,0.0,0.06,0.0,0.06,0.06,0.06,32.8,2.0,20.0,9.0,45.0,0.61,0.27,0.1,0.22,0.0,0.0,89.0,96.4,33,89.0,32,0,,0,1.88,63.0,46.0,17.0,0.52,-1.1,0.0,20.0,23.0,2.0,8.0,45.0,33.0,,,0.0,,,,,,,,,,,,,,,
GER-Bundesliga,2526,RB Leipzig,Xaver Schlager,AUT,MF,27.0,1997.0,26.0,21.0,1837.0,20.4,3.0,1.0,4.0,3.0,0.0,0.0,6.0,0.0,0.15,0.05,0.2,0.15,0.2,20.4,3.0,21.0,7.0,33.3,1.03,0.34,0.14,0.43,0.0,0.0,71.0,60.0,21,83.0,16,5,21.0,1,1.88,40.0,29.0,11.0,0.54,-0.05,0.0,25.0,16.0,2.0,11.0,7.0,25.0,,,0.0,,,,,,,,,,,,,,,
GER-Bundesliga,2526,RB Leipzig,Xavi Simons,NED,MF,22.0,2003.0,1.0,1.0,90.0,1.0,0.0,0.0,0.0,0.0,0.0,0.0,0.0,0.0,0.0,0.0,0.0,0.0,0.0,1.0,0.0,0.0,0.0,,0.0,0.0,,,0.0,0.0,90.0,2.9,1,90.0,1,0,,0,0.0,0.0,6.0,-6.0,-6.0,-6.76,0.0,1.0,3.0,0.0,2.0,1.0,0.0,,,0.0,,,,,,,,,,,,,,,
GER-Bundesliga,2526,RB Leipzig,Yan Diomandé,CIV,"FW,MF",18.0,2006.0,33.0,28.0,2472.0,27.5,12.0,8.0,20.0,12.0,0.0,0.0,2.0,0.0,0.44,0.29,0.73,0.44,0.73,27.5,12.0,53.0,26.0,49.1,1.93,0.95,0.23,0.46,0.0,0.0,75.0,80.8,28,84.0,11,5,27.0,0,1.97,55.0,35.0,20.0,0.73,0.88,0.0,19.0,34.0,7.0,45.0,16.0,19.0,,,0.0,,,,,,,,,,,,,,,
GER-Bundesliga,2526,St Pauli,Abdoulie Ceesay,GAM,FW,21.0,2004.0,20.0,0.0,336.0,3.7,3.0,0.0,3.0,3.0,0.0,0.0,4.0,0.0,0.8,0.0,0.8,0.8,0.8,3.7,3.0,11.0,4.0,36.4,2.95,1.07,0.27,0.75,0.0,0.0,17.0,11.0,0,,0,20,17.0,11,0.35,7.0,9.0,-2.0,-0.54,0.42,0.0,14.0,6.0,2.0,2.0,0.0,2.0,,,0.0,,,,,,,,,,,,,,,
GER-Bundesliga,2526,St Pauli,Adam Dźwigała,POL,DF,29.0,1995.0,19.0,14.0,1288.0,14.3,1.0,1.0,2.0,1.0,0.0,0.0,5.0,0.0,0.07,0.07,0.14,0.07,0.14,14.3,1.0,4.0,2.0,50.0,0.28,0.14,0.25,0.5,0.0,0.0,68.0,42.1,14,79.0,5,5,37.0,9,0.95,13.0,24.0,-11.0,-0.77,0.25,0.0,20.0,6.0,0.0,2.0,25.0,27.0,,,0.0,,,,,,,,,,,,,,,
GER-Bundesliga,2526,St Pauli,Andreas Hountondji,BEN,FW,23.0,2002.0,21.0,15.0,1067.0,11.9,4.0,0.0,4.0,4.0,0.0,1.0,2.0,0.0,0.34,0.0,0.34,0.34,0.34,11.9,4.0,21.0,13.0,61.9,1.77,1.1,0.19,0.31,0.0,1.0,51.0,34.9,15,60.0,0,6,28.0,0,0.48,8.0,23.0,-15.0,-1.27,-0.54,0.0,9.0,6.0,7.0,20.0,0.0,0.0,,,0.0,,,,,,,,,,,,,,,
GER-Bundesliga,2526,St Pauli,Arkadiusz Pyrka,POL,MF,22.0,2002.0,31.0,30.0,2576.0,28.6,0.0,1.0,1.0,0.0,0.0,0.0,3.0,0.0,0.0,0.03,0.03,0.0,0.03,28.6,0.0,19.0,3.0,15.8,0.66,0.1,0.0,0.0,0.0,0.0,83.0,84.2,30,86.0,23,1,9.0,2,0.84,24.0,50.0,-26.0,-0.91,0.02,0.0,17.0,32.0,0.0,47.0,23.0,24.0,,,0.0,,,,,,,,,,,,,,,
GER-Bundesliga,2526,St Pauli,Connor Metcalfe,AUS,"MF,FW",25.0,1999.0,25.0,3.0,592.0,6.6,0.0,2.0,2.0,0.0,0.0,0.0,2.0,0.0,0.0,0.3,0.3,0.0,0.3,6.6,0.0,16.0,4.0,25.0,2.43,0.61,0.0,0.0,0.0,0.0,24.0,19.3,3,86.0,0,22,15.0,1,0.68,7.0,13.0,-6.0,-0.91,0.0,0.0,9.0,2.0,0.0,24.0,6.0,9.0,,,0.0,,,,,,,,,,,,,,,
GER-Bundesliga,2526,St Pauli,Danel Sinani,LUX,"MF,FW",28.0,1997.0,30.0,23.0,2069.0,23.0,5.0,3.0,8.0,2.0,3.0,3.0,4.0,0.0,0.22,0.13,0.35,0.09,0.22,23.0,5.0,49.0,18.0,36.7,2.13,0.78,0.1,0.28,3.0,3.0,69.0,67.6,23,83.0,15,7,22.0,2,0.77,18.0,43.0,-25.0,-1.09,-0.54,0.0,39.0,27.0,10.0,135.0,5.0,16.0,,,0.0,,,,,,,,,,,,,,,
GER-Bundesliga,2526,St Pauli,Dapo Afolayan,ENG,MF,27.0,1997.0,7.0,1.0,150.0,1.7,0.0,0.0,0.0,0.0,0.0,0.0,1.0,0.0,0.0,0.0,0.0,0.0,0.0,1.7,0.0,4.0,2.0,50.0,2.4,1.2,0.0,0.0,0.0,0.0,21.0,4.9,1,45.0,0,6,18.0,5,0.57,1.0,3.0,-2.0,-1.2,-0.3,0.0,2.0,6.0,0.0,10.0,0.0,2.0,,,0.0,,,,,,,,,,,,,,,
GER-Bundesliga,2526,St Pauli,Eric Smith,SWE,"DF,MF",28.0,1997.0,27.0,26.0,2311.0,25.7,2.0,2.0,4.0,2.0,0.0,0.0,4.0,1.0,0.08,0.08,0.16,0.08,0.16,25.7,2.0,12.0,5.0,41.7,0.47,0.19,0.17,0.4,0.0,0.0,86.0,75.5,26,87.0,23,1,45.0,0,0.74,22.0,43.0,-21.0,-0.82,0.38,0.0,15.0,29.0,1.0,64.0,24.0,23.0,,,0.0,,,,,,,,,,,,,,,
GER-Bundesliga,2526,St Pauli,Finley Stevens,WAL,DF,22.0,2003.0,1.0,0.0,27.0,0.3,0.0,0.0,0.0,0.0,0.0,0.0,0.0,0.0,0.0,0.0,0.0,0.0,0.0,0.3,0.0,0.0,0.0,,0.0,0.0,,,0.0,0.0,27.0,0.9,0,,0,1,27.0,10,0.0,1.0,0.0,1.0,3.33,4.28,0.0,0.0,0.0,0.0,1.0,0.0,0.0,,,0.0,,,,,,,,,,,,,,,
GER-Bundesliga,2526,St Pauli,Hauke Wahl,GER,DF,31.0,1994.0,30.0,29.0,2592.0,28.8,2.0,1.0,3.0,2.0,0.0,0.0,1.0,0.0,0.07,0.03,0.1,0.07,0.1,28.8,2.0,10.0,4.0,40.0,0.35,0.14,0.2,0.5,0.0,0.0,86.0,84.7,29,88.0,28,1,27.0,0,0.77,25.0,47.0,-22.0,-0.76,0.97,0.0,11.0,13.0,4.0,12.0,31.0,32.0,,,0.0,,,,,,,,,,,,,,,
GER-Bundesliga,2526,St Pauli,Jackson Irvine,AUS,MF,32.0,1993.0,24.0,18.0,1624.0,18.0,0.0,1.0,1.0,0.0,0.0,0.0,2.0,1.0,0.0,0.06,0.06,0.0,0.06,18.0,0.0,19.0,4.0,21.1,1.05,0.22,0.0,0.0,0.0,0.0,68.0,53.1,18,85.0,11,6,16.0,2,0.79,16.0,24.0,-8.0,-0.44,1.0,1.0,20.0,12.0,2.0,13.0,28.0,17.0,,,0.0,,,,,,,,,,,,,,,
GER-Bundesliga,2526,St Pauli,James Sands,USA,MF,25.0,2000.0,24.0,23.0,1934.0,21.5,1.0,0.0,1.0,1.0,0.0,0.0,4.0,0.0,0.05,0.0,0.05,0.05,0.05,21.5,1.0,16.0,4.0,25.0,0.74,0.19,0.06,0.25,0.0,0.0,81.0,63.2,23,84.0,15,1,11.0,0,1.0,17.0,34.0,-17.0,-0.79,0.33,0.0,26.0,38.0,0.0,9.0,41.0,23.0,,,0.0,,,,,,,,,,,,,,,
GER-Bundesliga,2526,St Pauli,Joel Fujita,JPN,MF,23.0,2002.0,32.0,31.0,2665.0,29.6,1.0,3.0,4.0,1.0,0.0,0.0,6.0,0.0,0.03,0.1,0.14,0.03,0.14,29.6,1.0,32.0,7.0,21.9,1.08,0.24,0.03,0.14,0.0,0.0,83.0,87.1,31,85.0,23,1,22.0,0,0.69,25.0,53.0,-28.0,-0.95,-0.26,0.0,37.0,19.0,3.0,28.0,34.0,36.0,,,0.0,,,,,,,,,,,,,,,
GER-Bundesliga,2526,St Pauli,Karol Mets,EST,DF,32.0,1993.0,23.0,22.0,1932.0,21.5,1.0,0.0,1.0,1.0,0.0,0.0,3.0,0.0,0.05,0.0,0.05,0.05,0.05,21.5,1.0,7.0,1.0,14.3,0.33,0.05,0.14,1.0,0.0,0.0,84.0,63.1,22,87.0,18,1,16.0,3,0.78,17.0,40.0,-23.0,-1.07,-0.43,0.0,13.0,11.0,1.0,6.0,22.0,22.0,,,0.0,,,,,,,,,,,,,,,
GER-Bundesliga,2526,St Pauli,Lars Ritzka,GER,"MF,DF",27.0,1998.0,21.0,12.0,966.0,10.7,0.0,0.0,0.0,0.0,0.0,0.0,1.0,0.0,0.0,0.0,0.0,0.0,0.0,10.7,0.0,4.0,1.0,25.0,0.37,0.09,0.0,0.0,0.0,0.0,46.0,31.6,12,66.0,0,9,20.0,13,0.71,6.0,21.0,-15.0,-1.4,-0.71,0.0,10.0,3.0,2.0,18.0,13.0,26.0,,,0.0,,,,,,,,,,,,,,,
GER-Bundesliga,2526,St Pauli,Louis Oppie,GER,MF,23.0,2002.0,23.0,17.0,1620.0,18.0,1.0,0.0,1.0,1.0,0.0,0.0,0.0,0.0,0.06,0.0,0.06,0.06,0.06,18.0,1.0,15.0,4.0,26.7,0.83,0.22,0.07,0.25,0.0,0.0,70.0,52.9,17,87.0,15,6,22.0,11,0.57,14.0,34.0,-20.0,-1.11,-0.42,0.0,15.0,15.0,4.0,58.0,11.0,19.0,,,0.0,,,,,,,,,,,,,,,
GER-Bundesliga,2526,St Pauli,Manolis Saliakas,GRE,MF,28.0,1996.0,17.0,12.0,1106.0,12.3,1.0,3.0,4.0,1.0,0.0,0.0,3.0,0.0,0.08,0.24,0.33,0.08,0.33,12.3,1.0,16.0,3.0,18.8,1.3,0.24,0.06,0.33,0.0,0.0,65.0,36.1,12,81.0,4,5,27.0,8,1.12,12.0,21.0,-9.0,-0.73,0.28,0.0,4.0,7.0,4.0,44.0,13.0,20.0,,,0.0,,,,,,,,,,,,,,,
GER-Bundesliga,2526,St Pauli,Martijn Kaars,NED,FW,26.0,1999.0,29.0,14.0,1348.0,15.0,3.0,1.0,4.0,2.0,1.0,1.0,2.0,0.0,0.2,0.07,0.27,0.13,0.2,15.0,3.0,23.0,10.0,43.5,1.54,0.67,0.13,0.3,1.0,1.0,46.0,44.1,14,71.0,3,15,24.0,3,0.69,11.0,27.0,-16.0,-1.07,-0.28,0.0,8.0,6.0,4.0,15.0,0.0,5.0,,,0.0,,,,,,,,,,,,,,,
GER-Bundesliga,2526,St Pauli,Mathias Pereira Lage,POR,"MF,FW",28.0,1996.0,28.0,25.0,2018.0,22.4,2.0,2.0,4.0,2.0,0.0,0.0,3.0,0.0,0.09,0.09,0.18,0.09,0.18,22.4,2.0,43.0,15.0,34.9,1.92,0.67,0.05,0.13,0.0,0.0,72.0,65.9,25,77.0,6,3,27.0,0,0.82,21.0,37.0,-16.0,-0.71,0.58,0.0,32.0,32.0,15.0,58.0,16.0,23.0,,,0.0,,,,,,,,,,,,,,,
GER-Bundesliga,2526,St Pauli,Mathias Rasmussen,NOR,MF,27.0,1997.0,13.0,8.0,694.0,7.7,0.0,0.0,0.0,0.0,0.0,0.0,0.0,0.0,0.0,0.0,0.0,0.0,0.0,7.7,0.0,6.0,2.0,33.3,0.78,0.26,0.0,0.0,0.0,0.0,53.0,22.7,8,83.0,5,5,6.0,1,0.69,8.0,17.0,-9.0,-1.17,-0.33,0.0,6.0,7.0,1.0,6.0,8.0,6.0,,,0.0,,,,,,,,,,,,,,,
GER-Bundesliga,2526,St Pauli,Nikola Vasilj,BIH,GK,29.0,1995.0,34.0,34.0,3060.0,34.0,0.0,0.0,0.0,0.0,0.0,0.0,0.0,0.0,0.0,0.0,0.0,0.0,0.0,34.0,0.0,0.0,0.0,,0.0,0.0,,,0.0,0.0,90.0,100.0,34,90.0,34,0,,0,0.76,29.0,60.0,-31.0,-0.91,,0.0,0.0,1.0,0.0,0.0,1.0,1.0,,,1.0,60.0,1.76,183.0,123.0,67.2,6.0,8.0,20.0,5.0,14.7,6.0,3.0,2.0,1.0,40.0
GER-Bundesliga,2526,St Pauli,Ricky-Jade Jones,ENG,FW,24.0,2001.0,9.0,3.0,351.0,3.9,2.0,0.0,2.0,2.0,0.0,0.0,1.0,0.0,0.51,0.0,0.51,0.51,0.51,3.9,2.0,11.0,6.0,54.5,2.82,1.54,0.18,0.33,0.0,0.0,39.0,11.5,3,65.0,0,6,26.0,2,0.78,4.0,6.0,-2.0,-0.51,0.45,0.0,8.0,7.0,6.0,8.0,2.0,2.0,,,0.0,,,,,,,,,,,,,,,
GER-Bundesliga,2526,St Pauli,Taichi Hara,JPN,FW,26.0,1999.0,4.0,0.0,27.0,0.3,0.0,0.0,0.0,0.0,0.0,0.0,0.0,0.0,0.0,0.0,0.0,0.0,0.0,0.3,0.0,1.0,0.0,0.0,3.33,0.0,0.0,,0.0,0.0,7.0,0.9,0,,0,4,7.0,10,0.75,0.0,1.0,-1.0,-3.33,-2.44,0.0,0.0,0.0,0.0,0.0,0.0,0.0,,,0.0,,,,,,,,,,,,,,,
GER-Bundesliga,2526,St Pauli,Tomoya Ando,JPN,DF,26.0,1999.0,15.0,14.0,1260.0,14.0,0.0,1.0,1.0,0.0,0.0,0.0,3.0,0.0,0.0,0.07,0.07,0.0,0.07,14.0,0.0,8.0,2.0,25.0,0.57,0.14,0.0,0.0,0.0,0.0,84.0,41.2,14,88.0,12,1,27.0,2,0.6,12.0,29.0,-17.0,-1.21,-0.51,0.0,12.0,12.0,0.0,6.0,14.0,23.0,,,0.0,,,,,,,,,,,,,,,
GER-Bundesliga,2526,Stuttgart,Alexander Nübel,GER,GK,28.0,1996.0,34.0,34.0,3060.0,34.0,0.0,1.0,1.0,0.0,0.0,0.0,0.0,0.0,0.0,0.03,0.03,0.0,0.03,34.0,0.0,0.0,0.0,,0.0,0.0,,,0.0,0.0,90.0,100.0,34,90.0,34,0,,0,1.82,71.0,49.0,22.0,0.65,,0.0,1.0,7.0,0.0,0.0,1.0,0.0,,,0.0,49.0,1.44,157.0,107.0,68.8,18.0,8.0,8.0,11.0,32.4,10.0,9.0,1.0,0.0,10.0
GER-Bundesliga,2526,Stuttgart,Ameen Al-Dakhil,BEL,DF,23.0,2002.0,8.0,3.0,380.0,4.2,0.0,0.0,0.0,0.0,0.0,0.0,1.0,0.0,0.0,0.0,0.0,0.0,0.0,4.2,0.0,1.0,0.0,0.0,0.24,0.0,0.0,,0.0,0.0,48.0,12.4,3,90.0,3,5,22.0,13,2.0,6.0,8.0,-2.0,-0.47,-1.28,0.0,1.0,0.0,0.0,0.0,5.0,3.0,,,0.0,,,,,,,,,,,,,,,
GER-Bundesliga,2526,Stuttgart,Angelo Stiller,GER,MF,24.0,2001.0,34.0,30.0,2743.0,30.5,2.0,5.0,7.0,2.0,0.0,1.0,1.0,0.0,0.07,0.16,0.23,0.07,0.23,30.5,2.0,17.0,8.0,47.1,0.56,0.26,0.12,0.25,0.0,1.0,81.0,89.6,30,88.0,23,4,26.0,0,1.82,65.0,43.0,22.0,0.72,0.72,0.0,18.0,44.0,0.0,105.0,28.0,23.0,,,0.0,,,,,,,,,,,,,,,
GER-Bundesliga,2526,Stuttgart,Atakan Karazor,TUR,MF,28.0,1996.0,28.0,22.0,1884.0,20.9,0.0,1.0,1.0,0.0,0.0,0.0,5.0,1.0,0.0,0.05,0.05,0.0,0.05,20.9,0.0,7.0,2.0,28.6,0.33,0.1,0.0,0.0,0.0,0.0,67.0,61.6,22,84.0,12,6,7.0,3,1.82,37.0,29.0,8.0,0.38,-0.69,0.0,20.0,34.0,1.0,7.0,15.0,27.0,,,0.0,,,,,,,,,,,,,,,
GER-Bundesliga,2526,Stuttgart,Badredine Bouanani,ALG,MF,20.0,2004.0,14.0,5.0,463.0,5.1,0.0,0.0,0.0,0.0,0.0,0.0,1.0,0.0,0.0,0.0,0.0,0.0,0.0,5.1,0.0,16.0,4.0,25.0,3.11,0.78,0.0,0.0,0.0,0.0,33.0,15.1,5,72.0,1,9,11.0,15,1.79,13.0,5.0,8.0,1.56,1.07,0.0,1.0,6.0,1.0,26.0,4.0,3.0,,,0.0,,,,,,,,,,,,,,,
GER-Bundesliga,2526,Stuttgart,Bilal El Khannouss,MAR,"MF,FW",21.0,2004.0,25.0,19.0,1630.0,18.1,4.0,5.0,9.0,4.0,0.0,0.0,6.0,0.0,0.22,0.28,0.5,0.22,0.5,18.1,4.0,42.0,15.0,35.7,2.32,0.83,0.1,0.27,0.0,0.0,65.0,53.3,19,80.0,7,6,18.0,2,1.84,33.0,30.0,3.0,0.17,-1.03,0.0,19.0,9.0,1.0,65.0,10.0,21.0,,,0.0,,,,,,,,,,,,,,,
GER-Bundesliga,2526,Stuttgart,Chema,ESP,MF,20.0,2005.0,25.0,14.0,1310.0,14.6,3.0,0.0,3.0,3.0,0.0,0.0,5.0,0.0,0.21,0.0,0.21,0.21,0.21,14.6,3.0,15.0,6.0,40.0,1.03,0.41,0.2,0.5,0.0,0.0,52.0,42.8,14,85.0,8,11,10.0,9,1.88,32.0,24.0,8.0,0.55,-0.17,0.0,20.0,8.0,1.0,0.0,31.0,16.0,,,0.0,,,,,,,,,,,,,,,
GER-Bundesliga,2526,Stuttgart,Chris Führich,GER,MF,27.0,1998.0,33.0,20.0,1698.0,18.9,7.0,7.0,14.0,7.0,0.0,0.0,2.0,0.0,0.37,0.37,0.74,0.37,0.74,18.9,7.0,45.0,23.0,51.1,2.39,1.22,0.16,0.3,0.0,0.0,51.0,55.5,20,70.0,1,13,23.0,1,1.79,41.0,28.0,13.0,0.69,0.09,0.0,6.0,7.0,5.0,86.0,3.0,9.0,,,0.0,,,,,,,,,,,,,,,
GER-Bundesliga,2526,Stuttgart,Dan-Axel Zagadou,FRA,DF,26.0,1999.0,3.0,3.0,209.0,2.3,0.0,0.0,0.0,0.0,0.0,0.0,0.0,0.0,0.0,0.0,0.0,0.0,0.0,2.3,0.0,6.0,1.0,16.7,2.58,0.43,0.0,0.0,0.0,0.0,70.0,6.8,3,70.0,1,0,,8,2.33,4.0,4.0,0.0,0.0,-0.69,0.0,5.0,1.0,0.0,0.0,5.0,4.0,,,0.0,,,,,,,,,,,,,,,
GER-Bundesliga,2526,Stuttgart,Deniz Undav,GER,"FW,MF",29.0,1996.0,29.0,25.0,2241.0,24.9,19.0,7.0,26.0,19.0,0.0,1.0,5.0,0.0,0.76,0.28,1.04,0.76,1.04,24.9,19.0,124.0,46.0,37.1,4.98,1.85,0.15,0.41,0.0,1.0,77.0,73.2,25,84.0,13,4,36.0,0,1.83,55.0,36.0,19.0,0.76,0.43,0.0,32.0,23.0,25.0,16.0,4.0,14.0,,,0.0,,,,,,,,,,,,,,,
GER-Bundesliga,2526,Stuttgart,Ermedin Demirović,BIH,FW,27.0,1998.0,25.0,17.0,1497.0,16.6,12.0,3.0,15.0,11.0,1.0,1.0,5.0,0.0,0.72,0.18,0.9,0.66,0.84,16.6,12.0,41.0,22.0,53.7,2.46,1.32,0.29,0.55,1.0,1.0,60.0,48.9,17,80.0,8,8,16.0,0,1.92,37.0,17.0,20.0,1.2,1.09,0.0,37.0,26.0,8.0,1.0,2.0,10.0,,,0.0,,,,,,,,,,,,,,,
GER-Bundesliga,2526,Stuttgart,Finn Jeltsch,GER,DF,19.0,2006.0,23.0,17.0,1511.0,16.8,0.0,1.0,1.0,0.0,0.0,0.0,3.0,0.0,0.0,0.06,0.06,0.0,0.06,16.8,0.0,3.0,0.0,0.0,0.18,0.0,0.0,,0.0,0.0,66.0,49.4,17,85.0,14,6,12.0,6,1.91,37.0,23.0,14.0,0.83,0.37,0.0,13.0,16.0,3.0,3.0,19.0,14.0,,,0.0,,,,,,,,,,,,,,,
GER-Bundesliga,2526,Stuttgart,Jamie Leweling,GER,MF,24.0,2001.0,32.0,26.0,2367.0,26.3,7.0,9.0,16.0,7.0,0.0,0.0,4.0,0.0,0.27,0.34,0.61,0.27,0.61,26.3,7.0,49.0,18.0,36.7,1.86,0.68,0.14,0.39,0.0,0.0,74.0,77.4,26,84.0,10,6,29.0,0,1.75,50.0,40.0,10.0,0.38,-1.18,0.0,17.0,43.0,15.0,123.0,13.0,12.0,,,0.0,,,,,,,,,,,,,,,
GER-Bundesliga,2526,Stuttgart,Jeremy Arévalo,ECU,FW,20.0,2005.0,7.0,0.0,38.0,0.4,0.0,0.0,0.0,0.0,0.0,0.0,0.0,0.0,0.0,0.0,0.0,0.0,0.0,0.4,0.0,3.0,1.0,33.3,7.11,2.37,0.0,0.0,0.0,0.0,5.0,1.2,0,,0,7,5.0,2,2.0,2.0,1.0,1.0,2.37,1.74,0.0,0.0,3.0,0.0,0.0,0.0,0.0,,,0.0,,,,,,,,,,,,,,,
GER-Bundesliga,2526,Stuttgart,Josha Vagnoman,GER,"DF,MF",24.0,2000.0,27.0,18.0,1587.0,17.6,1.0,3.0,4.0,1.0,0.0,0.0,3.0,0.0,0.06,0.17,0.23,0.06,0.23,17.6,1.0,19.0,11.0,57.9,1.08,0.62,0.05,0.09,0.0,0.0,59.0,51.9,18,84.0,11,9,9.0,4,1.78,32.0,29.0,3.0,0.17,-0.99,0.0,17.0,16.0,1.0,33.0,3.0,19.0,,,0.0,,,,,,,,,,,,,,,
GER-Bundesliga,2526,Stuttgart,Julian Chabot,GER,DF,27.0,1998.0,27.0,26.0,2294.0,25.5,0.0,0.0,0.0,0.0,0.0,0.0,3.0,0.0,0.0,0.0,0.0,0.0,0.0,25.5,0.0,18.0,7.0,38.9,0.71,0.27,0.0,0.0,0.0,0.0,85.0,75.0,26,88.0,23,1,16.0,5,1.81,55.0,37.0,18.0,0.71,0.24,0.0,35.0,40.0,0.0,1.0,40.0,20.0,,,1.0,,,,,,,,,,,,,,,
GER-Bundesliga,2526,Stuttgart,Lazar Jovanović,SRB,FW,18.0,2006.0,3.0,0.0,40.0,0.4,0.0,0.0,0.0,0.0,0.0,0.0,0.0,0.0,0.0,0.0,0.0,0.0,0.0,0.4,0.0,1.0,0.0,0.0,2.25,0.0,0.0,,0.0,0.0,13.0,1.3,0,,0,3,13.0,4,1.0,2.0,1.0,1.0,2.25,1.62,0.0,1.0,1.0,0.0,0.0,0.0,0.0,,,0.0,,,,,,,,,,,,,,,
GER-Bundesliga,2526,Stuttgart,Leonidas Stergiou,SUI,DF,23.0,2002.0,1.0,0.0,1.0,0.0,0.0,0.0,0.0,0.0,0.0,0.0,0.0,0.0,0.0,0.0,0.0,0.0,0.0,0.0,0.0,0.0,0.0,,0.0,0.0,,,0.0,0.0,1.0,0.0,0,,0,1,1.0,3,3.0,0.0,0.0,0.0,0.0,-0.65,0.0,0.0,0.0,0.0,0.0,0.0,0.0,,,0.0,,,,,,,,,,,,,,,
GER-Bundesliga,2526,Stuttgart,Lorenz Assignon,TOG,"DF,MF",25.0,2000.0,24.0,12.0,1094.0,12.2,0.0,0.0,0.0,0.0,0.0,0.0,3.0,1.0,0.0,0.0,0.0,0.0,0.0,12.2,0.0,12.0,4.0,33.3,0.99,0.33,0.0,0.0,0.0,0.0,46.0,35.8,12,80.0,4,12,11.0,6,2.0,28.0,13.0,15.0,1.23,0.91,0.0,19.0,7.0,1.0,40.0,15.0,15.0,,,0.0,,,,,,,,,,,,,,,
GER-Bundesliga,2526,Stuttgart,Luca Jaquez,SUI,DF,22.0,2003.0,14.0,10.0,898.0,10.0,0.0,1.0,1.0,0.0,0.0,0.0,1.0,0.0,0.0,0.1,0.1,0.0,0.1,10.0,0.0,4.0,0.0,0.0,0.4,0.0,0.0,,0.0,0.0,64.0,29.3,10,82.0,6,4,19.0,4,1.79,16.0,13.0,3.0,0.3,-0.49,0.0,4.0,2.0,0.0,1.0,11.0,7.0,,,0.0,,,,,,,,,,,,,,,
GER-Bundesliga,2526,Stuttgart,Maximilian Mittelstädt,GER,"DF,MF",28.0,1997.0,32.0,24.0,2186.0,24.3,6.0,4.0,10.0,2.0,4.0,4.0,4.0,0.0,0.25,0.16,0.41,0.08,0.25,24.3,6.0,31.0,16.0,51.6,1.28,0.66,0.19,0.38,4.0,4.0,68.0,71.4,24,84.0,12,8,22.0,1,1.75,49.0,29.0,20.0,0.82,0.62,0.0,11.0,26.0,2.0,122.0,35.0,42.0,,,0.0,,,,,,,,,,,,,,,
GER-Bundesliga,2526,Stuttgart,Nick Woltemade,GER,MF,23.0,2002.0,1.0,1.0,90.0,1.0,0.0,0.0,0.0,0.0,0.0,0.0,0.0,0.0,0.0,0.0,0.0,0.0,0.0,1.0,0.0,0.0,0.0,,0.0,0.0,,,0.0,0.0,90.0,2.9,1,90.0,1,0,,0,0.0,1.0,2.0,-1.0,-1.0,-1.7,0.0,1.0,3.0,1.0,0.0,0.0,0.0,,,0.0,,,,,,,,,,,,,,,
GER-Bundesliga,2526,Stuttgart,Nikolas Nartey,DEN,MF,25.0,2000.0,28.0,14.0,1256.0,14.0,4.0,3.0,7.0,4.0,0.0,0.0,2.0,0.0,0.29,0.21,0.5,0.29,0.5,14.0,4.0,22.0,12.0,54.5,1.58,0.86,0.18,0.33,0.0,0.0,45.0,41.0,14,74.0,2,14,16.0,4,2.07,34.0,13.0,21.0,1.5,1.45,0.0,18.0,23.0,1.0,14.0,10.0,12.0,,,0.0,,,,,,,,,,,,,,,
GER-Bundesliga,2526,Stuttgart,Pascal Stenzel,GER,MF,29.0,1996.0,2.0,2.0,106.0,1.2,0.0,0.0,0.0,0.0,0.0,0.0,2.0,0.0,0.0,0.0,0.0,0.0,0.0,1.2,0.0,3.0,1.0,33.3,2.55,0.85,0.0,0.0,0.0,0.0,53.0,3.5,2,53.0,0,0,,16,1.5,1.0,2.0,-1.0,-0.85,-1.55,0.0,2.0,2.0,0.0,5.0,2.0,0.0,,,0.0,,,,,,,,,,,,,,,
GER-Bundesliga,2526,Stuttgart,Ramon Hendriks,NED,DF,24.0,2001.0,31.0,22.0,2025.0,22.5,0.0,3.0,3.0,0.0,0.0,0.0,3.0,0.0,0.0,0.13,0.13,0.0,0.13,22.5,0.0,5.0,0.0,0.0,0.22,0.0,0.0,,0.0,0.0,65.0,66.2,22,86.0,17,9,14.0,2,1.77,50.0,38.0,12.0,0.53,-0.34,0.0,17.0,25.0,0.0,20.0,22.0,15.0,,,0.0,,,,,,,,,,,,,,,
GER-Bundesliga,2526,Stuttgart,Tiago Tomás,POR,"MF,FW",23.0,2002.0,27.0,10.0,1020.0,11.3,5.0,3.0,8.0,5.0,0.0,0.0,4.0,0.0,0.44,0.26,0.71,0.44,0.71,11.3,5.0,35.0,10.0,28.6,3.09,0.88,0.14,0.5,0.0,0.0,38.0,33.3,10,70.0,0,17,19.0,0,1.81,27.0,23.0,4.0,0.35,-0.44,0.0,12.0,29.0,3.0,12.0,5.0,8.0,,,0.0,,,,,,,,,,,,,,,
GER-Bundesliga,2526,Union Berlin,Alex Král,CZE,MF,27.0,1998.0,20.0,2.0,459.0,5.1,0.0,0.0,0.0,0.0,0.0,0.0,1.0,0.0,0.0,0.0,0.0,0.0,0.0,5.1,0.0,7.0,3.0,42.9,1.37,0.59,0.0,0.0,0.0,0.0,23.0,15.0,2,73.0,0,18,17.0,10,1.05,8.0,13.0,-5.0,-0.98,-0.67,0.0,4.0,11.0,0.0,13.0,2.0,5.0,,,0.0,,,,,,,,,,,,,,,
GER-Bundesliga,2526,Union Berlin,Aljoscha Kemlein,GER,MF,20.0,2004.0,30.0,23.0,1959.0,21.8,0.0,2.0,2.0,0.0,0.0,0.0,4.0,0.0,0.0,0.09,0.09,0.0,0.09,21.8,0.0,17.0,2.0,11.8,0.78,0.09,0.0,0.0,0.0,0.0,65.0,64.0,23,79.0,8,7,20.0,4,1.13,28.0,31.0,-3.0,-0.14,0.76,0.0,22.0,11.0,0.0,9.0,18.0,25.0,,,0.0,,,,,,,,,,,,,,,
GER-Bundesliga,2526,Union Berlin,Andrej Ilic,SRB,FW,25.0,2000.0,32.0,24.0,2257.0,25.1,5.0,10.0,15.0,5.0,0.0,1.0,5.0,0.0,0.2,0.4,0.6,0.2,0.6,25.1,5.0,71.0,26.0,36.6,2.83,1.04,0.07,0.19,0.0,1.0,71.0,73.8,24,84.0,17,8,29.0,0,1.19,37.0,46.0,-9.0,-0.36,0.2,0.0,38.0,32.0,16.0,18.0,2.0,3.0,,,0.0,,,,,,,,,,,,,,,
GER-Bundesliga,2526,Union Berlin,András Schäfer,HUN,MF,26.0,1999.0,28.0,16.0,1421.0,15.8,2.0,1.0,3.0,2.0,0.0,0.0,2.0,1.0,0.13,0.06,0.19,0.13,0.19,15.8,2.0,27.0,10.0,37.0,1.71,0.63,0.07,0.2,0.0,0.0,51.0,46.4,16,74.0,6,12,20.0,1,1.07,21.0,22.0,-1.0,-0.06,0.65,0.0,32.0,22.0,0.0,18.0,20.0,22.0,,,0.0,,,,,,,,,,,,,,,
GER-Bundesliga,2526,Union Berlin,Carl Klaus,GER,GK,31.0,1994.0,4.0,3.0,330.0,3.7,0.0,0.0,0.0,0.0,0.0,0.0,0.0,0.0,0.0,0.0,0.0,0.0,0.0,3.7,0.0,0.0,0.0,,0.0,0.0,,,0.0,0.0,83.0,10.8,3,90.0,3,1,60.0,6,1.75,10.0,4.0,6.0,1.64,2.3,0.0,0.0,0.0,0.0,0.0,0.0,0.0,,,0.0,4.0,1.09,13.0,9.0,69.2,2.0,1.0,0.0,1.0,33.3,0.0,0.0,0.0,0.0,
GER-Bundesliga,2526,Union Berlin,Christopher Trimmel,AUT,"MF,DF",38.0,1987.0,29.0,22.0,1861.0,20.7,0.0,3.0,3.0,0.0,0.0,0.0,8.0,0.0,0.0,0.15,0.15,0.0,0.15,20.7,0.0,5.0,1.0,20.0,0.24,0.05,0.0,0.0,0.0,0.0,64.0,60.8,22,75.0,6,7,30.0,4,1.24,29.0,31.0,-2.0,-0.1,0.8,0.0,27.0,9.0,0.0,177.0,10.0,24.0,,,0.0,,,,,,,,,,,,,,,
GER-Bundesliga,2526,Union Berlin,Danilho Doekhi,NED,DF,27.0,1998.0,34.0,34.0,3060.0,34.0,5.0,0.0,5.0,5.0,0.0,0.0,4.0,0.0,0.15,0.0,0.15,0.15,0.15,34.0,5.0,45.0,11.0,24.4,1.32,0.32,0.11,0.45,0.0,0.0,90.0,100.0,34,90.0,34,0,,0,1.15,44.0,58.0,-14.0,-0.41,,0.0,28.0,15.0,1.0,6.0,42.0,31.0,,,0.0,,,,,,,,,,,,,,,
GER-Bundesliga,2526,Union Berlin,Derrick Köhn,GHA,"MF,DF",26.0,1999.0,29.0,21.0,1899.0,21.1,1.0,2.0,3.0,0.0,1.0,1.0,5.0,1.0,0.05,0.09,0.14,0.0,0.09,21.1,1.0,28.0,5.0,17.9,1.33,0.24,0.04,0.2,1.0,1.0,65.0,62.1,21,82.0,10,8,21.0,2,1.17,25.0,32.0,-7.0,-0.33,0.21,0.0,33.0,16.0,6.0,114.0,8.0,22.0,,,0.0,,,,,,,,,,,,,,,
GER-Bundesliga,2526,Union Berlin,Diogo Leite,POR,DF,26.0,1999.0,23.0,23.0,1963.0,21.8,0.0,0.0,0.0,0.0,0.0,0.0,4.0,0.0,0.0,0.0,0.0,0.0,0.0,21.8,0.0,10.0,1.0,10.0,0.46,0.05,0.0,0.0,0.0,0.0,85.0,64.2,23,85.0,16,0,,2,1.26,30.0,32.0,-2.0,-0.09,0.89,0.0,26.0,26.0,1.0,7.0,44.0,15.0,,,1.0,,,,,,,,,,,,,,,
GER-Bundesliga,2526,Union Berlin,Dmytro Bohdanov,UKR,MF,18.0,2007.0,2.0,0.0,6.0,0.1,0.0,0.0,0.0,0.0,0.0,0.0,0.0,0.0,0.0,0.0,0.0,0.0,0.0,0.1,0.0,3.0,1.0,33.3,45.0,15.0,0.0,0.0,0.0,0.0,3.0,0.2,0,,0,2,3.0,6,1.5,1.0,0.0,1.0,15.0,15.44,0.0,0.0,0.0,0.0,0.0,0.0,0.0,,,0.0,,,,,,,,,,,,,,,
GER-Bundesliga,2526,Union Berlin,Frederik Rønnow,DEN,GK,32.0,1992.0,30.0,30.0,2640.0,29.3,0.0,0.0,0.0,0.0,0.0,0.0,2.0,0.0,0.0,0.0,0.0,0.0,0.0,29.3,0.0,0.0,0.0,,0.0,0.0,,,0.0,0.0,88.0,86.3,30,88.0,29,0,,0,0.97,33.0,54.0,-21.0,-0.72,-2.22,0.0,1.0,3.0,0.0,0.0,1.0,1.0,,,0.0,54.0,1.84,131.0,75.0,58.8,7.0,8.0,15.0,5.0,16.7,6.0,6.0,0.0,0.0,0.0
GER-Bundesliga,2526,Union Berlin,Ilyas Ansah,GER,"MF,FW",20.0,2004.0,33.0,23.0,1892.0,21.0,5.0,1.0,6.0,5.0,0.0,0.0,1.0,0.0,0.24,0.05,0.29,0.24,0.29,21.0,5.0,33.0,12.0,36.4,1.57,0.57,0.15,0.42,0.0,0.0,57.0,61.8,23,73.0,3,10,22.0,1,1.18,28.0,31.0,-3.0,-0.14,0.7,0.0,21.0,43.0,9.0,19.0,4.0,9.0,,,0.0,,,,,,,,,,,,,,,
GER-Bundesliga,2526,Union Berlin,Janik Haberer,GER,MF,31.0,1994.0,28.0,20.0,1646.0,18.3,0.0,1.0,1.0,0.0,0.0,0.0,8.0,0.0,0.0,0.05,0.05,0.0,0.05,18.3,0.0,11.0,1.0,9.1,0.6,0.05,0.0,0.0,0.0,0.0,59.0,53.8,20,74.0,7,8,22.0,4,1.0,17.0,39.0,-22.0,-1.2,-1.71,0.0,24.0,21.0,1.0,67.0,10.0,19.0,,,0.0,,,,,,,,,,,,,,,
GER-Bundesliga,2526,Union Berlin,Jeong Woo-yeong,KOR,"MF,FW",25.0,1999.0,28.0,13.0,1197.0,13.3,4.0,1.0,5.0,4.0,0.0,0.0,0.0,0.0,0.3,0.08,0.38,0.3,0.38,13.3,4.0,22.0,8.0,36.4,1.65,0.6,0.18,0.5,0.0,0.0,43.0,39.1,13,69.0,2,15,20.0,2,1.21,16.0,22.0,-6.0,-0.45,-0.06,0.0,13.0,20.0,4.0,31.0,8.0,7.0,,,0.0,,,,,,,,,,,,,,,
GER-Bundesliga,2526,Union Berlin,Josip Juranović,CRO,MF,29.0,1995.0,11.0,3.0,330.0,3.7,1.0,1.0,2.0,1.0,0.0,0.0,1.0,0.0,0.27,0.27,0.55,0.27,0.55,3.7,1.0,4.0,1.0,25.0,1.09,0.27,0.25,1.0,0.0,0.0,30.0,10.8,3,63.0,0,8,18.0,8,1.64,7.0,7.0,0.0,0.0,0.46,0.0,0.0,3.0,0.0,40.0,0.0,4.0,,,0.0,,,,,,,,,,,,,,,
GER-Bundesliga,2526,Union Berlin,Leopold Querfeld,AUT,DF,21.0,2003.0,31.0,30.0,2705.0,30.1,3.0,0.0,3.0,1.0,2.0,3.0,7.0,0.0,0.1,0.0,0.1,0.03,0.03,30.1,3.0,29.0,10.0,34.5,0.96,0.33,0.1,0.3,2.0,3.0,87.0,88.4,30,90.0,30,1,5.0,2,1.03,35.0,55.0,-20.0,-0.67,-2.19,0.0,46.0,28.0,0.0,3.0,35.0,27.0,,,0.0,,,,,,,,,,,,,,,
GER-Bundesliga,2526,Union Berlin,Linus Güther,GER,MF,15.0,2010.0,1.0,0.0,7.0,0.1,0.0,0.0,0.0,0.0,0.0,0.0,1.0,0.0,0.0,0.0,0.0,0.0,0.0,0.1,0.0,0.0,0.0,,0.0,0.0,,,0.0,0.0,7.0,0.2,0,,0,1,7.0,0,0.0,0.0,0.0,0.0,0.0,0.41,0.0,1.0,0.0,0.0,0.0,0.0,0.0,,,0.0,,,,,,,,,,,,,,,
GER-Bundesliga,2526,Union Berlin,Livan Burcu,TUR,"MF,FW",20.0,2004.0,18.0,6.0,651.0,7.2,1.0,1.0,2.0,1.0,0.0,0.0,4.0,0.0,0.14,0.14,0.28,0.14,0.28,7.2,1.0,16.0,3.0,18.8,2.21,0.41,0.06,0.33,0.0,0.0,36.0,21.3,6,68.0,0,12,20.0,7,0.94,11.0,12.0,-1.0,-0.14,0.35,0.0,6.0,14.0,1.0,15.0,2.0,7.0,,,0.0,,,,,,,,,,,,,,,
GER-Bundesliga,2526,Union Berlin,Marin Ljubicic,CRO,FW,23.0,2002.0,2.0,0.0,22.0,0.2,2.0,0.0,2.0,2.0,0.0,0.0,0.0,0.0,8.18,0.0,8.18,8.18,8.18,0.2,2.0,2.0,2.0,100.0,8.18,8.18,1.0,1.0,0.0,0.0,11.0,0.7,0,,0,2,11.0,9,1.0,2.0,0.0,2.0,8.18,8.66,0.0,2.0,0.0,0.0,0.0,0.0,0.0,,,0.0,,,,,,,,,,,,,,,
GER-Bundesliga,2526,Union Berlin,Matheo Raab,GER,GK,26.0,1998.0,1.0,1.0,90.0,1.0,0.0,0.0,0.0,0.0,0.0,0.0,0.0,0.0,0.0,0.0,0.0,0.0,0.0,1.0,0.0,0.0,0.0,,0.0,0.0,,,0.0,0.0,90.0,2.9,1,90.0,1,0,,24,3.0,1.0,0.0,1.0,1.0,1.45,0.0,0.0,0.0,0.0,0.0,0.0,0.0,,,0.0,0.0,0.0,6.0,6.0,100.0,1.0,0.0,0.0,1.0,100.0,0.0,0.0,0.0,0.0,
GER-Bundesliga,2526,Union Berlin,Oliver Burke,SCO,"FW,MF",28.0,1997.0,29.0,21.0,1664.0,18.5,6.0,2.0,8.0,6.0,0.0,0.0,4.0,0.0,0.32,0.11,0.43,0.32,0.43,18.5,6.0,34.0,15.0,44.1,1.84,0.81,0.18,0.4,0.0,0.0,57.0,54.4,21,74.0,4,8,14.0,4,1.0,23.0,32.0,-9.0,-0.49,-0.16,0.0,10.0,8.0,8.0,39.0,4.0,7.0,,,0.0,,,,,,,,,,,,,,,
GER-Bundesliga,2526,Union Berlin,Rani Khedira,TUN,MF,31.0,1994.0,32.0,32.0,2830.0,31.4,5.0,1.0,6.0,5.0,0.0,0.0,7.0,0.0,0.16,0.03,0.19,0.16,0.19,31.4,5.0,23.0,10.0,43.5,0.73,0.32,0.22,0.5,0.0,0.0,88.0,92.5,32,88.0,27,0,,0,1.13,36.0,53.0,-17.0,-0.54,-1.71,0.0,52.0,18.0,2.0,26.0,37.0,35.0,,,0.0,,,,,,,,,,,,,,,
GER-Bundesliga,2526,Union Berlin,Robert Skov,DEN,"DF,MF",29.0,1996.0,3.0,3.0,220.0,2.4,0.0,0.0,0.0,0.0,0.0,0.0,0.0,0.0,0.0,0.0,0.0,0.0,0.0,2.4,0.0,1.0,0.0,0.0,0.41,0.0,0.0,,0.0,0.0,73.0,7.2,3,73.0,0,0,,1,1.0,4.0,6.0,-2.0,-0.82,-0.44,0.0,5.0,3.0,0.0,12.0,2.0,5.0,,,0.0,,,,,,,,,,,,,,,
GER-Bundesliga,2526,Union Berlin,Stanley N'Soki,FRA,"DF,MF",26.0,1999.0,13.0,10.0,816.0,9.1,1.0,2.0,3.0,1.0,0.0,0.0,2.0,0.0,0.11,0.22,0.33,0.11,0.33,9.1,1.0,3.0,1.0,33.3,0.33,0.11,0.33,1.0,0.0,0.0,63.0,26.7,10,76.0,3,3,18.0,13,0.92,8.0,18.0,-10.0,-1.1,-0.94,0.0,8.0,8.0,0.0,12.0,18.0,9.0,,,0.0,,,,,,,,,,,,,,,
GER-Bundesliga,2526,Union Berlin,Tim Skarke,GER,"MF,FW",28.0,1996.0,22.0,4.0,623.0,6.9,1.0,1.0,2.0,1.0,0.0,0.0,0.0,0.0,0.14,0.14,0.29,0.14,0.29,6.9,1.0,14.0,5.0,35.7,2.02,0.72,0.07,0.2,0.0,0.0,28.0,20.4,4,59.0,0,18,22.0,8,1.41,12.0,12.0,0.0,0.0,0.52,0.0,8.0,9.0,4.0,13.0,1.0,4.0,,,0.0,,,,,,,,,,,,,,,
GER-Bundesliga,2526,Union Berlin,Tom Rothe,GER,"MF,DF",20.0,2004.0,21.0,10.0,1029.0,11.4,2.0,0.0,2.0,2.0,0.0,0.0,1.0,1.0,0.17,0.0,0.17,0.17,0.17,11.4,2.0,19.0,5.0,26.3,1.66,0.44,0.11,0.4,0.0,0.0,49.0,33.6,10,81.0,5,11,20.0,1,1.1,17.0,22.0,-5.0,-0.44,-0.04,0.0,10.0,6.0,2.0,35.0,21.0,15.0,,,0.0,,,,,,,,,,,,,,,
GER-Bundesliga,2526,Werder Bremen,Abdoul Coulibaly,GER,DF,18.0,2007.0,27.0,24.0,2120.0,23.6,1.0,0.0,1.0,1.0,0.0,0.0,5.0,1.0,0.04,0.0,0.04,0.04,0.04,23.6,1.0,6.0,1.0,16.7,0.25,0.04,0.17,1.0,0.0,0.0,79.0,69.3,24,85.0,19,3,29.0,2,0.93,24.0,43.0,-19.0,-0.81,-0.42,1.0,18.0,9.0,1.0,13.0,24.0,14.0,,,1.0,,,,,,,,,,,,,,,
GER-Bundesliga,2526,Werder Bremen,Amos Pieper,GER,DF,27.0,1998.0,19.0,19.0,1502.0,16.7,0.0,0.0,0.0,0.0,0.0,0.0,4.0,0.0,0.0,0.0,0.0,0.0,0.0,16.7,0.0,8.0,2.0,25.0,0.48,0.12,0.0,0.0,0.0,0.0,79.0,49.1,19,79.0,15,0,,3,0.79,18.0,29.0,-11.0,-0.66,0.03,0.0,10.0,14.0,2.0,8.0,26.0,24.0,,,0.0,,,,,,,,,,,,,,,
GER-Bundesliga,2526,Werder Bremen,Cameron Puertas,SUI,MF,26.0,1998.0,28.0,22.0,1846.0,20.5,1.0,2.0,3.0,1.0,0.0,0.0,6.0,0.0,0.05,0.1,0.15,0.05,0.15,20.5,1.0,37.0,8.0,21.6,1.8,0.39,0.03,0.13,0.0,0.0,66.0,60.3,22,80.0,10,6,15.0,3,1.04,24.0,30.0,-6.0,-0.29,0.97,0.0,37.0,22.0,2.0,77.0,19.0,37.0,,,0.0,,,,,,,,,,,,,,,
GER-Bundesliga,2526,Werder Bremen,Felix Agu,NGA,"DF,MF",25.0,1999.0,11.0,9.0,744.0,8.3,0.0,0.0,0.0,0.0,0.0,0.0,1.0,0.0,0.0,0.0,0.0,0.0,0.0,8.3,0.0,2.0,1.0,50.0,0.24,0.12,0.0,0.0,0.0,0.0,68.0,24.3,9,76.0,4,2,30.0,3,0.91,11.0,19.0,-8.0,-0.97,-0.38,0.0,8.0,14.0,3.0,14.0,11.0,14.0,,,0.0,,,,,,,,,,,,,,,
GER-Bundesliga,2526,Werder Bremen,Isaac Schmidt,SUI,"MF,DF",25.0,1999.0,19.0,6.0,682.0,7.6,1.0,0.0,1.0,1.0,0.0,0.0,2.0,0.0,0.13,0.0,0.13,0.13,0.13,7.6,1.0,5.0,2.0,40.0,0.66,0.26,0.2,0.5,0.0,0.0,36.0,22.3,6,64.0,0,13,23.0,11,0.74,8.0,13.0,-5.0,-0.66,0.02,0.0,8.0,3.0,0.0,8.0,11.0,10.0,,,0.0,,,,,,,,,,,,,,,
GER-Bundesliga,2526,Werder Bremen,Isak Hansen-Aarøen,NOR,MF,20.0,2004.0,1.0,0.0,2.0,0.0,0.0,0.0,0.0,0.0,0.0,0.0,0.0,0.0,0.0,0.0,0.0,0.0,0.0,0.0,0.0,0.0,0.0,,0.0,0.0,,,0.0,0.0,2.0,0.1,0,,0,1,2.0,6,0.0,0.0,0.0,0.0,0.0,0.68,0.0,0.0,0.0,0.0,0.0,0.0,2.0,,,0.0,,,,,,,,,,,,,,,
GER-Bundesliga,2526,Werder Bremen,Jens Stage,DEN,MF,28.0,1996.0,29.0,29.0,2460.0,27.3,10.0,2.0,12.0,10.0,0.0,0.0,5.0,0.0,0.37,0.07,0.44,0.37,0.44,27.3,10.0,56.0,21.0,37.5,2.05,0.77,0.18,0.48,0.0,0.0,85.0,80.4,29,85.0,21,0,,0,0.97,26.0,45.0,-19.0,-0.7,-0.1,0.0,35.0,30.0,3.0,14.0,18.0,32.0,,,0.0,,,,,,,,,,,,,,,
GER-Bundesliga,2526,Werder Bremen,Jovan Milošević,SRB,FW,20.0,2005.0,13.0,5.0,488.0,5.4,3.0,1.0,4.0,3.0,0.0,0.0,2.0,0.0,0.55,0.18,0.74,0.55,0.74,5.4,3.0,12.0,4.0,33.3,2.21,0.74,0.25,0.75,0.0,0.0,38.0,15.9,5,65.0,1,8,20.0,3,0.69,9.0,11.0,-2.0,-0.37,0.37,0.0,8.0,3.0,6.0,3.0,0.0,2.0,,,0.0,,,,,,,,,,,,,,,
GER-Bundesliga,2526,Werder Bremen,Julián Malatini,ARG,DF,24.0,2001.0,11.0,5.0,516.0,5.7,0.0,0.0,0.0,0.0,0.0,0.0,3.0,0.0,0.0,0.0,0.0,0.0,0.0,5.7,0.0,2.0,0.0,0.0,0.35,0.0,0.0,,0.0,0.0,47.0,16.9,5,71.0,1,6,27.0,7,1.0,4.0,12.0,-8.0,-1.4,-0.86,0.0,7.0,1.0,0.0,5.0,6.0,6.0,,,0.0,,,,,,,,,,,,,,,
GER-Bundesliga,2526,Werder Bremen,Justin Njinmah,GER,"FW,MF",24.0,2000.0,33.0,22.0,1947.0,21.6,5.0,0.0,5.0,5.0,0.0,0.0,2.0,0.0,0.23,0.0,0.23,0.23,0.23,21.6,5.0,62.0,23.0,37.1,2.87,1.06,0.08,0.22,0.0,0.0,59.0,63.6,22,77.0,6,11,23.0,1,0.94,18.0,45.0,-27.0,-1.25,-1.57,0.0,8.0,25.0,20.0,34.0,6.0,14.0,,,0.0,,,,,,,,,,,,,,,
GER-Bundesliga,2526,Werder Bremen,Karl Jakob Hein,EST,GK,23.0,2002.0,2.0,2.0,180.0,2.0,0.0,0.0,0.0,0.0,0.0,0.0,0.0,0.0,0.0,0.0,0.0,0.0,0.0,2.0,0.0,0.0,0.0,,0.0,0.0,,,0.0,0.0,90.0,5.9,2,90.0,2,0,,23,1.5,1.0,4.0,-3.0,-1.5,-0.87,0.0,0.0,0.0,0.0,0.0,0.0,0.0,,,0.0,4.0,2.0,15.0,11.0,73.3,1.0,0.0,1.0,1.0,50.0,1.0,1.0,0.0,0.0,0.0
GER-Bundesliga,2526,Werder Bremen,Keke Topp,GER,FW,21.0,2004.0,20.0,7.0,638.0,7.1,1.0,1.0,2.0,1.0,0.0,0.0,4.0,0.0,0.14,0.14,0.28,0.14,0.28,7.1,1.0,25.0,3.0,12.0,3.53,0.42,0.04,0.33,0.0,0.0,32.0,20.8,7,65.0,1,13,14.0,7,0.9,9.0,10.0,-1.0,-0.14,0.68,0.0,16.0,7.0,2.0,5.0,1.0,5.0,,,0.0,,,,,,,,,,,,,,,
GER-Bundesliga,2526,Werder Bremen,Leonardo Bittencourt,GER,MF,31.0,1993.0,17.0,5.0,615.0,6.8,0.0,1.0,1.0,0.0,0.0,0.0,5.0,0.0,0.0,0.15,0.15,0.0,0.15,6.8,0.0,7.0,0.0,0.0,1.02,0.0,0.0,,0.0,0.0,36.0,20.1,5,78.0,0,12,19.0,7,1.18,14.0,16.0,-2.0,-0.29,0.48,0.0,7.0,11.0,0.0,4.0,8.0,10.0,,,0.0,,,,,,,,,,,,,,,
GER-Bundesliga,2526,Werder Bremen,Marco Friedl,AUT,DF,27.0,1998.0,30.0,29.0,2546.0,28.3,1.0,0.0,1.0,1.0,0.0,0.0,9.0,1.0,0.04,0.0,0.04,0.04,0.04,28.3,1.0,8.0,2.0,25.0,0.28,0.07,0.13,0.5,0.0,0.0,85.0,83.2,29,86.0,26,1,45.0,0,0.9,29.0,49.0,-20.0,-0.71,-0.18,0.0,17.0,16.0,1.0,15.0,35.0,24.0,,,0.0,,,,,,,,,,,,,,,
GER-Bundesliga,2526,Werder Bremen,Marco Grüll,AUT,"MF,FW",27.0,1998.0,33.0,23.0,2006.0,22.3,3.0,1.0,4.0,3.0,0.0,0.0,5.0,0.0,0.13,0.04,0.18,0.13,0.18,22.3,3.0,43.0,13.0,30.2,1.93,0.58,0.07,0.23,0.0,0.0,61.0,65.6,23,77.0,6,10,24.0,0,0.94,21.0,38.0,-17.0,-0.76,-0.25,0.0,33.0,28.0,2.0,69.0,14.0,20.0,,,0.0,,,,,,,,,,,,,,,
GER-Bundesliga,2526,Werder Bremen,Maximilian Wöber,AUT,DF,27.0,1998.0,2.0,0.0,37.0,0.4,0.0,0.0,0.0,0.0,0.0,0.0,0.0,0.0,0.0,0.0,0.0,0.0,0.0,0.4,0.0,0.0,0.0,,0.0,0.0,,,0.0,0.0,19.0,1.2,0,,0,2,19.0,3,0.5,0.0,0.0,0.0,0.0,0.68,0.0,1.0,0.0,0.0,1.0,2.0,1.0,,,0.0,,,,,,,,,,,,,,,
GER-Bundesliga,2526,Werder Bremen,Mick Schmetgens,GER,MF,17.0,2007.0,2.0,0.0,37.0,0.4,0.0,0.0,0.0,0.0,0.0,0.0,0.0,0.0,0.0,0.0,0.0,0.0,0.0,0.4,0.0,0.0,0.0,,0.0,0.0,,,0.0,0.0,19.0,1.2,0,,0,2,19.0,13,1.5,0.0,0.0,0.0,0.0,0.68,0.0,0.0,0.0,0.0,2.0,1.0,0.0,,,0.0,,,,,,,,,,,,,,,
GER-Bundesliga,2526,Werder Bremen,Mio Backhaus,GER,GK,21.0,2004.0,32.0,32.0,2880.0,32.0,0.0,0.0,0.0,0.0,0.0,0.0,1.0,0.0,0.0,0.0,0.0,0.0,0.0,32.0,0.0,0.0,0.0,,0.0,0.0,,,0.0,0.0,90.0,94.1,32,90.0,32,0,,0,0.91,36.0,56.0,-20.0,-0.62,0.87,0.0,0.0,13.0,0.0,0.0,0.0,0.0,,,1.0,56.0,1.75,156.0,100.0,64.1,7.0,8.0,17.0,5.0,15.6,5.0,5.0,0.0,0.0,0.0
GER-Bundesliga,2526,Werder Bremen,Niklas Stark,GER,DF,30.0,1995.0,14.0,9.0,697.0,7.7,0.0,0.0,0.0,0.0,0.0,0.0,8.0,2.0,0.0,0.0,0.0,0.0,0.0,7.7,0.0,3.0,1.0,33.3,0.39,0.13,0.0,0.0,0.0,0.0,50.0,22.8,9,68.0,2,5,16.0,5,1.43,9.0,14.0,-5.0,-0.65,0.04,2.0,11.0,7.0,0.0,1.0,13.0,12.0,,,0.0,,,,,,,,,,,,,,,
GER-Bundesliga,2526,Werder Bremen,Olivier Deman,BEL,"DF,MF",25.0,2000.0,16.0,14.0,1254.0,13.9,1.0,2.0,3.0,1.0,0.0,0.0,3.0,0.0,0.07,0.14,0.22,0.07,0.22,13.9,1.0,10.0,3.0,30.0,0.72,0.22,0.1,0.33,0.0,0.0,78.0,41.0,14,86.0,12,2,28.0,4,0.88,15.0,21.0,-6.0,-0.43,0.42,0.0,19.0,12.0,3.0,63.0,10.0,26.0,,,0.0,,,,,,,,,,,,,,,
GER-Bundesliga,2526,Werder Bremen,Patrice Čović,CRO,MF,18.0,2007.0,15.0,2.0,351.0,3.9,1.0,0.0,1.0,1.0,0.0,0.0,1.0,0.0,0.26,0.0,0.26,0.26,0.26,3.9,1.0,5.0,2.0,40.0,1.28,0.51,0.2,0.5,0.0,0.0,23.0,11.5,2,66.0,0,13,17.0,19,0.8,4.0,10.0,-6.0,-1.54,-0.97,0.0,6.0,2.0,0.0,7.0,4.0,6.0,,,0.0,,,,,,,,,,,,,,,
GER-Bundesliga,2526,Werder Bremen,Romano Schmid,AUT,"MF,FW",25.0,2000.0,34.0,34.0,2982.0,33.1,4.0,8.0,12.0,1.0,3.0,4.0,4.0,0.0,0.12,0.24,0.36,0.03,0.27,33.1,4.0,57.0,21.0,36.8,1.72,0.63,0.07,0.19,3.0,4.0,88.0,97.5,34,88.0,23,0,,0,0.94,34.0,57.0,-23.0,-0.69,-0.69,0.0,19.0,31.0,5.0,154.0,13.0,28.0,,,0.0,,,,,,,,,,,,,,,
GER-Bundesliga,2526,Werder Bremen,Salim Musah,GER,FW,19.0,2006.0,8.0,2.0,198.0,2.2,1.0,0.0,1.0,1.0,0.0,0.0,0.0,0.0,0.45,0.0,0.45,0.45,0.45,2.2,1.0,7.0,4.0,57.1,3.18,1.82,0.14,0.25,0.0,0.0,25.0,6.5,2,40.0,0,6,20.0,3,0.5,3.0,4.0,-1.0,-0.45,0.24,0.0,4.0,3.0,1.0,1.0,2.0,1.0,,,0.0,,,,,,,,,,,,,,,
GER-Bundesliga,2526,Werder Bremen,Samuel Mbangula,BEL,"MF,FW",21.0,2004.0,26.0,12.0,1171.0,13.0,3.0,2.0,5.0,3.0,0.0,0.0,0.0,0.0,0.23,0.15,0.38,0.23,0.38,13.0,3.0,17.0,8.0,47.1,1.31,0.61,0.18,0.38,0.0,0.0,45.0,38.3,12,72.0,1,14,22.0,3,0.85,15.0,22.0,-7.0,-0.54,0.22,0.0,4.0,23.0,4.0,23.0,3.0,10.0,,,0.0,,,,,,,,,,,,,,,
GER-Bundesliga,2526,Werder Bremen,Senne Lynen,BEL,MF,26.0,1999.0,31.0,31.0,2752.0,30.6,0.0,0.0,0.0,0.0,0.0,0.0,4.0,0.0,0.0,0.0,0.0,0.0,0.0,30.6,0.0,25.0,4.0,16.0,0.82,0.13,0.0,0.0,0.0,0.0,89.0,89.9,31,89.0,26,0,,0,0.9,33.0,54.0,-21.0,-0.69,-0.1,0.0,38.0,12.0,0.0,14.0,77.0,33.0,,,0.0,,,,,,,,,,,,,,,
GER-Bundesliga,2526,Werder Bremen,Skelly Alvero,FRA,MF,23.0,2002.0,2.0,0.0,34.0,0.4,0.0,0.0,0.0,0.0,0.0,0.0,0.0,0.0,0.0,0.0,0.0,0.0,0.0,0.4,0.0,0.0,0.0,,0.0,0.0,,,0.0,0.0,17.0,1.1,0,,0,2,17.0,15,2.0,2.0,0.0,2.0,5.29,6.04,0.0,0.0,1.0,0.0,0.0,1.0,0.0,,,0.0,,,,,,,,,,,,,,,
GER-Bundesliga,2526,Werder Bremen,Victor Boniface,NGA,FW,24.0,2000.0,11.0,2.0,333.0,3.7,0.0,2.0,2.0,0.0,0.0,0.0,1.0,0.0,0.0,0.54,0.54,0.0,0.54,3.7,0.0,16.0,6.0,37.5,4.32,1.62,0.0,0.0,0.0,0.0,30.0,10.9,2,74.0,0,9,21.0,1,1.36,5.0,8.0,-3.0,-0.81,-0.15,0.0,1.0,6.0,3.0,2.0,0.0,1.0,,,0.0,,,,,,,,,,,,,,,
GER-Bundesliga,2526,Werder Bremen,Yukinari Sugawara,JPN,"DF,MF",25.0,2000.0,31.0,29.0,2428.0,27.0,0.0,6.0,6.0,0.0,0.0,0.0,2.0,1.0,0.0,0.22,0.22,0.0,0.22,27.0,0.0,30.0,11.0,36.7,1.11,0.41,0.0,0.0,0.0,0.0,78.0,79.3,29,82.0,20,2,21.0,1,1.03,32.0,43.0,-11.0,-0.41,1.3,0.0,22.0,11.0,2.0,74.0,15.0,22.0,,,0.0,,,,,,,,,,,,,,,
GER-Bundesliga,2526,Wolfsburg,Aaron Zehnter,GER,"DF,MF",20.0,2004.0,20.0,17.0,1456.0,16.2,2.0,0.0,2.0,2.0,0.0,0.0,0.0,0.0,0.12,0.0,0.12,0.12,0.12,16.2,2.0,11.0,5.0,45.5,0.68,0.31,0.18,0.4,0.0,0.0,73.0,47.6,17,85.0,10,3,3.0,8,1.1,23.0,29.0,-6.0,-0.37,0.64,0.0,2.0,0.0,0.0,36.0,16.0,10.0,,,0.0,,,,,,,,,,,,,,,
GER-Bundesliga,2526,Wolfsburg,Adam Daghim,DEN,"MF,FW",19.0,2005.0,27.0,12.0,1364.0,15.2,2.0,3.0,5.0,2.0,0.0,0.0,3.0,0.0,0.13,0.2,0.33,0.13,0.33,15.2,2.0,27.0,9.0,33.3,1.78,0.59,0.07,0.22,0.0,0.0,51.0,44.6,12,83.0,5,15,24.0,1,0.67,18.0,33.0,-15.0,-0.99,-0.51,0.0,18.0,23.0,4.0,20.0,11.0,20.0,,,0.0,,,,,,,,,,,,,,,
GER-Bundesliga,2526,Wolfsburg,Andreas Skov Olsen,DEN,MF,25.0,1999.0,8.0,4.0,362.0,4.0,1.0,0.0,1.0,1.0,0.0,0.0,1.0,0.0,0.25,0.0,0.25,0.25,0.25,4.0,1.0,7.0,2.0,28.6,1.74,0.5,0.14,0.5,0.0,0.0,45.0,11.8,4,67.0,0,4,24.0,4,1.0,7.0,7.0,0.0,0.0,0.8,0.0,1.0,4.0,0.0,6.0,1.0,1.0,,,0.0,,,,,,,,,,,,,,,
GER-Bundesliga,2526,Wolfsburg,Bence Dárdai,HUN,MF,19.0,2006.0,1.0,0.0,35.0,0.4,0.0,0.0,0.0,0.0,0.0,0.0,0.0,0.0,0.0,0.0,0.0,0.0,0.0,0.4,0.0,0.0,0.0,,0.0,0.0,,,0.0,0.0,35.0,1.1,0,,0,1,35.0,8,3.0,0.0,0.0,0.0,0.0,0.71,0.0,1.0,0.0,0.0,0.0,1.0,1.0,,,0.0,,,,,,,,,,,,,,,
GER-Bundesliga,2526,Wolfsburg,Christian Eriksen,DEN,MF,33.0,1992.0,31.0,27.0,2410.0,26.8,3.0,9.0,12.0,0.0,3.0,4.0,4.0,0.0,0.11,0.34,0.45,0.0,0.34,26.8,3.0,38.0,14.0,36.8,1.42,0.52,0.08,0.21,3.0,4.0,78.0,78.8,27,85.0,10,4,32.0,1,0.77,36.0,53.0,-17.0,-0.63,0.33,0.0,13.0,5.0,3.0,131.0,18.0,20.0,,,0.0,,,,,,,,,,,,,,,
GER-Bundesliga,2526,Wolfsburg,Denis Vavro,SVK,DF,29.0,1996.0,17.0,13.0,1176.0,13.1,1.0,0.0,1.0,1.0,0.0,0.0,2.0,0.0,0.08,0.0,0.08,0.08,0.08,13.1,1.0,12.0,5.0,41.7,0.92,0.38,0.08,0.2,0.0,0.0,69.0,38.4,13,89.0,11,4,5.0,8,0.94,16.0,27.0,-11.0,-0.84,-0.22,0.0,9.0,5.0,0.0,4.0,14.0,5.0,,,0.0,,,,,,,,,,,,,,,
GER-Bundesliga,2526,Wolfsburg,Dženan Pejčinović,GER,FW,20.0,2005.0,30.0,16.0,1460.0,16.2,8.0,0.0,8.0,8.0,0.0,0.0,1.0,0.0,0.49,0.0,0.49,0.49,0.49,16.2,8.0,51.0,23.0,45.1,3.14,1.42,0.16,0.35,0.0,0.0,49.0,47.7,16,79.0,7,14,14.0,3,0.83,19.0,37.0,-18.0,-1.11,-0.77,0.0,22.0,7.0,5.0,5.0,5.0,9.0,,,0.0,,,,,,,,,,,,,,,
GER-Bundesliga,2526,Wolfsburg,Jan Bürger,GER,"MF,DF",18.0,2007.0,7.0,2.0,247.0,2.7,0.0,0.0,0.0,0.0,0.0,0.0,0.0,0.0,0.0,0.0,0.0,0.0,0.0,2.7,0.0,2.0,1.0,50.0,0.73,0.36,0.0,0.0,0.0,0.0,35.0,8.1,2,59.0,0,5,26.0,8,0.57,3.0,6.0,-3.0,-1.09,-0.42,0.0,4.0,5.0,0.0,6.0,0.0,3.0,,,0.0,,,,,,,,,,,,,,,
GER-Bundesliga,2526,Wolfsburg,Jeanuël Belocian,FRA,DF,20.0,2005.0,14.0,14.0,1254.0,13.9,0.0,1.0,1.0,0.0,0.0,0.0,3.0,0.0,0.0,0.07,0.07,0.0,0.07,13.9,0.0,3.0,0.0,0.0,0.22,0.0,0.0,,0.0,0.0,90.0,41.0,14,90.0,13,0,,0,0.71,17.0,26.0,-9.0,-0.65,0.1,0.0,18.0,8.0,0.0,4.0,16.0,17.0,,,0.0,,,,,,,,,,,,,,,
GER-Bundesliga,2526,Wolfsburg,Jenson Seelt,NED,DF,22.0,2003.0,9.0,8.0,681.0,7.6,0.0,0.0,0.0,0.0,0.0,0.0,0.0,0.0,0.0,0.0,0.0,0.0,0.0,7.6,0.0,2.0,0.0,0.0,0.26,0.0,0.0,,0.0,0.0,76.0,22.3,8,84.0,7,1,6.0,2,1.22,15.0,17.0,-2.0,-0.26,0.57,0.0,5.0,6.0,0.0,0.0,5.0,9.0,,,1.0,,,,,,,,,,,,,,,
GER-Bundesliga,2526,Wolfsburg,Jesper Lindstrøm,DEN,MF,25.0,2000.0,13.0,4.0,379.0,4.2,0.0,0.0,0.0,0.0,0.0,0.0,2.0,0.0,0.0,0.0,0.0,0.0,0.0,4.2,0.0,9.0,5.0,55.6,2.14,1.19,0.0,0.0,0.0,0.0,29.0,12.4,4,58.0,0,9,17.0,1,0.23,4.0,12.0,-8.0,-1.9,-1.36,0.0,10.0,4.0,0.0,7.0,0.0,6.0,,,0.0,,,,,,,,,,,,,,,
GER-Bundesliga,2526,Wolfsburg,Joakim Mæhle,DEN,"MF,DF",28.0,1997.0,16.0,14.0,1222.0,13.6,1.0,2.0,3.0,1.0,0.0,0.0,1.0,0.0,0.07,0.15,0.22,0.07,0.22,13.6,1.0,14.0,3.0,21.4,1.03,0.22,0.07,0.33,0.0,0.0,76.0,39.9,14,87.0,11,2,4.0,0,0.88,15.0,24.0,-9.0,-0.66,0.07,0.0,8.0,6.0,0.0,21.0,20.0,22.0,,,0.0,,,,,,,,,,,,,,,
GER-Bundesliga,2526,Wolfsburg,Jonas Adjetey,GHA,DF,21.0,2003.0,4.0,1.0,137.0,1.5,0.0,0.0,0.0,0.0,0.0,0.0,1.0,0.0,0.0,0.0,0.0,0.0,0.0,1.5,0.0,3.0,0.0,0.0,1.97,0.0,0.0,,0.0,0.0,34.0,4.5,1,90.0,1,3,16.0,5,0.25,1.0,3.0,-2.0,-1.31,-0.64,0.0,4.0,0.0,0.0,4.0,1.0,1.0,,,0.0,,,,,,,,,,,,,,,
GER-Bundesliga,2526,Wolfsburg,Jonas Wind,DEN,FW,26.0,1999.0,11.0,5.0,481.0,5.3,1.0,0.0,1.0,1.0,0.0,0.0,1.0,0.0,0.19,0.0,0.19,0.19,0.19,5.3,1.0,9.0,6.0,66.7,1.68,1.12,0.11,0.17,0.0,0.0,44.0,15.7,5,75.0,1,6,17.0,2,0.45,5.0,13.0,-8.0,-1.5,-0.94,0.0,2.0,14.0,2.0,0.0,0.0,0.0,,,0.0,,,,,,,,,,,,,,,
GER-Bundesliga,2526,Wolfsburg,Kamil Grabara,POL,GK,26.0,1999.0,34.0,34.0,3060.0,34.0,0.0,0.0,0.0,0.0,0.0,0.0,1.0,0.0,0.0,0.0,0.0,0.0,0.0,34.0,0.0,1.0,0.0,0.0,0.03,0.0,0.0,,0.0,0.0,90.0,100.0,34,90.0,34,0,,0,0.85,45.0,69.0,-24.0,-0.71,,0.0,0.0,2.0,0.0,0.0,1.0,1.0,,,0.0,69.0,2.03,189.0,120.0,63.5,7.0,8.0,19.0,2.0,5.9,12.0,7.0,3.0,2.0,30.0
GER-Bundesliga,2526,Wolfsburg,Kento Shiogai,JPN,MF,20.0,2005.0,12.0,2.0,318.0,3.5,1.0,0.0,1.0,1.0,0.0,0.0,3.0,0.0,0.28,0.0,0.28,0.28,0.28,3.5,1.0,9.0,6.0,66.7,2.55,1.7,0.11,0.17,0.0,0.0,27.0,10.4,2,61.0,0,10,20.0,4,0.58,4.0,4.0,0.0,0.0,0.79,0.0,8.0,3.0,3.0,1.0,3.0,4.0,,,0.0,,,,,,,,,,,,,,,
GER-Bundesliga,2526,Wolfsburg,Kevin Paredes,USA,MF,22.0,2003.0,6.0,1.0,164.0,1.8,0.0,0.0,0.0,0.0,0.0,0.0,1.0,0.0,0.0,0.0,0.0,0.0,0.0,1.8,0.0,2.0,1.0,50.0,1.1,0.55,0.0,0.0,0.0,0.0,27.0,5.4,1,63.0,0,5,20.0,2,0.83,4.0,4.0,0.0,0.0,0.75,0.0,2.0,6.0,0.0,7.0,2.0,3.0,,,0.0,,,,,,,,,,,,,,,
GER-Bundesliga,2526,Wolfsburg,Kilian Fischer,GER,DF,24.0,2000.0,11.0,10.0,800.0,8.9,0.0,0.0,0.0,0.0,0.0,0.0,0.0,0.0,0.0,0.0,0.0,0.0,0.0,8.9,0.0,2.0,0.0,0.0,0.23,0.0,0.0,,0.0,0.0,73.0,26.1,10,78.0,5,1,18.0,4,0.73,10.0,21.0,-11.0,-1.24,-0.72,0.0,10.0,4.0,0.0,16.0,12.0,13.0,,,1.0,,,,,,,,,,,,,,,
GER-Bundesliga,2526,Wolfsburg,Konstantinos Koulierakis,GRE,DF,21.0,2003.0,29.0,27.0,2482.0,27.6,4.0,1.0,5.0,4.0,0.0,0.0,5.0,0.0,0.15,0.04,0.18,0.15,0.18,27.6,4.0,26.0,12.0,46.2,0.94,0.44,0.15,0.33,0.0,0.0,86.0,81.1,27,90.0,26,2,27.0,3,1.0,38.0,54.0,-16.0,-0.58,0.67,0.0,29.0,13.0,0.0,20.0,35.0,25.0,,,1.0,,,,,,,,,,,,,,,
GER-Bundesliga,2526,Wolfsburg,Lovro Majer,CRO,MF,27.0,1998.0,28.0,16.0,1371.0,15.2,2.0,3.0,5.0,2.0,0.0,0.0,5.0,0.0,0.13,0.2,0.33,0.13,0.33,15.2,2.0,27.0,6.0,22.2,1.77,0.39,0.07,0.33,0.0,0.0,49.0,44.8,16,70.0,1,12,21.0,4,0.75,20.0,30.0,-10.0,-0.66,0.09,0.0,30.0,22.0,4.0,28.0,8.0,18.0,,,0.0,,,,,,,,,,,,,,,
GER-Bundesliga,2526,Wolfsburg,Mattias Svanberg,SWE,MF,26.0,1999.0,24.0,8.0,861.0,9.6,3.0,1.0,4.0,3.0,0.0,0.0,6.0,1.0,0.31,0.1,0.42,0.31,0.42,9.6,3.0,21.0,8.0,38.1,2.2,0.84,0.14,0.38,0.0,0.0,36.0,28.1,8,67.0,0,16,21.0,1,0.92,13.0,24.0,-11.0,-1.15,-0.62,1.0,18.0,19.0,1.0,8.0,10.0,7.0,,,0.0,,,,,,,,,,,,,,,
GER-Bundesliga,2526,Wolfsburg,Maximilian Arnold,GER,MF,31.0,1994.0,25.0,20.0,1859.0,20.7,1.0,4.0,5.0,1.0,0.0,0.0,5.0,0.0,0.05,0.19,0.24,0.05,0.24,20.7,1.0,13.0,5.0,38.5,0.63,0.24,0.08,0.2,0.0,0.0,74.0,60.8,20,90.0,20,5,12.0,2,0.92,31.0,41.0,-10.0,-0.48,0.56,0.0,17.0,26.0,0.0,81.0,24.0,15.0,,,0.0,,,,,,,,,,,,,,,
GER-Bundesliga,2526,Wolfsburg,Mohamed Amoura,ALG,"FW,MF",25.0,2000.0,30.0,23.0,1919.0,21.3,8.0,3.0,11.0,7.0,1.0,1.0,2.0,0.0,0.38,0.14,0.52,0.33,0.47,21.3,8.0,60.0,19.0,31.7,2.81,0.89,0.13,0.42,1.0,1.0,64.0,62.7,23,78.0,8,7,18.0,0,0.97,32.0,32.0,0.0,0.0,1.89,0.0,21.0,11.0,12.0,34.0,7.0,22.0,,,0.0,,,,,,,,,,,,,,,
GER-Bundesliga,2526,Wolfsburg,Moritz Jenz,GER,DF,26.0,1999.0,22.0,20.0,1787.0,19.9,1.0,0.0,1.0,1.0,0.0,0.0,8.0,1.0,0.05,0.0,0.05,0.05,0.05,19.9,1.0,5.0,1.0,20.0,0.25,0.05,0.2,1.0,0.0,0.0,81.0,58.4,20,89.0,18,2,1.0,5,0.68,21.0,44.0,-23.0,-1.16,-1.09,1.0,31.0,7.0,0.0,1.0,12.0,22.0,,,1.0,,,,,,,,,,,,,,,
GER-Bundesliga,2526,Wolfsburg,Patrick Wimmer,AUT,MF,24.0,2001.0,25.0,21.0,1621.0,18.0,4.0,3.0,7.0,4.0,0.0,0.0,4.0,0.0,0.22,0.17,0.39,0.22,0.39,18.0,4.0,24.0,8.0,33.3,1.33,0.44,0.17,0.5,0.0,0.0,65.0,53.0,21,73.0,3,4,24.0,0,1.0,27.0,32.0,-5.0,-0.28,0.91,0.0,28.0,33.0,2.0,25.0,23.0,20.0,,,0.0,,,,,,,,,,,,,,,
GER-Bundesliga,2526,Wolfsburg,Pharell Hensel,GER,MF,18.0,2007.0,5.0,1.0,69.0,0.8,0.0,0.0,0.0,0.0,0.0,0.0,0.0,0.0,0.0,0.0,0.0,0.0,0.0,0.8,0.0,1.0,0.0,0.0,1.3,0.0,0.0,,0.0,0.0,14.0,2.3,1,61.0,0,4,2.0,10,1.4,0.0,4.0,-4.0,-5.22,-4.62,0.0,0.0,1.0,0.0,0.0,0.0,1.0,,,0.0,,,,,,,,,,,,,,,
GER-Bundesliga,2526,Wolfsburg,Sael Kumbedi,FRA,"DF,MF",20.0,2005.0,24.0,20.0,1804.0,20.0,0.0,5.0,5.0,0.0,0.0,0.0,2.0,0.0,0.0,0.25,0.25,0.0,0.25,20.0,0.0,5.0,0.0,0.0,0.25,0.0,0.0,,0.0,0.0,75.0,59.0,20,86.0,12,4,24.0,5,0.88,30.0,45.0,-15.0,-0.75,-0.1,0.0,21.0,18.0,4.0,41.0,14.0,33.0,,,0.0,,,,,,,,,,,,,,,
GER-Bundesliga,2526,Wolfsburg,Vinicius Souza,BRA,MF,26.0,1999.0,24.0,22.0,1764.0,19.6,0.0,0.0,0.0,0.0,0.0,0.0,5.0,0.0,0.0,0.0,0.0,0.0,0.0,19.6,0.0,9.0,2.0,22.2,0.46,0.1,0.0,0.0,0.0,0.0,74.0,57.6,22,80.0,12,2,3.0,8,0.88,24.0,35.0,-11.0,-0.56,0.34,0.0,40.0,23.0,0.0,4.0,25.0,32.0,,,0.0,,,,,,,,,,,,,,,
GER-Bundesliga,2526,Wolfsburg,Václav Černý,CZE,"FW,MF",27.0,1997.0,2.0,0.0,47.0,0.5,0.0,0.0,0.0,0.0,0.0,0.0,0.0,0.0,0.0,0.0,0.0,0.0,0.0,0.5,0.0,1.0,0.0,0.0,1.91,0.0,0.0,,0.0,0.0,24.0,1.5,0,,0,2,24.0,0,2.0,0.0,1.0,-1.0,-1.91,-1.23,0.0,0.0,2.0,0.0,2.0,0.0,0.0,,,0.0,,,,,,,,,,,,,,,
GER-Bundesliga,2526,Wolfsburg,Yannick Gerhardt,GER,MF,31.0,1994.0,19.0,12.0,1068.0,11.9,1.0,0.0,1.0,1.0,0.0,0.0,1.0,0.0,0.08,0.0,0.08,0.08,0.08,11.9,1.0,11.0,1.0,9.1,0.93,0.08,0.09,1.0,0.0,0.0,56.0,34.9,12,81.0,4,7,13.0,11,1.16,17.0,29.0,-12.0,-1.01,-0.47,0.0,20.0,14.0,0.0,8.0,10.0,8.0,,,0.0,,,,,,,,,,,,,,,
