league,season,team,player,nation,pos,age,born,Playing Time_MP,Playing Time_Starts,Playing Time_Min,Playing Time_90s,Performance_Gls,Performance_Ast,Performance_G+A,Performance_G-PK,Performance_PK,Performance_PKatt,Performance_CrdY,Performance_CrdR,Per 90 Minutes_Gls,Per 90 Minutes_Ast,Per 90 Minutes_G+A,Per 90 Minutes_G-PK,Per 90 Minutes_G+A-PK,90s,Standard_Gls,Standard_Sh,Standard_SoT,Standard_SoT%,Standard_Sh/90,Standard_SoT/90,Standard_G/Sh,Standard_G/SoT,Standard_PK,Standard_PKatt,Playing Time_Mn/MP,Playing Time_Min%,Starts_Starts,Starts_Mn/Start,Starts_Compl,Subs_Subs,Subs_Mn/Sub,Subs_unSub,Team Success_PPM,Team Success_onG,Team Success_onGA,Team Success_+/-,Team Success_+/-90,Team Success_On-Off,Performance_2CrdY,Performance_Fls,Performance_Fld,Performance_Off,Performance_Crs,Performance_Int,Performance_TklW,Performance_PKwon,Performance_PKcon,Performance_OG,Performance_GA,Performance_GA90,Performance_SoTA,Performance_Saves,Performance_Save%,Performance_W,Performance_D,Performance_L,Performance_CS,Performance_CS%,Penalty Kicks_PKatt,Penalty Kicks_PKA,Penalty Kicks_PKsv,Penalty Kicks_PKm,Penalty Kicks_Save%
ENG-Premier League,2324,Arsenal,Aaron Ramsdale,ENG,GK,25,1998,6,6,540,6.0,0,0,0,0,0,0,0,0,0.0,0.0,0.0,0.0,0.0,6.0,0,0,0,,0.0,0.0,,,0,0,90,15.8,6,90,6,0,,31,2.67,11,5,6,1.0,-0.75,0,0,1,0,0,0,0,,,0,5,0.83,14,9,64.3,5,1,0,2,33.3,0,0,0,0,
ENG-Premier League,2324,Arsenal,Ben White,ENG,DF,25,1997,37,35,2988,33.2,4,4,8,4,0,0,8,0,0.12,0.12,0.24,0.12,0.24,33.2,4,13,8,61.5,0.39,0.24,0.31,0.5,0,0,81,87.4,35,85,27,2,7,0,2.32,81,26,55,1.66,0.2,0,19,12,11,57,30,28,,,0,,,,,,,,,,,,,,,
ENG-Premier League,2324,Arsenal,Bukayo Saka,ENG,FW,21,2001,35,35,2919,32.4,16,9,25,10,6,6,4,0,0.49,0.28,0.77,0.31,0.59,32.4,16,107,37,34.6,3.3,1.14,0.15,0.43,6,6,83,85.4,35,83,17,0,,0,2.29,78,27,51,1.57,-0.4,0,41,69,8,181,16,37,,,0,,,,,,,,,,,,,,,
ENG-Premier League,2324,Arsenal,Cédric Soares,POR,"DF,MF",31,1991,3,0,62,0.7,0,0,0,0,0,0,0,0,0.0,0.0,0.0,0.0,0.0,0.7,0,0,0,,0.0,0.0,,,0,0,21,1.8,0,,0,3,21,15,3.0,1,0,1,1.45,-0.18,0,0,1,0,4,0,0,,,0,,,,,,,,,,,,,,,
ENG-Premier League,2324,Arsenal,David Raya,ESP,GK,27,1995,32,32,2880,32.0,0,0,0,0,0,0,2,0,0.0,0.0,0.0,0.0,0.0,32.0,0,0,0,,0.0,0.0,,,0,0,90,84.2,32,90,32,0,,3,2.28,80,24,56,1.75,0.75,0,0,4,0,0,0,1,,,0,24,0.75,69,45,65.2,23,4,5,14,43.8,3,2,1,0,33.3
ENG-Premier League,2324,Arsenal,Declan Rice,ENG,MF,24,1999,38,37,3225,35.8,7,8,15,7,0,0,5,0,0.2,0.22,0.42,0.2,0.42,35.8,7,58,20,34.5,1.62,0.56,0.12,0.35,0,0,85,94.3,37,87,29,1,24,0,2.34,84,28,56,1.56,-1.21,0,34,14,2,61,44,50,,,0,,,,,,,,,,,,,,,
ENG-Premier League,2324,Arsenal,Eddie Nketiah,ENG,FW,24,1999,27,10,1082,12.0,5,2,7,5,0,0,3,0,0.42,0.17,0.58,0.42,0.58,12.0,5,38,12,31.6,3.16,1.0,0.13,0.42,0,0,40,31.6,10,78,3,17,18,11,2.15,24,10,14,1.16,-0.68,0,24,28,8,5,4,7,,,0,,,,,,,,,,,,,,,
ENG-Premier League,2324,Arsenal,Emile Smith Rowe,ENG,MF,23,2000,13,3,353,3.9,0,1,1,0,0,0,0,0,0.0,0.25,0.25,0.0,0.25,3.9,0,15,7,46.7,3.82,1.78,0.0,0.0,0,0,27,10.3,3,76,0,10,13,18,2.23,12,3,9,2.29,0.74,0,5,2,0,1,3,1,,,0,,,,,,,,,,,,,,,
ENG-Premier League,2324,Arsenal,Ethan Nwaneri,ENG,MF,16,2007,1,0,14,0.2,0,0,0,0,0,0,0,0,0.0,0.0,0.0,0.0,0.0,0.2,0,0,0,,0.0,0.0,,,0,0,14,0.4,0,,0,1,14,1,3.0,0,0,0,0.0,-1.64,0,1,1,0,0,0,0,,,0,,,,,,,,,,,,,,,
ENG-Premier League,2324,Arsenal,Fabio Vieira,POR,MF,23,2000,11,2,297,3.3,1,2,3,0,1,1,0,1,0.3,0.61,0.91,0.0,0.61,3.3,1,7,2,28.6,2.12,0.61,0.14,0.5,1,1,27,8.7,2,62,0,9,19,13,2.36,11,2,9,2.73,1.2,0,8,10,2,15,2,2,,,0,,,,,,,,,,,,,,,
ENG-Premier League,2324,Arsenal,Gabriel Jesus,BRA,FW,26,1997,27,17,1478,16.4,4,5,9,4,0,0,6,0,0.24,0.3,0.55,0.24,0.55,16.4,4,55,19,34.5,3.35,1.16,0.07,0.21,0,0,55,43.2,17,78,4,10,16,3,2.19,29,11,18,1.1,-0.94,0,26,32,16,9,13,17,,,0,,,,,,,,,,,,,,,
ENG-Premier League,2324,Arsenal,Gabriel Magalhães,BRA,DF,25,1997,36,34,3044,33.8,4,0,4,4,0,0,4,0,0.12,0.0,0.12,0.12,0.12,33.8,4,31,10,32.3,0.92,0.3,0.13,0.4,0,0,85,89.0,34,89,32,2,13,2,2.36,78,26,52,1.54,-0.86,0,35,33,0,4,29,29,,,1,,,,,,,,,,,,,,,
ENG-Premier League,2324,Arsenal,Gabriel Martinelli,BRA,FW,22,2001,35,24,2019,22.4,6,4,10,6,0,0,1,0,0.27,0.18,0.45,0.27,0.45,22.4,6,58,22,37.9,2.59,0.98,0.1,0.27,0,0,58,59.0,24,74,4,11,22,0,2.34,52,22,30,1.34,-0.72,0,23,24,10,109,4,23,,,0,,,,,,,,,,,,,,,
ENG-Premier League,2324,Arsenal,Jakub Kiwior,POL,DF,23,2000,20,11,946,10.5,1,3,4,1,0,0,1,0,0.1,0.29,0.38,0.1,0.38,10.5,1,6,3,50.0,0.57,0.29,0.17,0.33,0,0,47,27.7,11,80,7,9,7,18,2.65,39,8,31,2.95,1.82,0,10,3,0,12,7,13,,,0,,,,,,,,,,,,,,,
ENG-Premier League,2324,Arsenal,Jorginho,ITA,MF,31,1991,24,10,921,10.2,0,2,2,0,0,0,1,0,0.0,0.2,0.2,0.0,0.2,10.2,0,4,0,0.0,0.39,0.0,0.0,,0,0,38,26.9,10,78,3,14,10,13,2.42,25,11,14,1.37,-0.36,0,9,15,0,3,11,10,,,0,,,,,,,,,,,,,,,
ENG-Premier League,2324,Arsenal,Jurriën Timber,NED,DF,22,2001,2,1,71,0.8,0,0,0,0,0,0,2,0,0.0,0.0,0.0,0.0,0.0,0.8,0,0,0,,0.0,0.0,,,0,0,36,2.1,1,49,0,1,22,0,3.0,3,0,3,3.8,2.22,0,3,0,1,1,0,2,,,0,,,,,,,,,,,,,,,
ENG-Premier League,2324,Arsenal,Kai Havertz,GER,"MF,FW",24,1999,37,30,2634,29.3,13,7,20,12,1,1,11,0,0.44,0.24,0.68,0.41,0.65,29.3,13,69,28,40.6,2.36,0.96,0.19,0.46,1,1,71,77.0,30,83,18,7,19,0,2.41,77,22,55,1.88,1.08,0,49,44,15,11,18,17,,,0,,,,,,,,,,,,,,,
ENG-Premier League,2324,Arsenal,Leandro Trossard,BEL,"FW,MF",28,1994,34,18,1649,18.3,12,1,13,12,0,0,2,0,0.65,0.05,0.71,0.65,0.71,18.3,12,60,22,36.7,3.27,1.2,0.2,0.55,0,0,49,48.2,18,72,3,16,22,3,2.32,45,11,34,1.86,0.43,0,15,20,9,57,8,14,,,0,,,,,,,,,,,,,,,
ENG-Premier League,2324,Arsenal,Martin Ødegaard,NOR,MF,24,1998,35,35,3091,34.3,8,10,18,6,2,2,2,0,0.23,0.29,0.52,0.17,0.47,34.3,8,77,23,29.9,2.24,0.67,0.1,0.35,2,2,88,90.4,35,88,22,0,,1,2.37,80,23,57,1.66,0.29,0,30,36,3,77,14,18,,,0,,,,,,,,,,,,,,,
ENG-Premier League,2324,Arsenal,Mohamed Elneny,EGY,MF,31,1992,3,0,28,0.3,0,0,0,0,0,0,0,0,0.0,0.0,0.0,0.0,0.0,0.3,0,2,1,50.0,6.43,3.21,0.0,0.0,0,0,9,0.8,0,,0,3,9,13,3.0,1,0,1,3.21,1.6,0,1,0,0,0,1,0,,,0,,,,,,,,,,,,,,,
ENG-Premier League,2324,Arsenal,Oleksandr Zinchenko,UKR,DF,26,1996,27,20,1722,19.1,1,2,3,1,0,0,2,0,0.05,0.1,0.16,0.05,0.16,19.1,1,17,3,17.6,0.89,0.16,0.06,0.33,0,0,64,50.4,20,79,7,7,21,5,2.26,38,15,23,1.2,-0.87,0,7,9,1,30,19,30,,,0,,,,,,,,,,,,,,,
ENG-Premier League,2324,Arsenal,Reiss Nelson,ENG,FW,23,1999,15,1,268,3.0,0,0,0,0,0,0,1,0,0.0,0.0,0.0,0.0,0.0,3.0,0,4,1,25.0,1.34,0.34,0.0,0.0,0,0,18,7.8,1,74,0,14,14,15,2.27,10,1,9,3.02,1.51,0,5,6,0,14,1,5,,,0,,,,,,,,,,,,,,,
ENG-Premier League,2324,Arsenal,Takehiro Tomiyasu,JPN,DF,24,1998,22,10,1149,12.8,2,1,3,2,0,0,2,1,0.16,0.08,0.23,0.16,0.23,12.8,2,17,3,17.6,1.33,0.23,0.12,0.67,0,0,52,33.6,10,85,7,12,25,1,2.41,30,10,20,1.57,-0.1,1,14,8,1,14,18,8,,,0,,,,,,,,,,,,,,,
ENG-Premier League,2324,Arsenal,Thomas Partey,GHA,"MF,DF",30,1993,14,9,788,8.8,0,0,0,0,0,0,3,0,0.0,0.0,0.0,0.0,0.0,8.8,0,8,2,25.0,0.91,0.23,0.0,0.0,0,0,56,23.0,9,79,4,5,16,3,2.71,20,5,15,1.71,0.11,0,10,6,0,2,10,11,,,0,,,,,,,,,,,,,,,
ENG-Premier League,2324,Arsenal,William Saliba,FRA,DF,22,2001,38,38,3420,38.0,2,1,3,2,0,0,4,0,0.05,0.03,0.08,0.05,0.08,38.0,2,10,4,40.0,0.26,0.11,0.2,0.5,0,0,90,100.0,38,90,38,0,,0,2.34,91,29,62,1.63,,0,22,16,0,3,29,26,,,0,,,,,,,,,,,,,,,
ENG-Premier League,2324,Aston Villa,Bertrand Traoré,BFA,"FW,MF",27,1995,2,0,11,0.1,0,0,0,0,0,0,0,0,0.0,0.0,0.0,0.0,0.0,0.1,0,0,0,,0.0,0.0,,,0,0,6,0.3,0,,0,2,6,6,3.0,0,0,0,0.0,-0.4,0,0,0,0,0,0,1,,,0,,,,,,,,,,,,,,,
ENG-Premier League,2324,Aston Villa,Boubacar Kamara,FRA,MF,23,1999,20,20,1652,18.4,0,1,1,0,0,0,7,1,0.0,0.05,0.05,0.0,0.05,18.4,0,5,1,20.0,0.27,0.05,0.0,0.0,0,0,83,48.3,20,83,10,0,,0,2.05,36,22,14,0.76,0.71,0,35,29,0,2,20,30,,,0,,,,,,,,,,,,,,,
ENG-Premier League,2324,Aston Villa,Calum Chambers,ENG,MF,28,1995,5,1,152,1.7,0,1,1,0,0,0,1,0,0.0,0.59,0.59,0.0,0.59,1.7,0,0,0,,0.0,0.0,,,0,0,30,4.4,1,67,0,4,21,26,0.8,3,6,-3,-1.78,-2.27,0,3,1,0,0,2,0,,,0,,,,,,,,,,,,,,,
ENG-Premier League,2324,Aston Villa,Cameron Archer,ENG,"FW,MF",22,2001,1,0,6,0.1,0,0,0,0,0,0,1,0,0.0,0.0,0.0,0.0,0.0,0.1,0,0,0,,0.0,0.0,,,0,0,6,0.2,0,,0,1,6,1,3.0,0,0,0,0.0,-0.4,0,1,0,0,0,0,0,,,0,,,,,,,,,,,,,,,
ENG-Premier League,2324,Aston Villa,Clément Lenglet,FRA,DF,28,1995,14,14,1153,12.8,0,1,1,0,0,0,3,0,0.0,0.08,0.08,0.0,0.08,12.8,0,7,2,28.6,0.55,0.16,0.0,0.0,0,0,82,33.7,14,82,11,0,,20,1.29,22,27,-5,-0.39,-1.18,0,3,12,0,3,8,9,,,0,,,,,,,,,,,,,,,
ENG-Premier League,2324,Aston Villa,Diego Carlos,BRA,DF,30,1993,27,20,1816,20.2,0,0,0,0,0,0,4,0,0.0,0.0,0.0,0.0,0.0,20.2,0,10,1,10.0,0.5,0.05,0.0,0.0,0,0,67,53.1,20,86,18,7,15,5,1.56,35,36,-1,-0.05,-0.95,0,26,4,1,1,12,16,,,0,,,,,,,,,,,,,,,
ENG-Premier League,2324,Aston Villa,Douglas Luiz,BRA,MF,25,1998,35,35,2993,33.3,9,5,14,5,4,4,12,0,0.27,0.15,0.42,0.15,0.3,33.3,9,48,17,35.4,1.44,0.51,0.19,0.53,4,4,86,87.5,35,86,26,0,,0,1.69,65,57,8,0.24,-1.23,0,51,41,0,116,22,37,,,0,,,,,,,,,,,,,,,
ENG-Premier League,2324,Aston Villa,Emiliano Martínez,ARG,GK,30,1992,34,34,3015,33.5,0,0,0,0,0,0,4,0,0.0,0.0,0.0,0.0,0.0,33.5,0,0,0,,0.0,0.0,,,0,0,89,88.2,34,89,33,0,,0,1.91,72,48,24,0.72,2.72,0,1,7,0,0,0,0,,,2,48,1.43,143,95,66.4,19,8,7,7,20.6,1,1,0,0,0.0
ENG-Premier League,2324,Aston Villa,Ezri Konsa,ENG,DF,25,1997,35,35,3069,34.1,1,0,1,1,0,0,5,0,0.03,0.0,0.03,0.03,0.03,34.1,1,19,5,26.3,0.56,0.15,0.05,0.2,0,0,88,89.7,35,88,30,0,,0,1.77,68,54,14,0.41,0.15,0,15,64,0,18,26,33,,,0,,,,,,,,,,,,,,,
ENG-Premier League,2324,Aston Villa,Finley Munroe,ENG,DF,18,2005,1,0,4,0.0,0,0,0,0,0,0,0,0,0.0,0.0,0.0,0.0,0.0,0.0,0,0,0,,0.0,0.0,,,0,0,4,0.1,0,,0,1,4,2,0.0,0,0,0,0.0,-0.4,0,0,0,0,0,0,0,,,0,,,,,,,,,,,,,,,
ENG-Premier League,2324,Aston Villa,Jacob Ramsey,ENG,MF,22,2001,16,8,853,9.5,1,1,2,1,0,0,2,0,0.11,0.11,0.21,0.11,0.21,9.5,1,19,5,26.3,2.0,0.53,0.05,0.2,0,0,53,24.9,8,80,5,8,26,0,2.19,22,12,10,1.06,0.88,0,7,12,0,11,3,8,,,0,,,,,,,,,,,,,,,
ENG-Premier League,2324,Aston Villa,Jaden Philogene Bidace,ENG,"FW,MF",21,2002,1,0,4,0.0,0,0,0,0,0,0,0,0,0.0,0.0,0.0,0.0,0.0,0.0,0,0,0,,0.0,0.0,,,0,0,4,0.1,0,,0,1,4,0,0.0,0,1,-1,-22.5,-22.92,0,0,0,0,0,0,0,,,0,,,,,,,,,,,,,,,
ENG-Premier League,2324,Aston Villa,John McGinn,SCO,MF,28,1994,35,35,2999,33.3,6,4,10,6,0,0,9,1,0.18,0.12,0.3,0.18,0.3,33.3,6,40,16,40.0,1.2,0.48,0.15,0.38,0,0,86,87.7,35,86,24,0,,0,1.83,68,52,16,0.48,0.69,0,39,69,2,77,20,34,,,0,,,,,,,,,,,,,,,
ENG-Premier League,2324,Aston Villa,Jáder Durán,COL,FW,19,2003,23,3,475,5.3,5,0,5,5,0,0,5,0,0.95,0.0,0.95,0.95,0.95,5.3,5,20,7,35.0,3.79,1.33,0.25,0.71,0,0,21,13.9,3,68,1,20,14,5,1.74,15,12,3,0.57,0.2,0,12,8,4,6,1,5,,,0,,,,,,,,,,,,,,,
ENG-Premier League,2324,Aston Villa,Kaine Kesler-Hayden,ENG,"DF,MF",20,2002,3,0,6,0.1,0,0,0,0,0,0,0,0,0.0,0.0,0.0,0.0,0.0,0.1,0,0,0,,0.0,0.0,,,0,0,2,0.2,0,,0,3,2,14,2.0,0,0,0,0.0,-0.4,0,0,0,0,0,0,0,,,0,,,,,,,,,,,,,,,
ENG-Premier League,2324,Aston Villa,Leander Dendoncker,BEL,MF,28,1995,8,1,119,1.3,1,0,1,1,0,0,0,0,0.76,0.0,0.76,0.76,0.76,1.3,1,2,1,50.0,1.51,0.76,0.5,1.0,0,0,15,3.5,1,85,0,7,5,10,2.25,3,3,0,0.0,-0.41,0,1,1,0,0,2,4,,,0,,,,,,,,,,,,,,,
ENG-Premier League,2324,Aston Villa,Leon Bailey,JAM,MF,25,1997,35,22,2068,23.0,10,9,19,10,0,0,5,0,0.44,0.39,0.83,0.44,0.83,23.0,10,53,18,34.0,2.31,0.78,0.19,0.56,0,0,59,60.5,22,76,3,13,31,1,1.77,53,32,21,0.91,1.31,0,26,26,11,77,9,8,,,0,,,,,,,,,,,,,,,
ENG-Premier League,2324,Aston Villa,Lucas Digne,FRA,DF,30,1993,33,27,2410,26.8,1,3,4,1,0,0,7,0,0.04,0.11,0.15,0.04,0.15,26.8,1,20,4,20.0,0.75,0.15,0.05,0.25,0,0,73,70.5,27,85,18,6,19,0,1.76,54,41,13,0.49,0.31,0,30,29,2,151,25,21,,,0,,,,,,,,,,,,,,,
ENG-Premier League,2324,Aston Villa,Matty Cash,POL,"DF,MF",25,1997,29,23,2142,23.8,2,2,4,2,0,0,8,0,0.08,0.08,0.17,0.08,0.17,23.8,2,33,13,39.4,1.39,0.55,0.06,0.15,0,0,74,62.6,23,84,16,6,34,2,1.86,49,36,13,0.55,0.41,0,30,22,0,38,18,30,,,1,,,,,,,,,,,,,,,
ENG-Premier League,2324,Aston Villa,Morgan Rogers,ENG,MF,21,2002,11,8,638,7.1,3,1,4,3,0,0,3,0,0.42,0.14,0.56,0.42,0.56,7.1,3,11,5,45.5,1.55,0.71,0.27,0.6,0,0,58,18.7,8,72,4,3,20,3,1.91,12,13,-1,-0.14,-0.66,0,12,9,0,2,3,1,,,0,,,,,,,,,,,,,,,
ENG-Premier League,2324,Aston Villa,Moussa Diaby,FRA,"MF,FW",24,1999,38,25,2174,24.2,6,8,14,6,0,0,1,0,0.25,0.33,0.58,0.25,0.58,24.2,6,54,23,42.6,2.24,0.95,0.11,0.26,0,0,57,63.6,25,75,4,13,23,0,1.79,41,40,1,0.04,-0.97,0,16,15,6,45,9,5,,,0,,,,,,,,,,,,,,,
ENG-Premier League,2324,Aston Villa,Nicolò Zaniolo,ITA,"MF,FW",24,1999,25,9,839,9.3,2,0,2,2,0,0,7,0,0.21,0.0,0.21,0.21,0.21,9.3,2,27,10,37.0,2.9,1.07,0.07,0.2,0,0,34,24.5,9,61,0,16,18,5,1.6,17,13,4,0.43,0.05,0,24,21,0,18,1,9,,,0,,,,,,,,,,,,,,,
ENG-Premier League,2324,Aston Villa,Ollie Watkins,ENG,FW,27,1995,37,37,3217,35.7,19,13,32,19,0,0,4,0,0.53,0.36,0.9,0.53,0.9,35.7,19,106,46,43.4,2.97,1.29,0.18,0.41,0,0,87,94.1,37,87,27,0,,0,1.84,71,56,15,0.42,0.42,0,22,41,17,14,4,7,,,0,,,,,,,,,,,,,,,
ENG-Premier League,2324,Aston Villa,Omari Kellyman,ENG,"FW,MF",17,2005,2,0,37,0.4,0,0,0,0,0,0,0,0,0.0,0.0,0.0,0.0,0.0,0.4,0,1,0,0.0,2.43,0.0,0.0,,0,0,19,1.1,0,,0,2,19,10,0.0,0,1,-1,-2.43,-2.86,0,0,0,0,0,0,0,,,0,,,,,,,,,,,,,,,
ENG-Premier League,2324,Aston Villa,Pau Torres,ESP,DF,26,1997,29,27,2464,27.4,2,0,2,2,0,0,1,0,0.07,0.0,0.07,0.07,0.07,27.4,2,12,5,41.7,0.44,0.18,0.17,0.4,0,0,85,72.0,27,88,25,2,45,5,2.07,57,37,20,0.73,1.2,0,17,10,2,8,11,16,,,0,,,,,,,,,,,,,,,
ENG-Premier League,2324,Aston Villa,Philippe Coutinho,BRA,"FW,MF",31,1992,2,0,25,0.3,0,0,0,0,0,0,0,0,0.0,0.0,0.0,0.0,0.0,0.3,0,3,1,33.3,10.8,3.6,0.0,0.0,0,0,13,0.7,0,,0,2,13,0,1.5,1,1,0,0.0,-0.4,0,0,1,0,0,0,0,,,0,,,,,,,,,,,,,,,
ENG-Premier League,2324,Aston Villa,Robin Olsen,SWE,GK,33,1990,5,4,405,4.5,0,0,0,0,0,0,0,0,0.0,0.0,0.0,0.0,0.0,4.5,0,0,0,,0.0,0.0,,,0,0,81,11.8,4,90,4,1,45,26,0.8,4,13,-9,-2.0,-2.72,0,0,2,0,0,0,0,,,0,13,2.89,33,20,60.6,1,0,3,0,0.0,1,0,1,0,100.0
ENG-Premier League,2324,Aston Villa,Tim Iroegbunam,ENG,MF,20,2003,9,1,164,1.8,0,0,0,0,0,0,0,0,0.0,0.0,0.0,0.0,0.0,1.8,0,0,0,,0.0,0.0,,,0,0,18,4.8,1,62,0,8,13,16,1.44,2,7,-5,-2.74,-3.3,0,9,3,0,0,3,4,,,0,,,,,,,,,,,,,,,
ENG-Premier League,2324,Aston Villa,Tyrone Mings,ENG,DF,30,1993,1,1,30,0.3,0,0,0,0,0,0,0,0,0.0,0.0,0.0,0.0,0.0,0.3,0,1,0,0.0,3.0,0.0,0.0,,0,0,30,0.9,1,30,0,0,,0,0.0,1,2,-1,-3.0,-3.42,0,0,0,0,0,1,0,,,0,,,,,,,,,,,,,,,
ENG-Premier League,2324,Aston Villa,Youri Tielemans,BEL,"MF,FW",26,1997,32,17,1622,18.0,2,6,8,2,0,0,3,0,0.11,0.33,0.44,0.11,0.44,18.0,2,14,6,42.9,0.78,0.33,0.14,0.33,0,0,51,47.4,17,77,6,15,21,0,1.91,40,27,13,0.72,0.62,0,22,29,0,31,14,21,,,0,,,,,,,,,,,,,,,
ENG-Premier League,2324,Aston Villa,Álex Moreno,ESP,DF,30,1993,21,11,1031,11.5,2,0,2,2,0,0,2,0,0.17,0.0,0.17,0.17,0.17,11.5,2,8,4,50.0,0.7,0.35,0.25,0.5,0,0,49,30.1,11,80,5,10,16,4,1.67,24,20,4,0.35,-0.07,0,11,16,2,37,11,12,,,1,,,,,,,,,,,,,,,
ENG-Premier League,2324,Bournemouth,Adam Smith,ENG,DF,32,1991,28,25,2150,23.9,0,2,2,0,0,0,6,0,0.0,0.08,0.08,0.0,0.08,23.9,0,2,0,0.0,0.08,0.0,0.0,,0,0,77,62.9,25,85,15,3,12,6,1.61,39,33,6,0.25,1.6,0,30,22,1,39,21,23,,,0,,,,,,,,,,,,,,,
ENG-Premier League,2324,Bournemouth,Alex Scott,ENG,MF,19,2003,23,11,1014,11.3,1,1,2,1,0,0,3,0,0.09,0.09,0.18,0.09,0.18,11.3,1,15,4,26.7,1.33,0.36,0.07,0.25,0,0,44,29.6,11,66,2,12,24,2,1.22,17,25,-8,-0.71,-0.52,0,19,25,1,36,11,16,,,0,,,,,,,,,,,,,,,
ENG-Premier League,2324,Bournemouth,Antoine Semenyo,GHA,MF,23,2000,33,25,2105,23.4,8,2,10,8,0,0,6,0,0.34,0.09,0.43,0.34,0.43,23.4,8,70,31,44.3,2.99,1.33,0.11,0.26,0,0,64,61.5,25,76,10,8,25,3,1.39,41,33,8,0.34,1.78,0,43,25,3,46,5,17,,,0,,,,,,,,,,,,,,,
ENG-Premier League,2324,Bournemouth,Chris Mepham,WAL,DF,25,1997,10,6,617,6.9,0,1,1,0,0,0,2,0,0.0,0.15,0.15,0.0,0.15,6.9,0,1,1,100.0,0.15,0.15,0.0,0.0,0,0,62,18.0,6,83,5,4,31,14,1.6,13,16,-3,-0.44,-0.12,0,15,2,0,1,5,11,,,0,,,,,,,,,,,,,,,
ENG-Premier League,2324,Bournemouth,Dango Ouattara,BFA,"DF,MF",21,2002,30,12,1229,13.7,1,2,3,1,0,0,3,0,0.07,0.15,0.22,0.07,0.22,13.7,1,30,7,23.3,2.2,0.51,0.03,0.14,0,0,41,35.9,12,74,4,18,19,2,1.4,20,24,-4,-0.29,0.08,0,15,17,4,37,21,26,,,0,,,,,,,,,,,,,,,
ENG-Premier League,2324,Bournemouth,David Brooks,WAL,MF,26,1997,13,2,282,3.1,1,1,2,1,0,0,1,0,0.32,0.32,0.64,0.32,0.64,3.1,1,13,5,38.5,4.15,1.6,0.08,0.2,0,0,22,8.2,2,65,0,11,14,7,0.92,5,7,-2,-0.64,-0.32,0,6,1,1,15,2,4,,,0,,,,,,,,,,,,,,,
ENG-Premier League,2324,Bournemouth,Dominic Sadi,ENG,MF,19,2003,1,0,1,0.0,0,0,0,0,0,0,0,0,0.0,0.0,0.0,0.0,0.0,0.0,0,0,0,,0.0,0.0,,,0,0,1,0.0,0,,0,1,1,4,3.0,0,0,0,0.0,0.34,0,0,0,0,0,0,0,,,0,,,,,,,,,,,,,,,
ENG-Premier League,2324,Bournemouth,Dominic Solanke,ENG,FW,25,1997,38,37,3325,36.9,19,3,22,17,2,3,3,0,0.51,0.08,0.6,0.46,0.54,36.9,19,109,38,34.9,2.95,1.03,0.17,0.5,2,3,88,97.2,37,89,28,1,32,0,1.26,51,61,-10,-0.27,2.57,0,41,45,16,6,7,9,,,0,,,,,,,,,,,,,,,
ENG-Premier League,2324,Bournemouth,Enes Ünal,TUR,FW,26,1997,16,2,328,3.6,2,2,4,2,0,0,1,0,0.55,0.55,1.1,0.55,1.1,3.6,2,23,11,47.8,6.31,3.02,0.09,0.18,0,0,21,9.6,2,67,0,14,14,0,1.31,11,9,2,0.55,0.99,0,10,9,6,3,1,4,,,0,,,,,,,,,,,,,,,
ENG-Premier League,2324,Bournemouth,Hamed Junior Traorè,CIV,MF,23,2000,3,0,47,0.5,0,0,0,0,0,0,0,0,0.0,0.0,0.0,0.0,0.0,0.5,0,3,2,66.7,5.74,3.83,0.0,0.0,0,0,16,1.4,0,,0,3,16,7,0.0,0,1,-1,-1.91,-1.59,0,0,0,0,3,0,0,,,0,,,,,,,,,,,,,,,
ENG-Premier League,2324,Bournemouth,Illia Zabarnyi,UKR,DF,20,2002,37,37,3330,37.0,1,0,1,1,0,0,5,0,0.03,0.0,0.03,0.03,0.03,37.0,1,8,3,37.5,0.22,0.08,0.13,0.33,0,0,90,97.4,37,90,37,0,,0,1.22,51,67,-16,-0.43,-3.43,0,24,24,0,1,31,31,,,0,,,,,,,,,,,,,,,
ENG-Premier League,2324,Bournemouth,Ionuț Radu,ROU,GK,26,1997,2,2,180,2.0,0,0,0,0,0,0,0,0,0.0,0.0,0.0,0.0,0.0,2.0,0,0,0,,0.0,0.0,,,0,0,90,5.3,2,90,2,0,,11,1.5,3,7,-4,-2.0,-1.75,0,0,0,0,0,0,0,,,0,7,3.5,12,5,41.7,1,0,1,0,0.0,0,0,0,0,
ENG-Premier League,2324,Bournemouth,Jaidon Anthony,ENG,MF,23,1999,3,2,152,1.7,0,0,0,0,0,0,1,0,0.0,0.0,0.0,0.0,0.0,1.7,0,2,1,50.0,1.18,0.59,0.0,0.0,0,0,51,4.4,2,61,0,1,31,0,0.33,1,5,-4,-2.37,-2.12,0,4,2,2,2,0,1,,,0,,,,,,,,,,,,,,,
ENG-Premier League,2324,Bournemouth,James Hill,ENG,DF,21,2002,5,1,76,0.8,0,0,0,0,0,0,0,0,0.0,0.0,0.0,0.0,0.0,0.8,0,0,0,,0.0,0.0,,,0,0,15,2.2,1,54,0,4,6,10,2.0,1,1,0,0.0,0.35,0,1,0,0,0,3,2,,,0,,,,,,,,,,,,,,,
ENG-Premier League,2324,Bournemouth,Joe Rothwell,ENG,MF,28,1995,11,3,386,4.3,0,0,0,0,0,0,0,0,0.0,0.0,0.0,0.0,0.0,4.3,0,2,0,0.0,0.47,0.0,0.0,,0,0,35,11.3,3,70,1,8,22,8,1.18,4,12,-8,-1.87,-1.72,0,4,2,0,13,2,2,,,0,,,,,,,,,,,,,,,
ENG-Premier League,2324,Bournemouth,Justin Kluivert,NED,MF,24,1999,32,26,1916,21.3,7,1,8,7,0,0,5,0,0.33,0.05,0.38,0.33,0.38,21.3,7,56,20,35.7,2.63,0.94,0.13,0.35,0,0,60,56.0,26,68,0,6,24,6,1.22,29,23,6,0.28,1.42,0,52,28,5,28,7,17,,,0,,,,,,,,,,,,,,,
ENG-Premier League,2324,Bournemouth,Kieffer Moore,WAL,"DF,FW",30,1992,8,0,108,1.2,1,0,1,1,0,0,0,0,0.83,0.0,0.83,0.83,0.83,1.2,1,6,2,33.3,5.0,1.67,0.17,0.5,0,0,14,3.2,0,,0,8,14,8,0.88,3,2,1,0.83,1.21,0,5,2,0,2,0,0,,,0,,,,,,,,,,,,,,,
ENG-Premier League,2324,Bournemouth,Lewis Cook,ENG,MF,26,1997,33,32,2786,31.0,0,3,3,0,0,0,5,1,0.0,0.1,0.1,0.0,0.1,31.0,0,12,4,33.3,0.39,0.13,0.0,0.0,0,0,84,81.5,32,86,26,1,45,0,1.24,43,50,-7,-0.23,0.63,0,39,16,2,133,67,42,,,0,,,,,,,,,,,,,,,
ENG-Premier League,2324,Bournemouth,Lloyd Kelly,ENG,DF,24,1998,23,17,1559,17.3,0,1,1,0,0,0,2,0,0.0,0.06,0.06,0.0,0.06,17.3,0,4,1,25.0,0.23,0.06,0.0,0.0,0,0,68,45.6,17,83,12,6,25,0,1.13,22,32,-10,-0.58,-0.43,0,17,13,0,21,13,20,,,0,,,,,,,,,,,,,,,
ENG-Premier League,2324,Bournemouth,Luis Sinisterra,COL,MF,24,1999,20,7,699,7.8,2,2,4,2,0,0,0,0,0.26,0.26,0.52,0.26,0.52,7.8,2,27,9,33.3,3.48,1.16,0.07,0.22,0,0,35,20.4,7,59,0,13,22,4,1.35,12,18,-6,-0.77,-0.54,0,12,6,4,11,8,12,,,0,,,,,,,,,,,,,,,
ENG-Premier League,2324,Bournemouth,Marcos Senesi,ARG,DF,26,1997,31,26,2242,24.9,4,5,9,4,0,0,13,0,0.16,0.2,0.36,0.16,0.36,24.9,4,13,4,30.8,0.52,0.16,0.31,1.0,0,0,72,65.6,26,83,17,5,16,1,1.13,37,44,-7,-0.28,0.18,0,41,11,0,25,33,35,,,0,,,,,,,,,,,,,,,
ENG-Premier League,2324,Bournemouth,Marcus Tavernier,ENG,MF,24,1999,30,25,2118,23.5,3,4,7,3,0,0,3,0,0.13,0.17,0.3,0.13,0.3,23.5,3,53,16,30.2,2.25,0.68,0.06,0.19,0,0,71,61.9,25,78,7,5,33,0,1.33,37,38,-1,-0.04,0.79,0,21,22,3,116,4,33,,,0,,,,,,,,,,,,,,,
ENG-Premier League,2324,Bournemouth,Mark Travers,IRL,GK,24,1999,4,4,360,4.0,0,0,0,0,0,0,0,0,0.0,0.0,0.0,0.0,0.0,4.0,0,0,0,,0.0,0.0,,,0,0,90,10.5,4,90,4,0,,25,1.5,5,5,0,0.0,0.38,0,1,1,0,0,0,0,,,0,5,1.25,18,13,72.2,2,0,2,1,25.0,1,1,0,0,0.0
ENG-Premier League,2324,Bournemouth,Max Aarons,ENG,DF,23,2000,20,13,1237,13.7,0,1,1,0,0,0,1,0,0.0,0.07,0.07,0.0,0.07,13.7,0,2,0,0.0,0.15,0.0,0.0,,0,0,62,36.2,13,85,9,7,19,5,0.8,12,35,-23,-1.67,-2.09,0,12,26,2,14,8,19,,,0,,,,,,,,,,,,,,,
ENG-Premier League,2324,Bournemouth,Milos Kerkez,HUN,DF,19,2003,28,22,1970,21.9,0,1,1,0,0,0,4,1,0.0,0.05,0.05,0.0,0.05,21.9,0,16,5,31.3,0.73,0.23,0.0,0.0,0,0,70,57.6,22,83,11,6,25,3,1.14,25,37,-12,-0.55,-0.49,0,24,21,1,57,16,25,,,1,,,,,,,,,,,,,,,
ENG-Premier League,2324,Bournemouth,Neto,BRA,GK,34,1989,32,32,2880,32.0,0,0,0,0,0,0,5,0,0.0,0.0,0.0,0.0,0.0,32.0,0,0,0,,0.0,0.0,,,0,0,90,84.2,32,90,32,0,,4,1.22,46,55,-9,-0.28,0.39,0,1,0,0,0,1,0,,,0,55,1.72,167,112,67.1,10,9,13,7,21.9,6,5,1,0,16.7
ENG-Premier League,2324,Bournemouth,Philip Billing,DEN,MF,27,1996,29,13,1398,15.5,2,2,4,2,0,0,3,1,0.13,0.13,0.26,0.13,0.26,15.5,2,30,8,26.7,1.93,0.52,0.07,0.25,0,0,48,40.9,13,83,6,16,20,4,1.24,18,36,-18,-1.16,-1.38,0,19,12,0,28,18,19,,,0,,,,,,,,,,,,,,,
ENG-Premier League,2324,Bournemouth,Romain Faivre,FRA,MF,25,1998,5,0,41,0.5,0,0,0,0,0,0,1,0,0.0,0.0,0.0,0.0,0.0,0.5,0,2,0,0.0,4.39,0.0,0.0,,0,0,8,1.2,0,,0,5,8,8,0.4,0,1,-1,-2.2,-1.88,0,2,4,0,3,0,1,,,0,,,,,,,,,,,,,,,
ENG-Premier League,2324,Bournemouth,Ryan Christie,SCO,MF,28,1995,37,35,2907,32.3,0,5,5,0,0,0,6,0,0.0,0.15,0.15,0.0,0.15,32.3,0,43,13,30.2,1.33,0.4,0.0,0.0,0,0,79,85.0,35,81,18,2,29,0,1.22,44,55,-11,-0.34,0.01,0,47,38,5,73,51,43,,,0,,,,,,,,,,,,,,,
ENG-Premier League,2324,Bournemouth,Tyler Adams,USA,MF,24,1999,3,1,121,1.3,0,0,0,0,0,0,0,0,0.0,0.0,0.0,0.0,0.0,1.3,0,0,0,,0.0,0.0,,,0,0,40,3.5,1,90,1,2,16,2,2.0,4,3,1,0.74,1.13,0,0,3,0,1,4,3,,,0,,,,,,,,,,,,,,,
ENG-Premier League,2324,Brentford,Aaron Hickey,SCO,"DF,MF",21,2002,9,9,713,7.9,0,0,0,0,0,0,5,0,0.0,0.0,0.0,0.0,0.0,7.9,0,7,1,14.3,0.88,0.13,0.0,0.0,0,0,79,20.8,9,79,2,0,,0,1.11,10,12,-2,-0.25,-0.02,0,10,16,0,5,3,10,,,0,,,,,,,,,,,,,,,
ENG-Premier League,2324,Brentford,Ben Mee,ENG,DF,33,1989,16,15,1272,14.1,2,0,2,2,0,0,1,1,0.14,0.0,0.14,0.14,0.14,14.1,2,10,2,20.0,0.71,0.14,0.2,1.0,0,0,80,37.2,15,85,11,1,1,2,0.81,16,26,-10,-0.71,-0.75,0,7,3,2,5,13,14,,,0,,,,,,,,,,,,,,,
ENG-Premier League,2324,Brentford,Bryan Mbeumo,CMR,FW,23,1999,25,22,1960,21.8,9,6,15,6,3,3,2,0,0.41,0.28,0.69,0.28,0.55,21.8,9,53,20,37.7,2.43,0.92,0.17,0.45,3,3,78,57.3,22,87,18,3,17,0,1.28,37,31,6,0.28,1.2,0,22,42,4,93,7,9,,,0,,,,,,,,,,,,,,,
ENG-Premier League,2324,Brentford,Christian Nørgaard,DEN,MF,29,1994,31,30,2505,27.8,2,1,3,2,0,0,8,0,0.07,0.04,0.11,0.07,0.11,27.8,2,35,7,20.0,1.26,0.25,0.06,0.29,0,0,81,73.2,30,83,20,1,20,0,0.97,36,51,-15,-0.54,-1.13,0,41,32,1,22,53,50,,,0,,,,,,,,,,,,,,,
ENG-Premier League,2324,Brentford,Ethan Pinnock,JAM,DF,30,1993,29,28,2521,28.0,2,0,2,2,0,0,1,0,0.07,0.0,0.07,0.07,0.07,28.0,2,19,4,21.1,0.68,0.14,0.11,0.5,0,0,87,73.7,28,90,28,1,1,0,1.21,44,46,-2,-0.07,0.63,0,5,11,0,7,43,23,,,0,,,,,,,,,,,,,,,
ENG-Premier League,2324,Brentford,Frank Onyeka,NGA,MF,25,1998,26,11,1161,12.9,1,2,3,1,0,0,8,0,0.08,0.16,0.23,0.08,0.23,12.9,1,22,9,40.9,1.71,0.7,0.05,0.11,0,0,45,33.9,11,78,3,15,20,4,0.85,17,27,-10,-0.78,-0.82,0,24,31,4,16,23,20,,,0,,,,,,,,,,,,,,,
ENG-Premier League,2324,Brentford,Ivan Toney,ENG,FW,27,1996,17,16,1450,16.1,4,2,6,4,0,0,5,0,0.25,0.12,0.37,0.25,0.37,16.1,4,51,22,43.1,3.17,1.37,0.08,0.18,0,0,85,42.4,16,90,16,1,10,1,0.82,20,30,-10,-0.62,-0.67,0,24,29,7,22,10,4,,,0,,,,,,,,,,,,,,,
ENG-Premier League,2324,Brentford,Josh Dasilva,ENG,MF,24,1998,3,0,24,0.3,0,0,0,0,0,0,0,0,0.0,0.0,0.0,0.0,0.0,0.3,0,0,0,,0.0,0.0,,,0,0,8,0.7,0,,0,3,8,1,2.0,0,0,0,0.0,0.24,0,2,0,0,6,0,1,,,0,,,,,,,,,,,,,,,
ENG-Premier League,2324,Brentford,Keane Lewis-Potter,ENG,"FW,MF",22,2001,30,15,1441,16.0,3,1,4,3,0,0,0,0,0.19,0.06,0.25,0.19,0.25,16.0,3,43,22,51.2,2.69,1.37,0.07,0.14,0,0,48,42.1,15,78,2,15,18,3,0.93,24,29,-5,-0.31,-0.13,0,8,18,3,50,7,7,,,0,,,,,,,,,,,,,,,
ENG-Premier League,2324,Brentford,Kevin Schade,GER,FW,21,2001,11,3,333,3.7,2,1,3,2,0,0,0,0,0.54,0.27,0.81,0.54,0.81,3.7,2,8,4,50.0,2.16,1.08,0.25,0.5,0,0,30,9.7,3,73,0,8,14,0,1.45,8,5,3,0.81,1.16,0,10,6,2,5,1,2,,,0,,,,,,,,,,,,,,,
ENG-Premier League,2324,Brentford,Kristoffer Ajer,NOR,DF,25,1998,28,21,1832,20.4,2,1,3,2,0,0,5,0,0.1,0.05,0.15,0.1,0.15,20.4,2,12,4,33.3,0.59,0.2,0.17,0.5,0,0,65,53.6,21,84,13,7,11,1,1.14,28,33,-5,-0.25,-0.02,0,25,10,1,22,21,23,,,0,,,,,,,,,,,,,,,
ENG-Premier League,2324,Brentford,Mads Roerslev,DEN,"MF,DF",24,1999,34,22,1985,22.1,1,2,3,1,0,0,1,0,0.05,0.09,0.14,0.05,0.14,22.1,1,7,1,14.3,0.32,0.05,0.14,1.0,0,0,58,58.0,22,79,8,12,20,3,1.09,32,40,-8,-0.36,-0.3,0,10,15,3,61,20,31,,,0,,,,,,,,,,,,,,,
ENG-Premier League,2324,Brentford,Mark Flekken,NED,GK,30,1993,37,37,3285,36.5,0,1,1,0,0,0,3,0,0.0,0.03,0.03,0.0,0.03,36.5,0,0,0,,0.0,0.0,,,0,0,89,96.1,37,89,36,0,,0,1.05,53,63,-10,-0.27,-0.94,0,2,4,0,0,0,1,,,0,63,1.73,178,115,64.6,10,9,18,7,18.9,2,2,0,0,0.0
ENG-Premier League,2324,Brentford,Mathias Jensen,DEN,MF,27,1996,32,27,2204,24.5,3,3,6,3,0,0,5,0,0.12,0.12,0.25,0.12,0.25,24.5,3,14,7,50.0,0.57,0.29,0.21,0.43,0,0,69,64.4,27,77,5,5,27,0,1.09,37,45,-8,-0.33,-0.25,0,28,20,1,111,21,33,,,0,,,,,,,,,,,,,,,
ENG-Premier League,2324,Brentford,Mathias Jørgensen,DEN,DF,33,1990,14,12,1087,12.1,1,0,1,1,0,0,4,0,0.08,0.0,0.08,0.08,0.08,12.1,1,8,2,25.0,0.66,0.17,0.13,0.5,0,0,78,31.8,12,90,11,2,4,23,0.57,16,24,-8,-0.66,-0.62,0,11,6,3,9,11,12,,,0,,,,,,,,,,,,,,,
ENG-Premier League,2324,Brentford,Michael Olakigbe,ENG,MF,19,2004,8,0,59,0.7,0,0,0,0,0,0,0,0,0.0,0.0,0.0,0.0,0.0,0.7,0,3,1,33.3,4.58,1.53,0.0,0.0,0,0,7,1.7,0,,0,8,7,9,0.63,1,0,1,1.53,1.79,0,2,2,1,7,1,0,,,0,,,,,,,,,,,,,,,
ENG-Premier League,2324,Brentford,Mikkel Damsgaard,DEN,MF,23,2000,23,7,842,9.4,0,2,2,0,0,0,2,0,0.0,0.21,0.21,0.0,0.21,9.4,0,9,4,44.4,0.96,0.43,0.0,0.0,0,0,37,24.6,7,75,0,16,20,3,0.87,17,9,8,0.86,1.45,0,14,8,3,29,12,18,,,0,,,,,,,,,,,,,,,
ENG-Premier League,2324,Brentford,Myles Peart-Harris,ENG,MF,20,2002,3,0,13,0.1,0,0,0,0,0,0,0,0,0.0,0.0,0.0,0.0,0.0,0.1,0,0,0,,0.0,0.0,,,0,0,4,0.4,0,,0,3,4,6,1.0,0,0,0,0.0,0.24,0,2,2,0,1,0,0,,,0,,,,,,,,,,,,,,,
ENG-Premier League,2324,Brentford,Nathan Collins,IRL,DF,22,2001,32,29,2652,29.5,1,1,2,1,0,0,3,0,0.03,0.03,0.07,0.03,0.07,29.5,1,10,2,20.0,0.34,0.07,0.1,0.5,0,0,83,77.5,29,90,28,3,18,1,1.13,47,51,-4,-0.14,0.45,0,13,23,3,4,43,20,,,0,,,,,,,,,,,,,,,
ENG-Premier League,2324,Brentford,Neal Maupay,FRA,FW,26,1996,29,13,1321,14.7,6,3,9,6,0,0,8,0,0.41,0.2,0.61,0.41,0.61,14.7,6,37,16,43.2,2.52,1.09,0.16,0.38,0,0,46,38.6,13,83,5,16,15,2,0.97,24,35,-11,-0.75,-0.84,0,19,26,4,8,2,7,,,0,,,,,,,,,,,,,,,
ENG-Premier League,2324,Brentford,Rico Henry,JAM,DF,26,1997,5,5,401,4.5,0,1,1,0,0,0,1,0,0.0,0.22,0.22,0.0,0.22,4.5,0,2,0,0.0,0.45,0.0,0.0,,0,0,80,11.7,5,80,4,0,,0,1.2,8,5,3,0.67,1.03,0,4,6,2,11,5,5,,,0,,,,,,,,,,,,,,,
ENG-Premier League,2324,Brentford,Saman Ghoddos,IRN,"DF,MF",29,1993,19,7,739,8.2,1,0,1,1,0,0,5,0,0.12,0.0,0.12,0.12,0.12,8.2,1,9,2,22.2,1.1,0.24,0.11,0.5,0,0,39,21.6,7,88,5,12,10,13,0.74,10,20,-10,-1.22,-1.25,0,12,9,2,43,5,21,,,0,,,,,,,,,,,,,,,
ENG-Premier League,2324,Brentford,Sergio Reguilón,ESP,"MF,DF",26,1996,16,14,1118,12.4,0,4,4,0,0,0,4,1,0.0,0.32,0.32,0.0,0.32,12.4,0,13,2,15.4,1.05,0.16,0.0,0.0,0,0,70,32.7,14,77,6,2,18,0,1.19,21,21,0,0.0,0.35,0,10,15,1,72,15,22,,,0,,,,,,,,,,,,,,,
ENG-Premier League,2324,Brentford,Shandon Baptiste,GRN,MF,25,1998,10,2,229,2.5,1,1,2,1,0,0,1,0,0.39,0.39,0.79,0.39,0.79,2.5,1,2,2,100.0,0.79,0.79,0.5,0.5,0,0,23,6.7,2,66,0,8,12,11,1.0,3,5,-2,-0.79,-0.59,0,3,0,0,3,3,3,,,0,,,,,,,,,,,,,,,
ENG-Premier League,2324,Brentford,Thomas Strakosha,ALB,GK,28,1995,2,1,135,1.5,0,0,0,0,0,0,0,0,0.0,0.0,0.0,0.0,0.0,1.5,0,0,0,,0.0,0.0,,,0,0,68,3.9,1,90,1,1,45,32,1.5,3,2,1,0.67,0.94,0,0,1,0,0,0,0,,,0,2,1.33,8,6,75.0,0,0,1,0,0.0,0,0,0,0,
ENG-Premier League,2324,Brentford,Vitaly Janelt,GER,"MF,DF",25,1998,38,37,3054,33.9,1,3,4,1,0,0,8,0,0.03,0.09,0.12,0.03,0.12,33.9,1,21,7,33.3,0.62,0.21,0.05,0.14,0,0,80,89.3,37,82,16,1,18,0,1.03,50,52,-2,-0.06,1.66,0,27,28,3,58,37,36,,,0,,,,,,,,,,,,,,,
ENG-Premier League,2324,Brentford,Yehor Yarmoliuk,UKR,MF,19,2004,27,6,688,7.6,0,0,0,0,0,0,2,0,0.0,0.0,0.0,0.0,0.0,7.6,0,11,5,45.5,1.44,0.65,0.0,0.0,0,0,25,20.1,6,61,0,21,15,11,1.19,13,9,4,0.52,0.95,0,11,6,1,13,6,11,,,0,,,,,,,,,,,,,,,
ENG-Premier League,2324,Brentford,Yoane Wissa,COD,FW,26,1996,34,29,2493,27.7,12,3,15,12,0,0,7,0,0.43,0.11,0.54,0.43,0.54,27.7,12,67,26,38.8,2.42,0.94,0.18,0.46,0,0,73,72.9,29,81,9,5,30,0,0.97,40,40,0,0.0,0.87,0,38,50,19,21,9,14,,,0,,,,,,,,,,,,,,,
ENG-Premier League,2324,Brighton,Adam Lallana,ENG,MF,35,1988,25,13,850,9.4,0,1,1,0,0,0,2,0,0.0,0.11,0.11,0.0,0.11,9.4,0,11,2,18.2,1.16,0.21,0.0,0.0,0,0,34,24.9,13,53,0,12,13,8,1.24,12,13,-1,-0.11,0.1,0,9,11,2,7,3,3,,,0,,,,,,,,,,,,,,,
ENG-Premier League,2324,Brighton,Adam Webster,ENG,DF,28,1995,15,13,1144,12.7,0,0,0,0,0,0,2,0,0.0,0.0,0.0,0.0,0.0,12.7,0,8,1,12.5,0.63,0.08,0.0,0.0,0,0,76,33.5,13,85,11,2,18,12,1.13,16,22,-6,-0.47,-0.43,0,9,2,0,1,16,12,,,1,,,,,,,,,,,,,,,
ENG-Premier League,2324,Brighton,Ansu Fati,ESP,"MF,FW",20,2002,19,3,521,5.8,2,0,2,2,0,0,2,0,0.35,0.0,0.35,0.35,0.35,5.8,2,26,11,42.3,4.49,1.9,0.08,0.18,0,0,27,15.2,3,50,0,16,23,5,1.26,12,12,0,0.0,0.22,0,6,13,2,3,2,3,,,0,,,,,,,,,,,,,,,
ENG-Premier League,2324,Brighton,Bart Verbruggen,NED,GK,20,2002,21,21,1890,21.0,0,0,0,0,0,0,3,0,0.0,0.0,0.0,0.0,0.0,21.0,0,0,0,,0.0,0.0,,,0,0,90,55.3,21,90,21,0,,17,1.38,31,28,3,0.14,0.73,0,1,2,0,0,0,1,,,0,28,1.33,93,65,69.9,7,8,6,4,19.0,3,3,0,0,0.0
ENG-Premier League,2324,Brighton,Benicio Boaitey,ENG,FW,19,2004,5,0,40,0.4,0,0,0,0,0,0,1,0,0.0,0.0,0.0,0.0,0.0,0.4,0,1,0,0.0,2.25,0.0,0.0,,0,0,8,1.2,0,,0,5,8,9,1.0,1,1,0,0.0,0.19,0,2,0,1,0,0,0,,,0,,,,,,,,,,,,,,,
ENG-Premier League,2324,Brighton,Billy Gilmour,SCO,MF,22,2001,30,24,2120,23.6,0,1,1,0,0,0,8,1,0.0,0.04,0.04,0.0,0.04,23.6,0,25,5,20.0,1.06,0.21,0.0,0.0,0,0,71,62.0,24,83,13,6,22,1,1.4,40,37,3,0.13,0.82,0,22,30,0,33,10,18,,,0,,,,,,,,,,,,,,,
ENG-Premier League,2324,Brighton,Carlos Baleba,CMR,MF,19,2004,27,15,1325,14.7,0,0,0,0,0,0,7,0,0.0,0.0,0.0,0.0,0.0,14.7,0,21,5,23.8,1.43,0.34,0.0,0.0,0,0,49,38.7,15,78,7,12,13,7,1.07,14,28,-14,-0.95,-1.25,0,40,27,0,0,18,21,,,0,,,,,,,,,,,,,,,
ENG-Premier League,2324,Brighton,Danny Welbeck,ENG,"FW,MF",32,1990,29,21,1693,18.8,5,1,6,5,0,0,4,0,0.27,0.05,0.32,0.27,0.32,18.8,5,41,16,39.0,2.18,0.85,0.12,0.31,0,0,58,49.5,21,70,4,8,28,1,1.21,25,28,-3,-0.16,0.05,0,12,21,9,3,8,18,,,0,,,,,,,,,,,,,,,
ENG-Premier League,2324,Brighton,Evan Ferguson,IRL,FW,18,2004,27,15,1367,15.2,6,0,6,6,0,0,1,0,0.4,0.0,0.4,0.4,0.4,15.2,6,33,20,60.6,2.17,1.32,0.18,0.3,0,0,51,40.0,15,71,4,12,25,1,1.48,25,28,-3,-0.2,-0.02,0,23,25,5,1,2,7,,,0,,,,,,,,,,,,,,,
ENG-Premier League,2324,Brighton,Facundo Buonanotte,ARG,"MF,FW",18,2004,27,17,1364,15.2,3,1,4,3,0,0,7,0,0.2,0.07,0.26,0.2,0.26,15.2,3,21,9,42.9,1.39,0.59,0.14,0.33,0,0,51,39.9,17,65,1,10,25,6,1.19,19,20,-1,-0.07,0.2,0,34,41,3,6,7,22,,,0,,,,,,,,,,,,,,,
ENG-Premier League,2324,Brighton,Igor,BRA,DF,25,1998,24,17,1637,18.2,0,0,0,0,0,0,4,0,0.0,0.0,0.0,0.0,0.0,18.2,0,5,0,0.0,0.27,0.0,0.0,,0,0,68,47.9,17,82,11,7,34,10,1.17,22,26,-4,-0.22,-0.07,0,21,4,0,1,14,18,,,0,,,,,,,,,,,,,,,
ENG-Premier League,2324,Brighton,Jack Hinshelwood,ENG,"DF,MF",18,2005,12,8,869,9.7,3,0,3,3,0,0,1,0,0.31,0.0,0.31,0.31,0.31,9.7,3,14,8,57.1,1.45,0.83,0.21,0.38,0,0,72,25.4,8,81,3,4,56,4,1.33,15,17,-2,-0.21,-0.03,0,11,3,1,10,14,5,,,0,,,,,,,,,,,,,,,
ENG-Premier League,2324,Brighton,Jakub Moder,POL,"MF,DF",24,1999,17,6,618,6.9,0,0,0,0,0,0,2,0,0.0,0.0,0.0,0.0,0.0,6.9,0,11,3,27.3,1.6,0.44,0.0,0.0,0,0,36,18.1,6,73,1,11,16,10,1.35,6,13,-7,-1.02,-1.02,0,8,5,2,6,1,10,,,0,,,,,,,,,,,,,,,
ENG-Premier League,2324,Brighton,James Milner,ENG,"DF,MF",37,1986,15,11,773,8.6,0,2,2,0,0,0,3,0,0.0,0.23,0.23,0.0,0.23,8.6,0,5,1,20.0,0.58,0.12,0.0,0.0,0,0,52,22.6,11,63,1,4,20,2,1.47,10,12,-2,-0.23,-0.06,0,11,4,3,29,8,14,,,0,,,,,,,,,,,,,,,
ENG-Premier League,2324,Brighton,Jan Paul van Hecke,NED,DF,23,2000,28,26,2369,26.3,0,0,0,0,0,0,4,0,0.0,0.0,0.0,0.0,0.0,26.3,0,15,6,40.0,0.57,0.23,0.0,0.0,0,0,85,69.3,26,90,26,2,15,4,1.32,40,38,2,0.08,0.85,0,14,17,0,4,30,25,,,0,,,,,,,,,,,,,,,
ENG-Premier League,2324,Brighton,Jason Steele,ENG,GK,32,1990,17,17,1530,17.0,0,0,0,0,0,0,0,0,0.0,0.0,0.0,0.0,0.0,17.0,0,0,0,,0.0,0.0,,,0,0,90,44.7,17,90,17,0,,21,1.12,24,34,-10,-0.59,-0.73,0,0,1,0,0,0,0,,,0,34,2.0,77,43,55.8,5,4,8,2,11.8,3,3,0,0,0.0
ENG-Premier League,2324,Brighton,João Pedro,BRA,"MF,FW",21,2001,31,19,2045,22.7,9,3,12,5,4,5,2,0,0.4,0.13,0.53,0.22,0.35,22.7,9,75,26,34.7,3.3,1.14,0.12,0.35,4,5,66,59.8,19,85,9,12,36,0,1.29,32,38,-6,-0.26,-0.2,0,19,60,11,29,10,15,,,0,,,,,,,,,,,,,,,
ENG-Premier League,2324,Brighton,Joël Veltman,NED,DF,31,1992,27,17,1588,17.6,1,1,2,1,0,0,4,0,0.06,0.06,0.11,0.06,0.11,17.6,1,6,3,50.0,0.34,0.17,0.17,0.33,0,0,59,46.4,17,80,13,10,22,2,1.3,28,32,-4,-0.23,-0.08,0,16,42,1,11,18,41,,,0,,,,,,,,,,,,,,,
ENG-Premier League,2324,Brighton,Julio Enciso,PAR,MF,19,2004,12,5,475,5.3,0,2,2,0,0,0,2,0,0.0,0.38,0.38,0.0,0.38,5.3,0,28,8,28.6,5.31,1.52,0.0,0.0,0,0,40,13.9,5,65,0,7,22,1,1.25,8,11,-3,-0.57,-0.45,0,6,10,1,8,0,2,,,0,,,,,,,,,,,,,,,
ENG-Premier League,2324,Brighton,Kaoru Mitoma,JPN,"MF,FW",26,1997,19,15,1486,16.5,3,4,7,3,0,0,4,0,0.18,0.24,0.42,0.18,0.42,16.5,3,34,15,44.1,2.06,0.91,0.09,0.2,0,0,78,43.5,15,88,12,4,42,0,1.42,31,27,4,0.24,0.75,0,14,23,7,45,5,5,,,0,,,,,,,,,,,,,,,
ENG-Premier League,2324,Brighton,Lewis Dunk,ENG,DF,31,1991,33,33,2869,31.9,3,1,4,3,0,0,7,1,0.09,0.03,0.13,0.09,0.13,31.9,3,33,12,36.4,1.04,0.38,0.09,0.25,0,0,87,83.9,33,87,29,0,,0,1.3,49,52,-3,-0.09,0.56,0,23,12,1,7,31,16,,,0,,,,,,,,,,,,,,,
ENG-Premier League,2324,Brighton,Mahmoud Dahoud,GER,MF,27,1996,9,6,452,5.0,0,1,1,0,0,0,1,1,0.0,0.2,0.2,0.0,0.2,5.0,0,6,1,16.7,1.19,0.2,0.0,0.0,0,0,50,13.2,6,68,0,3,16,8,2.11,10,5,5,1.0,1.36,0,6,2,0,3,1,4,,,0,,,,,,,,,,,,,,,
ENG-Premier League,2324,Brighton,Mark O'Mahony,IRL,FW,18,2005,3,1,63,0.7,0,0,0,0,0,0,1,0,0.0,0.0,0.0,0.0,0.0,0.7,0,1,0,0.0,1.43,0.0,0.0,,0,0,21,1.8,1,45,0,2,9,8,0.33,0,1,-1,-1.43,-1.27,0,1,0,0,0,0,0,,,0,,,,,,,,,,,,,,,
ENG-Premier League,2324,Brighton,Odeluga Offiah,ENG,DF,20,2002,4,1,128,1.4,0,0,0,0,0,0,0,0,0.0,0.0,0.0,0.0,0.0,1.4,0,0,0,,0.0,0.0,,,0,0,32,3.7,1,73,0,3,18,4,0.25,1,3,-2,-1.41,-1.27,0,2,2,0,3,1,0,,,0,,,,,,,,,,,,,,,
ENG-Premier League,2324,Brighton,Pascal Groß,GER,"MF,DF",32,1991,36,34,3114,34.6,4,10,14,3,1,1,6,0,0.12,0.29,0.4,0.09,0.38,34.6,4,55,20,36.4,1.59,0.58,0.07,0.2,1,1,87,91.1,34,90,32,2,33,0,1.25,50,50,0,0.0,2.06,0,23,27,3,240,21,46,,,0,,,,,,,,,,,,,,,
ENG-Premier League,2324,Brighton,Pervis Estupiñán,ECU,"DF,MF",25,1998,19,15,1243,13.8,2,3,5,2,0,0,4,0,0.14,0.22,0.36,0.14,0.36,13.8,2,11,6,54.5,0.8,0.43,0.18,0.33,0,0,65,36.3,15,76,9,4,24,1,1.47,23,26,-3,-0.22,-0.05,0,22,17,5,65,20,13,,,1,,,,,,,,,,,,,,,
ENG-Premier League,2324,Brighton,Simon Adingra,CIV,MF,21,2002,31,25,2222,24.7,6,1,7,6,0,0,3,0,0.24,0.04,0.28,0.24,0.28,24.7,6,52,22,42.3,2.11,0.89,0.12,0.27,0,0,72,65.0,25,83,10,6,26,1,1.19,34,38,-4,-0.16,0.06,0,29,19,18,76,21,20,,,0,,,,,,,,,,,,,,,
ENG-Premier League,2324,Brighton,Solly March,ENG,"MF,DF",29,1994,7,7,554,6.2,3,1,4,3,0,0,1,0,0.49,0.16,0.65,0.49,0.65,6.2,3,14,6,42.9,2.27,0.97,0.21,0.5,0,0,79,16.2,7,79,2,0,,1,1.43,13,11,2,0.32,0.61,0,11,8,7,21,11,13,,,0,,,,,,,,,,,,,,,
ENG-Premier League,2324,Brighton,Tariq Lamptey,GHA,"DF,MF",22,2000,19,10,914,10.2,0,3,3,0,0,0,3,0,0.0,0.3,0.3,0.0,0.3,10.2,0,6,0,0.0,0.59,0.0,0.0,,0,0,48,26.7,10,67,1,9,27,0,1.32,12,20,-8,-0.79,-0.82,0,11,18,3,32,5,14,,,0,,,,,,,,,,,,,,,
ENG-Premier League,2324,Brighton,Valentín Barco,ARG,DF,19,2004,6,3,307,3.4,0,0,0,0,0,0,1,0,0.0,0.0,0.0,0.0,0.0,3.4,0,4,2,50.0,1.17,0.59,0.0,0.0,0,0,51,9.0,3,87,2,3,16,4,0.5,1,9,-8,-2.35,-2.37,0,7,7,0,30,4,5,,,0,,,,,,,,,,,,,,,
ENG-Premier League,2324,Burnley,Aaron Ramsey,ENG,MF,20,2003,14,5,527,5.9,0,0,0,0,0,0,1,0,0.0,0.0,0.0,0.0,0.0,5.9,0,6,2,33.3,1.02,0.34,0.0,0.0,0,0,38,15.4,5,68,0,9,21,3,0.36,4,17,-13,-2.22,-1.47,0,7,3,1,2,1,14,,,0,,,,,,,,,,,,,,,
ENG-Premier League,2324,Burnley,Ameen Al-Dakhil,BEL,DF,21,2002,13,12,1056,11.7,1,0,1,1,0,0,1,0,0.09,0.0,0.09,0.09,0.09,11.7,1,8,3,37.5,0.68,0.26,0.13,0.33,0,0,81,30.9,12,86,11,1,21,2,0.38,10,26,-16,-1.36,-0.56,0,6,4,0,3,11,5,,,1,,,,,,,,,,,,,,,
ENG-Premier League,2324,Burnley,Anass Zaroury,MAR,FW,22,2000,6,1,152,1.7,0,0,0,0,0,0,0,1,0.0,0.0,0.0,0.0,0.0,1.7,0,3,1,33.3,1.78,0.59,0.0,0.0,0,0,25,4.4,1,67,0,5,17,7,0.17,2,4,-2,-1.18,-0.22,0,4,3,0,11,0,0,,,0,,,,,,,,,,,,,,,
ENG-Premier League,2324,Burnley,Arijanet Muric,KVX,GK,24,1998,10,10,900,10.0,0,0,0,0,0,0,0,0,0.0,0.0,0.0,0.0,0.0,10.0,0,0,0,,0.0,0.0,,,0,0,90,26.3,10,90,10,0,,25,1.0,14,16,-2,-0.2,1.05,0,0,3,0,0,0,1,,,1,16,1.6,79,63,79.7,2,4,4,0,0.0,2,1,1,0,50.0
ENG-Premier League,2324,Burnley,Benson Manuel,ANG,MF,26,1997,8,1,116,1.3,0,0,0,0,0,0,0,0,0.0,0.0,0.0,0.0,0.0,1.3,0,4,2,50.0,3.1,1.55,0.0,0.0,0,0,15,3.4,1,45,0,7,10,13,0.13,0,5,-5,-3.88,-3.01,0,1,4,0,9,0,2,,,0,,,,,,,,,,,,,,,
ENG-Premier League,2324,Burnley,Charlie Taylor,ENG,DF,29,1993,28,25,2331,25.9,1,1,2,1,0,0,8,0,0.04,0.04,0.08,0.04,0.08,25.9,1,10,1,10.0,0.39,0.04,0.1,1.0,0,0,83,68.2,25,88,22,3,40,2,0.75,31,46,-15,-0.58,1.24,0,20,16,2,71,21,20,,,0,,,,,,,,,,,,,,,
ENG-Premier League,2324,Burnley,Connor Roberts,WAL,DF,27,1995,14,8,823,9.1,0,1,1,0,0,0,5,1,0.0,0.11,0.11,0.0,0.11,9.1,0,0,0,,0.0,0.0,,,0,0,59,24.1,8,88,6,6,20,5,0.64,7,22,-15,-1.64,-0.88,1,5,9,3,10,4,5,,,0,,,,,,,,,,,,,,,
ENG-Premier League,2324,Burnley,Dara O'Shea,IRL,DF,24,1999,33,32,2892,32.1,3,4,7,3,0,0,5,1,0.09,0.12,0.22,0.09,0.22,32.1,3,19,5,26.3,0.59,0.16,0.16,0.6,0,0,88,84.6,32,89,29,1,45,1,0.58,36,71,-35,-1.09,-0.75,0,36,15,1,11,33,18,,,1,,,,,,,,,,,,,,,
ENG-Premier League,2324,Burnley,David Datro Fofana,CIV,FW,20,2002,15,10,879,9.8,4,1,5,4,0,0,1,0,0.41,0.1,0.51,0.41,0.51,9.8,4,19,10,52.6,1.95,1.02,0.21,0.4,0,0,59,25.7,10,80,5,5,15,1,0.73,10,18,-8,-0.82,0.21,0,16,10,10,3,1,5,,,0,,,,,,,,,,,,,,,
ENG-Premier League,2324,Burnley,Han-Noah Massengo,FRA,MF,22,2001,3,0,16,0.2,0,0,0,0,0,0,0,0,0.0,0.0,0.0,0.0,0.0,0.2,0,0,0,,0.0,0.0,,,0,0,5,0.5,0,,0,3,5,5,0.33,2,0,2,11.25,12.28,0,0,0,0,2,0,1,,,0,,,,,,,,,,,,,,,
ENG-Premier League,2324,Burnley,Hannes Delcroix,HAI,DF,24,1999,12,5,589,6.5,0,0,0,0,0,0,2,0,0.0,0.0,0.0,0.0,0.0,6.5,0,4,2,50.0,0.61,0.31,0.0,0.0,0,0,49,17.2,5,86,4,7,23,10,0.67,6,25,-19,-2.9,-2.33,0,6,0,0,5,12,6,,,0,,,,,,,,,,,,,,,
ENG-Premier League,2324,Burnley,Hjalmar Ekdal,SWE,DF,24,1998,8,5,437,4.9,0,0,0,0,0,0,2,0,0.0,0.0,0.0,0.0,0.0,4.9,0,2,1,50.0,0.41,0.21,0.0,0.0,0,0,55,12.8,5,75,0,3,21,12,0.88,2,7,-5,-1.03,-0.06,0,8,2,0,0,6,2,,,0,,,,,,,,,,,,,,,
ENG-Premier League,2324,Burnley,Jack Cork,ENG,"DF,MF",34,1989,4,0,27,0.3,0,0,0,0,0,0,0,0,0.0,0.0,0.0,0.0,0.0,0.3,0,0,0,,0.0,0.0,,,0,0,7,0.8,0,,0,4,7,18,0.25,1,0,1,3.33,4.34,0,4,1,0,1,1,0,,,0,,,,,,,,,,,,,,,
ENG-Premier League,2324,Burnley,Jacob Bruun Larsen,DEN,MF,24,1998,32,16,1249,13.9,6,0,6,5,1,1,1,0,0.43,0.0,0.43,0.36,0.36,13.9,6,44,16,36.4,3.17,1.15,0.14,0.38,1,1,39,36.5,16,64,0,16,14,5,0.69,15,24,-9,-0.65,0.51,0,12,7,11,61,8,4,,,0,,,,,,,,,,,,,,,
ENG-Premier League,2324,Burnley,James Trafford,ENG,GK,20,2002,28,28,2520,28.0,0,0,0,0,0,0,2,0,0.0,0.0,0.0,0.0,0.0,28.0,0,0,0,,0.0,0.0,,,0,0,90,73.7,28,90,28,0,,8,0.5,27,62,-35,-1.25,-1.05,0,0,5,0,0,1,1,,,0,62,2.21,168,106,63.1,3,5,20,2,7.1,5,5,0,0,0.0
ENG-Premier League,2324,Burnley,Jay Rodriguez,ENG,FW,34,1989,21,7,822,9.1,2,1,3,1,1,1,0,0,0.22,0.11,0.33,0.11,0.22,9.1,2,22,8,36.4,2.41,0.88,0.09,0.25,1,1,39,24.0,7,80,4,14,19,14,0.62,11,18,-7,-0.77,0.27,0,18,6,7,2,1,9,,,0,,,,,,,,,,,,,,,
ENG-Premier League,2324,Burnley,Jordan Beyer,GER,DF,23,2000,15,15,1234,13.7,0,1,1,0,0,0,6,0,0.0,0.07,0.07,0.0,0.07,13.7,0,5,0,0.0,0.36,0.0,0.0,,0,0,82,36.1,15,82,10,0,,0,0.73,14,23,-9,-0.66,0.5,0,11,6,0,0,17,19,,,0,,,,,,,,,,,,,,,
ENG-Premier League,2324,Burnley,Josh Brownhill,ENG,MF,27,1995,33,23,2252,25.0,4,2,6,4,0,0,4,1,0.16,0.08,0.24,0.16,0.24,25.0,4,28,11,39.3,1.12,0.44,0.14,0.36,0,0,68,65.8,23,87,18,10,26,4,0.67,27,52,-25,-1.0,-0.07,0,38,25,2,57,33,35,,,0,,,,,,,,,,,,,,,
ENG-Premier League,2324,Burnley,Josh Cullen,IRL,MF,27,1996,25,23,2057,22.9,2,3,5,2,0,0,9,0,0.09,0.13,0.22,0.09,0.22,22.9,2,16,5,31.3,0.7,0.22,0.13,0.4,0,0,82,60.1,23,87,18,2,30,8,0.64,25,48,-23,-1.01,-0.08,0,24,49,1,26,14,26,,,0,,,,,,,,,,,,,,,
ENG-Premier League,2324,Burnley,Jóhann Berg Guðmundsson,ISL,MF,32,1990,26,12,1192,13.2,1,3,4,1,0,0,2,0,0.08,0.23,0.3,0.08,0.3,13.2,1,15,6,40.0,1.13,0.45,0.07,0.17,0,0,46,34.9,12,68,1,14,27,5,0.5,20,25,-5,-0.38,0.92,0,9,20,2,70,15,4,,,0,,,,,,,,,,,,,,,
ENG-Premier League,2324,Burnley,Lorenz Assignon,TOG,DF,23,2000,15,15,1234,13.7,1,2,3,1,0,0,5,1,0.07,0.15,0.22,0.07,0.22,13.7,1,9,4,44.4,0.66,0.29,0.11,0.25,0,0,82,36.1,15,82,10,0,,0,0.73,14,30,-16,-1.17,-0.3,1,33,16,2,28,17,17,,,0,,,,,,,,,,,,,,,
ENG-Premier League,2324,Burnley,Luca Koleosho,ITA,"MF,FW",18,2004,15,13,974,10.8,1,1,2,1,0,0,0,0,0.09,0.09,0.18,0.09,0.18,10.8,1,23,5,21.7,2.13,0.46,0.04,0.2,0,0,65,28.5,13,69,0,2,38,0,0.47,11,23,-12,-1.11,-0.19,0,18,13,8,23,2,5,,,0,,,,,,,,,,,,,,,
ENG-Premier League,2324,Burnley,Lyle Foster,RSA,"FW,MF",22,2000,24,22,1899,21.1,5,3,8,5,0,0,0,1,0.24,0.14,0.38,0.24,0.38,21.1,5,34,17,50.0,1.61,0.81,0.15,0.29,0,0,79,55.5,22,84,10,2,24,0,0.79,22,43,-21,-1.0,-0.05,0,24,11,13,3,1,10,,,0,,,,,,,,,,,,,,,
ENG-Premier League,2324,Burnley,Maxime Estève,FRA,DF,21,2002,16,15,1309,14.5,0,0,0,0,0,0,6,0,0.0,0.0,0.0,0.0,0.0,14.5,0,7,0,0.0,0.48,0.0,0.0,,0,0,82,38.3,15,84,12,1,45,0,0.75,18,28,-10,-0.69,0.46,0,25,16,0,5,28,11,,,0,,,,,,,,,,,,,,,
ENG-Premier League,2324,Burnley,Michael Obafemi,IRL,FW,23,2000,2,0,20,0.2,0,0,0,0,0,0,0,0,0.0,0.0,0.0,0.0,0.0,0.2,0,2,0,0.0,9.0,0.0,0.0,,0,0,10,0.6,0,,0,2,10,4,1.5,1,0,1,4.5,5.51,0,0,0,0,0,0,0,,,0,,,,,,,,,,,,,,,
ENG-Premier League,2324,Burnley,Mike Trésor,BEL,"MF,FW",24,1999,16,3,420,4.7,0,0,0,0,0,0,0,0,0.0,0.0,0.0,0.0,0.0,4.7,0,5,0,0.0,1.07,0.0,0.0,,0,0,26,12.3,3,62,0,13,18,9,0.63,4,10,-6,-1.29,-0.36,0,0,3,2,31,1,6,,,0,,,,,,,,,,,,,,,
ENG-Premier League,2324,Burnley,Nathan Redmond,ENG,"FW,MF",29,1994,12,0,142,1.6,0,0,0,0,0,0,1,0,0.0,0.0,0.0,0.0,0.0,1.6,0,0,0,,0.0,0.0,,,0,0,12,4.2,0,,0,12,12,3,0.58,2,5,-3,-1.9,-0.97,0,4,2,2,3,0,1,,,0,,,,,,,,,,,,,,,
ENG-Premier League,2324,Burnley,Sander Berge,NOR,MF,25,1998,37,34,3005,33.4,1,2,3,1,0,0,10,1,0.03,0.06,0.09,0.03,0.09,33.4,1,25,3,12.0,0.75,0.09,0.04,0.33,0,0,81,87.9,34,86,28,3,26,0,0.62,36,69,-33,-0.99,-0.12,1,40,19,1,12,24,47,,,0,,,,,,,,,,,,,,,
ENG-Premier League,2324,Burnley,Vitinho,BRA,"DF,MF",24,1999,32,26,2314,25.7,0,2,2,0,0,0,1,0,0.0,0.08,0.08,0.0,0.08,25.7,0,25,4,16.0,0.97,0.16,0.0,0.0,0,0,72,67.7,26,85,16,6,20,2,0.63,31,43,-12,-0.47,1.57,0,27,28,6,55,9,34,,,0,,,,,,,,,,,,,,,
ENG-Premier League,2324,Burnley,Wilson Odobert,FRA,"MF,FW",18,2004,29,25,2098,23.3,3,2,5,3,0,0,3,0,0.13,0.09,0.21,0.13,0.21,23.3,3,49,14,28.6,2.1,0.6,0.06,0.21,0,0,72,61.3,25,82,11,4,10,4,0.59,25,48,-23,-0.99,-0.03,0,9,19,1,35,6,13,,,0,,,,,,,,,,,,,,,
ENG-Premier League,2324,Burnley,Zeki Amdouni,SUI,FW,22,2000,34,27,1953,21.7,5,1,6,4,1,1,2,0,0.23,0.05,0.28,0.18,0.23,21.7,5,49,22,44.9,2.26,1.01,0.1,0.23,1,1,57,57.1,27,69,2,7,14,4,0.62,20,41,-21,-0.97,0.01,0,22,39,2,7,10,19,,,0,,,,,,,,,,,,,,,
ENG-Premier League,2324,Chelsea,Alex Matos,ENG,MF,18,2004,1,0,1,0.0,0,0,0,0,0,0,0,0,0.0,0.0,0.0,0.0,0.0,0.0,0,0,0,,0.0,0.0,,,0,0,1,0.0,0,,0,1,1,12,3.0,0,0,0,0.0,-0.37,0,0,0,0,0,0,0,,,0,,,,,,,,,,,,,,,
ENG-Premier League,2324,Chelsea,Alfie Gilchrist,ENG,DF,19,2003,11,2,207,2.3,1,0,1,1,0,0,1,0,0.43,0.0,0.43,0.43,0.43,2.3,1,5,1,20.0,2.17,0.43,0.2,1.0,0,0,19,6.1,2,81,0,9,5,14,2.27,8,6,2,0.87,0.53,0,4,0,0,1,3,0,,,0,,,,,,,,,,,,,,,
ENG-Premier League,2324,Chelsea,Armando Broja,ALB,FW,21,2001,13,6,454,5.0,1,0,1,1,0,0,0,0,0.2,0.0,0.2,0.2,0.2,5.0,1,13,2,15.4,2.58,0.4,0.08,0.5,0,0,35,13.3,6,60,0,7,14,1,1.69,8,5,3,0.59,0.26,0,4,8,6,1,0,0,,,0,,,,,,,,,,,,,,,
ENG-Premier League,2324,Chelsea,Axel Disasi,FRA,DF,25,1998,31,29,2579,28.7,2,0,2,2,0,0,6,0,0.07,0.0,0.07,0.07,0.07,28.7,2,16,4,25.0,0.56,0.14,0.13,0.5,0,0,83,75.4,29,89,27,2,5,4,1.52,50,50,0,0.0,-1.5,0,17,17,4,10,17,19,,,1,,,,,,,,,,,,,,,
ENG-Premier League,2324,Chelsea,Ben Chilwell,ENG,"MF,DF",26,1996,13,9,756,8.4,0,1,1,0,0,0,5,0,0.0,0.12,0.12,0.0,0.12,8.4,0,12,4,33.3,1.43,0.48,0.0,0.0,0,0,58,22.1,9,77,3,4,17,1,1.23,13,14,-1,-0.12,-0.63,0,11,12,4,43,4,10,,,0,,,,,,,,,,,,,,,
ENG-Premier League,2324,Chelsea,Benoît Badiashile,FRA,DF,22,2001,18,15,1338,14.9,0,1,1,0,0,0,3,0,0.0,0.07,0.07,0.0,0.07,14.9,0,6,1,16.7,0.4,0.07,0.0,0.0,0,0,74,39.1,15,88,13,3,7,7,1.67,31,30,1,0.07,-0.49,0,17,6,1,2,18,15,,,1,,,,,,,,,,,,,,,
ENG-Premier League,2324,Chelsea,Carney Chukwuemeka,AUT,MF,19,2003,9,2,227,2.5,1,1,2,1,0,0,2,0,0.4,0.4,0.79,0.4,0.79,2.5,1,3,2,66.7,1.19,0.79,0.33,0.5,0,0,25,6.6,2,63,0,7,15,4,1.56,7,5,2,0.79,0.45,0,3,2,0,1,0,4,,,0,,,,,,,,,,,,,,,
ENG-Premier League,2324,Chelsea,Cesare Casadei,ITA,MF,20,2003,11,0,79,0.9,0,0,0,0,0,0,0,0,0.0,0.0,0.0,0.0,0.0,0.9,0,0,0,,0.0,0.0,,,0,0,7,2.3,0,,0,11,7,6,1.91,2,2,0,0.0,-0.38,0,4,1,0,0,0,3,,,0,,,,,,,,,,,,,,,
ENG-Premier League,2324,Chelsea,Christopher Nkunku,FRA,"MF,FW",25,1997,11,2,443,4.9,3,0,3,3,0,0,0,0,0.61,0.0,0.61,0.61,0.61,4.9,3,16,9,56.3,3.25,1.83,0.19,0.33,0,0,40,13.0,2,71,0,9,34,1,2.0,12,12,0,0.0,-0.42,0,8,7,3,4,2,4,,,0,,,,,,,,,,,,,,,
ENG-Premier League,2324,Chelsea,Cole Palmer,ENG,"MF,FW",21,2002,33,29,2607,29.0,22,11,33,13,9,9,7,0,0.76,0.38,1.14,0.45,0.83,29.0,22,108,46,42.6,3.73,1.59,0.2,0.48,9,9,79,76.2,29,86,14,4,26,0,1.7,66,46,20,0.69,1.35,0,23,26,6,81,19,12,,,0,,,,,,,,,,,,,,,
ENG-Premier League,2324,Chelsea,Conor Gallagher,ENG,MF,23,2000,37,37,3128,34.8,5,7,12,5,0,0,9,1,0.14,0.2,0.35,0.14,0.35,34.8,5,48,18,37.5,1.38,0.52,0.1,0.28,0,0,85,91.5,37,85,28,0,,0,1.7,69,54,15,0.43,0.74,1,83,64,1,64,40,49,,,0,,,,,,,,,,,,,,,
ENG-Premier League,2324,Chelsea,Deivid Washington,BRA,FW,18,2005,2,0,13,0.1,0,0,0,0,0,0,0,0,0.0,0.0,0.0,0.0,0.0,0.1,0,1,0,0.0,6.92,0.0,0.0,,0,0,7,0.4,0,,0,2,7,17,1.5,1,1,0,0.0,-0.37,0,0,0,0,0,0,1,,,0,,,,,,,,,,,,,,,
ENG-Premier League,2324,Chelsea,Enzo Fernández,ARG,MF,22,2001,28,26,2209,24.5,3,2,5,2,1,2,7,0,0.12,0.08,0.2,0.08,0.16,24.5,3,47,16,34.0,1.91,0.65,0.06,0.19,1,2,79,64.6,26,84,18,2,16,0,1.46,41,47,-6,-0.24,-1.73,0,32,31,4,45,17,24,,,0,,,,,,,,,,,,,,,
ENG-Premier League,2324,Chelsea,Ian Maatsen,NED,MF,21,2002,12,1,209,2.3,0,0,0,0,0,0,1,0,0.0,0.0,0.0,0.0,0.0,2.3,0,5,1,20.0,2.15,0.43,0.0,0.0,0,0,17,6.1,1,57,0,11,14,8,1.67,2,5,-3,-1.29,-1.77,0,5,1,0,8,3,2,,,0,,,,,,,,,,,,,,,
ENG-Premier League,2324,Chelsea,Jimi Tauriainen,ENG,FW,19,2004,1,0,1,0.0,0,0,0,0,0,0,0,0,0.0,0.0,0.0,0.0,0.0,0.0,0,0,0,,0.0,0.0,,,0,0,1,0.0,0,,0,1,1,4,3.0,0,0,0,0.0,-0.37,0,0,0,0,0,0,0,,,0,,,,,,,,,,,,,,,
ENG-Premier League,2324,Chelsea,Joshua Acheampong,ENG,DF,17,2006,1,0,6,0.1,0,0,0,0,0,0,0,0,0.0,0.0,0.0,0.0,0.0,0.1,0,0,0,,0.0,0.0,,,0,0,6,0.2,0,,0,1,6,3,3.0,0,0,0,0.0,-0.37,0,0,0,0,0,0,0,,,0,,,,,,,,,,,,,,,
ENG-Premier League,2324,Chelsea,Lesley Ugochukwu,FRA,MF,19,2004,12,3,301,3.3,0,0,0,0,0,0,2,0,0.0,0.0,0.0,0.0,0.0,3.3,0,0,0,,0.0,0.0,,,0,0,25,8.8,3,72,1,9,9,5,1.5,3,6,-3,-0.9,-1.39,0,4,2,0,0,1,10,,,0,,,,,,,,,,,,,,,
ENG-Premier League,2324,Chelsea,Levi Colwill,ENG,DF,20,2003,23,20,1797,20.0,1,1,2,1,0,0,2,0,0.05,0.05,0.1,0.05,0.1,20.0,1,11,3,27.3,0.55,0.15,0.09,0.33,0,0,78,52.5,20,84,15,3,37,4,1.52,29,26,3,0.15,-0.46,0,25,14,4,12,25,33,,,0,,,,,,,,,,,,,,,
ENG-Premier League,2324,Chelsea,Malo Gusto,FRA,"DF,MF",20,2003,27,19,1751,19.5,0,6,6,0,0,0,7,1,0.0,0.31,0.31,0.0,0.31,19.5,0,15,5,33.3,0.77,0.26,0.0,0.0,0,0,65,51.2,19,83,8,8,21,1,1.81,38,27,11,0.57,0.4,0,22,29,6,64,17,29,,,0,,,,,,,,,,,,,,,
ENG-Premier League,2324,Chelsea,Marc Cucurella,ESP,DF,25,1998,21,20,1782,19.8,0,2,2,0,0,0,10,0,0.0,0.1,0.1,0.0,0.1,19.8,0,8,4,50.0,0.4,0.2,0.0,0.0,0,0,85,52.1,20,87,16,1,45,6,1.81,50,33,17,0.86,1.02,0,23,35,1,17,21,39,,,1,,,,,,,,,,,,,,,
ENG-Premier League,2324,Chelsea,Mason Burstow,ENG,FW,19,2003,2,0,9,0.1,0,0,0,0,0,0,0,0,0.0,0.0,0.0,0.0,0.0,0.1,0,0,0,,0.0,0.0,,,0,0,5,0.3,0,,0,2,5,1,1.5,0,1,-1,-10.0,-10.4,0,0,0,0,0,0,0,,,0,,,,,,,,,,,,,,,
ENG-Premier League,2324,Chelsea,Moisés Caicedo,ECU,MF,21,2001,35,33,2866,31.8,1,3,4,1,0,0,11,0,0.03,0.09,0.13,0.03,0.13,31.8,1,13,4,30.8,0.41,0.13,0.08,0.25,0,0,82,83.8,33,85,23,2,26,0,1.74,67,51,16,0.5,0.83,0,49,49,0,10,34,46,,,0,,,,,,,,,,,,,,,
ENG-Premier League,2324,Chelsea,Mykhailo Mudryk,UKR,MF,22,2001,31,18,1576,17.5,5,2,7,5,0,0,5,0,0.29,0.11,0.4,0.29,0.4,17.5,5,35,12,34.3,2.0,0.69,0.14,0.42,0,0,51,46.1,18,71,2,13,23,4,1.52,40,28,12,0.69,0.59,0,22,27,1,79,9,13,,,0,,,,,,,,,,,,,,,
ENG-Premier League,2324,Chelsea,Nicolas Jackson,SEN,FW,22,2001,35,31,2799,31.1,14,5,19,14,0,0,10,0,0.45,0.16,0.61,0.45,0.61,31.1,14,80,41,51.3,2.57,1.32,0.18,0.34,0,0,80,81.8,31,86,17,4,31,0,1.63,64,47,17,0.55,0.98,0,29,40,28,6,4,14,,,0,,,,,,,,,,,,,,,
ENG-Premier League,2324,Chelsea,Noni Madueke,ENG,MF,21,2002,23,13,1053,11.7,5,2,7,4,1,1,2,0,0.43,0.17,0.6,0.34,0.51,11.7,5,32,13,40.6,2.74,1.11,0.16,0.38,1,1,46,30.8,13,70,2,10,14,10,1.74,28,18,10,0.85,0.7,0,8,19,3,22,4,11,,,0,,,,,,,,,,,,,,,
ENG-Premier League,2324,Chelsea,Raheem Sterling,ENG,MF,28,1994,31,22,1978,22.0,8,4,12,8,0,0,7,0,0.36,0.18,0.55,0.36,0.55,22.0,8,51,22,43.1,2.32,1.0,0.16,0.36,0,0,64,57.8,22,82,9,9,20,3,1.48,41,39,2,0.09,-0.66,0,35,41,10,59,10,9,,,0,,,,,,,,,,,,,,,
ENG-Premier League,2324,Chelsea,Reece James,ENG,"DF,MF",23,1999,10,5,419,4.7,0,2,2,0,0,0,2,2,0.0,0.43,0.43,0.0,0.43,4.7,0,7,1,14.3,1.5,0.21,0.0,0.0,0,0,42,12.3,5,62,0,5,21,0,1.2,8,10,-2,-0.43,-0.91,1,4,5,2,28,3,9,,,0,,,,,,,,,,,,,,,
ENG-Premier League,2324,Chelsea,Robert Sánchez,ESP,GK,25,1997,16,16,1433,15.9,0,0,0,0,0,0,2,0,0.0,0.0,0.0,0.0,0.0,15.9,0,0,0,,0.0,0.0,,,0,0,90,41.9,16,90,15,0,,2,1.19,26,25,1,0.06,-0.53,0,0,1,0,0,0,0,,,0,25,1.57,77,52,67.5,5,4,7,3,18.8,3,2,1,0,33.3
ENG-Premier League,2324,Chelsea,Roméo Lavia,BEL,MF,19,2004,1,0,33,0.4,0,0,0,0,0,0,0,0,0.0,0.0,0.0,0.0,0.0,0.4,0,0,0,,0.0,0.0,,,0,0,33,1.0,0,,0,1,33,1,3.0,1,0,1,2.73,2.38,0,1,1,0,0,0,0,,,0,,,,,,,,,,,,,,,
ENG-Premier League,2324,Chelsea,Thiago Silva,BRA,DF,38,1984,31,28,2527,28.1,3,1,4,3,0,0,4,0,0.11,0.04,0.14,0.11,0.14,28.1,3,14,4,28.6,0.5,0.14,0.21,0.75,0,0,82,73.9,28,89,25,3,15,5,1.65,58,45,13,0.46,0.36,0,10,7,1,4,25,15,,,0,,,,,,,,,,,,,,,
ENG-Premier League,2324,Chelsea,Trevoh Chalobah,ENG,DF,24,1999,13,10,952,10.6,1,0,1,1,0,0,1,0,0.09,0.0,0.09,0.09,0.09,10.6,1,2,2,100.0,0.19,0.19,0.5,0.5,0,0,73,27.8,10,89,9,3,20,1,2.15,31,14,17,1.61,1.72,0,3,3,0,0,8,12,,,0,,,,,,,,,,,,,,,
ENG-Premier League,2324,Chelsea,Đorđe Petrović,SRB,GK,23,1999,23,22,1987,22.1,0,0,0,0,0,0,2,0,0.0,0.0,0.0,0.0,0.0,22.1,0,0,0,,0.0,0.0,,,0,0,86,58.1,22,90,22,1,7,12,1.91,51,38,13,0.59,0.53,0,0,1,0,0,0,0,,,0,38,1.72,112,74,66.1,13,5,4,4,18.2,2,1,0,1,0.0
ENG-Premier League,2324,Crystal Palace,Adam Wharton,ENG,MF,19,2004,16,15,1297,14.4,0,3,3,0,0,0,2,0,0.0,0.21,0.21,0.0,0.21,14.4,0,10,1,10.0,0.69,0.07,0.0,0.0,0,0,81,37.9,15,82,6,1,63,0,1.56,27,16,11,0.76,1.27,0,18,21,0,25,18,31,,,0,,,,,,,,,,,,,,,
ENG-Premier League,2324,Crystal Palace,Cheick Doucouré,MLI,MF,23,2000,11,11,919,10.2,0,0,0,0,0,0,2,0,0.0,0.0,0.0,0.0,0.0,10.2,0,6,2,33.3,0.59,0.2,0.0,0.0,0,0,84,26.9,11,84,8,0,,1,1.27,9,11,-2,-0.2,-0.23,0,10,1,0,1,19,16,,,0,,,,,,,,,,,,,,,
ENG-Premier League,2324,Crystal Palace,Chris Richards,USA,"DF,MF",23,2000,26,23,2094,23.3,1,1,2,1,0,0,3,0,0.04,0.04,0.09,0.04,0.09,23.3,1,11,3,27.3,0.47,0.13,0.09,0.33,0,0,81,61.2,23,90,23,3,8,9,1.46,43,38,5,0.21,0.62,0,12,6,1,1,24,27,,,0,,,,,,,,,,,,,,,
ENG-Premier League,2324,Crystal Palace,Daniel Muñoz,COL,"MF,DF",27,1996,16,16,1439,16.0,0,4,4,0,0,0,4,0,0.0,0.25,0.25,0.0,0.25,16.0,0,8,0,0.0,0.5,0.0,0.0,,0,0,90,42.1,16,90,15,0,,0,1.56,32,22,10,0.63,1.13,0,29,8,8,10,23,36,,,0,,,,,,,,,,,,,,,
ENG-Premier League,2324,Crystal Palace,David Ozoh,ENG,MF,18,2005,9,0,156,1.7,0,0,0,0,0,0,1,0,0.0,0.0,0.0,0.0,0.0,1.7,0,0,0,,0.0,0.0,,,0,0,17,4.6,0,,0,9,17,15,1.0,2,5,-3,-1.73,-1.79,0,2,0,0,0,0,6,,,0,,,,,,,,,,,,,,,
ENG-Premier League,2324,Crystal Palace,Dean Henderson,ENG,GK,26,1997,18,18,1620,18.0,0,0,0,0,0,0,2,0,0.0,0.0,0.0,0.0,0.0,18.0,0,0,0,,0.0,0.0,,,0,0,90,47.4,18,90,18,0,,7,1.56,36,30,6,0.33,0.68,0,0,2,0,0,0,1,,,1,30,1.67,87,57,65.5,8,4,6,2,11.1,1,1,0,0,0.0
ENG-Premier League,2324,Crystal Palace,Eberechi Eze,ENG,"MF,FW",25,1998,27,24,2055,22.8,11,4,15,10,1,1,3,0,0.48,0.18,0.66,0.44,0.61,22.8,11,83,34,41.0,3.64,1.49,0.13,0.32,1,1,76,60.1,24,83,12,3,18,0,1.56,41,28,13,0.57,1.49,0,27,48,11,109,11,17,,,0,,,,,,,,,,,,,,,
ENG-Premier League,2324,Crystal Palace,James Tomkins,ENG,"DF,MF",34,1989,4,0,10,0.1,0,0,0,0,0,0,0,0,0.0,0.0,0.0,0.0,0.0,0.1,0,0,0,,0.0,0.0,,,0,0,3,0.3,0,,0,4,3,24,2.25,0,2,-2,-18.0,-18.03,0,0,0,0,0,0,0,,,0,,,,,,,,,,,,,,,
ENG-Premier League,2324,Crystal Palace,Jaïro Riedewald,NED,MF,26,1996,9,2,235,2.6,0,0,0,0,0,0,0,0,0.0,0.0,0.0,0.0,0.0,2.6,0,1,0,0.0,0.38,0.0,0.0,,0,0,26,6.9,2,77,0,7,12,20,2.33,2,3,-1,-0.38,-0.38,0,3,2,0,3,2,3,,,0,,,,,,,,,,,,,,,
ENG-Premier League,2324,Crystal Palace,Jean-Philippe Mateta,FRA,FW,26,1997,35,25,2282,25.4,16,5,21,14,2,2,3,0,0.63,0.2,0.83,0.55,0.75,25.4,16,46,29,63.0,1.81,1.14,0.35,0.55,2,2,65,66.7,25,83,13,10,21,2,1.23,46,44,2,0.08,0.32,0,35,22,24,20,4,16,,,0,,,,,,,,,,,,,,,
ENG-Premier League,2324,Crystal Palace,Jefferson Lerma,COL,"MF,DF",28,1994,28,27,2400,26.7,1,1,2,1,0,0,8,0,0.04,0.04,0.07,0.04,0.07,26.7,1,34,9,26.5,1.27,0.34,0.03,0.11,0,0,86,70.2,27,88,22,1,15,0,1.07,32,46,-14,-0.52,-1.67,0,43,25,4,15,36,25,,,0,,,,,,,,,,,,,,,
ENG-Premier League,2324,Crystal Palace,Jeffrey Schlupp,GHA,"MF,FW",30,1992,29,17,1352,15.0,2,2,4,2,0,0,1,0,0.13,0.13,0.27,0.13,0.27,15.0,2,19,11,57.9,1.26,0.73,0.11,0.18,0,0,47,39.5,17,70,2,12,14,3,1.34,12,25,-13,-0.87,-1.39,0,24,15,0,11,7,21,,,0,,,,,,,,,,,,,,,
ENG-Premier League,2324,Crystal Palace,Jesurun Rak Sakyi,GHA,"FW,MF",20,2002,6,0,136,1.5,0,0,0,0,0,0,0,0,0.0,0.0,0.0,0.0,0.0,1.5,0,5,1,20.0,3.31,0.66,0.0,0.0,0,0,23,4.0,0,,0,6,23,7,0.33,1,3,-2,-1.32,-1.35,0,1,5,0,3,3,1,,,0,,,,,,,,,,,,,,,
ENG-Premier League,2324,Crystal Palace,Joachim Andersen,DEN,DF,27,1996,38,38,3415,37.9,2,3,5,2,0,0,7,0,0.05,0.08,0.13,0.05,0.13,37.9,2,21,8,38.1,0.55,0.21,0.1,0.25,0,0,90,99.9,38,90,36,0,,0,1.29,57,58,-1,-0.03,-0.03,0,43,24,1,32,42,36,,,0,,,,,,,,,,,,,,,
ENG-Premier League,2324,Crystal Palace,Joel Ward,ENG,DF,33,1989,26,23,1980,22.0,0,1,1,0,0,0,4,0,0.0,0.05,0.05,0.0,0.05,22.0,0,10,0,0.0,0.45,0.0,0.0,,0,0,76,57.9,23,85,19,3,6,5,1.19,23,34,-11,-0.5,-1.12,0,22,6,0,22,13,28,,,1,,,,,,,,,,,,,,,
ENG-Premier League,2324,Crystal Palace,Jordan Ayew,GHA,"MF,FW",31,1991,35,30,2543,28.3,4,7,11,4,0,0,9,1,0.14,0.25,0.39,0.14,0.39,28.3,4,48,20,41.7,1.7,0.71,0.08,0.2,0,0,73,74.4,30,82,17,5,19,1,1.29,33,37,-4,-0.14,-0.45,1,47,93,7,97,17,37,,,0,,,,,,,,,,,,,,,
ENG-Premier League,2324,Crystal Palace,Marc Guéhi,ENG,DF,23,2000,25,23,2021,22.5,0,1,1,0,0,0,2,0,0.0,0.04,0.04,0.0,0.04,22.5,0,5,0,0.0,0.22,0.0,0.0,,0,0,81,59.1,23,86,19,2,17,0,1.32,30,32,-2,-0.09,-0.15,0,14,26,0,3,15,16,,,0,,,,,,,,,,,,,,,
ENG-Premier League,2324,Crystal Palace,Matheus França,BRA,MF,19,2004,10,1,232,2.6,0,1,1,0,0,0,1,0,0.0,0.39,0.39,0.0,0.39,2.6,0,8,2,25.0,3.1,0.78,0.0,0.0,0,0,23,6.8,1,83,0,9,17,9,0.7,7,7,0,0.0,0.03,0,5,2,2,14,1,3,,,0,,,,,,,,,,,,,,,
ENG-Premier League,2324,Crystal Palace,Michael Olise,FRA,"MF,FW",21,2001,19,14,1275,14.2,10,6,16,9,1,1,0,0,0.71,0.42,1.13,0.64,1.06,14.2,10,57,21,36.8,4.02,1.48,0.18,0.48,1,1,67,37.3,14,85,9,5,18,0,1.47,34,19,15,1.06,1.73,0,13,43,2,95,9,10,,,0,,,,,,,,,,,,,,,
ENG-Premier League,2324,Crystal Palace,Naouirou Ahamada,FRA,MF,21,2002,20,0,349,3.9,0,0,0,0,0,0,4,1,0.0,0.0,0.0,0.0,0.0,3.9,0,9,2,22.2,2.32,0.52,0.0,0.0,0,0,17,10.2,0,,0,20,17,14,0.85,13,14,-1,-0.26,-0.26,1,9,6,1,6,2,9,,,0,,,,,,,,,,,,,,,
ENG-Premier League,2324,Crystal Palace,Nathaniel Clyne,ENG,DF,32,1991,19,14,1338,14.9,0,0,0,0,0,0,0,0,0.0,0.0,0.0,0.0,0.0,14.9,0,4,0,0.0,0.27,0.0,0.0,,0,0,70,39.1,14,87,10,5,24,18,1.53,31,16,15,1.01,1.7,0,6,3,0,9,9,15,,,0,,,,,,,,,,,,,,,
ENG-Premier League,2324,Crystal Palace,Odsonne Édouard,FRA,"FW,MF",25,1998,30,17,1555,17.3,7,0,7,7,0,0,4,0,0.41,0.0,0.41,0.41,0.41,17.3,7,51,19,37.3,2.95,1.1,0.14,0.37,0,0,52,45.5,17,81,5,13,14,3,1.23,14,24,-10,-0.58,-1.01,0,31,22,9,10,5,12,,,0,,,,,,,,,,,,,,,
ENG-Premier League,2324,Crystal Palace,Remi Matthews,ENG,GK,29,1994,1,0,4,0.0,0,0,0,0,0,0,0,0,0.0,0.0,0.0,0.0,0.0,0.0,0,0,0,,0.0,0.0,,,0,0,4,0.1,0,,0,1,4,28,0.0,0,1,-1,-22.5,-22.5,0,0,0,0,0,0,0,,,0,1,22.5,1,0,0.0,0,0,0,0,,0,0,0,0,
ENG-Premier League,2324,Crystal Palace,Sam Johnstone,ENG,GK,30,1993,20,20,1796,20.0,0,0,0,0,0,0,1,0,0.0,0.0,0.0,0.0,0.0,20.0,0,0,0,,0.0,0.0,,,0,0,90,52.5,20,90,19,0,,4,1.05,21,27,-6,-0.3,-0.58,0,1,0,0,0,1,0,,,0,27,1.35,68,41,60.3,5,6,9,6,30.0,2,2,0,0,0.0
ENG-Premier League,2324,Crystal Palace,Tyrick Mitchell,ENG,"DF,MF",23,1999,37,37,3204,35.6,2,3,5,2,0,0,6,0,0.06,0.08,0.14,0.06,0.14,35.6,2,12,4,33.3,0.34,0.11,0.17,0.5,0,0,87,93.7,37,87,31,0,,0,1.32,52,55,-3,-0.08,-0.92,0,22,16,1,69,24,59,,,0,,,,,,,,,,,,,,,
ENG-Premier League,2324,Crystal Palace,Will Hughes,ENG,MF,28,1995,30,23,1891,21.0,0,1,1,0,0,0,6,0,0.0,0.05,0.05,0.0,0.05,21.0,0,8,3,37.5,0.38,0.14,0.0,0.0,0,0,63,55.3,23,78,8,7,15,1,1.23,29,37,-8,-0.38,-0.79,0,39,30,1,30,18,33,,,0,,,,,,,,,,,,,,,
ENG-Premier League,2324,Everton,Abdoulaye Doucouré,MLI,MF,30,1993,32,32,2629,29.2,7,1,8,7,0,0,7,0,0.24,0.03,0.27,0.24,0.27,29.2,7,47,23,48.9,1.61,0.79,0.15,0.3,0,0,82,76.9,32,82,17,0,,0,1.44,33,35,-2,-0.07,0.96,0,53,8,21,26,16,28,,,0,,,,,,,,,,,,,,,
ENG-Premier League,2324,Everton,Alex Iwobi,NGA,MF,27,1996,2,2,140,1.6,0,0,0,0,0,0,0,0,0.0,0.0,0.0,0.0,0.0,1.6,0,4,2,50.0,2.57,1.29,0.0,0.0,0,0,70,4.1,2,70,1,0,,0,0.0,0,4,-4,-2.57,-2.38,0,0,0,3,10,1,0,,,0,,,,,,,,,,,,,,,
ENG-Premier League,2324,Everton,Amadou Onana,BEL,MF,21,2001,30,23,2091,23.2,2,0,2,2,0,0,5,0,0.09,0.0,0.09,0.09,0.09,23.2,2,29,6,20.7,1.25,0.26,0.07,0.33,0,0,70,61.1,23,83,16,7,27,1,1.1,21,37,-16,-0.69,-1.03,0,37,45,1,3,19,39,,,0,,,,,,,,,,,,,,,
ENG-Premier League,2324,Everton,André Gomes,POR,MF,30,1993,12,3,508,5.6,1,0,1,1,0,0,4,0,0.18,0.0,0.18,0.18,0.18,5.6,1,8,4,50.0,1.42,0.71,0.13,0.25,0,0,42,14.9,3,73,1,9,32,4,0.92,6,7,-1,-0.18,0.13,0,17,5,0,27,3,4,,,0,,,,,,,,,,,,,,,
ENG-Premier League,2324,Everton,Arnaut Danjuma,NED,"MF,FW",26,1997,14,5,595,6.6,1,0,1,1,0,0,0,0,0.15,0.0,0.15,0.15,0.15,6.6,1,25,9,36.0,3.78,1.36,0.04,0.11,0,0,43,17.4,5,84,2,9,19,14,0.43,3,10,-7,-1.06,-0.93,0,6,5,3,10,3,4,,,0,,,,,,,,,,,,,,,
ENG-Premier League,2324,Everton,Ashley Young,ENG,"DF,MF",38,1985,31,27,2280,25.3,0,0,0,0,0,0,7,1,0.0,0.0,0.0,0.0,0.0,25.3,0,13,2,15.4,0.51,0.08,0.0,0.0,0,0,74,66.7,27,81,14,4,21,1,1.32,28,33,-5,-0.2,0.28,1,33,24,1,98,22,36,,,1,,,,,,,,,,,,,,,
ENG-Premier League,2324,Everton,Ben Godfrey,ENG,DF,25,1998,15,13,1120,12.4,0,0,0,0,0,0,2,0,0.0,0.0,0.0,0.0,0.0,12.4,0,15,4,26.7,1.21,0.32,0.0,0.0,0,0,75,32.7,13,86,10,2,1,23,1.07,12,13,-1,-0.08,0.31,0,8,6,2,21,16,21,,,0,,,,,,,,,,,,,,,
ENG-Premier League,2324,Everton,Beto,GNB,FW,25,1998,30,9,951,10.6,3,0,3,3,0,1,2,0,0.28,0.0,0.28,0.28,0.28,10.6,3,43,13,30.2,4.07,1.23,0.07,0.23,0,1,32,27.8,9,72,2,21,15,2,1.2,16,20,-4,-0.38,-0.12,0,21,19,10,5,1,6,,,0,,,,,,,,,,,,,,,
ENG-Premier League,2324,Everton,Dominic Calvert-Lewin,ENG,FW,26,1997,32,26,2171,24.1,7,2,9,5,2,2,2,0,0.29,0.08,0.37,0.21,0.29,24.1,7,73,31,42.5,3.03,1.29,0.1,0.23,2,2,68,63.5,26,78,4,6,26,0,1.28,26,27,-1,-0.04,0.68,0,31,32,24,3,4,6,,,0,,,,,,,,,,,,,,,
ENG-Premier League,2324,Everton,Dwight McNeil,ENG,MF,23,1999,35,33,2892,32.1,3,6,9,3,0,0,2,0,0.09,0.19,0.28,0.09,0.28,32.1,3,57,15,26.3,1.77,0.47,0.05,0.2,0,0,83,84.6,33,86,24,2,22,0,1.37,37,38,-1,-0.03,1.67,0,18,33,4,229,20,27,,,0,,,,,,,,,,,,,,,
ENG-Premier League,2324,Everton,Idrissa Gueye,SEN,MF,33,1989,25,24,1884,20.9,4,0,4,4,0,0,8,0,0.19,0.0,0.19,0.19,0.19,20.9,4,26,7,26.9,1.24,0.33,0.15,0.57,0,0,75,55.1,24,77,12,1,45,3,1.36,23,26,-3,-0.14,0.33,0,35,31,0,10,28,41,,,0,,,,,,,,,,,,,,,
ENG-Premier League,2324,Everton,Jack Harrison,ENG,MF,26,1996,29,25,2214,24.6,3,3,6,3,0,0,1,0,0.12,0.12,0.24,0.12,0.24,24.6,3,34,9,26.5,1.38,0.37,0.09,0.33,0,0,76,64.7,25,84,17,4,31,1,1.38,27,25,2,0.08,1.05,0,20,31,1,82,11,22,,,0,,,,,,,,,,,,,,,
ENG-Premier League,2324,Everton,James Garner,ENG,MF,22,2001,37,34,3004,33.4,1,2,3,1,0,0,7,0,0.03,0.06,0.09,0.03,0.09,33.4,1,41,11,26.8,1.23,0.33,0.02,0.09,0,0,81,87.8,34,86,29,3,22,0,1.22,36,47,-11,-0.33,-0.33,0,39,43,3,113,46,42,,,0,,,,,,,,,,,,,,,
ENG-Premier League,2324,Everton,James Tarkowski,ENG,DF,30,1992,38,38,3419,38.0,1,1,2,1,0,0,11,0,0.03,0.03,0.05,0.03,0.05,38.0,1,25,5,20.0,0.66,0.13,0.04,0.2,0,0,90,100.0,38,90,37,0,,0,1.26,40,51,-11,-0.29,-0.29,0,45,25,1,6,55,42,,,0,,,,,,,,,,,,,,,
ENG-Premier League,2324,Everton,Jarrad Branthwaite,ENG,DF,21,2002,35,35,3116,34.6,3,0,3,3,0,0,8,0,0.09,0.0,0.09,0.09,0.09,34.6,3,14,4,28.6,0.4,0.12,0.21,0.75,0,0,89,91.1,35,89,34,0,,2,1.29,38,44,-6,-0.17,1.31,0,25,19,5,1,48,33,,,0,,,,,,,,,,,,,,,
ENG-Premier League,2324,Everton,Jordan Pickford,ENG,GK,29,1994,38,38,3420,38.0,0,0,0,0,0,0,5,0,0.0,0.0,0.0,0.0,0.0,38.0,0,0,0,,0.0,0.0,,,0,0,90,100.0,38,90,38,0,,0,1.26,40,51,-11,-0.29,,0,1,6,0,0,0,0,,,1,51,1.34,172,121,70.3,13,9,16,10,26.3,8,8,0,0,0.0
ENG-Premier League,2324,Everton,Lewis Dobbin,ENG,MF,20,2003,12,1,232,2.6,1,0,1,1,0,0,1,0,0.39,0.0,0.39,0.39,0.39,2.6,1,5,2,40.0,1.94,0.78,0.2,0.5,0,0,19,6.8,1,65,0,11,15,16,0.92,2,3,-1,-0.39,-0.11,0,3,6,0,6,1,7,,,0,,,,,,,,,,,,,,,
ENG-Premier League,2324,Everton,Lewis Warrington,ENG,MF,20,2002,1,0,1,0.0,0,0,0,0,0,0,0,0,0.0,0.0,0.0,0.0,0.0,0.0,0,0,0,,0.0,0.0,,,0,0,1,0.0,0,,0,1,1,7,3.0,0,0,0,0.0,0.29,0,0,0,0,0,0,0,,,0,,,,,,,,,,,,,,,
ENG-Premier League,2324,Everton,Michael Keane,ENG,DF,30,1993,9,4,439,4.9,1,0,1,1,0,0,2,0,0.21,0.0,0.21,0.21,0.21,4.9,1,6,4,66.7,1.23,0.82,0.17,0.25,0,0,49,12.8,4,83,3,5,21,26,0.67,2,13,-11,-2.26,-2.26,0,5,0,0,0,5,3,,,0,,,,,,,,,,,,,,,
ENG-Premier League,2324,Everton,Nathan Patterson,SCO,DF,21,2001,20,9,1005,11.2,0,2,2,0,0,0,4,0,0.0,0.18,0.18,0.0,0.18,11.2,0,4,0,0.0,0.36,0.0,0.0,,0,0,50,29.4,9,87,8,11,20,12,1.05,12,21,-9,-0.81,-0.73,0,18,5,1,32,11,25,,,0,,,,,,,,,,,,,,,
ENG-Premier League,2324,Everton,Neal Maupay,FRA,FW,26,1996,2,1,111,1.2,0,0,0,0,0,0,0,0,0.0,0.0,0.0,0.0,0.0,1.2,0,5,4,80.0,4.05,3.24,0.0,0.0,0,0,56,3.2,1,71,0,1,40,1,0.0,0,1,-1,-0.81,-0.54,0,1,0,2,0,0,0,,,0,,,,,,,,,,,,,,,
ENG-Premier League,2324,Everton,Séamus Coleman,IRL,DF,34,1988,12,7,665,7.4,0,0,0,0,0,0,0,0,0.0,0.0,0.0,0.0,0.0,7.4,0,0,0,,0.0,0.0,,,0,0,55,19.4,7,80,5,5,21,6,1.08,5,10,-5,-0.68,-0.48,0,6,5,0,12,7,14,,,1,,,,,,,,,,,,,,,
ENG-Premier League,2324,Everton,Tom Cannon,IRL,FW,20,2002,1,0,1,0.0,0,0,0,0,0,0,0,0,0.0,0.0,0.0,0.0,0.0,0.0,0,0,0,,0.0,0.0,,,0,0,1,0.0,0,,0,1,1,2,0.0,0,0,0,0.0,0.29,0,0,0,0,0,0,0,,,0,,,,,,,,,,,,,,,
ENG-Premier League,2324,Everton,Tyler Onyango,ENG,MF,20,2003,1,0,1,0.0,0,0,0,0,0,0,0,0,0.0,0.0,0.0,0.0,0.0,0.0,0,0,0,,0.0,0.0,,,0,0,1,0.0,0,,0,1,1,4,0.0,0,0,0,0.0,0.29,0,0,0,0,0,0,0,,,0,,,,,,,,,,,,,,,
ENG-Premier League,2324,Everton,Vitaliy Mykolenko,UKR,DF,24,1999,28,28,2469,27.4,2,0,2,2,0,0,1,0,0.07,0.0,0.07,0.07,0.07,27.4,2,26,5,19.2,0.95,0.18,0.08,0.4,0,0,88,72.2,28,88,25,0,,4,1.32,30,37,-7,-0.26,0.12,0,23,9,1,56,34,37,,,0,,,,,,,,,,,,,,,
ENG-Premier League,2324,Everton,Youssef Chermiti,POR,FW,19,2004,18,1,208,2.3,0,0,0,0,0,0,3,0,0.0,0.0,0.0,0.0,0.0,2.3,0,7,2,28.6,3.03,0.87,0.0,0.0,0,0,12,6.1,1,89,0,17,7,18,1.33,3,4,-1,-0.43,-0.15,0,11,4,6,0,1,2,,,0,,,,,,,,,,,,,,,
ENG-Premier League,2324,Fulham,Adama Traoré,ESP,MF,27,1996,17,1,377,4.2,2,3,5,2,0,0,2,0,0.48,0.72,1.19,0.48,1.19,4.2,2,11,7,63.6,2.63,1.67,0.18,0.29,0,0,22,11.0,1,78,0,16,19,2,1.06,11,13,-2,-0.48,-0.36,0,5,4,0,26,1,3,,,0,,,,,,,,,,,,,,,
ENG-Premier League,2324,Fulham,Aleksandar Mitrović,SRB,FW,28,1994,1,0,33,0.4,0,0,0,0,0,0,0,0,0.0,0.0,0.0,0.0,0.0,0.4,0,2,1,50.0,5.45,2.73,0.0,0.0,0,0,33,1.0,0,,0,1,33,0,3.0,1,0,1,2.73,2.91,0,0,0,0,0,0,0,,,0,,,,,,,,,,,,,,,
ENG-Premier League,2324,Fulham,Alex Iwobi,NGA,MF,27,1996,30,25,2192,24.4,5,2,7,5,0,0,2,0,0.21,0.08,0.29,0.21,0.29,24.4,5,51,18,35.3,2.09,0.74,0.1,0.28,0,0,73,64.1,25,81,9,5,34,0,1.27,38,38,0,0.0,0.44,0,12,5,5,62,15,16,,,0,,,,,,,,,,,,,,,
ENG-Premier League,2324,Fulham,Andreas Pereira,BRA,MF,27,1996,37,34,2613,29.0,3,7,10,3,0,0,6,0,0.1,0.24,0.34,0.1,0.34,29.0,3,52,16,30.8,1.79,0.55,0.06,0.19,0,0,71,76.4,34,74,5,3,28,1,1.19,39,40,-1,-0.03,0.52,0,22,26,3,219,4,13,,,0,,,,,,,,,,,,,,,
ENG-Premier League,2324,Fulham,Antonee Robinson,USA,DF,25,1997,37,37,3265,36.3,0,6,6,0,0,0,6,0,0.0,0.17,0.17,0.0,0.17,36.3,0,16,7,43.8,0.44,0.19,0.0,0.0,0,0,88,95.5,37,88,32,0,,0,1.19,52,60,-8,-0.22,-1.38,0,34,20,3,133,81,56,,,2,,,,,,,,,,,,,,,
ENG-Premier League,2324,Fulham,Armando Broja,ALB,FW,21,2001,8,0,88,1.0,0,1,1,0,0,0,0,0,0.0,1.02,1.02,0.0,1.02,1.0,0,0,0,,0.0,0.0,,,0,0,11,2.6,0,,0,8,11,4,1.38,2,4,-2,-2.05,-1.94,0,5,3,0,1,0,0,,,0,,,,,,,,,,,,,,,
ENG-Premier League,2324,Fulham,Bernd Leno,GER,GK,31,1992,38,38,3420,38.0,0,0,0,0,0,0,3,0,0.0,0.0,0.0,0.0,0.0,38.0,0,0,0,,0.0,0.0,,,0,0,90,100.0,38,90,38,0,,0,1.24,55,61,-6,-0.16,,0,0,3,0,0,0,0,,,1,61,1.61,195,134,68.7,13,8,17,10,26.3,8,8,0,0,0.0
ENG-Premier League,2324,Fulham,Bobby De Cordova-Reid,JAM,"MF,FW",30,1993,33,17,1423,15.8,6,2,8,6,0,0,4,0,0.38,0.13,0.51,0.38,0.51,15.8,6,33,8,24.2,2.09,0.51,0.18,0.75,0,0,43,41.6,17,69,1,16,16,5,1.24,22,29,-7,-0.44,-0.49,0,16,25,4,35,5,14,,,0,,,,,,,,,,,,,,,
ENG-Premier League,2324,Fulham,Calvin Bassey,NGA,DF,23,1999,29,25,2303,25.6,1,0,1,1,0,0,6,1,0.04,0.0,0.04,0.04,0.04,25.6,1,5,2,40.0,0.2,0.08,0.2,0.5,0,0,79,67.3,25,90,24,4,15,4,1.31,44,42,2,0.08,0.72,1,15,11,2,3,27,29,,,0,,,,,,,,,,,,,,,
ENG-Premier League,2324,Fulham,Carlos Vinícius,BRA,FW,28,1995,13,2,315,3.5,2,0,2,2,0,0,2,0,0.57,0.0,0.57,0.57,0.57,3.5,2,9,5,55.6,2.57,1.43,0.22,0.4,0,0,24,9.2,2,61,0,11,18,7,1.23,6,5,1,0.29,0.49,0,4,2,6,1,0,2,,,0,,,,,,,,,,,,,,,
ENG-Premier League,2324,Fulham,Fodé Ballo-Touré,SEN,"DF,MF",26,1997,6,0,71,0.8,0,0,0,0,0,0,1,0,0.0,0.0,0.0,0.0,0.0,0.8,0,0,0,,0.0,0.0,,,0,0,12,2.1,0,,0,6,12,16,2.0,2,1,1,1.27,1.46,0,4,2,0,5,3,2,,,0,,,,,,,,,,,,,,,
ENG-Premier League,2324,Fulham,Harrison Reed,ENG,MF,28,1995,27,15,1325,14.7,0,2,2,0,0,0,6,0,0.0,0.14,0.14,0.0,0.14,14.7,0,9,2,22.2,0.61,0.14,0.0,0.0,0,0,49,38.7,15,78,6,12,13,10,1.52,22,23,-1,-0.07,0.15,0,26,10,0,19,9,17,,,0,,,,,,,,,,,,,,,
ENG-Premier League,2324,Fulham,Harry Wilson,WAL,"MF,FW",26,1997,35,16,1620,18.0,4,6,10,4,0,0,6,0,0.22,0.33,0.56,0.22,0.56,18.0,4,40,13,32.5,2.22,0.72,0.1,0.31,0,0,46,47.4,16,76,5,19,22,1,1.26,21,30,-9,-0.5,-0.65,0,21,40,5,42,9,13,,,0,,,,,,,,,,,,,,,
ENG-Premier League,2324,Fulham,Issa Diop,MAR,DF,26,1997,18,16,1424,15.8,0,0,0,0,0,0,4,1,0.0,0.0,0.0,0.0,0.0,15.8,0,5,1,20.0,0.32,0.06,0.0,0.0,0,0,79,41.6,16,88,13,2,11,3,1.28,12,25,-13,-0.82,-1.14,1,17,4,0,0,17,14,,,0,,,,,,,,,,,,,,,
ENG-Premier League,2324,Fulham,João Palhinha,POR,MF,28,1995,33,31,2699,30.0,4,1,5,4,0,0,13,0,0.13,0.03,0.17,0.13,0.17,30.0,4,44,13,29.5,1.47,0.43,0.09,0.31,0,0,82,78.9,31,86,18,2,23,0,1.06,43,46,-3,-0.1,0.27,0,52,56,2,5,48,77,,,0,,,,,,,,,,,,,,,
ENG-Premier League,2324,Fulham,Kenny Tete,NED,DF,27,1995,14,10,867,9.6,1,0,1,1,0,0,2,0,0.1,0.0,0.1,0.1,0.1,9.6,1,4,1,25.0,0.42,0.1,0.25,1.0,0,0,62,25.4,10,82,5,4,13,14,1.07,14,21,-7,-0.73,-0.76,0,16,12,0,23,16,19,,,0,,,,,,,,,,,,,,,
ENG-Premier League,2324,Fulham,Luke Harris,WAL,MF,18,2005,1,0,75,0.8,0,0,0,0,0,0,0,0,0.0,0.0,0.0,0.0,0.0,0.8,0,1,1,100.0,1.2,1.2,0.0,0.0,0,0,75,2.2,0,,0,1,75,4,0.0,1,5,-4,-4.8,-4.75,0,2,2,0,0,0,1,,,0,,,,,,,,,,,,,,,
ENG-Premier League,2324,Fulham,Raúl Jiménez,MEX,FW,32,1991,24,18,1395,15.5,7,0,7,7,0,0,3,1,0.45,0.0,0.45,0.45,0.45,15.5,7,41,17,41.5,2.65,1.1,0.17,0.41,0,0,58,40.8,18,71,4,6,19,5,1.25,25,26,-1,-0.06,0.16,0,17,21,12,7,4,12,,,0,,,,,,,,,,,,,,,
ENG-Premier League,2324,Fulham,Rodrigo Muniz,BRA,FW,22,2001,26,18,1593,17.7,9,1,10,9,0,0,1,0,0.51,0.06,0.56,0.51,0.56,17.7,9,73,27,37.0,4.12,1.53,0.12,0.33,0,0,61,46.6,18,80,7,8,18,7,1.04,24,27,-3,-0.17,-0.02,0,25,34,4,2,6,4,,,0,,,,,,,,,,,,,,,
ENG-Premier League,2324,Fulham,Saša Lukić,SRB,MF,26,1996,24,13,1122,12.5,1,0,1,1,0,0,3,0,0.08,0.0,0.08,0.08,0.08,12.5,1,13,3,23.1,1.04,0.24,0.08,0.33,0,0,47,32.8,13,77,5,11,12,9,1.08,14,20,-6,-0.48,-0.48,0,27,9,0,3,14,21,,,0,,,,,,,,,,,,,,,
ENG-Premier League,2324,Fulham,Tim Ream,USA,DF,35,1987,18,17,1503,16.7,1,0,1,1,0,0,4,1,0.06,0.0,0.06,0.06,0.06,16.7,1,1,1,100.0,0.06,0.06,1.0,1.0,0,0,84,43.9,17,87,15,1,16,13,1.22,24,29,-5,-0.3,-0.25,1,8,6,1,1,26,9,,,0,,,,,,,,,,,,,,,
ENG-Premier League,2324,Fulham,Timothy Castagne,BEL,DF,27,1995,34,29,2634,29.3,1,3,4,1,0,0,3,0,0.03,0.1,0.14,0.03,0.14,29.3,1,14,5,35.7,0.48,0.17,0.07,0.2,0,0,77,77.0,29,88,25,5,16,1,1.26,41,40,1,0.03,0.84,0,22,11,3,50,37,25,,,0,,,,,,,,,,,,,,,
ENG-Premier League,2324,Fulham,Tom Cairney,SCO,MF,32,1991,34,14,1488,16.5,1,4,5,1,0,0,3,0,0.06,0.24,0.3,0.06,0.3,16.5,1,17,8,47.1,1.03,0.48,0.06,0.13,0,0,44,43.5,14,77,6,20,21,4,1.18,28,27,1,0.06,0.39,0,15,23,0,25,12,17,,,1,,,,,,,,,,,,,,,
ENG-Premier League,2324,Fulham,Tosin Adarabioyo,ENG,DF,25,1997,20,18,1617,18.0,2,0,2,2,0,0,2,0,0.11,0.0,0.11,0.11,0.11,18.0,2,14,5,35.7,0.78,0.28,0.14,0.4,0,0,81,47.3,18,90,17,2,2,2,1.4,28,25,3,0.17,0.62,0,10,5,0,2,24,12,,,0,,,,,,,,,,,,,,,
ENG-Premier League,2324,Fulham,Willian,BRA,"MF,FW",34,1988,31,24,2053,22.8,4,2,6,2,2,2,1,0,0.18,0.09,0.26,0.09,0.18,22.8,4,45,18,40.0,1.97,0.79,0.09,0.22,2,2,66,60.0,24,77,9,7,29,2,1.29,33,28,5,0.22,0.94,0,9,30,1,75,9,11,,,0,,,,,,,,,,,,,,,
ENG-Premier League,2324,Liverpool,Alexis Mac Allister,ARG,MF,24,1998,33,31,2599,28.9,5,5,10,4,1,1,7,1,0.17,0.17,0.35,0.14,0.31,28.9,5,44,9,20.5,1.52,0.31,0.11,0.56,1,1,79,76.0,31,83,17,2,17,0,2.15,62,34,28,0.97,-0.89,0,53,47,0,31,32,52,,,0,,,,,,,,,,,,,,,
ENG-Premier League,2324,Liverpool,Alisson,BRA,GK,30,1992,28,28,2520,28.0,0,0,0,0,0,0,1,0,0.0,0.0,0.0,0.0,0.0,28.0,0,0,0,,0.0,0.0,,,0,0,90,73.7,28,90,28,0,,0,2.0,60,30,30,1.07,-0.43,0,1,5,0,0,0,0,,,0,30,1.07,112,82,73.2,16,8,4,7,25.0,1,1,0,0,0.0
ENG-Premier League,2324,Liverpool,Andy Robertson,SCO,DF,29,1994,23,18,1693,18.8,3,2,5,3,0,0,2,0,0.16,0.11,0.27,0.16,0.27,18.8,3,12,7,58.3,0.64,0.37,0.25,0.43,0,0,74,49.5,18,86,14,5,28,0,2.04,43,22,21,1.12,-0.13,0,9,5,3,184,13,25,,,0,,,,,,,,,,,,,,,
ENG-Premier League,2324,Liverpool,Ben Gannon-Doak,SCO,MF,17,2005,1,0,14,0.2,0,0,0,0,0,0,0,0,0.0,0.0,0.0,0.0,0.0,0.2,0,0,0,,0.0,0.0,,,0,0,14,0.4,0,,0,1,14,8,1.0,0,0,0,0.0,-1.19,0,0,0,0,0,0,0,,,0,,,,,,,,,,,,,,,
ENG-Premier League,2324,Liverpool,Bobby Clark,ENG,MF,18,2005,5,1,89,1.0,0,0,0,0,0,0,0,0,0.0,0.0,0.0,0.0,0.0,1.0,0,2,0,0.0,2.02,0.0,0.0,,0,0,18,2.6,1,59,0,4,8,6,3.0,2,0,2,2.02,0.86,0,4,3,0,0,1,1,,,0,,,,,,,,,,,,,,,
ENG-Premier League,2324,Liverpool,Caoimhín Kelleher,IRL,GK,24,1998,10,10,900,10.0,0,0,0,0,0,0,0,0,0.0,0.0,0.0,0.0,0.0,10.0,0,0,0,,0.0,0.0,,,0,0,90,26.3,10,90,10,0,,27,2.6,26,11,15,1.5,0.43,0,0,0,0,0,0,0,,,0,11,1.1,39,28,71.8,8,2,0,2,20.0,0,0,0,0,
ENG-Premier League,2324,Liverpool,Cody Gakpo,NED,"FW,MF",24,1999,35,17,1649,18.3,8,5,13,8,0,0,1,0,0.44,0.27,0.71,0.44,0.71,18.3,8,66,24,36.4,3.6,1.31,0.12,0.33,0,0,47,48.2,17,73,3,18,23,0,2.23,52,19,33,1.8,1.19,0,28,38,8,21,11,18,,,0,,,,,,,,,,,,,,,
ENG-Premier League,2324,Liverpool,Conor Bradley,NIR,DF,20,2003,11,10,753,8.4,1,3,4,1,0,0,2,0,0.12,0.36,0.48,0.12,0.48,8.4,1,12,4,33.3,1.43,0.48,0.08,0.25,0,0,68,22.0,10,73,2,1,20,8,2.36,18,7,11,1.31,0.17,0,8,12,2,18,10,25,,,1,,,,,,,,,,,,,,,
ENG-Premier League,2324,Liverpool,Curtis Jones,ENG,MF,22,2001,23,14,1167,13.0,1,1,2,1,0,0,3,1,0.08,0.08,0.15,0.08,0.15,13.0,1,19,6,31.6,1.47,0.46,0.05,0.17,0,0,51,34.1,14,70,4,9,20,4,1.96,31,17,14,1.08,-0.16,0,16,14,5,4,7,14,,,0,,,,,,,,,,,,,,,
ENG-Premier League,2324,Liverpool,Darwin Núñez,URU,FW,24,1999,36,22,2047,22.7,11,8,19,11,0,1,9,0,0.48,0.35,0.84,0.48,0.84,22.7,11,108,46,42.6,4.75,2.02,0.1,0.24,0,1,57,59.9,22,79,9,14,21,1,2.19,48,25,23,1.01,-0.43,0,28,15,33,19,2,13,,,0,,,,,,,,,,,,,,,
ENG-Premier League,2324,Liverpool,Diogo Jota,POR,FW,26,1996,21,14,1145,12.7,10,3,13,10,0,0,3,1,0.79,0.24,1.02,0.79,1.02,12.7,10,41,20,48.8,3.22,1.57,0.24,0.5,0,0,55,33.5,14,71,3,7,22,1,2.29,33,10,23,1.81,0.94,1,27,21,3,9,7,13,,,0,,,,,,,,,,,,,,,
ENG-Premier League,2324,Liverpool,Dominik Szoboszlai,HUN,MF,22,2000,33,25,2104,23.4,3,2,5,3,0,0,1,0,0.13,0.09,0.21,0.13,0.21,23.4,3,60,15,25.0,2.57,0.64,0.05,0.2,0,0,64,61.5,25,79,12,8,15,0,2.12,42,23,19,0.81,-0.97,0,29,29,3,113,14,18,,,0,,,,,,,,,,,,,,,
ENG-Premier League,2324,Liverpool,Harvey Elliott,ENG,"MF,FW",20,2003,34,11,1352,15.0,3,6,9,3,0,0,2,0,0.2,0.4,0.6,0.2,0.6,15.0,3,49,17,34.7,3.26,1.13,0.06,0.18,0,0,40,39.5,11,77,4,23,22,4,2.15,41,13,28,1.86,1.12,0,7,14,1,61,5,17,,,0,,,,,,,,,,,,,,,
ENG-Premier League,2324,Liverpool,Ibrahima Konaté,FRA,DF,24,1999,22,17,1574,17.5,0,0,0,0,0,0,5,1,0.0,0.0,0.0,0.0,0.0,17.5,0,11,2,18.2,0.63,0.11,0.0,0.0,0,0,72,46.0,17,87,14,5,20,11,2.0,38,17,21,1.2,0.03,1,25,13,0,1,19,23,,,0,,,,,,,,,,,,,,,
ENG-Premier League,2324,Liverpool,James McConnell,ENG,MF,18,2004,3,0,4,0.0,0,0,0,0,0,0,0,0,0.0,0.0,0.0,0.0,0.0,0.0,0,0,0,,0.0,0.0,,,0,0,1,0.1,0,,0,3,1,15,3.0,1,0,1,22.5,21.34,0,1,1,0,0,1,0,,,0,,,,,,,,,,,,,,,
ENG-Premier League,2324,Liverpool,Jarell Quansah,ENG,DF,20,2003,17,13,1190,13.2,2,0,2,2,0,0,1,0,0.15,0.0,0.15,0.15,0.15,13.2,2,6,4,66.7,0.45,0.3,0.33,0.5,0,0,70,34.8,13,87,10,4,16,17,2.35,31,16,15,1.13,-0.08,0,10,2,0,0,16,22,,,0,,,,,,,,,,,,,,,
ENG-Premier League,2324,Liverpool,Jayden Danns,ENG,FW,17,2006,2,0,9,0.1,0,0,0,0,0,0,1,0,0.0,0.0,0.0,0.0,0.0,0.1,0,0,0,,0.0,0.0,,,0,0,5,0.3,0,,0,2,5,4,3.0,2,0,2,20.0,18.87,0,2,0,0,0,0,0,,,0,,,,,,,,,,,,,,,
ENG-Premier League,2324,Liverpool,Joe Gomez,ENG,DF,26,1997,32,17,1786,19.8,0,1,1,0,0,0,5,0,0.0,0.05,0.05,0.0,0.05,19.8,0,19,2,10.5,0.96,0.1,0.0,0.0,0,0,56,52.2,17,85,12,15,23,4,2.22,47,19,28,1.41,0.47,0,28,16,0,39,19,30,,,0,,,,,,,,,,,,,,,
ENG-Premier League,2324,Liverpool,Joël Matip,CMR,DF,31,1991,10,9,781,8.7,0,0,0,0,0,0,2,0,0.0,0.0,0.0,0.0,0.0,8.7,0,5,0,0.0,0.58,0.0,0.0,,0,0,78,22.8,9,84,6,1,25,4,2.3,20,9,11,1.27,0.11,0,7,3,1,0,9,7,,,1,,,,,,,,,,,,,,,
ENG-Premier League,2324,Liverpool,Kaide Gordon,ENG,FW,18,2004,1,0,1,0.0,0,0,0,0,0,0,0,0,0.0,0.0,0.0,0.0,0.0,0.0,0,0,0,,0.0,0.0,,,0,0,1,0.0,0,,0,1,1,1,3.0,0,0,0,0.0,-1.18,0,0,0,0,0,0,0,,,0,,,,,,,,,,,,,,,
ENG-Premier League,2324,Liverpool,Kostas Tsimikas,GRE,DF,27,1996,13,8,679,7.5,0,3,3,0,0,0,0,0,0.0,0.4,0.4,0.0,0.4,7.5,0,3,0,0.0,0.4,0.0,0.0,,0,0,52,19.9,8,79,6,5,9,17,2.15,16,7,9,1.19,0.01,0,11,7,1,72,4,12,,,0,,,,,,,,,,,,,,,
ENG-Premier League,2324,Liverpool,Luis Díaz,COL,FW,26,1997,37,32,2629,29.2,8,5,13,8,0,0,3,0,0.27,0.17,0.45,0.27,0.45,29.2,8,94,32,34.0,3.22,1.1,0.09,0.25,0,0,71,76.9,32,78,11,5,24,0,2.14,67,33,34,1.16,-0.09,0,54,42,20,27,3,26,,,0,,,,,,,,,,,,,,,
ENG-Premier League,2324,Liverpool,Mohamed Salah,EGY,FW,31,1992,32,28,2534,28.2,18,10,28,13,5,7,2,0,0.64,0.36,0.99,0.46,0.82,28.2,18,114,56,49.1,4.05,1.99,0.16,0.32,5,7,79,74.1,28,87,22,4,27,0,2.09,58,30,28,0.99,-0.73,0,12,25,18,41,2,11,,,0,,,,,,,,,,,,,,,
ENG-Premier League,2324,Liverpool,Owen Beck,WAL,"DF,MF",20,2002,1,0,8,0.1,0,0,0,0,0,0,0,0,0.0,0.0,0.0,0.0,0.0,0.1,0,0,0,,0.0,0.0,,,0,0,8,0.2,0,,0,1,8,0,3.0,1,0,1,11.25,10.09,0,0,0,0,0,0,1,,,0,,,,,,,,,,,,,,,
ENG-Premier League,2324,Liverpool,Ryan Gravenberch,NED,MF,21,2002,26,12,1121,12.5,1,0,1,1,0,0,0,0,0.08,0.0,0.08,0.08,0.08,12.5,1,23,8,34.8,1.85,0.64,0.04,0.13,0,0,43,32.8,12,68,1,14,22,5,2.23,28,18,10,0.8,-0.57,0,20,15,0,4,15,12,,,0,,,,,,,,,,,,,,,
ENG-Premier League,2324,Liverpool,Stefan Bajcetic,ESP,MF,18,2004,1,0,26,0.3,0,0,0,0,0,0,0,0,0.0,0.0,0.0,0.0,0.0,0.3,0,0,0,,0.0,0.0,,,0,0,26,0.8,0,,0,1,26,6,3.0,0,2,-2,-6.92,-8.17,0,1,2,0,0,0,1,,,0,,,,,,,,,,,,,,,
ENG-Premier League,2324,Liverpool,Thiago Alcántara,ESP,MF,32,1991,1,0,6,0.1,0,0,0,0,0,0,0,0,0.0,0.0,0.0,0.0,0.0,0.1,0,0,0,,0.0,0.0,,,0,0,6,0.2,0,,0,1,6,0,0.0,0,1,-1,-15.0,-16.21,0,0,0,0,0,0,0,,,0,,,,,,,,,,,,,,,
ENG-Premier League,2324,Liverpool,Trent Alexander-Arnold,ENG,DF,24,1998,28,25,2155,23.9,3,4,7,3,0,0,6,0,0.13,0.17,0.29,0.13,0.29,23.9,3,47,8,17.0,1.96,0.33,0.06,0.38,0,0,77,63.0,25,83,14,3,28,0,2.0,53,28,25,1.04,-0.38,0,9,9,2,166,29,27,,,0,,,,,,,,,,,,,,,
ENG-Premier League,2324,Liverpool,Virgil van Dijk,NED,DF,32,1991,36,36,3177,35.3,2,2,4,2,0,0,3,1,0.06,0.06,0.11,0.06,0.11,35.3,2,45,14,31.1,1.27,0.4,0.04,0.14,0,0,88,92.9,36,88,35,0,,0,2.11,78,40,38,1.08,-1.52,0,23,13,1,0,35,23,,,0,,,,,,,,,,,,,,,
ENG-Premier League,2324,Liverpool,Wataru Endo,JPN,MF,30,1993,29,20,1722,19.1,1,0,1,1,0,0,10,0,0.05,0.0,0.05,0.05,0.05,19.1,1,10,3,30.0,0.52,0.16,0.1,0.33,0,0,59,50.4,20,79,11,9,15,4,2.21,42,16,26,1.36,0.35,0,50,25,0,4,19,28,,,0,,,,,,,,,,,,,,,
ENG-Premier League,2324,Luton Town,Albert Sambi Lokonga,BEL,MF,23,1999,17,16,1303,14.5,1,3,4,1,0,0,4,0,0.07,0.21,0.28,0.07,0.28,14.5,1,8,2,25.0,0.55,0.14,0.13,0.5,0,0,77,38.1,16,80,8,1,19,0,0.76,22,31,-9,-0.62,0.4,0,18,27,0,13,11,18,,,0,,,,,,,,,,,,,,,
ENG-Premier League,2324,Luton Town,Alfie Doughty,ENG,"MF,DF",23,1999,37,34,2925,32.5,2,8,10,2,0,0,5,0,0.06,0.25,0.31,0.06,0.31,32.5,2,26,8,30.8,0.8,0.25,0.08,0.25,0,0,79,85.5,34,84,18,3,22,0,0.7,46,74,-28,-0.86,0.05,0,31,9,14,340,30,37,,,0,,,,,,,,,,,,,,,
ENG-Premier League,2324,Luton Town,Amari'i Bell,JAM,DF,29,1994,21,21,1720,19.1,0,0,0,0,0,0,0,0,0.0,0.0,0.0,0.0,0.0,19.1,0,2,2,100.0,0.1,0.1,0.0,0.0,0,0,82,50.3,21,82,18,0,,0,0.86,30,41,-11,-0.58,0.59,0,22,16,0,14,26,31,,,0,,,,,,,,,,,,,,,
ENG-Premier League,2324,Luton Town,Andros Townsend,ENG,"MF,FW",32,1991,27,14,1210,13.4,1,3,4,1,0,0,1,0,0.07,0.22,0.3,0.07,0.3,13.4,1,20,7,35.0,1.49,0.52,0.05,0.14,0,0,45,35.4,14,67,1,13,21,3,0.78,16,26,-10,-0.74,0.19,0,12,12,2,74,4,13,,,0,,,,,,,,,,,,,,,
ENG-Premier League,2324,Luton Town,Carlton Morris,ENG,"FW,MF",27,1995,38,32,2862,31.8,11,4,15,6,5,5,4,0,0.35,0.13,0.47,0.19,0.31,31.8,11,73,31,42.5,2.3,0.97,0.15,0.35,5,5,75,83.7,32,86,22,6,21,0,0.68,40,73,-33,-1.04,-1.04,0,50,43,10,15,1,9,,,0,,,,,,,,,,,,,,,
ENG-Premier League,2324,Luton Town,Cauley Woodrow,ENG,FW,28,1994,24,2,427,4.7,1,1,2,1,0,0,2,0,0.21,0.21,0.42,0.21,0.42,4.7,1,16,4,25.0,3.37,0.84,0.06,0.25,0,0,18,12.5,2,62,0,22,14,8,0.63,10,12,-2,-0.42,0.51,0,8,4,2,10,1,10,,,0,,,,,,,,,,,,,,,
ENG-Premier League,2324,Luton Town,Chiedozie Ogbene,IRL,MF,26,1997,30,20,1995,22.2,4,1,5,4,0,0,1,0,0.18,0.05,0.23,0.18,0.23,22.2,4,35,14,40.0,1.58,0.63,0.11,0.29,0,0,67,58.3,20,87,14,10,27,0,0.73,35,47,-12,-0.54,0.78,0,9,50,7,79,7,9,,,0,,,,,,,,,,,,,,,
ENG-Premier League,2324,Luton Town,Daiki Hashioka,JPN,"DF,MF",24,1999,10,6,595,6.6,0,0,0,0,0,0,0,0,0.0,0.0,0.0,0.0,0.0,6.6,0,2,0,0.0,0.3,0.0,0.0,,0,0,60,17.4,6,77,3,4,33,3,0.4,10,21,-11,-1.66,-0.96,0,10,6,0,9,8,6,,,2,,,,,,,,,,,,,,,
ENG-Premier League,2324,Luton Town,Elijah Adebayo,ENG,FW,25,1998,27,16,1419,15.8,10,0,10,10,0,0,1,0,0.63,0.0,0.63,0.63,0.63,15.8,10,30,14,46.7,1.9,0.89,0.33,0.71,0,0,53,41.5,16,77,5,11,16,0,0.78,30,35,-5,-0.32,0.94,0,28,16,13,5,4,1,,,0,,,,,,,,,,,,,,,
ENG-Premier League,2324,Luton Town,Fred Onyedinma,ENG,MF,26,1996,8,4,407,4.5,0,0,0,0,0,0,1,0,0.0,0.0,0.0,0.0,0.0,4.5,0,5,2,40.0,1.11,0.44,0.0,0.0,0,0,51,11.9,4,76,0,4,26,1,0.5,6,14,-8,-1.77,-1.02,0,10,6,0,13,1,5,,,0,,,,,,,,,,,,,,,
ENG-Premier League,2324,Luton Town,Gabriel Osho,NGA,DF,24,1998,21,21,1846,20.5,2,0,2,2,0,0,3,0,0.1,0.0,0.1,0.1,0.1,20.5,2,10,2,20.0,0.49,0.1,0.2,1.0,0,0,88,54.0,21,88,19,0,,1,0.81,31,47,-16,-0.78,0.19,0,23,14,1,3,28,23,,,0,,,,,,,,,,,,,,,
ENG-Premier League,2324,Luton Town,Issa Kaboré,BFA,"MF,DF",22,2001,24,21,1729,19.2,0,2,2,0,0,0,7,0,0.0,0.1,0.1,0.0,0.1,19.2,0,6,1,16.7,0.31,0.05,0.0,0.0,0,0,72,50.6,21,79,13,3,24,4,0.58,23,39,-16,-0.83,0.07,0,27,30,2,65,15,28,,,1,,,,,,,,,,,,,,,
ENG-Premier League,2324,Luton Town,Jacob Brown,SCO,"MF,FW",25,1998,19,12,1019,11.3,2,0,2,2,0,0,4,0,0.18,0.0,0.18,0.18,0.18,11.3,2,25,7,28.0,2.21,0.62,0.08,0.29,0,0,54,29.8,12,73,4,7,21,2,0.84,16,26,-10,-0.88,-0.02,0,19,19,6,9,9,12,,,0,,,,,,,,,,,,,,,
ENG-Premier League,2324,Luton Town,James Shea,ENG,GK,32,1991,1,0,15,0.2,0,0,0,0,0,0,0,0,0.0,0.0,0.0,0.0,0.0,0.2,0,0,0,,0.0,0.0,,,0,0,15,0.4,0,,0,1,15,13,0.0,0,0,0,0.0,0.87,0,0,0,0,0,0,0,,,0,0,0.0,2,2,100.0,0,0,0,0,,0,0,0,0,
ENG-Premier League,2324,Luton Town,Jordan Clark,ENG,MF,29,1993,23,14,1304,14.5,1,1,2,1,0,0,4,0,0.07,0.07,0.14,0.07,0.14,14.5,1,17,4,23.5,1.17,0.28,0.06,0.25,0,0,57,38.1,14,78,4,9,24,4,0.57,22,41,-19,-1.31,-0.72,0,12,26,4,23,10,16,,,0,,,,,,,,,,,,,,,
ENG-Premier League,2324,Luton Town,Joseph Johnson,ENG,DF,17,2006,2,0,77,0.9,0,0,0,0,0,0,1,0,0.0,0.0,0.0,0.0,0.0,0.9,0,0,0,,0.0,0.0,,,0,0,39,2.3,0,,0,2,39,17,0.0,2,5,-3,-3.51,-2.7,0,1,0,0,0,0,0,,,0,,,,,,,,,,,,,,,
ENG-Premier League,2324,Luton Town,Luke Berry,ENG,MF,31,1992,17,2,323,3.6,2,1,3,2,0,0,1,0,0.56,0.28,0.84,0.56,0.84,3.6,2,8,4,50.0,2.23,1.11,0.25,0.5,0,0,19,9.4,2,69,0,15,12,16,0.59,8,8,0,0.0,0.96,0,6,7,0,8,0,2,,,0,,,,,,,,,,,,,,,
ENG-Premier League,2324,Luton Town,Mads Juel Andersen,DEN,DF,25,1997,8,4,400,4.4,1,0,1,1,0,0,1,0,0.23,0.0,0.23,0.23,0.23,4.4,1,3,1,33.3,0.68,0.23,0.33,1.0,0,0,50,11.7,4,78,2,4,22,4,1.13,2,6,-4,-0.9,-0.04,0,6,2,0,0,8,5,,,0,,,,,,,,,,,,,,,
ENG-Premier League,2324,Luton Town,Marvelous Nakamba,ZIM,MF,29,1994,13,13,1130,12.6,0,0,0,0,0,0,5,0,0.0,0.0,0.0,0.0,0.0,12.6,0,5,0,0.0,0.4,0.0,0.0,,0,0,87,33.0,13,87,10,0,,0,0.46,10,24,-14,-1.12,-0.37,0,24,9,0,4,10,26,,,0,,,,,,,,,,,,,,,
ENG-Premier League,2324,Luton Town,Pelly Ruddock Mpanzu,COD,MF,30,1993,27,11,1101,12.2,0,0,0,0,0,0,1,0,0.0,0.0,0.0,0.0,0.0,12.2,0,11,1,9.1,0.9,0.08,0.0,0.0,0,0,41,32.2,11,74,3,16,18,11,0.7,13,29,-16,-1.31,-0.65,0,9,15,0,10,9,5,,,0,,,,,,,,,,,,,,,
ENG-Premier League,2324,Luton Town,Reece Burke,ENG,DF,26,1996,22,20,1660,18.4,0,4,4,0,0,0,5,0,0.0,0.22,0.22,0.0,0.22,18.4,0,13,4,30.8,0.7,0.22,0.0,0.0,0,0,75,48.5,20,79,12,2,41,3,0.68,24,37,-13,-0.7,0.32,0,20,12,0,13,21,24,,,0,,,,,,,,,,,,,,,
ENG-Premier League,2324,Luton Town,Ross Barkley,ENG,MF,29,1993,32,30,2618,29.1,5,4,9,5,0,0,6,0,0.17,0.14,0.31,0.17,0.31,29.1,5,66,19,28.8,2.27,0.65,0.08,0.26,0,0,82,76.5,30,86,24,2,15,0,0.69,43,66,-23,-0.79,0.33,0,25,39,0,46,25,20,,,0,,,,,,,,,,,,,,,
ENG-Premier League,2324,Luton Town,Ryan Giles,ENG,"MF,DF",23,2000,11,5,503,5.6,0,0,0,0,0,0,0,0,0.0,0.0,0.0,0.0,0.0,5.6,0,2,2,100.0,0.36,0.36,0.0,0.0,0,0,46,14.7,5,81,2,6,17,9,0.64,4,14,-10,-1.79,-1.08,0,2,1,0,49,4,6,,,0,,,,,,,,,,,,,,,
ENG-Premier League,2324,Luton Town,Tahith Chong,CUW,"MF,FW",23,1999,33,20,1982,22.0,4,0,4,4,0,0,4,0,0.18,0.0,0.18,0.18,0.18,22.0,4,30,7,23.3,1.36,0.32,0.13,0.57,0,0,60,58.0,20,80,6,13,29,5,0.45,26,51,-25,-1.14,-0.63,0,21,65,5,35,7,20,,,0,,,,,,,,,,,,,,,
ENG-Premier League,2324,Luton Town,Teden Mengi,ENG,DF,21,2002,30,28,2469,27.4,1,0,1,1,0,0,3,0,0.04,0.0,0.04,0.04,0.04,27.4,1,11,4,36.4,0.4,0.15,0.09,0.25,0,0,82,72.2,28,86,25,2,34,3,0.73,38,59,-21,-0.77,0.37,0,35,7,1,2,54,22,,,0,,,,,,,,,,,,,,,
ENG-Premier League,2324,Luton Town,Thomas Kaminski,BEL,GK,30,1992,38,38,3405,37.8,0,0,0,0,0,0,3,0,0.0,0.0,0.0,0.0,0.0,37.8,0,0,0,,0.0,0.0,,,0,0,90,99.6,38,90,37,0,,0,0.68,52,85,-33,-0.87,-0.87,0,0,2,0,0,0,1,,,0,85,2.25,229,144,62.9,6,8,24,2,5.3,4,4,0,0,0.0
ENG-Premier League,2324,Luton Town,Tom Lockyer,WAL,DF,28,1994,14,14,1169,13.0,1,1,2,1,0,0,4,0,0.08,0.08,0.15,0.08,0.15,13.0,1,7,1,14.3,0.54,0.08,0.14,1.0,0,0,84,34.2,14,84,10,0,,0,0.64,12,23,-11,-0.85,0.03,0,15,10,0,1,23,16,,,1,,,,,,,,,,,,,,,
ENG-Premier League,2324,Luton Town,Zack Nelson,ENG,MF,18,2005,2,0,7,0.1,0,0,0,0,0,0,0,0,0.0,0.0,0.0,0.0,0.0,0.1,0,0,0,,0.0,0.0,,,0,0,4,0.2,0,,0,2,4,14,0.5,1,1,0,0.0,0.87,0,0,0,0,0,0,0,,,0,,,,,,,,,,,,,,,
ENG-Premier League,2324,Manchester City,Aymeric Laporte,ESP,DF,29,1994,1,0,12,0.1,0,0,0,0,0,0,0,0,0.0,0.0,0.0,0.0,0.0,0.1,0,1,1,100.0,7.5,7.5,0.0,0.0,0,0,12,0.4,0,,0,1,12,0,3.0,0,0,0,0.0,-1.64,0,0,0,0,0,0,0,,,0,,,,,,,,,,,,,,,
ENG-Premier League,2324,Manchester City,Bernardo Silva,POR,MF,28,1994,33,29,2578,28.6,6,9,15,6,0,0,8,0,0.21,0.31,0.52,0.21,0.52,28.6,6,34,15,44.1,1.19,0.52,0.18,0.4,0,0,78,75.4,29,87,22,4,14,2,2.39,71,26,45,1.57,-0.25,0,22,26,3,83,14,24,,,0,,,,,,,,,,,,,,,
ENG-Premier League,2324,Manchester City,Cole Palmer,ENG,"FW,MF",21,2002,1,0,11,0.1,0,0,0,0,0,0,0,0,0.0,0.0,0.0,0.0,0.0,0.1,0,0,0,,0.0,0.0,,,0,0,11,0.3,0,,0,1,11,2,3.0,0,0,0,0.0,-1.64,0,1,0,0,0,0,0,,,0,,,,,,,,,,,,,,,
ENG-Premier League,2324,Manchester City,Ederson Moraes,BRA,GK,29,1993,33,33,2785,30.9,0,0,0,0,0,0,5,0,0.0,0.0,0.0,0.0,0.0,30.9,0,0,0,,0.0,0.0,,,0,0,84,81.4,33,84,29,0,,2,2.36,78,27,51,1.65,0.09,0,2,4,0,0,0,0,,,0,27,0.87,84,57,67.9,24,6,3,11,33.3,3,3,0,0,0.0
ENG-Premier League,2324,Manchester City,Erling Haaland,NOR,"FW,MF",23,2000,31,29,2552,28.4,27,5,32,20,7,8,1,0,0.95,0.18,1.13,0.71,0.88,28.4,27,121,59,48.8,4.27,2.08,0.22,0.46,7,8,82,74.6,29,86,20,2,25,1,2.32,64,26,38,1.34,-1.15,0,18,30,6,5,2,3,,,0,,,,,,,,,,,,,,,
ENG-Premier League,2324,Manchester City,Jack Grealish,ENG,"MF,FW",27,1995,20,10,1009,11.2,3,1,4,3,0,0,6,0,0.27,0.09,0.36,0.27,0.36,11.2,3,22,5,22.7,1.96,0.45,0.14,0.6,0,0,50,29.5,10,83,7,10,18,9,2.45,26,13,13,1.16,-0.67,0,6,41,2,16,6,8,,,0,,,,,,,,,,,,,,,
ENG-Premier League,2324,Manchester City,James Mcatee,ENG,MF,20,2002,1,0,1,0.0,0,0,0,0,0,0,0,0,0.0,0.0,0.0,0.0,0.0,0.0,0,0,0,,0.0,0.0,,,0,0,1,0.0,0,,0,1,1,2,3.0,0,0,0,0.0,-1.63,0,0,0,0,0,0,0,,,0,,,,,,,,,,,,,,,
ENG-Premier League,2324,Manchester City,Jeremy Doku,BEL,"MF,FW",21,2002,29,18,1595,17.7,3,8,11,3,0,0,3,0,0.17,0.45,0.62,0.17,0.62,17.7,3,56,19,33.9,3.16,1.07,0.05,0.16,0,0,55,46.6,18,76,7,11,20,2,2.38,50,19,31,1.75,0.22,0,15,32,4,61,9,22,,,0,,,,,,,,,,,,,,,
ENG-Premier League,2324,Manchester City,John Stones,ENG,DF,29,1994,16,12,1064,11.8,1,0,1,1,0,0,2,0,0.08,0.0,0.08,0.08,0.08,11.8,1,4,2,50.0,0.34,0.17,0.25,0.5,0,0,67,31.1,12,83,9,4,17,11,2.38,25,9,16,1.35,-0.4,0,3,5,0,5,10,1,,,0,,,,,,,,,,,,,,,
ENG-Premier League,2324,Manchester City,Joško Gvardiol,CRO,DF,21,2002,28,26,2328,25.9,4,1,5,4,0,0,3,0,0.15,0.04,0.19,0.15,0.19,25.9,4,32,14,43.8,1.24,0.54,0.13,0.29,0,0,83,68.1,26,87,22,2,30,7,2.5,68,23,45,1.74,0.34,0,20,23,2,33,27,33,,,0,,,,,,,,,,,,,,,
ENG-Premier League,2324,Manchester City,Julián Álvarez,ARG,"MF,FW",23,2000,36,31,2647,29.4,11,8,19,9,2,2,2,0,0.37,0.27,0.65,0.31,0.58,29.4,11,98,40,40.8,3.33,1.36,0.11,0.28,2,2,74,77.4,31,83,15,5,13,2,2.42,76,24,52,1.77,0.6,0,23,13,3,137,2,13,,,0,,,,,,,,,,,,,,,
ENG-Premier League,2324,Manchester City,Kalvin Phillips,ENG,"DF,MF",27,1995,4,0,93,1.0,0,0,0,0,0,0,0,0,0.0,0.0,0.0,0.0,0.0,1.0,0,2,0,0.0,1.94,0.0,0.0,,0,0,23,2.7,0,,0,4,23,16,2.25,3,2,1,0.97,-0.68,0,3,2,0,2,2,3,,,0,,,,,,,,,,,,,,,
ENG-Premier League,2324,Manchester City,Kevin De Bruyne,BEL,MF,32,1991,18,15,1221,13.6,4,10,14,4,0,0,2,0,0.29,0.74,1.03,0.29,1.03,13.6,4,44,17,38.6,3.24,1.25,0.09,0.24,0,0,68,35.7,15,77,5,3,21,3,2.67,40,9,31,2.29,1.02,0,11,13,1,136,3,9,,,0,,,,,,,,,,,,,,,
ENG-Premier League,2324,Manchester City,Kyle Walker,ENG,"DF,MF",33,1990,32,30,2767,30.7,0,4,4,0,0,0,2,0,0.0,0.13,0.13,0.0,0.13,30.7,0,16,3,18.8,0.52,0.1,0.0,0.0,0,0,86,80.9,30,89,27,2,52,3,2.34,78,29,49,1.59,-0.2,0,23,18,7,59,24,24,,,0,,,,,,,,,,,,,,,
ENG-Premier League,2324,Manchester City,Manuel Akanji,SUI,"DF,MF",28,1995,30,28,2511,27.9,2,0,2,2,0,0,4,1,0.07,0.0,0.07,0.07,0.07,27.9,2,15,5,33.3,0.54,0.18,0.13,0.4,0,0,84,73.4,28,88,25,2,23,4,2.4,72,23,49,1.76,0.47,1,17,19,0,9,22,28,,,0,,,,,,,,,,,,,,,
ENG-Premier League,2324,Manchester City,Mateo Kovačić,CRO,MF,29,1994,30,16,1551,17.2,1,0,1,1,0,0,4,0,0.06,0.0,0.06,0.06,0.06,17.2,1,22,5,22.7,1.28,0.29,0.05,0.2,0,0,52,45.4,16,81,7,14,18,4,2.43,45,14,31,1.8,0.31,0,16,15,0,0,10,26,,,0,,,,,,,,,,,,,,,
ENG-Premier League,2324,Manchester City,Matheus Nunes,POR,"MF,FW",24,1998,17,7,661,7.3,0,2,2,0,0,0,0,0,0.0,0.27,0.27,0.0,0.27,7.3,0,9,4,44.4,1.23,0.54,0.0,0.0,0,0,39,19.3,7,71,3,10,16,16,2.47,18,8,10,1.36,-0.33,0,8,16,2,19,1,6,,,0,,,,,,,,,,,,,,,
ENG-Premier League,2324,Manchester City,Nathan Aké,NED,DF,28,1995,29,24,2042,22.7,2,2,4,2,0,0,0,0,0.09,0.09,0.18,0.09,0.18,22.7,2,20,5,25.0,0.88,0.22,0.1,0.4,0,0,70,59.7,24,83,19,5,12,6,2.38,55,20,35,1.54,-0.22,0,10,18,0,11,15,16,,,0,,,,,,,,,,,,,,,
ENG-Premier League,2324,Manchester City,Oscar Bobb,NOR,MF,20,2003,14,2,302,3.4,1,1,2,1,0,0,0,0,0.3,0.3,0.6,0.3,0.6,3.4,1,4,2,50.0,1.19,0.6,0.25,0.5,0,0,22,8.8,2,75,1,12,13,21,2.57,12,4,8,2.38,0.83,0,2,3,0,5,5,3,,,0,,,,,,,,,,,,,,,
ENG-Premier League,2324,Manchester City,Phil Foden,ENG,MF,23,2000,35,33,2857,31.7,19,8,27,19,0,0,2,0,0.6,0.25,0.85,0.6,0.85,31.7,19,105,48,45.7,3.31,1.51,0.18,0.4,0,0,82,83.5,33,85,19,2,25,2,2.34,74,27,47,1.48,-0.92,0,14,60,5,88,12,20,,,0,,,,,,,,,,,,,,,
ENG-Premier League,2324,Manchester City,Rico Lewis,ENG,"DF,MF",18,2004,16,8,809,9.0,2,0,2,2,0,0,1,0,0.22,0.0,0.22,0.22,0.22,9.0,2,5,4,80.0,0.56,0.44,0.4,0.5,0,0,51,23.7,8,83,4,8,19,22,2.25,26,8,18,2.0,0.49,0,7,20,0,1,4,7,,,0,,,,,,,,,,,,,,,
ENG-Premier League,2324,Manchester City,Rodri,ESP,"MF,DF",27,1996,34,34,2931,32.6,8,9,17,8,0,0,8,1,0.25,0.28,0.52,0.25,0.52,32.6,8,62,22,35.5,1.9,0.68,0.13,0.36,0,0,86,85.7,34,86,27,0,,1,2.59,87,26,61,1.87,1.69,0,41,35,6,12,25,43,,,0,,,,,,,,,,,,,,,
ENG-Premier League,2324,Manchester City,Rúben Dias,POR,"DF,MF",26,1997,30,28,2559,28.4,0,0,0,0,0,0,0,0,0.0,0.0,0.0,0.0,0.0,28.4,0,20,8,40.0,0.7,0.28,0.0,0.0,0,0,85,74.8,28,90,28,2,20,5,2.3,65,28,37,1.3,-1.31,0,23,15,0,13,30,21,,,1,,,,,,,,,,,,,,,
ENG-Premier League,2324,Manchester City,Sergio Gómez,ESP,"DF,MF",22,2000,6,0,53,0.6,0,1,1,0,0,0,0,0,0.0,1.7,1.7,0.0,1.7,0.6,0,2,0,0.0,3.4,0.0,0.0,,0,0,9,1.5,0,,0,6,9,26,3.0,3,1,2,3.4,1.79,0,2,0,1,4,1,0,,,0,,,,,,,,,,,,,,,
ENG-Premier League,2324,Manchester City,Stefan Ortega,GER,GK,30,1992,9,5,635,7.1,0,0,0,0,0,0,0,0,0.0,0.0,0.0,0.0,0.0,7.1,0,0,0,,0.0,0.0,,,0,0,71,18.6,5,90,5,4,46,29,2.56,18,7,11,1.56,-0.09,0,0,1,0,0,0,0,,,0,7,0.99,27,20,74.1,4,1,0,3,60.0,0,0,0,0,
ENG-Premier League,2324,Manchester Utd,Aaron Wan-Bissaka,COD,DF,25,1997,22,20,1780,19.8,0,2,2,0,0,0,4,0,0.0,0.1,0.1,0.0,0.1,19.8,0,3,1,33.3,0.15,0.05,0.0,0.0,0,0,81,52.0,20,88,16,2,11,3,1.32,30,34,-4,-0.2,-0.37,0,17,9,0,12,39,25,,,0,,,,,,,,,,,,,,,
ENG-Premier League,2324,Manchester Utd,Alejandro Garnacho,ARG,MF,19,2004,36,30,2565,28.5,7,4,11,7,0,0,4,0,0.25,0.14,0.39,0.25,0.39,28.5,7,100,28,28.0,3.51,0.98,0.07,0.25,0,0,71,75.0,30,82,12,6,19,2,1.5,43,39,4,0.14,0.67,0,20,54,15,59,18,15,,,0,,,,,,,,,,,,,,,
ENG-Premier League,2324,Manchester Utd,Amad Diallo,CIV,MF,21,2002,9,3,390,4.3,1,1,2,1,0,0,1,0,0.23,0.23,0.46,0.23,0.46,4.3,1,10,4,40.0,2.31,0.92,0.1,0.25,0,0,43,11.4,3,75,0,6,28,8,1.22,10,6,4,0.92,1.07,0,5,4,0,1,1,4,,,0,,,,,,,,,,,,,,,
ENG-Premier League,2324,Manchester Utd,André Onana,CMR,GK,27,1996,38,38,3420,38.0,0,0,0,0,0,0,5,0,0.0,0.0,0.0,0.0,0.0,38.0,0,0,0,,0.0,0.0,,,0,0,90,100.0,38,90,38,0,,0,1.58,57,58,-1,-0.03,,0,1,4,0,0,0,0,,,0,58,1.53,200,148,71.0,18,6,14,9,23.7,7,7,0,0,0.0
ENG-Premier League,2324,Manchester Utd,Anthony Martial,FRA,FW,27,1995,13,5,448,5.0,1,0,1,1,0,0,0,0,0.2,0.0,0.2,0.2,0.2,5.0,1,6,4,66.7,1.21,0.8,0.17,0.25,0,0,34,13.1,5,65,0,8,16,3,1.38,11,6,5,1.0,1.19,0,3,6,3,0,0,1,,,0,,,,,,,,,,,,,,,
ENG-Premier League,2324,Manchester Utd,Antony,BRA,MF,23,2000,29,15,1324,14.7,1,1,2,1,0,0,5,0,0.07,0.07,0.14,0.07,0.14,14.7,1,43,16,37.2,2.92,1.09,0.02,0.06,0,0,46,38.7,15,73,3,14,16,4,1.41,20,26,-6,-0.41,-0.62,0,19,32,2,15,11,22,,,0,,,,,,,,,,,,,,,
ENG-Premier League,2324,Manchester Utd,Bruno Fernandes,POR,MF,28,1994,35,35,3118,34.6,10,8,18,6,4,5,9,0,0.29,0.23,0.52,0.17,0.4,34.6,10,95,41,43.2,2.74,1.18,0.11,0.24,4,5,89,91.2,35,89,33,0,,0,1.69,55,52,3,0.09,1.28,0,41,27,13,225,25,37,,,0,,,,,,,,,,,,,,,
ENG-Premier League,2324,Manchester Utd,Casemiro,BRA,"MF,DF",31,1992,25,24,1982,22.0,1,2,3,1,0,0,7,0,0.05,0.09,0.14,0.05,0.14,22.0,1,39,9,23.1,1.77,0.41,0.03,0.11,0,0,79,58.0,24,82,18,1,11,1,1.6,36,34,2,0.09,0.28,0,30,10,6,13,18,54,,,0,,,,,,,,,,,,,,,
ENG-Premier League,2324,Manchester Utd,Christian Eriksen,DEN,MF,31,1992,22,12,1141,12.7,1,2,3,1,0,0,1,0,0.08,0.16,0.24,0.08,0.24,12.7,1,13,4,30.8,1.03,0.32,0.08,0.25,0,0,52,33.4,12,78,5,10,20,11,1.45,20,27,-7,-0.55,-0.79,0,6,3,1,42,4,14,,,0,,,,,,,,,,,,,,,
ENG-Premier League,2324,Manchester Utd,Daniel Gore,ENG,MF,18,2004,1,0,1,0.0,0,0,0,0,0,0,0,0,0.0,0.0,0.0,0.0,0.0,0.0,0,0,0,,0.0,0.0,,,0,0,1,0.0,0,,0,1,1,6,3.0,0,0,0,0.0,0.03,0,0,1,0,0,1,1,,,0,,,,,,,,,,,,,,,
ENG-Premier League,2324,Manchester Utd,Diogo Dalot,POR,DF,24,1999,36,35,3174,35.3,2,3,5,2,0,0,6,1,0.06,0.09,0.14,0.06,0.14,35.3,2,30,7,23.3,0.85,0.2,0.07,0.29,0,0,88,92.8,35,90,34,1,25,1,1.58,56,55,1,0.03,0.76,1,45,14,2,81,38,50,,,0,,,,,,,,,,,,,,,
ENG-Premier League,2324,Manchester Utd,Donny van de Beek,NED,MF,26,1997,1,0,3,0.0,0,0,0,0,0,0,0,0,0.0,0.0,0.0,0.0,0.0,0.0,0,1,0,0.0,30.0,0.0,0.0,,0,0,3,0.1,0,,0,1,3,11,0.0,0,0,0,0.0,0.03,0,0,0,0,0,0,0,,,0,,,,,,,,,,,,,,,
ENG-Premier League,2324,Manchester Utd,Ethan Wheatley,ENG,FW,17,2006,3,0,16,0.2,0,0,0,0,0,0,0,0,0.0,0.0,0.0,0.0,0.0,0.2,0,0,0,,0.0,0.0,,,0,0,5,0.5,0,,0,3,5,2,1.0,0,0,0,0.0,0.03,0,3,0,0,0,2,1,,,0,,,,,,,,,,,,,,,
ENG-Premier League,2324,Manchester Utd,Facundo Pellistri,URU,MF,21,2001,9,1,172,1.9,0,1,1,0,0,0,0,0,0.0,0.52,0.52,0.0,0.52,1.9,0,4,2,50.0,2.09,1.05,0.0,0.0,0,0,19,5.0,1,60,0,8,14,11,1.11,2,2,0,0.0,0.03,0,4,6,0,5,1,2,,,0,,,,,,,,,,,,,,,
ENG-Premier League,2324,Manchester Utd,Hannibal Mejbri,TUN,MF,20,2003,5,1,133,1.5,1,0,1,1,0,0,1,0,0.68,0.0,0.68,0.68,0.68,1.5,1,1,1,100.0,0.68,0.68,1.0,1.0,0,0,27,3.9,1,90,1,4,11,9,2.0,2,1,1,0.68,0.73,0,5,6,1,1,0,3,,,0,,,,,,,,,,,,,,,
ENG-Premier League,2324,Manchester Utd,Harry Maguire,ENG,DF,30,1993,22,18,1653,18.4,2,2,4,2,0,0,4,0,0.11,0.11,0.22,0.11,0.22,18.4,2,20,3,15.0,1.09,0.16,0.1,0.67,0,0,75,48.3,18,88,17,4,20,3,1.68,33,29,4,0.22,0.47,0,21,10,6,4,24,17,,,0,,,,,,,,,,,,,,,
ENG-Premier League,2324,Manchester Utd,Jadon Sancho,ENG,"FW,MF",23,2000,3,0,79,0.9,0,0,0,0,0,0,0,0,0.0,0.0,0.0,0.0,0.0,0.9,0,0,0,,0.0,0.0,,,0,0,26,2.3,0,,0,3,26,0,2.0,2,1,1,1.14,1.19,0,0,2,1,1,1,1,,,0,,,,,,,,,,,,,,,
ENG-Premier League,2324,Manchester Utd,Jonny Evans,NIR,DF,35,1988,23,15,1392,15.5,0,1,1,0,0,0,2,0,0.0,0.06,0.06,0.0,0.06,15.5,0,1,0,0.0,0.06,0.0,0.0,,0,0,61,40.7,15,85,9,8,15,3,1.65,21,24,-3,-0.19,-0.28,0,17,13,0,0,23,15,,,0,,,,,,,,,,,,,,,
ENG-Premier League,2324,Manchester Utd,Kobbie Mainoo,ENG,MF,18,2005,24,24,1924,21.4,3,1,4,3,0,0,3,0,0.14,0.05,0.19,0.14,0.19,21.4,3,11,5,45.5,0.51,0.23,0.27,0.6,0,0,80,56.3,24,80,7,0,,5,1.5,33,31,2,0.09,0.27,0,16,23,0,7,22,26,,,0,,,,,,,,,,,,,,,
ENG-Premier League,2324,Manchester Utd,Lisandro Martínez,ARG,DF,25,1998,11,8,646,7.2,0,1,1,0,0,0,3,0,0.0,0.14,0.14,0.0,0.14,7.2,0,0,0,,0.0,0.0,,,0,0,59,18.9,8,74,2,3,19,0,1.82,12,12,0,0.0,0.03,0,6,3,0,2,5,9,,,1,,,,,,,,,,,,,,,
ENG-Premier League,2324,Manchester Utd,Luke Shaw,ENG,DF,28,1995,12,12,959,10.7,0,0,0,0,0,0,6,0,0.0,0.0,0.0,0.0,0.0,10.7,0,2,0,0.0,0.19,0.0,0.0,,0,0,80,28.0,12,80,7,0,,0,1.83,16,13,3,0.28,0.43,0,14,3,0,33,6,9,,,0,,,,,,,,,,,,,,,
ENG-Premier League,2324,Manchester Utd,Marcus Rashford,ENG,"MF,FW",25,1997,33,26,2271,25.2,7,2,9,5,2,2,2,0,0.28,0.08,0.36,0.2,0.28,25.2,7,62,21,33.9,2.46,0.83,0.11,0.33,2,2,69,66.4,26,83,12,7,17,0,1.61,36,37,-1,-0.04,-0.04,0,12,21,12,35,4,13,,,0,,,,,,,,,,,,,,,
ENG-Premier League,2324,Manchester Utd,Mason Mount,ENG,MF,24,1999,14,5,516,5.7,1,0,1,1,0,0,2,0,0.17,0.0,0.17,0.17,0.17,5.7,1,5,1,20.0,0.87,0.17,0.2,1.0,0,0,37,15.1,5,74,0,9,16,0,1.36,3,13,-10,-1.74,-2.02,0,10,9,0,14,6,14,,,0,,,,,,,,,,,,,,,
ENG-Premier League,2324,Manchester Utd,Omari Forson,ENG,MF,19,2004,4,1,70,0.8,0,1,1,0,0,0,0,0,0.0,1.29,1.29,0.0,1.29,0.8,0,1,0,0.0,1.29,0.0,0.0,,0,0,18,2.0,1,52,0,3,6,9,0.75,1,2,-1,-1.29,-1.29,0,1,0,0,0,0,0,,,0,,,,,,,,,,,,,,,
ENG-Premier League,2324,Manchester Utd,Raphaël Varane,FRA,DF,30,1993,22,16,1375,15.3,1,0,1,1,0,0,2,0,0.07,0.0,0.07,0.07,0.07,15.3,1,8,2,25.0,0.52,0.13,0.13,0.5,0,0,63,40.2,16,81,12,6,12,4,1.91,25,23,2,0.13,0.26,0,8,3,2,0,14,10,,,0,,,,,,,,,,,,,,,
ENG-Premier League,2324,Manchester Utd,Rasmus Højlund,DEN,FW,20,2003,30,25,2158,24.0,10,2,12,10,0,0,2,0,0.42,0.08,0.5,0.42,0.5,24.0,10,38,21,55.3,1.58,0.88,0.26,0.48,0,0,72,63.1,25,81,8,5,26,0,1.6,36,35,1,0.04,0.18,0,20,30,15,6,1,6,,,0,,,,,,,,,,,,,,,
ENG-Premier League,2324,Manchester Utd,Scott McTominay,SCO,"MF,FW",26,1996,32,18,1901,21.1,7,1,8,7,0,0,2,0,0.33,0.05,0.38,0.33,0.38,21.1,7,44,19,43.2,2.08,0.9,0.16,0.37,0,0,59,55.6,18,88,16,14,23,2,1.81,31,30,1,0.05,0.17,0,27,21,6,4,14,23,,,0,,,,,,,,,,,,,,,
ENG-Premier League,2324,Manchester Utd,Sergio Reguilón,ESP,DF,26,1996,9,4,412,4.6,0,0,0,0,0,0,3,0,0.0,0.0,0.0,0.0,0.0,4.6,0,4,0,0.0,0.87,0.0,0.0,,0,0,46,12.0,4,83,1,5,16,5,1.0,4,7,-3,-0.66,-0.72,0,4,11,3,30,5,9,,,0,,,,,,,,,,,,,,,
ENG-Premier League,2324,Manchester Utd,Sofyan Amrabat,MAR,"MF,DF",26,1996,21,10,938,10.4,0,0,0,0,0,0,6,0,0.0,0.0,0.0,0.0,0.0,10.4,0,3,0,0.0,0.29,0.0,0.0,,0,0,45,27.4,10,83,6,11,10,8,1.71,8,15,-7,-0.67,-0.89,0,24,10,0,7,8,15,,,0,,,,,,,,,,,,,,,
ENG-Premier League,2324,Manchester Utd,Victor Lindelöf,SWE,DF,29,1994,19,14,1328,14.8,1,1,2,1,0,0,2,0,0.07,0.07,0.14,0.07,0.14,14.8,1,6,4,66.7,0.41,0.27,0.17,0.25,0,0,70,38.8,14,82,7,5,37,2,1.95,18,15,3,0.2,0.38,0,15,2,3,1,13,11,,,0,,,,,,,,,,,,,,,
ENG-Premier League,2324,Manchester Utd,Willy Kambwala,FRA,DF,18,2004,8,3,330,3.7,0,0,0,0,0,0,1,0,0.0,0.0,0.0,0.0,0.0,3.7,0,0,0,,0.0,0.0,,,0,0,41,9.6,3,88,2,5,13,8,1.0,5,10,-5,-1.36,-1.48,0,4,2,0,0,4,1,,,0,,,,,,,,,,,,,,,
ENG-Premier League,2324,Newcastle,Alex Murphy,IRL,DF,19,2004,2,0,13,0.1,0,0,0,0,0,0,0,0,0.0,0.0,0.0,0.0,0.0,0.1,0,0,0,,0.0,0.0,,,0,0,7,0.4,0,,0,2,7,17,3.0,0,0,0,0.0,-0.61,0,2,0,0,0,1,1,,,0,,,,,,,,,,,,,,,
ENG-Premier League,2324,Newcastle,Alexander Isak,SWE,FW,23,1999,30,27,2255,25.1,21,2,23,16,5,6,1,0,0.84,0.08,0.92,0.64,0.72,25.1,21,78,43,55.1,3.11,1.72,0.27,0.49,5,6,75,65.9,27,80,13,3,32,1,1.5,51,41,10,0.4,-0.61,0,14,16,17,10,6,0,,,0,,,,,,,,,,,,,,,
ENG-Premier League,2324,Newcastle,Amadou Diallo,ENG,FW,20,2003,1,0,1,0.0,0,0,0,0,0,0,0,0,0.0,0.0,0.0,0.0,0.0,0.0,0,0,0,,0.0,0.0,,,0,0,1,0.0,0,,0,1,1,5,3.0,0,0,0,0.0,-0.61,0,0,0,0,0,0,0,,,0,,,,,,,,,,,,,,,
ENG-Premier League,2324,Newcastle,Anthony Gordon,ENG,FW,22,2001,35,34,2890,32.1,11,10,21,10,1,1,12,1,0.34,0.31,0.65,0.31,0.62,32.1,11,81,31,38.3,2.52,0.97,0.14,0.35,1,1,83,84.5,34,83,16,1,79,0,1.57,70,48,22,0.69,0.52,1,38,64,8,111,6,33,,,0,,,,,,,,,,,,,,,
ENG-Premier League,2324,Newcastle,Ben Parkinson,ENG,FW,18,2005,1,0,25,0.3,0,0,0,0,0,0,0,0,0.0,0.0,0.0,0.0,0.0,0.3,0,0,0,,0.0,0.0,,,0,0,25,0.7,0,,0,1,25,8,0.0,0,1,-1,-3.6,-4.24,0,0,0,1,0,0,0,,,0,,,,,,,,,,,,,,,
ENG-Premier League,2324,Newcastle,Bruno Guimarães,BRA,MF,25,1997,37,37,3263,36.3,7,8,15,7,0,0,9,0,0.19,0.22,0.41,0.19,0.41,36.3,7,48,16,33.3,1.32,0.44,0.15,0.44,0,0,88,95.4,37,88,31,0,,0,1.62,81,60,21,0.58,-0.57,0,50,108,0,33,31,52,,,0,,,,,,,,,,,,,,,
ENG-Premier League,2324,Newcastle,Callum Wilson,ENG,FW,31,1992,20,9,991,11.0,9,1,10,7,2,2,3,0,0.82,0.09,0.91,0.64,0.73,11.0,9,35,21,60.0,3.18,1.91,0.26,0.43,2,2,50,29.0,9,80,5,11,25,0,1.65,30,15,15,1.36,1.07,0,15,17,4,3,1,3,,,0,,,,,,,,,,,,,,,
ENG-Premier League,2324,Newcastle,Dan Burn,ENG,DF,31,1992,33,32,2726,30.3,2,2,4,2,0,0,4,0,0.07,0.07,0.13,0.07,0.13,30.3,2,23,6,26.1,0.76,0.2,0.09,0.33,0,0,83,79.7,32,85,24,1,18,0,1.64,74,45,29,0.96,1.74,0,32,11,4,11,35,34,,,0,,,,,,,,,,,,,,,
ENG-Premier League,2324,Newcastle,Elliot Anderson,ENG,"MF,FW",20,2002,21,10,1027,11.4,0,2,2,0,0,0,3,0,0.0,0.18,0.18,0.0,0.18,11.4,0,19,5,26.3,1.67,0.44,0.0,0.0,0,0,49,30.0,10,80,3,11,21,0,1.86,30,14,16,1.4,1.14,0,22,19,1,19,9,18,,,0,,,,,,,,,,,,,,,
ENG-Premier League,2324,Newcastle,Emil Krafth,SWE,DF,28,1994,17,8,913,10.1,0,0,0,0,0,0,2,0,0.0,0.0,0.0,0.0,0.0,10.1,0,4,0,0.0,0.39,0.0,0.0,,0,0,54,26.7,8,90,8,9,21,11,1.71,26,15,11,1.08,0.65,0,11,7,0,17,8,11,,,0,,,,,,,,,,,,,,,
ENG-Premier League,2324,Newcastle,Fabian Schär,SUI,DF,31,1991,36,35,3054,33.9,4,1,5,4,0,0,5,0,0.12,0.03,0.15,0.12,0.15,33.9,4,35,9,25.7,1.03,0.27,0.11,0.44,0,0,85,89.3,35,86,31,1,28,0,1.56,72,58,14,0.41,-1.8,0,37,26,0,8,33,25,,,0,,,,,,,,,,,,,,,
ENG-Premier League,2324,Newcastle,Harvey Barnes,ENG,"FW,MF",25,1997,21,7,802,8.9,5,3,8,5,0,0,2,0,0.56,0.34,0.9,0.56,0.9,8.9,5,27,12,44.4,3.03,1.35,0.19,0.42,0,0,38,23.5,7,67,1,14,24,0,1.76,24,10,14,1.57,1.26,0,4,21,2,12,3,1,,,0,,,,,,,,,,,,,,,
ENG-Premier League,2324,Newcastle,Jacob Murphy,ENG,"FW,MF",28,1995,21,14,1189,13.2,3,7,10,3,0,0,1,0,0.23,0.53,0.76,0.23,0.76,13.2,3,30,10,33.3,2.27,0.76,0.1,0.3,0,0,57,34.8,14,75,5,7,20,5,1.95,40,21,19,1.44,1.28,0,7,15,1,78,5,12,,,0,,,,,,,,,,,,,,,
ENG-Premier League,2324,Newcastle,Jamaal Lascelles,ENG,DF,29,1993,16,13,1080,12.0,1,0,1,1,0,0,4,0,0.08,0.0,0.08,0.08,0.08,12.0,1,6,1,16.7,0.5,0.08,0.17,1.0,0,0,68,31.6,13,80,9,3,15,10,1.44,23,15,8,0.67,0.09,0,17,2,1,1,5,9,,,0,,,,,,,,,,,,,,,
ENG-Premier League,2324,Newcastle,Joe White,ENG,MF,20,2002,4,0,13,0.1,0,0,0,0,0,0,1,0,0.0,0.0,0.0,0.0,0.0,0.1,0,0,0,,0.0,0.0,,,0,0,3,0.4,0,,0,4,3,10,1.0,2,0,2,13.85,13.29,0,2,0,0,0,0,1,,,0,,,,,,,,,,,,,,,
ENG-Premier League,2324,Newcastle,Joe Willock,ENG,MF,23,1999,9,5,419,4.7,1,0,1,1,0,0,0,0,0.21,0.0,0.21,0.21,0.21,4.7,1,7,4,57.1,1.5,0.86,0.14,0.25,0,0,47,12.3,5,67,0,4,22,0,1.56,6,9,-3,-0.64,-1.42,0,3,3,1,6,1,7,,,0,,,,,,,,,,,,,,,
ENG-Premier League,2324,Newcastle,Joelinton,BRA,"MF,FW",26,1996,20,15,1279,14.2,2,1,3,2,0,0,6,0,0.14,0.07,0.21,0.14,0.21,14.2,2,19,9,47.4,1.34,0.63,0.11,0.22,0,0,64,37.4,15,79,8,5,18,0,1.45,26,23,3,0.21,-0.63,0,28,22,0,2,19,26,,,0,,,,,,,,,,,,,,,
ENG-Premier League,2324,Newcastle,Kieran Trippier,ENG,DF,32,1990,28,26,2236,24.8,1,10,11,1,0,0,5,0,0.04,0.4,0.44,0.04,0.44,24.8,1,8,2,25.0,0.32,0.08,0.13,0.5,0,0,80,65.4,26,86,21,2,6,0,1.46,49,43,6,0.24,-1.05,0,27,21,3,214,24,27,,,0,,,,,,,,,,,,,,,
ENG-Premier League,2324,Newcastle,Lewis Hall,ENG,DF,18,2004,18,8,781,8.7,1,0,1,1,0,0,2,0,0.12,0.0,0.12,0.12,0.12,8.7,1,11,4,36.4,1.27,0.46,0.09,0.25,0,0,43,22.8,8,82,3,10,13,15,1.44,23,12,11,1.27,0.86,0,5,5,0,23,13,17,,,0,,,,,,,,,,,,,,,
ENG-Premier League,2324,Newcastle,Lewis Miley,ENG,MF,17,2006,17,14,1202,13.4,1,3,4,1,0,0,1,0,0.07,0.22,0.3,0.07,0.3,13.4,1,13,3,23.1,0.97,0.22,0.08,0.33,0,0,71,35.1,14,80,6,3,29,1,1.18,27,29,-2,-0.15,-1.16,0,5,6,2,12,8,21,,,0,,,,,,,,,,,,,,,
ENG-Premier League,2324,Newcastle,Loris Karius,GER,GK,30,1993,1,1,90,1.0,0,0,0,0,0,0,0,0,0.0,0.0,0.0,0.0,0.0,1.0,0,0,0,,0.0,0.0,,,0,0,90,2.6,1,90,1,0,,21,0.0,1,4,-3,-3.0,-3.7,0,0,0,0,0,0,0,,,0,4,4.0,8,4,50.0,0,0,1,0,0.0,0,0,0,0,
ENG-Premier League,2324,Newcastle,Martin Dúbravka,SVK,GK,34,1989,23,22,1985,22.1,0,0,0,0,0,0,1,0,0.0,0.0,0.0,0.0,0.0,22.1,0,0,0,,0.0,0.0,,,0,0,86,58.0,22,90,22,1,5,14,1.48,48,42,6,0.27,-0.79,0,2,5,0,0,0,0,,,0,42,1.9,129,87,67.4,9,4,9,5,22.7,5,4,1,0,20.0
ENG-Premier League,2324,Newcastle,Matt Ritchie,SCO,"DF,MF",33,1989,13,0,128,1.4,1,0,1,1,0,0,1,0,0.7,0.0,0.7,0.7,0.7,1.4,1,6,4,66.7,4.22,2.81,0.17,0.25,0,0,10,3.7,0,,0,13,10,18,1.92,3,5,-2,-1.41,-2.09,0,2,1,0,7,1,3,,,0,,,,,,,,,,,,,,,
ENG-Premier League,2324,Newcastle,Matt Targett,ENG,DF,27,1995,3,1,78,0.9,0,0,0,0,0,0,1,0,0.0,0.0,0.0,0.0,0.0,0.9,0,0,0,,0.0,0.0,,,0,0,26,2.3,1,73,0,2,3,8,0.33,0,4,-4,-4.62,-5.34,0,0,2,0,0,0,0,,,0,,,,,,,,,,,,,,,
ENG-Premier League,2324,Newcastle,Michael Ndiweni,ENG,MF,19,2003,1,0,1,0.0,0,0,0,0,0,0,0,0,0.0,0.0,0.0,0.0,0.0,0.0,0,0,0,,0.0,0.0,,,0,0,1,0.0,0,,0,1,1,0,3.0,0,0,0,0.0,-0.61,0,0,0,0,0,0,0,,,0,,,,,,,,,,,,,,,
ENG-Premier League,2324,Newcastle,Miguel Almirón,PAR,FW,29,1994,33,23,1937,21.5,3,1,4,3,0,0,2,0,0.14,0.05,0.19,0.14,0.19,21.5,3,41,12,29.3,1.91,0.56,0.07,0.25,0,0,59,56.6,23,74,5,10,23,0,1.52,39,40,-1,-0.05,-1.5,0,16,22,10,24,10,24,,,0,,,,,,,,,,,,,,,
ENG-Premier League,2324,Newcastle,Nick Pope,ENG,GK,31,1992,15,15,1345,14.9,0,0,0,0,0,0,1,0,0.0,0.0,0.0,0.0,0.0,14.9,0,1,0,0.0,0.07,0.0,0.0,,0,0,90,39.3,15,90,14,0,,3,1.93,36,16,20,1.34,1.21,0,0,3,0,0,0,0,,,0,16,1.07,59,43,72.9,9,2,4,6,40.0,0,0,0,0,
ENG-Premier League,2324,Newcastle,Paul Dummett,WAL,DF,31,1991,5,0,20,0.2,0,0,0,0,0,0,0,0,0.0,0.0,0.0,0.0,0.0,0.2,0,1,0,0.0,4.5,0.0,0.0,,0,0,4,0.6,0,,0,5,4,24,2.6,0,1,-1,-4.5,-5.14,0,1,0,0,0,0,0,,,0,,,,,,,,,,,,,,,
ENG-Premier League,2324,Newcastle,Sandro Tonali,ITA,MF,23,2000,8,5,438,4.9,1,0,1,1,0,0,2,0,0.21,0.0,0.21,0.21,0.21,4.9,1,3,2,66.7,0.62,0.41,0.33,0.5,0,0,55,12.8,5,74,1,3,22,1,1.63,10,5,5,1.03,0.48,0,9,6,0,11,2,7,,,0,,,,,,,,,,,,,,,
ENG-Premier League,2324,Newcastle,Sean Longstaff,ENG,MF,25,1997,35,30,2747,30.5,6,2,8,6,0,0,7,0,0.2,0.07,0.26,0.2,0.26,30.5,6,41,15,36.6,1.34,0.49,0.15,0.4,0,0,78,80.3,30,88,25,5,24,0,1.54,74,50,24,0.79,0.92,0,24,33,2,25,16,31,,,0,,,,,,,,,,,,,,,
ENG-Premier League,2324,Newcastle,Sven Botman,NED,DF,23,2000,17,15,1377,15.3,2,2,4,2,0,0,2,0,0.13,0.13,0.26,0.13,0.26,15.3,2,10,2,20.0,0.65,0.13,0.2,1.0,0,0,81,40.3,15,88,12,2,31,0,1.35,37,29,8,0.52,-0.14,0,9,2,1,0,9,13,,,1,,,,,,,,,,,,,,,
ENG-Premier League,2324,Newcastle,Tino Livramento,ENG,DF,20,2002,26,12,1314,14.6,1,0,1,1,0,0,1,0,0.07,0.0,0.07,0.07,0.07,14.6,1,4,2,50.0,0.27,0.14,0.25,0.5,0,0,51,38.4,12,84,8,14,22,7,1.73,31,27,4,0.27,-0.54,0,3,28,1,26,24,14,,,0,,,,,,,,,,,,,,,
ENG-Premier League,2324,Nottingham,Andrew Omobamidele,IRL,DF,21,2002,11,8,783,8.7,0,0,0,0,0,0,2,0,0.0,0.0,0.0,0.0,0.0,8.7,0,1,0,0.0,0.11,0.0,0.0,,0,0,71,22.9,8,90,8,3,21,8,0.73,12,15,-3,-0.34,0.17,0,6,3,0,0,12,3,,,1,,,,,,,,,,,,,,,
ENG-Premier League,2324,Nottingham,Andrey Santos,BRA,MF,19,2004,1,0,8,0.1,0,0,0,0,0,0,0,0,0.0,0.0,0.0,0.0,0.0,0.1,0,2,0,0.0,22.5,0.0,0.0,,0,0,8,0.2,0,,0,1,8,5,0.0,0,0,0,0.0,0.47,0,0,0,0,0,0,0,,,0,,,,,,,,,,,,,,,
ENG-Premier League,2324,Nottingham,Anthony Elanga,SWE,"MF,FW",21,2002,36,25,2433,27.0,5,9,14,5,0,0,1,0,0.18,0.33,0.52,0.18,0.52,27.0,5,54,23,42.6,2.0,0.85,0.09,0.22,0,0,68,71.1,25,86,15,11,27,0,0.97,40,47,-7,-0.26,0.74,0,9,26,19,57,8,19,,,0,,,,,,,,,,,,,,,
ENG-Premier League,2324,Nottingham,Brandon Aguilera,CRC,MF,20,2003,1,0,5,0.1,0,0,0,0,0,0,0,0,0.0,0.0,0.0,0.0,0.0,0.1,0,0,0,,0.0,0.0,,,0,0,5,0.1,0,,0,1,5,3,0.0,0,0,0,0.0,0.47,0,3,0,0,0,0,0,,,0,,,,,,,,,,,,,,,
ENG-Premier League,2324,Nottingham,Brennan Johnson,WAL,"FW,MF",22,2001,3,3,237,2.6,0,0,0,0,0,0,0,0,0.0,0.0,0.0,0.0,0.0,2.6,0,3,0,0.0,1.14,0.0,0.0,,0,0,79,6.9,3,79,0,0,,0,1.0,4,5,-1,-0.38,0.1,0,1,7,1,2,0,0,,,0,,,,,,,,,,,,,,,
ENG-Premier League,2324,Nottingham,Callum Hudson-Odoi,ENG,"MF,FW",22,2000,29,20,1854,20.6,8,1,9,8,0,0,0,0,0.39,0.05,0.44,0.39,0.44,20.6,8,38,20,52.6,1.84,0.97,0.21,0.4,0,0,64,54.2,20,82,9,9,24,1,0.86,32,41,-9,-0.44,0.08,0,14,30,9,73,6,8,,,0,,,,,,,,,,,,,,,
ENG-Premier League,2324,Nottingham,Cheikhou Kouyaté,SEN,MF,33,1989,12,2,212,2.4,0,0,0,0,0,0,2,0,0.0,0.0,0.0,0.0,0.0,2.4,0,5,1,20.0,2.12,0.42,0.0,0.0,0,0,18,6.2,2,64,0,10,8,18,1.33,1,6,-5,-2.12,-1.76,0,6,2,0,0,2,5,,,0,,,,,,,,,,,,,,,
ENG-Premier League,2324,Nottingham,Chris Wood,NZL,FW,31,1991,31,20,1812,20.1,14,1,15,14,0,0,0,0,0.7,0.05,0.75,0.7,0.75,20.1,14,48,26,54.2,2.38,1.29,0.29,0.54,0,0,58,53.0,20,83,13,11,14,0,0.94,28,34,-6,-0.3,0.37,0,22,13,7,2,1,4,,,0,,,,,,,,,,,,,,,
ENG-Premier League,2324,Nottingham,Danilo Santos,BRA,MF,22,2001,29,20,1792,19.9,2,2,4,2,0,0,4,0,0.1,0.1,0.2,0.1,0.2,19.9,2,23,7,30.4,1.16,0.35,0.09,0.29,0,0,62,52.4,20,80,7,9,20,2,1.03,31,42,-11,-0.55,-0.17,0,13,9,2,26,33,22,,,0,,,,,,,,,,,,,,,
ENG-Premier League,2324,Nottingham,Divock Origi,BEL,"MF,FW",28,1995,20,6,606,6.7,0,1,1,0,0,0,1,0,0.0,0.15,0.15,0.0,0.15,6.7,0,14,4,28.6,2.08,0.59,0.0,0.0,0,0,30,17.7,6,57,0,14,19,7,0.6,4,6,-2,-0.3,0.21,0,14,8,5,13,2,4,,,0,,,,,,,,,,,,,,,
ENG-Premier League,2324,Nottingham,Felipe,BRA,DF,34,1989,7,4,375,4.2,0,0,0,0,0,0,4,0,0.0,0.0,0.0,0.0,0.0,4.2,0,3,0,0.0,0.72,0.0,0.0,,0,0,54,11.0,4,75,2,3,25,5,0.75,4,11,-7,-1.68,-1.35,0,10,2,0,0,4,9,,,0,,,,,,,,,,,,,,,
ENG-Premier League,2324,Nottingham,Gio Reyna,USA,MF,20,2002,9,2,235,2.6,0,1,1,0,0,0,0,0,0.0,0.38,0.38,0.0,0.38,2.6,0,5,2,40.0,1.91,0.77,0.0,0.0,0,0,26,6.9,2,61,0,7,16,4,0.67,3,3,0,0.0,0.51,0,3,2,0,8,2,3,,,0,,,,,,,,,,,,,,,
ENG-Premier League,2324,Nottingham,Gonzalo Montiel,ARG,DF,26,1997,14,8,801,8.9,0,2,2,0,0,0,5,0,0.0,0.22,0.22,0.0,0.22,8.9,0,3,0,0.0,0.34,0.0,0.0,,0,0,57,23.4,8,77,2,6,32,10,1.29,13,11,2,0.22,0.91,0,6,1,2,16,7,19,,,0,,,,,,,,,,,,,,,
ENG-Premier League,2324,Nottingham,Harry Toffolo,ENG,"DF,MF",27,1995,23,15,1459,16.2,1,3,4,1,0,0,3,0,0.06,0.19,0.25,0.06,0.25,16.2,1,8,5,62.5,0.49,0.31,0.13,0.2,0,0,63,42.7,15,88,12,8,18,9,0.91,18,29,-11,-0.68,-0.36,0,17,2,0,46,12,15,,,0,,,,,,,,,,,,,,,
ENG-Premier League,2324,Nottingham,Ibrahim Sangaré,CIV,MF,25,1997,17,13,1035,11.5,0,0,0,0,0,0,6,0,0.0,0.0,0.0,0.0,0.0,11.5,0,8,0,0.0,0.7,0.0,0.0,,0,0,61,30.3,13,73,4,4,20,7,0.88,12,16,-4,-0.35,0.18,0,22,9,2,2,14,22,,,0,,,,,,,,,,,,,,,
ENG-Premier League,2324,Nottingham,Joe Worrall,ENG,DF,26,1997,7,5,439,4.9,0,0,0,0,0,0,0,1,0.0,0.0,0.0,0.0,0.0,4.9,0,2,0,0.0,0.41,0.0,0.0,,0,0,63,12.8,5,85,3,2,7,7,1.57,7,8,-1,-0.21,0.31,0,3,2,0,0,3,5,,,0,,,,,,,,,,,,,,,
ENG-Premier League,2324,Nottingham,Matt Turner,USA,GK,29,1994,17,17,1530,17.0,0,0,0,0,0,0,2,0,0.0,0.0,0.0,0.0,0.0,17.0,0,0,0,,0.0,0.0,,,0,0,90,44.7,17,90,17,0,,20,1.11,24,29,-5,-0.29,0.32,0,0,3,0,0,0,0,,,0,28,1.65,83,55,66.3,4,5,8,2,11.8,2,2,0,0,0.0
ENG-Premier League,2324,Nottingham,Matz Sels,BEL,GK,31,1992,16,16,1440,16.0,0,0,0,0,0,0,1,0,0.0,0.0,0.0,0.0,0.0,16.0,0,0,0,,0.0,0.0,,,0,0,90,42.1,16,90,16,0,,0,1.0,22,27,-5,-0.31,0.28,0,0,3,0,0,0,0,,,0,27,1.69,64,37,57.8,4,4,8,1,6.3,1,1,0,0,0.0
ENG-Premier League,2324,Nottingham,Morgan Gibbs-White,ENG,"MF,FW",23,2000,37,35,3156,35.1,5,10,15,4,1,1,9,0,0.14,0.29,0.43,0.11,0.4,35.1,5,71,15,21.1,2.02,0.43,0.07,0.33,1,1,85,92.3,35,88,27,2,38,0,0.97,46,59,-13,-0.37,1.33,0,37,57,6,181,18,24,,,0,,,,,,,,,,,,,,,
ENG-Premier League,2324,Nottingham,Moussa Niakhaté,SEN,DF,27,1996,21,15,1460,16.2,1,0,1,1,0,0,5,1,0.06,0.0,0.06,0.06,0.06,16.2,1,5,1,20.0,0.31,0.06,0.2,1.0,0,0,70,42.7,15,87,13,6,25,12,0.95,20,35,-15,-0.92,-0.79,1,11,4,0,11,14,25,,,0,,,,,,,,,,,,,,,
ENG-Premier League,2324,Nottingham,Murillo,BRA,DF,21,2002,32,32,2789,31.0,0,2,2,0,0,0,5,0,0.0,0.06,0.06,0.0,0.06,31.0,0,17,6,35.3,0.55,0.19,0.0,0.0,0,0,87,81.5,32,87,28,0,,0,0.91,41,56,-15,-0.48,-0.06,0,38,7,0,3,40,33,,,1,,,,,,,,,,,,,,,
ENG-Premier League,2324,Nottingham,Neco Williams,WAL,"DF,MF",22,2001,26,18,1637,18.2,0,1,1,0,0,0,4,0,0.0,0.05,0.05,0.0,0.05,18.2,0,15,4,26.7,0.82,0.22,0.0,0.0,0,0,63,47.9,18,85,14,8,13,5,0.92,23,33,-10,-0.55,-0.15,0,23,30,4,69,23,39,,,0,,,,,,,,,,,,,,,
ENG-Premier League,2324,Nottingham,Nicolás Domínguez,ARG,MF,25,1998,26,19,1495,16.6,2,2,4,2,0,0,4,0,0.12,0.12,0.24,0.12,0.24,16.6,2,22,6,27.3,1.32,0.36,0.09,0.33,0,0,58,43.7,19,74,3,7,12,6,0.92,16,27,-11,-0.66,-0.33,0,26,16,2,6,18,35,,,0,,,,,,,,,,,,,,,
ENG-Premier League,2324,Nottingham,Nuno Tavares,POR,DF,23,2000,8,5,457,5.1,0,0,0,0,0,0,2,0,0.0,0.0,0.0,0.0,0.0,5.1,0,7,1,14.3,1.38,0.2,0.0,0.0,0,0,57,13.4,5,80,4,3,20,5,1.13,8,9,-1,-0.2,0.32,0,8,2,0,16,1,7,,,0,,,,,,,,,,,,,,,
ENG-Premier League,2324,Nottingham,Odysseas Vlachodimos,GRE,GK,29,1994,5,5,450,5.0,0,0,0,0,0,0,0,0,0.0,0.0,0.0,0.0,0.0,5.0,0,0,0,,0.0,0.0,,,0,0,90,13.2,5,90,5,0,,14,0.6,6,12,-6,-1.2,-0.84,0,0,1,0,0,0,0,,,0,12,2.4,22,10,45.5,1,0,4,1,20.0,1,1,0,0,0.0
ENG-Premier League,2324,Nottingham,Ola Aina,NGA,"DF,MF",26,1996,22,20,1692,18.8,1,1,2,1,0,0,3,0,0.05,0.05,0.11,0.05,0.11,18.8,1,11,1,9.1,0.59,0.05,0.09,1.0,0,0,77,49.5,20,84,9,2,5,3,1.0,27,39,-12,-0.64,-0.33,0,18,25,2,27,17,29,,,0,,,,,,,,,,,,,,,
ENG-Premier League,2324,Nottingham,Orel Mangala,BEL,MF,25,1998,20,19,1563,17.4,1,0,1,1,0,0,6,0,0.06,0.0,0.06,0.06,0.06,17.4,1,10,1,10.0,0.58,0.06,0.1,1.0,0,0,78,45.7,19,82,10,1,4,1,0.85,16,31,-15,-0.86,-0.72,0,23,21,0,2,27,12,,,0,,,,,,,,,,,,,,,
ENG-Premier League,2324,Nottingham,Rodrigo Ribeiro,POR,FW,18,2005,4,0,17,0.2,0,0,0,0,0,0,0,0,0.0,0.0,0.0,0.0,0.0,0.2,0,0,0,,0.0,0.0,,,0,0,4,0.5,0,,0,4,4,8,1.25,0,0,0,0.0,0.48,0,1,0,0,0,1,0,,,0,,,,,,,,,,,,,,,
ENG-Premier League,2324,Nottingham,Ryan Yates,ENG,MF,25,1997,35,21,1992,22.1,1,1,2,1,0,0,6,0,0.05,0.05,0.09,0.05,0.09,22.1,1,32,7,21.9,1.45,0.32,0.03,0.14,0,0,57,58.2,21,83,14,14,18,2,1.0,31,38,-7,-0.32,0.38,0,54,57,2,6,21,37,,,0,,,,,,,,,,,,,,,
ENG-Premier League,2324,Nottingham,Scott McKenna,SCO,DF,26,1996,5,5,416,4.6,0,0,0,0,0,0,0,0,0.0,0.0,0.0,0.0,0.0,4.6,0,2,0,0.0,0.43,0.0,0.0,,0,0,83,12.2,5,83,4,0,,1,1.4,7,6,1,0.22,0.79,0,3,2,0,0,4,0,,,0,,,,,,,,,,,,,,,
ENG-Premier League,2324,Nottingham,Serge Aurier,CIV,"DF,MF",30,1992,12,10,833,9.3,0,2,2,0,0,0,2,0,0.0,0.22,0.22,0.0,0.22,9.3,0,6,1,16.7,0.65,0.11,0.0,0.0,0,0,69,24.4,10,80,6,2,18,1,1.0,9,15,-6,-0.65,-0.23,0,8,9,0,22,8,14,,,0,,,,,,,,,,,,,,,
ENG-Premier League,2324,Nottingham,Taiwo Awoniyi,NGA,FW,25,1997,20,12,1042,11.6,6,3,9,6,0,0,2,0,0.52,0.26,0.78,0.52,0.78,11.6,6,22,11,50.0,1.9,0.95,0.27,0.55,0,0,52,30.5,12,74,1,8,19,0,1.05,17,21,-4,-0.35,0.18,0,9,16,13,1,1,6,,,0,,,,,,,,,,,,,,,
ENG-Premier League,2324,Nottingham,Willy Boly,CIV,DF,32,1991,20,18,1438,16.0,2,1,3,2,0,0,3,1,0.13,0.06,0.19,0.13,0.19,16.0,2,14,6,42.9,0.88,0.38,0.14,0.33,0,0,72,42.0,18,79,11,2,10,3,1.0,17,23,-6,-0.38,0.17,1,20,2,1,1,24,30,,,0,,,,,,,,,,,,,,,
ENG-Premier League,2324,Sheffield United,Andre Brooks,JAM,MF,19,2003,20,12,938,10.4,0,0,0,0,0,0,1,0,0.0,0.0,0.0,0.0,0.0,10.4,0,9,2,22.2,0.86,0.19,0.0,0.0,0,0,47,27.4,12,62,0,8,24,11,0.25,5,29,-24,-2.3,-0.67,0,11,9,0,8,15,10,,,0,,,,,,,,,,,,,,,
ENG-Premier League,2324,Sheffield United,Anel Ahmedhodžić,BIH,DF,24,1999,31,29,2649,29.4,2,0,2,2,0,0,11,1,0.07,0.0,0.07,0.07,0.07,29.4,2,19,5,26.3,0.65,0.17,0.11,0.4,0,0,85,77.5,29,89,27,2,34,0,0.35,28,89,-61,-2.07,-1.14,1,34,13,2,6,33,35,,,0,,,,,,,,,,,,,,,
ENG-Premier League,2324,Sheffield United,Anis Ben Slimane,TUN,MF,22,2001,15,4,419,4.7,0,0,0,0,0,0,2,0,0.0,0.0,0.0,0.0,0.0,4.7,0,8,3,37.5,1.72,0.64,0.0,0.0,0,0,28,12.3,4,61,0,11,16,13,0.33,2,14,-12,-2.58,-0.87,0,7,6,2,1,5,6,,,1,,,,,,,,,,,,,,,
ENG-Premier League,2324,Sheffield United,Antwoine Hackford,ENG,FW,19,2004,2,0,13,0.1,0,0,0,0,0,0,0,0,0.0,0.0,0.0,0.0,0.0,0.1,0,0,0,,0.0,0.0,,,0,0,7,0.4,0,,0,2,7,0,0.0,0,1,-1,-6.92,-5.13,0,0,0,0,0,0,0,,,0,,,,,,,,,,,,,,,
ENG-Premier League,2324,Sheffield United,Auston Trusty,USA,DF,24,1998,32,28,2572,28.6,0,0,0,0,0,0,4,0,0.0,0.0,0.0,0.0,0.0,28.6,0,8,2,25.0,0.28,0.07,0.0,0.0,0,0,80,75.2,28,89,24,4,21,6,0.38,22,81,-59,-2.06,-1.0,0,23,12,3,6,34,29,,,0,,,,,,,,,,,,,,,
ENG-Premier League,2324,Sheffield United,Ben Brereton,CHI,"FW,MF",24,1999,14,14,1105,12.3,6,1,7,5,1,1,3,0,0.49,0.08,0.57,0.41,0.49,12.3,6,35,19,54.3,2.85,1.55,0.17,0.32,1,1,79,32.3,14,79,8,0,,1,0.29,16,37,-21,-1.71,0.16,0,11,19,10,9,3,4,,,0,,,,,,,,,,,,,,,
ENG-Premier League,2324,Sheffield United,Ben Osborn,ENG,MF,28,1994,24,14,1367,15.2,0,2,2,0,0,0,3,0,0.0,0.13,0.13,0.0,0.13,15.2,0,4,0,0.0,0.26,0.0,0.0,,0,0,57,40.0,14,77,10,10,28,5,0.42,19,40,-21,-1.38,0.72,0,8,9,1,47,8,8,,,1,,,,,,,,,,,,,,,
ENG-Premier League,2324,Sheffield United,Bénie Traoré,CIV,"FW,MF",20,2002,8,3,387,4.3,0,0,0,0,0,0,0,0,0.0,0.0,0.0,0.0,0.0,4.3,0,1,1,100.0,0.23,0.23,0.0,0.0,0,0,48,11.3,3,86,1,5,26,11,0.13,2,13,-11,-2.56,-0.84,0,10,4,1,3,1,2,,,0,,,,,,,,,,,,,,,
ENG-Premier League,2324,Sheffield United,Cameron Archer,ENG,"FW,MF",22,2001,29,21,1832,20.4,4,1,5,4,0,0,1,0,0.2,0.05,0.25,0.2,0.25,20.4,4,42,11,26.2,2.06,0.54,0.1,0.36,0,0,63,53.6,21,80,9,8,19,0,0.48,22,50,-28,-1.38,0.95,0,14,20,13,5,1,12,,,0,,,,,,,,,,,,,,,
ENG-Premier League,2324,Sheffield United,Chris Basham,ENG,"DF,MF",35,1988,8,3,321,3.6,0,0,0,0,0,0,1,0,0.0,0.0,0.0,0.0,0.0,3.6,0,2,0,0.0,0.56,0.0,0.0,,0,0,40,9.4,3,68,1,5,24,0,0.13,2,6,-4,-1.12,0.77,0,3,3,2,4,4,2,,,0,,,,,,,,,,,,,,,
ENG-Premier League,2324,Sheffield United,Daniel Jebbison,CAN,FW,19,2003,1,0,21,0.2,0,0,0,0,0,0,0,0,0.0,0.0,0.0,0.0,0.0,0.2,0,0,0,,0.0,0.0,,,0,0,21,0.6,0,,0,1,21,0,0.0,0,0,0,0.0,1.83,0,0,0,0,0,0,0,,,0,,,,,,,,,,,,,,,
ENG-Premier League,2324,Sheffield United,George Baldock,GRE,"DF,MF",30,1993,13,11,969,10.8,0,1,1,0,0,0,4,0,0.0,0.09,0.09,0.0,0.09,10.8,0,1,0,0.0,0.09,0.0,0.0,,0,0,75,28.3,11,82,9,2,33,1,0.54,11,21,-10,-0.93,1.24,0,18,14,1,18,10,9,,,0,,,,,,,,,,,,,,,
ENG-Premier League,2324,Sheffield United,Gustavo Hamer,NED,MF,26,1997,36,34,2910,32.3,4,6,10,4,0,0,9,0,0.12,0.19,0.31,0.12,0.31,32.3,4,49,15,30.6,1.52,0.46,0.08,0.27,0,0,81,85.1,34,83,18,2,39,0,0.44,31,83,-52,-1.61,1.39,0,50,17,6,118,26,20,,,0,,,,,,,,,,,,,,,
ENG-Premier League,2324,Sheffield United,Ivo Grbić,CRO,GK,27,1996,9,9,771,8.6,0,0,0,0,0,0,1,0,0.0,0.0,0.0,0.0,0.0,8.6,0,0,0,,0.0,0.0,,,0,0,86,22.5,9,86,8,0,,5,0.33,11,25,-14,-1.63,0.23,0,0,2,0,0,0,0,,,0,25,2.92,62,37,59.7,0,3,6,0,0.0,1,0,0,1,
ENG-Premier League,2324,Sheffield United,Jack Robinson,ENG,DF,29,1993,34,31,2885,32.1,1,1,2,1,0,0,10,0,0.03,0.03,0.06,0.03,0.06,32.1,1,14,6,42.9,0.44,0.19,0.07,0.17,0,0,85,84.4,31,89,27,3,40,0,0.47,30,83,-53,-1.65,1.04,0,19,16,1,12,29,30,,,2,,,,,,,,,,,,,,,
ENG-Premier League,2324,Sheffield United,James Mcatee,ENG,"MF,FW",20,2002,30,20,1822,20.2,3,3,6,2,1,1,2,0,0.15,0.15,0.3,0.1,0.25,20.2,3,26,9,34.6,1.28,0.44,0.12,0.33,1,1,61,53.3,20,78,7,10,25,2,0.5,19,65,-46,-2.27,-0.98,0,15,29,1,35,11,20,,,0,,,,,,,,,,,,,,,
ENG-Premier League,2324,Sheffield United,Jayden Bogle,ENG,"MF,DF",23,2000,34,32,2788,31.0,3,0,3,3,0,0,9,0,0.1,0.0,0.1,0.1,0.1,31.0,3,32,11,34.4,1.03,0.36,0.09,0.27,0,0,82,81.5,32,84,23,2,43,1,0.44,29,79,-50,-1.61,1.09,0,39,22,4,41,32,37,,,1,,,,,,,,,,,,,,,
ENG-Premier League,2324,Sheffield United,John Egan,IRL,DF,30,1992,6,6,482,5.4,0,0,0,0,0,0,2,0,0.0,0.0,0.0,0.0,0.0,5.4,0,3,1,33.3,0.56,0.19,0.0,0.0,0,0,80,14.1,6,80,4,0,,0,0.17,4,17,-13,-2.43,-0.71,0,6,1,0,0,13,3,,,0,,,,,,,,,,,,,,,
ENG-Premier League,2324,Sheffield United,John Fleck,SCO,MF,31,1991,4,1,92,1.0,0,0,0,0,0,0,1,0,0.0,0.0,0.0,0.0,0.0,1.0,0,0,0,,0.0,0.0,,,0,0,23,2.7,1,45,0,3,16,5,0.0,1,5,-4,-3.91,-2.16,0,2,2,0,0,0,0,,,0,,,,,,,,,,,,,,,
ENG-Premier League,2324,Sheffield United,Luke Thomas,ENG,"MF,DF",22,2001,12,11,917,10.2,0,0,0,0,0,0,3,0,0.0,0.0,0.0,0.0,0.0,10.2,0,6,1,16.7,0.59,0.1,0.0,0.0,0,0,76,26.8,11,81,7,1,23,4,0.42,5,29,-24,-2.36,-0.74,0,10,13,0,13,10,9,,,0,,,,,,,,,,,,,,,
ENG-Premier League,2324,Sheffield United,Mason Holgate,JAM,DF,26,1996,10,9,710,7.9,0,0,0,0,0,0,3,1,0.0,0.0,0.0,0.0,0.0,7.9,0,3,0,0.0,0.38,0.0,0.0,,0,0,71,20.8,9,76,4,1,22,2,0.5,11,22,-11,-1.39,0.53,0,8,4,0,7,10,7,,,0,,,,,,,,,,,,,,,
ENG-Premier League,2324,Sheffield United,Max Lowe,ENG,"MF,DF",26,1997,10,4,503,5.6,0,0,0,0,0,0,1,0,0.0,0.0,0.0,0.0,0.0,5.6,0,2,0,0.0,0.36,0.0,0.0,,0,0,50,14.7,4,71,1,6,37,3,0.7,6,12,-6,-1.07,0.87,0,7,3,1,8,4,9,,,0,,,,,,,,,,,,,,,
ENG-Premier League,2324,Sheffield United,Oliver Arblaster,ENG,MF,19,2004,12,11,943,10.5,0,0,0,0,0,0,2,0,0.0,0.0,0.0,0.0,0.0,10.5,0,1,1,100.0,0.1,0.1,0.0,0.0,0,0,79,27.6,11,83,7,1,27,2,0.25,13,28,-15,-1.43,0.53,0,10,12,0,7,15,17,,,1,,,,,,,,,,,,,,,
ENG-Premier League,2324,Sheffield United,Oliver McBurnie,SCO,FW,27,1996,21,15,1280,14.2,6,3,9,4,2,2,7,2,0.42,0.21,0.63,0.28,0.49,14.2,6,33,17,51.5,2.32,1.2,0.18,0.35,2,2,61,37.4,15,75,6,6,25,3,0.29,20,38,-18,-1.27,0.88,2,19,27,4,5,5,6,,,0,,,,,,,,,,,,,,,
ENG-Premier League,2324,Sheffield United,Oliver Norwood,NIR,MF,32,1991,27,16,1440,16.0,1,0,1,0,1,1,8,0,0.06,0.0,0.06,0.0,0.0,16.0,1,15,6,40.0,0.94,0.37,0.07,0.17,1,1,53,42.1,16,82,12,11,11,9,0.44,12,47,-35,-2.19,-0.64,0,15,9,0,52,19,26,,,0,,,,,,,,,,,,,,,
ENG-Premier League,2324,Sheffield United,Rhian Brewster,ENG,FW,23,2000,13,3,346,3.8,0,0,0,0,0,0,0,1,0.0,0.0,0.0,0.0,0.0,3.8,0,7,3,42.9,1.82,0.78,0.0,0.0,0,0,27,10.1,3,61,0,10,16,1,0.54,0,8,-8,-2.08,-0.29,0,5,5,1,3,1,1,,,0,,,,,,,,,,,,,,,
ENG-Premier League,2324,Sheffield United,Rhys Norrington-Davies,WAL,DF,24,1999,5,2,110,1.2,0,0,0,0,0,0,1,0,0.0,0.0,0.0,0.0,0.0,1.2,0,0,0,,0.0,0.0,,,0,0,22,3.2,2,27,0,3,19,1,0.8,1,6,-5,-4.09,-2.35,0,3,1,1,2,1,1,,,0,,,,,,,,,,,,,,,
ENG-Premier League,2324,Sheffield United,Ryan One,SCO,MF,17,2006,1,0,8,0.1,0,0,0,0,0,0,0,0,0.0,0.0,0.0,0.0,0.0,0.1,0,0,0,,0.0,0.0,,,0,0,8,0.2,0,,0,1,8,3,0.0,0,2,-2,-22.5,-20.73,0,0,0,0,0,0,0,,,0,,,,,,,,,,,,,,,
ENG-Premier League,2324,Sheffield United,Sam Curtis,IRL,DF,17,2005,1,0,28,0.3,0,0,0,0,0,0,0,0,0.0,0.0,0.0,0.0,0.0,0.3,0,0,0,,0.0,0.0,,,0,0,28,0.8,0,,0,1,28,8,0.0,0,0,0,0.0,1.83,0,0,0,0,1,0,0,,,0,,,,,,,,,,,,,,,
ENG-Premier League,2324,Sheffield United,Sydie Peck,ENG,MF,18,2004,1,0,10,0.1,0,0,0,0,0,0,0,0,0.0,0.0,0.0,0.0,0.0,0.1,0,0,0,,0.0,0.0,,,0,0,10,0.3,0,,0,1,10,1,3.0,0,0,0,0.0,1.82,0,0,0,0,0,0,0,,,0,,,,,,,,,,,,,,,
ENG-Premier League,2324,Sheffield United,Tom Davies,ENG,MF,25,1998,9,2,221,2.5,0,0,0,0,0,0,2,0,0.0,0.0,0.0,0.0,0.0,2.5,0,4,1,25.0,1.63,0.41,0.0,0.0,0,0,25,6.5,2,45,0,7,19,1,0.44,2,11,-9,-3.67,-1.98,0,7,2,0,4,3,5,,,0,,,,,,,,,,,,,,,
ENG-Premier League,2324,Sheffield United,Vinicius Souza,BRA,MF,24,1999,36,29,2668,29.6,1,0,1,1,0,0,3,0,0.03,0.0,0.03,0.03,0.03,29.6,1,14,6,42.9,0.47,0.2,0.07,0.17,0,0,74,78.0,29,84,20,7,32,2,0.44,27,80,-53,-1.79,0.13,0,48,14,2,10,30,73,,,0,,,,,,,,,,,,,,,
ENG-Premier League,2324,Sheffield United,Wes Foderingham,ENG,GK,32,1991,30,29,2649,29.4,0,0,0,0,0,0,2,0,0.0,0.0,0.0,0.0,0.0,29.4,0,0,0,,0.0,0.0,,,0,0,88,77.5,29,90,29,1,39,8,0.43,24,79,-55,-1.87,-0.23,0,1,12,0,0,0,5,,,1,79,2.68,212,133,62.7,3,4,22,1,3.4,6,5,0,1,0.0
ENG-Premier League,2324,Sheffield United,William Osula,DEN,FW,19,2003,21,9,786,8.7,0,0,0,0,0,0,4,0,0.0,0.0,0.0,0.0,0.0,8.7,0,21,8,38.1,2.4,0.92,0.0,0.0,0,0,37,23.0,9,60,1,12,20,9,0.29,4,23,-19,-2.18,-0.47,0,15,12,6,2,2,2,,,0,,,,,,,,,,,,,,,
ENG-Premier League,2324,Sheffield United,Yasser Larouci,ALG,MF,22,2001,11,6,531,5.9,0,0,0,0,0,0,1,0,0.0,0.0,0.0,0.0,0.0,5.9,0,6,1,16.7,1.02,0.17,0.0,0.0,0,0,48,15.5,6,61,0,5,33,23,0.18,5,11,-6,-1.02,0.95,0,5,5,1,6,7,9,,,0,,,,,,,,,,,,,,,
ENG-Premier League,2324,Tottenham,Alejo Véliz,ARG,FW,19,2003,8,0,50,0.6,1,0,1,1,0,0,1,0,1.8,0.0,1.8,1.8,1.8,0.6,1,2,1,50.0,3.6,1.8,0.5,1.0,0,0,6,1.5,0,,0,8,6,5,1.88,3,2,1,1.8,1.48,0,0,1,3,0,0,0,,,0,,,,,,,,,,,,,,,
ENG-Premier League,2324,Tottenham,Ben Davies,WAL,DF,30,1993,17,12,1090,12.1,1,0,1,1,0,0,2,0,0.08,0.0,0.08,0.08,0.08,12.1,1,12,2,16.7,0.99,0.17,0.08,0.5,0,0,64,31.9,12,86,10,5,12,13,1.82,25,21,4,0.33,-0.02,0,8,19,0,10,10,16,,,0,,,,,,,,,,,,,,,
ENG-Premier League,2324,Tottenham,Brennan Johnson,WAL,"MF,FW",22,2001,32,23,2085,23.2,5,10,15,5,0,0,3,0,0.22,0.43,0.65,0.22,0.65,23.2,5,50,21,42.0,2.16,0.91,0.1,0.24,0,0,65,61.0,23,79,8,9,31,0,1.56,49,37,12,0.52,0.45,0,17,29,12,71,9,15,,,0,,,,,,,,,,,,,,,
ENG-Premier League,2324,Tottenham,Bryan Gil,ESP,MF,22,2001,11,2,209,2.3,0,0,0,0,0,0,0,0,0.0,0.0,0.0,0.0,0.0,2.3,0,4,1,25.0,1.72,0.43,0.0,0.0,0,0,19,6.1,2,58,0,9,10,13,1.09,4,11,-7,-3.01,-3.57,0,2,3,1,12,2,0,,,0,,,,,,,,,,,,,,,
ENG-Premier League,2324,Tottenham,Cristian Romero,ARG,DF,25,1998,33,33,2790,31.0,5,0,5,5,0,0,7,1,0.16,0.0,0.16,0.16,0.16,31.0,5,24,10,41.7,0.77,0.32,0.21,0.5,0,0,85,81.6,33,85,30,0,,0,1.88,63,42,21,0.68,1.82,0,31,24,1,3,43,41,,,1,,,,,,,,,,,,,,,
ENG-Premier League,2324,Tottenham,Dane Scarlett,ENG,FW,19,2004,4,0,22,0.2,0,0,0,0,0,0,0,0,0.0,0.0,0.0,0.0,0.0,0.2,0,0,0,,0.0,0.0,,,0,0,6,0.6,0,,0,4,6,4,3.0,1,0,1,4.09,3.77,0,1,2,0,0,0,1,,,0,,,,,,,,,,,,,,,
ENG-Premier League,2324,Tottenham,Davinson Sánchez,COL,DF,27,1996,1,0,77,0.9,0,0,0,0,0,0,1,0,0.0,0.0,0.0,0.0,0.0,0.9,0,1,0,0.0,1.17,0.0,0.0,,0,0,77,2.3,0,,0,1,77,3,1.0,1,2,-1,-1.17,-1.55,0,2,1,0,0,1,0,,,0,,,,,,,,,,,,,,,
ENG-Premier League,2324,Tottenham,Dejan Kulusevski,SWE,"MF,FW",23,2000,36,31,2762,30.7,8,3,11,8,0,0,7,0,0.26,0.1,0.36,0.26,0.36,30.7,8,57,24,42.1,1.86,0.78,0.14,0.33,0,0,77,80.8,31,85,21,5,26,0,1.72,57,46,11,0.36,0.08,0,54,29,10,89,17,33,,,0,,,,,,,,,,,,,,,
ENG-Premier League,2324,Tottenham,Destiny Udogie,ITA,DF,20,2002,28,28,2391,26.6,2,3,5,2,0,0,7,1,0.08,0.11,0.19,0.08,0.19,26.6,2,9,5,55.6,0.34,0.19,0.22,0.4,0,0,85,69.9,28,85,21,0,,0,1.93,56,40,16,0.6,0.86,1,51,36,3,22,37,33,,,0,,,,,,,,,,,,,,,
ENG-Premier League,2324,Tottenham,Emerson,BRA,DF,24,1999,22,11,1161,12.9,1,0,1,1,0,0,4,0,0.08,0.0,0.08,0.08,0.08,12.9,1,6,3,50.0,0.47,0.23,0.17,0.33,0,0,53,33.9,11,86,8,11,19,16,1.64,22,31,-9,-0.7,-1.57,0,14,38,0,14,18,24,,,0,,,,,,,,,,,,,,,
ENG-Premier League,2324,Tottenham,Eric Dier,ENG,DF,29,1994,4,1,201,2.2,0,0,0,0,0,0,0,0,0.0,0.0,0.0,0.0,0.0,2.2,0,0,0,,0.0,0.0,,,0,0,50,5.9,1,90,1,3,37,8,1.5,1,8,-7,-3.13,-3.69,0,0,1,2,0,1,1,,,0,,,,,,,,,,,,,,,
ENG-Premier League,2324,Tottenham,Giovani Lo Celso,ARG,MF,27,1996,22,4,506,5.6,2,2,4,2,0,0,2,0,0.36,0.36,0.71,0.36,0.71,5.6,2,13,6,46.2,2.31,1.07,0.15,0.33,0,0,23,14.8,4,78,0,18,11,6,1.32,12,12,0,0.0,-0.4,0,12,26,1,14,5,13,,,0,,,,,,,,,,,,,,,
ENG-Premier League,2324,Tottenham,Guglielmo Vicario,ITA,GK,26,1996,38,38,3420,38.0,0,0,0,0,0,0,2,0,0.0,0.0,0.0,0.0,0.0,38.0,0,0,0,,0.0,0.0,,,0,0,90,100.0,38,90,38,0,,0,1.74,74,61,13,0.34,,0,0,8,0,0,1,0,,,0,61,1.61,171,110,64.3,20,6,12,6,15.8,7,7,0,0,0.0
ENG-Premier League,2324,Tottenham,Ivan Perišić,CRO,"FW,MF",34,1989,5,0,103,1.1,0,1,1,0,0,0,2,0,0.0,0.87,0.87,0.0,0.87,1.1,0,2,0,0.0,1.75,0.0,0.0,,0,0,21,3.0,0,,0,5,21,0,2.6,4,1,3,2.62,2.35,0,2,1,0,13,2,2,,,0,,,,,,,,,,,,,,,
ENG-Premier League,2324,Tottenham,James Maddison,ENG,MF,26,1996,28,26,2135,23.7,4,9,13,4,0,0,5,0,0.17,0.38,0.55,0.17,0.55,23.7,4,57,22,38.6,2.4,0.93,0.07,0.18,0,0,76,62.4,26,80,4,2,29,0,1.86,47,30,17,0.72,1.0,0,21,74,2,134,14,19,,,0,,,,,,,,,,,,,,,
ENG-Premier League,2324,Tottenham,Jamie Donley,NIR,MF,18,2005,3,0,3,0.0,0,0,0,0,0,0,1,0,0.0,0.0,0.0,0.0,0.0,0.0,0,0,0,,0.0,0.0,,,0,0,1,0.1,0,,0,3,1,10,2.33,0,0,0,0.0,-0.34,0,1,1,0,0,0,0,,,0,,,,,,,,,,,,,,,
ENG-Premier League,2324,Tottenham,Manor Solomon,ISR,MF,24,1999,5,2,199,2.2,0,2,2,0,0,0,1,0,0.0,0.9,0.9,0.0,0.9,2.2,0,7,1,14.3,3.17,0.45,0.0,0.0,0,0,40,5.8,2,73,0,3,18,2,2.6,6,2,4,1.81,1.56,0,2,1,1,5,3,3,,,0,,,,,,,,,,,,,,,
ENG-Premier League,2324,Tottenham,Micky van de Ven,NED,DF,22,2001,27,27,2339,26.0,3,0,3,3,0,0,5,0,0.12,0.0,0.12,0.12,0.12,26.0,3,8,3,37.5,0.31,0.12,0.38,1.0,0,0,87,68.4,27,87,23,0,,1,1.85,47,38,9,0.35,0.01,0,13,17,1,3,17,34,,,0,,,,,,,,,,,,,,,
ENG-Premier League,2324,Tottenham,Mikey Moore,ENG,MF,15,2007,2,0,4,0.0,0,0,0,0,0,0,0,0,0.0,0.0,0.0,0.0,0.0,0.0,0,0,0,,0.0,0.0,,,0,0,2,0.1,0,,0,2,2,3,1.5,0,0,0,0.0,-0.34,0,1,0,0,0,0,0,,,0,,,,,,,,,,,,,,,
ENG-Premier League,2324,Tottenham,Oliver Skipp,ENG,"MF,DF",22,2000,21,5,707,7.9,0,0,0,0,0,0,3,0,0.0,0.0,0.0,0.0,0.0,7.9,0,4,1,25.0,0.51,0.13,0.0,0.0,0,0,34,20.7,5,73,1,16,21,10,1.9,15,17,-2,-0.25,-0.75,0,8,12,0,1,4,13,,,0,,,,,,,,,,,,,,,
ENG-Premier League,2324,Tottenham,Pape Matar Sarr,SEN,MF,20,2002,34,27,2069,23.0,3,3,6,3,0,0,9,0,0.13,0.13,0.26,0.13,0.26,23.0,3,36,14,38.9,1.57,0.61,0.08,0.21,0,0,61,60.5,27,71,4,7,23,0,1.79,40,27,13,0.57,0.57,0,32,17,0,25,30,24,,,0,,,,,,,,,,,,,,,
ENG-Premier League,2324,Tottenham,Pedro Porro,ESP,DF,23,1999,35,35,3089,34.3,3,7,10,3,0,0,3,0,0.09,0.2,0.29,0.09,0.29,34.3,3,53,12,22.6,1.54,0.35,0.06,0.25,0,0,88,90.3,35,88,31,0,,1,1.77,66,54,12,0.35,0.08,0,37,27,1,198,33,65,,,0,,,,,,,,,,,,,,,
ENG-Premier League,2324,Tottenham,Pierre Højbjerg,DEN,MF,27,1995,36,8,1311,14.6,0,0,0,0,0,0,4,0,0.0,0.0,0.0,0.0,0.0,14.6,0,19,6,31.6,1.3,0.41,0.0,0.0,0,0,36,38.3,8,83,4,28,23,2,1.81,32,28,4,0.27,-0.11,0,20,17,0,14,16,16,,,1,,,,,,,,,,,,,,,
ENG-Premier League,2324,Tottenham,Radu Drăgușin,ROU,DF,21,2002,9,4,429,4.8,0,0,0,0,0,0,1,0,0.0,0.0,0.0,0.0,0.0,4.8,0,1,0,0.0,0.21,0.0,0.0,,0,0,48,12.5,4,90,4,5,14,9,1.89,10,7,3,0.63,0.33,0,6,4,1,1,8,3,,,0,,,,,,,,,,,,,,,
ENG-Premier League,2324,Tottenham,Richarlison,BRA,"FW,MF",26,1997,28,18,1491,16.6,11,4,15,11,0,0,3,0,0.66,0.24,0.91,0.66,0.91,16.6,11,61,25,41.0,3.68,1.51,0.18,0.44,0,0,53,43.6,18,74,6,10,15,1,1.82,36,18,18,1.09,1.32,0,20,30,12,15,8,11,,,0,,,,,,,,,,,,,,,
ENG-Premier League,2324,Tottenham,Rodrigo Bentancur,URU,MF,26,1997,23,13,1005,11.2,1,1,2,1,0,0,7,0,0.09,0.09,0.18,0.09,0.18,11.2,1,18,5,27.8,1.61,0.45,0.06,0.2,0,0,44,29.4,13,59,1,10,24,0,1.43,17,25,-8,-0.72,-1.5,0,20,17,0,9,16,16,,,0,,,,,,,,,,,,,,,
ENG-Premier League,2324,Tottenham,Son Heung-min,KOR,"FW,MF",31,1992,35,34,2934,32.6,17,10,27,15,2,2,1,0,0.52,0.31,0.83,0.46,0.77,32.6,17,85,40,47.1,2.61,1.23,0.2,0.43,2,2,84,85.8,34,85,19,1,29,0,1.74,63,51,12,0.37,0.18,0,12,39,20,36,8,13,,,1,,,,,,,,,,,,,,,
ENG-Premier League,2324,Tottenham,Timo Werner,GER,"MF,FW",27,1996,13,10,809,9.0,2,3,5,2,0,0,1,0,0.22,0.33,0.56,0.22,0.56,9.0,2,29,7,24.1,3.23,0.78,0.07,0.29,0,0,62,23.7,10,76,2,3,16,0,1.62,18,16,2,0.22,-0.16,0,3,5,12,28,3,4,,,0,,,,,,,,,,,,,,,
ENG-Premier League,2324,Tottenham,Yves Bissouma,MLI,MF,26,1996,28,26,2068,23.0,0,0,0,0,0,0,10,2,0.0,0.0,0.0,0.0,0.0,23.0,0,24,5,20.8,1.04,0.22,0.0,0.0,0,0,74,60.5,26,77,8,2,28,0,1.75,44,35,9,0.39,0.13,1,35,31,0,1,34,51,,,0,,,,,,,,,,,,,,,
ENG-Premier League,2324,West Ham,Aaron Cresswell,ENG,DF,33,1989,11,4,436,4.8,0,0,0,0,0,0,1,0,0.0,0.0,0.0,0.0,0.0,4.8,0,0,0,,0.0,0.0,,,0,0,40,12.7,4,77,2,7,18,21,1.0,6,11,-5,-1.03,-0.76,0,2,3,1,11,4,2,,,0,,,,,,,,,,,,,,,
ENG-Premier League,2324,West Ham,Alphonse Areola,FRA,GK,30,1993,31,31,2699,30.0,0,0,0,0,0,0,1,0,0.0,0.0,0.0,0.0,0.0,30.0,0,0,0,,0.0,0.0,,,0,0,87,78.9,31,87,28,0,,2,1.35,49,53,-4,-0.13,1.11,0,2,3,0,0,1,1,,,1,53,1.77,189,136,72.0,11,9,11,4,12.9,7,5,2,0,28.6
ENG-Premier League,2324,West Ham,Angelo Ogbonna,ITA,DF,35,1988,11,7,635,7.1,0,0,0,0,0,0,1,0,0.0,0.0,0.0,0.0,0.0,7.1,0,1,0,0.0,0.14,0.0,0.0,,0,0,58,18.6,7,83,5,4,13,27,1.82,12,14,-2,-0.28,0.1,0,1,3,0,0,3,5,,,0,,,,,,,,,,,,,,,
ENG-Premier League,2324,West Ham,Ben Johnson,ENG,"MF,DF",23,2000,14,4,544,6.0,0,0,0,0,0,0,1,0,0.0,0.0,0.0,0.0,0.0,6.0,0,6,2,33.3,0.99,0.33,0.0,0.0,0,0,39,15.9,4,90,4,10,18,11,1.14,5,16,-11,-1.82,-1.73,0,2,7,1,31,5,6,,,0,,,,,,,,,,,,,,,
ENG-Premier League,2324,West Ham,Danny Ings,ENG,"FW,MF",31,1992,20,3,404,4.5,1,0,1,1,0,0,1,0,0.22,0.0,0.22,0.22,0.22,4.5,1,12,4,33.3,2.67,0.89,0.08,0.25,0,0,20,11.8,3,80,1,17,10,18,0.95,5,10,-5,-1.11,-0.85,0,4,6,1,1,4,3,,,0,,,,,,,,,,,,,,,
ENG-Premier League,2324,West Ham,Divin Mubama,ENG,FW,18,2004,5,0,80,0.9,0,0,0,0,0,0,0,0,0.0,0.0,0.0,0.0,0.0,0.9,0,1,0,0.0,1.13,0.0,0.0,,0,0,16,2.3,0,,0,5,16,26,1.6,2,2,0,0.0,0.38,0,1,1,0,0,0,0,,,0,,,,,,,,,,,,,,,
ENG-Premier League,2324,West Ham,Edson Álvarez,MEX,MF,25,1997,31,28,2377,26.4,1,1,2,1,0,0,11,0,0.04,0.04,0.08,0.04,0.08,26.4,1,17,3,17.6,0.64,0.11,0.06,0.33,0,0,77,69.5,28,82,18,3,25,1,1.48,39,45,-6,-0.23,0.46,0,33,15,1,4,43,40,,,0,,,,,,,,,,,,,,,
ENG-Premier League,2324,West Ham,Emerson Palmieri,ITA,DF,28,1994,36,35,3137,34.9,1,2,3,1,0,0,10,0,0.03,0.06,0.09,0.03,0.09,34.9,1,19,4,21.1,0.55,0.11,0.05,0.25,0,0,87,91.7,35,88,29,1,45,0,1.42,56,67,-11,-0.32,0.64,0,32,33,1,49,40,67,,,1,,,,,,,,,,,,,,,
ENG-Premier League,2324,West Ham,George Earthy,ENG,MF,18,2004,3,0,34,0.4,1,0,1,1,0,0,0,0,2.65,0.0,2.65,2.65,2.65,0.4,1,1,1,100.0,2.65,2.65,1.0,1.0,0,0,11,1.0,0,,0,3,11,6,1.0,1,0,1,2.65,3.05,0,1,0,0,0,1,0,,,0,,,,,,,,,,,,,,,
ENG-Premier League,2324,West Ham,James Ward-Prowse,ENG,MF,28,1994,37,34,3001,33.3,7,7,14,5,2,2,4,0,0.21,0.21,0.42,0.15,0.36,33.3,7,44,18,40.9,1.32,0.54,0.16,0.39,2,2,81,87.7,34,86,28,3,23,0,1.38,53,65,-12,-0.36,0.07,0,24,20,0,189,38,30,,,0,,,,,,,,,,,,,,,
ENG-Premier League,2324,West Ham,Jarrod Bowen,ENG,"MF,FW",26,1996,34,34,3019,33.5,16,6,22,16,0,0,2,0,0.48,0.18,0.66,0.48,0.66,33.5,16,85,37,43.5,2.53,1.1,0.19,0.43,0,0,89,88.3,34,89,31,0,,0,1.44,53,63,-10,-0.3,0.6,0,28,42,20,74,19,29,,,0,,,,,,,,,,,,,,,
ENG-Premier League,2324,West Ham,Kaelan Casey,ENG,DF,18,2004,1,0,1,0.0,0,0,0,0,0,0,0,0,0.0,0.0,0.0,0.0,0.0,0.0,0,0,0,,0.0,0.0,,,0,0,1,0.0,0,,0,1,1,7,3.0,0,0,0,0.0,0.37,0,0,0,0,0,0,0,,,0,,,,,,,,,,,,,,,
ENG-Premier League,2324,West Ham,Kalvin Phillips,ENG,MF,27,1995,8,3,309,3.4,0,0,0,0,0,0,3,1,0.0,0.0,0.0,0.0,0.0,3.4,0,3,2,66.7,0.87,0.58,0.0,0.0,0,0,39,9.0,3,61,0,5,25,4,0.63,5,10,-5,-1.46,-1.2,1,14,5,0,1,3,5,,,0,,,,,,,,,,,,,,,
ENG-Premier League,2324,West Ham,Konstantinos Mavropanos,GRE,DF,25,1997,19,16,1500,16.7,1,0,1,1,0,0,2,0,0.06,0.0,0.06,0.06,0.06,16.7,1,12,3,25.0,0.72,0.18,0.08,0.33,0,0,79,43.9,16,88,15,3,30,10,1.32,27,27,0,0.0,0.66,0,15,10,0,1,24,15,,,2,,,,,,,,,,,,,,,
ENG-Premier League,2324,West Ham,Kurt Zouma,FRA,DF,28,1994,33,32,2838,31.5,3,0,3,3,0,0,3,0,0.1,0.0,0.1,0.1,0.1,31.5,3,16,7,43.8,0.51,0.22,0.19,0.43,0,0,86,83.0,32,88,29,1,31,1,1.39,53,63,-10,-0.32,0.3,0,24,6,0,0,27,17,,,0,,,,,,,,,,,,,,,
ENG-Premier League,2324,West Ham,Lucas Paquetá,BRA,MF,25,1997,31,31,2622,29.1,4,6,10,2,2,2,10,0,0.14,0.21,0.34,0.07,0.27,29.1,4,42,11,26.2,1.44,0.38,0.1,0.36,2,2,85,76.7,31,85,15,0,,0,1.58,52,52,0,0.0,1.58,0,47,65,5,37,22,46,,,0,,,,,,,,,,,,,,,
ENG-Premier League,2324,West Ham,Maxwel Cornet,CIV,MF,26,1996,7,1,112,1.2,1,0,1,1,0,0,0,0,0.8,0.0,0.8,0.8,0.8,1.2,1,4,1,25.0,3.21,0.8,0.25,1.0,0,0,16,3.3,1,69,0,6,7,21,0.43,2,3,-1,-0.8,-0.45,0,2,2,3,1,2,2,,,0,,,,,,,,,,,,,,,
ENG-Premier League,2324,West Ham,Michail Antonio,JAM,FW,33,1990,26,21,1695,18.8,6,2,8,6,0,0,6,0,0.32,0.11,0.42,0.32,0.42,18.8,6,30,14,46.7,1.59,0.74,0.2,0.43,0,0,65,49.6,21,75,2,5,26,0,1.27,32,34,-2,-0.11,0.52,0,25,28,9,25,2,8,,,0,,,,,,,,,,,,,,,
ENG-Premier League,2324,West Ham,Mohammed Kudus,GHA,MF,22,2000,33,27,2484,27.6,8,6,14,8,0,0,6,0,0.29,0.22,0.51,0.29,0.51,27.6,8,67,17,25.4,2.43,0.62,0.12,0.47,0,0,75,72.6,27,88,18,6,17,0,1.3,40,61,-21,-0.76,-1.43,0,39,75,16,95,11,46,,,0,,,,,,,,,,,,,,,
ENG-Premier League,2324,West Ham,Nayef Aguerd,MAR,DF,27,1996,21,21,1857,20.6,1,0,1,1,0,0,3,1,0.05,0.0,0.05,0.05,0.05,20.6,1,14,4,28.6,0.68,0.19,0.07,0.25,0,0,88,54.3,21,88,19,0,,4,1.19,26,44,-18,-0.87,-1.1,1,10,6,0,5,16,14,,,0,,,,,,,,,,,,,,,
ENG-Premier League,2324,West Ham,Pablo Fornals,ESP,MF,27,1996,15,4,426,4.7,0,0,0,0,0,0,0,0,0.0,0.0,0.0,0.0,0.0,4.7,0,7,3,42.9,1.48,0.63,0.0,0.0,0,0,28,12.5,4,78,2,11,11,6,1.67,6,9,-3,-0.63,-0.3,0,3,5,1,8,6,6,,,0,,,,,,,,,,,,,,,
ENG-Premier League,2324,West Ham,Saïd Benrahma,ALG,MF,27,1995,13,5,620,6.9,0,1,1,0,0,1,1,0,0.0,0.15,0.15,0.0,0.15,6.9,0,19,6,31.6,2.76,0.87,0.0,0.0,0,1,48,18.1,5,73,1,8,32,7,1.62,12,8,4,0.58,1.16,0,5,6,1,17,5,4,,,0,,,,,,,,,,,,,,,
ENG-Premier League,2324,West Ham,Thilo Kehrer,GER,DF,26,1996,4,0,22,0.2,0,0,0,0,0,0,2,0,0.0,0.0,0.0,0.0,0.0,0.2,0,0,0,,0.0,0.0,,,0,0,6,0.6,0,,0,4,6,14,1.75,0,1,-1,-4.09,-3.75,0,2,0,0,0,0,1,,,0,,,,,,,,,,,,,,,
ENG-Premier League,2324,West Ham,Tomáš Souček,CZE,MF,28,1995,37,34,2870,31.9,7,2,9,7,0,0,7,0,0.22,0.06,0.28,0.22,0.28,31.9,7,42,15,35.7,1.32,0.47,0.17,0.47,0,0,78,83.9,34,83,25,3,16,0,1.32,51,64,-13,-0.41,-0.24,0,41,25,10,6,33,36,,,0,,,,,,,,,,,,,,,
ENG-Premier League,2324,West Ham,Vladimír Coufal,CZE,DF,30,1992,36,36,3132,34.8,0,7,7,0,0,0,7,1,0.0,0.2,0.2,0.0,0.2,34.8,0,8,2,25.0,0.23,0.06,0.0,0.0,0,0,87,91.6,36,87,28,0,,0,1.39,57,69,-12,-0.34,0.28,1,32,27,1,107,38,42,,,0,,,,,,,,,,,,,,,
ENG-Premier League,2324,West Ham,Łukasz Fabiański,POL,GK,38,1985,10,7,721,8.0,0,0,0,0,0,0,0,0,0.0,0.0,0.0,0.0,0.0,8.0,0,0,0,,0.0,0.0,,,0,0,72,21.1,7,90,7,3,30,27,1.1,11,21,-10,-1.25,-1.11,0,0,0,0,0,1,0,,,0,21,2.62,54,33,61.1,3,1,3,1,14.3,3,3,0,0,0.0
ENG-Premier League,2324,Wolves,Boubacar Traoré,MLI,MF,21,2001,24,7,819,9.1,0,0,0,0,0,0,4,0,0.0,0.0,0.0,0.0,0.0,9.1,0,11,1,9.1,1.21,0.11,0.0,0.0,0,0,34,23.9,7,78,5,17,16,9,1.0,9,23,-14,-1.54,-1.5,0,23,4,1,5,5,22,,,0,,,,,,,,,,,,,,,
ENG-Premier League,2324,Wolves,Craig Dawson,ENG,DF,33,1990,25,25,2209,24.5,1,1,2,1,0,0,7,0,0.04,0.04,0.08,0.04,0.08,24.5,1,16,5,31.3,0.65,0.2,0.06,0.2,0,0,88,64.6,25,88,23,0,,2,1.4,33,38,-5,-0.2,0.54,0,20,15,4,1,16,19,,,0,,,,,,,,,,,,,,,
ENG-Premier League,2324,Wolves,Daniel Bentley,ENG,GK,30,1993,5,3,383,4.3,0,0,0,0,0,0,0,0,0.0,0.0,0.0,0.0,0.0,4.3,0,0,0,,0.0,0.0,,,0,0,77,11.2,3,90,3,2,57,33,0.6,3,7,-4,-0.94,-0.61,0,0,0,0,0,0,0,,,0,7,1.64,15,8,53.3,1,0,2,1,33.3,0,0,0,0,
ENG-Premier League,2324,Wolves,Enso Gonzalez,PAR,FW,18,2005,1,0,1,0.0,0,0,0,0,0,0,0,0,0.0,0.0,0.0,0.0,0.0,0.0,0,0,0,,0.0,0.0,,,0,0,1,0.0,0,,0,1,1,4,0.0,0,0,0,0.0,0.39,0,0,1,0,0,0,0,,,0,,,,,,,,,,,,,,,
ENG-Premier League,2324,Wolves,Fábio Silva,POR,FW,21,2002,8,3,264,2.9,0,0,0,0,0,0,2,0,0.0,0.0,0.0,0.0,0.0,2.9,0,7,3,42.9,2.39,1.02,0.0,0.0,0,0,33,7.7,3,67,0,5,13,9,0.88,2,8,-6,-2.05,-1.79,0,8,4,5,0,2,4,,,0,,,,,,,,,,,,,,,
ENG-Premier League,2324,Wolves,Hugo Bueno,ESP,"MF,DF",20,2002,22,7,741,8.2,0,0,0,0,0,0,1,0,0.0,0.0,0.0,0.0,0.0,8.2,0,5,0,0.0,0.61,0.0,0.0,,0,0,34,21.7,7,76,1,15,14,11,1.14,7,16,-9,-1.09,-0.89,0,7,6,1,29,5,14,,,1,,,,,,,,,,,,,,,
ENG-Premier League,2324,Wolves,Hwang Hee-chan,KOR,"FW,MF",27,1996,29,25,2119,23.5,12,3,15,11,1,1,6,0,0.51,0.13,0.64,0.47,0.59,23.5,12,45,18,40.0,1.91,0.76,0.27,0.67,1,1,73,62.0,25,80,14,4,32,0,1.31,35,37,-2,-0.08,0.81,0,31,32,15,11,9,10,,,0,,,,,,,,,,,,,,,
ENG-Premier League,2324,Wolves,Jean-Ricner Bellegarde,HAI,"MF,FW",25,1998,22,10,958,10.6,2,1,3,2,0,0,0,1,0.19,0.09,0.28,0.19,0.28,10.6,2,15,5,33.3,1.41,0.47,0.13,0.4,0,0,44,28.0,10,61,1,12,29,0,1.23,7,23,-16,-1.5,-1.54,0,10,24,2,30,8,9,,,0,,,,,,,,,,,,,,,
ENG-Premier League,2324,Wolves,Jonny Castro,ESP,"DF,MF",29,1994,1,0,5,0.1,0,0,0,0,0,0,0,0,0.0,0.0,0.0,0.0,0.0,0.1,0,0,0,,0.0,0.0,,,0,0,5,0.1,0,,0,1,5,7,3.0,0,0,0,0.0,0.4,0,0,0,0,0,0,0,,,0,,,,,,,,,,,,,,,
ENG-Premier League,2324,Wolves,José Sá,POR,GK,30,1993,35,35,3037,33.7,0,1,1,0,0,0,1,0,0.0,0.03,0.03,0.0,0.03,33.7,0,0,0,,0.0,0.0,,,0,0,87,88.8,35,87,33,0,,0,1.23,47,58,-11,-0.33,0.61,0,0,9,0,0,0,1,,,0,58,1.72,192,134,69.8,12,7,16,4,11.4,8,8,0,0,0.0
ENG-Premier League,2324,Wolves,João Gomes,BRA,MF,22,2001,34,32,2649,29.4,2,1,3,2,0,0,11,0,0.07,0.03,0.1,0.07,0.1,29.4,2,26,8,30.8,0.88,0.27,0.08,0.25,0,0,78,77.5,32,82,18,2,7,1,1.32,38,51,-13,-0.44,-0.21,0,66,38,1,25,18,75,,,0,,,,,,,,,,,,,,,
ENG-Premier League,2324,Wolves,Leon Chiwome,ENG,FW,17,2006,3,2,174,1.9,0,0,0,0,0,0,0,0,0.0,0.0,0.0,0.0,0.0,1.9,0,2,0,0.0,1.03,0.0,0.0,,0,0,58,5.1,2,79,0,1,16,1,0.33,1,4,-3,-1.55,-1.22,0,2,2,2,0,0,1,,,0,,,,,,,,,,,,,,,
ENG-Premier League,2324,Wolves,Mario Lemina,GAB,MF,29,1993,35,34,2968,33.0,4,1,5,4,0,0,12,1,0.12,0.03,0.15,0.12,0.15,33.0,4,48,18,37.5,1.46,0.55,0.08,0.22,0,0,85,86.8,34,86,26,1,40,0,1.14,43,55,-12,-0.36,0.23,1,43,24,8,15,41,58,,,0,,,,,,,,,,,,,,,
ENG-Premier League,2324,Wolves,Matheus Cunha,BRA,"FW,MF",24,1999,32,29,2440,27.1,12,7,19,11,1,1,9,0,0.44,0.26,0.7,0.41,0.66,27.1,12,73,38,52.1,2.69,1.4,0.16,0.32,1,1,76,71.3,29,81,12,3,29,0,1.16,40,46,-6,-0.22,0.61,0,31,50,4,24,11,15,,,0,,,,,,,,,,,,,,,
ENG-Premier League,2324,Wolves,Matheus Nunes,POR,MF,24,1998,2,2,179,2.0,0,0,0,0,0,0,2,1,0.0,0.0,0.0,0.0,0.0,2.0,0,1,0,0.0,0.5,0.0,0.0,,0,0,90,5.2,2,90,1,0,,0,0.0,1,5,-4,-2.01,-1.71,1,0,6,3,3,5,1,,,0,,,,,,,,,,,,,,,
ENG-Premier League,2324,Wolves,Matt Doherty,IRL,"MF,DF",31,1992,30,9,1150,12.8,1,0,1,1,0,0,2,0,0.08,0.0,0.08,0.08,0.08,12.8,1,8,3,37.5,0.63,0.23,0.13,0.33,0,0,38,33.6,9,79,4,21,21,8,1.4,17,21,-4,-0.31,0.12,0,13,11,5,13,7,18,,,0,,,,,,,,,,,,,,,
ENG-Premier League,2324,Wolves,Max Kilman,ENG,DF,26,1997,38,38,3420,38.0,2,0,2,2,0,0,7,0,0.05,0.0,0.05,0.05,0.05,38.0,2,14,6,42.9,0.37,0.16,0.14,0.33,0,0,90,100.0,38,90,38,0,,0,1.21,50,65,-15,-0.39,,0,38,18,2,6,38,19,,,0,,,,,,,,,,,,,,,
ENG-Premier League,2324,Wolves,Nathan Fraser,IRL,FW,18,2005,7,1,186,2.1,0,0,0,0,0,0,1,0,0.0,0.0,0.0,0.0,0.0,2.1,0,3,2,66.7,1.45,0.97,0.0,0.0,0,0,27,5.4,1,76,0,6,18,13,0.57,4,3,1,0.48,0.93,0,5,3,0,0,1,2,,,0,,,,,,,,,,,,,,,
ENG-Premier League,2324,Wolves,Nélson Semedo,POR,"MF,DF",29,1993,36,36,3084,34.3,0,1,1,0,0,0,10,1,0.0,0.03,0.03,0.0,0.03,34.3,0,17,4,23.5,0.5,0.12,0.0,0.0,0,0,86,90.2,36,86,27,0,,0,1.19,45,60,-15,-0.44,-0.44,0,48,30,1,80,35,48,,,0,,,,,,,,,,,,,,,
ENG-Premier League,2324,Wolves,Pablo Sarabia,ESP,"MF,FW",31,1992,30,20,1745,19.4,4,7,11,2,2,2,5,0,0.21,0.36,0.57,0.1,0.46,19.4,4,46,18,39.1,2.37,0.93,0.09,0.22,2,2,58,51.0,20,77,5,10,20,7,1.33,31,27,4,0.21,1.23,0,21,25,10,132,9,14,,,0,,,,,,,,,,,,,,,
ENG-Premier League,2324,Wolves,Pedro Neto,POR,"MF,FW",23,2000,20,18,1516,16.8,2,9,11,2,0,0,4,0,0.12,0.53,0.65,0.12,0.65,16.8,2,36,12,33.3,2.14,0.71,0.06,0.17,0,0,76,44.3,18,83,12,2,12,1,1.4,22,27,-5,-0.3,0.18,0,15,21,2,114,5,4,,,0,,,,,,,,,,,,,,,
ENG-Premier League,2324,Wolves,Rayan Aït-Nouri,ALG,"MF,DF",22,2001,33,29,2329,25.9,2,1,3,2,0,0,7,0,0.08,0.04,0.12,0.08,0.12,25.9,2,23,7,30.4,0.89,0.27,0.09,0.29,0,0,71,68.1,29,76,10,4,30,0,1.21,36,43,-7,-0.27,0.39,0,25,53,9,42,16,45,,,0,,,,,,,,,,,,,,,
ENG-Premier League,2324,Wolves,Santiago Bueno,URU,DF,24,1998,12,9,822,9.1,0,0,0,0,0,0,1,0,0.0,0.0,0.0,0.0,0.0,9.1,0,0,0,,0.0,0.0,,,0,0,69,24.0,9,84,7,3,21,18,0.92,12,18,-6,-0.66,-0.35,0,10,5,0,2,6,7,,,0,,,,,,,,,,,,,,,
ENG-Premier League,2324,Wolves,Saša Kalajdžić,AUT,FW,26,1997,11,1,166,1.8,2,0,2,2,0,0,0,0,1.08,0.0,1.08,1.08,1.08,1.8,2,4,2,50.0,2.17,1.08,0.5,1.0,0,0,15,4.9,1,60,0,10,11,9,1.09,6,2,4,2.17,2.69,0,6,4,2,1,1,2,,,0,,,,,,,,,,,,,,,
ENG-Premier League,2324,Wolves,Tawanda Chirewa,ZIM,FW,19,2003,8,1,145,1.6,0,0,0,0,0,0,1,0,0.0,0.0,0.0,0.0,0.0,1.6,0,3,1,33.3,1.86,0.62,0.0,0.0,0,0,18,4.2,1,74,0,7,10,15,0.25,0,2,-2,-1.24,-0.88,0,4,2,1,4,1,3,,,0,,,,,,,,,,,,,,,
ENG-Premier League,2324,Wolves,Tommy Doyle,ENG,MF,21,2001,26,11,1222,13.6,0,0,0,0,0,0,2,0,0.0,0.0,0.0,0.0,0.0,13.6,0,14,3,21.4,1.03,0.22,0.0,0.0,0,0,47,35.7,11,82,5,15,22,6,1.08,18,24,-6,-0.44,-0.07,0,11,4,0,27,13,13,,,0,,,,,,,,,,,,,,,
ENG-Premier League,2324,Wolves,Toti Gomes,POR,DF,24,1999,35,31,2772,30.8,1,3,4,1,0,0,7,0,0.03,0.1,0.13,0.03,0.13,30.8,1,10,5,50.0,0.32,0.16,0.1,0.2,0,0,79,81.1,31,86,23,4,29,3,1.31,42,49,-7,-0.23,0.88,0,38,13,1,13,23,23,,,0,,,,,,,,,,,,,,,
ESP-La Liga,2324,Alavés,Abde Rebbach,ALG,MF,24,1998,23,6,722,8.0,1,0,1,1,0,0,1,0,0.12,0.0,0.12,0.12,0.12,8.0,1,17,4,23.5,2.12,0.5,0.06,0.25,0,0,31,21.1,6,64,0,17,20,15,0.7,5,6,-1,-0.12,0.18,0,13,10,3,63,4,5,,,0,,,,,,,,,,,,,,,
ESP-La Liga,2324,Alavés,Abdel Abqar,MAR,DF,24,1999,27,27,2312,25.7,0,0,0,0,0,0,10,0,0.0,0.0,0.0,0.0,0.0,25.7,0,10,3,30.0,0.39,0.12,0.0,0.0,0,0,86,67.6,27,86,23,0,,4,1.07,21,30,-9,-0.35,-0.27,0,32,23,1,2,25,21,,,1,,,,,,,,,,,,,,,
ESP-La Liga,2324,Alavés,Aleksandar Sedlar,SRB,DF,31,1991,11,11,946,10.5,1,0,1,1,0,0,2,0,0.1,0.0,0.1,0.1,0.1,10.5,1,4,1,25.0,0.38,0.1,0.25,1.0,0,0,86,27.7,11,86,8,0,,1,1.09,10,14,-4,-0.38,-0.16,0,14,4,1,0,15,8,,,0,,,,,,,,,,,,,,,
ESP-La Liga,2324,Alavés,Alex Sola,ESP,MF,24,1999,29,14,1262,14.0,0,3,3,0,0,0,2,0,0.0,0.21,0.21,0.0,0.21,14.0,0,28,7,25.0,2.0,0.5,0.0,0.0,0,0,44,36.9,14,71,3,15,18,6,1.24,9,20,-11,-0.78,-0.83,0,11,28,10,82,10,15,,,0,,,,,,,,,,,,,,,
ESP-La Liga,2324,Alavés,Ander Guevara,ESP,MF,26,1997,37,33,2932,32.6,1,0,1,1,0,0,7,0,0.03,0.0,0.03,0.03,0.03,32.6,1,16,3,18.8,0.49,0.09,0.06,0.33,0,0,79,85.7,33,86,23,4,22,0,1.24,31,41,-10,-0.31,-0.31,0,49,30,0,10,14,34,,,0,,,,,,,,,,,,,,,
ESP-La Liga,2324,Alavés,Andoni Gorosabel,ESP,DF,26,1996,36,33,2854,31.7,1,0,1,1,0,0,6,0,0.03,0.0,0.03,0.03,0.03,31.7,1,15,6,40.0,0.47,0.19,0.07,0.17,0,0,79,83.5,33,85,21,3,13,1,1.25,28,35,-7,-0.22,0.26,0,29,41,0,83,25,40,,,0,,,,,,,,,,,,,,,
ESP-La Liga,2324,Alavés,Antonio Blanco,ESP,MF,23,2000,33,29,2426,27.0,0,1,1,0,0,0,5,1,0.0,0.04,0.04,0.0,0.04,27.0,0,20,3,15.0,0.74,0.11,0.0,0.0,0,0,74,70.9,29,82,16,4,11,2,1.3,22,30,-8,-0.3,-0.12,0,35,40,0,14,33,37,,,0,,,,,,,,,,,,,,,
ESP-La Liga,2324,Alavés,Antonio Sivera,ESP,GK,26,1996,34,34,3060,34.0,0,0,0,0,0,0,3,0,0.0,0.0,0.0,0.0,0.0,34.0,0,0,0,,0.0,0.0,,,0,0,90,89.5,34,90,34,0,,4,1.21,32,38,-6,-0.18,0.82,0,0,2,0,0,0,0,,,0,38,1.12,125,87,69.6,11,8,15,9,26.5,8,8,0,0,0.0
ESP-La Liga,2324,Alavés,Carlos Benavídez,URU,MF,25,1998,29,10,1136,12.6,3,1,4,3,0,0,5,0,0.24,0.08,0.32,0.24,0.32,12.6,3,14,7,50.0,1.11,0.55,0.21,0.43,0,0,39,33.2,10,79,5,19,18,4,1.34,19,13,6,0.48,1.11,0,37,9,1,6,18,35,,,0,,,,,,,,,,,,,,,
ESP-La Liga,2324,Alavés,Carlos Vicente,ESP,MF,24,1999,18,12,1114,12.4,2,4,6,2,0,0,1,0,0.16,0.32,0.48,0.16,0.48,12.4,2,15,8,53.3,1.21,0.65,0.13,0.25,0,0,62,32.6,12,79,2,6,28,1,1.67,17,13,4,0.32,0.87,0,18,25,9,90,5,7,,,0,,,,,,,,,,,,,,,
ESP-La Liga,2324,Alavés,Eneko Ortiz,ESP,MF,20,2003,1,0,14,0.2,0,0,0,0,0,0,0,0,0.0,0.0,0.0,0.0,0.0,0.2,0,0,0,,0.0,0.0,,,0,0,14,0.4,0,,0,1,14,8,1.0,0,0,0,0.0,0.26,0,0,0,0,1,0,0,,,0,,,,,,,,,,,,,,,
ESP-La Liga,2324,Alavés,Giuliano Simeone,ARG,MF,20,2002,14,6,630,7.0,1,2,3,1,0,1,1,0,0.14,0.29,0.43,0.14,0.43,7.0,1,15,3,20.0,2.14,0.43,0.07,0.33,0,1,45,18.4,6,84,1,8,16,6,1.5,9,5,4,0.57,1.02,0,11,6,2,14,5,5,,,0,,,,,,,,,,,,,,,
ESP-La Liga,2324,Alavés,Ianis Hagi,ROU,MF,24,1998,22,8,804,8.9,0,2,2,0,0,1,3,0,0.0,0.22,0.22,0.0,0.22,8.9,0,27,9,33.3,3.02,1.01,0.0,0.0,0,1,37,23.5,8,69,1,14,18,13,0.82,4,13,-9,-1.01,-0.97,0,13,19,1,54,4,12,,,0,,,,,,,,,,,,,,,
ESP-La Liga,2324,Alavés,Javi López,ESP,DF,21,2002,32,25,2386,26.5,1,3,4,1,0,0,3,0,0.04,0.11,0.15,0.04,0.15,26.5,1,18,3,16.7,0.68,0.11,0.06,0.33,0,0,75,69.8,25,88,20,7,28,5,1.31,29,28,1,0.04,1.0,0,26,28,1,102,11,12,,,0,,,,,,,,,,,,,,,
ESP-La Liga,2324,Alavés,Jesús Owono,EQG,GK,22,2001,4,4,360,4.0,0,0,0,0,0,0,1,0,0.0,0.0,0.0,0.0,0.0,4.0,0,0,0,,0.0,0.0,,,0,0,90,10.5,4,90,4,0,,31,1.25,4,8,-4,-1.0,-0.82,0,0,0,0,0,0,0,,,0,8,2.0,24,16,66.7,1,2,1,1,25.0,0,0,0,0,
ESP-La Liga,2324,Alavés,Joaquín Panichelli,ARG,"MF,FW",20,2002,8,2,226,2.5,0,0,0,0,0,0,0,0,0.0,0.0,0.0,0.0,0.0,2.5,0,9,2,22.2,3.58,0.8,0.0,0.0,0,0,28,6.6,2,73,0,6,13,8,1.0,3,4,-1,-0.4,-0.14,0,8,4,1,0,1,3,,,0,,,,,,,,,,,,,,,
ESP-La Liga,2324,Alavés,Jon Guridi,ESP,MF,28,1995,36,34,2678,29.8,3,4,7,3,0,0,2,0,0.1,0.13,0.24,0.1,0.24,29.8,3,36,8,22.2,1.21,0.27,0.08,0.38,0,0,74,78.3,34,77,10,2,36,1,1.28,30,32,-2,-0.07,0.9,0,22,30,2,21,19,24,,,0,,,,,,,,,,,,,,,
ESP-La Liga,2324,Alavés,Jon Karrikaburu,ESP,FW,20,2002,2,0,16,0.2,0,0,0,0,0,0,0,0,0.0,0.0,0.0,0.0,0.0,0.2,0,0,0,,0.0,0.0,,,0,0,8,0.5,0,,0,2,8,13,0.0,0,1,-1,-5.63,-5.39,0,1,0,1,0,0,0,,,0,,,,,,,,,,,,,,,
ESP-La Liga,2324,Alavés,Kiké,ESP,FW,33,1989,33,15,1423,15.8,3,2,5,3,0,1,3,0,0.19,0.13,0.32,0.19,0.32,15.8,3,57,26,45.6,3.61,1.64,0.05,0.12,0,1,43,41.6,15,71,1,18,20,4,1.24,19,15,4,0.25,0.88,0,24,36,7,9,2,5,,,0,,,,,,,,,,,,,,,
ESP-La Liga,2324,Alavés,Luis Rioja,ESP,MF,29,1993,37,31,2498,27.8,5,4,9,2,3,4,4,0,0.18,0.14,0.32,0.07,0.22,27.8,5,57,19,33.3,2.05,0.68,0.09,0.26,3,4,68,73.0,31,78,5,6,11,1,1.22,25,36,-11,-0.4,-0.49,0,23,18,10,175,17,19,,,0,,,,,,,,,,,,,,,
ESP-La Liga,2324,Alavés,Mamadou Sylla,SEN,FW,29,1994,2,0,18,0.2,0,0,0,0,0,0,0,0,0.0,0.0,0.0,0.0,0.0,0.2,0,0,0,,0.0,0.0,,,0,0,9,0.5,0,,0,2,9,0,1.5,0,1,-1,-5.0,-4.76,0,1,2,0,0,0,0,,,0,,,,,,,,,,,,,,,
ESP-La Liga,2324,Alavés,Miguel,ESP,FW,23,1999,3,1,65,0.7,0,0,0,0,0,0,0,0,0.0,0.0,0.0,0.0,0.0,0.7,0,2,1,50.0,2.77,1.38,0.0,0.0,0,0,22,1.9,1,56,0,2,5,0,1.0,0,2,-2,-2.77,-2.55,0,2,3,0,0,0,0,,,0,,,,,,,,,,,,,,,
ESP-La Liga,2324,Alavés,Nahuel Tenaglia,ARG,DF,27,1996,25,11,1141,12.7,1,0,1,1,0,0,5,0,0.08,0.0,0.08,0.08,0.08,12.7,1,8,1,12.5,0.63,0.08,0.13,1.0,0,0,46,33.4,11,85,9,14,14,9,1.48,15,19,-4,-0.32,-0.08,0,13,14,2,17,13,15,,,0,,,,,,,,,,,,,,,
ESP-La Liga,2324,Alavés,Rafa Marín,ESP,DF,21,2002,33,27,2443,27.1,0,0,0,0,0,0,6,0,0.0,0.0,0.0,0.0,0.0,27.1,0,13,3,23.1,0.48,0.11,0.0,0.0,0,0,74,71.4,27,87,26,6,15,3,1.18,23,36,-13,-0.48,-0.76,0,28,16,0,2,31,18,,,1,,,,,,,,,,,,,,,
ESP-La Liga,2324,Alavés,Rubén Duarte,ESP,DF,27,1995,28,21,1878,20.9,2,1,3,2,0,0,7,0,0.1,0.05,0.14,0.1,0.14,20.9,2,15,5,33.3,0.72,0.24,0.13,0.4,0,0,67,54.9,21,83,15,7,19,6,1.07,20,30,-10,-0.48,-0.48,0,31,31,0,71,20,17,,,0,,,,,,,,,,,,,,,
ESP-La Liga,2324,Alavés,Samu Omorodion,ESP,FW,19,2004,34,21,1918,21.3,8,1,9,8,0,0,6,0,0.38,0.05,0.42,0.38,0.42,21.3,8,64,25,39.1,3.0,1.17,0.13,0.32,0,0,56,56.1,21,78,3,13,21,1,1.15,15,28,-13,-0.61,-0.79,0,30,30,16,2,1,3,,,0,,,,,,,,,,,,,,,
ESP-La Liga,2324,Alavés,Tomás Mendes,ESP,MF,18,2004,1,0,6,0.1,0,0,0,0,0,0,0,0,0.0,0.0,0.0,0.0,0.0,0.1,0,0,0,,0.0,0.0,,,0,0,6,0.2,0,,0,1,6,8,0.0,0,0,0,0.0,0.26,0,0,0,0,0,0,0,,,0,,,,,,,,,,,,,,,
ESP-La Liga,2324,Alavés,Unai Ropero,ESP,FW,21,2001,1,0,5,0.1,0,0,0,0,0,0,0,0,0.0,0.0,0.0,0.0,0.0,0.1,0,0,0,,0.0,0.0,,,0,0,5,0.1,0,,0,1,5,1,0.0,0,0,0,0.0,0.26,0,1,0,0,0,0,0,,,0,,,,,,,,,,,,,,,
ESP-La Liga,2324,Alavés,Victor Parada,ESP,DF,21,2002,2,0,3,0.0,0,0,0,0,0,0,0,0,0.0,0.0,0.0,0.0,0.0,0.0,0,0,0,,0.0,0.0,,,0,0,2,0.1,0,,0,2,2,8,3.0,0,0,0,0.0,0.26,0,0,0,0,0,0,1,,,0,,,,,,,,,,,,,,,
ESP-La Liga,2324,Alavés,Xeber,ESP,"MF,FW",26,1997,10,3,302,3.4,0,0,0,0,0,0,1,0,0.0,0.0,0.0,0.0,0.0,3.4,0,5,0,0.0,1.49,0.0,0.0,,0,0,30,8.8,3,72,0,7,12,28,1.0,6,6,0,0.0,0.29,0,9,0,1,14,1,5,,,0,,,,,,,,,,,,,,,
ESP-La Liga,2324,Almería,Adri Embarba,ESP,"MF,FW",31,1992,36,29,2476,27.5,3,2,5,2,1,1,5,0,0.11,0.07,0.18,0.07,0.15,27.5,3,64,25,39.1,2.33,0.91,0.05,0.12,1,1,69,72.4,29,79,12,7,28,2,0.58,25,52,-27,-0.98,-0.5,0,37,41,15,172,15,38,,,0,,,,,,,,,,,,,,,
ESP-La Liga,2324,Almería,Alejandro Pozo Pozo,ESP,"DF,MF",24,1999,21,9,976,10.8,0,0,0,0,0,0,3,0,0.0,0.0,0.0,0.0,0.0,10.8,0,4,2,50.0,0.37,0.18,0.0,0.0,0,0,46,28.5,9,82,4,12,20,15,0.43,8,24,-16,-1.48,-0.89,0,16,6,0,41,7,13,,,0,,,,,,,,,,,,,,,
ESP-La Liga,2324,Almería,Aleksandar Radovanović,SRB,DF,29,1993,9,8,569,6.3,0,0,0,0,0,0,2,0,0.0,0.0,0.0,0.0,0.0,6.3,0,1,0,0.0,0.16,0.0,0.0,,0,0,63,16.6,8,70,4,1,9,3,1.22,10,10,0,0.0,1.01,0,7,2,0,0,11,7,,,0,,,,,,,,,,,,,,,
ESP-La Liga,2324,Almería,Anthony Lozano,HON,FW,30,1993,13,10,772,8.6,3,0,3,3,0,0,1,0,0.35,0.0,0.35,0.35,0.35,8.6,3,23,9,39.1,2.68,1.05,0.13,0.33,0,0,59,22.6,10,70,1,3,26,2,0.69,10,11,-1,-0.12,0.94,0,22,20,5,4,3,5,,,0,,,,,,,,,,,,,,,
ESP-La Liga,2324,Almería,Arnau Puigmal,ESP,"MF,DF",22,2001,11,3,255,2.8,0,0,0,0,0,0,3,0,0.0,0.0,0.0,0.0,0.0,2.8,0,0,0,,0.0,0.0,,,0,0,23,7.5,3,58,0,8,10,8,0.27,4,4,0,0.0,0.91,0,7,4,0,14,3,1,,,0,,,,,,,,,,,,,,,
ESP-La Liga,2324,Almería,Bruno Langa,MOZ,DF,25,1997,11,9,820,9.1,1,0,1,1,0,0,1,1,0.11,0.0,0.11,0.11,0.11,9.1,1,8,2,25.0,0.88,0.22,0.13,0.5,0,0,75,24.0,9,87,8,2,18,4,1.0,15,15,0,0.0,1.11,0,4,12,0,16,5,11,,,0,,,,,,,,,,,,,,,
ESP-La Liga,2324,Almería,Chumi,ESP,DF,24,1999,31,26,2434,27.0,0,1,1,0,0,0,4,0,0.0,0.04,0.04,0.0,0.04,27.0,0,5,1,20.0,0.18,0.04,0.0,0.0,0,0,79,71.2,26,88,24,5,30,6,0.58,34,55,-21,-0.78,0.23,0,23,8,0,2,15,23,,,0,,,,,,,,,,,,,,,
ESP-La Liga,2324,Almería,César Montes,MEX,DF,26,1997,21,21,1788,19.9,0,0,0,0,0,0,5,0,0.0,0.0,0.0,0.0,0.0,19.9,0,13,2,15.4,0.65,0.1,0.0,0.0,0,0,85,52.3,21,85,17,0,,7,0.57,17,40,-23,-1.16,-0.66,0,22,11,2,3,10,15,,,0,,,,,,,,,,,,,,,
ESP-La Liga,2324,Almería,Diego Mariño,ESP,GK,33,1990,1,1,90,1.0,0,0,0,0,0,0,0,0,0.0,0.0,0.0,0.0,0.0,1.0,0,0,0,,0.0,0.0,,,0,0,90,2.6,1,90,1,0,,37,0.0,0,2,-2,-2.0,-1.19,0,0,0,0,0,0,0,,,0,2,2.0,4,2,50.0,0,0,1,0,0.0,2,2,0,0,0.0
ESP-La Liga,2324,Almería,Dion Lopy,SEN,MF,21,2002,30,23,1916,21.3,0,0,0,0,0,0,5,0,0.0,0.0,0.0,0.0,0.0,21.3,0,23,8,34.8,1.08,0.38,0.0,0.0,0,0,64,56.0,23,78,12,7,17,5,0.37,20,43,-23,-1.08,-0.54,0,30,40,0,7,14,36,,,0,,,,,,,,,,,,,,,
ESP-La Liga,2324,Almería,Fernando,ESP,GK,33,1990,4,4,360,4.0,0,0,0,0,0,0,0,0,0.0,0.0,0.0,0.0,0.0,4.0,0,0,0,,0.0,0.0,,,0,0,90,10.5,4,90,4,0,,34,1.0,11,10,1,0.25,1.22,0,0,0,0,0,0,0,,,0,10,2.5,23,13,56.5,1,1,2,0,0.0,0,0,0,0,
ESP-La Liga,2324,Almería,Gonzalo Melero,ESP,"MF,FW",29,1994,28,10,1103,12.3,1,1,2,1,0,0,3,0,0.08,0.08,0.16,0.08,0.16,12.3,1,14,4,28.6,1.14,0.33,0.07,0.25,0,0,39,32.3,10,70,3,18,22,3,0.64,17,27,-10,-0.82,0.04,0,21,17,0,3,4,9,,,0,,,,,,,,,,,,,,,
ESP-La Liga,2324,Almería,Houboulang Mendes,GNB,DF,25,1998,7,4,396,4.4,0,0,0,0,0,0,0,0,0.0,0.0,0.0,0.0,0.0,4.4,0,1,0,0.0,0.23,0.0,0.0,,0,0,57,11.6,4,79,2,3,27,6,0.0,4,11,-7,-1.59,-0.85,0,6,10,1,5,2,14,,,0,,,,,,,,,,,,,,,
ESP-La Liga,2324,Almería,Ibrahima Koné,MLI,FW,24,1999,9,2,277,3.1,0,0,0,0,0,0,0,0,0.0,0.0,0.0,0.0,0.0,3.1,0,4,2,50.0,1.3,0.65,0.0,0.0,0,0,31,8.1,2,65,0,7,21,6,0.67,5,11,-6,-1.95,-1.2,0,3,4,6,2,0,0,,,0,,,,,,,,,,,,,,,
ESP-La Liga,2324,Almería,Iddrisu Baba,GHA,MF,27,1996,25,14,1430,15.9,0,0,0,0,0,0,5,0,0.0,0.0,0.0,0.0,0.0,15.9,0,8,2,25.0,0.5,0.13,0.0,0.0,0,0,57,41.8,14,83,8,11,25,7,0.56,17,38,-21,-1.32,-0.82,0,29,34,0,4,11,24,,,0,,,,,,,,,,,,,,,
ESP-La Liga,2324,Almería,Jonathan Viera,ESP,MF,33,1989,12,12,912,10.1,0,3,3,0,0,0,3,1,0.0,0.3,0.3,0.0,0.3,10.1,0,12,5,41.7,1.18,0.49,0.0,0.0,0,0,76,26.7,12,76,2,0,,2,0.83,16,18,-2,-0.2,0.88,1,10,16,4,6,4,9,,,0,,,,,,,,,,,,,,,
ESP-La Liga,2324,Almería,Kaiky,BRA,DF,19,2004,8,5,523,5.8,1,0,1,1,0,0,2,0,0.17,0.0,0.17,0.17,0.17,5.8,1,3,1,33.3,0.52,0.17,0.33,1.0,0,0,65,15.3,5,90,5,3,24,14,0.38,11,19,-8,-1.38,-0.63,0,7,0,0,1,3,4,,,0,,,,,,,,,,,,,,,
ESP-La Liga,2324,Almería,Largie Ramazani,BEL,"MF,FW",22,2001,29,16,1555,17.3,3,5,8,3,0,0,11,2,0.17,0.29,0.46,0.17,0.46,17.3,3,40,13,32.5,2.32,0.75,0.08,0.23,0,0,54,45.5,16,75,4,13,28,2,0.41,21,34,-13,-0.75,0.16,2,27,24,9,31,35,7,,,0,,,,,,,,,,,,,,,
ESP-La Liga,2324,Almería,Lucas Robertone,ARG,MF,26,1997,33,29,2381,26.5,0,5,5,0,0,0,11,0,0.0,0.19,0.19,0.0,0.19,26.5,0,37,13,35.1,1.4,0.49,0.0,0.0,0,0,72,69.6,29,79,12,4,21,0,0.52,32,47,-15,-0.57,0.91,0,38,54,2,65,47,35,,,0,,,,,,,,,,,,,,,
ESP-La Liga,2324,Almería,Luis Suárez,COL,"FW,MF",25,1997,15,10,917,10.2,6,0,6,5,1,1,3,0,0.59,0.0,0.59,0.49,0.49,10.2,6,40,14,35.0,3.93,1.37,0.15,0.43,1,1,61,26.8,10,83,3,5,18,0,0.73,16,23,-7,-0.69,0.21,0,18,17,5,7,0,5,,,0,,,,,,,,,,,,,,,
ESP-La Liga,2324,Almería,Luka Romero,ARG,MF,18,2004,13,5,438,4.9,3,0,3,3,0,0,2,0,0.62,0.0,0.62,0.62,0.62,4.9,3,8,3,37.5,1.64,0.62,0.38,1.0,0,0,34,12.8,5,57,0,8,19,4,0.54,7,7,0,0.0,0.97,0,8,11,0,2,1,1,,,0,,,,,,,,,,,,,,,
ESP-La Liga,2324,Almería,Luís Maximiano,POR,GK,24,1999,33,33,2970,33.0,0,0,0,0,0,0,1,0,0.0,0.0,0.0,0.0,0.0,33.0,0,0,0,,0.0,0.0,,,0,0,90,86.8,33,90,33,0,,4,0.52,32,63,-31,-0.94,-0.74,0,1,3,0,0,0,0,,,0,63,1.91,171,112,63.2,2,11,20,3,9.1,7,4,1,2,20.0
ESP-La Liga,2324,Almería,Lázaro,BRA,MF,21,2002,14,2,285,3.2,0,0,0,0,0,0,0,0,0.0,0.0,0.0,0.0,0.0,3.2,0,8,4,50.0,2.53,1.26,0.0,0.0,0,0,20,8.3,2,54,0,12,15,9,0.21,1,10,-9,-2.84,-2.18,0,3,7,2,11,1,1,,,0,,,,,,,,,,,,,,,
ESP-La Liga,2324,Almería,Léo Baptistão,BRA,"FW,MF",30,1992,32,22,1837,20.4,6,0,6,6,0,0,6,1,0.29,0.0,0.29,0.29,0.29,20.4,6,48,18,37.5,2.35,0.88,0.13,0.33,0,0,57,53.7,22,75,8,10,19,1,0.59,23,41,-18,-0.88,-0.09,0,21,29,13,26,12,16,,,0,,,,,,,,,,,,,,,
ESP-La Liga,2324,Almería,Marc Pubill,ESP,DF,20,2003,23,22,1883,20.9,1,3,4,1,0,0,2,0,0.05,0.14,0.19,0.05,0.19,20.9,1,20,5,25.0,0.96,0.24,0.05,0.2,0,0,82,55.1,22,84,15,1,25,1,0.7,26,36,-10,-0.48,0.81,0,21,34,0,67,14,26,,,0,,,,,,,,,,,,,,,
ESP-La Liga,2324,Almería,Marciano Tchami,GNB,FW,19,2004,6,0,43,0.5,0,0,0,0,0,0,0,0,0.0,0.0,0.0,0.0,0.0,0.5,0,1,0,0.0,2.09,0.0,0.0,,0,0,7,1.3,0,,0,6,7,6,0.0,0,3,-3,-6.28,-5.51,0,0,0,0,1,0,0,,,0,,,,,,,,,,,,,,,
ESP-La Liga,2324,Almería,Marcos Peña,ESP,MF,18,2005,7,4,441,4.9,0,0,0,0,0,0,3,0,0.0,0.0,0.0,0.0,0.0,4.9,0,4,1,25.0,0.82,0.2,0.0,0.0,0,0,63,12.9,4,82,3,3,38,5,0.86,4,7,-3,-0.61,0.26,0,8,4,0,0,13,14,,,0,,,,,,,,,,,,,,,
ESP-La Liga,2324,Almería,Marko Milovanović,SRB,FW,19,2003,11,2,308,3.4,1,0,1,1,0,0,0,0,0.29,0.0,0.29,0.29,0.29,3.4,1,5,1,20.0,1.46,0.29,0.2,1.0,0,0,28,9.0,2,57,0,9,22,14,0.55,3,7,-4,-1.17,-0.36,0,15,6,4,1,0,4,,,0,,,,,,,,,,,,,,,
ESP-La Liga,2324,Almería,Paco Sanz,ESP,DF,18,2004,1,0,24,0.3,0,0,0,0,0,0,0,0,0.0,0.0,0.0,0.0,0.0,0.3,0,0,0,,0.0,0.0,,,0,0,24,0.7,0,,0,1,24,7,3.0,2,0,2,7.5,8.4,0,0,0,0,0,0,0,,,0,,,,,,,,,,,,,,,
ESP-La Liga,2324,Almería,Rachad Fettal,MAR,FW,18,2005,1,0,17,0.2,0,0,0,0,0,0,0,0,0.0,0.0,0.0,0.0,0.0,0.2,0,1,0,0.0,5.29,0.0,0.0,,0,0,17,0.5,0,,0,1,17,6,1.0,0,0,0,0.0,0.85,0,1,0,0,0,0,0,,,0,,,,,,,,,,,,,,,
ESP-La Liga,2324,Almería,Sergio Akieme,ESP,"DF,MF",25,1997,19,19,1675,18.6,2,0,2,2,0,0,2,0,0.11,0.0,0.11,0.11,0.11,18.6,2,9,5,55.6,0.48,0.27,0.22,0.4,0,0,88,49.0,19,88,18,0,,1,0.32,17,36,-19,-1.02,-0.35,0,18,17,1,56,10,15,,,0,,,,,,,,,,,,,,,
ESP-La Liga,2324,Almería,Sergio Arribas,ESP,"MF,FW",21,2001,34,22,2047,22.7,9,4,13,9,0,0,1,0,0.4,0.18,0.57,0.4,0.57,22.7,9,60,22,36.7,2.64,0.97,0.15,0.41,0,0,60,59.9,22,76,4,12,31,4,0.5,28,41,-13,-0.57,0.67,0,14,42,2,59,14,17,,,0,,,,,,,,,,,,,,,
ESP-La Liga,2324,Almería,Srđan Babić,SRB,DF,27,1996,1,1,90,1.0,0,0,0,0,0,0,0,0,0.0,0.0,0.0,0.0,0.0,1.0,0,1,0,0.0,1.0,0.0,0.0,,0,0,90,2.6,1,90,1,0,,0,0.0,0,2,-2,-2.0,-1.19,0,2,0,0,0,0,2,,,0,,,,,,,,,,,,,,,
ESP-La Liga,2324,Almería,Álex Centelles,ESP,DF,25,1997,14,11,980,10.9,0,1,1,0,0,0,2,0,0.0,0.09,0.09,0.0,0.09,10.9,0,2,1,50.0,0.18,0.09,0.0,0.0,0,0,70,28.7,11,83,8,3,23,22,0.64,12,24,-12,-1.1,-0.36,0,10,13,1,43,16,7,,,0,,,,,,,,,,,,,,,
ESP-La Liga,2324,Almería,Édgar González,ESP,"DF,MF",26,1997,31,30,2522,28.0,2,0,2,2,0,0,7,1,0.07,0.0,0.07,0.07,0.07,28.0,2,13,3,23.1,0.46,0.11,0.15,0.67,0,0,81,73.7,30,83,23,1,45,1,0.58,25,52,-27,-0.96,-0.46,1,29,7,3,2,35,21,,,0,,,,,,,,,,,,,,,
ESP-La Liga,2324,Athletic Club,Adu Ares,ESP,MF,21,2001,12,2,265,2.9,0,0,0,0,0,0,2,0,0.0,0.0,0.0,0.0,0.0,2.9,0,4,0,0.0,1.36,0.0,0.0,,0,0,22,7.7,2,61,0,10,14,24,1.17,3,3,0,0.0,-0.68,0,5,12,1,11,1,4,,,0,,,,,,,,,,,,,,,
ESP-La Liga,2324,Athletic Club,Aingeru Olabarrieta,ESP,FW,17,2005,1,0,9,0.1,0,0,0,0,0,0,0,0,0.0,0.0,0.0,0.0,0.0,0.1,0,1,0,0.0,10.0,0.0,0.0,,0,0,9,0.3,0,,0,1,9,3,3.0,0,0,0,0.0,-0.63,0,0,0,0,2,0,0,,,0,,,,,,,,,,,,,,,
ESP-La Liga,2324,Athletic Club,Aitor Paredes,ESP,DF,23,2000,34,31,2704,30.0,1,0,1,1,0,0,9,1,0.03,0.0,0.03,0.03,0.03,30.0,1,13,3,23.1,0.43,0.1,0.08,0.33,0,0,80,79.1,31,84,24,3,35,2,1.76,48,27,21,0.7,0.32,1,37,11,0,1,31,12,,,0,,,,,,,,,,,,,,,
ESP-La Liga,2324,Athletic Club,Ander Herrera,ESP,MF,33,1989,23,10,1030,11.4,0,3,3,0,0,0,4,0,0.0,0.26,0.26,0.0,0.26,11.4,0,14,2,14.3,1.22,0.17,0.0,0.0,0,0,45,30.1,10,75,3,13,22,6,1.78,17,10,7,0.61,-0.03,0,21,11,0,12,16,33,,,0,,,,,,,,,,,,,,,
ESP-La Liga,2324,Athletic Club,Asier Villalibre,ESP,FW,25,1997,18,4,513,5.7,2,1,3,2,0,0,0,0,0.35,0.18,0.53,0.35,0.53,5.7,2,12,6,50.0,2.11,1.05,0.17,0.33,0,0,29,15.0,4,55,0,14,21,20,1.72,8,6,2,0.35,-0.33,0,7,11,3,2,0,1,,,0,,,,,,,,,,,,,,,
ESP-La Liga,2324,Athletic Club,Beñat Prados,ESP,MF,22,2001,26,16,1449,16.1,0,0,0,0,0,0,1,0,0.0,0.0,0.0,0.0,0.0,16.1,0,7,4,57.1,0.43,0.25,0.0,0.0,0,0,56,42.4,16,79,5,10,19,12,1.65,26,15,11,0.68,0.09,0,29,24,0,10,23,28,,,0,,,,,,,,,,,,,,,
ESP-La Liga,2324,Athletic Club,Dani García,ESP,MF,33,1990,17,7,745,8.3,1,0,1,1,0,0,4,0,0.12,0.0,0.12,0.12,0.12,8.3,1,6,3,50.0,0.72,0.36,0.17,0.33,0,0,44,21.8,7,81,3,10,18,11,1.71,7,11,-4,-0.48,-1.43,0,11,7,0,0,8,11,,,0,,,,,,,,,,,,,,,
ESP-La Liga,2324,Athletic Club,Daniel Vivian,ESP,DF,24,1999,33,31,2878,32.0,0,0,0,0,0,0,6,0,0.0,0.0,0.0,0.0,0.0,32.0,0,11,1,9.1,0.34,0.03,0.0,0.0,0,0,87,84.2,31,89,29,2,56,2,1.82,54,34,20,0.63,-0.04,0,37,26,1,5,29,29,,,0,,,,,,,,,,,,,,,
ESP-La Liga,2324,Athletic Club,Gorka Guruzeta,ESP,FW,26,1996,32,30,2217,24.6,14,5,19,14,0,1,2,0,0.57,0.2,0.77,0.57,0.77,24.6,14,65,31,47.7,2.64,1.26,0.22,0.45,0,1,69,64.8,30,72,4,2,33,1,1.78,44,20,24,0.97,0.97,0,44,23,11,12,15,22,,,0,,,,,,,,,,,,,,,
ESP-La Liga,2324,Athletic Club,Iker Muniain,ESP,MF,30,1992,20,5,594,6.6,2,0,2,2,0,0,1,0,0.3,0.0,0.3,0.3,0.3,6.6,2,13,7,53.8,1.97,1.06,0.15,0.29,0,0,30,17.4,5,61,0,15,19,15,1.8,12,13,-1,-0.15,-0.95,0,5,11,0,33,0,1,,,0,,,,,,,,,,,,,,,
ESP-La Liga,2324,Athletic Club,Imanol,ESP,DF,23,2000,9,5,525,5.8,0,0,0,0,0,0,2,0,0.0,0.0,0.0,0.0,0.0,5.8,0,1,0,0.0,0.17,0.0,0.0,,0,0,58,15.4,5,84,3,4,27,26,1.56,10,7,3,0.51,-0.14,0,5,2,0,21,9,6,,,0,,,,,,,,,,,,,,,
ESP-La Liga,2324,Athletic Club,Iñaki Williams,GHA,MF,29,1994,34,32,2844,31.6,12,3,15,12,0,0,4,0,0.38,0.09,0.47,0.38,0.47,31.6,12,93,43,46.2,2.94,1.36,0.13,0.28,0,0,84,83.2,32,87,19,2,37,0,1.74,52,32,20,0.63,0.01,0,32,45,25,110,13,18,,,1,,,,,,,,,,,,,,,
ESP-La Liga,2324,Athletic Club,Iñigo Lekue,ESP,DF,30,1993,27,22,2002,22.2,0,2,2,0,0,0,4,0,0.0,0.09,0.09,0.0,0.09,22.2,0,5,0,0.0,0.22,0.0,0.0,,0,0,74,58.5,22,83,18,5,35,9,1.89,34,23,11,0.49,-0.33,0,15,7,0,37,16,21,,,0,,,,,,,,,,,,,,,
ESP-La Liga,2324,Athletic Club,Iñigo Ruiz de Galarreta,ESP,MF,29,1993,29,25,2091,23.2,1,1,2,1,0,0,7,0,0.04,0.04,0.09,0.04,0.09,23.2,1,11,2,18.2,0.47,0.09,0.09,0.5,0,0,72,61.1,25,79,9,4,27,0,1.79,44,19,25,1.08,1.14,0,54,41,0,58,12,32,,,1,,,,,,,,,,,,,,,
ESP-La Liga,2324,Athletic Club,Julen Agirrezabala,ESP,GK,22,2000,4,2,238,2.6,0,0,0,0,0,0,0,0,0.0,0.0,0.0,0.0,0.0,2.6,0,0,0,,0.0,0.0,,,0,0,60,7.0,2,90,2,2,29,34,1.5,3,4,-1,-0.38,-1.09,0,0,0,0,0,0,0,,,0,4,1.51,12,8,66.7,1,0,1,1,50.0,0,0,0,0,
ESP-La Liga,2324,Athletic Club,Mikel Jauregizar,ESP,MF,19,2003,7,1,151,1.7,0,0,0,0,0,0,0,0,0.0,0.0,0.0,0.0,0.0,1.7,0,2,0,0.0,1.19,0.0,0.0,,0,0,22,4.4,1,45,0,6,18,8,2.71,2,0,2,1.19,0.59,0,4,1,0,6,0,0,,,0,,,,,,,,,,,,,,,
ESP-La Liga,2324,Athletic Club,Mikel Vesga,ESP,MF,30,1993,27,18,1534,17.0,3,1,4,1,2,2,2,0,0.18,0.06,0.23,0.06,0.12,17.0,3,19,7,36.8,1.11,0.41,0.16,0.43,2,2,57,44.9,18,75,8,9,20,6,1.78,26,18,8,0.47,-0.29,0,28,6,0,15,31,20,,,0,,,,,,,,,,,,,,,
ESP-La Liga,2324,Athletic Club,Nico Williams,ESP,MF,21,2002,31,29,2263,25.1,5,11,16,5,0,0,6,1,0.2,0.44,0.64,0.2,0.64,25.1,5,56,19,33.9,2.23,0.76,0.09,0.26,0,0,73,66.2,29,76,7,2,23,0,1.9,44,23,21,0.84,0.6,1,19,37,12,152,4,12,,,0,,,,,,,,,,,,,,,
ESP-La Liga,2324,Athletic Club,Oihan Sancet,ESP,MF,23,2000,30,25,1975,21.9,4,5,9,4,0,1,5,2,0.18,0.23,0.41,0.18,0.41,21.9,4,42,12,28.6,1.91,0.55,0.1,0.33,0,1,66,57.7,25,73,3,5,31,1,1.73,36,18,18,0.82,0.45,1,30,35,3,29,10,11,,,0,,,,,,,,,,,,,,,
ESP-La Liga,2324,Athletic Club,Peru Nolaskoain,ESP,"DF,MF",24,1998,2,0,10,0.1,0,0,0,0,0,0,0,0,0.0,0.0,0.0,0.0,0.0,0.1,0,0,0,,0.0,0.0,,,0,0,5,0.3,0,,0,2,5,12,2.0,0,0,0,0.0,-0.63,0,0,0,0,0,0,1,,,0,,,,,,,,,,,,,,,
ESP-La Liga,2324,Athletic Club,Raúl García,ESP,FW,37,1986,20,1,420,4.7,1,0,1,1,0,0,3,0,0.21,0.0,0.21,0.21,0.21,4.7,1,10,1,10.0,2.14,0.21,0.1,1.0,0,0,21,12.3,1,81,0,19,18,17,1.8,8,3,5,1.07,0.5,0,20,10,5,6,2,6,,,0,,,,,,,,,,,,,,,
ESP-La Liga,2324,Athletic Club,Unai Gómez,ESP,MF,20,2003,25,9,875,9.7,2,0,2,2,0,0,1,0,0.21,0.0,0.21,0.21,0.21,9.7,2,16,8,50.0,1.65,0.82,0.13,0.25,0,0,35,25.6,9,64,1,16,19,12,1.92,17,11,6,0.62,-0.02,0,11,20,0,20,2,9,,,0,,,,,,,,,,,,,,,
ESP-La Liga,2324,Athletic Club,Unai Simón,ESP,GK,26,1997,36,36,3182,35.4,0,0,0,0,0,0,2,0,0.0,0.0,0.0,0.0,0.0,35.4,0,0,0,,0.0,0.0,,,0,0,88,93.0,36,88,34,0,,1,1.81,58,33,25,0.71,1.09,0,0,8,0,0,1,1,,,1,33,0.93,121,91,72.7,18,11,7,15,41.7,5,1,3,1,75.0
ESP-La Liga,2324,Athletic Club,Yeray Álvarez,ESP,DF,28,1995,19,14,1152,12.8,0,0,0,0,0,0,1,1,0.0,0.0,0.0,0.0,0.0,12.8,0,7,2,28.6,0.55,0.16,0.0,0.0,0,0,61,33.7,14,72,8,5,30,3,1.84,18,12,6,0.47,-0.25,0,15,14,0,1,10,9,,,0,,,,,,,,,,,,,,,
ESP-La Liga,2324,Athletic Club,Yuri Berchiche,ESP,DF,33,1990,27,22,1930,21.4,3,1,4,3,0,0,5,0,0.14,0.05,0.19,0.14,0.19,21.4,3,18,6,33.3,0.84,0.28,0.17,0.5,0,0,71,56.4,22,81,16,5,28,0,1.85,33,16,17,0.79,0.37,0,29,33,0,43,19,26,,,1,,,,,,,,,,,,,,,
ESP-La Liga,2324,Athletic Club,Álex Berenguer,ESP,MF,28,1995,35,15,1592,17.7,7,3,10,6,1,1,4,0,0.4,0.17,0.57,0.34,0.51,17.7,7,32,12,37.5,1.81,0.68,0.22,0.58,1,1,45,46.5,15,79,8,20,20,1,1.74,19,19,0,0.0,-1.18,0,30,22,12,139,5,15,,,0,,,,,,,,,,,,,,,
ESP-La Liga,2324,Athletic Club,Óscar de Marcos,ESP,DF,34,1989,28,26,2258,25.1,1,5,6,1,0,0,5,0,0.04,0.2,0.24,0.04,0.24,25.1,1,5,2,40.0,0.2,0.08,0.2,0.5,0,0,81,66.0,26,84,21,2,36,4,1.75,46,27,19,0.76,0.37,0,22,12,5,119,12,41,,,0,,,,,,,,,,,,,,,
ESP-La Liga,2324,Atlético Madrid,Abdellah Raihani,MAR,FW,19,2004,1,0,10,0.1,0,0,0,0,0,0,0,0,0.0,0.0,0.0,0.0,0.0,0.1,0,0,0,,0.0,0.0,,,0,0,10,0.3,0,,0,1,10,0,0.0,0,1,-1,-9.0,-9.74,0,0,1,0,0,0,0,,,0,,,,,,,,,,,,,,,
ESP-La Liga,2324,Atlético Madrid,Antoine Griezmann,FRA,"FW,MF",32,1991,33,31,2644,29.4,16,6,22,12,4,4,5,0,0.54,0.2,0.75,0.41,0.61,29.4,16,79,34,43.0,2.69,1.16,0.2,0.47,4,4,80,77.3,31,83,19,2,39,1,2.0,52,33,19,0.65,-0.28,0,16,26,14,125,11,20,,,0,,,,,,,,,,,,,,,
ESP-La Liga,2324,Atlético Madrid,Arthur Vermeeren,BEL,MF,18,2005,5,2,162,1.8,0,0,0,0,0,0,2,0,0.0,0.0,0.0,0.0,0.0,1.8,0,0,0,,0.0,0.0,,,0,0,32,4.7,2,51,0,3,20,13,1.8,3,2,1,0.56,-0.16,0,7,1,0,0,6,0,,,0,,,,,,,,,,,,,,,
ESP-La Liga,2324,Atlético Madrid,Axel Witsel,BEL,DF,34,1989,35,30,2783,30.9,2,0,2,2,0,0,5,0,0.06,0.0,0.06,0.06,0.06,30.9,2,7,3,42.9,0.23,0.1,0.29,0.67,0,0,80,81.4,30,87,27,5,32,1,2.09,51,31,20,0.65,-0.34,0,24,28,0,4,16,21,,,0,,,,,,,,,,,,,,,
ESP-La Liga,2324,Atlético Madrid,César Azpilicueta,ESP,"DF,MF",33,1989,25,14,1423,15.8,0,2,2,0,0,0,4,0,0.0,0.13,0.13,0.0,0.13,15.8,0,2,2,100.0,0.13,0.13,0.0,0.0,0,0,57,41.6,14,81,6,11,26,4,2.12,24,16,8,0.51,-0.35,0,29,12,0,11,16,15,,,0,,,,,,,,,,,,,,,
ESP-La Liga,2324,Atlético Madrid,Gabriel Paulista,BRA,DF,32,1990,5,5,405,4.5,0,0,0,0,0,0,1,0,0.0,0.0,0.0,0.0,0.0,4.5,0,1,1,100.0,0.22,0.22,0.0,0.0,0,0,81,11.8,5,81,4,0,,9,0.8,4,7,-3,-0.67,-1.56,0,4,0,0,0,3,5,,,0,,,,,,,,,,,,,,,
ESP-La Liga,2324,Atlético Madrid,Jan Oblak,SVN,GK,30,1993,38,38,3420,38.0,0,0,0,0,0,0,1,0,0.0,0.0,0.0,0.0,0.0,38.0,0,0,0,,0.0,0.0,,,0,0,90,100.0,38,90,38,0,,0,2.0,70,43,27,0.71,,0,0,2,0,0,0,0,,,0,43,1.13,144,101,70.1,24,4,10,11,28.9,2,1,0,1,0.0
ESP-La Liga,2324,Atlético Madrid,Javi Galán,ESP,"DF,MF",28,1994,5,0,88,1.0,0,0,0,0,0,0,1,0,0.0,0.0,0.0,0.0,0.0,1.0,0,0,0,,0.0,0.0,,,0,0,18,2.6,0,,0,5,18,15,1.8,2,1,1,1.02,0.32,0,1,4,0,6,1,3,,,0,,,,,,,,,,,,,,,
ESP-La Liga,2324,Atlético Madrid,José María Giménez,URU,DF,28,1995,22,14,1326,14.7,0,0,0,0,0,0,5,0,0.0,0.0,0.0,0.0,0.0,14.7,0,7,1,14.3,0.48,0.07,0.0,0.0,0,0,60,38.8,14,82,10,8,22,2,2.18,31,15,16,1.09,0.61,0,17,2,0,1,10,9,,,0,,,,,,,,,,,,,,,
ESP-La Liga,2324,Atlético Madrid,Koke,ESP,MF,31,1992,35,32,2493,27.7,0,4,4,0,0,0,5,0,0.0,0.14,0.14,0.0,0.14,27.7,0,10,2,20.0,0.36,0.07,0.0,0.0,0,0,71,72.9,32,76,18,3,23,0,2.06,52,33,19,0.69,-0.09,0,19,19,0,10,15,42,,,0,,,,,,,,,,,,,,,
ESP-La Liga,2324,Atlético Madrid,Marcos Llorente,ESP,"MF,DF",28,1995,37,29,2565,28.5,6,4,10,6,0,0,5,0,0.21,0.14,0.35,0.21,0.35,28.5,6,30,19,63.3,1.05,0.67,0.2,0.32,0,0,69,75.0,29,79,17,8,34,0,2.05,49,33,16,0.56,-0.6,0,31,27,19,70,13,23,,,0,,,,,,,,,,,,,,,
ESP-La Liga,2324,Atlético Madrid,Mario Hermoso,ESP,DF,28,1995,31,29,2557,28.4,0,1,1,0,0,0,9,0,0.0,0.04,0.04,0.0,0.04,28.4,0,17,4,23.5,0.6,0.14,0.0,0.0,0,0,82,74.8,29,87,26,2,16,4,1.94,55,34,21,0.74,0.11,0,32,23,1,38,28,25,,,0,,,,,,,,,,,,,,,
ESP-La Liga,2324,Atlético Madrid,Memphis,NED,FW,29,1994,23,9,893,9.9,5,1,6,5,0,0,2,0,0.5,0.1,0.6,0.5,0.6,9.9,5,38,15,39.5,3.83,1.51,0.13,0.33,0,0,39,26.1,9,61,1,14,25,3,1.74,16,14,2,0.2,-0.69,0,14,16,8,12,1,2,,,0,,,,,,,,,,,,,,,
ESP-La Liga,2324,Atlético Madrid,Nahuel Molina,ARG,"MF,DF",25,1998,30,19,1852,20.6,2,3,5,2,0,0,4,1,0.1,0.15,0.24,0.1,0.24,20.6,2,12,5,41.7,0.58,0.24,0.17,0.4,0,0,62,54.2,19,76,8,11,38,2,1.9,40,21,19,0.92,0.46,0,20,16,7,87,8,22,,,0,,,,,,,,,,,,,,,
ESP-La Liga,2324,Atlético Madrid,Pablo Barrios,ESP,MF,20,2003,24,17,1555,17.3,0,1,1,0,0,0,5,0,0.0,0.06,0.06,0.0,0.06,17.3,0,17,7,41.2,0.98,0.41,0.0,0.0,0,0,65,45.5,17,77,8,7,35,0,2.13,32,17,15,0.87,0.29,0,23,24,0,16,27,25,,,0,,,,,,,,,,,,,,,
ESP-La Liga,2324,Atlético Madrid,Reinildo Mandava,MOZ,DF,29,1994,16,7,731,8.1,2,1,3,2,0,0,2,0,0.25,0.12,0.37,0.25,0.37,8.1,2,5,3,60.0,0.62,0.37,0.4,0.67,0,0,46,21.4,7,84,6,9,16,8,2.13,17,11,6,0.74,0.04,0,14,8,0,6,15,21,,,0,,,,,,,,,,,,,,,
ESP-La Liga,2324,Atlético Madrid,Rodrigo De Paul,ARG,MF,29,1994,34,25,2075,23.1,3,5,8,3,0,0,7,0,0.13,0.22,0.35,0.13,0.35,23.1,3,30,12,40.0,1.3,0.52,0.1,0.25,0,0,61,60.7,25,71,5,9,32,0,1.97,41,26,15,0.65,-0.15,0,26,59,1,45,11,21,,,0,,,,,,,,,,,,,,,
ESP-La Liga,2324,Atlético Madrid,Rodrigo Riquelme,ESP,"MF,DF",23,2000,34,17,1528,17.0,3,5,8,3,0,0,1,0,0.18,0.29,0.47,0.18,0.47,17.0,3,37,16,43.2,2.18,0.94,0.08,0.19,0,0,45,44.7,17,64,4,17,26,4,1.97,28,26,2,0.12,-1.07,0,11,28,9,63,9,19,,,0,,,,,,,,,,,,,,,
ESP-La Liga,2324,Atlético Madrid,Salim El Jebari,MAR,MF,19,2004,1,0,13,0.1,0,0,0,0,0,0,0,0,0.0,0.0,0.0,0.0,0.0,0.1,0,0,0,,0.0,0.0,,,0,0,13,0.4,0,,0,1,13,7,0.0,0,0,0,0.0,-0.71,0,1,0,0,1,0,0,,,0,,,,,,,,,,,,,,,
ESP-La Liga,2324,Atlético Madrid,Samuel Lino,BRA,"MF,DF",23,1999,34,25,2080,23.1,4,5,9,4,0,0,1,0,0.17,0.22,0.39,0.17,0.39,23.1,4,54,21,38.9,2.34,0.91,0.07,0.19,0,0,61,60.8,25,72,6,9,31,2,2.06,46,21,25,1.08,0.95,0,27,56,9,41,14,34,,,0,,,,,,,,,,,,,,,
ESP-La Liga,2324,Atlético Madrid,Saúl Ñíguez,ESP,MF,28,1994,34,14,1374,15.3,1,4,5,1,0,0,10,1,0.07,0.26,0.33,0.07,0.33,15.3,1,16,4,25.0,1.05,0.26,0.06,0.25,0,0,40,40.2,14,68,5,20,21,3,2.06,31,16,15,0.98,0.45,1,42,14,2,16,15,39,,,0,,,,,,,,,,,,,,,
ESP-La Liga,2324,Atlético Madrid,Stefan Savić,MNE,DF,32,1991,23,19,1630,18.1,0,0,0,0,0,0,7,1,0.0,0.0,0.0,0.0,0.0,18.1,0,5,1,20.0,0.28,0.06,0.0,0.0,0,0,71,47.7,19,82,15,4,16,9,2.0,35,21,14,0.77,0.12,1,16,6,1,4,25,18,,,0,,,,,,,,,,,,,,,
ESP-La Liga,2324,Atlético Madrid,Thomas Lemar,FRA,MF,27,1995,3,3,164,1.8,0,0,0,0,0,0,0,0,0.0,0.0,0.0,0.0,0.0,1.8,0,2,0,0.0,1.1,0.0,0.0,,0,0,55,4.8,3,55,0,0,,2,1.33,1,2,-1,-0.55,-1.32,0,3,2,0,6,0,1,,,0,,,,,,,,,,,,,,,
ESP-La Liga,2324,Atlético Madrid,Yannick Carrasco,BEL,"DF,MF",29,1993,3,3,221,2.5,0,1,1,0,0,0,0,0,0.0,0.41,0.41,0.0,0.41,2.5,0,2,1,50.0,0.81,0.41,0.0,0.0,0,0,74,6.5,3,74,1,0,,0,2.33,6,1,5,2.04,1.42,0,2,2,1,8,1,4,,,0,,,,,,,,,,,,,,,
ESP-La Liga,2324,Atlético Madrid,Álvaro Morata,ESP,FW,30,1992,32,21,1904,21.2,15,3,18,15,0,1,4,1,0.71,0.14,0.85,0.71,0.85,21.2,15,67,34,50.7,3.17,1.61,0.22,0.44,0,1,60,55.7,21,74,5,11,32,2,1.91,40,25,15,0.71,0.0,1,33,36,33,10,1,10,,,0,,,,,,,,,,,,,,,
ESP-La Liga,2324,Atlético Madrid,Ángel Correa,ARG,"FW,MF",28,1995,32,14,1528,17.0,9,2,11,9,0,0,3,0,0.53,0.12,0.65,0.53,0.65,17.0,9,43,20,46.5,2.53,1.18,0.21,0.45,0,0,48,44.7,14,73,4,18,28,3,1.94,35,19,16,0.94,0.42,0,24,32,17,41,2,14,,,0,,,,,,,,,,,,,,,
ESP-La Liga,2324,Atlético Madrid,Çağlar Söyüncü,TUR,DF,27,1996,6,1,114,1.3,0,0,0,0,0,0,0,1,0.0,0.0,0.0,0.0,0.0,1.3,0,0,0,,0.0,0.0,,,0,0,19,3.3,1,45,0,5,14,8,2.5,5,1,4,3.16,2.53,0,3,1,1,0,1,1,,,0,,,,,,,,,,,,,,,
ESP-La Liga,2324,Barcelona,Abde Ezzalzouli,MAR,"FW,MF",21,2001,2,0,68,0.8,0,0,0,0,0,0,0,0,0.0,0.0,0.0,0.0,0.0,0.8,0,4,1,25.0,5.29,1.32,0.0,0.0,0,0,34,2.0,0,,0,2,34,1,2.0,2,0,2,2.65,1.76,0,1,3,0,7,0,1,,,0,,,,,,,,,,,,,,,
ESP-La Liga,2324,Barcelona,Alejandro Balde,ESP,"DF,MF",19,2003,18,15,1378,15.3,0,1,1,0,0,0,1,0,0.0,0.07,0.07,0.0,0.07,15.3,0,5,1,20.0,0.33,0.07,0.0,0.0,0,0,77,40.3,15,87,12,3,26,2,2.11,29,17,12,0.78,-0.23,0,8,18,4,37,5,9,,,0,,,,,,,,,,,,,,,
ESP-La Liga,2324,Barcelona,Andreas Christensen,DEN,"DF,MF",27,1996,30,27,1979,22.0,2,2,4,2,0,0,4,0,0.09,0.09,0.18,0.09,0.18,22.0,2,12,4,33.3,0.55,0.18,0.17,0.5,0,0,66,57.9,27,68,6,3,49,6,2.17,37,26,11,0.5,-1.0,0,26,10,0,0,20,15,,,0,,,,,,,,,,,,,,,
ESP-La Liga,2324,Barcelona,Ansu Fati,ESP,"FW,MF",20,2002,3,0,50,0.6,0,0,0,0,0,0,0,0,0.0,0.0,0.0,0.0,0.0,0.6,0,7,1,14.3,12.6,1.8,0.0,0.0,0,0,17,1.5,0,,0,3,17,0,2.33,2,0,2,3.6,2.72,0,0,4,1,0,1,0,,,0,,,,,,,,,,,,,,,
ESP-La Liga,2324,Barcelona,Eric García,ESP,"DF,MF",22,2001,2,0,57,0.6,0,0,0,0,0,0,1,0,0.0,0.0,0.0,0.0,0.0,0.6,0,1,0,0.0,1.58,0.0,0.0,,0,0,29,1.7,0,,0,2,29,1,3.0,4,1,3,4.74,3.88,0,1,0,0,0,0,0,,,0,,,,,,,,,,,,,,,
ESP-La Liga,2324,Barcelona,Fermin López,ESP,"MF,FW",20,2003,31,14,1446,16.1,8,0,8,8,0,0,2,0,0.5,0.0,0.5,0.5,0.5,16.1,8,51,25,49.0,3.17,1.56,0.16,0.32,0,0,47,42.3,14,70,1,17,28,6,2.29,31,14,17,1.06,0.24,0,43,17,10,18,3,20,,,0,,,,,,,,,,,,,,,
ESP-La Liga,2324,Barcelona,Ferran Torres,ESP,FW,23,2000,29,12,1211,13.5,7,2,9,7,0,0,2,0,0.52,0.15,0.67,0.52,0.67,13.5,7,38,15,39.5,2.82,1.11,0.18,0.47,0,0,42,35.4,12,68,4,17,23,2,2.21,33,18,15,1.11,0.3,0,8,16,16,21,5,8,,,0,,,,,,,,,,,,,,,
ESP-La Liga,2324,Barcelona,Frenkie de Jong,NED,MF,26,1997,20,20,1634,18.2,2,0,2,2,0,0,7,0,0.11,0.0,0.11,0.11,0.11,18.2,2,7,4,57.1,0.39,0.22,0.29,0.5,0,0,82,47.8,20,82,17,0,,1,2.05,41,25,16,0.88,-0.08,0,19,22,1,26,15,26,,,0,,,,,,,,,,,,,,,
ESP-La Liga,2324,Barcelona,Gavi,ESP,"MF,FW",18,2004,12,10,944,10.5,1,1,2,1,0,0,5,0,0.1,0.1,0.19,0.1,0.19,10.5,1,10,5,50.0,0.95,0.48,0.1,0.2,0,0,79,27.6,10,88,9,2,34,0,2.25,22,11,11,1.05,0.18,0,31,23,4,8,8,23,,,0,,,,,,,,,,,,,,,
ESP-La Liga,2324,Barcelona,Héctor Fort,ESP,DF,16,2006,7,4,318,3.5,0,2,2,0,0,0,0,0,0.0,0.57,0.57,0.0,0.57,3.5,0,1,0,0.0,0.28,0.0,0.0,,0,0,45,9.3,4,65,0,3,20,17,2.57,9,2,7,1.98,1.17,0,8,1,1,6,2,6,,,0,,,,,,,,,,,,,,,
ESP-La Liga,2324,Barcelona,Iñaki Peña,ESP,GK,24,1999,10,10,900,10.0,0,0,0,0,0,0,0,0,0.0,0.0,0.0,0.0,0.0,10.0,0,0,0,,0.0,0.0,,,0,0,90,26.3,10,90,10,0,,25,2.0,21,17,4,0.4,-0.71,0,0,1,0,0,0,0,,,0,17,1.7,39,22,56.4,6,2,2,2,20.0,0,0,0,0,
ESP-La Liga,2324,Barcelona,Iñigo Martínez,ESP,DF,32,1991,20,13,1296,14.4,0,0,0,0,0,0,5,0,0.0,0.0,0.0,0.0,0.0,14.4,0,8,1,12.5,0.56,0.07,0.0,0.0,0,0,65,37.9,13,89,12,7,20,7,2.45,27,11,16,1.11,0.31,0,10,11,1,3,13,5,,,0,,,,,,,,,,,,,,,
ESP-La Liga,2324,Barcelona,João Cancelo,POR,DF,29,1994,32,29,2503,27.8,2,4,6,2,0,0,7,0,0.07,0.14,0.22,0.07,0.22,27.8,2,31,10,32.3,1.11,0.36,0.06,0.2,0,0,78,73.2,29,83,21,3,32,0,2.16,53,35,18,0.65,-1.02,0,39,26,4,82,33,47,,,0,,,,,,,,,,,,,,,
ESP-La Liga,2324,Barcelona,João Félix,POR,FW,23,1999,30,18,1540,17.1,7,3,10,7,0,0,3,0,0.41,0.18,0.58,0.41,0.58,17.1,7,61,25,41.0,3.56,1.46,0.11,0.28,0,0,51,45.0,18,71,3,12,22,1,2.17,34,16,18,1.05,0.24,0,21,54,9,18,11,16,,,0,,,,,,,,,,,,,,,
ESP-La Liga,2324,Barcelona,Jules Koundé,FRA,DF,24,1998,35,32,2899,32.2,1,2,3,1,0,0,4,0,0.03,0.06,0.09,0.03,0.09,32.2,1,24,7,29.2,0.75,0.22,0.04,0.14,0,0,83,84.8,32,88,30,3,29,2,2.31,69,38,31,0.96,0.27,0,23,16,2,35,28,24,,,0,,,,,,,,,,,,,,,
ESP-La Liga,2324,Barcelona,Lamine Yamal,ESP,"FW,MF",16,2007,37,22,2201,24.5,5,5,10,5,0,0,3,0,0.2,0.2,0.41,0.2,0.41,24.5,5,58,21,36.2,2.37,0.86,0.09,0.24,0,0,59,64.4,22,83,12,15,25,1,2.22,56,33,23,0.94,0.05,0,23,52,4,87,20,37,,,0,,,,,,,,,,,,,,,
ESP-La Liga,2324,Barcelona,Marc Casado,ESP,MF,19,2003,2,0,15,0.2,0,0,0,0,0,0,0,0,0.0,0.0,0.0,0.0,0.0,0.2,0,0,0,,0.0,0.0,,,0,0,8,0.4,0,,0,2,8,19,3.0,0,0,0,0.0,-0.93,0,0,2,0,0,1,1,,,0,,,,,,,,,,,,,,,
ESP-La Liga,2324,Barcelona,Marc Guiu,ESP,FW,17,2006,3,1,74,0.8,1,0,1,1,0,0,1,0,1.22,0.0,1.22,1.22,1.22,0.8,1,4,1,25.0,4.86,1.22,0.25,1.0,0,0,25,2.2,1,60,0,2,7,13,2.33,1,0,1,1.22,0.3,0,1,2,1,0,0,0,,,0,,,,,,,,,,,,,,,
ESP-La Liga,2324,Barcelona,Marc-André ter Stegen,GER,GK,31,1992,28,28,2520,28.0,0,0,0,0,0,0,3,0,0.0,0.0,0.0,0.0,0.0,28.0,0,0,0,,0.0,0.0,,,0,0,90,73.7,28,90,28,0,,0,2.32,58,27,31,1.11,0.71,0,0,1,0,0,0,0,,,0,27,0.96,102,75,73.5,20,5,3,12,42.9,2,2,0,0,0.0
ESP-La Liga,2324,Barcelona,Marcos Alonso,ESP,DF,32,1990,5,3,252,2.8,0,0,0,0,0,0,0,0,0.0,0.0,0.0,0.0,0.0,2.8,0,3,2,66.7,1.07,0.71,0.0,0.0,0,0,50,7.4,3,75,2,2,14,16,3.0,7,4,3,1.07,0.16,0,7,6,0,15,3,3,,,0,,,,,,,,,,,,,,,
ESP-La Liga,2324,Barcelona,Oriol Romeu,ESP,MF,31,1991,28,11,936,10.4,0,1,1,0,0,0,4,0,0.0,0.1,0.1,0.0,0.1,10.4,0,10,2,20.0,0.96,0.19,0.0,0.0,0,0,33,27.4,11,65,1,17,13,9,2.32,12,11,1,0.1,-1.14,0,15,11,0,7,11,22,,,0,,,,,,,,,,,,,,,
ESP-La Liga,2324,Barcelona,Pau Cubarsí,ESP,DF,16,2007,19,18,1558,17.3,0,0,0,0,0,0,4,0,0.0,0.0,0.0,0.0,0.0,17.3,0,3,0,0.0,0.17,0.0,0.0,,0,0,82,45.6,18,84,13,1,45,7,2.32,36,21,15,0.87,-0.1,0,15,2,0,1,11,13,,,0,,,,,,,,,,,,,,,
ESP-La Liga,2324,Barcelona,Pedri,ESP,"MF,FW",20,2002,24,16,1476,16.4,4,2,6,4,0,0,3,0,0.24,0.12,0.37,0.24,0.37,16.4,4,15,7,46.7,0.91,0.43,0.27,0.57,0,0,62,43.2,16,78,3,8,29,0,2.08,32,21,11,0.67,-0.44,0,11,22,1,9,14,22,,,0,,,,,,,,,,,,,,,
ESP-La Liga,2324,Barcelona,Raphinha,BRA,"FW,MF",26,1996,28,17,1368,15.2,6,9,15,5,1,1,4,1,0.39,0.59,0.99,0.33,0.92,15.2,6,59,22,37.3,3.88,1.45,0.1,0.27,1,1,49,40.0,17,68,4,11,19,2,2.14,30,14,16,1.05,0.22,0,17,25,7,81,13,8,,,0,,,,,,,,,,,,,,,
ESP-La Liga,2324,Barcelona,Robert Lewandowski,POL,FW,34,1988,35,32,2750,30.6,19,8,27,15,4,4,5,0,0.62,0.26,0.88,0.49,0.75,30.6,19,93,43,46.2,3.04,1.41,0.2,0.44,4,4,79,80.4,32,83,20,3,31,0,2.23,67,35,32,1.05,0.64,0,23,55,24,18,9,4,,,0,,,,,,,,,,,,,,,
ESP-La Liga,2324,Barcelona,Ronald Araújo,URU,DF,24,1999,25,21,1997,22.2,1,2,3,1,0,0,6,0,0.05,0.09,0.14,0.05,0.14,22.2,1,23,9,39.1,1.04,0.41,0.04,0.11,0,0,80,58.4,21,88,20,4,38,7,2.0,50,31,19,0.86,-0.16,0,25,9,0,7,10,22,,,0,,,,,,,,,,,,,,,
ESP-La Liga,2324,Barcelona,Sergi Roberto,ESP,"MF,DF",31,1992,14,10,860,9.6,3,2,5,3,0,0,4,0,0.31,0.21,0.52,0.31,0.52,9.6,3,10,4,40.0,1.05,0.42,0.3,0.75,0,0,61,25.1,10,75,3,4,27,14,2.64,26,10,16,1.67,1.01,0,8,7,1,9,8,11,,,0,,,,,,,,,,,,,,,
ESP-La Liga,2324,Barcelona,Vitor Roque,BRA,FW,18,2005,14,2,328,3.6,2,0,2,2,0,0,4,1,0.55,0.0,0.55,0.55,0.55,3.6,2,13,6,46.2,3.57,1.65,0.15,0.33,0,0,23,9.6,2,59,0,12,18,5,2.79,9,4,5,1.37,0.5,1,13,11,2,2,0,2,,,0,,,,,,,,,,,,,,,
ESP-La Liga,2324,Barcelona,İlkay Gündoğan,GER,MF,32,1990,36,33,2994,33.3,5,9,14,4,1,2,5,0,0.15,0.27,0.42,0.12,0.39,33.3,5,43,17,39.5,1.29,0.51,0.12,0.29,1,2,83,87.5,33,88,26,3,32,1,2.19,69,42,27,0.81,-0.88,0,16,42,6,157,20,20,,,0,,,,,,,,,,,,,,,
ESP-La Liga,2324,Celta Vigo,Anastasios Douvikas,GRE,FW,23,1999,32,7,905,10.1,7,1,8,7,0,0,2,0,0.7,0.1,0.8,0.7,0.8,10.1,7,26,15,57.7,2.59,1.49,0.27,0.47,0,0,28,26.5,7,73,2,25,16,3,1.16,12,23,-11,-1.09,-1.09,0,17,30,6,3,0,7,,,0,,,,,,,,,,,,,,,
ESP-La Liga,2324,Celta Vigo,Carl Starfelt,SWE,DF,28,1995,27,26,2216,24.6,1,0,1,1,0,0,4,0,0.04,0.0,0.04,0.04,0.04,24.6,1,12,5,41.7,0.49,0.2,0.08,0.2,0,0,82,64.8,26,84,20,1,23,7,1.0,27,38,-11,-0.45,-0.45,0,15,10,0,1,37,29,,,0,,,,,,,,,,,,,,,
ESP-La Liga,2324,Celta Vigo,Carles Pérez,ESP,MF,25,1998,16,7,772,8.6,1,1,2,1,0,0,3,0,0.12,0.12,0.23,0.12,0.23,8.6,1,24,6,25.0,2.8,0.7,0.04,0.17,0,0,48,22.6,7,69,0,9,32,13,1.38,13,12,1,0.12,0.52,0,15,12,1,18,5,5,,,0,,,,,,,,,,,,,,,
ESP-La Liga,2324,Celta Vigo,Carlos Dominguez,ESP,DF,22,2001,22,18,1584,17.6,0,0,0,0,0,0,2,0,0.0,0.0,0.0,0.0,0.0,17.6,0,5,0,0.0,0.28,0.0,0.0,,0,0,72,46.3,18,84,12,4,18,15,1.27,24,29,-5,-0.28,0.01,0,15,8,0,3,22,21,,,2,,,,,,,,,,,,,,,
ESP-La Liga,2324,Celta Vigo,Carlos Dotor,ESP,MF,22,2001,17,7,708,7.9,0,0,0,0,0,0,2,0,0.0,0.0,0.0,0.0,0.0,7.9,0,4,0,0.0,0.51,0.0,0.0,,0,0,42,20.7,7,87,4,10,10,7,0.65,9,12,-3,-0.38,-0.12,0,13,10,0,8,4,7,,,0,,,,,,,,,,,,,,,
ESP-La Liga,2324,Celta Vigo,Damián Rodríguez,ESP,MF,20,2003,5,3,258,2.9,0,2,2,0,0,0,1,0,0.0,0.7,0.7,0.0,0.7,2.9,0,1,0,0.0,0.35,0.0,0.0,,0,0,52,7.5,3,74,1,2,18,4,1.8,6,4,2,0.7,1.07,0,4,1,0,9,1,3,,,0,,,,,,,,,,,,,,,
ESP-La Liga,2324,Celta Vigo,Fran Beltrán,ESP,MF,24,1999,33,28,2428,27.0,0,0,0,0,0,0,2,0,0.0,0.0,0.0,0.0,0.0,27.0,0,21,3,14.3,0.78,0.11,0.0,0.0,0,0,74,71.0,28,83,17,5,19,5,1.18,38,41,-3,-0.11,0.61,0,28,16,2,19,19,34,,,0,,,,,,,,,,,,,,,
ESP-La Liga,2324,Celta Vigo,Franco Cervi,ARG,"MF,DF",29,1994,17,5,546,6.1,0,1,1,0,0,0,2,0,0.0,0.16,0.16,0.0,0.16,6.1,0,9,1,11.1,1.48,0.16,0.0,0.0,0,0,32,16.0,5,72,1,12,15,12,1.35,8,12,-4,-0.66,-0.44,0,6,19,2,18,9,19,,,0,,,,,,,,,,,,,,,
ESP-La Liga,2324,Celta Vigo,Gabriel Veiga,ESP,MF,21,2002,1,0,18,0.2,0,0,0,0,0,0,0,0,0.0,0.0,0.0,0.0,0.0,0.2,0,0,0,,0.0,0.0,,,0,0,18,0.5,0,,0,1,18,1,0.0,0,1,-1,-5.0,-4.74,0,0,0,0,1,0,0,,,0,,,,,,,,,,,,,,,
ESP-La Liga,2324,Celta Vigo,Hugo Sotelo,ESP,MF,19,2003,17,8,721,8.0,0,1,1,0,0,0,1,0,0.0,0.12,0.12,0.0,0.12,8.0,0,8,1,12.5,1.0,0.12,0.0,0.0,0,0,42,21.1,8,70,1,9,18,20,0.88,7,16,-9,-1.12,-1.06,0,16,3,0,29,2,17,,,0,,,,,,,,,,,,,,,
ESP-La Liga,2324,Celta Vigo,Hugo Álvarez,ESP,"MF,FW",20,2003,12,8,762,8.5,1,1,2,1,0,0,1,0,0.12,0.12,0.24,0.12,0.24,8.5,1,12,4,33.3,1.42,0.47,0.08,0.25,0,0,64,22.3,8,85,4,4,21,3,1.83,12,10,2,0.24,0.68,0,9,9,1,22,5,9,,,0,,,,,,,,,,,,,,,
ESP-La Liga,2324,Celta Vigo,Iago Aspas,ESP,FW,35,1987,35,31,2707,30.1,9,10,19,6,3,5,6,1,0.3,0.33,0.63,0.2,0.53,30.1,9,78,28,35.9,2.59,0.93,0.12,0.32,3,5,77,79.2,31,83,18,4,31,1,1.0,38,44,-6,-0.2,0.43,0,19,59,12,149,8,6,,,0,,,,,,,,,,,,,,,
ESP-La Liga,2324,Celta Vigo,Iván Villar,ESP,GK,26,1997,12,12,1014,11.3,0,0,0,0,0,0,0,2,0.0,0.0,0.0,0.0,0.0,11.3,0,0,0,,0.0,0.0,,,0,0,85,29.6,12,85,11,0,,22,1.0,15,19,-4,-0.36,-0.09,0,2,2,0,0,0,0,,,0,18,1.6,45,27,60.0,2,4,6,0,0.0,3,2,1,0,33.3
ESP-La Liga,2324,Celta Vigo,Jailson Siqueira,BRA,"DF,MF",27,1995,14,9,897,10.0,0,1,1,0,0,0,1,0,0.0,0.1,0.1,0.0,0.1,10.0,0,5,3,60.0,0.5,0.3,0.0,0.0,0,0,64,26.2,9,86,8,5,25,5,1.29,17,15,2,0.2,0.66,0,13,13,0,4,12,18,,,0,,,,,,,,,,,,,,,
ESP-La Liga,2324,Celta Vigo,Javi Rueda,ESP,"DF,MF",21,2002,1,0,20,0.2,0,0,0,0,0,0,0,0,0.0,0.0,0.0,0.0,0.0,0.2,0,0,0,,0.0,0.0,,,0,0,20,0.6,0,,0,1,20,0,1.0,0,0,0,0.0,0.29,0,0,1,0,0,0,0,,,0,,,,,,,,,,,,,,,
ESP-La Liga,2324,Celta Vigo,Javier Manquillo,ESP,"DF,MF",29,1994,12,10,744,8.3,0,1,1,0,0,0,3,0,0.0,0.12,0.12,0.0,0.12,8.3,0,1,0,0.0,0.12,0.0,0.0,,0,0,62,21.8,10,73,4,2,8,3,1.83,13,12,1,0.12,0.52,0,14,4,0,5,2,12,,,0,,,,,,,,,,,,,,,
ESP-La Liga,2324,Celta Vigo,Jonathan Bamba,CIV,"MF,FW",27,1996,27,24,1981,22.0,3,2,5,3,0,0,0,0,0.14,0.09,0.23,0.14,0.23,22.0,3,41,16,39.0,1.86,0.73,0.07,0.19,0,0,73,57.9,24,79,9,3,26,3,1.07,23,28,-5,-0.23,0.15,0,15,65,7,50,17,8,,,0,,,,,,,,,,,,,,,
ESP-La Liga,2324,Celta Vigo,Joseph Aidoo,GHA,DF,27,1995,6,4,407,4.5,0,0,0,0,0,0,0,0,0.0,0.0,0.0,0.0,0.0,4.5,0,3,0,0.0,0.66,0.0,0.0,,0,0,68,11.9,4,90,4,2,24,3,0.83,3,6,-3,-0.66,-0.42,0,4,0,0,0,3,3,,,0,,,,,,,,,,,,,,,
ESP-La Liga,2324,Celta Vigo,Jørgen Strand Larsen,NOR,FW,23,2000,37,36,2863,31.8,13,3,16,13,0,0,5,0,0.41,0.09,0.5,0.41,0.5,31.8,13,82,35,42.7,2.58,1.1,0.16,0.37,0,0,77,83.7,36,79,10,1,27,0,1.11,36,35,1,0.03,1.97,0,64,48,21,19,5,11,,,0,,,,,,,,,,,,,,,
ESP-La Liga,2324,Celta Vigo,Kevin Vázquez,ESP,DF,30,1993,12,10,700,7.8,0,0,0,0,0,0,3,0,0.0,0.0,0.0,0.0,0.0,7.8,0,2,1,50.0,0.26,0.13,0.0,0.0,0,0,58,20.5,10,69,3,2,5,24,0.67,9,13,-4,-0.51,-0.28,0,11,10,0,8,5,13,,,0,,,,,,,,,,,,,,,
ESP-La Liga,2324,Celta Vigo,Luca de la Torre,USA,MF,25,1998,31,22,1956,21.7,1,4,5,1,0,0,4,1,0.05,0.18,0.23,0.05,0.23,21.7,1,24,8,33.3,1.1,0.37,0.04,0.13,0,0,63,57.2,22,81,10,9,20,2,1.03,19,32,-13,-0.6,-0.72,1,39,19,4,17,11,21,,,0,,,,,,,,,,,,,,,
ESP-La Liga,2324,Celta Vigo,Manu Sánchez,ESP,"DF,MF",22,2000,26,20,1775,19.7,0,5,5,0,0,0,3,0,0.0,0.25,0.25,0.0,0.25,19.7,0,9,2,22.2,0.46,0.1,0.0,0.0,0,0,68,51.9,20,82,13,6,24,11,0.92,18,28,-10,-0.51,-0.45,0,21,5,0,57,19,32,,,0,,,,,,,,,,,,,,,
ESP-La Liga,2324,Celta Vigo,Miguel Rodríguez,ESP,MF,20,2003,15,2,300,3.3,0,0,0,0,0,0,2,0,0.0,0.0,0.0,0.0,0.0,3.3,0,6,0,0.0,1.8,0.0,0.0,,0,0,20,8.8,2,74,1,13,12,20,0.47,3,5,-2,-0.6,-0.34,0,16,11,0,11,4,3,,,0,,,,,,,,,,,,,,,
ESP-La Liga,2324,Celta Vigo,Mihailo Ristić,SRB,"DF,MF",27,1995,12,9,808,9.0,0,0,0,0,0,0,2,0,0.0,0.0,0.0,0.0,0.0,9.0,0,10,4,40.0,1.11,0.45,0.0,0.0,0,0,67,23.6,9,81,6,3,27,7,1.0,13,14,-1,-0.11,0.23,0,12,14,0,39,11,8,,,0,,,,,,,,,,,,,,,
ESP-La Liga,2324,Celta Vigo,Renato Tapia,PER,"MF,DF",28,1995,21,15,1337,14.9,0,0,0,0,0,0,5,1,0.0,0.0,0.0,0.0,0.0,14.9,0,19,1,5.3,1.28,0.07,0.0,0.0,0,0,64,39.1,15,81,10,6,19,9,1.1,14,15,-1,-0.07,0.36,1,25,27,1,9,20,27,,,0,,,,,,,,,,,,,,,
ESP-La Liga,2324,Celta Vigo,Tadeo Allende,ARG,MF,24,1999,10,2,336,3.7,1,0,1,1,0,0,1,0,0.27,0.0,0.27,0.27,0.27,3.7,1,8,2,25.0,2.14,0.54,0.13,0.5,0,0,34,9.8,2,66,0,8,26,5,0.8,7,8,-1,-0.27,0.02,0,2,3,4,9,3,2,,,0,,,,,,,,,,,,,,,
ESP-La Liga,2324,Celta Vigo,Unai Núñez,ESP,DF,26,1997,34,31,2801,31.1,1,0,1,1,0,0,4,0,0.03,0.0,0.03,0.03,0.03,31.1,1,22,5,22.7,0.71,0.16,0.05,0.2,0,0,82,81.9,31,88,27,3,22,4,0.97,36,49,-13,-0.42,-0.71,0,37,24,0,2,49,30,,,0,,,,,,,,,,,,,,,
ESP-La Liga,2324,Celta Vigo,Vicente Guaita,ESP,GK,36,1987,27,26,2403,26.7,0,0,0,0,0,0,2,0,0.0,0.0,0.0,0.0,0.0,26.7,0,0,0,,0.0,0.0,,,0,0,89,70.3,26,90,26,1,63,6,1.15,32,39,-7,-0.26,0.09,0,1,5,0,0,0,1,,,1,39,1.46,122,83,68.0,8,7,11,2,7.7,5,4,0,1,0.0
ESP-La Liga,2324,Celta Vigo,Williot Swedberg,SWE,FW,19,2004,15,4,439,4.9,5,0,5,5,0,0,1,0,1.03,0.0,1.03,1.03,1.03,4.9,5,12,6,50.0,2.46,1.23,0.42,0.83,0,0,29,12.8,4,67,0,11,15,16,1.27,11,13,-2,-0.41,-0.14,0,6,11,2,5,1,5,,,0,,,,,,,,,,,,,,,
ESP-La Liga,2324,Celta Vigo,Yoel Lago,ESP,DF,19,2004,1,1,90,1.0,0,0,0,0,0,0,0,0,0.0,0.0,0.0,0.0,0.0,1.0,0,0,0,,0.0,0.0,,,0,0,90,2.6,1,90,1,0,,0,1.0,2,2,0,0.0,0.3,0,1,2,0,0,0,1,,,0,,,,,,,,,,,,,,,
ESP-La Liga,2324,Celta Vigo,Óscar Mingueza,ESP,"DF,MF",24,1999,38,33,2998,33.3,2,2,4,2,0,0,4,0,0.06,0.06,0.12,0.06,0.12,33.3,2,28,13,46.4,0.84,0.39,0.07,0.15,0,0,79,87.7,33,86,26,5,30,0,1.08,41,48,-7,-0.21,0.64,0,21,44,1,150,19,38,,,0,,,,,,,,,,,,,,,
ESP-La Liga,2324,Cádiz,Aiham Ousou,SYR,DF,23,2000,6,5,430,4.8,0,0,0,0,0,0,0,0,0.0,0.0,0.0,0.0,0.0,4.8,0,2,0,0.0,0.42,0.0,0.0,,0,0,72,12.6,5,81,4,1,25,5,1.17,3,8,-5,-1.05,-0.32,0,4,6,0,0,6,6,,,0,,,,,,,,,,,,,,,
ESP-La Liga,2324,Cádiz,Borja Vázquez,ESP,FW,18,2005,1,0,4,0.0,0,0,0,0,0,0,0,0,0.0,0.0,0.0,0.0,0.0,0.0,0,0,0,,0.0,0.0,,,0,0,4,0.1,0,,0,1,4,0,0.0,0,0,0,0.0,0.76,0,0,0,0,1,0,0,,,0,,,,,,,,,,,,,,,
ESP-La Liga,2324,Cádiz,Brian Ocampo,URU,MF,24,1999,13,1,248,2.8,1,0,1,1,0,0,2,0,0.36,0.0,0.36,0.36,0.36,2.8,1,5,2,40.0,1.81,0.73,0.2,0.5,0,0,19,7.3,1,69,0,12,15,9,0.69,2,6,-4,-1.45,-0.74,0,9,9,0,19,3,3,,,0,,,,,,,,,,,,,,,
ESP-La Liga,2324,Cádiz,Chris Ramos,ESP,FW,26,1997,37,30,2612,29.0,5,1,6,5,0,0,5,0,0.17,0.03,0.21,0.17,0.21,29.0,5,76,27,35.5,2.62,0.93,0.07,0.19,0,0,71,76.4,30,80,10,7,32,0,0.89,22,36,-14,-0.48,1.19,0,61,46,12,12,9,13,,,0,,,,,,,,,,,,,,,
ESP-La Liga,2324,Cádiz,Darwin Machís,VEN,MF,30,1993,21,10,785,8.7,4,0,4,3,1,1,0,1,0.46,0.0,0.46,0.34,0.34,8.7,4,21,10,47.6,2.41,1.15,0.19,0.4,1,1,37,23.0,10,60,1,11,17,12,0.76,12,13,-1,-0.11,0.84,0,12,14,2,65,4,15,,,0,,,,,,,,,,,,,,,
ESP-La Liga,2324,Cádiz,David Gil,ESP,GK,29,1994,5,4,372,4.1,0,0,0,0,0,0,1,0,0.0,0.0,0.0,0.0,0.0,4.1,0,0,0,,0.0,0.0,,,0,0,74,10.9,4,90,4,1,12,32,0.6,3,8,-5,-1.21,-0.5,0,0,2,0,0,0,0,,,0,8,1.94,25,17,68.0,0,3,1,1,25.0,0,0,0,0,
ESP-La Liga,2324,Cádiz,Diadie Samassékou,MLI,MF,27,1996,4,0,92,1.0,0,0,0,0,0,0,0,0,0.0,0.0,0.0,0.0,0.0,1.0,0,1,1,100.0,0.98,0.98,0.0,0.0,0,0,23,2.7,0,,0,4,23,10,0.75,0,4,-4,-3.91,-3.24,0,2,0,0,0,3,3,,,0,,,,,,,,,,,,,,,
ESP-La Liga,2324,Cádiz,Fali,ESP,DF,29,1993,30,30,2547,28.3,0,0,0,0,0,0,12,0,0.0,0.0,0.0,0.0,0.0,28.3,0,11,3,27.3,0.39,0.11,0.0,0.0,0,0,85,74.5,30,85,25,0,,4,0.9,20,39,-19,-0.67,0.36,0,23,19,0,8,27,25,,,0,,,,,,,,,,,,,,,
ESP-La Liga,2324,Cádiz,Fede San Emeterio,ESP,MF,26,1997,4,3,152,1.7,1,0,1,1,0,0,1,1,0.59,0.0,0.59,0.59,0.59,1.7,1,1,1,100.0,0.59,0.59,1.0,1.0,0,0,38,4.4,3,50,0,1,1,5,1.0,1,1,0,0.0,0.8,0,8,3,0,1,2,2,,,0,,,,,,,,,,,,,,,
ESP-La Liga,2324,Cádiz,Gonzalo Escalante,ARG,MF,30,1993,25,18,1697,18.9,1,2,3,1,0,0,2,1,0.05,0.11,0.16,0.05,0.16,18.9,1,14,3,21.4,0.74,0.16,0.07,0.33,0,0,68,49.6,18,81,8,7,35,5,0.84,11,29,-18,-0.95,-0.38,0,31,14,3,6,27,23,,,0,,,,,,,,,,,,,,,
ESP-La Liga,2324,Cádiz,Isaac Carcelen,ESP,DF,30,1993,35,29,2611,29.0,0,0,0,0,0,0,2,0,0.0,0.0,0.0,0.0,0.0,29.0,0,10,3,30.0,0.34,0.1,0.0,0.0,0,0,75,76.3,29,87,25,6,16,3,0.86,20,38,-18,-0.62,0.6,0,16,44,6,67,23,32,,,0,,,,,,,,,,,,,,,
ESP-La Liga,2324,Cádiz,Iván Alejo,ESP,MF,28,1995,30,21,1692,18.8,0,2,2,0,0,0,17,0,0.0,0.11,0.11,0.0,0.11,18.8,0,11,2,18.2,0.59,0.11,0.0,0.0,0,0,56,49.5,21,71,3,9,22,5,1.0,14,26,-12,-0.64,0.25,0,49,49,8,151,6,23,,,0,,,,,,,,,,,,,,,
ESP-La Liga,2324,Cádiz,Javi Hernández,ESP,DF,25,1998,30,28,2514,27.9,1,2,3,1,0,0,10,0,0.04,0.07,0.11,0.04,0.11,27.9,1,30,8,26.7,1.07,0.29,0.03,0.13,0,0,84,73.5,28,88,24,2,23,2,1.0,23,42,-19,-0.68,0.31,0,45,19,1,126,17,23,,,0,,,,,,,,,,,,,,,
ESP-La Liga,2324,Cádiz,Jeremías Ledesma,ARG,GK,30,1993,34,34,3048,33.9,0,0,0,0,0,0,0,0,0.0,0.0,0.0,0.0,0.0,33.9,0,0,0,,0.0,0.0,,,0,0,90,89.1,34,90,33,0,,1,0.88,23,47,-24,-0.71,0.5,0,1,5,0,0,0,1,,,0,47,1.39,152,105,69.1,6,12,16,7,20.6,2,2,0,0,0.0
ESP-La Liga,2324,Cádiz,Jorge Meré,ESP,DF,26,1997,10,8,673,7.5,0,0,0,0,0,0,0,0,0.0,0.0,0.0,0.0,0.0,7.5,0,4,1,25.0,0.53,0.13,0.0,0.0,0,0,67,19.7,8,78,3,2,25,16,0.8,6,12,-6,-0.8,-0.05,0,1,4,0,1,8,7,,,0,,,,,,,,,,,,,,,
ESP-La Liga,2324,Cádiz,Joseba Zaldúa,ESP,"DF,MF",31,1992,13,9,704,7.8,0,0,0,0,0,0,3,0,0.0,0.0,0.0,0.0,0.0,7.8,0,1,0,0.0,0.13,0.0,0.0,,0,0,54,20.6,9,72,0,4,14,22,0.85,5,13,-8,-1.02,-0.33,0,14,4,2,16,1,13,,,1,,,,,,,,,,,,,,,
ESP-La Liga,2324,Cádiz,José Mari,ESP,MF,35,1987,3,0,14,0.2,0,0,0,0,0,0,1,0,0.0,0.0,0.0,0.0,0.0,0.2,0,0,0,,0.0,0.0,,,0,0,5,0.4,0,,0,3,5,14,1.25,2,3,-1,-6.43,-5.69,0,1,1,0,0,0,1,,,0,,,,,,,,,,,,,,,
ESP-La Liga,2324,Cádiz,Juanmi,ESP,FW,30,1993,16,9,873,9.7,3,1,4,3,0,0,3,0,0.31,0.1,0.41,0.31,0.41,9.7,3,14,7,50.0,1.44,0.72,0.21,0.43,0,0,55,25.5,9,75,3,7,28,0,1.06,7,14,-7,-0.72,0.06,0,24,11,13,2,5,4,,,0,,,,,,,,,,,,,,,
ESP-La Liga,2324,Cádiz,Karl Etta Eyong,CMR,FW,19,2003,1,0,21,0.2,0,0,0,0,0,0,0,0,0.0,0.0,0.0,0.0,0.0,0.2,0,0,0,,0.0,0.0,,,0,0,21,0.6,0,,0,1,21,0,0.0,0,0,0,0.0,0.77,0,1,0,1,0,0,1,,,0,,,,,,,,,,,,,,,
ESP-La Liga,2324,Cádiz,Lucas,BRA,DF,22,2001,28,15,1539,17.1,1,0,1,1,0,0,6,0,0.06,0.0,0.06,0.06,0.06,17.1,1,11,4,36.4,0.64,0.23,0.09,0.25,0,0,55,45.0,15,87,13,13,18,9,0.75,7,33,-26,-1.52,-1.38,0,12,6,2,72,14,29,,,0,,,,,,,,,,,,,,,
ESP-La Liga,2324,Cádiz,Luis Hernández,ESP,DF,34,1989,9,8,723,8.0,1,0,1,1,0,0,4,0,0.12,0.0,0.12,0.12,0.12,8.0,1,1,1,100.0,0.12,0.12,1.0,1.0,0,0,80,21.1,8,90,8,1,3,0,1.0,6,13,-7,-0.87,-0.14,0,8,0,0,2,8,3,,,0,,,,,,,,,,,,,,,
ESP-La Liga,2324,Cádiz,Mamadou Mbaye,SEN,DF,25,1998,4,2,288,3.2,0,0,0,0,0,0,2,0,0.0,0.0,0.0,0.0,0.0,3.2,0,2,1,50.0,0.62,0.31,0.0,0.0,0,0,72,8.4,2,90,2,2,54,27,0.75,2,5,-3,-0.94,-0.19,0,6,0,0,0,5,3,,,0,,,,,,,,,,,,,,,
ESP-La Liga,2324,Cádiz,Maxi Gómez,URU,FW,26,1996,31,12,1163,12.9,0,0,0,0,0,0,2,0,0.0,0.0,0.0,0.0,0.0,12.9,0,16,6,37.5,1.24,0.46,0.0,0.0,0,0,38,34.0,12,64,0,19,21,3,0.81,6,21,-15,-1.16,-0.6,0,20,32,13,20,2,4,,,0,,,,,,,,,,,,,,,
ESP-La Liga,2324,Cádiz,Milutin Osmajić,MNE,FW,24,1999,1,0,5,0.1,0,0,0,0,0,0,0,0,0.0,0.0,0.0,0.0,0.0,0.1,0,2,0,0.0,36.0,0.0,0.0,,0,0,5,0.1,0,,0,1,5,2,0.0,0,1,-1,-18.0,-17.26,0,0,0,0,0,0,0,,,0,,,,,,,,,,,,,,,
ESP-La Liga,2324,Cádiz,Moussa Diakité,MLI,MF,19,2003,1,0,1,0.0,0,0,0,0,0,0,0,0,0.0,0.0,0.0,0.0,0.0,0.0,0,0,0,,0.0,0.0,,,0,0,1,0.0,0,,0,1,1,1,1.0,0,0,0,0.0,0.76,0,0,0,0,0,0,0,,,0,,,,,,,,,,,,,,,
ESP-La Liga,2324,Cádiz,Roberto Navarro,ESP,MF,21,2002,28,24,1888,21.0,1,1,2,1,0,0,0,1,0.05,0.05,0.1,0.05,0.1,21.0,1,30,9,30.0,1.43,0.43,0.03,0.11,0,0,67,55.2,24,73,1,4,33,4,0.79,11,32,-21,-1.0,-0.53,0,15,27,4,96,16,29,,,0,,,,,,,,,,,,,,,
ESP-La Liga,2324,Cádiz,Roger Martí,ESP,FW,32,1991,23,18,1359,15.1,2,3,5,2,0,0,3,0,0.13,0.2,0.33,0.13,0.33,15.1,2,33,12,36.4,2.19,0.79,0.06,0.17,0,0,59,39.7,18,70,3,5,19,2,0.96,15,20,-5,-0.33,0.72,0,34,28,9,9,8,6,,,0,,,,,,,,,,,,,,,
ESP-La Liga,2324,Cádiz,Rominigue Kouamé,MLI,MF,26,1996,16,9,821,9.1,0,0,0,0,0,0,2,0,0.0,0.0,0.0,0.0,0.0,9.1,0,5,0,0.0,0.55,0.0,0.0,,0,0,51,24.0,9,74,3,7,22,5,0.81,10,13,-3,-0.33,0.57,0,11,9,1,1,15,10,,,0,,,,,,,,,,,,,,,
ESP-La Liga,2324,Cádiz,Rubén Alcaraz,ESP,MF,32,1991,36,36,3134,34.8,3,1,4,1,2,2,14,0,0.09,0.03,0.11,0.03,0.06,34.8,3,48,12,25.0,1.38,0.34,0.06,0.25,2,2,87,91.6,36,87,29,0,,0,0.89,26,49,-23,-0.66,1.23,0,84,71,1,36,30,65,,,0,,,,,,,,,,,,,,,
ESP-La Liga,2324,Cádiz,Rubén Sobrino,ESP,"MF,FW",31,1992,32,18,1646,18.3,0,1,1,0,0,0,8,1,0.0,0.05,0.05,0.0,0.05,18.3,0,21,3,14.3,1.15,0.16,0.0,0.0,0,0,51,48.1,18,72,2,14,25,3,1.0,8,24,-16,-0.87,-0.22,0,46,31,6,22,17,29,,,0,,,,,,,,,,,,,,,
ESP-La Liga,2324,Cádiz,Sergi Guardiola,ESP,FW,32,1991,22,1,495,5.5,1,1,2,1,0,0,1,0,0.18,0.18,0.36,0.18,0.36,5.5,1,14,5,35.7,2.55,0.91,0.07,0.2,0,0,23,14.5,1,69,0,21,20,11,0.73,5,7,-2,-0.36,0.47,0,18,22,3,16,0,6,,,0,,,,,,,,,,,,,,,
ESP-La Liga,2324,Cádiz,Víctor Chust,ESP,DF,23,2000,22,22,1864,20.7,0,1,1,0,0,0,3,2,0.0,0.05,0.05,0.0,0.05,20.7,0,4,0,0.0,0.19,0.0,0.0,,0,0,85,54.5,22,85,17,0,,6,0.95,12,23,-11,-0.53,0.51,0,15,4,0,2,12,17,,,0,,,,,,,,,,,,,,,
ESP-La Liga,2324,Cádiz,Álex Fernández,ESP,MF,30,1992,26,14,1285,14.3,0,1,1,0,0,0,3,0,0.0,0.07,0.07,0.0,0.07,14.3,0,7,1,14.3,0.49,0.07,0.0,0.0,0,0,49,37.6,14,74,6,12,20,11,0.85,6,20,-14,-0.98,-0.35,0,5,16,0,35,15,9,,,0,,,,,,,,,,,,,,,
ESP-La Liga,2324,Cádiz,Álvaro Negredo,ESP,FW,37,1985,7,0,54,0.6,0,0,0,0,0,0,0,0,0.0,0.0,0.0,0.0,0.0,0.6,0,3,1,33.3,5.0,1.67,0.0,0.0,0,0,8,1.6,0,,0,7,8,15,0.43,0,2,-2,-3.33,-2.61,0,0,2,3,1,1,0,,,0,,,,,,,,,,,,,,,
ESP-La Liga,2324,Getafe,Alberto Risco,ESP,MF,17,2005,4,1,137,1.5,0,0,0,0,0,0,0,0,0.0,0.0,0.0,0.0,0.0,1.5,0,2,1,50.0,1.31,0.66,0.0,0.0,0,0,34,4.0,1,70,0,3,22,4,0.75,1,0,1,0.66,1.01,0,1,1,0,2,0,2,,,0,,,,,,,,,,,,,,,
ESP-La Liga,2324,Getafe,Anthony Lozano,HON,FW,30,1993,6,0,92,1.0,0,0,0,0,0,0,1,0,0.0,0.0,0.0,0.0,0.0,1.0,0,4,0,0.0,3.91,0.0,0.0,,0,0,15,2.7,0,,0,6,15,13,0.33,1,4,-3,-2.93,-2.69,0,6,1,1,1,0,0,,,0,,,,,,,,,,,,,,,
ESP-La Liga,2324,Getafe,Borja Mayoral,ESP,FW,26,1997,27,25,2153,23.9,15,1,16,11,4,4,2,0,0.63,0.04,0.67,0.46,0.5,23.9,15,47,27,57.4,1.96,1.13,0.32,0.56,4,4,80,63.0,25,83,10,2,36,0,1.3,34,34,0,0.0,0.85,0,31,31,13,22,3,4,,,0,,,,,,,,,,,,,,,
ESP-La Liga,2324,Getafe,Carles Aleñá,ESP,MF,25,1998,29,10,1020,11.3,1,1,2,1,0,0,6,0,0.09,0.09,0.18,0.09,0.18,11.3,1,16,5,31.3,1.41,0.44,0.06,0.2,0,0,35,29.8,10,58,0,19,23,5,1.1,12,22,-10,-0.88,-0.81,0,22,18,3,32,4,9,,,0,,,,,,,,,,,,,,,
ESP-La Liga,2324,Getafe,Carmona,ESP,"MF,DF",21,2002,30,15,1313,14.6,1,1,2,1,0,0,8,0,0.07,0.07,0.14,0.07,0.14,14.6,1,12,3,25.0,0.82,0.21,0.08,0.33,0,0,44,38.4,15,68,5,15,20,1,1.03,18,26,-8,-0.55,-0.38,0,33,23,3,29,22,21,,,0,,,,,,,,,,,,,,,
ESP-La Liga,2324,Getafe,Damián Suárez,URU,DF,35,1988,16,15,1299,14.4,0,2,2,0,0,0,7,1,0.0,0.14,0.14,0.0,0.14,14.4,0,4,1,25.0,0.28,0.07,0.0,0.0,0,0,81,38.0,15,84,9,1,45,1,1.12,20,26,-6,-0.42,-0.16,0,24,12,0,49,10,20,,,0,,,,,,,,,,,,,,,
ESP-La Liga,2324,Getafe,Daniel Fuzato,BRA,GK,26,1997,1,0,7,0.1,0,0,0,0,0,0,0,0,0.0,0.0,0.0,0.0,0.0,0.1,0,0,0,,0.0,0.0,,,0,0,7,0.2,0,,0,1,7,37,0.0,0,2,-2,-25.71,-25.45,0,0,0,0,0,0,0,,,0,2,25.71,2,0,0.0,0,0,0,0,,0,0,0,0,
ESP-La Liga,2324,Getafe,David Soria,ESP,GK,30,1993,38,38,3413,37.9,0,0,0,0,0,0,3,0,0.0,0.0,0.0,0.0,0.0,37.9,0,0,0,,0.0,0.0,,,0,0,90,99.8,38,90,37,0,,0,1.13,42,52,-10,-0.26,25.45,0,1,2,0,0,1,0,,,0,52,1.37,174,122,70.1,10,13,15,10,26.3,7,5,1,1,16.7
ESP-La Liga,2324,Getafe,Diego Rico,ESP,DF,30,1993,32,28,2535,28.2,0,7,7,0,0,0,10,0,0.0,0.25,0.25,0.0,0.25,28.2,0,18,5,27.8,0.64,0.18,0.0,0.0,0,0,79,74.1,28,86,20,4,32,0,1.13,36,42,-6,-0.21,0.4,0,32,56,2,132,39,46,,,0,,,,,,,,,,,,,,,
ESP-La Liga,2324,Getafe,Djené,TOG,"DF,MF",31,1991,33,30,2484,27.6,0,0,0,0,0,0,14,1,0.0,0.0,0.0,0.0,0.0,27.6,0,6,1,16.7,0.22,0.04,0.0,0.0,0,0,75,72.6,30,79,18,3,36,0,1.18,28,33,-5,-0.18,0.49,1,51,37,1,32,23,20,,,0,,,,,,,,,,,,,,,
ESP-La Liga,2324,Getafe,Domingos Duarte,POR,DF,28,1995,15,11,907,10.1,0,0,0,0,0,0,5,2,0.0,0.0,0.0,0.0,0.0,10.1,0,1,0,0.0,0.1,0.0,0.0,,0,0,60,26.5,11,78,7,4,14,12,1.27,14,18,-4,-0.4,-0.11,1,8,8,0,2,9,4,,,0,,,,,,,,,,,,,,,
ESP-La Liga,2324,Getafe,Enes Ünal,TUR,FW,26,1997,3,1,140,1.6,0,1,1,0,0,0,0,0,0.0,0.64,0.64,0.0,0.64,1.6,0,1,0,0.0,0.64,0.0,0.0,,0,0,47,4.1,1,90,1,2,25,1,1.0,2,3,-1,-0.64,-0.34,0,5,5,4,1,0,0,,,0,,,,,,,,,,,,,,,
ESP-La Liga,2324,Getafe,Fabrizio Angileri,ARG,DF,29,1994,11,2,164,1.8,0,0,0,0,0,0,2,1,0.0,0.0,0.0,0.0,0.0,1.8,0,0,0,,0.0,0.0,,,0,0,15,4.8,2,55,0,9,6,22,1.42,4,6,-2,-1.1,-0.82,0,1,1,0,8,4,1,,,0,,,,,,,,,,,,,,,
ESP-La Liga,2324,Getafe,Gastón Álvarez,URU,DF,23,2000,34,29,2537,28.2,2,0,2,2,0,0,7,0,0.07,0.0,0.07,0.07,0.07,28.2,2,14,3,21.4,0.5,0.11,0.14,0.67,0,0,75,74.2,29,85,24,5,12,2,1.15,23,40,-17,-0.6,-1.11,0,43,10,1,25,34,38,,,0,,,,,,,,,,,,,,,
ESP-La Liga,2324,Getafe,Gorka Rivera Alonso,ESP,DF,18,2004,1,0,3,0.0,0,0,0,0,0,0,0,0,0.0,0.0,0.0,0.0,0.0,0.0,0,0,0,,0.0,0.0,,,0,0,3,0.1,0,,0,1,3,3,0.0,0,0,0,0.0,0.32,0,0,0,0,0,0,0,,,0,,,,,,,,,,,,,,,
ESP-La Liga,2324,Getafe,Iglesias,ESP,"DF,MF",25,1998,23,16,1412,15.7,0,2,2,0,0,0,4,0,0.0,0.13,0.13,0.0,0.13,15.7,0,15,6,40.0,0.96,0.38,0.0,0.0,0,0,61,41.3,16,75,5,7,29,7,1.29,13,19,-6,-0.38,-0.11,0,17,10,1,62,16,21,,,0,,,,,,,,,,,,,,,
ESP-La Liga,2324,Getafe,Ilaix Moriba,GUI,MF,20,2003,14,8,605,6.7,0,2,2,0,0,0,5,1,0.0,0.3,0.3,0.0,0.3,6.7,0,4,1,25.0,0.6,0.15,0.0,0.0,0,0,43,17.7,8,63,0,6,17,0,0.93,8,13,-5,-0.74,-0.52,1,19,23,1,2,5,12,,,0,,,,,,,,,,,,,,,
ESP-La Liga,2324,Getafe,Jaime Mata,ESP,"FW,MF",34,1988,35,22,1787,19.9,5,1,6,5,0,0,10,1,0.25,0.05,0.3,0.25,0.3,19.9,5,33,13,39.4,1.66,0.65,0.15,0.38,0,0,51,52.3,22,69,5,13,21,1,1.23,25,30,-5,-0.25,0.13,1,63,25,31,39,15,15,,,0,,,,,,,,,,,,,,,
ESP-La Liga,2324,Getafe,Jeremy Jorge,ESP,FW,20,2003,1,0,2,0.0,0,0,0,0,0,0,0,0,0.0,0.0,0.0,0.0,0.0,0.0,0,0,0,,0.0,0.0,,,0,0,2,0.1,0,,0,1,2,1,0.0,0,0,0,0.0,0.32,0,0,0,1,0,0,0,,,0,,,,,,,,,,,,,,,
ESP-La Liga,2324,Getafe,Jordi,ESP,MF,22,2001,13,5,573,6.4,0,0,0,0,0,0,1,0,0.0,0.0,0.0,0.0,0.0,6.4,0,7,3,42.9,1.1,0.47,0.0,0.0,0,0,44,16.8,5,69,0,8,29,11,1.23,11,7,4,0.63,1.13,0,19,6,1,23,8,11,,,0,,,,,,,,,,,,,,,
ESP-La Liga,2324,Getafe,Juanmi Latasa,ESP,FW,22,2001,32,15,1555,17.3,2,0,2,2,0,0,7,1,0.12,0.0,0.12,0.12,0.12,17.3,2,44,15,34.1,2.55,0.87,0.05,0.13,0,0,49,45.5,15,71,4,17,29,4,1.06,17,20,-3,-0.17,0.26,1,66,40,7,3,4,8,,,0,,,,,,,,,,,,,,,
ESP-La Liga,2324,Getafe,Luis Milla,ESP,MF,28,1994,27,25,2115,23.5,0,1,1,0,0,0,6,0,0.0,0.04,0.04,0.0,0.04,23.5,0,16,5,31.3,0.68,0.21,0.0,0.0,0,0,78,61.8,25,83,16,2,23,0,1.07,26,36,-10,-0.43,-0.29,0,43,29,1,102,30,34,,,0,,,,,,,,,,,,,,,
ESP-La Liga,2324,Getafe,Mason Greenwood,ENG,"MF,FW",21,2001,33,30,2662,29.6,8,6,14,6,2,3,6,1,0.27,0.2,0.47,0.2,0.41,29.6,8,102,35,34.3,3.45,1.18,0.08,0.23,2,3,81,77.8,30,86,22,3,27,0,1.18,36,42,-6,-0.2,0.51,0,39,42,1,108,3,6,,,0,,,,,,,,,,,,,,,
ESP-La Liga,2324,Getafe,Mauro Arambarri,URU,MF,27,1995,7,3,339,3.8,0,0,0,0,0,0,2,0,0.0,0.0,0.0,0.0,0.0,3.8,0,9,2,22.2,2.39,0.53,0.0,0.0,0,0,48,9.9,3,70,1,4,32,0,1.0,4,6,-2,-0.53,-0.24,0,18,3,0,6,1,2,,,0,,,,,,,,,,,,,,,
ESP-La Liga,2324,Getafe,Nabil Aberdin,FRA,DF,20,2002,2,2,180,2.0,0,0,0,0,0,0,0,0,0.0,0.0,0.0,0.0,0.0,2.0,0,0,0,,0.0,0.0,,,0,0,90,5.3,2,90,2,0,,3,0.0,1,3,-2,-1.0,-0.72,0,1,1,0,0,0,0,,,0,,,,,,,,,,,,,,,
ESP-La Liga,2324,Getafe,Nemanja Maksimović,SRB,MF,28,1995,37,37,3265,36.3,4,0,4,4,0,0,4,0,0.11,0.0,0.11,0.11,0.11,36.3,4,34,15,44.1,0.94,0.41,0.12,0.27,0,0,88,95.5,37,88,29,0,,0,1.14,38,52,-14,-0.39,-1.55,0,19,13,1,6,44,42,,,0,,,,,,,,,,,,,,,
ESP-La Liga,2324,Getafe,Omar Alderete,PAR,DF,26,1996,31,24,2195,24.4,0,1,1,0,0,0,8,1,0.0,0.04,0.04,0.0,0.04,24.4,0,24,5,20.8,0.98,0.21,0.0,0.0,0,0,71,64.2,24,84,20,7,27,3,1.06,26,34,-8,-0.33,-0.03,0,34,11,2,5,14,20,,,0,,,,,,,,,,,,,,,
ESP-La Liga,2324,Getafe,Portu,ESP,"FW,MF",31,1992,3,0,97,1.1,0,0,0,0,0,0,1,0,0.0,0.0,0.0,0.0,0.0,1.1,0,1,1,100.0,0.93,0.93,0.0,0.0,0,0,32,2.8,0,,0,3,32,0,1.33,1,1,0,0.0,0.33,0,0,0,1,2,0,3,,,0,,,,,,,,,,,,,,,
ESP-La Liga,2324,Getafe,Santiago García,ESP,MF,21,2001,1,0,25,0.3,0,0,0,0,0,0,0,0,0.0,0.0,0.0,0.0,0.0,0.3,0,0,0,,0.0,0.0,,,0,0,25,0.7,0,,0,1,25,1,0.0,0,0,0,0.0,0.32,0,1,1,0,0,0,0,,,0,,,,,,,,,,,,,,,
ESP-La Liga,2324,Getafe,Stefan Mitrović,SRB,DF,33,1990,11,9,699,7.8,1,0,1,1,0,0,3,0,0.13,0.0,0.13,0.13,0.13,7.8,1,1,1,100.0,0.13,0.13,1.0,1.0,0,0,64,20.4,9,75,5,2,11,10,1.18,9,11,-2,-0.26,0.07,0,13,2,0,0,5,3,,,0,,,,,,,,,,,,,,,
ESP-La Liga,2324,Getafe,Yassin Tallal,ESP,MF,18,2005,1,0,3,0.0,0,0,0,0,0,0,0,0,0.0,0.0,0.0,0.0,0.0,0.0,0,0,0,,0.0,0.0,,,0,0,3,0.1,0,,0,1,3,2,1.0,0,0,0,0.0,0.32,0,1,0,0,0,0,0,,,0,,,,,,,,,,,,,,,
ESP-La Liga,2324,Getafe,Yellu Santiago,ESP,MF,19,2004,14,8,656,7.3,1,0,1,1,0,0,4,0,0.14,0.0,0.14,0.14,0.14,7.3,1,5,2,40.0,0.69,0.27,0.2,0.5,0,0,47,19.2,8,69,0,6,18,5,0.86,5,8,-3,-0.41,-0.12,0,17,12,0,4,1,8,,,0,,,,,,,,,,,,,,,
ESP-La Liga,2324,Getafe,Óscar Rodríguez Arnaiz,ESP,"MF,FW",25,1998,24,9,967,10.7,2,1,3,2,0,0,9,0,0.19,0.09,0.28,0.19,0.28,10.7,2,34,10,29.4,3.16,0.93,0.06,0.2,0,0,40,28.3,9,69,1,15,23,9,1.13,13,11,2,0.19,0.7,0,20,15,1,17,6,12,,,0,,,,,,,,,,,,,,,
ESP-La Liga,2324,Girona,Aleix García,ESP,MF,26,1997,37,36,3199,35.5,3,6,9,3,0,0,4,1,0.08,0.17,0.25,0.08,0.25,35.5,3,39,12,30.8,1.1,0.34,0.08,0.25,0,0,86,93.5,36,88,33,1,18,0,2.11,78,44,34,0.96,-1.08,0,29,36,1,188,36,30,,,0,,,,,,,,,,,,,,,
ESP-La Liga,2324,Girona,Antal Yaakobishvili,HUN,DF,19,2004,1,0,61,0.7,0,0,0,0,0,0,0,0,0.0,0.0,0.0,0.0,0.0,0.7,0,0,0,,0.0,0.0,,,0,0,61,1.8,0,,0,1,61,6,3.0,2,0,2,2.95,1.96,0,1,0,0,0,3,1,,,0,,,,,,,,,,,,,,,
ESP-La Liga,2324,Girona,Arnau Martinez,ESP,DF,20,2003,21,14,1241,13.8,0,2,2,0,0,0,5,0,0.0,0.15,0.15,0.0,0.15,13.8,0,1,0,0.0,0.07,0.0,0.0,,0,0,59,36.3,14,80,6,7,17,15,2.33,26,14,12,0.87,-0.24,0,14,22,1,7,9,15,,,0,,,,,,,,,,,,,,,
ESP-La Liga,2324,Girona,Artem Dovbyk,UKR,FW,26,1997,36,32,2587,28.7,24,8,32,17,7,8,2,0,0.83,0.28,1.11,0.59,0.87,28.7,24,85,46,54.1,2.96,1.6,0.28,0.52,7,8,72,75.6,32,78,10,4,26,0,2.19,66,36,30,1.04,0.07,0,27,13,33,1,0,3,,,0,,,,,,,,,,,,,,,
ESP-La Liga,2324,Girona,Bernardo Espinosa,COL,DF,34,1989,2,0,2,0.0,0,0,0,0,0,0,0,0,0.0,0.0,0.0,0.0,0.0,0.0,0,0,0,,0.0,0.0,,,0,0,1,0.1,0,,0,2,1,11,2.0,0,0,0,0.0,-1.03,0,0,1,0,0,0,1,,,0,,,,,,,,,,,,,,,
ESP-La Liga,2324,Girona,Cristhian Stuani,URU,FW,36,1986,31,5,804,8.9,9,3,12,9,0,0,6,0,1.01,0.34,1.34,1.01,1.34,8.9,9,34,17,50.0,3.81,1.9,0.26,0.53,0,0,26,23.5,5,65,0,26,18,1,2.1,24,10,14,1.57,0.71,0,28,7,4,1,5,11,,,0,,,,,,,,,,,,,,,
ESP-La Liga,2324,Girona,Daley Blind,NED,DF,33,1990,34,33,2972,33.0,1,2,3,1,0,0,6,0,0.03,0.06,0.09,0.03,0.09,33.0,1,17,6,35.3,0.51,0.18,0.06,0.17,0,0,87,86.9,33,90,32,1,3,1,2.29,78,37,41,1.24,1.64,0,19,12,0,16,19,21,,,0,,,,,,,,,,,,,,,
ESP-La Liga,2324,Girona,David López,ESP,DF,33,1989,25,25,1965,21.8,3,0,3,3,0,0,4,0,0.14,0.0,0.14,0.14,0.14,21.8,3,16,6,37.5,0.73,0.27,0.19,0.5,0,0,79,57.5,25,79,15,0,,2,2.48,51,25,26,1.19,0.39,0,17,15,1,0,19,21,,,0,,,,,,,,,,,,,,,
ESP-La Liga,2324,Girona,Eric García,ESP,DF,22,2001,30,30,2637,29.3,5,0,5,5,0,0,4,0,0.17,0.0,0.17,0.17,0.17,29.3,5,16,6,37.5,0.55,0.2,0.31,0.83,0,0,88,77.1,30,88,26,0,,1,2.03,70,40,30,1.02,-0.01,0,24,26,3,10,29,40,,,0,,,,,,,,,,,,,,,
ESP-La Liga,2324,Girona,Ibrahima Kebe,MLI,MF,22,2000,2,0,9,0.1,0,0,0,0,0,0,1,0,0.0,0.0,0.0,0.0,0.0,0.1,0,0,0,,0.0,0.0,,,0,0,5,0.3,0,,0,2,5,15,2.0,0,0,0,0.0,-1.03,0,1,2,0,0,1,1,,,0,,,,,,,,,,,,,,,
ESP-La Liga,2324,Girona,Iván Martín,ESP,MF,24,1999,36,33,2729,30.3,5,4,9,5,0,0,5,0,0.16,0.13,0.3,0.16,0.3,30.3,5,19,11,57.9,0.63,0.36,0.26,0.45,0,0,76,79.8,33,81,12,3,15,1,2.25,71,35,36,1.19,0.8,0,27,34,4,10,23,25,,,0,,,,,,,,,,,,,,,
ESP-La Liga,2324,Girona,Jastin García,ESP,FW,19,2004,3,0,32,0.4,0,0,0,0,0,0,0,0,0.0,0.0,0.0,0.0,0.0,0.4,0,0,0,,0.0,0.0,,,0,0,11,0.9,0,,0,3,11,10,2.0,0,1,-1,-2.81,-3.88,0,0,2,0,1,0,0,,,0,,,,,,,,,,,,,,,
ESP-La Liga,2324,Girona,Jhon Solis,COL,MF,18,2004,18,2,384,4.3,0,0,0,0,0,0,0,0,0.0,0.0,0.0,0.0,0.0,4.3,0,9,3,33.3,2.11,0.7,0.0,0.0,0,0,21,11.2,2,67,0,16,16,11,1.67,9,7,2,0.47,-0.63,0,10,5,0,0,8,9,,,0,,,,,,,,,,,,,,,
ESP-La Liga,2324,Girona,Juanpe,ESP,DF,32,1991,17,6,746,8.3,0,0,0,0,0,0,4,0,0.0,0.0,0.0,0.0,0.0,8.3,0,4,0,0.0,0.48,0.0,0.0,,0,0,44,21.8,6,80,5,11,24,19,1.94,10,15,-5,-0.6,-2.08,0,5,0,1,1,8,8,,,0,,,,,,,,,,,,,,,
ESP-La Liga,2324,Girona,Miguel Gutiérrez,ESP,"DF,MF",22,2001,35,35,3032,33.7,2,7,9,2,0,0,4,0,0.06,0.21,0.27,0.06,0.27,33.7,2,34,5,14.7,1.01,0.15,0.06,0.4,0,0,87,88.7,35,87,30,0,,1,2.14,73,39,34,1.01,-0.15,0,27,26,6,97,24,17,,,0,,,,,,,,,,,,,,,
ESP-La Liga,2324,Girona,Pablo Torre,ESP,MF,20,2003,26,4,701,7.8,0,2,2,0,0,0,1,0,0.0,0.26,0.26,0.0,0.26,7.8,0,13,1,7.7,1.67,0.13,0.0,0.0,0,0,27,20.5,4,66,0,22,20,10,2.08,14,10,4,0.51,-0.64,0,8,21,0,7,4,2,,,0,,,,,,,,,,,,,,,
ESP-La Liga,2324,Girona,Paulo Gazzaniga,ARG,GK,31,1992,38,38,3420,38.0,0,0,0,0,0,0,2,0,0.0,0.0,0.0,0.0,0.0,38.0,0,0,0,,0.0,0.0,,,0,0,90,100.0,38,90,38,0,,0,2.13,85,46,39,1.03,,0,0,8,0,0,0,1,,,0,46,1.21,164,123,72.0,25,6,7,9,23.7,7,5,1,1,16.7
ESP-La Liga,2324,Girona,Portu,ESP,"MF,FW",31,1992,33,11,1188,13.2,7,5,12,7,0,0,3,0,0.53,0.38,0.91,0.53,0.91,13.2,7,21,11,52.4,1.59,0.83,0.33,0.64,0,0,36,34.7,11,68,1,22,20,2,2.12,33,15,18,1.36,0.52,0,18,16,9,18,4,13,,,0,,,,,,,,,,,,,,,
ESP-La Liga,2324,Girona,Silvi Clúa,ESP,MF,18,2005,1,0,1,0.0,0,0,0,0,0,0,0,0,0.0,0.0,0.0,0.0,0.0,0.0,0,0,0,,0.0,0.0,,,0,0,1,0.0,0,,0,1,1,3,3.0,0,0,0,0.0,-1.03,0,1,0,0,0,0,0,,,0,,,,,,,,,,,,,,,
ESP-La Liga,2324,Girona,Sávio,BRA,"MF,FW",19,2004,37,35,2976,33.1,9,10,19,9,0,0,5,0,0.27,0.3,0.57,0.27,0.57,33.1,9,45,20,44.4,1.36,0.6,0.2,0.45,0,0,80,87.0,35,83,15,2,33,0,2.11,74,39,35,1.06,0.25,0,30,66,16,122,20,26,,,0,,,,,,,,,,,,,,,
ESP-La Liga,2324,Girona,Toni Villa,ESP,MF,28,1995,2,0,13,0.1,0,0,0,0,0,0,0,0,0.0,0.0,0.0,0.0,0.0,0.1,0,1,1,100.0,6.92,6.92,0.0,0.0,0,0,7,0.4,0,,0,2,7,6,1.5,0,0,0,0.0,-1.03,0,0,1,0,0,0,0,,,0,,,,,,,,,,,,,,,
ESP-La Liga,2324,Girona,Valery Fernández,ESP,MF,23,1999,27,2,506,5.6,2,0,2,2,0,0,1,0,0.36,0.0,0.36,0.36,0.36,5.6,2,5,2,40.0,0.89,0.36,0.4,1.0,0,0,19,14.8,2,62,0,25,15,10,2.0,11,10,1,0.18,-1.0,0,7,13,3,13,1,9,,,0,,,,,,,,,,,,,,,
ESP-La Liga,2324,Girona,Viktor Tsyhankov,UKR,MF,25,1997,30,26,2052,22.8,8,7,15,8,0,0,0,0,0.35,0.31,0.66,0.35,0.66,22.8,8,44,16,36.4,1.93,0.7,0.18,0.5,0,0,68,60.0,26,76,4,4,22,0,2.17,49,26,23,1.01,-0.04,0,14,41,3,61,10,20,,,0,,,,,,,,,,,,,,,
ESP-La Liga,2324,Girona,Yan Couto,BRA,"MF,DF",21,2002,34,24,2245,24.9,1,8,9,1,0,0,8,0,0.04,0.32,0.36,0.04,0.36,24.9,1,29,11,37.9,1.16,0.44,0.03,0.09,0,0,66,65.6,24,83,15,10,25,1,2.21,56,31,25,1.0,-0.07,0,34,42,8,111,10,33,,,0,,,,,,,,,,,,,,,
ESP-La Liga,2324,Girona,Yangel Herrera,VEN,MF,25,1998,29,27,2107,23.4,5,0,5,5,0,0,9,0,0.21,0.0,0.21,0.21,0.21,23.4,5,52,18,34.6,2.22,0.77,0.1,0.28,0,0,73,61.6,27,77,9,2,15,1,2.31,53,26,27,1.15,0.33,0,65,62,2,29,25,38,,,0,,,,,,,,,,,,,,,
ESP-La Liga,2324,Granada,Adri Bosch,ESP,DF,22,2001,1,0,26,0.3,0,0,0,0,0,0,0,0,0.0,0.0,0.0,0.0,0.0,0.3,0,0,0,,0.0,0.0,,,0,0,26,0.8,0,,0,1,26,12,0.0,2,2,0,0.0,1.09,0,0,0,0,0,0,1,,,1,,,,,,,,,,,,,,,
ESP-La Liga,2324,Granada,Alberto Perea,ESP,"FW,MF",32,1990,2,0,2,0.0,0,0,0,0,0,0,0,0,0.0,0.0,0.0,0.0,0.0,0.0,0,0,0,,0.0,0.0,,,0,0,1,0.1,0,,0,2,1,12,1.5,0,0,0,0.0,1.08,0,0,2,0,1,0,0,,,0,,,,,,,,,,,,,,,
ESP-La Liga,2324,Granada,Alberto Soro,ESP,"FW,MF",24,1999,1,0,8,0.1,0,0,0,0,0,0,0,0,0.0,0.0,0.0,0.0,0.0,0.1,0,0,0,,0.0,0.0,,,0,0,8,0.2,0,,0,1,8,1,3.0,0,1,-1,-11.25,-10.19,0,0,1,0,0,0,0,,,0,,,,,,,,,,,,,,,
ESP-La Liga,2324,Granada,André Ferreira,POR,GK,27,1996,15,14,1340,14.9,0,0,0,0,0,0,1,0,0.0,0.0,0.0,0.0,0.0,14.9,0,0,0,,0.0,0.0,,,0,0,89,39.2,14,90,14,1,80,6,0.33,12,29,-17,-1.14,-0.1,0,2,2,0,0,0,0,,,0,29,1.95,78,49,62.8,0,5,9,0,0.0,3,3,0,0,0.0
ESP-La Liga,2324,Granada,Antonio Puertas,ESP,"MF,FW",31,1992,27,6,730,8.1,0,2,2,0,0,2,3,1,0.0,0.25,0.25,0.0,0.25,8.1,0,19,5,26.3,2.34,0.62,0.0,0.0,0,2,27,21.3,6,74,1,21,14,5,0.39,14,23,-9,-1.11,-0.04,0,19,12,6,20,7,7,,,0,,,,,,,,,,,,,,,
ESP-La Liga,2324,Granada,Augusto Batalla,ARG,GK,27,1996,17,17,1530,17.0,0,0,0,0,0,0,3,0,0.0,0.0,0.0,0.0,0.0,17.0,0,1,0,0.0,0.06,0.0,0.0,,0,0,90,44.7,17,90,17,0,,3,0.76,16,28,-12,-0.71,0.68,0,0,2,0,0,0,0,,,0,28,1.65,87,59,67.8,3,4,10,3,17.6,0,0,0,0,
ESP-La Liga,2324,Granada,Brau,ESP,DF,21,2001,1,0,31,0.3,0,0,0,0,0,0,0,0,0.0,0.0,0.0,0.0,0.0,0.3,0,0,0,,0.0,0.0,,,0,0,31,0.9,0,,0,1,31,0,0.0,0,3,-3,-8.71,-7.7,0,0,0,0,1,0,0,,,0,,,,,,,,,,,,,,,
ESP-La Liga,2324,Granada,Bruno Méndez,URU,DF,23,1999,17,15,1333,14.8,2,0,2,2,0,0,4,0,0.14,0.0,0.14,0.14,0.14,14.8,2,8,5,62.5,0.54,0.34,0.25,0.4,0,0,78,39.0,15,86,9,2,24,1,0.65,13,23,-10,-0.68,0.66,0,14,0,0,8,25,19,,,0,,,,,,,,,,,,,,,
ESP-La Liga,2324,Granada,Bryan Zaragoza,ESP,"MF,FW",21,2001,21,18,1638,18.2,6,2,8,5,1,1,5,0,0.33,0.11,0.44,0.27,0.38,18.2,6,33,19,57.6,1.81,1.04,0.18,0.32,1,1,78,47.9,18,87,13,3,27,0,0.52,19,37,-18,-0.99,0.17,0,12,33,14,99,3,8,,,0,,,,,,,,,,,,,,,
ESP-La Liga,2324,Granada,Carlos Neva,ESP,DF,27,1996,36,36,3146,35.0,0,2,2,0,0,0,4,0,0.0,0.06,0.06,0.0,0.06,35.0,0,4,0,0.0,0.11,0.0,0.0,,0,0,87,92.0,36,87,27,0,,2,0.56,34,66,-32,-0.92,2.04,0,22,44,0,86,31,19,,,0,,,,,,,,,,,,,,,
ESP-La Liga,2324,Granada,Facundo Pellistri,URU,"MF,FW",21,2001,15,14,1232,13.7,2,1,3,2,0,0,2,1,0.15,0.07,0.22,0.15,0.22,13.7,2,17,6,35.3,1.24,0.44,0.12,0.33,0,0,82,36.0,14,85,6,1,45,0,0.6,13,31,-18,-1.31,-0.37,1,21,21,5,30,4,19,,,0,,,,,,,,,,,,,,,
ESP-La Liga,2324,Granada,Faitout Maouassa,FRA,DF,25,1998,6,2,229,2.5,0,1,1,0,0,0,0,0,0.0,0.39,0.39,0.0,0.39,2.5,0,5,0,0.0,1.97,0.0,0.0,,0,0,38,6.7,2,75,1,4,20,11,0.67,4,7,-3,-1.18,-0.11,0,3,3,0,20,1,6,,,0,,,,,,,,,,,,,,,
ESP-La Liga,2324,Granada,Famara Diedhiou,SEN,FW,30,1992,8,0,89,1.0,0,1,1,0,0,0,1,0,0.0,1.01,1.01,0.0,1.01,1.0,0,5,3,60.0,5.06,3.03,0.0,0.0,0,0,11,2.6,0,,0,8,11,8,0.5,2,3,-1,-1.01,0.07,0,6,3,0,2,0,1,,,0,,,,,,,,,,,,,,,
ESP-La Liga,2324,Granada,Gerard Gumbau,ESP,MF,28,1994,35,31,2674,29.7,0,3,3,0,0,0,12,0,0.0,0.1,0.1,0.0,0.1,29.7,0,45,9,20.0,1.51,0.3,0.0,0.0,0,0,76,78.2,31,83,18,4,24,0,0.51,30,65,-35,-1.18,-0.45,0,62,26,0,150,26,33,,,0,,,,,,,,,,,,,,,
ESP-La Liga,2324,Granada,Gonzalo Villar,ESP,MF,25,1998,35,21,1803,20.0,1,3,4,1,0,0,7,0,0.05,0.15,0.2,0.05,0.2,20.0,1,22,5,22.7,1.1,0.25,0.05,0.2,0,0,52,52.7,21,69,4,14,26,0,0.49,21,42,-21,-1.05,0.06,0,45,66,2,24,7,33,,,0,,,,,,,,,,,,,,,
ESP-La Liga,2324,Granada,Ignasi Miquel,ESP,DF,30,1992,34,33,2992,33.2,1,1,2,1,0,0,5,0,0.03,0.03,0.06,0.03,0.06,33.2,1,22,8,36.4,0.66,0.24,0.05,0.13,0,0,88,87.5,33,89,32,1,67,1,0.59,32,67,-35,-1.05,0.21,0,32,26,0,3,46,32,,,0,,,,,,,,,,,,,,,
ESP-La Liga,2324,Granada,Jesús Vallejo,ESP,DF,26,1997,3,1,108,1.2,0,0,0,0,0,0,1,0,0.0,0.0,0.0,0.0,0.0,1.2,0,0,0,,0.0,0.0,,,0,0,36,3.2,1,90,1,2,9,1,1.33,1,4,-3,-2.5,-1.47,0,2,1,0,0,0,1,,,0,,,,,,,,,,,,,,,
ESP-La Liga,2324,Granada,José Callejón,ESP,"MF,FW",36,1987,25,7,803,8.9,0,1,1,0,0,0,2,0,0.0,0.11,0.11,0.0,0.11,8.9,0,11,3,27.3,1.23,0.34,0.0,0.0,0,0,32,23.5,7,65,0,18,19,13,0.72,8,21,-13,-1.46,-0.49,0,12,21,3,35,5,5,,,0,,,,,,,,,,,,,,,
ESP-La Liga,2324,Granada,Kamil Jóźwiak,POL,MF,25,1998,11,7,571,6.3,0,1,1,0,0,0,2,0,0.0,0.16,0.16,0.0,0.16,6.3,0,4,1,25.0,0.63,0.16,0.0,0.0,0,0,52,16.7,7,74,1,4,13,1,0.82,8,9,-1,-0.16,1.11,0,13,12,2,6,2,10,,,0,,,,,,,,,,,,,,,
ESP-La Liga,2324,Granada,Kamil Piątkowski,POL,DF,23,2000,9,6,505,5.6,0,0,0,0,0,0,1,1,0.0,0.0,0.0,0.0,0.0,5.6,0,4,2,50.0,0.71,0.36,0.0,0.0,0,0,56,14.8,6,74,4,3,21,8,0.56,3,15,-12,-2.14,-1.24,0,3,3,0,2,8,10,,,0,,,,,,,,,,,,,,,
ESP-La Liga,2324,Granada,Lucas Boyé,ARG,FW,27,1996,31,30,2541,28.2,6,3,9,6,0,0,8,1,0.21,0.11,0.32,0.21,0.32,28.2,6,56,15,26.8,1.98,0.53,0.11,0.4,0,0,82,74.3,30,83,15,1,45,0,0.52,26,57,-31,-1.1,-0.07,0,72,43,8,13,12,25,,,0,,,,,,,,,,,,,,,
ESP-La Liga,2324,Granada,Marc Martínez,ESP,GK,33,1990,3,3,270,3.0,0,0,0,0,0,0,0,0,0.0,0.0,0.0,0.0,0.0,3.0,0,0,0,,0.0,0.0,,,0,0,90,7.9,3,90,3,0,,14,0.0,2,11,-9,-3.0,-2.09,0,0,0,0,0,0,0,,,0,11,3.67,23,12,52.2,0,0,3,0,0.0,2,2,0,0,0.0
ESP-La Liga,2324,Granada,Martin Hongla,CMR,"MF,DF",25,1998,13,6,562,6.2,0,0,0,0,0,0,0,0,0.0,0.0,0.0,0.0,0.0,6.2,0,3,1,33.3,0.48,0.16,0.0,0.0,0,0,43,16.4,6,70,1,7,20,3,0.69,5,16,-11,-1.76,-0.82,0,7,1,0,2,5,3,,,0,,,,,,,,,,,,,,,
ESP-La Liga,2324,Granada,Matias Arezo,URU,FW,20,2002,14,3,369,4.1,0,0,0,0,0,0,1,0,0.0,0.0,0.0,0.0,0.0,4.1,0,12,4,33.3,2.93,0.98,0.0,0.0,0,0,26,10.8,3,65,1,11,16,6,0.86,3,8,-5,-1.22,-0.16,0,6,1,8,4,2,3,,,0,,,,,,,,,,,,,,,
ESP-La Liga,2324,Granada,Miguel Ángel Rubio,ESP,DF,25,1998,19,17,1560,17.3,1,0,1,1,0,0,5,0,0.06,0.0,0.06,0.06,0.06,17.3,1,9,2,22.2,0.52,0.12,0.11,0.5,0,0,82,45.6,17,88,15,2,29,11,0.89,21,35,-14,-0.81,0.5,0,20,11,1,1,27,14,,,0,,,,,,,,,,,,,,,
ESP-La Liga,2324,Granada,Myrto Uzuni,ALB,"FW,MF",28,1995,34,28,2448,27.2,11,1,12,7,4,5,3,0,0.4,0.04,0.44,0.26,0.29,27.2,11,64,29,45.3,2.35,1.07,0.17,0.38,4,5,72,71.6,28,81,11,6,32,1,0.62,30,53,-23,-0.85,0.82,0,26,19,18,11,3,13,,,0,,,,,,,,,,,,,,,
ESP-La Liga,2324,Granada,Njegoš Petrović,SRB,MF,24,1999,10,0,157,1.7,0,0,0,0,0,0,0,0,0.0,0.0,0.0,0.0,0.0,1.7,0,3,1,33.3,1.72,0.57,0.0,0.0,0,0,16,4.6,0,,0,10,16,10,0.6,0,3,-3,-1.72,-0.67,0,0,1,0,1,1,2,,,0,,,,,,,,,,,,,,,
ESP-La Liga,2324,Granada,Pablo Saenz,ESP,MF,22,2001,1,0,19,0.2,0,0,0,0,0,0,0,0,0.0,0.0,0.0,0.0,0.0,0.2,0,0,0,,0.0,0.0,,,0,0,19,0.6,0,,0,1,19,1,0.0,0,3,-3,-14.21,-13.2,0,0,1,0,1,0,3,,,0,,,,,,,,,,,,,,,
ESP-La Liga,2324,Granada,Raúl Fernández,ESP,GK,35,1988,4,4,280,3.1,0,0,0,0,0,0,0,0,0.0,0.0,0.0,0.0,0.0,3.1,0,0,0,,0.0,0.0,,,0,0,70,8.2,4,70,3,0,,10,0.75,8,11,-3,-0.96,0.12,0,0,0,0,0,0,0,,,0,11,3.54,19,8,42.1,1,0,3,0,0.0,1,0,0,1,
ESP-La Liga,2324,Granada,Raúl Torrente,ESP,DF,21,2001,17,14,1250,13.9,0,0,0,0,0,0,4,0,0.0,0.0,0.0,0.0,0.0,13.9,0,3,0,0.0,0.22,0.0,0.0,,0,0,74,36.5,14,85,10,3,21,13,0.35,11,28,-17,-1.22,-0.23,0,18,8,1,2,12,15,,,1,,,,,,,,,,,,,,,
ESP-La Liga,2324,Granada,Ricard Sánchez,ESP,DF,23,2000,33,25,2295,25.5,3,0,3,3,0,0,8,0,0.12,0.0,0.12,0.12,0.12,25.5,3,14,5,35.7,0.55,0.2,0.21,0.6,0,0,70,67.1,25,86,14,8,19,4,0.42,28,55,-27,-1.06,0.06,0,27,21,5,83,13,18,,,0,,,,,,,,,,,,,,,
ESP-La Liga,2324,Granada,Samu Omorodion,ESP,FW,19,2004,1,1,80,0.9,1,0,1,1,0,0,0,0,1.13,0.0,1.13,1.13,1.13,0.9,1,3,2,66.7,3.38,2.25,0.33,0.5,0,0,80,2.3,1,80,0,0,,0,0.0,1,2,-1,-1.13,-0.05,0,1,3,0,0,0,1,,,0,,,,,,,,,,,,,,,
ESP-La Liga,2324,Granada,Sergio Rodelas,ESP,"MF,FW",18,2004,3,2,122,1.4,0,1,1,0,0,0,0,0,0.0,0.74,0.74,0.0,0.74,1.4,0,2,0,0.0,1.48,0.0,0.0,,0,0,41,3.6,2,52,0,1,18,0,0.0,1,4,-3,-2.21,-1.18,0,2,1,0,4,0,2,,,0,,,,,,,,,,,,,,,
ESP-La Liga,2324,Granada,Sergio Ruiz,ESP,MF,28,1994,35,30,2494,27.7,0,4,4,0,0,0,9,0,0.0,0.14,0.14,0.0,0.14,27.7,0,13,1,7.7,0.47,0.04,0.0,0.0,0,0,71,72.9,30,80,14,5,20,1,0.58,28,57,-29,-1.05,0.12,0,44,66,0,17,27,47,,,0,,,,,,,,,,,,,,,
ESP-La Liga,2324,Granada,Shon Weissman,ISR,FW,27,1996,5,0,82,0.9,0,0,0,0,0,0,0,0,0.0,0.0,0.0,0.0,0.0,0.9,0,1,0,0.0,1.1,0.0,0.0,,0,0,16,2.4,0,,0,5,16,6,0.4,1,0,1,1.1,2.23,0,1,1,0,1,0,1,,,0,,,,,,,,,,,,,,,
ESP-La Liga,2324,Granada,Theo Corbeanu,CAN,MF,21,2002,9,2,182,2.0,1,0,1,1,0,0,2,0,0.49,0.0,0.49,0.49,0.49,2.0,1,5,2,40.0,2.47,0.99,0.2,0.5,0,0,20,5.3,2,51,0,7,12,7,0.22,1,3,-2,-0.99,0.09,0,2,1,0,12,2,2,,,0,,,,,,,,,,,,,,,
ESP-La Liga,2324,Granada,Víctor Díaz,ESP,DF,35,1988,4,2,162,1.8,0,0,0,0,0,0,1,0,0.0,0.0,0.0,0.0,0.0,1.8,0,0,0,,0.0,0.0,,,0,0,41,4.7,2,63,0,2,19,14,0.75,1,8,-7,-3.89,-2.95,0,0,0,0,0,1,3,,,0,,,,,,,,,,,,,,,
ESP-La Liga,2324,Granada,Wilson Manafá,POR,"DF,MF",29,1994,4,3,240,2.7,0,0,0,0,0,0,1,0,0.0,0.0,0.0,0.0,0.0,2.7,0,1,0,0.0,0.37,0.0,0.0,,0,0,60,7.0,3,77,1,1,9,14,0.25,1,6,-5,-1.87,-0.86,0,3,0,0,8,2,4,,,0,,,,,,,,,,,,,,,
ESP-La Liga,2324,Granada,Álvaro Carreras,ESP,"MF,FW",20,2003,13,5,475,5.3,0,0,0,0,0,0,1,0,0.0,0.0,0.0,0.0,0.0,5.3,0,7,1,14.3,1.33,0.19,0.0,0.0,0,0,37,13.9,5,67,0,8,18,2,0.46,10,11,-1,-0.19,1.03,0,6,11,1,15,8,7,,,0,,,,,,,,,,,,,,,
ESP-La Liga,2324,Granada,Óscar Melendo,ESP,"MF,FW",25,1997,26,15,1122,12.5,0,0,0,0,0,0,2,0,0.0,0.0,0.0,0.0,0.0,12.5,0,6,2,33.3,0.48,0.16,0.0,0.0,0,0,43,32.8,15,63,0,11,16,10,0.31,12,23,-11,-0.88,0.29,0,11,37,1,9,4,6,,,0,,,,,,,,,,,,,,,
ESP-La Liga,2324,Las Palmas,Aarón Escandell,ESP,GK,27,1995,2,1,153,1.7,0,0,0,0,0,0,0,1,0.0,0.0,0.0,0.0,0.0,1.7,0,0,0,,0.0,0.0,,,0,0,77,4.5,1,90,1,1,63,33,0.33,1,4,-3,-1.76,-1.46,0,0,0,0,0,0,0,,,0,3,1.76,4,1,25.0,0,0,1,0,0.0,0,0,0,0,
ESP-La Liga,2324,Las Palmas,Alberto Moleiro,ESP,"MF,FW",19,2003,28,21,1803,20.0,3,3,6,3,0,0,1,0,0.15,0.15,0.3,0.15,0.3,20.0,3,33,10,30.3,1.65,0.5,0.09,0.3,0,0,64,52.7,21,77,9,7,27,0,1.04,22,28,-6,-0.3,0.15,0,17,18,2,27,7,6,,,0,,,,,,,,,,,,,,,
ESP-La Liga,2324,Las Palmas,Benito Ramírez,ESP,MF,28,1995,20,2,384,4.3,1,1,2,1,0,0,0,0,0.23,0.23,0.47,0.23,0.47,4.3,1,10,3,30.0,2.34,0.7,0.1,0.33,0,0,19,11.2,2,60,0,18,15,10,1.0,3,7,-4,-0.94,-0.64,0,4,4,2,33,2,4,,,0,,,,,,,,,,,,,,,
ESP-La Liga,2324,Las Palmas,Cristian Herrera,ESP,MF,32,1991,8,1,166,1.8,1,0,1,1,0,0,1,0,0.54,0.0,0.54,0.54,0.54,1.8,1,1,1,100.0,0.54,0.54,1.0,1.0,0,0,21,4.9,1,90,1,7,11,23,1.88,3,4,-1,-0.54,-0.18,0,3,3,2,1,0,1,,,0,,,,,,,,,,,,,,,
ESP-La Liga,2324,Las Palmas,Daley Sinkgraven,NED,DF,28,1995,10,6,374,4.2,0,0,0,0,0,0,0,1,0.0,0.0,0.0,0.0,0.0,4.2,0,0,0,,0.0,0.0,,,0,0,37,10.9,6,57,1,4,9,18,,4,7,-3,-0.72,-0.4,0,4,5,0,5,6,5,,,0,,,,,,,,,,,,,,,
ESP-La Liga,2324,Las Palmas,Enzo Loiodice,FRA,MF,22,2000,34,19,1790,19.9,0,1,1,0,0,0,2,0,0.0,0.05,0.05,0.0,0.05,19.9,0,16,6,37.5,0.8,0.3,0.0,0.0,0,0,53,52.3,19,76,4,15,23,4,1.18,16,19,-3,-0.15,0.46,0,32,38,1,23,12,35,,,0,,,,,,,,,,,,,,,
ESP-La Liga,2324,Las Palmas,Eric Curbelo,ESP,DF,29,1994,2,1,102,1.1,0,0,0,0,0,0,0,0,0.0,0.0,0.0,0.0,0.0,1.1,0,0,0,,0.0,0.0,,,0,0,51,3.0,1,90,1,1,12,20,0.5,0,2,-2,-1.76,-1.44,0,0,0,0,0,2,3,,,0,,,,,,,,,,,,,,,
ESP-La Liga,2324,Las Palmas,Fabio González,ESP,MF,26,1997,6,1,123,1.4,0,0,0,0,0,0,1,0,0.0,0.0,0.0,0.0,0.0,1.4,0,0,0,,0.0,0.0,,,0,0,21,3.6,1,78,0,5,9,11,0.83,2,1,1,0.73,1.14,0,1,1,0,2,0,2,,,0,,,,,,,,,,,,,,,
ESP-La Liga,2324,Las Palmas,Iñaki González,ESP,MF,19,2004,1,0,5,0.1,0,0,0,0,0,0,0,0,0.0,0.0,0.0,0.0,0.0,0.1,0,0,0,,0.0,0.0,,,0,0,5,0.1,0,,0,1,5,7,3.0,0,0,0,0.0,0.37,0,0,0,0,0,0,0,,,0,,,,,,,,,,,,,,,
ESP-La Liga,2324,Las Palmas,Javier Muñoz,ESP,MF,28,1995,37,30,2640,29.3,2,3,5,2,0,0,6,0,0.07,0.1,0.17,0.07,0.17,29.3,2,38,9,23.7,1.3,0.31,0.05,0.22,0,0,71,77.2,30,83,16,7,21,0,1.05,26,36,-10,-0.34,0.12,0,37,16,2,47,20,23,,,0,,,,,,,,,,,,,,,
ESP-La Liga,2324,Las Palmas,Jonathan Viera,ESP,"MF,FW",33,1989,9,7,617,6.9,2,1,3,0,2,2,1,0,0.29,0.15,0.44,0.0,0.15,6.9,2,14,6,42.9,2.04,0.88,0.14,0.33,2,2,69,18.0,7,82,3,2,22,0,1.22,3,7,-4,-0.58,-0.26,0,3,17,1,16,0,4,,,0,,,,,,,,,,,,,,,
ESP-La Liga,2324,Las Palmas,José Campaña,ESP,MF,30,1993,8,1,171,1.9,0,0,0,0,0,0,0,0,0.0,0.0,0.0,0.0,0.0,1.9,0,1,0,0.0,0.53,0.0,0.0,,0,0,21,5.0,1,55,0,7,17,4,0.5,0,2,-2,-1.05,-0.72,0,0,5,0,4,2,2,,,0,,,,,,,,,,,,,,,
ESP-La Liga,2324,Las Palmas,Juanma Herzog,ESP,DF,19,2004,4,3,292,3.2,2,0,2,2,0,0,1,0,0.62,0.0,0.62,0.62,0.62,3.2,2,3,3,100.0,0.92,0.92,0.67,0.67,0,0,73,8.5,3,90,3,1,22,17,1.5,6,5,1,0.31,0.74,0,1,1,0,0,1,5,,,0,,,,,,,,,,,,,,,
ESP-La Liga,2324,Las Palmas,Julian Araujo,MEX,DF,21,2001,25,15,1462,16.2,1,0,1,1,0,0,5,0,0.06,0.0,0.06,0.06,0.06,16.2,1,7,2,28.6,0.43,0.12,0.14,0.5,0,0,58,42.7,15,81,9,10,25,1,1.08,11,17,-6,-0.37,0.0,0,13,9,2,22,10,21,,,0,,,,,,,,,,,,,,,
ESP-La Liga,2324,Las Palmas,Kirian Rodríguez,ESP,MF,27,1996,37,36,3211,35.7,6,2,8,6,0,0,8,0,0.17,0.06,0.22,0.17,0.22,35.7,6,43,14,32.6,1.21,0.39,0.14,0.43,0,0,87,93.9,36,88,29,1,45,0,1.08,32,44,-12,-0.34,0.52,0,23,37,1,25,26,33,,,0,,,,,,,,,,,,,,,
ESP-La Liga,2324,Las Palmas,Marc Cardona,ESP,FW,28,1995,26,6,737,8.2,4,1,5,3,1,1,4,0,0.49,0.12,0.61,0.37,0.49,8.2,4,22,11,50.0,2.69,1.34,0.18,0.36,1,1,28,21.5,6,64,0,20,18,10,,11,7,4,0.49,1.09,0,12,19,18,5,2,8,,,0,,,,,,,,,,,,,,,
ESP-La Liga,2324,Las Palmas,Marvin,ESP,"MF,DF",23,2000,31,17,1855,20.6,0,2,2,0,0,0,5,0,0.0,0.1,0.1,0.0,0.1,20.6,0,14,3,21.4,0.68,0.15,0.0,0.0,0,0,60,54.2,17,82,7,14,33,1,1.19,15,26,-11,-0.53,-0.36,0,39,26,4,91,15,25,,,0,,,,,,,,,,,,,,,
ESP-La Liga,2324,Las Palmas,Mika Mármol,ESP,DF,22,2001,36,36,3178,35.3,0,1,1,0,0,0,6,1,0.0,0.03,0.03,0.0,0.03,35.3,0,3,0,0.0,0.08,0.0,0.0,,0,0,88,92.9,36,88,33,0,,1,1.08,31,44,-13,-0.37,0.0,1,23,34,3,5,43,43,,,1,,,,,,,,,,,,,,,
ESP-La Liga,2324,Las Palmas,Munir El Haddadi,MAR,"MF,FW",27,1995,38,32,2449,27.2,3,2,5,3,0,1,3,0,0.11,0.07,0.18,0.11,0.18,27.2,3,43,12,27.9,1.58,0.44,0.07,0.25,0,1,64,71.6,32,73,3,6,19,0,1.05,24,31,-7,-0.26,0.39,0,30,73,21,41,10,28,,,0,,,,,,,,,,,,,,,
ESP-La Liga,2324,Las Palmas,Máximo Perrone,ARG,MF,20,2003,29,20,1623,18.0,0,0,0,0,0,0,6,0,0.0,0.0,0.0,0.0,0.0,18.0,0,7,3,42.9,0.39,0.17,0.0,0.0,0,0,56,47.5,20,72,5,9,21,4,1.21,17,27,-10,-0.55,-0.35,0,27,16,0,0,24,19,,,0,,,,,,,,,,,,,,,
ESP-La Liga,2324,Las Palmas,Omenuke Mfulu,COD,MF,29,1994,5,1,82,0.9,0,0,0,0,0,0,1,0,0.0,0.0,0.0,0.0,0.0,0.9,0,0,0,,0.0,0.0,,,0,0,16,2.4,1,45,0,4,9,17,0.83,1,3,-2,-2.2,-1.87,0,0,2,0,0,2,3,,,0,,,,,,,,,,,,,,,
ESP-La Liga,2324,Las Palmas,Pejiño,ESP,"MF,FW",27,1996,17,6,504,5.6,2,0,2,2,0,0,1,0,0.36,0.0,0.36,0.36,0.36,5.6,2,17,8,47.1,3.04,1.43,0.12,0.25,0,0,30,14.7,6,60,0,11,13,15,0.76,4,5,-1,-0.18,0.22,0,6,4,0,31,2,9,,,0,,,,,,,,,,,,,,,
ESP-La Liga,2324,Las Palmas,Sandro Ramírez,ESP,"FW,MF",28,1995,27,21,1808,20.1,1,3,4,1,0,1,3,0,0.05,0.15,0.2,0.05,0.2,20.1,1,52,19,36.5,2.59,0.95,0.02,0.05,0,1,67,52.9,21,79,4,6,26,3,0.74,15,25,-10,-0.5,-0.27,0,20,36,16,87,4,7,,,0,,,,,,,,,,,,,,,
ESP-La Liga,2324,Las Palmas,Saúl Coco,EQG,DF,24,1999,30,26,2295,25.5,1,0,1,1,0,0,6,1,0.04,0.0,0.04,0.04,0.04,25.5,1,20,4,20.0,0.78,0.16,0.05,0.25,0,0,77,67.1,26,85,24,4,21,3,1.03,23,33,-10,-0.39,-0.07,0,19,24,0,1,19,20,,,1,,,,,,,,,,,,,,,
ESP-La Liga,2324,Las Palmas,Sergi Cardona,ESP,DF,24,1999,35,30,2814,31.3,1,2,3,1,0,0,11,0,0.03,0.06,0.1,0.03,0.1,31.3,1,26,5,19.2,0.83,0.16,0.04,0.2,0,0,80,82.3,30,87,25,5,40,0,1.09,30,38,-8,-0.26,0.64,0,52,59,5,89,45,58,,,0,,,,,,,,,,,,,,,
ESP-La Liga,2324,Las Palmas,Sory Kaba,GUI,FW,28,1995,17,9,720,8.0,1,1,2,1,0,0,2,0,0.12,0.12,0.25,0.12,0.25,8.0,1,13,1,7.7,1.62,0.12,0.08,1.0,0,0,42,21.1,9,67,2,8,15,19,1.06,3,11,-8,-1.0,-0.8,0,16,15,9,0,0,1,,,0,,,,,,,,,,,,,,,
ESP-La Liga,2324,Las Palmas,Álex Suárez,ESP,DF,30,1993,32,30,2562,28.5,2,0,2,2,0,0,7,0,0.07,0.0,0.07,0.07,0.07,28.5,2,7,5,71.4,0.25,0.18,0.29,0.4,0,0,80,74.9,30,85,21,2,12,5,1.0,25,35,-10,-0.35,0.07,0,26,28,3,15,18,38,,,1,,,,,,,,,,,,,,,
ESP-La Liga,2324,Las Palmas,Álvaro Lemos,ESP,DF,30,1993,4,3,251,2.8,0,0,0,0,0,0,1,0,0.0,0.0,0.0,0.0,0.0,2.8,0,1,0,0.0,0.36,0.0,0.0,,0,0,63,7.3,3,64,1,1,59,18,1.25,3,3,0,0.0,0.4,0,2,3,1,5,2,1,,,0,,,,,,,,,,,,,,,
ESP-La Liga,2324,Las Palmas,Álvaro Vallés,ESP,GK,26,1997,37,37,3263,36.3,0,0,0,0,0,0,2,1,0.0,0.0,0.0,0.0,0.0,36.3,0,0,0,,0.0,0.0,,,0,0,88,95.4,37,88,36,0,,0,1.08,33,44,-11,-0.3,1.42,0,1,6,0,1,0,3,,,0,44,1.21,147,109,70.1,10,10,17,8,21.6,8,4,3,1,42.9
ESP-La Liga,2324,Mallorca,Abdón Prats,ESP,FW,30,1992,34,11,1270,14.1,6,1,7,6,0,0,4,0,0.43,0.07,0.5,0.43,0.5,14.1,6,33,14,42.4,2.34,0.99,0.18,0.43,0,0,37,37.1,11,68,3,23,23,4,1.03,16,15,1,0.07,0.57,0,18,18,5,8,2,4,,,0,,,,,,,,,,,,,,,
ESP-La Liga,2324,Mallorca,Amath,SEN,"FW,MF",27,1996,15,3,394,4.4,0,0,0,0,0,0,2,0,0.0,0.0,0.0,0.0,0.0,4.4,0,12,3,25.0,2.74,0.69,0.0,0.0,0,0,26,11.5,3,63,0,12,17,7,0.87,3,4,-1,-0.23,0.07,0,10,7,4,7,3,6,,,0,,,,,,,,,,,,,,,
ESP-La Liga,2324,Mallorca,Antonio Raillo,ESP,DF,31,1991,26,25,2195,24.4,3,2,5,3,0,0,6,1,0.12,0.08,0.21,0.12,0.21,24.4,3,29,9,31.0,1.19,0.37,0.1,0.33,0,0,84,64.2,25,86,22,1,45,3,1.15,21,25,-4,-0.16,0.35,1,32,8,3,2,36,23,,,0,,,,,,,,,,,,,,,
ESP-La Liga,2324,Mallorca,Antonio Sánchez,ESP,MF,26,1997,29,21,1452,16.1,3,1,4,3,0,0,3,0,0.19,0.06,0.25,0.19,0.25,16.1,3,23,9,39.1,1.43,0.56,0.13,0.33,0,0,50,42.5,21,63,0,8,15,9,1.21,16,18,-2,-0.12,0.29,0,26,13,1,34,12,12,,,0,,,,,,,,,,,,,,,
ESP-La Liga,2324,Mallorca,Copete,ESP,DF,23,1999,19,17,1333,14.8,1,1,2,1,0,0,7,0,0.07,0.07,0.14,0.07,0.14,14.8,1,7,1,14.3,0.47,0.07,0.14,1.0,0,0,70,39.0,17,77,8,2,14,16,1.05,10,20,-10,-0.68,-0.63,0,36,13,0,9,33,26,,,0,,,,,,,,,,,,,,,
ESP-La Liga,2324,Mallorca,Cyle Larin,CAN,FW,28,1995,35,20,1823,20.3,3,2,5,3,0,0,8,0,0.15,0.1,0.25,0.15,0.25,20.3,3,69,25,36.2,3.41,1.23,0.04,0.12,0,0,52,53.3,20,70,3,15,28,2,1.0,20,21,-1,-0.05,0.51,0,27,34,30,8,3,8,,,0,,,,,,,,,,,,,,,
ESP-La Liga,2324,Mallorca,Dani Rodríguez,ESP,MF,35,1988,36,31,2615,29.1,2,4,6,2,0,0,9,0,0.07,0.14,0.21,0.07,0.21,29.1,2,27,4,14.8,0.93,0.14,0.07,0.5,0,0,73,76.5,31,80,8,5,27,1,1.06,29,34,-5,-0.17,0.5,0,61,43,7,166,14,26,,,0,,,,,,,,,,,,,,,
ESP-La Liga,2324,Mallorca,Dominik Greif,SVK,GK,26,1997,1,1,90,1.0,0,0,0,0,0,0,0,0,0.0,0.0,0.0,0.0,0.0,1.0,0,0,0,,0.0,0.0,,,0,0,90,2.6,1,90,1,0,,37,1.0,0,0,0,0.0,0.3,0,0,0,0,0,0,0,,,0,0,0.0,4,4,100.0,0,1,0,1,100.0,0,0,0,0,
ESP-La Liga,2324,Mallorca,Giovanni González,URU,DF,28,1994,34,27,2464,27.4,1,1,2,1,0,0,6,0,0.04,0.04,0.07,0.04,0.07,27.4,1,14,4,28.6,0.51,0.15,0.07,0.25,0,0,72,72.0,27,84,20,7,29,3,1.06,21,29,-8,-0.29,-0.01,0,38,20,3,60,28,44,,,0,,,,,,,,,,,,,,,
ESP-La Liga,2324,Mallorca,Iván Cuéllar,ESP,GK,39,1984,1,1,90,1.0,0,0,0,0,0,0,0,0,0.0,0.0,0.0,0.0,0.0,1.0,0,0,0,,0.0,0.0,,,0,0,90,2.6,1,90,1,0,,30,3.0,2,1,1,1.0,1.32,0,0,0,0,0,0,0,,,0,1,1.0,6,5,83.3,1,0,0,0,0.0,0,0,0,0,
ESP-La Liga,2324,Mallorca,Jaume Costa,ESP,"DF,MF",35,1988,30,19,1682,18.7,0,1,1,0,0,0,7,0,0.0,0.05,0.05,0.0,0.05,18.7,0,6,2,33.3,0.32,0.11,0.0,0.0,0,0,56,49.2,19,77,8,11,19,6,1.13,19,26,-7,-0.37,-0.17,0,25,22,2,63,16,21,,,0,,,,,,,,,,,,,,,
ESP-La Liga,2324,Mallorca,Javier Llabrés,ESP,MF,20,2002,16,1,247,2.7,1,0,1,1,0,0,1,0,0.36,0.0,0.36,0.36,0.36,2.7,1,9,4,44.4,3.28,1.46,0.11,0.25,0,0,15,7.2,1,69,0,15,12,22,0.81,3,3,0,0.0,0.31,0,5,1,0,20,3,1,,,0,,,,,,,,,,,,,,,
ESP-La Liga,2324,Mallorca,Manu Morlanes,ESP,MF,24,1999,35,16,1615,17.9,0,2,2,0,0,0,2,0,0.0,0.11,0.11,0.0,0.11,17.9,0,11,4,36.4,0.61,0.22,0.0,0.0,0,0,46,47.2,16,74,4,19,23,2,1.11,15,23,-8,-0.45,-0.3,0,15,24,0,19,18,28,,,0,,,,,,,,,,,,,,,
ESP-La Liga,2324,Mallorca,Martin Valjent,SVK,DF,27,1995,28,28,2349,26.1,0,1,1,0,0,0,5,0,0.0,0.04,0.04,0.0,0.04,26.1,0,9,0,0.0,0.34,0.0,0.0,,0,0,84,68.7,28,84,22,0,,1,0.96,24,34,-10,-0.38,-0.3,0,29,10,2,17,29,19,,,0,,,,,,,,,,,,,,,
ESP-La Liga,2324,Mallorca,Matija Nastasić,SRB,DF,30,1993,26,25,2258,25.1,2,0,2,2,0,0,8,0,0.08,0.0,0.08,0.08,0.08,25.1,2,8,2,25.0,0.32,0.08,0.25,1.0,0,0,87,66.0,25,90,25,1,8,7,1.0,21,28,-7,-0.28,0.03,0,33,7,2,5,27,17,,,0,,,,,,,,,,,,,,,
ESP-La Liga,2324,Mallorca,Nacho Vidal,ESP,DF,28,1995,8,5,416,4.6,0,0,0,0,0,0,2,0,0.0,0.0,0.0,0.0,0.0,4.6,0,8,3,37.5,1.73,0.65,0.0,0.0,0,0,52,12.2,5,68,1,3,26,9,1.88,3,4,-1,-0.22,0.08,0,9,3,0,15,2,5,,,0,,,,,,,,,,,,,,,
ESP-La Liga,2324,Mallorca,Nemanja Radonjić,SRB,MF,27,1996,11,4,353,3.9,0,0,0,0,0,0,0,0,0.0,0.0,0.0,0.0,0.0,3.9,0,10,7,70.0,2.55,1.78,0.0,0.0,0,0,32,10.3,4,58,0,7,18,4,1.18,4,1,3,0.76,1.18,0,1,5,0,20,3,2,,,0,,,,,,,,,,,,,,,
ESP-La Liga,2324,Mallorca,Omar Mascarell,EQG,MF,30,1993,29,18,1571,17.5,0,0,0,0,0,0,8,1,0.0,0.0,0.0,0.0,0.0,17.5,0,6,0,0.0,0.34,0.0,0.0,,0,0,54,45.9,18,72,5,11,26,5,1.07,10,21,-11,-0.63,-0.63,1,31,14,0,4,32,15,,,1,,,,,,,,,,,,,,,
ESP-La Liga,2324,Mallorca,Pablo Maffeo,ESP,"DF,MF",26,1997,22,17,1454,16.2,1,2,3,1,0,0,3,1,0.06,0.12,0.19,0.06,0.19,16.2,1,11,4,36.4,0.68,0.25,0.09,0.25,0,0,66,42.5,17,81,11,5,16,5,0.95,20,23,-3,-0.19,0.18,0,22,20,4,68,11,21,,,0,,,,,,,,,,,,,,,
ESP-La Liga,2324,Mallorca,Predrag Rajković,SRB,GK,27,1995,36,36,3240,36.0,0,0,0,0,0,0,2,0,0.0,0.0,0.0,0.0,0.0,36.0,0,0,0,,0.0,0.0,,,0,0,90,94.7,36,90,36,0,,2,1.0,31,43,-12,-0.33,-0.83,0,1,4,0,0,0,2,,,0,43,1.19,141,98,69.5,7,15,14,5,13.9,5,4,1,0,20.0
ESP-La Liga,2324,Mallorca,Samu Costa,POR,MF,22,2000,34,26,2303,25.6,1,1,2,1,0,0,8,0,0.04,0.04,0.08,0.04,0.08,25.6,1,22,3,13.6,0.86,0.12,0.05,0.33,0,0,68,67.3,26,81,17,8,26,3,1.0,21,30,-9,-0.35,-0.19,0,62,49,6,24,37,56,,,0,,,,,,,,,,,,,,,
ESP-La Liga,2324,Mallorca,Sergi Darder,ESP,MF,29,1993,36,21,2157,24.0,2,5,7,2,0,0,4,0,0.08,0.21,0.29,0.08,0.29,24.0,2,32,12,37.5,1.34,0.5,0.06,0.17,0,0,60,63.1,21,84,11,15,26,0,1.08,19,29,-10,-0.42,-0.35,0,19,35,1,147,16,25,,,0,,,,,,,,,,,,,,,
ESP-La Liga,2324,Mallorca,Siebe Van Der Heyden,BEL,DF,25,1998,6,4,286,3.2,0,0,0,0,0,0,2,1,0.0,0.0,0.0,0.0,0.0,3.2,0,2,0,0.0,0.63,0.0,0.0,,0,0,48,8.4,4,67,1,2,9,25,0.86,3,5,-2,-0.63,-0.37,0,8,1,1,0,7,4,,,0,,,,,,,,,,,,,,,
ESP-La Liga,2324,Mallorca,Toni Lato,ESP,DF,25,1997,28,16,1544,17.2,0,1,1,0,0,0,3,0,0.0,0.06,0.06,0.0,0.06,17.2,0,5,2,40.0,0.29,0.12,0.0,0.0,0,0,55,45.1,16,79,4,12,23,7,1.0,12,16,-4,-0.23,0.1,0,19,18,2,48,17,22,,,0,,,,,,,,,,,,,,,
ESP-La Liga,2324,Mallorca,Vedat Muriqi,KVX,FW,29,1994,29,25,2327,25.9,7,2,9,6,1,3,5,0,0.27,0.08,0.35,0.23,0.31,25.9,7,66,25,37.9,2.55,0.97,0.11,0.28,1,3,80,68.0,25,88,19,4,31,0,1.0,23,32,-9,-0.35,-0.18,0,39,43,31,11,6,6,,,0,,,,,,,,,,,,,,,
ESP-La Liga,2324,Osasuna,Aimar Oroz,ESP,MF,21,2001,33,26,2339,26.0,2,1,3,1,1,1,3,0,0.08,0.04,0.12,0.04,0.08,26.0,2,25,6,24.0,0.96,0.23,0.08,0.33,1,1,71,68.4,26,81,8,7,33,0,1.36,29,34,-5,-0.19,0.31,0,39,46,2,10,16,27,,,0,,,,,,,,,,,,,,,
ESP-La Liga,2324,Osasuna,Aitor Fernández,ESP,GK,32,1991,7,6,551,6.1,0,0,0,0,0,0,2,0,0.0,0.0,0.0,0.0,0.0,6.1,0,0,0,,0.0,0.0,,,0,0,79,16.1,6,90,6,1,11,30,0.63,6,13,-7,-1.14,-1.02,0,0,0,0,0,0,0,,,0,9,1.47,20,11,55.0,0,2,4,1,16.7,1,1,0,0,0.0
ESP-La Liga,2324,Osasuna,Ante Budimir,CRO,FW,32,1991,33,29,2435,27.1,17,2,19,14,3,4,4,0,0.63,0.07,0.7,0.52,0.59,27.1,17,76,35,46.1,2.81,1.29,0.22,0.49,3,4,74,71.2,29,81,10,4,19,1,1.3,34,40,-6,-0.22,0.24,0,40,26,27,9,5,13,,,0,,,,,,,,,,,,,,,
ESP-La Liga,2324,Osasuna,Asier Osambela,ESP,MF,19,2004,1,0,9,0.1,0,0,0,0,0,0,0,0,0.0,0.0,0.0,0.0,0.0,0.1,0,0,0,,0.0,0.0,,,0,0,9,0.3,0,,0,1,9,2,0.0,0,1,-1,-10.0,-9.74,0,1,0,0,0,0,1,,,0,,,,,,,,,,,,,,,
ESP-La Liga,2324,Osasuna,Catena,ESP,DF,28,1994,30,28,2534,28.2,1,3,4,1,0,0,8,1,0.04,0.11,0.14,0.04,0.14,28.2,1,18,5,27.8,0.64,0.18,0.06,0.2,0,0,84,74.1,28,88,24,2,42,6,1.17,34,45,-11,-0.39,-0.39,0,47,14,1,0,16,20,,,0,,,,,,,,,,,,,,,
ESP-La Liga,2324,Osasuna,Darko Brašanac,SRB,MF,31,1992,2,0,48,0.5,0,0,0,0,0,0,0,0,0.0,0.0,0.0,0.0,0.0,0.5,0,0,0,,0.0,0.0,,,0,0,24,1.4,0,,0,2,24,10,1.5,1,1,0,0.0,0.29,0,1,0,0,1,0,0,,,0,,,,,,,,,,,,,,,
ESP-La Liga,2324,Osasuna,David García,ESP,DF,29,1994,27,27,2334,25.9,0,1,1,0,0,0,5,0,0.0,0.04,0.04,0.0,0.04,25.9,0,15,2,13.3,0.58,0.08,0.0,0.0,0,0,86,68.2,27,86,25,0,,2,1.3,28,35,-7,-0.27,0.06,0,33,13,1,2,20,17,,,0,,,,,,,,,,,,,,,
ESP-La Liga,2324,Osasuna,Ezequiel Ávila,ARG,"FW,MF",29,1994,17,10,864,9.6,1,3,4,1,0,0,3,2,0.1,0.31,0.42,0.1,0.42,9.6,1,27,6,22.2,2.81,0.62,0.04,0.17,0,0,51,25.3,10,71,1,7,22,0,0.94,11,12,-1,-0.1,0.25,0,8,20,4,80,4,2,,,0,,,,,,,,,,,,,,,
ESP-La Liga,2324,Osasuna,Iker Muñoz,ESP,MF,20,2002,28,20,1854,20.6,4,0,4,4,0,0,5,0,0.19,0.0,0.19,0.19,0.19,20.6,4,23,6,26.1,1.12,0.29,0.17,0.67,0,0,66,54.2,20,83,13,8,24,10,1.32,28,26,2,0.1,0.84,0,37,55,0,13,11,17,,,0,,,,,,,,,,,,,,,
ESP-La Liga,2324,Osasuna,Iñigo Arguibide,ESP,FW,18,2005,1,0,17,0.2,0,0,0,0,0,0,0,0,0.0,0.0,0.0,0.0,0.0,0.2,0,0,0,,0.0,0.0,,,0,0,17,0.5,0,,0,1,17,3,1.0,0,0,0,0.0,0.29,0,1,0,0,0,0,0,,,0,,,,,,,,,,,,,,,
ESP-La Liga,2324,Osasuna,Jesús Areso,ESP,"DF,MF",24,1999,37,29,2660,29.6,1,6,7,1,0,0,3,0,0.03,0.2,0.24,0.03,0.24,29.6,1,9,2,22.2,0.3,0.07,0.11,0.5,0,0,72,77.8,29,87,21,8,17,1,1.22,35,44,-9,-0.3,-0.07,0,30,20,3,113,20,26,,,0,,,,,,,,,,,,,,,
ESP-La Liga,2324,Osasuna,Johan Mojica,COL,"DF,MF",30,1992,30,22,2041,22.7,0,3,3,0,0,0,1,0,0.0,0.13,0.13,0.0,0.13,22.7,0,17,1,5.9,0.75,0.04,0.0,0.0,0,0,68,59.7,22,84,16,8,23,3,1.17,26,35,-9,-0.4,-0.27,0,22,19,0,115,23,22,,,0,,,,,,,,,,,,,,,
ESP-La Liga,2324,Osasuna,Jon Moncayola,ESP,MF,25,1998,33,21,1800,20.0,1,3,4,1,0,0,2,1,0.05,0.15,0.2,0.05,0.2,20.0,1,16,5,31.3,0.8,0.25,0.06,0.2,0,0,55,52.6,21,75,7,12,19,2,1.21,24,29,-5,-0.25,0.08,0,24,8,0,88,16,19,,,0,,,,,,,,,,,,,,,
ESP-La Liga,2324,Osasuna,Jorge Herrando,ESP,DF,22,2001,19,18,1644,18.3,0,1,1,0,0,0,4,0,0.0,0.05,0.05,0.0,0.05,18.3,0,4,0,0.0,0.22,0.0,0.0,,0,0,87,48.1,18,89,17,1,36,19,1.05,21,26,-5,-0.27,0.03,0,26,10,0,0,14,19,,,0,,,,,,,,,,,,,,,
ESP-La Liga,2324,Osasuna,Jorge Moreno,ESP,DF,22,2001,1,0,15,0.2,0,0,0,0,0,0,0,0,0.0,0.0,0.0,0.0,0.0,0.2,0,0,0,,0.0,0.0,,,0,0,15,0.4,0,,0,1,15,1,1.0,0,1,-1,-6.0,-5.74,0,0,0,0,1,0,0,,,0,,,,,,,,,,,,,,,
ESP-La Liga,2324,Osasuna,José Arnaiz,ESP,"FW,MF",28,1995,26,9,929,10.3,2,1,3,2,0,0,3,0,0.19,0.1,0.29,0.19,0.29,10.3,2,29,9,31.0,2.81,0.87,0.07,0.22,0,0,36,27.2,9,65,0,17,20,8,1.04,11,16,-5,-0.48,-0.27,0,8,19,3,45,3,8,,,0,,,,,,,,,,,,,,,
ESP-La Liga,2324,Osasuna,Juan Cruz Armada,ESP,DF,31,1992,26,18,1667,18.5,0,1,1,0,0,0,3,0,0.0,0.05,0.05,0.0,0.05,18.5,0,3,0,0.0,0.16,0.0,0.0,,0,0,64,48.7,18,86,14,8,15,9,1.27,23,28,-5,-0.27,0.04,0,20,4,1,21,12,15,,,0,,,,,,,,,,,,,,,
ESP-La Liga,2324,Osasuna,Kike Barja,ESP,"FW,MF",26,1997,16,3,303,3.4,0,0,0,0,0,0,3,0,0.0,0.0,0.0,0.0,0.0,3.4,0,4,2,50.0,1.19,0.59,0.0,0.0,0,0,19,8.9,3,42,0,13,14,5,0.94,8,8,0,0.0,0.32,0,8,4,1,23,3,2,,,0,,,,,,,,,,,,,,,
ESP-La Liga,2324,Osasuna,Lucas Torró,ESP,MF,29,1994,28,21,1788,19.9,1,0,1,1,0,0,5,0,0.05,0.0,0.05,0.05,0.05,19.9,1,30,7,23.3,1.51,0.35,0.03,0.14,0,0,64,52.3,21,79,10,7,18,9,1.11,22,31,-9,-0.45,-0.34,0,43,17,0,3,35,15,,,0,,,,,,,,,,,,,,,
ESP-La Liga,2324,Osasuna,Max Svensson,ESP,FW,21,2001,1,0,3,0.0,0,0,0,0,0,0,0,0,0.0,0.0,0.0,0.0,0.0,0.0,0,0,0,,0.0,0.0,,,0,0,3,0.1,0,,0,1,3,4,1.0,0,0,0,0.0,0.29,0,1,0,0,0,0,0,,,0,,,,,,,,,,,,,,,
ESP-La Liga,2324,Osasuna,Moi Gómez,ESP,"MF,FW",29,1994,28,23,2006,22.3,3,0,3,3,0,0,3,0,0.13,0.0,0.13,0.13,0.13,22.3,3,19,8,42.1,0.85,0.36,0.16,0.38,0,0,72,58.7,23,80,11,5,34,5,1.14,26,30,-4,-0.18,0.27,0,29,30,2,51,10,19,,,0,,,,,,,,,,,,,,,
ESP-La Liga,2324,Osasuna,Nacho Vidal,ESP,DF,28,1995,7,0,96,1.1,1,0,1,1,0,0,0,0,0.94,0.0,0.94,0.94,0.94,1.1,1,3,1,33.3,2.81,0.94,0.33,1.0,0,0,14,2.8,0,,0,7,14,13,2.0,2,2,0,0.0,0.3,0,0,1,0,0,0,4,,,0,,,,,,,,,,,,,,,
ESP-La Liga,2324,Osasuna,Pablo Ibáñez,ESP,MF,24,1998,33,12,1152,12.8,1,2,3,1,0,0,5,0,0.08,0.16,0.23,0.08,0.23,12.8,1,27,7,25.9,2.11,0.55,0.04,0.14,0,0,35,33.7,12,71,2,21,14,4,1.18,19,20,-1,-0.08,0.32,0,26,16,2,11,9,8,,,0,,,,,,,,,,,,,,,
ESP-La Liga,2324,Osasuna,Raúl,ESP,FW,22,2000,35,13,1355,15.1,6,1,7,6,0,0,4,0,0.4,0.07,0.46,0.4,0.46,15.1,6,33,12,36.4,2.19,0.8,0.18,0.5,0,0,39,39.6,13,75,2,22,17,2,1.09,18,24,-6,-0.4,-0.18,0,13,12,9,6,5,4,,,0,,,,,,,,,,,,,,,
ESP-La Liga,2324,Osasuna,Rubén García,ESP,"FW,MF",30,1993,30,19,1547,17.2,3,2,5,3,0,0,1,0,0.17,0.12,0.29,0.17,0.29,17.2,3,28,10,35.7,1.63,0.58,0.11,0.3,0,0,52,45.2,19,71,4,11,17,6,1.0,18,26,-8,-0.47,-0.32,0,24,27,6,98,12,18,,,0,,,,,,,,,,,,,,,
ESP-La Liga,2324,Osasuna,Rubén Peña,ESP,"DF,MF",32,1991,29,26,2088,23.2,0,2,2,0,0,0,3,0,0.0,0.09,0.09,0.0,0.09,23.2,0,17,5,29.4,0.73,0.22,0.0,0.0,0,0,72,61.1,26,78,7,3,18,2,1.34,26,33,-7,-0.3,-0.03,0,28,23,6,111,29,22,,,0,,,,,,,,,,,,,,,
ESP-La Liga,2324,Osasuna,Sergio Herrera,ESP,GK,30,1993,32,32,2869,31.9,0,0,0,0,0,0,2,0,0.0,0.0,0.0,0.0,0.0,31.9,0,0,0,,0.0,0.0,,,0,0,90,83.9,32,90,31,0,,6,1.34,41,47,-6,-0.19,0.63,0,0,7,0,0,0,1,,,0,47,1.47,132,85,64.4,12,7,13,9,28.1,1,0,1,0,100.0
ESP-La Liga,2324,Osasuna,Unai García,ESP,DF,31,1992,9,6,560,6.2,1,0,1,1,0,0,6,1,0.16,0.0,0.16,0.16,0.16,6.2,1,2,1,50.0,0.32,0.16,0.5,1.0,0,0,62,16.4,6,84,4,3,18,17,0.9,6,12,-6,-0.96,-0.81,1,9,1,0,4,7,9,,,0,,,,,,,,,,,,,,,
ESP-La Liga,2324,Osasuna,Xabier Huarte Armendáriz,ESP,MF,22,2001,1,0,9,0.1,0,0,0,0,0,0,0,0,0.0,0.0,0.0,0.0,0.0,0.1,0,0,0,,0.0,0.0,,,0,0,9,0.3,0,,0,1,9,1,0.0,0,0,0,0.0,0.29,0,0,0,0,0,0,0,,,0,,,,,,,,,,,,,,,
ESP-La Liga,2324,Rayo Vallecano,Abdul Mumin,GHA,DF,25,1998,20,19,1694,18.8,1,0,1,1,0,0,5,1,0.05,0.0,0.05,0.05,0.05,18.8,1,6,1,16.7,0.32,0.05,0.17,1.0,0,0,85,49.5,19,89,17,1,3,15,1.0,11,21,-10,-0.53,-0.06,0,15,16,0,2,18,10,,,0,,,,,,,,,,,,,,,
ESP-La Liga,2324,Rayo Vallecano,Alfonso Espino,URU,DF,31,1992,31,29,2507,27.9,0,1,1,0,0,0,9,0,0.0,0.04,0.04,0.0,0.04,27.9,0,18,5,27.8,0.65,0.18,0.0,0.0,0,0,81,73.3,29,84,20,2,34,6,1.06,22,37,-15,-0.54,-0.14,0,45,41,0,49,40,45,,,1,,,,,,,,,,,,,,,
ESP-La Liga,2324,Rayo Vallecano,Andrei Ratiu,ROU,"DF,MF",25,1998,12,6,630,7.0,0,0,0,0,0,0,1,0,0.0,0.0,0.0,0.0,0.0,7.0,0,6,1,16.7,0.86,0.14,0.0,0.0,0,0,53,18.4,6,82,3,6,24,22,0.58,2,12,-10,-1.43,-1.14,0,2,4,0,18,1,5,,,0,,,,,,,,,,,,,,,
ESP-La Liga,2324,Rayo Vallecano,Aridane Hernández,ESP,DF,34,1989,19,19,1690,18.8,0,0,0,0,0,0,3,0,0.0,0.0,0.0,0.0,0.0,18.8,0,5,0,0.0,0.27,0.0,0.0,,0,0,89,49.4,19,89,18,0,,12,1.11,17,26,-9,-0.48,0.04,0,11,12,0,0,15,9,,,0,,,,,,,,,,,,,,,
ESP-La Liga,2324,Rayo Vallecano,Bebé,CPV,"FW,MF",33,1990,19,0,212,2.4,2,0,2,1,1,1,1,0,0.85,0.0,0.85,0.42,0.42,2.4,2,16,5,31.3,6.79,2.12,0.13,0.4,1,1,11,6.2,0,,0,19,11,15,1.16,4,2,2,0.85,1.44,0,0,2,3,28,0,2,,,0,,,,,,,,,,,,,,,
ESP-La Liga,2324,Rayo Vallecano,Crespo,POR,MF,26,1996,15,4,527,5.9,0,0,0,0,0,0,4,0,0.0,0.0,0.0,0.0,0.0,5.9,0,3,0,0.0,0.51,0.0,0.0,,0,0,35,15.4,4,70,0,11,23,2,0.73,2,8,-6,-1.02,-0.62,0,19,22,0,3,11,7,,,0,,,,,,,,,,,,,,,
ESP-La Liga,2324,Rayo Vallecano,Dani Cárdenas,ESP,GK,26,1997,1,1,90,1.0,0,0,0,0,0,0,0,0,0.0,0.0,0.0,0.0,0.0,1.0,0,0,0,,0.0,0.0,,,0,0,90,2.6,1,90,1,0,,36,0.0,0,1,-1,-1.0,-0.51,0,0,0,0,0,0,0,,,0,1,1.0,1,0,0.0,0,0,1,0,0.0,0,0,0,0,
ESP-La Liga,2324,Rayo Vallecano,Diego Méndez,ESP,MF,19,2003,1,0,5,0.1,0,0,0,0,0,0,0,0,0.0,0.0,0.0,0.0,0.0,0.1,0,0,0,,0.0,0.0,,,0,0,5,0.1,0,,0,1,5,13,3.0,0,0,0,0.0,0.5,0,1,0,0,0,1,1,,,0,,,,,,,,,,,,,,,
ESP-La Liga,2324,Rayo Vallecano,Florian Lejeune,FRA,DF,32,1991,37,37,3327,37.0,3,1,4,3,0,0,5,0,0.08,0.03,0.11,0.08,0.11,37.0,3,64,21,32.8,1.73,0.57,0.05,0.14,0,0,90,97.3,37,90,36,0,,0,1.0,29,48,-19,-0.51,-0.51,0,26,13,3,6,23,26,,,1,,,,,,,,,,,,,,,
ESP-La Liga,2324,Rayo Vallecano,Isaac Palazón Camacho,ESP,MF,28,1994,37,34,2791,31.0,4,1,5,2,2,2,8,0,0.13,0.03,0.16,0.06,0.1,31.0,4,72,33,45.8,2.32,1.06,0.06,0.12,2,2,75,81.6,34,79,12,3,31,0,1.03,27,32,-5,-0.16,1.84,0,32,76,10,130,19,28,,,0,,,,,,,,,,,,,,,
ESP-La Liga,2324,Rayo Vallecano,Iván Balliu,ALB,DF,31,1992,33,32,2873,31.9,0,1,1,0,0,0,4,0,0.0,0.03,0.03,0.0,0.03,31.9,0,11,4,36.4,0.34,0.13,0.0,0.0,0,0,87,84.0,32,89,28,1,27,4,1.12,27,39,-12,-0.38,0.78,0,41,30,8,69,28,31,,,0,,,,,,,,,,,,,,,
ESP-La Liga,2324,Rayo Vallecano,Jorge de Frutos,ESP,MF,26,1997,36,14,1549,17.2,2,0,2,2,0,0,1,0,0.12,0.0,0.12,0.12,0.12,17.2,2,29,11,37.9,1.68,0.64,0.07,0.18,0,0,43,45.3,14,75,2,22,23,1,0.97,13,21,-8,-0.46,0.06,0,15,25,4,54,7,8,,,0,,,,,,,,,,,,,,,
ESP-La Liga,2324,Rayo Vallecano,José Pozo,ESP,"FW,MF",27,1996,2,0,19,0.2,0,0,0,0,0,0,0,0,0.0,0.0,0.0,0.0,0.0,0.2,0,0,0,,0.0,0.0,,,0,0,10,0.6,0,,0,2,10,29,1.0,0,0,0,0.0,0.5,0,1,1,0,0,0,1,,,0,,,,,,,,,,,,,,,
ESP-La Liga,2324,Rayo Vallecano,Kike Pérez,ESP,"MF,FW",26,1997,24,9,835,9.3,1,0,1,1,0,0,7,0,0.11,0.0,0.11,0.11,0.11,9.3,1,13,6,46.2,1.4,0.65,0.08,0.17,0,0,35,24.4,9,59,0,15,20,8,0.92,6,14,-8,-0.86,-0.48,0,42,34,0,18,8,13,,,0,,,,,,,,,,,,,,,
ESP-La Liga,2324,Rayo Vallecano,Pathé Ciss,SEN,MF,29,1994,31,16,1664,18.5,1,0,1,1,0,0,10,0,0.05,0.0,0.05,0.05,0.05,18.5,1,22,8,36.4,1.19,0.43,0.05,0.13,0,0,54,48.7,16,79,7,15,27,3,1.16,12,30,-18,-0.97,-0.92,0,27,29,4,3,28,24,,,0,,,,,,,,,,,,,,,
ESP-La Liga,2324,Rayo Vallecano,Pep Chavarría,ESP,"DF,MF",25,1998,22,12,1167,13.0,1,1,2,1,0,0,6,1,0.08,0.08,0.15,0.08,0.15,13.0,1,11,2,18.2,0.85,0.15,0.09,0.5,0,0,53,34.1,12,82,9,10,18,13,0.83,7,15,-8,-0.62,-0.18,1,8,22,3,71,8,16,,,0,,,,,,,,,,,,,,,
ESP-La Liga,2324,Rayo Vallecano,Radamel Falcao,COL,FW,37,1986,22,2,407,4.5,1,0,1,0,1,1,4,0,0.22,0.0,0.22,0.0,0.0,4.5,1,17,7,41.2,3.76,1.55,0.06,0.14,1,1,19,11.9,2,63,0,20,14,12,0.87,7,7,0,0.0,0.57,0,15,10,6,1,3,6,,,0,,,,,,,,,,,,,,,
ESP-La Liga,2324,Rayo Vallecano,Randy Nteka,ANG,FW,25,1997,16,3,572,6.4,1,1,2,0,1,1,3,0,0.16,0.16,0.31,0.0,0.16,6.4,1,15,6,40.0,2.36,0.94,0.07,0.17,1,1,36,16.7,3,74,0,13,27,12,0.94,3,11,-8,-1.26,-0.91,0,19,14,5,3,3,4,,,0,,,,,,,,,,,,,,,
ESP-La Liga,2324,Rayo Vallecano,Raúl de Tomás,ESP,FW,28,1994,25,15,1272,14.1,1,2,3,0,1,1,5,0,0.07,0.14,0.21,0.0,0.14,14.1,1,39,12,30.8,2.76,0.85,0.03,0.08,1,1,51,37.2,15,69,1,10,23,11,0.96,13,14,-1,-0.07,0.68,0,24,26,12,8,1,5,,,0,,,,,,,,,,,,,,,
ESP-La Liga,2324,Rayo Vallecano,Salvi,ESP,MF,32,1991,1,0,28,0.3,0,0,0,0,0,0,0,0,0.0,0.0,0.0,0.0,0.0,0.3,0,0,0,,0.0,0.0,,,0,0,28,0.8,0,,0,1,28,0,3.0,0,0,0,0.0,0.5,0,0,1,0,0,1,0,,,0,,,,,,,,,,,,,,,
ESP-La Liga,2324,Rayo Vallecano,Sergio Camello,ESP,FW,22,2001,31,20,1661,18.5,3,1,4,3,0,0,3,0,0.16,0.05,0.22,0.16,0.22,18.5,3,34,13,38.2,1.84,0.7,0.09,0.23,0,0,54,48.6,20,70,1,11,24,6,0.94,12,27,-15,-0.81,-0.61,0,18,11,7,2,3,6,,,0,,,,,,,,,,,,,,,
ESP-La Liga,2324,Rayo Vallecano,Stole Dimitrievski,MKD,GK,29,1993,37,37,3330,37.0,0,0,0,0,0,0,2,0,0.0,0.0,0.0,0.0,0.0,37.0,0,0,0,,0.0,0.0,,,0,0,90,97.4,37,90,37,0,,1,1.03,29,47,-18,-0.49,0.51,0,0,3,0,0,0,1,,,0,47,1.27,153,106,69.3,8,14,15,9,24.3,2,1,1,0,50.0
ESP-La Liga,2324,Rayo Vallecano,Unai López,ESP,MF,27,1995,35,28,2108,23.4,1,2,3,1,0,0,8,0,0.04,0.09,0.13,0.04,0.13,23.4,1,32,5,15.6,1.37,0.21,0.03,0.2,0,0,60,61.6,28,70,5,7,23,2,1.06,20,28,-8,-0.34,0.41,0,60,21,3,73,16,27,,,0,,,,,,,,,,,,,,,
ESP-La Liga,2324,Rayo Vallecano,Álvaro García,ESP,MF,30,1992,32,30,2475,27.5,6,1,7,6,0,0,8,1,0.22,0.04,0.25,0.22,0.25,27.5,6,45,17,37.8,1.64,0.62,0.13,0.35,0,0,77,72.4,30,81,11,2,19,0,0.91,22,38,-16,-0.58,-0.3,1,25,23,25,121,36,26,,,0,,,,,,,,,,,,,,,
ESP-La Liga,2324,Rayo Vallecano,Óscar Trejo,ARG,"FW,MF",35,1988,31,19,1380,15.3,0,0,0,0,0,0,4,1,0.0,0.0,0.0,0.0,0.0,15.3,0,18,3,16.7,1.17,0.2,0.0,0.0,0,0,45,40.4,19,60,1,12,20,2,1.1,12,18,-6,-0.39,0.18,0,40,40,3,21,5,15,,,0,,,,,,,,,,,,,,,
ESP-La Liga,2324,Rayo Vallecano,Óscar Valentín,ESP,MF,28,1994,34,32,2692,29.9,1,0,1,1,0,0,7,1,0.03,0.0,0.03,0.03,0.03,29.9,1,15,7,46.7,0.5,0.23,0.07,0.14,0,0,79,78.7,32,83,20,2,21,2,1.09,21,29,-8,-0.27,1.09,1,77,43,0,6,35,64,,,0,,,,,,,,,,,,,,,
ESP-La Liga,2324,Real Betis,Abde Ezzalzouli,MAR,MF,21,2001,26,6,865,9.6,1,0,1,1,0,1,1,0,0.1,0.0,0.1,0.1,0.1,9.6,1,34,9,26.5,3.54,0.94,0.03,0.11,0,1,33,25.3,6,70,1,20,22,4,1.35,11,9,2,0.21,0.17,0,9,16,4,33,5,14,,,0,,,,,,,,,,,,,,,
ESP-La Liga,2324,Real Betis,Abner,BRA,DF,23,2000,23,15,1400,15.6,0,1,1,0,0,0,3,0,0.0,0.06,0.06,0.0,0.06,15.6,0,4,0,0.0,0.26,0.0,0.0,,0,0,61,40.9,15,82,12,8,22,10,1.61,20,20,0,0.0,-0.13,0,17,2,2,26,16,18,,,0,,,,,,,,,,,,,,,
ESP-La Liga,2324,Real Betis,Aitor Ruibal,ESP,"DF,MF",27,1996,18,11,1017,11.3,2,1,3,2,0,0,5,0,0.18,0.09,0.27,0.18,0.27,11.3,2,13,2,15.4,1.15,0.18,0.15,1.0,0,0,57,29.7,11,76,6,7,26,13,1.33,14,16,-2,-0.18,-0.36,0,16,13,1,28,14,27,,,0,,,,,,,,,,,,,,,
ESP-La Liga,2324,Real Betis,Andrés Guardado,MEX,MF,36,1986,12,4,447,5.0,0,0,0,0,0,0,2,0,0.0,0.0,0.0,0.0,0.0,5.0,0,5,0,0.0,1.01,0.0,0.0,,0,0,37,13.1,4,67,1,8,23,6,1.58,5,4,1,0.2,0.14,0,10,3,0,11,6,12,,,0,,,,,,,,,,,,,,,
ESP-La Liga,2324,Real Betis,Assane Diao,SEN,MF,17,2005,18,13,1048,11.6,2,0,2,2,0,0,4,0,0.17,0.0,0.17,0.17,0.17,11.6,2,21,3,14.3,1.8,0.26,0.1,0.67,0,0,58,30.6,13,68,2,5,33,11,1.5,14,9,5,0.43,0.51,0,12,22,1,9,7,12,,,0,,,,,,,,,,,,,,,
ESP-La Liga,2324,Real Betis,Ayoze Pérez,ESP,"MF,FW",30,1993,31,29,2294,25.5,9,1,10,9,0,0,4,0,0.35,0.04,0.39,0.35,0.39,25.5,9,68,26,38.2,2.67,1.02,0.13,0.35,0,0,74,67.1,29,78,12,2,22,1,1.45,28,28,0,0.0,-0.24,0,36,48,10,19,21,34,,,0,,,,,,,,,,,,,,,
ESP-La Liga,2324,Real Betis,Borja Iglesias,ESP,FW,30,1993,11,4,408,4.5,0,1,1,0,0,0,2,0,0.0,0.22,0.22,0.0,0.22,4.5,0,10,0,0.0,2.21,0.0,0.0,,0,0,37,11.9,4,63,1,7,22,9,1.45,7,6,1,0.22,0.16,0,7,5,7,1,2,0,,,0,,,,,,,,,,,,,,,
ESP-La Liga,2324,Real Betis,Chadi Riad,MAR,DF,20,2003,26,24,2164,24.0,0,0,0,0,0,0,1,0,0.0,0.0,0.0,0.0,0.0,24.0,0,11,5,45.5,0.46,0.21,0.0,0.0,0,0,83,63.3,24,87,22,2,36,7,1.46,32,30,2,0.08,0.01,0,16,7,1,0,22,23,,,0,,,,,,,,,,,,,,,
ESP-La Liga,2324,Real Betis,Claudio Bravo,CHI,GK,40,1983,7,7,630,7.0,0,0,0,0,0,0,0,0,0.0,0.0,0.0,0.0,0.0,7.0,0,0,0,,0.0,0.0,,,0,0,90,18.4,7,90,7,0,,13,1.86,11,5,6,0.86,0.95,0,0,1,0,0,0,0,,,0,5,0.71,22,17,77.3,3,4,0,2,28.6,0,0,0,0,
ESP-La Liga,2324,Real Betis,Cédric Bakambu,COD,FW,32,1991,4,2,194,2.2,0,0,0,0,0,0,1,0,0.0,0.0,0.0,0.0,0.0,2.2,0,4,1,25.0,1.86,0.46,0.0,0.0,0,0,49,5.7,2,62,0,2,35,0,2.0,4,2,2,0.93,0.9,0,4,3,3,0,0,0,,,0,,,,,,,,,,,,,,,
ESP-La Liga,2324,Real Betis,Ezequiel Ávila,ARG,"MF,FW",29,1994,6,4,298,3.3,1,0,1,1,0,0,4,1,0.3,0.0,0.3,0.3,0.3,3.3,1,9,3,33.3,2.72,0.91,0.11,0.33,0,0,50,8.7,4,66,0,2,17,0,1.17,6,7,-1,-0.3,-0.42,1,3,12,0,12,1,1,,,0,,,,,,,,,,,,,,,
ESP-La Liga,2324,Real Betis,Fran Vieites,ESP,GK,24,1999,4,3,315,3.5,0,0,0,0,0,0,0,0,0.0,0.0,0.0,0.0,0.0,3.5,0,0,0,,0.0,0.0,,,0,0,79,9.2,3,90,3,1,45,28,1.25,2,4,-2,-0.57,-0.72,0,0,0,0,0,0,1,,,0,4,1.14,18,14,77.8,1,2,0,1,33.3,0,0,0,0,
ESP-La Liga,2324,Real Betis,Germán Pezzella,ARG,DF,32,1991,32,32,2767,30.7,1,0,1,1,0,0,7,0,0.03,0.0,0.03,0.03,0.03,30.7,1,23,5,21.7,0.75,0.16,0.04,0.2,0,0,86,80.9,32,86,28,0,,1,1.63,41,31,10,0.33,1.29,0,22,13,6,2,32,24,,,0,,,,,,,,,,,,,,,
ESP-La Liga,2324,Real Betis,Guido Rodríguez,ARG,MF,29,1994,24,22,1846,20.5,2,0,2,2,0,0,6,0,0.1,0.0,0.1,0.1,0.1,20.5,2,18,7,38.9,0.88,0.34,0.11,0.29,0,0,77,54.0,22,81,15,2,35,0,1.58,30,23,7,0.34,0.57,0,23,35,4,6,29,30,,,0,,,,,,,,,,,,,,,
ESP-La Liga,2324,Real Betis,Héctor Bellerín,ESP,DF,28,1995,23,20,1711,19.0,0,1,1,0,0,0,0,1,0.0,0.05,0.05,0.0,0.05,19.0,0,2,0,0.0,0.11,0.0,0.0,,0,0,74,50.0,20,81,15,3,32,5,1.61,22,18,4,0.21,0.26,0,21,10,1,39,21,22,,,1,,,,,,,,,,,,,,,
ESP-La Liga,2324,Real Betis,Isco,ESP,MF,31,1992,29,28,2326,25.8,8,5,13,6,2,2,10,0,0.31,0.19,0.5,0.23,0.43,25.8,8,64,26,40.6,2.48,1.01,0.13,0.31,2,2,80,68.0,28,82,14,1,37,0,1.55,33,30,3,0.12,0.12,0,31,79,3,152,9,26,,,0,,,,,,,,,,,,,,,
ESP-La Liga,2324,Real Betis,Johnny Cardoso,USA,MF,21,2001,17,15,1328,14.8,1,2,3,1,0,0,3,0,0.07,0.14,0.2,0.07,0.2,14.8,1,12,3,25.0,0.81,0.2,0.08,0.33,0,0,78,38.8,15,83,9,2,42,2,1.53,21,15,6,0.41,0.54,0,21,19,0,3,31,30,,,0,,,,,,,,,,,,,,,
ESP-La Liga,2324,Real Betis,Juan Cruz,ESP,MF,23,2000,5,0,76,0.8,0,0,0,0,0,0,0,0,0.0,0.0,0.0,0.0,0.0,0.8,0,2,0,0.0,2.37,0.0,0.0,,0,0,15,2.2,0,,0,5,15,14,1.6,0,1,-1,-1.18,-1.29,0,2,2,0,0,0,0,,,0,,,,,,,,,,,,,,,
ESP-La Liga,2324,Real Betis,Juan Miranda,ESP,DF,23,2000,25,21,1858,20.6,1,1,2,1,0,0,8,0,0.05,0.05,0.1,0.05,0.1,20.6,1,16,6,37.5,0.78,0.29,0.06,0.17,0,0,74,54.3,21,82,13,4,36,10,1.52,24,22,2,0.1,0.04,0,21,34,4,62,20,24,,,0,,,,,,,,,,,,,,,
ESP-La Liga,2324,Real Betis,Luiz Felipe,ITA,DF,26,1997,4,4,360,4.0,0,0,0,0,0,0,1,0,0.0,0.0,0.0,0.0,0.0,4.0,0,2,0,0.0,0.5,0.0,0.0,,0,0,90,10.5,4,90,4,0,,0,1.75,5,5,0,0.0,-0.09,0,2,1,0,0,4,3,,,0,,,,,,,,,,,,,,,
ESP-La Liga,2324,Real Betis,Luiz Henrique,BRA,MF,22,2001,14,6,616,6.8,0,3,3,0,0,0,1,0,0.0,0.44,0.44,0.0,0.44,6.8,0,18,4,22.2,2.63,0.58,0.0,0.0,0,0,44,18.0,6,73,2,8,22,2,1.64,8,10,-2,-0.29,-0.45,0,7,15,0,24,5,11,,,0,,,,,,,,,,,,,,,
ESP-La Liga,2324,Real Betis,Marc Bartra,ESP,DF,32,1991,3,3,225,2.5,0,0,0,0,0,0,1,0,0.0,0.0,0.0,0.0,0.0,2.5,0,3,0,0.0,1.2,0.0,0.0,,0,0,75,6.6,3,75,2,0,,2,1.33,2,6,-4,-1.6,-1.8,0,4,1,0,0,2,3,,,0,,,,,,,,,,,,,,,
ESP-La Liga,2324,Real Betis,Marc Roca,ESP,MF,26,1996,26,24,1980,22.0,2,2,4,2,0,0,5,0,0.09,0.09,0.18,0.09,0.18,22.0,2,20,7,35.0,0.91,0.32,0.1,0.29,0,0,76,57.9,24,82,14,2,12,6,1.31,24,25,-1,-0.05,-0.3,0,46,23,1,24,17,37,,,0,,,,,,,,,,,,,,,
ESP-La Liga,2324,Real Betis,Nabil Fekir,FRA,"MF,FW",30,1993,19,10,1049,11.7,1,2,3,1,0,0,1,0,0.09,0.17,0.26,0.09,0.26,11.7,1,27,9,33.3,2.32,0.77,0.04,0.11,0,0,55,30.7,10,80,4,9,28,2,1.79,19,15,4,0.34,0.38,0,22,35,8,55,6,9,,,0,,,,,,,,,,,,,,,
ESP-La Liga,2324,Real Betis,Pablo Busto,ESP,DF,17,2005,2,0,44,0.5,0,0,0,0,0,0,0,0,0.0,0.0,0.0,0.0,0.0,0.5,0,1,0,0.0,2.05,0.0,0.0,,0,0,22,1.3,0,,0,2,22,5,1.5,1,0,1,2.05,1.99,0,0,1,0,1,1,1,,,0,,,,,,,,,,,,,,,
ESP-La Liga,2324,Real Betis,Pablo Fornals,ESP,MF,27,1996,15,14,1148,12.8,3,2,5,3,0,0,2,0,0.24,0.16,0.39,0.24,0.39,12.8,3,17,6,35.3,1.33,0.47,0.18,0.5,0,0,77,33.6,14,80,6,1,25,0,1.47,22,20,2,0.16,0.12,0,13,14,4,51,21,17,,,0,,,,,,,,,,,,,,,
ESP-La Liga,2324,Real Betis,Paul Akouokou,CIV,MF,25,1997,2,0,27,0.3,0,0,0,0,0,0,0,0,0.0,0.0,0.0,0.0,0.0,0.3,0,0,0,,0.0,0.0,,,0,0,14,0.8,0,,0,2,14,1,1.5,1,1,0,0.0,-0.08,0,1,1,0,0,1,3,,,0,,,,,,,,,,,,,,,
ESP-La Liga,2324,Real Betis,Ricardo Visus,ESP,DF,22,2001,3,1,166,1.8,0,0,0,0,0,0,0,0,0.0,0.0,0.0,0.0,0.0,1.8,0,0,0,,0.0,0.0,,,0,0,55,4.9,1,90,1,2,38,9,1.67,0,0,0,0.0,-0.08,0,3,1,0,0,2,2,,,0,,,,,,,,,,,,,,,
ESP-La Liga,2324,Real Betis,Rodri,ESP,MF,23,2000,29,9,1051,11.7,0,0,0,0,0,0,0,0,0.0,0.0,0.0,0.0,0.0,11.7,0,18,5,27.8,1.54,0.43,0.0,0.0,0,0,36,30.7,9,70,2,20,21,8,1.45,10,13,-3,-0.26,-0.48,0,6,29,4,36,8,11,,,0,,,,,,,,,,,,,,,
ESP-La Liga,2324,Real Betis,Rui Silva,POR,GK,29,1994,28,28,2475,27.5,0,0,0,0,0,0,4,0,0.0,0.0,0.0,0.0,0.0,27.5,0,0,0,,0.0,0.0,,,0,0,88,72.4,28,88,27,0,,6,1.39,35,36,-1,-0.04,-0.42,0,2,7,0,0,1,0,,,1,36,1.31,122,86,70.5,10,9,9,7,25.0,8,7,1,0,12.5
ESP-La Liga,2324,Real Betis,Sergi Altimira,ESP,MF,21,2001,14,6,568,6.3,1,0,1,1,0,0,1,0,0.16,0.0,0.16,0.16,0.16,6.3,1,7,2,28.6,1.11,0.32,0.14,0.5,0,0,41,16.6,6,72,2,8,17,21,1.43,6,11,-5,-0.79,-1.04,0,8,8,0,1,8,8,,,0,,,,,,,,,,,,,,,
ESP-La Liga,2324,Real Betis,Sokratis Papastathopoulos,GRE,DF,35,1988,15,12,1136,12.6,0,0,0,0,0,0,6,0,0.0,0.0,0.0,0.0,0.0,12.6,0,2,1,50.0,0.16,0.08,0.0,0.0,0,0,76,33.2,12,88,11,3,27,9,1.33,16,18,-2,-0.16,-0.36,0,13,6,0,0,6,15,,,1,,,,,,,,,,,,,,,
ESP-La Liga,2324,Real Betis,William Carvalho,POR,MF,31,1992,22,4,680,7.6,1,3,4,1,0,0,2,0,0.13,0.4,0.53,0.13,0.53,7.6,1,8,3,37.5,1.06,0.4,0.13,0.33,0,0,31,19.9,4,60,0,18,25,3,1.55,11,10,1,0.13,0.07,0,13,5,0,4,8,12,,,0,,,,,,,,,,,,,,,
ESP-La Liga,2324,Real Betis,Willian José,BRA,FW,31,1991,33,25,1971,21.9,10,5,15,10,0,0,0,1,0.46,0.23,0.68,0.46,0.68,21.9,10,48,24,50.0,2.19,1.1,0.21,0.42,0,0,60,57.6,25,70,7,8,27,2,1.52,25,28,-3,-0.14,-0.51,0,9,20,9,7,2,3,,,0,,,,,,,,,,,,,,,
ESP-La Liga,2324,Real Betis,Youssouf Sabaly,SEN,DF,30,1993,12,12,1046,11.6,0,1,1,0,0,0,2,0,0.0,0.09,0.09,0.0,0.09,11.6,0,4,0,0.0,0.34,0.0,0.0,,0,0,87,30.6,12,87,10,0,,5,1.5,18,17,1,0.09,0.01,0,9,6,0,27,11,8,,,0,,,,,,,,,,,,,,,
ESP-La Liga,2324,Real Madrid,Andriy Lunin,UKR,GK,24,1999,21,21,1890,21.0,0,0,0,0,0,0,2,0,0.0,0.0,0.0,0.0,0.0,21.0,0,0,0,,0.0,0.0,,,0,0,90,55.3,21,90,21,0,,17,2.52,52,17,35,1.67,0.14,0,0,3,0,0,0,0,,,0,17,0.81,65,48,73.8,16,5,0,4,19.0,1,1,0,0,0.0
ESP-La Liga,2324,Real Madrid,Antonio Rüdiger,GER,DF,30,1993,33,30,2709,30.1,1,0,1,1,0,0,7,0,0.03,0.0,0.03,0.03,0.03,30.1,1,19,2,10.5,0.63,0.07,0.05,0.5,0,0,82,79.2,30,88,28,3,25,1,2.55,65,23,42,1.4,-1.01,0,26,5,1,4,12,17,,,0,,,,,,,,,,,,,,,
ESP-La Liga,2324,Real Madrid,Arda Güler,TUR,"MF,FW",18,2005,10,4,377,4.2,6,0,6,6,0,0,1,0,1.43,0.0,1.43,1.43,1.43,4.2,6,15,6,40.0,3.58,1.43,0.4,1.0,0,0,38,11.0,4,78,2,6,11,11,2.6,14,5,9,2.15,0.61,0,11,8,1,13,2,4,,,0,,,,,,,,,,,,,,,
ESP-La Liga,2324,Real Madrid,Aurélien Tchouaméni,FRA,"MF,DF",23,2000,27,22,1987,22.1,3,1,4,3,0,0,7,0,0.14,0.05,0.18,0.14,0.18,22.1,3,27,7,25.9,1.22,0.32,0.11,0.43,0,0,74,58.1,22,86,18,5,20,1,2.67,48,13,35,1.59,-0.05,0,20,22,0,22,29,25,,,0,,,,,,,,,,,,,,,
ESP-La Liga,2324,Real Madrid,Brahim Díaz,MAR,"MF,FW",23,1999,31,18,1545,17.2,8,6,14,8,0,0,0,0,0.47,0.35,0.82,0.47,0.82,17.2,8,38,17,44.7,2.21,0.99,0.21,0.47,0,0,50,45.2,18,74,1,13,17,7,2.52,44,9,35,2.04,0.79,0,22,42,5,32,5,18,,,0,,,,,,,,,,,,,,,
ESP-La Liga,2324,Real Madrid,Dani Carvajal,ESP,DF,31,1992,28,25,2171,24.1,4,3,7,4,0,0,5,1,0.17,0.12,0.29,0.17,0.29,24.1,4,18,10,55.6,0.75,0.41,0.22,0.4,0,0,78,63.5,25,86,18,3,8,5,2.57,55,13,42,1.74,0.37,1,23,19,2,50,20,38,,,0,,,,,,,,,,,,,,,
ESP-La Liga,2324,Real Madrid,Dani Ceballos,ESP,MF,26,1996,20,5,598,6.6,0,2,2,0,0,0,2,0,0.0,0.3,0.3,0.0,0.3,6.6,0,7,1,14.3,1.05,0.15,0.0,0.0,0,0,30,17.5,5,79,3,15,14,9,2.6,16,6,10,1.51,-0.12,0,5,19,0,8,0,5,,,0,,,,,,,,,,,,,,,
ESP-La Liga,2324,Real Madrid,David Alaba,AUT,DF,31,1992,14,14,1154,12.8,0,1,1,0,0,0,2,0,0.0,0.08,0.08,0.0,0.08,12.8,0,14,4,28.6,1.09,0.31,0.0,0.0,0,0,82,33.7,14,82,12,0,,1,2.36,23,10,13,1.01,-0.89,0,4,0,0,17,15,9,,,1,,,,,,,,,,,,,,,
ESP-La Liga,2324,Real Madrid,Eduardo Camavinga,FRA,MF,20,2002,31,21,1817,20.2,0,2,2,0,0,0,9,0,0.0,0.1,0.1,0.0,0.1,20.2,0,17,7,41.2,0.84,0.35,0.0,0.0,0,0,59,53.1,21,75,5,10,25,0,2.45,47,14,33,1.63,0.06,0,49,68,1,4,26,48,,,0,,,,,,,,,,,,,,,
ESP-La Liga,2324,Real Madrid,Federico Valverde,URU,MF,25,1998,37,33,2904,32.3,2,7,9,2,0,0,2,0,0.06,0.22,0.28,0.06,0.28,32.3,2,56,19,33.9,1.74,0.59,0.04,0.11,0,0,78,84.9,33,86,22,4,19,1,2.49,76,22,54,1.67,0.45,0,19,15,0,32,43,35,,,0,,,,,,,,,,,,,,,
ESP-La Liga,2324,Real Madrid,Ferland Mendy,FRA,DF,28,1995,23,21,1720,19.1,0,0,0,0,0,0,5,0,0.0,0.0,0.0,0.0,0.0,19.1,0,5,2,40.0,0.26,0.1,0.0,0.0,0,0,75,50.3,21,80,12,2,18,5,2.43,44,9,35,1.83,0.45,0,17,14,0,5,12,10,,,0,,,,,,,,,,,,,,,
ESP-La Liga,2324,Real Madrid,Fran Garcia,ESP,DF,23,1999,25,15,1398,15.5,1,5,6,1,0,0,2,0,0.06,0.32,0.39,0.06,0.39,15.5,1,9,1,11.1,0.58,0.06,0.11,1.0,0,0,56,40.9,15,81,9,10,19,13,2.48,34,15,19,1.22,-0.65,0,10,15,10,60,20,16,,,0,,,,,,,,,,,,,,,
ESP-La Liga,2324,Real Madrid,Gonzalo García,ESP,FW,19,2004,2,0,19,0.2,0,0,0,0,0,0,0,0,0.0,0.0,0.0,0.0,0.0,0.2,0,1,1,100.0,4.74,4.74,0.0,0.0,0,0,10,0.6,0,,0,2,10,4,3.0,0,0,0,0.0,-1.61,0,0,1,0,0,0,0,,,0,,,,,,,,,,,,,,,
ESP-La Liga,2324,Real Madrid,Joselu,ESP,FW,33,1990,34,15,1687,18.7,10,2,12,10,0,2,1,0,0.53,0.11,0.64,0.53,0.64,18.7,10,63,29,46.0,3.36,1.55,0.16,0.34,0,2,50,49.3,15,84,10,19,23,2,2.5,51,9,42,2.24,1.25,0,10,15,18,6,6,4,,,0,,,,,,,,,,,,,,,
ESP-La Liga,2324,Real Madrid,Jude Bellingham,ENG,"MF,FW",20,2003,28,27,2315,25.7,19,6,25,18,1,1,5,1,0.74,0.23,0.97,0.7,0.93,25.7,19,63,35,55.6,2.45,1.36,0.3,0.54,1,1,83,67.7,27,85,17,1,25,4,2.46,57,16,41,1.59,-0.04,0,32,72,4,22,20,35,,,0,,,,,,,,,,,,,,,
ESP-La Liga,2324,Real Madrid,Kepa Arrizabalaga,ESP,GK,28,1994,14,13,1198,13.3,0,0,0,0,0,0,1,0,0.0,0.0,0.0,0.0,0.0,13.3,0,0,0,,0.0,0.0,,,0,0,86,35.0,13,90,13,1,28,21,2.36,23,9,14,1.05,-0.85,0,0,2,0,0,0,0,,,0,9,0.68,39,30,76.9,10,2,1,4,30.8,0,0,0,0,
ESP-La Liga,2324,Real Madrid,Lucas Vázquez,ESP,DF,32,1991,29,14,1419,15.8,3,6,9,3,0,0,0,0,0.19,0.38,0.57,0.19,0.57,15.8,3,12,7,58.3,0.76,0.44,0.25,0.43,0,0,49,41.5,14,86,10,15,15,9,2.55,37,15,22,1.4,-0.36,0,23,24,5,45,12,22,,,0,,,,,,,,,,,,,,,
ESP-La Liga,2324,Real Madrid,Luka Modrić,CRO,MF,37,1985,32,18,1688,18.8,2,6,8,2,0,0,2,0,0.11,0.32,0.43,0.11,0.43,18.8,2,25,10,40.0,1.33,0.53,0.08,0.2,0,0,53,49.4,18,77,4,14,21,5,2.41,43,17,26,1.39,-0.43,0,19,21,2,90,19,15,,,0,,,,,,,,,,,,,,,
ESP-La Liga,2324,Real Madrid,Mario Martín,ESP,MF,19,2004,2,0,18,0.2,0,0,0,0,0,0,0,0,0.0,0.0,0.0,0.0,0.0,0.2,0,0,0,,0.0,0.0,,,0,0,9,0.5,0,,0,2,9,3,2.0,0,0,0,0.0,-1.61,0,1,1,0,0,0,1,,,0,,,,,,,,,,,,,,,
ESP-La Liga,2324,Real Madrid,Nacho,ESP,DF,33,1990,29,18,1746,19.4,0,1,1,0,0,0,4,2,0.0,0.05,0.05,0.0,0.05,19.4,0,5,1,20.0,0.26,0.05,0.0,0.0,0,0,60,51.1,18,83,13,11,23,5,2.41,41,8,33,1.7,0.2,0,21,13,2,3,19,11,,,0,,,,,,,,,,,,,,,
ESP-La Liga,2324,Real Madrid,Nicolás Paz,ARG,MF,18,2004,4,0,23,0.3,0,0,0,0,0,0,0,0,0.0,0.0,0.0,0.0,0.0,0.3,0,2,0,0.0,7.83,0.0,0.0,,0,0,6,0.7,0,,0,4,6,8,2.5,1,1,0,0.0,-1.62,0,1,0,0,1,1,0,,,0,,,,,,,,,,,,,,,
ESP-La Liga,2324,Real Madrid,Rodrygo,BRA,FW,22,2001,34,28,2380,26.4,10,5,15,10,0,1,2,0,0.38,0.19,0.57,0.38,0.57,26.4,10,87,36,41.4,3.29,1.36,0.11,0.28,0,1,70,69.6,28,81,10,6,21,3,2.44,52,20,32,1.21,-1.3,0,10,46,13,31,8,15,,,0,,,,,,,,,,,,,,,
ESP-La Liga,2324,Real Madrid,Thibaut Courtois,BEL,GK,31,1992,4,4,332,3.7,0,0,0,0,0,0,0,0,0.0,0.0,0.0,0.0,0.0,3.7,0,0,0,,0.0,0.0,,,0,0,83,9.7,4,83,3,0,,1,2.5,12,0,12,3.25,1.82,0,0,1,0,0,0,0,,,0,0,0.0,16,15,100.0,3,1,0,0,0.0,0,0,0,0,
ESP-La Liga,2324,Real Madrid,Toni Kroos,GER,MF,33,1990,33,24,2124,23.6,1,8,9,1,0,0,3,0,0.04,0.34,0.38,0.04,0.38,23.6,1,35,13,37.1,1.48,0.55,0.03,0.08,0,0,64,62.1,24,80,10,9,22,5,2.48,53,19,34,1.44,-0.43,0,17,38,3,119,17,32,,,0,,,,,,,,,,,,,,,
ESP-La Liga,2324,Real Madrid,Vinicius Júnior,BRA,FW,23,2000,26,22,1864,20.7,15,5,20,14,1,1,7,0,0.72,0.24,0.97,0.68,0.92,20.7,15,78,39,50.0,3.77,1.88,0.19,0.38,1,1,72,54.5,22,80,7,4,26,3,2.62,47,12,35,1.69,0.19,0,24,54,10,56,1,12,,,0,,,,,,,,,,,,,,,
ESP-La Liga,2324,Real Madrid,Álvaro Rodríguez,URU,FW,19,2004,1,0,1,0.0,0,0,0,0,0,0,0,0,0.0,0.0,0.0,0.0,0.0,0.0,0,0,0,,0.0,0.0,,,0,0,1,0.0,0,,0,1,1,0,3.0,0,0,0,0.0,-1.61,0,0,0,0,0,0,0,,,0,,,,,,,,,,,,,,,
ESP-La Liga,2324,Real Madrid,Éder Militão,BRA,DF,25,1998,10,6,496,5.5,0,0,0,0,0,0,0,0,0.0,0.0,0.0,0.0,0.0,5.5,0,2,2,100.0,0.36,0.36,0.0,0.0,0,0,50,14.5,6,75,3,4,12,0,2.6,19,4,15,2.72,1.31,0,5,5,2,1,5,3,,,0,,,,,,,,,,,,,,,
ESP-La Liga,2324,Real Sociedad,Aihen Muñoz,ESP,DF,25,1997,21,11,1127,12.5,0,2,2,0,0,0,2,0,0.0,0.16,0.16,0.0,0.16,12.5,0,7,2,28.6,0.56,0.16,0.0,0.0,0,0,54,33.0,11,85,10,10,19,0,1.67,22,14,8,0.64,0.48,0,18,7,0,29,7,22,,,0,,,,,,,,,,,,,,,
ESP-La Liga,2324,Real Sociedad,Alberto Dadie,ESP,DF,21,2002,1,0,28,0.3,0,0,0,0,0,0,0,0,0.0,0.0,0.0,0.0,0.0,0.3,0,0,0,,0.0,0.0,,,0,0,28,0.8,0,,0,1,28,0,0.0,1,0,1,3.21,2.92,0,4,0,0,1,0,1,,,0,,,,,,,,,,,,,,,
ESP-La Liga,2324,Real Sociedad,Alex Sola,ESP,"DF,FW",24,1999,2,0,30,0.3,0,0,0,0,0,0,0,0,0.0,0.0,0.0,0.0,0.0,0.3,0,0,0,,0.0,0.0,,,0,0,15,0.9,0,,0,2,15,1,1.0,0,1,-1,-3.0,-3.35,0,2,2,0,0,1,0,,,0,,,,,,,,,,,,,,,
ESP-La Liga,2324,Real Sociedad,Ander Barrenetxea,ESP,"MF,FW",21,2001,29,20,1427,15.9,4,1,5,4,0,0,1,0,0.25,0.06,0.32,0.25,0.32,15.9,4,37,12,32.4,2.33,0.76,0.11,0.33,0,0,49,41.7,20,60,0,9,26,1,1.45,24,18,6,0.38,0.11,0,27,22,3,46,7,21,,,0,,,,,,,,,,,,,,,
ESP-La Liga,2324,Real Sociedad,André Silva,POR,FW,27,1995,19,9,729,8.1,3,0,3,2,1,1,1,0,0.37,0.0,0.37,0.25,0.25,8.1,3,16,6,37.5,1.98,0.74,0.19,0.5,1,1,38,21.3,9,65,0,10,15,9,1.42,8,8,0,0.0,-0.4,0,14,8,5,0,1,2,,,0,,,,,,,,,,,,,,,
ESP-La Liga,2324,Real Sociedad,Aritz Elustondo,ESP,DF,29,1994,15,7,812,9.0,0,1,1,0,0,0,2,0,0.0,0.11,0.11,0.0,0.11,9.0,0,6,2,33.3,0.67,0.22,0.0,0.0,0,0,54,23.7,7,86,6,8,27,10,1.73,10,8,2,0.22,-0.12,0,9,10,0,1,5,7,,,0,,,,,,,,,,,,,,,
ESP-La Liga,2324,Real Sociedad,Arsen Zakharyan,RUS,"MF,FW",20,2003,29,15,1228,13.6,1,2,3,1,0,0,1,0,0.07,0.15,0.22,0.07,0.22,13.6,1,33,9,27.3,2.42,0.66,0.03,0.11,0,0,42,35.9,15,64,0,14,19,2,1.52,15,17,-2,-0.15,-0.72,0,21,11,3,76,4,15,,,0,,,,,,,,,,,,,,,
ESP-La Liga,2324,Real Sociedad,Beñat Turrientes,ESP,MF,21,2002,29,19,1687,18.7,0,1,1,0,0,0,4,0,0.0,0.05,0.05,0.0,0.05,18.7,0,23,10,43.5,1.23,0.53,0.0,0.0,0,0,58,49.3,19,78,6,10,21,8,1.86,23,18,5,0.27,-0.1,0,36,36,0,19,6,18,,,0,,,,,,,,,,,,,,,
ESP-La Liga,2324,Real Sociedad,Brais Méndez,ESP,"MF,FW",26,1997,32,27,2413,26.8,5,6,11,5,0,0,7,0,0.19,0.22,0.41,0.19,0.41,26.8,5,66,17,25.8,2.46,0.63,0.08,0.29,0,0,75,70.6,27,83,16,5,36,1,1.59,34,29,5,0.19,-0.44,0,58,56,3,101,12,27,,,0,,,,,,,,,,,,,,,
ESP-La Liga,2324,Real Sociedad,Carlos Fernández,ESP,FW,27,1996,10,5,408,4.5,2,1,3,1,1,1,3,0,0.44,0.22,0.66,0.22,0.44,4.5,2,9,4,44.4,1.99,0.88,0.22,0.5,1,1,41,11.9,5,63,1,5,19,6,1.55,7,4,3,0.66,0.39,0,15,3,2,1,0,9,,,0,,,,,,,,,,,,,,,
ESP-La Liga,2324,Real Sociedad,Hamari Traoré,MLI,DF,31,1992,31,27,2292,25.5,0,2,2,0,0,0,7,0,0.0,0.08,0.08,0.0,0.08,25.5,0,18,2,11.1,0.71,0.08,0.0,0.0,0,0,74,67.0,27,82,18,4,22,1,1.68,43,27,16,0.63,0.95,0,32,19,1,46,24,19,,,0,,,,,,,,,,,,,,,
ESP-La Liga,2324,Real Sociedad,Igor Zubeldia,ESP,DF,26,1997,30,29,2518,28.0,0,2,2,0,0,0,11,1,0.0,0.07,0.07,0.0,0.07,28.0,0,12,0,0.0,0.43,0.0,0.0,,0,0,84,73.6,29,86,23,1,30,1,1.57,38,28,10,0.36,0.16,0,42,9,0,3,28,24,,,0,,,,,,,,,,,,,,,
ESP-La Liga,2324,Real Sociedad,Javi Galán,ESP,DF,28,1994,14,13,1075,11.9,0,1,1,0,0,0,3,0,0.0,0.08,0.08,0.0,0.08,11.9,0,3,1,33.3,0.25,0.08,0.0,0.0,0,0,77,31.4,13,82,10,1,7,0,1.57,14,11,3,0.25,-0.09,0,22,19,3,46,12,21,,,0,,,,,,,,,,,,,,,
ESP-La Liga,2324,Real Sociedad,Jon Aramburu,VEN,"DF,MF",21,2002,11,5,543,6.0,0,0,0,0,0,0,3,0,0.0,0.0,0.0,0.0,0.0,6.0,0,4,0,0.0,0.66,0.0,0.0,,0,0,49,15.9,5,73,2,6,30,7,1.27,4,8,-4,-0.66,-1.16,0,11,5,0,7,7,15,,,0,,,,,,,,,,,,,,,
ESP-La Liga,2324,Real Sociedad,Jon Magunazelaia,ESP,FW,22,2001,5,1,121,1.3,0,0,0,0,0,0,0,0,0.0,0.0,0.0,0.0,0.0,1.3,0,4,0,0.0,2.98,0.0,0.0,,0,0,24,3.5,1,63,0,4,15,14,1.4,3,0,3,2.23,1.99,0,2,3,0,3,0,4,,,0,,,,,,,,,,,,,,,
ESP-La Liga,2324,Real Sociedad,Jon Martin,ESP,DF,17,2006,1,0,24,0.3,0,0,0,0,0,0,0,0,0.0,0.0,0.0,0.0,0.0,0.3,0,0,0,,0.0,0.0,,,0,0,24,0.7,0,,0,1,24,8,3.0,0,0,0,0.0,-0.32,0,0,0,0,0,0,0,,,0,,,,,,,,,,,,,,,
ESP-La Liga,2324,Real Sociedad,Jon Pacheco,ESP,DF,22,2001,23,16,1526,17.0,1,1,2,1,0,0,8,0,0.06,0.06,0.12,0.06,0.12,17.0,1,6,3,50.0,0.35,0.18,0.17,0.33,0,0,66,44.6,16,87,14,7,20,13,1.7,19,16,3,0.18,-0.25,0,29,1,1,1,10,18,,,0,,,,,,,,,,,,,,,
ESP-La Liga,2324,Real Sociedad,Kieran Tierney,SCO,DF,26,1997,20,14,1238,13.8,0,2,2,0,0,0,1,0,0.0,0.15,0.15,0.0,0.15,13.8,0,2,0,0.0,0.15,0.0,0.0,,0,0,62,36.2,14,75,2,6,32,4,1.75,17,12,5,0.36,0.07,0,6,8,0,27,10,24,,,0,,,,,,,,,,,,,,,
ESP-La Liga,2324,Real Sociedad,Martín Zubimendi,ESP,MF,24,1999,31,29,2654,29.5,4,1,5,4,0,0,5,0,0.14,0.03,0.17,0.14,0.17,29.5,4,22,11,50.0,0.75,0.37,0.18,0.36,0,0,86,77.6,29,89,27,2,39,0,1.52,41,32,9,0.31,-0.05,0,34,21,0,7,39,28,,,0,,,,,,,,,,,,,,,
ESP-La Liga,2324,Real Sociedad,Mikel Merino,ESP,MF,27,1996,32,27,2482,27.6,5,3,8,5,0,0,10,0,0.18,0.11,0.29,0.18,0.29,27.6,5,30,11,36.7,1.09,0.4,0.17,0.45,0,0,78,72.6,27,86,20,5,34,3,1.75,42,24,18,0.65,1.23,0,70,60,6,19,16,45,,,0,,,,,,,,,,,,,,,
ESP-La Liga,2324,Real Sociedad,Mikel Oyarzabal,ESP,"FW,MF",26,1997,33,23,2156,24.0,9,3,12,7,2,2,3,0,0.38,0.13,0.5,0.29,0.42,24.0,9,40,19,47.5,1.67,0.79,0.23,0.47,2,2,65,63.0,23,82,9,10,26,1,1.64,29,20,9,0.38,0.16,0,20,20,18,10,4,18,,,0,,,,,,,,,,,,,,,
ESP-La Liga,2324,Real Sociedad,Mohamed Ali Cho,FRA,FW,19,2004,11,1,249,2.8,0,0,0,0,0,0,0,0,0.0,0.0,0.0,0.0,0.0,2.8,0,3,0,0.0,1.08,0.0,0.0,,0,0,23,7.3,1,90,1,10,16,6,1.73,5,7,-2,-0.72,-1.12,0,5,6,3,11,1,3,,,0,,,,,,,,,,,,,,,
ESP-La Liga,2324,Real Sociedad,Olasagasti,ESP,MF,22,2000,14,2,360,4.0,0,0,0,0,0,0,3,0,0.0,0.0,0.0,0.0,0.0,4.0,0,9,0,0.0,2.25,0.0,0.0,,0,0,26,10.5,2,74,0,12,18,23,1.21,6,8,-2,-0.5,-0.91,0,7,7,1,1,3,12,,,0,,,,,,,,,,,,,,,
ESP-La Liga,2324,Real Sociedad,Robin Le Normand,ESP,DF,26,1996,29,28,2469,27.4,2,0,2,2,0,0,13,0,0.07,0.0,0.07,0.07,0.07,27.4,2,9,5,55.6,0.33,0.18,0.22,0.4,0,0,85,72.2,28,87,23,1,21,6,1.59,37,30,7,0.26,-0.22,0,33,23,1,1,27,22,,,1,,,,,,,,,,,,,,,
ESP-La Liga,2324,Real Sociedad,Sheraldo Becker,SUR,"FW,MF",28,1995,15,8,771,8.6,2,2,4,2,0,0,1,0,0.23,0.23,0.47,0.23,0.47,8.6,2,21,10,47.6,2.45,1.17,0.1,0.2,0,0,51,22.5,8,74,0,7,26,1,1.47,14,5,9,1.05,0.95,0,11,5,6,45,1,3,,,0,,,,,,,,,,,,,,,
ESP-La Liga,2324,Real Sociedad,Takefusa Kubo,JPN,"FW,MF",22,2001,30,24,2150,23.9,7,4,11,7,0,0,1,0,0.29,0.17,0.46,0.29,0.46,23.9,7,46,21,45.7,1.93,0.88,0.15,0.33,0,0,72,62.9,24,83,14,6,28,4,1.53,32,24,8,0.33,0.05,0,22,52,8,143,10,16,,,0,,,,,,,,,,,,,,,
ESP-La Liga,2324,Real Sociedad,Umar Sadiq,NGA,FW,26,1997,26,12,1077,12.0,3,1,4,3,0,0,4,0,0.25,0.08,0.33,0.25,0.33,12.0,3,33,10,30.3,2.76,0.84,0.09,0.3,0,0,41,31.5,12,69,2,14,18,10,1.58,16,15,1,0.08,-0.34,0,45,19,27,12,0,10,,,0,,,,,,,,,,,,,,,
ESP-La Liga,2324,Real Sociedad,Unai Marrero,ESP,GK,21,2001,2,1,142,1.6,0,0,0,0,0,0,0,0,0.0,0.0,0.0,0.0,0.0,1.6,0,0,0,,0.0,0.0,,,0,0,71,4.2,1,90,1,1,52,36,0.5,2,3,-1,-0.63,-0.99,0,0,0,0,0,0,0,,,0,3,1.9,6,3,50.0,0,0,1,0,0.0,1,1,0,0,0.0
ESP-La Liga,2324,Real Sociedad,Urko González,ESP,MF,22,2001,5,2,156,1.7,0,0,0,0,0,0,1,0,0.0,0.0,0.0,0.0,0.0,1.7,0,2,0,0.0,1.15,0.0,0.0,,0,0,31,4.6,2,51,0,3,18,32,1.4,3,3,0,0.0,-0.33,0,1,2,0,0,1,0,,,0,,,,,,,,,,,,,,,
ESP-La Liga,2324,Real Sociedad,Álex Remiro,ESP,GK,28,1995,37,37,3275,36.4,0,0,0,0,0,0,3,1,0.0,0.0,0.0,0.0,0.0,36.4,0,0,0,,0.0,0.0,,,0,0,89,95.8,37,89,36,0,,0,1.62,49,36,13,0.36,0.98,0,1,4,0,0,0,0,,,0,36,0.99,126,95,71.4,16,12,9,13,35.1,6,5,1,0,16.7
ESP-La Liga,2324,Real Sociedad,Álvaro Odriozola,ESP,DF,27,1995,9,6,393,4.4,0,0,0,0,0,0,0,0,0.0,0.0,0.0,0.0,0.0,4.4,0,0,0,,0.0,0.0,,,0,0,44,11.5,6,49,0,3,34,14,1.33,3,2,1,0.23,-0.1,0,7,4,1,10,9,6,,,0,,,,,,,,,,,,,,,
ESP-La Liga,2324,Sevilla,Adnan Januzaj,BEL,"FW,MF",28,1995,8,0,193,2.1,0,0,0,0,0,0,0,0,0.0,0.0,0.0,0.0,0.0,2.1,0,6,1,16.7,2.8,0.47,0.0,0.0,0,0,24,5.6,0,,0,8,24,11,0.75,1,3,-2,-0.93,-0.82,0,3,9,0,8,1,3,,,0,,,,,,,,,,,,,,,
ESP-La Liga,2324,Sevilla,Adrià Pedrosa,ESP,"DF,MF",25,1998,31,15,1753,19.5,1,4,5,1,0,0,1,0,0.05,0.21,0.26,0.05,0.26,19.5,1,16,4,25.0,0.82,0.21,0.06,0.25,0,0,57,51.3,15,87,9,16,28,4,1.03,25,31,-6,-0.31,-0.31,0,6,32,2,111,13,26,,,0,,,,,,,,,,,,,,,
ESP-La Liga,2324,Sevilla,Alejo Véliz,ARG,FW,19,2003,6,0,35,0.4,0,0,0,0,0,0,0,0,0.0,0.0,0.0,0.0,0.0,0.4,0,2,2,100.0,5.14,5.14,0.0,0.0,0,0,6,1.0,0,,0,6,6,6,1.17,0,2,-2,-5.14,-5.04,0,4,1,0,0,0,0,,,0,,,,,,,,,,,,,,,
ESP-La Liga,2324,Sevilla,Boubakary Soumaré,FRA,MF,24,1999,28,26,2286,25.4,0,1,1,0,0,0,10,0,0.0,0.04,0.04,0.0,0.04,25.4,0,1,0,0.0,0.04,0.0,0.0,,0,0,82,66.8,26,87,22,2,16,3,1.36,31,32,-1,-0.04,0.36,0,33,29,0,3,25,31,,,0,,,,,,,,,,,,,,,
ESP-La Liga,2324,Sevilla,Diego Iturralde,ESP,DF,20,2003,1,0,37,0.4,0,0,0,0,0,0,0,0,0.0,0.0,0.0,0.0,0.0,0.4,0,0,0,,0.0,0.0,,,0,0,37,1.1,0,,0,1,37,3,3.0,0,0,0,0.0,0.16,0,1,0,0,0,0,0,,,0,,,,,,,,,,,,,,,
ESP-La Liga,2324,Sevilla,Djibril Sow,SUI,MF,26,1997,24,18,1460,16.2,1,1,2,1,0,0,6,0,0.06,0.06,0.12,0.06,0.12,16.2,1,18,5,27.8,1.11,0.31,0.06,0.2,0,0,61,42.7,18,74,4,6,20,3,1.0,17,21,-4,-0.25,-0.15,0,27,19,2,6,18,21,,,0,,,,,,,,,,,,,,,
ESP-La Liga,2324,Sevilla,Dodi Lukebakio,BEL,"MF,FW",25,1997,23,12,1125,12.5,5,1,6,5,0,0,0,0,0.4,0.08,0.48,0.4,0.48,12.5,5,42,17,40.5,3.36,1.36,0.12,0.29,0,0,49,32.9,12,70,3,11,26,1,1.17,18,20,-2,-0.16,0.0,0,24,22,4,36,2,3,,,0,,,,,,,,,,,,,,,
ESP-La Liga,2324,Sevilla,Federico Gattoni,ARG,DF,24,1999,2,0,10,0.1,0,0,0,0,0,0,0,0,0.0,0.0,0.0,0.0,0.0,0.1,0,0,0,,0.0,0.0,,,0,0,5,0.3,0,,0,2,5,15,0.0,0,1,-1,-9.0,-8.87,0,2,0,0,0,0,0,,,0,,,,,,,,,,,,,,,
ESP-La Liga,2324,Sevilla,Fernando,BRA,MF,36,1987,8,5,459,5.1,0,0,0,0,0,0,0,0,0.0,0.0,0.0,0.0,0.0,5.1,0,1,0,0.0,0.2,0.0,0.0,,0,0,57,13.4,5,74,1,3,29,3,1.0,9,10,-1,-0.2,-0.04,0,6,3,0,4,8,8,,,0,,,,,,,,,,,,,,,
ESP-La Liga,2324,Sevilla,Hannibal Mejbri,TUN,MF,20,2003,6,1,104,1.2,0,0,0,0,0,0,2,0,0.0,0.0,0.0,0.0,0.0,1.2,0,1,0,0.0,0.87,0.0,0.0,,0,0,17,3.0,1,52,0,5,10,11,1.67,2,2,0,0.0,0.16,0,4,4,0,2,0,3,,,0,,,,,,,,,,,,,,,
ESP-La Liga,2324,Sevilla,Isaac Romero,ESP,FW,23,2000,14,14,1039,11.5,4,4,8,4,0,0,2,0,0.35,0.35,0.69,0.35,0.69,11.5,4,42,17,40.5,3.64,1.47,0.1,0.24,0,0,74,30.4,14,74,3,0,,0,1.57,15,13,2,0.17,0.48,0,28,17,6,11,0,3,,,0,,,,,,,,,,,,,,,
ESP-La Liga,2324,Sevilla,Ivan Rakitić,CRO,MF,35,1988,18,16,1425,15.8,2,1,3,2,0,0,6,0,0.13,0.06,0.19,0.13,0.19,15.8,2,32,8,25.0,2.02,0.51,0.06,0.25,0,0,79,41.7,16,83,13,2,52,2,0.56,14,23,-9,-0.57,-0.7,0,16,19,1,130,13,16,,,0,,,,,,,,,,,,,,,
ESP-La Liga,2324,Sevilla,Jesús Corona,MEX,"DF,FW",30,1993,2,0,17,0.2,0,0,0,0,0,0,0,0,0.0,0.0,0.0,0.0,0.0,0.2,0,0,0,,0.0,0.0,,,0,0,9,0.5,0,,0,2,9,1,0.0,1,0,1,5.29,5.48,0,1,0,0,2,1,0,,,0,,,,,,,,,,,,,,,
ESP-La Liga,2324,Sevilla,Jesús Navas,ESP,"DF,MF",37,1985,29,25,2003,22.3,0,2,2,0,0,0,6,1,0.0,0.09,0.09,0.0,0.09,22.3,0,7,2,28.6,0.31,0.09,0.0,0.0,0,0,69,58.6,25,78,9,4,16,1,1.14,31,32,-1,-0.04,0.27,0,12,11,1,142,23,26,,,0,,,,,,,,,,,,,,,
ESP-La Liga,2324,Sevilla,Joan Jordán,ESP,MF,29,1994,8,4,380,4.2,0,0,0,0,0,0,1,0,0.0,0.0,0.0,0.0,0.0,4.2,0,6,1,16.7,1.42,0.24,0.0,0.0,0,0,48,11.1,4,86,3,4,9,22,0.89,5,15,-10,-2.37,-2.49,0,1,3,0,3,4,6,,,0,,,,,,,,,,,,,,,
ESP-La Liga,2324,Sevilla,Juanlu Sánchez,ESP,"DF,MF",19,2003,26,11,1181,13.1,0,2,2,0,0,0,2,0,0.0,0.15,0.15,0.0,0.15,13.1,0,11,2,18.2,0.84,0.15,0.0,0.0,0,0,45,34.5,11,84,7,15,17,11,1.12,12,20,-8,-0.61,-0.69,0,11,23,1,61,10,36,,,0,,,,,,,,,,,,,,,
ESP-La Liga,2324,Sevilla,Kike Salas,ESP,DF,21,2002,23,19,1605,17.8,3,0,3,3,0,0,10,0,0.17,0.0,0.17,0.17,0.17,17.8,3,16,5,31.3,0.9,0.28,0.19,0.6,0,0,70,46.9,19,81,13,4,17,6,0.96,24,28,-4,-0.22,-0.13,0,32,10,1,8,28,24,,,0,,,,,,,,,,,,,,,
ESP-La Liga,2324,Sevilla,Loïc Bade,FRA,DF,23,2000,28,27,2277,25.3,0,1,1,0,0,0,5,1,0.0,0.04,0.04,0.0,0.04,25.3,0,14,3,21.4,0.55,0.12,0.0,0.0,0,0,81,66.6,27,84,19,1,14,2,1.29,32,29,3,0.12,0.83,0,24,10,1,2,38,42,,,0,,,,,,,,,,,,,,,
ESP-La Liga,2324,Sevilla,Lucas Ocampos,ARG,"MF,FW",29,1994,35,34,2871,31.9,4,3,7,3,1,1,8,0,0.13,0.09,0.22,0.09,0.19,31.9,4,64,24,37.5,2.01,0.75,0.06,0.17,1,1,82,83.9,34,83,18,1,45,1,0.97,37,42,-5,-0.16,0.01,0,32,71,8,122,20,47,,,0,,,,,,,,,,,,,,,
ESP-La Liga,2324,Sevilla,Lucien Agoume,FRA,MF,21,2002,12,9,777,8.6,0,0,0,0,0,0,3,0,0.0,0.0,0.0,0.0,0.0,8.6,0,6,2,33.3,0.69,0.23,0.0,0.0,0,0,65,22.7,9,79,5,3,22,1,1.42,11,12,-1,-0.12,0.05,0,19,2,0,3,7,16,,,0,,,,,,,,,,,,,,,
ESP-La Liga,2324,Sevilla,Manu Bueno,ESP,MF,19,2004,4,1,117,1.3,0,0,0,0,0,0,1,0,0.0,0.0,0.0,0.0,0.0,1.3,0,1,0,0.0,0.77,0.0,0.0,,0,0,29,3.4,1,84,0,3,11,10,1.5,0,2,-2,-1.54,-1.43,0,1,2,0,0,0,2,,,0,,,,,,,,,,,,,,,
ESP-La Liga,2324,Sevilla,Marcos Acuña,ARG,"DF,MF",31,1991,21,18,1292,14.4,1,2,3,1,0,0,7,0,0.07,0.14,0.21,0.07,0.21,14.4,1,9,4,44.4,0.63,0.28,0.11,0.25,0,0,62,37.8,18,69,5,3,19,2,1.14,20,21,-1,-0.07,0.14,0,18,17,1,84,3,20,,,0,,,,,,,,,,,,,,,
ESP-La Liga,2324,Sevilla,Marcão,BRA,DF,27,1996,7,3,355,3.9,0,0,0,0,0,0,2,0,0.0,0.0,0.0,0.0,0.0,3.9,0,0,0,,0.0,0.0,,,0,0,51,10.4,3,83,2,4,26,13,1.0,5,8,-3,-0.76,-0.67,0,5,6,0,0,3,6,,,0,,,,,,,,,,,,,,,
ESP-La Liga,2324,Sevilla,Mariano,DOM,FW,29,1993,9,2,244,2.7,0,0,0,0,0,0,1,0,0.0,0.0,0.0,0.0,0.0,2.7,0,14,2,14.3,5.16,0.74,0.0,0.0,0,0,27,7.1,2,75,0,7,14,5,0.33,4,7,-3,-1.11,-1.02,0,8,1,3,1,0,1,,,0,,,,,,,,,,,,,,,
ESP-La Liga,2324,Sevilla,Marko Dmitrović,SRB,GK,31,1992,13,13,1170,13.0,0,0,0,0,0,0,1,0,0.0,0.0,0.0,0.0,0.0,13.0,0,0,0,,0.0,0.0,,,0,0,90,34.2,13,90,13,0,,23,0.62,14,25,-11,-0.85,-1.05,0,0,1,0,0,1,1,,,1,25,1.92,69,44,63.8,2,2,9,2,15.4,2,2,0,0,0.0
ESP-La Liga,2324,Sevilla,Nemanja Gudelj,SRB,"DF,MF",31,1991,22,20,1742,19.4,1,1,2,1,0,0,7,0,0.05,0.05,0.1,0.05,0.1,19.4,1,19,3,15.8,0.98,0.15,0.05,0.33,0,0,79,50.9,20,86,16,2,16,2,1.05,29,24,5,0.26,0.85,0,30,11,0,3,29,22,,,0,,,,,,,,,,,,,,,
ESP-La Liga,2324,Sevilla,Rafa Mir,ESP,FW,26,1997,15,3,391,4.3,2,0,2,2,0,0,1,0,0.46,0.0,0.46,0.46,0.46,4.3,2,15,7,46.7,3.45,1.61,0.13,0.29,0,0,26,11.4,3,73,1,12,14,8,0.93,5,4,1,0.23,0.44,0,9,5,3,2,0,2,,,0,,,,,,,,,,,,,,,
ESP-La Liga,2324,Sevilla,Sergio Ramos,ESP,DF,37,1986,28,28,2517,28.0,3,0,3,3,0,0,7,1,0.11,0.0,0.11,0.11,0.11,28.0,3,28,11,39.3,1.0,0.39,0.11,0.27,0,0,90,73.6,28,90,27,0,,3,1.07,31,39,-8,-0.29,-0.49,0,27,22,9,2,39,30,,,1,,,,,,,,,,,,,,,
ESP-La Liga,2324,Sevilla,Suso,ESP,MF,29,1993,29,15,1517,16.9,1,4,5,1,0,0,5,1,0.06,0.24,0.3,0.06,0.3,16.9,1,26,6,23.1,1.54,0.36,0.04,0.17,0,0,52,44.4,15,77,6,14,26,1,1.03,30,35,-5,-0.3,-0.25,0,22,36,3,133,5,17,,,0,,,,,,,,,,,,,,,
ESP-La Liga,2324,Sevilla,Tanguy Nianzou,FRA,DF,21,2002,8,3,318,3.5,0,0,0,0,0,0,3,0,0.0,0.0,0.0,0.0,0.0,3.5,0,1,0,0.0,0.28,0.0,0.0,,0,0,40,9.3,3,84,2,5,13,15,0.88,4,10,-6,-1.7,-1.7,0,6,4,0,0,3,8,,,0,,,,,,,,,,,,,,,
ESP-La Liga,2324,Sevilla,Yassine Bounou,MAR,GK,32,1991,1,1,90,1.0,0,0,0,0,0,0,0,0,0.0,0.0,0.0,0.0,0.0,1.0,0,0,0,,0.0,0.0,,,0,0,90,2.6,1,90,1,0,,0,0.0,1,2,-1,-1.0,-0.86,0,0,0,0,0,0,0,,,0,2,2.0,3,1,33.3,0,0,1,0,0.0,0,0,0,0,
ESP-La Liga,2324,Sevilla,Youssef En-Nesyri,MAR,FW,26,1997,33,28,2570,28.6,16,2,18,15,1,1,4,0,0.56,0.07,0.63,0.53,0.6,28.6,16,73,30,41.1,2.56,1.05,0.22,0.53,1,1,78,75.1,28,87,17,5,29,0,1.21,40,33,7,0.25,1.62,0,21,21,22,5,8,7,,,0,,,,,,,,,,,,,,,
ESP-La Liga,2324,Sevilla,Érik Lamela,ARG,MF,31,1992,13,5,463,5.1,2,0,2,2,0,0,3,0,0.39,0.0,0.39,0.39,0.39,5.1,2,9,4,44.4,1.75,0.78,0.22,0.5,0,0,36,13.5,5,76,2,8,10,7,1.31,10,7,3,0.58,0.86,0,18,6,3,12,1,13,,,0,,,,,,,,,,,,,,,
ESP-La Liga,2324,Sevilla,Óliver Torres,ESP,MF,28,1994,27,18,1616,18.0,0,1,1,0,0,0,3,0,0.0,0.06,0.06,0.0,0.06,18.0,0,9,3,33.3,0.5,0.17,0.0,0.0,0,0,60,47.3,18,76,3,9,27,3,1.22,20,16,4,0.22,0.72,0,26,23,6,43,7,22,,,0,,,,,,,,,,,,,,,
ESP-La Liga,2324,Sevilla,Ørjan Nyland,NOR,GK,32,1990,24,24,2160,24.0,0,0,0,0,0,0,1,0,0.0,0.0,0.0,0.0,0.0,24.0,0,0,0,,0.0,0.0,,,0,0,90,63.2,24,90,24,0,,4,1.38,33,27,6,0.25,1.11,0,0,2,0,0,0,0,,,0,27,1.13,106,79,74.5,8,9,7,5,20.8,3,3,0,0,0.0
ESP-La Liga,2324,Valencia,Alberto Marí,ESP,FW,22,2001,16,2,276,3.1,1,1,2,0,1,1,0,0,0.33,0.33,0.65,0.0,0.33,3.1,1,7,3,42.9,2.28,0.98,0.14,0.33,1,1,17,8.1,2,68,0,14,10,6,1.25,4,8,-4,-1.3,-1.28,0,9,6,2,2,0,2,,,0,,,,,,,,,,,,,,,
ESP-La Liga,2324,Valencia,André Almeida,POR,"FW,MF",23,2000,18,12,965,10.7,2,1,3,2,0,0,0,0,0.19,0.09,0.28,0.19,0.28,10.7,2,10,4,40.0,0.93,0.37,0.2,0.5,0,0,54,28.2,12,67,2,6,26,3,1.0,15,11,4,0.37,0.7,0,12,20,1,16,3,14,,,0,,,,,,,,,,,,,,,
ESP-La Liga,2324,Valencia,Cenk Özkacar,TUR,DF,22,2000,23,18,1598,17.8,0,0,0,0,0,0,3,0,0.0,0.0,0.0,0.0,0.0,17.8,0,6,3,50.0,0.34,0.17,0.0,0.0,0,0,69,46.7,18,85,15,5,14,13,1.09,11,21,-10,-0.56,-0.81,0,13,8,1,6,18,14,,,1,,,,,,,,,,,,,,,
ESP-La Liga,2324,Valencia,Cristhian Mosquera,ESP,DF,19,2004,36,33,3075,34.2,0,0,0,0,0,0,2,0,0.0,0.0,0.0,0.0,0.0,34.2,0,9,2,22.2,0.26,0.06,0.0,0.0,0,0,85,89.9,33,90,32,3,35,1,1.19,37,41,-4,-0.12,0.14,0,25,27,0,1,33,34,,,0,,,,,,,,,,,,,,,
ESP-La Liga,2324,Valencia,Cristian,ESP,GK,25,1998,1,0,57,0.6,0,0,0,0,0,0,0,0,0.0,0.0,0.0,0.0,0.0,0.6,0,0,0,,0.0,0.0,,,0,0,57,1.7,0,,0,1,57,37,0.0,0,1,-1,-1.58,-1.47,0,0,0,0,0,0,0,,,0,1,1.58,3,2,66.7,0,0,0,0,,0,0,0,0,
ESP-La Liga,2324,Valencia,César Tárrega,ESP,DF,21,2002,1,0,8,0.1,0,0,0,0,0,0,0,0,0.0,0.0,0.0,0.0,0.0,0.1,0,0,0,,0.0,0.0,,,0,0,8,0.2,0,,0,1,8,10,3.0,0,0,0,0.0,0.13,0,0,0,0,0,0,0,,,0,,,,,,,,,,,,,,,
ESP-La Liga,2324,Valencia,Diego López,ESP,"MF,FW",21,2002,36,30,2656,29.5,3,6,9,3,0,0,2,0,0.1,0.2,0.3,0.1,0.3,29.5,3,41,15,36.6,1.39,0.51,0.07,0.2,0,0,74,77.7,30,81,8,6,40,0,1.33,28,34,-6,-0.2,-0.32,0,26,31,8,66,21,26,,,0,,,,,,,,,,,,,,,
ESP-La Liga,2324,Valencia,Dimitri Foulquier,FRA,"DF,MF",30,1993,33,19,1842,20.5,0,0,0,0,0,0,3,0,0.0,0.0,0.0,0.0,0.0,20.5,0,7,1,14.3,0.34,0.05,0.0,0.0,0,0,56,53.9,19,83,14,14,19,0,1.36,20,22,-2,-0.1,0.07,0,24,28,2,43,14,21,,,0,,,,,,,,,,,,,,,
ESP-La Liga,2324,Valencia,Francisco Perez,ESP,MF,20,2002,32,27,2049,22.8,1,4,5,1,0,0,4,0,0.04,0.18,0.22,0.04,0.22,22.8,1,20,2,10.0,0.88,0.09,0.05,0.5,0,0,64,59.9,27,70,2,5,30,0,1.47,24,16,8,0.35,1.2,0,31,23,8,52,15,17,,,0,,,,,,,,,,,,,,,
ESP-La Liga,2324,Valencia,Gabriel Paulista,BRA,DF,32,1990,18,16,1398,15.5,0,0,0,0,0,0,6,1,0.0,0.0,0.0,0.0,0.0,15.5,0,7,0,0.0,0.45,0.0,0.0,,0,0,78,40.9,16,85,12,2,19,0,1.5,17,19,-2,-0.13,0.0,1,11,4,0,0,23,6,,,0,,,,,,,,,,,,,,,
ESP-La Liga,2324,Valencia,Giorgi Mamardashvili,GEO,GK,22,2000,37,37,3284,36.5,0,0,0,0,0,0,3,1,0.0,0.0,0.0,0.0,0.0,36.5,0,0,0,,0.0,0.0,,,0,0,89,96.0,37,89,36,0,,0,1.32,40,41,-1,-0.03,2.62,0,3,4,0,0,1,3,,,0,41,1.12,140,104,70.7,13,10,14,9,24.3,6,3,3,0,50.0
ESP-La Liga,2324,Valencia,Hugo Duro,ESP,FW,23,1999,37,35,2976,33.1,13,2,15,13,0,0,4,0,0.39,0.06,0.45,0.39,0.45,33.1,13,66,29,43.9,2.0,0.88,0.2,0.45,0,0,80,87.0,35,83,13,2,30,0,1.32,35,33,2,0.06,1.48,0,41,95,17,7,6,8,,,0,,,,,,,,,,,,,,,
ESP-La Liga,2324,Valencia,Hugo González,ESP,FW,20,2003,9,0,87,1.0,0,1,1,0,0,0,0,0,0.0,1.03,1.03,0.0,1.03,1.0,0,1,0,0.0,1.03,0.0,0.0,,0,0,10,2.5,0,,0,9,10,16,1.22,1,1,0,0.0,0.14,0,3,2,2,9,0,1,,,0,,,,,,,,,,,,,,,
ESP-La Liga,2324,Valencia,Hugo Guillamón,ESP,MF,23,2000,26,12,1315,14.6,1,0,1,1,0,0,7,0,0.07,0.0,0.07,0.07,0.07,14.6,1,3,2,66.7,0.21,0.14,0.33,0.5,0,0,51,38.5,12,86,8,14,20,11,1.5,15,19,-4,-0.27,-0.23,0,36,25,0,7,11,15,,,0,,,,,,,,,,,,,,,
ESP-La Liga,2324,Valencia,Jaume Doménech,ESP,GK,32,1990,2,1,79,0.9,0,0,0,0,0,0,0,0,0.0,0.0,0.0,0.0,0.0,0.9,0,0,0,,0.0,0.0,,,0,0,40,2.3,1,33,0,1,46,32,0.0,0,3,-3,-3.42,-3.36,0,0,1,0,0,0,0,,,0,3,3.42,12,9,75.0,0,0,1,0,0.0,0,0,0,0,
ESP-La Liga,2324,Valencia,Javier Guerra,ESP,MF,20,2003,36,28,2498,27.8,4,1,5,4,0,0,3,1,0.14,0.04,0.18,0.14,0.18,27.8,4,42,14,33.3,1.51,0.5,0.1,0.29,0,0,69,73.0,28,83,16,8,22,0,1.25,28,34,-6,-0.22,-0.31,0,40,30,2,24,18,29,,,0,,,,,,,,,,,,,,,
ESP-La Liga,2324,Valencia,Jesus Vazquez,ESP,DF,20,2003,20,6,716,8.0,1,0,1,1,0,0,1,0,0.13,0.0,0.13,0.13,0.13,8.0,1,7,2,28.6,0.88,0.25,0.14,0.5,0,0,36,20.9,6,81,3,14,17,7,1.5,11,10,1,0.13,0.33,0,8,7,1,18,3,10,,,0,,,,,,,,,,,,,,,
ESP-La Liga,2324,Valencia,José Luis García Vayá,ESP,MF,24,1998,37,37,3302,36.7,7,1,8,0,7,8,4,0,0.19,0.03,0.22,0.0,0.03,36.7,7,35,12,34.3,0.95,0.33,0.2,0.58,7,8,89,96.5,37,89,34,0,,0,1.32,39,43,-4,-0.11,0.65,0,51,40,1,145,45,55,,,0,,,,,,,,,,,,,,,
ESP-La Liga,2324,Valencia,José Luis Gayà,ESP,DF,28,1995,24,22,1791,19.9,1,2,3,1,0,0,2,0,0.05,0.1,0.15,0.05,0.15,19.9,1,10,1,10.0,0.5,0.05,0.1,1.0,0,0,75,52.4,22,80,14,2,21,1,1.46,24,23,1,0.05,0.38,0,24,12,1,82,11,39,,,0,,,,,,,,,,,,,,,
ESP-La Liga,2324,Valencia,Mario Dominguez,ESP,MF,19,2004,3,0,25,0.3,0,0,0,0,0,0,0,0,0.0,0.0,0.0,0.0,0.0,0.3,0,3,1,33.3,10.8,3.6,0.0,0.0,0,0,8,0.7,0,,0,3,8,4,0.33,0,1,-1,-3.6,-3.49,0,0,0,0,1,0,0,,,0,,,,,,,,,,,,,,,
ESP-La Liga,2324,Valencia,Mouctar Diakhaby,GUI,"DF,MF",26,1996,14,12,1073,11.9,1,0,1,1,0,0,6,0,0.08,0.0,0.08,0.08,0.08,11.9,1,7,3,42.9,0.59,0.25,0.14,0.33,0,0,77,31.4,12,84,9,2,31,2,1.14,11,15,-4,-0.34,-0.3,0,9,2,0,0,11,13,,,0,,,,,,,,,,,,,,,
ESP-La Liga,2324,Valencia,Pablo Gozalbez,ESP,MF,22,2001,5,1,103,1.1,0,0,0,0,0,0,0,0,0.0,0.0,0.0,0.0,0.0,1.1,0,1,0,0.0,0.87,0.0,0.0,,0,0,21,3.0,1,45,0,4,15,26,2.0,2,2,0,0.0,0.14,0,7,2,1,1,1,0,,,0,,,,,,,,,,,,,,,
ESP-La Liga,2324,Valencia,Peter González,DOM,MF,21,2002,15,5,649,7.2,0,0,0,0,0,0,1,0,0.0,0.0,0.0,0.0,0.0,7.2,0,17,6,35.3,2.36,0.83,0.0,0.0,0,0,43,19.0,5,75,0,10,28,1,0.93,5,11,-6,-0.83,-0.86,0,11,11,1,18,9,4,,,0,,,,,,,,,,,,,,,
ESP-La Liga,2324,Valencia,Roman Yaremchuk,UKR,FW,27,1995,25,11,928,10.3,3,0,3,3,0,0,2,0,0.29,0.0,0.29,0.29,0.29,10.3,3,18,9,50.0,1.75,0.87,0.17,0.33,0,0,37,27.1,11,60,0,14,20,4,1.16,12,12,0,0.0,0.18,0,7,13,15,3,1,2,,,0,,,,,,,,,,,,,,,
ESP-La Liga,2324,Valencia,Ruben Lendinez,ESP,DF,20,2003,1,0,11,0.1,0,0,0,0,0,0,0,0,0.0,0.0,0.0,0.0,0.0,0.1,0,0,0,,0.0,0.0,,,0,0,11,0.3,0,,0,1,11,17,1.0,0,0,0,0.0,0.13,0,0,0,0,0,0,1,,,0,,,,,,,,,,,,,,,
ESP-La Liga,2324,Valencia,Selim Amallah,MAR,"MF,FW",26,1996,20,7,604,6.7,0,1,1,0,0,0,5,1,0.0,0.15,0.15,0.0,0.15,6.7,0,11,5,45.5,1.64,0.75,0.0,0.0,0,0,30,17.7,7,62,1,13,13,7,1.45,4,6,-2,-0.3,-0.2,1,21,24,1,3,10,12,,,0,,,,,,,,,,,,,,,
ESP-La Liga,2324,Valencia,Sergi Canós,ESP,MF,26,1997,27,15,1229,13.7,1,2,3,1,0,0,1,0,0.07,0.15,0.22,0.07,0.22,13.7,1,43,17,39.5,3.15,1.24,0.02,0.06,0,0,46,35.9,15,61,1,12,26,1,1.15,21,20,1,0.07,0.32,0,17,16,2,36,11,13,,,0,,,,,,,,,,,,,,,
ESP-La Liga,2324,Valencia,Thierry Correia,POR,DF,24,1999,31,25,2154,23.9,0,2,2,0,0,0,4,1,0.0,0.08,0.08,0.0,0.08,23.9,0,5,2,40.0,0.21,0.08,0.0,0.0,0,0,69,63.0,25,80,12,6,26,1,1.32,27,30,-3,-0.13,0.02,0,41,41,2,47,31,36,,,0,,,,,,,,,,,,,,,
ESP-La Liga,2324,Valencia,Yarek Gasiorowski,ESP,DF,18,2005,14,7,735,8.2,0,0,0,0,0,0,1,0,0.0,0.0,0.0,0.0,0.0,8.2,0,1,0,0.0,0.12,0.0,0.0,,0,0,53,21.5,7,90,5,7,15,16,1.0,9,14,-5,-0.61,-0.61,0,11,2,0,6,14,13,,,1,,,,,,,,,,,,,,,
ESP-La Liga,2324,Villarreal,Adrià Altimira,ESP,"DF,MF",22,2001,11,10,775,8.6,0,0,0,0,0,0,3,0,0.0,0.0,0.0,0.0,0.0,8.6,0,1,0,0.0,0.12,0.0,0.0,,0,0,70,22.7,10,74,4,1,37,7,1.0,11,22,-11,-1.28,-1.65,0,12,4,0,5,5,7,,,0,,,,,,,,,,,,,,,
ESP-La Liga,2324,Villarreal,Alberto Moreno,ESP,DF,31,1992,27,17,1484,16.5,2,2,4,2,0,0,5,2,0.12,0.12,0.24,0.12,0.24,16.5,2,17,5,29.4,1.03,0.3,0.12,0.4,0,0,55,43.4,17,71,3,10,27,3,1.48,37,27,10,0.61,1.07,2,24,14,5,50,21,20,,,0,,,,,,,,,,,,,,,
ESP-La Liga,2324,Villarreal,Alexander Sørloth,NOR,FW,27,1995,34,30,2489,27.7,23,6,29,23,0,0,3,0,0.83,0.22,1.05,0.83,1.05,27.7,23,78,36,46.2,2.82,1.3,0.29,0.64,0,0,73,72.8,30,79,23,4,27,1,1.41,56,46,10,0.36,1.33,0,34,19,23,7,0,4,,,0,,,,,,,,,,,,,,,
ESP-La Liga,2324,Villarreal,Alfonso Pedraza,ESP,DF,27,1996,19,14,1116,12.4,1,3,4,1,0,0,4,1,0.08,0.24,0.32,0.08,0.32,12.4,1,9,4,44.4,0.73,0.32,0.11,0.25,0,0,59,32.6,14,68,6,5,33,0,1.0,17,27,-10,-0.81,-1.2,0,14,17,4,58,12,10,,,0,,,,,,,,,,,,,,,
ESP-La Liga,2324,Villarreal,Aïssa Mandi,ALG,DF,31,1991,16,12,1113,12.4,1,0,1,1,0,0,3,0,0.08,0.0,0.08,0.08,0.08,12.4,1,4,2,50.0,0.32,0.16,0.25,0.5,0,0,70,32.5,12,85,10,4,22,16,1.38,21,20,1,0.08,0.12,0,7,5,0,0,7,8,,,0,,,,,,,,,,,,,,,
ESP-La Liga,2324,Villarreal,Ben Brereton,CHI,"MF,FW",24,1999,14,2,270,3.0,0,0,0,0,0,0,2,0,0.0,0.0,0.0,0.0,0.0,3.0,0,5,1,20.0,1.67,0.33,0.0,0.0,0,0,19,7.9,2,67,0,12,11,5,0.86,3,3,0,0.0,0.0,0,5,4,2,4,0,2,,,0,,,,,,,,,,,,,,,
ESP-La Liga,2324,Villarreal,Bertrand Traoré,BFA,MF,27,1995,11,6,568,6.3,1,0,1,1,0,0,4,0,0.16,0.0,0.16,0.16,0.16,6.3,1,20,7,35.0,3.17,1.11,0.05,0.14,0,0,52,16.6,6,77,1,5,22,2,2.0,17,5,12,1.9,2.28,0,7,21,2,9,1,5,,,0,,,,,,,,,,,,,,,
ESP-La Liga,2324,Villarreal,Carlos Romero,ESP,DF,21,2001,7,2,262,2.9,0,0,0,0,0,0,1,0,0.0,0.0,0.0,0.0,0.0,2.9,0,2,1,50.0,0.69,0.34,0.0,0.0,0,0,37,7.7,2,53,0,5,31,7,1.86,3,8,-5,-1.72,-1.86,0,2,6,0,11,1,5,,,0,,,,,,,,,,,,,,,
ESP-La Liga,2324,Villarreal,Daniel Parejo,ESP,MF,34,1989,33,29,2580,28.7,3,5,8,0,3,3,4,0,0.1,0.17,0.28,0.0,0.17,28.7,3,12,6,50.0,0.42,0.21,0.25,0.5,3,3,78,75.4,29,85,19,4,28,1,1.42,47,54,-7,-0.24,-0.99,0,18,51,0,57,20,31,,,0,,,,,,,,,,,,,,,
ESP-La Liga,2324,Villarreal,Denis Suárez,ESP,MF,29,1994,4,1,133,1.5,0,0,0,0,0,0,0,0,0.0,0.0,0.0,0.0,0.0,1.5,0,1,0,0.0,0.68,0.0,0.0,,0,0,33,3.9,1,90,1,3,14,1,0.75,1,5,-4,-2.71,-2.82,0,4,2,1,4,1,0,,,0,,,,,,,,,,,,,,,
ESP-La Liga,2324,Villarreal,Eric Bailly,CIV,DF,29,1994,10,9,839,9.3,0,0,0,0,0,0,4,0,0.0,0.0,0.0,0.0,0.0,9.3,0,2,0,0.0,0.21,0.0,0.0,,0,0,84,24.5,9,85,8,1,74,3,2.0,24,18,6,0.64,0.85,0,6,5,0,0,8,3,,,1,,,,,,,,,,,,,,,
ESP-La Liga,2324,Villarreal,Filip Jørgensen,DEN,GK,21,2002,36,36,3240,36.0,0,0,0,0,0,0,4,0,0.0,0.0,0.0,0.0,0.0,36.0,0,0,0,,0.0,0.0,,,0,0,90,94.7,36,90,36,0,,2,1.36,59,63,-4,-0.11,-2.11,0,2,5,0,0,2,1,,,0,63,1.75,206,143,69.4,13,10,13,3,8.3,5,5,0,0,0.0
ESP-La Liga,2324,Villarreal,Francis Coquelin,FRA,MF,32,1991,17,10,910,10.1,0,0,0,0,0,0,4,0,0.0,0.0,0.0,0.0,0.0,10.1,0,3,0,0.0,0.3,0.0,0.0,,0,0,54,26.6,10,74,2,7,25,2,1.59,20,10,10,0.99,1.35,0,18,8,1,3,15,12,,,0,,,,,,,,,,,,,,,
ESP-La Liga,2324,Villarreal,Gerard Moreno,ESP,FW,31,1992,30,28,2215,24.6,10,6,16,8,2,3,0,0,0.41,0.24,0.65,0.33,0.57,24.6,10,63,21,33.3,2.56,0.85,0.16,0.48,2,3,74,64.8,28,78,9,2,20,2,1.3,39,45,-6,-0.24,-0.69,0,22,38,17,28,9,11,,,0,,,,,,,,,,,,,,,
ESP-La Liga,2324,Villarreal,Gonçalo Guedes,POR,"FW,MF",26,1996,17,9,951,10.6,3,2,5,3,0,0,0,0,0.28,0.19,0.47,0.28,0.47,10.6,3,25,8,32.0,2.37,0.76,0.12,0.38,0,0,56,27.8,9,79,3,8,30,1,1.82,24,16,8,0.76,1.05,0,5,16,3,28,2,5,,,0,,,,,,,,,,,,,,,
ESP-La Liga,2324,Villarreal,Ilias Akhomach,MAR,MF,19,2004,31,17,1511,16.8,2,2,4,2,0,0,4,0,0.12,0.12,0.24,0.12,0.24,16.8,2,30,7,23.3,1.79,0.42,0.07,0.29,0,0,49,44.2,17,70,2,14,23,6,1.45,26,33,-7,-0.42,-0.75,0,42,34,4,29,13,21,,,0,,,,,,,,,,,,,,,
ESP-La Liga,2324,Villarreal,Jorge Cuenca,ESP,DF,23,1999,29,21,1963,21.8,3,1,4,3,0,0,7,0,0.14,0.05,0.18,0.14,0.18,21.8,3,20,7,35.0,0.92,0.32,0.15,0.43,0,0,68,57.4,21,84,16,8,26,6,1.41,31,42,-11,-0.5,-1.18,0,25,12,0,13,20,27,,,0,,,,,,,,,,,,,,,
ESP-La Liga,2324,Villarreal,José Luis Morales,ESP,"FW,MF",36,1987,29,8,1048,11.6,7,0,7,7,0,0,0,0,0.6,0.0,0.6,0.6,0.6,11.6,7,26,12,46.2,2.23,1.03,0.27,0.58,0,0,36,30.6,8,71,0,21,23,9,1.38,15,25,-10,-0.86,-1.24,0,3,4,13,10,6,3,,,0,,,,,,,,,,,,,,,
ESP-La Liga,2324,Villarreal,Juan Foyth,ARG,DF,25,1998,12,12,1062,11.8,1,1,2,1,0,0,1,0,0.08,0.08,0.17,0.08,0.17,11.8,1,6,2,33.3,0.51,0.17,0.17,0.5,0,0,89,31.1,12,89,11,0,,0,1.0,15,20,-5,-0.42,-0.61,0,18,7,0,18,12,16,,,0,,,,,,,,,,,,,,,
ESP-La Liga,2324,Villarreal,Kiko Femenía,ESP,DF,32,1991,23,16,1583,17.6,0,0,0,0,0,0,8,1,0.0,0.0,0.0,0.0,0.0,17.6,0,1,0,0.0,0.06,0.0,0.0,,0,0,69,46.3,16,88,12,7,25,13,1.52,31,19,12,0.68,1.27,1,24,3,0,28,31,26,,,0,,,,,,,,,,,,,,,
ESP-La Liga,2324,Villarreal,Manu Trigueros,ESP,MF,31,1991,14,2,309,3.4,0,0,0,0,0,0,0,0,0.0,0.0,0.0,0.0,0.0,3.4,0,6,3,50.0,1.75,0.87,0.0,0.0,0,0,22,9.0,2,82,1,12,12,24,1.36,3,5,-2,-0.58,-0.64,0,5,3,1,5,3,5,,,0,,,,,,,,,,,,,,,
ESP-La Liga,2324,Villarreal,Matteo Gabbia,ITA,DF,23,1999,7,6,477,5.3,0,0,0,0,0,0,2,0,0.0,0.0,0.0,0.0,0.0,5.3,0,0,0,,0.0,0.0,,,0,0,68,13.9,6,77,3,1,13,8,1.43,8,10,-2,-0.38,-0.44,0,9,3,0,0,7,6,,,0,,,,,,,,,,,,,,,
ESP-La Liga,2324,Villarreal,Pascu,ESP,FW,20,2003,1,0,14,0.2,0,0,0,0,0,0,0,0,0.0,0.0,0.0,0.0,0.0,0.2,0,0,0,,0.0,0.0,,,0,0,14,0.4,0,,0,1,14,2,0.0,2,0,2,12.86,12.91,0,0,0,0,0,0,0,,,0,,,,,,,,,,,,,,,
ESP-La Liga,2324,Villarreal,Pepe Reina,ESP,GK,40,1982,2,2,180,2.0,0,0,0,0,0,0,2,1,0.0,0.0,0.0,0.0,0.0,2.0,0,0,0,,0.0,0.0,,,0,0,90,5.3,2,90,2,0,,29,1.8,11,5,6,3.0,3.17,0,0,0,0,0,0,0,,,0,2,1.0,9,7,77.8,1,1,0,0,0.0,0,0,0,0,
ESP-La Liga,2324,Villarreal,Ramón Terrats,ESP,MF,22,2000,19,6,785,8.7,0,2,2,0,0,0,4,0,0.0,0.23,0.23,0.0,0.23,8.7,0,8,1,12.5,0.92,0.11,0.0,0.0,0,0,41,23.0,6,78,1,13,24,7,1.16,13,18,-5,-0.57,-0.74,0,15,17,1,27,2,13,,,0,,,,,,,,,,,,,,,
ESP-La Liga,2324,Villarreal,Raúl Albiol,ESP,DF,37,1985,26,24,2031,22.6,0,1,1,0,0,0,6,0,0.0,0.04,0.04,0.0,0.04,22.6,0,6,1,16.7,0.27,0.04,0.0,0.0,0,0,78,59.4,24,82,18,2,35,4,1.15,34,36,-2,-0.09,-0.22,0,21,8,1,0,17,15,,,0,,,,,,,,,,,,,,,
ESP-La Liga,2324,Villarreal,Santi Comesaña,ESP,MF,26,1996,27,20,1653,18.4,2,0,2,2,0,0,8,2,0.11,0.0,0.11,0.11,0.11,18.4,2,17,7,41.2,0.93,0.38,0.12,0.29,0,0,61,48.3,20,76,9,7,20,6,1.59,33,25,8,0.44,0.84,1,33,22,1,5,22,23,,,0,,,,,,,,,,,,,,,
ESP-La Liga,2324,Villarreal,Stefan Lekovic,SRB,DF,19,2004,1,0,29,0.3,0,0,0,0,0,0,0,0,0.0,0.0,0.0,0.0,0.0,0.3,0,0,0,,0.0,0.0,,,0,0,29,0.8,0,,0,1,29,3,3.0,1,1,0,0.0,0.0,0,0,0,0,0,0,0,,,0,,,,,,,,,,,,,,,
ESP-La Liga,2324,Villarreal,Yerson Mosquera,COL,DF,22,2001,16,14,1229,13.7,2,1,3,2,0,0,4,0,0.15,0.07,0.22,0.15,0.22,13.7,2,10,4,40.0,0.73,0.29,0.2,0.5,0,0,77,35.9,14,87,13,2,7,1,2.0,31,17,14,1.03,1.6,0,14,27,0,7,18,14,,,0,,,,,,,,,,,,,,,
ESP-La Liga,2324,Villarreal,Yéremy Pino,ESP,"MF,FW",20,2002,7,7,475,5.3,0,0,0,0,0,0,4,0,0.0,0.0,0.0,0.0,0.0,5.3,0,9,4,44.4,1.71,0.76,0.0,0.0,0,0,68,13.9,7,68,1,0,,1,0.71,6,8,-2,-0.38,-0.44,0,22,9,3,7,5,18,,,0,,,,,,,,,,,,,,,
ESP-La Liga,2324,Villarreal,Álex Baena,ESP,"MF,FW",22,2001,34,33,2579,28.7,2,14,16,2,0,1,11,1,0.07,0.49,0.56,0.07,0.56,28.7,2,73,26,35.6,2.55,0.91,0.03,0.08,0,1,76,75.4,33,77,12,1,26,0,1.5,50,46,4,0.14,0.57,0,52,57,8,173,14,20,,,0,,,,,,,,,,,,,,,
ESP-La Liga,2324,Villarreal,Étienne Capoue,FRA,MF,35,1988,32,15,1455,16.2,1,1,2,1,0,0,8,0,0.06,0.06,0.12,0.06,0.12,16.2,1,14,5,35.7,0.87,0.31,0.07,0.2,0,0,45,42.5,15,80,9,17,15,5,1.31,29,33,-4,-0.25,-0.43,0,25,41,2,7,23,21,,,0,,,,,,,,,,,,,,,
FRA-Ligue 1,2324,Brest,Achraf Dari,MAR,DF,24,1999,4,1,121,1.3,0,0,0,0,0,0,0,0,0.0,0.0,0.0,0.0,0.0,1.3,0,1,1,100.0,0.74,0.74,0.0,0.0,0,0,30,4.0,1,90,1,3,10,11,1.0,0,2,-2,-1.49,-2.13,0,2,1,0,0,5,1,,,0,,,,,,,,,,,,,,,
FRA-Ligue 1,2324,Brest,Adrien Lebeau,FRA,MF,24,1999,7,0,54,0.6,0,1,1,0,0,0,0,0,0.0,1.67,1.67,0.0,1.67,0.6,0,1,0,0.0,1.67,0.0,0.0,,0,0,8,1.8,0,,0,7,8,20,2.43,1,0,1,1.67,1.13,0,1,2,0,3,0,0,,,0,,,,,,,,,,,,,,,
FRA-Ligue 1,2324,Brest,Axel Camblan,FRA,FW,19,2003,7,0,90,1.0,0,0,0,0,0,0,2,0,0.0,0.0,0.0,0.0,0.0,1.0,0,2,0,0.0,2.0,0.0,0.0,,0,0,13,2.9,0,,0,7,13,15,1.57,0,1,-1,-1.0,-1.61,0,3,1,0,1,0,1,,,0,,,,,,,,,,,,,,,
FRA-Ligue 1,2324,Brest,Bilal Brahimi,ALG,FW,23,2000,18,1,221,2.5,0,0,0,0,0,0,1,1,0.0,0.0,0.0,0.0,0.0,2.5,0,4,2,50.0,1.63,0.81,0.0,0.0,0,0,12,7.2,1,59,0,17,10,8,1.56,2,0,2,0.81,0.28,0,3,4,2,33,0,0,,,0,,,,,,,,,,,,,,,
FRA-Ligue 1,2324,Brest,Bradley Locko,FRA,DF,21,2002,33,33,2959,32.9,0,3,3,0,0,0,5,0,0.0,0.09,0.09,0.0,0.09,32.9,0,12,2,16.7,0.36,0.06,0.0,0.0,0,0,90,96.7,33,90,31,0,,0,1.76,50,34,16,0.49,-2.19,0,26,41,1,94,36,56,,,0,,,,,,,,,,,,,,,
FRA-Ligue 1,2324,Brest,Brendan Chardonnet,FRA,DF,28,1994,33,33,2970,33.0,1,1,2,1,0,0,4,0,0.03,0.03,0.06,0.03,0.06,33.0,1,19,3,15.8,0.58,0.09,0.05,0.33,0,0,90,97.1,33,90,33,0,,1,1.82,52,33,19,0.58,0.58,0,35,22,0,12,50,39,,,0,,,,,,,,,,,,,,,
FRA-Ligue 1,2324,Brest,Grégoire Coudert,FRA,GK,24,1999,3,2,181,2.0,0,0,0,0,0,0,0,0,0.0,0.0,0.0,0.0,0.0,2.0,0,0,0,,0.0,0.0,,,0,0,60,5.9,2,90,2,1,1,31,2.33,4,0,4,1.99,1.52,0,0,0,0,0,0,0,,,0,0,0.0,4,4,100.0,2,0,0,2,100.0,0,0,0,0,
FRA-Ligue 1,2324,Brest,Hianga'a Mbock,FRA,MF,23,1999,2,0,9,0.1,0,0,0,0,0,0,0,0,0.0,0.0,0.0,0.0,0.0,0.1,0,1,0,0.0,10.0,0.0,0.0,,0,0,5,0.3,0,,0,2,5,1,1.5,0,0,0,0.0,-0.56,0,0,0,0,0,1,0,,,0,,,,,,,,,,,,,,,
FRA-Ligue 1,2324,Brest,Hugo Magnetti,FRA,MF,25,1998,33,30,2340,26.0,2,0,2,2,0,0,6,0,0.08,0.0,0.08,0.08,0.08,26.0,2,36,11,30.6,1.38,0.42,0.06,0.18,0,0,71,76.5,30,76,8,3,23,0,1.76,33,29,4,0.15,-1.72,0,21,18,2,20,18,28,,,0,,,,,,,,,,,,,,,
FRA-Ligue 1,2324,Brest,Jonas Martin,FRA,MF,33,1990,31,9,1208,13.4,0,1,1,0,0,0,5,0,0.0,0.07,0.07,0.0,0.07,13.4,0,10,3,30.0,0.75,0.22,0.0,0.0,0,0,39,39.5,9,80,3,22,22,0,1.87,23,10,13,0.97,0.68,0,27,11,1,8,9,25,,,0,,,,,,,,,,,,,,,
FRA-Ligue 1,2324,Brest,Jordan Amavi,FRA,DF,29,1994,2,1,91,1.0,1,0,1,1,0,0,1,0,0.99,0.0,0.99,0.99,0.99,1.0,1,1,1,100.0,0.99,0.99,1.0,1.0,0,0,46,3.0,1,90,1,1,1,12,2.0,3,0,3,2.97,2.48,0,2,0,0,1,3,1,,,0,,,,,,,,,,,,,,,
FRA-Ligue 1,2324,Brest,Julien Le Cardinal,FRA,DF,25,1997,12,5,473,5.3,0,0,0,0,0,0,3,0,0.0,0.0,0.0,0.0,0.0,5.3,0,4,2,50.0,0.76,0.38,0.0,0.0,0,0,39,15.5,5,88,4,7,5,13,1.83,9,8,1,0.19,-0.44,0,7,5,0,4,12,11,,,0,,,,,,,,,,,,,,,
FRA-Ligue 1,2324,Brest,Jérémy Le Douaron,FRA,"FW,MF",25,1998,33,19,1618,18.0,4,0,4,4,0,0,3,0,0.22,0.0,0.22,0.22,0.22,18.0,4,50,21,42.0,2.78,1.17,0.08,0.19,0,0,49,52.9,19,72,2,14,18,0,1.82,24,19,5,0.28,-0.6,0,28,31,3,39,2,9,,,0,,,,,,,,,,,,,,,
FRA-Ligue 1,2324,Brest,Kamory Doumbia,MLI,MF,20,2003,25,7,879,9.8,6,5,11,6,0,0,1,0,0.61,0.51,1.13,0.61,1.13,9.8,6,25,11,44.0,2.56,1.13,0.24,0.55,0,0,35,28.7,7,69,1,18,22,0,1.8,22,7,15,1.54,1.37,0,16,10,1,8,10,18,,,0,,,,,,,,,,,,,,,
FRA-Ligue 1,2324,Brest,Karamoko Dembélé,ENG,"FW,MF",20,2003,1,0,16,0.2,0,0,0,0,0,0,0,0,0.0,0.0,0.0,0.0,0.0,0.2,0,0,0,,0.0,0.0,,,0,0,16,0.5,0,,0,1,16,2,0.0,0,0,0,0.0,-0.56,0,0,1,0,1,0,0,,,0,,,,,,,,,,,,,,,
FRA-Ligue 1,2324,Brest,Kenny Lala,MAD,DF,31,1991,33,33,2970,33.0,2,3,5,2,0,0,7,0,0.06,0.09,0.15,0.06,0.15,33.0,2,14,7,50.0,0.42,0.21,0.14,0.29,0,0,90,97.1,33,90,33,0,,0,1.85,50,30,20,0.61,1.61,0,24,24,0,143,27,50,,,0,,,,,,,,,,,,,,,
FRA-Ligue 1,2324,Brest,Lilian Brassier,FRA,DF,23,1999,30,30,2677,29.7,3,0,3,3,0,0,11,1,0.1,0.0,0.1,0.1,0.1,29.7,3,12,4,33.3,0.4,0.13,0.25,0.75,0,0,89,87.5,30,89,28,0,,0,1.9,49,29,20,0.67,0.91,1,33,25,1,5,42,18,,,0,,,,,,,,,,,,,,,
FRA-Ligue 1,2324,Brest,Luck Zogbé,CIV,DF,18,2005,1,0,11,0.1,0,0,0,0,0,0,0,0,0.0,0.0,0.0,0.0,0.0,0.1,0,0,0,,0.0,0.0,,,0,0,11,0.4,0,,0,1,11,13,0.0,0,1,-1,-8.18,-8.77,0,0,0,0,0,1,0,,,0,,,,,,,,,,,,,,,
FRA-Ligue 1,2324,Brest,Mahdi Camara,FRA,MF,25,1998,32,26,2020,22.4,7,3,10,6,1,1,7,0,0.31,0.13,0.45,0.27,0.4,22.4,7,42,15,35.7,1.87,0.67,0.17,0.47,1,1,63,66.0,26,72,1,6,24,0,1.81,30,24,6,0.27,-0.86,0,36,39,3,46,26,40,,,0,,,,,,,,,,,,,,,
FRA-Ligue 1,2324,Brest,Marco Bizot,NED,GK,32,1991,32,32,2876,32.0,0,0,0,0,0,0,3,1,0.0,0.0,0.0,0.0,0.0,32.0,0,0,0,,0.0,0.0,,,0,0,90,94.0,32,90,31,0,,0,1.72,49,34,15,0.47,-1.49,0,1,0,0,0,0,0,,,0,34,1.06,129,95,73.6,15,10,7,11,34.4,3,2,1,0,33.3
FRA-Ligue 1,2324,Brest,Martin Satriano,URU,"FW,MF",22,2001,33,21,1864,20.7,4,4,8,4,0,0,4,0,0.19,0.19,0.39,0.19,0.39,20.7,4,63,20,31.7,3.04,0.97,0.06,0.2,0,0,56,60.9,21,77,4,12,20,0,1.82,36,19,17,0.82,0.67,0,19,25,2,10,7,14,,,0,,,,,,,,,,,,,,,
FRA-Ligue 1,2324,Brest,Mathias Pereira Lage,POR,"MF,FW",26,1996,30,12,1187,13.2,3,2,5,3,0,0,3,0,0.23,0.15,0.38,0.23,0.38,13.2,3,36,16,44.4,2.73,1.21,0.08,0.19,0,0,40,38.8,12,73,0,18,18,1,1.77,18,9,9,0.68,0.2,0,19,21,6,67,10,15,,,0,,,,,,,,,,,,,,,
FRA-Ligue 1,2324,Brest,Pierre Lees-Melou,FRA,MF,30,1993,29,29,2517,28.0,4,0,4,4,0,0,12,1,0.14,0.0,0.14,0.14,0.14,28.0,4,52,13,25.0,1.86,0.46,0.08,0.31,0,0,87,82.3,29,87,25,0,,0,1.83,47,29,18,0.64,0.48,1,47,57,1,34,40,66,,,0,,,,,,,,,,,,,,,
FRA-Ligue 1,2324,Brest,Romain Del Castillo,FRA,"MF,FW",27,1996,33,30,2497,27.7,8,8,16,5,3,3,4,0,0.29,0.29,0.58,0.18,0.47,27.7,8,39,17,43.6,1.41,0.61,0.21,0.47,3,3,76,81.6,30,81,3,3,22,0,1.82,45,31,14,0.5,-0.29,0,21,59,3,250,9,29,,,0,,,,,,,,,,,,,,,
FRA-Ligue 1,2324,Brest,Steve Mounié,BEN,FW,28,1994,32,20,1769,19.7,6,2,8,6,0,0,2,1,0.31,0.1,0.41,0.31,0.41,19.7,6,59,24,40.7,3.0,1.22,0.1,0.25,0,0,55,57.8,20,76,5,12,21,0,1.72,33,24,9,0.46,-0.24,0,43,25,8,11,2,7,,,0,,,,,,,,,,,,,,,
FRA-Ligue 1,2324,Clermont Foot,Abdellah Baallal,MAR,MF,18,2004,1,0,4,0.0,0,0,0,0,0,0,0,0,0.0,0.0,0.0,0.0,0.0,0.0,0,0,0,,0.0,0.0,,,0,0,4,0.1,0,,0,1,4,3,1.0,0,0,0,0.0,1.0,0,0,0,0,0,0,0,,,0,,,,,,,,,,,,,,,
FRA-Ligue 1,2324,Clermont Foot,Alan Virginius,FRA,"MF,FW",20,2003,14,12,934,10.4,0,2,2,0,0,0,0,0,0.0,0.19,0.19,0.0,0.19,10.4,0,10,6,60.0,0.96,0.58,0.0,0.0,0,0,67,30.5,12,73,0,2,30,0,0.93,10,19,-9,-0.87,0.19,0,4,6,4,22,3,5,,,0,,,,,,,,,,,,,,,
FRA-Ligue 1,2324,Clermont Foot,Alidu Seidu,GHA,DF,23,2000,14,13,1131,12.6,0,1,1,0,0,0,5,1,0.0,0.08,0.08,0.0,0.08,12.6,0,6,1,16.7,0.48,0.08,0.0,0.0,0,0,81,37.0,13,86,12,1,7,0,0.64,8,19,-11,-0.88,0.2,0,20,29,0,4,25,26,,,0,,,,,,,,,,,,,,,
FRA-Ligue 1,2324,Clermont Foot,Andy Pelmard,MAD,DF,23,2000,34,33,2989,33.2,0,0,0,0,0,0,1,0,0.0,0.0,0.0,0.0,0.0,33.2,0,2,1,50.0,0.06,0.03,0.0,0.0,0,0,88,97.7,33,90,33,1,19,0,0.74,26,57,-31,-0.93,2.87,0,13,18,0,6,34,41,,,0,,,,,,,,,,,,,,,
FRA-Ligue 1,2324,Clermont Foot,Aïman Maurer,MAR,MF,18,2004,5,0,56,0.6,0,0,0,0,0,0,0,0,0.0,0.0,0.0,0.0,0.0,0.6,0,3,1,33.3,4.82,1.61,0.0,0.0,0,0,11,1.8,0,,0,5,11,5,0.8,0,3,-3,-4.82,-3.89,0,0,0,0,4,0,1,,,0,,,,,,,,,,,,,,,
FRA-Ligue 1,2324,Clermont Foot,Bilal Boutobba,FRA,"MF,FW",24,1998,27,10,926,10.3,1,1,2,1,0,0,1,0,0.1,0.1,0.19,0.1,0.19,10.3,1,25,9,36.0,2.43,0.87,0.04,0.11,0,0,34,30.3,10,75,1,17,10,6,0.74,6,20,-14,-1.36,-0.52,0,7,26,2,57,8,13,,,0,,,,,,,,,,,,,,,
FRA-Ligue 1,2324,Clermont Foot,Cheick Konaté,MLI,"MF,DF",19,2004,19,12,1068,11.9,1,1,2,1,0,0,4,0,0.08,0.08,0.17,0.08,0.17,11.9,1,14,4,28.6,1.18,0.34,0.07,0.25,0,0,56,34.9,12,81,5,7,14,2,0.68,8,18,-10,-0.84,0.24,0,17,14,0,45,13,16,,,0,,,,,,,,,,,,,,,
FRA-Ligue 1,2324,Clermont Foot,Chrislain Matsima,FRA,DF,21,2002,14,13,1180,13.1,1,0,1,1,0,0,2,0,0.08,0.0,0.08,0.08,0.08,13.1,1,5,2,40.0,0.38,0.15,0.2,0.5,0,0,84,38.6,13,90,13,1,10,0,0.71,8,27,-19,-1.45,-0.73,0,12,10,1,0,14,11,,,0,,,,,,,,,,,,,,,
FRA-Ligue 1,2324,Clermont Foot,Elba Rashani,KVX,"MF,FW",30,1993,24,14,1175,13.1,2,0,2,2,0,0,4,2,0.15,0.0,0.15,0.15,0.15,13.1,2,16,5,31.3,1.23,0.38,0.13,0.4,0,0,49,38.4,14,70,3,10,20,0,0.83,9,22,-13,-1.0,0.01,0,27,29,3,28,12,18,,,0,,,,,,,,,,,,,,,
FRA-Ligue 1,2324,Clermont Foot,Florent Ogier,FRA,DF,34,1989,14,9,943,10.5,1,1,2,1,0,0,1,0,0.1,0.1,0.19,0.1,0.19,10.5,1,7,2,28.6,0.67,0.19,0.14,0.5,0,0,67,30.8,9,89,8,5,29,17,0.79,9,17,-8,-0.76,0.34,0,11,6,0,0,8,10,,,0,,,,,,,,,,,,,,,
FRA-Ligue 1,2324,Clermont Foot,Grejohn Kyei,FRA,FW,27,1995,26,10,1026,11.4,2,1,3,1,1,1,1,0,0.18,0.09,0.26,0.09,0.18,11.4,2,31,8,25.8,2.72,0.7,0.06,0.25,1,1,39,33.5,10,75,1,16,17,5,0.58,9,19,-10,-0.88,0.18,0,28,11,8,2,1,4,,,0,,,,,,,,,,,,,,,
FRA-Ligue 1,2324,Clermont Foot,Habib Keita,MLI,MF,21,2002,27,12,1278,14.2,1,0,1,1,0,0,4,0,0.07,0.0,0.07,0.07,0.07,14.2,1,20,5,25.0,1.41,0.35,0.05,0.2,0,0,47,41.8,12,82,4,15,20,7,0.85,12,18,-6,-0.42,0.99,0,23,36,0,4,28,19,,,0,,,,,,,,,,,,,,,
FRA-Ligue 1,2324,Clermont Foot,Ilhan Fakili,FRA,MF,17,2006,3,1,94,1.0,0,0,0,0,0,0,0,0,0.0,0.0,0.0,0.0,0.0,1.0,0,4,2,50.0,3.83,1.91,0.0,0.0,0,0,31,3.1,1,58,0,2,18,0,0.0,0,4,-4,-3.83,-2.92,0,1,1,0,1,1,0,,,0,,,,,,,,,,,,,,,
FRA-Ligue 1,2324,Clermont Foot,Jim Allevinah,GAB,MF,28,1995,29,22,1861,20.7,2,1,3,2,0,0,1,0,0.1,0.05,0.15,0.1,0.15,20.7,2,37,11,29.7,1.79,0.53,0.05,0.18,0,0,64,60.8,22,76,5,7,27,1,0.72,17,32,-15,-0.73,0.7,0,15,27,1,47,12,19,,,0,,,,,,,,,,,,,,,
FRA-Ligue 1,2324,Clermont Foot,Johan Gastien,FRA,MF,35,1988,28,28,2260,25.1,0,0,0,0,0,0,7,0,0.0,0.0,0.0,0.0,0.0,25.1,0,11,5,45.5,0.44,0.2,0.0,0.0,0,0,81,73.9,28,81,14,0,,0,0.75,22,41,-19,-0.76,0.93,0,32,29,1,40,37,22,,,0,,,,,,,,,,,,,,,
FRA-Ligue 1,2324,Clermont Foot,Joshua M'Bahia,CIV,DF,18,2005,1,0,14,0.2,0,0,0,0,0,0,1,0,0.0,0.0,0.0,0.0,0.0,0.2,0,0,0,,0.0,0.0,,,0,0,14,0.5,0,,0,1,14,2,0.0,0,1,-1,-6.43,-5.45,0,1,0,0,0,0,0,,,0,,,,,,,,,,,,,,,
FRA-Ligue 1,2324,Clermont Foot,Jérémie Bela,ANG,MF,30,1993,12,1,203,2.3,0,0,0,0,0,0,0,0,0.0,0.0,0.0,0.0,0.0,2.3,0,6,2,33.3,2.66,0.89,0.0,0.0,0,0,17,6.6,1,61,0,11,13,9,0.25,1,8,-7,-3.1,-2.25,0,0,4,0,14,0,1,,,0,,,,,,,,,,,,,,,
FRA-Ligue 1,2324,Clermont Foot,Jérémy Jacquet,FRA,DF,18,2005,6,2,253,2.8,0,1,1,0,0,0,0,0,0.0,0.36,0.36,0.0,0.36,2.8,0,1,0,0.0,0.36,0.0,0.0,,0,0,42,8.3,2,90,2,4,18,7,1.17,1,8,-7,-2.49,-1.62,0,1,3,1,1,4,2,,,0,,,,,,,,,,,,,,,
FRA-Ligue 1,2324,Clermont Foot,Komnen Andrić,SRB,FW,28,1995,7,1,169,1.9,0,0,0,0,0,0,0,0,0.0,0.0,0.0,0.0,0.0,1.9,0,3,0,0.0,1.6,0.0,0.0,,0,0,24,5.5,1,67,0,6,17,6,0.29,1,5,-4,-2.13,-1.2,0,2,2,1,0,0,1,,,0,,,,,,,,,,,,,,,
FRA-Ligue 1,2324,Clermont Foot,Massamba Ndiaye,SEN,GK,21,2001,4,4,360,4.0,0,0,0,0,0,0,0,0,0.0,0.0,0.0,0.0,0.0,4.0,0,0,0,,0.0,0.0,,,0,0,90,11.8,4,90,4,0,,30,1.25,4,6,-2,-0.5,0.57,0,0,1,0,0,0,0,,,0,6,1.5,23,17,73.9,1,2,1,0,0.0,1,1,0,0,0.0
FRA-Ligue 1,2324,Clermont Foot,Mateusz Wieteska,POL,DF,26,1997,2,2,174,1.9,1,0,1,1,0,0,0,0,0.52,0.0,0.52,0.52,0.52,1.9,1,3,2,66.7,1.55,1.03,0.33,0.5,0,0,87,5.7,2,87,1,0,,0,0.0,2,6,-4,-2.07,-1.13,0,0,2,1,0,5,1,,,0,,,,,,,,,,,,,,,
FRA-Ligue 1,2324,Clermont Foot,Maxime Gonalons,FRA,MF,34,1989,21,17,1296,14.4,1,0,1,1,0,0,4,0,0.07,0.0,0.07,0.07,0.07,14.4,1,13,3,23.1,0.9,0.21,0.08,0.33,0,0,62,42.4,17,72,2,4,19,1,0.71,10,26,-16,-1.11,-0.19,0,29,15,0,2,19,33,,,0,,,,,,,,,,,,,,,
FRA-Ligue 1,2324,Clermont Foot,Maximiliano Caufriez,BEL,DF,26,1997,20,20,1659,18.4,0,1,1,0,0,0,6,3,0.0,0.05,0.05,0.0,0.05,18.4,0,6,1,16.7,0.33,0.05,0.0,0.0,0,0,83,54.2,20,83,13,0,,2,0.7,16,31,-15,-0.81,0.41,1,37,18,0,4,18,29,,,0,,,,,,,,,,,,,,,
FRA-Ligue 1,2324,Clermont Foot,Mehdi Zeffane,ALG,"MF,DF",31,1992,23,15,1231,13.7,0,0,0,0,0,0,2,0,0.0,0.0,0.0,0.0,0.0,13.7,0,19,1,5.3,1.39,0.07,0.0,0.0,0,0,54,40.2,15,74,3,8,15,10,0.74,11,28,-17,-1.24,-0.41,0,13,7,2,45,16,19,,,0,,,,,,,,,,,,,,,
FRA-Ligue 1,2324,Clermont Foot,Mohamed Bouchenna,FRA,FW,17,2006,2,0,29,0.3,0,0,0,0,0,0,1,0,0.0,0.0,0.0,0.0,0.0,0.3,0,1,0,0.0,3.1,0.0,0.0,,0,0,15,0.9,0,,0,2,15,1,0.0,0,2,-2,-6.21,-5.26,0,1,0,0,0,0,0,,,0,,,,,,,,,,,,,,,
FRA-Ligue 1,2324,Clermont Foot,Mory Diaw,SEN,GK,30,1993,30,30,2700,30.0,0,0,0,0,0,0,3,0,0.0,0.0,0.0,0.0,0.0,30.0,0,0,0,,0.0,0.0,,,0,0,90,88.2,30,90,30,0,,0,0.67,22,54,-32,-1.07,-0.57,0,0,3,0,0,1,1,,,0,54,1.8,188,134,71.3,4,8,18,5,16.7,8,6,1,1,14.3
FRA-Ligue 1,2324,Clermont Foot,Muhammed Cham,AUT,"MF,FW",22,2000,33,29,2554,28.4,8,4,12,4,4,5,4,0,0.28,0.14,0.42,0.14,0.28,28.4,8,74,30,40.5,2.61,1.06,0.11,0.27,4,5,77,83.5,29,85,14,4,24,0,0.76,22,43,-21,-0.74,1.57,0,23,57,3,119,7,13,,,0,,,,,,,,,,,,,,,
FRA-Ligue 1,2324,Clermont Foot,Neto Borges,BRA,"MF,DF",26,1996,28,28,2516,28.0,0,1,1,0,0,0,3,1,0.0,0.04,0.04,0.0,0.04,28.0,0,16,2,12.5,0.57,0.07,0.0,0.0,0,0,90,82.2,28,90,27,0,,0,0.75,23,51,-28,-1.0,-0.01,0,21,23,8,80,52,25,,,0,,,,,,,,,,,,,,,
FRA-Ligue 1,2324,Clermont Foot,Shamar Nicholson,JAM,FW,26,1997,26,17,1484,16.5,4,3,7,3,1,2,2,0,0.24,0.18,0.42,0.18,0.36,16.5,4,40,20,50.0,2.43,1.21,0.1,0.2,1,2,57,48.5,17,78,5,9,17,2,0.81,12,28,-16,-0.97,0.06,0,20,26,14,6,1,2,,,0,,,,,,,,,,,,,,,
FRA-Ligue 1,2324,Clermont Foot,Yohann Magnin,FRA,MF,26,1997,31,17,1687,18.7,1,0,1,1,0,0,2,0,0.05,0.0,0.05,0.05,0.05,18.7,1,14,6,42.9,0.75,0.32,0.07,0.17,0,0,54,55.1,17,85,11,14,17,2,0.71,15,36,-21,-1.12,-0.27,0,37,23,1,14,19,31,,,0,,,,,,,,,,,,,,,
FRA-Ligue 1,2324,Clermont Foot,Yoël Armougom,FRA,"MF,DF",25,1998,5,2,234,2.6,0,0,0,0,0,0,1,0,0.0,0.0,0.0,0.0,0.0,2.6,0,2,0,0.0,0.77,0.0,0.0,,0,0,47,7.6,2,90,2,3,18,19,0.8,2,6,-4,-1.54,-0.58,0,1,3,0,14,1,4,,,0,,,,,,,,,,,,,,,
FRA-Ligue 1,2324,Le Havre,Abdoulaye Touré,GUI,MF,29,1994,30,27,2284,25.4,2,0,2,0,2,2,4,0,0.08,0.0,0.08,0.0,0.0,25.4,2,33,10,30.3,1.3,0.39,0.06,0.2,2,2,76,74.6,27,83,15,3,12,0,0.9,19,34,-15,-0.59,-1.05,0,27,32,0,4,21,28,,,0,,,,,,,,,,,,,,,
FRA-Ligue 1,2324,Le Havre,Alois Confais,FRA,"DF,MF",26,1996,2,0,7,0.1,0,0,0,0,0,0,0,0,0.0,0.0,0.0,0.0,0.0,0.1,0,0,0,,0.0,0.0,,,0,0,4,0.2,0,,0,2,4,13,1.5,2,0,2,25.71,26.1,0,0,0,0,1,0,2,,,0,,,,,,,,,,,,,,,
FRA-Ligue 1,2324,Le Havre,André Ayew,GHA,"FW,MF",33,1989,19,12,1104,12.3,5,0,5,5,0,0,2,1,0.41,0.0,0.41,0.41,0.41,12.3,5,33,13,39.4,2.69,1.06,0.15,0.38,0,0,58,36.1,12,83,5,7,16,0,0.74,13,20,-7,-0.57,-0.39,0,15,26,4,4,2,10,,,0,,,,,,,,,,,,,,,
FRA-Ligue 1,2324,Le Havre,Antoine Joujou,FRA,"MF,FW",20,2003,23,6,779,8.7,0,2,2,0,0,0,1,0,0.0,0.23,0.23,0.0,0.23,8.7,0,20,3,15.0,2.31,0.35,0.0,0.0,0,0,34,25.5,6,66,1,17,23,3,0.83,8,11,-3,-0.35,-0.03,0,17,10,0,18,6,12,,,0,,,,,,,,,,,,,,,
FRA-Ligue 1,2324,Le Havre,Arouna Sangante,SEN,DF,21,2002,30,30,2687,29.9,0,0,0,0,0,0,8,0,0.0,0.0,0.0,0.0,0.0,29.9,0,16,3,18.8,0.54,0.1,0.0,0.0,0,0,90,87.8,30,90,27,0,,1,0.87,29,39,-10,-0.33,-0.09,0,54,37,0,14,63,32,,,1,,,,,,,,,,,,,,,
FRA-Ligue 1,2324,Le Havre,Arthur Desmas,FRA,GK,29,1994,33,33,2970,33.0,0,0,0,0,0,0,2,0,0.0,0.0,0.0,0.0,0.0,33.0,0,0,0,,0.0,0.0,,,0,0,90,97.1,33,90,33,0,,0,0.97,33,43,-10,-0.3,0.7,0,0,9,0,0,0,0,,,0,43,1.3,154,111,72.1,7,11,15,7,21.2,3,1,1,1,50.0
FRA-Ligue 1,2324,Le Havre,Christopher Opéri,CIV,"DF,MF",26,1997,28,28,2445,27.2,3,4,7,3,0,0,6,0,0.11,0.15,0.26,0.11,0.26,27.2,3,23,10,43.5,0.85,0.37,0.13,0.3,0,0,87,79.9,28,87,26,0,,0,0.93,30,39,-9,-0.33,-0.04,0,20,18,0,189,34,36,,,0,,,,,,,,,,,,,,,
FRA-Ligue 1,2324,Le Havre,Daler Kuzyaev,RUS,MF,30,1993,30,24,2090,23.2,2,2,4,2,0,0,1,0,0.09,0.09,0.17,0.09,0.17,23.2,2,16,5,31.3,0.69,0.22,0.13,0.4,0,0,70,68.3,24,84,8,6,13,0,1.07,20,29,-9,-0.39,-0.2,0,28,26,4,26,19,20,,,0,,,,,,,,,,,,,,,
FRA-Ligue 1,2324,Le Havre,Elysée Logbo,FRA,FW,19,2004,10,2,248,2.8,0,0,0,0,0,0,0,0,0.0,0.0,0.0,0.0,0.0,2.8,0,4,0,0.0,1.45,0.0,0.0,,0,0,25,8.1,2,54,0,8,18,2,1.2,2,0,2,0.73,1.14,0,12,0,1,1,0,0,,,0,,,,,,,,,,,,,,,
FRA-Ligue 1,2324,Le Havre,Emmanuel Sabbi,USA,"MF,FW",25,1997,30,18,1584,17.6,5,1,6,3,2,2,5,0,0.28,0.06,0.34,0.17,0.23,17.6,5,31,11,35.5,1.76,0.62,0.16,0.45,2,2,53,51.8,18,73,2,12,22,2,0.93,19,20,-1,-0.06,0.55,0,26,37,2,20,19,20,,,0,,,,,,,,,,,,,,,
FRA-Ligue 1,2324,Le Havre,Etienne Youte Kinkoue,FRA,DF,21,2002,22,22,1941,21.6,0,0,0,0,0,0,1,0,0.0,0.0,0.0,0.0,0.0,21.6,0,6,0,0.0,0.28,0.0,0.0,,0,0,88,63.4,22,88,20,0,,12,0.91,20,29,-9,-0.42,-0.26,0,11,5,2,0,43,11,,,0,,,,,,,,,,,,,,,
FRA-Ligue 1,2324,Le Havre,Gautier Lloris,FRA,DF,28,1995,31,31,2778,30.9,2,0,2,2,0,0,2,0,0.06,0.0,0.06,0.06,0.06,30.9,2,16,5,31.3,0.52,0.16,0.13,0.4,0,0,90,90.8,31,90,29,0,,2,1.03,33,41,-8,-0.26,0.7,0,35,6,1,3,33,28,,,0,,,,,,,,,,,,,,,
FRA-Ligue 1,2324,Le Havre,Issa Soumaré,SEN,"FW,MF",22,2000,7,3,237,2.6,0,0,0,0,0,0,0,0,0.0,0.0,0.0,0.0,0.0,2.6,0,5,1,20.0,1.9,0.38,0.0,0.0,0,0,34,7.7,3,62,0,4,13,4,0.57,2,7,-5,-1.9,-1.71,0,7,8,4,2,0,1,,,0,,,,,,,,,,,,,,,
FRA-Ligue 1,2324,Le Havre,Josué Casimir,HAI,"MF,FW",21,2001,30,25,2016,22.4,0,5,5,0,0,0,6,0,0.0,0.22,0.22,0.0,0.22,22.4,0,21,3,14.3,0.94,0.13,0.0,0.0,0,0,67,65.9,25,75,6,5,30,0,0.9,20,29,-9,-0.4,-0.23,0,25,28,7,52,13,18,,,0,,,,,,,,,,,,,,,
FRA-Ligue 1,2324,Le Havre,Loïc Nego,HUN,"MF,DF",32,1991,28,18,1561,17.3,0,3,3,0,0,0,3,0,0.0,0.17,0.17,0.0,0.17,17.3,0,18,4,22.2,1.04,0.23,0.0,0.0,0,0,56,51.0,18,74,5,10,23,3,0.89,18,20,-2,-0.12,0.43,0,22,17,3,44,16,26,,,0,,,,,,,,,,,,,,,
FRA-Ligue 1,2324,Le Havre,Mathieu Gorgelin,FRA,GK,32,1990,1,1,90,1.0,0,0,0,0,0,0,1,0,0.0,0.0,0.0,0.0,0.0,1.0,0,0,0,,0.0,0.0,,,0,0,90,2.9,1,90,1,0,,29,0.0,1,2,-1,-1.0,-0.7,0,0,0,0,0,0,0,,,0,2,2.0,5,3,60.0,0,0,1,0,0.0,1,1,0,0,0.0
FRA-Ligue 1,2324,Le Havre,Mohamed Lamine Bayo,GUI,FW,25,1998,22,16,1389,15.4,5,1,6,3,2,2,4,0,0.32,0.06,0.39,0.19,0.26,15.4,5,47,19,40.4,3.05,1.23,0.11,0.26,2,2,63,45.4,16,81,4,6,16,1,0.91,14,17,-3,-0.19,0.24,0,14,12,7,8,2,6,,,0,,,,,,,,,,,,,,,
FRA-Ligue 1,2324,Le Havre,Nabil Alioui,FRA,"MF,FW",24,1999,18,12,1009,11.2,4,1,5,4,0,0,1,0,0.36,0.09,0.45,0.36,0.45,11.2,4,28,9,32.1,2.5,0.8,0.14,0.44,0,0,56,33.0,12,71,0,6,26,1,1.11,10,14,-4,-0.36,-0.05,0,10,20,6,54,3,2,,,0,,,,,,,,,,,,,,,
FRA-Ligue 1,2324,Le Havre,Nolan Mbemba,CGO,MF,28,1995,6,0,22,0.2,1,0,1,1,0,0,0,0,4.09,0.0,4.09,4.09,4.09,0.2,1,2,1,50.0,8.18,4.09,0.5,1.0,0,0,4,0.7,0,,0,6,4,7,1.83,1,0,1,4.09,4.45,0,0,0,0,2,0,1,,,0,,,,,,,,,,,,,,,
FRA-Ligue 1,2324,Le Havre,Oualid El Hajjam,MAR,"DF,MF",32,1991,13,4,393,4.4,0,0,0,0,0,0,1,0,0.0,0.0,0.0,0.0,0.0,4.4,0,8,3,37.5,1.83,0.69,0.0,0.0,0,0,30,12.8,4,85,2,9,6,17,1.38,4,8,-4,-0.92,-0.68,0,13,4,1,10,6,6,,,0,,,,,,,,,,,,,,,
FRA-Ligue 1,2324,Le Havre,Oussama Targhalline,MAR,MF,21,2002,14,12,1025,11.4,0,0,0,0,0,0,4,1,0.0,0.0,0.0,0.0,0.0,11.4,0,6,0,0.0,0.53,0.0,0.0,,0,0,73,33.5,12,80,3,2,30,1,1.14,19,15,4,0.35,1.01,1,13,22,0,8,20,10,,,0,,,,,,,,,,,,,,,
FRA-Ligue 1,2324,Le Havre,Rassoul Ndiaye,SEN,MF,21,2001,19,6,526,5.8,0,0,0,0,0,0,4,2,0.0,0.0,0.0,0.0,0.0,5.8,0,5,1,20.0,0.86,0.17,0.0,0.0,0,0,28,17.2,6,56,0,13,15,6,1.0,7,11,-4,-0.68,-0.44,1,12,4,1,8,3,16,,,0,,,,,,,,,,,,,,,
FRA-Ligue 1,2324,Le Havre,Samuel Grandsir,FRA,MF,26,1996,23,4,606,6.7,1,1,2,1,0,1,4,2,0.15,0.15,0.3,0.15,0.3,6.7,1,15,6,40.0,2.23,0.89,0.07,0.17,0,1,26,19.8,4,72,1,19,17,8,0.7,6,13,-7,-1.04,-0.89,1,18,5,4,44,3,12,,,0,,,,,,,,,,,,,,,
FRA-Ligue 1,2324,Le Havre,Simon Ebonog,CMR,MF,18,2004,4,0,20,0.2,0,0,0,0,0,0,0,0,0.0,0.0,0.0,0.0,0.0,0.2,0,0,0,,0.0,0.0,,,0,0,5,0.7,0,,0,4,5,4,0.25,0,1,-1,-4.5,-4.2,0,0,1,0,0,0,1,,,0,,,,,,,,,,,,,,,
FRA-Ligue 1,2324,Le Havre,Steve Ngoura,FRA,FW,18,2005,12,1,223,2.5,0,1,1,0,0,0,0,0,0.0,0.4,0.4,0.0,0.4,2.5,0,7,2,28.6,2.83,0.81,0.0,0.0,0,0,19,7.3,1,60,0,11,15,3,0.67,2,4,-2,-0.81,-0.52,0,6,1,2,1,0,1,,,0,,,,,,,,,,,,,,,
FRA-Ligue 1,2324,Le Havre,Yassine Kechta,MAR,MF,21,2002,32,21,1849,20.5,2,1,3,2,0,0,4,0,0.1,0.05,0.15,0.1,0.15,20.5,2,20,9,45.0,0.97,0.44,0.1,0.22,0,0,58,60.4,21,78,4,11,20,1,0.97,22,24,-2,-0.1,0.57,0,30,31,0,20,21,24,,,0,,,,,,,,,,,,,,,
FRA-Ligue 1,2324,Le Havre,Yoann Salmier,GUF,DF,30,1992,20,18,1568,17.4,1,1,2,1,0,0,3,0,0.06,0.06,0.11,0.06,0.11,17.4,1,10,4,40.0,0.57,0.23,0.1,0.25,0,0,78,51.2,18,86,15,2,6,12,1.0,19,21,-2,-0.11,0.43,0,18,9,3,10,21,9,,,1,,,,,,,,,,,,,,,
FRA-Ligue 1,2324,Lens,Abdukodir Khusanov,UZB,DF,19,2004,11,9,809,9.0,0,0,0,0,0,0,5,0,0.0,0.0,0.0,0.0,0.0,9.0,0,5,2,40.0,0.56,0.22,0.0,0.0,0,0,74,26.4,9,84,6,2,25,16,1.45,11,10,1,0.11,-0.17,0,9,7,0,2,13,11,,,0,,,,,,,,,,,,,,,
FRA-Ligue 1,2324,Lens,Adrien Thomasson,FRA,MF,29,1993,29,13,1193,13.3,1,2,3,1,0,0,2,1,0.08,0.15,0.23,0.08,0.23,13.3,1,31,6,19.4,2.34,0.45,0.03,0.17,0,0,41,39.0,13,71,1,16,17,4,1.45,14,15,-1,-0.08,-0.51,0,16,16,5,47,9,14,,,0,,,,,,,,,,,,,,,
FRA-Ligue 1,2324,Lens,Andy Diouf,FRA,MF,20,2003,25,16,1314,14.6,1,0,1,1,0,0,2,0,0.07,0.0,0.07,0.07,0.07,14.6,1,28,8,28.6,1.92,0.55,0.04,0.13,0,0,53,42.9,16,73,1,9,17,8,1.2,20,19,1,0.07,-0.29,0,12,15,0,46,2,19,,,0,,,,,,,,,,,,,,,
FRA-Ligue 1,2324,Lens,Angelo Fulgini,NCL,MF,26,1996,29,16,1376,15.3,1,2,3,1,0,0,1,0,0.07,0.13,0.2,0.07,0.2,15.3,1,46,10,21.7,3.01,0.65,0.02,0.1,0,0,47,45.0,16,69,0,13,21,5,1.34,16,16,0,0.0,-0.43,0,8,25,1,112,8,14,,,0,,,,,,,,,,,,,,,
FRA-Ligue 1,2324,Lens,Ayanda Sishuba,BEL,MF,18,2005,7,0,62,0.7,0,0,0,0,0,0,0,0,0.0,0.0,0.0,0.0,0.0,0.7,0,12,2,16.7,17.42,2.9,0.0,0.0,0,0,9,2.0,0,,0,7,9,9,0.71,1,3,-2,-2.9,-3.2,0,3,4,0,0,0,1,,,0,,,,,,,,,,,,,,,
FRA-Ligue 1,2324,Lens,Brice Samba,FRA,GK,29,1994,33,33,2970,33.0,0,0,0,0,0,0,3,0,0.0,0.0,0.0,0.0,0.0,33.0,0,0,0,,0.0,0.0,,,0,0,90,97.1,33,90,33,0,,0,1.52,43,35,8,0.24,0.24,0,1,3,0,0,0,1,,,1,35,1.06,131,102,73.3,14,8,11,13,39.4,8,6,1,1,14.3
FRA-Ligue 1,2324,Lens,David Costa,POR,MF,22,2001,25,17,1494,16.6,4,2,6,4,0,0,3,0,0.24,0.12,0.36,0.24,0.36,16.6,4,30,14,46.7,1.81,0.84,0.13,0.29,0,0,60,48.8,17,80,4,8,16,2,1.44,26,19,7,0.42,0.36,0,12,23,0,77,15,10,,,0,,,,,,,,,,,,,,,
FRA-Ligue 1,2324,Lens,Deiver Machado,COL,MF,29,1993,19,13,1124,12.5,4,0,4,4,0,0,4,0,0.32,0.0,0.32,0.32,0.32,12.5,4,16,8,50.0,1.28,0.64,0.25,0.5,0,0,59,36.7,13,75,4,6,24,1,1.42,18,16,2,0.16,-0.12,0,30,27,2,29,5,18,,,0,,,,,,,,,,,,,,,
FRA-Ligue 1,2324,Lens,Elye Wahi,CIV,FW,20,2003,27,20,1692,18.8,9,3,12,8,1,1,10,1,0.48,0.16,0.64,0.43,0.59,18.8,9,60,32,53.3,3.19,1.7,0.15,0.28,1,1,63,55.3,20,75,2,7,28,1,1.52,25,18,7,0.37,0.31,1,20,16,25,9,3,4,,,0,,,,,,,,,,,,,,,
FRA-Ligue 1,2324,Lens,Facundo Medina,ARG,DF,24,1999,31,30,2714,30.2,1,3,4,1,0,0,11,0,0.03,0.1,0.13,0.03,0.13,30.2,1,21,12,57.1,0.7,0.4,0.05,0.08,0,0,88,88.7,30,90,29,1,17,0,1.45,42,36,6,0.2,-0.32,0,51,19,2,21,23,39,,,0,,,,,,,,,,,,,,,
FRA-Ligue 1,2324,Lens,Faitout Maouassa,FRA,MF,25,1998,3,1,76,0.8,0,0,0,0,0,0,0,0,0.0,0.0,0.0,0.0,0.0,0.8,0,3,2,66.7,3.55,2.37,0.0,0.0,0,0,25,2.5,1,45,0,2,16,6,1.0,0,1,-1,-1.18,-1.46,0,2,1,0,3,0,1,,,0,,,,,,,,,,,,,,,
FRA-Ligue 1,2324,Lens,Florian Sotoca,FRA,"MF,FW",32,1990,32,29,2598,28.9,7,6,13,3,4,4,4,1,0.24,0.21,0.45,0.1,0.31,28.9,7,69,22,31.9,2.39,0.76,0.1,0.32,4,4,81,84.9,29,86,20,3,30,0,1.47,36,34,2,0.07,-1.1,0,27,40,13,95,20,23,,,0,,,,,,,,,,,,,,,
FRA-Ligue 1,2324,Lens,Jean-Louis Leca,FRA,GK,37,1985,1,1,90,1.0,0,0,0,0,0,0,0,0,0.0,0.0,0.0,0.0,0.0,1.0,0,0,0,,0.0,0.0,,,0,0,90,2.9,1,90,1,0,,33,1.0,2,2,0,0.0,-0.24,0,0,0,0,0,0,0,,,0,2,2.0,3,1,33.3,0,1,0,0,0.0,0,0,0,0,
FRA-Ligue 1,2324,Lens,Jhoanner Chávez,ECU,"MF,DF",21,2002,8,6,481,5.3,0,0,0,0,0,0,1,0,0.0,0.0,0.0,0.0,0.0,5.3,0,3,0,0.0,0.56,0.0,0.0,,0,0,60,15.7,6,67,0,2,39,1,1.25,7,6,1,0.19,-0.06,0,10,4,3,13,5,5,,,0,,,,,,,,,,,,,,,
FRA-Ligue 1,2324,Lens,Jonathan Gradit,FRA,DF,30,1992,26,26,2112,23.5,1,0,1,1,0,0,9,1,0.04,0.0,0.04,0.04,0.04,23.5,1,4,1,25.0,0.17,0.04,0.25,1.0,0,0,81,69.0,26,81,19,0,,1,1.54,34,23,11,0.47,0.75,0,31,26,0,17,36,20,,,0,,,,,,,,,,,,,,,
FRA-Ligue 1,2324,Lens,Julien Le Cardinal,FRA,DF,25,1997,2,0,58,0.6,0,0,0,0,0,0,0,0,0.0,0.0,0.0,0.0,0.0,0.6,0,0,0,,0.0,0.0,,,0,0,29,1.9,0,,0,2,29,1,0.0,1,3,-2,-3.1,-3.4,0,2,1,0,4,0,2,,,0,,,,,,,,,,,,,,,
FRA-Ligue 1,2324,Lens,Kevin Danso,AUT,DF,24,1998,30,30,2655,29.5,1,0,1,1,0,0,6,0,0.03,0.0,0.03,0.03,0.03,29.5,1,21,5,23.8,0.71,0.17,0.05,0.2,0,0,89,86.8,30,89,29,0,,0,1.53,37,32,5,0.17,-0.5,0,24,48,2,3,23,16,,,0,,,,,,,,,,,,,,,
FRA-Ligue 1,2324,Lens,Massadio Haïdara,MLI,"DF,MF",30,1992,18,7,741,8.2,0,1,1,0,0,0,1,0,0.0,0.12,0.12,0.0,0.12,8.2,0,3,0,0.0,0.36,0.0,0.0,,0,0,41,24.2,7,76,3,11,19,8,1.72,8,8,0,0.0,-0.31,0,11,7,2,21,11,8,,,0,,,,,,,,,,,,,,,
FRA-Ligue 1,2324,Lens,Morgan Guilavogui,GUI,FW,25,1998,23,2,566,6.3,2,0,2,2,0,0,1,0,0.32,0.0,0.32,0.32,0.32,6.3,2,21,8,38.1,3.34,1.27,0.1,0.25,0,0,25,18.5,2,71,0,21,20,6,1.52,11,5,6,0.95,0.88,0,14,7,7,5,5,10,,,0,,,,,,,,,,,,,,,
FRA-Ligue 1,2324,Lens,Nampalys Mendy,SEN,MF,31,1992,16,13,1052,11.7,0,1,1,0,0,0,2,0,0.0,0.09,0.09,0.0,0.09,11.7,0,7,2,28.6,0.6,0.17,0.0,0.0,0,0,66,34.4,13,77,5,3,16,8,1.69,15,10,5,0.43,0.29,0,16,25,0,7,13,19,,,0,,,,,,,,,,,,,,,
FRA-Ligue 1,2324,Lens,Neil El Aynaoui,MAR,MF,22,2001,25,17,1566,17.4,1,2,3,1,0,0,1,0,0.06,0.11,0.17,0.06,0.17,17.4,1,22,8,36.4,1.26,0.46,0.05,0.13,0,0,63,51.2,17,84,8,8,18,1,1.76,26,16,10,0.57,0.7,0,21,40,1,7,32,21,,,0,,,,,,,,,,,,,,,
FRA-Ligue 1,2324,Lens,Oscar Cortés,COL,MF,19,2003,4,0,44,0.5,1,1,2,1,0,0,0,0,2.05,2.05,4.09,2.05,4.09,0.5,1,1,1,100.0,2.05,2.05,1.0,1.0,0,0,11,1.4,0,,0,4,11,5,1.75,2,0,2,4.09,3.91,0,0,1,1,2,0,0,,,0,,,,,,,,,,,,,,,
FRA-Ligue 1,2324,Lens,Przemysław Frankowski,POL,MF,28,1995,30,24,2192,24.4,3,2,5,2,1,2,4,0,0.12,0.08,0.21,0.08,0.16,24.4,3,31,10,32.3,1.27,0.41,0.1,0.3,1,2,73,71.6,24,84,17,6,31,2,1.4,28,23,5,0.21,-0.11,0,33,12,0,118,24,39,,,0,,,,,,,,,,,,,,,
FRA-Ligue 1,2324,Lens,Ruben Aguilar,FRA,"MF,DF",30,1993,25,22,1922,21.4,1,3,4,1,0,0,3,0,0.05,0.14,0.19,0.05,0.19,21.4,1,12,4,33.3,0.56,0.19,0.08,0.25,0,0,77,62.8,22,86,16,3,13,3,1.8,33,19,14,0.66,1.13,0,20,24,3,75,24,33,,,0,,,,,,,,,,,,,,,
FRA-Ligue 1,2324,Lens,Salis Abdul Samed,GHA,MF,23,2000,27,17,1519,16.9,0,0,0,0,0,0,2,0,0.0,0.0,0.0,0.0,0.0,16.9,0,5,0,0.0,0.3,0.0,0.0,,0,0,56,49.6,17,81,11,10,15,4,1.74,20,18,2,0.12,-0.23,0,34,16,0,3,13,14,,,0,,,,,,,,,,,,,,,
FRA-Ligue 1,2324,Lens,Stijn Spierings,NED,MF,27,1996,4,1,118,1.3,0,0,0,0,0,0,2,0,0.0,0.0,0.0,0.0,0.0,1.3,0,0,0,,0.0,0.0,,,0,0,30,3.9,1,56,0,3,21,0,0.25,1,5,-4,-3.05,-3.42,0,5,2,0,1,2,0,,,0,,,,,,,,,,,,,,,
FRA-Ligue 1,2324,Lens,Wesley Saïd,FRA,FW,28,1995,27,11,1020,11.3,7,1,8,7,0,0,1,0,0.62,0.09,0.71,0.62,0.71,11.3,7,45,19,42.2,3.97,1.68,0.16,0.37,0,0,38,33.3,11,65,0,16,19,1,1.48,16,13,3,0.26,0.04,0,33,15,8,16,5,5,,,0,,,,,,,,,,,,,,,
FRA-Ligue 1,2324,Lille,Aaron Malouda,FRA,FW,17,2005,1,0,1,0.0,0,0,0,0,0,0,0,0,0.0,0.0,0.0,0.0,0.0,0.0,0,0,0,,0.0,0.0,,,0,0,1,0.0,0,,0,1,1,8,3.0,0,0,0,0.0,-0.53,0,0,0,0,0,0,0,,,0,,,,,,,,,,,,,,,
FRA-Ligue 1,2324,Lille,Adam Ounas,ALG,MF,26,1996,17,3,418,4.6,1,0,1,1,0,0,0,0,0.22,0.0,0.22,0.22,0.22,4.6,1,9,4,44.4,1.94,0.86,0.11,0.25,0,0,25,13.7,3,73,1,14,14,1,1.76,10,6,4,0.86,0.38,0,3,12,1,22,6,3,,,0,,,,,,,,,,,,,,,
FRA-Ligue 1,2324,Lille,Alan Virginius,FRA,MF,20,2003,2,1,71,0.8,0,0,0,0,0,0,0,0,0.0,0.0,0.0,0.0,0.0,0.8,0,0,0,,0.0,0.0,,,0,0,36,2.3,1,66,0,1,5,5,2.0,0,1,-1,-1.27,-1.84,0,0,0,0,1,0,1,,,0,,,,,,,,,,,,,,,
FRA-Ligue 1,2324,Lille,Alexsandro Ribeiro,BRA,DF,23,1999,29,24,2220,24.7,0,0,0,0,0,0,6,1,0.0,0.0,0.0,0.0,0.0,24.7,0,17,2,11.8,0.69,0.08,0.0,0.0,0,0,77,72.5,24,89,22,5,16,3,1.93,38,19,19,0.77,0.88,0,26,37,1,2,36,24,,,1,,,,,,,,,,,,,,,
FRA-Ligue 1,2324,Lille,Andrej Ilic,SRB,FW,23,2000,2,0,9,0.1,0,0,0,0,0,0,0,0,0.0,0.0,0.0,0.0,0.0,0.1,0,0,0,,0.0,0.0,,,0,0,5,0.3,0,,0,2,5,1,3.0,0,0,0,0.0,-0.53,0,1,0,0,0,0,0,,,0,,,,,,,,,,,,,,,
FRA-Ligue 1,2324,Lille,Angel Gomes,ENG,MF,22,2000,31,29,2571,28.6,0,8,8,0,0,0,5,0,0.0,0.28,0.28,0.0,0.28,28.6,0,34,7,20.6,1.19,0.25,0.0,0.0,0,0,83,84.0,29,86,14,2,41,0,1.61,44,27,17,0.6,0.41,0,31,37,0,45,18,13,,,0,,,,,,,,,,,,,,,
FRA-Ligue 1,2324,Lille,Ayyoub Bouaddi,MAR,MF,15,2007,9,1,131,1.5,0,0,0,0,0,0,3,1,0.0,0.0,0.0,0.0,0.0,1.5,0,0,0,,0.0,0.0,,,0,0,15,4.3,1,44,0,8,11,15,2.0,2,1,1,0.69,0.16,1,8,0,0,2,1,2,,,0,,,,,,,,,,,,,,,
FRA-Ligue 1,2324,Lille,Bafodé Diakité,FRA,DF,22,2001,21,19,1696,18.8,5,2,7,5,0,0,4,0,0.27,0.11,0.37,0.27,0.37,18.8,5,16,7,43.8,0.85,0.37,0.31,0.71,0,0,81,55.4,19,89,17,2,6,4,1.76,28,22,6,0.32,-0.47,0,16,12,2,3,17,22,,,0,,,,,,,,,,,,,,,
FRA-Ligue 1,2324,Lille,Benjamin André,FRA,MF,32,1990,30,29,2570,28.6,4,0,4,4,0,0,8,0,0.14,0.0,0.14,0.14,0.14,28.6,4,23,9,39.1,0.81,0.32,0.17,0.44,0,0,86,84.0,29,87,23,1,35,0,1.77,39,24,15,0.53,-0.03,0,52,44,1,19,33,48,,,0,,,,,,,,,,,,,,,
FRA-Ligue 1,2324,Lille,Carlos Baleba,CMR,MF,19,2004,2,1,61,0.7,0,0,0,0,0,0,0,0,0.0,0.0,0.0,0.0,0.0,0.7,0,2,1,50.0,2.95,1.48,0.0,0.0,0,0,31,2.0,1,60,0,1,1,1,2.0,1,1,0,0.0,-0.54,0,2,2,0,0,2,3,,,0,,,,,,,,,,,,,,,
FRA-Ligue 1,2324,Lille,Edon Zhegrova,KVX,"MF,FW",24,1999,33,25,2288,25.4,6,6,12,6,0,0,3,1,0.24,0.24,0.47,0.24,0.47,25.4,6,82,29,35.4,3.23,1.14,0.07,0.21,0,0,69,74.8,25,82,6,8,31,1,1.76,41,21,20,0.79,1.02,0,23,31,11,174,8,17,,,0,,,,,,,,,,,,,,,
FRA-Ligue 1,2324,Lille,Gabriel Gudmundsson,SWE,"MF,DF",24,1999,25,14,1267,14.1,1,0,1,1,0,0,2,0,0.07,0.0,0.07,0.07,0.07,14.1,1,15,5,33.3,1.07,0.36,0.07,0.2,0,0,51,41.4,14,80,7,11,14,9,1.72,21,12,9,0.64,0.19,0,21,19,4,34,16,16,,,0,,,,,,,,,,,,,,,
FRA-Ligue 1,2324,Lille,Hákon Haraldsson,ISL,"MF,FW",20,2003,26,15,1284,14.3,2,0,2,2,0,0,5,0,0.14,0.0,0.14,0.14,0.14,14.3,2,12,6,50.0,0.84,0.42,0.17,0.33,0,0,49,42.0,15,73,1,11,17,7,1.73,16,21,-5,-0.35,-1.52,0,14,28,1,7,3,8,,,0,,,,,,,,,,,,,,,
FRA-Ligue 1,2324,Lille,Ichem Ferrah,FRA,FW,17,2005,1,0,3,0.0,0,0,0,0,0,0,0,0,0.0,0.0,0.0,0.0,0.0,0.0,0,0,0,,0.0,0.0,,,0,0,3,0.1,0,,0,1,3,0,3.0,0,0,0,0.0,-0.53,0,1,0,0,0,0,0,,,0,,,,,,,,,,,,,,,
FRA-Ligue 1,2324,Lille,Ignacio Miramon,ARG,MF,20,2003,2,1,39,0.4,0,0,0,0,0,0,0,0,0.0,0.0,0.0,0.0,0.0,0.4,0,2,1,50.0,4.62,2.31,0.0,0.0,0,0,20,1.3,1,38,0,1,1,17,1.5,0,2,-2,-4.62,-5.21,0,0,1,0,0,0,0,,,0,,,,,,,,,,,,,,,
FRA-Ligue 1,2324,Lille,Ismaily,BRA,DF,33,1990,30,28,2465,27.4,1,1,2,1,0,0,1,0,0.04,0.04,0.07,0.04,0.07,27.4,1,7,4,57.1,0.26,0.15,0.14,0.25,0,0,82,80.6,28,87,24,2,16,2,1.67,43,31,12,0.44,-0.47,0,15,22,3,30,31,48,,,0,,,,,,,,,,,,,,,
FRA-Ligue 1,2324,Lille,Ivan Cavaleiro,POR,"MF,FW",29,1993,17,9,770,8.6,1,1,2,1,0,0,1,0,0.12,0.12,0.23,0.12,0.23,8.6,1,11,3,27.3,1.29,0.35,0.09,0.33,0,0,45,25.2,9,74,0,8,13,6,1.94,14,3,11,1.29,1.01,0,10,7,2,29,4,6,,,0,,,,,,,,,,,,,,,
FRA-Ligue 1,2324,Lille,Jonathan David,CAN,FW,23,2000,34,30,2629,29.2,19,4,23,17,2,3,4,0,0.65,0.14,0.79,0.58,0.72,29.2,19,79,47,59.5,2.7,1.61,0.24,0.4,2,3,77,85.9,30,86,14,4,14,0,1.74,48,31,17,0.58,0.37,0,29,54,13,2,9,17,,,0,,,,,,,,,,,,,,,
FRA-Ligue 1,2324,Lille,Leny Yoro,FRA,DF,17,2005,32,30,2673,29.7,2,0,2,2,0,0,5,0,0.07,0.0,0.07,0.07,0.07,29.7,2,14,8,57.1,0.47,0.27,0.14,0.25,0,0,84,87.4,30,89,29,2,8,2,1.72,47,31,16,0.54,0.07,0,20,16,0,1,36,24,,,1,,,,,,,,,,,,,,,
FRA-Ligue 1,2324,Lille,Lucas Chevalier,FRA,GK,21,2001,33,33,2969,33.0,0,0,0,0,0,0,1,0,0.0,0.0,0.0,0.0,0.0,33.0,0,0,0,,0.0,0.0,,,0,0,90,97.0,33,90,32,0,,0,1.76,50,32,18,0.55,0.55,0,1,7,0,0,0,0,,,0,32,0.97,124,92,74.2,16,10,7,15,45.5,5,3,2,0,40.0
FRA-Ligue 1,2324,Lille,Nabil Bentaleb,ALG,MF,28,1994,26,23,1967,21.9,0,3,3,0,0,0,7,0,0.0,0.14,0.14,0.0,0.14,21.9,0,10,2,20.0,0.46,0.09,0.0,0.0,0,0,76,64.3,23,85,19,3,5,0,1.73,35,24,11,0.5,-0.07,0,24,18,0,6,36,33,,,0,,,,,,,,,,,,,,,
FRA-Ligue 1,2324,Lille,Rémy Cabella,FRA,"MF,FW",33,1990,30,14,1477,16.4,2,2,4,2,0,0,0,0,0.12,0.12,0.24,0.12,0.24,16.4,2,33,14,42.4,2.01,0.85,0.06,0.14,0,0,49,48.3,14,84,6,16,19,1,1.8,27,17,10,0.61,0.15,0,16,39,3,51,4,38,,,0,,,,,,,,,,,,,,,
FRA-Ligue 1,2324,Lille,Samuel Umtiti,FRA,DF,29,1993,6,2,185,2.1,0,0,0,0,0,0,0,0,0.0,0.0,0.0,0.0,0.0,2.1,0,0,0,,0.0,0.0,,,0,0,31,6.0,2,68,1,4,13,10,1.83,2,5,-3,-1.46,-2.12,0,3,1,0,0,1,1,,,0,,,,,,,,,,,,,,,
FRA-Ligue 1,2324,Lille,Tiago Fonseca Morais,POR,"FW,MF",19,2003,3,0,46,0.5,0,0,0,0,0,0,0,0,0.0,0.0,0.0,0.0,0.0,0.5,0,1,0,0.0,1.96,0.0,0.0,,0,0,15,1.5,0,,0,3,15,7,3.0,0,0,0,0.0,-0.54,0,1,0,0,1,1,1,,,0,,,,,,,,,,,,,,,
FRA-Ligue 1,2324,Lille,Tiago Santos,POR,DF,21,2002,29,26,2365,26.3,1,2,3,1,0,0,6,0,0.04,0.08,0.11,0.04,0.11,26.3,1,33,7,21.2,1.26,0.27,0.03,0.14,0,0,82,77.3,26,90,25,3,12,4,1.76,41,27,14,0.53,0.01,0,38,87,0,83,14,40,,,0,,,,,,,,,,,,,,,
FRA-Ligue 1,2324,Lille,Trévis Dago,CIV,FW,18,2005,4,0,23,0.3,0,1,1,0,0,0,1,0,0.0,3.91,3.91,0.0,3.91,0.3,0,1,0,0.0,3.91,0.0,0.0,,0,0,6,0.8,0,,0,4,6,4,1.75,2,0,2,7.83,7.35,0,2,1,0,1,1,0,,,0,,,,,,,,,,,,,,,
FRA-Ligue 1,2324,Lille,Vito Mannone,ITA,GK,35,1988,2,1,91,1.0,0,0,0,0,0,0,0,0,0.0,0.0,0.0,0.0,0.0,1.0,0,0,0,,0.0,0.0,,,0,0,46,3.0,1,90,1,1,1,26,2.0,2,2,0,0.0,-0.55,0,0,0,0,0,0,0,,,0,2,1.98,5,3,60.0,0,1,0,0,0.0,0,0,0,0,
FRA-Ligue 1,2324,Lille,Yusuf Yazıcı,TUR,"MF,FW",26,1997,27,16,1312,14.6,5,2,7,5,0,0,5,0,0.34,0.14,0.48,0.34,0.48,14.6,5,40,14,35.0,2.74,0.96,0.13,0.36,0,0,49,42.9,16,71,2,11,16,3,1.63,22,15,7,0.48,-0.09,0,19,14,4,18,5,11,,,0,,,,,,,,,,,,,,,
FRA-Ligue 1,2324,Lorient,Adrian Grbić,AUT,"FW,MF",26,1996,1,0,31,0.3,0,0,0,0,0,0,0,0,0.0,0.0,0.0,0.0,0.0,0.3,0,2,0,0.0,5.81,0.0,0.0,,0,0,31,1.0,0,,0,1,31,1,0.0,0,2,-2,-5.81,-5.18,0,0,0,0,1,0,0,,,0,,,,,,,,,,,,,,,
FRA-Ligue 1,2324,Lorient,Aurélien Pelon,FRA,DF,19,2004,1,1,90,1.0,0,0,0,0,0,0,1,0,0.0,0.0,0.0,0.0,0.0,1.0,0,0,0,,0.0,0.0,,,0,0,90,2.9,1,90,1,0,,1,0.0,0,3,-3,-3.0,-2.39,0,1,0,0,0,0,0,,,0,,,,,,,,,,,,,,,
FRA-Ligue 1,2324,Lorient,Ayman Kari,FRA,MF,18,2004,14,12,893,9.9,1,1,2,1,0,0,1,0,0.1,0.1,0.2,0.1,0.2,9.9,1,7,3,42.9,0.71,0.3,0.14,0.33,0,0,64,29.2,12,71,1,2,21,2,1.0,11,19,-8,-0.81,-0.18,0,10,28,0,1,4,12,,,0,,,,,,,,,,,,,,,
FRA-Ligue 1,2324,Lorient,Badredine Bouanani,ALG,MF,18,2004,11,4,443,4.9,1,0,1,1,0,0,0,0,0.2,0.0,0.2,0.2,0.2,4.9,1,15,5,33.3,3.05,1.02,0.07,0.2,0,0,40,14.5,4,75,1,7,21,2,0.91,7,5,2,0.41,1.27,0,1,10,0,10,2,2,,,0,,,,,,,,,,,,,,,
FRA-Ligue 1,2324,Lorient,Bamba Dieng,SEN,FW,23,2000,16,5,549,6.1,4,1,5,4,0,0,3,0,0.66,0.16,0.82,0.66,0.82,6.1,4,17,9,52.9,2.79,1.48,0.24,0.44,0,0,34,17.9,5,66,1,11,20,2,0.94,7,16,-9,-1.48,-0.97,0,7,19,6,5,0,4,,,0,,,,,,,,,,,,,,,
FRA-Ligue 1,2324,Lorient,Bamo Meïté,CIV,DF,21,2001,2,2,146,1.6,0,0,0,0,0,0,0,0,0.0,0.0,0.0,0.0,0.0,1.6,0,0,0,,0.0,0.0,,,0,0,73,4.8,2,73,1,0,,1,1.0,0,0,0,0.0,0.71,0,0,1,0,0,3,1,,,0,,,,,,,,,,,,,,,
FRA-Ligue 1,2324,Lorient,Bassirou Ndiaye,SEN,FW,21,2002,5,0,152,1.7,0,0,0,0,0,0,0,0,0.0,0.0,0.0,0.0,0.0,1.7,0,0,0,,0.0,0.0,,,0,0,30,5.0,0,,0,5,30,0,1.0,1,2,-1,-0.59,0.09,0,5,5,0,1,1,2,,,0,,,,,,,,,,,,,,,
FRA-Ligue 1,2324,Lorient,Benjamin Mendy,FRA,"MF,DF",29,1994,15,7,711,7.9,2,1,3,2,0,0,3,0,0.25,0.13,0.38,0.25,0.38,7.9,2,13,4,30.8,1.65,0.51,0.15,0.5,0,0,47,23.2,7,71,2,8,26,0,0.33,10,26,-16,-2.03,-1.76,0,12,4,4,96,6,1,,,0,,,,,,,,,,,,,,,
FRA-Ligue 1,2324,Lorient,Bonke Innocent,NGA,MF,27,1996,4,3,210,2.3,0,0,0,0,0,0,1,0,0.0,0.0,0.0,0.0,0.0,2.3,0,2,1,50.0,0.86,0.43,0.0,0.0,0,0,53,6.9,3,68,1,1,5,6,0.25,3,9,-6,-2.57,-2.03,0,5,4,0,0,4,5,,,0,,,,,,,,,,,,,,,
FRA-Ligue 1,2324,Lorient,Darlin Yongwa,CMR,"MF,DF",22,2000,22,11,1159,12.9,1,1,2,1,0,0,3,0,0.08,0.08,0.16,0.08,0.16,12.9,1,15,5,33.3,1.16,0.39,0.07,0.2,0,0,53,37.9,11,82,7,11,23,9,0.82,16,18,-2,-0.16,0.84,0,21,31,3,74,13,22,,,0,,,,,,,,,,,,,,,
FRA-Ligue 1,2324,Lorient,Dembo Sylla,GUI,"DF,MF",20,2002,1,0,45,0.5,0,0,0,0,0,0,0,0,0.0,0.0,0.0,0.0,0.0,0.5,0,1,0,0.0,2.0,0.0,0.0,,0,0,45,1.5,0,,0,1,45,4,0.0,0,3,-3,-6.0,-5.4,0,0,0,0,4,1,1,,,0,,,,,,,,,,,,,,,
FRA-Ligue 1,2324,Lorient,Eli Junior Kroupi,FRA,FW,17,2006,30,11,1084,12.0,5,3,8,5,0,0,1,0,0.42,0.25,0.66,0.42,0.66,12.0,5,22,12,54.5,1.83,1.0,0.23,0.42,0,0,36,35.4,11,64,0,19,20,4,0.63,16,25,-9,-0.75,-0.11,0,17,8,8,14,10,5,,,0,,,,,,,,,,,,,,,
FRA-Ligue 1,2324,Lorient,Formose Mendy,SEN,DF,22,2001,18,13,1256,14.0,0,0,0,0,0,0,6,0,0.0,0.0,0.0,0.0,0.0,14.0,0,7,2,28.6,0.5,0.14,0.0,0.0,0,0,70,41.0,13,86,11,5,27,8,1.0,20,17,3,0.21,1.51,0,17,11,0,13,20,19,,,1,,,,,,,,,,,,,,,
FRA-Ligue 1,2324,Lorient,Gino Caoki,FRA,FW,19,2004,1,0,7,0.1,0,0,0,0,0,0,0,0,0.0,0.0,0.0,0.0,0.0,0.1,0,0,0,,0.0,0.0,,,0,0,7,0.2,0,,0,1,7,2,0.0,0,2,-2,-25.71,-25.1,0,0,1,0,1,0,0,,,0,,,,,,,,,,,,,,,
FRA-Ligue 1,2324,Lorient,Gédéon Kalulu,COD,"MF,DF",25,1997,19,11,970,10.8,0,1,1,0,0,0,0,0,0.0,0.09,0.09,0.0,0.09,10.8,0,6,1,16.7,0.56,0.09,0.0,0.0,0,0,51,31.7,11,78,5,8,13,8,1.05,17,23,-6,-0.56,0.18,0,16,7,0,22,5,17,,,0,,,,,,,,,,,,,,,
FRA-Ligue 1,2324,Lorient,Ibrahima Koné,MLI,FW,24,1999,1,0,32,0.4,0,0,0,0,0,0,0,0,0.0,0.0,0.0,0.0,0.0,0.4,0,0,0,,0.0,0.0,,,0,0,32,1.0,0,,0,1,32,0,1.0,0,0,0,0.0,0.68,0,0,1,0,0,0,0,,,0,,,,,,,,,,,,,,,
FRA-Ligue 1,2324,Lorient,Igor Carioca,BRA,"MF,DF",26,1996,5,2,262,2.9,0,0,0,0,0,0,2,0,0.0,0.0,0.0,0.0,0.0,2.9,0,1,0,0.0,0.34,0.0,0.0,,0,0,52,8.6,2,90,2,3,27,1,0.2,3,11,-8,-2.75,-2.27,0,7,4,0,9,3,6,,,0,,,,,,,,,,,,,,,
FRA-Ligue 1,2324,Lorient,Imran Louza,MAR,MF,24,1999,14,10,863,9.6,1,3,4,1,0,0,1,0,0.1,0.31,0.42,0.1,0.42,9.6,1,22,5,22.7,2.29,0.52,0.05,0.2,0,0,62,28.2,10,79,3,4,19,1,0.79,12,19,-7,-0.73,-0.07,0,16,15,0,53,8,8,,,0,,,,,,,,,,,,,,,
FRA-Ligue 1,2324,Lorient,Jean-Victor Makengo,FRA,"MF,FW",25,1998,11,5,479,5.3,0,0,0,0,0,0,0,0,0.0,0.0,0.0,0.0,0.0,5.3,0,5,2,40.0,0.94,0.38,0.0,0.0,0,0,44,15.7,5,73,1,6,19,13,0.64,6,8,-2,-0.38,0.36,0,7,7,0,6,9,4,,,0,,,,,,,,,,,,,,,
FRA-Ligue 1,2324,Lorient,Joel Mvuka,NOR,MF,20,2002,7,2,197,2.2,0,0,0,0,0,0,1,0,0.0,0.0,0.0,0.0,0.0,2.2,0,1,0,0.0,0.46,0.0,0.0,,0,0,28,6.4,2,50,0,5,19,2,,1,4,-3,-1.37,-0.74,0,1,5,1,12,2,4,,,0,,,,,,,,,,,,,,,
FRA-Ligue 1,2324,Lorient,Julien Laporte,FRA,DF,29,1993,23,20,1818,20.2,0,0,0,0,0,0,4,0,0.0,0.0,0.0,0.0,0.0,20.2,0,13,1,7.7,0.64,0.05,0.0,0.0,0,0,79,59.4,20,85,17,3,39,10,0.83,31,47,-16,-0.79,-0.28,0,20,9,1,1,10,14,,,0,,,,,,,,,,,,,,,
FRA-Ligue 1,2324,Lorient,Julien Ponceau,FRA,MF,22,2000,32,27,2244,24.9,3,2,5,3,0,0,5,0,0.12,0.08,0.2,0.12,0.2,24.9,3,33,13,39.4,1.32,0.52,0.09,0.23,0,0,70,73.3,27,79,12,5,23,2,0.81,29,52,-23,-0.92,-0.92,0,30,34,5,49,18,14,,,0,,,,,,,,,,,,,,,
FRA-Ligue 1,2324,Lorient,Laurent Abergel,FRA,MF,30,1993,33,32,2860,31.8,2,1,3,2,0,0,4,0,0.06,0.03,0.09,0.06,0.09,31.8,2,26,11,42.3,0.82,0.35,0.08,0.18,0,0,87,93.5,32,89,29,1,23,0,0.88,41,59,-18,-0.57,1.68,0,36,36,1,34,61,55,,,0,,,,,,,,,,,,,,,
FRA-Ligue 1,2324,Lorient,Loris Mouyokolo,FRA,DF,22,2001,1,1,90,1.0,0,0,0,0,0,0,0,0,0.0,0.0,0.0,0.0,0.0,1.0,0,0,0,,0.0,0.0,,,0,0,90,2.9,1,90,1,0,,9,0.0,0,3,-3,-3.0,-2.39,0,1,0,1,0,0,1,,,0,,,,,,,,,,,,,,,
FRA-Ligue 1,2324,Lorient,Mohamed Bamba,CIV,FW,21,2001,16,14,1138,12.6,8,3,11,7,1,1,3,0,0.63,0.24,0.87,0.55,0.79,12.6,8,38,18,47.4,3.01,1.42,0.21,0.44,1,1,71,37.2,14,78,1,2,23,0,1.06,17,19,-2,-0.16,0.83,0,22,15,11,2,2,9,,,0,,,,,,,,,,,,,,,
FRA-Ligue 1,2324,Lorient,Montassar Talbi,TUN,DF,25,1998,25,25,2204,24.5,0,0,0,0,0,0,2,0,0.0,0.0,0.0,0.0,0.0,24.5,0,5,2,40.0,0.2,0.08,0.0,0.0,0,0,88,72.0,25,88,24,0,,1,1.0,36,46,-10,-0.41,0.96,0,18,8,1,4,34,21,,,0,,,,,,,,,,,,,,,
FRA-Ligue 1,2324,Lorient,Nathaniel Adjei,GHA,DF,20,2002,15,14,1243,13.8,0,0,0,0,0,0,2,0,0.0,0.0,0.0,0.0,0.0,13.8,0,4,0,0.0,0.29,0.0,0.0,,0,0,83,40.6,14,88,13,1,12,0,0.93,15,27,-12,-0.87,-0.32,0,10,12,2,2,16,9,,,0,,,,,,,,,,,,,,,
FRA-Ligue 1,2324,Lorient,Pablo Pagis,FRA,MF,20,2002,3,3,165,1.8,0,0,0,0,0,0,1,0,0.0,0.0,0.0,0.0,0.0,1.8,0,3,1,33.3,1.64,0.55,0.0,0.0,0,0,55,5.4,3,55,0,0,,8,2.0,4,3,1,0.55,1.29,0,4,4,0,2,3,6,,,0,,,,,,,,,,,,,,,
FRA-Ligue 1,2324,Lorient,Panos Katseris,GRE,MF,22,2001,15,13,1041,11.6,1,1,2,1,0,0,4,0,0.09,0.09,0.17,0.09,0.17,11.6,1,17,6,35.3,1.47,0.52,0.06,0.17,0,0,69,34.0,13,78,3,2,11,0,0.93,12,15,-3,-0.26,0.63,0,19,11,2,46,7,19,,,0,,,,,,,,,,,,,,,
FRA-Ligue 1,2324,Lorient,Romain Faivre,FRA,MF,25,1998,17,16,1453,16.1,5,1,6,5,0,0,1,0,0.31,0.06,0.37,0.31,0.37,16.1,5,27,10,37.0,1.67,0.62,0.19,0.5,0,0,85,47.5,16,89,15,1,28,0,0.71,19,34,-15,-0.93,-0.48,0,4,47,2,38,6,6,,,0,,,,,,,,,,,,,,,
FRA-Ligue 1,2324,Lorient,Royce Openda,GAB,FW,21,2002,1,0,16,0.2,0,0,0,0,0,0,0,0,0.0,0.0,0.0,0.0,0.0,0.2,0,0,0,,0.0,0.0,,,0,0,16,0.5,0,,0,1,16,1,0.0,0,2,-2,-11.25,-10.63,0,1,1,0,0,0,0,,,0,,,,,,,,,,,,,,,
FRA-Ligue 1,2324,Lorient,Siriné Doucouré,MLI,FW,21,2002,11,5,423,4.7,1,3,4,1,0,0,2,0,0.21,0.64,0.85,0.21,0.85,4.7,1,9,5,55.6,1.91,1.06,0.11,0.2,0,0,38,13.8,5,60,0,6,21,2,0.64,8,7,1,0.21,1.03,0,10,6,2,1,1,5,,,0,,,,,,,,,,,,,,,
FRA-Ligue 1,2324,Lorient,Souleymane Touré,FRA,DF,20,2003,24,23,2051,22.8,1,1,2,1,0,0,6,0,0.04,0.04,0.09,0.04,0.09,22.8,1,18,9,50.0,0.79,0.39,0.06,0.11,0,0,85,67.0,23,87,21,1,45,2,0.79,26,43,-17,-0.75,-0.21,0,36,15,0,5,31,13,,,0,,,,,,,,,,,,,,,
FRA-Ligue 1,2324,Lorient,Théo Le Bris,FRA,MF,20,2002,26,15,1516,16.8,0,2,2,0,0,0,2,0,0.0,0.12,0.12,0.0,0.12,16.8,0,13,2,15.4,0.77,0.12,0.0,0.0,0,0,58,49.5,15,84,8,11,23,8,1.0,22,27,-5,-0.3,0.75,0,7,10,0,33,10,22,,,0,,,,,,,,,,,,,,,
FRA-Ligue 1,2324,Lorient,Tiemoué Bakayoko,FRA,MF,28,1994,20,15,1314,14.6,2,1,3,2,0,0,5,0,0.14,0.07,0.21,0.14,0.21,14.6,2,12,7,58.3,0.82,0.48,0.17,0.29,0,0,66,42.9,15,80,8,5,24,2,0.95,16,26,-10,-0.68,-0.01,0,25,23,2,1,25,17,,,0,,,,,,,,,,,,,,,
FRA-Ligue 1,2324,Lorient,Tosin Aiyegun,BEN,"MF,FW",25,1998,19,10,902,10.0,2,0,2,2,0,0,0,1,0.2,0.0,0.2,0.2,0.2,10.0,2,11,3,27.3,1.1,0.3,0.18,0.67,0,0,47,29.5,10,73,2,9,20,3,0.79,15,25,-10,-1.0,-0.46,0,13,16,3,8,2,4,,,0,,,,,,,,,,,,,,,
FRA-Ligue 1,2324,Lorient,Vincent Le Goff,FRA,"MF,DF",33,1989,9,8,541,6.0,1,1,2,1,0,0,1,0,0.17,0.17,0.33,0.17,0.33,6.0,1,4,1,25.0,0.67,0.17,0.25,1.0,0,0,60,17.7,8,66,1,1,12,7,0.78,8,13,-5,-0.83,-0.19,0,3,5,2,17,3,0,,,0,,,,,,,,,,,,,,,
FRA-Ligue 1,2324,Lorient,Yvon Mvogo,SUI,GK,29,1994,34,34,3060,34.0,0,0,0,0,0,0,1,0,0.0,0.0,0.0,0.0,0.0,34.0,0,0,0,,0.0,0.0,,,0,0,90,100.0,34,90,34,0,,0,0.85,43,66,-23,-0.68,,0,0,3,0,0,0,0,,,0,66,1.94,210,144,68.6,7,8,19,4,11.8,8,8,0,0,0.0
FRA-Ligue 1,2324,Lyon,Adryelson,BRA,DF,25,1998,2,0,6,0.1,0,0,0,0,0,0,0,0,0.0,0.0,0.0,0.0,0.0,0.1,0,0,0,,0.0,0.0,,,0,0,3,0.2,0,,0,2,3,12,1.5,0,0,0,0.0,0.18,0,0,0,0,0,1,0,,,0,,,,,,,,,,,,,,,
FRA-Ligue 1,2324,Lyon,Ainsley Maitland-Niles,ENG,"DF,MF",25,1997,23,16,1432,15.9,1,4,5,0,1,1,1,1,0.06,0.25,0.31,0.0,0.25,15.9,1,18,6,33.3,1.13,0.38,0.06,0.17,1,1,62,46.8,16,80,9,7,21,6,1.78,27,32,-5,-0.31,-0.26,0,5,11,1,21,17,18,,,0,,,,,,,,,,,,,,,
FRA-Ligue 1,2324,Lyon,Alexandre Lacazette,FRA,FW,32,1991,29,27,2293,25.5,19,2,21,17,2,2,3,1,0.75,0.08,0.82,0.67,0.75,25.5,19,62,36,58.1,2.43,1.41,0.31,0.53,2,2,79,74.9,27,83,12,2,31,0,1.69,38,42,-4,-0.16,0.08,0,50,36,13,10,8,12,,,0,,,,,,,,,,,,,,,
FRA-Ligue 1,2324,Lyon,Amin Sarr,SWE,FW,22,2001,3,1,98,1.1,0,0,0,0,0,0,0,0,0.0,0.0,0.0,0.0,0.0,1.1,0,5,2,40.0,4.59,1.84,0.0,0.0,0,0,33,3.2,1,70,0,2,14,0,0.33,1,1,0,0.0,0.18,0,2,2,0,1,0,0,,,0,,,,,,,,,,,,,,,
FRA-Ligue 1,2324,Lyon,Anthony Lopes,POR,GK,32,1990,31,31,2790,31.0,0,0,0,0,0,0,0,0,0.0,0.0,0.0,0.0,0.0,31.0,0,0,0,,0.0,0.0,,,0,0,90,91.2,31,90,31,0,,0,1.68,47,49,-2,-0.06,1.27,0,1,6,0,0,0,0,,,0,49,1.58,154,109,68.2,16,4,11,8,25.8,6,4,1,1,20.0
FRA-Ligue 1,2324,Lyon,Bradley Barcola,FRA,MF,20,2002,3,3,270,3.0,0,0,0,0,0,0,1,0,0.0,0.0,0.0,0.0,0.0,3.0,0,2,0,0.0,0.67,0.0,0.0,,0,0,90,8.8,3,90,3,0,,0,0.33,2,6,-4,-1.33,-1.27,0,4,2,2,0,2,2,,,0,,,,,,,,,,,,,,,
FRA-Ligue 1,2324,Lyon,Chaim El Djebali,TUN,MF,19,2004,1,0,12,0.1,0,0,0,0,0,0,0,0,0.0,0.0,0.0,0.0,0.0,0.1,0,0,0,,0.0,0.0,,,0,0,12,0.4,0,,0,1,12,0,0.0,0,0,0,0.0,0.18,0,1,0,0,1,0,0,,,0,,,,,,,,,,,,,,,
FRA-Ligue 1,2324,Lyon,Clinton Mata,ANG,"DF,MF",30,1992,28,25,2220,24.7,0,3,3,0,0,0,6,0,0.0,0.12,0.12,0.0,0.12,24.7,0,14,0,0.0,0.57,0.0,0.0,,0,0,79,72.5,25,85,21,3,28,3,1.61,39,38,1,0.04,0.79,0,30,37,1,52,40,25,,,0,,,,,,,,,,,,,,,
FRA-Ligue 1,2324,Lyon,Corentin Tolisso,FRA,MF,28,1994,25,21,1741,19.3,3,1,4,2,1,1,5,0,0.16,0.05,0.21,0.1,0.16,19.3,3,39,14,35.9,2.02,0.72,0.08,0.21,1,1,70,56.9,21,76,8,4,36,2,1.72,19,28,-9,-0.47,-0.67,0,24,23,1,35,10,21,,,0,,,,,,,,,,,,,,,
FRA-Ligue 1,2324,Lyon,Dejan Lovren,CRO,DF,34,1989,10,8,718,8.0,0,0,0,0,0,0,2,1,0.0,0.0,0.0,0.0,0.0,8.0,0,6,4,66.7,0.75,0.5,0.0,0.0,0,0,72,23.5,8,86,4,2,14,11,1.3,13,14,-1,-0.13,0.07,0,12,1,0,3,12,7,,,0,,,,,,,,,,,,,,,
FRA-Ligue 1,2324,Lyon,Diego Moreira,BEL,MF,18,2004,7,4,270,3.0,0,0,0,0,0,0,1,0,0.0,0.0,0.0,0.0,0.0,3.0,0,5,2,40.0,1.67,0.67,0.0,0.0,0,0,39,8.8,4,53,0,3,19,4,0.57,2,6,-4,-1.33,-1.27,0,4,3,1,6,2,0,,,0,,,,,,,,,,,,,,,
FRA-Ligue 1,2324,Lyon,Duje Ćaleta-Car,CRO,DF,26,1996,24,22,1993,22.1,0,0,0,0,0,0,2,1,0.0,0.0,0.0,0.0,0.0,22.1,0,7,1,14.3,0.32,0.05,0.0,0.0,0,0,83,65.1,22,90,21,2,7,3,1.83,35,32,3,0.14,0.89,0,16,5,0,0,16,11,,,0,,,,,,,,,,,,,,,
FRA-Ligue 1,2324,Lyon,Ernest Nuamah,GHA,"FW,MF",19,2003,29,21,1838,20.4,3,2,5,3,0,0,4,0,0.15,0.1,0.24,0.15,0.24,20.4,3,43,20,46.5,2.11,0.98,0.07,0.15,0,0,63,60.1,21,74,2,8,34,0,1.69,29,32,-3,-0.15,0.07,0,50,34,12,76,9,14,,,0,,,,,,,,,,,,,,,
FRA-Ligue 1,2324,Lyon,Gift Orban,NGA,FW,21,2002,13,5,474,5.3,1,0,1,1,0,0,2,0,0.19,0.0,0.19,0.19,0.19,5.3,1,8,2,25.0,1.52,0.38,0.13,0.5,0,0,36,15.5,5,62,0,8,20,3,2.15,10,6,4,0.76,1.11,0,9,10,2,3,1,3,,,0,,,,,,,,,,,,,,,
FRA-Ligue 1,2324,Lyon,Henrique,BRA,"DF,MF",29,1994,11,6,607,6.7,1,0,1,1,0,0,2,0,0.15,0.0,0.15,0.15,0.15,6.7,1,8,3,37.5,1.19,0.44,0.13,0.33,0,0,55,19.8,6,86,3,5,18,16,1.18,8,12,-4,-0.59,-0.52,0,6,8,0,17,10,6,,,0,,,,,,,,,,,,,,,
FRA-Ligue 1,2324,Lyon,Jake O'Brien,IRL,DF,22,2001,27,27,2369,26.3,4,2,6,4,0,0,4,1,0.15,0.08,0.23,0.15,0.23,26.3,4,18,8,44.4,0.68,0.3,0.22,0.5,0,0,88,77.4,27,88,26,0,,4,1.78,44,42,2,0.08,1.12,0,17,10,0,1,11,16,,,0,,,,,,,,,,,,,,,
FRA-Ligue 1,2324,Lyon,Jeffinho,BRA,"MF,FW",23,1999,10,3,308,3.4,1,1,2,1,0,0,0,0,0.29,0.29,0.58,0.29,0.58,3.4,1,11,3,27.3,3.21,0.88,0.09,0.33,0,0,31,10.1,3,64,0,7,16,5,0.8,9,8,1,0.29,0.52,0,4,5,1,2,0,4,,,0,,,,,,,,,,,,,,,
FRA-Ligue 1,2324,Lyon,Johann Lepenant,FRA,MF,20,2002,6,2,253,2.8,0,0,0,0,0,0,1,0,0.0,0.0,0.0,0.0,0.0,2.8,0,4,2,50.0,1.42,0.71,0.0,0.0,0,0,42,8.3,2,80,1,4,23,6,0.33,1,7,-6,-2.13,-2.13,0,6,3,0,2,4,3,,,0,,,,,,,,,,,,,,,
FRA-Ligue 1,2324,Lyon,Mahamadou Diawara,FRA,MF,18,2005,11,4,358,4.0,0,0,0,0,0,0,2,0,0.0,0.0,0.0,0.0,0.0,4.0,0,6,0,0.0,1.51,0.0,0.0,,0,0,33,11.7,4,52,0,7,22,4,1.55,6,8,-2,-0.5,-0.37,0,10,7,0,2,4,6,,,0,,,,,,,,,,,,,,,
FRA-Ligue 1,2324,Lyon,Malick Fofana,BEL,"FW,MF",18,2005,17,4,559,6.2,3,0,3,3,0,0,0,0,0.48,0.0,0.48,0.48,0.48,6.2,3,9,7,77.8,1.45,1.13,0.33,0.43,0,0,33,18.3,4,67,1,13,22,0,2.18,16,8,8,1.29,1.79,0,3,12,0,20,5,4,,,0,,,,,,,,,,,,,,,
FRA-Ligue 1,2324,Lyon,Mama Samba Baldé,GNB,FW,27,1995,20,4,551,6.1,2,3,5,2,0,0,1,0,0.33,0.49,0.82,0.33,0.82,6.1,2,17,9,52.9,2.78,1.47,0.12,0.22,0,0,28,18.0,4,63,0,16,19,3,1.25,9,5,4,0.65,1.01,0,8,8,4,5,3,5,,,0,,,,,,,,,,,,,,,
FRA-Ligue 1,2324,Lyon,Mamadou Sarr,SEN,DF,17,2005,1,0,8,0.1,0,0,0,0,0,0,0,0,0.0,0.0,0.0,0.0,0.0,0.1,0,0,0,,0.0,0.0,,,0,0,8,0.3,0,,0,1,8,8,3.0,0,0,0,0.0,0.18,0,0,0,0,0,0,0,,,0,,,,,,,,,,,,,,,
FRA-Ligue 1,2324,Lyon,Maxence Caqueret,FRA,MF,23,2000,34,34,3022,33.6,1,3,4,1,0,0,1,0,0.03,0.09,0.12,0.03,0.12,33.6,1,24,9,37.5,0.71,0.27,0.04,0.11,0,0,89,98.8,34,89,30,0,,0,1.56,49,54,-5,-0.15,2.22,0,34,30,1,88,48,64,,,0,,,,,,,,,,,,,,,
FRA-Ligue 1,2324,Lyon,Mohamed El Arouch,FRA,MF,19,2004,1,0,2,0.0,0,0,0,0,0,0,0,0,0.0,0.0,0.0,0.0,0.0,0.0,0,0,0,,0.0,0.0,,,0,0,2,0.1,0,,0,1,2,4,1.0,0,0,0,0.0,0.18,0,0,0,0,0,0,0,,,0,,,,,,,,,,,,,,,
FRA-Ligue 1,2324,Lyon,Nemanja Matić,SRB,MF,34,1988,15,15,1254,13.9,0,0,0,0,0,0,2,0,0.0,0.0,0.0,0.0,0.0,13.9,0,6,2,33.3,0.43,0.14,0.0,0.0,0,0,84,41.0,15,84,9,0,,0,2.47,26,21,5,0.36,0.91,0,8,8,0,4,16,11,,,1,,,,,,,,,,,,,,,
FRA-Ligue 1,2324,Lyon,Nicolás Tagliafico,ARG,"DF,MF",30,1992,25,25,2123,23.6,3,1,4,3,0,0,7,1,0.13,0.04,0.17,0.13,0.17,23.6,3,15,6,40.0,0.64,0.25,0.2,0.5,0,0,85,69.4,25,85,19,0,,0,1.72,31,36,-5,-0.21,-0.12,1,37,33,0,40,28,34,,,0,,,,,,,,,,,,,,,
FRA-Ligue 1,2324,Lyon,Orel Mangala,BEL,MF,25,1998,8,4,398,4.4,2,0,2,2,0,0,0,0,0.45,0.0,0.45,0.45,0.45,4.4,2,5,2,40.0,1.13,0.45,0.4,1.0,0,0,50,13.0,4,73,1,4,27,3,2.63,11,4,7,1.58,2.02,0,11,4,0,2,5,3,,,0,,,,,,,,,,,,,,,
FRA-Ligue 1,2324,Lyon,Paul Akouokou,CIV,MF,25,1997,8,4,307,3.4,0,0,0,0,0,0,1,0,0.0,0.0,0.0,0.0,0.0,3.4,0,2,0,0.0,0.59,0.0,0.0,,0,0,38,10.0,4,56,0,4,21,7,0.88,1,5,-4,-1.17,-1.11,0,9,3,0,0,6,9,,,0,,,,,,,,,,,,,,,
FRA-Ligue 1,2324,Lyon,Rayan Cherki,FRA,"MF,FW",19,2003,33,19,1719,19.1,1,6,7,1,0,0,0,0,0.05,0.31,0.37,0.05,0.37,19.1,1,57,17,29.8,2.98,0.89,0.02,0.06,0,0,52,56.2,19,72,4,14,25,1,1.52,27,34,-7,-0.37,-0.43,0,10,31,2,71,7,15,,,0,,,,,,,,,,,,,,,
FRA-Ligue 1,2324,Lyon,Rémy Riou,FRA,GK,35,1987,3,3,270,3.0,0,0,0,0,0,0,0,0,0.0,0.0,0.0,0.0,0.0,3.0,0,0,0,,0.0,0.0,,,0,0,90,8.8,3,90,3,0,,10,0.33,2,6,-4,-1.33,-1.27,0,0,1,0,0,0,0,,,0,6,2.0,14,8,57.1,0,1,2,1,33.3,0,0,0,0,
FRA-Ligue 1,2324,Lyon,Sael Kumbedi,FRA,"DF,MF",18,2005,17,8,924,10.3,0,1,1,0,0,0,3,0,0.0,0.1,0.1,0.0,0.1,10.3,0,6,4,66.7,0.58,0.39,0.0,0.0,0,0,54,30.2,8,88,7,9,24,10,0.82,6,15,-9,-0.88,-1.0,0,23,12,2,28,13,19,,,0,,,,,,,,,,,,,,,
FRA-Ligue 1,2324,Lyon,Saïd Benrahma,ALG,"FW,MF",27,1995,12,10,770,8.6,3,3,6,3,0,0,2,0,0.35,0.35,0.7,0.35,0.7,8.6,3,25,9,36.0,2.92,1.05,0.12,0.33,0,0,64,25.2,10,70,0,2,37,1,2.33,15,16,-1,-0.12,0.08,0,2,10,7,67,1,7,,,0,,,,,,,,,,,,,,,
FRA-Ligue 1,2324,Lyon,Sinaly Diomande,CIV,DF,22,2001,10,10,889,9.9,0,0,0,0,0,0,2,0,0.0,0.0,0.0,0.0,0.0,9.9,0,6,1,16.7,0.61,0.1,0.0,0.0,0,0,89,29.1,10,89,9,0,,6,0.6,5,16,-11,-1.11,-1.32,0,11,8,0,1,15,4,,,0,,,,,,,,,,,,,,,
FRA-Ligue 1,2324,Lyon,Skelly Alvero,FRA,MF,21,2002,8,6,426,4.7,1,0,1,1,0,0,2,0,0.21,0.0,0.21,0.21,0.21,4.7,1,9,3,33.3,1.9,0.63,0.11,0.33,0,0,53,13.9,6,65,2,2,18,1,0.75,5,9,-4,-0.85,-0.78,0,12,3,0,2,2,7,,,0,,,,,,,,,,,,,,,
FRA-Ligue 1,2324,Lyon,Tino Kadewere,ZIM,FW,27,1996,11,2,296,3.3,0,0,0,0,0,0,0,0,0.0,0.0,0.0,0.0,0.0,3.3,0,6,1,16.7,1.82,0.3,0.0,0.0,0,0,27,9.7,2,55,0,9,21,4,1.18,4,9,-5,-1.52,-1.49,0,6,2,2,2,4,1,,,0,,,,,,,,,,,,,,,
FRA-Ligue 1,2324,Marseille,Amine Harit,MAR,MF,26,1997,28,21,1821,20.2,1,2,3,1,0,0,5,0,0.05,0.1,0.15,0.05,0.15,20.2,1,33,8,24.2,1.63,0.4,0.03,0.13,0,0,65,59.5,21,78,7,7,27,0,1.54,30,20,10,0.49,0.42,0,19,51,1,39,12,16,,,0,,,,,,,,,,,,,,,
FRA-Ligue 1,2324,Marseille,Azzedine Ounahi,MAR,MF,23,2000,21,15,1209,13.4,2,0,2,2,0,0,3,0,0.15,0.0,0.15,0.15,0.15,13.4,2,16,4,25.0,1.19,0.3,0.13,0.5,0,0,58,39.5,15,75,4,6,13,6,1.38,22,16,6,0.45,0.2,0,15,24,1,22,10,11,,,0,,,,,,,,,,,,,,,
FRA-Ligue 1,2324,Marseille,Bamo Meïté,CIV,DF,21,2001,16,6,638,7.1,0,0,0,0,0,0,1,0,0.0,0.0,0.0,0.0,0.0,7.1,0,1,0,0.0,0.14,0.0,0.0,,0,0,40,20.8,6,77,4,10,18,9,1.31,6,9,-3,-0.42,-0.94,0,10,6,0,4,11,10,,,0,,,,,,,,,,,,,,,
FRA-Ligue 1,2324,Marseille,Bilal Nadir,MAR,MF,19,2003,5,1,113,1.3,0,0,0,0,0,0,1,0,0.0,0.0,0.0,0.0,0.0,1.3,0,1,0,0.0,0.8,0.0,0.0,,0,0,23,3.7,1,89,0,4,6,12,1.6,1,1,0,0.0,-0.34,0,4,2,0,0,2,3,,,0,,,,,,,,,,,,,,,
FRA-Ligue 1,2324,Marseille,Chancel Mbemba,COD,DF,28,1994,25,25,2207,24.5,2,2,4,2,0,0,1,0,0.08,0.08,0.16,0.08,0.16,24.5,2,19,2,10.5,0.77,0.08,0.11,1.0,0,0,88,72.1,25,88,23,0,,1,1.68,41,25,16,0.65,1.18,0,21,9,2,15,13,21,,,1,,,,,,,,,,,,,,,
FRA-Ligue 1,2324,Marseille,Emran Soglo,FRA,MF,18,2005,3,1,109,1.2,1,1,2,1,0,0,1,0,0.83,0.83,1.65,0.83,1.65,1.2,1,1,1,100.0,0.83,0.83,1.0,1.0,0,0,36,3.6,1,66,0,2,22,19,1.67,3,2,1,0.83,0.52,0,2,2,1,5,1,1,,,0,,,,,,,,,,,,,,,
FRA-Ligue 1,2324,Marseille,Faris Pemi Moumbagna,CMR,FW,23,2000,13,5,547,6.1,3,1,4,3,0,0,2,1,0.49,0.16,0.66,0.49,0.66,6.1,3,16,5,31.3,2.63,0.82,0.19,0.6,0,0,42,17.9,5,70,1,8,25,1,1.15,10,9,1,0.16,-0.19,1,12,11,4,4,3,1,,,0,,,,,,,,,,,,,,,
FRA-Ligue 1,2324,Marseille,François Mughe,CMR,MF,19,2004,5,2,177,2.0,0,0,0,0,0,0,1,0,0.0,0.0,0.0,0.0,0.0,2.0,0,3,0,0.0,1.53,0.0,0.0,,0,0,35,5.8,2,53,0,3,24,8,2.2,3,1,2,1.02,0.74,0,3,8,0,7,1,0,,,0,,,,,,,,,,,,,,,
FRA-Ligue 1,2324,Marseille,Geoffrey Kondogbia,CTA,MF,30,1993,26,15,1463,16.3,0,0,0,0,0,0,3,0,0.0,0.0,0.0,0.0,0.0,16.3,0,8,1,12.5,0.49,0.06,0.0,0.0,0,0,56,47.8,15,81,9,11,22,0,1.5,26,19,7,0.43,0.21,0,25,29,2,2,29,30,,,0,,,,,,,,,,,,,,,
FRA-Ligue 1,2324,Marseille,Iliman Ndiaye,SEN,"FW,MF",23,2000,30,19,1618,18.0,3,3,6,3,0,0,0,1,0.17,0.17,0.33,0.17,0.33,18.0,3,35,9,25.7,1.95,0.5,0.09,0.33,0,0,54,52.9,19,70,2,11,27,0,1.4,27,23,4,0.22,-0.21,0,22,26,4,19,6,19,,,0,,,,,,,,,,,,,,,
FRA-Ligue 1,2324,Marseille,Ismaila Sarr,SEN,"MF,FW",25,1998,23,15,1447,16.1,3,4,7,3,0,0,1,0,0.19,0.25,0.44,0.19,0.44,16.1,3,25,10,40.0,1.55,0.62,0.12,0.3,0,0,63,47.3,15,82,7,8,26,2,1.78,26,11,15,0.93,1.16,0,16,42,7,39,13,8,,,0,,,,,,,,,,,,,,,
FRA-Ligue 1,2324,Marseille,Jean Onana,CMR,MF,23,2000,13,5,566,6.3,1,0,1,1,0,0,1,0,0.16,0.0,0.16,0.16,0.16,6.3,1,8,3,37.5,1.27,0.48,0.13,0.33,0,0,44,18.5,5,88,2,8,16,1,1.77,10,10,0,0.0,-0.4,0,15,8,0,2,11,14,,,0,,,,,,,,,,,,,,,
FRA-Ligue 1,2324,Marseille,Joaquín Correa,ARG,"MF,FW",28,1994,12,6,430,4.8,0,0,0,0,0,0,2,0,0.0,0.0,0.0,0.0,0.0,4.8,0,4,2,50.0,0.84,0.42,0.0,0.0,0,0,36,14.1,6,62,0,6,10,11,0.75,6,8,-2,-0.42,-0.86,0,6,5,0,1,1,5,,,0,,,,,,,,,,,,,,,
FRA-Ligue 1,2324,Marseille,Jonathan Clauss,FRA,"DF,MF",30,1992,27,25,2068,23.0,3,4,7,3,0,0,2,1,0.13,0.17,0.3,0.13,0.3,23.0,3,28,8,28.6,1.22,0.35,0.11,0.38,0,0,77,67.6,25,81,16,2,22,1,1.37,31,25,6,0.26,-0.19,0,11,17,3,160,36,20,,,0,,,,,,,,,,,,,,,
FRA-Ligue 1,2324,Marseille,Jordan Veretout,FRA,MF,30,1993,29,24,2183,24.3,1,2,3,1,0,0,4,0,0.04,0.08,0.12,0.04,0.12,24.3,1,36,9,25.0,1.48,0.37,0.03,0.11,0,0,75,71.3,24,86,18,5,24,0,1.48,37,34,3,0.12,-0.7,0,22,14,1,113,14,21,,,0,,,,,,,,,,,,,,,
FRA-Ligue 1,2324,Marseille,Keyliane Abdallah,FRA,FW,17,2006,1,0,4,0.0,0,0,0,0,0,0,0,0,0.0,0.0,0.0,0.0,0.0,0.0,0,0,0,,0.0,0.0,,,0,0,4,0.1,0,,0,1,4,1,1.0,1,0,1,22.5,22.21,0,0,0,0,0,0,0,,,0,,,,,,,,,,,,,,,
FRA-Ligue 1,2324,Marseille,Leonardo Balerdi,ARG,DF,24,1999,27,26,2271,25.2,2,0,2,2,0,0,6,1,0.08,0.0,0.08,0.08,0.08,25.2,2,14,4,28.6,0.55,0.16,0.14,0.5,0,0,84,74.2,26,87,21,1,21,3,1.44,39,30,9,0.36,0.13,1,25,24,1,3,51,50,,,0,,,,,,,,,,,,,,,
FRA-Ligue 1,2324,Marseille,Luis Henrique,BRA,"FW,MF",21,2001,15,8,784,8.7,1,0,1,1,0,0,0,0,0.11,0.0,0.11,0.11,0.11,8.7,1,12,3,25.0,1.38,0.34,0.08,0.33,0,0,52,25.6,8,85,5,7,15,2,1.27,14,12,2,0.23,-0.13,0,2,2,6,27,8,7,,,0,,,,,,,,,,,,,,,
FRA-Ligue 1,2324,Marseille,Mattéo Guendouzi,FRA,MF,24,1999,2,0,19,0.2,0,0,0,0,0,0,0,0,0.0,0.0,0.0,0.0,0.0,0.2,0,2,2,100.0,9.47,9.47,0.0,0.0,0,0,10,0.6,0,,0,2,10,1,3.0,0,0,0,0.0,-0.33,0,0,1,0,1,0,0,,,0,,,,,,,,,,,,,,,
FRA-Ligue 1,2324,Marseille,Michael Amir Murillo,PAN,"DF,MF",27,1996,16,10,997,11.1,3,2,5,3,0,0,3,0,0.27,0.18,0.45,0.27,0.45,11.1,3,5,4,80.0,0.45,0.36,0.6,0.75,0,0,62,32.6,10,86,8,6,24,3,1.75,20,12,8,0.72,0.59,0,10,10,6,16,11,11,,,0,,,,,,,,,,,,,,,
FRA-Ligue 1,2324,Marseille,Noam Mayoka-Tika,BEL,MF,19,2003,1,0,1,0.0,0,0,0,0,0,0,0,0,0.0,0.0,0.0,0.0,0.0,0.0,0,0,0,,0.0,0.0,,,0,0,1,0.0,0,,0,1,1,11,1.0,0,1,-1,-90.0,-90.35,0,1,0,0,0,0,0,,,0,,,,,,,,,,,,,,,
FRA-Ligue 1,2324,Marseille,Pape Gueye,SEN,"MF,DF",24,1999,15,9,765,8.5,1,0,1,1,0,0,2,0,0.12,0.0,0.12,0.12,0.12,8.5,1,8,2,25.0,0.94,0.24,0.13,0.5,0,0,51,25.0,9,72,2,6,19,1,1.93,12,11,1,0.12,-0.27,0,20,18,1,9,13,21,,,0,,,,,,,,,,,,,,,
FRA-Ligue 1,2324,Marseille,Pau López,ESP,GK,28,1994,33,33,2939,32.7,0,0,0,0,0,0,1,0,0.0,0.0,0.0,0.0,0.0,32.7,0,0,0,,0.0,0.0,,,0,0,89,96.0,33,89,32,0,,0,1.52,52,39,13,0.4,1.89,0,0,12,0,0,0,0,,,0,39,1.19,125,88,68.8,13,11,9,7,21.2,3,3,0,0,0.0
FRA-Ligue 1,2324,Marseille,Pierre-Emerick Aubameyang,GAB,FW,34,1989,34,30,2622,29.1,17,8,25,13,4,4,4,0,0.58,0.27,0.86,0.45,0.72,29.1,17,116,51,44.0,3.98,1.75,0.15,0.33,4,4,77,85.7,30,84,20,4,24,0,1.47,47,37,10,0.34,0.14,0,9,20,21,43,9,15,,,0,,,,,,,,,,,,,,,
FRA-Ligue 1,2324,Marseille,Quentin Merlin,FRA,"DF,MF",21,2002,10,8,703,7.8,0,1,1,0,0,0,1,0,0.0,0.13,0.13,0.0,0.13,7.8,0,5,1,20.0,0.64,0.13,0.0,0.0,0,0,70,23.0,8,81,4,2,27,2,1.3,12,13,-1,-0.13,-0.59,0,10,15,0,39,6,13,,,0,,,,,,,,,,,,,,,
FRA-Ligue 1,2324,Marseille,Raimane Daou,COM,DF,18,2004,1,0,25,0.3,0,0,0,0,0,0,0,0,0.0,0.0,0.0,0.0,0.0,0.3,0,0,0,,0.0,0.0,,,0,0,25,0.8,0,,0,1,25,2,1.0,1,1,0,0.0,-0.33,0,2,0,0,0,0,1,,,0,,,,,,,,,,,,,,,
FRA-Ligue 1,2324,Marseille,Renan Lodi,BRA,"DF,MF",25,1998,14,14,1235,13.7,0,0,0,0,0,0,6,0,0.0,0.0,0.0,0.0,0.0,13.7,0,6,2,33.3,0.44,0.15,0.0,0.0,0,0,88,40.4,14,88,12,0,,1,1.64,19,14,5,0.36,0.07,0,27,17,1,70,16,17,,,0,,,,,,,,,,,,,,,
FRA-Ligue 1,2324,Marseille,Rubén Blanco,ESP,GK,28,1995,2,1,121,1.3,0,0,0,0,0,0,0,0,0.0,0.0,0.0,0.0,0.0,1.3,0,0,0,,0.0,0.0,,,0,0,61,4.0,1,90,1,1,31,30,0.0,0,2,-2,-1.49,-1.89,0,0,0,0,0,0,0,,,0,2,1.49,6,4,66.7,0,0,1,0,0.0,0,0,0,0,
FRA-Ligue 1,2324,Marseille,Samuel Gigot,FRA,DF,29,1993,21,20,1726,19.2,3,0,3,3,0,0,7,1,0.16,0.0,0.16,0.16,0.16,19.2,3,19,9,47.4,0.99,0.47,0.16,0.33,0,0,82,56.4,20,84,15,1,40,2,1.57,32,26,6,0.31,-0.02,0,21,14,1,6,25,22,,,0,,,,,,,,,,,,,,,
FRA-Ligue 1,2324,Marseille,Sofiane Sidi Ali,FRA,FW,28,1995,2,0,18,0.2,0,0,0,0,0,0,0,0,0.0,0.0,0.0,0.0,0.0,0.2,0,1,0,0.0,5.0,0.0,0.0,,0,0,9,0.6,0,,0,2,9,5,2.0,0,1,-1,-5.0,-5.36,0,1,0,0,0,2,0,,,0,,,,,,,,,,,,,,,
FRA-Ligue 1,2324,Marseille,Ulisses Garcia,SUI,"DF,MF",27,1996,13,10,906,10.1,0,0,0,0,0,0,0,0,0.0,0.0,0.0,0.0,0.0,10.1,0,11,5,45.5,1.09,0.5,0.0,0.0,0,0,70,29.6,10,85,8,3,20,3,1.46,15,14,1,0.1,-0.32,0,14,11,0,48,7,16,,,0,,,,,,,,,,,,,,,
FRA-Ligue 1,2324,Marseille,Valentin Rongier,FRA,MF,28,1994,10,10,851,9.5,0,0,0,0,0,0,2,0,0.0,0.0,0.0,0.0,0.0,9.5,0,10,3,30.0,1.06,0.32,0.0,0.0,0,0,85,27.8,10,85,8,0,,0,1.3,11,12,-1,-0.11,-0.59,0,13,5,0,3,14,12,,,0,,,,,,,,,,,,,,,
FRA-Ligue 1,2324,Marseille,Vitinha,POR,FW,23,2000,18,10,923,10.3,3,2,5,3,0,0,1,0,0.29,0.2,0.49,0.29,0.49,10.3,3,37,9,24.3,3.61,0.88,0.08,0.33,0,0,51,30.2,10,79,4,8,17,1,1.61,16,10,6,0.59,0.37,0,16,23,6,18,5,8,,,0,,,,,,,,,,,,,,,
FRA-Ligue 1,2324,Metz,Ablie Jallow,GAM,"MF,FW",24,1998,17,10,918,10.2,3,2,5,2,1,1,1,0,0.29,0.2,0.49,0.2,0.39,10.2,3,18,7,38.9,1.76,0.69,0.17,0.43,1,1,54,30.0,10,75,1,7,24,4,0.53,13,20,-7,-0.69,-0.01,0,8,14,0,23,8,6,,,0,,,,,,,,,,,,,,,
FRA-Ligue 1,2324,Metz,Abou Lô,SEN,"MF,DF",23,2000,6,2,197,2.2,0,0,0,0,0,0,0,1,0.0,0.0,0.0,0.0,0.0,2.2,0,1,0,0.0,0.46,0.0,0.0,,0,0,33,6.4,2,70,0,4,15,11,1.17,1,9,-8,-3.65,-3.18,0,3,2,0,0,4,1,,,0,,,,,,,,,,,,,,,
FRA-Ligue 1,2324,Metz,Alexandre Oukidja,ALG,GK,35,1988,34,34,2987,33.2,0,0,0,0,0,0,3,0,0.0,0.0,0.0,0.0,0.0,33.2,0,0,0,,0.0,0.0,,,0,0,88,97.6,34,88,33,0,,0,0.85,34,57,-23,-0.69,-0.69,0,1,7,0,0,3,1,,,0,57,1.72,178,126,68.0,8,5,21,6,17.6,6,6,0,0,0.0
FRA-Ligue 1,2324,Metz,Arthur Atta,FRA,MF,20,2003,21,10,924,10.3,1,2,3,1,0,0,0,0,0.1,0.19,0.29,0.1,0.29,10.3,1,9,4,44.4,0.88,0.39,0.11,0.25,0,0,44,30.2,10,78,5,11,13,7,0.62,14,22,-8,-0.78,-0.15,0,18,12,4,10,9,13,,,0,,,,,,,,,,,,,,,
FRA-Ligue 1,2324,Metz,Benjamin Tetteh,GHA,FW,26,1997,12,1,278,3.1,0,0,0,0,0,0,2,0,0.0,0.0,0.0,0.0,0.0,3.1,0,3,1,33.3,0.97,0.32,0.0,0.0,0,0,23,9.1,1,80,0,11,18,4,0.5,1,4,-3,-0.97,-0.32,0,4,4,5,1,0,5,,,0,,,,,,,,,,,,,,,
FRA-Ligue 1,2324,Metz,Cheikh Tidiane Sabaly,SEN,"MF,FW",24,1999,29,17,1379,15.3,3,1,4,3,0,0,4,0,0.2,0.07,0.26,0.2,0.26,15.3,3,21,9,42.9,1.37,0.59,0.14,0.33,0,0,48,45.1,17,71,0,12,14,2,0.66,13,24,-11,-0.72,-0.08,0,24,27,6,14,9,22,,,0,,,,,,,,,,,,,,,
FRA-Ligue 1,2324,Metz,Christophe Hérelle,MTQ,DF,30,1992,19,18,1617,18.0,0,0,0,0,0,0,4,1,0.0,0.0,0.0,0.0,0.0,18.0,0,4,0,0.0,0.22,0.0,0.0,,0,0,85,52.8,18,87,15,1,45,5,0.84,14,26,-12,-0.67,0.02,0,14,33,0,1,18,16,,,0,,,,,,,,,,,,,,,
FRA-Ligue 1,2324,Metz,Danley Jean-Jacques,HAI,MF,23,2000,33,30,2682,29.8,0,0,0,0,0,0,5,0,0.0,0.0,0.0,0.0,0.0,29.8,0,34,5,14.7,1.14,0.17,0.0,0.0,0,0,81,87.6,30,88,21,3,14,0,0.88,29,49,-20,-0.67,0.04,0,48,23,1,20,39,30,,,0,,,,,,,,,,,,,,,
FRA-Ligue 1,2324,Metz,Didier Lamkel Zé,CMR,"FW,MF",26,1996,9,7,550,6.1,1,0,1,1,0,0,1,0,0.16,0.0,0.16,0.16,0.16,6.1,1,11,3,27.3,1.8,0.49,0.09,0.33,0,0,61,18.0,7,75,2,2,13,3,0.78,7,11,-4,-0.65,0.03,0,14,11,3,14,1,3,,,0,,,,,,,,,,,,,,,
FRA-Ligue 1,2324,Metz,Fali Candé,GNB,DF,25,1998,25,20,1849,20.5,0,1,1,0,0,0,4,0,0.0,0.05,0.05,0.0,0.05,20.5,0,13,7,53.8,0.63,0.34,0.0,0.0,0,0,74,60.4,20,89,18,5,13,8,1.0,25,39,-14,-0.68,-0.01,0,14,16,0,9,21,18,,,0,,,,,,,,,,,,,,,
FRA-Ligue 1,2324,Metz,Georges Mikautadze,GEO,FW,22,2000,20,20,1747,19.4,13,4,17,10,3,3,0,1,0.67,0.21,0.88,0.52,0.72,19.4,13,57,27,47.4,2.94,1.39,0.23,0.48,3,3,87,57.1,20,87,12,0,,0,0.85,22,36,-14,-0.72,-0.1,0,13,26,1,34,6,2,,,0,,,,,,,,,,,,,,,
FRA-Ligue 1,2324,Metz,Guillaume Dietsch,FRA,GK,22,2001,1,0,73,0.8,0,0,0,0,0,0,0,0,0.0,0.0,0.0,0.0,0.0,0.8,0,0,0,,0.0,0.0,,,0,0,73,2.4,0,,0,1,73,33,1.0,1,1,0,0.0,0.69,0,0,0,0,0,0,0,,,0,1,1.23,3,2,66.7,0,0,0,0,,0,0,0,0,
FRA-Ligue 1,2324,Metz,Habib Maïga,CIV,MF,27,1996,7,1,147,1.6,0,0,0,0,0,0,0,0,0.0,0.0,0.0,0.0,0.0,1.6,0,2,0,0.0,1.22,0.0,0.0,,0,0,21,4.8,1,61,0,6,14,5,1.57,0,3,-3,-1.84,-1.22,0,4,2,0,1,3,2,,,0,,,,,,,,,,,,,,,
FRA-Ligue 1,2324,Metz,Ibou Sané,SEN,FW,18,2005,9,0,128,1.4,1,0,1,1,0,0,1,0,0.7,0.0,0.7,0.7,0.7,1.4,1,2,1,50.0,1.41,0.7,0.5,1.0,0,0,14,4.2,0,,0,9,14,9,0.44,3,3,0,0.0,0.71,0,5,2,1,4,1,4,,,0,,,,,,,,,,,,,,,
FRA-Ligue 1,2324,Metz,Ismaël Traoré,CIV,DF,36,1986,26,25,2220,24.7,2,0,2,2,0,0,2,0,0.08,0.0,0.08,0.08,0.08,24.7,2,10,4,40.0,0.41,0.16,0.2,0.5,0,0,85,72.5,25,89,23,1,6,2,0.73,27,45,-18,-0.73,-0.19,0,23,4,0,0,32,11,,,0,,,,,,,,,,,,,,,
FRA-Ligue 1,2324,Metz,Joel Asoro,SWE,"MF,FW",24,1999,20,10,848,9.4,2,1,3,2,0,0,2,0,0.21,0.11,0.32,0.21,0.32,9.4,2,6,3,50.0,0.64,0.32,0.33,0.67,0,0,42,27.7,10,64,0,10,20,4,0.6,6,13,-7,-0.74,-0.09,0,18,22,4,19,6,8,,,0,,,,,,,,,,,,,,,
FRA-Ligue 1,2324,Metz,Joseph Nduquidi,FRA,"MF,DF",18,2004,13,7,751,8.3,0,0,0,0,0,0,2,0,0.0,0.0,0.0,0.0,0.0,8.3,0,4,1,25.0,0.48,0.12,0.0,0.0,0,0,58,24.5,7,84,5,6,27,10,0.92,5,13,-8,-0.96,-0.37,0,14,14,0,0,11,4,,,0,,,,,,,,,,,,,,,
FRA-Ligue 1,2324,Metz,Koffi Kouao,CIV,DF,25,1998,13,10,860,9.6,0,2,2,0,0,0,2,0,0.0,0.21,0.21,0.0,0.21,9.6,0,5,1,20.0,0.52,0.1,0.0,0.0,0,0,66,28.1,10,78,6,3,27,16,0.85,13,21,-8,-0.84,-0.22,0,16,5,1,16,12,12,,,0,,,,,,,,,,,,,,,
FRA-Ligue 1,2324,Metz,Kévin N'Doram,FRA,MF,27,1996,23,18,1604,17.8,0,2,2,0,0,0,4,0,0.0,0.11,0.11,0.0,0.11,17.8,0,7,1,14.3,0.39,0.06,0.0,0.0,0,0,70,52.4,18,85,13,5,15,2,0.83,18,29,-11,-0.62,0.12,0,29,21,0,2,27,23,,,0,,,,,,,,,,,,,,,
FRA-Ligue 1,2324,Metz,Kévin Van Den Kerkhof,ALG,"MF,FW",27,1996,29,21,1913,21.3,1,2,3,1,0,0,2,0,0.05,0.09,0.14,0.05,0.14,21.3,1,20,7,35.0,0.94,0.33,0.05,0.14,0,0,66,62.5,21,82,7,8,25,1,0.83,21,32,-11,-0.52,0.42,0,8,10,6,129,12,25,,,0,,,,,,,,,,,,,,,
FRA-Ligue 1,2324,Metz,Lamine Camara,SEN,MF,19,2004,31,26,2255,25.1,1,4,5,1,0,1,3,0,0.04,0.16,0.2,0.04,0.2,25.1,1,30,9,30.0,1.2,0.36,0.03,0.11,0,1,73,73.7,26,81,12,5,30,1,0.84,31,42,-11,-0.44,0.9,0,44,44,1,118,27,43,,,0,,,,,,,,,,,,,,,
FRA-Ligue 1,2324,Metz,Malick Mbaye,SEN,MF,19,2004,5,1,153,1.7,0,0,0,0,0,0,1,0,0.0,0.0,0.0,0.0,0.0,1.7,0,4,0,0.0,2.35,0.0,0.0,,0,0,31,5.0,1,89,0,4,16,9,0.8,2,6,-4,-2.35,-1.76,0,5,4,0,13,0,1,,,0,,,,,,,,,,,,,,,
FRA-Ligue 1,2324,Metz,Matthieu Udol,FRA,DF,27,1996,30,30,2700,30.0,3,3,6,3,0,0,5,0,0.1,0.1,0.2,0.1,0.2,30.0,3,19,8,42.1,0.63,0.27,0.16,0.38,0,0,90,88.2,30,90,30,0,,0,0.93,29,46,-17,-0.57,0.93,0,28,21,1,71,44,36,,,0,,,,,,,,,,,,,,,
FRA-Ligue 1,2324,Metz,Maxime Colin,FRA,DF,31,1991,22,22,1832,20.4,0,0,0,0,0,0,3,0,0.0,0.0,0.0,0.0,0.0,20.4,0,6,0,0.0,0.29,0.0,0.0,,0,0,83,59.9,22,83,18,0,,4,0.95,21,30,-9,-0.44,0.58,0,11,8,0,34,22,26,,,0,,,,,,,,,,,,,,,
FRA-Ligue 1,2324,Metz,N'Guessan Kouadio,CIV,MF,20,2003,6,1,110,1.2,0,0,0,0,0,0,0,0,0.0,0.0,0.0,0.0,0.0,1.2,0,3,1,33.3,2.45,0.82,0.0,0.0,0,0,18,3.6,1,87,0,5,5,8,0.5,0,3,-3,-2.45,-1.84,0,10,5,0,1,1,1,,,0,,,,,,,,,,,,,,,
FRA-Ligue 1,2324,Metz,Oscar Estupiñan,COL,FW,26,1996,6,4,260,2.9,0,0,0,0,0,0,0,0,0.0,0.0,0.0,0.0,0.0,2.9,0,6,1,16.7,2.08,0.35,0.0,0.0,0,0,43,8.5,4,58,0,2,15,0,0.5,2,2,0,0.0,0.74,0,6,3,1,1,0,4,,,0,,,,,,,,,,,,,,,
FRA-Ligue 1,2324,Metz,Papa Amadou Diallo,SEN,"MF,FW",19,2004,16,9,889,9.9,2,1,3,2,0,0,1,0,0.2,0.1,0.3,0.2,0.3,9.9,2,13,6,46.2,1.32,0.61,0.15,0.33,0,0,56,29.1,9,78,2,7,26,8,0.81,13,15,-2,-0.2,0.67,0,10,11,4,14,10,9,,,0,,,,,,,,,,,,,,,
FRA-Ligue 1,2324,Metz,Sadibou Sané,SEN,DF,19,2004,14,9,846,9.4,0,0,0,0,0,0,1,0,0.0,0.0,0.0,0.0,0.0,9.4,0,5,1,20.0,0.53,0.11,0.0,0.0,0,0,60,27.6,9,85,8,5,16,8,1.0,9,16,-7,-0.74,-0.09,0,9,5,1,8,7,11,,,0,,,,,,,,,,,,,,,
FRA-Ligue 1,2324,Metz,Simon Elisor,FRA,FW,24,1999,14,9,767,8.5,1,0,1,1,0,1,1,0,0.12,0.0,0.12,0.12,0.12,8.5,1,14,7,50.0,1.64,0.82,0.07,0.14,0,1,55,25.1,9,74,2,5,20,2,1.07,8,13,-5,-0.59,0.12,0,17,16,4,4,0,2,,,0,,,,,,,,,,,,,,,
FRA-Ligue 1,2324,Metz,Youssef Maziz,FRA,MF,25,1998,2,2,124,1.4,1,0,1,1,0,0,0,0,0.73,0.0,0.73,0.73,0.73,1.4,1,4,2,50.0,2.9,1.45,0.25,0.5,0,0,62,4.1,2,62,0,0,,0,0.5,1,3,-2,-1.45,-0.81,0,1,2,0,4,1,0,,,0,,,,,,,,,,,,,,,
FRA-Ligue 1,2324,Monaco,Aleksandr Golovin,RUS,MF,27,1996,25,25,2147,23.9,6,6,12,6,0,0,8,1,0.25,0.25,0.5,0.25,0.5,23.9,6,45,20,44.4,1.89,0.84,0.13,0.3,0,0,86,70.2,25,86,16,0,,0,1.96,47,31,16,0.67,-0.32,0,25,36,3,111,23,29,,,0,,,,,,,,,,,,,,,
FRA-Ligue 1,2324,Monaco,Antonin Cartillier,FRA,DF,19,2004,1,0,8,0.1,0,0,0,0,0,0,0,0,0.0,0.0,0.0,0.0,0.0,0.1,0,0,0,,0.0,0.0,,,0,0,8,0.3,0,,0,1,8,5,0.0,0,1,-1,-11.25,-12.05,0,0,0,0,0,0,0,,,0,,,,,,,,,,,,,,,
FRA-Ligue 1,2324,Monaco,Breel Embolo,SUI,FW,26,1997,5,2,182,2.0,1,0,1,1,0,0,0,0,0.49,0.0,0.49,0.49,0.49,2.0,1,6,3,50.0,2.97,1.48,0.17,0.33,0,0,36,5.9,2,54,0,3,25,2,2.4,4,2,2,0.99,0.24,0,3,7,3,1,1,3,,,0,,,,,,,,,,,,,,,
FRA-Ligue 1,2324,Monaco,Caio Henrique,BRA,"MF,DF",26,1997,9,7,623,6.9,0,5,5,0,0,0,0,0,0.0,0.72,0.72,0.0,0.72,6.9,0,6,1,16.7,0.87,0.14,0.0,0.0,0,0,69,20.4,7,88,4,2,3,2,2.22,18,7,11,1.59,1.04,0,2,2,1,35,7,8,,,0,,,,,,,,,,,,,,,
FRA-Ligue 1,2324,Monaco,Chrislain Matsima,FRA,DF,21,2002,6,3,298,3.3,0,1,1,0,0,0,2,0,0.0,0.3,0.3,0.0,0.3,3.3,0,2,0,0.0,0.6,0.0,0.0,,0,0,50,9.7,3,83,2,3,17,13,2.17,7,6,1,0.3,-0.51,0,10,2,0,0,3,8,,,0,,,,,,,,,,,,,,,
FRA-Ligue 1,2324,Monaco,Denis Zakaria,SUI,"MF,DF",26,1996,25,24,2137,23.7,4,0,4,4,0,0,13,2,0.17,0.0,0.17,0.17,0.17,23.7,4,26,10,38.5,1.09,0.42,0.15,0.4,0,0,85,69.8,24,88,18,1,17,0,1.76,41,32,9,0.38,-1.28,2,33,13,0,9,45,26,,,0,,,,,,,,,,,,,,,
FRA-Ligue 1,2324,Monaco,Edan Diop,FRA,MF,18,2004,10,0,163,1.8,0,0,0,0,0,0,3,0,0.0,0.0,0.0,0.0,0.0,1.8,0,0,0,,0.0,0.0,,,0,0,16,5.3,0,,0,10,16,17,2.5,4,4,0,0.0,-0.81,0,7,3,0,2,1,8,,,0,,,,,,,,,,,,,,,
FRA-Ligue 1,2324,Monaco,Eliesse Ben Seghir,MAR,"MF,FW",18,2005,13,4,428,4.8,2,1,3,2,0,0,0,1,0.42,0.21,0.63,0.42,0.63,4.8,2,14,4,28.6,2.94,0.84,0.14,0.5,0,0,33,14.0,4,67,0,9,18,3,1.92,11,2,9,1.89,1.31,0,6,19,1,12,2,6,,,0,,,,,,,,,,,,,,,
FRA-Ligue 1,2324,Monaco,Eliot Matazo,BEL,MF,21,2002,6,0,102,1.1,0,1,1,0,0,0,2,0,0.0,0.88,0.88,0.0,0.88,1.1,0,1,1,100.0,0.88,0.88,0.0,0.0,0,0,17,3.3,0,,0,6,17,6,2.17,2,3,-1,-0.88,-1.7,0,5,1,0,1,3,2,,,0,,,,,,,,,,,,,,,
FRA-Ligue 1,2324,Monaco,Folarin Balogun,USA,FW,22,2001,29,19,1692,18.8,7,5,12,7,0,3,1,0,0.37,0.27,0.64,0.37,0.64,18.8,7,66,29,43.9,3.51,1.54,0.11,0.24,0,3,58,55.3,19,77,5,10,23,0,2.0,36,26,10,0.53,-0.52,0,31,35,14,8,3,3,,,0,,,,,,,,,,,,,,,
FRA-Ligue 1,2324,Monaco,Guillermo Maripán,CHI,DF,29,1994,23,21,1767,19.6,1,0,1,1,0,0,0,1,0.05,0.0,0.05,0.05,0.05,19.6,1,11,5,45.5,0.56,0.25,0.09,0.2,0,0,77,57.7,21,84,19,2,1,3,1.91,39,26,13,0.66,-0.24,0,21,6,1,0,28,9,,,0,,,,,,,,,,,,,,,
FRA-Ligue 1,2324,Monaco,Ismail Jakobs,SEN,"MF,DF",23,1999,22,16,1466,16.3,1,2,3,1,0,0,0,0,0.06,0.12,0.18,0.06,0.18,16.3,1,21,7,33.3,1.29,0.43,0.05,0.14,0,0,67,47.9,16,86,10,6,16,2,1.95,31,24,7,0.43,-0.64,0,25,18,3,76,12,42,,,0,,,,,,,,,,,,,,,
FRA-Ligue 1,2324,Monaco,Kassoum Ouattara,FRA,"DF,MF",18,2004,14,7,636,7.1,1,0,1,1,0,0,2,0,0.14,0.0,0.14,0.14,0.14,7.1,1,8,5,62.5,1.13,0.71,0.13,0.2,0,0,45,20.8,7,73,2,7,18,10,1.57,10,7,3,0.42,-0.43,0,10,9,0,35,13,12,,,0,,,,,,,,,,,,,,,
FRA-Ligue 1,2324,Monaco,Krépin Diatta,SEN,"MF,DF",24,1999,26,12,1206,13.4,0,2,2,0,0,0,2,0,0.0,0.15,0.15,0.0,0.15,13.4,0,9,0,0.0,0.67,0.0,0.0,,0,0,46,39.4,12,84,9,14,15,1,2.15,30,16,14,1.04,0.46,0,18,24,1,39,15,21,,,0,,,,,,,,,,,,,,,
FRA-Ligue 1,2324,Monaco,Lucas Michal,FRA,FW,18,2005,1,0,7,0.1,0,0,0,0,0,0,0,0,0.0,0.0,0.0,0.0,0.0,0.1,0,0,0,,0.0,0.0,,,0,0,7,0.2,0,,0,1,7,8,3.0,0,0,0,0.0,-0.77,0,1,0,0,0,0,0,,,0,,,,,,,,,,,,,,,
FRA-Ligue 1,2324,Monaco,Maghnes Akliouche,FRA,MF,21,2002,28,18,1613,17.9,7,4,11,7,0,0,5,0,0.39,0.22,0.61,0.39,0.61,17.9,7,35,21,60.0,1.95,1.17,0.2,0.33,0,0,58,52.7,18,78,3,10,20,3,1.93,32,17,15,0.84,0.15,0,34,31,1,54,8,23,,,0,,,,,,,,,,,,,,,
FRA-Ligue 1,2324,Monaco,Mamadou Coulibaly,FRA,MF,19,2004,5,1,118,1.3,0,0,0,0,0,0,0,0,0.0,0.0,0.0,0.0,0.0,1.3,0,2,0,0.0,1.53,0.0,0.0,,0,0,24,3.9,1,45,0,4,18,11,2.4,4,2,2,1.53,0.79,0,3,2,0,1,0,4,,,0,,,,,,,,,,,,,,,
FRA-Ligue 1,2324,Monaco,Mohamed Camara,MLI,MF,23,2000,20,14,1035,11.5,1,2,3,0,1,1,4,0,0.09,0.17,0.26,0.0,0.17,11.5,1,14,4,28.6,1.22,0.35,0.07,0.25,1,1,52,33.8,14,71,2,6,7,4,2.3,27,12,15,1.3,0.82,0,25,23,0,1,11,20,,,0,,,,,,,,,,,,,,,
FRA-Ligue 1,2324,Monaco,Mohammed Salisu,GHA,DF,24,1999,12,11,1035,11.5,0,1,1,0,0,0,2,0,0.0,0.09,0.09,0.0,0.09,11.5,0,4,1,25.0,0.35,0.09,0.0,0.0,0,0,86,33.8,11,90,11,1,45,5,1.92,23,13,10,0.87,0.16,0,12,5,1,1,21,12,,,0,,,,,,,,,,,,,,,
FRA-Ligue 1,2324,Monaco,Myron Boadu,NED,FW,22,2001,9,0,85,0.9,1,0,1,1,0,0,0,0,1.06,0.0,1.06,1.06,1.06,0.9,1,2,2,100.0,2.12,2.12,0.5,0.5,0,0,9,2.8,0,,0,9,9,5,1.78,1,1,0,0.0,-0.79,0,3,2,1,0,0,2,,,0,,,,,,,,,,,,,,,
FRA-Ligue 1,2324,Monaco,Philipp Köhn,SUI,GK,25,1998,22,22,1980,22.0,0,0,0,0,0,0,0,0,0.0,0.0,0.0,0.0,0.0,22.0,0,0,0,,0.0,0.0,,,0,0,90,64.7,22,90,22,0,,12,1.73,41,32,9,0.41,-1.01,0,0,1,0,0,2,1,,,0,32,1.45,98,66,67.3,11,5,6,5,22.7,6,5,1,0,16.7
FRA-Ligue 1,2324,Monaco,Radosław Majecki,POL,GK,23,1999,12,12,1080,12.0,0,0,0,0,0,0,1,0,0.0,0.0,0.0,0.0,0.0,12.0,0,0,0,,0.0,0.0,,,0,0,90,35.3,12,90,12,0,,22,2.42,27,10,17,1.42,1.01,0,0,2,0,0,0,0,,,0,10,0.83,57,46,82.5,9,2,1,5,41.7,0,0,0,0,
FRA-Ligue 1,2324,Monaco,Saïmon Bouabré,FRA,MF,17,2006,1,0,45,0.5,0,0,0,0,0,0,0,0,0.0,0.0,0.0,0.0,0.0,0.5,0,0,0,,0.0,0.0,,,0,0,45,1.5,0,,0,1,45,2,3.0,1,0,1,2.0,1.25,0,1,2,1,0,0,2,,,0,,,,,,,,,,,,,,,
FRA-Ligue 1,2324,Monaco,Soungoutou Magassa,FRA,DF,19,2003,21,15,1346,15.0,0,0,0,0,0,0,7,0,0.0,0.0,0.0,0.0,0.0,15.0,0,8,3,37.5,0.53,0.2,0.0,0.0,0,0,64,44.0,15,87,12,6,8,10,2.1,35,22,13,0.87,0.19,0,31,13,1,4,20,29,,,0,,,,,,,,,,,,,,,
FRA-Ligue 1,2324,Monaco,Takumi Minamino,JPN,MF,28,1995,30,25,2117,23.5,9,6,15,9,0,0,4,0,0.38,0.26,0.64,0.38,0.64,23.5,9,61,29,47.5,2.59,1.23,0.15,0.31,0,0,71,69.2,25,81,9,5,17,0,2.0,45,26,19,0.81,0.14,0,29,32,5,32,12,17,,,0,,,,,,,,,,,,,,,
FRA-Ligue 1,2324,Monaco,Thilo Kehrer,GER,DF,26,1996,15,15,1323,14.7,1,1,2,1,0,0,4,1,0.07,0.07,0.14,0.07,0.14,14.7,1,12,4,33.3,0.82,0.27,0.08,0.25,0,0,88,43.2,15,88,14,0,,0,1.87,30,18,12,0.82,0.09,1,17,5,0,2,27,23,,,0,,,,,,,,,,,,,,,
FRA-Ligue 1,2324,Monaco,Vanderson,BRA,"MF,DF",22,2001,20,20,1641,18.2,3,1,4,3,0,0,6,1,0.16,0.05,0.22,0.16,0.22,18.2,3,30,10,33.3,1.65,0.55,0.1,0.3,0,0,82,53.6,20,82,11,0,,5,2.0,39,25,14,0.77,0.01,1,45,17,1,48,34,40,,,0,,,,,,,,,,,,,,,
FRA-Ligue 1,2324,Monaco,Wilfried Singo,CIV,DF,22,2000,25,24,2187,24.3,1,1,2,1,0,0,8,1,0.04,0.04,0.08,0.04,0.08,24.3,1,19,7,36.8,0.78,0.29,0.05,0.14,0,0,87,71.5,24,90,23,1,28,0,2.12,47,26,21,0.86,0.35,0,36,37,2,20,49,25,,,1,,,,,,,,,,,,,,,
FRA-Ligue 1,2324,Monaco,Wissam Ben Yedder,FRA,FW,32,1990,32,26,2316,25.7,16,2,18,15,1,1,2,0,0.62,0.08,0.7,0.58,0.66,25.7,16,64,31,48.4,2.49,1.2,0.25,0.52,1,1,72,75.7,26,85,14,6,17,1,2.0,56,32,24,0.93,0.69,0,11,20,31,9,7,2,,,0,,,,,,,,,,,,,,,
FRA-Ligue 1,2324,Monaco,Youssouf Fofana,FRA,MF,24,1999,32,31,2697,30.0,4,4,8,4,0,0,3,0,0.13,0.13,0.27,0.13,0.27,30.0,4,52,14,26.9,1.74,0.47,0.08,0.29,0,0,84,88.1,31,87,24,1,13,0,2.0,56,33,23,0.77,0.02,0,37,33,1,12,36,40,,,1,,,,,,,,,,,,,,,
FRA-Ligue 1,2324,Montpellier,Akor Adams,NGA,FW,23,2000,32,27,2252,25.0,8,1,9,8,0,0,2,0,0.32,0.04,0.36,0.32,0.36,25.0,8,79,33,41.8,3.16,1.32,0.1,0.24,0,0,70,73.6,27,80,10,5,21,1,1.22,29,32,-3,-0.12,0.1,0,39,23,26,12,4,5,,,0,,,,,,,,,,,,,,,
FRA-Ligue 1,2324,Montpellier,Arnaud Nordin,FRA,"MF,FW",25,1998,20,15,1246,13.8,5,3,8,5,0,0,1,1,0.36,0.22,0.58,0.36,0.58,13.8,5,31,14,45.2,2.24,1.01,0.16,0.36,0,0,62,40.7,15,76,4,5,20,0,1.25,23,21,2,0.14,0.49,0,13,41,1,35,2,6,,,0,,,,,,,,,,,,,,,
FRA-Ligue 1,2324,Montpellier,Axel Gueguin,FRA,DF,18,2005,3,1,132,1.5,0,0,0,0,0,0,0,0,0.0,0.0,0.0,0.0,0.0,1.5,0,0,0,,0.0,0.0,,,0,0,44,4.3,1,90,1,2,21,2,0.33,0,2,-2,-1.36,-1.27,0,0,3,0,2,2,4,,,0,,,,,,,,,,,,,,,
FRA-Ligue 1,2324,Montpellier,Becir Omeragic,SUI,"DF,MF",21,2002,28,26,2312,25.7,0,0,0,0,0,0,4,0,0.0,0.0,0.0,0.0,0.0,25.7,0,9,3,33.3,0.35,0.12,0.0,0.0,0,0,83,75.6,26,88,24,2,17,2,1.32,28,28,0,0.0,0.6,0,18,16,0,3,28,31,,,0,,,,,,,,,,,,,,,
FRA-Ligue 1,2324,Montpellier,Benjamin Lecomte,FRA,GK,32,1991,30,30,2700,30.0,0,1,1,0,0,0,1,0,0.0,0.03,0.03,0.0,0.03,30.0,0,0,0,,0.0,0.0,,,0,0,90,88.2,30,90,30,0,,0,1.27,37,37,0,0.0,1.25,0,0,2,0,0,0,0,,,1,37,1.23,139,102,73.4,9,11,10,10,33.3,5,4,1,0,20.0
FRA-Ligue 1,2324,Montpellier,Boubakar Kouyaté,MLI,DF,26,1997,23,22,1928,21.4,0,2,2,0,0,0,5,1,0.0,0.09,0.09,0.0,0.09,21.4,0,13,2,15.4,0.61,0.09,0.0,0.0,0,0,84,63.0,22,88,19,1,2,1,1.3,32,36,-4,-0.19,-0.11,0,36,21,1,1,28,33,,,0,,,,,,,,,,,,,,,
FRA-Ligue 1,2324,Montpellier,Christopher Jullien,FRA,DF,30,1993,20,13,1233,13.7,1,0,1,1,0,0,5,0,0.07,0.0,0.07,0.07,0.07,13.7,1,7,1,14.3,0.51,0.07,0.14,1.0,0,0,62,40.3,13,87,11,7,15,8,1.4,18,18,0,0.0,0.25,0,13,5,0,1,11,14,,,0,,,,,,,,,,,,,,,
FRA-Ligue 1,2324,Montpellier,Dimitry Bertaud,COD,GK,25,1998,4,4,360,4.0,0,0,0,0,0,0,0,0,0.0,0.0,0.0,0.0,0.0,4.0,0,0,0,,0.0,0.0,,,0,0,90,11.8,4,90,4,0,,25,1.0,6,11,-5,-1.25,-1.25,0,0,0,0,0,0,0,,,0,11,2.75,34,23,67.6,1,1,2,0,0.0,0,0,0,0,
FRA-Ligue 1,2324,Montpellier,Elye Wahi,CIV,FW,20,2003,1,0,14,0.2,0,0,0,0,0,0,0,0,0.0,0.0,0.0,0.0,0.0,0.2,0,0,0,,0.0,0.0,,,0,0,14,0.5,0,,0,1,14,0,1.0,0,1,-1,-6.43,-6.31,0,0,1,0,0,0,0,,,0,,,,,,,,,,,,,,,
FRA-Ligue 1,2324,Montpellier,Enzo Tchato,CMR,DF,20,2002,17,11,1125,12.5,0,0,0,0,0,0,2,0,0.0,0.0,0.0,0.0,0.0,12.5,0,5,1,20.0,0.4,0.08,0.0,0.0,0,0,66,36.8,11,86,8,6,30,14,1.41,16,18,-2,-0.16,-0.02,0,15,5,0,49,11,18,,,0,,,,,,,,,,,,,,,
FRA-Ligue 1,2324,Montpellier,Falaye Sacko,MLI,DF,28,1995,19,15,1382,15.4,0,1,1,0,0,0,0,0,0.0,0.07,0.07,0.0,0.07,15.4,0,1,0,0.0,0.07,0.0,0.0,,0,0,73,45.2,15,86,13,4,22,6,1.0,17,24,-7,-0.46,-0.56,0,8,8,0,28,23,17,,,1,,,,,,,,,,,,,,,
FRA-Ligue 1,2324,Montpellier,Issiaga Sylla,GUI,"DF,MF",29,1994,19,17,1455,16.2,1,2,3,1,0,0,3,0,0.06,0.12,0.19,0.06,0.19,16.2,1,12,5,41.7,0.74,0.31,0.08,0.2,0,0,77,47.5,17,85,14,2,7,1,1.26,25,24,1,0.06,0.4,0,21,10,3,43,22,17,,,0,,,,,,,,,,,,,,,
FRA-Ligue 1,2324,Montpellier,Jordan Ferri,FRA,MF,31,1992,30,23,2031,22.6,1,1,2,1,0,0,6,0,0.04,0.04,0.09,0.04,0.09,22.6,1,9,1,11.1,0.4,0.04,0.11,1.0,0,0,68,66.4,23,80,10,7,26,0,1.23,33,33,0,0.0,0.44,0,47,43,0,38,12,22,,,0,,,,,,,,,,,,,,,
FRA-Ligue 1,2324,Montpellier,Joris Chotard,FRA,MF,21,2001,31,30,2587,28.7,0,3,3,0,0,0,5,0,0.0,0.1,0.1,0.0,0.1,28.7,0,21,7,33.3,0.73,0.24,0.0,0.0,0,0,83,84.5,30,84,22,1,57,0,1.23,35,38,-3,-0.1,0.28,0,30,18,0,33,42,50,,,0,,,,,,,,,,,,,,,
FRA-Ligue 1,2324,Montpellier,Kelvin Yeboah,ITA,FW,23,2000,13,0,276,3.1,0,0,0,0,0,0,0,0,0.0,0.0,0.0,0.0,0.0,3.1,0,7,4,57.1,2.28,1.3,0.0,0.0,0,0,21,9.0,0,,0,13,21,3,1.08,2,4,-2,-0.65,-0.56,0,11,8,3,3,1,3,,,0,,,,,,,,,,,,,,,
FRA-Ligue 1,2324,Montpellier,Khalil Fayad,FRA,MF,19,2004,23,11,1025,11.4,3,0,3,3,0,0,2,0,0.26,0.0,0.26,0.26,0.26,11.4,3,17,7,41.2,1.49,0.61,0.18,0.43,0,0,45,33.5,11,67,0,12,24,7,0.91,7,19,-12,-1.05,-1.36,0,22,24,1,13,14,15,,,0,,,,,,,,,,,,,,,
FRA-Ligue 1,2324,Montpellier,Lucas Mincarelli,FRA,"DF,MF",19,2004,13,12,978,10.9,1,1,2,1,0,0,1,1,0.09,0.09,0.18,0.09,0.18,10.9,1,6,3,50.0,0.55,0.28,0.17,0.33,0,0,75,32.0,12,81,6,1,5,9,1.23,13,14,-1,-0.09,0.08,0,4,10,0,26,9,16,,,0,,,,,,,,,,,,,,,
FRA-Ligue 1,2324,Montpellier,Léo Leroy,FRA,MF,23,2000,21,3,499,5.5,0,1,1,0,0,0,4,0,0.0,0.18,0.18,0.0,0.18,5.5,0,7,1,14.3,1.26,0.18,0.0,0.0,0,0,24,16.3,3,72,1,18,16,6,1.18,8,12,-4,-0.72,-0.69,0,19,5,0,1,7,10,,,0,,,,,,,,,,,,,,,
FRA-Ligue 1,2324,Montpellier,Mamadou Sakho,FRA,DF,33,1990,1,0,7,0.1,0,0,0,0,0,0,0,0,0.0,0.0,0.0,0.0,0.0,0.1,0,0,0,,0.0,0.0,,,0,0,7,0.2,0,,0,1,7,5,3.0,1,0,1,12.86,13.03,0,0,0,0,0,0,1,,,0,,,,,,,,,,,,,,,
FRA-Ligue 1,2324,Montpellier,Maxime Estève,FRA,DF,21,2002,12,12,995,11.1,1,1,2,1,0,0,2,0,0.09,0.09,0.18,0.09,0.18,11.1,1,6,2,33.3,0.54,0.18,0.17,0.5,0,0,83,32.5,12,83,9,0,,5,1.17,8,12,-4,-0.36,-0.32,0,11,7,0,2,19,11,,,1,,,,,,,,,,,,,,,
FRA-Ligue 1,2324,Montpellier,Modibo Sagnan,MLI,DF,24,1999,13,12,1054,11.7,2,0,2,2,0,0,5,0,0.17,0.0,0.17,0.17,0.17,11.7,2,10,3,30.0,0.85,0.26,0.2,0.67,0,0,81,34.4,12,88,9,1,1,1,1.46,18,17,1,0.09,0.35,0,19,7,0,1,13,23,,,0,,,,,,,,,,,,,,,
FRA-Ligue 1,2324,Montpellier,Musa Al-Taamari,JOR,"MF,FW",26,1997,27,24,1928,21.4,5,2,7,5,0,0,0,0,0.23,0.09,0.33,0.23,0.33,21.4,5,47,20,42.6,2.19,0.93,0.11,0.25,0,0,71,63.0,24,78,8,3,23,0,1.41,27,29,-2,-0.09,0.15,0,11,51,7,22,6,17,,,0,,,,,,,,,,,,,,,
FRA-Ligue 1,2324,Montpellier,Othmane Maamma,MAR,FW,17,2005,2,1,88,1.0,1,0,1,1,0,0,0,0,1.02,0.0,1.02,1.02,1.02,1.0,1,3,1,33.3,3.07,1.02,0.33,1.0,0,0,44,2.9,1,58,0,1,30,2,0.5,1,3,-2,-2.05,-1.95,0,0,1,0,4,0,3,,,0,,,,,,,,,,,,,,,
FRA-Ligue 1,2324,Montpellier,Sacha Delaye,FRA,MF,21,2002,9,0,130,1.4,0,0,0,0,0,0,1,0,0.0,0.0,0.0,0.0,0.0,1.4,0,5,2,40.0,3.46,1.38,0.0,0.0,0,0,14,4.2,0,,0,9,14,18,0.89,1,0,1,0.69,0.88,0,5,1,0,3,0,2,,,0,,,,,,,,,,,,,,,
FRA-Ligue 1,2324,Montpellier,Silvan Hefti,SUI,"DF,MF",25,1997,11,9,711,7.9,0,1,1,0,0,0,1,0,0.0,0.13,0.13,0.0,0.13,7.9,0,4,1,25.0,0.51,0.13,0.0,0.0,0,0,65,23.2,9,76,5,2,13,5,1.55,13,10,3,0.38,0.69,0,5,8,0,19,7,14,,,0,,,,,,,,,,,,,,,
FRA-Ligue 1,2324,Montpellier,Tanguy Coulibaly,FRA,"MF,FW",22,2001,16,7,623,6.9,1,0,1,1,0,0,2,0,0.14,0.0,0.14,0.14,0.14,6.9,1,16,8,50.0,2.31,1.16,0.06,0.13,0,0,39,20.4,7,61,1,9,22,2,1.44,11,14,-3,-0.43,-0.36,0,12,14,0,9,2,10,,,0,,,,,,,,,,,,,,,
FRA-Ligue 1,2324,Montpellier,Théo Sainte-Luce,FRA,DF,24,1998,6,3,346,3.8,0,0,0,0,0,0,1,0,0.0,0.0,0.0,0.0,0.0,3.8,0,3,1,33.3,0.78,0.26,0.0,0.0,0,0,58,11.3,3,79,1,3,37,7,0.5,1,6,-5,-1.3,-1.3,0,3,4,0,7,3,8,,,0,,,,,,,,,,,,,,,
FRA-Ligue 1,2324,Montpellier,Téji Savanier,FRA,MF,31,1991,32,32,2765,30.7,9,6,15,2,7,7,8,1,0.29,0.2,0.49,0.07,0.26,30.7,9,82,29,35.4,2.67,0.94,0.11,0.31,7,7,86,90.4,32,86,19,0,,0,1.28,39,42,-3,-0.1,0.51,0,42,80,3,230,33,22,,,0,,,,,,,,,,,,,,,
FRA-Ligue 1,2324,Montpellier,Wahbi Khazri,TUN,"MF,FW",32,1991,25,13,1131,12.6,1,0,1,1,0,0,6,0,0.08,0.0,0.08,0.08,0.08,12.6,1,44,16,36.4,3.5,1.27,0.02,0.06,0,0,45,37.0,13,69,1,12,20,0,1.08,17,18,-1,-0.08,0.11,0,19,23,7,11,4,18,,,0,,,,,,,,,,,,,,,
FRA-Ligue 1,2324,Montpellier,Yanis Issoufou,FRA,FW,16,2006,1,0,13,0.1,0,0,0,0,0,0,0,0,0.0,0.0,0.0,0.0,0.0,0.1,0,0,0,,0.0,0.0,,,0,0,13,0.4,0,,0,1,13,6,0.0,0,0,0,0.0,0.15,0,1,1,0,1,0,0,,,0,,,,,,,,,,,,,,,
FRA-Ligue 1,2324,Montpellier,Yann Karamoh,FRA,FW,25,1998,12,1,284,3.2,1,0,1,1,0,0,1,0,0.32,0.0,0.32,0.32,0.32,3.2,1,5,3,60.0,1.58,0.95,0.2,0.33,0,0,24,9.3,1,60,0,11,20,2,1.33,7,5,2,0.63,0.86,0,7,7,2,5,0,0,,,0,,,,,,,,,,,,,,,
FRA-Ligue 1,2324,Nantes,Abdoul Kader Bamba,FRA,MF,29,1994,23,1,611,6.8,2,1,3,2,0,0,2,0,0.29,0.15,0.44,0.29,0.44,6.8,2,14,5,35.7,2.06,0.74,0.14,0.4,0,0,27,20.0,1,59,0,22,25,9,0.7,8,17,-9,-1.33,-0.74,0,3,35,5,25,3,7,,,0,,,,,,,,,,,,,,,
FRA-Ligue 1,2324,Nantes,Adel Mahamoud,COM,FW,20,2003,1,0,10,0.1,0,0,0,0,0,0,0,0,0.0,0.0,0.0,0.0,0.0,0.1,0,0,0,,0.0,0.0,,,0,0,10,0.3,0,,0,1,10,5,1.0,0,0,0,0.0,0.74,0,0,0,0,0,0,0,,,0,,,,,,,,,,,,,,,
FRA-Ligue 1,2324,Nantes,Adson,BRA,MF,22,2000,8,2,238,2.6,0,0,0,0,0,0,0,0,0.0,0.0,0.0,0.0,0.0,2.6,0,5,0,0.0,1.89,0.0,0.0,,0,0,30,7.8,2,61,0,6,20,0,1.0,2,6,-4,-1.51,-0.84,0,4,4,0,2,2,6,,,0,,,,,,,,,,,,,,,
FRA-Ligue 1,2324,Nantes,Alban Lafont,CIV,GK,24,1999,28,28,2496,27.7,0,0,0,0,0,0,2,0,0.0,0.0,0.0,0.0,0.0,27.7,0,0,0,,0.0,0.0,,,0,0,89,81.6,28,89,27,0,,1,0.89,20,43,-23,-0.83,-0.51,0,1,4,0,0,0,0,,,0,43,1.55,111,75,61.3,7,4,17,6,21.4,8,8,0,0,0.0
FRA-Ligue 1,2324,Nantes,Bastien Meupiyou,FRA,DF,17,2006,1,1,8,0.1,0,0,0,0,0,0,0,1,0.0,0.0,0.0,0.0,0.0,0.1,0,0,0,,0.0,0.0,,,0,0,8,0.3,1,8,0,0,,3,1.0,0,1,-1,-11.25,-10.54,0,1,0,0,0,0,0,,,0,,,,,,,,,,,,,,,
FRA-Ligue 1,2324,Nantes,Bénie Traoré,CIV,FW,20,2002,14,4,504,5.6,0,1,1,0,0,0,1,1,0.0,0.18,0.18,0.0,0.18,5.6,0,7,4,57.1,1.25,0.71,0.0,0.0,0,0,36,16.5,4,67,0,10,24,1,0.79,5,12,-7,-1.25,-0.62,0,10,7,1,20,1,4,,,0,,,,,,,,,,,,,,,
FRA-Ligue 1,2324,Nantes,Denis Petrić,SRB,GK,35,1988,1,0,24,0.3,0,0,0,0,0,0,0,0,0.0,0.0,0.0,0.0,0.0,0.3,0,0,0,,0.0,0.0,,,0,0,24,0.8,0,,0,1,24,15,0.0,0,1,-1,-3.75,-3.04,0,0,0,0,0,0,0,,,0,1,3.75,1,0,0.0,0,0,0,0,,0,0,0,0,
FRA-Ligue 1,2324,Nantes,Douglas,BRA,MF,26,1997,25,22,1772,19.7,0,0,0,0,0,0,7,0,0.0,0.0,0.0,0.0,0.0,19.7,0,16,5,31.3,0.81,0.25,0.0,0.0,0,0,71,57.9,22,78,9,3,16,0,1.0,19,27,-8,-0.41,0.78,0,48,24,0,20,26,42,,,0,,,,,,,,,,,,,,,
FRA-Ligue 1,2324,Nantes,Enzo Mongo,FRA,DF,18,2005,1,0,10,0.1,0,0,0,0,0,0,0,0,0.0,0.0,0.0,0.0,0.0,0.1,0,0,0,,0.0,0.0,,,0,0,10,0.3,0,,0,1,10,2,3.0,0,1,-1,-9.0,-8.29,0,0,0,0,0,1,1,,,0,,,,,,,,,,,,,,,
FRA-Ligue 1,2324,Nantes,Eray Cömert,SUI,DF,25,1998,25,23,1995,22.2,2,0,2,2,0,0,5,0,0.09,0.0,0.09,0.09,0.09,22.2,2,9,3,33.3,0.41,0.14,0.22,0.67,0,0,80,65.2,23,84,18,2,27,3,1.04,21,32,-11,-0.5,0.69,0,26,26,1,3,34,28,,,0,,,,,,,,,,,,,,,
FRA-Ligue 1,2324,Nantes,Fabien Centonze,FRA,MF,27,1996,3,1,94,1.0,0,0,0,0,0,0,1,0,0.0,0.0,0.0,0.0,0.0,1.0,0,0,0,,0.0,0.0,,,0,0,31,3.1,1,45,0,2,25,0,0.0,0,1,-1,-0.96,-0.23,0,2,2,0,7,0,1,,,0,,,,,,,,,,,,,,,
FRA-Ligue 1,2324,Nantes,Florent Mollet,FRA,"MF,FW",31,1991,29,24,2083,23.1,4,4,8,4,0,0,4,0,0.17,0.17,0.35,0.17,0.35,23.1,4,63,25,39.7,2.72,1.08,0.06,0.16,0,0,72,68.1,24,82,11,5,25,2,0.9,20,34,-14,-0.6,0.41,0,32,21,4,142,10,11,,,0,,,,,,,,,,,,,,,
FRA-Ligue 1,2324,Nantes,Hugo Boutsingkham,FRA,DF,20,2003,2,0,11,0.1,0,0,0,0,0,0,0,0,0.0,0.0,0.0,0.0,0.0,0.1,0,0,0,,0.0,0.0,,,0,0,6,0.4,0,,0,2,6,5,2.0,0,1,-1,-8.18,-7.47,0,0,0,0,0,0,0,,,0,,,,,,,,,,,,,,,
FRA-Ligue 1,2324,Nantes,Ignatius Ganago,CMR,"MF,FW",24,1999,6,2,184,2.0,0,0,0,0,0,0,0,0,0.0,0.0,0.0,0.0,0.0,2.0,0,6,0,0.0,2.93,0.0,0.0,,0,0,31,6.0,2,47,0,4,23,1,1.0,0,2,-2,-0.98,-0.26,0,2,6,1,6,1,0,,,0,,,,,,,,,,,,,,,
FRA-Ligue 1,2324,Nantes,Jaouen Hadjam,ALG,DF,20,2003,8,0,112,1.2,0,0,0,0,0,0,0,0,0.0,0.0,0.0,0.0,0.0,1.2,0,1,0,0.0,0.8,0.0,0.0,,0,0,14,3.7,0,,0,8,14,5,0.63,0,5,-5,-4.02,-3.41,0,4,1,0,12,3,4,,,0,,,,,,,,,,,,,,,
FRA-Ligue 1,2324,Nantes,Jean-Charles Castelletto,CMR,DF,28,1995,28,28,2464,27.4,2,0,2,2,0,0,5,0,0.07,0.0,0.07,0.07,0.07,27.4,2,10,6,60.0,0.37,0.22,0.2,0.33,0,0,88,80.5,28,88,26,0,,0,1.04,25,45,-20,-0.73,0.02,0,33,18,2,20,32,29,,,0,,,,,,,,,,,,,,,
FRA-Ligue 1,2324,Nantes,Jean-Kevin Duverne,HAI,DF,26,1997,19,15,1348,15.0,0,0,0,0,0,0,5,0,0.0,0.0,0.0,0.0,0.0,15.0,0,4,1,25.0,0.27,0.07,0.0,0.0,0,0,71,44.1,15,86,9,4,15,8,1.42,14,17,-3,-0.2,0.96,0,29,16,0,13,17,20,,,0,,,,,,,,,,,,,,,
FRA-Ligue 1,2324,Nantes,Kelvin Amian,FRA,DF,25,1998,12,11,798,8.9,0,1,1,0,0,0,2,0,0.0,0.11,0.11,0.0,0.11,8.9,0,1,0,0.0,0.11,0.0,0.0,,0,0,67,26.1,11,72,6,1,11,0,0.75,6,17,-11,-1.24,-0.68,0,13,3,0,14,7,6,,,0,,,,,,,,,,,,,,,
FRA-Ligue 1,2324,Nantes,Lamine Diack,SEN,MF,22,2000,1,0,1,0.0,0,0,0,0,0,0,0,0,0.0,0.0,0.0,0.0,0.0,0.0,0,0,0,,0.0,0.0,,,0,0,1,0.0,0,,0,1,1,8,3.0,0,0,0,0.0,0.74,0,0,0,0,0,0,0,,,0,,,,,,,,,,,,,,,
FRA-Ligue 1,2324,Nantes,Marcus Coco,FRA,"MF,DF",27,1996,28,18,1481,16.5,1,0,1,1,0,0,2,0,0.06,0.0,0.06,0.06,0.06,16.5,1,9,3,33.3,0.55,0.18,0.11,0.33,0,0,53,48.4,18,72,2,10,19,4,1.04,17,25,-8,-0.49,0.48,0,23,27,0,45,21,29,,,0,,,,,,,,,,,,,,,
FRA-Ligue 1,2324,Nantes,Marquinhos,BRA,MF,20,2003,7,1,154,1.7,0,0,0,0,0,0,0,0,0.0,0.0,0.0,0.0,0.0,1.7,0,5,1,20.0,2.92,0.58,0.0,0.0,0,0,22,5.0,1,57,0,6,16,4,1.0,3,4,-1,-0.58,0.16,0,7,6,1,5,5,2,,,0,,,,,,,,,,,,,,,
FRA-Ligue 1,2324,Nantes,Matthis Abline,FRA,"FW,MF",20,2003,22,12,1044,11.6,5,0,5,5,0,0,1,0,0.43,0.0,0.43,0.43,0.43,11.6,5,42,19,45.2,3.62,1.64,0.12,0.26,0,0,47,34.1,12,72,1,10,18,5,0.95,11,17,-6,-0.52,0.33,0,10,13,6,8,3,3,,,0,,,,,,,,,,,,,,,
FRA-Ligue 1,2324,Nantes,Moses Simon,NGA,"MF,FW",28,1995,22,21,1788,19.9,3,5,8,2,1,1,0,0,0.15,0.25,0.4,0.1,0.35,19.9,3,34,13,38.2,1.71,0.65,0.09,0.23,1,1,81,58.4,21,84,15,1,17,0,0.95,21,31,-10,-0.5,0.56,0,14,29,4,115,3,5,,,0,,,,,,,,,,,,,,,
FRA-Ligue 1,2324,Nantes,Mostafa Mohamed,EGY,FW,25,1997,29,24,2002,22.2,8,2,10,5,3,3,3,1,0.36,0.09,0.45,0.22,0.31,22.2,8,65,26,40.0,2.92,1.17,0.12,0.31,3,3,69,65.4,24,75,5,5,39,0,0.9,21,33,-12,-0.54,0.57,0,34,36,11,14,12,15,,,0,,,,,,,,,,,,,,,
FRA-Ligue 1,2324,Nantes,Moussa Sissoko,FRA,MF,33,1989,26,21,1821,20.2,0,0,0,0,0,0,7,0,0.0,0.0,0.0,0.0,0.0,20.2,0,10,3,30.0,0.49,0.15,0.0,0.0,0,0,70,59.5,21,84,13,5,13,6,1.0,14,32,-18,-0.89,-0.38,0,40,3,2,18,12,15,,,0,,,,,,,,,,,,,,,
FRA-Ligue 1,2324,Nantes,Nathan Zeze,FRA,DF,18,2005,13,11,1022,11.4,0,0,0,0,0,0,1,0,0.0,0.0,0.0,0.0,0.0,11.4,0,3,0,0.0,0.26,0.0,0.0,,0,0,79,33.4,11,88,10,2,26,10,0.77,6,21,-15,-1.32,-0.88,0,8,7,0,1,12,6,,,0,,,,,,,,,,,,,,,
FRA-Ligue 1,2324,Nantes,Nicolas Cozza,FRA,"DF,MF",24,1999,13,10,895,9.9,0,0,0,0,0,0,2,0,0.0,0.0,0.0,0.0,0.0,9.9,0,5,1,20.0,0.5,0.1,0.0,0.0,0,0,69,29.2,10,86,7,3,13,1,0.85,6,21,-15,-1.51,-1.09,0,9,19,1,13,14,24,,,0,,,,,,,,,,,,,,,
FRA-Ligue 1,2324,Nantes,Nicolas Pallois,FRA,DF,35,1987,23,17,1589,17.7,0,1,1,0,0,0,5,0,0.0,0.06,0.06,0.0,0.06,17.7,0,4,1,25.0,0.23,0.06,0.0,0.0,0,0,69,51.9,17,84,15,6,27,11,0.96,12,30,-18,-1.02,-0.59,0,20,8,1,13,25,21,,,0,,,,,,,,,,,,,,,
FRA-Ligue 1,2324,Nantes,Pedro Chirivella,ESP,MF,26,1997,32,31,2594,28.8,1,1,2,1,0,0,5,0,0.03,0.03,0.07,0.03,0.07,28.8,1,17,6,35.3,0.59,0.21,0.06,0.17,0,0,81,84.8,31,83,21,1,20,0,1.03,28,45,-17,-0.59,0.96,0,26,22,2,29,31,28,,,0,,,,,,,,,,,,,,,
FRA-Ligue 1,2324,Nantes,Quentin Merlin,FRA,"MF,DF",21,2002,16,15,1283,14.3,0,1,1,0,0,0,0,0,0.0,0.07,0.07,0.0,0.07,14.3,0,14,3,21.4,0.98,0.21,0.0,0.0,0,0,80,41.9,15,84,7,1,18,0,0.88,18,25,-7,-0.49,0.42,0,10,10,3,62,19,22,,,0,,,,,,,,,,,,,,,
FRA-Ligue 1,2324,Nantes,Ronaël Pierre-Gabriel,FRA,"DF,MF",25,1998,12,6,598,6.6,0,0,0,0,0,0,3,0,0.0,0.0,0.0,0.0,0.0,6.6,0,7,0,0.0,1.05,0.0,0.0,,0,0,50,19.5,6,85,4,6,15,3,1.25,8,12,-4,-0.6,0.17,0,4,4,0,9,8,12,,,0,,,,,,,,,,,,,,,
FRA-Ligue 1,2324,Nantes,Rémy Descamps,FRA,GK,27,1996,6,6,540,6.0,0,0,0,0,0,0,1,0,0.0,0.0,0.0,0.0,0.0,6.0,0,0,0,,0.0,0.0,,,0,0,90,17.6,6,90,6,0,,18,1.33,10,11,-1,-0.17,0.69,0,0,2,0,0,0,0,,,0,11,1.83,37,26,70.3,2,2,2,1,16.7,2,1,0,1,0.0
FRA-Ligue 1,2324,Nantes,Samuel Moutoussamy,COD,MF,26,1996,26,11,1107,12.3,1,0,1,1,0,0,2,0,0.08,0.0,0.08,0.08,0.08,12.3,1,15,5,33.3,1.22,0.41,0.07,0.2,0,0,43,36.2,11,77,3,15,17,4,1.0,9,20,-11,-0.89,-0.25,0,21,12,1,2,10,19,,,0,,,,,,,,,,,,,,,
FRA-Ligue 1,2324,Nantes,Stredair Appuah,FRA,FW,19,2004,4,0,84,0.9,0,0,0,0,0,0,0,0,0.0,0.0,0.0,0.0,0.0,0.9,0,4,0,0.0,4.29,0.0,0.0,,0,0,21,2.7,0,,0,4,21,8,0.75,0,5,-5,-5.36,-4.75,0,1,0,0,2,1,0,,,0,,,,,,,,,,,,,,,
FRA-Ligue 1,2324,Nantes,Tino Kadewere,ZIM,"FW,MF",27,1996,14,8,781,8.7,1,0,1,1,0,1,1,0,0.12,0.0,0.12,0.12,0.12,8.7,1,10,5,50.0,1.15,0.58,0.1,0.2,0,1,56,25.5,8,75,2,6,30,0,0.86,5,9,-4,-0.46,0.37,0,13,10,5,6,10,4,,,0,,,,,,,,,,,,,,,
FRA-Ligue 1,2324,Nice,Alexis Claude-Maurice,FRA,MF,25,1998,18,4,504,5.6,0,0,0,0,0,0,1,0,0.0,0.0,0.0,0.0,0.0,5.6,0,18,6,33.3,3.21,1.07,0.0,0.0,0,0,28,16.5,4,75,1,14,15,8,1.39,6,5,1,0.18,-0.17,0,16,8,1,26,5,5,,,0,,,,,,,,,,,,,,,
FRA-Ligue 1,2324,Nice,Aliou Badara Baldé,GUI,FW,20,2002,7,0,69,0.8,0,0,0,0,0,0,0,0,0.0,0.0,0.0,0.0,0.0,0.8,0,3,2,66.7,3.91,2.61,0.0,0.0,0,0,10,2.3,0,,0,7,10,23,1.14,3,0,3,3.91,3.67,0,2,2,0,4,3,1,,,0,,,,,,,,,,,,,,,
FRA-Ligue 1,2324,Nice,Antoine Mendy,SEN,DF,19,2004,10,4,418,4.6,0,0,0,0,0,0,0,0,0.0,0.0,0.0,0.0,0.0,4.6,0,2,1,50.0,0.43,0.22,0.0,0.0,0,0,42,13.7,4,74,1,6,20,12,2.0,9,5,4,0.86,0.62,0,4,5,0,4,8,5,,,0,,,,,,,,,,,,,,,
FRA-Ligue 1,2324,Nice,Badredine Bouanani,ALG,FW,18,2004,7,1,161,1.8,0,0,0,0,0,0,0,0,0.0,0.0,0.0,0.0,0.0,1.8,0,4,1,25.0,2.24,0.56,0.0,0.0,0,0,23,5.3,1,59,0,6,17,9,1.0,0,0,0,0.0,-0.34,0,4,5,1,8,3,2,,,0,,,,,,,,,,,,,,,
FRA-Ligue 1,2324,Nice,Bilal Brahimi,ALG,"FW,MF",23,2000,2,0,11,0.1,0,0,0,0,0,0,0,0,0.0,0.0,0.0,0.0,0.0,0.1,0,0,0,,0.0,0.0,,,0,0,6,0.4,0,,0,2,6,0,1.0,0,0,0,0.0,-0.32,0,0,0,0,2,0,0,,,0,,,,,,,,,,,,,,,
FRA-Ligue 1,2324,Nice,Dante,BRA,DF,39,1983,32,32,2843,31.6,1,1,2,1,0,0,5,1,0.03,0.03,0.06,0.03,0.06,31.6,1,15,5,33.3,0.47,0.16,0.07,0.2,0,0,89,92.9,32,89,31,0,,0,1.69,37,25,12,0.38,0.79,0,42,17,0,10,35,30,,,0,,,,,,,,,,,,,,,
FRA-Ligue 1,2324,Nice,Daouda Traoré,FRA,MF,17,2006,1,0,16,0.2,0,0,0,0,0,0,0,0,0.0,0.0,0.0,0.0,0.0,0.2,0,1,0,0.0,5.63,0.0,0.0,,0,0,16,0.5,0,,0,1,16,5,1.0,1,0,1,5.63,5.33,0,0,0,1,0,0,0,,,0,,,,,,,,,,,,,,,
FRA-Ligue 1,2324,Nice,Evann Guessand,CIV,FW,22,2001,34,14,1553,17.3,6,0,6,4,2,2,1,0,0.35,0.0,0.35,0.23,0.23,17.3,6,48,23,47.9,2.78,1.33,0.13,0.26,2,2,46,50.8,14,79,7,20,22,0,1.62,18,20,-2,-0.12,-0.89,0,32,47,5,11,12,8,,,0,,,,,,,,,,,,,,,
FRA-Ligue 1,2324,Nice,Gaëtan Laborde,FRA,"FW,MF",29,1994,34,22,1906,21.2,5,2,7,4,1,2,2,0,0.24,0.09,0.33,0.19,0.28,21.2,5,64,23,35.9,3.02,1.09,0.08,0.22,1,2,56,62.3,22,74,3,12,23,0,1.62,22,18,4,0.19,-0.36,0,26,8,4,63,6,12,,,0,,,,,,,,,,,,,,,
FRA-Ligue 1,2324,Nice,Hicham Boudaoui,ALG,MF,23,1999,29,17,1613,17.9,2,0,2,2,0,0,5,0,0.11,0.0,0.11,0.11,0.11,17.9,2,29,6,20.7,1.62,0.33,0.07,0.33,0,0,56,52.7,17,83,8,12,17,0,1.59,20,16,4,0.22,-0.21,0,25,29,1,23,10,22,,,0,,,,,,,,,,,,,,,
FRA-Ligue 1,2324,Nice,Jean-Clair Todibo,FRA,DF,23,1999,30,30,2651,29.5,0,2,2,0,0,0,2,1,0.0,0.07,0.07,0.0,0.07,29.5,0,9,1,11.1,0.31,0.03,0.0,0.0,0,0,88,86.6,30,88,27,0,,0,1.6,34,26,8,0.27,-0.39,0,25,18,0,12,37,29,,,1,,,,,,,,,,,,,,,
FRA-Ligue 1,2324,Nice,Jeremie Boga,CIV,"FW,MF",26,1997,28,24,1998,22.2,6,6,12,6,0,0,1,0,0.27,0.27,0.54,0.27,0.54,22.2,6,39,19,48.7,1.76,0.86,0.15,0.32,0,0,71,65.3,24,79,7,4,23,0,1.75,28,19,9,0.41,0.24,0,7,24,9,87,8,6,,,0,,,,,,,,,,,,,,,
FRA-Ligue 1,2324,Nice,Jordan Lotomba,SUI,"DF,MF",24,1998,28,21,1804,20.0,1,0,1,1,0,0,4,0,0.05,0.0,0.05,0.05,0.05,20.0,1,11,2,18.2,0.55,0.1,0.09,0.5,0,0,64,59.0,21,78,9,7,23,3,1.54,23,22,1,0.05,-0.67,0,12,25,0,20,16,27,,,0,,,,,,,,,,,,,,,
FRA-Ligue 1,2324,Nice,Khéphren Thuram,FRA,MF,22,2001,27,25,2108,23.4,1,1,2,1,0,0,7,0,0.04,0.04,0.09,0.04,0.09,23.4,1,39,11,28.2,1.67,0.47,0.03,0.09,0,0,78,68.9,25,83,16,2,22,0,1.59,27,18,9,0.38,0.2,0,34,22,2,20,17,28,,,0,,,,,,,,,,,,,,,
FRA-Ligue 1,2324,Nice,Marcin Bułka,POL,GK,23,1999,34,34,3060,34.0,0,0,0,0,0,0,2,0,0.0,0.0,0.0,0.0,0.0,34.0,0,1,0,0.0,0.03,0.0,0.0,,0,0,90,100.0,34,90,34,0,,0,1.62,40,29,11,0.32,,0,0,4,0,0,0,0,,,0,29,0.85,96,74,69.8,15,10,9,17,50.0,8,5,3,0,37.5
FRA-Ligue 1,2324,Nice,Melvin Bard,FRA,DF,22,2000,32,31,2654,29.5,1,2,3,1,0,0,7,1,0.03,0.07,0.1,0.03,0.1,29.5,1,15,5,33.3,0.51,0.17,0.07,0.2,0,0,83,86.7,31,85,22,1,31,0,1.59,33,22,11,0.37,0.37,0,40,24,1,70,42,40,,,0,,,,,,,,,,,,,,,
FRA-Ligue 1,2324,Nice,Mohamed Ali Cho,FRA,FW,19,2004,17,11,861,9.6,1,2,3,1,0,0,2,0,0.1,0.21,0.31,0.1,0.31,9.6,1,18,6,33.3,1.88,0.63,0.06,0.17,0,0,51,28.1,11,67,0,6,20,0,1.18,11,8,3,0.31,-0.01,0,16,22,3,44,2,9,,,0,,,,,,,,,,,,,,,
FRA-Ligue 1,2324,Nice,Morgan Sanson,FRA,MF,28,1994,29,24,1964,21.8,2,3,5,2,0,0,4,0,0.09,0.14,0.23,0.09,0.23,21.8,2,41,9,22.0,1.88,0.41,0.05,0.22,0,0,68,64.2,24,76,6,5,30,1,1.79,24,16,8,0.37,0.12,0,30,34,2,111,20,18,,,0,,,,,,,,,,,,,,,
FRA-Ligue 1,2324,Nice,Pablo Rosario,DOM,"MF,DF",26,1997,30,21,2009,22.3,0,0,0,0,0,0,4,0,0.0,0.0,0.0,0.0,0.0,22.3,0,16,3,18.8,0.72,0.13,0.0,0.0,0,0,67,65.7,21,86,16,9,23,2,1.67,30,23,7,0.31,-0.03,0,18,19,1,6,28,26,,,0,,,,,,,,,,,,,,,
FRA-Ligue 1,2324,Nice,Reda Belahyane,MAR,MF,19,2004,1,0,27,0.3,0,0,0,0,0,0,0,0,0.0,0.0,0.0,0.0,0.0,0.3,0,0,0,,0.0,0.0,,,0,0,27,0.9,0,,0,1,27,8,0.0,0,0,0,0.0,-0.33,0,0,0,0,0,0,0,,,0,,,,,,,,,,,,,,,
FRA-Ligue 1,2324,Nice,Romain Perraud,FRA,DF,25,1997,19,2,370,4.1,0,1,1,0,0,0,2,0,0.0,0.24,0.24,0.0,0.24,4.1,0,2,0,0.0,0.49,0.0,0.0,,0,0,19,12.1,2,75,1,17,13,10,2.0,7,6,1,0.24,-0.09,0,4,8,0,21,5,6,,,0,,,,,,,,,,,,,,,
FRA-Ligue 1,2324,Nice,Sofiane Diop,MAR,"FW,MF",23,2000,10,6,499,5.5,0,0,0,0,0,0,0,0,0.0,0.0,0.0,0.0,0.0,5.5,0,14,6,42.9,2.53,1.08,0.0,0.0,0,0,50,16.3,6,68,0,4,24,0,2.2,7,3,4,0.72,0.48,0,9,12,8,13,3,5,,,0,,,,,,,,,,,,,,,
FRA-Ligue 1,2324,Nice,Terem Moffi,NGA,FW,24,1999,30,23,1949,21.7,11,2,13,8,3,3,4,0,0.51,0.09,0.6,0.37,0.46,21.7,11,49,25,51.0,2.26,1.15,0.22,0.44,3,3,65,63.7,23,77,5,7,24,0,1.7,27,15,12,0.55,0.64,0,32,19,13,7,3,4,,,0,,,,,,,,,,,,,,,
FRA-Ligue 1,2324,Nice,Tom Louchet,FRA,"MF,FW",20,2003,13,3,409,4.5,1,1,2,1,0,0,1,0,0.22,0.22,0.44,0.22,0.44,4.5,1,2,1,50.0,0.44,0.22,0.5,1.0,0,0,31,13.4,3,72,1,10,19,9,1.08,6,6,0,0.0,-0.37,0,7,4,0,34,3,5,,,0,,,,,,,,,,,,,,,
FRA-Ligue 1,2324,Nice,Valentin Rosier,FRA,"DF,MF",26,1996,3,0,53,0.6,0,0,0,0,0,0,0,0,0.0,0.0,0.0,0.0,0.0,0.6,0,1,0,0.0,1.7,0.0,0.0,,0,0,18,1.7,0,,0,3,18,2,0.67,0,0,0,0.0,-0.33,0,0,1,0,0,2,0,,,0,,,,,,,,,,,,,,,
FRA-Ligue 1,2324,Nice,Youcef Atal,ALG,DF,27,1996,6,5,359,4.0,1,0,1,1,0,0,2,0,0.25,0.0,0.25,0.25,0.25,4.0,1,4,1,25.0,1.0,0.25,0.25,1.0,0,0,60,11.7,5,72,1,1,1,2,1.67,3,1,2,0.5,0.2,0,3,4,0,6,3,3,,,0,,,,,,,,,,,,,,,
FRA-Ligue 1,2324,Nice,Youssouf Ndayishimiye,BDI,"MF,DF",24,1998,23,20,1712,19.0,0,0,0,0,0,0,6,1,0.0,0.0,0.0,0.0,0.0,19.0,0,14,3,21.4,0.74,0.16,0.0,0.0,0,0,74,55.9,20,83,15,3,15,3,1.83,20,15,5,0.26,-0.14,0,15,12,0,1,13,20,,,0,,,,,,,,,,,,,,,
FRA-Ligue 1,2324,PSG,Achraf Hakimi,MAR,"DF,MF",24,1998,25,20,1932,21.5,4,5,9,4,0,0,3,0,0.19,0.23,0.42,0.19,0.42,21.5,4,42,12,28.6,1.96,0.56,0.1,0.33,0,0,77,63.1,20,88,17,5,33,3,2.04,52,24,28,1.3,-0.29,0,22,25,3,79,12,18,,,0,,,,,,,,,,,,,,,
FRA-Ligue 1,2324,PSG,Arnau Tenas,ESP,GK,22,2001,6,5,529,5.9,0,1,1,0,0,0,0,0,0.0,0.17,0.17,0.0,0.17,5.9,0,0,0,,0.0,0.0,,,0,0,88,17.3,5,90,5,1,79,13,1.83,9,7,2,0.34,-1.3,0,0,0,0,0,0,0,,,0,7,1.19,26,19,73.1,2,2,1,1,20.0,0,0,0,0,
FRA-Ligue 1,2324,PSG,Bradley Barcola,FRA,"FW,MF",20,2002,25,18,1370,15.2,4,7,11,4,0,0,3,1,0.26,0.46,0.72,0.26,0.72,15.2,4,31,11,35.5,2.04,0.72,0.13,0.36,0,0,55,44.8,18,67,2,7,25,2,2.2,34,18,16,1.05,-0.65,1,22,12,4,18,10,17,,,0,,,,,,,,,,,,,,,
FRA-Ligue 1,2324,PSG,Carlos Soler,ESP,"MF,DF",26,1997,24,12,1090,12.1,2,2,4,2,0,0,1,0,0.17,0.17,0.33,0.17,0.33,12.1,2,14,5,35.7,1.16,0.41,0.14,0.4,0,0,45,35.6,12,79,3,12,12,9,2.25,21,14,7,0.58,-1.3,0,11,10,1,23,5,10,,,0,,,,,,,,,,,,,,,
FRA-Ligue 1,2324,PSG,Cher Ndour,ITA,MF,19,2004,3,0,28,0.3,0,0,0,0,0,0,1,0,0.0,0.0,0.0,0.0,0.0,0.3,0,0,0,,0.0,0.0,,,0,0,9,0.9,0,,0,3,9,14,3.0,1,0,1,3.21,1.82,0,1,0,0,0,0,1,,,0,,,,,,,,,,,,,,,
FRA-Ligue 1,2324,PSG,Danilo Pereira,POR,DF,31,1991,26,22,1995,22.2,0,0,0,0,0,0,2,0,0.0,0.0,0.0,0.0,0.0,22.2,0,10,1,10.0,0.45,0.05,0.0,0.0,0,0,77,65.2,22,88,20,4,13,5,2.08,49,25,24,1.08,-0.95,0,14,11,1,1,24,12,,,0,,,,,,,,,,,,,,,
FRA-Ligue 1,2324,PSG,Ethan Mbappé,FRA,MF,16,2006,3,0,48,0.5,0,0,0,0,0,0,0,0,0.0,0.0,0.0,0.0,0.0,0.5,0,2,1,50.0,3.75,1.87,0.0,0.0,0,0,16,1.6,0,,0,3,16,9,3.0,1,0,1,1.87,0.47,0,1,1,0,1,0,0,,,0,,,,,,,,,,,,,,,
FRA-Ligue 1,2324,PSG,Fabián Ruiz Peña,ESP,MF,27,1996,21,14,1197,13.3,1,3,4,1,0,0,3,0,0.08,0.23,0.3,0.08,0.3,13.3,1,19,6,31.6,1.43,0.45,0.05,0.17,0,0,57,39.1,14,76,8,7,19,7,2.52,30,12,18,1.35,-0.1,0,6,11,1,11,12,23,,,0,,,,,,,,,,,,,,,
FRA-Ligue 1,2324,PSG,Gianluigi Donnarumma,ITA,GK,24,1999,25,25,2169,24.1,0,0,0,0,0,0,3,1,0.0,0.0,0.0,0.0,0.0,24.1,0,0,0,,0.0,0.0,,,0,0,87,70.9,25,87,24,0,,4,2.4,62,20,42,1.74,1.14,0,2,0,0,0,1,0,,,0,20,0.83,111,91,82.0,18,6,1,11,44.0,4,3,1,0,25.0
FRA-Ligue 1,2324,PSG,Gonçalo Ramos,POR,FW,22,2001,29,16,1419,15.8,11,1,12,10,1,1,1,0,0.7,0.06,0.76,0.63,0.7,15.8,11,55,21,38.2,3.49,1.33,0.2,0.52,1,1,49,46.4,16,69,3,13,24,3,2.17,40,14,26,1.65,0.44,0,19,22,3,3,4,15,,,0,,,,,,,,,,,,,,,
FRA-Ligue 1,2324,PSG,Hugo Ekitike,FRA,FW,21,2002,1,0,9,0.1,0,0,0,0,0,0,0,0,0.0,0.0,0.0,0.0,0.0,0.1,0,0,0,,0.0,0.0,,,0,0,9,0.3,0,,0,1,9,2,1.0,0,0,0,0.0,-1.42,0,1,0,0,0,0,0,,,0,,,,,,,,,,,,,,,
FRA-Ligue 1,2324,PSG,Keylor Navas,CRC,GK,36,1986,4,4,360,4.0,0,0,0,0,0,0,0,0,0.0,0.0,0.0,0.0,0.0,4.0,0,0,0,,0.0,0.0,,,0,0,90,11.8,4,90,4,0,,18,2.0,10,6,4,1.0,-0.47,0,0,0,0,0,1,0,,,0,6,1.5,12,6,50.0,2,2,0,1,25.0,1,1,0,0,0.0
FRA-Ligue 1,2324,PSG,Kylian Mbappé,FRA,FW,24,1998,29,24,2158,24.0,27,7,34,21,6,8,4,0,1.13,0.29,1.42,0.88,1.17,24.0,27,120,59,49.2,5.0,2.46,0.23,0.46,6,8,74,70.5,24,83,19,5,31,2,2.17,61,25,36,1.5,0.3,0,19,38,20,23,2,1,,,0,,,,,,,,,,,,,,,
FRA-Ligue 1,2324,PSG,Layvin Kurzawa,FRA,DF,30,1992,1,0,9,0.1,0,0,0,0,0,0,0,0,0.0,0.0,0.0,0.0,0.0,0.1,0,0,0,,0.0,0.0,,,0,0,9,0.3,0,,0,1,9,12,3.0,0,0,0,0.0,-1.42,0,0,0,0,0,0,0,,,0,,,,,,,,,,,,,,,
FRA-Ligue 1,2324,PSG,Lee Kang-in,KOR,"MF,FW",22,2001,23,18,1464,16.3,3,4,7,3,0,0,2,0,0.18,0.25,0.43,0.18,0.43,16.3,3,23,9,39.1,1.41,0.55,0.13,0.33,0,0,64,47.8,18,74,6,5,26,1,2.17,38,13,25,1.54,0.24,0,17,21,1,97,5,12,,,0,,,,,,,,,,,,,,,
FRA-Ligue 1,2324,PSG,Lucas Beraldo,BRA,DF,19,2003,13,12,1008,11.2,1,0,1,1,0,0,4,1,0.09,0.0,0.09,0.09,0.09,11.2,1,5,2,40.0,0.45,0.18,0.2,0.5,0,0,78,32.9,12,82,9,1,21,3,2.23,27,14,13,1.16,-0.37,0,12,13,0,2,20,14,,,0,,,,,,,,,,,,,,,
FRA-Ligue 1,2324,PSG,Lucas Hernández,FRA,DF,27,1996,27,23,1909,21.2,1,1,2,1,0,0,6,0,0.05,0.05,0.09,0.05,0.09,21.2,1,6,2,33.3,0.28,0.09,0.17,0.5,0,0,71,62.4,23,80,12,4,18,1,2.37,50,20,30,1.41,0.01,0,24,30,1,19,26,36,,,0,,,,,,,,,,,,,,,
FRA-Ligue 1,2324,PSG,Manuel Ugarte,URU,MF,22,2001,25,21,1932,21.5,0,2,2,0,0,0,5,0,0.0,0.09,0.09,0.0,0.09,21.5,0,10,1,10.0,0.47,0.05,0.0,0.0,0,0,77,63.1,21,84,15,4,42,8,2.28,54,19,35,1.63,0.59,0,47,27,0,4,40,55,,,0,,,,,,,,,,,,,,,
FRA-Ligue 1,2324,PSG,Marco Asensio,ESP,"MF,FW",27,1996,19,13,1113,12.4,4,5,9,4,0,0,0,0,0.32,0.4,0.73,0.32,0.73,12.4,4,27,10,37.0,2.18,0.81,0.15,0.4,0,0,59,36.4,13,75,6,6,23,5,2.11,28,13,15,1.21,-0.31,0,8,10,0,52,5,10,,,0,,,,,,,,,,,,,,,
FRA-Ligue 1,2324,PSG,Marquinhos,BRA,DF,29,1994,21,18,1537,17.1,0,1,1,0,0,0,1,0,0.0,0.06,0.06,0.0,0.06,17.1,0,4,0,0.0,0.23,0.0,0.0,,0,0,73,50.2,18,83,12,3,16,3,2.33,42,14,28,1.64,0.46,0,3,3,2,0,17,11,,,0,,,,,,,,,,,,,,,
FRA-Ligue 1,2324,PSG,Milan Škriniar,SVK,DF,28,1995,24,17,1629,18.1,0,0,0,0,0,0,1,0,0.0,0.0,0.0,0.0,0.0,18.1,0,3,1,33.3,0.17,0.06,0.0,0.0,0,0,68,53.2,17,87,15,7,21,1,2.25,45,18,27,1.49,0.17,0,14,10,0,1,12,18,,,0,,,,,,,,,,,,,,,
FRA-Ligue 1,2324,PSG,Nordi Mukiele,FRA,DF,25,1997,16,9,796,8.8,0,0,0,0,0,0,2,0,0.0,0.0,0.0,0.0,0.0,8.8,0,9,6,66.7,1.02,0.68,0.0,0.0,0,0,50,26.0,9,78,6,7,14,13,2.56,22,6,16,1.81,0.54,0,13,10,1,3,14,8,,,0,,,,,,,,,,,,,,,
FRA-Ligue 1,2324,PSG,Nuno Mendes,POR,DF,21,2002,6,2,267,3.0,1,1,2,1,0,0,3,0,0.34,0.34,0.67,0.34,0.67,3.0,1,4,1,25.0,1.35,0.34,0.25,1.0,0,0,45,8.7,2,75,0,4,30,0,2.0,10,1,9,3.03,1.78,0,6,1,0,7,4,5,,,0,,,,,,,,,,,,,,,
FRA-Ligue 1,2324,PSG,Ousmane Dembélé,FRA,"FW,MF",26,1997,26,17,1506,16.7,3,8,11,3,0,0,0,0,0.18,0.48,0.66,0.18,0.66,16.7,3,43,14,32.6,2.57,0.84,0.07,0.21,0,0,58,49.2,17,74,4,9,28,2,2.15,39,14,25,1.49,0.16,0,7,27,6,99,5,14,,,0,,,,,,,,,,,,,,,
FRA-Ligue 1,2324,PSG,Randal Kolo Muani,FRA,"FW,MF",24,1998,26,13,1268,14.1,6,5,11,6,0,0,1,0,0.43,0.35,0.78,0.43,0.78,14.1,6,22,13,59.1,1.56,0.92,0.27,0.46,0,0,49,41.4,13,72,4,13,26,2,2.27,35,14,21,1.49,0.13,0,33,26,6,9,3,8,,,0,,,,,,,,,,,,,,,
FRA-Ligue 1,2324,PSG,Senny Mayulu,FRA,"MF,FW",17,2006,8,3,324,3.6,0,1,1,0,0,0,0,0,0.0,0.28,0.28,0.0,0.28,3.6,0,3,0,0.0,0.83,0.0,0.0,,0,0,41,10.6,3,62,0,5,27,6,2.13,8,4,4,1.11,-0.34,0,8,3,1,13,3,8,,,0,,,,,,,,,,,,,,,
FRA-Ligue 1,2324,PSG,Vitinha,POR,MF,23,2000,28,23,2126,23.6,7,4,11,7,0,0,0,0,0.3,0.17,0.47,0.3,0.47,23.6,7,45,19,42.2,1.9,0.8,0.16,0.37,0,0,76,69.5,23,86,16,5,31,3,2.32,57,22,35,1.48,0.23,0,17,16,1,37,22,23,,,0,,,,,,,,,,,,,,,
FRA-Ligue 1,2324,PSG,Warren Zaïre-Emery,FRA,"MF,DF",17,2006,26,21,1962,21.8,2,3,5,2,0,0,4,0,0.09,0.14,0.23,0.09,0.23,21.8,2,14,4,28.6,0.64,0.18,0.14,0.5,0,0,75,64.1,21,88,16,5,25,2,2.27,54,20,34,1.56,0.41,0,21,30,1,9,14,28,,,0,,,,,,,,,,,,,,,
FRA-Ligue 1,2324,PSG,Yoram Zague,FRA,DF,17,2006,5,4,373,4.1,1,0,1,1,0,0,1,0,0.24,0.0,0.24,0.24,0.24,4.1,1,2,1,50.0,0.48,0.24,0.5,1.0,0,0,75,12.2,4,90,4,1,13,1,2.0,8,6,2,0.48,-1.06,0,5,3,0,2,4,8,,,0,,,,,,,,,,,,,,,
FRA-Ligue 1,2324,Reims,Abdoul Koné,FRA,DF,18,2005,3,3,193,2.1,0,0,0,0,0,0,1,0,0.0,0.0,0.0,0.0,0.0,2.1,0,0,0,,0.0,0.0,,,0,0,64,6.3,3,64,0,0,,0,2.33,3,1,2,0.93,1.15,0,2,4,0,1,2,7,,,0,,,,,,,,,,,,,,,
FRA-Ligue 1,2324,Reims,Adama Bojang,GAM,FW,19,2004,9,0,83,0.9,0,0,0,0,0,0,1,0,0.0,0.0,0.0,0.0,0.0,0.9,0,4,1,25.0,4.34,1.08,0.0,0.0,0,0,9,2.7,0,,0,9,9,12,0.89,2,4,-2,-2.17,-2.08,0,4,1,1,1,0,1,,,0,,,,,,,,,,,,,,,
FRA-Ligue 1,2324,Reims,Amadou Koné,MLI,MF,18,2005,16,4,475,5.3,0,0,0,0,0,0,4,1,0.0,0.0,0.0,0.0,0.0,5.3,0,6,1,16.7,1.14,0.19,0.0,0.0,0,0,30,15.5,4,73,2,12,15,4,1.81,7,6,1,0.19,0.4,1,7,20,0,1,10,8,,,0,,,,,,,,,,,,,,,
FRA-Ligue 1,2324,Reims,Amine Salama,FRA,FW,23,2000,11,2,313,3.5,0,0,0,0,0,0,0,0,0.0,0.0,0.0,0.0,0.0,3.5,0,6,2,33.3,1.73,0.58,0.0,0.0,0,0,28,10.2,2,62,0,9,21,7,1.18,2,3,-1,-0.29,-0.16,0,3,3,6,5,1,0,,,0,,,,,,,,,,,,,,,
FRA-Ligue 1,2324,Reims,Amir Richardson,MAR,MF,21,2002,28,14,1352,15.0,3,1,4,3,0,0,4,0,0.2,0.07,0.27,0.2,0.27,15.0,3,17,8,47.1,1.13,0.53,0.18,0.38,0,0,48,44.2,14,74,2,14,22,3,1.21,14,23,-9,-0.6,-0.81,0,31,23,0,13,12,23,,,0,,,,,,,,,,,,,,,
FRA-Ligue 1,2324,Reims,Azor Matusiwa,NED,MF,25,1998,16,16,1385,15.4,1,0,1,1,0,0,3,0,0.06,0.0,0.06,0.06,0.06,15.4,1,12,2,16.7,0.78,0.13,0.08,0.5,0,0,87,45.3,16,87,13,0,,0,1.56,22,23,-1,-0.06,0.15,0,16,10,0,0,32,26,,,0,,,,,,,,,,,,,,,
FRA-Ligue 1,2324,Reims,Benjamin Stambouli,FRA,MF,32,1990,7,3,286,3.2,0,1,1,0,0,0,4,0,0.0,0.31,0.31,0.0,0.31,3.2,0,2,0,0.0,0.63,0.0,0.0,,0,0,41,9.3,3,65,0,4,23,3,0.86,3,5,-2,-0.63,-0.53,0,7,0,0,2,2,7,,,0,,,,,,,,,,,,,,,
FRA-Ligue 1,2324,Reims,Christ Mbondi,FRA,FW,18,2004,1,0,2,0.0,0,0,0,0,0,0,0,0,0.0,0.0,0.0,0.0,0.0,0.0,0,0,0,,0.0,0.0,,,0,0,2,0.1,0,,0,1,2,0,1.0,0,0,0,0.0,0.15,0,0,0,0,0,0,1,,,0,,,,,,,,,,,,,,,
FRA-Ligue 1,2324,Reims,Emmanuel Agbadou,CIV,DF,26,1997,32,29,2596,28.8,1,1,2,1,0,0,1,0,0.03,0.03,0.07,0.03,0.07,28.8,1,33,7,21.2,1.14,0.24,0.03,0.14,0,0,81,84.8,29,89,27,3,8,1,1.47,36,39,-3,-0.1,0.28,0,31,10,2,6,52,41,,,0,,,,,,,,,,,,,,,
FRA-Ligue 1,2324,Reims,Ibrahim Diakité,GUI,DF,19,2003,5,1,109,1.2,0,0,0,0,0,0,0,0,0.0,0.0,0.0,0.0,0.0,1.2,0,0,0,,0.0,0.0,,,0,0,22,3.6,1,85,0,4,6,5,1.4,1,3,-2,-1.65,-1.56,0,5,3,0,9,2,0,,,0,,,,,,,,,,,,,,,
FRA-Ligue 1,2324,Reims,Joseph Okumu,KEN,DF,26,1997,21,19,1743,19.4,1,0,1,1,0,0,3,0,0.05,0.0,0.05,0.05,0.05,19.4,1,11,3,27.3,0.57,0.15,0.09,0.33,0,0,83,57.0,19,89,17,2,30,2,1.43,21,23,-2,-0.1,0.1,0,17,17,0,3,34,28,,,0,,,,,,,,,,,,,,,
FRA-Ligue 1,2324,Reims,Josh Wilson-Esbrand,ENG,"DF,MF",20,2002,11,5,461,5.1,1,1,2,1,0,0,1,0,0.2,0.2,0.39,0.2,0.39,5.1,1,4,1,25.0,0.78,0.2,0.25,1.0,0,0,42,15.1,5,72,0,6,17,0,1.64,7,5,2,0.39,0.63,0,6,3,1,12,5,5,,,0,,,,,,,,,,,,,,,
FRA-Ligue 1,2324,Reims,Junya Itō,JPN,"FW,MF",30,1993,31,31,2714,30.2,3,7,10,3,0,0,2,0,0.1,0.23,0.33,0.1,0.33,30.2,3,46,15,32.6,1.53,0.5,0.07,0.2,0,0,88,88.7,31,88,22,0,,0,1.39,37,38,-1,-0.03,1.01,0,18,32,19,201,13,15,,,0,,,,,,,,,,,,,,,
FRA-Ligue 1,2324,Reims,Keito Nakamura,JPN,"FW,MF",23,2000,25,17,1381,15.3,4,1,5,4,0,0,1,0,0.26,0.07,0.33,0.26,0.33,15.3,4,41,13,31.7,2.67,0.85,0.1,0.31,0,0,55,45.1,17,71,2,8,22,1,1.4,19,20,-1,-0.07,0.15,0,23,5,2,23,5,11,,,0,,,,,,,,,,,,,,,
FRA-Ligue 1,2324,Reims,Mamadou Diakhon,SEN,FW,17,2005,11,1,209,2.3,0,0,0,0,0,0,0,0,0.0,0.0,0.0,0.0,0.0,2.3,0,1,1,100.0,0.43,0.43,0.0,0.0,0,0,19,6.8,1,56,0,10,15,20,0.91,3,6,-3,-1.29,-1.23,0,4,11,0,4,1,3,,,0,,,,,,,,,,,,,,,
FRA-Ligue 1,2324,Reims,Marshall Munetsi,ZIM,MF,27,1996,27,25,2173,24.1,4,3,7,4,0,0,5,0,0.17,0.12,0.29,0.17,0.29,24.1,4,44,16,36.4,1.82,0.66,0.09,0.25,0,0,80,71.0,25,84,18,2,31,0,1.3,29,34,-5,-0.21,-0.21,0,46,26,3,18,12,38,,,0,,,,,,,,,,,,,,,
FRA-Ligue 1,2324,Reims,Maxime Busi,BEL,MF,23,1999,5,1,162,1.8,0,0,0,0,0,0,1,0,0.0,0.0,0.0,0.0,0.0,1.8,0,1,1,100.0,0.56,0.56,0.0,0.0,0,0,32,5.3,1,90,1,4,18,3,2.6,3,1,2,1.11,1.33,0,1,0,0,4,3,0,,,0,,,,,,,,,,,,,,,
FRA-Ligue 1,2324,Reims,Mohamed Daramy,DEN,"FW,MF",21,2002,25,19,1648,18.3,4,5,9,3,1,1,0,0,0.22,0.27,0.49,0.16,0.44,18.3,4,32,12,37.5,1.75,0.66,0.13,0.33,1,1,66,53.9,19,79,5,6,24,0,1.52,24,25,-1,-0.05,0.2,0,7,28,9,15,2,10,,,0,,,,,,,,,,,,,,,
FRA-Ligue 1,2324,Reims,Oumar Diakité,CIV,FW,19,2003,28,18,1585,17.6,5,1,6,5,0,1,4,0,0.28,0.06,0.34,0.28,0.34,17.6,5,36,12,33.3,2.04,0.68,0.14,0.42,0,1,57,51.8,18,78,5,10,18,2,1.32,25,25,0,0.0,0.31,0,34,27,32,3,7,12,,,0,,,,,,,,,,,,,,,
FRA-Ligue 1,2324,Reims,Reda Khadra,GER,"MF,FW",22,2001,29,14,1368,15.2,1,3,4,1,0,0,1,0,0.07,0.2,0.26,0.07,0.26,15.2,1,23,12,52.2,1.51,0.79,0.04,0.08,0,0,47,44.7,14,79,4,15,17,5,1.31,16,23,-7,-0.46,-0.57,0,13,9,1,46,0,9,,,0,,,,,,,,,,,,,,,
FRA-Ligue 1,2324,Reims,Sergio Akieme,ESP,"DF,MF",25,1997,13,8,818,9.1,2,0,2,2,0,0,2,0,0.22,0.0,0.22,0.22,0.22,9.1,2,11,2,18.2,1.21,0.22,0.18,1.0,0,0,63,26.7,8,82,3,5,33,2,1.08,10,7,3,0.33,0.65,0,16,10,0,21,9,5,,,0,,,,,,,,,,,,,,,
FRA-Ligue 1,2324,Reims,Teddy Teuma,MLT,MF,29,1993,28,25,2113,23.5,6,3,9,5,1,1,7,0,0.26,0.13,0.38,0.21,0.34,23.5,6,44,15,34.1,1.87,0.64,0.14,0.4,1,1,75,69.1,25,81,11,3,28,0,1.46,32,30,2,0.09,0.75,0,34,30,1,140,16,35,,,0,,,,,,,,,,,,,,,
FRA-Ligue 1,2324,Reims,Therence Koudou,FRA,DF,18,2004,9,3,314,3.5,0,0,0,0,0,0,3,0,0.0,0.0,0.0,0.0,0.0,3.5,0,2,1,50.0,0.57,0.29,0.0,0.0,0,0,35,10.3,3,65,0,6,20,5,0.56,4,6,-2,-0.57,-0.47,0,9,1,0,14,4,2,,,0,,,,,,,,,,,,,,,
FRA-Ligue 1,2324,Reims,Thibault De Smet,BEL,"DF,MF",25,1998,27,22,1831,20.3,0,0,0,0,0,0,7,1,0.0,0.0,0.0,0.0,0.0,20.3,0,4,0,0.0,0.2,0.0,0.0,,0,0,68,59.8,22,79,12,5,18,3,1.41,26,33,-7,-0.34,-0.49,0,38,9,2,31,20,35,,,0,,,,,,,,,,,,,,,
FRA-Ligue 1,2324,Reims,Thomas Foket,BEL,"DF,MF",28,1994,27,22,1833,20.4,0,1,1,0,0,0,9,1,0.0,0.05,0.05,0.0,0.05,20.4,0,3,0,0.0,0.15,0.0,0.0,,0,0,68,59.9,22,79,9,5,17,5,1.52,26,27,-1,-0.05,0.24,1,25,13,4,38,20,19,,,0,,,,,,,,,,,,,,,
FRA-Ligue 1,2324,Reims,Valentin Atangana Edoa,FRA,MF,17,2005,15,7,555,6.2,0,0,0,0,0,0,0,0,0.0,0.0,0.0,0.0,0.0,6.2,0,9,2,22.2,1.46,0.32,0.0,0.0,0,0,37,18.1,7,61,0,8,16,3,1.47,9,6,3,0.49,0.77,0,18,8,0,5,5,12,,,0,,,,,,,,,,,,,,,
FRA-Ligue 1,2324,Reims,Yaya Kader Fofana,MLI,MF,19,2004,4,0,32,0.4,0,0,0,0,0,0,0,0,0.0,0.0,0.0,0.0,0.0,0.4,0,3,1,33.3,8.44,2.81,0.0,0.0,0,0,8,1.0,0,,0,4,8,5,0.75,1,3,-2,-5.63,-5.54,0,2,0,1,1,1,3,,,0,,,,,,,,,,,,,,,
FRA-Ligue 1,2324,Reims,Yehvann Diouf,SEN,GK,23,1999,34,34,3060,34.0,0,0,0,0,0,0,1,0,0.0,0.0,0.0,0.0,0.0,34.0,0,0,0,,0.0,0.0,,,0,0,90,100.0,34,90,34,0,,0,1.38,42,47,-5,-0.15,,0,0,9,0,0,1,0,,,0,47,1.38,137,90,65.7,13,8,13,7,20.6,7,6,1,0,14.3
FRA-Ligue 1,2324,Reims,Yunis Abdelhamid,MAR,DF,35,1987,31,31,2781,30.9,4,0,4,3,1,1,5,0,0.13,0.0,0.13,0.1,0.1,30.9,4,22,8,36.4,0.71,0.26,0.18,0.5,1,1,90,90.9,31,90,30,0,,0,1.29,37,46,-9,-0.29,-1.58,0,26,12,0,3,37,35,,,1,,,,,,,,,,,,,,,
FRA-Ligue 1,2324,Rennes,Adrien Truffert,FRA,"DF,MF",21,2001,30,24,2145,23.8,1,2,3,1,0,0,6,0,0.04,0.08,0.13,0.04,0.13,23.8,1,20,7,35.0,0.84,0.29,0.05,0.14,0,0,72,70.1,24,84,17,6,23,0,1.33,34,29,5,0.21,0.01,0,25,28,4,72,19,22,,,0,,,,,,,,,,,,,,,
FRA-Ligue 1,2324,Rennes,Alidu Seidu,GHA,DF,23,2000,11,7,593,6.6,0,0,0,0,0,0,3,0,0.0,0.0,0.0,0.0,0.0,6.6,0,2,0,0.0,0.3,0.0,0.0,,0,0,54,19.4,7,79,3,4,10,3,1.64,7,9,-2,-0.3,-0.63,0,8,14,1,7,8,11,,,0,,,,,,,,,,,,,,,
FRA-Ligue 1,2324,Rennes,Amine Gouiri,ALG,"FW,MF",23,2000,31,24,2067,23.0,7,3,10,7,0,0,2,0,0.3,0.13,0.44,0.3,0.44,23.0,7,78,27,34.6,3.4,1.18,0.09,0.26,0,0,67,67.5,24,80,8,7,22,2,1.26,32,37,-5,-0.22,-1.31,0,27,23,1,7,13,11,,,0,,,,,,,,,,,,,,,
FRA-Ligue 1,2324,Rennes,Arnaud Kalimuendo,FRA,FW,21,2002,30,25,2139,23.8,10,1,11,8,2,2,6,0,0.42,0.04,0.46,0.34,0.38,23.8,10,61,24,39.3,2.57,1.01,0.16,0.42,2,2,71,69.9,25,80,6,5,29,0,1.37,38,31,7,0.29,0.29,0,28,50,6,11,4,3,,,0,,,,,,,,,,,,,,,
FRA-Ligue 1,2324,Rennes,Arthur Theate,BEL,DF,23,2000,28,27,2296,25.5,2,0,2,2,0,0,4,0,0.08,0.0,0.08,0.08,0.08,25.5,2,22,5,22.7,0.86,0.2,0.09,0.4,0,0,82,75.0,27,85,23,1,2,3,1.46,44,35,9,0.35,0.59,0,16,17,0,11,31,18,,,0,,,,,,,,,,,,,,,
FRA-Ligue 1,2324,Rennes,Azor Matusiwa,NED,MF,25,1998,12,9,794,8.8,0,1,1,0,0,0,2,0,0.0,0.11,0.11,0.0,0.11,8.8,0,6,1,16.7,0.68,0.11,0.0,0.0,0,0,66,25.9,9,81,5,3,21,2,1.83,16,13,3,0.34,0.18,0,8,8,0,1,10,4,,,0,,,,,,,,,,,,,,,
FRA-Ligue 1,2324,Rennes,Baptiste Santamaria,FRA,MF,28,1995,30,22,1926,21.4,0,1,1,0,0,0,3,0,0.0,0.05,0.05,0.0,0.05,21.4,0,28,9,32.1,1.31,0.42,0.0,0.0,0,0,64,62.9,22,80,13,8,20,4,1.4,33,27,6,0.28,0.2,0,24,25,1,0,33,34,,,0,,,,,,,,,,,,,,,
FRA-Ligue 1,2324,Rennes,Benjamin Bourigeaud,FRA,MF,29,1994,32,29,2425,26.9,9,6,15,2,7,7,1,0,0.33,0.22,0.56,0.07,0.3,26.9,9,51,17,33.3,1.89,0.63,0.18,0.53,7,7,76,79.2,29,81,12,3,29,0,1.31,43,42,1,0.04,-0.81,0,16,13,2,165,22,19,,,0,,,,,,,,,,,,,,,
FRA-Ligue 1,2324,Rennes,Bertuğ Yıldırım,TUR,FW,21,2002,21,2,469,5.2,0,1,1,0,0,0,3,0,0.0,0.19,0.19,0.0,0.19,5.2,0,10,4,40.0,1.92,0.77,0.0,0.0,0,0,22,15.3,2,77,0,19,17,8,1.33,13,7,6,1.15,1.12,0,18,14,4,1,0,5,,,0,,,,,,,,,,,,,,,
FRA-Ligue 1,2324,Rennes,Birger Meling,NOR,DF,28,1994,1,0,16,0.2,0,0,0,0,0,0,0,0,0.0,0.0,0.0,0.0,0.0,0.2,0,1,1,100.0,5.63,5.63,0.0,0.0,0,0,16,0.5,0,,0,1,16,0,3.0,2,0,2,11.25,11.1,0,0,0,0,0,0,1,,,0,,,,,,,,,,,,,,,
FRA-Ligue 1,2324,Rennes,Christopher Wooh,CMR,DF,21,2001,18,15,1388,15.4,1,0,1,1,0,0,3,1,0.06,0.0,0.06,0.06,0.06,15.4,1,10,2,20.0,0.65,0.13,0.1,0.5,0,0,77,45.4,15,88,13,3,25,12,1.11,22,18,4,0.26,0.1,0,19,11,0,2,18,11,,,0,,,,,,,,,,,,,,,
FRA-Ligue 1,2324,Rennes,Djaoui Cissé,FRA,MF,19,2004,2,0,4,0.0,0,0,0,0,0,0,0,0,0.0,0.0,0.0,0.0,0.0,0.0,0,0,0,,0.0,0.0,,,0,0,2,0.1,0,,0,2,2,3,3.0,0,0,0,0.0,-0.21,0,0,0,0,0,0,0,,,0,,,,,,,,,,,,,,,
FRA-Ligue 1,2324,Rennes,Désiré Doué,FRA,MF,18,2005,31,17,1626,18.1,4,4,8,4,0,0,3,0,0.22,0.22,0.44,0.22,0.44,18.1,4,34,13,38.2,1.88,0.72,0.12,0.31,0,0,52,53.1,17,75,6,14,25,1,1.35,30,21,9,0.5,0.62,0,35,55,2,70,14,19,,,0,,,,,,,,,,,,,,,
FRA-Ligue 1,2324,Rennes,Enzo Le Fée,FRA,MF,23,2000,25,19,1527,17.0,0,1,1,0,0,0,3,0,0.0,0.06,0.06,0.0,0.06,17.0,0,12,0,0.0,0.71,0.0,0.0,,0,0,61,49.9,19,74,6,6,19,1,1.12,25,24,1,0.06,-0.29,0,24,18,0,24,18,34,,,0,,,,,,,,,,,,,,,
FRA-Ligue 1,2324,Rennes,Fabian Rieder,SUI,MF,21,2002,15,2,365,4.1,1,0,1,1,0,0,0,0,0.25,0.0,0.25,0.25,0.25,4.1,1,5,2,40.0,1.23,0.49,0.2,0.5,0,0,24,11.9,2,70,0,13,17,8,0.93,8,7,1,0.25,0.05,0,10,6,0,8,5,8,,,0,,,,,,,,,,,,,,,
FRA-Ligue 1,2324,Rennes,Guéla Doué,CIV,DF,20,2002,24,13,1234,13.7,0,2,2,0,0,0,1,1,0.0,0.15,0.15,0.0,0.15,13.7,0,15,3,20.0,1.09,0.22,0.0,0.0,0,0,51,40.3,13,81,11,11,16,7,1.63,29,18,11,0.8,1.0,0,29,11,0,43,15,21,,,0,,,,,,,,,,,,,,,
FRA-Ligue 1,2324,Rennes,Ibrahim Salah,MAR,"MF,FW",21,2001,23,4,524,5.8,4,1,5,4,0,0,3,0,0.69,0.17,0.86,0.69,0.86,5.8,4,17,9,52.9,2.92,1.55,0.24,0.44,0,0,23,17.1,4,62,0,19,15,6,1.61,14,4,10,1.72,1.82,0,10,10,1,20,11,7,,,0,,,,,,,,,,,,,,,
FRA-Ligue 1,2324,Rennes,Jeanuël Belocian,FRA,DF,18,2005,23,16,1448,16.1,0,1,1,0,0,0,0,0,0.0,0.06,0.06,0.0,0.06,16.1,0,3,0,0.0,0.19,0.0,0.0,,0,0,63,47.3,16,80,7,7,23,9,1.22,24,28,-4,-0.25,-0.86,0,12,15,0,13,13,22,,,0,,,,,,,,,,,,,,,
FRA-Ligue 1,2324,Rennes,Jeremy Doku,BEL,FW,21,2002,2,1,111,1.2,1,0,1,1,0,0,0,0,0.81,0.0,0.81,0.81,0.81,1.2,1,6,4,66.7,4.86,3.24,0.17,0.25,0,0,56,3.6,1,83,0,1,28,0,2.0,3,1,2,1.62,1.47,0,2,4,0,1,0,2,,,0,,,,,,,,,,,,,,,
FRA-Ligue 1,2324,Rennes,Jérémy Jacquet,FRA,DF,18,2005,1,0,5,0.1,0,0,0,0,0,0,0,0,0.0,0.0,0.0,0.0,0.0,0.1,0,0,0,,0.0,0.0,,,0,0,5,0.2,0,,0,1,5,4,3.0,0,0,0,0.0,-0.21,0,0,0,0,0,1,1,,,0,,,,,,,,,,,,,,,
FRA-Ligue 1,2324,Rennes,Lorenz Assignon,TOG,DF,23,2000,14,12,1011,11.2,1,1,2,1,0,0,4,0,0.09,0.09,0.18,0.09,0.18,11.2,1,11,4,36.4,0.98,0.36,0.09,0.25,0,0,72,33.0,12,82,8,2,16,2,1.14,15,14,1,0.09,-0.17,0,22,15,1,22,8,13,,,0,,,,,,,,,,,,,,,
FRA-Ligue 1,2324,Rennes,Lovro Majer,CRO,"FW,MF",25,1998,1,0,16,0.2,0,0,0,0,0,0,0,0,0.0,0.0,0.0,0.0,0.0,0.2,0,1,0,0.0,5.63,0.0,0.0,,0,0,16,0.5,0,,0,1,16,0,3.0,2,0,2,11.25,11.1,0,0,1,0,1,0,0,,,0,,,,,,,,,,,,,,,
FRA-Ligue 1,2324,Rennes,Ludovic Blas,FRA,"MF,FW",25,1997,29,18,1563,17.4,4,1,5,3,1,2,3,0,0.23,0.06,0.29,0.17,0.23,17.4,4,44,17,38.6,2.53,0.98,0.09,0.24,1,2,54,51.1,18,76,6,11,18,3,1.28,22,21,1,0.06,-0.3,0,44,34,3,53,6,14,,,0,,,,,,,,,,,,,,,
FRA-Ligue 1,2324,Rennes,Mahamadou Nagida,CMR,MF,18,2005,3,1,106,1.2,0,0,0,0,0,0,0,0,0.0,0.0,0.0,0.0,0.0,1.2,0,3,2,66.7,2.55,1.7,0.0,0.0,0,0,35,3.5,1,45,0,2,31,7,1.33,1,2,-1,-0.85,-1.09,0,0,2,0,12,4,1,,,0,,,,,,,,,,,,,,,
FRA-Ligue 1,2324,Rennes,Martin Terrier,FRA,"FW,MF",26,1997,24,19,1527,17.0,7,3,10,7,0,0,2,1,0.41,0.18,0.59,0.41,0.59,17.0,7,38,16,42.1,2.24,0.94,0.18,0.44,0,0,64,49.9,19,75,6,5,19,0,1.42,27,24,3,0.18,-0.06,0,13,28,8,6,9,10,,,0,,,,,,,,,,,,,,,
FRA-Ligue 1,2324,Rennes,Mathis Lambourde,FRA,FW,17,2006,1,0,10,0.1,0,0,0,0,0,0,0,0,0.0,0.0,0.0,0.0,0.0,0.1,0,0,0,,0.0,0.0,,,0,0,10,0.3,0,,0,1,10,11,1.0,1,0,1,9.0,8.82,0,0,1,0,0,0,0,,,0,,,,,,,,,,,,,,,
FRA-Ligue 1,2324,Rennes,Nemanja Matić,SRB,MF,34,1988,13,11,1027,11.4,0,0,0,0,0,0,7,0,0.0,0.0,0.0,0.0,0.0,11.4,0,5,1,20.0,0.44,0.09,0.0,0.0,0,0,79,33.6,11,88,8,2,32,0,1.0,11,14,-3,-0.26,-0.71,0,13,16,1,5,26,8,,,0,,,,,,,,,,,,,,,
FRA-Ligue 1,2324,Rennes,Steve Mandanda,FRA,GK,38,1985,34,34,3060,34.0,0,0,0,0,0,0,1,0,0.0,0.0,0.0,0.0,0.0,34.0,0,0,0,,0.0,0.0,,,0,0,90,100.0,34,90,34,0,,0,1.35,53,46,7,0.21,,0,1,7,0,0,0,0,,,1,46,1.35,151,105,69.5,12,10,12,7,20.6,3,3,0,0,0.0
FRA-Ligue 1,2324,Rennes,Warmed Omari,COM,DF,23,2000,25,23,2071,23.0,1,0,1,1,0,0,5,1,0.04,0.0,0.04,0.04,0.04,23.0,1,4,1,25.0,0.17,0.04,0.25,1.0,0,0,83,67.7,23,87,20,2,31,5,1.24,34,30,4,0.17,-0.1,0,20,12,0,0,35,20,,,2,,,,,,,,,,,,,,,
FRA-Ligue 1,2324,Strasbourg,Abakar Sylla,CIV,DF,20,2002,22,19,1792,19.9,2,0,2,2,0,0,4,0,0.1,0.0,0.1,0.1,0.1,19.9,2,11,5,45.5,0.55,0.25,0.18,0.4,0,0,81,58.6,19,88,16,3,42,9,1.18,24,32,-8,-0.4,-0.12,0,31,4,1,3,27,23,,,1,,,,,,,,,,,,,,,
FRA-Ligue 1,2324,Strasbourg,Aboubacar Ali,COM,FW,17,2006,9,1,130,1.4,0,1,1,0,0,0,0,0,0.0,0.69,0.69,0.0,0.69,1.4,0,4,2,50.0,2.77,1.38,0.0,0.0,0,0,14,4.2,1,59,0,8,9,2,1.33,1,4,-3,-2.08,-1.8,0,4,1,0,6,1,0,,,0,,,,,,,,,,,,,,,
FRA-Ligue 1,2324,Strasbourg,Alaa Bellaarouch,MAR,GK,21,2002,15,15,1350,15.0,0,0,0,0,0,0,1,0,0.0,0.0,0.0,0.0,0.0,15.0,0,0,0,,0.0,0.0,,,0,0,90,44.1,15,90,15,0,,19,0.93,18,26,-8,-0.53,-0.32,0,0,3,0,0,0,0,,,0,26,1.73,63,37,58.7,4,2,9,2,13.3,4,3,1,0,25.0
FRA-Ligue 1,2324,Strasbourg,Andrey Santos,BRA,MF,19,2004,11,9,831,9.2,1,0,1,1,0,0,4,0,0.11,0.0,0.11,0.11,0.11,9.2,1,12,4,33.3,1.3,0.43,0.08,0.25,0,0,76,27.2,9,88,7,2,18,2,1.18,12,11,1,0.11,0.63,0,10,24,1,3,10,19,,,0,,,,,,,,,,,,,,,
FRA-Ligue 1,2324,Strasbourg,Dilane Bakwa,FRA,"MF,FW",20,2002,31,25,2177,24.2,3,6,9,3,0,0,4,1,0.12,0.25,0.37,0.12,0.37,24.2,3,44,12,27.3,1.82,0.5,0.07,0.25,0,0,70,71.1,25,80,10,6,31,2,1.16,24,34,-10,-0.41,-0.21,0,31,76,3,155,18,25,,,0,,,,,,,,,,,,,,,
FRA-Ligue 1,2324,Strasbourg,Eduard Sobol,UKR,"DF,MF",28,1995,3,0,25,0.3,0,0,0,0,0,0,0,0,0.0,0.0,0.0,0.0,0.0,0.3,0,0,0,,0.0,0.0,,,0,0,8,0.8,0,,0,3,8,11,1.0,0,0,0,0.0,0.36,0,1,1,0,2,0,0,,,0,,,,,,,,,,,,,,,
FRA-Ligue 1,2324,Strasbourg,Emanuel Emegha,NED,FW,20,2003,28,23,2078,23.1,8,1,9,8,0,1,3,0,0.35,0.04,0.39,0.35,0.39,23.1,8,48,21,43.8,2.08,0.91,0.17,0.38,0,1,74,67.9,23,82,8,5,40,0,1.21,26,32,-6,-0.26,0.29,0,26,23,12,1,2,5,,,0,,,,,,,,,,,,,,,
FRA-Ligue 1,2324,Strasbourg,Frederic Guilbert,FRA,"DF,MF",28,1994,32,29,2490,27.7,2,0,2,2,0,0,3,0,0.07,0.0,0.07,0.07,0.07,27.7,2,21,5,23.8,0.76,0.18,0.1,0.4,0,0,78,81.4,29,85,23,3,10,1,1.22,31,42,-11,-0.4,-0.24,0,35,15,2,85,66,51,,,0,,,,,,,,,,,,,,,
FRA-Ligue 1,2324,Strasbourg,Gerzino Nyamsi,CMR,DF,26,1997,13,13,1092,12.1,0,0,0,0,0,0,1,0,0.0,0.0,0.0,0.0,0.0,12.1,0,7,3,42.9,0.58,0.25,0.0,0.0,0,0,84,35.7,13,84,12,0,,2,1.0,10,17,-7,-0.58,-0.35,0,13,0,0,1,10,15,,,0,,,,,,,,,,,,,,,
FRA-Ligue 1,2324,Strasbourg,Habib Diarra,SEN,"MF,FW",19,2004,31,28,2305,25.6,3,1,4,2,1,1,3,0,0.12,0.04,0.16,0.08,0.12,25.6,3,39,15,38.5,1.52,0.59,0.08,0.2,1,1,74,75.3,28,80,16,3,22,0,1.13,27,37,-10,-0.39,-0.15,0,40,42,1,22,15,24,,,0,,,,,,,,,,,,,,,
FRA-Ligue 1,2324,Strasbourg,Ibrahima Sissoko,MLI,MF,25,1997,27,18,1642,18.2,0,1,1,0,0,0,7,0,0.0,0.05,0.05,0.0,0.05,18.2,0,14,3,21.4,0.77,0.16,0.0,0.0,0,0,61,53.7,18,85,11,9,13,3,1.04,23,28,-5,-0.27,0.17,0,44,14,0,2,18,32,,,0,,,,,,,,,,,,,,,
FRA-Ligue 1,2324,Strasbourg,Ismaël Doukouré,FRA,"MF,DF",20,2003,22,19,1656,18.4,0,0,0,0,0,0,4,0,0.0,0.0,0.0,0.0,0.0,18.4,0,9,0,0.0,0.49,0.0,0.0,,0,0,75,54.1,19,82,12,3,33,5,1.0,17,30,-13,-0.71,-0.77,0,19,11,0,0,19,15,,,1,,,,,,,,,,,,,,,
FRA-Ligue 1,2324,Strasbourg,Jean-Ricner Bellegarde,HAI,"MF,FW",25,1998,3,3,269,3.0,2,2,4,2,0,0,2,0,0.67,0.67,1.34,0.67,1.34,3.0,2,5,3,60.0,1.67,1.0,0.4,0.67,0,0,90,8.8,3,90,2,0,,0,2.0,4,4,0,0.0,0.39,0,3,8,0,8,4,3,,,0,,,,,,,,,,,,,,,
FRA-Ligue 1,2324,Strasbourg,Jessy Deminguet,FRA,"MF,FW",25,1998,18,9,690,7.7,0,0,0,0,0,0,1,0,0.0,0.0,0.0,0.0,0.0,7.7,0,3,1,33.3,0.39,0.13,0.0,0.0,0,0,38,22.5,9,68,2,9,9,13,1.33,7,12,-5,-0.65,-0.39,0,16,9,1,9,8,8,,,0,,,,,,,,,,,,,,,
FRA-Ligue 1,2324,Strasbourg,Junior Mwanga,FRA,"MF,FW",20,2003,22,17,1450,16.1,1,1,2,1,0,0,3,0,0.06,0.06,0.12,0.06,0.12,16.1,1,20,4,20.0,1.24,0.25,0.05,0.25,0,0,66,47.4,17,81,6,5,16,7,1.05,17,28,-11,-0.68,-0.63,0,22,22,1,4,16,21,,,0,,,,,,,,,,,,,,,
FRA-Ligue 1,2324,Strasbourg,Jérémy Sebas,MTQ,"MF,FW",20,2003,14,2,399,4.4,2,0,2,2,0,0,0,0,0.45,0.0,0.45,0.45,0.45,4.4,2,7,4,57.1,1.58,0.9,0.29,0.5,0,0,29,13.0,2,76,1,12,21,2,1.5,8,4,4,0.9,1.44,0,5,4,0,4,1,1,,,0,,,,,,,,,,,,,,,
FRA-Ligue 1,2324,Strasbourg,Kévin Gameiro,FRA,"FW,MF",36,1987,27,15,1346,15.0,4,2,6,2,2,2,0,0,0.27,0.13,0.4,0.13,0.27,15.0,4,29,12,41.4,1.94,0.8,0.14,0.33,2,2,50,44.0,15,71,3,12,24,2,1.3,19,26,-7,-0.47,-0.21,0,3,6,3,10,3,10,,,0,,,,,,,,,,,,,,,
FRA-Ligue 1,2324,Strasbourg,Lebo Mothiba,RSA,FW,27,1996,15,5,617,6.9,3,0,3,3,0,0,0,0,0.44,0.0,0.44,0.44,0.44,6.9,3,16,7,43.8,2.33,1.02,0.19,0.43,0,0,41,20.2,5,78,2,10,23,1,1.33,11,8,3,0.44,0.99,0,13,11,4,1,0,2,,,0,,,,,,,,,,,,,,,
FRA-Ligue 1,2324,Strasbourg,Lucas Perrin,FRA,DF,24,1998,31,30,2723,30.3,0,1,1,0,0,0,3,0,0.0,0.03,0.03,0.0,0.03,30.3,0,12,3,25.0,0.4,0.1,0.0,0.0,0,0,88,89.0,30,90,29,1,24,3,1.06,33,44,-11,-0.36,-0.1,0,33,28,1,5,28,28,,,1,,,,,,,,,,,,,,,
FRA-Ligue 1,2324,Strasbourg,Marvin Senaya,GHA,"DF,MF",22,2001,32,23,2138,23.8,1,1,2,1,0,0,5,1,0.04,0.04,0.08,0.04,0.08,23.8,1,16,3,18.8,0.67,0.13,0.06,0.33,0,0,67,69.9,23,83,16,9,25,1,1.09,25,36,-11,-0.46,-0.37,1,36,51,0,78,39,51,,,0,,,,,,,,,,,,,,,
FRA-Ligue 1,2324,Strasbourg,Matz Sels,BEL,GK,31,1992,19,19,1710,19.0,0,0,0,0,0,0,2,0,0.0,0.0,0.0,0.0,0.0,19.0,0,0,0,,0.0,0.0,,,0,0,90,55.9,19,90,19,0,,0,1.32,20,24,-4,-0.21,0.32,0,0,3,0,0,0,0,,,0,24,1.26,65,41,63.1,6,7,6,3,15.8,1,1,0,0,0.0
FRA-Ligue 1,2324,Strasbourg,Mohamed Bechikh,FRA,FW,18,2005,2,0,14,0.2,0,0,0,0,0,0,0,0,0.0,0.0,0.0,0.0,0.0,0.2,0,0,0,,0.0,0.0,,,0,0,7,0.5,0,,0,2,7,5,0.0,0,0,0,0.0,0.35,0,0,0,0,0,0,0,,,0,,,,,,,,,,,,,,,
FRA-Ligue 1,2324,Strasbourg,Moïse Sahi Dion,CIV,"MF,FW",21,2001,18,7,628,7.0,3,1,4,3,0,0,0,0,0.43,0.14,0.57,0.43,0.57,7.0,3,24,7,29.2,3.44,1.0,0.13,0.43,0,0,35,20.5,7,61,0,11,18,4,1.06,7,12,-5,-0.72,-0.46,0,11,1,2,5,1,5,,,0,,,,,,,,,,,,,,,
FRA-Ligue 1,2324,Strasbourg,Patrick Ouotro,CIV,FW,17,2005,1,0,8,0.1,0,0,0,0,0,0,0,0,0.0,0.0,0.0,0.0,0.0,0.1,0,0,0,,0.0,0.0,,,0,0,8,0.3,0,,0,1,8,0,0.0,0,1,-1,-11.25,-10.93,0,0,0,0,0,0,0,,,0,,,,,,,,,,,,,,,
FRA-Ligue 1,2324,Strasbourg,Rabby Nzingoula,FRA,MF,17,2005,6,1,133,1.5,0,1,1,0,0,0,1,0,0.0,0.68,0.68,0.0,0.68,1.5,0,1,1,100.0,0.68,0.68,0.0,0.0,0,0,22,4.3,1,82,0,5,10,4,1.17,2,1,1,0.68,1.08,0,6,2,0,3,5,3,,,0,,,,,,,,,,,,,,,
FRA-Ligue 1,2324,Strasbourg,Saidou Sow,GUI,DF,21,2002,10,8,719,8.0,0,1,1,0,0,0,2,0,0.0,0.13,0.13,0.0,0.13,8.0,0,3,2,66.7,0.38,0.25,0.0,0.0,0,0,72,23.5,8,84,7,2,22,12,1.4,10,9,1,0.13,0.62,0,8,10,0,0,12,11,,,0,,,,,,,,,,,,,,,
FRA-Ligue 1,2324,Strasbourg,Sanjin Prcić,BIH,MF,29,1993,3,1,88,1.0,0,0,0,0,0,0,0,0,0.0,0.0,0.0,0.0,0.0,1.0,0,1,0,0.0,1.02,0.0,0.0,,0,0,29,2.9,1,80,0,2,4,4,2.0,2,0,2,2.05,2.47,0,0,1,0,0,3,0,,,0,,,,,,,,,,,,,,,
FRA-Ligue 1,2324,Strasbourg,Steven Baseya,FRA,DF,18,2005,2,0,6,0.1,0,0,0,0,0,0,0,0,0.0,0.0,0.0,0.0,0.0,0.1,0,0,0,,0.0,0.0,,,0,0,3,0.2,0,,0,2,3,10,2.0,0,0,0,0.0,0.35,0,0,0,0,0,0,1,,,0,,,,,,,,,,,,,,,
FRA-Ligue 1,2324,Strasbourg,Thomas Delaine,FRA,"MF,DF",31,1992,27,24,2044,22.7,1,1,2,1,0,0,5,0,0.04,0.04,0.09,0.04,0.09,22.7,1,12,2,16.7,0.53,0.09,0.08,0.5,0,0,76,66.8,24,83,11,3,20,3,1.15,28,31,-3,-0.13,0.67,0,40,20,1,104,17,20,,,0,,,,,,,,,,,,,,,
FRA-Ligue 1,2324,Strasbourg,Ângelo,BRA,"MF,FW",18,2004,21,11,1094,12.2,0,3,3,0,0,0,1,0,0.0,0.25,0.25,0.0,0.25,12.2,0,9,4,44.4,0.74,0.33,0.0,0.0,0,0,52,35.8,11,77,5,10,25,1,1.05,11,17,-6,-0.49,-0.22,0,12,22,2,42,9,12,,,0,,,,,,,,,,,,,,,
FRA-Ligue 1,2324,Toulouse,Aron Dønnum,NOR,"MF,FW",25,1998,27,19,1595,17.7,0,1,1,0,0,0,8,0,0.0,0.06,0.06,0.0,0.06,17.7,0,21,9,42.9,1.18,0.51,0.0,0.0,0,0,59,52.1,19,74,1,8,23,1,1.26,19,24,-5,-0.28,-0.34,0,31,36,4,29,8,11,,,0,,,,,,,,,,,,,,,
FRA-Ligue 1,2324,Toulouse,Christian Mawissa,FRA,"DF,MF",18,2005,17,12,1118,12.4,2,0,2,2,0,0,3,0,0.16,0.0,0.16,0.16,0.16,12.4,2,5,2,40.0,0.4,0.16,0.4,1.0,0,0,66,36.5,12,82,9,5,26,8,1.71,21,19,2,0.16,0.44,0,13,9,0,3,20,15,,,0,,,,,,,,,,,,,,,
FRA-Ligue 1,2324,Toulouse,Cristian Cásseres Jr.,VEN,MF,23,2000,32,23,1946,21.6,1,3,4,1,0,0,1,0,0.05,0.14,0.18,0.05,0.18,21.6,1,15,4,26.7,0.69,0.18,0.07,0.25,0,0,61,63.6,23,78,11,9,16,2,1.31,28,31,-3,-0.14,-0.06,0,42,36,0,22,27,35,,,0,,,,,,,,,,,,,,,
FRA-Ligue 1,2324,Toulouse,Denis Genreau,AUS,MF,24,1999,9,5,464,5.2,0,0,0,0,0,0,0,0,0.0,0.0,0.0,0.0,0.0,5.2,0,3,1,33.3,0.58,0.19,0.0,0.0,0,0,52,15.2,5,75,1,4,22,7,0.89,4,7,-3,-0.58,-0.55,0,9,9,0,7,6,9,,,0,,,,,,,,,,,,,,,
FRA-Ligue 1,2324,Toulouse,Fares Chaïbi,ALG,"FW,MF",20,2002,2,0,58,0.6,0,1,1,0,0,0,1,0,0.0,1.55,1.55,0.0,1.55,0.6,0,0,0,,0.0,0.0,,,0,0,29,1.9,0,,0,2,29,0,1.5,1,1,0,0.0,0.12,0,1,0,0,7,0,0,,,0,,,,,,,,,,,,,,,
FRA-Ligue 1,2324,Toulouse,Frank Magri,CMR,"FW,MF",23,1999,29,14,1438,16.0,5,2,7,5,0,0,5,0,0.31,0.13,0.44,0.31,0.44,16.0,5,41,14,34.1,2.57,0.88,0.12,0.36,0,0,50,47.0,14,80,5,15,21,0,1.24,18,21,-3,-0.19,-0.13,0,41,23,3,16,4,14,,,0,,,,,,,,,,,,,,,
FRA-Ligue 1,2324,Toulouse,Gabriel Suazo,CHI,"DF,MF",25,1997,31,27,2357,26.2,0,4,4,0,0,0,5,0,0.0,0.15,0.15,0.0,0.15,26.2,0,10,3,30.0,0.38,0.11,0.0,0.0,0,0,76,77.0,27,84,17,4,25,1,1.16,30,38,-8,-0.31,-0.82,0,23,29,3,100,25,32,,,0,,,,,,,,,,,,,,,
FRA-Ligue 1,2324,Toulouse,Gelabert,ESP,"MF,FW",22,2000,16,10,754,8.4,1,2,3,1,0,0,1,0,0.12,0.24,0.36,0.12,0.36,8.4,1,14,4,28.6,1.67,0.48,0.07,0.25,0,0,47,24.6,10,68,0,6,12,17,1.06,9,12,-3,-0.36,-0.32,0,10,14,0,9,4,8,,,0,,,,,,,,,,,,,,,
FRA-Ligue 1,2324,Toulouse,Guillaume Restes,FRA,GK,18,2005,34,34,3060,34.0,0,0,0,0,0,0,3,0,0.0,0.0,0.0,0.0,0.0,34.0,0,0,0,,0.0,0.0,,,0,0,90,100.0,34,90,34,0,,0,1.26,42,46,-4,-0.12,,0,1,11,0,0,0,0,,,0,46,1.35,142,96,67.6,11,10,13,6,17.6,4,4,0,0,0.0
FRA-Ligue 1,2324,Toulouse,Ibrahim Cissoko,NED,MF,20,2003,11,2,241,2.7,1,1,2,1,0,0,1,0,0.37,0.37,0.75,0.37,0.75,2.7,1,8,5,62.5,2.99,1.87,0.13,0.2,0,0,22,7.9,2,59,0,9,14,9,0.55,3,2,1,0.37,0.53,0,1,6,2,20,2,3,,,0,,,,,,,,,,,,,,,
FRA-Ligue 1,2324,Toulouse,Kévin Keben,CMR,"DF,MF",19,2004,8,7,521,5.8,0,0,0,0,0,0,1,0,0.0,0.0,0.0,0.0,0.0,5.8,0,1,0,0.0,0.17,0.0,0.0,,0,0,65,17.0,7,69,2,1,37,16,1.63,9,8,1,0.17,0.35,0,10,5,0,3,8,3,,,0,,,,,,,,,,,,,,,
FRA-Ligue 1,2324,Toulouse,Logan Costa,CPV,DF,22,2001,31,29,2650,29.4,1,1,2,1,0,0,6,0,0.03,0.03,0.07,0.03,0.07,29.4,1,14,4,28.6,0.48,0.14,0.07,0.25,0,0,85,86.6,29,89,28,2,32,0,1.19,37,37,0,0.0,0.88,0,38,10,1,13,24,24,,,0,,,,,,,,,,,,,,,
FRA-Ligue 1,2324,Toulouse,Mamady Bangré,BFA,MF,22,2001,8,0,101,1.1,0,1,1,0,0,0,2,0,0.0,0.89,0.89,0.0,0.89,1.1,0,3,0,0.0,2.67,0.0,0.0,,0,0,13,3.3,0,,0,8,13,6,0.75,1,1,0,0.0,0.12,0,3,1,1,4,4,3,,,0,,,,,,,,,,,,,,,
FRA-Ligue 1,2324,Toulouse,Mikkel Desler,DEN,"DF,MF",28,1995,24,19,1544,17.2,0,1,1,0,0,0,2,0,0.0,0.06,0.06,0.0,0.06,17.2,0,16,0,0.0,0.93,0.0,0.0,,0,0,64,50.5,19,75,8,5,24,2,1.21,19,21,-2,-0.12,0.0,0,17,20,1,30,18,11,,,0,,,,,,,,,,,,,,,
FRA-Ligue 1,2324,Toulouse,Moussa Diarra,MLI,DF,22,2000,22,15,1397,15.5,1,2,3,1,0,0,5,0,0.06,0.13,0.19,0.06,0.19,15.5,1,5,2,40.0,0.32,0.13,0.2,0.5,0,0,64,45.7,15,83,10,7,22,4,1.27,21,19,2,0.13,0.45,0,22,18,0,16,19,11,,,0,,,,,,,,,,,,,,,
FRA-Ligue 1,2324,Toulouse,Naatan Skyttä,FIN,MF,21,2002,8,0,120,1.3,0,0,0,0,0,0,0,0,0.0,0.0,0.0,0.0,0.0,1.3,0,5,2,40.0,3.75,1.5,0.0,0.0,0,0,15,3.9,0,,0,8,15,4,0.88,1,2,-1,-0.75,-0.66,0,1,2,0,2,0,4,,,0,,,,,,,,,,,,,,,
FRA-Ligue 1,2324,Toulouse,Niklas Schmidt,GER,MF,25,1998,22,15,1269,14.1,1,1,2,1,0,0,4,0,0.07,0.07,0.14,0.07,0.14,14.1,1,20,13,65.0,1.42,0.92,0.05,0.08,0,0,58,41.5,15,76,6,7,19,4,1.23,15,20,-5,-0.35,-0.4,0,16,10,0,50,6,22,,,0,,,,,,,,,,,,,,,
FRA-Ligue 1,2324,Toulouse,Rasmus Nicolaisen,DEN,DF,26,1997,33,33,2925,32.5,2,0,2,2,0,0,6,1,0.06,0.0,0.06,0.06,0.06,32.5,2,19,5,26.3,0.58,0.15,0.11,0.4,0,0,89,95.6,33,89,31,0,,0,1.21,39,44,-5,-0.15,-0.82,1,45,22,0,1,43,30,,,0,,,,,,,,,,,,,,,
FRA-Ligue 1,2324,Toulouse,Shavy Babicka,GAB,"MF,FW",23,2000,12,4,373,4.1,1,0,1,1,0,0,0,0,0.24,0.0,0.24,0.24,0.24,4.1,1,8,4,50.0,1.93,0.97,0.13,0.25,0,0,31,12.2,4,67,1,8,13,3,1.58,7,8,-1,-0.24,-0.14,0,5,4,1,12,0,8,,,0,,,,,,,,,,,,,,,
FRA-Ligue 1,2324,Toulouse,Stijn Spierings,NED,MF,27,1996,22,16,1516,16.8,0,1,1,0,0,0,5,0,0.0,0.06,0.06,0.0,0.06,16.8,0,11,1,9.1,0.65,0.06,0.0,0.0,0,0,69,49.5,16,86,12,6,24,3,1.14,18,20,-2,-0.12,0.0,0,41,19,0,11,22,40,,,0,,,,,,,,,,,,,,,
FRA-Ligue 1,2324,Toulouse,Thijs Dallinga,NED,FW,22,2000,33,28,2510,27.9,14,2,16,13,1,3,6,0,0.5,0.07,0.57,0.47,0.54,27.9,14,84,34,40.5,3.01,1.22,0.17,0.41,1,3,76,82.0,28,84,16,5,31,0,1.3,34,37,-3,-0.11,0.06,0,38,45,20,14,4,14,,,0,,,,,,,,,,,,,,,
FRA-Ligue 1,2324,Toulouse,Vincent Sierro,SUI,MF,27,1995,30,25,2261,25.1,6,2,8,2,4,5,8,0,0.24,0.08,0.32,0.08,0.16,25.1,6,36,11,30.6,1.43,0.44,0.17,0.55,4,5,75,73.9,25,85,16,5,26,2,1.33,32,33,-1,-0.04,0.3,0,51,48,3,111,25,26,,,0,,,,,,,,,,,,,,,
FRA-Ligue 1,2324,Toulouse,Warren Kamanzi,NOR,"MF,DF",22,2000,24,12,1187,13.2,0,3,3,0,0,0,1,0,0.0,0.23,0.23,0.0,0.23,13.2,0,6,0,0.0,0.45,0.0,0.0,,0,0,49,38.8,12,77,6,12,22,8,1.25,15,20,-5,-0.38,-0.43,0,12,13,0,20,8,25,,,0,,,,,,,,,,,,,,,
FRA-Ligue 1,2324,Toulouse,Yanis Begraoui,MAR,"FW,MF",22,2001,14,3,300,3.3,0,0,0,0,0,0,0,0,0.0,0.0,0.0,0.0,0.0,3.3,0,7,4,57.1,2.1,1.2,0.0,0.0,0,0,21,9.8,3,61,0,11,11,2,0.86,3,7,-4,-1.2,-1.2,0,5,7,1,7,4,2,,,0,,,,,,,,,,,,,,,
FRA-Ligue 1,2324,Toulouse,Yann Gboho,FRA,"MF,FW",22,2001,16,13,1193,13.3,3,2,5,3,0,0,1,0,0.23,0.15,0.38,0.23,0.38,13.3,3,23,8,34.8,1.74,0.6,0.13,0.38,0,0,75,39.0,13,85,4,3,29,0,1.63,23,17,6,0.45,0.93,0,9,37,2,14,4,4,,,0,,,,,,,,,,,,,,,
FRA-Ligue 1,2324,Toulouse,Zakaria Aboukhlal,MAR,"FW,MF",23,2000,13,9,754,8.4,3,0,3,2,1,1,2,0,0.36,0.0,0.36,0.24,0.24,8.4,3,28,8,28.6,3.34,0.95,0.11,0.38,1,1,58,24.6,9,74,1,4,21,0,1.54,11,10,1,0.12,0.31,0,16,15,8,5,1,8,,,0,,,,,,,,,,,,,,,
ITA-Serie A,2324,Atalanta,Ademola Lookman,NGA,"FW,MF",25,1997,31,22,1894,21.0,11,7,18,11,0,0,4,0,0.52,0.33,0.86,0.52,0.86,21.0,11,67,24,35.8,3.18,1.14,0.16,0.46,0,0,61,55.4,22,73,4,9,32,1,1.61,33,26,7,0.33,-1.02,0,28,34,12,69,9,15,,,0,,,,,,,,,,,,,,,
ITA-Serie A,2324,Atalanta,Aleksei Miranchuk,RUS,"MF,FW",27,1995,27,12,1176,13.1,3,5,8,3,0,0,1,0,0.23,0.38,0.61,0.23,0.61,13.1,3,38,22,57.9,2.91,1.68,0.08,0.14,0,0,44,34.4,12,76,4,15,18,8,1.96,24,10,14,1.07,0.43,0,12,31,3,83,3,6,,,0,,,,,,,,,,,,,,,
ITA-Serie A,2324,Atalanta,Berat Djimsiti,ALB,DF,30,1993,37,32,2832,31.5,0,1,1,0,0,0,5,0,0.0,0.03,0.03,0.0,0.03,31.5,0,13,0,0.0,0.41,0.0,0.0,,0,0,77,82.8,32,85,28,5,21,1,1.86,60,32,28,0.89,0.58,0,17,11,0,6,59,24,,,0,,,,,,,,,,,,,,,
ITA-Serie A,2324,Atalanta,Charles De Ketelaere,BEL,"FW,MF",22,2001,35,25,2026,22.5,10,8,18,9,1,1,1,0,0.44,0.36,0.8,0.4,0.76,22.5,10,45,25,55.6,2.0,1.11,0.22,0.4,1,1,58,59.2,25,68,1,10,33,1,1.77,48,27,21,0.93,0.35,0,17,47,6,47,6,21,,,1,,,,,,,,,,,,,,,
ITA-Serie A,2324,Atalanta,Davide Zappacosta,ITA,MF,31,1992,31,23,1867,20.7,2,1,3,2,0,0,5,0,0.1,0.05,0.14,0.1,0.14,20.7,2,37,10,27.0,1.78,0.48,0.05,0.2,0,0,60,54.6,23,71,6,8,29,5,1.81,36,21,15,0.72,-0.15,0,26,15,2,75,5,21,,,0,,,,,,,,,,,,,,,
ITA-Serie A,2324,Atalanta,Duván Zapata,COL,FW,32,1991,2,2,112,1.2,1,0,1,1,0,0,0,0,0.8,0.0,0.8,0.8,0.8,1.2,1,5,3,60.0,4.02,2.41,0.2,0.33,0,0,56,3.3,2,56,0,0,,0,1.5,1,2,-1,-0.8,-1.65,0,1,4,1,6,0,0,,,0,,,,,,,,,,,,,,,
ITA-Serie A,2324,Atalanta,El Bilal Touré,MLI,FW,21,2001,11,3,394,4.4,2,0,2,2,0,0,2,0,0.46,0.0,0.46,0.46,0.46,4.4,2,12,5,41.7,2.74,1.14,0.17,0.4,0,0,36,11.5,3,75,2,8,21,8,2.18,6,3,3,0.69,-0.12,0,13,8,3,2,1,1,,,0,,,,,,,,,,,,,,,
ITA-Serie A,2324,Atalanta,Emil Holm,SWE,MF,23,2000,22,12,947,10.5,1,1,2,1,0,0,5,0,0.1,0.1,0.19,0.1,0.19,10.5,1,26,8,30.8,2.47,0.76,0.04,0.13,0,0,43,27.7,12,63,2,10,19,8,1.86,23,12,11,1.05,0.35,0,14,21,1,34,7,20,,,0,,,,,,,,,,,,,,,
ITA-Serie A,2324,Atalanta,Francesco Rossi,ITA,GK,32,1991,1,0,5,0.1,0,0,0,0,0,0,0,0,0.0,0.0,0.0,0.0,0.0,0.1,0,0,0,,0.0,0.0,,,0,0,5,0.1,0,,0,1,5,34,3.0,0,0,0,0.0,-0.79,0,0,0,0,0,0,0,,,0,0,0.0,1,1,100.0,0,0,0,1,,0,0,0,0,
ITA-Serie A,2324,Atalanta,Gianluca Scamacca,ITA,FW,24,1999,29,17,1453,16.1,12,6,18,12,0,0,1,0,0.74,0.37,1.11,0.74,1.11,16.1,12,60,26,43.3,3.72,1.61,0.2,0.46,0,0,50,42.5,17,66,1,12,28,3,1.72,37,12,25,1.55,1.32,0,28,28,9,5,4,9,,,0,,,,,,,,,,,,,,,
ITA-Serie A,2324,Atalanta,Giorgio Scalvini,ITA,DF,19,2003,33,31,2544,28.3,1,3,4,1,0,0,3,0,0.04,0.11,0.14,0.04,0.14,28.3,1,19,6,31.6,0.67,0.21,0.05,0.17,0,0,77,74.4,31,81,18,2,15,0,1.85,55,33,22,0.78,-0.04,0,48,11,4,5,57,30,,,0,,,,,,,,,,,,,,,
ITA-Serie A,2324,Atalanta,Giovanni Bonfanti,ITA,DF,20,2003,2,1,89,1.0,0,0,0,0,0,0,0,0,0.0,0.0,0.0,0.0,0.0,1.0,0,1,0,0.0,1.01,0.0,0.0,,0,0,45,2.6,1,74,0,1,15,18,1.5,2,1,1,1.01,0.23,0,2,1,0,2,1,2,,,0,,,,,,,,,,,,,,,
ITA-Serie A,2324,Atalanta,Hans Hateboer,NED,MF,29,1994,23,10,1113,12.4,0,1,1,0,0,0,5,0,0.0,0.08,0.08,0.0,0.08,12.4,0,11,3,27.3,0.89,0.24,0.0,0.0,0,0,48,32.5,10,77,7,13,26,7,1.83,24,16,8,0.65,-0.21,0,16,3,0,35,4,5,,,0,,,,,,,,,,,,,,,
ITA-Serie A,2324,Atalanta,Isak Hien,SWE,DF,24,1999,16,9,937,10.4,0,1,1,0,0,0,3,0,0.0,0.1,0.1,0.0,0.1,10.4,0,4,2,50.0,0.38,0.19,0.0,0.0,0,0,59,27.4,9,90,9,7,18,1,1.94,22,11,11,1.06,0.37,0,18,9,2,0,14,12,,,0,,,,,,,,,,,,,,,
ITA-Serie A,2324,Atalanta,José Luis Palomino,ARG,DF,33,1990,4,0,27,0.3,0,0,0,0,0,0,0,0,0.0,0.0,0.0,0.0,0.0,0.3,0,0,0,,0.0,0.0,,,0,0,7,0.8,0,,0,4,7,9,2.5,0,0,0,0.0,-0.8,0,0,0,0,0,1,1,,,0,,,,,,,,,,,,,,,
ITA-Serie A,2324,Atalanta,Juan Musso,ARG,GK,29,1994,11,11,990,11.0,0,0,0,0,0,0,0,0,0.0,0.0,0.0,0.0,0.0,11.0,0,0,0,,0.0,0.0,,,0,0,90,28.9,11,90,11,0,,27,1.73,19,12,7,0.64,-0.22,0,1,0,0,0,0,0,,,0,12,1.09,35,23,65.7,6,1,4,6,54.5,2,2,0,0,0.0
ITA-Serie A,2324,Atalanta,Leonardo Mendicino,ITA,MF,17,2006,1,0,1,0.0,0,0,0,0,0,0,0,0,0.0,0.0,0.0,0.0,0.0,0.0,0,0,0,,0.0,0.0,,,0,0,1,0.0,0,,0,1,1,7,3.0,0,0,0,0.0,-0.79,0,0,0,0,0,0,0,,,0,,,,,,,,,,,,,,,
ITA-Serie A,2324,Atalanta,Luis Muriel,COL,FW,32,1991,18,2,409,4.5,2,1,3,2,0,0,0,0,0.44,0.22,0.66,0.44,0.66,4.5,2,23,9,39.1,5.06,1.98,0.09,0.22,0,0,23,12.0,2,55,0,16,19,4,1.78,7,7,0,0.0,-0.9,0,6,14,1,31,1,2,,,0,,,,,,,,,,,,,,,
ITA-Serie A,2324,Atalanta,Marco Carnesecchi,ITA,GK,23,2000,27,27,2425,26.9,0,0,0,0,0,0,0,0,0.0,0.0,0.0,0.0,0.0,26.9,0,0,0,,0.0,0.0,,,0,0,90,70.9,27,90,26,0,,11,1.85,53,30,23,0.85,0.22,0,1,2,0,0,0,0,,,0,30,1.11,101,76,70.3,15,5,7,8,29.6,7,4,2,1,33.3
ITA-Serie A,2324,Atalanta,Mario Pašalić,CRO,MF,28,1995,34,23,2051,22.8,6,6,12,4,2,2,3,0,0.26,0.26,0.53,0.18,0.44,22.8,6,40,18,45.0,1.76,0.79,0.15,0.33,2,2,60,60.0,23,78,13,11,23,4,1.91,47,29,18,0.79,0.0,0,20,7,6,10,17,16,,,0,,,,,,,,,,,,,,,
ITA-Serie A,2324,Atalanta,Marten de Roon,NED,"MF,DF",32,1991,30,29,2599,28.9,0,5,5,0,0,0,10,0,0.0,0.17,0.17,0.0,0.17,28.9,0,16,3,18.8,0.55,0.1,0.0,0.0,0,0,87,76.0,29,89,28,1,23,3,1.93,56,29,27,0.93,0.61,0,43,24,3,17,36,44,,,0,,,,,,,,,,,,,,,
ITA-Serie A,2324,Atalanta,Matteo Ruggeri,ITA,MF,21,2002,34,28,2449,27.2,0,4,4,0,0,0,3,0,0.0,0.15,0.15,0.0,0.15,27.2,0,12,4,33.3,0.44,0.15,0.0,0.0,0,0,72,71.6,28,80,7,6,33,3,1.82,54,31,23,0.85,0.2,0,21,9,2,101,22,15,,,0,,,,,,,,,,,,,,,
ITA-Serie A,2324,Atalanta,Michel Ndary Adopo,FRA,MF,23,2000,10,0,109,1.2,0,1,1,0,0,0,0,0,0.0,0.83,0.83,0.0,0.83,1.2,0,1,1,100.0,0.83,0.83,0.0,0.0,0,0,11,3.2,0,,0,10,11,26,2.1,3,3,0,0.0,-0.82,0,2,1,1,1,0,3,,,0,,,,,,,,,,,,,,,
ITA-Serie A,2324,Atalanta,Mitchel Bakker,NED,MF,23,2000,14,3,382,4.2,1,0,1,1,0,0,1,0,0.24,0.0,0.24,0.24,0.24,4.2,1,5,1,20.0,1.18,0.24,0.2,1.0,0,0,27,11.2,3,51,0,11,21,22,1.29,2,7,-5,-1.18,-2.21,0,4,4,1,13,3,4,,,0,,,,,,,,,,,,,,,
ITA-Serie A,2324,Atalanta,Nadir Zortea,ITA,"DF,MF",24,1999,5,0,149,1.7,1,0,1,1,0,0,1,0,0.6,0.0,0.6,0.6,0.6,1.7,1,2,1,50.0,1.21,0.6,0.5,1.0,0,0,30,4.4,0,,0,5,30,14,1.4,4,1,3,1.81,1.07,0,4,2,0,12,1,4,,,0,,,,,,,,,,,,,,,
ITA-Serie A,2324,Atalanta,Rafael Tolói,ITA,DF,32,1990,18,10,965,10.7,0,0,0,0,0,0,6,1,0.0,0.0,0.0,0.0,0.0,10.7,0,3,0,0.0,0.28,0.0,0.0,,0,0,54,28.2,10,82,6,8,18,8,1.89,21,12,9,0.84,0.07,1,17,4,0,8,11,10,,,0,,,,,,,,,,,,,,,
ITA-Serie A,2324,Atalanta,Sead Kolašinac,BIH,DF,30,1993,30,25,2178,24.2,1,0,1,1,0,0,4,0,0.04,0.0,0.04,0.04,0.04,24.2,1,13,5,38.5,0.54,0.21,0.08,0.2,0,0,73,63.7,25,83,16,5,23,2,1.77,45,23,22,0.91,0.33,0,29,20,1,9,20,32,,,0,,,,,,,,,,,,,,,
ITA-Serie A,2324,Atalanta,Teun Koopmeiners,NED,MF,25,1998,34,29,2627,29.2,12,5,17,10,2,2,5,0,0.41,0.17,0.58,0.34,0.51,29.2,12,54,20,37.0,1.85,0.69,0.22,0.6,2,2,77,76.8,29,85,19,5,33,0,1.68,55,34,21,0.72,-0.3,0,53,23,5,120,9,27,,,0,,,,,,,,,,,,,,,
ITA-Serie A,2324,Atalanta,Éderson Silva,BRA,MF,24,1999,36,32,2869,31.9,6,1,7,6,0,0,8,0,0.19,0.03,0.22,0.19,0.22,31.9,6,38,11,28.9,1.19,0.35,0.16,0.55,0,0,80,83.9,32,85,24,4,38,1,1.75,54,38,16,0.5,-1.78,0,45,34,0,18,39,48,,,0,,,,,,,,,,,,,,,
ITA-Serie A,2324,Bologna,Alexis Saelemaekers,BEL,MF,24,1999,30,21,1887,21.0,4,2,6,4,0,0,7,1,0.19,0.1,0.29,0.19,0.29,21.0,4,29,10,34.5,1.38,0.48,0.14,0.4,0,0,63,55.2,21,76,7,9,32,1,1.87,31,18,13,0.62,0.09,1,16,58,2,86,14,22,,,0,,,,,,,,,,,,,,,
ITA-Serie A,2324,Bologna,Babis Lykogiannis,GRE,DF,29,1993,22,10,904,10.0,2,1,3,2,0,0,2,0,0.2,0.1,0.3,0.2,0.3,10.0,2,15,4,26.7,1.49,0.4,0.13,0.5,0,0,41,26.4,10,74,3,12,14,15,1.73,16,11,5,0.5,-0.11,0,12,0,2,58,5,6,,,0,,,,,,,,,,,,,,,
ITA-Serie A,2324,Bologna,Dan Ndoye,SUI,"MF,FW",22,2000,32,20,1771,19.7,1,1,2,1,0,0,4,0,0.05,0.05,0.1,0.05,0.1,19.7,1,41,16,39.0,2.08,0.81,0.02,0.06,0,0,55,51.8,20,76,4,12,21,1,1.97,30,13,17,0.86,0.59,0,29,56,7,47,10,15,,,0,,,,,,,,,,,,,,,
ITA-Serie A,2324,Bologna,Federico Ravaglia,ITA,GK,23,1999,6,6,535,5.9,0,0,0,0,0,0,0,0,0.0,0.0,0.0,0.0,0.0,5.9,0,0,0,,0.0,0.0,,,0,0,89,15.6,6,89,5,0,,32,2.17,10,3,7,1.18,0.71,0,0,0,0,0,0,0,,,0,3,0.5,16,13,81.3,4,1,1,4,66.7,1,0,1,0,100.0
ITA-Serie A,2324,Bologna,Giovanni Fabbian,ITA,MF,20,2003,27,11,1057,11.7,5,2,7,5,0,0,4,0,0.43,0.17,0.6,0.43,0.6,11.7,5,28,10,35.7,2.38,0.85,0.18,0.5,0,0,39,30.9,11,73,2,16,16,11,2.0,17,12,5,0.43,-0.22,0,16,18,2,5,7,9,,,0,,,,,,,,,,,,,,,
ITA-Serie A,2324,Bologna,Jens Odgaard,DEN,"MF,FW",24,1999,10,5,431,4.8,2,0,2,2,0,0,1,0,0.42,0.0,0.42,0.42,0.42,4.8,2,11,2,18.2,2.3,0.42,0.18,1.0,0,0,43,12.6,5,67,0,5,19,3,2.0,9,1,8,1.67,1.25,0,14,11,7,8,1,4,,,0,,,,,,,,,,,,,,,
ITA-Serie A,2324,Bologna,Jesper Karlsson,SWE,MF,25,1998,7,4,344,3.8,0,0,0,0,0,0,0,0,0.0,0.0,0.0,0.0,0.0,3.8,0,6,4,66.7,1.57,1.05,0.0,0.0,0,0,49,10.1,4,71,0,3,20,19,1.43,1,2,-1,-0.26,-0.93,0,4,1,1,25,3,3,,,0,,,,,,,,,,,,,,,
ITA-Serie A,2324,Bologna,Jhon Lucumí,COL,DF,25,1998,29,23,2217,24.6,0,0,0,0,0,0,1,0,0.0,0.0,0.0,0.0,0.0,24.6,0,11,2,18.2,0.45,0.08,0.0,0.0,0,0,76,64.8,23,89,22,6,29,4,1.62,30,18,12,0.49,-0.26,0,10,18,1,1,15,29,,,0,,,,,,,,,,,,,,,
ITA-Serie A,2324,Bologna,Joshua Zirkzee,NED,FW,22,2001,34,32,2759,30.7,11,4,15,9,2,2,8,0,0.36,0.13,0.49,0.29,0.42,30.7,11,86,31,36.0,2.81,1.01,0.13,0.35,2,2,81,80.7,32,84,15,2,30,0,1.88,44,25,19,0.62,0.21,0,29,27,5,8,3,20,,,0,,,,,,,,,,,,,,,
ITA-Serie A,2324,Bologna,Kacper Urbanski,POL,"MF,FW",18,2004,22,9,926,10.3,0,1,1,0,0,0,2,0,0.0,0.1,0.1,0.0,0.1,10.3,0,17,6,35.3,1.65,0.58,0.0,0.0,0,0,42,27.1,9,72,2,13,21,16,1.91,15,10,5,0.49,-0.13,0,11,11,3,21,4,9,,,0,,,,,,,,,,,,,,,
ITA-Serie A,2324,Bologna,Kevin Bonifazi,ITA,DF,27,1996,1,1,90,1.0,0,0,0,0,0,0,0,0,0.0,0.0,0.0,0.0,0.0,1.0,0,0,0,,0.0,0.0,,,0,0,90,2.6,1,90,1,0,,13,1.0,1,1,0,0.0,-0.59,0,1,1,0,0,0,0,,,0,,,,,,,,,,,,,,,
ITA-Serie A,2324,Bologna,Lewis Ferguson,SCO,MF,23,1999,31,31,2712,30.1,6,3,9,6,0,0,8,0,0.2,0.1,0.3,0.2,0.3,30.1,6,59,20,33.9,1.96,0.66,0.1,0.3,0,0,87,79.3,31,87,25,0,,0,1.87,41,24,17,0.56,-0.07,0,51,72,4,11,15,22,,,0,,,,,,,,,,,,,,,
ITA-Serie A,2324,Bologna,Lorenzo De Silvestri,ITA,DF,35,1988,15,7,674,7.5,2,0,2,2,0,0,0,0,0.27,0.0,0.27,0.27,0.27,7.5,2,4,2,50.0,0.53,0.27,0.5,1.0,0,0,45,19.7,7,70,0,8,23,20,1.87,11,7,4,0.53,-0.06,0,3,6,0,9,6,9,,,0,,,,,,,,,,,,,,,
ITA-Serie A,2324,Bologna,Michel Aebischer,SUI,MF,26,1997,36,26,2230,24.8,0,1,1,0,0,0,8,0,0.0,0.04,0.04,0.0,0.04,24.8,0,18,5,27.8,0.73,0.2,0.0,0.0,0,0,62,65.2,26,79,13,10,17,1,1.81,29,20,9,0.36,-0.62,0,36,30,0,12,11,20,,,0,,,,,,,,,,,,,,,
ITA-Serie A,2324,Bologna,Nicola Bagnolini,ITA,GK,19,2004,1,0,5,0.1,0,0,0,0,0,0,0,0,0.0,0.0,0.0,0.0,0.0,0.1,0,0,0,,0.0,0.0,,,0,0,5,0.1,0,,0,1,5,29,0.0,0,0,0,0.0,-0.58,0,0,0,0,0,0,0,,,0,0,0.0,1,1,100.0,0,0,0,0,,0,0,0,0,
ITA-Serie A,2324,Bologna,Nicolás Domínguez,ARG,MF,25,1998,2,1,102,1.1,0,0,0,0,0,0,0,0,0.0,0.0,0.0,0.0,0.0,1.1,0,0,0,,0.0,0.0,,,0,0,51,3.0,1,71,0,1,31,0,0.5,0,3,-3,-2.65,-3.33,0,3,0,0,0,0,0,,,0,,,,,,,,,,,,,,,
ITA-Serie A,2324,Bologna,Nikola Moro,CRO,"MF,FW",25,1998,23,10,840,9.3,1,0,1,1,0,0,0,0,0.11,0.0,0.11,0.11,0.11,9.3,1,11,1,9.1,1.18,0.11,0.09,1.0,0,0,37,24.6,10,62,1,13,17,15,1.61,13,12,1,0.11,-0.63,0,12,9,0,13,7,17,,,0,,,,,,,,,,,,,,,
ITA-Serie A,2324,Bologna,Oussama El Azzouzi,MAR,MF,22,2001,18,5,547,6.1,2,2,4,2,0,0,4,0,0.33,0.33,0.66,0.33,0.66,6.1,2,2,2,100.0,0.33,0.33,1.0,1.0,0,0,30,16.0,5,75,2,13,13,11,1.78,8,7,1,0.16,-0.49,0,14,7,1,2,5,8,,,0,,,,,,,,,,,,,,,
ITA-Serie A,2324,Bologna,Remo Freuler,SUI,MF,31,1992,32,30,2624,29.2,1,1,2,1,0,0,9,0,0.03,0.03,0.07,0.03,0.07,29.2,1,14,4,28.6,0.48,0.14,0.07,0.25,0,0,82,76.7,30,85,20,2,35,2,1.88,46,23,23,0.79,0.9,0,44,15,0,8,34,50,,,0,,,,,,,,,,,,,,,
ITA-Serie A,2324,Bologna,Riccardo Calafiori,ITA,DF,21,2002,30,26,2349,26.1,2,5,7,2,0,0,4,0,0.08,0.19,0.27,0.08,0.27,26.1,2,17,6,35.3,0.65,0.23,0.12,0.33,0,0,78,68.7,26,89,23,4,12,6,1.97,44,20,24,0.92,1.09,0,35,27,2,9,51,31,,,1,,,,,,,,,,,,,,,
ITA-Serie A,2324,Bologna,Riccardo Orsolini,ITA,MF,26,1997,33,19,1792,19.9,10,2,12,8,2,3,2,0,0.5,0.1,0.6,0.4,0.5,19.9,10,59,25,42.4,2.96,1.26,0.17,0.4,2,3,54,52.4,19,75,6,14,27,1,1.67,31,17,14,0.7,0.26,0,16,41,14,101,8,14,,,0,,,,,,,,,,,,,,,
ITA-Serie A,2324,Bologna,Sam Beukema,NED,DF,24,1998,30,29,2547,28.3,1,1,2,1,0,0,6,1,0.04,0.04,0.07,0.04,0.07,28.3,1,12,4,33.3,0.42,0.14,0.08,0.25,0,0,85,74.5,29,87,26,1,16,5,1.9,40,27,13,0.46,-0.47,1,27,11,1,2,17,12,,,0,,,,,,,,,,,,,,,
ITA-Serie A,2324,Bologna,Santiago Castro,ARG,FW,18,2004,8,2,242,2.7,1,1,2,1,0,0,1,0,0.37,0.37,0.74,0.37,0.74,2.7,1,7,3,42.9,2.6,1.12,0.14,0.33,0,0,30,7.1,2,76,1,6,15,4,1.5,4,2,2,0.74,0.18,0,7,7,0,1,0,1,,,0,,,,,,,,,,,,,,,
ITA-Serie A,2324,Bologna,Stefan Posch,AUT,DF,26,1997,31,29,2409,26.8,1,2,3,1,0,0,7,0,0.04,0.07,0.11,0.04,0.11,26.8,1,18,4,22.2,0.67,0.15,0.06,0.25,0,0,78,70.4,29,80,18,2,38,1,1.81,36,24,12,0.45,-0.44,0,31,12,1,39,18,45,,,0,,,,,,,,,,,,,,,
ITA-Serie A,2324,Bologna,Sydney van Hooijdonk,NED,FW,23,2000,9,2,212,2.4,0,0,0,0,0,0,0,0,0.0,0.0,0.0,0.0,0.0,2.4,0,5,1,20.0,2.12,0.42,0.0,0.0,0,0,24,6.2,2,67,0,7,11,10,1.0,2,2,0,0.0,-0.62,0,6,3,1,1,1,0,,,0,,,,,,,,,,,,,,,
ITA-Serie A,2324,Bologna,Tommaso Corazza,ITA,DF,19,2004,9,1,195,2.2,0,0,0,0,0,0,1,0,0.0,0.0,0.0,0.0,0.0,2.2,0,1,0,0.0,0.46,0.0,0.0,,0,0,22,5.7,1,67,0,8,16,26,1.44,4,1,3,1.38,0.85,0,1,3,0,8,5,4,,,0,,,,,,,,,,,,,,,
ITA-Serie A,2324,Bologna,Victor Bernth Kristiansen,DEN,DF,20,2002,32,26,2307,25.6,0,3,3,0,0,0,4,0,0.0,0.12,0.12,0.0,0.12,25.6,0,6,2,33.3,0.23,0.08,0.0,0.0,0,0,72,67.5,26,84,16,6,23,3,1.88,36,20,16,0.62,0.14,0,30,7,1,36,12,33,,,0,,,,,,,,,,,,,,,
ITA-Serie A,2324,Bologna,Łukasz Skorupski,POL,GK,32,1991,32,32,2880,32.0,0,0,0,0,0,0,2,0,0.0,0.0,0.0,0.0,0.0,32.0,0,0,0,,0.0,0.0,,,0,0,90,84.2,32,90,32,0,,6,1.72,44,29,15,0.47,-0.7,0,0,4,0,0,1,1,,,0,29,0.91,105,79,72.4,14,13,5,12,37.5,6,3,1,2,25.0
ITA-Serie A,2324,Cagliari,Adam Obert,SVK,DF,20,2002,17,10,941,10.5,0,0,0,0,0,0,1,0,0.0,0.0,0.0,0.0,0.0,10.5,0,3,3,100.0,0.29,0.29,0.0,0.0,0,0,55,27.5,10,85,7,7,14,21,0.65,10,32,-22,-2.1,-1.96,0,14,4,0,15,20,9,,,0,,,,,,,,,,,,,,,
ITA-Serie A,2324,Cagliari,Alberto Dossena,ITA,DF,24,1998,35,33,2977,33.1,2,4,6,2,0,0,5,0,0.06,0.12,0.18,0.06,0.18,33.1,2,24,6,25.0,0.73,0.18,0.08,0.33,0,0,85,87.0,33,88,30,2,34,1,1.0,36,51,-15,-0.45,1.78,0,38,42,0,1,46,35,,,2,,,,,,,,,,,,,,,
ITA-Serie A,2324,Cagliari,Alessandro Deiola,ITA,MF,27,1995,27,19,1608,17.9,1,0,1,1,0,0,7,0,0.06,0.0,0.06,0.06,0.06,17.9,1,25,6,24.0,1.4,0.34,0.04,0.17,0,0,60,47.0,19,79,10,8,14,10,1.04,15,29,-14,-0.78,-0.19,0,24,17,0,15,10,21,,,1,,,,,,,,,,,,,,,
ITA-Serie A,2324,Cagliari,Alessandro Di Pardo,ITA,"MF,DF",24,1999,15,2,359,4.0,0,0,0,0,0,0,0,0,0.0,0.0,0.0,0.0,0.0,4.0,0,3,0,0.0,0.75,0.0,0.0,,0,0,24,10.5,2,61,0,13,18,18,0.73,2,10,-8,-2.01,-1.48,0,3,2,1,18,5,1,,,0,,,,,,,,,,,,,,,
ITA-Serie A,2324,Cagliari,Andrea Petagna,ITA,FW,28,1995,18,13,995,11.1,1,1,2,1,0,0,2,0,0.09,0.09,0.18,0.09,0.18,11.1,1,19,8,42.1,1.72,0.72,0.05,0.13,0,0,55,29.1,13,72,4,5,12,10,0.72,12,20,-8,-0.72,-0.06,0,18,22,2,3,1,2,,,0,,,,,,,,,,,,,,,
ITA-Serie A,2324,Cagliari,Antoine Makoumbou,CGO,MF,25,1998,32,32,2702,30.0,1,0,1,1,0,0,5,2,0.03,0.0,0.03,0.03,0.03,30.0,1,8,2,25.0,0.27,0.07,0.13,0.5,0,0,84,79.0,32,84,25,0,,1,0.91,34,54,-20,-0.67,0.09,1,28,28,1,11,16,22,,,0,,,,,,,,,,,,,,,
ITA-Serie A,2324,Cagliari,Boris Radunović,SRB,GK,27,1996,7,7,630,7.0,0,0,0,0,0,0,0,0,0.0,0.0,0.0,0.0,0.0,7.0,0,0,0,,0.0,0.0,,,0,0,90,18.4,7,90,7,0,,31,0.29,2,12,-10,-1.43,-0.91,0,0,2,0,0,1,0,,,0,12,1.71,28,16,57.1,0,2,5,2,28.6,1,0,0,1,
ITA-Serie A,2324,Cagliari,Edoardo Goldaniga,ITA,DF,29,1993,13,12,1011,11.2,0,0,0,0,0,0,3,0,0.0,0.0,0.0,0.0,0.0,11.2,0,4,3,75.0,0.36,0.27,0.0,0.0,0,0,78,29.6,12,83,7,1,19,8,1.08,14,17,-3,-0.27,0.59,0,14,10,3,11,15,7,,,0,,,,,,,,,,,,,,,
ITA-Serie A,2324,Cagliari,Eldor Shomurodov,UZB,"MF,FW",28,1995,22,10,936,10.4,3,3,6,3,0,0,1,0,0.29,0.29,0.58,0.29,0.58,10.4,3,21,7,33.3,2.02,0.67,0.14,0.43,0,0,43,27.4,10,67,0,12,22,5,1.0,12,23,-11,-1.06,-0.51,0,11,11,2,7,4,4,,,0,,,,,,,,,,,,,,,
ITA-Serie A,2324,Cagliari,Gabriele Zappa,ITA,"DF,MF",23,1999,38,25,2561,28.5,1,3,4,1,0,0,2,0,0.04,0.11,0.14,0.04,0.14,28.5,1,19,6,31.6,0.67,0.21,0.05,0.17,0,0,67,74.9,25,85,18,13,34,0,0.95,38,53,-15,-0.53,0.63,0,21,15,0,78,20,30,,,0,,,,,,,,,,,,,,,
ITA-Serie A,2324,Cagliari,Gaetano Oristanio,ITA,"FW,MF",20,2002,25,11,1104,12.3,2,1,3,2,0,0,1,0,0.16,0.08,0.24,0.16,0.24,12.3,2,23,5,21.7,1.87,0.41,0.09,0.4,0,0,44,32.3,11,67,1,14,26,6,0.88,12,19,-7,-0.57,0.17,0,37,28,2,33,9,10,,,0,,,,,,,,,,,,,,,
ITA-Serie A,2324,Cagliari,Gianluca Gaetano,ITA,"MF,FW",23,2000,11,10,745,8.3,4,1,5,3,1,1,1,1,0.48,0.12,0.6,0.36,0.48,8.3,4,14,6,42.9,1.69,0.72,0.29,0.67,1,1,68,21.8,10,72,3,1,29,3,1.45,9,9,0,0.0,0.87,0,10,12,3,16,4,3,,,0,,,,,,,,,,,,,,,
ITA-Serie A,2324,Cagliari,Gianluca Lapadula,PER,FW,33,1990,23,14,1205,13.4,3,1,4,2,1,1,3,0,0.22,0.07,0.3,0.15,0.22,13.4,3,35,11,31.4,2.61,0.82,0.09,0.27,1,1,52,35.2,14,73,6,9,20,5,0.83,17,24,-7,-0.52,0.25,0,22,18,15,7,2,1,,,0,,,,,,,,,,,,,,,
ITA-Serie A,2324,Cagliari,Ibrahim Sulemana,GHA,MF,20,2003,21,16,1339,14.9,2,0,2,2,0,0,4,0,0.13,0.0,0.13,0.13,0.13,14.9,2,13,3,23.1,0.87,0.2,0.15,0.67,0,0,64,39.2,16,73,8,5,33,12,0.86,16,26,-10,-0.67,0.02,0,18,11,1,12,6,13,,,0,,,,,,,,,,,,,,,
ITA-Serie A,2324,Cagliari,Jakub Jankto,CZE,MF,27,1996,18,13,872,9.7,1,2,3,1,0,0,0,0,0.1,0.21,0.31,0.1,0.31,9.7,1,12,6,50.0,1.24,0.62,0.08,0.17,0,0,48,25.5,13,61,0,5,16,11,1.22,11,18,-7,-0.72,-0.05,0,9,8,1,26,5,9,,,0,,,,,,,,,,,,,,,
ITA-Serie A,2324,Cagliari,Kingstone Mutandwa,ZAM,FW,20,2003,5,0,39,0.4,1,0,1,1,0,0,0,0,2.31,0.0,2.31,2.31,2.31,0.4,1,2,1,50.0,4.62,2.31,0.5,1.0,0,0,8,1.1,0,,0,5,8,9,0.6,1,4,-3,-6.92,-6.31,0,0,0,0,0,0,0,,,0,,,,,,,,,,,,,,,
ITA-Serie A,2324,Cagliari,Leonardo Pavoletti,ITA,FW,34,1988,19,5,628,7.0,4,1,5,4,0,0,4,0,0.57,0.14,0.72,0.57,0.72,7.0,4,25,9,36.0,3.58,1.29,0.16,0.44,0,0,33,18.4,5,72,2,14,19,9,0.79,9,11,-2,-0.29,0.49,0,19,7,1,1,0,1,,,0,,,,,,,,,,,,,,,
ITA-Serie A,2324,Cagliari,Marco Mancosu,ITA,"MF,FW",34,1988,6,3,156,1.7,0,0,0,0,0,1,0,0,0.0,0.0,0.0,0.0,0.0,1.7,0,7,0,0.0,4.04,0.0,0.0,,0,1,26,4.6,3,51,0,3,1,8,1.83,2,4,-2,-1.15,-0.49,0,3,1,2,4,0,0,,,0,,,,,,,,,,,,,,,
ITA-Serie A,2324,Cagliari,Mateusz Wieteska,POL,DF,26,1997,19,10,965,10.7,0,1,1,0,0,0,5,1,0.0,0.09,0.09,0.0,0.09,10.7,0,4,0,0.0,0.37,0.0,0.0,,0,0,51,28.2,10,84,7,9,14,16,0.84,8,20,-12,-1.12,-0.61,1,12,6,0,4,14,10,,,0,,,,,,,,,,,,,,,
ITA-Serie A,2324,Cagliari,Matteo Prati,ITA,MF,19,2003,26,19,1972,21.9,1,1,2,1,0,0,4,0,0.05,0.05,0.09,0.05,0.09,21.9,1,35,11,31.4,1.6,0.5,0.03,0.09,0,0,76,57.7,19,87,14,7,46,12,0.88,25,44,-19,-0.87,-0.43,0,19,6,0,15,14,25,,,0,,,,,,,,,,,,,,,
ITA-Serie A,2324,Cagliari,Nahitan Nández,URU,"MF,DF",27,1995,33,29,2341,26.0,2,3,5,1,1,1,7,0,0.08,0.12,0.19,0.04,0.15,26.0,2,23,7,30.4,0.88,0.27,0.09,0.29,1,1,71,68.5,29,78,12,4,19,0,0.91,21,47,-26,-1.0,-1.0,0,52,32,9,154,19,40,,,0,,,,,,,,,,,,,,,
ITA-Serie A,2324,Cagliari,Nicolas Viola,ITA,"MF,FW",33,1989,26,11,1207,13.4,5,2,7,5,0,1,3,0,0.37,0.15,0.52,0.37,0.52,13.4,5,38,12,31.6,2.83,0.89,0.13,0.42,0,1,46,35.3,11,73,3,15,27,10,1.12,25,18,7,0.52,1.86,0,17,25,2,135,3,8,,,0,,,,,,,,,,,,,,,
ITA-Serie A,2324,Cagliari,Pantelis Hatzidiakos,GRE,DF,26,1997,13,13,856,9.5,0,0,0,0,0,0,1,0,0.0,0.0,0.0,0.0,0.0,9.5,0,4,2,50.0,0.42,0.21,0.0,0.0,0,0,66,25.0,13,66,2,0,,17,0.54,6,19,-13,-1.37,-0.91,0,7,4,0,6,11,11,,,0,,,,,,,,,,,,,,,
ITA-Serie A,2324,Cagliari,Paulo Azzi,BRA,"MF,DF",29,1994,25,9,950,10.6,0,0,0,0,0,0,1,0,0.0,0.0,0.0,0.0,0.0,10.6,0,22,2,9.1,2.08,0.19,0.0,0.0,0,0,38,27.8,9,73,3,16,18,13,0.96,9,19,-10,-0.95,-0.36,0,5,4,4,49,17,11,,,0,,,,,,,,,,,,,,,
ITA-Serie A,2324,Cagliari,Simone Aresti,ITA,GK,37,1986,1,0,1,0.0,0,0,0,0,0,0,0,0,0.0,0.0,0.0,0.0,0.0,0.0,0,0,0,,0.0,0.0,,,0,0,1,0.0,0,,0,1,1,33,0.0,0,1,-1,-90.0,-89.34,0,0,0,0,0,0,0,,,0,1,90.0,1,0,0.0,0,0,0,0,,1,1,0,0,0.0
ITA-Serie A,2324,Cagliari,Simone Scuffet,ITA,GK,27,1996,31,31,2789,31.0,0,0,0,0,0,0,3,0,0.0,0.0,0.0,0.0,0.0,31.0,0,0,0,,0.0,0.0,,,0,0,90,81.5,31,90,30,0,,7,1.1,40,55,-15,-0.48,1.08,0,0,4,0,0,1,0,,,0,55,1.77,134,79,59.0,8,10,13,3,9.7,3,3,0,0,0.0
ITA-Serie A,2324,Cagliari,Tommaso Augello,ITA,"DF,MF",28,1994,32,28,2418,26.9,1,1,2,1,0,0,5,0,0.04,0.04,0.07,0.04,0.07,26.9,1,10,3,30.0,0.37,0.11,0.1,0.33,0,0,76,70.7,28,82,12,4,30,4,1.06,32,46,-14,-0.52,0.56,0,15,15,1,152,13,20,,,0,,,,,,,,,,,,,,,
ITA-Serie A,2324,Cagliari,Yerry Mina,COL,DF,28,1994,14,14,1215,13.5,2,0,2,1,1,1,4,0,0.15,0.0,0.15,0.07,0.07,13.5,2,3,2,66.7,0.22,0.15,0.67,1.0,1,1,87,35.5,14,87,11,0,,1,1.29,21,26,-5,-0.37,0.49,0,17,18,0,2,4,13,,,0,,,,,,,,,,,,,,,
ITA-Serie A,2324,Cagliari,Zito Luvumbo,ANG,"MF,FW",21,2002,30,19,1946,21.6,4,5,9,4,0,0,5,0,0.18,0.23,0.42,0.18,0.42,21.6,4,51,16,31.4,2.36,0.74,0.08,0.25,0,0,65,56.9,19,79,10,11,40,1,0.97,23,34,-11,-0.51,0.41,0,31,66,14,82,1,7,,,0,,,,,,,,,,,,,,,
ITA-Serie A,2324,Empoli,Alberto Cerri,ITA,FW,27,1996,12,10,545,6.1,1,0,1,1,0,0,2,0,0.17,0.0,0.17,0.17,0.17,6.1,1,10,3,30.0,1.65,0.5,0.1,0.33,0,0,45,15.9,10,52,0,2,13,3,1.58,6,6,0,0.0,0.78,0,15,9,6,1,3,3,,,0,,,,,,,,,,,,,,,
ITA-Serie A,2324,Empoli,Alberto Grassi,ITA,MF,28,1995,27,22,1807,20.1,0,1,1,0,0,0,6,1,0.0,0.05,0.05,0.0,0.05,20.1,0,23,5,21.7,1.15,0.25,0.0,0.0,0,0,67,52.8,22,77,9,5,22,5,1.0,16,28,-12,-0.6,0.13,1,22,33,0,5,39,17,,,1,,,,,,,,,,,,,,,
ITA-Serie A,2324,Empoli,Andrea Sodero,ITA,MF,18,2004,1,0,5,0.1,0,0,0,0,0,0,0,0,0.0,0.0,0.0,0.0,0.0,0.1,0,0,0,,0.0,0.0,,,0,0,5,0.1,0,,0,1,5,0,0.0,0,0,0,0.0,0.66,0,0,0,0,1,0,0,,,0,,,,,,,,,,,,,,,
ITA-Serie A,2324,Empoli,Ardian Ismajli,ALB,DF,26,1996,26,23,2045,22.7,0,0,0,0,0,0,2,0,0.0,0.0,0.0,0.0,0.0,22.7,0,5,0,0.0,0.22,0.0,0.0,,0,0,79,59.8,23,85,20,3,27,3,0.92,21,31,-10,-0.44,0.54,0,18,16,0,4,24,15,,,0,,,,,,,,,,,,,,,
ITA-Serie A,2324,Empoli,Bartosz Bereszyński,POL,DF,31,1992,24,22,1762,19.6,0,1,1,0,0,0,3,0,0.0,0.05,0.05,0.0,0.05,19.6,0,3,1,33.3,0.15,0.05,0.0,0.0,0,0,73,51.5,22,78,15,2,26,7,1.21,17,30,-13,-0.66,-0.01,0,23,15,0,16,21,26,,,0,,,,,,,,,,,,,,,
ITA-Serie A,2324,Empoli,Daniel Maldini,ITA,"FW,MF",21,2001,7,3,263,2.9,0,0,0,0,0,0,1,0,0.0,0.0,0.0,0.0,0.0,2.9,0,9,2,22.2,3.08,0.68,0.0,0.0,0,0,38,7.7,3,66,0,4,16,4,0.71,2,5,-3,-1.03,-0.4,0,8,5,0,5,2,2,,,0,,,,,,,,,,,,,,,
ITA-Serie A,2324,Empoli,Elia Caprile,ITA,GK,21,2001,23,23,2070,23.0,0,0,0,0,0,0,0,0,0.0,0.0,0.0,0.0,0.0,23.0,0,0,0,,0.0,0.0,,,0,0,90,60.5,23,90,23,0,,9,1.04,19,27,-8,-0.35,0.79,0,1,7,0,0,0,0,,,0,27,1.17,106,79,74.5,6,6,11,4,17.4,5,4,1,0,20.0
ITA-Serie A,2324,Empoli,Emmanuel Ekong,SWE,FW,21,2002,1,0,5,0.1,0,0,0,0,0,0,0,0,0.0,0.0,0.0,0.0,0.0,0.1,0,0,0,,0.0,0.0,,,0,0,5,0.1,0,,0,1,5,0,0.0,0,0,0,0.0,0.66,0,0,1,0,0,0,0,,,0,,,,,,,,,,,,,,,
ITA-Serie A,2324,Empoli,Emmanuel Gyasi,GHA,MF,29,1994,33,21,1879,20.9,1,2,3,1,0,0,8,0,0.05,0.1,0.14,0.05,0.14,20.9,1,16,6,37.5,0.77,0.29,0.06,0.17,0,0,57,54.9,21,80,13,12,16,4,0.97,17,25,-8,-0.38,0.61,0,40,21,6,22,5,17,,,0,,,,,,,,,,,,,,,
ITA-Serie A,2324,Empoli,Etrit Berisha,ALB,GK,34,1989,14,14,1260,14.0,0,0,0,0,0,0,0,0,0.0,0.0,0.0,0.0,0.0,14.0,0,0,0,,0.0,0.0,,,0,0,90,36.8,14,90,14,0,,12,0.86,10,25,-15,-1.07,-0.65,0,0,2,0,0,0,0,,,0,25,1.79,74,49,66.2,3,3,8,4,28.6,3,2,1,0,33.3
ITA-Serie A,2324,Empoli,Filippo Ranocchia,ITA,MF,22,2001,9,5,476,5.3,0,0,0,0,0,0,3,0,0.0,0.0,0.0,0.0,0.0,5.3,0,6,2,33.3,1.13,0.38,0.0,0.0,0,0,53,13.9,5,68,0,4,35,11,0.56,3,9,-6,-1.13,-0.55,0,11,8,0,10,3,11,,,0,,,,,,,,,,,,,,,
ITA-Serie A,2324,Empoli,Francesco Caputo,ITA,FW,35,1987,20,15,1268,14.1,3,0,3,2,1,1,0,0,0.21,0.0,0.21,0.14,0.14,14.1,3,23,10,43.5,1.63,0.71,0.13,0.3,1,1,63,37.1,15,75,4,5,27,6,0.7,8,22,-14,-0.99,-0.53,0,10,14,20,1,0,0,,,0,,,,,,,,,,,,,,,
ITA-Serie A,2324,Empoli,Giacomo Corona,ITA,FW,19,2004,1,0,5,0.1,0,0,0,0,0,0,0,0,0.0,0.0,0.0,0.0,0.0,0.1,0,0,0,,0.0,0.0,,,0,0,5,0.1,0,,0,1,5,1,0.0,0,0,0,0.0,0.66,0,1,1,0,0,0,0,,,0,,,,,,,,,,,,,,,
ITA-Serie A,2324,Empoli,Giuseppe Pezzella,ITA,"MF,DF",25,1997,19,14,1085,12.1,0,0,0,0,0,0,4,0,0.0,0.0,0.0,0.0,0.0,12.1,0,3,2,66.7,0.25,0.17,0.0,0.0,0,0,57,31.7,14,72,5,5,15,4,0.79,4,17,-13,-1.08,-0.62,0,17,17,2,54,2,14,,,0,,,,,,,,,,,,,,,
ITA-Serie A,2324,Empoli,Jacopo Fazzini,ITA,MF,20,2003,31,14,1232,13.7,1,1,2,1,0,0,6,0,0.07,0.07,0.15,0.07,0.15,13.7,1,23,4,17.4,1.68,0.29,0.04,0.25,0,0,40,36.0,14,65,2,17,19,1,1.0,11,24,-13,-0.95,-0.46,0,23,27,1,54,11,25,,,0,,,,,,,,,,,,,,,
ITA-Serie A,2324,Empoli,Liam Henderson,SCO,MF,27,1996,1,0,5,0.1,0,0,0,0,0,0,0,0,0.0,0.0,0.0,0.0,0.0,0.1,0,0,0,,0.0,0.0,,,0,0,5,0.1,0,,0,1,5,0,0.0,0,0,0,0.0,0.66,0,0,0,0,1,0,0,,,0,,,,,,,,,,,,,,,
ITA-Serie A,2324,Empoli,Liberato Cacace,NZL,"DF,MF",22,2000,31,18,1912,21.2,0,1,1,0,0,0,6,0,0.0,0.05,0.05,0.0,0.05,21.2,0,13,2,15.4,0.61,0.09,0.0,0.0,0,0,62,55.9,18,84,11,13,31,6,1.1,22,30,-8,-0.38,0.64,0,30,18,1,66,19,23,,,0,,,,,,,,,,,,,,,
ITA-Serie A,2324,Empoli,M'Baye Niang,SEN,FW,28,1994,14,5,708,7.9,6,1,7,2,4,4,1,0,0.76,0.13,0.89,0.25,0.38,7.9,6,24,9,37.5,3.05,1.14,0.25,0.67,4,4,51,20.7,5,69,0,9,40,2,1.29,9,10,-1,-0.13,0.67,0,15,24,9,4,3,2,,,0,,,,,,,,,,,,,,,
ITA-Serie A,2324,Empoli,Matteo Cancellieri,ITA,"FW,MF",21,2002,36,18,1788,19.9,4,3,7,4,0,0,7,0,0.2,0.15,0.35,0.2,0.35,19.9,4,40,13,32.5,2.01,0.65,0.1,0.31,0,0,50,52.3,18,74,4,18,25,0,0.92,17,25,-8,-0.4,0.53,0,35,52,13,42,5,24,,,0,,,,,,,,,,,,,,,
ITA-Serie A,2324,Empoli,Mattia Destro,ITA,FW,32,1991,15,3,366,4.1,0,0,0,0,0,0,2,0,0.0,0.0,0.0,0.0,0.0,4.1,0,11,4,36.4,2.7,0.98,0.0,0.0,0,0,24,10.7,3,54,0,12,17,15,0.67,4,9,-5,-1.23,-0.64,0,6,8,4,0,3,1,,,0,,,,,,,,,,,,,,,
ITA-Serie A,2324,Empoli,Nicolas Haas,SUI,MF,27,1996,1,1,90,1.0,0,0,0,0,0,0,1,0,0.0,0.0,0.0,0.0,0.0,1.0,0,1,1,100.0,1.0,1.0,0.0,0.0,0,0,90,2.6,1,90,1,0,,1,0.0,0,2,-2,-2.0,-1.38,0,1,1,0,0,1,3,,,0,,,,,,,,,,,,,,,
ITA-Serie A,2324,Empoli,Nicolò Cambiaghi,ITA,"FW,MF",22,2000,37,29,2553,28.4,1,1,2,1,0,0,3,0,0.04,0.04,0.07,0.04,0.07,28.4,1,71,17,23.9,2.5,0.6,0.01,0.06,0,0,69,74.6,29,82,11,8,24,0,0.97,20,42,-22,-0.78,-0.46,0,48,76,3,133,14,40,,,0,,,,,,,,,,,,,,,
ITA-Serie A,2324,Empoli,Roberto Piccoli,ITA,FW,22,2001,2,0,39,0.4,0,0,0,0,0,0,0,0,0.0,0.0,0.0,0.0,0.0,0.4,0,1,0,0.0,2.31,0.0,0.0,,0,0,20,1.1,0,,0,2,20,0,0.0,0,1,-1,-2.31,-1.67,0,1,1,0,0,0,1,,,0,,,,,,,,,,,,,,,
ITA-Serie A,2324,Empoli,Răzvan Marin,ROU,MF,27,1996,30,20,1818,20.2,0,3,3,0,0,0,3,0,0.0,0.15,0.15,0.0,0.15,20.2,0,35,9,25.7,1.73,0.45,0.0,0.0,0,0,61,53.2,20,80,11,10,21,5,0.83,14,28,-14,-0.69,-0.08,0,28,18,1,97,6,21,,,0,,,,,,,,,,,,,,,
ITA-Serie A,2324,Empoli,Samuele Perisan,ITA,GK,25,1997,1,1,90,1.0,0,0,0,0,0,0,0,0,0.0,0.0,0.0,0.0,0.0,1.0,0,0,0,,0.0,0.0,,,0,0,90,2.6,1,90,1,0,,37,0.0,0,2,-2,-2.0,-1.38,0,0,0,0,0,0,0,,,0,2,2.0,5,3,60.0,0,0,1,0,0.0,0,0,0,0,
ITA-Serie A,2324,Empoli,Sebastian Walukiewicz,POL,DF,23,2000,27,23,2055,22.8,0,0,0,0,0,0,6,0,0.0,0.0,0.0,0.0,0.0,22.8,0,4,2,50.0,0.18,0.09,0.0,0.0,0,0,76,60.1,23,84,19,4,33,6,1.0,18,31,-13,-0.57,0.22,0,23,7,2,2,16,28,,,0,,,,,,,,,,,,,,,
ITA-Serie A,2324,Empoli,Sebastiano Luperto,ITA,DF,26,1996,38,38,3406,37.8,1,1,2,1,0,0,4,0,0.03,0.03,0.05,0.03,0.05,37.8,1,19,3,15.8,0.5,0.08,0.05,0.33,0,0,90,99.6,38,90,37,0,,0,0.95,29,53,-24,-0.63,5.79,0,25,18,1,9,28,27,,,0,,,,,,,,,,,,,,,
ITA-Serie A,2324,Empoli,Simone Bastoni,ITA,"MF,DF",26,1996,16,9,745,8.3,1,0,1,1,0,0,3,0,0.12,0.0,0.12,0.12,0.12,8.3,1,7,1,14.3,0.85,0.12,0.14,1.0,0,0,47,21.8,9,70,2,7,17,15,1.13,4,14,-10,-1.21,-0.7,0,17,13,0,35,11,12,,,0,,,,,,,,,,,,,,,
ITA-Serie A,2324,Empoli,Steven Shpendi,ALB,FW,20,2003,12,4,411,4.6,0,1,1,0,0,0,0,0,0.0,0.22,0.22,0.0,0.22,4.6,0,7,3,42.9,1.53,0.66,0.0,0.0,0,0,34,12.0,4,67,0,8,18,25,0.67,3,9,-6,-1.31,-0.75,0,12,13,4,0,1,0,,,0,,,,,,,,,,,,,,,
ITA-Serie A,2324,Empoli,Szymon Żurkowski,POL,MF,25,1997,13,10,868,9.6,4,0,4,4,0,0,4,0,0.41,0.0,0.41,0.41,0.41,9.6,4,16,6,37.5,1.66,0.62,0.25,0.67,0,0,67,25.4,10,79,3,3,25,5,1.23,9,7,2,0.21,1.16,0,19,17,2,6,5,6,,,0,,,,,,,,,,,,,,,
ITA-Serie A,2324,Empoli,Tommaso Baldanzi,ITA,"MF,FW",20,2003,14,8,745,8.3,2,0,2,2,0,0,1,0,0.24,0.0,0.24,0.24,0.24,8.3,2,14,6,42.9,1.69,0.72,0.14,0.33,0,0,53,21.8,8,76,3,6,23,2,0.57,3,14,-11,-1.33,-0.86,0,4,16,2,16,2,3,,,0,,,,,,,,,,,,,,,
ITA-Serie A,2324,Empoli,Tyronne Ebuehi,NGA,DF,27,1995,15,11,1099,12.2,0,1,1,0,0,0,0,0,0.0,0.08,0.08,0.0,0.08,12.2,0,5,1,20.0,0.41,0.08,0.0,0.0,0,0,73,32.1,11,84,10,4,43,7,0.8,5,16,-11,-0.9,-0.36,0,7,9,3,23,6,10,,,0,,,,,,,,,,,,,,,
ITA-Serie A,2324,Empoli,Viktor Kovalenko,UKR,MF,27,1996,17,4,613,6.8,1,1,2,1,0,0,1,0,0.15,0.15,0.29,0.15,0.29,6.8,1,11,4,36.4,1.62,0.59,0.09,0.25,0,0,36,17.9,4,78,0,13,23,14,0.82,9,9,0,0.0,0.8,0,7,10,2,13,2,2,,,0,,,,,,,,,,,,,,,
ITA-Serie A,2324,Empoli,Youssef Maleh,MAR,MF,24,1998,34,30,2602,28.9,0,1,1,0,0,0,11,0,0.0,0.03,0.03,0.0,0.03,28.9,0,18,2,11.1,0.62,0.07,0.0,0.0,0,0,77,76.1,30,83,17,4,31,0,1.06,20,43,-23,-0.8,-0.58,0,57,37,0,47,23,50,,,0,,,,,,,,,,,,,,,
ITA-Serie A,2324,Fiorentina,Alfred Duncan,GHA,MF,30,1993,30,24,1888,21.0,2,5,7,2,0,0,2,0,0.1,0.24,0.33,0.1,0.33,21.0,2,23,6,26.1,1.1,0.29,0.09,0.33,0,0,63,55.2,24,75,6,6,16,7,1.63,35,25,10,0.48,0.18,0,26,15,3,67,10,24,,,0,,,,,,,,,,,,,,,
ITA-Serie A,2324,Fiorentina,Andrea Belotti,ITA,FW,29,1993,15,11,949,10.5,3,0,3,3,0,0,0,0,0.28,0.0,0.28,0.28,0.28,10.5,3,32,9,28.1,3.03,0.85,0.09,0.33,0,0,63,27.7,11,78,4,4,24,0,1.33,17,15,2,0.19,-0.28,0,15,22,7,4,3,3,,,0,,,,,,,,,,,,,,,
ITA-Serie A,2324,Fiorentina,Antonín Barák,CZE,"MF,FW",28,1994,21,8,808,9.0,2,3,5,2,0,0,2,0,0.22,0.33,0.56,0.22,0.56,9.0,2,20,8,40.0,2.23,0.89,0.1,0.25,0,0,38,23.6,8,77,4,13,15,14,1.62,15,10,5,0.56,0.21,0,8,7,1,4,2,2,,,0,,,,,,,,,,,,,,,
ITA-Serie A,2324,Fiorentina,Arthur Melo,BRA,MF,26,1996,33,23,1986,22.1,2,3,5,1,1,1,2,0,0.09,0.14,0.23,0.05,0.18,22.1,2,12,6,50.0,0.54,0.27,0.17,0.33,1,1,60,58.1,23,74,4,10,28,4,1.73,41,26,15,0.68,0.68,0,18,47,0,21,19,29,,,0,,,,,,,,,,,,,,,
ITA-Serie A,2324,Fiorentina,Christian Kouamé,CIV,MF,25,1997,23,11,1089,12.1,2,1,3,2,0,0,0,0,0.17,0.08,0.25,0.17,0.25,12.1,2,24,7,29.2,1.98,0.58,0.08,0.29,0,0,47,31.8,11,74,4,12,23,4,1.74,20,10,10,0.83,0.63,0,17,25,0,20,2,3,,,0,,,,,,,,,,,,,,,
ITA-Serie A,2324,Fiorentina,Cristiano Biraghi,ITA,DF,30,1992,29,27,2356,26.2,2,5,7,2,0,1,8,0,0.08,0.19,0.27,0.08,0.27,26.2,2,17,6,35.3,0.65,0.23,0.12,0.33,0,1,81,68.9,27,86,21,2,14,7,1.59,39,31,8,0.31,-0.29,0,44,14,1,225,15,30,,,0,,,,,,,,,,,,,,,
ITA-Serie A,2324,Fiorentina,Davide Faraoni,ITA,DF,31,1991,8,4,392,4.4,0,1,1,0,0,0,0,0,0.0,0.23,0.23,0.0,0.23,4.4,0,3,1,33.3,0.69,0.23,0.0,0.0,0,0,49,11.5,4,81,2,4,17,11,1.38,7,8,-1,-0.23,-0.71,0,3,6,0,17,5,5,,,0,,,,,,,,,,,,,,,
ITA-Serie A,2324,Fiorentina,Dodô,BRA,DF,24,1998,9,7,523,5.8,0,0,0,0,0,0,0,0,0.0,0.0,0.0,0.0,0.0,5.8,0,2,1,50.0,0.34,0.17,0.0,0.0,0,0,58,15.3,7,72,4,2,9,8,1.56,10,14,-4,-0.69,-1.28,0,7,8,0,19,5,3,,,0,,,,,,,,,,,,,,,
ITA-Serie A,2324,Fiorentina,Fabiano Parisi,ITA,DF,22,2000,21,16,1454,16.2,0,1,1,0,0,0,4,0,0.0,0.06,0.06,0.0,0.06,16.2,0,12,2,16.7,0.74,0.12,0.0,0.0,0,0,69,42.5,16,86,13,5,14,16,1.38,25,20,5,0.31,-0.15,0,14,38,0,42,17,14,,,0,,,,,,,,,,,,,,,
ITA-Serie A,2324,Fiorentina,Gaetano Castrovilli,ITA,MF,26,1997,6,5,367,4.1,1,2,3,1,0,0,0,0,0.25,0.49,0.74,0.25,0.74,4.1,1,5,2,40.0,1.23,0.49,0.2,0.5,0,0,61,10.7,5,72,1,1,8,5,2.5,8,7,1,0.25,-0.17,0,4,5,1,9,2,2,,,0,,,,,,,,,,,,,,,
ITA-Serie A,2324,Fiorentina,Giacomo Bonaventura,ITA,MF,33,1989,31,27,2277,25.3,8,3,11,8,0,1,6,0,0.32,0.12,0.43,0.32,0.43,25.3,8,52,16,30.8,2.06,0.63,0.15,0.5,0,1,73,66.6,27,80,11,4,28,4,1.35,35,29,6,0.24,-0.47,0,20,35,1,55,12,13,,,0,,,,,,,,,,,,,,,
ITA-Serie A,2324,Fiorentina,Gino Infantino,ARG,MF,20,2003,6,0,96,1.1,0,0,0,0,0,0,1,0,0.0,0.0,0.0,0.0,0.0,1.1,0,1,0,0.0,0.94,0.0,0.0,,0,0,16,2.8,0,,0,6,16,32,2.17,2,2,0,0.0,-0.41,0,4,2,0,0,3,1,,,0,,,,,,,,,,,,,,,
ITA-Serie A,2324,Fiorentina,Jonathan Ikone,FRA,MF,25,1998,28,18,1682,18.7,3,1,4,3,0,0,5,0,0.16,0.05,0.21,0.16,0.21,18.7,3,39,16,41.0,2.09,0.86,0.08,0.19,0,0,60,49.2,18,80,7,10,25,4,1.57,26,18,8,0.43,0.07,0,16,15,5,11,2,12,,,0,,,,,,,,,,,,,,,
ITA-Serie A,2324,Fiorentina,Josip Brekalo,CRO,MF,25,1998,11,8,652,7.2,1,0,1,1,0,0,0,0,0.14,0.0,0.14,0.14,0.14,7.2,1,9,4,44.4,1.24,0.55,0.11,0.25,0,0,59,19.1,8,72,2,3,27,9,1.82,13,11,2,0.28,-0.15,0,13,6,1,22,1,6,,,0,,,,,,,,,,,,,,,
ITA-Serie A,2324,Fiorentina,Lorenzo Amatucci,ITA,MF,19,2004,2,0,22,0.2,0,0,0,0,0,0,0,0,0.0,0.0,0.0,0.0,0.0,0.2,0,1,0,0.0,4.09,0.0,0.0,,0,0,11,0.6,0,,0,2,11,15,1.5,0,0,0,0.0,-0.4,0,1,0,0,0,0,0,,,0,,,,,,,,,,,,,,,
ITA-Serie A,2324,Fiorentina,Luca Ranieri,ITA,DF,24,1999,26,23,2065,22.9,2,1,3,2,0,0,14,0,0.09,0.04,0.13,0.09,0.13,22.9,2,10,3,30.0,0.44,0.13,0.2,0.67,0,0,79,60.4,23,87,19,3,22,10,1.69,38,28,10,0.44,0.1,0,32,11,1,13,27,11,,,0,,,,,,,,,,,,,,,
ITA-Serie A,2324,Fiorentina,Lucas Beltrán,ARG,"FW,MF",22,2001,32,21,1692,18.8,6,2,8,5,1,1,6,0,0.32,0.11,0.43,0.27,0.37,18.8,6,32,9,28.1,1.7,0.48,0.19,0.67,1,1,53,49.5,21,69,3,11,22,3,1.44,32,21,11,0.59,0.38,0,24,28,4,7,2,14,,,0,,,,,,,,,,,,,,,
ITA-Serie A,2324,Fiorentina,Lucas Martínez Quarta,ARG,DF,27,1996,29,26,2291,25.5,5,1,6,5,0,0,9,0,0.2,0.04,0.24,0.2,0.24,25.5,5,24,7,29.2,0.94,0.27,0.21,0.71,0,0,79,67.0,26,86,21,3,19,5,1.69,42,30,12,0.47,0.23,0,41,13,1,5,29,52,,,0,,,,,,,,,,,,,,,
ITA-Serie A,2324,Fiorentina,M'Bala Nzola,ANG,FW,26,1996,33,15,1552,17.2,3,3,6,2,1,1,2,0,0.17,0.17,0.35,0.12,0.29,17.2,3,32,13,40.6,1.86,0.75,0.09,0.23,1,1,47,45.4,15,77,7,18,22,1,1.48,26,26,0,0.0,-0.72,0,37,7,21,6,0,8,,,0,,,,,,,,,,,,,,,
ITA-Serie A,2324,Fiorentina,Maxime Lopez,FRA,MF,25,1997,19,7,800,8.9,0,0,0,0,0,0,1,0,0.0,0.0,0.0,0.0,0.0,8.9,0,4,2,50.0,0.45,0.23,0.0,0.0,0,0,42,23.4,7,75,2,12,23,15,1.47,9,10,-1,-0.11,-0.66,0,8,5,0,16,7,7,,,0,,,,,,,,,,,,,,,
ITA-Serie A,2324,Fiorentina,Michael Kayode,ITA,DF,19,2004,26,22,2058,22.9,1,1,2,1,0,0,2,0,0.04,0.04,0.09,0.04,0.09,22.9,1,7,2,28.6,0.31,0.09,0.14,0.5,0,0,79,60.2,22,85,14,4,45,8,1.88,39,20,19,0.83,1.1,0,14,19,2,65,18,30,,,0,,,,,,,,,,,,,,,
ITA-Serie A,2324,Fiorentina,Nicolás González,ARG,MF,25,1998,29,21,1913,21.3,12,2,14,11,1,3,1,0,0.56,0.09,0.66,0.52,0.61,21.3,12,87,35,40.2,4.09,1.65,0.14,0.34,1,3,66,55.9,21,80,13,8,29,1,1.41,36,28,8,0.38,-0.04,0,21,36,2,40,12,18,,,0,,,,,,,,,,,,,,,
ITA-Serie A,2324,Fiorentina,Nikola Milenković,SRB,DF,25,1997,34,27,2510,27.9,0,0,0,0,0,0,4,0,0.0,0.0,0.0,0.0,0.0,27.9,0,10,3,30.0,0.36,0.11,0.0,0.0,0,0,74,73.4,27,89,26,7,15,4,1.56,45,35,10,0.36,-0.14,0,30,23,0,0,27,19,,,0,,,,,,,,,,,,,,,
ITA-Serie A,2324,Fiorentina,Oliver Christensen,DEN,GK,24,1999,4,4,360,4.0,0,0,0,0,0,0,0,0,0.0,0.0,0.0,0.0,0.0,4.0,0,0,0,,0.0,0.0,,,0,0,90,10.5,4,90,4,0,,24,1.0,8,9,-1,-0.25,-0.72,0,2,1,0,0,0,0,,,0,9,2.25,19,10,52.6,1,1,2,0,0.0,2,2,0,0,0.0
ITA-Serie A,2324,Fiorentina,Pietro Comuzzo,ITA,DF,18,2005,4,0,43,0.5,0,0,0,0,0,0,1,0,0.0,0.0,0.0,0.0,0.0,0.5,0,0,0,,0.0,0.0,,,0,0,11,1.3,0,,0,4,11,28,3.0,2,0,2,4.19,3.84,0,1,0,0,0,1,1,,,0,,,,,,,,,,,,,,,
ITA-Serie A,2324,Fiorentina,Pietro Terracciano,ITA,GK,33,1990,33,33,2970,33.0,0,0,0,0,0,0,3,0,0.0,0.0,0.0,0.0,0.0,33.0,0,0,0,,0.0,0.0,,,0,0,90,86.8,33,90,33,0,,5,1.61,50,35,15,0.45,0.45,0,2,2,0,0,0,0,,,0,35,1.06,126,91,72.2,15,8,10,8,24.2,7,6,1,0,14.3
ITA-Serie A,2324,Fiorentina,Riccardo Sottil,ITA,MF,24,1999,22,13,1103,12.3,2,3,5,2,0,0,1,0,0.16,0.24,0.41,0.16,0.41,12.3,2,34,13,38.2,2.77,1.06,0.06,0.15,0,0,50,32.3,13,70,1,9,21,10,1.41,20,12,8,0.65,0.38,0,8,34,6,46,2,5,,,0,,,,,,,,,,,,,,,
ITA-Serie A,2324,Fiorentina,Rolando Mandragora,ITA,MF,26,1997,33,16,1588,17.6,3,3,6,3,0,0,5,0,0.17,0.17,0.34,0.17,0.34,17.6,3,30,11,36.7,1.7,0.62,0.1,0.27,0,0,48,46.4,16,78,7,17,20,3,1.42,28,24,4,0.23,-0.31,0,26,25,0,34,9,10,,,0,,,,,,,,,,,,,,,
ITA-Serie A,2324,Fiorentina,Tommaso Martinelli,ITA,GK,17,2006,1,1,90,1.0,0,0,0,0,0,0,0,0,0.0,0.0,0.0,0.0,0.0,1.0,0,0,0,,0.0,0.0,,,0,0,90,2.6,1,90,1,0,,31,3.0,3,2,1,1.0,0.62,0,0,0,0,0,0,0,,,0,2,2.0,3,1,33.3,1,0,0,0,0.0,0,0,0,0,
ITA-Serie A,2324,Fiorentina,Yerry Mina,COL,DF,28,1994,4,0,44,0.5,0,0,0,0,0,0,1,0,0.0,0.0,0.0,0.0,0.0,0.5,0,1,0,0.0,2.05,0.0,0.0,,0,0,11,1.3,0,,0,4,11,10,2.25,0,0,0,0.0,-0.4,0,3,2,0,0,0,1,,,0,,,,,,,,,,,,,,,
ITA-Serie A,2324,Frosinone,Abdou Harroui,NED,MF,25,1998,18,13,1019,11.3,3,3,6,2,1,1,2,0,0.26,0.26,0.53,0.18,0.44,11.3,3,33,12,36.4,2.91,1.06,0.09,0.25,1,1,57,29.8,13,70,0,5,22,2,0.67,15,29,-14,-1.24,-0.82,0,17,16,1,12,5,11,,,0,,,,,,,,,,,,,,,
ITA-Serie A,2324,Frosinone,Anthony Oyono,GAB,"DF,MF",22,2001,16,14,1198,13.3,0,1,1,0,0,0,4,0,0.0,0.08,0.08,0.0,0.08,13.3,0,4,1,25.0,0.3,0.08,0.0,0.0,0,0,75,35.0,14,84,12,2,10,0,1.19,15,23,-8,-0.6,0.09,0,13,11,0,12,9,27,,,0,,,,,,,,,,,,,,,
ITA-Serie A,2324,Frosinone,Arijon Ibrahimović,GER,"MF,FW",17,2005,16,5,474,5.3,1,1,2,1,0,0,1,0,0.19,0.19,0.38,0.19,0.38,5.3,1,12,4,33.3,2.28,0.76,0.08,0.25,0,0,30,13.9,5,70,0,11,11,15,0.75,4,7,-3,-0.57,0.1,0,3,4,2,7,1,6,,,0,,,,,,,,,,,,,,,
ITA-Serie A,2324,Frosinone,Caleb Okoli,ITA,DF,22,2001,34,32,2914,32.4,0,1,1,0,0,0,9,0,0.0,0.03,0.03,0.0,0.03,32.4,0,13,4,30.8,0.4,0.12,0.0,0.0,0,0,86,85.2,32,89,30,2,28,1,0.91,35,58,-23,-0.71,-0.35,0,27,26,0,1,31,34,,,0,,,,,,,,,,,,,,,
ITA-Serie A,2324,Frosinone,Demba Seck,SEN,"FW,MF",22,2001,11,3,298,3.3,0,0,0,0,0,0,0,0,0.0,0.0,0.0,0.0,0.0,3.3,0,7,2,28.6,2.11,0.6,0.0,0.0,0,0,27,8.7,3,63,0,8,14,4,0.45,4,7,-3,-0.91,-0.27,0,9,7,2,2,1,5,,,0,,,,,,,,,,,,,,,
ITA-Serie A,2324,Frosinone,Emanuele Valeri,ITA,"MF,DF",24,1998,16,14,1178,13.1,0,1,1,0,0,0,3,0,0.0,0.08,0.08,0.0,0.08,13.1,0,20,3,15.0,1.53,0.23,0.0,0.0,0,0,74,34.4,14,82,12,2,13,0,0.75,11,22,-11,-0.84,-0.28,0,12,8,0,72,10,14,,,0,,,,,,,,,,,,,,,
ITA-Serie A,2324,Frosinone,Enzo Barrenechea,ARG,MF,22,2001,36,32,2811,31.2,0,1,1,0,0,0,10,0,0.0,0.03,0.03,0.0,0.03,31.2,0,20,3,15.0,0.64,0.1,0.0,0.0,0,0,78,82.2,32,86,20,4,13,0,0.94,36,54,-18,-0.58,0.46,0,32,52,0,1,28,42,,,0,,,,,,,,,,,,,,,
ITA-Serie A,2324,Frosinone,Farés Ghedjemis,ALG,FW,20,2002,6,1,182,2.0,0,0,0,0,0,0,1,0,0.0,0.0,0.0,0.0,0.0,2.0,0,3,2,66.7,1.48,0.99,0.0,0.0,0,0,30,5.3,1,62,0,5,24,11,0.83,2,3,-1,-0.49,0.17,0,2,0,1,6,1,0,,,0,,,,,,,,,,,,,,,
ITA-Serie A,2324,Frosinone,Francesco Gelli,ITA,"MF,DF",26,1996,27,16,1561,17.3,0,0,0,0,0,0,3,0,0.0,0.0,0.0,0.0,0.0,17.3,0,10,3,30.0,0.58,0.17,0.0,0.0,0,0,58,45.6,16,86,9,11,17,2,0.93,22,40,-18,-1.04,-0.7,0,16,41,1,53,10,13,,,0,,,,,,,,,,,,,,,
ITA-Serie A,2324,Frosinone,Gennaro Borrelli,ITA,FW,23,2000,1,0,24,0.3,0,0,0,0,0,0,0,0,0.0,0.0,0.0,0.0,0.0,0.3,0,0,0,,0.0,0.0,,,0,0,24,0.7,0,,0,1,24,1,0.0,0,1,-1,-3.75,-3.11,0,0,0,2,1,0,0,,,0,,,,,,,,,,,,,,,
ITA-Serie A,2324,Frosinone,Giorgi Kvernadze,GEO,FW,20,2003,5,0,63,0.7,0,0,0,0,0,0,0,0,0.0,0.0,0.0,0.0,0.0,0.7,0,0,0,,0.0,0.0,,,0,0,13,1.8,0,,0,5,13,30,0.2,0,3,-3,-4.29,-3.7,0,3,1,0,1,1,0,,,0,,,,,,,,,,,,,,,
ITA-Serie A,2324,Frosinone,Giuseppe Caso,ITA,FW,24,1998,14,2,417,4.6,0,0,0,0,0,0,2,0,0.0,0.0,0.0,0.0,0.0,4.6,0,7,4,57.1,1.51,0.86,0.0,0.0,0,0,30,12.2,2,64,0,12,24,8,0.93,10,10,0,0.0,0.75,0,5,14,1,2,0,3,,,0,,,,,,,,,,,,,,,
ITA-Serie A,2324,Frosinone,Ilario Monterisi,ITA,DF,21,2001,24,16,1469,16.3,2,2,4,2,0,0,1,0,0.12,0.12,0.25,0.12,0.25,16.3,2,5,3,60.0,0.31,0.18,0.4,0.67,0,0,61,43.0,16,84,13,8,16,10,0.92,19,35,-16,-0.98,-0.57,0,10,17,1,5,8,13,,,0,,,,,,,,,,,,,,,
ITA-Serie A,2324,Frosinone,Jaime Báez,URU,"MF,FW",28,1995,11,6,500,5.6,1,0,1,1,0,0,1,0,0.18,0.0,0.18,0.18,0.18,5.6,1,9,2,22.2,1.62,0.36,0.11,0.5,0,0,45,14.6,6,60,0,5,28,21,1.09,9,7,2,0.36,1.19,0,6,15,5,24,4,1,,,0,,,,,,,,,,,,,,,
ITA-Serie A,2324,Frosinone,Kaio Jorge,BRA,FW,21,2002,20,8,812,9.0,3,0,3,2,1,2,2,0,0.33,0.0,0.33,0.22,0.22,9.0,3,27,13,48.1,2.99,1.44,0.11,0.23,1,2,41,23.7,8,78,2,12,15,11,0.6,13,20,-7,-0.78,-0.15,0,8,10,2,3,2,4,,,0,,,,,,,,,,,,,,,
ITA-Serie A,2324,Frosinone,Karlo Lulić,CRO,MF,27,1996,1,0,19,0.2,0,0,0,0,0,0,0,0,0.0,0.0,0.0,0.0,0.0,0.2,0,0,0,,0.0,0.0,,,0,0,19,0.6,0,,0,1,19,13,1.0,0,0,0,0.0,0.66,0,0,0,0,0,1,0,,,0,,,,,,,,,,,,,,,
ITA-Serie A,2324,Frosinone,Kevin Bonifazi,ITA,DF,27,1996,6,3,309,3.4,0,0,0,0,0,0,0,0,0.0,0.0,0.0,0.0,0.0,3.4,0,0,0,,0.0,0.0,,,0,0,52,9.0,3,90,3,3,13,3,1.33,1,10,-9,-2.62,-2.16,0,4,1,0,0,3,3,,,0,,,,,,,,,,,,,,,
ITA-Serie A,2324,Frosinone,Luca Garritano,ITA,MF,29,1994,12,5,485,5.4,0,0,0,0,0,0,1,0,0.0,0.0,0.0,0.0,0.0,5.4,0,12,3,25.0,2.23,0.56,0.0,0.0,0,0,40,14.2,5,67,0,7,21,25,1.17,8,9,-1,-0.19,0.55,0,6,7,0,16,3,5,,,0,,,,,,,,,,,,,,,
ITA-Serie A,2324,Frosinone,Luca Mazzitelli,ITA,MF,27,1995,29,26,2210,24.6,5,0,5,5,0,0,6,1,0.2,0.0,0.2,0.2,0.2,24.6,5,49,18,36.7,2.0,0.73,0.1,0.28,0,0,76,64.6,26,82,11,3,27,3,0.97,30,38,-8,-0.33,0.94,1,45,36,1,43,20,26,,,0,,,,,,,,,,,,,,,
ITA-Serie A,2324,Frosinone,Luigi Canotto,ITA,"FW,MF",29,1994,1,0,16,0.2,0,0,0,0,0,0,0,0,0.0,0.0,0.0,0.0,0.0,0.2,0,0,0,,0.0,0.0,,,0,0,16,0.5,0,,0,1,16,1,0.0,0,1,-1,-5.63,-4.99,0,0,1,0,0,0,0,,,0,,,,,,,,,,,,,,,
ITA-Serie A,2324,Frosinone,Marco Brescianini,ITA,MF,23,2000,36,24,2321,25.8,4,2,6,4,0,0,1,0,0.16,0.08,0.23,0.16,0.23,25.8,4,31,11,35.5,1.2,0.43,0.13,0.36,0,0,64,67.9,24,83,11,12,28,1,0.94,29,49,-20,-0.78,-0.37,0,35,24,5,20,9,12,,,0,,,,,,,,,,,,,,,
ITA-Serie A,2324,Frosinone,Marvin Cuni,ALB,FW,22,2001,22,6,534,5.9,1,0,1,1,0,0,0,0,0.17,0.0,0.17,0.17,0.17,5.9,1,10,2,20.0,1.69,0.34,0.1,0.5,0,0,24,15.6,6,63,0,16,10,9,0.86,8,7,1,0.17,0.98,0,13,12,3,4,1,3,,,0,,,,,,,,,,,,,,,
ITA-Serie A,2324,Frosinone,Mateus Lusuardi,BRA,DF,19,2004,4,3,219,2.4,0,0,0,0,0,0,1,0,0.0,0.0,0.0,0.0,0.0,2.4,0,1,0,0.0,0.41,0.0,0.0,,0,0,55,6.4,3,73,1,1,1,20,0.25,3,8,-5,-2.05,-1.49,0,2,0,0,1,4,1,,,0,,,,,,,,,,,,,,,
ITA-Serie A,2324,Frosinone,Matìas Soulé,ARG,"MF,FW",20,2003,36,36,3121,34.7,11,3,14,6,5,6,4,0,0.32,0.09,0.4,0.17,0.26,34.7,11,84,25,29.8,2.42,0.72,0.13,0.44,5,6,87,91.3,36,87,17,0,,0,0.89,40,62,-22,-0.63,0.27,0,18,47,2,99,18,27,,,1,,,,,,,,,,,,,,,
ITA-Serie A,2324,Frosinone,Mehdi Bourabia,MAR,MF,31,1991,10,3,200,2.2,0,0,0,0,0,0,1,0,0.0,0.0,0.0,0.0,0.0,2.2,0,2,0,0.0,0.9,0.0,0.0,,0,0,20,5.8,3,50,0,7,7,10,0.9,1,9,-8,-3.6,-3.12,0,5,1,1,3,1,4,,,0,,,,,,,,,,,,,,,
ITA-Serie A,2324,Frosinone,Michele Cerofolini,ITA,GK,24,1999,8,7,675,7.5,0,0,0,0,0,0,1,0,0.0,0.0,0.0,0.0,0.0,7.5,0,0,0,,0.0,0.0,,,0,0,84,19.7,7,90,7,1,45,30,1.38,7,11,-4,-0.53,0.16,0,1,0,0,0,0,0,,,1,11,1.47,29,18,62.1,2,2,3,0,0.0,1,0,0,1,
ITA-Serie A,2324,Frosinone,Nadir Zortea,ITA,"MF,DF",24,1999,14,14,1258,14.0,1,5,6,1,0,0,3,0,0.07,0.36,0.43,0.07,0.43,14.0,1,10,5,50.0,0.72,0.36,0.1,0.2,0,0,90,36.8,14,90,12,0,,0,1.07,15,18,-3,-0.21,0.7,0,15,14,0,74,4,13,,,0,,,,,,,,,,,,,,,
ITA-Serie A,2324,Frosinone,Pol Lirola,ESP,"DF,MF",25,1997,25,18,1536,17.1,2,1,3,2,0,0,1,0,0.12,0.06,0.18,0.12,0.18,17.1,2,9,3,33.3,0.53,0.18,0.22,0.67,0,0,61,44.9,18,74,7,7,29,2,0.84,18,29,-11,-0.64,0.02,0,7,11,2,25,18,19,,,0,,,,,,,,,,,,,,,
ITA-Serie A,2324,Frosinone,Przemysław Szymiński,POL,DF,29,1994,1,0,9,0.1,0,0,0,0,0,0,0,0,0.0,0.0,0.0,0.0,0.0,0.1,0,0,0,,0.0,0.0,,,0,0,9,0.3,0,,0,1,9,1,3.0,0,0,0,0.0,0.66,0,0,0,0,0,0,0,,,0,,,,,,,,,,,,,,,
ITA-Serie A,2324,Frosinone,Reinier,BRA,"MF,FW",21,2002,22,13,1059,11.8,2,2,4,2,0,0,3,0,0.17,0.17,0.34,0.17,0.34,11.8,2,14,6,42.9,1.19,0.51,0.14,0.33,0,0,48,31.0,13,70,0,9,17,10,0.95,12,18,-6,-0.51,0.21,0,17,9,1,12,10,10,,,0,,,,,,,,,,,,,,,
ITA-Serie A,2324,Frosinone,Riccardo Marchizza,ITA,DF,25,1998,13,13,1148,12.8,0,4,4,0,0,0,1,0,0.0,0.31,0.31,0.0,0.31,12.8,0,8,3,37.5,0.63,0.24,0.0,0.0,0,0,88,33.6,13,88,12,0,,7,1.38,18,21,-3,-0.24,0.64,0,6,3,0,22,7,6,,,0,,,,,,,,,,,,,,,
ITA-Serie A,2324,Frosinone,Simone Romagnoli,ITA,DF,33,1990,33,30,2715,30.2,1,1,2,1,0,0,6,0,0.03,0.03,0.07,0.03,0.07,30.2,1,12,1,8.3,0.4,0.03,0.08,1.0,0,0,82,79.4,30,87,28,3,35,3,0.97,38,47,-9,-0.3,1.74,0,24,7,0,1,28,17,,,0,,,,,,,,,,,,,,,
ITA-Serie A,2324,Frosinone,Stefano Turati,ITA,GK,21,2001,31,31,2745,30.5,0,0,0,0,0,0,0,0,0.0,0.0,0.0,0.0,0.0,30.5,0,0,0,,0.0,0.0,,,0,0,89,80.3,31,89,30,0,,2,0.87,37,58,-21,-0.69,-0.16,0,0,3,0,0,0,0,,,0,58,1.9,155,97,62.6,6,9,16,4,12.9,7,5,1,1,16.7
ITA-Serie A,2324,Frosinone,Walid Cheddira,MAR,FW,25,1998,36,24,2120,23.6,7,1,8,6,1,1,0,0,0.3,0.04,0.34,0.25,0.3,23.6,7,60,28,46.7,2.55,1.19,0.12,0.25,1,1,59,62.0,24,80,5,12,18,1,0.89,23,44,-21,-0.89,-0.61,0,27,43,16,3,4,7,,,0,,,,,,,,,,,,,,,
ITA-Serie A,2324,Genoa,Aarón Martín,ESP,"MF,DF",26,1997,22,17,1376,15.3,0,1,1,0,0,0,4,1,0.0,0.07,0.07,0.0,0.07,15.3,0,5,0,0.0,0.33,0.0,0.0,,0,0,63,40.2,17,76,7,5,17,10,1.27,22,20,2,0.13,0.22,1,23,17,2,105,7,10,,,0,,,,,,,,,,,,,,,
ITA-Serie A,2324,Genoa,Alan Matturro,URU,MF,18,2004,6,1,106,1.2,0,0,0,0,0,0,0,0,0.0,0.0,0.0,0.0,0.0,1.2,0,1,0,0.0,0.85,0.0,0.0,,0,0,18,3.1,1,75,0,5,6,15,2.33,3,3,0,0.0,0.0,0,0,0,0,0,2,1,,,1,,,,,,,,,,,,,,,
ITA-Serie A,2324,Genoa,Albert Guðmundsson,ISL,"FW,MF",26,1997,35,34,3016,33.5,14,4,18,10,4,5,4,0,0.42,0.12,0.54,0.3,0.42,33.5,14,56,23,41.1,1.67,0.69,0.25,0.61,4,5,86,88.2,34,88,26,1,24,0,1.34,40,37,3,0.09,0.76,0,28,46,11,179,11,10,,,0,,,,,,,,,,,,,,,
ITA-Serie A,2324,Genoa,Alessandro Vogliacco,ITA,DF,24,1998,20,14,1169,13.0,0,1,1,0,0,0,4,0,0.0,0.08,0.08,0.0,0.08,13.0,0,5,0,0.0,0.38,0.0,0.0,,0,0,58,34.2,14,80,5,6,9,12,1.5,16,17,-1,-0.08,-0.12,0,14,4,1,12,30,15,,,0,,,,,,,,,,,,,,,
ITA-Serie A,2324,Genoa,Berkan Kutlu,TUR,MF,25,1998,6,0,199,2.2,0,0,0,0,0,0,0,0,0.0,0.0,0.0,0.0,0.0,2.2,0,4,1,25.0,1.81,0.45,0.0,0.0,0,0,33,5.8,0,,0,6,33,10,1.33,3,4,-1,-0.45,-0.48,0,4,4,0,12,4,3,,,0,,,,,,,,,,,,,,,
ITA-Serie A,2324,Genoa,Caleb Ekuban,GHA,FW,29,1994,29,10,1131,12.6,4,1,5,4,0,0,0,0,0.32,0.08,0.4,0.32,0.4,12.6,4,27,12,44.4,2.15,0.95,0.15,0.33,0,0,39,33.1,10,70,1,19,22,2,1.28,16,15,1,0.08,0.12,0,17,27,3,4,1,4,,,0,,,,,,,,,,,,,,,
ITA-Serie A,2324,Genoa,Christos Papadopoulos,GRE,MF,18,2004,1,0,4,0.0,0,0,0,0,0,0,0,0,0.0,0.0,0.0,0.0,0.0,0.0,0,0,0,,0.0,0.0,,,0,0,4,0.1,0,,0,1,4,7,1.0,0,0,0,0.0,0.0,0,0,1,0,0,0,0,,,0,,,,,,,,,,,,,,,
ITA-Serie A,2324,Genoa,Daniele Sommariva,ITA,GK,26,1997,1,0,5,0.1,0,0,0,0,0,0,0,0,0.0,0.0,0.0,0.0,0.0,0.1,0,0,0,,0.0,0.0,,,0,0,5,0.1,0,,0,1,5,36,3.0,0,0,0,0.0,0.0,0,0,0,0,0,0,0,,,0,0,0.0,0,0,,0,0,0,1,,0,0,0,0,
ITA-Serie A,2324,Genoa,David Akpan Ankeye,NGA,FW,21,2002,6,0,57,0.6,0,0,0,0,0,0,0,0,0.0,0.0,0.0,0.0,0.0,0.6,0,0,0,,0.0,0.0,,,0,0,10,1.7,0,,0,6,10,6,1.33,0,0,0,0.0,0.0,0,2,1,0,1,0,0,,,0,,,,,,,,,,,,,,,
ITA-Serie A,2324,Genoa,Davide Biraschi,ITA,DF,29,1994,1,1,90,1.0,1,0,1,1,0,0,0,0,1.0,0.0,1.0,1.0,1.0,1.0,1,1,1,100.0,1.0,1.0,1.0,1.0,0,0,90,2.6,1,90,1,0,,2,0.0,1,4,-3,-3.0,-3.08,0,0,2,0,0,3,3,,,0,,,,,,,,,,,,,,,
ITA-Serie A,2324,Genoa,Djed Spence,ENG,MF,22,2000,16,8,859,9.5,0,0,0,0,0,0,1,0,0.0,0.0,0.0,0.0,0.0,9.5,0,2,1,50.0,0.21,0.1,0.0,0.0,0,0,54,25.1,8,79,6,8,29,2,1.63,10,9,1,0.1,0.14,0,7,9,1,13,9,10,,,0,,,,,,,,,,,,,,,
ITA-Serie A,2324,Genoa,Emil Bohinen,NOR,MF,24,1999,5,0,56,0.6,0,0,0,0,0,0,0,0,0.0,0.0,0.0,0.0,0.0,0.6,0,0,0,,0.0,0.0,,,0,0,11,1.6,0,,0,5,11,12,2.6,0,0,0,0.0,0.0,0,0,0,0,2,0,1,,,0,,,,,,,,,,,,,,,
ITA-Serie A,2324,Genoa,Filip Jagiełło,POL,MF,25,1997,2,0,33,0.4,0,0,0,0,0,0,0,0,0.0,0.0,0.0,0.0,0.0,0.4,0,0,0,,0.0,0.0,,,0,0,17,1.0,0,,0,2,17,13,1.5,0,0,0,0.0,0.0,0,0,0,0,0,1,0,,,0,,,,,,,,,,,,,,,
ITA-Serie A,2324,Genoa,George Pușcaș,ROU,FW,27,1996,8,1,191,2.1,0,0,0,0,0,0,0,0,0.0,0.0,0.0,0.0,0.0,2.1,0,11,5,45.5,5.18,2.36,0.0,0.0,0,0,24,5.6,1,90,1,7,14,11,0.63,1,5,-4,-1.88,-2.0,0,1,0,0,0,0,0,,,0,,,,,,,,,,,,,,,
ITA-Serie A,2324,Genoa,Giorgio Cittadini,ITA,DF,21,2002,5,1,106,1.2,0,0,0,0,0,0,0,0,0.0,0.0,0.0,0.0,0.0,1.2,0,0,0,,0.0,0.0,,,0,0,21,3.1,1,76,0,4,8,10,1.8,3,0,3,2.55,2.63,0,2,4,0,0,3,5,,,0,,,,,,,,,,,,,,,
ITA-Serie A,2324,Genoa,Johan Vásquez,MEX,DF,24,1998,37,32,2850,31.7,1,1,2,1,0,0,6,0,0.03,0.03,0.06,0.03,0.06,31.7,1,34,10,29.4,1.07,0.32,0.03,0.1,0,0,77,83.3,32,85,26,5,25,0,1.32,35,33,2,0.06,0.38,0,36,38,4,29,48,32,,,0,,,,,,,,,,,,,,,
ITA-Serie A,2324,Genoa,Josep Martinez,ESP,GK,25,1998,36,36,3239,36.0,0,0,0,0,0,0,4,1,0.0,0.0,0.0,0.0,0.0,36.0,0,0,0,,0.0,0.0,,,0,0,90,94.7,36,90,35,0,,1,1.28,43,43,0,0.0,0.0,1,2,11,0,0,0,0,,,0,43,1.19,130,87,66.9,11,13,12,8,22.2,4,3,1,0,25.0
ITA-Serie A,2324,Genoa,Junior Messias,BRA,"MF,FW",32,1991,18,13,1053,11.7,1,0,1,1,0,0,0,0,0.09,0.0,0.09,0.09,0.09,11.7,1,22,3,13.6,1.88,0.26,0.05,0.33,0,0,59,30.8,13,76,4,5,12,1,1.06,14,12,2,0.17,0.25,0,7,22,5,24,5,19,,,0,,,,,,,,,,,,,,,
ITA-Serie A,2324,Genoa,Kevin Strootman,NED,MF,33,1990,27,15,1207,13.4,0,2,2,0,0,0,4,0,0.0,0.15,0.15,0.0,0.15,13.4,0,1,0,0.0,0.07,0.0,0.0,,0,0,45,35.3,15,66,2,12,19,3,1.41,16,14,2,0.15,0.23,0,16,6,0,20,7,19,,,0,,,,,,,,,,,,,,,
ITA-Serie A,2324,Genoa,Koni De Winter,BEL,DF,21,2002,29,26,2380,26.4,0,1,1,0,0,0,8,1,0.0,0.04,0.04,0.0,0.04,26.4,0,11,2,18.2,0.42,0.08,0.0,0.0,0,0,82,69.6,26,86,22,3,44,5,1.31,33,29,4,0.15,0.5,1,38,11,0,5,23,25,,,0,,,,,,,,,,,,,,,
ITA-Serie A,2324,Genoa,Mateo Retegui,ITA,FW,24,1999,29,26,2216,24.6,7,2,9,6,1,1,5,0,0.28,0.08,0.37,0.24,0.32,24.6,7,63,23,36.5,2.56,0.93,0.11,0.3,1,1,76,64.8,26,82,14,3,27,1,1.24,32,29,3,0.12,0.35,0,36,25,4,19,0,11,,,0,,,,,,,,,,,,,,,
ITA-Serie A,2324,Genoa,Mattia Bani,ITA,DF,29,1993,27,27,2306,25.6,2,0,2,2,0,0,9,0,0.08,0.0,0.08,0.08,0.08,25.6,2,9,5,55.6,0.35,0.2,0.22,0.4,0,0,85,67.4,27,85,23,0,,3,1.37,28,32,-4,-0.16,-0.48,0,21,28,2,2,21,10,,,0,,,,,,,,,,,,,,,
ITA-Serie A,2324,Genoa,Milan Badelj,CRO,MF,34,1989,33,32,2535,28.2,1,3,4,1,0,0,6,0,0.04,0.11,0.14,0.04,0.14,28.2,1,21,5,23.8,0.75,0.18,0.05,0.2,0,0,77,74.1,32,79,10,1,23,2,1.27,34,30,4,0.14,0.55,0,23,14,0,13,49,28,,,0,,,,,,,,,,,,,,,
ITA-Serie A,2324,Genoa,Morten Frendrup,DEN,MF,22,2001,37,36,3145,34.9,2,5,7,2,0,0,6,0,0.06,0.14,0.2,0.06,0.2,34.9,2,30,4,13.3,0.86,0.11,0.07,0.5,0,0,85,92.0,36,87,31,1,20,0,1.24,40,43,-3,-0.09,-1.07,0,49,35,1,12,48,72,,,0,,,,,,,,,,,,,,,
ITA-Serie A,2324,Genoa,Morten Thorsby,NOR,MF,27,1996,24,9,1157,12.9,2,2,4,2,0,0,2,0,0.16,0.16,0.31,0.16,0.31,12.9,2,13,7,53.8,1.01,0.54,0.15,0.29,0,0,48,33.8,9,84,7,15,27,12,1.46,18,20,-2,-0.16,-0.24,0,28,7,6,9,4,11,,,0,,,,,,,,,,,,,,,
ITA-Serie A,2324,Genoa,Nicola Leali,ITA,GK,30,1993,3,2,176,2.0,0,0,0,0,0,0,1,0,0.0,0.0,0.0,0.0,0.0,2.0,0,0,0,,0.0,0.0,,,0,0,59,5.1,2,88,1,1,1,34,1.0,2,2,0,0.0,0.0,0,0,0,0,0,0,0,,,0,2,1.02,9,7,77.8,1,0,1,1,50.0,0,0,0,0,
ITA-Serie A,2324,Genoa,Pablo Galdames Millán,CHI,MF,26,1996,2,0,11,0.1,0,0,0,0,0,0,0,0,0.0,0.0,0.0,0.0,0.0,0.1,0,1,1,100.0,8.18,8.18,0.0,0.0,0,0,6,0.3,0,,0,2,6,13,0.0,0,2,-2,-16.36,-16.42,0,1,0,0,0,0,0,,,0,,,,,,,,,,,,,,,
ITA-Serie A,2324,Genoa,Radu Drăgușin,ROU,DF,21,2002,19,19,1710,19.0,2,1,3,2,0,0,1,0,0.11,0.05,0.16,0.11,0.16,19.0,2,17,4,23.5,0.89,0.21,0.12,0.5,0,0,90,50.0,19,90,19,0,,0,1.11,20,24,-4,-0.21,-0.42,0,14,14,0,1,21,12,,,0,,,,,,,,,,,,,,,
ITA-Serie A,2324,Genoa,Ridgeciano Haps,SUR,MF,30,1993,16,7,773,8.6,0,1,1,0,0,0,0,0,0.0,0.12,0.12,0.0,0.12,8.6,0,4,0,0.0,0.47,0.0,0.0,,0,0,48,22.6,7,85,2,9,20,13,1.06,7,9,-2,-0.23,-0.3,0,3,16,1,16,6,6,,,0,,,,,,,,,,,,,,,
ITA-Serie A,2324,Genoa,Ruslan Malinovskyi,UKR,"MF,FW",30,1993,28,18,1544,17.2,4,1,5,4,0,0,7,0,0.23,0.06,0.29,0.23,0.29,17.2,4,39,13,33.3,2.27,0.76,0.1,0.31,0,0,55,45.1,18,76,6,10,18,2,1.25,20,19,1,0.06,0.11,0,30,17,0,19,5,22,,,0,,,,,,,,,,,,,,,
ITA-Serie A,2324,Genoa,Seydou Fini,ITA,FW,17,2006,3,0,35,0.4,0,0,0,0,0,0,0,0,0.0,0.0,0.0,0.0,0.0,0.4,0,2,0,0.0,5.14,0.0,0.0,,0,0,12,1.0,0,,0,3,12,12,0.33,0,2,-2,-5.14,-5.2,0,0,2,0,1,0,0,,,0,,,,,,,,,,,,,,,
ITA-Serie A,2324,Genoa,Silvan Hefti,SUI,MF,25,1997,6,1,114,1.3,0,0,0,0,0,0,0,0,0.0,0.0,0.0,0.0,0.0,1.3,0,0,0,,0.0,0.0,,,0,0,19,3.3,1,58,0,5,11,11,0.5,1,8,-7,-5.53,-5.72,0,2,1,0,2,0,1,,,0,,,,,,,,,,,,,,,
ITA-Serie A,2324,Genoa,Stefano Sabelli,ITA,"MF,DF",30,1993,32,30,2429,27.0,0,1,1,0,0,0,5,0,0.0,0.04,0.04,0.0,0.04,27.0,0,9,3,33.3,0.33,0.11,0.0,0.0,0,0,76,71.0,30,79,6,2,29,2,1.34,33,25,8,0.3,1.02,0,36,36,4,98,23,23,,,0,,,,,,,,,,,,,,,
ITA-Serie A,2324,Genoa,Vitinha,POR,"MF,FW",23,2000,9,2,285,3.2,2,0,2,2,0,0,2,0,0.63,0.0,0.63,0.63,0.63,3.2,2,14,5,35.7,4.42,1.58,0.14,0.4,0,0,32,8.3,2,83,1,7,17,1,1.0,4,4,0,0.0,0.0,0,10,8,2,9,0,2,,,0,,,,,,,,,,,,,,,
ITA-Serie A,2324,Hellas Verona,Alphadjo Cissè,ITA,MF,16,2006,1,0,8,0.1,0,0,0,0,0,0,0,0,0.0,0.0,0.0,0.0,0.0,0.1,0,0,0,,0.0,0.0,,,0,0,8,0.2,0,,0,1,8,8,1.0,0,0,0,0.0,0.34,0,1,0,0,0,0,0,,,0,,,,,,,,,,,,,,,
ITA-Serie A,2324,Hellas Verona,Bruno Amione,ARG,DF,21,2002,10,7,579,6.4,0,0,0,0,0,0,2,0,0.0,0.0,0.0,0.0,0.0,6.4,0,5,3,60.0,0.78,0.47,0.0,0.0,0,0,58,16.9,7,76,3,3,16,12,1.0,7,12,-5,-0.78,-0.52,0,10,6,0,1,9,7,,,0,,,,,,,,,,,,,,,
ITA-Serie A,2324,Hellas Verona,Charlys,BRA,MF,19,2004,2,0,25,0.3,0,0,0,0,0,0,0,0,0.0,0.0,0.0,0.0,0.0,0.3,0,0,0,,0.0,0.0,,,0,0,13,0.7,0,,0,2,13,32,0.5,0,1,-1,-3.6,-3.28,0,0,0,0,0,1,0,,,0,,,,,,,,,,,,,,,
ITA-Serie A,2324,Hellas Verona,Cyril Ngonge,BEL,"MF,FW",23,2000,19,17,1431,15.9,6,2,8,6,0,0,4,0,0.38,0.13,0.5,0.38,0.5,15.9,6,42,14,33.3,2.64,0.88,0.14,0.43,0,0,75,41.8,17,80,7,2,36,1,0.89,14,22,-8,-0.5,-0.28,0,30,22,3,50,3,10,,,0,,,,,,,,,,,,,,,
ITA-Serie A,2324,Hellas Verona,Daniel Bandeira,POR,MF,23,2000,14,3,446,5.0,0,0,0,0,0,0,2,0,0.0,0.0,0.0,0.0,0.0,5.0,0,3,0,0.0,0.61,0.0,0.0,,0,0,32,13.0,3,78,1,11,19,3,1.21,6,11,-5,-1.01,-0.77,0,5,3,0,6,4,5,,,0,,,,,,,,,,,,,,,
ITA-Serie A,2324,Hellas Verona,Darko Lazović,SRB,MF,32,1990,32,22,1928,21.4,3,2,5,2,1,1,0,1,0.14,0.09,0.23,0.09,0.19,21.4,3,34,14,41.2,1.59,0.65,0.09,0.21,1,1,60,56.4,22,72,1,10,34,0,0.91,21,27,-6,-0.28,0.14,0,5,6,13,96,6,17,,,0,,,,,,,,,,,,,,,
ITA-Serie A,2324,Hellas Verona,Davide Faraoni,ITA,MF,31,1991,11,7,602,6.7,0,1,1,0,0,0,5,0,0.0,0.15,0.15,0.0,0.15,6.7,0,7,1,14.3,1.05,0.15,0.0,0.0,0,0,55,17.6,7,69,1,4,30,3,0.45,3,11,-8,-1.2,-1.04,0,11,9,0,19,6,10,,,0,,,,,,,,,,,,,,,
ITA-Serie A,2324,Hellas Verona,Diego Coppola,ITA,DF,19,2003,24,18,1634,18.2,2,0,2,2,0,0,9,0,0.11,0.0,0.11,0.11,0.11,18.2,2,13,3,23.1,0.72,0.17,0.15,0.67,0,0,68,47.8,18,87,14,6,11,13,1.21,22,25,-3,-0.17,0.34,0,32,4,0,0,28,22,,,0,,,,,,,,,,,,,,,
ITA-Serie A,2324,Hellas Verona,Elayis Tavsan,NED,"FW,MF",22,2001,3,0,50,0.6,0,0,0,0,0,0,0,0,0.0,0.0,0.0,0.0,0.0,0.6,0,3,1,33.3,5.4,1.8,0.0,0.0,0,0,17,1.5,0,,0,3,17,13,0.67,0,1,-1,-1.8,-1.48,0,1,0,0,1,0,0,,,0,,,,,,,,,,,,,,,
ITA-Serie A,2324,Hellas Verona,Fabien Centonze,FRA,DF,27,1996,10,7,676,7.5,0,1,1,0,0,0,2,0,0.0,0.13,0.13,0.0,0.13,7.5,0,1,0,0.0,0.13,0.0,0.0,,0,0,68,19.8,7,85,5,3,27,6,1.1,8,11,-3,-0.4,-0.07,0,13,7,1,28,9,8,,,0,,,,,,,,,,,,,,,
ITA-Serie A,2324,Hellas Verona,Federico Bonazzoli,ITA,FW,26,1997,24,10,1016,11.3,3,1,4,3,0,0,2,0,0.27,0.09,0.35,0.27,0.35,11.3,3,27,13,48.1,2.39,1.15,0.11,0.23,0,0,42,29.7,10,62,0,14,28,14,0.88,13,12,1,0.09,0.61,0,10,20,9,6,3,1,,,0,,,,,,,,,,,,,,,
ITA-Serie A,2324,Hellas Verona,Filippo Terracciano,ITA,"MF,DF",20,2003,18,14,1296,14.4,0,1,1,0,0,0,1,0,0.0,0.07,0.07,0.0,0.07,14.4,0,8,3,37.5,0.56,0.21,0.0,0.0,0,0,72,37.9,14,85,10,4,28,0,0.78,12,17,-5,-0.35,-0.01,0,14,32,0,59,19,17,,,0,,,,,,,,,,,,,,,
ITA-Serie A,2324,Hellas Verona,Giangiacomo Magnani,ITA,DF,27,1995,33,27,2444,27.2,0,0,0,0,0,0,6,0,0.0,0.0,0.0,0.0,0.0,27.2,0,11,2,18.2,0.41,0.07,0.0,0.0,0,0,74,71.5,27,87,24,6,16,2,1.0,22,34,-12,-0.44,-0.35,0,27,30,0,12,45,17,,,0,,,,,,,,,,,,,,,
ITA-Serie A,2324,Hellas Verona,Isak Hien,SWE,DF,24,1999,10,9,864,9.6,0,0,0,0,0,0,1,1,0.0,0.0,0.0,0.0,0.0,9.6,0,4,1,25.0,0.42,0.1,0.0,0.0,0,0,86,25.3,9,89,8,1,61,0,0.8,7,11,-4,-0.42,-0.1,0,11,2,0,0,7,10,,,0,,,,,,,,,,,,,,,
ITA-Serie A,2324,Hellas Verona,Jackson Tchatchoua,CMR,DF,21,2001,26,19,1725,19.2,0,2,2,0,0,0,2,0,0.0,0.1,0.1,0.0,0.1,19.2,0,0,0,,0.0,0.0,,,0,0,66,50.4,19,84,13,7,19,7,1.04,25,26,-1,-0.05,0.58,0,18,7,2,65,23,26,,,0,,,,,,,,,,,,,,,
ITA-Serie A,2324,Hellas Verona,Jordi Mboula,ESP,"MF,FW",24,1999,11,5,307,3.4,0,1,1,0,0,0,0,0,0.0,0.29,0.29,0.0,0.29,3.4,0,4,1,25.0,1.17,0.29,0.0,0.0,0,0,28,9.0,5,53,0,6,7,9,1.27,2,5,-3,-0.88,-0.59,0,5,4,2,8,1,3,,,0,,,,,,,,,,,,,,,
ITA-Serie A,2324,Hellas Verona,Josh Doig,SCO,"MF,DF",21,2002,12,11,830,9.2,0,0,0,0,0,0,2,0,0.0,0.0,0.0,0.0,0.0,9.2,0,5,1,20.0,0.54,0.11,0.0,0.0,0,0,69,24.3,11,71,2,1,45,4,1.08,9,12,-3,-0.33,0.02,0,7,4,1,30,4,10,,,0,,,,,,,,,,,,,,,
ITA-Serie A,2324,Hellas Verona,Juan Cruz,ARG,FW,24,1999,4,1,109,1.2,0,0,0,0,0,0,0,0,0.0,0.0,0.0,0.0,0.0,1.2,0,1,0,0.0,0.83,0.0,0.0,,0,0,27,3.2,1,57,0,3,17,15,0.5,0,0,0,0.0,0.35,0,1,0,0,1,1,2,,,0,,,,,,,,,,,,,,,
ITA-Serie A,2324,Hellas Verona,Juan David Cabal,COL,DF,22,2001,22,17,1497,16.6,0,0,0,0,0,0,6,0,0.0,0.0,0.0,0.0,0.0,16.6,0,12,3,25.0,0.72,0.18,0.0,0.0,0,0,68,43.8,17,85,11,5,10,8,0.95,18,21,-3,-0.18,0.29,0,27,16,1,33,28,29,,,0,,,,,,,,,,,,,,,
ITA-Serie A,2324,Hellas Verona,Karol Świderski,POL,"FW,MF",26,1997,15,3,504,5.6,2,0,2,2,0,0,0,0,0.36,0.0,0.36,0.36,0.36,5.6,2,15,6,40.0,2.68,1.07,0.13,0.33,0,0,34,14.7,3,57,0,12,28,0,1.27,7,7,0,0.0,0.4,0,6,13,0,3,1,3,,,0,,,,,,,,,,,,,,,
ITA-Serie A,2324,Hellas Verona,Lorenzo Montipò,ITA,GK,27,1996,37,37,3330,37.0,0,1,1,0,0,0,0,0,0.0,0.03,0.03,0.0,0.03,37.0,0,0,0,,0.0,0.0,,,0,0,90,97.4,37,90,37,0,,0,1.0,36,49,-13,-0.35,-0.35,0,0,3,0,0,0,1,,,0,49,1.32,153,105,68.0,9,10,18,8,21.6,2,2,0,0,0.0
ITA-Serie A,2324,Hellas Verona,Martin Hongla,CMR,MF,25,1998,15,12,1084,12.0,0,0,0,0,0,0,0,0,0.0,0.0,0.0,0.0,0.0,12.0,0,3,0,0.0,0.25,0.0,0.0,,0,0,72,31.7,12,83,9,3,28,4,0.8,8,12,-4,-0.33,0.01,0,6,6,1,4,7,13,,,0,,,,,,,,,,,,,,,
ITA-Serie A,2324,Hellas Verona,Michael Folorunsho,ITA,MF,25,1998,34,33,2781,30.9,5,1,6,5,0,0,5,0,0.16,0.03,0.19,0.16,0.19,30.9,5,47,14,29.8,1.52,0.45,0.11,0.36,0,0,82,81.3,33,84,18,1,8,0,0.91,28,43,-15,-0.49,-0.77,0,50,74,11,64,16,27,,,0,,,,,,,,,,,,,,,
ITA-Serie A,2324,Hellas Verona,Milan Đurić,BIH,FW,33,1990,20,13,1204,13.4,5,1,6,4,1,3,2,0,0.37,0.07,0.45,0.3,0.37,13.4,5,25,15,60.0,1.87,1.12,0.2,0.33,1,3,60,35.2,13,79,4,7,25,0,0.85,15,21,-6,-0.45,-0.16,0,27,19,6,1,1,0,,,0,,,,,,,,,,,,,,,
ITA-Serie A,2324,Hellas Verona,Ondrej Duda,SVK,MF,28,1994,32,29,2456,27.3,1,4,5,1,0,1,14,2,0.04,0.15,0.18,0.04,0.18,27.3,1,24,7,29.2,0.88,0.26,0.04,0.14,0,1,77,71.8,29,83,16,3,20,1,1.13,31,36,-5,-0.18,0.56,2,55,51,0,94,26,36,,,0,,,,,,,,,,,,,,,
ITA-Serie A,2324,Hellas Verona,Paweł Dawidowicz,POL,DF,28,1995,28,25,2143,23.8,0,0,0,0,0,0,5,0,0.0,0.0,0.0,0.0,0.0,23.8,0,9,1,11.1,0.38,0.04,0.0,0.0,0,0,77,62.7,25,84,21,3,15,2,1.0,20,31,-11,-0.46,-0.32,0,33,9,0,2,22,30,,,1,,,,,,,,,,,,,,,
ITA-Serie A,2324,Hellas Verona,Reda Belahyane,MAR,MF,19,2004,2,1,90,1.0,0,0,0,0,0,0,0,0,0.0,0.0,0.0,0.0,0.0,1.0,0,1,1,100.0,1.0,1.0,0.0,0.0,0,0,45,2.6,1,73,0,1,17,14,1.0,2,2,0,0.0,0.35,0,1,1,0,0,1,1,,,0,,,,,,,,,,,,,,,
ITA-Serie A,2324,Hellas Verona,Riccardo Saponara,ITA,"MF,FW",31,1991,12,3,342,3.8,0,0,0,0,0,0,0,0,0.0,0.0,0.0,0.0,0.0,3.8,0,5,1,20.0,1.32,0.26,0.0,0.0,0,0,29,10.0,3,67,0,9,16,6,1.08,4,5,-1,-0.26,0.09,0,1,3,2,7,0,1,,,0,,,,,,,,,,,,,,,
ITA-Serie A,2324,Hellas Verona,Rúben Vinagre,POR,DF,24,1999,12,2,282,3.1,0,0,0,0,0,0,0,0,0.0,0.0,0.0,0.0,0.0,3.1,0,2,0,0.0,0.64,0.0,0.0,,0,0,24,8.2,2,76,1,10,13,5,1.42,5,6,-1,-0.32,0.03,0,5,2,0,16,1,2,,,0,,,,,,,,,,,,,,,
ITA-Serie A,2324,Hellas Verona,Simone Perilli,ITA,GK,28,1995,1,1,90,1.0,0,0,0,0,0,0,0,0,0.0,0.0,0.0,0.0,0.0,1.0,0,0,0,,0.0,0.0,,,0,0,90,2.6,1,90,1,0,,37,1.0,2,2,0,0.0,0.35,0,0,0,0,0,0,0,,,0,2,2.0,10,8,80.0,0,1,0,0,0.0,0,0,0,0,
ITA-Serie A,2324,Hellas Verona,Stefan Mitrović,SRB,MF,20,2002,10,4,391,4.3,0,0,0,0,0,0,0,0,0.0,0.0,0.0,0.0,0.0,4.3,0,7,1,14.3,1.61,0.23,0.0,0.0,0,0,39,11.4,4,59,0,6,26,5,1.2,5,4,1,0.23,0.65,0,10,6,1,15,0,3,,,0,,,,,,,,,,,,,,,
ITA-Serie A,2324,Hellas Verona,Suat Serdar,GER,MF,26,1997,25,19,1659,18.4,0,2,2,0,0,0,7,0,0.0,0.11,0.11,0.0,0.11,18.4,0,22,7,31.8,1.19,0.38,0.0,0.0,0,0,66,48.5,19,80,11,6,25,9,1.08,18,26,-8,-0.43,-0.18,0,40,18,0,8,17,39,,,0,,,,,,,,,,,,,,,
ITA-Serie A,2324,Hellas Verona,Thomas Henry,FRA,FW,28,1994,18,2,334,3.7,3,0,3,3,0,1,2,2,0.81,0.0,0.81,0.81,0.81,3.7,3,14,7,50.0,3.77,1.89,0.21,0.43,0,1,19,9.8,2,56,0,16,14,8,0.89,3,2,1,0.27,0.68,0,15,5,3,3,0,0,,,0,,,,,,,,,,,,,,,
ITA-Serie A,2324,Hellas Verona,Tijjani Noslin,NED,"FW,MF",24,1999,17,17,1339,14.9,5,4,9,5,0,0,2,0,0.34,0.27,0.6,0.34,0.6,14.9,5,36,15,41.7,2.42,1.01,0.14,0.33,0,0,79,39.2,17,79,9,0,,0,1.24,17,20,-3,-0.2,0.23,0,24,10,4,15,2,7,,,0,,,,,,,,,,,,,,,
ITA-Serie A,2324,Hellas Verona,Tomáš Suslov,SVK,MF,21,2002,32,23,2092,23.2,3,5,8,2,1,1,7,0,0.13,0.22,0.34,0.09,0.3,23.2,3,52,16,30.8,2.24,0.69,0.06,0.19,1,1,65,61.2,23,83,9,9,21,2,0.97,28,34,-6,-0.26,0.22,0,40,55,1,72,6,29,,,0,,,,,,,,,,,,,,,
ITA-Serie A,2324,Hellas Verona,Yayah Kallon,SLE,FW,22,2001,1,0,4,0.0,0,0,0,0,0,0,0,0,0.0,0.0,0.0,0.0,0.0,0.0,0,0,0,,0.0,0.0,,,0,0,4,0.1,0,,0,1,4,6,0.0,0,1,-1,-22.5,-22.18,0,0,0,0,0,0,0,,,0,,,,,,,,,,,,,,,
ITA-Serie A,2324,Inter,Alessandro Bastoni,ITA,DF,24,1999,28,28,2268,25.2,1,3,4,1,0,0,5,0,0.04,0.12,0.16,0.04,0.16,25.2,1,15,6,40.0,0.6,0.24,0.07,0.17,0,0,81,66.3,28,81,14,0,,6,2.43,53,16,37,1.47,-0.88,0,31,31,0,75,25,32,,,0,,,,,,,,,,,,,,,
ITA-Serie A,2324,Inter,Alexis Sánchez,CHI,FW,34,1988,23,6,763,8.5,2,5,7,1,1,1,0,0,0.24,0.59,0.83,0.12,0.71,8.5,2,18,6,33.3,2.12,0.71,0.11,0.33,1,1,33,22.3,6,77,3,17,18,10,2.22,16,4,12,1.42,-0.45,0,14,19,8,31,1,6,,,0,,,,,,,,,,,,,,,
ITA-Serie A,2324,Inter,Benjamin Pavard,FRA,DF,27,1996,23,21,1672,18.6,0,2,2,0,0,0,6,0,0.0,0.11,0.11,0.0,0.11,18.6,0,15,5,33.3,0.81,0.27,0.0,0.0,0,0,73,48.9,21,79,13,2,4,8,2.52,37,11,26,1.4,-0.71,0,24,15,2,24,31,24,,,0,,,,,,,,,,,,,,,
ITA-Serie A,2324,Inter,Carlos Augusto,BRA,"MF,DF",24,1999,37,14,1725,19.2,0,3,3,0,0,0,1,0,0.0,0.16,0.16,0.0,0.16,19.2,0,22,6,27.3,1.15,0.31,0.0,0.0,0,0,47,50.4,14,85,11,23,23,0,2.51,49,8,41,2.14,0.76,0,17,6,1,39,14,22,,,0,,,,,,,,,,,,,,,
ITA-Serie A,2324,Inter,Davide Frattesi,ITA,MF,23,1999,32,6,955,10.6,6,3,9,6,0,0,1,0,0.57,0.28,0.85,0.57,0.85,10.6,6,32,14,43.8,3.02,1.32,0.19,0.43,0,0,30,27.9,6,76,2,26,19,4,2.38,26,7,19,1.79,0.04,0,12,16,1,11,5,6,,,0,,,,,,,,,,,,,,,
ITA-Serie A,2324,Inter,Davy Klaassen,NED,MF,30,1993,13,1,206,2.3,0,0,0,0,0,0,1,0,0.0,0.0,0.0,0.0,0.0,2.3,0,1,0,0.0,0.44,0.0,0.0,,0,0,16,6.0,1,53,0,12,13,23,2.38,6,0,6,2.62,0.91,0,3,0,1,0,3,2,,,0,,,,,,,,,,,,,,,
ITA-Serie A,2324,Inter,Denzel Dumfries,NED,MF,27,1996,31,19,1639,18.2,4,4,8,4,0,0,2,1,0.22,0.22,0.44,0.22,0.44,18.2,4,24,6,25.0,1.32,0.33,0.17,0.67,0,0,53,47.9,19,72,5,12,23,3,2.35,46,13,33,1.81,0.09,0,25,18,5,47,12,11,,,0,,,,,,,,,,,,,,,
ITA-Serie A,2324,Inter,Ebenezer Akinsanmiro,NGA,MF,18,2004,1,0,15,0.2,0,0,0,0,0,0,0,0,0.0,0.0,0.0,0.0,0.0,0.2,0,0,0,,0.0,0.0,,,0,0,15,0.4,0,,0,1,15,4,3.0,0,0,0,0.0,-1.77,0,0,3,0,0,0,0,,,0,,,,,,,,,,,,,,,
ITA-Serie A,2324,Inter,Emil Audero,IDN,GK,26,1997,4,4,337,3.7,0,0,0,0,0,0,0,0,0.0,0.0,0.0,0.0,0.0,3.7,0,0,0,,0.0,0.0,,,0,0,84,9.9,4,84,3,0,,34,1.75,8,3,5,1.34,-0.47,0,0,0,0,0,0,0,,,0,3,0.8,11,8,72.7,2,1,1,2,50.0,0,0,0,0,
ITA-Serie A,2324,Inter,Federico Dimarco,ITA,MF,25,1997,30,29,2077,23.1,5,6,11,5,0,0,0,0,0.22,0.26,0.48,0.22,0.48,23.1,5,50,19,38.0,2.17,0.82,0.1,0.26,0,0,69,60.7,29,71,1,1,19,6,2.5,54,17,37,1.6,-0.41,0,12,21,5,197,7,26,,,0,,,,,,,,,,,,,,,
ITA-Serie A,2324,Inter,Francesco Acerbi,ITA,DF,35,1988,29,26,2388,26.5,3,1,4,3,0,0,1,0,0.11,0.04,0.15,0.11,0.15,26.5,3,15,6,40.0,0.57,0.23,0.2,0.5,0,0,82,69.8,26,89,25,3,25,2,2.41,55,19,36,1.36,-1.35,0,19,24,3,9,32,14,,,0,,,,,,,,,,,,,,,
ITA-Serie A,2324,Inter,Hakan Çalhanoğlu,TUR,MF,29,1994,32,32,2556,28.4,13,3,16,3,10,10,5,0,0.46,0.11,0.56,0.11,0.21,28.4,13,62,23,37.1,2.18,0.81,0.21,0.57,10,10,80,74.7,32,80,12,0,,3,2.47,59,19,40,1.41,-1.4,0,42,23,0,152,22,37,,,0,,,,,,,,,,,,,,,
ITA-Serie A,2324,Inter,Henrikh Mkhitaryan,ARM,MF,34,1989,36,35,2785,30.9,2,8,10,2,0,0,4,0,0.06,0.26,0.32,0.06,0.32,30.9,2,39,6,15.4,1.26,0.19,0.05,0.33,0,0,77,81.4,35,79,14,1,37,2,2.5,72,19,53,1.71,-0.27,0,35,29,3,31,28,33,,,0,,,,,,,,,,,,,,,
ITA-Serie A,2324,Inter,Juan Cuadrado,COL,"DF,FW",35,1988,10,0,267,3.0,0,2,2,0,0,0,1,0,0.0,0.67,0.67,0.0,0.67,3.0,0,5,0,0.0,1.69,0.0,0.0,,0,0,27,7.8,0,,0,10,27,5,2.1,8,0,8,2.7,1.01,0,4,6,1,18,1,3,,,0,,,,,,,,,,,,,,,
ITA-Serie A,2324,Inter,Kristjan Asllani,ALB,MF,21,2002,23,6,787,8.7,1,2,3,1,0,0,1,0,0.11,0.23,0.34,0.11,0.34,8.7,1,15,4,26.7,1.72,0.46,0.07,0.25,0,0,34,23.0,6,81,4,17,18,14,2.61,26,3,23,2.63,1.13,0,4,19,0,35,11,2,,,0,,,,,,,,,,,,,,,
ITA-Serie A,2324,Inter,Lautaro Martínez,ARG,FW,25,1997,33,31,2656,29.5,24,3,27,22,2,3,5,0,0.81,0.1,0.91,0.75,0.85,29.5,24,109,47,43.1,3.69,1.59,0.22,0.51,2,3,80,77.7,31,84,18,2,32,2,2.58,73,16,57,1.93,0.75,0,46,59,12,16,17,14,,,0,,,,,,,,,,,,,,,
ITA-Serie A,2324,Inter,Lucien Agoume,FRA,MF,21,2002,1,0,5,0.1,0,0,0,0,0,0,0,0,0.0,0.0,0.0,0.0,0.0,0.1,0,0,0,,0.0,0.0,,,0,0,5,0.1,0,,0,1,5,16,3.0,1,0,1,18.0,16.26,0,0,0,0,0,0,0,,,0,,,,,,,,,,,,,,,
ITA-Serie A,2324,Inter,Marcus Thuram,FRA,FW,25,1997,35,34,2687,29.9,13,7,20,13,0,0,3,0,0.44,0.23,0.67,0.44,0.67,29.9,13,77,29,37.7,2.58,0.97,0.17,0.45,0,0,77,78.6,34,78,13,1,26,1,2.51,69,19,50,1.67,-0.41,0,35,45,20,21,2,15,,,0,,,,,,,,,,,,,,,
ITA-Serie A,2324,Inter,Marko Arnautović,AUT,FW,34,1989,27,5,801,8.9,5,3,8,5,0,0,0,0,0.56,0.34,0.9,0.56,0.9,8.9,5,17,9,52.9,1.91,1.01,0.29,0.56,0,0,30,23.4,5,74,2,22,20,3,2.59,22,5,17,1.91,0.19,0,11,15,8,7,5,3,,,0,,,,,,,,,,,,,,,
ITA-Serie A,2324,Inter,Matteo Darmian,ITA,"MF,DF",33,1989,33,27,2404,26.7,2,1,3,2,0,0,2,0,0.07,0.04,0.11,0.07,0.11,26.7,2,10,6,60.0,0.37,0.22,0.2,0.33,0,0,73,70.3,27,81,14,6,36,5,2.61,62,15,47,1.76,-0.01,0,27,10,1,22,15,24,,,0,,,,,,,,,,,,,,,
ITA-Serie A,2324,Inter,Nicolò Barella,ITA,MF,26,1997,37,34,2846,31.6,2,3,5,2,0,0,7,0,0.06,0.09,0.16,0.06,0.16,31.6,2,41,12,29.3,1.3,0.38,0.05,0.17,0,0,77,83.2,34,81,17,3,26,0,2.46,72,18,54,1.71,-0.33,0,28,27,3,50,8,28,,,0,,,,,,,,,,,,,,,
ITA-Serie A,2324,Inter,Raffaele Di Gennaro,ITA,GK,29,1993,1,0,23,0.3,0,0,0,0,0,0,0,0,0.0,0.0,0.0,0.0,0.0,0.3,0,0,0,,0.0,0.0,,,0,0,23,0.7,0,,0,1,23,36,1.0,0,0,0,0.0,-1.78,0,0,0,0,0,0,0,,,0,0,0.0,4,4,100.0,0,0,0,0,,0,0,0,0,
ITA-Serie A,2324,Inter,Stefan de Vrij,NED,DF,31,1992,25,17,1586,17.6,1,0,1,1,0,0,0,0,0.06,0.0,0.06,0.06,0.06,17.6,1,10,3,30.0,0.57,0.17,0.1,0.33,0,0,63,46.4,17,86,16,8,16,9,2.68,48,5,43,2.44,1.26,0,8,2,0,0,24,13,,,0,,,,,,,,,,,,,,,
ITA-Serie A,2324,Inter,Stefano Sensi,ITA,MF,27,1995,4,0,46,0.5,0,1,1,0,0,0,0,0,0.0,1.96,1.96,0.0,1.96,0.5,0,2,0,0.0,3.91,0.0,0.0,,0,0,12,1.3,0,,0,4,12,23,3.0,4,0,4,7.83,6.15,0,0,1,0,1,1,1,,,0,,,,,,,,,,,,,,,
ITA-Serie A,2324,Inter,Tajon Buchanan,CAN,"DF,MF",24,1999,10,0,161,1.8,1,0,1,1,0,0,0,0,0.56,0.0,0.56,0.56,0.56,1.8,1,4,1,25.0,2.24,0.56,0.25,1.0,0,0,16,4.7,0,,0,10,16,9,1.9,6,0,6,3.35,1.67,0,1,6,1,11,0,1,,,0,,,,,,,,,,,,,,,
ITA-Serie A,2324,Inter,Yann Aurel Bisseck,GER,DF,22,2000,16,9,904,10.0,2,0,2,2,0,0,0,0,0.2,0.0,0.2,0.2,0.2,10.0,2,12,4,33.3,1.19,0.4,0.17,0.5,0,0,57,26.4,9,90,8,7,14,22,2.5,26,6,20,1.99,0.31,0,6,11,2,5,6,6,,,0,,,,,,,,,,,,,,,
ITA-Serie A,2324,Inter,Yann Sommer,SUI,GK,34,1988,34,34,3060,34.0,0,0,0,0,0,0,1,0,0.0,0.0,0.0,0.0,0.0,34.0,0,0,0,,0.0,0.0,,,0,0,90,89.5,34,90,34,0,,3,2.56,81,19,62,1.82,0.57,0,1,1,0,0,0,1,,,0,19,0.56,98,79,80.6,27,6,1,17,50.0,4,2,1,1,33.3
ITA-Serie A,2324,Juventus,Adrien Rabiot,FRA,MF,28,1995,31,30,2651,29.5,5,3,8,5,0,0,8,0,0.17,0.1,0.27,0.17,0.27,29.5,5,38,17,44.7,1.29,0.58,0.13,0.29,0,0,86,77.5,30,87,28,1,33,0,1.9,37,24,13,0.44,-0.73,0,44,38,6,45,25,39,,,0,,,,,,,,,,,,,,,
ITA-Serie A,2324,Juventus,Alex Sandro,BRA,DF,32,1991,16,8,721,8.0,1,0,1,1,0,0,1,0,0.12,0.0,0.12,0.12,0.12,8.0,1,5,1,20.0,0.62,0.12,0.2,1.0,0,0,45,21.1,8,80,6,8,10,9,1.69,13,6,7,0.87,0.34,0,18,12,0,5,18,8,,,0,,,,,,,,,,,,,,,
ITA-Serie A,2324,Juventus,Andrea Cambiaso,ITA,MF,23,2000,34,28,2372,26.4,2,3,5,2,0,0,10,0,0.08,0.11,0.19,0.08,0.19,26.4,2,29,8,27.6,1.1,0.3,0.07,0.25,0,0,70,69.4,28,79,4,6,27,1,1.82,31,22,9,0.34,-0.86,0,35,20,4,82,11,30,,,0,,,,,,,,,,,,,,,
ITA-Serie A,2324,Juventus,Arkadiusz Milik,POL,FW,29,1994,32,7,919,10.2,4,1,5,4,0,0,2,1,0.39,0.1,0.49,0.39,0.49,10.2,4,36,13,36.1,3.53,1.27,0.11,0.31,0,0,29,26.9,7,71,2,25,17,0,2.03,24,6,18,1.76,1.58,0,21,26,11,4,5,6,,,0,,,,,,,,,,,,,,,
ITA-Serie A,2324,Juventus,Carlo Pinsoglio,ITA,GK,33,1990,1,0,45,0.5,0,0,0,0,0,0,0,0,0.0,0.0,0.0,0.0,0.0,0.5,0,0,0,,0.0,0.0,,,0,0,45,1.3,0,,0,1,45,37,3.0,0,0,0,0.0,-0.61,0,0,0,0,0,0,0,,,0,0,0.0,3,3,100.0,0,0,0,1,,0,0,0,0,
ITA-Serie A,2324,Juventus,Carlos Alcaraz,ARG,MF,20,2002,10,3,380,4.2,0,1,1,0,0,0,0,0,0.0,0.24,0.24,0.0,0.24,4.2,0,11,2,18.2,2.61,0.47,0.0,0.0,0,0,38,11.1,3,75,1,7,22,3,1.4,8,5,3,0.71,0.12,0,5,5,0,1,5,6,,,0,,,,,,,,,,,,,,,
ITA-Serie A,2324,Juventus,Daniele Rugani,ITA,DF,29,1994,17,13,1187,13.2,2,0,2,2,0,0,2,0,0.15,0.0,0.15,0.15,0.15,13.2,2,8,2,25.0,0.61,0.15,0.25,1.0,0,0,70,34.7,13,87,10,4,14,21,2.18,19,10,9,0.68,0.12,0,15,3,0,1,8,10,,,0,,,,,,,,,,,,,,,
ITA-Serie A,2324,Juventus,Danilo,BRA,DF,32,1991,29,27,2452,27.2,1,1,2,1,0,0,7,0,0.04,0.04,0.07,0.04,0.07,27.2,1,17,2,11.8,0.62,0.07,0.06,0.5,0,0,85,71.7,27,90,27,2,11,1,1.83,41,22,19,0.7,0.33,0,26,14,1,18,36,35,,,0,,,,,,,,,,,,,,,
ITA-Serie A,2324,Juventus,Dean Huijsen,ESP,DF,18,2005,1,0,13,0.1,0,0,0,0,0,0,0,0,0.0,0.0,0.0,0.0,0.0,0.1,0,0,0,,0.0,0.0,,,0,0,13,0.4,0,,0,1,13,14,3.0,0,0,0,0.0,-0.61,0,0,0,0,0,0,0,,,0,,,,,,,,,,,,,,,
ITA-Serie A,2324,Juventus,Dušan Vlahović,SRB,FW,23,2000,33,27,2307,25.6,16,4,20,14,2,4,8,1,0.62,0.16,0.78,0.55,0.7,25.6,16,110,39,35.5,4.29,1.52,0.15,0.41,2,4,70,67.5,27,80,8,6,25,0,2.0,35,23,12,0.47,-0.42,1,30,34,13,8,2,5,,,0,,,,,,,,,,,,,,,
ITA-Serie A,2324,Juventus,Fabio Miretti,ITA,MF,19,2003,25,16,1103,12.3,1,1,2,1,0,0,3,0,0.08,0.08,0.16,0.08,0.16,12.3,1,20,3,15.0,1.63,0.24,0.05,0.33,0,0,44,32.3,16,59,0,9,18,12,1.88,18,8,10,0.82,0.31,0,22,29,1,32,8,15,,,0,,,,,,,,,,,,,,,
ITA-Serie A,2324,Juventus,Federico Chiesa,ITA,FW,25,1997,33,25,2197,24.4,9,2,11,8,1,1,1,0,0.37,0.08,0.45,0.33,0.41,24.4,9,74,27,36.5,3.03,1.11,0.12,0.33,1,1,67,64.2,25,79,9,8,29,0,1.76,35,22,13,0.53,-0.2,0,14,40,7,117,6,11,,,0,,,,,,,,,,,,,,,
ITA-Serie A,2324,Juventus,Federico Gatti,ITA,DF,25,1998,32,30,2637,29.3,4,0,4,4,0,0,7,0,0.14,0.0,0.14,0.14,0.14,29.3,4,35,7,20.0,1.19,0.24,0.11,0.57,0,0,82,77.1,30,85,23,2,42,5,1.91,36,27,9,0.31,-1.3,0,39,15,0,18,17,22,,,2,,,,,,,,,,,,,,,
ITA-Serie A,2324,Juventus,Filip Kostić,SRB,MF,30,1992,29,26,1815,20.2,0,4,4,0,0,0,2,0,0.0,0.2,0.2,0.0,0.2,20.2,0,21,3,14.3,1.04,0.15,0.0,0.0,0,0,63,53.1,26,67,3,3,24,8,2.1,26,15,11,0.55,-0.13,0,19,18,7,168,9,23,,,0,,,,,,,,,,,,,,,
ITA-Serie A,2324,Juventus,Gleison Bremer,BRA,DF,26,1997,36,36,3233,35.9,3,0,3,3,0,0,9,0,0.08,0.0,0.08,0.08,0.08,35.9,3,18,4,22.2,0.5,0.11,0.17,0.75,0,0,90,94.5,36,90,35,0,,1,1.86,50,29,21,0.58,-0.38,0,60,17,2,1,36,44,,,0,,,,,,,,,,,,,,,
ITA-Serie A,2324,Juventus,Hans Nicolussi Caviglia,ITA,MF,23,2000,8,3,268,3.0,0,1,1,0,0,0,1,0,0.0,0.34,0.34,0.0,0.34,3.0,0,3,0,0.0,1.01,0.0,0.0,,0,0,34,7.8,3,62,0,5,16,30,2.13,3,2,1,0.34,-0.29,0,1,10,0,18,0,2,,,0,,,,,,,,,,,,,,,
ITA-Serie A,2324,Juventus,Joseph Nonge,BEL,MF,18,2005,2,0,24,0.3,0,0,0,0,0,0,1,0,0.0,0.0,0.0,0.0,0.0,0.3,0,0,0,,0.0,0.0,,,0,0,12,0.7,0,,0,2,12,20,1.5,2,1,1,3.75,3.17,0,3,1,0,0,0,0,,,0,,,,,,,,,,,,,,,
ITA-Serie A,2324,Juventus,Kenan Yıldız,TUR,FW,18,2005,27,9,952,10.6,2,0,2,2,0,0,3,0,0.19,0.0,0.19,0.19,0.19,10.6,2,19,7,36.8,1.8,0.66,0.11,0.29,0,0,35,27.8,9,68,0,18,19,9,1.67,20,7,13,1.23,0.86,0,12,22,1,17,1,10,,,0,,,,,,,,,,,,,,,
ITA-Serie A,2324,Juventus,Leonardo Cerri,ITA,FW,20,2003,1,0,7,0.1,0,0,0,0,0,0,0,0,0.0,0.0,0.0,0.0,0.0,0.1,0,0,0,,0.0,0.0,,,0,0,7,0.2,0,,0,1,7,0,0.0,0,0,0,0.0,-0.61,0,0,0,0,0,0,0,,,0,,,,,,,,,,,,,,,
ITA-Serie A,2324,Juventus,Manuel Locatelli,ITA,MF,25,1998,36,34,3008,33.4,1,4,5,1,0,0,6,0,0.03,0.12,0.15,0.03,0.15,33.4,1,25,3,12.0,0.75,0.09,0.04,0.33,0,0,84,88.0,34,87,29,2,17,1,1.81,46,28,18,0.54,-0.55,0,41,24,2,10,26,47,,,0,,,,,,,,,,,,,,,
ITA-Serie A,2324,Juventus,Mattia De Sciglio,ITA,DF,30,1992,1,1,45,0.5,0,0,0,0,0,0,0,0,0.0,0.0,0.0,0.0,0.0,0.5,0,0,0,,0.0,0.0,,,0,0,45,1.3,1,45,0,0,,6,0.0,0,0,0,0.0,-0.61,0,0,1,0,0,1,0,,,0,,,,,,,,,,,,,,,
ITA-Serie A,2324,Juventus,Mattia Perin,ITA,GK,30,1992,3,3,225,2.5,0,0,0,0,0,0,0,0,0.0,0.0,0.0,0.0,0.0,2.5,0,0,0,,0.0,0.0,,,0,0,75,6.6,3,75,2,0,,30,2.33,5,1,4,1.6,1.06,0,0,0,0,0,0,0,,,0,1,0.4,5,4,80.0,2,1,0,2,66.7,0,0,0,0,
ITA-Serie A,2324,Juventus,Moise Kean,ITA,FW,23,2000,19,8,654,7.3,0,0,0,0,0,0,2,0,0.0,0.0,0.0,0.0,0.0,7.3,0,16,4,25.0,2.2,0.55,0.0,0.0,0,0,34,19.1,8,66,0,11,11,4,1.95,6,4,2,0.28,-0.41,0,13,13,7,1,2,5,,,0,,,,,,,,,,,,,,,
ITA-Serie A,2324,Juventus,Nicolò Fagioli,ITA,MF,22,2001,8,4,437,4.9,0,2,2,0,0,0,1,0,0.0,0.41,0.41,0.0,0.41,4.9,0,6,2,33.3,1.24,0.41,0.0,0.0,0,0,55,12.8,4,74,0,4,36,2,1.88,8,4,4,0.82,0.25,0,3,5,1,19,4,3,,,0,,,,,,,,,,,,,,,
ITA-Serie A,2324,Juventus,Nikola Sekulov,ITA,MF,21,2002,1,0,11,0.1,0,0,0,0,0,0,0,0,0.0,0.0,0.0,0.0,0.0,0.1,0,0,0,,0.0,0.0,,,0,0,11,0.3,0,,0,1,11,0,0.0,0,1,-1,-8.18,-8.82,0,0,0,0,0,0,0,,,0,,,,,,,,,,,,,,,
ITA-Serie A,2324,Juventus,Paul Pogba,FRA,MF,30,1993,2,0,54,0.6,0,0,0,0,0,0,0,0,0.0,0.0,0.0,0.0,0.0,0.6,0,0,0,,0.0,0.0,,,0,0,27,1.6,0,,0,2,27,1,2.0,2,0,2,3.33,2.77,0,3,1,0,1,1,0,,,0,,,,,,,,,,,,,,,
ITA-Serie A,2324,Juventus,Samuel Iling-Junior,ENG,MF,19,2003,24,4,810,9.0,1,2,3,1,0,0,1,0,0.11,0.22,0.33,0.11,0.33,9.0,1,9,4,44.4,1.0,0.44,0.11,0.25,0,0,34,23.7,4,84,2,20,24,14,1.75,18,10,8,0.89,0.37,0,15,5,1,46,6,13,,,0,,,,,,,,,,,,,,,
ITA-Serie A,2324,Juventus,Tiago Djaló,POR,DF,23,2000,1,0,17,0.2,0,0,0,0,0,0,0,0,0.0,0.0,0.0,0.0,0.0,0.2,0,0,0,,0.0,0.0,,,0,0,17,0.5,0,,0,1,17,15,3.0,0,0,0,0.0,-0.61,0,0,1,0,0,0,0,,,0,,,,,,,,,,,,,,,
ITA-Serie A,2324,Juventus,Timothy Weah,USA,MF,23,2000,30,12,1258,14.0,0,1,1,0,0,0,5,0,0.0,0.07,0.07,0.0,0.07,14.0,0,12,2,16.7,0.86,0.14,0.0,0.0,0,0,42,36.8,12,72,3,18,22,2,1.77,24,12,12,0.86,0.4,0,15,8,2,39,6,19,,,0,,,,,,,,,,,,,,,
ITA-Serie A,2324,Juventus,Weston McKennie,USA,MF,24,1998,34,29,2594,28.8,0,7,7,0,0,0,6,0,0.0,0.24,0.24,0.0,0.24,28.8,0,23,7,30.4,0.8,0.24,0.0,0.0,0,0,76,75.8,29,85,17,5,29,2,1.88,37,21,16,0.56,-0.21,0,23,12,6,59,19,29,,,0,,,,,,,,,,,,,,,
ITA-Serie A,2324,Juventus,Wojciech Szczęsny,POL,GK,33,1990,35,35,3150,35.0,0,0,0,0,0,0,1,0,0.0,0.0,0.0,0.0,0.0,35.0,0,0,0,,0.0,0.0,,,0,0,90,92.1,35,90,35,0,,1,1.83,49,30,19,0.54,-0.79,0,1,2,0,0,1,0,,,0,30,0.86,111,81,73.0,17,13,5,14,40.0,3,2,1,0,33.3
ITA-Serie A,2324,Lazio,Adam Marušić,MNE,"DF,MF",30,1992,37,37,3100,34.4,1,0,1,1,0,0,3,1,0.03,0.0,0.03,0.03,0.03,34.4,1,8,3,37.5,0.23,0.09,0.13,0.33,0,0,84,90.6,37,84,29,0,,0,1.65,47,34,13,0.38,1.22,0,24,10,4,44,28,32,,,0,,,,,,,,,,,,,,,
ITA-Serie A,2324,Lazio,Alessio Romagnoli,ITA,DF,28,1995,29,26,2411,26.8,0,0,0,0,0,0,9,0,0.0,0.0,0.0,0.0,0.0,26.8,0,11,5,45.5,0.41,0.19,0.0,0.0,0,0,83,70.5,26,88,25,3,39,0,1.62,33,28,5,0.19,-0.26,0,35,19,1,1,31,16,,,0,,,,,,,,,,,,,,,
ITA-Serie A,2324,Lazio,Christos Mandas,GRE,GK,21,2001,9,8,721,8.0,0,0,0,0,0,0,0,0,0.0,0.0,0.0,0.0,0.0,8.0,0,0,0,,0.0,0.0,,,0,0,80,21.1,8,90,8,1,1,26,2.11,14,6,8,1.0,0.93,0,0,1,0,0,1,0,,,0,6,0.75,29,23,79.3,6,1,1,2,25.0,0,0,0,0,
ITA-Serie A,2324,Lazio,Ciro Immobile,ITA,FW,33,1990,31,21,1652,18.4,7,1,8,3,4,4,8,0,0.38,0.05,0.44,0.16,0.22,18.4,7,49,23,46.9,2.67,1.25,0.14,0.3,4,4,53,48.3,21,69,5,10,20,1,1.42,22,24,-2,-0.11,-0.72,0,22,30,14,7,3,8,,,0,,,,,,,,,,,,,,,
ITA-Serie A,2324,Lazio,Daichi Kamada,JPN,MF,26,1996,29,17,1544,17.2,2,2,4,2,0,0,3,0,0.12,0.12,0.23,0.12,0.23,17.2,2,29,8,27.6,1.69,0.47,0.07,0.25,0,0,53,45.1,17,75,6,12,23,9,1.69,19,14,5,0.29,0.05,0,39,13,2,11,18,36,,,0,,,,,,,,,,,,,,,
ITA-Serie A,2324,Lazio,Danilo Cataldi,ITA,MF,28,1994,28,15,1361,15.1,1,0,1,1,0,0,8,0,0.07,0.0,0.07,0.07,0.07,15.1,1,12,2,16.7,0.79,0.13,0.08,0.5,0,0,49,39.8,15,74,3,13,19,9,1.68,19,20,-1,-0.07,-0.55,0,17,8,0,31,18,11,,,0,,,,,,,,,,,,,,,
ITA-Serie A,2324,Lazio,Elseid Hysaj,ALB,DF,29,1994,22,11,1199,13.3,0,0,0,0,0,0,2,0,0.0,0.0,0.0,0.0,0.0,13.3,0,2,1,50.0,0.15,0.08,0.0,0.0,0,0,55,35.1,11,78,7,11,31,15,1.64,20,21,-1,-0.08,-0.52,0,14,9,3,18,18,14,,,0,,,,,,,,,,,,,,,
ITA-Serie A,2324,Lazio,Felipe Anderson,BRA,"FW,MF",30,1993,38,33,2770,30.8,5,6,11,5,0,0,3,0,0.16,0.19,0.36,0.16,0.36,30.8,5,43,11,25.6,1.4,0.36,0.12,0.45,0,0,73,81.0,33,79,14,5,32,0,1.61,38,31,7,0.23,-0.19,0,30,36,4,57,27,44,,,0,,,,,,,,,,,,,,,
ITA-Serie A,2324,Lazio,Gustav Isaksen,DEN,"FW,MF",22,2001,28,12,1074,11.9,3,1,4,3,0,0,3,0,0.25,0.08,0.34,0.25,0.34,11.9,3,23,9,39.1,1.93,0.75,0.13,0.33,0,0,38,31.4,12,62,0,16,21,8,1.61,17,13,4,0.34,0.11,0,17,24,3,29,3,4,,,0,,,,,,,,,,,,,,,
ITA-Serie A,2324,Lazio,Ivan Provedel,ITA,GK,29,1994,30,30,2699,30.0,0,0,0,0,0,0,0,0,0.0,0.0,0.0,0.0,0.0,30.0,0,0,0,,0.0,0.0,,,0,0,90,78.9,30,90,29,0,,2,1.4,35,33,2,0.07,-0.93,0,0,7,0,0,0,0,,,0,33,1.1,119,86,72.3,12,6,12,9,30.0,3,2,0,1,0.0
ITA-Serie A,2324,Lazio,Luca Pellegrini,ITA,"DF,MF",24,1999,19,8,786,8.7,1,0,1,1,0,0,7,1,0.11,0.0,0.11,0.11,0.11,8.7,1,7,1,14.3,0.8,0.11,0.14,1.0,0,0,41,23.0,8,64,1,11,25,16,1.21,9,8,1,0.11,-0.19,1,19,13,0,28,8,14,,,0,,,,,,,,,,,,,,,
ITA-Serie A,2324,Lazio,Luis Alberto,ESP,MF,30,1992,33,29,2311,25.7,5,7,12,5,0,0,7,0,0.19,0.27,0.47,0.19,0.47,25.7,5,56,15,26.8,2.18,0.58,0.09,0.33,0,0,70,67.6,29,77,13,4,18,1,1.55,32,26,6,0.23,-0.09,0,16,23,6,149,6,21,,,0,,,,,,,,,,,,,,,
ITA-Serie A,2324,Lazio,Manuel Lazzari,ITA,"DF,MF",29,1993,24,19,1671,18.6,0,2,2,0,0,0,4,1,0.0,0.11,0.11,0.0,0.11,18.6,0,8,2,25.0,0.43,0.11,0.0,0.0,0,0,70,48.9,19,80,11,5,32,10,1.54,23,15,8,0.43,0.33,0,15,20,1,56,12,19,,,0,,,,,,,,,,,,,,,
ITA-Serie A,2324,Lazio,Mario Gila,ESP,DF,22,2000,21,21,1809,20.1,0,0,0,0,0,0,4,1,0.0,0.0,0.0,0.0,0.0,20.1,0,8,2,25.0,0.4,0.1,0.0,0.0,0,0,86,52.9,21,86,16,0,,13,1.62,25,18,7,0.35,0.18,1,21,23,1,8,21,14,,,0,,,,,,,,,,,,,,,
ITA-Serie A,2324,Lazio,Mattia Zaccagni,ITA,"FW,MF",28,1995,28,24,1956,21.7,6,1,7,6,0,0,8,0,0.28,0.05,0.32,0.28,0.32,21.7,6,42,13,31.0,1.93,0.6,0.14,0.46,0,0,70,57.2,24,75,3,4,37,0,1.57,27,21,6,0.28,0.03,0,29,80,7,71,21,16,,,0,,,,,,,,,,,,,,,
ITA-Serie A,2324,Lazio,Mattéo Guendouzi,FRA,MF,24,1999,33,27,2367,26.3,2,3,5,2,0,0,3,1,0.08,0.11,0.19,0.08,0.19,26.3,2,26,7,26.9,0.99,0.27,0.08,0.29,0,0,72,69.2,27,83,17,6,22,0,1.67,34,28,6,0.23,-0.11,0,26,34,0,40,23,15,,,0,,,,,,,,,,,,,,,
ITA-Serie A,2324,Lazio,Matías Vecino,URU,MF,31,1991,31,8,1153,12.8,6,1,7,6,0,0,8,0,0.47,0.08,0.55,0.47,0.55,12.8,6,33,11,33.3,2.58,0.86,0.18,0.55,0,0,37,33.7,8,78,3,23,23,5,1.68,20,15,5,0.39,0.19,0,32,7,2,5,10,17,,,0,,,,,,,,,,,,,,,
ITA-Serie A,2324,Lazio,Nicolò Casale,ITA,DF,25,1998,20,16,1559,17.3,0,0,0,0,0,0,5,0,0.0,0.0,0.0,0.0,0.0,17.3,0,7,1,14.3,0.4,0.06,0.0,0.0,0,0,78,45.6,16,85,14,4,49,13,1.5,22,24,-2,-0.12,-0.7,0,24,6,0,0,11,10,,,0,,,,,,,,,,,,,,,
ITA-Serie A,2324,Lazio,Nicolò Rovella,ITA,MF,21,2001,23,16,1318,14.6,0,2,2,0,0,0,6,0,0.0,0.14,0.14,0.0,0.14,14.6,0,5,1,20.0,0.34,0.07,0.0,0.0,0,0,57,38.5,16,75,6,7,18,7,1.83,21,13,8,0.55,0.46,0,38,16,0,20,23,26,,,0,,,,,,,,,,,,,,,
ITA-Serie A,2324,Lazio,Patric,ESP,DF,30,1993,20,19,1608,17.9,2,0,2,2,0,0,4,0,0.11,0.0,0.11,0.11,0.11,17.9,2,6,2,33.3,0.34,0.11,0.33,1.0,0,0,80,47.0,19,82,17,1,45,8,1.85,25,12,13,0.73,0.88,0,8,6,0,11,4,8,,,0,,,,,,,,,,,,,,,
ITA-Serie A,2324,Lazio,Pedro,ESP,FW,36,1987,33,5,816,9.1,1,1,2,1,0,0,4,0,0.11,0.11,0.22,0.11,0.22,9.1,1,11,4,36.4,1.21,0.44,0.09,0.25,0,0,25,23.9,5,59,0,28,19,4,1.64,12,9,3,0.33,0.09,0,13,19,4,19,2,12,,,0,,,,,,,,,,,,,,,
ITA-Serie A,2324,Lazio,Valentín Castellanos,ARG,FW,24,1998,35,16,1682,18.7,4,3,7,4,0,0,2,0,0.21,0.16,0.37,0.21,0.37,18.7,4,54,20,37.0,2.89,1.07,0.07,0.2,0,0,48,49.2,16,76,5,19,24,2,1.6,25,15,10,0.54,0.54,0,33,31,20,16,3,11,,,0,,,,,,,,,,,,,,,
ITA-Serie A,2324,Lecce,Ahmed Touba,ALG,DF,25,1998,6,3,277,3.1,0,0,0,0,0,0,1,0,0.0,0.0,0.0,0.0,0.0,3.1,0,1,0,0.0,0.32,0.0,0.0,,0,0,46,8.1,3,79,2,3,14,25,0.67,1,7,-6,-1.95,-1.49,0,6,1,0,0,7,4,,,0,,,,,,,,,,,,,,,
ITA-Serie A,2324,Lecce,Alexis Blin,FRA,MF,26,1996,31,16,1642,18.2,0,2,2,0,0,0,4,0,0.0,0.11,0.11,0.0,0.11,18.2,0,13,2,15.4,0.71,0.11,0.0,0.0,0,0,53,48.0,16,81,9,15,23,4,1.16,19,25,-6,-0.33,0.48,0,25,22,0,11,21,21,,,0,,,,,,,,,,,,,,,
ITA-Serie A,2324,Lecce,Antonino Gallo,ITA,DF,23,2000,35,30,2490,27.7,0,3,3,0,0,0,2,0,0.0,0.11,0.11,0.0,0.11,27.7,0,15,3,20.0,0.54,0.11,0.0,0.0,0,0,71,72.8,30,78,13,5,31,3,1.03,21,41,-20,-0.72,-0.53,0,9,17,3,137,23,26,,,0,,,,,,,,,,,,,,,
ITA-Serie A,2324,Lecce,Federico Baschirotto,ITA,DF,26,1996,37,37,3294,36.6,0,1,1,0,0,0,3,1,0.0,0.03,0.03,0.0,0.03,36.6,0,18,6,33.3,0.49,0.16,0.0,0.0,0,0,89,96.3,37,89,36,0,,0,0.95,31,54,-23,-0.63,-1.34,0,29,4,0,3,22,11,,,0,,,,,,,,,,,,,,,
ITA-Serie A,2324,Lecce,Federico Di Francesco,ITA,"FW,MF",29,1994,2,0,15,0.2,1,0,1,1,0,0,0,0,6.0,0.0,6.0,6.0,6.0,0.2,1,2,1,50.0,12.0,6.0,0.5,1.0,0,0,8,0.4,0,,0,2,8,0,2.0,2,0,2,12.0,12.63,0,0,0,0,1,0,0,,,0,,,,,,,,,,,,,,,
ITA-Serie A,2324,Lecce,Gabriel Strefezza,BRA,"FW,MF",26,1997,19,13,1112,12.4,1,0,1,0,1,1,4,0,0.08,0.0,0.08,0.0,0.0,12.4,1,28,6,21.4,2.27,0.49,0.04,0.17,1,1,59,32.5,13,75,2,6,22,2,1.05,9,18,-9,-0.73,-0.22,0,20,37,3,42,7,17,,,0,,,,,,,,,,,,,,,
ITA-Serie A,2324,Lecce,Hamza Rafia,TUN,MF,24,1999,28,17,1204,13.4,1,0,1,1,0,0,4,0,0.07,0.0,0.07,0.07,0.07,13.4,1,16,3,18.8,1.2,0.22,0.06,0.33,0,0,43,35.2,17,60,0,11,16,7,0.93,10,21,-11,-0.82,-0.38,0,31,34,2,38,11,29,,,1,,,,,,,,,,,,,,,
ITA-Serie A,2324,Lecce,Jeppe Corfitzen,DEN,FW,18,2004,1,0,9,0.1,0,0,0,0,0,0,0,0,0.0,0.0,0.0,0.0,0.0,0.1,0,0,0,,0.0,0.0,,,0,0,9,0.3,0,,0,1,9,8,0.0,0,2,-2,-20.0,-19.47,0,0,0,0,0,0,0,,,0,,,,,,,,,,,,,,,
ITA-Serie A,2324,Lecce,Joan Gonzàlez,ESP,MF,21,2002,29,13,1291,14.3,1,1,2,1,0,0,6,0,0.07,0.07,0.14,0.07,0.14,14.3,1,13,5,38.5,0.91,0.35,0.08,0.2,0,0,45,37.7,13,70,4,16,24,8,0.97,15,23,-8,-0.56,0.03,0,15,33,1,10,4,19,,,0,,,,,,,,,,,,,,,
ITA-Serie A,2324,Lecce,Lameck Banda,ZAM,"FW,MF",22,2001,21,17,1350,15.0,2,4,6,2,0,0,5,1,0.13,0.27,0.4,0.13,0.4,15.0,2,50,23,46.0,3.33,1.53,0.04,0.09,0,0,64,39.5,17,73,2,4,29,1,1.0,15,24,-9,-0.6,-0.03,0,33,30,9,51,3,23,,,0,,,,,,,,,,,,,,,
ITA-Serie A,2324,Lecce,Lorenzo Venuti,ITA,DF,28,1995,14,3,364,4.0,0,0,0,0,0,0,1,0,0.0,0.0,0.0,0.0,0.0,4.0,0,3,1,33.3,0.74,0.25,0.0,0.0,0,0,26,10.6,3,74,1,11,13,23,0.93,2,12,-10,-2.47,-2.12,0,5,1,0,10,5,4,,,0,,,,,,,,,,,,,,,
ITA-Serie A,2324,Lecce,Marcin Listkowski,POL,"FW,MF",25,1998,1,0,8,0.1,0,0,0,0,0,0,0,0,0.0,0.0,0.0,0.0,0.0,0.1,0,1,0,0.0,11.25,0.0,0.0,,0,0,8,0.2,0,,0,1,8,13,0.0,0,0,0,0.0,0.58,0,0,0,0,0,0,0,,,0,,,,,,,,,,,,,,,
ITA-Serie A,2324,Lecce,Marin Pongračić,CRO,DF,25,1997,36,36,3219,35.8,0,0,0,0,0,0,10,1,0.0,0.0,0.0,0.0,0.0,35.8,0,13,3,23.1,0.36,0.08,0.0,0.0,0,0,89,94.1,36,89,35,0,,0,1.06,32,48,-16,-0.45,2.24,1,57,22,0,1,50,27,,,0,,,,,,,,,,,,,,,
ITA-Serie A,2324,Lecce,Medon Berisha,ALB,MF,19,2003,6,2,205,2.3,0,0,0,0,0,0,0,0,0.0,0.0,0.0,0.0,0.0,2.3,0,2,0,0.0,0.88,0.0,0.0,,0,0,34,6.0,2,65,0,4,19,32,0.67,0,3,-3,-1.32,-0.79,0,7,5,0,3,1,0,,,0,,,,,,,,,,,,,,,
ITA-Serie A,2324,Lecce,Mohamed Kaba,GUI,MF,21,2001,23,15,1378,15.3,0,0,0,0,0,0,4,1,0.0,0.0,0.0,0.0,0.0,15.3,0,14,6,42.9,0.91,0.39,0.0,0.0,0,0,60,40.3,15,77,6,8,27,1,1.0,13,23,-10,-0.65,-0.12,1,26,21,0,6,12,20,,,0,,,,,,,,,,,,,,,
ITA-Serie A,2324,Lecce,Nicola Sansone,ITA,"MF,FW",31,1991,25,4,767,8.5,2,2,4,2,0,0,4,0,0.23,0.23,0.47,0.23,0.47,8.5,2,23,5,21.7,2.7,0.59,0.09,0.4,0,0,31,22.4,4,68,1,21,24,4,1.12,14,11,3,0.35,1.2,0,16,12,0,28,4,7,,,0,,,,,,,,,,,,,,,
ITA-Serie A,2324,Lecce,Nikola Krstović,MNE,FW,23,2000,35,30,2373,26.4,7,1,8,6,1,3,4,1,0.27,0.04,0.3,0.23,0.27,26.4,7,92,22,23.9,3.49,0.83,0.08,0.32,1,3,68,69.4,30,76,10,5,18,1,0.91,21,35,-14,-0.53,0.16,0,45,54,14,4,3,8,,,0,,,,,,,,,,,,,,,
ITA-Serie A,2324,Lecce,Patrick Dorgu,DEN,"MF,DF",18,2004,32,17,1564,17.4,2,0,2,2,0,0,6,0,0.12,0.0,0.12,0.12,0.12,17.4,2,19,9,47.4,1.09,0.52,0.11,0.22,0,0,49,45.7,17,71,4,15,24,4,1.06,14,20,-6,-0.35,0.43,0,25,44,2,39,9,22,,,0,,,,,,,,,,,,,,,
ITA-Serie A,2324,Lecce,Pontus Almqvist,SWE,"FW,MF",24,1999,30,25,2107,23.4,2,1,3,2,0,0,5,0,0.09,0.04,0.13,0.09,0.13,23.4,2,40,15,37.5,1.71,0.64,0.05,0.13,0,0,70,61.6,25,79,12,5,24,1,0.97,20,32,-12,-0.51,0.17,0,29,35,1,22,14,28,,,0,,,,,,,,,,,,,,,
ITA-Serie A,2324,Lecce,Rareș-Cătălin Burnete,ROU,FW,19,2004,1,0,8,0.1,0,1,1,0,0,0,0,0,0.0,11.25,11.25,0.0,11.25,0.1,0,0,0,,0.0,0.0,,,0,0,8,0.2,0,,0,1,8,17,3.0,2,0,2,22.5,23.13,0,0,0,0,0,0,0,,,0,,,,,,,,,,,,,,,
ITA-Serie A,2324,Lecce,Remi Oudin,FRA,"MF,FW",26,1996,31,21,1819,20.2,3,2,5,3,0,0,3,0,0.15,0.1,0.25,0.15,0.25,20.2,3,34,8,23.5,1.68,0.4,0.09,0.38,0,0,59,53.2,21,75,2,10,25,5,0.94,12,23,-11,-0.54,0.07,0,16,11,2,155,21,13,,,0,,,,,,,,,,,,,,,
ITA-Serie A,2324,Lecce,Roberto Piccoli,ITA,FW,22,2001,35,12,1378,15.3,5,0,5,4,1,1,5,0,0.33,0.0,0.33,0.26,0.26,15.3,5,57,22,38.6,3.72,1.44,0.09,0.23,1,1,39,40.3,12,75,4,23,21,0,0.97,16,21,-5,-0.33,0.42,0,28,13,15,6,3,7,,,0,,,,,,,,,,,,,,,
ITA-Serie A,2324,Lecce,Santiago Pierotti,ARG,"FW,MF",22,2001,11,0,200,2.2,0,2,2,0,0,0,0,0,0.0,0.9,0.9,0.0,0.9,2.2,0,7,3,42.9,3.15,1.35,0.0,0.0,0,0,18,5.8,0,,0,11,18,7,0.82,2,4,-2,-0.9,-0.34,0,13,3,0,4,1,8,,,0,,,,,,,,,,,,,,,
ITA-Serie A,2324,Lecce,Valentin Gendrey,FRA,DF,23,2000,37,35,3044,33.8,2,3,5,2,0,0,5,0,0.06,0.09,0.15,0.06,0.15,33.8,2,17,4,23.5,0.5,0.12,0.12,0.5,0,0,82,89.0,35,86,26,2,25,0,1.03,28,42,-14,-0.41,1.5,0,27,40,3,61,34,32,,,0,,,,,,,,,,,,,,,
ITA-Serie A,2324,Lecce,Wladimiro Falcone,ITA,GK,28,1995,38,38,3420,38.0,0,0,0,0,0,0,0,0,0.0,0.0,0.0,0.0,0.0,38.0,0,0,0,,0.0,0.0,,,0,0,90,100.0,38,90,38,0,,0,1.0,32,54,-22,-0.58,,0,0,5,0,0,1,0,,,0,54,1.42,172,121,68.6,8,14,16,5,13.2,6,5,1,0,16.7
ITA-Serie A,2324,Lecce,Ylber Ramadani,ALB,MF,27,1996,34,34,2970,33.0,1,0,1,1,0,0,13,0,0.03,0.0,0.03,0.03,0.03,33.0,1,31,6,19.4,0.94,0.18,0.03,0.17,0,0,87,86.8,34,87,27,0,,0,0.88,21,49,-28,-0.85,-2.05,0,42,37,0,14,47,44,,,0,,,,,,,,,,,,,,,
ITA-Serie A,2324,Milan,Alessandro Florenzi,ITA,"DF,MF",32,1991,31,19,1732,19.2,1,4,5,1,0,0,5,0,0.05,0.21,0.26,0.05,0.26,19.2,1,32,11,34.4,1.66,0.57,0.03,0.09,0,0,56,50.6,19,79,11,12,19,5,1.84,35,23,12,0.62,-0.18,0,12,9,2,121,20,20,,,0,,,,,,,,,,,,,,,
ITA-Serie A,2324,Milan,Antonio Mirante,ITA,GK,40,1983,2,2,177,2.0,0,0,0,0,0,0,0,0,0.0,0.0,0.0,0.0,0.0,2.0,0,0,0,,0.0,0.0,,,0,0,89,5.2,2,89,1,0,,27,0.5,3,3,0,0.0,-0.75,0,0,0,0,0,0,0,,,0,3,1.53,8,5,62.5,0,1,1,0,0.0,0,0,0,0,
ITA-Serie A,2324,Milan,Chaka Traorè,CIV,FW,18,2004,2,0,20,0.2,1,0,1,1,0,0,0,0,4.5,0.0,4.5,4.5,4.5,0.2,1,1,1,100.0,4.5,4.5,1.0,1.0,0,0,10,0.6,0,,0,2,10,7,3.0,1,1,0,0.0,-0.71,0,1,0,0,0,0,1,,,0,,,,,,,,,,,,,,,
ITA-Serie A,2324,Milan,Christian Pulisic,USA,"MF,FW",24,1998,36,32,2602,28.9,12,8,20,12,0,0,2,0,0.42,0.28,0.69,0.42,0.69,28.9,12,65,31,47.7,2.25,1.07,0.18,0.39,0,0,72,76.1,32,77,11,4,34,0,2.06,62,31,31,1.07,1.51,0,19,45,4,100,10,25,,,0,,,,,,,,,,,,,,,
ITA-Serie A,2324,Milan,Davide Bartesaghi,ITA,MF,17,2005,6,0,79,0.9,0,0,0,0,0,0,0,0,0.0,0.0,0.0,0.0,0.0,0.9,0,0,0,,0.0,0.0,,,0,0,13,2.3,0,,0,6,13,18,2.67,2,0,2,2.28,1.61,0,1,1,0,1,0,1,,,0,,,,,,,,,,,,,,,
ITA-Serie A,2324,Milan,Davide Calabria,ITA,DF,26,1996,29,26,2185,24.3,1,3,4,1,0,0,5,2,0.04,0.12,0.16,0.04,0.16,24.3,1,21,8,38.1,0.86,0.33,0.05,0.13,0,0,75,63.9,26,81,13,3,29,4,2.07,49,27,22,0.91,0.54,1,25,19,0,35,21,40,,,0,,,,,,,,,,,,,,,
ITA-Serie A,2324,Milan,Fikayo Tomori,ENG,DF,25,1997,26,24,2121,23.6,4,0,4,4,0,0,8,1,0.17,0.0,0.17,0.17,0.17,23.6,4,17,8,47.1,0.72,0.34,0.24,0.5,0,0,82,62.0,24,86,19,2,28,1,2.04,51,27,24,1.02,0.81,1,26,9,1,3,25,23,,,0,,,,,,,,,,,,,,,
ITA-Serie A,2324,Milan,Filippo Terracciano,ITA,DF,20,2003,3,1,76,0.8,0,0,0,0,0,0,1,0,0.0,0.0,0.0,0.0,0.0,0.8,0,0,0,,0.0,0.0,,,0,0,25,2.2,1,64,0,2,6,16,1.33,1,4,-3,-3.55,-4.36,0,3,1,0,0,0,2,,,0,,,,,,,,,,,,,,,
ITA-Serie A,2324,Milan,Francesco Camarda,ITA,FW,15,2008,2,0,14,0.2,0,0,0,0,0,0,0,0,0.0,0.0,0.0,0.0,0.0,0.2,0,0,0,,0.0,0.0,,,0,0,7,0.4,0,,0,2,7,0,3.0,0,0,0,0.0,-0.71,0,0,0,0,0,0,0,,,0,,,,,,,,,,,,,,,
ITA-Serie A,2324,Milan,Ismaël Bennacer,ALG,MF,25,1997,20,13,1151,12.8,2,2,4,1,1,1,2,0,0.16,0.16,0.31,0.08,0.23,12.8,2,12,2,16.7,0.94,0.16,0.17,1.0,1,1,58,33.7,13,76,4,7,23,1,1.9,26,19,7,0.55,-0.25,0,18,26,1,32,11,21,,,0,,,,,,,,,,,,,,,
ITA-Serie A,2324,Milan,Jan-Carlo Simic,SRB,DF,18,2005,4,0,146,1.6,1,0,1,1,0,0,0,0,0.62,0.0,0.62,0.62,0.62,1.6,1,2,1,50.0,1.23,0.62,0.5,1.0,0,0,37,4.3,0,,0,4,37,13,2.5,3,1,2,1.23,0.55,0,2,0,0,0,0,1,,,0,,,,,,,,,,,,,,,
ITA-Serie A,2324,Milan,Kevin Zeroli,ITA,MF,18,2005,3,0,28,0.3,0,0,0,0,0,0,0,0,0.0,0.0,0.0,0.0,0.0,0.3,0,0,0,,0.0,0.0,,,0,0,9,0.8,0,,0,3,9,11,2.33,0,0,0,0.0,-0.72,0,0,0,0,1,0,0,,,0,,,,,,,,,,,,,,,
ITA-Serie A,2324,Milan,Lapo Nava,ITA,GK,19,2004,1,0,3,0.0,0,0,0,0,0,0,0,0,0.0,0.0,0.0,0.0,0.0,0.0,0,0,0,,0.0,0.0,,,0,0,3,0.1,0,,0,1,3,23,1.0,0,1,-1,-30.0,-30.74,0,0,0,0,0,0,0,,,0,1,30.0,2,1,50.0,0,0,0,0,,0,0,0,0,
ITA-Serie A,2324,Milan,Luka Jović,SRB,FW,25,1997,23,8,877,9.7,6,1,7,6,0,0,2,1,0.62,0.1,0.72,0.62,0.72,9.7,6,22,13,59.1,2.26,1.33,0.27,0.46,0,0,38,25.6,8,75,2,15,18,7,1.7,16,16,0,0.0,-0.96,0,8,12,2,1,1,3,,,0,,,,,,,,,,,,,,,
ITA-Serie A,2324,Milan,Luka Romero,ARG,MF,18,2004,4,0,88,1.0,0,0,0,0,0,0,1,0,0.0,0.0,0.0,0.0,0.0,1.0,0,1,0,0.0,1.02,0.0,0.0,,0,0,22,2.6,0,,0,4,22,17,1.0,0,2,-2,-2.05,-2.83,0,3,2,0,2,0,1,,,0,,,,,,,,,,,,,,,
ITA-Serie A,2324,Milan,Malick Thiaw,GER,DF,21,2001,21,19,1619,18.0,0,1,1,0,0,0,5,1,0.0,0.06,0.06,0.0,0.06,18.0,0,5,1,20.0,0.28,0.06,0.0,0.0,0,0,77,47.3,19,84,15,2,10,3,1.81,31,24,7,0.39,-0.61,0,31,7,0,0,16,18,,,1,,,,,,,,,,,,,,,
ITA-Serie A,2324,Milan,Marco Pellegrino,ARG,DF,21,2002,1,0,68,0.8,0,0,0,0,0,0,0,0,0.0,0.0,0.0,0.0,0.0,0.8,0,1,1,100.0,1.32,1.32,0.0,0.0,0,0,68,2.0,0,,0,1,68,9,1.0,2,2,0,0.0,-0.72,0,0,0,0,0,1,1,,,0,,,,,,,,,,,,,,,
ITA-Serie A,2324,Milan,Marco Sportiello,ITA,GK,31,1992,7,7,630,7.0,0,0,0,0,0,0,0,0,0.0,0.0,0.0,0.0,0.0,7.0,0,0,0,,0.0,0.0,,,0,0,90,18.4,7,90,7,0,,19,1.71,16,11,5,0.71,0.0,0,0,0,0,0,0,0,,,0,11,1.57,34,23,67.6,3,3,1,1,14.3,1,1,0,0,0.0
ITA-Serie A,2324,Milan,Matteo Gabbia,ITA,DF,23,1999,18,14,1275,14.2,2,1,3,2,0,0,5,0,0.14,0.07,0.21,0.14,0.21,14.2,2,11,5,45.5,0.78,0.35,0.18,0.4,0,0,71,37.3,14,82,10,4,33,1,2.0,32,19,13,0.92,0.33,0,27,8,0,0,10,20,,,0,,,,,,,,,,,,,,,
ITA-Serie A,2324,Milan,Mattia Caldara,ITA,DF,29,1994,1,0,33,0.4,0,0,0,0,0,0,0,0,0.0,0.0,0.0,0.0,0.0,0.4,0,1,0,0.0,2.73,0.0,0.0,,0,0,33,1.0,0,,0,1,33,5,1.0,1,3,-2,-5.45,-6.23,0,0,0,0,0,1,1,,,0,,,,,,,,,,,,,,,
ITA-Serie A,2324,Milan,Mike Maignan,FRA,GK,28,1995,29,29,2609,29.0,0,1,1,0,0,0,1,1,0.0,0.03,0.03,0.0,0.03,29.0,0,0,0,,0.0,0.0,,,0,0,90,76.3,29,90,28,0,,2,2.14,57,34,23,0.79,0.35,0,1,5,0,0,1,0,,,0,34,1.17,121,87,71.9,19,5,5,11,37.9,7,7,0,0,0.0
ITA-Serie A,2324,Milan,Noah Okafor,SUI,"FW,MF",23,2000,28,6,887,9.9,6,2,8,6,0,0,1,0,0.61,0.2,0.81,0.61,0.81,9.9,6,22,14,63.6,2.23,1.42,0.27,0.43,0,0,32,25.9,6,67,1,22,22,4,1.96,25,17,8,0.81,0.14,0,12,9,2,22,0,4,,,0,,,,,,,,,,,,,,,
ITA-Serie A,2324,Milan,Olivier Giroud,FRA,FW,36,1986,35,28,2363,26.3,15,8,23,11,4,5,1,1,0.57,0.3,0.88,0.42,0.72,26.3,15,77,36,46.8,2.93,1.37,0.19,0.42,4,5,68,69.1,28,77,10,7,28,1,1.89,58,28,30,1.14,1.4,0,31,24,14,3,6,11,,,0,,,,,,,,,,,,,,,
ITA-Serie A,2324,Milan,Pierre Kalulu,FRA,DF,23,2000,9,4,374,4.2,0,0,0,0,0,0,0,0,0.0,0.0,0.0,0.0,0.0,4.2,0,2,0,0.0,0.48,0.0,0.0,,0,0,42,10.9,4,61,2,5,26,4,1.89,7,7,0,0.0,-0.8,0,1,3,0,5,1,1,,,0,,,,,,,,,,,,,,,
ITA-Serie A,2324,Milan,Rade Krunić,BIH,MF,29,1993,10,8,687,7.6,0,0,0,0,0,0,3,0,0.0,0.0,0.0,0.0,0.0,7.6,0,2,0,0.0,0.26,0.0,0.0,,0,0,69,20.1,8,81,6,2,19,5,1.7,14,12,2,0.26,-0.56,0,10,11,0,4,11,8,,,0,,,,,,,,,,,,,,,
ITA-Serie A,2324,Milan,Rafael Leão,POR,"MF,FW",24,1999,34,29,2512,27.9,9,9,18,9,0,0,5,0,0.32,0.32,0.64,0.32,0.64,27.9,9,70,25,35.7,2.51,0.9,0.13,0.36,0,0,74,73.5,29,80,15,5,37,0,1.94,55,31,24,0.86,0.56,0,26,52,17,106,9,10,,,0,,,,,,,,,,,,,,,
ITA-Serie A,2324,Milan,Ruben Loftus-Cheek,ENG,MF,27,1996,29,26,2068,23.0,6,1,7,6,0,0,5,0,0.26,0.04,0.3,0.26,0.3,23.0,6,41,14,34.1,1.78,0.61,0.15,0.43,0,0,71,60.5,26,76,11,3,27,2,2.14,43,28,15,0.65,-0.15,0,39,45,1,13,10,18,,,0,,,,,,,,,,,,,,,
ITA-Serie A,2324,Milan,Samuel Chukwueze,NGA,"MF,FW",24,1999,24,12,1017,11.3,1,3,4,1,0,0,1,0,0.09,0.27,0.35,0.09,0.35,11.3,1,28,8,28.6,2.48,0.71,0.04,0.13,0,0,42,29.7,12,67,2,12,18,3,2.08,25,17,8,0.71,0.0,0,7,12,7,21,6,7,,,0,,,,,,,,,,,,,,,
ITA-Serie A,2324,Milan,Simon Kjær,DEN,DF,34,1989,20,14,1171,13.0,0,1,1,0,0,0,1,0,0.0,0.08,0.08,0.0,0.08,13.0,0,6,0,0.0,0.46,0.0,0.0,,0,0,59,34.2,14,79,7,6,11,5,2.3,23,17,6,0.46,-0.38,0,9,2,0,1,13,15,,,0,,,,,,,,,,,,,,,
ITA-Serie A,2324,Milan,Theo Hernández,FRA,DF,25,1997,32,31,2791,31.0,5,4,9,4,1,2,11,1,0.16,0.13,0.29,0.13,0.26,31.0,5,57,17,29.8,1.84,0.55,0.09,0.29,1,2,87,81.6,31,89,26,1,23,0,2.13,70,42,28,0.9,1.05,0,38,50,2,71,21,17,,,0,,,,,,,,,,,,,,,
ITA-Serie A,2324,Milan,Tijjani Reijnders,NED,MF,25,1998,36,33,2820,31.3,3,3,6,3,0,0,8,0,0.1,0.1,0.19,0.1,0.19,31.3,3,44,9,20.5,1.4,0.29,0.07,0.33,0,0,78,82.5,33,82,21,3,36,1,1.97,67,38,29,0.93,1.23,0,21,20,1,40,19,25,,,0,,,,,,,,,,,,,,,
ITA-Serie A,2324,Milan,Tommaso Pobega,ITA,"MF,DF",24,1999,11,3,319,3.5,0,0,0,0,0,0,0,0,0.0,0.0,0.0,0.0,0.0,3.5,0,5,4,80.0,1.41,1.13,0.0,0.0,0,0,29,9.3,3,61,1,8,17,9,2.55,7,4,3,0.85,0.15,0,8,7,0,0,5,9,,,0,,,,,,,,,,,,,,,
ITA-Serie A,2324,Milan,Yacine Adli,FRA,MF,23,2000,24,17,1407,15.6,1,2,3,1,0,0,3,0,0.06,0.13,0.19,0.06,0.19,15.6,1,4,1,25.0,0.26,0.06,0.25,1.0,0,0,59,41.1,17,74,6,7,21,14,1.88,25,22,3,0.19,-0.88,0,26,9,1,50,18,17,,,0,,,,,,,,,,,,,,,
ITA-Serie A,2324,Milan,Yunus Musah,USA,MF,20,2002,30,13,1478,16.4,0,2,2,0,0,0,5,0,0.0,0.12,0.12,0.0,0.12,16.4,0,14,5,35.7,0.85,0.3,0.0,0.0,0,0,49,43.2,13,83,7,17,23,3,1.9,25,23,2,0.12,-1.04,0,22,21,2,27,11,14,,,0,,,,,,,,,,,,,,,
ITA-Serie A,2324,Milan,Álex Jiménez,ESP,DF,18,2005,3,0,68,0.8,0,0,0,0,0,0,1,0,0.0,0.0,0.0,0.0,0.0,0.8,0,0,0,,0.0,0.0,,,0,0,23,2.0,0,,0,3,23,13,3.0,1,0,1,1.32,0.63,0,2,1,0,1,0,1,,,0,,,,,,,,,,,,,,,
ITA-Serie A,2324,Monza,Alessandro Sorrentino,ITA,GK,21,2002,7,5,548,6.1,0,0,0,0,0,0,0,0,0.0,0.0,0.0,0.0,0.0,6.1,0,0,0,,0.0,0.0,,,0,0,78,16.0,5,90,5,2,49,31,1.0,8,16,-8,-1.31,-1.19,0,0,1,0,0,0,0,,,0,16,2.63,32,16,50.0,0,1,4,0,0.0,4,4,0,0,0.0
ITA-Serie A,2324,Monza,Alessio Zerbin,ITA,MF,24,1999,13,7,684,7.6,0,1,1,0,0,0,2,1,0.0,0.13,0.13,0.0,0.13,7.6,0,6,2,33.3,0.79,0.26,0.0,0.0,0,0,53,20.0,7,75,2,6,27,4,0.85,4,5,-1,-0.13,0.23,1,17,12,0,31,3,11,,,0,,,,,,,,,,,,,,,
ITA-Serie A,2324,Monza,Andrea Carboni,ITA,DF,22,2001,21,16,1487,16.5,1,0,1,1,0,0,1,0,0.06,0.0,0.06,0.06,0.06,16.5,1,18,4,22.2,1.09,0.24,0.06,0.25,0,0,71,43.5,16,81,10,5,37,9,1.29,17,17,0,0.0,0.56,0,12,5,1,21,17,22,,,0,,,,,,,,,,,,,,,
ITA-Serie A,2324,Monza,Andrea Colpani,ITA,MF,24,1999,38,36,2657,29.5,8,4,12,8,0,0,1,0,0.27,0.14,0.41,0.27,0.41,29.5,8,65,19,29.2,2.2,0.64,0.12,0.42,0,0,70,77.7,36,72,6,2,33,0,1.18,28,40,-12,-0.41,-0.41,0,24,45,2,109,12,15,,,0,,,,,,,,,,,,,,,
ITA-Serie A,2324,Monza,Andrea Ferraris,ITA,FW,20,2003,1,0,10,0.1,0,0,0,0,0,0,0,0,0.0,0.0,0.0,0.0,0.0,0.1,0,0,0,,0.0,0.0,,,0,0,10,0.3,0,,0,1,10,10,0.0,0,0,0,0.0,0.32,0,0,0,0,0,0,1,,,0,,,,,,,,,,,,,,,
ITA-Serie A,2324,Monza,Armando Izzo,ITA,DF,31,1992,23,20,1650,18.3,0,0,0,0,0,0,9,0,0.0,0.0,0.0,0.0,0.0,18.3,0,5,3,60.0,0.27,0.16,0.0,0.0,0,0,72,48.2,20,81,13,3,8,4,1.13,17,25,-8,-0.44,-0.23,0,32,25,1,3,24,20,,,0,,,,,,,,,,,,,,,
ITA-Serie A,2324,Monza,Daniel Maldini,ITA,MF,21,2001,11,2,333,3.7,4,1,5,4,0,0,0,0,1.08,0.27,1.35,1.08,1.35,3.7,4,12,5,41.7,3.24,1.35,0.33,0.8,0,0,30,9.7,2,59,0,9,24,4,1.27,10,8,2,0.54,0.95,0,2,5,2,10,2,2,,,0,,,,,,,,,,,,,,,
ITA-Serie A,2324,Monza,Danilo D'Ambrosio,ITA,DF,34,1988,24,16,1536,17.1,0,0,0,0,0,0,5,1,0.0,0.0,0.0,0.0,0.0,17.1,0,14,4,28.6,0.82,0.23,0.0,0.0,0,0,64,44.9,16,83,10,8,27,5,1.13,18,20,-2,-0.12,0.36,1,18,13,1,7,15,34,,,0,,,,,,,,,,,,,,,
ITA-Serie A,2324,Monza,Dany Mota,POR,"MF,FW",25,1998,34,24,2049,22.8,4,3,7,4,0,0,3,0,0.18,0.13,0.31,0.18,0.31,22.8,4,38,12,31.6,1.67,0.53,0.11,0.33,0,0,60,59.9,24,72,6,10,33,1,1.18,22,35,-13,-0.57,-0.64,0,22,28,6,90,2,7,,,0,,,,,,,,,,,,,,,
ITA-Serie A,2324,Monza,Davide Bettella,ITA,DF,23,2000,1,0,3,0.0,0,0,0,0,0,0,0,0,0.0,0.0,0.0,0.0,0.0,0.0,0,0,0,,0.0,0.0,,,0,0,3,0.1,0,,0,1,3,17,3.0,0,0,0,0.0,0.32,0,0,0,0,0,0,0,,,0,,,,,,,,,,,,,,,
ITA-Serie A,2324,Monza,Gianluca Caprari,ITA,"MF,FW",30,1993,6,4,285,3.2,0,0,0,0,0,0,0,0,0.0,0.0,0.0,0.0,0.0,3.2,0,8,0,0.0,2.53,0.0,0.0,,0,0,48,8.3,4,64,1,2,15,3,0.83,4,5,-1,-0.32,0.0,0,3,5,2,8,2,1,,,0,,,,,,,,,,,,,,,
ITA-Serie A,2324,Monza,Giorgio Cittadini,ITA,DF,21,2002,1,0,15,0.2,0,0,0,0,0,0,1,0,0.0,0.0,0.0,0.0,0.0,0.2,0,0,0,,0.0,0.0,,,0,0,15,0.4,0,,0,1,15,15,1.0,0,0,0,0.0,0.32,0,1,1,0,0,0,1,,,0,,,,,,,,,,,,,,,
ITA-Serie A,2324,Monza,Giorgos Kyriakopoulos,GRE,"MF,DF",27,1996,28,20,1712,19.0,0,3,3,0,0,0,3,0,0.0,0.16,0.16,0.0,0.16,19.0,0,24,2,8.3,1.26,0.11,0.0,0.0,0,0,61,50.1,20,76,8,8,24,10,0.96,18,25,-7,-0.37,-0.1,0,15,14,2,84,12,10,,,0,,,,,,,,,,,,,,,
ITA-Serie A,2324,Monza,Giulio Donati,ITA,DF,33,1990,4,0,36,0.4,0,0,0,0,0,0,2,0,0.0,0.0,0.0,0.0,0.0,0.4,0,1,1,100.0,2.5,2.5,0.0,0.0,0,0,9,1.1,0,,0,4,9,28,0.8,5,6,-1,-2.5,-2.21,0,1,0,0,4,0,0,,,0,,,,,,,,,,,,,,,
ITA-Serie A,2324,Monza,Jean-Daniel Akpa-Akpro,CIV,"MF,DF",30,1992,19,8,705,7.8,0,0,0,0,0,0,5,0,0.0,0.0,0.0,0.0,0.0,7.8,0,7,3,42.9,0.89,0.38,0.0,0.0,0,0,37,20.6,8,67,1,11,15,15,1.37,9,10,-1,-0.13,0.24,0,15,5,0,1,9,13,,,0,,,,,,,,,,,,,,,
ITA-Serie A,2324,Monza,Lorenzo Colombo,ITA,FW,21,2002,25,16,1359,15.1,4,1,5,4,0,0,3,0,0.26,0.07,0.33,0.26,0.33,15.1,4,37,10,27.0,2.45,0.66,0.11,0.4,0,0,54,39.7,16,70,3,9,26,11,1.24,16,15,1,0.07,0.63,0,25,24,6,2,0,11,,,0,,,,,,,,,,,,,,,
ITA-Serie A,2324,Monza,Luca Caldirola,ITA,DF,32,1991,29,23,2141,23.8,1,1,2,1,0,0,7,1,0.04,0.04,0.08,0.04,0.08,23.8,1,9,2,22.2,0.38,0.08,0.11,0.5,0,0,74,62.6,23,87,19,6,22,7,1.1,25,37,-12,-0.5,-0.5,1,24,17,1,4,25,14,,,0,,,,,,,,,,,,,,,
ITA-Serie A,2324,Monza,Matteo Pessina,ITA,MF,26,1997,37,37,3222,35.8,6,3,9,2,4,5,5,1,0.17,0.08,0.25,0.06,0.14,35.8,6,27,13,48.1,0.75,0.36,0.22,0.46,4,5,87,94.2,37,87,30,0,,0,1.22,36,44,-8,-0.22,1.59,1,29,45,1,20,27,25,,,0,,,,,,,,,,,,,,,
ITA-Serie A,2324,Monza,Michele Di Gregorio,ITA,GK,26,1997,33,33,2872,31.9,0,0,0,0,0,0,0,0,0.0,0.0,0.0,0.0,0.0,31.9,0,0,0,,0.0,0.0,,,0,0,87,84.0,33,87,31,0,,1,1.33,31,35,-4,-0.13,1.19,0,0,4,0,0,2,0,,,0,35,1.1,155,124,77.4,11,11,11,12,36.4,5,3,2,0,40.0
ITA-Serie A,2324,Monza,Milan Đurić,BIH,FW,33,1990,17,13,1257,14.0,4,1,5,4,0,0,2,0,0.29,0.07,0.36,0.29,0.36,14.0,4,26,6,23.1,1.86,0.43,0.15,0.67,0,0,74,36.8,13,86,9,4,35,0,1.18,14,20,-6,-0.43,-0.18,0,23,26,1,1,0,4,,,0,,,,,,,,,,,,,,,
ITA-Serie A,2324,Monza,Mirko Marić,CRO,FW,28,1995,10,1,287,3.2,1,0,1,1,0,0,0,1,0.31,0.0,0.31,0.31,0.31,3.2,1,7,2,28.6,2.2,0.63,0.14,0.5,0,0,29,8.4,1,59,0,9,25,9,1.09,2,3,-1,-0.31,0.0,0,4,5,3,1,2,1,,,0,,,,,,,,,,,,,,,
ITA-Serie A,2324,Monza,Pablo Marí,ESP,DF,29,1993,34,30,2615,29.1,0,0,0,0,0,0,7,0,0.0,0.0,0.0,0.0,0.0,29.1,0,8,2,25.0,0.28,0.07,0.0,0.0,0,0,77,76.5,30,84,24,4,21,0,1.18,29,39,-10,-0.34,-0.12,0,37,9,0,4,37,26,,,0,,,,,,,,,,,,,,,
ITA-Serie A,2324,Monza,Papu Gómez,ARG,"FW,MF",35,1988,2,0,41,0.5,0,0,0,0,0,0,0,0,0.0,0.0,0.0,0.0,0.0,0.5,0,0,0,,0.0,0.0,,,0,0,21,1.2,0,,0,2,21,0,3.0,1,0,1,2.2,2.54,0,0,0,0,5,1,0,,,0,,,,,,,,,,,,,,,
ITA-Serie A,2324,Monza,Patrick Ciurria,ITA,MF,28,1995,22,18,1598,17.8,0,1,1,0,0,0,2,0,0.0,0.06,0.06,0.0,0.06,17.8,0,28,7,25.0,1.58,0.39,0.0,0.0,0,0,73,46.7,18,80,10,4,38,7,1.32,16,20,-4,-0.23,0.17,0,29,14,4,53,9,20,,,0,,,,,,,,,,,,,,,
ITA-Serie A,2324,Monza,Pedro Pereira,POR,"MF,DF",25,1998,23,9,841,9.3,0,2,2,0,0,0,3,0,0.0,0.21,0.21,0.0,0.21,9.3,0,3,0,0.0,0.32,0.0,0.0,,0,0,37,24.6,9,65,2,14,18,15,1.04,8,17,-9,-0.96,-0.86,0,11,3,1,37,4,13,,,0,,,,,,,,,,,,,,,
ITA-Serie A,2324,Monza,Pepín,EQG,MF,26,1996,10,2,241,2.7,0,0,0,0,0,0,2,0,0.0,0.0,0.0,0.0,0.0,2.7,0,5,0,0.0,1.87,0.0,0.0,,0,0,24,7.0,2,45,0,8,19,16,1.2,2,2,0,0.0,0.34,0,2,6,0,4,0,1,,,0,,,,,,,,,,,,,,,
ITA-Serie A,2324,Monza,Roberto Gagliardini,ITA,"MF,DF",29,1994,33,29,2360,26.2,1,2,3,1,0,0,5,0,0.04,0.08,0.11,0.04,0.11,26.2,1,36,9,25.0,1.37,0.34,0.03,0.11,0,0,72,69.0,29,79,18,4,21,2,1.12,28,38,-10,-0.38,-0.21,0,26,21,1,9,30,29,,,0,,,,,,,,,,,,,,,
ITA-Serie A,2324,Monza,Samuele Birindelli,ITA,"MF,DF",24,1999,35,22,2013,22.4,0,2,2,0,0,0,7,0,0.0,0.09,0.09,0.0,0.09,22.4,0,25,9,36.0,1.12,0.4,0.0,0.0,0,0,58,58.9,22,76,8,13,25,2,1.2,25,33,-8,-0.36,-0.1,0,30,32,1,55,16,20,,,0,,,,,,,,,,,,,,,
ITA-Serie A,2324,Monza,Samuele Vignato,ITA,MF,19,2004,10,3,343,3.8,1,0,1,1,0,0,2,0,0.26,0.0,0.26,0.26,0.26,3.8,1,7,4,57.1,1.84,1.05,0.14,0.25,0,0,34,10.0,3,65,0,7,21,12,1.5,4,2,2,0.52,0.93,0,4,4,1,8,1,4,,,0,,,,,,,,,,,,,,,
ITA-Serie A,2324,Monza,Valentin Carboni,ARG,MF,18,2005,31,10,1169,13.0,2,3,5,2,0,0,2,0,0.15,0.23,0.38,0.15,0.38,13.0,2,23,7,30.4,1.77,0.54,0.09,0.29,0,0,38,34.2,10,70,2,21,22,6,1.16,14,20,-6,-0.46,-0.22,0,21,20,3,14,7,13,,,0,,,,,,,,,,,,,,,
ITA-Serie A,2324,Monza,Warren Bondo,FRA,MF,19,2003,25,14,1475,16.4,1,1,2,1,0,0,9,0,0.06,0.06,0.12,0.06,0.12,16.4,1,17,4,23.5,1.04,0.24,0.06,0.25,0,0,59,43.1,14,79,8,11,34,11,1.28,20,27,-7,-0.43,-0.2,0,31,19,0,2,6,23,,,0,,,,,,,,,,,,,,,
ITA-Serie A,2324,Napoli,Alessandro Zanoli,ITA,MF,22,2000,4,0,52,0.6,0,0,0,0,0,0,1,0,0.0,0.0,0.0,0.0,0.0,0.6,0,0,0,,0.0,0.0,,,0,0,13,1.5,0,,0,4,13,15,1.75,0,0,0,0.0,-0.19,0,3,0,0,2,1,1,,,0,,,,,,,,,,,,,,,
ITA-Serie A,2324,Napoli,Alessio Zerbin,ITA,FW,24,1999,7,1,150,1.7,0,0,0,0,0,0,0,0,0.0,0.0,0.0,0.0,0.0,1.7,0,3,1,33.3,1.8,0.6,0.0,0.0,0,0,21,4.4,1,70,0,6,13,13,1.14,1,2,-1,-0.6,-0.82,0,7,4,0,7,0,2,,,0,,,,,,,,,,,,,,,
ITA-Serie A,2324,Napoli,Alex Meret,ITA,GK,26,1997,31,31,2773,30.8,0,0,0,0,0,0,0,0,0.0,0.0,0.0,0.0,0.0,30.8,0,0,0,,0.0,0.0,,,0,0,89,81.1,31,89,30,0,,1,1.39,49,40,9,0.29,0.57,0,0,3,0,0,0,0,,,0,40,1.3,102,62,60.8,10,13,8,5,16.1,4,2,2,0,50.0
ITA-Serie A,2324,Napoli,Amir Rrahmani,KVX,DF,29,1994,30,30,2600,28.9,3,0,3,3,0,0,5,0,0.1,0.0,0.1,0.1,0.1,28.9,3,25,8,32.0,0.87,0.28,0.12,0.38,0,0,87,76.0,30,87,27,0,,3,1.43,39,39,0,0.0,-0.77,0,19,7,2,4,19,27,,,0,,,,,,,,,,,,,,,
ITA-Serie A,2324,Napoli,Cyril Ngonge,BEL,FW,23,2000,13,1,315,3.5,1,0,1,1,0,0,2,0,0.29,0.0,0.29,0.29,0.29,3.5,1,17,5,29.4,4.86,1.43,0.06,0.2,0,0,24,9.2,1,54,0,12,22,0,1.0,5,5,0,0.0,-0.2,0,2,10,1,21,0,3,,,0,,,,,,,,,,,,,,,
ITA-Serie A,2324,Napoli,Diego Demme,GER,MF,31,1991,2,1,73,0.8,0,0,0,0,0,0,1,0,0.0,0.0,0.0,0.0,0.0,0.8,0,0,0,,0.0,0.0,,,0,0,37,2.1,1,59,0,1,14,13,2.0,1,0,1,1.23,1.07,0,1,2,0,3,0,1,,,0,,,,,,,,,,,,,,,
ITA-Serie A,2324,Napoli,Elif Elmas,MKD,"MF,FW",23,1999,11,4,339,3.8,2,0,2,2,0,0,2,0,0.53,0.0,0.53,0.53,0.53,3.8,2,6,6,100.0,1.59,1.59,0.33,0.33,0,0,31,9.9,4,54,0,7,17,3,1.64,3,5,-2,-0.53,-0.79,0,7,6,1,6,1,3,,,0,,,,,,,,,,,,,,,
ITA-Serie A,2324,Napoli,Frank Anguissa,CMR,MF,27,1995,34,32,2786,31.0,0,2,2,0,0,0,2,0,0.0,0.06,0.06,0.0,0.06,31.0,0,33,6,18.2,1.07,0.19,0.0,0.0,0,0,82,81.5,32,85,24,2,30,0,1.35,43,36,7,0.23,0.23,0,41,38,4,21,28,35,,,0,,,,,,,,,,,,,,,
ITA-Serie A,2324,Napoli,Giacomo Raspadori,ITA,FW,23,2000,37,14,1584,17.6,5,3,8,5,0,1,0,0,0.28,0.17,0.45,0.28,0.45,17.6,5,61,24,39.3,3.47,1.36,0.08,0.21,0,1,43,46.3,14,74,4,23,24,0,1.41,25,18,7,0.4,0.4,0,17,19,5,64,4,11,,,0,,,,,,,,,,,,,,,
ITA-Serie A,2324,Napoli,Gianluca Gaetano,ITA,MF,23,2000,9,1,161,1.8,1,0,1,1,0,0,1,0,0.56,0.0,0.56,0.56,0.56,1.8,1,8,4,50.0,4.47,2.24,0.13,0.25,0,0,18,4.7,1,55,0,8,13,10,1.56,3,3,0,0.0,-0.19,0,3,1,0,3,1,1,,,0,,,,,,,,,,,,,,,
ITA-Serie A,2324,Napoli,Giovanni Di Lorenzo,ITA,DF,29,1993,36,36,3234,35.9,1,6,7,1,0,0,6,0,0.03,0.17,0.19,0.03,0.19,35.9,1,38,7,18.4,1.06,0.19,0.03,0.14,0,0,90,94.6,36,90,35,0,,0,1.42,52,45,7,0.19,0.19,0,28,37,5,125,22,36,,,0,,,,,,,,,,,,,,,
ITA-Serie A,2324,Napoli,Giovanni Simeone,ARG,FW,28,1995,28,8,800,8.9,1,0,1,1,0,0,3,0,0.11,0.0,0.11,0.11,0.11,8.9,1,35,12,34.3,3.94,1.35,0.03,0.08,0,0,29,23.4,8,65,1,20,14,9,1.32,12,12,0,0.0,-0.24,0,11,13,6,6,1,4,,,0,,,,,,,,,,,,,,,
ITA-Serie A,2324,Napoli,Hamed Junior Traorè,CIV,MF,23,2000,9,5,382,4.2,0,0,0,0,0,0,1,0,0.0,0.0,0.0,0.0,0.0,4.2,0,10,3,30.0,2.36,0.71,0.0,0.0,0,0,42,11.2,5,62,0,4,18,8,1.22,8,7,1,0.24,0.06,0,4,7,1,7,1,2,,,0,,,,,,,,,,,,,,,
ITA-Serie A,2324,Napoli,Jens Cajuste,SWE,MF,23,1999,26,11,1016,11.3,0,2,2,0,0,0,7,0,0.0,0.18,0.18,0.0,0.18,11.3,0,16,3,18.8,1.42,0.27,0.0,0.0,0,0,39,29.7,11,70,2,15,16,8,1.62,18,18,0,0.0,-0.26,0,29,11,1,6,3,22,,,0,,,,,,,,,,,,,,,
ITA-Serie A,2324,Napoli,Jesper Lindstrøm,DEN,FW,23,2000,22,2,430,4.8,0,0,0,0,0,0,2,0,0.0,0.0,0.0,0.0,0.0,4.8,0,14,2,14.3,2.93,0.42,0.0,0.0,0,0,20,12.6,2,69,0,20,15,11,1.32,9,7,2,0.42,0.27,0,6,4,2,12,2,2,,,0,,,,,,,,,,,,,,,
ITA-Serie A,2324,Napoli,Juan Jesus,BRA,DF,32,1991,24,23,2116,23.5,1,0,1,1,0,0,7,0,0.04,0.0,0.04,0.04,0.04,23.5,1,8,2,25.0,0.34,0.09,0.13,0.5,0,0,88,61.9,23,90,20,1,52,6,1.33,27,29,-2,-0.09,-0.71,0,28,9,0,0,22,20,,,0,,,,,,,,,,,,,,,
ITA-Serie A,2324,Napoli,Khvicha Kvaratskhelia,GEO,FW,22,2001,34,32,2737,30.4,11,6,17,11,0,0,8,0,0.36,0.2,0.56,0.36,0.56,30.4,11,129,45,34.9,4.24,1.48,0.09,0.24,0,0,81,80.0,32,83,14,2,34,0,1.41,47,40,7,0.23,0.23,0,25,80,4,99,13,22,,,0,,,,,,,,,,,,,,,
ITA-Serie A,2324,Napoli,Leander Dendoncker,BEL,"DF,MF",28,1995,3,0,24,0.3,0,0,0,0,0,0,0,0,0.0,0.0,0.0,0.0,0.0,0.3,0,1,0,0.0,3.75,0.0,0.0,,0,0,8,0.7,0,,0,3,8,13,2.33,1,0,1,3.75,3.59,0,0,1,0,0,0,0,,,0,,,,,,,,,,,,,,,
ITA-Serie A,2324,Napoli,Leo Østigård,NOR,DF,23,1999,25,18,1625,18.1,1,0,1,1,0,0,3,0,0.06,0.0,0.06,0.06,0.06,18.1,1,7,1,14.3,0.39,0.06,0.14,1.0,0,0,65,47.5,18,85,16,7,14,11,1.38,29,22,7,0.39,0.39,0,12,12,1,2,15,11,,,0,,,,,,,,,,,,,,,
ITA-Serie A,2324,Napoli,Mathías Olivera,URU,DF,25,1997,23,18,1569,17.4,1,1,2,1,0,0,3,0,0.06,0.06,0.11,0.06,0.11,17.4,1,12,1,8.3,0.69,0.06,0.08,1.0,0,0,68,45.9,18,80,10,5,26,4,1.39,29,18,11,0.63,0.83,0,9,17,1,27,19,29,,,0,,,,,,,,,,,,,,,
ITA-Serie A,2324,Napoli,Matteo Politano,ITA,FW,29,1993,37,31,2360,26.2,8,7,15,6,2,3,2,1,0.31,0.27,0.57,0.23,0.5,26.2,8,75,19,25.3,2.86,0.72,0.11,0.42,2,3,64,69.0,31,70,1,6,34,0,1.41,38,34,4,0.15,-0.1,0,12,38,2,134,15,9,,,0,,,,,,,,,,,,,,,
ITA-Serie A,2324,Napoli,Mário Rui,POR,DF,32,1991,21,14,1205,13.4,0,2,2,0,0,0,7,1,0.0,0.15,0.15,0.0,0.15,13.4,0,5,2,40.0,0.37,0.15,0.0,0.0,0,0,57,35.2,14,75,5,7,22,10,1.52,22,19,3,0.22,0.06,1,16,28,1,62,16,15,,,0,,,,,,,,,,,,,,,
ITA-Serie A,2324,Napoli,Natan,BRA,DF,22,2001,14,11,952,10.6,0,0,0,0,0,0,3,1,0.0,0.0,0.0,0.0,0.0,10.6,0,6,1,16.7,0.57,0.09,0.0,0.0,0,0,68,27.8,11,80,5,3,26,19,1.5,17,15,2,0.19,0.01,1,13,6,0,5,8,11,,,0,,,,,,,,,,,,,,,
ITA-Serie A,2324,Napoli,Nikita Contini,ITA,GK,27,1996,1,0,17,0.2,0,0,0,0,0,0,0,0,0.0,0.0,0.0,0.0,0.0,0.2,0,0,0,,0.0,0.0,,,0,0,17,0.5,0,,0,1,17,34,1.0,0,0,0,0.0,-0.19,0,0,0,0,0,0,0,,,0,0,0.0,0,0,,0,0,0,1,,0,0,0,0,
ITA-Serie A,2324,Napoli,Pasquale Mazzocchi,ITA,"DF,MF",28,1995,10,4,428,4.8,0,1,1,0,0,0,0,1,0.0,0.21,0.21,0.0,0.21,4.8,0,5,1,20.0,1.05,0.21,0.0,0.0,0,0,43,12.5,4,78,1,6,19,9,0.8,5,5,0,0.0,-0.21,0,9,7,0,14,1,3,,,0,,,,,,,,,,,,,,,
ITA-Serie A,2324,Napoli,Pierluigi Gollini,ITA,GK,28,1995,7,7,630,7.0,0,0,0,0,0,0,0,0,0.0,0.0,0.0,0.0,0.0,7.0,0,1,0,0.0,0.14,0.0,0.0,,0,0,90,18.4,7,90,7,0,,22,1.43,6,8,-2,-0.29,-0.58,0,0,1,0,0,1,1,,,0,8,1.14,24,16,66.7,3,1,3,1,14.3,0,0,0,0,
ITA-Serie A,2324,Napoli,Piotr Zieliński,POL,MF,29,1994,28,23,1924,21.4,3,2,5,2,1,1,1,0,0.14,0.09,0.23,0.09,0.19,21.4,3,30,9,30.0,1.4,0.42,0.1,0.33,1,1,69,56.3,23,78,4,5,28,2,1.36,30,25,5,0.23,0.11,0,15,18,0,88,10,16,,,0,,,,,,,,,,,,,,,
ITA-Serie A,2324,Napoli,Stanislav Lobotka,SVK,MF,28,1994,38,38,3282,36.5,0,1,1,0,0,0,4,0,0.0,0.03,0.03,0.0,0.03,36.5,0,14,4,28.6,0.38,0.11,0.0,0.0,0,0,86,96.0,38,86,25,0,,0,1.39,50,44,6,0.16,-0.49,0,33,41,0,3,31,40,,,0,,,,,,,,,,,,,,,
ITA-Serie A,2324,Napoli,Victor Osimhen,NGA,FW,24,1998,25,22,1982,22.0,15,3,18,12,3,5,6,1,0.68,0.14,0.82,0.54,0.68,22.0,15,90,41,45.6,4.09,1.86,0.17,0.37,3,5,79,58.0,22,86,13,3,33,1,1.4,36,28,8,0.36,0.43,1,31,31,34,14,2,8,,,0,,,,,,,,,,,,,,,
ITA-Serie A,2324,Roma,Andrea Belotti,ITA,FW,29,1993,14,6,679,7.5,3,2,5,3,0,0,1,0,0.4,0.27,0.66,0.4,0.66,7.5,3,15,8,53.3,1.99,1.06,0.2,0.38,0,0,49,19.9,6,82,4,8,23,8,1.43,12,12,0,0.0,-0.62,0,14,25,8,4,1,4,,,0,,,,,,,,,,,,,,,
ITA-Serie A,2324,Roma,Angeliño,ESP,"DF,MF",26,1997,16,14,1141,12.7,0,1,1,0,0,0,2,0,0.0,0.08,0.08,0.0,0.08,12.7,0,8,2,25.0,0.63,0.16,0.0,0.0,0,0,71,33.4,14,76,5,2,42,0,1.75,22,16,6,0.47,-0.04,0,13,10,1,53,12,11,,,1,,,,,,,,,,,,,,,
ITA-Serie A,2324,Roma,Bryan Cristante,ITA,MF,28,1995,37,37,3289,36.5,3,4,7,3,0,0,8,0,0.08,0.11,0.19,0.08,0.19,36.5,3,54,9,16.7,1.48,0.25,0.06,0.33,0,0,89,96.2,37,89,34,0,,0,1.62,63,44,19,0.52,0.52,0,77,16,4,28,23,41,,,0,,,,,,,,,,,,,,,
ITA-Serie A,2324,Roma,Chris Smalling,ENG,DF,33,1989,8,4,390,4.3,0,0,0,0,0,0,0,0,0.0,0.0,0.0,0.0,0.0,4.3,0,1,1,100.0,0.23,0.23,0.0,0.0,0,0,49,11.4,4,80,2,4,17,7,2.0,8,8,0,0.0,-0.56,0,1,3,0,1,3,1,,,0,,,,,,,,,,,,,,,
ITA-Serie A,2324,Roma,Dean Huijsen,ESP,DF,18,2005,13,4,509,5.7,2,0,2,2,0,0,4,0,0.35,0.0,0.35,0.35,0.35,5.7,2,6,2,33.3,1.06,0.35,0.33,1.0,0,0,39,14.9,4,69,2,9,26,7,2.08,9,10,-1,-0.18,-0.8,0,10,2,0,1,3,5,,,1,,,,,,,,,,,,,,,
ITA-Serie A,2324,Roma,Diego Llorente,ESP,DF,29,1993,29,27,2170,24.1,1,1,2,1,0,0,5,0,0.04,0.04,0.08,0.04,0.08,24.1,1,9,4,44.4,0.37,0.17,0.11,0.25,0,0,75,63.5,27,78,20,2,32,5,1.69,41,27,14,0.58,0.22,0,26,23,0,6,22,19,,,0,,,,,,,,,,,,,,,
ITA-Serie A,2324,Roma,Edoardo Bove,ITA,MF,21,2002,31,18,1780,19.8,0,2,2,0,0,0,2,0,0.0,0.1,0.1,0.0,0.1,19.8,0,19,6,31.6,0.96,0.3,0.0,0.0,0,0,57,52.0,18,78,9,13,29,7,1.68,30,21,9,0.46,-0.09,0,31,37,1,8,10,31,,,0,,,,,,,,,,,,,,,
ITA-Serie A,2324,Roma,Gianluca Mancini,ITA,DF,27,1996,36,34,2869,31.9,4,1,5,4,0,0,9,0,0.13,0.03,0.16,0.13,0.16,31.9,4,19,7,36.8,0.6,0.22,0.21,0.57,0,0,80,83.9,34,84,26,2,15,1,1.64,51,37,14,0.44,-0.38,0,49,31,0,24,34,19,,,0,,,,,,,,,,,,,,,
ITA-Serie A,2324,Roma,Houssem Aouar,ALG,"MF,FW",25,1998,16,9,756,8.4,4,0,4,4,0,0,3,0,0.48,0.0,0.48,0.48,0.48,8.4,4,12,7,58.3,1.43,0.83,0.33,0.57,0,0,47,22.1,9,70,2,7,18,14,1.69,12,9,3,0.36,-0.18,0,10,11,3,10,4,11,,,0,,,,,,,,,,,,,,,
ITA-Serie A,2324,Roma,João Costa,BRA,MF,18,2005,3,0,14,0.2,0,0,0,0,0,0,1,0,0.0,0.0,0.0,0.0,0.0,0.2,0,0,0,,0.0,0.0,,,0,0,5,0.4,0,,0,3,5,17,0.0,0,1,-1,-6.43,-6.96,0,2,0,0,1,0,0,,,0,,,,,,,,,,,,,,,
ITA-Serie A,2324,Roma,Leandro Paredes,ARG,MF,29,1994,34,32,2634,29.3,3,5,8,0,3,3,15,1,0.1,0.17,0.27,0.0,0.17,29.3,3,32,6,18.8,1.09,0.21,0.09,0.5,3,3,77,77.0,32,81,17,2,22,0,1.65,42,34,8,0.27,-0.99,0,30,35,0,82,27,35,,,0,,,,,,,,,,,,,,,
ITA-Serie A,2324,Roma,Leonardo Spinazzola,ITA,"MF,DF",30,1993,24,15,1312,14.6,1,2,3,1,0,0,0,0,0.07,0.14,0.21,0.07,0.21,14.6,1,8,3,37.5,0.55,0.21,0.13,0.33,0,0,55,38.4,15,72,4,9,27,6,1.63,27,18,9,0.62,0.19,0,8,6,1,83,3,7,,,0,,,,,,,,,,,,,,,
ITA-Serie A,2324,Roma,Lorenzo Pellegrini,ITA,MF,27,1996,29,20,1859,20.7,8,3,11,7,1,1,7,0,0.39,0.15,0.53,0.34,0.48,20.7,8,47,20,42.6,2.28,0.97,0.17,0.4,1,1,64,54.4,20,79,7,9,30,2,1.62,38,28,10,0.48,-0.03,0,26,35,3,76,20,20,,,0,,,,,,,,,,,,,,,
ITA-Serie A,2324,Roma,Mile Svilar,SRB,GK,23,1999,15,15,1350,15.0,0,0,0,0,0,0,1,0,0.0,0.0,0.0,0.0,0.0,15.0,0,0,0,,0.0,0.0,,,0,0,90,39.5,15,90,15,0,,23,1.67,24,19,5,0.33,-0.28,0,0,4,0,0,0,0,,,0,19,1.27,77,59,75.3,7,4,4,5,33.3,2,1,1,0,50.0
ITA-Serie A,2324,Roma,Niccolò Pisilli,ITA,MF,18,2004,1,0,10,0.1,0,0,0,0,0,0,0,0,0.0,0.0,0.0,0.0,0.0,0.1,0,0,0,,0.0,0.0,,,0,0,10,0.3,0,,0,1,10,22,0.0,0,0,0,0.0,-0.5,0,0,0,0,0,0,0,,,0,,,,,,,,,,,,,,,
ITA-Serie A,2324,Roma,Nicola Zalewski,POL,"MF,FW",21,2002,22,10,968,10.8,0,1,1,0,0,0,3,1,0.0,0.09,0.09,0.0,0.09,10.8,0,16,1,6.3,1.49,0.09,0.0,0.0,0,0,44,28.3,10,70,1,12,22,15,1.41,13,12,1,0.09,-0.57,1,14,27,1,38,8,13,,,0,,,,,,,,,,,,,,,
ITA-Serie A,2324,Roma,Obite N'Dicka,CIV,DF,23,1999,25,25,2168,24.1,0,3,3,0,0,0,6,0,0.0,0.12,0.12,0.0,0.12,24.1,0,9,1,11.1,0.37,0.04,0.0,0.0,0,0,87,63.4,25,87,22,0,,4,1.72,41,27,14,0.58,0.22,0,26,16,0,11,15,18,,,0,,,,,,,,,,,,,,,
ITA-Serie A,2324,Roma,Ola Solbakken,NOR,FW,24,1998,1,0,23,0.3,0,0,0,0,0,0,0,0,0.0,0.0,0.0,0.0,0.0,0.3,0,0,0,,0.0,0.0,,,0,0,23,0.7,0,,0,1,23,1,0.0,0,0,0,0.0,-0.5,0,0,0,0,1,0,0,,,0,,,,,,,,,,,,,,,
ITA-Serie A,2324,Roma,Paulo Dybala,ARG,"FW,MF",29,1993,28,25,1959,21.8,13,9,22,6,7,7,3,0,0.6,0.41,1.01,0.28,0.69,21.8,13,59,23,39.0,2.71,1.06,0.22,0.57,7,7,70,57.3,25,75,7,3,24,1,1.79,45,27,18,0.83,0.77,0,12,50,5,88,3,13,,,0,,,,,,,,,,,,,,,
ITA-Serie A,2324,Roma,Rasmus Kristensen,DEN,"MF,DF",26,1997,29,19,1744,19.4,1,1,2,1,0,0,5,0,0.05,0.05,0.1,0.05,0.1,19.4,1,9,3,33.3,0.46,0.15,0.11,0.33,0,0,60,51.0,19,80,12,10,22,6,1.79,30,28,2,0.1,-0.81,0,14,8,1,43,7,18,,,1,,,,,,,,,,,,,,,
ITA-Serie A,2324,Roma,Renato Sanches,POR,MF,25,1997,7,1,146,1.6,1,0,1,1,0,0,2,0,0.62,0.0,0.62,0.62,0.62,1.6,1,2,1,50.0,1.23,0.62,0.5,1.0,0,0,21,4.3,1,45,0,6,17,12,1.71,7,4,3,1.85,1.41,0,6,3,0,4,0,1,,,0,,,,,,,,,,,,,,,
ITA-Serie A,2324,Roma,Riccardo Pagano,ITA,MF,18,2004,4,0,51,0.6,0,0,0,0,0,0,0,0,0.0,0.0,0.0,0.0,0.0,0.6,0,1,0,0.0,1.76,0.0,0.0,,0,0,13,1.5,0,,0,4,13,19,1.75,4,1,3,5.29,4.87,0,3,0,0,1,0,2,,,0,,,,,,,,,,,,,,,
ITA-Serie A,2324,Roma,Rick Karsdorp,NED,"MF,DF",28,1995,18,14,1191,13.2,0,2,2,0,0,0,2,0,0.0,0.15,0.15,0.0,0.15,13.2,0,8,1,12.5,0.6,0.08,0.0,0.0,0,0,66,34.8,14,76,4,4,31,16,2.06,21,11,10,0.76,0.39,0,9,9,0,28,9,18,,,0,,,,,,,,,,,,,,,
ITA-Serie A,2324,Roma,Romelu Lukaku,BEL,FW,30,1993,32,30,2641,29.3,13,3,16,13,0,1,5,1,0.44,0.1,0.55,0.44,0.55,29.3,13,65,28,43.1,2.22,0.95,0.2,0.46,0,1,83,77.2,30,87,23,2,23,0,1.91,52,30,22,0.75,1.1,0,24,17,25,13,0,6,,,0,,,,,,,,,,,,,,,
ITA-Serie A,2324,Roma,Rui Patrício,POR,GK,35,1988,23,23,2070,23.0,0,0,0,0,0,0,1,0,0.0,0.0,0.0,0.0,0.0,23.0,0,0,0,,0.0,0.0,,,0,0,90,60.5,23,90,23,0,,15,1.65,41,27,14,0.61,0.28,0,1,1,0,0,0,0,,,0,27,1.17,76,49,64.5,11,5,7,6,26.1,3,2,0,1,0.0
ITA-Serie A,2324,Roma,Sardar Azmoun,IRN,"FW,MF",28,1995,23,3,585,6.5,3,0,3,3,0,0,4,0,0.46,0.0,0.46,0.46,0.46,6.5,3,16,7,43.8,2.46,1.08,0.19,0.43,0,0,25,17.1,3,74,1,20,18,6,1.61,18,6,12,1.85,1.62,0,8,11,2,2,3,5,,,0,,,,,,,,,,,,,,,
ITA-Serie A,2324,Roma,Stephan El Shaarawy,ITA,"FW,MF",30,1992,33,19,1738,19.3,3,4,7,3,0,0,2,0,0.16,0.21,0.36,0.16,0.36,19.3,3,40,11,27.5,2.07,0.57,0.08,0.27,0,0,53,50.8,19,76,5,14,20,5,1.58,36,26,10,0.52,0.04,0,14,28,8,18,14,13,,,0,,,,,,,,,,,,,,,
ITA-Serie A,2324,Roma,Tammy Abraham,ENG,FW,25,1997,8,2,242,2.7,1,0,1,1,0,0,1,0,0.37,0.0,0.37,0.37,0.37,2.7,1,4,2,50.0,1.49,0.74,0.25,0.5,0,0,30,7.1,2,60,0,6,20,1,1.38,4,4,0,0.0,-0.54,0,6,5,2,2,0,1,,,0,,,,,,,,,,,,,,,
ITA-Serie A,2324,Roma,Tommaso Baldanzi,ITA,"MF,FW",20,2003,13,6,518,5.8,0,0,0,0,0,0,2,0,0.0,0.0,0.0,0.0,0.0,5.8,0,15,3,20.0,2.61,0.52,0.0,0.0,0,0,40,15.1,6,68,0,7,16,3,1.69,8,6,2,0.35,-0.18,0,7,14,1,5,0,5,,,0,,,,,,,,,,,,,,,
ITA-Serie A,2324,Roma,Zeki Çelik,TUR,"DF,MF",26,1997,17,6,671,7.5,0,0,0,0,0,0,1,0,0.0,0.0,0.0,0.0,0.0,7.5,0,2,1,50.0,0.27,0.13,0.0,0.0,0,0,39,19.6,6,78,3,11,19,21,1.59,12,11,1,0.13,-0.46,0,14,3,0,20,8,15,,,0,,,,,,,,,,,,,,,
ITA-Serie A,2324,Salernitana,Agustín Martegani,ARG,MF,23,2000,18,6,731,8.1,1,0,1,1,0,0,1,0,0.12,0.0,0.12,0.12,0.12,8.1,1,15,4,26.7,1.85,0.49,0.07,0.25,0,0,41,21.4,6,73,1,12,25,16,0.28,8,21,-13,-1.6,-0.4,0,10,14,0,1,4,7,,,0,,,,,,,,,,,,,,,
ITA-Serie A,2324,Salernitana,Alessandro Zanoli,ITA,"MF,DF",22,2000,17,10,921,10.2,0,2,2,0,0,0,3,0,0.0,0.2,0.2,0.0,0.2,10.2,0,3,1,33.3,0.29,0.1,0.0,0.0,0,0,54,26.9,10,77,3,7,22,1,0.29,9,20,-11,-1.07,0.29,0,5,4,1,30,2,12,,,1,,,,,,,,,,,,,,,
ITA-Serie A,2324,Salernitana,Andres Sfait,ROU,MF,18,2004,2,0,23,0.3,0,0,0,0,0,0,0,0,0.0,0.0,0.0,0.0,0.0,0.3,0,0,0,,0.0,0.0,,,0,0,12,0.7,0,,0,2,12,16,0.5,2,0,2,7.83,9.18,0,0,0,0,1,0,1,,,0,,,,,,,,,,,,,,,
ITA-Serie A,2324,Salernitana,Antonio Candreva,ITA,MF,36,1987,34,32,2750,30.6,6,6,12,5,1,1,5,0,0.2,0.2,0.39,0.16,0.36,30.6,6,65,21,32.3,2.13,0.69,0.09,0.29,1,1,81,80.4,32,83,22,2,40,0,0.47,23,60,-37,-1.21,0.4,0,11,43,21,219,7,13,,,0,,,,,,,,,,,,,,,
ITA-Serie A,2324,Salernitana,Benoît Costil,FRA,GK,36,1987,13,13,1170,13.0,0,0,0,0,0,0,0,0,0.0,0.0,0.0,0.0,0.0,13.0,0,0,0,,0.0,0.0,,,0,0,90,34.2,13,90,13,0,,25,0.69,13,29,-16,-1.23,0.09,0,0,1,0,1,0,1,,,0,29,2.23,68,39,57.4,2,3,8,1,7.7,3,3,0,0,0.0
ITA-Serie A,2324,Salernitana,Boulaye Dia,SEN,"FW,MF",26,1996,17,12,1143,12.7,4,0,4,3,1,1,1,0,0.31,0.0,0.31,0.24,0.24,12.7,4,29,10,34.5,2.28,0.79,0.14,0.4,1,1,67,33.4,12,83,8,5,29,1,0.35,9,30,-21,-1.65,-0.55,0,11,24,3,1,3,2,,,0,,,,,,,,,,,,,,,
ITA-Serie A,2324,Salernitana,Chukwubuikem Ikwuemesi,NGA,FW,21,2001,25,11,1061,11.8,1,1,2,1,0,0,2,0,0.08,0.08,0.17,0.08,0.17,11.8,1,22,8,36.4,1.87,0.68,0.05,0.13,0,0,42,31.0,11,71,2,14,20,6,0.56,11,26,-15,-1.27,0.02,0,35,20,9,2,1,1,,,0,,,,,,,,,,,,,,,
ITA-Serie A,2324,Salernitana,Domagoj Bradarić,CRO,"MF,DF",23,1999,34,30,2749,30.5,0,3,3,0,0,0,5,0,0.0,0.1,0.1,0.0,0.1,30.5,0,19,4,21.1,0.62,0.13,0.0,0.0,0,0,81,80.4,30,87,25,4,38,0,0.44,24,65,-41,-1.34,-0.27,0,14,34,0,81,31,21,,,0,,,,,,,,,,,,,,,
ITA-Serie A,2324,Salernitana,Dylan Bronn,TUN,DF,28,1995,4,0,52,0.6,0,0,0,0,0,0,0,0,0.0,0.0,0.0,0.0,0.0,0.6,0,1,0,0.0,1.73,0.0,0.0,,0,0,13,1.5,0,,0,4,13,13,1.0,0,4,-4,-6.92,-5.72,0,0,2,0,0,0,0,,,0,,,,,,,,,,,,,,,
ITA-Serie A,2324,Salernitana,Emanuel Vignato,ITA,"MF,FW",22,2000,9,3,311,3.5,0,1,1,0,0,0,1,0,0.0,0.29,0.29,0.0,0.29,3.5,0,1,0,0.0,0.29,0.0,0.0,,0,0,35,9.1,3,69,0,6,18,7,0.44,7,6,1,0.29,1.74,0,3,1,1,2,1,7,,,0,,,,,,,,,,,,,,,
ITA-Serie A,2324,Salernitana,Emil Bohinen,NOR,MF,24,1999,12,7,535,5.9,0,0,0,0,0,0,1,0,0.0,0.0,0.0,0.0,0.0,5.9,0,4,0,0.0,0.67,0.0,0.0,,0,0,45,15.6,7,57,0,5,28,5,0.5,3,14,-11,-1.85,-0.67,0,5,6,0,2,14,6,,,0,,,,,,,,,,,,,,,
ITA-Serie A,2324,Salernitana,Erik Botheim,NOR,"FW,MF",23,2000,7,4,316,3.5,0,0,0,0,0,0,1,0,0.0,0.0,0.0,0.0,0.0,3.5,0,1,0,0.0,0.28,0.0,0.0,,0,0,45,9.2,4,64,0,3,21,14,0.43,2,7,-5,-1.42,-0.15,0,2,11,0,1,0,0,,,0,,,,,,,,,,,,,,,
ITA-Serie A,2324,Salernitana,Federico Fazio,ARG,DF,36,1987,17,15,1355,15.1,1,0,1,1,0,0,3,1,0.07,0.0,0.07,0.07,0.07,15.1,1,8,2,25.0,0.53,0.13,0.13,0.5,0,0,80,39.6,15,87,12,2,27,8,0.61,15,31,-16,-1.06,0.38,0,8,9,0,0,17,11,,,0,,,,,,,,,,,,,,,
ITA-Serie A,2324,Salernitana,Flavius Daniliuc,AUT,DF,22,2001,14,8,744,8.3,0,0,0,0,0,0,2,0,0.0,0.0,0.0,0.0,0.0,8.3,0,2,0,0.0,0.24,0.0,0.0,,0,0,53,21.8,8,76,4,6,22,3,0.36,7,19,-12,-1.45,-0.21,0,14,4,0,1,8,11,,,0,,,,,,,,,,,,,,,
ITA-Serie A,2324,Salernitana,Gerardo Fusco,ITA,FW,18,2005,1,0,15,0.2,0,0,0,0,0,0,0,0,0.0,0.0,0.0,0.0,0.0,0.2,0,0,0,,0.0,0.0,,,0,0,15,0.4,0,,0,1,15,2,0.0,1,0,1,6.0,7.32,0,0,0,0,1,0,0,,,0,,,,,,,,,,,,,,,
ITA-Serie A,2324,Salernitana,Giulio Maggiore,ITA,MF,25,1998,27,20,1800,20.0,4,2,6,4,0,0,9,1,0.2,0.1,0.3,0.2,0.3,20.0,4,23,10,43.5,1.15,0.5,0.17,0.4,0,0,67,52.6,20,78,8,7,35,3,0.52,22,36,-14,-0.7,1.24,1,39,36,1,3,22,26,,,0,,,,,,,,,,,,,,,
ITA-Serie A,2324,Salernitana,Grigoris Kastanos,CYP,MF,25,1998,26,18,1480,16.4,3,3,6,3,0,0,5,0,0.18,0.18,0.36,0.18,0.36,16.4,3,30,10,33.3,1.82,0.61,0.1,0.3,0,0,57,43.3,18,73,3,8,20,3,0.54,12,31,-19,-1.16,0.24,0,18,44,3,38,6,14,,,0,,,,,,,,,,,,,,,
ITA-Serie A,2324,Salernitana,Guillermo Ochoa,MEX,GK,38,1985,21,21,1890,21.0,0,0,0,0,0,0,0,0,0.0,0.0,0.0,0.0,0.0,21.0,0,0,0,,0.0,0.0,,,0,0,90,55.3,21,90,21,0,,4,0.29,13,44,-31,-1.48,-0.42,0,0,0,0,0,0,0,,,0,44,2.1,112,74,60.7,0,6,15,1,4.8,7,7,0,0,0.0
ITA-Serie A,2324,Salernitana,Iron Gomis,FRA,MF,23,1999,5,1,134,1.5,0,0,0,0,0,0,0,0,0.0,0.0,0.0,0.0,0.0,1.5,0,3,1,33.3,2.01,0.67,0.0,0.0,0,0,27,3.9,1,45,0,4,22,7,0.4,0,4,-4,-2.69,-1.45,0,2,2,1,1,2,1,,,0,,,,,,,,,,,,,,,
ITA-Serie A,2324,Salernitana,Jovane Cabral,CPV,"MF,FW",25,1998,12,8,678,7.5,1,0,1,1,0,0,1,0,0.13,0.0,0.13,0.13,0.13,7.5,1,25,9,36.0,3.32,1.19,0.04,0.11,0,0,57,19.8,8,78,3,4,14,3,0.33,2,14,-12,-1.59,-0.38,0,19,13,6,14,1,9,,,0,,,,,,,,,,,,,,,
ITA-Serie A,2324,Salernitana,Junior Sambia,CTA,MF,26,1996,18,10,1032,11.5,1,2,3,1,0,0,4,0,0.09,0.17,0.26,0.09,0.26,11.5,1,12,4,33.3,1.05,0.35,0.08,0.25,0,0,57,30.2,10,81,3,8,27,20,0.28,9,23,-14,-1.22,0.1,0,9,15,0,29,10,5,,,0,,,,,,,,,,,,,,,
ITA-Serie A,2324,Salernitana,Jérôme Boateng,GER,DF,34,1988,7,4,238,2.6,0,0,0,0,0,0,0,0,0.0,0.0,0.0,0.0,0.0,2.6,0,0,0,,0.0,0.0,,,0,0,34,7.0,4,47,0,3,17,1,0.29,2,9,-7,-2.65,-1.46,0,2,0,1,1,4,0,,,0,,,,,,,,,,,,,,,
ITA-Serie A,2324,Salernitana,Kostas Manolas,GRE,DF,32,1991,8,6,488,5.4,0,0,0,0,0,0,0,0,0.0,0.0,0.0,0.0,0.0,5.4,0,2,0,0.0,0.37,0.0,0.0,,0,0,61,14.3,6,71,1,2,32,3,0.25,3,9,-6,-1.11,0.21,0,5,3,0,1,2,6,,,0,,,,,,,,,,,,,,,
ITA-Serie A,2324,Salernitana,Lassana Coulibaly,MLI,MF,27,1996,28,25,2082,23.1,0,1,1,0,0,0,5,0,0.0,0.04,0.04,0.0,0.04,23.1,0,13,3,23.1,0.56,0.13,0.0,0.0,0,0,74,60.9,25,81,17,3,18,0,0.54,23,51,-28,-1.21,0.2,0,33,36,1,9,17,33,,,0,,,,,,,,,,,,,,,
ITA-Serie A,2324,Salernitana,Lorenzo Pirola,ITA,DF,21,2002,27,24,1987,22.1,1,0,1,1,0,0,4,0,0.05,0.0,0.05,0.05,0.05,22.1,1,15,4,26.7,0.68,0.18,0.07,0.25,0,0,74,58.1,24,79,16,3,27,1,0.44,17,49,-32,-1.45,-0.38,0,33,16,1,2,25,22,,,0,,,,,,,,,,,,,,,
ITA-Serie A,2324,Salernitana,Loum Tchaouna,FRA,"MF,FW",19,2003,33,23,2100,23.3,4,3,7,4,0,0,4,0,0.17,0.13,0.3,0.17,0.3,23.3,4,44,15,34.1,1.89,0.64,0.09,0.27,0,0,64,61.4,23,81,14,10,23,2,0.33,25,53,-28,-1.2,0.23,0,15,30,6,69,5,10,,,0,,,,,,,,,,,,,,,
ITA-Serie A,2324,Salernitana,Mamadou Coulibaly,SEN,MF,24,1999,1,0,3,0.0,0,0,0,0,0,0,0,0,0.0,0.0,0.0,0.0,0.0,0.0,0,0,0,,0.0,0.0,,,0,0,3,0.1,0,,0,1,3,1,1.0,0,0,0,0.0,1.29,0,0,0,0,0,0,0,,,0,,,,,,,,,,,,,,,
ITA-Serie A,2324,Salernitana,Marco Pellegrino,ARG,DF,21,2002,10,5,545,6.1,0,0,0,0,0,0,1,0,0.0,0.0,0.0,0.0,0.0,6.1,0,2,0,0.0,0.33,0.0,0.0,,0,0,55,15.9,5,85,4,5,24,6,0.4,4,17,-13,-2.15,-1.02,0,3,1,0,1,10,6,,,0,,,,,,,,,,,,,,,
ITA-Serie A,2324,Salernitana,Mateusz Łęgowski,POL,MF,20,2003,29,10,1145,12.7,0,0,0,0,0,0,3,0,0.0,0.0,0.0,0.0,0.0,12.7,0,7,1,14.3,0.55,0.08,0.0,0.0,0,0,39,33.5,10,74,4,19,21,9,0.52,9,31,-22,-1.73,-0.66,0,24,10,2,6,7,12,,,0,,,,,,,,,,,,,,,
ITA-Serie A,2324,Salernitana,Matteo Lovato,ITA,DF,23,2000,13,11,947,10.5,0,0,0,0,0,0,2,0,0.0,0.0,0.0,0.0,0.0,10.5,0,1,0,0.0,0.1,0.0,0.0,,0,0,73,27.7,11,80,7,2,32,9,0.46,8,21,-13,-1.24,0.07,0,7,5,0,1,19,14,,,0,,,,,,,,,,,,,,,
ITA-Serie A,2324,Salernitana,Niccolò Pierozzi,ITA,DF,21,2001,12,11,871,9.7,1,0,1,1,0,0,6,0,0.1,0.0,0.1,0.1,0.1,9.7,1,8,2,25.0,0.83,0.21,0.13,0.5,0,0,73,25.5,11,77,6,1,25,1,0.33,8,20,-12,-1.24,0.07,0,28,10,0,6,11,10,,,0,,,,,,,,,,,,,,,
ITA-Serie A,2324,Salernitana,Norbert Gyömbér,SVK,DF,31,1992,22,20,1760,19.6,0,0,0,0,0,0,9,0,0.0,0.0,0.0,0.0,0.0,19.6,0,4,0,0.0,0.2,0.0,0.0,,0,0,80,51.5,20,82,14,2,58,3,0.55,16,41,-25,-1.28,0.02,0,33,18,0,0,23,19,,,1,,,,,,,,,,,,,,,
ITA-Serie A,2324,Salernitana,Pasquale Mazzocchi,ITA,"MF,DF",28,1995,18,16,1272,14.1,0,1,1,0,0,0,4,0,0.0,0.07,0.07,0.0,0.07,14.1,0,8,1,12.5,0.57,0.07,0.0,0.0,0,0,71,37.2,16,76,8,2,25,0,0.67,13,30,-17,-1.2,0.14,0,23,9,3,44,4,18,,,0,,,,,,,,,,,,,,,
ITA-Serie A,2324,Salernitana,Shon Weissman,ISR,FW,27,1996,11,5,494,5.5,1,0,1,1,0,0,0,0,0.18,0.0,0.18,0.18,0.18,5.5,1,6,1,16.7,1.09,0.18,0.17,1.0,0,0,45,14.4,5,64,0,6,29,4,0.18,5,14,-9,-1.64,-0.41,0,3,10,0,0,3,3,,,0,,,,,,,,,,,,,,,
ITA-Serie A,2324,Salernitana,Simeon Nwankwo,NGA,FW,31,1992,15,6,686,7.6,3,0,3,3,0,0,0,0,0.39,0.0,0.39,0.39,0.39,7.6,3,13,7,53.8,1.71,0.92,0.23,0.43,0,0,46,20.1,6,84,2,9,20,10,0.4,10,13,-3,-0.39,1.12,0,11,17,2,0,0,3,,,0,,,,,,,,,,,,,,,
ITA-Serie A,2324,Salernitana,Toma Bašić,CRO,MF,26,1996,15,14,1162,12.9,0,0,0,0,0,0,5,0,0.0,0.0,0.0,0.0,0.0,12.9,0,12,1,8.3,0.93,0.08,0.0,0.0,0,0,77,34.0,14,83,9,1,4,0,0.2,6,23,-17,-1.32,-0.04,0,14,16,0,25,14,13,,,0,,,,,,,,,,,,,,,
ITA-Serie A,2324,Salernitana,Triantafyllos Pasaridīs,GRE,DF,27,1996,8,5,452,5.0,0,0,0,0,0,0,3,0,0.0,0.0,0.0,0.0,0.0,5.0,0,0,0,,0.0,0.0,,,0,0,57,13.2,5,77,3,3,22,7,0.5,4,11,-7,-1.39,-0.12,0,9,3,0,0,3,7,,,0,,,,,,,,,,,,,,,
ITA-Serie A,2324,Salernitana,Trivante Stewart,JAM,FW,23,2000,4,0,100,1.1,0,0,0,0,0,0,0,0,0.0,0.0,0.0,0.0,0.0,1.1,0,2,1,50.0,1.8,0.9,0.0,0.0,0,0,25,2.9,0,,0,4,25,6,0.25,2,6,-4,-3.6,-2.38,0,1,0,0,2,0,0,,,0,,,,,,,,,,,,,,,
ITA-Serie A,2324,Salernitana,Vincenzo Fiorillo,ITA,GK,33,1990,4,4,360,4.0,0,0,0,0,0,0,1,1,0.0,0.0,0.0,0.0,0.0,4.0,0,0,0,,0.0,0.0,,,0,0,90,10.5,4,90,4,0,,22,0.6,8,10,-2,-0.5,0.88,0,0,3,0,0,0,0,,,0,8,2.0,26,18,69.2,0,2,2,0,0.0,0,0,0,0,
ITA-Serie A,2324,Sassuolo,Alessio Cragno,ITA,GK,29,1994,3,3,270,3.0,0,0,0,0,0,0,0,0,0.0,0.0,0.0,0.0,0.0,3.0,0,0,0,,0.0,0.0,,,0,0,90,7.9,3,90,3,0,,34,1.33,7,7,0,0.0,0.91,0,0,0,0,0,0,0,,,0,7,2.33,15,8,53.3,1,1,1,0,0.0,1,1,0,0,0.0
ITA-Serie A,2324,Sassuolo,Andrea Consigli,ITA,GK,36,1987,35,35,3150,35.0,0,0,0,0,0,0,1,0,0.0,0.0,0.0,0.0,0.0,35.0,0,0,0,,0.0,0.0,,,0,0,90,92.1,35,90,35,0,,0,0.74,36,68,-32,-0.91,-0.91,0,0,3,0,0,0,0,,,0,68,1.94,163,95,58.3,6,8,21,2,5.7,10,7,1,2,12.5
ITA-Serie A,2324,Sassuolo,Andrea Pinamonti,ITA,FW,24,1999,38,37,3076,34.2,11,1,12,9,2,3,4,0,0.32,0.03,0.35,0.26,0.29,34.2,11,84,22,26.2,2.46,0.64,0.13,0.5,2,3,81,89.9,37,83,13,1,8,0,0.79,40,63,-23,-0.67,1.68,0,21,52,9,10,1,9,,,0,,,,,,,,,,,,,,,
ITA-Serie A,2324,Sassuolo,Armand Lauriente,FRA,"MF,FW",24,1998,37,35,2908,32.3,5,4,9,5,0,0,5,0,0.15,0.12,0.28,0.15,0.28,32.3,5,84,30,35.7,2.6,0.93,0.06,0.17,0,0,79,85.0,35,82,15,2,18,0,0.81,37,55,-18,-0.56,1.9,0,34,55,4,134,18,21,,,0,,,,,,,,,,,,,,,
ITA-Serie A,2324,Sassuolo,Cristian Volpato,AUS,"MF,FW",19,2003,22,5,645,7.2,1,0,1,1,0,0,1,0,0.14,0.0,0.14,0.14,0.14,7.2,1,12,7,58.3,1.67,0.98,0.08,0.14,0,0,29,18.9,5,58,0,17,21,15,0.27,8,16,-8,-1.12,-0.34,0,15,9,0,48,2,8,,,0,,,,,,,,,,,,,,,
ITA-Serie A,2324,Sassuolo,Daniel Boloca,ROU,MF,24,1998,30,23,2022,22.5,1,0,1,1,0,0,6,1,0.04,0.0,0.04,0.04,0.04,22.5,1,13,4,30.8,0.58,0.18,0.08,0.25,0,0,67,59.1,23,80,13,7,26,4,0.93,29,42,-13,-0.58,0.64,0,25,7,0,8,15,33,,,0,,,,,,,,,,,,,,,
ITA-Serie A,2324,Sassuolo,Domenico Berardi,ITA,"MF,FW",28,1994,17,17,1431,15.9,9,3,12,4,5,5,6,0,0.57,0.19,0.75,0.25,0.44,15.9,9,51,24,47.1,3.21,1.51,0.18,0.38,5,5,84,41.8,17,84,10,0,,1,1.12,23,27,-4,-0.25,1.02,0,28,28,4,73,13,6,,,0,,,,,,,,,,,,,,,
ITA-Serie A,2324,Sassuolo,Emil Ceide,NOR,"FW,MF",21,2001,11,0,176,2.0,0,0,0,0,0,0,0,0,0.0,0.0,0.0,0.0,0.0,2.0,0,2,0,0.0,1.02,0.0,0.0,,0,0,16,5.1,0,,0,11,16,27,0.55,0,8,-8,-4.09,-3.43,0,2,1,0,5,0,1,,,0,,,,,,,,,,,,,,,
ITA-Serie A,2324,Sassuolo,Filippo Missori,ITA,MF,19,2004,8,2,266,3.0,0,0,0,0,0,0,0,0,0.0,0.0,0.0,0.0,0.0,3.0,0,4,1,25.0,1.35,0.34,0.0,0.0,0,0,33,7.8,2,66,0,6,22,26,0.88,1,6,-5,-1.69,-0.92,0,1,2,0,5,3,3,,,0,,,,,,,,,,,,,,,
ITA-Serie A,2324,Sassuolo,Gian Marco Ferrari,ITA,DF,31,1992,31,25,2272,25.2,1,0,1,1,0,0,4,0,0.04,0.0,0.04,0.04,0.04,25.2,1,16,6,37.5,0.63,0.24,0.06,0.17,0,0,73,66.4,25,88,24,6,11,6,0.77,24,47,-23,-0.91,-0.21,0,26,21,0,14,26,11,,,0,,,,,,,,,,,,,,,
ITA-Serie A,2324,Sassuolo,Grégoire Defrel,MTQ,"MF,FW",32,1991,20,7,757,8.4,1,2,3,1,0,0,0,0,0.12,0.24,0.36,0.12,0.36,8.4,1,12,3,25.0,1.43,0.36,0.08,0.33,0,0,38,22.1,7,72,0,13,20,6,0.8,8,14,-6,-0.71,0.17,0,9,8,1,2,4,7,,,0,,,,,,,,,,,,,,,
ITA-Serie A,2324,Sassuolo,Jeremy Toljan,GER,DF,28,1994,25,24,2083,23.1,0,5,5,0,0,0,1,0,0.0,0.22,0.22,0.0,0.22,23.1,0,12,3,25.0,0.52,0.13,0.0,0.0,0,0,83,60.9,24,86,21,1,16,4,1.0,31,40,-9,-0.39,1.16,0,10,7,0,52,15,10,,,0,,,,,,,,,,,,,,,
ITA-Serie A,2324,Sassuolo,Josh Doig,SCO,"DF,MF",21,2002,16,15,1343,14.9,0,2,2,0,0,0,5,0,0.0,0.13,0.13,0.0,0.13,14.9,0,8,2,25.0,0.54,0.13,0.0,0.0,0,0,84,39.3,15,87,11,1,45,1,0.63,14,32,-18,-1.21,-0.6,0,16,11,0,46,15,17,,,0,,,,,,,,,,,,,,,
ITA-Serie A,2324,Sassuolo,Justin Kumi,ITA,MF,19,2004,1,0,4,0.0,0,0,0,0,0,0,0,0,0.0,0.0,0.0,0.0,0.0,0.0,0,0,0,,0.0,0.0,,,0,0,4,0.1,0,,0,1,4,0,0.0,0,0,0,0.0,0.84,0,0,0,0,0,0,0,,,0,,,,,,,,,,,,,,,
ITA-Serie A,2324,Sassuolo,Kevin Miranda,ITA,DF,20,2003,1,0,14,0.2,0,0,0,0,0,0,0,0,0.0,0.0,0.0,0.0,0.0,0.2,0,0,0,,0.0,0.0,,,0,0,14,0.4,0,,0,1,14,1,0.0,0,2,-2,-12.86,-12.06,0,0,0,0,0,0,0,,,0,,,,,,,,,,,,,,,
ITA-Serie A,2324,Sassuolo,Kristian Thorstvedt,NOR,MF,24,1999,34,30,2397,26.6,6,1,7,6,0,0,7,0,0.23,0.04,0.26,0.23,0.26,26.6,6,42,15,35.7,1.58,0.56,0.14,0.4,0,0,71,70.1,30,76,10,4,32,3,0.68,32,53,-21,-0.79,0.18,0,36,39,1,26,22,20,,,0,,,,,,,,,,,,,,,
ITA-Serie A,2324,Sassuolo,Luca Lipani,ITA,MF,18,2005,8,5,384,4.3,0,0,0,0,0,0,0,0,0.0,0.0,0.0,0.0,0.0,4.3,0,3,1,33.3,0.7,0.23,0.0,0.0,0,0,48,11.2,5,68,0,3,14,23,0.63,5,5,0,0.0,0.95,0,6,1,0,5,6,7,,,0,,,,,,,,,,,,,,,
ITA-Serie A,2324,Sassuolo,Marash Kumbulla,ALB,DF,23,2000,7,3,362,4.0,0,0,0,0,0,0,1,0,0.0,0.0,0.0,0.0,0.0,4.0,0,0,0,,0.0,0.0,,,0,0,52,10.6,3,82,2,4,29,9,1.0,3,10,-7,-1.74,-1.0,0,3,1,0,0,0,2,,,1,,,,,,,,,,,,,,,
ITA-Serie A,2324,Sassuolo,Marcus Pedersen,NOR,DF,23,2000,28,16,1613,17.9,0,2,2,0,0,0,4,0,0.0,0.11,0.11,0.0,0.11,17.9,0,3,0,0.0,0.17,0.0,0.0,,0,0,58,47.2,16,86,14,12,20,5,0.82,14,40,-26,-1.45,-1.15,0,13,9,0,57,10,24,,,0,,,,,,,,,,,,,,,
ITA-Serie A,2324,Sassuolo,Martin Erlić,CRO,DF,25,1998,32,31,2618,29.1,1,0,1,1,0,0,5,0,0.03,0.0,0.03,0.03,0.03,29.1,1,8,3,37.5,0.28,0.1,0.13,0.33,0,0,82,76.5,31,83,22,1,45,3,0.91,38,47,-9,-0.31,2.27,0,30,26,0,5,27,22,,,0,,,,,,,,,,,,,,,
ITA-Serie A,2324,Sassuolo,Matheus Henrique,BRA,MF,25,1997,31,27,2501,27.8,2,2,4,2,0,0,8,1,0.07,0.07,0.14,0.07,0.14,27.8,2,19,7,36.8,0.68,0.25,0.11,0.29,0,0,81,73.1,27,89,22,4,26,0,0.84,28,54,-26,-0.94,-0.35,1,21,38,2,28,24,29,,,0,,,,,,,,,,,,,,,
ITA-Serie A,2324,Sassuolo,Mattia Viti,ITA,DF,21,2002,15,12,979,10.9,1,0,1,1,0,0,0,0,0.09,0.0,0.09,0.09,0.09,10.9,1,4,1,25.0,0.37,0.09,0.25,1.0,0,0,65,28.6,12,74,5,3,30,13,0.87,12,22,-10,-0.92,-0.11,0,9,14,0,1,10,16,,,1,,,,,,,,,,,,,,,
ITA-Serie A,2324,Sassuolo,Matías Viña,URU,DF,25,1997,15,13,1014,11.3,0,3,3,0,0,0,1,0,0.0,0.27,0.27,0.0,0.27,11.3,0,8,2,25.0,0.71,0.18,0.0,0.0,0,0,68,29.6,13,72,3,2,41,0,1.0,16,15,1,0.09,1.32,0,12,9,0,29,9,20,,,2,,,,,,,,,,,,,,,
ITA-Serie A,2324,Sassuolo,Maxime Lopez,FRA,MF,25,1997,2,2,140,1.6,0,0,0,0,0,0,0,1,0.0,0.0,0.0,0.0,0.0,1.6,0,0,0,,0.0,0.0,,,0,0,70,4.1,2,70,1,0,,0,0.0,0,3,-3,-1.93,-1.13,0,2,2,0,0,2,1,,,0,,,,,,,,,,,,,,,
ITA-Serie A,2324,Sassuolo,Nedim Bajrami,ALB,"MF,FW",24,1999,28,15,1310,14.6,2,2,4,2,0,0,0,0,0.14,0.14,0.27,0.14,0.27,14.6,2,32,9,28.1,2.2,0.62,0.06,0.22,0,0,47,38.3,15,66,1,13,24,8,0.82,20,35,-15,-1.03,-0.31,0,12,6,4,77,5,6,,,0,,,,,,,,,,,,,,,
ITA-Serie A,2324,Sassuolo,Pedro Obiang,EQG,MF,31,1992,8,5,453,5.0,0,0,0,0,0,0,1,0,0.0,0.0,0.0,0.0,0.0,5.0,0,2,0,0.0,0.4,0.0,0.0,,0,0,57,13.2,5,78,2,3,21,11,0.75,6,13,-7,-1.39,-0.63,0,9,3,0,1,7,3,,,0,,,,,,,,,,,,,,,
ITA-Serie A,2324,Sassuolo,Ruan,BRA,DF,24,1999,26,16,1516,16.8,0,0,0,0,0,0,7,1,0.0,0.0,0.0,0.0,0.0,16.8,0,7,2,28.6,0.42,0.12,0.0,0.0,0,0,58,44.3,16,77,9,10,29,7,0.73,21,43,-22,-1.31,-0.83,1,23,12,0,2,23,14,,,0,,,,,,,,,,,,,,,
ITA-Serie A,2324,Sassuolo,Samu Castillejo,ESP,"MF,FW",28,1995,17,6,536,6.0,0,0,0,0,0,0,2,0,0.0,0.0,0.0,0.0,0.0,6.0,0,6,2,33.3,1.01,0.34,0.0,0.0,0,0,32,15.7,6,60,0,11,16,8,0.71,8,12,-4,-0.67,0.2,0,11,18,1,34,1,10,,,0,,,,,,,,,,,,,,,
ITA-Serie A,2324,Sassuolo,Samuele Mulattieri,ITA,FW,22,2000,27,1,462,5.1,0,0,0,0,0,0,1,0,0.0,0.0,0.0,0.0,0.0,5.1,0,13,5,38.5,2.53,0.97,0.0,0.0,0,0,17,13.5,1,82,0,26,15,10,0.59,6,18,-12,-2.34,-1.73,0,7,5,0,0,1,1,,,0,,,,,,,,,,,,,,,
ITA-Serie A,2324,Sassuolo,Uroš Račić,SRB,MF,25,1998,22,8,820,9.1,1,1,2,1,0,0,1,0,0.11,0.11,0.22,0.11,0.22,9.1,1,17,4,23.5,1.87,0.44,0.06,0.25,0,0,37,24.0,8,69,1,14,19,10,0.73,5,21,-16,-1.76,-1.2,0,6,12,0,2,7,5,,,0,,,,,,,,,,,,,,,
ITA-Serie A,2324,Torino,Adam Masina,MAR,DF,29,1994,16,10,1024,11.4,0,0,0,0,0,0,0,0,0.0,0.0,0.0,0.0,0.0,11.4,0,5,1,20.0,0.44,0.09,0.0,0.0,0,0,64,29.9,10,87,7,6,26,1,1.31,10,12,-2,-0.18,-0.25,0,18,5,0,4,11,12,,,0,,,,,,,,,,,,,,,
ITA-Serie A,2324,Torino,Adrien Tameze,CMR,"DF,MF",29,1994,29,25,2146,23.8,0,2,2,0,0,0,6,1,0.0,0.08,0.08,0.0,0.08,23.8,0,9,0,0.0,0.38,0.0,0.0,,0,0,74,62.7,25,81,14,4,30,3,1.38,22,22,0,0.0,0.0,0,19,15,0,15,47,16,,,0,,,,,,,,,,,,,,,
ITA-Serie A,2324,Torino,Alessandro Buongiorno,ITA,DF,24,1999,29,29,2527,28.1,3,0,3,3,0,0,7,0,0.11,0.0,0.11,0.11,0.11,28.1,3,13,6,46.2,0.46,0.21,0.23,0.5,0,0,87,73.9,29,87,26,0,,1,1.52,29,22,7,0.25,0.95,0,69,39,1,3,72,39,,,0,,,,,,,,,,,,,,,
ITA-Serie A,2324,Torino,Alessandro Dellavalle,ITA,DF,19,2004,1,0,15,0.2,0,0,0,0,0,0,0,0,0.0,0.0,0.0,0.0,0.0,0.2,0,0,0,,0.0,0.0,,,0,0,15,0.4,0,,0,1,15,3,3.0,2,0,2,12.0,12.05,0,0,1,0,0,1,0,,,0,,,,,,,,,,,,,,,
ITA-Serie A,2324,Torino,Antonio Sanabria,PAR,FW,27,1996,35,23,2133,23.7,5,0,5,3,2,2,2,0,0.21,0.0,0.21,0.13,0.13,23.7,5,54,16,29.6,2.28,0.68,0.09,0.31,2,2,61,62.4,23,80,10,12,24,2,1.31,23,21,2,0.08,0.22,0,25,33,3,6,7,15,,,0,,,,,,,,,,,,,,,
ITA-Serie A,2324,Torino,Brandon Soppy,FRA,MF,21,2002,5,2,178,2.0,0,0,0,0,0,0,0,0,0.0,0.0,0.0,0.0,0.0,2.0,0,1,0,0.0,0.51,0.0,0.0,,0,0,36,5.2,2,69,0,3,13,6,1.6,0,0,0,0.0,0.0,0,4,6,0,3,0,2,,,0,,,,,,,,,,,,,,,
ITA-Serie A,2324,Torino,David Okereke,NGA,"FW,MF",25,1997,9,3,252,2.8,0,0,0,0,0,0,0,0,0.0,0.0,0.0,0.0,0.0,2.8,0,8,5,62.5,2.86,1.79,0.0,0.0,0,0,28,7.4,3,64,0,6,10,8,1.33,4,1,3,1.07,1.16,0,2,3,2,4,1,1,,,0,,,,,,,,,,,,,,,
ITA-Serie A,2324,Torino,David Zima,CZE,DF,22,2000,5,0,91,1.0,0,0,0,0,0,0,0,0,0.0,0.0,0.0,0.0,0.0,1.0,0,0,0,,0.0,0.0,,,0,0,18,2.7,0,,0,5,18,12,1.8,1,0,1,0.99,1.02,0,0,1,0,0,4,1,,,0,,,,,,,,,,,,,,,
ITA-Serie A,2324,Torino,Demba Seck,SEN,MF,22,2001,9,5,425,4.7,0,0,0,0,0,0,1,0,0.0,0.0,0.0,0.0,0.0,4.7,0,9,2,22.2,1.91,0.42,0.0,0.0,0,0,47,12.4,5,75,0,4,13,9,1.33,4,5,-1,-0.21,-0.24,0,9,8,0,2,1,3,,,0,,,,,,,,,,,,,,,
ITA-Serie A,2324,Torino,Duván Zapata,COL,FW,32,1991,35,34,2880,32.0,12,4,16,12,0,0,2,0,0.37,0.12,0.5,0.37,0.5,32.0,12,99,38,38.4,3.09,1.19,0.12,0.32,0,0,82,84.2,34,84,21,1,27,0,1.49,31,26,5,0.16,0.99,0,53,67,22,50,7,7,,,0,,,,,,,,,,,,,,,
ITA-Serie A,2324,Torino,Gvidas Gineitis,LTU,MF,19,2004,14,4,538,6.0,0,0,0,0,0,0,2,0,0.0,0.0,0.0,0.0,0.0,6.0,0,9,2,22.2,1.51,0.33,0.0,0.0,0,0,38,15.7,4,85,2,10,20,15,1.5,6,8,-2,-0.33,-0.4,0,9,3,0,22,4,7,,,0,,,,,,,,,,,,,,,
ITA-Serie A,2324,Torino,Ivan Ilić,SRB,MF,22,2001,31,25,2098,23.3,3,2,5,3,0,0,3,0,0.13,0.09,0.21,0.13,0.21,23.3,3,27,11,40.7,1.16,0.47,0.11,0.27,0,0,68,61.3,25,81,16,6,14,1,1.26,23,23,0,0.0,0.0,0,24,25,1,91,20,9,,,0,,,,,,,,,,,,,,,
ITA-Serie A,2324,Torino,Karol Linetty,POL,MF,28,1995,28,19,1858,20.6,0,0,0,0,0,0,12,0,0.0,0.0,0.0,0.0,0.0,20.6,0,16,1,6.3,0.78,0.05,0.0,0.0,0,0,66,54.3,19,83,9,9,32,5,1.5,18,17,1,0.05,0.11,0,50,18,2,19,23,19,,,0,,,,,,,,,,,,,,,
ITA-Serie A,2324,Torino,Koffi Djidji,CIV,DF,30,1992,13,8,759,8.4,0,0,0,0,0,0,2,0,0.0,0.0,0.0,0.0,0.0,8.4,0,2,0,0.0,0.24,0.0,0.0,,0,0,58,22.2,8,83,4,5,18,4,1.38,10,8,2,0.24,0.3,0,11,1,0,2,10,8,,,0,,,,,,,,,,,,,,,
ITA-Serie A,2324,Torino,Luca Gemello,ITA,GK,23,2000,2,2,180,2.0,0,0,0,0,0,0,0,0,0.0,0.0,0.0,0.0,0.0,2.0,0,0,0,,0.0,0.0,,,0,0,90,5.3,2,90,2,0,,35,0.0,0,5,-5,-2.5,-2.64,0,0,0,0,0,0,0,,,0,5,2.5,9,4,44.4,0,0,2,0,0.0,1,1,0,0,0.0
ITA-Serie A,2324,Torino,Matteo Lovato,ITA,DF,23,2000,13,6,544,6.0,0,0,0,0,0,0,2,0,0.0,0.0,0.0,0.0,0.0,6.0,0,1,0,0.0,0.17,0.0,0.0,,0,0,42,15.9,6,76,4,7,13,2,1.38,6,7,-1,-0.17,-0.2,0,14,0,0,0,14,6,,,0,,,,,,,,,,,,,,,
ITA-Serie A,2324,Torino,Mërgim Vojvoda,KVX,"MF,DF",28,1995,28,15,1379,15.3,0,3,3,0,0,0,3,0,0.0,0.2,0.2,0.0,0.2,15.3,0,9,4,44.4,0.59,0.26,0.0,0.0,0,0,49,40.3,15,80,8,13,14,4,1.43,14,14,0,0.0,0.0,0,12,4,4,63,14,8,,,0,,,,,,,,,,,,,,,
ITA-Serie A,2324,Torino,Nemanja Radonjić,SRB,MF,27,1996,10,4,374,4.2,3,0,3,3,0,0,1,0,0.72,0.0,0.72,0.72,0.72,4.2,3,12,5,41.7,2.89,1.2,0.25,0.6,0,0,37,10.9,4,61,0,6,22,6,1.4,6,5,1,0.24,0.27,0,1,5,4,11,0,1,,,0,,,,,,,,,,,,,,,
ITA-Serie A,2324,Torino,Nikola Vlašić,CRO,MF,25,1997,33,30,2608,29.0,3,2,5,3,0,0,3,0,0.1,0.07,0.17,0.1,0.17,29.0,3,46,11,23.9,1.59,0.38,0.07,0.27,0,0,79,76.3,30,82,20,3,52,0,1.24,23,29,-6,-0.21,-0.87,0,26,37,9,37,11,14,,,0,,,,,,,,,,,,,,,
ITA-Serie A,2324,Torino,Perr Schuurs,NED,DF,23,1999,9,9,770,8.6,1,0,1,1,0,0,2,0,0.12,0.0,0.12,0.12,0.12,8.6,1,7,1,14.3,0.82,0.12,0.14,1.0,0,0,86,22.5,9,86,8,0,,0,1.0,6,9,-3,-0.35,-0.45,0,8,1,0,2,11,12,,,0,,,,,,,,,,,,,,,
ITA-Serie A,2324,Torino,Pietro Pellegri,ITA,"FW,MF",22,2001,24,7,756,8.4,1,1,2,1,0,0,3,0,0.12,0.12,0.24,0.12,0.24,8.4,1,13,4,30.8,1.55,0.48,0.08,0.25,0,0,32,22.1,7,65,0,17,18,7,1.42,9,12,-3,-0.36,-0.46,0,16,22,6,5,2,1,,,0,,,,,,,,,,,,,,,
ITA-Serie A,2324,Torino,Raoul Bellanova,ITA,MF,23,2000,37,36,3046,33.8,1,7,8,1,0,0,5,0,0.03,0.21,0.24,0.03,0.24,33.8,1,32,3,9.4,0.95,0.09,0.03,0.33,0,0,82,89.1,36,84,17,1,10,0,1.41,31,33,-2,-0.06,-0.54,0,14,53,2,178,15,26,,,0,,,,,,,,,,,,,,,
ITA-Serie A,2324,Torino,Ricardo Rodríguez,SUI,"DF,MF",30,1992,35,34,2772,30.8,1,2,3,1,0,0,4,0,0.03,0.06,0.1,0.03,0.1,30.8,1,11,2,18.2,0.36,0.06,0.09,0.5,0,0,79,81.1,34,81,22,1,29,2,1.43,29,27,2,0.06,0.34,0,25,9,1,56,26,27,,,0,,,,,,,,,,,,,,,
ITA-Serie A,2324,Torino,Saba Sazonov,GEO,DF,21,2002,12,2,356,4.0,0,0,0,0,0,0,2,0,0.0,0.0,0.0,0.0,0.0,4.0,0,1,0,0.0,0.25,0.0,0.0,,0,0,30,10.4,2,53,0,10,25,20,1.25,2,8,-6,-1.52,-1.69,0,10,1,0,0,3,7,,,0,,,,,,,,,,,,,,,
ITA-Serie A,2324,Torino,Samuele Ricci,ITA,MF,21,2001,32,28,2395,26.6,1,2,3,1,0,0,8,1,0.04,0.08,0.11,0.04,0.11,26.6,1,30,5,16.7,1.13,0.19,0.03,0.2,0,0,75,70.0,28,82,19,4,24,2,1.44,27,25,2,0.08,0.25,1,37,46,3,55,28,18,,,0,,,,,,,,,,,,,,,
ITA-Serie A,2324,Torino,Simone Verdi,ITA,"FW,MF",31,1992,1,0,4,0.0,0,0,0,0,0,0,0,0,0.0,0.0,0.0,0.0,0.0,0.0,0,0,0,,0.0,0.0,,,0,0,4,0.1,0,,0,1,4,0,1.0,0,0,0,0.0,0.0,0,0,0,0,0,0,0,,,0,,,,,,,,,,,,,,,
ITA-Serie A,2324,Torino,Valentino Lazaro,AUT,MF,27,1996,35,21,1994,22.2,0,4,4,0,0,0,3,0,0.0,0.18,0.18,0.0,0.18,22.2,0,18,4,22.2,0.81,0.18,0.0,0.0,0,0,57,58.3,21,84,12,14,16,2,1.37,19,22,-3,-0.14,-0.32,0,12,10,1,126,8,11,,,0,,,,,,,,,,,,,,,
ITA-Serie A,2324,Torino,Vanja Milinković-Savić,SRB,GK,26,1997,36,36,3240,36.0,0,0,0,0,0,0,2,0,0.0,0.0,0.0,0.0,0.0,36.0,0,0,0,,0.0,0.0,,,0,0,90,94.7,36,90,36,0,,1,1.47,36,31,5,0.14,2.64,0,0,2,0,0,1,0,,,0,31,0.86,134,103,76.9,13,14,9,17,47.2,6,6,0,0,0.0
ITA-Serie A,2324,Torino,Yann Karamoh,FRA,MF,25,1998,10,1,162,1.8,0,0,0,0,0,0,0,0,0.0,0.0,0.0,0.0,0.0,1.8,0,2,1,50.0,1.11,0.56,0.0,0.0,0,0,16,4.7,1,45,0,9,13,8,1.4,3,2,1,0.56,0.58,0,2,3,2,6,0,0,,,0,,,,,,,,,,,,,,,
ITA-Serie A,2324,Torino,Zanos Savva,CYP,FW,17,2005,2,0,28,0.3,1,0,1,1,0,0,0,0,3.21,0.0,3.21,3.21,3.21,0.3,1,1,1,100.0,3.21,3.21,1.0,1.0,0,0,14,0.8,0,,0,2,14,17,1.5,2,0,2,6.43,6.48,0,1,1,0,0,0,1,,,0,,,,,,,,,,,,,,,
ITA-Serie A,2324,Udinese,Adam Masina,MAR,MF,29,1994,4,1,64,0.7,0,0,0,0,0,0,2,0,0.0,0.0,0.0,0.0,0.0,0.7,0,1,1,100.0,1.41,1.41,0.0,0.0,0,0,16,1.9,1,45,0,3,6,9,1.25,0,2,-2,-2.81,-2.44,0,3,0,0,0,2,0,,,0,,,,,,,,,,,,,,,
ITA-Serie A,2324,Udinese,Antonio Tikvić,CRO,DF,19,2004,1,0,1,0.0,0,0,0,0,0,0,0,0,0.0,0.0,0.0,0.0,0.0,0.0,0,0,0,,0.0,0.0,,,0,0,1,0.0,0,,0,1,1,33,1.0,0,0,0,0.0,0.42,0,0,0,0,0,0,0,,,0,,,,,,,,,,,,,,,
ITA-Serie A,2324,Udinese,Axel Guessand,FRA,DF,18,2004,1,0,45,0.5,0,0,0,0,0,0,0,0,0.0,0.0,0.0,0.0,0.0,0.5,0,1,0,0.0,2.0,0.0,0.0,,0,0,45,1.3,0,,0,1,45,12,1.0,0,0,0,0.0,0.43,0,0,1,0,0,0,1,,,0,,,,,,,,,,,,,,,
ITA-Serie A,2324,Udinese,Beto,GNB,FW,25,1998,1,1,74,0.8,0,0,0,0,0,0,0,0,0.0,0.0,0.0,0.0,0.0,0.8,0,0,0,,0.0,0.0,,,0,0,74,2.2,1,74,0,0,,0,0.0,0,3,-3,-3.65,-3.3,0,0,0,3,0,0,0,,,0,,,,,,,,,,,,,,,
ITA-Serie A,2324,Udinese,Brenner,BRA,"MF,FW",23,2000,8,2,189,2.1,0,0,0,0,0,0,0,0,0.0,0.0,0.0,0.0,0.0,2.1,0,4,2,50.0,1.9,0.95,0.0,0.0,0,0,24,5.5,2,49,0,6,15,9,1.38,0,1,-1,-0.48,-0.06,0,0,3,1,1,0,6,,,0,,,,,,,,,,,,,,,
ITA-Serie A,2324,Udinese,Christian Kabasele,BEL,DF,32,1991,13,10,861,9.6,1,1,2,1,0,0,5,0,0.1,0.1,0.21,0.1,0.21,9.6,1,6,2,33.3,0.63,0.21,0.17,0.5,0,0,66,25.2,10,85,9,3,5,22,1.0,9,18,-9,-0.94,-0.69,0,15,9,0,2,12,6,,,0,,,,,,,,,,,,,,,
ITA-Serie A,2324,Udinese,Domingos Quina,POR,MF,23,1999,2,0,13,0.1,0,0,0,0,0,0,0,0,0.0,0.0,0.0,0.0,0.0,0.1,0,0,0,,0.0,0.0,,,0,0,7,0.4,0,,0,2,7,15,1.0,0,0,0,0.0,0.42,0,0,0,0,0,0,1,,,0,,,,,,,,,,,,,,,
ITA-Serie A,2324,Udinese,Enzo Ebosse,CMR,DF,24,1999,1,0,8,0.1,0,0,0,0,0,0,0,0,0.0,0.0,0.0,0.0,0.0,0.1,0,0,0,,0.0,0.0,,,0,0,8,0.2,0,,0,1,8,0,1.0,0,0,0,0.0,0.42,0,0,0,0,0,1,1,,,0,,,,,,,,,,,,,,,
ITA-Serie A,2324,Udinese,Festy Ebosele,IRL,MF,20,2002,31,20,1700,18.9,0,0,0,0,0,0,6,1,0.0,0.0,0.0,0.0,0.0,18.9,0,16,5,31.3,0.85,0.26,0.0,0.0,0,0,55,49.7,20,70,4,11,27,6,0.9,20,29,-9,-0.48,-0.11,1,29,45,1,44,11,20,,,0,,,,,,,,,,,,,,,
ITA-Serie A,2324,Udinese,Florian Thauvin,FRA,FW,30,1993,29,19,1710,19.0,5,3,8,4,1,1,4,0,0.26,0.16,0.42,0.21,0.37,19.0,5,48,15,31.3,2.53,0.79,0.1,0.33,1,1,59,50.0,19,79,4,10,20,3,0.9,15,28,-13,-0.68,-0.53,0,14,26,6,79,3,5,,,0,,,,,,,,,,,,,,,
ITA-Serie A,2324,Udinese,Hassane Kamara,CIV,MF,29,1994,35,27,2225,24.7,1,1,2,1,0,0,4,0,0.04,0.04,0.08,0.04,0.08,24.7,1,26,8,30.8,1.05,0.32,0.04,0.13,0,0,64,65.1,27,76,4,8,20,2,0.94,24,30,-6,-0.24,0.51,0,21,8,6,70,25,32,,,0,,,,,,,,,,,,,,,
ITA-Serie A,2324,Udinese,Isaac Success,NGA,"FW,MF",27,1996,27,9,880,9.8,1,1,2,1,0,1,4,0,0.1,0.1,0.2,0.1,0.2,9.8,1,19,5,26.3,1.94,0.51,0.05,0.2,0,1,33,25.7,9,62,2,18,18,9,1.0,11,15,-4,-0.41,0.02,0,27,34,1,2,2,4,,,0,,,,,,,,,,,,,,,
ITA-Serie A,2324,Udinese,Jaka Bijol,SVN,DF,24,1999,24,23,2084,23.2,0,0,0,0,0,0,4,0,0.0,0.0,0.0,0.0,0.0,23.2,0,15,2,13.3,0.65,0.09,0.0,0.0,0,0,87,60.9,23,90,23,1,14,0,1.0,18,29,-11,-0.48,-0.14,0,28,7,0,1,23,28,,,0,,,,,,,,,,,,,,,
ITA-Serie A,2324,Udinese,Jordan Zemura,ZIM,MF,23,1999,27,10,1038,11.5,1,0,1,1,0,0,1,0,0.09,0.0,0.09,0.09,0.09,11.5,1,5,3,60.0,0.43,0.26,0.2,0.33,0,0,38,30.4,10,73,0,17,18,7,0.93,11,17,-6,-0.52,-0.14,0,15,15,0,21,15,16,,,0,,,,,,,,,,,,,,,
ITA-Serie A,2324,Udinese,João Ferreira,POR,"DF,MF",22,2001,35,18,1822,20.2,0,1,1,0,0,0,9,0,0.0,0.05,0.05,0.0,0.05,20.2,0,3,0,0.0,0.15,0.0,0.0,,0,0,52,53.3,18,80,11,17,22,2,1.0,25,31,-6,-0.3,0.27,0,35,11,2,21,30,43,,,0,,,,,,,,,,,,,,,
ITA-Serie A,2324,Udinese,Keinan Davis,ENG,FW,25,1998,8,0,186,2.1,1,0,1,1,0,0,2,0,0.48,0.0,0.48,0.48,0.48,2.1,1,6,3,50.0,2.9,1.45,0.17,0.33,0,0,23,5.4,0,,0,8,23,6,1.5,4,2,2,0.97,1.47,0,5,3,3,0,0,0,,,0,,,,,,,,,,,,,,,
ITA-Serie A,2324,Udinese,Kingsley Ehizibue,NED,MF,28,1995,23,11,955,10.6,0,1,1,0,0,0,4,0,0.0,0.09,0.09,0.0,0.09,10.6,0,18,3,16.7,1.7,0.28,0.0,0.0,0,0,42,27.9,11,63,0,12,22,1,0.87,9,15,-6,-0.57,-0.2,0,12,21,5,16,9,14,,,0,,,,,,,,,,,,,,,
ITA-Serie A,2324,Udinese,Lautaro Gianetti,ARG,DF,29,1993,7,7,630,7.0,1,0,1,1,0,0,4,0,0.14,0.0,0.14,0.14,0.14,7.0,1,3,2,66.7,0.43,0.29,0.33,0.5,0,0,90,18.4,7,90,7,0,,9,1.29,5,7,-2,-0.29,0.17,0,9,0,0,0,18,4,,,1,,,,,,,,,,,,,,,
ITA-Serie A,2324,Udinese,Lazar Samardzic,SRB,MF,21,2002,34,28,2372,26.4,6,2,8,5,1,1,3,0,0.23,0.08,0.3,0.19,0.27,26.4,6,57,17,29.8,2.16,0.65,0.11,0.35,1,1,70,69.4,28,79,14,6,27,4,1.03,23,28,-5,-0.19,0.75,0,29,18,0,126,9,17,,,0,,,,,,,,,,,,,,,
ITA-Serie A,2324,Udinese,Lorenzo Lucca,ITA,FW,22,2000,37,30,2592,28.8,8,4,12,8,0,0,6,0,0.28,0.14,0.42,0.28,0.42,28.8,8,61,26,42.6,2.12,0.9,0.13,0.31,0,0,70,75.8,30,80,13,7,26,0,1.0,28,38,-10,-0.35,0.3,0,52,54,21,8,4,11,,,0,,,,,,,,,,,,,,,
ITA-Serie A,2324,Udinese,Maduka Okoye,NGA,GK,23,1999,21,21,1890,21.0,0,0,0,0,0,0,2,0,0.0,0.0,0.0,0.0,0.0,21.0,0,0,0,,0.0,0.0,,,0,0,90,55.3,21,90,21,0,,16,1.1,22,25,-3,-0.14,0.62,0,1,4,0,0,1,0,,,0,25,1.19,90,65,72.2,5,8,8,4,19.0,3,3,0,0,0.0
ITA-Serie A,2324,Udinese,Marco Silvestri,ITA,GK,32,1991,17,17,1530,17.0,0,0,0,0,0,0,0,0,0.0,0.0,0.0,0.0,0.0,17.0,0,0,0,,0.0,0.0,,,0,0,90,44.7,17,90,17,0,,16,0.82,15,28,-13,-0.76,-0.62,0,0,1,0,0,0,0,,,0,28,1.65,69,41,59.4,1,11,5,4,23.5,6,6,0,0,0.0
ITA-Serie A,2324,Udinese,Marley Aké,FRA,"FW,MF",22,2001,1,0,10,0.1,0,0,0,0,0,0,0,0,0.0,0.0,0.0,0.0,0.0,0.1,0,0,0,,0.0,0.0,,,0,0,10,0.3,0,,0,1,10,14,1.0,0,0,0,0.0,0.42,0,0,0,0,0,0,0,,,0,,,,,,,,,,,,,,,
ITA-Serie A,2324,Udinese,Martín Payero,ARG,MF,24,1998,29,21,1796,20.0,2,2,4,2,0,0,6,1,0.1,0.1,0.2,0.1,0.2,20.0,2,38,8,21.1,1.9,0.4,0.05,0.25,0,0,62,52.5,21,77,9,8,21,4,0.97,24,29,-5,-0.25,0.36,0,45,28,1,20,13,33,,,0,,,,,,,,,,,,,,,
ITA-Serie A,2324,Udinese,Nehuén Pérez,ARG,DF,23,2000,36,36,3238,36.0,0,0,0,0,0,0,9,1,0.0,0.0,0.0,0.0,0.0,36.0,0,20,2,10.0,0.56,0.06,0.0,0.0,0,0,90,94.7,36,90,34,0,,0,1.0,36,49,-13,-0.36,1.12,1,34,17,0,20,45,49,,,0,,,,,,,,,,,,,,,
ITA-Serie A,2324,Udinese,Oier Zarraga,ESP,MF,24,1999,15,4,404,4.5,2,0,2,2,0,0,0,0,0.45,0.0,0.45,0.45,0.45,4.5,2,6,2,33.3,1.34,0.45,0.33,1.0,0,0,27,11.8,4,74,2,11,10,23,1.07,6,10,-4,-0.89,-0.53,0,3,3,0,5,5,3,,,0,,,,,,,,,,,,,,,
ITA-Serie A,2324,Udinese,Roberto Pereyra,ARG,"FW,MF",32,1991,27,22,1858,20.6,4,3,7,3,1,1,6,0,0.19,0.15,0.34,0.15,0.29,20.6,4,28,9,32.1,1.36,0.44,0.14,0.44,1,1,69,54.3,22,80,13,5,20,4,0.93,25,30,-5,-0.24,0.39,0,23,32,6,24,7,10,,,0,,,,,,,,,,,,,,,
ITA-Serie A,2324,Udinese,Sandi Lovrić,SVN,MF,25,1998,29,21,1987,22.1,1,3,4,1,0,0,1,1,0.05,0.14,0.18,0.05,0.18,22.1,1,43,12,27.9,1.95,0.54,0.02,0.08,0,0,69,58.1,21,85,11,8,24,0,0.9,21,34,-13,-0.59,-0.4,0,25,23,1,81,21,13,,,0,,,,,,,,,,,,,,,
ITA-Serie A,2324,Udinese,Simone Pafundi,ITA,FW,17,2006,1,0,8,0.1,0,0,0,0,0,0,0,0,0.0,0.0,0.0,0.0,0.0,0.1,0,0,0,,0.0,0.0,,,0,0,8,0.2,0,,0,1,8,12,0.0,0,1,-1,-11.25,-10.85,0,1,0,0,1,0,0,,,0,,,,,,,,,,,,,,,
ITA-Serie A,2324,Udinese,Thomas Kristensen,DEN,DF,21,2002,26,23,2096,23.3,0,1,1,0,0,0,4,1,0.0,0.04,0.04,0.0,0.04,23.3,0,10,3,30.0,0.43,0.13,0.0,0.0,0,0,81,61.3,23,87,20,3,29,6,0.88,23,34,-11,-0.47,-0.13,1,26,7,1,1,29,23,,,0,,,,,,,,,,,,,,,
ITA-Serie A,2324,Udinese,Vivaldo Semedo,POR,FW,18,2005,1,0,12,0.1,0,0,0,0,0,0,0,0,0.0,0.0,0.0,0.0,0.0,0.1,0,0,0,,0.0,0.0,,,0,0,12,0.4,0,,0,1,12,3,1.0,0,0,0,0.0,0.42,0,1,2,0,0,0,0,,,0,,,,,,,,,,,,,,,
ITA-Serie A,2324,Udinese,Walace,BRA,MF,28,1995,37,37,3238,36.0,2,0,2,2,0,0,7,0,0.06,0.0,0.06,0.06,0.06,36.0,2,27,9,33.3,0.75,0.25,0.07,0.22,0,0,88,94.7,37,88,30,0,,0,0.92,32,48,-16,-0.44,-0.44,0,42,46,0,12,43,43,,,0,,,,,,,,,,,,,,,
,2324,Augsburg,Arne Engels,BEL,"MF,DF",19,2003,32,13,1405,15.6,3,2,5,3,0,0,1,1,0.19,0.13,0.32,0.19,0.32,15.6,3,20,7,35.0,1.28,0.45,0.15,0.43,0,0,44,45.9,13,74,2,19,23,0,1.22,25,21,4,0.26,1.02,0,24,15,1,82,14,21,,,0,,,,,,,,,,,,,,,
,2324,Augsburg,Arne Maier,GER,"MF,FW",24,1999,22,10,1003,11.1,2,4,6,2,0,0,0,0,0.18,0.36,0.54,0.18,0.54,11.1,2,22,5,22.7,1.97,0.45,0.09,0.4,0,0,46,32.8,10,77,3,12,19,5,1.0,20,19,1,0.09,0.57,0,4,4,0,83,6,9,,,0,,,,,,,,,,,,,,,
,2324,Augsburg,Dion Drena Beljo,CRO,"FW,MF",21,2002,26,3,581,6.5,2,0,2,2,0,0,2,0,0.31,0.0,0.31,0.31,0.31,6.5,2,19,9,47.4,2.94,1.39,0.11,0.22,0,0,22,19.0,3,74,1,23,16,5,1.12,10,14,-4,-0.62,-0.4,0,9,7,6,3,1,0,,,0,,,,,,,,,,,,,,,
,2324,Augsburg,Elvis Rexhbeçaj,KVX,MF,25,1997,25,24,1985,22.1,2,0,2,1,1,1,4,0,0.09,0.0,0.09,0.05,0.05,22.1,2,28,4,14.3,1.27,0.18,0.07,0.5,1,1,79,64.9,24,81,14,1,31,1,1.2,29,40,-11,-0.5,-0.58,0,20,42,2,22,20,21,,,0,,,,,,,,,,,,,,,
,2324,Augsburg,Ermedin Demirović,BIH,"FW,MF",25,1998,33,33,2873,31.9,15,9,24,12,3,4,7,0,0.47,0.28,0.75,0.38,0.66,31.9,15,82,36,43.9,2.57,1.13,0.18,0.42,3,4,87,93.9,33,87,23,0,,0,1.15,47,56,-9,-0.28,0.2,0,60,35,16,10,11,14,,,0,,,,,,,,,,,,,,,
,2324,Augsburg,Finn Dahmen,GER,GK,25,1998,31,31,2790,31.0,0,0,0,0,0,0,4,0,0.0,0.0,0.0,0.0,0.0,31.0,0,0,0,,0.0,0.0,,,0,0,90,91.2,31,90,31,0,,0,1.26,48,52,-4,-0.13,1.87,0,2,4,0,0,0,0,,,1,52,1.68,160,108,67.5,10,9,12,3,9.7,10,7,2,1,22.2
,2324,Augsburg,Fredrik Jensen,FIN,MF,25,1997,22,18,1338,14.9,2,4,6,2,0,0,1,0,0.13,0.27,0.4,0.13,0.4,14.9,2,14,5,35.7,0.94,0.34,0.14,0.4,0,0,61,43.7,18,70,0,4,19,2,1.45,26,22,4,0.27,1.0,0,14,2,5,91,13,13,,,0,,,,,,,,,,,,,,,
,2324,Augsburg,Iago,BRA,"DF,MF",26,1997,23,18,1622,18.0,1,1,2,1,0,0,4,0,0.06,0.06,0.11,0.06,0.11,18.0,1,18,7,38.9,1.0,0.39,0.06,0.14,0,0,71,53.0,18,82,12,5,29,0,1.43,29,20,9,0.5,1.69,0,15,23,4,45,17,17,,,0,,,,,,,,,,,,,,,
,2324,Augsburg,Irvin Cardona,MLT,"FW,MF",25,1997,3,0,54,0.6,0,0,0,0,0,0,1,0,0.0,0.0,0.0,0.0,0.0,0.6,0,3,0,0.0,5.0,0.0,0.0,,0,0,18,1.8,0,,0,3,18,1,0.33,2,1,1,1.67,2.0,0,1,0,0,5,0,1,,,0,,,,,,,,,,,,,,,
,2324,Augsburg,Jeffrey Gouweleeuw,NED,DF,32,1991,30,29,2593,28.8,1,0,1,1,0,0,7,0,0.03,0.0,0.03,0.03,0.03,28.8,1,23,3,13.0,0.8,0.1,0.04,0.33,0,0,86,84.7,29,88,27,1,45,0,1.13,40,46,-6,-0.21,0.56,0,26,9,4,16,34,24,,,0,,,,,,,,,,,,,,,
,2324,Augsburg,Kevin Mbabu,SUI,"DF,MF",28,1995,25,22,2047,22.7,0,2,2,0,0,0,5,0,0.0,0.09,0.09,0.0,0.09,22.7,0,4,1,25.0,0.18,0.04,0.0,0.0,0,0,82,66.9,22,88,18,3,41,1,1.12,28,37,-9,-0.4,-0.31,0,45,26,2,100,22,40,,,0,,,,,,,,,,,,,,,
,2324,Augsburg,Kristijan Jakić,CRO,MF,26,1997,14,13,1051,11.7,2,1,3,2,0,0,4,0,0.17,0.09,0.26,0.17,0.26,11.7,2,13,5,38.5,1.11,0.43,0.15,0.4,0,0,75,34.3,13,78,8,1,31,0,1.29,17,15,2,0.17,0.71,0,18,17,0,6,18,12,,,0,,,,,,,,,,,,,,,
,2324,Augsburg,Mads Pedersen,DEN,"DF,MF",26,1996,27,19,1786,19.8,1,1,2,1,0,0,5,1,0.05,0.05,0.1,0.05,0.1,19.8,1,14,1,7.1,0.71,0.05,0.07,1.0,0,0,66,58.4,19,83,14,8,25,3,0.96,29,43,-14,-0.71,-0.99,0,34,26,2,54,18,40,,,0,,,,,,,,,,,,,,,
,2324,Augsburg,Mahmut Kücüksahin,,DF,19,2004,1,0,1,0.0,0,0,0,0,0,0,0,0,0.0,0.0,0.0,0.0,0.0,0.0,0,0,0,,0.0,0.0,,,0,0,1,0.0,0,,0,1,1,0,0.0,0,0,0,0.0,0.29,0,0,0,0,0,0,0,,,0,,,,,,,,,,,,,,,
,2324,Augsburg,Masaya Okugawa,JPN,"FW,MF",27,1996,2,0,32,0.4,0,0,0,0,0,0,0,0,0.0,0.0,0.0,0.0,0.0,0.4,0,0,0,,0.0,0.0,,,0,0,16,1.0,0,,0,2,16,3,1.5,2,0,2,5.63,5.98,0,0,0,0,0,0,0,,,0,,,,,,,,,,,,,,,
,2324,Augsburg,Maximilian Bauer,GER,DF,23,2000,14,9,810,9.0,1,0,1,1,0,0,3,0,0.11,0.0,0.11,0.11,0.11,9.0,1,4,1,25.0,0.44,0.11,0.25,1.0,0,0,58,26.5,9,83,6,5,12,15,1.57,15,22,-7,-0.78,-0.66,0,13,11,0,1,12,10,,,0,,,,,,,,,,,,,,,
,2324,Augsburg,Mergim Berisha,GER,FW,25,1998,2,2,122,1.4,0,0,0,0,0,0,0,0,0.0,0.0,0.0,0.0,0.0,1.4,0,5,0,0.0,3.69,0.0,0.0,,0,0,61,4.0,2,61,0,0,,0,0.5,3,5,-2,-1.48,-1.23,0,0,3,1,1,0,0,,,0,,,,,,,,,,,,,,,
,2324,Augsburg,Mert Kömür,GER,FW,18,2005,4,1,118,1.3,1,0,1,1,0,0,0,0,0.76,0.0,0.76,0.76,0.76,1.3,1,2,1,50.0,1.53,0.76,0.5,1.0,0,0,30,3.9,1,73,0,3,15,8,0.75,2,3,-1,-0.76,-0.49,0,2,2,0,1,1,3,,,0,,,,,,,,,,,,,,,
,2324,Augsburg,Nathanaël Mbuku,COD,"FW,MF",21,2002,1,0,5,0.1,0,0,0,0,0,0,0,0,0.0,0.0,0.0,0.0,0.0,0.1,0,1,0,0.0,18.0,0.0,0.0,,0,0,5,0.2,0,,0,1,5,5,0.0,0,0,0,0.0,0.29,0,0,0,0,0,0,0,,,0,,,,,,,,,,,,,,,
,2324,Augsburg,Niklas Dorsch,GER,MF,25,1998,21,16,1386,15.4,0,0,0,0,0,0,5,0,0.0,0.0,0.0,0.0,0.0,15.4,0,14,0,0.0,0.91,0.0,0.0,,0,0,66,45.3,16,81,9,5,17,5,1.14,20,30,-10,-0.65,-0.65,0,19,27,0,3,16,24,,,0,,,,,,,,,,,,,,,
,2324,Augsburg,Ohis Felix Uduokhai,GER,DF,25,1997,33,33,2921,32.5,2,0,2,2,0,0,5,1,0.06,0.0,0.06,0.06,0.06,32.5,2,13,3,23.1,0.4,0.09,0.15,0.67,0,0,89,95.5,33,89,31,0,,0,1.15,49,59,-10,-0.31,-0.31,1,28,23,0,3,44,18,,,1,,,,,,,,,,,,,,,
,2324,Augsburg,Patric Pfeiffer,GHA,DF,23,1999,11,4,511,5.7,0,1,1,0,0,0,0,0,0.0,0.18,0.18,0.0,0.18,5.7,0,11,0,0.0,1.94,0.0,0.0,,0,0,46,16.7,4,81,2,7,27,11,0.64,3,14,-11,-1.94,-1.97,0,7,4,0,2,12,7,,,0,,,,,,,,,,,,,,,
,2324,Augsburg,Pep Biel,ESP,"FW,MF",26,1996,11,0,285,3.2,0,0,0,0,0,0,1,0,0.0,0.0,0.0,0.0,0.0,3.2,0,6,1,16.7,1.89,0.32,0.0,0.0,0,0,26,9.3,0,,0,11,26,3,1.09,4,4,0,0.0,0.32,0,8,0,0,12,2,3,,,0,,,,,,,,,,,,,,,
,2324,Augsburg,Phillip Tietz,GER,FW,26,1997,34,31,2382,26.5,8,4,12,8,0,0,1,0,0.3,0.15,0.45,0.3,0.45,26.5,8,52,19,36.5,1.96,0.72,0.15,0.42,0,0,70,77.8,31,74,4,3,30,0,1.15,41,45,-4,-0.15,0.65,0,41,17,16,7,5,14,,,0,,,,,,,,,,,,,,,
,2324,Augsburg,Robert Gumny,POL,"DF,MF",25,1998,13,6,481,5.3,0,0,0,0,0,0,3,0,0.0,0.0,0.0,0.0,0.0,5.3,0,3,1,33.3,0.56,0.19,0.0,0.0,0,0,37,15.7,6,64,2,7,14,10,0.85,9,9,0,0.0,0.35,0,8,5,0,9,7,5,,,0,,,,,,,,,,,,,,,
,2324,Augsburg,Ruben Vargas,SUI,"MF,FW",24,1998,31,25,1962,21.8,4,5,9,4,0,0,3,0,0.18,0.23,0.41,0.18,0.41,21.8,4,49,17,34.7,2.25,0.78,0.08,0.24,0,0,63,64.1,25,72,3,6,26,0,1.16,32,41,-9,-0.41,-0.33,0,33,28,17,63,5,13,,,0,,,,,,,,,,,,,,,
,2324,Augsburg,Sven Michel,GER,"FW,MF",33,1990,22,5,583,6.5,2,1,3,1,1,2,2,0,0.31,0.15,0.46,0.15,0.31,6.5,2,14,7,50.0,2.16,1.08,0.14,0.29,1,2,27,19.1,5,64,0,17,15,8,1.09,12,15,-3,-0.46,-0.21,0,11,4,4,11,0,5,,,0,,,,,,,,,,,,,,,
,2324,Augsburg,Tim Breithaupt,GER,MF,21,2002,16,6,629,7.0,0,0,0,0,0,0,3,0,0.0,0.0,0.0,0.0,0.0,7.0,0,3,0,0.0,0.43,0.0,0.0,,0,0,39,20.6,6,70,1,10,21,13,0.88,6,19,-13,-1.86,-1.97,0,12,4,0,2,8,12,,,0,,,,,,,,,,,,,,,
,2324,Augsburg,Tomáš Koubek,CZE,GK,30,1992,3,3,270,3.0,0,0,0,0,0,0,0,0,0.0,0.0,0.0,0.0,0.0,3.0,0,0,0,,0.0,0.0,,,0,0,90,8.8,3,90,3,0,,31,0.0,2,8,-6,-2.0,-1.87,0,0,0,0,0,0,1,,,0,8,2.67,25,17,68.0,0,0,3,0,0.0,0,0,0,0,
,2324,Bayern Munich,Aleksandar Pavlovic,GER,MF,19,2004,19,14,1227,13.6,2,2,4,2,0,0,6,0,0.15,0.15,0.29,0.15,0.29,13.6,2,8,2,25.0,0.59,0.15,0.25,1.0,0,0,65,40.1,14,79,7,5,25,6,2.42,35,16,19,1.39,-0.08,0,20,16,0,18,17,19,,,0,,,,,,,,,,,,,,,
,2324,Bayern Munich,Alphonso Davies,CAN,DF,22,2000,29,24,2065,22.9,2,5,7,2,0,0,0,0,0.09,0.22,0.31,0.09,0.31,22.9,2,13,4,30.8,0.57,0.17,0.15,0.5,0,0,71,67.5,24,81,16,5,23,2,2.17,66,30,36,1.57,0.39,0,16,20,0,31,25,24,,,0,,,,,,,,,,,,,,,
,2324,Bayern Munich,Bouna Sarr,SEN,DF,31,1992,2,1,106,1.2,0,0,0,0,0,0,0,0,0.0,0.0,0.0,0.0,0.0,1.2,0,1,1,100.0,0.85,0.85,0.0,0.0,0,0,53,3.5,1,90,1,1,16,8,3.0,4,2,2,1.7,0.27,0,0,1,0,1,0,0,,,0,,,,,,,,,,,,,,,
,2324,Bayern Munich,Bryan Zaragoza,ESP,MF,21,2001,7,1,183,2.0,0,0,0,0,0,0,1,0,0.0,0.0,0.0,0.0,0.0,2.0,0,7,4,57.1,3.44,1.97,0.0,0.0,0,0,26,6.0,1,74,0,6,18,6,1.29,4,6,-2,-0.98,-2.58,0,2,1,1,10,1,3,,,0,,,,,,,,,,,,,,,
,2324,Bayern Munich,Daniel Peretz,ISR,GK,23,2000,1,0,17,0.2,0,0,0,0,0,0,0,0,0.0,0.0,0.0,0.0,0.0,0.2,0,0,0,,0.0,0.0,,,0,0,17,0.6,0,,0,1,17,13,3.0,0,0,0,0.0,-1.45,0,0,0,0,0,0,0,,,0,0,0.0,0,0,,0,0,0,0,,0,0,0,0,
,2324,Bayern Munich,Dayot Upamecano,FRA,DF,24,1998,25,19,1762,19.6,1,0,1,1,0,0,3,1,0.05,0.0,0.05,0.05,0.05,19.6,1,11,4,36.4,0.56,0.2,0.09,0.25,0,0,70,57.6,19,82,14,6,34,3,1.92,43,28,15,0.77,-1.59,1,22,8,2,3,16,21,,,0,,,,,,,,,,,,,,,
,2324,Bayern Munich,Eric Dier,ENG,DF,29,1994,15,13,1166,13.0,0,0,0,0,0,0,1,0,0.0,0.0,0.0,0.0,0.0,13.0,0,9,4,44.4,0.69,0.31,0.0,0.0,0,0,78,38.1,13,85,11,2,29,3,1.87,35,21,14,1.08,-0.58,0,12,9,1,7,9,8,,,0,,,,,,,,,,,,,,,
,2324,Bayern Munich,Eric Maxim Choupo-Moting,CMR,MF,34,1989,27,7,717,8.0,2,2,4,2,0,0,1,0,0.25,0.25,0.5,0.25,0.5,8.0,2,26,12,46.2,3.26,1.51,0.08,0.17,0,0,27,23.4,7,76,3,20,9,5,2.0,27,19,8,1.0,-0.57,0,10,7,2,11,6,12,,,0,,,,,,,,,,,,,,,
,2324,Bayern Munich,Frans Krätzig,GER,"DF,MF",20,2003,4,0,56,0.6,0,0,0,0,0,0,0,0,0.0,0.0,0.0,0.0,0.0,0.6,0,2,2,100.0,3.21,3.21,0.0,0.0,0,0,14,1.8,0,,0,4,14,16,3.0,6,0,6,9.64,8.35,0,0,0,1,0,0,0,,,0,,,,,,,,,,,,,,,
,2324,Bayern Munich,Harry Kane,ENG,FW,30,1993,32,32,2839,31.5,36,8,44,31,5,5,2,0,1.14,0.25,1.39,0.98,1.24,31.5,36,146,67,45.9,4.63,2.12,0.25,0.54,5,5,89,92.8,32,89,27,0,,0,2.16,85,39,46,1.46,0.24,0,10,39,13,30,8,9,,,0,,,,,,,,,,,,,,,
,2324,Bayern Munich,Jamal Musiala,GER,MF,20,2003,24,20,1755,19.5,10,5,15,10,0,0,2,0,0.51,0.26,0.77,0.51,0.77,19.5,10,58,21,36.2,2.97,1.08,0.17,0.48,0,0,73,57.4,20,82,4,4,28,1,2.0,54,21,33,1.69,0.59,0,26,39,2,9,13,25,,,0,,,,,,,,,,,,,,,
,2324,Bayern Munich,Jonathan Asp Jensen,DEN,FW,17,2006,1,0,1,0.0,0,0,0,0,0,0,0,0,0.0,0.0,0.0,0.0,0.0,0.0,0,0,0,,0.0,0.0,,,0,0,1,0.0,0,,0,1,1,0,3.0,0,0,0,0.0,-1.44,0,0,0,0,0,0,0,,,0,,,,,,,,,,,,,,,
,2324,Bayern Munich,Joshua Kimmich,GER,"MF,DF",28,1995,28,27,2176,24.2,1,6,7,1,0,0,1,1,0.04,0.25,0.29,0.04,0.29,24.2,1,25,7,28.0,1.03,0.29,0.04,0.14,0,0,78,71.1,27,79,17,1,31,0,1.93,62,31,31,1.28,-0.55,0,11,24,2,194,13,33,,,0,,,,,,,,,,,,,,,
,2324,Bayern Munich,Kim Min-jae,KOR,DF,26,1996,25,22,1970,21.9,1,1,2,1,0,0,3,0,0.05,0.05,0.09,0.05,0.09,21.9,1,10,3,30.0,0.46,0.14,0.1,0.33,0,0,79,64.4,22,86,18,3,24,3,2.16,61,28,33,1.51,0.19,0,19,2,1,2,42,23,,,0,,,,,,,,,,,,,,,
,2324,Bayern Munich,Kingsley Coman,FRA,MF,27,1996,17,15,1113,12.4,3,3,6,3,0,0,1,0,0.24,0.24,0.49,0.24,0.49,12.4,3,34,8,23.5,2.75,0.65,0.09,0.38,0,0,65,36.4,15,71,2,2,23,1,2.35,30,11,19,1.54,0.15,0,6,19,1,60,2,7,,,0,,,,,,,,,,,,,,,
,2324,Bayern Munich,Konrad Laimer,AUT,"MF,DF",26,1997,29,18,1772,19.7,0,3,3,0,0,0,3,0,0.0,0.15,0.15,0.0,0.15,19.7,0,17,5,29.4,0.86,0.25,0.0,0.0,0,0,61,57.9,18,83,12,11,25,1,2.28,61,25,36,1.83,0.92,0,28,15,2,29,15,34,,,0,,,,,,,,,,,,,,,
,2324,Bayern Munich,Leon Goretzka,GER,MF,28,1995,30,25,2241,24.9,6,7,13,6,0,0,3,0,0.24,0.28,0.52,0.24,0.52,24.9,6,56,15,26.8,2.25,0.6,0.11,0.4,0,0,75,73.2,25,84,17,5,28,0,2.0,64,39,25,1.0,-1.63,0,23,14,2,10,30,21,,,0,,,,,,,,,,,,,,,
,2324,Bayern Munich,Leroy Sané,GER,MF,27,1996,27,25,2137,23.7,8,11,19,8,0,0,4,0,0.34,0.46,0.8,0.34,0.8,23.7,8,73,28,38.4,3.07,1.18,0.11,0.29,0,0,79,69.8,25,84,16,2,24,0,2.19,67,26,41,1.73,0.95,0,26,21,10,87,7,8,,,0,,,,,,,,,,,,,,,
,2324,Bayern Munich,Lovro Zvonarek,CRO,MF,18,2005,5,1,163,1.8,1,0,1,1,0,0,0,0,0.55,0.0,0.55,0.55,0.55,1.8,1,1,1,100.0,0.55,0.55,1.0,1.0,0,0,33,5.3,1,89,0,4,19,9,2.4,2,4,-2,-1.1,-2.69,0,3,0,1,1,0,0,,,0,,,,,,,,,,,,,,,
,2324,Bayern Munich,Manuel Neuer,GER,GK,37,1986,23,23,2053,22.8,0,0,0,0,0,0,1,0,0.0,0.0,0.0,0.0,0.0,22.8,0,0,0,,0.0,0.0,,,0,0,89,67.1,23,89,22,0,,0,2.13,64,33,31,1.36,-0.25,0,1,2,0,0,0,1,,,0,33,1.45,92,59,64.1,16,1,6,6,26.1,3,2,1,0,33.3
,2324,Bayern Munich,Mathys Tel,FRA,"MF,FW",18,2005,30,6,1050,11.7,7,5,12,7,0,0,2,0,0.6,0.43,1.03,0.6,1.03,11.7,7,43,18,41.9,3.69,1.54,0.16,0.39,0,0,35,34.3,6,85,4,24,22,4,2.1,37,17,20,1.71,0.42,0,18,15,3,19,7,3,,,0,,,,,,,,,,,,,,,
,2324,Bayern Munich,Matteo Perez Vinlöf,SWE,DF,17,2005,1,0,16,0.2,0,0,0,0,0,0,0,0,0.0,0.0,0.0,0.0,0.0,0.2,0,0,0,,0.0,0.0,,,0,0,16,0.5,0,,0,1,16,1,3.0,0,0,0,0.0,-1.45,0,1,1,0,1,1,0,,,0,,,,,,,,,,,,,,,
,2324,Bayern Munich,Matthijs de Ligt,NED,DF,23,1999,22,16,1390,15.4,2,0,2,2,0,0,5,0,0.13,0.0,0.13,0.13,0.13,15.4,2,14,7,50.0,0.91,0.45,0.14,0.29,0,0,63,45.4,16,82,12,6,14,4,2.36,48,21,27,1.75,0.56,0,12,8,0,2,13,11,,,0,,,,,,,,,,,,,,,
,2324,Bayern Munich,Noussair Mazraoui,MAR,DF,25,1997,19,15,1197,13.3,0,3,3,0,0,0,3,0,0.0,0.23,0.23,0.0,0.23,13.3,0,12,3,25.0,0.9,0.23,0.0,0.0,0,0,63,39.1,15,73,8,4,24,2,2.11,40,16,24,1.8,0.6,0,10,11,0,19,21,20,,,0,,,,,,,,,,,,,,,
,2324,Bayern Munich,Raphaël Guerreiro,POR,"MF,DF",29,1993,20,13,1191,13.2,3,0,3,3,0,0,2,0,0.23,0.0,0.23,0.23,0.23,13.2,3,18,6,33.3,1.36,0.45,0.17,0.5,0,0,60,38.9,13,75,5,7,31,2,1.9,32,17,15,1.13,-0.5,0,3,7,0,43,13,16,,,0,,,,,,,,,,,,,,,
,2324,Bayern Munich,Ryan Gravenberch,NED,MF,21,2002,1,0,10,0.1,0,0,0,0,0,0,1,0,0.0,0.0,0.0,0.0,0.0,0.1,0,0,0,,0.0,0.0,,,0,0,10,0.3,0,,0,1,10,1,3.0,0,1,-1,-9.0,-10.48,0,1,0,0,0,0,0,,,0,,,,,,,,,,,,,,,
,2324,Bayern Munich,Sacha Boey,FRA,MF,22,2000,2,1,109,1.2,0,0,0,0,0,0,1,0,0.0,0.0,0.0,0.0,0.0,1.2,0,1,0,0.0,0.83,0.0,0.0,,0,0,55,3.6,1,80,0,1,29,2,1.5,2,2,0,0.0,-1.49,0,6,3,0,0,1,0,,,0,,,,,,,,,,,,,,,
,2324,Bayern Munich,Serge Gnabry,GER,MF,28,1995,10,5,432,4.8,3,1,4,3,0,0,0,0,0.62,0.21,0.83,0.62,0.83,4.8,3,17,6,35.3,3.54,1.25,0.18,0.5,0,0,43,14.1,5,66,0,5,21,3,1.6,15,6,9,1.87,0.51,0,6,2,1,10,3,5,,,0,,,,,,,,,,,,,,,
,2324,Bayern Munich,Sven Ulreich,GER,GK,34,1988,11,11,990,11.0,0,0,0,0,0,0,1,0,0.0,0.0,0.0,0.0,0.0,11.0,0,0,0,,0.0,0.0,,,0,0,90,32.4,11,90,11,0,,21,2.09,30,12,18,1.64,0.29,0,0,0,0,0,0,0,,,0,12,1.09,31,19,61.3,7,2,2,4,36.4,1,1,0,0,0.0
,2324,Bayern Munich,Thomas Müller,GER,MF,33,1989,31,20,1654,18.4,5,9,14,5,0,0,0,0,0.27,0.49,0.76,0.27,0.76,18.4,5,35,13,37.1,1.9,0.71,0.14,0.38,0,0,53,54.1,20,74,4,11,16,3,2.19,51,22,29,1.58,0.3,0,12,22,15,56,2,14,,,0,,,,,,,,,,,,,,,
,2324,Bochum,Andreas Luthe,GER,GK,36,1987,1,1,90,1.0,0,0,0,0,0,0,0,0,0.0,0.0,0.0,0.0,0.0,1.0,0,0,0,,0.0,0.0,,,0,0,90,2.9,1,90,1,0,,11,0.0,1,4,-3,-3.0,-2.12,0,0,0,0,0,0,0,,,0,4,4.0,5,1,20.0,0,0,1,0,0.0,0,0,0,0,
,2324,Bochum,Anthony Losilla,FRA,MF,37,1986,31,31,2576,28.6,1,2,3,1,0,0,10,0,0.03,0.07,0.1,0.03,0.1,28.6,1,27,6,22.2,0.94,0.21,0.04,0.17,0,0,83,84.2,31,83,19,0,,0,0.94,32,54,-22,-0.77,1.09,0,38,22,5,6,24,36,,,0,,,,,,,,,,,,,,,
,2324,Bochum,Bernardo,BRA,DF,28,1995,33,33,2924,32.5,1,0,1,1,0,0,9,0,0.03,0.0,0.03,0.03,0.03,32.5,1,29,8,27.6,0.89,0.25,0.03,0.13,0,0,89,95.6,33,89,31,0,,0,1.0,41,68,-27,-0.83,2.48,0,53,28,1,30,50,61,,,0,,,,,,,,,,,,,,,
,2324,Bochum,Christopher Antwi-Adjei,GHA,"FW,MF",29,1994,25,11,1216,13.5,2,2,4,2,0,0,5,0,0.15,0.15,0.3,0.15,0.3,13.5,2,29,9,31.0,2.15,0.67,0.07,0.22,0,0,49,39.7,11,76,1,14,27,2,1.0,18,28,-10,-0.74,0.33,0,13,17,18,53,2,12,,,0,,,,,,,,,,,,,,,
,2324,Bochum,Cristian Gamboa,CRC,"DF,MF",33,1989,22,12,1187,13.2,0,1,1,0,0,0,6,0,0.0,0.08,0.08,0.0,0.08,13.2,0,6,1,16.7,0.45,0.08,0.0,0.0,0,0,54,38.8,12,82,6,10,21,10,1.14,16,28,-12,-0.91,0.05,0,14,6,0,24,16,16,,,0,,,,,,,,,,,,,,,
,2324,Bochum,Danilo Soares,BRA,MF,31,1991,5,3,351,3.9,0,0,0,0,0,0,0,0,0.0,0.0,0.0,0.0,0.0,3.9,0,4,0,0.0,1.03,0.0,0.0,,0,0,70,11.5,3,88,2,2,44,11,0.6,3,6,-3,-0.77,0.19,0,5,5,0,4,7,6,,,0,,,,,,,,,,,,,,,
,2324,Bochum,Erhan Mašović,SRB,"DF,MF",24,1998,29,24,2219,24.7,0,0,0,0,0,0,7,0,0.0,0.0,0.0,0.0,0.0,24.7,0,17,3,17.6,0.69,0.12,0.0,0.0,0,0,77,72.5,24,87,21,5,24,3,1.0,25,53,-28,-1.14,-0.71,0,22,16,0,5,21,42,,,1,,,,,,,,,,,,,,,
,2324,Bochum,Felix Passlack,GER,"DF,MF",25,1998,15,13,960,10.7,2,2,4,2,0,0,2,1,0.19,0.19,0.37,0.19,0.37,10.7,2,14,3,21.4,1.31,0.28,0.14,0.67,0,0,64,31.4,13,72,3,2,11,11,0.93,14,23,-9,-0.84,0.14,0,14,12,2,39,6,14,,,0,,,,,,,,,,,,,,,
,2324,Bochum,Gonçalo Paciência,POR,FW,28,1994,19,6,650,7.2,3,1,4,3,0,0,3,0,0.42,0.14,0.55,0.42,0.55,7.2,3,39,13,33.3,5.4,1.8,0.08,0.23,0,0,34,21.2,6,67,0,13,19,8,0.79,13,14,-1,-0.14,1.02,0,9,22,2,10,0,4,,,0,,,,,,,,,,,,,,,
,2324,Bochum,Ivan Ordets,UKR,DF,31,1992,24,21,1880,20.9,1,0,1,1,0,0,4,0,0.05,0.0,0.05,0.05,0.05,20.9,1,16,6,37.5,0.77,0.29,0.06,0.17,0,0,78,61.4,21,87,20,3,16,2,0.83,25,57,-32,-1.53,-1.53,0,29,20,3,1,30,13,,,1,,,,,,,,,,,,,,,
,2324,Bochum,Keven Schlotterbeck,GER,DF,26,1997,27,24,2185,24.3,5,1,6,5,0,0,9,0,0.21,0.04,0.25,0.21,0.25,24.3,5,26,12,46.2,1.07,0.49,0.19,0.42,0,0,81,71.4,24,90,23,3,10,2,1.07,33,48,-15,-0.62,1.13,0,38,32,1,12,34,24,,,2,,,,,,,,,,,,,,,
,2324,Bochum,Kevin Stöger,AUT,MF,29,1993,32,32,2668,29.6,7,10,17,3,4,4,8,0,0.24,0.34,0.57,0.1,0.44,29.6,7,75,18,24.0,2.53,0.61,0.09,0.39,4,4,83,87.2,32,83,21,0,,0,0.94,38,65,-27,-0.91,0.24,0,36,63,1,251,19,30,,,0,,,,,,,,,,,,,,,
,2324,Bochum,Lukas Daschner,GER,"FW,MF",24,1998,20,3,536,6.0,1,1,2,1,0,0,2,0,0.17,0.17,0.34,0.17,0.34,6.0,1,13,6,46.2,2.18,1.01,0.08,0.17,0,0,27,17.5,3,73,0,17,19,13,0.7,8,16,-8,-1.34,-0.49,0,4,9,0,20,2,5,,,0,,,,,,,,,,,,,,,
,2324,Bochum,Manuel Riemann,GER,GK,34,1988,33,33,2970,33.0,0,0,0,0,0,0,5,0,0.0,0.0,0.0,0.0,0.0,33.0,0,0,0,,0.0,0.0,,,0,0,90,97.1,33,90,33,0,,0,1.0,41,70,-29,-0.88,2.12,0,2,4,0,1,1,1,,,0,70,2.12,185,115,62.2,7,12,14,4,12.1,11,9,2,0,18.2
,2324,Bochum,Matúš Bero,SVK,"MF,FW",27,1995,24,20,1661,18.5,1,1,2,1,0,0,6,0,0.05,0.05,0.11,0.05,0.11,18.5,1,30,6,20.0,1.63,0.33,0.03,0.17,0,0,69,54.3,20,78,8,4,25,0,0.96,24,44,-20,-1.08,-0.31,0,39,20,5,15,12,23,,,0,,,,,,,,,,,,,,,
,2324,Bochum,Maximilian Wittek,GER,"MF,DF",27,1995,21,13,1070,11.9,3,1,4,3,0,0,4,0,0.25,0.08,0.34,0.25,0.34,11.9,3,26,8,30.8,2.19,0.67,0.12,0.38,0,0,51,35.0,13,73,6,8,15,11,0.81,14,36,-22,-1.85,-1.4,0,21,26,2,51,18,18,,,0,,,,,,,,,,,,,,,
,2324,Bochum,Moritz Broschinski,GER,"FW,MF",22,2000,26,14,1247,13.9,2,3,5,2,0,0,4,0,0.14,0.22,0.36,0.14,0.36,13.9,2,26,8,30.8,1.88,0.58,0.08,0.25,0,0,48,40.8,14,71,3,12,21,4,1.12,20,26,-6,-0.43,0.86,0,31,13,11,12,0,7,,,0,,,,,,,,,,,,,,,
,2324,Bochum,Moritz-Broni Kwarteng,GHA,"MF,FW",25,1998,11,2,281,3.1,0,1,1,0,0,0,1,1,0.0,0.32,0.32,0.0,0.32,3.1,0,14,3,21.4,4.48,0.96,0.0,0.0,0,0,26,9.2,2,63,0,9,17,6,1.36,3,7,-4,-1.28,-0.37,0,5,5,2,5,2,2,,,0,,,,,,,,,,,,,,,
,2324,Bochum,Noah Loosli,SUI,DF,26,1997,10,2,346,3.8,0,0,0,0,0,0,1,0,0.0,0.0,0.0,0.0,0.0,3.8,0,0,0,,0.0,0.0,,,0,0,35,11.3,2,90,2,8,21,16,1.4,3,9,-6,-1.56,-0.7,0,4,0,0,2,8,7,,,0,,,,,,,,,,,,,,,
,2324,Bochum,Patrick Osterhage,GER,MF,23,2000,24,21,1861,20.7,2,1,3,2,0,0,5,0,0.1,0.05,0.15,0.1,0.15,20.7,2,21,3,14.3,1.02,0.15,0.1,0.67,0,0,78,60.8,21,86,15,3,18,3,1.0,22,36,-14,-0.68,0.67,0,21,24,3,21,25,26,,,0,,,,,,,,,,,,,,,
,2324,Bochum,Philipp Förster,GER,MF,28,1995,13,3,385,4.3,0,0,0,0,0,0,1,0,0.0,0.0,0.0,0.0,0.0,4.3,0,6,1,16.7,1.4,0.23,0.0,0.0,0,0,30,12.6,3,63,0,10,20,12,0.85,6,8,-2,-0.47,0.54,0,6,9,0,28,7,5,,,0,,,,,,,,,,,,,,,
,2324,Bochum,Philipp Hofmann,GER,FW,30,1993,29,18,1571,17.5,4,2,6,4,0,0,1,0,0.23,0.11,0.34,0.23,0.34,17.5,4,39,15,38.5,2.23,0.86,0.1,0.27,0,0,54,51.3,18,72,4,11,25,2,0.86,24,39,-15,-0.86,0.17,0,19,26,4,3,5,5,,,0,,,,,,,,,,,,,,,
,2324,Bochum,Simon Zoller,GER,"FW,MF",32,1991,1,0,45,0.5,0,0,0,0,0,0,0,0,0.0,0.0,0.0,0.0,0.0,0.5,0,0,0,,0.0,0.0,,,0,0,45,1.5,0,,0,1,45,0,0.0,0,3,-3,-6.0,-5.13,0,1,0,0,0,0,0,,,0,,,,,,,,,,,,,,,
,2324,Bochum,Takuma Asano,JPN,"FW,MF",28,1994,29,26,1986,22.1,6,1,7,6,0,0,2,0,0.27,0.05,0.32,0.27,0.32,22.1,6,65,24,36.9,2.95,1.09,0.09,0.25,0,0,68,64.9,26,74,5,3,21,0,0.86,26,53,-27,-1.22,-0.8,0,14,22,23,38,4,6,,,0,,,,,,,,,,,,,,,
,2324,Bochum,Tim Oermann,GER,DF,19,2003,16,8,714,7.9,0,0,0,0,0,0,2,0,0.0,0.0,0.0,0.0,0.0,7.9,0,5,0,0.0,0.63,0.0,0.0,,0,0,45,23.3,8,71,3,8,18,2,1.38,12,13,-1,-0.13,1.06,0,8,8,0,8,3,11,,,0,,,,,,,,,,,,,,,
,2324,Darmstadt 98,Aaron Seydel,GER,FW,27,1996,16,5,619,6.9,1,0,1,1,0,0,1,0,0.15,0.0,0.15,0.15,0.15,6.9,1,14,6,42.9,2.04,0.87,0.07,0.17,0,0,39,20.2,5,72,2,11,23,2,0.5,6,15,-9,-1.31,0.42,0,9,7,2,1,1,3,,,0,,,,,,,,,,,,,,,
,2324,Darmstadt 98,Alexander Brunst,GER,GK,28,1995,3,3,270,3.0,0,0,0,0,0,0,2,0,0.0,0.0,0.0,0.0,0.0,3.0,0,0,0,,0.0,0.0,,,0,0,90,8.8,3,90,3,0,,21,0.2,2,16,-14,-4.67,-3.31,0,0,2,0,0,0,0,,,0,10,3.33,17,7,41.2,0,1,2,0,0.0,0,0,0,0,
,2324,Darmstadt 98,Andreas Müller,GER,MF,23,2000,11,2,349,3.9,0,0,0,0,0,0,3,0,0.0,0.0,0.0,0.0,0.0,3.9,0,3,1,33.3,0.77,0.26,0.0,0.0,0,0,32,11.4,2,45,0,9,29,11,0.55,3,7,-4,-1.03,0.69,0,5,4,0,2,4,9,,,0,,,,,,,,,,,,,,,
,2324,Darmstadt 98,Asaf Arania,ISR,FW,17,2005,1,0,6,0.1,0,0,0,0,0,0,0,0,0.0,0.0,0.0,0.0,0.0,0.1,0,0,0,,0.0,0.0,,,0,0,6,0.2,0,,0,1,6,2,0.0,0,1,-1,-15.0,-13.38,0,0,0,0,0,0,0,,,0,,,,,,,,,,,,,,,
,2324,Darmstadt 98,Bartol Franjić,CRO,MF,23,2000,20,14,1229,13.7,0,1,1,0,0,0,5,0,0.0,0.07,0.07,0.0,0.07,13.7,0,4,0,0.0,0.29,0.0,0.0,,0,0,61,40.2,14,79,7,6,21,6,0.5,6,45,-39,-2.86,-2.02,0,20,2,0,4,30,10,,,0,,,,,,,,,,,,,,,
,2324,Darmstadt 98,Braydon Manu,GHA,MF,26,1997,4,3,171,1.9,0,0,0,0,0,0,1,0,0.0,0.0,0.0,0.0,0.0,1.9,0,5,1,20.0,2.63,0.53,0.0,0.0,0,0,43,5.6,3,52,0,1,15,0,0.25,1,6,-5,-2.63,-1.04,0,4,1,0,4,0,0,,,0,,,,,,,,,,,,,,,
,2324,Darmstadt 98,Christoph Klarer,AUT,DF,23,2000,30,28,2354,26.2,2,2,4,2,0,0,9,0,0.08,0.08,0.15,0.08,0.15,26.2,2,9,2,22.2,0.34,0.08,0.22,1.0,0,0,78,76.9,28,83,22,2,14,1,0.47,24,65,-41,-1.57,0.34,0,29,13,4,8,22,22,,,0,,,,,,,,,,,,,,,
,2324,Darmstadt 98,Christoph Zimmermann,GER,DF,30,1993,19,12,1220,13.6,0,0,0,0,0,0,5,0,0.0,0.0,0.0,0.0,0.0,13.6,0,4,1,25.0,0.3,0.07,0.0,0.0,0,0,64,39.9,12,81,8,7,35,5,0.42,8,34,-26,-1.92,-0.45,0,13,10,1,0,20,21,,,1,,,,,,,,,,,,,,,
,2324,Darmstadt 98,Clemens Riedel,GER,"DF,MF",20,2003,14,9,755,8.4,0,0,0,0,0,0,2,0,0.0,0.0,0.0,0.0,0.0,8.4,0,8,3,37.5,0.95,0.36,0.0,0.0,0,0,54,24.7,9,80,7,5,8,6,0.71,9,20,-11,-1.31,0.45,0,10,4,0,8,12,13,,,0,,,,,,,,,,,,,,,
,2324,Darmstadt 98,Emir Karic,BIH,"MF,DF",26,1997,27,18,1783,19.8,0,0,0,0,0,0,4,0,0.0,0.0,0.0,0.0,0.0,19.8,0,12,3,25.0,0.61,0.15,0.0,0.0,0,0,66,58.3,18,87,12,9,25,2,0.37,15,56,-41,-2.07,-1.01,0,17,8,5,52,13,27,,,0,,,,,,,,,,,,,,,
,2324,Darmstadt 98,Fabian Holland,GER,"MF,DF",33,1990,23,23,1835,20.4,0,2,2,0,0,0,4,1,0.0,0.1,0.1,0.0,0.1,20.4,0,11,3,27.3,0.54,0.15,0.0,0.0,0,0,80,60.0,23,80,11,0,,0,0.48,21,48,-27,-1.32,0.81,0,34,33,1,26,23,25,,,0,,,,,,,,,,,,,,,
,2324,Darmstadt 98,Fabian Nürnberger,BUL,MF,24,1999,21,17,1513,16.8,1,1,2,1,0,0,2,0,0.06,0.06,0.12,0.06,0.12,16.8,1,19,6,31.6,1.13,0.36,0.05,0.17,0,0,72,49.4,17,81,10,4,32,0,0.71,14,41,-27,-1.61,0.08,0,18,16,0,61,17,21,,,0,,,,,,,,,,,,,,,
,2324,Darmstadt 98,Fabian Schnellhardt,GER,MF,29,1994,10,2,235,2.6,0,0,0,0,0,0,1,0,0.0,0.0,0.0,0.0,0.0,2.6,0,5,2,40.0,1.91,0.77,0.0,0.0,0,0,24,7.7,2,64,0,8,13,13,0.3,1,7,-6,-2.3,-0.7,0,2,3,0,4,4,1,,,0,,,,,,,,,,,,,,,
,2324,Darmstadt 98,Fabio Torsiello,ITA,FW,18,2005,10,1,156,1.7,0,0,0,0,0,0,0,0,0.0,0.0,0.0,0.0,0.0,1.7,0,4,0,0.0,2.31,0.0,0.0,,0,0,16,5.1,1,45,0,9,12,7,0.1,2,5,-3,-1.73,-0.09,0,4,0,0,2,1,0,,,0,,,,,,,,,,,,,,,
,2324,Darmstadt 98,Filip Stojilković,SUI,FW,23,2000,6,0,154,1.7,0,0,0,0,0,0,1,0,0.0,0.0,0.0,0.0,0.0,1.7,0,4,1,25.0,2.34,0.58,0.0,0.0,0,0,26,5.0,0,,0,6,26,2,0.0,0,4,-4,-2.34,-0.73,0,3,1,2,3,0,1,,,0,,,,,,,,,,,,,,,
,2324,Darmstadt 98,Frank Ronstadt,GER,"DF,MF",26,1997,4,0,76,0.8,0,0,0,0,0,0,0,0,0.0,0.0,0.0,0.0,0.0,0.8,0,3,0,0.0,3.55,0.0,0.0,,0,0,19,2.5,0,,0,4,19,2,1.0,2,2,0,0.0,1.69,0,0,2,0,2,1,1,,,0,,,,,,,,,,,,,,,
,2324,Darmstadt 98,Fraser Hornby,SCO,FW,23,1999,7,1,217,2.4,0,0,0,0,0,0,1,0,0.0,0.0,0.0,0.0,0.0,2.4,0,10,2,20.0,4.15,0.83,0.0,0.0,0,0,31,7.1,1,61,0,6,26,1,1.0,1,6,-5,-2.07,-0.46,0,5,1,1,4,0,0,,,0,,,,,,,,,,,,,,,
,2324,Darmstadt 98,Gerrit Holtmann,PHI,MF,28,1995,10,2,392,4.4,0,0,0,0,0,0,1,0,0.0,0.0,0.0,0.0,0.0,4.4,0,14,5,35.7,3.21,1.15,0.0,0.0,0,0,39,12.8,2,65,0,8,33,1,0.4,3,11,-8,-1.84,-0.22,0,8,2,0,12,2,5,,,0,,,,,,,,,,,,,,,
,2324,Darmstadt 98,Jannik Müller,GER,DF,29,1994,16,12,1134,12.6,0,0,0,0,0,0,5,0,0.0,0.0,0.0,0.0,0.0,12.6,0,3,0,0.0,0.24,0.0,0.0,,0,0,71,37.1,12,83,9,4,36,11,0.69,13,30,-17,-1.35,0.47,0,19,7,0,7,19,16,,,0,,,,,,,,,,,,,,,
,2324,Darmstadt 98,Julian Justvan,GER,MF,25,1998,14,11,1023,11.4,2,2,4,2,0,0,1,0,0.18,0.18,0.35,0.18,0.35,11.4,2,17,4,23.5,1.5,0.35,0.12,0.5,0,0,73,33.4,11,86,7,3,26,0,0.29,8,34,-26,-2.29,-0.96,0,2,5,0,40,11,5,,,0,,,,,,,,,,,,,,,
,2324,Darmstadt 98,Klaus Gjasula,ALB,"DF,MF",33,1989,22,17,1363,15.1,0,0,0,0,0,0,7,1,0.0,0.0,0.0,0.0,0.0,15.1,0,9,1,11.1,0.59,0.07,0.0,0.0,0,0,62,44.5,17,75,10,5,18,5,0.55,15,31,-16,-1.06,1.06,0,23,11,0,7,18,21,,,0,,,,,,,,,,,,,,,
,2324,Darmstadt 98,Luca Pfeiffer,GER,"FW,MF",26,1996,24,20,1619,18.0,1,4,5,1,0,0,3,0,0.06,0.22,0.28,0.06,0.28,18.0,1,48,19,39.6,2.67,1.06,0.02,0.05,0,0,67,52.9,20,77,9,4,20,6,0.46,20,37,-17,-0.95,1.49,0,28,26,1,5,2,8,,,0,,,,,,,,,,,,,,,
,2324,Darmstadt 98,Marcel Schuhen,GER,GK,30,1993,31,31,2790,31.0,0,0,0,0,0,0,2,0,0.0,0.0,0.0,0.0,0.0,31.0,0,0,0,,0.0,0.0,,,0,0,90,91.2,31,90,31,0,,2,0.52,29,76,-47,-1.52,1.48,0,0,8,0,1,1,0,,,0,76,2.45,199,123,61.8,3,7,21,3,9.7,2,1,1,0,50.0
,2324,Darmstadt 98,Marvin Mehlem,GER,MF,25,1997,20,19,1482,16.5,3,2,5,3,0,0,3,0,0.18,0.12,0.3,0.18,0.3,16.5,3,23,8,34.8,1.4,0.49,0.13,0.38,0,0,74,48.4,19,77,6,1,24,1,0.55,16,38,-22,-1.34,0.6,0,20,34,8,18,31,23,,,0,,,,,,,,,,,,,,,
,2324,Darmstadt 98,Matej Maglica,CRO,DF,24,1998,26,21,1698,18.9,1,0,1,1,0,0,7,2,0.05,0.0,0.05,0.05,0.05,18.9,1,10,2,20.0,0.53,0.11,0.1,0.5,0,0,65,55.5,21,78,13,5,13,1,0.58,16,41,-25,-1.33,0.72,0,31,7,1,7,21,21,,,0,,,,,,,,,,,,,,,
,2324,Darmstadt 98,Mathias Honsak,AUT,"MF,FW",26,1996,23,10,1021,11.3,1,1,2,1,0,0,1,0,0.09,0.09,0.18,0.09,0.18,11.3,1,23,6,26.1,2.03,0.53,0.04,0.17,0,0,44,33.4,10,73,2,13,22,0,0.57,9,39,-30,-2.64,-1.5,0,14,11,3,10,9,6,,,0,,,,,,,,,,,,,,,
,2324,Darmstadt 98,Matthias Bader,GER,"MF,DF",26,1997,24,21,1802,20.0,1,2,3,1,0,0,1,0,0.05,0.1,0.15,0.05,0.15,20.0,1,17,1,5.9,0.85,0.05,0.06,1.0,0,0,75,58.9,21,82,12,3,26,0,0.71,22,41,-19,-0.95,1.7,0,17,41,1,31,25,27,,,0,,,,,,,,,,,,,,,
,2324,Darmstadt 98,Oscar Vilhelmsson,SWE,FW,19,2003,26,16,1374,15.3,4,1,5,4,0,0,2,0,0.26,0.07,0.33,0.26,0.33,15.3,4,28,11,39.3,1.83,0.72,0.14,0.36,0,0,53,44.9,16,73,5,10,21,2,0.31,12,37,-25,-1.64,0.02,0,32,28,7,12,3,5,,,0,,,,,,,,,,,,,,,
,2324,Darmstadt 98,Sebastian Polter,GER,FW,32,1991,9,4,446,5.0,0,1,1,0,0,0,0,0,0.0,0.2,0.2,0.0,0.2,5.0,0,10,3,30.0,2.02,0.61,0.0,0.0,0,0,50,14.6,4,80,1,5,26,0,0.33,4,12,-8,-1.61,0.04,0,9,10,2,4,0,0,,,0,,,,,,,,,,,,,,,
,2324,Darmstadt 98,Thomas Isherwood,SWE,DF,25,1998,12,8,636,7.1,0,0,0,0,0,0,1,0,0.0,0.0,0.0,0.0,0.0,7.1,0,0,0,,0.0,0.0,,,0,0,53,20.8,8,72,2,4,16,14,0.5,8,25,-17,-2.41,-0.96,0,8,3,1,1,9,5,,,1,,,,,,,,,,,,,,,
,2324,Darmstadt 98,Tim Skarke,GER,"FW,MF",26,1996,30,29,2404,26.7,8,0,8,8,0,0,7,0,0.3,0.0,0.3,0.3,0.3,26.7,8,69,20,29.0,2.58,0.75,0.12,0.4,0,0,80,78.6,29,82,13,1,32,0,0.57,22,69,-47,-1.76,-0.52,0,31,40,17,96,6,15,,,0,,,,,,,,,,,,,,,
,2324,Darmstadt 98,Tobias Kempe,GER,MF,34,1989,24,15,1350,15.0,3,2,5,0,3,3,1,0,0.2,0.13,0.33,0.0,0.13,15.0,3,21,4,19.0,1.4,0.27,0.14,0.75,3,3,56,44.1,15,79,5,9,19,5,0.54,19,34,-15,-1.0,1.16,0,14,11,0,80,8,13,,,0,,,,,,,,,,,,,,,
,2324,Dortmund,Alexander Meyer,GER,GK,32,1991,8,7,695,7.7,0,0,0,0,0,0,0,0,0.0,0.0,0.0,0.0,0.0,7.7,0,0,0,,0.0,0.0,,,0,0,87,22.7,7,90,7,1,65,26,1.75,15,9,6,0.78,0.05,0,0,0,0,0,0,1,,,0,9,1.17,28,19,67.9,4,1,2,3,42.9,0,0,0,0,
,2324,Dortmund,Antonios Papadopoulos,GER,DF,23,1999,2,1,117,1.3,0,0,0,0,0,0,0,0,0.0,0.0,0.0,0.0,0.0,1.3,0,0,0,,0.0,0.0,,,0,0,59,3.8,1,90,1,1,27,3,2.0,5,2,3,2.31,1.63,0,1,1,0,0,2,3,,,0,,,,,,,,,,,,,,,
,2324,Dortmund,Donyell Malen,NED,"MF,FW",24,1999,27,21,1781,19.8,13,1,14,13,0,0,5,0,0.66,0.05,0.71,0.66,0.71,19.8,13,72,36,50.0,3.64,1.82,0.18,0.36,0,0,66,58.2,21,77,10,6,29,2,2.0,43,25,18,0.91,0.42,0,11,24,3,38,2,7,,,0,,,,,,,,,,,,,,,
,2324,Dortmund,Emre Can,GER,MF,29,1994,25,22,1953,21.7,2,2,4,0,2,2,5,0,0.09,0.09,0.18,0.0,0.09,21.7,2,17,3,17.6,0.78,0.14,0.12,0.67,2,2,78,63.8,22,86,16,3,21,4,2.0,41,22,19,0.88,0.39,0,27,23,0,2,20,46,,,0,,,,,,,,,,,,,,,
,2324,Dortmund,Felix Nmecha,GER,MF,22,2000,20,10,1021,11.3,1,2,3,1,0,0,3,0,0.09,0.18,0.26,0.09,0.26,11.3,1,23,3,13.0,2.03,0.26,0.04,0.33,0,0,51,33.4,10,78,4,10,24,0,1.95,25,17,8,0.71,-0.05,0,9,27,1,3,11,14,,,0,,,,,,,,,,,,,,,
,2324,Dortmund,Gio Reyna,USA,MF,20,2002,11,1,280,3.1,0,0,0,0,0,0,1,0,0.0,0.0,0.0,0.0,0.0,3.1,0,8,2,25.0,2.57,0.64,0.0,0.0,0,0,25,9.2,1,45,0,10,24,4,1.91,9,4,5,1.61,0.96,0,2,5,1,4,2,6,,,0,,,,,,,,,,,,,,,
,2324,Dortmund,Gregor Kobel,SUI,GK,25,1997,27,27,2365,26.3,0,0,0,0,0,0,1,0,0.0,0.0,0.0,0.0,0.0,26.3,0,0,0,,0.0,0.0,,,0,0,88,77.3,27,88,26,0,,0,1.85,53,34,19,0.72,-0.05,0,2,3,0,0,0,0,,,0,34,1.29,118,84,71.2,14,8,5,7,25.9,6,5,1,0,16.7
,2324,Dortmund,Hendry Blank,GER,DF,18,2004,1,0,45,0.5,0,0,0,0,0,0,0,0,0.0,0.0,0.0,0.0,0.0,0.5,0,0,0,,0.0,0.0,,,0,0,45,1.5,0,,0,1,45,4,3.0,3,0,3,6.0,5.34,0,0,0,0,0,0,0,,,0,,,,,,,,,,,,,,,
,2324,Dortmund,Ian Maatsen,NED,DF,21,2002,16,15,1264,14.0,2,2,4,2,0,0,5,0,0.14,0.14,0.28,0.14,0.28,14.0,2,11,4,36.4,0.78,0.28,0.18,0.5,0,0,79,41.3,15,81,8,1,45,0,2.06,30,9,21,1.5,1.29,0,20,9,0,26,14,19,,,0,,,,,,,,,,,,,,,
,2324,Dortmund,Jadon Sancho,ENG,"MF,FW",23,2000,14,11,947,10.5,2,2,4,2,0,0,1,0,0.19,0.19,0.38,0.19,0.38,10.5,2,9,4,44.4,0.86,0.38,0.22,0.5,0,0,68,30.9,11,78,2,3,28,2,1.86,19,11,8,0.76,0.04,0,3,10,3,29,4,4,,,0,,,,,,,,,,,,,,,
,2324,Dortmund,Jamie Gittens,ENG,"MF,FW",18,2004,25,14,1058,11.8,1,4,5,1,0,0,1,0,0.09,0.34,0.43,0.09,0.43,11.8,1,43,11,25.6,3.66,0.94,0.02,0.09,0,0,42,34.6,14,62,1,11,18,9,1.84,25,12,13,1.11,0.57,0,12,25,0,14,4,9,,,0,,,,,,,,,,,,,,,
,2324,Dortmund,Julian Brandt,GER,MF,27,1996,32,26,2223,24.7,7,11,18,7,0,0,2,0,0.28,0.45,0.73,0.28,0.73,24.7,7,33,16,48.5,1.34,0.65,0.21,0.44,0,0,69,72.6,26,78,12,6,33,0,1.84,44,29,15,0.61,-0.47,0,8,15,5,165,8,15,,,0,,,,,,,,,,,,,,,
,2324,Dortmund,Julian Ryerson,NOR,DF,25,1997,21,20,1767,19.6,4,1,5,4,0,0,3,0,0.2,0.05,0.25,0.2,0.25,19.6,4,18,8,44.4,0.92,0.41,0.22,0.5,0,0,84,57.7,20,86,14,1,45,3,2.0,35,24,11,0.56,-0.41,0,18,25,0,39,8,22,,,0,,,,,,,,,,,,,,,
,2324,Dortmund,Julien Duranville,BEL,FW,17,2006,2,0,12,0.1,0,0,0,0,0,0,0,0,0.0,0.0,0.0,0.0,0.0,0.1,0,0,0,,0.0,0.0,,,0,0,6,0.4,0,,0,2,6,3,0.5,0,1,-1,-7.5,-8.27,0,3,0,0,0,0,0,,,0,,,,,,,,,,,,,,,
,2324,Dortmund,Karim Adeyemi,GER,"FW,MF",21,2002,21,10,913,10.1,3,1,4,3,0,0,6,1,0.3,0.1,0.39,0.3,0.39,10.1,3,23,10,43.5,2.27,0.99,0.13,0.3,0,0,43,29.8,10,64,1,11,25,3,1.76,19,16,3,0.3,-0.63,1,20,19,1,24,3,14,,,0,,,,,,,,,,,,,,,
,2324,Dortmund,Kjell-Arik Wätjen,GER,MF,17,2006,2,1,105,1.2,0,1,1,0,0,0,0,0,0.0,0.86,0.86,0.0,0.86,1.2,0,0,0,,0.0,0.0,,,0,0,53,3.4,1,90,1,1,15,3,1.5,5,1,4,3.43,2.79,0,1,1,0,0,0,2,,,0,,,,,,,,,,,,,,,
,2324,Dortmund,Marcel Sabitzer,AUT,MF,29,1994,25,23,1961,21.8,4,3,7,3,1,1,3,1,0.18,0.14,0.32,0.14,0.28,21.8,4,47,20,42.6,2.16,0.92,0.09,0.2,1,1,78,64.1,23,84,18,2,16,2,1.88,44,26,18,0.83,0.25,0,15,28,1,31,11,22,,,0,,,,,,,,,,,,,,,
,2324,Dortmund,Marco Reus,GER,MF,34,1989,26,18,1601,17.8,6,8,14,6,0,0,2,0,0.34,0.45,0.79,0.34,0.79,17.8,6,42,20,47.6,2.36,1.12,0.14,0.3,0,0,62,52.3,18,77,2,8,28,6,1.81,37,27,10,0.56,-0.36,0,20,21,4,32,6,25,,,0,,,,,,,,,,,,,,,
,2324,Dortmund,Marius Wolf,GER,DF,28,1995,22,12,1166,13.0,0,1,1,0,0,0,2,0,0.0,0.08,0.08,0.0,0.08,13.0,0,9,1,11.1,0.69,0.08,0.0,0.0,0,0,53,38.1,12,82,9,10,19,10,1.95,30,22,8,0.62,-0.19,0,12,7,1,42,9,13,,,0,,,,,,,,,,,,,,,
,2324,Dortmund,Mateu Morey,ESP,DF,23,2000,3,2,110,1.2,0,0,0,0,0,0,0,0,0.0,0.0,0.0,0.0,0.0,1.2,0,1,1,100.0,0.82,0.82,0.0,0.0,0,0,37,3.6,2,54,0,1,3,11,2.0,4,4,0,0.0,-0.76,0,3,5,1,1,1,2,,,0,,,,,,,,,,,,,,,
,2324,Dortmund,Mats Hummels,GER,DF,34,1988,25,20,1581,17.6,3,0,3,3,0,0,4,1,0.17,0.0,0.17,0.17,0.17,17.6,3,16,6,37.5,0.91,0.34,0.19,0.5,0,0,63,51.7,20,75,13,5,18,4,1.88,34,24,10,0.57,-0.34,0,12,9,0,3,31,36,,,0,,,,,,,,,,,,,,,
,2324,Dortmund,Niclas Füllkrug,GER,FW,30,1993,29,27,2212,24.6,12,8,20,9,3,3,1,0,0.49,0.33,0.81,0.37,0.69,24.6,12,53,27,50.9,2.16,1.1,0.23,0.44,3,3,76,72.3,27,80,10,2,23,2,1.83,47,31,16,0.65,-0.3,0,26,37,11,5,2,1,,,0,,,,,,,,,,,,,,,
,2324,Dortmund,Nico Schlotterbeck,GER,DF,23,1999,33,32,2859,31.8,2,1,3,2,0,0,4,0,0.06,0.03,0.09,0.06,0.09,31.8,2,27,6,22.2,0.85,0.19,0.07,0.33,0,0,87,93.4,32,88,29,1,28,1,1.82,62,41,21,0.66,-1.13,0,17,32,0,7,44,51,,,1,,,,,,,,,,,,,,,
,2324,Dortmund,Niklas Süle,GER,DF,27,1995,23,14,1514,16.8,1,0,1,1,0,0,0,0,0.06,0.0,0.06,0.06,0.06,16.8,1,7,1,14.3,0.42,0.06,0.14,1.0,0,0,66,49.5,14,87,13,9,33,9,1.74,30,19,11,0.65,-0.16,0,9,1,0,2,24,10,,,0,,,,,,,,,,,,,,,
,2324,Dortmund,Ole Pohlmann,GER,"FW,MF",22,2001,2,0,54,0.6,0,0,0,0,0,0,0,0,0.0,0.0,0.0,0.0,0.0,0.6,0,1,0,0.0,1.67,0.0,0.0,,0,0,27,1.8,0,,0,2,27,3,0.5,0,0,0,0.0,-0.75,0,0,0,0,3,0,0,,,0,,,,,,,,,,,,,,,
,2324,Dortmund,Ramy Bensebaini,ALG,DF,28,1995,17,11,1033,11.5,0,0,0,0,0,0,4,1,0.0,0.0,0.0,0.0,0.0,11.5,0,16,0,0.0,1.39,0.0,0.0,,0,0,61,33.8,11,83,7,6,21,3,1.94,21,17,4,0.35,-0.58,1,15,29,0,21,16,21,,,1,,,,,,,,,,,,,,,
,2324,Dortmund,Salih Özcan,TUR,MF,25,1998,23,13,1184,13.2,0,0,0,0,0,0,3,0,0.0,0.0,0.0,0.0,0.0,13.2,0,5,2,40.0,0.38,0.15,0.0,0.0,0,0,51,38.7,13,78,8,10,17,9,1.91,27,21,6,0.46,-0.46,0,22,22,2,2,17,13,,,0,,,,,,,,,,,,,,,
,2324,Dortmund,Samuel Bamba,GER,FW,19,2004,2,0,47,0.5,0,0,0,0,0,0,0,0,0.0,0.0,0.0,0.0,0.0,0.5,0,2,0,0.0,3.83,0.0,0.0,,0,0,24,1.5,0,,0,2,24,2,1.0,0,0,0,0.0,-0.75,0,1,1,0,4,1,1,,,0,,,,,,,,,,,,,,,
,2324,Dortmund,Sébastien Haller,CIV,FW,29,1994,14,5,396,4.4,0,1,1,0,0,0,2,0,0.0,0.23,0.23,0.0,0.23,4.4,0,7,2,28.6,1.59,0.45,0.0,0.0,0,0,28,12.9,5,56,0,9,13,3,2.0,6,5,1,0.23,-0.58,0,8,10,3,0,0,0,,,0,,,,,,,,,,,,,,,
,2324,Dortmund,Thomas Meunier,BEL,DF,31,1991,8,7,586,6.5,0,0,0,0,0,0,0,0,0.0,0.0,0.0,0.0,0.0,6.5,0,8,1,12.5,1.23,0.15,0.0,0.0,0,0,73,19.2,7,83,4,1,7,2,1.63,13,5,8,1.23,0.61,0,10,0,0,17,5,2,,,0,,,,,,,,,,,,,,,
,2324,Dortmund,Thorgan Hazard,BEL,"FW,MF",30,1993,1,0,7,0.1,0,0,0,0,0,0,0,0,0.0,0.0,0.0,0.0,0.0,0.1,0,0,0,,0.0,0.0,,,0,0,7,0.2,0,,0,1,7,1,3.0,1,0,1,12.86,12.15,0,0,0,0,0,0,0,,,0,,,,,,,,,,,,,,,
,2324,Dortmund,Youssoufa Moukoko,GER,FW,18,2004,20,4,625,6.9,5,0,5,5,0,0,1,0,0.72,0.0,0.72,0.72,0.72,6.9,5,14,7,50.0,2.02,1.01,0.36,0.71,0,0,31,20.4,4,80,2,16,19,10,1.6,18,11,7,1.01,0.34,0,8,2,7,3,2,1,,,0,,,,,,,,,,,,,,,
,2324,Frankfurt,Ansgar Knauff,GER,"MF,FW",21,2002,31,24,2109,23.4,7,2,9,7,0,0,7,1,0.3,0.09,0.38,0.3,0.38,23.4,7,37,13,35.1,1.58,0.55,0.19,0.54,0,0,68,68.9,24,78,5,7,35,1,1.35,35,37,-2,-0.09,-0.37,1,32,24,2,46,17,28,,,0,,,,,,,,,,,,,,,
,2324,Frankfurt,Aurélio Buta,POR,"MF,DF",26,1997,30,20,1744,19.4,1,1,2,1,0,0,5,0,0.05,0.05,0.1,0.05,0.1,19.4,1,13,4,30.8,0.67,0.21,0.08,0.25,0,0,58,57.0,20,78,7,10,18,2,1.4,30,33,-3,-0.15,-0.43,0,23,24,1,45,14,26,,,0,,,,,,,,,,,,,,,
,2324,Frankfurt,Christopher Lenz,GER,"DF,MF",28,1994,1,0,10,0.1,0,0,0,0,0,0,0,0,0.0,0.0,0.0,0.0,0.0,0.1,0,0,0,,0.0,0.0,,,0,0,10,0.3,0,,0,1,10,0,1.0,1,0,1,9.0,9.0,0,0,1,0,0,0,1,,,0,,,,,,,,,,,,,,,
,2324,Frankfurt,Donny van de Beek,NED,"MF,FW",26,1997,8,4,357,4.0,0,0,0,0,0,0,1,0,0.0,0.0,0.0,0.0,0.0,4.0,0,1,0,0.0,0.25,0.0,0.0,,0,0,45,11.7,4,59,0,4,30,7,1.5,4,3,1,0.25,0.25,0,7,1,5,7,3,3,,,0,,,,,,,,,,,,,,,
,2324,Frankfurt,Elias Baum,GER,DF,17,2005,4,0,28,0.3,0,0,0,0,0,0,0,0,0.0,0.0,0.0,0.0,0.0,0.3,0,0,0,,0.0,0.0,,,0,0,7,0.9,0,,0,4,7,1,1.25,1,0,1,3.21,3.21,0,1,0,0,0,0,0,,,0,,,,,,,,,,,,,,,
,2324,Frankfurt,Ellyes Skhiri,TUN,MF,28,1995,27,24,2168,24.1,2,2,4,2,0,0,1,0,0.08,0.08,0.17,0.08,0.17,24.1,2,18,8,44.4,0.75,0.33,0.11,0.25,0,0,80,70.8,24,88,18,3,22,0,1.41,36,32,4,0.17,0.47,0,15,18,3,4,37,25,,,0,,,,,,,,,,,,,,,
,2324,Frankfurt,Fares Chaïbi,ALG,"MF,FW",20,2002,28,21,1912,21.2,2,4,6,2,0,0,2,0,0.09,0.19,0.28,0.09,0.28,21.2,2,40,14,35.0,1.88,0.66,0.05,0.14,0,0,68,62.5,21,79,6,7,35,1,1.36,37,37,0,0.0,-0.08,0,15,11,9,174,5,17,,,0,,,,,,,,,,,,,,,
,2324,Frankfurt,Hrvoje Smolčić,CRO,DF,22,2000,11,3,347,3.9,1,0,1,1,0,0,0,0,0.26,0.0,0.26,0.26,0.26,3.9,1,3,1,33.3,0.78,0.26,0.33,1.0,0,0,32,11.3,3,87,2,8,11,20,1.73,4,6,-2,-0.52,-0.62,0,3,2,0,0,6,3,,,0,,,,,,,,,,,,,,,
,2324,Frankfurt,Hugo Ekitike,FRA,FW,21,2002,14,7,716,8.0,4,2,6,4,0,0,3,0,0.5,0.25,0.75,0.5,0.75,8.0,4,30,10,33.3,3.77,1.26,0.13,0.4,0,0,51,23.4,7,78,0,7,24,0,1.07,9,16,-7,-0.88,-1.19,0,12,12,6,10,2,7,,,0,,,,,,,,,,,,,,,
,2324,Frankfurt,Hugo Larsson,SWE,MF,19,2004,29,21,1886,21.0,2,1,3,2,0,0,1,0,0.1,0.05,0.14,0.1,0.14,21.0,2,10,4,40.0,0.48,0.19,0.2,0.5,0,0,65,61.6,21,81,13,8,22,1,1.38,35,32,3,0.14,0.3,0,16,2,1,8,29,19,,,0,,,,,,,,,,,,,,,
,2324,Frankfurt,Jean Mattéo Bahoya,FRA,MF,18,2005,8,1,177,2.0,0,0,0,0,0,0,0,0,0.0,0.0,0.0,0.0,0.0,2.0,0,0,0,,0.0,0.0,,,0,0,22,5.8,1,64,0,7,16,1,0.5,2,6,-4,-2.03,-2.19,0,1,1,1,5,1,1,,,0,,,,,,,,,,,,,,,
,2324,Frankfurt,Jens Grahl,GER,GK,34,1988,2,2,180,2.0,0,1,1,0,0,0,0,0,0.0,0.5,0.5,0.0,0.5,2.0,0,0,0,,0.0,0.0,,,0,0,90,5.9,2,90,2,0,,32,2.0,4,2,2,1.0,1.03,0,0,0,0,0,0,0,,,0,2,1.0,9,7,77.8,1,1,0,0,0.0,0,0,0,0,
,2324,Frankfurt,Jens Petter Hauge,NOR,"DF,FW",23,1999,10,0,147,1.6,0,0,0,0,0,0,0,0,0.0,0.0,0.0,0.0,0.0,1.6,0,1,0,0.0,0.61,0.0,0.0,,0,0,15,4.8,0,,0,10,15,4,1.6,5,2,3,1.84,1.9,0,1,2,1,2,0,1,,,0,,,,,,,,,,,,,,,
,2324,Frankfurt,Jesper Lindstrøm,DEN,FW,23,2000,1,1,83,0.9,0,0,0,0,0,0,0,0,0.0,0.0,0.0,0.0,0.0,0.9,0,1,0,0.0,1.08,0.0,0.0,,0,0,83,2.7,1,83,0,0,,1,3.0,1,0,1,1.08,1.08,0,1,0,0,1,0,1,,,0,,,,,,,,,,,,,,,
,2324,Frankfurt,Jessic Ngankam,GER,FW,23,2000,15,2,280,3.1,0,0,0,0,0,1,2,0,0.0,0.0,0.0,0.0,0.0,3.1,0,8,4,50.0,2.57,1.29,0.0,0.0,0,1,19,9.2,2,56,0,13,13,2,1.53,5,2,3,0.96,1.03,0,10,7,2,0,0,3,,,0,,,,,,,,,,,,,,,
,2324,Frankfurt,Junior Dina Ebimbe,CMR,MF,22,2000,31,25,1956,21.7,5,3,8,5,0,0,5,0,0.23,0.14,0.37,0.23,0.37,21.7,5,52,17,32.7,2.39,0.78,0.1,0.29,0,0,63,63.9,25,73,4,6,24,0,1.39,31,28,3,0.14,0.3,0,49,15,3,22,10,26,,,0,,,,,,,,,,,,,,,
,2324,Frankfurt,Kevin Trapp,GER,GK,33,1990,32,32,2880,32.0,0,0,0,0,0,0,2,0,0.0,0.0,0.0,0.0,0.0,32.0,0,0,0,,0.0,0.0,,,0,0,90,94.1,32,90,32,0,,0,1.34,47,48,-1,-0.03,-1.03,0,0,6,0,0,1,0,,,0,48,1.5,135,87,64.4,10,13,9,7,21.9,11,9,2,0,18.2
,2324,Frankfurt,Kristijan Jakić,CRO,MF,26,1997,4,1,200,2.2,0,0,0,0,0,0,1,0,0.0,0.0,0.0,0.0,0.0,2.2,0,1,0,0.0,0.45,0.0,0.0,,0,0,50,6.5,1,69,0,3,44,2,1.75,2,1,1,0.45,0.45,0,5,3,0,1,2,2,,,0,,,,,,,,,,,,,,,
,2324,Frankfurt,Makoto Hasebe,JPN,"MF,DF",39,1984,8,2,218,2.4,0,0,0,0,0,0,1,0,0.0,0.0,0.0,0.0,0.0,2.4,0,0,0,,0.0,0.0,,,0,0,27,7.1,2,87,1,6,7,23,1.75,3,7,-4,-1.65,-1.81,0,4,3,0,1,1,2,,,0,,,,,,,,,,,,,,,
,2324,Frankfurt,Mario Götze,GER,MF,31,1992,30,23,2068,23.0,3,2,5,3,0,0,5,1,0.13,0.09,0.22,0.13,0.22,23.0,3,13,7,53.8,0.57,0.3,0.23,0.43,0,0,69,67.6,23,82,7,7,25,1,1.33,32,30,2,0.09,0.18,1,14,35,1,54,15,35,,,0,,,,,,,,,,,,,,,
,2324,Frankfurt,Marko Mladenović,SRB,MF,18,2005,1,0,6,0.1,0,0,0,0,0,0,0,0,0.0,0.0,0.0,0.0,0.0,0.1,0,0,0,,0.0,0.0,,,0,0,6,0.2,0,,0,1,6,0,0.0,0,0,0,0.0,-0.03,0,0,0,0,0,0,0,,,0,,,,,,,,,,,,,,,
,2324,Frankfurt,Nacho Ferri,ESP,FW,18,2004,8,0,74,0.8,1,0,1,1,0,0,0,0,1.22,0.0,1.22,1.22,1.22,0.8,1,5,2,40.0,6.08,2.43,0.2,0.5,0,0,9,2.4,0,,0,8,9,4,1.63,3,1,2,2.43,2.46,0,2,2,0,0,0,3,,,0,,,,,,,,,,,,,,,
,2324,Frankfurt,Niels Nkounkou,FRA,"MF,DF",22,2000,29,13,1309,14.5,3,2,5,3,0,0,5,1,0.21,0.14,0.34,0.21,0.34,14.5,3,22,7,31.8,1.51,0.48,0.14,0.43,0,0,45,42.8,13,77,6,16,20,2,1.24,20,18,2,0.14,0.19,1,27,2,0,53,16,31,,,0,,,,,,,,,,,,,,,
,2324,Frankfurt,Nnamdi Collins,GER,DF,19,2004,2,1,90,1.0,0,0,0,0,0,0,0,0,0.0,0.0,0.0,0.0,0.0,1.0,0,0,0,,0.0,0.0,,,0,0,45,2.9,1,64,0,1,26,3,0.5,0,1,-1,-1.0,-1.06,0,0,1,0,2,2,0,,,0,,,,,,,,,,,,,,,
,2324,Frankfurt,Omar Marmoush,EGY,"FW,MF",24,1999,29,27,2301,25.6,12,6,18,10,2,2,7,0,0.47,0.23,0.7,0.39,0.63,25.6,12,78,33,42.3,3.05,1.29,0.15,0.36,2,2,79,75.2,27,83,15,2,26,0,1.38,43,41,2,0.08,0.2,0,28,74,12,32,11,10,,,0,,,,,,,,,,,,,,,
,2324,Frankfurt,Paxten Aaronson,USA,MF,19,2003,7,1,101,1.1,0,1,1,0,0,0,0,0,0.0,0.89,0.89,0.0,0.89,1.1,0,2,2,100.0,1.78,1.78,0.0,0.0,0,0,14,3.3,1,45,0,6,9,7,0.86,2,2,0,0.0,-0.03,0,6,4,0,0,0,2,,,0,,,,,,,,,,,,,,,
,2324,Frankfurt,Philipp Max,GER,"MF,DF",29,1993,23,17,1350,15.0,1,2,3,1,0,0,2,0,0.07,0.13,0.2,0.07,0.2,15.0,1,8,2,25.0,0.53,0.13,0.13,0.5,0,0,59,44.1,17,73,3,6,18,11,1.52,22,22,0,0.0,-0.05,0,7,9,2,61,7,19,,,0,,,,,,,,,,,,,,,
,2324,Frankfurt,Randal Kolo Muani,FRA,FW,24,1998,2,2,153,1.7,1,0,1,1,0,0,0,0,0.59,0.0,0.59,0.59,0.59,1.7,1,5,1,20.0,2.94,0.59,0.2,1.0,0,0,77,5.0,2,77,0,0,,0,2.0,1,1,0,0.0,-0.03,0,4,5,0,0,0,0,,,0,,,,,,,,,,,,,,,
,2324,Frankfurt,Robin Koch,GER,DF,27,1996,31,31,2738,30.4,2,0,2,2,0,0,10,0,0.07,0.0,0.07,0.07,0.07,30.4,2,24,5,20.8,0.79,0.16,0.08,0.4,0,0,88,89.5,31,88,29,0,,0,1.45,45,43,2,0.07,0.35,0,20,13,0,5,31,21,,,0,,,,,,,,,,,,,,,
,2324,Frankfurt,Saša Kalajdžić,AUT,FW,26,1997,5,5,325,3.6,0,1,1,0,0,0,0,0,0.0,0.28,0.28,0.0,0.28,3.6,0,2,1,50.0,0.55,0.28,0.0,0.0,0,0,65,10.6,5,65,1,0,,0,1.6,4,2,2,0.55,0.59,0,3,10,1,1,2,2,,,0,,,,,,,,,,,,,,,
,2324,Frankfurt,Sebastian Rode,GER,MF,32,1990,8,1,61,0.7,0,0,0,0,0,0,0,0,0.0,0.0,0.0,0.0,0.0,0.7,0,0,0,,0.0,0.0,,,0,0,8,2.0,1,5,0,7,8,0,1.38,1,3,-2,-2.95,-3.04,0,0,1,0,1,1,4,,,0,,,,,,,,,,,,,,,
,2324,Frankfurt,Timothy Chandler,USA,"DF,MF",33,1990,6,0,18,0.2,0,1,1,0,0,0,0,0,0.0,5.0,5.0,0.0,5.0,0.2,0,2,1,50.0,10.0,5.0,0.0,0.0,0,0,3,0.6,0,,0,6,3,12,1.0,1,1,0,0.0,-0.03,0,0,0,0,4,0,0,,,0,,,,,,,,,,,,,,,
,2324,Frankfurt,Tuta,BRA,"DF,MF",24,1999,30,30,2600,28.9,1,2,3,1,0,0,3,2,0.03,0.07,0.1,0.03,0.1,28.9,1,18,7,38.9,0.62,0.24,0.06,0.14,0,0,87,85.0,30,87,22,0,,1,1.4,43,42,1,0.03,0.03,1,28,16,0,11,34,34,,,0,,,,,,,,,,,,,,,
,2324,Frankfurt,Willian Pacho,ECU,DF,21,2001,33,33,2970,33.0,0,3,3,0,0,0,7,0,0.0,0.09,0.09,0.0,0.09,33.0,0,10,2,20.0,0.3,0.06,0.0,0.0,0,0,90,97.1,33,90,33,0,,0,1.42,51,48,3,0.09,2.09,0,22,14,1,7,44,38,,,0,,,,,,,,,,,,,,,
,2324,Freiburg,Attila Szalai,HUN,"DF,MF",25,1998,3,0,103,1.1,0,0,0,0,0,0,0,0,0.0,0.0,0.0,0.0,0.0,1.1,0,0,0,,0.0,0.0,,,0,0,34,3.4,0,,0,3,34,12,1.0,0,3,-3,-2.62,-2.32,0,0,0,1,0,1,1,,,0,,,,,,,,,,,,,,,
,2324,Freiburg,Christian Günter,GER,"MF,DF",30,1993,15,13,1060,11.8,1,2,3,1,0,0,1,0,0.08,0.17,0.25,0.08,0.25,11.8,1,6,2,33.3,0.51,0.17,0.17,0.5,0,0,71,34.6,13,79,4,2,15,1,1.07,17,17,0,0.0,0.59,0,8,3,1,63,2,12,,,0,,,,,,,,,,,,,,,
,2324,Freiburg,Fabian Rüdlin,GER,MF,26,1997,1,0,7,0.1,0,0,0,0,0,0,0,0,0.0,0.0,0.0,0.0,0.0,0.1,0,0,0,,0.0,0.0,,,0,0,7,0.2,0,,0,1,7,7,0.0,0,1,-1,-12.86,-12.5,0,0,0,0,0,0,0,,,0,,,,,,,,,,,,,,,
,2324,Freiburg,Florent Muslija,KVX,"FW,MF",25,1998,10,0,105,1.2,0,0,0,0,0,0,0,0,0.0,0.0,0.0,0.0,0.0,1.2,0,2,1,50.0,1.71,0.86,0.0,0.0,0,0,11,3.4,0,,0,10,11,6,1.1,3,2,1,0.86,1.28,0,1,2,0,9,0,4,,,0,,,,,,,,,,,,,,,
,2324,Freiburg,Jordy Makengo,FRA,"DF,MF",21,2001,20,10,1026,11.4,0,0,0,0,0,0,1,0,0.0,0.0,0.0,0.0,0.0,11.4,0,3,0,0.0,0.26,0.0,0.0,,0,0,51,33.5,10,82,5,10,21,7,1.25,13,17,-4,-0.35,0.05,0,14,11,1,24,11,11,,,0,,,,,,,,,,,,,,,
,2324,Freiburg,Junior Adamu,AUT,FW,22,2001,15,0,105,1.2,0,0,0,0,0,0,0,0,0.0,0.0,0.0,0.0,0.0,1.2,0,2,1,50.0,1.71,0.86,0.0,0.0,0,0,7,3.4,0,,0,15,7,13,1.47,0,4,-4,-3.43,-3.15,0,7,4,2,1,0,1,,,0,,,,,,,,,,,,,,,
,2324,Freiburg,Kenneth Schmidt,GER,DF,21,2002,5,0,68,0.8,0,0,0,0,0,0,0,0,0.0,0.0,0.0,0.0,0.0,0.8,0,1,0,0.0,1.32,0.0,0.0,,0,0,14,2.2,0,,0,5,14,7,0.8,1,4,-3,-3.97,-3.67,0,1,0,0,2,1,2,,,0,,,,,,,,,,,,,,,
,2324,Freiburg,Kiliann Sildillia,FRA,DF,21,2002,27,20,1806,20.1,0,1,1,0,0,0,2,1,0.0,0.05,0.05,0.0,0.05,20.1,0,7,1,14.3,0.35,0.05,0.0,0.0,0,0,67,59.0,20,86,17,7,13,4,1.33,26,33,-7,-0.35,0.08,0,28,10,4,37,23,20,,,0,,,,,,,,,,,,,,,
,2324,Freiburg,Lucas Höler,GER,"FW,MF",29,1994,33,26,2305,25.6,7,2,9,6,1,2,7,0,0.27,0.08,0.35,0.23,0.31,25.6,7,34,18,52.9,1.33,0.7,0.21,0.39,1,2,70,75.3,26,83,10,7,21,0,1.18,31,50,-19,-0.74,-1.46,0,25,48,7,13,14,24,,,0,,,,,,,,,,,,,,,
,2324,Freiburg,Lukas Kübler,GER,DF,30,1992,26,22,1847,20.5,1,0,1,1,0,0,7,0,0.05,0.0,0.05,0.05,0.05,20.5,1,8,3,37.5,0.39,0.15,0.13,0.33,0,0,71,60.4,22,81,14,4,14,3,1.27,25,37,-12,-0.58,-0.51,0,19,25,3,21,38,24,,,0,,,,,,,,,,,,,,,
,2324,Freiburg,Manuel Gulde,GER,DF,32,1991,27,23,2047,22.7,1,0,1,1,0,0,5,1,0.04,0.0,0.04,0.04,0.04,22.7,1,12,1,8.3,0.53,0.04,0.08,1.0,0,0,76,66.9,23,85,18,4,25,5,1.26,33,40,-7,-0.31,0.23,1,17,15,1,3,22,27,,,0,,,,,,,,,,,,,,,
,2324,Freiburg,Matthias Ginter,GER,DF,29,1994,23,22,1913,21.3,0,2,2,0,0,0,3,0,0.0,0.09,0.09,0.0,0.09,21.3,0,7,4,57.1,0.33,0.19,0.0,0.0,0,0,83,62.5,22,85,18,1,54,0,1.39,30,39,-9,-0.42,-0.11,0,8,15,0,16,17,16,,,1,,,,,,,,,,,,,,,
,2324,Freiburg,Maximilian Breunig,GER,FW,22,2000,2,0,9,0.1,0,0,0,0,0,0,0,0,0.0,0.0,0.0,0.0,0.0,0.1,0,0,0,,0.0,0.0,,,0,0,5,0.3,0,,0,2,5,6,1.5,0,1,-1,-10.0,-9.65,0,1,0,0,0,0,0,,,0,,,,,,,,,,,,,,,
,2324,Freiburg,Maximilian Eggestein,GER,MF,26,1996,33,33,2914,32.4,1,2,3,1,0,0,6,0,0.03,0.06,0.09,0.03,0.09,32.4,1,39,8,20.5,1.2,0.25,0.03,0.13,0,0,88,95.2,33,88,28,0,,0,1.27,41,53,-12,-0.37,0.25,0,32,23,2,9,29,22,,,0,,,,,,,,,,,,,,,
,2324,Freiburg,Maximilian Philipp,GER,FW,29,1994,17,1,323,3.6,1,0,1,1,0,0,2,0,0.28,0.0,0.28,0.28,0.28,3.6,1,9,3,33.3,2.51,0.84,0.11,0.33,0,0,19,10.6,1,72,0,16,16,7,0.88,7,7,0,0.0,0.43,0,10,3,0,4,1,5,,,0,,,,,,,,,,,,,,,
,2324,Freiburg,Merlin Röhl,GER,"MF,FW",21,2002,24,17,1477,16.4,2,4,6,2,0,0,3,1,0.12,0.24,0.37,0.12,0.37,16.4,2,24,8,33.3,1.46,0.49,0.08,0.25,0,0,62,48.3,17,74,3,7,31,3,1.29,21,29,-8,-0.49,-0.2,0,35,28,2,16,9,13,,,0,,,,,,,,,,,,,,,
,2324,Freiburg,Michael Gregoritsch,AUT,FW,29,1994,32,19,1682,18.7,7,4,11,7,0,0,2,0,0.37,0.21,0.59,0.37,0.59,18.7,7,72,31,43.1,3.85,1.66,0.1,0.23,0,0,53,55.0,19,75,6,13,20,0,1.28,29,25,4,0.21,1.32,0,17,19,6,11,8,12,,,0,,,,,,,,,,,,,,,
,2324,Freiburg,Nicolas Höfler,GER,MF,33,1990,28,26,2330,25.9,1,1,2,1,0,0,10,1,0.04,0.04,0.08,0.04,0.08,25.9,1,16,1,6.3,0.62,0.04,0.06,1.0,0,0,83,76.1,26,89,22,2,13,0,1.18,37,46,-9,-0.35,0.15,0,29,31,0,2,32,37,,,0,,,,,,,,,,,,,,,
,2324,Freiburg,Noah Atubolu,GER,GK,21,2002,34,34,3060,34.0,0,0,0,0,0,0,0,0,0.0,0.0,0.0,0.0,0.0,34.0,0,0,0,,0.0,0.0,,,0,0,90,100.0,34,90,34,0,,0,1.24,45,58,-13,-0.38,,0,0,3,0,0,0,0,,,0,58,1.71,159,101,63.5,11,9,14,9,26.5,5,3,2,0,40.0
,2324,Freiburg,Noah Weißhaupt,GER,MF,21,2001,24,6,759,8.4,1,2,3,1,0,0,1,0,0.12,0.24,0.36,0.12,0.36,8.4,1,4,1,25.0,0.47,0.12,0.25,1.0,0,0,32,24.8,6,82,3,18,15,3,1.04,13,15,-2,-0.24,0.19,0,8,31,2,50,6,4,,,0,,,,,,,,,,,,,,,
,2324,Freiburg,Philipp Lienhart,AUT,DF,27,1996,15,14,1265,14.1,1,0,1,1,0,0,3,0,0.07,0.0,0.07,0.07,0.07,14.1,1,7,3,42.9,0.5,0.21,0.14,0.33,0,0,84,41.3,14,88,13,1,29,1,1.4,17,23,-6,-0.43,-0.08,0,12,6,1,4,15,13,,,0,,,,,,,,,,,,,,,
,2324,Freiburg,Ritsu Doan,JPN,MF,25,1998,30,26,2246,25.0,7,2,9,7,0,0,2,0,0.28,0.08,0.36,0.28,0.36,25.0,7,37,19,51.4,1.48,0.76,0.19,0.37,0,0,75,73.4,26,83,13,4,24,0,1.27,32,39,-7,-0.28,0.38,0,26,35,2,61,8,25,,,0,,,,,,,,,,,,,,,
,2324,Freiburg,Roland Sallai,HUN,"MF,FW",26,1997,27,22,1840,20.4,3,2,5,3,0,1,6,0,0.15,0.1,0.24,0.15,0.24,20.4,3,56,19,33.9,2.74,0.93,0.05,0.16,0,1,68,60.1,22,79,5,5,21,0,1.33,26,35,-9,-0.44,-0.15,0,41,42,11,75,5,11,,,0,,,,,,,,,,,,,,,
,2324,Freiburg,Vincenzo Grifo,ITA,MF,30,1993,32,29,2325,25.8,8,8,16,2,6,6,3,0,0.31,0.31,0.62,0.08,0.39,25.8,8,49,19,38.8,1.9,0.74,0.16,0.42,6,6,73,76.0,29,76,6,3,41,2,1.22,32,42,-10,-0.39,-0.02,0,13,16,6,172,15,19,,,0,,,,,,,,,,,,,,,
,2324,Freiburg,Yannik Keitel,GER,"DF,MF",23,2000,15,11,920,10.2,1,0,1,1,0,0,0,0,0.1,0.0,0.1,0.1,0.1,10.2,1,6,2,33.3,0.59,0.2,0.17,0.5,0,0,61,30.1,11,80,7,4,9,10,1.53,13,13,0,0.0,0.55,0,12,6,0,2,11,17,,,0,,,,,,,,,,,,,,,
,2324,Gladbach,Alassane Pléa,FRA,"FW,MF",30,1993,27,24,1913,21.3,7,4,11,6,1,1,1,0,0.33,0.19,0.52,0.28,0.47,21.3,7,58,19,32.8,2.73,0.89,0.12,0.37,1,1,71,62.5,24,75,5,3,34,0,1.0,37,41,-4,-0.19,0.36,0,15,29,6,43,2,6,,,0,,,,,,,,,,,,,,,
,2324,Gladbach,Christoph Kramer,GER,MF,32,1991,14,1,249,2.8,0,0,0,0,0,0,4,0,0.0,0.0,0.0,0.0,0.0,2.8,0,1,0,0.0,0.36,0.0,0.0,,0,0,18,8.1,1,58,0,13,15,6,1.47,3,10,-7,-2.53,-2.4,0,6,3,0,3,4,6,,,0,,,,,,,,,,,,,,,
,2324,Gladbach,Fabio Chiarodia,ITA,DF,18,2005,7,1,152,1.7,0,0,0,0,0,0,0,0,0.0,0.0,0.0,0.0,0.0,1.7,0,0,0,,0.0,0.0,,,0,0,22,5.0,1,79,0,6,12,17,1.57,2,5,-3,-1.78,-1.53,0,1,0,0,1,3,5,,,0,,,,,,,,,,,,,,,
,2324,Gladbach,Florian Neuhaus,GER,MF,26,1997,25,15,1224,13.6,4,2,6,3,1,1,4,0,0.29,0.15,0.44,0.22,0.37,13.6,4,38,16,42.1,2.79,1.18,0.11,0.25,1,1,49,40.0,15,71,2,10,16,7,1.04,22,24,-2,-0.15,0.29,0,9,18,0,10,13,12,,,0,,,,,,,,,,,,,,,
,2324,Gladbach,Franck Honorat,FRA,"MF,FW",26,1996,32,28,2345,26.1,3,9,12,3,0,0,1,0,0.12,0.35,0.46,0.12,0.46,26.1,3,28,10,35.7,1.07,0.38,0.11,0.3,0,0,73,76.6,28,81,10,4,16,0,1.06,48,50,-2,-0.08,1.06,0,9,15,6,237,8,14,,,0,,,,,,,,,,,,,,,
,2324,Gladbach,Grant Ranos,ARM,FW,20,2003,9,0,49,0.5,0,0,0,0,0,0,0,0,0.0,0.0,0.0,0.0,0.0,0.5,0,3,0,0.0,5.51,0.0,0.0,,0,0,5,1.6,0,,0,9,5,11,1.0,1,0,1,1.84,2.2,0,0,0,1,1,0,0,,,0,,,,,,,,,,,,,,,
,2324,Gladbach,Joe Scally,USA,"DF,MF",20,2002,31,25,2236,24.8,1,4,5,1,0,0,4,0,0.04,0.16,0.2,0.04,0.2,24.8,1,11,1,9.1,0.44,0.04,0.09,1.0,0,0,72,73.1,25,85,19,6,20,3,1.06,42,50,-8,-0.32,0.01,0,16,46,1,46,19,26,,,0,,,,,,,,,,,,,,,
,2324,Gladbach,Jonas Omlin,SUI,GK,29,1994,7,7,630,7.0,0,1,1,0,0,0,1,0,0.0,0.14,0.14,0.0,0.14,7.0,0,0,0,,0.0,0.0,,,0,0,90,20.6,7,90,7,0,,1,0.71,9,18,-9,-1.29,-1.21,0,0,2,0,0,0,0,,,0,18,2.57,47,29,61.7,1,2,4,0,0.0,2,2,0,0,0.0
,2324,Gladbach,Jordan Pefok,USA,FW,27,1996,25,18,1420,15.8,5,3,8,5,0,0,2,0,0.32,0.19,0.51,0.32,0.51,15.8,5,36,10,27.8,2.28,0.63,0.14,0.5,0,0,57,46.4,18,74,6,7,14,1,1.0,27,31,-4,-0.25,0.13,0,36,30,7,0,4,4,,,0,,,,,,,,,,,,,,,
,2324,Gladbach,Julian Weigl,GER,MF,27,1995,31,31,2764,30.7,2,3,5,0,2,2,10,0,0.07,0.1,0.16,0.0,0.1,30.7,2,19,6,31.6,0.62,0.2,0.11,0.33,2,2,89,90.3,31,89,29,0,,0,0.97,53,63,-10,-0.33,-0.02,0,33,30,0,3,47,41,,,0,,,,,,,,,,,,,,,
,2324,Gladbach,Ko Itakura,JPN,"DF,MF",26,1997,20,18,1596,17.7,3,0,3,3,0,0,9,0,0.17,0.0,0.17,0.17,0.17,17.7,3,21,7,33.3,1.18,0.39,0.14,0.43,0,0,80,52.2,18,87,13,2,20,0,0.8,23,35,-12,-0.68,-0.74,0,28,4,0,5,23,20,,,0,,,,,,,,,,,,,,,
,2324,Gladbach,Luca Netz,GER,"MF,DF",20,2003,30,25,2225,24.7,0,4,4,0,0,0,2,0,0.0,0.16,0.16,0.0,0.16,24.7,0,17,5,29.4,0.69,0.2,0.0,0.0,0,0,74,72.7,25,82,14,5,33,1,1.0,40,42,-2,-0.08,0.89,0,26,16,1,74,18,25,,,0,,,,,,,,,,,,,,,
,2324,Gladbach,Lukas Ullrich,GER,DF,19,2004,4,0,47,0.5,0,0,0,0,0,0,0,0,0.0,0.0,0.0,0.0,0.0,0.5,0,0,0,,0.0,0.0,,,0,0,12,1.5,0,,0,4,12,2,0.0,0,3,-3,-5.74,-5.51,0,0,1,0,5,0,0,,,0,,,,,,,,,,,,,,,
,2324,Gladbach,Manu Koné,FRA,MF,22,2001,22,18,1561,17.3,1,0,1,1,0,0,4,1,0.06,0.0,0.06,0.06,0.06,17.3,1,24,8,33.3,1.38,0.46,0.04,0.13,0,0,71,51.0,18,83,7,4,19,1,1.0,25,30,-5,-0.29,0.07,0,28,36,3,3,14,26,,,0,,,,,,,,,,,,,,,
,2324,Gladbach,Marvin Friedrich,GER,DF,27,1995,24,17,1566,17.4,0,0,0,0,0,0,1,0,0.0,0.0,0.0,0.0,0.0,17.4,0,12,2,16.7,0.69,0.11,0.0,0.0,0,0,65,51.2,17,85,14,7,17,9,0.96,23,39,-16,-0.92,-1.22,0,10,10,0,2,19,15,,,0,,,,,,,,,,,,,,,
,2324,Gladbach,Maximilian Wöber,AUT,DF,25,1998,25,24,2066,23.0,2,3,5,2,0,0,4,1,0.09,0.13,0.22,0.09,0.22,23.0,2,19,3,15.8,0.83,0.13,0.11,0.67,0,0,83,67.5,24,85,17,1,21,0,0.96,45,46,-1,-0.04,0.86,1,27,3,5,21,34,32,,,0,,,,,,,,,,,,,,,
,2324,Gladbach,Moritz Nicolas,GER,GK,25,1997,27,27,2430,27.0,0,0,0,0,0,0,2,0,0.0,0.0,0.0,0.0,0.0,27.0,0,0,0,,0.0,0.0,,,0,0,90,79.4,27,90,27,0,,7,1.07,47,49,-2,-0.07,1.21,0,1,2,0,0,0,0,,,0,49,1.81,159,113,69.2,6,11,10,4,14.8,4,4,0,0,0.0
,2324,Gladbach,Nathan N'Goumou,CMR,"MF,FW",23,2000,32,14,1385,15.4,5,2,7,5,0,0,1,0,0.32,0.13,0.45,0.32,0.45,15.4,5,30,12,40.0,1.95,0.78,0.17,0.42,0,0,43,45.3,14,70,0,18,23,2,0.94,27,31,-4,-0.26,0.12,0,13,17,6,29,5,23,,,0,,,,,,,,,,,,,,,
,2324,Gladbach,Nico Elvedi,SUI,DF,26,1996,30,28,2482,27.6,2,1,3,2,0,0,5,0,0.07,0.04,0.11,0.07,0.11,27.6,2,18,7,38.9,0.65,0.25,0.11,0.29,0,0,83,81.1,28,87,24,2,27,1,1.0,44,48,-4,-0.15,0.94,0,13,17,1,2,41,21,,,0,,,,,,,,,,,,,,,
,2324,Gladbach,Patrick Herrmann,GER,"FW,MF",32,1991,8,0,86,1.0,0,0,0,0,0,0,1,0,0.0,0.0,0.0,0.0,0.0,1.0,0,4,0,0.0,4.19,0.0,0.0,,0,0,11,2.8,0,,0,8,11,21,1.38,2,2,0,0.0,0.33,0,3,2,0,5,1,4,,,0,,,,,,,,,,,,,,,
,2324,Gladbach,Robin Hack,GER,"FW,MF",24,1998,29,14,1348,15.0,10,2,12,10,0,0,2,0,0.67,0.13,0.8,0.67,0.8,15.0,10,43,22,51.2,2.87,1.47,0.23,0.45,0,0,46,44.1,14,75,3,15,20,3,0.97,22,26,-4,-0.27,0.1,0,17,22,9,44,14,9,,,0,,,,,,,,,,,,,,,
,2324,Gladbach,Rocco Reitz,GER,MF,21,2002,34,24,2136,23.7,6,3,9,6,0,0,2,0,0.25,0.13,0.38,0.25,0.38,23.7,6,34,14,41.2,1.43,0.59,0.18,0.43,0,0,63,69.8,24,80,7,10,21,0,1.0,39,45,-6,-0.25,0.23,0,25,45,2,13,40,37,,,0,,,,,,,,,,,,,,,
,2324,Gladbach,Shiō Fukuda,JPN,FW,19,2004,5,0,36,0.4,0,0,0,0,0,0,0,0,0.0,0.0,0.0,0.0,0.0,0.4,0,2,0,0.0,5.0,0.0,0.0,,0,0,7,1.2,0,,0,5,7,1,0.2,0,2,-2,-5.0,-4.73,0,1,0,0,0,1,0,,,0,,,,,,,,,,,,,,,
,2324,Gladbach,Stefan Lainer,AUT,"MF,DF",30,1992,15,8,751,8.3,0,1,1,0,0,0,2,0,0.0,0.12,0.12,0.0,0.12,8.3,0,3,0,0.0,0.36,0.0,0.0,,0,0,50,24.5,8,73,2,7,24,2,0.8,13,18,-5,-0.6,-0.37,0,8,7,1,19,5,16,,,0,,,,,,,,,,,,,,,
,2324,Gladbach,Tomáš Čvančara,CZE,"FW,MF",22,2000,21,7,896,10.0,4,1,5,3,1,2,4,0,0.4,0.1,0.5,0.3,0.4,10.0,4,36,13,36.1,3.62,1.31,0.11,0.31,1,2,43,29.3,7,75,1,14,27,0,0.9,19,23,-4,-0.4,-0.11,0,9,13,4,4,2,3,,,0,,,,,,,,,,,,,,,
,2324,Gladbach,Tony Jantschke,GER,"DF,MF",33,1990,4,0,27,0.3,0,0,0,0,0,0,0,0,0.0,0.0,0.0,0.0,0.0,0.3,0,0,0,,0.0,0.0,,,0,0,7,0.9,0,,0,4,7,8,1.75,1,1,0,0.0,0.33,0,1,2,0,0,1,1,,,0,,,,,,,,,,,,,,,
,2324,Gladbach,Yvandro Borges Sanches,LUX,MF,19,2004,3,0,18,0.2,0,0,0,0,0,0,0,0,0.0,0.0,0.0,0.0,0.0,0.2,0,0,0,,0.0,0.0,,,0,0,6,0.6,0,,0,3,6,4,0.67,1,0,1,5.0,5.36,0,2,2,0,3,0,0,,,0,,,,,,,,,,,,,,,
,2324,Heidenheim,Adrian Beck,GER,MF,26,1997,23,11,974,10.8,1,1,2,1,0,0,1,0,0.09,0.09,0.18,0.09,0.18,10.8,1,12,3,25.0,1.11,0.28,0.08,0.33,0,0,42,31.8,11,61,1,12,26,5,1.13,16,20,-4,-0.37,-0.33,0,14,10,2,6,4,13,,,0,,,,,,,,,,,,,,,
,2324,Heidenheim,Benedikt Gimber,GER,DF,26,1997,24,24,2021,22.5,1,1,2,1,0,0,9,0,0.04,0.04,0.09,0.04,0.09,22.5,1,18,3,16.7,0.8,0.13,0.06,0.33,0,0,84,66.0,24,84,18,0,,5,1.42,31,30,1,0.04,0.56,0,40,27,0,3,15,23,,,1,,,,,,,,,,,,,,,
,2324,Heidenheim,Christian Kühlwetter,GER,"FW,MF",27,1996,1,0,8,0.1,0,1,1,0,0,0,0,0,0.0,11.25,11.25,0.0,11.25,0.1,0,0,0,,0.0,0.0,,,0,0,8,0.3,0,,0,1,8,8,3.0,1,0,1,11.25,11.43,0,0,0,0,0,0,0,,,0,,,,,,,,,,,,,,,
,2324,Heidenheim,Denis Thomalla,GER,MF,30,1992,21,3,446,5.0,0,0,0,0,0,0,0,0,0.0,0.0,0.0,0.0,0.0,5.0,0,3,0,0.0,0.61,0.0,0.0,,0,0,21,14.6,3,68,0,18,13,5,1.24,9,10,-1,-0.2,-0.06,0,6,2,1,2,4,6,,,0,,,,,,,,,,,,,,,
,2324,Heidenheim,Eren Dinkçi,GER,MF,21,2001,33,33,2650,29.4,10,5,15,10,0,0,8,0,0.34,0.17,0.51,0.34,0.51,29.4,10,49,21,42.9,1.66,0.71,0.2,0.48,0,0,80,86.6,33,80,7,0,,0,1.27,43,46,-3,-0.1,0.34,0,28,22,2,78,12,18,,,0,,,,,,,,,,,,,,,
,2324,Heidenheim,Florian Pick,GER,MF,27,1995,22,1,327,3.6,0,1,1,0,0,0,2,0,0.0,0.28,0.28,0.0,0.28,3.6,0,8,1,12.5,2.2,0.28,0.0,0.0,0,0,15,10.7,1,90,1,21,11,12,1.14,2,8,-6,-1.65,-1.68,0,6,7,1,33,3,4,,,0,,,,,,,,,,,,,,,
,2324,Heidenheim,Jan Schöppner,GER,MF,24,1999,26,23,1998,22.2,2,2,4,2,0,0,3,0,0.09,0.09,0.18,0.09,0.18,22.2,2,17,4,23.5,0.77,0.18,0.12,0.5,0,0,77,65.3,23,84,16,3,21,8,1.31,31,32,-1,-0.05,0.29,0,14,12,1,7,27,26,,,0,,,,,,,,,,,,,,,
,2324,Heidenheim,Jan-Niklas Beste,GER,MF,24,1999,31,31,2603,28.9,8,11,19,8,0,1,4,0,0.28,0.38,0.66,0.28,0.66,28.9,8,49,19,38.8,1.69,0.66,0.16,0.42,0,1,84,85.1,31,84,5,0,,0,1.26,43,47,-4,-0.14,0.06,0,28,51,4,279,17,50,,,0,,,,,,,,,,,,,,,
,2324,Heidenheim,Jonas Föhrenbach,GER,DF,27,1996,33,32,2788,31.0,0,0,0,0,0,0,2,0,0.0,0.0,0.0,0.0,0.0,31.0,0,12,0,0.0,0.39,0.0,0.0,,0,0,84,91.1,32,87,28,1,9,0,1.24,44,53,-9,-0.29,-1.61,0,15,16,2,72,32,24,,,1,,,,,,,,,,,,,,,
,2324,Heidenheim,Kevin Müller,GER,GK,32,1991,34,34,3060,34.0,0,0,0,0,0,0,1,0,0.0,0.0,0.0,0.0,0.0,34.0,0,0,0,,0.0,0.0,,,0,0,90,100.0,34,90,34,0,,0,1.24,50,55,-5,-0.15,,0,1,2,0,0,0,0,,,0,55,1.62,178,123,69.1,10,12,12,5,14.7,10,7,1,2,12.5
,2324,Heidenheim,Kevin Sessa,GER,MF,23,2000,30,7,1011,11.2,3,0,3,3,0,0,1,0,0.27,0.0,0.27,0.27,0.27,11.2,3,29,7,24.1,2.58,0.62,0.1,0.43,0,0,34,33.0,7,70,0,23,23,2,1.27,21,14,7,0.62,1.15,0,16,20,1,21,4,9,,,0,,,,,,,,,,,,,,,
,2324,Heidenheim,Lennard Maloney,USA,MF,23,1999,29,27,2284,25.4,1,1,2,1,0,0,1,0,0.04,0.04,0.08,0.04,0.08,25.4,1,14,3,21.4,0.55,0.12,0.07,0.33,0,0,79,74.6,27,84,17,2,13,0,1.28,35,44,-9,-0.35,-0.82,0,44,15,0,3,25,27,,,1,,,,,,,,,,,,,,,
,2324,Heidenheim,Marnon Busch,GER,DF,28,1994,16,5,595,6.6,0,0,0,0,0,0,1,0,0.0,0.0,0.0,0.0,0.0,6.6,0,5,1,20.0,0.76,0.15,0.0,0.0,0,0,37,19.4,5,67,2,11,23,5,1.0,8,11,-3,-0.45,-0.38,0,9,4,0,26,10,9,,,0,,,,,,,,,,,,,,,
,2324,Heidenheim,Marvin Pieringer,GER,"FW,MF",23,1999,31,18,1513,16.8,3,3,6,3,0,0,5,0,0.18,0.18,0.36,0.18,0.36,16.8,3,27,8,29.6,1.61,0.48,0.11,0.38,0,0,49,49.4,18,67,1,13,24,0,1.23,27,22,5,0.3,0.88,0,38,30,6,7,12,12,,,0,,,,,,,,,,,,,,,
,2324,Heidenheim,Nikola Dovedan,AUT,MF,29,1994,21,5,656,7.3,3,1,4,3,0,0,0,1,0.41,0.14,0.55,0.41,0.55,7.3,3,14,5,35.7,1.92,0.69,0.21,0.6,0,0,31,21.4,5,62,0,16,22,9,0.86,12,11,1,0.14,0.36,0,10,24,0,8,1,9,,,0,,,,,,,,,,,,,,,
,2324,Heidenheim,Norman Theuerkauf,GER,"MF,DF",36,1987,25,14,1259,14.0,0,1,1,0,0,0,3,0,0.0,0.07,0.07,0.0,0.07,14.0,0,7,2,28.6,0.5,0.14,0.0,0.0,0,0,50,41.1,14,74,4,11,20,8,1.4,20,21,-1,-0.07,0.13,0,13,16,0,23,16,18,,,0,,,,,,,,,,,,,,,
,2324,Heidenheim,Omar Traoré,GER,DF,25,1998,31,29,2472,27.5,0,2,2,0,0,0,5,0,0.0,0.07,0.07,0.0,0.07,27.5,0,11,1,9.1,0.4,0.04,0.0,0.0,0,0,80,80.8,29,83,19,2,38,1,1.13,43,46,-3,-0.11,0.2,0,30,31,1,74,42,30,,,0,,,,,,,,,,,,,,,
,2324,Heidenheim,Patrick Mainka,GER,DF,28,1994,34,34,3060,34.0,2,0,2,2,0,0,1,0,0.06,0.0,0.06,0.06,0.06,34.0,2,29,7,24.1,0.85,0.21,0.07,0.29,0,0,90,100.0,34,90,34,0,,0,1.24,50,55,-5,-0.15,,0,24,16,2,0,46,46,,,0,,,,,,,,,,,,,,,
,2324,Heidenheim,Stefan Schimmer,GER,FW,29,1994,16,0,153,1.7,0,1,1,0,0,0,0,0,0.0,0.59,0.59,0.0,0.59,1.7,0,5,0,0.0,2.94,0.0,0.0,,0,0,10,5.0,0,,0,16,10,18,0.81,2,3,-1,-0.59,-0.46,0,1,1,0,1,1,1,,,0,,,,,,,,,,,,,,,
,2324,Heidenheim,Thomas Keller,GER,"DF,MF",23,1999,2,0,2,0.0,0,0,0,0,0,0,0,0,0.0,0.0,0.0,0.0,0.0,0.0,0,0,0,,0.0,0.0,,,0,0,1,0.1,0,,0,2,1,4,3.0,0,0,0,0.0,0.15,0,1,0,0,0,0,0,,,0,,,,,,,,,,,,,,,
,2324,Heidenheim,Tim Kleindienst,GER,FW,27,1995,33,33,2869,31.9,12,3,15,10,2,2,6,0,0.38,0.09,0.47,0.31,0.41,31.9,12,83,34,41.0,2.6,1.07,0.14,0.35,2,2,87,93.8,33,87,23,0,,0,1.24,49,53,-4,-0.13,0.35,0,88,13,15,20,11,13,,,0,,,,,,,,,,,,,,,
,2324,Heidenheim,Tim Siersleben,GER,DF,23,2000,14,10,910,10.1,0,0,0,0,0,0,1,0,0.0,0.0,0.0,0.0,0.0,10.1,0,3,0,0.0,0.3,0.0,0.0,,0,0,65,29.7,10,86,9,4,14,19,1.14,13,23,-10,-0.99,-1.2,0,16,5,0,1,21,11,,,0,,,,,,,,,,,,,,,
,2324,Hoffenheim,Andrej Kramarić,CRO,"MF,FW",32,1991,30,25,2199,24.4,15,6,21,10,5,5,4,0,0.61,0.25,0.86,0.41,0.65,24.4,15,69,34,49.3,2.82,1.39,0.22,0.44,5,5,73,71.9,25,83,12,5,23,1,1.23,52,44,8,0.33,1.16,0,8,35,8,112,9,2,,,0,,,,,,,,,,,,,,,
,2324,Hoffenheim,Angelo Stiller,GER,MF,22,2001,1,1,84,0.9,0,0,0,0,0,0,0,0,0.0,0.0,0.0,0.0,0.0,0.9,0,2,1,50.0,2.14,1.07,0.0,0.0,0,0,84,2.7,1,84,0,0,,0,0.0,1,2,-1,-1.07,-1.1,0,0,1,0,3,0,0,,,0,,,,,,,,,,,,,,,
,2324,Hoffenheim,Anton Stach,GER,MF,24,1998,31,26,2321,25.8,2,3,5,2,0,0,4,0,0.08,0.12,0.19,0.08,0.19,25.8,2,38,9,23.7,1.47,0.35,0.05,0.22,0,0,75,75.8,26,83,16,5,33,0,1.29,47,55,-8,-0.31,-1.28,0,30,41,0,54,72,41,,,0,,,,,,,,,,,,,,,
,2324,Hoffenheim,Attila Szalai,HUN,DF,25,1998,4,4,288,3.2,0,0,0,0,0,0,1,0,0.0,0.0,0.0,0.0,0.0,3.2,0,1,1,100.0,0.31,0.31,0.0,0.0,0,0,72,9.4,4,72,2,0,,14,1.5,7,7,0,0.0,0.0,0,7,0,0,5,1,1,,,1,,,,,,,,,,,,,,,
,2324,Hoffenheim,Bambasé Conté,GER,MF,20,2003,7,0,48,0.5,0,0,0,0,0,0,0,0,0.0,0.0,0.0,0.0,0.0,0.5,0,3,0,0.0,5.63,0.0,0.0,,0,0,7,1.6,0,,0,7,7,5,0.57,1,1,0,0.0,0.0,0,3,6,0,2,0,3,,,0,,,,,,,,,,,,,,,
,2324,Hoffenheim,David Jurásek,CZE,"MF,DF",22,2000,13,4,496,5.5,0,1,1,0,0,0,1,0,0.0,0.18,0.18,0.0,0.18,5.5,0,5,2,40.0,0.91,0.36,0.0,0.0,0,0,38,16.2,4,75,2,9,22,3,1.31,13,8,5,0.91,1.08,0,3,1,0,24,3,11,,,0,,,,,,,,,,,,,,,
,2324,Hoffenheim,Dennis Geiger,GER,MF,25,1998,3,0,64,0.7,0,0,0,0,0,0,1,0,0.0,0.0,0.0,0.0,0.0,0.7,0,0,0,,0.0,0.0,,,0,0,21,2.1,0,,0,3,21,1,2.0,0,2,-2,-2.81,-2.87,0,2,0,0,0,0,0,,,0,,,,,,,,,,,,,,,
,2324,Hoffenheim,Diadie Samassékou,MLI,MF,27,1996,1,0,1,0.0,0,0,0,0,0,0,0,0,0.0,0.0,0.0,0.0,0.0,0.0,0,0,0,,0.0,0.0,,,0,0,1,0.0,0,,0,1,1,10,3.0,0,0,0,0.0,0.0,0,0,1,0,0,1,0,,,0,,,,,,,,,,,,,,,
,2324,Hoffenheim,Finn Ole Becker,GER,MF,23,2000,22,5,606,6.7,0,0,0,0,0,0,1,0,0.0,0.0,0.0,0.0,0.0,6.7,0,6,1,16.7,0.89,0.15,0.0,0.0,0,0,28,19.8,5,70,0,17,15,10,1.5,14,18,-4,-0.59,-0.74,0,6,7,0,7,1,7,,,0,,,,,,,,,,,,,,,
,2324,Hoffenheim,Florian Grillitsch,AUT,"DF,MF",27,1995,30,25,2295,25.5,1,6,7,1,0,0,8,0,0.04,0.24,0.27,0.04,0.27,25.5,1,21,6,28.6,0.82,0.24,0.05,0.17,0,0,77,75.0,25,86,20,5,30,0,1.37,50,53,-3,-0.12,-0.47,0,27,24,0,17,55,28,,,0,,,,,,,,,,,,,,,
,2324,Hoffenheim,Grischa Prömel,GER,MF,28,1995,28,27,2139,23.8,4,5,9,4,0,0,10,1,0.17,0.21,0.38,0.17,0.38,23.8,4,26,8,30.8,1.09,0.34,0.15,0.5,0,0,76,69.9,27,78,15,1,33,0,1.43,45,44,1,0.04,0.14,1,33,29,1,11,20,22,,,0,,,,,,,,,,,,,,,
,2324,Hoffenheim,Ihlas Bebou,TOG,"FW,MF",29,1994,32,16,1636,18.2,7,5,12,7,0,0,3,0,0.39,0.28,0.66,0.39,0.66,18.2,7,38,14,36.8,2.09,0.77,0.18,0.5,0,0,51,53.5,16,82,6,16,20,2,1.34,36,37,-1,-0.06,-0.12,0,24,21,7,35,13,10,,,0,,,,,,,,,,,,,,,
,2324,Hoffenheim,John Brooks,USA,DF,30,1993,21,18,1539,17.1,2,0,2,2,0,0,6,1,0.12,0.0,0.12,0.12,0.12,17.1,2,11,4,36.4,0.64,0.23,0.18,0.5,0,0,73,50.3,18,81,14,3,26,10,1.76,36,32,4,0.23,0.47,0,16,13,1,3,26,16,,,0,,,,,,,,,,,,,,,
,2324,Hoffenheim,Julian Justvan,GER,"FW,MF",25,1998,4,0,49,0.5,0,0,0,0,0,0,0,0,0.0,0.0,0.0,0.0,0.0,0.5,0,1,0,0.0,1.84,0.0,0.0,,0,0,12,1.6,0,,0,4,12,2,0.5,0,1,-1,-1.84,-1.87,0,0,0,0,9,0,0,,,0,,,,,,,,,,,,,,,
,2324,Hoffenheim,Kasim Nuhu,GHA,DF,28,1995,1,0,5,0.1,0,0,0,0,0,0,0,0,0.0,0.0,0.0,0.0,0.0,0.1,0,0,0,,0.0,0.0,,,0,0,5,0.2,0,,0,1,5,7,0.0,0,0,0,0.0,0.0,0,1,0,0,0,0,0,,,0,,,,,,,,,,,,,,,
,2324,Hoffenheim,Kevin Akpoguma,NGA,DF,28,1995,17,11,1097,12.2,0,0,0,0,0,0,7,0,0.0,0.0,0.0,0.0,0.0,12.2,0,2,0,0.0,0.16,0.0,0.0,,0,0,65,35.8,11,86,9,6,26,11,1.35,26,21,5,0.41,0.64,0,15,14,0,4,19,18,,,0,,,,,,,,,,,,,,,
,2324,Hoffenheim,Kevin Vogt,GER,DF,31,1991,16,14,1319,14.7,0,0,0,0,0,0,2,0,0.0,0.0,0.0,0.0,0.0,14.7,0,2,1,50.0,0.14,0.07,0.0,0.0,0,0,82,43.1,14,88,13,2,42,0,1.5,32,27,5,0.34,0.6,0,11,9,0,3,11,10,,,0,,,,,,,,,,,,,,,
,2324,Hoffenheim,Marius Bülter,GER,MF,30,1993,30,15,1351,15.0,1,4,5,1,0,0,3,1,0.07,0.27,0.33,0.07,0.33,15.0,1,21,6,28.6,1.4,0.4,0.05,0.17,0,0,45,44.2,15,71,5,15,19,1,1.4,27,30,-3,-0.2,-0.36,1,13,17,4,74,11,11,,,0,,,,,,,,,,,,,,,
,2324,Hoffenheim,Max Moerstedt,GER,FW,17,2006,1,0,12,0.1,0,0,0,0,0,0,0,0,0.0,0.0,0.0,0.0,0.0,0.1,0,0,0,,0.0,0.0,,,0,0,12,0.4,0,,0,1,12,3,1.0,1,0,1,7.5,7.53,0,0,0,0,0,0,0,,,0,,,,,,,,,,,,,,,
,2324,Hoffenheim,Maximilian Beier,GER,"FW,MF",20,2002,33,29,2420,26.9,16,1,17,16,0,0,0,0,0.6,0.04,0.63,0.6,0.63,26.9,16,82,39,47.6,3.05,1.45,0.2,0.41,0,0,73,79.1,29,81,9,4,19,0,1.3,51,51,0,0.0,0.0,0,21,32,13,38,10,12,,,0,,,,,,,,,,,,,,,
,2324,Hoffenheim,Mergim Berisha,GER,FW,25,1998,6,0,144,1.6,0,0,0,0,0,0,0,0,0.0,0.0,0.0,0.0,0.0,1.6,0,6,1,16.7,3.75,0.62,0.0,0.0,0,0,24,4.7,0,,0,6,24,2,1.5,1,2,-1,-0.62,-0.66,0,5,2,1,2,0,0,,,0,,,,,,,,,,,,,,,
,2324,Hoffenheim,Oliver Baumann,GER,GK,33,1990,34,34,3060,34.0,0,1,1,0,0,0,1,0,0.0,0.03,0.03,0.0,0.03,34.0,0,0,0,,0.0,0.0,,,0,0,90,100.0,34,90,34,0,,0,1.35,66,66,0,0.0,,0,1,6,0,0,0,0,,,0,66,1.94,209,143,68.4,13,7,14,1,2.9,5,2,3,0,60.0
,2324,Hoffenheim,Ozan Kabak,TUR,DF,23,2000,28,28,2282,25.4,4,0,4,4,0,0,11,1,0.16,0.0,0.16,0.16,0.16,25.4,4,18,7,38.9,0.71,0.28,0.22,0.57,0,0,82,74.6,28,82,17,0,,1,1.29,46,52,-6,-0.24,-0.93,1,30,9,0,4,46,35,,,0,,,,,,,,,,,,,,,
,2324,Hoffenheim,Pavel Kadeřábek,CZE,"MF,DF",31,1992,29,28,2412,26.8,3,4,7,3,0,0,7,0,0.11,0.15,0.26,0.11,0.26,26.8,3,20,6,30.0,0.75,0.22,0.15,0.5,0,0,83,78.8,28,85,18,1,45,0,1.45,55,49,6,0.22,1.06,0,17,12,1,100,22,19,,,0,,,,,,,,,,,,,,,
,2324,Hoffenheim,Robert Skov,DEN,MF,27,1996,25,14,1260,14.0,3,4,7,3,0,0,2,0,0.21,0.29,0.5,0.21,0.5,14.0,3,32,7,21.9,2.29,0.5,0.09,0.43,0,0,50,41.2,14,70,2,11,26,6,1.28,28,32,-4,-0.29,-0.49,0,15,20,1,72,10,16,,,0,,,,,,,,,,,,,,,
,2324,Hoffenheim,Stanley N'Soki,FRA,"DF,MF",24,1999,11,7,631,7.0,0,0,0,0,0,0,3,1,0.0,0.0,0.0,0.0,0.0,7.0,0,0,0,,0.0,0.0,,,0,0,57,20.6,7,78,4,4,21,3,0.82,7,14,-7,-1.0,-1.26,1,12,2,0,7,8,10,,,0,,,,,,,,,,,,,,,
,2324,Hoffenheim,Tim Drexler,GER,DF,18,2005,8,6,573,6.4,0,0,0,0,0,0,1,0,0.0,0.0,0.0,0.0,0.0,6.4,0,0,0,,0.0,0.0,,,0,0,72,18.7,6,85,5,2,32,3,1.13,12,14,-2,-0.31,-0.39,0,4,5,0,0,9,9,,,0,,,,,,,,,,,,,,,
,2324,Hoffenheim,Tom Bischof,GER,MF,18,2005,13,1,178,2.0,0,2,2,0,0,0,0,0,0.0,1.01,1.01,0.0,1.01,2.0,0,5,1,20.0,2.53,0.51,0.0,0.0,0,0,14,5.8,1,77,0,12,8,15,1.08,9,4,5,2.53,2.68,0,1,1,2,11,1,3,,,0,,,,,,,,,,,,,,,
,2324,Hoffenheim,Umut Tohumcu,GER,MF,18,2004,20,12,1011,11.2,0,2,2,0,0,0,5,0,0.0,0.18,0.18,0.0,0.18,11.2,0,15,3,20.0,1.34,0.27,0.0,0.0,0,0,51,33.0,12,67,2,8,26,6,1.4,22,17,5,0.45,0.66,0,10,24,0,7,6,13,,,0,,,,,,,,,,,,,,,
,2324,Hoffenheim,Wout Weghorst,NED,FW,30,1992,28,24,1977,22.0,7,3,10,6,1,1,4,0,0.32,0.14,0.46,0.27,0.41,22.0,7,39,15,38.5,1.78,0.68,0.18,0.47,1,1,71,64.6,24,79,12,4,20,1,1.57,40,37,3,0.14,0.39,0,24,34,13,4,4,6,,,0,,,,,,,,,,,,,,,
,2324,Köln,Benno Schmitz,GER,DF,28,1994,22,13,1155,12.8,0,1,1,0,0,0,5,0,0.0,0.08,0.08,0.0,0.08,12.8,0,8,5,62.5,0.62,0.39,0.0,0.0,0,0,53,37.7,13,80,7,9,13,8,0.73,12,19,-7,-0.55,0.64,0,9,10,0,38,7,16,,,0,,,,,,,,,,,,,,,
,2324,Köln,Damion Downs,USA,FW,19,2004,10,0,181,2.0,2,0,2,2,0,0,0,0,0.99,0.0,0.99,0.99,0.99,2.0,2,5,2,40.0,2.49,0.99,0.4,1.0,0,0,18,5.9,0,,0,10,18,2,0.6,5,4,1,0.5,1.53,0,1,0,0,1,0,1,,,0,,,,,,,,,,,,,,,
,2324,Köln,Davie Selke,GER,FW,28,1995,19,16,1265,14.1,6,0,6,6,0,0,3,0,0.43,0.0,0.43,0.43,0.43,14.1,6,33,11,33.3,2.35,0.78,0.18,0.55,0,0,67,41.3,16,75,5,3,20,1,0.74,9,24,-15,-1.07,-0.21,0,24,18,10,4,0,1,,,0,,,,,,,,,,,,,,,
,2324,Köln,Dejan Ljubičić,AUT,MF,25,1997,26,24,2048,22.8,0,2,2,0,0,0,6,0,0.0,0.09,0.09,0.0,0.09,22.8,0,38,10,26.3,1.67,0.44,0.0,0.0,0,0,79,66.9,24,83,15,2,23,0,0.73,17,40,-23,-1.01,-0.21,0,32,13,1,29,20,24,,,0,,,,,,,,,,,,,,,
,2324,Köln,Denis Huseinbasic,BIH,MF,22,2001,26,18,1627,18.1,0,3,3,0,0,0,5,0,0.0,0.17,0.17,0.0,0.17,18.1,0,12,3,25.0,0.66,0.17,0.0,0.0,0,0,63,53.2,18,83,10,8,18,6,0.77,18,36,-18,-1.0,-0.12,0,28,14,0,15,13,20,,,0,,,,,,,,,,,,,,,
,2324,Köln,Dominique Heintz,GER,DF,29,1993,12,6,568,6.3,0,0,0,0,0,0,0,0,0.0,0.0,0.0,0.0,0.0,6.3,0,0,0,,0.0,0.0,,,0,0,47,18.6,6,76,3,6,19,19,1.17,5,9,-4,-0.63,0.38,0,7,4,1,22,3,4,,,0,,,,,,,,,,,,,,,
,2324,Köln,Eric Martel,GER,MF,21,2002,30,29,2457,27.3,1,1,2,1,0,0,6,0,0.04,0.04,0.07,0.04,0.07,27.3,1,27,9,33.3,0.99,0.33,0.04,0.11,0,0,82,80.3,29,84,20,1,25,0,0.9,21,46,-25,-0.92,0.13,0,52,41,2,21,43,46,,,0,,,,,,,,,,,,,,,
,2324,Köln,Faride Alidou,GER,"MF,FW",22,2001,26,14,1282,14.2,4,0,4,4,0,0,4,0,0.28,0.0,0.28,0.28,0.28,14.2,4,33,11,33.3,2.32,0.77,0.12,0.36,0,0,49,41.9,14,69,0,12,27,2,0.85,12,27,-15,-1.05,-0.19,0,21,23,3,40,8,4,,,0,,,,,,,,,,,,,,,
,2324,Köln,Florian Dietz,GER,FW,24,1998,5,0,70,0.8,0,0,0,0,0,0,0,0,0.0,0.0,0.0,0.0,0.0,0.8,0,3,1,33.3,3.86,1.29,0.0,0.0,0,0,14,2.3,0,,0,5,14,5,0.4,0,2,-2,-2.57,-1.67,0,1,0,0,0,0,0,,,0,,,,,,,,,,,,,,,
,2324,Köln,Florian Kainz,AUT,MF,30,1992,33,29,2197,24.4,5,4,9,0,5,5,4,0,0.2,0.16,0.37,0.0,0.16,24.4,5,28,9,32.1,1.15,0.37,0.18,0.56,5,5,67,71.8,29,73,7,4,22,1,0.82,22,41,-19,-0.78,0.58,0,19,33,1,164,17,19,,,0,,,,,,,,,,,,,,,
,2324,Köln,Jacob Christensen,DEN,MF,22,2001,7,2,219,2.4,0,0,0,0,0,0,1,0,0.0,0.0,0.0,0.0,0.0,2.4,0,1,0,0.0,0.41,0.0,0.0,,0,0,31,7.2,2,85,1,5,10,14,0.57,0,5,-5,-2.05,-1.2,0,4,0,0,5,4,6,,,0,,,,,,,,,,,,,,,
,2324,Köln,Jan Thielmann,GER,"FW,MF",21,2002,22,20,1579,17.5,1,0,1,1,0,0,4,1,0.06,0.0,0.06,0.06,0.06,17.5,1,37,12,32.4,2.11,0.68,0.03,0.08,0,0,72,51.6,20,76,7,2,29,1,0.86,8,18,-10,-0.57,0.77,0,27,27,6,42,8,19,,,0,,,,,,,,,,,,,,,
,2324,Köln,Julian Chabot,GER,DF,25,1998,32,32,2703,30.0,0,0,0,0,0,0,9,1,0.0,0.0,0.0,0.0,0.0,30.0,0,19,4,21.1,0.63,0.13,0.0,0.0,0,0,84,88.3,32,84,27,0,,0,0.84,28,52,-24,-0.8,1.22,1,27,42,4,4,45,41,,,0,,,,,,,,,,,,,,,
,2324,Köln,Justin Diehl,GER,MF,18,2004,7,1,168,1.9,0,0,0,0,0,0,0,0,0.0,0.0,0.0,0.0,0.0,1.9,0,7,2,28.6,3.75,1.07,0.0,0.0,0,0,24,5.5,1,59,0,6,18,0,0.57,0,3,-3,-1.61,-0.7,0,2,4,0,18,0,0,,,0,,,,,,,,,,,,,,,
,2324,Köln,Leart Paqarada,KVX,DF,28,1994,17,11,1075,11.9,0,0,0,0,0,0,0,0,0.0,0.0,0.0,0.0,0.0,11.9,0,10,4,40.0,0.84,0.33,0.0,0.0,0,0,63,35.1,11,85,9,6,24,8,0.47,11,31,-20,-1.67,-1.13,0,7,8,1,91,12,11,,,0,,,,,,,,,,,,,,,
,2324,Köln,Linton Maina,GER,MF,24,1999,31,21,1901,21.1,1,3,4,1,0,0,4,0,0.05,0.14,0.19,0.05,0.19,21.1,1,33,11,33.3,1.56,0.52,0.03,0.09,0,0,61,62.1,21,75,5,10,32,0,0.87,18,35,-17,-0.8,0.36,0,10,17,5,75,6,14,,,0,,,,,,,,,,,,,,,
,2324,Köln,Luca Kilian,GER,DF,23,1999,13,6,635,7.1,0,0,0,0,0,0,1,0,0.0,0.0,0.0,0.0,0.0,7.1,0,0,0,,0.0,0.0,,,0,0,49,20.8,6,80,4,7,22,12,0.77,4,14,-10,-1.42,-0.6,0,4,0,0,2,7,10,,,0,,,,,,,,,,,,,,,
,2324,Köln,Luca Waldschmidt,GER,MF,27,1996,22,14,1146,12.7,3,0,3,3,0,1,0,0,0.24,0.0,0.24,0.24,0.24,12.7,3,43,16,37.2,3.38,1.26,0.07,0.19,0,1,52,37.5,14,68,2,8,25,0,0.86,11,19,-8,-0.63,0.5,0,20,15,5,39,4,12,,,0,,,,,,,,,,,,,,,
,2324,Köln,Mark Uth,GER,"MF,FW",31,1991,11,3,373,4.1,0,1,1,0,0,0,2,0,0.0,0.24,0.24,0.0,0.24,4.1,0,12,5,41.7,2.9,1.21,0.0,0.0,0,0,34,12.2,3,65,0,8,22,2,0.91,6,9,-3,-0.72,0.25,0,9,12,0,31,1,4,,,0,,,,,,,,,,,,,,,
,2324,Köln,Marvin Schwäbe,GER,GK,28,1995,34,34,3060,34.0,0,0,0,0,0,0,0,0,0.0,0.0,0.0,0.0,0.0,34.0,0,0,0,,0.0,0.0,,,0,0,90,100.0,34,90,34,0,,0,0.79,28,60,-32,-0.94,,0,0,1,0,0,0,0,,,0,60,1.76,169,109,64.5,5,12,17,3,8.8,3,3,0,0,0.0
,2324,Köln,Mathias Olesen,LUX,MF,22,2001,6,0,112,1.2,0,0,0,0,0,0,2,1,0.0,0.0,0.0,0.0,0.0,1.2,0,1,0,0.0,0.8,0.0,0.0,,0,0,19,3.7,0,,0,6,19,2,0.67,0,3,-3,-2.41,-1.53,1,3,2,0,1,3,1,,,0,,,,,,,,,,,,,,,
,2324,Köln,Max Finkgräfe,GER,DF,19,2004,24,18,1756,19.5,1,0,1,1,0,0,4,0,0.05,0.0,0.05,0.05,0.05,19.5,1,12,4,33.3,0.62,0.21,0.08,0.25,0,0,73,57.4,18,88,13,6,29,2,0.83,17,33,-16,-0.82,0.28,0,19,21,0,61,23,42,,,0,,,,,,,,,,,,,,,
,2324,Köln,Rasmus Carstensen,DEN,"DF,MF",22,2000,23,18,1659,18.4,0,0,0,0,0,0,2,1,0.0,0.0,0.0,0.0,0.0,18.4,0,10,4,40.0,0.54,0.22,0.0,0.0,0,0,72,54.2,18,87,11,5,20,9,0.61,14,40,-26,-1.41,-1.03,1,22,13,3,56,19,25,,,0,,,,,,,,,,,,,,,
,2324,Köln,Sargis Adamyan,ARM,"FW,MF",30,1993,20,8,801,8.9,1,2,3,1,0,0,2,0,0.11,0.22,0.34,0.11,0.34,8.9,1,31,14,45.2,3.48,1.57,0.03,0.07,0,0,40,26.2,8,73,1,12,18,5,0.8,9,21,-12,-1.35,-0.55,0,18,13,8,4,5,10,,,0,,,,,,,,,,,,,,,
,2324,Köln,Steffen Tigges,GER,FW,25,1998,25,6,727,8.1,3,0,3,3,0,0,0,0,0.37,0.0,0.37,0.37,0.37,8.1,3,22,9,40.9,2.72,1.11,0.14,0.33,0,0,29,23.8,6,69,1,19,17,4,0.88,9,10,-1,-0.12,1.07,0,7,8,2,7,1,5,,,0,,,,,,,,,,,,,,,
,2324,Köln,Timo Hübers,GER,DF,27,1996,31,31,2778,30.9,0,0,0,0,0,0,6,0,0.0,0.0,0.0,0.0,0.0,30.9,0,22,5,22.7,0.71,0.16,0.0,0.0,0,0,90,90.8,31,90,30,0,,0,0.81,24,53,-29,-0.94,0.02,0,45,25,1,3,59,46,,,0,,,,,,,,,,,,,,,
,2324,Leverkusen,Adam Hložek,CZE,"MF,FW",21,2002,23,5,459,5.1,2,3,5,2,0,0,1,0,0.39,0.59,0.98,0.39,0.98,5.1,2,18,6,33.3,3.53,1.18,0.11,0.33,0,0,20,15.0,5,71,1,18,6,7,2.83,13,3,10,1.96,0.06,0,8,7,1,0,2,4,,,0,,,,,,,,,,,,,,,
,2324,Leverkusen,Amine Adli,MAR,"MF,FW",23,2000,23,8,898,10.0,4,6,10,4,0,0,5,0,0.4,0.6,1.0,0.4,1.0,10.0,4,27,15,55.6,2.71,1.5,0.15,0.27,0,0,39,29.3,8,71,1,15,22,4,2.65,28,9,19,1.9,-0.01,0,14,28,7,22,5,7,,,0,,,,,,,,,,,,,,,
,2324,Leverkusen,Arthur,BRA,MF,20,2003,4,2,184,2.0,0,2,2,0,0,0,0,0,0.0,0.98,0.98,0.0,0.98,2.0,0,2,1,50.0,0.98,0.49,0.0,0.0,0,0,46,6.0,2,75,1,2,17,4,3.0,8,1,7,3.42,1.61,0,2,0,0,7,0,3,,,0,,,,,,,,,,,,,,,
,2324,Leverkusen,Borja Iglesias,ESP,FW,30,1993,7,2,256,2.8,0,0,0,0,0,0,0,0,0.0,0.0,0.0,0.0,0.0,2.8,0,8,3,37.5,2.81,1.05,0.0,0.0,0,0,37,8.4,2,78,1,5,20,4,3.0,11,1,10,3.52,1.75,0,2,3,1,1,1,0,,,0,,,,,,,,,,,,,,,
,2324,Leverkusen,Edmond Tapsoba,BFA,DF,24,1999,28,23,2087,23.2,0,1,1,0,0,0,4,0,0.0,0.04,0.04,0.0,0.04,23.2,0,12,1,8.3,0.52,0.04,0.0,0.0,0,0,75,68.2,23,89,20,5,9,2,2.64,62,19,43,1.85,-0.18,0,25,4,1,5,25,26,,,0,,,,,,,,,,,,,,,
,2324,Leverkusen,Exequiel Palacios,ARG,MF,24,1998,24,21,1831,20.3,4,4,8,2,2,2,6,0,0.2,0.2,0.39,0.1,0.29,20.3,4,21,7,33.3,1.03,0.34,0.19,0.57,2,2,76,59.8,21,84,10,3,23,3,2.67,56,19,37,1.82,-0.23,0,16,55,0,5,31,35,,,0,,,,,,,,,,,,,,,
,2324,Leverkusen,Florian Wirtz,GER,MF,20,2003,32,26,2372,26.4,11,11,22,10,1,1,3,0,0.42,0.42,0.83,0.38,0.8,26.4,11,71,34,47.9,2.69,1.29,0.15,0.32,1,1,74,77.5,26,85,9,6,29,0,2.63,68,19,49,1.86,-0.23,0,23,27,6,37,8,20,,,0,,,,,,,,,,,,,,,
,2324,Leverkusen,Granit Xhaka,SUI,MF,30,1992,33,32,2821,31.3,3,0,3,3,0,0,5,0,0.1,0.0,0.1,0.1,0.1,31.3,3,45,14,31.1,1.44,0.45,0.07,0.21,0,0,85,92.2,32,88,24,1,21,0,2.7,78,21,57,1.82,-1.19,0,30,43,0,10,17,21,,,0,,,,,,,,,,,,,,,
,2324,Leverkusen,Gustavo Puerta,COL,MF,20,2003,7,0,46,0.5,0,0,0,0,0,0,0,0,0.0,0.0,0.0,0.0,0.0,0.5,0,2,0,0.0,3.91,0.0,0.0,,0,0,7,1.5,0,,0,7,7,21,3.0,4,0,4,7.83,6.0,0,2,1,0,1,0,3,,,0,,,,,,,,,,,,,,,
,2324,Leverkusen,Jeremie Frimpong,NED,MF,22,2000,31,27,2251,25.0,9,7,16,9,0,0,6,0,0.36,0.28,0.64,0.36,0.64,25.0,9,55,21,38.2,2.2,0.84,0.16,0.43,0,0,73,73.6,27,80,7,4,22,2,2.61,61,21,40,1.6,-1.18,0,21,34,12,93,7,18,,,0,,,,,,,,,,,,,,,
,2324,Leverkusen,Jonas Hofmann,GER,MF,31,1992,32,26,2204,24.5,5,7,12,5,0,0,3,0,0.2,0.29,0.49,0.2,0.49,24.5,5,60,25,41.7,2.45,1.02,0.08,0.2,0,0,69,72.0,26,81,7,6,16,1,2.63,66,20,46,1.88,-0.12,0,14,19,13,126,8,14,,,0,,,,,,,,,,,,,,,
,2324,Leverkusen,Jonathan Tah,GER,DF,27,1996,31,30,2631,29.2,4,1,5,4,0,0,6,0,0.14,0.03,0.17,0.14,0.17,29.2,4,26,10,38.5,0.89,0.34,0.15,0.4,0,0,85,86.0,30,87,27,1,19,2,2.68,78,21,57,1.95,0.27,0,33,4,1,3,22,8,,,0,,,,,,,,,,,,,,,
,2324,Leverkusen,Josip Stanišić,CRO,"DF,MF",23,2000,20,13,1261,14.0,3,1,4,3,0,0,3,0,0.21,0.07,0.29,0.21,0.29,14.0,3,10,5,50.0,0.71,0.36,0.3,0.6,0,0,63,41.2,13,90,12,7,13,12,2.7,35,9,26,1.86,-0.1,0,5,7,1,16,9,19,,,0,,,,,,,,,,,,,,,
,2324,Leverkusen,Lukáš Hrádecký,FIN,GK,33,1989,33,33,2970,33.0,0,0,0,0,0,0,2,0,0.0,0.0,0.0,0.0,0.0,33.0,0,0,0,,0.0,0.0,,,0,0,90,97.1,33,90,33,0,,1,2.7,89,24,65,1.97,1.97,0,0,1,0,0,0,0,,,0,24,0.73,102,78,76.5,28,5,0,15,45.5,0,0,0,0,
,2324,Leverkusen,Matej Kovar,CZE,GK,23,2000,1,1,90,1.0,0,0,0,0,0,0,0,0,0.0,0.0,0.0,0.0,0.0,1.0,0,0,0,,0.0,0.0,,,0,0,90,2.9,1,90,1,0,,32,1.0,0,0,0,0.0,-1.97,0,0,0,0,0,0,0,,,0,0,0.0,3,3,100.0,0,1,0,1,100.0,0,0,0,0,
,2324,Leverkusen,Nadiem Amiri,GER,MF,26,1996,8,1,86,1.0,0,0,0,0,0,0,0,0,0.0,0.0,0.0,0.0,0.0,1.0,0,3,2,66.7,3.14,2.09,0.0,0.0,0,0,11,2.8,1,67,0,7,3,11,2.5,0,0,0,0.0,-1.97,0,1,3,0,1,0,2,,,0,,,,,,,,,,,,,,,
,2324,Leverkusen,Nathan Tella,NGA,MF,24,1999,24,8,819,9.1,5,2,7,5,0,0,2,0,0.55,0.22,0.77,0.55,0.77,9.1,5,21,11,52.4,2.31,1.21,0.24,0.45,0,0,34,26.8,8,73,1,16,15,8,2.75,24,2,22,2.42,0.69,0,11,18,4,27,3,8,,,0,,,,,,,,,,,,,,,
,2324,Leverkusen,Noah Mbamba,BEL,MF,18,2005,3,0,16,0.2,0,1,1,0,0,0,0,0,0.0,5.63,5.63,0.0,5.63,0.2,0,1,0,0.0,5.63,0.0,0.0,,0,0,5,0.5,0,,0,3,5,13,3.0,1,0,1,5.63,3.73,0,1,0,0,1,1,0,,,0,,,,,,,,,,,,,,,
,2324,Leverkusen,Odilon Kossounou,CIV,DF,22,2001,22,21,1811,20.1,1,0,1,1,0,0,3,0,0.05,0.0,0.05,0.05,0.05,20.1,1,5,1,20.0,0.25,0.05,0.2,1.0,0,0,82,59.2,21,86,18,1,3,7,2.64,58,14,44,2.19,0.67,0,17,7,0,2,25,22,,,0,,,,,,,,,,,,,,,
,2324,Leverkusen,Patrik Schick,CZE,FW,27,1996,20,12,1063,11.8,7,0,7,6,1,1,1,0,0.59,0.0,0.59,0.51,0.51,11.8,7,40,13,32.5,3.39,1.1,0.18,0.54,1,1,53,34.7,12,76,3,8,19,4,2.5,25,7,18,1.52,-0.59,0,11,13,5,1,2,4,,,0,,,,,,,,,,,,,,,
,2324,Leverkusen,Piero Hincapié,ECU,DF,21,2002,26,16,1484,16.5,1,2,3,1,0,0,2,0,0.06,0.12,0.18,0.06,0.18,16.5,1,18,6,33.3,1.09,0.36,0.06,0.17,0,0,57,48.5,16,84,10,10,15,5,2.62,36,9,27,1.64,-0.53,0,16,11,0,8,13,22,,,0,,,,,,,,,,,,,,,
,2324,Leverkusen,Robert Andrich,GER,"MF,DF",28,1994,28,18,1690,18.8,4,2,6,4,0,0,4,0,0.21,0.11,0.32,0.21,0.32,18.8,4,23,9,39.1,1.22,0.48,0.17,0.44,0,0,60,55.2,18,87,16,10,12,6,2.71,47,9,38,2.02,0.25,0,23,14,0,14,20,18,,,0,,,,,,,,,,,,,,,
,2324,Leverkusen,Victor Boniface,NGA,FW,22,2000,23,18,1546,17.2,14,8,22,10,4,4,2,0,0.82,0.47,1.28,0.58,1.05,17.2,14,80,34,42.5,4.66,1.98,0.18,0.41,4,4,67,50.5,18,80,4,5,21,0,2.57,52,13,39,2.27,0.72,0,16,17,18,3,0,3,,,0,,,,,,,,,,,,,,,
,2324,Leverkusen,Álex Grimaldo,ESP,MF,27,1995,33,31,2784,30.9,10,13,23,10,0,0,1,0,0.32,0.42,0.74,0.32,0.74,30.9,10,71,23,32.4,2.3,0.74,0.14,0.43,0,0,84,91.0,31,89,26,2,13,0,2.64,76,23,53,1.71,-2.2,0,14,26,3,202,22,25,,,0,,,,,,,,,,,,,,,
,2324,Mainz 05,Andreas Hanche-Olsen,NOR,DF,26,1997,15,12,992,11.0,1,0,1,1,0,0,5,0,0.09,0.0,0.09,0.09,0.09,11.0,1,4,1,25.0,0.36,0.09,0.25,1.0,0,0,66,32.4,12,80,6,3,12,0,1.6,18,10,8,0.73,1.6,0,13,8,1,0,11,13,,,0,,,,,,,,,,,,,,,
,2324,Mainz 05,Anthony Caci,FRA,"MF,DF",26,1997,31,29,2486,27.6,2,3,5,2,0,0,8,0,0.07,0.11,0.18,0.07,0.18,27.6,2,31,6,19.4,1.12,0.22,0.06,0.33,0,0,80,81.2,29,84,20,2,19,0,1.06,32,45,-13,-0.47,-0.63,0,34,15,0,74,28,23,,,0,,,,,,,,,,,,,,,
,2324,Mainz 05,Anton Stach,GER,MF,24,1998,2,2,170,1.9,0,0,0,0,0,0,0,0,0.0,0.0,0.0,0.0,0.0,1.9,0,2,1,50.0,1.06,0.53,0.0,0.0,0,0,85,5.6,2,85,1,0,,0,0.5,2,4,-2,-1.06,-0.75,0,2,4,0,2,2,0,,,0,,,,,,,,,,,,,,,
,2324,Mainz 05,Anwar El Ghazi,NED,"FW,MF",28,1995,3,0,54,0.6,0,1,1,0,0,0,0,0,0.0,1.67,1.67,0.0,1.67,0.6,0,1,0,0.0,1.67,0.0,0.0,,0,0,18,1.8,0,,0,3,18,0,0.33,1,1,0,0.0,0.36,0,1,0,0,1,0,0,,,0,,,,,,,,,,,,,,,
,2324,Mainz 05,Aymen Barkok,MAR,MF,25,1998,13,1,321,3.6,1,0,1,1,0,1,2,0,0.28,0.0,0.28,0.28,0.28,3.6,1,12,7,58.3,3.36,1.96,0.08,0.14,0,1,25,10.5,1,68,0,12,21,0,0.62,7,7,0,0.0,0.39,0,15,3,0,14,2,5,,,0,,,,,,,,,,,,,,,
,2324,Mainz 05,Brajan Gruda,GER,"MF,FW",19,2004,28,19,1641,18.2,4,3,7,4,0,0,5,0,0.22,0.16,0.38,0.22,0.38,18.2,4,30,12,40.0,1.65,0.66,0.13,0.33,0,0,59,53.6,19,76,2,9,21,1,1.0,22,28,-6,-0.33,0.05,0,28,47,9,52,5,14,,,0,,,,,,,,,,,,,,,
,2324,Mainz 05,Daniel Batz,GER,GK,32,1991,4,4,360,4.0,0,0,0,0,0,0,0,0,0.0,0.0,0.0,0.0,0.0,4.0,0,0,0,,0.0,0.0,,,0,0,90,11.8,4,90,4,0,,16,0.5,1,3,-2,-0.5,-0.17,0,0,0,0,0,0,0,,,0,3,0.75,17,14,82.4,0,2,2,1,25.0,0,0,0,0,
,2324,Mainz 05,Danny da Costa,GER,"MF,DF",30,1993,19,9,830,9.2,0,1,1,0,0,0,1,0,0.0,0.11,0.11,0.0,0.11,9.2,0,6,1,16.7,0.65,0.11,0.0,0.0,0,0,44,27.1,9,76,4,10,15,10,0.79,10,18,-8,-0.87,-0.71,0,7,4,0,40,16,10,,,0,,,,,,,,,,,,,,,
,2324,Mainz 05,David Mamutovic,GER,MF,22,2000,2,0,11,0.1,0,0,0,0,0,0,0,0,0.0,0.0,0.0,0.0,0.0,0.1,0,0,0,,0.0,0.0,,,0,0,6,0.4,0,,0,2,6,16,0.0,0,0,0,0.0,0.35,0,0,2,0,1,0,1,,,0,,,,,,,,,,,,,,,
,2324,Mainz 05,Dominik Kohr,GER,"DF,MF",29,1994,31,27,2184,24.3,1,0,1,1,0,0,15,1,0.04,0.0,0.04,0.04,0.04,24.3,1,25,7,28.0,1.03,0.29,0.04,0.14,0,0,70,71.4,27,79,16,4,10,0,1.06,24,34,-10,-0.41,-0.21,1,47,26,0,22,44,40,,,0,,,,,,,,,,,,,,,
,2324,Mainz 05,Edimilson Fernandes,SUI,DF,27,1996,21,13,1290,14.3,0,2,2,0,0,0,4,0,0.0,0.14,0.14,0.0,0.14,14.3,0,15,0,0.0,1.05,0.0,0.0,,0,0,61,42.2,13,87,10,8,20,5,1.0,18,32,-14,-0.98,-1.08,0,10,8,2,52,24,15,,,0,,,,,,,,,,,,,,,
,2324,Mainz 05,Jessic Ngankam,GER,"MF,FW",23,2000,7,2,184,2.0,0,0,0,0,0,0,0,1,0.0,0.0,0.0,0.0,0.0,2.0,0,7,1,14.3,3.42,0.49,0.0,0.0,0,0,26,6.0,2,65,0,5,11,4,1.14,0,4,-4,-1.96,-1.71,0,8,3,1,2,4,1,,,0,,,,,,,,,,,,,,,
,2324,Mainz 05,Jonathan Burkardt,GER,"FW,MF",23,2000,21,18,1538,17.1,8,2,10,7,1,1,2,0,0.47,0.12,0.59,0.41,0.53,17.1,8,41,17,41.5,2.4,0.99,0.2,0.47,1,1,73,50.3,18,82,10,3,22,0,1.19,24,20,4,0.23,1.18,0,19,36,3,33,2,9,,,0,,,,,,,,,,,,,,,
,2324,Mainz 05,Josuha Guilavogui,FRA,DF,32,1990,11,5,409,4.5,0,1,1,0,0,0,1,0,0.0,0.22,0.22,0.0,0.22,4.5,0,0,0,,0.0,0.0,,,0,0,37,13.4,5,62,2,6,16,12,1.64,5,8,-3,-0.66,-0.35,0,5,2,0,0,13,10,,,0,,,,,,,,,,,,,,,
,2324,Mainz 05,Karim Onisiwo,AUT,"FW,MF",31,1992,24,17,1493,16.6,1,3,4,1,0,0,1,0,0.06,0.18,0.24,0.06,0.24,16.6,1,33,7,21.2,1.99,0.42,0.03,0.14,0,0,62,48.8,17,81,6,7,18,2,0.88,13,21,-8,-0.48,-0.25,0,31,44,15,21,2,8,,,0,,,,,,,,,,,,,,,
,2324,Mainz 05,Leandro Barreiro Martins,LUX,MF,23,2000,31,29,2606,29.0,4,1,5,4,0,0,8,0,0.14,0.03,0.17,0.14,0.17,29.0,4,38,15,39.5,1.31,0.52,0.11,0.27,0,0,84,85.2,29,88,26,2,29,0,1.1,36,38,-2,-0.07,1.91,0,57,52,3,6,33,42,,,0,,,,,,,,,,,,,,,
,2324,Mainz 05,Lee Jae-sung,KOR,MF,30,1992,29,24,2113,23.5,6,3,9,6,0,0,6,0,0.26,0.13,0.38,0.26,0.38,23.5,6,38,13,34.2,1.62,0.55,0.16,0.46,0,0,73,69.1,24,79,6,5,43,0,1.1,33,32,1,0.04,1.28,0,19,27,9,18,27,20,,,0,,,,,,,,,,,,,,,
,2324,Mainz 05,Ludovic Ajorque,FRA,FW,29,1994,26,15,1360,15.1,2,0,2,2,0,2,4,0,0.13,0.0,0.13,0.13,0.13,15.1,2,30,11,36.7,1.99,0.73,0.07,0.18,0,2,52,44.4,15,80,9,11,14,6,1.04,13,26,-13,-0.86,-0.91,0,28,15,5,3,4,2,,,0,,,,,,,,,,,,,,,
,2324,Mainz 05,Marco Richter,GER,MF,25,1997,20,7,717,8.0,1,0,1,1,0,0,3,0,0.13,0.0,0.13,0.13,0.13,8.0,1,38,9,23.7,4.77,1.13,0.03,0.11,0,0,36,23.4,7,73,1,13,16,9,0.75,3,12,-9,-1.13,-1.01,0,10,17,4,37,2,5,,,0,,,,,,,,,,,,,,,
,2324,Mainz 05,Marcus Müller,GER,FW,20,2002,1,0,18,0.2,0,0,0,0,0,0,0,0,0.0,0.0,0.0,0.0,0.0,0.2,0,1,0,0.0,5.0,0.0,0.0,,0,0,18,0.6,0,,0,1,18,2,0.0,0,0,0,0.0,0.36,0,1,0,0,0,0,0,,,0,,,,,,,,,,,,,,,
,2324,Mainz 05,Maxim Leitsch,GER,DF,25,1998,7,4,379,4.2,0,0,0,0,0,0,0,0,0.0,0.0,0.0,0.0,0.0,4.2,0,0,0,,0.0,0.0,,,0,0,54,12.4,4,85,3,3,13,1,1.0,5,2,3,0.71,1.22,0,2,2,0,0,4,3,,,0,,,,,,,,,,,,,,,
,2324,Mainz 05,Merveille Papela,GER,MF,22,2001,11,3,257,2.9,0,0,0,0,0,0,1,0,0.0,0.0,0.0,0.0,0.0,2.9,0,4,1,25.0,1.4,0.35,0.0,0.0,0,0,23,8.4,3,59,0,8,10,19,0.91,1,7,-6,-2.1,-1.91,0,6,1,0,2,4,3,,,0,,,,,,,,,,,,,,,
,2324,Mainz 05,Nadiem Amiri,GER,MF,26,1996,15,15,1315,14.6,1,4,5,1,0,1,5,0,0.07,0.27,0.34,0.07,0.34,14.6,1,36,8,22.2,2.46,0.55,0.03,0.13,0,1,88,43.0,15,88,11,0,,0,1.53,23,20,3,0.21,0.98,0,11,32,1,124,14,11,,,0,,,,,,,,,,,,,,,
,2324,Mainz 05,Nelson Weiper,GER,FW,18,2005,5,1,124,1.4,0,0,0,0,0,0,0,0,0.0,0.0,0.0,0.0,0.0,1.4,0,2,0,0.0,1.45,0.0,0.0,,0,0,25,4.1,1,69,0,4,14,2,1.0,1,3,-2,-1.45,-1.15,0,0,0,0,1,1,1,,,0,,,,,,,,,,,,,,,
,2324,Mainz 05,Phillipp Mwene,AUT,"MF,DF",29,1994,23,23,1996,22.2,1,2,3,1,0,0,4,1,0.05,0.09,0.14,0.05,0.14,22.2,1,24,9,37.5,1.08,0.41,0.04,0.11,0,0,87,65.2,23,87,16,0,,2,1.09,24,26,-2,-0.09,0.76,0,34,13,2,88,16,16,,,0,,,,,,,,,,,,,,,
,2324,Mainz 05,Robin Zentner,GER,GK,28,1994,30,30,2700,30.0,0,0,0,0,0,0,3,0,0.0,0.0,0.0,0.0,0.0,30.0,0,1,0,0.0,0.03,0.0,0.0,,0,0,90,88.2,30,90,30,0,,0,1.1,38,48,-10,-0.33,0.17,0,1,5,0,0,0,2,,,0,48,1.6,130,82,63.1,7,12,11,7,23.3,4,3,0,1,0.0
,2324,Mainz 05,Sepp van den Berg,NED,DF,21,2001,33,31,2839,31.5,3,0,3,3,0,0,9,0,0.1,0.0,0.1,0.1,0.1,31.5,3,25,11,44.0,0.79,0.35,0.12,0.27,0,0,86,92.8,31,90,30,2,27,0,1.03,36,46,-10,-0.32,0.5,0,33,17,0,2,40,24,,,1,,,,,,,,,,,,,,,
,2324,Mainz 05,Silvan Widmer,SUI,"MF,DF",30,1993,20,13,1242,13.8,1,3,4,1,0,0,4,0,0.07,0.22,0.29,0.07,0.29,13.8,1,14,3,21.4,1.01,0.22,0.07,0.33,0,0,62,40.6,13,82,4,7,26,5,1.25,16,19,-3,-0.22,0.23,0,9,3,3,34,15,10,,,0,,,,,,,,,,,,,,,
,2324,Mainz 05,Stefan Bell,GER,DF,31,1991,10,8,666,7.4,0,0,0,0,0,0,3,0,0.0,0.0,0.0,0.0,0.0,7.4,0,4,2,50.0,0.54,0.27,0.0,0.0,0,0,67,21.8,8,76,4,2,29,4,0.4,6,21,-15,-2.03,-2.14,0,10,8,1,1,6,8,,,0,,,,,,,,,,,,,,,
,2324,Mainz 05,Tom Krauß,GER,MF,22,2001,29,13,1346,15.0,1,2,3,1,0,0,5,0,0.07,0.13,0.2,0.07,0.2,15.0,1,18,2,11.1,1.2,0.13,0.06,0.5,0,0,46,44.0,13,79,3,16,20,3,0.9,17,25,-8,-0.53,-0.32,0,31,16,0,7,19,33,,,0,,,,,,,,,,,,,,,
,2324,RB Leipzig,Amadou Haidara,MLI,MF,25,1998,21,19,1526,17.0,2,1,3,2,0,0,5,0,0.12,0.06,0.18,0.12,0.18,17.0,2,21,9,42.9,1.24,0.53,0.1,0.22,0,0,73,49.9,19,79,4,2,11,2,2.1,44,17,27,1.59,0.95,0,14,15,2,3,21,27,,,0,,,,,,,,,,,,,,,
,2324,RB Leipzig,Benjamin Henrichs,GER,"DF,MF",26,1997,33,28,2526,28.1,1,5,6,1,0,0,5,0,0.04,0.18,0.21,0.04,0.21,28.1,1,36,9,25.0,1.28,0.32,0.03,0.11,0,0,77,82.5,28,86,18,5,22,0,1.94,65,31,34,1.21,0.54,0,27,34,2,67,32,41,,,0,,,,,,,,,,,,,,,
,2324,RB Leipzig,Benjamin Šeško,SVN,FW,20,2003,31,17,1526,17.0,14,2,16,14,0,0,0,0,0.83,0.12,0.94,0.83,0.94,17.0,14,47,25,53.2,2.77,1.47,0.3,0.56,0,0,49,49.9,17,74,2,14,19,2,2.0,34,22,12,0.71,-0.82,0,14,10,12,4,3,5,,,0,,,,,,,,,,,,,,,
,2324,RB Leipzig,Castello Lukeba,FRA,DF,20,2002,32,24,2191,24.3,1,0,1,1,0,0,3,0,0.04,0.0,0.04,0.04,0.04,24.3,1,7,3,42.9,0.29,0.12,0.14,0.33,0,0,68,71.6,24,88,22,8,10,2,1.91,55,28,27,1.11,-0.03,0,8,23,1,5,14,12,,,0,,,,,,,,,,,,,,,
,2324,RB Leipzig,Christoph Baumgartner,AUT,"MF,FW",23,1999,32,11,1158,12.9,5,1,6,5,0,0,3,0,0.39,0.08,0.47,0.39,0.47,12.9,5,31,12,38.7,2.41,0.93,0.16,0.42,0,0,36,37.8,11,69,0,21,19,2,1.94,23,16,7,0.54,-0.92,0,27,27,1,9,5,14,,,0,,,,,,,,,,,,,,,
,2324,RB Leipzig,Christopher Lenz,GER,"DF,MF",28,1994,5,0,47,0.5,0,0,0,0,0,0,0,0,0.0,0.0,0.0,0.0,0.0,0.5,0,0,0,,0.0,0.0,,,0,0,9,1.5,0,,0,5,9,21,2.6,2,0,2,3.83,2.75,0,2,0,0,5,2,1,,,0,,,,,,,,,,,,,,,
,2324,RB Leipzig,Dani Olmo,ESP,MF,25,1998,21,17,1449,16.1,4,5,9,4,0,0,0,0,0.25,0.31,0.56,0.25,0.56,16.1,4,45,14,31.1,2.8,0.87,0.09,0.29,0,0,69,47.4,17,82,7,4,16,0,2.0,41,20,21,1.3,0.35,0,15,17,1,21,13,17,,,0,,,,,,,,,,,,,,,
,2324,RB Leipzig,David Raum,GER,DF,25,1998,31,31,2739,30.4,2,8,10,2,0,0,6,0,0.07,0.26,0.33,0.07,0.33,30.4,2,14,4,28.6,0.46,0.13,0.14,0.5,0,0,88,89.5,31,88,25,0,,2,1.94,69,35,34,1.12,0.0,0,28,11,4,305,29,33,,,0,,,,,,,,,,,,,,,
,2324,RB Leipzig,El Chadaille Bitshiabu,FRA,DF,18,2005,6,0,34,0.4,0,0,0,0,0,0,0,0,0.0,0.0,0.0,0.0,0.0,0.4,0,0,0,,0.0,0.0,,,0,0,6,1.1,0,,0,6,6,14,2.33,0,0,0,0.0,-1.13,0,0,0,0,2,1,0,,,0,,,,,,,,,,,,,,,
,2324,RB Leipzig,Elif Elmas,MKD,MF,23,1999,14,2,266,3.0,0,0,0,0,0,0,0,0,0.0,0.0,0.0,0.0,0.0,3.0,0,10,4,40.0,3.38,1.35,0.0,0.0,0,0,19,8.7,2,59,0,12,12,3,1.57,7,3,4,1.35,0.26,0,4,4,0,0,1,6,,,0,,,,,,,,,,,,,,,
,2324,RB Leipzig,Emil Forsberg,SWE,MF,31,1991,14,5,464,5.2,2,1,3,2,0,1,0,0,0.39,0.19,0.58,0.39,0.58,5.2,2,12,5,41.7,2.33,0.97,0.17,0.4,0,1,33,15.2,5,64,0,9,16,2,1.93,12,5,7,1.36,0.28,0,4,9,0,8,0,3,,,0,,,,,,,,,,,,,,,
,2324,RB Leipzig,Fabio Carvalho,POR,MF,20,2002,9,1,165,1.8,0,0,0,0,0,0,0,0,0.0,0.0,0.0,0.0,0.0,1.8,0,3,2,66.7,1.64,1.09,0.0,0.0,0,0,18,5.4,1,69,0,8,12,7,1.67,2,0,2,1.09,-0.03,0,0,3,0,6,0,1,,,0,,,,,,,,,,,,,,,
,2324,RB Leipzig,Janis Blaswich,GER,GK,32,1991,21,21,1890,21.0,0,0,0,0,0,0,0,0,0.0,0.0,0.0,0.0,0.0,21.0,0,0,0,,0.0,0.0,,,0,0,90,61.8,21,90,21,0,,13,1.62,45,30,15,0.71,-1.05,0,0,2,0,0,0,1,,,0,30,1.43,77,47,61.0,10,4,7,5,23.8,4,4,0,0,0.0
,2324,RB Leipzig,Jonathan Norbye,NOR,DF,16,2007,1,0,1,0.0,0,0,0,0,0,0,0,0,0.0,0.0,0.0,0.0,0.0,0.0,0,0,0,,0.0,0.0,,,0,0,1,0.0,0,,0,1,1,0,1.0,0,0,0,0.0,-1.12,0,0,0,0,0,0,0,,,0,,,,,,,,,,,,,,,
,2324,RB Leipzig,Kevin Kampl,SVN,MF,32,1990,26,14,1363,15.1,1,0,1,1,0,0,3,0,0.07,0.0,0.07,0.07,0.07,15.1,1,6,1,16.7,0.4,0.07,0.17,1.0,0,0,52,44.5,14,83,7,12,17,7,1.69,30,15,15,0.99,-0.23,0,16,3,0,11,10,7,,,0,,,,,,,,,,,,,,,
,2324,RB Leipzig,Loïs Openda,BEL,FW,23,2000,34,33,2697,30.0,24,7,31,22,2,3,4,0,0.8,0.23,1.03,0.73,0.97,30.0,24,121,62,51.2,4.04,2.07,0.2,0.39,2,3,79,88.1,33,81,13,1,26,0,1.91,69,33,36,1.2,0.71,0,38,64,33,32,4,3,,,0,,,,,,,,,,,,,,,
,2324,RB Leipzig,Lukas Klostermann,GER,DF,27,1996,25,16,1436,16.0,1,0,1,1,0,0,3,0,0.06,0.0,0.06,0.06,0.06,16.0,1,6,2,33.3,0.38,0.13,0.17,0.5,0,0,57,46.9,16,84,13,9,10,4,2.04,34,22,12,0.75,-0.69,0,11,5,1,8,14,10,,,0,,,,,,,,,,,,,,,
,2324,RB Leipzig,Mohamed Simakan,FRA,DF,23,2000,32,23,2138,23.8,2,3,5,2,0,0,8,0,0.08,0.13,0.21,0.08,0.21,23.8,2,30,11,36.7,1.26,0.46,0.07,0.18,0,0,67,69.9,23,84,13,9,24,0,1.91,49,30,19,0.8,-1.05,0,35,25,3,19,27,31,,,0,,,,,,,,,,,,,,,
,2324,RB Leipzig,Nicolas Seiwald,AUT,MF,22,2001,21,6,718,8.0,0,2,2,0,0,0,1,0,0.0,0.25,0.25,0.0,0.25,8.0,0,0,0,,0.0,0.0,,,0,0,34,23.5,6,74,2,15,18,13,1.76,16,14,2,0.25,-1.13,0,5,1,0,4,10,17,,,1,,,,,,,,,,,,,,,
,2324,RB Leipzig,Nuha Jatta,GAM,MF,17,2006,1,0,1,0.0,0,0,0,0,0,0,0,0,0.0,0.0,0.0,0.0,0.0,0.0,0,0,0,,0.0,0.0,,,0,0,1,0.0,0,,0,1,1,2,1.0,0,0,0,0.0,-1.12,0,0,0,0,0,0,0,,,0,,,,,,,,,,,,,,,
,2324,RB Leipzig,Péter Gulácsi,HUN,GK,33,1990,13,13,1170,13.0,0,0,0,0,0,0,0,0,0.0,0.0,0.0,0.0,0.0,13.0,0,0,0,,0.0,0.0,,,0,0,90,38.2,13,90,13,0,,16,2.38,32,9,23,1.77,1.05,0,0,0,0,0,0,0,,,0,9,0.69,42,33,78.6,9,4,0,5,38.5,1,0,0,1,
,2324,RB Leipzig,Timo Werner,GER,"MF,FW",27,1996,8,2,207,2.3,2,0,2,1,1,1,0,0,0.87,0.0,0.87,0.43,0.43,2.3,2,9,6,66.7,3.91,2.61,0.22,0.33,1,1,26,6.8,2,62,0,6,14,4,2.0,6,4,2,0.87,-0.27,0,2,0,0,4,1,1,,,0,,,,,,,,,,,,,,,
,2324,RB Leipzig,Willi Orban,HUN,DF,30,1992,19,18,1582,17.6,0,0,0,0,0,0,2,0,0.0,0.0,0.0,0.0,0.0,17.6,0,7,2,28.6,0.4,0.11,0.0,0.0,0,0,83,51.7,18,88,16,1,6,0,2.0,45,17,28,1.59,0.98,0,16,10,0,1,16,12,,,0,,,,,,,,,,,,,,,
,2324,RB Leipzig,Xaver Schlager,AUT,MF,25,1997,29,29,2477,27.5,0,5,5,0,0,0,7,0,0.0,0.18,0.18,0.0,0.18,27.5,0,21,3,14.3,0.76,0.11,0.0,0.0,0,0,85,80.9,29,85,22,0,,0,1.93,64,32,32,1.16,0.24,0,34,25,2,14,19,52,,,0,,,,,,,,,,,,,,,
,2324,RB Leipzig,Xavi Simons,NED,MF,20,2003,32,32,2653,29.5,8,11,19,7,1,2,11,1,0.27,0.37,0.64,0.24,0.61,29.5,8,81,33,40.7,2.75,1.12,0.1,0.24,1,2,83,86.7,32,83,10,0,,0,2.0,69,28,41,1.39,2.05,1,32,71,1,76,17,18,,,0,,,,,,,,,,,,,,,
,2324,RB Leipzig,Yussuf Poulsen,DEN,FW,29,1994,28,12,1217,13.5,5,2,7,5,0,0,0,0,0.37,0.15,0.52,0.37,0.52,13.5,5,29,16,55.2,2.14,1.18,0.17,0.31,0,0,43,39.8,12,75,2,16,20,3,1.75,34,15,19,1.41,0.48,0,22,29,4,3,3,7,,,0,,,,,,,,,,,,,,,
,2324,Stuttgart,Alexander Nübel,GER,GK,26,1996,30,30,2700,30.0,0,0,0,0,0,0,1,0,0.0,0.0,0.0,0.0,0.0,30.0,0,0,0,,0.0,0.0,,,0,0,90,88.2,30,90,30,0,,0,2.1,69,36,33,1.1,-0.4,0,0,4,0,0,0,2,,,1,36,1.2,108,74,66.7,20,3,7,9,30.0,3,3,0,0,0.0
,2324,Stuttgart,Angelo Stiller,GER,MF,22,2001,31,30,2694,29.9,1,5,6,1,0,0,5,0,0.03,0.17,0.2,0.03,0.2,29.9,1,16,3,18.8,0.53,0.1,0.06,0.33,0,0,87,88.0,30,89,26,1,20,0,2.23,69,32,37,1.24,0.74,0,37,33,0,81,28,33,,,0,,,,,,,,,,,,,,,
,2324,Stuttgart,Anthony Rouault,FRA,DF,22,2001,22,11,1010,11.2,0,2,2,0,0,0,3,0,0.0,0.18,0.18,0.0,0.18,11.2,0,3,1,33.3,0.27,0.09,0.0,0.0,0,0,46,33.0,11,77,5,11,15,4,2.18,27,15,12,1.07,-0.12,0,8,4,1,3,10,12,,,0,,,,,,,,,,,,,,,
,2324,Stuttgart,Atakan Karazor,TUR,MF,26,1996,33,31,2623,29.1,0,4,4,0,0,0,9,0,0.0,0.14,0.14,0.0,0.14,29.1,0,19,2,10.5,0.65,0.07,0.0,0.0,0,0,79,85.7,31,84,21,2,16,0,2.12,64,34,30,1.03,-0.82,0,27,61,0,4,26,48,,,0,,,,,,,,,,,,,,,
,2324,Stuttgart,Borna Sosa,CRO,"DF,MF",25,1998,2,0,46,0.5,0,0,0,0,0,0,0,0,0.0,0.0,0.0,0.0,0.0,0.5,0,1,0,0.0,1.96,0.0,0.0,,0,0,23,1.5,0,,0,2,23,0,1.5,0,4,-4,-7.83,-9.11,0,0,0,0,12,0,0,,,0,,,,,,,,,,,,,,,
,2324,Stuttgart,Chris Führich,GER,MF,25,1998,34,33,2567,28.5,8,7,15,8,0,1,2,0,0.28,0.25,0.53,0.28,0.53,28.5,8,54,25,46.3,1.89,0.88,0.15,0.32,0,1,76,83.9,33,76,5,1,45,0,2.15,64,31,33,1.16,0.06,0,6,10,3,100,5,20,,,0,,,,,,,,,,,,,,,
,2324,Stuttgart,Dan-Axel Zagadou,FRA,DF,24,1999,19,16,1453,16.1,1,0,1,1,0,0,1,0,0.06,0.0,0.06,0.06,0.06,16.1,1,11,2,18.2,0.68,0.12,0.09,0.5,0,0,76,47.5,16,88,14,3,13,0,1.95,37,22,15,0.93,-0.42,0,17,3,1,0,22,15,,,1,,,,,,,,,,,,,,,
,2324,Stuttgart,Deniz Undav,GER,"FW,MF",27,1996,30,23,2089,23.2,18,10,28,18,0,1,5,0,0.78,0.43,1.21,0.78,1.21,23.2,18,108,54,50.0,4.65,2.33,0.17,0.33,0,1,70,68.3,23,83,8,7,27,0,2.2,53,27,26,1.12,-0.08,0,29,27,4,9,6,15,,,0,,,,,,,,,,,,,,,
,2324,Stuttgart,Enzo Millot,FRA,MF,21,2002,31,27,2241,24.9,5,4,9,4,1,1,5,0,0.2,0.16,0.36,0.16,0.32,24.9,5,39,18,46.2,1.57,0.72,0.13,0.28,1,1,72,73.2,27,80,8,4,24,1,2.26,55,25,30,1.2,0.22,0,36,35,4,40,17,22,,,0,,,,,,,,,,,,,,,
,2324,Stuttgart,Fabian Bredlow,GER,GK,28,1995,4,4,360,4.0,0,0,0,0,0,0,0,0,0.0,0.0,0.0,0.0,0.0,4.0,0,0,0,,0.0,0.0,,,0,0,90,11.8,4,90,4,0,,26,2.5,9,3,6,1.5,0.4,0,0,1,0,0,0,0,,,0,3,0.75,22,19,86.4,3,1,0,1,25.0,0,0,0,0,
,2324,Stuttgart,Genki Haraguchi,JPN,"FW,MF",32,1991,2,0,27,0.3,0,0,0,0,0,0,0,0,0.0,0.0,0.0,0.0,0.0,0.3,0,0,0,,0.0,0.0,,,0,0,14,0.9,0,,0,2,14,24,1.5,0,2,-2,-6.67,-7.88,0,2,0,0,0,0,1,,,0,,,,,,,,,,,,,,,
,2324,Stuttgart,Hiroki Ito,JPN,DF,24,1999,26,25,2228,24.8,0,2,2,0,0,0,1,0,0.0,0.08,0.08,0.0,0.08,24.8,0,18,4,22.2,0.73,0.16,0.0,0.0,0,0,86,72.8,25,88,20,1,22,0,2.31,59,27,32,1.29,0.54,0,17,8,2,23,32,17,,,0,,,,,,,,,,,,,,,
,2324,Stuttgart,Jamie Leweling,GER,MF,22,2001,34,17,1523,16.9,4,4,8,4,0,0,3,0,0.24,0.24,0.47,0.24,0.47,16.9,4,43,22,51.2,2.54,1.3,0.09,0.18,0,0,45,49.8,17,71,1,17,18,0,2.15,34,16,18,1.06,-0.17,0,22,23,8,46,5,11,,,0,,,,,,,,,,,,,,,
,2324,Stuttgart,Jeong Woo-yeong,KOR,MF,23,1999,26,5,633,7.0,2,3,5,2,0,0,1,0,0.28,0.43,0.71,0.28,0.71,7.0,2,18,8,44.4,2.56,1.14,0.11,0.25,0,0,24,20.7,5,75,1,21,12,0,2.12,19,9,10,1.42,0.35,0,4,9,2,8,9,9,,,0,,,,,,,,,,,,,,,
,2324,Stuttgart,Josha Vagnoman,GER,"MF,DF",22,2000,18,12,1183,13.1,2,2,4,2,0,0,2,0,0.15,0.15,0.3,0.15,0.3,13.1,2,17,7,41.2,1.29,0.53,0.12,0.29,0,0,66,38.7,12,85,7,6,28,0,2.17,25,19,6,0.46,-1.13,0,11,8,2,22,3,19,,,0,,,,,,,,,,,,,,,
,2324,Stuttgart,Jovan Milošević,SRB,FW,18,2005,5,0,28,0.3,0,0,0,0,0,0,0,0,0.0,0.0,0.0,0.0,0.0,0.3,0,0,0,,0.0,0.0,,,0,0,6,0.9,0,,0,5,6,10,2.4,0,0,0,0.0,-1.16,0,1,1,0,0,0,0,,,0,,,,,,,,,,,,,,,
,2324,Stuttgart,Leonidas Stergiou,SUI,DF,21,2002,15,6,594,6.6,1,0,1,1,0,0,0,0,0.15,0.0,0.15,0.15,0.15,6.6,1,3,1,33.3,0.45,0.15,0.33,1.0,0,0,40,19.4,6,81,4,9,12,17,2.13,14,6,8,1.21,0.08,0,5,1,0,12,5,7,,,0,,,,,,,,,,,,,,,
,2324,Stuttgart,Lilian Egloff,GER,MF,20,2002,5,1,106,1.2,0,0,0,0,0,0,1,0,0.0,0.0,0.0,0.0,0.0,1.2,0,3,0,0.0,2.55,0.0,0.0,,0,0,21,3.5,1,69,0,4,9,7,1.2,2,4,-2,-1.7,-2.95,0,2,2,0,0,1,1,,,0,,,,,,,,,,,,,,,
,2324,Stuttgart,Luca Raimund,GER,MF,18,2005,3,0,30,0.3,0,0,0,0,0,0,1,0,0.0,0.0,0.0,0.0,0.0,0.3,0,2,0,0.0,6.0,0.0,0.0,,0,0,10,1.0,0,,0,3,10,8,1.0,1,2,-1,-3.0,-4.19,0,2,0,0,1,0,1,,,0,,,,,,,,,,,,,,,
,2324,Stuttgart,Mahmoud Dahoud,GER,MF,27,1996,13,1,227,2.5,1,0,1,1,0,0,0,0,0.4,0.0,0.4,0.4,0.4,2.5,1,3,1,33.3,1.19,0.4,0.33,1.0,0,0,17,7.4,1,66,0,12,13,2,2.31,6,3,3,1.19,0.05,0,0,2,0,6,0,1,,,0,,,,,,,,,,,,,,,
,2324,Stuttgart,Maximilian Mittelstädt,GER,"DF,MF",26,1997,31,23,2103,23.4,2,4,6,2,0,0,5,0,0.09,0.17,0.26,0.09,0.26,23.4,2,21,6,28.6,0.9,0.26,0.1,0.33,0,0,68,68.7,23,85,16,8,18,2,2.16,53,24,29,1.24,0.3,0,29,31,1,106,43,49,,,0,,,,,,,,,,,,,,,
,2324,Stuttgart,Pascal Stenzel,GER,DF,27,1996,23,14,1064,11.8,0,5,5,0,0,0,3,1,0.0,0.42,0.42,0.0,0.42,11.8,0,14,4,28.6,1.18,0.34,0.0,0.0,0,0,46,34.8,14,68,1,9,12,9,2.3,30,13,17,1.44,0.45,1,16,11,0,26,17,7,,,0,,,,,,,,,,,,,,,
,2324,Stuttgart,Roberto Massimo,GER,"FW,MF",22,2000,5,0,84,0.9,0,0,0,0,0,0,1,0,0.0,0.0,0.0,0.0,0.0,0.9,0,0,0,,0.0,0.0,,,0,0,17,2.7,0,,0,5,17,7,1.8,1,2,-1,-1.07,-2.28,0,2,1,0,0,1,0,,,0,,,,,,,,,,,,,,,
,2324,Stuttgart,Samuele Di Benedetto,GER,MF,18,2005,1,0,7,0.1,0,0,0,0,0,0,0,0,0.0,0.0,0.0,0.0,0.0,0.1,0,0,0,,0.0,0.0,,,0,0,7,0.2,0,,0,1,7,2,3.0,0,0,0,0.0,-1.15,0,0,2,0,0,1,0,,,0,,,,,,,,,,,,,,,
,2324,Stuttgart,Serhou Guirassy,GUI,FW,27,1996,28,25,2208,24.5,28,3,31,24,4,4,0,0,1.14,0.12,1.26,0.98,1.1,24.5,28,91,45,49.5,3.71,1.83,0.31,0.62,4,4,79,72.2,25,85,15,3,28,0,2.39,58,24,34,1.39,0.86,0,18,55,17,1,6,3,,,0,,,,,,,,,,,,,,,
,2324,Stuttgart,Silas Katompa,COD,MF,24,1998,27,8,900,10.0,5,2,7,5,0,1,0,0,0.5,0.2,0.7,0.5,0.7,10.0,5,24,9,37.5,2.4,0.9,0.21,0.56,0,1,33,29.4,8,70,0,19,18,1,2.15,30,10,20,2.0,1.21,0,13,15,5,28,0,3,,,0,,,,,,,,,,,,,,,
,2324,Stuttgart,Waldemar Anton,GER,DF,27,1996,33,32,2886,32.1,0,3,3,0,0,0,7,0,0.0,0.09,0.09,0.0,0.09,32.1,0,27,6,22.2,0.84,0.19,0.0,0.0,0,0,87,94.3,32,89,30,1,45,0,2.12,76,38,38,1.19,0.67,0,25,26,0,13,39,27,,,1,,,,,,,,,,,,,,,
,2324,Union Berlin,Alex Král,CZE,MF,25,1998,24,13,1370,15.2,0,0,0,0,0,0,2,0,0.0,0.0,0.0,0.0,0.0,15.2,0,18,5,27.8,1.18,0.33,0.0,0.0,0,0,57,44.8,13,81,9,11,28,6,1.0,15,22,-7,-0.46,0.5,0,16,13,2,17,11,13,,,0,,,,,,,,,,,,,,,
,2324,Union Berlin,Alexander Schwolow,GER,GK,31,1992,1,1,90,1.0,0,0,0,0,0,0,0,0,0.0,0.0,0.0,0.0,0.0,1.0,0,0,0,,0.0,0.0,,,0,0,90,2.9,1,90,1,0,,28,0.0,0,2,-2,-2.0,-1.3,0,0,0,0,0,0,0,,,0,2,2.0,6,4,66.7,0,0,1,0,0.0,0,0,0,0,
,2324,Union Berlin,Aljoscha Kemlein,GER,MF,18,2004,2,0,29,0.3,0,0,0,0,0,0,0,0,0.0,0.0,0.0,0.0,0.0,0.3,0,1,0,0.0,3.1,0.0,0.0,,0,0,15,0.9,0,,0,2,15,4,3.0,2,0,2,6.21,7.01,0,2,0,0,0,0,0,,,0,,,,,,,,,,,,,,,
,2324,Union Berlin,András Schäfer,HUN,MF,24,1999,20,14,1214,13.5,1,2,3,1,0,0,1,1,0.07,0.15,0.22,0.07,0.22,13.5,1,21,5,23.8,1.56,0.37,0.05,0.2,0,0,61,39.7,14,74,4,6,30,0,1.0,13,24,-11,-0.82,-0.13,0,22,17,2,18,20,15,,,0,,,,,,,,,,,,,,,
,2324,Union Berlin,Aïssa Laïdouni,TUN,MF,26,1996,23,10,1071,11.9,0,3,3,0,0,0,2,0,0.0,0.25,0.25,0.0,0.25,11.9,0,13,5,38.5,1.09,0.42,0.0,0.0,0,0,47,35.0,10,76,4,13,24,7,0.91,13,25,-12,-1.01,-0.42,0,20,27,0,22,12,12,,,0,,,,,,,,,,,,,,,
,2324,Union Berlin,Benedict Hollerbach,GER,"FW,MF",22,2001,28,15,1282,14.2,5,0,5,5,0,0,2,0,0.35,0.0,0.35,0.35,0.35,14.2,5,34,10,29.4,2.39,0.7,0.15,0.5,0,0,46,41.9,15,68,1,13,20,5,0.93,14,25,-11,-0.77,-0.06,0,29,20,4,44,5,12,,,0,,,,,,,,,,,,,,,
,2324,Union Berlin,Brenden Aaronson,USA,"MF,FW",22,2000,30,14,1267,14.1,2,2,4,2,0,0,3,1,0.14,0.14,0.28,0.14,0.28,14.1,2,19,7,36.8,1.35,0.5,0.11,0.29,0,0,42,41.4,14,68,2,16,20,2,1.07,17,23,-6,-0.43,0.53,1,15,25,5,22,2,18,,,0,,,,,,,,,,,,,,,
,2324,Union Berlin,Chris Bedia,CIV,FW,27,1996,7,0,145,1.6,1,0,1,1,0,0,0,0,0.62,0.0,0.62,0.62,0.62,1.6,1,3,1,33.3,1.86,0.62,0.33,1.0,0,0,21,4.7,0,,0,7,21,8,0.0,3,5,-2,-1.24,-0.53,0,7,2,0,0,0,1,,,0,,,,,,,,,,,,,,,
,2324,Union Berlin,Christopher Trimmel,AUT,"MF,DF",36,1987,26,19,1646,18.3,0,2,2,0,0,0,2,1,0.0,0.11,0.11,0.0,0.11,18.3,0,6,4,66.7,0.33,0.22,0.0,0.0,0,0,63,53.8,19,79,8,7,20,6,0.88,15,33,-18,-0.98,-0.54,0,13,4,3,165,9,15,,,0,,,,,,,,,,,,,,,
,2324,Union Berlin,Danilho Doekhi,NED,DF,25,1998,24,24,2160,24.0,2,0,2,2,0,0,2,0,0.08,0.0,0.08,0.08,0.08,24.0,2,16,2,12.5,0.67,0.08,0.13,1.0,0,0,90,70.6,24,90,24,0,,3,0.92,26,43,-17,-0.71,0.09,0,13,20,0,3,37,25,,,0,,,,,,,,,,,,,,,
,2324,Union Berlin,David Datro Fofana,CIV,"FW,MF",20,2002,12,8,682,7.6,1,0,1,1,0,0,0,0,0.13,0.0,0.13,0.13,0.13,7.6,1,26,13,50.0,3.43,1.72,0.04,0.08,0,0,57,22.3,8,66,1,4,40,0,0.83,6,16,-10,-1.32,-0.75,0,8,12,4,11,0,7,,,0,,,,,,,,,,,,,,,
,2324,Union Berlin,Diogo Leite,POR,DF,24,1999,32,31,2702,30.0,0,0,0,0,0,0,6,0,0.0,0.0,0.0,0.0,0.0,30.0,0,12,4,33.3,0.4,0.13,0.0,0.0,0,0,84,88.3,31,86,25,1,27,0,1.0,26,49,-23,-0.77,-0.26,0,40,31,1,4,46,35,,,0,,,,,,,,,,,,,,,
,2324,Union Berlin,Frederik Rønnow,DEN,GK,30,1992,33,33,2970,33.0,0,0,0,0,0,0,2,0,0.0,0.0,0.0,0.0,0.0,33.0,0,3,0,0.0,0.09,0.0,0.0,,0,0,90,97.1,33,90,33,0,,0,1.0,33,56,-23,-0.7,1.3,0,0,4,0,0,1,1,,,0,56,1.7,162,106,65.4,9,6,18,7,21.2,7,5,2,0,28.6
,2324,Union Berlin,Janik Haberer,GER,MF,29,1994,21,14,1221,13.6,1,1,2,1,0,0,7,0,0.07,0.07,0.15,0.07,0.15,13.6,1,15,4,26.7,1.11,0.29,0.07,0.25,0,0,58,39.9,14,75,6,7,25,7,0.71,10,30,-20,-1.47,-1.23,0,22,16,1,15,13,24,,,0,,,,,,,,,,,,,,,
,2324,Union Berlin,Jordan Pefok,USA,FW,27,1996,1,0,27,0.3,0,0,0,0,0,0,0,0,0.0,0.0,0.0,0.0,0.0,0.3,0,0,0,,0.0,0.0,,,0,0,27,0.9,0,,0,1,27,1,3.0,1,0,1,3.33,4.1,0,2,0,0,0,0,0,,,0,,,,,,,,,,,,,,,
,2324,Union Berlin,Josip Juranović,CRO,"MF,DF",27,1995,21,14,1294,14.4,0,2,2,0,0,1,4,0,0.0,0.14,0.14,0.0,0.14,14.4,0,12,3,25.0,0.83,0.21,0.0,0.0,0,1,62,42.3,14,83,8,7,19,3,0.95,18,23,-5,-0.35,0.67,0,4,10,0,103,13,14,,,0,,,,,,,,,,,,,,,
,2324,Union Berlin,Jérôme Roussillon,GLP,"DF,MF",30,1993,23,8,752,8.4,0,1,1,0,0,0,2,0,0.0,0.12,0.12,0.0,0.12,8.4,0,7,4,57.1,0.84,0.48,0.0,0.0,0,0,33,24.6,8,72,2,15,12,3,1.13,10,12,-2,-0.24,0.66,0,4,10,0,21,5,9,,,0,,,,,,,,,,,,,,,
,2324,Union Berlin,Kevin Behrens,GER,FW,32,1991,18,14,1262,14.0,4,0,4,4,0,0,3,0,0.29,0.0,0.29,0.29,0.29,14.0,4,41,13,31.7,2.92,0.93,0.1,0.31,0,0,70,41.2,14,81,6,4,34,0,0.94,13,24,-11,-0.78,-0.08,0,22,20,8,6,5,10,,,0,,,,,,,,,,,,,,,
,2324,Union Berlin,Kevin Vogt,GER,DF,31,1991,16,16,1323,14.7,0,0,0,0,0,0,5,0,0.0,0.0,0.0,0.0,0.0,14.7,0,1,0,0.0,0.07,0.0,0.0,,0,0,83,43.2,16,83,13,0,,0,0.88,8,22,-14,-0.95,-0.38,0,17,9,1,0,8,9,,,0,,,,,,,,,,,,,,,
,2324,Union Berlin,Kevin Volland,GER,"FW,MF",31,1992,26,17,1345,14.9,3,4,7,1,2,3,3,2,0.2,0.27,0.47,0.07,0.33,14.9,3,36,14,38.9,2.41,0.94,0.08,0.21,2,3,52,44.0,17,68,3,9,22,1,1.12,13,22,-9,-0.6,0.24,1,28,13,7,56,6,11,,,0,,,,,,,,,,,,,,,
,2324,Union Berlin,Leonardo Bonucci,ITA,DF,36,1987,7,6,460,5.1,1,0,1,0,1,1,0,0,0.2,0.0,0.2,0.0,0.0,5.1,1,1,1,100.0,0.2,0.2,1.0,1.0,1,1,66,15.0,6,73,2,1,23,5,0.43,3,13,-10,-1.96,-1.44,0,2,1,0,6,9,4,,,0,,,,,,,,,,,,,,,
,2324,Union Berlin,Lucas Tousart,FRA,MF,26,1997,23,18,1572,17.5,0,0,0,0,0,0,5,0,0.0,0.0,0.0,0.0,0.0,17.5,0,25,6,24.0,1.43,0.34,0.0,0.0,0,0,68,51.4,18,80,10,5,28,3,0.83,11,28,-17,-0.97,-0.49,0,31,8,0,9,24,21,,,0,,,,,,,,,,,,,,,
,2324,Union Berlin,Mikkel Kaufmann,DEN,FW,22,2001,18,4,486,5.4,1,0,1,1,0,0,0,0,0.19,0.0,0.19,0.19,0.19,5.4,1,15,6,40.0,2.78,1.11,0.07,0.17,0,0,27,15.9,4,66,0,14,16,6,0.94,5,7,-2,-0.37,0.43,0,7,10,0,5,1,3,,,0,,,,,,,,,,,,,,,
,2324,Union Berlin,Miloš Pantović,SRB,"FW,MF",27,1996,1,0,15,0.2,1,0,1,1,0,0,0,0,6.0,0.0,6.0,6.0,6.0,0.2,1,1,1,100.0,6.0,6.0,1.0,1.0,0,0,15,0.5,0,,0,1,15,0,3.0,1,0,1,6.0,6.77,0,0,2,0,0,0,0,,,0,,,,,,,,,,,,,,,
,2324,Union Berlin,Paul Jaeckel,GER,DF,25,1998,6,2,234,2.6,0,0,0,0,0,0,0,0,0.0,0.0,0.0,0.0,0.0,2.6,0,0,0,,0.0,0.0,,,0,0,39,7.6,2,90,2,4,14,19,1.67,2,6,-4,-1.54,-0.87,0,0,2,0,0,4,2,,,0,,,,,,,,,,,,,,,
,2324,Union Berlin,Rani Khedira,TUN,MF,29,1994,20,18,1343,14.9,0,0,0,0,0,0,5,1,0.0,0.0,0.0,0.0,0.0,14.9,0,3,1,33.3,0.2,0.07,0.0,0.0,0,0,67,43.9,18,73,8,2,19,1,1.1,16,19,-3,-0.2,0.95,0,25,13,1,6,20,20,,,0,,,,,,,,,,,,,,,
,2324,Union Berlin,Robin Gosens,GER,"MF,DF",29,1994,30,27,2283,25.4,6,3,9,6,0,0,9,1,0.24,0.12,0.35,0.24,0.35,25.4,6,32,10,31.3,1.26,0.39,0.19,0.6,0,0,76,74.6,27,82,10,3,20,0,1.0,27,45,-18,-0.71,0.1,1,29,24,17,63,34,44,,,0,,,,,,,,,,,,,,,
,2324,Union Berlin,Robin Knoche,GER,DF,31,1992,24,20,1917,21.3,1,0,1,1,0,1,1,0,0.05,0.0,0.05,0.05,0.05,21.3,1,8,4,50.0,0.38,0.19,0.13,0.25,0,1,80,62.6,20,89,18,4,33,7,1.08,25,32,-7,-0.33,1.09,0,10,11,0,3,13,24,,,1,,,,,,,,,,,,,,,
,2324,Union Berlin,Sheraldo Becker,SUR,"FW,MF",28,1995,11,7,645,7.2,0,1,1,0,0,0,0,0,0.0,0.14,0.14,0.0,0.14,7.2,0,16,4,25.0,2.23,0.56,0.0,0.0,0,0,59,21.1,7,72,1,4,35,0,0.55,6,17,-11,-1.53,-1.01,0,6,5,4,58,0,3,,,0,,,,,,,,,,,,,,,
,2324,Union Berlin,Yorbe Vertessen,BEL,"FW,MF",22,2001,13,7,593,6.6,3,2,5,3,0,0,1,0,0.46,0.3,0.76,0.46,0.76,6.6,3,24,9,37.5,3.64,1.37,0.13,0.33,0,0,46,19.4,7,60,0,6,28,2,1.0,7,10,-3,-0.46,0.35,0,8,11,1,3,1,2,,,0,,,,,,,,,,,,,,,
,2324,Werder Bremen,Amos Pieper,GER,DF,25,1998,7,7,590,6.6,0,0,0,0,0,0,0,0,0.0,0.0,0.0,0.0,0.0,6.6,0,4,1,25.0,0.61,0.15,0.0,0.0,0,0,84,19.3,7,84,6,0,,5,1.0,10,14,-4,-0.61,-0.54,0,5,5,0,2,9,11,,,0,,,,,,,,,,,,,,,
,2324,Werder Bremen,Anthony Jung,GER,"DF,MF",31,1991,31,30,2579,28.7,1,0,1,1,0,0,4,1,0.03,0.0,0.03,0.03,0.03,28.7,1,5,1,20.0,0.17,0.03,0.2,1.0,0,0,83,84.3,30,86,24,1,11,1,1.32,41,36,5,0.17,2.23,0,15,15,1,24,26,25,,,0,,,,,,,,,,,,,,,
,2324,Werder Bremen,Christian Groß,GER,"DF,MF",34,1989,20,8,797,8.9,0,1,1,0,0,0,1,0,0.0,0.11,0.11,0.0,0.11,8.9,0,4,1,25.0,0.45,0.11,0.0,0.0,0,0,40,26.0,8,83,2,12,11,11,1.4,14,23,-9,-1.02,-1.14,0,14,5,2,8,14,18,,,0,,,,,,,,,,,,,,,
,2324,Werder Bremen,Dawid Kownacki,POL,FW,26,1997,22,3,380,4.2,0,0,0,0,0,0,0,0,0.0,0.0,0.0,0.0,0.0,4.2,0,19,4,21.1,4.5,0.95,0.0,0.0,0,0,17,12.4,3,62,0,19,10,10,0.95,9,9,0,0.0,0.2,0,9,9,1,2,0,1,,,0,,,,,,,,,,,,,,,
,2324,Werder Bremen,Felix Agu,NGA,MF,23,1999,24,19,1614,17.9,0,0,0,0,0,0,2,0,0.0,0.0,0.0,0.0,0.0,17.9,0,11,0,0.0,0.61,0.0,0.0,,0,0,67,52.7,19,81,4,5,14,5,1.42,21,23,-2,-0.11,0.14,0,15,44,2,46,13,29,,,0,,,,,,,,,,,,,,,
,2324,Werder Bremen,Ilia Gruev,BUL,MF,23,2000,1,0,4,0.0,0,0,0,0,0,0,0,0,0.0,0.0,0.0,0.0,0.0,0.0,0,0,0,,0.0,0.0,,,0,0,4,0.1,0,,0,1,4,1,0.0,0,1,-1,-22.5,-22.35,0,0,0,0,0,0,0,,,0,,,,,,,,,,,,,,,
,2324,Werder Bremen,Isak Hansen-Aarøen,NOR,MF,18,2004,3,0,27,0.3,0,0,0,0,0,0,1,0,0.0,0.0,0.0,0.0,0.0,0.3,0,0,0,,0.0,0.0,,,0,0,9,0.9,0,,0,3,9,7,1.0,0,3,-3,-10.0,-9.91,0,1,0,0,0,1,0,,,0,,,,,,,,,,,,,,,
,2324,Werder Bremen,Jens Stage,DEN,MF,26,1996,30,26,2327,25.9,3,1,4,3,0,0,5,1,0.12,0.04,0.15,0.12,0.15,25.9,3,40,11,27.5,1.55,0.43,0.08,0.27,0,0,78,76.0,26,85,15,4,29,0,1.2,32,39,-7,-0.27,-0.39,0,49,39,2,10,24,27,,,0,,,,,,,,,,,,,,,
,2324,Werder Bremen,Jiří Pavlenka,CZE,GK,31,1992,7,7,630,7.0,0,0,0,0,0,0,0,0,0.0,0.0,0.0,0.0,0.0,7.0,0,0,0,,0.0,0.0,,,0,0,90,20.6,7,90,7,0,,17,0.86,12,17,-5,-0.71,-0.68,0,0,0,0,0,0,0,,,0,17,2.43,39,22,56.4,2,0,5,1,14.3,2,2,0,0,0.0
,2324,Werder Bremen,Joel Imasuen,USA,FW,18,2004,1,0,2,0.0,0,0,0,0,0,0,0,0,0.0,0.0,0.0,0.0,0.0,0.0,0,0,0,,0.0,0.0,,,0,0,2,0.1,0,,0,1,2,1,0.0,0,0,0,0.0,0.18,0,0,0,0,0,0,0,,,0,,,,,,,,,,,,,,,
,2324,Werder Bremen,Julián Malatini,ARG,DF,22,2001,11,6,602,6.7,1,0,1,1,0,0,1,0,0.15,0.0,0.15,0.15,0.15,6.7,1,3,1,33.3,0.45,0.15,0.33,1.0,0,0,55,19.7,6,85,4,5,19,6,1.27,6,13,-7,-1.05,-1.08,0,10,1,0,6,14,13,,,0,,,,,,,,,,,,,,,
,2324,Werder Bremen,Justin Njinmah,GER,FW,22,2000,24,10,1016,11.3,6,2,8,6,0,0,1,0,0.53,0.18,0.71,0.53,0.71,11.3,6,33,14,42.4,2.92,1.24,0.18,0.43,0,0,42,33.2,10,75,1,14,19,2,1.25,18,16,2,0.18,0.53,0,6,20,9,10,2,2,,,0,,,,,,,,,,,,,,,
,2324,Werder Bremen,Leon Opitz,GER,MF,18,2005,3,0,18,0.2,0,0,0,0,0,0,0,0,0.0,0.0,0.0,0.0,0.0,0.2,0,0,0,,0.0,0.0,,,0,0,6,0.6,0,,0,3,6,11,1.0,0,2,-2,-10.0,-9.88,0,0,0,0,2,0,0,,,0,,,,,,,,,,,,,,,
,2324,Werder Bremen,Leonardo Bittencourt,GER,MF,29,1993,29,19,1578,17.5,1,2,3,1,0,0,9,0,0.06,0.11,0.17,0.06,0.17,17.5,1,31,5,16.1,1.77,0.29,0.03,0.2,0,0,54,51.6,19,75,1,10,15,3,1.24,23,23,0,0.0,0.36,0,34,31,2,41,12,17,,,0,,,,,,,,,,,,,,,
,2324,Werder Bremen,Marco Friedl,AUT,DF,25,1998,25,25,2197,24.4,1,0,1,1,0,0,6,0,0.04,0.0,0.04,0.04,0.04,24.4,1,7,1,14.3,0.29,0.04,0.14,1.0,0,0,88,71.8,25,88,23,0,,0,1.36,33,32,1,0.04,0.77,0,31,17,1,3,33,33,,,0,,,,,,,,,,,,,,,
,2324,Werder Bremen,Marvin Ducksch,GER,FW,29,1994,33,32,2696,30.0,12,9,21,7,5,6,9,0,0.4,0.3,0.7,0.23,0.53,30.0,12,80,38,47.5,2.67,1.27,0.15,0.32,5,6,82,88.1,32,83,15,1,45,0,1.18,41,49,-8,-0.27,-0.76,0,6,19,18,157,5,4,,,0,,,,,,,,,,,,,,,
,2324,Werder Bremen,Michael Zetterer,GER,GK,28,1995,27,27,2430,27.0,0,0,0,0,0,0,2,0,0.0,0.0,0.0,0.0,0.0,27.0,0,1,0,0.0,0.04,0.0,0.0,,0,0,90,79.4,27,90,27,0,,7,1.33,36,37,-1,-0.04,0.68,0,0,7,1,0,0,1,,,0,37,1.37,130,93,71.5,9,9,9,5,18.5,4,4,0,0,0.0
,2324,Werder Bremen,Miloš Veljković,SRB,DF,27,1995,23,21,1920,21.3,2,1,3,2,0,0,2,0,0.09,0.05,0.14,0.09,0.14,21.3,2,6,3,50.0,0.28,0.14,0.33,0.67,0,0,83,62.7,21,88,19,2,36,1,1.04,33,40,-7,-0.33,-0.41,0,9,5,0,21,15,15,,,0,,,,,,,,,,,,,,,
,2324,Werder Bremen,Mitchell Weiser,GER,MF,29,1994,30,30,2636,29.3,3,7,10,3,0,0,5,0,0.1,0.24,0.34,0.1,0.34,29.3,3,44,13,29.5,1.5,0.44,0.07,0.23,0,0,88,86.1,30,88,26,0,,1,1.2,43,45,-2,-0.07,0.78,0,29,38,4,83,22,35,,,0,,,,,,,,,,,,,,,
,2324,Werder Bremen,Naby Keïta,GUI,MF,28,1995,5,1,109,1.2,0,0,0,0,0,0,2,0,0.0,0.0,0.0,0.0,0.0,1.2,0,2,0,0.0,1.65,0.0,0.0,,0,0,22,3.6,1,58,0,4,13,7,0.6,3,3,0,0.0,0.18,0,2,1,0,0,2,1,,,0,,,,,,,,,,,,,,,
,2324,Werder Bremen,Nick Woltemade,GER,"FW,MF",21,2002,30,12,1189,13.2,2,0,2,2,0,0,1,0,0.15,0.0,0.15,0.15,0.15,13.2,2,22,6,27.3,1.67,0.45,0.09,0.33,0,0,40,38.9,12,73,1,18,18,3,1.37,20,17,3,0.23,0.66,0,22,23,6,3,5,21,,,0,,,,,,,,,,,,,,,
,2324,Werder Bremen,Niclas Füllkrug,GER,FW,30,1993,2,2,180,2.0,0,0,0,0,0,0,0,0,0.0,0.0,0.0,0.0,0.0,2.0,0,5,2,40.0,2.5,1.0,0.0,0.0,0,0,90,5.9,2,90,2,0,,0,0.0,0,5,-5,-2.5,-2.47,0,2,7,3,0,0,1,,,0,,,,,,,,,,,,,,,
,2324,Werder Bremen,Nicolai Rapp,GER,DF,26,1996,2,1,76,0.8,0,0,0,0,0,0,1,0,0.0,0.0,0.0,0.0,0.0,0.8,0,0,0,,0.0,0.0,,,0,0,38,2.5,1,71,0,1,5,9,0.0,1,2,-1,-1.18,-1.03,0,2,0,0,0,2,2,,,0,,,,,,,,,,,,,,,
,2324,Werder Bremen,Niklas Stark,GER,DF,28,1995,17,12,1088,12.1,2,0,2,2,0,0,4,0,0.17,0.0,0.17,0.17,0.17,12.1,2,4,2,50.0,0.33,0.17,0.5,1.0,0,0,64,35.6,12,85,10,5,13,3,1.47,20,16,4,0.33,0.79,0,21,16,1,0,15,16,,,0,,,,,,,,,,,,,,,
,2324,Werder Bremen,Oliver Burke,SCO,"FW,MF",26,1997,1,0,32,0.4,0,0,0,0,0,0,0,0,0.0,0.0,0.0,0.0,0.0,0.4,0,0,0,,0.0,0.0,,,0,0,32,1.0,0,,0,1,32,0,0.0,0,3,-3,-8.44,-8.35,0,0,0,0,2,0,0,,,0,,,,,,,,,,,,,,,
,2324,Werder Bremen,Olivier Deman,BEL,MF,23,2000,29,14,1365,15.2,2,1,3,2,0,0,5,0,0.13,0.07,0.2,0.13,0.2,15.2,2,17,7,41.2,1.12,0.46,0.12,0.29,0,0,47,44.6,14,82,7,15,14,1,1.34,26,27,-1,-0.07,0.2,0,27,13,0,45,13,14,,,1,,,,,,,,,,,,,,,
,2324,Werder Bremen,Rafael Borré,COL,FW,27,1995,19,11,991,11.0,4,0,4,4,0,0,0,0,0.36,0.0,0.36,0.36,0.36,11.0,4,20,8,40.0,1.82,0.73,0.2,0.5,0,0,52,32.4,11,77,2,8,19,1,1.37,13,18,-5,-0.45,-0.41,0,17,8,14,12,2,9,,,0,,,,,,,,,,,,,,,
,2324,Werder Bremen,Romano Schmid,AUT,"MF,FW",23,2000,33,30,2601,28.9,4,6,10,4,0,0,5,0,0.14,0.21,0.35,0.14,0.35,28.9,4,38,9,23.7,1.31,0.31,0.11,0.44,0,0,79,85.0,30,84,13,3,23,0,1.27,43,48,-5,-0.17,0.02,0,33,53,3,64,13,21,,,0,,,,,,,,,,,,,,,
,2324,Werder Bremen,Senne Lynen,BEL,MF,24,1999,32,20,1797,20.0,0,3,3,0,0,0,6,0,0.0,0.15,0.15,0.0,0.15,20.0,0,12,2,16.7,0.6,0.1,0.0,0.0,0,0,56,58.7,20,80,10,12,16,1,1.31,29,28,1,0.05,0.55,0,35,17,0,4,42,36,,,0,,,,,,,,,,,,,,,
,2324,Werder Bremen,Skelly Alvero,FRA,MF,21,2002,6,1,123,1.4,1,0,1,1,0,0,1,0,0.73,0.0,0.73,0.73,0.73,1.4,1,5,3,60.0,3.66,2.2,0.2,0.33,0,0,21,4.0,1,78,0,5,9,3,0.5,1,1,0,0.0,0.18,0,2,3,0,0,1,4,,,0,,,,,,,,,,,,,,,
,2324,Wolfsburg,Amin Sarr,SWE,"MF,FW",22,2001,14,2,386,4.3,0,0,0,0,0,0,0,0,0.0,0.0,0.0,0.0,0.0,4.3,0,6,2,33.3,1.4,0.47,0.0,0.0,0,0,28,12.6,2,68,0,12,21,6,0.71,2,8,-6,-1.4,-1.1,0,3,3,2,1,2,2,,,0,,,,,,,,,,,,,,,
,2324,Wolfsburg,Aster Vranckx,BEL,MF,20,2002,24,12,1153,12.8,0,0,0,0,0,0,6,0,0.0,0.0,0.0,0.0,0.0,12.8,0,4,2,50.0,0.31,0.16,0.0,0.0,0,0,48,37.7,12,84,9,12,13,3,1.21,13,24,-11,-0.86,-0.67,0,29,24,0,10,14,17,,,0,,,,,,,,,,,,,,,
,2324,Wolfsburg,Bennit Bröger,GER,MF,17,2006,1,0,11,0.1,0,0,0,0,0,0,0,0,0.0,0.0,0.0,0.0,0.0,0.1,0,0,0,,0.0,0.0,,,0,0,11,0.4,0,,0,1,11,0,0.0,0,1,-1,-8.18,-7.77,0,1,2,0,0,0,0,,,0,,,,,,,,,,,,,,,
,2324,Wolfsburg,Cedric Zesiger,SUI,DF,25,1998,23,18,1634,18.2,0,0,0,0,0,0,5,0,0.0,0.0,0.0,0.0,0.0,18.2,0,16,2,12.5,0.88,0.11,0.0,0.0,0,0,71,53.4,18,84,14,5,24,10,1.35,20,32,-12,-0.66,-0.47,0,23,10,0,5,15,8,,,0,,,,,,,,,,,,,,,
,2324,Wolfsburg,Dženan Pejčinović,GER,FW,18,2005,4,0,37,0.4,0,0,0,0,0,0,1,0,0.0,0.0,0.0,0.0,0.0,0.4,0,2,0,0.0,4.86,0.0,0.0,,0,0,9,1.2,0,,0,4,9,4,0.75,0,0,0,0.0,0.45,0,2,0,0,0,0,0,,,0,,,,,,,,,,,,,,,
,2324,Wolfsburg,Jakub Kamiński,POL,MF,21,2002,17,4,473,5.3,0,2,2,0,0,0,0,0,0.0,0.38,0.38,0.0,0.38,5.3,0,10,3,30.0,1.9,0.57,0.0,0.0,0,0,28,15.5,4,69,1,13,15,12,1.24,4,9,-5,-0.95,-0.6,0,3,5,2,16,2,5,,,0,,,,,,,,,,,,,,,
,2324,Wolfsburg,Joakim Mæhle,DEN,"DF,MF",26,1997,30,27,2452,27.2,2,3,5,2,0,0,5,0,0.07,0.11,0.18,0.07,0.18,27.2,2,20,6,30.0,0.73,0.22,0.1,0.33,0,0,82,80.1,27,87,22,3,33,1,1.03,34,44,-10,-0.37,0.37,0,19,14,2,58,29,41,,,0,,,,,,,,,,,,,,,
,2324,Wolfsburg,Jonas Wind,DEN,FW,24,1999,34,31,2651,29.5,11,7,18,11,0,1,3,0,0.37,0.24,0.61,0.37,0.61,29.5,11,73,35,47.9,2.48,1.19,0.15,0.31,0,1,78,86.6,31,84,16,3,16,0,1.09,38,47,-9,-0.31,1.01,0,29,45,9,8,3,10,,,0,,,,,,,,,,,,,,,
,2324,Wolfsburg,Kevin Behrens,GER,FW,32,1991,13,7,616,6.8,1,1,2,1,0,0,1,0,0.15,0.15,0.29,0.15,0.29,6.8,1,11,6,54.5,1.61,0.88,0.09,0.17,0,0,47,20.1,7,78,1,6,12,2,1.15,8,11,-3,-0.44,0.0,0,8,5,4,4,3,1,,,0,,,,,,,,,,,,,,,
,2324,Wolfsburg,Kevin Paredes,USA,"MF,DF",20,2003,28,15,1432,15.9,3,0,3,3,0,0,4,0,0.19,0.0,0.19,0.19,0.19,15.9,3,19,8,42.1,1.19,0.5,0.16,0.38,0,0,51,46.8,15,80,6,13,18,3,1.07,20,27,-7,-0.44,0.0,0,11,53,5,33,24,21,,,0,,,,,,,,,,,,,,,
,2324,Wolfsburg,Kilian Fischer,GER,"MF,DF",22,2000,6,4,291,3.2,0,0,0,0,0,0,1,0,0.0,0.0,0.0,0.0,0.0,3.2,0,4,0,0.0,1.24,0.0,0.0,,0,0,49,9.5,4,69,1,2,9,18,1.67,3,5,-2,-0.62,-0.2,0,4,3,0,11,1,5,,,0,,,,,,,,,,,,,,,
,2324,Wolfsburg,Koen Casteels,BEL,GK,31,1992,25,25,2250,25.0,0,0,0,0,0,0,2,0,0.0,0.0,0.0,0.0,0.0,25.0,0,0,0,,0.0,0.0,,,0,0,90,73.5,25,90,25,0,,0,1.2,31,39,-8,-0.32,0.46,0,1,3,0,0,0,0,,,0,39,1.56,117,78,66.7,8,6,11,3,12.0,3,2,0,1,0.0
,2324,Wolfsburg,Kofi Amoako,GER,MF,18,2005,2,0,2,0.0,0,0,0,0,0,0,0,0,0.0,0.0,0.0,0.0,0.0,0.0,0,0,0,,0.0,0.0,,,0,0,1,0.1,0,,0,2,1,4,2.0,0,0,0,0.0,0.44,0,0,0,0,0,0,0,,,0,,,,,,,,,,,,,,,
,2324,Wolfsburg,Lovro Majer,CRO,"MF,FW",25,1998,32,25,2106,23.4,5,5,10,3,2,2,5,0,0.21,0.21,0.43,0.13,0.34,23.4,5,37,12,32.4,1.58,0.51,0.14,0.42,2,2,66,68.8,25,76,4,7,30,2,0.97,32,38,-6,-0.26,0.59,0,37,37,1,88,12,19,,,0,,,,,,,,,,,,,,,
,2324,Wolfsburg,Lukas Nmecha,GER,FW,24,1998,3,0,42,0.5,1,0,1,1,0,0,0,0,2.14,0.0,2.14,2.14,2.14,0.5,1,1,1,100.0,2.14,2.14,1.0,1.0,0,0,14,1.4,0,,0,3,14,0,0.67,1,1,0,0.0,0.45,0,1,1,0,0,0,1,,,0,,,,,,,,,,,,,,,
,2324,Wolfsburg,Mattias Svanberg,SWE,MF,24,1999,25,20,1715,19.1,1,3,4,1,0,0,8,0,0.05,0.16,0.21,0.05,0.21,19.1,1,42,11,26.2,2.2,0.58,0.02,0.09,0,0,69,56.0,20,80,5,5,25,4,1.16,25,33,-8,-0.42,0.05,0,42,33,2,54,24,18,,,0,,,,,,,,,,,,,,,
,2324,Wolfsburg,Maxence Lacroix,FRA,DF,23,2000,28,27,2362,26.2,4,1,5,4,0,0,5,3,0.15,0.04,0.19,0.15,0.19,26.2,4,12,8,66.7,0.46,0.3,0.33,0.5,0,0,84,77.2,27,87,23,1,15,0,1.25,33,40,-7,-0.27,0.76,1,27,19,0,5,25,29,,,0,,,,,,,,,,,,,,,
,2324,Wolfsburg,Maximilian Arnold,GER,MF,29,1994,30,27,2506,27.8,2,1,3,2,0,0,9,0,0.07,0.04,0.11,0.07,0.11,27.8,2,32,12,37.5,1.15,0.43,0.06,0.17,0,0,84,81.9,27,90,26,3,26,0,1.0,32,49,-17,-0.61,-0.94,0,37,46,0,110,26,33,,,0,,,,,,,,,,,,,,,
,2324,Wolfsburg,Moritz Jenz,GER,DF,24,1999,22,21,1742,19.4,0,1,1,0,0,0,7,1,0.0,0.05,0.05,0.0,0.05,19.4,0,7,0,0.0,0.36,0.0,0.0,,0,0,79,56.9,21,81,16,1,45,6,0.82,23,32,-9,-0.46,-0.06,1,26,3,0,0,24,24,,,1,,,,,,,,,,,,,,,
,2324,Wolfsburg,Nicolas Cozza,FRA,DF,24,1999,6,3,276,3.1,0,0,0,0,0,0,1,0,0.0,0.0,0.0,0.0,0.0,3.1,0,1,0,0.0,0.33,0.0,0.0,,0,0,46,9.0,3,70,0,3,22,8,1.33,4,7,-3,-0.98,-0.59,0,1,0,0,4,3,6,,,0,,,,,,,,,,,,,,,
,2324,Wolfsburg,Patrick Wimmer,AUT,"MF,FW",22,2001,14,8,589,6.5,2,0,2,2,0,0,3,1,0.31,0.0,0.31,0.31,0.31,6.5,2,10,4,40.0,1.53,0.61,0.2,0.5,0,0,42,19.2,8,61,0,6,17,4,1.36,14,8,6,0.92,1.68,0,14,11,1,12,4,5,,,0,,,,,,,,,,,,,,,
,2324,Wolfsburg,Pavao Pervan,AUT,GK,35,1987,9,9,810,9.0,0,0,0,0,0,0,1,0,0.0,0.0,0.0,0.0,0.0,9.0,0,0,0,,0.0,0.0,,,0,0,90,26.5,9,90,9,0,,25,0.78,10,17,-7,-0.78,-0.46,0,0,1,0,0,0,0,,,0,17,1.89,37,20,54.1,2,1,6,2,22.2,0,0,0,0,
,2324,Wolfsburg,Ridle Baku,GER,"MF,DF",25,1998,33,22,2013,22.4,1,0,1,1,0,0,4,0,0.04,0.0,0.04,0.04,0.04,22.4,1,27,9,33.3,1.21,0.4,0.04,0.11,0,0,61,65.8,22,81,10,11,20,0,1.09,28,34,-6,-0.27,0.51,0,24,35,3,54,23,24,,,0,,,,,,,,,,,,,,,
,2324,Wolfsburg,Rogério,BRA,"DF,MF",25,1998,13,10,906,10.1,1,0,1,1,0,0,0,0,0.1,0.0,0.1,0.1,0.1,10.1,1,4,2,50.0,0.4,0.2,0.25,0.5,0,0,70,29.6,10,83,7,3,26,3,0.77,10,15,-5,-0.5,-0.08,0,7,12,0,27,3,8,,,0,,,,,,,,,,,,,,,
,2324,Wolfsburg,Sebastiaan Bornauw,BEL,DF,24,1999,20,16,1431,15.9,0,0,0,0,0,0,5,0,0.0,0.0,0.0,0.0,0.0,15.9,0,10,4,40.0,0.63,0.25,0.0,0.0,0,0,72,46.8,16,84,12,4,20,7,1.1,17,30,-13,-0.82,-0.71,0,27,5,1,1,18,12,,,2,,,,,,,,,,,,,,,
,2324,Wolfsburg,Tiago Tomás,POR,"FW,MF",21,2002,26,11,1032,11.5,1,1,2,1,0,0,3,0,0.09,0.09,0.17,0.09,0.17,11.5,1,27,10,37.0,2.35,0.87,0.04,0.1,0,0,40,33.7,11,63,0,15,23,2,1.08,11,20,-9,-0.78,-0.52,0,12,26,3,28,4,2,,,0,,,,,,,,,,,,,,,
,2324,Wolfsburg,Václav Černý,CZE,"MF,FW",25,1997,22,12,921,10.2,4,1,5,4,0,0,2,0,0.39,0.1,0.49,0.39,0.49,10.2,4,20,5,25.0,1.95,0.49,0.2,0.8,0,0,42,30.1,12,67,0,10,12,8,0.91,13,17,-4,-0.39,0.07,0,9,0,4,33,7,4,,,0,,,,,,,,,,,,,,,
,2324,Wolfsburg,Yannick Gerhardt,GER,MF,29,1994,25,18,1630,18.1,2,1,3,2,0,0,5,0,0.11,0.06,0.17,0.11,0.17,18.1,2,19,9,47.4,1.05,0.5,0.11,0.22,0,0,65,53.3,18,84,8,7,18,5,1.36,23,23,0,0.0,0.94,0,18,16,2,27,8,21,,,0,,,,,,,,,,,,,,,
ENG-Premier League,2324,Arsenal,Bradley Ibrahim,,,,,,,,,,,,,,,,,,,,,,,,,,,,,,,,,,,0,,0,0,,1,,,,,,,,,,,,,,,,,,,,,,,,,,,,,,,
ENG-Premier League,2324,Arsenal,Charles Sagoe Jr,,,,,,,,,,,,,,,,,,,,,,,,,,,,,,,,,,,0,,0,0,,1,,,,,,,,,,,,,,,,,,,,,,,,,,,,,,,
ENG-Premier League,2324,Arsenal,James Sweet,,,,,,,,,,,,,,,,,,,,,,,,,,,,,,,,,,,0,,0,0,,1,,,,,,,,,,,,,,,,,,,,,,,,,,,,,,,
ENG-Premier League,2324,Arsenal,Karl Jakob Hein,,,,,,,,,,,,,,,,,,,,,,,,,,,,,,,,,,,0,,0,0,,5,,,,,,,,,,,,,,,,,,,,,,,,,,,,,,,
ENG-Premier League,2324,Arsenal,Mauro Bandeira,,,,,,,,,,,,,,,,,,,,,,,,,,,,,,,,,,,0,,0,0,,2,,,,,,,,,,,,,,,,,,,,,,,,,,,,,,,
ENG-Premier League,2324,Arsenal,Myles Lewis-Skelly,,,,,,,,,,,,,,,,,,,,,,,,,,,,,,,,,,,0,,0,0,,1,,,,,,,,,,,,,,,,,,,,,,,,,,,,,,,
ENG-Premier League,2324,Arsenal,Reuell Walters,,,,,,,,,,,,,,,,,,,,,,,,,,,,,,,,,,,0,,0,0,,8,,,,,,,,,,,,,,,,,,,,,,,,,,,,,,,
ENG-Premier League,2324,Aston Villa,Filip Marschall,,,,,,,,,,,,,,,,,,,,,,,,,,,,,,,,,,,0,,0,0,,10,,,,,,,,,,,,,,,,,,,,,,,,,,,,,,,
ENG-Premier League,2324,Aston Villa,James Wright,,,,,,,,,,,,,,,,,,,,,,,,,,,,,,,,,,,0,,0,0,,3,,,,,,,,,,,,,,,,,,,,,,,,,,,,,,,
ENG-Premier League,2324,Aston Villa,Joe Gauci,,,,,,,,,,,,,,,,,,,,,,,,,,,,,,,,,,,0,,0,0,,5,,,,,,,,,,,,,,,,,,,,,,,,,,,,,,,
ENG-Premier League,2324,Aston Villa,Kadan Young,,,,,,,,,,,,,,,,,,,,,,,,,,,,,,,,,,,0,,0,0,,1,,,,,,,,,,,,,,,,,,,,,,,,,,,,,,,
ENG-Premier League,2324,Aston Villa,Lander Emery,,,,,,,,,,,,,,,,,,,,,,,,,,,,,,,,,,,0,,0,0,,1,,,,,,,,,,,,,,,,,,,,,,,,,,,,,,,
ENG-Premier League,2324,Aston Villa,Oliwier Zych,,,,,,,,,,,,,,,,,,,,,,,,,,,,,,,,,,,0,,0,0,,1,,,,,,,,,,,,,,,,,,,,,,,,,,,,,,,
ENG-Premier League,2324,Aston Villa,Sam Proctor,,,,,,,,,,,,,,,,,,,,,,,,,,,,,,,,,,,0,,0,0,,3,,,,,,,,,,,,,,,,,,,,,,,,,,,,,,,
ENG-Premier League,2324,Aston Villa,Tommi O'Reilly,,,,,,,,,,,,,,,,,,,,,,,,,,,,,,,,,,,0,,0,0,,1,,,,,,,,,,,,,,,,,,,,,,,,,,,,,,,
ENG-Premier League,2324,Bournemouth,Ben Greenwood,,,,,,,,,,,,,,,,,,,,,,,,,,,,,,,,,,,0,,0,0,,4,,,,,,,,,,,,,,,,,,,,,,,,,,,,,,,
ENG-Premier League,2324,Bournemouth,Callan Mckenna,,,,,,,,,,,,,,,,,,,,,,,,,,,,,,,,,,,0,,0,0,,3,,,,,,,,,,,,,,,,,,,,,,,,,,,,,,,
ENG-Premier League,2324,Bournemouth,Darren Randolph,,,,,,,,,,,,,,,,,,,,,,,,,,,,,,,,,,,0,,0,0,,1,,,,,,,,,,,,,,,,,,,,,,,,,,,,,,,
ENG-Premier League,2324,Bournemouth,Emiliano Marcondes,,,,,,,,,,,,,,,,,,,,,,,,,,,,,,,,,,,0,,0,0,,1,,,,,,,,,,,,,,,,,,,,,,,,,,,,,,,
ENG-Premier League,2324,Bournemouth,Gavin Kilkenny,,,,,,,,,,,,,,,,,,,,,,,,,,,,,,,,,,,0,,0,0,,7,,,,,,,,,,,,,,,,,,,,,,,,,,,,,,,
ENG-Premier League,2324,Bournemouth,Maxwell Wellings,,,,,,,,,,,,,,,,,,,,,,,,,,,,,,,,,,,0,,0,0,,7,,,,,,,,,,,,,,,,,,,,,,,,,,,,,,,
ENG-Premier League,2324,Bournemouth,Michael DaCosta,,,,,,,,,,,,,,,,,,,,,,,,,,,,,,,,,,,0,,0,0,,4,,,,,,,,,,,,,,,,,,,,,,,,,,,,,,,
ENG-Premier League,2324,Brentford,Benjamin Arthur,,,,,,,,,,,,,,,,,,,,,,,,,,,,,,,,,,,0,,0,0,,1,,,,,,,,,,,,,,,,,,,,,,,,,,,,,,,
ENG-Premier League,2324,Brentford,Benjamin Fredrick,,,,,,,,,,,,,,,,,,,,,,,,,,,,,,,,,,,0,,0,0,,2,,,,,,,,,,,,,,,,,,,,,,,,,,,,,,,
ENG-Premier League,2324,Brentford,Charlie Goode,,,,,,,,,,,,,,,,,,,,,,,,,,,,,,,,,,,0,,0,0,,5,,,,,,,,,,,,,,,,,,,,,,,,,,,,,,,
ENG-Premier League,2324,Brentford,Ellery Balcombe,,,,,,,,,,,,,,,,,,,,,,,,,,,,,,,,,,,0,,0,0,,3,,,,,,,,,,,,,,,,,,,,,,,,,,,,,,,
ENG-Premier League,2324,Brentford,Ethan Brierley,,,,,,,,,,,,,,,,,,,,,,,,,,,,,,,,,,,0,,0,0,,13,,,,,,,,,,,,,,,,,,,,,,,,,,,,,,,
ENG-Premier League,2324,Brentford,Hákon Valdimarsson,,,,,,,,,,,,,,,,,,,,,,,,,,,,,,,,,,,0,,0,0,,4,,,,,,,,,,,,,,,,,,,,,,,,,,,,,,,
ENG-Premier League,2324,Brentford,Kim Jisoo,,,,,,,,,,,,,,,,,,,,,,,,,,,,,,,,,,,0,,0,0,,8,,,,,,,,,,,,,,,,,,,,,,,,,,,,,,,
ENG-Premier League,2324,Brentford,Ryan Trevitt,,,,,,,,,,,,,,,,,,,,,,,,,,,,,,,,,,,0,,0,0,,2,,,,,,,,,,,,,,,,,,,,,,,,,,,,,,,
ENG-Premier League,2324,Brentford,Val Adedokun,,,,,,,,,,,,,,,,,,,,,,,,,,,,,,,,,,,0,,0,0,,5,,,,,,,,,,,,,,,,,,,,,,,,,,,,,,,
ENG-Premier League,2324,Brentford,Vincent Angelini,,,,,,,,,,,,,,,,,,,,,,,,,,,,,,,,,,,0,,0,0,,2,,,,,,,,,,,,,,,,,,,,,,,,,,,,,,,
ENG-Premier League,2324,Brentford,Yunus Emre Konak,,,,,,,,,,,,,,,,,,,,,,,,,,,,,,,,,,,0,,0,0,,1,,,,,,,,,,,,,,,,,,,,,,,,,,,,,,,
ENG-Premier League,2324,Brighton,Ben Jackson,,,,,,,,,,,,,,,,,,,,,,,,,,,,,,,,,,,0,,0,0,,1,,,,,,,,,,,,,,,,,,,,,,,,,,,,,,,
ENG-Premier League,2324,Brighton,Bigo Atom,,,,,,,,,,,,,,,,,,,,,,,,,,,,,,,,,,,0,,0,0,,1,,,,,,,,,,,,,,,,,,,,,,,,,,,,,,,
ENG-Premier League,2324,Brighton,Cameron Peupion,,,,,,,,,,,,,,,,,,,,,,,,,,,,,,,,,,,0,,0,0,,6,,,,,,,,,,,,,,,,,,,,,,,,,,,,,,,
ENG-Premier League,2324,Brighton,Imari Samuels,,,,,,,,,,,,,,,,,,,,,,,,,,,,,,,,,,,0,,0,0,,1,,,,,,,,,,,,,,,,,,,,,,,,,,,,,,,
ENG-Premier League,2324,Brighton,Josh Duffus,,,,,,,,,,,,,,,,,,,,,,,,,,,,,,,,,,,0,,0,0,,1,,,,,,,,,,,,,,,,,,,,,,,,,,,,,,,
ENG-Premier League,2324,Brighton,Leigh Kavanagh,,,,,,,,,,,,,,,,,,,,,,,,,,,,,,,,,,,0,,0,0,,4,,,,,,,,,,,,,,,,,,,,,,,,,,,,,,,
ENG-Premier League,2324,Brighton,Luca Barrington,,,,,,,,,,,,,,,,,,,,,,,,,,,,,,,,,,,0,,0,0,,2,,,,,,,,,,,,,,,,,,,,,,,,,,,,,,,
ENG-Premier League,2324,Brighton,Samy Chouchane,,,,,,,,,,,,,,,,,,,,,,,,,,,,,,,,,,,0,,0,0,,1,,,,,,,,,,,,,,,,,,,,,,,,,,,,,,,
ENG-Premier League,2324,Brighton,Steven Alzate,,,,,,,,,,,,,,,,,,,,,,,,,,,,,,,,,,,0,,0,0,,1,,,,,,,,,,,,,,,,,,,,,,,,,,,,,,,
ENG-Premier League,2324,Burnley,CJ Egan-Riley,,,,,,,,,,,,,,,,,,,,,,,,,,,,,,,,,,,0,,0,0,,1,,,,,,,,,,,,,,,,,,,,,,,,,,,,,,,
ENG-Premier League,2324,Burnley,Lawrence Vigouroux,,,,,,,,,,,,,,,,,,,,,,,,,,,,,,,,,,,0,,0,0,,5,,,,,,,,,,,,,,,,,,,,,,,,,,,,,,,
ENG-Premier League,2324,Chelsea,Andrey Santos,,,,,,,,,,,,,,,,,,,,,,,,,,,,,,,,,,,0,,0,0,,1,,,,,,,,,,,,,,,,,,,,,,,,,,,,,,,
ENG-Premier League,2324,Chelsea,Bashir Humphreys,,,,,,,,,,,,,,,,,,,,,,,,,,,,,,,,,,,0,,0,0,,2,,,,,,,,,,,,,,,,,,,,,,,,,,,,,,,
ENG-Premier League,2324,Chelsea,Diego Moreira,,,,,,,,,,,,,,,,,,,,,,,,,,,,,,,,,,,0,,0,0,,1,,,,,,,,,,,,,,,,,,,,,,,,,,,,,,,
ENG-Premier League,2324,Chelsea,Eddie Beach,,,,,,,,,,,,,,,,,,,,,,,,,,,,,,,,,,,0,,0,0,,2,,,,,,,,,,,,,,,,,,,,,,,,,,,,,,,
ENG-Premier League,2324,Chelsea,Ishé Samuels-Smith,,,,,,,,,,,,,,,,,,,,,,,,,,,,,,,,,,,0,,0,0,,1,,,,,,,,,,,,,,,,,,,,,,,,,,,,,,,
ENG-Premier League,2324,Chelsea,Joshua Brooking,,,,,,,,,,,,,,,,,,,,,,,,,,,,,,,,,,,0,,0,0,,1,,,,,,,,,,,,,,,,,,,,,,,,,,,,,,,
ENG-Premier League,2324,Chelsea,Kiano Dyer,,,,,,,,,,,,,,,,,,,,,,,,,,,,,,,,,,,0,,0,0,,4,,,,,,,,,,,,,,,,,,,,,,,,,,,,,,,
ENG-Premier League,2324,Chelsea,Leo Castledine,,,,,,,,,,,,,,,,,,,,,,,,,,,,,,,,,,,0,,0,0,,4,,,,,,,,,,,,,,,,,,,,,,,,,,,,,,,
ENG-Premier League,2324,Chelsea,Lucas Bergström,,,,,,,,,,,,,,,,,,,,,,,,,,,,,,,,,,,0,,0,0,,15,,,,,,,,,,,,,,,,,,,,,,,,,,,,,,,
ENG-Premier League,2324,Chelsea,Marcus Bettinelli,,,,,,,,,,,,,,,,,,,,,,,,,,,,,,,,,,0.0,0,,0,0,,17,0.0,1,2,-1,,,,,,,,,,,,,,,,,,,,,,,,,,,
ENG-Premier League,2324,Chelsea,Ollie Harrison,,,,,,,,,,,,,,,,,,,,,,,,,,,,,,,,,,,0,,0,0,,1,,,,,,,,,,,,,,,,,,,,,,,,,,,,,,,
ENG-Premier League,2324,Chelsea,Ronnie Stutter,,,,,,,,,,,,,,,,,,,,,,,,,,,,,,,,,,,0,,0,0,,1,,,,,,,,,,,,,,,,,,,,,,,,,,,,,,,
ENG-Premier League,2324,Chelsea,Ted Curd,,,,,,,,,,,,,,,,,,,,,,,,,,,,,,,,,,,0,,0,0,,1,,,,,,,,,,,,,,,,,,,,,,,,,,,,,,,
ENG-Premier League,2324,Chelsea,Teddy Sharman,,,,,,,,,,,,,,,,,,,,,,,,,,,,,,,,,,,0,,0,0,,1,,,,,,,,,,,,,,,,,,,,,,,,,,,,,,,
ENG-Premier League,2324,Chelsea,Tyrique George,,,,,,,,,,,,,,,,,,,,,,,,,,,,,,,,,,,0,,0,0,,3,,,,,,,,,,,,,,,,,,,,,,,,,,,,,,,
ENG-Premier League,2324,Chelsea,Zak Sturge,,,,,,,,,,,,,,,,,,,,,,,,,,,,,,,,,,,0,,0,0,,1,,,,,,,,,,,,,,,,,,,,,,,,,,,,,,,
ENG-Premier League,2324,Crystal Palace,Ademola Ola-Adebomi,,,,,,,,,,,,,,,,,,,,,,,,,,,,,,,,,,,0,,0,0,,3,,,,,,,,,,,,,,,,,,,,,,,,,,,,,,,
ENG-Premier League,2324,Crystal Palace,Franco Umeh-Chibueze,,,,,,,,,,,,,,,,,,,,,,,,,,,,,,,,,,,0,,0,0,,5,,,,,,,,,,,,,,,,,,,,,,,,,,,,,,,
ENG-Premier League,2324,Crystal Palace,Jadan Raymond,,,,,,,,,,,,,,,,,,,,,,,,,,,,,,,,,,,0,,0,0,,2,,,,,,,,,,,,,,,,,,,,,,,,,,,,,,,
ENG-Premier League,2324,Crystal Palace,John-Kymani Gordon,,,,,,,,,,,,,,,,,,,,,,,,,,,,,,,,,,,0,,0,0,,3,,,,,,,,,,,,,,,,,,,,,,,,,,,,,,,
ENG-Premier League,2324,Crystal Palace,Joseph Whitworth,,,,,,,,,,,,,,,,,,,,,,,,,,,,,,,,,,,0,,0,0,,1,,,,,,,,,,,,,,,,,,,,,,,,,,,,,,,
ENG-Premier League,2324,Crystal Palace,Kaden Rodney,,,,,,,,,,,,,,,,,,,,,,,,,,,,,,,,,,,0,,0,0,,2,,,,,,,,,,,,,,,,,,,,,,,,,,,,,,,
ENG-Premier League,2324,Crystal Palace,Luke Plange,,,,,,,,,,,,,,,,,,,,,,,,,,,,,,,,,,,0,,0,0,,3,,,,,,,,,,,,,,,,,,,,,,,,,,,,,,,
ENG-Premier League,2324,Crystal Palace,Malcolm Ebiowei,,,,,,,,,,,,,,,,,,,,,,,,,,,,,,,,,,,0,,0,0,,10,,,,,,,,,,,,,,,,,,,,,,,,,,,,,,,
ENG-Premier League,2324,Crystal Palace,Rob Holding,,,,,,,,,,,,,,,,,,,,,,,,,,,,,,,,,,,0,,0,0,,10,,,,,,,,,,,,,,,,,,,,,,,,,,,,,,,
ENG-Premier League,2324,Crystal Palace,Roshaun Mathurin,,,,,,,,,,,,,,,,,,,,,,,,,,,,,,,,,,,0,,0,0,,2,,,,,,,,,,,,,,,,,,,,,,,,,,,,,,,
ENG-Premier League,2324,Crystal Palace,Tayo Adaramola,,,,,,,,,,,,,,,,,,,,,,,,,,,,,,,,,,,0,,0,0,,2,,,,,,,,,,,,,,,,,,,,,,,,,,,,,,,
ENG-Premier League,2324,Everton,Andy Lonergan,,,,,,,,,,,,,,,,,,,,,,,,,,,,,,,,,,,0,,0,0,,10,,,,,,,,,,,,,,,,,,,,,,,,,,,,,,,
ENG-Premier League,2324,Everton,Elijah Campbell,,,,,,,,,,,,,,,,,,,,,,,,,,,,,,,,,,,0,,0,0,,1,,,,,,,,,,,,,,,,,,,,,,,,,,,,,,,
ENG-Premier League,2324,Everton,Jenson Metcalfe,,,,,,,,,,,,,,,,,,,,,,,,,,,,,,,,,,,0,,0,0,,4,,,,,,,,,,,,,,,,,,,,,,,,,,,,,,,
ENG-Premier League,2324,Everton,João Virgínia,,,,,,,,,,,,,,,,,,,,,,,,,,,,,,,,,,,0,,0,0,,38,,,,,,,,,,,,,,,,,,,,,,,,,,,,,,,
ENG-Premier League,2324,Everton,Mackenzie Hunt,,,,,,,,,,,,,,,,,,,,,,,,,,,,,,,,,,,0,,0,0,,17,,,,,,,,,,,,,,,,,,,,,,,,,,,,,,,
ENG-Premier League,2324,Everton,William Crellin,,,,,,,,,,,,,,,,,,,,,,,,,,,,,,,,,,,0,,0,0,,1,,,,,,,,,,,,,,,,,,,,,,,,,,,,,,,
ENG-Premier League,2324,Fulham,Devan Tanton,,,,,,,,,,,,,,,,,,,,,,,,,,,,,,,,,,,0,,0,0,,1,,,,,,,,,,,,,,,,,,,,,,,,,,,,,,,
ENG-Premier League,2324,Fulham,Jay Stansfield,,,,,,,,,,,,,,,,,,,,,,,,,,,,,,,,,,,0,,0,0,,1,,,,,,,,,,,,,,,,,,,,,,,,,,,,,,,
ENG-Premier League,2324,Fulham,Joshua King,,,,,,,,,,,,,,,,,,,,,,,,,,,,,,,,,,,0,,0,0,,2,,,,,,,,,,,,,,,,,,,,,,,,,,,,,,,
ENG-Premier League,2324,Fulham,Kevin Mbabu,,,,,,,,,,,,,,,,,,,,,,,,,,,,,,,,,,,0,,0,0,,3,,,,,,,,,,,,,,,,,,,,,,,,,,,,,,,
ENG-Premier League,2324,Fulham,Kristian Sekularac,,,,,,,,,,,,,,,,,,,,,,,,,,,,,,,,,,,0,,0,0,,2,,,,,,,,,,,,,,,,,,,,,,,,,,,,,,,
ENG-Premier League,2324,Fulham,Luc De Fougerolles,,,,,,,,,,,,,,,,,,,,,,,,,,,,,,,,,,,0,,0,0,,5,,,,,,,,,,,,,,,,,,,,,,,,,,,,,,,
ENG-Premier League,2324,Fulham,Marek Rodák,,,,,,,,,,,,,,,,,,,,,,,,,,,,,,,,,,0.0,0,,0,0,,37,1.0,2,2,0,,,,,,,,,,,,,,,,,,,,,,,,,,,
ENG-Premier League,2324,Fulham,Matt Dibley-Dias,,,,,,,,,,,,,,,,,,,,,,,,,,,,,,,,,,,0,,0,0,,1,,,,,,,,,,,,,,,,,,,,,,,,,,,,,,,
ENG-Premier League,2324,Fulham,Tyrese Francois,,,,,,,,,,,,,,,,,,,,,,,,,,,,,,,,,,,0,,0,0,,5,,,,,,,,,,,,,,,,,,,,,,,,,,,,,,,
ENG-Premier League,2324,Liverpool,Adrián,,,,,,,,,,,,,,,,,,,,,,,,,,,,,,,,,,,0,,0,0,,15,,,,,,,,,,,,,,,,,,,,,,,,,,,,,,,
ENG-Premier League,2324,Liverpool,Amara Nallo,,,,,,,,,,,,,,,,,,,,,,,,,,,,,,,,,,,0,,0,0,,1,,,,,,,,,,,,,,,,,,,,,,,,,,,,,,,
ENG-Premier League,2324,Liverpool,Calum Scanlon,,,,,,,,,,,,,,,,,,,,,,,,,,,,,,,,,,,0,,0,0,,2,,,,,,,,,,,,,,,,,,,,,,,,,,,,,,,
ENG-Premier League,2324,Liverpool,Fabian Mrozek,,,,,,,,,,,,,,,,,,,,,,,,,,,,,,,,,,,0,,0,0,,1,,,,,,,,,,,,,,,,,,,,,,,,,,,,,,,
ENG-Premier League,2324,Liverpool,Lewis Koumas,,,,,,,,,,,,,,,,,,,,,,,,,,,,,,,,,,,0,,0,0,,3,,,,,,,,,,,,,,,,,,,,,,,,,,,,,,,
ENG-Premier League,2324,Liverpool,Luke Chambers,,,,,,,,,,,,,,,,,,,,,,,,,,,,,,,,,,,0,,0,0,,4,,,,,,,,,,,,,,,,,,,,,,,,,,,,,,,
ENG-Premier League,2324,Liverpool,Marcelo Pitaluga,,,,,,,,,,,,,,,,,,,,,,,,,,,,,,,,,,,0,,0,0,,1,,,,,,,,,,,,,,,,,,,,,,,,,,,,,,,
ENG-Premier League,2324,Liverpool,Trey Nyoni,,,,,,,,,,,,,,,,,,,,,,,,,,,,,,,,,,,0,,0,0,,2,,,,,,,,,,,,,,,,,,,,,,,,,,,,,,,
ENG-Premier League,2324,Luton Town,Aidan Francis,,,,,,,,,,,,,,,,,,,,,,,,,,,,,,,,,,,0,,0,0,,2,,,,,,,,,,,,,,,,,,,,,,,,,,,,,,,
ENG-Premier League,2324,Luton Town,Allan Campbell,,,,,,,,,,,,,,,,,,,,,,,,,,,,,,,,,,,0,,0,0,,1,,,,,,,,,,,,,,,,,,,,,,,,,,,,,,,
ENG-Premier League,2324,Luton Town,Axel Piesold,,,,,,,,,,,,,,,,,,,,,,,,,,,,,,,,,,,0,,0,0,,9,,,,,,,,,,,,,,,,,,,,,,,,,,,,,,,
ENG-Premier League,2324,Luton Town,Christian Chigozie,,,,,,,,,,,,,,,,,,,,,,,,,,,,,,,,,,,0,,0,0,,2,,,,,,,,,,,,,,,,,,,,,,,,,,,,,,,
ENG-Premier League,2324,Luton Town,Dan Potts,,,,,,,,,,,,,,,,,,,,,,,,,,,,,,,,,,,0,,0,0,,4,,,,,,,,,,,,,,,,,,,,,,,,,,,,,,,
ENG-Premier League,2324,Luton Town,Dominic Martins,,,,,,,,,,,,,,,,,,,,,,,,,,,,,,,,,,,0,,0,0,,2,,,,,,,,,,,,,,,,,,,,,,,,,,,,,,,
ENG-Premier League,2324,Luton Town,Jayden Luker,,,,,,,,,,,,,,,,,,,,,,,,,,,,,,,,,,,0,,0,0,,4,,,,,,,,,,,,,,,,,,,,,,,,,,,,,,,
ENG-Premier League,2324,Luton Town,John McAtee,,,,,,,,,,,,,,,,,,,,,,,,,,,,,,,,,,,0,,0,0,,1,,,,,,,,,,,,,,,,,,,,,,,,,,,,,,,
ENG-Premier League,2324,Luton Town,Taylan Harris,,,,,,,,,,,,,,,,,,,,,,,,,,,,,,,,,,,0,,0,0,,1,,,,,,,,,,,,,,,,,,,,,,,,,,,,,,,
ENG-Premier League,2324,Luton Town,Tim Krul,,,,,,,,,,,,,,,,,,,,,,,,,,,,,,,,,,,0,,0,0,,37,,,,,,,,,,,,,,,,,,,,,,,,,,,,,,,
ENG-Premier League,2324,Manchester City,Jacob Wright,,,,,,,,,,,,,,,,,,,,,,,,,,,,,,,,,,,0,,0,0,,1,,,,,,,,,,,,,,,,,,,,,,,,,,,,,,,
ENG-Premier League,2324,Manchester City,Mahamadou Susoho,,,,,,,,,,,,,,,,,,,,,,,,,,,,,,,,,,,0,,0,0,,6,,,,,,,,,,,,,,,,,,,,,,,,,,,,,,,
ENG-Premier League,2324,Manchester City,Micah Hamilton,,,,,,,,,,,,,,,,,,,,,,,,,,,,,,,,,,,0,,0,0,,2,,,,,,,,,,,,,,,,,,,,,,,,,,,,,,,
ENG-Premier League,2324,Manchester City,Máximo Perrone,,,,,,,,,,,,,,,,,,,,,,,,,,,,,,,,,,,0,,0,0,,1,,,,,,,,,,,,,,,,,,,,,,,,,,,,,,,
ENG-Premier League,2324,Manchester City,Scott Carson,,,,,,,,,,,,,,,,,,,,,,,,,,,,,,,,,,,0,,0,0,,13,,,,,,,,,,,,,,,,,,,,,,,,,,,,,,,
ENG-Premier League,2324,Manchester Utd,Altay Bayındır,,,,,,,,,,,,,,,,,,,,,,,,,,,,,,,,,,,0,,0,0,,33,,,,,,,,,,,,,,,,,,,,,,,,,,,,,,,
ENG-Premier League,2324,Manchester Utd,Dean Henderson,,,,,,,,,,,,,,,,,,,,,,,,,,,,,,,,,,,0,,0,0,,3,,,,,,,,,,,,,,,,,,,,,,,,,,,,,,,
ENG-Premier League,2324,Manchester Utd,Dermot Mee,,,,,,,,,,,,,,,,,,,,,,,,,,,,,,,,,,,0,,0,0,,1,,,,,,,,,,,,,,,,,,,,,,,,,,,,,,,
ENG-Premier League,2324,Manchester Utd,Habeeb Ogunneye,,,,,,,,,,,,,,,,,,,,,,,,,,,,,,,,,,,0,,0,0,,7,,,,,,,,,,,,,,,,,,,,,,,,,,,,,,,
ENG-Premier League,2324,Manchester Utd,Harry Amass,,,,,,,,,,,,,,,,,,,,,,,,,,,,,,,,,,,0,,0,0,,6,,,,,,,,,,,,,,,,,,,,,,,,,,,,,,,
ENG-Premier League,2324,Manchester Utd,Joe Hugill,,,,,,,,,,,,,,,,,,,,,,,,,,,,,,,,,,,0,,0,0,,1,,,,,,,,,,,,,,,,,,,,,,,,,,,,,,,
ENG-Premier League,2324,Manchester Utd,Louis Jackson,,,,,,,,,,,,,,,,,,,,,,,,,,,,,,,,,,,0,,0,0,,3,,,,,,,,,,,,,,,,,,,,,,,,,,,,,,,
ENG-Premier League,2324,Manchester Utd,Radek Vítek,,,,,,,,,,,,,,,,,,,,,,,,,,,,,,,,,,,0,,0,0,,1,,,,,,,,,,,,,,,,,,,,,,,,,,,,,,,
ENG-Premier League,2324,Manchester Utd,Rhys Bennett,,,,,,,,,,,,,,,,,,,,,,,,,,,,,,,,,,,0,,0,0,,1,,,,,,,,,,,,,,,,,,,,,,,,,,,,,,,
ENG-Premier League,2324,Manchester Utd,Toby Collyer,,,,,,,,,,,,,,,,,,,,,,,,,,,,,,,,,,,0,,0,0,,7,,,,,,,,,,,,,,,,,,,,,,,,,,,,,,,
ENG-Premier League,2324,Manchester Utd,Tom Heaton,,,,,,,,,,,,,,,,,,,,,,,,,,,,,,,,,,,0,,0,0,,4,,,,,,,,,,,,,,,,,,,,,,,,,,,,,,,
ENG-Premier League,2324,Manchester Utd,Álvaro Carreras,,,,,,,,,,,,,,,,,,,,,,,,,,,,,,,,,,,0,,0,0,,1,,,,,,,,,,,,,,,,,,,,,,,,,,,,,,,
ENG-Premier League,2324,Newcastle,Javier Manquillo,,,,,,,,,,,,,,,,,,,,,,,,,,,,,,,,,,,0,,0,0,,1,,,,,,,,,,,,,,,,,,,,,,,,,,,,,,,
ENG-Premier League,2324,Newcastle,Mark Gillespie,,,,,,,,,,,,,,,,,,,,,,,,,,,,,,,,,,,0,,0,0,,12,,,,,,,,,,,,,,,,,,,,,,,,,,,,,,,
ENG-Premier League,2324,Newcastle,Travis Hearnes,,,,,,,,,,,,,,,,,,,,,,,,,,,,,,,,,,,0,,0,0,,1,,,,,,,,,,,,,,,,,,,,,,,,,,,,,,,
ENG-Premier League,2324,Nottingham,Detlef Osong,,,,,,,,,,,,,,,,,,,,,,,,,,,,,,,,,,,0,,0,0,,1,,,,,,,,,,,,,,,,,,,,,,,,,,,,,,,
ENG-Premier League,2324,Nottingham,Ethan Horvath,,,,,,,,,,,,,,,,,,,,,,,,,,,,,,,,,,,0,,0,0,,4,,,,,,,,,,,,,,,,,,,,,,,,,,,,,,,
ENG-Premier League,2324,Nottingham,Hwang Ui-jo,,,,,,,,,,,,,,,,,,,,,,,,,,,,,,,,,,,0,,0,0,,2,,,,,,,,,,,,,,,,,,,,,,,,,,,,,,,
ENG-Premier League,2324,Nottingham,Jamie McDonnell,,,,,,,,,,,,,,,,,,,,,,,,,,,,,,,,,,,0,,0,0,,1,,,,,,,,,,,,,,,,,,,,,,,,,,,,,,,
ENG-Premier League,2324,Nottingham,Joe Gardner,,,,,,,,,,,,,,,,,,,,,,,,,,,,,,,,,,,0,,0,0,,2,,,,,,,,,,,,,,,,,,,,,,,,,,,,,,,
ENG-Premier League,2324,Nottingham,Lewis O'Brien,,,,,,,,,,,,,,,,,,,,,,,,,,,,,,,,,,,0,,0,0,,1,,,,,,,,,,,,,,,,,,,,,,,,,,,,,,,
ENG-Premier League,2324,Nottingham,Remo Freuler,,,,,,,,,,,,,,,,,,,,,,,,,,,,,,,,,,,0,,0,0,,3,,,,,,,,,,,,,,,,,,,,,,,,,,,,,,,
ENG-Premier League,2324,Nottingham,Wayne Hennessey,,,,,,,,,,,,,,,,,,,,,,,,,,,,,,,,,,,0,,0,0,,1,,,,,,,,,,,,,,,,,,,,,,,,,,,,,,,
ENG-Premier League,2324,Sheffield United,Adam Davies,,,,,,,,,,,,,,,,,,,,,,,,,,,,,,,,,,,0,,0,0,,18,,,,,,,,,,,,,,,,,,,,,,,,,,,,,,,
ENG-Premier League,2324,Sheffield United,Billy Blacker,,,,,,,,,,,,,,,,,,,,,,,,,,,,,,,,,,,0,,0,0,,1,,,,,,,,,,,,,,,,,,,,,,,,,,,,,,,
ENG-Premier League,2324,Sheffield United,Dovydas Sasnauskas,,,,,,,,,,,,,,,,,,,,,,,,,,,,,,,,,,,0,,0,0,,2,,,,,,,,,,,,,,,,,,,,,,,,,,,,,,,
ENG-Premier League,2324,Sheffield United,Femi Seriki,,,,,,,,,,,,,,,,,,,,,,,,,,,,,,,,,,,0,,0,0,,12,,,,,,,,,,,,,,,,,,,,,,,,,,,,,,,
ENG-Premier League,2324,Sheffield United,Ismaila Cheick Coulibaly,,,,,,,,,,,,,,,,,,,,,,,,,,,,,,,,,,,0,,0,0,,1,,,,,,,,,,,,,,,,,,,,,,,,,,,,,,,
ENG-Premier League,2324,Sheffield United,Jili Buyabu,,,,,,,,,,,,,,,,,,,,,,,,,,,,,,,,,,,0,,0,0,,2,,,,,,,,,,,,,,,,,,,,,,,,,,,,,,,
ENG-Premier League,2324,Sheffield United,Jordan Amissah,,,,,,,,,,,,,,,,,,,,,,,,,,,,,,,,,,,0,,0,0,,6,,,,,,,,,,,,,,,,,,,,,,,,,,,,,,,
ENG-Premier League,2324,Sheffield United,Louie Marsh,,,,,,,,,,,,,,,,,,,,,,,,,,,,,,,,,,,0,,0,0,,4,,,,,,,,,,,,,,,,,,,,,,,,,,,,,,,
ENG-Premier League,2324,Sheffield United,Owen Hampson,,,,,,,,,,,,,,,,,,,,,,,,,,,,,,,,,,,0,,0,0,,1,,,,,,,,,,,,,,,,,,,,,,,,,,,,,,,
ENG-Premier League,2324,Tottenham,Alfie Dorrington,,,,,,,,,,,,,,,,,,,,,,,,,,,,,,,,,,,0,,0,0,,10,,,,,,,,,,,,,,,,,,,,,,,,,,,,,,,
ENG-Premier League,2324,Tottenham,Alfie Whiteman,,,,,,,,,,,,,,,,,,,,,,,,,,,,,,,,,,,0,,0,0,,1,,,,,,,,,,,,,,,,,,,,,,,,,,,,,,,
ENG-Premier League,2324,Tottenham,Ashley Phillips,,,,,,,,,,,,,,,,,,,,,,,,,,,,,,,,,,,0,,0,0,,7,,,,,,,,,,,,,,,,,,,,,,,,,,,,,,,
ENG-Premier League,2324,Tottenham,Brandon Austin,,,,,,,,,,,,,,,,,,,,,,,,,,,,,,,,,,,0,,0,0,,18,,,,,,,,,,,,,,,,,,,,,,,,,,,,,,,
ENG-Premier League,2324,Tottenham,Fraser Forster,,,,,,,,,,,,,,,,,,,,,,,,,,,,,,,,,,,0,,0,0,,23,,,,,,,,,,,,,,,,,,,,,,,,,,,,,,,
ENG-Premier League,2324,Tottenham,Tyrese Hall,,,,,,,,,,,,,,,,,,,,,,,,,,,,,,,,,,,0,,0,0,,1,,,,,,,,,,,,,,,,,,,,,,,,,,,,,,,
ENG-Premier League,2324,Tottenham,Yago Santiago,,,,,,,,,,,,,,,,,,,,,,,,,,,,,,,,,,,0,,0,0,,3,,,,,,,,,,,,,,,,,,,,,,,,,,,,,,,
ENG-Premier League,2324,West Ham,Callum Marshall,,,,,,,,,,,,,,,,,,,,,,,,,,,,,,,,,,,0,,0,0,,1,,,,,,,,,,,,,,,,,,,,,,,,,,,,,,,
ENG-Premier League,2324,West Ham,Conor Coventry,,,,,,,,,,,,,,,,,,,,,,,,,,,,,,,,,,,0,,0,0,,2,,,,,,,,,,,,,,,,,,,,,,,,,,,,,,,
ENG-Premier League,2324,West Ham,Joseph Anang,,,,,,,,,,,,,,,,,,,,,,,,,,,,,,,,,,,0,,0,0,,7,,,,,,,,,,,,,,,,,,,,,,,,,,,,,,,
ENG-Premier League,2324,West Ham,Levi Laing,,,,,,,,,,,,,,,,,,,,,,,,,,,,,,,,,,,0,,0,0,,1,,,,,,,,,,,,,,,,,,,,,,,,,,,,,,,
ENG-Premier League,2324,West Ham,Lewis Orford,,,,,,,,,,,,,,,,,,,,,,,,,,,,,,,,,,,0,,0,0,,4,,,,,,,,,,,,,,,,,,,,,,,,,,,,,,,
ENG-Premier League,2324,West Ham,Oliver Scarles,,,,,,,,,,,,,,,,,,,,,,,,,,,,,,,,,,,0,,0,0,,5,,,,,,,,,,,,,,,,,,,,,,,,,,,,,,,
ENG-Premier League,2324,Wolves,Fletcher Holman,,,,,,,,,,,,,,,,,,,,,,,,,,,,,,,,,,,0,,0,0,,3,,,,,,,,,,,,,,,,,,,,,,,,,,,,,,,
ENG-Premier League,2324,Wolves,Harvey Griffiths,,,,,,,,,,,,,,,,,,,,,,,,,,,,,,,,,,,0,,0,0,,2,,,,,,,,,,,,,,,,,,,,,,,,,,,,,,,
ENG-Premier League,2324,Wolves,Joe Hodge,,,,,,,,,,,,,,,,,,,,,,,,,,,,,,,,,,,0,,0,0,,9,,,,,,,,,,,,,,,,,,,,,,,,,,,,,,,
ENG-Premier League,2324,Wolves,Justin Hubner,,,,,,,,,,,,,,,,,,,,,,,,,,,,,,,,,,,0,,0,0,,1,,,,,,,,,,,,,,,,,,,,,,,,,,,,,,,
ENG-Premier League,2324,Wolves,Matthew Whittingham,,,,,,,,,,,,,,,,,,,,,,,,,,,,,,,,,,,0,,0,0,,1,,,,,,,,,,,,,,,,,,,,,,,,,,,,,,,
ENG-Premier League,2324,Wolves,Noha Lemina,,,,,,,,,,,,,,,,,,,,,,,,,,,,,,,,,,,0,,0,0,,5,,,,,,,,,,,,,,,,,,,,,,,,,,,,,,,
ENG-Premier League,2324,Wolves,Owen Hesketh,,,,,,,,,,,,,,,,,,,,,,,,,,,,,,,,,,,0,,0,0,,1,,,,,,,,,,,,,,,,,,,,,,,,,,,,,,,
ENG-Premier League,2324,Wolves,Temple Ojinnaka,,,,,,,,,,,,,,,,,,,,,,,,,,,,,,,,,,,0,,0,0,,1,,,,,,,,,,,,,,,,,,,,,,,,,,,,,,,
ENG-Premier League,2324,Wolves,Tom King,,,,,,,,,,,,,,,,,,,,,,,,,,,,,,,,,,,0,,0,0,,4,,,,,,,,,,,,,,,,,,,,,,,,,,,,,,,
ENG-Premier League,2324,Wolves,Ty Barnett,,,,,,,,,,,,,,,,,,,,,,,,,,,,,,,,,,,0,,0,0,,6,,,,,,,,,,,,,,,,,,,,,,,,,,,,,,,
ENG-Premier League,2324,Wolves,Wesley Okoduwa,,,,,,,,,,,,,,,,,,,,,,,,,,,,,,,,,,,0,,0,0,,5,,,,,,,,,,,,,,,,,,,,,,,,,,,,,,,
ENG-Premier League,2324,Wolves,Yerson Mosquera,,,,,,,,,,,,,,,,,,,,,,,,,,,,,,,,,,,0,,0,0,,1,,,,,,,,,,,,,,,,,,,,,,,,,,,,,,,
ESP-La Liga,2324,Alavés,Adrian Rodriguez,,,,,,,,,,,,,,,,,,,,,,,,,,,,,,,,,,,0,,0,0,,16,,,,,,,,,,,,,,,,,,,,,,,,,,,,,,,
ESP-La Liga,2324,Alavés,Ander Sánchez,,,,,,,,,,,,,,,,,,,,,,,,,,,,,,,,,,,0,,0,0,,3,,,,,,,,,,,,,,,,,,,,,,,,,,,,,,,
ESP-La Liga,2324,Alavés,Egoitz Muñoz,,,,,,,,,,,,,,,,,,,,,,,,,,,,,,,,,,,0,,0,0,,5,,,,,,,,,,,,,,,,,,,,,,,,,,,,,,,
ESP-La Liga,2324,Alavés,Gaizka García,,,,,,,,,,,,,,,,,,,,,,,,,,,,,,,,,,,0,,0,0,,2,,,,,,,,,,,,,,,,,,,,,,,,,,,,,,,
ESP-La Liga,2324,Alavés,George Gagua,,,,,,,,,,,,,,,,,,,,,,,,,,,,,,,,,,,0,,0,0,,1,,,,,,,,,,,,,,,,,,,,,,,,,,,,,,,
ESP-La Liga,2324,Alavés,Joseda,,,,,,,,,,,,,,,,,,,,,,,,,,,,,,,,,,,0,,0,0,,4,,,,,,,,,,,,,,,,,,,,,,,,,,,,,,,
ESP-La Liga,2324,Alavés,Nikola Maraš,,,,,,,,,,,,,,,,,,,,,,,,,,,,,,,,,,,0,,0,0,,20,,,,,,,,,,,,,,,,,,,,,,,,,,,,,,,
ESP-La Liga,2324,Alavés,Rubén Montero,,,,,,,,,,,,,,,,,,,,,,,,,,,,,,,,,,,0,,0,0,,5,,,,,,,,,,,,,,,,,,,,,,,,,,,,,,,
ESP-La Liga,2324,Alavés,Selu Diallo,,,,,,,,,,,,,,,,,,,,,,,,,,,,,,,,,,,0,,0,0,,9,,,,,,,,,,,,,,,,,,,,,,,,,,,,,,,
ESP-La Liga,2324,Alavés,Álvaro García,,,,,,,,,,,,,,,,,,,,,,,,,,,,,,,,,,,0,,0,0,,1,,,,,,,,,,,,,,,,,,,,,,,,,,,,,,,
ESP-La Liga,2324,Almería,Arvin Appiah,,,,,,,,,,,,,,,,,,,,,,,,,,,,,,,,,,,0,,0,0,,1,,,,,,,,,,,,,,,,,,,,,,,,,,,,,,,
ESP-La Liga,2324,Almería,Bruno Iribarne,,,,,,,,,,,,,,,,,,,,,,,,,,,,,,,,,,,0,,0,0,,1,,,,,,,,,,,,,,,,,,,,,,,,,,,,,,,
ESP-La Liga,2324,Almería,Gui Guedes,,,,,,,,,,,,,,,,,,,,,,,,,,,,,,,,,,,0,,0,0,,3,,,,,,,,,,,,,,,,,,,,,,,,,,,,,,,
ESP-La Liga,2324,Almería,Martin Šviderský,,,,,,,,,,,,,,,,,,,,,,,,,,,,,,,,,,,0,,0,0,,4,,,,,,,,,,,,,,,,,,,,,,,,,,,,,,,
ESP-La Liga,2324,Athletic Club,Alex Padilla,,,,,,,,,,,,,,,,,,,,,,,,,,,,,,,,,,,0,,0,0,,2,,,,,,,,,,,,,,,,,,,,,,,,,,,,,,,
ESP-La Liga,2324,Athletic Club,Hugo Rincón,,,,,,,,,,,,,,,,,,,,,,,,,,,,,,,,,,,0,,0,0,,11,,,,,,,,,,,,,,,,,,,,,,,,,,,,,,,
ESP-La Liga,2324,Athletic Club,Javi Martón,,,,,,,,,,,,,,,,,,,,,,,,,,,,,,,,,,,0,,0,0,,3,,,,,,,,,,,,,,,,,,,,,,,,,,,,,,,
ESP-La Liga,2324,Athletic Club,Unai Eguíluz,,,,,,,,,,,,,,,,,,,,,,,,,,,,,,,,,,,0,,0,0,,9,,,,,,,,,,,,,,,,,,,,,,,,,,,,,,,
ESP-La Liga,2324,Atlético Madrid,Adrian Niño,,,,,,,,,,,,,,,,,,,,,,,,,,,,,,,,,,,0,,0,0,,2,,,,,,,,,,,,,,,,,,,,,,,,,,,,,,,
ESP-La Liga,2324,Atlético Madrid,Aitor Gismera,,,,,,,,,,,,,,,,,,,,,,,,,,,,,,,,,,,0,,0,0,,3,,,,,,,,,,,,,,,,,,,,,,,,,,,,,,,
ESP-La Liga,2324,Atlético Madrid,Antonio Gomis,,,,,,,,,,,,,,,,,,,,,,,,,,,,,,,,,,,0,,0,0,,38,,,,,,,,,,,,,,,,,,,,,,,,,,,,,,,
ESP-La Liga,2324,Atlético Madrid,Horaţiu Moldovan,,,,,,,,,,,,,,,,,,,,,,,,,,,,,,,,,,,0,,0,0,,18,,,,,,,,,,,,,,,,,,,,,,,,,,,,,,,
ESP-La Liga,2324,Atlético Madrid,Ilias Kostis,,,,,,,,,,,,,,,,,,,,,,,,,,,,,,,,,,,0,,0,0,,7,,,,,,,,,,,,,,,,,,,,,,,,,,,,,,,
ESP-La Liga,2324,Atlético Madrid,Ivo Grbić,,,,,,,,,,,,,,,,,,,,,,,,,,,,,,,,,,,0,,0,0,,18,,,,,,,,,,,,,,,,,,,,,,,,,,,,,,,
ESP-La Liga,2324,Atlético Madrid,João Félix,,,,,,,,,,,,,,,,,,,,,,,,,,,,,,,,,,,0,,0,0,,2,,,,,,,,,,,,,,,,,,,,,,,,,,,,,,,
ESP-La Liga,2324,Atlético Madrid,Marco Moreno,,,,,,,,,,,,,,,,,,,,,,,,,,,,,,,,,,,0,,0,0,,6,,,,,,,,,,,,,,,,,,,,,,,,,,,,,,,
ESP-La Liga,2324,Atlético Madrid,Rayane Belaid,,,,,,,,,,,,,,,,,,,,,,,,,,,,,,,,,,,0,,0,0,,1,,,,,,,,,,,,,,,,,,,,,,,,,,,,,,,
ESP-La Liga,2324,Atlético Madrid,Sergio Mestre,,,,,,,,,,,,,,,,,,,,,,,,,,,,,,,,,,,0,,0,0,,1,,,,,,,,,,,,,,,,,,,,,,,,,,,,,,,
ESP-La Liga,2324,Barcelona,Aleix Garrido,,,,,,,,,,,,,,,,,,,,,,,,,,,,,,,,,,,0,,0,0,,1,,,,,,,,,,,,,,,,,,,,,,,,,,,,,,,
ESP-La Liga,2324,Barcelona,Ander Astralaga,,,,,,,,,,,,,,,,,,,,,,,,,,,,,,,,,,,0,,0,0,,23,,,,,,,,,,,,,,,,,,,,,,,,,,,,,,,
ESP-La Liga,2324,Barcelona,Diego Kochen,,,,,,,,,,,,,,,,,,,,,,,,,,,,,,,,,,,0,,0,0,,26,,,,,,,,,,,,,,,,,,,,,,,,,,,,,,,
ESP-La Liga,2324,Barcelona,Mikayil Ngor Faye,,,,,,,,,,,,,,,,,,,,,,,,,,,,,,,,,,,0,,0,0,,3,,,,,,,,,,,,,,,,,,,,,,,,,,,,,,,
ESP-La Liga,2324,Barcelona,Pau Prim,,,,,,,,,,,,,,,,,,,,,,,,,,,,,,,,,,,0,,0,0,,1,,,,,,,,,,,,,,,,,,,,,,,,,,,,,,,
ESP-La Liga,2324,Barcelona,Pau Victor,,,,,,,,,,,,,,,,,,,,,,,,,,,,,,,,,,,0,,0,0,,3,,,,,,,,,,,,,,,,,,,,,,,,,,,,,,,
ESP-La Liga,2324,Barcelona,Unai Hernandez,,,,,,,,,,,,,,,,,,,,,,,,,,,,,,,,,,,0,,0,0,,7,,,,,,,,,,,,,,,,,,,,,,,,,,,,,,,
ESP-La Liga,2324,Barcelona,Áron Yaakobishvili,,,,,,,,,,,,,,,,,,,,,,,,,,,,,,,,,,,0,,0,0,,1,,,,,,,,,,,,,,,,,,,,,,,,,,,,,,,
ESP-La Liga,2324,Celta Vigo,Agustín Marchesín,,,,,,,,,,,,,,,,,,,,,,,,,,,,,,,,,,,0,,0,0,,18,,,,,,,,,,,,,,,,,,,,,,,,,,,,,,,
ESP-La Liga,2324,Celta Vigo,Coke Carrillo,,,,,,,,,,,,,,,,,,,,,,,,,,,,,,,,,,,0,,0,0,,13,,,,,,,,,,,,,,,,,,,,,,,,,,,,,,,
ESP-La Liga,2324,Celta Vigo,César Fernández,,,,,,,,,,,,,,,,,,,,,,,,,,,,,,,,,,,0,,0,0,,1,,,,,,,,,,,,,,,,,,,,,,,,,,,,,,,
ESP-La Liga,2324,Celta Vigo,Gonçalo Paciência,,,,,,,,,,,,,,,,,,,,,,,,,,,,,,,,,,,0,,0,0,,1,,,,,,,,,,,,,,,,,,,,,,,,,,,,,,,
ESP-La Liga,2324,Celta Vigo,Javi Rodríguez,,,,,,,,,,,,,,,,,,,,,,,,,,,,,,,,,,,0,,0,0,,6,,,,,,,,,,,,,,,,,,,,,,,,,,,,,,,
ESP-La Liga,2324,Celta Vigo,Javier Dominguez,,,,,,,,,,,,,,,,,,,,,,,,,,,,,,,,,,,0,,0,0,,3,,,,,,,,,,,,,,,,,,,,,,,,,,,,,,,
ESP-La Liga,2324,Celta Vigo,Ruly,,,,,,,,,,,,,,,,,,,,,,,,,,,,,,,,,,,0,,0,0,,4,,,,,,,,,,,,,,,,,,,,,,,,,,,,,,,
ESP-La Liga,2324,Cádiz,Alejandro Morata,,,,,,,,,,,,,,,,,,,,,,,,,,,,,,,,,,,0,,0,0,,2,,,,,,,,,,,,,,,,,,,,,,,,,,,,,,,
ESP-La Liga,2324,Cádiz,Aristide Njalla,,,,,,,,,,,,,,,,,,,,,,,,,,,,,,,,,,,0,,0,0,,1,,,,,,,,,,,,,,,,,,,,,,,,,,,,,,,
ESP-La Liga,2324,Cádiz,José Antonio,,,,,,,,,,,,,,,,,,,,,,,,,,,,,,,,,,,0,,0,0,,2,,,,,,,,,,,,,,,,,,,,,,,,,,,,,,,
ESP-La Liga,2324,Cádiz,Nando Almodóvar,,,,,,,,,,,,,,,,,,,,,,,,,,,,,,,,,,,0,,0,0,,1,,,,,,,,,,,,,,,,,,,,,,,,,,,,,,,
ESP-La Liga,2324,Cádiz,Victor Wehbi,,,,,,,,,,,,,,,,,,,,,,,,,,,,,,,,,,,0,,0,0,,5,,,,,,,,,,,,,,,,,,,,,,,,,,,,,,,
ESP-La Liga,2324,Cádiz,Álvaro Bastida,,,,,,,,,,,,,,,,,,,,,,,,,,,,,,,,,,,0,,0,0,,2,,,,,,,,,,,,,,,,,,,,,,,,,,,,,,,
ESP-La Liga,2324,Getafe,Alejandro Herranz,,,,,,,,,,,,,,,,,,,,,,,,,,,,,,,,,,,0,,0,0,,2,,,,,,,,,,,,,,,,,,,,,,,,,,,,,,,
ESP-La Liga,2324,Getafe,Diego López,,,,,,,,,,,,,,,,,,,,,,,,,,,,,,,,,,,0,,0,0,,3,,,,,,,,,,,,,,,,,,,,,,,,,,,,,,,
ESP-La Liga,2324,Getafe,Djordjije Medenica,,,,,,,,,,,,,,,,,,,,,,,,,,,,,,,,,,,0,,0,0,,7,,,,,,,,,,,,,,,,,,,,,,,,,,,,,,,
ESP-La Liga,2324,Getafe,Facundo Esnáider,,,,,,,,,,,,,,,,,,,,,,,,,,,,,,,,,,,0,,0,0,,2,,,,,,,,,,,,,,,,,,,,,,,,,,,,,,,
ESP-La Liga,2324,Getafe,John Joe,,,,,,,,,,,,,,,,,,,,,,,,,,,,,,,,,,,0,,0,0,,6,,,,,,,,,,,,,,,,,,,,,,,,,,,,,,,
ESP-La Liga,2324,Getafe,Jorge Benito,,,,,,,,,,,,,,,,,,,,,,,,,,,,,,,,,,,0,,0,0,,15,,,,,,,,,,,,,,,,,,,,,,,,,,,,,,,
ESP-La Liga,2324,Getafe,Sergio Gimeno,,,,,,,,,,,,,,,,,,,,,,,,,,,,,,,,,,,0,,0,0,,2,,,,,,,,,,,,,,,,,,,,,,,,,,,,,,,
ESP-La Liga,2324,Girona,Borja García,,,,,,,,,,,,,,,,,,,,,,,,,,,,,,,,,,,0,,0,0,,10,,,,,,,,,,,,,,,,,,,,,,,,,,,,,,,
ESP-La Liga,2324,Girona,Carles Garrido,,,,,,,,,,,,,,,,,,,,,,,,,,,,,,,,,,,0,,0,0,,1,,,,,,,,,,,,,,,,,,,,,,,,,,,,,,,
ESP-La Liga,2324,Girona,Eric Monjonell,,,,,,,,,,,,,,,,,,,,,,,,,,,,,,,,,,,0,,0,0,,2,,,,,,,,,,,,,,,,,,,,,,,,,,,,,,,
ESP-La Liga,2324,Girona,Iker Almena,,,,,,,,,,,,,,,,,,,,,,,,,,,,,,,,,,,0,,0,0,,5,,,,,,,,,,,,,,,,,,,,,,,,,,,,,,,
ESP-La Liga,2324,Girona,Juan Carlos,,,,,,,,,,,,,,,,,,,,,,,,,,,,,,,,,,0.0,0,,0,0,,30,0.0,2,3,-1,,,,,,,,,,,,,,,,,,,,,,,,,,,
ESP-La Liga,2324,Girona,Manu Vallejo,,,,,,,,,,,,,,,,,,,,,,,,,,,,,,,,,,,0,,0,0,,2,,,,,,,,,,,,,,,,,,,,,,,,,,,,,,,
ESP-La Liga,2324,Girona,Ricard Artero,,,,,,,,,,,,,,,,,,,,,,,,,,,,,,,,,,,0,,0,0,,5,,,,,,,,,,,,,,,,,,,,,,,,,,,,,,,
ESP-La Liga,2324,Girona,Santiago Bueno,,,,,,,,,,,,,,,,,,,,,,,,,,,,,,,,,,,0,,0,0,,1,,,,,,,,,,,,,,,,,,,,,,,,,,,,,,,
ESP-La Liga,2324,Girona,Toni Fuidias,,,,,,,,,,,,,,,,,,,,,,,,,,,,,,,,,,,0,,0,0,,38,,,,,,,,,,,,,,,,,,,,,,,,,,,,,,,
ESP-La Liga,2324,Granada,Adrián López,,,,,,,,,,,,,,,,,,,,,,,,,,,,,,,,,,,0,,0,0,,25,,,,,,,,,,,,,,,,,,,,,,,,,,,,,,,
ESP-La Liga,2324,Granada,Eghosa Bello,,,,,,,,,,,,,,,,,,,,,,,,,,,,,,,,,,,0,,0,0,,1,,,,,,,,,,,,,,,,,,,,,,,,,,,,,,,
ESP-La Liga,2324,Granada,Fran Árbol,,,,,,,,,,,,,,,,,,,,,,,,,,,,,,,,,,,0,,0,0,,2,,,,,,,,,,,,,,,,,,,,,,,,,,,,,,,
ESP-La Liga,2324,Granada,Lassina Sangare,,,,,,,,,,,,,,,,,,,,,,,,,,,,,,,,,,,0,,0,0,,2,,,,,,,,,,,,,,,,,,,,,,,,,,,,,,,
ESP-La Liga,2324,Granada,Mario González,,,,,,,,,,,,,,,,,,,,,,,,,,,,,,,,,,,0,,0,0,,1,,,,,,,,,,,,,,,,,,,,,,,,,,,,,,,
ESP-La Liga,2324,Granada,Pol Tristán,,,,,,,,,,,,,,,,,,,,,,,,,,,,,,,,,,,0,,0,0,,1,,,,,,,,,,,,,,,,,,,,,,,,,,,,,,,
ESP-La Liga,2324,Las Palmas,Ale Gorrin,,,,,,,,,,,,,,,,,,,,,,,,,,,,,,,,,,,0,,0,0,,20,,,,,,,,,,,,,,,,,,,,,,,,,,,,,,,
ESP-La Liga,2324,Las Palmas,Pau Ferrer,,,,,,,,,,,,,,,,,,,,,,,,,,,,,,,,,,,0,,0,0,,1,,,,,,,,,,,,,,,,,,,,,,,,,,,,,,,
ESP-La Liga,2324,Las Palmas,Álvaro Killane,,,,,,,,,,,,,,,,,,,,,,,,,,,,,,,,,,,0,,0,0,,1,,,,,,,,,,,,,,,,,,,,,,,,,,,,,,,
ESP-La Liga,2324,Mallorca,Alex Quevedo,,,,,,,,,,,,,,,,,,,,,,,,,,,,,,,,,,,0,,0,0,,1,,,,,,,,,,,,,,,,,,,,,,,,,,,,,,,
ESP-La Liga,2324,Mallorca,Daniel Luna,,,,,,,,,,,,,,,,,,,,,,,,,,,,,,,,,,,0,,0,0,,13,,,,,,,,,,,,,,,,,,,,,,,,,,,,,,,
ESP-La Liga,2324,Mallorca,David López,,,,,,,,,,,,,,,,,,,,,,,,,,,,,,,,,,,0,,0,0,,12,,,,,,,,,,,,,,,,,,,,,,,,,,,,,,,
ESP-La Liga,2324,Mallorca,Marcos Fernández Cózar,,,,,,,,,,,,,,,,,,,,,,,,,,,,,,,,,,,0,,0,0,,4,,,,,,,,,,,,,,,,,,,,,,,,,,,,,,,
ESP-La Liga,2324,Mallorca,Miguelito,,,,,,,,,,,,,,,,,,,,,,,,,,,,,,,,,,,0,,0,0,,2,,,,,,,,,,,,,,,,,,,,,,,,,,,,,,,
ESP-La Liga,2324,Mallorca,Pau Mascaró,,,,,,,,,,,,,,,,,,,,,,,,,,,,,,,,,,,0,,0,0,,3,,,,,,,,,,,,,,,,,,,,,,,,,,,,,,,
ESP-La Liga,2324,Mallorca,Pere Joan,,,,,,,,,,,,,,,,,,,,,,,,,,,,,,,,,,,0,,0,0,,3,,,,,,,,,,,,,,,,,,,,,,,,,,,,,,,
ESP-La Liga,2324,Mallorca,Rubén Quintanilla,,,,,,,,,,,,,,,,,,,,,,,,,,,,,,,,,,,0,,0,0,,8,,,,,,,,,,,,,,,,,,,,,,,,,,,,,,,
ESP-La Liga,2324,Mallorca,Yuzún Ley,,,,,,,,,,,,,,,,,,,,,,,,,,,,,,,,,,,0,,0,0,,7,,,,,,,,,,,,,,,,,,,,,,,,,,,,,,,
ESP-La Liga,2324,Osasuna,Dimitrios Stamatakis,,,,,,,,,,,,,,,,,,,,,,,,,,,,,,,,,,,0,,0,0,,9,,,,,,,,,,,,,,,,,,,,,,,,,,,,,,,
ESP-La Liga,2324,Osasuna,Javi Martínez,,,,,,,,,,,,,,,,,,,,,,,,,,,,,,,,,,,0,,0,0,,2,,,,,,,,,,,,,,,,,,,,,,,,,,,,,,,
ESP-La Liga,2324,Osasuna,Pablo Valencia,,,,,,,,,,,,,,,,,,,,,,,,,,,,,,,,,,,0,,0,0,,19,,,,,,,,,,,,,,,,,,,,,,,,,,,,,,,
ESP-La Liga,2324,Rayo Vallecano,Jorge Moreno,,,,,,,,,,,,,,,,,,,,,,,,,,,,,,,,,,,0,,0,0,,1,,,,,,,,,,,,,,,,,,,,,,,,,,,,,,,
ESP-La Liga,2324,Rayo Vallecano,Martín Pascual,,,,,,,,,,,,,,,,,,,,,,,,,,,,,,,,,,,0,,0,0,,25,,,,,,,,,,,,,,,,,,,,,,,,,,,,,,,
ESP-La Liga,2324,Rayo Vallecano,Morro,,,,,,,,,,,,,,,,,,,,,,,,,,,,,,,,,,,0,,0,0,,1,,,,,,,,,,,,,,,,,,,,,,,,,,,,,,,
ESP-La Liga,2324,Rayo Vallecano,Pablo Muñoz,,,,,,,,,,,,,,,,,,,,,,,,,,,,,,,,,,,0,,0,0,,1,,,,,,,,,,,,,,,,,,,,,,,,,,,,,,,
ESP-La Liga,2324,Real Betis,Daniel Guerrero,,,,,,,,,,,,,,,,,,,,,,,,,,,,,,,,,,,0,,0,0,,1,,,,,,,,,,,,,,,,,,,,,,,,,,,,,,,
ESP-La Liga,2324,Real Betis,Enrique,,,,,,,,,,,,,,,,,,,,,,,,,,,,,,,,,,,0,,0,0,,2,,,,,,,,,,,,,,,,,,,,,,,,,,,,,,,
ESP-La Liga,2324,Real Betis,Guilherme Fernandes,,,,,,,,,,,,,,,,,,,,,,,,,,,,,,,,,,,0,,0,0,,8,,,,,,,,,,,,,,,,,,,,,,,,,,,,,,,
ESP-La Liga,2324,Real Betis,Nobel Mendy,,,,,,,,,,,,,,,,,,,,,,,,,,,,,,,,,,,0,,0,0,,4,,,,,,,,,,,,,,,,,,,,,,,,,,,,,,,
ESP-La Liga,2324,Real Betis,Xavi Pleguezuelo,,,,,,,,,,,,,,,,,,,,,,,,,,,,,,,,,,,0,,0,0,,7,,,,,,,,,,,,,,,,,,,,,,,,,,,,,,,
ESP-La Liga,2324,Real Madrid,Álvaro Carrillo,,,,,,,,,,,,,,,,,,,,,,,,,,,,,,,,,,,0,,0,0,,3,,,,,,,,,,,,,,,,,,,,,,,,,,,,,,,
ESP-La Liga,2324,Real Madrid,Diego Piñeiro,,,,,,,,,,,,,,,,,,,,,,,,,,,,,,,,,,,0,,0,0,,14,,,,,,,,,,,,,,,,,,,,,,,,,,,,,,,
ESP-La Liga,2324,Real Madrid,Edgar Pujol,,,,,,,,,,,,,,,,,,,,,,,,,,,,,,,,,,,0,,0,0,,1,,,,,,,,,,,,,,,,,,,,,,,,,,,,,,,
ESP-La Liga,2324,Real Madrid,Fran,,,,,,,,,,,,,,,,,,,,,,,,,,,,,,,,,,,0,,0,0,,10,,,,,,,,,,,,,,,,,,,,,,,,,,,,,,,
ESP-La Liga,2324,Real Madrid,Fran González,,,,,,,,,,,,,,,,,,,,,,,,,,,,,,,,,,,0,,0,0,,5,,,,,,,,,,,,,,,,,,,,,,,,,,,,,,,
ESP-La Liga,2324,Real Madrid,Jacobo Ramón,,,,,,,,,,,,,,,,,,,,,,,,,,,,,,,,,,,0,,0,0,,3,,,,,,,,,,,,,,,,,,,,,,,,,,,,,,,
ESP-La Liga,2324,Real Madrid,Lucas Cañizares,,,,,,,,,,,,,,,,,,,,,,,,,,,,,,,,,,,0,,0,0,,4,,,,,,,,,,,,,,,,,,,,,,,,,,,,,,,
ESP-La Liga,2324,Real Madrid,Mario de Luis,,,,,,,,,,,,,,,,,,,,,,,,,,,,,,,,,,,0,,0,0,,3,,,,,,,,,,,,,,,,,,,,,,,,,,,,,,,
ESP-La Liga,2324,Real Madrid,Theo Zidane,,,,,,,,,,,,,,,,,,,,,,,,,,,,,,,,,,,0,,0,0,,1,,,,,,,,,,,,,,,,,,,,,,,,,,,,,,,
ESP-La Liga,2324,Real Madrid,Vinicius Tobias,,,,,,,,,,,,,,,,,,,,,,,,,,,,,,,,,,,0,,0,0,,2,,,,,,,,,,,,,,,,,,,,,,,,,,,,,,,
ESP-La Liga,2324,Real Madrid,Álvaro Odriozola,,,,,,,,,,,,,,,,,,,,,,,,,,,,,,,,,,,0,,0,0,,2,,,,,,,,,,,,,,,,,,,,,,,,,,,,,,,
ESP-La Liga,2324,Real Sociedad,Aitor Fraga,,,,,,,,,,,,,,,,,,,,,,,,,,,,,,,,,,,0,,0,0,,11,,,,,,,,,,,,,,,,,,,,,,,,,,,,,,,
ESP-La Liga,2324,Real Sociedad,Bryan Fiabema,,,,,,,,,,,,,,,,,,,,,,,,,,,,,,,,,,,0,,0,0,,2,,,,,,,,,,,,,,,,,,,,,,,,,,,,,,,
ESP-La Liga,2324,Real Sociedad,Diego Rico,,,,,,,,,,,,,,,,,,,,,,,,,,,,,,,,,,,0,,0,0,,3,,,,,,,,,,,,,,,,,,,,,,,,,,,,,,,
ESP-La Liga,2324,Real Sociedad,Gaizka Ayesa,,,,,,,,,,,,,,,,,,,,,,,,,,,,,,,,,,,0,,0,0,,8,,,,,,,,,,,,,,,,,,,,,,,,,,,,,,,
ESP-La Liga,2324,Real Sociedad,Iñaki Rupérez,,,,,,,,,,,,,,,,,,,,,,,,,,,,,,,,,,,0,,0,0,,8,,,,,,,,,,,,,,,,,,,,,,,,,,,,,,,
ESP-La Liga,2324,Real Sociedad,Jon Karrikaburu,,,,,,,,,,,,,,,,,,,,,,,,,,,,,,,,,,,0,,0,0,,2,,,,,,,,,,,,,,,,,,,,,,,,,,,,,,,
ESP-La Liga,2324,Real Sociedad,Pablo Marín,,,,,,,,,,,,,,,,,,,,,,,,,,,,,,,,,,,0,,0,0,,12,,,,,,,,,,,,,,,,,,,,,,,,,,,,,,,
ESP-La Liga,2324,Real Sociedad,Roberto Navarro,,,,,,,,,,,,,,,,,,,,,,,,,,,,,,,,,,,0,,0,0,,3,,,,,,,,,,,,,,,,,,,,,,,,,,,,,,,
ESP-La Liga,2324,Sevilla,Alberto López,,,,,,,,,,,,,,,,,,,,,,,,,,,,,,,,,,,0,,0,0,,21,,,,,,,,,,,,,,,,,,,,,,,,,,,,,,,
ESP-La Liga,2324,Sevilla,Darío Fuentes,,,,,,,,,,,,,,,,,,,,,,,,,,,,,,,,,,,0,,0,0,,11,,,,,,,,,,,,,,,,,,,,,,,,,,,,,,,
ESP-La Liga,2324,Sevilla,Gonzalo Montiel,,,,,,,,,,,,,,,,,,,,,,,,,,,,,,,,,,,0,,0,0,,1,,,,,,,,,,,,,,,,,,,,,,,,,,,,,,,
ESP-La Liga,2324,Sevilla,Ibrahima Sow,,,,,,,,,,,,,,,,,,,,,,,,,,,,,,,,,,,0,,0,0,,3,,,,,,,,,,,,,,,,,,,,,,,,,,,,,,,
ESP-La Liga,2324,Sevilla,Lulo Dasilva,,,,,,,,,,,,,,,,,,,,,,,,,,,,,,,,,,,0,,0,0,,4,,,,,,,,,,,,,,,,,,,,,,,,,,,,,,,
ESP-La Liga,2324,Sevilla,Matías Árbol,,,,,,,,,,,,,,,,,,,,,,,,,,,,,,,,,,,0,,0,0,,14,,,,,,,,,,,,,,,,,,,,,,,,,,,,,,,
ESP-La Liga,2324,Sevilla,Miguel Capitas,,,,,,,,,,,,,,,,,,,,,,,,,,,,,,,,,,,0,,0,0,,1,,,,,,,,,,,,,,,,,,,,,,,,,,,,,,,
ESP-La Liga,2324,Sevilla,Papu Gómez,,,,,,,,,,,,,,,,,,,,,,,,,,,,,,,,,,,0,,0,0,,3,,,,,,,,,,,,,,,,,,,,,,,,,,,,,,,
ESP-La Liga,2324,Sevilla,Rafa,,,,,,,,,,,,,,,,,,,,,,,,,,,,,,,,,,,0,,0,0,,4,,,,,,,,,,,,,,,,,,,,,,,,,,,,,,,
ESP-La Liga,2324,Sevilla,Stanis Idumbo,,,,,,,,,,,,,,,,,,,,,,,,,,,,,,,,,,,0,,0,0,,6,,,,,,,,,,,,,,,,,,,,,,,,,,,,,,,
ESP-La Liga,2324,Sevilla,Xavi Sintes,,,,,,,,,,,,,,,,,,,,,,,,,,,,,,,,,,,0,,0,0,,3,,,,,,,,,,,,,,,,,,,,,,,,,,,,,,,
ESP-La Liga,2324,Valencia,David Otorbi,,,,,,,,,,,,,,,,,,,,,,,,,,,,,,,,,,,0,,0,0,,5,,,,,,,,,,,,,,,,,,,,,,,,,,,,,,,
ESP-La Liga,2324,Valencia,Marco Camús,,,,,,,,,,,,,,,,,,,,,,,,,,,,,,,,,,,0,,0,0,,1,,,,,,,,,,,,,,,,,,,,,,,,,,,,,,,
ESP-La Liga,2324,Valencia,Martín Tejón,,,,,,,,,,,,,,,,,,,,,,,,,,,,,,,,,,,0,,0,0,,2,,,,,,,,,,,,,,,,,,,,,,,,,,,,,,,
ESP-La Liga,2324,Valencia,Vicent Abril,,,,,,,,,,,,,,,,,,,,,,,,,,,,,,,,,,,0,,0,0,,5,,,,,,,,,,,,,,,,,,,,,,,,,,,,,,,
ESP-La Liga,2324,Villarreal,Abraham Rando,,,,,,,,,,,,,,,,,,,,,,,,,,,,,,,,,,,0,,0,0,,1,,,,,,,,,,,,,,,,,,,,,,,,,,,,,,,
ESP-La Liga,2324,Villarreal,Daniel Budesca,,,,,,,,,,,,,,,,,,,,,,,,,,,,,,,,,,,0,,0,0,,1,,,,,,,,,,,,,,,,,,,,,,,,,,,,,,,
ESP-La Liga,2324,Villarreal,Iker Álvarez,,,,,,,,,,,,,,,,,,,,,,,,,,,,,,,,,,,0,,0,0,,7,,,,,,,,,,,,,,,,,,,,,,,,,,,,,,,
FRA-Ligue 1,2324,Brest,Antonin Cartillier,,,,,,,,,,,,,,,,,,,,,,,,,,,,,,,,,,,0,,0,0,,10,,,,,,,,,,,,,,,,,,,,,,,,,,,,,,,
FRA-Ligue 1,2324,Brest,Christophe Hérelle,,,,,,,,,,,,,,,,,,,,,,,,,,,,,,,,,,,0,,0,0,,3,,,,,,,,,,,,,,,,,,,,,,,,,,,,,,,
FRA-Ligue 1,2324,Brest,Djibrili Konté,,,,,,,,,,,,,,,,,,,,,,,,,,,,,,,,,,,0,,0,0,,1,,,,,,,,,,,,,,,,,,,,,,,,,,,,,,,
FRA-Ligue 1,2324,Brest,Tommy Le Verge,,,,,,,,,,,,,,,,,,,,,,,,,,,,,,,,,,,0,,0,0,,1,,,,,,,,,,,,,,,,,,,,,,,,,,,,,,,
FRA-Ligue 1,2324,Brest,Yan Marillat,,,,,,,,,,,,,,,,,,,,,,,,,,,,,,,,,,,0,,0,0,,2,,,,,,,,,,,,,,,,,,,,,,,,,,,,,,,
FRA-Ligue 1,2324,Clermont Foot,Mohamed Sylla,,,,,,,,,,,,,,,,,,,,,,,,,,,,,,,,,,,0,,0,0,,2,,,,,,,,,,,,,,,,,,,,,,,,,,,,,,,
FRA-Ligue 1,2324,Clermont Foot,Stan Berkani,,,,,,,,,,,,,,,,,,,,,,,,,,,,,,,,,,,0,,0,0,,7,,,,,,,,,,,,,,,,,,,,,,,,,,,,,,,
FRA-Ligue 1,2324,Clermont Foot,Théo Borne,,,,,,,,,,,,,,,,,,,,,,,,,,,,,,,,,,,0,,0,0,,3,,,,,,,,,,,,,,,,,,,,,,,,,,,,,,,
FRA-Ligue 1,2324,Clermont Foot,Théo Ramousse,,,,,,,,,,,,,,,,,,,,,,,,,,,,,,,,,,,0,,0,0,,1,,,,,,,,,,,,,,,,,,,,,,,,,,,,,,,
FRA-Ligue 1,2324,Le Havre,Aliou Thiaré,,,,,,,,,,,,,,,,,,,,,,,,,,,,,,,,,,,0,,0,0,,2,,,,,,,,,,,,,,,,,,,,,,,,,,,,,,,
FRA-Ligue 1,2324,Le Havre,Kandet Diawara,,,,,,,,,,,,,,,,,,,,,,,,,,,,,,,,,,,0,,0,0,,1,,,,,,,,,,,,,,,,,,,,,,,,,,,,,,,
FRA-Ligue 1,2324,Le Havre,Mohamed Koné,,,,,,,,,,,,,,,,,,,,,,,,,,,,,,,,,,,0,,0,0,,4,,,,,,,,,,,,,,,,,,,,,,,,,,,,,,,
FRA-Ligue 1,2324,Le Havre,Mokrane Bentoumi,,,,,,,,,,,,,,,,,,,,,,,,,,,,,,,,,,,0,,0,0,,1,,,,,,,,,,,,,,,,,,,,,,,,,,,,,,,
FRA-Ligue 1,2324,Le Havre,Paul Argney,,,,,,,,,,,,,,,,,,,,,,,,,,,,,,,,,,,0,,0,0,,1,,,,,,,,,,,,,,,,,,,,,,,,,,,,,,,
FRA-Ligue 1,2324,Le Havre,Yoni Gomis,,,,,,,,,,,,,,,,,,,,,,,,,,,,,,,,,,,0,,0,0,,2,,,,,,,,,,,,,,,,,,,,,,,,,,,,,,,
FRA-Ligue 1,2324,Lens,Adam Abeddou,,,,,,,,,,,,,,,,,,,,,,,,,,,,,,,,,,,0,,0,0,,1,,,,,,,,,,,,,,,,,,,,,,,,,,,,,,,
FRA-Ligue 1,2324,Lens,Anthony Bermont,,,,,,,,,,,,,,,,,,,,,,,,,,,,,,,,,,,0,,0,0,,1,,,,,,,,,,,,,,,,,,,,,,,,,,,,,,,
FRA-Ligue 1,2324,Lens,Fodé Sylla,,,,,,,,,,,,,,,,,,,,,,,,,,,,,,,,,,,0,,0,0,,3,,,,,,,,,,,,,,,,,,,,,,,,,,,,,,,
FRA-Ligue 1,2324,Lens,Jimmy Cabot,,,,,,,,,,,,,,,,,,,,,,,,,,,,,,,,,,,0,,0,0,,1,,,,,,,,,,,,,,,,,,,,,,,,,,,,,,,
FRA-Ligue 1,2324,Lens,Keny Mbala,,,,,,,,,,,,,,,,,,,,,,,,,,,,,,,,,,,0,,0,0,,5,,,,,,,,,,,,,,,,,,,,,,,,,,,,,,,
FRA-Ligue 1,2324,Lens,Tom Pouilly,,,,,,,,,,,,,,,,,,,,,,,,,,,,,,,,,,,0,,0,0,,4,,,,,,,,,,,,,,,,,,,,,,,,,,,,,,,
FRA-Ligue 1,2324,Lens,Yannick Pandor,,,,,,,,,,,,,,,,,,,,,,,,,,,,,,,,,,,0,,0,0,,1,,,,,,,,,,,,,,,,,,,,,,,,,,,,,,,
FRA-Ligue 1,2324,Lille,Adam Jakubech,,,,,,,,,,,,,,,,,,,,,,,,,,,,,,,,,,,0,,0,0,,12,,,,,,,,,,,,,,,,,,,,,,,,,,,,,,,
FRA-Ligue 1,2324,Lille,Akim Zedadka,,,,,,,,,,,,,,,,,,,,,,,,,,,,,,,,,,,0,,0,0,,10,,,,,,,,,,,,,,,,,,,,,,,,,,,,,,,
FRA-Ligue 1,2324,Lille,Amine Messoussa,,,,,,,,,,,,,,,,,,,,,,,,,,,,,,,,,,,0,,0,0,,2,,,,,,,,,,,,,,,,,,,,,,,,,,,,,,,
FRA-Ligue 1,2324,Lille,Joffrey Bazié,,,,,,,,,,,,,,,,,,,,,,,,,,,,,,,,,,,0,,0,0,,1,,,,,,,,,,,,,,,,,,,,,,,,,,,,,,,
FRA-Ligue 1,2324,Lille,Lisandru Olmeta,,,,,,,,,,,,,,,,,,,,,,,,,,,,,,,,,,,0,,0,0,,1,,,,,,,,,,,,,,,,,,,,,,,,,,,,,,,
FRA-Ligue 1,2324,Lille,Ousmane Toure,,,,,,,,,,,,,,,,,,,,,,,,,,,,,,,,,,,0,,0,0,,4,,,,,,,,,,,,,,,,,,,,,,,,,,,,,,,
FRA-Ligue 1,2324,Lille,Rafael Fernandes,,,,,,,,,,,,,,,,,,,,,,,,,,,,,,,,,,,0,,0,0,,5,,,,,,,,,,,,,,,,,,,,,,,,,,,,,,,
FRA-Ligue 1,2324,Lille,Tom Negrel,,,,,,,,,,,,,,,,,,,,,,,,,,,,,,,,,,,0,,0,0,,1,,,,,,,,,,,,,,,,,,,,,,,,,,,,,,,
FRA-Ligue 1,2324,Lille,Vincent Burlet,,,,,,,,,,,,,,,,,,,,,,,,,,,,,,,,,,,0,,0,0,,2,,,,,,,,,,,,,,,,,,,,,,,,,,,,,,,
FRA-Ligue 1,2324,Lorient,Alfred Gomis,,,,,,,,,,,,,,,,,,,,,,,,,,,,,,,,,,,0,,0,0,,25,,,,,,,,,,,,,,,,,,,,,,,,,,,,,,,
FRA-Ligue 1,2324,Lorient,Arthur Avom,,,,,,,,,,,,,,,,,,,,,,,,,,,,,,,,,,,0,,0,0,,1,,,,,,,,,,,,,,,,,,,,,,,,,,,,,,,
FRA-Ligue 1,2324,Lorient,Carmel Mabanza,,,,,,,,,,,,,,,,,,,,,,,,,,,,,,,,,,,0,,0,0,,1,,,,,,,,,,,,,,,,,,,,,,,,,,,,,,,
FRA-Ligue 1,2324,Lorient,Dominique Youfeigane,,,,,,,,,,,,,,,,,,,,,,,,,,,,,,,,,,,0,,0,0,,6,,,,,,,,,,,,,,,,,,,,,,,,,,,,,,,
FRA-Ligue 1,2324,Lorient,Vito Mannone,,,,,,,,,,,,,,,,,,,,,,,,,,,,,,,,,,,0,,0,0,,3,,,,,,,,,,,,,,,,,,,,,,,,,,,,,,,
FRA-Ligue 1,2324,Lyon,Jeff Reine-Adélaïde,,,,,,,,,,,,,,,,,,,,,,,,,,,,,,,,,,,0,,0,0,,2,,,,,,,,,,,,,,,,,,,,,,,,,,,,,,,
FRA-Ligue 1,2324,Lyon,Justin Bengui,,,,,,,,,,,,,,,,,,,,,,,,,,,,,,,,,,,0,,0,0,,5,,,,,,,,,,,,,,,,,,,,,,,,,,,,,,,
FRA-Ligue 1,2324,Lyon,Lucas Perri,,,,,,,,,,,,,,,,,,,,,,,,,,,,,,,,,,,0,,0,0,,16,,,,,,,,,,,,,,,,,,,,,,,,,,,,,,,
FRA-Ligue 1,2324,Lyon,Mathieu Patouillet,,,,,,,,,,,,,,,,,,,,,,,,,,,,,,,,,,,0,,0,0,,3,,,,,,,,,,,,,,,,,,,,,,,,,,,,,,,
FRA-Ligue 1,2324,Marseille,Alexandre Tunkadi,,,,,,,,,,,,,,,,,,,,,,,,,,,,,,,,,,,0,,0,0,,1,,,,,,,,,,,,,,,,,,,,,,,,,,,,,,,
FRA-Ligue 1,2324,Marseille,Brice Negouai,,,,,,,,,,,,,,,,,,,,,,,,,,,,,,,,,,,0,,0,0,,3,,,,,,,,,,,,,,,,,,,,,,,,,,,,,,,
FRA-Ligue 1,2324,Marseille,Darryl Bakola,,,,,,,,,,,,,,,,,,,,,,,,,,,,,,,,,,,0,,0,0,,1,,,,,,,,,,,,,,,,,,,,,,,,,,,,,,,
FRA-Ligue 1,2324,Marseille,Iuri Silva,,,,,,,,,,,,,,,,,,,,,,,,,,,,,,,,,,,0,,0,0,,2,,,,,,,,,,,,,,,,,,,,,,,,,,,,,,,
FRA-Ligue 1,2324,Marseille,Jelle Van Neck,,,,,,,,,,,,,,,,,,,,,,,,,,,,,,,,,,,0,,0,0,,1,,,,,,,,,,,,,,,,,,,,,,,,,,,,,,,
FRA-Ligue 1,2324,Marseille,Léo Jousselin,,,,,,,,,,,,,,,,,,,,,,,,,,,,,,,,,,,0,,0,0,,4,,,,,,,,,,,,,,,,,,,,,,,,,,,,,,,
FRA-Ligue 1,2324,Marseille,Roggerio Nyakossi,,,,,,,,,,,,,,,,,,,,,,,,,,,,,,,,,,,0,,0,0,,3,,,,,,,,,,,,,,,,,,,,,,,,,,,,,,,
FRA-Ligue 1,2324,Marseille,Simon Ngapandouetnbu,,,,,,,,,,,,,,,,,,,,,,,,,,,,,,,,,,,0,,0,0,,4,,,,,,,,,,,,,,,,,,,,,,,,,,,,,,,
FRA-Ligue 1,2324,Marseille,Souleymane Touré,,,,,,,,,,,,,,,,,,,,,,,,,,,,,,,,,,,0,,0,0,,3,,,,,,,,,,,,,,,,,,,,,,,,,,,,,,,
FRA-Ligue 1,2324,Marseille,Stéphane Sparagna,,,,,,,,,,,,,,,,,,,,,,,,,,,,,,,,,,,0,,0,0,,7,,,,,,,,,,,,,,,,,,,,,,,,,,,,,,,
FRA-Ligue 1,2324,Marseille,Yakine Said Mmadi,,,,,,,,,,,,,,,,,,,,,,,,,,,,,,,,,,,0,,0,0,,1,,,,,,,,,,,,,,,,,,,,,,,,,,,,,,,
FRA-Ligue 1,2324,Metz,Albin Demouchy,,,,,,,,,,,,,,,,,,,,,,,,,,,,,,,,,,,0,,0,0,,1,,,,,,,,,,,,,,,,,,,,,,,,,,,,,,,
FRA-Ligue 1,2324,Metz,Sofiane Alakouch,,,,,,,,,,,,,,,,,,,,,,,,,,,,,,,,,,,0,,0,0,,1,,,,,,,,,,,,,,,,,,,,,,,,,,,,,,,
FRA-Ligue 1,2324,Monaco,Aurélien Platret,,,,,,,,,,,,,,,,,,,,,,,,,,,,,,,,,,,0,,0,0,,5,,,,,,,,,,,,,,,,,,,,,,,,,,,,,,,
FRA-Ligue 1,2324,Monaco,Félix Lemaréchal,,,,,,,,,,,,,,,,,,,,,,,,,,,,,,,,,,,0,,0,0,,1,,,,,,,,,,,,,,,,,,,,,,,,,,,,,,,
FRA-Ligue 1,2324,Monaco,Kevin Volland,,,,,,,,,,,,,,,,,,,,,,,,,,,,,,,,,,,0,,0,0,,1,,,,,,,,,,,,,,,,,,,,,,,,,,,,,,,
FRA-Ligue 1,2324,Monaco,Malamine Efekele,,,,,,,,,,,,,,,,,,,,,,,,,,,,,,,,,,,0,,0,0,,10,,,,,,,,,,,,,,,,,,,,,,,,,,,,,,,
FRA-Ligue 1,2324,Monaco,Mayssam Benama,,,,,,,,,,,,,,,,,,,,,,,,,,,,,,,,,,,0,,0,0,,2,,,,,,,,,,,,,,,,,,,,,,,,,,,,,,,
FRA-Ligue 1,2324,Monaco,Nazim Babai,,,,,,,,,,,,,,,,,,,,,,,,,,,,,,,,,,,0,,0,0,,1,,,,,,,,,,,,,,,,,,,,,,,,,,,,,,,
FRA-Ligue 1,2324,Monaco,Ritchy Valme,,,,,,,,,,,,,,,,,,,,,,,,,,,,,,,,,,,0,,0,0,,5,,,,,,,,,,,,,,,,,,,,,,,,,,,,,,,
FRA-Ligue 1,2324,Monaco,Ruben Aguilar,,,,,,,,,,,,,,,,,,,,,,,,,,,,,,,,,,,0,,0,0,,2,,,,,,,,,,,,,,,,,,,,,,,,,,,,,,,
FRA-Ligue 1,2324,Monaco,Yann Liénard,,,,,,,,,,,,,,,,,,,,,,,,,,,,,,,,,,,0,,0,0,,2,,,,,,,,,,,,,,,,,,,,,,,,,,,,,,,
FRA-Ligue 1,2324,Montpellier,Belmin Dizdarević,,,,,,,,,,,,,,,,,,,,,,,,,,,,,,,,,,,0,,0,0,,10,,,,,,,,,,,,,,,,,,,,,,,,,,,,,,,
FRA-Ligue 1,2324,Montpellier,Cheikh Faye,,,,,,,,,,,,,,,,,,,,,,,,,,,,,,,,,,,0,,0,0,,6,,,,,,,,,,,,,,,,,,,,,,,,,,,,,,,
FRA-Ligue 1,2324,Montpellier,Junior Ndiaye,,,,,,,,,,,,,,,,,,,,,,,,,,,,,,,,,,,0,,0,0,,1,,,,,,,,,,,,,,,,,,,,,,,,,,,,,,,
FRA-Ligue 1,2324,Montpellier,Téo Allix,,,,,,,,,,,,,,,,,,,,,,,,,,,,,,,,,,,0,,0,0,,8,,,,,,,,,,,,,,,,,,,,,,,,,,,,,,,
FRA-Ligue 1,2324,Nantes,Dehmaine Assoumani,,,,,,,,,,,,,,,,,,,,,,,,,,,,,,,,,,,0,,0,0,,2,,,,,,,,,,,,,,,,,,,,,,,,,,,,,,,
FRA-Ligue 1,2324,Nantes,Hugo Barbet,,,,,,,,,,,,,,,,,,,,,,,,,,,,,,,,,,,0,,0,0,,1,,,,,,,,,,,,,,,,,,,,,,,,,,,,,,,
FRA-Ligue 1,2324,Nantes,Junior Diaz,,,,,,,,,,,,,,,,,,,,,,,,,,,,,,,,,,,0,,0,0,,1,,,,,,,,,,,,,,,,,,,,,,,,,,,,,,,
FRA-Ligue 1,2324,Nantes,Loïc Affamah,,,,,,,,,,,,,,,,,,,,,,,,,,,,,,,,,,,0,,0,0,,1,,,,,,,,,,,,,,,,,,,,,,,,,,,,,,,
FRA-Ligue 1,2324,Nantes,Mathis Oger,,,,,,,,,,,,,,,,,,,,,,,,,,,,,,,,,,,0,,0,0,,1,,,,,,,,,,,,,,,,,,,,,,,,,,,,,,,
FRA-Ligue 1,2324,Nantes,Mohamed Achi,,,,,,,,,,,,,,,,,,,,,,,,,,,,,,,,,,,0,,0,0,,1,,,,,,,,,,,,,,,,,,,,,,,,,,,,,,,
FRA-Ligue 1,2324,Nantes,Yannis Mbemba,,,,,,,,,,,,,,,,,,,,,,,,,,,,,,,,,,,0,,0,0,,1,,,,,,,,,,,,,,,,,,,,,,,,,,,,,,,
FRA-Ligue 1,2324,Nice,Alexis Beka Beka,,,,,,,,,,,,,,,,,,,,,,,,,,,,,,,,,,,0,,0,0,,2,,,,,,,,,,,,,,,,,,,,,,,,,,,,,,,
FRA-Ligue 1,2324,Nice,Amidou Doumbouya,,,,,,,,,,,,,,,,,,,,,,,,,,,,,,,,,,,0,,0,0,,2,,,,,,,,,,,,,,,,,,,,,,,,,,,,,,,
FRA-Ligue 1,2324,Nice,Ayoub Amraoui,,,,,,,,,,,,,,,,,,,,,,,,,,,,,,,,,,,0,,0,0,,7,,,,,,,,,,,,,,,,,,,,,,,,,,,,,,,
FRA-Ligue 1,2324,Nice,Maxime Dupé,,,,,,,,,,,,,,,,,,,,,,,,,,,,,,,,,,,0,,0,0,,15,,,,,,,,,,,,,,,,,,,,,,,,,,,,,,,
FRA-Ligue 1,2324,Nice,Robson Bambu,,,,,,,,,,,,,,,,,,,,,,,,,,,,,,,,,,,0,,0,0,,1,,,,,,,,,,,,,,,,,,,,,,,,,,,,,,,
FRA-Ligue 1,2324,Nice,Salvatore Sirigu,,,,,,,,,,,,,,,,,,,,,,,,,,,,,,,,,,,0,,0,0,,10,,,,,,,,,,,,,,,,,,,,,,,,,,,,,,,
FRA-Ligue 1,2324,Nice,Teddy Boulhendi,,,,,,,,,,,,,,,,,,,,,,,,,,,,,,,,,,,0,,0,0,,10,,,,,,,,,,,,,,,,,,,,,,,,,,,,,,,
FRA-Ligue 1,2324,PSG,Alexandre Letellier,,,,,,,,,,,,,,,,,,,,,,,,,,,,,,,,,,,0,,0,0,,6,,,,,,,,,,,,,,,,,,,,,,,,,,,,,,,
FRA-Ligue 1,2324,PSG,Ismaël Gharbi,,,,,,,,,,,,,,,,,,,,,,,,,,,,,,,,,,,0,,0,0,,2,,,,,,,,,,,,,,,,,,,,,,,,,,,,,,,
FRA-Ligue 1,2324,PSG,Kouakou Gadou,,,,,,,,,,,,,,,,,,,,,,,,,,,,,,,,,,,0,,0,0,,1,,,,,,,,,,,,,,,,,,,,,,,,,,,,,,,
FRA-Ligue 1,2324,PSG,Louis Mouquet,,,,,,,,,,,,,,,,,,,,,,,,,,,,,,,,,,,0,,0,0,,2,,,,,,,,,,,,,,,,,,,,,,,,,,,,,,,
FRA-Ligue 1,2324,Reims,Alexandre Olliero,,,,,,,,,,,,,,,,,,,,,,,,,,,,,,,,,,,0,,0,0,,34,,,,,,,,,,,,,,,,,,,,,,,,,,,,,,,
FRA-Ligue 1,2324,Reims,Arthur Tchaptchet,,,,,,,,,,,,,,,,,,,,,,,,,,,,,,,,,,,0,,0,0,,6,,,,,,,,,,,,,,,,,,,,,,,,,,,,,,,
FRA-Ligue 1,2324,Reims,Check Keita,,,,,,,,,,,,,,,,,,,,,,,,,,,,,,,,,,,0,,0,0,,1,,,,,,,,,,,,,,,,,,,,,,,,,,,,,,,
FRA-Ligue 1,2324,Reims,Fallou Fall,,,,,,,,,,,,,,,,,,,,,,,,,,,,,,,,,,,0,,0,0,,1,,,,,,,,,,,,,,,,,,,,,,,,,,,,,,,
FRA-Ligue 1,2324,Reims,Ike Orazi,,,,,,,,,,,,,,,,,,,,,,,,,,,,,,,,,,,0,,0,0,,2,,,,,,,,,,,,,,,,,,,,,,,,,,,,,,,
FRA-Ligue 1,2324,Reims,Kamory Doumbia,,,,,,,,,,,,,,,,,,,,,,,,,,,,,,,,,,,0,,0,0,,2,,,,,,,,,,,,,,,,,,,,,,,,,,,,,,,
FRA-Ligue 1,2324,Reims,Killian Prouchet,,,,,,,,,,,,,,,,,,,,,,,,,,,,,,,,,,,0,,0,0,,10,,,,,,,,,,,,,,,,,,,,,,,,,,,,,,,
FRA-Ligue 1,2324,Reims,Nhoa Sangui,,,,,,,,,,,,,,,,,,,,,,,,,,,,,,,,,,,0,,0,0,,3,,,,,,,,,,,,,,,,,,,,,,,,,,,,,,,
FRA-Ligue 1,2324,Reims,Samuel Koeberlé,,,,,,,,,,,,,,,,,,,,,,,,,,,,,,,,,,,0,,0,0,,1,,,,,,,,,,,,,,,,,,,,,,,,,,,,,,,
FRA-Ligue 1,2324,Rennes,Flavien Tait,,,,,,,,,,,,,,,,,,,,,,,,,,,,,,,,,,,0,,0,0,,3,,,,,,,,,,,,,,,,,,,,,,,,,,,,,,,
FRA-Ligue 1,2324,Rennes,Gauthier Gallon,,,,,,,,,,,,,,,,,,,,,,,,,,,,,,,,,,0.0,0,,0,0,,33,3.0,3,1,2,,,,,,,,,,,,,,,,,,,,,,,,,,,
FRA-Ligue 1,2324,Rennes,Geoffrey Lembet,,,,,,,,,,,,,,,,,,,,,,,,,,,,,,,,,,,0,,0,0,,1,,,,,,,,,,,,,,,,,,,,,,,,,,,,,,,
FRA-Ligue 1,2324,Rennes,Matthis Abline,,,,,,,,,,,,,,,,,,,,,,,,,,,,,,,,,,,0,,0,0,,1,,,,,,,,,,,,,,,,,,,,,,,,,,,,,,,
FRA-Ligue 1,2324,Rennes,Mohamed Jaouab,,,,,,,,,,,,,,,,,,,,,,,,,,,,,,,,,,,0,,0,0,,4,,,,,,,,,,,,,,,,,,,,,,,,,,,,,,,
FRA-Ligue 1,2324,Rennes,Rayan Bamba,,,,,,,,,,,,,,,,,,,,,,,,,,,,,,,,,,,0,,0,0,,2,,,,,,,,,,,,,,,,,,,,,,,,,,,,,,,
FRA-Ligue 1,2324,Strasbourg,Alexandre Pierre,,,,,,,,,,,,,,,,,,,,,,,,,,,,,,,,,,,0,,0,0,,15,,,,,,,,,,,,,,,,,,,,,,,,,,,,,,,
FRA-Ligue 1,2324,Strasbourg,Elies Araar,,,,,,,,,,,,,,,,,,,,,,,,,,,,,,,,,,,0,,0,0,,2,,,,,,,,,,,,,,,,,,,,,,,,,,,,,,,
FRA-Ligue 1,2324,Strasbourg,Jean-Eudes Aholou,,,,,,,,,,,,,,,,,,,,,,,,,,,,,,,,,,,0,,0,0,,6,,,,,,,,,,,,,,,,,,,,,,,,,,,,,,,
FRA-Ligue 1,2324,Strasbourg,Karol Fila,,,,,,,,,,,,,,,,,,,,,,,,,,,,,,,,,,,0,,0,0,,2,,,,,,,,,,,,,,,,,,,,,,,,,,,,,,,
FRA-Ligue 1,2324,Strasbourg,Matthieu Dreyer,,,,,,,,,,,,,,,,,,,,,,,,,,,,,,,,,,,0,,0,0,,6,,,,,,,,,,,,,,,,,,,,,,,,,,,,,,,
FRA-Ligue 1,2324,Strasbourg,Samir El Mourabet,,,,,,,,,,,,,,,,,,,,,,,,,,,,,,,,,,,0,,0,0,,5,,,,,,,,,,,,,,,,,,,,,,,,,,,,,,,
FRA-Ligue 1,2324,Strasbourg,Tidiane Diallo,,,,,,,,,,,,,,,,,,,,,,,,,,,,,,,,,,,0,,0,0,,1,,,,,,,,,,,,,,,,,,,,,,,,,,,,,,,
FRA-Ligue 1,2324,Toulouse,Anthony Rouault,,,,,,,,,,,,,,,,,,,,,,,,,,,,,,,,,,,0,,0,0,,3,,,,,,,,,,,,,,,,,,,,,,,,,,,,,,,
FRA-Ligue 1,2324,Toulouse,Edhy Zuliani,,,,,,,,,,,,,,,,,,,,,,,,,,,,,,,,,,,0,,0,0,,1,,,,,,,,,,,,,,,,,,,,,,,,,,,,,,,
FRA-Ligue 1,2324,Toulouse,Nicolas Wasbauer,,,,,,,,,,,,,,,,,,,,,,,,,,,,,,,,,,,0,,0,0,,1,,,,,,,,,,,,,,,,,,,,,,,,,,,,,,,
FRA-Ligue 1,2324,Toulouse,Noah Edjouma,,,,,,,,,,,,,,,,,,,,,,,,,,,,,,,,,,,0,,0,0,,3,,,,,,,,,,,,,,,,,,,,,,,,,,,,,,,
FRA-Ligue 1,2324,Toulouse,Noah Lahmadi,,,,,,,,,,,,,,,,,,,,,,,,,,,,,,,,,,,0,,0,0,,3,,,,,,,,,,,,,,,,,,,,,,,,,,,,,,,
FRA-Ligue 1,2324,Toulouse,Oliver Zandén,,,,,,,,,,,,,,,,,,,,,,,,,,,,,,,,,,,0,,0,0,,1,,,,,,,,,,,,,,,,,,,,,,,,,,,,,,,
FRA-Ligue 1,2324,Toulouse,Rafik Messali,,,,,,,,,,,,,,,,,,,,,,,,,,,,,,,,,,,0,,0,0,,1,,,,,,,,,,,,,,,,,,,,,,,,,,,,,,,
FRA-Ligue 1,2324,Toulouse,Ylies Aradj,,,,,,,,,,,,,,,,,,,,,,,,,,,,,,,,,,,0,,0,0,,6,,,,,,,,,,,,,,,,,,,,,,,,,,,,,,,
FRA-Ligue 1,2324,Toulouse,Álex Domínguez,,,,,,,,,,,,,,,,,,,,,,,,,,,,,,,,,,,0,,0,0,,34,,,,,,,,,,,,,,,,,,,,,,,,,,,,,,,
ITA-Serie A,2324,Atalanta,Alberto Manzoni,,,,,,,,,,,,,,,,,,,,,,,,,,,,,,,,,,,0,,0,0,,1,,,,,,,,,,,,,,,,,,,,,,,,,,,,,,,
ITA-Serie A,2324,Atalanta,Alessandro Cortinovis,,,,,,,,,,,,,,,,,,,,,,,,,,,,,,,,,,,0,,0,0,,1,,,,,,,,,,,,,,,,,,,,,,,,,,,,,,,
ITA-Serie A,2324,Atalanta,Caleb Okoli,,,,,,,,,,,,,,,,,,,,,,,,,,,,,,,,,,,0,,0,0,,2,,,,,,,,,,,,,,,,,,,,,,,,,,,,,,,
ITA-Serie A,2324,Atalanta,Marco Palestra,,,,,,,,,,,,,,,,,,,,,,,,,,,,,,,,,,,0,,0,0,,3,,,,,,,,,,,,,,,,,,,,,,,,,,,,,,,
ITA-Serie A,2324,Atalanta,Matteo Colombo,,,,,,,,,,,,,,,,,,,,,,,,,,,,,,,,,,,0,,0,0,,1,,,,,,,,,,,,,,,,,,,,,,,,,,,,,,,
ITA-Serie A,2324,Atalanta,Moustapha Cissé,,,,,,,,,,,,,,,,,,,,,,,,,,,,,,,,,,,0,,0,0,,3,,,,,,,,,,,,,,,,,,,,,,,,,,,,,,,
ITA-Serie A,2324,Atalanta,Paolo Vismara,,,,,,,,,,,,,,,,,,,,,,,,,,,,,,,,,,,0,,0,0,,3,,,,,,,,,,,,,,,,,,,,,,,,,,,,,,,
ITA-Serie A,2324,Atalanta,Pietro Comi,,,,,,,,,,,,,,,,,,,,,,,,,,,,,,,,,,,0,,0,0,,5,,,,,,,,,,,,,,,,,,,,,,,,,,,,,,,
ITA-Serie A,2324,Atalanta,Siren Diao,,,,,,,,,,,,,,,,,,,,,,,,,,,,,,,,,,,0,,0,0,,2,,,,,,,,,,,,,,,,,,,,,,,,,,,,,,,
ITA-Serie A,2324,Atalanta,Tommaso Del Lungo,,,,,,,,,,,,,,,,,,,,,,,,,,,,,,,,,,,0,,0,0,,1,,,,,,,,,,,,,,,,,,,,,,,,,,,,,,,
ITA-Serie A,2324,Bologna,Adama Soumaoro,,,,,,,,,,,,,,,,,,,,,,,,,,,,,,,,,,,0,,0,0,,2,,,,,,,,,,,,,,,,,,,,,,,,,,,,,,,
ITA-Serie A,2324,Bologna,Joaquin Sosa,,,,,,,,,,,,,,,,,,,,,,,,,,,,,,,,,,,0,,0,0,,2,,,,,,,,,,,,,,,,,,,,,,,,,,,,,,,
ITA-Serie A,2324,Bologna,Mihajlo Ilić,,,,,,,,,,,,,,,,,,,,,,,,,,,,,,,,,,,0,,0,0,,18,,,,,,,,,,,,,,,,,,,,,,,,,,,,,,,
ITA-Serie A,2324,Bologna,Tito Gasperini,,,,,,,,,,,,,,,,,,,,,,,,,,,,,,,,,,,0,,0,0,,7,,,,,,,,,,,,,,,,,,,,,,,,,,,,,,,
ITA-Serie A,2324,Cagliari,Alessandro Vinciguerra,,,,,,,,,,,,,,,,,,,,,,,,,,,,,,,,,,,0,,0,0,,2,,,,,,,,,,,,,,,,,,,,,,,,,,,,,,,
ITA-Serie A,2324,Cagliari,Christos Kourfalidis,,,,,,,,,,,,,,,,,,,,,,,,,,,,,,,,,,,0,,0,0,,2,,,,,,,,,,,,,,,,,,,,,,,,,,,,,,,
ITA-Serie A,2324,Cagliari,Elio Capradossi,,,,,,,,,,,,,,,,,,,,,,,,,,,,,,,,,,,0,,0,0,,2,,,,,,,,,,,,,,,,,,,,,,,,,,,,,,,
ITA-Serie A,2324,Cagliari,Gastón Pereiro,,,,,,,,,,,,,,,,,,,,,,,,,,,,,,,,,,,0,,0,0,,13,,,,,,,,,,,,,,,,,,,,,,,,,,,,,,,
ITA-Serie A,2324,Cagliari,Jacopo Desogus,,,,,,,,,,,,,,,,,,,,,,,,,,,,,,,,,,,0,,0,0,,7,,,,,,,,,,,,,,,,,,,,,,,,,,,,,,,
ITA-Serie A,2324,Cagliari,Velizar-Ilia Svetozarov Iliev,,,,,,,,,,,,,,,,,,,,,,,,,,,,,,,,,,,0,,0,0,,3,,,,,,,,,,,,,,,,,,,,,,,,,,,,,,,
ITA-Serie A,2324,Empoli,Filippo Vertua,,,,,,,,,,,,,,,,,,,,,,,,,,,,,,,,,,,0,,0,0,,2,,,,,,,,,,,,,,,,,,,,,,,,,,,,,,,
ITA-Serie A,2324,Empoli,Gabriele Guarino,,,,,,,,,,,,,,,,,,,,,,,,,,,,,,,,,,,0,,0,0,,13,,,,,,,,,,,,,,,,,,,,,,,,,,,,,,,
ITA-Serie A,2324,Empoli,Gabriele Indragoli,,,,,,,,,,,,,,,,,,,,,,,,,,,,,,,,,,,0,,0,0,,6,,,,,,,,,,,,,,,,,,,,,,,,,,,,,,,
ITA-Serie A,2324,Empoli,Jacopo Seghetti,,,,,,,,,,,,,,,,,,,,,,,,,,,,,,,,,,,0,,0,0,,10,,,,,,,,,,,,,,,,,,,,,,,,,,,,,,,
ITA-Serie A,2324,Empoli,Lovro Štubljar,,,,,,,,,,,,,,,,,,,,,,,,,,,,,,,,,,,0,,0,0,,7,,,,,,,,,,,,,,,,,,,,,,,,,,,,,,,
ITA-Serie A,2324,Empoli,Luca Marianucci,,,,,,,,,,,,,,,,,,,,,,,,,,,,,,,,,,,0,,0,0,,1,,,,,,,,,,,,,,,,,,,,,,,,,,,,,,,
ITA-Serie A,2324,Empoli,Petar Stojanović,,,,,,,,,,,,,,,,,,,,,,,,,,,,,,,,,,,0,,0,0,,1,,,,,,,,,,,,,,,,,,,,,,,,,,,,,,,
ITA-Serie A,2324,Empoli,Saba Goglichidze,,,,,,,,,,,,,,,,,,,,,,,,,,,,,,,,,,,0,,0,0,,16,,,,,,,,,,,,,,,,,,,,,,,,,,,,,,,
ITA-Serie A,2324,Fiorentina,Abdelhamid Sabiri,,,,,,,,,,,,,,,,,,,,,,,,,,,,,,,,,,,0,,0,0,,1,,,,,,,,,,,,,,,,,,,,,,,,,,,,,,,
ITA-Serie A,2324,Fiorentina,Aleksandr Kokorin,,,,,,,,,,,,,,,,,,,,,,,,,,,,,,,,,,,0,,0,0,,3,,,,,,,,,,,,,,,,,,,,,,,,,,,,,,,
ITA-Serie A,2324,Fiorentina,Christian Biagetti,,,,,,,,,,,,,,,,,,,,,,,,,,,,,,,,,,,0,,0,0,,1,,,,,,,,,,,,,,,,,,,,,,,,,,,,,,,
ITA-Serie A,2324,Fiorentina,Christian Dalle Mura,,,,,,,,,,,,,,,,,,,,,,,,,,,,,,,,,,,0,,0,0,,1,,,,,,,,,,,,,,,,,,,,,,,,,,,,,,,
ITA-Serie A,2324,Fiorentina,Fallou Sene,,,,,,,,,,,,,,,,,,,,,,,,,,,,,,,,,,,0,,0,0,,1,,,,,,,,,,,,,,,,,,,,,,,,,,,,,,,
ITA-Serie A,2324,Fiorentina,Luka Jović,,,,,,,,,,,,,,,,,,,,,,,,,,,,,,,,,,,0,,0,0,,1,,,,,,,,,,,,,,,,,,,,,,,,,,,,,,,
ITA-Serie A,2324,Fiorentina,Maat Daniel Caprini,,,,,,,,,,,,,,,,,,,,,,,,,,,,,,,,,,,0,,0,0,,2,,,,,,,,,,,,,,,,,,,,,,,,,,,,,,,
ITA-Serie A,2324,Fiorentina,Niccolò Fortini,,,,,,,,,,,,,,,,,,,,,,,,,,,,,,,,,,,0,,0,0,,1,,,,,,,,,,,,,,,,,,,,,,,,,,,,,,,
ITA-Serie A,2324,Fiorentina,Niccolò Pierozzi,,,,,,,,,,,,,,,,,,,,,,,,,,,,,,,,,,,0,,0,0,,9,,,,,,,,,,,,,,,,,,,,,,,,,,,,,,,
ITA-Serie A,2324,Fiorentina,Sofyan Amrabat,,,,,,,,,,,,,,,,,,,,,,,,,,,,,,,,,,,0,,0,0,,1,,,,,,,,,,,,,,,,,,,,,,,,,,,,,,,
ITA-Serie A,2324,Fiorentina,Tommaso Vannucchi,,,,,,,,,,,,,,,,,,,,,,,,,,,,,,,,,,,0,,0,0,,17,,,,,,,,,,,,,,,,,,,,,,,,,,,,,,,
ITA-Serie A,2324,Frosinone,Daniel Macej,,,,,,,,,,,,,,,,,,,,,,,,,,,,,,,,,,,0,,0,0,,2,,,,,,,,,,,,,,,,,,,,,,,,,,,,,,,
ITA-Serie A,2324,Frosinone,Hamza Haoudi,,,,,,,,,,,,,,,,,,,,,,,,,,,,,,,,,,,0,,0,0,,1,,,,,,,,,,,,,,,,,,,,,,,,,,,,,,,
ITA-Serie A,2324,Frosinone,Lorenzo Palmisani,,,,,,,,,,,,,,,,,,,,,,,,,,,,,,,,,,,0,,0,0,,7,,,,,,,,,,,,,,,,,,,,,,,,,,,,,,,
ITA-Serie A,2324,Frosinone,Matjaž Kamenšek Pahič,,,,,,,,,,,,,,,,,,,,,,,,,,,,,,,,,,,0,,0,0,,3,,,,,,,,,,,,,,,,,,,,,,,,,,,,,,,
ITA-Serie A,2324,Frosinone,Pierluigi Frattali,,,,,,,,,,,,,,,,,,,,,,,,,,,,,,,,,,0.0,0,,0,0,,34,0.0,1,3,-2,,,,,,,,,,,,,,,,,,,,,,,,,,,
ITA-Serie A,2324,Frosinone,Soufiane Bidaoui,,,,,,,,,,,,,,,,,,,,,,,,,,,,,,,,,,,0,,0,0,,7,,,,,,,,,,,,,,,,,,,,,,,,,,,,,,,
ITA-Serie A,2324,Frosinone,İsak Vural,,,,,,,,,,,,,,,,,,,,,,,,,,,,,,,,,,,0,,0,0,,1,,,,,,,,,,,,,,,,,,,,,,,,,,,,,,,
ITA-Serie A,2324,Genoa,Faroukou Cissé,,,,,,,,,,,,,,,,,,,,,,,,,,,,,,,,,,,0,,0,0,,2,,,,,,,,,,,,,,,,,,,,,,,,,,,,,,,
ITA-Serie A,2324,Genoa,Massimo Coda,,,,,,,,,,,,,,,,,,,,,,,,,,,,,,,,,,,0,,0,0,,1,,,,,,,,,,,,,,,,,,,,,,,,,,,,,,,
ITA-Serie A,2324,Genoa,Mattia Aramu,,,,,,,,,,,,,,,,,,,,,,,,,,,,,,,,,,,0,,0,0,,2,,,,,,,,,,,,,,,,,,,,,,,,,,,,,,,
ITA-Serie A,2324,Genoa,Riccardo Arboscello,,,,,,,,,,,,,,,,,,,,,,,,,,,,,,,,,,,0,,0,0,,1,,,,,,,,,,,,,,,,,,,,,,,,,,,,,,,
ITA-Serie A,2324,Genoa,Simone Calvani,,,,,,,,,,,,,,,,,,,,,,,,,,,,,,,,,,,0,,0,0,,2,,,,,,,,,,,,,,,,,,,,,,,,,,,,,,,
ITA-Serie A,2324,Genoa,Tommaso Pittino,,,,,,,,,,,,,,,,,,,,,,,,,,,,,,,,,,,0,,0,0,,7,,,,,,,,,,,,,,,,,,,,,,,,,,,,,,,
ITA-Serie A,2324,Hellas Verona,Alessandro Berardi,,,,,,,,,,,,,,,,,,,,,,,,,,,,,,,,,,,0,,0,0,,20,,,,,,,,,,,,,,,,,,,,,,,,,,,,,,,
ITA-Serie A,2324,Hellas Verona,Christian Corradi,,,,,,,,,,,,,,,,,,,,,,,,,,,,,,,,,,,0,,0,0,,5,,,,,,,,,,,,,,,,,,,,,,,,,,,,,,,
ITA-Serie A,2324,Hellas Verona,Denis Cazzadori,,,,,,,,,,,,,,,,,,,,,,,,,,,,,,,,,,,0,,0,0,,1,,,,,,,,,,,,,,,,,,,,,,,,,,,,,,,
ITA-Serie A,2324,Hellas Verona,Giacomo Toniolo,,,,,,,,,,,,,,,,,,,,,,,,,,,,,,,,,,,0,,0,0,,1,,,,,,,,,,,,,,,,,,,,,,,,,,,,,,,
ITA-Serie A,2324,Hellas Verona,Joselito,,,,,,,,,,,,,,,,,,,,,,,,,,,,,,,,,,,0,,0,0,,7,,,,,,,,,,,,,,,,,,,,,,,,,,,,,,,
ITA-Serie A,2324,Hellas Verona,Junior Ajayi,,,,,,,,,,,,,,,,,,,,,,,,,,,,,,,,,,,0,,0,0,,2,,,,,,,,,,,,,,,,,,,,,,,,,,,,,,,
ITA-Serie A,2324,Hellas Verona,Mattia Chiesa,,,,,,,,,,,,,,,,,,,,,,,,,,,,,,,,,,,0,,0,0,,18,,,,,,,,,,,,,,,,,,,,,,,,,,,,,,,
ITA-Serie A,2324,Hellas Verona,Nicola Patanè,,,,,,,,,,,,,,,,,,,,,,,,,,,,,,,,,,,0,,0,0,,5,,,,,,,,,,,,,,,,,,,,,,,,,,,,,,,
ITA-Serie A,2324,Hellas Verona,Nicolò Calabrese,,,,,,,,,,,,,,,,,,,,,,,,,,,,,,,,,,,0,,0,0,,3,,,,,,,,,,,,,,,,,,,,,,,,,,,,,,,
ITA-Serie A,2324,Hellas Verona,Siren Diao,,,,,,,,,,,,,,,,,,,,,,,,,,,,,,,,,,,0,,0,0,,1,,,,,,,,,,,,,,,,,,,,,,,,,,,,,,,
ITA-Serie A,2324,Inter,Aleksandar Stanković,,,,,,,,,,,,,,,,,,,,,,,,,,,,,,,,,,,0,,0,0,,11,,,,,,,,,,,,,,,,,,,,,,,,,,,,,,,
ITA-Serie A,2324,Inter,Alessandro Calligaris,,,,,,,,,,,,,,,,,,,,,,,,,,,,,,,,,,,0,,0,0,,2,,,,,,,,,,,,,,,,,,,,,,,,,,,,,,,
ITA-Serie A,2324,Inter,Amadou Sarr,,,,,,,,,,,,,,,,,,,,,,,,,,,,,,,,,,,0,,0,0,,9,,,,,,,,,,,,,,,,,,,,,,,,,,,,,,,
ITA-Serie A,2324,Inter,Giacomo Stabile,,,,,,,,,,,,,,,,,,,,,,,,,,,,,,,,,,,0,,0,0,,8,,,,,,,,,,,,,,,,,,,,,,,,,,,,,,,
ITA-Serie A,2324,Inter,Issiaka Kamate,,,,,,,,,,,,,,,,,,,,,,,,,,,,,,,,,,,0,,0,0,,2,,,,,,,,,,,,,,,,,,,,,,,,,,,,,,,
ITA-Serie A,2324,Inter,Joaquín Correa,,,,,,,,,,,,,,,,,,,,,,,,,,,,,,,,,,,0,,0,0,,1,,,,,,,,,,,,,,,,,,,,,,,,,,,,,,,
ITA-Serie A,2324,Inter,Matteo Motta,,,,,,,,,,,,,,,,,,,,,,,,,,,,,,,,,,,0,,0,0,,2,,,,,,,,,,,,,,,,,,,,,,,,,,,,,,,
ITA-Serie A,2324,Inter,Tomasso Guercio,,,,,,,,,,,,,,,,,,,,,,,,,,,,,,,,,,,0,,0,0,,1,,,,,,,,,,,,,,,,,,,,,,,,,,,,,,,
ITA-Serie A,2324,Juventus,Gian Crespi,,,,,,,,,,,,,,,,,,,,,,,,,,,,,,,,,,,0,,0,0,,1,,,,,,,,,,,,,,,,,,,,,,,,,,,,,,,
ITA-Serie A,2324,Juventus,Giovanni Daffara,,,,,,,,,,,,,,,,,,,,,,,,,,,,,,,,,,,0,,0,0,,3,,,,,,,,,,,,,,,,,,,,,,,,,,,,,,,
ITA-Serie A,2324,Juventus,Giovanni Garofani,,,,,,,,,,,,,,,,,,,,,,,,,,,,,,,,,,,0,,0,0,,1,,,,,,,,,,,,,,,,,,,,,,,,,,,,,,,
ITA-Serie A,2324,Juventus,Luis Hasa,,,,,,,,,,,,,,,,,,,,,,,,,,,,,,,,,,,0,,0,0,,1,,,,,,,,,,,,,,,,,,,,,,,,,,,,,,,
ITA-Serie A,2324,Juventus,Matìas Soulé,,,,,,,,,,,,,,,,,,,,,,,,,,,,,,,,,,,0,,0,0,,2,,,,,,,,,,,,,,,,,,,,,,,,,,,,,,,
ITA-Serie A,2324,Juventus,Simone Scaglia,,,,,,,,,,,,,,,,,,,,,,,,,,,,,,,,,,,0,,0,0,,3,,,,,,,,,,,,,,,,,,,,,,,,,,,,,,,
ITA-Serie A,2324,Juventus,Tommaso Mancini,,,,,,,,,,,,,,,,,,,,,,,,,,,,,,,,,,,0,,0,0,,1,,,,,,,,,,,,,,,,,,,,,,,,,,,,,,,
ITA-Serie A,2324,Lazio,Alessio Furlanetto,,,,,,,,,,,,,,,,,,,,,,,,,,,,,,,,,,,0,,0,0,,2,,,,,,,,,,,,,,,,,,,,,,,,,,,,,,,
ITA-Serie A,2324,Lazio,Anderson Lima,,,,,,,,,,,,,,,,,,,,,,,,,,,,,,,,,,,0,,0,0,,7,,,,,,,,,,,,,,,,,,,,,,,,,,,,,,,
ITA-Serie A,2324,Lazio,Davide Renzetti,,,,,,,,,,,,,,,,,,,,,,,,,,,,,,,,,,,0,,0,0,,10,,,,,,,,,,,,,,,,,,,,,,,,,,,,,,,
ITA-Serie A,2324,Lazio,Diego González,,,,,,,,,,,,,,,,,,,,,,,,,,,,,,,,,,,0,,0,0,,6,,,,,,,,,,,,,,,,,,,,,,,,,,,,,,,
ITA-Serie A,2324,Lazio,Dimitrije Kamenović,,,,,,,,,,,,,,,,,,,,,,,,,,,,,,,,,,,0,,0,0,,2,,,,,,,,,,,,,,,,,,,,,,,,,,,,,,,
ITA-Serie A,2324,Lazio,Fabio Ruggeri,,,,,,,,,,,,,,,,,,,,,,,,,,,,,,,,,,,0,,0,0,,10,,,,,,,,,,,,,,,,,,,,,,,,,,,,,,,
ITA-Serie A,2324,Lazio,Larsson Coulibaly,,,,,,,,,,,,,,,,,,,,,,,,,,,,,,,,,,,0,,0,0,,2,,,,,,,,,,,,,,,,,,,,,,,,,,,,,,,
ITA-Serie A,2324,Lazio,Luca Napolitano,,,,,,,,,,,,,,,,,,,,,,,,,,,,,,,,,,,0,,0,0,,2,,,,,,,,,,,,,,,,,,,,,,,,,,,,,,,
ITA-Serie A,2324,Lazio,Luigi Sepe,,,,,,,,,,,,,,,,,,,,,,,,,,,,,,,,,,,0,,0,0,,33,,,,,,,,,,,,,,,,,,,,,,,,,,,,,,,
ITA-Serie A,2324,Lazio,Marius Adamonis,,,,,,,,,,,,,,,,,,,,,,,,,,,,,,,,,,,0,,0,0,,2,,,,,,,,,,,,,,,,,,,,,,,,,,,,,,,
ITA-Serie A,2324,Lazio,Saná Fernandes,,,,,,,,,,,,,,,,,,,,,,,,,,,,,,,,,,,0,,0,0,,12,,,,,,,,,,,,,,,,,,,,,,,,,,,,,,,
ITA-Serie A,2324,Lazio,Toma Bašić,,,,,,,,,,,,,,,,,,,,,,,,,,,,,,,,,,,0,,0,0,,16,,,,,,,,,,,,,,,,,,,,,,,,,,,,,,,
ITA-Serie A,2324,Lecce,Alexandru Borbei,,,,,,,,,,,,,,,,,,,,,,,,,,,,,,,,,,,0,,0,0,,13,,,,,,,,,,,,,,,,,,,,,,,,,,,,,,,
ITA-Serie A,2324,Lecce,Daniel Samek,,,,,,,,,,,,,,,,,,,,,,,,,,,,,,,,,,,0,,0,0,,7,,,,,,,,,,,,,,,,,,,,,,,,,,,,,,,
ITA-Serie A,2324,Lecce,Federico Brancolini,,,,,,,,,,,,,,,,,,,,,,,,,,,,,,,,,,,0,,0,0,,34,,,,,,,,,,,,,,,,,,,,,,,,,,,,,,,
ITA-Serie A,2324,Lecce,Giacomo Faticanti,,,,,,,,,,,,,,,,,,,,,,,,,,,,,,,,,,,0,,0,0,,12,,,,,,,,,,,,,,,,,,,,,,,,,,,,,,,
ITA-Serie A,2324,Lecce,Jasper Samooja,,,,,,,,,,,,,,,,,,,,,,,,,,,,,,,,,,,0,,0,0,,31,,,,,,,,,,,,,,,,,,,,,,,,,,,,,,,
ITA-Serie A,2324,Lecce,Joel Voelkerling Persson,,,,,,,,,,,,,,,,,,,,,,,,,,,,,,,,,,,0,,0,0,,1,,,,,,,,,,,,,,,,,,,,,,,,,,,,,,,
ITA-Serie A,2324,Lecce,Kastriot Dermaku,,,,,,,,,,,,,,,,,,,,,,,,,,,,,,,,,,,0,,0,0,,7,,,,,,,,,,,,,,,,,,,,,,,,,,,,,,,
ITA-Serie A,2324,Lecce,Mats Lemmens,,,,,,,,,,,,,,,,,,,,,,,,,,,,,,,,,,,0,,0,0,,1,,,,,,,,,,,,,,,,,,,,,,,,,,,,,,,
ITA-Serie A,2324,Lecce,Sebastian Esposito,,,,,,,,,,,,,,,,,,,,,,,,,,,,,,,,,,,0,,0,0,,5,,,,,,,,,,,,,,,,,,,,,,,,,,,,,,,
ITA-Serie A,2324,Lecce,Youssef Maleh,,,,,,,,,,,,,,,,,,,,,,,,,,,,,,,,,,,0,,0,0,,2,,,,,,,,,,,,,,,,,,,,,,,,,,,,,,,
ITA-Serie A,2324,Lecce,Zinedin Smajlovic,,,,,,,,,,,,,,,,,,,,,,,,,,,,,,,,,,,0,,0,0,,14,,,,,,,,,,,,,,,,,,,,,,,,,,,,,,,
ITA-Serie A,2324,Lecce,Þórir Jóhann Helgason,,,,,,,,,,,,,,,,,,,,,,,,,,,,,,,,,,,0,,0,0,,2,,,,,,,,,,,,,,,,,,,,,,,,,,,,,,,
ITA-Serie A,2324,Milan,Andrea Bartoccioni,,,,,,,,,,,,,,,,,,,,,,,,,,,,,,,,,,,0,,0,0,,1,,,,,,,,,,,,,,,,,,,,,,,,,,,,,,,
ITA-Serie A,2324,Milan,Clinton Nsiala,,,,,,,,,,,,,,,,,,,,,,,,,,,,,,,,,,,0,,0,0,,3,,,,,,,,,,,,,,,,,,,,,,,,,,,,,,,
ITA-Serie A,2324,Milan,Diego Sia,,,,,,,,,,,,,,,,,,,,,,,,,,,,,,,,,,,0,,0,0,,1,,,,,,,,,,,,,,,,,,,,,,,,,,,,,,,
ITA-Serie A,2324,Milan,Lorenzo Colombo,,,,,,,,,,,,,,,,,,,,,,,,,,,,,,,,,,,0,,0,0,,2,,,,,,,,,,,,,,,,,,,,,,,,,,,,,,,
ITA-Serie A,2324,Milan,Lorenzo Torriani,,,,,,,,,,,,,,,,,,,,,,,,,,,,,,,,,,,0,,0,0,,2,,,,,,,,,,,,,,,,,,,,,,,,,,,,,,,
ITA-Serie A,2324,Milan,Noah Raveyre,,,,,,,,,,,,,,,,,,,,,,,,,,,,,,,,,,,0,,0,0,,1,,,,,,,,,,,,,,,,,,,,,,,,,,,,,,,
ITA-Serie A,2324,Milan,Victor Ehuwa Eletu,,,,,,,,,,,,,,,,,,,,,,,,,,,,,,,,,,,0,,0,0,,1,,,,,,,,,,,,,,,,,,,,,,,,,,,,,,,
ITA-Serie A,2324,Monza,Alessandro Berretta,,,,,,,,,,,,,,,,,,,,,,,,,,,,,,,,,,,0,,0,0,,2,,,,,,,,,,,,,,,,,,,,,,,,,,,,,,,
ITA-Serie A,2324,Monza,Andrea Mazza,,,,,,,,,,,,,,,,,,,,,,,,,,,,,,,,,,,0,,0,0,,4,,,,,,,,,,,,,,,,,,,,,,,,,,,,,,,
ITA-Serie A,2324,Monza,Andrea Petagna,,,,,,,,,,,,,,,,,,,,,,,,,,,,,,,,,,,0,,0,0,,2,,,,,,,,,,,,,,,,,,,,,,,,,,,,,,,
ITA-Serie A,2324,Monza,Eugenio Lamanna,,,,,,,,,,,,,,,,,,,,,,,,,,,,,,,,,,,0,,0,0,,14,,,,,,,,,,,,,,,,,,,,,,,,,,,,,,,
ITA-Serie A,2324,Monza,Franco Carboni,,,,,,,,,,,,,,,,,,,,,,,,,,,,,,,,,,,0,,0,0,,18,,,,,,,,,,,,,,,,,,,,,,,,,,,,,,,
ITA-Serie A,2324,Monza,Leonardo Colombo,,,,,,,,,,,,,,,,,,,,,,,,,,,,,,,,,,,0,,0,0,,1,,,,,,,,,,,,,,,,,,,,,,,,,,,,,,,
ITA-Serie A,2324,Monza,Matija Popović,,,,,,,,,,,,,,,,,,,,,,,,,,,,,,,,,,,0,,0,0,,3,,,,,,,,,,,,,,,,,,,,,,,,,,,,,,,
ITA-Serie A,2324,Monza,Stefano Gori,,,,,,,,,,,,,,,,,,,,,,,,,,,,,,,,,,,0,,0,0,,37,,,,,,,,,,,,,,,,,,,,,,,,,,,,,,,
ITA-Serie A,2324,Napoli,Francesco Gioielli,,,,,,,,,,,,,,,,,,,,,,,,,,,,,,,,,,,0,,0,0,,2,,,,,,,,,,,,,,,,,,,,,,,,,,,,,,,
ITA-Serie A,2324,Napoli,Hirving Lozano,,,,,,,,,,,,,,,,,,,,,,,,,,,,,,,,,,,0,,0,0,,2,,,,,,,,,,,,,,,,,,,,,,,,,,,,,,,
ITA-Serie A,2324,Napoli,Hubert Idasiak,,,,,,,,,,,,,,,,,,,,,,,,,,,,,,,,,,,0,,0,0,,17,,,,,,,,,,,,,,,,,,,,,,,,,,,,,,,
ITA-Serie A,2324,Napoli,Karim Zedadka,,,,,,,,,,,,,,,,,,,,,,,,,,,,,,,,,,,0,,0,0,,1,,,,,,,,,,,,,,,,,,,,,,,,,,,,,,,
ITA-Serie A,2324,Napoli,Lorenzo Russo,,,,,,,,,,,,,,,,,,,,,,,,,,,,,,,,,,,0,,0,0,,3,,,,,,,,,,,,,,,,,,,,,,,,,,,,,,,
ITA-Serie A,2324,Napoli,Luigi D'Avino,,,,,,,,,,,,,,,,,,,,,,,,,,,,,,,,,,,0,,0,0,,14,,,,,,,,,,,,,,,,,,,,,,,,,,,,,,,
ITA-Serie A,2324,Roma,Filippo Alessio,,,,,,,,,,,,,,,,,,,,,,,,,,,,,,,,,,,0,,0,0,,1,,,,,,,,,,,,,,,,,,,,,,,,,,,,,,,
ITA-Serie A,2324,Roma,Francesco D'Alessio,,,,,,,,,,,,,,,,,,,,,,,,,,,,,,,,,,,0,,0,0,,1,,,,,,,,,,,,,,,,,,,,,,,,,,,,,,,
ITA-Serie A,2324,Roma,Jan Oliveras,,,,,,,,,,,,,,,,,,,,,,,,,,,,,,,,,,,0,,0,0,,2,,,,,,,,,,,,,,,,,,,,,,,,,,,,,,,
ITA-Serie A,2324,Roma,Lovro Golič,,,,,,,,,,,,,,,,,,,,,,,,,,,,,,,,,,,0,,0,0,,2,,,,,,,,,,,,,,,,,,,,,,,,,,,,,,,
ITA-Serie A,2324,Roma,Luigi Cherubini,,,,,,,,,,,,,,,,,,,,,,,,,,,,,,,,,,,0,,0,0,,3,,,,,,,,,,,,,,,,,,,,,,,,,,,,,,,
ITA-Serie A,2324,Roma,Pietro Boer,,,,,,,,,,,,,,,,,,,,,,,,,,,,,,,,,,,0,,0,0,,36,,,,,,,,,,,,,,,,,,,,,,,,,,,,,,,
ITA-Serie A,2324,Roma,Renato Marin,,,,,,,,,,,,,,,,,,,,,,,,,,,,,,,,,,,0,,0,0,,1,,,,,,,,,,,,,,,,,,,,,,,,,,,,,,,
ITA-Serie A,2324,Salernitana,Andrei Motoc,,,,,,,,,,,,,,,,,,,,,,,,,,,,,,,,,,,0,,0,0,,1,,,,,,,,,,,,,,,,,,,,,,,,,,,,,,,
ITA-Serie A,2324,Salernitana,Antonio Iervolino,,,,,,,,,,,,,,,,,,,,,,,,,,,,,,,,,,,0,,0,0,,1,,,,,,,,,,,,,,,,,,,,,,,,,,,,,,,
ITA-Serie A,2324,Salernitana,Emanuele Elia,,,,,,,,,,,,,,,,,,,,,,,,,,,,,,,,,,,0,,0,0,,1,,,,,,,,,,,,,,,,,,,,,,,,,,,,,,,
ITA-Serie A,2324,Salernitana,Gregorio Salvati,,,,,,,,,,,,,,,,,,,,,,,,,,,,,,,,,,,0,,0,0,,13,,,,,,,,,,,,,,,,,,,,,,,,,,,,,,,
ITA-Serie A,2324,Salernitana,Luca Boncori,,,,,,,,,,,,,,,,,,,,,,,,,,,,,,,,,,,0,,0,0,,2,,,,,,,,,,,,,,,,,,,,,,,,,,,,,,,
ITA-Serie A,2324,Salernitana,Niccolò Guccione,,,,,,,,,,,,,,,,,,,,,,,,,,,,,,,,,,,0,,0,0,,2,,,,,,,,,,,,,,,,,,,,,,,,,,,,,,,
ITA-Serie A,2324,Salernitana,Pasquale Allocca,,,,,,,,,,,,,,,,,,,,,,,,,,,,,,,,,,,0,,0,0,,12,,,,,,,,,,,,,,,,,,,,,,,,,,,,,,,
ITA-Serie A,2324,Salernitana,Rocco Di Vico,,,,,,,,,,,,,,,,,,,,,,,,,,,,,,,,,,,0,,0,0,,2,,,,,,,,,,,,,,,,,,,,,,,,,,,,,,,
ITA-Serie A,2324,Salernitana,Tommaso Ferrari,,,,,,,,,,,,,,,,,,,,,,,,,,,,,,,,,,,0,,0,0,,5,,,,,,,,,,,,,,,,,,,,,,,,,,,,,,,
ITA-Serie A,2324,Sassuolo,Agustín Álvarez,,,,,,,,,,,,,,,,,,,,,,,,,,,,,,,,,,,0,,0,0,,3,,,,,,,,,,,,,,,,,,,,,,,,,,,,,,,
ITA-Serie A,2324,Sassuolo,Alessandro Scacchetti,,,,,,,,,,,,,,,,,,,,,,,,,,,,,,,,,,,0,,0,0,,2,,,,,,,,,,,,,,,,,,,,,,,,,,,,,,,
ITA-Serie A,2324,Sassuolo,Daniel Theiner,,,,,,,,,,,,,,,,,,,,,,,,,,,,,,,,,,,0,,0,0,,2,,,,,,,,,,,,,,,,,,,,,,,,,,,,,,,
ITA-Serie A,2324,Sassuolo,Gianluca Pegolo,,,,,,,,,,,,,,,,,,,,,,,,,,,,,,,,,,,0,,0,0,,37,,,,,,,,,,,,,,,,,,,,,,,,,,,,,,,
ITA-Serie A,2324,Sassuolo,Matteo Falasca,,,,,,,,,,,,,,,,,,,,,,,,,,,,,,,,,,,0,,0,0,,1,,,,,,,,,,,,,,,,,,,,,,,,,,,,,,,
ITA-Serie A,2324,Sassuolo,Salim Abubakar,,,,,,,,,,,,,,,,,,,,,,,,,,,,,,,,,,,0,,0,0,,1,,,,,,,,,,,,,,,,,,,,,,,,,,,,,,,
ITA-Serie A,2324,Sassuolo,Seb Loeffen,,,,,,,,,,,,,,,,,,,,,,,,,,,,,,,,,,,0,,0,0,,1,,,,,,,,,,,,,,,,,,,,,,,,,,,,,,,
ITA-Serie A,2324,Sassuolo,Yeferson Paz,,,,,,,,,,,,,,,,,,,,,,,,,,,,,,,,,,,0,,0,0,,2,,,,,,,,,,,,,,,,,,,,,,,,,,,,,,,
ITA-Serie A,2324,Torino,Aaron Ciammaglichella,,,,,,,,,,,,,,,,,,,,,,,,,,,,,,,,,,,0,,0,0,,7,,,,,,,,,,,,,,,,,,,,,,,,,,,,,,,
ITA-Serie A,2324,Torino,Ali Dembélé,,,,,,,,,,,,,,,,,,,,,,,,,,,,,,,,,,,0,,0,0,,1,,,,,,,,,,,,,,,,,,,,,,,,,,,,,,,
ITA-Serie A,2324,Torino,Alieu Njie,,,,,,,,,,,,,,,,,,,,,,,,,,,,,,,,,,,0,,0,0,,2,,,,,,,,,,,,,,,,,,,,,,,,,,,,,,,
ITA-Serie A,2324,Torino,Brian Bayeye,,,,,,,,,,,,,,,,,,,,,,,,,,,,,,,,,,,0,,0,0,,2,,,,,,,,,,,,,,,,,,,,,,,,,,,,,,,
ITA-Serie A,2324,Torino,Caumenan N'Guessan,,,,,,,,,,,,,,,,,,,,,,,,,,,,,,,,,,,0,,0,0,,12,,,,,,,,,,,,,,,,,,,,,,,,,,,,,,,
ITA-Serie A,2324,Torino,Côme Bianay Balcot,,,,,,,,,,,,,,,,,,,,,,,,,,,,,,,,,,,0,,0,0,,3,,,,,,,,,,,,,,,,,,,,,,,,,,,,,,,
ITA-Serie A,2324,Torino,Emirhan İlkhan,,,,,,,,,,,,,,,,,,,,,,,,,,,,,,,,,,,0,,0,0,,2,,,,,,,,,,,,,,,,,,,,,,,,,,,,,,,
ITA-Serie A,2324,Torino,Jacopo Antolini,,,,,,,,,,,,,,,,,,,,,,,,,,,,,,,,,,,0,,0,0,,7,,,,,,,,,,,,,,,,,,,,,,,,,,,,,,,
ITA-Serie A,2324,Torino,Jonathan Silva,,,,,,,,,,,,,,,,,,,,,,,,,,,,,,,,,,,0,,0,0,,6,,,,,,,,,,,,,,,,,,,,,,,,,,,,,,,
ITA-Serie A,2324,Torino,Matteo Brezzo,,,,,,,,,,,,,,,,,,,,,,,,,,,,,,,,,,,0,,0,0,,4,,,,,,,,,,,,,,,,,,,,,,,,,,,,,,,
ITA-Serie A,2324,Torino,Mihai Popa,,,,,,,,,,,,,,,,,,,,,,,,,,,,,,,,,,,0,,0,0,,33,,,,,,,,,,,,,,,,,,,,,,,,,,,,,,,
ITA-Serie A,2324,Torino,Pietro Passador,,,,,,,,,,,,,,,,,,,,,,,,,,,,,,,,,,,0,,0,0,,3,,,,,,,,,,,,,,,,,,,,,,,,,,,,,,,
ITA-Serie A,2324,Torino,Uroš Kabić,,,,,,,,,,,,,,,,,,,,,,,,,,,,,,,,,,,0,,0,0,,14,,,,,,,,,,,,,,,,,,,,,,,,,,,,,,,
ITA-Serie A,2324,Torino,Vimoj Muntu Wa Mungu,,,,,,,,,,,,,,,,,,,,,,,,,,,,,,,,,,,0,,0,0,,2,,,,,,,,,,,,,,,,,,,,,,,,,,,,,,,
ITA-Serie A,2324,Udinese,Bor Žunec,,,,,,,,,,,,,,,,,,,,,,,,,,,,,,,,,,,0,,0,0,,1,,,,,,,,,,,,,,,,,,,,,,,,,,,,,,,
ITA-Serie A,2324,Udinese,Daniele Padelli,,,,,,,,,,,,,,,,,,,,,,,,,,,,,,,,,,0.0,0,,0,0,,29,1.0,1,1,0,,,,,,,,,,,,,,,,,,,,,,,,,,,
ITA-Serie A,2324,Udinese,David Pejičić,,,,,,,,,,,,,,,,,,,,,,,,,,,,,,,,,,,0,,0,0,,6,,,,,,,,,,,,,,,,,,,,,,,,,,,,,,,
ITA-Serie A,2324,Udinese,Edoardo Piana,,,,,,,,,,,,,,,,,,,,,,,,,,,,,,,,,,,0,,0,0,,2,,,,,,,,,,,,,,,,,,,,,,,,,,,,,,,
ITA-Serie A,2324,Udinese,Etienne Camara,,,,,,,,,,,,,,,,,,,,,,,,,,,,,,,,,,,0,,0,0,,22,,,,,,,,,,,,,,,,,,,,,,,,,,,,,,,
ITA-Serie A,2324,Udinese,Federico Mosca,,,,,,,,,,,,,,,,,,,,,,,,,,,,,,,,,,,0,,0,0,,6,,,,,,,,,,,,,,,,,,,,,,,,,,,,,,,
ITA-Serie A,2324,Udinese,James Abankwah,,,,,,,,,,,,,,,,,,,,,,,,,,,,,,,,,,,0,,0,0,,6,,,,,,,,,,,,,,,,,,,,,,,,,,,,,,,
ITA-Serie A,2324,Udinese,Joel Malusà,,,,,,,,,,,,,,,,,,,,,,,,,,,,,,,,,,,0,,0,0,,6,,,,,,,,,,,,,,,,,,,,,,,,,,,,,,,
ITA-Serie A,2324,Udinese,Matteo Palma,,,,,,,,,,,,,,,,,,,,,,,,,,,,,,,,,,,0,,0,0,,1,,,,,,,,,,,,,,,,,,,,,,,,,,,,,,,
ITA-Serie A,2324,Udinese,Samuel John Nwachukwu,,,,,,,,,,,,,,,,,,,,,,,,,,,,,,,,,,,0,,0,0,,3,,,,,,,,,,,,,,,,,,,,,,,,,,,,,,,
ITA-Serie A,2324,Udinese,Sekou Diawara,,,,,,,,,,,,,,,,,,,,,,,,,,,,,,,,,,,0,,0,0,,1,,,,,,,,,,,,,,,,,,,,,,,,,,,,,,,
,2324,Augsburg,Daniel Hausmann,,,,,,,,,,,,,,,,,,,,,,,,,,,,,,,,,,,0,,0,0,,2,,,,,,,,,,,,,,,,,,,,,,,,,,,,,,,
,2324,Augsburg,David Deger,,,,,,,,,,,,,,,,,,,,,,,,,,,,,,,,,,,0,,0,0,,1,,,,,,,,,,,,,,,,,,,,,,,,,,,,,,,
,2324,Augsburg,David Čolina,,,,,,,,,,,,,,,,,,,,,,,,,,,,,,,,,,,0,,0,0,,3,,,,,,,,,,,,,,,,,,,,,,,,,,,,,,,
,2324,Augsburg,Frederik Winther,,,,,,,,,,,,,,,,,,,,,,,,,,,,,,,,,,,0,,0,0,,3,,,,,,,,,,,,,,,,,,,,,,,,,,,,,,,
,2324,Augsburg,Japhet Tanganga,,,,,,,,,,,,,,,,,,,,,,,,,,,,,,,,,,,0,,0,0,,1,,,,,,,,,,,,,,,,,,,,,,,,,,,,,,,
,2324,Augsburg,Marcel Łubik,,,,,,,,,,,,,,,,,,,,,,,,,,,,,,,,,,,0,,0,0,,3,,,,,,,,,,,,,,,,,,,,,,,,,,,,,,,
,2324,Bayern Munich,Adam Aznou,,,,,,,,,,,,,,,,,,,,,,,,,,,,,,,,,,,0,,0,0,,6,,,,,,,,,,,,,,,,,,,,,,,,,,,,,,,
,2324,Bayern Munich,Benjamin Pavard,,,,,,,,,,,,,,,,,,,,,,,,,,,,,,,,,,,0,,0,0,,1,,,,,,,,,,,,,,,,,,,,,,,,,,,,,,,
,2324,Bayern Munich,Max Scholze,,,,,,,,,,,,,,,,,,,,,,,,,,,,,,,,,,,0,,0,0,,1,,,,,,,,,,,,,,,,,,,,,,,,,,,,,,,
,2324,Bayern Munich,Noel Nkili,,,,,,,,,,,,,,,,,,,,,,,,,,,,,,,,,,,0,,0,0,,3,,,,,,,,,,,,,,,,,,,,,,,,,,,,,,,
,2324,Bayern Munich,Taichi Fukui,,,,,,,,,,,,,,,,,,,,,,,,,,,,,,,,,,,0,,0,0,,1,,,,,,,,,,,,,,,,,,,,,,,,,,,,,,,
,2324,Bayern Munich,Tom Hülsmann,,,,,,,,,,,,,,,,,,,,,,,,,,,,,,,,,,,0,,0,0,,2,,,,,,,,,,,,,,,,,,,,,,,,,,,,,,,
,2324,Bochum,Agon Elezi,,,,,,,,,,,,,,,,,,,,,,,,,,,,,,,,,,,0,,0,0,,5,,,,,,,,,,,,,,,,,,,,,,,,,,,,,,,
,2324,Bochum,Hugo Rölleke,,,,,,,,,,,,,,,,,,,,,,,,,,,,,,,,,,,0,,0,0,,2,,,,,,,,,,,,,,,,,,,,,,,,,,,,,,,
,2324,Bochum,Jordi Osei-Tutu,,,,,,,,,,,,,,,,,,,,,,,,,,,,,,,,,,,0,,0,0,,1,,,,,,,,,,,,,,,,,,,,,,,,,,,,,,,
,2324,Bochum,Michael Esser,,,,,,,,,,,,,,,,,,,,,,,,,,,,,,,,,,,0,,0,0,,1,,,,,,,,,,,,,,,,,,,,,,,,,,,,,,,
,2324,Bochum,Moritz Römling,,,,,,,,,,,,,,,,,,,,,,,,,,,,,,,,,,,0,,0,0,,2,,,,,,,,,,,,,,,,,,,,,,,,,,,,,,,
,2324,Bochum,Niclas Thiede,,,,,,,,,,,,,,,,,,,,,,,,,,,,,,,,,,,0,,0,0,,20,,,,,,,,,,,,,,,,,,,,,,,,,,,,,,,
,2324,Darmstadt 98,Morten Behrens,,,,,,,,,,,,,,,,,,,,,,,,,,,,,,,,,,,0,,0,0,,12,,,,,,,,,,,,,,,,,,,,,,,,,,,,,,,
,2324,Dortmund,Guille Bueno,,,,,,,,,,,,,,,,,,,,,,,,,,,,,,,,,,,0,,0,0,,1,,,,,,,,,,,,,,,,,,,,,,,,,,,,,,,
,2324,Dortmund,Marcel Lotka,,,,,,,,,,,,,,,,,,,,,,,,,,,,,,,,,,,0,,0,0,,7,,,,,,,,,,,,,,,,,,,,,,,,,,,,,,,
,2324,Dortmund,Paris Brunner,,,,,,,,,,,,,,,,,,,,,,,,,,,,,,,,,,,0,,0,0,,1,,,,,,,,,,,,,,,,,,,,,,,,,,,,,,,
,2324,Frankfurt,Kauã Santos,,,,,,,,,,,,,,,,,,,,,,,,,,,,,,,,,,,0,,0,0,,2,,,,,,,,,,,,,,,,,,,,,,,,,,,,,,,
,2324,Frankfurt,Simon Simoni,,,,,,,,,,,,,,,,,,,,,,,,,,,,,,,,,,,0,,0,0,,1,,,,,,,,,,,,,,,,,,,,,,,,,,,,,,,
,2324,Freiburg,Florian Müller,,,,,,,,,,,,,,,,,,,,,,,,,,,,,,,,,,,0,,0,0,,34,,,,,,,,,,,,,,,,,,,,,,,,,,,,,,,
,2324,Freiburg,Keven Schlotterbeck,,,,,,,,,,,,,,,,,,,,,,,,,,,,,,,,,,,0,,0,0,,1,,,,,,,,,,,,,,,,,,,,,,,,,,,,,,,
,2324,Freiburg,Max Rosenfelder,,,,,,,,,,,,,,,,,,,,,,,,,,,,,,,,,,,0,,0,0,,1,,,,,,,,,,,,,,,,,,,,,,,,,,,,,,,
,2324,Freiburg,Mika Baur,,,,,,,,,,,,,,,,,,,,,,,,,,,,,,,,,,,0,,0,0,,4,,,,,,,,,,,,,,,,,,,,,,,,,,,,,,,
,2324,Freiburg,Ryan Johansson,,,,,,,,,,,,,,,,,,,,,,,,,,,,,,,,,,,0,,0,0,,2,,,,,,,,,,,,,,,,,,,,,,,,,,,,,,,
,2324,Gladbach,Jan Olschowsky,,,,,,,,,,,,,,,,,,,,,,,,,,,,,,,,,,,0,,0,0,,23,,,,,,,,,,,,,,,,,,,,,,,,,,,,,,,
,2324,Gladbach,Simon Walde,,,,,,,,,,,,,,,,,,,,,,,,,,,,,,,,,,,0,,0,0,,3,,,,,,,,,,,,,,,,,,,,,,,,,,,,,,,
,2324,Gladbach,Tobias Sippel,,,,,,,,,,,,,,,,,,,,,,,,,,,,,,,,,,,0,,0,0,,4,,,,,,,,,,,,,,,,,,,,,,,,,,,,,,,
,2324,Heidenheim,Frank Feller,,,,,,,,,,,,,,,,,,,,,,,,,,,,,,,,,,,0,,0,0,,1,,,,,,,,,,,,,,,,,,,,,,,,,,,,,,,
,2324,Heidenheim,Luka Janes,,,,,,,,,,,,,,,,,,,,,,,,,,,,,,,,,,,0,,0,0,,5,,,,,,,,,,,,,,,,,,,,,,,,,,,,,,,
,2324,Heidenheim,Seedy Jarju,,,,,,,,,,,,,,,,,,,,,,,,,,,,,,,,,,,0,,0,0,,1,,,,,,,,,,,,,,,,,,,,,,,,,,,,,,,
,2324,Heidenheim,Vitus Eicher,,,,,,,,,,,,,,,,,,,,,,,,,,,,,,,,,,,0,,0,0,,33,,,,,,,,,,,,,,,,,,,,,,,,,,,,,,,
,2324,Hoffenheim,Joshua Quarshie,,,,,,,,,,,,,,,,,,,,,,,,,,,,,,,,,,,0,,0,0,,1,,,,,,,,,,,,,,,,,,,,,,,,,,,,,,,
,2324,Hoffenheim,Luca Philipp,,,,,,,,,,,,,,,,,,,,,,,,,,,,,,,,,,0.0,0,,0,0,,26,0.0,2,3,-1,,,,,,,,,,,,,,,,,,,,,,,,,,,
,2324,Hoffenheim,Nahuel Noll,,,,,,,,,,,,,,,,,,,,,,,,,,,,,,,,,,,0,,0,0,,7,,,,,,,,,,,,,,,,,,,,,,,,,,,,,,,
,2324,Köln,Dimitris Limnios,,,,,,,,,,,,,,,,,,,,,,,,,,,,,,,,,,,0,,0,0,,4,,,,,,,,,,,,,,,,,,,,,,,,,,,,,,,
,2324,Köln,Elias Bakatukanda,,,,,,,,,,,,,,,,,,,,,,,,,,,,,,,,,,,0,,0,0,,3,,,,,,,,,,,,,,,,,,,,,,,,,,,,,,,
,2324,Köln,Kristian Pedersen,,,,,,,,,,,,,,,,,,,,,,,,,,,,,,,,,,,0,,0,0,,1,,,,,,,,,,,,,,,,,,,,,,,,,,,,,,,
,2324,Köln,Matthias Köbbing,,,,,,,,,,,,,,,,,,,,,,,,,,,,,,,,,,,0,,0,0,,10,,,,,,,,,,,,,,,,,,,,,,,,,,,,,,,
,2324,Köln,Philipp Pentke,,,,,,,,,,,,,,,,,,,,,,,,,,,,,,,,,,0.0,0,,0,0,,24,1.0,1,1,0,,,,,,,,,,,,,,,,,,,,,,,,,,,
,2324,Leverkusen,Francis Onyeka,,,,,,,,,,,,,,,,,,,,,,,,,,,,,,,,,,,0,,0,0,,2,,,,,,,,,,,,,,,,,,,,,,,,,,,,,,,
,2324,Leverkusen,Ken Izekor,,,,,,,,,,,,,,,,,,,,,,,,,,,,,,,,,,,0,,0,0,,2,,,,,,,,,,,,,,,,,,,,,,,,,,,,,,,
,2324,Leverkusen,Niklas Lomb,,,,,,,,,,,,,,,,,,,,,,,,,,,,,,,,,,,0,,0,0,,2,,,,,,,,,,,,,,,,,,,,,,,,,,,,,,,
,2324,Leverkusen,Reno Münz,,,,,,,,,,,,,,,,,,,,,,,,,,,,,,,,,,,0,,0,0,,2,,,,,,,,,,,,,,,,,,,,,,,,,,,,,,,
,2324,Leverkusen,Timothy Fosu-Mensah,,,,,,,,,,,,,,,,,,,,,,,,,,,,,,,,,,,0,,0,0,,7,,,,,,,,,,,,,,,,,,,,,,,,,,,,,,,
,2324,Mainz 05,Lasse Rieß,,,,,,,,,,,,,,,,,,,,,,,,,,,,,,,,,,,0,,0,0,,21,,,,,,,,,,,,,,,,,,,,,,,,,,,,,,,
,2324,Mainz 05,Lasse Wilhelm,,,,,,,,,,,,,,,,,,,,,,,,,,,,,,,,,,,0,,0,0,,4,,,,,,,,,,,,,,,,,,,,,,,,,,,,,,,
,2324,Mainz 05,Maxim Dal,,,,,,,,,,,,,,,,,,,,,,,,,,,,,,,,,,,0,,0,0,,2,,,,,,,,,,,,,,,,,,,,,,,,,,,,,,,
,2324,Mainz 05,Tim Müller,,,,,,,,,,,,,,,,,,,,,,,,,,,,,,,,,,,0,,0,0,,2,,,,,,,,,,,,,,,,,,,,,,,,,,,,,,,
,2324,RB Leipzig,Hugo Novoa,,,,,,,,,,,,,,,,,,,,,,,,,,,,,,,,,,,0,,0,0,,1,,,,,,,,,,,,,,,,,,,,,,,,,,,,,,,
,2324,RB Leipzig,Ilaix Moriba,,,,,,,,,,,,,,,,,,,,,,,,,,,,,,,,,,,0,,0,0,,6,,,,,,,,,,,,,,,,,,,,,,,,,,,,,,,
,2324,RB Leipzig,Leopold Zingerle,,,,,,,,,,,,,,,,,,,,,,,,,,,,,,,,,,,0,,0,0,,10,,,,,,,,,,,,,,,,,,,,,,,,,,,,,,,
,2324,RB Leipzig,Tim Köhler,,,,,,,,,,,,,,,,,,,,,,,,,,,,,,,,,,,0,,0,0,,1,,,,,,,,,,,,,,,,,,,,,,,,,,,,,,,
,2324,RB Leipzig,Yannick Eduardo,,,,,,,,,,,,,,,,,,,,,,,,,,,,,,,,,,,0,,0,0,,2,,,,,,,,,,,,,,,,,,,,,,,,,,,,,,,
,2324,Stuttgart,Anrie Chase,,,,,,,,,,,,,,,,,,,,,,,,,,,,,,,,,,,0,,0,0,,9,,,,,,,,,,,,,,,,,,,,,,,,,,,,,,,
,2324,Stuttgart,Dennis Seimen,,,,,,,,,,,,,,,,,,,,,,,,,,,,,,,,,,,0,,0,0,,6,,,,,,,,,,,,,,,,,,,,,,,,,,,,,,,
,2324,Stuttgart,Florian Schock,,,,,,,,,,,,,,,,,,,,,,,,,,,,,,,,,,,0,,0,0,,3,,,,,,,,,,,,,,,,,,,,,,,,,,,,,,,
,2324,Stuttgart,Mohamed Sankoh,,,,,,,,,,,,,,,,,,,,,,,,,,,,,,,,,,,0,,0,0,,1,,,,,,,,,,,,,,,,,,,,,,,,,,,,,,,
,2324,Stuttgart,Moussa Cissé,,,,,,,,,,,,,,,,,,,,,,,,,,,,,,,,,,,0,,0,0,,3,,,,,,,,,,,,,,,,,,,,,,,,,,,,,,,
,2324,Stuttgart,Raul Paula,,,,,,,,,,,,,,,,,,,,,,,,,,,,,,,,,,,0,,0,0,,4,,,,,,,,,,,,,,,,,,,,,,,,,,,,,,,
,2324,Stuttgart,Thomas Kastanaras,,,,,,,,,,,,,,,,,,,,,,,,,,,,,,,,,,,0,,0,0,,2,,,,,,,,,,,,,,,,,,,,,,,,,,,,,,,
,2324,Union Berlin,Jakob Busk,,,,,,,,,,,,,,,,,,,,,,,,,,,,,,,,,,,0,,0,0,,6,,,,,,,,,,,,,,,,,,,,,,,,,,,,,,,
,2324,Union Berlin,Oluwaseun Ogbemudia,,,,,,,,,,,,,,,,,,,,,,,,,,,,,,,,,,,0,,0,0,,2,,,,,,,,,,,,,,,,,,,,,,,,,,,,,,,
,2324,Union Berlin,Tim Schleinitz,,,,,,,,,,,,,,,,,,,,,,,,,,,,,,,,,,,0,,0,0,,1,,,,,,,,,,,,,,,,,,,,,,,,,,,,,,,
,2324,Werder Bremen,Cimo Röcker,,,,,,,,,,,,,,,,,,,,,,,,,,,,,,,,,,,0,,0,0,,11,,,,,,,,,,,,,,,,,,,,,,,,,,,,,,,
,2324,Werder Bremen,Dudu,,,,,,,,,,,,,,,,,,,,,,,,,,,,,,,,,,,0,,0,0,,9,,,,,,,,,,,,,,,,,,,,,,,,,,,,,,,
,2324,Werder Bremen,Jakob Löpping,,,,,,,,,,,,,,,,,,,,,,,,,,,,,,,,,,,0,,0,0,,1,,,,,,,,,,,,,,,,,,,,,,,,,,,,,,,
,2324,Werder Bremen,Kein Sato,,,,,,,,,,,,,,,,,,,,,,,,,,,,,,,,,,,0,,0,0,,3,,,,,,,,,,,,,,,,,,,,,,,,,,,,,,,
,2324,Werder Bremen,Spyridon Angelidis,,,,,,,,,,,,,,,,,,,,,,,,,,,,,,,,,,,0,,0,0,,1,,,,,,,,,,,,,,,,,,,,,,,,,,,,,,,
,2324,Wolfsburg,Anders Børset,,,,,,,,,,,,,,,,,,,,,,,,,,,,,,,,,,,0,,0,0,,1,,,,,,,,,,,,,,,,,,,,,,,,,,,,,,,
,2324,Wolfsburg,Niklas Klinger,,,,,,,,,,,,,,,,,,,,,,,,,,,,,,,,,,,0,,0,0,,7,,,,,,,,,,,,,,,,,,,,,,,,,,,,,,,
,2324,Wolfsburg,Philipp Schulze,,,,,,,,,,,,,,,,,,,,,,,,,,,,,,,,,,,0,,0,0,,4,,,,,,,,,,,,,,,,,,,,,,,,,,,,,,,
