league,season,team,player,nation,pos,age,born,Playing Time_MP,Playing Time_Starts,Playing Time_Min,Playing Time_90s,Performance_Gls,Performance_Ast,Performance_G+A,Performance_G-PK,Performance_PK,Performance_PKatt,Performance_CrdY,Performance_CrdR,Per 90 Minutes_Gls,Per 90 Minutes_Ast,Per 90 Minutes_G+A,Per 90 Minutes_G-PK,Per 90 Minutes_G+A-PK,90s,Standard_Gls,Standard_Sh,Standard_SoT,Standard_SoT%,Standard_Sh/90,Standard_SoT/90,Standard_G/Sh,Standard_G/SoT,Standard_PK,Standard_PKatt,Playing Time_Mn/MP,Playing Time_Min%,Starts_Starts,Starts_Mn/Start,Starts_Compl,Subs_Subs,Subs_Mn/Sub,Subs_unSub,Team Success_PPM,Team Success_onG,Team Success_onGA,Team Success_+/-,Team Success_+/-90,Team Success_On-Off,Performance_2CrdY,Performance_Fls,Performance_Fld,Performance_Off,Performance_Crs,Performance_Int,Performance_TklW,Performance_PKwon,Performance_PKcon,Performance_OG,Performance_GA,Performance_GA90,Performance_SoTA,Performance_Saves,Performance_Save%,Performance_W,Performance_D,Performance_L,Performance_CS,Performance_CS%,Penalty Kicks_PKatt,Penalty Kicks_PKA,Penalty Kicks_PKsv,Penalty Kicks_PKm,Penalty Kicks_Save%,entrena,confianza,cluster,perfil,dist_centroide
ENG-Premier League,2324,Arsenal,Bukayo Saka,ENG,FW,21.0,2001.0,35.0,35.0,2919.0,32.4,16.0,9.0,25.0,10.0,6.0,6.0,4.0,0.0,0.49,0.28,0.77,0.31,0.59,32.4,16.0,107.0,37.0,34.6,3.3,1.14,0.15,0.43,6.0,6.0,83.0,85.4,35,83.0,17,0,,0,2.29,78.0,27.0,51.0,1.57,-0.4,0.0,41.0,69.0,8.0,181.0,16.0,37.0,,,0.0,,,,,,,,,,,,,,,,True,alta,0,Delantero asociativo,2.3070664595527526
ENG-Premier League,2324,Arsenal,Eddie Nketiah,ENG,FW,24.0,1999.0,27.0,10.0,1082.0,12.0,5.0,2.0,7.0,5.0,0.0,0.0,3.0,0.0,0.42,0.17,0.58,0.42,0.58,12.0,5.0,38.0,12.0,31.6,3.16,1.0,0.13,0.42,0.0,0.0,40.0,31.6,10,78.0,3,17,18.0,11,2.15,24.0,10.0,14.0,1.16,-0.68,0.0,24.0,28.0,8.0,5.0,4.0,7.0,,,0.0,,,,,,,,,,,,,,,,True,alta,1,Nueve de choque,2.354096373678955
ENG-Premier League,2324,Arsenal,Gabriel Jesus,BRA,FW,26.0,1997.0,27.0,17.0,1478.0,16.4,4.0,5.0,9.0,4.0,0.0,0.0,6.0,0.0,0.24,0.3,0.55,0.24,0.55,16.4,4.0,55.0,19.0,34.5,3.35,1.16,0.07,0.21,0.0,0.0,55.0,43.2,17,78.0,4,10,16.0,3,2.19,29.0,11.0,18.0,1.1,-0.94,0.0,26.0,32.0,16.0,9.0,13.0,17.0,,,0.0,,,,,,,,,,,,,,,,True,alta,0,Delantero asociativo,2.755277272732361
ENG-Premier League,2324,Arsenal,Gabriel Martinelli,BRA,FW,22.0,2001.0,35.0,24.0,2019.0,22.4,6.0,4.0,10.0,6.0,0.0,0.0,1.0,0.0,0.27,0.18,0.45,0.27,0.45,22.4,6.0,58.0,22.0,37.9,2.59,0.98,0.1,0.27,0.0,0.0,58.0,59.0,24,74.0,4,11,22.0,0,2.34,52.0,22.0,30.0,1.34,-0.72,0.0,23.0,24.0,10.0,109.0,4.0,23.0,,,0.0,,,,,,,,,,,,,,,,True,alta,3,Extremo centrador,1.8639832166661114
ENG-Premier League,2324,Arsenal,Kai Havertz,GER,"MF,FW",24.0,1999.0,37.0,30.0,2634.0,29.3,13.0,7.0,20.0,12.0,1.0,1.0,11.0,0.0,0.44,0.24,0.68,0.41,0.65,29.3,13.0,69.0,28.0,40.6,2.36,0.96,0.19,0.46,1.0,1.0,71.0,77.0,30,83.0,18,7,19.0,0,2.41,77.0,22.0,55.0,1.88,1.08,0.0,49.0,44.0,15.0,11.0,18.0,17.0,,,0.0,,,,,,,,,,,,,,,,True,alta,0,Delantero asociativo,1.746106231323224
ENG-Premier League,2324,Arsenal,Leandro Trossard,BEL,"FW,MF",28.0,1994.0,34.0,18.0,1649.0,18.3,12.0,1.0,13.0,12.0,0.0,0.0,2.0,0.0,0.65,0.05,0.71,0.65,0.71,18.3,12.0,60.0,22.0,36.7,3.27,1.2,0.2,0.55,0.0,0.0,49.0,48.2,18,72.0,3,16,22.0,3,2.32,45.0,11.0,34.0,1.86,0.43,0.0,15.0,20.0,9.0,57.0,8.0,14.0,,,0.0,,,,,,,,,,,,,,,,True,alta,0,Delantero asociativo,2.6813504257834135
ENG-Premier League,2324,Aston Villa,Jáder Durán,COL,FW,19.0,2003.0,23.0,3.0,475.0,5.3,5.0,0.0,5.0,5.0,0.0,0.0,5.0,0.0,0.95,0.0,0.95,0.95,0.95,5.3,5.0,20.0,7.0,35.0,3.79,1.33,0.25,0.71,0.0,0.0,21.0,13.9,3,68.0,1,20,14.0,5,1.74,15.0,12.0,3.0,0.57,0.2,0.0,12.0,8.0,4.0,6.0,1.0,5.0,,,0.0,,,,,,,,,,,,,,,,False,baja,1,Nueve de choque,3.5561974507447514
ENG-Premier League,2324,Aston Villa,Moussa Diaby,FRA,"MF,FW",24.0,1999.0,38.0,25.0,2174.0,24.2,6.0,8.0,14.0,6.0,0.0,0.0,1.0,0.0,0.25,0.33,0.58,0.25,0.58,24.2,6.0,54.0,23.0,42.6,2.24,0.95,0.11,0.26,0.0,0.0,57.0,63.6,25,75.0,4,13,23.0,0,1.79,41.0,40.0,1.0,0.04,-0.97,0.0,16.0,15.0,6.0,45.0,9.0,5.0,,,0.0,,,,,,,,,,,,,,,,True,alta,3,Extremo centrador,2.19993560810234
ENG-Premier League,2324,Aston Villa,Nicolò Zaniolo,ITA,"MF,FW",24.0,1999.0,25.0,9.0,839.0,9.3,2.0,0.0,2.0,2.0,0.0,0.0,7.0,0.0,0.21,0.0,0.21,0.21,0.21,9.3,2.0,27.0,10.0,37.0,2.9,1.07,0.07,0.2,0.0,0.0,34.0,24.5,9,61.0,0,16,18.0,5,1.6,17.0,13.0,4.0,0.43,0.05,0.0,24.0,21.0,0.0,18.0,1.0,9.0,,,0.0,,,,,,,,,,,,,,,,False,baja,2,Extremo de presión,3.50996601586645
ENG-Premier League,2324,Aston Villa,Ollie Watkins,ENG,FW,27.0,1995.0,37.0,37.0,3217.0,35.7,19.0,13.0,32.0,19.0,0.0,0.0,4.0,0.0,0.53,0.36,0.9,0.53,0.9,35.7,19.0,106.0,46.0,43.4,2.97,1.29,0.18,0.41,0.0,0.0,87.0,94.1,37,87.0,27,0,,0,1.84,71.0,56.0,15.0,0.42,0.42,0.0,22.0,41.0,17.0,14.0,4.0,7.0,,,0.0,,,,,,,,,,,,,,,,True,alta,4,Nueve de área,2.0262374004517483
ENG-Premier League,2324,Aston Villa,Youri Tielemans,BEL,"MF,FW",26.0,1997.0,32.0,17.0,1622.0,18.0,2.0,6.0,8.0,2.0,0.0,0.0,3.0,0.0,0.11,0.33,0.44,0.11,0.44,18.0,2.0,14.0,6.0,42.9,0.78,0.33,0.14,0.33,0.0,0.0,51.0,47.4,17,77.0,6,15,21.0,0,1.91,40.0,27.0,13.0,0.72,0.62,0.0,22.0,29.0,0.0,31.0,14.0,21.0,,,0.0,,,,,,,,,,,,,,,,True,alta,2,Extremo de presión,3.153979775555224
ENG-Premier League,2324,Bournemouth,Dominic Solanke,ENG,FW,25.0,1997.0,38.0,37.0,3325.0,36.9,19.0,3.0,22.0,17.0,2.0,3.0,3.0,0.0,0.51,0.08,0.6,0.46,0.54,36.9,19.0,109.0,38.0,34.9,2.95,1.03,0.17,0.5,2.0,3.0,88.0,97.2,37,89.0,28,1,32.0,0,1.26,51.0,61.0,-10.0,-0.27,2.57,0.0,41.0,45.0,16.0,6.0,7.0,9.0,,,0.0,,,,,,,,,,,,,,,,True,alta,1,Nueve de choque,1.7831771539585377
ENG-Premier League,2324,Brentford,Bryan Mbeumo,CMR,FW,23.0,1999.0,25.0,22.0,1960.0,21.8,9.0,6.0,15.0,6.0,3.0,3.0,2.0,0.0,0.41,0.28,0.69,0.28,0.55,21.8,9.0,53.0,20.0,37.7,2.43,0.92,0.17,0.45,3.0,3.0,78.0,57.3,22,87.0,18,3,17.0,0,1.28,37.0,31.0,6.0,0.28,1.2,0.0,22.0,42.0,4.0,93.0,7.0,9.0,,,0.0,,,,,,,,,,,,,,,,True,alta,3,Extremo centrador,1.6187354948804635
ENG-Premier League,2324,Brentford,Ivan Toney,ENG,FW,27.0,1996.0,17.0,16.0,1450.0,16.1,4.0,2.0,6.0,4.0,0.0,0.0,5.0,0.0,0.25,0.12,0.37,0.25,0.37,16.1,4.0,51.0,22.0,43.1,3.17,1.37,0.08,0.18,0.0,0.0,85.0,42.4,16,90.0,16,1,10.0,1,0.82,20.0,30.0,-10.0,-0.62,-0.67,0.0,24.0,29.0,7.0,22.0,10.0,4.0,,,0.0,,,,,,,,,,,,,,,,True,alta,0,Delantero asociativo,1.9874150830065573
ENG-Premier League,2324,Brentford,Keane Lewis-Potter,ENG,"FW,MF",22.0,2001.0,30.0,15.0,1441.0,16.0,3.0,1.0,4.0,3.0,0.0,0.0,0.0,0.0,0.19,0.06,0.25,0.19,0.25,16.0,3.0,43.0,22.0,51.2,2.69,1.37,0.07,0.14,0.0,0.0,48.0,42.1,15,78.0,2,15,18.0,3,0.93,24.0,29.0,-5.0,-0.31,-0.13,0.0,8.0,18.0,3.0,50.0,7.0,7.0,,,0.0,,,,,,,,,,,,,,,,True,alta,3,Extremo centrador,2.5222875721846854
ENG-Premier League,2324,Brentford,Neal Maupay,FRA,FW,26.0,1996.0,29.0,13.0,1321.0,14.7,6.0,3.0,9.0,6.0,0.0,0.0,8.0,0.0,0.41,0.2,0.61,0.41,0.61,14.7,6.0,37.0,16.0,43.2,2.52,1.09,0.16,0.38,0.0,0.0,46.0,38.6,13,83.0,5,16,15.0,2,0.97,24.0,35.0,-11.0,-0.75,-0.84,0.0,19.0,26.0,4.0,8.0,2.0,7.0,,,0.0,,,,,,,,,,,,,,,,True,alta,0,Delantero asociativo,1.8593754356111643
ENG-Premier League,2324,Brentford,Yoane Wissa,COD,FW,26.0,1996.0,34.0,29.0,2493.0,27.7,12.0,3.0,15.0,12.0,0.0,0.0,7.0,0.0,0.43,0.11,0.54,0.43,0.54,27.7,12.0,67.0,26.0,38.8,2.42,0.94,0.18,0.46,0.0,0.0,73.0,72.9,29,81.0,9,5,30.0,0,0.97,40.0,40.0,0.0,0.0,0.87,0.0,38.0,50.0,19.0,21.0,9.0,14.0,,,0.0,,,,,,,,,,,,,,,,True,alta,1,Nueve de choque,1.5931003604097882
ENG-Premier League,2324,Brighton,Ansu Fati,ESP,"MF,FW",20.0,2002.0,19.0,3.0,521.0,5.8,2.0,0.0,2.0,2.0,0.0,0.0,2.0,0.0,0.35,0.0,0.35,0.35,0.35,5.8,2.0,26.0,11.0,42.3,4.49,1.9,0.08,0.18,0.0,0.0,27.0,15.2,3,50.0,0,16,23.0,5,1.26,12.0,12.0,0.0,0.0,0.22,0.0,6.0,13.0,2.0,3.0,2.0,3.0,,,0.0,,,,,,,,,,,,,,,,False,baja,1,Nueve de choque,3.1217141330039153
ENG-Premier League,2324,Brighton,Danny Welbeck,ENG,"FW,MF",32.0,1990.0,29.0,21.0,1693.0,18.8,5.0,1.0,6.0,5.0,0.0,0.0,4.0,0.0,0.27,0.05,0.32,0.27,0.32,18.8,5.0,41.0,16.0,39.0,2.18,0.85,0.12,0.31,0.0,0.0,58.0,49.5,21,70.0,4,8,28.0,1,1.21,25.0,28.0,-3.0,-0.16,0.05,0.0,12.0,21.0,9.0,3.0,8.0,18.0,,,0.0,,,,,,,,,,,,,,,,True,alta,1,Nueve de choque,2.925923102528437
ENG-Premier League,2324,Brighton,Evan Ferguson,IRL,FW,18.0,2004.0,27.0,15.0,1367.0,15.2,6.0,0.0,6.0,6.0,0.0,0.0,1.0,0.0,0.4,0.0,0.4,0.4,0.4,15.2,6.0,33.0,20.0,60.6,2.17,1.32,0.18,0.3,0.0,0.0,51.0,40.0,15,71.0,4,12,25.0,1,1.48,25.0,28.0,-3.0,-0.2,-0.02,0.0,23.0,25.0,5.0,1.0,2.0,7.0,,,0.0,,,,,,,,,,,,,,,,True,alta,4,Nueve de área,3.0698881902355186
ENG-Premier League,2324,Brighton,Facundo Buonanotte,ARG,"MF,FW",18.0,2004.0,27.0,17.0,1364.0,15.2,3.0,1.0,4.0,3.0,0.0,0.0,7.0,0.0,0.2,0.07,0.26,0.2,0.26,15.2,3.0,21.0,9.0,42.9,1.39,0.59,0.14,0.33,0.0,0.0,51.0,39.9,17,65.0,1,10,25.0,6,1.19,19.0,20.0,-1.0,-0.07,0.2,0.0,34.0,41.0,3.0,6.0,7.0,22.0,,,0.0,,,,,,,,,,,,,,,,True,alta,2,Extremo de presión,2.407276800025208
ENG-Premier League,2324,Brighton,João Pedro,BRA,"MF,FW",21.0,2001.0,31.0,19.0,2045.0,22.7,9.0,3.0,12.0,5.0,4.0,5.0,2.0,0.0,0.4,0.13,0.53,0.22,0.35,22.7,9.0,75.0,26.0,34.7,3.3,1.14,0.12,0.35,4.0,5.0,66.0,59.8,19,85.0,9,12,36.0,0,1.29,32.0,38.0,-6.0,-0.26,-0.2,0.0,19.0,60.0,11.0,29.0,10.0,15.0,,,0.0,,,,,,,,,,,,,,,,True,alta,0,Delantero asociativo,2.304697652784959
ENG-Premier League,2324,Brighton,Kaoru Mitoma,JPN,"MF,FW",26.0,1997.0,19.0,15.0,1486.0,16.5,3.0,4.0,7.0,3.0,0.0,0.0,4.0,0.0,0.18,0.24,0.42,0.18,0.42,16.5,3.0,34.0,15.0,44.1,2.06,0.91,0.09,0.2,0.0,0.0,78.0,43.5,15,88.0,12,4,42.0,0,1.42,31.0,27.0,4.0,0.24,0.75,0.0,14.0,23.0,7.0,45.0,5.0,5.0,,,0.0,,,,,,,,,,,,,,,,True,alta,3,Extremo centrador,1.5186220538205453
ENG-Premier League,2324,Burnley,David Datro Fofana,CIV,FW,20.0,2002.0,15.0,10.0,879.0,9.8,4.0,1.0,5.0,4.0,0.0,0.0,1.0,0.0,0.41,0.1,0.51,0.41,0.51,9.8,4.0,19.0,10.0,52.6,1.95,1.02,0.21,0.4,0.0,0.0,59.0,25.7,10,80.0,5,5,15.0,1,0.73,10.0,18.0,-8.0,-0.82,0.21,0.0,16.0,10.0,10.0,3.0,1.0,5.0,,,0.0,,,,,,,,,,,,,,,,False,baja,4,Nueve de área,2.0826028791633724
ENG-Premier League,2324,Burnley,Jay Rodriguez,ENG,FW,34.0,1989.0,21.0,7.0,822.0,9.1,2.0,1.0,3.0,1.0,1.0,1.0,0.0,0.0,0.22,0.11,0.33,0.11,0.22,9.1,2.0,22.0,8.0,36.4,2.41,0.88,0.09,0.25,1.0,1.0,39.0,24.0,7,80.0,4,14,19.0,14,0.62,11.0,18.0,-7.0,-0.77,0.27,0.0,18.0,6.0,7.0,2.0,1.0,9.0,,,0.0,,,,,,,,,,,,,,,,False,baja,1,Nueve de choque,2.687606688026558
ENG-Premier League,2324,Burnley,Luca Koleosho,ITA,"MF,FW",18.0,2004.0,15.0,13.0,974.0,10.8,1.0,1.0,2.0,1.0,0.0,0.0,0.0,0.0,0.09,0.09,0.18,0.09,0.18,10.8,1.0,23.0,5.0,21.7,2.13,0.46,0.04,0.2,0.0,0.0,65.0,28.5,13,69.0,0,2,38.0,0,0.47,11.0,23.0,-12.0,-1.11,-0.19,0.0,18.0,13.0,8.0,23.0,2.0,5.0,,,0.0,,,,,,,,,,,,,,,,True,alta,1,Nueve de choque,2.592862678435596
ENG-Premier League,2324,Burnley,Lyle Foster,RSA,"FW,MF",22.0,2000.0,24.0,22.0,1899.0,21.1,5.0,3.0,8.0,5.0,0.0,0.0,0.0,1.0,0.24,0.14,0.38,0.24,0.38,21.1,5.0,34.0,17.0,50.0,1.61,0.81,0.15,0.29,0.0,0.0,79.0,55.5,22,84.0,10,2,24.0,0,0.79,22.0,43.0,-21.0,-1.0,-0.05,0.0,24.0,11.0,13.0,3.0,1.0,10.0,,,0.0,,,,,,,,,,,,,,,,True,alta,4,Nueve de área,2.686442683005306
ENG-Premier League,2324,Burnley,Wilson Odobert,FRA,"MF,FW",18.0,2004.0,29.0,25.0,2098.0,23.3,3.0,2.0,5.0,3.0,0.0,0.0,3.0,0.0,0.13,0.09,0.21,0.13,0.21,23.3,3.0,49.0,14.0,28.6,2.1,0.6,0.06,0.21,0.0,0.0,72.0,61.3,25,82.0,11,4,10.0,4,0.59,25.0,48.0,-23.0,-0.99,-0.03,0.0,9.0,19.0,1.0,35.0,6.0,13.0,,,0.0,,,,,,,,,,,,,,,,True,alta,3,Extremo centrador,2.4637899842621316
ENG-Premier League,2324,Burnley,Zeki Amdouni,SUI,FW,22.0,2000.0,34.0,27.0,1953.0,21.7,5.0,1.0,6.0,4.0,1.0,1.0,2.0,0.0,0.23,0.05,0.28,0.18,0.23,21.7,5.0,49.0,22.0,44.9,2.26,1.01,0.1,0.23,1.0,1.0,57.0,57.1,27,69.0,2,7,14.0,4,0.62,20.0,41.0,-21.0,-0.97,0.01,0.0,22.0,39.0,2.0,7.0,10.0,19.0,,,0.0,,,,,,,,,,,,,,,,True,alta,2,Extremo de presión,2.2730991227731687
ENG-Premier League,2324,Chelsea,Armando Broja,ALB,FW,21.0,2001.0,13.0,6.0,454.0,5.0,1.0,0.0,1.0,1.0,0.0,0.0,0.0,0.0,0.2,0.0,0.2,0.2,0.2,5.0,1.0,13.0,2.0,15.4,2.58,0.4,0.08,0.5,0.0,0.0,35.0,13.3,6,60.0,0,7,14.0,1,1.69,8.0,5.0,3.0,0.59,0.26,0.0,4.0,8.0,6.0,1.0,0.0,0.0,,,0.0,,,,,,,,,,,,,,,,False,baja,1,Nueve de choque,3.886449820010566
ENG-Premier League,2324,Chelsea,Cole Palmer,ENG,"MF,FW",21.0,2002.0,33.0,29.0,2607.0,29.0,22.0,11.0,33.0,13.0,9.0,9.0,7.0,0.0,0.76,0.38,1.14,0.45,0.83,29.0,22.0,108.0,46.0,42.6,3.73,1.59,0.2,0.48,9.0,9.0,79.0,76.2,29,86.0,14,4,26.0,0,1.7,66.0,46.0,20.0,0.69,1.35,0.0,23.0,26.0,6.0,81.0,19.0,12.0,,,0.0,,,,,,,,,,,,,,,,True,alta,0,Delantero asociativo,2.578799728870784
ENG-Premier League,2324,Chelsea,Nicolas Jackson,SEN,FW,22.0,2001.0,35.0,31.0,2799.0,31.1,14.0,5.0,19.0,14.0,0.0,0.0,10.0,0.0,0.45,0.16,0.61,0.45,0.61,31.1,14.0,80.0,41.0,51.3,2.57,1.32,0.18,0.34,0.0,0.0,80.0,81.8,31,86.0,17,4,31.0,0,1.63,64.0,47.0,17.0,0.55,0.98,0.0,29.0,40.0,28.0,6.0,4.0,14.0,,,0.0,,,,,,,,,,,,,,,,True,alta,4,Nueve de área,1.0459982666518404
ENG-Premier League,2324,Crystal Palace,Eberechi Eze,ENG,"MF,FW",25.0,1998.0,27.0,24.0,2055.0,22.8,11.0,4.0,15.0,10.0,1.0,1.0,3.0,0.0,0.48,0.18,0.66,0.44,0.61,22.8,11.0,83.0,34.0,41.0,3.64,1.49,0.13,0.32,1.0,1.0,76.0,60.1,24,83.0,12,3,18.0,0,1.56,41.0,28.0,13.0,0.57,1.49,0.0,27.0,48.0,11.0,109.0,11.0,17.0,,,0.0,,,,,,,,,,,,,,,,True,alta,0,Delantero asociativo,1.7214235248461438
ENG-Premier League,2324,Crystal Palace,Jean-Philippe Mateta,FRA,FW,26.0,1997.0,35.0,25.0,2282.0,25.4,16.0,5.0,21.0,14.0,2.0,2.0,3.0,0.0,0.63,0.2,0.83,0.55,0.75,25.4,16.0,46.0,29.0,63.0,1.81,1.14,0.35,0.55,2.0,2.0,65.0,66.7,25,83.0,13,10,21.0,2,1.23,46.0,44.0,2.0,0.08,0.32,0.0,35.0,22.0,24.0,20.0,4.0,16.0,,,0.0,,,,,,,,,,,,,,,,True,alta,4,Nueve de área,2.733165238428731
ENG-Premier League,2324,Crystal Palace,Jeffrey Schlupp,GHA,"MF,FW",30.0,1992.0,29.0,17.0,1352.0,15.0,2.0,2.0,4.0,2.0,0.0,0.0,1.0,0.0,0.13,0.13,0.27,0.13,0.27,15.0,2.0,19.0,11.0,57.9,1.26,0.73,0.11,0.18,0.0,0.0,47.0,39.5,17,70.0,2,12,14.0,3,1.34,12.0,25.0,-13.0,-0.87,-1.39,0.0,24.0,15.0,0.0,11.0,7.0,21.0,,,0.0,,,,,,,,,,,,,,,,True,alta,2,Extremo de presión,3.586501535752603
ENG-Premier League,2324,Crystal Palace,Jordan Ayew,GHA,"MF,FW",31.0,1991.0,35.0,30.0,2543.0,28.3,4.0,7.0,11.0,4.0,0.0,0.0,9.0,1.0,0.14,0.25,0.39,0.14,0.39,28.3,4.0,48.0,20.0,41.7,1.7,0.71,0.08,0.2,0.0,0.0,73.0,74.4,30,82.0,17,5,19.0,1,1.29,33.0,37.0,-4.0,-0.14,-0.45,1.0,47.0,93.0,7.0,97.0,17.0,37.0,,,0.0,,,,,,,,,,,,,,,,True,alta,2,Extremo de presión,2.7160673664976227
ENG-Premier League,2324,Crystal Palace,Michael Olise,FRA,"MF,FW",21.0,2001.0,19.0,14.0,1275.0,14.2,10.0,6.0,16.0,9.0,1.0,1.0,0.0,0.0,0.71,0.42,1.13,0.64,1.06,14.2,10.0,57.0,21.0,36.8,4.02,1.48,0.18,0.48,1.0,1.0,67.0,37.3,14,85.0,9,5,18.0,0,1.47,34.0,19.0,15.0,1.06,1.73,0.0,13.0,43.0,2.0,95.0,9.0,10.0,,,0.0,,,,,,,,,,,,,,,,True,alta,0,Delantero asociativo,3.372131927668353
ENG-Premier League,2324,Crystal Palace,Odsonne Édouard,FRA,"FW,MF",25.0,1998.0,30.0,17.0,1555.0,17.3,7.0,0.0,7.0,7.0,0.0,0.0,4.0,0.0,0.41,0.0,0.41,0.41,0.41,17.3,7.0,51.0,19.0,37.3,2.95,1.1,0.14,0.37,0.0,0.0,52.0,45.5,17,81.0,5,13,14.0,3,1.23,14.0,24.0,-10.0,-0.58,-1.01,0.0,31.0,22.0,9.0,10.0,5.0,12.0,,,0.0,,,,,,,,,,,,,,,,True,alta,1,Nueve de choque,1.8779970355155138
ENG-Premier League,2324,Everton,Arnaut Danjuma,NED,"MF,FW",26.0,1997.0,14.0,5.0,595.0,6.6,1.0,0.0,1.0,1.0,0.0,0.0,0.0,0.0,0.15,0.0,0.15,0.15,0.15,6.6,1.0,25.0,9.0,36.0,3.78,1.36,0.04,0.11,0.0,0.0,43.0,17.4,5,84.0,2,9,19.0,14,0.43,3.0,10.0,-7.0,-1.06,-0.93,0.0,6.0,5.0,3.0,10.0,3.0,4.0,,,0.0,,,,,,,,,,,,,,,,False,baja,1,Nueve de choque,3.2237220303797782
ENG-Premier League,2324,Everton,Beto,GNB,FW,25.0,1998.0,30.0,9.0,951.0,10.6,3.0,0.0,3.0,3.0,0.0,1.0,2.0,0.0,0.28,0.0,0.28,0.28,0.28,10.6,3.0,43.0,13.0,30.2,4.07,1.23,0.07,0.23,0.0,1.0,32.0,27.8,9,72.0,2,21,15.0,2,1.2,16.0,20.0,-4.0,-0.38,-0.12,0.0,21.0,19.0,10.0,5.0,1.0,6.0,,,0.0,,,,,,,,,,,,,,,,True,alta,1,Nueve de choque,2.4789630509623812
ENG-Premier League,2324,Everton,Dominic Calvert-Lewin,ENG,FW,26.0,1997.0,32.0,26.0,2171.0,24.1,7.0,2.0,9.0,5.0,2.0,2.0,2.0,0.0,0.29,0.08,0.37,0.21,0.29,24.1,7.0,73.0,31.0,42.5,3.03,1.29,0.1,0.23,2.0,2.0,68.0,63.5,26,78.0,4,6,26.0,0,1.28,26.0,27.0,-1.0,-0.04,0.68,0.0,31.0,32.0,24.0,3.0,4.0,6.0,,,0.0,,,,,,,,,,,,,,,,True,alta,1,Nueve de choque,1.7566197013923304
ENG-Premier League,2324,Fulham,Bobby De Cordova-Reid,JAM,"MF,FW",30.0,1993.0,33.0,17.0,1423.0,15.8,6.0,2.0,8.0,6.0,0.0,0.0,4.0,0.0,0.38,0.13,0.51,0.38,0.51,15.8,6.0,33.0,8.0,24.2,2.09,0.51,0.18,0.75,0.0,0.0,43.0,41.6,17,69.0,1,16,16.0,5,1.24,22.0,29.0,-7.0,-0.44,-0.49,0.0,16.0,25.0,4.0,35.0,5.0,14.0,,,0.0,,,,,,,,,,,,,,,,True,alta,3,Extremo centrador,2.2182955802391633
ENG-Premier League,2324,Fulham,Harry Wilson,WAL,"MF,FW",26.0,1997.0,35.0,16.0,1620.0,18.0,4.0,6.0,10.0,4.0,0.0,0.0,6.0,0.0,0.22,0.33,0.56,0.22,0.56,18.0,4.0,40.0,13.0,32.5,2.22,0.72,0.1,0.31,0.0,0.0,46.0,47.4,16,76.0,5,19,22.0,1,1.26,21.0,30.0,-9.0,-0.5,-0.65,0.0,21.0,40.0,5.0,42.0,9.0,13.0,,,0.0,,,,,,,,,,,,,,,,True,alta,3,Extremo centrador,2.1429844141970498
ENG-Premier League,2324,Fulham,Raúl Jiménez,MEX,FW,32.0,1991.0,24.0,18.0,1395.0,15.5,7.0,0.0,7.0,7.0,0.0,0.0,3.0,1.0,0.45,0.0,0.45,0.45,0.45,15.5,7.0,41.0,17.0,41.5,2.65,1.1,0.17,0.41,0.0,0.0,58.0,40.8,18,71.0,4,6,19.0,5,1.25,25.0,26.0,-1.0,-0.06,0.16,0.0,17.0,21.0,12.0,7.0,4.0,12.0,,,0.0,,,,,,,,,,,,,,,,True,alta,1,Nueve de choque,2.230601640845856
ENG-Premier League,2324,Fulham,Rodrigo Muniz,BRA,FW,22.0,2001.0,26.0,18.0,1593.0,17.7,9.0,1.0,10.0,9.0,0.0,0.0,1.0,0.0,0.51,0.06,0.56,0.51,0.56,17.7,9.0,73.0,27.0,37.0,4.12,1.53,0.12,0.33,0.0,0.0,61.0,46.6,18,80.0,7,8,18.0,7,1.04,24.0,27.0,-3.0,-0.17,-0.02,0.0,25.0,34.0,4.0,2.0,6.0,4.0,,,0.0,,,,,,,,,,,,,,,,True,alta,1,Nueve de choque,2.8842615496483215
ENG-Premier League,2324,Fulham,Willian,BRA,"MF,FW",34.0,1988.0,31.0,24.0,2053.0,22.8,4.0,2.0,6.0,2.0,2.0,2.0,1.0,0.0,0.18,0.09,0.26,0.09,0.18,22.8,4.0,45.0,18.0,40.0,1.97,0.79,0.09,0.22,2.0,2.0,66.0,60.0,24,77.0,9,7,29.0,2,1.29,33.0,28.0,5.0,0.22,0.94,0.0,9.0,30.0,1.0,75.0,9.0,11.0,,,0.0,,,,,,,,,,,,,,,,True,alta,3,Extremo centrador,2.1786400707808733
ENG-Premier League,2324,Liverpool,Cody Gakpo,NED,"FW,MF",24.0,1999.0,35.0,17.0,1649.0,18.3,8.0,5.0,13.0,8.0,0.0,0.0,1.0,0.0,0.44,0.27,0.71,0.44,0.71,18.3,8.0,66.0,24.0,36.4,3.6,1.31,0.12,0.33,0.0,0.0,47.0,48.2,17,73.0,3,18,23.0,0,2.23,52.0,19.0,33.0,1.8,1.19,0.0,28.0,38.0,8.0,21.0,11.0,18.0,,,0.0,,,,,,,,,,,,,,,,True,alta,0,Delantero asociativo,1.6573173367100635
ENG-Premier League,2324,Liverpool,Darwin Núñez,URU,FW,24.0,1999.0,36.0,22.0,2047.0,22.7,11.0,8.0,19.0,11.0,0.0,1.0,9.0,0.0,0.48,0.35,0.84,0.48,0.84,22.7,11.0,108.0,46.0,42.6,4.75,2.02,0.1,0.24,0.0,1.0,57.0,59.9,22,79.0,9,14,21.0,1,2.19,48.0,25.0,23.0,1.01,-0.43,0.0,28.0,15.0,33.0,19.0,2.0,13.0,,,0.0,,,,,,,,,,,,,,,,True,alta,4,Nueve de área,3.355062308832923
ENG-Premier League,2324,Liverpool,Diogo Jota,POR,FW,26.0,1996.0,21.0,14.0,1145.0,12.7,10.0,3.0,13.0,10.0,0.0,0.0,3.0,1.0,0.79,0.24,1.02,0.79,1.02,12.7,10.0,41.0,20.0,48.8,3.22,1.57,0.24,0.5,0.0,0.0,55.0,33.5,14,71.0,3,7,22.0,1,2.29,33.0,10.0,23.0,1.81,0.94,1.0,27.0,21.0,3.0,9.0,7.0,13.0,,,0.0,,,,,,,,,,,,,,,,True,alta,0,Delantero asociativo,2.3065358296440768
ENG-Premier League,2324,Liverpool,Harvey Elliott,ENG,"MF,FW",20.0,2003.0,34.0,11.0,1352.0,15.0,3.0,6.0,9.0,3.0,0.0,0.0,2.0,0.0,0.2,0.4,0.6,0.2,0.6,15.0,3.0,49.0,17.0,34.7,3.26,1.13,0.06,0.18,0.0,0.0,40.0,39.5,11,77.0,4,23,22.0,4,2.15,41.0,13.0,28.0,1.86,1.12,0.0,7.0,14.0,1.0,61.0,5.0,17.0,,,0.0,,,,,,,,,,,,,,,,True,alta,3,Extremo centrador,2.5384315996342726
ENG-Premier League,2324,Liverpool,Luis Díaz,COL,FW,26.0,1997.0,37.0,32.0,2629.0,29.2,8.0,5.0,13.0,8.0,0.0,0.0,3.0,0.0,0.27,0.17,0.45,0.27,0.45,29.2,8.0,94.0,32.0,34.0,3.22,1.1,0.09,0.25,0.0,0.0,71.0,76.9,32,78.0,11,5,24.0,0,2.14,67.0,33.0,34.0,1.16,-0.09,0.0,54.0,42.0,20.0,27.0,3.0,26.0,,,0.0,,,,,,,,,,,,,,,,True,alta,1,Nueve de choque,2.02670875006527
ENG-Premier League,2324,Liverpool,Mohamed Salah,EGY,FW,31.0,1992.0,32.0,28.0,2534.0,28.2,18.0,10.0,28.0,13.0,5.0,7.0,2.0,0.0,0.64,0.36,0.99,0.46,0.82,28.2,18.0,114.0,56.0,49.1,4.05,1.99,0.16,0.32,5.0,7.0,79.0,74.1,28,87.0,22,4,27.0,0,2.09,58.0,30.0,28.0,0.99,-0.73,0.0,12.0,25.0,18.0,41.0,2.0,11.0,,,0.0,,,,,,,,,,,,,,,,True,alta,4,Nueve de área,2.7991348153698006
ENG-Premier League,2324,Luton Town,Andros Townsend,ENG,"MF,FW",32.0,1991.0,27.0,14.0,1210.0,13.4,1.0,3.0,4.0,1.0,0.0,0.0,1.0,0.0,0.07,0.22,0.3,0.07,0.3,13.4,1.0,20.0,7.0,35.0,1.49,0.52,0.05,0.14,0.0,0.0,45.0,35.4,14,67.0,1,13,21.0,3,0.78,16.0,26.0,-10.0,-0.74,0.19,0.0,12.0,12.0,2.0,74.0,4.0,13.0,,,0.0,,,,,,,,,,,,,,,,True,alta,3,Extremo centrador,2.0154100156567427
ENG-Premier League,2324,Luton Town,Carlton Morris,ENG,"FW,MF",27.0,1995.0,38.0,32.0,2862.0,31.8,11.0,4.0,15.0,6.0,5.0,5.0,4.0,0.0,0.35,0.13,0.47,0.19,0.31,31.8,11.0,73.0,31.0,42.5,2.3,0.97,0.15,0.35,5.0,5.0,75.0,83.7,32,86.0,22,6,21.0,0,0.68,40.0,73.0,-33.0,-1.04,-1.04,0.0,50.0,43.0,10.0,15.0,1.0,9.0,,,0.0,,,,,,,,,,,,,,,,True,alta,1,Nueve de choque,1.6967514252134026
ENG-Premier League,2324,Luton Town,Elijah Adebayo,ENG,FW,25.0,1998.0,27.0,16.0,1419.0,15.8,10.0,0.0,10.0,10.0,0.0,0.0,1.0,0.0,0.63,0.0,0.63,0.63,0.63,15.8,10.0,30.0,14.0,46.7,1.9,0.89,0.33,0.71,0.0,0.0,53.0,41.5,16,77.0,5,11,16.0,0,0.78,30.0,35.0,-5.0,-0.32,0.94,0.0,28.0,16.0,13.0,5.0,4.0,1.0,,,0.0,,,,,,,,,,,,,,,,True,alta,4,Nueve de área,2.844986340005432
ENG-Premier League,2324,Luton Town,Jacob Brown,SCO,"MF,FW",25.0,1998.0,19.0,12.0,1019.0,11.3,2.0,0.0,2.0,2.0,0.0,0.0,4.0,0.0,0.18,0.0,0.18,0.18,0.18,11.3,2.0,25.0,7.0,28.0,2.21,0.62,0.08,0.29,0.0,0.0,54.0,29.8,12,73.0,4,7,21.0,2,0.84,16.0,26.0,-10.0,-0.88,-0.02,0.0,19.0,19.0,6.0,9.0,9.0,12.0,,,0.0,,,,,,,,,,,,,,,,True,alta,2,Extremo de presión,2.1961057963349124
ENG-Premier League,2324,Luton Town,Tahith Chong,CUW,"MF,FW",23.0,1999.0,33.0,20.0,1982.0,22.0,4.0,0.0,4.0,4.0,0.0,0.0,4.0,0.0,0.18,0.0,0.18,0.18,0.18,22.0,4.0,30.0,7.0,23.3,1.36,0.32,0.13,0.57,0.0,0.0,60.0,58.0,20,80.0,6,13,29.0,5,0.45,26.0,51.0,-25.0,-1.14,-0.63,0.0,21.0,65.0,5.0,35.0,7.0,20.0,,,0.0,,,,,,,,,,,,,,,,True,alta,2,Extremo de presión,2.573872163856272
ENG-Premier League,2324,Manchester City,Erling Haaland,NOR,"FW,MF",23.0,2000.0,31.0,29.0,2552.0,28.4,27.0,5.0,32.0,20.0,7.0,8.0,1.0,0.0,0.95,0.18,1.13,0.71,0.88,28.4,27.0,121.0,59.0,48.8,4.27,2.08,0.22,0.46,7.0,8.0,82.0,74.6,29,86.0,20,2,25.0,1,2.32,64.0,26.0,38.0,1.34,-1.15,0.0,18.0,30.0,6.0,5.0,2.0,3.0,,,0.0,,,,,,,,,,,,,,,,True,alta,4,Nueve de área,2.7905366235859432
ENG-Premier League,2324,Manchester City,Jack Grealish,ENG,"MF,FW",27.0,1995.0,20.0,10.0,1009.0,11.2,3.0,1.0,4.0,3.0,0.0,0.0,6.0,0.0,0.27,0.09,0.36,0.27,0.36,11.2,3.0,22.0,5.0,22.7,1.96,0.45,0.14,0.6,0.0,0.0,50.0,29.5,10,83.0,7,10,18.0,9,2.45,26.0,13.0,13.0,1.16,-0.67,0.0,6.0,41.0,2.0,16.0,6.0,8.0,,,0.0,,,,,,,,,,,,,,,,True,alta,2,Extremo de presión,3.3834799342966444
ENG-Premier League,2324,Manchester City,Jeremy Doku,BEL,"MF,FW",21.0,2002.0,29.0,18.0,1595.0,17.7,3.0,8.0,11.0,3.0,0.0,0.0,3.0,0.0,0.17,0.45,0.62,0.17,0.62,17.7,3.0,56.0,19.0,33.9,3.16,1.07,0.05,0.16,0.0,0.0,55.0,46.6,18,76.0,7,11,20.0,2,2.38,50.0,19.0,31.0,1.75,0.22,0.0,15.0,32.0,4.0,61.0,9.0,22.0,,,0.0,,,,,,,,,,,,,,,,True,alta,3,Extremo centrador,2.5738152502932925
ENG-Premier League,2324,Manchester City,Julián Álvarez,ARG,"MF,FW",23.0,2000.0,36.0,31.0,2647.0,29.4,11.0,8.0,19.0,9.0,2.0,2.0,2.0,0.0,0.37,0.27,0.65,0.31,0.58,29.4,11.0,98.0,40.0,40.8,3.33,1.36,0.11,0.28,2.0,2.0,74.0,77.4,31,83.0,15,5,13.0,2,2.42,76.0,24.0,52.0,1.77,0.6,0.0,23.0,13.0,3.0,137.0,2.0,13.0,,,0.0,,,,,,,,,,,,,,,,True,alta,3,Extremo centrador,2.943131323386273
ENG-Premier League,2324,Manchester City,Matheus Nunes,POR,"MF,FW",24.0,1998.0,17.0,7.0,661.0,7.3,0.0,2.0,2.0,0.0,0.0,0.0,0.0,0.0,0.0,0.27,0.27,0.0,0.27,7.3,0.0,9.0,4.0,44.4,1.23,0.54,0.0,0.0,0.0,0.0,39.0,19.3,7,71.0,3,10,16.0,16,2.47,18.0,8.0,10.0,1.36,-0.33,0.0,8.0,16.0,2.0,19.0,1.0,6.0,,,0.0,,,,,,,,,,,,,,,,False,baja,3,Extremo centrador,3.2141538023511274
ENG-Premier League,2324,Manchester Utd,Marcus Rashford,ENG,"MF,FW",25.0,1997.0,33.0,26.0,2271.0,25.2,7.0,2.0,9.0,5.0,2.0,2.0,2.0,0.0,0.28,0.08,0.36,0.2,0.28,25.2,7.0,62.0,21.0,33.9,2.46,0.83,0.11,0.33,2.0,2.0,69.0,66.4,26,83.0,12,7,17.0,0,1.61,36.0,37.0,-1.0,-0.04,-0.04,0.0,12.0,21.0,12.0,35.0,4.0,13.0,,,0.0,,,,,,,,,,,,,,,,True,alta,3,Extremo centrador,2.2777422195226076
ENG-Premier League,2324,Manchester Utd,Rasmus Højlund,DEN,FW,20.0,2003.0,30.0,25.0,2158.0,24.0,10.0,2.0,12.0,10.0,0.0,0.0,2.0,0.0,0.42,0.08,0.5,0.42,0.5,24.0,10.0,38.0,21.0,55.3,1.58,0.88,0.26,0.48,0.0,0.0,72.0,63.1,25,81.0,8,5,26.0,0,1.6,36.0,35.0,1.0,0.04,0.18,0.0,20.0,30.0,15.0,6.0,1.0,6.0,,,0.0,,,,,,,,,,,,,,,,True,alta,4,Nueve de área,2.0761560258337317
ENG-Premier League,2324,Manchester Utd,Scott McTominay,SCO,"MF,FW",26.0,1996.0,32.0,18.0,1901.0,21.1,7.0,1.0,8.0,7.0,0.0,0.0,2.0,0.0,0.33,0.05,0.38,0.33,0.38,21.1,7.0,44.0,19.0,43.2,2.08,0.9,0.16,0.37,0.0,0.0,59.0,55.6,18,88.0,16,14,23.0,2,1.81,31.0,30.0,1.0,0.05,0.17,0.0,27.0,21.0,6.0,4.0,14.0,23.0,,,0.0,,,,,,,,,,,,,,,,True,alta,2,Extremo de presión,2.781141641306707
ENG-Premier League,2324,Newcastle,Alexander Isak,SWE,FW,23.0,1999.0,30.0,27.0,2255.0,25.1,21.0,2.0,23.0,16.0,5.0,6.0,1.0,0.0,0.84,0.08,0.92,0.64,0.72,25.1,21.0,78.0,43.0,55.1,3.11,1.72,0.27,0.49,5.0,6.0,75.0,65.9,27,80.0,13,3,32.0,1,1.5,51.0,41.0,10.0,0.4,-0.61,0.0,14.0,16.0,17.0,10.0,6.0,0.0,,,0.0,,,,,,,,,,,,,,,,True,alta,4,Nueve de área,2.3149176609221422
ENG-Premier League,2324,Newcastle,Anthony Gordon,ENG,FW,22.0,2001.0,35.0,34.0,2890.0,32.1,11.0,10.0,21.0,10.0,1.0,1.0,12.0,1.0,0.34,0.31,0.65,0.31,0.62,32.1,11.0,81.0,31.0,38.3,2.52,0.97,0.14,0.35,1.0,1.0,83.0,84.5,34,83.0,16,1,79.0,0,1.57,70.0,48.0,22.0,0.69,0.52,1.0,38.0,64.0,8.0,111.0,6.0,33.0,,,0.0,,,,,,,,,,,,,,,,True,alta,0,Delantero asociativo,2.113341614619441
ENG-Premier League,2324,Newcastle,Callum Wilson,ENG,FW,31.0,1992.0,20.0,9.0,991.0,11.0,9.0,1.0,10.0,7.0,2.0,2.0,3.0,0.0,0.82,0.09,0.91,0.64,0.73,11.0,9.0,35.0,21.0,60.0,3.18,1.91,0.26,0.43,2.0,2.0,50.0,29.0,9,80.0,5,11,25.0,0,1.65,30.0,15.0,15.0,1.36,1.07,0.0,15.0,17.0,4.0,3.0,1.0,3.0,,,0.0,,,,,,,,,,,,,,,,True,alta,4,Nueve de área,2.1759538275140935
ENG-Premier League,2324,Newcastle,Elliot Anderson,ENG,"MF,FW",20.0,2002.0,21.0,10.0,1027.0,11.4,0.0,2.0,2.0,0.0,0.0,0.0,3.0,0.0,0.0,0.18,0.18,0.0,0.18,11.4,0.0,19.0,5.0,26.3,1.67,0.44,0.0,0.0,0.0,0.0,49.0,30.0,10,80.0,3,11,21.0,0,1.86,30.0,14.0,16.0,1.4,1.14,0.0,22.0,19.0,1.0,19.0,9.0,18.0,,,0.0,,,,,,,,,,,,,,,,True,alta,2,Extremo de presión,2.427508820731134
ENG-Premier League,2324,Newcastle,Harvey Barnes,ENG,"FW,MF",25.0,1997.0,21.0,7.0,802.0,8.9,5.0,3.0,8.0,5.0,0.0,0.0,2.0,0.0,0.56,0.34,0.9,0.56,0.9,8.9,5.0,27.0,12.0,44.4,3.03,1.35,0.19,0.42,0.0,0.0,38.0,23.5,7,67.0,1,14,24.0,0,1.76,24.0,10.0,14.0,1.57,1.26,0.0,4.0,21.0,2.0,12.0,3.0,1.0,,,0.0,,,,,,,,,,,,,,,,False,baja,0,Delantero asociativo,3.0787384364943846
ENG-Premier League,2324,Newcastle,Jacob Murphy,ENG,"FW,MF",28.0,1995.0,21.0,14.0,1189.0,13.2,3.0,7.0,10.0,3.0,0.0,0.0,1.0,0.0,0.23,0.53,0.76,0.23,0.76,13.2,3.0,30.0,10.0,33.3,2.27,0.76,0.1,0.3,0.0,0.0,57.0,34.8,14,75.0,5,7,20.0,5,1.95,40.0,21.0,19.0,1.44,1.28,0.0,7.0,15.0,1.0,78.0,5.0,12.0,,,0.0,,,,,,,,,,,,,,,,True,alta,3,Extremo centrador,2.267623540358564
ENG-Premier League,2324,Newcastle,Joelinton,BRA,"MF,FW",26.0,1996.0,20.0,15.0,1279.0,14.2,2.0,1.0,3.0,2.0,0.0,0.0,6.0,0.0,0.14,0.07,0.21,0.14,0.21,14.2,2.0,19.0,9.0,47.4,1.34,0.63,0.11,0.22,0.0,0.0,64.0,37.4,15,79.0,8,5,18.0,0,1.45,26.0,23.0,3.0,0.21,-0.63,0.0,28.0,22.0,0.0,2.0,19.0,26.0,,,0.0,,,,,,,,,,,,,,,,True,alta,2,Extremo de presión,3.4347592180827293
ENG-Premier League,2324,Newcastle,Miguel Almirón,PAR,FW,29.0,1994.0,33.0,23.0,1937.0,21.5,3.0,1.0,4.0,3.0,0.0,0.0,2.0,0.0,0.14,0.05,0.19,0.14,0.19,21.5,3.0,41.0,12.0,29.3,1.91,0.56,0.07,0.25,0.0,0.0,59.0,56.6,23,74.0,5,10,23.0,0,1.52,39.0,40.0,-1.0,-0.05,-1.5,0.0,16.0,22.0,10.0,24.0,10.0,24.0,,,0.0,,,,,,,,,,,,,,,,True,alta,2,Extremo de presión,2.318446229793021
ENG-Premier League,2324,Nottingham,Anthony Elanga,SWE,"MF,FW",21.0,2002.0,36.0,25.0,2433.0,27.0,5.0,9.0,14.0,5.0,0.0,0.0,1.0,0.0,0.18,0.33,0.52,0.18,0.52,27.0,5.0,54.0,23.0,42.6,2.0,0.85,0.09,0.22,0.0,0.0,68.0,71.1,25,86.0,15,11,27.0,0,0.97,40.0,47.0,-7.0,-0.26,0.74,0.0,9.0,26.0,19.0,57.0,8.0,19.0,,,0.0,,,,,,,,,,,,,,,,True,alta,3,Extremo centrador,2.309270202080162
ENG-Premier League,2324,Nottingham,Callum Hudson-Odoi,ENG,"MF,FW",22.0,2000.0,29.0,20.0,1854.0,20.6,8.0,1.0,9.0,8.0,0.0,0.0,0.0,0.0,0.39,0.05,0.44,0.39,0.44,20.6,8.0,38.0,20.0,52.6,1.84,0.97,0.21,0.4,0.0,0.0,64.0,54.2,20,82.0,9,9,24.0,1,0.86,32.0,41.0,-9.0,-0.44,0.08,0.0,14.0,30.0,9.0,73.0,6.0,8.0,,,0.0,,,,,,,,,,,,,,,,True,alta,4,Nueve de área,2.875103012016593
ENG-Premier League,2324,Nottingham,Chris Wood,NZL,FW,31.0,1991.0,31.0,20.0,1812.0,20.1,14.0,1.0,15.0,14.0,0.0,0.0,0.0,0.0,0.7,0.05,0.75,0.7,0.75,20.1,14.0,48.0,26.0,54.2,2.38,1.29,0.29,0.54,0.0,0.0,58.0,53.0,20,83.0,13,11,14.0,0,0.94,28.0,34.0,-6.0,-0.3,0.37,0.0,22.0,13.0,7.0,2.0,1.0,4.0,,,0.0,,,,,,,,,,,,,,,,True,alta,4,Nueve de área,2.3252524435428894
ENG-Premier League,2324,Nottingham,Divock Origi,BEL,"MF,FW",28.0,1995.0,20.0,6.0,606.0,6.7,0.0,1.0,1.0,0.0,0.0,0.0,1.0,0.0,0.0,0.15,0.15,0.0,0.15,6.7,0.0,14.0,4.0,28.6,2.08,0.59,0.0,0.0,0.0,0.0,30.0,17.7,6,57.0,0,14,19.0,7,0.6,4.0,6.0,-2.0,-0.3,0.21,0.0,14.0,8.0,5.0,13.0,2.0,4.0,,,0.0,,,,,,,,,,,,,,,,False,baja,2,Extremo de presión,3.0856219537795875
ENG-Premier League,2324,Nottingham,Morgan Gibbs-White,ENG,"MF,FW",23.0,2000.0,37.0,35.0,3156.0,35.1,5.0,10.0,15.0,4.0,1.0,1.0,9.0,0.0,0.14,0.29,0.43,0.11,0.4,35.1,5.0,71.0,15.0,21.1,2.02,0.43,0.07,0.33,1.0,1.0,85.0,92.3,35,88.0,27,2,38.0,0,0.97,46.0,59.0,-13.0,-0.37,1.33,0.0,37.0,57.0,6.0,181.0,18.0,24.0,,,0.0,,,,,,,,,,,,,,,,True,alta,3,Extremo centrador,2.291663511198161
ENG-Premier League,2324,Nottingham,Taiwo Awoniyi,NGA,FW,25.0,1997.0,20.0,12.0,1042.0,11.6,6.0,3.0,9.0,6.0,0.0,0.0,2.0,0.0,0.52,0.26,0.78,0.52,0.78,11.6,6.0,22.0,11.0,50.0,1.9,0.95,0.27,0.55,0.0,0.0,52.0,30.5,12,74.0,1,8,19.0,0,1.05,17.0,21.0,-4.0,-0.35,0.18,0.0,9.0,16.0,13.0,1.0,1.0,6.0,,,0.0,,,,,,,,,,,,,,,,True,alta,4,Nueve de área,2.14427816974419
ENG-Premier League,2324,Sheffield United,Ben Brereton,CHI,"FW,MF",24.0,1999.0,14.0,14.0,1105.0,12.3,6.0,1.0,7.0,5.0,1.0,1.0,3.0,0.0,0.49,0.08,0.57,0.41,0.49,12.3,6.0,35.0,19.0,54.3,2.85,1.55,0.17,0.32,1.0,1.0,79.0,32.3,14,79.0,8,0,,1,0.29,16.0,37.0,-21.0,-1.71,0.16,0.0,11.0,19.0,10.0,9.0,3.0,4.0,,,0.0,,,,,,,,,,,,,,,,True,alta,4,Nueve de área,1.3230370359371022
ENG-Premier League,2324,Sheffield United,Cameron Archer,ENG,"FW,MF",22.0,2001.0,29.0,21.0,1832.0,20.4,4.0,1.0,5.0,4.0,0.0,0.0,1.0,0.0,0.2,0.05,0.25,0.2,0.25,20.4,4.0,42.0,11.0,26.2,2.06,0.54,0.1,0.36,0.0,0.0,63.0,53.6,21,80.0,9,8,19.0,0,0.48,22.0,50.0,-28.0,-1.38,0.95,0.0,14.0,20.0,13.0,5.0,1.0,12.0,,,0.0,,,,,,,,,,,,,,,,True,alta,1,Nueve de choque,2.638209927623645
ENG-Premier League,2324,Sheffield United,James Mcatee,ENG,"MF,FW",20.0,2002.0,30.0,20.0,1822.0,20.2,3.0,3.0,6.0,2.0,1.0,1.0,2.0,0.0,0.15,0.15,0.3,0.1,0.25,20.2,3.0,26.0,9.0,34.6,1.28,0.44,0.12,0.33,1.0,1.0,61.0,53.3,20,78.0,7,10,25.0,2,0.5,19.0,65.0,-46.0,-2.27,-0.98,0.0,15.0,29.0,1.0,35.0,11.0,20.0,,,0.0,,,,,,,,,,,,,,,,True,alta,2,Extremo de presión,2.0807477393353797
ENG-Premier League,2324,Sheffield United,Oliver McBurnie,SCO,FW,27.0,1996.0,21.0,15.0,1280.0,14.2,6.0,3.0,9.0,4.0,2.0,2.0,7.0,2.0,0.42,0.21,0.63,0.28,0.49,14.2,6.0,33.0,17.0,51.5,2.32,1.2,0.18,0.35,2.0,2.0,61.0,37.4,15,75.0,6,6,25.0,3,0.29,20.0,38.0,-18.0,-1.27,0.88,2.0,19.0,27.0,4.0,5.0,5.0,6.0,,,0.0,,,,,,,,,,,,,,,,True,alta,0,Delantero asociativo,2.017073175415431
ENG-Premier League,2324,Sheffield United,William Osula,DEN,FW,19.0,2003.0,21.0,9.0,786.0,8.7,0.0,0.0,0.0,0.0,0.0,0.0,4.0,0.0,0.0,0.0,0.0,0.0,0.0,8.7,0.0,21.0,8.0,38.1,2.4,0.92,0.0,0.0,0.0,0.0,37.0,23.0,9,60.0,1,12,20.0,9,0.29,4.0,23.0,-19.0,-2.18,-0.47,0.0,15.0,12.0,6.0,2.0,2.0,2.0,,,0.0,,,,,,,,,,,,,,,,False,baja,1,Nueve de choque,2.606296659014481
ENG-Premier League,2324,Tottenham,Brennan Johnson,WAL,"MF,FW",22.0,2001.0,32.0,23.0,2085.0,23.2,5.0,10.0,15.0,5.0,0.0,0.0,3.0,0.0,0.22,0.43,0.65,0.22,0.65,23.2,5.0,50.0,21.0,42.0,2.16,0.91,0.1,0.24,0.0,0.0,65.0,61.0,23,79.0,8,9,31.0,0,1.56,49.0,37.0,12.0,0.52,0.45,0.0,17.0,29.0,12.0,71.0,9.0,15.0,,,0.0,,,,,,,,,,,,,,,,True,alta,3,Extremo centrador,1.7520145303160217
ENG-Premier League,2324,Tottenham,Dejan Kulusevski,SWE,"MF,FW",23.0,2000.0,36.0,31.0,2762.0,30.7,8.0,3.0,11.0,8.0,0.0,0.0,7.0,0.0,0.26,0.1,0.36,0.26,0.36,30.7,8.0,57.0,24.0,42.1,1.86,0.78,0.14,0.33,0.0,0.0,77.0,80.8,31,85.0,21,5,26.0,0,1.72,57.0,46.0,11.0,0.36,0.08,0.0,54.0,29.0,10.0,89.0,17.0,33.0,,,0.0,,,,,,,,,,,,,,,,True,alta,2,Extremo de presión,2.1798752962086736
ENG-Premier League,2324,Tottenham,Richarlison,BRA,"FW,MF",26.0,1997.0,28.0,18.0,1491.0,16.6,11.0,4.0,15.0,11.0,0.0,0.0,3.0,0.0,0.66,0.24,0.91,0.66,0.91,16.6,11.0,61.0,25.0,41.0,3.68,1.51,0.18,0.44,0.0,0.0,53.0,43.6,18,74.0,6,10,15.0,1,1.82,36.0,18.0,18.0,1.09,1.32,0.0,20.0,30.0,12.0,15.0,8.0,11.0,,,0.0,,,,,,,,,,,,,,,,True,alta,0,Delantero asociativo,1.694832551628504
ENG-Premier League,2324,Tottenham,Son Heung-min,KOR,"FW,MF",31.0,1992.0,35.0,34.0,2934.0,32.6,17.0,10.0,27.0,15.0,2.0,2.0,1.0,0.0,0.52,0.31,0.83,0.46,0.77,32.6,17.0,85.0,40.0,47.1,2.61,1.23,0.2,0.43,2.0,2.0,84.0,85.8,34,85.0,19,1,29.0,0,1.74,63.0,51.0,12.0,0.37,0.18,0.0,12.0,39.0,20.0,36.0,8.0,13.0,,,1.0,,,,,,,,,,,,,,,,True,alta,4,Nueve de área,2.2350656846729606
ENG-Premier League,2324,Tottenham,Timo Werner,GER,"MF,FW",27.0,1996.0,13.0,10.0,809.0,9.0,2.0,3.0,5.0,2.0,0.0,0.0,1.0,0.0,0.22,0.33,0.56,0.22,0.56,9.0,2.0,29.0,7.0,24.1,3.23,0.78,0.07,0.29,0.0,0.0,62.0,23.7,10,76.0,2,3,16.0,0,1.62,18.0,16.0,2.0,0.22,-0.16,0.0,3.0,5.0,12.0,28.0,3.0,4.0,,,0.0,,,,,,,,,,,,,,,,False,baja,3,Extremo centrador,3.6335576585870872
ENG-Premier League,2324,West Ham,Jarrod Bowen,ENG,"MF,FW",26.0,1996.0,34.0,34.0,3019.0,33.5,16.0,6.0,22.0,16.0,0.0,0.0,2.0,0.0,0.48,0.18,0.66,0.48,0.66,33.5,16.0,85.0,37.0,43.5,2.53,1.1,0.19,0.43,0.0,0.0,89.0,88.3,34,89.0,31,0,,0,1.44,53.0,63.0,-10.0,-0.3,0.6,0.0,28.0,42.0,20.0,74.0,19.0,29.0,,,0.0,,,,,,,,,,,,,,,,True,alta,0,Delantero asociativo,1.7573012347501855
ENG-Premier League,2324,West Ham,Michail Antonio,JAM,FW,33.0,1990.0,26.0,21.0,1695.0,18.8,6.0,2.0,8.0,6.0,0.0,0.0,6.0,0.0,0.32,0.11,0.42,0.32,0.42,18.8,6.0,30.0,14.0,46.7,1.59,0.74,0.2,0.43,0.0,0.0,65.0,49.6,21,75.0,2,5,26.0,0,1.27,32.0,34.0,-2.0,-0.11,0.52,0.0,25.0,28.0,9.0,25.0,2.0,8.0,,,0.0,,,,,,,,,,,,,,,,True,alta,1,Nueve de choque,2.089330724207468
ENG-Premier League,2324,Wolves,Hwang Hee-chan,KOR,"FW,MF",27.0,1996.0,29.0,25.0,2119.0,23.5,12.0,3.0,15.0,11.0,1.0,1.0,6.0,0.0,0.51,0.13,0.64,0.47,0.59,23.5,12.0,45.0,18.0,40.0,1.91,0.76,0.27,0.67,1.0,1.0,73.0,62.0,25,80.0,14,4,32.0,0,1.31,35.0,37.0,-2.0,-0.08,0.81,0.0,31.0,32.0,15.0,11.0,9.0,10.0,,,0.0,,,,,,,,,,,,,,,,True,alta,1,Nueve de choque,2.0175694510695314
ENG-Premier League,2324,Wolves,Jean-Ricner Bellegarde,HAI,"MF,FW",25.0,1998.0,22.0,10.0,958.0,10.6,2.0,1.0,3.0,2.0,0.0,0.0,0.0,1.0,0.19,0.09,0.28,0.19,0.28,10.6,2.0,15.0,5.0,33.3,1.41,0.47,0.13,0.4,0.0,0.0,44.0,28.0,10,61.0,1,12,29.0,0,1.23,7.0,23.0,-16.0,-1.5,-1.54,0.0,10.0,24.0,2.0,30.0,8.0,9.0,,,0.0,,,,,,,,,,,,,,,,True,alta,2,Extremo de presión,1.5669247197000984
ENG-Premier League,2324,Wolves,Matheus Cunha,BRA,"FW,MF",24.0,1999.0,32.0,29.0,2440.0,27.1,12.0,7.0,19.0,11.0,1.0,1.0,9.0,0.0,0.44,0.26,0.7,0.41,0.66,27.1,12.0,73.0,38.0,52.1,2.69,1.4,0.16,0.32,1.0,1.0,76.0,71.3,29,81.0,12,3,29.0,0,1.16,40.0,46.0,-6.0,-0.22,0.61,0.0,31.0,50.0,4.0,24.0,11.0,15.0,,,0.0,,,,,,,,,,,,,,,,True,alta,0,Delantero asociativo,1.6269612886348506
ENG-Premier League,2324,Wolves,Pablo Sarabia,ESP,"MF,FW",31.0,1992.0,30.0,20.0,1745.0,19.4,4.0,7.0,11.0,2.0,2.0,2.0,5.0,0.0,0.21,0.36,0.57,0.1,0.46,19.4,4.0,46.0,18.0,39.1,2.37,0.93,0.09,0.22,2.0,2.0,58.0,51.0,20,77.0,5,10,20.0,7,1.33,31.0,27.0,4.0,0.21,1.23,0.0,21.0,25.0,10.0,132.0,9.0,14.0,,,0.0,,,,,,,,,,,,,,,,True,alta,3,Extremo centrador,1.9648114337890437
ENG-Premier League,2324,Wolves,Pedro Neto,POR,"MF,FW",23.0,2000.0,20.0,18.0,1516.0,16.8,2.0,9.0,11.0,2.0,0.0,0.0,4.0,0.0,0.12,0.53,0.65,0.12,0.65,16.8,2.0,36.0,12.0,33.3,2.14,0.71,0.06,0.17,0.0,0.0,76.0,44.3,18,83.0,12,2,12.0,1,1.4,22.0,27.0,-5.0,-0.3,0.18,0.0,15.0,21.0,2.0,114.0,5.0,4.0,,,0.0,,,,,,,,,,,,,,,,True,alta,3,Extremo centrador,2.32470659989886
ESP-La Liga,2324,Alavés,Kiké,ESP,FW,33.0,1989.0,33.0,15.0,1423.0,15.8,3.0,2.0,5.0,3.0,0.0,1.0,3.0,0.0,0.19,0.13,0.32,0.19,0.32,15.8,3.0,57.0,26.0,45.6,3.61,1.64,0.05,0.12,0.0,1.0,43.0,41.6,15,71.0,1,18,20.0,4,1.24,19.0,15.0,4.0,0.25,0.88,0.0,24.0,36.0,7.0,9.0,2.0,5.0,,,0.0,,,,,,,,,,,,,,,,True,alta,1,Nueve de choque,2.1438412848535786
ESP-La Liga,2324,Alavés,Samu Omorodion,ESP,FW,19.0,2004.0,34.0,21.0,1918.0,21.3,8.0,1.0,9.0,8.0,0.0,0.0,6.0,0.0,0.38,0.05,0.42,0.38,0.42,21.3,8.0,64.0,25.0,39.1,3.0,1.17,0.13,0.32,0.0,0.0,56.0,56.1,21,78.0,3,13,21.0,1,1.15,15.0,28.0,-13.0,-0.61,-0.79,0.0,30.0,30.0,16.0,2.0,1.0,3.0,,,0.0,,,,,,,,,,,,,,,,True,alta,1,Nueve de choque,1.9430202365388904
ESP-La Liga,2324,Almería,Adri Embarba,ESP,"MF,FW",31.0,1992.0,36.0,29.0,2476.0,27.5,3.0,2.0,5.0,2.0,1.0,1.0,5.0,0.0,0.11,0.07,0.18,0.07,0.15,27.5,3.0,64.0,25.0,39.1,2.33,0.91,0.05,0.12,1.0,1.0,69.0,72.4,29,79.0,12,7,28.0,2,0.58,25.0,52.0,-27.0,-0.98,-0.5,0.0,37.0,41.0,15.0,172.0,15.0,38.0,,,0.0,,,,,,,,,,,,,,,,True,alta,2,Extremo de presión,2.36063800101065
ESP-La Liga,2324,Almería,Anthony Lozano,HON,FW,30.0,1993.0,13.0,10.0,772.0,8.6,3.0,0.0,3.0,3.0,0.0,0.0,1.0,0.0,0.35,0.0,0.35,0.35,0.35,8.6,3.0,23.0,9.0,39.1,2.68,1.05,0.13,0.33,0.0,0.0,59.0,22.6,10,70.0,1,3,26.0,2,0.69,10.0,11.0,-1.0,-0.12,0.94,0.0,22.0,20.0,5.0,4.0,3.0,5.0,,,0.0,,,,,,,,,,,,,,,,False,baja,1,Nueve de choque,2.356001461254419
ESP-La Liga,2324,Almería,Gonzalo Melero,ESP,"MF,FW",29.0,1994.0,28.0,10.0,1103.0,12.3,1.0,1.0,2.0,1.0,0.0,0.0,3.0,0.0,0.08,0.08,0.16,0.08,0.16,12.3,1.0,14.0,4.0,28.6,1.14,0.33,0.07,0.25,0.0,0.0,39.0,32.3,10,70.0,3,18,22.0,3,0.64,17.0,27.0,-10.0,-0.82,0.04,0.0,21.0,17.0,0.0,3.0,4.0,9.0,,,0.0,,,,,,,,,,,,,,,,True,alta,2,Extremo de presión,2.658547553295479
ESP-La Liga,2324,Almería,Largie Ramazani,BEL,"MF,FW",22.0,2001.0,29.0,16.0,1555.0,17.3,3.0,5.0,8.0,3.0,0.0,0.0,11.0,2.0,0.17,0.29,0.46,0.17,0.46,17.3,3.0,40.0,13.0,32.5,2.32,0.75,0.08,0.23,0.0,0.0,54.0,45.5,16,75.0,4,13,28.0,2,0.41,21.0,34.0,-13.0,-0.75,0.16,2.0,27.0,24.0,9.0,31.0,35.0,7.0,,,0.0,,,,,,,,,,,,,,,,True,alta,0,Delantero asociativo,3.4516571793702586
ESP-La Liga,2324,Almería,Luis Suárez,COL,"FW,MF",25.0,1997.0,15.0,10.0,917.0,10.2,6.0,0.0,6.0,5.0,1.0,1.0,3.0,0.0,0.59,0.0,0.59,0.49,0.49,10.2,6.0,40.0,14.0,35.0,3.93,1.37,0.15,0.43,1.0,1.0,61.0,26.8,10,83.0,3,5,18.0,0,0.73,16.0,23.0,-7.0,-0.69,0.21,0.0,18.0,17.0,5.0,7.0,0.0,5.0,,,0.0,,,,,,,,,,,,,,,,True,alta,1,Nueve de choque,2.5588723282465713
ESP-La Liga,2324,Almería,Léo Baptistão,BRA,"FW,MF",30.0,1992.0,32.0,22.0,1837.0,20.4,6.0,0.0,6.0,6.0,0.0,0.0,6.0,1.0,0.29,0.0,0.29,0.29,0.29,20.4,6.0,48.0,18.0,37.5,2.35,0.88,0.13,0.33,0.0,0.0,57.0,53.7,22,75.0,8,10,19.0,1,0.59,23.0,41.0,-18.0,-0.88,-0.09,0.0,21.0,29.0,13.0,26.0,12.0,16.0,,,0.0,,,,,,,,,,,,,,,,True,alta,2,Extremo de presión,2.5654500303617103
ESP-La Liga,2324,Almería,Sergio Arribas,ESP,"MF,FW",21.0,2001.0,34.0,22.0,2047.0,22.7,9.0,4.0,13.0,9.0,0.0,0.0,1.0,0.0,0.4,0.18,0.57,0.4,0.57,22.7,9.0,60.0,22.0,36.7,2.64,0.97,0.15,0.41,0.0,0.0,60.0,59.9,22,76.0,4,12,31.0,4,0.5,28.0,41.0,-13.0,-0.57,0.67,0.0,14.0,42.0,2.0,59.0,14.0,17.0,,,0.0,,,,,,,,,,,,,,,,True,alta,3,Extremo centrador,2.2453286287758543
ESP-La Liga,2324,Athletic Club,Asier Villalibre,ESP,FW,25.0,1997.0,18.0,4.0,513.0,5.7,2.0,1.0,3.0,2.0,0.0,0.0,0.0,0.0,0.35,0.18,0.53,0.35,0.53,5.7,2.0,12.0,6.0,50.0,2.11,1.05,0.17,0.33,0.0,0.0,29.0,15.0,4,55.0,0,14,21.0,20,1.72,8.0,6.0,2.0,0.35,-0.33,0.0,7.0,11.0,3.0,2.0,0.0,1.0,,,0.0,,,,,,,,,,,,,,,,False,baja,4,Nueve de área,2.19511826926946
ESP-La Liga,2324,Athletic Club,Gorka Guruzeta,ESP,FW,26.0,1996.0,32.0,30.0,2217.0,24.6,14.0,5.0,19.0,14.0,0.0,1.0,2.0,0.0,0.57,0.2,0.77,0.57,0.77,24.6,14.0,65.0,31.0,47.7,2.64,1.26,0.22,0.45,0.0,1.0,69.0,64.8,30,72.0,4,2,33.0,1,1.78,44.0,20.0,24.0,0.97,0.97,0.0,44.0,23.0,11.0,12.0,15.0,22.0,,,0.0,,,,,,,,,,,,,,,,True,alta,0,Delantero asociativo,2.2369695197466686
ESP-La Liga,2324,Atlético Madrid,Antoine Griezmann,FRA,"FW,MF",32.0,1991.0,33.0,31.0,2644.0,29.4,16.0,6.0,22.0,12.0,4.0,4.0,5.0,0.0,0.54,0.2,0.75,0.41,0.61,29.4,16.0,79.0,34.0,43.0,2.69,1.16,0.2,0.47,4.0,4.0,80.0,77.3,31,83.0,19,2,39.0,1,2.0,52.0,33.0,19.0,0.65,-0.28,0.0,16.0,26.0,14.0,125.0,11.0,20.0,,,0.0,,,,,,,,,,,,,,,,True,alta,3,Extremo centrador,2.029607153641921
ESP-La Liga,2324,Atlético Madrid,Memphis,NED,FW,29.0,1994.0,23.0,9.0,893.0,9.9,5.0,1.0,6.0,5.0,0.0,0.0,2.0,0.0,0.5,0.1,0.6,0.5,0.6,9.9,5.0,38.0,15.0,39.5,3.83,1.51,0.13,0.33,0.0,0.0,39.0,26.1,9,61.0,1,14,25.0,3,1.74,16.0,14.0,2.0,0.2,-0.69,0.0,14.0,16.0,8.0,12.0,1.0,2.0,,,0.0,,,,,,,,,,,,,,,,False,baja,4,Nueve de área,2.2177077286737132
ESP-La Liga,2324,Atlético Madrid,Álvaro Morata,ESP,FW,30.0,1992.0,32.0,21.0,1904.0,21.2,15.0,3.0,18.0,15.0,0.0,1.0,4.0,1.0,0.71,0.14,0.85,0.71,0.85,21.2,15.0,67.0,34.0,50.7,3.17,1.61,0.22,0.44,0.0,1.0,60.0,55.7,21,74.0,5,11,32.0,2,1.91,40.0,25.0,15.0,0.71,0.0,1.0,33.0,36.0,33.0,10.0,1.0,10.0,,,0.0,,,,,,,,,,,,,,,,True,alta,4,Nueve de área,2.331761448462558
ESP-La Liga,2324,Atlético Madrid,Ángel Correa,ARG,"FW,MF",28.0,1995.0,32.0,14.0,1528.0,17.0,9.0,2.0,11.0,9.0,0.0,0.0,3.0,0.0,0.53,0.12,0.65,0.53,0.65,17.0,9.0,43.0,20.0,46.5,2.53,1.18,0.21,0.45,0.0,0.0,48.0,44.7,14,73.0,4,18,28.0,3,1.94,35.0,19.0,16.0,0.94,0.42,0.0,24.0,32.0,17.0,41.0,2.0,14.0,,,0.0,,,,,,,,,,,,,,,,True,alta,0,Delantero asociativo,2.6084219202069727
ESP-La Liga,2324,Barcelona,Fermin López,ESP,"MF,FW",20.0,2003.0,31.0,14.0,1446.0,16.1,8.0,0.0,8.0,8.0,0.0,0.0,2.0,0.0,0.5,0.0,0.5,0.5,0.5,16.1,8.0,51.0,25.0,49.0,3.17,1.56,0.16,0.32,0.0,0.0,47.0,42.3,14,70.0,1,17,28.0,6,2.29,31.0,14.0,17.0,1.06,0.24,0.0,43.0,17.0,10.0,18.0,3.0,20.0,,,0.0,,,,,,,,,,,,,,,,True,alta,1,Nueve de choque,3.444943023729797
ESP-La Liga,2324,Barcelona,Ferran Torres,ESP,FW,23.0,2000.0,29.0,12.0,1211.0,13.5,7.0,2.0,9.0,7.0,0.0,0.0,2.0,0.0,0.52,0.15,0.67,0.52,0.67,13.5,7.0,38.0,15.0,39.5,2.82,1.11,0.18,0.47,0.0,0.0,42.0,35.4,12,68.0,4,17,23.0,2,2.21,33.0,18.0,15.0,1.11,0.3,0.0,8.0,16.0,16.0,21.0,5.0,8.0,,,0.0,,,,,,,,,,,,,,,,True,alta,4,Nueve de área,2.464542915394895
ESP-La Liga,2324,Barcelona,Gavi,ESP,"MF,FW",18.0,2004.0,12.0,10.0,944.0,10.5,1.0,1.0,2.0,1.0,0.0,0.0,5.0,0.0,0.1,0.1,0.19,0.1,0.19,10.5,1.0,10.0,5.0,50.0,0.95,0.48,0.1,0.2,0.0,0.0,79.0,27.6,10,88.0,9,2,34.0,0,2.25,22.0,11.0,11.0,1.05,0.18,0.0,31.0,23.0,4.0,8.0,8.0,23.0,,,0.0,,,,,,,,,,,,,,,,True,alta,2,Extremo de presión,3.4624791004528688
ESP-La Liga,2324,Barcelona,João Félix,POR,FW,23.0,1999.0,30.0,18.0,1540.0,17.1,7.0,3.0,10.0,7.0,0.0,0.0,3.0,0.0,0.41,0.18,0.58,0.41,0.58,17.1,7.0,61.0,25.0,41.0,3.56,1.46,0.11,0.28,0.0,0.0,51.0,45.0,18,71.0,3,12,22.0,1,2.17,34.0,16.0,18.0,1.05,0.24,0.0,21.0,54.0,9.0,18.0,11.0,16.0,,,0.0,,,,,,,,,,,,,,,,True,alta,0,Delantero asociativo,2.352613390389714
ESP-La Liga,2324,Barcelona,Lamine Yamal,ESP,"FW,MF",16.0,2007.0,37.0,22.0,2201.0,24.5,5.0,5.0,10.0,5.0,0.0,0.0,3.0,0.0,0.2,0.2,0.41,0.2,0.41,24.5,5.0,58.0,21.0,36.2,2.37,0.86,0.09,0.24,0.0,0.0,59.0,64.4,22,83.0,12,15,25.0,1,2.22,56.0,33.0,23.0,0.94,0.05,0.0,23.0,52.0,4.0,87.0,20.0,37.0,,,0.0,,,,,,,,,,,,,,,,True,alta,2,Extremo de presión,2.316489693986578
ESP-La Liga,2324,Barcelona,Pedri,ESP,"MF,FW",20.0,2002.0,24.0,16.0,1476.0,16.4,4.0,2.0,6.0,4.0,0.0,0.0,3.0,0.0,0.24,0.12,0.37,0.24,0.37,16.4,4.0,15.0,7.0,46.7,0.91,0.43,0.27,0.57,0.0,0.0,62.0,43.2,16,78.0,3,8,29.0,0,2.08,32.0,21.0,11.0,0.67,-0.44,0.0,11.0,22.0,1.0,9.0,14.0,22.0,,,0.0,,,,,,,,,,,,,,,,True,alta,2,Extremo de presión,3.170933339022262
ESP-La Liga,2324,Barcelona,Raphinha,BRA,"FW,MF",26.0,1996.0,28.0,17.0,1368.0,15.2,6.0,9.0,15.0,5.0,1.0,1.0,4.0,1.0,0.39,0.59,0.99,0.33,0.92,15.2,6.0,59.0,22.0,37.3,3.88,1.45,0.1,0.27,1.0,1.0,49.0,40.0,17,68.0,4,11,19.0,2,2.14,30.0,14.0,16.0,1.05,0.22,0.0,17.0,25.0,7.0,81.0,13.0,8.0,,,0.0,,,,,,,,,,,,,,,,True,alta,0,Delantero asociativo,2.8451888736946227
ESP-La Liga,2324,Barcelona,Robert Lewandowski,POL,FW,34.0,1988.0,35.0,32.0,2750.0,30.6,19.0,8.0,27.0,15.0,4.0,4.0,5.0,0.0,0.62,0.26,0.88,0.49,0.75,30.6,19.0,93.0,43.0,46.2,3.04,1.41,0.2,0.44,4.0,4.0,79.0,80.4,32,83.0,20,3,31.0,0,2.23,67.0,35.0,32.0,1.05,0.64,0.0,23.0,55.0,24.0,18.0,9.0,4.0,,,0.0,,,,,,,,,,,,,,,,True,alta,4,Nueve de área,1.9034593211765551
ESP-La Liga,2324,Celta Vigo,Anastasios Douvikas,GRE,FW,23.0,1999.0,32.0,7.0,905.0,10.1,7.0,1.0,8.0,7.0,0.0,0.0,2.0,0.0,0.7,0.1,0.8,0.7,0.8,10.1,7.0,26.0,15.0,57.7,2.59,1.49,0.27,0.47,0.0,0.0,28.0,26.5,7,73.0,2,25,16.0,3,1.16,12.0,23.0,-11.0,-1.09,-1.09,0.0,17.0,30.0,6.0,3.0,0.0,7.0,,,0.0,,,,,,,,,,,,,,,,True,alta,4,Nueve de área,3.6501373263013277
ESP-La Liga,2324,Celta Vigo,Hugo Álvarez,ESP,"MF,FW",20.0,2003.0,12.0,8.0,762.0,8.5,1.0,1.0,2.0,1.0,0.0,0.0,1.0,0.0,0.12,0.12,0.24,0.12,0.24,8.5,1.0,12.0,4.0,33.3,1.42,0.47,0.08,0.25,0.0,0.0,64.0,22.3,8,85.0,4,4,21.0,3,1.83,12.0,10.0,2.0,0.24,0.68,0.0,9.0,9.0,1.0,22.0,5.0,9.0,,,0.0,,,,,,,,,,,,,,,,False,baja,2,Extremo de presión,1.7964090607359922
ESP-La Liga,2324,Celta Vigo,Iago Aspas,ESP,FW,35.0,1987.0,35.0,31.0,2707.0,30.1,9.0,10.0,19.0,6.0,3.0,5.0,6.0,1.0,0.3,0.33,0.63,0.2,0.53,30.1,9.0,78.0,28.0,35.9,2.59,0.93,0.12,0.32,3.0,5.0,77.0,79.2,31,83.0,18,4,31.0,1,1.0,38.0,44.0,-6.0,-0.2,0.43,0.0,19.0,59.0,12.0,149.0,8.0,6.0,,,0.0,,,,,,,,,,,,,,,,True,alta,3,Extremo centrador,2.150771746140801
ESP-La Liga,2324,Celta Vigo,Jonathan Bamba,CIV,"MF,FW",27.0,1996.0,27.0,24.0,1981.0,22.0,3.0,2.0,5.0,3.0,0.0,0.0,0.0,0.0,0.14,0.09,0.23,0.14,0.23,22.0,3.0,41.0,16.0,39.0,1.86,0.73,0.07,0.19,0.0,0.0,73.0,57.9,24,79.0,9,3,26.0,3,1.07,23.0,28.0,-5.0,-0.23,0.15,0.0,15.0,65.0,7.0,50.0,17.0,8.0,,,0.0,,,,,,,,,,,,,,,,True,alta,2,Extremo de presión,2.895624747715441
ESP-La Liga,2324,Celta Vigo,Jørgen Strand Larsen,NOR,FW,23.0,2000.0,37.0,36.0,2863.0,31.8,13.0,3.0,16.0,13.0,0.0,0.0,5.0,0.0,0.41,0.09,0.5,0.41,0.5,31.8,13.0,82.0,35.0,42.7,2.58,1.1,0.16,0.37,0.0,0.0,77.0,83.7,36,79.0,10,1,27.0,0,1.11,36.0,35.0,1.0,0.03,1.97,0.0,64.0,48.0,21.0,19.0,5.0,11.0,,,0.0,,,,,,,,,,,,,,,,True,alta,1,Nueve de choque,1.3129668270760309
ESP-La Liga,2324,Cádiz,Chris Ramos,ESP,FW,26.0,1997.0,37.0,30.0,2612.0,29.0,5.0,1.0,6.0,5.0,0.0,0.0,5.0,0.0,0.17,0.03,0.21,0.17,0.21,29.0,5.0,76.0,27.0,35.5,2.62,0.93,0.07,0.19,0.0,0.0,71.0,76.4,30,80.0,10,7,32.0,0,0.89,22.0,36.0,-14.0,-0.48,1.19,0.0,61.0,46.0,12.0,12.0,9.0,13.0,,,0.0,,,,,,,,,,,,,,,,True,alta,1,Nueve de choque,1.42750947772116
ESP-La Liga,2324,Cádiz,Juanmi,ESP,FW,30.0,1993.0,16.0,9.0,873.0,9.7,3.0,1.0,4.0,3.0,0.0,0.0,3.0,0.0,0.31,0.1,0.41,0.31,0.41,9.7,3.0,14.0,7.0,50.0,1.44,0.72,0.21,0.43,0.0,0.0,55.0,25.5,9,75.0,3,7,28.0,0,1.06,7.0,14.0,-7.0,-0.72,0.06,0.0,24.0,11.0,13.0,2.0,5.0,4.0,,,0.0,,,,,,,,,,,,,,,,False,baja,1,Nueve de choque,3.404019737379387
ESP-La Liga,2324,Cádiz,Maxi Gómez,URU,FW,26.0,1996.0,31.0,12.0,1163.0,12.9,0.0,0.0,0.0,0.0,0.0,0.0,2.0,0.0,0.0,0.0,0.0,0.0,0.0,12.9,0.0,16.0,6.0,37.5,1.24,0.46,0.0,0.0,0.0,0.0,38.0,34.0,12,64.0,0,19,21.0,3,0.81,6.0,21.0,-15.0,-1.16,-0.6,0.0,20.0,32.0,13.0,20.0,2.0,4.0,,,0.0,,,,,,,,,,,,,,,,True,alta,1,Nueve de choque,3.596099890002229
ESP-La Liga,2324,Cádiz,Roger Martí,ESP,FW,32.0,1991.0,23.0,18.0,1359.0,15.1,2.0,3.0,5.0,2.0,0.0,0.0,3.0,0.0,0.13,0.2,0.33,0.13,0.33,15.1,2.0,33.0,12.0,36.4,2.19,0.79,0.06,0.17,0.0,0.0,59.0,39.7,18,70.0,3,5,19.0,2,0.96,15.0,20.0,-5.0,-0.33,0.72,0.0,34.0,28.0,9.0,9.0,8.0,6.0,,,0.0,,,,,,,,,,,,,,,,True,alta,1,Nueve de choque,2.5228246388981996
ESP-La Liga,2324,Cádiz,Rubén Sobrino,ESP,"MF,FW",31.0,1992.0,32.0,18.0,1646.0,18.3,0.0,1.0,1.0,0.0,0.0,0.0,8.0,1.0,0.0,0.05,0.05,0.0,0.05,18.3,0.0,21.0,3.0,14.3,1.15,0.16,0.0,0.0,0.0,0.0,51.0,48.1,18,72.0,2,14,25.0,3,1.0,8.0,24.0,-16.0,-0.87,-0.22,0.0,46.0,31.0,6.0,22.0,17.0,29.0,,,0.0,,,,,,,,,,,,,,,,True,alta,2,Extremo de presión,3.3543280069537813
ESP-La Liga,2324,Cádiz,Sergi Guardiola,ESP,FW,32.0,1991.0,22.0,1.0,495.0,5.5,1.0,1.0,2.0,1.0,0.0,0.0,1.0,0.0,0.18,0.18,0.36,0.18,0.36,5.5,1.0,14.0,5.0,35.7,2.55,0.91,0.07,0.2,0.0,0.0,23.0,14.5,1,69.0,0,21,20.0,11,0.73,5.0,7.0,-2.0,-0.36,0.47,0.0,18.0,22.0,3.0,16.0,0.0,6.0,,,0.0,,,,,,,,,,,,,,,,False,baja,1,Nueve de choque,4.610172925565705
ESP-La Liga,2324,Getafe,Borja Mayoral,ESP,FW,26.0,1997.0,27.0,25.0,2153.0,23.9,15.0,1.0,16.0,11.0,4.0,4.0,2.0,0.0,0.63,0.04,0.67,0.46,0.5,23.9,15.0,47.0,27.0,57.4,1.96,1.13,0.32,0.56,4.0,4.0,80.0,63.0,25,83.0,10,2,36.0,0,1.3,34.0,34.0,0.0,0.0,0.85,0.0,31.0,31.0,13.0,22.0,3.0,4.0,,,0.0,,,,,,,,,,,,,,,,True,alta,4,Nueve de área,2.116101692174449
ESP-La Liga,2324,Getafe,Jaime Mata,ESP,"FW,MF",34.0,1988.0,35.0,22.0,1787.0,19.9,5.0,1.0,6.0,5.0,0.0,0.0,10.0,1.0,0.25,0.05,0.3,0.25,0.3,19.9,5.0,33.0,13.0,39.4,1.66,0.65,0.15,0.38,0.0,0.0,51.0,52.3,22,69.0,5,13,21.0,1,1.23,25.0,30.0,-5.0,-0.25,0.13,1.0,63.0,25.0,31.0,39.0,15.0,15.0,,,0.0,,,,,,,,,,,,,,,,True,alta,2,Extremo de presión,3.8323518287838048
ESP-La Liga,2324,Getafe,Juanmi Latasa,ESP,FW,22.0,2001.0,32.0,15.0,1555.0,17.3,2.0,0.0,2.0,2.0,0.0,0.0,7.0,1.0,0.12,0.0,0.12,0.12,0.12,17.3,2.0,44.0,15.0,34.1,2.55,0.87,0.05,0.13,0.0,0.0,49.0,45.5,15,71.0,4,17,29.0,4,1.06,17.0,20.0,-3.0,-0.17,0.26,1.0,66.0,40.0,7.0,3.0,4.0,8.0,,,0.0,,,,,,,,,,,,,,,,True,alta,1,Nueve de choque,3.0387212967356945
ESP-La Liga,2324,Getafe,Mason Greenwood,ENG,"MF,FW",21.0,2001.0,33.0,30.0,2662.0,29.6,8.0,6.0,14.0,6.0,2.0,3.0,6.0,1.0,0.27,0.2,0.47,0.2,0.41,29.6,8.0,102.0,35.0,34.3,3.45,1.18,0.08,0.23,2.0,3.0,81.0,77.8,30,86.0,22,3,27.0,0,1.18,36.0,42.0,-6.0,-0.2,0.51,0.0,39.0,42.0,1.0,108.0,3.0,6.0,,,0.0,,,,,,,,,,,,,,,,True,alta,3,Extremo centrador,2.915617482297103
ESP-La Liga,2324,Getafe,Óscar Rodríguez Arnaiz,ESP,"MF,FW",25.0,1998.0,24.0,9.0,967.0,10.7,2.0,1.0,3.0,2.0,0.0,0.0,9.0,0.0,0.19,0.09,0.28,0.19,0.28,10.7,2.0,34.0,10.0,29.4,3.16,0.93,0.06,0.2,0.0,0.0,40.0,28.3,9,69.0,1,15,23.0,9,1.13,13.0,11.0,2.0,0.19,0.7,0.0,20.0,15.0,1.0,17.0,6.0,12.0,,,0.0,,,,,,,,,,,,,,,,True,alta,2,Extremo de presión,2.292865758787213
ESP-La Liga,2324,Girona,Artem Dovbyk,UKR,FW,26.0,1997.0,36.0,32.0,2587.0,28.7,24.0,8.0,32.0,17.0,7.0,8.0,2.0,0.0,0.83,0.28,1.11,0.59,0.87,28.7,24.0,85.0,46.0,54.1,2.96,1.6,0.28,0.52,7.0,8.0,72.0,75.6,32,78.0,10,4,26.0,0,2.19,66.0,36.0,30.0,1.04,0.07,0.0,27.0,13.0,33.0,1.0,0.0,3.0,,,0.0,,,,,,,,,,,,,,,,True,alta,4,Nueve de área,2.703609582371457
ESP-La Liga,2324,Girona,Cristhian Stuani,URU,FW,36.0,1986.0,31.0,5.0,804.0,8.9,9.0,3.0,12.0,9.0,0.0,0.0,6.0,0.0,1.01,0.34,1.34,1.01,1.34,8.9,9.0,34.0,17.0,50.0,3.81,1.9,0.26,0.53,0.0,0.0,26.0,23.5,5,65.0,0,26,18.0,1,2.1,24.0,10.0,14.0,1.57,0.71,0.0,28.0,7.0,4.0,1.0,5.0,11.0,,,0.0,,,,,,,,,,,,,,,,False,baja,0,Delantero asociativo,4.152284857861813
ESP-La Liga,2324,Girona,Portu,ESP,"MF,FW",31.0,1992.0,33.0,11.0,1188.0,13.2,7.0,5.0,12.0,7.0,0.0,0.0,3.0,0.0,0.53,0.38,0.91,0.53,0.91,13.2,7.0,21.0,11.0,52.4,1.59,0.83,0.33,0.64,0.0,0.0,36.0,34.7,11,68.0,1,22,20.0,2,2.12,33.0,15.0,18.0,1.36,0.52,0.0,18.0,16.0,9.0,18.0,4.0,13.0,,,0.0,,,,,,,,,,,,,,,,True,alta,0,Delantero asociativo,2.81173080479834
ESP-La Liga,2324,Girona,Sávio,BRA,"MF,FW",19.0,2004.0,37.0,35.0,2976.0,33.1,9.0,10.0,19.0,9.0,0.0,0.0,5.0,0.0,0.27,0.3,0.57,0.27,0.57,33.1,9.0,45.0,20.0,44.4,1.36,0.6,0.2,0.45,0.0,0.0,80.0,87.0,35,83.0,15,2,33.0,0,2.11,74.0,39.0,35.0,1.06,0.25,0.0,30.0,66.0,16.0,122.0,20.0,26.0,,,0.0,,,,,,,,,,,,,,,,True,alta,3,Extremo centrador,2.5810880431004866
ESP-La Liga,2324,Granada,Antonio Puertas,ESP,"MF,FW",31.0,1992.0,27.0,6.0,730.0,8.1,0.0,2.0,2.0,0.0,0.0,2.0,3.0,1.0,0.0,0.25,0.25,0.0,0.25,8.1,0.0,19.0,5.0,26.3,2.34,0.62,0.0,0.0,0.0,2.0,27.0,21.3,6,74.0,1,21,14.0,5,0.39,14.0,23.0,-9.0,-1.11,-0.04,0.0,19.0,12.0,6.0,20.0,7.0,7.0,,,0.0,,,,,,,,,,,,,,,,False,baja,2,Extremo de presión,3.346221555096395
ESP-La Liga,2324,Granada,Bryan Zaragoza,ESP,"MF,FW",21.0,2001.0,21.0,18.0,1638.0,18.2,6.0,2.0,8.0,5.0,1.0,1.0,5.0,0.0,0.33,0.11,0.44,0.27,0.38,18.2,6.0,33.0,19.0,57.6,1.81,1.04,0.18,0.32,1.0,1.0,78.0,47.9,18,87.0,13,3,27.0,0,0.52,19.0,37.0,-18.0,-0.99,0.17,0.0,12.0,33.0,14.0,99.0,3.0,8.0,,,0.0,,,,,,,,,,,,,,,,True,alta,4,Nueve de área,3.3221896612413566
ESP-La Liga,2324,Granada,Facundo Pellistri,URU,"MF,FW",21.0,2001.0,15.0,14.0,1232.0,13.7,2.0,1.0,3.0,2.0,0.0,0.0,2.0,1.0,0.15,0.07,0.22,0.15,0.22,13.7,2.0,17.0,6.0,35.3,1.24,0.44,0.12,0.33,0.0,0.0,82.0,36.0,14,85.0,6,1,45.0,0,0.6,13.0,31.0,-18.0,-1.31,-0.37,1.0,21.0,21.0,5.0,30.0,4.0,19.0,,,0.0,,,,,,,,,,,,,,,,True,alta,2,Extremo de presión,1.6059661410406287
ESP-La Liga,2324,Granada,José Callejón,ESP,"MF,FW",36.0,1987.0,25.0,7.0,803.0,8.9,0.0,1.0,1.0,0.0,0.0,0.0,2.0,0.0,0.0,0.11,0.11,0.0,0.11,8.9,0.0,11.0,3.0,27.3,1.23,0.34,0.0,0.0,0.0,0.0,32.0,23.5,7,65.0,0,18,19.0,13,0.72,8.0,21.0,-13.0,-1.46,-0.49,0.0,12.0,21.0,3.0,35.0,5.0,5.0,,,0.0,,,,,,,,,,,,,,,,False,baja,2,Extremo de presión,2.4230789450839785
ESP-La Liga,2324,Granada,Lucas Boyé,ARG,FW,27.0,1996.0,31.0,30.0,2541.0,28.2,6.0,3.0,9.0,6.0,0.0,0.0,8.0,1.0,0.21,0.11,0.32,0.21,0.32,28.2,6.0,56.0,15.0,26.8,1.98,0.53,0.11,0.4,0.0,0.0,82.0,74.3,30,83.0,15,1,45.0,0,0.52,26.0,57.0,-31.0,-1.1,-0.07,0.0,72.0,43.0,8.0,13.0,12.0,25.0,,,0.0,,,,,,,,,,,,,,,,True,alta,2,Extremo de presión,2.201985402881474
ESP-La Liga,2324,Granada,Myrto Uzuni,ALB,"FW,MF",28.0,1995.0,34.0,28.0,2448.0,27.2,11.0,1.0,12.0,7.0,4.0,5.0,3.0,0.0,0.4,0.04,0.44,0.26,0.29,27.2,11.0,64.0,29.0,45.3,2.35,1.07,0.17,0.38,4.0,5.0,72.0,71.6,28,81.0,11,6,32.0,1,0.62,30.0,53.0,-23.0,-0.85,0.82,0.0,26.0,19.0,18.0,11.0,3.0,13.0,,,0.0,,,,,,,,,,,,,,,,True,alta,4,Nueve de área,2.06301968929942
ESP-La Liga,2324,Granada,Álvaro Carreras,ESP,"MF,FW",20.0,2003.0,13.0,5.0,475.0,5.3,0.0,0.0,0.0,0.0,0.0,0.0,1.0,0.0,0.0,0.0,0.0,0.0,0.0,5.3,0.0,7.0,1.0,14.3,1.33,0.19,0.0,0.0,0.0,0.0,37.0,13.9,5,67.0,0,8,18.0,2,0.46,10.0,11.0,-1.0,-0.19,1.03,0.0,6.0,11.0,1.0,15.0,8.0,7.0,,,0.0,,,,,,,,,,,,,,,,False,baja,2,Extremo de presión,3.4818413233880676
ESP-La Liga,2324,Granada,Óscar Melendo,ESP,"MF,FW",25.0,1997.0,26.0,15.0,1122.0,12.5,0.0,0.0,0.0,0.0,0.0,0.0,2.0,0.0,0.0,0.0,0.0,0.0,0.0,12.5,0.0,6.0,2.0,33.3,0.48,0.16,0.0,0.0,0.0,0.0,43.0,32.8,15,63.0,0,11,16.0,10,0.31,12.0,23.0,-11.0,-0.88,0.29,0.0,11.0,37.0,1.0,9.0,4.0,6.0,,,0.0,,,,,,,,,,,,,,,,True,alta,2,Extremo de presión,3.7819516838614633
ESP-La Liga,2324,Las Palmas,Alberto Moleiro,ESP,"MF,FW",19.0,2003.0,28.0,21.0,1803.0,20.0,3.0,3.0,6.0,3.0,0.0,0.0,1.0,0.0,0.15,0.15,0.3,0.15,0.3,20.0,3.0,33.0,10.0,30.3,1.65,0.5,0.09,0.3,0.0,0.0,64.0,52.7,21,77.0,9,7,27.0,0,1.04,22.0,28.0,-6.0,-0.3,0.15,0.0,17.0,18.0,2.0,27.0,7.0,6.0,,,0.0,,,,,,,,,,,,,,,,True,alta,3,Extremo centrador,2.04959715355141
ESP-La Liga,2324,Las Palmas,Jonathan Viera,ESP,"MF,FW",33.0,1989.0,9.0,7.0,617.0,6.9,2.0,1.0,3.0,0.0,2.0,2.0,1.0,0.0,0.29,0.15,0.44,0.0,0.15,6.9,2.0,14.0,6.0,42.9,2.04,0.88,0.14,0.33,2.0,2.0,69.0,18.0,7,82.0,3,2,22.0,0,1.22,3.0,7.0,-4.0,-0.58,-0.26,0.0,3.0,17.0,1.0,16.0,0.0,4.0,,,0.0,,,,,,,,,,,,,,,,False,baja,3,Extremo centrador,3.5772784647962625
ESP-La Liga,2324,Las Palmas,Marc Cardona,ESP,FW,28.0,1995.0,26.0,6.0,737.0,8.2,4.0,1.0,5.0,3.0,1.0,1.0,4.0,0.0,0.49,0.12,0.61,0.37,0.49,8.2,4.0,22.0,11.0,50.0,2.69,1.34,0.18,0.36,1.0,1.0,28.0,21.5,6,64.0,0,20,18.0,10,,11.0,7.0,4.0,0.49,1.09,0.0,12.0,19.0,18.0,5.0,2.0,8.0,,,0.0,,,,,,,,,,,,,,,,False,baja,0,Delantero asociativo,3.3395133948431726
ESP-La Liga,2324,Las Palmas,Munir El Haddadi,MAR,"MF,FW",27.0,1995.0,38.0,32.0,2449.0,27.2,3.0,2.0,5.0,3.0,0.0,1.0,3.0,0.0,0.11,0.07,0.18,0.11,0.18,27.2,3.0,43.0,12.0,27.9,1.58,0.44,0.07,0.25,0.0,1.0,64.0,71.6,32,73.0,3,6,19.0,0,1.05,24.0,31.0,-7.0,-0.26,0.39,0.0,30.0,73.0,21.0,41.0,10.0,28.0,,,0.0,,,,,,,,,,,,,,,,True,alta,2,Extremo de presión,2.3703055556692485
ESP-La Liga,2324,Las Palmas,Pejiño,ESP,"MF,FW",27.0,1996.0,17.0,6.0,504.0,5.6,2.0,0.0,2.0,2.0,0.0,0.0,1.0,0.0,0.36,0.0,0.36,0.36,0.36,5.6,2.0,17.0,8.0,47.1,3.04,1.43,0.12,0.25,0.0,0.0,30.0,14.7,6,60.0,0,11,13.0,15,0.76,4.0,5.0,-1.0,-0.18,0.22,0.0,6.0,4.0,0.0,31.0,2.0,9.0,,,0.0,,,,,,,,,,,,,,,,False,baja,3,Extremo centrador,4.107211439426588
ESP-La Liga,2324,Las Palmas,Sandro Ramírez,ESP,"FW,MF",28.0,1995.0,27.0,21.0,1808.0,20.1,1.0,3.0,4.0,1.0,0.0,1.0,3.0,0.0,0.05,0.15,0.2,0.05,0.2,20.1,1.0,52.0,19.0,36.5,2.59,0.95,0.02,0.05,0.0,1.0,67.0,52.9,21,79.0,4,6,26.0,3,0.74,15.0,25.0,-10.0,-0.5,-0.27,0.0,20.0,36.0,16.0,87.0,4.0,7.0,,,0.0,,,,,,,,,,,,,,,,True,alta,3,Extremo centrador,2.5844089256311236
ESP-La Liga,2324,Las Palmas,Sory Kaba,GUI,FW,28.0,1995.0,17.0,9.0,720.0,8.0,1.0,1.0,2.0,1.0,0.0,0.0,2.0,0.0,0.12,0.12,0.25,0.12,0.25,8.0,1.0,13.0,1.0,7.7,1.62,0.12,0.08,1.0,0.0,0.0,42.0,21.1,9,67.0,2,8,15.0,19,1.06,3.0,11.0,-8.0,-1.0,-0.8,0.0,16.0,15.0,9.0,0.0,0.0,1.0,,,0.0,,,,,,,,,,,,,,,,False,baja,1,Nueve de choque,4.193371197826941
ESP-La Liga,2324,Mallorca,Abdón Prats,ESP,FW,30.0,1992.0,34.0,11.0,1270.0,14.1,6.0,1.0,7.0,6.0,0.0,0.0,4.0,0.0,0.43,0.07,0.5,0.43,0.5,14.1,6.0,33.0,14.0,42.4,2.34,0.99,0.18,0.43,0.0,0.0,37.0,37.1,11,68.0,3,23,23.0,4,1.03,16.0,15.0,1.0,0.07,0.57,0.0,18.0,18.0,5.0,8.0,2.0,4.0,,,0.0,,,,,,,,,,,,,,,,True,alta,1,Nueve de choque,1.5411439043855413
ESP-La Liga,2324,Mallorca,Cyle Larin,CAN,FW,28.0,1995.0,35.0,20.0,1823.0,20.3,3.0,2.0,5.0,3.0,0.0,0.0,8.0,0.0,0.15,0.1,0.25,0.15,0.25,20.3,3.0,69.0,25.0,36.2,3.41,1.23,0.04,0.12,0.0,0.0,52.0,53.3,20,70.0,3,15,28.0,2,1.0,20.0,21.0,-1.0,-0.05,0.51,0.0,27.0,34.0,30.0,8.0,3.0,8.0,,,0.0,,,,,,,,,,,,,,,,True,alta,1,Nueve de choque,2.0966607998314495
ESP-La Liga,2324,Mallorca,Vedat Muriqi,KVX,FW,29.0,1994.0,29.0,25.0,2327.0,25.9,7.0,2.0,9.0,6.0,1.0,3.0,5.0,0.0,0.27,0.08,0.35,0.23,0.31,25.9,7.0,66.0,25.0,37.9,2.55,0.97,0.11,0.28,1.0,3.0,80.0,68.0,25,88.0,19,4,31.0,0,1.0,23.0,32.0,-9.0,-0.35,-0.18,0.0,39.0,43.0,31.0,11.0,6.0,6.0,,,0.0,,,,,,,,,,,,,,,,True,alta,1,Nueve de choque,1.5414293636821492
ESP-La Liga,2324,Osasuna,Ante Budimir,CRO,FW,32.0,1991.0,33.0,29.0,2435.0,27.1,17.0,2.0,19.0,14.0,3.0,4.0,4.0,0.0,0.63,0.07,0.7,0.52,0.59,27.1,17.0,76.0,35.0,46.1,2.81,1.29,0.22,0.49,3.0,4.0,74.0,71.2,29,81.0,10,4,19.0,1,1.3,34.0,40.0,-6.0,-0.22,0.24,0.0,40.0,26.0,27.0,9.0,5.0,13.0,,,0.0,,,,,,,,,,,,,,,,True,alta,4,Nueve de área,1.6496884153472304
ESP-La Liga,2324,Osasuna,Ezequiel Ávila,ARG,"FW,MF",29.0,1994.0,17.0,10.0,864.0,9.6,1.0,3.0,4.0,1.0,0.0,0.0,3.0,2.0,0.1,0.31,0.42,0.1,0.42,9.6,1.0,27.0,6.0,22.2,2.81,0.62,0.04,0.17,0.0,0.0,51.0,25.3,10,71.0,1,7,22.0,0,0.94,11.0,12.0,-1.0,-0.1,0.25,0.0,8.0,20.0,4.0,80.0,4.0,2.0,,,0.0,,,,,,,,,,,,,,,,False,baja,3,Extremo centrador,2.928772336506047
ESP-La Liga,2324,Osasuna,José Arnaiz,ESP,"FW,MF",28.0,1995.0,26.0,9.0,929.0,10.3,2.0,1.0,3.0,2.0,0.0,0.0,3.0,0.0,0.19,0.1,0.29,0.19,0.29,10.3,2.0,29.0,9.0,31.0,2.81,0.87,0.07,0.22,0.0,0.0,36.0,27.2,9,65.0,0,17,20.0,8,1.04,11.0,16.0,-5.0,-0.48,-0.27,0.0,8.0,19.0,3.0,45.0,3.0,8.0,,,0.0,,,,,,,,,,,,,,,,True,alta,3,Extremo centrador,1.814942585388316
ESP-La Liga,2324,Osasuna,Moi Gómez,ESP,"MF,FW",29.0,1994.0,28.0,23.0,2006.0,22.3,3.0,0.0,3.0,3.0,0.0,0.0,3.0,0.0,0.13,0.0,0.13,0.13,0.13,22.3,3.0,19.0,8.0,42.1,0.85,0.36,0.16,0.38,0.0,0.0,72.0,58.7,23,80.0,11,5,34.0,5,1.14,26.0,30.0,-4.0,-0.18,0.27,0.0,29.0,30.0,2.0,51.0,10.0,19.0,,,0.0,,,,,,,,,,,,,,,,True,alta,2,Extremo de presión,2.36929630564838
ESP-La Liga,2324,Osasuna,Raúl,ESP,FW,22.0,2000.0,35.0,13.0,1355.0,15.1,6.0,1.0,7.0,6.0,0.0,0.0,4.0,0.0,0.4,0.07,0.46,0.4,0.46,15.1,6.0,33.0,12.0,36.4,2.19,0.8,0.18,0.5,0.0,0.0,39.0,39.6,13,75.0,2,22,17.0,2,1.09,18.0,24.0,-6.0,-0.4,-0.18,0.0,13.0,12.0,9.0,6.0,5.0,4.0,,,0.0,,,,,,,,,,,,,,,,True,alta,4,Nueve de área,2.1679365490452827
ESP-La Liga,2324,Osasuna,Rubén García,ESP,"FW,MF",30.0,1993.0,30.0,19.0,1547.0,17.2,3.0,2.0,5.0,3.0,0.0,0.0,1.0,0.0,0.17,0.12,0.29,0.17,0.29,17.2,3.0,28.0,10.0,35.7,1.63,0.58,0.11,0.3,0.0,0.0,52.0,45.2,19,71.0,4,11,17.0,6,1.0,18.0,26.0,-8.0,-0.47,-0.32,0.0,24.0,27.0,6.0,98.0,12.0,18.0,,,0.0,,,,,,,,,,,,,,,,True,alta,2,Extremo de presión,1.6634437199859697
ESP-La Liga,2324,Rayo Vallecano,Kike Pérez,ESP,"MF,FW",26.0,1997.0,24.0,9.0,835.0,9.3,1.0,0.0,1.0,1.0,0.0,0.0,7.0,0.0,0.11,0.0,0.11,0.11,0.11,9.3,1.0,13.0,6.0,46.2,1.4,0.65,0.08,0.17,0.0,0.0,35.0,24.4,9,59.0,0,15,20.0,8,0.92,6.0,14.0,-8.0,-0.86,-0.48,0.0,42.0,34.0,0.0,18.0,8.0,13.0,,,0.0,,,,,,,,,,,,,,,,False,baja,2,Extremo de presión,4.479619476098074
ESP-La Liga,2324,Rayo Vallecano,Randy Nteka,ANG,FW,25.0,1997.0,16.0,3.0,572.0,6.4,1.0,1.0,2.0,0.0,1.0,1.0,3.0,0.0,0.16,0.16,0.31,0.0,0.16,6.4,1.0,15.0,6.0,40.0,2.36,0.94,0.07,0.17,1.0,1.0,36.0,16.7,3,74.0,0,13,27.0,12,0.94,3.0,11.0,-8.0,-1.26,-0.91,0.0,19.0,14.0,5.0,3.0,3.0,4.0,,,0.0,,,,,,,,,,,,,,,,False,baja,1,Nueve de choque,3.4649156191450894
ESP-La Liga,2324,Rayo Vallecano,Raúl de Tomás,ESP,FW,28.0,1994.0,25.0,15.0,1272.0,14.1,1.0,2.0,3.0,0.0,1.0,1.0,5.0,0.0,0.07,0.14,0.21,0.0,0.14,14.1,1.0,39.0,12.0,30.8,2.76,0.85,0.03,0.08,1.0,1.0,51.0,37.2,15,69.0,1,10,23.0,11,0.96,13.0,14.0,-1.0,-0.07,0.68,0.0,24.0,26.0,12.0,8.0,1.0,5.0,,,0.0,,,,,,,,,,,,,,,,True,alta,1,Nueve de choque,2.586871845819598
ESP-La Liga,2324,Rayo Vallecano,Sergio Camello,ESP,FW,22.0,2001.0,31.0,20.0,1661.0,18.5,3.0,1.0,4.0,3.0,0.0,0.0,3.0,0.0,0.16,0.05,0.22,0.16,0.22,18.5,3.0,34.0,13.0,38.2,1.84,0.7,0.09,0.23,0.0,0.0,54.0,48.6,20,70.0,1,11,24.0,6,0.94,12.0,27.0,-15.0,-0.81,-0.61,0.0,18.0,11.0,7.0,2.0,3.0,6.0,,,0.0,,,,,,,,,,,,,,,,True,alta,1,Nueve de choque,2.567183612059586
ESP-La Liga,2324,Rayo Vallecano,Óscar Trejo,ARG,"FW,MF",35.0,1988.0,31.0,19.0,1380.0,15.3,0.0,0.0,0.0,0.0,0.0,0.0,4.0,1.0,0.0,0.0,0.0,0.0,0.0,15.3,0.0,18.0,3.0,16.7,1.17,0.2,0.0,0.0,0.0,0.0,45.0,40.4,19,60.0,1,12,20.0,2,1.1,12.0,18.0,-6.0,-0.39,0.18,0.0,40.0,40.0,3.0,21.0,5.0,15.0,,,0.0,,,,,,,,,,,,,,,,True,alta,2,Extremo de presión,3.344636666939887
ESP-La Liga,2324,Real Betis,Ayoze Pérez,ESP,"MF,FW",30.0,1993.0,31.0,29.0,2294.0,25.5,9.0,1.0,10.0,9.0,0.0,0.0,4.0,0.0,0.35,0.04,0.39,0.35,0.39,25.5,9.0,68.0,26.0,38.2,2.67,1.02,0.13,0.35,0.0,0.0,74.0,67.1,29,78.0,12,2,22.0,1,1.45,28.0,28.0,0.0,0.0,-0.24,0.0,36.0,48.0,10.0,19.0,21.0,34.0,,,0.0,,,,,,,,,,,,,,,,True,alta,2,Extremo de presión,2.4045090417364774
ESP-La Liga,2324,Real Betis,Nabil Fekir,FRA,"MF,FW",30.0,1993.0,19.0,10.0,1049.0,11.7,1.0,2.0,3.0,1.0,0.0,0.0,1.0,0.0,0.09,0.17,0.26,0.09,0.26,11.7,1.0,27.0,9.0,33.3,2.32,0.77,0.04,0.11,0.0,0.0,55.0,30.7,10,80.0,4,9,28.0,2,1.79,19.0,15.0,4.0,0.34,0.38,0.0,22.0,35.0,8.0,55.0,6.0,9.0,,,0.0,,,,,,,,,,,,,,,,True,alta,2,Extremo de presión,2.8800941292456814
ESP-La Liga,2324,Real Betis,Willian José,BRA,FW,31.0,1991.0,33.0,25.0,1971.0,21.9,10.0,5.0,15.0,10.0,0.0,0.0,0.0,1.0,0.46,0.23,0.68,0.46,0.68,21.9,10.0,48.0,24.0,50.0,2.19,1.1,0.21,0.42,0.0,0.0,60.0,57.6,25,70.0,7,8,27.0,2,1.52,25.0,28.0,-3.0,-0.14,-0.51,0.0,9.0,20.0,9.0,7.0,2.0,3.0,,,0.0,,,,,,,,,,,,,,,,True,alta,4,Nueve de área,2.10056623604205
ESP-La Liga,2324,Real Madrid,Brahim Díaz,MAR,"MF,FW",23.0,1999.0,31.0,18.0,1545.0,17.2,8.0,6.0,14.0,8.0,0.0,0.0,0.0,0.0,0.47,0.35,0.82,0.47,0.82,17.2,8.0,38.0,17.0,44.7,2.21,0.99,0.21,0.47,0.0,0.0,50.0,45.2,18,74.0,1,13,17.0,7,2.52,44.0,9.0,35.0,2.04,0.79,0.0,22.0,42.0,5.0,32.0,5.0,18.0,,,0.0,,,,,,,,,,,,,,,,True,alta,0,Delantero asociativo,1.9803973699636264
ESP-La Liga,2324,Real Madrid,Joselu,ESP,FW,33.0,1990.0,34.0,15.0,1687.0,18.7,10.0,2.0,12.0,10.0,0.0,2.0,1.0,0.0,0.53,0.11,0.64,0.53,0.64,18.7,10.0,63.0,29.0,46.0,3.36,1.55,0.16,0.34,0.0,2.0,50.0,49.3,15,84.0,10,19,23.0,2,2.5,51.0,9.0,42.0,2.24,1.25,0.0,10.0,15.0,18.0,6.0,6.0,4.0,,,0.0,,,,,,,,,,,,,,,,True,alta,4,Nueve de área,1.8188959455629437
ESP-La Liga,2324,Real Madrid,Jude Bellingham,ENG,"MF,FW",20.0,2003.0,28.0,27.0,2315.0,25.7,19.0,6.0,25.0,18.0,1.0,1.0,5.0,1.0,0.74,0.23,0.97,0.7,0.93,25.7,19.0,63.0,35.0,55.6,2.45,1.36,0.3,0.54,1.0,1.0,83.0,67.7,27,85.0,17,1,25.0,4,2.46,57.0,16.0,41.0,1.59,-0.04,0.0,32.0,72.0,4.0,22.0,20.0,35.0,,,0.0,,,,,,,,,,,,,,,,True,alta,0,Delantero asociativo,3.1679437084197906
ESP-La Liga,2324,Real Madrid,Rodrygo,BRA,FW,22.0,2001.0,34.0,28.0,2380.0,26.4,10.0,5.0,15.0,10.0,0.0,1.0,2.0,0.0,0.38,0.19,0.57,0.38,0.57,26.4,10.0,87.0,36.0,41.4,3.29,1.36,0.11,0.28,0.0,1.0,70.0,69.6,28,81.0,10,6,21.0,3,2.44,52.0,20.0,32.0,1.21,-1.3,0.0,10.0,46.0,13.0,31.0,8.0,15.0,,,0.0,,,,,,,,,,,,,,,,True,alta,0,Delantero asociativo,2.254352343908777
ESP-La Liga,2324,Real Madrid,Vinicius Júnior,BRA,FW,23.0,2000.0,26.0,22.0,1864.0,20.7,15.0,5.0,20.0,14.0,1.0,1.0,7.0,0.0,0.72,0.24,0.97,0.68,0.92,20.7,15.0,78.0,39.0,50.0,3.77,1.88,0.19,0.38,1.0,1.0,72.0,54.5,22,80.0,7,4,26.0,3,2.62,47.0,12.0,35.0,1.69,0.19,0.0,24.0,54.0,10.0,56.0,1.0,12.0,,,0.0,,,,,,,,,,,,,,,,True,alta,0,Delantero asociativo,2.973501772122128
ESP-La Liga,2324,Real Sociedad,Ander Barrenetxea,ESP,"MF,FW",21.0,2001.0,29.0,20.0,1427.0,15.9,4.0,1.0,5.0,4.0,0.0,0.0,1.0,0.0,0.25,0.06,0.32,0.25,0.32,15.9,4.0,37.0,12.0,32.4,2.33,0.76,0.11,0.33,0.0,0.0,49.0,41.7,20,60.0,0,9,26.0,1,1.45,24.0,18.0,6.0,0.38,0.11,0.0,27.0,22.0,3.0,46.0,7.0,21.0,,,0.0,,,,,,,,,,,,,,,,True,alta,2,Extremo de presión,1.708781055349209
ESP-La Liga,2324,Real Sociedad,André Silva,POR,FW,27.0,1995.0,19.0,9.0,729.0,8.1,3.0,0.0,3.0,2.0,1.0,1.0,1.0,0.0,0.37,0.0,0.37,0.25,0.25,8.1,3.0,16.0,6.0,37.5,1.98,0.74,0.19,0.5,1.0,1.0,38.0,21.3,9,65.0,0,10,15.0,9,1.42,8.0,8.0,0.0,0.0,-0.4,0.0,14.0,8.0,5.0,0.0,1.0,2.0,,,0.0,,,,,,,,,,,,,,,,False,baja,1,Nueve de choque,2.0113962404027825
ESP-La Liga,2324,Real Sociedad,Arsen Zakharyan,RUS,"MF,FW",20.0,2003.0,29.0,15.0,1228.0,13.6,1.0,2.0,3.0,1.0,0.0,0.0,1.0,0.0,0.07,0.15,0.22,0.07,0.22,13.6,1.0,33.0,9.0,27.3,2.42,0.66,0.03,0.11,0.0,0.0,42.0,35.9,15,64.0,0,14,19.0,2,1.52,15.0,17.0,-2.0,-0.15,-0.72,0.0,21.0,11.0,3.0,76.0,4.0,15.0,,,0.0,,,,,,,,,,,,,,,,True,alta,3,Extremo centrador,2.6141558266832594
ESP-La Liga,2324,Real Sociedad,Brais Méndez,ESP,"MF,FW",26.0,1997.0,32.0,27.0,2413.0,26.8,5.0,6.0,11.0,5.0,0.0,0.0,7.0,0.0,0.19,0.22,0.41,0.19,0.41,26.8,5.0,66.0,17.0,25.8,2.46,0.63,0.08,0.29,0.0,0.0,75.0,70.6,27,83.0,16,5,36.0,1,1.59,34.0,29.0,5.0,0.19,-0.44,0.0,58.0,56.0,3.0,101.0,12.0,27.0,,,0.0,,,,,,,,,,,,,,,,True,alta,2,Extremo de presión,2.4558846001989063
ESP-La Liga,2324,Real Sociedad,Mikel Oyarzabal,ESP,"FW,MF",26.0,1997.0,33.0,23.0,2156.0,24.0,9.0,3.0,12.0,7.0,2.0,2.0,3.0,0.0,0.38,0.13,0.5,0.29,0.42,24.0,9.0,40.0,19.0,47.5,1.67,0.79,0.23,0.47,2.0,2.0,65.0,63.0,23,82.0,9,10,26.0,1,1.64,29.0,20.0,9.0,0.38,0.16,0.0,20.0,20.0,18.0,10.0,4.0,18.0,,,0.0,,,,,,,,,,,,,,,,True,alta,4,Nueve de área,2.3752790073782584
ESP-La Liga,2324,Real Sociedad,Sheraldo Becker,SUR,"FW,MF",28.0,1995.0,15.0,8.0,771.0,8.6,2.0,2.0,4.0,2.0,0.0,0.0,1.0,0.0,0.23,0.23,0.47,0.23,0.47,8.6,2.0,21.0,10.0,47.6,2.45,1.17,0.1,0.2,0.0,0.0,51.0,22.5,8,74.0,0,7,26.0,1,1.47,14.0,5.0,9.0,1.05,0.95,0.0,11.0,5.0,6.0,45.0,1.0,3.0,,,0.0,,,,,,,,,,,,,,,,False,baja,3,Extremo centrador,2.962185899725284
ESP-La Liga,2324,Real Sociedad,Takefusa Kubo,JPN,"FW,MF",22.0,2001.0,30.0,24.0,2150.0,23.9,7.0,4.0,11.0,7.0,0.0,0.0,1.0,0.0,0.29,0.17,0.46,0.29,0.46,23.9,7.0,46.0,21.0,45.7,1.93,0.88,0.15,0.33,0.0,0.0,72.0,62.9,24,83.0,14,6,28.0,4,1.53,32.0,24.0,8.0,0.33,0.05,0.0,22.0,52.0,8.0,143.0,10.0,16.0,,,0.0,,,,,,,,,,,,,,,,True,alta,3,Extremo centrador,2.177359571507867
ESP-La Liga,2324,Real Sociedad,Umar Sadiq,NGA,FW,26.0,1997.0,26.0,12.0,1077.0,12.0,3.0,1.0,4.0,3.0,0.0,0.0,4.0,0.0,0.25,0.08,0.33,0.25,0.33,12.0,3.0,33.0,10.0,30.3,2.76,0.84,0.09,0.3,0.0,0.0,41.0,31.5,12,69.0,2,14,18.0,10,1.58,16.0,15.0,1.0,0.08,-0.34,0.0,45.0,19.0,27.0,12.0,0.0,10.0,,,0.0,,,,,,,,,,,,,,,,True,alta,1,Nueve de choque,3.6181595477170347
ESP-La Liga,2324,Sevilla,Dodi Lukebakio,BEL,"MF,FW",25.0,1997.0,23.0,12.0,1125.0,12.5,5.0,1.0,6.0,5.0,0.0,0.0,0.0,0.0,0.4,0.08,0.48,0.4,0.48,12.5,5.0,42.0,17.0,40.5,3.36,1.36,0.12,0.29,0.0,0.0,49.0,32.9,12,70.0,3,11,26.0,1,1.17,18.0,20.0,-2.0,-0.16,0.0,0.0,24.0,22.0,4.0,36.0,2.0,3.0,,,0.0,,,,,,,,,,,,,,,,True,alta,1,Nueve de choque,2.3838533124282066
ESP-La Liga,2324,Sevilla,Isaac Romero,ESP,FW,23.0,2000.0,14.0,14.0,1039.0,11.5,4.0,4.0,8.0,4.0,0.0,0.0,2.0,0.0,0.35,0.35,0.69,0.35,0.69,11.5,4.0,42.0,17.0,40.5,3.64,1.47,0.1,0.24,0.0,0.0,74.0,30.4,14,74.0,3,0,,0,1.57,15.0,13.0,2.0,0.17,0.48,0.0,28.0,17.0,6.0,11.0,0.0,3.0,,,0.0,,,,,,,,,,,,,,,,True,alta,1,Nueve de choque,3.1665355708653786
ESP-La Liga,2324,Sevilla,Lucas Ocampos,ARG,"MF,FW",29.0,1994.0,35.0,34.0,2871.0,31.9,4.0,3.0,7.0,3.0,1.0,1.0,8.0,0.0,0.13,0.09,0.22,0.09,0.19,31.9,4.0,64.0,24.0,37.5,2.01,0.75,0.06,0.17,1.0,1.0,82.0,83.9,34,83.0,18,1,45.0,1,0.97,37.0,42.0,-5.0,-0.16,0.01,0.0,32.0,71.0,8.0,122.0,20.0,47.0,,,0.0,,,,,,,,,,,,,,,,True,alta,2,Extremo de presión,1.7156810715351374
ESP-La Liga,2324,Sevilla,Youssef En-Nesyri,MAR,FW,26.0,1997.0,33.0,28.0,2570.0,28.6,16.0,2.0,18.0,15.0,1.0,1.0,4.0,0.0,0.56,0.07,0.63,0.53,0.6,28.6,16.0,73.0,30.0,41.1,2.56,1.05,0.22,0.53,1.0,1.0,78.0,75.1,28,87.0,17,5,29.0,0,1.21,40.0,33.0,7.0,0.25,1.62,0.0,21.0,21.0,22.0,5.0,8.0,7.0,,,0.0,,,,,,,,,,,,,,,,True,alta,4,Nueve de área,1.768768888999927
ESP-La Liga,2324,Valencia,André Almeida,POR,"FW,MF",23.0,2000.0,18.0,12.0,965.0,10.7,2.0,1.0,3.0,2.0,0.0,0.0,0.0,0.0,0.19,0.09,0.28,0.19,0.28,10.7,2.0,10.0,4.0,40.0,0.93,0.37,0.2,0.5,0.0,0.0,54.0,28.2,12,67.0,2,6,26.0,3,1.0,15.0,11.0,4.0,0.37,0.7,0.0,12.0,20.0,1.0,16.0,3.0,14.0,,,0.0,,,,,,,,,,,,,,,,True,alta,2,Extremo de presión,2.0374481828143005
ESP-La Liga,2324,Valencia,Diego López,ESP,"MF,FW",21.0,2002.0,36.0,30.0,2656.0,29.5,3.0,6.0,9.0,3.0,0.0,0.0,2.0,0.0,0.1,0.2,0.3,0.1,0.3,29.5,3.0,41.0,15.0,36.6,1.39,0.51,0.07,0.2,0.0,0.0,74.0,77.7,30,81.0,8,6,40.0,0,1.33,28.0,34.0,-6.0,-0.2,-0.32,0.0,26.0,31.0,8.0,66.0,21.0,26.0,,,0.0,,,,,,,,,,,,,,,,True,alta,3,Extremo centrador,2.127257514956166
ESP-La Liga,2324,Valencia,Hugo Duro,ESP,FW,23.0,1999.0,37.0,35.0,2976.0,33.1,13.0,2.0,15.0,13.0,0.0,0.0,4.0,0.0,0.39,0.06,0.45,0.39,0.45,33.1,13.0,66.0,29.0,43.9,2.0,0.88,0.2,0.45,0.0,0.0,80.0,87.0,35,83.0,13,2,30.0,0,1.32,35.0,33.0,2.0,0.06,1.48,0.0,41.0,95.0,17.0,7.0,6.0,8.0,,,0.0,,,,,,,,,,,,,,,,True,alta,1,Nueve de choque,2.48467718800022
ESP-La Liga,2324,Valencia,Roman Yaremchuk,UKR,FW,27.0,1995.0,25.0,11.0,928.0,10.3,3.0,0.0,3.0,3.0,0.0,0.0,2.0,0.0,0.29,0.0,0.29,0.29,0.29,10.3,3.0,18.0,9.0,50.0,1.75,0.87,0.17,0.33,0.0,0.0,37.0,27.1,11,60.0,0,14,20.0,4,1.16,12.0,12.0,0.0,0.0,0.18,0.0,7.0,13.0,15.0,3.0,1.0,2.0,,,0.0,,,,,,,,,,,,,,,,True,alta,4,Nueve de área,2.725839919345969
ESP-La Liga,2324,Valencia,Selim Amallah,MAR,"MF,FW",26.0,1996.0,20.0,7.0,604.0,6.7,0.0,1.0,1.0,0.0,0.0,0.0,5.0,1.0,0.0,0.15,0.15,0.0,0.15,6.7,0.0,11.0,5.0,45.5,1.64,0.75,0.0,0.0,0.0,0.0,30.0,17.7,7,62.0,1,13,13.0,7,1.45,4.0,6.0,-2.0,-0.3,-0.2,1.0,21.0,24.0,1.0,3.0,10.0,12.0,,,0.0,,,,,,,,,,,,,,,,False,baja,2,Extremo de presión,4.240367608865893
ESP-La Liga,2324,Villarreal,Alexander Sørloth,NOR,FW,27.0,1995.0,34.0,30.0,2489.0,27.7,23.0,6.0,29.0,23.0,0.0,0.0,3.0,0.0,0.83,0.22,1.05,0.83,1.05,27.7,23.0,78.0,36.0,46.2,2.82,1.3,0.29,0.64,0.0,0.0,73.0,72.8,30,79.0,23,4,27.0,1,1.41,56.0,46.0,10.0,0.36,1.33,0.0,34.0,19.0,23.0,7.0,0.0,4.0,,,0.0,,,,,,,,,,,,,,,,True,alta,4,Nueve de área,2.2075467020346875
ESP-La Liga,2324,Villarreal,Gerard Moreno,ESP,FW,31.0,1992.0,30.0,28.0,2215.0,24.6,10.0,6.0,16.0,8.0,2.0,3.0,0.0,0.0,0.41,0.24,0.65,0.33,0.57,24.6,10.0,63.0,21.0,33.3,2.56,0.85,0.16,0.48,2.0,3.0,74.0,64.8,28,78.0,9,2,20.0,2,1.3,39.0,45.0,-6.0,-0.24,-0.69,0.0,22.0,38.0,17.0,28.0,9.0,11.0,,,0.0,,,,,,,,,,,,,,,,True,alta,0,Delantero asociativo,1.8773777295065432
ESP-La Liga,2324,Villarreal,Gonçalo Guedes,POR,"FW,MF",26.0,1996.0,17.0,9.0,951.0,10.6,3.0,2.0,5.0,3.0,0.0,0.0,0.0,0.0,0.28,0.19,0.47,0.28,0.47,10.6,3.0,25.0,8.0,32.0,2.37,0.76,0.12,0.38,0.0,0.0,56.0,27.8,9,79.0,3,8,30.0,1,1.82,24.0,16.0,8.0,0.76,1.05,0.0,5.0,16.0,3.0,28.0,2.0,5.0,,,0.0,,,,,,,,,,,,,,,,True,alta,3,Extremo centrador,1.4471794807453737
ESP-La Liga,2324,Villarreal,José Luis Morales,ESP,"FW,MF",36.0,1987.0,29.0,8.0,1048.0,11.6,7.0,0.0,7.0,7.0,0.0,0.0,0.0,0.0,0.6,0.0,0.6,0.6,0.6,11.6,7.0,26.0,12.0,46.2,2.23,1.03,0.27,0.58,0.0,0.0,36.0,30.6,8,71.0,0,21,23.0,9,1.38,15.0,25.0,-10.0,-0.86,-1.24,0.0,3.0,4.0,13.0,10.0,6.0,3.0,,,0.0,,,,,,,,,,,,,,,,True,alta,4,Nueve de área,3.66993825256153
ESP-La Liga,2324,Villarreal,Yéremy Pino,ESP,"MF,FW",20.0,2002.0,7.0,7.0,475.0,5.3,0.0,0.0,0.0,0.0,0.0,0.0,4.0,0.0,0.0,0.0,0.0,0.0,0.0,5.3,0.0,9.0,4.0,44.4,1.71,0.76,0.0,0.0,0.0,0.0,68.0,13.9,7,68.0,1,0,,1,0.71,6.0,8.0,-2.0,-0.38,-0.44,0.0,22.0,9.0,3.0,7.0,5.0,18.0,,,0.0,,,,,,,,,,,,,,,,False,baja,2,Extremo de presión,4.485180398947326
ESP-La Liga,2324,Villarreal,Álex Baena,ESP,"MF,FW",22.0,2001.0,34.0,33.0,2579.0,28.7,2.0,14.0,16.0,2.0,0.0,1.0,11.0,1.0,0.07,0.49,0.56,0.07,0.56,28.7,2.0,73.0,26.0,35.6,2.55,0.91,0.03,0.08,0.0,1.0,76.0,75.4,33,77.0,12,1,26.0,0,1.5,50.0,46.0,4.0,0.14,0.57,0.0,52.0,57.0,8.0,173.0,14.0,20.0,,,0.0,,,,,,,,,,,,,,,,True,alta,3,Extremo centrador,3.00377943335027
FRA-Ligue 1,2324,Brest,Jérémy Le Douaron,FRA,"FW,MF",25.0,1998.0,33.0,19.0,1618.0,18.0,4.0,0.0,4.0,4.0,0.0,0.0,3.0,0.0,0.22,0.0,0.22,0.22,0.22,18.0,4.0,50.0,21.0,42.0,2.78,1.17,0.08,0.19,0.0,0.0,49.0,52.9,19,72.0,2,14,18.0,0,1.82,24.0,19.0,5.0,0.28,-0.6,0.0,28.0,31.0,3.0,39.0,2.0,9.0,,,0.0,,,,,,,,,,,,,,,,True,alta,1,Nueve de choque,2.405360447383874
FRA-Ligue 1,2324,Brest,Martin Satriano,URU,"FW,MF",22.0,2001.0,33.0,21.0,1864.0,20.7,4.0,4.0,8.0,4.0,0.0,0.0,4.0,0.0,0.19,0.19,0.39,0.19,0.39,20.7,4.0,63.0,20.0,31.7,3.04,0.97,0.06,0.2,0.0,0.0,56.0,60.9,21,77.0,4,12,20.0,0,1.82,36.0,19.0,17.0,0.82,0.67,0.0,19.0,25.0,2.0,10.0,7.0,14.0,,,0.0,,,,,,,,,,,,,,,,True,alta,3,Extremo centrador,2.355809320672027
FRA-Ligue 1,2324,Brest,Mathias Pereira Lage,POR,"MF,FW",26.0,1996.0,30.0,12.0,1187.0,13.2,3.0,2.0,5.0,3.0,0.0,0.0,3.0,0.0,0.23,0.15,0.38,0.23,0.38,13.2,3.0,36.0,16.0,44.4,2.73,1.21,0.08,0.19,0.0,0.0,40.0,38.8,12,73.0,0,18,18.0,1,1.77,18.0,9.0,9.0,0.68,0.2,0.0,19.0,21.0,6.0,67.0,10.0,15.0,,,0.0,,,,,,,,,,,,,,,,True,alta,0,Delantero asociativo,2.3579322712684205
FRA-Ligue 1,2324,Brest,Romain Del Castillo,FRA,"MF,FW",27.0,1996.0,33.0,30.0,2497.0,27.7,8.0,8.0,16.0,5.0,3.0,3.0,4.0,0.0,0.29,0.29,0.58,0.18,0.47,27.7,8.0,39.0,17.0,43.6,1.41,0.61,0.21,0.47,3.0,3.0,76.0,81.6,30,81.0,3,3,22.0,0,1.82,45.0,31.0,14.0,0.5,-0.29,0.0,21.0,59.0,3.0,250.0,9.0,29.0,,,0.0,,,,,,,,,,,,,,,,True,alta,3,Extremo centrador,2.6537331356501426
FRA-Ligue 1,2324,Brest,Steve Mounié,BEN,FW,28.0,1994.0,32.0,20.0,1769.0,19.7,6.0,2.0,8.0,6.0,0.0,0.0,2.0,1.0,0.31,0.1,0.41,0.31,0.41,19.7,6.0,59.0,24.0,40.7,3.0,1.22,0.1,0.25,0.0,0.0,55.0,57.8,20,76.0,5,12,21.0,0,1.72,33.0,24.0,9.0,0.46,-0.24,0.0,43.0,25.0,8.0,11.0,2.0,7.0,,,0.0,,,,,,,,,,,,,,,,True,alta,1,Nueve de choque,1.3746110819839532
FRA-Ligue 1,2324,Clermont Foot,Alan Virginius,FRA,"MF,FW",20.0,2003.0,14.0,12.0,934.0,10.4,0.0,2.0,2.0,0.0,0.0,0.0,0.0,0.0,0.0,0.19,0.19,0.0,0.19,10.4,0.0,10.0,6.0,60.0,0.96,0.58,0.0,0.0,0.0,0.0,67.0,30.5,12,73.0,0,2,30.0,0,0.93,10.0,19.0,-9.0,-0.87,0.19,0.0,4.0,6.0,4.0,22.0,3.0,5.0,,,0.0,,,,,,,,,,,,,,,,True,alta,3,Extremo centrador,4.153968990008493
FRA-Ligue 1,2324,Clermont Foot,Bilal Boutobba,FRA,"MF,FW",24.0,1998.0,27.0,10.0,926.0,10.3,1.0,1.0,2.0,1.0,0.0,0.0,1.0,0.0,0.1,0.1,0.19,0.1,0.19,10.3,1.0,25.0,9.0,36.0,2.43,0.87,0.04,0.11,0.0,0.0,34.0,30.3,10,75.0,1,17,10.0,6,0.74,6.0,20.0,-14.0,-1.36,-0.52,0.0,7.0,26.0,2.0,57.0,8.0,13.0,,,0.0,,,,,,,,,,,,,,,,True,alta,2,Extremo de presión,2.5714483259741874
FRA-Ligue 1,2324,Clermont Foot,Elba Rashani,KVX,"MF,FW",30.0,1993.0,24.0,14.0,1175.0,13.1,2.0,0.0,2.0,2.0,0.0,0.0,4.0,2.0,0.15,0.0,0.15,0.15,0.15,13.1,2.0,16.0,5.0,31.3,1.23,0.38,0.13,0.4,0.0,0.0,49.0,38.4,14,70.0,3,10,20.0,0,0.83,9.0,22.0,-13.0,-1.0,0.01,0.0,27.0,29.0,3.0,28.0,12.0,18.0,,,0.0,,,,,,,,,,,,,,,,True,alta,2,Extremo de presión,2.0936976255333977
FRA-Ligue 1,2324,Clermont Foot,Grejohn Kyei,FRA,FW,27.0,1995.0,26.0,10.0,1026.0,11.4,2.0,1.0,3.0,1.0,1.0,1.0,1.0,0.0,0.18,0.09,0.26,0.09,0.18,11.4,2.0,31.0,8.0,25.8,2.72,0.7,0.06,0.25,1.0,1.0,39.0,33.5,10,75.0,1,16,17.0,5,0.58,9.0,19.0,-10.0,-0.88,0.18,0.0,28.0,11.0,8.0,2.0,1.0,4.0,,,0.0,,,,,,,,,,,,,,,,True,alta,1,Nueve de choque,2.4287528701905927
FRA-Ligue 1,2324,Clermont Foot,Muhammed Cham,AUT,"MF,FW",22.0,2000.0,33.0,29.0,2554.0,28.4,8.0,4.0,12.0,4.0,4.0,5.0,4.0,0.0,0.28,0.14,0.42,0.14,0.28,28.4,8.0,74.0,30.0,40.5,2.61,1.06,0.11,0.27,4.0,5.0,77.0,83.5,29,85.0,14,4,24.0,0,0.76,22.0,43.0,-21.0,-0.74,1.57,0.0,23.0,57.0,3.0,119.0,7.0,13.0,,,0.0,,,,,,,,,,,,,,,,True,alta,3,Extremo centrador,1.8510511153072882
FRA-Ligue 1,2324,Clermont Foot,Shamar Nicholson,JAM,FW,26.0,1997.0,26.0,17.0,1484.0,16.5,4.0,3.0,7.0,3.0,1.0,2.0,2.0,0.0,0.24,0.18,0.42,0.18,0.36,16.5,4.0,40.0,20.0,50.0,2.43,1.21,0.1,0.2,1.0,2.0,57.0,48.5,17,78.0,5,9,17.0,2,0.81,12.0,28.0,-16.0,-0.97,0.06,0.0,20.0,26.0,14.0,6.0,1.0,2.0,,,0.0,,,,,,,,,,,,,,,,True,alta,4,Nueve de área,2.1981568455625595
FRA-Ligue 1,2324,Le Havre,André Ayew,GHA,"FW,MF",33.0,1989.0,19.0,12.0,1104.0,12.3,5.0,0.0,5.0,5.0,0.0,0.0,2.0,1.0,0.41,0.0,0.41,0.41,0.41,12.3,5.0,33.0,13.0,39.4,2.69,1.06,0.15,0.38,0.0,0.0,58.0,36.1,12,83.0,5,7,16.0,0,0.74,13.0,20.0,-7.0,-0.57,-0.39,0.0,15.0,26.0,4.0,4.0,2.0,10.0,,,0.0,,,,,,,,,,,,,,,,True,alta,1,Nueve de choque,2.2208464911003376
FRA-Ligue 1,2324,Le Havre,Antoine Joujou,FRA,"MF,FW",20.0,2003.0,23.0,6.0,779.0,8.7,0.0,2.0,2.0,0.0,0.0,0.0,1.0,0.0,0.0,0.23,0.23,0.0,0.23,8.7,0.0,20.0,3.0,15.0,2.31,0.35,0.0,0.0,0.0,0.0,34.0,25.5,6,66.0,1,17,23.0,3,0.83,8.0,11.0,-3.0,-0.35,-0.03,0.0,17.0,10.0,0.0,18.0,6.0,12.0,,,0.0,,,,,,,,,,,,,,,,False,baja,2,Extremo de presión,3.5916677945538815
FRA-Ligue 1,2324,Le Havre,Emmanuel Sabbi,USA,"MF,FW",25.0,1997.0,30.0,18.0,1584.0,17.6,5.0,1.0,6.0,3.0,2.0,2.0,5.0,0.0,0.28,0.06,0.34,0.17,0.23,17.6,5.0,31.0,11.0,35.5,1.76,0.62,0.16,0.45,2.0,2.0,53.0,51.8,18,73.0,2,12,22.0,2,0.93,19.0,20.0,-1.0,-0.06,0.55,0.0,26.0,37.0,2.0,20.0,19.0,20.0,,,0.0,,,,,,,,,,,,,,,,True,alta,2,Extremo de presión,1.5186719216556648
FRA-Ligue 1,2324,Le Havre,Josué Casimir,HAI,"MF,FW",21.0,2001.0,30.0,25.0,2016.0,22.4,0.0,5.0,5.0,0.0,0.0,0.0,6.0,0.0,0.0,0.22,0.22,0.0,0.22,22.4,0.0,21.0,3.0,14.3,0.94,0.13,0.0,0.0,0.0,0.0,67.0,65.9,25,75.0,6,5,30.0,0,0.9,20.0,29.0,-9.0,-0.4,-0.23,0.0,25.0,28.0,7.0,52.0,13.0,18.0,,,0.0,,,,,,,,,,,,,,,,True,alta,2,Extremo de presión,3.3645627717375235
FRA-Ligue 1,2324,Le Havre,Mohamed Lamine Bayo,GUI,FW,25.0,1998.0,22.0,16.0,1389.0,15.4,5.0,1.0,6.0,3.0,2.0,2.0,4.0,0.0,0.32,0.06,0.39,0.19,0.26,15.4,5.0,47.0,19.0,40.4,3.05,1.23,0.11,0.26,2.0,2.0,63.0,45.4,16,81.0,4,6,16.0,1,0.91,14.0,17.0,-3.0,-0.19,0.24,0.0,14.0,12.0,7.0,8.0,2.0,6.0,,,0.0,,,,,,,,,,,,,,,,True,alta,1,Nueve de choque,2.053588191415724
FRA-Ligue 1,2324,Le Havre,Nabil Alioui,FRA,"MF,FW",24.0,1999.0,18.0,12.0,1009.0,11.2,4.0,1.0,5.0,4.0,0.0,0.0,1.0,0.0,0.36,0.09,0.45,0.36,0.45,11.2,4.0,28.0,9.0,32.1,2.5,0.8,0.14,0.44,0.0,0.0,56.0,33.0,12,71.0,0,6,26.0,1,1.11,10.0,14.0,-4.0,-0.36,-0.05,0.0,10.0,20.0,6.0,54.0,3.0,2.0,,,0.0,,,,,,,,,,,,,,,,True,alta,3,Extremo centrador,2.6112223874285583
FRA-Ligue 1,2324,Lens,Elye Wahi,CIV,FW,20.0,2003.0,27.0,20.0,1692.0,18.8,9.0,3.0,12.0,8.0,1.0,1.0,10.0,1.0,0.48,0.16,0.64,0.43,0.59,18.8,9.0,60.0,32.0,53.3,3.19,1.7,0.15,0.28,1.0,1.0,63.0,55.3,20,75.0,2,7,28.0,1,1.52,25.0,18.0,7.0,0.37,0.31,1.0,20.0,16.0,25.0,9.0,3.0,4.0,,,0.0,,,,,,,,,,,,,,,,True,alta,4,Nueve de área,1.461298002355069
FRA-Ligue 1,2324,Lens,Florian Sotoca,FRA,"MF,FW",32.0,1990.0,32.0,29.0,2598.0,28.9,7.0,6.0,13.0,3.0,4.0,4.0,4.0,1.0,0.24,0.21,0.45,0.1,0.31,28.9,7.0,69.0,22.0,31.9,2.39,0.76,0.1,0.32,4.0,4.0,81.0,84.9,29,86.0,20,3,30.0,0,1.47,36.0,34.0,2.0,0.07,-1.1,0.0,27.0,40.0,13.0,95.0,20.0,23.0,,,0.0,,,,,,,,,,,,,,,,True,alta,3,Extremo centrador,1.8445459460020488
FRA-Ligue 1,2324,Lens,Morgan Guilavogui,GUI,FW,25.0,1998.0,23.0,2.0,566.0,6.3,2.0,0.0,2.0,2.0,0.0,0.0,1.0,0.0,0.32,0.0,0.32,0.32,0.32,6.3,2.0,21.0,8.0,38.1,3.34,1.27,0.1,0.25,0.0,0.0,25.0,18.5,2,71.0,0,21,20.0,6,1.52,11.0,5.0,6.0,0.95,0.88,0.0,14.0,7.0,7.0,5.0,5.0,10.0,,,0.0,,,,,,,,,,,,,,,,False,baja,1,Nueve de choque,4.054683664268957
FRA-Ligue 1,2324,Lens,Wesley Saïd,FRA,FW,28.0,1995.0,27.0,11.0,1020.0,11.3,7.0,1.0,8.0,7.0,0.0,0.0,1.0,0.0,0.62,0.09,0.71,0.62,0.71,11.3,7.0,45.0,19.0,42.2,3.97,1.68,0.16,0.37,0.0,0.0,38.0,33.3,11,65.0,0,16,19.0,1,1.48,16.0,13.0,3.0,0.26,0.04,0.0,33.0,15.0,8.0,16.0,5.0,5.0,,,0.0,,,,,,,,,,,,,,,,True,alta,0,Delantero asociativo,3.027401225802635
FRA-Ligue 1,2324,Lille,Edon Zhegrova,KVX,"MF,FW",24.0,1999.0,33.0,25.0,2288.0,25.4,6.0,6.0,12.0,6.0,0.0,0.0,3.0,1.0,0.24,0.24,0.47,0.24,0.47,25.4,6.0,82.0,29.0,35.4,3.23,1.14,0.07,0.21,0.0,0.0,69.0,74.8,25,82.0,6,8,31.0,1,1.76,41.0,21.0,20.0,0.79,1.02,0.0,23.0,31.0,11.0,174.0,8.0,17.0,,,0.0,,,,,,,,,,,,,,,,True,alta,3,Extremo centrador,1.6789350768872209
FRA-Ligue 1,2324,Lille,Hákon Haraldsson,ISL,"MF,FW",20.0,2003.0,26.0,15.0,1284.0,14.3,2.0,0.0,2.0,2.0,0.0,0.0,5.0,0.0,0.14,0.0,0.14,0.14,0.14,14.3,2.0,12.0,6.0,50.0,0.84,0.42,0.17,0.33,0.0,0.0,49.0,42.0,15,73.0,1,11,17.0,7,1.73,16.0,21.0,-5.0,-0.35,-1.52,0.0,14.0,28.0,1.0,7.0,3.0,8.0,,,0.0,,,,,,,,,,,,,,,,True,alta,2,Extremo de presión,3.45983591981502
FRA-Ligue 1,2324,Lille,Ivan Cavaleiro,POR,"MF,FW",29.0,1993.0,17.0,9.0,770.0,8.6,1.0,1.0,2.0,1.0,0.0,0.0,1.0,0.0,0.12,0.12,0.23,0.12,0.23,8.6,1.0,11.0,3.0,27.3,1.29,0.35,0.09,0.33,0.0,0.0,45.0,25.2,9,74.0,0,8,13.0,6,1.94,14.0,3.0,11.0,1.29,1.01,0.0,10.0,7.0,2.0,29.0,4.0,6.0,,,0.0,,,,,,,,,,,,,,,,False,baja,3,Extremo centrador,2.3410432613064445
FRA-Ligue 1,2324,Lille,Jonathan David,CAN,FW,23.0,2000.0,34.0,30.0,2629.0,29.2,19.0,4.0,23.0,17.0,2.0,3.0,4.0,0.0,0.65,0.14,0.79,0.58,0.72,29.2,19.0,79.0,47.0,59.5,2.7,1.61,0.24,0.4,2.0,3.0,77.0,85.9,30,86.0,14,4,14.0,0,1.74,48.0,31.0,17.0,0.58,0.37,0.0,29.0,54.0,13.0,2.0,9.0,17.0,,,0.0,,,,,,,,,,,,,,,,True,alta,4,Nueve de área,2.417718580839015
FRA-Ligue 1,2324,Lille,Rémy Cabella,FRA,"MF,FW",33.0,1990.0,30.0,14.0,1477.0,16.4,2.0,2.0,4.0,2.0,0.0,0.0,0.0,0.0,0.12,0.12,0.24,0.12,0.24,16.4,2.0,33.0,14.0,42.4,2.01,0.85,0.06,0.14,0.0,0.0,49.0,48.3,14,84.0,6,16,19.0,1,1.8,27.0,17.0,10.0,0.61,0.15,0.0,16.0,39.0,3.0,51.0,4.0,38.0,,,0.0,,,,,,,,,,,,,,,,True,alta,2,Extremo de presión,2.6613637137798696
FRA-Ligue 1,2324,Lille,Yusuf Yazıcı,TUR,"MF,FW",26.0,1997.0,27.0,16.0,1312.0,14.6,5.0,2.0,7.0,5.0,0.0,0.0,5.0,0.0,0.34,0.14,0.48,0.34,0.48,14.6,5.0,40.0,14.0,35.0,2.74,0.96,0.13,0.36,0.0,0.0,49.0,42.9,16,71.0,2,11,16.0,3,1.63,22.0,15.0,7.0,0.48,-0.09,0.0,19.0,14.0,4.0,18.0,5.0,11.0,,,0.0,,,,,,,,,,,,,,,,True,alta,0,Delantero asociativo,1.8688162688739218
FRA-Ligue 1,2324,Lorient,Bamba Dieng,SEN,FW,23.0,2000.0,16.0,5.0,549.0,6.1,4.0,1.0,5.0,4.0,0.0,0.0,3.0,0.0,0.66,0.16,0.82,0.66,0.82,6.1,4.0,17.0,9.0,52.9,2.79,1.48,0.24,0.44,0.0,0.0,34.0,17.9,5,66.0,1,11,20.0,2,0.94,7.0,16.0,-9.0,-1.48,-0.97,0.0,7.0,19.0,6.0,5.0,0.0,4.0,,,0.0,,,,,,,,,,,,,,,,False,baja,4,Nueve de área,3.416155132458756
FRA-Ligue 1,2324,Lorient,Eli Junior Kroupi,FRA,FW,17.0,2006.0,30.0,11.0,1084.0,12.0,5.0,3.0,8.0,5.0,0.0,0.0,1.0,0.0,0.42,0.25,0.66,0.42,0.66,12.0,5.0,22.0,12.0,54.5,1.83,1.0,0.23,0.42,0.0,0.0,36.0,35.4,11,64.0,0,19,20.0,4,0.63,16.0,25.0,-9.0,-0.75,-0.11,0.0,17.0,8.0,8.0,14.0,10.0,5.0,,,0.0,,,,,,,,,,,,,,,,True,alta,0,Delantero asociativo,3.188473637361142
FRA-Ligue 1,2324,Lorient,Jean-Victor Makengo,FRA,"MF,FW",25.0,1998.0,11.0,5.0,479.0,5.3,0.0,0.0,0.0,0.0,0.0,0.0,0.0,0.0,0.0,0.0,0.0,0.0,0.0,5.3,0.0,5.0,2.0,40.0,0.94,0.38,0.0,0.0,0.0,0.0,44.0,15.7,5,73.0,1,6,19.0,13,0.64,6.0,8.0,-2.0,-0.38,0.36,0.0,7.0,7.0,0.0,6.0,9.0,4.0,,,0.0,,,,,,,,,,,,,,,,False,baja,2,Extremo de presión,3.4253291088711424
FRA-Ligue 1,2324,Lorient,Mohamed Bamba,CIV,FW,21.0,2001.0,16.0,14.0,1138.0,12.6,8.0,3.0,11.0,7.0,1.0,1.0,3.0,0.0,0.63,0.24,0.87,0.55,0.79,12.6,8.0,38.0,18.0,47.4,3.01,1.42,0.21,0.44,1.0,1.0,71.0,37.2,14,78.0,1,2,23.0,0,1.06,17.0,19.0,-2.0,-0.16,0.83,0.0,22.0,15.0,11.0,2.0,2.0,9.0,,,0.0,,,,,,,,,,,,,,,,True,alta,4,Nueve de área,2.3101162399670425
FRA-Ligue 1,2324,Lorient,Tosin Aiyegun,BEN,"MF,FW",25.0,1998.0,19.0,10.0,902.0,10.0,2.0,0.0,2.0,2.0,0.0,0.0,0.0,1.0,0.2,0.0,0.2,0.2,0.2,10.0,2.0,11.0,3.0,27.3,1.1,0.3,0.18,0.67,0.0,0.0,47.0,29.5,10,73.0,2,9,20.0,3,0.79,15.0,25.0,-10.0,-1.0,-0.46,0.0,13.0,16.0,3.0,8.0,2.0,4.0,,,0.0,,,,,,,,,,,,,,,,True,alta,1,Nueve de choque,2.7460105790225344
FRA-Ligue 1,2324,Lyon,Alexandre Lacazette,FRA,FW,32.0,1991.0,29.0,27.0,2293.0,25.5,19.0,2.0,21.0,17.0,2.0,2.0,3.0,1.0,0.75,0.08,0.82,0.67,0.75,25.5,19.0,62.0,36.0,58.1,2.43,1.41,0.31,0.53,2.0,2.0,79.0,74.9,27,83.0,12,2,31.0,0,1.69,38.0,42.0,-4.0,-0.16,0.08,0.0,50.0,36.0,13.0,10.0,8.0,12.0,,,0.0,,,,,,,,,,,,,,,,True,alta,4,Nueve de área,2.583149347618274
FRA-Ligue 1,2324,Lyon,Ernest Nuamah,GHA,"FW,MF",19.0,2003.0,29.0,21.0,1838.0,20.4,3.0,2.0,5.0,3.0,0.0,0.0,4.0,0.0,0.15,0.1,0.24,0.15,0.24,20.4,3.0,43.0,20.0,46.5,2.11,0.98,0.07,0.15,0.0,0.0,63.0,60.1,21,74.0,2,8,34.0,0,1.69,29.0,32.0,-3.0,-0.15,0.07,0.0,50.0,34.0,12.0,76.0,9.0,14.0,,,0.0,,,,,,,,,,,,,,,,True,alta,2,Extremo de presión,2.686231095939996
FRA-Ligue 1,2324,Lyon,Gift Orban,NGA,FW,21.0,2002.0,13.0,5.0,474.0,5.3,1.0,0.0,1.0,1.0,0.0,0.0,2.0,0.0,0.19,0.0,0.19,0.19,0.19,5.3,1.0,8.0,2.0,25.0,1.52,0.38,0.13,0.5,0.0,0.0,36.0,15.5,5,62.0,0,8,20.0,3,2.15,10.0,6.0,4.0,0.76,1.11,0.0,9.0,10.0,2.0,3.0,1.0,3.0,,,0.0,,,,,,,,,,,,,,,,False,baja,1,Nueve de choque,2.369952993784159
FRA-Ligue 1,2324,Lyon,Malick Fofana,BEL,"FW,MF",18.0,2005.0,17.0,4.0,559.0,6.2,3.0,0.0,3.0,3.0,0.0,0.0,0.0,0.0,0.48,0.0,0.48,0.48,0.48,6.2,3.0,9.0,7.0,77.8,1.45,1.13,0.33,0.43,0.0,0.0,33.0,18.3,4,67.0,1,13,22.0,0,2.18,16.0,8.0,8.0,1.29,1.79,0.0,3.0,12.0,0.0,20.0,5.0,4.0,,,0.0,,,,,,,,,,,,,,,,False,baja,0,Delantero asociativo,5.971345481317875
FRA-Ligue 1,2324,Lyon,Mama Samba Baldé,GNB,FW,27.0,1995.0,20.0,4.0,551.0,6.1,2.0,3.0,5.0,2.0,0.0,0.0,1.0,0.0,0.33,0.49,0.82,0.33,0.82,6.1,2.0,17.0,9.0,52.9,2.78,1.47,0.12,0.22,0.0,0.0,28.0,18.0,4,63.0,0,16,19.0,3,1.25,9.0,5.0,4.0,0.65,1.01,0.0,8.0,8.0,4.0,5.0,3.0,5.0,,,0.0,,,,,,,,,,,,,,,,False,baja,0,Delantero asociativo,2.2642102489020384
FRA-Ligue 1,2324,Lyon,Rayan Cherki,FRA,"MF,FW",19.0,2003.0,33.0,19.0,1719.0,19.1,1.0,6.0,7.0,1.0,0.0,0.0,0.0,0.0,0.05,0.31,0.37,0.05,0.37,19.1,1.0,57.0,17.0,29.8,2.98,0.89,0.02,0.06,0.0,0.0,52.0,56.2,19,72.0,4,14,25.0,1,1.52,27.0,34.0,-7.0,-0.37,-0.43,0.0,10.0,31.0,2.0,71.0,7.0,15.0,,,0.0,,,,,,,,,,,,,,,,True,alta,3,Extremo centrador,2.2261963281440953
FRA-Ligue 1,2324,Lyon,Saïd Benrahma,ALG,"FW,MF",27.0,1995.0,12.0,10.0,770.0,8.6,3.0,3.0,6.0,3.0,0.0,0.0,2.0,0.0,0.35,0.35,0.7,0.35,0.7,8.6,3.0,25.0,9.0,36.0,2.92,1.05,0.12,0.33,0.0,0.0,64.0,25.2,10,70.0,0,2,37.0,1,2.33,15.0,16.0,-1.0,-0.12,0.08,0.0,2.0,10.0,7.0,67.0,1.0,7.0,,,0.0,,,,,,,,,,,,,,,,False,baja,3,Extremo centrador,3.18073370911983
FRA-Ligue 1,2324,Marseille,Faris Pemi Moumbagna,CMR,FW,23.0,2000.0,13.0,5.0,547.0,6.1,3.0,1.0,4.0,3.0,0.0,0.0,2.0,1.0,0.49,0.16,0.66,0.49,0.66,6.1,3.0,16.0,5.0,31.3,2.63,0.82,0.19,0.6,0.0,0.0,42.0,17.9,5,70.0,1,8,25.0,1,1.15,10.0,9.0,1.0,0.16,-0.19,1.0,12.0,11.0,4.0,4.0,3.0,1.0,,,0.0,,,,,,,,,,,,,,,,False,baja,1,Nueve de choque,2.5308707955180942
FRA-Ligue 1,2324,Marseille,Iliman Ndiaye,SEN,"FW,MF",23.0,2000.0,30.0,19.0,1618.0,18.0,3.0,3.0,6.0,3.0,0.0,0.0,0.0,1.0,0.17,0.17,0.33,0.17,0.33,18.0,3.0,35.0,9.0,25.7,1.95,0.5,0.09,0.33,0.0,0.0,54.0,52.9,19,70.0,2,11,27.0,0,1.4,27.0,23.0,4.0,0.22,-0.21,0.0,22.0,26.0,4.0,19.0,6.0,19.0,,,0.0,,,,,,,,,,,,,,,,True,alta,2,Extremo de presión,1.7429919186332923
FRA-Ligue 1,2324,Marseille,Ismaila Sarr,SEN,"MF,FW",25.0,1998.0,23.0,15.0,1447.0,16.1,3.0,4.0,7.0,3.0,0.0,0.0,1.0,0.0,0.19,0.25,0.44,0.19,0.44,16.1,3.0,25.0,10.0,40.0,1.55,0.62,0.12,0.3,0.0,0.0,63.0,47.3,15,82.0,7,8,26.0,2,1.78,26.0,11.0,15.0,0.93,1.16,0.0,16.0,42.0,7.0,39.0,13.0,8.0,,,0.0,,,,,,,,,,,,,,,,True,alta,2,Extremo de presión,2.7675654490337305
FRA-Ligue 1,2324,Marseille,Luis Henrique,BRA,"FW,MF",21.0,2001.0,15.0,8.0,784.0,8.7,1.0,0.0,1.0,1.0,0.0,0.0,0.0,0.0,0.11,0.0,0.11,0.11,0.11,8.7,1.0,12.0,3.0,25.0,1.38,0.34,0.08,0.33,0.0,0.0,52.0,25.6,8,85.0,5,7,15.0,2,1.27,14.0,12.0,2.0,0.23,-0.13,0.0,2.0,2.0,6.0,27.0,8.0,7.0,,,0.0,,,,,,,,,,,,,,,,False,baja,3,Extremo centrador,4.600021093847829
FRA-Ligue 1,2324,Marseille,Pierre-Emerick Aubameyang,GAB,FW,34.0,1989.0,34.0,30.0,2622.0,29.1,17.0,8.0,25.0,13.0,4.0,4.0,4.0,0.0,0.58,0.27,0.86,0.45,0.72,29.1,17.0,116.0,51.0,44.0,3.98,1.75,0.15,0.33,4.0,4.0,77.0,85.7,30,84.0,20,4,24.0,0,1.47,47.0,37.0,10.0,0.34,0.14,0.0,9.0,20.0,21.0,43.0,9.0,15.0,,,0.0,,,,,,,,,,,,,,,,True,alta,4,Nueve de área,3.0494476614109556
FRA-Ligue 1,2324,Marseille,Vitinha,POR,FW,23.0,2000.0,18.0,10.0,923.0,10.3,3.0,2.0,5.0,3.0,0.0,0.0,1.0,0.0,0.29,0.2,0.49,0.29,0.49,10.3,3.0,37.0,9.0,24.3,3.61,0.88,0.08,0.33,0.0,0.0,51.0,30.2,10,79.0,4,8,17.0,1,1.61,16.0,10.0,6.0,0.59,0.37,0.0,16.0,23.0,6.0,18.0,5.0,8.0,,,0.0,,,,,,,,,,,,,,,,True,alta,0,Delantero asociativo,2.574634262960864
FRA-Ligue 1,2324,Metz,Ablie Jallow,GAM,"MF,FW",24.0,1998.0,17.0,10.0,918.0,10.2,3.0,2.0,5.0,2.0,1.0,1.0,1.0,0.0,0.29,0.2,0.49,0.2,0.39,10.2,3.0,18.0,7.0,38.9,1.76,0.69,0.17,0.43,1.0,1.0,54.0,30.0,10,75.0,1,7,24.0,4,0.53,13.0,20.0,-7.0,-0.69,-0.01,0.0,8.0,14.0,0.0,23.0,8.0,6.0,,,0.0,,,,,,,,,,,,,,,,True,alta,3,Extremo centrador,2.2558687834826343
FRA-Ligue 1,2324,Metz,Cheikh Tidiane Sabaly,SEN,"MF,FW",24.0,1999.0,29.0,17.0,1379.0,15.3,3.0,1.0,4.0,3.0,0.0,0.0,4.0,0.0,0.2,0.07,0.26,0.2,0.26,15.3,3.0,21.0,9.0,42.9,1.37,0.59,0.14,0.33,0.0,0.0,48.0,45.1,17,71.0,0,12,14.0,2,0.66,13.0,24.0,-11.0,-0.72,-0.08,0.0,24.0,27.0,6.0,14.0,9.0,22.0,,,0.0,,,,,,,,,,,,,,,,True,alta,2,Extremo de presión,1.6676727411951968
FRA-Ligue 1,2324,Metz,Didier Lamkel Zé,CMR,"FW,MF",26.0,1996.0,9.0,7.0,550.0,6.1,1.0,0.0,1.0,1.0,0.0,0.0,1.0,0.0,0.16,0.0,0.16,0.16,0.16,6.1,1.0,11.0,3.0,27.3,1.8,0.49,0.09,0.33,0.0,0.0,61.0,18.0,7,75.0,2,2,13.0,3,0.78,7.0,11.0,-4.0,-0.65,0.03,0.0,14.0,11.0,3.0,14.0,1.0,3.0,,,0.0,,,,,,,,,,,,,,,,False,baja,1,Nueve de choque,2.546788261495089
FRA-Ligue 1,2324,Metz,Georges Mikautadze,GEO,FW,22.0,2000.0,20.0,20.0,1747.0,19.4,13.0,4.0,17.0,10.0,3.0,3.0,0.0,1.0,0.67,0.21,0.88,0.52,0.72,19.4,13.0,57.0,27.0,47.4,2.94,1.39,0.23,0.48,3.0,3.0,87.0,57.1,20,87.0,12,0,,0,0.85,22.0,36.0,-14.0,-0.72,-0.1,0.0,13.0,26.0,1.0,34.0,6.0,2.0,,,0.0,,,,,,,,,,,,,,,,True,alta,0,Delantero asociativo,3.0359872056414505
FRA-Ligue 1,2324,Metz,Joel Asoro,SWE,"MF,FW",24.0,1999.0,20.0,10.0,848.0,9.4,2.0,1.0,3.0,2.0,0.0,0.0,2.0,0.0,0.21,0.11,0.32,0.21,0.32,9.4,2.0,6.0,3.0,50.0,0.64,0.32,0.33,0.67,0.0,0.0,42.0,27.7,10,64.0,0,10,20.0,4,0.6,6.0,13.0,-7.0,-0.74,-0.09,0.0,18.0,22.0,4.0,19.0,6.0,8.0,,,0.0,,,,,,,,,,,,,,,,False,baja,2,Extremo de presión,2.941884335389812
FRA-Ligue 1,2324,Metz,Kévin Van Den Kerkhof,ALG,"MF,FW",27.0,1996.0,29.0,21.0,1913.0,21.3,1.0,2.0,3.0,1.0,0.0,0.0,2.0,0.0,0.05,0.09,0.14,0.05,0.14,21.3,1.0,20.0,7.0,35.0,0.94,0.33,0.05,0.14,0.0,0.0,66.0,62.5,21,82.0,7,8,25.0,1,0.83,21.0,32.0,-11.0,-0.52,0.42,0.0,8.0,10.0,6.0,129.0,12.0,25.0,,,0.0,,,,,,,,,,,,,,,,True,alta,3,Extremo centrador,3.5858885743404763
FRA-Ligue 1,2324,Metz,Papa Amadou Diallo,SEN,"MF,FW",19.0,2004.0,16.0,9.0,889.0,9.9,2.0,1.0,3.0,2.0,0.0,0.0,1.0,0.0,0.2,0.1,0.3,0.2,0.3,9.9,2.0,13.0,6.0,46.2,1.32,0.61,0.15,0.33,0.0,0.0,56.0,29.1,9,78.0,2,7,26.0,8,0.81,13.0,15.0,-2.0,-0.2,0.67,0.0,10.0,11.0,4.0,14.0,10.0,9.0,,,0.0,,,,,,,,,,,,,,,,False,baja,2,Extremo de presión,2.5193899499696517
FRA-Ligue 1,2324,Metz,Simon Elisor,FRA,FW,24.0,1999.0,14.0,9.0,767.0,8.5,1.0,0.0,1.0,1.0,0.0,1.0,1.0,0.0,0.12,0.0,0.12,0.12,0.12,8.5,1.0,14.0,7.0,50.0,1.64,0.82,0.07,0.14,0.0,1.0,55.0,25.1,9,74.0,2,5,20.0,2,1.07,8.0,13.0,-5.0,-0.59,0.12,0.0,17.0,16.0,4.0,4.0,0.0,2.0,,,0.0,,,,,,,,,,,,,,,,False,baja,1,Nueve de choque,2.8966225578783673
FRA-Ligue 1,2324,Monaco,Folarin Balogun,USA,FW,22.0,2001.0,29.0,19.0,1692.0,18.8,7.0,5.0,12.0,7.0,0.0,3.0,1.0,0.0,0.37,0.27,0.64,0.37,0.64,18.8,7.0,66.0,29.0,43.9,3.51,1.54,0.11,0.24,0.0,3.0,58.0,55.3,19,77.0,5,10,23.0,0,2.0,36.0,26.0,10.0,0.53,-0.52,0.0,31.0,35.0,14.0,8.0,3.0,3.0,,,0.0,,,,,,,,,,,,,,,,True,alta,4,Nueve de área,2.3726997203045572
FRA-Ligue 1,2324,Monaco,Wissam Ben Yedder,FRA,FW,32.0,1990.0,32.0,26.0,2316.0,25.7,16.0,2.0,18.0,15.0,1.0,1.0,2.0,0.0,0.62,0.08,0.7,0.58,0.66,25.7,16.0,64.0,31.0,48.4,2.49,1.2,0.25,0.52,1.0,1.0,72.0,75.7,26,85.0,14,6,17.0,1,2.0,56.0,32.0,24.0,0.93,0.69,0.0,11.0,20.0,31.0,9.0,7.0,2.0,,,0.0,,,,,,,,,,,,,,,,True,alta,4,Nueve de área,2.199599962134852
FRA-Ligue 1,2324,Montpellier,Akor Adams,NGA,FW,23.0,2000.0,32.0,27.0,2252.0,25.0,8.0,1.0,9.0,8.0,0.0,0.0,2.0,0.0,0.32,0.04,0.36,0.32,0.36,25.0,8.0,79.0,33.0,41.8,3.16,1.32,0.1,0.24,0.0,0.0,70.0,73.6,27,80.0,10,5,21.0,1,1.22,29.0,32.0,-3.0,-0.12,0.1,0.0,39.0,23.0,26.0,12.0,4.0,5.0,,,0.0,,,,,,,,,,,,,,,,True,alta,1,Nueve de choque,2.044138863884534
FRA-Ligue 1,2324,Montpellier,Arnaud Nordin,FRA,"MF,FW",25.0,1998.0,20.0,15.0,1246.0,13.8,5.0,3.0,8.0,5.0,0.0,0.0,1.0,1.0,0.36,0.22,0.58,0.36,0.58,13.8,5.0,31.0,14.0,45.2,2.24,1.01,0.16,0.36,0.0,0.0,62.0,40.7,15,76.0,4,5,20.0,0,1.25,23.0,21.0,2.0,0.14,0.49,0.0,13.0,41.0,1.0,35.0,2.0,6.0,,,0.0,,,,,,,,,,,,,,,,True,alta,0,Delantero asociativo,2.975964990869969
FRA-Ligue 1,2324,Montpellier,Musa Al-Taamari,JOR,"MF,FW",26.0,1997.0,27.0,24.0,1928.0,21.4,5.0,2.0,7.0,5.0,0.0,0.0,0.0,0.0,0.23,0.09,0.33,0.23,0.33,21.4,5.0,47.0,20.0,42.6,2.19,0.93,0.11,0.25,0.0,0.0,71.0,63.0,24,78.0,8,3,23.0,0,1.41,27.0,29.0,-2.0,-0.09,0.15,0.0,11.0,51.0,7.0,22.0,6.0,17.0,,,0.0,,,,,,,,,,,,,,,,True,alta,3,Extremo centrador,2.6832042253568766
FRA-Ligue 1,2324,Montpellier,Tanguy Coulibaly,FRA,"MF,FW",22.0,2001.0,16.0,7.0,623.0,6.9,1.0,0.0,1.0,1.0,0.0,0.0,2.0,0.0,0.14,0.0,0.14,0.14,0.14,6.9,1.0,16.0,8.0,50.0,2.31,1.16,0.06,0.13,0.0,0.0,39.0,20.4,7,61.0,1,9,22.0,2,1.44,11.0,14.0,-3.0,-0.43,-0.36,0.0,12.0,14.0,0.0,9.0,2.0,10.0,,,0.0,,,,,,,,,,,,,,,,False,baja,2,Extremo de presión,2.9347916195371235
FRA-Ligue 1,2324,Montpellier,Wahbi Khazri,TUN,"MF,FW",32.0,1991.0,25.0,13.0,1131.0,12.6,1.0,0.0,1.0,1.0,0.0,0.0,6.0,0.0,0.08,0.0,0.08,0.08,0.08,12.6,1.0,44.0,16.0,36.4,3.5,1.27,0.02,0.06,0.0,0.0,45.0,37.0,13,69.0,1,12,20.0,0,1.08,17.0,18.0,-1.0,-0.08,0.11,0.0,19.0,23.0,7.0,11.0,4.0,18.0,,,0.0,,,,,,,,,,,,,,,,True,alta,2,Extremo de presión,3.0820487174491094
FRA-Ligue 1,2324,Nantes,Bénie Traoré,CIV,FW,20.0,2002.0,14.0,4.0,504.0,5.6,0.0,1.0,1.0,0.0,0.0,0.0,1.0,1.0,0.0,0.18,0.18,0.0,0.18,5.6,0.0,7.0,4.0,57.1,1.25,0.71,0.0,0.0,0.0,0.0,36.0,16.5,4,67.0,0,10,24.0,1,0.79,5.0,12.0,-7.0,-1.25,-0.62,0.0,10.0,7.0,1.0,20.0,1.0,4.0,,,0.0,,,,,,,,,,,,,,,,False,baja,2,Extremo de presión,3.8375448002092325
FRA-Ligue 1,2324,Nantes,Florent Mollet,FRA,"MF,FW",31.0,1991.0,29.0,24.0,2083.0,23.1,4.0,4.0,8.0,4.0,0.0,0.0,4.0,0.0,0.17,0.17,0.35,0.17,0.35,23.1,4.0,63.0,25.0,39.7,2.72,1.08,0.06,0.16,0.0,0.0,72.0,68.1,24,82.0,11,5,25.0,2,0.9,20.0,34.0,-14.0,-0.6,0.41,0.0,32.0,21.0,4.0,142.0,10.0,11.0,,,0.0,,,,,,,,,,,,,,,,True,alta,3,Extremo centrador,1.8138891469241838
FRA-Ligue 1,2324,Nantes,Matthis Abline,FRA,"FW,MF",20.0,2003.0,22.0,12.0,1044.0,11.6,5.0,0.0,5.0,5.0,0.0,0.0,1.0,0.0,0.43,0.0,0.43,0.43,0.43,11.6,5.0,42.0,19.0,45.2,3.62,1.64,0.12,0.26,0.0,0.0,47.0,34.1,12,72.0,1,10,18.0,5,0.95,11.0,17.0,-6.0,-0.52,0.33,0.0,10.0,13.0,6.0,8.0,3.0,3.0,,,0.0,,,,,,,,,,,,,,,,True,alta,4,Nueve de área,2.1637078425217293
FRA-Ligue 1,2324,Nantes,Moses Simon,NGA,"MF,FW",28.0,1995.0,22.0,21.0,1788.0,19.9,3.0,5.0,8.0,2.0,1.0,1.0,0.0,0.0,0.15,0.25,0.4,0.1,0.35,19.9,3.0,34.0,13.0,38.2,1.71,0.65,0.09,0.23,1.0,1.0,81.0,58.4,21,84.0,15,1,17.0,0,0.95,21.0,31.0,-10.0,-0.5,0.56,0.0,14.0,29.0,4.0,115.0,3.0,5.0,,,0.0,,,,,,,,,,,,,,,,True,alta,3,Extremo centrador,1.9605583186269158
FRA-Ligue 1,2324,Nantes,Mostafa Mohamed,EGY,FW,25.0,1997.0,29.0,24.0,2002.0,22.2,8.0,2.0,10.0,5.0,3.0,3.0,3.0,1.0,0.36,0.09,0.45,0.22,0.31,22.2,8.0,65.0,26.0,40.0,2.92,1.17,0.12,0.31,3.0,3.0,69.0,65.4,24,75.0,5,5,39.0,0,0.9,21.0,33.0,-12.0,-0.54,0.57,0.0,34.0,36.0,11.0,14.0,12.0,15.0,,,0.0,,,,,,,,,,,,,,,,True,alta,0,Delantero asociativo,1.9601083271691968
FRA-Ligue 1,2324,Nantes,Tino Kadewere,ZIM,"FW,MF",27.0,1996.0,14.0,8.0,781.0,8.7,1.0,0.0,1.0,1.0,0.0,1.0,1.0,0.0,0.12,0.0,0.12,0.12,0.12,8.7,1.0,10.0,5.0,50.0,1.15,0.58,0.1,0.2,0.0,1.0,56.0,25.5,8,75.0,2,6,30.0,0,0.86,5.0,9.0,-4.0,-0.46,0.37,0.0,13.0,10.0,5.0,6.0,10.0,4.0,,,0.0,,,,,,,,,,,,,,,,False,baja,2,Extremo de presión,3.536952774753019
FRA-Ligue 1,2324,Nice,Evann Guessand,CIV,FW,22.0,2001.0,34.0,14.0,1553.0,17.3,6.0,0.0,6.0,4.0,2.0,2.0,1.0,0.0,0.35,0.0,0.35,0.23,0.23,17.3,6.0,48.0,23.0,47.9,2.78,1.33,0.13,0.26,2.0,2.0,46.0,50.8,14,79.0,7,20,22.0,0,1.62,18.0,20.0,-2.0,-0.12,-0.89,0.0,32.0,47.0,5.0,11.0,12.0,8.0,,,0.0,,,,,,,,,,,,,,,,True,alta,2,Extremo de presión,3.25912916102642
FRA-Ligue 1,2324,Nice,Gaëtan Laborde,FRA,"FW,MF",29.0,1994.0,34.0,22.0,1906.0,21.2,5.0,2.0,7.0,4.0,1.0,2.0,2.0,0.0,0.24,0.09,0.33,0.19,0.28,21.2,5.0,64.0,23.0,35.9,3.02,1.09,0.08,0.22,1.0,2.0,56.0,62.3,22,74.0,3,12,23.0,0,1.62,22.0,18.0,4.0,0.19,-0.36,0.0,26.0,8.0,4.0,63.0,6.0,12.0,,,0.0,,,,,,,,,,,,,,,,True,alta,3,Extremo centrador,2.527411705267276
FRA-Ligue 1,2324,Nice,Jeremie Boga,CIV,"FW,MF",26.0,1997.0,28.0,24.0,1998.0,22.2,6.0,6.0,12.0,6.0,0.0,0.0,1.0,0.0,0.27,0.27,0.54,0.27,0.54,22.2,6.0,39.0,19.0,48.7,1.76,0.86,0.15,0.32,0.0,0.0,71.0,65.3,24,79.0,7,4,23.0,0,1.75,28.0,19.0,9.0,0.41,0.24,0.0,7.0,24.0,9.0,87.0,8.0,6.0,,,0.0,,,,,,,,,,,,,,,,True,alta,3,Extremo centrador,2.434526524501159
FRA-Ligue 1,2324,Nice,Mohamed Ali Cho,FRA,FW,19.0,2004.0,17.0,11.0,861.0,9.6,1.0,2.0,3.0,1.0,0.0,0.0,2.0,0.0,0.1,0.21,0.31,0.1,0.31,9.6,1.0,18.0,6.0,33.3,1.88,0.63,0.06,0.17,0.0,0.0,51.0,28.1,11,67.0,0,6,20.0,0,1.18,11.0,8.0,3.0,0.31,-0.01,0.0,16.0,22.0,3.0,44.0,2.0,9.0,,,0.0,,,,,,,,,,,,,,,,False,baja,2,Extremo de presión,2.332727307240133
FRA-Ligue 1,2324,Nice,Sofiane Diop,MAR,"FW,MF",23.0,2000.0,10.0,6.0,499.0,5.5,0.0,0.0,0.0,0.0,0.0,0.0,0.0,0.0,0.0,0.0,0.0,0.0,0.0,5.5,0.0,14.0,6.0,42.9,2.53,1.08,0.0,0.0,0.0,0.0,50.0,16.3,6,68.0,0,4,24.0,0,2.2,7.0,3.0,4.0,0.72,0.48,0.0,9.0,12.0,8.0,13.0,3.0,5.0,,,0.0,,,,,,,,,,,,,,,,False,baja,2,Extremo de presión,3.6323256810693985
FRA-Ligue 1,2324,Nice,Terem Moffi,NGA,FW,24.0,1999.0,30.0,23.0,1949.0,21.7,11.0,2.0,13.0,8.0,3.0,3.0,4.0,0.0,0.51,0.09,0.6,0.37,0.46,21.7,11.0,49.0,25.0,51.0,2.26,1.15,0.22,0.44,3.0,3.0,65.0,63.7,23,77.0,5,7,24.0,0,1.7,27.0,15.0,12.0,0.55,0.64,0.0,32.0,19.0,13.0,7.0,3.0,4.0,,,0.0,,,,,,,,,,,,,,,,True,alta,4,Nueve de área,1.58408201825239
FRA-Ligue 1,2324,PSG,Bradley Barcola,FRA,"FW,MF",20.0,2002.0,25.0,18.0,1370.0,15.2,4.0,7.0,11.0,4.0,0.0,0.0,3.0,1.0,0.26,0.46,0.72,0.26,0.72,15.2,4.0,31.0,11.0,35.5,2.04,0.72,0.13,0.36,0.0,0.0,55.0,44.8,18,67.0,2,7,25.0,2,2.2,34.0,18.0,16.0,1.05,-0.65,1.0,22.0,12.0,4.0,18.0,10.0,17.0,,,0.0,,,,,,,,,,,,,,,,True,alta,3,Extremo centrador,2.92086779060943
FRA-Ligue 1,2324,PSG,Gonçalo Ramos,POR,FW,22.0,2001.0,29.0,16.0,1419.0,15.8,11.0,1.0,12.0,10.0,1.0,1.0,1.0,0.0,0.7,0.06,0.76,0.63,0.7,15.8,11.0,55.0,21.0,38.2,3.49,1.33,0.2,0.52,1.0,1.0,49.0,46.4,16,69.0,3,13,24.0,3,2.17,40.0,14.0,26.0,1.65,0.44,0.0,19.0,22.0,3.0,3.0,4.0,15.0,,,0.0,,,,,,,,,,,,,,,,True,alta,0,Delantero asociativo,2.8104860614668667
FRA-Ligue 1,2324,PSG,Kylian Mbappé,FRA,FW,24.0,1998.0,29.0,24.0,2158.0,24.0,27.0,7.0,34.0,21.0,6.0,8.0,4.0,0.0,1.13,0.29,1.42,0.88,1.17,24.0,27.0,120.0,59.0,49.2,5.0,2.46,0.23,0.46,6.0,8.0,74.0,70.5,24,83.0,19,5,31.0,2,2.17,61.0,25.0,36.0,1.5,0.3,0.0,19.0,38.0,20.0,23.0,2.0,1.0,,,0.0,,,,,,,,,,,,,,,,True,alta,4,Nueve de área,3.265931360650397
FRA-Ligue 1,2324,PSG,Lee Kang-in,KOR,"MF,FW",22.0,2001.0,23.0,18.0,1464.0,16.3,3.0,4.0,7.0,3.0,0.0,0.0,2.0,0.0,0.18,0.25,0.43,0.18,0.43,16.3,3.0,23.0,9.0,39.1,1.41,0.55,0.13,0.33,0.0,0.0,64.0,47.8,18,74.0,6,5,26.0,1,2.17,38.0,13.0,25.0,1.54,0.24,0.0,17.0,21.0,1.0,97.0,5.0,12.0,,,0.0,,,,,,,,,,,,,,,,True,alta,3,Extremo centrador,1.9085235053424787
FRA-Ligue 1,2324,PSG,Marco Asensio,ESP,"MF,FW",27.0,1996.0,19.0,13.0,1113.0,12.4,4.0,5.0,9.0,4.0,0.0,0.0,0.0,0.0,0.32,0.4,0.73,0.32,0.73,12.4,4.0,27.0,10.0,37.0,2.18,0.81,0.15,0.4,0.0,0.0,59.0,36.4,13,75.0,6,6,23.0,5,2.11,28.0,13.0,15.0,1.21,-0.31,0.0,8.0,10.0,0.0,52.0,5.0,10.0,,,0.0,,,,,,,,,,,,,,,,True,alta,3,Extremo centrador,2.335199513801899
FRA-Ligue 1,2324,PSG,Ousmane Dembélé,FRA,"FW,MF",26.0,1997.0,26.0,17.0,1506.0,16.7,3.0,8.0,11.0,3.0,0.0,0.0,0.0,0.0,0.18,0.48,0.66,0.18,0.66,16.7,3.0,43.0,14.0,32.6,2.57,0.84,0.07,0.21,0.0,0.0,58.0,49.2,17,74.0,4,9,28.0,2,2.15,39.0,14.0,25.0,1.49,0.16,0.0,7.0,27.0,6.0,99.0,5.0,14.0,,,0.0,,,,,,,,,,,,,,,,True,alta,3,Extremo centrador,2.1600046603212526
FRA-Ligue 1,2324,PSG,Randal Kolo Muani,FRA,"FW,MF",24.0,1998.0,26.0,13.0,1268.0,14.1,6.0,5.0,11.0,6.0,0.0,0.0,1.0,0.0,0.43,0.35,0.78,0.43,0.78,14.1,6.0,22.0,13.0,59.1,1.56,0.92,0.27,0.46,0.0,0.0,49.0,41.4,13,72.0,4,13,26.0,2,2.27,35.0,14.0,21.0,1.49,0.13,0.0,33.0,26.0,6.0,9.0,3.0,8.0,,,0.0,,,,,,,,,,,,,,,,True,alta,0,Delantero asociativo,3.3329195816377597
FRA-Ligue 1,2324,Reims,Junya Itō,JPN,"FW,MF",30.0,1993.0,31.0,31.0,2714.0,30.2,3.0,7.0,10.0,3.0,0.0,0.0,2.0,0.0,0.1,0.23,0.33,0.1,0.33,30.2,3.0,46.0,15.0,32.6,1.53,0.5,0.07,0.2,0.0,0.0,88.0,88.7,31,88.0,22,0,,0,1.39,37.0,38.0,-1.0,-0.03,1.01,0.0,18.0,32.0,19.0,201.0,13.0,15.0,,,0.0,,,,,,,,,,,,,,,,True,alta,3,Extremo centrador,2.0578251868166957
FRA-Ligue 1,2324,Reims,Keito Nakamura,JPN,"FW,MF",23.0,2000.0,25.0,17.0,1381.0,15.3,4.0,1.0,5.0,4.0,0.0,0.0,1.0,0.0,0.26,0.07,0.33,0.26,0.33,15.3,4.0,41.0,13.0,31.7,2.67,0.85,0.1,0.31,0.0,0.0,55.0,45.1,17,71.0,2,8,22.0,1,1.4,19.0,20.0,-1.0,-0.07,0.15,0.0,23.0,5.0,2.0,23.0,5.0,11.0,,,0.0,,,,,,,,,,,,,,,,True,alta,3,Extremo centrador,3.0720775096781026
FRA-Ligue 1,2324,Reims,Mohamed Daramy,DEN,"FW,MF",21.0,2002.0,25.0,19.0,1648.0,18.3,4.0,5.0,9.0,3.0,1.0,1.0,0.0,0.0,0.22,0.27,0.49,0.16,0.44,18.3,4.0,32.0,12.0,37.5,1.75,0.66,0.13,0.33,1.0,1.0,66.0,53.9,19,79.0,5,6,24.0,0,1.52,24.0,25.0,-1.0,-0.05,0.2,0.0,7.0,28.0,9.0,15.0,2.0,10.0,,,0.0,,,,,,,,,,,,,,,,True,alta,3,Extremo centrador,2.5147760860827426
FRA-Ligue 1,2324,Reims,Oumar Diakité,CIV,FW,19.0,2003.0,28.0,18.0,1585.0,17.6,5.0,1.0,6.0,5.0,0.0,1.0,4.0,0.0,0.28,0.06,0.34,0.28,0.34,17.6,5.0,36.0,12.0,33.3,2.04,0.68,0.14,0.42,0.0,1.0,57.0,51.8,18,78.0,5,10,18.0,2,1.32,25.0,25.0,0.0,0.0,0.31,0.0,34.0,27.0,32.0,3.0,7.0,12.0,,,0.0,,,,,,,,,,,,,,,,True,alta,1,Nueve de choque,2.601772833670725
FRA-Ligue 1,2324,Reims,Reda Khadra,GER,"MF,FW",22.0,2001.0,29.0,14.0,1368.0,15.2,1.0,3.0,4.0,1.0,0.0,0.0,1.0,0.0,0.07,0.2,0.26,0.07,0.26,15.2,1.0,23.0,12.0,52.2,1.51,0.79,0.04,0.08,0.0,0.0,47.0,44.7,14,79.0,4,15,17.0,5,1.31,16.0,23.0,-7.0,-0.46,-0.57,0.0,13.0,9.0,1.0,46.0,0.0,9.0,,,0.0,,,,,,,,,,,,,,,,True,alta,3,Extremo centrador,3.5302633842151137
FRA-Ligue 1,2324,Rennes,Amine Gouiri,ALG,"FW,MF",23.0,2000.0,31.0,24.0,2067.0,23.0,7.0,3.0,10.0,7.0,0.0,0.0,2.0,0.0,0.3,0.13,0.44,0.3,0.44,23.0,7.0,78.0,27.0,34.6,3.4,1.18,0.09,0.26,0.0,0.0,67.0,67.5,24,80.0,8,7,22.0,2,1.26,32.0,37.0,-5.0,-0.22,-1.31,0.0,27.0,23.0,1.0,7.0,13.0,11.0,,,0.0,,,,,,,,,,,,,,,,True,alta,0,Delantero asociativo,2.8973279813739388
FRA-Ligue 1,2324,Rennes,Arnaud Kalimuendo,FRA,FW,21.0,2002.0,30.0,25.0,2139.0,23.8,10.0,1.0,11.0,8.0,2.0,2.0,6.0,0.0,0.42,0.04,0.46,0.34,0.38,23.8,10.0,61.0,24.0,39.3,2.57,1.01,0.16,0.42,2.0,2.0,71.0,69.9,25,80.0,6,5,29.0,0,1.37,38.0,31.0,7.0,0.29,0.29,0.0,28.0,50.0,6.0,11.0,4.0,3.0,,,0.0,,,,,,,,,,,,,,,,True,alta,1,Nueve de choque,2.0316870311747195
FRA-Ligue 1,2324,Rennes,Bertuğ Yıldırım,TUR,FW,21.0,2002.0,21.0,2.0,469.0,5.2,0.0,1.0,1.0,0.0,0.0,0.0,3.0,0.0,0.0,0.19,0.19,0.0,0.19,5.2,0.0,10.0,4.0,40.0,1.92,0.77,0.0,0.0,0.0,0.0,22.0,15.3,2,77.0,0,19,17.0,8,1.33,13.0,7.0,6.0,1.15,1.12,0.0,18.0,14.0,4.0,1.0,0.0,5.0,,,0.0,,,,,,,,,,,,,,,,False,baja,1,Nueve de choque,4.19306016956061
FRA-Ligue 1,2324,Rennes,Ibrahim Salah,MAR,"MF,FW",21.0,2001.0,23.0,4.0,524.0,5.8,4.0,1.0,5.0,4.0,0.0,0.0,3.0,0.0,0.69,0.17,0.86,0.69,0.86,5.8,4.0,17.0,9.0,52.9,2.92,1.55,0.24,0.44,0.0,0.0,23.0,17.1,4,62.0,0,19,15.0,6,1.61,14.0,4.0,10.0,1.72,1.82,0.0,10.0,10.0,1.0,20.0,11.0,7.0,,,0.0,,,,,,,,,,,,,,,,False,baja,0,Delantero asociativo,3.4639452236211596
FRA-Ligue 1,2324,Rennes,Ludovic Blas,FRA,"MF,FW",25.0,1997.0,29.0,18.0,1563.0,17.4,4.0,1.0,5.0,3.0,1.0,2.0,3.0,0.0,0.23,0.06,0.29,0.17,0.23,17.4,4.0,44.0,17.0,38.6,2.53,0.98,0.09,0.24,1.0,2.0,54.0,51.1,18,76.0,6,11,18.0,3,1.28,22.0,21.0,1.0,0.06,-0.3,0.0,44.0,34.0,3.0,53.0,6.0,14.0,,,0.0,,,,,,,,,,,,,,,,True,alta,2,Extremo de presión,2.173842923141205
FRA-Ligue 1,2324,Rennes,Martin Terrier,FRA,"FW,MF",26.0,1997.0,24.0,19.0,1527.0,17.0,7.0,3.0,10.0,7.0,0.0,0.0,2.0,1.0,0.41,0.18,0.59,0.41,0.59,17.0,7.0,38.0,16.0,42.1,2.24,0.94,0.18,0.44,0.0,0.0,64.0,49.9,19,75.0,6,5,19.0,0,1.42,27.0,24.0,3.0,0.18,-0.06,0.0,13.0,28.0,8.0,6.0,9.0,10.0,,,0.0,,,,,,,,,,,,,,,,True,alta,0,Delantero asociativo,1.9032285595730156
FRA-Ligue 1,2324,Strasbourg,Dilane Bakwa,FRA,"MF,FW",20.0,2002.0,31.0,25.0,2177.0,24.2,3.0,6.0,9.0,3.0,0.0,0.0,4.0,1.0,0.12,0.25,0.37,0.12,0.37,24.2,3.0,44.0,12.0,27.3,1.82,0.5,0.07,0.25,0.0,0.0,70.0,71.1,25,80.0,10,6,31.0,2,1.16,24.0,34.0,-10.0,-0.41,-0.21,0.0,31.0,76.0,3.0,155.0,18.0,25.0,,,0.0,,,,,,,,,,,,,,,,True,alta,2,Extremo de presión,2.898853414478908
FRA-Ligue 1,2324,Strasbourg,Emanuel Emegha,NED,FW,20.0,2003.0,28.0,23.0,2078.0,23.1,8.0,1.0,9.0,8.0,0.0,1.0,3.0,0.0,0.35,0.04,0.39,0.35,0.39,23.1,8.0,48.0,21.0,43.8,2.08,0.91,0.17,0.38,0.0,1.0,74.0,67.9,23,82.0,8,5,40.0,0,1.21,26.0,32.0,-6.0,-0.26,0.29,0.0,26.0,23.0,12.0,1.0,2.0,5.0,,,0.0,,,,,,,,,,,,,,,,True,alta,4,Nueve de área,2.0092254968791297
FRA-Ligue 1,2324,Strasbourg,Habib Diarra,SEN,"MF,FW",19.0,2004.0,31.0,28.0,2305.0,25.6,3.0,1.0,4.0,2.0,1.0,1.0,3.0,0.0,0.12,0.04,0.16,0.08,0.12,25.6,3.0,39.0,15.0,38.5,1.52,0.59,0.08,0.2,1.0,1.0,74.0,75.3,28,80.0,16,3,22.0,0,1.13,27.0,37.0,-10.0,-0.39,-0.15,0.0,40.0,42.0,1.0,22.0,15.0,24.0,,,0.0,,,,,,,,,,,,,,,,True,alta,2,Extremo de presión,1.5988174727128204
FRA-Ligue 1,2324,Strasbourg,Jessy Deminguet,FRA,"MF,FW",25.0,1998.0,18.0,9.0,690.0,7.7,0.0,0.0,0.0,0.0,0.0,0.0,1.0,0.0,0.0,0.0,0.0,0.0,0.0,7.7,0.0,3.0,1.0,33.3,0.39,0.13,0.0,0.0,0.0,0.0,38.0,22.5,9,68.0,2,9,9.0,13,1.33,7.0,12.0,-5.0,-0.65,-0.39,0.0,16.0,9.0,1.0,9.0,8.0,8.0,,,0.0,,,,,,,,,,,,,,,,False,baja,2,Extremo de presión,3.4885534321951908
FRA-Ligue 1,2324,Strasbourg,Junior Mwanga,FRA,"MF,FW",20.0,2003.0,22.0,17.0,1450.0,16.1,1.0,1.0,2.0,1.0,0.0,0.0,3.0,0.0,0.06,0.06,0.12,0.06,0.12,16.1,1.0,20.0,4.0,20.0,1.24,0.25,0.05,0.25,0.0,0.0,66.0,47.4,17,81.0,6,5,16.0,7,1.05,17.0,28.0,-11.0,-0.68,-0.63,0.0,22.0,22.0,1.0,4.0,16.0,21.0,,,0.0,,,,,,,,,,,,,,,,True,alta,2,Extremo de presión,2.907410280154068
FRA-Ligue 1,2324,Strasbourg,Kévin Gameiro,FRA,"FW,MF",36.0,1987.0,27.0,15.0,1346.0,15.0,4.0,2.0,6.0,2.0,2.0,2.0,0.0,0.0,0.27,0.13,0.4,0.13,0.27,15.0,4.0,29.0,12.0,41.4,1.94,0.8,0.14,0.33,2.0,2.0,50.0,44.0,15,71.0,3,12,24.0,2,1.3,19.0,26.0,-7.0,-0.47,-0.21,0.0,3.0,6.0,3.0,10.0,3.0,10.0,,,0.0,,,,,,,,,,,,,,,,True,alta,3,Extremo centrador,3.1490590462427965
FRA-Ligue 1,2324,Strasbourg,Lebo Mothiba,RSA,FW,27.0,1996.0,15.0,5.0,617.0,6.9,3.0,0.0,3.0,3.0,0.0,0.0,0.0,0.0,0.44,0.0,0.44,0.44,0.44,6.9,3.0,16.0,7.0,43.8,2.33,1.02,0.19,0.43,0.0,0.0,41.0,20.2,5,78.0,2,10,23.0,1,1.33,11.0,8.0,3.0,0.44,0.99,0.0,13.0,11.0,4.0,1.0,0.0,2.0,,,0.0,,,,,,,,,,,,,,,,False,baja,1,Nueve de choque,2.2376152102056217
FRA-Ligue 1,2324,Strasbourg,Moïse Sahi Dion,CIV,"MF,FW",21.0,2001.0,18.0,7.0,628.0,7.0,3.0,1.0,4.0,3.0,0.0,0.0,0.0,0.0,0.43,0.14,0.57,0.43,0.57,7.0,3.0,24.0,7.0,29.2,3.44,1.0,0.13,0.43,0.0,0.0,35.0,20.5,7,61.0,0,11,18.0,4,1.06,7.0,12.0,-5.0,-0.72,-0.46,0.0,11.0,1.0,2.0,5.0,1.0,5.0,,,0.0,,,,,,,,,,,,,,,,False,baja,1,Nueve de choque,3.6205119835179524
FRA-Ligue 1,2324,Strasbourg,Ângelo,BRA,"MF,FW",18.0,2004.0,21.0,11.0,1094.0,12.2,0.0,3.0,3.0,0.0,0.0,0.0,1.0,0.0,0.0,0.25,0.25,0.0,0.25,12.2,0.0,9.0,4.0,44.4,0.74,0.33,0.0,0.0,0.0,0.0,52.0,35.8,11,77.0,5,10,25.0,1,1.05,11.0,17.0,-6.0,-0.49,-0.22,0.0,12.0,22.0,2.0,42.0,9.0,12.0,,,0.0,,,,,,,,,,,,,,,,True,alta,2,Extremo de presión,3.1182245147876446
FRA-Ligue 1,2324,Toulouse,Aron Dønnum,NOR,"MF,FW",25.0,1998.0,27.0,19.0,1595.0,17.7,0.0,1.0,1.0,0.0,0.0,0.0,8.0,0.0,0.0,0.06,0.06,0.0,0.06,17.7,0.0,21.0,9.0,42.9,1.18,0.51,0.0,0.0,0.0,0.0,59.0,52.1,19,74.0,1,8,23.0,1,1.26,19.0,24.0,-5.0,-0.28,-0.34,0.0,31.0,36.0,4.0,29.0,8.0,11.0,,,0.0,,,,,,,,,,,,,,,,True,alta,2,Extremo de presión,2.1510149772229026
FRA-Ligue 1,2324,Toulouse,Frank Magri,CMR,"FW,MF",23.0,1999.0,29.0,14.0,1438.0,16.0,5.0,2.0,7.0,5.0,0.0,0.0,5.0,0.0,0.31,0.13,0.44,0.31,0.44,16.0,5.0,41.0,14.0,34.1,2.57,0.88,0.12,0.36,0.0,0.0,50.0,47.0,14,80.0,5,15,21.0,0,1.24,18.0,21.0,-3.0,-0.19,-0.13,0.0,41.0,23.0,3.0,16.0,4.0,14.0,,,0.0,,,,,,,,,,,,,,,,True,alta,1,Nueve de choque,2.4562893178952248
FRA-Ligue 1,2324,Toulouse,Gelabert,ESP,"MF,FW",22.0,2000.0,16.0,10.0,754.0,8.4,1.0,2.0,3.0,1.0,0.0,0.0,1.0,0.0,0.12,0.24,0.36,0.12,0.36,8.4,1.0,14.0,4.0,28.6,1.67,0.48,0.07,0.25,0.0,0.0,47.0,24.6,10,68.0,0,6,12.0,17,1.06,9.0,12.0,-3.0,-0.36,-0.32,0.0,10.0,14.0,0.0,9.0,4.0,8.0,,,0.0,,,,,,,,,,,,,,,,False,baja,2,Extremo de presión,2.1800479673313125
FRA-Ligue 1,2324,Toulouse,Thijs Dallinga,NED,FW,22.0,2000.0,33.0,28.0,2510.0,27.9,14.0,2.0,16.0,13.0,1.0,3.0,6.0,0.0,0.5,0.07,0.57,0.47,0.54,27.9,14.0,84.0,34.0,40.5,3.01,1.22,0.17,0.41,1.0,3.0,76.0,82.0,28,84.0,16,5,31.0,0,1.3,34.0,37.0,-3.0,-0.11,0.06,0.0,38.0,45.0,20.0,14.0,4.0,14.0,,,0.0,,,,,,,,,,,,,,,,True,alta,1,Nueve de choque,1.4750057547747715
FRA-Ligue 1,2324,Toulouse,Yann Gboho,FRA,"MF,FW",22.0,2001.0,16.0,13.0,1193.0,13.3,3.0,2.0,5.0,3.0,0.0,0.0,1.0,0.0,0.23,0.15,0.38,0.23,0.38,13.3,3.0,23.0,8.0,34.8,1.74,0.6,0.13,0.38,0.0,0.0,75.0,39.0,13,85.0,4,3,29.0,0,1.63,23.0,17.0,6.0,0.45,0.93,0.0,9.0,37.0,2.0,14.0,4.0,4.0,,,0.0,,,,,,,,,,,,,,,,True,alta,3,Extremo centrador,2.8890694148816363
FRA-Ligue 1,2324,Toulouse,Zakaria Aboukhlal,MAR,"FW,MF",23.0,2000.0,13.0,9.0,754.0,8.4,3.0,0.0,3.0,2.0,1.0,1.0,2.0,0.0,0.36,0.0,0.36,0.24,0.24,8.4,3.0,28.0,8.0,28.6,3.34,0.95,0.11,0.38,1.0,1.0,58.0,24.6,9,74.0,1,4,21.0,0,1.54,11.0,10.0,1.0,0.12,0.31,0.0,16.0,15.0,8.0,5.0,1.0,8.0,,,0.0,,,,,,,,,,,,,,,,False,baja,1,Nueve de choque,2.4509360483765414
ITA-Serie A,2324,Atalanta,Ademola Lookman,NGA,"FW,MF",25.0,1997.0,31.0,22.0,1894.0,21.0,11.0,7.0,18.0,11.0,0.0,0.0,4.0,0.0,0.52,0.33,0.86,0.52,0.86,21.0,11.0,67.0,24.0,35.8,3.18,1.14,0.16,0.46,0.0,0.0,61.0,55.4,22,73.0,4,9,32.0,1,1.61,33.0,26.0,7.0,0.33,-1.02,0.0,28.0,34.0,12.0,69.0,9.0,15.0,,,0.0,,,,,,,,,,,,,,,,True,alta,0,Delantero asociativo,1.629607606453931
ITA-Serie A,2324,Atalanta,Aleksei Miranchuk,RUS,"MF,FW",27.0,1995.0,27.0,12.0,1176.0,13.1,3.0,5.0,8.0,3.0,0.0,0.0,1.0,0.0,0.23,0.38,0.61,0.23,0.61,13.1,3.0,38.0,22.0,57.9,2.91,1.68,0.08,0.14,0.0,0.0,44.0,34.4,12,76.0,4,15,18.0,8,1.96,24.0,10.0,14.0,1.07,0.43,0.0,12.0,31.0,3.0,83.0,3.0,6.0,,,0.0,,,,,,,,,,,,,,,,True,alta,0,Delantero asociativo,3.135232655657539
ITA-Serie A,2324,Atalanta,Charles De Ketelaere,BEL,"FW,MF",22.0,2001.0,35.0,25.0,2026.0,22.5,10.0,8.0,18.0,9.0,1.0,1.0,1.0,0.0,0.44,0.36,0.8,0.4,0.76,22.5,10.0,45.0,25.0,55.6,2.0,1.11,0.22,0.4,1.0,1.0,58.0,59.2,25,68.0,1,10,33.0,1,1.77,48.0,27.0,21.0,0.93,0.35,0.0,17.0,47.0,6.0,47.0,6.0,21.0,,,1.0,,,,,,,,,,,,,,,,True,alta,0,Delantero asociativo,2.6314995311388105
ITA-Serie A,2324,Atalanta,Gianluca Scamacca,ITA,FW,24.0,1999.0,29.0,17.0,1453.0,16.1,12.0,6.0,18.0,12.0,0.0,0.0,1.0,0.0,0.74,0.37,1.11,0.74,1.11,16.1,12.0,60.0,26.0,43.3,3.72,1.61,0.2,0.46,0.0,0.0,50.0,42.5,17,66.0,1,12,28.0,3,1.72,37.0,12.0,25.0,1.55,1.32,0.0,28.0,28.0,9.0,5.0,4.0,9.0,,,0.0,,,,,,,,,,,,,,,,True,alta,0,Delantero asociativo,2.4115218977505255
ITA-Serie A,2324,Bologna,Dan Ndoye,SUI,"MF,FW",22.0,2000.0,32.0,20.0,1771.0,19.7,1.0,1.0,2.0,1.0,0.0,0.0,4.0,0.0,0.05,0.05,0.1,0.05,0.1,19.7,1.0,41.0,16.0,39.0,2.08,0.81,0.02,0.06,0.0,0.0,55.0,51.8,20,76.0,4,12,21.0,1,1.97,30.0,13.0,17.0,0.86,0.59,0.0,29.0,56.0,7.0,47.0,10.0,15.0,,,0.0,,,,,,,,,,,,,,,,True,alta,2,Extremo de presión,1.9772625910879167
ITA-Serie A,2324,Bologna,Joshua Zirkzee,NED,FW,22.0,2001.0,34.0,32.0,2759.0,30.7,11.0,4.0,15.0,9.0,2.0,2.0,8.0,0.0,0.36,0.13,0.49,0.29,0.42,30.7,11.0,86.0,31.0,36.0,2.81,1.01,0.13,0.35,2.0,2.0,81.0,80.7,32,84.0,15,2,30.0,0,1.88,44.0,25.0,19.0,0.62,0.21,0.0,29.0,27.0,5.0,8.0,3.0,20.0,,,0.0,,,,,,,,,,,,,,,,True,alta,1,Nueve de choque,2.5036704433713335
ITA-Serie A,2324,Bologna,Kacper Urbanski,POL,"MF,FW",18.0,2004.0,22.0,9.0,926.0,10.3,0.0,1.0,1.0,0.0,0.0,0.0,2.0,0.0,0.0,0.1,0.1,0.0,0.1,10.3,0.0,17.0,6.0,35.3,1.65,0.58,0.0,0.0,0.0,0.0,42.0,27.1,9,72.0,2,13,21.0,16,1.91,15.0,10.0,5.0,0.49,-0.13,0.0,11.0,11.0,3.0,21.0,4.0,9.0,,,0.0,,,,,,,,,,,,,,,,True,alta,2,Extremo de presión,2.1084098322888516
ITA-Serie A,2324,Bologna,Nikola Moro,CRO,"MF,FW",25.0,1998.0,23.0,10.0,840.0,9.3,1.0,0.0,1.0,1.0,0.0,0.0,0.0,0.0,0.11,0.0,0.11,0.11,0.11,9.3,1.0,11.0,1.0,9.1,1.18,0.11,0.09,1.0,0.0,0.0,37.0,24.6,10,62.0,1,13,17.0,15,1.61,13.0,12.0,1.0,0.11,-0.63,0.0,12.0,9.0,0.0,13.0,7.0,17.0,,,0.0,,,,,,,,,,,,,,,,False,baja,2,Extremo de presión,3.86619508215502
ITA-Serie A,2324,Cagliari,Andrea Petagna,ITA,FW,28.0,1995.0,18.0,13.0,995.0,11.1,1.0,1.0,2.0,1.0,0.0,0.0,2.0,0.0,0.09,0.09,0.18,0.09,0.18,11.1,1.0,19.0,8.0,42.1,1.72,0.72,0.05,0.13,0.0,0.0,55.0,29.1,13,72.0,4,5,12.0,10,0.72,12.0,20.0,-8.0,-0.72,-0.06,0.0,18.0,22.0,2.0,3.0,1.0,2.0,,,0.0,,,,,,,,,,,,,,,,True,alta,1,Nueve de choque,2.59945997920944
ITA-Serie A,2324,Cagliari,Eldor Shomurodov,UZB,"MF,FW",28.0,1995.0,22.0,10.0,936.0,10.4,3.0,3.0,6.0,3.0,0.0,0.0,1.0,0.0,0.29,0.29,0.58,0.29,0.58,10.4,3.0,21.0,7.0,33.3,2.02,0.67,0.14,0.43,0.0,0.0,43.0,27.4,10,67.0,0,12,22.0,5,1.0,12.0,23.0,-11.0,-1.06,-0.51,0.0,11.0,11.0,2.0,7.0,4.0,4.0,,,0.0,,,,,,,,,,,,,,,,True,alta,3,Extremo centrador,2.09367392333372
ITA-Serie A,2324,Cagliari,Gaetano Oristanio,ITA,"FW,MF",20.0,2002.0,25.0,11.0,1104.0,12.3,2.0,1.0,3.0,2.0,0.0,0.0,1.0,0.0,0.16,0.08,0.24,0.16,0.24,12.3,2.0,23.0,5.0,21.7,1.87,0.41,0.09,0.4,0.0,0.0,44.0,32.3,11,67.0,1,14,26.0,6,0.88,12.0,19.0,-7.0,-0.57,0.17,0.0,37.0,28.0,2.0,33.0,9.0,10.0,,,0.0,,,,,,,,,,,,,,,,True,alta,2,Extremo de presión,2.574418953682004
ITA-Serie A,2324,Cagliari,Gianluca Gaetano,ITA,"MF,FW",23.0,2000.0,11.0,10.0,745.0,8.3,4.0,1.0,5.0,3.0,1.0,1.0,1.0,1.0,0.48,0.12,0.6,0.36,0.48,8.3,4.0,14.0,6.0,42.9,1.69,0.72,0.29,0.67,1.0,1.0,68.0,21.8,10,72.0,3,1,29.0,3,1.45,9.0,9.0,0.0,0.0,0.87,0.0,10.0,12.0,3.0,16.0,4.0,3.0,,,0.0,,,,,,,,,,,,,,,,False,baja,0,Delantero asociativo,2.157391684454602
ITA-Serie A,2324,Cagliari,Gianluca Lapadula,PER,FW,33.0,1990.0,23.0,14.0,1205.0,13.4,3.0,1.0,4.0,2.0,1.0,1.0,3.0,0.0,0.22,0.07,0.3,0.15,0.22,13.4,3.0,35.0,11.0,31.4,2.61,0.82,0.09,0.27,1.0,1.0,52.0,35.2,14,73.0,6,9,20.0,5,0.83,17.0,24.0,-7.0,-0.52,0.25,0.0,22.0,18.0,15.0,7.0,2.0,1.0,,,0.0,,,,,,,,,,,,,,,,True,alta,1,Nueve de choque,2.0789295595130515
ITA-Serie A,2324,Cagliari,Leonardo Pavoletti,ITA,FW,34.0,1988.0,19.0,5.0,628.0,7.0,4.0,1.0,5.0,4.0,0.0,0.0,4.0,0.0,0.57,0.14,0.72,0.57,0.72,7.0,4.0,25.0,9.0,36.0,3.58,1.29,0.16,0.44,0.0,0.0,33.0,18.4,5,72.0,2,14,19.0,9,0.79,9.0,11.0,-2.0,-0.29,0.49,0.0,19.0,7.0,1.0,1.0,0.0,1.0,,,0.0,,,,,,,,,,,,,,,,False,baja,1,Nueve de choque,3.50685549180313
ITA-Serie A,2324,Cagliari,Nicolas Viola,ITA,"MF,FW",33.0,1989.0,26.0,11.0,1207.0,13.4,5.0,2.0,7.0,5.0,0.0,1.0,3.0,0.0,0.37,0.15,0.52,0.37,0.52,13.4,5.0,38.0,12.0,31.6,2.83,0.89,0.13,0.42,0.0,1.0,46.0,35.3,11,73.0,3,15,27.0,10,1.12,25.0,18.0,7.0,0.52,1.86,0.0,17.0,25.0,2.0,135.0,3.0,8.0,,,0.0,,,,,,,,,,,,,,,,True,alta,3,Extremo centrador,2.436100192500855
ITA-Serie A,2324,Cagliari,Zito Luvumbo,ANG,"MF,FW",21.0,2002.0,30.0,19.0,1946.0,21.6,4.0,5.0,9.0,4.0,0.0,0.0,5.0,0.0,0.18,0.23,0.42,0.18,0.42,21.6,4.0,51.0,16.0,31.4,2.36,0.74,0.08,0.25,0.0,0.0,65.0,56.9,19,79.0,10,11,40.0,1,0.97,23.0,34.0,-11.0,-0.51,0.41,0.0,31.0,66.0,14.0,82.0,1.0,7.0,,,0.0,,,,,,,,,,,,,,,,True,alta,1,Nueve de choque,3.3956918523923703
ITA-Serie A,2324,Empoli,Alberto Cerri,ITA,FW,27.0,1996.0,12.0,10.0,545.0,6.1,1.0,0.0,1.0,1.0,0.0,0.0,2.0,0.0,0.17,0.0,0.17,0.17,0.17,6.1,1.0,10.0,3.0,30.0,1.65,0.5,0.1,0.33,0.0,0.0,45.0,15.9,10,52.0,0,2,13.0,3,1.58,6.0,6.0,0.0,0.0,0.78,0.0,15.0,9.0,6.0,1.0,3.0,3.0,,,0.0,,,,,,,,,,,,,,,,False,baja,1,Nueve de choque,2.8845698433985305
ITA-Serie A,2324,Empoli,Francesco Caputo,ITA,FW,35.0,1987.0,20.0,15.0,1268.0,14.1,3.0,0.0,3.0,2.0,1.0,1.0,0.0,0.0,0.21,0.0,0.21,0.14,0.14,14.1,3.0,23.0,10.0,43.5,1.63,0.71,0.13,0.3,1.0,1.0,63.0,37.1,15,75.0,4,5,27.0,6,0.7,8.0,22.0,-14.0,-0.99,-0.53,0.0,10.0,14.0,20.0,1.0,0.0,0.0,,,0.0,,,,,,,,,,,,,,,,True,alta,4,Nueve de área,3.806081088637195
ITA-Serie A,2324,Empoli,M'Baye Niang,SEN,FW,28.0,1994.0,14.0,5.0,708.0,7.9,6.0,1.0,7.0,2.0,4.0,4.0,1.0,0.0,0.76,0.13,0.89,0.25,0.38,7.9,6.0,24.0,9.0,37.5,3.05,1.14,0.25,0.67,4.0,4.0,51.0,20.7,5,69.0,0,9,40.0,2,1.29,9.0,10.0,-1.0,-0.13,0.67,0.0,15.0,24.0,9.0,4.0,3.0,2.0,,,0.0,,,,,,,,,,,,,,,,False,baja,1,Nueve de choque,2.8485724223922118
ITA-Serie A,2324,Empoli,Matteo Cancellieri,ITA,"FW,MF",21.0,2002.0,36.0,18.0,1788.0,19.9,4.0,3.0,7.0,4.0,0.0,0.0,7.0,0.0,0.2,0.15,0.35,0.2,0.35,19.9,4.0,40.0,13.0,32.5,2.01,0.65,0.1,0.31,0.0,0.0,50.0,52.3,18,74.0,4,18,25.0,0,0.92,17.0,25.0,-8.0,-0.4,0.53,0.0,35.0,52.0,13.0,42.0,5.0,24.0,,,0.0,,,,,,,,,,,,,,,,True,alta,2,Extremo de presión,2.423913384196215
ITA-Serie A,2324,Empoli,Nicolò Cambiaghi,ITA,"FW,MF",22.0,2000.0,37.0,29.0,2553.0,28.4,1.0,1.0,2.0,1.0,0.0,0.0,3.0,0.0,0.04,0.04,0.07,0.04,0.07,28.4,1.0,71.0,17.0,23.9,2.5,0.6,0.01,0.06,0.0,0.0,69.0,74.6,29,82.0,11,8,24.0,0,0.97,20.0,42.0,-22.0,-0.78,-0.46,0.0,48.0,76.0,3.0,133.0,14.0,40.0,,,0.0,,,,,,,,,,,,,,,,True,alta,2,Extremo de presión,2.6494703047466985
ITA-Serie A,2324,Empoli,Tommaso Baldanzi,ITA,"MF,FW",20.0,2003.0,14.0,8.0,745.0,8.3,2.0,0.0,2.0,2.0,0.0,0.0,1.0,0.0,0.24,0.0,0.24,0.24,0.24,8.3,2.0,14.0,6.0,42.9,1.69,0.72,0.14,0.33,0.0,0.0,53.0,21.8,8,76.0,3,6,23.0,2,0.57,3.0,14.0,-11.0,-1.33,-0.86,0.0,4.0,16.0,2.0,16.0,2.0,3.0,,,0.0,,,,,,,,,,,,,,,,False,baja,3,Extremo centrador,3.0727487160962577
ITA-Serie A,2324,Fiorentina,Andrea Belotti,ITA,FW,29.0,1993.0,15.0,11.0,949.0,10.5,3.0,0.0,3.0,3.0,0.0,0.0,0.0,0.0,0.28,0.0,0.28,0.28,0.28,10.5,3.0,32.0,9.0,28.1,3.03,0.85,0.09,0.33,0.0,0.0,63.0,27.7,11,78.0,4,4,24.0,0,1.33,17.0,15.0,2.0,0.19,-0.28,0.0,15.0,22.0,7.0,4.0,3.0,3.0,,,0.0,,,,,,,,,,,,,,,,True,alta,1,Nueve de choque,1.9663548226261909
ITA-Serie A,2324,Fiorentina,Antonín Barák,CZE,"MF,FW",28.0,1994.0,21.0,8.0,808.0,9.0,2.0,3.0,5.0,2.0,0.0,0.0,2.0,0.0,0.22,0.33,0.56,0.22,0.56,9.0,2.0,20.0,8.0,40.0,2.23,0.89,0.1,0.25,0.0,0.0,38.0,23.6,8,77.0,4,13,15.0,14,1.62,15.0,10.0,5.0,0.56,0.21,0.0,8.0,7.0,1.0,4.0,2.0,2.0,,,0.0,,,,,,,,,,,,,,,,False,baja,3,Extremo centrador,2.756133486194873
ITA-Serie A,2324,Fiorentina,Lucas Beltrán,ARG,"FW,MF",22.0,2001.0,32.0,21.0,1692.0,18.8,6.0,2.0,8.0,5.0,1.0,1.0,6.0,0.0,0.32,0.11,0.43,0.27,0.37,18.8,6.0,32.0,9.0,28.1,1.7,0.48,0.19,0.67,1.0,1.0,53.0,49.5,21,69.0,3,11,22.0,3,1.44,32.0,21.0,11.0,0.59,0.38,0.0,24.0,28.0,4.0,7.0,2.0,14.0,,,0.0,,,,,,,,,,,,,,,,True,alta,1,Nueve de choque,2.272119787201491
ITA-Serie A,2324,Fiorentina,M'Bala Nzola,ANG,FW,26.0,1996.0,33.0,15.0,1552.0,17.2,3.0,3.0,6.0,2.0,1.0,1.0,2.0,0.0,0.17,0.17,0.35,0.12,0.29,17.2,3.0,32.0,13.0,40.6,1.86,0.75,0.09,0.23,1.0,1.0,47.0,45.4,15,77.0,7,18,22.0,1,1.48,26.0,26.0,0.0,0.0,-0.72,0.0,37.0,7.0,21.0,6.0,0.0,8.0,,,0.0,,,,,,,,,,,,,,,,True,alta,1,Nueve de choque,3.407847102369402
ITA-Serie A,2324,Frosinone,Arijon Ibrahimović,GER,"MF,FW",17.0,2005.0,16.0,5.0,474.0,5.3,1.0,1.0,2.0,1.0,0.0,0.0,1.0,0.0,0.19,0.19,0.38,0.19,0.38,5.3,1.0,12.0,4.0,33.3,2.28,0.76,0.08,0.25,0.0,0.0,30.0,13.9,5,70.0,0,11,11.0,15,0.75,4.0,7.0,-3.0,-0.57,0.1,0.0,3.0,4.0,2.0,7.0,1.0,6.0,,,0.0,,,,,,,,,,,,,,,,False,baja,3,Extremo centrador,2.1219323609849656
ITA-Serie A,2324,Frosinone,Jaime Báez,URU,"MF,FW",28.0,1995.0,11.0,6.0,500.0,5.6,1.0,0.0,1.0,1.0,0.0,0.0,1.0,0.0,0.18,0.0,0.18,0.18,0.18,5.6,1.0,9.0,2.0,22.2,1.62,0.36,0.11,0.5,0.0,0.0,45.0,14.6,6,60.0,0,5,28.0,21,1.09,9.0,7.0,2.0,0.36,1.19,0.0,6.0,15.0,5.0,24.0,4.0,1.0,,,0.0,,,,,,,,,,,,,,,,False,baja,2,Extremo de presión,4.024693524992821
ITA-Serie A,2324,Frosinone,Kaio Jorge,BRA,FW,21.0,2002.0,20.0,8.0,812.0,9.0,3.0,0.0,3.0,2.0,1.0,2.0,2.0,0.0,0.33,0.0,0.33,0.22,0.22,9.0,3.0,27.0,13.0,48.1,2.99,1.44,0.11,0.23,1.0,2.0,41.0,23.7,8,78.0,2,12,15.0,11,0.6,13.0,20.0,-7.0,-0.78,-0.15,0.0,8.0,10.0,2.0,3.0,2.0,4.0,,,0.0,,,,,,,,,,,,,,,,False,baja,1,Nueve de choque,2.6213955981497885
ITA-Serie A,2324,Frosinone,Marvin Cuni,ALB,FW,22.0,2001.0,22.0,6.0,534.0,5.9,1.0,0.0,1.0,1.0,0.0,0.0,0.0,0.0,0.17,0.0,0.17,0.17,0.17,5.9,1.0,10.0,2.0,20.0,1.69,0.34,0.1,0.5,0.0,0.0,24.0,15.6,6,63.0,0,16,10.0,9,0.86,8.0,7.0,1.0,0.17,0.98,0.0,13.0,12.0,3.0,4.0,1.0,3.0,,,0.0,,,,,,,,,,,,,,,,False,baja,1,Nueve de choque,2.68501160445974
ITA-Serie A,2324,Frosinone,Matìas Soulé,ARG,"MF,FW",20.0,2003.0,36.0,36.0,3121.0,34.7,11.0,3.0,14.0,6.0,5.0,6.0,4.0,0.0,0.32,0.09,0.4,0.17,0.26,34.7,11.0,84.0,25.0,29.8,2.42,0.72,0.13,0.44,5.0,6.0,87.0,91.3,36,87.0,17,0,,0,0.89,40.0,62.0,-22.0,-0.63,0.27,0.0,18.0,47.0,2.0,99.0,18.0,27.0,,,1.0,,,,,,,,,,,,,,,,True,alta,3,Extremo centrador,2.078192601672936
ITA-Serie A,2324,Frosinone,Reinier,BRA,"MF,FW",21.0,2002.0,22.0,13.0,1059.0,11.8,2.0,2.0,4.0,2.0,0.0,0.0,3.0,0.0,0.17,0.17,0.34,0.17,0.34,11.8,2.0,14.0,6.0,42.9,1.19,0.51,0.14,0.33,0.0,0.0,48.0,31.0,13,70.0,0,9,17.0,10,0.95,12.0,18.0,-6.0,-0.51,0.21,0.0,17.0,9.0,1.0,12.0,10.0,10.0,,,0.0,,,,,,,,,,,,,,,,True,alta,2,Extremo de presión,2.7528581297142685
ITA-Serie A,2324,Frosinone,Walid Cheddira,MAR,FW,25.0,1998.0,36.0,24.0,2120.0,23.6,7.0,1.0,8.0,6.0,1.0,1.0,0.0,0.0,0.3,0.04,0.34,0.25,0.3,23.6,7.0,60.0,28.0,46.7,2.55,1.19,0.12,0.25,1.0,1.0,59.0,62.0,24,80.0,5,12,18.0,1,0.89,23.0,44.0,-21.0,-0.89,-0.61,0.0,27.0,43.0,16.0,3.0,4.0,7.0,,,0.0,,,,,,,,,,,,,,,,True,alta,1,Nueve de choque,1.7616617485425632
ITA-Serie A,2324,Genoa,Albert Guðmundsson,ISL,"FW,MF",26.0,1997.0,35.0,34.0,3016.0,33.5,14.0,4.0,18.0,10.0,4.0,5.0,4.0,0.0,0.42,0.12,0.54,0.3,0.42,33.5,14.0,56.0,23.0,41.1,1.67,0.69,0.25,0.61,4.0,5.0,86.0,88.2,34,88.0,26,1,24.0,0,1.34,40.0,37.0,3.0,0.09,0.76,0.0,28.0,46.0,11.0,179.0,11.0,10.0,,,0.0,,,,,,,,,,,,,,,,True,alta,3,Extremo centrador,1.8079812374280655
ITA-Serie A,2324,Genoa,Caleb Ekuban,GHA,FW,29.0,1994.0,29.0,10.0,1131.0,12.6,4.0,1.0,5.0,4.0,0.0,0.0,0.0,0.0,0.32,0.08,0.4,0.32,0.4,12.6,4.0,27.0,12.0,44.4,2.15,0.95,0.15,0.33,0.0,0.0,39.0,33.1,10,70.0,1,19,22.0,2,1.28,16.0,15.0,1.0,0.08,0.12,0.0,17.0,27.0,3.0,4.0,1.0,4.0,,,0.0,,,,,,,,,,,,,,,,True,alta,1,Nueve de choque,1.9747298757820402
ITA-Serie A,2324,Genoa,Junior Messias,BRA,"MF,FW",32.0,1991.0,18.0,13.0,1053.0,11.7,1.0,0.0,1.0,1.0,0.0,0.0,0.0,0.0,0.09,0.0,0.09,0.09,0.09,11.7,1.0,22.0,3.0,13.6,1.88,0.26,0.05,0.33,0.0,0.0,59.0,30.8,13,76.0,4,5,12.0,1,1.06,14.0,12.0,2.0,0.17,0.25,0.0,7.0,22.0,5.0,24.0,5.0,19.0,,,0.0,,,,,,,,,,,,,,,,True,alta,2,Extremo de presión,3.3317196593113225
ITA-Serie A,2324,Genoa,Mateo Retegui,ITA,FW,24.0,1999.0,29.0,26.0,2216.0,24.6,7.0,2.0,9.0,6.0,1.0,1.0,5.0,0.0,0.28,0.08,0.37,0.24,0.32,24.6,7.0,63.0,23.0,36.5,2.56,0.93,0.11,0.3,1.0,1.0,76.0,64.8,26,82.0,14,3,27.0,1,1.24,32.0,29.0,3.0,0.12,0.35,0.0,36.0,25.0,4.0,19.0,0.0,11.0,,,0.0,,,,,,,,,,,,,,,,True,alta,1,Nueve de choque,2.143245875686011
ITA-Serie A,2324,Genoa,Ruslan Malinovskyi,UKR,"MF,FW",30.0,1993.0,28.0,18.0,1544.0,17.2,4.0,1.0,5.0,4.0,0.0,0.0,7.0,0.0,0.23,0.06,0.29,0.23,0.29,17.2,4.0,39.0,13.0,33.3,2.27,0.76,0.1,0.31,0.0,0.0,55.0,45.1,18,76.0,6,10,18.0,2,1.25,20.0,19.0,1.0,0.06,0.11,0.0,30.0,17.0,0.0,19.0,5.0,22.0,,,0.0,,,,,,,,,,,,,,,,True,alta,2,Extremo de presión,2.529079710127594
ITA-Serie A,2324,Hellas Verona,Cyril Ngonge,BEL,"MF,FW",23.0,2000.0,19.0,17.0,1431.0,15.9,6.0,2.0,8.0,6.0,0.0,0.0,4.0,0.0,0.38,0.13,0.5,0.38,0.5,15.9,6.0,42.0,14.0,33.3,2.64,0.88,0.14,0.43,0.0,0.0,75.0,41.8,17,80.0,7,2,36.0,1,0.89,14.0,22.0,-8.0,-0.5,-0.28,0.0,30.0,22.0,3.0,50.0,3.0,10.0,,,0.0,,,,,,,,,,,,,,,,True,alta,0,Delantero asociativo,2.361913398461783
ITA-Serie A,2324,Hellas Verona,Federico Bonazzoli,ITA,FW,26.0,1997.0,24.0,10.0,1016.0,11.3,3.0,1.0,4.0,3.0,0.0,0.0,2.0,0.0,0.27,0.09,0.35,0.27,0.35,11.3,3.0,27.0,13.0,48.1,2.39,1.15,0.11,0.23,0.0,0.0,42.0,29.7,10,62.0,0,14,28.0,14,0.88,13.0,12.0,1.0,0.09,0.61,0.0,10.0,20.0,9.0,6.0,3.0,1.0,,,0.0,,,,,,,,,,,,,,,,True,alta,4,Nueve de área,1.9384786838227228
ITA-Serie A,2324,Hellas Verona,Karol Świderski,POL,"FW,MF",26.0,1997.0,15.0,3.0,504.0,5.6,2.0,0.0,2.0,2.0,0.0,0.0,0.0,0.0,0.36,0.0,0.36,0.36,0.36,5.6,2.0,15.0,6.0,40.0,2.68,1.07,0.13,0.33,0.0,0.0,34.0,14.7,3,57.0,0,12,28.0,0,1.27,7.0,7.0,0.0,0.0,0.4,0.0,6.0,13.0,0.0,3.0,1.0,3.0,,,0.0,,,,,,,,,,,,,,,,False,baja,1,Nueve de choque,3.2074338069171704
ITA-Serie A,2324,Hellas Verona,Milan Đurić,BIH,FW,33.0,1990.0,20.0,13.0,1204.0,13.4,5.0,1.0,6.0,4.0,1.0,3.0,2.0,0.0,0.37,0.07,0.45,0.3,0.37,13.4,5.0,25.0,15.0,60.0,1.87,1.12,0.2,0.33,1.0,3.0,60.0,35.2,13,79.0,4,7,25.0,0,0.85,15.0,21.0,-6.0,-0.45,-0.16,0.0,27.0,19.0,6.0,1.0,1.0,0.0,,,0.0,,,,,,,,,,,,,,,,True,alta,4,Nueve de área,3.270516341502776
ITA-Serie A,2324,Hellas Verona,Tijjani Noslin,NED,"FW,MF",24.0,1999.0,17.0,17.0,1339.0,14.9,5.0,4.0,9.0,5.0,0.0,0.0,2.0,0.0,0.34,0.27,0.6,0.34,0.6,14.9,5.0,36.0,15.0,41.7,2.42,1.01,0.14,0.33,0.0,0.0,79.0,39.2,17,79.0,9,0,,0,1.24,17.0,20.0,-3.0,-0.2,0.23,0.0,24.0,10.0,4.0,15.0,2.0,7.0,,,0.0,,,,,,,,,,,,,,,,True,alta,0,Delantero asociativo,2.66428982618856
ITA-Serie A,2324,Inter,Alexis Sánchez,CHI,FW,34.0,1988.0,23.0,6.0,763.0,8.5,2.0,5.0,7.0,1.0,1.0,1.0,0.0,0.0,0.24,0.59,0.83,0.12,0.71,8.5,2.0,18.0,6.0,33.3,2.12,0.71,0.11,0.33,1.0,1.0,33.0,22.3,6,77.0,3,17,18.0,10,2.22,16.0,4.0,12.0,1.42,-0.45,0.0,14.0,19.0,8.0,31.0,1.0,6.0,,,0.0,,,,,,,,,,,,,,,,False,baja,3,Extremo centrador,3.7128444959090605
ITA-Serie A,2324,Inter,Lautaro Martínez,ARG,FW,25.0,1997.0,33.0,31.0,2656.0,29.5,24.0,3.0,27.0,22.0,2.0,3.0,5.0,0.0,0.81,0.1,0.91,0.75,0.85,29.5,24.0,109.0,47.0,43.1,3.69,1.59,0.22,0.51,2.0,3.0,80.0,77.7,31,84.0,18,2,32.0,2,2.58,73.0,16.0,57.0,1.93,0.75,0.0,46.0,59.0,12.0,16.0,17.0,14.0,,,0.0,,,,,,,,,,,,,,,,True,alta,0,Delantero asociativo,2.2091316317891665
ITA-Serie A,2324,Inter,Marcus Thuram,FRA,FW,25.0,1997.0,35.0,34.0,2687.0,29.9,13.0,7.0,20.0,13.0,0.0,0.0,3.0,0.0,0.44,0.23,0.67,0.44,0.67,29.9,13.0,77.0,29.0,37.7,2.58,0.97,0.17,0.45,0.0,0.0,77.0,78.6,34,78.0,13,1,26.0,1,2.51,69.0,19.0,50.0,1.67,-0.41,0.0,35.0,45.0,20.0,21.0,2.0,15.0,,,0.0,,,,,,,,,,,,,,,,True,alta,4,Nueve de área,1.993920021904672
ITA-Serie A,2324,Inter,Marko Arnautović,AUT,FW,34.0,1989.0,27.0,5.0,801.0,8.9,5.0,3.0,8.0,5.0,0.0,0.0,0.0,0.0,0.56,0.34,0.9,0.56,0.9,8.9,5.0,17.0,9.0,52.9,1.91,1.01,0.29,0.56,0.0,0.0,30.0,23.4,5,74.0,2,22,20.0,3,2.59,22.0,5.0,17.0,1.91,0.19,0.0,11.0,15.0,8.0,7.0,5.0,3.0,,,0.0,,,,,,,,,,,,,,,,False,baja,0,Delantero asociativo,2.700513921938401
ITA-Serie A,2324,Juventus,Arkadiusz Milik,POL,FW,29.0,1994.0,32.0,7.0,919.0,10.2,4.0,1.0,5.0,4.0,0.0,0.0,2.0,1.0,0.39,0.1,0.49,0.39,0.49,10.2,4.0,36.0,13.0,36.1,3.53,1.27,0.11,0.31,0.0,0.0,29.0,26.9,7,71.0,2,25,17.0,0,2.03,24.0,6.0,18.0,1.76,1.58,0.0,21.0,26.0,11.0,4.0,5.0,6.0,,,0.0,,,,,,,,,,,,,,,,True,alta,1,Nueve de choque,2.8963403396123133
ITA-Serie A,2324,Juventus,Dušan Vlahović,SRB,FW,23.0,2000.0,33.0,27.0,2307.0,25.6,16.0,4.0,20.0,14.0,2.0,4.0,8.0,1.0,0.62,0.16,0.78,0.55,0.7,25.6,16.0,110.0,39.0,35.5,4.29,1.52,0.15,0.41,2.0,4.0,70.0,67.5,27,80.0,8,6,25.0,0,2.0,35.0,23.0,12.0,0.47,-0.42,1.0,30.0,34.0,13.0,8.0,2.0,5.0,,,0.0,,,,,,,,,,,,,,,,True,alta,4,Nueve de área,2.4693010540569826
ITA-Serie A,2324,Juventus,Federico Chiesa,ITA,FW,25.0,1997.0,33.0,25.0,2197.0,24.4,9.0,2.0,11.0,8.0,1.0,1.0,1.0,0.0,0.37,0.08,0.45,0.33,0.41,24.4,9.0,74.0,27.0,36.5,3.03,1.11,0.12,0.33,1.0,1.0,67.0,64.2,25,79.0,9,8,29.0,0,1.76,35.0,22.0,13.0,0.53,-0.2,0.0,14.0,40.0,7.0,117.0,6.0,11.0,,,0.0,,,,,,,,,,,,,,,,True,alta,3,Extremo centrador,2.0935463135020838
ITA-Serie A,2324,Juventus,Kenan Yıldız,TUR,FW,18.0,2005.0,27.0,9.0,952.0,10.6,2.0,0.0,2.0,2.0,0.0,0.0,3.0,0.0,0.19,0.0,0.19,0.19,0.19,10.6,2.0,19.0,7.0,36.8,1.8,0.66,0.11,0.29,0.0,0.0,35.0,27.8,9,68.0,0,18,19.0,9,1.67,20.0,7.0,13.0,1.23,0.86,0.0,12.0,22.0,1.0,17.0,1.0,10.0,,,0.0,,,,,,,,,,,,,,,,True,alta,2,Extremo de presión,2.6062572645414397
ITA-Serie A,2324,Juventus,Moise Kean,ITA,FW,23.0,2000.0,19.0,8.0,654.0,7.3,0.0,0.0,0.0,0.0,0.0,0.0,2.0,0.0,0.0,0.0,0.0,0.0,0.0,7.3,0.0,16.0,4.0,25.0,2.2,0.55,0.0,0.0,0.0,0.0,34.0,19.1,8,66.0,0,11,11.0,4,1.95,6.0,4.0,2.0,0.28,-0.41,0.0,13.0,13.0,7.0,1.0,2.0,5.0,,,0.0,,,,,,,,,,,,,,,,False,baja,1,Nueve de choque,3.1576522418599815
ITA-Serie A,2324,Lazio,Ciro Immobile,ITA,FW,33.0,1990.0,31.0,21.0,1652.0,18.4,7.0,1.0,8.0,3.0,4.0,4.0,8.0,0.0,0.38,0.05,0.44,0.16,0.22,18.4,7.0,49.0,23.0,46.9,2.67,1.25,0.14,0.3,4.0,4.0,53.0,48.3,21,69.0,5,10,20.0,1,1.42,22.0,24.0,-2.0,-0.11,-0.72,0.0,22.0,30.0,14.0,7.0,3.0,8.0,,,0.0,,,,,,,,,,,,,,,,True,alta,1,Nueve de choque,1.6652403922971881
ITA-Serie A,2324,Lazio,Felipe Anderson,BRA,"FW,MF",30.0,1993.0,38.0,33.0,2770.0,30.8,5.0,6.0,11.0,5.0,0.0,0.0,3.0,0.0,0.16,0.19,0.36,0.16,0.36,30.8,5.0,43.0,11.0,25.6,1.4,0.36,0.12,0.45,0.0,0.0,73.0,81.0,33,79.0,14,5,32.0,0,1.61,38.0,31.0,7.0,0.23,-0.19,0.0,30.0,36.0,4.0,57.0,27.0,44.0,,,0.0,,,,,,,,,,,,,,,,True,alta,2,Extremo de presión,2.3915180978494384
ITA-Serie A,2324,Lazio,Gustav Isaksen,DEN,"FW,MF",22.0,2001.0,28.0,12.0,1074.0,11.9,3.0,1.0,4.0,3.0,0.0,0.0,3.0,0.0,0.25,0.08,0.34,0.25,0.34,11.9,3.0,23.0,9.0,39.1,1.93,0.75,0.13,0.33,0.0,0.0,38.0,31.4,12,62.0,0,16,21.0,8,1.61,17.0,13.0,4.0,0.34,0.11,0.0,17.0,24.0,3.0,29.0,3.0,4.0,,,0.0,,,,,,,,,,,,,,,,True,alta,1,Nueve de choque,2.2086422034275346
ITA-Serie A,2324,Lazio,Mattia Zaccagni,ITA,"FW,MF",28.0,1995.0,28.0,24.0,1956.0,21.7,6.0,1.0,7.0,6.0,0.0,0.0,8.0,0.0,0.28,0.05,0.32,0.28,0.32,21.7,6.0,42.0,13.0,31.0,1.93,0.6,0.14,0.46,0.0,0.0,70.0,57.2,24,75.0,3,4,37.0,0,1.57,27.0,21.0,6.0,0.28,0.03,0.0,29.0,80.0,7.0,71.0,21.0,16.0,,,0.0,,,,,,,,,,,,,,,,True,alta,2,Extremo de presión,2.940689564497659
ITA-Serie A,2324,Lazio,Pedro,ESP,FW,36.0,1987.0,33.0,5.0,816.0,9.1,1.0,1.0,2.0,1.0,0.0,0.0,4.0,0.0,0.11,0.11,0.22,0.11,0.22,9.1,1.0,11.0,4.0,36.4,1.21,0.44,0.09,0.25,0.0,0.0,25.0,23.9,5,59.0,0,28,19.0,4,1.64,12.0,9.0,3.0,0.33,0.09,0.0,13.0,19.0,4.0,19.0,2.0,12.0,,,0.0,,,,,,,,,,,,,,,,False,baja,2,Extremo de presión,1.9372591324993729
ITA-Serie A,2324,Lazio,Valentín Castellanos,ARG,FW,24.0,1998.0,35.0,16.0,1682.0,18.7,4.0,3.0,7.0,4.0,0.0,0.0,2.0,0.0,0.21,0.16,0.37,0.21,0.37,18.7,4.0,54.0,20.0,37.0,2.89,1.07,0.07,0.2,0.0,0.0,48.0,49.2,16,76.0,5,19,24.0,2,1.6,25.0,15.0,10.0,0.54,0.54,0.0,33.0,31.0,20.0,16.0,3.0,11.0,,,0.0,,,,,,,,,,,,,,,,True,alta,1,Nueve de choque,1.6973180479642165
ITA-Serie A,2324,Lecce,Gabriel Strefezza,BRA,"FW,MF",26.0,1997.0,19.0,13.0,1112.0,12.4,1.0,0.0,1.0,0.0,1.0,1.0,4.0,0.0,0.08,0.0,0.08,0.0,0.0,12.4,1.0,28.0,6.0,21.4,2.27,0.49,0.04,0.17,1.0,1.0,59.0,32.5,13,75.0,2,6,22.0,2,1.05,9.0,18.0,-9.0,-0.73,-0.22,0.0,20.0,37.0,3.0,42.0,7.0,17.0,,,0.0,,,,,,,,,,,,,,,,True,alta,2,Extremo de presión,2.982352441571139
ITA-Serie A,2324,Lecce,Lameck Banda,ZAM,"FW,MF",22.0,2001.0,21.0,17.0,1350.0,15.0,2.0,4.0,6.0,2.0,0.0,0.0,5.0,1.0,0.13,0.27,0.4,0.13,0.4,15.0,2.0,50.0,23.0,46.0,3.33,1.53,0.04,0.09,0.0,0.0,64.0,39.5,17,73.0,2,4,29.0,1,1.0,15.0,24.0,-9.0,-0.6,-0.03,0.0,33.0,30.0,9.0,51.0,3.0,23.0,,,0.0,,,,,,,,,,,,,,,,True,alta,0,Delantero asociativo,3.237016487634311
ITA-Serie A,2324,Lecce,Nicola Sansone,ITA,"MF,FW",31.0,1991.0,25.0,4.0,767.0,8.5,2.0,2.0,4.0,2.0,0.0,0.0,4.0,0.0,0.23,0.23,0.47,0.23,0.47,8.5,2.0,23.0,5.0,21.7,2.7,0.59,0.09,0.4,0.0,0.0,31.0,22.4,4,68.0,1,21,24.0,4,1.12,14.0,11.0,3.0,0.35,1.2,0.0,16.0,12.0,0.0,28.0,4.0,7.0,,,0.0,,,,,,,,,,,,,,,,False,baja,2,Extremo de presión,3.0565630226978246
ITA-Serie A,2324,Lecce,Nikola Krstović,MNE,FW,23.0,2000.0,35.0,30.0,2373.0,26.4,7.0,1.0,8.0,6.0,1.0,3.0,4.0,1.0,0.27,0.04,0.3,0.23,0.27,26.4,7.0,92.0,22.0,23.9,3.49,0.83,0.08,0.32,1.0,3.0,68.0,69.4,30,76.0,10,5,18.0,1,0.91,21.0,35.0,-14.0,-0.53,0.16,0.0,45.0,54.0,14.0,4.0,3.0,8.0,,,0.0,,,,,,,,,,,,,,,,True,alta,1,Nueve de choque,2.1270839296248627
ITA-Serie A,2324,Lecce,Pontus Almqvist,SWE,"FW,MF",24.0,1999.0,30.0,25.0,2107.0,23.4,2.0,1.0,3.0,2.0,0.0,0.0,5.0,0.0,0.09,0.04,0.13,0.09,0.13,23.4,2.0,40.0,15.0,37.5,1.71,0.64,0.05,0.13,0.0,0.0,70.0,61.6,25,79.0,12,5,24.0,1,0.97,20.0,32.0,-12.0,-0.51,0.17,0.0,29.0,35.0,1.0,22.0,14.0,28.0,,,0.0,,,,,,,,,,,,,,,,True,alta,2,Extremo de presión,1.5902621478491108
ITA-Serie A,2324,Lecce,Remi Oudin,FRA,"MF,FW",26.0,1996.0,31.0,21.0,1819.0,20.2,3.0,2.0,5.0,3.0,0.0,0.0,3.0,0.0,0.15,0.1,0.25,0.15,0.25,20.2,3.0,34.0,8.0,23.5,1.68,0.4,0.09,0.38,0.0,0.0,59.0,53.2,21,75.0,2,10,25.0,5,0.94,12.0,23.0,-11.0,-0.54,0.07,0.0,16.0,11.0,2.0,155.0,21.0,13.0,,,0.0,,,,,,,,,,,,,,,,True,alta,3,Extremo centrador,3.248502341541027
ITA-Serie A,2324,Lecce,Roberto Piccoli,ITA,FW,22.0,2001.0,35.0,12.0,1378.0,15.3,5.0,0.0,5.0,4.0,1.0,1.0,5.0,0.0,0.33,0.0,0.33,0.26,0.26,15.3,5.0,57.0,22.0,38.6,3.72,1.44,0.09,0.23,1.0,1.0,39.0,40.3,12,75.0,4,23,21.0,0,0.97,16.0,21.0,-5.0,-0.33,0.42,0.0,28.0,13.0,15.0,6.0,3.0,7.0,,,0.0,,,,,,,,,,,,,,,,True,alta,1,Nueve de choque,2.362083351458454
ITA-Serie A,2324,Milan,Christian Pulisic,USA,"MF,FW",24.0,1998.0,36.0,32.0,2602.0,28.9,12.0,8.0,20.0,12.0,0.0,0.0,2.0,0.0,0.42,0.28,0.69,0.42,0.69,28.9,12.0,65.0,31.0,47.7,2.25,1.07,0.18,0.39,0.0,0.0,72.0,76.1,32,77.0,11,4,34.0,0,2.06,62.0,31.0,31.0,1.07,1.51,0.0,19.0,45.0,4.0,100.0,10.0,25.0,,,0.0,,,,,,,,,,,,,,,,True,alta,3,Extremo centrador,2.208303131373903
ITA-Serie A,2324,Milan,Luka Jović,SRB,FW,25.0,1997.0,23.0,8.0,877.0,9.7,6.0,1.0,7.0,6.0,0.0,0.0,2.0,1.0,0.62,0.1,0.72,0.62,0.72,9.7,6.0,22.0,13.0,59.1,2.26,1.33,0.27,0.46,0.0,0.0,38.0,25.6,8,75.0,2,15,18.0,7,1.7,16.0,16.0,0.0,0.0,-0.96,0.0,8.0,12.0,2.0,1.0,1.0,3.0,,,0.0,,,,,,,,,,,,,,,,False,baja,4,Nueve de área,2.3670391161064535
ITA-Serie A,2324,Milan,Noah Okafor,SUI,"FW,MF",23.0,2000.0,28.0,6.0,887.0,9.9,6.0,2.0,8.0,6.0,0.0,0.0,1.0,0.0,0.61,0.2,0.81,0.61,0.81,9.9,6.0,22.0,14.0,63.6,2.23,1.42,0.27,0.43,0.0,0.0,32.0,25.9,6,67.0,1,22,22.0,4,1.96,25.0,17.0,8.0,0.81,0.14,0.0,12.0,9.0,2.0,22.0,0.0,4.0,,,0.0,,,,,,,,,,,,,,,,False,baja,4,Nueve de área,3.299533860949204
ITA-Serie A,2324,Milan,Olivier Giroud,FRA,FW,36.0,1986.0,35.0,28.0,2363.0,26.3,15.0,8.0,23.0,11.0,4.0,5.0,1.0,1.0,0.57,0.3,0.88,0.42,0.72,26.3,15.0,77.0,36.0,46.8,2.93,1.37,0.19,0.42,4.0,5.0,68.0,69.1,28,77.0,10,7,28.0,1,1.89,58.0,28.0,30.0,1.14,1.4,0.0,31.0,24.0,14.0,3.0,6.0,11.0,,,0.0,,,,,,,,,,,,,,,,True,alta,4,Nueve de área,1.8437792014597825
ITA-Serie A,2324,Milan,Rafael Leão,POR,"MF,FW",24.0,1999.0,34.0,29.0,2512.0,27.9,9.0,9.0,18.0,9.0,0.0,0.0,5.0,0.0,0.32,0.32,0.64,0.32,0.64,27.9,9.0,70.0,25.0,35.7,2.51,0.9,0.13,0.36,0.0,0.0,74.0,73.5,29,80.0,15,5,37.0,0,1.94,55.0,31.0,24.0,0.86,0.56,0.0,26.0,52.0,17.0,106.0,9.0,10.0,,,0.0,,,,,,,,,,,,,,,,True,alta,3,Extremo centrador,2.1135657415912323
ITA-Serie A,2324,Milan,Samuel Chukwueze,NGA,"MF,FW",24.0,1999.0,24.0,12.0,1017.0,11.3,1.0,3.0,4.0,1.0,0.0,0.0,1.0,0.0,0.09,0.27,0.35,0.09,0.35,11.3,1.0,28.0,8.0,28.6,2.48,0.71,0.04,0.13,0.0,0.0,42.0,29.7,12,67.0,2,12,18.0,3,2.08,25.0,17.0,8.0,0.71,0.0,0.0,7.0,12.0,7.0,21.0,6.0,7.0,,,0.0,,,,,,,,,,,,,,,,True,alta,3,Extremo centrador,2.0881544295334318
ITA-Serie A,2324,Monza,Dany Mota,POR,"MF,FW",25.0,1998.0,34.0,24.0,2049.0,22.8,4.0,3.0,7.0,4.0,0.0,0.0,3.0,0.0,0.18,0.13,0.31,0.18,0.31,22.8,4.0,38.0,12.0,31.6,1.67,0.53,0.11,0.33,0.0,0.0,60.0,59.9,24,72.0,6,10,33.0,1,1.18,22.0,35.0,-13.0,-0.57,-0.64,0.0,22.0,28.0,6.0,90.0,2.0,7.0,,,0.0,,,,,,,,,,,,,,,,True,alta,3,Extremo centrador,2.076719774587206
ITA-Serie A,2324,Monza,Lorenzo Colombo,ITA,FW,21.0,2002.0,25.0,16.0,1359.0,15.1,4.0,1.0,5.0,4.0,0.0,0.0,3.0,0.0,0.26,0.07,0.33,0.26,0.33,15.1,4.0,37.0,10.0,27.0,2.45,0.66,0.11,0.4,0.0,0.0,54.0,39.7,16,70.0,3,9,26.0,11,1.24,16.0,15.0,1.0,0.07,0.63,0.0,25.0,24.0,6.0,2.0,0.0,11.0,,,0.0,,,,,,,,,,,,,,,,True,alta,1,Nueve de choque,2.0202225508124276
ITA-Serie A,2324,Monza,Milan Đurić,BIH,FW,33.0,1990.0,17.0,13.0,1257.0,14.0,4.0,1.0,5.0,4.0,0.0,0.0,2.0,0.0,0.29,0.07,0.36,0.29,0.36,14.0,4.0,26.0,6.0,23.1,1.86,0.43,0.15,0.67,0.0,0.0,74.0,36.8,13,86.0,9,4,35.0,0,1.18,14.0,20.0,-6.0,-0.43,-0.18,0.0,23.0,26.0,1.0,1.0,0.0,4.0,,,0.0,,,,,,,,,,,,,,,,True,alta,1,Nueve de choque,3.097924257893192
ITA-Serie A,2324,Napoli,Giacomo Raspadori,ITA,FW,23.0,2000.0,37.0,14.0,1584.0,17.6,5.0,3.0,8.0,5.0,0.0,1.0,0.0,0.0,0.28,0.17,0.45,0.28,0.45,17.6,5.0,61.0,24.0,39.3,3.47,1.36,0.08,0.21,0.0,1.0,43.0,46.3,14,74.0,4,23,24.0,0,1.41,25.0,18.0,7.0,0.4,0.4,0.0,17.0,19.0,5.0,64.0,4.0,11.0,,,0.0,,,,,,,,,,,,,,,,True,alta,3,Extremo centrador,1.8214435992754971
ITA-Serie A,2324,Napoli,Giovanni Simeone,ARG,FW,28.0,1995.0,28.0,8.0,800.0,8.9,1.0,0.0,1.0,1.0,0.0,0.0,3.0,0.0,0.11,0.0,0.11,0.11,0.11,8.9,1.0,35.0,12.0,34.3,3.94,1.35,0.03,0.08,0.0,0.0,29.0,23.4,8,65.0,1,20,14.0,9,1.32,12.0,12.0,0.0,0.0,-0.24,0.0,11.0,13.0,6.0,6.0,1.0,4.0,,,0.0,,,,,,,,,,,,,,,,False,baja,1,Nueve de choque,2.3043994482276875
ITA-Serie A,2324,Napoli,Khvicha Kvaratskhelia,GEO,FW,22.0,2001.0,34.0,32.0,2737.0,30.4,11.0,6.0,17.0,11.0,0.0,0.0,8.0,0.0,0.36,0.2,0.56,0.36,0.56,30.4,11.0,129.0,45.0,34.9,4.24,1.48,0.09,0.24,0.0,0.0,81.0,80.0,32,83.0,14,2,34.0,0,1.41,47.0,40.0,7.0,0.23,0.23,0.0,25.0,80.0,4.0,99.0,13.0,22.0,,,0.0,,,,,,,,,,,,,,,,True,alta,0,Delantero asociativo,2.6892304600802692
ITA-Serie A,2324,Napoli,Matteo Politano,ITA,FW,29.0,1993.0,37.0,31.0,2360.0,26.2,8.0,7.0,15.0,6.0,2.0,3.0,2.0,1.0,0.31,0.27,0.57,0.23,0.5,26.2,8.0,75.0,19.0,25.3,2.86,0.72,0.11,0.42,2.0,3.0,64.0,69.0,31,70.0,1,6,34.0,0,1.41,38.0,34.0,4.0,0.15,-0.1,0.0,12.0,38.0,2.0,134.0,15.0,9.0,,,0.0,,,,,,,,,,,,,,,,True,alta,3,Extremo centrador,2.3550516897263414
ITA-Serie A,2324,Napoli,Victor Osimhen,NGA,FW,24.0,1998.0,25.0,22.0,1982.0,22.0,15.0,3.0,18.0,12.0,3.0,5.0,6.0,1.0,0.68,0.14,0.82,0.54,0.68,22.0,15.0,90.0,41.0,45.6,4.09,1.86,0.17,0.37,3.0,5.0,79.0,58.0,22,86.0,13,3,33.0,1,1.4,36.0,28.0,8.0,0.36,0.43,1.0,31.0,31.0,34.0,14.0,2.0,8.0,,,0.0,,,,,,,,,,,,,,,,True,alta,4,Nueve de área,2.248070271277502
ITA-Serie A,2324,Roma,Andrea Belotti,ITA,FW,29.0,1993.0,14.0,6.0,679.0,7.5,3.0,2.0,5.0,3.0,0.0,0.0,1.0,0.0,0.4,0.27,0.66,0.4,0.66,7.5,3.0,15.0,8.0,53.3,1.99,1.06,0.2,0.38,0.0,0.0,49.0,19.9,6,82.0,4,8,23.0,8,1.43,12.0,12.0,0.0,0.0,-0.62,0.0,14.0,25.0,8.0,4.0,1.0,4.0,,,0.0,,,,,,,,,,,,,,,,False,baja,0,Delantero asociativo,3.698356977936837
ITA-Serie A,2324,Roma,Houssem Aouar,ALG,"MF,FW",25.0,1998.0,16.0,9.0,756.0,8.4,4.0,0.0,4.0,4.0,0.0,0.0,3.0,0.0,0.48,0.0,0.48,0.48,0.48,8.4,4.0,12.0,7.0,58.3,1.43,0.83,0.33,0.57,0.0,0.0,47.0,22.1,9,70.0,2,7,18.0,14,1.69,12.0,9.0,3.0,0.36,-0.18,0.0,10.0,11.0,3.0,10.0,4.0,11.0,,,0.0,,,,,,,,,,,,,,,,False,baja,2,Extremo de presión,3.7742988601534373
ITA-Serie A,2324,Roma,Nicola Zalewski,POL,"MF,FW",21.0,2002.0,22.0,10.0,968.0,10.8,0.0,1.0,1.0,0.0,0.0,0.0,3.0,1.0,0.0,0.09,0.09,0.0,0.09,10.8,0.0,16.0,1.0,6.3,1.49,0.09,0.0,0.0,0.0,0.0,44.0,28.3,10,70.0,1,12,22.0,15,1.41,13.0,12.0,1.0,0.09,-0.57,1.0,14.0,27.0,1.0,38.0,8.0,13.0,,,0.0,,,,,,,,,,,,,,,,True,alta,2,Extremo de presión,3.5977258355200075
ITA-Serie A,2324,Roma,Paulo Dybala,ARG,"FW,MF",29.0,1993.0,28.0,25.0,1959.0,21.8,13.0,9.0,22.0,6.0,7.0,7.0,3.0,0.0,0.6,0.41,1.01,0.28,0.69,21.8,13.0,59.0,23.0,39.0,2.71,1.06,0.22,0.57,7.0,7.0,70.0,57.3,25,75.0,7,3,24.0,1,1.79,45.0,27.0,18.0,0.83,0.77,0.0,12.0,50.0,5.0,88.0,3.0,13.0,,,0.0,,,,,,,,,,,,,,,,True,alta,3,Extremo centrador,2.4932239716745372
ITA-Serie A,2324,Roma,Romelu Lukaku,BEL,FW,30.0,1993.0,32.0,30.0,2641.0,29.3,13.0,3.0,16.0,13.0,0.0,1.0,5.0,1.0,0.44,0.1,0.55,0.44,0.55,29.3,13.0,65.0,28.0,43.1,2.22,0.95,0.2,0.46,0.0,1.0,83.0,77.2,30,87.0,23,2,23.0,0,1.91,52.0,30.0,22.0,0.75,1.1,0.0,24.0,17.0,25.0,13.0,0.0,6.0,,,0.0,,,,,,,,,,,,,,,,True,alta,4,Nueve de área,1.9884943208171908
ITA-Serie A,2324,Roma,Sardar Azmoun,IRN,"FW,MF",28.0,1995.0,23.0,3.0,585.0,6.5,3.0,0.0,3.0,3.0,0.0,0.0,4.0,0.0,0.46,0.0,0.46,0.46,0.46,6.5,3.0,16.0,7.0,43.8,2.46,1.08,0.19,0.43,0.0,0.0,25.0,17.1,3,74.0,1,20,18.0,6,1.61,18.0,6.0,12.0,1.85,1.62,0.0,8.0,11.0,2.0,2.0,3.0,5.0,,,0.0,,,,,,,,,,,,,,,,False,baja,1,Nueve de choque,2.6782516389595163
ITA-Serie A,2324,Roma,Stephan El Shaarawy,ITA,"FW,MF",30.0,1992.0,33.0,19.0,1738.0,19.3,3.0,4.0,7.0,3.0,0.0,0.0,2.0,0.0,0.16,0.21,0.36,0.16,0.36,19.3,3.0,40.0,11.0,27.5,2.07,0.57,0.08,0.27,0.0,0.0,53.0,50.8,19,76.0,5,14,20.0,5,1.58,36.0,26.0,10.0,0.52,0.04,0.0,14.0,28.0,8.0,18.0,14.0,13.0,,,0.0,,,,,,,,,,,,,,,,True,alta,3,Extremo centrador,2.239531225602365
ITA-Serie A,2324,Roma,Tommaso Baldanzi,ITA,"MF,FW",20.0,2003.0,13.0,6.0,518.0,5.8,0.0,0.0,0.0,0.0,0.0,0.0,2.0,0.0,0.0,0.0,0.0,0.0,0.0,5.8,0.0,15.0,3.0,20.0,2.61,0.52,0.0,0.0,0.0,0.0,40.0,15.1,6,68.0,0,7,16.0,3,1.69,8.0,6.0,2.0,0.35,-0.18,0.0,7.0,14.0,1.0,5.0,0.0,5.0,,,0.0,,,,,,,,,,,,,,,,False,baja,1,Nueve de choque,3.9909223666367426
ITA-Serie A,2324,Salernitana,Boulaye Dia,SEN,"FW,MF",26.0,1996.0,17.0,12.0,1143.0,12.7,4.0,0.0,4.0,3.0,1.0,1.0,1.0,0.0,0.31,0.0,0.31,0.24,0.24,12.7,4.0,29.0,10.0,34.5,2.28,0.79,0.14,0.4,1.0,1.0,67.0,33.4,12,83.0,8,5,29.0,1,0.35,9.0,30.0,-21.0,-1.65,-0.55,0.0,11.0,24.0,3.0,1.0,3.0,2.0,,,0.0,,,,,,,,,,,,,,,,True,alta,1,Nueve de choque,2.510216068790287
ITA-Serie A,2324,Salernitana,Chukwubuikem Ikwuemesi,NGA,FW,21.0,2001.0,25.0,11.0,1061.0,11.8,1.0,1.0,2.0,1.0,0.0,0.0,2.0,0.0,0.08,0.08,0.17,0.08,0.17,11.8,1.0,22.0,8.0,36.4,1.87,0.68,0.05,0.13,0.0,0.0,42.0,31.0,11,71.0,2,14,20.0,6,0.56,11.0,26.0,-15.0,-1.27,0.02,0.0,35.0,20.0,9.0,2.0,1.0,1.0,,,0.0,,,,,,,,,,,,,,,,True,alta,1,Nueve de choque,2.8151756117415276
ITA-Serie A,2324,Salernitana,Jovane Cabral,CPV,"MF,FW",25.0,1998.0,12.0,8.0,678.0,7.5,1.0,0.0,1.0,1.0,0.0,0.0,1.0,0.0,0.13,0.0,0.13,0.13,0.13,7.5,1.0,25.0,9.0,36.0,3.32,1.19,0.04,0.11,0.0,0.0,57.0,19.8,8,78.0,3,4,14.0,3,0.33,2.0,14.0,-12.0,-1.59,-0.38,0.0,19.0,13.0,6.0,14.0,1.0,9.0,,,0.0,,,,,,,,,,,,,,,,False,baja,1,Nueve de choque,3.092077993654069
ITA-Serie A,2324,Salernitana,Loum Tchaouna,FRA,"MF,FW",19.0,2003.0,33.0,23.0,2100.0,23.3,4.0,3.0,7.0,4.0,0.0,0.0,4.0,0.0,0.17,0.13,0.3,0.17,0.3,23.3,4.0,44.0,15.0,34.1,1.89,0.64,0.09,0.27,0.0,0.0,64.0,61.4,23,81.0,14,10,23.0,2,0.33,25.0,53.0,-28.0,-1.2,0.23,0.0,15.0,30.0,6.0,69.0,5.0,10.0,,,0.0,,,,,,,,,,,,,,,,True,alta,3,Extremo centrador,1.1845681100455934
ITA-Serie A,2324,Salernitana,Shon Weissman,ISR,FW,27.0,1996.0,11.0,5.0,494.0,5.5,1.0,0.0,1.0,1.0,0.0,0.0,0.0,0.0,0.18,0.0,0.18,0.18,0.18,5.5,1.0,6.0,1.0,16.7,1.09,0.18,0.17,1.0,0.0,0.0,45.0,14.4,5,64.0,0,6,29.0,4,0.18,5.0,14.0,-9.0,-1.64,-0.41,0.0,3.0,10.0,0.0,0.0,3.0,3.0,,,0.0,,,,,,,,,,,,,,,,False,baja,2,Extremo de presión,4.047981563007045
ITA-Serie A,2324,Salernitana,Simeon Nwankwo,NGA,FW,31.0,1992.0,15.0,6.0,686.0,7.6,3.0,0.0,3.0,3.0,0.0,0.0,0.0,0.0,0.39,0.0,0.39,0.39,0.39,7.6,3.0,13.0,7.0,53.8,1.71,0.92,0.23,0.43,0.0,0.0,46.0,20.1,6,84.0,2,9,20.0,10,0.4,10.0,13.0,-3.0,-0.39,1.12,0.0,11.0,17.0,2.0,0.0,0.0,3.0,,,0.0,,,,,,,,,,,,,,,,False,baja,1,Nueve de choque,3.3625615471169388
ITA-Serie A,2324,Sassuolo,Andrea Pinamonti,ITA,FW,24.0,1999.0,38.0,37.0,3076.0,34.2,11.0,1.0,12.0,9.0,2.0,3.0,4.0,0.0,0.32,0.03,0.35,0.26,0.29,34.2,11.0,84.0,22.0,26.2,2.46,0.64,0.13,0.5,2.0,3.0,81.0,89.9,37,83.0,13,1,8.0,0,0.79,40.0,63.0,-23.0,-0.67,1.68,0.0,21.0,52.0,9.0,10.0,1.0,9.0,,,0.0,,,,,,,,,,,,,,,,True,alta,1,Nueve de choque,2.732584279911326
ITA-Serie A,2324,Sassuolo,Armand Lauriente,FRA,"MF,FW",24.0,1998.0,37.0,35.0,2908.0,32.3,5.0,4.0,9.0,5.0,0.0,0.0,5.0,0.0,0.15,0.12,0.28,0.15,0.28,32.3,5.0,84.0,30.0,35.7,2.6,0.93,0.06,0.17,0.0,0.0,79.0,85.0,35,82.0,15,2,18.0,0,0.81,37.0,55.0,-18.0,-0.56,1.9,0.0,34.0,55.0,4.0,134.0,18.0,21.0,,,0.0,,,,,,,,,,,,,,,,True,alta,3,Extremo centrador,1.7934846913598406
ITA-Serie A,2324,Sassuolo,Cristian Volpato,AUS,"MF,FW",19.0,2003.0,22.0,5.0,645.0,7.2,1.0,0.0,1.0,1.0,0.0,0.0,1.0,0.0,0.14,0.0,0.14,0.14,0.14,7.2,1.0,12.0,7.0,58.3,1.67,0.98,0.08,0.14,0.0,0.0,29.0,18.9,5,58.0,0,17,21.0,15,0.27,8.0,16.0,-8.0,-1.12,-0.34,0.0,15.0,9.0,0.0,48.0,2.0,8.0,,,0.0,,,,,,,,,,,,,,,,False,baja,2,Extremo de presión,3.9386187585618218
ITA-Serie A,2324,Sassuolo,Domenico Berardi,ITA,"MF,FW",28.0,1994.0,17.0,17.0,1431.0,15.9,9.0,3.0,12.0,4.0,5.0,5.0,6.0,0.0,0.57,0.19,0.75,0.25,0.44,15.9,9.0,51.0,24.0,47.1,3.21,1.51,0.18,0.38,5.0,5.0,84.0,41.8,17,84.0,10,0,,1,1.12,23.0,27.0,-4.0,-0.25,1.02,0.0,28.0,28.0,4.0,73.0,13.0,6.0,,,0.0,,,,,,,,,,,,,,,,True,alta,0,Delantero asociativo,2.3148420060312196
ITA-Serie A,2324,Sassuolo,Grégoire Defrel,MTQ,"MF,FW",32.0,1991.0,20.0,7.0,757.0,8.4,1.0,2.0,3.0,1.0,0.0,0.0,0.0,0.0,0.12,0.24,0.36,0.12,0.36,8.4,1.0,12.0,3.0,25.0,1.43,0.36,0.08,0.33,0.0,0.0,38.0,22.1,7,72.0,0,13,20.0,6,0.8,8.0,14.0,-6.0,-0.71,0.17,0.0,9.0,8.0,1.0,2.0,4.0,7.0,,,0.0,,,,,,,,,,,,,,,,False,baja,2,Extremo de presión,2.9315114701629423
ITA-Serie A,2324,Sassuolo,Nedim Bajrami,ALB,"MF,FW",24.0,1999.0,28.0,15.0,1310.0,14.6,2.0,2.0,4.0,2.0,0.0,0.0,0.0,0.0,0.14,0.14,0.27,0.14,0.27,14.6,2.0,32.0,9.0,28.1,2.2,0.62,0.06,0.22,0.0,0.0,47.0,38.3,15,66.0,1,13,24.0,8,0.82,20.0,35.0,-15.0,-1.03,-0.31,0.0,12.0,6.0,4.0,77.0,5.0,6.0,,,0.0,,,,,,,,,,,,,,,,True,alta,3,Extremo centrador,2.151763251158343
ITA-Serie A,2324,Sassuolo,Samu Castillejo,ESP,"MF,FW",28.0,1995.0,17.0,6.0,536.0,6.0,0.0,0.0,0.0,0.0,0.0,0.0,2.0,0.0,0.0,0.0,0.0,0.0,0.0,6.0,0.0,6.0,2.0,33.3,1.01,0.34,0.0,0.0,0.0,0.0,32.0,15.7,6,60.0,0,11,16.0,8,0.71,8.0,12.0,-4.0,-0.67,0.2,0.0,11.0,18.0,1.0,34.0,1.0,10.0,,,0.0,,,,,,,,,,,,,,,,False,baja,2,Extremo de presión,3.5069161056164764
ITA-Serie A,2324,Sassuolo,Samuele Mulattieri,ITA,FW,22.0,2000.0,27.0,1.0,462.0,5.1,0.0,0.0,0.0,0.0,0.0,0.0,1.0,0.0,0.0,0.0,0.0,0.0,0.0,5.1,0.0,13.0,5.0,38.5,2.53,0.97,0.0,0.0,0.0,0.0,17.0,13.5,1,82.0,0,26,15.0,10,0.59,6.0,18.0,-12.0,-2.34,-1.73,0.0,7.0,5.0,0.0,0.0,1.0,1.0,,,0.0,,,,,,,,,,,,,,,,False,baja,1,Nueve de choque,3.853050179919469
ITA-Serie A,2324,Torino,Antonio Sanabria,PAR,FW,27.0,1996.0,35.0,23.0,2133.0,23.7,5.0,0.0,5.0,3.0,2.0,2.0,2.0,0.0,0.21,0.0,0.21,0.13,0.13,23.7,5.0,54.0,16.0,29.6,2.28,0.68,0.09,0.31,2.0,2.0,61.0,62.4,23,80.0,10,12,24.0,2,1.31,23.0,21.0,2.0,0.08,0.22,0.0,25.0,33.0,3.0,6.0,7.0,15.0,,,0.0,,,,,,,,,,,,,,,,True,alta,2,Extremo de presión,2.650460555482502
ITA-Serie A,2324,Torino,Duván Zapata,COL,FW,32.0,1991.0,35.0,34.0,2880.0,32.0,12.0,4.0,16.0,12.0,0.0,0.0,2.0,0.0,0.37,0.12,0.5,0.37,0.5,32.0,12.0,99.0,38.0,38.4,3.09,1.19,0.12,0.32,0.0,0.0,82.0,84.2,34,84.0,21,1,27.0,0,1.49,31.0,26.0,5.0,0.16,0.99,0.0,53.0,67.0,22.0,50.0,7.0,7.0,,,0.0,,,,,,,,,,,,,,,,True,alta,1,Nueve de choque,1.910325663466825
ITA-Serie A,2324,Torino,Pietro Pellegri,ITA,"FW,MF",22.0,2001.0,24.0,7.0,756.0,8.4,1.0,1.0,2.0,1.0,0.0,0.0,3.0,0.0,0.12,0.12,0.24,0.12,0.24,8.4,1.0,13.0,4.0,30.8,1.55,0.48,0.08,0.25,0.0,0.0,32.0,22.1,7,65.0,0,17,18.0,7,1.42,9.0,12.0,-3.0,-0.36,-0.46,0.0,16.0,22.0,6.0,5.0,2.0,1.0,,,0.0,,,,,,,,,,,,,,,,False,baja,1,Nueve de choque,2.7925871211301243
ITA-Serie A,2324,Udinese,Florian Thauvin,FRA,FW,30.0,1993.0,29.0,19.0,1710.0,19.0,5.0,3.0,8.0,4.0,1.0,1.0,4.0,0.0,0.26,0.16,0.42,0.21,0.37,19.0,5.0,48.0,15.0,31.3,2.53,0.79,0.1,0.33,1.0,1.0,59.0,50.0,19,79.0,4,10,20.0,3,0.9,15.0,28.0,-13.0,-0.68,-0.53,0.0,14.0,26.0,6.0,79.0,3.0,5.0,,,0.0,,,,,,,,,,,,,,,,True,alta,3,Extremo centrador,1.6642917475307986
ITA-Serie A,2324,Udinese,Isaac Success,NGA,"FW,MF",27.0,1996.0,27.0,9.0,880.0,9.8,1.0,1.0,2.0,1.0,0.0,1.0,4.0,0.0,0.1,0.1,0.2,0.1,0.2,9.8,1.0,19.0,5.0,26.3,1.94,0.51,0.05,0.2,0.0,1.0,33.0,25.7,9,62.0,2,18,18.0,9,1.0,11.0,15.0,-4.0,-0.41,0.02,0.0,27.0,34.0,1.0,2.0,2.0,4.0,,,0.0,,,,,,,,,,,,,,,,False,baja,2,Extremo de presión,3.844713685646895
ITA-Serie A,2324,Udinese,Lorenzo Lucca,ITA,FW,22.0,2000.0,37.0,30.0,2592.0,28.8,8.0,4.0,12.0,8.0,0.0,0.0,6.0,0.0,0.28,0.14,0.42,0.28,0.42,28.8,8.0,61.0,26.0,42.6,2.12,0.9,0.13,0.31,0.0,0.0,70.0,75.8,30,80.0,13,7,26.0,0,1.0,28.0,38.0,-10.0,-0.35,0.3,0.0,52.0,54.0,21.0,8.0,4.0,11.0,,,0.0,,,,,,,,,,,,,,,,True,alta,1,Nueve de choque,1.4580081109908185
ITA-Serie A,2324,Udinese,Roberto Pereyra,ARG,"FW,MF",32.0,1991.0,27.0,22.0,1858.0,20.6,4.0,3.0,7.0,3.0,1.0,1.0,6.0,0.0,0.19,0.15,0.34,0.15,0.29,20.6,4.0,28.0,9.0,32.1,1.36,0.44,0.14,0.44,1.0,1.0,69.0,54.3,22,80.0,13,5,20.0,4,0.93,25.0,30.0,-5.0,-0.24,0.39,0.0,23.0,32.0,6.0,24.0,7.0,10.0,,,0.0,,,,,,,,,,,,,,,,True,alta,2,Extremo de presión,1.9312420387856926
GER-Bundesliga,2324,Augsburg,Arne Maier,GER,"MF,FW",24.0,1999.0,22.0,10.0,1003.0,11.1,2.0,4.0,6.0,2.0,0.0,0.0,0.0,0.0,0.18,0.36,0.54,0.18,0.54,11.1,2.0,22.0,5.0,22.7,1.97,0.45,0.09,0.4,0.0,0.0,46.0,32.8,10,77.0,3,12,19.0,5,1.0,20.0,19.0,1.0,0.09,0.57,0.0,4.0,4.0,0.0,83.0,6.0,9.0,,,0.0,,,,,,,,,,,,,,,,True,alta,3,Extremo centrador,3.4001378495830066
GER-Bundesliga,2324,Augsburg,Dion Drena Beljo,CRO,"FW,MF",21.0,2002.0,26.0,3.0,581.0,6.5,2.0,0.0,2.0,2.0,0.0,0.0,2.0,0.0,0.31,0.0,0.31,0.31,0.31,6.5,2.0,19.0,9.0,47.4,2.94,1.39,0.11,0.22,0.0,0.0,22.0,19.0,3,74.0,1,23,16.0,5,1.12,10.0,14.0,-4.0,-0.62,-0.4,0.0,9.0,7.0,6.0,3.0,1.0,0.0,,,0.0,,,,,,,,,,,,,,,,False,baja,4,Nueve de área,2.5225481670037757
GER-Bundesliga,2324,Augsburg,Ermedin Demirović,BIH,"FW,MF",25.0,1998.0,33.0,33.0,2873.0,31.9,15.0,9.0,24.0,12.0,3.0,4.0,7.0,0.0,0.47,0.28,0.75,0.38,0.66,31.9,15.0,82.0,36.0,43.9,2.57,1.13,0.18,0.42,3.0,4.0,87.0,93.9,33,87.0,23,0,,0,1.15,47.0,56.0,-9.0,-0.28,0.2,0.0,60.0,35.0,16.0,10.0,11.0,14.0,,,0.0,,,,,,,,,,,,,,,,True,alta,0,Delantero asociativo,2.1076683285062927
GER-Bundesliga,2324,Augsburg,Phillip Tietz,GER,FW,26.0,1997.0,34.0,31.0,2382.0,26.5,8.0,4.0,12.0,8.0,0.0,0.0,1.0,0.0,0.3,0.15,0.45,0.3,0.45,26.5,8.0,52.0,19.0,36.5,1.96,0.72,0.15,0.42,0.0,0.0,70.0,77.8,31,74.0,4,3,30.0,0,1.15,41.0,45.0,-4.0,-0.15,0.65,0.0,41.0,17.0,16.0,7.0,5.0,14.0,,,0.0,,,,,,,,,,,,,,,,True,alta,1,Nueve de choque,2.1171042682457366
GER-Bundesliga,2324,Augsburg,Ruben Vargas,SUI,"MF,FW",24.0,1998.0,31.0,25.0,1962.0,21.8,4.0,5.0,9.0,4.0,0.0,0.0,3.0,0.0,0.18,0.23,0.41,0.18,0.41,21.8,4.0,49.0,17.0,34.7,2.25,0.78,0.08,0.24,0.0,0.0,63.0,64.1,25,72.0,3,6,26.0,0,1.16,32.0,41.0,-9.0,-0.41,-0.33,0.0,33.0,28.0,17.0,63.0,5.0,13.0,,,0.0,,,,,,,,,,,,,,,,True,alta,3,Extremo centrador,2.2316136366999033
GER-Bundesliga,2324,Augsburg,Sven Michel,GER,"FW,MF",33.0,1990.0,22.0,5.0,583.0,6.5,2.0,1.0,3.0,1.0,1.0,2.0,2.0,0.0,0.31,0.15,0.46,0.15,0.31,6.5,2.0,14.0,7.0,50.0,2.16,1.08,0.14,0.29,1.0,2.0,27.0,19.1,5,64.0,0,17,15.0,8,1.09,12.0,15.0,-3.0,-0.46,-0.21,0.0,11.0,4.0,4.0,11.0,0.0,5.0,,,0.0,,,,,,,,,,,,,,,,False,baja,1,Nueve de choque,3.2441671522506708
GER-Bundesliga,2324,Bayern Munich,Harry Kane,ENG,FW,30.0,1993.0,32.0,32.0,2839.0,31.5,36.0,8.0,44.0,31.0,5.0,5.0,2.0,0.0,1.14,0.25,1.39,0.98,1.24,31.5,36.0,146.0,67.0,45.9,4.63,2.12,0.25,0.54,5.0,5.0,89.0,92.8,32,89.0,27,0,,0,2.16,85.0,39.0,46.0,1.46,0.24,0.0,10.0,39.0,13.0,30.0,8.0,9.0,,,0.0,,,,,,,,,,,,,,,,True,alta,4,Nueve de área,3.2754148364027933
GER-Bundesliga,2324,Bayern Munich,Mathys Tel,FRA,"MF,FW",18.0,2005.0,30.0,6.0,1050.0,11.7,7.0,5.0,12.0,7.0,0.0,0.0,2.0,0.0,0.6,0.43,1.03,0.6,1.03,11.7,7.0,43.0,18.0,41.9,3.69,1.54,0.16,0.39,0.0,0.0,35.0,34.3,6,85.0,4,24,22.0,4,2.1,37.0,17.0,20.0,1.71,0.42,0.0,18.0,15.0,3.0,19.0,7.0,3.0,,,0.0,,,,,,,,,,,,,,,,True,alta,0,Delantero asociativo,2.3314195625675276
GER-Bundesliga,2324,Bochum,Christopher Antwi-Adjei,GHA,"FW,MF",29.0,1994.0,25.0,11.0,1216.0,13.5,2.0,2.0,4.0,2.0,0.0,0.0,5.0,0.0,0.15,0.15,0.3,0.15,0.3,13.5,2.0,29.0,9.0,31.0,2.15,0.67,0.07,0.22,0.0,0.0,49.0,39.7,11,76.0,1,14,27.0,2,1.0,18.0,28.0,-10.0,-0.74,0.33,0.0,13.0,17.0,18.0,53.0,2.0,12.0,,,0.0,,,,,,,,,,,,,,,,True,alta,3,Extremo centrador,2.916574762353849
GER-Bundesliga,2324,Bochum,Gonçalo Paciência,POR,FW,28.0,1994.0,19.0,6.0,650.0,7.2,3.0,1.0,4.0,3.0,0.0,0.0,3.0,0.0,0.42,0.14,0.55,0.42,0.55,7.2,3.0,39.0,13.0,33.3,5.4,1.8,0.08,0.23,0.0,0.0,34.0,21.2,6,67.0,0,13,19.0,8,0.79,13.0,14.0,-1.0,-0.14,1.02,0.0,9.0,22.0,2.0,10.0,0.0,4.0,,,0.0,,,,,,,,,,,,,,,,False,baja,0,Delantero asociativo,4.130481263244268
GER-Bundesliga,2324,Bochum,Lukas Daschner,GER,"FW,MF",24.0,1998.0,20.0,3.0,536.0,6.0,1.0,1.0,2.0,1.0,0.0,0.0,2.0,0.0,0.17,0.17,0.34,0.17,0.34,6.0,1.0,13.0,6.0,46.2,2.18,1.01,0.08,0.17,0.0,0.0,27.0,17.5,3,73.0,0,17,19.0,13,0.7,8.0,16.0,-8.0,-1.34,-0.49,0.0,4.0,9.0,0.0,20.0,2.0,5.0,,,0.0,,,,,,,,,,,,,,,,False,baja,3,Extremo centrador,2.0936942622165815
GER-Bundesliga,2324,Bochum,Matúš Bero,SVK,"MF,FW",27.0,1995.0,24.0,20.0,1661.0,18.5,1.0,1.0,2.0,1.0,0.0,0.0,6.0,0.0,0.05,0.05,0.11,0.05,0.11,18.5,1.0,30.0,6.0,20.0,1.63,0.33,0.03,0.17,0.0,0.0,69.0,54.3,20,78.0,8,4,25.0,0,0.96,24.0,44.0,-20.0,-1.08,-0.31,0.0,39.0,20.0,5.0,15.0,12.0,23.0,,,0.0,,,,,,,,,,,,,,,,True,alta,2,Extremo de presión,2.5332546629983836
GER-Bundesliga,2324,Bochum,Moritz Broschinski,GER,"FW,MF",22.0,2000.0,26.0,14.0,1247.0,13.9,2.0,3.0,5.0,2.0,0.0,0.0,4.0,0.0,0.14,0.22,0.36,0.14,0.36,13.9,2.0,26.0,8.0,30.8,1.88,0.58,0.08,0.25,0.0,0.0,48.0,40.8,14,71.0,3,12,21.0,4,1.12,20.0,26.0,-6.0,-0.43,0.86,0.0,31.0,13.0,11.0,12.0,0.0,7.0,,,0.0,,,,,,,,,,,,,,,,True,alta,1,Nueve de choque,2.7637540833942786
GER-Bundesliga,2324,Bochum,Philipp Hofmann,GER,FW,30.0,1993.0,29.0,18.0,1571.0,17.5,4.0,2.0,6.0,4.0,0.0,0.0,1.0,0.0,0.23,0.11,0.34,0.23,0.34,17.5,4.0,39.0,15.0,38.5,2.23,0.86,0.1,0.27,0.0,0.0,54.0,51.3,18,72.0,4,11,25.0,2,0.86,24.0,39.0,-15.0,-0.86,0.17,0.0,19.0,26.0,4.0,3.0,5.0,5.0,,,0.0,,,,,,,,,,,,,,,,True,alta,1,Nueve de choque,1.8724998634190904
GER-Bundesliga,2324,Bochum,Takuma Asano,JPN,"FW,MF",28.0,1994.0,29.0,26.0,1986.0,22.1,6.0,1.0,7.0,6.0,0.0,0.0,2.0,0.0,0.27,0.05,0.32,0.27,0.32,22.1,6.0,65.0,24.0,36.9,2.95,1.09,0.09,0.25,0.0,0.0,68.0,64.9,26,74.0,5,3,21.0,0,0.86,26.0,53.0,-27.0,-1.22,-0.8,0.0,14.0,22.0,23.0,38.0,4.0,6.0,,,0.0,,,,,,,,,,,,,,,,True,alta,4,Nueve de área,2.4846758590802787
GER-Bundesliga,2324,Darmstadt 98,Aaron Seydel,GER,FW,27.0,1996.0,16.0,5.0,619.0,6.9,1.0,0.0,1.0,1.0,0.0,0.0,1.0,0.0,0.15,0.0,0.15,0.15,0.15,6.9,1.0,14.0,6.0,42.9,2.04,0.87,0.07,0.17,0.0,0.0,39.0,20.2,5,72.0,2,11,23.0,2,0.5,6.0,15.0,-9.0,-1.31,0.42,0.0,9.0,7.0,2.0,1.0,1.0,3.0,,,0.0,,,,,,,,,,,,,,,,False,baja,1,Nueve de choque,2.18697114035494
GER-Bundesliga,2324,Darmstadt 98,Luca Pfeiffer,GER,"FW,MF",26.0,1996.0,24.0,20.0,1619.0,18.0,1.0,4.0,5.0,1.0,0.0,0.0,3.0,0.0,0.06,0.22,0.28,0.06,0.28,18.0,1.0,48.0,19.0,39.6,2.67,1.06,0.02,0.05,0.0,0.0,67.0,52.9,20,77.0,9,4,20.0,6,0.46,20.0,37.0,-17.0,-0.95,1.49,0.0,28.0,26.0,1.0,5.0,2.0,8.0,,,0.0,,,,,,,,,,,,,,,,True,alta,1,Nueve de choque,3.0356740393366453
GER-Bundesliga,2324,Darmstadt 98,Mathias Honsak,AUT,"MF,FW",26.0,1996.0,23.0,10.0,1021.0,11.3,1.0,1.0,2.0,1.0,0.0,0.0,1.0,0.0,0.09,0.09,0.18,0.09,0.18,11.3,1.0,23.0,6.0,26.1,2.03,0.53,0.04,0.17,0.0,0.0,44.0,33.4,10,73.0,2,13,22.0,0,0.57,9.0,39.0,-30.0,-2.64,-1.5,0.0,14.0,11.0,3.0,10.0,9.0,6.0,,,0.0,,,,,,,,,,,,,,,,True,alta,2,Extremo de presión,2.382652294964039
GER-Bundesliga,2324,Darmstadt 98,Oscar Vilhelmsson,SWE,FW,19.0,2003.0,26.0,16.0,1374.0,15.3,4.0,1.0,5.0,4.0,0.0,0.0,2.0,0.0,0.26,0.07,0.33,0.26,0.33,15.3,4.0,28.0,11.0,39.3,1.83,0.72,0.14,0.36,0.0,0.0,53.0,44.9,16,73.0,5,10,21.0,2,0.31,12.0,37.0,-25.0,-1.64,0.02,0.0,32.0,28.0,7.0,12.0,3.0,5.0,,,0.0,,,,,,,,,,,,,,,,True,alta,1,Nueve de choque,1.4007872026681607
GER-Bundesliga,2324,Darmstadt 98,Tim Skarke,GER,"FW,MF",26.0,1996.0,30.0,29.0,2404.0,26.7,8.0,0.0,8.0,8.0,0.0,0.0,7.0,0.0,0.3,0.0,0.3,0.3,0.3,26.7,8.0,69.0,20.0,29.0,2.58,0.75,0.12,0.4,0.0,0.0,80.0,78.6,29,82.0,13,1,32.0,0,0.57,22.0,69.0,-47.0,-1.76,-0.52,0.0,31.0,40.0,17.0,96.0,6.0,15.0,,,0.0,,,,,,,,,,,,,,,,True,alta,1,Nueve de choque,2.4949324275741844
GER-Bundesliga,2324,Dortmund,Donyell Malen,NED,"MF,FW",24.0,1999.0,27.0,21.0,1781.0,19.8,13.0,1.0,14.0,13.0,0.0,0.0,5.0,0.0,0.66,0.05,0.71,0.66,0.71,19.8,13.0,72.0,36.0,50.0,3.64,1.82,0.18,0.36,0.0,0.0,66.0,58.2,21,77.0,10,6,29.0,2,2.0,43.0,25.0,18.0,0.91,0.42,0.0,11.0,24.0,3.0,38.0,2.0,7.0,,,0.0,,,,,,,,,,,,,,,,True,alta,4,Nueve de área,2.9460218341343554
GER-Bundesliga,2324,Dortmund,Jadon Sancho,ENG,"MF,FW",23.0,2000.0,14.0,11.0,947.0,10.5,2.0,2.0,4.0,2.0,0.0,0.0,1.0,0.0,0.19,0.19,0.38,0.19,0.38,10.5,2.0,9.0,4.0,44.4,0.86,0.38,0.22,0.5,0.0,0.0,68.0,30.9,11,78.0,2,3,28.0,2,1.86,19.0,11.0,8.0,0.76,0.04,0.0,3.0,10.0,3.0,29.0,4.0,4.0,,,0.0,,,,,,,,,,,,,,,,True,alta,3,Extremo centrador,2.7899282200380755
GER-Bundesliga,2324,Dortmund,Jamie Gittens,ENG,"MF,FW",18.0,2004.0,25.0,14.0,1058.0,11.8,1.0,4.0,5.0,1.0,0.0,0.0,1.0,0.0,0.09,0.34,0.43,0.09,0.43,11.8,1.0,43.0,11.0,25.6,3.66,0.94,0.02,0.09,0.0,0.0,42.0,34.6,14,62.0,1,11,18.0,9,1.84,25.0,12.0,13.0,1.11,0.57,0.0,12.0,25.0,0.0,14.0,4.0,9.0,,,0.0,,,,,,,,,,,,,,,,True,alta,3,Extremo centrador,3.371580250612812
GER-Bundesliga,2324,Dortmund,Karim Adeyemi,GER,"FW,MF",21.0,2002.0,21.0,10.0,913.0,10.1,3.0,1.0,4.0,3.0,0.0,0.0,6.0,1.0,0.3,0.1,0.39,0.3,0.39,10.1,3.0,23.0,10.0,43.5,2.27,0.99,0.13,0.3,0.0,0.0,43.0,29.8,10,64.0,1,11,25.0,3,1.76,19.0,16.0,3.0,0.3,-0.63,1.0,20.0,19.0,1.0,24.0,3.0,14.0,,,0.0,,,,,,,,,,,,,,,,True,alta,2,Extremo de presión,2.2893590148459144
GER-Bundesliga,2324,Dortmund,Niclas Füllkrug,GER,FW,30.0,1993.0,29.0,27.0,2212.0,24.6,12.0,8.0,20.0,9.0,3.0,3.0,1.0,0.0,0.49,0.33,0.81,0.37,0.69,24.6,12.0,53.0,27.0,50.9,2.16,1.1,0.23,0.44,3.0,3.0,76.0,72.3,27,80.0,10,2,23.0,2,1.83,47.0,31.0,16.0,0.65,-0.3,0.0,26.0,37.0,11.0,5.0,2.0,1.0,,,0.0,,,,,,,,,,,,,,,,True,alta,4,Nueve de área,2.362528776323156
GER-Bundesliga,2324,Dortmund,Youssoufa Moukoko,GER,FW,18.0,2004.0,20.0,4.0,625.0,6.9,5.0,0.0,5.0,5.0,0.0,0.0,1.0,0.0,0.72,0.0,0.72,0.72,0.72,6.9,5.0,14.0,7.0,50.0,2.02,1.01,0.36,0.71,0.0,0.0,31.0,20.4,4,80.0,2,16,19.0,10,1.6,18.0,11.0,7.0,1.01,0.34,0.0,8.0,2.0,7.0,3.0,2.0,1.0,,,0.0,,,,,,,,,,,,,,,,False,baja,4,Nueve de área,3.0724996294804945
GER-Bundesliga,2324,Frankfurt,Ansgar Knauff,GER,"MF,FW",21.0,2002.0,31.0,24.0,2109.0,23.4,7.0,2.0,9.0,7.0,0.0,0.0,7.0,1.0,0.3,0.09,0.38,0.3,0.38,23.4,7.0,37.0,13.0,35.1,1.58,0.55,0.19,0.54,0.0,0.0,68.0,68.9,24,78.0,5,7,35.0,1,1.35,35.0,37.0,-2.0,-0.09,-0.37,1.0,32.0,24.0,2.0,46.0,17.0,28.0,,,0.0,,,,,,,,,,,,,,,,True,alta,2,Extremo de presión,2.0349723785571774
GER-Bundesliga,2324,Frankfurt,Fares Chaïbi,ALG,"MF,FW",20.0,2002.0,28.0,21.0,1912.0,21.2,2.0,4.0,6.0,2.0,0.0,0.0,2.0,0.0,0.09,0.19,0.28,0.09,0.28,21.2,2.0,40.0,14.0,35.0,1.88,0.66,0.05,0.14,0.0,0.0,68.0,62.5,21,79.0,6,7,35.0,1,1.36,37.0,37.0,0.0,0.0,-0.08,0.0,15.0,11.0,9.0,174.0,5.0,17.0,,,0.0,,,,,,,,,,,,,,,,True,alta,3,Extremo centrador,2.178963606591298
GER-Bundesliga,2324,Frankfurt,Hugo Ekitike,FRA,FW,21.0,2002.0,14.0,7.0,716.0,8.0,4.0,2.0,6.0,4.0,0.0,0.0,3.0,0.0,0.5,0.25,0.75,0.5,0.75,8.0,4.0,30.0,10.0,33.3,3.77,1.26,0.13,0.4,0.0,0.0,51.0,23.4,7,78.0,0,7,24.0,0,1.07,9.0,16.0,-7.0,-0.88,-1.19,0.0,12.0,12.0,6.0,10.0,2.0,7.0,,,0.0,,,,,,,,,,,,,,,,False,baja,0,Delantero asociativo,2.1139459013460975
GER-Bundesliga,2324,Frankfurt,Omar Marmoush,EGY,"FW,MF",24.0,1999.0,29.0,27.0,2301.0,25.6,12.0,6.0,18.0,10.0,2.0,2.0,7.0,0.0,0.47,0.23,0.7,0.39,0.63,25.6,12.0,78.0,33.0,42.3,3.05,1.29,0.15,0.36,2.0,2.0,79.0,75.2,27,83.0,15,2,26.0,0,1.38,43.0,41.0,2.0,0.08,0.2,0.0,28.0,74.0,12.0,32.0,11.0,10.0,,,0.0,,,,,,,,,,,,,,,,True,alta,0,Delantero asociativo,1.8256765229748284
GER-Bundesliga,2324,Freiburg,Lucas Höler,GER,"FW,MF",29.0,1994.0,33.0,26.0,2305.0,25.6,7.0,2.0,9.0,6.0,1.0,2.0,7.0,0.0,0.27,0.08,0.35,0.23,0.31,25.6,7.0,34.0,18.0,52.9,1.33,0.7,0.21,0.39,1.0,2.0,70.0,75.3,26,83.0,10,7,21.0,0,1.18,31.0,50.0,-19.0,-0.74,-1.46,0.0,25.0,48.0,7.0,13.0,14.0,24.0,,,0.0,,,,,,,,,,,,,,,,True,alta,2,Extremo de presión,2.6460420376628697
GER-Bundesliga,2324,Freiburg,Merlin Röhl,GER,"MF,FW",21.0,2002.0,24.0,17.0,1477.0,16.4,2.0,4.0,6.0,2.0,0.0,0.0,3.0,1.0,0.12,0.24,0.37,0.12,0.37,16.4,2.0,24.0,8.0,33.3,1.46,0.49,0.08,0.25,0.0,0.0,62.0,48.3,17,74.0,3,7,31.0,3,1.29,21.0,29.0,-8.0,-0.49,-0.2,0.0,35.0,28.0,2.0,16.0,9.0,13.0,,,0.0,,,,,,,,,,,,,,,,True,alta,2,Extremo de presión,1.9799136699186481
GER-Bundesliga,2324,Freiburg,Michael Gregoritsch,AUT,FW,29.0,1994.0,32.0,19.0,1682.0,18.7,7.0,4.0,11.0,7.0,0.0,0.0,2.0,0.0,0.37,0.21,0.59,0.37,0.59,18.7,7.0,72.0,31.0,43.1,3.85,1.66,0.1,0.23,0.0,0.0,53.0,55.0,19,75.0,6,13,20.0,0,1.28,29.0,25.0,4.0,0.21,1.32,0.0,17.0,19.0,6.0,11.0,8.0,12.0,,,0.0,,,,,,,,,,,,,,,,True,alta,0,Delantero asociativo,1.9037965848733358
GER-Bundesliga,2324,Freiburg,Roland Sallai,HUN,"MF,FW",26.0,1997.0,27.0,22.0,1840.0,20.4,3.0,2.0,5.0,3.0,0.0,1.0,6.0,0.0,0.15,0.1,0.24,0.15,0.24,20.4,3.0,56.0,19.0,33.9,2.74,0.93,0.05,0.16,0.0,1.0,68.0,60.1,22,79.0,5,5,21.0,0,1.33,26.0,35.0,-9.0,-0.44,-0.15,0.0,41.0,42.0,11.0,75.0,5.0,11.0,,,0.0,,,,,,,,,,,,,,,,True,alta,1,Nueve de choque,2.3865882499707483
GER-Bundesliga,2324,Gladbach,Alassane Pléa,FRA,"FW,MF",30.0,1993.0,27.0,24.0,1913.0,21.3,7.0,4.0,11.0,6.0,1.0,1.0,1.0,0.0,0.33,0.19,0.52,0.28,0.47,21.3,7.0,58.0,19.0,32.8,2.73,0.89,0.12,0.37,1.0,1.0,71.0,62.5,24,75.0,5,3,34.0,0,1.0,37.0,41.0,-4.0,-0.19,0.36,0.0,15.0,29.0,6.0,43.0,2.0,6.0,,,0.0,,,,,,,,,,,,,,,,True,alta,3,Extremo centrador,2.0074458133263837
GER-Bundesliga,2324,Gladbach,Franck Honorat,FRA,"MF,FW",26.0,1996.0,32.0,28.0,2345.0,26.1,3.0,9.0,12.0,3.0,0.0,0.0,1.0,0.0,0.12,0.35,0.46,0.12,0.46,26.1,3.0,28.0,10.0,35.7,1.07,0.38,0.11,0.3,0.0,0.0,73.0,76.6,28,81.0,10,4,16.0,0,1.06,48.0,50.0,-2.0,-0.08,1.06,0.0,9.0,15.0,6.0,237.0,8.0,14.0,,,0.0,,,,,,,,,,,,,,,,True,alta,3,Extremo centrador,2.827631448184998
GER-Bundesliga,2324,Gladbach,Jordan Pefok,USA,FW,27.0,1996.0,25.0,18.0,1420.0,15.8,5.0,3.0,8.0,5.0,0.0,0.0,2.0,0.0,0.32,0.19,0.51,0.32,0.51,15.8,5.0,36.0,10.0,27.8,2.28,0.63,0.14,0.5,0.0,0.0,57.0,46.4,18,74.0,6,7,14.0,1,1.0,27.0,31.0,-4.0,-0.25,0.13,0.0,36.0,30.0,7.0,0.0,4.0,4.0,,,0.0,,,,,,,,,,,,,,,,True,alta,1,Nueve de choque,2.303320220930885
GER-Bundesliga,2324,Gladbach,Nathan N'Goumou,CMR,"MF,FW",23.0,2000.0,32.0,14.0,1385.0,15.4,5.0,2.0,7.0,5.0,0.0,0.0,1.0,0.0,0.32,0.13,0.45,0.32,0.45,15.4,5.0,30.0,12.0,40.0,1.95,0.78,0.17,0.42,0.0,0.0,43.0,45.3,14,70.0,0,18,23.0,2,0.94,27.0,31.0,-4.0,-0.26,0.12,0.0,13.0,17.0,6.0,29.0,5.0,23.0,,,0.0,,,,,,,,,,,,,,,,True,alta,3,Extremo centrador,2.345341368370867
GER-Bundesliga,2324,Gladbach,Robin Hack,GER,"FW,MF",24.0,1998.0,29.0,14.0,1348.0,15.0,10.0,2.0,12.0,10.0,0.0,0.0,2.0,0.0,0.67,0.13,0.8,0.67,0.8,15.0,10.0,43.0,22.0,51.2,2.87,1.47,0.23,0.45,0.0,0.0,46.0,44.1,14,75.0,3,15,20.0,3,0.97,22.0,26.0,-4.0,-0.27,0.1,0.0,17.0,22.0,9.0,44.0,14.0,9.0,,,0.0,,,,,,,,,,,,,,,,True,alta,0,Delantero asociativo,2.368673076844817
GER-Bundesliga,2324,Gladbach,Tomáš Čvančara,CZE,"FW,MF",22.0,2000.0,21.0,7.0,896.0,10.0,4.0,1.0,5.0,3.0,1.0,2.0,4.0,0.0,0.4,0.1,0.5,0.3,0.4,10.0,4.0,36.0,13.0,36.1,3.62,1.31,0.11,0.31,1.0,2.0,43.0,29.3,7,75.0,1,14,27.0,0,0.9,19.0,23.0,-4.0,-0.4,-0.11,0.0,9.0,13.0,4.0,4.0,2.0,3.0,,,0.0,,,,,,,,,,,,,,,,False,baja,1,Nueve de choque,1.9442360610405105
GER-Bundesliga,2324,Heidenheim,Marvin Pieringer,GER,"FW,MF",23.0,1999.0,31.0,18.0,1513.0,16.8,3.0,3.0,6.0,3.0,0.0,0.0,5.0,0.0,0.18,0.18,0.36,0.18,0.36,16.8,3.0,27.0,8.0,29.6,1.61,0.48,0.11,0.38,0.0,0.0,49.0,49.4,18,67.0,1,13,24.0,0,1.23,27.0,22.0,5.0,0.3,0.88,0.0,38.0,30.0,6.0,7.0,12.0,12.0,,,0.0,,,,,,,,,,,,,,,,True,alta,2,Extremo de presión,2.217415932047081
GER-Bundesliga,2324,Heidenheim,Tim Kleindienst,GER,FW,27.0,1995.0,33.0,33.0,2869.0,31.9,12.0,3.0,15.0,10.0,2.0,2.0,6.0,0.0,0.38,0.09,0.47,0.31,0.41,31.9,12.0,83.0,34.0,41.0,2.6,1.07,0.14,0.35,2.0,2.0,87.0,93.8,33,87.0,23,0,,0,1.24,49.0,53.0,-4.0,-0.13,0.35,0.0,88.0,13.0,15.0,20.0,11.0,13.0,,,0.0,,,,,,,,,,,,,,,,True,alta,1,Nueve de choque,2.86506772869638
GER-Bundesliga,2324,Hoffenheim,Andrej Kramarić,CRO,"MF,FW",32.0,1991.0,30.0,25.0,2199.0,24.4,15.0,6.0,21.0,10.0,5.0,5.0,4.0,0.0,0.61,0.25,0.86,0.41,0.65,24.4,15.0,69.0,34.0,49.3,2.82,1.39,0.22,0.44,5.0,5.0,73.0,71.9,25,83.0,12,5,23.0,1,1.23,52.0,44.0,8.0,0.33,1.16,0.0,8.0,35.0,8.0,112.0,9.0,2.0,,,0.0,,,,,,,,,,,,,,,,True,alta,3,Extremo centrador,3.1288779869384604
GER-Bundesliga,2324,Hoffenheim,Ihlas Bebou,TOG,"FW,MF",29.0,1994.0,32.0,16.0,1636.0,18.2,7.0,5.0,12.0,7.0,0.0,0.0,3.0,0.0,0.39,0.28,0.66,0.39,0.66,18.2,7.0,38.0,14.0,36.8,2.09,0.77,0.18,0.5,0.0,0.0,51.0,53.5,16,82.0,6,16,20.0,2,1.34,36.0,37.0,-1.0,-0.06,-0.12,0.0,24.0,21.0,7.0,35.0,13.0,10.0,,,0.0,,,,,,,,,,,,,,,,True,alta,0,Delantero asociativo,1.9245155432261578
GER-Bundesliga,2324,Hoffenheim,Maximilian Beier,GER,"FW,MF",20.0,2002.0,33.0,29.0,2420.0,26.9,16.0,1.0,17.0,16.0,0.0,0.0,0.0,0.0,0.6,0.04,0.63,0.6,0.63,26.9,16.0,82.0,39.0,47.6,3.05,1.45,0.2,0.41,0.0,0.0,73.0,79.1,29,81.0,9,4,19.0,0,1.3,51.0,51.0,0.0,0.0,0.0,0.0,21.0,32.0,13.0,38.0,10.0,12.0,,,0.0,,,,,,,,,,,,,,,,True,alta,4,Nueve de área,2.1374654299535307
GER-Bundesliga,2324,Hoffenheim,Wout Weghorst,NED,FW,30.0,1992.0,28.0,24.0,1977.0,22.0,7.0,3.0,10.0,6.0,1.0,1.0,4.0,0.0,0.32,0.14,0.46,0.27,0.41,22.0,7.0,39.0,15.0,38.5,1.78,0.68,0.18,0.47,1.0,1.0,71.0,64.6,24,79.0,12,4,20.0,1,1.57,40.0,37.0,3.0,0.14,0.39,0.0,24.0,34.0,13.0,4.0,4.0,6.0,,,0.0,,,,,,,,,,,,,,,,True,alta,1,Nueve de choque,1.7196514715650246
GER-Bundesliga,2324,Köln,Davie Selke,GER,FW,28.0,1995.0,19.0,16.0,1265.0,14.1,6.0,0.0,6.0,6.0,0.0,0.0,3.0,0.0,0.43,0.0,0.43,0.43,0.43,14.1,6.0,33.0,11.0,33.3,2.35,0.78,0.18,0.55,0.0,0.0,67.0,41.3,16,75.0,5,3,20.0,1,0.74,9.0,24.0,-15.0,-1.07,-0.21,0.0,24.0,18.0,10.0,4.0,0.0,1.0,,,0.0,,,,,,,,,,,,,,,,True,alta,1,Nueve de choque,2.4775361336204607
GER-Bundesliga,2324,Köln,Faride Alidou,GER,"MF,FW",22.0,2001.0,26.0,14.0,1282.0,14.2,4.0,0.0,4.0,4.0,0.0,0.0,4.0,0.0,0.28,0.0,0.28,0.28,0.28,14.2,4.0,33.0,11.0,33.3,2.32,0.77,0.12,0.36,0.0,0.0,49.0,41.9,14,69.0,0,12,27.0,2,0.85,12.0,27.0,-15.0,-1.05,-0.19,0.0,21.0,23.0,3.0,40.0,8.0,4.0,,,0.0,,,,,,,,,,,,,,,,True,alta,2,Extremo de presión,2.742802010290675
GER-Bundesliga,2324,Köln,Jan Thielmann,GER,"FW,MF",21.0,2002.0,22.0,20.0,1579.0,17.5,1.0,0.0,1.0,1.0,0.0,0.0,4.0,1.0,0.06,0.0,0.06,0.06,0.06,17.5,1.0,37.0,12.0,32.4,2.11,0.68,0.03,0.08,0.0,0.0,72.0,51.6,20,76.0,7,2,29.0,1,0.86,8.0,18.0,-10.0,-0.57,0.77,0.0,27.0,27.0,6.0,42.0,8.0,19.0,,,0.0,,,,,,,,,,,,,,,,True,alta,2,Extremo de presión,1.720045744153997
GER-Bundesliga,2324,Köln,Sargis Adamyan,ARM,"FW,MF",30.0,1993.0,20.0,8.0,801.0,8.9,1.0,2.0,3.0,1.0,0.0,0.0,2.0,0.0,0.11,0.22,0.34,0.11,0.34,8.9,1.0,31.0,14.0,45.2,3.48,1.57,0.03,0.07,0.0,0.0,40.0,26.2,8,73.0,1,12,18.0,5,0.8,9.0,21.0,-12.0,-1.35,-0.55,0.0,18.0,13.0,8.0,4.0,5.0,10.0,,,0.0,,,,,,,,,,,,,,,,False,baja,0,Delantero asociativo,3.0933592626686055
GER-Bundesliga,2324,Köln,Steffen Tigges,GER,FW,25.0,1998.0,25.0,6.0,727.0,8.1,3.0,0.0,3.0,3.0,0.0,0.0,0.0,0.0,0.37,0.0,0.37,0.37,0.37,8.1,3.0,22.0,9.0,40.9,2.72,1.11,0.14,0.33,0.0,0.0,29.0,23.8,6,69.0,1,19,17.0,4,0.88,9.0,10.0,-1.0,-0.12,1.07,0.0,7.0,8.0,2.0,7.0,1.0,5.0,,,0.0,,,,,,,,,,,,,,,,False,baja,1,Nueve de choque,2.4786748947149997
GER-Bundesliga,2324,Leverkusen,Adam Hložek,CZE,"MF,FW",21.0,2002.0,23.0,5.0,459.0,5.1,2.0,3.0,5.0,2.0,0.0,0.0,1.0,0.0,0.39,0.59,0.98,0.39,0.98,5.1,2.0,18.0,6.0,33.3,3.53,1.18,0.11,0.33,0.0,0.0,20.0,15.0,5,71.0,1,18,6.0,7,2.83,13.0,3.0,10.0,1.96,0.06,0.0,8.0,7.0,1.0,0.0,2.0,4.0,,,0.0,,,,,,,,,,,,,,,,False,baja,0,Delantero asociativo,3.0432892589325014
GER-Bundesliga,2324,Leverkusen,Amine Adli,MAR,"MF,FW",23.0,2000.0,23.0,8.0,898.0,10.0,4.0,6.0,10.0,4.0,0.0,0.0,5.0,0.0,0.4,0.6,1.0,0.4,1.0,10.0,4.0,27.0,15.0,55.6,2.71,1.5,0.15,0.27,0.0,0.0,39.0,29.3,8,71.0,1,15,22.0,4,2.65,28.0,9.0,19.0,1.9,-0.01,0.0,14.0,28.0,7.0,22.0,5.0,7.0,,,0.0,,,,,,,,,,,,,,,,False,baja,0,Delantero asociativo,2.9218479977430194
GER-Bundesliga,2324,Leverkusen,Patrik Schick,CZE,FW,27.0,1996.0,20.0,12.0,1063.0,11.8,7.0,0.0,7.0,6.0,1.0,1.0,1.0,0.0,0.59,0.0,0.59,0.51,0.51,11.8,7.0,40.0,13.0,32.5,3.39,1.1,0.18,0.54,1.0,1.0,53.0,34.7,12,76.0,3,8,19.0,4,2.5,25.0,7.0,18.0,1.52,-0.59,0.0,11.0,13.0,5.0,1.0,2.0,4.0,,,0.0,,,,,,,,,,,,,,,,True,alta,1,Nueve de choque,2.54135576923197
GER-Bundesliga,2324,Leverkusen,Victor Boniface,NGA,FW,22.0,2000.0,23.0,18.0,1546.0,17.2,14.0,8.0,22.0,10.0,4.0,4.0,2.0,0.0,0.82,0.47,1.28,0.58,1.05,17.2,14.0,80.0,34.0,42.5,4.66,1.98,0.18,0.41,4.0,4.0,67.0,50.5,18,80.0,4,5,21.0,0,2.57,52.0,13.0,39.0,2.27,0.72,0.0,16.0,17.0,18.0,3.0,0.0,3.0,,,0.0,,,,,,,,,,,,,,,,True,alta,4,Nueve de área,3.3432639935813113
GER-Bundesliga,2324,Mainz 05,Brajan Gruda,GER,"MF,FW",19.0,2004.0,28.0,19.0,1641.0,18.2,4.0,3.0,7.0,4.0,0.0,0.0,5.0,0.0,0.22,0.16,0.38,0.22,0.38,18.2,4.0,30.0,12.0,40.0,1.65,0.66,0.13,0.33,0.0,0.0,59.0,53.6,19,76.0,2,9,21.0,1,1.0,22.0,28.0,-6.0,-0.33,0.05,0.0,28.0,47.0,9.0,52.0,5.0,14.0,,,0.0,,,,,,,,,,,,,,,,True,alta,2,Extremo de presión,2.2765052566994073
GER-Bundesliga,2324,Mainz 05,Jonathan Burkardt,GER,"FW,MF",23.0,2000.0,21.0,18.0,1538.0,17.1,8.0,2.0,10.0,7.0,1.0,1.0,2.0,0.0,0.47,0.12,0.59,0.41,0.53,17.1,8.0,41.0,17.0,41.5,2.4,0.99,0.2,0.47,1.0,1.0,73.0,50.3,18,82.0,10,3,22.0,0,1.19,24.0,20.0,4.0,0.23,1.18,0.0,19.0,36.0,3.0,33.0,2.0,9.0,,,0.0,,,,,,,,,,,,,,,,True,alta,0,Delantero asociativo,2.243147458438137
GER-Bundesliga,2324,Mainz 05,Karim Onisiwo,AUT,"FW,MF",31.0,1992.0,24.0,17.0,1493.0,16.6,1.0,3.0,4.0,1.0,0.0,0.0,1.0,0.0,0.06,0.18,0.24,0.06,0.24,16.6,1.0,33.0,7.0,21.2,1.99,0.42,0.03,0.14,0.0,0.0,62.0,48.8,17,81.0,6,7,18.0,2,0.88,13.0,21.0,-8.0,-0.48,-0.25,0.0,31.0,44.0,15.0,21.0,2.0,8.0,,,0.0,,,,,,,,,,,,,,,,True,alta,1,Nueve de choque,3.2680649529251564
GER-Bundesliga,2324,Mainz 05,Ludovic Ajorque,FRA,FW,29.0,1994.0,26.0,15.0,1360.0,15.1,2.0,0.0,2.0,2.0,0.0,2.0,4.0,0.0,0.13,0.0,0.13,0.13,0.13,15.1,2.0,30.0,11.0,36.7,1.99,0.73,0.07,0.18,0.0,2.0,52.0,44.4,15,80.0,9,11,14.0,6,1.04,13.0,26.0,-13.0,-0.86,-0.91,0.0,28.0,15.0,5.0,3.0,4.0,2.0,,,0.0,,,,,,,,,,,,,,,,True,alta,1,Nueve de choque,2.4089286585738394
GER-Bundesliga,2324,RB Leipzig,Benjamin Šeško,SVN,FW,20.0,2003.0,31.0,17.0,1526.0,17.0,14.0,2.0,16.0,14.0,0.0,0.0,0.0,0.0,0.83,0.12,0.94,0.83,0.94,17.0,14.0,47.0,25.0,53.2,2.77,1.47,0.3,0.56,0.0,0.0,49.0,49.9,17,74.0,2,14,19.0,2,2.0,34.0,22.0,12.0,0.71,-0.82,0.0,14.0,10.0,12.0,4.0,3.0,5.0,,,0.0,,,,,,,,,,,,,,,,True,alta,4,Nueve de área,1.7313559943169359
GER-Bundesliga,2324,RB Leipzig,Christoph Baumgartner,AUT,"MF,FW",23.0,1999.0,32.0,11.0,1158.0,12.9,5.0,1.0,6.0,5.0,0.0,0.0,3.0,0.0,0.39,0.08,0.47,0.39,0.47,12.9,5.0,31.0,12.0,38.7,2.41,0.93,0.16,0.42,0.0,0.0,36.0,37.8,11,69.0,0,21,19.0,2,1.94,23.0,16.0,7.0,0.54,-0.92,0.0,27.0,27.0,1.0,9.0,5.0,14.0,,,0.0,,,,,,,,,,,,,,,,True,alta,2,Extremo de presión,2.4293405713585683
GER-Bundesliga,2324,RB Leipzig,Loïs Openda,BEL,FW,23.0,2000.0,34.0,33.0,2697.0,30.0,24.0,7.0,31.0,22.0,2.0,3.0,4.0,0.0,0.8,0.23,1.03,0.73,0.97,30.0,24.0,121.0,62.0,51.2,4.04,2.07,0.2,0.39,2.0,3.0,79.0,88.1,33,81.0,13,1,26.0,0,1.91,69.0,33.0,36.0,1.2,0.71,0.0,38.0,64.0,33.0,32.0,4.0,3.0,,,0.0,,,,,,,,,,,,,,,,True,alta,4,Nueve de área,2.7791595545719088
GER-Bundesliga,2324,RB Leipzig,Yussuf Poulsen,DEN,FW,29.0,1994.0,28.0,12.0,1217.0,13.5,5.0,2.0,7.0,5.0,0.0,0.0,0.0,0.0,0.37,0.15,0.52,0.37,0.52,13.5,5.0,29.0,16.0,55.2,2.14,1.18,0.17,0.31,0.0,0.0,43.0,39.8,12,75.0,2,16,20.0,3,1.75,34.0,15.0,19.0,1.41,0.48,0.0,22.0,29.0,4.0,3.0,3.0,7.0,,,0.0,,,,,,,,,,,,,,,,True,alta,0,Delantero asociativo,2.648466777790993
GER-Bundesliga,2324,Stuttgart,Deniz Undav,GER,"FW,MF",27.0,1996.0,30.0,23.0,2089.0,23.2,18.0,10.0,28.0,18.0,0.0,1.0,5.0,0.0,0.78,0.43,1.21,0.78,1.21,23.2,18.0,108.0,54.0,50.0,4.65,2.33,0.17,0.33,0.0,1.0,70.0,68.3,23,83.0,8,7,27.0,0,2.2,53.0,27.0,26.0,1.12,-0.08,0.0,29.0,27.0,4.0,9.0,6.0,15.0,,,0.0,,,,,,,,,,,,,,,,True,alta,0,Delantero asociativo,3.154500189549237
GER-Bundesliga,2324,Stuttgart,Serhou Guirassy,GUI,FW,27.0,1996.0,28.0,25.0,2208.0,24.5,28.0,3.0,31.0,24.0,4.0,4.0,0.0,0.0,1.14,0.12,1.26,0.98,1.1,24.5,28.0,91.0,45.0,49.5,3.71,1.83,0.31,0.62,4.0,4.0,79.0,72.2,25,85.0,15,3,28.0,0,2.39,58.0,24.0,34.0,1.39,0.86,0.0,18.0,55.0,17.0,1.0,6.0,3.0,,,0.0,,,,,,,,,,,,,,,,True,alta,4,Nueve de área,2.7399452834274816
GER-Bundesliga,2324,Union Berlin,Benedict Hollerbach,GER,"FW,MF",22.0,2001.0,28.0,15.0,1282.0,14.2,5.0,0.0,5.0,5.0,0.0,0.0,2.0,0.0,0.35,0.0,0.35,0.35,0.35,14.2,5.0,34.0,10.0,29.4,2.39,0.7,0.15,0.5,0.0,0.0,46.0,41.9,15,68.0,1,13,20.0,5,0.93,14.0,25.0,-11.0,-0.77,-0.06,0.0,29.0,20.0,4.0,44.0,5.0,12.0,,,0.0,,,,,,,,,,,,,,,,True,alta,2,Extremo de presión,2.553239453312488
GER-Bundesliga,2324,Union Berlin,Brenden Aaronson,USA,"MF,FW",22.0,2000.0,30.0,14.0,1267.0,14.1,2.0,2.0,4.0,2.0,0.0,0.0,3.0,1.0,0.14,0.14,0.28,0.14,0.28,14.1,2.0,19.0,7.0,36.8,1.35,0.5,0.11,0.29,0.0,0.0,42.0,41.4,14,68.0,2,16,20.0,2,1.07,17.0,23.0,-6.0,-0.43,0.53,1.0,15.0,25.0,5.0,22.0,2.0,18.0,,,0.0,,,,,,,,,,,,,,,,True,alta,2,Extremo de presión,2.204888864580563
GER-Bundesliga,2324,Union Berlin,David Datro Fofana,CIV,"FW,MF",20.0,2002.0,12.0,8.0,682.0,7.6,1.0,0.0,1.0,1.0,0.0,0.0,0.0,0.0,0.13,0.0,0.13,0.13,0.13,7.6,1.0,26.0,13.0,50.0,3.43,1.72,0.04,0.08,0.0,0.0,57.0,22.3,8,66.0,1,4,40.0,0,0.83,6.0,16.0,-10.0,-1.32,-0.75,0.0,8.0,12.0,4.0,11.0,0.0,7.0,,,0.0,,,,,,,,,,,,,,,,False,baja,1,Nueve de choque,3.2128986581622225
GER-Bundesliga,2324,Union Berlin,Kevin Behrens,GER,FW,32.0,1991.0,18.0,14.0,1262.0,14.0,4.0,0.0,4.0,4.0,0.0,0.0,3.0,0.0,0.29,0.0,0.29,0.29,0.29,14.0,4.0,41.0,13.0,31.7,2.92,0.93,0.1,0.31,0.0,0.0,70.0,41.2,14,81.0,6,4,34.0,0,0.94,13.0,24.0,-11.0,-0.78,-0.08,0.0,22.0,20.0,8.0,6.0,5.0,10.0,,,0.0,,,,,,,,,,,,,,,,True,alta,1,Nueve de choque,1.8781136948584334
GER-Bundesliga,2324,Union Berlin,Kevin Volland,GER,"FW,MF",31.0,1992.0,26.0,17.0,1345.0,14.9,3.0,4.0,7.0,1.0,2.0,3.0,3.0,2.0,0.2,0.27,0.47,0.07,0.33,14.9,3.0,36.0,14.0,38.9,2.41,0.94,0.08,0.21,2.0,3.0,52.0,44.0,17,68.0,3,9,22.0,1,1.12,13.0,22.0,-9.0,-0.6,0.24,1.0,28.0,13.0,7.0,56.0,6.0,11.0,,,0.0,,,,,,,,,,,,,,,,True,alta,3,Extremo centrador,2.5513745193465405
GER-Bundesliga,2324,Union Berlin,Mikkel Kaufmann,DEN,FW,22.0,2001.0,18.0,4.0,486.0,5.4,1.0,0.0,1.0,1.0,0.0,0.0,0.0,0.0,0.19,0.0,0.19,0.19,0.19,5.4,1.0,15.0,6.0,40.0,2.78,1.11,0.07,0.17,0.0,0.0,27.0,15.9,4,66.0,0,14,16.0,6,0.94,5.0,7.0,-2.0,-0.37,0.43,0.0,7.0,10.0,0.0,5.0,1.0,3.0,,,0.0,,,,,,,,,,,,,,,,False,baja,1,Nueve de choque,2.9743100696342837
GER-Bundesliga,2324,Union Berlin,Sheraldo Becker,SUR,"FW,MF",28.0,1995.0,11.0,7.0,645.0,7.2,0.0,1.0,1.0,0.0,0.0,0.0,0.0,0.0,0.0,0.14,0.14,0.0,0.14,7.2,0.0,16.0,4.0,25.0,2.23,0.56,0.0,0.0,0.0,0.0,59.0,21.1,7,72.0,1,4,35.0,0,0.55,6.0,17.0,-11.0,-1.53,-1.01,0.0,6.0,5.0,4.0,58.0,0.0,3.0,,,0.0,,,,,,,,,,,,,,,,False,baja,3,Extremo centrador,3.524157684307882
GER-Bundesliga,2324,Union Berlin,Yorbe Vertessen,BEL,"FW,MF",22.0,2001.0,13.0,7.0,593.0,6.6,3.0,2.0,5.0,3.0,0.0,0.0,1.0,0.0,0.46,0.3,0.76,0.46,0.76,6.6,3.0,24.0,9.0,37.5,3.64,1.37,0.13,0.33,0.0,0.0,46.0,19.4,7,60.0,0,6,28.0,2,1.0,7.0,10.0,-3.0,-0.46,0.35,0.0,8.0,11.0,1.0,3.0,1.0,2.0,,,0.0,,,,,,,,,,,,,,,,False,baja,0,Delantero asociativo,2.490130626034166
GER-Bundesliga,2324,Werder Bremen,Justin Njinmah,GER,FW,22.0,2000.0,24.0,10.0,1016.0,11.3,6.0,2.0,8.0,6.0,0.0,0.0,1.0,0.0,0.53,0.18,0.71,0.53,0.71,11.3,6.0,33.0,14.0,42.4,2.92,1.24,0.18,0.43,0.0,0.0,42.0,33.2,10,75.0,1,14,19.0,2,1.25,18.0,16.0,2.0,0.18,0.53,0.0,6.0,20.0,9.0,10.0,2.0,2.0,,,0.0,,,,,,,,,,,,,,,,True,alta,4,Nueve de área,1.786243525135135
GER-Bundesliga,2324,Werder Bremen,Marvin Ducksch,GER,FW,29.0,1994.0,33.0,32.0,2696.0,30.0,12.0,9.0,21.0,7.0,5.0,6.0,9.0,0.0,0.4,0.3,0.7,0.23,0.53,30.0,12.0,80.0,38.0,47.5,2.67,1.27,0.15,0.32,5.0,6.0,82.0,88.1,32,83.0,15,1,45.0,0,1.18,41.0,49.0,-8.0,-0.27,-0.76,0.0,6.0,19.0,18.0,157.0,5.0,4.0,,,0.0,,,,,,,,,,,,,,,,True,alta,3,Extremo centrador,3.393792907454106
GER-Bundesliga,2324,Werder Bremen,Nick Woltemade,GER,"FW,MF",21.0,2002.0,30.0,12.0,1189.0,13.2,2.0,0.0,2.0,2.0,0.0,0.0,1.0,0.0,0.15,0.0,0.15,0.15,0.15,13.2,2.0,22.0,6.0,27.3,1.67,0.45,0.09,0.33,0.0,0.0,40.0,38.9,12,73.0,1,18,18.0,3,1.37,20.0,17.0,3.0,0.23,0.66,0.0,22.0,23.0,6.0,3.0,5.0,21.0,,,0.0,,,,,,,,,,,,,,,,True,alta,2,Extremo de presión,2.484709313595062
GER-Bundesliga,2324,Werder Bremen,Rafael Borré,COL,FW,27.0,1995.0,19.0,11.0,991.0,11.0,4.0,0.0,4.0,4.0,0.0,0.0,0.0,0.0,0.36,0.0,0.36,0.36,0.36,11.0,4.0,20.0,8.0,40.0,1.82,0.73,0.2,0.5,0.0,0.0,52.0,32.4,11,77.0,2,8,19.0,1,1.37,13.0,18.0,-5.0,-0.45,-0.41,0.0,17.0,8.0,14.0,12.0,2.0,9.0,,,0.0,,,,,,,,,,,,,,,,True,alta,1,Nueve de choque,2.8766839873498937
GER-Bundesliga,2324,Werder Bremen,Romano Schmid,AUT,"MF,FW",23.0,2000.0,33.0,30.0,2601.0,28.9,4.0,6.0,10.0,4.0,0.0,0.0,5.0,0.0,0.14,0.21,0.35,0.14,0.35,28.9,4.0,38.0,9.0,23.7,1.31,0.31,0.11,0.44,0.0,0.0,79.0,85.0,30,84.0,13,3,23.0,0,1.27,43.0,48.0,-5.0,-0.17,0.02,0.0,33.0,53.0,3.0,64.0,13.0,21.0,,,0.0,,,,,,,,,,,,,,,,True,alta,2,Extremo de presión,2.1073985462503386
GER-Bundesliga,2324,Wolfsburg,Jonas Wind,DEN,FW,24.0,1999.0,34.0,31.0,2651.0,29.5,11.0,7.0,18.0,11.0,0.0,1.0,3.0,0.0,0.37,0.24,0.61,0.37,0.61,29.5,11.0,73.0,35.0,47.9,2.48,1.19,0.15,0.31,0.0,1.0,78.0,86.6,31,84.0,16,3,16.0,0,1.09,38.0,47.0,-9.0,-0.31,1.01,0.0,29.0,45.0,9.0,8.0,3.0,10.0,,,0.0,,,,,,,,,,,,,,,,True,alta,4,Nueve de área,1.824440452097408
GER-Bundesliga,2324,Wolfsburg,Kevin Behrens,GER,FW,32.0,1991.0,13.0,7.0,616.0,6.8,1.0,1.0,2.0,1.0,0.0,0.0,1.0,0.0,0.15,0.15,0.29,0.15,0.29,6.8,1.0,11.0,6.0,54.5,1.61,0.88,0.09,0.17,0.0,0.0,47.0,20.1,7,78.0,1,6,12.0,2,1.15,8.0,11.0,-3.0,-0.44,0.0,0.0,8.0,5.0,4.0,4.0,3.0,1.0,,,0.0,,,,,,,,,,,,,,,,False,baja,4,Nueve de área,3.115513393082648
GER-Bundesliga,2324,Wolfsburg,Lovro Majer,CRO,"MF,FW",25.0,1998.0,32.0,25.0,2106.0,23.4,5.0,5.0,10.0,3.0,2.0,2.0,5.0,0.0,0.21,0.21,0.43,0.13,0.34,23.4,5.0,37.0,12.0,32.4,1.58,0.51,0.14,0.42,2.0,2.0,66.0,68.8,25,76.0,4,7,30.0,2,0.97,32.0,38.0,-6.0,-0.26,0.59,0.0,37.0,37.0,1.0,88.0,12.0,19.0,,,0.0,,,,,,,,,,,,,,,,True,alta,2,Extremo de presión,1.9750730879219411
GER-Bundesliga,2324,Wolfsburg,Patrick Wimmer,AUT,"MF,FW",22.0,2001.0,14.0,8.0,589.0,6.5,2.0,0.0,2.0,2.0,0.0,0.0,3.0,1.0,0.31,0.0,0.31,0.31,0.31,6.5,2.0,10.0,4.0,40.0,1.53,0.61,0.2,0.5,0.0,0.0,42.0,19.2,8,61.0,0,6,17.0,4,1.36,14.0,8.0,6.0,0.92,1.68,0.0,14.0,11.0,1.0,12.0,4.0,5.0,,,0.0,,,,,,,,,,,,,,,,False,baja,2,Extremo de presión,2.131061099316641
GER-Bundesliga,2324,Wolfsburg,Tiago Tomás,POR,"FW,MF",21.0,2002.0,26.0,11.0,1032.0,11.5,1.0,1.0,2.0,1.0,0.0,0.0,3.0,0.0,0.09,0.09,0.17,0.09,0.17,11.5,1.0,27.0,10.0,37.0,2.35,0.87,0.04,0.1,0.0,0.0,40.0,33.7,11,63.0,0,15,23.0,2,1.08,11.0,20.0,-9.0,-0.78,-0.52,0.0,12.0,26.0,3.0,28.0,4.0,2.0,,,0.0,,,,,,,,,,,,,,,,True,alta,3,Extremo centrador,2.638410942319974
GER-Bundesliga,2324,Wolfsburg,Václav Černý,CZE,"MF,FW",25.0,1997.0,22.0,12.0,921.0,10.2,4.0,1.0,5.0,4.0,0.0,0.0,2.0,0.0,0.39,0.1,0.49,0.39,0.49,10.2,4.0,20.0,5.0,25.0,1.95,0.49,0.2,0.8,0.0,0.0,42.0,30.1,12,67.0,0,10,12.0,8,0.91,13.0,17.0,-4.0,-0.39,0.07,0.0,9.0,0.0,4.0,33.0,7.0,4.0,,,0.0,,,,,,,,,,,,,,,,True,alta,3,Extremo centrador,3.7541825400462496
