league,season,team,player,nation,pos,age,born,Playing Time_MP,Playing Time_Starts,Playing Time_Min,Playing Time_90s,Performance_Gls,Performance_Ast,Performance_G+A,Performance_G-PK,Performance_PK,Performance_PKatt,Performance_CrdY,Performance_CrdR,Per 90 Minutes_Gls,Per 90 Minutes_Ast,Per 90 Minutes_G+A,Per 90 Minutes_G-PK,Per 90 Minutes_G+A-PK,90s,Standard_Gls,Standard_Sh,Standard_SoT,Standard_SoT%,Standard_Sh/90,Standard_SoT/90,Standard_G/Sh,Standard_G/SoT,Standard_PK,Standard_PKatt,Playing Time_Mn/MP,Playing Time_Min%,Starts_Starts,Starts_Mn/Start,Starts_Compl,Subs_Subs,Subs_Mn/Sub,Subs_unSub,Team Success_PPM,Team Success_onG,Team Success_onGA,Team Success_+/-,Team Success_+/-90,Team Success_On-Off,Performance_2CrdY,Performance_Fls,Performance_Fld,Performance_Off,Performance_Crs,Performance_Int,Performance_TklW,Performance_PKwon,Performance_PKcon,Performance_OG,Performance_GA,Performance_GA90,Performance_SoTA,Performance_Saves,Performance_Save%,Performance_W,Performance_D,Performance_L,Performance_CS,Performance_CS%,Penalty Kicks_PKatt,Penalty Kicks_PKA,Penalty Kicks_PKsv,Penalty Kicks_PKm,Penalty Kicks_Save%,entrena,confianza,cluster,perfil,dist_centroide
ENG-Premier League,2526,Arsenal,Bukayo Saka,ENG,"FW,MF",23.0,2001.0,31.0,25.0,2222.0,24.7,7.0,5.0,12.0,6.0,1.0,1.0,2.0,0.0,0.28,0.2,0.49,0.24,0.45,24.7,7.0,71.0,27.0,38.0,2.88,1.09,0.1,0.26,1.0,1.0,72.0,65.0,25,82.0,15,6,27.0,1,2.35,46.0,16.0,30.0,1.22,0.16,0.0,33.0,54.0,14.0,122.0,16.0,19.0,,,0.0,,,,,,,,,,,,,,,,True,alta,2,Interior ofensivo,2.2482081165088172
ENG-Premier League,2526,Arsenal,Declan Rice,ENG,MF,26.0,1999.0,36.0,35.0,3094.0,34.4,4.0,5.0,9.0,4.0,0.0,0.0,3.0,0.0,0.12,0.15,0.26,0.12,0.26,34.4,4.0,40.0,13.0,32.5,1.16,0.38,0.1,0.31,0.0,0.0,86.0,90.5,35,88.0,29,1,23.0,1,2.19,62.0,25.0,37.0,1.08,-0.86,0.0,26.0,11.0,1.0,177.0,33.0,33.0,,,0.0,,,,,,,,,,,,,,,,True,alta,1,Carrilero,1.8741569533193527
ENG-Premier League,2526,Arsenal,Eberechi Eze,ENG,"MF,FW",27.0,1998.0,32.0,21.0,1812.0,20.1,7.0,2.0,9.0,7.0,0.0,0.0,1.0,0.0,0.35,0.1,0.45,0.35,0.45,20.1,7.0,57.0,18.0,31.6,2.83,0.89,0.12,0.39,0.0,0.0,57.0,53.0,21,74.0,5,11,24.0,4,2.09,37.0,14.0,23.0,1.14,-0.03,0.0,14.0,38.0,1.0,8.0,11.0,13.0,,,0.0,,,,,,,,,,,,,,,,True,alta,2,Interior ofensivo,2.7059001814711485
ENG-Premier League,2526,Arsenal,Gabriel Martinelli,BRA,"FW,MF",24.0,2001.0,30.0,11.0,1081.0,12.0,1.0,4.0,5.0,1.0,0.0,0.0,3.0,0.0,0.08,0.33,0.42,0.08,0.42,12.0,1.0,29.0,13.0,44.8,2.41,1.08,0.03,0.08,0.0,0.0,36.0,31.6,11,64.0,2,19,20.0,6,2.2,22.0,8.0,14.0,1.17,0.01,0.0,10.0,14.0,5.0,37.0,1.0,8.0,,,0.0,,,,,,,,,,,,,,,,True,alta,2,Interior ofensivo,2.5447005048404265
ENG-Premier League,2526,Arsenal,Kai Havertz,GER,"FW,MF",26.0,1999.0,12.0,7.0,581.0,6.5,2.0,3.0,5.0,2.0,0.0,0.0,1.0,0.0,0.31,0.46,0.77,0.31,0.77,6.5,2.0,18.0,4.0,22.2,2.79,0.62,0.11,0.5,0.0,0.0,48.0,17.0,7,62.0,1,5,29.0,2,2.5,10.0,4.0,6.0,0.93,-0.28,0.0,8.0,8.0,3.0,6.0,1.0,5.0,,,0.0,,,,,,,,,,,,,,,,False,baja,2,Interior ofensivo,2.51658498149429
ENG-Premier League,2526,Arsenal,Leandro Trossard,BEL,"FW,MF",30.0,1994.0,31.0,21.0,2000.0,22.2,6.0,6.0,12.0,6.0,0.0,0.0,2.0,0.0,0.27,0.27,0.54,0.27,0.54,22.2,6.0,53.0,15.0,28.3,2.39,0.68,0.11,0.4,0.0,0.0,65.0,58.5,21,81.0,5,10,30.0,3,2.23,42.0,15.0,27.0,1.22,0.14,0.0,13.0,39.0,5.0,58.0,9.0,15.0,,,0.0,,,,,,,,,,,,,,,,True,alta,2,Interior ofensivo,1.447702260306067
ENG-Premier League,2526,Arsenal,Martin Ødegaard,NOR,MF,26.0,1998.0,24.0,16.0,1369.0,15.2,1.0,6.0,7.0,1.0,0.0,0.0,0.0,0.0,0.07,0.39,0.46,0.07,0.46,15.2,1.0,22.0,8.0,36.4,1.45,0.53,0.05,0.13,0.0,0.0,57.0,40.0,16,72.0,7,8,26.0,1,2.17,29.0,13.0,16.0,1.05,-0.18,0.0,9.0,9.0,2.0,22.0,7.0,9.0,,,0.0,,,,,,,,,,,,,,,,True,alta,2,Interior ofensivo,3.018263725904534
ENG-Premier League,2526,Arsenal,Martín Zubimendi,ESP,MF,26.0,1999.0,38.0,34.0,2992.0,33.2,5.0,1.0,6.0,5.0,0.0,0.0,4.0,0.0,0.15,0.03,0.18,0.15,0.18,33.2,5.0,27.0,9.0,33.3,0.81,0.27,0.19,0.56,0.0,0.0,79.0,87.5,34,84.0,22,4,32.0,0,2.24,57.0,25.0,32.0,0.96,-1.56,0.0,33.0,15.0,1.0,13.0,39.0,39.0,,,0.0,,,,,,,,,,,,,,,,True,alta,3,Pivote destructor,2.2557187359392916
ENG-Premier League,2526,Arsenal,Mikel Merino,ESP,"MF,FW",29.0,1996.0,22.0,10.0,1036.0,11.5,4.0,3.0,7.0,4.0,0.0,0.0,1.0,0.0,0.35,0.26,0.61,0.35,0.61,11.5,4.0,22.0,8.0,36.4,1.91,0.69,0.18,0.5,0.0,0.0,47.0,30.3,10,77.0,5,12,22.0,2,2.23,22.0,10.0,12.0,1.04,-0.17,0.0,22.0,20.0,3.0,4.0,9.0,13.0,,,0.0,,,,,,,,,,,,,,,,True,alta,0,Interior de conducción,2.9936479340527646
ENG-Premier League,2526,Arsenal,Myles Lewis-Skelly,ENG,"MF,DF",18.0,2006.0,20.0,5.0,709.0,7.9,0.0,0.0,0.0,0.0,0.0,0.0,3.0,0.0,0.0,0.0,0.0,0.0,0.0,7.9,0.0,2.0,0.0,0.0,0.25,0.0,0.0,,0.0,0.0,35.0,20.7,5,86.0,4,15,19.0,17,2.5,16.0,8.0,8.0,1.02,-0.18,0.0,10.0,16.0,1.0,0.0,5.0,5.0,,,0.0,,,,,,,,,,,,,,,,False,baja,3,Pivote destructor,3.3304175676540955
ENG-Premier League,2526,Arsenal,Noni Madueke,ENG,"FW,MF",23.0,2002.0,26.0,16.0,1211.0,13.5,3.0,1.0,4.0,3.0,0.0,0.0,0.0,0.0,0.22,0.07,0.3,0.22,0.3,13.5,3.0,25.0,9.0,36.0,1.86,0.67,0.12,0.33,0.0,0.0,47.0,35.4,16,64.0,0,10,18.0,6,1.96,24.0,9.0,15.0,1.11,-0.07,0.0,15.0,15.0,4.0,80.0,5.0,10.0,,,0.0,,,,,,,,,,,,,,,,True,alta,2,Interior ofensivo,2.153812167085991
ENG-Premier League,2526,Aston Villa,Amadou Onana,BEL,MF,23.0,2001.0,25.0,21.0,1758.0,19.5,2.0,0.0,2.0,2.0,0.0,0.0,3.0,0.0,0.1,0.0,0.1,0.1,0.1,19.5,2.0,19.0,7.0,36.8,0.97,0.36,0.11,0.29,0.0,0.0,70.0,51.4,21,81.0,11,4,17.0,1,1.96,28.0,26.0,2.0,0.1,-0.17,0.0,20.0,25.0,0.0,0.0,19.0,30.0,,,0.0,,,,,,,,,,,,,,,,True,alta,3,Pivote destructor,2.088055966222703
ENG-Premier League,2526,Aston Villa,Boubacar Kamara,FRA,MF,25.0,1999.0,18.0,17.0,1411.0,15.7,1.0,3.0,4.0,1.0,0.0,0.0,5.0,0.0,0.06,0.19,0.26,0.06,0.26,15.7,1.0,7.0,4.0,57.1,0.45,0.26,0.14,0.25,0.0,0.0,78.0,41.3,17,82.0,9,1,19.0,0,2.33,26.0,15.0,11.0,0.7,0.88,0.0,16.0,30.0,0.0,2.0,15.0,16.0,,,0.0,,,,,,,,,,,,,,,,True,alta,3,Pivote destructor,2.683068040204483
ENG-Premier League,2526,Aston Villa,Donyell Malen,NED,"FW,MF",26.0,1999.0,21.0,5.0,656.0,7.3,4.0,1.0,5.0,4.0,0.0,0.0,0.0,0.0,0.55,0.14,0.69,0.55,0.69,7.3,4.0,27.0,9.0,33.3,3.7,1.23,0.15,0.44,0.0,0.0,31.0,19.2,5,71.0,0,16,19.0,0,2.05,11.0,10.0,1.0,0.14,-0.06,0.0,2.0,6.0,1.0,7.0,0.0,2.0,,,0.0,,,,,,,,,,,,,,,,False,baja,2,Interior ofensivo,3.6384607228165144
ENG-Premier League,2526,Aston Villa,Douglas Luiz,BRA,MF,27.0,1998.0,13.0,7.0,604.0,6.7,1.0,0.0,1.0,1.0,0.0,0.0,1.0,0.0,0.15,0.0,0.15,0.15,0.15,6.7,1.0,6.0,4.0,66.7,0.89,0.6,0.17,0.25,0.0,0.0,46.0,17.7,7,75.0,1,6,13.0,2,1.23,5.0,8.0,-3.0,-0.45,-0.77,0.0,9.0,10.0,0.0,28.0,7.0,11.0,,,0.0,,,,,,,,,,,,,,,,False,baja,3,Pivote destructor,2.710038765231383
ENG-Premier League,2526,Aston Villa,Emi Buendía,ARG,MF,28.0,1996.0,36.0,21.0,1755.0,19.5,6.0,2.0,8.0,6.0,0.0,0.0,6.0,0.0,0.31,0.1,0.41,0.31,0.41,19.5,6.0,49.0,13.0,26.5,2.51,0.67,0.12,0.46,0.0,0.0,49.0,51.3,21,68.0,3,15,22.0,1,1.78,21.0,24.0,-3.0,-0.15,-0.69,0.0,41.0,45.0,1.0,10.0,13.0,27.0,,,0.0,,,,,,,,,,,,,,,,True,alta,0,Interior de conducción,2.61771483034212
ENG-Premier League,2526,Aston Villa,Evann Guessand,CIV,MF,24.0,2001.0,13.0,6.0,588.0,6.5,0.0,1.0,1.0,0.0,0.0,0.0,0.0,0.0,0.0,0.15,0.15,0.0,0.15,6.5,0.0,8.0,5.0,62.5,1.22,0.77,0.0,0.0,0.0,0.0,45.0,17.2,6,67.0,0,7,27.0,5,1.77,9.0,10.0,-1.0,-0.15,-0.41,0.0,11.0,12.0,0.0,10.0,3.0,9.0,,,0.0,,,,,,,,,,,,,,,,False,baja,1,Carrilero,3.500548655990667
ENG-Premier League,2526,Aston Villa,Jadon Sancho,ENG,MF,25.0,2000.0,23.0,9.0,876.0,9.7,0.0,2.0,2.0,0.0,0.0,0.0,0.0,0.0,0.0,0.21,0.21,0.0,0.21,9.7,0.0,10.0,3.0,30.0,1.03,0.31,0.0,0.0,0.0,0.0,38.0,25.6,9,67.0,0,14,20.0,6,1.74,12.0,10.0,2.0,0.21,0.03,0.0,3.0,2.0,3.0,23.0,2.0,2.0,,,0.0,,,,,,,,,,,,,,,,False,baja,1,Carrilero,4.379019716581742
ENG-Premier League,2526,Aston Villa,John McGinn,SCO,MF,30.0,1994.0,30.0,28.0,2137.0,23.7,5.0,4.0,9.0,5.0,0.0,0.0,5.0,0.0,0.21,0.17,0.38,0.21,0.38,23.7,5.0,28.0,12.0,42.9,1.18,0.51,0.18,0.42,0.0,0.0,71.0,62.5,28,75.0,6,2,25.0,0,1.9,37.0,28.0,9.0,0.38,0.52,0.0,31.0,48.0,0.0,82.0,12.0,17.0,,,0.0,,,,,,,,,,,,,,,,True,alta,0,Interior de conducción,2.1685665547156217
ENG-Premier League,2526,Aston Villa,Lamare Bogarde,NED,"MF,DF",21.0,2004.0,28.0,11.0,1053.0,11.7,0.0,0.0,0.0,0.0,0.0,0.0,5.0,0.0,0.0,0.0,0.0,0.0,0.0,11.7,0.0,0.0,0.0,,0.0,0.0,,,0.0,0.0,38.0,30.8,11,79.0,4,17,11.0,10,1.61,16.0,17.0,-1.0,-0.09,-0.39,0.0,17.0,20.0,0.0,2.0,4.0,19.0,,,0.0,,,,,,,,,,,,,,,,True,alta,3,Pivote destructor,3.533640519153846
ENG-Premier League,2526,Aston Villa,Leon Bailey,JAM,MF,27.0,1997.0,13.0,3.0,459.0,5.1,0.0,1.0,1.0,0.0,0.0,0.0,1.0,0.0,0.0,0.2,0.2,0.0,0.2,5.1,0.0,8.0,1.0,12.5,1.57,0.2,0.0,0.0,0.0,0.0,35.0,13.4,3,71.0,1,10,25.0,3,1.15,8.0,9.0,-1.0,-0.2,-0.44,0.0,6.0,5.0,1.0,19.0,4.0,6.0,,,0.0,,,,,,,,,,,,,,,,False,baja,1,Carrilero,2.2143246512690613
ENG-Premier League,2526,Aston Villa,Morgan Rogers,ENG,MF,23.0,2002.0,37.0,37.0,3280.0,36.4,10.0,6.0,16.0,10.0,0.0,0.0,7.0,0.0,0.27,0.16,0.44,0.27,0.44,36.4,10.0,84.0,32.0,38.1,2.3,0.88,0.12,0.31,0.0,0.0,89.0,95.9,37,89.0,32,0,,0,1.68,53.0,48.0,5.0,0.14,-1.15,0.0,46.0,49.0,3.0,51.0,13.0,23.0,,,0.0,,,,,,,,,,,,,,,,True,alta,2,Interior ofensivo,1.732919025521175
ENG-Premier League,2526,Aston Villa,Ross Barkley,ENG,MF,31.0,1993.0,21.0,7.0,857.0,9.5,3.0,1.0,4.0,3.0,0.0,0.0,1.0,0.0,0.32,0.11,0.42,0.32,0.42,9.5,3.0,18.0,8.0,44.4,1.89,0.84,0.17,0.38,0.0,0.0,41.0,25.1,7,77.0,0,14,23.0,1,1.76,18.0,15.0,3.0,0.32,0.17,0.0,9.0,8.0,0.0,0.0,2.0,11.0,,,0.0,,,,,,,,,,,,,,,,False,baja,2,Interior ofensivo,3.59161484181905
ENG-Premier League,2526,Aston Villa,Victor Lindelöf,SWE,"DF,MF",31.0,1994.0,17.0,11.0,948.0,10.5,0.0,1.0,1.0,0.0,0.0,0.0,0.0,0.0,0.0,0.09,0.09,0.0,0.09,10.5,0.0,3.0,0.0,0.0,0.28,0.0,0.0,,0.0,0.0,56.0,27.7,11,83.0,8,6,6.0,17,2.18,20.0,15.0,5.0,0.47,0.4,0.0,2.0,0.0,0.0,0.0,8.0,3.0,,,0.0,,,,,,,,,,,,,,,,True,alta,1,Carrilero,4.8668029967865625
ENG-Premier League,2526,Aston Villa,Youri Tielemans,BEL,MF,28.0,1997.0,25.0,21.0,1862.0,20.7,0.0,4.0,4.0,0.0,0.0,0.0,0.0,0.0,0.0,0.19,0.19,0.0,0.19,20.7,0.0,24.0,7.0,29.2,1.16,0.34,0.0,0.0,0.0,0.0,74.0,54.4,21,85.0,14,4,21.0,0,1.88,32.0,27.0,5.0,0.24,0.13,0.0,25.0,40.0,1.0,45.0,16.0,39.0,,,0.0,,,,,,,,,,,,,,,,True,alta,1,Carrilero,3.2826361798059507
ENG-Premier League,2526,Bournemouth,Alex Scott,ENG,MF,21.0,2003.0,37.0,34.0,2849.0,31.7,3.0,1.0,4.0,3.0,0.0,0.0,5.0,0.0,0.09,0.03,0.13,0.09,0.13,31.7,3.0,44.0,13.0,29.5,1.39,0.41,0.07,0.23,0.0,0.0,77.0,83.3,34,80.0,19,3,39.0,0,1.51,50.0,42.0,8.0,0.25,0.88,0.0,45.0,60.0,1.0,88.0,35.0,38.0,,,0.0,,,,,,,,,,,,,,,,True,alta,0,Interior de conducción,2.1854330508511826
ENG-Premier League,2526,Bournemouth,Amine Adli,MAR,MF,25.0,2000.0,31.0,10.0,1094.0,12.2,3.0,1.0,4.0,3.0,0.0,0.0,2.0,0.0,0.25,0.08,0.33,0.25,0.33,12.2,3.0,20.0,9.0,45.0,1.65,0.74,0.15,0.33,0.0,0.0,35.0,32.0,10,73.0,2,21,17.0,6,1.48,18.0,17.0,1.0,0.08,-0.03,0.0,29.0,23.0,5.0,39.0,6.0,17.0,,,0.0,,,,,,,,,,,,,,,,True,alta,0,Interior de conducción,2.443194690408461
ENG-Premier League,2526,Bournemouth,Antoine Semenyo,GHA,MF,25.0,2000.0,20.0,20.0,1798.0,20.0,10.0,3.0,13.0,9.0,1.0,2.0,6.0,0.0,0.5,0.15,0.65,0.45,0.6,20.0,10.0,49.0,27.0,55.1,2.45,1.35,0.2,0.37,1.0,2.0,90.0,52.6,20,90.0,18,0,,0,1.25,31.0,38.0,-7.0,-0.35,-0.96,0.0,37.0,14.0,12.0,28.0,6.0,20.0,,,0.0,,,,,,,,,,,,,,,,True,alta,0,Interior de conducción,3.120843535936591
ENG-Premier League,2526,Bournemouth,David Brooks,WAL,MF,28.0,1997.0,31.0,13.0,1204.0,13.4,1.0,3.0,4.0,1.0,0.0,0.0,7.0,0.0,0.07,0.22,0.3,0.07,0.3,13.4,1.0,48.0,13.0,27.1,3.59,0.97,0.02,0.08,0.0,0.0,39.0,35.2,13,67.0,0,18,19.0,2,1.52,21.0,20.0,1.0,0.07,-0.05,0.0,11.0,13.0,2.0,59.0,4.0,13.0,,,0.0,,,,,,,,,,,,,,,,True,alta,0,Interior de conducción,3.460747904887201
ENG-Premier League,2526,Bournemouth,Eli Junior Kroupi,FRA,"MF,FW",19.0,2006.0,33.0,21.0,1672.0,18.6,13.0,0.0,13.0,11.0,2.0,2.0,5.0,0.0,0.7,0.0,0.7,0.59,0.59,18.6,13.0,52.0,22.0,42.3,2.8,1.18,0.25,0.59,2.0,2.0,51.0,48.9,21,71.0,0,12,16.0,5,1.45,31.0,21.0,10.0,0.54,0.85,0.0,27.0,12.0,6.0,10.0,9.0,6.0,,,0.0,,,,,,,,,,,,,,,,True,alta,2,Interior ofensivo,3.691047380036015
ENG-Premier League,2526,Bournemouth,Justin Kluivert,NED,MF,26.0,1999.0,20.0,10.0,952.0,10.6,2.0,0.0,2.0,2.0,0.0,0.0,5.0,0.0,0.19,0.0,0.19,0.19,0.19,10.6,2.0,17.0,4.0,23.5,1.61,0.38,0.12,0.5,0.0,0.0,48.0,27.8,10,72.0,0,10,23.0,1,1.2,16.0,19.0,-3.0,-0.28,-0.54,0.0,18.0,10.0,1.0,40.0,4.0,7.0,,,0.0,,,,,,,,,,,,,,,,True,alta,0,Interior de conducción,2.900057823777478
ENG-Premier League,2526,Bournemouth,Lewis Cook,ENG,"MF,DF",28.0,1997.0,18.0,8.0,874.0,9.7,0.0,1.0,1.0,0.0,0.0,0.0,1.0,1.0,0.0,0.1,0.1,0.0,0.1,9.7,0.0,3.0,0.0,0.0,0.31,0.0,0.0,,0.0,0.0,49.0,25.6,8,90.0,8,10,15.0,1,1.39,15.0,18.0,-3.0,-0.31,-0.56,0.0,8.0,5.0,0.0,44.0,21.0,17.0,,,0.0,,,,,,,,,,,,,,,,False,baja,1,Carrilero,3.4934569949368046
ENG-Premier League,2526,Bournemouth,Marcus Tavernier,ENG,MF,26.0,1999.0,34.0,31.0,2731.0,30.3,7.0,4.0,11.0,5.0,2.0,2.0,6.0,0.0,0.23,0.13,0.36,0.16,0.3,30.3,7.0,70.0,24.0,34.3,2.31,0.79,0.1,0.29,2.0,2.0,80.0,79.9,31,86.0,15,3,24.0,0,1.38,45.0,44.0,1.0,0.03,-0.36,0.0,31.0,35.0,4.0,114.0,16.0,21.0,,,0.0,,,,,,,,,,,,,,,,True,alta,2,Interior ofensivo,1.4093806192538687
ENG-Premier League,2526,Bournemouth,Rayan,BRA,MF,18.0,2006.0,15.0,13.0,1111.0,12.3,5.0,2.0,7.0,5.0,0.0,0.0,1.0,0.0,0.41,0.16,0.57,0.41,0.57,12.3,5.0,28.0,8.0,28.6,2.27,0.65,0.18,0.63,0.0,0.0,74.0,32.5,13,82.0,2,2,24.0,0,1.8,16.0,10.0,6.0,0.49,0.56,0.0,9.0,6.0,1.0,24.0,8.0,6.0,,,0.0,,,,,,,,,,,,,,,,True,alta,2,Interior ofensivo,2.2613452760490818
ENG-Premier League,2526,Bournemouth,Ryan Christie,SCO,MF,30.0,1995.0,26.0,9.0,994.0,11.0,2.0,0.0,2.0,2.0,0.0,0.0,3.0,1.0,0.18,0.0,0.18,0.18,0.18,11.0,2.0,25.0,8.0,32.0,2.26,0.72,0.08,0.25,0.0,0.0,38.0,29.1,9,65.0,0,17,24.0,1,1.77,16.0,14.0,2.0,0.18,0.11,0.0,16.0,22.0,1.0,17.0,11.0,20.0,,,0.0,,,,,,,,,,,,,,,,True,alta,0,Interior de conducción,2.6502417494295387
ENG-Premier League,2526,Bournemouth,Tyler Adams,USA,MF,26.0,1999.0,25.0,21.0,1772.0,19.7,2.0,2.0,4.0,2.0,0.0,0.0,8.0,0.0,0.1,0.1,0.2,0.1,0.2,19.7,2.0,10.0,6.0,60.0,0.51,0.3,0.2,0.33,0.0,0.0,71.0,51.8,21,79.0,10,4,28.0,1,1.52,25.0,28.0,-3.0,-0.15,-0.53,0.0,36.0,13.0,1.0,3.0,30.0,24.0,,,0.0,,,,,,,,,,,,,,,,True,alta,3,Pivote destructor,2.3051963555781683
ENG-Premier League,2526,Bournemouth,Álex Jiménez,ESP,"DF,MF",20.0,2005.0,31.0,26.0,2317.0,25.7,1.0,0.0,1.0,1.0,0.0,0.0,10.0,0.0,0.04,0.0,0.04,0.04,0.04,25.7,1.0,21.0,4.0,19.0,0.82,0.16,0.05,0.25,0.0,0.0,75.0,67.7,26,84.0,12,5,29.0,1,1.48,41.0,38.0,3.0,0.12,0.03,0.0,35.0,20.0,0.0,51.0,27.0,45.0,,,0.0,,,,,,,,,,,,,,,,True,alta,3,Pivote destructor,1.8930220222944514
ENG-Premier League,2526,Brentford,Aaron Hickey,SCO,"DF,MF",23.0,2002.0,21.0,8.0,691.0,7.7,0.0,0.0,0.0,0.0,0.0,0.0,1.0,0.0,0.0,0.0,0.0,0.0,0.0,7.7,0.0,6.0,1.0,16.7,0.78,0.13,0.0,0.0,0.0,0.0,33.0,20.2,8,68.0,1,13,11.0,8,1.48,9.0,9.0,0.0,0.0,-0.1,0.0,7.0,9.0,0.0,4.0,8.0,7.0,,,0.0,,,,,,,,,,,,,,,,False,baja,3,Pivote destructor,2.0293852975767344
ENG-Premier League,2526,Brentford,Dango Ouattara,BFA,MF,23.0,2002.0,32.0,25.0,2276.0,25.3,7.0,3.0,10.0,7.0,0.0,0.0,5.0,0.0,0.28,0.12,0.4,0.28,0.4,25.3,7.0,56.0,20.0,35.7,2.21,0.79,0.13,0.35,0.0,0.0,71.0,66.5,25,84.0,12,7,25.0,0,1.25,35.0,35.0,0.0,0.0,-0.24,0.0,27.0,39.0,8.0,107.0,24.0,14.0,,,0.0,,,,,,,,,,,,,,,,True,alta,2,Interior ofensivo,1.9846507630596835
ENG-Premier League,2526,Brentford,Jordan Henderson,ENG,MF,35.0,1990.0,32.0,22.0,1919.0,21.3,1.0,3.0,4.0,1.0,0.0,0.0,6.0,0.0,0.05,0.14,0.19,0.05,0.19,21.3,1.0,6.0,1.0,16.7,0.28,0.05,0.17,1.0,0.0,0.0,60.0,56.1,22,79.0,10,10,18.0,1,1.41,28.0,28.0,0.0,0.0,-0.18,0.0,13.0,7.0,1.0,48.0,16.0,14.0,,,0.0,,,,,,,,,,,,,,,,True,alta,1,Carrilero,2.4625454655515355
ENG-Premier League,2526,Brentford,Keane Lewis-Potter,ENG,"DF,MF",24.0,2001.0,36.0,22.0,1972.0,21.9,3.0,3.0,6.0,3.0,0.0,0.0,1.0,0.0,0.14,0.14,0.27,0.14,0.27,21.9,3.0,31.0,9.0,29.0,1.41,0.41,0.1,0.33,0.0,0.0,55.0,57.7,22,81.0,10,14,14.0,2,1.39,28.0,32.0,-4.0,-0.18,-0.62,0.0,15.0,36.0,3.0,69.0,10.0,14.0,,,0.0,,,,,,,,,,,,,,,,True,alta,2,Interior ofensivo,1.6632500865917361
ENG-Premier League,2526,Brentford,Kevin Schade,GER,"MF,FW",23.0,2001.0,35.0,32.0,2745.0,30.5,8.0,3.0,11.0,8.0,0.0,1.0,6.0,1.0,0.26,0.1,0.36,0.26,0.36,30.5,8.0,57.0,24.0,42.1,1.87,0.79,0.14,0.33,0.0,1.0,78.0,80.3,32,82.0,18,3,39.0,0,1.37,41.0,34.0,7.0,0.23,0.76,0.0,50.0,43.0,10.0,23.0,19.0,27.0,,,0.0,,,,,,,,,,,,,,,,True,alta,0,Interior de conducción,1.8456079289287786
ENG-Premier League,2526,Brentford,Mathias Jensen,DEN,MF,29.0,1996.0,36.0,26.0,2247.0,25.0,3.0,1.0,4.0,3.0,0.0,0.0,3.0,0.0,0.12,0.04,0.16,0.12,0.16,25.0,3.0,29.0,8.0,27.6,1.16,0.32,0.1,0.38,0.0,0.0,62.0,65.7,26,81.0,13,10,13.0,2,1.47,35.0,33.0,2.0,0.08,0.0,0.0,20.0,15.0,2.0,124.0,21.0,23.0,,,0.0,,,,,,,,,,,,,,,,True,alta,1,Carrilero,1.561199959481193
ENG-Premier League,2526,Brentford,Mikkel Damsgaard,DEN,MF,25.0,2000.0,33.0,24.0,2054.0,22.8,4.0,4.0,8.0,4.0,0.0,0.0,0.0,0.0,0.18,0.18,0.35,0.18,0.35,22.8,4.0,29.0,11.0,37.9,1.27,0.48,0.14,0.36,0.0,0.0,62.0,60.1,24,78.0,9,9,21.0,2,1.42,37.0,32.0,5.0,0.22,0.35,0.0,18.0,23.0,4.0,95.0,24.0,34.0,,,0.0,,,,,,,,,,,,,,,,True,alta,1,Carrilero,2.6207747193193005
ENG-Premier League,2526,Brentford,Vitaly Janelt,GER,MF,27.0,1998.0,25.0,15.0,1443.0,16.0,1.0,4.0,5.0,1.0,0.0,0.0,8.0,0.0,0.06,0.25,0.31,0.06,0.31,16.0,1.0,12.0,3.0,25.0,0.75,0.19,0.08,0.33,0.0,0.0,58.0,42.2,15,82.0,11,10,21.0,3,1.4,26.0,21.0,5.0,0.31,0.4,0.0,20.0,13.0,0.0,61.0,27.0,17.0,,,0.0,,,,,,,,,,,,,,,,True,alta,3,Pivote destructor,3.434508590378141
ENG-Premier League,2526,Brentford,Yehor Yarmoliuk,UKR,MF,21.0,2004.0,37.0,30.0,2659.0,29.5,1.0,2.0,3.0,1.0,0.0,0.0,7.0,0.0,0.03,0.07,0.1,0.03,0.1,29.5,1.0,16.0,4.0,25.0,0.54,0.14,0.06,0.25,0.0,0.0,72.0,77.7,30,83.0,15,7,26.0,0,1.41,42.0,42.0,0.0,0.0,-0.35,0.0,37.0,12.0,1.0,30.0,28.0,46.0,,,0.0,,,,,,,,,,,,,,,,True,alta,3,Pivote destructor,1.550529540007476
ENG-Premier League,2526,Brighton,Brajan Gruda,GER,MF,21.0,2004.0,18.0,8.0,719.0,8.0,1.0,1.0,2.0,1.0,0.0,0.0,2.0,0.0,0.13,0.13,0.25,0.13,0.25,8.0,1.0,16.0,6.0,37.5,2.0,0.75,0.06,0.17,0.0,0.0,40.0,21.0,8,69.0,0,10,17.0,1,1.28,14.0,11.0,3.0,0.38,0.28,0.0,11.0,14.0,2.0,14.0,2.0,5.0,,,0.0,,,,,,,,,,,,,,,,False,baja,0,Interior de conducción,1.8851301156514861
ENG-Premier League,2526,Brighton,Carlos Baleba,CMR,MF,21.0,2004.0,31.0,23.0,1652.0,18.4,0.0,0.0,0.0,0.0,0.0,0.0,5.0,0.0,0.0,0.0,0.0,0.0,0.0,18.4,0.0,20.0,2.0,10.0,1.09,0.11,0.0,0.0,0.0,0.0,53.0,48.3,23,66.0,3,8,16.0,1,1.39,20.0,20.0,0.0,0.0,-0.31,0.0,31.0,24.0,0.0,0.0,28.0,21.0,,,0.0,,,,,,,,,,,,,,,,True,alta,3,Pivote destructor,2.0641270689033626
ENG-Premier League,2526,Brighton,Diego Gómez,PAR,"MF,FW",22.0,2003.0,32.0,26.0,2120.0,23.6,5.0,1.0,6.0,5.0,0.0,0.0,9.0,0.0,0.21,0.04,0.25,0.21,0.25,23.6,5.0,42.0,14.0,33.3,1.78,0.59,0.12,0.36,0.0,0.0,66.0,62.0,26,75.0,2,6,28.0,0,1.41,26.0,29.0,-3.0,-0.13,-0.75,0.0,49.0,11.0,1.0,23.0,19.0,49.0,,,0.0,,,,,,,,,,,,,,,,True,alta,3,Pivote destructor,3.2928779424763186
ENG-Premier League,2526,Brighton,Ferdi Kadioglu,TUR,"DF,MF",25.0,1999.0,37.0,34.0,3133.0,34.8,1.0,0.0,1.0,1.0,0.0,0.0,6.0,0.0,0.03,0.0,0.03,0.03,0.03,34.8,1.0,28.0,13.0,46.4,0.8,0.37,0.04,0.08,0.0,0.0,85.0,91.6,34,89.0,30,3,38.0,1,1.35,46.0,41.0,5.0,0.14,-0.17,0.0,22.0,36.0,7.0,109.0,25.0,39.0,,,0.0,,,,,,,,,,,,,,,,True,alta,1,Carrilero,2.1335692618140465
ENG-Premier League,2526,Brighton,Georginio Rutter,FRA,"MF,FW",23.0,2002.0,32.0,20.0,1786.0,19.8,3.0,3.0,6.0,3.0,0.0,0.0,2.0,0.0,0.15,0.15,0.3,0.15,0.3,19.8,3.0,42.0,14.0,33.3,2.12,0.71,0.07,0.21,0.0,0.0,56.0,52.2,20,78.0,4,12,19.0,4,1.38,27.0,20.0,7.0,0.35,0.41,0.0,30.0,34.0,11.0,20.0,11.0,19.0,,,1.0,,,,,,,,,,,,,,,,True,alta,2,Interior ofensivo,2.2033535216025846
ENG-Premier League,2526,Brighton,Jack Hinshelwood,ENG,MF,20.0,2005.0,27.0,20.0,1741.0,19.3,4.0,3.0,7.0,4.0,0.0,0.0,0.0,0.0,0.21,0.16,0.36,0.21,0.36,19.3,4.0,37.0,15.0,40.5,1.91,0.78,0.11,0.27,0.0,0.0,64.0,50.9,20,76.0,4,7,32.0,2,1.33,23.0,23.0,0.0,0.0,-0.32,0.0,32.0,12.0,2.0,7.0,6.0,13.0,,,1.0,,,,,,,,,,,,,,,,True,alta,2,Interior ofensivo,3.008781362600659
ENG-Premier League,2526,Brighton,James Milner,ENG,MF,39.0,1986.0,20.0,7.0,784.0,8.7,1.0,1.0,2.0,0.0,1.0,1.0,2.0,0.0,0.11,0.11,0.23,0.0,0.11,8.7,1.0,8.0,2.0,25.0,0.92,0.23,0.13,0.5,1.0,1.0,39.0,22.9,7,76.0,1,13,19.0,8,1.4,16.0,17.0,-1.0,-0.11,-0.35,0.0,15.0,3.0,1.0,14.0,5.0,9.0,,,0.0,,,,,,,,,,,,,,,,False,baja,3,Pivote destructor,2.5580150708231417
ENG-Premier League,2526,Brighton,Kaoru Mitoma,JPN,"MF,FW",28.0,1997.0,25.0,19.0,1721.0,19.1,3.0,1.0,4.0,3.0,0.0,0.0,5.0,0.0,0.16,0.05,0.21,0.16,0.21,19.1,3.0,32.0,13.0,40.6,1.67,0.68,0.09,0.23,0.0,0.0,69.0,50.3,19,82.0,10,6,28.0,0,1.4,24.0,20.0,4.0,0.21,0.1,0.0,31.0,21.0,4.0,46.0,8.0,12.0,,,0.0,,,,,,,,,,,,,,,,True,alta,0,Interior de conducción,1.7872988901048832
ENG-Premier League,2526,Brighton,Maxim De Cuyper,BEL,"DF,MF",24.0,2000.0,30.0,17.0,1414.0,15.7,2.0,3.0,5.0,2.0,0.0,0.0,2.0,0.0,0.13,0.19,0.32,0.13,0.32,15.7,2.0,13.0,6.0,46.2,0.83,0.38,0.15,0.33,0.0,0.0,47.0,41.3,17,70.0,5,13,17.0,6,1.4,21.0,23.0,-2.0,-0.13,-0.49,0.0,18.0,21.0,1.0,77.0,11.0,10.0,,,0.0,,,,,,,,,,,,,,,,True,alta,1,Carrilero,2.103011944627567
ENG-Premier League,2526,Brighton,Pascal Groß,GER,MF,34.0,1991.0,19.0,18.0,1636.0,18.2,1.0,3.0,4.0,1.0,0.0,0.0,2.0,0.0,0.06,0.17,0.22,0.06,0.22,18.2,1.0,18.0,9.0,50.0,0.99,0.5,0.06,0.11,0.0,0.0,86.0,47.8,18,90.0,16,1,20.0,0,1.47,22.0,17.0,5.0,0.28,0.22,0.0,17.0,12.0,4.0,119.0,11.0,17.0,,,0.0,,,,,,,,,,,,,,,,True,alta,1,Carrilero,1.8656459027081527
ENG-Premier League,2526,Brighton,Yankuba Minteh,GAM,MF,21.0,2004.0,34.0,26.0,2391.0,26.6,3.0,4.0,7.0,3.0,0.0,0.0,3.0,0.0,0.11,0.15,0.26,0.11,0.26,26.6,3.0,41.0,11.0,26.8,1.54,0.41,0.07,0.27,0.0,0.0,70.0,69.9,26,83.0,11,8,29.0,2,1.26,39.0,33.0,6.0,0.23,0.23,0.0,32.0,22.0,10.0,159.0,15.0,37.0,,,0.0,,,,,,,,,,,,,,,,True,alta,1,Carrilero,2.671478566781553
ENG-Premier League,2526,Brighton,Yasin Ayari,SWE,MF,21.0,2003.0,29.0,20.0,1929.0,21.4,3.0,3.0,6.0,3.0,0.0,0.0,1.0,0.0,0.14,0.14,0.28,0.14,0.28,21.4,3.0,41.0,10.0,24.4,1.91,0.47,0.07,0.3,0.0,0.0,67.0,56.4,20,86.0,15,9,22.0,2,1.55,32.0,24.0,8.0,0.37,0.49,0.0,24.0,28.0,0.0,24.0,26.0,25.0,,,0.0,,,,,,,,,,,,,,,,True,alta,1,Carrilero,2.767969857269753
ENG-Premier League,2526,Burnley,Bashir Humphreys,ENG,"DF,MF",22.0,2003.0,20.0,17.0,1578.0,17.5,0.0,0.0,0.0,0.0,0.0,0.0,6.0,0.0,0.0,0.0,0.0,0.0,0.0,17.5,0.0,9.0,3.0,33.3,0.51,0.17,0.0,0.0,0.0,0.0,79.0,46.1,17,88.0,13,3,29.0,6,0.5,15.0,33.0,-18.0,-1.03,-0.1,0.0,14.0,10.0,2.0,17.0,11.0,17.0,,,0.0,,,,,,,,,,,,,,,,True,alta,3,Pivote destructor,2.5354149832733763
ENG-Premier League,2526,Burnley,Florentino Luís,POR,MF,25.0,1999.0,31.0,25.0,2105.0,23.4,0.0,2.0,2.0,0.0,0.0,0.0,6.0,0.0,0.0,0.09,0.09,0.0,0.09,23.4,0.0,13.0,2.0,15.4,0.56,0.09,0.0,0.0,0.0,0.0,68.0,61.5,25,79.0,9,6,20.0,4,0.52,20.0,45.0,-25.0,-1.07,-0.25,0.0,40.0,8.0,1.0,11.0,40.0,49.0,,,0.0,,,,,,,,,,,,,,,,True,alta,3,Pivote destructor,2.6222006455123554
ENG-Premier League,2526,Burnley,Hannibal Mejbri,TUN,MF,22.0,2003.0,27.0,15.0,1229.0,13.7,1.0,4.0,5.0,1.0,0.0,0.0,10.0,0.0,0.07,0.29,0.37,0.07,0.37,13.7,1.0,19.0,5.0,26.3,1.39,0.37,0.05,0.2,0.0,0.0,46.0,35.9,15,70.0,3,12,15.0,2,0.74,16.0,27.0,-11.0,-0.81,0.26,0.0,23.0,46.0,3.0,30.0,7.0,17.0,,,0.0,,,,,,,,,,,,,,,,True,alta,0,Interior de conducción,3.532850613102685
ENG-Premier League,2526,Burnley,Jacob Bruun Larsen,DEN,"MF,FW",26.0,1998.0,28.0,10.0,1030.0,11.4,0.0,1.0,1.0,0.0,0.0,0.0,0.0,0.0,0.0,0.09,0.09,0.0,0.09,11.4,0.0,17.0,4.0,23.5,1.49,0.35,0.0,0.0,0.0,0.0,37.0,30.1,10,67.0,0,18,20.0,4,0.61,12.0,29.0,-17.0,-1.49,-0.73,0.0,1.0,0.0,4.0,42.0,6.0,3.0,,,0.0,,,,,,,,,,,,,,,,True,alta,1,Carrilero,4.618623647395116
ENG-Premier League,2526,Burnley,Jaidon Anthony,ENG,MF,25.0,1999.0,37.0,32.0,2722.0,30.2,8.0,2.0,10.0,8.0,0.0,0.0,4.0,0.0,0.26,0.07,0.33,0.26,0.33,30.2,8.0,55.0,23.0,41.8,1.82,0.76,0.15,0.35,0.0,0.0,74.0,79.6,32,82.0,13,5,17.0,1,0.59,30.0,59.0,-29.0,-0.96,0.07,0.0,27.0,47.0,9.0,80.0,16.0,21.0,,,0.0,,,,,,,,,,,,,,,,True,alta,2,Interior ofensivo,1.2564309927511663
ENG-Premier League,2526,Burnley,James Ward-Prowse,ENG,MF,30.0,1994.0,13.0,7.0,684.0,7.6,0.0,1.0,1.0,0.0,0.0,0.0,1.0,0.0,0.0,0.13,0.13,0.0,0.13,7.6,0.0,3.0,2.0,66.7,0.39,0.26,0.0,0.0,0.0,0.0,53.0,20.0,7,82.0,4,6,18.0,1,0.54,6.0,16.0,-10.0,-1.32,-0.43,0.0,4.0,11.0,0.0,52.0,15.0,4.0,,,0.0,,,,,,,,,,,,,,,,False,baja,1,Carrilero,3.598059320661293
ENG-Premier League,2526,Burnley,Josh Cullen,IRL,MF,29.0,1996.0,18.0,18.0,1514.0,16.8,2.0,2.0,4.0,2.0,0.0,0.0,2.0,0.0,0.12,0.12,0.24,0.12,0.24,16.8,2.0,11.0,6.0,54.5,0.65,0.36,0.18,0.33,0.0,0.0,84.0,44.3,18,84.0,12,0,,0,0.67,18.0,29.0,-11.0,-0.65,0.57,0.0,16.0,18.0,0.0,12.0,24.0,19.0,,,1.0,,,,,,,,,,,,,,,,True,alta,3,Pivote destructor,2.171085808394735
ENG-Premier League,2526,Burnley,Josh Laurent,ENG,"DF,MF",30.0,1995.0,33.0,18.0,1764.0,19.6,1.0,0.0,1.0,1.0,0.0,0.0,7.0,1.0,0.05,0.0,0.05,0.05,0.05,19.6,1.0,15.0,4.0,26.7,0.77,0.2,0.07,0.25,0.0,0.0,53.0,51.6,18,81.0,9,15,20.0,4,0.64,17.0,40.0,-23.0,-1.17,-0.41,0.0,31.0,11.0,2.0,14.0,28.0,25.0,,,0.0,,,,,,,,,,,,,,,,True,alta,3,Pivote destructor,1.8050240139062985
ENG-Premier League,2526,Burnley,Kyle Walker,ENG,"DF,MF",35.0,1990.0,36.0,35.0,3096.0,34.4,0.0,2.0,2.0,0.0,0.0,0.0,9.0,0.0,0.0,0.06,0.06,0.0,0.06,34.4,0.0,4.0,0.0,0.0,0.12,0.0,0.0,,0.0,0.0,86.0,90.5,35,88.0,32,1,9.0,1,0.61,31.0,66.0,-35.0,-1.02,-0.46,0.0,32.0,22.0,1.0,37.0,43.0,32.0,,,0.0,,,,,,,,,,,,,,,,True,alta,3,Pivote destructor,2.2461979436002273
ENG-Premier League,2526,Burnley,Lesley Ugochukwu,FRA,MF,21.0,2004.0,35.0,27.0,2336.0,26.0,3.0,1.0,4.0,3.0,0.0,0.0,3.0,1.0,0.12,0.04,0.15,0.12,0.15,26.0,3.0,23.0,8.0,34.8,0.89,0.31,0.13,0.38,0.0,0.0,67.0,68.3,27,78.0,5,8,29.0,2,0.6,28.0,50.0,-22.0,-0.85,0.4,1.0,28.0,30.0,1.0,7.0,17.0,26.0,,,0.0,,,,,,,,,,,,,,,,True,alta,3,Pivote destructor,2.126042537475489
ENG-Premier League,2526,Burnley,Loum Tchaouna,FRA,"MF,FW",21.0,2003.0,29.0,14.0,1272.0,14.1,2.0,1.0,3.0,2.0,0.0,0.0,2.0,0.0,0.14,0.07,0.21,0.14,0.21,14.1,2.0,23.0,9.0,39.1,1.63,0.64,0.09,0.22,0.0,0.0,44.0,37.2,14,71.0,2,15,18.0,9,0.41,13.0,24.0,-11.0,-0.78,0.31,0.0,12.0,16.0,1.0,34.0,2.0,9.0,,,0.0,,,,,,,,,,,,,,,,True,alta,2,Interior ofensivo,2.0618437689425364
ENG-Premier League,2526,Burnley,Lucas,BRA,"MF,DF",24.0,2001.0,20.0,15.0,1409.0,15.7,0.0,0.0,0.0,0.0,0.0,0.0,1.0,1.0,0.0,0.0,0.0,0.0,0.0,15.7,0.0,16.0,4.0,25.0,1.02,0.26,0.0,0.0,0.0,0.0,70.0,41.2,15,87.0,14,5,21.0,13,0.45,16.0,29.0,-13.0,-0.83,0.24,0.0,15.0,4.0,5.0,56.0,19.0,22.0,,,0.0,,,,,,,,,,,,,,,,True,alta,1,Carrilero,3.054863700463936
ENG-Premier League,2526,Burnley,Lyle Foster,RSA,"FW,MF",24.0,2000.0,26.0,15.0,1371.0,15.2,3.0,2.0,5.0,3.0,0.0,0.0,4.0,0.0,0.2,0.13,0.33,0.2,0.33,15.2,3.0,20.0,6.0,30.0,1.31,0.39,0.15,0.5,0.0,0.0,53.0,40.1,15,75.0,3,11,22.0,2,0.58,11.0,30.0,-19.0,-1.25,-0.46,0.0,22.0,13.0,11.0,6.0,4.0,12.0,,,0.0,,,,,,,,,,,,,,,,True,alta,0,Interior de conducción,2.916128645595121
ENG-Premier League,2526,Burnley,Marcus Edwards,ENG,"MF,FW",26.0,1998.0,23.0,11.0,1067.0,11.9,1.0,3.0,4.0,1.0,0.0,0.0,0.0,0.0,0.08,0.25,0.34,0.08,0.34,11.9,1.0,23.0,6.0,26.1,1.94,0.51,0.04,0.17,0.0,0.0,46.0,31.2,11,79.0,2,12,16.0,12,0.48,14.0,18.0,-4.0,-0.34,0.92,0.0,7.0,18.0,1.0,19.0,3.0,6.0,,,0.0,,,,,,,,,,,,,,,,True,alta,2,Interior ofensivo,2.5438150332898672
ENG-Premier League,2526,Chelsea,Alejandro Garnacho,ARG,MF,21.0,2004.0,24.0,14.0,1268.0,14.1,1.0,4.0,5.0,1.0,0.0,0.0,2.0,0.0,0.07,0.28,0.35,0.07,0.35,14.1,1.0,33.0,7.0,21.2,2.34,0.5,0.03,0.14,0.0,0.0,53.0,37.1,14,68.0,4,10,31.0,9,1.46,20.0,20.0,0.0,0.0,-0.25,0.0,9.0,23.0,2.0,61.0,4.0,13.0,,,0.0,,,,,,,,,,,,,,,,True,alta,2,Interior ofensivo,2.29756890655711
ENG-Premier League,2526,Chelsea,Andrey Santos,BRA,MF,21.0,2004.0,27.0,13.0,1260.0,14.0,1.0,0.0,1.0,1.0,0.0,0.0,4.0,0.0,0.07,0.0,0.07,0.07,0.07,14.0,1.0,11.0,2.0,18.2,0.79,0.14,0.09,0.5,0.0,0.0,47.0,36.8,13,71.0,4,14,24.0,10,1.48,21.0,18.0,3.0,0.21,0.09,0.0,13.0,22.0,1.0,2.0,18.0,21.0,,,0.0,,,,,,,,,,,,,,,,True,alta,3,Pivote destructor,1.9497062871728694
ENG-Premier League,2526,Chelsea,Cole Palmer,ENG,MF,23.0,2002.0,26.0,24.0,1955.0,21.7,10.0,1.0,11.0,5.0,5.0,6.0,5.0,0.0,0.46,0.05,0.51,0.23,0.28,21.7,10.0,64.0,25.0,39.1,2.95,1.15,0.16,0.4,5.0,6.0,75.0,57.2,24,79.0,12,2,33.0,1,1.04,32.0,33.0,-1.0,-0.05,-0.48,0.0,13.0,37.0,2.0,35.0,13.0,12.0,,,0.0,,,,,,,,,,,,,,,,True,alta,2,Interior ofensivo,2.4093702145789258
ENG-Premier League,2526,Chelsea,Enzo Fernández,ARG,MF,24.0,2001.0,36.0,35.0,3115.0,34.6,10.0,4.0,14.0,8.0,2.0,2.0,10.0,0.0,0.29,0.12,0.4,0.23,0.35,34.6,10.0,72.0,31.0,43.1,2.08,0.9,0.14,0.32,2.0,2.0,87.0,91.1,35,88.0,28,1,37.0,0,1.36,53.0,46.0,7.0,0.2,0.5,0.0,36.0,45.0,1.0,89.0,20.0,24.0,,,0.0,,,,,,,,,,,,,,,,True,alta,0,Interior de conducción,1.9599794518244635
ENG-Premier League,2526,Chelsea,Estêvão Willian,BRA,MF,18.0,2007.0,22.0,12.0,848.0,9.4,2.0,2.0,4.0,2.0,0.0,0.0,4.0,0.0,0.21,0.21,0.42,0.21,0.42,9.4,2.0,28.0,8.0,28.6,2.97,0.85,0.07,0.25,0.0,0.0,39.0,24.8,12,54.0,0,10,20.0,3,1.36,19.0,11.0,8.0,0.85,0.92,0.0,12.0,9.0,6.0,16.0,4.0,6.0,,,0.0,,,,,,,,,,,,,,,,False,baja,2,Interior ofensivo,2.9081786482031378
ENG-Premier League,2526,Chelsea,Jamie Gittens,ENG,MF,20.0,2004.0,16.0,5.0,495.0,5.5,0.0,2.0,2.0,0.0,0.0,0.0,0.0,0.0,0.0,0.36,0.36,0.0,0.36,5.5,0.0,10.0,2.0,20.0,1.82,0.36,0.0,0.0,0.0,0.0,31.0,14.5,5,57.0,1,11,19.0,6,2.06,7.0,7.0,0.0,0.0,-0.18,0.0,6.0,8.0,2.0,13.0,2.0,4.0,,,0.0,,,,,,,,,,,,,,,,False,baja,2,Interior ofensivo,3.1101736496252568
ENG-Premier League,2526,Chelsea,João Pedro,BRA,"FW,MF",23.0,2001.0,35.0,31.0,2661.0,29.6,15.0,5.0,20.0,15.0,0.0,0.0,5.0,0.0,0.51,0.17,0.68,0.51,0.68,29.6,15.0,73.0,28.0,38.4,2.47,0.95,0.21,0.54,0.0,0.0,76.0,77.8,31,82.0,14,4,31.0,0,1.4,48.0,36.0,12.0,0.41,1.12,0.0,38.0,55.0,16.0,18.0,6.0,17.0,,,0.0,,,,,,,,,,,,,,,,True,alta,2,Interior ofensivo,2.4215887564873073
ENG-Premier League,2526,Chelsea,Malo Gusto,FRA,"DF,MF",22.0,2003.0,34.0,26.0,2261.0,25.1,2.0,3.0,5.0,2.0,0.0,0.0,5.0,1.0,0.08,0.12,0.2,0.08,0.2,25.1,2.0,12.0,6.0,50.0,0.48,0.24,0.17,0.33,0.0,0.0,67.0,66.1,26,80.0,10,8,24.0,1,1.32,42.0,35.0,7.0,0.28,0.36,1.0,20.0,20.0,1.0,58.0,30.0,23.0,,,1.0,,,,,,,,,,,,,,,,True,alta,1,Carrilero,1.5059822806566512
ENG-Premier League,2526,Chelsea,Moisés Caicedo,ECU,MF,23.0,2001.0,33.0,32.0,2795.0,31.1,3.0,1.0,4.0,3.0,0.0,0.0,11.0,1.0,0.1,0.03,0.13,0.1,0.13,31.1,3.0,27.0,7.0,25.9,0.87,0.23,0.11,0.43,0.0,0.0,85.0,81.7,32,86.0,26,1,45.0,1,1.33,51.0,46.0,5.0,0.16,0.02,0.0,54.0,55.0,0.0,8.0,59.0,47.0,,,0.0,,,,,,,,,,,,,,,,True,alta,3,Pivote destructor,2.4315869392653178
ENG-Premier League,2526,Chelsea,Pedro Neto,POR,"MF,FW",25.0,2000.0,34.0,30.0,2631.0,29.2,5.0,6.0,11.0,5.0,0.0,0.0,4.0,1.0,0.17,0.21,0.38,0.17,0.38,29.2,5.0,46.0,13.0,28.3,1.57,0.44,0.11,0.38,0.0,0.0,77.0,76.9,30,82.0,16,4,46.0,0,1.41,45.0,33.0,12.0,0.41,1.09,1.0,17.0,25.0,6.0,184.0,6.0,11.0,,,0.0,,,,,,,,,,,,,,,,True,alta,2,Interior ofensivo,2.2664470692470613
ENG-Premier League,2526,Chelsea,Reece James,ENG,"DF,MF",25.0,1999.0,29.0,20.0,1963.0,21.8,2.0,4.0,6.0,2.0,0.0,0.0,4.0,0.0,0.09,0.18,0.28,0.09,0.28,21.8,2.0,22.0,7.0,31.8,1.01,0.32,0.09,0.29,0.0,0.0,68.0,57.4,20,86.0,15,9,27.0,3,1.55,33.0,20.0,13.0,0.6,1.03,0.0,26.0,22.0,1.0,126.0,32.0,33.0,,,0.0,,,,,,,,,,,,,,,,True,alta,1,Carrilero,2.506505654948238
ENG-Premier League,2526,Crystal Palace,Adam Wharton,ENG,MF,21.0,2004.0,34.0,29.0,2552.0,28.4,1.0,5.0,6.0,1.0,0.0,0.0,6.0,1.0,0.04,0.18,0.21,0.04,0.21,28.4,1.0,32.0,6.0,18.8,1.13,0.21,0.03,0.17,0.0,0.0,75.0,74.6,29,83.0,15,5,30.0,0,1.15,33.0,43.0,-10.0,-0.35,-0.35,1.0,35.0,31.0,0.0,86.0,27.0,36.0,,,0.0,,,,,,,,,,,,,,,,True,alta,1,Carrilero,2.0296779893081873
ENG-Premier League,2526,Crystal Palace,Brennan Johnson,WAL,"MF,FW",24.0,2001.0,18.0,13.0,1112.0,12.4,0.0,1.0,1.0,0.0,0.0,0.0,4.0,0.0,0.0,0.08,0.08,0.0,0.08,12.4,0.0,17.0,3.0,17.6,1.38,0.24,0.0,0.0,0.0,0.0,62.0,32.5,13,76.0,4,5,24.0,1,1.0,7.0,19.0,-12.0,-0.97,-1.05,0.0,18.0,11.0,6.0,45.0,2.0,7.0,,,0.0,,,,,,,,,,,,,,,,True,alta,0,Interior de conducción,3.3728958783142575
ENG-Premier League,2526,Crystal Palace,Daichi Kamada,JPN,MF,28.0,1996.0,28.0,22.0,1902.0,21.1,0.0,0.0,0.0,0.0,0.0,0.0,3.0,0.0,0.0,0.0,0.0,0.0,0.0,21.1,0.0,19.0,4.0,21.1,0.9,0.19,0.0,0.0,0.0,0.0,68.0,55.6,22,80.0,8,6,22.0,0,1.43,32.0,28.0,4.0,0.19,1.02,0.0,30.0,28.0,1.0,42.0,14.0,35.0,,,0.0,,,,,,,,,,,,,,,,True,alta,3,Pivote destructor,2.0345188951452156
ENG-Premier League,2526,Crystal Palace,Daniel Muñoz,COL,MF,29.0,1996.0,29.0,29.0,2399.0,26.7,4.0,3.0,7.0,4.0,0.0,0.0,7.0,0.0,0.15,0.11,0.26,0.15,0.26,26.7,4.0,26.0,12.0,46.2,0.98,0.45,0.15,0.33,0.0,0.0,83.0,70.1,29,83.0,22,0,,0,1.34,31.0,33.0,-2.0,-0.08,0.63,0.0,34.0,18.0,8.0,62.0,24.0,48.0,,,0.0,,,,,,,,,,,,,,,,True,alta,0,Interior de conducción,2.574304132451031
ENG-Premier League,2526,Crystal Palace,Ismaila Sarr,SEN,MF,27.0,1998.0,28.0,24.0,2174.0,24.2,9.0,1.0,10.0,6.0,3.0,3.0,2.0,0.0,0.37,0.04,0.41,0.25,0.29,24.2,9.0,48.0,21.0,43.8,1.99,0.87,0.19,0.43,3.0,3.0,78.0,63.6,24,85.0,18,4,34.0,0,1.18,31.0,29.0,2.0,0.08,0.95,0.0,12.0,42.0,14.0,24.0,7.0,9.0,,,0.0,,,,,,,,,,,,,,,,True,alta,2,Interior ofensivo,2.528727777003048
ENG-Premier League,2526,Crystal Palace,Jefferson Lerma,COL,"MF,DF",30.0,1994.0,31.0,18.0,1733.0,19.3,0.0,2.0,2.0,0.0,0.0,0.0,7.0,0.0,0.0,0.1,0.1,0.0,0.1,19.3,0.0,19.0,7.0,36.8,0.99,0.36,0.0,0.0,0.0,0.0,56.0,50.7,18,83.0,15,13,18.0,4,1.19,19.0,25.0,-6.0,-0.31,-0.1,0.0,25.0,24.0,0.0,12.0,25.0,18.0,,,2.0,,,,,,,,,,,,,,,,True,alta,3,Pivote destructor,1.820774612432527
ENG-Premier League,2526,Crystal Palace,Justin Devenny,NIR,"MF,FW",21.0,2003.0,21.0,7.0,796.0,8.8,1.0,0.0,1.0,0.0,1.0,1.0,0.0,0.0,0.11,0.0,0.11,0.0,0.0,8.8,1.0,13.0,4.0,30.8,1.47,0.45,0.08,0.25,1.0,1.0,38.0,23.3,7,84.0,3,14,15.0,15,1.29,7.0,15.0,-8.0,-0.9,-0.84,0.0,11.0,10.0,1.0,17.0,1.0,11.0,,,0.0,,,,,,,,,,,,,,,,False,baja,1,Carrilero,3.59229931944571
ENG-Premier League,2526,Crystal Palace,Nathaniel Clyne,ENG,"MF,DF",34.0,1991.0,10.0,7.0,594.0,6.6,0.0,1.0,1.0,0.0,0.0,0.0,1.0,0.0,0.0,0.15,0.15,0.0,0.15,6.6,0.0,3.0,0.0,0.0,0.45,0.0,0.0,,0.0,0.0,59.0,17.4,7,72.0,1,3,30.0,24,1.0,6.0,12.0,-6.0,-0.91,-0.78,0.0,4.0,2.0,0.0,15.0,7.0,9.0,,,0.0,,,,,,,,,,,,,,,,False,baja,1,Carrilero,2.3547262540362217
ENG-Premier League,2526,Crystal Palace,Tyrick Mitchell,ENG,MF,25.0,1999.0,38.0,36.0,3251.0,36.1,1.0,2.0,3.0,1.0,0.0,0.0,6.0,0.0,0.03,0.06,0.08,0.03,0.08,36.1,1.0,19.0,7.0,36.8,0.53,0.19,0.05,0.14,0.0,0.0,86.0,95.1,36,88.0,31,2,45.0,0,1.18,38.0,47.0,-9.0,-0.25,0.28,0.0,24.0,28.0,5.0,104.0,33.0,65.0,,,0.0,,,,,,,,,,,,,,,,True,alta,1,Carrilero,2.0695030794770846
ENG-Premier League,2526,Crystal Palace,Will Hughes,ENG,MF,30.0,1995.0,31.0,19.0,1571.0,17.5,0.0,0.0,0.0,0.0,0.0,0.0,7.0,0.0,0.0,0.0,0.0,0.0,0.0,17.5,0.0,17.0,0.0,0.0,0.97,0.0,0.0,,0.0,0.0,51.0,45.9,19,73.0,8,12,16.0,6,1.26,11.0,18.0,-7.0,-0.4,-0.25,0.0,24.0,25.0,0.0,45.0,15.0,16.0,,,0.0,,,,,,,,,,,,,,,,True,alta,3,Pivote destructor,2.318880439113832
ENG-Premier League,2526,Crystal Palace,Yéremy Pino,ESP,"MF,FW",22.0,2002.0,34.0,26.0,2080.0,23.1,2.0,2.0,4.0,2.0,0.0,0.0,4.0,0.0,0.09,0.09,0.17,0.09,0.17,23.1,2.0,45.0,11.0,24.4,1.95,0.48,0.04,0.18,0.0,0.0,61.0,60.8,26,73.0,4,8,23.0,2,1.15,20.0,28.0,-8.0,-0.35,-0.21,0.0,30.0,24.0,10.0,79.0,8.0,20.0,,,0.0,,,,,,,,,,,,,,,,True,alta,2,Interior ofensivo,1.9943125820118006
ENG-Premier League,2526,Everton,Carlos Alcaraz,ARG,MF,22.0,2002.0,20.0,6.0,689.0,7.7,0.0,1.0,1.0,0.0,0.0,0.0,4.0,0.0,0.0,0.13,0.13,0.0,0.13,7.7,0.0,20.0,5.0,25.0,2.61,0.65,0.0,0.0,0.0,0.0,34.0,20.1,6,75.0,0,14,17.0,8,1.15,8.0,10.0,-2.0,-0.26,-0.23,0.0,10.0,12.0,1.0,6.0,2.0,9.0,,,0.0,,,,,,,,,,,,,,,,False,baja,0,Interior de conducción,3.0956909922237967
ENG-Premier League,2526,Everton,Dwight McNeil,ENG,MF,25.0,1999.0,22.0,14.0,1168.0,13.0,0.0,1.0,1.0,0.0,0.0,0.0,1.0,0.0,0.0,0.08,0.08,0.0,0.08,13.0,0.0,24.0,5.0,20.8,1.85,0.39,0.0,0.0,0.0,0.0,53.0,34.2,14,76.0,3,8,13.0,14,1.45,14.0,9.0,5.0,0.39,0.7,0.0,11.0,7.0,2.0,40.0,10.0,16.0,,,0.0,,,,,,,,,,,,,,,,True,alta,1,Carrilero,1.9436009390711275
ENG-Premier League,2526,Everton,Harrison Armstrong,ENG,MF,18.0,2007.0,13.0,6.0,529.0,5.9,0.0,0.0,0.0,0.0,0.0,0.0,0.0,0.0,0.0,0.0,0.0,0.0,0.0,5.9,0.0,5.0,2.0,40.0,0.85,0.34,0.0,0.0,0.0,0.0,41.0,15.5,6,73.0,1,7,13.0,7,1.23,4.0,11.0,-7.0,-1.19,-1.32,0.0,6.0,15.0,2.0,3.0,4.0,10.0,,,0.0,,,,,,,,,,,,,,,,False,baja,3,Pivote destructor,4.117690346413853
ENG-Premier League,2526,Everton,Idrissa Gueye,SEN,MF,35.0,1989.0,25.0,25.0,2093.0,23.3,2.0,3.0,5.0,2.0,0.0,0.0,1.0,1.0,0.09,0.13,0.22,0.09,0.22,23.3,2.0,29.0,7.0,24.1,1.25,0.3,0.07,0.29,0.0,0.0,84.0,61.2,25,84.0,16,0,,0,1.32,26.0,26.0,0.0,0.0,0.2,0.0,21.0,31.0,0.0,19.0,29.0,21.0,,,0.0,,,,,,,,,,,,,,,,True,alta,1,Carrilero,2.4232661110296734
ENG-Premier League,2526,Everton,Iliman Ndiaye,SEN,MF,25.0,2000.0,32.0,32.0,2778.0,30.9,6.0,3.0,9.0,4.0,2.0,2.0,2.0,0.0,0.19,0.1,0.29,0.13,0.23,30.9,6.0,43.0,22.0,51.2,1.39,0.71,0.14,0.27,2.0,2.0,87.0,81.2,32,87.0,21,0,,0,1.28,40.0,44.0,-4.0,-0.13,-0.27,0.0,30.0,37.0,12.0,55.0,17.0,40.0,,,0.0,,,,,,,,,,,,,,,,True,alta,2,Interior ofensivo,2.266664795308267
ENG-Premier League,2526,Everton,Jack Grealish,ENG,MF,29.0,1995.0,20.0,18.0,1627.0,18.1,2.0,6.0,8.0,2.0,0.0,0.0,5.0,1.0,0.11,0.33,0.44,0.11,0.44,18.1,2.0,26.0,8.0,30.8,1.44,0.44,0.08,0.25,0.0,0.0,81.0,47.6,18,88.0,11,2,20.0,0,1.55,23.0,23.0,0.0,0.0,0.15,1.0,13.0,58.0,0.0,39.0,11.0,15.0,,,0.0,,,,,,,,,,,,,,,,True,alta,0,Interior de conducción,3.2153046491115687
ENG-Premier League,2526,Everton,James Garner,ENG,"MF,DF",24.0,2001.0,38.0,38.0,3413.0,37.9,2.0,7.0,9.0,2.0,0.0,0.0,12.0,0.0,0.05,0.18,0.24,0.05,0.24,37.9,2.0,45.0,14.0,31.1,1.19,0.37,0.04,0.14,0.0,0.0,90.0,99.8,38,90.0,37,0,,0,1.29,47.0,50.0,-3.0,-0.08,-0.08,0.0,39.0,42.0,0.0,205.0,57.0,72.0,,,0.0,,,,,,,,,,,,,,,,True,alta,3,Pivote destructor,3.291326829551109
ENG-Premier League,2526,Everton,Kiernan Dewsbury-Hall,ENG,MF,26.0,1998.0,31.0,30.0,2626.0,29.2,8.0,4.0,12.0,8.0,0.0,0.0,6.0,0.0,0.27,0.14,0.41,0.27,0.41,29.2,8.0,39.0,15.0,38.5,1.34,0.51,0.21,0.53,0.0,0.0,85.0,76.8,30,86.0,18,1,45.0,0,1.23,38.0,39.0,-1.0,-0.03,0.19,0.0,32.0,48.0,2.0,112.0,14.0,26.0,,,0.0,,,,,,,,,,,,,,,,True,alta,0,Interior de conducción,1.6989829109849455
ENG-Premier League,2526,Everton,Merlin Röhl,GER,MF,23.0,2002.0,16.0,6.0,682.0,7.6,1.0,0.0,1.0,1.0,0.0,0.0,0.0,0.0,0.13,0.0,0.13,0.13,0.13,7.6,1.0,11.0,1.0,9.1,1.45,0.13,0.09,1.0,0.0,0.0,43.0,19.9,6,83.0,2,10,19.0,11,1.06,12.0,13.0,-1.0,-0.13,-0.07,0.0,20.0,7.0,2.0,5.0,4.0,13.0,,,0.0,,,,,,,,,,,,,,,,False,baja,0,Interior de conducción,4.153528260017721
ENG-Premier League,2526,Everton,Tim Iroegbunam,ENG,MF,22.0,2003.0,29.0,17.0,1487.0,16.5,0.0,2.0,2.0,0.0,0.0,0.0,9.0,0.0,0.0,0.12,0.12,0.0,0.12,16.5,0.0,12.0,1.0,8.3,0.73,0.06,0.0,0.0,0.0,0.0,51.0,43.5,17,79.0,6,12,12.0,6,1.31,19.0,18.0,1.0,0.06,0.25,0.0,29.0,20.0,0.0,3.0,22.0,44.0,,,0.0,,,,,,,,,,,,,,,,True,alta,3,Pivote destructor,3.3706586712527913
ENG-Premier League,2526,Fulham,Alex Iwobi,NGA,MF,29.0,1996.0,29.0,29.0,2419.0,26.9,4.0,3.0,7.0,4.0,0.0,0.0,3.0,0.0,0.15,0.11,0.26,0.15,0.26,26.9,4.0,39.0,15.0,38.5,1.45,0.56,0.1,0.27,0.0,0.0,83.0,70.7,29,83.0,12,0,,0,1.31,36.0,40.0,-4.0,-0.15,-0.15,0.0,8.0,10.0,1.0,88.0,15.0,18.0,,,0.0,,,,,,,,,,,,,,,,True,alta,1,Carrilero,2.4933637806230546
ENG-Premier League,2526,Fulham,Antonee Robinson,USA,"DF,MF",27.0,1997.0,22.0,17.0,1492.0,16.6,1.0,0.0,1.0,0.0,1.0,1.0,5.0,0.0,0.06,0.0,0.06,0.0,0.0,16.6,1.0,6.0,1.0,16.7,0.36,0.06,0.17,1.0,1.0,1.0,68.0,43.6,17,83.0,12,5,17.0,5,1.36,13.0,19.0,-6.0,-0.36,-0.46,0.0,15.0,9.0,2.0,77.0,28.0,31.0,,,0.0,,,,,,,,,,,,,,,,True,alta,3,Pivote destructor,3.2770134329679546
ENG-Premier League,2526,Fulham,Emile Smith Rowe,ENG,MF,25.0,2000.0,37.0,22.0,1923.0,21.4,3.0,0.0,3.0,3.0,0.0,0.0,1.0,0.0,0.14,0.0,0.14,0.14,0.14,21.4,3.0,36.0,11.0,30.6,1.68,0.51,0.08,0.27,0.0,0.0,52.0,56.2,22,73.0,1,15,21.0,0,1.38,27.0,28.0,-1.0,-0.05,0.13,0.0,10.0,17.0,3.0,13.0,22.0,22.0,,,0.0,,,,,,,,,,,,,,,,True,alta,1,Carrilero,2.9949160619164146
ENG-Premier League,2526,Fulham,Harry Wilson,WAL,MF,28.0,1997.0,36.0,32.0,2673.0,29.7,10.0,7.0,17.0,10.0,0.0,0.0,7.0,0.0,0.34,0.24,0.57,0.34,0.57,29.7,10.0,78.0,25.0,32.1,2.63,0.84,0.13,0.4,0.0,0.0,74.0,78.2,32,81.0,8,4,23.0,0,1.44,40.0,38.0,2.0,0.07,0.79,0.0,13.0,37.0,13.0,115.0,16.0,19.0,,,0.0,,,,,,,,,,,,,,,,True,alta,2,Interior ofensivo,2.199190412440562
ENG-Premier League,2526,Fulham,Joshua King,ENG,MF,18.0,2007.0,32.0,15.0,1308.0,14.5,1.0,2.0,3.0,1.0,0.0,0.0,4.0,0.0,0.07,0.14,0.21,0.07,0.21,14.5,1.0,26.0,11.0,42.3,1.79,0.76,0.04,0.09,0.0,0.0,41.0,38.2,15,65.0,0,17,19.0,3,1.38,14.0,18.0,-4.0,-0.28,-0.28,0.0,13.0,30.0,3.0,12.0,3.0,12.0,,,0.0,,,,,,,,,,,,,,,,True,alta,0,Interior de conducción,2.399398312270911
ENG-Premier League,2526,Fulham,Kevin,BRA,MF,22.0,2003.0,26.0,9.0,1041.0,11.6,1.0,1.0,2.0,1.0,0.0,0.0,1.0,0.0,0.09,0.09,0.17,0.09,0.17,11.6,1.0,25.0,10.0,40.0,2.16,0.86,0.04,0.1,0.0,0.0,40.0,30.4,9,68.0,0,17,25.0,1,1.38,13.0,14.0,-1.0,-0.09,0.03,0.0,14.0,17.0,3.0,43.0,9.0,10.0,,,0.0,,,,,,,,,,,,,,,,True,alta,2,Interior ofensivo,1.989314638823092
ENG-Premier League,2526,Fulham,Oscar Bobb,NOR,MF,22.0,2003.0,14.0,6.0,571.0,6.3,0.0,0.0,0.0,0.0,0.0,0.0,0.0,0.0,0.0,0.0,0.0,0.0,0.0,6.3,0.0,8.0,3.0,37.5,1.26,0.47,0.0,0.0,0.0,0.0,41.0,16.7,6,64.0,0,8,23.0,0,1.29,7.0,7.0,0.0,0.0,0.13,0.0,4.0,8.0,0.0,9.0,6.0,7.0,,,0.0,,,,,,,,,,,,,,,,False,baja,1,Carrilero,2.953894592559986
ENG-Premier League,2526,Fulham,Ryan Sessegnon,ENG,"DF,MF",25.0,2000.0,27.0,20.0,1823.0,20.3,3.0,1.0,4.0,3.0,0.0,0.0,0.0,0.0,0.15,0.05,0.2,0.15,0.2,20.3,3.0,16.0,4.0,25.0,0.79,0.2,0.19,0.75,0.0,0.0,68.0,53.3,20,85.0,14,7,19.0,1,1.33,32.0,29.0,3.0,0.15,0.54,0.0,33.0,3.0,4.0,55.0,23.0,29.0,,,0.0,,,,,,,,,,,,,,,,True,alta,1,Carrilero,3.299866890640925
ENG-Premier League,2526,Fulham,Samuel Chukwueze,NGA,MF,26.0,1999.0,23.0,10.0,1079.0,12.0,3.0,4.0,7.0,3.0,0.0,0.0,0.0,0.0,0.25,0.33,0.58,0.25,0.58,12.0,3.0,25.0,7.0,28.0,2.09,0.58,0.12,0.43,0.0,0.0,47.0,31.5,10,75.0,2,13,26.0,1,1.17,18.0,21.0,-3.0,-0.25,-0.21,0.0,5.0,12.0,3.0,43.0,6.0,4.0,,,0.0,,,,,,,,,,,,,,,,True,alta,2,Interior ofensivo,2.5128142010467376
ENG-Premier League,2526,Fulham,Sander Berge,NOR,MF,27.0,1998.0,35.0,34.0,2905.0,32.3,0.0,1.0,1.0,0.0,0.0,0.0,5.0,0.0,0.0,0.03,0.03,0.0,0.03,32.3,0.0,14.0,3.0,21.4,0.43,0.09,0.0,0.0,0.0,0.0,83.0,84.9,34,85.0,25,1,17.0,2,1.46,43.0,45.0,-2.0,-0.06,0.29,0.0,35.0,14.0,1.0,13.0,26.0,41.0,,,1.0,,,,,,,,,,,,,,,,True,alta,3,Pivote destructor,1.9723114124957541
ENG-Premier League,2526,Fulham,Saša Lukić,SRB,MF,28.0,1996.0,26.0,20.0,1734.0,19.3,1.0,2.0,3.0,1.0,0.0,0.0,9.0,0.0,0.05,0.1,0.16,0.05,0.16,19.3,1.0,18.0,6.0,33.3,0.93,0.31,0.06,0.17,0.0,0.0,67.0,50.7,20,80.0,12,6,24.0,3,1.19,16.0,22.0,-6.0,-0.31,-0.42,0.0,53.0,25.0,2.0,68.0,16.0,28.0,,,0.0,,,,,,,,,,,,,,,,True,alta,0,Interior de conducción,3.0027309520731
ENG-Premier League,2526,Fulham,Timothy Castagne,BEL,"DF,MF",29.0,1995.0,30.0,20.0,1845.0,20.5,0.0,0.0,0.0,0.0,0.0,0.0,4.0,0.0,0.0,0.0,0.0,0.0,0.0,20.5,0.0,14.0,6.0,42.9,0.68,0.29,0.0,0.0,0.0,0.0,62.0,53.9,20,86.0,16,10,12.0,8,1.2,25.0,32.0,-7.0,-0.34,-0.51,0.0,18.0,11.0,1.0,48.0,28.0,24.0,,,0.0,,,,,,,,,,,,,,,,True,alta,3,Pivote destructor,2.1579123855567377
ENG-Premier League,2526,Fulham,Tom Cairney,SCO,MF,34.0,1991.0,24.0,6.0,775.0,8.6,2.0,0.0,2.0,2.0,0.0,0.0,3.0,0.0,0.23,0.0,0.23,0.23,0.23,8.6,2.0,17.0,2.0,11.8,1.97,0.23,0.12,1.0,0.0,0.0,32.0,22.7,6,71.0,0,18,20.0,12,1.46,13.0,10.0,3.0,0.35,0.59,0.0,10.0,11.0,0.0,6.0,4.0,4.0,,,0.0,,,,,,,,,,,,,,,,False,baja,0,Interior de conducción,3.2703400698939373
ENG-Premier League,2526,Leeds United,Anton Stach,GER,MF,26.0,1998.0,29.0,28.0,2370.0,26.3,5.0,3.0,8.0,5.0,0.0,0.0,3.0,0.0,0.19,0.11,0.3,0.19,0.3,26.3,5.0,55.0,14.0,25.5,2.09,0.53,0.09,0.36,0.0,0.0,82.0,69.3,28,84.0,19,1,31.0,1,1.03,31.0,36.0,-5.0,-0.19,-0.02,0.0,36.0,24.0,0.0,155.0,19.0,35.0,,,0.0,,,,,,,,,,,,,,,,True,alta,0,Interior de conducción,2.7972585353328303
ENG-Premier League,2526,Leeds United,Ao Tanaka,JPN,MF,26.0,1998.0,28.0,14.0,1315.0,14.6,2.0,0.0,2.0,2.0,0.0,0.0,1.0,0.0,0.14,0.0,0.14,0.14,0.14,14.6,2.0,17.0,5.0,29.4,1.16,0.34,0.12,0.4,0.0,0.0,47.0,38.5,14,75.0,0,14,19.0,9,1.43,22.0,21.0,1.0,0.07,0.41,0.0,13.0,10.0,0.0,39.0,21.0,15.0,,,0.0,,,,,,,,,,,,,,,,True,alta,1,Carrilero,2.5894042784180478
ENG-Premier League,2526,Leeds United,Brenden Aaronson,USA,"MF,FW",24.0,2000.0,37.0,30.0,2449.0,27.2,4.0,5.0,9.0,4.0,0.0,0.0,3.0,0.0,0.15,0.18,0.33,0.15,0.33,27.2,4.0,47.0,17.0,36.2,1.73,0.62,0.09,0.24,0.0,0.0,66.0,71.6,30,77.0,2,7,21.0,1,1.19,35.0,31.0,4.0,0.15,1.17,0.0,20.0,51.0,5.0,37.0,17.0,27.0,,,0.0,,,,,,,,,,,,,,,,True,alta,2,Interior ofensivo,1.8360774265915654
ENG-Premier League,2526,Leeds United,Daniel James,WAL,"FW,MF",27.0,1997.0,19.0,6.0,559.0,6.2,0.0,0.0,0.0,0.0,0.0,0.0,0.0,0.0,0.0,0.0,0.0,0.0,0.0,6.2,0.0,14.0,3.0,21.4,2.25,0.48,0.0,0.0,0.0,0.0,29.0,16.3,6,61.0,0,13,15.0,4,1.0,0.0,16.0,-16.0,-2.58,-2.86,0.0,1.0,8.0,1.0,50.0,1.0,5.0,,,0.0,,,,,,,,,,,,,,,,False,baja,1,Carrilero,4.5140470343235615
ENG-Premier League,2526,Leeds United,Ethan Ampadu,WAL,MF,24.0,2000.0,35.0,35.0,3119.0,34.7,1.0,1.0,2.0,1.0,0.0,0.0,10.0,0.0,0.03,0.03,0.06,0.03,0.06,34.7,1.0,26.0,6.0,23.1,0.75,0.17,0.04,0.17,0.0,0.0,89.0,91.2,35,89.0,31,0,,0,1.29,45.0,49.0,-4.0,-0.12,0.78,0.0,50.0,36.0,0.0,25.0,50.0,46.0,,,0.0,,,,,,,,,,,,,,,,True,alta,3,Pivote destructor,1.0021009208348572
ENG-Premier League,2526,Leeds United,Gabriel Gudmundsson,SWE,"DF,MF",26.0,1999.0,32.0,31.0,2631.0,29.2,0.0,0.0,0.0,0.0,0.0,0.0,6.0,1.0,0.0,0.0,0.0,0.0,0.0,29.2,0.0,18.0,3.0,16.7,0.62,0.1,0.0,0.0,0.0,0.0,82.0,76.9,31,84.0,21,1,22.0,0,1.19,40.0,45.0,-5.0,-0.17,0.06,1.0,31.0,56.0,3.0,88.0,28.0,47.0,,,1.0,,,,,,,,,,,,,,,,True,alta,3,Pivote destructor,2.4408871983396785
ENG-Premier League,2526,Leeds United,Ilia Gruev,BUL,MF,25.0,2000.0,23.0,15.0,1323.0,14.7,0.0,3.0,3.0,0.0,0.0,0.0,3.0,0.0,0.0,0.2,0.2,0.0,0.2,14.7,0.0,7.0,1.0,14.3,0.48,0.07,0.0,0.0,0.0,0.0,58.0,38.7,15,79.0,6,8,17.0,10,1.52,17.0,22.0,-5.0,-0.34,-0.25,0.0,16.0,9.0,0.0,16.0,14.0,13.0,,,0.0,,,,,,,,,,,,,,,,True,alta,1,Carrilero,2.3546734164780982
ENG-Premier League,2526,Leeds United,James Justin,ENG,"DF,MF",27.0,1998.0,29.0,21.0,1901.0,21.1,2.0,1.0,3.0,2.0,0.0,0.0,4.0,0.0,0.09,0.05,0.14,0.09,0.14,21.1,2.0,24.0,6.0,25.0,1.14,0.28,0.08,0.33,0.0,0.0,66.0,55.6,21,86.0,17,8,12.0,7,1.41,27.0,26.0,1.0,0.05,0.52,0.0,13.0,31.0,2.0,38.0,26.0,38.0,,,0.0,,,,,,,,,,,,,,,,True,alta,3,Pivote destructor,2.5296898182196883
ENG-Premier League,2526,Leeds United,Jayden Bogle,ENG,"MF,DF",25.0,2000.0,34.0,32.0,2793.0,31.0,1.0,2.0,3.0,1.0,0.0,0.0,6.0,0.0,0.03,0.06,0.1,0.03,0.1,31.0,1.0,18.0,4.0,22.2,0.58,0.13,0.06,0.25,0.0,0.0,82.0,81.7,32,86.0,18,2,27.0,0,1.24,38.0,44.0,-6.0,-0.19,-0.05,0.0,39.0,29.0,10.0,67.0,30.0,43.0,,,0.0,,,,,,,,,,,,,,,,True,alta,3,Pivote destructor,2.267581279482454
ENG-Premier League,2526,Leeds United,Noah Okafor,SUI,"FW,MF",25.0,2000.0,28.0,19.0,1561.0,17.3,8.0,1.0,9.0,8.0,0.0,0.0,3.0,0.0,0.46,0.06,0.52,0.46,0.52,17.3,8.0,35.0,15.0,42.9,2.02,0.86,0.23,0.53,0.0,0.0,56.0,45.6,19,72.0,1,9,22.0,1,1.32,29.0,26.0,3.0,0.17,0.66,0.0,18.0,14.0,0.0,36.0,12.0,15.0,,,0.0,,,,,,,,,,,,,,,,True,alta,0,Interior de conducción,2.8495653904077995
ENG-Premier League,2526,Leeds United,Sean Longstaff,ENG,MF,27.0,1997.0,23.0,10.0,1011.0,11.2,2.0,2.0,4.0,2.0,0.0,0.0,2.0,0.0,0.18,0.18,0.36,0.18,0.36,11.2,2.0,16.0,4.0,25.0,1.42,0.36,0.13,0.5,0.0,0.0,44.0,29.6,10,84.0,7,13,13.0,6,1.35,12.0,20.0,-8.0,-0.71,-0.75,0.0,13.0,17.0,1.0,54.0,12.0,24.0,,,0.0,,,,,,,,,,,,,,,,True,alta,0,Interior de conducción,2.8004967474866733
ENG-Premier League,2526,Liverpool,Alexis Mac Allister,ARG,MF,26.0,1998.0,37.0,31.0,2658.0,29.5,2.0,4.0,6.0,2.0,0.0,0.0,7.0,0.0,0.07,0.14,0.2,0.07,0.2,29.5,2.0,52.0,12.0,23.1,1.76,0.41,0.04,0.17,0.0,0.0,72.0,77.7,31,82.0,20,6,20.0,0,1.54,45.0,41.0,4.0,0.14,-0.57,0.0,35.0,32.0,0.0,20.0,18.0,27.0,,,0.0,,,,,,,,,,,,,,,,True,alta,0,Interior de conducción,2.2652548694034955
ENG-Premier League,2526,Liverpool,Cody Gakpo,NED,"MF,FW",26.0,1999.0,36.0,32.0,2737.0,30.4,7.0,5.0,12.0,7.0,0.0,0.0,3.0,0.0,0.23,0.16,0.39,0.23,0.39,30.4,7.0,87.0,21.0,24.1,2.86,0.69,0.08,0.33,0.0,0.0,76.0,80.0,32,82.0,16,4,28.0,0,1.5,48.0,39.0,9.0,0.3,0.16,0.0,42.0,44.0,30.0,86.0,12.0,15.0,,,0.0,,,,,,,,,,,,,,,,True,alta,2,Interior ofensivo,1.714232557934875
ENG-Premier League,2526,Liverpool,Curtis Jones,ENG,"MF,DF",24.0,2001.0,34.0,18.0,1937.0,21.5,1.0,2.0,3.0,1.0,0.0,0.0,2.0,0.0,0.05,0.09,0.14,0.05,0.14,21.5,1.0,22.0,7.0,31.8,1.02,0.33,0.05,0.14,0.0,0.0,57.0,56.6,18,83.0,9,16,28.0,2,1.47,38.0,38.0,0.0,0.0,-0.61,0.0,17.0,29.0,0.0,16.0,18.0,23.0,,,0.0,,,,,,,,,,,,,,,,True,alta,1,Carrilero,2.0285162279643347
ENG-Premier League,2526,Liverpool,Dominik Szoboszlai,HUN,"MF,DF",24.0,2000.0,36.0,36.0,3231.0,35.9,6.0,7.0,13.0,6.0,0.0,1.0,8.0,1.0,0.17,0.19,0.36,0.17,0.36,35.9,6.0,71.0,23.0,32.4,1.98,0.64,0.08,0.26,0.0,1.0,90.0,94.5,36,90.0,34,0,,0,1.5,60.0,51.0,9.0,0.25,-0.23,0.0,42.0,30.0,2.0,206.0,29.0,32.0,,,0.0,,,,,,,,,,,,,,,,True,alta,0,Interior de conducción,2.357205508397227
ENG-Premier League,2526,Liverpool,Florian Wirtz,GER,MF,22.0,2003.0,33.0,27.0,2378.0,26.4,5.0,3.0,8.0,5.0,0.0,0.0,1.0,0.0,0.19,0.11,0.3,0.19,0.3,26.4,5.0,51.0,18.0,35.3,1.93,0.68,0.1,0.28,0.0,0.0,72.0,69.5,27,82.0,9,6,27.0,0,1.61,38.0,32.0,6.0,0.23,-0.12,0.0,22.0,19.0,2.0,32.0,12.0,26.0,,,0.0,,,,,,,,,,,,,,,,True,alta,2,Interior ofensivo,2.2105321617171514
ENG-Premier League,2526,Liverpool,Jeremie Frimpong,NED,"DF,MF",24.0,2000.0,21.0,12.0,1040.0,11.6,0.0,1.0,1.0,0.0,0.0,0.0,1.0,0.0,0.0,0.09,0.09,0.0,0.09,11.6,0.0,10.0,2.0,20.0,0.87,0.17,0.0,0.0,0.0,0.0,50.0,30.4,12,75.0,4,9,16.0,2,1.48,20.0,13.0,7.0,0.61,0.49,0.0,8.0,21.0,4.0,51.0,6.0,9.0,,,0.0,,,,,,,,,,,,,,,,True,alta,1,Carrilero,2.7256363862935764
ENG-Premier League,2526,Liverpool,Mohamed Salah,EGY,MF,33.0,1992.0,27.0,23.0,2146.0,23.8,7.0,7.0,14.0,6.0,1.0,1.0,1.0,0.0,0.29,0.29,0.59,0.25,0.55,23.8,7.0,68.0,19.0,27.9,2.85,0.8,0.1,0.37,1.0,1.0,79.0,62.7,23,87.0,16,4,39.0,2,1.67,40.0,35.0,5.0,0.21,-0.14,0.0,10.0,16.0,14.0,117.0,3.0,12.0,,,0.0,,,,,,,,,,,,,,,,True,alta,2,Interior ofensivo,2.769165299129491
ENG-Premier League,2526,Liverpool,Rio Ngumoha,ENG,MF,16.0,2008.0,19.0,5.0,560.0,6.2,2.0,1.0,3.0,2.0,0.0,0.0,0.0,0.0,0.32,0.16,0.48,0.32,0.48,6.2,2.0,16.0,6.0,37.5,2.57,0.96,0.13,0.33,0.0,0.0,29.0,16.4,5,72.0,1,14,14.0,18,1.21,16.0,11.0,5.0,0.8,0.65,0.0,4.0,12.0,0.0,22.0,3.0,2.0,,,0.0,,,,,,,,,,,,,,,,False,baja,2,Interior ofensivo,3.0191255606880514
ENG-Premier League,2526,Liverpool,Ryan Gravenberch,NED,MF,23.0,2002.0,36.0,34.0,2992.0,33.2,5.0,3.0,8.0,5.0,0.0,0.0,5.0,0.0,0.15,0.09,0.24,0.15,0.24,33.2,5.0,38.0,13.0,34.2,1.14,0.39,0.13,0.38,0.0,0.0,83.0,87.5,34,86.0,28,2,29.0,0,1.58,50.0,42.0,8.0,0.24,-0.18,0.0,38.0,42.0,0.0,8.0,44.0,35.0,,,0.0,,,,,,,,,,,,,,,,True,alta,3,Pivote destructor,2.152457304244574
ENG-Premier League,2526,Manchester City,Antoine Semenyo,GHA,"MF,FW",25.0,2000.0,17.0,17.0,1397.0,15.5,7.0,1.0,8.0,7.0,0.0,0.0,1.0,0.0,0.45,0.06,0.52,0.45,0.52,15.5,7.0,34.0,14.0,41.2,2.19,0.9,0.21,0.5,0.0,0.0,82.0,40.8,17,82.0,9,0,,0,2.06,28.0,14.0,14.0,0.9,-0.34,0.0,17.0,7.0,7.0,21.0,6.0,11.0,,,0.0,,,,,,,,,,,,,,,,True,alta,2,Interior ofensivo,2.4067886740762843
ENG-Premier League,2526,Manchester City,Bernardo Silva,POR,MF,30.0,1994.0,38.0,34.0,2872.0,31.9,2.0,4.0,6.0,2.0,0.0,0.0,10.0,0.0,0.06,0.13,0.19,0.06,0.19,31.9,2.0,30.0,7.0,23.3,0.94,0.22,0.07,0.29,0.0,0.0,76.0,84.0,34,82.0,14,4,23.0,0,2.05,67.0,30.0,37.0,1.16,0.34,0.0,36.0,22.0,5.0,72.0,21.0,28.0,,,0.0,,,,,,,,,,,,,,,,True,alta,1,Carrilero,1.9269969368863948
ENG-Premier League,2526,Manchester City,Jeremy Doku,BEL,"MF,FW",23.0,2002.0,30.0,19.0,1784.0,19.8,5.0,5.0,10.0,5.0,0.0,0.0,0.0,0.0,0.25,0.25,0.5,0.25,0.5,19.8,5.0,39.0,15.0,38.5,1.97,0.76,0.13,0.33,0.0,0.0,59.0,52.2,19,80.0,5,11,25.0,1,1.87,43.0,18.0,25.0,1.26,0.33,0.0,23.0,61.0,3.0,62.0,12.0,16.0,,,0.0,,,,,,,,,,,,,,,,True,alta,2,Interior ofensivo,2.7485500539672096
ENG-Premier League,2526,Manchester City,Nico O'Reilly,ENG,"DF,MF",20.0,2005.0,34.0,29.0,2646.0,29.4,5.0,3.0,8.0,5.0,0.0,0.0,5.0,0.0,0.17,0.1,0.27,0.17,0.27,29.4,5.0,41.0,15.0,36.6,1.39,0.51,0.12,0.33,0.0,0.0,78.0,77.4,29,87.0,22,5,27.0,1,2.18,63.0,25.0,38.0,1.29,0.83,0.0,45.0,18.0,1.0,38.0,20.0,36.0,,,0.0,,,,,,,,,,,,,,,,True,alta,0,Interior de conducción,2.2246730279600064
ENG-Premier League,2526,Manchester City,Nicolás González,ESP,MF,23.0,2002.0,25.0,17.0,1569.0,17.4,1.0,0.0,1.0,1.0,0.0,0.0,6.0,0.0,0.06,0.0,0.06,0.06,0.06,17.4,1.0,14.0,2.0,14.3,0.8,0.11,0.07,0.5,0.0,0.0,63.0,45.9,17,81.0,10,8,25.0,8,2.12,39.0,17.0,22.0,1.26,0.29,0.0,30.0,18.0,0.0,3.0,24.0,30.0,,,0.0,,,,,,,,,,,,,,,,True,alta,3,Pivote destructor,1.906125629204823
ENG-Premier League,2526,Manchester City,Omar Marmoush,EGY,"FW,MF",26.0,1999.0,21.0,8.0,700.0,7.8,3.0,3.0,6.0,3.0,0.0,0.0,3.0,0.0,0.39,0.39,0.77,0.39,0.77,7.8,3.0,30.0,9.0,30.0,3.86,1.16,0.1,0.33,0.0,0.0,33.0,20.5,8,65.0,0,13,14.0,7,2.05,15.0,5.0,10.0,1.29,0.23,0.0,10.0,21.0,6.0,12.0,2.0,8.0,,,0.0,,,,,,,,,,,,,,,,False,baja,2,Interior ofensivo,3.855788222535181
ENG-Premier League,2526,Manchester City,Oscar Bobb,NOR,"MF,FW",22.0,2003.0,9.0,5.0,468.0,5.2,0.0,1.0,1.0,0.0,0.0,0.0,1.0,0.0,0.0,0.19,0.19,0.0,0.19,5.2,0.0,4.0,0.0,0.0,0.77,0.0,0.0,,0.0,0.0,52.0,13.7,5,78.0,2,4,20.0,4,1.67,10.0,5.0,5.0,0.96,-0.17,0.0,5.0,9.0,0.0,5.0,3.0,5.0,,,0.0,,,,,,,,,,,,,,,,False,baja,1,Carrilero,2.650008500421883
ENG-Premier League,2526,Manchester City,Phil Foden,ENG,MF,25.0,2000.0,33.0,23.0,2086.0,23.2,7.0,5.0,12.0,7.0,0.0,0.0,4.0,0.0,0.3,0.22,0.52,0.3,0.52,23.2,7.0,55.0,19.0,34.5,2.37,0.82,0.13,0.37,0.0,0.0,63.0,61.0,23,83.0,13,10,17.0,3,2.0,53.0,19.0,34.0,1.47,0.93,0.0,18.0,31.0,3.0,119.0,10.0,16.0,,,0.0,,,,,,,,,,,,,,,,True,alta,2,Interior ofensivo,1.6061662977842923
ENG-Premier League,2526,Manchester City,Rayan Cherki,FRA,MF,21.0,2003.0,33.0,19.0,1786.0,19.8,4.0,12.0,16.0,4.0,0.0,0.0,1.0,0.0,0.2,0.6,0.81,0.2,0.81,19.8,4.0,55.0,13.0,23.6,2.77,0.66,0.07,0.31,0.0,0.0,54.0,52.2,19,77.0,5,14,23.0,1,2.06,40.0,19.0,21.0,1.06,-0.1,0.0,18.0,34.0,1.0,80.0,7.0,16.0,,,0.0,,,,,,,,,,,,,,,,True,alta,2,Interior ofensivo,2.760436304893837
ENG-Premier League,2526,Manchester City,Rodri,ESP,MF,29.0,1996.0,21.0,17.0,1511.0,16.8,1.0,0.0,1.0,1.0,0.0,0.0,3.0,0.0,0.06,0.0,0.06,0.06,0.06,16.8,1.0,16.0,3.0,18.8,0.95,0.18,0.06,0.33,0.0,0.0,72.0,44.2,17,84.0,12,4,22.0,1,1.81,28.0,15.0,13.0,0.77,-0.59,0.0,14.0,31.0,0.0,5.0,12.0,25.0,,,0.0,,,,,,,,,,,,,,,,True,alta,3,Pivote destructor,2.317389721056443
ENG-Premier League,2526,Manchester City,Sávio,BRA,MF,21.0,2004.0,24.0,7.0,833.0,9.3,1.0,1.0,2.0,1.0,0.0,0.0,2.0,0.0,0.11,0.11,0.22,0.11,0.22,9.3,1.0,20.0,11.0,55.0,2.16,1.19,0.05,0.09,0.0,0.0,35.0,24.4,7,78.0,3,17,17.0,3,2.29,15.0,7.0,8.0,0.86,-0.32,0.0,9.0,15.0,4.0,40.0,5.0,5.0,,,0.0,,,,,,,,,,,,,,,,False,baja,2,Interior ofensivo,1.85148963539417
ENG-Premier League,2526,Manchester City,Tijjani Reijnders,NED,MF,27.0,1998.0,28.0,19.0,1631.0,18.1,5.0,2.0,7.0,5.0,0.0,0.0,2.0,0.0,0.28,0.11,0.39,0.28,0.39,18.1,5.0,49.0,16.0,32.7,2.7,0.88,0.1,0.31,0.0,0.0,58.0,47.7,19,77.0,6,9,18.0,10,1.93,32.0,17.0,15.0,0.83,-0.53,0.0,19.0,15.0,4.0,43.0,11.0,4.0,,,0.0,,,,,,,,,,,,,,,,True,alta,2,Interior ofensivo,1.8518482269270866
ENG-Premier League,2526,Manchester Utd,Amad Diallo,CIV,MF,23.0,2002.0,32.0,27.0,2341.0,26.0,2.0,3.0,5.0,2.0,0.0,0.0,2.0,0.0,0.08,0.12,0.19,0.08,0.19,26.0,2.0,53.0,23.0,43.4,2.04,0.88,0.04,0.09,0.0,0.0,73.0,68.5,27,82.0,17,5,25.0,0,2.03,52.0,33.0,19.0,0.73,0.73,0.0,24.0,38.0,12.0,46.0,15.0,23.0,,,0.0,,,,,,,,,,,,,,,,True,alta,2,Interior ofensivo,1.782790777949674
ENG-Premier League,2526,Manchester Utd,Bruno Fernandes,POR,MF,30.0,1994.0,35.0,35.0,3063.0,34.0,9.0,21.0,30.0,5.0,4.0,6.0,5.0,0.0,0.26,0.62,0.88,0.15,0.76,34.0,9.0,85.0,24.0,28.2,2.5,0.71,0.11,0.38,4.0,6.0,88.0,89.6,35,88.0,29,0,,0,1.89,66.0,46.0,20.0,0.59,0.84,0.0,24.0,35.0,4.0,181.0,21.0,35.0,,,0.0,,,,,,,,,,,,,,,,True,alta,2,Interior ofensivo,2.831717142203454
ENG-Premier League,2526,Manchester Utd,Bryan Mbeumo,CMR,"MF,FW",25.0,1999.0,33.0,31.0,2609.0,29.0,11.0,3.0,14.0,11.0,0.0,0.0,4.0,0.0,0.38,0.1,0.48,0.38,0.48,29.0,11.0,73.0,32.0,43.8,2.52,1.1,0.15,0.34,0.0,0.0,79.0,76.3,31,83.0,13,2,19.0,0,1.97,57.0,36.0,21.0,0.72,0.95,0.0,23.0,28.0,7.0,105.0,7.0,11.0,,,0.0,,,,,,,,,,,,,,,,True,alta,2,Interior ofensivo,1.594844281467732
ENG-Premier League,2526,Manchester Utd,Casemiro,BRA,MF,33.0,1992.0,34.0,33.0,2571.0,28.6,9.0,2.0,11.0,9.0,0.0,0.0,11.0,1.0,0.32,0.07,0.39,0.32,0.39,28.6,9.0,52.0,18.0,34.6,1.82,0.63,0.17,0.5,0.0,0.0,76.0,75.2,33,78.0,13,1,11.0,0,1.97,55.0,31.0,24.0,0.84,1.37,1.0,46.0,36.0,5.0,19.0,30.0,45.0,,,0.0,,,,,,,,,,,,,,,,True,alta,0,Interior de conducción,2.5067671900484036
ENG-Premier League,2526,Manchester Utd,Diogo Dalot,POR,"DF,MF",26.0,1999.0,34.0,29.0,2614.0,29.0,1.0,3.0,4.0,1.0,0.0,0.0,5.0,0.0,0.03,0.1,0.14,0.03,0.14,29.0,1.0,24.0,6.0,25.0,0.83,0.21,0.04,0.17,0.0,0.0,77.0,76.4,29,86.0,22,5,27.0,1,1.88,58.0,40.0,18.0,0.62,0.51,0.0,25.0,14.0,4.0,57.0,26.0,30.0,,,0.0,,,,,,,,,,,,,,,,True,alta,1,Carrilero,1.1290536146941674
ENG-Premier League,2526,Manchester Utd,Joshua Zirkzee,NED,"FW,MF",24.0,2001.0,24.0,5.0,626.0,7.0,2.0,1.0,3.0,2.0,0.0,0.0,3.0,0.0,0.29,0.14,0.43,0.29,0.43,7.0,2.0,25.0,9.0,36.0,3.59,1.29,0.08,0.22,0.0,0.0,26.0,18.3,5,73.0,2,19,14.0,12,1.79,9.0,8.0,1.0,0.14,-0.44,0.0,8.0,6.0,1.0,5.0,1.0,6.0,,,0.0,,,,,,,,,,,,,,,,False,baja,0,Interior de conducción,3.3337130681582328
ENG-Premier League,2526,Manchester Utd,Kobbie Mainoo,ENG,MF,20.0,2005.0,28.0,16.0,1662.0,18.5,1.0,2.0,3.0,1.0,0.0,0.0,2.0,0.0,0.05,0.11,0.16,0.05,0.16,18.5,1.0,13.0,3.0,23.1,0.7,0.16,0.08,0.33,0.0,0.0,59.0,48.6,16,89.0,14,12,20.0,4,2.21,38.0,22.0,16.0,0.87,0.71,0.0,12.0,22.0,1.0,13.0,19.0,20.0,,,0.0,,,,,,,,,,,,,,,,True,alta,1,Carrilero,1.806159490164493
ENG-Premier League,2526,Manchester Utd,Manuel Ugarte,URU,MF,24.0,2001.0,22.0,8.0,887.0,9.9,0.0,0.0,0.0,0.0,0.0,0.0,1.0,0.0,0.0,0.0,0.0,0.0,0.0,9.9,0.0,13.0,1.0,7.7,1.32,0.1,0.0,0.0,0.0,0.0,40.0,25.9,8,80.0,3,14,17.0,15,1.55,12.0,23.0,-11.0,-1.12,-2.18,0.0,24.0,15.0,0.0,1.0,20.0,30.0,,,0.0,,,,,,,,,,,,,,,,False,baja,3,Pivote destructor,4.137577598605277
ENG-Premier League,2526,Manchester Utd,Mason Mount,ENG,MF,26.0,1999.0,23.0,12.0,1017.0,11.3,3.0,0.0,3.0,3.0,0.0,0.0,2.0,0.0,0.27,0.0,0.27,0.27,0.27,11.3,3.0,19.0,5.0,26.3,1.68,0.44,0.16,0.6,0.0,0.0,44.0,29.7,12,70.0,3,11,16.0,6,1.87,19.0,15.0,4.0,0.35,-0.21,0.0,17.0,12.0,0.0,22.0,9.0,13.0,,,0.0,,,,,,,,,,,,,,,,True,alta,0,Interior de conducción,2.6449551843043015
ENG-Premier League,2526,Manchester Utd,Matheus Cunha,BRA,"MF,FW",26.0,1999.0,33.0,29.0,2494.0,27.7,10.0,2.0,12.0,10.0,0.0,0.0,4.0,0.0,0.36,0.07,0.43,0.36,0.43,27.7,10.0,90.0,35.0,38.9,3.25,1.26,0.11,0.29,0.0,0.0,76.0,72.9,29,83.0,16,4,24.0,1,1.88,48.0,35.0,13.0,0.47,-0.11,0.0,28.0,54.0,2.0,49.0,21.0,23.0,,,0.0,,,,,,,,,,,,,,,,True,alta,2,Interior ofensivo,2.410464444159606
ENG-Premier League,2526,Manchester Utd,Noussair Mazraoui,MAR,"DF,MF",27.0,1997.0,20.0,11.0,985.0,10.9,0.0,0.0,0.0,0.0,0.0,0.0,3.0,0.0,0.0,0.0,0.0,0.0,0.0,10.9,0.0,5.0,0.0,0.0,0.46,0.0,0.0,,0.0,0.0,49.0,28.8,11,72.0,3,9,22.0,6,2.0,19.0,10.0,9.0,0.82,0.45,0.0,12.0,14.0,0.0,13.0,11.0,15.0,,,0.0,,,,,,,,,,,,,,,,True,alta,3,Pivote destructor,1.5247944951803576
ENG-Premier League,2526,Manchester Utd,Patrick Dorgu,DEN,MF,20.0,2004.0,26.0,15.0,1449.0,16.1,4.0,4.0,8.0,4.0,0.0,0.0,5.0,0.0,0.25,0.25,0.5,0.25,0.5,16.1,4.0,25.0,11.0,44.0,1.55,0.68,0.16,0.36,0.0,0.0,56.0,42.4,15,84.0,10,11,17.0,2,1.73,22.0,20.0,2.0,0.12,-0.65,0.0,23.0,47.0,7.0,57.0,16.0,30.0,,,0.0,,,,,,,,,,,,,,,,True,alta,0,Interior de conducción,3.073780682057479
ENG-Premier League,2526,Newcastle,Anthony Elanga,SWE,"FW,MF",23.0,2002.0,32.0,14.0,1319.0,14.7,0.0,1.0,1.0,0.0,0.0,0.0,0.0,0.0,0.0,0.07,0.07,0.0,0.07,14.7,0.0,17.0,4.0,23.5,1.16,0.27,0.0,0.0,0.0,0.0,41.0,38.6,14,70.0,2,18,19.0,2,1.13,20.0,28.0,-8.0,-0.55,-0.8,0.0,8.0,25.0,2.0,83.0,3.0,11.0,,,0.0,,,,,,,,,,,,,,,,True,alta,1,Carrilero,3.336716894454661
ENG-Premier League,2526,Newcastle,Bruno Guimarães,BRA,MF,27.0,1997.0,29.0,27.0,2453.0,27.3,9.0,5.0,14.0,7.0,2.0,2.0,6.0,0.0,0.33,0.18,0.51,0.26,0.44,27.3,9.0,42.0,23.0,54.8,1.54,0.84,0.21,0.39,2.0,2.0,85.0,71.7,27,88.0,19,2,37.0,1,1.45,43.0,36.0,7.0,0.26,1.09,0.0,45.0,75.0,2.0,82.0,16.0,41.0,,,0.0,,,,,,,,,,,,,,,,True,alta,0,Interior de conducción,2.0513632872157883
ENG-Premier League,2526,Newcastle,Harvey Barnes,ENG,"FW,MF",27.0,1997.0,37.0,19.0,1966.0,21.8,7.0,1.0,8.0,7.0,0.0,0.0,1.0,0.0,0.32,0.05,0.37,0.32,0.37,21.8,7.0,58.0,21.0,36.2,2.66,0.96,0.12,0.33,0.0,0.0,53.0,57.5,19,79.0,7,18,26.0,1,1.24,35.0,31.0,4.0,0.18,0.55,0.0,17.0,23.0,3.0,74.0,3.0,5.0,,,0.0,,,,,,,,,,,,,,,,True,alta,2,Interior ofensivo,2.4627322121995174
ENG-Premier League,2526,Newcastle,Jacob Murphy,ENG,"FW,MF",30.0,1995.0,33.0,19.0,1617.0,18.0,3.0,2.0,5.0,3.0,0.0,0.0,2.0,0.0,0.17,0.11,0.28,0.17,0.28,18.0,3.0,42.0,13.0,31.0,2.34,0.72,0.07,0.23,0.0,0.0,49.0,47.3,19,69.0,1,14,21.0,3,1.27,24.0,19.0,5.0,0.28,0.63,0.0,9.0,13.0,5.0,125.0,6.0,12.0,,,0.0,,,,,,,,,,,,,,,,True,alta,2,Interior ofensivo,2.1894011287015056
ENG-Premier League,2526,Newcastle,Jacob Ramsey,ENG,MF,24.0,2001.0,28.0,15.0,1450.0,16.1,2.0,3.0,5.0,2.0,0.0,0.0,5.0,1.0,0.12,0.19,0.31,0.12,0.31,16.1,2.0,16.0,4.0,25.0,0.99,0.25,0.13,0.5,0.0,0.0,52.0,42.4,15,76.0,7,13,24.0,5,1.18,24.0,29.0,-5.0,-0.31,-0.45,1.0,16.0,14.0,2.0,8.0,9.0,21.0,,,0.0,,,,,,,,,,,,,,,,True,alta,0,Interior de conducción,2.4034197934110297
ENG-Premier League,2526,Newcastle,Joe Willock,ENG,MF,25.0,1999.0,24.0,10.0,983.0,10.9,0.0,2.0,2.0,0.0,0.0,0.0,3.0,0.0,0.0,0.18,0.18,0.0,0.18,10.9,0.0,17.0,6.0,35.3,1.56,0.55,0.0,0.0,0.0,0.0,41.0,28.7,10,70.0,1,14,20.0,13,1.46,13.0,18.0,-5.0,-0.46,-0.57,0.0,16.0,11.0,2.0,16.0,7.0,15.0,,,0.0,,,,,,,,,,,,,,,,True,alta,0,Interior de conducción,2.2967864687806245
ENG-Premier League,2526,Newcastle,Joelinton,BRA,MF,28.0,1996.0,27.0,23.0,1951.0,21.7,2.0,1.0,3.0,2.0,0.0,0.0,10.0,0.0,0.09,0.05,0.14,0.09,0.14,21.7,2.0,32.0,11.0,34.4,1.48,0.51,0.06,0.18,0.0,0.0,72.0,57.0,23,81.0,13,4,24.0,3,1.48,34.0,27.0,7.0,0.32,0.87,0.0,46.0,27.0,1.0,11.0,28.0,23.0,,,0.0,,,,,,,,,,,,,,,,True,alta,3,Pivote destructor,2.462963386751012
ENG-Premier League,2526,Newcastle,Lewis Miley,ENG,"MF,DF",19.0,2006.0,23.0,15.0,1496.0,16.6,1.0,4.0,5.0,1.0,0.0,0.0,0.0,0.0,0.06,0.24,0.3,0.06,0.3,16.6,1.0,12.0,4.0,33.3,0.72,0.24,0.08,0.25,0.0,0.0,65.0,43.7,15,88.0,13,8,22.0,5,1.3,25.0,22.0,3.0,0.18,0.41,0.0,5.0,4.0,2.0,42.0,20.0,18.0,,,0.0,,,,,,,,,,,,,,,,True,alta,1,Carrilero,2.8787752973508285
ENG-Premier League,2526,Newcastle,Nick Woltemade,GER,"FW,MF",23.0,2002.0,33.0,24.0,1902.0,21.1,8.0,3.0,11.0,7.0,1.0,1.0,0.0,0.0,0.38,0.14,0.52,0.33,0.47,21.1,8.0,32.0,13.0,40.6,1.51,0.62,0.25,0.62,1.0,1.0,58.0,55.6,24,73.0,3,9,16.0,1,1.24,31.0,29.0,2.0,0.09,0.33,0.0,20.0,20.0,8.0,3.0,5.0,13.0,,,1.0,,,,,,,,,,,,,,,,True,alta,2,Interior ofensivo,2.710925249150669
ENG-Premier League,2526,Newcastle,Sandro Tonali,ITA,MF,25.0,2000.0,35.0,31.0,2534.0,28.2,0.0,2.0,2.0,0.0,0.0,0.0,4.0,0.0,0.0,0.07,0.07,0.0,0.07,28.2,0.0,37.0,8.0,21.6,1.31,0.28,0.0,0.0,0.0,0.0,72.0,74.1,31,80.0,16,4,12.0,0,1.31,32.0,37.0,-5.0,-0.18,-0.48,0.0,24.0,42.0,1.0,95.0,28.0,25.0,,,0.0,,,,,,,,,,,,,,,,True,alta,1,Carrilero,1.907820205341147
ENG-Premier League,2526,Nottingham,Callum Hudson-Odoi,ENG,MF,24.0,2000.0,30.0,21.0,1841.0,20.5,3.0,4.0,7.0,3.0,0.0,0.0,0.0,0.0,0.15,0.2,0.34,0.15,0.34,20.5,3.0,30.0,10.0,33.3,1.47,0.49,0.1,0.3,0.0,0.0,61.0,53.8,21,75.0,4,9,31.0,0,1.0,21.0,26.0,-5.0,-0.24,-0.36,0.0,12.0,12.0,2.0,91.0,8.0,7.0,,,0.0,,,,,,,,,,,,,,,,True,alta,2,Interior ofensivo,2.7327330525870908
ENG-Premier League,2526,Nottingham,Dan Ndoye,SUI,MF,24.0,2000.0,24.0,14.0,1173.0,13.0,1.0,1.0,2.0,1.0,0.0,0.0,1.0,0.0,0.08,0.08,0.15,0.08,0.15,13.0,1.0,15.0,4.0,26.7,1.15,0.31,0.07,0.25,0.0,0.0,49.0,34.3,14,71.0,3,10,18.0,5,1.08,15.0,17.0,-2.0,-0.15,-0.11,0.0,16.0,22.0,9.0,41.0,10.0,11.0,,,0.0,,,,,,,,,,,,,,,,True,alta,0,Interior de conducción,2.63101315308425
ENG-Premier League,2526,Nottingham,Dilane Bakwa,FRA,MF,22.0,2002.0,14.0,6.0,553.0,6.1,0.0,2.0,2.0,0.0,0.0,0.0,1.0,0.0,0.0,0.33,0.33,0.0,0.33,6.1,0.0,9.0,3.0,33.3,1.46,0.49,0.0,0.0,0.0,0.0,40.0,16.2,6,64.0,0,8,21.0,7,0.79,8.0,10.0,-2.0,-0.33,-0.29,0.0,9.0,14.0,0.0,38.0,0.0,3.0,,,0.0,,,,,,,,,,,,,,,,False,baja,0,Interior de conducción,4.322560675390369
ENG-Premier League,2526,Nottingham,Elliot Anderson,ENG,MF,22.0,2002.0,38.0,37.0,3331.0,37.0,4.0,4.0,8.0,3.0,1.0,1.0,8.0,0.0,0.11,0.11,0.22,0.08,0.19,37.0,4.0,44.0,10.0,22.7,1.19,0.27,0.09,0.4,1.0,1.0,88.0,97.4,37,89.0,33,1,45.0,0,1.16,46.0,50.0,-4.0,-0.11,-1.12,0.0,57.0,80.0,2.0,175.0,41.0,60.0,,,0.0,,,,,,,,,,,,,,,,True,alta,0,Interior de conducción,2.3388439996922483
ENG-Premier League,2526,Nottingham,Ibrahim Sangaré,CIV,MF,27.0,1997.0,28.0,25.0,2075.0,23.1,2.0,2.0,4.0,2.0,0.0,0.0,5.0,0.0,0.09,0.09,0.17,0.09,0.17,23.1,2.0,16.0,5.0,31.3,0.69,0.22,0.13,0.4,0.0,0.0,74.0,60.7,25,82.0,16,3,12.0,3,1.32,32.0,26.0,6.0,0.26,0.86,0.0,42.0,18.0,0.0,8.0,22.0,32.0,,,0.0,,,,,,,,,,,,,,,,True,alta,3,Pivote destructor,1.5459541868048192
ENG-Premier League,2526,Nottingham,Morgan Gibbs-White,ENG,MF,25.0,2000.0,37.0,35.0,3097.0,34.4,15.0,4.0,19.0,14.0,1.0,1.0,1.0,0.0,0.44,0.12,0.55,0.41,0.52,34.4,15.0,83.0,32.0,38.6,2.41,0.93,0.18,0.47,1.0,1.0,84.0,90.6,35,87.0,20,2,33.0,0,1.16,42.0,45.0,-3.0,-0.09,-0.09,0.0,26.0,41.0,5.0,42.0,12.0,16.0,,,0.0,,,,,,,,,,,,,,,,True,alta,2,Interior ofensivo,1.7300903499424407
ENG-Premier League,2526,Nottingham,Nicolás Domínguez,ARG,MF,27.0,1998.0,27.0,17.0,1175.0,13.1,1.0,1.0,2.0,1.0,0.0,0.0,3.0,0.0,0.08,0.08,0.15,0.08,0.15,13.1,1.0,18.0,5.0,27.8,1.38,0.38,0.06,0.2,0.0,0.0,44.0,34.4,17,60.0,1,10,15.0,4,1.26,15.0,19.0,-4.0,-0.31,-0.35,0.0,16.0,11.0,0.0,14.0,6.0,30.0,,,0.0,,,,,,,,,,,,,,,,True,alta,3,Pivote destructor,2.6876597057394944
ENG-Premier League,2526,Nottingham,Omari Hutchinson,ENG,MF,21.0,2003.0,31.0,17.0,1688.0,18.8,1.0,5.0,6.0,1.0,0.0,0.0,1.0,0.0,0.05,0.27,0.32,0.05,0.32,18.8,1.0,25.0,11.0,44.0,1.33,0.59,0.04,0.09,0.0,0.0,54.0,49.4,17,78.0,8,14,26.0,5,1.19,25.0,24.0,1.0,0.05,0.26,0.0,23.0,24.0,8.0,133.0,11.0,11.0,,,0.0,,,,,,,,,,,,,,,,True,alta,2,Interior ofensivo,2.82692722561078
ENG-Premier League,2526,Nottingham,Ryan Yates,ENG,MF,27.0,1997.0,22.0,2.0,617.0,6.9,0.0,2.0,2.0,0.0,0.0,0.0,3.0,0.0,0.0,0.29,0.29,0.0,0.29,6.9,0.0,9.0,2.0,22.2,1.31,0.29,0.0,0.0,0.0,0.0,28.0,18.0,2,77.0,1,20,23.0,10,1.45,14.0,7.0,7.0,1.02,1.34,0.0,13.0,13.0,0.0,5.0,9.0,10.0,,,0.0,,,,,,,,,,,,,,,,False,baja,3,Pivote destructor,3.325803613908693
ENG-Premier League,2526,Sunderland,Bertrand Traoré,BFA,"MF,FW",29.0,1995.0,12.0,9.0,632.0,7.0,1.0,0.0,1.0,1.0,0.0,0.0,1.0,0.0,0.14,0.0,0.14,0.14,0.14,7.0,1.0,12.0,6.0,50.0,1.71,0.85,0.08,0.17,0.0,0.0,53.0,18.5,9,64.0,0,3,19.0,4,1.75,7.0,9.0,-2.0,-0.28,-0.16,0.0,11.0,12.0,1.0,13.0,2.0,4.0,,,0.0,,,,,,,,,,,,,,,,False,baja,0,Interior de conducción,2.5385010380364843
ENG-Premier League,2526,Sunderland,Chemsdine Talbi,MAR,"MF,FW",20.0,2005.0,28.0,16.0,1561.0,17.3,4.0,1.0,5.0,4.0,0.0,0.0,0.0,0.0,0.23,0.06,0.29,0.23,0.29,17.3,4.0,25.0,10.0,40.0,1.44,0.58,0.16,0.4,0.0,0.0,56.0,45.6,16,78.0,2,12,26.0,3,1.46,23.0,14.0,9.0,0.52,1.25,0.0,5.0,1.0,2.0,50.0,3.0,6.0,,,0.0,,,,,,,,,,,,,,,,True,alta,2,Interior ofensivo,4.052700777390764
ENG-Premier League,2526,Sunderland,Chris Rigg,ENG,MF,18.0,2007.0,18.0,11.0,761.0,8.5,1.0,1.0,2.0,1.0,0.0,0.0,1.0,0.0,0.12,0.12,0.24,0.12,0.24,8.5,1.0,12.0,3.0,25.0,1.42,0.35,0.08,0.33,0.0,0.0,42.0,22.3,11,65.0,2,7,6.0,18,1.78,10.0,11.0,-1.0,-0.12,0.05,0.0,8.0,8.0,2.0,11.0,4.0,8.0,,,0.0,,,,,,,,,,,,,,,,False,baja,2,Interior ofensivo,1.7413476836292119
ENG-Premier League,2526,Sunderland,Eliezer Mayenda,ESP,"FW,MF",20.0,2005.0,20.0,8.0,759.0,8.4,2.0,0.0,2.0,2.0,0.0,0.0,0.0,0.0,0.24,0.0,0.24,0.24,0.24,8.4,2.0,13.0,6.0,46.2,1.54,0.71,0.15,0.33,0.0,0.0,38.0,22.2,8,74.0,1,12,14.0,18,1.25,8.0,9.0,-1.0,-0.12,0.05,0.0,6.0,11.0,3.0,1.0,1.0,3.0,,,0.0,,,,,,,,,,,,,,,,False,baja,2,Interior ofensivo,3.608396146007824
ENG-Premier League,2526,Sunderland,Enzo Le Fée,FRA,"MF,FW",25.0,2000.0,36.0,33.0,2930.0,32.6,5.0,6.0,11.0,2.0,3.0,4.0,5.0,0.0,0.15,0.18,0.34,0.06,0.25,32.6,5.0,36.0,12.0,33.3,1.11,0.37,0.14,0.42,3.0,4.0,81.0,85.7,33,87.0,25,3,16.0,0,1.47,37.0,43.0,-6.0,-0.18,-0.18,0.0,31.0,37.0,4.0,98.0,28.0,56.0,,,0.0,,,,,,,,,,,,,,,,True,alta,1,Carrilero,1.8852111996134098
ENG-Premier League,2526,Sunderland,Granit Xhaka,SUI,MF,32.0,1992.0,34.0,32.0,2904.0,32.3,1.0,6.0,7.0,1.0,0.0,0.0,8.0,0.0,0.03,0.19,0.22,0.03,0.22,32.3,1.0,21.0,5.0,23.8,0.65,0.15,0.05,0.2,0.0,0.0,85.0,84.9,32,89.0,30,2,29.0,0,1.5,38.0,39.0,-1.0,-0.03,0.84,0.0,23.0,40.0,0.0,99.0,29.0,33.0,,,0.0,,,,,,,,,,,,,,,,True,alta,1,Carrilero,2.0342389981040534
ENG-Premier League,2526,Sunderland,Habib Diarra,SEN,MF,21.0,2004.0,20.0,15.0,1405.0,15.6,2.0,2.0,4.0,1.0,1.0,1.0,6.0,0.0,0.13,0.13,0.26,0.06,0.19,15.6,2.0,26.0,8.0,30.8,1.67,0.51,0.08,0.25,1.0,1.0,70.0,41.1,15,85.0,8,5,27.0,1,1.4,17.0,19.0,-2.0,-0.13,0.05,0.0,19.0,27.0,3.0,32.0,4.0,7.0,,,0.0,,,,,,,,,,,,,,,,True,alta,0,Interior de conducción,2.4940128276072806
ENG-Premier League,2526,Sunderland,Lutsharel Geertruida,NED,"DF,MF",25.0,2000.0,28.0,17.0,1693.0,18.8,0.0,0.0,0.0,0.0,0.0,0.0,2.0,0.0,0.0,0.0,0.0,0.0,0.0,18.8,0.0,11.0,3.0,27.3,0.58,0.16,0.0,0.0,0.0,0.0,60.0,49.5,17,87.0,14,11,20.0,7,1.36,16.0,23.0,-7.0,-0.37,-0.42,0.0,15.0,7.0,1.0,9.0,20.0,22.0,,,0.0,,,,,,,,,,,,,,,,True,alta,3,Pivote destructor,2.507538327731613
ENG-Premier League,2526,Sunderland,Noah Sadiki,COD,MF,20.0,2004.0,33.0,33.0,2889.0,32.1,0.0,1.0,1.0,0.0,0.0,0.0,9.0,0.0,0.0,0.03,0.03,0.0,0.03,32.1,0.0,19.0,5.0,26.3,0.59,0.16,0.0,0.0,0.0,0.0,88.0,84.5,33,88.0,26,0,,0,1.52,37.0,42.0,-5.0,-0.16,0.01,0.0,31.0,40.0,2.0,21.0,33.0,26.0,,,0.0,,,,,,,,,,,,,,,,True,alta,3,Pivote destructor,1.723434168041397
ENG-Premier League,2526,Sunderland,Simon Adingra,CIV,"MF,FW",23.0,2002.0,14.0,9.0,653.0,7.3,1.0,0.0,1.0,1.0,0.0,0.0,2.0,0.0,0.14,0.0,0.14,0.14,0.14,7.3,1.0,6.0,2.0,33.3,0.83,0.28,0.17,0.5,0.0,0.0,47.0,19.1,9,64.0,0,5,16.0,8,1.07,6.0,8.0,-2.0,-0.28,-0.15,0.0,18.0,3.0,4.0,27.0,2.0,8.0,,,0.0,,,,,,,,,,,,,,,,False,baja,0,Interior de conducción,3.8750451428538075
ENG-Premier League,2526,Sunderland,Trai Hume,NIR,"DF,MF",23.0,2002.0,38.0,34.0,3036.0,33.7,2.0,1.0,3.0,2.0,0.0,0.0,9.0,0.0,0.06,0.03,0.09,0.06,0.09,33.7,2.0,34.0,7.0,20.6,1.01,0.21,0.06,0.29,0.0,0.0,80.0,88.8,34,87.0,26,4,22.0,0,1.42,34.0,42.0,-8.0,-0.24,-0.71,0.0,30.0,38.0,3.0,88.0,25.0,46.0,,,1.0,,,,,,,,,,,,,,,,True,alta,3,Pivote destructor,1.9485081217618525
ENG-Premier League,2526,Tottenham,Archie Gray,ENG,"MF,DF",19.0,2006.0,24.0,18.0,1478.0,16.4,2.0,2.0,4.0,2.0,0.0,0.0,5.0,0.0,0.12,0.12,0.24,0.12,0.24,16.4,2.0,11.0,5.0,45.5,0.67,0.3,0.18,0.4,0.0,0.0,62.0,43.2,18,78.0,9,6,11.0,11,0.83,18.0,28.0,-10.0,-0.61,-0.66,0.0,12.0,2.0,0.0,12.0,17.0,8.0,,,0.0,,,,,,,,,,,,,,,,True,alta,1,Carrilero,3.3108750508925193
ENG-Premier League,2526,Tottenham,Brennan Johnson,WAL,"MF,FW",24.0,2001.0,16.0,6.0,610.0,6.8,2.0,0.0,2.0,2.0,0.0,0.0,2.0,0.0,0.3,0.0,0.3,0.3,0.3,6.8,2.0,6.0,2.0,33.3,0.89,0.3,0.33,1.0,0.0,0.0,38.0,17.8,6,77.0,1,10,15.0,2,1.38,13.0,5.0,8.0,1.18,1.72,0.0,2.0,4.0,8.0,23.0,2.0,9.0,,,0.0,,,,,,,,,,,,,,,,False,baja,1,Carrilero,4.367884598878134
ENG-Premier League,2526,Tottenham,Conor Gallagher,ENG,MF,25.0,2000.0,16.0,14.0,1184.0,13.2,1.0,1.0,2.0,1.0,0.0,0.0,2.0,0.0,0.08,0.08,0.15,0.08,0.15,13.2,1.0,11.0,4.0,36.4,0.84,0.3,0.09,0.25,0.0,0.0,74.0,34.6,14,81.0,5,2,28.0,0,0.81,13.0,23.0,-10.0,-0.76,-0.8,0.0,25.0,23.0,1.0,23.0,18.0,14.0,,,0.0,,,,,,,,,,,,,,,,True,alta,3,Pivote destructor,2.072004547259704
ENG-Premier League,2526,Tottenham,Destiny Udogie,ITA,"DF,MF",22.0,2002.0,20.0,14.0,1338.0,14.9,0.0,1.0,1.0,0.0,0.0,0.0,4.0,0.0,0.0,0.07,0.07,0.0,0.07,14.9,0.0,4.0,1.0,25.0,0.27,0.07,0.0,0.0,0.0,0.0,67.0,39.1,14,83.0,7,6,29.0,1,1.0,18.0,25.0,-7.0,-0.47,-0.38,0.0,17.0,22.0,3.0,27.0,7.0,20.0,,,0.0,,,,,,,,,,,,,,,,True,alta,3,Pivote destructor,2.704721420069707
ENG-Premier League,2526,Tottenham,Djed Spence,ENG,"DF,MF",24.0,2000.0,30.0,23.0,2056.0,22.8,0.0,0.0,0.0,0.0,0.0,0.0,4.0,0.0,0.0,0.0,0.0,0.0,0.0,22.8,0.0,13.0,8.0,61.5,0.57,0.35,0.0,0.0,0.0,0.0,69.0,60.1,23,83.0,16,7,21.0,4,1.2,30.0,31.0,-1.0,-0.04,0.48,0.0,28.0,21.0,4.0,49.0,15.0,25.0,,,0.0,,,,,,,,,,,,,,,,True,alta,3,Pivote destructor,2.2483234960461562
ENG-Premier League,2526,Tottenham,João Palhinha,POR,MF,30.0,1995.0,33.0,23.0,2198.0,24.4,5.0,2.0,7.0,5.0,0.0,0.0,8.0,0.0,0.2,0.08,0.29,0.2,0.29,24.4,5.0,33.0,9.0,27.3,1.35,0.37,0.15,0.56,0.0,0.0,67.0,64.3,23,84.0,15,10,26.0,2,1.15,31.0,37.0,-6.0,-0.25,-0.02,0.0,28.0,36.0,0.0,4.0,28.0,61.0,,,0.0,,,,,,,,,,,,,,,,True,alta,3,Pivote destructor,3.126080911940688
ENG-Premier League,2526,Tottenham,Lucas Bergvall,SWE,MF,19.0,2006.0,23.0,11.0,965.0,10.7,1.0,3.0,4.0,1.0,0.0,0.0,2.0,0.0,0.09,0.28,0.37,0.09,0.37,10.7,1.0,12.0,5.0,41.7,1.12,0.47,0.08,0.2,0.0,0.0,42.0,28.2,11,66.0,0,12,20.0,5,1.17,14.0,18.0,-4.0,-0.37,-0.19,0.0,24.0,7.0,3.0,19.0,3.0,14.0,,,0.0,,,,,,,,,,,,,,,,True,alta,0,Interior de conducción,2.9955827450511014
ENG-Premier League,2526,Tottenham,Mathys Tel,FRA,"MF,FW",20.0,2005.0,31.0,13.0,1349.0,15.0,4.0,1.0,5.0,4.0,0.0,0.0,1.0,0.0,0.27,0.07,0.33,0.27,0.33,15.0,4.0,35.0,8.0,22.9,2.34,0.53,0.11,0.5,0.0,0.0,44.0,39.4,13,78.0,3,18,19.0,7,1.0,26.0,23.0,3.0,0.2,0.72,0.0,19.0,23.0,3.0,92.0,5.0,12.0,,,0.0,,,,,,,,,,,,,,,,True,alta,2,Interior ofensivo,1.987437252123089
ENG-Premier League,2526,Tottenham,Mohammed Kudus,GHA,"MF,FW",24.0,2000.0,19.0,19.0,1535.0,17.1,2.0,5.0,7.0,2.0,0.0,0.0,3.0,0.0,0.12,0.29,0.41,0.12,0.41,17.1,2.0,26.0,9.0,34.6,1.52,0.53,0.08,0.22,0.0,0.0,81.0,44.9,19,81.0,8,0,,0,1.37,22.0,20.0,2.0,0.12,0.64,0.0,23.0,15.0,10.0,122.0,3.0,17.0,,,0.0,,,,,,,,,,,,,,,,True,alta,2,Interior ofensivo,2.9300173004113157
ENG-Premier League,2526,Tottenham,Pape Matar Sarr,SEN,MF,22.0,2002.0,26.0,13.0,1398.0,15.5,2.0,4.0,6.0,2.0,0.0,0.0,3.0,0.0,0.13,0.26,0.39,0.13,0.39,15.5,2.0,17.0,6.0,35.3,1.09,0.39,0.12,0.33,0.0,0.0,54.0,40.9,13,89.0,11,13,19.0,3,1.12,21.0,23.0,-2.0,-0.13,0.18,0.0,29.0,13.0,3.0,8.0,14.0,21.0,,,0.0,,,,,,,,,,,,,,,,True,alta,0,Interior de conducción,2.6102769498630636
ENG-Premier League,2526,Tottenham,Randal Kolo Muani,FRA,"FW,MF",26.0,1998.0,30.0,21.0,1664.0,18.5,1.0,1.0,2.0,1.0,0.0,0.0,3.0,0.0,0.05,0.05,0.11,0.05,0.11,18.5,1.0,20.0,4.0,20.0,1.08,0.22,0.05,0.25,0.0,0.0,55.0,48.7,21,69.0,4,9,25.0,2,0.87,17.0,31.0,-14.0,-0.76,-1.01,0.0,41.0,17.0,3.0,18.0,2.0,16.0,,,0.0,,,,,,,,,,,,,,,,True,alta,0,Interior de conducción,3.0274047833198208
ENG-Premier League,2526,Tottenham,Richarlison,BRA,"FW,MF",28.0,1997.0,32.0,20.0,1964.0,21.8,11.0,4.0,15.0,11.0,0.0,0.0,5.0,0.0,0.5,0.18,0.69,0.5,0.69,21.8,11.0,61.0,26.0,42.6,2.8,1.19,0.18,0.42,0.0,0.0,61.0,57.4,20,83.0,12,12,25.0,1,1.19,29.0,27.0,2.0,0.09,0.77,0.0,23.0,33.0,10.0,18.0,7.0,16.0,,,0.0,,,,,,,,,,,,,,,,True,alta,2,Interior ofensivo,2.1673399136829015
ENG-Premier League,2526,Tottenham,Rodrigo Bentancur,URU,MF,28.0,1997.0,26.0,23.0,1883.0,20.9,1.0,1.0,2.0,1.0,0.0,0.0,7.0,0.0,0.05,0.05,0.1,0.05,0.1,20.9,1.0,13.0,3.0,23.1,0.62,0.14,0.08,0.33,0.0,0.0,72.0,55.1,23,79.0,11,3,21.0,1,1.35,28.0,25.0,3.0,0.14,0.85,0.0,19.0,8.0,1.0,7.0,36.0,36.0,,,0.0,,,,,,,,,,,,,,,,True,alta,3,Pivote destructor,2.3955558581886116
ENG-Premier League,2526,Tottenham,Wilson Odobert,FRA,"MF,FW",20.0,2004.0,24.0,10.0,985.0,10.9,0.0,2.0,2.0,0.0,0.0,0.0,0.0,0.0,0.0,0.18,0.18,0.0,0.18,10.9,0.0,21.0,8.0,38.1,1.92,0.73,0.0,0.0,0.0,0.0,41.0,28.8,10,68.0,1,14,22.0,2,1.08,16.0,13.0,3.0,0.27,0.72,0.0,2.0,10.0,2.0,28.0,0.0,8.0,,,0.0,,,,,,,,,,,,,,,,True,alta,2,Interior ofensivo,3.8924564389593295
ENG-Premier League,2526,Tottenham,Xavi Simons,NED,"MF,FW",22.0,2003.0,28.0,19.0,1755.0,19.5,2.0,5.0,7.0,2.0,0.0,0.0,5.0,1.0,0.1,0.26,0.36,0.1,0.36,19.5,2.0,42.0,10.0,23.8,2.15,0.51,0.05,0.2,0.0,0.0,63.0,51.3,19,78.0,10,9,30.0,0,0.82,26.0,33.0,-7.0,-0.36,-0.25,0.0,21.0,44.0,0.0,51.0,15.0,20.0,,,0.0,,,,,,,,,,,,,,,,True,alta,0,Interior de conducción,2.3702644797811487
ENG-Premier League,2526,Tottenham,Yves Bissouma,MLI,MF,28.0,1996.0,11.0,7.0,603.0,6.7,0.0,0.0,0.0,0.0,0.0,0.0,4.0,0.0,0.0,0.0,0.0,0.0,0.0,6.7,0.0,5.0,2.0,40.0,0.75,0.3,0.0,0.0,0.0,0.0,55.0,17.6,7,68.0,1,4,32.0,4,0.82,6.0,17.0,-11.0,-1.64,-1.71,0.0,8.0,6.0,0.0,1.0,8.0,11.0,,,0.0,,,,,,,,,,,,,,,,False,baja,3,Pivote destructor,2.665093025484229
ENG-Premier League,2526,West Ham,Aaron Wan-Bissaka,COD,"DF,MF",27.0,1997.0,25.0,23.0,2081.0,23.1,0.0,2.0,2.0,0.0,0.0,0.0,4.0,0.0,0.0,0.09,0.09,0.0,0.09,23.1,0.0,0.0,0.0,,0.0,0.0,,,0.0,0.0,83.0,60.8,23,87.0,19,2,36.0,5,0.96,27.0,43.0,-16.0,-0.69,-0.49,0.0,23.0,12.0,1.0,43.0,41.0,24.0,,,0.0,,,,,,,,,,,,,,,,True,alta,3,Pivote destructor,2.9682735081345917
ENG-Premier League,2526,West Ham,Crysencio Summerville,NED,"MF,FW",23.0,2001.0,31.0,29.0,2470.0,27.4,5.0,2.0,7.0,5.0,0.0,0.0,6.0,0.0,0.18,0.07,0.26,0.18,0.26,27.4,5.0,54.0,15.0,27.8,1.97,0.55,0.09,0.33,0.0,0.0,80.0,72.2,29,84.0,14,2,19.0,0,1.16,34.0,42.0,-8.0,-0.29,0.75,0.0,49.0,67.0,6.0,59.0,15.0,26.0,,,0.0,,,,,,,,,,,,,,,,True,alta,0,Interior de conducción,1.4970611776370273
ENG-Premier League,2526,West Ham,El Hadji Malick Diouf,SEN,"DF,MF",20.0,2004.0,32.0,30.0,2707.0,30.1,0.0,5.0,5.0,0.0,0.0,0.0,6.0,0.0,0.0,0.17,0.17,0.0,0.17,30.1,0.0,18.0,4.0,22.2,0.6,0.13,0.0,0.0,0.0,0.0,85.0,79.2,30,88.0,24,2,33.0,0,1.09,38.0,47.0,-9.0,-0.3,0.96,0.0,28.0,25.0,2.0,109.0,32.0,19.0,,,0.0,,,,,,,,,,,,,,,,True,alta,1,Carrilero,1.8934667051332257
ENG-Premier League,2526,West Ham,Freddie Potts,ENG,MF,21.0,2003.0,22.0,12.0,1171.0,13.0,0.0,1.0,1.0,0.0,0.0,0.0,1.0,0.0,0.0,0.08,0.08,0.0,0.08,13.0,0.0,3.0,1.0,33.3,0.23,0.08,0.0,0.0,0.0,0.0,53.0,34.2,12,77.0,4,10,25.0,11,1.09,17.0,25.0,-8.0,-0.61,-0.17,0.0,15.0,14.0,0.0,34.0,16.0,18.0,,,0.0,,,,,,,,,,,,,,,,True,alta,3,Pivote destructor,2.5166856565213003
ENG-Premier League,2526,West Ham,Jarrod Bowen,ENG,"MF,FW",28.0,1996.0,38.0,38.0,3403.0,37.8,9.0,11.0,20.0,8.0,1.0,1.0,4.0,0.0,0.24,0.29,0.53,0.21,0.5,37.8,9.0,79.0,28.0,35.4,2.09,0.74,0.11,0.32,1.0,1.0,90.0,99.5,38,90.0,32,0,,0,1.03,45.0,63.0,-18.0,-0.48,4.82,0.0,19.0,49.0,17.0,148.0,27.0,28.0,,,0.0,,,,,,,,,,,,,,,,True,alta,2,Interior ofensivo,1.9619726989680593
ENG-Premier League,2526,West Ham,Lucas Paquetá,BRA,"MF,FW",27.0,1997.0,18.0,18.0,1511.0,16.8,4.0,1.0,5.0,2.0,2.0,2.0,7.0,1.0,0.24,0.06,0.3,0.12,0.18,16.8,4.0,23.0,11.0,47.8,1.37,0.66,0.17,0.36,2.0,2.0,84.0,44.2,18,84.0,8,0,,0,0.67,18.0,32.0,-14.0,-0.83,-0.6,1.0,27.0,30.0,5.0,36.0,7.0,22.0,,,0.0,,,,,,,,,,,,,,,,True,alta,0,Interior de conducción,1.8418383852159934
ENG-Premier League,2526,West Ham,Mateus Fernandes,POR,MF,21.0,2004.0,36.0,35.0,3016.0,33.5,3.0,4.0,7.0,3.0,0.0,0.0,7.0,0.0,0.09,0.12,0.21,0.09,0.21,33.5,3.0,28.0,8.0,28.6,0.84,0.24,0.11,0.38,0.0,0.0,84.0,88.2,35,85.0,23,1,26.0,0,1.08,40.0,50.0,-10.0,-0.3,1.71,0.0,49.0,49.0,0.0,51.0,36.0,67.0,,,0.0,,,,,,,,,,,,,,,,True,alta,3,Pivote destructor,2.0285926765219475
ENG-Premier League,2526,West Ham,Oliver Scarles,ENG,"DF,MF",19.0,2005.0,13.0,9.0,659.0,7.3,0.0,0.0,0.0,0.0,0.0,0.0,2.0,0.0,0.0,0.0,0.0,0.0,0.0,7.3,0.0,3.0,0.0,0.0,0.41,0.0,0.0,,0.0,0.0,51.0,19.3,9,69.0,4,4,9.0,17,0.85,8.0,16.0,-8.0,-1.09,-0.73,0.0,7.0,7.0,1.0,35.0,13.0,19.0,,,0.0,,,,,,,,,,,,,,,,False,baja,3,Pivote destructor,3.646467722903733
ENG-Premier League,2526,West Ham,Pablo,BRA,"MF,FW",21.0,2004.0,14.0,10.0,823.0,9.1,0.0,1.0,1.0,0.0,0.0,0.0,0.0,0.0,0.0,0.11,0.11,0.0,0.11,9.1,0.0,12.0,3.0,25.0,1.31,0.33,0.0,0.0,0.0,0.0,59.0,24.1,10,73.0,2,4,23.0,1,1.43,12.0,12.0,0.0,0.0,0.66,0.0,23.0,8.0,0.0,5.0,5.0,14.0,,,0.0,,,,,,,,,,,,,,,,False,baja,3,Pivote destructor,3.6858911149872537
ENG-Premier League,2526,West Ham,Soungoutou Magassa,FRA,MF,21.0,2003.0,22.0,11.0,981.0,10.9,1.0,0.0,1.0,1.0,0.0,0.0,4.0,0.0,0.09,0.0,0.09,0.09,0.09,10.9,1.0,7.0,2.0,28.6,0.64,0.18,0.14,0.5,0.0,0.0,45.0,28.7,11,74.0,2,11,15.0,12,0.73,11.0,23.0,-12.0,-1.1,-0.84,0.0,17.0,17.0,0.0,9.0,17.0,23.0,,,0.0,,,,,,,,,,,,,,,,True,alta,3,Pivote destructor,2.4005248049070405
ENG-Premier League,2526,West Ham,Tomáš Souček,CZE,MF,30.0,1995.0,35.0,24.0,2200.0,24.4,5.0,0.0,5.0,5.0,0.0,0.0,3.0,1.0,0.2,0.0,0.2,0.2,0.2,24.4,5.0,26.0,14.0,53.8,1.06,0.57,0.19,0.36,0.0,0.0,63.0,64.3,24,83.0,15,11,19.0,0,1.09,32.0,41.0,-9.0,-0.37,0.37,0.0,37.0,22.0,5.0,14.0,16.0,23.0,,,0.0,,,,,,,,,,,,,,,,True,alta,0,Interior de conducción,2.762948794822646
ENG-Premier League,2526,Wolves,Adam Armstrong,ENG,"FW,MF",28.0,1997.0,14.0,14.0,1140.0,12.7,2.0,2.0,4.0,1.0,1.0,1.0,3.0,0.0,0.16,0.16,0.32,0.08,0.24,12.7,2.0,18.0,6.0,33.3,1.42,0.47,0.11,0.33,1.0,1.0,81.0,33.3,14,81.0,7,0,,0,0.86,9.0,20.0,-11.0,-0.87,0.32,0.0,12.0,3.0,5.0,5.0,1.0,4.0,,,0.0,,,,,,,,,,,,,,,,True,alta,2,Interior ofensivo,3.7201814207906407
ENG-Premier League,2526,Wolves,André,BRA,MF,24.0,2001.0,35.0,30.0,2762.0,30.7,1.0,0.0,1.0,1.0,0.0,0.0,12.0,0.0,0.03,0.0,0.03,0.03,0.03,30.7,1.0,15.0,1.0,6.7,0.49,0.03,0.07,1.0,0.0,0.0,79.0,80.8,30,86.0,24,5,34.0,0,0.51,19.0,53.0,-34.0,-1.11,-0.15,0.0,47.0,43.0,0.0,40.0,25.0,42.0,,,0.0,,,,,,,,,,,,,,,,True,alta,3,Pivote destructor,1.7914813927073059
ENG-Premier League,2526,Wolves,Angel Gomes,ENG,"MF,FW",24.0,2000.0,12.0,7.0,461.0,5.1,0.0,0.0,0.0,0.0,0.0,0.0,1.0,0.0,0.0,0.0,0.0,0.0,0.0,5.1,0.0,6.0,2.0,33.3,1.17,0.39,0.0,0.0,0.0,0.0,38.0,13.5,7,57.0,0,5,13.0,2,0.92,4.0,8.0,-4.0,-0.78,0.34,0.0,7.0,9.0,0.0,12.0,1.0,5.0,,,0.0,,,,,,,,,,,,,,,,False,baja,0,Interior de conducción,3.2527005453936404
ENG-Premier League,2526,Wolves,David Møller Wolfe,NOR,"MF,DF",23.0,2002.0,22.0,11.0,1049.0,11.7,0.0,2.0,2.0,0.0,0.0,0.0,1.0,0.0,0.0,0.17,0.17,0.0,0.17,11.7,0.0,3.0,0.0,0.0,0.26,0.0,0.0,,0.0,0.0,48.0,30.7,11,79.0,4,11,16.0,15,0.5,6.0,23.0,-17.0,-1.46,-0.55,0.0,10.0,4.0,0.0,32.0,7.0,5.0,,,0.0,,,,,,,,,,,,,,,,True,alta,1,Carrilero,2.8531135415999023
ENG-Premier League,2526,Wolves,Hugo Bueno,ESP,"MF,DF",22.0,2002.0,35.0,26.0,2366.0,26.3,1.0,2.0,3.0,1.0,0.0,0.0,3.0,0.0,0.04,0.08,0.11,0.04,0.11,26.3,1.0,16.0,6.0,37.5,0.61,0.23,0.06,0.17,0.0,0.0,68.0,69.2,26,84.0,17,9,20.0,0,0.57,20.0,44.0,-24.0,-0.91,0.54,0.0,17.0,24.0,3.0,166.0,33.0,35.0,,,0.0,,,,,,,,,,,,,,,,True,alta,1,Carrilero,1.9724604085377795
ENG-Premier League,2526,Wolves,Hwang Hee-chan,KOR,"FW,MF",29.0,1996.0,26.0,18.0,1446.0,16.1,2.0,2.0,4.0,1.0,1.0,1.0,5.0,0.0,0.12,0.12,0.25,0.06,0.19,16.1,2.0,19.0,6.0,31.6,1.18,0.37,0.11,0.33,1.0,1.0,56.0,42.3,18,73.0,1,8,17.0,7,0.38,10.0,29.0,-19.0,-1.18,-0.18,0.0,28.0,18.0,9.0,19.0,12.0,4.0,,,0.0,,,,,,,,,,,,,,,,True,alta,0,Interior de conducción,3.234325374957347
ENG-Premier League,2526,Wolves,Jackson Tchatchoua,CMR,"MF,DF",23.0,2001.0,31.0,19.0,1845.0,20.5,0.0,1.0,1.0,0.0,0.0,0.0,3.0,0.0,0.0,0.05,0.05,0.0,0.05,20.5,0.0,3.0,1.0,33.3,0.15,0.05,0.0,0.0,0.0,0.0,60.0,53.9,19,82.0,14,12,24.0,6,0.55,17.0,37.0,-20.0,-0.98,0.22,0.0,8.0,9.0,2.0,90.0,14.0,15.0,,,0.0,,,,,,,,,,,,,,,,True,alta,1,Carrilero,2.714395599910797
ENG-Premier League,2526,Wolves,Jean-Ricner Bellegarde,HAI,"MF,FW",27.0,1998.0,26.0,15.0,1248.0,13.9,1.0,1.0,2.0,1.0,0.0,0.0,5.0,0.0,0.07,0.07,0.14,0.07,0.14,13.9,1.0,21.0,7.0,33.3,1.51,0.5,0.05,0.14,0.0,0.0,48.0,36.5,15,68.0,1,11,21.0,2,0.46,10.0,30.0,-20.0,-1.44,-0.57,0.0,20.0,41.0,0.0,25.0,9.0,15.0,,,0.0,,,,,,,,,,,,,,,,True,alta,0,Interior de conducción,2.361293079904982
ENG-Premier League,2526,Wolves,Jhon Arias,COL,"FW,MF",27.0,1997.0,23.0,14.0,1124.0,12.5,1.0,0.0,1.0,1.0,0.0,0.0,1.0,0.0,0.08,0.0,0.08,0.08,0.08,12.5,1.0,16.0,3.0,18.8,1.28,0.24,0.06,0.33,0.0,0.0,49.0,32.9,14,71.0,2,9,15.0,1,0.35,11.0,21.0,-10.0,-0.8,0.41,0.0,26.0,9.0,3.0,30.0,7.0,27.0,,,0.0,,,,,,,,,,,,,,,,True,alta,3,Pivote destructor,3.605031260711687
ENG-Premier League,2526,Wolves,João Gomes,BRA,MF,24.0,2001.0,35.0,32.0,2829.0,31.4,1.0,1.0,2.0,1.0,0.0,0.0,10.0,0.0,0.03,0.03,0.06,0.03,0.06,31.4,1.0,19.0,7.0,36.8,0.6,0.22,0.05,0.14,0.0,0.0,81.0,82.7,32,86.0,23,3,24.0,1,0.51,21.0,56.0,-35.0,-1.11,-0.2,0.0,69.0,49.0,1.0,31.0,36.0,68.0,,,0.0,,,,,,,,,,,,,,,,True,alta,3,Pivote destructor,2.3105077279636483
ENG-Premier League,2526,Wolves,Ladislav Krejčí,CZE,"DF,MF",26.0,1999.0,28.0,27.0,2356.0,26.2,2.0,1.0,3.0,2.0,0.0,0.0,5.0,1.0,0.08,0.04,0.11,0.08,0.11,26.2,2.0,21.0,10.0,47.6,0.8,0.38,0.1,0.2,0.0,0.0,84.0,68.9,27,85.0,21,1,48.0,2,0.57,20.0,45.0,-25.0,-0.96,0.4,1.0,33.0,7.0,0.0,17.0,32.0,21.0,,,1.0,,,,,,,,,,,,,,,,True,alta,3,Pivote destructor,2.2393815628852622
ENG-Premier League,2526,Wolves,Marshall Munetsi,ZIM,"MF,FW",29.0,1996.0,13.0,9.0,875.0,9.7,1.0,1.0,2.0,1.0,0.0,0.0,2.0,0.0,0.1,0.1,0.21,0.1,0.21,9.7,1.0,14.0,6.0,42.9,1.44,0.62,0.07,0.17,0.0,0.0,67.0,25.6,9,86.0,6,4,24.0,1,0.15,6.0,19.0,-13.0,-1.34,-0.35,0.0,19.0,10.0,4.0,14.0,5.0,13.0,,,0.0,,,,,,,,,,,,,,,,False,baja,0,Interior de conducción,1.9958686991911916
ENG-Premier League,2526,Wolves,Mateus Mane,POR,MF,17.0,2007.0,27.0,19.0,1795.0,19.9,3.0,1.0,4.0,3.0,0.0,0.0,0.0,0.0,0.15,0.05,0.2,0.15,0.2,19.9,3.0,41.0,17.0,41.5,2.06,0.85,0.07,0.18,0.0,0.0,66.0,52.5,19,85.0,15,8,23.0,0,0.67,16.0,30.0,-14.0,-0.7,0.79,0.0,26.0,47.0,2.0,94.0,5.0,13.0,,,0.0,,,,,,,,,,,,,,,,True,alta,2,Interior ofensivo,2.8259660231210018
ENG-Premier League,2526,Wolves,Matt Doherty,IRL,"DF,MF",33.0,1992.0,11.0,11.0,787.0,8.7,0.0,0.0,0.0,0.0,0.0,0.0,4.0,0.0,0.0,0.0,0.0,0.0,0.0,8.7,0.0,3.0,0.0,0.0,0.34,0.0,0.0,,0.0,0.0,72.0,23.0,11,72.0,3,0,,15,0.45,2.0,15.0,-13.0,-1.49,-0.53,0.0,16.0,6.0,0.0,8.0,7.0,8.0,,,0.0,,,,,,,,,,,,,,,,False,baja,3,Pivote destructor,2.5005517971321765
ENG-Premier League,2526,Wolves,Rodrigo Gomes,POR,"MF,FW",22.0,2003.0,22.0,9.0,960.0,10.7,3.0,0.0,3.0,3.0,0.0,0.0,0.0,0.0,0.28,0.0,0.28,0.28,0.28,10.7,3.0,20.0,6.0,30.0,1.87,0.56,0.15,0.5,0.0,0.0,44.0,28.1,9,72.0,1,13,24.0,4,0.59,12.0,18.0,-6.0,-0.56,0.72,0.0,6.0,8.0,3.0,24.0,11.0,18.0,,,0.0,,,,,,,,,,,,,,,,True,alta,1,Carrilero,3.728272946090704
ESP-La Liga,2526,Alavés,Abde Rebbach,ALG,"MF,DF",26.0,1998.0,30.0,15.0,1496.0,16.6,1.0,4.0,5.0,1.0,0.0,0.0,8.0,0.0,0.06,0.24,0.3,0.06,0.3,16.6,1.0,34.0,12.0,35.3,2.05,0.72,0.03,0.08,0.0,0.0,50.0,43.7,15,76.0,7,15,24.0,7,1.13,21.0,21.0,0.0,0.0,0.56,0.0,40.0,30.0,5.0,109.0,16.0,21.0,,,0.0,,,,,,,,,,,,,,,,True,alta,0,Interior de conducción,3.3024634926866825
ESP-La Liga,2526,Alavés,Ander Guevara,ESP,MF,28.0,1997.0,25.0,2.0,654.0,7.3,1.0,1.0,2.0,1.0,0.0,0.0,4.0,1.0,0.14,0.14,0.28,0.14,0.28,7.3,1.0,5.0,1.0,20.0,0.69,0.14,0.2,1.0,0.0,0.0,26.0,19.1,2,83.0,1,23,21.0,12,1.0,15.0,14.0,1.0,0.14,0.56,1.0,11.0,5.0,0.0,6.0,9.0,8.0,,,0.0,,,,,,,,,,,,,,,,False,baja,3,Pivote destructor,2.7013472592829206
ESP-La Liga,2526,Alavés,Antonio Blanco,ESP,MF,25.0,2000.0,36.0,36.0,3110.0,34.6,2.0,3.0,5.0,2.0,0.0,0.0,9.0,0.0,0.06,0.09,0.14,0.06,0.14,34.6,2.0,40.0,13.0,32.5,1.16,0.38,0.05,0.15,0.0,0.0,86.0,90.9,36,86.0,28,0,,1,1.08,36.0,52.0,-16.0,-0.46,-1.62,0.0,71.0,43.0,2.0,30.0,51.0,49.0,,,0.0,,,,,,,,,,,,,,,,True,alta,3,Pivote destructor,1.7646067578958595
ESP-La Liga,2526,Alavés,Calebe,BRA,MF,25.0,2000.0,19.0,13.0,752.0,8.4,0.0,0.0,0.0,0.0,0.0,0.0,2.0,0.0,0.0,0.0,0.0,0.0,0.0,8.4,0.0,5.0,1.0,20.0,0.6,0.12,0.0,0.0,0.0,0.0,40.0,22.0,13,52.0,0,6,13.0,18,1.21,8.0,8.0,0.0,0.0,0.4,0.0,18.0,19.0,0.0,16.0,9.0,14.0,,,0.0,,,,,,,,,,,,,,,,False,baja,3,Pivote destructor,2.6143439746171495
ESP-La Liga,2526,Alavés,Carles Aleñá,ESP,MF,27.0,1998.0,34.0,23.0,1989.0,22.1,0.0,4.0,4.0,0.0,0.0,0.0,5.0,0.0,0.0,0.18,0.18,0.0,0.18,22.1,0.0,29.0,5.0,17.2,1.31,0.23,0.0,0.0,0.0,0.0,59.0,58.2,23,73.0,4,11,27.0,3,1.06,23.0,35.0,-12.0,-0.54,-0.54,0.0,38.0,36.0,1.0,121.0,12.0,24.0,,,0.0,,,,,,,,,,,,,,,,True,alta,0,Interior de conducción,2.538692531670632
ESP-La Liga,2526,Alavés,Carlos Vicente,ESP,MF,26.0,1999.0,21.0,11.0,1258.0,14.0,5.0,0.0,5.0,2.0,3.0,3.0,1.0,0.0,0.36,0.0,0.36,0.14,0.14,14.0,5.0,12.0,6.0,50.0,0.86,0.43,0.42,0.83,3.0,3.0,60.0,36.8,11,79.0,6,10,39.0,0,1.05,12.0,19.0,-7.0,-0.5,-0.29,0.0,12.0,42.0,10.0,128.0,7.0,18.0,,,0.0,,,,,,,,,,,,,,,,True,alta,0,Interior de conducción,4.23019201524449
ESP-La Liga,2526,Alavés,Denis Suárez,ESP,MF,31.0,1994.0,30.0,15.0,1406.0,15.6,1.0,2.0,3.0,1.0,0.0,0.0,6.0,0.0,0.06,0.13,0.19,0.06,0.19,15.6,1.0,9.0,4.0,44.4,0.58,0.26,0.11,0.25,0.0,0.0,47.0,41.1,15,69.0,0,15,24.0,2,1.07,21.0,21.0,0.0,0.0,0.54,0.0,20.0,26.0,0.0,41.0,7.0,12.0,,,0.0,,,,,,,,,,,,,,,,True,alta,0,Interior de conducción,2.6512663093535402
ESP-La Liga,2526,Alavés,Jon Guridi,ESP,"MF,FW",30.0,1995.0,28.0,15.0,1238.0,13.8,0.0,0.0,0.0,0.0,0.0,0.0,1.0,0.0,0.0,0.0,0.0,0.0,0.0,13.8,0.0,15.0,4.0,26.7,1.09,0.29,0.0,0.0,0.0,0.0,44.0,36.2,15,66.0,1,13,19.0,9,1.11,15.0,25.0,-10.0,-0.73,-0.64,0.0,15.0,8.0,2.0,12.0,10.0,19.0,,,0.0,,,,,,,,,,,,,,,,True,alta,3,Pivote destructor,2.573209057958195
ESP-La Liga,2526,Alavés,Pablo Ibáñez,ESP,MF,26.0,1998.0,37.0,28.0,2236.0,24.8,1.0,1.0,2.0,1.0,0.0,0.0,7.0,0.0,0.04,0.04,0.08,0.04,0.08,24.8,1.0,47.0,13.0,27.7,1.89,0.52,0.02,0.08,0.0,0.0,60.0,65.4,28,71.0,6,9,27.0,0,1.16,22.0,33.0,-11.0,-0.44,-0.37,0.0,38.0,66.0,3.0,38.0,21.0,37.0,,,0.0,,,,,,,,,,,,,,,,True,alta,0,Interior de conducción,2.246057741514759
ESP-La Liga,2526,Alavés,Youssef Lekhedim,ESP,"DF,MF",19.0,2005.0,25.0,13.0,1335.0,14.8,0.0,1.0,1.0,0.0,0.0,0.0,7.0,0.0,0.0,0.07,0.07,0.0,0.07,14.8,0.0,11.0,3.0,27.3,0.74,0.2,0.0,0.0,0.0,0.0,53.0,39.0,13,83.0,7,12,21.0,11,1.15,19.0,22.0,-3.0,-0.2,0.19,0.0,24.0,13.0,0.0,61.0,12.0,10.0,,,0.0,,,,,,,,,,,,,,,,True,alta,3,Pivote destructor,3.036841720017916
ESP-La Liga,2526,Alavés,Ángel Pérez,ESP,"MF,DF",22.0,2002.0,16.0,14.0,1288.0,14.3,1.0,3.0,4.0,1.0,0.0,0.0,4.0,0.0,0.07,0.21,0.28,0.07,0.28,14.3,1.0,14.0,4.0,28.6,0.98,0.28,0.07,0.25,0.0,0.0,81.0,37.7,14,88.0,10,2,30.0,1,1.13,22.0,25.0,-3.0,-0.21,0.17,0.0,16.0,17.0,6.0,85.0,9.0,13.0,,,0.0,,,,,,,,,,,,,,,,True,alta,0,Interior de conducción,2.5592854343892824
ESP-La Liga,2526,Athletic Club,Alejandro Rego,ESP,MF,22.0,2003.0,29.0,11.0,1279.0,14.2,1.0,1.0,2.0,1.0,0.0,0.0,6.0,0.0,0.07,0.07,0.14,0.07,0.14,14.2,1.0,12.0,3.0,25.0,0.84,0.21,0.08,0.33,0.0,0.0,44.0,37.4,11,76.0,5,18,25.0,7,1.31,20.0,23.0,-3.0,-0.21,0.29,0.0,40.0,6.0,0.0,6.0,21.0,20.0,,,0.0,,,,,,,,,,,,,,,,True,alta,3,Pivote destructor,3.052261681965094
ESP-La Liga,2526,Athletic Club,Iñaki Williams,GHA,"MF,FW",31.0,1994.0,30.0,25.0,2157.0,24.0,3.0,6.0,9.0,2.0,1.0,1.0,2.0,0.0,0.13,0.25,0.38,0.08,0.33,24.0,3.0,57.0,20.0,35.1,2.38,0.83,0.05,0.15,1.0,1.0,72.0,63.1,25,78.0,10,5,39.0,0,1.2,25.0,34.0,-9.0,-0.38,0.05,0.0,28.0,23.0,10.0,67.0,8.0,9.0,,,0.0,,,,,,,,,,,,,,,,True,alta,2,Interior ofensivo,1.9347631534446337
ESP-La Liga,2526,Athletic Club,Iñigo Ruiz de Galarreta,ESP,MF,31.0,1993.0,34.0,30.0,2206.0,24.5,1.0,2.0,3.0,1.0,0.0,0.0,10.0,0.0,0.04,0.08,0.12,0.04,0.12,24.5,1.0,20.0,2.0,10.0,0.82,0.08,0.05,0.5,0.0,0.0,65.0,64.5,30,68.0,4,4,45.0,1,1.15,28.0,37.0,-9.0,-0.37,0.08,0.0,54.0,41.0,0.0,62.0,24.0,32.0,,,0.0,,,,,,,,,,,,,,,,True,alta,3,Pivote destructor,2.4600645287573615
ESP-La Liga,2526,Athletic Club,Mikel Jauregizar,ESP,MF,21.0,2003.0,36.0,34.0,2831.0,31.5,2.0,0.0,2.0,2.0,0.0,0.0,6.0,1.0,0.06,0.0,0.06,0.06,0.06,31.5,2.0,39.0,11.0,28.2,1.24,0.35,0.05,0.18,0.0,0.0,79.0,82.8,34,82.0,19,2,29.0,0,1.17,30.0,45.0,-15.0,-0.48,-0.48,1.0,49.0,34.0,0.0,72.0,48.0,45.0,,,0.0,,,,,,,,,,,,,,,,True,alta,3,Pivote destructor,1.8950137071617383
ESP-La Liga,2526,Athletic Club,Mikel Vesga,ESP,MF,32.0,1993.0,23.0,1.0,465.0,5.2,0.0,0.0,0.0,0.0,0.0,0.0,0.0,0.0,0.0,0.0,0.0,0.0,0.0,5.2,0.0,3.0,0.0,0.0,0.58,0.0,0.0,,0.0,0.0,20.0,13.6,1,45.0,0,22,19.0,13,1.13,6.0,13.0,-7.0,-1.35,-1.11,0.0,8.0,7.0,0.0,4.0,9.0,10.0,,,0.0,,,,,,,,,,,,,,,,False,baja,3,Pivote destructor,3.224039129749838
ESP-La Liga,2526,Athletic Club,Nico Williams,ESP,MF,23.0,2002.0,25.0,20.0,1674.0,18.6,6.0,3.0,9.0,5.0,1.0,2.0,2.0,0.0,0.32,0.16,0.48,0.27,0.43,18.6,6.0,46.0,16.0,34.8,2.47,0.86,0.13,0.38,1.0,2.0,67.0,48.9,20,74.0,2,5,40.0,0,1.32,24.0,27.0,-3.0,-0.16,0.46,0.0,26.0,29.0,7.0,76.0,7.0,9.0,,,0.0,,,,,,,,,,,,,,,,True,alta,2,Interior ofensivo,1.5024978002066833
ESP-La Liga,2526,Athletic Club,Oihan Sancet,ESP,MF,25.0,2000.0,28.0,22.0,1788.0,19.9,4.0,0.0,4.0,2.0,2.0,2.0,4.0,1.0,0.2,0.0,0.2,0.1,0.1,19.9,4.0,48.0,15.0,31.3,2.42,0.76,0.08,0.27,2.0,2.0,64.0,52.3,22,71.0,2,6,37.0,0,1.0,17.0,25.0,-8.0,-0.4,-0.02,0.0,28.0,28.0,0.0,23.0,3.0,14.0,,,0.0,,,,,,,,,,,,,,,,True,alta,0,Interior de conducción,3.131231177925356
ESP-La Liga,2526,Athletic Club,Roberto Navarro,ESP,MF,23.0,2002.0,32.0,10.0,1307.0,14.5,6.0,1.0,7.0,6.0,0.0,0.0,1.0,0.0,0.41,0.07,0.48,0.41,0.48,14.5,6.0,21.0,10.0,47.6,1.45,0.69,0.29,0.6,0.0,0.0,41.0,38.2,10,70.0,3,22,28.0,3,1.19,23.0,23.0,0.0,0.0,0.64,0.0,18.0,16.0,4.0,74.0,7.0,10.0,,,0.0,,,,,,,,,,,,,,,,True,alta,2,Interior ofensivo,2.007612242133225
ESP-La Liga,2526,Athletic Club,Unai Gómez,ESP,MF,22.0,2003.0,26.0,12.0,936.0,10.4,1.0,1.0,2.0,1.0,0.0,0.0,1.0,0.0,0.1,0.1,0.19,0.1,0.19,10.4,1.0,23.0,7.0,30.4,2.21,0.67,0.04,0.14,0.0,0.0,36.0,27.4,12,53.0,0,14,21.0,10,1.31,9.0,24.0,-15.0,-1.44,-1.44,0.0,12.0,6.0,4.0,23.0,3.0,8.0,,,0.0,,,,,,,,,,,,,,,,True,alta,2,Interior ofensivo,1.946084323913663
ESP-La Liga,2526,Athletic Club,Álex Berenguer,ESP,MF,30.0,1995.0,31.0,25.0,2154.0,23.9,2.0,3.0,5.0,2.0,0.0,0.0,4.0,0.0,0.08,0.13,0.21,0.08,0.21,23.9,2.0,44.0,20.0,45.5,1.84,0.84,0.05,0.1,0.0,0.0,69.0,63.0,25,78.0,10,6,32.0,1,0.97,24.0,31.0,-7.0,-0.29,0.28,0.0,28.0,38.0,6.0,199.0,13.0,17.0,,,1.0,,,,,,,,,,,,,,,,True,alta,2,Interior ofensivo,2.433858222896163
ESP-La Liga,2526,Atlético Madrid,Ademola Lookman,NGA,"FW,MF",27.0,1997.0,12.0,9.0,617.0,6.9,4.0,0.0,4.0,3.0,1.0,1.0,1.0,0.0,0.58,0.0,0.58,0.44,0.44,6.9,4.0,21.0,5.0,23.8,3.06,0.73,0.19,0.8,1.0,1.0,51.0,18.0,9,60.0,0,3,24.0,2,1.5,9.0,11.0,-2.0,-0.29,-0.93,0.0,7.0,10.0,7.0,12.0,1.0,3.0,,,0.0,,,,,,,,,,,,,,,,False,baja,2,Interior ofensivo,2.94908653960086
ESP-La Liga,2526,Atlético Madrid,Conor Gallagher,ENG,MF,25.0,2000.0,19.0,4.0,679.0,7.5,2.0,0.0,2.0,2.0,0.0,0.0,2.0,0.0,0.27,0.0,0.27,0.27,0.27,7.5,2.0,13.0,5.0,38.5,1.72,0.66,0.15,0.4,0.0,0.0,36.0,19.9,4,65.0,1,15,28.0,0,2.0,15.0,7.0,8.0,1.06,0.73,0.0,18.0,9.0,2.0,11.0,11.0,12.0,,,0.0,,,,,,,,,,,,,,,,False,baja,0,Interior de conducción,3.361784724577786
ESP-La Liga,2526,Atlético Madrid,Giuliano Simeone,ARG,"MF,FW",22.0,2002.0,31.0,25.0,2099.0,23.3,4.0,6.0,10.0,4.0,0.0,0.0,2.0,0.0,0.17,0.26,0.43,0.17,0.43,23.3,4.0,36.0,14.0,38.9,1.54,0.6,0.11,0.29,0.0,0.0,68.0,61.4,25,75.0,7,6,35.0,2,1.9,42.0,26.0,16.0,0.69,0.55,0.0,21.0,40.0,7.0,48.0,20.0,25.0,,,0.0,,,,,,,,,,,,,,,,True,alta,2,Interior ofensivo,2.1628741938574207
ESP-La Liga,2526,Atlético Madrid,Johnny Cardoso,USA,MF,23.0,2001.0,15.0,12.0,887.0,9.9,0.0,0.0,0.0,0.0,0.0,0.0,5.0,0.0,0.0,0.0,0.0,0.0,0.0,9.9,0.0,2.0,0.0,0.0,0.2,0.0,0.0,,0.0,0.0,59.0,25.9,12,66.0,3,3,31.0,9,1.47,15.0,13.0,2.0,0.2,-0.37,0.0,23.0,14.0,0.0,3.0,16.0,21.0,,,0.0,,,,,,,,,,,,,,,,False,baja,3,Pivote destructor,3.446288397140083
ESP-La Liga,2526,Atlético Madrid,Koke,ESP,MF,33.0,1992.0,34.0,24.0,2219.0,24.7,2.0,2.0,4.0,2.0,0.0,0.0,6.0,0.0,0.08,0.08,0.16,0.08,0.16,24.7,2.0,14.0,4.0,28.6,0.57,0.16,0.14,0.5,0.0,0.0,65.0,64.9,24,79.0,14,10,32.0,2,2.0,43.0,28.0,15.0,0.61,0.38,0.0,21.0,22.0,0.0,44.0,19.0,30.0,,,0.0,,,,,,,,,,,,,,,,True,alta,3,Pivote destructor,1.8032786436323276
ESP-La Liga,2526,Atlético Madrid,Marcos Llorente,ESP,"DF,MF",30.0,1995.0,29.0,25.0,2181.0,24.2,0.0,4.0,4.0,0.0,0.0,0.0,7.0,1.0,0.0,0.17,0.17,0.0,0.17,24.2,0.0,18.0,6.0,33.3,0.74,0.25,0.0,0.0,0.0,0.0,75.0,63.8,25,83.0,19,4,28.0,1,1.97,45.0,26.0,19.0,0.78,0.86,1.0,28.0,11.0,4.0,49.0,13.0,41.0,,,0.0,,,,,,,,,,,,,,,,True,alta,1,Carrilero,2.7314370772594554
ESP-La Liga,2526,Atlético Madrid,Nahuel Molina,ARG,"DF,MF",27.0,1998.0,26.0,13.0,1331.0,14.8,2.0,2.0,4.0,2.0,0.0,0.0,4.0,0.0,0.14,0.14,0.27,0.14,0.27,14.8,2.0,14.0,4.0,28.6,0.95,0.27,0.14,0.5,0.0,0.0,51.0,38.9,13,84.0,11,13,19.0,9,1.88,20.0,18.0,2.0,0.14,-0.55,0.0,14.0,5.0,5.0,49.0,14.0,24.0,,,0.0,,,,,,,,,,,,,,,,True,alta,1,Carrilero,2.775309115540102
ESP-La Liga,2526,Atlético Madrid,Nicolás González,ARG,"MF,DF",27.0,1998.0,24.0,18.0,1448.0,16.1,5.0,0.0,5.0,5.0,0.0,0.0,4.0,1.0,0.31,0.0,0.31,0.31,0.31,16.1,5.0,43.0,21.0,48.8,2.67,1.31,0.12,0.24,0.0,0.0,60.0,42.3,18,70.0,5,6,31.0,0,2.0,28.0,15.0,13.0,0.81,0.58,0.0,28.0,25.0,2.0,27.0,11.0,16.0,,,0.0,,,,,,,,,,,,,,,,True,alta,0,Interior de conducción,2.310800823072621
ESP-La Liga,2526,Atlético Madrid,Obed Vargas,MEX,MF,19.0,2005.0,12.0,8.0,740.0,8.2,0.0,1.0,1.0,0.0,0.0,0.0,2.0,0.0,0.0,0.12,0.12,0.0,0.12,8.2,0.0,5.0,0.0,0.0,0.61,0.0,0.0,,0.0,0.0,62.0,21.6,8,80.0,5,4,24.0,4,1.25,12.0,14.0,-2.0,-0.24,-0.91,0.0,4.0,9.0,1.0,6.0,8.0,16.0,,,0.0,,,,,,,,,,,,,,,,False,baja,3,Pivote destructor,2.8441865617002136
ESP-La Liga,2526,Atlético Madrid,Pablo Barrios,ESP,MF,22.0,2003.0,23.0,20.0,1661.0,18.5,1.0,1.0,2.0,1.0,0.0,0.0,0.0,0.0,0.05,0.05,0.11,0.05,0.11,18.5,1.0,23.0,6.0,26.1,1.25,0.33,0.04,0.17,0.0,0.0,72.0,48.6,20,78.0,13,3,34.0,0,1.96,30.0,16.0,14.0,0.76,0.55,0.0,12.0,23.0,0.0,30.0,26.0,16.0,,,0.0,,,,,,,,,,,,,,,,True,alta,1,Carrilero,2.6376290307047823
ESP-La Liga,2526,Atlético Madrid,Thiago Almada,ARG,"MF,FW",24.0,2001.0,27.0,16.0,1311.0,14.6,3.0,1.0,4.0,3.0,0.0,0.0,2.0,1.0,0.21,0.07,0.27,0.21,0.27,14.6,3.0,21.0,10.0,47.6,1.44,0.69,0.14,0.3,0.0,0.0,49.0,38.3,16,65.0,3,11,25.0,4,1.78,18.0,17.0,1.0,0.07,-0.66,0.0,13.0,16.0,2.0,40.0,9.0,18.0,,,0.0,,,,,,,,,,,,,,,,True,alta,0,Interior de conducción,1.9522482262431617
ESP-La Liga,2526,Atlético Madrid,Álex Baena,ESP,"MF,FW",24.0,2001.0,27.0,21.0,1560.0,17.3,2.0,3.0,5.0,2.0,0.0,0.0,5.0,0.0,0.12,0.17,0.29,0.12,0.29,17.3,2.0,29.0,7.0,24.1,1.67,0.4,0.07,0.29,0.0,0.0,58.0,45.6,21,68.0,4,6,24.0,3,1.67,27.0,20.0,7.0,0.4,-0.13,0.0,26.0,29.0,9.0,117.0,16.0,11.0,,,0.0,,,,,,,,,,,,,,,,True,alta,0,Interior de conducción,2.6378955414201144
ESP-La Liga,2526,Barcelona,Dani Olmo,ESP,MF,27.0,1998.0,33.0,24.0,2067.0,23.0,7.0,8.0,15.0,7.0,0.0,0.0,1.0,0.0,0.3,0.35,0.65,0.3,0.65,23.0,7.0,70.0,21.0,30.0,3.05,0.91,0.1,0.33,0.0,0.0,63.0,60.4,24,75.0,8,9,30.0,0,2.48,56.0,17.0,39.0,1.7,0.37,0.0,27.0,42.0,6.0,28.0,14.0,23.0,,,0.0,,,,,,,,,,,,,,,,True,alta,2,Interior ofensivo,2.3536616908902945
ESP-La Liga,2526,Barcelona,Eric García,ESP,"DF,MF",24.0,2001.0,34.0,32.0,2721.0,30.2,1.0,1.0,2.0,1.0,0.0,0.0,6.0,0.0,0.03,0.03,0.07,0.03,0.07,30.2,1.0,25.0,7.0,28.0,0.83,0.23,0.04,0.14,0.0,0.0,80.0,79.6,32,83.0,21,2,29.0,3,2.5,78.0,22.0,56.0,1.85,1.47,0.0,33.0,24.0,1.0,14.0,50.0,44.0,,,0.0,,,,,,,,,,,,,,,,True,alta,3,Pivote destructor,1.4416460972251333
ESP-La Liga,2526,Barcelona,Fermin López,ESP,MF,22.0,2003.0,30.0,19.0,1797.0,20.0,6.0,9.0,15.0,6.0,0.0,0.0,3.0,0.0,0.3,0.45,0.75,0.3,0.75,20.0,6.0,68.0,25.0,36.8,3.41,1.25,0.09,0.24,0.0,0.0,60.0,52.5,19,75.0,7,11,33.0,1,2.63,54.0,18.0,36.0,1.8,0.53,0.0,34.0,20.0,5.0,36.0,7.0,22.0,,,0.0,,,,,,,,,,,,,,,,True,alta,2,Interior ofensivo,2.806990645422884
ESP-La Liga,2526,Barcelona,Frenkie de Jong,NED,MF,28.0,1997.0,25.0,16.0,1636.0,18.2,1.0,5.0,6.0,1.0,0.0,0.0,4.0,1.0,0.06,0.28,0.33,0.06,0.33,18.2,1.0,7.0,2.0,28.6,0.39,0.11,0.14,0.5,0.0,0.0,65.0,47.8,16,88.0,13,9,26.0,1,2.32,43.0,21.0,22.0,1.21,-0.66,1.0,10.0,26.0,2.0,5.0,17.0,19.0,,,0.0,,,,,,,,,,,,,,,,True,alta,1,Carrilero,3.0450132265068524
ESP-La Liga,2526,Barcelona,Gavi,ESP,MF,20.0,2004.0,11.0,7.0,573.0,6.4,0.0,1.0,1.0,0.0,0.0,0.0,3.0,0.0,0.0,0.16,0.16,0.0,0.16,6.4,0.0,0.0,0.0,,0.0,0.0,,,0.0,0.0,52.0,16.8,7,69.0,2,4,22.0,2,2.73,15.0,6.0,9.0,1.41,-0.17,0.0,11.0,14.0,0.0,2.0,3.0,8.0,,,0.0,,,,,,,,,,,,,,,,False,baja,3,Pivote destructor,3.757350502304297
ESP-La Liga,2526,Barcelona,Lamine Yamal,ESP,"MF,FW",18.0,2007.0,28.0,26.0,2262.0,25.1,16.0,11.0,27.0,13.0,3.0,4.0,1.0,0.0,0.64,0.44,1.07,0.52,0.95,25.1,16.0,117.0,37.0,31.6,4.66,1.47,0.14,0.43,3.0,4.0,81.0,66.1,26,85.0,16,2,29.0,0,2.61,62.0,23.0,39.0,1.55,0.0,0.0,28.0,52.0,14.0,77.0,8.0,20.0,,,0.0,,,,,,,,,,,,,,,,True,alta,2,Interior ofensivo,2.9738836496568783
ESP-La Liga,2526,Barcelona,Marc Bernal,ESP,MF,18.0,2007.0,22.0,9.0,790.0,8.8,2.0,1.0,3.0,2.0,0.0,0.0,4.0,0.0,0.23,0.11,0.34,0.23,0.34,8.8,2.0,7.0,2.0,28.6,0.8,0.23,0.29,1.0,0.0,0.0,36.0,23.1,9,65.0,0,13,15.0,10,2.59,21.0,10.0,11.0,1.25,-0.39,0.0,15.0,11.0,0.0,1.0,12.0,19.0,,,0.0,,,,,,,,,,,,,,,,False,baja,3,Pivote destructor,3.1903255561596113
ESP-La Liga,2526,Barcelona,Marc Casado,ESP,MF,21.0,2003.0,24.0,10.0,989.0,11.0,0.0,1.0,1.0,0.0,0.0,0.0,1.0,0.0,0.0,0.09,0.09,0.0,0.09,11.0,0.0,11.0,0.0,0.0,1.0,0.0,0.0,,0.0,0.0,41.0,28.9,10,76.0,5,14,16.0,14,2.63,25.0,10.0,15.0,1.37,-0.26,0.0,25.0,20.0,0.0,1.0,7.0,9.0,,,0.0,,,,,,,,,,,,,,,,True,alta,3,Pivote destructor,3.1387392366142097
ESP-La Liga,2526,Barcelona,Marcus Rashford,ENG,"MF,FW",27.0,1997.0,32.0,18.0,1763.0,19.6,8.0,7.0,15.0,8.0,0.0,0.0,3.0,0.0,0.41,0.36,0.77,0.41,0.77,19.6,8.0,76.0,29.0,38.2,3.88,1.48,0.11,0.28,0.0,0.0,55.0,51.5,18,76.0,6,14,29.0,4,2.47,44.0,25.0,19.0,0.97,-1.2,0.0,10.0,25.0,10.0,121.0,2.0,8.0,,,0.0,,,,,,,,,,,,,,,,True,alta,2,Interior ofensivo,3.0093494088367505
ESP-La Liga,2526,Barcelona,Pedri,ESP,MF,22.0,2002.0,29.0,23.0,2104.0,23.4,2.0,9.0,11.0,2.0,0.0,0.0,2.0,1.0,0.09,0.38,0.47,0.09,0.47,23.4,2.0,21.0,10.0,47.6,0.9,0.43,0.1,0.2,0.0,0.0,73.0,61.5,23,83.0,11,6,32.0,1,2.52,60.0,21.0,39.0,1.67,0.3,1.0,9.0,43.0,1.0,12.0,24.0,33.0,,,0.0,,,,,,,,,,,,,,,,True,alta,1,Carrilero,3.418865619689657
ESP-La Liga,2526,Barcelona,Raphinha,BRA,"MF,FW",28.0,1996.0,22.0,18.0,1380.0,15.3,13.0,3.0,16.0,10.0,3.0,3.0,5.0,0.0,0.85,0.2,1.04,0.65,0.85,15.3,13.0,65.0,24.0,36.9,4.24,1.57,0.2,0.54,3.0,3.0,63.0,40.4,18,71.0,4,4,28.0,2,2.77,43.0,9.0,34.0,2.22,1.11,0.0,10.0,10.0,4.0,72.0,6.0,6.0,,,0.0,,,,,,,,,,,,,,,,True,alta,2,Interior ofensivo,3.1229471135455236
ESP-La Liga,2526,Barcelona,Roony Bardghji,SWE,"MF,FW",19.0,2005.0,21.0,7.0,648.0,7.2,1.0,1.0,2.0,1.0,0.0,0.0,0.0,0.0,0.14,0.14,0.28,0.14,0.28,7.2,1.0,22.0,12.0,54.5,3.06,1.67,0.05,0.08,0.0,0.0,31.0,18.9,7,59.0,0,14,17.0,14,2.29,17.0,8.0,9.0,1.25,-0.37,0.0,7.0,8.0,0.0,54.0,2.0,4.0,,,0.0,,,,,,,,,,,,,,,,False,baja,2,Interior ofensivo,3.1469604564553384
ESP-La Liga,2526,Celta Vigo,Bryan Zaragoza,ESP,"FW,MF",23.0,2001.0,19.0,13.0,1131.0,12.6,1.0,1.0,2.0,0.0,1.0,1.0,1.0,0.0,0.08,0.08,0.16,0.0,0.08,12.6,1.0,26.0,12.0,46.2,2.07,0.95,0.04,0.08,1.0,1.0,60.0,33.1,13,76.0,4,6,24.0,2,1.47,16.0,12.0,4.0,0.32,0.28,0.0,7.0,17.0,6.0,67.0,2.0,5.0,,,0.0,,,,,,,,,,,,,,,,True,alta,2,Interior ofensivo,3.229367275547968
ESP-La Liga,2526,Celta Vigo,Fer López,ESP,"MF,FW",21.0,2004.0,17.0,13.0,1170.0,13.0,1.0,1.0,2.0,1.0,0.0,0.0,3.0,0.0,0.08,0.08,0.15,0.08,0.15,13.0,1.0,13.0,5.0,38.5,1.0,0.38,0.08,0.2,0.0,0.0,69.0,34.2,13,81.0,5,4,30.0,0,1.29,17.0,19.0,-2.0,-0.15,-0.43,0.0,24.0,18.0,1.0,18.0,6.0,11.0,,,0.0,,,,,,,,,,,,,,,,True,alta,0,Interior de conducción,1.6000344673689915
ESP-La Liga,2526,Celta Vigo,Fran Beltrán,ESP,MF,26.0,1999.0,10.0,7.0,528.0,5.9,0.0,0.0,0.0,0.0,0.0,0.0,0.0,0.0,0.0,0.0,0.0,0.0,0.0,5.9,0.0,6.0,1.0,16.7,1.02,0.17,0.0,0.0,0.0,0.0,53.0,15.4,7,71.0,2,3,10.0,9,1.4,4.0,6.0,-2.0,-0.34,-0.56,0.0,10.0,3.0,0.0,2.0,8.0,5.0,,,0.0,,,,,,,,,,,,,,,,False,baja,3,Pivote destructor,3.2596014222663454
ESP-La Liga,2526,Celta Vigo,Hugo Sotelo,ESP,MF,21.0,2003.0,20.0,16.0,1338.0,14.9,0.0,2.0,2.0,0.0,0.0,0.0,3.0,0.0,0.0,0.13,0.13,0.0,0.13,14.9,0.0,2.0,1.0,50.0,0.13,0.07,0.0,0.0,0.0,0.0,67.0,39.1,16,78.0,7,4,24.0,14,1.1,27.0,25.0,2.0,0.13,0.0,0.0,27.0,13.0,0.0,44.0,13.0,16.0,,,0.0,,,,,,,,,,,,,,,,True,alta,3,Pivote destructor,2.6468422189734984
ESP-La Liga,2526,Celta Vigo,Hugo Álvarez,ESP,"FW,MF",22.0,2003.0,28.0,15.0,1340.0,14.9,4.0,2.0,6.0,4.0,0.0,0.0,2.0,0.0,0.27,0.13,0.4,0.27,0.4,14.9,4.0,14.0,8.0,57.1,0.94,0.54,0.29,0.5,0.0,0.0,48.0,39.2,15,70.0,4,13,22.0,6,1.43,25.0,23.0,2.0,0.13,0.0,0.0,16.0,17.0,2.0,23.0,10.0,9.0,,,0.0,,,,,,,,,,,,,,,,True,alta,2,Interior ofensivo,2.010448189457763
ESP-La Liga,2526,Celta Vigo,Iago Aspas,ESP,"FW,MF",37.0,1987.0,32.0,11.0,1140.0,12.7,5.0,3.0,8.0,3.0,2.0,2.0,4.0,0.0,0.39,0.24,0.63,0.24,0.47,12.7,5.0,28.0,12.0,42.9,2.21,0.95,0.18,0.42,2.0,2.0,36.0,33.3,11,69.0,1,21,18.0,4,1.36,22.0,12.0,10.0,0.79,0.99,0.0,5.0,17.0,0.0,24.0,12.0,11.0,,,0.0,,,,,,,,,,,,,,,,True,alta,0,Interior de conducción,3.481831006397062
ESP-La Liga,2526,Celta Vigo,Ilaix Moriba,GUI,MF,22.0,2003.0,36.0,26.0,2495.0,27.7,2.0,3.0,5.0,2.0,0.0,0.0,8.0,0.0,0.07,0.11,0.18,0.07,0.18,27.7,2.0,18.0,5.0,27.8,0.65,0.18,0.11,0.4,0.0,0.0,69.0,73.0,26,86.0,22,10,25.0,0,1.5,40.0,30.0,10.0,0.36,0.85,0.0,40.0,58.0,0.0,2.0,24.0,42.0,,,0.0,,,,,,,,,,,,,,,,True,alta,3,Pivote destructor,2.2394386778255555
ESP-La Liga,2526,Celta Vigo,Javi Rueda,ESP,MF,23.0,2002.0,26.0,16.0,1404.0,15.6,2.0,6.0,8.0,2.0,0.0,0.0,6.0,0.0,0.13,0.38,0.51,0.13,0.51,15.6,2.0,11.0,3.0,27.3,0.71,0.19,0.18,0.67,0.0,0.0,54.0,41.1,16,73.0,5,10,24.0,8,1.42,19.0,15.0,4.0,0.26,0.21,0.0,25.0,21.0,3.0,27.0,20.0,12.0,,,0.0,,,,,,,,,,,,,,,,True,alta,0,Interior de conducción,2.9362273617780046
ESP-La Liga,2526,Celta Vigo,Jones El-Abdellaoui,MAR,"MF,FW",19.0,2006.0,22.0,4.0,681.0,7.6,2.0,0.0,2.0,2.0,0.0,0.0,0.0,0.0,0.26,0.0,0.26,0.26,0.26,7.6,2.0,17.0,4.0,23.5,2.25,0.53,0.12,0.5,0.0,0.0,31.0,19.9,4,75.0,1,18,21.0,16,1.55,17.0,12.0,5.0,0.66,0.66,0.0,7.0,3.0,2.0,30.0,3.0,3.0,,,0.0,,,,,,,,,,,,,,,,False,baja,2,Interior ofensivo,3.158271487762825
ESP-La Liga,2526,Celta Vigo,Miguel Román,ESP,MF,22.0,2002.0,19.0,14.0,1311.0,14.6,1.0,0.0,1.0,1.0,0.0,0.0,3.0,0.0,0.07,0.0,0.07,0.07,0.07,14.6,1.0,9.0,2.0,22.2,0.62,0.14,0.11,0.5,0.0,0.0,69.0,38.3,14,88.0,10,5,17.0,7,1.63,18.0,13.0,5.0,0.34,0.34,0.0,20.0,11.0,0.0,21.0,12.0,17.0,,,0.0,,,,,,,,,,,,,,,,True,alta,3,Pivote destructor,1.4084137950017181
ESP-La Liga,2526,Celta Vigo,Pablo Durán,ESP,"FW,MF",24.0,2001.0,30.0,17.0,1425.0,15.8,2.0,2.0,4.0,2.0,0.0,0.0,1.0,0.0,0.13,0.13,0.25,0.13,0.25,15.8,2.0,37.0,15.0,40.5,2.34,0.95,0.05,0.13,0.0,0.0,48.0,41.7,17,66.0,2,13,23.0,4,1.37,16.0,23.0,-7.0,-0.44,-0.98,0.0,15.0,12.0,19.0,15.0,7.0,11.0,,,0.0,,,,,,,,,,,,,,,,True,alta,2,Interior ofensivo,2.0591918976891663
ESP-La Liga,2526,Celta Vigo,Sergio Carreira,ESP,MF,24.0,2000.0,34.0,29.0,2694.0,29.9,2.0,1.0,3.0,2.0,0.0,0.0,2.0,0.0,0.07,0.03,0.1,0.07,0.1,29.9,2.0,16.0,7.0,43.8,0.53,0.23,0.13,0.29,0.0,0.0,79.0,78.8,29,89.0,26,5,23.0,3,1.47,42.0,40.0,2.0,0.07,-0.31,0.0,20.0,36.0,2.0,32.0,27.0,18.0,,,0.0,,,,,,,,,,,,,,,,True,alta,1,Carrilero,2.2476594666667276
ESP-La Liga,2526,Celta Vigo,Williot Swedberg,SWE,"FW,MF",21.0,2004.0,29.0,13.0,1270.0,14.1,5.0,5.0,10.0,5.0,0.0,0.0,2.0,0.0,0.35,0.35,0.71,0.35,0.71,14.1,5.0,23.0,12.0,52.2,1.63,0.85,0.22,0.42,0.0,0.0,44.0,37.1,13,63.0,0,16,28.0,2,1.45,19.0,16.0,3.0,0.21,0.13,0.0,30.0,34.0,6.0,8.0,4.0,17.0,,,0.0,,,,,,,,,,,,,,,,True,alta,0,Interior de conducción,3.400782077179372
ESP-La Liga,2526,Celta Vigo,Óscar Mingueza,ESP,MF,26.0,1999.0,34.0,21.0,1968.0,21.9,1.0,4.0,5.0,1.0,0.0,0.0,4.0,0.0,0.05,0.18,0.23,0.05,0.23,21.9,1.0,14.0,5.0,35.7,0.64,0.23,0.07,0.2,0.0,0.0,58.0,57.5,21,78.0,9,13,25.0,4,1.44,37.0,26.0,11.0,0.5,0.87,0.0,15.0,28.0,1.0,68.0,9.0,20.0,,,0.0,,,,,,,,,,,,,,,,True,alta,1,Carrilero,1.840932366675524
ESP-La Liga,2526,Elche,Adrià Pedrosa,ESP,"DF,MF",27.0,1998.0,26.0,8.0,1090.0,12.1,1.0,1.0,2.0,1.0,0.0,0.0,4.0,0.0,0.08,0.08,0.17,0.08,0.17,12.1,1.0,12.0,3.0,25.0,0.99,0.25,0.08,0.33,0.0,0.0,42.0,31.9,8,82.0,3,18,24.0,7,1.04,17.0,27.0,-10.0,-0.83,-0.9,0.0,18.0,8.0,1.0,51.0,16.0,19.0,,,0.0,,,,,,,,,,,,,,,,True,alta,3,Pivote destructor,2.4205667282995442
ESP-La Liga,2526,Elche,Aleix Febas,ESP,MF,29.0,1996.0,36.0,36.0,3160.0,35.1,2.0,2.0,4.0,2.0,0.0,0.0,10.0,0.0,0.06,0.06,0.11,0.06,0.11,35.1,2.0,23.0,8.0,34.8,0.66,0.23,0.09,0.25,0.0,0.0,88.0,92.4,36,88.0,30,0,,0,1.11,45.0,52.0,-7.0,-0.2,0.15,0.0,34.0,118.0,1.0,22.0,27.0,46.0,,,0.0,,,,,,,,,,,,,,,,True,alta,3,Pivote destructor,2.907165527656621
ESP-La Liga,2526,Elche,Buba Sangaré,ESP,"DF,MF",17.0,2007.0,12.0,8.0,538.0,6.0,0.0,0.0,0.0,0.0,0.0,0.0,3.0,0.0,0.0,0.0,0.0,0.0,0.0,6.0,0.0,2.0,0.0,0.0,0.33,0.0,0.0,,0.0,0.0,45.0,15.7,8,62.0,0,4,10.0,3,1.42,6.0,9.0,-3.0,-0.5,-0.35,0.0,23.0,7.0,0.0,12.0,8.0,12.0,,,0.0,,,,,,,,,,,,,,,,False,baja,3,Pivote destructor,4.263327021022525
ESP-La Liga,2526,Elche,Germán Valera,ESP,"MF,DF",23.0,2002.0,36.0,33.0,2857.0,31.7,4.0,5.0,9.0,4.0,0.0,0.0,5.0,1.0,0.13,0.16,0.28,0.13,0.28,31.7,4.0,28.0,8.0,28.6,0.88,0.25,0.14,0.5,0.0,0.0,79.0,83.5,33,85.0,17,3,20.0,0,1.17,41.0,48.0,-7.0,-0.22,-0.06,0.0,40.0,70.0,4.0,104.0,23.0,40.0,,,0.0,,,,,,,,,,,,,,,,True,alta,0,Interior de conducción,1.7260490857009263
ESP-La Liga,2526,Elche,Gonzalo Villar,ESP,MF,27.0,1998.0,12.0,8.0,718.0,8.0,1.0,0.0,1.0,1.0,0.0,0.0,3.0,0.0,0.13,0.0,0.13,0.13,0.13,8.0,1.0,4.0,1.0,25.0,0.5,0.13,0.25,1.0,0.0,0.0,60.0,21.0,8,80.0,4,4,19.0,4,1.42,11.0,10.0,1.0,0.13,0.43,0.0,11.0,25.0,0.0,11.0,2.0,9.0,,,0.0,,,,,,,,,,,,,,,,False,baja,0,Interior de conducción,3.5547859483457684
ESP-La Liga,2526,Elche,Grady Diangana,COD,"MF,FW",27.0,1998.0,20.0,13.0,926.0,10.3,1.0,0.0,1.0,1.0,0.0,0.0,3.0,0.0,0.1,0.0,0.1,0.1,0.1,10.3,1.0,16.0,2.0,12.5,1.56,0.19,0.06,0.5,0.0,0.0,46.0,27.1,13,62.0,0,7,18.0,6,1.05,14.0,14.0,0.0,0.0,0.29,0.0,15.0,19.0,5.0,12.0,4.0,6.0,,,0.0,,,,,,,,,,,,,,,,True,alta,0,Interior de conducción,2.7343562068628713
ESP-La Liga,2526,Elche,Héctor Fort,ESP,"DF,MF",18.0,2006.0,14.0,7.0,482.0,5.4,2.0,2.0,4.0,2.0,0.0,0.0,0.0,0.0,0.37,0.37,0.75,0.37,0.75,5.4,2.0,12.0,5.0,41.7,2.24,0.93,0.17,0.4,0.0,0.0,34.0,14.1,7,56.0,0,7,13.0,3,1.29,9.0,6.0,3.0,0.56,0.9,0.0,5.0,1.0,2.0,8.0,5.0,3.0,,,0.0,,,,,,,,,,,,,,,,False,baja,2,Interior ofensivo,3.423419670291902
ESP-La Liga,2526,Elche,John Donald,ESP,"DF,MF",24.0,2000.0,21.0,6.0,665.0,7.4,1.0,0.0,1.0,1.0,0.0,0.0,3.0,0.0,0.14,0.0,0.14,0.14,0.14,7.4,1.0,6.0,2.0,33.3,0.81,0.27,0.17,0.5,0.0,0.0,32.0,19.4,6,77.0,4,15,14.0,11,1.24,12.0,17.0,-5.0,-0.68,-0.58,0.0,17.0,6.0,0.0,0.0,8.0,12.0,,,0.0,,,,,,,,,,,,,,,,False,baja,3,Pivote destructor,2.7490120171008967
ESP-La Liga,2526,Elche,Josan,ESP,"MF,DF",35.0,1989.0,19.0,4.0,565.0,6.3,0.0,3.0,3.0,0.0,0.0,0.0,2.0,0.0,0.0,0.48,0.48,0.0,0.48,6.3,0.0,3.0,1.0,33.3,0.48,0.16,0.0,0.0,0.0,0.0,30.0,16.5,4,74.0,0,15,18.0,13,1.26,15.0,8.0,7.0,1.12,1.59,0.0,5.0,6.0,1.0,72.0,6.0,8.0,,,0.0,,,,,,,,,,,,,,,,False,baja,1,Carrilero,3.815183440612543
ESP-La Liga,2526,Elche,Marc Aguado,ESP,MF,25.0,2000.0,35.0,30.0,2500.0,27.8,1.0,2.0,3.0,1.0,0.0,0.0,3.0,0.0,0.04,0.07,0.11,0.04,0.11,27.8,1.0,3.0,2.0,66.7,0.11,0.07,0.33,0.5,0.0,0.0,71.0,73.1,30,80.0,9,5,21.0,0,1.03,32.0,38.0,-6.0,-0.22,-0.02,0.0,25.0,23.0,0.0,2.0,42.0,26.0,,,0.0,,,,,,,,,,,,,,,,True,alta,3,Pivote destructor,2.759928984249632
ESP-La Liga,2526,Elche,Martim Neto,POR,MF,22.0,2003.0,25.0,15.0,1347.0,15.0,2.0,5.0,7.0,2.0,0.0,0.0,3.0,0.0,0.13,0.33,0.47,0.13,0.47,15.0,2.0,12.0,4.0,33.3,0.8,0.27,0.17,0.5,0.0,0.0,54.0,39.4,15,68.0,1,10,32.0,9,1.0,20.0,23.0,-3.0,-0.2,0.02,0.0,19.0,11.0,0.0,33.0,2.0,12.0,,,0.0,,,,,,,,,,,,,,,,True,alta,1,Carrilero,3.2299598023257023
ESP-La Liga,2526,Elche,Rafa Mir,ESP,"FW,MF",28.0,1997.0,27.0,21.0,1803.0,20.0,8.0,0.0,8.0,7.0,1.0,2.0,4.0,0.0,0.4,0.0,0.4,0.35,0.35,20.0,8.0,69.0,36.0,52.2,3.44,1.8,0.12,0.22,1.0,2.0,67.0,52.7,21,80.0,7,6,21.0,3,1.22,30.0,24.0,6.0,0.3,1.08,0.0,39.0,16.0,7.0,19.0,4.0,7.0,,,0.0,,,,,,,,,,,,,,,,True,alta,2,Interior ofensivo,3.6484233021499803
ESP-La Liga,2526,Elche,Rodrigo Mendoza,ESP,"MF,FW",20.0,2005.0,16.0,6.0,794.0,8.8,1.0,0.0,1.0,1.0,0.0,0.0,4.0,0.0,0.11,0.0,0.11,0.11,0.11,8.8,1.0,11.0,2.0,18.2,1.25,0.23,0.09,0.5,0.0,0.0,50.0,23.2,6,85.0,2,10,29.0,3,0.94,11.0,15.0,-4.0,-0.45,-0.32,0.0,19.0,16.0,2.0,17.0,5.0,9.0,,,0.0,,,,,,,,,,,,,,,,False,baja,0,Interior de conducción,2.536602857996891
ESP-La Liga,2526,Elche,Tete Morente,ESP,MF,28.0,1996.0,13.0,11.0,929.0,10.3,1.0,1.0,2.0,1.0,0.0,0.0,1.0,0.0,0.1,0.1,0.19,0.1,0.19,10.3,1.0,8.0,1.0,12.5,0.78,0.1,0.13,1.0,0.0,0.0,71.0,27.2,11,79.0,5,2,28.0,3,1.46,9.0,13.0,-4.0,-0.39,-0.24,0.0,20.0,10.0,2.0,46.0,11.0,11.0,,,0.0,,,,,,,,,,,,,,,,True,alta,1,Carrilero,2.5971090423412573
ESP-La Liga,2526,Elche,Álvaro Núñez,ESP,"DF,MF",25.0,2000.0,19.0,19.0,1647.0,18.3,0.0,2.0,2.0,0.0,0.0,0.0,2.0,0.0,0.0,0.11,0.11,0.0,0.11,18.3,0.0,4.0,0.0,0.0,0.22,0.0,0.0,,0.0,0.0,87.0,48.2,19,87.0,14,0,,0,1.21,23.0,20.0,3.0,0.16,0.72,0.0,12.0,17.0,2.0,60.0,15.0,15.0,,,0.0,,,,,,,,,,,,,,,,True,alta,1,Carrilero,1.9067139660679695
ESP-La Liga,2526,Espanyol,Charles Pickel,COD,MF,28.0,1997.0,24.0,4.0,707.0,7.9,1.0,0.0,1.0,1.0,0.0,0.0,4.0,2.0,0.13,0.0,0.13,0.13,0.13,7.9,1.0,10.0,4.0,40.0,1.27,0.51,0.1,0.25,0.0,0.0,29.0,20.7,4,64.0,1,20,23.0,7,1.25,7.0,12.0,-5.0,-0.64,-0.4,1.0,14.0,2.0,0.0,2.0,6.0,6.0,,,0.0,,,,,,,,,,,,,,,,False,baja,3,Pivote destructor,3.3993770533900625
ESP-La Liga,2526,Espanyol,Edu Expósito,ESP,MF,28.0,1996.0,36.0,32.0,2523.0,28.0,1.0,6.0,7.0,1.0,0.0,0.0,9.0,0.0,0.04,0.21,0.25,0.04,0.25,28.0,1.0,44.0,13.0,29.5,1.57,0.46,0.02,0.08,0.0,0.0,70.0,73.8,32,76.0,9,4,26.0,1,1.17,32.0,36.0,-4.0,-0.14,0.66,0.0,28.0,42.0,2.0,254.0,24.0,29.0,,,0.0,,,,,,,,,,,,,,,,True,alta,0,Interior de conducción,2.8941315968262202
ESP-La Liga,2526,Espanyol,Javi Puado,ESP,"MF,FW",27.0,1998.0,10.0,8.0,674.0,7.5,2.0,0.0,2.0,1.0,1.0,2.0,2.0,0.0,0.27,0.0,0.27,0.13,0.13,7.5,2.0,15.0,9.0,60.0,2.0,1.2,0.13,0.22,1.0,2.0,67.0,19.7,8,83.0,3,2,7.0,0,1.3,10.0,13.0,-3.0,-0.4,-0.11,0.0,11.0,7.0,0.0,21.0,3.0,2.0,,,0.0,,,,,,,,,,,,,,,,False,baja,0,Interior de conducción,3.507419546552493
ESP-La Liga,2526,Espanyol,Jofre,ESP,MF,24.0,2001.0,26.0,9.0,930.0,10.3,1.0,0.0,1.0,1.0,0.0,0.0,1.0,0.0,0.1,0.0,0.1,0.1,0.1,10.3,1.0,23.0,7.0,30.4,2.23,0.68,0.04,0.14,0.0,0.0,36.0,27.2,9,62.0,0,17,22.0,12,1.08,12.0,21.0,-9.0,-0.87,-0.76,0.0,13.0,27.0,2.0,35.0,6.0,6.0,,,0.0,,,,,,,,,,,,,,,,True,alta,0,Interior de conducción,2.9525863162734427
ESP-La Liga,2526,Espanyol,Pere Milla,ESP,"MF,FW",32.0,1992.0,33.0,24.0,1973.0,21.9,7.0,1.0,8.0,7.0,0.0,0.0,6.0,1.0,0.32,0.05,0.36,0.32,0.36,21.9,7.0,59.0,21.0,35.6,2.69,0.96,0.12,0.33,0.0,0.0,60.0,57.7,24,73.0,1,9,26.0,2,1.33,27.0,23.0,4.0,0.18,1.18,0.0,24.0,38.0,10.0,36.0,18.0,24.0,,,0.0,,,,,,,,,,,,,,,,True,alta,0,Interior de conducción,2.3978172868376655
ESP-La Liga,2526,Espanyol,Pol Lozano,ESP,MF,25.0,1999.0,33.0,28.0,2157.0,24.0,2.0,1.0,3.0,2.0,0.0,0.0,12.0,1.0,0.08,0.04,0.13,0.08,0.13,24.0,2.0,17.0,5.0,29.4,0.71,0.21,0.12,0.4,0.0,0.0,65.0,63.1,28,74.0,10,5,15.0,2,1.33,30.0,36.0,-6.0,-0.25,0.18,1.0,64.0,29.0,0.0,29.0,23.0,19.0,,,0.0,,,,,,,,,,,,,,,,True,alta,3,Pivote destructor,2.9785776842986946
ESP-La Liga,2526,Espanyol,Ramón Terrats,ESP,MF,24.0,2000.0,29.0,12.0,1030.0,11.4,1.0,2.0,3.0,1.0,0.0,0.0,0.0,0.0,0.09,0.17,0.26,0.09,0.26,11.4,1.0,15.0,3.0,20.0,1.31,0.26,0.07,0.33,0.0,0.0,36.0,30.1,12,63.0,0,17,16.0,5,1.03,10.0,21.0,-11.0,-0.96,-0.92,0.0,15.0,22.0,1.0,30.0,11.0,13.0,,,0.0,,,,,,,,,,,,,,,,True,alta,1,Carrilero,2.730316379229583
ESP-La Liga,2526,Espanyol,Rubén,ESP,"DF,MF",24.0,2001.0,21.0,8.0,812.0,9.0,0.0,1.0,1.0,0.0,0.0,0.0,2.0,0.0,0.0,0.11,0.11,0.0,0.11,9.0,0.0,8.0,1.0,12.5,0.89,0.11,0.0,0.0,0.0,0.0,39.0,23.7,8,74.0,2,13,17.0,17,1.29,10.0,10.0,0.0,0.0,0.41,0.0,11.0,12.0,2.0,36.0,10.0,10.0,,,0.0,,,,,,,,,,,,,,,,False,baja,1,Carrilero,2.299648471114973
ESP-La Liga,2526,Espanyol,Tyrhys Dolan,ENG,MF,23.0,2001.0,36.0,28.0,2415.0,26.8,2.0,5.0,7.0,2.0,0.0,0.0,7.0,1.0,0.07,0.19,0.26,0.07,0.26,26.8,2.0,34.0,12.0,35.3,1.27,0.45,0.06,0.17,0.0,0.0,67.0,70.6,28,76.0,3,8,36.0,0,1.11,32.0,39.0,-7.0,-0.26,0.19,1.0,37.0,46.0,5.0,105.0,15.0,35.0,,,0.0,,,,,,,,,,,,,,,,True,alta,0,Interior de conducción,1.5469304664532195
ESP-La Liga,2526,Espanyol,Urko González,ESP,MF,24.0,2001.0,35.0,28.0,2623.0,29.1,0.0,1.0,1.0,0.0,0.0,0.0,7.0,0.0,0.0,0.03,0.03,0.0,0.03,29.1,0.0,18.0,1.0,5.6,0.62,0.03,0.0,0.0,0.0,0.0,75.0,76.7,28,88.0,23,7,22.0,0,1.2,32.0,45.0,-13.0,-0.45,-0.56,0.0,42.0,42.0,1.0,12.0,29.0,33.0,,,0.0,,,,,,,,,,,,,,,,True,alta,3,Pivote destructor,1.184518977281657
ESP-La Liga,2526,Getafe,Adrián Liso,ESP,"FW,MF",20.0,2005.0,28.0,21.0,1702.0,18.9,3.0,0.0,3.0,3.0,0.0,0.0,5.0,1.0,0.16,0.0,0.16,0.16,0.16,18.9,3.0,26.0,10.0,38.5,1.37,0.53,0.12,0.3,0.0,0.0,61.0,49.8,21,75.0,4,7,18.0,6,1.36,13.0,18.0,-5.0,-0.26,-0.21,1.0,39.0,43.0,16.0,42.0,4.0,22.0,,,0.0,,,,,,,,,,,,,,,,True,alta,0,Interior de conducción,3.0760702581957164
ESP-La Liga,2526,Getafe,Djené,TOG,"DF,MF",33.0,1991.0,34.0,32.0,2578.0,28.6,0.0,0.0,0.0,0.0,0.0,0.0,10.0,2.0,0.0,0.0,0.0,0.0,0.0,28.6,0.0,4.0,0.0,0.0,0.14,0.0,0.0,,0.0,0.0,76.0,75.4,32,79.0,21,2,30.0,0,1.32,24.0,29.0,-5.0,-0.17,-0.07,0.0,35.0,26.0,0.0,11.0,38.0,24.0,,,0.0,,,,,,,,,,,,,,,,True,alta,3,Pivote destructor,2.4043550510563847
ESP-La Liga,2526,Getafe,Javier Muñoz,ESP,"MF,FW",30.0,1995.0,17.0,4.0,551.0,6.1,0.0,0.0,0.0,0.0,0.0,0.0,0.0,0.0,0.0,0.0,0.0,0.0,0.0,6.1,0.0,13.0,6.0,46.2,2.12,0.98,0.0,0.0,0.0,0.0,32.0,16.1,4,80.0,0,13,18.0,17,1.0,2.0,7.0,-5.0,-0.82,-0.79,0.0,9.0,2.0,0.0,11.0,6.0,5.0,,,0.0,,,,,,,,,,,,,,,,False,baja,1,Carrilero,3.5352790575521493
ESP-La Liga,2526,Getafe,Kiko Femenía,ESP,"DF,MF",34.0,1991.0,28.0,25.0,2008.0,22.3,1.0,1.0,2.0,1.0,0.0,0.0,6.0,0.0,0.04,0.04,0.09,0.04,0.09,22.3,1.0,8.0,3.0,37.5,0.36,0.13,0.13,0.33,0.0,0.0,72.0,58.7,25,76.0,8,3,35.0,1,1.25,20.0,24.0,-4.0,-0.18,-0.05,0.0,21.0,11.0,5.0,43.0,36.0,24.0,,,0.0,,,,,,,,,,,,,,,,True,alta,3,Pivote destructor,2.6242682727148163
ESP-La Liga,2526,Getafe,Luis Milla,ESP,MF,30.0,1994.0,37.0,37.0,3271.0,36.3,1.0,10.0,11.0,1.0,0.0,0.0,5.0,1.0,0.03,0.28,0.3,0.03,0.3,36.3,1.0,27.0,4.0,14.8,0.74,0.11,0.04,0.25,0.0,0.0,88.0,95.6,37,88.0,31,0,,0,1.38,32.0,35.0,-3.0,-0.08,1.73,0.0,32.0,43.0,3.0,225.0,42.0,33.0,,,0.0,,,,,,,,,,,,,,,,True,alta,1,Carrilero,2.2017805918033155
ESP-La Liga,2526,Getafe,Mario Martín,ESP,"MF,FW",21.0,2004.0,35.0,26.0,2125.0,23.6,2.0,1.0,3.0,2.0,0.0,0.0,11.0,0.0,0.08,0.04,0.13,0.08,0.13,23.6,2.0,26.0,6.0,23.1,1.1,0.25,0.08,0.33,0.0,0.0,61.0,62.1,26,71.0,6,9,32.0,0,1.29,19.0,27.0,-8.0,-0.34,-0.48,0.0,71.0,34.0,4.0,13.0,16.0,32.0,,,0.0,,,,,,,,,,,,,,,,True,alta,0,Interior de conducción,3.2722709706928486
ESP-La Liga,2526,Getafe,Martin Satriano,URU,"FW,MF",24.0,2001.0,18.0,18.0,1603.0,17.8,6.0,1.0,7.0,6.0,0.0,0.0,5.0,0.0,0.34,0.06,0.39,0.34,0.39,17.8,6.0,35.0,14.0,40.0,1.97,0.79,0.17,0.43,0.0,0.0,89.0,46.9,18,89.0,14,0,,0,1.5,16.0,13.0,3.0,0.17,0.61,0.0,21.0,31.0,4.0,21.0,9.0,13.0,,,0.0,,,,,,,,,,,,,,,,True,alta,0,Interior de conducción,1.9770759300535108
ESP-La Liga,2526,Getafe,Mauro Arambarri,URU,MF,29.0,1995.0,37.0,37.0,3249.0,36.1,6.0,2.0,8.0,4.0,2.0,3.0,6.0,0.0,0.17,0.06,0.22,0.11,0.17,36.1,6.0,58.0,19.0,32.8,1.61,0.53,0.1,0.32,2.0,3.0,88.0,95.0,37,88.0,31,0,,0,1.38,32.0,37.0,-5.0,-0.14,0.39,0.0,60.0,67.0,4.0,19.0,21.0,43.0,,,0.0,,,,,,,,,,,,,,,,True,alta,0,Interior de conducción,1.7415041621482765
ESP-La Liga,2526,Getafe,Álex Sancris,ESP,"MF,FW",28.0,1997.0,18.0,5.0,708.0,7.9,0.0,1.0,1.0,0.0,0.0,0.0,4.0,1.0,0.0,0.13,0.13,0.0,0.13,7.9,0.0,13.0,5.0,38.5,1.65,0.64,0.0,0.0,0.0,0.0,39.0,20.7,5,73.0,0,13,26.0,15,0.61,7.0,9.0,-2.0,-0.25,-0.12,1.0,16.0,12.0,8.0,59.0,2.0,5.0,,,0.0,,,,,,,,,,,,,,,,False,baja,0,Interior de conducción,3.984762001233801
ESP-La Liga,2526,Girona,Arnau Martinez,ESP,"DF,MF",22.0,2003.0,35.0,33.0,2666.0,29.6,2.0,3.0,5.0,2.0,0.0,0.0,6.0,0.0,0.07,0.1,0.17,0.07,0.17,29.6,2.0,19.0,4.0,21.1,0.64,0.14,0.11,0.5,0.0,0.0,76.0,78.0,33,80.0,18,2,14.0,2,1.14,34.0,35.0,-1.0,-0.03,1.76,0.0,24.0,30.0,3.0,50.0,37.0,39.0,,,0.0,,,,,,,,,,,,,,,,True,alta,1,Carrilero,1.6708789959655372
ESP-La Liga,2526,Girona,Axel Witsel,BEL,MF,36.0,1989.0,32.0,30.0,2526.0,28.1,1.0,2.0,3.0,1.0,0.0,0.0,2.0,1.0,0.04,0.07,0.11,0.04,0.11,28.1,1.0,20.0,5.0,25.0,0.71,0.18,0.05,0.2,0.0,0.0,79.0,73.9,30,82.0,21,2,28.0,1,1.03,31.0,41.0,-10.0,-0.36,0.25,1.0,34.0,37.0,1.0,1.0,30.0,24.0,,,0.0,,,,,,,,,,,,,,,,True,alta,3,Pivote destructor,2.266636782286447
ESP-La Liga,2526,Girona,Azzedine Ounahi,MAR,MF,25.0,2000.0,24.0,20.0,1760.0,19.6,5.0,2.0,7.0,4.0,1.0,1.0,6.0,0.0,0.26,0.1,0.36,0.2,0.31,19.6,5.0,51.0,19.0,37.3,2.61,0.97,0.1,0.26,1.0,1.0,73.0,51.5,20,83.0,10,4,28.0,0,1.0,22.0,23.0,-1.0,-0.05,0.76,0.0,18.0,63.0,1.0,41.0,16.0,15.0,,,0.0,,,,,,,,,,,,,,,,True,alta,0,Interior de conducción,2.592012144678723
ESP-La Liga,2526,Girona,Bryan Gil,ESP,"MF,FW",24.0,2001.0,29.0,20.0,1578.0,17.5,0.0,3.0,3.0,0.0,0.0,0.0,6.0,0.0,0.0,0.17,0.17,0.0,0.17,17.5,0.0,27.0,7.0,25.9,1.54,0.4,0.0,0.0,0.0,0.0,54.0,46.1,20,69.0,1,9,23.0,2,1.14,19.0,21.0,-2.0,-0.11,0.57,0.0,20.0,37.0,6.0,52.0,9.0,18.0,,,0.0,,,,,,,,,,,,,,,,True,alta,0,Interior de conducción,2.469547516087009
ESP-La Liga,2526,Girona,Claudio Echeverri,ARG,"FW,MF",19.0,2006.0,17.0,5.0,624.0,6.9,1.0,1.0,2.0,1.0,0.0,0.0,4.0,0.0,0.14,0.14,0.29,0.14,0.29,6.9,1.0,21.0,7.0,33.3,3.03,1.01,0.05,0.14,0.0,0.0,37.0,18.2,5,63.0,0,12,26.0,1,0.82,9.0,12.0,-3.0,-0.43,-0.01,0.0,8.0,14.0,1.0,15.0,1.0,6.0,,,0.0,,,,,,,,,,,,,,,,False,baja,0,Interior de conducción,3.0014290233463936
ESP-La Liga,2526,Girona,Fran Beltrán,ESP,MF,26.0,1999.0,17.0,11.0,1012.0,11.2,1.0,0.0,1.0,1.0,0.0,0.0,3.0,0.0,0.09,0.0,0.09,0.09,0.09,11.2,1.0,10.0,3.0,30.0,0.89,0.27,0.1,0.33,0.0,0.0,60.0,29.6,11,77.0,3,6,27.0,1,1.0,9.0,10.0,-1.0,-0.09,0.47,0.0,10.0,9.0,0.0,8.0,11.0,14.0,,,0.0,,,,,,,,,,,,,,,,True,alta,3,Pivote destructor,1.635476695649309
ESP-La Liga,2526,Girona,Iván Martín,ESP,MF,26.0,1999.0,35.0,29.0,2532.0,28.1,0.0,1.0,1.0,0.0,0.0,0.0,5.0,1.0,0.0,0.04,0.04,0.0,0.04,28.1,0.0,13.0,5.0,38.5,0.46,0.18,0.0,0.0,0.0,0.0,72.0,74.0,29,83.0,15,6,22.0,2,1.17,29.0,36.0,-7.0,-0.25,0.66,1.0,30.0,31.0,3.0,15.0,17.0,39.0,,,0.0,,,,,,,,,,,,,,,,True,alta,3,Pivote destructor,1.8425964482857564
ESP-La Liga,2526,Girona,Joel Roca,ESP,"MF,FW",20.0,2005.0,32.0,16.0,1473.0,16.4,3.0,1.0,4.0,3.0,0.0,0.0,4.0,1.0,0.18,0.06,0.24,0.18,0.24,16.4,3.0,48.0,16.0,33.3,2.93,0.98,0.06,0.19,0.0,0.0,46.0,43.1,16,70.0,5,16,22.0,2,1.06,17.0,26.0,-9.0,-0.55,-0.23,0.0,13.0,45.0,4.0,33.0,2.0,11.0,,,0.0,,,,,,,,,,,,,,,,True,alta,2,Interior ofensivo,2.7082749894935567
ESP-La Liga,2526,Girona,Portu,ESP,"FW,MF",33.0,1992.0,10.0,4.0,474.0,5.3,0.0,0.0,0.0,0.0,0.0,0.0,2.0,0.0,0.0,0.0,0.0,0.0,0.0,5.3,0.0,9.0,5.0,55.6,1.71,0.95,0.0,0.0,0.0,0.0,47.0,13.9,4,64.0,0,6,36.0,2,0.7,6.0,11.0,-5.0,-0.95,-0.61,0.0,6.0,4.0,3.0,18.0,2.0,1.0,,,0.0,,,,,,,,,,,,,,,,False,baja,2,Interior ofensivo,4.390432300619305
ESP-La Liga,2526,Girona,Thomas Lemar,FRA,MF,29.0,1995.0,27.0,14.0,1258.0,14.0,3.0,1.0,4.0,3.0,0.0,0.0,4.0,0.0,0.21,0.07,0.29,0.21,0.29,14.0,3.0,17.0,8.0,47.1,1.22,0.57,0.18,0.38,0.0,0.0,47.0,36.8,14,69.0,1,13,22.0,2,1.0,15.0,16.0,-1.0,-0.07,0.55,0.0,19.0,20.0,0.0,56.0,5.0,15.0,,,0.0,,,,,,,,,,,,,,,,True,alta,0,Interior de conducción,2.1204640641509864
ESP-La Liga,2526,Girona,Viktor Tsyhankov,UKR,"MF,FW",27.0,1997.0,32.0,31.0,2630.0,29.2,6.0,5.0,11.0,6.0,0.0,0.0,3.0,0.0,0.21,0.17,0.38,0.21,0.38,29.2,6.0,51.0,21.0,41.2,1.75,0.72,0.12,0.29,0.0,0.0,82.0,76.9,31,84.0,18,1,28.0,0,1.09,29.0,39.0,-10.0,-0.34,0.34,0.0,22.0,35.0,5.0,120.0,21.0,22.0,,,0.0,,,,,,,,,,,,,,,,True,alta,2,Interior ofensivo,1.4031958019309043
ESP-La Liga,2526,Girona,Yaser Asprilla,COL,"FW,MF",21.0,2003.0,15.0,6.0,611.0,6.8,0.0,0.0,0.0,0.0,0.0,0.0,0.0,0.0,0.0,0.0,0.0,0.0,0.0,6.8,0.0,15.0,5.0,33.3,2.21,0.74,0.0,0.0,0.0,0.0,41.0,17.9,6,70.0,2,9,22.0,5,0.93,5.0,14.0,-9.0,-1.33,-1.1,0.0,11.0,8.0,5.0,36.0,5.0,4.0,,,0.0,,,,,,,,,,,,,,,,False,baja,2,Interior ofensivo,4.093525335740753
ESP-La Liga,2526,Levante,Brugui,ESP,"MF,FW",28.0,1996.0,19.0,10.0,1005.0,11.2,1.0,1.0,2.0,1.0,0.0,0.0,1.0,1.0,0.09,0.09,0.18,0.09,0.18,11.2,1.0,28.0,9.0,32.1,2.51,0.81,0.04,0.11,0.0,0.0,53.0,29.4,10,74.0,2,9,29.0,1,0.95,12.0,20.0,-8.0,-0.72,-0.49,0.0,11.0,8.0,6.0,11.0,4.0,6.0,,,0.0,,,,,,,,,,,,,,,,True,alta,2,Interior ofensivo,2.1207708627135307
ESP-La Liga,2526,Levante,Carlos Álvarez,ESP,MF,21.0,2003.0,30.0,23.0,1890.0,21.0,3.0,1.0,4.0,3.0,0.0,0.0,3.0,0.0,0.14,0.05,0.19,0.14,0.19,21.0,3.0,30.0,11.0,36.7,1.43,0.52,0.1,0.27,0.0,0.0,63.0,55.3,23,76.0,7,7,21.0,1,0.93,20.0,35.0,-15.0,-0.71,-0.77,0.0,22.0,49.0,2.0,54.0,13.0,13.0,,,0.0,,,,,,,,,,,,,,,,True,alta,0,Interior de conducción,2.076446230672391
ESP-La Liga,2526,Levante,Iker Losada,ESP,MF,23.0,2001.0,23.0,10.0,902.0,10.0,3.0,1.0,4.0,3.0,0.0,0.0,1.0,0.0,0.3,0.1,0.4,0.3,0.4,10.0,3.0,14.0,4.0,28.6,1.4,0.4,0.21,0.75,0.0,0.0,39.0,26.4,10,62.0,0,13,22.0,14,1.0,14.0,16.0,-2.0,-0.2,0.23,0.0,6.0,7.0,3.0,22.0,10.0,12.0,,,0.0,,,,,,,,,,,,,,,,True,alta,1,Carrilero,2.6029664059311437
ESP-La Liga,2526,Levante,Iván Romero,ESP,"FW,MF",24.0,2001.0,32.0,28.0,2259.0,25.1,7.0,1.0,8.0,7.0,0.0,1.0,5.0,0.0,0.28,0.04,0.32,0.28,0.32,25.1,7.0,59.0,18.0,30.5,2.35,0.72,0.12,0.39,0.0,1.0,71.0,66.1,28,77.0,4,4,25.0,3,1.16,27.0,31.0,-4.0,-0.16,0.62,0.0,41.0,77.0,7.0,21.0,12.0,22.0,,,0.0,,,,,,,,,,,,,,,,True,alta,0,Interior de conducción,2.6148565716794594
ESP-La Liga,2526,Levante,Kareem Tunde,ESP,MF,19.0,2005.0,21.0,17.0,1133.0,12.6,0.0,1.0,1.0,0.0,0.0,0.0,3.0,0.0,0.0,0.08,0.08,0.0,0.08,12.6,0.0,21.0,3.0,14.3,1.67,0.24,0.0,0.0,0.0,0.0,54.0,33.1,17,64.0,2,4,11.0,0,1.38,15.0,20.0,-5.0,-0.4,-0.04,0.0,16.0,24.0,1.0,11.0,14.0,11.0,,,0.0,,,,,,,,,,,,,,,,True,alta,3,Pivote destructor,2.293507736897148
ESP-La Liga,2526,Levante,Kervin Arriaga,HON,MF,27.0,1998.0,27.0,16.0,1532.0,17.0,3.0,3.0,6.0,3.0,0.0,0.0,8.0,1.0,0.18,0.18,0.35,0.18,0.35,17.0,3.0,16.0,6.0,37.5,0.94,0.35,0.19,0.5,0.0,0.0,57.0,44.8,16,80.0,10,11,22.0,4,1.19,23.0,29.0,-6.0,-0.35,0.03,1.0,22.0,22.0,1.0,5.0,14.0,26.0,,,0.0,,,,,,,,,,,,,,,,True,alta,0,Interior de conducción,2.8015351809602502
ESP-La Liga,2526,Levante,Olasagasti,ESP,MF,24.0,2000.0,33.0,18.0,1734.0,19.3,1.0,5.0,6.0,1.0,0.0,0.0,2.0,1.0,0.05,0.26,0.31,0.05,0.31,19.3,1.0,28.0,9.0,32.1,1.45,0.47,0.04,0.11,0.0,0.0,53.0,50.7,18,81.0,9,15,18.0,2,1.12,28.0,32.0,-4.0,-0.21,0.33,0.0,20.0,33.0,0.0,106.0,14.0,15.0,,,0.0,,,,,,,,,,,,,,,,True,alta,1,Carrilero,2.684602942606047
ESP-La Liga,2526,Levante,Oriol Rey,ESP,MF,27.0,1998.0,20.0,14.0,1319.0,14.7,0.0,1.0,1.0,0.0,0.0,0.0,4.0,0.0,0.0,0.07,0.07,0.0,0.07,14.7,0.0,8.0,1.0,12.5,0.55,0.07,0.0,0.0,0.0,0.0,66.0,38.6,14,84.0,9,6,25.0,12,1.1,23.0,25.0,-2.0,-0.14,0.38,0.0,23.0,14.0,0.0,8.0,12.0,12.0,,,0.0,,,,,,,,,,,,,,,,True,alta,3,Pivote destructor,1.692092766272483
ESP-La Liga,2526,Levante,Pablo Martínez,ESP,MF,27.0,1998.0,27.0,21.0,1857.0,20.6,1.0,5.0,6.0,1.0,0.0,0.0,3.0,0.0,0.05,0.24,0.29,0.05,0.29,20.6,1.0,28.0,4.0,14.3,1.36,0.19,0.04,0.25,0.0,0.0,69.0,54.3,21,81.0,8,6,28.0,1,1.37,25.0,28.0,-3.0,-0.15,0.49,0.0,30.0,12.0,3.0,87.0,19.0,10.0,,,0.0,,,,,,,,,,,,,,,,True,alta,1,Carrilero,2.558909585288715
ESP-La Liga,2526,Levante,Paco Cortés,ESP,"MF,FW",17.0,2007.0,12.0,4.0,472.0,5.2,0.0,0.0,0.0,0.0,0.0,0.0,2.0,0.0,0.0,0.0,0.0,0.0,0.0,5.2,0.0,12.0,4.0,33.3,2.29,0.76,0.0,0.0,0.0,0.0,39.0,13.8,4,73.0,0,8,23.0,10,1.08,5.0,6.0,-1.0,-0.19,0.21,0.0,6.0,6.0,1.0,20.0,2.0,1.0,,,0.0,,,,,,,,,,,,,,,,False,baja,0,Interior de conducción,4.048037137655373
ESP-La Liga,2526,Levante,Ugo Raghouber,FRA,MF,22.0,2003.0,16.0,8.0,706.0,7.8,0.0,0.0,0.0,0.0,0.0,0.0,1.0,0.0,0.0,0.0,0.0,0.0,0.0,7.8,0.0,3.0,0.0,0.0,0.38,0.0,0.0,,0.0,0.0,44.0,20.6,8,71.0,2,8,18.0,2,1.5,7.0,9.0,-2.0,-0.25,0.14,0.0,10.0,14.0,1.0,2.0,15.0,10.0,,,0.0,,,,,,,,,,,,,,,,False,baja,3,Pivote destructor,2.6960732020692864
ESP-La Liga,2526,Levante,Unai Elgezabal,ESP,"DF,MF",32.0,1993.0,12.0,11.0,958.0,10.6,1.0,0.0,1.0,1.0,0.0,0.0,2.0,0.0,0.09,0.0,0.09,0.09,0.09,10.6,1.0,3.0,1.0,33.3,0.28,0.09,0.33,1.0,0.0,0.0,80.0,28.0,11,85.0,8,1,26.0,4,0.42,15.0,24.0,-9.0,-0.85,-0.66,0.0,11.0,6.0,0.0,0.0,4.0,4.0,,,1.0,,,,,,,,,,,,,,,,True,alta,3,Pivote destructor,3.7941253942177475
ESP-La Liga,2526,Levante,Unai Vencedor Paris,ESP,MF,24.0,2000.0,16.0,11.0,812.0,9.0,0.0,0.0,0.0,0.0,0.0,0.0,3.0,1.0,0.0,0.0,0.0,0.0,0.0,9.0,0.0,0.0,0.0,,0.0,0.0,,,0.0,0.0,51.0,23.7,11,67.0,0,5,15.0,9,0.88,7.0,16.0,-9.0,-1.0,-0.82,0.0,25.0,8.0,0.0,23.0,4.0,13.0,,,0.0,,,,,,,,,,,,,,,,False,baja,3,Pivote destructor,3.736046604943116
ESP-La Liga,2526,Levante,Víctor García,ESP,"MF,FW",27.0,1997.0,21.0,12.0,1040.0,11.6,2.0,1.0,3.0,2.0,0.0,0.0,1.0,0.0,0.17,0.09,0.26,0.17,0.26,11.6,2.0,19.0,8.0,42.1,1.64,0.69,0.11,0.25,0.0,0.0,50.0,30.4,12,68.0,1,9,25.0,8,1.1,13.0,15.0,-2.0,-0.17,0.28,0.0,13.0,11.0,3.0,65.0,7.0,15.0,,,0.0,,,,,,,,,,,,,,,,True,alta,2,Interior ofensivo,2.416536724551859
ESP-La Liga,2526,Mallorca,Antonio Sánchez,ESP,"MF,DF",28.0,1997.0,30.0,9.0,1073.0,11.9,0.0,0.0,0.0,0.0,0.0,0.0,5.0,1.0,0.0,0.0,0.0,0.0,0.0,11.9,0.0,6.0,3.0,50.0,0.5,0.25,0.0,0.0,0.0,0.0,36.0,31.4,9,75.0,1,21,19.0,7,1.23,15.0,21.0,-6.0,-0.5,-0.35,1.0,16.0,10.0,1.0,29.0,16.0,12.0,,,0.0,,,,,,,,,,,,,,,,True,alta,3,Pivote destructor,2.2315211348469144
ESP-La Liga,2526,Mallorca,Jan Virgili,ESP,"MF,FW",19.0,2006.0,31.0,19.0,1792.0,19.9,2.0,4.0,6.0,2.0,0.0,0.0,0.0,1.0,0.1,0.2,0.3,0.1,0.3,19.9,2.0,32.0,16.0,50.0,1.61,0.8,0.06,0.13,0.0,0.0,58.0,52.4,19,79.0,5,12,24.0,0,1.13,28.0,31.0,-3.0,-0.15,0.24,0.0,22.0,24.0,2.0,47.0,7.0,10.0,,,0.0,,,,,,,,,,,,,,,,True,alta,2,Interior ofensivo,2.0957111623617823
ESP-La Liga,2526,Mallorca,Manu Morlanes,ESP,MF,26.0,1999.0,32.0,22.0,1765.0,19.6,3.0,0.0,3.0,3.0,0.0,0.0,5.0,1.0,0.15,0.0,0.15,0.15,0.15,19.6,3.0,13.0,4.0,30.8,0.66,0.2,0.23,0.75,0.0,0.0,55.0,51.6,22,72.0,2,10,18.0,2,1.16,26.0,29.0,-3.0,-0.15,0.23,1.0,28.0,12.0,0.0,11.0,19.0,30.0,,,0.0,,,,,,,,,,,,,,,,True,alta,3,Pivote destructor,1.8526296503205386
ESP-La Liga,2526,Mallorca,Mateo Joseph,ESP,"MF,FW",21.0,2003.0,29.0,19.0,1699.0,18.9,2.0,3.0,5.0,2.0,0.0,0.0,2.0,0.0,0.11,0.16,0.26,0.11,0.26,18.9,2.0,33.0,14.0,42.4,1.75,0.74,0.06,0.14,0.0,0.0,59.0,49.7,19,76.0,4,10,25.0,1,1.03,24.0,29.0,-5.0,-0.26,0.0,0.0,19.0,31.0,4.0,14.0,13.0,19.0,,,0.0,,,,,,,,,,,,,,,,True,alta,0,Interior de conducción,2.0728288403009767
ESP-La Liga,2526,Mallorca,Mateu Morey,ESP,"DF,MF",25.0,2000.0,18.0,9.0,704.0,7.8,1.0,0.0,1.0,1.0,0.0,0.0,2.0,0.0,0.13,0.0,0.13,0.13,0.13,7.8,1.0,4.0,2.0,50.0,0.51,0.26,0.25,0.5,0.0,0.0,39.0,20.6,9,69.0,2,9,9.0,19,0.94,8.0,18.0,-10.0,-1.28,-1.28,0.0,15.0,10.0,1.0,14.0,6.0,8.0,,,0.0,,,,,,,,,,,,,,,,False,baja,3,Pivote destructor,2.279605291271604
ESP-La Liga,2526,Mallorca,Omar Mascarell,EQG,"MF,DF",32.0,1993.0,30.0,26.0,2239.0,24.9,2.0,2.0,4.0,2.0,0.0,0.0,5.0,0.0,0.08,0.08,0.16,0.08,0.16,24.9,2.0,7.0,3.0,42.9,0.28,0.12,0.29,0.67,0.0,0.0,75.0,65.5,26,81.0,17,4,32.0,4,1.2,32.0,35.0,-3.0,-0.12,0.41,0.0,38.0,14.0,0.0,6.0,35.0,28.0,,,0.0,,,,,,,,,,,,,,,,True,alta,3,Pivote destructor,1.9896207247562552
ESP-La Liga,2526,Mallorca,Pablo Torre,ESP,"MF,FW",22.0,2003.0,35.0,19.0,1599.0,17.8,4.0,4.0,8.0,4.0,0.0,0.0,4.0,0.0,0.23,0.23,0.45,0.23,0.45,17.8,4.0,25.0,12.0,48.0,1.41,0.68,0.16,0.33,0.0,0.0,46.0,46.8,19,69.0,1,16,18.0,3,1.09,23.0,27.0,-4.0,-0.23,0.07,0.0,29.0,36.0,1.0,90.0,9.0,17.0,,,0.0,,,,,,,,,,,,,,,,True,alta,0,Interior de conducción,2.011578352030108
ESP-La Liga,2526,Mallorca,Samu Costa,POR,MF,24.0,2000.0,34.0,31.0,2697.0,30.0,7.0,2.0,9.0,7.0,0.0,0.0,11.0,0.0,0.23,0.07,0.3,0.23,0.3,30.0,7.0,39.0,16.0,41.0,1.3,0.53,0.18,0.44,0.0,0.0,79.0,78.9,31,84.0,18,3,31.0,0,1.12,32.0,42.0,-10.0,-0.33,-0.33,0.0,64.0,68.0,6.0,30.0,26.0,37.0,,,0.0,,,,,,,,,,,,,,,,True,alta,0,Interior de conducción,2.1494517379086893
ESP-La Liga,2526,Mallorca,Sergi Darder,ESP,MF,31.0,1993.0,38.0,30.0,2680.0,29.8,1.0,5.0,6.0,1.0,0.0,0.0,3.0,0.0,0.03,0.17,0.2,0.03,0.2,29.8,1.0,36.0,13.0,36.1,1.21,0.44,0.03,0.08,0.0,0.0,71.0,78.4,30,82.0,13,8,27.0,0,1.11,37.0,43.0,-6.0,-0.2,0.28,0.0,21.0,29.0,2.0,165.0,23.0,13.0,,,0.0,,,,,,,,,,,,,,,,True,alta,1,Carrilero,2.17572978993126
ESP-La Liga,2526,Mallorca,Takuma Asano,JPN,"MF,FW",30.0,1994.0,20.0,8.0,664.0,7.4,1.0,0.0,1.0,1.0,0.0,0.0,2.0,0.0,0.14,0.0,0.14,0.14,0.14,7.4,1.0,17.0,2.0,11.8,2.3,0.27,0.06,0.5,0.0,0.0,33.0,19.4,8,60.0,0,12,15.0,9,1.2,7.0,11.0,-4.0,-0.54,-0.35,0.0,9.0,10.0,8.0,14.0,1.0,10.0,,,0.0,,,,,,,,,,,,,,,,False,baja,0,Interior de conducción,3.2329374461067646
ESP-La Liga,2526,Mallorca,Toni Lato,ESP,"DF,MF",27.0,1997.0,12.0,7.0,583.0,6.5,0.0,1.0,1.0,0.0,0.0,0.0,3.0,0.0,0.0,0.15,0.15,0.0,0.15,6.5,0.0,0.0,0.0,,0.0,0.0,,,0.0,0.0,49.0,17.0,7,77.0,1,5,9.0,18,0.58,8.0,10.0,-2.0,-0.31,-0.05,0.0,7.0,3.0,0.0,26.0,6.0,8.0,,,0.0,,,,,,,,,,,,,,,,False,baja,3,Pivote destructor,3.6153810081070707
ESP-La Liga,2526,Mallorca,Zito Luvumbo,ANG,"FW,MF",23.0,2002.0,10.0,6.0,508.0,5.6,0.0,2.0,2.0,0.0,0.0,0.0,2.0,0.0,0.0,0.35,0.35,0.0,0.35,5.6,0.0,9.0,7.0,77.8,1.59,1.24,0.0,0.0,0.0,0.0,51.0,14.9,6,68.0,1,4,25.0,4,1.3,7.0,5.0,2.0,0.35,0.73,0.0,13.0,20.0,6.0,19.0,0.0,0.0,,,0.0,,,,,,,,,,,,,,,,False,baja,0,Interior de conducción,5.767353462132741
ESP-La Liga,2526,Osasuna,Abel Bretones,ESP,"MF,DF",24.0,2000.0,28.0,17.0,1624.0,18.0,1.0,2.0,3.0,1.0,0.0,0.0,5.0,1.0,0.06,0.11,0.17,0.06,0.17,18.0,1.0,11.0,3.0,27.3,0.61,0.17,0.09,0.33,0.0,0.0,58.0,47.5,17,88.0,12,11,12.0,7,1.18,24.0,27.0,-3.0,-0.17,-0.02,0.0,16.0,19.0,1.0,34.0,16.0,12.0,,,0.0,,,,,,,,,,,,,,,,True,alta,1,Carrilero,1.848512829932121
ESP-La Liga,2526,Osasuna,Aimar Oroz,ESP,"MF,FW",23.0,2001.0,31.0,26.0,2139.0,23.8,0.0,2.0,2.0,0.0,0.0,0.0,6.0,0.0,0.0,0.08,0.08,0.0,0.08,23.8,0.0,29.0,4.0,13.8,1.22,0.17,0.0,0.0,0.0,0.0,69.0,62.5,26,77.0,6,5,25.0,0,1.23,25.0,29.0,-4.0,-0.17,-0.03,0.0,33.0,67.0,1.0,32.0,8.0,18.0,,,0.0,,,,,,,,,,,,,,,,True,alta,0,Interior de conducción,2.7483926629284796
ESP-La Liga,2526,Osasuna,Iker Muñoz,ESP,MF,22.0,2002.0,19.0,8.0,952.0,10.6,0.0,0.0,0.0,0.0,0.0,0.0,5.0,0.0,0.0,0.0,0.0,0.0,0.0,10.6,0.0,9.0,4.0,44.4,0.85,0.38,0.0,0.0,0.0,0.0,50.0,27.8,8,77.0,2,11,31.0,18,1.32,12.0,12.0,0.0,0.0,0.22,0.0,18.0,21.0,1.0,6.0,12.0,7.0,,,0.0,,,,,,,,,,,,,,,,True,alta,3,Pivote destructor,2.894055697466295
ESP-La Liga,2526,Osasuna,Jon Moncayola,ESP,MF,27.0,1998.0,36.0,35.0,3016.0,33.5,0.0,4.0,4.0,0.0,0.0,0.0,9.0,0.0,0.0,0.12,0.12,0.0,0.12,33.5,0.0,23.0,5.0,21.7,0.69,0.15,0.0,0.0,0.0,0.0,84.0,88.2,35,85.0,21,1,25.0,0,1.0,34.0,45.0,-11.0,-0.33,-1.44,0.0,41.0,13.0,0.0,142.0,27.0,26.0,,,0.0,,,,,,,,,,,,,,,,True,alta,1,Carrilero,2.432437732224497
ESP-La Liga,2526,Osasuna,Lucas Torró,ESP,MF,31.0,1994.0,34.0,31.0,2293.0,25.5,0.0,1.0,1.0,0.0,0.0,0.0,6.0,0.0,0.0,0.04,0.04,0.0,0.04,25.5,0.0,29.0,9.0,31.0,1.14,0.35,0.0,0.0,0.0,0.0,67.0,67.0,31,73.0,12,3,10.0,2,0.97,24.0,37.0,-13.0,-0.51,-1.07,0.0,40.0,27.0,0.0,2.0,30.0,19.0,,,0.0,,,,,,,,,,,,,,,,True,alta,3,Pivote destructor,1.9930215591162992
ESP-La Liga,2526,Osasuna,Moi Gómez,ESP,MF,31.0,1994.0,26.0,12.0,1201.0,13.3,0.0,2.0,2.0,0.0,0.0,0.0,3.0,0.0,0.0,0.15,0.15,0.0,0.15,13.3,0.0,11.0,2.0,18.2,0.82,0.15,0.0,0.0,0.0,0.0,46.0,35.1,12,78.0,3,14,19.0,10,0.88,15.0,15.0,0.0,0.0,0.24,0.0,20.0,22.0,0.0,36.0,11.0,9.0,,,0.0,,,,,,,,,,,,,,,,True,alta,3,Pivote destructor,2.7160006213206573
ESP-La Liga,2526,Osasuna,Raúl Moro,ESP,MF,22.0,2002.0,14.0,7.0,625.0,6.9,0.0,2.0,2.0,0.0,0.0,0.0,0.0,0.0,0.0,0.29,0.29,0.0,0.29,6.9,0.0,6.0,0.0,0.0,0.86,0.0,0.0,,0.0,0.0,45.0,18.3,7,69.0,1,7,21.0,3,0.93,12.0,12.0,0.0,0.0,0.19,0.0,2.0,6.0,5.0,28.0,1.0,0.0,,,0.0,,,,,,,,,,,,,,,,False,baja,2,Interior ofensivo,4.792422012675624
ESP-La Liga,2526,Osasuna,Rubén García,ESP,"MF,FW",32.0,1993.0,35.0,28.0,2229.0,24.8,2.0,5.0,7.0,2.0,0.0,0.0,6.0,0.0,0.08,0.2,0.28,0.08,0.28,24.8,2.0,31.0,10.0,32.3,1.25,0.4,0.06,0.2,0.0,0.0,64.0,65.2,28,73.0,4,7,27.0,0,1.17,26.0,30.0,-4.0,-0.16,-0.01,0.0,36.0,27.0,1.0,154.0,17.0,31.0,,,0.0,,,,,,,,,,,,,,,,True,alta,0,Interior de conducción,2.2635216942419807
ESP-La Liga,2526,Osasuna,Valentin Rosier,FRA,"DF,MF",28.0,1996.0,31.0,30.0,2547.0,28.3,1.0,1.0,2.0,1.0,0.0,0.0,6.0,1.0,0.04,0.04,0.07,0.04,0.07,28.3,1.0,19.0,3.0,15.8,0.67,0.11,0.05,0.33,0.0,0.0,82.0,74.5,30,84.0,22,1,22.0,1,1.16,29.0,37.0,-8.0,-0.28,-0.49,1.0,33.0,20.0,3.0,46.0,43.0,32.0,,,0.0,,,,,,,,,,,,,,,,True,alta,3,Pivote destructor,1.505342413564021
ESP-La Liga,2526,Osasuna,Víctor Muñoz,ESP,"MF,FW",22.0,2003.0,34.0,31.0,2656.0,29.5,6.0,2.0,8.0,6.0,0.0,0.0,3.0,0.0,0.2,0.07,0.27,0.2,0.27,29.5,6.0,81.0,31.0,38.3,2.74,1.05,0.07,0.19,0.0,0.0,78.0,77.7,31,82.0,15,3,34.0,0,1.24,32.0,32.0,0.0,0.0,0.71,0.0,32.0,54.0,5.0,99.0,10.0,13.0,,,0.0,,,,,,,,,,,,,,,,True,alta,2,Interior ofensivo,1.6041045697029486
ESP-La Liga,2526,Oviedo,Alberto Reina,ESP,MF,27.0,1997.0,37.0,31.0,2462.0,27.4,4.0,1.0,5.0,4.0,0.0,0.0,6.0,1.0,0.15,0.04,0.18,0.15,0.18,27.4,4.0,24.0,11.0,45.8,0.88,0.4,0.17,0.36,0.0,0.0,67.0,72.0,31,75.0,9,6,22.0,0,0.78,21.0,43.0,-22.0,-0.8,0.32,1.0,37.0,46.0,2.0,52.0,19.0,18.0,,,0.0,,,,,,,,,,,,,,,,True,alta,0,Interior de conducción,1.8095811535326445
ESP-La Liga,2526,Oviedo,Federico Viñas,URU,"FW,MF",27.0,1998.0,33.0,28.0,2439.0,27.1,9.0,1.0,10.0,7.0,2.0,2.0,7.0,3.0,0.33,0.04,0.37,0.26,0.3,27.1,9.0,57.0,21.0,36.8,2.1,0.77,0.16,0.43,2.0,2.0,74.0,71.3,28,83.0,12,5,26.0,0,0.85,20.0,38.0,-18.0,-0.66,0.8,1.0,46.0,69.0,13.0,3.0,13.0,32.0,,,0.0,,,,,,,,,,,,,,,,True,alta,0,Interior de conducción,2.9739472170495707
ESP-La Liga,2526,Oviedo,Haissem Hassan,EGY,"MF,FW",23.0,2002.0,37.0,20.0,1942.0,21.6,0.0,3.0,3.0,0.0,0.0,0.0,1.0,0.0,0.0,0.14,0.14,0.0,0.14,21.6,0.0,34.0,8.0,23.5,1.58,0.37,0.0,0.0,0.0,0.0,52.0,56.8,20,71.0,3,17,30.0,1,0.76,11.0,33.0,-22.0,-1.02,-0.29,0.0,12.0,25.0,3.0,113.0,6.0,26.0,,,0.0,,,,,,,,,,,,,,,,True,alta,1,Carrilero,2.719729716531473
ESP-La Liga,2526,Oviedo,Ilyas Chaira,MAR,"MF,FW",24.0,2001.0,36.0,30.0,2447.0,27.2,6.0,2.0,8.0,6.0,0.0,0.0,2.0,1.0,0.22,0.07,0.29,0.22,0.29,27.2,6.0,81.0,35.0,43.2,2.98,1.29,0.07,0.17,0.0,0.0,68.0,71.5,30,76.0,10,6,30.0,0,0.81,22.0,39.0,-17.0,-0.63,0.95,0.0,53.0,41.0,18.0,74.0,4.0,34.0,,,0.0,,,,,,,,,,,,,,,,True,alta,2,Interior ofensivo,3.1034532239241956
ESP-La Liga,2526,Oviedo,Josip Brekalo,CRO,"MF,FW",27.0,1998.0,14.0,6.0,486.0,5.4,0.0,0.0,0.0,0.0,0.0,0.0,1.0,0.0,0.0,0.0,0.0,0.0,0.0,5.4,0.0,9.0,3.0,33.3,1.67,0.56,0.0,0.0,0.0,0.0,35.0,14.2,6,58.0,0,8,18.0,3,0.71,1.0,14.0,-13.0,-2.41,-1.76,0.0,7.0,6.0,0.0,26.0,2.0,7.0,,,0.0,,,,,,,,,,,,,,,,False,baja,1,Carrilero,3.183402956156489
ESP-La Liga,2526,Oviedo,Kwasi Sibo,GHA,MF,27.0,1998.0,26.0,21.0,1681.0,18.7,0.0,0.0,0.0,0.0,0.0,0.0,3.0,1.0,0.0,0.0,0.0,0.0,0.0,18.7,0.0,9.0,2.0,22.2,0.48,0.11,0.0,0.0,0.0,0.0,65.0,49.2,21,75.0,9,5,21.0,10,0.88,16.0,26.0,-10.0,-0.54,0.71,0.0,30.0,4.0,0.0,2.0,14.0,20.0,,,0.0,,,,,,,,,,,,,,,,True,alta,3,Pivote destructor,2.6810176190764547
ESP-La Liga,2526,Oviedo,Leander Dendoncker,BEL,MF,30.0,1995.0,19.0,15.0,1330.0,14.8,1.0,0.0,1.0,1.0,0.0,0.0,2.0,0.0,0.07,0.0,0.07,0.07,0.07,14.8,1.0,9.0,4.0,44.4,0.61,0.27,0.11,0.25,0.0,0.0,70.0,38.9,15,86.0,8,4,11.0,5,0.79,7.0,25.0,-18.0,-1.22,-0.53,0.0,12.0,3.0,1.0,5.0,11.0,25.0,,,0.0,,,,,,,,,,,,,,,,True,alta,3,Pivote destructor,2.8683427856157495
ESP-La Liga,2526,Oviedo,Luka Ilić,SRB,"MF,FW",26.0,1999.0,19.0,8.0,742.0,8.2,1.0,0.0,1.0,1.0,0.0,0.0,4.0,1.0,0.12,0.0,0.12,0.12,0.12,8.2,1.0,9.0,5.0,55.6,1.09,0.61,0.11,0.2,0.0,0.0,39.0,21.7,8,68.0,1,11,18.0,11,0.68,6.0,16.0,-10.0,-1.21,-0.41,1.0,16.0,7.0,2.0,7.0,7.0,5.0,,,0.0,,,,,,,,,,,,,,,,False,baja,0,Interior de conducción,3.229272109135604
ESP-La Liga,2526,Oviedo,Nicolas Fonseca,URU,MF,26.0,1998.0,19.0,12.0,1018.0,11.3,0.0,0.0,0.0,0.0,0.0,0.0,6.0,0.0,0.0,0.0,0.0,0.0,0.0,11.3,0.0,8.0,1.0,12.5,0.71,0.09,0.0,0.0,0.0,0.0,54.0,29.8,12,70.0,2,7,25.0,1,0.84,13.0,22.0,-9.0,-0.8,0.14,0.0,27.0,12.0,0.0,4.0,17.0,25.0,,,0.0,,,,,,,,,,,,,,,,True,alta,3,Pivote destructor,3.2544719120681678
ESP-La Liga,2526,Oviedo,Santi Cazorla,ESP,MF,40.0,1984.0,28.0,6.0,940.0,10.4,0.0,1.0,1.0,0.0,0.0,0.0,2.0,1.0,0.0,0.1,0.1,0.0,0.1,10.4,0.0,7.0,1.0,14.3,0.67,0.1,0.0,0.0,0.0,0.0,34.0,27.5,6,73.0,1,22,23.0,4,0.68,4.0,16.0,-12.0,-1.15,-0.35,0.0,6.0,19.0,0.0,71.0,4.0,10.0,,,0.0,,,,,,,,,,,,,,,,True,alta,1,Carrilero,2.978842316891744
ESP-La Liga,2526,Oviedo,Santiago Colombatto,ARG,MF,28.0,1997.0,32.0,23.0,2064.0,22.9,0.0,1.0,1.0,0.0,0.0,0.0,6.0,0.0,0.0,0.04,0.04,0.0,0.04,22.9,0.0,15.0,2.0,13.3,0.65,0.09,0.0,0.0,0.0,0.0,65.0,60.4,23,81.0,8,9,22.0,4,0.75,12.0,34.0,-22.0,-0.96,-0.16,0.0,44.0,41.0,1.0,67.0,14.0,22.0,,,0.0,,,,,,,,,,,,,,,,True,alta,3,Pivote destructor,2.4850141933657763
ESP-La Liga,2526,Oviedo,Thiago Fernández,ARG,"MF,FW",21.0,2004.0,16.0,9.0,817.0,9.1,0.0,4.0,4.0,0.0,0.0,0.0,4.0,0.0,0.0,0.44,0.44,0.0,0.44,9.1,0.0,13.0,5.0,38.5,1.43,0.55,0.0,0.0,0.0,0.0,51.0,23.9,9,65.0,0,7,33.0,1,1.0,12.0,16.0,-4.0,-0.44,0.6,0.0,7.0,11.0,2.0,27.0,5.0,7.0,,,0.0,,,,,,,,,,,,,,,,False,baja,0,Interior de conducción,3.5019479277274206
ESP-La Liga,2526,Rayo Vallecano,Alfonso Espino,URU,"DF,MF",33.0,1992.0,30.0,15.0,1486.0,16.5,2.0,0.0,2.0,2.0,0.0,0.0,3.0,0.0,0.12,0.0,0.12,0.12,0.12,16.5,2.0,20.0,9.0,45.0,1.21,0.55,0.1,0.22,0.0,0.0,50.0,43.5,15,79.0,8,15,20.0,6,1.5,15.0,23.0,-8.0,-0.48,-0.72,0.0,24.0,30.0,10.0,49.0,15.0,33.0,,,0.0,,,,,,,,,,,,,,,,True,alta,0,Interior de conducción,3.1126351468834788
ESP-La Liga,2526,Rayo Vallecano,Carlos Martín,ESP,"MF,FW",23.0,2002.0,11.0,7.0,450.0,5.0,0.0,0.0,0.0,0.0,0.0,0.0,1.0,0.0,0.0,0.0,0.0,0.0,0.0,5.0,0.0,9.0,4.0,44.4,1.8,0.8,0.0,0.0,0.0,0.0,41.0,13.2,7,57.0,0,4,12.0,8,1.36,5.0,11.0,-6.0,-1.2,-1.29,0.0,11.0,5.0,0.0,8.0,0.0,7.0,,,0.0,,,,,,,,,,,,,,,,False,baja,0,Interior de conducción,4.046566891579074
ESP-La Liga,2526,Rayo Vallecano,Francisco Perez,ESP,"MF,FW",22.0,2002.0,29.0,12.0,1237.0,13.7,2.0,1.0,3.0,2.0,0.0,0.0,4.0,0.0,0.15,0.07,0.22,0.15,0.22,13.7,2.0,17.0,8.0,47.1,1.24,0.58,0.12,0.25,0.0,0.0,43.0,36.2,12,65.0,0,17,27.0,6,1.17,14.0,17.0,-3.0,-0.22,-0.22,0.0,18.0,15.0,6.0,48.0,2.0,10.0,,,0.0,,,,,,,,,,,,,,,,True,alta,0,Interior de conducción,2.554680438638455
ESP-La Liga,2526,Rayo Vallecano,Gerard Gumbau,ESP,MF,30.0,1994.0,28.0,14.0,1175.0,13.1,0.0,3.0,3.0,0.0,0.0,0.0,4.0,0.0,0.0,0.23,0.23,0.0,0.23,13.1,0.0,20.0,5.0,25.0,1.53,0.38,0.0,0.0,0.0,0.0,42.0,34.4,14,69.0,3,14,15.0,10,1.21,17.0,21.0,-4.0,-0.31,-0.35,0.0,38.0,5.0,0.0,52.0,11.0,16.0,,,0.0,,,,,,,,,,,,,,,,True,alta,3,Pivote destructor,4.048705146900095
ESP-La Liga,2526,Rayo Vallecano,Ilias Akhomach,MAR,"MF,FW",21.0,2004.0,11.0,7.0,709.0,7.9,0.0,1.0,1.0,0.0,0.0,0.0,2.0,0.0,0.0,0.13,0.13,0.0,0.13,7.9,0.0,18.0,6.0,33.3,2.28,0.76,0.0,0.0,0.0,0.0,64.0,20.7,7,79.0,1,4,39.0,1,1.27,14.0,11.0,3.0,0.38,0.58,0.0,9.0,29.0,1.0,22.0,2.0,10.0,,,0.0,,,,,,,,,,,,,,,,False,baja,0,Interior de conducción,3.1214870158510726
ESP-La Liga,2526,Rayo Vallecano,Isaac Palazón Camacho,ESP,"MF,FW",30.0,1994.0,31.0,27.0,2248.0,25.0,3.0,3.0,6.0,1.0,2.0,3.0,10.0,1.0,0.12,0.12,0.24,0.04,0.16,25.0,3.0,52.0,15.0,28.8,2.08,0.6,0.06,0.2,2.0,3.0,73.0,65.7,27,79.0,8,4,28.0,1,1.23,24.0,31.0,-7.0,-0.28,-0.59,0.0,36.0,51.0,6.0,105.0,3.0,12.0,,,0.0,,,,,,,,,,,,,,,,True,alta,0,Interior de conducción,3.0896870580190243
ESP-La Liga,2526,Rayo Vallecano,Jorge de Frutos,ESP,"FW,MF",28.0,1997.0,36.0,31.0,2463.0,27.4,10.0,1.0,11.0,9.0,1.0,1.0,3.0,0.0,0.37,0.04,0.4,0.33,0.37,27.4,10.0,62.0,28.0,45.2,2.27,1.02,0.16,0.36,1.0,1.0,68.0,72.0,31,74.0,6,5,36.0,1,1.39,32.0,23.0,9.0,0.33,1.46,0.0,34.0,39.0,18.0,47.0,11.0,16.0,,,0.0,,,,,,,,,,,,,,,,True,alta,2,Interior ofensivo,1.976597928343536
ESP-La Liga,2526,Rayo Vallecano,Pathé Ciss,SEN,"MF,DF",31.0,1994.0,29.0,20.0,1999.0,22.2,2.0,1.0,3.0,2.0,0.0,0.0,9.0,2.0,0.09,0.05,0.14,0.09,0.14,22.2,2.0,20.0,8.0,40.0,0.9,0.36,0.1,0.25,0.0,0.0,69.0,58.5,20,88.0,17,9,26.0,0,1.31,25.0,24.0,1.0,0.05,0.3,0.0,30.0,13.0,2.0,1.0,35.0,35.0,,,0.0,,,,,,,,,,,,,,,,True,alta,3,Pivote destructor,2.2665246640494083
ESP-La Liga,2526,Rayo Vallecano,Pedro Díaz,ESP,MF,27.0,1998.0,34.0,21.0,1870.0,20.8,0.0,1.0,1.0,0.0,0.0,0.0,2.0,0.0,0.0,0.05,0.05,0.0,0.05,20.8,0.0,44.0,6.0,13.6,2.12,0.29,0.0,0.0,0.0,0.0,55.0,54.7,21,76.0,9,13,21.0,1,1.32,24.0,31.0,-7.0,-0.34,-0.57,0.0,20.0,13.0,0.0,38.0,9.0,25.0,,,0.0,,,,,,,,,,,,,,,,True,alta,1,Carrilero,2.5727463211281334
ESP-La Liga,2526,Rayo Vallecano,Sergio Camello,ESP,"FW,MF",24.0,2001.0,22.0,8.0,823.0,9.1,5.0,1.0,6.0,5.0,0.0,0.0,3.0,1.0,0.55,0.11,0.66,0.55,0.66,9.1,5.0,27.0,14.0,51.9,2.95,1.53,0.19,0.36,0.0,0.0,37.0,24.1,8,69.0,1,14,19.0,10,1.0,10.0,14.0,-4.0,-0.44,-0.47,0.0,8.0,14.0,2.0,3.0,4.0,8.0,,,0.0,,,,,,,,,,,,,,,,False,baja,2,Interior ofensivo,2.9514971391836626
ESP-La Liga,2526,Rayo Vallecano,Unai López,ESP,MF,29.0,1995.0,28.0,19.0,1612.0,17.9,0.0,4.0,4.0,0.0,0.0,0.0,8.0,1.0,0.0,0.22,0.22,0.0,0.22,17.9,0.0,22.0,4.0,18.2,1.23,0.22,0.0,0.0,0.0,0.0,58.0,47.1,19,75.0,4,9,20.0,4,1.46,20.0,13.0,7.0,0.39,0.89,1.0,37.0,14.0,1.0,62.0,21.0,16.0,,,0.0,,,,,,,,,,,,,,,,True,alta,3,Pivote destructor,3.3570192598830455
ESP-La Liga,2526,Rayo Vallecano,Álvaro García,ESP,"MF,FW",32.0,1992.0,32.0,23.0,2101.0,23.3,4.0,5.0,9.0,4.0,0.0,0.0,3.0,0.0,0.17,0.21,0.39,0.17,0.39,23.3,4.0,47.0,19.0,40.4,2.01,0.81,0.09,0.21,0.0,0.0,66.0,61.4,23,79.0,7,9,31.0,1,1.19,21.0,29.0,-8.0,-0.34,-0.68,0.0,19.0,12.0,15.0,91.0,14.0,15.0,,,0.0,,,,,,,,,,,,,,,,True,alta,2,Interior ofensivo,2.034066052965153
ESP-La Liga,2526,Rayo Vallecano,Óscar Valentín,ESP,MF,30.0,1994.0,33.0,26.0,2108.0,23.4,1.0,0.0,1.0,1.0,0.0,0.0,3.0,1.0,0.04,0.0,0.04,0.04,0.04,23.4,1.0,13.0,4.0,30.8,0.56,0.17,0.08,0.25,0.0,0.0,64.0,61.6,26,76.0,11,7,19.0,4,1.39,19.0,19.0,0.0,0.0,0.21,0.0,31.0,22.0,0.0,3.0,29.0,43.0,,,0.0,,,,,,,,,,,,,,,,True,alta,3,Pivote destructor,1.969180457424283
ESP-La Liga,2526,Real Betis,Abde Ezzalzouli,MAR,"MF,FW",23.0,2001.0,29.0,26.0,2247.0,25.0,10.0,8.0,18.0,10.0,0.0,0.0,3.0,0.0,0.4,0.32,0.72,0.4,0.72,25.0,10.0,73.0,26.0,35.6,2.92,1.04,0.14,0.38,0.0,0.0,77.0,65.7,26,83.0,16,3,30.0,0,1.62,45.0,34.0,11.0,0.44,0.44,0.0,28.0,71.0,4.0,55.0,15.0,32.0,,,0.0,,,,,,,,,,,,,,,,True,alta,2,Interior ofensivo,2.955639787664345
ESP-La Liga,2526,Real Betis,Aitor Ruibal,ESP,"DF,MF",29.0,1996.0,27.0,20.0,1808.0,20.1,4.0,2.0,6.0,4.0,0.0,0.0,6.0,1.0,0.2,0.1,0.3,0.2,0.3,20.1,4.0,31.0,12.0,38.7,1.54,0.6,0.13,0.33,0.0,0.0,67.0,52.9,20,80.0,9,7,29.0,4,1.67,30.0,21.0,9.0,0.45,0.34,1.0,32.0,25.0,1.0,31.0,20.0,32.0,,,0.0,,,,,,,,,,,,,,,,True,alta,0,Interior de conducción,1.8861587237789406
ESP-La Liga,2526,Real Betis,Antony,BRA,"MF,FW",25.0,2000.0,32.0,30.0,2447.0,27.2,8.0,6.0,14.0,8.0,0.0,0.0,6.0,1.0,0.29,0.22,0.51,0.29,0.51,27.2,8.0,90.0,34.0,37.8,3.31,1.25,0.09,0.24,0.0,0.0,76.0,71.5,30,80.0,13,2,27.0,0,1.53,45.0,36.0,9.0,0.33,0.15,0.0,20.0,44.0,2.0,66.0,22.0,23.0,,,0.0,,,,,,,,,,,,,,,,True,alta,2,Interior ofensivo,2.3783369797644975
ESP-La Liga,2526,Real Betis,Giovani Lo Celso,ARG,MF,29.0,1996.0,24.0,15.0,1393.0,15.5,2.0,3.0,5.0,2.0,0.0,0.0,4.0,0.0,0.13,0.19,0.32,0.13,0.32,15.5,2.0,30.0,11.0,36.7,1.94,0.71,0.07,0.18,0.0,0.0,58.0,40.7,15,73.0,2,9,34.0,3,1.67,25.0,16.0,9.0,0.58,0.49,0.0,9.0,42.0,4.0,61.0,6.0,13.0,,,0.0,,,,,,,,,,,,,,,,True,alta,2,Interior ofensivo,2.6093086867044604
ESP-La Liga,2526,Real Betis,Marc Roca,ESP,MF,28.0,1996.0,29.0,23.0,2026.0,22.5,1.0,1.0,2.0,1.0,0.0,0.0,1.0,0.0,0.04,0.04,0.09,0.04,0.09,22.5,1.0,17.0,7.0,41.2,0.76,0.31,0.06,0.14,0.0,0.0,70.0,59.2,23,82.0,17,6,24.0,6,1.69,36.0,30.0,6.0,0.27,-0.06,0.0,42.0,23.0,0.0,10.0,23.0,29.0,,,0.0,,,,,,,,,,,,,,,,True,alta,3,Pivote destructor,2.1893757767301762
ESP-La Liga,2526,Real Betis,Nelson Deossa,COL,MF,25.0,2000.0,20.0,8.0,743.0,8.3,0.0,0.0,0.0,0.0,0.0,0.0,3.0,0.0,0.0,0.0,0.0,0.0,0.0,8.3,0.0,18.0,0.0,0.0,2.18,0.0,0.0,,0.0,0.0,37.0,21.7,8,68.0,3,12,17.0,11,1.35,13.0,13.0,0.0,0.0,-0.37,0.0,17.0,24.0,1.0,7.0,6.0,8.0,,,0.0,,,,,,,,,,,,,,,,False,baja,0,Interior de conducción,3.274058968596541
ESP-La Liga,2526,Real Betis,Pablo Fornals,ESP,MF,29.0,1996.0,37.0,34.0,2848.0,31.6,9.0,6.0,15.0,9.0,0.0,0.0,2.0,0.0,0.28,0.19,0.47,0.28,0.47,31.6,9.0,43.0,18.0,41.9,1.36,0.57,0.21,0.5,0.0,0.0,77.0,83.3,34,80.0,15,3,40.0,1,1.62,53.0,38.0,15.0,0.47,1.1,0.0,32.0,26.0,13.0,140.0,34.0,26.0,,,0.0,,,,,,,,,,,,,,,,True,alta,2,Interior ofensivo,2.4694077254819797
ESP-La Liga,2526,Real Betis,Rodrigo Riquelme,ESP,MF,25.0,2000.0,25.0,7.0,821.0,9.1,1.0,1.0,2.0,1.0,0.0,0.0,2.0,0.0,0.11,0.11,0.22,0.11,0.22,9.1,1.0,24.0,7.0,29.2,2.63,0.77,0.04,0.14,0.0,0.0,33.0,24.0,7,65.0,0,18,20.0,11,1.72,8.0,11.0,-3.0,-0.33,-0.81,0.0,8.0,11.0,1.0,22.0,5.0,11.0,,,0.0,,,,,,,,,,,,,,,,False,baja,0,Interior de conducción,1.818060760147557
ESP-La Liga,2526,Real Betis,Sergi Altimira,ESP,MF,23.0,2001.0,24.0,13.0,1186.0,13.2,1.0,2.0,3.0,1.0,0.0,0.0,3.0,0.0,0.08,0.15,0.23,0.08,0.23,13.2,1.0,7.0,3.0,42.9,0.53,0.23,0.14,0.33,0.0,0.0,49.0,34.7,13,74.0,5,11,21.0,11,1.5,14.0,19.0,-5.0,-0.38,-1.02,0.0,14.0,22.0,0.0,3.0,20.0,36.0,,,0.0,,,,,,,,,,,,,,,,True,alta,3,Pivote destructor,3.1715116771527945
ESP-La Liga,2526,Real Betis,Sofyan Amrabat,MAR,MF,28.0,1996.0,17.0,14.0,1295.0,14.4,0.0,0.0,0.0,0.0,0.0,0.0,4.0,0.0,0.0,0.0,0.0,0.0,0.0,14.4,0.0,8.0,1.0,12.5,0.56,0.07,0.0,0.0,0.0,0.0,76.0,37.9,14,86.0,11,3,28.0,1,1.53,24.0,18.0,6.0,0.42,0.21,0.0,22.0,19.0,0.0,6.0,11.0,13.0,,,0.0,,,,,,,,,,,,,,,,True,alta,3,Pivote destructor,1.8303653377752886
ESP-La Liga,2526,Real Betis,Álvaro Fidalgo,MEX,MF,28.0,1997.0,9.0,8.0,542.0,6.0,1.0,0.0,1.0,1.0,0.0,0.0,0.0,0.0,0.17,0.0,0.17,0.17,0.17,6.0,1.0,4.0,2.0,50.0,0.66,0.33,0.25,0.5,0.0,0.0,60.0,15.8,8,66.0,0,1,11.0,7,1.44,7.0,8.0,-1.0,-0.17,-0.54,0.0,2.0,6.0,1.0,6.0,4.0,5.0,,,0.0,,,,,,,,,,,,,,,,False,baja,1,Carrilero,3.1909124145695538
ESP-La Liga,2526,Real Madrid,Arda Güler,TUR,MF,20.0,2005.0,33.0,25.0,2014.0,22.4,4.0,9.0,13.0,4.0,0.0,0.0,1.0,0.0,0.18,0.4,0.58,0.18,0.58,22.4,4.0,49.0,19.0,38.8,2.19,0.85,0.08,0.21,0.0,0.0,61.0,58.9,25,72.0,3,8,27.0,0,2.3,43.0,21.0,22.0,0.98,-0.3,0.0,21.0,32.0,3.0,129.0,8.0,28.0,,,0.0,,,,,,,,,,,,,,,,True,alta,2,Interior ofensivo,2.653449979054521
ESP-La Liga,2526,Real Madrid,Aurélien Tchouaméni,FRA,MF,25.0,2000.0,33.0,31.0,2615.0,29.1,1.0,0.0,1.0,1.0,0.0,0.0,8.0,0.0,0.03,0.0,0.03,0.03,0.03,29.1,1.0,45.0,7.0,15.6,1.55,0.24,0.02,0.14,0.0,0.0,79.0,76.5,31,83.0,20,2,16.0,1,2.33,57.0,26.0,31.0,1.07,-0.16,0.0,31.0,27.0,0.0,8.0,45.0,41.0,,,0.0,,,,,,,,,,,,,,,,True,alta,3,Pivote destructor,2.0216298272271276
ESP-La Liga,2526,Real Madrid,Brahim Díaz,MAR,"FW,MF",25.0,1999.0,30.0,13.0,1257.0,14.0,1.0,6.0,7.0,1.0,0.0,0.0,2.0,0.0,0.07,0.43,0.5,0.07,0.5,14.0,1.0,15.0,7.0,46.7,1.07,0.5,0.07,0.14,0.0,0.0,42.0,36.8,13,70.0,0,17,20.0,5,2.33,22.0,11.0,11.0,0.79,-0.5,0.0,19.0,37.0,3.0,20.0,2.0,10.0,,,0.0,,,,,,,,,,,,,,,,True,alta,0,Interior de conducción,3.272058550729792
ESP-La Liga,2526,Real Madrid,Dani Ceballos,ESP,MF,28.0,1996.0,16.0,4.0,486.0,5.4,0.0,0.0,0.0,0.0,0.0,0.0,1.0,0.0,0.0,0.0,0.0,0.0,0.0,5.4,0.0,3.0,0.0,0.0,0.56,0.0,0.0,,0.0,0.0,30.0,14.2,4,67.0,0,12,18.0,11,2.56,14.0,6.0,8.0,1.48,0.44,0.0,6.0,15.0,0.0,3.0,7.0,10.0,,,0.0,,,,,,,,,,,,,,,,False,baja,3,Pivote destructor,2.798371722929725
ESP-La Liga,2526,Real Madrid,Eduardo Camavinga,FRA,MF,22.0,2002.0,29.0,16.0,1528.0,17.0,1.0,0.0,1.0,1.0,0.0,0.0,2.0,0.0,0.06,0.0,0.06,0.06,0.06,17.0,1.0,13.0,2.0,15.4,0.77,0.12,0.08,0.5,0.0,0.0,53.0,44.7,16,77.0,7,13,23.0,2,2.24,34.0,16.0,18.0,1.06,-0.08,0.0,34.0,31.0,2.0,2.0,15.0,37.0,,,0.0,,,,,,,,,,,,,,,,True,alta,3,Pivote destructor,2.8890457041461026
ESP-La Liga,2526,Real Madrid,Federico Valverde,URU,"MF,DF",27.0,1998.0,33.0,31.0,2740.0,30.4,5.0,8.0,13.0,5.0,0.0,0.0,3.0,1.0,0.16,0.26,0.43,0.16,0.43,30.4,5.0,51.0,22.0,43.1,1.68,0.72,0.1,0.23,0.0,0.0,83.0,80.1,31,86.0,23,2,40.0,0,2.33,66.0,28.0,38.0,1.25,0.72,0.0,18.0,14.0,1.0,30.0,25.0,25.0,,,0.0,,,,,,,,,,,,,,,,True,alta,1,Carrilero,2.5464460928564447
ESP-La Liga,2526,Real Madrid,Fran Garcia,ESP,"DF,MF",25.0,1999.0,13.0,10.0,929.0,10.3,1.0,1.0,2.0,1.0,0.0,0.0,2.0,1.0,0.1,0.1,0.19,0.1,0.19,10.3,1.0,6.0,2.0,33.3,0.58,0.19,0.17,0.5,0.0,0.0,71.0,27.2,10,83.0,6,3,34.0,24,2.08,19.0,10.0,9.0,0.87,-0.32,1.0,7.0,14.0,1.0,28.0,6.0,12.0,,,0.0,,,,,,,,,,,,,,,,True,alta,1,Carrilero,1.6432584671234833
ESP-La Liga,2526,Real Madrid,Franco Mastantuono,ARG,"MF,FW",17.0,2007.0,23.0,11.0,1037.0,11.5,1.0,0.0,1.0,1.0,0.0,0.0,5.0,1.0,0.09,0.0,0.09,0.09,0.09,11.5,1.0,30.0,7.0,23.3,2.6,0.61,0.03,0.14,0.0,0.0,45.0,30.3,11,70.0,1,12,22.0,10,2.48,29.0,9.0,20.0,1.74,0.9,0.0,18.0,30.0,1.0,31.0,3.0,12.0,,,0.0,,,,,,,,,,,,,,,,True,alta,0,Interior de conducción,2.889169163003246
ESP-La Liga,2526,Real Madrid,Jude Bellingham,ENG,MF,22.0,2003.0,28.0,22.0,1916.0,21.3,6.0,4.0,10.0,6.0,0.0,0.0,3.0,0.0,0.28,0.19,0.47,0.28,0.47,21.3,6.0,51.0,26.0,51.0,2.4,1.22,0.12,0.23,0.0,0.0,68.0,56.0,22,81.0,14,6,21.0,0,2.21,42.0,19.0,23.0,1.08,-0.06,0.0,33.0,55.0,4.0,16.0,14.0,37.0,,,0.0,,,,,,,,,,,,,,,,True,alta,0,Interior de conducción,2.702891939555555
ESP-La Liga,2526,Real Madrid,Rodrygo,BRA,"MF,FW",24.0,2001.0,19.0,6.0,684.0,7.6,1.0,3.0,4.0,1.0,0.0,0.0,3.0,0.0,0.13,0.39,0.53,0.13,0.53,7.6,1.0,27.0,11.0,40.7,3.55,1.45,0.04,0.09,0.0,0.0,36.0,20.0,6,75.0,1,13,18.0,3,2.21,11.0,5.0,6.0,0.79,-0.39,0.0,5.0,23.0,0.0,42.0,3.0,8.0,,,0.0,,,,,,,,,,,,,,,,False,baja,0,Interior de conducción,4.1053905817729355
ESP-La Liga,2526,Real Madrid,Thiago Pinar,ESP,MF,17.0,2007.0,10.0,8.0,592.0,6.6,0.0,2.0,2.0,0.0,0.0,0.0,2.0,0.0,0.0,0.3,0.3,0.0,0.3,6.6,0.0,6.0,2.0,33.3,0.91,0.3,0.0,0.0,0.0,0.0,59.0,17.3,8,69.0,1,2,20.0,11,1.9,12.0,6.0,6.0,0.91,-0.23,0.0,12.0,7.0,3.0,0.0,7.0,4.0,,,0.0,,,,,,,,,,,,,,,,False,baja,0,Interior de conducción,3.947307897324861
ESP-La Liga,2526,Real Madrid,Vinicius Júnior,BRA,"FW,MF",25.0,2000.0,36.0,32.0,2815.0,31.3,16.0,5.0,21.0,12.0,4.0,5.0,8.0,0.0,0.51,0.16,0.67,0.38,0.54,31.3,16.0,100.0,46.0,46.0,3.2,1.47,0.16,0.35,4.0,5.0,78.0,82.3,32,84.0,18,4,33.0,0,2.22,64.0,30.0,34.0,1.09,-0.1,0.0,38.0,81.0,13.0,63.0,2.0,15.0,,,0.0,,,,,,,,,,,,,,,,True,alta,2,Interior ofensivo,2.8367799143406347
ESP-La Liga,2526,Real Sociedad,Ander Barrenetxea,ESP,MF,23.0,2001.0,30.0,22.0,1763.0,19.6,3.0,5.0,8.0,3.0,0.0,0.0,5.0,0.0,0.15,0.26,0.41,0.15,0.41,19.6,3.0,35.0,11.0,31.4,1.79,0.56,0.09,0.27,0.0,0.0,59.0,51.5,22,69.0,5,8,30.0,0,1.27,29.0,27.0,2.0,0.1,0.32,0.0,37.0,30.0,5.0,72.0,17.0,18.0,,,0.0,,,,,,,,,,,,,,,,True,alta,0,Interior de conducción,1.8979109828606997
ESP-La Liga,2526,Real Sociedad,Arsen Zakharyan,RUS,MF,22.0,2003.0,17.0,3.0,458.0,5.1,0.0,0.0,0.0,0.0,0.0,0.0,2.0,0.0,0.0,0.0,0.0,0.0,0.0,5.1,0.0,14.0,3.0,21.4,2.75,0.59,0.0,0.0,0.0,0.0,27.0,13.4,3,59.0,0,14,20.0,15,1.0,11.0,13.0,-2.0,-0.39,-0.39,0.0,9.0,2.0,4.0,26.0,2.0,6.0,,,0.0,,,,,,,,,,,,,,,,False,baja,0,Interior de conducción,4.291230972151537
ESP-La Liga,2526,Real Sociedad,Beñat Turrientes,ESP,MF,23.0,2002.0,27.0,16.0,1348.0,15.0,0.0,3.0,3.0,0.0,0.0,0.0,7.0,0.0,0.0,0.2,0.2,0.0,0.2,15.0,0.0,20.0,6.0,30.0,1.34,0.4,0.0,0.0,0.0,0.0,50.0,39.4,16,70.0,4,11,21.0,10,1.33,24.0,21.0,3.0,0.2,0.42,0.0,28.0,23.0,0.0,9.0,9.0,23.0,,,0.0,,,,,,,,,,,,,,,,True,alta,3,Pivote destructor,3.1056587266782185
ESP-La Liga,2526,Real Sociedad,Brais Méndez,ESP,"MF,FW",28.0,1997.0,29.0,21.0,1660.0,18.4,6.0,2.0,8.0,5.0,1.0,2.0,4.0,1.0,0.33,0.11,0.43,0.27,0.38,18.4,6.0,36.0,16.0,44.4,1.95,0.87,0.17,0.38,1.0,2.0,57.0,48.5,21,71.0,3,8,22.0,5,1.24,26.0,27.0,-1.0,-0.05,0.0,0.0,42.0,35.0,7.0,62.0,8.0,18.0,,,0.0,,,,,,,,,,,,,,,,True,alta,0,Interior de conducción,2.2169724854306794
ESP-La Liga,2526,Real Sociedad,Carlos Soler,ESP,MF,28.0,1997.0,33.0,26.0,2317.0,25.7,4.0,3.0,7.0,4.0,0.0,0.0,3.0,1.0,0.16,0.12,0.27,0.16,0.27,25.7,4.0,35.0,19.0,54.3,1.36,0.74,0.11,0.21,0.0,0.0,70.0,67.7,26,81.0,10,7,31.0,1,1.21,37.0,39.0,-2.0,-0.08,-0.08,0.0,28.0,20.0,0.0,73.0,16.0,22.0,,,0.0,,,,,,,,,,,,,,,,True,alta,1,Carrilero,1.8219094515377179
ESP-La Liga,2526,Real Sociedad,Gonçalo Guedes,POR,MF,28.0,1996.0,32.0,22.0,1823.0,20.3,8.0,4.0,12.0,8.0,0.0,0.0,3.0,0.0,0.39,0.2,0.59,0.39,0.59,20.3,8.0,46.0,18.0,39.1,2.27,0.89,0.17,0.44,0.0,0.0,57.0,53.3,22,72.0,5,10,25.0,0,1.31,32.0,26.0,6.0,0.3,0.75,0.0,18.0,33.0,13.0,70.0,4.0,16.0,,,0.0,,,,,,,,,,,,,,,,True,alta,2,Interior ofensivo,1.7438461517935147
ESP-La Liga,2526,Real Sociedad,Jon Gorrotxategi,ESP,MF,23.0,2002.0,30.0,26.0,2210.0,24.6,1.0,3.0,4.0,1.0,0.0,0.0,7.0,0.0,0.04,0.12,0.16,0.04,0.16,24.6,1.0,13.0,1.0,7.7,0.53,0.04,0.08,1.0,0.0,0.0,74.0,64.6,26,80.0,15,4,30.0,2,1.2,36.0,39.0,-3.0,-0.12,-0.2,0.0,33.0,27.0,0.0,5.0,31.0,29.0,,,1.0,,,,,,,,,,,,,,,,True,alta,3,Pivote destructor,1.5538338495419892
ESP-La Liga,2526,Real Sociedad,Luka Sučić,CRO,"MF,FW",22.0,2002.0,22.0,10.0,1022.0,11.4,3.0,1.0,4.0,3.0,0.0,0.0,1.0,0.0,0.26,0.09,0.35,0.26,0.35,11.4,3.0,23.0,7.0,30.4,2.03,0.62,0.13,0.43,0.0,0.0,46.0,29.9,10,70.0,2,12,27.0,13,1.23,22.0,17.0,5.0,0.44,0.7,0.0,11.0,6.0,1.0,6.0,5.0,8.0,,,0.0,,,,,,,,,,,,,,,,True,alta,2,Interior ofensivo,2.424089947254129
ESP-La Liga,2526,Real Sociedad,Pablo Marín,ESP,MF,22.0,2003.0,34.0,15.0,1502.0,16.7,0.0,1.0,1.0,0.0,0.0,0.0,2.0,0.0,0.0,0.06,0.06,0.0,0.06,16.7,0.0,13.0,4.0,30.8,0.78,0.24,0.0,0.0,0.0,0.0,44.0,43.9,15,71.0,4,19,23.0,4,1.26,28.0,35.0,-7.0,-0.42,-0.65,0.0,22.0,23.0,5.0,17.0,9.0,18.0,,,0.0,,,,,,,,,,,,,,,,True,alta,1,Carrilero,2.647642312799929
ESP-La Liga,2526,Real Sociedad,Takefusa Kubo,JPN,MF,24.0,2001.0,24.0,17.0,1503.0,16.7,2.0,4.0,6.0,2.0,0.0,0.0,2.0,0.0,0.12,0.24,0.36,0.12,0.36,16.7,2.0,28.0,12.0,42.9,1.68,0.72,0.07,0.17,0.0,0.0,63.0,43.9,17,76.0,4,7,31.0,3,1.0,17.0,22.0,-5.0,-0.3,-0.44,0.0,9.0,51.0,11.0,39.0,10.0,18.0,,,0.0,,,,,,,,,,,,,,,,True,alta,2,Interior ofensivo,2.9887621373804656
ESP-La Liga,2526,Real Sociedad,Yangel Herrera,VEN,MF,27.0,1998.0,12.0,6.0,526.0,5.8,0.0,0.0,0.0,0.0,0.0,0.0,2.0,0.0,0.0,0.0,0.0,0.0,0.0,5.8,0.0,5.0,1.0,20.0,0.86,0.17,0.0,0.0,0.0,0.0,44.0,15.4,6,69.0,2,6,19.0,4,1.42,11.0,16.0,-5.0,-0.86,-0.95,0.0,13.0,18.0,2.0,0.0,1.0,6.0,,,0.0,,,,,,,,,,,,,,,,False,baja,0,Interior de conducción,4.327530139065003
ESP-La Liga,2526,Sevilla,Alexis Sánchez,CHI,"FW,MF",36.0,1988.0,28.0,11.0,1308.0,14.5,4.0,2.0,6.0,3.0,1.0,1.0,3.0,0.0,0.28,0.14,0.41,0.21,0.34,14.5,4.0,25.0,9.0,36.0,1.72,0.62,0.16,0.44,1.0,1.0,47.0,38.2,11,74.0,3,17,29.0,3,1.14,20.0,32.0,-12.0,-0.83,-0.74,0.0,16.0,26.0,13.0,25.0,7.0,13.0,,,0.0,,,,,,,,,,,,,,,,True,alta,2,Interior ofensivo,1.9929767122990851
ESP-La Liga,2526,Sevilla,Batista Mendy,FRA,MF,25.0,2000.0,27.0,19.0,1617.0,18.0,1.0,0.0,1.0,1.0,0.0,0.0,6.0,0.0,0.06,0.0,0.06,0.06,0.06,18.0,1.0,17.0,5.0,29.4,0.95,0.28,0.06,0.2,0.0,0.0,60.0,47.3,19,78.0,10,8,17.0,5,1.15,16.0,26.0,-10.0,-0.56,-0.36,0.0,37.0,27.0,0.0,5.0,18.0,23.0,,,0.0,,,,,,,,,,,,,,,,True,alta,3,Pivote destructor,1.9837711275889947
ESP-La Liga,2526,Sevilla,Carmona,ESP,"DF,MF",23.0,2002.0,35.0,29.0,2565.0,28.5,1.0,3.0,4.0,1.0,0.0,0.0,13.0,0.0,0.04,0.11,0.14,0.04,0.14,28.5,1.0,20.0,3.0,15.0,0.7,0.11,0.05,0.33,0.0,0.0,73.0,75.0,29,82.0,21,6,33.0,1,1.11,32.0,47.0,-15.0,-0.53,-0.63,0.0,49.0,44.0,3.0,48.0,45.0,40.0,,,0.0,,,,,,,,,,,,,,,,True,alta,3,Pivote destructor,2.3816185119478672
ESP-La Liga,2526,Sevilla,Chidera Ejuke,NGA,"MF,FW",27.0,1998.0,27.0,6.0,932.0,10.4,1.0,1.0,2.0,1.0,0.0,0.0,0.0,0.0,0.1,0.1,0.19,0.1,0.19,10.4,1.0,23.0,3.0,13.0,2.22,0.29,0.04,0.33,0.0,0.0,35.0,27.3,6,66.0,1,21,26.0,7,1.07,17.0,15.0,2.0,0.19,0.77,0.0,5.0,16.0,2.0,27.0,7.0,13.0,,,0.0,,,,,,,,,,,,,,,,True,alta,2,Interior ofensivo,2.7325834156145543
ESP-La Liga,2526,Sevilla,Djibril Sow,SUI,MF,28.0,1997.0,33.0,27.0,2187.0,24.3,5.0,4.0,9.0,5.0,0.0,0.0,6.0,0.0,0.21,0.16,0.37,0.21,0.37,24.3,5.0,19.0,8.0,42.1,0.78,0.33,0.26,0.63,0.0,0.0,66.0,63.9,27,76.0,10,6,22.0,2,1.0,27.0,43.0,-16.0,-0.66,-0.8,0.0,42.0,29.0,3.0,22.0,23.0,27.0,,,0.0,,,,,,,,,,,,,,,,True,alta,0,Interior de conducción,1.943634035378939
ESP-La Liga,2526,Sevilla,Gabriel Suazo,CHI,"DF,MF",27.0,1997.0,29.0,25.0,2096.0,23.3,0.0,2.0,2.0,0.0,0.0,0.0,7.0,0.0,0.0,0.09,0.09,0.0,0.09,23.3,0.0,5.0,2.0,40.0,0.21,0.09,0.0,0.0,0.0,0.0,72.0,61.3,25,81.0,19,4,18.0,1,1.31,28.0,37.0,-9.0,-0.39,-0.05,0.0,33.0,15.0,2.0,95.0,29.0,62.0,,,0.0,,,,,,,,,,,,,,,,True,alta,3,Pivote destructor,3.375268524546704
ESP-La Liga,2526,Sevilla,Isaac Romero,ESP,"FW,MF",25.0,2000.0,29.0,18.0,1484.0,16.5,4.0,0.0,4.0,4.0,0.0,1.0,6.0,1.0,0.24,0.0,0.24,0.24,0.24,16.5,4.0,41.0,14.0,34.1,2.49,0.85,0.1,0.29,0.0,1.0,51.0,43.4,18,69.0,1,11,22.0,4,1.0,16.0,21.0,-5.0,-0.3,0.12,0.0,29.0,24.0,5.0,10.0,5.0,10.0,,,0.0,,,,,,,,,,,,,,,,True,alta,0,Interior de conducción,3.1158534349413265
ESP-La Liga,2526,Sevilla,Joaquín Martínez Gauna,ESP,"MF,DF",22.0,2003.0,21.0,14.0,1408.0,15.6,2.0,3.0,5.0,2.0,0.0,0.0,1.0,0.0,0.13,0.19,0.32,0.13,0.32,15.6,2.0,17.0,8.0,47.1,1.09,0.51,0.12,0.25,0.0,0.0,67.0,41.2,14,86.0,9,7,29.0,11,1.05,22.0,24.0,-2.0,-0.13,0.41,0.0,12.0,16.0,4.0,88.0,8.0,20.0,,,0.0,,,,,,,,,,,,,,,,True,alta,1,Carrilero,2.3446363227045377
ESP-La Liga,2526,Sevilla,Juanlu Sánchez,ESP,"MF,DF",21.0,2003.0,32.0,23.0,1990.0,22.1,0.0,3.0,3.0,0.0,0.0,0.0,6.0,1.0,0.0,0.14,0.14,0.0,0.14,22.1,0.0,14.0,1.0,7.1,0.63,0.05,0.0,0.0,0.0,0.0,62.0,58.2,23,75.0,9,9,29.0,3,0.94,24.0,36.0,-12.0,-0.54,-0.42,1.0,23.0,42.0,4.0,59.0,11.0,42.0,,,0.0,,,,,,,,,,,,,,,,True,alta,0,Interior de conducción,3.0215501690801787
ESP-La Liga,2526,Sevilla,Lucien Agoume,FRA,MF,23.0,2002.0,34.0,31.0,2686.0,29.8,1.0,3.0,4.0,1.0,0.0,0.0,12.0,0.0,0.03,0.1,0.13,0.03,0.13,29.8,1.0,15.0,2.0,13.3,0.5,0.07,0.07,0.5,0.0,0.0,79.0,78.5,31,84.0,20,3,26.0,1,1.18,39.0,48.0,-9.0,-0.3,0.31,0.0,58.0,16.0,8.0,18.0,49.0,40.0,,,0.0,,,,,,,,,,,,,,,,True,alta,3,Pivote destructor,2.8611836473448347
ESP-La Liga,2526,Sevilla,Nemanja Gudelj,SRB,"DF,MF",33.0,1991.0,34.0,26.0,2348.0,26.1,2.0,0.0,2.0,2.0,0.0,0.0,9.0,0.0,0.08,0.0,0.08,0.08,0.08,26.1,2.0,31.0,9.0,29.0,1.19,0.34,0.06,0.22,0.0,0.0,69.0,68.7,26,85.0,19,8,19.0,3,1.18,33.0,41.0,-8.0,-0.31,0.2,0.0,40.0,11.0,0.0,7.0,23.0,23.0,,,0.0,,,,,,,,,,,,,,,,True,alta,3,Pivote destructor,2.3380004297071992
ESP-La Liga,2526,Sevilla,Peque,ESP,"MF,FW",22.0,2002.0,26.0,12.0,982.0,10.9,2.0,1.0,3.0,2.0,0.0,0.0,7.0,0.0,0.18,0.09,0.27,0.18,0.27,10.9,2.0,15.0,6.0,40.0,1.37,0.55,0.13,0.33,0.0,0.0,38.0,28.7,12,66.0,1,14,14.0,8,1.23,8.0,15.0,-7.0,-0.64,-0.38,0.0,15.0,47.0,1.0,28.0,1.0,8.0,,,0.0,,,,,,,,,,,,,,,,True,alta,0,Interior de conducción,3.845334603453397
ESP-La Liga,2526,Sevilla,Ruben Vargas,SUI,"MF,FW",26.0,1998.0,24.0,20.0,1594.0,17.7,3.0,6.0,9.0,2.0,1.0,1.0,2.0,0.0,0.17,0.34,0.51,0.11,0.45,17.7,3.0,41.0,8.0,19.5,2.31,0.45,0.07,0.38,1.0,1.0,66.0,46.6,20,74.0,2,4,28.0,0,1.17,18.0,27.0,-9.0,-0.51,-0.26,0.0,13.0,17.0,7.0,90.0,7.0,15.0,,,0.0,,,,,,,,,,,,,,,,True,alta,2,Interior ofensivo,2.0898730775446737
ESP-La Liga,2526,Valencia,André Almeida,POR,MF,25.0,2000.0,22.0,11.0,1017.0,11.3,0.0,2.0,2.0,0.0,0.0,0.0,0.0,0.0,0.0,0.18,0.18,0.0,0.18,11.3,0.0,9.0,3.0,33.3,0.8,0.27,0.0,0.0,0.0,0.0,46.0,29.7,11,75.0,3,11,17.0,15,1.23,14.0,14.0,0.0,0.0,0.34,0.0,12.0,22.0,0.0,65.0,8.0,11.0,,,0.0,,,,,,,,,,,,,,,,True,alta,1,Carrilero,3.031205727487439
ESP-La Liga,2526,Valencia,Arnaut Danjuma,NED,"MF,FW",28.0,1997.0,30.0,18.0,1628.0,18.1,3.0,2.0,5.0,3.0,0.0,1.0,0.0,0.0,0.17,0.11,0.28,0.17,0.28,18.1,3.0,36.0,14.0,38.9,1.99,0.77,0.08,0.21,0.0,1.0,54.0,47.6,18,75.0,7,12,23.0,6,1.0,19.0,28.0,-9.0,-0.5,-0.5,0.0,21.0,22.0,5.0,49.0,2.0,10.0,,,0.0,,,,,,,,,,,,,,,,True,alta,2,Interior ofensivo,1.904098718277153
ESP-La Liga,2526,Valencia,Baptiste Santamaria,FRA,MF,30.0,1995.0,19.0,7.0,754.0,8.4,1.0,1.0,2.0,1.0,0.0,0.0,2.0,0.0,0.12,0.12,0.24,0.12,0.24,8.4,1.0,6.0,2.0,33.3,0.72,0.24,0.17,0.5,0.0,0.0,40.0,22.0,7,84.0,6,12,14.0,18,1.21,11.0,17.0,-6.0,-0.72,-0.61,0.0,13.0,10.0,1.0,3.0,8.0,5.0,,,0.0,,,,,,,,,,,,,,,,False,baja,3,Pivote destructor,2.4970293356485485
ESP-La Liga,2526,Valencia,Diego López,ESP,"MF,FW",23.0,2002.0,34.0,20.0,1762.0,19.6,4.0,1.0,5.0,4.0,0.0,0.0,2.0,0.0,0.2,0.05,0.26,0.2,0.26,19.6,4.0,28.0,8.0,28.6,1.43,0.41,0.14,0.5,0.0,0.0,52.0,51.5,20,74.0,6,14,20.0,2,1.35,15.0,30.0,-15.0,-0.77,-1.09,0.0,20.0,33.0,3.0,41.0,14.0,16.0,,,0.0,,,,,,,,,,,,,,,,True,alta,0,Interior de conducción,1.9612351575542335
ESP-La Liga,2526,Valencia,Filip Ugrinic,SUI,MF,26.0,1999.0,27.0,17.0,1504.0,16.7,0.0,3.0,3.0,0.0,0.0,0.0,3.0,0.0,0.0,0.18,0.18,0.0,0.18,16.7,0.0,20.0,3.0,15.0,1.2,0.18,0.0,0.0,0.0,0.0,56.0,44.0,17,74.0,3,10,24.0,4,1.3,18.0,24.0,-6.0,-0.36,-0.22,0.0,17.0,13.0,6.0,56.0,11.0,16.0,,,0.0,,,,,,,,,,,,,,,,True,alta,1,Carrilero,2.17018048331273
ESP-La Liga,2526,Valencia,Guido Rodríguez,ARG,MF,31.0,1994.0,16.0,14.0,1309.0,14.5,4.0,0.0,4.0,4.0,0.0,0.0,4.0,0.0,0.28,0.0,0.28,0.28,0.28,14.5,4.0,15.0,5.0,33.3,1.03,0.34,0.27,0.8,0.0,0.0,82.0,38.3,14,90.0,13,2,26.0,0,1.63,23.0,19.0,4.0,0.28,0.83,0.0,21.0,28.0,0.0,3.0,10.0,27.0,,,0.0,,,,,,,,,,,,,,,,True,alta,3,Pivote destructor,3.0942650172386927
ESP-La Liga,2526,Valencia,Javier Guerra,ESP,"MF,FW",22.0,2003.0,36.0,25.0,2061.0,22.9,4.0,6.0,10.0,4.0,0.0,0.0,3.0,0.0,0.17,0.26,0.44,0.17,0.44,22.9,4.0,31.0,12.0,38.7,1.35,0.52,0.13,0.33,0.0,0.0,57.0,60.3,25,75.0,6,11,18.0,2,1.36,30.0,31.0,-1.0,-0.04,0.49,0.0,27.0,20.0,2.0,46.0,23.0,15.0,,,0.0,,,,,,,,,,,,,,,,True,alta,1,Carrilero,2.258237665649098
ESP-La Liga,2526,Valencia,Jesus Vazquez,ESP,"DF,MF",22.0,2003.0,24.0,7.0,974.0,10.8,0.0,0.0,0.0,0.0,0.0,0.0,2.0,0.0,0.0,0.0,0.0,0.0,0.0,10.8,0.0,8.0,2.0,25.0,0.74,0.18,0.0,0.0,0.0,0.0,41.0,28.5,7,87.0,5,17,21.0,14,1.38,21.0,18.0,3.0,0.28,0.72,0.0,16.0,8.0,2.0,26.0,4.0,10.0,,,0.0,,,,,,,,,,,,,,,,True,alta,1,Carrilero,2.82276088849126
ESP-La Liga,2526,Valencia,José Luis García Vayá,ESP,"MF,DF",26.0,1998.0,31.0,26.0,2225.0,24.7,2.0,0.0,2.0,1.0,1.0,3.0,4.0,0.0,0.08,0.0,0.08,0.04,0.04,24.7,2.0,24.0,3.0,12.5,0.97,0.12,0.08,0.67,1.0,3.0,72.0,65.1,26,82.0,12,5,20.0,7,1.29,24.0,34.0,-10.0,-0.4,-0.48,0.0,30.0,14.0,1.0,46.0,19.0,33.0,,,0.0,,,,,,,,,,,,,,,,True,alta,3,Pivote destructor,1.7621316655674482
ESP-La Liga,2526,Valencia,Largie Ramazani,BEL,"MF,FW",24.0,2001.0,27.0,11.0,1234.0,13.7,6.0,1.0,7.0,3.0,3.0,3.0,4.0,0.0,0.44,0.07,0.51,0.22,0.29,13.7,6.0,51.0,19.0,37.3,3.72,1.39,0.12,0.32,3.0,3.0,46.0,36.1,11,84.0,4,16,19.0,3,1.41,25.0,20.0,5.0,0.36,0.94,0.0,17.0,20.0,2.0,27.0,14.0,12.0,,,0.0,,,,,,,,,,,,,,,,True,alta,0,Interior de conducción,2.2640364582802244
ESP-La Liga,2526,Valencia,Luis Rioja,ESP,MF,31.0,1993.0,37.0,31.0,2624.0,29.2,3.0,6.0,9.0,3.0,0.0,0.0,1.0,0.0,0.1,0.21,0.31,0.1,0.31,29.2,3.0,44.0,5.0,11.4,1.51,0.17,0.07,0.6,0.0,0.0,71.0,76.7,31,79.0,13,6,29.0,0,1.32,35.0,38.0,-3.0,-0.1,0.58,0.0,13.0,29.0,9.0,152.0,17.0,25.0,,,0.0,,,,,,,,,,,,,,,,True,alta,2,Interior ofensivo,2.460794251100222
ESP-La Liga,2526,Valencia,Thierry Correia,POR,"DF,MF",26.0,1999.0,24.0,17.0,1392.0,15.5,0.0,2.0,2.0,0.0,0.0,0.0,5.0,0.0,0.0,0.13,0.13,0.0,0.13,15.5,0.0,5.0,1.0,20.0,0.32,0.06,0.0,0.0,0.0,0.0,58.0,40.7,17,73.0,8,7,20.0,3,0.96,13.0,24.0,-11.0,-0.71,-0.8,0.0,28.0,25.0,4.0,42.0,18.0,22.0,,,0.0,,,,,,,,,,,,,,,,True,alta,3,Pivote destructor,2.95682369619416
ESP-La Liga,2526,Villarreal,Alberto Moleiro,ESP,MF,21.0,2003.0,37.0,30.0,2478.0,27.5,10.0,5.0,15.0,10.0,0.0,0.0,4.0,0.0,0.36,0.18,0.54,0.36,0.54,27.5,10.0,46.0,20.0,43.5,1.67,0.73,0.22,0.5,0.0,0.0,67.0,72.5,30,77.0,9,7,23.0,1,1.95,54.0,31.0,23.0,0.84,0.55,0.0,33.0,27.0,3.0,31.0,14.0,21.0,,,0.0,,,,,,,,,,,,,,,,True,alta,2,Interior ofensivo,1.7997923145524868
ESP-La Liga,2526,Villarreal,Daniel Parejo,ESP,MF,36.0,1989.0,32.0,16.0,1392.0,15.5,1.0,0.0,1.0,0.0,1.0,1.0,3.0,0.0,0.06,0.0,0.06,0.0,0.0,15.5,1.0,3.0,1.0,33.3,0.19,0.06,0.33,1.0,1.0,1.0,44.0,40.7,16,73.0,2,16,14.0,5,1.84,27.0,24.0,3.0,0.19,-0.83,0.0,16.0,27.0,0.0,39.0,14.0,29.0,,,0.0,,,,,,,,,,,,,,,,True,alta,3,Pivote destructor,2.6876995064207168
ESP-La Liga,2526,Villarreal,Nicolas Pépé,CIV,"MF,FW",30.0,1995.0,36.0,26.0,2393.0,26.6,8.0,8.0,16.0,7.0,1.0,1.0,4.0,0.0,0.3,0.3,0.6,0.26,0.56,26.6,8.0,63.0,25.0,39.7,2.37,0.94,0.13,0.32,1.0,1.0,66.0,70.0,26,82.0,13,10,26.0,2,1.92,56.0,35.0,21.0,0.79,0.35,0.0,23.0,43.0,14.0,71.0,15.0,21.0,,,0.0,,,,,,,,,,,,,,,,True,alta,2,Interior ofensivo,1.6274995771632528
ESP-La Liga,2526,Villarreal,Pape Gueye,SEN,MF,26.0,1999.0,30.0,26.0,2131.0,23.7,5.0,2.0,7.0,4.0,1.0,1.0,8.0,0.0,0.21,0.08,0.3,0.17,0.25,23.7,5.0,47.0,13.0,27.7,1.98,0.55,0.11,0.38,1.0,1.0,71.0,62.3,26,79.0,10,4,23.0,3,1.87,47.0,28.0,19.0,0.8,0.31,0.0,35.0,54.0,2.0,14.0,35.0,22.0,,,0.0,,,,,,,,,,,,,,,,True,alta,0,Interior de conducción,2.537290748605464
ESP-La Liga,2526,Villarreal,Santi Comesaña,ESP,MF,28.0,1996.0,34.0,28.0,2407.0,26.7,3.0,6.0,9.0,3.0,0.0,0.0,5.0,1.0,0.11,0.22,0.34,0.11,0.34,26.7,3.0,27.0,7.0,25.9,1.01,0.26,0.11,0.43,0.0,0.0,71.0,70.4,28,81.0,14,6,25.0,1,1.91,55.0,29.0,26.0,0.97,0.97,0.0,43.0,28.0,1.0,12.0,31.0,25.0,,,0.0,,,,,,,,,,,,,,,,True,alta,3,Pivote destructor,2.3810982262336586
ESP-La Liga,2526,Villarreal,Tajon Buchanan,CAN,MF,26.0,1999.0,34.0,21.0,1819.0,20.2,7.0,1.0,8.0,7.0,0.0,0.0,8.0,0.0,0.35,0.05,0.4,0.35,0.4,20.2,7.0,27.0,11.0,40.7,1.34,0.54,0.26,0.64,0.0,0.0,54.0,53.2,21,72.0,5,13,24.0,2,1.76,35.0,18.0,17.0,0.84,0.34,0.0,18.0,36.0,8.0,33.0,22.0,19.0,,,0.0,,,,,,,,,,,,,,,,True,alta,0,Interior de conducción,2.716377560310703
ESP-La Liga,2526,Villarreal,Thomas Partey,GHA,MF,32.0,1993.0,25.0,8.0,934.0,10.4,0.0,0.0,0.0,0.0,0.0,0.0,1.0,0.0,0.0,0.0,0.0,0.0,0.0,10.4,0.0,11.0,2.0,18.2,1.06,0.19,0.0,0.0,0.0,0.0,37.0,27.3,8,77.0,4,17,19.0,4,2.08,15.0,13.0,2.0,0.19,-0.68,0.0,11.0,6.0,0.0,3.0,13.0,6.0,,,0.0,,,,,,,,,,,,,,,,True,alta,3,Pivote destructor,2.866750566906111
FRA-Ligue 1,2526,Angers,Amine Sbai,MAR,"MF,FW",24.0,2000.0,25.0,23.0,1818.0,20.2,3.0,1.0,4.0,3.0,0.0,1.0,3.0,1.0,0.15,0.05,0.2,0.15,0.2,20.2,3.0,34.0,16.0,47.1,1.68,0.79,0.09,0.19,0.0,1.0,73.0,59.4,23,77.0,5,2,28.0,1,1.2,17.0,26.0,-9.0,-0.45,0.28,1.0,15.0,24.0,5.0,59.0,4.0,10.0,,,0.0,,,,,,,,,,,,,,,,True,alta,2,Interior ofensivo,1.7929134357704952
FRA-Ligue 1,2526,Angers,Branco van den Boomen,NED,MF,30.0,1995.0,15.0,14.0,1238.0,13.8,0.0,1.0,1.0,0.0,0.0,1.0,3.0,0.0,0.0,0.07,0.07,0.0,0.07,13.8,0.0,13.0,5.0,38.5,0.95,0.36,0.0,0.0,0.0,1.0,83.0,40.5,14,86.0,9,1,30.0,0,0.93,9.0,21.0,-12.0,-0.87,-0.53,0.0,19.0,9.0,0.0,69.0,7.0,15.0,,,0.0,,,,,,,,,,,,,,,,True,alta,1,Carrilero,2.4104549156312953
FRA-Ligue 1,2526,Angers,Florent Hanin,ALG,"DF,MF",35.0,1990.0,25.0,9.0,865.0,9.6,0.0,0.0,0.0,0.0,0.0,0.0,0.0,0.0,0.0,0.0,0.0,0.0,0.0,9.6,0.0,3.0,0.0,0.0,0.31,0.0,0.0,,0.0,0.0,35.0,28.3,9,72.0,1,16,14.0,9,0.96,9.0,14.0,-5.0,-0.52,0.05,0.0,8.0,8.0,0.0,26.0,13.0,8.0,,,0.0,,,,,,,,,,,,,,,,False,baja,1,Carrilero,3.09411459247204
FRA-Ligue 1,2526,Angers,Haris Belkebla,ALG,MF,31.0,1994.0,33.0,33.0,2875.0,31.9,0.0,0.0,0.0,0.0,0.0,0.0,7.0,0.0,0.0,0.0,0.0,0.0,0.0,31.9,0.0,5.0,0.0,0.0,0.16,0.0,0.0,,0.0,0.0,87.0,94.0,33,87.0,28,0,,0,1.0,28.0,47.0,-19.0,-0.59,-0.59,0.0,24.0,54.0,0.0,5.0,30.0,44.0,,,0.0,,,,,,,,,,,,,,,,True,alta,3,Pivote destructor,2.6404588795696964
FRA-Ligue 1,2526,Angers,Himad Abdelli,ALG,MF,25.0,1999.0,13.0,11.0,943.0,10.5,2.0,0.0,2.0,0.0,2.0,2.0,1.0,0.0,0.19,0.0,0.19,0.0,0.0,10.5,2.0,11.0,5.0,45.5,1.05,0.48,0.18,0.4,2.0,2.0,73.0,30.8,11,81.0,4,2,25.0,0,1.38,12.0,13.0,-1.0,-0.1,0.67,0.0,16.0,12.0,1.0,9.0,13.0,17.0,,,0.0,,,,,,,,,,,,,,,,True,alta,3,Pivote destructor,1.9985075583092677
FRA-Ligue 1,2526,Angers,Jacques Ekomie,GAB,"DF,MF",21.0,2003.0,32.0,25.0,2239.0,24.9,0.0,0.0,0.0,0.0,0.0,0.0,3.0,0.0,0.0,0.0,0.0,0.0,0.0,24.9,0.0,12.0,3.0,25.0,0.48,0.12,0.0,0.0,0.0,0.0,70.0,73.2,25,84.0,17,7,20.0,0,1.13,21.0,35.0,-14.0,-0.56,-0.01,0.0,30.0,31.0,6.0,65.0,31.0,32.0,,,0.0,,,,,,,,,,,,,,,,True,alta,3,Pivote destructor,2.5978219457502036
FRA-Ligue 1,2526,Angers,Lilian Raolisoa,FRA,"MF,DF",25.0,2000.0,32.0,21.0,1966.0,21.8,2.0,4.0,6.0,2.0,0.0,0.0,3.0,0.0,0.09,0.18,0.27,0.09,0.27,21.8,2.0,16.0,5.0,31.3,0.73,0.23,0.13,0.4,0.0,0.0,61.0,64.2,21,81.0,8,11,24.0,0,1.13,18.0,31.0,-13.0,-0.6,-0.1,0.0,27.0,17.0,1.0,99.0,14.0,31.0,,,0.0,,,,,,,,,,,,,,,,True,alta,1,Carrilero,1.8104873585865262
FRA-Ligue 1,2526,Angers,Louis Mouton,FRA,MF,23.0,2002.0,32.0,24.0,1891.0,21.0,2.0,1.0,3.0,2.0,0.0,0.0,2.0,1.0,0.1,0.05,0.14,0.1,0.14,21.0,2.0,36.0,8.0,22.2,1.71,0.38,0.06,0.25,0.0,0.0,59.0,61.8,24,73.0,2,8,17.0,0,1.09,15.0,28.0,-13.0,-0.62,-0.16,0.0,20.0,16.0,4.0,31.0,12.0,26.0,,,0.0,,,,,,,,,,,,,,,,True,alta,1,Carrilero,2.0272779969039716
FRA-Ligue 1,2526,Angers,Pierrick Capelle,FRA,MF,38.0,1987.0,16.0,6.0,651.0,7.2,0.0,1.0,1.0,0.0,0.0,0.0,2.0,0.0,0.0,0.14,0.14,0.0,0.14,7.2,0.0,10.0,1.0,10.0,1.38,0.14,0.0,0.0,0.0,0.0,41.0,21.3,6,72.0,0,10,22.0,17,0.81,6.0,10.0,-4.0,-0.55,0.01,0.0,15.0,11.0,0.0,12.0,7.0,13.0,,,0.0,,,,,,,,,,,,,,,,False,baja,3,Pivote destructor,2.5584465049716667
FRA-Ligue 1,2526,Angers,Sidiki Cherif,FRA,"FW,MF",18.0,2006.0,19.0,14.0,1157.0,12.9,4.0,0.0,4.0,4.0,0.0,0.0,3.0,0.0,0.31,0.0,0.31,0.31,0.31,12.9,4.0,28.0,12.0,42.9,2.18,0.93,0.14,0.33,0.0,0.0,61.0,37.8,14,70.0,2,5,36.0,0,1.21,13.0,16.0,-3.0,-0.23,0.52,0.0,15.0,16.0,11.0,6.0,6.0,3.0,,,0.0,,,,,,,,,,,,,,,,True,alta,2,Interior ofensivo,3.420798683364045
FRA-Ligue 1,2526,Angers,Yassin Belkhdim,FRA,MF,23.0,2002.0,27.0,26.0,2135.0,23.7,2.0,2.0,4.0,2.0,0.0,0.0,5.0,0.0,0.08,0.08,0.17,0.08,0.17,23.7,2.0,33.0,14.0,42.4,1.39,0.59,0.06,0.14,0.0,0.0,79.0,69.8,26,81.0,11,1,30.0,0,1.22,17.0,32.0,-15.0,-0.63,-0.24,0.0,29.0,29.0,2.0,42.0,32.0,43.0,,,0.0,,,,,,,,,,,,,,,,True,alta,3,Pivote destructor,1.939808324256428
FRA-Ligue 1,2526,Auxerre,Danny Loader,CMR,"MF,FW",24.0,2000.0,30.0,29.0,2517.0,28.0,3.0,3.0,6.0,3.0,0.0,0.0,9.0,0.0,0.11,0.11,0.21,0.11,0.21,28.0,3.0,62.0,17.0,27.4,2.22,0.61,0.05,0.18,0.0,0.0,84.0,82.3,29,86.0,17,1,29.0,0,0.93,27.0,36.0,-9.0,-0.32,-0.16,0.0,64.0,47.0,4.0,32.0,9.0,25.0,,,0.0,,,,,,,,,,,,,,,,True,alta,0,Interior de conducción,2.0199926609087786
FRA-Ligue 1,2526,Auxerre,Elisha Owusu,GHA,MF,27.0,1997.0,29.0,27.0,2344.0,26.0,0.0,0.0,0.0,0.0,0.0,0.0,7.0,0.0,0.0,0.0,0.0,0.0,0.0,26.0,0.0,7.0,0.0,0.0,0.27,0.0,0.0,,0.0,0.0,81.0,76.6,27,86.0,19,2,15.0,0,1.0,26.0,31.0,-5.0,-0.19,0.44,0.0,48.0,22.0,0.0,1.0,21.0,51.0,,,0.0,,,,,,,,,,,,,,,,True,alta,3,Pivote destructor,2.4789193260449083
FRA-Ligue 1,2526,Auxerre,Fredrik Oppegard,NOR,"MF,DF",22.0,2002.0,23.0,15.0,1246.0,13.8,0.0,0.0,0.0,0.0,0.0,0.0,1.0,1.0,0.0,0.0,0.0,0.0,0.0,13.8,0.0,10.0,2.0,20.0,0.72,0.14,0.0,0.0,0.0,0.0,54.0,40.7,15,74.0,7,8,16.0,7,0.78,12.0,19.0,-7.0,-0.51,-0.36,0.0,8.0,8.0,2.0,48.0,14.0,20.0,,,0.0,,,,,,,,,,,,,,,,True,alta,1,Carrilero,2.464906318364786
FRA-Ligue 1,2526,Auxerre,Ibrahim Osman,GHA,"MF,FW",20.0,2004.0,14.0,7.0,625.0,6.9,0.0,2.0,2.0,0.0,0.0,0.0,0.0,0.0,0.0,0.29,0.29,0.0,0.29,6.9,0.0,18.0,6.0,33.3,2.59,0.86,0.0,0.0,0.0,0.0,45.0,20.4,7,72.0,2,7,17.0,2,0.43,3.0,11.0,-8.0,-1.15,-1.08,0.0,7.0,14.0,3.0,10.0,6.0,7.0,,,0.0,,,,,,,,,,,,,,,,False,baja,2,Interior ofensivo,3.578786127924522
FRA-Ligue 1,2526,Auxerre,Josué Casimir,HAI,"MF,FW",23.0,2001.0,31.0,16.0,1522.0,16.9,1.0,0.0,1.0,1.0,0.0,1.0,6.0,1.0,0.06,0.0,0.06,0.06,0.06,16.9,1.0,22.0,12.0,54.5,1.3,0.71,0.05,0.08,0.0,1.0,49.0,49.7,16,76.0,4,15,21.0,1,0.97,13.0,25.0,-12.0,-0.71,-0.83,1.0,34.0,32.0,3.0,54.0,11.0,17.0,,,0.0,,,,,,,,,,,,,,,,True,alta,0,Interior de conducción,2.3293094535780465
FRA-Ligue 1,2526,Auxerre,Kévin Danois,FRA,MF,21.0,2004.0,33.0,32.0,2830.0,31.4,3.0,1.0,4.0,3.0,0.0,0.0,3.0,0.0,0.1,0.03,0.13,0.1,0.13,31.4,3.0,25.0,8.0,32.0,0.8,0.25,0.12,0.38,0.0,0.0,86.0,92.5,32,88.0,22,1,22.0,1,1.03,33.0,39.0,-6.0,-0.19,1.37,0.0,33.0,26.0,3.0,130.0,38.0,48.0,,,0.0,,,,,,,,,,,,,,,,True,alta,1,Carrilero,2.0547318825699525
FRA-Ligue 1,2526,Auxerre,Lassine Sinayoko,MLI,"FW,MF",25.0,1999.0,32.0,32.0,2770.0,30.8,12.0,4.0,16.0,9.0,3.0,4.0,8.0,0.0,0.39,0.13,0.52,0.29,0.42,30.8,12.0,93.0,39.0,41.9,3.02,1.27,0.13,0.31,3.0,4.0,87.0,90.5,32,87.0,21,0,,0,1.06,33.0,37.0,-4.0,-0.13,1.73,0.0,30.0,53.0,13.0,32.0,26.0,26.0,,,0.0,,,,,,,,,,,,,,,,True,alta,2,Interior ofensivo,2.4249443855112465
FRA-Ligue 1,2526,Auxerre,Marvin Senaya,GHA,"DF,MF",24.0,2001.0,25.0,20.0,1780.0,19.8,1.0,0.0,1.0,1.0,0.0,0.0,5.0,0.0,0.05,0.0,0.05,0.05,0.05,19.8,1.0,15.0,5.0,33.3,0.76,0.25,0.07,0.2,0.0,0.0,71.0,58.2,20,84.0,12,5,21.0,5,0.8,14.0,28.0,-14.0,-0.71,-0.99,0.0,26.0,32.0,1.0,42.0,34.0,31.0,,,0.0,,,,,,,,,,,,,,,,True,alta,3,Pivote destructor,1.9694699803497473
FRA-Ligue 1,2526,Auxerre,Naouirou Ahamada,FRA,MF,23.0,2002.0,15.0,8.0,682.0,7.6,0.0,1.0,1.0,0.0,0.0,0.0,0.0,0.0,0.0,0.13,0.13,0.0,0.13,7.6,0.0,6.0,1.0,16.7,0.79,0.13,0.0,0.0,0.0,0.0,45.0,22.3,8,73.0,2,7,14.0,2,1.33,10.0,7.0,3.0,0.4,0.89,0.0,5.0,9.0,1.0,6.0,5.0,10.0,,,0.0,,,,,,,,,,,,,,,,False,baja,1,Carrilero,2.50055825405447
FRA-Ligue 1,2526,Auxerre,Oussama El Azzouzi,MAR,"MF,DF",24.0,2001.0,11.0,10.0,807.0,9.0,1.0,0.0,1.0,1.0,0.0,0.0,1.0,1.0,0.11,0.0,0.11,0.11,0.11,9.0,1.0,5.0,1.0,20.0,0.56,0.11,0.2,1.0,0.0,0.0,73.0,26.4,10,79.0,2,1,19.0,0,0.64,9.0,11.0,-2.0,-0.22,0.1,0.0,18.0,8.0,0.0,0.0,16.0,15.0,,,0.0,,,,,,,,,,,,,,,,False,baja,3,Pivote destructor,2.7352663105879764
FRA-Ligue 1,2526,Auxerre,Romain Faivre,FRA,"MF,FW",27.0,1998.0,10.0,7.0,581.0,6.5,0.0,2.0,2.0,0.0,0.0,0.0,0.0,0.0,0.0,0.31,0.31,0.0,0.31,6.5,0.0,11.0,3.0,27.3,1.7,0.46,0.0,0.0,0.0,0.0,58.0,19.0,7,77.0,2,3,15.0,1,1.0,7.0,7.0,0.0,0.0,0.36,0.0,5.0,10.0,2.0,14.0,6.0,4.0,,,0.0,,,,,,,,,,,,,,,,False,baja,2,Interior ofensivo,3.315064553716981
FRA-Ligue 1,2526,Auxerre,Rudy Matondo,FRA,MF,17.0,2008.0,16.0,6.0,614.0,6.8,0.0,0.0,0.0,0.0,0.0,0.0,3.0,0.0,0.0,0.0,0.0,0.0,0.0,6.8,0.0,4.0,0.0,0.0,0.59,0.0,0.0,,0.0,0.0,38.0,20.1,6,74.0,3,10,17.0,3,0.5,4.0,8.0,-4.0,-0.59,-0.37,0.0,12.0,9.0,1.0,5.0,7.0,7.0,,,0.0,,,,,,,,,,,,,,,,False,baja,3,Pivote destructor,2.261548043503022
FRA-Ligue 1,2526,Brest,Hugo Magnetti,FRA,MF,27.0,1998.0,33.0,31.0,2688.0,29.9,1.0,1.0,2.0,1.0,0.0,0.0,4.0,1.0,0.03,0.03,0.07,0.03,0.07,29.9,1.0,22.0,5.0,22.7,0.74,0.17,0.05,0.2,0.0,0.0,81.0,87.8,31,85.0,20,2,19.0,0,1.18,39.0,46.0,-7.0,-0.23,0.98,0.0,31.0,33.0,0.0,26.0,44.0,45.0,,,0.0,,,,,,,,,,,,,,,,True,alta,3,Pivote destructor,1.5469575911793523
FRA-Ligue 1,2526,Brest,Joris Chotard,FRA,MF,23.0,2001.0,33.0,31.0,2773.0,30.8,2.0,1.0,3.0,2.0,0.0,0.0,2.0,0.0,0.06,0.03,0.1,0.06,0.1,30.8,2.0,25.0,8.0,32.0,0.81,0.26,0.08,0.25,0.0,0.0,84.0,90.6,31,88.0,25,2,18.0,0,1.15,39.0,47.0,-8.0,-0.26,0.99,0.0,28.0,12.0,0.0,51.0,48.0,34.0,,,0.0,,,,,,,,,,,,,,,,True,alta,1,Carrilero,2.4656608322404177
FRA-Ligue 1,2526,Brest,Junior Dina Ebimbe,CMR,MF,24.0,2000.0,27.0,15.0,1165.0,12.9,5.0,0.0,5.0,5.0,0.0,0.0,3.0,0.0,0.39,0.0,0.39,0.39,0.39,12.9,5.0,27.0,9.0,33.3,2.09,0.7,0.19,0.56,0.0,0.0,43.0,38.1,15,66.0,1,12,14.0,2,1.04,15.0,21.0,-6.0,-0.46,-0.18,0.0,22.0,15.0,3.0,4.0,6.0,16.0,,,0.0,,,,,,,,,,,,,,,,True,alta,0,Interior de conducción,2.946161604809703
FRA-Ligue 1,2526,Brest,Kamory Doumbia,MLI,MF,22.0,2003.0,24.0,22.0,1750.0,19.4,5.0,4.0,9.0,5.0,0.0,0.0,6.0,0.0,0.26,0.21,0.46,0.26,0.46,19.4,5.0,43.0,14.0,32.6,2.21,0.72,0.12,0.36,0.0,0.0,73.0,57.2,22,78.0,4,2,22.0,0,1.33,30.0,25.0,5.0,0.26,1.43,0.0,29.0,21.0,2.0,20.0,20.0,30.0,,,0.0,,,,,,,,,,,,,,,,True,alta,0,Interior de conducción,2.3386530013651203
FRA-Ligue 1,2526,Brest,Lucas Tousart,FRA,"MF,DF",28.0,1997.0,24.0,9.0,834.0,9.3,1.0,0.0,1.0,1.0,0.0,0.0,0.0,0.0,0.11,0.0,0.11,0.11,0.11,9.3,1.0,9.0,3.0,33.3,0.97,0.32,0.11,0.33,0.0,0.0,35.0,27.3,9,67.0,0,15,16.0,3,1.21,8.0,17.0,-9.0,-0.97,-0.85,0.0,21.0,5.0,0.0,3.0,9.0,12.0,,,0.0,,,,,,,,,,,,,,,,False,baja,3,Pivote destructor,3.3519858574582067
FRA-Ligue 1,2526,Brest,Mama Samba Baldé,GNB,"FW,MF",29.0,1995.0,18.0,8.0,716.0,8.0,2.0,2.0,4.0,2.0,0.0,0.0,0.0,0.0,0.25,0.25,0.5,0.25,0.5,8.0,2.0,31.0,5.0,16.1,3.9,0.63,0.06,0.4,0.0,0.0,40.0,23.4,8,61.0,0,10,23.0,0,0.83,7.0,18.0,-11.0,-1.38,-1.34,0.0,12.0,11.0,0.0,3.0,5.0,7.0,,,0.0,,,,,,,,,,,,,,,,False,baja,2,Interior ofensivo,3.6247867436081096
FRA-Ligue 1,2526,Brest,Pathé Mboup,SEN,MF,21.0,2003.0,28.0,9.0,1054.0,11.7,1.0,0.0,1.0,1.0,0.0,0.0,6.0,0.0,0.09,0.0,0.09,0.09,0.09,11.7,1.0,23.0,10.0,43.5,1.96,0.85,0.04,0.1,0.0,0.0,38.0,34.4,9,71.0,1,19,22.0,3,1.14,12.0,18.0,-6.0,-0.51,-0.24,0.0,34.0,19.0,5.0,11.0,12.0,18.0,,,0.0,,,,,,,,,,,,,,,,True,alta,0,Interior de conducción,3.8201289012625743
FRA-Ligue 1,2526,Brest,Romain Del Castillo,FRA,"MF,FW",29.0,1996.0,32.0,32.0,2625.0,29.2,9.0,3.0,12.0,3.0,6.0,8.0,2.0,1.0,0.31,0.1,0.41,0.1,0.21,29.2,9.0,33.0,13.0,39.4,1.13,0.45,0.27,0.69,6.0,8.0,82.0,85.8,32,82.0,11,0,,0,1.19,41.0,44.0,-3.0,-0.1,1.76,0.0,28.0,43.0,5.0,198.0,28.0,36.0,,,0.0,,,,,,,,,,,,,,,,True,alta,1,Carrilero,2.231798619798949
FRA-Ligue 1,2526,Brest,Rémy Labeau Lascary,GLP,"MF,FW",22.0,2003.0,27.0,12.0,1200.0,13.3,5.0,1.0,6.0,5.0,0.0,0.0,2.0,0.0,0.37,0.07,0.45,0.37,0.45,13.3,5.0,34.0,16.0,47.1,2.55,1.2,0.15,0.31,0.0,0.0,44.0,39.2,12,70.0,3,15,24.0,0,1.33,18.0,21.0,-3.0,-0.23,0.21,0.0,29.0,18.0,9.0,12.0,4.0,11.0,,,0.0,,,,,,,,,,,,,,,,True,alta,2,Interior ofensivo,3.079284200852674
FRA-Ligue 1,2526,Le Havre,Abdoulaye Touré,GUI,MF,31.0,1994.0,11.0,8.0,740.0,8.2,2.0,0.0,2.0,2.0,0.0,1.0,2.0,0.0,0.24,0.0,0.24,0.24,0.24,8.2,2.0,13.0,4.0,30.8,1.58,0.49,0.15,0.5,0.0,1.0,67.0,24.2,8,83.0,4,3,26.0,0,1.18,6.0,8.0,-2.0,-0.24,0.14,0.0,13.0,17.0,0.0,13.0,10.0,6.0,,,0.0,,,,,,,,,,,,,,,,False,baja,0,Interior de conducción,2.8875840570031674
FRA-Ligue 1,2526,Le Havre,Ayumu Seko,JPN,"MF,DF",25.0,2000.0,30.0,29.0,2625.0,29.2,0.0,0.0,0.0,0.0,0.0,0.0,6.0,0.0,0.0,0.0,0.0,0.0,0.0,29.2,0.0,17.0,6.0,35.3,0.58,0.21,0.0,0.0,0.0,0.0,88.0,85.8,29,90.0,28,1,22.0,0,0.87,25.0,38.0,-13.0,-0.45,-0.65,0.0,28.0,20.0,1.0,5.0,35.0,24.0,,,1.0,,,,,,,,,,,,,,,,True,alta,3,Pivote destructor,2.076945511612077
FRA-Ligue 1,2526,Le Havre,Felix Mambimbi,SUI,"FW,MF",24.0,2001.0,17.0,7.0,530.0,5.9,1.0,0.0,1.0,1.0,0.0,0.0,1.0,0.0,0.17,0.0,0.17,0.17,0.17,5.9,1.0,6.0,2.0,33.3,1.02,0.34,0.17,0.5,0.0,0.0,31.0,17.3,7,62.0,0,10,9.0,13,0.94,4.0,8.0,-4.0,-0.68,-0.39,0.0,16.0,4.0,5.0,5.0,4.0,10.0,,,0.0,,,,,,,,,,,,,,,,False,baja,0,Interior de conducción,3.9303557189985683
FRA-Ligue 1,2526,Le Havre,Fodé Doucouré,MLI,"MF,FW",24.0,2001.0,26.0,15.0,1239.0,13.8,3.0,1.0,4.0,3.0,0.0,0.0,2.0,0.0,0.22,0.07,0.29,0.22,0.29,13.8,3.0,20.0,8.0,40.0,1.45,0.58,0.15,0.38,0.0,0.0,48.0,40.5,15,66.0,0,11,23.0,5,0.96,19.0,19.0,0.0,0.0,0.59,0.0,14.0,4.0,2.0,78.0,9.0,26.0,,,0.0,,,,,,,,,,,,,,,,True,alta,1,Carrilero,3.0235293989645484
FRA-Ligue 1,2526,Le Havre,Issa Soumaré,SEN,"FW,MF",24.0,2000.0,34.0,33.0,2948.0,32.8,8.0,5.0,13.0,7.0,1.0,3.0,3.0,0.0,0.24,0.15,0.4,0.21,0.37,32.8,8.0,77.0,28.0,36.4,2.35,0.85,0.1,0.29,1.0,3.0,87.0,96.3,33,88.0,32,1,45.0,0,1.03,31.0,43.0,-12.0,-0.37,-0.37,0.0,56.0,74.0,14.0,61.0,12.0,20.0,,,0.0,,,,,,,,,,,,,,,,True,alta,2,Interior ofensivo,2.139583426497601
FRA-Ligue 1,2526,Le Havre,Loïc Nego,HUN,"DF,MF",34.0,1991.0,30.0,26.0,2339.0,26.0,0.0,0.0,0.0,0.0,0.0,0.0,3.0,0.0,0.0,0.0,0.0,0.0,0.0,26.0,0.0,16.0,3.0,18.8,0.62,0.12,0.0,0.0,0.0,0.0,78.0,76.4,26,87.0,21,4,18.0,1,1.17,25.0,34.0,-9.0,-0.35,0.03,0.0,18.0,18.0,4.0,78.0,32.0,36.0,,,0.0,,,,,,,,,,,,,,,,True,alta,1,Carrilero,2.4199945261521445
FRA-Ligue 1,2526,Le Havre,Lucas Gourna-Douath,FRA,MF,21.0,2003.0,15.0,14.0,1272.0,14.1,0.0,0.0,0.0,0.0,0.0,0.0,5.0,0.0,0.0,0.0,0.0,0.0,0.0,14.1,0.0,9.0,2.0,22.2,0.64,0.14,0.0,0.0,0.0,0.0,85.0,41.6,14,88.0,10,1,45.0,0,0.87,11.0,18.0,-7.0,-0.5,-0.24,0.0,24.0,35.0,2.0,5.0,15.0,12.0,,,0.0,,,,,,,,,,,,,,,,True,alta,3,Pivote destructor,2.8346610127507907
FRA-Ligue 1,2526,Le Havre,Rassoul Ndiaye,SEN,MF,23.0,2001.0,33.0,30.0,2566.0,28.5,4.0,4.0,8.0,4.0,0.0,0.0,2.0,0.0,0.14,0.14,0.28,0.14,0.28,28.5,4.0,34.0,9.0,26.5,1.19,0.32,0.12,0.44,0.0,0.0,78.0,83.9,30,83.0,15,3,26.0,0,1.03,25.0,32.0,-7.0,-0.25,0.67,0.0,22.0,37.0,5.0,92.0,17.0,32.0,,,0.0,,,,,,,,,,,,,,,,True,alta,1,Carrilero,1.8053258320053802
FRA-Ligue 1,2526,Le Havre,Simon Ebonog,CMR,MF,20.0,2004.0,30.0,21.0,1759.0,19.5,1.0,0.0,1.0,1.0,0.0,0.0,8.0,0.0,0.05,0.0,0.05,0.05,0.05,19.5,1.0,22.0,4.0,18.2,1.13,0.2,0.05,0.25,0.0,0.0,59.0,57.5,21,77.0,7,9,17.0,2,1.07,17.0,31.0,-14.0,-0.72,-0.85,0.0,29.0,34.0,0.0,16.0,24.0,21.0,,,0.0,,,,,,,,,,,,,,,,True,alta,3,Pivote destructor,2.0415683485470013
FRA-Ligue 1,2526,Le Havre,Sofiane Boufal,MAR,"MF,FW",31.0,1993.0,17.0,13.0,1019.0,11.3,1.0,4.0,5.0,1.0,0.0,1.0,2.0,0.0,0.09,0.35,0.44,0.09,0.44,11.3,1.0,19.0,4.0,21.1,1.68,0.35,0.05,0.25,0.0,1.0,60.0,33.3,13,73.0,0,4,18.0,0,1.0,10.0,16.0,-6.0,-0.53,-0.27,0.0,24.0,32.0,6.0,59.0,3.0,17.0,,,0.0,,,,,,,,,,,,,,,,True,alta,0,Interior de conducción,3.490971475281718
FRA-Ligue 1,2526,Le Havre,Yanis Zouaoui,ALG,"DF,MF",27.0,1998.0,30.0,28.0,2338.0,26.0,1.0,1.0,2.0,0.0,1.0,1.0,7.0,0.0,0.04,0.04,0.08,0.0,0.04,26.0,1.0,16.0,5.0,31.3,0.62,0.19,0.06,0.2,1.0,1.0,78.0,76.4,28,82.0,14,2,25.0,0,0.93,24.0,37.0,-13.0,-0.5,-0.63,0.0,22.0,26.0,1.0,182.0,27.0,30.0,,,1.0,,,,,,,,,,,,,,,,True,alta,1,Carrilero,2.537059562521563
FRA-Ligue 1,2526,Le Havre,Yassine Kechta,MAR,MF,23.0,2002.0,30.0,14.0,1332.0,14.8,2.0,1.0,3.0,2.0,0.0,0.0,3.0,0.0,0.14,0.07,0.2,0.14,0.2,14.8,2.0,21.0,9.0,42.9,1.42,0.61,0.1,0.22,0.0,0.0,44.0,43.5,14,73.0,1,16,19.0,3,1.07,18.0,22.0,-4.0,-0.27,0.15,0.0,35.0,16.0,3.0,26.0,18.0,18.0,,,0.0,,,,,,,,,,,,,,,,True,alta,0,Interior de conducción,2.2873572834592055
FRA-Ligue 1,2526,Lens,Abdallah Sima,SEN,"MF,FW",24.0,2001.0,21.0,6.0,718.0,8.0,2.0,2.0,4.0,2.0,0.0,0.0,3.0,0.0,0.25,0.25,0.5,0.25,0.5,8.0,2.0,30.0,9.0,30.0,3.76,1.13,0.07,0.22,0.0,0.0,34.0,23.5,6,71.0,0,15,20.0,10,1.86,12.0,11.0,1.0,0.13,-1.03,0.0,14.0,14.0,3.0,14.0,1.0,5.0,,,0.0,,,,,,,,,,,,,,,,False,baja,2,Interior ofensivo,3.307001193976215
FRA-Ligue 1,2526,Lens,Adrien Thomasson,FRA,MF,31.0,1993.0,32.0,31.0,2683.0,29.8,3.0,9.0,12.0,3.0,0.0,0.0,11.0,0.0,0.1,0.3,0.4,0.1,0.4,29.8,3.0,43.0,13.0,30.2,1.44,0.44,0.07,0.23,0.0,0.0,84.0,87.7,31,86.0,22,1,30.0,0,2.0,56.0,33.0,23.0,0.77,-1.14,0.0,54.0,43.0,4.0,121.0,20.0,56.0,,,0.0,,,,,,,,,,,,,,,,True,alta,0,Interior de conducción,2.5896018863586585
FRA-Ligue 1,2526,Lens,Andrija Bulatović,MNE,MF,18.0,2006.0,19.0,6.0,762.0,8.5,0.0,4.0,4.0,0.0,0.0,0.0,2.0,0.0,0.0,0.47,0.47,0.0,0.47,8.5,0.0,11.0,5.0,45.5,1.3,0.59,0.0,0.0,0.0,0.0,40.0,24.9,6,89.0,4,13,17.0,13,2.05,21.0,8.0,13.0,1.54,0.83,0.0,19.0,20.0,0.0,56.0,8.0,21.0,,,0.0,,,,,,,,,,,,,,,,False,baja,0,Interior de conducción,4.607970496394598
FRA-Ligue 1,2526,Lens,Florian Sotoca,FRA,"MF,FW",34.0,1990.0,26.0,4.0,507.0,5.6,1.0,0.0,1.0,1.0,0.0,0.0,1.0,0.0,0.18,0.0,0.18,0.18,0.18,5.6,1.0,13.0,1.0,7.7,2.31,0.18,0.08,1.0,0.0,0.0,20.0,16.6,4,70.0,1,22,10.0,8,2.27,15.0,8.0,7.0,1.24,0.4,0.0,9.0,12.0,2.0,11.0,7.0,4.0,,,0.0,,,,,,,,,,,,,,,,False,baja,0,Interior de conducción,2.847755966773573
FRA-Ligue 1,2526,Lens,Florian Thauvin,FRA,MF,32.0,1993.0,33.0,29.0,2443.0,27.1,11.0,6.0,17.0,9.0,2.0,3.0,6.0,0.0,0.41,0.22,0.63,0.33,0.55,27.1,11.0,74.0,27.0,36.5,2.73,0.99,0.15,0.41,2.0,3.0,74.0,79.8,29,80.0,6,4,31.0,0,2.03,53.0,27.0,26.0,0.96,0.23,0.0,19.0,34.0,8.0,202.0,11.0,17.0,,,0.0,,,,,,,,,,,,,,,,True,alta,2,Interior ofensivo,2.1858420034183057
FRA-Ligue 1,2526,Lens,Mamadou Sangare,MLI,MF,23.0,2002.0,29.0,27.0,2323.0,25.8,3.0,4.0,7.0,3.0,0.0,0.0,5.0,0.0,0.12,0.15,0.27,0.12,0.27,25.8,3.0,53.0,14.0,26.4,2.05,0.54,0.06,0.21,0.0,0.0,80.0,75.9,27,84.0,20,2,33.0,0,2.1,47.0,29.0,18.0,0.7,-0.89,0.0,34.0,43.0,3.0,7.0,40.0,54.0,,,0.0,,,,,,,,,,,,,,,,True,alta,3,Pivote destructor,3.2443311665015635
FRA-Ligue 1,2526,Lens,Matthieu Udol,FRA,"MF,DF",29.0,1996.0,34.0,33.0,3002.0,33.4,1.0,7.0,8.0,1.0,0.0,0.0,2.0,0.0,0.03,0.21,0.24,0.03,0.24,33.4,1.0,47.0,17.0,36.2,1.41,0.51,0.02,0.06,0.0,0.0,88.0,98.1,33,90.0,30,1,45.0,0,2.06,62.0,35.0,27.0,0.81,-5.4,0.0,30.0,27.0,2.0,115.0,51.0,21.0,,,0.0,,,,,,,,,,,,,,,,True,alta,1,Carrilero,2.3106378429979513
FRA-Ligue 1,2526,Lens,Morgan Guilavogui,GUI,MF,27.0,1998.0,16.0,3.0,491.0,5.5,1.0,0.0,1.0,1.0,0.0,0.0,3.0,1.0,0.18,0.0,0.18,0.18,0.18,5.5,1.0,10.0,2.0,20.0,1.83,0.37,0.1,0.5,0.0,0.0,31.0,16.0,3,75.0,1,13,21.0,0,2.31,9.0,5.0,4.0,0.73,-0.21,0.0,15.0,12.0,4.0,4.0,3.0,10.0,,,0.0,,,,,,,,,,,,,,,,False,baja,0,Interior de conducción,4.065861146760631
FRA-Ligue 1,2526,Lens,Rayan Fofana,FRA,"FW,MF",19.0,2006.0,25.0,7.0,798.0,8.9,5.0,0.0,5.0,5.0,0.0,0.0,0.0,0.0,0.56,0.0,0.56,0.56,0.56,8.9,5.0,36.0,12.0,33.3,4.06,1.35,0.14,0.42,0.0,0.0,32.0,26.1,7,61.0,0,18,21.0,8,2.08,17.0,8.0,9.0,1.02,0.14,0.0,15.0,34.0,7.0,6.0,1.0,4.0,,,0.0,,,,,,,,,,,,,,,,False,baja,2,Interior ofensivo,4.68080318353678
FRA-Ligue 1,2526,Lens,Ruben Aguilar,FRA,MF,32.0,1993.0,26.0,20.0,1720.0,19.1,2.0,2.0,4.0,2.0,0.0,0.0,6.0,1.0,0.1,0.1,0.21,0.1,0.21,19.1,2.0,13.0,3.0,23.1,0.68,0.16,0.15,0.67,0.0,0.0,66.0,56.2,20,79.0,6,6,25.0,1,2.08,30.0,21.0,9.0,0.47,-1.01,1.0,26.0,12.0,5.0,86.0,24.0,24.0,,,0.0,,,,,,,,,,,,,,,,True,alta,1,Carrilero,2.755489316630533
FRA-Ligue 1,2526,Lens,Saud Abdulhamid,KSA,MF,26.0,1999.0,25.0,14.0,1352.0,15.0,2.0,4.0,6.0,2.0,0.0,0.0,4.0,1.0,0.13,0.27,0.4,0.13,0.4,15.0,2.0,8.0,3.0,37.5,0.53,0.2,0.25,0.67,0.0,0.0,54.0,44.2,14,83.0,8,11,18.0,6,1.84,35.0,17.0,18.0,1.2,0.51,0.0,26.0,14.0,1.0,47.0,9.0,22.0,,,0.0,,,,,,,,,,,,,,,,True,alta,0,Interior de conducción,2.6497572527807165
FRA-Ligue 1,2526,Lens,Wesley Saïd,FRA,MF,30.0,1995.0,29.0,26.0,1991.0,22.1,12.0,2.0,14.0,11.0,1.0,1.0,2.0,0.0,0.54,0.09,0.63,0.5,0.59,22.1,12.0,60.0,27.0,45.0,2.71,1.22,0.2,0.44,1.0,1.0,69.0,65.1,26,73.0,2,3,29.0,1,2.17,39.0,21.0,18.0,0.81,-0.28,0.0,37.0,13.0,13.0,22.0,9.0,15.0,,,0.0,,,,,,,,,,,,,,,,True,alta,2,Interior ofensivo,2.6885927864109154
FRA-Ligue 1,2526,Lille,Ayyoub Bouaddi,MAR,MF,17.0,2007.0,30.0,28.0,2321.0,25.8,0.0,1.0,1.0,0.0,0.0,0.0,7.0,1.0,0.0,0.04,0.04,0.0,0.04,25.8,0.0,16.0,5.0,31.3,0.62,0.19,0.0,0.0,0.0,0.0,77.0,75.8,28,82.0,16,2,14.0,2,1.63,29.0,26.0,3.0,0.12,-1.35,0.0,37.0,24.0,0.0,20.0,27.0,40.0,,,0.0,,,,,,,,,,,,,,,,True,alta,3,Pivote destructor,1.0544596444379493
FRA-Ligue 1,2526,Lille,Benjamin André,FRA,MF,34.0,1990.0,27.0,26.0,2332.0,25.9,2.0,2.0,4.0,2.0,0.0,0.0,9.0,0.0,0.08,0.08,0.15,0.08,0.15,25.9,2.0,27.0,6.0,22.2,1.04,0.23,0.07,0.33,0.0,0.0,86.0,76.2,26,89.0,23,1,18.0,0,1.93,38.0,20.0,18.0,0.69,1.07,0.0,35.0,44.0,3.0,22.0,31.0,40.0,,,0.0,,,,,,,,,,,,,,,,True,alta,3,Pivote destructor,1.8534658498248753
FRA-Ligue 1,2526,Lille,Ethan Mbappé,FRA,"MF,FW",18.0,2006.0,18.0,4.0,567.0,6.3,3.0,1.0,4.0,3.0,0.0,0.0,1.0,0.0,0.48,0.16,0.63,0.48,0.63,6.3,3.0,14.0,7.0,50.0,2.22,1.11,0.21,0.43,0.0,0.0,32.0,18.5,4,78.0,0,14,18.0,0,1.83,11.0,10.0,1.0,0.16,-0.35,0.0,7.0,9.0,1.0,34.0,2.0,7.0,,,0.0,,,,,,,,,,,,,,,,False,baja,2,Interior ofensivo,2.1239744322691565
FRA-Ligue 1,2526,Lille,Félix Correia,POR,MF,24.0,2001.0,34.0,26.0,2053.0,22.8,4.0,5.0,9.0,4.0,0.0,0.0,2.0,0.0,0.18,0.22,0.39,0.18,0.39,22.8,4.0,37.0,8.0,21.6,1.62,0.35,0.11,0.5,0.0,0.0,60.0,67.1,26,73.0,2,8,18.0,0,1.79,36.0,22.0,14.0,0.61,0.52,0.0,14.0,28.0,3.0,84.0,21.0,13.0,,,0.0,,,,,,,,,,,,,,,,True,alta,2,Interior ofensivo,2.005793746293875
FRA-Ligue 1,2526,Lille,Hákon Haraldsson,ISL,MF,22.0,2003.0,32.0,29.0,2460.0,27.3,8.0,2.0,10.0,8.0,0.0,0.0,6.0,0.0,0.29,0.07,0.37,0.29,0.37,27.3,8.0,50.0,17.0,34.0,1.83,0.62,0.16,0.47,0.0,0.0,77.0,80.4,29,83.0,9,3,22.0,0,1.81,42.0,26.0,16.0,0.59,0.74,0.0,28.0,43.0,0.0,75.0,12.0,15.0,,,0.0,,,,,,,,,,,,,,,,True,alta,0,Interior de conducción,2.5561824423619153
FRA-Ligue 1,2526,Lille,Matias Fernandez-Pardo,BEL,"FW,MF",20.0,2005.0,29.0,27.0,2370.0,26.3,8.0,5.0,13.0,6.0,2.0,2.0,5.0,0.0,0.3,0.19,0.49,0.23,0.42,26.3,8.0,68.0,30.0,44.1,2.58,1.14,0.12,0.27,2.0,2.0,82.0,77.5,27,85.0,15,2,38.0,2,1.69,32.0,26.0,6.0,0.23,-0.95,0.0,15.0,40.0,16.0,57.0,8.0,14.0,,,0.0,,,,,,,,,,,,,,,,True,alta,2,Interior ofensivo,1.6922503388534749
FRA-Ligue 1,2526,Lille,Nabil Bentaleb,ALG,MF,30.0,1994.0,26.0,13.0,1287.0,14.3,2.0,2.0,4.0,1.0,1.0,1.0,3.0,0.0,0.14,0.14,0.28,0.07,0.21,14.3,2.0,18.0,6.0,33.3,1.26,0.42,0.11,0.33,1.0,1.0,50.0,42.1,13,82.0,9,13,17.0,1,2.0,30.0,19.0,11.0,0.77,0.57,0.0,14.0,18.0,0.0,24.0,15.0,12.0,,,0.0,,,,,,,,,,,,,,,,True,alta,1,Carrilero,1.9534403042114818
FRA-Ligue 1,2526,Lille,Ngal'Ayel Mukau,COD,MF,20.0,2004.0,30.0,19.0,1534.0,17.0,1.0,0.0,1.0,1.0,0.0,0.0,3.0,0.0,0.06,0.0,0.06,0.06,0.06,17.0,1.0,20.0,5.0,25.0,1.17,0.29,0.05,0.2,0.0,0.0,51.0,50.1,19,71.0,3,11,16.0,1,1.8,24.0,21.0,3.0,0.18,-0.53,0.0,27.0,23.0,4.0,5.0,14.0,18.0,,,0.0,,,,,,,,,,,,,,,,True,alta,3,Pivote destructor,2.3235796720669306
FRA-Ligue 1,2526,Lille,Osame Sahraoui,MAR,MF,24.0,2001.0,18.0,4.0,505.0,5.6,1.0,2.0,3.0,1.0,0.0,0.0,0.0,0.0,0.18,0.36,0.53,0.18,0.53,5.6,1.0,12.0,4.0,33.3,2.14,0.71,0.08,0.25,0.0,0.0,28.0,16.5,4,64.0,0,14,18.0,3,1.61,12.0,6.0,6.0,1.07,0.75,0.0,4.0,25.0,1.0,3.0,4.0,3.0,,,0.0,,,,,,,,,,,,,,,,False,baja,2,Interior ofensivo,3.926172323252545
FRA-Ligue 1,2526,Lorient,Arsène Kouassi,BFA,MF,20.0,2004.0,31.0,30.0,2605.0,28.9,2.0,6.0,8.0,2.0,0.0,0.0,4.0,0.0,0.07,0.21,0.28,0.07,0.28,28.9,2.0,9.0,5.0,55.6,0.31,0.17,0.22,0.4,0.0,0.0,84.0,85.1,30,84.0,21,1,77.0,0,1.29,39.0,41.0,-2.0,-0.07,0.13,0.0,15.0,53.0,10.0,119.0,24.0,18.0,,,0.0,,,,,,,,,,,,,,,,True,alta,1,Carrilero,3.063894919749673
FRA-Ligue 1,2526,Lorient,Arthur Avom,CMR,MF,20.0,2004.0,31.0,22.0,2119.0,23.5,2.0,1.0,3.0,2.0,0.0,0.0,3.0,0.0,0.08,0.04,0.13,0.08,0.13,23.5,2.0,21.0,6.0,28.6,0.89,0.25,0.1,0.33,0.0,0.0,68.0,69.2,22,87.0,17,9,23.0,1,1.29,30.0,31.0,-1.0,-0.04,0.15,0.0,23.0,38.0,0.0,45.0,28.0,31.0,,,1.0,,,,,,,,,,,,,,,,True,alta,3,Pivote destructor,1.9386596970855854
FRA-Ligue 1,2526,Lorient,Darlin Yongwa,CMR,"DF,MF",24.0,2000.0,23.0,14.0,1312.0,14.6,0.0,1.0,1.0,0.0,0.0,0.0,4.0,1.0,0.0,0.07,0.07,0.0,0.07,14.6,0.0,10.0,2.0,20.0,0.69,0.14,0.0,0.0,0.0,0.0,57.0,42.9,14,84.0,12,9,15.0,4,1.04,18.0,20.0,-2.0,-0.14,-0.09,0.0,14.0,22.0,1.0,38.0,11.0,24.0,,,0.0,,,,,,,,,,,,,,,,True,alta,3,Pivote destructor,2.114933550465397
FRA-Ligue 1,2526,Lorient,Dermane Karim,TOG,MF,21.0,2003.0,30.0,15.0,1365.0,15.2,1.0,2.0,3.0,1.0,0.0,0.0,3.0,0.0,0.07,0.13,0.2,0.07,0.2,15.2,1.0,16.0,2.0,12.5,1.05,0.13,0.06,0.5,0.0,0.0,46.0,44.6,15,72.0,2,15,19.0,1,1.37,18.0,25.0,-7.0,-0.46,-0.67,0.0,21.0,39.0,0.0,17.0,10.0,17.0,,,0.0,,,,,,,,,,,,,,,,True,alta,0,Interior de conducción,2.241002271449178
FRA-Ligue 1,2526,Lorient,Jean-Victor Makengo,FRA,MF,27.0,1998.0,31.0,23.0,1800.0,20.0,4.0,2.0,6.0,4.0,0.0,0.0,2.0,0.0,0.2,0.1,0.3,0.2,0.3,20.0,4.0,39.0,14.0,35.9,1.95,0.7,0.1,0.29,0.0,0.0,58.0,58.8,23,70.0,2,8,23.0,3,1.35,27.0,26.0,1.0,0.05,0.34,0.0,12.0,35.0,0.0,18.0,14.0,16.0,,,1.0,,,,,,,,,,,,,,,,True,alta,2,Interior ofensivo,2.855519256989898
FRA-Ligue 1,2526,Lorient,Joel Mvuka,NOR,"MF,DF",22.0,2002.0,15.0,5.0,560.0,6.2,0.0,0.0,0.0,0.0,0.0,0.0,0.0,0.0,0.0,0.0,0.0,0.0,0.0,6.2,0.0,8.0,1.0,12.5,1.29,0.16,0.0,0.0,0.0,0.0,37.0,18.3,5,76.0,1,10,18.0,5,1.2,5.0,18.0,-13.0,-2.09,-2.45,0.0,4.0,11.0,1.0,12.0,6.0,13.0,,,0.0,,,,,,,,,,,,,,,,False,baja,1,Carrilero,3.6937813704874736
FRA-Ligue 1,2526,Lorient,Laurent Abergel,FRA,MF,32.0,1993.0,28.0,27.0,2318.0,25.8,1.0,0.0,1.0,1.0,0.0,0.0,7.0,0.0,0.04,0.0,0.04,0.04,0.04,25.8,1.0,22.0,5.0,22.7,0.85,0.19,0.05,0.2,0.0,0.0,83.0,75.8,27,85.0,19,1,22.0,0,1.39,40.0,41.0,-1.0,-0.04,0.2,0.0,24.0,27.0,1.0,9.0,28.0,23.0,,,0.0,,,,,,,,,,,,,,,,True,alta,3,Pivote destructor,1.663374871013265
FRA-Ligue 1,2526,Lorient,Noah Cadiou,GLP,MF,26.0,1998.0,28.0,20.0,1879.0,20.9,3.0,1.0,4.0,3.0,0.0,0.0,2.0,0.0,0.14,0.05,0.19,0.14,0.19,20.9,3.0,19.0,9.0,47.4,0.91,0.43,0.16,0.33,0.0,0.0,67.0,61.4,20,86.0,17,8,20.0,4,1.43,31.0,33.0,-2.0,-0.1,-0.02,0.0,27.0,13.0,0.0,3.0,24.0,16.0,,,0.0,,,,,,,,,,,,,,,,True,alta,3,Pivote destructor,2.5237717829498796
FRA-Ligue 1,2526,Lorient,Pablo Pagis,FRA,"MF,FW",22.0,2002.0,28.0,22.0,1756.0,19.5,10.0,5.0,15.0,8.0,2.0,2.0,1.0,0.0,0.51,0.26,0.77,0.41,0.67,19.5,10.0,59.0,19.0,32.2,3.02,0.97,0.17,0.53,2.0,2.0,63.0,57.4,22,72.0,2,6,28.0,1,1.43,31.0,29.0,2.0,0.1,0.45,0.0,23.0,29.0,2.0,99.0,18.0,17.0,,,0.0,,,,,,,,,,,,,,,,True,alta,2,Interior ofensivo,2.5801237797512817
FRA-Ligue 1,2526,Lorient,Panos Katseris,GRE,"MF,DF",24.0,2001.0,16.0,8.0,747.0,8.3,1.0,2.0,3.0,1.0,0.0,0.0,3.0,0.0,0.12,0.24,0.36,0.12,0.36,8.3,1.0,7.0,4.0,57.1,0.84,0.48,0.14,0.25,0.0,0.0,47.0,24.4,8,75.0,2,8,18.0,0,1.25,13.0,9.0,4.0,0.48,0.75,0.0,13.0,14.0,2.0,43.0,11.0,9.0,,,0.0,,,,,,,,,,,,,,,,False,baja,0,Interior de conducción,2.683305388694954
FRA-Ligue 1,2526,Lorient,Théo Le Bris,FRA,MF,22.0,2002.0,28.0,22.0,1893.0,21.0,2.0,2.0,4.0,2.0,0.0,0.0,0.0,0.0,0.1,0.1,0.19,0.1,0.19,21.0,2.0,17.0,7.0,41.2,0.81,0.33,0.12,0.29,0.0,0.0,68.0,61.9,22,81.0,7,6,19.0,1,1.36,30.0,26.0,4.0,0.19,0.73,0.0,8.0,7.0,0.0,81.0,17.0,28.0,,,0.0,,,,,,,,,,,,,,,,True,alta,1,Carrilero,2.6041078638315214
FRA-Ligue 1,2526,Lorient,Tosin Aiyegun,BEN,"FW,MF",27.0,1998.0,27.0,11.0,1073.0,11.9,5.0,0.0,5.0,5.0,0.0,1.0,1.0,0.0,0.42,0.0,0.42,0.42,0.42,11.9,5.0,30.0,12.0,40.0,2.52,1.01,0.17,0.42,0.0,1.0,40.0,35.1,11,68.0,1,16,20.0,3,1.04,13.0,16.0,-3.0,-0.25,-0.25,0.0,11.0,13.0,3.0,6.0,1.0,5.0,,,0.0,,,,,,,,,,,,,,,,True,alta,2,Interior ofensivo,3.0619456764900543
FRA-Ligue 1,2526,Lyon,Abner,BRA,"DF,MF",25.0,2000.0,26.0,25.0,2150.0,23.9,3.0,2.0,5.0,3.0,0.0,0.0,4.0,1.0,0.13,0.08,0.21,0.13,0.21,23.9,3.0,17.0,7.0,41.2,0.71,0.29,0.18,0.43,0.0,0.0,83.0,70.3,25,86.0,17,1,3.0,2,1.81,35.0,25.0,10.0,0.42,0.12,0.0,23.0,6.0,1.0,61.0,8.0,24.0,,,0.0,,,,,,,,,,,,,,,,True,alta,1,Carrilero,2.164053055113728
FRA-Ligue 1,2526,Lyon,Adam Karabec,CZE,"MF,FW",22.0,2003.0,21.0,11.0,922.0,10.2,1.0,0.0,1.0,1.0,0.0,0.0,3.0,0.0,0.1,0.0,0.1,0.1,0.1,10.2,1.0,9.0,5.0,55.6,0.88,0.49,0.11,0.2,0.0,0.0,44.0,30.1,11,74.0,0,10,11.0,10,1.95,11.0,8.0,3.0,0.29,-0.13,0.0,14.0,20.0,3.0,80.0,1.0,3.0,,,0.0,,,,,,,,,,,,,,,,True,alta,0,Interior de conducción,4.069855340518815
FRA-Ligue 1,2526,Lyon,Afonso Moreira,POR,"MF,FW",20.0,2005.0,27.0,18.0,1722.0,19.1,4.0,7.0,11.0,4.0,0.0,0.0,3.0,0.0,0.21,0.37,0.57,0.21,0.57,19.1,4.0,40.0,14.0,35.0,2.09,0.73,0.1,0.29,0.0,0.0,64.0,56.3,18,88.0,13,9,15.0,2,1.93,35.0,23.0,12.0,0.63,0.56,0.0,27.0,57.0,4.0,119.0,12.0,22.0,,,0.0,,,,,,,,,,,,,,,,True,alta,0,Interior de conducción,2.9874639789939588
FRA-Ligue 1,2526,Lyon,Ainsley Maitland-Niles,ENG,"DF,MF",27.0,1997.0,30.0,28.0,2483.0,27.6,1.0,4.0,5.0,1.0,0.0,1.0,7.0,1.0,0.04,0.14,0.18,0.04,0.18,27.6,1.0,14.0,7.0,50.0,0.51,0.25,0.07,0.14,0.0,1.0,83.0,81.1,28,85.0,22,2,48.0,0,1.83,48.0,35.0,13.0,0.47,0.47,1.0,37.0,12.0,1.0,44.0,33.0,36.0,,,0.0,,,,,,,,,,,,,,,,True,alta,3,Pivote destructor,1.883787044069509
FRA-Ligue 1,2526,Lyon,Corentin Tolisso,FRA,MF,30.0,1994.0,30.0,26.0,2302.0,25.6,11.0,4.0,15.0,9.0,2.0,3.0,4.0,0.0,0.43,0.16,0.59,0.35,0.51,25.6,11.0,54.0,27.0,50.0,2.11,1.06,0.2,0.41,2.0,3.0,77.0,75.2,26,84.0,17,4,31.0,0,1.6,42.0,32.0,10.0,0.39,0.03,0.0,42.0,55.0,3.0,49.0,17.0,18.0,,,0.0,,,,,,,,,,,,,,,,True,alta,0,Interior de conducción,1.9928854776290386
FRA-Ligue 1,2526,Lyon,Endrick,BRA,"FW,MF",19.0,2006.0,16.0,14.0,1215.0,13.5,5.0,7.0,12.0,4.0,1.0,1.0,4.0,1.0,0.37,0.52,0.89,0.3,0.81,13.5,5.0,50.0,26.0,52.0,3.7,1.93,0.1,0.19,1.0,1.0,76.0,39.7,14,82.0,4,2,36.0,0,1.69,26.0,20.0,6.0,0.44,0.1,0.0,21.0,21.0,4.0,52.0,2.0,9.0,,,0.0,,,,,,,,,,,,,,,,True,alta,2,Interior ofensivo,3.1951282405187507
FRA-Ligue 1,2526,Lyon,Hans Hateboer,NED,"DF,MF",31.0,1994.0,15.0,8.0,740.0,8.2,0.0,0.0,0.0,0.0,0.0,0.0,0.0,1.0,0.0,0.0,0.0,0.0,0.0,8.2,0.0,7.0,1.0,14.3,0.85,0.12,0.0,0.0,0.0,0.0,49.0,24.2,8,74.0,3,7,21.0,7,1.87,12.0,9.0,3.0,0.36,-0.02,0.0,8.0,3.0,1.0,22.0,10.0,10.0,,,0.0,,,,,,,,,,,,,,,,False,baja,1,Carrilero,2.783103697000137
FRA-Ligue 1,2526,Lyon,Khalis Merah,FRA,"MF,FW",18.0,2007.0,22.0,15.0,1130.0,12.6,0.0,1.0,1.0,0.0,0.0,0.0,2.0,0.0,0.0,0.08,0.08,0.0,0.08,12.6,0.0,6.0,3.0,50.0,0.48,0.24,0.0,0.0,0.0,0.0,51.0,36.9,15,68.0,0,7,15.0,12,2.18,20.0,11.0,9.0,0.72,0.53,0.0,11.0,20.0,0.0,13.0,6.0,19.0,,,0.0,,,,,,,,,,,,,,,,True,alta,3,Pivote destructor,2.4552787045545172
FRA-Ligue 1,2526,Lyon,Malick Fofana,BEL,"MF,FW",20.0,2005.0,12.0,9.0,749.0,8.3,2.0,1.0,3.0,2.0,0.0,0.0,1.0,0.0,0.24,0.12,0.36,0.24,0.36,8.3,2.0,19.0,9.0,47.4,2.28,1.08,0.11,0.22,0.0,0.0,62.0,24.5,9,80.0,1,3,9.0,1,1.5,10.0,7.0,3.0,0.36,-0.03,0.0,11.0,22.0,3.0,29.0,3.0,5.0,,,0.0,,,,,,,,,,,,,,,,False,baja,2,Interior ofensivo,2.007675067037667
FRA-Ligue 1,2526,Lyon,Noah Nartey,DEN,"MF,FW",19.0,2005.0,11.0,5.0,545.0,6.1,2.0,0.0,2.0,2.0,0.0,0.0,0.0,0.0,0.33,0.0,0.33,0.33,0.33,6.1,2.0,5.0,2.0,40.0,0.83,0.33,0.4,1.0,0.0,0.0,50.0,17.8,5,81.0,4,6,23.0,4,1.55,8.0,7.0,1.0,0.17,-0.26,0.0,6.0,7.0,1.0,5.0,2.0,6.0,,,0.0,,,,,,,,,,,,,,,,False,baja,2,Interior ofensivo,3.4400950556410588
FRA-Ligue 1,2526,Lyon,Pavel Šulc,CZE,"FW,MF",24.0,2000.0,27.0,17.0,1566.0,17.4,11.0,3.0,14.0,11.0,0.0,0.0,3.0,0.0,0.63,0.17,0.8,0.63,0.8,17.4,11.0,44.0,18.0,40.9,2.53,1.03,0.25,0.61,0.0,0.0,58.0,51.2,17,80.0,7,10,20.0,1,1.81,28.0,22.0,6.0,0.34,-0.08,0.0,28.0,15.0,6.0,13.0,6.0,13.0,,,0.0,,,,,,,,,,,,,,,,True,alta,2,Interior ofensivo,2.4674174754763643
FRA-Ligue 1,2526,Lyon,Tanner Tessmann,USA,MF,23.0,2001.0,29.0,22.0,1953.0,21.7,1.0,0.0,1.0,1.0,0.0,0.0,2.0,0.0,0.05,0.0,0.05,0.05,0.05,21.7,1.0,26.0,8.0,30.8,1.2,0.37,0.04,0.13,0.0,0.0,67.0,63.8,22,82.0,14,7,21.0,0,1.86,32.0,21.0,11.0,0.51,0.34,0.0,21.0,19.0,3.0,17.0,13.0,21.0,,,0.0,,,,,,,,,,,,,,,,True,alta,1,Carrilero,2.310075183925056
FRA-Ligue 1,2526,Lyon,Tyler Morton,ENG,MF,22.0,2002.0,29.0,29.0,2517.0,28.0,2.0,2.0,4.0,2.0,0.0,0.0,6.0,1.0,0.07,0.07,0.14,0.07,0.14,28.0,2.0,28.0,8.0,28.6,1.0,0.29,0.07,0.25,0.0,0.0,87.0,82.3,29,87.0,22,0,,0,1.83,47.0,30.0,17.0,0.61,1.27,0.0,29.0,19.0,0.0,83.0,24.0,29.0,,,0.0,,,,,,,,,,,,,,,,True,alta,1,Carrilero,1.5362900450846613
FRA-Ligue 1,2526,Marseille,Amine Gouiri,ALG,"FW,MF",25.0,2000.0,22.0,15.0,1326.0,14.7,8.0,3.0,11.0,8.0,0.0,0.0,1.0,0.0,0.54,0.2,0.75,0.54,0.75,14.7,8.0,38.0,17.0,44.7,2.58,1.15,0.21,0.47,0.0,0.0,60.0,43.3,15,77.0,4,7,25.0,1,1.73,28.0,22.0,6.0,0.41,-0.22,0.0,17.0,16.0,4.0,37.0,3.0,9.0,,,0.0,,,,,,,,,,,,,,,,True,alta,2,Interior ofensivo,1.5623968531656929
FRA-Ligue 1,2526,Marseille,Angel Gomes,ENG,MF,24.0,2000.0,14.0,12.0,888.0,9.9,3.0,0.0,3.0,3.0,0.0,0.0,4.0,0.0,0.3,0.0,0.3,0.3,0.3,9.9,3.0,11.0,5.0,45.5,1.11,0.51,0.27,0.6,0.0,0.0,63.0,29.0,12,72.0,4,2,13.0,3,2.07,21.0,9.0,12.0,1.22,0.97,0.0,19.0,12.0,0.0,7.0,4.0,5.0,,,0.0,,,,,,,,,,,,,,,,False,baja,0,Interior de conducción,3.4789245379348848
FRA-Ligue 1,2526,Marseille,Arthur Vermeeren,BEL,MF,20.0,2005.0,20.0,10.0,828.0,9.2,0.0,1.0,1.0,0.0,0.0,0.0,1.0,1.0,0.0,0.11,0.11,0.0,0.11,9.2,0.0,3.0,1.0,33.3,0.33,0.11,0.0,0.0,0.0,0.0,41.0,27.1,10,68.0,4,10,15.0,10,1.8,11.0,14.0,-3.0,-0.33,-1.17,0.0,15.0,1.0,0.0,3.0,11.0,11.0,,,0.0,,,,,,,,,,,,,,,,False,baja,3,Pivote destructor,3.0057621341062997
FRA-Ligue 1,2526,Marseille,Bilal Nadir,MAR,MF,21.0,2003.0,20.0,5.0,598.0,6.6,0.0,4.0,4.0,0.0,0.0,0.0,6.0,1.0,0.0,0.6,0.6,0.0,0.6,6.6,0.0,7.0,1.0,14.3,1.05,0.15,0.0,0.0,0.0,0.0,30.0,19.5,5,70.0,1,15,17.0,5,1.4,22.0,5.0,17.0,2.56,2.52,1.0,24.0,4.0,1.0,10.0,6.0,9.0,,,0.0,,,,,,,,,,,,,,,,False,baja,0,Interior de conducción,5.571906369750436
FRA-Ligue 1,2526,Marseille,CJ Egan-Riley,ENG,"DF,MF",22.0,2003.0,11.0,8.0,624.0,6.9,0.0,0.0,0.0,0.0,0.0,0.0,1.0,1.0,0.0,0.0,0.0,0.0,0.0,6.9,0.0,0.0,0.0,,0.0,0.0,,,0.0,0.0,57.0,20.4,8,75.0,4,3,9.0,15,1.55,9.0,9.0,0.0,0.0,-0.67,0.0,5.0,5.0,0.0,1.0,2.0,7.0,,,0.0,,,,,,,,,,,,,,,,False,baja,3,Pivote destructor,3.686401564971883
FRA-Ligue 1,2526,Marseille,Emerson Palmieri,ITA,"DF,MF",30.0,1994.0,28.0,23.0,2114.0,23.5,0.0,3.0,3.0,0.0,0.0,0.0,3.0,0.0,0.0,0.13,0.13,0.0,0.13,23.5,0.0,15.0,2.0,13.3,0.64,0.09,0.0,0.0,0.0,0.0,76.0,69.1,23,88.0,19,5,20.0,1,1.75,39.0,30.0,9.0,0.38,-0.47,0.0,16.0,17.0,2.0,122.0,33.0,32.0,,,0.0,,,,,,,,,,,,,,,,True,alta,1,Carrilero,2.0873672045794196
FRA-Ligue 1,2526,Marseille,Geoffrey Kondogbia,CTA,"MF,DF",32.0,1993.0,10.0,9.0,587.0,6.5,0.0,0.0,0.0,0.0,0.0,0.0,3.0,0.0,0.0,0.0,0.0,0.0,0.0,6.5,0.0,4.0,1.0,25.0,0.61,0.15,0.0,0.0,0.0,0.0,59.0,19.2,9,64.0,0,1,14.0,7,1.9,11.0,6.0,5.0,0.77,0.29,0.0,12.0,8.0,0.0,1.0,11.0,9.0,,,0.0,,,,,,,,,,,,,,,,False,baja,3,Pivote destructor,2.499827003399705
FRA-Ligue 1,2526,Marseille,Hamed Junior Traorè,CIV,MF,25.0,2000.0,13.0,7.0,619.0,6.9,2.0,1.0,3.0,2.0,0.0,0.0,1.0,0.0,0.29,0.15,0.44,0.29,0.44,6.9,2.0,13.0,6.0,46.2,1.89,0.87,0.15,0.33,0.0,0.0,48.0,20.2,7,76.0,1,6,15.0,4,1.23,8.0,12.0,-4.0,-0.58,-1.39,0.0,8.0,11.0,2.0,33.0,5.0,7.0,,,0.0,,,,,,,,,,,,,,,,False,baja,2,Interior ofensivo,1.908278071452007
FRA-Ligue 1,2526,Marseille,Igor Paixão,BRA,MF,25.0,2000.0,30.0,22.0,1975.0,21.9,6.0,5.0,11.0,6.0,0.0,0.0,3.0,0.0,0.27,0.23,0.5,0.27,0.5,21.9,6.0,57.0,23.0,40.4,2.6,1.05,0.11,0.26,0.0,0.0,66.0,64.5,22,77.0,7,8,35.0,0,1.83,40.0,28.0,12.0,0.55,0.05,0.0,21.0,34.0,9.0,57.0,17.0,12.0,,,0.0,,,,,,,,,,,,,,,,True,alta,2,Interior ofensivo,1.504505099254059
FRA-Ligue 1,2526,Marseille,Mason Greenwood,ENG,MF,23.0,2001.0,32.0,29.0,2462.0,27.4,16.0,7.0,23.0,10.0,6.0,8.0,4.0,0.0,0.58,0.26,0.84,0.37,0.62,27.4,16.0,116.0,48.0,41.4,4.24,1.75,0.14,0.33,6.0,8.0,77.0,80.5,29,82.0,16,3,31.0,1,1.75,52.0,36.0,16.0,0.58,0.28,0.0,22.0,34.0,1.0,112.0,4.0,13.0,,,0.0,,,,,,,,,,,,,,,,True,alta,2,Interior ofensivo,2.707790016041605
FRA-Ligue 1,2526,Marseille,Matt O'Riley,DEN,MF,24.0,2000.0,15.0,6.0,741.0,8.2,1.0,2.0,3.0,1.0,0.0,0.0,2.0,0.0,0.12,0.24,0.36,0.12,0.36,8.2,1.0,7.0,3.0,42.9,0.85,0.36,0.14,0.33,0.0,0.0,49.0,24.2,6,81.0,2,9,28.0,2,2.33,16.0,9.0,7.0,0.85,0.42,0.0,15.0,1.0,1.0,7.0,6.0,8.0,,,0.0,,,,,,,,,,,,,,,,False,baja,1,Carrilero,3.3508945482993666
FRA-Ligue 1,2526,Marseille,Michael Amir Murillo,PAN,"DF,MF",29.0,1996.0,16.0,11.0,989.0,11.0,2.0,1.0,3.0,2.0,0.0,0.0,4.0,0.0,0.18,0.09,0.27,0.18,0.27,11.0,2.0,9.0,2.0,22.2,0.82,0.18,0.22,1.0,0.0,0.0,62.0,32.3,11,80.0,7,5,21.0,2,2.0,26.0,13.0,13.0,1.18,0.97,0.0,22.0,16.0,2.0,28.0,6.0,13.0,,,0.0,,,,,,,,,,,,,,,,True,alta,0,Interior de conducción,1.7483903973360555
FRA-Ligue 1,2526,Marseille,Pierre Højbjerg,DEN,MF,29.0,1995.0,32.0,30.0,2712.0,30.1,4.0,5.0,9.0,4.0,0.0,0.0,4.0,0.0,0.13,0.17,0.3,0.13,0.3,30.1,4.0,46.0,14.0,30.4,1.53,0.46,0.09,0.29,0.0,0.0,85.0,88.6,30,89.0,25,2,24.0,0,1.75,54.0,40.0,14.0,0.46,-0.57,0.0,38.0,46.0,0.0,10.0,26.0,24.0,,,0.0,,,,,,,,,,,,,,,,True,alta,0,Interior de conducción,2.608163080794687
FRA-Ligue 1,2526,Marseille,Quinten Timber,NED,MF,24.0,2001.0,15.0,14.0,1105.0,12.3,0.0,0.0,0.0,0.0,0.0,0.0,4.0,0.0,0.0,0.0,0.0,0.0,0.0,12.3,0.0,10.0,2.0,20.0,0.81,0.16,0.0,0.0,0.0,0.0,74.0,36.1,14,78.0,4,1,9.0,0,1.6,14.0,16.0,-2.0,-0.16,-1.08,0.0,13.0,20.0,1.0,7.0,9.0,17.0,,,0.0,,,,,,,,,,,,,,,,True,alta,3,Pivote destructor,1.9255020455876042
FRA-Ligue 1,2526,Marseille,Timothy Weah,USA,"MF,DF",25.0,2000.0,29.0,26.0,2253.0,25.0,2.0,2.0,4.0,2.0,0.0,0.0,5.0,0.0,0.08,0.08,0.16,0.08,0.16,25.0,2.0,29.0,10.0,34.5,1.16,0.4,0.07,0.2,0.0,0.0,78.0,73.6,26,82.0,15,3,37.0,1,1.69,47.0,34.0,13.0,0.52,-0.04,0.0,32.0,18.0,1.0,62.0,15.0,35.0,,,0.0,,,,,,,,,,,,,,,,True,alta,1,Carrilero,1.78091120840646
FRA-Ligue 1,2526,Metz,Alpha Touré,SEN,MF,19.0,2006.0,30.0,16.0,1606.0,17.8,0.0,1.0,1.0,0.0,0.0,0.0,5.0,0.0,0.0,0.06,0.06,0.0,0.06,17.8,0.0,17.0,1.0,5.9,0.95,0.06,0.0,0.0,0.0,0.0,54.0,52.5,16,81.0,7,14,22.0,2,0.53,15.0,37.0,-22.0,-1.23,0.13,0.0,27.0,27.0,1.0,13.0,10.0,23.0,,,0.0,,,,,,,,,,,,,,,,True,alta,3,Pivote destructor,1.7327315988315792
FRA-Ligue 1,2526,Metz,Benjamin Stambouli,FRA,MF,34.0,1990.0,19.0,10.0,960.0,10.7,0.0,0.0,0.0,0.0,0.0,0.0,0.0,0.0,0.0,0.0,0.0,0.0,0.0,10.7,0.0,6.0,1.0,16.7,0.56,0.09,0.0,0.0,0.0,0.0,51.0,31.4,10,83.0,5,9,15.0,5,0.58,10.0,26.0,-16.0,-1.5,-0.3,0.0,14.0,9.0,0.0,8.0,9.0,16.0,,,0.0,,,,,,,,,,,,,,,,True,alta,3,Pivote destructor,2.82550187883618
FRA-Ligue 1,2526,Metz,Boubacar Traoré,MLI,MF,23.0,2001.0,20.0,16.0,1387.0,15.4,1.0,0.0,1.0,1.0,0.0,0.0,4.0,0.0,0.06,0.0,0.06,0.06,0.06,15.4,1.0,19.0,3.0,15.8,1.23,0.19,0.05,0.33,0.0,0.0,69.0,45.3,16,82.0,6,4,19.0,0,0.5,13.0,32.0,-19.0,-1.23,0.11,0.0,32.0,5.0,0.0,2.0,15.0,26.0,,,0.0,,,,,,,,,,,,,,,,True,alta,3,Pivote destructor,2.5830946517376505
FRA-Ligue 1,2526,Metz,Bouna Sarr,SEN,"MF,DF",33.0,1992.0,12.0,10.0,895.0,9.9,0.0,0.0,0.0,0.0,0.0,0.0,1.0,0.0,0.0,0.0,0.0,0.0,0.0,9.9,0.0,15.0,3.0,20.0,1.51,0.3,0.0,0.0,0.0,0.0,75.0,29.2,10,84.0,6,2,30.0,2,0.33,9.0,22.0,-13.0,-1.31,-0.02,0.0,11.0,20.0,2.0,31.0,11.0,13.0,,,0.0,,,,,,,,,,,,,,,,False,baja,1,Carrilero,3.172737123918335
FRA-Ligue 1,2526,Metz,Cheikh Tidiane Sabaly,SEN,"MF,FW",26.0,1999.0,14.0,12.0,967.0,10.7,0.0,2.0,2.0,0.0,0.0,0.0,2.0,0.0,0.0,0.19,0.19,0.0,0.19,10.7,0.0,8.0,4.0,50.0,0.74,0.37,0.0,0.0,0.0,0.0,69.0,31.6,12,79.0,6,2,13.0,0,0.79,8.0,24.0,-16.0,-1.49,-0.29,0.0,14.0,16.0,5.0,14.0,3.0,13.0,,,0.0,,,,,,,,,,,,,,,,True,alta,0,Interior de conducción,2.9951129769578286
FRA-Ligue 1,2526,Metz,Fodé Ballo-Touré,SEN,"DF,MF",28.0,1997.0,13.0,11.0,836.0,9.3,0.0,0.0,0.0,0.0,0.0,0.0,2.0,0.0,0.0,0.0,0.0,0.0,0.0,9.3,0.0,5.0,1.0,20.0,0.54,0.11,0.0,0.0,0.0,0.0,64.0,27.3,11,73.0,2,2,16.0,8,0.08,5.0,22.0,-17.0,-1.83,-0.74,0.0,13.0,18.0,1.0,16.0,5.0,16.0,,,0.0,,,,,,,,,,,,,,,,False,baja,3,Pivote destructor,2.4990497093839985
FRA-Ligue 1,2526,Metz,Gauthier Hein,FRA,"MF,FW",28.0,1996.0,29.0,26.0,2351.0,26.1,8.0,7.0,15.0,3.0,5.0,5.0,3.0,1.0,0.31,0.27,0.57,0.11,0.38,26.1,8.0,44.0,13.0,29.5,1.68,0.5,0.18,0.62,5.0,5.0,81.0,76.8,26,87.0,19,3,29.0,0,0.45,28.0,62.0,-34.0,-1.3,-0.03,1.0,15.0,17.0,4.0,147.0,9.0,10.0,,,0.0,,,,,,,,,,,,,,,,True,alta,2,Interior ofensivo,2.471634856367107
FRA-Ligue 1,2526,Metz,Giorgi Abuashvili,GEO,"MF,FW",22.0,2003.0,23.0,6.0,698.0,7.8,2.0,0.0,2.0,2.0,0.0,0.0,1.0,0.0,0.26,0.0,0.26,0.26,0.26,7.8,2.0,23.0,9.0,39.1,2.97,1.16,0.09,0.22,0.0,0.0,30.0,22.8,6,64.0,0,17,19.0,9,0.52,8.0,20.0,-12.0,-1.55,-0.33,0.0,8.0,11.0,1.0,38.0,5.0,8.0,,,0.0,,,,,,,,,,,,,,,,False,baja,2,Interior ofensivo,2.8011221356098592
FRA-Ligue 1,2526,Metz,Heorhii Tsitaishvili,GEO,"MF,DF",24.0,2000.0,33.0,28.0,2449.0,27.2,3.0,2.0,5.0,3.0,0.0,0.0,3.0,0.0,0.11,0.07,0.18,0.11,0.18,27.2,3.0,31.0,8.0,25.8,1.14,0.29,0.1,0.38,0.0,0.0,74.0,80.0,28,84.0,16,5,19.0,0,0.48,25.0,59.0,-34.0,-1.25,0.22,0.0,23.0,36.0,6.0,160.0,14.0,12.0,,,0.0,,,,,,,,,,,,,,,,True,alta,2,Interior ofensivo,2.27997910038415
FRA-Ligue 1,2526,Metz,Ibou Sané,SEN,"FW,MF",20.0,2005.0,16.0,5.0,541.0,6.0,1.0,1.0,2.0,1.0,0.0,0.0,2.0,0.0,0.17,0.17,0.33,0.17,0.33,6.0,1.0,6.0,3.0,50.0,1.0,0.5,0.17,0.33,0.0,0.0,34.0,17.7,5,76.0,0,11,14.0,4,0.75,8.0,11.0,-3.0,-0.5,0.97,0.0,9.0,15.0,3.0,14.0,1.0,3.0,,,0.0,,,,,,,,,,,,,,,,False,baja,0,Interior de conducción,2.9830698873406263
FRA-Ligue 1,2526,Metz,Jean-Philippe Gbamin,CIV,"DF,MF",29.0,1995.0,31.0,30.0,2485.0,27.6,1.0,1.0,2.0,1.0,0.0,0.0,2.0,1.0,0.04,0.04,0.07,0.04,0.07,27.6,1.0,14.0,7.0,50.0,0.51,0.25,0.07,0.14,0.0,0.0,80.0,81.2,30,82.0,25,1,26.0,0,0.48,27.0,63.0,-36.0,-1.3,-0.05,0.0,25.0,8.0,0.0,5.0,27.0,27.0,,,0.0,,,,,,,,,,,,,,,,True,alta,3,Pivote destructor,2.7782065318956906
FRA-Ligue 1,2526,Metz,Jessy Deminguet,FRA,MF,27.0,1998.0,31.0,25.0,1995.0,22.2,2.0,0.0,2.0,2.0,0.0,0.0,4.0,0.0,0.09,0.0,0.09,0.09,0.09,22.2,2.0,17.0,7.0,41.2,0.77,0.32,0.12,0.29,0.0,0.0,64.0,65.2,25,75.0,1,6,22.0,0,0.52,18.0,47.0,-29.0,-1.31,-0.04,0.0,28.0,32.0,0.0,19.0,22.0,21.0,,,0.0,,,,,,,,,,,,,,,,True,alta,3,Pivote destructor,1.6233816061213822
FRA-Ligue 1,2526,Metz,Koffi Kouao,CIV,"DF,MF",27.0,1998.0,27.0,27.0,2265.0,25.2,2.0,1.0,3.0,2.0,0.0,0.0,10.0,0.0,0.08,0.04,0.12,0.08,0.12,25.2,2.0,23.0,10.0,43.5,0.91,0.4,0.09,0.2,0.0,0.0,84.0,74.0,27,84.0,18,0,,5,0.56,21.0,48.0,-27.0,-1.07,0.85,0.0,32.0,33.0,3.0,59.0,28.0,46.0,,,1.0,,,,,,,,,,,,,,,,True,alta,3,Pivote destructor,2.142502303729655
FRA-Ligue 1,2526,Metz,Michel Mboula,GAB,"DF,MF",22.0,2003.0,14.0,10.0,746.0,8.3,0.0,0.0,0.0,0.0,0.0,0.0,2.0,0.0,0.0,0.0,0.0,0.0,0.0,8.3,0.0,2.0,1.0,50.0,0.24,0.12,0.0,0.0,0.0,0.0,53.0,24.4,10,68.0,4,4,16.0,7,0.43,8.0,14.0,-6.0,-0.72,0.75,0.0,9.0,11.0,0.0,8.0,15.0,10.0,,,1.0,,,,,,,,,,,,,,,,False,baja,3,Pivote destructor,2.198119047317336
FRA-Ligue 1,2526,Monaco,Aladji Bamba,FRA,MF,19.0,2006.0,18.0,10.0,816.0,9.1,0.0,2.0,2.0,0.0,0.0,0.0,2.0,0.0,0.0,0.22,0.22,0.0,0.22,9.1,0.0,2.0,1.0,50.0,0.22,0.11,0.0,0.0,0.0,0.0,45.0,26.7,10,60.0,1,8,28.0,8,2.17,18.0,17.0,1.0,0.11,-0.09,0.0,23.0,18.0,0.0,4.0,8.0,20.0,,,0.0,,,,,,,,,,,,,,,,False,baja,3,Pivote destructor,3.678027921700281
FRA-Ligue 1,2526,Monaco,Aleksandr Golovin,RUS,MF,29.0,1996.0,25.0,21.0,1649.0,18.3,5.0,5.0,10.0,5.0,0.0,0.0,4.0,1.0,0.27,0.27,0.55,0.27,0.55,18.3,5.0,34.0,18.0,52.9,1.86,0.98,0.15,0.28,0.0,0.0,66.0,53.9,21,74.0,4,4,26.0,2,1.72,28.0,19.0,9.0,0.49,0.68,1.0,29.0,18.0,2.0,37.0,21.0,18.0,,,0.0,,,,,,,,,,,,,,,,True,alta,0,Interior de conducción,2.2485503725770664
FRA-Ligue 1,2526,Monaco,Ansu Fati,ESP,"MF,FW",22.0,2002.0,25.0,10.0,1093.0,12.1,11.0,0.0,11.0,8.0,3.0,4.0,1.0,0.0,0.91,0.0,0.91,0.66,0.66,12.1,11.0,43.0,24.0,55.8,3.54,1.98,0.26,0.46,3.0,4.0,44.0,35.7,10,71.0,2,15,26.0,1,1.64,27.0,23.0,4.0,0.33,0.24,0.0,9.0,6.0,3.0,8.0,2.0,9.0,,,0.0,,,,,,,,,,,,,,,,True,alta,2,Interior ofensivo,3.4254078583354723
FRA-Ligue 1,2526,Monaco,Caio Henrique,BRA,"DF,MF",28.0,1997.0,22.0,17.0,1536.0,17.1,0.0,2.0,2.0,0.0,0.0,0.0,2.0,0.0,0.0,0.12,0.12,0.0,0.12,17.1,0.0,2.0,0.0,0.0,0.12,0.0,0.0,,0.0,0.0,70.0,50.2,17,85.0,14,5,19.0,2,1.55,24.0,24.0,0.0,0.0,-0.35,0.0,13.0,17.0,1.0,90.0,12.0,11.0,,,0.0,,,,,,,,,,,,,,,,True,alta,1,Carrilero,2.4735435539981063
FRA-Ligue 1,2526,Monaco,Christian Mawissa,FRA,"DF,MF",20.0,2005.0,18.0,13.0,1191.0,13.2,0.0,0.0,0.0,0.0,0.0,0.0,4.0,0.0,0.0,0.0,0.0,0.0,0.0,13.2,0.0,2.0,1.0,50.0,0.15,0.08,0.0,0.0,0.0,0.0,66.0,38.9,13,82.0,9,5,26.0,2,1.78,23.0,22.0,1.0,0.08,-0.17,0.0,12.0,12.0,0.0,5.0,15.0,25.0,,,0.0,,,,,,,,,,,,,,,,True,alta,3,Pivote destructor,2.457370094297159
FRA-Ligue 1,2526,Monaco,Denis Zakaria,SUI,"DF,MF",28.0,1996.0,24.0,23.0,2031.0,22.6,2.0,1.0,3.0,2.0,0.0,0.0,4.0,1.0,0.09,0.04,0.13,0.09,0.13,22.6,2.0,18.0,3.0,16.7,0.8,0.13,0.11,0.67,0.0,0.0,85.0,66.4,23,88.0,19,1,12.0,0,1.67,40.0,32.0,8.0,0.35,0.53,0.0,26.0,7.0,0.0,11.0,45.0,25.0,,,1.0,,,,,,,,,,,,,,,,True,alta,3,Pivote destructor,2.4930619522783055
FRA-Ligue 1,2526,Monaco,Jordan Teze,NED,"MF,DF",25.0,1999.0,33.0,28.0,2489.0,27.7,1.0,2.0,3.0,1.0,0.0,0.0,8.0,0.0,0.04,0.07,0.11,0.04,0.11,27.7,1.0,14.0,5.0,35.7,0.51,0.18,0.07,0.2,0.0,0.0,75.0,81.3,28,83.0,18,5,35.0,1,1.55,52.0,44.0,8.0,0.29,0.6,0.0,32.0,25.0,3.0,64.0,30.0,45.0,,,0.0,,,,,,,,,,,,,,,,True,alta,3,Pivote destructor,1.6613543593169662
FRA-Ligue 1,2526,Monaco,Kassoum Ouattara,FRA,"MF,DF",20.0,2004.0,15.0,12.0,967.0,10.7,0.0,3.0,3.0,0.0,0.0,0.0,3.0,0.0,0.0,0.28,0.28,0.0,0.28,10.7,0.0,12.0,0.0,0.0,1.12,0.0,0.0,,0.0,0.0,64.0,31.6,12,75.0,5,3,23.0,7,1.4,18.0,20.0,-2.0,-0.19,-0.53,0.0,22.0,10.0,1.0,50.0,19.0,19.0,,,0.0,,,,,,,,,,,,,,,,True,alta,3,Pivote destructor,3.7211348775192077
FRA-Ligue 1,2526,Monaco,Krépin Diatta,SEN,"MF,DF",26.0,1999.0,18.0,10.0,1013.0,11.3,0.0,1.0,1.0,0.0,0.0,0.0,2.0,0.0,0.0,0.09,0.09,0.0,0.09,11.3,0.0,7.0,1.0,14.3,0.62,0.09,0.0,0.0,0.0,0.0,56.0,33.1,10,78.0,6,8,29.0,1,1.72,21.0,17.0,4.0,0.36,0.27,0.0,8.0,10.0,4.0,39.0,15.0,16.0,,,0.0,,,,,,,,,,,,,,,,True,alta,1,Carrilero,2.471412977618671
FRA-Ligue 1,2526,Monaco,Lamine Camara,SEN,MF,21.0,2004.0,24.0,22.0,1847.0,20.5,3.0,4.0,7.0,3.0,0.0,0.0,6.0,0.0,0.15,0.19,0.34,0.15,0.34,20.5,3.0,25.0,4.0,16.0,1.22,0.19,0.12,0.75,0.0,0.0,77.0,60.4,22,82.0,15,2,17.0,0,1.88,40.0,27.0,13.0,0.63,1.15,0.0,28.0,48.0,0.0,101.0,38.0,33.0,,,0.0,,,,,,,,,,,,,,,,True,alta,0,Interior de conducción,3.4783617865795393
FRA-Ligue 1,2526,Monaco,Maghnes Akliouche,FRA,"MF,FW",23.0,2002.0,31.0,28.0,2400.0,26.7,6.0,6.0,12.0,6.0,0.0,0.0,3.0,0.0,0.23,0.23,0.45,0.23,0.45,26.7,6.0,48.0,19.0,39.6,1.8,0.71,0.13,0.32,0.0,0.0,77.0,78.4,28,82.0,16,3,33.0,1,1.55,48.0,38.0,10.0,0.37,0.92,0.0,29.0,36.0,9.0,53.0,18.0,26.0,,,0.0,,,,,,,,,,,,,,,,True,alta,2,Interior ofensivo,1.5401407484718705
FRA-Ligue 1,2526,Monaco,Mamadou Coulibaly,FRA,MF,21.0,2004.0,25.0,15.0,1381.0,15.3,3.0,3.0,6.0,3.0,0.0,0.0,7.0,1.0,0.2,0.2,0.39,0.2,0.39,15.3,3.0,13.0,5.0,38.5,0.85,0.33,0.23,0.6,0.0,0.0,55.0,45.1,15,75.0,5,10,25.0,4,1.6,27.0,30.0,-3.0,-0.2,-0.68,0.0,31.0,16.0,3.0,15.0,21.0,21.0,,,0.0,,,,,,,,,,,,,,,,True,alta,0,Interior de conducción,3.04039422590364
FRA-Ligue 1,2526,Monaco,Simon Adingra,CIV,"MF,FW",23.0,2002.0,14.0,10.0,855.0,9.5,3.0,2.0,5.0,3.0,0.0,0.0,0.0,0.0,0.32,0.21,0.53,0.32,0.53,9.5,3.0,22.0,6.0,27.3,2.32,0.63,0.14,0.5,0.0,0.0,61.0,27.9,10,75.0,2,4,27.0,0,1.93,19.0,15.0,4.0,0.42,0.34,0.0,7.0,8.0,2.0,29.0,6.0,9.0,,,0.0,,,,,,,,,,,,,,,,False,baja,2,Interior ofensivo,2.022419107083033
FRA-Ligue 1,2526,Monaco,Takumi Minamino,JPN,MF,30.0,1995.0,15.0,11.0,944.0,10.5,3.0,2.0,5.0,3.0,0.0,0.0,4.0,0.0,0.29,0.19,0.48,0.29,0.48,10.5,3.0,21.0,7.0,33.3,2.0,0.67,0.14,0.43,0.0,0.0,63.0,30.8,11,78.0,1,4,22.0,1,1.53,17.0,14.0,3.0,0.29,0.16,0.0,10.0,8.0,3.0,8.0,3.0,3.0,,,0.0,,,,,,,,,,,,,,,,True,alta,2,Interior ofensivo,2.9694429965755504
FRA-Ligue 1,2526,Monaco,Vanderson,BRA,"DF,MF",24.0,2001.0,14.0,7.0,616.0,6.8,0.0,2.0,2.0,0.0,0.0,0.0,4.0,0.0,0.0,0.29,0.29,0.0,0.29,6.8,0.0,3.0,0.0,0.0,0.44,0.0,0.0,,0.0,0.0,44.0,20.1,7,66.0,2,7,22.0,1,1.43,9.0,11.0,-2.0,-0.29,-0.59,0.0,15.0,2.0,0.0,33.0,19.0,13.0,,,0.0,,,,,,,,,,,,,,,,False,baja,3,Pivote destructor,5.142163179220044
FRA-Ligue 1,2526,Nantes,Bahereba Guirassy,FRA,"FW,MF",18.0,2006.0,20.0,9.0,821.0,9.1,2.0,1.0,3.0,2.0,0.0,0.0,2.0,0.0,0.22,0.11,0.33,0.22,0.33,9.1,2.0,15.0,7.0,46.7,1.64,0.77,0.13,0.29,0.0,0.0,41.0,27.6,9,65.0,0,11,21.0,8,0.85,9.0,11.0,-2.0,-0.22,0.66,0.0,15.0,9.0,3.0,24.0,5.0,13.0,,,0.0,,,,,,,,,,,,,,,,False,baja,0,Interior de conducción,1.7967432469954667
FRA-Ligue 1,2526,Nantes,Dehmaine Assoumani,FRA,MF,20.0,2005.0,27.0,14.0,1276.0,14.2,1.0,0.0,1.0,1.0,0.0,0.0,5.0,0.0,0.07,0.0,0.07,0.07,0.07,14.2,1.0,29.0,7.0,24.1,2.05,0.49,0.03,0.14,0.0,0.0,47.0,43.0,14,74.0,2,13,19.0,1,0.7,14.0,19.0,-5.0,-0.35,0.6,0.0,23.0,20.0,0.0,88.0,16.0,18.0,,,0.0,,,,,,,,,,,,,,,,True,alta,0,Interior de conducción,3.2021837427762647
FRA-Ligue 1,2526,Nantes,Deiver Machado,COL,"DF,MF",31.0,1993.0,14.0,12.0,907.0,10.1,0.0,1.0,1.0,0.0,0.0,0.0,2.0,0.0,0.0,0.1,0.1,0.0,0.1,10.1,0.0,7.0,1.0,14.3,0.69,0.1,0.0,0.0,0.0,0.0,65.0,30.5,12,70.0,6,2,37.0,1,0.86,8.0,13.0,-5.0,-0.5,0.29,0.0,21.0,20.0,4.0,22.0,8.0,16.0,,,0.0,,,,,,,,,,,,,,,,True,alta,0,Interior de conducción,3.006877807783467
FRA-Ligue 1,2526,Nantes,Fabien Centonze,FRA,"MF,DF",29.0,1996.0,15.0,9.0,736.0,8.2,3.0,0.0,3.0,3.0,0.0,0.0,4.0,0.0,0.37,0.0,0.37,0.37,0.37,8.2,3.0,8.0,3.0,37.5,0.98,0.37,0.38,1.0,0.0,0.0,49.0,24.8,9,77.0,5,6,8.0,2,0.8,7.0,13.0,-6.0,-0.73,-0.05,0.0,13.0,8.0,1.0,30.0,20.0,18.0,,,0.0,,,,,,,,,,,,,,,,False,baja,3,Pivote destructor,4.389865077263404
FRA-Ligue 1,2526,Nantes,Francis Coquelin,FRA,MF,34.0,1991.0,16.0,8.0,655.0,7.3,0.0,1.0,1.0,0.0,0.0,0.0,2.0,0.0,0.0,0.14,0.14,0.0,0.14,7.3,0.0,6.0,1.0,16.7,0.82,0.14,0.0,0.0,0.0,0.0,41.0,22.1,8,64.0,0,8,18.0,1,1.0,5.0,6.0,-1.0,-0.14,0.72,0.0,15.0,7.0,0.0,1.0,5.0,13.0,,,0.0,,,,,,,,,,,,,,,,False,baja,3,Pivote destructor,2.444495445152039
FRA-Ligue 1,2526,Nantes,Frederic Guilbert,FRA,"DF,MF",30.0,1994.0,8.0,7.0,607.0,6.7,0.0,0.0,0.0,0.0,0.0,0.0,1.0,0.0,0.0,0.0,0.0,0.0,0.0,6.7,0.0,7.0,2.0,28.6,1.04,0.3,0.0,0.0,0.0,0.0,76.0,20.4,7,84.0,3,1,16.0,3,0.75,5.0,6.0,-1.0,-0.15,0.69,0.0,7.0,13.0,0.0,17.0,19.0,12.0,,,0.0,,,,,,,,,,,,,,,,False,baja,3,Pivote destructor,3.5624116660919407
FRA-Ligue 1,2526,Nantes,Ibrahima Sissoko,MLI,"MF,DF",27.0,1997.0,13.0,9.0,803.0,8.9,0.0,0.0,0.0,0.0,0.0,0.0,4.0,0.0,0.0,0.0,0.0,0.0,0.0,8.9,0.0,6.0,0.0,0.0,0.67,0.0,0.0,,0.0,0.0,62.0,27.0,9,83.0,4,4,15.0,2,0.5,9.0,16.0,-7.0,-0.78,-0.12,0.0,25.0,8.0,2.0,6.0,16.0,7.0,,,0.0,,,,,,,,,,,,,,,,False,baja,3,Pivote destructor,3.615857383823126
FRA-Ligue 1,2526,Nantes,Johann Lepenant,FRA,MF,22.0,2002.0,27.0,23.0,2173.0,24.1,0.0,1.0,1.0,0.0,0.0,0.0,4.0,0.0,0.0,0.04,0.04,0.0,0.04,24.1,0.0,22.0,7.0,31.8,0.91,0.29,0.0,0.0,0.0,0.0,80.0,73.2,23,88.0,17,4,40.0,0,0.68,21.0,33.0,-12.0,-0.5,0.75,0.0,29.0,48.0,0.0,73.0,26.0,47.0,,,0.0,,,,,,,,,,,,,,,,True,alta,3,Pivote destructor,2.5270566985008496
FRA-Ligue 1,2526,Nantes,Junior Mwanga,FRA,MF,22.0,2003.0,15.0,15.0,1260.0,14.0,1.0,1.0,2.0,1.0,0.0,0.0,2.0,1.0,0.07,0.07,0.14,0.07,0.14,14.0,1.0,9.0,3.0,33.3,0.64,0.21,0.11,0.33,0.0,0.0,84.0,42.4,15,84.0,12,0,,0,0.73,15.0,27.0,-12.0,-0.86,-0.28,0.0,15.0,14.0,0.0,5.0,8.0,14.0,,,0.0,,,,,,,,,,,,,,,,True,alta,3,Pivote destructor,1.9778025293276646
FRA-Ligue 1,2526,Nantes,Kwon Hyeokkyu,KOR,MF,24.0,2001.0,12.0,9.0,753.0,8.4,0.0,0.0,0.0,0.0,0.0,0.0,2.0,0.0,0.0,0.0,0.0,0.0,0.0,8.4,0.0,3.0,0.0,0.0,0.36,0.0,0.0,,0.0,0.0,63.0,25.4,9,77.0,2,3,20.0,4,0.83,6.0,14.0,-8.0,-0.96,-0.35,0.0,11.0,10.0,0.0,1.0,6.0,6.0,,,0.0,,,,,,,,,,,,,,,,False,baja,3,Pivote destructor,2.3519722445591493
FRA-Ligue 1,2526,Nantes,Louis Leroux,FRA,"MF,DF",19.0,2006.0,23.0,16.0,1441.0,16.0,1.0,1.0,2.0,1.0,0.0,0.0,2.0,0.0,0.06,0.06,0.12,0.06,0.12,16.0,1.0,15.0,3.0,20.0,0.94,0.19,0.07,0.33,0.0,0.0,63.0,48.5,16,79.0,7,7,24.0,3,0.87,13.0,24.0,-11.0,-0.69,0.02,0.0,12.0,14.0,1.0,30.0,5.0,23.0,,,0.0,,,,,,,,,,,,,,,,True,alta,1,Carrilero,1.9080906401934656
FRA-Ligue 1,2526,Nantes,Matthis Abline,FRA,"FW,MF",22.0,2003.0,32.0,27.0,2494.0,27.7,6.0,4.0,10.0,6.0,0.0,1.0,6.0,0.0,0.22,0.14,0.36,0.22,0.36,27.7,6.0,84.0,22.0,26.2,3.03,0.79,0.07,0.27,0.0,1.0,78.0,84.0,27,88.0,19,5,26.0,0,0.64,25.0,49.0,-24.0,-0.87,-1.06,0.0,32.0,42.0,5.0,62.0,9.0,13.0,,,0.0,,,,,,,,,,,,,,,,True,alta,2,Interior ofensivo,1.5163760102617805
FRA-Ligue 1,2526,Nantes,Mohamed Kaba,GUI,MF,23.0,2001.0,12.0,11.0,918.0,10.2,0.0,2.0,2.0,0.0,0.0,0.0,2.0,0.0,0.0,0.2,0.2,0.0,0.2,10.2,0.0,11.0,6.0,54.5,1.08,0.59,0.0,0.0,0.0,0.0,77.0,30.9,11,81.0,3,1,31.0,0,0.69,10.0,10.0,0.0,0.0,1.01,0.0,13.0,27.0,0.0,2.0,14.0,15.0,,,0.0,,,,,,,,,,,,,,,,True,alta,3,Pivote destructor,3.0545261291987216
FRA-Ligue 1,2526,Nantes,Rémy Cabella,FRA,"MF,FW",35.0,1990.0,11.0,6.0,572.0,6.4,2.0,0.0,2.0,1.0,1.0,1.0,1.0,0.0,0.31,0.0,0.31,0.16,0.16,6.4,2.0,9.0,5.0,55.6,1.42,0.79,0.22,0.4,1.0,1.0,52.0,19.3,6,82.0,4,5,16.0,4,0.67,8.0,14.0,-6.0,-0.94,-0.31,0.0,7.0,11.0,2.0,37.0,6.0,7.0,,,0.0,,,,,,,,,,,,,,,,False,baja,0,Interior de conducción,2.7181899828682856
FRA-Ligue 1,2526,Nantes,Yassine Benhattab,FRA,"MF,FW",22.0,2002.0,10.0,5.0,477.0,5.3,0.0,0.0,0.0,0.0,0.0,0.0,0.0,0.0,0.0,0.0,0.0,0.0,0.0,5.3,0.0,4.0,1.0,25.0,0.75,0.19,0.0,0.0,0.0,0.0,48.0,16.1,5,67.0,0,5,28.0,4,0.6,3.0,9.0,-6.0,-1.13,-0.52,0.0,3.0,3.0,1.0,25.0,0.0,6.0,,,0.0,,,,,,,,,,,,,,,,False,baja,1,Carrilero,3.863810860472488
FRA-Ligue 1,2526,Nice,Ali Abdi,TUN,"MF,DF",31.0,1993.0,22.0,13.0,1187.0,13.2,3.0,0.0,3.0,3.0,0.0,0.0,4.0,1.0,0.23,0.0,0.23,0.23,0.23,13.2,3.0,16.0,4.0,25.0,1.21,0.3,0.19,0.75,0.0,0.0,54.0,38.8,13,76.0,7,9,23.0,2,0.68,19.0,17.0,2.0,0.15,1.35,1.0,22.0,18.0,1.0,33.0,10.0,11.0,,,0.0,,,,,,,,,,,,,,,,True,alta,0,Interior de conducción,2.110791435516741
FRA-Ligue 1,2526,Nice,Charles Vanhoutte,BEL,MF,26.0,1998.0,26.0,21.0,1772.0,19.7,0.0,2.0,2.0,0.0,0.0,0.0,7.0,0.0,0.0,0.1,0.1,0.0,0.1,19.7,0.0,5.0,1.0,20.0,0.25,0.05,0.0,0.0,0.0,0.0,68.0,57.9,21,81.0,10,5,15.0,3,1.04,23.0,33.0,-10.0,-0.51,0.4,0.0,35.0,8.0,0.0,13.0,21.0,28.0,,,0.0,,,,,,,,,,,,,,,,True,alta,3,Pivote destructor,2.3481867919449972
FRA-Ligue 1,2526,Nice,Hicham Boudaoui,ALG,MF,25.0,1999.0,25.0,18.0,1694.0,18.8,1.0,2.0,3.0,1.0,0.0,0.0,5.0,0.0,0.05,0.11,0.16,0.05,0.16,18.8,1.0,21.0,9.0,42.9,1.12,0.48,0.05,0.11,0.0,0.0,68.0,55.4,18,84.0,12,7,27.0,1,0.92,20.0,33.0,-13.0,-0.69,-0.03,0.0,19.0,40.0,2.0,19.0,18.0,16.0,,,0.0,,,,,,,,,,,,,,,,True,alta,0,Interior de conducción,2.017388655580371
FRA-Ligue 1,2526,Nice,Isak Jansson,SWE,"FW,MF",23.0,2002.0,22.0,7.0,644.0,7.2,1.0,0.0,1.0,1.0,0.0,0.0,3.0,0.0,0.14,0.0,0.14,0.14,0.14,7.2,1.0,17.0,11.0,64.7,2.38,1.54,0.06,0.09,0.0,0.0,29.0,21.0,7,57.0,0,15,16.0,4,0.73,5.0,12.0,-7.0,-0.98,-0.38,0.0,10.0,8.0,0.0,16.0,5.0,8.0,,,0.0,,,,,,,,,,,,,,,,False,baja,0,Interior de conducción,2.740432209275693
FRA-Ligue 1,2526,Nice,Jeremie Boga,CIV,"MF,FW",28.0,1997.0,14.0,7.0,646.0,7.2,2.0,2.0,4.0,2.0,0.0,0.0,0.0,0.0,0.28,0.28,0.56,0.28,0.56,7.2,2.0,15.0,5.0,33.3,2.09,0.7,0.13,0.4,0.0,0.0,46.0,21.1,7,74.0,1,7,18.0,0,1.21,11.0,14.0,-3.0,-0.42,0.33,0.0,2.0,11.0,0.0,12.0,3.0,5.0,,,0.0,,,,,,,,,,,,,,,,False,baja,2,Interior ofensivo,3.285108276386637
FRA-Ligue 1,2526,Nice,Jonathan Clauss,FRA,"MF,DF",32.0,1992.0,30.0,28.0,2530.0,28.1,1.0,6.0,7.0,1.0,0.0,0.0,0.0,0.0,0.04,0.21,0.25,0.04,0.25,28.1,1.0,23.0,6.0,26.1,0.82,0.21,0.04,0.17,0.0,0.0,84.0,82.7,28,88.0,25,2,38.0,0,0.83,28.0,54.0,-26.0,-0.92,-1.43,0.0,22.0,17.0,1.0,223.0,47.0,38.0,,,0.0,,,,,,,,,,,,,,,,True,alta,1,Carrilero,3.0716652493931607
FRA-Ligue 1,2526,Nice,Kaïl Boudache,FRA,"MF,FW",19.0,2006.0,13.0,3.0,531.0,5.9,1.0,0.0,1.0,1.0,0.0,0.0,1.0,0.0,0.17,0.0,0.17,0.17,0.17,5.9,1.0,13.0,2.0,15.4,2.2,0.34,0.08,0.5,0.0,0.0,41.0,17.4,3,59.0,0,10,35.0,2,0.77,5.0,9.0,-4.0,-0.68,0.0,0.0,5.0,4.0,0.0,8.0,6.0,9.0,,,0.0,,,,,,,,,,,,,,,,False,baja,3,Pivote destructor,2.9461371039259663
FRA-Ligue 1,2526,Nice,Melvin Bard,FRA,"DF,MF",24.0,2000.0,29.0,26.0,2394.0,26.6,2.0,1.0,3.0,2.0,0.0,0.0,4.0,0.0,0.08,0.04,0.11,0.08,0.11,26.6,2.0,15.0,5.0,33.3,0.56,0.19,0.13,0.4,0.0,0.0,83.0,78.2,26,88.0,23,3,39.0,0,0.9,25.0,51.0,-26.0,-0.98,-1.38,0.0,26.0,27.0,3.0,77.0,41.0,29.0,,,0.0,,,,,,,,,,,,,,,,True,alta,1,Carrilero,2.001944792435682
FRA-Ligue 1,2526,Nice,Mohamed Ali Cho,FRA,"FW,MF",21.0,2004.0,24.0,20.0,1667.0,18.5,4.0,3.0,7.0,4.0,0.0,0.0,1.0,0.0,0.22,0.16,0.38,0.22,0.38,18.5,4.0,32.0,14.0,43.8,1.73,0.76,0.13,0.29,0.0,0.0,69.0,54.5,20,76.0,4,4,37.0,0,0.67,21.0,35.0,-14.0,-0.76,-0.17,0.0,14.0,32.0,5.0,39.0,4.0,9.0,,,0.0,,,,,,,,,,,,,,,,True,alta,2,Interior ofensivo,1.3852776473287476
FRA-Ligue 1,2526,Nice,Morgan Sanson,FRA,MF,30.0,1994.0,31.0,20.0,1772.0,19.7,0.0,2.0,2.0,0.0,0.0,0.0,4.0,0.0,0.0,0.1,0.1,0.0,0.1,19.7,0.0,19.0,4.0,21.1,0.97,0.2,0.0,0.0,0.0,0.0,57.0,57.9,20,79.0,7,11,17.0,0,0.9,14.0,39.0,-25.0,-1.27,-1.41,0.0,35.0,21.0,2.0,39.0,24.0,25.0,,,0.0,,,,,,,,,,,,,,,,True,alta,3,Pivote destructor,1.7256326156541506
FRA-Ligue 1,2526,Nice,Salis Abdul Samed,GHA,MF,25.0,2000.0,18.0,12.0,911.0,10.1,0.0,0.0,0.0,0.0,0.0,0.0,3.0,0.0,0.0,0.0,0.0,0.0,0.0,10.1,0.0,1.0,0.0,0.0,0.1,0.0,0.0,,0.0,0.0,51.0,29.8,12,67.0,2,6,18.0,12,1.06,15.0,17.0,-2.0,-0.2,0.68,0.0,19.0,10.0,0.0,2.0,11.0,7.0,,,0.0,,,,,,,,,,,,,,,,True,alta,3,Pivote destructor,2.733962501533279
FRA-Ligue 1,2526,Nice,Sofiane Diop,MAR,"MF,FW",25.0,2000.0,33.0,26.0,2130.0,23.7,8.0,2.0,10.0,6.0,2.0,2.0,5.0,0.0,0.34,0.08,0.42,0.25,0.34,23.7,8.0,54.0,17.0,31.5,2.28,0.72,0.15,0.47,2.0,2.0,65.0,69.6,26,75.0,5,7,27.0,0,0.97,29.0,43.0,-14.0,-0.59,0.28,0.0,22.0,46.0,7.0,37.0,18.0,9.0,,,0.0,,,,,,,,,,,,,,,,True,alta,2,Interior ofensivo,2.0984747907102395
FRA-Ligue 1,2526,Nice,Tiago Gouveia,POR,MF,24.0,2001.0,15.0,5.0,532.0,5.9,0.0,0.0,0.0,0.0,0.0,0.0,3.0,0.0,0.0,0.0,0.0,0.0,0.0,5.9,0.0,12.0,4.0,33.3,2.03,0.68,0.0,0.0,0.0,0.0,35.0,17.4,5,69.0,2,10,19.0,5,1.06,6.0,17.0,-11.0,-1.86,-1.43,0.0,6.0,9.0,0.0,4.0,9.0,3.0,,,0.0,,,,,,,,,,,,,,,,False,baja,3,Pivote destructor,3.603224247261216
FRA-Ligue 1,2526,Nice,Tom Louchet,FRA,MF,22.0,2003.0,27.0,14.0,1367.0,15.2,3.0,2.0,5.0,3.0,0.0,0.0,1.0,1.0,0.2,0.13,0.33,0.2,0.33,15.2,3.0,21.0,6.0,28.6,1.38,0.4,0.14,0.5,0.0,0.0,51.0,44.7,14,79.0,4,13,20.0,4,1.07,15.0,28.0,-13.0,-0.86,-0.32,0.0,16.0,13.0,0.0,51.0,9.0,17.0,,,0.0,,,,,,,,,,,,,,,,True,alta,1,Carrilero,2.1295322499044285
FRA-Ligue 1,2526,PSG,Dro Fernández,ESP,MF,17.0,2008.0,12.0,7.0,682.0,7.6,1.0,0.0,1.0,1.0,0.0,0.0,0.0,0.0,0.13,0.0,0.13,0.13,0.13,7.6,1.0,9.0,3.0,33.3,1.19,0.4,0.11,0.33,0.0,0.0,57.0,22.3,7,77.0,4,5,28.0,3,2.08,15.0,7.0,8.0,1.06,-0.34,0.0,8.0,12.0,0.0,4.0,9.0,5.0,,,0.0,,,,,,,,,,,,,,,,False,baja,3,Pivote destructor,3.5070759078296416
FRA-Ligue 1,2526,PSG,Désiré Doué,FRA,"FW,MF",20.0,2005.0,23.0,16.0,1348.0,15.0,7.0,4.0,11.0,7.0,0.0,1.0,0.0,0.0,0.47,0.27,0.73,0.47,0.73,15.0,7.0,55.0,19.0,34.5,3.67,1.27,0.13,0.37,0.0,1.0,59.0,44.1,16,69.0,2,7,34.0,2,2.35,34.0,14.0,20.0,1.34,0.02,0.0,24.0,28.0,0.0,56.0,12.0,20.0,,,0.0,,,,,,,,,,,,,,,,True,alta,2,Interior ofensivo,3.97685067642237
FRA-Ligue 1,2526,PSG,Fabián Ruiz Peña,ESP,MF,29.0,1996.0,20.0,13.0,1131.0,12.6,1.0,4.0,5.0,1.0,0.0,0.0,2.0,0.0,0.08,0.32,0.4,0.08,0.4,12.6,1.0,19.0,4.0,21.1,1.51,0.32,0.05,0.25,0.0,0.0,57.0,37.0,13,74.0,6,7,24.0,0,2.3,26.0,12.0,14.0,1.11,-0.33,0.0,2.0,3.0,2.0,21.0,17.0,11.0,,,0.0,,,,,,,,,,,,,,,,True,alta,1,Carrilero,3.364021105032008
FRA-Ligue 1,2526,PSG,Ibrahim Mbaye,SEN,"FW,MF",17.0,2008.0,24.0,10.0,1006.0,11.2,3.0,2.0,5.0,3.0,0.0,0.0,0.0,0.0,0.27,0.18,0.45,0.27,0.45,11.2,3.0,24.0,10.0,41.7,2.15,0.89,0.13,0.3,0.0,0.0,42.0,32.9,10,69.0,3,14,23.0,6,2.29,23.0,11.0,12.0,1.07,-0.37,0.0,10.0,13.0,2.0,16.0,4.0,7.0,,,0.0,,,,,,,,,,,,,,,,True,alta,2,Interior ofensivo,1.537950783702825
FRA-Ligue 1,2526,PSG,João Neves,POR,MF,20.0,2004.0,21.0,13.0,1287.0,14.3,5.0,1.0,6.0,5.0,0.0,0.0,0.0,0.0,0.35,0.07,0.42,0.35,0.42,14.3,5.0,27.0,6.0,22.2,1.89,0.42,0.19,0.83,0.0,0.0,61.0,42.1,13,80.0,7,8,31.0,2,2.38,35.0,14.0,21.0,1.47,0.25,0.0,13.0,13.0,0.0,4.0,6.0,14.0,,,0.0,,,,,,,,,,,,,,,,True,alta,2,Interior ofensivo,3.4576311266085504
FRA-Ligue 1,2526,PSG,Lee Kang-in,KOR,"MF,FW",24.0,2001.0,27.0,18.0,1519.0,16.9,3.0,4.0,7.0,3.0,0.0,0.0,3.0,0.0,0.18,0.24,0.41,0.18,0.41,16.9,3.0,37.0,15.0,40.5,2.19,0.89,0.08,0.2,0.0,0.0,56.0,49.6,18,71.0,6,9,27.0,2,2.11,37.0,16.0,21.0,1.24,-0.16,0.0,18.0,19.0,3.0,113.0,1.0,9.0,,,0.0,,,,,,,,,,,,,,,,True,alta,2,Interior ofensivo,2.2813972452541984
FRA-Ligue 1,2526,PSG,Lucas Beraldo,BRA,"DF,MF",21.0,2003.0,20.0,18.0,1567.0,17.4,2.0,1.0,3.0,2.0,0.0,0.0,2.0,0.0,0.11,0.06,0.17,0.11,0.17,17.4,2.0,14.0,4.0,28.6,0.8,0.23,0.14,0.5,0.0,0.0,78.0,51.2,18,84.0,14,2,25.0,13,2.3,38.0,15.0,23.0,1.32,-0.01,0.0,15.0,7.0,0.0,2.0,18.0,21.0,,,0.0,,,,,,,,,,,,,,,,True,alta,3,Pivote destructor,2.4709081950326746
FRA-Ligue 1,2526,PSG,Senny Mayulu,FRA,"MF,FW",19.0,2006.0,26.0,21.0,1672.0,18.6,4.0,4.0,8.0,4.0,0.0,0.0,3.0,0.0,0.22,0.22,0.43,0.22,0.43,18.6,4.0,35.0,11.0,31.4,1.88,0.59,0.11,0.36,0.0,0.0,64.0,54.6,21,73.0,6,5,29.0,0,2.12,37.0,15.0,22.0,1.18,-0.31,0.0,24.0,20.0,1.0,27.0,12.0,31.0,,,0.0,,,,,,,,,,,,,,,,True,alta,0,Interior de conducción,2.259973712141611
FRA-Ligue 1,2526,PSG,Vitinha,POR,MF,25.0,2000.0,29.0,24.0,2119.0,23.5,1.0,7.0,8.0,1.0,0.0,0.0,2.0,0.0,0.04,0.3,0.34,0.04,0.34,23.5,1.0,34.0,10.0,29.4,1.44,0.42,0.03,0.1,0.0,0.0,73.0,69.2,24,81.0,18,5,35.0,2,2.24,50.0,19.0,31.0,1.32,-0.02,0.0,14.0,21.0,0.0,21.0,26.0,20.0,,,0.0,,,,,,,,,,,,,,,,True,alta,1,Carrilero,2.5598917434981403
FRA-Ligue 1,2526,PSG,Warren Zaïre-Emery,FRA,"DF,MF",19.0,2006.0,32.0,27.0,2447.0,27.2,3.0,4.0,7.0,3.0,0.0,0.0,3.0,0.0,0.11,0.15,0.26,0.11,0.26,27.2,3.0,19.0,7.0,36.8,0.7,0.26,0.16,0.43,0.0,0.0,76.0,80.0,27,83.0,18,5,39.0,0,2.19,60.0,23.0,37.0,1.36,0.19,0.0,35.0,17.0,0.0,15.0,11.0,29.0,,,0.0,,,,,,,,,,,,,,,,True,alta,1,Carrilero,2.54037842571431
FRA-Ligue 1,2526,Paris FC,Adama Camara,FRA,"MF,DF",28.0,1996.0,29.0,26.0,2159.0,24.0,1.0,0.0,1.0,1.0,0.0,0.0,8.0,0.0,0.04,0.0,0.04,0.04,0.04,24.0,1.0,17.0,5.0,29.4,0.71,0.21,0.06,0.2,0.0,0.0,74.0,70.6,26,80.0,9,3,24.0,4,1.38,27.0,34.0,-7.0,-0.29,-0.69,0.0,26.0,18.0,0.0,14.0,38.0,30.0,,,0.0,,,,,,,,,,,,,,,,True,alta,3,Pivote destructor,1.7025191564726
FRA-Ligue 1,2526,Paris FC,Alimami Gory,MLI,"MF,DF",28.0,1996.0,24.0,9.0,982.0,10.9,5.0,1.0,6.0,5.0,0.0,0.0,3.0,0.0,0.46,0.09,0.55,0.46,0.55,10.9,5.0,19.0,6.0,31.6,1.74,0.55,0.26,0.83,0.0,0.0,41.0,32.1,9,69.0,1,15,24.0,3,1.21,13.0,20.0,-7.0,-0.64,-0.81,0.0,12.0,15.0,8.0,10.0,8.0,11.0,,,0.0,,,,,,,,,,,,,,,,True,alta,0,Interior de conducción,2.606906666285412
FRA-Ligue 1,2526,Paris FC,Ilan Kebbal,ALG,"MF,FW",27.0,1998.0,29.0,26.0,2222.0,24.7,9.0,4.0,13.0,6.0,3.0,4.0,7.0,0.0,0.36,0.16,0.53,0.24,0.41,24.7,9.0,49.0,20.0,40.8,1.98,0.81,0.18,0.45,3.0,4.0,77.0,72.6,26,83.0,14,3,22.0,1,1.24,34.0,38.0,-4.0,-0.16,-0.27,0.0,15.0,61.0,3.0,110.0,7.0,15.0,,,0.0,,,,,,,,,,,,,,,,True,alta,2,Interior ofensivo,2.575965974551659
FRA-Ligue 1,2526,Paris FC,Jonathan Ikone,FRA,"MF,FW",27.0,1998.0,23.0,13.0,1100.0,12.2,3.0,1.0,4.0,3.0,0.0,0.0,2.0,0.0,0.25,0.08,0.33,0.25,0.33,12.2,3.0,25.0,6.0,24.0,2.05,0.49,0.12,0.5,0.0,0.0,48.0,35.9,13,68.0,1,10,22.0,2,1.26,15.0,11.0,4.0,0.33,0.65,0.0,13.0,18.0,3.0,7.0,5.0,15.0,,,0.0,,,,,,,,,,,,,,,,True,alta,0,Interior de conducción,2.191716497810465
FRA-Ligue 1,2526,Paris FC,Luca Koleosho,ITA,MF,20.0,2004.0,16.0,3.0,554.0,6.2,3.0,1.0,4.0,3.0,0.0,0.0,0.0,0.0,0.49,0.16,0.65,0.49,0.65,6.2,3.0,17.0,10.0,58.8,2.76,1.62,0.18,0.3,0.0,0.0,35.0,18.1,3,80.0,1,13,24.0,1,1.56,13.0,9.0,4.0,0.65,0.9,0.0,10.0,4.0,1.0,15.0,3.0,15.0,,,0.0,,,,,,,,,,,,,,,,False,baja,2,Interior ofensivo,4.292878973021226
FRA-Ligue 1,2526,Paris FC,Marshall Munetsi,ZIM,MF,29.0,1996.0,15.0,11.0,975.0,10.8,4.0,1.0,5.0,4.0,0.0,0.0,0.0,0.0,0.37,0.09,0.46,0.37,0.46,10.8,4.0,19.0,9.0,47.4,1.75,0.83,0.21,0.44,0.0,0.0,65.0,31.9,11,80.0,5,4,25.0,2,1.67,17.0,10.0,7.0,0.65,1.08,0.0,12.0,9.0,1.0,0.0,3.0,8.0,,,0.0,,,,,,,,,,,,,,,,True,alta,2,Interior ofensivo,3.129256379116508
FRA-Ligue 1,2526,Paris FC,Maxime Lopez,FRA,MF,27.0,1997.0,26.0,22.0,1960.0,21.8,0.0,3.0,3.0,0.0,0.0,0.0,11.0,0.0,0.0,0.14,0.14,0.0,0.14,21.8,0.0,13.0,6.0,46.2,0.6,0.28,0.0,0.0,0.0,0.0,75.0,64.1,22,83.0,17,4,32.0,2,1.19,29.0,36.0,-7.0,-0.32,-0.65,0.0,27.0,8.0,5.0,83.0,11.0,17.0,,,0.0,,,,,,,,,,,,,,,,True,alta,1,Carrilero,3.531728216488499
FRA-Ligue 1,2526,Paris FC,Moses Simon,NGA,"MF,FW",30.0,1995.0,29.0,25.0,2001.0,22.2,3.0,3.0,6.0,3.0,0.0,0.0,1.0,0.0,0.13,0.13,0.27,0.13,0.27,22.2,3.0,34.0,11.0,32.4,1.53,0.49,0.09,0.27,0.0,0.0,69.0,65.4,25,75.0,1,4,33.0,2,1.28,31.0,30.0,1.0,0.04,0.38,0.0,15.0,19.0,11.0,143.0,8.0,11.0,,,0.0,,,,,,,,,,,,,,,,True,alta,2,Interior ofensivo,2.246984308634742
FRA-Ligue 1,2526,Paris FC,Pierre Lees-Melou,FRA,MF,32.0,1993.0,22.0,20.0,1782.0,19.8,1.0,3.0,4.0,1.0,0.0,0.0,7.0,1.0,0.05,0.15,0.2,0.05,0.2,19.8,1.0,27.0,6.0,22.2,1.36,0.3,0.04,0.17,0.0,0.0,81.0,58.2,20,87.0,14,2,18.0,0,1.36,28.0,26.0,2.0,0.1,0.45,1.0,28.0,24.0,0.0,13.0,20.0,35.0,,,0.0,,,,,,,,,,,,,,,,True,alta,3,Pivote destructor,2.1271560538134855
FRA-Ligue 1,2526,Paris FC,Rudy Matondo,FRA,MF,17.0,2008.0,11.0,8.0,743.0,8.3,2.0,0.0,2.0,2.0,0.0,0.0,1.0,1.0,0.24,0.0,0.24,0.24,0.24,8.3,2.0,9.0,5.0,55.6,1.09,0.61,0.22,0.4,0.0,0.0,68.0,24.3,8,81.0,3,3,31.0,0,1.82,12.0,9.0,3.0,0.36,0.6,0.0,15.0,14.0,0.0,8.0,5.0,14.0,,,0.0,,,,,,,,,,,,,,,,False,baja,3,Pivote destructor,3.014620881744363
FRA-Ligue 1,2526,Paris FC,Vincent Marchetti,FRA,MF,28.0,1997.0,23.0,9.0,825.0,9.2,2.0,1.0,3.0,2.0,0.0,0.0,1.0,0.0,0.22,0.11,0.33,0.22,0.33,9.2,2.0,24.0,7.0,29.2,2.62,0.76,0.08,0.29,0.0,0.0,36.0,27.0,9,71.0,1,14,13.0,2,1.17,15.0,19.0,-4.0,-0.44,-0.48,0.0,12.0,4.0,1.0,1.0,5.0,13.0,,,0.0,,,,,,,,,,,,,,,,False,baja,0,Interior de conducción,3.43430175714679
FRA-Ligue 1,2526,Rennes,Arnaud Nordin,FRA,"FW,MF",27.0,1998.0,10.0,7.0,570.0,6.3,1.0,2.0,3.0,1.0,0.0,0.0,1.0,0.0,0.16,0.32,0.47,0.16,0.47,6.3,1.0,20.0,5.0,25.0,3.16,0.79,0.05,0.2,0.0,0.0,57.0,18.6,7,71.0,0,3,24.0,0,1.9,12.0,4.0,8.0,1.26,1.23,0.0,8.0,17.0,1.0,18.0,0.0,6.0,,,0.0,,,,,,,,,,,,,,,,False,baja,2,Interior ofensivo,3.0333844362819655
FRA-Ligue 1,2526,Rennes,Djaoui Cissé,FRA,MF,21.0,2004.0,24.0,12.0,981.0,10.9,0.0,0.0,0.0,0.0,0.0,0.0,3.0,0.0,0.0,0.0,0.0,0.0,0.0,10.9,0.0,24.0,6.0,25.0,2.2,0.55,0.0,0.0,0.0,0.0,41.0,32.1,12,60.0,0,12,22.0,9,1.75,18.0,14.0,4.0,0.37,0.15,0.0,18.0,10.0,0.0,27.0,5.0,22.0,,,0.0,,,,,,,,,,,,,,,,True,alta,3,Pivote destructor,3.2172915990969133
FRA-Ligue 1,2526,Rennes,Ludovic Blas,FRA,"MF,FW",27.0,1997.0,32.0,15.0,1546.0,17.2,5.0,4.0,9.0,3.0,2.0,2.0,1.0,0.0,0.29,0.23,0.52,0.17,0.41,17.2,5.0,47.0,14.0,29.8,2.74,0.82,0.11,0.36,2.0,2.0,48.0,50.5,15,77.0,2,17,23.0,1,1.78,27.0,30.0,-3.0,-0.17,-0.89,0.0,24.0,27.0,5.0,93.0,15.0,10.0,,,0.0,,,,,,,,,,,,,,,,True,alta,2,Interior ofensivo,2.240434981235587
FRA-Ligue 1,2526,Rennes,Mahdi Camara,FRA,MF,27.0,1998.0,32.0,31.0,2653.0,29.5,3.0,1.0,4.0,3.0,0.0,0.0,5.0,1.0,0.1,0.03,0.14,0.1,0.14,29.5,3.0,29.0,12.0,41.4,0.98,0.41,0.1,0.25,0.0,0.0,83.0,86.7,31,85.0,23,1,27.0,0,1.72,54.0,41.0,13.0,0.44,1.33,0.0,39.0,28.0,4.0,28.0,27.0,33.0,,,0.0,,,,,,,,,,,,,,,,True,alta,3,Pivote destructor,1.5350120225334785
FRA-Ligue 1,2526,Rennes,Musa Al-Taamari,JOR,"MF,FW",28.0,1997.0,33.0,25.0,2212.0,24.6,6.0,6.0,12.0,6.0,0.0,0.0,4.0,0.0,0.24,0.24,0.49,0.24,0.49,24.6,6.0,64.0,23.0,35.9,2.6,0.94,0.09,0.26,0.0,0.0,67.0,72.3,25,79.0,4,8,31.0,0,1.79,45.0,32.0,13.0,0.53,0.95,0.0,16.0,27.0,26.0,86.0,11.0,16.0,,,0.0,,,,,,,,,,,,,,,,True,alta,2,Interior ofensivo,1.7614853107427186
FRA-Ligue 1,2526,Rennes,Przemysław Frankowski,POL,"MF,DF",30.0,1995.0,19.0,15.0,1210.0,13.4,1.0,2.0,3.0,1.0,0.0,0.0,5.0,0.0,0.07,0.15,0.22,0.07,0.22,13.4,1.0,9.0,3.0,33.3,0.67,0.22,0.11,0.33,0.0,0.0,64.0,39.5,15,75.0,5,4,21.0,1,1.68,20.0,16.0,4.0,0.3,0.05,0.0,13.0,10.0,1.0,82.0,9.0,25.0,,,0.0,,,,,,,,,,,,,,,,True,alta,1,Carrilero,2.9751703440405777
FRA-Ligue 1,2526,Rennes,Quentin Merlin,FRA,"DF,MF",23.0,2002.0,33.0,27.0,2533.0,28.1,1.0,5.0,6.0,1.0,0.0,0.0,2.0,0.0,0.04,0.18,0.21,0.04,0.21,28.1,1.0,26.0,7.0,26.9,0.92,0.25,0.04,0.14,0.0,0.0,77.0,82.8,27,87.0,23,6,32.0,1,1.76,45.0,43.0,2.0,0.07,-1.12,0.0,22.0,30.0,5.0,156.0,29.0,38.0,,,0.0,,,,,,,,,,,,,,,,True,alta,1,Carrilero,1.936156149575553
FRA-Ligue 1,2526,Rennes,Sebastian Szymański,POL,MF,26.0,1999.0,16.0,10.0,776.0,8.6,1.0,3.0,4.0,1.0,0.0,0.0,2.0,0.0,0.12,0.35,0.46,0.12,0.46,8.6,1.0,12.0,5.0,41.7,1.39,0.58,0.08,0.2,0.0,0.0,49.0,25.4,10,66.0,0,6,19.0,0,1.75,15.0,12.0,3.0,0.35,0.11,0.0,13.0,12.0,4.0,56.0,3.0,10.0,,,0.0,,,,,,,,,,,,,,,,False,baja,0,Interior de conducción,2.845206061590417
FRA-Ligue 1,2526,Rennes,Seko Fofana,CIV,MF,30.0,1995.0,12.0,7.0,655.0,7.3,1.0,0.0,1.0,1.0,0.0,0.0,0.0,0.0,0.14,0.0,0.14,0.14,0.14,7.3,1.0,9.0,3.0,33.3,1.24,0.41,0.11,0.33,0.0,0.0,55.0,21.4,7,83.0,4,5,14.0,1,1.5,9.0,12.0,-3.0,-0.41,-0.86,0.0,3.0,13.0,0.0,7.0,3.0,2.0,,,0.0,,,,,,,,,,,,,,,,False,baja,2,Interior ofensivo,4.115640232186532
FRA-Ligue 1,2526,Rennes,Valentin Rongier,FRA,MF,30.0,1994.0,31.0,31.0,2745.0,30.5,2.0,5.0,7.0,2.0,0.0,0.0,6.0,0.0,0.07,0.16,0.23,0.07,0.23,30.5,2.0,22.0,10.0,45.5,0.72,0.33,0.09,0.2,0.0,0.0,89.0,89.7,31,89.0,30,0,,1,1.77,56.0,44.0,12.0,0.39,1.25,0.0,48.0,26.0,0.0,21.0,36.0,48.0,,,0.0,,,,,,,,,,,,,,,,True,alta,3,Pivote destructor,1.7482888500168676
FRA-Ligue 1,2526,Strasbourg,Abdoul Ouattara,FRA,"MF,DF",19.0,2005.0,28.0,19.0,1768.0,19.6,2.0,0.0,2.0,2.0,0.0,0.0,2.0,0.0,0.1,0.0,0.1,0.1,0.1,19.6,2.0,27.0,11.0,40.7,1.37,0.56,0.07,0.18,0.0,0.0,63.0,57.8,19,79.0,13,9,29.0,0,1.79,37.0,27.0,10.0,0.51,0.44,0.0,12.0,11.0,1.0,19.0,20.0,13.0,,,0.0,,,,,,,,,,,,,,,,True,alta,1,Carrilero,2.515089913200703
FRA-Ligue 1,2526,Strasbourg,Ben Chilwell,ENG,"DF,MF",28.0,1996.0,20.0,19.0,1598.0,17.8,0.0,2.0,2.0,0.0,0.0,0.0,4.0,0.0,0.0,0.11,0.11,0.0,0.11,17.8,0.0,5.0,3.0,60.0,0.28,0.17,0.0,0.0,0.0,0.0,80.0,52.2,19,83.0,13,1,29.0,4,1.45,27.0,24.0,3.0,0.17,-0.32,0.0,14.0,22.0,4.0,30.0,22.0,17.0,,,0.0,,,,,,,,,,,,,,,,True,alta,1,Carrilero,2.51852022653332
FRA-Ligue 1,2526,Strasbourg,Diego Moreira,BEL,MF,20.0,2004.0,27.0,23.0,2034.0,22.6,4.0,6.0,10.0,4.0,0.0,0.0,4.0,0.0,0.18,0.27,0.44,0.18,0.44,22.6,4.0,29.0,11.0,37.9,1.28,0.49,0.14,0.36,0.0,0.0,75.0,66.5,23,84.0,8,4,26.0,0,1.52,43.0,31.0,12.0,0.53,0.62,0.0,17.0,27.0,8.0,89.0,20.0,25.0,,,0.0,,,,,,,,,,,,,,,,True,alta,2,Interior ofensivo,2.5054892914644227
FRA-Ligue 1,2526,Strasbourg,Félix Lemaréchal,FRA,"MF,FW",21.0,2003.0,11.0,7.0,555.0,6.2,0.0,2.0,2.0,0.0,0.0,0.0,1.0,0.0,0.0,0.32,0.32,0.0,0.32,6.2,0.0,10.0,2.0,20.0,1.62,0.32,0.0,0.0,0.0,0.0,50.0,18.1,7,68.0,1,4,20.0,1,1.73,10.0,6.0,4.0,0.65,0.4,0.0,9.0,6.0,0.0,15.0,3.0,6.0,,,0.0,,,,,,,,,,,,,,,,False,baja,1,Carrilero,2.865347405685889
FRA-Ligue 1,2526,Strasbourg,Gessime Yassine,MAR,MF,19.0,2005.0,12.0,6.0,510.0,5.7,0.0,1.0,1.0,0.0,0.0,0.0,0.0,0.0,0.0,0.18,0.18,0.0,0.18,5.7,0.0,8.0,1.0,12.5,1.41,0.18,0.0,0.0,0.0,0.0,43.0,16.7,6,72.0,2,6,13.0,5,1.58,8.0,9.0,-1.0,-0.18,-0.6,0.0,9.0,19.0,1.0,18.0,1.0,9.0,,,0.0,,,,,,,,,,,,,,,,False,baja,0,Interior de conducción,4.098813616434632
FRA-Ligue 1,2526,Strasbourg,Guéla Doué,CIV,"DF,MF",22.0,2002.0,24.0,23.0,2061.0,22.9,2.0,6.0,8.0,2.0,0.0,0.0,3.0,0.0,0.09,0.26,0.35,0.09,0.35,22.9,2.0,12.0,5.0,41.7,0.52,0.22,0.17,0.4,0.0,0.0,86.0,67.4,23,88.0,19,1,30.0,0,1.63,46.0,32.0,14.0,0.61,0.88,0.0,42.0,24.0,0.0,52.0,27.0,38.0,,,0.0,,,,,,,,,,,,,,,,True,alta,3,Pivote destructor,2.9018906672023728
FRA-Ligue 1,2526,Strasbourg,Ismaël Doukouré,FRA,"DF,MF",22.0,2003.0,25.0,25.0,2072.0,23.0,0.0,2.0,2.0,0.0,0.0,0.0,4.0,2.0,0.0,0.09,0.09,0.0,0.09,23.0,0.0,7.0,3.0,42.9,0.3,0.13,0.0,0.0,0.0,0.0,83.0,67.7,25,83.0,19,0,,0,1.56,42.0,31.0,11.0,0.48,0.48,0.0,21.0,17.0,0.0,3.0,24.0,11.0,,,2.0,,,,,,,,,,,,,,,,True,alta,3,Pivote destructor,2.977849824956238
FRA-Ligue 1,2526,Strasbourg,Julio Enciso,PAR,"MF,FW",21.0,2004.0,27.0,22.0,1883.0,20.9,3.0,6.0,9.0,2.0,1.0,1.0,2.0,0.0,0.14,0.29,0.43,0.1,0.38,20.9,3.0,61.0,22.0,36.1,2.92,1.05,0.05,0.14,1.0,1.0,70.0,61.5,22,80.0,7,5,23.0,1,1.41,35.0,30.0,5.0,0.24,-0.22,0.0,20.0,31.0,5.0,61.0,7.0,10.0,,,0.0,,,,,,,,,,,,,,,,True,alta,2,Interior ofensivo,1.6250282511625358
FRA-Ligue 1,2526,Strasbourg,Martial Godo,CIV,MF,22.0,2003.0,28.0,18.0,1584.0,17.6,10.0,1.0,11.0,10.0,0.0,0.0,2.0,0.0,0.57,0.06,0.62,0.57,0.62,17.6,10.0,41.0,17.0,41.5,2.33,0.97,0.24,0.59,0.0,0.0,57.0,51.8,18,79.0,8,10,15.0,2,1.68,41.0,23.0,18.0,1.02,1.45,0.0,15.0,32.0,11.0,31.0,15.0,13.0,,,0.0,,,,,,,,,,,,,,,,True,alta,2,Interior ofensivo,2.3680589263808054
FRA-Ligue 1,2526,Strasbourg,Rafael Gonçalves,POR,"MF,DF",20.0,2005.0,12.0,6.0,588.0,6.5,0.0,1.0,1.0,0.0,0.0,0.0,0.0,0.0,0.0,0.15,0.15,0.0,0.15,6.5,0.0,5.0,3.0,60.0,0.77,0.46,0.0,0.0,0.0,0.0,49.0,19.2,6,79.0,4,6,19.0,17,1.67,8.0,13.0,-5.0,-0.77,-1.35,0.0,7.0,2.0,0.0,4.0,4.0,10.0,,,0.0,,,,,,,,,,,,,,,,False,baja,1,Carrilero,3.072365692639726
FRA-Ligue 1,2526,Strasbourg,Samir El Mourabet,MAR,MF,19.0,2005.0,33.0,25.0,2128.0,23.6,1.0,2.0,3.0,1.0,0.0,0.0,4.0,0.0,0.04,0.08,0.13,0.04,0.13,23.6,1.0,12.0,1.0,8.3,0.51,0.04,0.08,1.0,0.0,0.0,64.0,69.5,25,76.0,10,8,27.0,0,1.58,41.0,28.0,13.0,0.55,0.74,0.0,23.0,26.0,3.0,18.0,27.0,37.0,,,0.0,,,,,,,,,,,,,,,,True,alta,3,Pivote destructor,1.6366002122056913
FRA-Ligue 1,2526,Strasbourg,Samuel Amo-Ameyaw,ENG,"MF,DF",19.0,2006.0,25.0,9.0,1047.0,11.6,2.0,2.0,4.0,2.0,0.0,0.0,2.0,0.0,0.17,0.17,0.34,0.17,0.34,11.6,2.0,17.0,5.0,29.4,1.46,0.43,0.12,0.4,0.0,0.0,42.0,34.2,9,77.0,5,16,22.0,5,1.4,13.0,18.0,-5.0,-0.43,-1.15,0.0,15.0,26.0,2.0,50.0,3.0,12.0,,,0.0,,,,,,,,,,,,,,,,True,alta,0,Interior de conducción,1.9557023605936554
FRA-Ligue 1,2526,Strasbourg,Sebastian Nanasi,SWE,MF,23.0,2002.0,19.0,11.0,1050.0,11.7,7.0,2.0,9.0,7.0,0.0,0.0,0.0,0.0,0.6,0.17,0.77,0.6,0.77,11.7,7.0,19.0,11.0,57.9,1.63,0.94,0.37,0.64,0.0,0.0,55.0,34.3,11,80.0,5,8,21.0,9,1.63,24.0,17.0,7.0,0.6,0.42,0.0,8.0,3.0,1.0,24.0,5.0,4.0,,,0.0,,,,,,,,,,,,,,,,True,alta,2,Interior ofensivo,3.1930006951389642
FRA-Ligue 1,2526,Strasbourg,Valentín Barco,ARG,MF,21.0,2004.0,27.0,24.0,2168.0,24.1,2.0,4.0,6.0,2.0,0.0,0.0,5.0,1.0,0.08,0.17,0.25,0.08,0.25,24.1,2.0,27.0,10.0,37.0,1.12,0.42,0.07,0.2,0.0,0.0,80.0,70.8,24,86.0,18,3,36.0,0,1.81,45.0,33.0,12.0,0.5,0.6,0.0,24.0,61.0,2.0,103.0,14.0,33.0,,,0.0,,,,,,,,,,,,,,,,True,alta,0,Interior de conducción,2.1609172068474574
FRA-Ligue 1,2526,Toulouse,Alexis Vossah,FRA,MF,17.0,2008.0,23.0,12.0,1092.0,12.1,1.0,1.0,2.0,1.0,0.0,0.0,5.0,1.0,0.08,0.08,0.16,0.08,0.16,12.1,1.0,9.0,2.0,22.2,0.74,0.16,0.11,0.5,0.0,0.0,47.0,36.8,12,73.0,2,11,20.0,7,1.39,22.0,15.0,7.0,0.58,0.86,0.0,18.0,10.0,0.0,6.0,7.0,7.0,,,0.0,,,,,,,,,,,,,,,,True,alta,3,Pivote destructor,2.6815004197202192
FRA-Ligue 1,2526,Toulouse,Aron Dønnum,NOR,MF,27.0,1998.0,28.0,28.0,2419.0,26.9,4.0,4.0,8.0,1.0,3.0,3.0,10.0,1.0,0.15,0.15,0.3,0.04,0.19,26.9,4.0,40.0,14.0,35.0,1.49,0.52,0.1,0.29,3.0,3.0,86.0,81.4,28,86.0,23,0,,0,1.29,41.0,37.0,4.0,0.15,0.64,1.0,42.0,38.0,0.0,140.0,29.0,29.0,,,0.0,,,,,,,,,,,,,,,,True,alta,0,Interior de conducción,2.6625478689726845
FRA-Ligue 1,2526,Toulouse,Cristian Cásseres Jr.,VEN,MF,25.0,2000.0,30.0,28.0,2495.0,27.7,2.0,3.0,5.0,2.0,0.0,1.0,6.0,0.0,0.07,0.11,0.18,0.07,0.18,27.7,2.0,26.0,6.0,23.1,0.94,0.22,0.08,0.33,0.0,1.0,83.0,84.0,28,87.0,22,2,32.0,0,1.26,35.0,38.0,-3.0,-0.11,-0.87,0.0,39.0,42.0,1.0,98.0,37.0,42.0,,,0.0,,,,,,,,,,,,,,,,True,alta,3,Pivote destructor,2.1565145310153
FRA-Ligue 1,2526,Toulouse,Dayann Methalie,FRA,MF,19.0,2006.0,27.0,22.0,1871.0,20.8,2.0,1.0,3.0,2.0,0.0,0.0,9.0,0.0,0.1,0.05,0.14,0.1,0.14,20.8,2.0,15.0,7.0,46.7,0.72,0.34,0.13,0.29,0.0,0.0,69.0,63.0,22,79.0,6,5,27.0,0,1.14,21.0,29.0,-8.0,-0.38,-1.12,0.0,57.0,11.0,1.0,43.0,23.0,30.0,,,0.0,,,,,,,,,,,,,,,,True,alta,3,Pivote destructor,2.910452114870104
FRA-Ligue 1,2526,Toulouse,Djibril Sidibé,FRA,"MF,DF",33.0,1992.0,32.0,25.0,2141.0,23.8,3.0,4.0,7.0,2.0,1.0,2.0,1.0,0.0,0.13,0.17,0.29,0.08,0.25,23.8,3.0,8.0,5.0,62.5,0.34,0.21,0.38,0.6,1.0,2.0,67.0,72.1,25,82.0,12,7,14.0,1,1.33,31.0,34.0,-3.0,-0.13,-0.56,0.0,29.0,14.0,5.0,57.0,18.0,32.0,,,0.0,,,,,,,,,,,,,,,,True,alta,1,Carrilero,2.2225260569968674
FRA-Ligue 1,2526,Toulouse,Francis Abu,GHA,MF,24.0,2001.0,8.0,7.0,526.0,5.8,0.0,0.0,0.0,0.0,0.0,0.0,2.0,0.0,0.0,0.0,0.0,0.0,0.0,5.8,0.0,6.0,0.0,0.0,1.03,0.0,0.0,,0.0,0.0,66.0,17.7,7,69.0,1,1,45.0,3,1.13,10.0,7.0,3.0,0.51,0.59,0.0,5.0,4.0,0.0,0.0,8.0,12.0,,,0.0,,,,,,,,,,,,,,,,False,baja,3,Pivote destructor,2.676992309622717
FRA-Ligue 1,2526,Toulouse,Frank Magri,CMR,"FW,MF",25.0,1999.0,17.0,16.0,1253.0,13.9,5.0,1.0,6.0,5.0,0.0,1.0,3.0,0.0,0.36,0.07,0.43,0.36,0.43,13.9,5.0,33.0,12.0,36.4,2.37,0.86,0.15,0.42,0.0,1.0,74.0,42.2,16,77.0,3,1,28.0,0,1.53,18.0,17.0,1.0,0.07,0.07,0.0,28.0,22.0,3.0,15.0,3.0,3.0,,,0.0,,,,,,,,,,,,,,,,True,alta,2,Interior ofensivo,3.180271862657391
FRA-Ligue 1,2526,Toulouse,Mario Sauer,SVK,MF,21.0,2004.0,25.0,6.0,651.0,7.2,1.0,0.0,1.0,1.0,0.0,0.0,4.0,0.0,0.14,0.0,0.14,0.14,0.14,7.2,1.0,14.0,3.0,21.4,1.94,0.41,0.07,0.33,0.0,0.0,26.0,21.9,6,64.0,1,19,14.0,5,1.2,11.0,16.0,-5.0,-0.69,-0.92,0.0,12.0,3.0,0.0,7.0,10.0,6.0,,,0.0,,,,,,,,,,,,,,,,False,baja,3,Pivote destructor,3.435715993205254
FRA-Ligue 1,2526,Toulouse,Pape Demba Diop,SEN,MF,21.0,2003.0,15.0,13.0,1181.0,13.1,1.0,2.0,3.0,1.0,0.0,0.0,2.0,0.0,0.08,0.15,0.23,0.08,0.23,13.1,1.0,29.0,11.0,37.9,2.21,0.84,0.03,0.09,0.0,0.0,79.0,39.8,13,85.0,6,2,38.0,0,1.19,17.0,21.0,-4.0,-0.3,-0.56,0.0,15.0,17.0,0.0,14.0,29.0,20.0,,,0.0,,,,,,,,,,,,,,,,True,alta,3,Pivote destructor,3.1928247440483175
FRA-Ligue 1,2526,Toulouse,Rafik Messali,FRA,MF,22.0,2003.0,12.0,5.0,502.0,5.6,0.0,0.0,0.0,0.0,0.0,0.0,2.0,0.0,0.0,0.0,0.0,0.0,0.0,5.6,0.0,0.0,0.0,,0.0,0.0,,,0.0,0.0,42.0,16.9,5,70.0,2,7,22.0,1,1.25,8.0,2.0,6.0,1.08,1.26,0.0,11.0,9.0,0.0,9.0,12.0,6.0,,,0.0,,,,,,,,,,,,,,,,False,baja,3,Pivote destructor,3.3228688277481897
FRA-Ligue 1,2526,Toulouse,Santiago Hidalgo,ARG,"MF,FW",20.0,2005.0,28.0,14.0,1306.0,14.5,4.0,6.0,10.0,4.0,0.0,0.0,4.0,0.0,0.28,0.41,0.69,0.28,0.69,14.5,4.0,33.0,13.0,39.4,2.27,0.9,0.12,0.31,0.0,0.0,47.0,44.0,14,74.0,3,14,20.0,4,1.45,28.0,15.0,13.0,0.9,1.54,0.0,41.0,30.0,8.0,12.0,8.0,20.0,,,0.0,,,,,,,,,,,,,,,,True,alta,0,Interior de conducción,3.6327189623033584
FRA-Ligue 1,2526,Toulouse,Warren Kamanzi,NOR,MF,24.0,2000.0,24.0,7.0,870.0,9.7,1.0,1.0,2.0,1.0,0.0,0.0,1.0,0.0,0.1,0.1,0.21,0.1,0.21,9.7,1.0,12.0,2.0,16.7,1.24,0.21,0.08,0.5,0.0,0.0,36.0,29.3,7,74.0,2,17,21.0,10,1.33,19.0,20.0,-1.0,-0.1,-0.19,0.0,8.0,8.0,1.0,12.0,7.0,11.0,,,0.0,,,,,,,,,,,,,,,,False,baja,1,Carrilero,1.2523368341105166
FRA-Ligue 1,2526,Toulouse,Yann Gboho,FRA,"MF,FW",24.0,2001.0,31.0,30.0,2601.0,28.9,8.0,3.0,11.0,8.0,0.0,0.0,1.0,1.0,0.28,0.1,0.38,0.28,0.38,28.9,8.0,57.0,16.0,28.1,1.97,0.55,0.14,0.5,0.0,0.0,84.0,87.6,30,85.0,21,1,45.0,0,1.34,41.0,37.0,4.0,0.14,0.87,0.0,16.0,69.0,5.0,33.0,13.0,19.0,,,0.0,,,,,,,,,,,,,,,,True,alta,2,Interior ofensivo,2.212851692312802
ITA-Serie A,2526,Atalanta,Ademola Lookman,NGA,"FW,MF",27.0,1997.0,12.0,9.0,795.0,8.8,2.0,0.0,2.0,2.0,0.0,0.0,0.0,0.0,0.23,0.0,0.23,0.23,0.23,8.8,2.0,27.0,8.0,29.6,3.06,0.91,0.07,0.25,0.0,0.0,66.0,23.2,9,83.0,4,3,16.0,1,1.33,10.0,13.0,-3.0,-0.34,-0.96,0.0,10.0,8.0,4.0,21.0,3.0,3.0,,,0.0,,,,,,,,,,,,,,,,False,baja,2,Interior ofensivo,2.8985240002338517
ITA-Serie A,2526,Atalanta,Charles De Ketelaere,BEL,"MF,FW",24.0,2001.0,31.0,26.0,2177.0,24.2,3.0,5.0,8.0,3.0,0.0,0.0,4.0,0.0,0.12,0.21,0.33,0.12,0.33,24.2,3.0,46.0,16.0,34.8,1.9,0.66,0.07,0.19,0.0,0.0,70.0,63.7,26,79.0,10,5,27.0,0,1.45,33.0,20.0,13.0,0.54,0.39,0.0,23.0,36.0,3.0,46.0,5.0,15.0,,,0.0,,,,,,,,,,,,,,,,True,alta,2,Interior ofensivo,1.5868361018999513
ITA-Serie A,2526,Atalanta,Davide Zappacosta,ITA,MF,33.0,1992.0,35.0,30.0,2569.0,28.5,3.0,3.0,6.0,3.0,0.0,0.0,3.0,0.0,0.11,0.11,0.21,0.11,0.21,28.5,3.0,37.0,9.0,24.3,1.3,0.32,0.08,0.33,0.0,0.0,73.0,75.1,30,79.0,15,5,37.0,3,1.54,41.0,24.0,17.0,0.6,0.81,0.0,18.0,8.0,7.0,107.0,18.0,14.0,,,0.0,,,,,,,,,,,,,,,,True,alta,1,Carrilero,2.4522585302081046
ITA-Serie A,2526,Atalanta,Giacomo Raspadori,ITA,"MF,FW",25.0,2000.0,13.0,7.0,796.0,8.8,3.0,1.0,4.0,3.0,0.0,0.0,0.0,0.0,0.34,0.11,0.45,0.34,0.45,8.8,3.0,28.0,11.0,39.3,3.17,1.24,0.11,0.27,0.0,0.0,61.0,23.3,7,84.0,5,6,34.0,1,1.69,16.0,8.0,8.0,0.9,0.66,0.0,7.0,6.0,1.0,44.0,1.0,3.0,,,0.0,,,,,,,,,,,,,,,,False,baja,2,Interior ofensivo,2.7580067277895712
ITA-Serie A,2526,Atalanta,Kamaldeen Sulemana,GHA,MF,23.0,2002.0,25.0,9.0,1011.0,11.2,2.0,1.0,3.0,2.0,0.0,0.0,4.0,0.0,0.18,0.09,0.27,0.18,0.27,11.2,2.0,25.0,10.0,40.0,2.23,0.89,0.08,0.2,0.0,0.0,40.0,29.6,9,70.0,1,16,24.0,9,1.52,17.0,12.0,5.0,0.45,0.07,0.0,14.0,14.0,5.0,22.0,2.0,5.0,,,0.0,,,,,,,,,,,,,,,,True,alta,2,Interior ofensivo,2.5906792630528894
ITA-Serie A,2526,Atalanta,Lazar Samardzic,SRB,MF,23.0,2002.0,26.0,11.0,1030.0,11.4,2.0,1.0,3.0,2.0,0.0,0.0,1.0,0.0,0.17,0.09,0.26,0.17,0.26,11.4,2.0,25.0,9.0,36.0,2.18,0.79,0.08,0.22,0.0,0.0,40.0,30.1,11,69.0,3,15,18.0,12,1.5,16.0,14.0,2.0,0.17,-0.31,0.0,17.0,10.0,1.0,68.0,10.0,8.0,,,0.0,,,,,,,,,,,,,,,,True,alta,2,Interior ofensivo,2.6039782116932035
ITA-Serie A,2526,Atalanta,Lorenzo Bernasconi,ITA,MF,21.0,2003.0,23.0,17.0,1572.0,17.5,0.0,3.0,3.0,0.0,0.0,0.0,3.0,0.0,0.0,0.17,0.17,0.0,0.17,17.5,0.0,9.0,1.0,11.1,0.52,0.06,0.0,0.0,0.0,0.0,68.0,46.0,17,83.0,13,6,26.0,10,1.91,22.0,9.0,13.0,0.74,0.65,0.0,8.0,5.0,3.0,113.0,14.0,16.0,,,0.0,,,,,,,,,,,,,,,,True,alta,1,Carrilero,2.547469670467762
ITA-Serie A,2526,Atalanta,Mario Pašalić,CRO,MF,30.0,1995.0,33.0,21.0,1936.0,21.5,3.0,4.0,7.0,3.0,0.0,0.0,3.0,0.0,0.14,0.19,0.33,0.14,0.33,21.5,3.0,24.0,6.0,25.0,1.12,0.28,0.13,0.5,0.0,0.0,59.0,56.6,21,80.0,13,12,21.0,4,1.39,26.0,28.0,-2.0,-0.09,-1.12,0.0,22.0,6.0,1.0,11.0,13.0,18.0,,,0.0,,,,,,,,,,,,,,,,True,alta,1,Carrilero,2.492628440344629
ITA-Serie A,2526,Atalanta,Marten de Roon,NED,MF,34.0,1991.0,34.0,32.0,2691.0,29.9,1.0,2.0,3.0,1.0,0.0,0.0,8.0,1.0,0.03,0.07,0.1,0.03,0.1,29.9,1.0,16.0,4.0,25.0,0.54,0.13,0.06,0.25,0.0,0.0,79.0,78.7,32,82.0,18,2,35.0,1,1.62,42.0,27.0,15.0,0.5,0.5,1.0,37.0,11.0,0.0,13.0,26.0,44.0,,,0.0,,,,,,,,,,,,,,,,True,alta,3,Pivote destructor,1.7942849734442183
ITA-Serie A,2526,Atalanta,Nicola Zalewski,POL,MF,23.0,2002.0,33.0,24.0,1897.0,21.1,2.0,4.0,6.0,2.0,0.0,0.0,3.0,0.0,0.09,0.19,0.28,0.09,0.28,21.1,2.0,38.0,7.0,18.4,1.8,0.33,0.05,0.29,0.0,0.0,57.0,55.5,24,69.0,5,9,28.0,3,1.64,29.0,13.0,16.0,0.76,0.82,0.0,21.0,51.0,3.0,124.0,16.0,20.0,,,0.0,,,,,,,,,,,,,,,,True,alta,0,Interior de conducción,2.376517408250744
ITA-Serie A,2526,Atalanta,Raoul Bellanova,ITA,MF,25.0,2000.0,24.0,15.0,1377.0,15.3,0.0,1.0,1.0,0.0,0.0,0.0,2.0,0.0,0.0,0.07,0.07,0.0,0.07,15.3,0.0,13.0,5.0,38.5,0.85,0.33,0.0,0.0,0.0,0.0,57.0,40.3,15,75.0,9,9,29.0,4,1.38,19.0,26.0,-7.0,-0.46,-1.43,0.0,5.0,12.0,2.0,84.0,10.0,9.0,,,0.0,,,,,,,,,,,,,,,,True,alta,1,Carrilero,2.3868378225704654
ITA-Serie A,2526,Atalanta,Yunus Musah,USA,MF,22.0,2002.0,19.0,4.0,574.0,6.4,1.0,0.0,1.0,1.0,0.0,0.0,1.0,0.0,0.16,0.0,0.16,0.16,0.16,6.4,1.0,7.0,2.0,28.6,1.1,0.31,0.14,0.5,0.0,0.0,30.0,16.8,4,70.0,2,15,20.0,17,1.79,5.0,9.0,-4.0,-0.63,-1.23,0.0,7.0,16.0,2.0,10.0,5.0,5.0,,,0.0,,,,,,,,,,,,,,,,False,baja,0,Interior de conducción,2.6202262185314846
ITA-Serie A,2526,Atalanta,Éderson Silva,BRA,MF,26.0,1999.0,30.0,26.0,2230.0,24.8,2.0,1.0,3.0,1.0,1.0,1.0,3.0,0.0,0.08,0.04,0.12,0.04,0.08,24.8,2.0,35.0,11.0,31.4,1.41,0.44,0.06,0.18,1.0,1.0,74.0,65.2,26,81.0,16,4,28.0,3,1.53,30.0,18.0,12.0,0.48,0.26,0.0,34.0,40.0,2.0,12.0,28.0,35.0,,,0.0,,,,,,,,,,,,,,,,True,alta,3,Pivote destructor,1.853966233671094
ITA-Serie A,2526,Bologna,Benjamín Domínguez,ARG,MF,21.0,2003.0,15.0,6.0,547.0,6.1,0.0,3.0,3.0,0.0,0.0,0.0,1.0,0.0,0.0,0.49,0.49,0.0,0.49,6.1,0.0,12.0,2.0,16.7,1.97,0.33,0.0,0.0,0.0,0.0,36.0,16.0,6,67.0,1,9,16.0,19,1.6,9.0,6.0,3.0,0.49,0.49,0.0,6.0,18.0,3.0,7.0,2.0,2.0,,,0.0,,,,,,,,,,,,,,,,False,baja,2,Interior ofensivo,3.8624990824750247
ITA-Serie A,2526,Bologna,Federico Bernardeschi,ITA,"MF,FW",31.0,1994.0,29.0,12.0,1217.0,13.5,4.0,2.0,6.0,3.0,1.0,1.0,3.0,0.0,0.3,0.15,0.44,0.22,0.37,13.5,4.0,39.0,13.0,33.3,2.88,0.96,0.1,0.31,1.0,1.0,42.0,35.6,12,72.0,0,17,21.0,2,1.66,17.0,10.0,7.0,0.52,0.68,0.0,13.0,11.0,2.0,48.0,6.0,6.0,,,0.0,,,,,,,,,,,,,,,,True,alta,2,Interior ofensivo,1.6975947643483138
ITA-Serie A,2526,Bologna,Giovanni Fabbian,ITA,MF,22.0,2003.0,14.0,8.0,705.0,7.8,2.0,0.0,2.0,2.0,0.0,0.0,0.0,0.0,0.26,0.0,0.26,0.26,0.26,7.8,2.0,14.0,4.0,28.6,1.79,0.51,0.14,0.5,0.0,0.0,50.0,20.6,8,72.0,1,6,21.0,7,1.43,10.0,7.0,3.0,0.38,0.38,0.0,13.0,18.0,2.0,2.0,5.0,4.0,,,0.0,,,,,,,,,,,,,,,,False,baja,2,Interior ofensivo,3.745868542633357
ITA-Serie A,2526,Bologna,Jens Odgaard,DEN,MF,26.0,1999.0,26.0,16.0,1378.0,15.3,5.0,1.0,6.0,5.0,0.0,0.0,1.0,0.0,0.33,0.07,0.39,0.33,0.39,15.3,5.0,35.0,13.0,37.1,2.29,0.85,0.14,0.38,0.0,0.0,53.0,40.3,16,74.0,4,10,19.0,9,1.5,22.0,21.0,1.0,0.07,-0.02,0.0,28.0,28.0,5.0,15.0,4.0,12.0,,,0.0,,,,,,,,,,,,,,,,True,alta,2,Interior ofensivo,2.584970682531952
ITA-Serie A,2526,Bologna,Jonathan Rowe,ENG,"MF,FW",22.0,2003.0,28.0,17.0,1605.0,17.8,3.0,2.0,5.0,3.0,0.0,0.0,2.0,0.0,0.17,0.11,0.28,0.17,0.28,17.8,3.0,48.0,17.0,35.4,2.69,0.95,0.06,0.18,0.0,0.0,57.0,46.9,17,76.0,3,11,29.0,8,1.32,21.0,20.0,1.0,0.06,-0.04,0.0,23.0,50.0,4.0,53.0,9.0,14.0,,,0.0,,,,,,,,,,,,,,,,True,alta,2,Interior ofensivo,2.1478399701414834
ITA-Serie A,2526,Bologna,João Mário Lopes,POR,"DF,MF",25.0,2000.0,10.0,10.0,735.0,8.2,1.0,0.0,1.0,1.0,0.0,0.0,1.0,0.0,0.12,0.0,0.12,0.12,0.12,8.2,1.0,4.0,2.0,50.0,0.49,0.24,0.25,0.5,0.0,0.0,74.0,21.5,10,74.0,3,0,,5,2.1,10.0,7.0,3.0,0.37,0.37,0.0,5.0,21.0,0.0,15.0,10.0,4.0,,,0.0,,,,,,,,,,,,,,,,False,baja,1,Carrilero,3.7338256101608542
ITA-Serie A,2526,Bologna,Lewis Ferguson,SCO,MF,25.0,1999.0,27.0,17.0,1601.0,17.8,1.0,0.0,1.0,1.0,0.0,0.0,7.0,1.0,0.06,0.0,0.06,0.06,0.06,17.8,1.0,13.0,2.0,15.4,0.73,0.11,0.08,0.5,0.0,0.0,59.0,46.8,17,85.0,13,10,16.0,9,1.15,21.0,28.0,-7.0,-0.39,-0.89,1.0,34.0,26.0,3.0,25.0,12.0,16.0,,,0.0,,,,,,,,,,,,,,,,True,alta,3,Pivote destructor,2.54647337055613
ITA-Serie A,2526,Bologna,Nicolò Cambiaghi,ITA,"MF,FW",24.0,2000.0,28.0,17.0,1518.0,16.9,3.0,4.0,7.0,3.0,0.0,0.0,3.0,1.0,0.18,0.24,0.42,0.18,0.42,16.9,3.0,24.0,6.0,25.0,1.42,0.36,0.13,0.5,0.0,0.0,54.0,44.4,17,74.0,5,11,24.0,3,1.36,20.0,19.0,1.0,0.06,-0.04,0.0,32.0,71.0,5.0,63.0,9.0,20.0,,,0.0,,,,,,,,,,,,,,,,True,alta,0,Interior de conducción,2.9970569684832578
ITA-Serie A,2526,Bologna,Nikola Moro,CRO,MF,27.0,1998.0,30.0,19.0,1799.0,20.0,2.0,0.0,2.0,2.0,0.0,0.0,1.0,0.0,0.1,0.0,0.1,0.1,0.1,20.0,2.0,21.0,2.0,9.5,1.05,0.1,0.1,1.0,0.0,0.0,60.0,52.6,19,80.0,10,11,26.0,8,1.7,27.0,17.0,10.0,0.5,0.89,0.0,18.0,17.0,1.0,49.0,19.0,8.0,,,0.0,,,,,,,,,,,,,,,,True,alta,1,Carrilero,2.6101382919016123
ITA-Serie A,2526,Bologna,Remo Freuler,SUI,MF,33.0,1992.0,29.0,26.0,2213.0,24.6,1.0,2.0,3.0,1.0,0.0,0.0,5.0,0.0,0.04,0.08,0.12,0.04,0.12,24.6,1.0,8.0,1.0,12.5,0.33,0.04,0.13,1.0,0.0,0.0,76.0,64.7,26,83.0,18,3,21.0,3,1.62,33.0,29.0,4.0,0.16,0.24,0.0,19.0,24.0,1.0,18.0,22.0,31.0,,,1.0,,,,,,,,,,,,,,,,True,alta,3,Pivote destructor,1.7584732397189753
ITA-Serie A,2526,Bologna,Riccardo Orsolini,ITA,"MF,FW",28.0,1997.0,35.0,26.0,2111.0,23.5,10.0,1.0,11.0,6.0,4.0,6.0,2.0,0.0,0.43,0.04,0.47,0.26,0.3,23.5,10.0,82.0,31.0,37.8,3.5,1.32,0.12,0.32,4.0,6.0,60.0,61.7,26,74.0,8,9,22.0,2,1.54,32.0,31.0,1.0,0.04,-0.09,0.0,21.0,44.0,18.0,41.0,7.0,15.0,,,0.0,,,,,,,,,,,,,,,,True,alta,2,Interior ofensivo,2.247346720862664
ITA-Serie A,2526,Bologna,Simon Sohm,SUI,MF,24.0,2001.0,12.0,9.0,717.0,8.0,0.0,0.0,0.0,0.0,0.0,0.0,1.0,0.0,0.0,0.0,0.0,0.0,0.0,8.0,0.0,4.0,1.0,25.0,0.5,0.13,0.0,0.0,0.0,0.0,60.0,21.0,9,74.0,2,3,18.0,5,1.83,8.0,7.0,1.0,0.13,0.06,0.0,9.0,3.0,3.0,2.0,3.0,5.0,,,0.0,,,,,,,,,,,,,,,,False,baja,1,Carrilero,3.7467064479330854
ITA-Serie A,2526,Bologna,Tommaso Pobega,ITA,MF,26.0,1999.0,26.0,17.0,1434.0,15.9,3.0,1.0,4.0,3.0,0.0,0.0,2.0,1.0,0.19,0.06,0.25,0.19,0.25,15.9,3.0,25.0,10.0,40.0,1.57,0.63,0.12,0.3,0.0,0.0,55.0,41.9,17,75.0,7,9,18.0,8,1.69,23.0,21.0,2.0,0.13,0.08,0.0,34.0,12.0,0.0,2.0,19.0,19.0,,,0.0,,,,,,,,,,,,,,,,True,alta,3,Pivote destructor,2.81911818902534
ITA-Serie A,2526,Cagliari,Adam Obert,SVK,"DF,MF",22.0,2002.0,35.0,33.0,2771.0,30.8,0.0,3.0,3.0,0.0,0.0,0.0,10.0,1.0,0.0,0.1,0.1,0.0,0.1,30.8,0.0,10.0,3.0,30.0,0.32,0.1,0.0,0.0,0.0,0.0,79.0,81.0,33,83.0,19,2,21.0,1,1.2,28.0,40.0,-12.0,-0.39,-0.25,1.0,40.0,13.0,0.0,69.0,44.0,32.0,,,0.0,,,,,,,,,,,,,,,,True,alta,3,Pivote destructor,2.4157390149992226
ITA-Serie A,2526,Cagliari,Alessandro Deiola,ITA,"MF,DF",29.0,1995.0,20.0,17.0,1430.0,15.9,0.0,2.0,2.0,0.0,0.0,0.0,3.0,0.0,0.0,0.13,0.13,0.0,0.13,15.9,0.0,22.0,7.0,31.8,1.38,0.44,0.0,0.0,0.0,0.0,72.0,41.8,17,79.0,9,3,30.0,5,1.45,23.0,21.0,2.0,0.13,0.8,0.0,22.0,11.0,7.0,2.0,13.0,20.0,,,0.0,,,,,,,,,,,,,,,,True,alta,3,Pivote destructor,3.076040352635979
ITA-Serie A,2526,Cagliari,Gabriele Zappa,ITA,"DF,MF",25.0,1999.0,31.0,18.0,1597.0,17.7,0.0,3.0,3.0,0.0,0.0,0.0,2.0,0.0,0.0,0.17,0.17,0.0,0.17,17.7,0.0,11.0,2.0,18.2,0.62,0.11,0.0,0.0,0.0,0.0,52.0,46.7,18,77.0,10,13,16.0,4,1.03,19.0,27.0,-8.0,-0.45,-0.2,0.0,13.0,5.0,0.0,37.0,18.0,17.0,,,0.0,,,,,,,,,,,,,,,,True,alta,1,Carrilero,2.0750602556037347
ITA-Serie A,2526,Cagliari,Gianluca Gaetano,ITA,"MF,FW",25.0,2000.0,33.0,21.0,1912.0,21.2,2.0,4.0,6.0,2.0,0.0,0.0,4.0,0.0,0.09,0.19,0.28,0.09,0.28,21.2,2.0,34.0,11.0,32.4,1.6,0.52,0.06,0.18,0.0,0.0,58.0,55.9,21,77.0,10,12,24.0,0,1.21,27.0,30.0,-3.0,-0.14,0.46,0.0,26.0,29.0,0.0,38.0,23.0,15.0,,,0.0,,,,,,,,,,,,,,,,True,alta,0,Interior de conducción,2.341996891121671
ITA-Serie A,2526,Cagliari,Ibrahim Sulemana,GHA,MF,22.0,2003.0,16.0,7.0,860.0,9.6,1.0,0.0,1.0,1.0,0.0,0.0,2.0,0.0,0.1,0.0,0.1,0.1,0.1,9.6,1.0,11.0,2.0,18.2,1.15,0.21,0.09,0.5,0.0,0.0,54.0,25.1,7,87.0,5,9,28.0,1,1.13,5.0,15.0,-10.0,-1.05,-0.94,0.0,12.0,10.0,0.0,2.0,6.0,13.0,,,0.0,,,,,,,,,,,,,,,,False,baja,3,Pivote destructor,1.9400799025888393
ITA-Serie A,2526,Cagliari,Luca Mazzitelli,ITA,MF,29.0,1995.0,18.0,9.0,767.0,8.5,2.0,2.0,4.0,2.0,0.0,0.0,3.0,0.0,0.23,0.23,0.47,0.23,0.47,8.5,2.0,15.0,5.0,33.3,1.76,0.59,0.13,0.4,0.0,0.0,43.0,22.4,9,65.0,1,9,20.0,10,1.33,12.0,9.0,3.0,0.35,0.89,0.0,22.0,13.0,0.0,9.0,10.0,11.0,,,0.0,,,,,,,,,,,,,,,,False,baja,0,Interior de conducción,3.120621889132974
ITA-Serie A,2526,Cagliari,Marco Palestra,ITA,"MF,DF",20.0,2005.0,37.0,34.0,3081.0,34.2,1.0,4.0,5.0,1.0,0.0,0.0,3.0,0.0,0.03,0.12,0.15,0.03,0.15,34.2,1.0,29.0,7.0,24.1,0.85,0.2,0.03,0.14,0.0,0.0,83.0,90.1,34,88.0,27,3,33.0,0,1.14,31.0,46.0,-15.0,-0.44,-0.97,0.0,41.0,108.0,8.0,106.0,19.0,35.0,,,0.0,,,,,,,,,,,,,,,,True,alta,0,Interior de conducción,2.856160149972268
ITA-Serie A,2526,Cagliari,Matteo Prati,ITA,MF,21.0,2003.0,20.0,15.0,1268.0,14.1,1.0,0.0,1.0,1.0,0.0,0.0,4.0,0.0,0.07,0.0,0.07,0.07,0.07,14.1,1.0,19.0,1.0,5.3,1.35,0.07,0.05,1.0,0.0,0.0,63.0,37.1,15,74.0,5,5,30.0,2,1.05,13.0,20.0,-7.0,-0.5,-0.25,0.0,17.0,3.0,0.0,13.0,15.0,12.0,,,0.0,,,,,,,,,,,,,,,,True,alta,3,Pivote destructor,2.5594274412673608
ITA-Serie A,2526,Cagliari,Michael Folorunsho,ITA,"MF,FW",27.0,1998.0,27.0,24.0,1999.0,22.2,2.0,0.0,2.0,2.0,0.0,0.0,3.0,0.0,0.09,0.0,0.09,0.09,0.09,22.2,2.0,36.0,9.0,25.0,1.62,0.41,0.06,0.22,0.0,0.0,74.0,58.5,24,81.0,11,3,21.0,0,0.96,20.0,30.0,-10.0,-0.45,-0.26,0.0,35.0,49.0,13.0,22.0,10.0,10.0,,,0.0,,,,,,,,,,,,,,,,True,alta,0,Interior de conducción,3.2494344752947417
ITA-Serie A,2526,Cagliari,Michel Ndary Adopo,FRA,MF,25.0,2000.0,38.0,33.0,3050.0,33.9,1.0,2.0,3.0,1.0,0.0,0.0,4.0,0.0,0.03,0.06,0.09,0.03,0.09,33.9,1.0,28.0,11.0,39.3,0.83,0.32,0.04,0.09,0.0,0.0,80.0,89.2,33,85.0,22,5,49.0,0,1.13,35.0,46.0,-11.0,-0.32,0.16,0.0,35.0,25.0,5.0,26.0,31.0,32.0,,,0.0,,,,,,,,,,,,,,,,True,alta,1,Carrilero,1.7094026176600448
ITA-Serie A,2526,Cagliari,Riyad Idrissi,ITA,"MF,DF",20.0,2005.0,23.0,4.0,783.0,8.7,2.0,0.0,2.0,2.0,0.0,0.0,3.0,0.0,0.23,0.0,0.23,0.23,0.23,8.7,2.0,6.0,6.0,100.0,0.69,0.69,0.33,0.33,0.0,0.0,34.0,22.9,4,90.0,4,19,22.0,5,0.96,14.0,15.0,-1.0,-0.11,0.29,0.0,9.0,6.0,1.0,23.0,9.0,15.0,,,0.0,,,,,,,,,,,,,,,,False,baja,3,Pivote destructor,2.8306072500549484
ITA-Serie A,2526,Cagliari,Sebastiano Esposito,ITA,"FW,MF",23.0,2002.0,36.0,34.0,2675.0,29.7,7.0,5.0,12.0,6.0,1.0,1.0,6.0,0.0,0.24,0.17,0.4,0.2,0.37,29.7,7.0,57.0,16.0,28.1,1.92,0.54,0.12,0.44,1.0,1.0,74.0,78.2,34,77.0,7,2,34.0,1,1.17,30.0,37.0,-7.0,-0.24,0.49,0.0,46.0,56.0,5.0,139.0,21.0,35.0,,,0.0,,,,,,,,,,,,,,,,True,alta,0,Interior de conducción,1.5377919372450837
ITA-Serie A,2526,Como,Assane Diao,SEN,MF,19.0,2005.0,17.0,13.0,1075.0,11.9,2.0,1.0,3.0,2.0,0.0,0.0,2.0,0.0,0.17,0.08,0.25,0.17,0.25,11.9,2.0,31.0,10.0,32.3,2.6,0.84,0.06,0.2,0.0,0.0,63.0,31.4,13,72.0,2,4,36.0,1,1.71,18.0,11.0,7.0,0.59,-0.53,0.0,15.0,39.0,3.0,27.0,4.0,5.0,,,0.0,,,,,,,,,,,,,,,,True,alta,2,Interior ofensivo,2.6335230567310797
ITA-Serie A,2526,Como,Jayden Addai,NED,MF,19.0,2005.0,12.0,7.0,686.0,7.6,3.0,0.0,3.0,3.0,0.0,0.0,4.0,0.0,0.39,0.0,0.39,0.39,0.39,7.6,3.0,13.0,6.0,46.2,1.71,0.79,0.23,0.5,0.0,0.0,57.0,20.1,7,75.0,2,5,32.0,6,1.25,11.0,6.0,5.0,0.66,-0.36,0.0,13.0,14.0,2.0,10.0,2.0,2.0,,,0.0,,,,,,,,,,,,,,,,False,baja,0,Interior de conducción,3.914727568071947
ITA-Serie A,2526,Como,Jesus Rodríguez,ESP,MF,19.0,2005.0,31.0,18.0,1731.0,19.2,2.0,9.0,11.0,2.0,0.0,0.0,3.0,1.0,0.1,0.47,0.57,0.1,0.57,19.2,2.0,45.0,12.0,26.7,2.34,0.62,0.04,0.17,0.0,0.0,56.0,50.6,18,75.0,3,13,29.0,3,1.9,39.0,12.0,27.0,1.4,0.92,0.0,24.0,32.0,3.0,57.0,4.0,17.0,,,0.0,,,,,,,,,,,,,,,,True,alta,2,Interior ofensivo,2.4626834080177926
ITA-Serie A,2526,Como,Lucas Da Cunha,FRA,MF,24.0,2001.0,36.0,31.0,2739.0,30.4,6.0,4.0,10.0,2.0,4.0,4.0,4.0,0.0,0.2,0.13,0.33,0.07,0.2,30.4,6.0,42.0,16.0,38.1,1.38,0.53,0.14,0.38,4.0,4.0,76.0,80.1,31,83.0,18,5,36.0,2,1.86,52.0,24.0,28.0,0.92,-0.14,0.0,34.0,19.0,1.0,99.0,18.0,33.0,,,0.0,,,,,,,,,,,,,,,,True,alta,1,Carrilero,1.3677005325569591
ITA-Serie A,2526,Como,Martin Baturina,CRO,"MF,FW",22.0,2003.0,29.0,17.0,1569.0,17.4,6.0,3.0,9.0,6.0,0.0,0.0,0.0,0.0,0.34,0.17,0.52,0.34,0.52,17.4,6.0,28.0,9.0,32.1,1.61,0.52,0.21,0.67,0.0,0.0,54.0,45.9,17,77.0,5,12,22.0,8,1.76,34.0,17.0,17.0,0.98,0.05,0.0,15.0,44.0,0.0,77.0,5.0,14.0,,,0.0,,,,,,,,,,,,,,,,True,alta,2,Interior ofensivo,3.214954724088173
ITA-Serie A,2526,Como,Maxence Caqueret,FRA,MF,25.0,2000.0,30.0,17.0,1485.0,16.5,2.0,6.0,8.0,2.0,0.0,0.0,3.0,0.0,0.12,0.36,0.48,0.12,0.48,16.5,2.0,18.0,4.0,22.2,1.09,0.24,0.11,0.5,0.0,0.0,50.0,43.4,17,67.0,1,13,27.0,8,1.9,31.0,10.0,21.0,1.27,0.58,0.0,26.0,23.0,2.0,36.0,14.0,23.0,,,0.0,,,,,,,,,,,,,,,,True,alta,0,Interior de conducción,2.152808950063067
ITA-Serie A,2526,Como,Máximo Perrone,ARG,MF,22.0,2003.0,36.0,33.0,2742.0,30.5,3.0,4.0,7.0,3.0,0.0,0.0,8.0,0.0,0.1,0.13,0.23,0.1,0.23,30.5,3.0,18.0,9.0,50.0,0.59,0.3,0.17,0.33,0.0,0.0,76.0,80.2,33,80.0,21,3,32.0,1,1.89,53.0,21.0,32.0,1.05,0.52,0.0,43.0,23.0,1.0,11.0,21.0,38.0,,,0.0,,,,,,,,,,,,,,,,True,alta,3,Pivote destructor,1.816990602753067
ITA-Serie A,2526,Como,Mërgim Vojvoda,KVX,"MF,DF",30.0,1995.0,30.0,19.0,1591.0,17.7,2.0,2.0,4.0,2.0,0.0,0.0,2.0,0.0,0.11,0.11,0.23,0.11,0.23,17.7,2.0,18.0,7.0,38.9,1.02,0.4,0.11,0.29,0.0,0.0,53.0,46.5,19,69.0,4,11,26.0,7,1.9,33.0,14.0,19.0,1.07,0.24,0.0,15.0,12.0,5.0,66.0,14.0,4.0,,,0.0,,,,,,,,,,,,,,,,True,alta,2,Interior ofensivo,2.7367870990032523
ITA-Serie A,2526,Como,Nicolas-Gerrit Kühn,GER,MF,25.0,2000.0,23.0,6.0,665.0,7.4,1.0,1.0,2.0,1.0,0.0,0.0,0.0,0.0,0.14,0.14,0.27,0.14,0.27,7.4,1.0,8.0,3.0,37.5,1.08,0.41,0.13,0.33,0.0,0.0,29.0,19.4,6,63.0,0,17,17.0,14,1.7,10.0,6.0,4.0,0.54,-0.5,0.0,6.0,2.0,3.0,14.0,5.0,6.0,,,0.0,,,,,,,,,,,,,,,,False,baja,1,Carrilero,2.7834399295153385
ITA-Serie A,2526,Como,Nicolás Paz,ARG,MF,20.0,2004.0,35.0,33.0,2878.0,32.0,12.0,6.0,18.0,12.0,0.0,2.0,5.0,0.0,0.38,0.19,0.56,0.38,0.56,32.0,12.0,121.0,48.0,39.7,3.78,1.5,0.1,0.25,0.0,2.0,82.0,84.2,33,86.0,22,2,25.0,1,1.77,49.0,27.0,22.0,0.69,-1.64,0.0,54.0,41.0,0.0,63.0,27.0,56.0,,,0.0,,,,,,,,,,,,,,,,True,alta,0,Interior de conducción,3.2993091091160656
ITA-Serie A,2526,Como,Sergi Roberto,ESP,MF,33.0,1992.0,20.0,5.0,544.0,6.0,0.0,0.0,0.0,0.0,0.0,0.0,3.0,0.0,0.0,0.0,0.0,0.0,0.0,6.0,0.0,7.0,2.0,28.6,1.16,0.33,0.0,0.0,0.0,0.0,27.0,15.9,5,55.0,0,15,18.0,6,1.95,8.0,7.0,1.0,0.17,-0.93,0.0,9.0,9.0,0.0,2.0,5.0,7.0,,,0.0,,,,,,,,,,,,,,,,False,baja,3,Pivote destructor,2.4110236261787277
ITA-Serie A,2526,Cremonese,Alberto Grassi,ITA,MF,30.0,1995.0,30.0,18.0,1753.0,19.5,0.0,0.0,0.0,0.0,0.0,0.0,4.0,1.0,0.0,0.0,0.0,0.0,0.0,19.5,0.0,13.0,4.0,30.8,0.67,0.21,0.0,0.0,0.0,0.0,58.0,51.3,18,76.0,6,12,33.0,3,0.97,15.0,31.0,-16.0,-0.82,-0.34,0.0,17.0,30.0,0.0,3.0,35.0,11.0,,,0.0,,,,,,,,,,,,,,,,True,alta,3,Pivote destructor,2.9734141812767727
ITA-Serie A,2526,Cremonese,Alessio Zerbin,ITA,MF,26.0,1999.0,32.0,17.0,1646.0,18.3,0.0,3.0,3.0,0.0,0.0,0.0,1.0,0.0,0.0,0.16,0.16,0.0,0.16,18.3,0.0,21.0,7.0,33.3,1.15,0.38,0.0,0.0,0.0,0.0,51.0,48.1,17,73.0,3,15,27.0,2,0.88,11.0,24.0,-13.0,-0.71,-0.1,0.0,37.0,20.0,7.0,58.0,3.0,20.0,,,0.0,,,,,,,,,,,,,,,,True,alta,0,Interior de conducción,3.539975843067278
ITA-Serie A,2526,Cremonese,Franco Vázquez,ARG,"FW,MF",36.0,1989.0,15.0,4.0,524.0,5.8,1.0,1.0,2.0,1.0,0.0,0.0,1.0,0.0,0.17,0.17,0.34,0.17,0.34,5.8,1.0,12.0,4.0,33.3,2.06,0.69,0.08,0.25,0.0,0.0,35.0,15.3,4,74.0,1,11,21.0,5,0.93,5.0,11.0,-6.0,-1.03,-0.44,0.0,9.0,16.0,0.0,19.0,4.0,12.0,,,0.0,,,,,,,,,,,,,,,,False,baja,0,Interior de conducción,2.9705789050402953
ITA-Serie A,2526,Cremonese,Giuseppe Pezzella,ITA,"MF,DF",27.0,1997.0,31.0,30.0,2585.0,28.7,0.0,1.0,1.0,0.0,0.0,0.0,8.0,1.0,0.0,0.03,0.03,0.0,0.03,28.7,0.0,6.0,0.0,0.0,0.21,0.0,0.0,,0.0,0.0,83.0,75.6,30,85.0,23,1,34.0,0,0.84,25.0,47.0,-22.0,-0.77,-0.44,0.0,49.0,32.0,8.0,128.0,11.0,32.0,,,0.0,,,,,,,,,,,,,,,,True,alta,3,Pivote destructor,3.5624882724672897
ITA-Serie A,2526,Cremonese,Jari Vandeputte,BEL,MF,29.0,1996.0,32.0,23.0,1944.0,21.6,1.0,5.0,6.0,1.0,0.0,0.0,3.0,0.0,0.05,0.23,0.28,0.05,0.28,21.6,1.0,20.0,8.0,40.0,0.93,0.37,0.05,0.13,0.0,0.0,61.0,56.8,23,72.0,6,9,32.0,3,1.03,18.0,28.0,-10.0,-0.46,0.45,0.0,34.0,25.0,1.0,162.0,18.0,21.0,,,0.0,,,,,,,,,,,,,,,,True,alta,1,Carrilero,2.553472571976939
ITA-Serie A,2526,Cremonese,Martín Payero,ARG,MF,26.0,1998.0,25.0,16.0,1457.0,16.2,1.0,0.0,1.0,1.0,0.0,0.0,8.0,0.0,0.06,0.0,0.06,0.06,0.06,16.2,1.0,23.0,8.0,34.8,1.42,0.49,0.04,0.13,0.0,0.0,58.0,42.6,16,75.0,5,9,29.0,4,0.96,17.0,17.0,0.0,0.0,1.15,0.0,37.0,34.0,2.0,34.0,10.0,9.0,,,0.0,,,,,,,,,,,,,,,,True,alta,0,Interior de conducción,3.099237772065282
ITA-Serie A,2526,Cremonese,Morten Thorsby,NOR,MF,29.0,1996.0,11.0,8.0,643.0,7.1,1.0,0.0,1.0,1.0,0.0,0.0,2.0,0.0,0.14,0.0,0.14,0.14,0.14,7.1,1.0,11.0,4.0,36.4,1.54,0.56,0.09,0.25,0.0,0.0,58.0,18.8,8,74.0,4,3,17.0,2,0.91,4.0,12.0,-8.0,-1.12,-0.57,0.0,10.0,6.0,2.0,0.0,3.0,6.0,,,0.0,,,,,,,,,,,,,,,,False,baja,0,Interior de conducción,3.125437771740975
ITA-Serie A,2526,Cremonese,Romano Floriani,ITA,MF,22.0,2003.0,28.0,12.0,1168.0,13.0,0.0,1.0,1.0,0.0,0.0,0.0,2.0,0.0,0.0,0.08,0.08,0.0,0.08,13.0,0.0,5.0,1.0,20.0,0.39,0.08,0.0,0.0,0.0,0.0,42.0,34.2,12,71.0,3,16,20.0,8,0.75,13.0,23.0,-10.0,-0.77,-0.17,0.0,21.0,5.0,2.0,29.0,6.0,14.0,,,0.0,,,,,,,,,,,,,,,,True,alta,1,Carrilero,2.6024421252180376
ITA-Serie A,2526,Cremonese,Tommaso Barbieri,ITA,MF,22.0,2002.0,29.0,18.0,1707.0,19.0,0.0,1.0,1.0,0.0,0.0,0.0,8.0,0.0,0.0,0.05,0.05,0.0,0.05,19.0,0.0,16.0,2.0,12.5,0.84,0.11,0.0,0.0,0.0,0.0,59.0,49.9,18,82.0,10,11,21.0,5,0.86,19.0,25.0,-6.0,-0.32,0.68,0.0,40.0,26.0,1.0,78.0,14.0,26.0,,,0.0,,,,,,,,,,,,,,,,True,alta,3,Pivote destructor,2.7707594095710664
ITA-Serie A,2526,Cremonese,Warren Bondo,FRA,MF,21.0,2003.0,27.0,22.0,1762.0,19.6,0.0,0.0,0.0,0.0,0.0,0.0,5.0,0.0,0.0,0.0,0.0,0.0,0.0,19.6,0.0,8.0,2.0,25.0,0.41,0.1,0.0,0.0,0.0,0.0,65.0,51.5,22,73.0,8,5,33.0,3,0.85,16.0,30.0,-14.0,-0.72,-0.12,0.0,39.0,33.0,0.0,3.0,9.0,16.0,,,0.0,,,,,,,,,,,,,,,,True,alta,3,Pivote destructor,2.8738539611402767
ITA-Serie A,2526,Cremonese,Youssef Maleh,MAR,MF,26.0,1998.0,14.0,14.0,1100.0,12.2,1.0,0.0,1.0,1.0,0.0,0.0,2.0,1.0,0.08,0.0,0.08,0.08,0.08,12.2,1.0,15.0,3.0,20.0,1.23,0.25,0.07,0.33,0.0,0.0,79.0,32.2,14,79.0,7,0,,0,0.71,9.0,22.0,-13.0,-1.06,-0.6,0.0,27.0,10.0,0.0,41.0,9.0,11.0,,,0.0,,,,,,,,,,,,,,,,True,alta,3,Pivote destructor,2.7973047686394303
ITA-Serie A,2526,Fiorentina,Albert Guðmundsson,ISL,"FW,MF",28.0,1997.0,33.0,27.0,2250.0,25.0,5.0,4.0,9.0,2.0,3.0,3.0,4.0,1.0,0.2,0.16,0.36,0.08,0.24,25.0,5.0,41.0,15.0,36.6,1.64,0.6,0.12,0.33,3.0,3.0,68.0,65.8,27,78.0,9,6,26.0,2,1.0,29.0,28.0,1.0,0.04,0.81,0.0,34.0,30.0,6.0,54.0,3.0,4.0,,,0.0,,,,,,,,,,,,,,,,True,alta,2,Interior ofensivo,2.627328111759808
ITA-Serie A,2526,Fiorentina,Cher Ndour,ITA,MF,21.0,2004.0,33.0,20.0,1876.0,20.8,3.0,0.0,3.0,3.0,0.0,0.0,2.0,0.0,0.14,0.0,0.14,0.14,0.14,20.8,3.0,24.0,8.0,33.3,1.15,0.38,0.13,0.38,0.0,0.0,57.0,54.9,20,79.0,9,13,23.0,5,1.24,18.0,22.0,-4.0,-0.19,0.1,0.0,26.0,23.0,1.0,20.0,15.0,17.0,,,0.0,,,,,,,,,,,,,,,,True,alta,3,Pivote destructor,2.4548857354310063
ITA-Serie A,2526,Fiorentina,Dodô,BRA,"DF,MF",26.0,1998.0,36.0,36.0,3134.0,34.8,1.0,2.0,3.0,1.0,0.0,0.0,7.0,0.0,0.03,0.06,0.09,0.03,0.09,34.8,1.0,25.0,4.0,16.0,0.72,0.11,0.04,0.25,0.0,0.0,87.0,91.6,36,87.0,30,0,,0,1.08,39.0,46.0,-7.0,-0.2,0.43,0.0,22.0,53.0,2.0,153.0,31.0,18.0,,,0.0,,,,,,,,,,,,,,,,True,alta,1,Carrilero,2.3107884535903396
ITA-Serie A,2526,Fiorentina,Fabiano Parisi,ITA,"MF,FW",24.0,2000.0,23.0,18.0,1520.0,16.9,1.0,1.0,2.0,1.0,0.0,0.0,6.0,0.0,0.06,0.06,0.12,0.06,0.12,16.9,1.0,24.0,7.0,29.2,1.42,0.41,0.04,0.14,0.0,0.0,66.0,44.4,18,77.0,6,5,25.0,8,1.26,22.0,21.0,1.0,0.06,0.53,0.0,14.0,66.0,1.0,39.0,17.0,14.0,,,1.0,,,,,,,,,,,,,,,,True,alta,0,Interior de conducción,3.0937846241758837
ITA-Serie A,2526,Fiorentina,Giovanni Fabbian,ITA,MF,22.0,2003.0,15.0,4.0,468.0,5.2,0.0,0.0,0.0,0.0,0.0,0.0,2.0,0.0,0.0,0.0,0.0,0.0,0.0,5.2,0.0,7.0,2.0,28.6,1.35,0.38,0.0,0.0,0.0,0.0,31.0,13.7,4,71.0,2,11,17.0,2,1.27,3.0,5.0,-2.0,-0.38,-0.17,0.0,6.0,9.0,0.0,4.0,1.0,2.0,,,0.0,,,,,,,,,,,,,,,,False,baja,0,Interior de conducción,4.0061204993570385
ITA-Serie A,2526,Fiorentina,Hans Nicolussi Caviglia,ITA,MF,25.0,2000.0,11.0,7.0,585.0,6.5,0.0,1.0,1.0,0.0,0.0,0.0,4.0,0.0,0.0,0.15,0.15,0.0,0.15,6.5,0.0,4.0,1.0,25.0,0.62,0.15,0.0,0.0,0.0,0.0,53.0,17.1,7,78.0,3,4,11.0,10,0.91,7.0,12.0,-5.0,-0.77,-0.64,0.0,15.0,15.0,0.0,30.0,3.0,7.0,,,0.0,,,,,,,,,,,,,,,,False,baja,0,Interior de conducción,3.95609449140558
ITA-Serie A,2526,Fiorentina,Jack Harrison,ENG,"FW,MF",28.0,1996.0,15.0,10.0,981.0,10.9,1.0,3.0,4.0,1.0,0.0,0.0,1.0,0.0,0.09,0.28,0.37,0.09,0.37,10.9,1.0,13.0,4.0,30.8,1.19,0.37,0.08,0.25,0.0,0.0,65.0,28.7,10,81.0,6,5,34.0,2,1.6,13.0,10.0,3.0,0.28,0.72,0.0,9.0,7.0,0.0,56.0,2.0,6.0,,,0.0,,,,,,,,,,,,,,,,True,alta,1,Carrilero,3.0600689039697966
ITA-Serie A,2526,Fiorentina,Jacopo Fazzini,ITA,"MF,FW",22.0,2003.0,20.0,5.0,584.0,6.5,0.0,0.0,0.0,0.0,0.0,0.0,2.0,0.0,0.0,0.0,0.0,0.0,0.0,6.5,0.0,9.0,1.0,11.1,1.39,0.15,0.0,0.0,0.0,0.0,29.0,17.1,5,73.0,0,15,15.0,10,0.95,6.0,8.0,-2.0,-0.31,-0.09,0.0,12.0,15.0,0.0,16.0,5.0,10.0,,,0.0,,,,,,,,,,,,,,,,False,baja,3,Pivote destructor,2.832450066272436
ITA-Serie A,2526,Fiorentina,Manor Solomon,ISR,"FW,MF",26.0,1999.0,16.0,9.0,890.0,9.9,2.0,1.0,3.0,2.0,0.0,0.0,1.0,0.0,0.2,0.1,0.3,0.2,0.3,9.9,2.0,11.0,4.0,36.4,1.11,0.4,0.18,0.5,0.0,0.0,56.0,26.0,9,85.0,5,7,18.0,0,1.56,11.0,15.0,-4.0,-0.4,-0.23,0.0,2.0,16.0,1.0,47.0,0.0,11.0,,,0.0,,,,,,,,,,,,,,,,False,baja,2,Interior ofensivo,3.5216577273461653
ITA-Serie A,2526,Fiorentina,Marco Brescianini,ITA,MF,25.0,2000.0,17.0,10.0,862.0,9.6,1.0,1.0,2.0,1.0,0.0,0.0,1.0,0.0,0.1,0.1,0.21,0.1,0.21,9.6,1.0,10.0,2.0,20.0,1.04,0.21,0.1,0.5,0.0,0.0,51.0,25.2,10,75.0,4,7,16.0,1,1.47,15.0,13.0,2.0,0.21,0.6,0.0,13.0,9.0,0.0,11.0,1.0,2.0,,,0.0,,,,,,,,,,,,,,,,False,baja,2,Interior ofensivo,3.610832469186037
ITA-Serie A,2526,Fiorentina,Niccolò Fortini,ITA,MF,19.0,2006.0,16.0,2.0,541.0,6.0,0.0,0.0,0.0,0.0,0.0,0.0,0.0,0.0,0.0,0.0,0.0,0.0,0.0,6.0,0.0,8.0,2.0,25.0,1.33,0.33,0.0,0.0,0.0,0.0,34.0,15.8,2,78.0,1,14,28.0,15,0.81,9.0,12.0,-3.0,-0.5,-0.31,0.0,5.0,18.0,0.0,29.0,4.0,9.0,,,0.0,,,,,,,,,,,,,,,,False,baja,1,Carrilero,4.106627837830471
ITA-Serie A,2526,Fiorentina,Nicolò Fagioli,ITA,MF,24.0,2001.0,33.0,30.0,2554.0,28.4,2.0,3.0,5.0,2.0,0.0,0.0,5.0,0.0,0.07,0.11,0.18,0.07,0.18,28.4,2.0,33.0,7.0,21.2,1.16,0.25,0.06,0.29,0.0,0.0,77.0,74.7,30,82.0,14,3,34.0,4,1.09,31.0,42.0,-11.0,-0.39,-0.6,0.0,23.0,45.0,0.0,84.0,18.0,31.0,,,0.0,,,,,,,,,,,,,,,,True,alta,1,Carrilero,1.8839447750707576
ITA-Serie A,2526,Fiorentina,Robin Gosens,GER,"DF,MF",31.0,1994.0,26.0,24.0,1881.0,20.9,3.0,1.0,4.0,3.0,0.0,0.0,2.0,0.0,0.14,0.05,0.19,0.14,0.19,20.9,3.0,18.0,7.0,38.9,0.86,0.33,0.17,0.43,0.0,0.0,72.0,55.0,24,77.0,10,2,20.0,4,1.12,19.0,24.0,-5.0,-0.24,-0.01,0.0,24.0,25.0,3.0,41.0,23.0,18.0,,,0.0,,,,,,,,,,,,,,,,True,alta,1,Carrilero,1.8696685203228423
ITA-Serie A,2526,Fiorentina,Rolando Mandragora,ITA,MF,28.0,1997.0,34.0,30.0,2421.0,26.9,7.0,3.0,10.0,6.0,1.0,1.0,7.0,0.0,0.26,0.11,0.37,0.22,0.33,26.9,7.0,64.0,18.0,28.1,2.38,0.67,0.11,0.39,1.0,1.0,71.0,70.8,30,75.0,11,4,41.0,1,1.03,29.0,33.0,-4.0,-0.15,0.3,0.0,37.0,56.0,0.0,69.0,15.0,24.0,,,0.0,,,,,,,,,,,,,,,,True,alta,0,Interior de conducción,1.9638274053947358
ITA-Serie A,2526,Fiorentina,Simon Sohm,SUI,MF,24.0,2001.0,16.0,9.0,708.0,7.9,0.0,1.0,1.0,0.0,0.0,0.0,2.0,0.0,0.0,0.13,0.13,0.0,0.13,7.9,0.0,5.0,0.0,0.0,0.64,0.0,0.0,,0.0,0.0,44.0,20.7,9,65.0,1,7,18.0,4,0.56,6.0,15.0,-9.0,-1.14,-1.14,0.0,15.0,11.0,0.0,5.0,6.0,7.0,,,0.0,,,,,,,,,,,,,,,,False,baja,3,Pivote destructor,2.132103059137694
ITA-Serie A,2526,Genoa,Aarón Martín,ESP,"MF,DF",28.0,1997.0,33.0,26.0,2156.0,24.0,1.0,5.0,6.0,1.0,0.0,1.0,2.0,0.0,0.04,0.21,0.25,0.04,0.25,24.0,1.0,11.0,4.0,36.4,0.46,0.17,0.09,0.25,0.0,1.0,65.0,63.0,26,79.0,15,7,13.0,5,1.12,28.0,37.0,-9.0,-0.38,-0.3,0.0,31.0,27.0,0.0,194.0,10.0,28.0,,,0.0,,,,,,,,,,,,,,,,True,alta,1,Carrilero,2.8788618159182615
ITA-Serie A,2526,Genoa,Amorim,BRA,MF,20.0,2005.0,11.0,6.0,552.0,6.1,0.0,0.0,0.0,0.0,0.0,0.0,1.0,0.0,0.0,0.0,0.0,0.0,0.0,6.1,0.0,2.0,0.0,0.0,0.33,0.0,0.0,,0.0,0.0,50.0,16.1,6,75.0,0,5,20.0,4,1.09,5.0,8.0,-3.0,-0.49,-0.27,0.0,7.0,18.0,1.0,16.0,7.0,6.0,,,0.0,,,,,,,,,,,,,,,,False,baja,3,Pivote destructor,3.3116086800953677
ITA-Serie A,2526,Genoa,Brooke Norton-Cuffy,ENG,"MF,DF",21.0,2004.0,27.0,25.0,2212.0,24.6,2.0,1.0,3.0,2.0,0.0,0.0,5.0,1.0,0.08,0.04,0.12,0.08,0.12,24.6,2.0,15.0,6.0,40.0,0.61,0.24,0.13,0.33,0.0,0.0,82.0,64.7,25,86.0,19,2,32.0,1,0.96,28.0,38.0,-10.0,-0.41,-0.41,1.0,23.0,16.0,0.0,80.0,11.0,31.0,,,0.0,,,,,,,,,,,,,,,,True,alta,1,Carrilero,2.0709602829050953
ITA-Serie A,2526,Genoa,Caleb Ekuban,GHA,"FW,MF",31.0,1994.0,31.0,6.0,994.0,11.0,4.0,1.0,5.0,4.0,0.0,0.0,0.0,0.0,0.36,0.09,0.45,0.36,0.45,11.0,4.0,29.0,10.0,34.5,2.63,0.91,0.14,0.4,0.0,0.0,32.0,29.1,6,64.0,0,25,24.0,1,1.1,13.0,15.0,-2.0,-0.18,0.12,0.0,16.0,29.0,6.0,5.0,5.0,1.0,,,0.0,,,,,,,,,,,,,,,,True,alta,2,Interior ofensivo,3.682505129814639
ITA-Serie A,2526,Genoa,Jeff Ekhator,ITA,"FW,MF",18.0,2006.0,30.0,9.0,956.0,10.6,3.0,0.0,3.0,3.0,0.0,0.0,3.0,0.0,0.28,0.0,0.28,0.28,0.28,10.6,3.0,20.0,5.0,25.0,1.88,0.47,0.15,0.6,0.0,0.0,32.0,28.0,9,62.0,0,21,19.0,7,1.03,13.0,15.0,-2.0,-0.19,0.1,0.0,20.0,19.0,10.0,9.0,2.0,8.0,,,0.0,,,,,,,,,,,,,,,,True,alta,0,Interior de conducción,3.3462144708558483
ITA-Serie A,2526,Genoa,Junior Messias,BRA,MF,34.0,1991.0,20.0,5.0,685.0,7.6,3.0,1.0,4.0,2.0,1.0,1.0,1.0,0.0,0.39,0.13,0.53,0.26,0.39,7.6,3.0,19.0,7.0,36.8,2.5,0.92,0.16,0.43,1.0,1.0,34.0,20.0,5,64.0,0,15,24.0,5,1.6,11.0,7.0,4.0,0.53,0.99,0.0,10.0,22.0,0.0,16.0,5.0,10.0,,,0.0,,,,,,,,,,,,,,,,False,baja,0,Interior de conducción,2.6658752286790652
ITA-Serie A,2526,Genoa,Mikael Ellertsson,ISL,MF,23.0,2002.0,36.0,31.0,2767.0,30.7,1.0,1.0,2.0,1.0,0.0,0.0,1.0,1.0,0.03,0.03,0.07,0.03,0.07,30.7,1.0,26.0,6.0,23.1,0.85,0.2,0.04,0.17,0.0,0.0,77.0,80.9,31,86.0,24,5,17.0,1,0.97,28.0,43.0,-15.0,-0.49,-1.18,0.0,28.0,42.0,1.0,32.0,14.0,26.0,,,0.0,,,,,,,,,,,,,,,,True,alta,1,Carrilero,2.4372265470899244
ITA-Serie A,2526,Genoa,Morten Frendrup,DEN,MF,24.0,2001.0,36.0,35.0,3081.0,34.2,1.0,0.0,1.0,1.0,0.0,0.0,5.0,0.0,0.03,0.0,0.03,0.03,0.03,34.2,1.0,8.0,3.0,37.5,0.23,0.09,0.13,0.33,0.0,0.0,86.0,90.1,35,87.0,26,1,28.0,0,0.97,36.0,45.0,-9.0,-0.26,0.0,0.0,41.0,39.0,0.0,5.0,41.0,71.0,,,0.0,,,,,,,,,,,,,,,,True,alta,3,Pivote destructor,2.4028693591920924
ITA-Serie A,2526,Genoa,Morten Thorsby,NOR,MF,29.0,1996.0,13.0,8.0,731.0,8.1,2.0,1.0,3.0,2.0,0.0,0.0,2.0,0.0,0.25,0.12,0.37,0.25,0.37,8.1,2.0,10.0,4.0,40.0,1.23,0.49,0.2,0.5,0.0,0.0,56.0,21.4,8,79.0,3,5,20.0,10,1.31,14.0,13.0,1.0,0.12,0.49,0.0,15.0,5.0,5.0,5.0,3.0,1.0,,,0.0,,,,,,,,,,,,,,,,False,baja,2,Interior ofensivo,3.6983838537434597
ITA-Serie A,2526,Genoa,Patrizio Masini,ITA,MF,24.0,2001.0,28.0,13.0,1413.0,15.7,0.0,1.0,1.0,0.0,0.0,0.0,5.0,0.0,0.0,0.06,0.06,0.0,0.06,15.7,0.0,18.0,5.0,27.8,1.15,0.32,0.0,0.0,0.0,0.0,50.0,41.3,13,88.0,11,15,18.0,9,1.07,15.0,22.0,-7.0,-0.45,-0.31,0.0,39.0,45.0,0.0,14.0,26.0,39.0,,,0.0,,,,,,,,,,,,,,,,True,alta,3,Pivote destructor,3.7953141703452613
ITA-Serie A,2526,Genoa,Ruslan Malinovskyi,UKR,MF,32.0,1993.0,34.0,28.0,2235.0,24.8,6.0,3.0,9.0,3.0,3.0,3.0,10.0,0.0,0.24,0.12,0.36,0.12,0.24,24.8,6.0,55.0,15.0,27.3,2.21,0.6,0.11,0.4,3.0,3.0,66.0,65.4,28,74.0,6,6,25.0,1,1.06,28.0,32.0,-4.0,-0.16,0.29,0.0,36.0,26.0,1.0,68.0,16.0,19.0,,,0.0,,,,,,,,,,,,,,,,True,alta,0,Interior de conducción,1.9422584062698376
ITA-Serie A,2526,Genoa,Stefano Sabelli,ITA,"MF,DF",32.0,1993.0,16.0,12.0,913.0,10.1,0.0,0.0,0.0,0.0,0.0,0.0,0.0,0.0,0.0,0.0,0.0,0.0,0.0,10.1,0.0,8.0,0.0,0.0,0.79,0.0,0.0,,0.0,0.0,57.0,26.7,12,73.0,1,4,10.0,22,1.56,9.0,10.0,-1.0,-0.1,0.22,0.0,6.0,19.0,0.0,27.0,3.0,14.0,,,1.0,,,,,,,,,,,,,,,,True,alta,1,Carrilero,3.578504260691498
ITA-Serie A,2526,Genoa,Vitinha,POR,"FW,MF",25.0,2000.0,35.0,28.0,2226.0,24.7,5.0,1.0,6.0,5.0,0.0,0.0,5.0,0.0,0.2,0.04,0.24,0.2,0.24,24.7,5.0,65.0,20.0,30.8,2.63,0.81,0.08,0.25,0.0,0.0,64.0,65.1,28,75.0,5,7,17.0,2,1.06,26.0,34.0,-8.0,-0.32,-0.17,0.0,33.0,68.0,14.0,67.0,14.0,32.0,,,0.0,,,,,,,,,,,,,,,,True,alta,0,Interior de conducción,2.5837530737581265
ITA-Serie A,2526,Hellas Verona,Abdou Harroui,NED,MF,27.0,1998.0,23.0,11.0,907.0,10.1,1.0,0.0,1.0,0.0,1.0,1.0,3.0,0.0,0.1,0.0,0.1,0.0,0.0,10.1,1.0,12.0,2.0,16.7,1.19,0.2,0.08,0.5,1.0,1.0,39.0,26.5,11,66.0,0,12,15.0,11,0.57,7.0,21.0,-14.0,-1.39,-0.6,0.0,22.0,1.0,2.0,28.0,1.0,17.0,,,0.0,,,,,,,,,,,,,,,,True,alta,3,Pivote destructor,4.531243465115889
ITA-Serie A,2526,Hellas Verona,Al-Musrati,LBY,MF,29.0,1996.0,18.0,8.0,844.0,9.4,0.0,1.0,1.0,0.0,0.0,0.0,6.0,1.0,0.0,0.11,0.11,0.0,0.11,9.4,0.0,9.0,1.0,11.1,0.96,0.11,0.0,0.0,0.0,0.0,47.0,24.7,8,76.0,3,10,24.0,11,0.61,7.0,19.0,-12.0,-1.28,-0.44,1.0,15.0,3.0,1.0,2.0,11.0,7.0,,,0.0,,,,,,,,,,,,,,,,False,baja,3,Pivote destructor,3.437945732426898
ITA-Serie A,2526,Hellas Verona,Amin Sarr,SWE,"FW,MF",24.0,2001.0,34.0,9.0,1102.0,12.2,0.0,1.0,1.0,0.0,0.0,0.0,2.0,1.0,0.0,0.08,0.08,0.0,0.08,12.2,0.0,19.0,6.0,31.6,1.55,0.49,0.0,0.0,0.0,0.0,32.0,32.2,9,66.0,0,25,20.0,2,0.56,8.0,33.0,-25.0,-2.04,-1.61,1.0,25.0,22.0,7.0,12.0,4.0,9.0,,,0.0,,,,,,,,,,,,,,,,True,alta,0,Interior de conducción,3.046841684508066
ITA-Serie A,2526,Hellas Verona,Antoine Bernede,FRA,MF,26.0,1999.0,32.0,29.0,2301.0,25.6,1.0,2.0,3.0,1.0,0.0,0.0,2.0,0.0,0.04,0.08,0.12,0.04,0.12,25.6,1.0,21.0,4.0,19.0,0.82,0.16,0.05,0.25,0.0,0.0,72.0,67.3,29,76.0,10,3,29.0,1,0.56,18.0,38.0,-20.0,-0.78,0.5,0.0,55.0,20.0,1.0,25.0,16.0,39.0,,,0.0,,,,,,,,,,,,,,,,True,alta,3,Pivote destructor,2.3877718002012354
ITA-Serie A,2526,Hellas Verona,Cheikh Niasse,SEN,MF,25.0,2000.0,19.0,11.0,970.0,10.8,0.0,1.0,1.0,0.0,0.0,0.0,1.0,0.0,0.0,0.09,0.09,0.0,0.09,10.8,0.0,6.0,1.0,16.7,0.56,0.09,0.0,0.0,0.0,0.0,51.0,28.4,11,77.0,2,8,15.0,15,0.63,10.0,20.0,-10.0,-0.93,0.03,0.0,20.0,15.0,2.0,14.0,15.0,14.0,,,0.0,,,,,,,,,,,,,,,,True,alta,3,Pivote destructor,2.4505880189997864
ITA-Serie A,2526,Hellas Verona,Daniel Oyegoke,ENG,"MF,DF",22.0,2003.0,15.0,8.0,594.0,6.6,0.0,0.0,0.0,0.0,0.0,0.0,2.0,0.0,0.0,0.0,0.0,0.0,0.0,6.6,0.0,3.0,1.0,33.3,0.45,0.15,0.0,0.0,0.0,0.0,40.0,17.4,8,62.0,1,7,14.0,10,0.53,4.0,8.0,-4.0,-0.61,0.41,0.0,13.0,5.0,1.0,32.0,7.0,9.0,,,0.0,,,,,,,,,,,,,,,,False,baja,3,Pivote destructor,2.875623562490568
ITA-Serie A,2526,Hellas Verona,Domagoj Bradarić,CRO,MF,25.0,1999.0,29.0,23.0,1966.0,21.8,0.0,1.0,1.0,0.0,0.0,0.0,2.0,0.0,0.0,0.05,0.05,0.0,0.05,21.8,0.0,13.0,6.0,46.2,0.6,0.27,0.0,0.0,0.0,0.0,68.0,57.5,23,80.0,12,6,23.0,5,0.45,17.0,39.0,-22.0,-1.01,-0.14,0.0,8.0,10.0,2.0,108.0,9.0,20.0,,,0.0,,,,,,,,,,,,,,,,True,alta,1,Carrilero,2.4405744936765075
ITA-Serie A,2526,Hellas Verona,Giovane,BRA,"FW,MF",21.0,2003.0,21.0,19.0,1533.0,17.0,3.0,4.0,7.0,3.0,0.0,0.0,2.0,0.0,0.18,0.23,0.41,0.18,0.41,17.0,3.0,47.0,25.0,53.2,2.76,1.47,0.06,0.12,0.0,0.0,73.0,44.8,19,77.0,8,2,33.0,0,0.67,12.0,23.0,-11.0,-0.65,0.55,0.0,21.0,15.0,8.0,56.0,5.0,9.0,,,0.0,,,,,,,,,,,,,,,,True,alta,2,Interior ofensivo,1.557493351734697
ITA-Serie A,2526,Hellas Verona,Jean-Daniel Akpa-Akpro,CIV,MF,32.0,1992.0,22.0,17.0,1504.0,16.7,1.0,0.0,1.0,1.0,0.0,0.0,9.0,0.0,0.06,0.0,0.06,0.06,0.06,16.7,1.0,13.0,4.0,30.8,0.78,0.24,0.08,0.25,0.0,0.0,68.0,44.0,17,76.0,7,5,41.0,1,0.5,10.0,19.0,-9.0,-0.54,0.73,0.0,39.0,15.0,0.0,17.0,22.0,32.0,,,0.0,,,,,,,,,,,,,,,,True,alta,3,Pivote destructor,2.873048655680421
ITA-Serie A,2526,Hellas Verona,Martin Frese,DEN,"MF,DF",27.0,1998.0,31.0,27.0,2408.0,26.8,2.0,0.0,2.0,2.0,0.0,0.0,8.0,0.0,0.07,0.0,0.07,0.07,0.07,26.8,2.0,21.0,11.0,52.4,0.78,0.41,0.1,0.18,0.0,0.0,78.0,70.4,27,83.0,17,4,40.0,3,0.61,16.0,40.0,-24.0,-0.9,0.17,0.0,46.0,20.0,4.0,74.0,30.0,54.0,,,1.0,,,,,,,,,,,,,,,,True,alta,3,Pivote destructor,2.4384796652446035
ITA-Serie A,2526,Hellas Verona,Rafik Belghali,ALG,MF,23.0,2002.0,26.0,22.0,1920.0,21.3,2.0,0.0,2.0,2.0,0.0,0.0,6.0,0.0,0.09,0.0,0.09,0.09,0.09,21.3,2.0,21.0,6.0,28.6,0.98,0.28,0.1,0.33,0.0,0.0,74.0,56.1,22,82.0,12,4,29.0,1,0.58,15.0,28.0,-13.0,-0.61,0.77,0.0,20.0,10.0,6.0,60.0,17.0,13.0,,,0.0,,,,,,,,,,,,,,,,True,alta,1,Carrilero,2.8054905719932344
ITA-Serie A,2526,Hellas Verona,Roberto Gagliardini,ITA,MF,31.0,1994.0,29.0,25.0,2272.0,25.2,1.0,0.0,1.0,1.0,0.0,0.0,9.0,0.0,0.04,0.0,0.04,0.04,0.04,25.2,1.0,15.0,3.0,20.0,0.59,0.12,0.07,0.33,0.0,0.0,78.0,66.4,25,84.0,19,4,43.0,1,0.52,17.0,36.0,-19.0,-0.75,0.58,0.0,45.0,35.0,0.0,16.0,56.0,40.0,,,0.0,,,,,,,,,,,,,,,,True,alta,3,Pivote destructor,2.4991009366510304
ITA-Serie A,2526,Hellas Verona,Suat Serdar,GER,MF,28.0,1997.0,20.0,12.0,1108.0,12.3,2.0,0.0,2.0,2.0,0.0,0.0,3.0,0.0,0.16,0.0,0.16,0.16,0.16,12.3,2.0,19.0,7.0,36.8,1.54,0.57,0.11,0.29,0.0,0.0,55.0,32.4,12,78.0,4,8,21.0,0,0.55,8.0,24.0,-16.0,-1.3,-0.52,0.0,19.0,12.0,1.0,7.0,10.0,20.0,,,0.0,,,,,,,,,,,,,,,,True,alta,3,Pivote destructor,2.216228284974811
ITA-Serie A,2526,Inter,Andy Diouf,FRA,MF,22.0,2003.0,19.0,4.0,493.0,5.5,1.0,0.0,1.0,1.0,0.0,0.0,1.0,0.0,0.18,0.0,0.18,0.18,0.18,5.5,1.0,10.0,3.0,30.0,1.83,0.55,0.1,0.33,0.0,0.0,26.0,14.4,4,75.0,2,15,13.0,17,2.37,16.0,5.0,11.0,2.01,0.69,0.0,5.0,3.0,1.0,6.0,1.0,6.0,,,0.0,,,,,,,,,,,,,,,,False,baja,2,Interior ofensivo,3.152275470530581
ITA-Serie A,2526,Inter,Carlos Augusto,BRA,"MF,DF",26.0,1999.0,34.0,18.0,1763.0,19.6,1.0,1.0,2.0,1.0,0.0,0.0,6.0,0.0,0.05,0.05,0.1,0.05,0.1,19.6,1.0,20.0,6.0,30.0,1.02,0.31,0.05,0.17,0.0,0.0,52.0,51.5,18,81.0,12,16,19.0,2,2.29,41.0,19.0,22.0,1.12,-0.61,0.0,26.0,13.0,0.0,46.0,19.0,22.0,,,0.0,,,,,,,,,,,,,,,,True,alta,3,Pivote destructor,1.5851198102235642
ITA-Serie A,2526,Inter,Davide Frattesi,ITA,MF,25.0,1999.0,22.0,3.0,569.0,6.3,0.0,0.0,0.0,0.0,0.0,0.0,0.0,0.0,0.0,0.0,0.0,0.0,0.0,6.3,0.0,16.0,4.0,25.0,2.53,0.63,0.0,0.0,0.0,0.0,26.0,16.6,3,80.0,2,19,17.0,14,2.45,15.0,4.0,11.0,1.74,0.38,0.0,9.0,11.0,2.0,2.0,3.0,7.0,,,0.0,,,,,,,,,,,,,,,,False,baja,0,Interior de conducción,4.110478525486492
ITA-Serie A,2526,Inter,Denzel Dumfries,NED,MF,29.0,1996.0,20.0,15.0,1325.0,14.7,3.0,1.0,4.0,3.0,0.0,0.0,2.0,0.0,0.2,0.07,0.27,0.2,0.27,14.7,3.0,23.0,5.0,21.7,1.56,0.34,0.13,0.6,0.0,0.0,66.0,38.7,15,80.0,8,5,25.0,2,2.1,36.0,14.0,22.0,1.49,0.12,0.0,20.0,13.0,2.0,34.0,7.0,9.0,,,0.0,,,,,,,,,,,,,,,,True,alta,2,Interior ofensivo,1.7830623240893242
ITA-Serie A,2526,Inter,Federico Dimarco,ITA,MF,27.0,1997.0,35.0,30.0,2698.0,30.0,7.0,16.0,23.0,7.0,0.0,0.0,3.0,0.0,0.23,0.53,0.77,0.23,0.77,30.0,7.0,65.0,22.0,33.8,2.17,0.73,0.11,0.32,0.0,0.0,77.0,78.9,30,84.0,20,5,36.0,3,2.23,73.0,27.0,46.0,1.53,0.54,0.0,41.0,23.0,5.0,295.0,30.0,31.0,,,0.0,,,,,,,,,,,,,,,,True,alta,2,Interior ofensivo,3.5766610944337587
ITA-Serie A,2526,Inter,Hakan Çalhanoğlu,TUR,MF,31.0,1994.0,22.0,20.0,1639.0,18.2,9.0,4.0,13.0,5.0,4.0,5.0,7.0,0.0,0.49,0.22,0.71,0.27,0.49,18.2,9.0,50.0,17.0,34.0,2.75,0.93,0.18,0.53,4.0,5.0,75.0,47.9,20,79.0,7,2,35.0,5,2.27,43.0,16.0,27.0,1.48,0.12,0.0,28.0,11.0,0.0,86.0,19.0,17.0,,,0.0,,,,,,,,,,,,,,,,True,alta,0,Interior de conducción,3.350274285522042
ITA-Serie A,2526,Inter,Henrikh Mkhitaryan,ARM,MF,36.0,1989.0,30.0,16.0,1560.0,17.3,4.0,1.0,5.0,4.0,0.0,0.0,5.0,0.0,0.23,0.06,0.29,0.23,0.29,17.3,4.0,43.0,14.0,32.6,2.48,0.81,0.09,0.29,0.0,0.0,52.0,45.6,16,76.0,7,14,24.0,3,2.27,44.0,12.0,32.0,1.85,0.78,0.0,28.0,17.0,3.0,42.0,15.0,27.0,,,0.0,,,,,,,,,,,,,,,,True,alta,0,Interior de conducción,2.0953358940731452
ITA-Serie A,2526,Inter,Luis Henrique,BRA,MF,23.0,2001.0,30.0,18.0,1624.0,18.0,1.0,2.0,3.0,1.0,0.0,0.0,1.0,0.0,0.06,0.11,0.17,0.06,0.17,18.0,1.0,15.0,7.0,46.7,0.83,0.39,0.07,0.14,0.0,0.0,54.0,47.5,18,75.0,8,12,23.0,7,2.47,35.0,14.0,21.0,1.16,-0.49,0.0,5.0,0.0,1.0,39.0,7.0,16.0,,,0.0,,,,,,,,,,,,,,,,True,alta,1,Carrilero,3.0012039513044146
ITA-Serie A,2526,Inter,Nicolò Barella,ITA,MF,28.0,1997.0,34.0,31.0,2517.0,28.0,3.0,8.0,11.0,3.0,0.0,0.0,7.0,0.0,0.11,0.29,0.39,0.11,0.39,28.0,3.0,35.0,5.0,14.3,1.25,0.18,0.09,0.6,0.0,0.0,74.0,73.6,31,78.0,11,3,29.0,1,2.26,61.0,25.0,36.0,1.29,-0.51,0.0,33.0,22.0,4.0,102.0,9.0,31.0,,,0.0,,,,,,,,,,,,,,,,True,alta,0,Interior de conducción,2.3776927949541378
ITA-Serie A,2526,Inter,Petar Sučić,CRO,MF,21.0,2003.0,34.0,21.0,1765.0,19.6,2.0,2.0,4.0,2.0,0.0,0.0,5.0,0.0,0.1,0.1,0.2,0.1,0.2,19.6,2.0,22.0,6.0,27.3,1.12,0.31,0.09,0.33,0.0,0.0,52.0,51.6,21,74.0,7,13,16.0,3,2.21,42.0,21.0,21.0,1.07,-0.72,0.0,30.0,25.0,0.0,43.0,9.0,25.0,,,0.0,,,,,,,,,,,,,,,,True,alta,0,Interior de conducción,1.8440991244600484
ITA-Serie A,2526,Inter,Piotr Zieliński,POL,MF,31.0,1994.0,34.0,22.0,2045.0,22.7,6.0,3.0,9.0,5.0,1.0,1.0,3.0,0.0,0.26,0.13,0.4,0.22,0.35,22.7,6.0,29.0,10.0,34.5,1.28,0.44,0.21,0.6,1.0,1.0,60.0,59.8,22,80.0,11,12,23.0,4,2.21,55.0,26.0,29.0,1.28,-0.36,0.0,18.0,18.0,0.0,23.0,7.0,19.0,,,1.0,,,,,,,,,,,,,,,,True,alta,1,Carrilero,2.6359431609928023
ITA-Serie A,2526,Juventus,Andrea Cambiaso,ITA,"MF,DF",25.0,2000.0,36.0,35.0,2769.0,30.8,3.0,4.0,7.0,3.0,0.0,0.0,3.0,1.0,0.1,0.13,0.23,0.1,0.23,30.8,3.0,26.0,13.0,50.0,0.85,0.42,0.12,0.23,0.0,0.0,77.0,81.0,35,78.0,8,1,45.0,0,1.75,45.0,26.0,19.0,0.62,-0.49,0.0,29.0,21.0,2.0,123.0,20.0,39.0,,,2.0,,,,,,,,,,,,,,,,True,alta,1,Carrilero,1.150145703349278
ITA-Serie A,2526,Juventus,Fabio Miretti,ITA,MF,21.0,2003.0,23.0,5.0,617.0,6.9,1.0,2.0,3.0,1.0,0.0,0.0,1.0,0.0,0.15,0.29,0.44,0.15,0.44,6.9,1.0,18.0,5.0,27.8,2.63,0.73,0.06,0.2,0.0,0.0,27.0,18.0,5,68.0,0,18,15.0,8,1.83,17.0,6.0,11.0,1.6,1.09,0.0,15.0,7.0,0.0,17.0,4.0,9.0,,,0.0,,,,,,,,,,,,,,,,False,baja,0,Interior de conducción,2.924391305320967
ITA-Serie A,2526,Juventus,Filip Kostić,SRB,MF,32.0,1992.0,18.0,4.0,479.0,5.3,3.0,1.0,4.0,3.0,0.0,0.0,1.0,0.0,0.56,0.19,0.75,0.56,0.75,5.3,3.0,9.0,4.0,44.4,1.69,0.75,0.33,0.75,0.0,0.0,27.0,14.0,4,69.0,0,14,15.0,20,2.0,12.0,4.0,8.0,1.5,0.92,0.0,8.0,5.0,0.0,49.0,4.0,10.0,,,0.0,,,,,,,,,,,,,,,,False,baja,0,Interior de conducción,3.7739045325321197
ITA-Serie A,2526,Juventus,Francisco Conceição,POR,"MF,FW",22.0,2002.0,31.0,27.0,2078.0,23.1,3.0,5.0,8.0,3.0,0.0,0.0,3.0,0.0,0.13,0.22,0.35,0.13,0.35,23.1,3.0,73.0,23.0,31.5,3.16,1.0,0.04,0.13,0.0,0.0,67.0,60.8,27,73.0,2,4,25.0,2,1.68,30.0,18.0,12.0,0.52,-0.49,0.0,32.0,40.0,3.0,92.0,7.0,26.0,,,0.0,,,,,,,,,,,,,,,,True,alta,2,Interior ofensivo,2.3215934606585575
ITA-Serie A,2526,Juventus,Jeremie Boga,CIV,"MF,FW",28.0,1997.0,15.0,6.0,679.0,7.5,4.0,0.0,4.0,4.0,0.0,0.0,1.0,0.0,0.53,0.0,0.53,0.53,0.53,7.5,4.0,24.0,12.0,50.0,3.18,1.59,0.17,0.33,0.0,0.0,45.0,19.9,6,81.0,1,9,21.0,0,1.6,15.0,6.0,9.0,1.19,0.6,0.0,3.0,7.0,1.0,30.0,2.0,3.0,,,0.0,,,,,,,,,,,,,,,,False,baja,2,Interior ofensivo,3.1495156041133816
ITA-Serie A,2526,Juventus,Kenan Yıldız,TUR,"MF,FW",20.0,2005.0,36.0,33.0,2825.0,31.4,10.0,6.0,16.0,9.0,1.0,2.0,2.0,0.0,0.32,0.19,0.51,0.29,0.48,31.4,10.0,97.0,40.0,41.2,3.09,1.27,0.1,0.25,1.0,2.0,78.0,82.6,33,83.0,12,3,25.0,1,1.81,49.0,26.0,23.0,0.73,0.13,0.0,23.0,56.0,7.0,122.0,7.0,14.0,,,0.0,,,,,,,,,,,,,,,,True,alta,2,Interior ofensivo,1.675042572760898
ITA-Serie A,2526,Juventus,Khéphren Thuram,FRA,MF,24.0,2001.0,35.0,30.0,2442.0,27.1,3.0,3.0,6.0,3.0,0.0,0.0,2.0,0.0,0.11,0.11,0.22,0.11,0.22,27.1,3.0,50.0,15.0,30.0,1.84,0.55,0.06,0.2,0.0,0.0,70.0,71.4,30,77.0,14,5,25.0,1,1.8,49.0,25.0,24.0,0.88,0.61,0.0,38.0,12.0,3.0,16.0,12.0,32.0,,,0.0,,,,,,,,,,,,,,,,True,alta,1,Carrilero,2.77933073599156
ITA-Serie A,2526,Juventus,Loïs Openda,BEL,"FW,MF",25.0,2000.0,24.0,6.0,666.0,7.4,1.0,0.0,1.0,1.0,0.0,0.0,0.0,0.0,0.14,0.0,0.14,0.14,0.14,7.4,1.0,26.0,6.0,23.1,3.51,0.81,0.04,0.17,0.0,0.0,28.0,19.5,6,69.0,0,18,14.0,12,1.71,11.0,8.0,3.0,0.41,-0.38,0.0,8.0,21.0,11.0,7.0,1.0,4.0,,,0.0,,,,,,,,,,,,,,,,False,baja,2,Interior ofensivo,3.8010045251276265
ITA-Serie A,2526,Juventus,Manuel Locatelli,ITA,MF,27.0,1998.0,36.0,36.0,2994.0,33.3,1.0,2.0,3.0,1.0,0.0,1.0,9.0,0.0,0.03,0.06,0.09,0.03,0.09,33.3,1.0,46.0,12.0,26.1,1.38,0.36,0.02,0.08,0.0,1.0,83.0,87.5,36,83.0,24,0,,1,1.86,49.0,28.0,21.0,0.63,-0.64,0.0,55.0,44.0,0.0,19.0,38.0,66.0,,,0.0,,,,,,,,,,,,,,,,True,alta,3,Pivote destructor,1.8697904595959347
ITA-Serie A,2526,Juventus,Pierre Kalulu,FRA,"DF,MF",25.0,2000.0,37.0,37.0,3281.0,36.5,2.0,4.0,6.0,2.0,0.0,0.0,4.0,1.0,0.05,0.11,0.16,0.05,0.16,36.5,2.0,13.0,4.0,30.8,0.36,0.11,0.15,0.5,0.0,0.0,89.0,95.9,37,89.0,36,0,,0,1.86,60.0,30.0,30.0,0.82,2.77,1.0,34.0,16.0,0.0,94.0,24.0,35.0,,,0.0,,,,,,,,,,,,,,,,True,alta,1,Carrilero,1.735605796849468
ITA-Serie A,2526,Juventus,Teun Koopmeiners,NED,"MF,DF",27.0,1998.0,33.0,18.0,1827.0,20.3,0.0,0.0,0.0,0.0,0.0,0.0,5.0,0.0,0.0,0.0,0.0,0.0,0.0,20.3,0.0,28.0,7.0,25.0,1.38,0.34,0.0,0.0,0.0,0.0,55.0,53.4,18,82.0,11,15,23.0,4,1.7,25.0,22.0,3.0,0.15,-1.21,0.0,33.0,11.0,3.0,47.0,18.0,13.0,,,0.0,,,,,,,,,,,,,,,,True,alta,3,Pivote destructor,2.826759934595868
ITA-Serie A,2526,Juventus,Weston McKennie,USA,MF,26.0,1998.0,36.0,32.0,2835.0,31.5,5.0,5.0,10.0,5.0,0.0,0.0,5.0,0.0,0.16,0.16,0.32,0.16,0.32,31.5,5.0,43.0,16.0,37.2,1.37,0.51,0.12,0.31,0.0,0.0,79.0,82.9,32,87.0,23,4,13.0,1,1.81,53.0,31.0,22.0,0.7,-0.07,0.0,44.0,11.0,7.0,36.0,26.0,24.0,,,0.0,,,,,,,,,,,,,,,,True,alta,1,Carrilero,2.592105985951998
ITA-Serie A,2526,Lazio,Boulaye Dia,SEN,"FW,MF",28.0,1996.0,27.0,14.0,1253.0,13.9,1.0,2.0,3.0,1.0,0.0,0.0,1.0,0.0,0.07,0.14,0.22,0.07,0.22,13.9,1.0,12.0,7.0,58.3,0.86,0.5,0.08,0.14,0.0,0.0,46.0,36.6,14,70.0,2,13,21.0,5,1.44,14.0,11.0,3.0,0.22,0.3,0.0,19.0,14.0,4.0,0.0,3.0,7.0,,,0.0,,,,,,,,,,,,,,,,True,alta,2,Interior ofensivo,3.3797327219019695
ITA-Serie A,2526,Lazio,Danilo Cataldi,ITA,MF,30.0,1994.0,27.0,24.0,1985.0,22.1,3.0,3.0,6.0,1.0,2.0,2.0,6.0,0.0,0.14,0.14,0.27,0.05,0.18,22.1,3.0,26.0,7.0,26.9,1.18,0.32,0.12,0.43,2.0,2.0,74.0,58.0,24,77.0,13,3,42.0,3,1.37,24.0,26.0,-2.0,-0.09,-0.28,0.0,22.0,12.0,0.0,48.0,21.0,22.0,,,0.0,,,,,,,,,,,,,,,,True,alta,1,Carrilero,1.9101727162072775
ITA-Serie A,2526,Lazio,Fisayo Dele-Bashiru,NGA,MF,24.0,2001.0,24.0,11.0,1187.0,13.2,1.0,0.0,1.0,1.0,0.0,0.0,0.0,0.0,0.08,0.0,0.08,0.08,0.08,13.2,1.0,9.0,2.0,22.2,0.68,0.15,0.11,0.5,0.0,0.0,49.0,34.7,11,75.0,6,13,27.0,1,1.33,18.0,16.0,2.0,0.15,0.19,0.0,8.0,3.0,2.0,10.0,4.0,15.0,,,0.0,,,,,,,,,,,,,,,,True,alta,1,Carrilero,3.3591050070399766
ITA-Serie A,2526,Lazio,Kenneth Taylor,NED,MF,23.0,2002.0,17.0,17.0,1394.0,15.5,3.0,2.0,5.0,3.0,0.0,0.0,5.0,0.0,0.19,0.13,0.32,0.19,0.32,15.5,3.0,16.0,6.0,37.5,1.03,0.39,0.19,0.5,0.0,0.0,82.0,40.8,17,82.0,8,0,,1,1.53,14.0,17.0,-3.0,-0.19,-0.37,0.0,17.0,13.0,1.0,9.0,9.0,11.0,,,0.0,,,,,,,,,,,,,,,,True,alta,0,Interior de conducción,2.3870695733709946
ITA-Serie A,2526,Lazio,Mattéo Guendouzi,FRA,MF,26.0,1999.0,16.0,16.0,1428.0,15.9,2.0,1.0,3.0,2.0,0.0,0.0,5.0,1.0,0.13,0.06,0.19,0.13,0.19,15.9,2.0,16.0,8.0,50.0,1.01,0.5,0.13,0.25,0.0,0.0,89.0,41.8,16,89.0,14,0,,0,1.25,13.0,12.0,1.0,0.06,0.06,0.0,17.0,21.0,0.0,20.0,11.0,8.0,,,0.0,,,,,,,,,,,,,,,,True,alta,0,Interior de conducción,2.5968779675138145
ITA-Serie A,2526,Lazio,Matías Vecino,URU,MF,33.0,1991.0,13.0,5.0,603.0,6.7,0.0,1.0,1.0,0.0,0.0,0.0,1.0,0.0,0.0,0.15,0.15,0.0,0.15,6.7,0.0,7.0,1.0,14.3,1.04,0.15,0.0,0.0,0.0,0.0,46.0,17.6,5,73.0,2,8,30.0,2,1.62,7.0,4.0,3.0,0.45,0.51,0.0,8.0,3.0,0.0,0.0,7.0,9.0,,,0.0,,,,,,,,,,,,,,,,False,baja,3,Pivote destructor,2.450381602179528
ITA-Serie A,2526,Lazio,Nicolò Rovella,ITA,MF,23.0,2001.0,11.0,6.0,512.0,5.7,0.0,1.0,1.0,0.0,0.0,0.0,2.0,1.0,0.0,0.18,0.18,0.0,0.18,5.7,0.0,1.0,0.0,0.0,0.18,0.0,0.0,,0.0,0.0,47.0,15.0,6,60.0,1,5,31.0,5,0.91,7.0,6.0,1.0,0.18,0.18,0.0,7.0,12.0,0.0,11.0,9.0,10.0,,,0.0,,,,,,,,,,,,,,,,False,baja,3,Pivote destructor,3.171250933677352
ITA-Serie A,2526,Lazio,Patric,ESP,"MF,DF",32.0,1993.0,14.0,6.0,667.0,7.4,0.0,0.0,0.0,0.0,0.0,0.0,2.0,0.0,0.0,0.0,0.0,0.0,0.0,7.4,0.0,5.0,0.0,0.0,0.67,0.0,0.0,,0.0,0.0,48.0,19.5,6,79.0,4,8,24.0,13,1.93,8.0,8.0,0.0,0.0,-0.03,0.0,4.0,2.0,0.0,0.0,3.0,0.0,,,0.0,,,,,,,,,,,,,,,,False,baja,1,Carrilero,5.156100303301403
ITA-Serie A,2526,Lazio,Pedro,ESP,"FW,MF",38.0,1987.0,29.0,9.0,982.0,10.9,5.0,2.0,7.0,3.0,2.0,2.0,4.0,0.0,0.46,0.18,0.64,0.27,0.46,10.9,5.0,22.0,11.0,50.0,2.02,1.01,0.23,0.45,2.0,2.0,34.0,28.7,9,63.0,0,20,21.0,6,1.52,18.0,13.0,5.0,0.46,0.61,0.0,10.0,26.0,0.0,31.0,4.0,6.0,,,0.0,,,,,,,,,,,,,,,,True,alta,0,Interior de conducción,2.993519158644105
ITA-Serie A,2526,Lazio,Reda Belahyane,MAR,MF,21.0,2004.0,13.0,5.0,609.0,6.8,0.0,2.0,2.0,0.0,0.0,0.0,1.0,1.0,0.0,0.3,0.3,0.0,0.3,6.8,0.0,3.0,1.0,33.3,0.44,0.15,0.0,0.0,0.0,0.0,47.0,17.8,5,81.0,4,8,26.0,24,1.23,5.0,10.0,-5.0,-0.74,-0.93,0.0,11.0,3.0,0.0,1.0,3.0,8.0,,,0.0,,,,,,,,,,,,,,,,False,baja,3,Pivote destructor,3.491395145412682
ITA-Serie A,2526,Lazio,Toma Bašić,CRO,MF,28.0,1996.0,23.0,23.0,1735.0,19.3,2.0,3.0,5.0,2.0,0.0,0.0,0.0,1.0,0.1,0.16,0.26,0.1,0.26,19.3,2.0,30.0,12.0,40.0,1.56,0.62,0.07,0.17,0.0,0.0,75.0,50.7,23,75.0,10,0,,3,1.52,22.0,20.0,2.0,0.1,0.16,0.0,20.0,19.0,0.0,48.0,9.0,16.0,,,0.0,,,,,,,,,,,,,,,,True,alta,1,Carrilero,2.4316310516900987
ITA-Serie A,2526,Lecce,Konan N'dri,NIG,MF,24.0,2000.0,27.0,1.0,544.0,6.0,2.0,0.0,2.0,2.0,0.0,0.0,3.0,0.0,0.33,0.0,0.33,0.33,0.33,6.0,2.0,19.0,5.0,26.3,3.14,0.83,0.11,0.4,0.0,0.0,20.0,15.9,1,55.0,0,26,19.0,11,0.52,6.0,14.0,-8.0,-1.32,-0.89,0.0,9.0,18.0,2.0,23.0,2.0,4.0,,,0.0,,,,,,,,,,,,,,,,False,baja,0,Interior de conducción,3.7296353934266606
ITA-Serie A,2526,Lecce,Lameck Banda,ZAM,"MF,FW",24.0,2001.0,32.0,21.0,1752.0,19.5,5.0,4.0,9.0,5.0,0.0,0.0,6.0,1.0,0.26,0.21,0.46,0.26,0.46,19.5,5.0,38.0,15.0,39.5,1.95,0.77,0.13,0.33,0.0,0.0,55.0,51.2,21,68.0,2,11,29.0,3,1.09,20.0,22.0,-2.0,-0.1,0.98,0.0,44.0,49.0,3.0,90.0,7.0,17.0,,,0.0,,,,,,,,,,,,,,,,True,alta,0,Interior de conducción,2.5462198519206174
ITA-Serie A,2526,Lecce,Lassana Coulibaly,MLI,MF,29.0,1996.0,33.0,31.0,2689.0,29.9,3.0,1.0,4.0,3.0,0.0,0.0,4.0,0.0,0.1,0.03,0.13,0.1,0.13,29.9,3.0,28.0,8.0,28.6,0.94,0.27,0.11,0.38,0.0,0.0,81.0,78.6,31,86.0,21,2,18.0,1,1.12,23.0,34.0,-11.0,-0.37,0.99,0.0,34.0,52.0,1.0,18.0,9.0,28.0,,,0.0,,,,,,,,,,,,,,,,True,alta,0,Interior de conducción,2.6667642143387793
ITA-Serie A,2526,Lecce,Medon Berisha,ALB,MF,21.0,2003.0,13.0,12.0,871.0,9.7,2.0,3.0,5.0,2.0,0.0,0.0,0.0,0.0,0.21,0.31,0.52,0.21,0.52,9.7,2.0,24.0,5.0,20.8,2.48,0.52,0.08,0.4,0.0,0.0,67.0,25.5,12,70.0,1,1,28.0,2,1.23,7.0,10.0,-3.0,-0.31,0.36,0.0,11.0,10.0,1.0,58.0,5.0,12.0,,,0.0,,,,,,,,,,,,,,,,False,baja,2,Interior ofensivo,2.839783077776029
ITA-Serie A,2526,Lecce,Mohamed Kaba,GUI,MF,23.0,2001.0,15.0,5.0,633.0,7.0,0.0,0.0,0.0,0.0,0.0,0.0,1.0,0.0,0.0,0.0,0.0,0.0,0.0,7.0,0.0,9.0,4.0,44.4,1.28,0.57,0.0,0.0,0.0,0.0,42.0,18.5,5,81.0,3,10,23.0,6,1.0,3.0,12.0,-9.0,-1.28,-0.86,0.0,12.0,21.0,0.0,8.0,4.0,7.0,,,0.0,,,,,,,,,,,,,,,,False,baja,3,Pivote destructor,3.230262962954152
ITA-Serie A,2526,Lecce,Omri Gandelman,ISR,"MF,FW",25.0,2000.0,19.0,10.0,975.0,10.8,2.0,1.0,3.0,2.0,0.0,0.0,0.0,0.0,0.18,0.09,0.28,0.18,0.28,10.8,2.0,10.0,3.0,30.0,0.92,0.28,0.2,0.67,0.0,0.0,51.0,28.5,10,72.0,2,9,28.0,1,1.11,7.0,12.0,-5.0,-0.46,0.16,0.0,13.0,3.0,1.0,4.0,4.0,6.0,,,0.0,,,,,,,,,,,,,,,,True,alta,1,Carrilero,3.411397265366961
ITA-Serie A,2526,Lecce,Oumar Ngom,MTN,MF,21.0,2004.0,15.0,10.0,842.0,9.4,0.0,0.0,0.0,0.0,0.0,0.0,1.0,0.0,0.0,0.0,0.0,0.0,0.0,9.4,0.0,5.0,2.0,40.0,0.53,0.21,0.0,0.0,0.0,0.0,56.0,24.6,10,74.0,5,5,20.0,4,1.13,9.0,15.0,-6.0,-0.64,-0.08,0.0,15.0,6.0,0.0,3.0,12.0,15.0,,,0.0,,,,,,,,,,,,,,,,False,baja,3,Pivote destructor,2.1126030300138057
ITA-Serie A,2526,Lecce,Riccardo Sottil,ITA,"FW,MF",26.0,1999.0,21.0,13.0,1066.0,11.8,1.0,2.0,3.0,1.0,0.0,0.0,1.0,0.0,0.08,0.17,0.25,0.08,0.25,11.8,1.0,20.0,3.0,15.0,1.69,0.25,0.05,0.33,0.0,0.0,51.0,31.2,13,66.0,0,8,25.0,4,0.86,6.0,14.0,-8.0,-0.68,-0.14,0.0,10.0,27.0,4.0,100.0,2.0,2.0,,,0.0,,,,,,,,,,,,,,,,True,alta,2,Interior ofensivo,3.219832146750267
ITA-Serie A,2526,Lecce,Santiago Pierotti,ARG,"MF,FW",24.0,2001.0,37.0,31.0,2597.0,28.9,1.0,2.0,3.0,1.0,0.0,0.0,4.0,0.0,0.03,0.07,0.1,0.03,0.1,28.9,1.0,33.0,8.0,24.2,1.14,0.28,0.03,0.13,0.0,0.0,70.0,75.9,31,78.0,6,6,31.0,0,1.0,22.0,34.0,-12.0,-0.42,0.68,0.0,67.0,23.0,7.0,21.0,21.0,51.0,,,0.0,,,,,,,,,,,,,,,,True,alta,3,Pivote destructor,2.810210725778251
ITA-Serie A,2526,Lecce,Tete Morente,ESP,"FW,MF",28.0,1996.0,16.0,9.0,859.0,9.5,0.0,0.0,0.0,0.0,0.0,0.0,2.0,0.0,0.0,0.0,0.0,0.0,0.0,9.5,0.0,14.0,2.0,14.3,1.47,0.21,0.0,0.0,0.0,0.0,54.0,25.1,9,77.0,2,7,24.0,1,0.88,3.0,14.0,-11.0,-1.15,-0.77,0.0,13.0,12.0,1.0,29.0,3.0,9.0,,,0.0,,,,,,,,,,,,,,,,False,baja,0,Interior de conducción,2.7425960445955466
ITA-Serie A,2526,Lecce,Ylber Ramadani,ALB,MF,29.0,1996.0,37.0,37.0,3203.0,35.6,1.0,0.0,1.0,1.0,0.0,0.0,10.0,0.0,0.03,0.0,0.03,0.03,0.03,35.6,1.0,34.0,5.0,14.7,0.96,0.14,0.03,0.2,0.0,0.0,87.0,93.7,37,87.0,25,0,,0,1.03,27.0,45.0,-18.0,-0.51,1.15,0.0,43.0,59.0,0.0,16.0,44.0,50.0,,,0.0,,,,,,,,,,,,,,,,True,alta,3,Pivote destructor,1.591047641625458
ITA-Serie A,2526,Lecce,Youssef Maleh,MAR,MF,26.0,1998.0,9.0,5.0,460.0,5.1,0.0,0.0,0.0,0.0,0.0,0.0,2.0,0.0,0.0,0.0,0.0,0.0,0.0,5.1,0.0,7.0,1.0,14.3,1.37,0.2,0.0,0.0,0.0,0.0,51.0,13.5,5,82.0,2,4,13.0,9,0.44,3.0,9.0,-6.0,-1.17,-0.69,0.0,9.0,8.0,0.0,12.0,7.0,4.0,,,0.0,,,,,,,,,,,,,,,,False,baja,3,Pivote destructor,2.7146022945253034
ITA-Serie A,2526,Milan,Adrien Rabiot,FRA,MF,30.0,1995.0,29.0,28.0,2550.0,28.3,6.0,4.0,10.0,6.0,0.0,0.0,6.0,1.0,0.21,0.14,0.35,0.21,0.35,28.3,6.0,46.0,12.0,26.1,1.62,0.42,0.13,0.5,0.0,0.0,88.0,74.6,28,90.0,27,1,31.0,0,1.97,41.0,25.0,16.0,0.56,0.36,1.0,35.0,55.0,7.0,58.0,20.0,31.0,,,0.0,,,,,,,,,,,,,,,,True,alta,0,Interior de conducción,1.1683694380718617
ITA-Serie A,2526,Milan,Alexis Saelemaekers,BEL,MF,26.0,1999.0,35.0,33.0,2788.0,31.0,3.0,3.0,6.0,3.0,0.0,0.0,5.0,0.0,0.1,0.1,0.19,0.1,0.19,31.0,3.0,43.0,11.0,25.6,1.39,0.36,0.07,0.27,0.0,0.0,80.0,81.5,33,83.0,16,2,32.0,0,1.74,39.0,30.0,9.0,0.29,-0.99,0.0,26.0,64.0,2.0,82.0,30.0,38.0,,,0.0,,,,,,,,,,,,,,,,True,alta,0,Interior de conducción,2.030388171411865
ITA-Serie A,2526,Milan,Ardon Jashari,SUI,MF,23.0,2002.0,14.0,7.0,701.0,7.8,0.0,1.0,1.0,0.0,0.0,0.0,0.0,0.0,0.0,0.13,0.13,0.0,0.13,7.8,0.0,7.0,2.0,28.6,0.9,0.26,0.0,0.0,0.0,0.0,50.0,20.5,7,76.0,2,7,24.0,16,1.29,6.0,7.0,-1.0,-0.13,-0.76,0.0,11.0,8.0,0.0,11.0,5.0,11.0,,,0.0,,,,,,,,,,,,,,,,False,baja,1,Carrilero,2.7125787761015197
ITA-Serie A,2526,Milan,Davide Bartesaghi,ITA,"MF,DF",19.0,2005.0,31.0,27.0,2441.0,27.1,2.0,0.0,2.0,2.0,0.0,0.0,3.0,0.0,0.07,0.0,0.07,0.07,0.07,27.1,2.0,22.0,7.0,31.8,0.81,0.26,0.09,0.29,0.0,0.0,79.0,71.4,27,86.0,20,4,30.0,7,1.77,34.0,27.0,7.0,0.26,-0.75,0.0,18.0,14.0,4.0,139.0,15.0,35.0,,,1.0,,,,,,,,,,,,,,,,True,alta,1,Carrilero,2.2772871166116087
ITA-Serie A,2526,Milan,Luka Modrić,CRO,MF,39.0,1985.0,34.0,32.0,2811.0,31.2,2.0,3.0,5.0,2.0,0.0,0.0,4.0,0.0,0.06,0.1,0.16,0.06,0.16,31.2,2.0,20.0,8.0,40.0,0.64,0.26,0.1,0.25,0.0,0.0,83.0,82.2,32,87.0,25,2,17.0,2,1.94,45.0,26.0,19.0,0.61,0.76,0.0,23.0,33.0,0.0,111.0,35.0,27.0,,,0.0,,,,,,,,,,,,,,,,True,alta,1,Carrilero,1.539574280961557
ITA-Serie A,2526,Milan,Pervis Estupiñán,ECU,MF,27.0,1998.0,19.0,13.0,1034.0,11.5,1.0,1.0,2.0,1.0,0.0,0.0,5.0,1.0,0.09,0.09,0.17,0.09,0.17,11.5,1.0,9.0,1.0,11.1,0.78,0.09,0.11,1.0,0.0,0.0,54.0,30.2,13,74.0,6,6,12.0,14,1.79,17.0,6.0,11.0,0.96,0.69,0.0,17.0,8.0,5.0,20.0,11.0,9.0,,,0.0,,,,,,,,,,,,,,,,True,alta,0,Interior de conducción,2.844242624286441
ITA-Serie A,2526,Milan,Ruben Loftus-Cheek,ENG,"MF,FW",29.0,1996.0,28.0,12.0,1133.0,12.6,3.0,1.0,4.0,3.0,0.0,0.0,2.0,0.0,0.24,0.08,0.32,0.24,0.32,12.6,3.0,29.0,6.0,20.7,2.3,0.48,0.1,0.5,0.0,0.0,40.0,33.1,12,68.0,3,16,20.0,4,1.86,19.0,11.0,8.0,0.64,0.24,0.0,23.0,19.0,1.0,10.0,5.0,8.0,,,0.0,,,,,,,,,,,,,,,,True,alta,0,Interior de conducción,2.262964059861261
ITA-Serie A,2526,Milan,Samuele Ricci,ITA,MF,23.0,2001.0,31.0,11.0,1312.0,14.6,1.0,4.0,5.0,1.0,0.0,0.0,3.0,0.0,0.07,0.27,0.34,0.07,0.34,14.6,1.0,18.0,6.0,33.3,1.23,0.41,0.06,0.17,0.0,0.0,42.0,38.4,11,79.0,6,20,22.0,7,2.1,20.0,17.0,3.0,0.21,-0.43,0.0,17.0,33.0,1.0,28.0,9.0,9.0,,,0.0,,,,,,,,,,,,,,,,True,alta,0,Interior de conducción,2.2400880384237856
ITA-Serie A,2526,Milan,Youssouf Fofana,FRA,MF,26.0,1999.0,33.0,28.0,2203.0,24.5,2.0,3.0,5.0,2.0,0.0,0.0,4.0,0.0,0.08,0.12,0.2,0.08,0.2,24.5,2.0,45.0,18.0,40.0,1.84,0.74,0.04,0.11,0.0,0.0,67.0,64.4,28,73.0,8,5,29.0,3,1.88,37.0,21.0,16.0,0.65,0.51,0.0,21.0,16.0,0.0,10.0,19.0,19.0,,,0.0,,,,,,,,,,,,,,,,True,alta,1,Carrilero,2.49454506241111
ITA-Serie A,2526,Milan,Zachary Athekame,SUI,"MF,DF",20.0,2004.0,27.0,7.0,833.0,9.3,2.0,2.0,4.0,2.0,0.0,0.0,3.0,0.0,0.22,0.22,0.43,0.22,0.43,9.3,2.0,13.0,4.0,30.8,1.4,0.43,0.15,0.5,0.0,0.0,31.0,24.4,7,64.0,1,20,19.0,8,1.7,17.0,11.0,6.0,0.65,0.23,0.0,16.0,12.0,2.0,46.0,4.0,8.0,,,0.0,,,,,,,,,,,,,,,,False,baja,0,Interior de conducción,2.0433952808337237
ITA-Serie A,2526,Napoli,Alisson Santos,BRA,"MF,FW",22.0,2002.0,14.0,9.0,834.0,9.3,4.0,0.0,4.0,4.0,0.0,0.0,1.0,0.0,0.43,0.0,0.43,0.43,0.43,9.3,4.0,29.0,16.0,55.2,3.13,1.73,0.14,0.25,0.0,0.0,60.0,24.4,9,75.0,3,5,32.0,1,1.93,17.0,9.0,8.0,0.86,0.38,0.0,4.0,8.0,1.0,42.0,2.0,8.0,,,0.0,,,,,,,,,,,,,,,,False,baja,2,Interior ofensivo,3.1691135405369386
ITA-Serie A,2526,Napoli,Antonio Vergara,ITA,MF,22.0,2003.0,12.0,8.0,612.0,6.8,1.0,2.0,3.0,1.0,0.0,0.0,2.0,0.0,0.15,0.29,0.44,0.15,0.44,6.8,1.0,10.0,3.0,30.0,1.47,0.44,0.1,0.33,0.0,0.0,51.0,17.9,8,73.0,1,4,8.0,17,2.17,11.0,9.0,2.0,0.29,-0.35,0.0,17.0,20.0,2.0,11.0,4.0,9.0,,,0.0,,,,,,,,,,,,,,,,False,baja,0,Interior de conducción,2.8000904819553756
ITA-Serie A,2526,Napoli,Billy Gilmour,SCO,MF,24.0,2001.0,17.0,8.0,805.0,8.9,1.0,0.0,1.0,1.0,0.0,0.0,1.0,0.0,0.11,0.0,0.11,0.11,0.11,8.9,1.0,10.0,3.0,30.0,1.12,0.34,0.1,0.33,0.0,0.0,47.0,23.5,8,76.0,4,9,22.0,7,2.24,14.0,5.0,9.0,1.01,0.56,0.0,9.0,7.0,0.0,6.0,11.0,8.0,,,0.0,,,,,,,,,,,,,,,,False,baja,3,Pivote destructor,2.2254946473041586
ITA-Serie A,2526,Napoli,David Neres,BRA,"FW,MF",28.0,1997.0,16.0,10.0,922.0,10.2,3.0,3.0,6.0,3.0,0.0,0.0,3.0,0.0,0.29,0.29,0.59,0.29,0.59,10.2,3.0,17.0,4.0,23.5,1.66,0.39,0.18,0.75,0.0,0.0,58.0,27.0,10,77.0,1,6,26.0,1,2.0,16.0,7.0,9.0,0.88,0.41,0.0,19.0,7.0,0.0,53.0,1.0,5.0,,,0.0,,,,,,,,,,,,,,,,True,alta,0,Interior de conducción,3.8901141974912044
ITA-Serie A,2526,Napoli,Elif Elmas,MKD,"MF,FW",25.0,1999.0,33.0,20.0,1783.0,19.8,1.0,3.0,4.0,1.0,0.0,0.0,3.0,0.0,0.05,0.15,0.2,0.05,0.2,19.8,1.0,27.0,9.0,33.3,1.36,0.45,0.04,0.11,0.0,0.0,54.0,52.1,20,76.0,8,13,21.0,3,1.91,27.0,22.0,5.0,0.25,-0.68,0.0,18.0,13.0,2.0,41.0,7.0,13.0,,,0.0,,,,,,,,,,,,,,,,True,alta,1,Carrilero,1.8465710720049868
ITA-Serie A,2526,Napoli,Frank Anguissa,CMR,MF,29.0,1995.0,18.0,14.0,1258.0,14.0,4.0,1.0,5.0,4.0,0.0,0.0,1.0,0.0,0.29,0.07,0.36,0.29,0.36,14.0,4.0,23.0,9.0,39.1,1.65,0.64,0.17,0.44,0.0,0.0,70.0,36.8,14,81.0,11,4,31.0,4,2.0,18.0,14.0,4.0,0.29,-0.46,0.0,18.0,18.0,0.0,15.0,13.0,14.0,,,0.0,,,,,,,,,,,,,,,,True,alta,0,Interior de conducción,2.7564146490447805
ITA-Serie A,2526,Napoli,Giovanni Di Lorenzo,ITA,"DF,MF",31.0,1993.0,26.0,26.0,2276.0,25.3,2.0,1.0,3.0,2.0,0.0,0.0,1.0,0.0,0.08,0.04,0.12,0.08,0.12,25.3,2.0,25.0,9.0,36.0,0.99,0.36,0.08,0.22,0.0,0.0,88.0,66.5,26,88.0,24,0,,1,2.0,37.0,23.0,14.0,0.55,-0.08,0.0,33.0,23.0,1.0,38.0,9.0,26.0,,,0.0,,,,,,,,,,,,,,,,True,alta,1,Carrilero,2.2959457193087496
ITA-Serie A,2526,Napoli,Kevin De Bruyne,BEL,MF,34.0,1991.0,18.0,13.0,1165.0,12.9,5.0,2.0,7.0,2.0,3.0,3.0,1.0,0.0,0.39,0.15,0.54,0.15,0.31,12.9,5.0,27.0,11.0,40.7,2.09,0.85,0.19,0.45,3.0,3.0,65.0,34.1,13,73.0,4,5,42.0,0,2.28,22.0,8.0,14.0,1.08,0.76,0.0,8.0,6.0,4.0,58.0,5.0,8.0,,,0.0,,,,,,,,,,,,,,,,True,alta,2,Interior ofensivo,2.0228811627286403
ITA-Serie A,2526,Napoli,Leonardo Spinazzola,ITA,"MF,DF",32.0,1993.0,32.0,22.0,1901.0,21.1,3.0,3.0,6.0,3.0,0.0,0.0,2.0,0.0,0.14,0.14,0.28,0.14,0.28,21.1,3.0,21.0,7.0,33.3,0.99,0.33,0.14,0.43,0.0,0.0,59.0,55.6,22,76.0,8,10,22.0,2,2.0,35.0,20.0,15.0,0.71,0.3,0.0,9.0,10.0,2.0,73.0,4.0,10.0,,,0.0,,,,,,,,,,,,,,,,True,alta,1,Carrilero,2.893862859409245
ITA-Serie A,2526,Napoli,Mathías Olivera,URU,"DF,MF",27.0,1997.0,25.0,15.0,1370.0,15.2,0.0,0.0,0.0,0.0,0.0,0.0,3.0,0.0,0.0,0.0,0.0,0.0,0.0,15.2,0.0,8.0,3.0,37.5,0.53,0.2,0.0,0.0,0.0,0.0,55.0,40.1,15,74.0,6,10,27.0,10,2.16,23.0,13.0,10.0,0.66,0.13,0.0,17.0,10.0,0.0,6.0,16.0,22.0,,,0.0,,,,,,,,,,,,,,,,True,alta,3,Pivote destructor,1.639027064876644
ITA-Serie A,2526,Napoli,Matteo Politano,ITA,"MF,FW",31.0,1993.0,34.0,26.0,2200.0,24.4,2.0,5.0,7.0,2.0,0.0,0.0,4.0,0.0,0.08,0.2,0.29,0.08,0.29,24.4,2.0,49.0,13.0,26.5,2.0,0.53,0.04,0.15,0.0,0.0,65.0,64.3,26,78.0,5,8,23.0,0,1.97,38.0,23.0,15.0,0.61,0.1,0.0,19.0,28.0,0.0,173.0,5.0,10.0,,,0.0,,,,,,,,,,,,,,,,True,alta,2,Interior ofensivo,3.161006766468496
ITA-Serie A,2526,Napoli,Miguel Gutiérrez,ESP,"MF,DF",24.0,2001.0,28.0,15.0,1488.0,16.5,1.0,1.0,2.0,1.0,0.0,0.0,0.0,0.0,0.06,0.06,0.12,0.06,0.12,16.5,1.0,15.0,5.0,33.3,0.91,0.3,0.07,0.2,0.0,0.0,53.0,43.5,15,82.0,9,13,20.0,6,1.89,24.0,18.0,6.0,0.36,-0.38,0.0,19.0,28.0,1.0,48.0,7.0,22.0,,,0.0,,,,,,,,,,,,,,,,True,alta,1,Carrilero,2.6208444065823424
ITA-Serie A,2526,Napoli,Noa Lang,NED,"FW,MF",26.0,1999.0,18.0,7.0,666.0,7.4,1.0,2.0,3.0,1.0,0.0,0.0,2.0,0.0,0.14,0.27,0.41,0.14,0.41,7.4,1.0,9.0,4.0,44.4,1.22,0.54,0.11,0.25,0.0,0.0,37.0,19.5,7,66.0,0,11,19.0,3,1.89,9.0,4.0,5.0,0.68,0.12,0.0,5.0,11.0,2.0,44.0,2.0,8.0,,,0.0,,,,,,,,,,,,,,,,False,baja,2,Interior ofensivo,2.8458833192583266
ITA-Serie A,2526,Napoli,Scott McTominay,SCO,MF,28.0,1996.0,33.0,31.0,2791.0,31.0,10.0,3.0,13.0,10.0,0.0,1.0,1.0,0.0,0.32,0.1,0.42,0.32,0.42,31.0,10.0,101.0,34.0,33.7,3.26,1.1,0.1,0.29,0.0,1.0,85.0,81.6,31,88.0,27,2,38.0,0,2.09,49.0,27.0,22.0,0.71,0.71,0.0,24.0,73.0,5.0,10.0,23.0,13.0,,,0.0,,,,,,,,,,,,,,,,True,alta,2,Interior ofensivo,2.8933584213673287
ITA-Serie A,2526,Napoli,Stanislav Lobotka,SVK,MF,30.0,1994.0,32.0,29.0,2431.0,27.0,1.0,1.0,2.0,1.0,0.0,0.0,3.0,0.0,0.04,0.04,0.07,0.04,0.07,27.0,1.0,8.0,4.0,50.0,0.3,0.15,0.13,0.25,0.0,0.0,76.0,71.1,29,82.0,19,3,22.0,0,1.91,44.0,30.0,14.0,0.52,-0.21,0.0,13.0,45.0,0.0,5.0,16.0,16.0,,,0.0,,,,,,,,,,,,,,,,True,alta,1,Carrilero,3.473337416088918
ITA-Serie A,2526,Parma,Adrian Bernabe,ESP,MF,24.0,2001.0,32.0,31.0,2470.0,27.4,3.0,1.0,4.0,3.0,0.0,0.0,0.0,0.0,0.11,0.04,0.15,0.11,0.15,27.4,3.0,50.0,12.0,24.0,1.82,0.44,0.06,0.25,0.0,0.0,77.0,72.2,31,79.0,6,1,32.0,0,1.28,20.0,33.0,-13.0,-0.47,0.0,0.0,15.0,61.0,1.0,81.0,17.0,23.0,,,0.0,,,,,,,,,,,,,,,,True,alta,2,Interior ofensivo,3.211842168261633
ITA-Serie A,2526,Parma,Christian Ordoñez,ARG,MF,21.0,2004.0,28.0,12.0,1091.0,12.1,1.0,0.0,1.0,1.0,0.0,0.0,5.0,1.0,0.08,0.0,0.08,0.08,0.08,12.1,1.0,10.0,2.0,20.0,0.82,0.16,0.1,0.5,0.0,0.0,39.0,31.9,12,67.0,3,16,18.0,9,1.29,9.0,14.0,-5.0,-0.41,0.09,1.0,16.0,11.0,0.0,12.0,9.0,13.0,,,0.0,,,,,,,,,,,,,,,,True,alta,3,Pivote destructor,1.8486196751370354
ITA-Serie A,2526,Parma,Emanuele Valeri,ITA,"MF,DF",26.0,1998.0,34.0,29.0,2643.0,29.4,0.0,2.0,2.0,0.0,0.0,0.0,2.0,0.0,0.0,0.07,0.07,0.0,0.07,29.4,0.0,23.0,5.0,21.7,0.78,0.17,0.0,0.0,0.0,0.0,78.0,77.3,29,86.0,23,5,29.0,0,1.26,21.0,32.0,-11.0,-0.37,0.44,0.0,23.0,26.0,3.0,234.0,20.0,32.0,,,0.0,,,,,,,,,,,,,,,,True,alta,1,Carrilero,2.075128634141289
ITA-Serie A,2526,Parma,Enrico Delprato,ITA,"DF,MF",25.0,1999.0,35.0,34.0,2951.0,32.8,2.0,0.0,2.0,2.0,0.0,0.0,5.0,0.0,0.06,0.0,0.06,0.06,0.06,32.8,2.0,18.0,9.0,50.0,0.55,0.27,0.11,0.22,0.0,0.0,84.0,86.3,34,86.0,29,1,21.0,2,1.11,23.0,40.0,-17.0,-0.52,-0.33,0.0,16.0,10.0,6.0,19.0,24.0,21.0,,,0.0,,,,,,,,,,,,,,,,True,alta,1,Carrilero,3.001672268270109
ITA-Serie A,2526,Parma,Gaetano Oristanio,ITA,"FW,MF",22.0,2002.0,20.0,8.0,859.0,9.5,1.0,0.0,1.0,1.0,0.0,0.0,1.0,0.0,0.1,0.0,0.1,0.1,0.1,9.5,1.0,24.0,4.0,16.7,2.51,0.42,0.04,0.25,0.0,0.0,43.0,25.1,8,65.0,0,12,28.0,8,1.25,7.0,13.0,-6.0,-0.63,-0.21,0.0,13.0,20.0,4.0,16.0,2.0,6.0,,,0.0,,,,,,,,,,,,,,,,False,baja,2,Interior ofensivo,2.920007141758873
ITA-Serie A,2526,Parma,Hans Nicolussi Caviglia,ITA,MF,25.0,2000.0,15.0,10.0,869.0,9.7,0.0,3.0,3.0,0.0,0.0,0.0,0.0,0.0,0.0,0.31,0.31,0.0,0.31,9.7,0.0,16.0,2.0,12.5,1.66,0.21,0.0,0.0,0.0,0.0,58.0,25.4,10,73.0,2,5,28.0,1,1.47,10.0,11.0,-1.0,-0.1,0.5,0.0,8.0,9.0,0.0,23.0,3.0,8.0,,,0.0,,,,,,,,,,,,,,,,False,baja,1,Carrilero,3.1239827374972533
ITA-Serie A,2526,Parma,Jacob Ondrejka,SWE,"FW,MF",22.0,2002.0,16.0,9.0,773.0,8.6,0.0,0.0,0.0,0.0,0.0,0.0,2.0,0.0,0.0,0.0,0.0,0.0,0.0,8.6,0.0,21.0,7.0,33.3,2.45,0.82,0.0,0.0,0.0,0.0,48.0,22.6,9,65.0,0,7,27.0,9,1.31,8.0,14.0,-6.0,-0.7,-0.29,0.0,8.0,14.0,1.0,12.0,2.0,2.0,,,0.0,,,,,,,,,,,,,,,,False,baja,2,Interior ofensivo,3.8687086835050293
ITA-Serie A,2526,Parma,Mandela Keita,BEL,MF,23.0,2002.0,37.0,36.0,2979.0,33.1,1.0,1.0,2.0,1.0,0.0,0.0,1.0,0.0,0.03,0.03,0.06,0.03,0.06,33.1,1.0,16.0,5.0,31.3,0.48,0.15,0.06,0.2,0.0,0.0,81.0,87.1,36,83.0,19,1,6.0,0,1.22,19.0,37.0,-18.0,-0.54,-0.54,0.0,30.0,57.0,0.0,2.0,43.0,48.0,,,1.0,,,,,,,,,,,,,,,,True,alta,3,Pivote destructor,2.882541002451727
ITA-Serie A,2526,Parma,Mathias Løvik,NOR,MF,21.0,2003.0,9.0,5.0,471.0,5.2,0.0,0.0,0.0,0.0,0.0,0.0,0.0,0.0,0.0,0.0,0.0,0.0,0.0,5.2,0.0,3.0,0.0,0.0,0.57,0.0,0.0,,0.0,0.0,52.0,13.8,5,79.0,2,4,19.0,10,1.0,5.0,8.0,-3.0,-0.57,-0.12,0.0,3.0,2.0,2.0,15.0,7.0,8.0,,,0.0,,,,,,,,,,,,,,,,False,baja,1,Carrilero,3.5182762458797994
ITA-Serie A,2526,Parma,Nahuel Estévez,ARG,MF,29.0,1995.0,32.0,9.0,1049.0,11.7,0.0,1.0,1.0,0.0,0.0,0.0,2.0,0.0,0.0,0.09,0.09,0.0,0.09,11.7,0.0,9.0,1.0,11.1,0.77,0.09,0.0,0.0,0.0,0.0,33.0,30.7,9,76.0,5,23,16.0,4,1.06,7.0,11.0,-4.0,-0.34,0.19,0.0,11.0,13.0,0.0,43.0,5.0,10.0,,,0.0,,,,,,,,,,,,,,,,True,alta,1,Carrilero,2.0140845080187537
ITA-Serie A,2526,Parma,Oliver Jensen,DEN,MF,23.0,2002.0,34.0,19.0,1840.0,20.4,1.0,1.0,2.0,1.0,0.0,0.0,2.0,0.0,0.05,0.05,0.1,0.05,0.1,20.4,1.0,15.0,3.0,20.0,0.73,0.15,0.07,0.33,0.0,0.0,54.0,53.8,19,78.0,9,15,23.0,4,1.21,14.0,28.0,-14.0,-0.68,-0.46,0.0,13.0,20.0,2.0,14.0,17.0,8.0,,,0.0,,,,,,,,,,,,,,,,True,alta,1,Carrilero,2.483184040083527
ITA-Serie A,2526,Parma,Pontus Almqvist,SWE,MF,26.0,1999.0,13.0,4.0,457.0,5.1,0.0,1.0,1.0,0.0,0.0,0.0,0.0,0.0,0.0,0.2,0.2,0.0,0.2,5.1,0.0,5.0,2.0,40.0,0.98,0.39,0.0,0.0,0.0,0.0,35.0,13.4,4,66.0,0,9,22.0,11,0.77,4.0,7.0,-3.0,-0.59,-0.14,0.0,6.0,14.0,1.0,7.0,6.0,6.0,,,0.0,,,,,,,,,,,,,,,,False,baja,1,Carrilero,3.6290999396448944
ITA-Serie A,2526,Parma,Sascha Britschgi,SUI,"MF,DF",18.0,2006.0,29.0,22.0,2095.0,23.3,0.0,2.0,2.0,0.0,0.0,0.0,7.0,1.0,0.0,0.09,0.09,0.0,0.09,23.3,0.0,13.0,3.0,23.1,0.56,0.13,0.0,0.0,0.0,0.0,72.0,61.3,22,86.0,16,7,30.0,6,1.31,18.0,27.0,-9.0,-0.39,0.22,1.0,18.0,23.0,0.0,48.0,8.0,18.0,,,0.0,,,,,,,,,,,,,,,,True,alta,1,Carrilero,2.632403167969907
ITA-Serie A,2526,Pisa,Ebenezer Akinsanmiro,NGA,MF,20.0,2004.0,24.0,16.0,1444.0,16.0,0.0,1.0,1.0,0.0,0.0,0.0,2.0,0.0,0.0,0.06,0.06,0.0,0.06,16.0,0.0,13.0,3.0,23.1,0.81,0.19,0.0,0.0,0.0,0.0,60.0,42.2,16,75.0,7,8,31.0,6,0.5,10.0,29.0,-19.0,-1.18,0.0,0.0,30.0,28.0,1.0,9.0,27.0,25.0,,,0.0,,,,,,,,,,,,,,,,True,alta,3,Pivote destructor,2.249198008899729
ITA-Serie A,2526,Pisa,Felipe Loyola,CHI,MF,24.0,2000.0,11.0,6.0,538.0,6.0,1.0,0.0,1.0,1.0,0.0,0.0,0.0,1.0,0.17,0.0,0.17,0.17,0.17,6.0,1.0,9.0,1.0,11.1,1.51,0.17,0.11,1.0,0.0,0.0,49.0,15.7,6,64.0,0,5,31.0,5,0.09,3.0,15.0,-12.0,-2.01,-0.98,0.0,8.0,2.0,0.0,4.0,6.0,7.0,,,0.0,,,,,,,,,,,,,,,,False,baja,1,Carrilero,3.521577149148076
ITA-Serie A,2526,Pisa,Filip Stojilković,SUI,"FW,MF",25.0,2000.0,13.0,8.0,658.0,7.3,0.0,0.0,0.0,0.0,0.0,0.0,0.0,0.0,0.0,0.0,0.0,0.0,0.0,7.3,0.0,10.0,4.0,40.0,1.37,0.55,0.0,0.0,0.0,0.0,51.0,19.2,8,65.0,1,5,27.0,3,0.08,3.0,16.0,-13.0,-1.78,-0.74,0.0,8.0,0.0,12.0,3.0,0.0,1.0,,,0.0,,,,,,,,,,,,,,,,False,baja,2,Interior ofensivo,5.60967362461579
ITA-Serie A,2526,Pisa,Gabriele Piccinini,ITA,MF,24.0,2001.0,25.0,5.0,875.0,9.7,0.0,0.0,0.0,0.0,0.0,0.0,3.0,0.0,0.0,0.0,0.0,0.0,0.0,9.7,0.0,19.0,7.0,36.8,1.95,0.72,0.0,0.0,0.0,0.0,35.0,25.6,5,77.0,1,20,25.0,13,0.4,6.0,20.0,-14.0,-1.44,-0.34,0.0,11.0,12.0,0.0,19.0,2.0,16.0,,,0.0,,,,,,,,,,,,,,,,False,baja,3,Pivote destructor,3.3975388906525854
ITA-Serie A,2526,Pisa,Giovanni Bonfanti,ITA,"DF,MF",22.0,2003.0,9.0,6.0,494.0,5.5,0.0,0.0,0.0,0.0,0.0,0.0,1.0,0.0,0.0,0.0,0.0,0.0,0.0,5.5,0.0,6.0,1.0,16.7,1.09,0.18,0.0,0.0,0.0,0.0,55.0,14.4,6,66.0,1,3,32.0,9,0.56,3.0,11.0,-8.0,-1.46,-0.32,0.0,10.0,3.0,0.0,12.0,7.0,6.0,,,0.0,,,,,,,,,,,,,,,,False,baja,3,Pivote destructor,2.1301493291498854
ITA-Serie A,2526,Pisa,Idrissa Touré,GER,MF,27.0,1998.0,32.0,26.0,2279.0,25.3,1.0,0.0,1.0,1.0,0.0,0.0,4.0,1.0,0.04,0.0,0.04,0.04,0.04,25.3,1.0,29.0,8.0,27.6,1.15,0.32,0.03,0.13,0.0,0.0,71.0,66.6,26,83.0,19,6,19.0,4,0.53,17.0,46.0,-29.0,-1.15,0.12,0.0,23.0,19.0,5.0,67.0,25.0,28.0,,,0.0,,,,,,,,,,,,,,,,True,alta,1,Carrilero,2.01646304536517
ITA-Serie A,2526,Pisa,Juan Cuadrado,COL,MF,37.0,1988.0,19.0,2.0,506.0,5.6,1.0,0.0,1.0,0.0,1.0,1.0,3.0,0.0,0.18,0.0,0.18,0.0,0.0,5.6,1.0,10.0,2.0,20.0,1.78,0.36,0.1,0.5,1.0,1.0,27.0,14.8,2,55.0,0,17,23.0,4,0.47,3.0,9.0,-6.0,-1.07,0.14,0.0,9.0,16.0,0.0,45.0,5.0,10.0,,,0.0,,,,,,,,,,,,,,,,False,baja,0,Interior de conducción,4.37761053998785
ITA-Serie A,2526,Pisa,Malthe Hojholt,DEN,MF,24.0,2001.0,17.0,9.0,850.0,9.4,0.0,0.0,0.0,0.0,0.0,0.0,2.0,0.0,0.0,0.0,0.0,0.0,0.0,9.4,0.0,4.0,2.0,50.0,0.42,0.21,0.0,0.0,0.0,0.0,50.0,24.9,9,68.0,2,8,30.0,21,0.53,7.0,23.0,-16.0,-1.69,-0.68,0.0,13.0,5.0,0.0,4.0,9.0,8.0,,,0.0,,,,,,,,,,,,,,,,False,baja,3,Pivote destructor,2.016264039739795
ITA-Serie A,2526,Pisa,Marius Marin,ROU,MF,26.0,1998.0,23.0,18.0,1281.0,14.2,0.0,0.0,0.0,0.0,0.0,0.0,7.0,0.0,0.0,0.0,0.0,0.0,0.0,14.2,0.0,3.0,0.0,0.0,0.21,0.0,0.0,,0.0,0.0,56.0,37.5,18,66.0,4,5,19.0,6,0.65,7.0,22.0,-15.0,-1.05,0.21,0.0,36.0,20.0,0.0,18.0,14.0,26.0,,,0.0,,,,,,,,,,,,,,,,True,alta,3,Pivote destructor,3.1984361566353248
ITA-Serie A,2526,Pisa,Mattéo Tramoni,FRA,"MF,FW",25.0,2000.0,27.0,21.0,1600.0,17.8,2.0,2.0,4.0,1.0,1.0,1.0,3.0,0.0,0.11,0.11,0.23,0.06,0.17,17.8,2.0,28.0,9.0,32.1,1.58,0.51,0.07,0.22,1.0,1.0,59.0,46.8,21,71.0,4,6,19.0,6,0.56,15.0,35.0,-20.0,-1.13,0.11,0.0,16.0,15.0,2.0,68.0,15.0,21.0,,,0.0,,,,,,,,,,,,,,,,True,alta,1,Carrilero,1.3069286028682923
ITA-Serie A,2526,Pisa,Mehdi Léris,ALG,MF,27.0,1998.0,34.0,21.0,1900.0,21.1,2.0,3.0,5.0,2.0,0.0,0.0,2.0,0.0,0.09,0.14,0.24,0.09,0.24,21.1,2.0,25.0,7.0,28.0,1.18,0.33,0.08,0.29,0.0,0.0,56.0,55.6,21,73.0,5,13,28.0,3,0.47,16.0,42.0,-26.0,-1.23,-0.11,0.0,27.0,22.0,8.0,99.0,23.0,37.0,,,0.0,,,,,,,,,,,,,,,,True,alta,1,Carrilero,2.7817023734454747
ITA-Serie A,2526,Pisa,Michel Aebischer,SUI,MF,28.0,1997.0,35.0,33.0,2892.0,32.1,1.0,2.0,3.0,1.0,0.0,0.0,8.0,0.0,0.03,0.06,0.09,0.03,0.09,32.1,1.0,19.0,5.0,26.3,0.59,0.16,0.05,0.2,0.0,0.0,83.0,84.6,33,85.0,25,2,45.0,1,0.51,23.0,49.0,-26.0,-0.81,2.43,0.0,44.0,38.0,0.0,43.0,35.0,37.0,,,0.0,,,,,,,,,,,,,,,,True,alta,3,Pivote destructor,0.8744039650767659
ITA-Serie A,2526,Pisa,Samuele Angori,ITA,MF,21.0,2003.0,35.0,30.0,2599.0,28.9,0.0,2.0,2.0,0.0,0.0,0.0,2.0,0.0,0.0,0.07,0.07,0.0,0.07,28.9,0.0,14.0,3.0,21.4,0.48,0.1,0.0,0.0,0.0,0.0,74.0,76.0,30,81.0,19,5,35.0,3,0.37,19.0,52.0,-33.0,-1.14,0.17,0.0,17.0,54.0,3.0,165.0,23.0,25.0,,,0.0,,,,,,,,,,,,,,,,True,alta,1,Carrilero,2.5732269468466322
ITA-Serie A,2526,Pisa,Stefano Moreo,ITA,"FW,MF",32.0,1993.0,37.0,29.0,2307.0,25.6,7.0,1.0,8.0,5.0,2.0,2.0,2.0,0.0,0.27,0.04,0.31,0.2,0.23,25.6,7.0,52.0,20.0,38.5,2.03,0.78,0.13,0.35,2.0,2.0,62.0,67.5,29,75.0,12,8,18.0,1,0.49,21.0,51.0,-30.0,-1.17,0.04,0.0,22.0,20.0,5.0,28.0,21.0,11.0,,,0.0,,,,,,,,,,,,,,,,True,alta,2,Interior ofensivo,2.308499876957282
ITA-Serie A,2526,Pisa,İsak Vural,TUR,MF,19.0,2006.0,15.0,9.0,752.0,8.4,0.0,0.0,0.0,0.0,0.0,0.0,4.0,0.0,0.0,0.0,0.0,0.0,0.0,8.4,0.0,6.0,1.0,16.7,0.72,0.12,0.0,0.0,0.0,0.0,50.0,22.0,9,70.0,2,6,20.0,6,0.53,6.0,16.0,-10.0,-1.2,-0.02,0.0,16.0,33.0,1.0,5.0,2.0,7.0,,,0.0,,,,,,,,,,,,,,,,False,baja,0,Interior de conducción,4.220049348545885
ITA-Serie A,2526,Roma,Bryan Cristante,ITA,MF,30.0,1995.0,37.0,36.0,3094.0,34.4,2.0,1.0,3.0,2.0,0.0,0.0,6.0,0.0,0.06,0.03,0.09,0.06,0.09,34.4,2.0,44.0,8.0,18.2,1.28,0.23,0.05,0.25,0.0,0.0,84.0,90.5,36,85.0,27,1,45.0,0,1.89,55.0,26.0,29.0,0.84,1.12,0.0,63.0,9.0,0.0,19.0,28.0,43.0,,,0.0,,,,,,,,,,,,,,,,True,alta,3,Pivote destructor,2.3107556839887633
ITA-Serie A,2526,Roma,Devyne Rensch,NED,MF,22.0,2003.0,24.0,12.0,1184.0,13.2,1.0,4.0,5.0,1.0,0.0,0.0,1.0,0.0,0.08,0.3,0.38,0.08,0.38,13.2,1.0,6.0,2.0,33.3,0.46,0.15,0.17,0.5,0.0,0.0,49.0,34.6,12,79.0,5,12,20.0,12,2.08,21.0,15.0,6.0,0.46,-0.43,0.0,6.0,18.0,3.0,22.0,16.0,15.0,,,0.0,,,,,,,,,,,,,,,,True,alta,1,Carrilero,2.7546747496205173
ITA-Serie A,2526,Roma,Kostas Tsimikas,GRE,MF,29.0,1996.0,18.0,6.0,644.0,7.2,0.0,0.0,0.0,0.0,0.0,0.0,1.0,0.0,0.0,0.0,0.0,0.0,0.0,7.2,0.0,7.0,0.0,0.0,0.98,0.0,0.0,,0.0,0.0,36.0,18.8,6,68.0,1,12,20.0,17,1.61,8.0,7.0,1.0,0.14,-0.74,0.0,9.0,8.0,1.0,43.0,8.0,5.0,,,0.0,,,,,,,,,,,,,,,,False,baja,1,Carrilero,2.7308152724114
ITA-Serie A,2526,Roma,Lorenzo Pellegrini,ITA,MF,29.0,1996.0,24.0,20.0,1463.0,16.3,4.0,2.0,6.0,2.0,2.0,2.0,2.0,0.0,0.25,0.12,0.37,0.12,0.25,16.3,4.0,32.0,12.0,37.5,1.97,0.74,0.13,0.33,2.0,2.0,61.0,42.8,20,67.0,2,4,30.0,3,1.63,22.0,14.0,8.0,0.49,-0.43,0.0,20.0,39.0,5.0,89.0,15.0,5.0,,,0.0,,,,,,,,,,,,,,,,True,alta,2,Interior ofensivo,2.7421148221593064
ITA-Serie A,2526,Roma,Manu Koné,FRA,MF,24.0,2001.0,29.0,28.0,2456.0,27.3,2.0,3.0,5.0,2.0,0.0,0.0,2.0,0.0,0.07,0.11,0.18,0.07,0.18,27.3,2.0,21.0,5.0,23.8,0.77,0.18,0.1,0.4,0.0,0.0,85.0,71.8,28,87.0,24,1,19.0,0,1.93,40.0,20.0,20.0,0.73,-0.01,0.0,47.0,53.0,2.0,1.0,20.0,27.0,,,0.0,,,,,,,,,,,,,,,,True,alta,3,Pivote destructor,2.7954945353869554
ITA-Serie A,2526,Roma,Matìas Soulé,ARG,"MF,FW",22.0,2003.0,33.0,28.0,2139.0,23.8,6.0,5.0,11.0,6.0,0.0,0.0,1.0,0.0,0.25,0.21,0.46,0.25,0.46,23.8,6.0,52.0,18.0,34.6,2.19,0.76,0.12,0.33,0.0,0.0,65.0,62.5,28,72.0,1,5,26.0,0,2.0,37.0,17.0,20.0,0.84,0.28,0.0,7.0,41.0,6.0,70.0,9.0,15.0,,,0.0,,,,,,,,,,,,,,,,True,alta,2,Interior ofensivo,2.0854460075351247
ITA-Serie A,2526,Roma,Neil El Aynaoui,MAR,MF,24.0,2001.0,25.0,8.0,999.0,11.1,1.0,2.0,3.0,1.0,0.0,0.0,5.0,0.0,0.09,0.18,0.27,0.09,0.27,11.1,1.0,6.0,4.0,66.7,0.54,0.36,0.17,0.25,0.0,0.0,40.0,29.2,8,69.0,3,17,26.0,5,2.04,18.0,11.0,7.0,0.63,-0.15,0.0,23.0,10.0,2.0,17.0,18.0,10.0,,,0.0,,,,,,,,,,,,,,,,True,alta,3,Pivote destructor,3.174441983312908
ITA-Serie A,2526,Roma,Niccolò Pisilli,ITA,MF,20.0,2004.0,25.0,13.0,1295.0,14.4,2.0,4.0,6.0,2.0,0.0,0.0,3.0,0.0,0.14,0.28,0.42,0.14,0.42,14.4,2.0,19.0,5.0,26.3,1.32,0.35,0.11,0.4,0.0,0.0,52.0,37.9,13,81.0,9,12,20.0,13,1.96,29.0,16.0,13.0,0.9,0.27,0.0,20.0,4.0,2.0,15.0,24.0,13.0,,,0.0,,,,,,,,,,,,,,,,True,alta,1,Carrilero,3.2692918092365346
ITA-Serie A,2526,Roma,Paulo Dybala,ARG,"MF,FW",31.0,1993.0,22.0,15.0,1354.0,15.0,2.0,6.0,8.0,2.0,0.0,1.0,0.0,0.0,0.13,0.4,0.53,0.13,0.53,15.0,2.0,43.0,18.0,41.9,2.86,1.2,0.05,0.11,0.0,1.0,62.0,39.6,15,78.0,6,7,26.0,2,1.95,20.0,10.0,10.0,0.66,-0.12,0.0,11.0,40.0,3.0,98.0,5.0,6.0,,,0.0,,,,,,,,,,,,,,,,True,alta,2,Interior ofensivo,3.15692606187973
ITA-Serie A,2526,Roma,Stephan El Shaarawy,ITA,"MF,FW",32.0,1992.0,20.0,5.0,666.0,7.4,1.0,2.0,3.0,1.0,0.0,0.0,4.0,0.0,0.14,0.27,0.41,0.14,0.41,7.4,1.0,18.0,7.0,38.9,2.43,0.95,0.06,0.14,0.0,0.0,33.0,19.5,5,56.0,0,15,26.0,11,2.0,13.0,3.0,10.0,1.35,0.76,0.0,10.0,7.0,1.0,16.0,6.0,7.0,,,0.0,,,,,,,,,,,,,,,,False,baja,0,Interior de conducción,2.621637977214598
ITA-Serie A,2526,Roma,Wesley,BRA,MF,21.0,2003.0,30.0,28.0,2448.0,27.2,5.0,0.0,5.0,5.0,0.0,0.0,7.0,2.0,0.18,0.0,0.18,0.18,0.18,27.2,5.0,25.0,13.0,52.0,0.92,0.48,0.2,0.38,0.0,0.0,82.0,71.6,28,85.0,17,2,37.0,0,2.0,47.0,17.0,30.0,1.1,1.29,1.0,36.0,57.0,2.0,95.0,23.0,40.0,,,0.0,,,,,,,,,,,,,,,,True,alta,0,Interior de conducción,2.4182960315669018
ITA-Serie A,2526,Roma,Zeki Çelik,TUR,"MF,DF",28.0,1997.0,34.0,32.0,2723.0,30.3,1.0,2.0,3.0,1.0,0.0,0.0,2.0,1.0,0.03,0.07,0.1,0.03,0.1,30.3,1.0,22.0,4.0,18.2,0.73,0.13,0.05,0.25,0.0,0.0,80.0,79.6,32,84.0,21,2,11.0,1,1.79,50.0,27.0,23.0,0.76,0.11,0.0,35.0,18.0,3.0,75.0,24.0,40.0,,,0.0,,,,,,,,,,,,,,,,True,alta,1,Carrilero,1.4484526510841191
ITA-Serie A,2526,Sassuolo,Aster Vranckx,BEL,MF,22.0,2002.0,16.0,9.0,690.0,7.7,0.0,0.0,0.0,0.0,0.0,0.0,2.0,0.0,0.0,0.0,0.0,0.0,0.0,7.7,0.0,3.0,1.0,33.3,0.39,0.13,0.0,0.0,0.0,0.0,43.0,20.2,9,63.0,0,7,18.0,15,0.94,4.0,9.0,-5.0,-0.65,-0.69,0.0,16.0,17.0,1.0,5.0,0.0,9.0,,,0.0,,,,,,,,,,,,,,,,False,baja,3,Pivote destructor,4.17948263052242
ITA-Serie A,2526,Sassuolo,Ismaël Koné,CAN,MF,23.0,2002.0,35.0,33.0,2737.0,30.4,6.0,0.0,6.0,6.0,0.0,0.0,5.0,1.0,0.2,0.0,0.2,0.2,0.2,30.4,6.0,23.0,10.0,43.5,0.76,0.33,0.26,0.6,0.0,0.0,78.0,80.0,33,81.0,11,2,30.0,1,1.37,37.0,39.0,-2.0,-0.07,0.2,1.0,25.0,54.0,0.0,5.0,12.0,18.0,,,0.0,,,,,,,,,,,,,,,,True,alta,3,Pivote destructor,3.651878911964303
ITA-Serie A,2526,Sassuolo,Kristian Thorstvedt,NOR,MF,26.0,1999.0,32.0,27.0,2460.0,27.3,4.0,4.0,8.0,4.0,0.0,0.0,9.0,0.0,0.15,0.15,0.29,0.15,0.29,27.3,4.0,43.0,13.0,30.2,1.57,0.48,0.09,0.31,0.0,0.0,77.0,71.9,27,86.0,24,5,26.0,0,1.5,39.0,36.0,3.0,0.11,0.77,0.0,34.0,57.0,1.0,13.0,31.0,20.0,,,0.0,,,,,,,,,,,,,,,,True,alta,0,Interior de conducción,2.4106486819050987
ITA-Serie A,2526,Sassuolo,Luca Lipani,ITA,MF,20.0,2005.0,24.0,10.0,1034.0,11.5,0.0,1.0,1.0,0.0,0.0,0.0,3.0,0.0,0.0,0.09,0.09,0.0,0.09,11.5,0.0,12.0,3.0,25.0,1.04,0.26,0.0,0.0,0.0,0.0,43.0,30.2,10,72.0,2,14,23.0,13,1.17,14.0,14.0,0.0,0.0,0.15,0.0,28.0,8.0,1.0,5.0,15.0,17.0,,,0.0,,,,,,,,,,,,,,,,True,alta,3,Pivote destructor,2.282094603195706
ITA-Serie A,2526,Sassuolo,Nemanja Matić,SRB,MF,36.0,1988.0,34.0,31.0,2660.0,29.6,1.0,1.0,2.0,1.0,0.0,0.0,7.0,1.0,0.03,0.03,0.07,0.03,0.07,29.6,1.0,11.0,4.0,36.4,0.37,0.14,0.09,0.25,0.0,0.0,78.0,77.8,31,82.0,19,3,35.0,0,1.24,35.0,39.0,-4.0,-0.14,-0.14,0.0,24.0,39.0,0.0,11.0,27.0,28.0,,,0.0,,,,,,,,,,,,,,,,True,alta,3,Pivote destructor,1.941910970953522
ITA-Serie A,2526,Torino,Cesare Casadei,ITA,MF,22.0,2003.0,33.0,19.0,1997.0,22.2,6.0,0.0,6.0,6.0,0.0,0.0,5.0,0.0,0.27,0.0,0.27,0.27,0.27,22.2,6.0,35.0,17.0,48.6,1.58,0.77,0.17,0.35,0.0,0.0,61.0,58.4,19,84.0,15,14,28.0,4,1.18,28.0,36.0,-8.0,-0.36,0.34,0.0,52.0,16.0,2.0,4.0,9.0,16.0,,,0.0,,,,,,,,,,,,,,,,True,alta,0,Interior de conducción,3.455955563440516
ITA-Serie A,2526,Torino,Cristiano Biraghi,ITA,"MF,DF",32.0,1992.0,14.0,5.0,517.0,5.7,0.0,0.0,0.0,0.0,0.0,0.0,0.0,0.0,0.0,0.0,0.0,0.0,0.0,5.7,0.0,2.0,0.0,0.0,0.35,0.0,0.0,,0.0,0.0,37.0,15.1,5,81.0,3,9,13.0,19,1.5,1.0,11.0,-10.0,-1.74,-1.46,0.0,9.0,6.0,0.0,45.0,3.0,7.0,,,0.0,,,,,,,,,,,,,,,,False,baja,1,Carrilero,3.7252336683520326
ITA-Serie A,2526,Torino,Emirhan İlkhan,TUR,MF,21.0,2004.0,19.0,13.0,1001.0,11.1,1.0,2.0,3.0,1.0,0.0,0.0,2.0,1.0,0.09,0.18,0.27,0.09,0.27,11.1,1.0,13.0,3.0,23.1,1.17,0.27,0.08,0.33,0.0,0.0,53.0,29.3,13,67.0,1,6,22.0,18,0.95,13.0,25.0,-12.0,-1.08,-0.82,0.0,11.0,18.0,0.0,7.0,13.0,19.0,,,0.0,,,,,,,,,,,,,,,,True,alta,3,Pivote destructor,2.455361963431708
ITA-Serie A,2526,Torino,Gvidas Gineitis,LTU,MF,21.0,2004.0,29.0,23.0,1756.0,19.5,0.0,1.0,1.0,0.0,0.0,0.0,5.0,0.0,0.0,0.05,0.05,0.0,0.05,19.5,0.0,27.0,5.0,18.5,1.38,0.26,0.0,0.0,0.0,0.0,61.0,51.3,23,72.0,8,6,17.0,5,1.31,19.0,32.0,-13.0,-0.67,-0.34,0.0,43.0,32.0,1.0,64.0,23.0,28.0,,,0.0,,,,,,,,,,,,,,,,True,alta,3,Pivote destructor,2.553325723257309
ITA-Serie A,2526,Torino,Kristjan Asllani,ALB,MF,23.0,2002.0,15.0,13.0,1129.0,12.5,0.0,0.0,0.0,0.0,0.0,1.0,3.0,0.0,0.0,0.0,0.0,0.0,0.0,12.5,0.0,20.0,4.0,20.0,1.59,0.32,0.0,0.0,0.0,1.0,75.0,33.0,13,82.0,5,2,29.0,4,1.27,13.0,20.0,-7.0,-0.56,-0.09,0.0,7.0,14.0,0.0,52.0,12.0,14.0,,,0.0,,,,,,,,,,,,,,,,True,alta,1,Carrilero,2.856644081885079
ITA-Serie A,2526,Torino,Marcus Pedersen,NOR,"MF,DF",25.0,2000.0,29.0,23.0,2134.0,23.7,1.0,2.0,3.0,1.0,0.0,0.0,3.0,0.0,0.04,0.08,0.13,0.04,0.13,23.7,1.0,15.0,3.0,20.0,0.63,0.13,0.07,0.33,0.0,0.0,74.0,62.4,23,85.0,15,6,32.0,4,1.21,31.0,35.0,-4.0,-0.17,0.88,0.0,31.0,6.0,3.0,110.0,10.0,14.0,,,0.0,,,,,,,,,,,,,,,,True,alta,1,Carrilero,2.4677279880198095
ITA-Serie A,2526,Torino,Matteo Prati,ITA,MF,21.0,2003.0,13.0,7.0,614.0,6.8,0.0,1.0,1.0,0.0,0.0,0.0,2.0,0.0,0.0,0.15,0.15,0.0,0.15,6.8,0.0,12.0,0.0,0.0,1.76,0.0,0.0,,0.0,0.0,47.0,18.0,7,66.0,0,6,26.0,2,1.46,7.0,10.0,-3.0,-0.44,0.07,0.0,12.0,7.0,0.0,2.0,5.0,3.0,,,0.0,,,,,,,,,,,,,,,,False,baja,3,Pivote destructor,3.3316476141122537
ITA-Serie A,2526,Torino,Nikola Vlašić,CRO,"MF,FW",27.0,1997.0,37.0,36.0,3043.0,33.8,8.0,3.0,11.0,3.0,5.0,5.0,7.0,0.0,0.24,0.09,0.33,0.09,0.18,33.8,8.0,49.0,17.0,34.7,1.45,0.5,0.16,0.47,5.0,5.0,82.0,89.0,36,84.0,23,1,33.0,0,1.19,37.0,57.0,-20.0,-0.59,-0.83,0.0,44.0,45.0,4.0,48.0,22.0,39.0,,,0.0,,,,,,,,,,,,,,,,True,alta,0,Interior de conducción,0.9806490247264882
ITA-Serie A,2526,Torino,Rafel Obrador,ESP,MF,21.0,2004.0,16.0,14.0,1116.0,12.4,1.0,3.0,4.0,1.0,0.0,0.0,1.0,0.0,0.08,0.24,0.32,0.08,0.32,12.4,1.0,7.0,2.0,28.6,0.56,0.16,0.14,0.5,0.0,0.0,70.0,32.6,14,77.0,4,2,23.0,0,1.38,18.0,20.0,-2.0,-0.16,0.5,0.0,7.0,5.0,1.0,58.0,12.0,8.0,,,0.0,,,,,,,,,,,,,,,,True,alta,1,Carrilero,2.172901819828303
ITA-Serie A,2526,Torino,Valentino Lazaro,AUT,MF,29.0,1996.0,31.0,26.0,2252.0,25.0,0.0,2.0,2.0,0.0,0.0,0.0,4.0,0.0,0.0,0.08,0.08,0.0,0.08,25.0,0.0,8.0,2.0,25.0,0.32,0.08,0.0,0.0,0.0,0.0,73.0,65.8,26,82.0,15,5,24.0,7,1.1,23.0,48.0,-25.0,-1.0,-1.46,0.0,37.0,9.0,1.0,135.0,22.0,25.0,,,0.0,,,,,,,,,,,,,,,,True,alta,1,Carrilero,2.563116762639248
ITA-Serie A,2526,Torino,Zakaria Aboukhlal,MAR,MF,25.0,2000.0,15.0,6.0,511.0,5.7,0.0,0.0,0.0,0.0,0.0,0.0,4.0,0.0,0.0,0.0,0.0,0.0,0.0,5.7,0.0,7.0,2.0,28.6,1.23,0.35,0.0,0.0,0.0,0.0,34.0,14.9,6,59.0,0,9,18.0,5,0.53,2.0,11.0,-9.0,-1.59,-1.28,0.0,12.0,11.0,7.0,18.0,1.0,12.0,,,0.0,,,,,,,,,,,,,,,,False,baja,0,Interior de conducción,4.806998939092348
ITA-Serie A,2526,Udinese,Alessandro Zanoli,ITA,MF,24.0,2000.0,19.0,16.0,1280.0,14.2,1.0,2.0,3.0,1.0,0.0,0.0,1.0,0.0,0.07,0.14,0.21,0.07,0.21,14.2,1.0,3.0,1.0,33.3,0.21,0.07,0.33,1.0,0.0,0.0,67.0,37.4,16,75.0,1,3,26.0,1,1.16,16.0,18.0,-2.0,-0.14,-0.1,0.0,16.0,5.0,1.0,40.0,7.0,18.0,,,0.0,,,,,,,,,,,,,,,,True,alta,1,Carrilero,2.2679186831993494
ITA-Serie A,2526,Udinese,Arthur Atta,FRA,MF,22.0,2003.0,32.0,29.0,2557.0,28.4,5.0,3.0,8.0,5.0,0.0,0.0,3.0,0.0,0.18,0.11,0.28,0.18,0.28,28.4,5.0,57.0,20.0,35.1,2.01,0.7,0.09,0.25,0.0,0.0,80.0,74.8,29,85.0,19,3,31.0,0,1.34,31.0,36.0,-5.0,-0.18,-0.38,0.0,23.0,32.0,8.0,56.0,23.0,17.0,,,0.0,,,,,,,,,,,,,,,,True,alta,2,Interior ofensivo,1.3230510933922217
ITA-Serie A,2526,Udinese,Hassane Kamara,CIV,"MF,DF",31.0,1994.0,26.0,22.0,1861.0,20.7,0.0,2.0,2.0,0.0,0.0,0.0,5.0,0.0,0.0,0.1,0.1,0.0,0.1,20.7,0.0,16.0,5.0,31.3,0.77,0.24,0.0,0.0,0.0,0.0,72.0,54.4,22,80.0,10,4,25.0,3,1.35,26.0,26.0,0.0,0.0,0.17,0.0,16.0,11.0,0.0,81.0,25.0,20.0,,,0.0,,,,,,,,,,,,,,,,True,alta,1,Carrilero,2.1072646959066508
ITA-Serie A,2526,Udinese,Jakub Piotrowski,POL,MF,27.0,1997.0,33.0,20.0,1696.0,18.8,1.0,1.0,2.0,1.0,0.0,0.0,2.0,0.0,0.05,0.05,0.11,0.05,0.11,18.8,1.0,36.0,9.0,25.0,1.91,0.48,0.03,0.11,0.0,0.0,51.0,49.6,20,70.0,4,13,23.0,2,1.33,21.0,23.0,-2.0,-0.11,-0.05,0.0,29.0,29.0,2.0,25.0,15.0,25.0,,,0.0,,,,,,,,,,,,,,,,True,alta,0,Interior de conducción,2.0830147291573518
ITA-Serie A,2526,Udinese,Jesper Karlström,SWE,MF,30.0,1995.0,36.0,36.0,3146.0,35.0,1.0,0.0,1.0,1.0,0.0,0.0,6.0,0.0,0.03,0.0,0.03,0.03,0.03,35.0,1.0,20.0,3.0,15.0,0.57,0.09,0.05,0.33,0.0,0.0,87.0,92.0,36,87.0,29,0,,0,1.28,39.0,45.0,-6.0,-0.17,-1.16,0.0,42.0,30.0,1.0,15.0,37.0,34.0,,,0.0,,,,,,,,,,,,,,,,True,alta,3,Pivote destructor,1.4145618721480329
ITA-Serie A,2526,Udinese,Jordan Zemura,ZIM,"MF,DF",25.0,1999.0,17.0,13.0,1127.0,12.5,0.0,1.0,1.0,0.0,0.0,0.0,3.0,0.0,0.0,0.08,0.08,0.0,0.08,12.5,0.0,5.0,1.0,20.0,0.4,0.08,0.0,0.0,0.0,0.0,66.0,33.0,13,81.0,8,4,19.0,8,1.12,14.0,16.0,-2.0,-0.16,-0.12,0.0,26.0,11.0,2.0,35.0,6.0,17.0,,,0.0,,,,,,,,,,,,,,,,True,alta,3,Pivote destructor,2.795102327270134
ITA-Serie A,2526,Udinese,Jurgen Ekkelenkamp,NED,MF,25.0,2000.0,31.0,27.0,2186.0,24.3,5.0,3.0,8.0,5.0,0.0,0.0,1.0,0.0,0.21,0.12,0.33,0.21,0.33,24.3,5.0,33.0,15.0,45.5,1.36,0.62,0.15,0.33,0.0,0.0,71.0,63.9,27,78.0,5,4,22.0,4,1.35,29.0,30.0,-1.0,-0.04,0.1,0.0,22.0,19.0,3.0,32.0,18.0,27.0,,,0.0,,,,,,,,,,,,,,,,True,alta,1,Carrilero,2.0513440806451912
ITA-Serie A,2526,Udinese,Kingsley Ehizibue,NED,"MF,DF",30.0,1995.0,32.0,20.0,1811.0,20.1,2.0,0.0,2.0,2.0,0.0,0.0,5.0,0.0,0.1,0.0,0.1,0.1,0.1,20.1,2.0,9.0,2.0,22.2,0.45,0.1,0.22,1.0,0.0,0.0,57.0,53.0,20,82.0,10,12,14.0,5,1.5,25.0,23.0,2.0,0.1,0.38,0.0,34.0,24.0,2.0,32.0,13.0,31.0,,,0.0,,,,,,,,,,,,,,,,True,alta,3,Pivote destructor,1.9953847630436095
ITA-Serie A,2526,Udinese,Lennon Miller,SCO,MF,18.0,2006.0,24.0,9.0,996.0,11.1,0.0,2.0,2.0,0.0,0.0,0.0,4.0,0.0,0.0,0.18,0.18,0.0,0.18,11.1,0.0,9.0,1.0,11.1,0.81,0.09,0.0,0.0,0.0,0.0,42.0,29.1,9,74.0,1,15,22.0,13,1.25,19.0,14.0,5.0,0.45,0.75,0.0,14.0,17.0,1.0,32.0,9.0,12.0,,,0.0,,,,,,,,,,,,,,,,True,alta,0,Interior de conducción,2.4523184375905513
ITA-Serie A,2526,Udinese,Nicolò Bertola,ITA,"DF,MF",22.0,2003.0,28.0,18.0,1763.0,19.6,0.0,1.0,1.0,0.0,0.0,0.0,3.0,0.0,0.0,0.05,0.05,0.0,0.05,19.6,0.0,13.0,4.0,30.8,0.66,0.2,0.0,0.0,0.0,0.0,63.0,51.5,18,82.0,11,10,28.0,5,1.46,24.0,25.0,-1.0,-0.05,0.06,0.0,19.0,12.0,1.0,8.0,24.0,21.0,,,0.0,,,,,,,,,,,,,,,,True,alta,3,Pivote destructor,1.7151937424600023
ITA-Serie A,2526,Udinese,Nicolò Zaniolo,ITA,"FW,MF",26.0,1999.0,32.0,28.0,2257.0,25.1,5.0,6.0,11.0,5.0,0.0,0.0,8.0,0.0,0.2,0.24,0.44,0.2,0.44,25.1,5.0,72.0,22.0,30.6,2.87,0.88,0.07,0.23,0.0,0.0,71.0,66.0,28,77.0,10,4,23.0,0,1.34,29.0,27.0,2.0,0.08,0.47,0.0,61.0,61.0,6.0,120.0,4.0,21.0,,,0.0,,,,,,,,,,,,,,,,True,alta,0,Interior de conducción,3.263967992123836
ITA-Serie A,2526,Udinese,Oier Zarraga,ESP,MF,26.0,1999.0,24.0,2.0,475.0,5.3,0.0,0.0,0.0,0.0,0.0,0.0,2.0,0.0,0.0,0.0,0.0,0.0,0.0,5.3,0.0,4.0,1.0,25.0,0.76,0.19,0.0,0.0,0.0,0.0,20.0,13.9,2,83.0,1,22,14.0,14,1.71,5.0,10.0,-5.0,-0.95,-1.01,0.0,8.0,5.0,0.0,12.0,7.0,6.0,,,0.0,,,,,,,,,,,,,,,,False,baja,3,Pivote destructor,1.9040645849980817
GER-Bundesliga,2526,Augsburg,Alexis Claude-Maurice,FRA,"MF,FW",27.0,1998.0,29.0,25.0,2097.0,23.3,5.0,4.0,9.0,4.0,1.0,2.0,3.0,0.0,0.21,0.17,0.39,0.17,0.34,23.3,5.0,71.0,26.0,36.6,3.05,1.12,0.07,0.19,1.0,2.0,72.0,68.5,25,80.0,11,4,22.0,1,1.28,29.0,43.0,-14.0,-0.6,-0.41,0.0,23.0,42.0,1.0,65.0,8.0,26.0,,,0.0,,,,,,,,,,,,,,,,True,alta,2,Interior ofensivo,2.28881637929837
GER-Bundesliga,2526,Augsburg,Anton Kade,GER,"MF,FW",21.0,2004.0,28.0,18.0,1743.0,19.4,6.0,0.0,6.0,6.0,0.0,0.0,3.0,0.0,0.31,0.0,0.31,0.31,0.31,19.4,6.0,48.0,21.0,43.8,2.48,1.08,0.13,0.29,0.0,0.0,62.0,57.0,18,81.0,6,10,29.0,1,1.29,22.0,35.0,-13.0,-0.67,-0.47,0.0,20.0,18.0,10.0,22.0,13.0,14.0,,,0.0,,,,,,,,,,,,,,,,True,alta,2,Interior ofensivo,2.6825516054544756
GER-Bundesliga,2526,Augsburg,Dimitris Giannoulis,GRE,MF,29.0,1995.0,27.0,25.0,1888.0,21.0,2.0,5.0,7.0,2.0,0.0,0.0,8.0,0.0,0.1,0.24,0.33,0.1,0.33,21.0,2.0,10.0,6.0,60.0,0.48,0.29,0.2,0.33,0.0,0.0,70.0,61.7,25,74.0,9,2,25.0,0,1.37,32.0,39.0,-7.0,-0.33,0.36,0.0,16.0,20.0,4.0,99.0,21.0,20.0,,,0.0,,,,,,,,,,,,,,,,True,alta,1,Carrilero,2.8192479674040025
GER-Bundesliga,2526,Augsburg,Elias Saad,TUN,"MF,FW",25.0,1999.0,10.0,7.0,497.0,5.5,0.0,0.0,0.0,0.0,0.0,0.0,1.0,0.0,0.0,0.0,0.0,0.0,0.0,5.5,0.0,6.0,3.0,50.0,1.09,0.54,0.0,0.0,0.0,0.0,50.0,16.2,7,62.0,0,3,22.0,4,1.0,9.0,14.0,-5.0,-0.91,-0.52,0.0,8.0,12.0,4.0,9.0,1.0,8.0,,,0.0,,,,,,,,,,,,,,,,False,baja,0,Interior de conducción,3.587534439631946
GER-Bundesliga,2526,Augsburg,Elvis Rexhbeçaj,KVX,MF,27.0,1997.0,26.0,10.0,1118.0,12.4,2.0,0.0,2.0,2.0,0.0,0.0,4.0,0.0,0.16,0.0,0.16,0.16,0.16,12.4,2.0,11.0,5.0,45.5,0.89,0.4,0.18,0.4,0.0,0.0,43.0,36.5,10,71.0,3,16,26.0,2,1.31,20.0,21.0,-1.0,-0.08,0.61,0.0,13.0,16.0,1.0,16.0,4.0,8.0,,,0.0,,,,,,,,,,,,,,,,True,alta,0,Interior de conducción,2.7083559797792285
GER-Bundesliga,2526,Augsburg,Fabian Rieder,SUI,MF,23.0,2002.0,32.0,28.0,2343.0,26.0,6.0,3.0,9.0,4.0,2.0,2.0,4.0,0.0,0.23,0.12,0.35,0.15,0.27,26.0,6.0,38.0,13.0,34.2,1.46,0.5,0.16,0.46,2.0,2.0,73.0,76.6,28,82.0,16,4,13.0,0,1.25,36.0,53.0,-17.0,-0.65,-0.78,0.0,45.0,38.0,2.0,116.0,13.0,20.0,,,0.0,,,,,,,,,,,,,,,,True,alta,0,Interior de conducción,1.6800300916651596
GER-Bundesliga,2526,Augsburg,Han-Noah Massengo,FRA,MF,24.0,2001.0,33.0,29.0,2427.0,27.0,2.0,1.0,3.0,2.0,0.0,0.0,5.0,0.0,0.07,0.04,0.11,0.07,0.11,27.0,2.0,20.0,6.0,30.0,0.74,0.22,0.1,0.33,0.0,0.0,74.0,79.3,29,80.0,14,4,26.0,0,1.27,31.0,52.0,-21.0,-0.78,-1.49,0.0,25.0,23.0,0.0,17.0,36.0,18.0,,,0.0,,,,,,,,,,,,,,,,True,alta,3,Pivote destructor,2.062285692906876
GER-Bundesliga,2526,Augsburg,Kristijan Jakić,CRO,"MF,DF",28.0,1997.0,26.0,18.0,1653.0,18.4,2.0,1.0,3.0,2.0,0.0,0.0,5.0,0.0,0.11,0.05,0.16,0.11,0.16,18.4,2.0,18.0,6.0,33.3,0.98,0.33,0.11,0.33,0.0,0.0,64.0,54.0,18,77.0,10,8,34.0,2,1.15,24.0,27.0,-3.0,-0.16,0.67,0.0,17.0,17.0,2.0,4.0,17.0,25.0,,,0.0,,,,,,,,,,,,,,,,True,alta,3,Pivote destructor,1.7976197597601136
GER-Bundesliga,2526,Augsburg,Marius Wolf,GER,MF,30.0,1995.0,29.0,12.0,1019.0,11.3,1.0,1.0,2.0,1.0,0.0,0.0,4.0,0.0,0.09,0.09,0.18,0.09,0.18,11.3,1.0,14.0,5.0,35.7,1.24,0.44,0.07,0.2,0.0,0.0,35.0,33.3,12,64.0,1,17,15.0,4,1.17,17.0,19.0,-2.0,-0.18,0.44,0.0,10.0,2.0,11.0,43.0,13.0,10.0,,,0.0,,,,,,,,,,,,,,,,True,alta,1,Carrilero,3.5080945693860115
GER-Bundesliga,2526,Augsburg,Mert Kömür,GER,"MF,FW",20.0,2005.0,28.0,17.0,1464.0,16.3,2.0,4.0,6.0,2.0,0.0,0.0,1.0,0.0,0.12,0.25,0.37,0.12,0.37,16.3,2.0,41.0,16.0,39.0,2.52,0.98,0.05,0.13,0.0,0.0,52.0,47.8,17,74.0,6,11,19.0,5,1.25,21.0,28.0,-7.0,-0.43,0.08,0.0,26.0,18.0,2.0,60.0,8.0,13.0,,,0.0,,,,,,,,,,,,,,,,True,alta,2,Interior ofensivo,2.1259324717965233
GER-Bundesliga,2526,Augsburg,Robin Fellhauer,GER,MF,27.0,1998.0,34.0,31.0,2799.0,31.1,3.0,2.0,5.0,3.0,0.0,0.0,2.0,0.0,0.1,0.06,0.16,0.1,0.16,31.1,3.0,30.0,9.0,30.0,0.96,0.29,0.1,0.33,0.0,0.0,82.0,91.5,31,85.0,19,3,56.0,0,1.26,38.0,56.0,-18.0,-0.58,-1.27,0.0,25.0,33.0,6.0,92.0,22.0,43.0,,,0.0,,,,,,,,,,,,,,,,True,alta,1,Carrilero,1.6843481628516823
GER-Bundesliga,2526,Bayern Munich,Aleksandar Pavlovic,GER,MF,21.0,2004.0,24.0,16.0,1462.0,16.2,3.0,1.0,4.0,3.0,0.0,0.0,2.0,0.0,0.18,0.06,0.25,0.18,0.25,16.2,3.0,10.0,5.0,50.0,0.62,0.31,0.3,0.6,0.0,0.0,61.0,47.8,16,79.0,8,8,26.0,8,2.46,56.0,26.0,30.0,1.85,-1.31,0.0,19.0,10.0,0.0,15.0,13.0,15.0,,,0.0,,,,,,,,,,,,,,,,True,alta,1,Carrilero,2.2711965426579246
GER-Bundesliga,2526,Bayern Munich,Harry Kane,ENG,"FW,MF",32.0,1993.0,31.0,25.0,2377.0,26.4,36.0,5.0,41.0,26.0,10.0,11.0,1.0,0.0,1.36,0.19,1.55,0.98,1.17,26.4,36.0,119.0,67.0,56.3,4.51,2.54,0.3,0.54,10.0,11.0,77.0,77.7,25,86.0,17,6,38.0,1,2.58,98.0,26.0,72.0,2.73,0.88,0.0,25.0,32.0,20.0,12.0,8.0,13.0,,,0.0,,,,,,,,,,,,,,,,True,alta,2,Interior ofensivo,2.961342844754445
GER-Bundesliga,2526,Bayern Munich,Jamal Musiala,GER,"MF,FW",22.0,2003.0,15.0,7.0,683.0,7.6,3.0,4.0,7.0,2.0,1.0,1.0,1.0,0.0,0.4,0.53,0.92,0.26,0.79,7.6,3.0,30.0,9.0,30.0,3.95,1.19,0.1,0.33,1.0,1.0,46.0,22.3,7,69.0,1,8,25.0,0,2.53,31.0,10.0,21.0,2.77,0.31,0.0,5.0,18.0,0.0,4.0,3.0,5.0,,,0.0,,,,,,,,,,,,,,,,False,baja,2,Interior ofensivo,3.7020096739501795
GER-Bundesliga,2526,Bayern Munich,Joshua Kimmich,GER,MF,30.0,1995.0,29.0,24.0,2280.0,25.3,2.0,8.0,10.0,2.0,0.0,0.0,4.0,0.0,0.08,0.32,0.39,0.08,0.39,25.3,2.0,28.0,10.0,35.7,1.11,0.39,0.07,0.2,0.0,0.0,79.0,74.5,24,88.0,19,5,36.0,1,2.55,89.0,25.0,64.0,2.53,-0.01,0.0,8.0,21.0,0.0,126.0,24.0,26.0,,,0.0,,,,,,,,,,,,,,,,True,alta,1,Carrilero,2.623501389316434
GER-Bundesliga,2526,Bayern Munich,Lennart Karl,GER,MF,17.0,2008.0,26.0,16.0,1281.0,14.2,5.0,5.0,10.0,5.0,0.0,0.0,1.0,0.0,0.35,0.35,0.7,0.35,0.7,14.2,5.0,42.0,21.0,50.0,2.95,1.48,0.12,0.24,0.0,0.0,49.0,41.9,16,67.0,4,10,21.0,4,2.58,50.0,14.0,36.0,2.53,0.0,0.0,5.0,11.0,4.0,29.0,11.0,15.0,,,0.0,,,,,,,,,,,,,,,,True,alta,2,Interior ofensivo,2.813652896189348
GER-Bundesliga,2526,Bayern Munich,Leon Goretzka,GER,MF,30.0,1995.0,31.0,25.0,1947.0,21.6,5.0,3.0,8.0,5.0,0.0,0.0,4.0,0.0,0.23,0.14,0.37,0.23,0.37,21.6,5.0,35.0,11.0,31.4,1.62,0.51,0.14,0.45,0.0,0.0,63.0,63.6,25,74.0,10,6,18.0,3,2.65,72.0,20.0,52.0,2.4,-0.35,0.0,15.0,16.0,2.0,7.0,26.0,19.0,,,0.0,,,,,,,,,,,,,,,,True,alta,1,Carrilero,2.848025320662402
GER-Bundesliga,2526,Bayern Munich,Luis Díaz,COL,MF,28.0,1997.0,32.0,27.0,2447.0,27.2,15.0,14.0,29.0,15.0,0.0,0.0,7.0,1.0,0.55,0.51,1.07,0.55,1.07,27.2,15.0,88.0,37.0,42.0,3.24,1.36,0.17,0.41,0.0,0.0,76.0,80.0,27,84.0,19,5,37.0,0,2.66,98.0,29.0,69.0,2.54,0.04,1.0,35.0,38.0,26.0,45.0,17.0,13.0,,,0.0,,,,,,,,,,,,,,,,True,alta,2,Interior ofensivo,3.0743841750293166
GER-Bundesliga,2526,Bayern Munich,Michael Olise,FRA,MF,23.0,2001.0,32.0,23.0,2316.0,25.7,15.0,19.0,34.0,15.0,0.0,0.0,8.0,0.0,0.58,0.74,1.32,0.58,1.32,25.7,15.0,102.0,50.0,49.0,3.96,1.94,0.15,0.3,0.0,0.0,72.0,75.7,23,86.0,14,9,38.0,1,2.59,94.0,25.0,69.0,2.68,0.62,0.0,32.0,58.0,7.0,146.0,14.0,11.0,,,0.0,,,,,,,,,,,,,,,,True,alta,2,Interior ofensivo,3.765094871719688
GER-Bundesliga,2526,Bayern Munich,Raphaël Guerreiro,POR,MF,31.0,1993.0,18.0,8.0,784.0,8.7,5.0,2.0,7.0,5.0,0.0,0.0,0.0,0.0,0.57,0.23,0.8,0.57,0.8,8.7,5.0,12.0,5.0,41.7,1.38,0.57,0.42,1.0,0.0,0.0,44.0,25.6,8,69.0,1,10,24.0,11,3.0,31.0,7.0,24.0,2.76,0.3,0.0,3.0,2.0,1.0,5.0,1.0,7.0,,,0.0,,,,,,,,,,,,,,,,False,baja,2,Interior ofensivo,3.9239276836106063
GER-Bundesliga,2526,Bayern Munich,Serge Gnabry,GER,MF,30.0,1995.0,21.0,16.0,1219.0,13.5,8.0,6.0,14.0,8.0,0.0,0.0,1.0,0.0,0.59,0.44,1.03,0.59,1.03,13.5,8.0,50.0,17.0,34.0,3.69,1.26,0.16,0.47,0.0,0.0,58.0,39.8,16,68.0,1,5,26.0,4,2.71,48.0,14.0,34.0,2.51,-0.03,0.0,9.0,6.0,6.0,21.0,4.0,10.0,,,0.0,,,,,,,,,,,,,,,,True,alta,2,Interior ofensivo,2.969896750667095
GER-Bundesliga,2526,Bayern Munich,Tom Bischof,GER,"DF,MF",20.0,2005.0,26.0,14.0,1302.0,14.5,3.0,3.0,6.0,3.0,0.0,0.0,2.0,0.0,0.21,0.21,0.41,0.21,0.41,14.5,3.0,30.0,9.0,30.0,2.07,0.62,0.1,0.33,0.0,0.0,50.0,42.5,14,83.0,10,12,11.0,3,2.65,53.0,13.0,40.0,2.76,0.41,0.0,15.0,9.0,1.0,26.0,15.0,18.0,,,0.0,,,,,,,,,,,,,,,,True,alta,1,Carrilero,2.4941221060095113
GER-Bundesliga,2526,Dortmund,Carney Chukwuemeka,AUT,"MF,FW",21.0,2003.0,28.0,8.0,919.0,10.2,2.0,0.0,2.0,2.0,0.0,0.0,2.0,0.0,0.2,0.0,0.2,0.2,0.2,10.2,2.0,18.0,2.0,11.1,1.76,0.2,0.11,1.0,0.0,0.0,33.0,30.0,8,73.0,1,20,17.0,3,2.32,21.0,7.0,14.0,1.37,0.45,0.0,11.0,15.0,0.0,1.0,6.0,15.0,,,0.0,,,,,,,,,,,,,,,,True,alta,3,Pivote destructor,2.978446291066752
GER-Bundesliga,2526,Dortmund,Daniel Svensson,SWE,MF,23.0,2002.0,33.0,27.0,2454.0,27.3,2.0,2.0,4.0,2.0,0.0,0.0,0.0,0.0,0.07,0.07,0.15,0.07,0.15,27.3,2.0,12.0,4.0,33.3,0.44,0.15,0.17,0.5,0.0,0.0,74.0,80.2,27,86.0,22,6,22.0,1,2.12,54.0,28.0,26.0,0.95,-0.53,0.0,28.0,22.0,2.0,129.0,20.0,26.0,,,0.0,,,,,,,,,,,,,,,,True,alta,1,Carrilero,1.9963838800343463
GER-Bundesliga,2526,Dortmund,Felix Nmecha,GER,MF,24.0,2000.0,29.0,25.0,2176.0,24.2,2.0,3.0,5.0,2.0,0.0,1.0,0.0,0.0,0.08,0.12,0.21,0.08,0.21,24.2,2.0,33.0,7.0,21.2,1.36,0.29,0.06,0.29,0.0,1.0,75.0,71.1,25,83.0,8,4,23.0,0,2.31,51.0,28.0,23.0,0.95,-0.37,0.0,28.0,22.0,2.0,7.0,25.0,23.0,,,0.0,,,,,,,,,,,,,,,,True,alta,1,Carrilero,2.6603168249241906
GER-Bundesliga,2526,Dortmund,Fábio Silva,POR,"FW,MF",23.0,2002.0,28.0,7.0,817.0,9.1,2.0,6.0,8.0,2.0,0.0,0.0,3.0,0.0,0.22,0.66,0.88,0.22,0.88,9.1,2.0,23.0,8.0,34.8,2.53,0.88,0.09,0.25,0.0,0.0,29.0,26.7,7,68.0,0,21,16.0,2,2.11,24.0,10.0,14.0,1.54,0.66,0.0,19.0,10.0,3.0,12.0,2.0,2.0,,,0.0,,,,,,,,,,,,,,,,False,baja,2,Interior ofensivo,3.9264987070098463
GER-Bundesliga,2526,Dortmund,Jobe Bellingham,ENG,MF,19.0,2005.0,32.0,20.0,1786.0,19.8,0.0,1.0,1.0,0.0,0.0,0.0,2.0,1.0,0.0,0.05,0.05,0.0,0.05,19.8,0.0,19.0,6.0,31.6,0.96,0.3,0.0,0.0,0.0,0.0,56.0,58.4,20,80.0,11,12,15.0,0,2.16,44.0,20.0,24.0,1.21,0.36,0.0,15.0,20.0,0.0,5.0,41.0,23.0,,,0.0,,,,,,,,,,,,,,,,True,alta,3,Pivote destructor,2.7356391769695017
GER-Bundesliga,2526,Dortmund,Julian Brandt,GER,"MF,FW",29.0,1996.0,29.0,17.0,1606.0,17.8,7.0,4.0,11.0,7.0,0.0,0.0,0.0,0.0,0.39,0.22,0.62,0.39,0.62,17.8,7.0,38.0,18.0,47.4,2.13,1.01,0.18,0.39,0.0,0.0,55.0,52.5,17,83.0,5,12,17.0,3,2.14,42.0,18.0,24.0,1.34,0.6,0.0,8.0,5.0,7.0,25.0,5.0,8.0,,,0.0,,,,,,,,,,,,,,,,True,alta,2,Interior ofensivo,3.0637222369891086
GER-Bundesliga,2526,Dortmund,Julian Ryerson,NOR,MF,27.0,1997.0,31.0,26.0,2266.0,25.2,0.0,15.0,15.0,0.0,0.0,0.0,8.0,0.0,0.0,0.6,0.6,0.0,0.6,25.2,0.0,12.0,1.0,8.3,0.48,0.04,0.0,0.0,0.0,0.0,73.0,74.1,26,84.0,15,5,17.0,2,2.23,48.0,21.0,27.0,1.07,0.05,0.0,26.0,21.0,4.0,250.0,12.0,21.0,,,0.0,,,,,,,,,,,,,,,,True,alta,1,Carrilero,3.9044759314779665
GER-Bundesliga,2526,Dortmund,Karim Adeyemi,GER,"MF,FW",23.0,2002.0,28.0,15.0,1195.0,13.3,7.0,4.0,11.0,7.0,0.0,0.0,5.0,0.0,0.53,0.3,0.83,0.53,0.83,13.3,7.0,31.0,14.0,45.2,2.33,1.05,0.23,0.5,0.0,0.0,43.0,39.1,15,69.0,0,13,12.0,1,2.29,27.0,14.0,13.0,0.98,-0.13,0.0,21.0,25.0,5.0,11.0,8.0,4.0,,,0.0,,,,,,,,,,,,,,,,True,alta,2,Interior ofensivo,3.504950032546614
GER-Bundesliga,2526,Dortmund,Marcel Sabitzer,AUT,MF,31.0,1994.0,26.0,21.0,1817.0,20.2,1.0,2.0,3.0,1.0,0.0,0.0,3.0,0.0,0.05,0.1,0.15,0.05,0.15,20.2,1.0,20.0,4.0,20.0,0.99,0.2,0.05,0.25,0.0,0.0,70.0,59.4,21,83.0,11,5,16.0,3,2.04,39.0,22.0,17.0,0.84,-0.53,0.0,20.0,17.0,3.0,37.0,20.0,19.0,,,0.0,,,,,,,,,,,,,,,,True,alta,1,Carrilero,1.0095968883571758
GER-Bundesliga,2526,Dortmund,Maximilian Beier,GER,"MF,FW",22.0,2002.0,32.0,24.0,2026.0,22.5,9.0,6.0,15.0,9.0,0.0,0.0,3.0,0.0,0.4,0.27,0.67,0.4,0.67,22.5,9.0,50.0,20.0,40.0,2.22,0.89,0.18,0.45,0.0,0.0,63.0,66.2,24,77.0,4,8,23.0,1,2.16,48.0,18.0,30.0,1.33,0.81,0.0,31.0,24.0,3.0,28.0,11.0,16.0,,,0.0,,,,,,,,,,,,,,,,True,alta,2,Interior ofensivo,1.8832159754059832
GER-Bundesliga,2526,Dortmund,Pascal Groß,GER,MF,34.0,1991.0,11.0,7.0,613.0,6.8,0.0,1.0,1.0,0.0,0.0,0.0,0.0,0.0,0.0,0.15,0.15,0.0,0.15,6.8,0.0,8.0,1.0,12.5,1.17,0.15,0.0,0.0,0.0,0.0,56.0,20.0,7,78.0,1,4,16.0,4,2.0,9.0,5.0,4.0,0.59,-0.59,0.0,10.0,4.0,0.0,23.0,5.0,6.0,,,0.0,,,,,,,,,,,,,,,,False,baja,1,Carrilero,2.555036268469444
GER-Bundesliga,2526,Dortmund,Yan Couto,BRA,MF,23.0,2002.0,19.0,11.0,997.0,11.1,2.0,2.0,4.0,2.0,0.0,0.0,4.0,0.0,0.18,0.18,0.36,0.18,0.36,11.1,2.0,9.0,4.0,44.4,0.81,0.36,0.22,0.5,0.0,0.0,52.0,32.6,11,80.0,5,8,14.0,13,2.26,25.0,14.0,11.0,0.99,-0.1,0.0,17.0,13.0,2.0,54.0,9.0,15.0,,,0.0,,,,,,,,,,,,,,,,True,alta,0,Interior de conducción,2.1781946591189554
GER-Bundesliga,2526,Frankfurt,Ansgar Knauff,GER,"MF,FW",23.0,2002.0,28.0,12.0,1326.0,14.7,4.0,1.0,5.0,4.0,0.0,0.0,3.0,0.0,0.27,0.07,0.34,0.27,0.34,14.7,4.0,34.0,14.0,41.2,2.31,0.95,0.12,0.29,0.0,0.0,47.0,43.3,12,75.0,1,16,27.0,0,1.29,29.0,26.0,3.0,0.2,0.57,0.0,26.0,12.0,7.0,39.0,9.0,10.0,,,0.0,,,,,,,,,,,,,,,,True,alta,2,Interior ofensivo,2.4557773443411564
GER-Bundesliga,2526,Frankfurt,Arnaud Kalimuendo,FRA,"FW,MF",23.0,2002.0,19.0,17.0,1417.0,15.7,6.0,1.0,7.0,6.0,0.0,0.0,4.0,0.0,0.38,0.06,0.44,0.38,0.44,15.7,6.0,30.0,16.0,53.3,1.91,1.02,0.2,0.38,0.0,0.0,75.0,46.3,17,80.0,10,2,30.0,0,1.0,24.0,31.0,-7.0,-0.44,-0.61,0.0,9.0,18.0,6.0,15.0,3.0,4.0,,,0.0,,,,,,,,,,,,,,,,True,alta,2,Interior ofensivo,2.8029945415892104
GER-Bundesliga,2526,Frankfurt,Ayoube Amaimouni,MAR,"MF,FW",20.0,2004.0,17.0,6.0,586.0,6.5,2.0,3.0,5.0,2.0,0.0,0.0,1.0,0.0,0.31,0.46,0.77,0.31,0.77,6.5,2.0,12.0,7.0,58.3,1.84,1.08,0.17,0.29,0.0,0.0,34.0,19.2,6,67.0,0,11,17.0,2,1.0,14.0,11.0,3.0,0.46,0.72,0.0,8.0,10.0,6.0,30.0,2.0,5.0,,,0.0,,,,,,,,,,,,,,,,False,baja,2,Interior ofensivo,2.491326616165441
GER-Bundesliga,2526,Frankfurt,Can Uzun,TUR,MF,19.0,2005.0,21.0,15.0,1156.0,12.8,8.0,4.0,12.0,7.0,1.0,1.0,3.0,0.0,0.62,0.31,0.93,0.54,0.86,12.8,8.0,41.0,19.0,46.3,3.19,1.48,0.2,0.42,1.0,1.0,55.0,37.8,15,68.0,2,6,23.0,2,1.19,28.0,27.0,1.0,0.08,0.31,0.0,15.0,26.0,0.0,24.0,3.0,9.0,,,0.0,,,,,,,,,,,,,,,,True,alta,2,Interior ofensivo,3.242868272482739
GER-Bundesliga,2526,Frankfurt,Ellyes Skhiri,TUN,"MF,DF",30.0,1995.0,25.0,16.0,1444.0,16.0,0.0,0.0,0.0,0.0,0.0,0.0,3.0,1.0,0.0,0.0,0.0,0.0,0.0,16.0,0.0,8.0,0.0,0.0,0.5,0.0,0.0,,0.0,0.0,58.0,47.2,16,81.0,9,9,17.0,5,1.36,24.0,36.0,-12.0,-0.75,-1.19,1.0,11.0,13.0,0.0,3.0,25.0,8.0,,,0.0,,,,,,,,,,,,,,,,True,alta,3,Pivote destructor,3.1328337222016676
GER-Bundesliga,2526,Frankfurt,Fares Chaïbi,ALG,MF,22.0,2002.0,28.0,21.0,1792.0,19.9,2.0,9.0,11.0,2.0,0.0,0.0,2.0,0.0,0.1,0.45,0.55,0.1,0.55,19.9,2.0,35.0,9.0,25.7,1.76,0.45,0.06,0.22,0.0,0.0,64.0,58.6,21,77.0,8,7,26.0,2,1.36,40.0,38.0,2.0,0.1,0.53,0.0,14.0,21.0,5.0,91.0,13.0,21.0,,,0.0,,,,,,,,,,,,,,,,True,alta,2,Interior ofensivo,2.5654158513283085
GER-Bundesliga,2526,Frankfurt,Hugo Larsson,SWE,MF,21.0,2004.0,25.0,21.0,1812.0,20.1,2.0,2.0,4.0,2.0,0.0,0.0,0.0,0.0,0.1,0.1,0.2,0.1,0.2,20.1,2.0,13.0,6.0,46.2,0.65,0.3,0.15,0.33,0.0,0.0,72.0,59.2,21,81.0,10,4,29.0,3,1.28,33.0,32.0,1.0,0.05,0.41,0.0,7.0,2.0,0.0,9.0,27.0,9.0,,,0.0,,,,,,,,,,,,,,,,True,alta,1,Carrilero,3.852680398555999
GER-Bundesliga,2526,Frankfurt,Jean Mattéo Bahoya,FRA,"MF,FW",20.0,2005.0,27.0,15.0,1331.0,14.8,3.0,4.0,7.0,3.0,0.0,0.0,2.0,0.0,0.2,0.27,0.47,0.2,0.47,14.8,3.0,29.0,9.0,31.0,1.96,0.61,0.1,0.33,0.0,0.0,49.0,43.5,15,69.0,4,12,25.0,2,1.26,22.0,28.0,-6.0,-0.41,-0.51,0.0,13.0,22.0,3.0,33.0,12.0,14.0,,,0.0,,,,,,,,,,,,,,,,True,alta,2,Interior ofensivo,1.7420646580249892
GER-Bundesliga,2526,Frankfurt,Mahmoud Dahoud,GER,"MF,FW",29.0,1996.0,15.0,8.0,716.0,8.0,2.0,3.0,5.0,2.0,0.0,0.0,0.0,0.0,0.25,0.38,0.63,0.25,0.63,8.0,2.0,17.0,2.0,11.8,2.14,0.25,0.12,1.0,0.0,0.0,48.0,23.4,8,68.0,1,7,25.0,7,1.2,17.0,15.0,2.0,0.25,0.48,0.0,16.0,2.0,0.0,8.0,10.0,8.0,,,0.0,,,,,,,,,,,,,,,,False,baja,1,Carrilero,4.491416638231219
GER-Bundesliga,2526,Frankfurt,Mario Götze,GER,MF,33.0,1992.0,21.0,8.0,886.0,9.8,0.0,0.0,0.0,0.0,0.0,0.0,1.0,0.0,0.0,0.0,0.0,0.0,0.0,9.8,0.0,5.0,0.0,0.0,0.51,0.0,0.0,,0.0,0.0,42.0,29.0,8,67.0,1,13,27.0,8,1.48,15.0,20.0,-5.0,-0.51,-0.55,0.0,9.0,12.0,1.0,22.0,4.0,8.0,,,0.0,,,,,,,,,,,,,,,,False,baja,1,Carrilero,2.49977546590832
GER-Bundesliga,2526,Frankfurt,Nathaniel Brown,GER,"MF,DF",22.0,2003.0,33.0,29.0,2656.0,29.5,4.0,4.0,8.0,4.0,0.0,0.0,3.0,0.0,0.14,0.14,0.27,0.14,0.27,29.5,4.0,18.0,9.0,50.0,0.61,0.3,0.22,0.44,0.0,0.0,80.0,86.8,29,86.0,23,4,41.0,0,1.33,52.0,55.0,-3.0,-0.1,0.12,0.0,27.0,33.0,1.0,45.0,25.0,57.0,,,0.0,,,,,,,,,,,,,,,,True,alta,1,Carrilero,2.389124917706688
GER-Bundesliga,2526,Frankfurt,Oscar Højlund,DEN,MF,20.0,2005.0,24.0,12.0,1089.0,12.1,1.0,1.0,2.0,1.0,0.0,0.0,4.0,1.0,0.08,0.08,0.17,0.08,0.17,12.1,1.0,7.0,3.0,42.9,0.58,0.25,0.14,0.33,0.0,0.0,45.0,35.6,12,71.0,0,12,20.0,4,1.21,15.0,23.0,-8.0,-0.66,-0.84,1.0,27.0,5.0,1.0,2.0,7.0,17.0,,,0.0,,,,,,,,,,,,,,,,True,alta,3,Pivote destructor,2.6790515982472716
GER-Bundesliga,2526,Frankfurt,Rasmus Kristensen,DEN,"DF,MF",28.0,1997.0,22.0,19.0,1538.0,17.1,2.0,0.0,2.0,2.0,0.0,0.0,6.0,1.0,0.12,0.0,0.12,0.12,0.12,17.1,2.0,15.0,6.0,40.0,0.88,0.35,0.13,0.33,0.0,0.0,70.0,50.3,19,79.0,12,3,15.0,0,1.36,27.0,30.0,-3.0,-0.18,-0.12,1.0,24.0,10.0,3.0,33.0,19.0,33.0,,,0.0,,,,,,,,,,,,,,,,True,alta,3,Pivote destructor,2.548372905279412
GER-Bundesliga,2526,Frankfurt,Ritsu Doan,JPN,MF,27.0,1998.0,31.0,28.0,2364.0,26.3,5.0,5.0,10.0,5.0,0.0,0.0,5.0,0.0,0.19,0.19,0.38,0.19,0.38,26.3,5.0,41.0,15.0,36.6,1.56,0.57,0.12,0.33,0.0,0.0,76.0,77.3,28,81.0,11,3,33.0,1,1.32,50.0,44.0,6.0,0.23,1.52,0.0,26.0,35.0,3.0,111.0,17.0,23.0,,,0.0,,,,,,,,,,,,,,,,True,alta,0,Interior de conducción,1.761561720725041
GER-Bundesliga,2526,Freiburg,Derry Scherhant,GER,MF,22.0,2002.0,31.0,12.0,1301.0,14.5,5.0,1.0,6.0,5.0,0.0,0.0,2.0,0.0,0.35,0.07,0.42,0.35,0.42,14.5,5.0,36.0,13.0,36.1,2.49,0.9,0.14,0.38,0.0,0.0,42.0,42.5,12,75.0,2,19,21.0,3,1.39,26.0,24.0,2.0,0.14,0.55,0.0,19.0,36.0,4.0,72.0,7.0,9.0,,,0.0,,,,,,,,,,,,,,,,True,alta,2,Interior ofensivo,2.302310972165425
GER-Bundesliga,2526,Freiburg,Jan-Niklas Beste,GER,MF,26.0,1999.0,28.0,20.0,1704.0,18.9,2.0,2.0,4.0,2.0,0.0,0.0,5.0,0.0,0.11,0.11,0.21,0.11,0.21,18.9,2.0,24.0,14.0,58.3,1.27,0.74,0.08,0.14,0.0,0.0,61.0,55.7,20,77.0,6,8,21.0,1,1.54,33.0,25.0,8.0,0.42,1.35,0.0,17.0,36.0,5.0,106.0,17.0,24.0,,,0.0,,,,,,,,,,,,,,,,True,alta,0,Interior de conducción,2.192379065101003
GER-Bundesliga,2526,Freiburg,Johan Manzambi,SUI,MF,19.0,2005.0,27.0,26.0,2077.0,23.1,5.0,4.0,9.0,5.0,0.0,0.0,4.0,2.0,0.22,0.17,0.39,0.22,0.39,23.1,5.0,51.0,13.0,25.5,2.21,0.56,0.1,0.38,0.0,0.0,77.0,67.9,26,78.0,8,1,45.0,1,1.37,36.0,36.0,0.0,0.0,0.55,0.0,22.0,78.0,2.0,35.0,27.0,14.0,,,0.0,,,,,,,,,,,,,,,,True,alta,0,Interior de conducción,2.9846879107451376
GER-Bundesliga,2526,Freiburg,Lucas Höler,GER,"FW,MF",31.0,1994.0,33.0,25.0,2037.0,22.6,3.0,1.0,4.0,3.0,0.0,0.0,4.0,0.0,0.13,0.04,0.18,0.13,0.18,22.6,3.0,33.0,15.0,45.5,1.46,0.66,0.09,0.2,0.0,0.0,62.0,66.6,25,78.0,10,8,12.0,1,1.33,28.0,43.0,-15.0,-0.66,-1.45,0.0,30.0,30.0,12.0,8.0,11.0,12.0,,,0.0,,,,,,,,,,,,,,,,True,alta,2,Interior ofensivo,2.8082694194720825
GER-Bundesliga,2526,Freiburg,Maximilian Eggestein,GER,MF,28.0,1996.0,34.0,34.0,3060.0,34.0,3.0,1.0,4.0,3.0,0.0,0.0,4.0,0.0,0.09,0.03,0.12,0.09,0.12,34.0,3.0,44.0,13.0,29.5,1.29,0.38,0.07,0.23,0.0,0.0,90.0,100.0,34,90.0,34,0,,0,1.38,51.0,57.0,-6.0,-0.18,,0.0,18.0,20.0,1.0,14.0,31.0,34.0,,,0.0,,,,,,,,,,,,,,,,True,alta,1,Carrilero,2.4244100130230954
GER-Bundesliga,2526,Freiburg,Patrick Osterhage,GER,MF,25.0,2000.0,20.0,13.0,1189.0,13.2,1.0,0.0,1.0,1.0,0.0,0.0,4.0,0.0,0.08,0.0,0.08,0.08,0.08,13.2,1.0,7.0,2.0,28.6,0.53,0.15,0.14,0.5,0.0,0.0,59.0,38.9,13,82.0,6,7,18.0,2,1.7,15.0,17.0,-2.0,-0.15,0.04,0.0,13.0,13.0,2.0,9.0,15.0,7.0,,,0.0,,,,,,,,,,,,,,,,True,alta,3,Pivote destructor,2.642365108712105
GER-Bundesliga,2526,Freiburg,Philipp Treu,GER,"DF,MF",24.0,2000.0,28.0,24.0,2186.0,24.3,1.0,2.0,3.0,1.0,0.0,0.0,2.0,0.0,0.04,0.08,0.12,0.04,0.12,24.3,1.0,17.0,5.0,29.4,0.7,0.21,0.06,0.2,0.0,0.0,78.0,71.4,24,87.0,18,4,27.0,4,1.32,33.0,38.0,-5.0,-0.21,-0.1,0.0,20.0,37.0,2.0,32.0,7.0,27.0,,,0.0,,,,,,,,,,,,,,,,True,alta,1,Carrilero,2.250958294580109
GER-Bundesliga,2526,Freiburg,Vincenzo Grifo,ITA,MF,32.0,1993.0,33.0,21.0,1710.0,19.0,7.0,4.0,11.0,3.0,4.0,4.0,0.0,0.0,0.37,0.21,0.58,0.16,0.37,19.0,7.0,30.0,12.0,40.0,1.58,0.63,0.23,0.58,4.0,4.0,52.0,55.9,21,70.0,4,12,20.0,1,1.42,27.0,33.0,-6.0,-0.32,-0.32,0.0,10.0,12.0,2.0,111.0,16.0,5.0,,,0.0,,,,,,,,,,,,,,,,True,alta,2,Interior ofensivo,3.1765116878035893
GER-Bundesliga,2526,Freiburg,Yuito Suzuki,JPN,MF,23.0,2001.0,25.0,18.0,1632.0,18.1,4.0,2.0,6.0,4.0,0.0,0.0,3.0,0.0,0.22,0.11,0.33,0.22,0.33,18.1,4.0,38.0,14.0,36.8,2.1,0.77,0.11,0.29,0.0,0.0,65.0,53.3,18,79.0,6,7,31.0,4,1.28,31.0,31.0,0.0,0.0,0.38,0.0,20.0,10.0,2.0,21.0,10.0,12.0,,,0.0,,,,,,,,,,,,,,,,True,alta,2,Interior ofensivo,2.0251838634983566
GER-Bundesliga,2526,Gladbach,Florian Neuhaus,GER,"MF,FW",28.0,1997.0,17.0,11.0,930.0,10.3,0.0,1.0,1.0,0.0,0.0,0.0,0.0,0.0,0.0,0.1,0.1,0.0,0.1,10.3,0.0,22.0,6.0,27.3,2.13,0.58,0.0,0.0,0.0,0.0,55.0,30.4,11,71.0,0,6,25.0,13,1.29,19.0,9.0,10.0,0.97,1.86,0.0,9.0,9.0,0.0,9.0,9.0,7.0,,,0.0,,,,,,,,,,,,,,,,True,alta,1,Carrilero,2.931875472410176
GER-Bundesliga,2526,Gladbach,Franck Honorat,FRA,"MF,FW",28.0,1996.0,28.0,24.0,1977.0,22.0,2.0,6.0,8.0,2.0,0.0,0.0,0.0,0.0,0.09,0.27,0.36,0.09,0.36,22.0,2.0,17.0,5.0,29.4,0.77,0.23,0.12,0.4,0.0,0.0,71.0,64.6,24,78.0,8,4,29.0,0,1.18,24.0,32.0,-8.0,-0.36,-0.11,0.0,12.0,6.0,10.0,134.0,5.0,13.0,,,0.0,,,,,,,,,,,,,,,,True,alta,2,Interior ofensivo,3.8272511251608217
GER-Bundesliga,2526,Gladbach,Gio Reyna,USA,MF,22.0,2002.0,19.0,4.0,520.0,5.8,1.0,0.0,1.0,1.0,0.0,0.0,1.0,0.0,0.17,0.0,0.17,0.17,0.17,5.8,1.0,7.0,2.0,28.6,1.21,0.35,0.14,0.5,0.0,0.0,27.0,17.0,4,65.0,0,15,17.0,6,1.42,9.0,11.0,-2.0,-0.35,-0.03,0.0,5.0,10.0,0.0,9.0,4.0,6.0,,,0.0,,,,,,,,,,,,,,,,False,baja,0,Interior de conducción,2.714818717361441
GER-Bundesliga,2526,Gladbach,Hugo Bolin,SWE,"MF,FW",22.0,2003.0,13.0,5.0,550.0,6.1,1.0,1.0,2.0,1.0,0.0,0.0,0.0,0.0,0.16,0.16,0.33,0.16,0.33,6.1,1.0,15.0,4.0,26.7,2.45,0.65,0.07,0.25,0.0,0.0,42.0,18.0,5,70.0,0,8,25.0,1,1.23,9.0,8.0,1.0,0.16,0.59,0.0,2.0,12.0,1.0,17.0,1.0,2.0,,,0.0,,,,,,,,,,,,,,,,False,baja,2,Interior ofensivo,2.726078741820689
GER-Bundesliga,2526,Gladbach,Jens Castrop,KOR,MF,22.0,2003.0,26.0,20.0,1584.0,17.6,3.0,1.0,4.0,3.0,0.0,0.0,2.0,2.0,0.17,0.06,0.23,0.17,0.23,17.6,3.0,30.0,12.0,40.0,1.7,0.68,0.1,0.25,0.0,0.0,61.0,51.8,20,74.0,4,6,17.0,1,1.0,21.0,31.0,-10.0,-0.57,-0.51,0.0,31.0,26.0,3.0,21.0,17.0,27.0,,,0.0,,,,,,,,,,,,,,,,True,alta,0,Interior de conducción,2.111049422019581
GER-Bundesliga,2526,Gladbach,Joe Scally,USA,"DF,MF",22.0,2002.0,32.0,29.0,2608.0,29.0,2.0,3.0,5.0,2.0,0.0,0.0,8.0,0.0,0.07,0.1,0.17,0.07,0.17,29.0,2.0,16.0,10.0,62.5,0.55,0.35,0.13,0.2,0.0,0.0,82.0,85.2,29,88.0,23,3,18.0,1,1.19,38.0,40.0,-2.0,-0.07,1.72,0.0,33.0,51.0,3.0,47.0,18.0,27.0,,,1.0,,,,,,,,,,,,,,,,True,alta,0,Interior de conducción,1.9300216646847186
GER-Bundesliga,2526,Gladbach,Kevin Stöger,AUT,MF,31.0,1993.0,29.0,15.0,1324.0,14.7,1.0,1.0,2.0,1.0,0.0,1.0,3.0,0.0,0.07,0.07,0.14,0.07,0.14,14.7,1.0,23.0,7.0,30.4,1.56,0.48,0.04,0.14,0.0,1.0,46.0,43.3,15,73.0,2,14,17.0,5,1.0,13.0,25.0,-12.0,-0.82,-0.87,0.0,23.0,29.0,0.0,61.0,13.0,20.0,,,0.0,,,,,,,,,,,,,,,,True,alta,0,Interior de conducción,2.235215483563723
GER-Bundesliga,2526,Gladbach,Luca Netz,GER,"MF,DF",22.0,2003.0,15.0,10.0,940.0,10.4,0.0,2.0,2.0,0.0,0.0,0.0,1.0,0.0,0.0,0.19,0.19,0.0,0.19,10.4,0.0,2.0,0.0,0.0,0.19,0.0,0.0,,0.0,0.0,63.0,30.7,10,86.0,7,5,17.0,5,0.93,14.0,10.0,4.0,0.38,1.02,0.0,8.0,2.0,0.0,26.0,7.0,10.0,,,0.0,,,,,,,,,,,,,,,,True,alta,1,Carrilero,2.6811150782108264
GER-Bundesliga,2526,Gladbach,Lukas Ullrich,GER,"DF,MF",21.0,2004.0,23.0,14.0,1305.0,14.5,0.0,0.0,0.0,0.0,0.0,0.0,2.0,0.0,0.0,0.0,0.0,0.0,0.0,14.5,0.0,10.0,2.0,20.0,0.69,0.14,0.0,0.0,0.0,0.0,57.0,42.6,14,79.0,5,9,22.0,11,0.78,19.0,29.0,-10.0,-0.69,-0.64,0.0,17.0,11.0,1.0,38.0,21.0,17.0,,,0.0,,,,,,,,,,,,,,,,True,alta,3,Pivote destructor,2.059037888768769
GER-Bundesliga,2526,Gladbach,Philipp Sander,GER,"DF,MF",27.0,1998.0,30.0,29.0,2445.0,27.2,2.0,0.0,2.0,2.0,0.0,0.0,4.0,0.0,0.07,0.0,0.07,0.07,0.07,27.2,2.0,25.0,8.0,32.0,0.92,0.29,0.08,0.25,0.0,0.0,82.0,79.9,29,83.0,18,1,30.0,1,1.0,35.0,39.0,-4.0,-0.15,0.88,0.0,28.0,14.0,0.0,28.0,50.0,42.0,,,1.0,,,,,,,,,,,,,,,,True,alta,3,Pivote destructor,2.2895836961204514
GER-Bundesliga,2526,Gladbach,Rocco Reitz,GER,MF,23.0,2002.0,31.0,31.0,2627.0,29.2,0.0,4.0,4.0,0.0,0.0,0.0,8.0,1.0,0.0,0.14,0.14,0.0,0.14,29.2,0.0,47.0,14.0,29.8,1.61,0.48,0.0,0.0,0.0,0.0,85.0,85.8,31,85.0,19,0,,0,1.03,27.0,46.0,-19.0,-0.65,-2.31,0.0,35.0,55.0,6.0,86.0,49.0,42.0,,,0.0,,,,,,,,,,,,,,,,True,alta,0,Interior de conducción,3.04300116523908
GER-Bundesliga,2526,Gladbach,Shuto Machino,JPN,"FW,MF",25.0,1999.0,32.0,9.0,1076.0,12.0,3.0,1.0,4.0,3.0,0.0,0.0,2.0,0.0,0.25,0.08,0.33,0.25,0.33,12.0,3.0,25.0,11.0,44.0,2.09,0.92,0.12,0.27,0.0,0.0,34.0,35.2,9,79.0,2,23,16.0,1,1.16,13.0,32.0,-19.0,-1.59,-1.95,0.0,14.0,11.0,9.0,10.0,3.0,5.0,,,0.0,,,,,,,,,,,,,,,,True,alta,2,Interior ofensivo,2.206950321532772
GER-Bundesliga,2526,Gladbach,Wael Mohya,GER,"MF,FW",16.0,2008.0,15.0,6.0,552.0,6.1,2.0,1.0,3.0,2.0,0.0,0.0,1.0,0.0,0.33,0.16,0.49,0.33,0.49,6.1,2.0,11.0,5.0,45.5,1.79,0.82,0.18,0.4,0.0,0.0,37.0,18.0,6,63.0,0,9,20.0,10,1.07,6.0,9.0,-3.0,-0.49,-0.2,0.0,4.0,13.0,0.0,8.0,2.0,7.0,,,0.0,,,,,,,,,,,,,,,,False,baja,0,Interior de conducción,3.0179681314817075
GER-Bundesliga,2526,Gladbach,Yannik Engelhardt,GER,MF,24.0,2001.0,31.0,29.0,2487.0,27.6,2.0,2.0,4.0,2.0,0.0,0.0,7.0,0.0,0.07,0.07,0.14,0.07,0.14,27.6,2.0,21.0,5.0,23.8,0.76,0.18,0.1,0.4,0.0,0.0,80.0,81.3,29,85.0,22,2,18.0,0,1.19,38.0,39.0,-1.0,-0.04,1.53,0.0,41.0,34.0,0.0,6.0,36.0,23.0,,,0.0,,,,,,,,,,,,,,,,True,alta,3,Pivote destructor,1.6453451740855902
GER-Bundesliga,2526,Hamburger SV,Albert Grønbaek,DEN,MF,24.0,2001.0,7.0,6.0,492.0,5.5,1.0,2.0,3.0,1.0,0.0,0.0,0.0,0.0,0.18,0.37,0.55,0.18,0.55,5.5,1.0,8.0,4.0,50.0,1.46,0.73,0.13,0.25,0.0,0.0,70.0,16.1,6,78.0,2,1,24.0,1,1.14,8.0,11.0,-3.0,-0.55,-0.16,0.0,2.0,6.0,0.0,6.0,11.0,10.0,,,0.0,,,,,,,,,,,,,,,,False,baja,1,Carrilero,4.330410661248414
GER-Bundesliga,2526,Hamburger SV,Albert Sambi Lokonga,BEL,MF,25.0,1999.0,26.0,20.0,1710.0,19.0,5.0,0.0,5.0,5.0,0.0,0.0,3.0,0.0,0.26,0.0,0.26,0.26,0.26,19.0,5.0,19.0,11.0,57.9,1.0,0.58,0.26,0.45,0.0,0.0,66.0,55.9,20,81.0,9,6,14.0,1,1.23,29.0,29.0,0.0,0.0,0.93,0.0,20.0,27.0,0.0,13.0,13.0,13.0,,,0.0,,,,,,,,,,,,,,,,True,alta,3,Pivote destructor,3.0325771562401336
GER-Bundesliga,2526,Hamburger SV,Bakery Jatta,GAM,MF,27.0,1998.0,15.0,12.0,911.0,10.1,1.0,1.0,2.0,1.0,0.0,0.0,1.0,0.0,0.1,0.1,0.2,0.1,0.2,10.1,1.0,11.0,4.0,36.4,1.09,0.4,0.09,0.25,0.0,0.0,61.0,29.8,12,71.0,2,3,20.0,1,1.33,16.0,12.0,4.0,0.4,1.15,0.0,13.0,5.0,2.0,19.0,8.0,11.0,,,0.0,,,,,,,,,,,,,,,,True,alta,1,Carrilero,1.6687729139255423
GER-Bundesliga,2526,Hamburger SV,Fabio Vieira,POR,"MF,FW",25.0,2000.0,29.0,25.0,2206.0,24.5,7.0,5.0,12.0,6.0,1.0,1.0,4.0,2.0,0.29,0.2,0.49,0.24,0.45,24.5,7.0,59.0,19.0,32.2,2.41,0.78,0.12,0.37,1.0,1.0,76.0,72.1,25,84.0,10,4,24.0,0,1.14,29.0,36.0,-7.0,-0.29,0.45,1.0,18.0,44.0,1.0,59.0,15.0,9.0,,,0.0,,,,,,,,,,,,,,,,True,alta,2,Interior ofensivo,2.188669366263088
GER-Bundesliga,2526,Hamburger SV,Giorgi Gocholeishvili,GEO,MF,24.0,2001.0,24.0,9.0,940.0,10.4,0.0,2.0,2.0,0.0,0.0,0.0,3.0,1.0,0.0,0.19,0.19,0.0,0.19,10.4,0.0,14.0,2.0,14.3,1.34,0.19,0.0,0.0,0.0,0.0,39.0,30.7,9,78.0,1,15,16.0,6,1.33,9.0,12.0,-3.0,-0.29,0.18,1.0,13.0,19.0,3.0,20.0,7.0,14.0,,,0.0,,,,,,,,,,,,,,,,True,alta,0,Interior de conducción,2.3020995454345816
GER-Bundesliga,2526,Hamburger SV,Jean-Luc Dompé,FRA,"FW,MF",29.0,1995.0,20.0,12.0,1138.0,12.6,3.0,0.0,3.0,2.0,1.0,1.0,0.0,0.0,0.24,0.0,0.24,0.16,0.16,12.6,3.0,25.0,12.0,48.0,1.98,0.95,0.12,0.25,1.0,1.0,57.0,37.2,12,81.0,5,8,21.0,3,1.05,16.0,14.0,2.0,0.16,0.91,0.0,2.0,9.0,4.0,82.0,0.0,5.0,,,0.0,,,,,,,,,,,,,,,,True,alta,2,Interior ofensivo,4.164044983826558
GER-Bundesliga,2526,Hamburger SV,Miro Muheim,SUI,"MF,DF",27.0,1998.0,29.0,27.0,2435.0,27.1,0.0,4.0,4.0,0.0,0.0,0.0,7.0,1.0,0.0,0.15,0.15,0.0,0.15,27.1,0.0,24.0,7.0,29.2,0.89,0.26,0.0,0.0,0.0,0.0,84.0,79.6,27,88.0,23,2,30.0,0,1.1,33.0,42.0,-9.0,-0.33,0.39,0.0,39.0,50.0,1.0,148.0,27.0,35.0,,,0.0,,,,,,,,,,,,,,,,True,alta,0,Interior de conducción,2.8242166731913247
GER-Bundesliga,2526,Hamburger SV,Nicolai Remberg,GER,MF,25.0,2000.0,32.0,32.0,2880.0,32.0,0.0,2.0,2.0,0.0,0.0,0.0,11.0,0.0,0.0,0.06,0.06,0.0,0.06,32.0,0.0,17.0,8.0,47.1,0.53,0.25,0.0,0.0,0.0,0.0,90.0,94.1,32,90.0,32,0,,0,1.16,38.0,49.0,-11.0,-0.34,1.16,0.0,44.0,48.0,1.0,5.0,43.0,27.0,,,0.0,,,,,,,,,,,,,,,,True,alta,3,Pivote destructor,1.9827280889448382
GER-Bundesliga,2526,Hamburger SV,Nicolás Capaldo,ARG,"DF,MF",26.0,1998.0,26.0,24.0,2001.0,22.2,1.0,3.0,4.0,1.0,0.0,0.0,10.0,0.0,0.04,0.13,0.18,0.04,0.18,22.2,1.0,22.0,6.0,27.3,0.99,0.27,0.05,0.17,0.0,0.0,77.0,65.4,24,82.0,12,2,14.0,1,1.04,27.0,34.0,-7.0,-0.31,0.28,0.0,31.0,46.0,2.0,21.0,35.0,46.0,,,0.0,,,,,,,,,,,,,,,,True,alta,3,Pivote destructor,2.9140784236456074
GER-Bundesliga,2526,Hamburger SV,Philip Otele,NGA,"MF,FW",26.0,1999.0,9.0,7.0,471.0,5.2,1.0,1.0,2.0,1.0,0.0,0.0,3.0,1.0,0.19,0.19,0.38,0.19,0.38,5.2,1.0,7.0,3.0,42.9,1.34,0.57,0.14,0.33,0.0,0.0,52.0,15.4,7,65.0,0,2,7.0,2,1.33,9.0,6.0,3.0,0.57,1.16,0.0,8.0,4.0,1.0,12.0,3.0,2.0,,,0.0,,,,,,,,,,,,,,,,False,baja,0,Interior de conducción,3.17438797501197
GER-Bundesliga,2526,Hamburger SV,Ransford Königsdörffer,GHA,"FW,MF",23.0,2001.0,33.0,29.0,2329.0,25.9,5.0,1.0,6.0,5.0,0.0,1.0,2.0,0.0,0.19,0.04,0.23,0.19,0.23,25.9,5.0,65.0,22.0,33.8,2.51,0.85,0.08,0.23,0.0,1.0,71.0,76.1,29,76.0,5,4,29.0,0,1.12,33.0,44.0,-11.0,-0.43,-0.06,0.0,25.0,32.0,28.0,21.0,6.0,4.0,,,0.0,,,,,,,,,,,,,,,,True,alta,2,Interior ofensivo,2.8760862931728783
GER-Bundesliga,2526,Hamburger SV,Rayan Philippe,FRA,"FW,MF",24.0,2000.0,28.0,13.0,1285.0,14.3,5.0,0.0,5.0,5.0,0.0,1.0,2.0,0.0,0.35,0.0,0.35,0.35,0.35,14.3,5.0,39.0,16.0,41.0,2.73,1.12,0.13,0.31,0.0,1.0,46.0,42.0,13,73.0,1,15,22.0,4,1.0,15.0,17.0,-2.0,-0.14,0.47,0.0,24.0,9.0,2.0,31.0,3.0,13.0,,,0.0,,,,,,,,,,,,,,,,True,alta,2,Interior ofensivo,3.17302983252086
GER-Bundesliga,2526,Hamburger SV,William Mikelbrencis,FRA,"MF,DF",21.0,2004.0,26.0,15.0,1372.0,15.2,0.0,4.0,4.0,0.0,0.0,0.0,3.0,0.0,0.0,0.26,0.26,0.0,0.26,15.2,0.0,12.0,6.0,50.0,0.79,0.39,0.0,0.0,0.0,0.0,53.0,44.8,15,81.0,5,11,15.0,6,1.04,17.0,34.0,-17.0,-1.12,-1.28,0.0,18.0,5.0,5.0,54.0,6.0,22.0,,,0.0,,,,,,,,,,,,,,,,True,alta,1,Carrilero,3.0285933138937
GER-Bundesliga,2526,Heidenheim,Adrian Beck,GER,MF,28.0,1997.0,24.0,9.0,868.0,9.6,1.0,1.0,2.0,1.0,0.0,0.0,1.0,0.0,0.1,0.1,0.21,0.1,0.21,9.6,1.0,11.0,4.0,36.4,1.14,0.41,0.09,0.25,0.0,0.0,36.0,28.4,9,66.0,1,15,18.0,7,0.71,7.0,21.0,-14.0,-1.45,-0.75,0.0,13.0,14.0,1.0,15.0,3.0,17.0,,,0.0,,,,,,,,,,,,,,,,False,baja,0,Interior de conducción,2.328737815085051
GER-Bundesliga,2526,Heidenheim,Arijon Ibrahimović,GER,"MF,FW",19.0,2005.0,32.0,25.0,2169.0,24.1,2.0,4.0,6.0,1.0,1.0,1.0,2.0,0.0,0.08,0.17,0.25,0.04,0.21,24.1,2.0,47.0,19.0,40.4,1.95,0.79,0.04,0.11,1.0,1.0,68.0,70.9,25,78.0,10,7,30.0,0,0.78,29.0,49.0,-20.0,-0.83,0.28,0.0,13.0,27.0,5.0,127.0,23.0,18.0,,,0.0,,,,,,,,,,,,,,,,True,alta,1,Carrilero,2.4157413513470565
GER-Bundesliga,2526,Heidenheim,Eren Dinkçi,GER,"MF,FW",23.0,2001.0,14.0,13.0,1131.0,12.6,3.0,1.0,4.0,3.0,0.0,0.0,3.0,0.0,0.24,0.08,0.32,0.24,0.32,12.6,3.0,25.0,9.0,36.0,1.99,0.72,0.12,0.33,0.0,0.0,81.0,37.0,13,85.0,7,1,28.0,0,0.93,22.0,24.0,-2.0,-0.16,1.19,0.0,9.0,4.0,0.0,22.0,5.0,13.0,,,0.0,,,,,,,,,,,,,,,,True,alta,1,Carrilero,3.0775568300868996
GER-Bundesliga,2526,Heidenheim,Hannes Behrens,GER,"DF,MF",20.0,2005.0,16.0,15.0,1318.0,14.6,1.0,2.0,3.0,1.0,0.0,0.0,0.0,0.0,0.07,0.14,0.2,0.07,0.2,14.6,1.0,9.0,4.0,44.4,0.61,0.27,0.11,0.25,0.0,0.0,82.0,43.1,15,87.0,13,1,14.0,0,0.81,23.0,29.0,-6.0,-0.41,0.88,0.0,5.0,27.0,1.0,59.0,18.0,18.0,,,1.0,,,,,,,,,,,,,,,,True,alta,1,Carrilero,2.9340843988194822
GER-Bundesliga,2526,Heidenheim,Jan Schöppner,GER,MF,26.0,1999.0,31.0,29.0,2252.0,25.0,3.0,3.0,6.0,3.0,0.0,0.0,5.0,0.0,0.12,0.12,0.24,0.12,0.24,25.0,3.0,25.0,7.0,28.0,1.0,0.28,0.12,0.43,0.0,0.0,73.0,73.6,29,76.0,15,2,28.0,2,0.81,26.0,51.0,-25.0,-1.0,-0.33,0.0,21.0,17.0,3.0,14.0,32.0,17.0,,,0.0,,,,,,,,,,,,,,,,True,alta,1,Carrilero,2.2925017929142153
GER-Bundesliga,2526,Heidenheim,Jonas Föhrenbach,GER,"DF,MF",29.0,1996.0,27.0,25.0,2325.0,25.8,1.0,1.0,2.0,1.0,0.0,0.0,3.0,0.0,0.04,0.04,0.08,0.04,0.08,25.8,1.0,6.0,1.0,16.7,0.23,0.04,0.17,1.0,0.0,0.0,86.0,76.0,25,88.0,22,2,65.0,4,0.93,34.0,51.0,-17.0,-0.66,1.06,0.0,16.0,18.0,1.0,78.0,33.0,27.0,,,0.0,,,,,,,,,,,,,,,,True,alta,1,Carrilero,2.148415974360596
GER-Bundesliga,2526,Heidenheim,Julian Niehues,GER,MF,24.0,2001.0,24.0,17.0,1383.0,15.4,3.0,0.0,3.0,3.0,0.0,0.0,1.0,0.0,0.2,0.0,0.2,0.2,0.2,15.4,3.0,18.0,5.0,27.8,1.17,0.33,0.17,0.6,0.0,0.0,58.0,45.2,17,71.0,4,7,25.0,10,0.88,24.0,30.0,-6.0,-0.39,0.95,0.0,10.0,9.0,2.0,3.0,23.0,10.0,,,0.0,,,,,,,,,,,,,,,,True,alta,1,Carrilero,3.5125978374300035
GER-Bundesliga,2526,Heidenheim,Luca Kerber,GER,MF,23.0,2002.0,18.0,8.0,682.0,7.6,2.0,0.0,2.0,2.0,0.0,0.0,3.0,0.0,0.26,0.0,0.26,0.26,0.26,7.6,2.0,9.0,3.0,33.3,1.19,0.4,0.22,0.67,0.0,0.0,38.0,22.3,8,71.0,2,10,12.0,14,1.0,5.0,18.0,-13.0,-1.72,-1.03,0.0,12.0,6.0,1.0,4.0,3.0,11.0,,,0.0,,,,,,,,,,,,,,,,False,baja,0,Interior de conducción,3.0463038380667893
GER-Bundesliga,2526,Heidenheim,Marnon Busch,GER,"DF,MF",30.0,1994.0,29.0,20.0,1915.0,21.3,1.0,5.0,6.0,1.0,0.0,0.0,4.0,0.0,0.05,0.23,0.28,0.05,0.28,21.3,1.0,12.0,3.0,25.0,0.56,0.14,0.08,0.33,0.0,0.0,66.0,62.6,20,85.0,13,9,25.0,2,0.76,26.0,43.0,-17.0,-0.8,0.3,0.0,18.0,8.0,1.0,61.0,34.0,24.0,,,0.0,,,,,,,,,,,,,,,,True,alta,1,Carrilero,2.3311570921271345
GER-Bundesliga,2526,Heidenheim,Marvin Pieringer,GER,"FW,MF",25.0,1999.0,27.0,20.0,1650.0,18.3,4.0,1.0,5.0,3.0,1.0,1.0,2.0,0.0,0.22,0.05,0.27,0.16,0.22,18.3,4.0,32.0,8.0,25.0,1.75,0.44,0.13,0.5,1.0,1.0,61.0,53.9,20,75.0,5,7,21.0,0,0.85,28.0,38.0,-10.0,-0.55,0.79,0.0,37.0,27.0,11.0,20.0,11.0,14.0,,,0.0,,,,,,,,,,,,,,,,True,alta,0,Interior de conducción,2.5817079388630946
GER-Bundesliga,2526,Heidenheim,Mathias Honsak,AUT,"MF,FW",28.0,1996.0,27.0,15.0,1249.0,13.9,2.0,1.0,3.0,2.0,0.0,0.0,1.0,0.0,0.14,0.07,0.22,0.14,0.22,13.9,2.0,31.0,8.0,25.8,2.23,0.58,0.06,0.25,0.0,0.0,46.0,40.8,15,67.0,1,12,20.0,2,0.63,11.0,30.0,-19.0,-1.37,-0.77,0.0,11.0,15.0,9.0,25.0,17.0,12.0,,,0.0,,,,,,,,,,,,,,,,True,alta,2,Interior ofensivo,2.6507437470119544
GER-Bundesliga,2526,Heidenheim,Niklas Dorsch,GER,MF,27.0,1998.0,32.0,27.0,2258.0,25.1,0.0,1.0,1.0,0.0,0.0,0.0,2.0,0.0,0.0,0.04,0.04,0.0,0.04,25.1,0.0,14.0,3.0,21.4,0.56,0.12,0.0,0.0,0.0,0.0,71.0,73.8,27,79.0,10,5,24.0,1,0.81,28.0,51.0,-23.0,-0.92,-0.02,0.0,30.0,27.0,1.0,33.0,19.0,31.0,,,0.0,,,,,,,,,,,,,,,,True,alta,3,Pivote destructor,1.8847177818978824
GER-Bundesliga,2526,Heidenheim,Omar Traoré,GER,"DF,MF",27.0,1998.0,26.0,16.0,1501.0,16.7,0.0,2.0,2.0,0.0,0.0,0.0,2.0,0.0,0.0,0.12,0.12,0.0,0.12,16.7,0.0,10.0,2.0,20.0,0.6,0.12,0.0,0.0,0.0,0.0,58.0,49.1,16,78.0,8,10,26.0,7,0.65,21.0,41.0,-20.0,-1.2,-0.56,0.0,22.0,19.0,2.0,37.0,17.0,11.0,,,0.0,,,,,,,,,,,,,,,,True,alta,1,Carrilero,1.9840345186976756
GER-Bundesliga,2526,Heidenheim,Sirlord Conteh,GER,"MF,FW",29.0,1996.0,15.0,3.0,625.0,6.9,2.0,1.0,3.0,2.0,0.0,0.0,1.0,0.0,0.29,0.14,0.43,0.29,0.43,6.9,2.0,10.0,3.0,30.0,1.44,0.43,0.2,0.67,0.0,0.0,42.0,20.4,3,80.0,1,12,32.0,1,0.4,11.0,16.0,-5.0,-0.72,0.24,0.0,7.0,10.0,8.0,17.0,4.0,7.0,,,0.0,,,,,,,,,,,,,,,,False,baja,2,Interior ofensivo,1.9948230638432993
GER-Bundesliga,2526,Hoffenheim,Alexander Prass,AUT,MF,24.0,2001.0,32.0,12.0,1308.0,14.5,3.0,2.0,5.0,3.0,0.0,0.0,4.0,0.0,0.21,0.14,0.34,0.21,0.34,14.5,3.0,18.0,11.0,61.1,1.24,0.76,0.17,0.27,0.0,0.0,41.0,42.7,12,80.0,4,20,18.0,2,1.88,25.0,25.0,0.0,0.0,-0.67,0.0,26.0,21.0,2.0,47.0,6.0,22.0,,,0.0,,,,,,,,,,,,,,,,True,alta,0,Interior de conducción,1.6207653426161668
GER-Bundesliga,2526,Hoffenheim,Andrej Kramarić,CRO,"MF,FW",34.0,1991.0,34.0,26.0,2207.0,24.5,14.0,6.0,20.0,9.0,5.0,5.0,2.0,0.0,0.57,0.24,0.82,0.37,0.61,24.5,14.0,64.0,33.0,51.6,2.61,1.35,0.22,0.42,5.0,5.0,65.0,72.1,26,75.0,4,8,32.0,0,1.79,53.0,33.0,20.0,0.82,1.55,0.0,5.0,14.0,5.0,82.0,7.0,5.0,,,0.0,,,,,,,,,,,,,,,,True,alta,2,Interior ofensivo,3.093382954867235
GER-Bundesliga,2526,Hoffenheim,Bazoumana Touré,CIV,"MF,FW",19.0,2006.0,30.0,29.0,2308.0,25.6,5.0,9.0,14.0,5.0,0.0,0.0,2.0,0.0,0.19,0.35,0.55,0.19,0.55,25.6,5.0,48.0,13.0,27.1,1.87,0.51,0.1,0.38,0.0,0.0,77.0,75.4,29,79.0,10,1,27.0,3,1.7,49.0,44.0,5.0,0.19,-0.76,0.0,44.0,29.0,8.0,118.0,6.0,22.0,,,0.0,,,,,,,,,,,,,,,,True,alta,2,Interior ofensivo,2.4438704719482516
GER-Bundesliga,2526,Hoffenheim,Fisnik Asllani,KVX,"FW,MF",22.0,2002.0,33.0,31.0,2335.0,25.9,10.0,7.0,17.0,10.0,0.0,0.0,2.0,0.0,0.39,0.27,0.66,0.39,0.66,25.9,10.0,73.0,28.0,38.4,2.81,1.08,0.14,0.36,0.0,0.0,71.0,76.3,31,74.0,4,2,24.0,1,1.76,50.0,41.0,9.0,0.35,-0.15,0.0,26.0,37.0,14.0,10.0,5.0,7.0,,,0.0,,,,,,,,,,,,,,,,True,alta,2,Interior ofensivo,2.678217705201722
GER-Bundesliga,2526,Hoffenheim,Grischa Prömel,GER,MF,30.0,1995.0,33.0,16.0,1758.0,19.5,7.0,2.0,9.0,7.0,0.0,0.0,5.0,0.0,0.36,0.1,0.46,0.36,0.46,19.5,7.0,43.0,14.0,32.6,2.2,0.72,0.16,0.5,0.0,0.0,53.0,57.5,16,86.0,11,17,22.0,0,1.82,36.0,33.0,3.0,0.15,-0.54,0.0,23.0,28.0,1.0,11.0,15.0,16.0,,,0.0,,,,,,,,,,,,,,,,True,alta,0,Interior de conducción,2.2376627763167014
GER-Bundesliga,2526,Hoffenheim,Leon Avdullahu,KVX,MF,21.0,2004.0,33.0,32.0,2834.0,31.5,0.0,1.0,1.0,0.0,0.0,0.0,5.0,0.0,0.0,0.03,0.03,0.0,0.03,31.5,0.0,14.0,2.0,14.3,0.44,0.06,0.0,0.0,0.0,0.0,86.0,92.6,32,88.0,27,1,30.0,0,1.85,63.0,44.0,19.0,0.6,2.99,0.0,27.0,12.0,1.0,15.0,33.0,30.0,,,0.0,,,,,,,,,,,,,,,,True,alta,3,Pivote destructor,2.2742834302421917
GER-Bundesliga,2526,Hoffenheim,Vladimír Coufal,CZE,"DF,MF",32.0,1992.0,34.0,34.0,3012.0,33.5,1.0,8.0,9.0,1.0,0.0,0.0,4.0,0.0,0.03,0.24,0.27,0.03,0.27,33.5,1.0,26.0,6.0,23.1,0.78,0.18,0.04,0.17,0.0,0.0,89.0,98.4,34,89.0,28,0,,0,1.79,64.0,50.0,14.0,0.42,2.29,0.0,32.0,42.0,1.0,209.0,39.0,35.0,,,0.0,,,,,,,,,,,,,,,,True,alta,1,Carrilero,2.199979001942943
GER-Bundesliga,2526,Hoffenheim,Wouter Burger,NED,MF,24.0,2001.0,30.0,30.0,2430.0,27.0,4.0,5.0,9.0,4.0,0.0,0.0,7.0,1.0,0.15,0.19,0.33,0.15,0.33,27.0,4.0,36.0,13.0,36.1,1.33,0.48,0.11,0.31,0.0,0.0,81.0,79.4,30,81.0,18,0,,0,1.9,52.0,35.0,17.0,0.63,1.2,0.0,57.0,12.0,1.0,89.0,19.0,42.0,,,0.0,,,,,,,,,,,,,,,,True,alta,0,Interior de conducción,2.9271132926569403
GER-Bundesliga,2526,Köln,Alessio Castro-Montes,BEL,"MF,DF",28.0,1997.0,14.0,7.0,672.0,7.5,1.0,3.0,4.0,1.0,0.0,0.0,2.0,0.0,0.13,0.4,0.54,0.13,0.54,7.5,1.0,8.0,1.0,12.5,1.07,0.13,0.13,1.0,0.0,0.0,48.0,22.0,7,74.0,2,7,22.0,9,1.0,15.0,15.0,0.0,0.0,0.53,0.0,13.0,10.0,2.0,57.0,5.0,17.0,,,0.0,,,,,,,,,,,,,,,,False,baja,0,Interior de conducción,3.6019109119004145
GER-Bundesliga,2526,Köln,Denis Huseinbasic,BIH,MF,24.0,2001.0,15.0,9.0,726.0,8.1,0.0,0.0,0.0,0.0,0.0,0.0,1.0,0.0,0.0,0.0,0.0,0.0,0.0,8.1,0.0,6.0,0.0,0.0,0.74,0.0,0.0,,0.0,0.0,48.0,23.7,9,68.0,2,6,19.0,11,0.87,12.0,14.0,-2.0,-0.25,0.21,0.0,8.0,8.0,0.0,1.0,5.0,9.0,,,0.0,,,,,,,,,,,,,,,,False,baja,3,Pivote destructor,2.2630066311127055
GER-Bundesliga,2526,Köln,Eric Martel,GER,"MF,DF",23.0,2002.0,31.0,30.0,2559.0,28.4,2.0,2.0,4.0,2.0,0.0,0.0,12.0,1.0,0.07,0.07,0.14,0.07,0.14,28.4,2.0,23.0,4.0,17.4,0.81,0.14,0.09,0.5,0.0,0.0,83.0,83.6,30,85.0,22,1,14.0,0,1.0,41.0,50.0,-9.0,-0.32,0.58,1.0,42.0,51.0,0.0,11.0,35.0,32.0,,,0.0,,,,,,,,,,,,,,,,True,alta,3,Pivote destructor,1.9983700329842946
GER-Bundesliga,2526,Köln,Jakub Kamiński,POL,"MF,FW",23.0,2002.0,34.0,34.0,3016.0,33.5,7.0,3.0,10.0,7.0,0.0,0.0,4.0,0.0,0.21,0.09,0.3,0.21,0.3,33.5,7.0,62.0,25.0,40.3,1.85,0.75,0.11,0.28,0.0,0.0,89.0,98.6,34,89.0,28,0,,0,0.94,49.0,60.0,-11.0,-0.33,5.81,0.0,14.0,28.0,7.0,115.0,25.0,27.0,,,0.0,,,,,,,,,,,,,,,,True,alta,2,Interior ofensivo,2.0803566951004258
GER-Bundesliga,2526,Köln,Jan Thielmann,GER,"MF,FW",23.0,2002.0,26.0,20.0,1540.0,17.1,3.0,1.0,4.0,3.0,0.0,0.0,4.0,0.0,0.18,0.06,0.23,0.18,0.23,17.1,3.0,27.0,10.0,37.0,1.58,0.58,0.11,0.3,0.0,0.0,59.0,50.3,20,72.0,4,6,18.0,1,1.04,22.0,31.0,-9.0,-0.53,-0.23,0.0,11.0,23.0,4.0,36.0,13.0,12.0,,,0.0,,,,,,,,,,,,,,,,True,alta,2,Interior ofensivo,2.133408614850274
GER-Bundesliga,2526,Köln,Kristoffer Lund,USA,"DF,MF",23.0,2002.0,33.0,26.0,2276.0,25.3,0.0,2.0,2.0,0.0,0.0,0.0,2.0,0.0,0.0,0.08,0.08,0.0,0.08,25.3,0.0,20.0,3.0,15.0,0.79,0.12,0.0,0.0,0.0,0.0,69.0,74.4,26,81.0,12,7,24.0,1,0.97,35.0,47.0,-12.0,-0.47,-0.24,0.0,13.0,40.0,3.0,83.0,28.0,26.0,,,0.0,,,,,,,,,,,,,,,,True,alta,1,Carrilero,2.08573969062004
GER-Bundesliga,2526,Köln,Linton Maina,GER,"MF,FW",26.0,1999.0,24.0,9.0,1023.0,11.4,2.0,0.0,2.0,2.0,0.0,0.0,0.0,0.0,0.18,0.0,0.18,0.18,0.18,11.4,2.0,20.0,8.0,40.0,1.76,0.7,0.1,0.25,0.0,0.0,43.0,33.4,9,70.0,0,15,26.0,4,0.92,15.0,24.0,-9.0,-0.79,-0.57,0.0,8.0,6.0,1.0,25.0,4.0,6.0,,,0.0,,,,,,,,,,,,,,,,True,alta,2,Interior ofensivo,3.1249150940953214
GER-Bundesliga,2526,Köln,Luca Waldschmidt,GER,"FW,MF",29.0,1996.0,24.0,7.0,677.0,7.5,5.0,4.0,9.0,3.0,2.0,2.0,1.0,0.0,0.66,0.53,1.2,0.4,0.93,7.5,5.0,26.0,13.0,50.0,3.46,1.73,0.19,0.38,2.0,2.0,28.0,22.1,7,60.0,0,17,15.0,8,0.75,17.0,10.0,7.0,0.93,1.72,0.0,9.0,6.0,2.0,22.0,4.0,3.0,,,0.0,,,,,,,,,,,,,,,,False,baja,2,Interior ofensivo,2.5272726083810864
GER-Bundesliga,2526,Köln,Marius Bülter,GER,"FW,MF",32.0,1993.0,32.0,18.0,1597.0,17.7,5.0,4.0,9.0,5.0,0.0,0.0,3.0,0.0,0.28,0.23,0.51,0.28,0.51,17.7,5.0,42.0,17.0,40.5,2.37,0.96,0.12,0.29,0.0,0.0,50.0,52.2,18,74.0,7,14,19.0,0,0.91,30.0,29.0,1.0,0.06,0.98,0.0,17.0,25.0,6.0,62.0,8.0,5.0,,,0.0,,,,,,,,,,,,,,,,True,alta,2,Interior ofensivo,1.6327504985114905
GER-Bundesliga,2526,Köln,Said El Mala,GER,"FW,MF",18.0,2006.0,34.0,20.0,1956.0,21.7,13.0,4.0,17.0,12.0,1.0,1.0,4.0,0.0,0.6,0.18,0.78,0.55,0.74,21.7,13.0,74.0,30.0,40.5,3.4,1.38,0.18,0.43,1.0,1.0,58.0,63.9,20,79.0,6,14,28.0,0,0.94,32.0,37.0,-5.0,-0.23,0.5,0.0,15.0,23.0,18.0,39.0,8.0,14.0,,,0.0,,,,,,,,,,,,,,,,True,alta,2,Interior ofensivo,2.0777269856836713
GER-Bundesliga,2526,Köln,Sebastian Sebulonsen,NOR,"DF,MF",25.0,2000.0,31.0,28.0,2498.0,27.8,0.0,0.0,0.0,0.0,0.0,0.0,5.0,0.0,0.0,0.0,0.0,0.0,0.0,27.8,0.0,31.0,5.0,16.1,1.12,0.18,0.0,0.0,0.0,0.0,81.0,81.6,28,85.0,20,3,36.0,0,1.0,35.0,52.0,-17.0,-0.61,-1.09,0.0,11.0,9.0,4.0,67.0,17.0,26.0,,,0.0,,,,,,,,,,,,,,,,True,alta,1,Carrilero,2.6506074394862553
GER-Bundesliga,2526,Köln,Tom Krauß,GER,"MF,DF",24.0,2001.0,26.0,19.0,1780.0,19.8,0.0,2.0,2.0,0.0,0.0,0.0,4.0,0.0,0.0,0.1,0.1,0.0,0.1,19.8,0.0,9.0,2.0,22.2,0.46,0.1,0.0,0.0,0.0,0.0,68.0,58.2,19,83.0,8,7,29.0,6,1.08,24.0,32.0,-8.0,-0.4,0.02,0.0,23.0,22.0,0.0,14.0,26.0,43.0,,,0.0,,,,,,,,,,,,,,,,True,alta,3,Pivote destructor,2.1033821275510047
GER-Bundesliga,2526,Köln,Ísak Jóhannesson,ISL,MF,22.0,2003.0,31.0,21.0,1809.0,20.1,1.0,2.0,3.0,1.0,0.0,0.0,6.0,0.0,0.05,0.1,0.15,0.05,0.15,20.1,1.0,14.0,5.0,35.7,0.7,0.25,0.07,0.2,0.0,0.0,58.0,59.1,21,76.0,8,10,22.0,1,0.97,25.0,39.0,-14.0,-0.7,-0.7,0.0,14.0,5.0,2.0,65.0,8.0,15.0,,,0.0,,,,,,,,,,,,,,,,True,alta,1,Carrilero,2.41106208473316
GER-Bundesliga,2526,Leverkusen,Aleix García,ESP,MF,28.0,1997.0,33.0,31.0,2667.0,29.6,3.0,8.0,11.0,3.0,0.0,0.0,6.0,0.0,0.1,0.27,0.37,0.1,0.37,29.6,3.0,30.0,5.0,16.7,1.01,0.17,0.1,0.6,0.0,0.0,81.0,87.2,31,83.0,19,2,43.0,0,1.7,59.0,39.0,20.0,0.67,0.45,0.0,8.0,19.0,2.0,123.0,22.0,20.0,,,0.0,,,,,,,,,,,,,,,,True,alta,1,Carrilero,2.518352675976109
GER-Bundesliga,2526,Leverkusen,Arthur,BRA,MF,22.0,2003.0,20.0,13.0,1136.0,12.6,1.0,3.0,4.0,1.0,0.0,0.0,3.0,0.0,0.08,0.24,0.32,0.08,0.32,12.6,1.0,10.0,2.0,20.0,0.79,0.16,0.1,0.5,0.0,0.0,57.0,37.1,13,73.0,7,7,26.0,3,1.8,25.0,18.0,7.0,0.55,-0.1,0.0,19.0,10.0,3.0,33.0,18.0,12.0,,,0.0,,,,,,,,,,,,,,,,True,alta,1,Carrilero,2.7027309428522717
GER-Bundesliga,2526,Leverkusen,Ernest Poku,NED,MF,21.0,2004.0,29.0,16.0,1482.0,16.5,5.0,5.0,10.0,5.0,0.0,0.0,0.0,0.0,0.3,0.3,0.61,0.3,0.61,16.5,5.0,27.0,9.0,33.3,1.64,0.55,0.19,0.56,0.0,0.0,51.0,48.4,16,73.0,2,13,25.0,4,1.69,33.0,19.0,14.0,0.85,0.45,0.0,4.0,17.0,3.0,13.0,8.0,9.0,,,0.0,,,,,,,,,,,,,,,,True,alta,2,Interior ofensivo,2.9439479409540534
GER-Bundesliga,2526,Leverkusen,Exequiel Palacios,ARG,MF,26.0,1998.0,18.0,12.0,1099.0,12.2,0.0,1.0,1.0,0.0,0.0,0.0,3.0,0.0,0.0,0.08,0.08,0.0,0.08,12.2,0.0,10.0,2.0,20.0,0.82,0.16,0.0,0.0,0.0,0.0,61.0,35.9,12,81.0,8,6,21.0,1,1.89,27.0,17.0,10.0,0.82,0.31,0.0,6.0,18.0,0.0,2.0,10.0,9.0,,,0.0,,,,,,,,,,,,,,,,True,alta,3,Pivote destructor,2.9401520940589694
GER-Bundesliga,2526,Leverkusen,Ezequiél Fernández,ARG,MF,23.0,2002.0,20.0,12.0,984.0,10.9,0.0,1.0,1.0,0.0,0.0,0.0,4.0,1.0,0.0,0.09,0.09,0.0,0.09,10.9,0.0,11.0,1.0,9.1,1.01,0.09,0.0,0.0,0.0,0.0,49.0,32.2,12,67.0,2,8,22.0,5,2.05,21.0,20.0,1.0,0.09,-0.78,1.0,14.0,24.0,1.0,4.0,14.0,17.0,,,0.0,,,,,,,,,,,,,,,,True,alta,3,Pivote destructor,2.3624404465533475
GER-Bundesliga,2526,Leverkusen,Ibrahim Maza,ALG,MF,19.0,2005.0,28.0,20.0,1849.0,20.5,3.0,4.0,7.0,3.0,0.0,0.0,2.0,0.0,0.15,0.19,0.34,0.15,0.34,20.5,3.0,54.0,17.0,31.5,2.63,0.83,0.06,0.18,0.0,0.0,66.0,60.4,20,79.0,9,8,33.0,2,1.64,42.0,27.0,15.0,0.73,0.28,0.0,19.0,36.0,3.0,64.0,16.0,24.0,,,0.0,,,,,,,,,,,,,,,,True,alta,2,Interior ofensivo,2.0852678972377694
GER-Bundesliga,2526,Leverkusen,Jonas Hofmann,GER,MF,33.0,1992.0,23.0,11.0,1013.0,11.3,2.0,2.0,4.0,2.0,0.0,0.0,3.0,0.0,0.18,0.18,0.36,0.18,0.36,11.3,2.0,23.0,7.0,30.4,2.04,0.62,0.09,0.29,0.0,0.0,44.0,33.1,11,72.0,3,12,19.0,8,1.65,21.0,10.0,11.0,0.98,0.54,0.0,4.0,9.0,2.0,37.0,2.0,10.0,,,0.0,,,,,,,,,,,,,,,,True,alta,2,Interior ofensivo,2.5769417132549237
GER-Bundesliga,2526,Leverkusen,Lucas Vázquez,ESP,MF,34.0,1991.0,12.0,6.0,481.0,5.3,1.0,2.0,3.0,1.0,0.0,0.0,2.0,0.0,0.19,0.37,0.56,0.19,0.56,5.3,1.0,4.0,1.0,25.0,0.75,0.19,0.25,1.0,0.0,0.0,40.0,15.7,6,63.0,1,6,18.0,4,1.92,11.0,2.0,9.0,1.68,1.27,0.0,6.0,8.0,1.0,20.0,2.0,4.0,,,0.0,,,,,,,,,,,,,,,,False,baja,0,Interior de conducción,2.7687339288024893
GER-Bundesliga,2526,Leverkusen,Malik Tillman,USA,MF,23.0,2002.0,29.0,18.0,1674.0,18.6,6.0,1.0,7.0,6.0,0.0,0.0,2.0,0.0,0.32,0.05,0.38,0.32,0.38,18.6,6.0,34.0,13.0,38.2,1.83,0.7,0.18,0.46,0.0,0.0,58.0,54.7,18,79.0,7,11,22.0,0,1.79,31.0,25.0,6.0,0.32,-0.65,0.0,19.0,29.0,1.0,18.0,19.0,30.0,,,0.0,,,,,,,,,,,,,,,,True,alta,0,Interior de conducción,2.8056462835868454
GER-Bundesliga,2526,Leverkusen,Martin Terrier,FRA,"MF,FW",28.0,1997.0,18.0,7.0,675.0,7.5,4.0,1.0,5.0,4.0,0.0,0.0,1.0,0.0,0.53,0.13,0.67,0.53,0.67,7.5,4.0,17.0,6.0,35.3,2.27,0.8,0.24,0.67,0.0,0.0,38.0,22.1,7,63.0,0,11,22.0,3,1.61,15.0,12.0,3.0,0.4,-0.28,0.0,1.0,13.0,1.0,5.0,1.0,4.0,,,0.0,,,,,,,,,,,,,,,,False,baja,2,Interior ofensivo,3.213839207658761
GER-Bundesliga,2526,Leverkusen,Montrell Culbreath,GER,"MF,DF",17.0,2007.0,12.0,9.0,736.0,8.2,1.0,0.0,1.0,1.0,0.0,0.0,0.0,0.0,0.12,0.0,0.12,0.12,0.12,8.2,1.0,8.0,2.0,25.0,0.98,0.24,0.13,0.5,0.0,0.0,61.0,24.1,9,76.0,2,3,19.0,4,1.83,19.0,13.0,6.0,0.73,0.15,0.0,5.0,11.0,0.0,24.0,8.0,16.0,,,0.0,,,,,,,,,,,,,,,,False,baja,1,Carrilero,3.336176150076736
GER-Bundesliga,2526,Leverkusen,Nathan Tella,NGA,MF,26.0,1999.0,17.0,10.0,868.0,9.6,1.0,4.0,5.0,1.0,0.0,0.0,2.0,0.0,0.1,0.41,0.52,0.1,0.52,9.6,1.0,24.0,8.0,33.3,2.49,0.83,0.04,0.13,0.0,0.0,51.0,28.4,10,75.0,0,7,17.0,0,1.59,23.0,17.0,6.0,0.62,0.01,0.0,15.0,19.0,5.0,31.0,4.0,6.0,,,0.0,,,,,,,,,,,,,,,,False,baja,2,Interior ofensivo,2.725045892692562
GER-Bundesliga,2526,Leverkusen,Robert Andrich,GER,"DF,MF",30.0,1994.0,32.0,29.0,2546.0,28.3,2.0,0.0,2.0,2.0,0.0,0.0,6.0,1.0,0.07,0.0,0.07,0.07,0.07,28.3,2.0,12.0,3.0,25.0,0.42,0.11,0.17,0.67,0.0,0.0,80.0,83.2,29,86.0,24,3,16.0,1,1.81,58.0,43.0,15.0,0.53,-0.52,1.0,30.0,22.0,0.0,13.0,33.0,30.0,,,0.0,,,,,,,,,,,,,,,,True,alta,3,Pivote destructor,1.6228913922328576
GER-Bundesliga,2526,Leverkusen,Álex Grimaldo,ESP,MF,29.0,1995.0,29.0,29.0,2521.0,28.0,8.0,7.0,15.0,5.0,3.0,3.0,5.0,0.0,0.29,0.25,0.54,0.18,0.43,28.0,8.0,61.0,21.0,34.4,2.18,0.75,0.13,0.38,3.0,3.0,87.0,82.4,29,87.0,25,0,,1,1.79,60.0,40.0,20.0,0.71,0.55,0.0,11.0,29.0,8.0,174.0,18.0,25.0,,,0.0,,,,,,,,,,,,,,,,True,alta,2,Interior ofensivo,2.4552915583720747
GER-Bundesliga,2526,Mainz 05,Anthony Caci,FRA,MF,28.0,1997.0,10.0,6.0,519.0,5.8,0.0,0.0,0.0,0.0,0.0,0.0,3.0,0.0,0.0,0.0,0.0,0.0,0.0,5.8,0.0,6.0,0.0,0.0,1.04,0.0,0.0,,0.0,0.0,52.0,17.0,6,76.0,1,4,16.0,0,1.1,6.0,7.0,-1.0,-0.17,0.11,0.0,9.0,3.0,1.0,42.0,3.0,10.0,,,0.0,,,,,,,,,,,,,,,,False,baja,3,Pivote destructor,4.066792972827163
GER-Bundesliga,2526,Mainz 05,Arnaud Nordin,FRA,"MF,FW",27.0,1998.0,13.0,5.0,469.0,5.2,0.0,0.0,0.0,0.0,0.0,0.0,0.0,0.0,0.0,0.0,0.0,0.0,0.0,5.2,0.0,13.0,2.0,15.4,2.49,0.38,0.0,0.0,0.0,0.0,36.0,15.3,5,71.0,1,8,15.0,5,0.69,5.0,11.0,-6.0,-1.15,-1.05,0.0,4.0,13.0,1.0,15.0,3.0,6.0,,,0.0,,,,,,,,,,,,,,,,False,baja,1,Carrilero,3.9734455710686905
GER-Bundesliga,2526,Mainz 05,Benedict Hollerbach,GER,"FW,MF",24.0,2001.0,14.0,13.0,872.0,9.7,1.0,3.0,4.0,1.0,0.0,0.0,0.0,0.0,0.1,0.31,0.41,0.1,0.41,9.7,1.0,22.0,6.0,27.3,2.27,0.62,0.05,0.17,0.0,0.0,62.0,28.5,13,66.0,0,1,14.0,0,0.79,12.0,15.0,-3.0,-0.31,-0.06,0.0,18.0,12.0,5.0,20.0,1.0,8.0,,,0.0,,,,,,,,,,,,,,,,False,baja,2,Interior ofensivo,3.0448541628123014
GER-Bundesliga,2526,Mainz 05,Danny da Costa,GER,"DF,MF",32.0,1993.0,34.0,30.0,2695.0,29.9,2.0,3.0,5.0,2.0,0.0,0.0,3.0,0.0,0.07,0.1,0.17,0.07,0.17,29.9,2.0,14.0,5.0,35.7,0.47,0.17,0.14,0.4,0.0,0.0,79.0,88.1,30,86.0,25,4,29.0,0,1.18,34.0,49.0,-15.0,-0.5,-1.98,0.0,22.0,24.0,1.0,48.0,29.0,27.0,,,1.0,,,,,,,,,,,,,,,,True,alta,1,Carrilero,1.3077342155573684
GER-Bundesliga,2526,Mainz 05,Kaishū Sano,JPN,MF,24.0,2000.0,34.0,34.0,3059.0,34.0,1.0,2.0,3.0,1.0,0.0,0.0,1.0,0.0,0.03,0.06,0.09,0.03,0.09,34.0,1.0,24.0,6.0,25.0,0.71,0.18,0.04,0.17,0.0,0.0,90.0,100.0,34,90.0,33,0,,0,1.18,44.0,53.0,-9.0,-0.26,-0.26,0.0,14.0,29.0,4.0,18.0,67.0,31.0,,,0.0,,,,,,,,,,,,,,,,True,alta,1,Carrilero,3.191589807721481
GER-Bundesliga,2526,Mainz 05,Lee Jae-sung,KOR,"MF,FW",32.0,1992.0,28.0,26.0,2185.0,24.3,4.0,2.0,6.0,4.0,0.0,0.0,4.0,0.0,0.16,0.08,0.25,0.16,0.25,24.3,4.0,30.0,9.0,30.0,1.24,0.37,0.13,0.44,0.0,0.0,78.0,71.4,26,82.0,8,2,22.0,0,1.18,26.0,39.0,-13.0,-0.54,-0.95,0.0,19.0,22.0,9.0,31.0,25.0,21.0,,,0.0,,,,,,,,,,,,,,,,True,alta,1,Carrilero,2.3141740976381255
GER-Bundesliga,2526,Mainz 05,Lennard Maloney,USA,"DF,MF",25.0,1999.0,21.0,4.0,485.0,5.4,0.0,0.0,0.0,0.0,0.0,0.0,1.0,0.0,0.0,0.0,0.0,0.0,0.0,5.4,0.0,5.0,1.0,20.0,0.93,0.19,0.0,0.0,0.0,0.0,23.0,15.8,4,78.0,2,17,10.0,11,1.52,3.0,12.0,-9.0,-1.67,-1.67,0.0,13.0,3.0,1.0,2.0,8.0,8.0,,,0.0,,,,,,,,,,,,,,,,False,baja,3,Pivote destructor,2.7607312336472356
GER-Bundesliga,2526,Mainz 05,Nadiem Amiri,GER,MF,28.0,1996.0,26.0,24.0,2083.0,23.1,12.0,2.0,14.0,4.0,8.0,8.0,6.0,0.0,0.52,0.09,0.6,0.17,0.26,23.1,12.0,54.0,22.0,40.7,2.33,0.95,0.22,0.55,8.0,8.0,80.0,68.1,24,85.0,13,2,28.0,0,1.08,32.0,33.0,-1.0,-0.04,0.69,0.0,20.0,26.0,3.0,136.0,19.0,18.0,,,0.0,,,,,,,,,,,,,,,,True,alta,0,Interior de conducción,2.360349734542106
GER-Bundesliga,2526,Mainz 05,Nikolas Veratschnig,AUT,"MF,DF",22.0,2003.0,21.0,6.0,660.0,7.3,0.0,1.0,1.0,0.0,0.0,0.0,3.0,0.0,0.0,0.14,0.14,0.0,0.14,7.3,0.0,4.0,1.0,25.0,0.55,0.14,0.0,0.0,0.0,0.0,31.0,21.6,6,67.0,2,15,17.0,8,1.1,9.0,13.0,-4.0,-0.55,-0.36,0.0,12.0,10.0,1.0,21.0,10.0,13.0,,,0.0,,,,,,,,,,,,,,,,False,baja,3,Pivote destructor,2.781934339607992
GER-Bundesliga,2526,Mainz 05,Paul Nebel,GER,MF,22.0,2002.0,30.0,24.0,2073.0,23.0,5.0,2.0,7.0,5.0,0.0,0.0,2.0,2.0,0.22,0.09,0.3,0.22,0.3,23.0,5.0,32.0,8.0,25.0,1.39,0.35,0.16,0.63,0.0,0.0,69.0,67.7,24,82.0,13,6,17.0,0,1.27,27.0,37.0,-10.0,-0.43,-0.53,0.0,29.0,20.0,3.0,129.0,12.0,30.0,,,0.0,,,,,,,,,,,,,,,,True,alta,1,Carrilero,2.472234889844519
GER-Bundesliga,2526,Mainz 05,Phillipp Mwene,AUT,MF,31.0,1994.0,29.0,24.0,2069.0,23.0,1.0,2.0,3.0,1.0,0.0,0.0,4.0,0.0,0.04,0.09,0.13,0.04,0.13,23.0,1.0,10.0,2.0,20.0,0.43,0.09,0.1,0.5,0.0,0.0,71.0,67.6,24,82.0,14,5,20.0,0,1.17,31.0,36.0,-5.0,-0.22,0.15,0.0,22.0,32.0,3.0,75.0,14.0,20.0,,,0.0,,,,,,,,,,,,,,,,True,alta,1,Carrilero,1.7314637397992347
GER-Bundesliga,2526,Mainz 05,Silvan Widmer,SUI,MF,32.0,1993.0,27.0,22.0,1810.0,20.1,2.0,1.0,3.0,2.0,0.0,0.0,5.0,0.0,0.1,0.05,0.15,0.1,0.15,20.1,2.0,20.0,4.0,20.0,0.99,0.2,0.1,0.5,0.0,0.0,67.0,59.2,22,78.0,6,5,19.0,5,1.37,29.0,26.0,3.0,0.15,1.01,0.0,15.0,11.0,4.0,37.0,18.0,27.0,,,0.0,,,,,,,,,,,,,,,,True,alta,1,Carrilero,2.0042825367556656
GER-Bundesliga,2526,RB Leipzig,Antonio Nusa,NOR,"FW,MF",20.0,2005.0,31.0,24.0,2027.0,22.5,4.0,3.0,7.0,4.0,0.0,0.0,0.0,0.0,0.18,0.13,0.31,0.18,0.31,22.5,4.0,61.0,20.0,32.8,2.71,0.89,0.07,0.2,0.0,0.0,65.0,66.2,24,77.0,4,7,26.0,0,2.0,42.0,29.0,13.0,0.58,0.05,0.0,9.0,64.0,1.0,68.0,7.0,14.0,,,0.0,,,,,,,,,,,,,,,,True,alta,2,Interior ofensivo,3.1116441260656855
GER-Bundesliga,2526,RB Leipzig,Assan Ouédraogo,GER,MF,19.0,2006.0,19.0,13.0,948.0,10.5,4.0,3.0,7.0,4.0,0.0,0.0,0.0,0.0,0.38,0.28,0.66,0.38,0.66,10.5,4.0,27.0,13.0,48.1,2.56,1.23,0.15,0.31,0.0,0.0,50.0,31.0,13,68.0,1,6,11.0,0,2.26,29.0,14.0,15.0,1.42,1.25,0.0,4.0,22.0,1.0,4.0,3.0,6.0,,,0.0,,,,,,,,,,,,,,,,True,alta,2,Interior ofensivo,3.203167008022691
GER-Bundesliga,2526,RB Leipzig,Brajan Gruda,GER,"MF,FW",21.0,2004.0,13.0,8.0,753.0,8.4,3.0,3.0,6.0,3.0,0.0,0.0,1.0,0.0,0.36,0.36,0.72,0.36,0.72,8.4,3.0,22.0,10.0,45.5,2.63,1.2,0.14,0.3,0.0,0.0,58.0,24.6,8,77.0,2,5,28.0,0,2.0,20.0,12.0,8.0,0.96,0.53,0.0,10.0,12.0,1.0,25.0,0.0,8.0,,,0.0,,,,,,,,,,,,,,,,False,baja,2,Interior ofensivo,2.5745870708679
GER-Bundesliga,2526,RB Leipzig,Christoph Baumgartner,AUT,MF,25.0,1999.0,33.0,32.0,2780.0,30.9,13.0,8.0,21.0,13.0,0.0,1.0,10.0,0.0,0.42,0.26,0.68,0.42,0.68,30.9,13.0,81.0,35.0,43.2,2.62,1.13,0.16,0.37,0.0,1.0,84.0,90.8,32,86.0,18,1,22.0,0,1.97,63.0,37.0,26.0,0.84,3.09,0.0,63.0,33.0,4.0,6.0,22.0,40.0,,,0.0,,,,,,,,,,,,,,,,True,alta,0,Interior de conducción,3.1248635066223707
GER-Bundesliga,2526,RB Leipzig,Ezechiel Banzuzi,NED,MF,20.0,2005.0,24.0,2.0,597.0,6.6,0.0,1.0,1.0,0.0,0.0,0.0,3.0,0.0,0.0,0.15,0.15,0.0,0.15,6.6,0.0,15.0,4.0,26.7,2.26,0.6,0.0,0.0,0.0,0.0,25.0,19.5,2,65.0,0,22,21.0,4,2.04,6.0,10.0,-4.0,-0.6,-1.44,0.0,14.0,7.0,0.0,5.0,6.0,10.0,,,0.0,,,,,,,,,,,,,,,,False,baja,3,Pivote destructor,3.149647391567818
GER-Bundesliga,2526,RB Leipzig,Johan Bakayoko,BEL,"FW,MF",22.0,2003.0,20.0,8.0,777.0,8.6,2.0,0.0,2.0,2.0,0.0,0.0,1.0,0.0,0.23,0.0,0.23,0.23,0.23,8.6,2.0,24.0,9.0,37.5,2.78,1.04,0.08,0.22,0.0,0.0,39.0,25.4,8,72.0,0,12,17.0,9,1.8,15.0,9.0,6.0,0.69,0.18,0.0,12.0,11.0,3.0,15.0,2.0,3.0,,,0.0,,,,,,,,,,,,,,,,False,baja,2,Interior ofensivo,2.670915214871937
GER-Bundesliga,2526,RB Leipzig,Nicolas Seiwald,AUT,MF,24.0,2001.0,33.0,31.0,2694.0,29.9,0.0,2.0,2.0,0.0,0.0,0.0,2.0,0.0,0.0,0.07,0.07,0.0,0.07,29.9,0.0,20.0,7.0,35.0,0.67,0.23,0.0,0.0,0.0,0.0,82.0,88.0,31,85.0,19,2,23.0,0,1.88,57.0,37.0,20.0,0.67,0.91,0.0,18.0,6.0,0.0,6.0,60.0,47.0,,,0.0,,,,,,,,,,,,,,,,True,alta,3,Pivote destructor,3.6645774330556558
GER-Bundesliga,2526,RB Leipzig,Xaver Schlager,AUT,MF,27.0,1997.0,26.0,21.0,1837.0,20.4,3.0,1.0,4.0,3.0,0.0,0.0,6.0,0.0,0.15,0.05,0.2,0.15,0.2,20.4,3.0,21.0,7.0,33.3,1.03,0.34,0.14,0.43,0.0,0.0,71.0,60.0,21,83.0,16,5,21.0,1,1.88,40.0,29.0,11.0,0.54,-0.05,0.0,25.0,16.0,2.0,11.0,7.0,25.0,,,0.0,,,,,,,,,,,,,,,,True,alta,0,Interior de conducción,2.4261731561054503
GER-Bundesliga,2526,RB Leipzig,Yan Diomandé,CIV,"FW,MF",18.0,2006.0,33.0,28.0,2472.0,27.5,12.0,8.0,20.0,12.0,0.0,0.0,2.0,0.0,0.44,0.29,0.73,0.44,0.73,27.5,12.0,53.0,26.0,49.1,1.93,0.95,0.23,0.46,0.0,0.0,75.0,80.8,28,84.0,11,5,27.0,0,1.97,55.0,35.0,20.0,0.73,0.88,0.0,19.0,34.0,7.0,45.0,16.0,19.0,,,0.0,,,,,,,,,,,,,,,,True,alta,2,Interior ofensivo,1.6549609317079486
GER-Bundesliga,2526,St Pauli,Arkadiusz Pyrka,POL,MF,22.0,2002.0,31.0,30.0,2576.0,28.6,0.0,1.0,1.0,0.0,0.0,0.0,3.0,0.0,0.0,0.03,0.03,0.0,0.03,28.6,0.0,19.0,3.0,15.8,0.66,0.1,0.0,0.0,0.0,0.0,83.0,84.2,30,86.0,23,1,9.0,2,0.84,24.0,50.0,-26.0,-0.91,0.02,0.0,17.0,32.0,0.0,47.0,23.0,24.0,,,0.0,,,,,,,,,,,,,,,,True,alta,1,Carrilero,2.1416043676280396
GER-Bundesliga,2526,St Pauli,Connor Metcalfe,AUS,"MF,FW",25.0,1999.0,25.0,3.0,592.0,6.6,0.0,2.0,2.0,0.0,0.0,0.0,2.0,0.0,0.0,0.3,0.3,0.0,0.3,6.6,0.0,16.0,4.0,25.0,2.43,0.61,0.0,0.0,0.0,0.0,24.0,19.3,3,86.0,0,22,15.0,1,0.68,7.0,13.0,-6.0,-0.91,0.0,0.0,9.0,2.0,0.0,24.0,6.0,9.0,,,0.0,,,,,,,,,,,,,,,,False,baja,1,Carrilero,3.6233288723287638
GER-Bundesliga,2526,St Pauli,Danel Sinani,LUX,"MF,FW",28.0,1997.0,30.0,23.0,2069.0,23.0,5.0,3.0,8.0,2.0,3.0,3.0,4.0,0.0,0.22,0.13,0.35,0.09,0.22,23.0,5.0,49.0,18.0,36.7,2.13,0.78,0.1,0.28,3.0,3.0,69.0,67.6,23,83.0,15,7,22.0,2,0.77,18.0,43.0,-25.0,-1.09,-0.54,0.0,39.0,27.0,10.0,135.0,5.0,16.0,,,0.0,,,,,,,,,,,,,,,,True,alta,2,Interior ofensivo,2.5428303987392917
GER-Bundesliga,2526,St Pauli,Eric Smith,SWE,"DF,MF",28.0,1997.0,27.0,26.0,2311.0,25.7,2.0,2.0,4.0,2.0,0.0,0.0,4.0,1.0,0.08,0.08,0.16,0.08,0.16,25.7,2.0,12.0,5.0,41.7,0.47,0.19,0.17,0.4,0.0,0.0,86.0,75.5,26,87.0,23,1,45.0,0,0.74,22.0,43.0,-21.0,-0.82,0.38,0.0,15.0,29.0,1.0,64.0,24.0,23.0,,,0.0,,,,,,,,,,,,,,,,True,alta,1,Carrilero,1.4872393242178943
GER-Bundesliga,2526,St Pauli,Jackson Irvine,AUS,MF,32.0,1993.0,24.0,18.0,1624.0,18.0,0.0,1.0,1.0,0.0,0.0,0.0,2.0,1.0,0.0,0.06,0.06,0.0,0.06,18.0,0.0,19.0,4.0,21.1,1.05,0.22,0.0,0.0,0.0,0.0,68.0,53.1,18,85.0,11,6,16.0,2,0.79,16.0,24.0,-8.0,-0.44,1.0,1.0,20.0,12.0,2.0,13.0,28.0,17.0,,,0.0,,,,,,,,,,,,,,,,True,alta,3,Pivote destructor,2.1888286294190333
GER-Bundesliga,2526,St Pauli,James Sands,USA,MF,25.0,2000.0,24.0,23.0,1934.0,21.5,1.0,0.0,1.0,1.0,0.0,0.0,4.0,0.0,0.05,0.0,0.05,0.05,0.05,21.5,1.0,16.0,4.0,25.0,0.74,0.19,0.06,0.25,0.0,0.0,81.0,63.2,23,84.0,15,1,11.0,0,1.0,17.0,34.0,-17.0,-0.79,0.33,0.0,26.0,38.0,0.0,9.0,41.0,23.0,,,0.0,,,,,,,,,,,,,,,,True,alta,3,Pivote destructor,2.1993620934938156
GER-Bundesliga,2526,St Pauli,Joel Fujita,JPN,MF,23.0,2002.0,32.0,31.0,2665.0,29.6,1.0,3.0,4.0,1.0,0.0,0.0,6.0,0.0,0.03,0.1,0.14,0.03,0.14,29.6,1.0,32.0,7.0,21.9,1.08,0.24,0.03,0.14,0.0,0.0,83.0,87.1,31,85.0,23,1,22.0,0,0.69,25.0,53.0,-28.0,-0.95,-0.26,0.0,37.0,19.0,3.0,28.0,34.0,36.0,,,0.0,,,,,,,,,,,,,,,,True,alta,3,Pivote destructor,1.4530849386563203
GER-Bundesliga,2526,St Pauli,Lars Ritzka,GER,"MF,DF",27.0,1998.0,21.0,12.0,966.0,10.7,0.0,0.0,0.0,0.0,0.0,0.0,1.0,0.0,0.0,0.0,0.0,0.0,0.0,10.7,0.0,4.0,1.0,25.0,0.37,0.09,0.0,0.0,0.0,0.0,46.0,31.6,12,66.0,0,9,20.0,13,0.71,6.0,21.0,-15.0,-1.4,-0.71,0.0,10.0,3.0,2.0,18.0,13.0,26.0,,,0.0,,,,,,,,,,,,,,,,True,alta,3,Pivote destructor,3.5587676133074186
GER-Bundesliga,2526,St Pauli,Louis Oppie,GER,MF,23.0,2002.0,23.0,17.0,1620.0,18.0,1.0,0.0,1.0,1.0,0.0,0.0,0.0,0.0,0.06,0.0,0.06,0.06,0.06,18.0,1.0,15.0,4.0,26.7,0.83,0.22,0.07,0.25,0.0,0.0,70.0,52.9,17,87.0,15,6,22.0,11,0.57,14.0,34.0,-20.0,-1.11,-0.42,0.0,15.0,15.0,4.0,58.0,11.0,19.0,,,0.0,,,,,,,,,,,,,,,,True,alta,1,Carrilero,2.4599193182476577
GER-Bundesliga,2526,St Pauli,Manolis Saliakas,GRE,MF,28.0,1996.0,17.0,12.0,1106.0,12.3,1.0,3.0,4.0,1.0,0.0,0.0,3.0,0.0,0.08,0.24,0.33,0.08,0.33,12.3,1.0,16.0,3.0,18.8,1.3,0.24,0.06,0.33,0.0,0.0,65.0,36.1,12,81.0,4,5,27.0,8,1.12,12.0,21.0,-9.0,-0.73,0.28,0.0,4.0,7.0,4.0,44.0,13.0,20.0,,,0.0,,,,,,,,,,,,,,,,True,alta,1,Carrilero,3.069612596652743
GER-Bundesliga,2526,St Pauli,Mathias Pereira Lage,POR,"MF,FW",28.0,1996.0,28.0,25.0,2018.0,22.4,2.0,2.0,4.0,2.0,0.0,0.0,3.0,0.0,0.09,0.09,0.18,0.09,0.18,22.4,2.0,43.0,15.0,34.9,1.92,0.67,0.05,0.13,0.0,0.0,72.0,65.9,25,77.0,6,3,27.0,0,0.82,21.0,37.0,-16.0,-0.71,0.58,0.0,32.0,32.0,15.0,58.0,16.0,23.0,,,0.0,,,,,,,,,,,,,,,,True,alta,0,Interior de conducción,2.0834739387861134
GER-Bundesliga,2526,St Pauli,Mathias Rasmussen,NOR,MF,27.0,1997.0,13.0,8.0,694.0,7.7,0.0,0.0,0.0,0.0,0.0,0.0,0.0,0.0,0.0,0.0,0.0,0.0,0.0,7.7,0.0,6.0,2.0,33.3,0.78,0.26,0.0,0.0,0.0,0.0,53.0,22.7,8,83.0,5,5,6.0,1,0.69,8.0,17.0,-9.0,-1.17,-0.33,0.0,6.0,7.0,1.0,6.0,8.0,6.0,,,0.0,,,,,,,,,,,,,,,,False,baja,1,Carrilero,2.851833393558117
GER-Bundesliga,2526,Stuttgart,Angelo Stiller,GER,MF,24.0,2001.0,34.0,30.0,2743.0,30.5,2.0,5.0,7.0,2.0,0.0,1.0,1.0,0.0,0.07,0.16,0.23,0.07,0.23,30.5,2.0,17.0,8.0,47.1,0.56,0.26,0.12,0.25,0.0,1.0,81.0,89.6,30,88.0,23,4,26.0,0,1.82,65.0,43.0,22.0,0.72,0.72,0.0,18.0,44.0,0.0,105.0,28.0,23.0,,,0.0,,,,,,,,,,,,,,,,True,alta,1,Carrilero,2.2336394722006343
GER-Bundesliga,2526,Stuttgart,Atakan Karazor,TUR,MF,28.0,1996.0,28.0,22.0,1884.0,20.9,0.0,1.0,1.0,0.0,0.0,0.0,5.0,1.0,0.0,0.05,0.05,0.0,0.05,20.9,0.0,7.0,2.0,28.6,0.33,0.1,0.0,0.0,0.0,0.0,67.0,61.6,22,84.0,12,6,7.0,3,1.82,37.0,29.0,8.0,0.38,-0.69,0.0,20.0,34.0,1.0,7.0,15.0,27.0,,,0.0,,,,,,,,,,,,,,,,True,alta,3,Pivote destructor,1.9845324337326553
GER-Bundesliga,2526,Stuttgart,Badredine Bouanani,ALG,MF,20.0,2004.0,14.0,5.0,463.0,5.1,0.0,0.0,0.0,0.0,0.0,0.0,1.0,0.0,0.0,0.0,0.0,0.0,0.0,5.1,0.0,16.0,4.0,25.0,3.11,0.78,0.0,0.0,0.0,0.0,33.0,15.1,5,72.0,1,9,11.0,15,1.79,13.0,5.0,8.0,1.56,1.07,0.0,1.0,6.0,1.0,26.0,4.0,3.0,,,0.0,,,,,,,,,,,,,,,,False,baja,1,Carrilero,4.0211605542270386
GER-Bundesliga,2526,Stuttgart,Bilal El Khannouss,MAR,"MF,FW",21.0,2004.0,25.0,19.0,1630.0,18.1,4.0,5.0,9.0,4.0,0.0,0.0,6.0,0.0,0.22,0.28,0.5,0.22,0.5,18.1,4.0,42.0,15.0,35.7,2.32,0.83,0.1,0.27,0.0,0.0,65.0,53.3,19,80.0,7,6,18.0,2,1.84,33.0,30.0,3.0,0.17,-1.03,0.0,19.0,9.0,1.0,65.0,10.0,21.0,,,0.0,,,,,,,,,,,,,,,,True,alta,0,Interior de conducción,2.975897811067646
GER-Bundesliga,2526,Stuttgart,Chema,ESP,MF,20.0,2005.0,25.0,14.0,1310.0,14.6,3.0,0.0,3.0,3.0,0.0,0.0,5.0,0.0,0.21,0.0,0.21,0.21,0.21,14.6,3.0,15.0,6.0,40.0,1.03,0.41,0.2,0.5,0.0,0.0,52.0,42.8,14,85.0,8,11,10.0,9,1.88,32.0,24.0,8.0,0.55,-0.17,0.0,20.0,8.0,1.0,0.0,31.0,16.0,,,0.0,,,,,,,,,,,,,,,,True,alta,3,Pivote destructor,3.0895254716540324
GER-Bundesliga,2526,Stuttgart,Chris Führich,GER,MF,27.0,1998.0,33.0,20.0,1698.0,18.9,7.0,7.0,14.0,7.0,0.0,0.0,2.0,0.0,0.37,0.37,0.74,0.37,0.74,18.9,7.0,45.0,23.0,51.1,2.39,1.22,0.16,0.3,0.0,0.0,51.0,55.5,20,70.0,1,13,23.0,1,1.79,41.0,28.0,13.0,0.69,0.09,0.0,6.0,7.0,5.0,86.0,3.0,9.0,,,0.0,,,,,,,,,,,,,,,,True,alta,2,Interior ofensivo,3.156357277788613
GER-Bundesliga,2526,Stuttgart,Deniz Undav,GER,"FW,MF",29.0,1996.0,29.0,25.0,2241.0,24.9,19.0,7.0,26.0,19.0,0.0,1.0,5.0,0.0,0.76,0.28,1.04,0.76,1.04,24.9,19.0,124.0,46.0,37.1,4.98,1.85,0.15,0.41,0.0,1.0,77.0,73.2,25,84.0,13,4,36.0,0,1.83,55.0,36.0,19.0,0.76,0.43,0.0,32.0,23.0,25.0,16.0,4.0,14.0,,,0.0,,,,,,,,,,,,,,,,True,alta,2,Interior ofensivo,3.3300864614888632
GER-Bundesliga,2526,Stuttgart,Jamie Leweling,GER,MF,24.0,2001.0,32.0,26.0,2367.0,26.3,7.0,9.0,16.0,7.0,0.0,0.0,4.0,0.0,0.27,0.34,0.61,0.27,0.61,26.3,7.0,49.0,18.0,36.7,1.86,0.68,0.14,0.39,0.0,0.0,74.0,77.4,26,84.0,10,6,29.0,0,1.75,50.0,40.0,10.0,0.38,-1.18,0.0,17.0,43.0,15.0,123.0,13.0,12.0,,,0.0,,,,,,,,,,,,,,,,True,alta,2,Interior ofensivo,2.125064629818126
GER-Bundesliga,2526,Stuttgart,Josha Vagnoman,GER,"DF,MF",24.0,2000.0,27.0,18.0,1587.0,17.6,1.0,3.0,4.0,1.0,0.0,0.0,3.0,0.0,0.06,0.17,0.23,0.06,0.23,17.6,1.0,19.0,11.0,57.9,1.08,0.62,0.05,0.09,0.0,0.0,59.0,51.9,18,84.0,11,9,9.0,4,1.78,32.0,29.0,3.0,0.17,-0.99,0.0,17.0,16.0,1.0,33.0,3.0,19.0,,,0.0,,,,,,,,,,,,,,,,True,alta,1,Carrilero,2.2277034359005383
GER-Bundesliga,2526,Stuttgart,Lorenz Assignon,TOG,"DF,MF",25.0,2000.0,24.0,12.0,1094.0,12.2,0.0,0.0,0.0,0.0,0.0,0.0,3.0,1.0,0.0,0.0,0.0,0.0,0.0,12.2,0.0,12.0,4.0,33.3,0.99,0.33,0.0,0.0,0.0,0.0,46.0,35.8,12,80.0,4,12,11.0,6,2.0,28.0,13.0,15.0,1.23,0.91,0.0,19.0,7.0,1.0,40.0,15.0,15.0,,,0.0,,,,,,,,,,,,,,,,True,alta,3,Pivote destructor,2.1492998112114607
GER-Bundesliga,2526,Stuttgart,Maximilian Mittelstädt,GER,"DF,MF",28.0,1997.0,32.0,24.0,2186.0,24.3,6.0,4.0,10.0,2.0,4.0,4.0,4.0,0.0,0.25,0.16,0.41,0.08,0.25,24.3,6.0,31.0,16.0,51.6,1.28,0.66,0.19,0.38,4.0,4.0,68.0,71.4,24,84.0,12,8,22.0,1,1.75,49.0,29.0,20.0,0.82,0.62,0.0,11.0,26.0,2.0,122.0,35.0,42.0,,,0.0,,,,,,,,,,,,,,,,True,alta,1,Carrilero,2.6304505619467586
GER-Bundesliga,2526,Stuttgart,Nikolas Nartey,DEN,MF,25.0,2000.0,28.0,14.0,1256.0,14.0,4.0,3.0,7.0,4.0,0.0,0.0,2.0,0.0,0.29,0.21,0.5,0.29,0.5,14.0,4.0,22.0,12.0,54.5,1.58,0.86,0.18,0.33,0.0,0.0,45.0,41.0,14,74.0,2,14,16.0,4,2.07,34.0,13.0,21.0,1.5,1.45,0.0,18.0,23.0,1.0,14.0,10.0,12.0,,,0.0,,,,,,,,,,,,,,,,True,alta,0,Interior de conducción,1.9842631015732288
GER-Bundesliga,2526,Stuttgart,Tiago Tomás,POR,"MF,FW",23.0,2002.0,27.0,10.0,1020.0,11.3,5.0,3.0,8.0,5.0,0.0,0.0,4.0,0.0,0.44,0.26,0.71,0.44,0.71,11.3,5.0,35.0,10.0,28.6,3.09,0.88,0.14,0.5,0.0,0.0,38.0,33.3,10,70.0,0,17,19.0,0,1.81,27.0,23.0,4.0,0.35,-0.44,0.0,12.0,29.0,3.0,12.0,5.0,8.0,,,0.0,,,,,,,,,,,,,,,,True,alta,2,Interior ofensivo,3.052054838182692
GER-Bundesliga,2526,Union Berlin,Alex Král,CZE,MF,27.0,1998.0,20.0,2.0,459.0,5.1,0.0,0.0,0.0,0.0,0.0,0.0,1.0,0.0,0.0,0.0,0.0,0.0,0.0,5.1,0.0,7.0,3.0,42.9,1.37,0.59,0.0,0.0,0.0,0.0,23.0,15.0,2,73.0,0,18,17.0,10,1.05,8.0,13.0,-5.0,-0.98,-0.67,0.0,4.0,11.0,0.0,13.0,2.0,5.0,,,0.0,,,,,,,,,,,,,,,,False,baja,1,Carrilero,3.3052603683275805
GER-Bundesliga,2526,Union Berlin,Aljoscha Kemlein,GER,MF,20.0,2004.0,30.0,23.0,1959.0,21.8,0.0,2.0,2.0,0.0,0.0,0.0,4.0,0.0,0.0,0.09,0.09,0.0,0.09,21.8,0.0,17.0,2.0,11.8,0.78,0.09,0.0,0.0,0.0,0.0,65.0,64.0,23,79.0,8,7,20.0,4,1.13,28.0,31.0,-3.0,-0.14,0.76,0.0,22.0,11.0,0.0,9.0,18.0,25.0,,,0.0,,,,,,,,,,,,,,,,True,alta,3,Pivote destructor,1.9019879339759
GER-Bundesliga,2526,Union Berlin,András Schäfer,HUN,MF,26.0,1999.0,28.0,16.0,1421.0,15.8,2.0,1.0,3.0,2.0,0.0,0.0,2.0,1.0,0.13,0.06,0.19,0.13,0.19,15.8,2.0,27.0,10.0,37.0,1.71,0.63,0.07,0.2,0.0,0.0,51.0,46.4,16,74.0,6,12,20.0,1,1.07,21.0,22.0,-1.0,-0.06,0.65,0.0,32.0,22.0,0.0,18.0,20.0,22.0,,,0.0,,,,,,,,,,,,,,,,True,alta,3,Pivote destructor,2.47175302133946
GER-Bundesliga,2526,Union Berlin,Christopher Trimmel,AUT,"MF,DF",38.0,1987.0,29.0,22.0,1861.0,20.7,0.0,3.0,3.0,0.0,0.0,0.0,8.0,0.0,0.0,0.15,0.15,0.0,0.15,20.7,0.0,5.0,1.0,20.0,0.24,0.05,0.0,0.0,0.0,0.0,64.0,60.8,22,75.0,6,7,30.0,4,1.24,29.0,31.0,-2.0,-0.1,0.8,0.0,27.0,9.0,0.0,177.0,10.0,24.0,,,0.0,,,,,,,,,,,,,,,,True,alta,1,Carrilero,3.7176282327356502
GER-Bundesliga,2526,Union Berlin,Derrick Köhn,GHA,"MF,DF",26.0,1999.0,29.0,21.0,1899.0,21.1,1.0,2.0,3.0,0.0,1.0,1.0,5.0,1.0,0.05,0.09,0.14,0.0,0.09,21.1,1.0,28.0,5.0,17.9,1.33,0.24,0.04,0.2,1.0,1.0,65.0,62.1,21,82.0,10,8,21.0,2,1.17,25.0,32.0,-7.0,-0.33,0.21,0.0,33.0,16.0,6.0,114.0,8.0,22.0,,,0.0,,,,,,,,,,,,,,,,True,alta,0,Interior de conducción,2.8565562831535622
GER-Bundesliga,2526,Union Berlin,Ilyas Ansah,GER,"MF,FW",20.0,2004.0,33.0,23.0,1892.0,21.0,5.0,1.0,6.0,5.0,0.0,0.0,1.0,0.0,0.24,0.05,0.29,0.24,0.29,21.0,5.0,33.0,12.0,36.4,1.57,0.57,0.15,0.42,0.0,0.0,57.0,61.8,23,73.0,3,10,22.0,1,1.18,28.0,31.0,-3.0,-0.14,0.7,0.0,21.0,43.0,9.0,19.0,4.0,9.0,,,0.0,,,,,,,,,,,,,,,,True,alta,2,Interior ofensivo,2.4710723109823394
GER-Bundesliga,2526,Union Berlin,Janik Haberer,GER,MF,31.0,1994.0,28.0,20.0,1646.0,18.3,0.0,1.0,1.0,0.0,0.0,0.0,8.0,0.0,0.0,0.05,0.05,0.0,0.05,18.3,0.0,11.0,1.0,9.1,0.6,0.05,0.0,0.0,0.0,0.0,59.0,53.8,20,74.0,7,8,22.0,4,1.0,17.0,39.0,-22.0,-1.2,-1.71,0.0,24.0,21.0,1.0,67.0,10.0,19.0,,,0.0,,,,,,,,,,,,,,,,True,alta,3,Pivote destructor,2.6458775037626965
GER-Bundesliga,2526,Union Berlin,Jeong Woo-yeong,KOR,"MF,FW",25.0,1999.0,28.0,13.0,1197.0,13.3,4.0,1.0,5.0,4.0,0.0,0.0,0.0,0.0,0.3,0.08,0.38,0.3,0.38,13.3,4.0,22.0,8.0,36.4,1.65,0.6,0.18,0.5,0.0,0.0,43.0,39.1,13,69.0,2,15,20.0,2,1.21,16.0,22.0,-6.0,-0.45,-0.06,0.0,13.0,20.0,4.0,31.0,8.0,7.0,,,0.0,,,,,,,,,,,,,,,,True,alta,2,Interior ofensivo,1.8509544273524052
GER-Bundesliga,2526,Union Berlin,Livan Burcu,TUR,"MF,FW",20.0,2004.0,18.0,6.0,651.0,7.2,1.0,1.0,2.0,1.0,0.0,0.0,4.0,0.0,0.14,0.14,0.28,0.14,0.28,7.2,1.0,16.0,3.0,18.8,2.21,0.41,0.06,0.33,0.0,0.0,36.0,21.3,6,68.0,0,12,20.0,7,0.94,11.0,12.0,-1.0,-0.14,0.35,0.0,6.0,14.0,1.0,15.0,2.0,7.0,,,0.0,,,,,,,,,,,,,,,,False,baja,0,Interior de conducción,2.665969702432319
GER-Bundesliga,2526,Union Berlin,Oliver Burke,SCO,"FW,MF",28.0,1997.0,29.0,21.0,1664.0,18.5,6.0,2.0,8.0,6.0,0.0,0.0,4.0,0.0,0.32,0.11,0.43,0.32,0.43,18.5,6.0,34.0,15.0,44.1,1.84,0.81,0.18,0.4,0.0,0.0,57.0,54.4,21,74.0,4,8,14.0,4,1.0,23.0,32.0,-9.0,-0.49,-0.16,0.0,10.0,8.0,8.0,39.0,4.0,7.0,,,0.0,,,,,,,,,,,,,,,,True,alta,2,Interior ofensivo,2.5977699424925182
GER-Bundesliga,2526,Union Berlin,Rani Khedira,TUN,MF,31.0,1994.0,32.0,32.0,2830.0,31.4,5.0,1.0,6.0,5.0,0.0,0.0,7.0,0.0,0.16,0.03,0.19,0.16,0.19,31.4,5.0,23.0,10.0,43.5,0.73,0.32,0.22,0.5,0.0,0.0,88.0,92.5,32,88.0,27,0,,0,1.13,36.0,53.0,-17.0,-0.54,-1.71,0.0,52.0,18.0,2.0,26.0,37.0,35.0,,,0.0,,,,,,,,,,,,,,,,True,alta,3,Pivote destructor,1.7658449350827945
GER-Bundesliga,2526,Union Berlin,Stanley N'Soki,FRA,"DF,MF",26.0,1999.0,13.0,10.0,816.0,9.1,1.0,2.0,3.0,1.0,0.0,0.0,2.0,0.0,0.11,0.22,0.33,0.11,0.33,9.1,1.0,3.0,1.0,33.3,0.33,0.11,0.33,1.0,0.0,0.0,63.0,26.7,10,76.0,3,3,18.0,13,0.92,8.0,18.0,-10.0,-1.1,-0.94,0.0,8.0,8.0,0.0,12.0,18.0,9.0,,,0.0,,,,,,,,,,,,,,,,False,baja,3,Pivote destructor,3.058952394757643
GER-Bundesliga,2526,Union Berlin,Tim Skarke,GER,"MF,FW",28.0,1996.0,22.0,4.0,623.0,6.9,1.0,1.0,2.0,1.0,0.0,0.0,0.0,0.0,0.14,0.14,0.29,0.14,0.29,6.9,1.0,14.0,5.0,35.7,2.02,0.72,0.07,0.2,0.0,0.0,28.0,20.4,4,59.0,0,18,22.0,8,1.41,12.0,12.0,0.0,0.0,0.52,0.0,8.0,9.0,4.0,13.0,1.0,4.0,,,0.0,,,,,,,,,,,,,,,,False,baja,2,Interior ofensivo,2.0475703191873533
GER-Bundesliga,2526,Union Berlin,Tom Rothe,GER,"MF,DF",20.0,2004.0,21.0,10.0,1029.0,11.4,2.0,0.0,2.0,2.0,0.0,0.0,1.0,1.0,0.17,0.0,0.17,0.17,0.17,11.4,2.0,19.0,5.0,26.3,1.66,0.44,0.11,0.4,0.0,0.0,49.0,33.6,10,81.0,5,11,20.0,1,1.1,17.0,22.0,-5.0,-0.44,-0.04,0.0,10.0,6.0,2.0,35.0,21.0,15.0,,,0.0,,,,,,,,,,,,,,,,True,alta,1,Carrilero,3.20134223607526
GER-Bundesliga,2526,Werder Bremen,Cameron Puertas,SUI,MF,26.0,1998.0,28.0,22.0,1846.0,20.5,1.0,2.0,3.0,1.0,0.0,0.0,6.0,0.0,0.05,0.1,0.15,0.05,0.15,20.5,1.0,37.0,8.0,21.6,1.8,0.39,0.03,0.13,0.0,0.0,66.0,60.3,22,80.0,10,6,15.0,3,1.04,24.0,30.0,-6.0,-0.29,0.97,0.0,37.0,22.0,2.0,77.0,19.0,37.0,,,0.0,,,,,,,,,,,,,,,,True,alta,0,Interior de conducción,2.3610356629788445
GER-Bundesliga,2526,Werder Bremen,Felix Agu,NGA,"DF,MF",25.0,1999.0,11.0,9.0,744.0,8.3,0.0,0.0,0.0,0.0,0.0,0.0,1.0,0.0,0.0,0.0,0.0,0.0,0.0,8.3,0.0,2.0,1.0,50.0,0.24,0.12,0.0,0.0,0.0,0.0,68.0,24.3,9,76.0,4,2,30.0,3,0.91,11.0,19.0,-8.0,-0.97,-0.38,0.0,8.0,14.0,3.0,14.0,11.0,14.0,,,0.0,,,,,,,,,,,,,,,,False,baja,3,Pivote destructor,3.2640322141435525
GER-Bundesliga,2526,Werder Bremen,Isaac Schmidt,SUI,"MF,DF",25.0,1999.0,19.0,6.0,682.0,7.6,1.0,0.0,1.0,1.0,0.0,0.0,2.0,0.0,0.13,0.0,0.13,0.13,0.13,7.6,1.0,5.0,2.0,40.0,0.66,0.26,0.2,0.5,0.0,0.0,36.0,22.3,6,64.0,0,13,23.0,11,0.74,8.0,13.0,-5.0,-0.66,0.02,0.0,8.0,3.0,0.0,8.0,11.0,10.0,,,0.0,,,,,,,,,,,,,,,,False,baja,3,Pivote destructor,2.174804032549331
GER-Bundesliga,2526,Werder Bremen,Jens Stage,DEN,MF,28.0,1996.0,29.0,29.0,2460.0,27.3,10.0,2.0,12.0,10.0,0.0,0.0,5.0,0.0,0.37,0.07,0.44,0.37,0.44,27.3,10.0,56.0,21.0,37.5,2.05,0.77,0.18,0.48,0.0,0.0,85.0,80.4,29,85.0,21,0,,0,0.97,26.0,45.0,-19.0,-0.7,-0.1,0.0,35.0,30.0,3.0,14.0,18.0,32.0,,,0.0,,,,,,,,,,,,,,,,True,alta,0,Interior de conducción,2.233058410467347
GER-Bundesliga,2526,Werder Bremen,Justin Njinmah,GER,"FW,MF",24.0,2000.0,33.0,22.0,1947.0,21.6,5.0,0.0,5.0,5.0,0.0,0.0,2.0,0.0,0.23,0.0,0.23,0.23,0.23,21.6,5.0,62.0,23.0,37.1,2.87,1.06,0.08,0.22,0.0,0.0,59.0,63.6,22,77.0,6,11,23.0,1,0.94,18.0,45.0,-27.0,-1.25,-1.57,0.0,8.0,25.0,20.0,34.0,6.0,14.0,,,0.0,,,,,,,,,,,,,,,,True,alta,2,Interior ofensivo,2.960680435282604
GER-Bundesliga,2526,Werder Bremen,Leonardo Bittencourt,GER,MF,31.0,1993.0,17.0,5.0,615.0,6.8,0.0,1.0,1.0,0.0,0.0,0.0,5.0,0.0,0.0,0.15,0.15,0.0,0.15,6.8,0.0,7.0,0.0,0.0,1.02,0.0,0.0,,0.0,0.0,36.0,20.1,5,78.0,0,12,19.0,7,1.18,14.0,16.0,-2.0,-0.29,0.48,0.0,7.0,11.0,0.0,4.0,8.0,10.0,,,0.0,,,,,,,,,,,,,,,,False,baja,3,Pivote destructor,3.32192985159609
GER-Bundesliga,2526,Werder Bremen,Marco Grüll,AUT,"MF,FW",27.0,1998.0,33.0,23.0,2006.0,22.3,3.0,1.0,4.0,3.0,0.0,0.0,5.0,0.0,0.13,0.04,0.18,0.13,0.18,22.3,3.0,43.0,13.0,30.2,1.93,0.58,0.07,0.23,0.0,0.0,61.0,65.6,23,77.0,6,10,24.0,0,0.94,21.0,38.0,-17.0,-0.76,-0.25,0.0,33.0,28.0,2.0,69.0,14.0,20.0,,,0.0,,,,,,,,,,,,,,,,True,alta,0,Interior de conducción,1.3771471090277045
GER-Bundesliga,2526,Werder Bremen,Olivier Deman,BEL,"DF,MF",25.0,2000.0,16.0,14.0,1254.0,13.9,1.0,2.0,3.0,1.0,0.0,0.0,3.0,0.0,0.07,0.14,0.22,0.07,0.22,13.9,1.0,10.0,3.0,30.0,0.72,0.22,0.1,0.33,0.0,0.0,78.0,41.0,14,86.0,12,2,28.0,4,0.88,15.0,21.0,-6.0,-0.43,0.42,0.0,19.0,12.0,3.0,63.0,10.0,26.0,,,0.0,,,,,,,,,,,,,,,,True,alta,1,Carrilero,2.610676750031059
GER-Bundesliga,2526,Werder Bremen,Romano Schmid,AUT,"MF,FW",25.0,2000.0,34.0,34.0,2982.0,33.1,4.0,8.0,12.0,1.0,3.0,4.0,4.0,0.0,0.12,0.24,0.36,0.03,0.27,33.1,4.0,57.0,21.0,36.8,1.72,0.63,0.07,0.19,3.0,4.0,88.0,97.5,34,88.0,23,0,,0,0.94,34.0,57.0,-23.0,-0.69,-0.69,0.0,19.0,31.0,5.0,154.0,13.0,28.0,,,0.0,,,,,,,,,,,,,,,,True,alta,1,Carrilero,2.382755398387741
GER-Bundesliga,2526,Werder Bremen,Samuel Mbangula,BEL,"MF,FW",21.0,2004.0,26.0,12.0,1171.0,13.0,3.0,2.0,5.0,3.0,0.0,0.0,0.0,0.0,0.23,0.15,0.38,0.23,0.38,13.0,3.0,17.0,8.0,47.1,1.31,0.61,0.18,0.38,0.0,0.0,45.0,38.3,12,72.0,1,14,22.0,3,0.85,15.0,22.0,-7.0,-0.54,0.22,0.0,4.0,23.0,4.0,23.0,3.0,10.0,,,0.0,,,,,,,,,,,,,,,,True,alta,2,Interior ofensivo,2.6167265579943058
GER-Bundesliga,2526,Werder Bremen,Senne Lynen,BEL,MF,26.0,1999.0,31.0,31.0,2752.0,30.6,0.0,0.0,0.0,0.0,0.0,0.0,4.0,0.0,0.0,0.0,0.0,0.0,0.0,30.6,0.0,25.0,4.0,16.0,0.82,0.13,0.0,0.0,0.0,0.0,89.0,89.9,31,89.0,26,0,,0,0.9,33.0,54.0,-21.0,-0.69,-0.1,0.0,38.0,12.0,0.0,14.0,77.0,33.0,,,0.0,,,,,,,,,,,,,,,,True,alta,3,Pivote destructor,3.0185571674045404
GER-Bundesliga,2526,Werder Bremen,Yukinari Sugawara,JPN,"DF,MF",25.0,2000.0,31.0,29.0,2428.0,27.0,0.0,6.0,6.0,0.0,0.0,0.0,2.0,1.0,0.0,0.22,0.22,0.0,0.22,27.0,0.0,30.0,11.0,36.7,1.11,0.41,0.0,0.0,0.0,0.0,78.0,79.3,29,82.0,20,2,21.0,1,1.03,32.0,43.0,-11.0,-0.41,1.3,0.0,22.0,11.0,2.0,74.0,15.0,22.0,,,0.0,,,,,,,,,,,,,,,,True,alta,1,Carrilero,1.8872306292713275
GER-Bundesliga,2526,Wolfsburg,Aaron Zehnter,GER,"DF,MF",20.0,2004.0,20.0,17.0,1456.0,16.2,2.0,0.0,2.0,2.0,0.0,0.0,0.0,0.0,0.12,0.0,0.12,0.12,0.12,16.2,2.0,11.0,5.0,45.5,0.68,0.31,0.18,0.4,0.0,0.0,73.0,47.6,17,85.0,10,3,3.0,8,1.1,23.0,29.0,-6.0,-0.37,0.64,0.0,2.0,0.0,0.0,36.0,16.0,10.0,,,0.0,,,,,,,,,,,,,,,,True,alta,1,Carrilero,4.074444422277147
GER-Bundesliga,2526,Wolfsburg,Adam Daghim,DEN,"MF,FW",19.0,2005.0,27.0,12.0,1364.0,15.2,2.0,3.0,5.0,2.0,0.0,0.0,3.0,0.0,0.13,0.2,0.33,0.13,0.33,15.2,2.0,27.0,9.0,33.3,1.78,0.59,0.07,0.22,0.0,0.0,51.0,44.6,12,83.0,5,15,24.0,1,0.67,18.0,33.0,-15.0,-0.99,-0.51,0.0,18.0,23.0,4.0,20.0,11.0,20.0,,,0.0,,,,,,,,,,,,,,,,True,alta,0,Interior de conducción,1.588962491274202
GER-Bundesliga,2526,Wolfsburg,Christian Eriksen,DEN,MF,33.0,1992.0,31.0,27.0,2410.0,26.8,3.0,9.0,12.0,0.0,3.0,4.0,4.0,0.0,0.11,0.34,0.45,0.0,0.34,26.8,3.0,38.0,14.0,36.8,1.42,0.52,0.08,0.21,3.0,4.0,78.0,78.8,27,85.0,10,4,32.0,1,0.77,36.0,53.0,-17.0,-0.63,0.33,0.0,13.0,5.0,3.0,131.0,18.0,20.0,,,0.0,,,,,,,,,,,,,,,,True,alta,1,Carrilero,2.9274189490361384
GER-Bundesliga,2526,Wolfsburg,Joakim Mæhle,DEN,"MF,DF",28.0,1997.0,16.0,14.0,1222.0,13.6,1.0,2.0,3.0,1.0,0.0,0.0,1.0,0.0,0.07,0.15,0.22,0.07,0.22,13.6,1.0,14.0,3.0,21.4,1.03,0.22,0.07,0.33,0.0,0.0,76.0,39.9,14,87.0,11,2,4.0,0,0.88,15.0,24.0,-9.0,-0.66,0.07,0.0,8.0,6.0,0.0,21.0,20.0,22.0,,,0.0,,,,,,,,,,,,,,,,True,alta,1,Carrilero,2.542447042724191
GER-Bundesliga,2526,Wolfsburg,Lovro Majer,CRO,MF,27.0,1998.0,28.0,16.0,1371.0,15.2,2.0,3.0,5.0,2.0,0.0,0.0,5.0,0.0,0.13,0.2,0.33,0.13,0.33,15.2,2.0,27.0,6.0,22.2,1.77,0.39,0.07,0.33,0.0,0.0,49.0,44.8,16,70.0,1,12,21.0,4,0.75,20.0,30.0,-10.0,-0.66,0.09,0.0,30.0,22.0,4.0,28.0,8.0,18.0,,,0.0,,,,,,,,,,,,,,,,True,alta,0,Interior de conducción,1.6283781276740465
GER-Bundesliga,2526,Wolfsburg,Mattias Svanberg,SWE,MF,26.0,1999.0,24.0,8.0,861.0,9.6,3.0,1.0,4.0,3.0,0.0,0.0,6.0,1.0,0.31,0.1,0.42,0.31,0.42,9.6,3.0,21.0,8.0,38.1,2.2,0.84,0.14,0.38,0.0,0.0,36.0,28.1,8,67.0,0,16,21.0,1,0.92,13.0,24.0,-11.0,-1.15,-0.62,1.0,18.0,19.0,1.0,8.0,10.0,7.0,,,0.0,,,,,,,,,,,,,,,,False,baja,0,Interior de conducción,3.0608512972556334
GER-Bundesliga,2526,Wolfsburg,Maximilian Arnold,GER,MF,31.0,1994.0,25.0,20.0,1859.0,20.7,1.0,4.0,5.0,1.0,0.0,0.0,5.0,0.0,0.05,0.19,0.24,0.05,0.24,20.7,1.0,13.0,5.0,38.5,0.63,0.24,0.08,0.2,0.0,0.0,74.0,60.8,20,90.0,20,5,12.0,2,0.92,31.0,41.0,-10.0,-0.48,0.56,0.0,17.0,26.0,0.0,81.0,24.0,15.0,,,0.0,,,,,,,,,,,,,,,,True,alta,1,Carrilero,2.2673033029064062
GER-Bundesliga,2526,Wolfsburg,Mohamed Amoura,ALG,"FW,MF",25.0,2000.0,30.0,23.0,1919.0,21.3,8.0,3.0,11.0,7.0,1.0,1.0,2.0,0.0,0.38,0.14,0.52,0.33,0.47,21.3,8.0,60.0,19.0,31.7,2.81,0.89,0.13,0.42,1.0,1.0,64.0,62.7,23,78.0,8,7,18.0,0,0.97,32.0,32.0,0.0,0.0,1.89,0.0,21.0,11.0,12.0,34.0,7.0,22.0,,,0.0,,,,,,,,,,,,,,,,True,alta,2,Interior ofensivo,2.1917844002305276
GER-Bundesliga,2526,Wolfsburg,Patrick Wimmer,AUT,MF,24.0,2001.0,25.0,21.0,1621.0,18.0,4.0,3.0,7.0,4.0,0.0,0.0,4.0,0.0,0.22,0.17,0.39,0.22,0.39,18.0,4.0,24.0,8.0,33.3,1.33,0.44,0.17,0.5,0.0,0.0,65.0,53.0,21,73.0,3,4,24.0,0,1.0,27.0,32.0,-5.0,-0.28,0.91,0.0,28.0,33.0,2.0,25.0,23.0,20.0,,,0.0,,,,,,,,,,,,,,,,True,alta,0,Interior de conducción,1.8199255052258105
GER-Bundesliga,2526,Wolfsburg,Sael Kumbedi,FRA,"DF,MF",20.0,2005.0,24.0,20.0,1804.0,20.0,0.0,5.0,5.0,0.0,0.0,0.0,2.0,0.0,0.0,0.25,0.25,0.0,0.25,20.0,0.0,5.0,0.0,0.0,0.25,0.0,0.0,,0.0,0.0,75.0,59.0,20,86.0,12,4,24.0,5,0.88,30.0,45.0,-15.0,-0.75,-0.1,0.0,21.0,18.0,4.0,41.0,14.0,33.0,,,0.0,,,,,,,,,,,,,,,,True,alta,1,Carrilero,2.7110576469628502
GER-Bundesliga,2526,Wolfsburg,Vinicius Souza,BRA,MF,26.0,1999.0,24.0,22.0,1764.0,19.6,0.0,0.0,0.0,0.0,0.0,0.0,5.0,0.0,0.0,0.0,0.0,0.0,0.0,19.6,0.0,9.0,2.0,22.2,0.46,0.1,0.0,0.0,0.0,0.0,74.0,57.6,22,80.0,12,2,3.0,8,0.88,24.0,35.0,-11.0,-0.56,0.34,0.0,40.0,23.0,0.0,4.0,25.0,32.0,,,0.0,,,,,,,,,,,,,,,,True,alta,3,Pivote destructor,2.0443712478592326
GER-Bundesliga,2526,Wolfsburg,Yannick Gerhardt,GER,MF,31.0,1994.0,19.0,12.0,1068.0,11.9,1.0,0.0,1.0,1.0,0.0,0.0,1.0,0.0,0.08,0.0,0.08,0.08,0.08,11.9,1.0,11.0,1.0,9.1,0.93,0.08,0.09,1.0,0.0,0.0,56.0,34.9,12,81.0,4,7,13.0,11,1.16,17.0,29.0,-12.0,-1.01,-0.47,0.0,20.0,14.0,0.0,8.0,10.0,8.0,,,0.0,,,,,,,,,,,,,,,,True,alta,3,Pivote destructor,2.4987042518439084
