league,season,team,player,nation,pos,age,born,Playing Time_MP,Playing Time_Starts,Playing Time_Min,Playing Time_90s,Performance_Gls,Performance_Ast,Performance_G+A,Performance_G-PK,Performance_PK,Performance_PKatt,Performance_CrdY,Performance_CrdR,Per 90 Minutes_Gls,Per 90 Minutes_Ast,Per 90 Minutes_G+A,Per 90 Minutes_G-PK,Per 90 Minutes_G+A-PK,90s,Standard_Gls,Standard_Sh,Standard_SoT,Standard_SoT%,Standard_Sh/90,Standard_SoT/90,Standard_G/Sh,Standard_G/SoT,Standard_PK,Standard_PKatt,Playing Time_Mn/MP,Playing Time_Min%,Starts_Starts,Starts_Mn/Start,Starts_Compl,Subs_Subs,Subs_Mn/Sub,Subs_unSub,Team Success_PPM,Team Success_onG,Team Success_onGA,Team Success_+/-,Team Success_+/-90,Team Success_On-Off,Performance_2CrdY,Performance_Fls,Performance_Fld,Performance_Off,Performance_Crs,Performance_Int,Performance_TklW,Performance_PKwon,Performance_PKcon,Performance_OG,Performance_GA,Performance_GA90,Performance_SoTA,Performance_Saves,Performance_Save%,Performance_W,Performance_D,Performance_L,Performance_CS,Performance_CS%,Penalty Kicks_PKatt,Penalty Kicks_PKA,Penalty Kicks_PKsv,Penalty Kicks_PKm,Penalty Kicks_Save%,entrena,confianza,cluster,perfil,dist_centroide
ENG-Premier League,2526,Arsenal,Ben White,ENG,DF,27.0,1997.0,12.0,9.0,702.0,7.8,0.0,1.0,1.0,0.0,0.0,0.0,0.0,0.0,0.0,0.13,0.13,0.0,0.13,7.8,0.0,5.0,1.0,20.0,0.64,0.13,0.0,0.0,0.0,0.0,59.0,20.5,9,72.0,4,3,19.0,17,1.83,10.0,6.0,4.0,0.51,-0.81,0.0,5.0,6.0,3.0,16.0,9.0,9.0,,,0.0,,,,,,,,,,,,,,,,False,baja,2,Lateral ofensivo,2.5393436841372456
ENG-Premier League,2526,Arsenal,Cristhian Mosquera,ESP,DF,21.0,2004.0,20.0,9.0,994.0,11.0,0.0,0.0,0.0,0.0,0.0,0.0,4.0,0.0,0.0,0.0,0.0,0.0,0.0,11.0,0.0,1.0,0.0,0.0,0.09,0.0,0.0,,0.0,0.0,50.0,29.1,9,75.0,5,11,29.0,11,2.15,17.0,8.0,9.0,0.81,-0.48,0.0,17.0,7.0,1.0,3.0,8.0,21.0,,,0.0,,,,,,,,,,,,,,,,True,alta,1,Central de combate,3.122695498000559
ENG-Premier League,2526,Arsenal,Gabriel Magalhães,BRA,DF,27.0,1997.0,32.0,30.0,2751.0,30.6,3.0,4.0,7.0,3.0,0.0,0.0,4.0,0.0,0.1,0.13,0.23,0.1,0.23,30.6,3.0,27.0,7.0,25.9,0.88,0.23,0.11,0.43,0.0,0.0,86.0,80.4,30,90.0,29,2,33.0,0,2.25,56.0,20.0,36.0,1.18,0.1,0.0,21.0,34.0,0.0,6.0,22.0,20.0,,,0.0,,,,,,,,,,,,,,,,True,alta,0,Central posicional,2.6877696467663634
ENG-Premier League,2526,Arsenal,Jurriën Timber,NED,DF,24.0,2001.0,30.0,28.0,2454.0,27.3,3.0,5.0,8.0,3.0,0.0,0.0,5.0,0.0,0.11,0.18,0.29,0.11,0.29,27.3,3.0,25.0,7.0,28.0,0.92,0.26,0.12,0.43,0.0,0.0,82.0,71.8,28,85.0,23,2,34.0,0,2.23,51.0,20.0,31.0,1.14,-0.07,0.0,38.0,29.0,0.0,46.0,24.0,35.0,,,0.0,,,,,,,,,,,,,,,,True,alta,2,Lateral ofensivo,1.3282963835762964
ENG-Premier League,2526,Arsenal,Myles Lewis-Skelly,ENG,"MF,DF",18.0,2006.0,20.0,5.0,709.0,7.9,0.0,0.0,0.0,0.0,0.0,0.0,3.0,0.0,0.0,0.0,0.0,0.0,0.0,7.9,0.0,2.0,0.0,0.0,0.25,0.0,0.0,,0.0,0.0,35.0,20.7,5,86.0,4,15,19.0,17,2.5,16.0,8.0,8.0,1.02,-0.18,0.0,10.0,16.0,1.0,0.0,5.0,5.0,,,0.0,,,,,,,,,,,,,,,,False,baja,1,Central de combate,3.330000723081661
ENG-Premier League,2526,Arsenal,Piero Hincapié,ECU,DF,23.0,2002.0,25.0,20.0,1792.0,19.9,1.0,2.0,3.0,1.0,0.0,0.0,2.0,0.0,0.05,0.1,0.15,0.05,0.15,19.9,1.0,3.0,2.0,66.7,0.15,0.1,0.33,0.5,0.0,0.0,72.0,52.4,20,85.0,15,5,18.0,5,2.32,41.0,19.0,22.0,1.1,-0.11,0.0,18.0,14.0,1.0,33.0,26.0,26.0,,,1.0,,,,,,,,,,,,,,,,True,alta,2,Lateral ofensivo,2.5582349202505292
ENG-Premier League,2526,Arsenal,Riccardo Calafiori,ITA,DF,23.0,2002.0,26.0,22.0,1699.0,18.9,1.0,2.0,3.0,1.0,0.0,0.0,5.0,0.0,0.05,0.11,0.16,0.05,0.16,18.9,1.0,32.0,8.0,25.0,1.7,0.42,0.03,0.13,0.0,0.0,65.0,49.7,22,75.0,7,4,14.0,2,2.38,32.0,8.0,24.0,1.27,0.23,0.0,26.0,10.0,4.0,21.0,13.0,19.0,,,0.0,,,,,,,,,,,,,,,,True,alta,2,Lateral ofensivo,2.5661662604320585
ENG-Premier League,2526,Arsenal,William Saliba,FRA,DF,24.0,2001.0,31.0,30.0,2614.0,29.0,1.0,0.0,1.0,1.0,0.0,0.0,2.0,0.0,0.03,0.0,0.03,0.03,0.03,29.0,1.0,5.0,1.0,20.0,0.17,0.03,0.2,1.0,0.0,0.0,84.0,76.4,30,86.0,28,1,45.0,0,2.29,60.0,20.0,40.0,1.38,0.93,0.0,22.0,16.0,1.0,9.0,15.0,23.0,,,0.0,,,,,,,,,,,,,,,,True,alta,0,Central posicional,2.0112207440510144
ENG-Premier League,2526,Aston Villa,Ezri Konsa,ENG,DF,27.0,1997.0,34.0,34.0,3035.0,33.7,0.0,0.0,0.0,0.0,0.0,0.0,0.0,1.0,0.0,0.0,0.0,0.0,0.0,33.7,0.0,11.0,2.0,18.2,0.33,0.06,0.0,0.0,0.0,0.0,89.0,88.7,34,89.0,33,0,,2,1.79,52.0,44.0,8.0,0.24,0.47,0.0,11.0,42.0,0.0,5.0,22.0,8.0,,,0.0,,,,,,,,,,,,,,,,True,alta,0,Central posicional,3.587948692326086
ENG-Premier League,2526,Aston Villa,Ian Maatsen,NED,DF,23.0,2002.0,30.0,17.0,1605.0,17.8,0.0,1.0,1.0,0.0,0.0,0.0,2.0,0.0,0.0,0.06,0.06,0.0,0.06,17.8,0.0,20.0,5.0,25.0,1.12,0.28,0.0,0.0,0.0,0.0,54.0,46.9,17,82.0,8,13,17.0,8,1.7,29.0,27.0,2.0,0.11,-0.14,0.0,17.0,19.0,1.0,54.0,18.0,31.0,,,0.0,,,,,,,,,,,,,,,,True,alta,2,Lateral ofensivo,1.766981507116122
ENG-Premier League,2526,Aston Villa,Lamare Bogarde,NED,"MF,DF",21.0,2004.0,28.0,11.0,1053.0,11.7,0.0,0.0,0.0,0.0,0.0,0.0,5.0,0.0,0.0,0.0,0.0,0.0,0.0,11.7,0.0,0.0,0.0,,0.0,0.0,,,0.0,0.0,38.0,30.8,11,79.0,4,17,11.0,10,1.61,16.0,17.0,-1.0,-0.09,-0.39,0.0,17.0,20.0,0.0,2.0,4.0,19.0,,,0.0,,,,,,,,,,,,,,,,True,alta,1,Central de combate,4.283786777904522
ENG-Premier League,2526,Aston Villa,Lucas Digne,FRA,DF,32.0,1993.0,31.0,21.0,1852.0,20.6,0.0,6.0,6.0,0.0,0.0,0.0,3.0,0.0,0.0,0.29,0.29,0.0,0.29,20.6,0.0,14.0,5.0,35.7,0.68,0.24,0.0,0.0,0.0,0.0,60.0,54.2,21,80.0,10,10,16.0,7,1.77,29.0,23.0,6.0,0.29,0.23,0.0,14.0,12.0,3.0,108.0,13.0,26.0,,,0.0,,,,,,,,,,,,,,,,True,alta,2,Lateral ofensivo,2.0850164995336056
ENG-Premier League,2526,Aston Villa,Matty Cash,POL,DF,27.0,1997.0,35.0,34.0,3014.0,33.5,3.0,3.0,6.0,3.0,0.0,0.0,9.0,0.0,0.09,0.09,0.18,0.09,0.18,33.5,3.0,30.0,10.0,33.3,0.9,0.3,0.1,0.3,0.0,0.0,86.0,88.1,34,87.0,26,1,45.0,0,1.77,51.0,38.0,13.0,0.39,1.72,0.0,42.0,30.0,4.0,131.0,24.0,32.0,,,0.0,,,,,,,,,,,,,,,,True,alta,2,Lateral ofensivo,1.4071127148614906
ENG-Premier League,2526,Aston Villa,Pau Torres,ESP,DF,28.0,1997.0,21.0,18.0,1676.0,18.6,0.0,0.0,0.0,0.0,0.0,0.0,1.0,0.0,0.0,0.0,0.0,0.0,0.0,18.6,0.0,9.0,1.0,11.1,0.48,0.05,0.0,0.0,0.0,0.0,80.0,49.0,18,88.0,15,3,31.0,11,1.9,28.0,19.0,9.0,0.48,0.59,0.0,7.0,5.0,0.0,4.0,11.0,14.0,,,1.0,,,,,,,,,,,,,,,,True,alta,0,Central posicional,2.0921686180646675
ENG-Premier League,2526,Aston Villa,Tyrone Mings,ENG,DF,32.0,1993.0,17.0,15.0,1324.0,14.7,0.0,0.0,0.0,0.0,0.0,0.0,1.0,0.0,0.0,0.0,0.0,0.0,0.0,14.7,0.0,9.0,1.0,11.1,0.61,0.07,0.0,0.0,0.0,0.0,78.0,38.7,15,86.0,14,2,17.0,6,1.24,16.0,23.0,-7.0,-0.48,-1.08,0.0,10.0,8.0,0.0,4.0,11.0,2.0,,,0.0,,,,,,,,,,,,,,,,True,alta,0,Central posicional,2.7318786337322654
ENG-Premier League,2526,Aston Villa,Victor Lindelöf,SWE,"DF,MF",31.0,1994.0,17.0,11.0,948.0,10.5,0.0,1.0,1.0,0.0,0.0,0.0,0.0,0.0,0.0,0.09,0.09,0.0,0.09,10.5,0.0,3.0,0.0,0.0,0.28,0.0,0.0,,0.0,0.0,56.0,27.7,11,83.0,8,6,6.0,17,2.18,20.0,15.0,5.0,0.47,0.4,0.0,2.0,0.0,0.0,0.0,8.0,3.0,,,0.0,,,,,,,,,,,,,,,,True,alta,0,Central posicional,4.033705597062067
ENG-Premier League,2526,Bournemouth,Adam Smith,ENG,DF,34.0,1991.0,22.0,14.0,1077.0,12.0,0.0,2.0,2.0,0.0,0.0,0.0,3.0,0.0,0.0,0.17,0.17,0.0,0.17,12.0,0.0,0.0,0.0,,0.0,0.0,,,0.0,0.0,49.0,31.5,14,73.0,5,8,7.0,11,1.45,18.0,16.0,2.0,0.17,0.09,0.0,19.0,11.0,0.0,13.0,10.0,12.0,,,0.0,,,,,,,,,,,,,,,,True,alta,2,Lateral ofensivo,3.479142112958824
ENG-Premier League,2526,Bournemouth,Adrien Truffert,FRA,DF,23.0,2001.0,38.0,38.0,3379.0,37.5,1.0,5.0,6.0,1.0,0.0,0.0,5.0,0.0,0.03,0.13,0.16,0.03,0.16,37.5,1.0,16.0,6.0,37.5,0.43,0.16,0.06,0.17,0.0,0.0,89.0,98.8,38,89.0,36,0,,0,1.5,58.0,51.0,7.0,0.19,6.77,0.0,39.0,32.0,0.0,142.0,43.0,51.0,,,0.0,,,,,,,,,,,,,,,,True,alta,2,Lateral ofensivo,1.3066665358088554
ENG-Premier League,2526,Bournemouth,Bafodé Diakité,FRA,DF,24.0,2001.0,18.0,15.0,1277.0,14.2,0.0,0.0,0.0,0.0,0.0,0.0,1.0,0.0,0.0,0.0,0.0,0.0,0.0,14.2,0.0,1.0,0.0,0.0,0.07,0.0,0.0,,0.0,0.0,71.0,37.3,15,84.0,13,3,6.0,19,1.28,21.0,27.0,-6.0,-0.42,-0.84,0.0,8.0,4.0,2.0,1.0,10.0,15.0,,,0.0,,,,,,,,,,,,,,,,True,alta,0,Central posicional,2.485617777118579
ENG-Premier League,2526,Bournemouth,James Hill,ENG,DF,23.0,2002.0,29.0,22.0,2106.0,23.4,0.0,3.0,3.0,0.0,0.0,0.0,5.0,0.0,0.0,0.13,0.13,0.0,0.13,23.4,0.0,12.0,2.0,16.7,0.51,0.09,0.0,0.0,0.0,0.0,73.0,61.6,22,88.0,20,7,23.0,5,1.76,34.0,24.0,10.0,0.43,0.84,0.0,17.0,13.0,2.0,11.0,37.0,20.0,,,2.0,,,,,,,,,,,,,,,,True,alta,0,Central posicional,2.4431923754693003
ENG-Premier League,2526,Bournemouth,Lewis Cook,ENG,"MF,DF",28.0,1997.0,18.0,8.0,874.0,9.7,0.0,1.0,1.0,0.0,0.0,0.0,1.0,1.0,0.0,0.1,0.1,0.0,0.1,9.7,0.0,3.0,0.0,0.0,0.31,0.0,0.0,,0.0,0.0,49.0,25.6,8,90.0,8,10,15.0,1,1.39,15.0,18.0,-3.0,-0.31,-0.56,0.0,8.0,5.0,0.0,44.0,21.0,17.0,,,0.0,,,,,,,,,,,,,,,,False,baja,2,Lateral ofensivo,3.8536764311048985
ENG-Premier League,2526,Bournemouth,Marcos Senesi,ARG,DF,28.0,1997.0,37.0,37.0,3288.0,36.5,0.0,5.0,5.0,0.0,0.0,0.0,8.0,0.0,0.0,0.14,0.14,0.0,0.14,36.5,0.0,17.0,5.0,29.4,0.47,0.14,0.0,0.0,0.0,0.0,89.0,96.1,37,89.0,35,0,,0,1.54,56.0,53.0,3.0,0.08,-0.6,0.0,35.0,37.0,1.0,28.0,50.0,34.0,,,0.0,,,,,,,,,,,,,,,,True,alta,2,Lateral ofensivo,1.961182021957769
ENG-Premier League,2526,Bournemouth,Álex Jiménez,ESP,"DF,MF",20.0,2005.0,31.0,26.0,2317.0,25.7,1.0,0.0,1.0,1.0,0.0,0.0,10.0,0.0,0.04,0.0,0.04,0.04,0.04,25.7,1.0,21.0,4.0,19.0,0.82,0.16,0.05,0.25,0.0,0.0,75.0,67.7,26,84.0,12,5,29.0,1,1.48,41.0,38.0,3.0,0.12,0.03,0.0,35.0,20.0,0.0,51.0,27.0,45.0,,,0.0,,,,,,,,,,,,,,,,True,alta,1,Central de combate,2.3858893830830072
ENG-Premier League,2526,Brentford,Aaron Hickey,SCO,"DF,MF",23.0,2002.0,21.0,8.0,691.0,7.7,0.0,0.0,0.0,0.0,0.0,0.0,1.0,0.0,0.0,0.0,0.0,0.0,0.0,7.7,0.0,6.0,1.0,16.7,0.78,0.13,0.0,0.0,0.0,0.0,33.0,20.2,8,68.0,1,13,11.0,8,1.48,9.0,9.0,0.0,0.0,-0.1,0.0,7.0,9.0,0.0,4.0,8.0,7.0,,,0.0,,,,,,,,,,,,,,,,False,baja,0,Central posicional,2.1271986164082755
ENG-Premier League,2526,Brentford,Keane Lewis-Potter,ENG,"DF,MF",24.0,2001.0,36.0,22.0,1972.0,21.9,3.0,3.0,6.0,3.0,0.0,0.0,1.0,0.0,0.14,0.14,0.27,0.14,0.27,21.9,3.0,31.0,9.0,29.0,1.41,0.41,0.1,0.33,0.0,0.0,55.0,57.7,22,81.0,10,14,14.0,2,1.39,28.0,32.0,-4.0,-0.18,-0.62,0.0,15.0,36.0,3.0,69.0,10.0,14.0,,,0.0,,,,,,,,,,,,,,,,True,alta,2,Lateral ofensivo,3.311283109579759
ENG-Premier League,2526,Brentford,Kristoffer Ajer,NOR,DF,27.0,1998.0,27.0,20.0,1810.0,20.1,0.0,1.0,1.0,0.0,0.0,0.0,4.0,0.0,0.0,0.05,0.05,0.0,0.05,20.1,0.0,10.0,3.0,30.0,0.5,0.15,0.0,0.0,0.0,0.0,67.0,52.9,20,83.0,13,7,20.0,9,1.37,29.0,32.0,-3.0,-0.15,-0.48,0.0,23.0,5.0,0.0,7.0,15.0,23.0,,,0.0,,,,,,,,,,,,,,,,True,alta,0,Central posicional,1.975890248425661
ENG-Premier League,2526,Brentford,Michael Kayode,ITA,DF,21.0,2004.0,37.0,37.0,3258.0,36.2,1.0,1.0,2.0,1.0,0.0,0.0,8.0,0.0,0.03,0.03,0.06,0.03,0.06,36.2,1.0,9.0,3.0,33.3,0.25,0.08,0.11,0.33,0.0,0.0,88.0,95.3,37,88.0,31,0,,0,1.43,54.0,49.0,5.0,0.14,1.25,0.0,26.0,50.0,1.0,56.0,39.0,47.0,,,1.0,,,,,,,,,,,,,,,,True,alta,2,Lateral ofensivo,2.3428594328102794
ENG-Premier League,2526,Brentford,Nathan Collins,IRL,DF,24.0,2001.0,35.0,32.0,2975.0,33.1,1.0,2.0,3.0,1.0,0.0,0.0,7.0,0.0,0.03,0.06,0.09,0.03,0.09,33.1,1.0,20.0,6.0,30.0,0.61,0.18,0.05,0.17,0.0,0.0,85.0,87.0,32,90.0,32,3,32.0,3,1.31,46.0,44.0,2.0,0.06,-0.14,0.0,20.0,17.0,2.0,1.0,36.0,13.0,,,1.0,,,,,,,,,,,,,,,,True,alta,0,Central posicional,1.9876732427727317
ENG-Premier League,2526,Brentford,Rico Henry,JAM,DF,28.0,1997.0,25.0,14.0,1328.0,14.8,0.0,1.0,1.0,0.0,0.0,0.0,2.0,0.0,0.0,0.07,0.07,0.0,0.07,14.8,0.0,5.0,0.0,0.0,0.34,0.0,0.0,,0.0,0.0,53.0,38.8,14,80.0,6,11,19.0,4,1.64,28.0,22.0,6.0,0.41,0.54,0.0,15.0,17.0,2.0,26.0,7.0,11.0,,,0.0,,,,,,,,,,,,,,,,True,alta,2,Lateral ofensivo,2.2144856821431724
ENG-Premier League,2526,Brentford,Sepp van den Berg,NED,DF,23.0,2001.0,32.0,30.0,2763.0,30.7,0.0,2.0,2.0,0.0,0.0,0.0,2.0,0.0,0.0,0.07,0.07,0.0,0.07,30.7,0.0,23.0,7.0,30.4,0.75,0.23,0.0,0.0,0.0,0.0,86.0,80.8,30,90.0,30,2,32.0,5,1.34,43.0,41.0,2.0,0.07,-0.07,0.0,15.0,11.0,0.0,0.0,26.0,9.0,,,0.0,,,,,,,,,,,,,,,,True,alta,0,Central posicional,2.564104258335126
ENG-Premier League,2526,Brighton,Ferdi Kadioglu,TUR,"DF,MF",25.0,1999.0,37.0,34.0,3133.0,34.8,1.0,0.0,1.0,1.0,0.0,0.0,6.0,0.0,0.03,0.0,0.03,0.03,0.03,34.8,1.0,28.0,13.0,46.4,0.8,0.37,0.04,0.08,0.0,0.0,85.0,91.6,34,89.0,30,3,38.0,1,1.35,46.0,41.0,5.0,0.14,-0.17,0.0,22.0,36.0,7.0,109.0,25.0,39.0,,,0.0,,,,,,,,,,,,,,,,True,alta,2,Lateral ofensivo,2.3402630222083958
ENG-Premier League,2526,Brighton,Jan Paul van Hecke,NED,DF,25.0,2000.0,36.0,36.0,3210.0,35.7,3.0,3.0,6.0,3.0,0.0,0.0,9.0,0.0,0.08,0.08,0.17,0.08,0.17,35.7,3.0,23.0,10.0,43.5,0.64,0.28,0.13,0.3,0.0,0.0,89.0,93.9,36,89.0,35,0,,0,1.44,52.0,44.0,8.0,0.22,1.08,0.0,27.0,43.0,4.0,23.0,45.0,31.0,,,1.0,,,,,,,,,,,,,,,,True,alta,2,Lateral ofensivo,2.077198614077627
ENG-Premier League,2526,Brighton,Joël Veltman,NED,DF,33.0,1992.0,24.0,9.0,1058.0,11.8,1.0,0.0,1.0,1.0,0.0,0.0,5.0,0.0,0.09,0.0,0.09,0.09,0.09,11.8,1.0,4.0,1.0,25.0,0.34,0.09,0.25,1.0,0.0,0.0,44.0,30.9,9,83.0,7,15,21.0,9,1.75,18.0,12.0,6.0,0.51,0.51,0.0,10.0,22.0,2.0,18.0,19.0,17.0,,,0.0,,,,,,,,,,,,,,,,True,alta,1,Central de combate,2.8991894065888584
ENG-Premier League,2526,Brighton,Lewis Dunk,ENG,DF,33.0,1991.0,33.0,31.0,2838.0,31.5,1.0,0.0,1.0,1.0,0.0,0.0,10.0,0.0,0.03,0.0,0.03,0.03,0.03,31.5,1.0,23.0,3.0,13.0,0.73,0.1,0.04,0.33,0.0,0.0,86.0,83.0,31,90.0,31,2,24.0,1,1.36,44.0,40.0,4.0,0.13,-0.18,0.0,14.0,12.0,1.0,5.0,30.0,22.0,,,0.0,,,,,,,,,,,,,,,,True,alta,0,Central posicional,2.2697177592471096
ENG-Premier League,2526,Brighton,Mats Wieffer,NED,DF,25.0,1999.0,26.0,23.0,1903.0,21.1,2.0,3.0,5.0,2.0,0.0,0.0,8.0,0.0,0.09,0.14,0.24,0.09,0.24,21.1,2.0,18.0,6.0,33.3,0.85,0.28,0.11,0.33,0.0,0.0,73.0,55.6,23,79.0,14,3,29.0,0,1.54,31.0,26.0,5.0,0.24,0.18,0.0,30.0,22.0,2.0,17.0,24.0,43.0,,,0.0,,,,,,,,,,,,,,,,True,alta,2,Lateral ofensivo,2.780169777853049
ENG-Premier League,2526,Brighton,Maxim De Cuyper,BEL,"DF,MF",24.0,2000.0,30.0,17.0,1414.0,15.7,2.0,3.0,5.0,2.0,0.0,0.0,2.0,0.0,0.13,0.19,0.32,0.13,0.32,15.7,2.0,13.0,6.0,46.2,0.83,0.38,0.15,0.33,0.0,0.0,47.0,41.3,17,70.0,5,13,17.0,6,1.4,21.0,23.0,-2.0,-0.13,-0.49,0.0,18.0,21.0,1.0,77.0,11.0,10.0,,,0.0,,,,,,,,,,,,,,,,True,alta,2,Lateral ofensivo,2.183606861162617
ENG-Premier League,2526,Brighton,Olivier Boscagli,FRA,DF,27.0,1997.0,12.0,9.0,802.0,8.9,0.0,1.0,1.0,0.0,0.0,0.0,2.0,0.0,0.0,0.11,0.11,0.0,0.11,8.9,0.0,1.0,0.0,0.0,0.11,0.0,0.0,,0.0,0.0,67.0,23.5,9,85.0,7,3,13.0,26,1.08,11.0,10.0,1.0,0.11,-0.06,0.0,7.0,10.0,0.0,15.0,16.0,11.0,,,0.0,,,,,,,,,,,,,,,,False,baja,1,Central de combate,3.3476266410571
ENG-Premier League,2526,Burnley,Axel Tuanzebe,COD,DF,27.0,1997.0,14.0,14.0,1201.0,13.3,1.0,0.0,1.0,1.0,0.0,0.0,1.0,0.0,0.07,0.0,0.07,0.07,0.07,13.3,1.0,2.0,1.0,50.0,0.15,0.07,0.5,1.0,0.0,0.0,86.0,35.1,14,86.0,12,0,,0,0.71,16.0,26.0,-10.0,-0.75,0.35,0.0,13.0,2.0,1.0,1.0,12.0,8.0,,,1.0,,,,,,,,,,,,,,,,True,alta,0,Central posicional,2.2476870576008148
ENG-Premier League,2526,Burnley,Bashir Humphreys,ENG,"DF,MF",22.0,2003.0,20.0,17.0,1578.0,17.5,0.0,0.0,0.0,0.0,0.0,0.0,6.0,0.0,0.0,0.0,0.0,0.0,0.0,17.5,0.0,9.0,3.0,33.3,0.51,0.17,0.0,0.0,0.0,0.0,79.0,46.1,17,88.0,13,3,29.0,6,0.5,15.0,33.0,-18.0,-1.03,-0.1,0.0,14.0,10.0,2.0,17.0,11.0,17.0,,,0.0,,,,,,,,,,,,,,,,True,alta,1,Central de combate,2.3873559404930145
ENG-Premier League,2526,Burnley,Hjalmar Ekdal,SWE,DF,26.0,1998.0,19.0,17.0,1539.0,17.1,0.0,0.0,0.0,0.0,0.0,0.0,0.0,0.0,0.0,0.0,0.0,0.0,0.0,17.1,0.0,6.0,1.0,16.7,0.35,0.06,0.0,0.0,0.0,0.0,81.0,45.0,17,89.0,15,2,9.0,14,0.53,13.0,34.0,-21.0,-1.23,-0.46,0.0,5.0,7.0,2.0,1.0,12.0,17.0,,,0.0,,,,,,,,,,,,,,,,True,alta,0,Central posicional,2.5768022016487095
ENG-Premier League,2526,Burnley,Joe Worrall,ENG,DF,28.0,1997.0,11.0,5.0,500.0,5.6,0.0,0.0,0.0,0.0,0.0,0.0,0.0,0.0,0.0,0.0,0.0,0.0,0.0,5.6,0.0,1.0,0.0,0.0,0.18,0.0,0.0,,0.0,0.0,45.0,14.6,5,83.0,4,6,14.0,13,0.82,10.0,11.0,-1.0,-0.18,0.93,0.0,4.0,1.0,0.0,0.0,6.0,2.0,,,0.0,,,,,,,,,,,,,,,,False,baja,0,Central posicional,2.8430145444743986
ENG-Premier League,2526,Burnley,Josh Laurent,ENG,"DF,MF",30.0,1995.0,33.0,18.0,1764.0,19.6,1.0,0.0,1.0,1.0,0.0,0.0,7.0,1.0,0.05,0.0,0.05,0.05,0.05,19.6,1.0,15.0,4.0,26.7,0.77,0.2,0.07,0.25,0.0,0.0,53.0,51.6,18,81.0,9,15,20.0,4,0.64,17.0,40.0,-23.0,-1.17,-0.41,0.0,31.0,11.0,2.0,14.0,28.0,25.0,,,0.0,,,,,,,,,,,,,,,,True,alta,1,Central de combate,1.5296365324808463
ENG-Premier League,2526,Burnley,Kyle Walker,ENG,"DF,MF",35.0,1990.0,36.0,35.0,3096.0,34.4,0.0,2.0,2.0,0.0,0.0,0.0,9.0,0.0,0.0,0.06,0.06,0.0,0.06,34.4,0.0,4.0,0.0,0.0,0.12,0.0,0.0,,0.0,0.0,86.0,90.5,35,88.0,32,1,9.0,1,0.61,31.0,66.0,-35.0,-1.02,-0.46,0.0,32.0,22.0,1.0,37.0,43.0,32.0,,,0.0,,,,,,,,,,,,,,,,True,alta,1,Central de combate,2.321909045470139
ENG-Premier League,2526,Burnley,Lucas,BRA,"MF,DF",24.0,2001.0,20.0,15.0,1409.0,15.7,0.0,0.0,0.0,0.0,0.0,0.0,1.0,1.0,0.0,0.0,0.0,0.0,0.0,15.7,0.0,16.0,4.0,25.0,1.02,0.26,0.0,0.0,0.0,0.0,70.0,41.2,15,87.0,14,5,21.0,13,0.45,16.0,29.0,-13.0,-0.83,0.24,0.0,15.0,4.0,5.0,56.0,19.0,22.0,,,0.0,,,,,,,,,,,,,,,,True,alta,2,Lateral ofensivo,3.226165867494679
ENG-Premier League,2526,Burnley,Maxime Estève,FRA,DF,23.0,2002.0,34.0,34.0,2932.0,32.6,0.0,0.0,0.0,0.0,0.0,0.0,1.0,0.0,0.0,0.0,0.0,0.0,0.0,32.6,0.0,10.0,1.0,10.0,0.31,0.03,0.0,0.0,0.0,0.0,86.0,85.7,34,86.0,28,0,,0,0.56,34.0,70.0,-36.0,-1.11,-0.92,0.0,13.0,12.0,0.0,6.0,37.0,27.0,,,2.0,,,,,,,,,,,,,,,,True,alta,0,Central posicional,1.9338469187507312
ENG-Premier League,2526,Burnley,Quilindschy Hartman,NED,DF,23.0,2001.0,21.0,21.0,1825.0,20.3,0.0,5.0,5.0,0.0,0.0,0.0,1.0,0.0,0.0,0.25,0.25,0.0,0.25,20.3,0.0,9.0,3.0,33.3,0.44,0.15,0.0,0.0,0.0,0.0,87.0,53.4,21,87.0,16,0,,9,0.52,18.0,40.0,-22.0,-1.08,-0.24,0.0,13.0,3.0,1.0,74.0,32.0,31.0,,,0.0,,,,,,,,,,,,,,,,True,alta,2,Lateral ofensivo,3.8209538889000703
ENG-Premier League,2526,Chelsea,Benoît Badiashile,FRA,DF,24.0,2001.0,8.0,6.0,471.0,5.2,0.0,0.0,0.0,0.0,0.0,0.0,2.0,0.0,0.0,0.0,0.0,0.0,0.0,5.2,0.0,0.0,0.0,,0.0,0.0,,,0.0,0.0,59.0,13.8,6,69.0,3,2,29.0,11,1.63,7.0,10.0,-3.0,-0.57,-0.85,0.0,6.0,2.0,0.0,0.0,9.0,5.0,,,0.0,,,,,,,,,,,,,,,,False,baja,1,Central de combate,3.207158657720501
ENG-Premier League,2526,Chelsea,Jorrel Hato,NED,DF,19.0,2006.0,22.0,12.0,1148.0,12.8,0.0,0.0,0.0,0.0,0.0,0.0,7.0,0.0,0.0,0.0,0.0,0.0,0.0,12.8,0.0,4.0,0.0,0.0,0.31,0.0,0.0,,0.0,0.0,52.0,33.6,12,77.0,7,10,23.0,13,1.32,13.0,27.0,-14.0,-1.1,-1.89,0.0,15.0,2.0,0.0,7.0,17.0,19.0,,,0.0,,,,,,,,,,,,,,,,True,alta,1,Central de combate,2.8972229432415726
ENG-Premier League,2526,Chelsea,Joshua Acheampong,ENG,DF,19.0,2006.0,17.0,8.0,666.0,7.4,1.0,0.0,1.0,1.0,0.0,0.0,1.0,0.0,0.14,0.0,0.14,0.14,0.14,7.4,1.0,4.0,2.0,50.0,0.54,0.27,0.25,0.5,0.0,0.0,39.0,19.5,8,71.0,1,9,11.0,18,1.18,10.0,13.0,-3.0,-0.41,-0.7,0.0,2.0,9.0,2.0,1.0,12.0,8.0,,,0.0,,,,,,,,,,,,,,,,False,baja,0,Central posicional,3.1039378434023295
ENG-Premier League,2526,Chelsea,Malo Gusto,FRA,"DF,MF",22.0,2003.0,34.0,26.0,2261.0,25.1,2.0,3.0,5.0,2.0,0.0,0.0,5.0,1.0,0.08,0.12,0.2,0.08,0.2,25.1,2.0,12.0,6.0,50.0,0.48,0.24,0.17,0.33,0.0,0.0,67.0,66.1,26,80.0,10,8,24.0,1,1.32,42.0,35.0,7.0,0.28,0.36,1.0,20.0,20.0,1.0,58.0,30.0,23.0,,,1.0,,,,,,,,,,,,,,,,True,alta,2,Lateral ofensivo,1.5084128065587905
ENG-Premier League,2526,Chelsea,Marc Cucurella,ESP,DF,27.0,1998.0,34.0,31.0,2707.0,30.1,1.0,4.0,5.0,1.0,0.0,0.0,8.0,1.0,0.03,0.13,0.17,0.03,0.17,30.1,1.0,20.0,6.0,30.0,0.66,0.2,0.05,0.17,0.0,0.0,80.0,79.2,31,84.0,26,3,34.0,0,1.44,46.0,37.0,9.0,0.3,0.68,0.0,45.0,29.0,5.0,41.0,28.0,40.0,,,0.0,,,,,,,,,,,,,,,,True,alta,2,Lateral ofensivo,1.458040276609027
ENG-Premier League,2526,Chelsea,Reece James,ENG,"DF,MF",25.0,1999.0,29.0,20.0,1963.0,21.8,2.0,4.0,6.0,2.0,0.0,0.0,4.0,0.0,0.09,0.18,0.28,0.09,0.28,21.8,2.0,22.0,7.0,31.8,1.01,0.32,0.09,0.29,0.0,0.0,68.0,57.4,20,86.0,15,9,27.0,3,1.55,33.0,20.0,13.0,0.6,1.03,0.0,26.0,22.0,1.0,126.0,32.0,33.0,,,0.0,,,,,,,,,,,,,,,,True,alta,2,Lateral ofensivo,2.070512167609035
ENG-Premier League,2526,Chelsea,Tosin Adarabioyo,ENG,DF,27.0,1997.0,16.0,8.0,795.0,8.8,0.0,0.0,0.0,0.0,0.0,0.0,2.0,0.0,0.0,0.0,0.0,0.0,0.0,8.8,0.0,2.0,0.0,0.0,0.23,0.0,0.0,,0.0,0.0,50.0,23.2,8,80.0,6,8,19.0,12,1.44,16.0,14.0,2.0,0.23,0.09,0.0,6.0,0.0,1.0,0.0,9.0,6.0,,,0.0,,,,,,,,,,,,,,,,False,baja,0,Central posicional,2.638853742816571
ENG-Premier League,2526,Chelsea,Trevoh Chalobah,ENG,DF,26.0,1999.0,34.0,31.0,2783.0,30.9,3.0,0.0,3.0,3.0,0.0,0.0,3.0,1.0,0.1,0.0,0.1,0.1,0.1,30.9,3.0,16.0,5.0,31.3,0.52,0.16,0.19,0.6,0.0,0.0,82.0,81.4,31,88.0,29,3,18.0,1,1.41,52.0,37.0,15.0,0.49,1.76,0.0,20.0,18.0,2.0,5.0,37.0,22.0,,,0.0,,,,,,,,,,,,,,,,True,alta,0,Central posicional,1.1461699671322572
ENG-Premier League,2526,Chelsea,Wesley Fofana,FRA,DF,24.0,2000.0,25.0,20.0,1722.0,19.1,0.0,1.0,1.0,0.0,0.0,0.0,9.0,2.0,0.0,0.05,0.05,0.0,0.05,19.1,0.0,8.0,1.0,12.5,0.42,0.05,0.0,0.0,0.0,0.0,69.0,50.4,20,80.0,10,5,26.0,6,1.52,27.0,24.0,3.0,0.16,0.0,2.0,27.0,17.0,1.0,2.0,38.0,11.0,,,0.0,,,,,,,,,,,,,,,,True,alta,1,Central de combate,2.8717878924452784
ENG-Premier League,2526,Crystal Palace,Chadi Riad,MAR,DF,22.0,2003.0,9.0,6.0,552.0,6.1,0.0,1.0,1.0,0.0,0.0,0.0,2.0,0.0,0.0,0.16,0.16,0.0,0.16,6.1,0.0,4.0,2.0,50.0,0.65,0.33,0.0,0.0,0.0,0.0,61.0,16.1,6,77.0,2,3,31.0,8,0.89,8.0,8.0,0.0,0.0,0.31,0.0,5.0,3.0,0.0,6.0,4.0,5.0,,,0.0,,,,,,,,,,,,,,,,False,baja,2,Lateral ofensivo,2.404891295814892
ENG-Premier League,2526,Crystal Palace,Chris Richards,USA,DF,25.0,2000.0,33.0,31.0,2827.0,31.4,1.0,0.0,1.0,1.0,0.0,0.0,4.0,0.0,0.03,0.0,0.03,0.03,0.03,31.4,1.0,15.0,2.0,13.3,0.48,0.06,0.07,0.5,0.0,0.0,86.0,82.7,31,90.0,30,2,23.0,1,1.3,37.0,42.0,-5.0,-0.16,0.6,0.0,17.0,5.0,0.0,14.0,43.0,35.0,,,0.0,,,,,,,,,,,,,,,,True,alta,0,Central posicional,2.0475952633015506
ENG-Premier League,2526,Crystal Palace,Jaydee Canvot,FRA,DF,19.0,2006.0,20.0,14.0,1336.0,14.8,0.0,0.0,0.0,0.0,0.0,0.0,3.0,0.0,0.0,0.0,0.0,0.0,0.0,14.8,0.0,7.0,1.0,14.3,0.47,0.07,0.0,0.0,0.0,0.0,67.0,39.1,14,87.0,12,6,19.0,14,1.4,13.0,23.0,-10.0,-0.67,-0.67,0.0,12.0,7.0,0.0,5.0,12.0,22.0,,,0.0,,,,,,,,,,,,,,,,True,alta,0,Central posicional,2.0522074742786396
ENG-Premier League,2526,Crystal Palace,Jefferson Lerma,COL,"MF,DF",30.0,1994.0,31.0,18.0,1733.0,19.3,0.0,2.0,2.0,0.0,0.0,0.0,7.0,0.0,0.0,0.1,0.1,0.0,0.1,19.3,0.0,19.0,7.0,36.8,0.99,0.36,0.0,0.0,0.0,0.0,56.0,50.7,18,83.0,15,13,18.0,4,1.19,19.0,25.0,-6.0,-0.31,-0.1,0.0,25.0,24.0,0.0,12.0,25.0,18.0,,,2.0,,,,,,,,,,,,,,,,True,alta,1,Central de combate,2.3325998253762728
ENG-Premier League,2526,Crystal Palace,Marc Guéhi,ENG,DF,25.0,2000.0,20.0,20.0,1800.0,20.0,2.0,2.0,4.0,2.0,0.0,0.0,4.0,0.0,0.1,0.1,0.2,0.1,0.2,20.0,2.0,15.0,4.0,26.7,0.75,0.2,0.13,0.5,0.0,0.0,90.0,52.6,20,90.0,20,0,,0,1.35,22.0,23.0,-1.0,-0.05,0.45,0.0,14.0,18.0,0.0,10.0,24.0,19.0,,,0.0,,,,,,,,,,,,,,,,True,alta,2,Lateral ofensivo,1.981376897854259
ENG-Premier League,2526,Crystal Palace,Maxence Lacroix,FRA,DF,25.0,2000.0,35.0,35.0,3085.0,34.3,1.0,2.0,3.0,1.0,0.0,0.0,4.0,1.0,0.03,0.06,0.09,0.03,0.09,34.3,1.0,25.0,7.0,28.0,0.73,0.2,0.04,0.14,0.0,0.0,88.0,90.2,35,88.0,33,0,,1,1.11,36.0,45.0,-9.0,-0.26,0.01,0.0,34.0,19.0,0.0,5.0,45.0,38.0,,,0.0,,,,,,,,,,,,,,,,True,alta,0,Central posicional,1.8623778578164445
ENG-Premier League,2526,Crystal Palace,Nathaniel Clyne,ENG,"MF,DF",34.0,1991.0,10.0,7.0,594.0,6.6,0.0,1.0,1.0,0.0,0.0,0.0,1.0,0.0,0.0,0.15,0.15,0.0,0.15,6.6,0.0,3.0,0.0,0.0,0.45,0.0,0.0,,0.0,0.0,59.0,17.4,7,72.0,1,3,30.0,24,1.0,6.0,12.0,-6.0,-0.91,-0.78,0.0,4.0,2.0,0.0,15.0,7.0,9.0,,,0.0,,,,,,,,,,,,,,,,False,baja,2,Lateral ofensivo,2.4685317920829344
ENG-Premier League,2526,Everton,Jake O'Brien,IRL,DF,24.0,2001.0,37.0,35.0,3120.0,34.7,1.0,1.0,2.0,1.0,0.0,0.0,6.0,1.0,0.03,0.03,0.06,0.03,0.06,34.7,1.0,13.0,6.0,46.2,0.37,0.17,0.08,0.17,0.0,0.0,84.0,91.2,35,87.0,29,2,42.0,0,1.32,44.0,46.0,-2.0,-0.06,0.24,0.0,23.0,17.0,4.0,49.0,13.0,32.0,,,0.0,,,,,,,,,,,,,,,,True,alta,0,Central posicional,2.2022790735049407
ENG-Premier League,2526,Everton,James Garner,ENG,"MF,DF",24.0,2001.0,38.0,38.0,3413.0,37.9,2.0,7.0,9.0,2.0,0.0,0.0,12.0,0.0,0.05,0.18,0.24,0.05,0.24,37.9,2.0,45.0,14.0,31.1,1.19,0.37,0.04,0.14,0.0,0.0,90.0,99.8,38,90.0,37,0,,0,1.29,47.0,50.0,-3.0,-0.08,-0.08,0.0,39.0,42.0,0.0,205.0,57.0,72.0,,,0.0,,,,,,,,,,,,,,,,True,alta,2,Lateral ofensivo,2.8224947157954343
ENG-Premier League,2526,Everton,James Tarkowski,ENG,DF,32.0,1992.0,37.0,37.0,3330.0,37.0,2.0,3.0,5.0,2.0,0.0,0.0,8.0,0.0,0.05,0.08,0.14,0.05,0.14,37.0,2.0,20.0,10.0,50.0,0.54,0.27,0.1,0.2,0.0,0.0,90.0,97.4,37,90.0,37,0,,0,1.32,47.0,48.0,-1.0,-0.03,1.97,0.0,32.0,35.0,2.0,7.0,29.0,30.0,,,0.0,,,,,,,,,,,,,,,,True,alta,0,Central posicional,1.9682581410887907
ENG-Premier League,2526,Everton,Jarrad Branthwaite,ENG,DF,23.0,2002.0,10.0,7.0,680.0,7.6,1.0,0.0,1.0,1.0,0.0,0.0,1.0,0.0,0.13,0.0,0.13,0.13,0.13,7.6,1.0,6.0,2.0,33.3,0.79,0.26,0.17,0.5,0.0,0.0,68.0,19.9,7,88.0,4,3,21.0,0,1.5,10.0,9.0,1.0,0.13,0.26,0.0,3.0,1.0,1.0,3.0,11.0,6.0,,,0.0,,,,,,,,,,,,,,,,False,baja,0,Central posicional,2.472285315359148
ENG-Premier League,2526,Everton,Michael Keane,ENG,DF,32.0,1993.0,33.0,29.0,2591.0,28.8,3.0,1.0,4.0,3.0,0.0,0.0,1.0,1.0,0.1,0.03,0.14,0.1,0.14,28.8,3.0,27.0,7.0,25.9,0.94,0.24,0.11,0.43,0.0,0.0,79.0,75.8,29,89.0,27,4,4.0,1,1.15,31.0,42.0,-11.0,-0.38,-1.25,0.0,16.0,6.0,0.0,1.0,37.0,24.0,,,0.0,,,,,,,,,,,,,,,,True,alta,0,Central posicional,2.314220880442511
ENG-Premier League,2526,Everton,Vitaliy Mykolenko,UKR,DF,26.0,1999.0,33.0,33.0,2958.0,32.9,0.0,1.0,1.0,0.0,0.0,0.0,6.0,0.0,0.0,0.03,0.03,0.0,0.03,32.9,0.0,9.0,2.0,22.2,0.27,0.06,0.0,0.0,0.0,0.0,90.0,86.5,33,90.0,30,0,,1,1.33,44.0,47.0,-3.0,-0.09,-0.09,0.0,29.0,28.0,0.0,93.0,27.0,25.0,,,1.0,,,,,,,,,,,,,,,,True,alta,2,Lateral ofensivo,2.2292092867990623
ENG-Premier League,2526,Fulham,Antonee Robinson,USA,"DF,MF",27.0,1997.0,22.0,17.0,1492.0,16.6,1.0,0.0,1.0,0.0,1.0,1.0,5.0,0.0,0.06,0.0,0.06,0.0,0.0,16.6,1.0,6.0,1.0,16.7,0.36,0.06,0.17,1.0,1.0,1.0,68.0,43.6,17,83.0,12,5,17.0,5,1.36,13.0,19.0,-6.0,-0.36,-0.46,0.0,15.0,9.0,2.0,77.0,28.0,31.0,,,0.0,,,,,,,,,,,,,,,,True,alta,1,Central de combate,3.057685101099497
ENG-Premier League,2526,Fulham,Calvin Bassey,NGA,DF,25.0,1999.0,30.0,28.0,2534.0,28.2,1.0,0.0,1.0,1.0,0.0,0.0,5.0,0.0,0.04,0.0,0.04,0.04,0.04,28.2,1.0,12.0,1.0,8.3,0.43,0.04,0.08,1.0,0.0,0.0,84.0,74.1,28,90.0,28,2,7.0,2,1.27,36.0,40.0,-4.0,-0.14,-0.14,0.0,28.0,40.0,1.0,14.0,22.0,32.0,,,0.0,,,,,,,,,,,,,,,,True,alta,1,Central de combate,2.176648367069758
ENG-Premier League,2526,Fulham,Issa Diop,MAR,DF,28.0,1997.0,13.0,8.0,816.0,9.1,1.0,0.0,1.0,1.0,0.0,0.0,2.0,0.0,0.11,0.0,0.11,0.11,0.11,9.1,1.0,2.0,1.0,50.0,0.22,0.11,0.5,1.0,0.0,0.0,63.0,23.9,8,89.0,6,5,21.0,12,1.31,11.0,13.0,-2.0,-0.22,-0.15,0.0,9.0,3.0,0.0,1.0,6.0,2.0,,,0.0,,,,,,,,,,,,,,,,False,baja,0,Central posicional,2.796613129600729
ENG-Premier League,2526,Fulham,Joachim Andersen,DEN,DF,29.0,1996.0,33.0,33.0,2875.0,31.9,0.0,1.0,1.0,0.0,0.0,0.0,7.0,1.0,0.0,0.03,0.03,0.0,0.03,31.9,0.0,16.0,4.0,25.0,0.5,0.13,0.0,0.0,0.0,0.0,87.0,84.1,33,87.0,31,0,,1,1.36,41.0,44.0,-3.0,-0.09,0.07,0.0,30.0,13.0,0.0,15.0,34.0,26.0,,,0.0,,,,,,,,,,,,,,,,True,alta,0,Central posicional,1.1330090246773228
ENG-Premier League,2526,Fulham,Jorge Cuenca,ESP,DF,25.0,1999.0,15.0,11.0,938.0,10.4,0.0,0.0,0.0,0.0,0.0,0.0,6.0,0.0,0.0,0.0,0.0,0.0,0.0,10.4,0.0,1.0,0.0,0.0,0.1,0.0,0.0,,0.0,0.0,63.0,27.4,11,84.0,7,4,4.0,16,1.8,9.0,11.0,-2.0,-0.19,-0.12,0.0,10.0,1.0,1.0,2.0,15.0,10.0,,,0.0,,,,,,,,,,,,,,,,True,alta,1,Central de combate,3.620175905120409
ENG-Premier League,2526,Fulham,Kenny Tete,NED,DF,29.0,1995.0,22.0,21.0,1791.0,19.9,1.0,0.0,1.0,1.0,0.0,0.0,2.0,0.0,0.05,0.0,0.05,0.05,0.05,19.9,1.0,16.0,3.0,18.8,0.8,0.15,0.06,0.33,0.0,0.0,81.0,52.4,21,85.0,15,1,8.0,6,1.55,24.0,24.0,0.0,0.0,0.22,0.0,27.0,31.0,1.0,34.0,26.0,38.0,,,0.0,,,,,,,,,,,,,,,,True,alta,2,Lateral ofensivo,2.9787960537168803
ENG-Premier League,2526,Fulham,Ryan Sessegnon,ENG,"DF,MF",25.0,2000.0,27.0,20.0,1823.0,20.3,3.0,1.0,4.0,3.0,0.0,0.0,0.0,0.0,0.15,0.05,0.2,0.15,0.2,20.3,3.0,16.0,4.0,25.0,0.79,0.2,0.19,0.75,0.0,0.0,68.0,53.3,20,85.0,14,7,19.0,1,1.33,32.0,29.0,3.0,0.15,0.54,0.0,33.0,3.0,4.0,55.0,23.0,29.0,,,0.0,,,,,,,,,,,,,,,,True,alta,2,Lateral ofensivo,3.5906836760863317
ENG-Premier League,2526,Fulham,Timothy Castagne,BEL,"DF,MF",29.0,1995.0,30.0,20.0,1845.0,20.5,0.0,0.0,0.0,0.0,0.0,0.0,4.0,0.0,0.0,0.0,0.0,0.0,0.0,20.5,0.0,14.0,6.0,42.9,0.68,0.29,0.0,0.0,0.0,0.0,62.0,53.9,20,86.0,16,10,12.0,8,1.2,25.0,32.0,-7.0,-0.34,-0.51,0.0,18.0,11.0,1.0,48.0,28.0,24.0,,,0.0,,,,,,,,,,,,,,,,True,alta,1,Central de combate,2.0991074369474476
ENG-Premier League,2526,Leeds United,Gabriel Gudmundsson,SWE,"DF,MF",26.0,1999.0,32.0,31.0,2631.0,29.2,0.0,0.0,0.0,0.0,0.0,0.0,6.0,1.0,0.0,0.0,0.0,0.0,0.0,29.2,0.0,18.0,3.0,16.7,0.62,0.1,0.0,0.0,0.0,0.0,82.0,76.9,31,84.0,21,1,22.0,0,1.19,40.0,45.0,-5.0,-0.17,0.06,1.0,31.0,56.0,3.0,88.0,28.0,47.0,,,1.0,,,,,,,,,,,,,,,,True,alta,2,Lateral ofensivo,2.5114618696956614
ENG-Premier League,2526,Leeds United,Jaka Bijol,SVN,DF,26.0,1999.0,25.0,21.0,1890.0,21.0,1.0,2.0,3.0,1.0,0.0,0.0,4.0,0.0,0.05,0.1,0.14,0.05,0.14,21.0,1.0,15.0,6.0,40.0,0.71,0.29,0.07,0.17,0.0,0.0,76.0,55.3,21,85.0,16,4,25.0,9,1.28,29.0,26.0,3.0,0.14,0.73,0.0,19.0,10.0,0.0,1.0,22.0,13.0,,,0.0,,,,,,,,,,,,,,,,True,alta,0,Central posicional,1.8990987505831285
ENG-Premier League,2526,Leeds United,James Justin,ENG,"DF,MF",27.0,1998.0,29.0,21.0,1901.0,21.1,2.0,1.0,3.0,2.0,0.0,0.0,4.0,0.0,0.09,0.05,0.14,0.09,0.14,21.1,2.0,24.0,6.0,25.0,1.14,0.28,0.08,0.33,0.0,0.0,66.0,55.6,21,86.0,17,8,12.0,7,1.41,27.0,26.0,1.0,0.05,0.52,0.0,13.0,31.0,2.0,38.0,26.0,38.0,,,0.0,,,,,,,,,,,,,,,,True,alta,2,Lateral ofensivo,2.475797875359667
ENG-Premier League,2526,Leeds United,Jayden Bogle,ENG,"MF,DF",25.0,2000.0,34.0,32.0,2793.0,31.0,1.0,2.0,3.0,1.0,0.0,0.0,6.0,0.0,0.03,0.06,0.1,0.03,0.1,31.0,1.0,18.0,4.0,22.2,0.58,0.13,0.06,0.25,0.0,0.0,82.0,81.7,32,86.0,18,2,27.0,0,1.24,38.0,44.0,-6.0,-0.19,-0.05,0.0,39.0,29.0,10.0,67.0,30.0,43.0,,,0.0,,,,,,,,,,,,,,,,True,alta,2,Lateral ofensivo,0.8440247938488805
ENG-Premier League,2526,Leeds United,Joe Rodon,WAL,DF,27.0,1997.0,35.0,33.0,2951.0,32.8,2.0,0.0,2.0,2.0,0.0,0.0,3.0,0.0,0.06,0.0,0.06,0.06,0.06,32.8,2.0,18.0,7.0,38.9,0.55,0.21,0.11,0.29,0.0,0.0,84.0,86.3,33,88.0,30,2,23.0,0,1.2,42.0,52.0,-10.0,-0.3,-0.88,0.0,17.0,19.0,1.0,6.0,30.0,19.0,,,0.0,,,,,,,,,,,,,,,,True,alta,0,Central posicional,1.3799611145369843
ENG-Premier League,2526,Leeds United,Pascal Struijk,NED,DF,25.0,1999.0,34.0,33.0,2936.0,32.6,0.0,1.0,1.0,0.0,0.0,0.0,5.0,0.0,0.0,0.03,0.03,0.0,0.03,32.6,0.0,31.0,5.0,16.1,0.95,0.15,0.0,0.0,0.0,0.0,86.0,85.8,33,89.0,31,1,9.0,2,1.18,42.0,48.0,-6.0,-0.18,0.0,0.0,27.0,22.0,5.0,2.0,32.0,22.0,,,0.0,,,,,,,,,,,,,,,,True,alta,0,Central posicional,1.669344219139644
ENG-Premier League,2526,Liverpool,Andy Robertson,SCO,DF,31.0,1994.0,24.0,11.0,1176.0,13.1,1.0,0.0,1.0,1.0,0.0,0.0,0.0,0.0,0.08,0.0,0.08,0.08,0.08,13.1,1.0,10.0,3.0,30.0,0.77,0.23,0.1,0.33,0.0,0.0,49.0,34.4,11,80.0,4,13,23.0,14,1.58,22.0,16.0,6.0,0.46,0.3,0.0,4.0,1.0,5.0,53.0,7.0,10.0,,,0.0,,,,,,,,,,,,,,,,True,alta,0,Central posicional,3.809091484091239
ENG-Premier League,2526,Liverpool,Conor Bradley,NIR,DF,22.0,2003.0,15.0,12.0,929.0,10.3,0.0,1.0,1.0,0.0,0.0,0.0,5.0,0.0,0.0,0.1,0.1,0.0,0.1,10.3,0.0,6.0,0.0,0.0,0.58,0.0,0.0,,0.0,0.0,62.0,27.2,12,70.0,3,3,29.0,1,1.47,11.0,13.0,-2.0,-0.19,-0.63,0.0,18.0,20.0,1.0,23.0,12.0,15.0,,,0.0,,,,,,,,,,,,,,,,True,alta,2,Lateral ofensivo,3.1697523801571466
ENG-Premier League,2526,Liverpool,Curtis Jones,ENG,"MF,DF",24.0,2001.0,34.0,18.0,1937.0,21.5,1.0,2.0,3.0,1.0,0.0,0.0,2.0,0.0,0.05,0.09,0.14,0.05,0.14,21.5,1.0,22.0,7.0,31.8,1.02,0.33,0.05,0.14,0.0,0.0,57.0,56.6,18,83.0,9,16,28.0,2,1.47,38.0,38.0,0.0,0.0,-0.61,0.0,17.0,29.0,0.0,16.0,18.0,23.0,,,0.0,,,,,,,,,,,,,,,,True,alta,2,Lateral ofensivo,1.918569259510198
ENG-Premier League,2526,Liverpool,Dominik Szoboszlai,HUN,"MF,DF",24.0,2000.0,36.0,36.0,3231.0,35.9,6.0,7.0,13.0,6.0,0.0,1.0,8.0,1.0,0.17,0.19,0.36,0.17,0.36,35.9,6.0,71.0,23.0,32.4,1.98,0.64,0.08,0.26,0.0,1.0,90.0,94.5,36,90.0,34,0,,0,1.5,60.0,51.0,9.0,0.25,-0.23,0.0,42.0,30.0,2.0,206.0,29.0,32.0,,,0.0,,,,,,,,,,,,,,,,True,alta,2,Lateral ofensivo,2.577589006424583
ENG-Premier League,2526,Liverpool,Ibrahima Konaté,FRA,DF,26.0,1999.0,36.0,36.0,3090.0,34.3,1.0,0.0,1.0,1.0,0.0,0.0,7.0,0.0,0.03,0.0,0.03,0.03,0.03,34.3,1.0,12.0,4.0,33.3,0.35,0.12,0.08,0.25,0.0,0.0,86.0,90.4,36,86.0,26,0,,1,1.64,55.0,45.0,10.0,0.29,0.29,0.0,33.0,41.0,0.0,3.0,28.0,31.0,,,0.0,,,,,,,,,,,,,,,,True,alta,1,Central de combate,2.1186988719495528
ENG-Premier League,2526,Liverpool,Jeremie Frimpong,NED,"DF,MF",24.0,2000.0,21.0,12.0,1040.0,11.6,0.0,1.0,1.0,0.0,0.0,0.0,1.0,0.0,0.0,0.09,0.09,0.0,0.09,11.6,0.0,10.0,2.0,20.0,0.87,0.17,0.0,0.0,0.0,0.0,50.0,30.4,12,75.0,4,9,16.0,2,1.48,20.0,13.0,7.0,0.61,0.49,0.0,8.0,21.0,4.0,51.0,6.0,9.0,,,0.0,,,,,,,,,,,,,,,,True,alta,2,Lateral ofensivo,2.585915986006538
ENG-Premier League,2526,Liverpool,Joe Gomez,ENG,DF,28.0,1997.0,21.0,7.0,607.0,6.7,0.0,2.0,2.0,0.0,0.0,0.0,4.0,0.0,0.0,0.3,0.3,0.0,0.3,6.7,0.0,5.0,1.0,20.0,0.74,0.15,0.0,0.0,0.0,0.0,29.0,17.7,7,63.0,2,14,12.0,11,1.62,17.0,14.0,3.0,0.44,0.22,0.0,14.0,0.0,0.0,16.0,8.0,7.0,,,0.0,,,,,,,,,,,,,,,,False,baja,1,Central de combate,4.8586792526472085
ENG-Premier League,2526,Liverpool,Milos Kerkez,HUN,DF,21.0,2003.0,34.0,27.0,2257.0,25.1,2.0,1.0,3.0,2.0,0.0,0.0,4.0,0.0,0.08,0.04,0.12,0.08,0.12,25.1,2.0,9.0,2.0,22.2,0.36,0.08,0.22,1.0,0.0,0.0,66.0,66.0,27,79.0,15,7,16.0,4,1.47,41.0,36.0,5.0,0.2,-0.19,0.0,22.0,30.0,4.0,79.0,15.0,26.0,,,0.0,,,,,,,,,,,,,,,,True,alta,2,Lateral ofensivo,1.8196297280629121
ENG-Premier League,2526,Liverpool,Virgil van Dijk,NED,DF,34.0,1991.0,38.0,38.0,3420.0,38.0,6.0,0.0,6.0,6.0,0.0,0.0,4.0,0.0,0.16,0.0,0.16,0.16,0.16,38.0,6.0,30.0,14.0,46.7,0.79,0.37,0.2,0.43,0.0,0.0,90.0,100.0,38,90.0,38,0,,0,1.58,63.0,53.0,10.0,0.26,,0.0,19.0,18.0,1.0,1.0,26.0,15.0,,,0.0,,,,,,,,,,,,,,,,True,alta,0,Central posicional,2.2177445528438238
ENG-Premier League,2526,Manchester City,Abdukodir Khusanov,UZB,DF,21.0,2004.0,21.0,15.0,1432.0,15.9,0.0,0.0,0.0,0.0,0.0,0.0,2.0,0.0,0.0,0.0,0.0,0.0,0.0,15.9,0.0,7.0,1.0,14.3,0.44,0.06,0.0,0.0,0.0,0.0,68.0,41.9,15,85.0,12,6,27.0,9,1.95,25.0,13.0,12.0,0.75,-0.6,0.0,14.0,6.0,0.0,3.0,29.0,20.0,,,0.0,,,,,,,,,,,,,,,,True,alta,1,Central de combate,2.5267308705113227
ENG-Premier League,2526,Manchester City,Joško Gvardiol,CRO,DF,23.0,2002.0,18.0,16.0,1372.0,15.2,2.0,2.0,4.0,2.0,0.0,0.0,2.0,0.0,0.13,0.13,0.26,0.13,0.26,15.2,2.0,17.0,6.0,35.3,1.12,0.39,0.12,0.33,0.0,0.0,76.0,40.1,16,83.0,12,2,24.0,2,2.17,37.0,13.0,24.0,1.57,0.78,0.0,16.0,7.0,0.0,2.0,16.0,13.0,,,0.0,,,,,,,,,,,,,,,,True,alta,0,Central posicional,2.5401921568056096
ENG-Premier League,2526,Manchester City,Marc Guéhi,ENG,DF,25.0,2000.0,15.0,15.0,1350.0,15.0,1.0,1.0,2.0,1.0,0.0,0.0,2.0,0.0,0.07,0.07,0.13,0.07,0.13,15.0,1.0,17.0,5.0,29.4,1.13,0.33,0.06,0.2,0.0,0.0,90.0,39.5,15,90.0,15,0,,0,2.33,31.0,12.0,19.0,1.27,0.27,0.0,11.0,20.0,0.0,7.0,25.0,12.0,,,0.0,,,,,,,,,,,,,,,,True,alta,2,Lateral ofensivo,3.053297846945306
ENG-Premier League,2526,Manchester City,Matheus Nunes,POR,DF,26.0,1998.0,34.0,32.0,2862.0,31.8,1.0,5.0,6.0,1.0,0.0,0.0,5.0,0.0,0.03,0.16,0.19,0.03,0.19,31.8,1.0,7.0,2.0,28.6,0.22,0.06,0.14,0.5,0.0,0.0,84.0,83.7,32,87.0,28,2,35.0,3,2.21,68.0,28.0,40.0,1.26,0.94,0.0,17.0,30.0,4.0,67.0,29.0,41.0,,,0.0,,,,,,,,,,,,,,,,True,alta,2,Lateral ofensivo,2.40884882403997
ENG-Premier League,2526,Manchester City,Nathan Aké,NED,DF,30.0,1995.0,18.0,6.0,695.0,7.7,0.0,0.0,0.0,0.0,0.0,0.0,1.0,0.0,0.0,0.0,0.0,0.0,0.0,7.7,0.0,7.0,1.0,14.3,0.91,0.13,0.0,0.0,0.0,0.0,39.0,20.3,6,85.0,4,12,16.0,17,2.06,10.0,9.0,1.0,0.13,-1.22,0.0,3.0,8.0,1.0,4.0,5.0,6.0,,,0.0,,,,,,,,,,,,,,,,False,baja,0,Central posicional,2.5341959015020867
ENG-Premier League,2526,Manchester City,Nico O'Reilly,ENG,"DF,MF",20.0,2005.0,34.0,29.0,2646.0,29.4,5.0,3.0,8.0,5.0,0.0,0.0,5.0,0.0,0.17,0.1,0.27,0.17,0.27,29.4,5.0,41.0,15.0,36.6,1.39,0.51,0.12,0.33,0.0,0.0,78.0,77.4,29,87.0,22,5,27.0,1,2.18,63.0,25.0,38.0,1.29,0.83,0.0,45.0,18.0,1.0,38.0,20.0,36.0,,,0.0,,,,,,,,,,,,,,,,True,alta,2,Lateral ofensivo,2.12274667445513
ENG-Premier League,2526,Manchester City,Rayan Aït-Nouri,ALG,DF,24.0,2001.0,17.0,12.0,974.0,10.8,0.0,2.0,2.0,0.0,0.0,0.0,2.0,0.0,0.0,0.18,0.18,0.0,0.18,10.8,0.0,10.0,2.0,20.0,0.92,0.18,0.0,0.0,0.0,0.0,57.0,28.5,12,77.0,7,5,11.0,9,1.94,23.0,9.0,14.0,1.29,0.26,0.0,17.0,10.0,0.0,22.0,13.0,21.0,,,0.0,,,,,,,,,,,,,,,,True,alta,2,Lateral ofensivo,2.2857197649778325
ENG-Premier League,2526,Manchester City,Rúben Dias,POR,DF,28.0,1997.0,26.0,24.0,2141.0,23.8,2.0,0.0,2.0,2.0,0.0,0.0,3.0,0.0,0.08,0.0,0.08,0.08,0.08,23.8,2.0,10.0,4.0,40.0,0.42,0.17,0.2,0.5,0.0,0.0,82.0,62.6,24,88.0,22,2,18.0,4,2.12,54.0,22.0,32.0,1.35,0.64,0.0,15.0,9.0,0.0,9.0,23.0,6.0,,,0.0,,,,,,,,,,,,,,,,True,alta,0,Central posicional,2.0678862483945832
ENG-Premier League,2526,Manchester Utd,Ayden Heaven,ENG,DF,18.0,2006.0,17.0,11.0,924.0,10.3,0.0,1.0,1.0,0.0,0.0,0.0,2.0,0.0,0.0,0.1,0.1,0.0,0.1,10.3,0.0,3.0,0.0,0.0,0.29,0.0,0.0,,0.0,0.0,54.0,27.0,11,80.0,7,6,8.0,21,2.0,20.0,15.0,5.0,0.49,-0.02,0.0,7.0,9.0,0.0,1.0,1.0,13.0,,,1.0,,,,,,,,,,,,,,,,True,alta,0,Central posicional,3.470967930535962
ENG-Premier League,2526,Manchester Utd,Diogo Dalot,POR,"DF,MF",26.0,1999.0,34.0,29.0,2614.0,29.0,1.0,3.0,4.0,1.0,0.0,0.0,5.0,0.0,0.03,0.1,0.14,0.03,0.14,29.0,1.0,24.0,6.0,25.0,0.83,0.21,0.04,0.17,0.0,0.0,77.0,76.4,29,86.0,22,5,27.0,1,1.88,58.0,40.0,18.0,0.62,0.51,0.0,25.0,14.0,4.0,57.0,26.0,30.0,,,0.0,,,,,,,,,,,,,,,,True,alta,2,Lateral ofensivo,1.4065355511817852
ENG-Premier League,2526,Manchester Utd,Harry Maguire,ENG,DF,32.0,1993.0,23.0,19.0,1653.0,18.4,1.0,2.0,3.0,1.0,0.0,0.0,3.0,1.0,0.05,0.11,0.16,0.05,0.16,18.4,1.0,14.0,4.0,28.6,0.76,0.22,0.07,0.25,0.0,0.0,72.0,48.3,19,84.0,13,4,13.0,3,2.04,36.0,19.0,17.0,0.93,0.82,0.0,16.0,16.0,0.0,4.0,12.0,17.0,,,0.0,,,,,,,,,,,,,,,,True,alta,2,Lateral ofensivo,2.1878380923592036
ENG-Premier League,2526,Manchester Utd,Leny Yoro,FRA,DF,19.0,2005.0,32.0,18.0,1740.0,19.3,0.0,0.0,0.0,0.0,0.0,0.0,1.0,0.0,0.0,0.0,0.0,0.0,0.0,19.3,0.0,9.0,3.0,33.3,0.47,0.16,0.0,0.0,0.0,0.0,54.0,50.9,18,82.0,9,14,20.0,5,1.72,28.0,33.0,-5.0,-0.26,-1.54,0.0,17.0,5.0,2.0,3.0,31.0,20.0,,,0.0,,,,,,,,,,,,,,,,True,alta,0,Central posicional,2.2389490806611807
ENG-Premier League,2526,Manchester Utd,Lisandro Martínez,ARG,DF,27.0,1998.0,18.0,13.0,1233.0,13.7,0.0,0.0,0.0,0.0,0.0,0.0,0.0,1.0,0.0,0.0,0.0,0.0,0.0,13.7,0.0,5.0,0.0,0.0,0.36,0.0,0.0,,0.0,0.0,69.0,36.1,13,87.0,11,5,20.0,1,1.89,25.0,15.0,10.0,0.73,0.36,0.0,9.0,2.0,0.0,2.0,12.0,11.0,,,1.0,,,,,,,,,,,,,,,,True,alta,0,Central posicional,2.1851920474229853
ENG-Premier League,2526,Manchester Utd,Luke Shaw,ENG,DF,30.0,1995.0,38.0,38.0,3219.0,35.8,1.0,1.0,2.0,1.0,0.0,0.0,9.0,0.0,0.03,0.03,0.06,0.03,0.06,35.8,1.0,10.0,3.0,30.0,0.28,0.08,0.1,0.33,0.0,0.0,85.0,94.1,38,85.0,23,0,,0,1.87,66.0,45.0,21.0,0.59,1.48,0.0,48.0,20.0,0.0,54.0,43.0,45.0,,,0.0,,,,,,,,,,,,,,,,True,alta,1,Central de combate,1.5857153278575673
ENG-Premier League,2526,Manchester Utd,Matthijs de Ligt,NED,DF,25.0,1999.0,13.0,13.0,1170.0,13.0,1.0,0.0,1.0,1.0,0.0,0.0,0.0,0.0,0.08,0.0,0.08,0.08,0.08,13.0,1.0,11.0,3.0,27.3,0.85,0.23,0.09,0.33,0.0,0.0,90.0,34.2,13,90.0,13,0,,0,1.62,21.0,20.0,1.0,0.08,-0.64,0.0,6.0,5.0,0.0,4.0,11.0,13.0,,,0.0,,,,,,,,,,,,,,,,True,alta,0,Central posicional,2.3672334336734417
ENG-Premier League,2526,Manchester Utd,Noussair Mazraoui,MAR,"DF,MF",27.0,1997.0,20.0,11.0,985.0,10.9,0.0,0.0,0.0,0.0,0.0,0.0,3.0,0.0,0.0,0.0,0.0,0.0,0.0,10.9,0.0,5.0,0.0,0.0,0.46,0.0,0.0,,0.0,0.0,49.0,28.8,11,72.0,3,9,22.0,6,2.0,19.0,10.0,9.0,0.82,0.45,0.0,12.0,14.0,0.0,13.0,11.0,15.0,,,0.0,,,,,,,,,,,,,,,,True,alta,1,Central de combate,1.7601197160823838
ENG-Premier League,2526,Newcastle,Dan Burn,ENG,DF,33.0,1992.0,29.0,25.0,2199.0,24.4,1.0,2.0,3.0,1.0,0.0,0.0,11.0,1.0,0.04,0.08,0.12,0.04,0.12,24.4,1.0,10.0,3.0,30.0,0.41,0.12,0.1,0.33,0.0,0.0,76.0,64.3,25,86.0,21,4,13.0,2,1.21,32.0,34.0,-2.0,-0.08,-0.08,1.0,36.0,13.0,3.0,14.0,20.0,26.0,,,0.0,,,,,,,,,,,,,,,,True,alta,1,Central de combate,2.260794829504391
ENG-Premier League,2526,Newcastle,Fabian Schär,SUI,DF,33.0,1991.0,16.0,11.0,1091.0,12.1,0.0,0.0,0.0,0.0,0.0,0.0,1.0,0.0,0.0,0.0,0.0,0.0,0.0,12.1,0.0,17.0,4.0,23.5,1.4,0.33,0.0,0.0,0.0,0.0,68.0,31.9,11,88.0,9,5,25.0,3,1.75,16.0,13.0,3.0,0.25,0.44,0.0,15.0,7.0,1.0,4.0,16.0,9.0,,,0.0,,,,,,,,,,,,,,,,True,alta,0,Central posicional,2.82193426748731
ENG-Premier League,2526,Newcastle,Kieran Trippier,ENG,DF,34.0,1990.0,21.0,18.0,1586.0,17.6,0.0,1.0,1.0,0.0,0.0,0.0,3.0,0.0,0.0,0.06,0.06,0.0,0.06,17.6,0.0,2.0,0.0,0.0,0.11,0.0,0.0,,0.0,0.0,76.0,46.4,18,84.0,11,3,23.0,8,1.05,22.0,27.0,-5.0,-0.28,-0.43,0.0,22.0,19.0,1.0,96.0,7.0,13.0,,,0.0,,,,,,,,,,,,,,,,True,alta,2,Lateral ofensivo,3.1301529815816496
ENG-Premier League,2526,Newcastle,Lewis Hall,ENG,DF,20.0,2004.0,30.0,24.0,2181.0,24.2,1.0,1.0,2.0,1.0,0.0,0.0,4.0,0.0,0.04,0.04,0.08,0.04,0.08,24.2,1.0,25.0,6.0,24.0,1.03,0.25,0.04,0.17,0.0,0.0,73.0,63.8,24,86.0,19,6,19.0,4,1.3,34.0,39.0,-5.0,-0.21,-0.42,0.0,17.0,40.0,0.0,102.0,29.0,31.0,,,0.0,,,,,,,,,,,,,,,,True,alta,2,Lateral ofensivo,2.091428511505849
ENG-Premier League,2526,Newcastle,Lewis Miley,ENG,"MF,DF",19.0,2006.0,23.0,15.0,1496.0,16.6,1.0,4.0,5.0,1.0,0.0,0.0,0.0,0.0,0.06,0.24,0.3,0.06,0.3,16.6,1.0,12.0,4.0,33.3,0.72,0.24,0.08,0.25,0.0,0.0,65.0,43.7,15,88.0,13,8,22.0,5,1.3,25.0,22.0,3.0,0.18,0.41,0.0,5.0,4.0,2.0,42.0,20.0,18.0,,,0.0,,,,,,,,,,,,,,,,True,alta,0,Central posicional,3.8780948722774773
ENG-Premier League,2526,Newcastle,Malick Thiaw,GER,DF,23.0,2001.0,35.0,33.0,2965.0,32.9,4.0,0.0,4.0,4.0,0.0,0.0,4.0,0.0,0.12,0.0,0.12,0.12,0.12,32.9,4.0,28.0,14.0,50.0,0.85,0.42,0.14,0.29,0.0,0.0,85.0,86.7,33,88.0,31,2,24.0,3,1.26,47.0,52.0,-5.0,-0.15,-0.75,0.0,24.0,11.0,2.0,9.0,30.0,34.0,,,0.0,,,,,,,,,,,,,,,,True,alta,0,Central posicional,1.573906914849157
ENG-Premier League,2526,Newcastle,Sven Botman,NED,DF,25.0,2000.0,25.0,21.0,1835.0,20.4,1.0,1.0,2.0,1.0,0.0,0.0,2.0,0.0,0.05,0.05,0.1,0.05,0.1,20.4,1.0,15.0,4.0,26.7,0.74,0.2,0.07,0.25,0.0,0.0,73.0,53.7,21,84.0,17,4,15.0,5,1.36,25.0,27.0,-2.0,-0.1,-0.1,0.0,13.0,19.0,1.0,2.0,25.0,14.0,,,1.0,,,,,,,,,,,,,,,,True,alta,0,Central posicional,1.863919463518543
ENG-Premier League,2526,Newcastle,Tino Livramento,ENG,DF,22.0,2002.0,17.0,14.0,1328.0,14.8,0.0,1.0,1.0,0.0,0.0,0.0,1.0,0.0,0.0,0.07,0.07,0.0,0.07,14.8,0.0,3.0,0.0,0.0,0.2,0.0,0.0,,0.0,0.0,78.0,38.8,14,88.0,12,3,33.0,0,1.47,22.0,14.0,8.0,0.54,0.97,0.0,7.0,16.0,2.0,36.0,2.0,14.0,,,0.0,,,,,,,,,,,,,,,,True,alta,2,Lateral ofensivo,3.6677852992729343
ENG-Premier League,2526,Nottingham,Jair Cunha,BRA,DF,20.0,2005.0,9.0,6.0,517.0,5.7,0.0,0.0,0.0,0.0,0.0,0.0,0.0,0.0,0.0,0.0,0.0,0.0,0.0,5.7,0.0,3.0,1.0,33.3,0.52,0.17,0.0,0.0,0.0,0.0,57.0,15.1,6,71.0,3,3,30.0,14,1.33,14.0,7.0,7.0,1.22,1.53,0.0,0.0,6.0,0.0,2.0,5.0,5.0,,,0.0,,,,,,,,,,,,,,,,False,baja,0,Central posicional,3.6296452888081103
ENG-Premier League,2526,Nottingham,Morato,BRA,DF,24.0,2001.0,21.0,14.0,1345.0,14.9,1.0,0.0,1.0,1.0,0.0,0.0,5.0,0.0,0.07,0.0,0.07,0.07,0.07,14.9,1.0,5.0,2.0,40.0,0.33,0.13,0.2,0.5,0.0,0.0,64.0,39.3,14,89.0,13,7,14.0,16,1.29,13.0,23.0,-10.0,-0.67,-0.97,0.0,16.0,7.0,1.0,2.0,11.0,18.0,,,0.0,,,,,,,,,,,,,,,,True,alta,1,Central de combate,2.0182270685072847
ENG-Premier League,2526,Nottingham,Murillo,BRA,DF,23.0,2002.0,25.0,25.0,2130.0,23.7,1.0,0.0,1.0,1.0,0.0,0.0,5.0,0.0,0.04,0.0,0.04,0.04,0.04,23.7,1.0,11.0,4.0,36.4,0.46,0.17,0.09,0.25,0.0,0.0,85.0,62.3,25,85.0,22,0,,1,1.24,29.0,29.0,0.0,0.0,0.21,0.0,23.0,7.0,0.0,2.0,29.0,23.0,,,2.0,,,,,,,,,,,,,,,,True,alta,0,Central posicional,1.647115883061077
ENG-Premier League,2526,Nottingham,Neco Williams,WAL,DF,24.0,2001.0,37.0,36.0,3204.0,35.6,2.0,3.0,5.0,2.0,0.0,0.0,6.0,1.0,0.06,0.08,0.14,0.06,0.14,35.6,2.0,46.0,19.0,41.3,1.29,0.53,0.04,0.11,0.0,0.0,87.0,93.7,36,88.0,33,1,46.0,0,1.19,45.0,47.0,-2.0,-0.06,0.36,0.0,29.0,52.0,4.0,143.0,46.0,61.0,,,0.0,,,,,,,,,,,,,,,,True,alta,2,Lateral ofensivo,2.2683890838937537
ENG-Premier League,2526,Nottingham,Nicolò Savona,ITA,DF,22.0,2003.0,14.0,11.0,1028.0,11.4,2.0,0.0,2.0,2.0,0.0,0.0,2.0,0.0,0.18,0.0,0.18,0.18,0.18,11.4,2.0,5.0,3.0,60.0,0.44,0.26,0.4,0.67,0.0,0.0,73.0,30.1,11,85.0,9,3,31.0,4,0.93,13.0,18.0,-5.0,-0.44,-0.51,0.0,12.0,5.0,1.0,27.0,5.0,12.0,,,0.0,,,,,,,,,,,,,,,,True,alta,0,Central posicional,2.625384003742314
ENG-Premier League,2526,Nottingham,Nikola Milenković,SRB,DF,27.0,1997.0,38.0,37.0,3375.0,37.5,0.0,0.0,0.0,0.0,0.0,0.0,6.0,0.0,0.0,0.0,0.0,0.0,0.0,37.5,0.0,16.0,1.0,6.3,0.43,0.03,0.0,0.0,0.0,0.0,89.0,98.7,37,90.0,37,1,45.0,0,1.16,46.0,51.0,-5.0,-0.13,-4.13,0.0,21.0,20.0,1.0,2.0,29.0,19.0,,,1.0,,,,,,,,,,,,,,,,True,alta,0,Central posicional,1.5428632211335362
ENG-Premier League,2526,Nottingham,Ola Aina,NGA,DF,28.0,1996.0,18.0,18.0,1588.0,17.6,0.0,0.0,0.0,0.0,0.0,0.0,3.0,0.0,0.0,0.0,0.0,0.0,0.0,17.6,0.0,12.0,1.0,8.3,0.68,0.06,0.0,0.0,0.0,0.0,88.0,46.4,18,88.0,15,0,,0,1.39,27.0,19.0,8.0,0.45,0.99,0.0,13.0,15.0,0.0,39.0,26.0,21.0,,,0.0,,,,,,,,,,,,,,,,True,alta,1,Central de combate,2.364269351279092
ENG-Premier League,2526,Sunderland,Daniel Ballard,NIR,DF,25.0,1999.0,29.0,24.0,2149.0,23.9,2.0,0.0,2.0,2.0,0.0,0.0,4.0,1.0,0.08,0.0,0.08,0.08,0.08,23.9,2.0,26.0,9.0,34.6,1.09,0.38,0.08,0.22,0.0,0.0,74.0,62.8,24,82.0,20,5,35.0,0,1.21,29.0,34.0,-5.0,-0.21,-0.14,0.0,29.0,29.0,3.0,1.0,20.0,17.0,,,0.0,,,,,,,,,,,,,,,,True,alta,1,Central de combate,2.669417967116611
ENG-Premier League,2526,Sunderland,Luke O'Nien,ENG,DF,30.0,1994.0,12.0,5.0,569.0,6.3,0.0,1.0,1.0,0.0,0.0,0.0,1.0,1.0,0.0,0.16,0.16,0.0,0.16,6.3,0.0,4.0,1.0,25.0,0.63,0.16,0.0,0.0,0.0,0.0,47.0,16.6,5,90.0,5,7,17.0,17,1.58,12.0,7.0,5.0,0.79,1.14,0.0,7.0,8.0,0.0,7.0,6.0,6.0,,,0.0,,,,,,,,,,,,,,,,False,baja,2,Lateral ofensivo,1.3247053996450786
ENG-Premier League,2526,Sunderland,Lutsharel Geertruida,NED,"DF,MF",25.0,2000.0,28.0,17.0,1693.0,18.8,0.0,0.0,0.0,0.0,0.0,0.0,2.0,0.0,0.0,0.0,0.0,0.0,0.0,18.8,0.0,11.0,3.0,27.3,0.58,0.16,0.0,0.0,0.0,0.0,60.0,49.5,17,87.0,14,11,20.0,7,1.36,16.0,23.0,-7.0,-0.37,-0.42,0.0,15.0,7.0,1.0,9.0,20.0,22.0,,,0.0,,,,,,,,,,,,,,,,True,alta,0,Central posicional,1.4062843259098146
ENG-Premier League,2526,Sunderland,Nordi Mukiele,FRA,DF,27.0,1997.0,32.0,32.0,2784.0,30.9,3.0,3.0,6.0,3.0,0.0,0.0,5.0,0.0,0.1,0.1,0.19,0.1,0.19,30.9,3.0,26.0,4.0,15.4,0.84,0.13,0.12,0.75,0.0,0.0,87.0,81.4,32,87.0,29,0,,1,1.38,34.0,40.0,-6.0,-0.19,-0.19,0.0,35.0,26.0,3.0,85.0,37.0,45.0,,,1.0,,,,,,,,,,,,,,,,True,alta,2,Lateral ofensivo,1.0769870356060842
ENG-Premier League,2526,Sunderland,Omar Alderete,PAR,DF,28.0,1996.0,33.0,32.0,2798.0,31.1,1.0,1.0,2.0,1.0,0.0,0.0,6.0,0.0,0.03,0.03,0.06,0.03,0.06,31.1,1.0,24.0,9.0,37.5,0.77,0.29,0.04,0.11,0.0,0.0,85.0,81.8,32,86.0,27,1,38.0,2,1.39,30.0,40.0,-10.0,-0.32,-0.9,0.0,34.0,10.0,5.0,11.0,36.0,18.0,,,0.0,,,,,,,,,,,,,,,,True,alta,0,Central posicional,1.77440970979208
ENG-Premier League,2526,Sunderland,Reinildo Mandava,MOZ,DF,31.0,1994.0,25.0,23.0,1966.0,21.8,0.0,1.0,1.0,0.0,0.0,0.0,7.0,1.0,0.0,0.05,0.05,0.0,0.05,21.8,0.0,4.0,0.0,0.0,0.18,0.0,0.0,,0.0,0.0,79.0,57.5,23,83.0,19,2,23.0,0,1.6,28.0,26.0,2.0,0.09,0.59,0.0,32.0,35.0,1.0,23.0,29.0,23.0,,,0.0,,,,,,,,,,,,,,,,True,alta,1,Central de combate,2.3609229527822877
ENG-Premier League,2526,Sunderland,Trai Hume,NIR,"DF,MF",23.0,2002.0,38.0,34.0,3036.0,33.7,2.0,1.0,3.0,2.0,0.0,0.0,9.0,0.0,0.06,0.03,0.09,0.06,0.09,33.7,2.0,34.0,7.0,20.6,1.01,0.21,0.06,0.29,0.0,0.0,80.0,88.8,34,87.0,26,4,22.0,0,1.42,34.0,42.0,-8.0,-0.24,-0.71,0.0,30.0,38.0,3.0,88.0,25.0,46.0,,,1.0,,,,,,,,,,,,,,,,True,alta,2,Lateral ofensivo,1.7142305861218483
ENG-Premier League,2526,Tottenham,Archie Gray,ENG,"MF,DF",19.0,2006.0,24.0,18.0,1478.0,16.4,2.0,2.0,4.0,2.0,0.0,0.0,5.0,0.0,0.12,0.12,0.24,0.12,0.24,16.4,2.0,11.0,5.0,45.5,0.67,0.3,0.18,0.4,0.0,0.0,62.0,43.2,18,78.0,9,6,11.0,11,0.83,18.0,28.0,-10.0,-0.61,-0.66,0.0,12.0,2.0,0.0,12.0,17.0,8.0,,,0.0,,,,,,,,,,,,,,,,True,alta,0,Central posicional,2.919514630273026
ENG-Premier League,2526,Tottenham,Cristian Romero,ARG,DF,27.0,1998.0,23.0,22.0,1868.0,20.8,4.0,1.0,5.0,4.0,0.0,0.0,11.0,2.0,0.19,0.05,0.24,0.19,0.24,20.8,4.0,17.0,6.0,35.3,0.82,0.29,0.24,0.67,0.0,0.0,81.0,54.6,22,84.0,15,1,31.0,0,1.0,26.0,31.0,-5.0,-0.24,-0.01,1.0,32.0,16.0,1.0,1.0,31.0,30.0,,,0.0,,,,,,,,,,,,,,,,True,alta,1,Central de combate,2.39045444381782
ENG-Premier League,2526,Tottenham,Destiny Udogie,ITA,"DF,MF",22.0,2002.0,20.0,14.0,1338.0,14.9,0.0,1.0,1.0,0.0,0.0,0.0,4.0,0.0,0.0,0.07,0.07,0.0,0.07,14.9,0.0,4.0,1.0,25.0,0.27,0.07,0.0,0.0,0.0,0.0,67.0,39.1,14,83.0,7,6,29.0,1,1.0,18.0,25.0,-7.0,-0.47,-0.38,0.0,17.0,22.0,3.0,27.0,7.0,20.0,,,0.0,,,,,,,,,,,,,,,,True,alta,2,Lateral ofensivo,2.306316325773205
ENG-Premier League,2526,Tottenham,Djed Spence,ENG,"DF,MF",24.0,2000.0,30.0,23.0,2056.0,22.8,0.0,0.0,0.0,0.0,0.0,0.0,4.0,0.0,0.0,0.0,0.0,0.0,0.0,22.8,0.0,13.0,8.0,61.5,0.57,0.35,0.0,0.0,0.0,0.0,69.0,60.1,23,83.0,16,7,21.0,4,1.2,30.0,31.0,-1.0,-0.04,0.48,0.0,28.0,21.0,4.0,49.0,15.0,25.0,,,0.0,,,,,,,,,,,,,,,,True,alta,2,Lateral ofensivo,2.07187697790933
ENG-Premier League,2526,Tottenham,Kevin Danso,AUT,DF,26.0,1998.0,24.0,17.0,1494.0,16.6,0.0,0.0,0.0,0.0,0.0,0.0,8.0,0.0,0.0,0.0,0.0,0.0,0.0,16.6,0.0,11.0,2.0,18.2,0.66,0.12,0.0,0.0,0.0,0.0,62.0,43.7,17,85.0,14,7,8.0,10,1.38,20.0,26.0,-6.0,-0.36,-0.22,0.0,21.0,13.0,0.0,7.0,25.0,13.0,,,0.0,,,,,,,,,,,,,,,,True,alta,1,Central de combate,1.8220165712486582
ENG-Premier League,2526,Tottenham,Micky van de Ven,NED,DF,24.0,2001.0,35.0,35.0,3041.0,33.8,4.0,1.0,5.0,4.0,0.0,0.0,9.0,1.0,0.12,0.03,0.15,0.12,0.15,33.8,4.0,16.0,6.0,37.5,0.47,0.18,0.25,0.67,0.0,0.0,87.0,88.9,35,87.0,32,0,,1,1.09,43.0,47.0,-4.0,-0.12,1.07,0.0,28.0,22.0,2.0,3.0,21.0,20.0,,,0.0,,,,,,,,,,,,,,,,True,alta,0,Central posicional,1.8700330618446777
ENG-Premier League,2526,Tottenham,Pedro Porro,ESP,DF,25.0,1999.0,34.0,32.0,2796.0,31.1,1.0,2.0,3.0,1.0,0.0,0.0,10.0,0.0,0.03,0.06,0.1,0.03,0.1,31.1,1.0,32.0,8.0,25.0,1.03,0.26,0.03,0.13,0.0,0.0,82.0,81.8,32,86.0,26,2,21.0,0,1.18,40.0,40.0,0.0,0.0,1.3,0.0,32.0,26.0,1.0,232.0,31.0,50.0,,,0.0,,,,,,,,,,,,,,,,True,alta,2,Lateral ofensivo,1.9388567498157607
ENG-Premier League,2526,Tottenham,Radu Drăgușin,ROU,DF,23.0,2002.0,10.0,5.0,517.0,5.7,0.0,0.0,0.0,0.0,0.0,0.0,0.0,0.0,0.0,0.0,0.0,0.0,0.0,5.7,0.0,4.0,0.0,0.0,0.7,0.0,0.0,,0.0,0.0,52.0,15.1,5,90.0,4,5,14.0,11,1.2,6.0,13.0,-7.0,-1.22,-1.16,0.0,9.0,1.0,0.0,3.0,16.0,3.0,,,0.0,,,,,,,,,,,,,,,,False,baja,1,Central de combate,5.334380868415942
ENG-Premier League,2526,West Ham,Aaron Wan-Bissaka,COD,"DF,MF",27.0,1997.0,25.0,23.0,2081.0,23.1,0.0,2.0,2.0,0.0,0.0,0.0,4.0,0.0,0.0,0.09,0.09,0.0,0.09,23.1,0.0,0.0,0.0,,0.0,0.0,,,0.0,0.0,83.0,60.8,23,87.0,19,2,36.0,5,0.96,27.0,43.0,-16.0,-0.69,-0.49,0.0,23.0,12.0,1.0,43.0,41.0,24.0,,,0.0,,,,,,,,,,,,,,,,True,alta,1,Central de combate,3.5687476661632402
ENG-Premier League,2526,West Ham,Axel Disasi,FRA,DF,27.0,1998.0,14.0,14.0,1254.0,13.9,0.0,0.0,0.0,0.0,0.0,0.0,1.0,0.0,0.0,0.0,0.0,0.0,0.0,13.9,0.0,5.0,3.0,60.0,0.36,0.22,0.0,0.0,0.0,0.0,90.0,36.7,14,90.0,13,0,,0,1.36,17.0,17.0,0.0,0.0,0.79,0.0,5.0,4.0,1.0,0.0,12.0,10.0,,,1.0,,,,,,,,,,,,,,,,True,alta,0,Central posicional,1.9128264704525617
ENG-Premier League,2526,West Ham,El Hadji Malick Diouf,SEN,"DF,MF",20.0,2004.0,32.0,30.0,2707.0,30.1,0.0,5.0,5.0,0.0,0.0,0.0,6.0,0.0,0.0,0.17,0.17,0.0,0.17,30.1,0.0,18.0,4.0,22.2,0.6,0.13,0.0,0.0,0.0,0.0,85.0,79.2,30,88.0,24,2,33.0,0,1.09,38.0,47.0,-9.0,-0.3,0.96,0.0,28.0,25.0,2.0,109.0,32.0,19.0,,,0.0,,,,,,,,,,,,,,,,True,alta,2,Lateral ofensivo,1.9029229788460842
ENG-Premier League,2526,West Ham,Jean-Clair Todibo,FRA,DF,25.0,1999.0,23.0,22.0,1814.0,20.2,0.0,1.0,1.0,0.0,0.0,0.0,5.0,1.0,0.0,0.05,0.05,0.0,0.05,20.2,0.0,2.0,0.0,0.0,0.1,0.0,0.0,,0.0,0.0,79.0,53.0,22,82.0,16,1,1.0,7,1.0,25.0,36.0,-11.0,-0.55,-0.1,0.0,9.0,3.0,1.0,2.0,16.0,24.0,,,0.0,,,,,,,,,,,,,,,,True,alta,0,Central posicional,2.873608031951584
ENG-Premier League,2526,West Ham,Konstantinos Mavropanos,GRE,DF,27.0,1997.0,31.0,27.0,2534.0,28.2,3.0,0.0,3.0,3.0,0.0,0.0,2.0,0.0,0.11,0.0,0.11,0.11,0.11,28.2,3.0,23.0,8.0,34.8,0.82,0.28,0.13,0.38,0.0,0.0,82.0,74.1,27,90.0,27,4,26.0,3,1.03,34.0,44.0,-10.0,-0.36,0.56,0.0,16.0,9.0,2.0,4.0,47.0,24.0,,,2.0,,,,,,,,,,,,,,,,True,alta,0,Central posicional,2.4128072255834114
ENG-Premier League,2526,West Ham,Kyle Walker-Peters,ENG,DF,28.0,1997.0,23.0,15.0,1383.0,15.4,1.0,0.0,1.0,1.0,0.0,0.0,2.0,0.0,0.07,0.0,0.07,0.07,0.07,15.4,1.0,5.0,3.0,60.0,0.33,0.2,0.2,0.33,0.0,0.0,60.0,40.4,15,85.0,12,8,14.0,15,1.13,20.0,25.0,-5.0,-0.33,0.29,0.0,12.0,25.0,1.0,20.0,9.0,30.0,,,0.0,,,,,,,,,,,,,,,,True,alta,2,Lateral ofensivo,3.2054027403034517
ENG-Premier League,2526,West Ham,Max Kilman,ENG,DF,28.0,1997.0,21.0,17.0,1561.0,17.3,0.0,0.0,0.0,0.0,0.0,0.0,4.0,0.0,0.0,0.0,0.0,0.0,0.0,17.3,0.0,7.0,1.0,14.3,0.4,0.06,0.0,0.0,0.0,0.0,74.0,45.6,17,90.0,17,4,8.0,13,0.95,18.0,37.0,-19.0,-1.1,-1.1,0.0,16.0,2.0,0.0,2.0,6.0,8.0,,,0.0,,,,,,,,,,,,,,,,True,alta,0,Central posicional,2.8399748911749314
ENG-Premier League,2526,West Ham,Oliver Scarles,ENG,"DF,MF",19.0,2005.0,13.0,9.0,659.0,7.3,0.0,0.0,0.0,0.0,0.0,0.0,2.0,0.0,0.0,0.0,0.0,0.0,0.0,7.3,0.0,3.0,0.0,0.0,0.41,0.0,0.0,,0.0,0.0,51.0,19.3,9,69.0,4,4,9.0,17,0.85,8.0,16.0,-8.0,-1.09,-0.73,0.0,7.0,7.0,1.0,35.0,13.0,19.0,,,0.0,,,,,,,,,,,,,,,,False,baja,1,Central de combate,3.8329185654146447
ENG-Premier League,2526,Wolves,David Møller Wolfe,NOR,"MF,DF",23.0,2002.0,22.0,11.0,1049.0,11.7,0.0,2.0,2.0,0.0,0.0,0.0,1.0,0.0,0.0,0.17,0.17,0.0,0.17,11.7,0.0,3.0,0.0,0.0,0.26,0.0,0.0,,0.0,0.0,48.0,30.7,11,79.0,4,11,16.0,15,0.5,6.0,23.0,-17.0,-1.46,-0.55,0.0,10.0,4.0,0.0,32.0,7.0,5.0,,,0.0,,,,,,,,,,,,,,,,True,alta,0,Central posicional,3.228198523139877
ENG-Premier League,2526,Wolves,Emmanuel Agbadou,CIV,DF,28.0,1997.0,14.0,12.0,1101.0,12.2,0.0,0.0,0.0,0.0,0.0,0.0,1.0,1.0,0.0,0.0,0.0,0.0,0.0,12.2,0.0,10.0,3.0,30.0,0.82,0.25,0.0,0.0,0.0,0.0,79.0,32.2,12,85.0,11,2,38.0,4,0.14,6.0,27.0,-21.0,-1.72,-0.94,0.0,10.0,5.0,1.0,13.0,14.0,21.0,,,0.0,,,,,,,,,,,,,,,,True,alta,0,Central posicional,2.810165459065039
ENG-Premier League,2526,Wolves,Hugo Bueno,ESP,"MF,DF",22.0,2002.0,35.0,26.0,2366.0,26.3,1.0,2.0,3.0,1.0,0.0,0.0,3.0,0.0,0.04,0.08,0.11,0.04,0.11,26.3,1.0,16.0,6.0,37.5,0.61,0.23,0.06,0.17,0.0,0.0,68.0,69.2,26,84.0,17,9,20.0,0,0.57,20.0,44.0,-24.0,-0.91,0.54,0.0,17.0,24.0,3.0,166.0,33.0,35.0,,,0.0,,,,,,,,,,,,,,,,True,alta,2,Lateral ofensivo,1.8164944378457883
ENG-Premier League,2526,Wolves,Jackson Tchatchoua,CMR,"MF,DF",23.0,2001.0,31.0,19.0,1845.0,20.5,0.0,1.0,1.0,0.0,0.0,0.0,3.0,0.0,0.0,0.05,0.05,0.0,0.05,20.5,0.0,3.0,1.0,33.3,0.15,0.05,0.0,0.0,0.0,0.0,60.0,53.9,19,82.0,14,12,24.0,6,0.55,17.0,37.0,-20.0,-0.98,0.22,0.0,8.0,9.0,2.0,90.0,14.0,15.0,,,0.0,,,,,,,,,,,,,,,,True,alta,0,Central posicional,2.976535254202239
ENG-Premier League,2526,Wolves,Ladislav Krejčí,CZE,"DF,MF",26.0,1999.0,28.0,27.0,2356.0,26.2,2.0,1.0,3.0,2.0,0.0,0.0,5.0,1.0,0.08,0.04,0.11,0.08,0.11,26.2,2.0,21.0,10.0,47.6,0.8,0.38,0.1,0.2,0.0,0.0,84.0,68.9,27,85.0,21,1,48.0,2,0.57,20.0,45.0,-25.0,-0.96,0.4,1.0,33.0,7.0,0.0,17.0,32.0,21.0,,,1.0,,,,,,,,,,,,,,,,True,alta,1,Central de combate,2.116940407126548
ENG-Premier League,2526,Wolves,Matt Doherty,IRL,"DF,MF",33.0,1992.0,11.0,11.0,787.0,8.7,0.0,0.0,0.0,0.0,0.0,0.0,4.0,0.0,0.0,0.0,0.0,0.0,0.0,8.7,0.0,3.0,0.0,0.0,0.34,0.0,0.0,,0.0,0.0,72.0,23.0,11,72.0,3,0,,15,0.45,2.0,15.0,-13.0,-1.49,-0.53,0.0,16.0,6.0,0.0,8.0,7.0,8.0,,,0.0,,,,,,,,,,,,,,,,False,baja,1,Central de combate,2.4028257114722016
ENG-Premier League,2526,Wolves,Santiago Bueno,URU,DF,26.0,1998.0,29.0,28.0,2553.0,28.4,3.0,1.0,4.0,3.0,0.0,0.0,4.0,0.0,0.11,0.04,0.14,0.11,0.14,28.4,3.0,10.0,7.0,70.0,0.35,0.25,0.3,0.43,0.0,0.0,88.0,74.6,28,90.0,27,1,35.0,8,0.66,23.0,47.0,-24.0,-0.85,0.92,0.0,29.0,11.0,2.0,6.0,27.0,30.0,,,0.0,,,,,,,,,,,,,,,,True,alta,0,Central posicional,1.2266419503527153
ENG-Premier League,2526,Wolves,Toti Gomes,POR,DF,26.0,1999.0,19.0,17.0,1424.0,15.8,0.0,0.0,0.0,0.0,0.0,0.0,2.0,1.0,0.0,0.0,0.0,0.0,0.0,15.8,0.0,5.0,2.0,40.0,0.32,0.13,0.0,0.0,0.0,0.0,75.0,41.6,17,82.0,12,2,13.0,7,0.32,7.0,33.0,-26.0,-1.64,-0.97,0.0,11.0,11.0,0.0,11.0,13.0,11.0,,,0.0,,,,,,,,,,,,,,,,True,alta,0,Central posicional,1.3202912452544677
ENG-Premier League,2526,Wolves,Yerson Mosquera,COL,DF,24.0,2001.0,27.0,24.0,2136.0,23.7,0.0,0.0,0.0,0.0,0.0,0.0,12.0,0.0,0.0,0.0,0.0,0.0,0.0,23.7,0.0,30.0,6.0,20.0,1.26,0.25,0.0,0.0,0.0,0.0,79.0,62.5,24,86.0,17,3,26.0,6,0.7,21.0,40.0,-19.0,-0.8,0.74,0.0,34.0,44.0,1.0,18.0,25.0,36.0,,,2.0,,,,,,,,,,,,,,,,True,alta,1,Central de combate,3.1706386822876462
ESP-La Liga,2526,Alavés,Abde Rebbach,ALG,"MF,DF",26.0,1998.0,30.0,15.0,1496.0,16.6,1.0,4.0,5.0,1.0,0.0,0.0,8.0,0.0,0.06,0.24,0.3,0.06,0.3,16.6,1.0,34.0,12.0,35.3,2.05,0.72,0.03,0.08,0.0,0.0,50.0,43.7,15,76.0,7,15,24.0,7,1.13,21.0,21.0,0.0,0.0,0.56,0.0,40.0,30.0,5.0,109.0,16.0,21.0,,,0.0,,,,,,,,,,,,,,,,True,alta,2,Lateral ofensivo,4.5014587140807505
ESP-La Liga,2526,Alavés,Facundo Garcés,MAS,DF,25.0,1999.0,10.0,8.0,793.0,8.8,0.0,0.0,0.0,0.0,0.0,0.0,3.0,0.0,0.0,0.0,0.0,0.0,0.0,8.8,0.0,8.0,4.0,50.0,0.91,0.45,0.0,0.0,0.0,0.0,79.0,23.2,8,90.0,8,2,37.0,1,1.2,8.0,11.0,-3.0,-0.34,-0.03,0.0,13.0,3.0,2.0,1.0,7.0,8.0,,,0.0,,,,,,,,,,,,,,,,False,baja,1,Central de combate,2.340642997074521
ESP-La Liga,2526,Alavés,Jon Pacheco,ESP,DF,24.0,2001.0,22.0,20.0,1735.0,19.3,0.0,0.0,0.0,0.0,0.0,0.0,5.0,1.0,0.0,0.0,0.0,0.0,0.0,19.3,0.0,4.0,1.0,25.0,0.21,0.05,0.0,0.0,0.0,0.0,79.0,50.7,20,85.0,17,2,13.0,11,1.14,17.0,29.0,-12.0,-0.62,-0.62,1.0,14.0,7.0,1.0,4.0,11.0,16.0,,,0.0,,,,,,,,,,,,,,,,True,alta,0,Central posicional,2.085652047239212
ESP-La Liga,2526,Alavés,Jonny Castro,ESP,DF,31.0,1994.0,34.0,34.0,2994.0,33.3,0.0,0.0,0.0,0.0,0.0,0.0,7.0,0.0,0.0,0.0,0.0,0.0,0.0,33.3,0.0,9.0,3.0,33.3,0.27,0.09,0.0,0.0,0.0,0.0,88.0,87.5,34,88.0,30,0,,3,1.06,39.0,52.0,-13.0,-0.39,-0.6,0.0,37.0,30.0,1.0,23.0,40.0,41.0,,,0.0,,,,,,,,,,,,,,,,True,alta,1,Central de combate,1.398588317036789
ESP-La Liga,2526,Alavés,Nahuel Tenaglia,ARG,DF,29.0,1996.0,36.0,36.0,3239.0,36.0,2.0,0.0,2.0,2.0,0.0,0.0,3.0,0.0,0.06,0.0,0.06,0.06,0.06,36.0,2.0,24.0,8.0,33.3,0.67,0.22,0.08,0.25,0.0,0.0,90.0,94.7,36,90.0,35,0,,2,1.08,41.0,53.0,-12.0,-0.33,-0.33,0.0,31.0,42.0,5.0,17.0,47.0,43.0,,,0.0,,,,,,,,,,,,,,,,True,alta,1,Central de combate,2.379748336968802
ESP-La Liga,2526,Alavés,Victor Parada,ESP,DF,23.0,2002.0,30.0,25.0,2146.0,23.8,0.0,3.0,3.0,0.0,0.0,0.0,9.0,1.0,0.0,0.13,0.13,0.0,0.13,23.8,0.0,12.0,3.0,25.0,0.5,0.13,0.0,0.0,0.0,0.0,72.0,62.7,25,82.0,15,5,18.0,6,1.23,30.0,38.0,-8.0,-0.34,-0.05,1.0,29.0,15.0,4.0,31.0,9.0,14.0,,,0.0,,,,,,,,,,,,,,,,True,alta,2,Lateral ofensivo,3.0325389308283697
ESP-La Liga,2526,Alavés,Youssef Lekhedim,ESP,"DF,MF",19.0,2005.0,25.0,13.0,1335.0,14.8,0.0,1.0,1.0,0.0,0.0,0.0,7.0,0.0,0.0,0.07,0.07,0.0,0.07,14.8,0.0,11.0,3.0,27.3,0.74,0.2,0.0,0.0,0.0,0.0,53.0,39.0,13,83.0,7,12,21.0,11,1.15,19.0,22.0,-3.0,-0.2,0.19,0.0,24.0,13.0,0.0,61.0,12.0,10.0,,,0.0,,,,,,,,,,,,,,,,True,alta,2,Lateral ofensivo,2.9399023261250457
ESP-La Liga,2526,Alavés,Ángel Pérez,ESP,"MF,DF",22.0,2002.0,16.0,14.0,1288.0,14.3,1.0,3.0,4.0,1.0,0.0,0.0,4.0,0.0,0.07,0.21,0.28,0.07,0.28,14.3,1.0,14.0,4.0,28.6,0.98,0.28,0.07,0.25,0.0,0.0,81.0,37.7,14,88.0,10,2,30.0,1,1.13,22.0,25.0,-3.0,-0.21,0.17,0.0,16.0,17.0,6.0,85.0,9.0,13.0,,,0.0,,,,,,,,,,,,,,,,True,alta,2,Lateral ofensivo,2.0038778899607115
ESP-La Liga,2526,Athletic Club,Adama Boiro,ESP,DF,23.0,2002.0,14.0,8.0,815.0,9.1,0.0,0.0,0.0,0.0,0.0,0.0,1.0,0.0,0.0,0.0,0.0,0.0,0.0,9.1,0.0,2.0,0.0,0.0,0.22,0.0,0.0,,0.0,0.0,58.0,23.8,8,83.0,6,6,26.0,24,0.86,8.0,20.0,-12.0,-1.33,-1.22,0.0,6.0,11.0,0.0,24.0,18.0,11.0,,,0.0,,,,,,,,,,,,,,,,False,baja,1,Central de combate,3.587829089587617
ESP-La Liga,2526,Athletic Club,Aitor Paredes,ESP,DF,25.0,2000.0,19.0,18.0,1630.0,18.1,2.0,0.0,2.0,2.0,0.0,0.0,4.0,0.0,0.11,0.0,0.11,0.11,0.11,18.1,2.0,13.0,4.0,30.8,0.72,0.22,0.15,0.5,0.0,0.0,86.0,47.7,18,90.0,18,1,10.0,15,1.32,26.0,28.0,-2.0,-0.11,0.54,0.0,19.0,7.0,0.0,1.0,26.0,12.0,,,0.0,,,,,,,,,,,,,,,,True,alta,1,Central de combate,2.09445339495433
ESP-La Liga,2526,Athletic Club,Andoni Gorosabel,ESP,DF,28.0,1996.0,24.0,15.0,1360.0,15.1,0.0,1.0,1.0,0.0,0.0,0.0,3.0,0.0,0.0,0.07,0.07,0.0,0.07,15.1,0.0,5.0,1.0,20.0,0.33,0.07,0.0,0.0,0.0,0.0,57.0,39.8,15,78.0,8,9,21.0,13,1.21,19.0,26.0,-7.0,-0.46,-0.11,0.0,13.0,12.0,0.0,55.0,18.0,24.0,,,0.0,,,,,,,,,,,,,,,,True,alta,2,Lateral ofensivo,1.8098041908589517
ESP-La Liga,2526,Athletic Club,Aymeric Laporte,ESP,DF,31.0,1994.0,25.0,24.0,2058.0,22.9,0.0,1.0,1.0,0.0,0.0,0.0,4.0,0.0,0.0,0.04,0.04,0.0,0.04,22.9,0.0,15.0,5.0,33.3,0.66,0.22,0.0,0.0,0.0,0.0,82.0,60.2,24,85.0,20,1,27.0,2,1.24,24.0,35.0,-11.0,-0.48,-0.22,0.0,9.0,13.0,1.0,2.0,27.0,17.0,,,0.0,,,,,,,,,,,,,,,,True,alta,0,Central posicional,1.68473713377055
ESP-La Liga,2526,Athletic Club,Daniel Vivian,ESP,DF,26.0,1999.0,31.0,28.0,2564.0,28.5,1.0,0.0,1.0,1.0,0.0,0.0,8.0,1.0,0.04,0.0,0.04,0.04,0.04,28.5,1.0,17.0,6.0,35.3,0.6,0.21,0.06,0.17,0.0,0.0,83.0,75.0,28,87.0,26,3,40.0,1,1.06,28.0,44.0,-16.0,-0.56,-0.67,0.0,38.0,17.0,1.0,11.0,34.0,38.0,,,0.0,,,,,,,,,,,,,,,,True,alta,1,Central de combate,0.9101975317518711
ESP-La Liga,2526,Athletic Club,Iñigo Lekue,ESP,DF,32.0,1993.0,11.0,8.0,600.0,6.7,0.0,0.0,0.0,0.0,0.0,0.0,2.0,2.0,0.0,0.0,0.0,0.0,0.0,6.7,0.0,3.0,1.0,33.3,0.45,0.15,0.0,0.0,0.0,0.0,55.0,17.5,8,70.0,4,3,14.0,17,1.25,10.0,14.0,-4.0,-0.6,-0.25,0.0,12.0,0.0,0.0,19.0,4.0,10.0,,,0.0,,,,,,,,,,,,,,,,False,baja,1,Central de combate,4.024660027275376
ESP-La Liga,2526,Athletic Club,Jesús Areso,ESP,DF,26.0,1999.0,26.0,14.0,1506.0,16.7,0.0,1.0,1.0,0.0,0.0,0.0,3.0,0.0,0.0,0.06,0.06,0.0,0.06,16.7,0.0,3.0,0.0,0.0,0.18,0.0,0.0,,0.0,0.0,58.0,44.0,14,83.0,7,12,29.0,11,1.12,18.0,23.0,-5.0,-0.3,0.17,0.0,19.0,7.0,1.0,86.0,20.0,16.0,,,0.0,,,,,,,,,,,,,,,,True,alta,2,Lateral ofensivo,2.633824924269143
ESP-La Liga,2526,Athletic Club,Yeray Álvarez,ESP,DF,30.0,1995.0,7.0,6.0,513.0,5.7,0.0,0.0,0.0,0.0,0.0,0.0,0.0,0.0,0.0,0.0,0.0,0.0,0.0,5.7,0.0,1.0,0.0,0.0,0.18,0.0,0.0,,0.0,0.0,73.0,15.0,6,78.0,4,1,45.0,2,1.0,7.0,9.0,-2.0,-0.35,0.05,0.0,3.0,5.0,0.0,2.0,14.0,1.0,,,0.0,,,,,,,,,,,,,,,,False,baja,0,Central posicional,4.860671775536818
ESP-La Liga,2526,Athletic Club,Yuri Berchiche,ESP,DF,35.0,1990.0,32.0,31.0,2705.0,30.1,0.0,6.0,6.0,0.0,0.0,0.0,5.0,0.0,0.0,0.2,0.2,0.0,0.2,30.1,0.0,24.0,5.0,20.8,0.8,0.17,0.0,0.0,0.0,0.0,85.0,79.1,31,86.0,27,1,45.0,2,1.38,36.0,40.0,-4.0,-0.13,1.25,0.0,26.0,34.0,3.0,64.0,34.0,29.0,,,0.0,,,,,,,,,,,,,,,,True,alta,2,Lateral ofensivo,1.4243082603834873
ESP-La Liga,2526,Atlético Madrid,Clément Lenglet,FRA,DF,30.0,1995.0,19.0,17.0,1391.0,15.5,0.0,1.0,1.0,0.0,0.0,0.0,6.0,1.0,0.0,0.06,0.06,0.0,0.06,15.5,0.0,5.0,0.0,0.0,0.32,0.0,0.0,,0.0,0.0,73.0,40.7,17,80.0,12,2,19.0,15,1.63,24.0,21.0,3.0,0.19,-0.47,1.0,22.0,7.0,0.0,2.0,20.0,10.0,,,0.0,,,,,,,,,,,,,,,,True,alta,1,Central de combate,2.1886016977035556
ESP-La Liga,2526,Atlético Madrid,Dávid Hancko,SVK,DF,27.0,1997.0,30.0,27.0,2432.0,27.0,0.0,2.0,2.0,0.0,0.0,0.0,2.0,0.0,0.0,0.07,0.07,0.0,0.07,27.0,0.0,21.0,5.0,23.8,0.78,0.19,0.0,0.0,0.0,0.0,81.0,71.1,27,87.0,24,3,25.0,4,1.9,48.0,31.0,17.0,0.63,0.54,0.0,15.0,4.0,2.0,29.0,19.0,27.0,,,0.0,,,,,,,,,,,,,,,,True,alta,0,Central posicional,2.4314839497094796
ESP-La Liga,2526,Atlético Madrid,José María Giménez,URU,DF,30.0,1995.0,16.0,13.0,1178.0,13.1,0.0,1.0,1.0,0.0,0.0,0.0,3.0,0.0,0.0,0.08,0.08,0.0,0.08,13.1,0.0,13.0,3.0,23.1,0.99,0.23,0.0,0.0,0.0,0.0,74.0,34.4,13,85.0,12,3,26.0,4,1.88,20.0,14.0,6.0,0.46,-0.02,0.0,20.0,10.0,1.0,0.0,15.0,12.0,,,0.0,,,,,,,,,,,,,,,,True,alta,1,Central de combate,2.1774116792313385
ESP-La Liga,2526,Atlético Madrid,Marc Pubill,ESP,DF,22.0,2003.0,19.0,15.0,1381.0,15.3,1.0,1.0,2.0,1.0,0.0,0.0,2.0,0.0,0.07,0.07,0.13,0.07,0.13,15.3,1.0,11.0,4.0,36.4,0.72,0.26,0.09,0.25,0.0,0.0,73.0,40.4,15,85.0,13,4,25.0,16,2.0,26.0,16.0,10.0,0.65,0.3,0.0,16.0,14.0,1.0,8.0,18.0,15.0,,,0.0,,,,,,,,,,,,,,,,True,alta,2,Lateral ofensivo,1.6798032894946837
ESP-La Liga,2526,Atlético Madrid,Marcos Llorente,ESP,"DF,MF",30.0,1995.0,29.0,25.0,2181.0,24.2,0.0,4.0,4.0,0.0,0.0,0.0,7.0,1.0,0.0,0.17,0.17,0.0,0.17,24.2,0.0,18.0,6.0,33.3,0.74,0.25,0.0,0.0,0.0,0.0,75.0,63.8,25,83.0,19,4,28.0,1,1.97,45.0,26.0,19.0,0.78,0.86,1.0,28.0,11.0,4.0,49.0,13.0,41.0,,,0.0,,,,,,,,,,,,,,,,True,alta,2,Lateral ofensivo,2.281586859914939
ESP-La Liga,2526,Atlético Madrid,Matteo Ruggeri,ITA,DF,23.0,2002.0,26.0,20.0,1774.0,19.7,0.0,3.0,3.0,0.0,0.0,0.0,4.0,0.0,0.0,0.15,0.15,0.0,0.15,19.7,0.0,5.0,2.0,40.0,0.25,0.1,0.0,0.0,0.0,0.0,68.0,51.9,20,81.0,13,6,27.0,11,1.69,33.0,23.0,10.0,0.51,0.07,0.0,28.0,2.0,1.0,86.0,20.0,23.0,,,0.0,,,,,,,,,,,,,,,,True,alta,2,Lateral ofensivo,3.313578201593735
ESP-La Liga,2526,Atlético Madrid,Nahuel Molina,ARG,"DF,MF",27.0,1998.0,26.0,13.0,1331.0,14.8,2.0,2.0,4.0,2.0,0.0,0.0,4.0,0.0,0.14,0.14,0.27,0.14,0.27,14.8,2.0,14.0,4.0,28.6,0.95,0.27,0.14,0.5,0.0,0.0,51.0,38.9,13,84.0,11,13,19.0,9,1.88,20.0,18.0,2.0,0.14,-0.55,0.0,14.0,5.0,5.0,49.0,14.0,24.0,,,0.0,,,,,,,,,,,,,,,,True,alta,2,Lateral ofensivo,2.2307120111099596
ESP-La Liga,2526,Atlético Madrid,Nicolás González,ARG,"MF,DF",27.0,1998.0,24.0,18.0,1448.0,16.1,5.0,0.0,5.0,5.0,0.0,0.0,4.0,1.0,0.31,0.0,0.31,0.31,0.31,16.1,5.0,43.0,21.0,48.8,2.67,1.31,0.12,0.24,0.0,0.0,60.0,42.3,18,70.0,5,6,31.0,0,2.0,28.0,15.0,13.0,0.81,0.58,0.0,28.0,25.0,2.0,27.0,11.0,16.0,,,0.0,,,,,,,,,,,,,,,,True,alta,2,Lateral ofensivo,3.877149690718195
ESP-La Liga,2526,Atlético Madrid,Robin Le Normand,ESP,DF,28.0,1996.0,28.0,17.0,1789.0,19.9,1.0,1.0,2.0,1.0,0.0,0.0,5.0,0.0,0.05,0.05,0.1,0.05,0.1,19.9,1.0,6.0,1.0,16.7,0.3,0.05,0.17,1.0,0.0,0.0,64.0,52.3,17,84.0,14,11,33.0,4,1.82,33.0,20.0,13.0,0.65,0.38,0.0,22.0,14.0,1.0,3.0,20.0,20.0,,,0.0,,,,,,,,,,,,,,,,True,alta,1,Central de combate,1.4988669134812875
ESP-La Liga,2526,Barcelona,Alejandro Balde,ESP,DF,21.0,2003.0,28.0,21.0,1869.0,20.8,0.0,2.0,2.0,0.0,0.0,0.0,2.0,0.0,0.0,0.1,0.1,0.0,0.1,20.8,0.0,10.0,1.0,10.0,0.48,0.05,0.0,0.0,0.0,0.0,67.0,54.6,21,78.0,8,7,33.0,3,2.29,49.0,24.0,25.0,1.2,-0.77,0.0,14.0,25.0,4.0,25.0,6.0,21.0,,,0.0,,,,,,,,,,,,,,,,True,alta,2,Lateral ofensivo,2.530135326826525
ESP-La Liga,2526,Barcelona,Eric García,ESP,"DF,MF",24.0,2001.0,34.0,32.0,2721.0,30.2,1.0,1.0,2.0,1.0,0.0,0.0,6.0,0.0,0.03,0.03,0.07,0.03,0.07,30.2,1.0,25.0,7.0,28.0,0.83,0.23,0.04,0.14,0.0,0.0,80.0,79.6,32,83.0,21,2,29.0,3,2.5,78.0,22.0,56.0,1.85,1.47,0.0,33.0,24.0,1.0,14.0,50.0,44.0,,,0.0,,,,,,,,,,,,,,,,True,alta,1,Central de combate,1.7586914228902362
ESP-La Liga,2526,Barcelona,Gerard Martín,ESP,DF,23.0,2002.0,32.0,26.0,2119.0,23.5,0.0,0.0,0.0,0.0,0.0,0.0,6.0,0.0,0.0,0.0,0.0,0.0,0.0,23.5,0.0,7.0,4.0,57.1,0.3,0.17,0.0,0.0,0.0,0.0,66.0,62.0,26,79.0,15,6,9.0,3,2.47,58.0,16.0,42.0,1.78,0.61,0.0,16.0,7.0,0.0,14.0,31.0,29.0,,,0.0,,,,,,,,,,,,,,,,True,alta,0,Central posicional,2.2256628078500458
ESP-La Liga,2526,Barcelona,João Cancelo,POR,DF,31.0,1994.0,16.0,11.0,954.0,10.6,2.0,2.0,4.0,2.0,0.0,0.0,1.0,0.0,0.19,0.19,0.38,0.19,0.38,10.6,2.0,13.0,4.0,30.8,1.23,0.38,0.15,0.5,0.0,0.0,60.0,27.9,11,79.0,7,5,18.0,3,2.44,27.0,6.0,21.0,1.98,0.59,0.0,11.0,14.0,4.0,31.0,11.0,19.0,,,0.0,,,,,,,,,,,,,,,,True,alta,2,Lateral ofensivo,2.2156856632523922
ESP-La Liga,2526,Barcelona,Jules Koundé,FRA,DF,26.0,1998.0,30.0,24.0,2261.0,25.1,1.0,3.0,4.0,1.0,0.0,0.0,6.0,0.0,0.04,0.12,0.16,0.04,0.16,25.1,1.0,14.0,4.0,28.6,0.56,0.16,0.07,0.25,0.0,0.0,75.0,66.1,24,88.0,20,6,26.0,3,2.43,65.0,22.0,43.0,1.71,0.47,0.0,24.0,24.0,2.0,40.0,31.0,24.0,,,0.0,,,,,,,,,,,,,,,,True,alta,2,Lateral ofensivo,1.3657118450304515
ESP-La Liga,2526,Barcelona,Pau Cubarsí,ESP,DF,18.0,2007.0,31.0,31.0,2703.0,30.0,1.0,0.0,1.0,1.0,0.0,0.0,3.0,0.0,0.03,0.0,0.03,0.03,0.03,30.0,1.0,10.0,2.0,20.0,0.33,0.07,0.1,0.5,0.0,0.0,87.0,79.0,31,87.0,25,0,,7,2.52,76.0,29.0,47.0,1.56,0.06,0.0,25.0,9.0,0.0,0.0,30.0,28.0,,,0.0,,,,,,,,,,,,,,,,True,alta,0,Central posicional,1.3329188501210378
ESP-La Liga,2526,Barcelona,Ronald Araújo,URU,DF,26.0,1999.0,24.0,11.0,1071.0,11.9,3.0,0.0,3.0,3.0,0.0,0.0,2.0,0.0,0.25,0.0,0.25,0.25,0.25,11.9,3.0,12.0,5.0,41.7,1.01,0.42,0.25,0.6,0.0,0.0,45.0,31.3,11,76.0,7,13,18.0,8,2.5,31.0,15.0,16.0,1.34,-0.3,0.0,17.0,3.0,0.0,6.0,10.0,15.0,,,0.0,,,,,,,,,,,,,,,,True,alta,1,Central de combate,2.5960264422134642
ESP-La Liga,2526,Celta Vigo,Carl Starfelt,SWE,DF,30.0,1995.0,19.0,17.0,1491.0,16.6,0.0,0.0,0.0,0.0,0.0,0.0,3.0,1.0,0.0,0.0,0.0,0.0,0.0,16.6,0.0,4.0,1.0,25.0,0.24,0.06,0.0,0.0,0.0,0.0,78.0,43.6,17,86.0,14,2,17.0,1,1.37,22.0,17.0,5.0,0.3,0.3,1.0,19.0,8.0,0.0,0.0,16.0,16.0,,,1.0,,,,,,,,,,,,,,,,True,alta,0,Central posicional,1.8182938328215108
ESP-La Liga,2526,Celta Vigo,Carlos Dominguez,ESP,DF,24.0,2001.0,8.0,6.0,610.0,6.8,0.0,0.0,0.0,0.0,0.0,0.0,1.0,0.0,0.0,0.0,0.0,0.0,0.0,6.8,0.0,2.0,1.0,50.0,0.3,0.15,0.0,0.0,0.0,0.0,76.0,17.8,6,89.0,5,2,38.0,20,1.25,10.0,12.0,-2.0,-0.3,-0.52,0.0,6.0,1.0,0.0,1.0,5.0,8.0,,,0.0,,,,,,,,,,,,,,,,False,baja,0,Central posicional,2.027222319597821
ESP-La Liga,2526,Celta Vigo,Javi Rodríguez,ESP,DF,22.0,2003.0,33.0,28.0,2558.0,28.4,0.0,1.0,1.0,0.0,0.0,0.0,5.0,0.0,0.0,0.04,0.04,0.0,0.04,28.4,0.0,12.0,1.0,8.3,0.42,0.04,0.0,0.0,0.0,0.0,78.0,74.8,28,85.0,21,5,33.0,3,1.42,31.0,33.0,-2.0,-0.07,-0.8,0.0,33.0,33.0,1.0,1.0,28.0,23.0,,,0.0,,,,,,,,,,,,,,,,True,alta,1,Central de combate,1.9304191254298912
ESP-La Liga,2526,Celta Vigo,Joseph Aidoo,GHA,DF,29.0,1995.0,8.0,7.0,639.0,7.1,0.0,0.0,0.0,0.0,0.0,0.0,0.0,0.0,0.0,0.0,0.0,0.0,0.0,7.1,0.0,2.0,0.0,0.0,0.28,0.0,0.0,,0.0,0.0,80.0,18.7,7,89.0,6,1,18.0,18,2.25,17.0,13.0,4.0,0.56,0.53,0.0,5.0,1.0,0.0,0.0,10.0,3.0,,,0.0,,,,,,,,,,,,,,,,False,baja,0,Central posicional,2.8522043919013806
ESP-La Liga,2526,Celta Vigo,Manu Fernández,ESP,DF,24.0,2001.0,14.0,9.0,758.0,8.4,0.0,0.0,0.0,0.0,0.0,0.0,2.0,0.0,0.0,0.0,0.0,0.0,0.0,8.4,0.0,2.0,0.0,0.0,0.24,0.0,0.0,,0.0,0.0,54.0,22.2,9,74.0,3,5,18.0,20,1.64,12.0,11.0,1.0,0.12,-0.02,0.0,8.0,7.0,0.0,0.0,7.0,9.0,,,0.0,,,,,,,,,,,,,,,,False,baja,1,Central de combate,2.0763642532719127
ESP-La Liga,2526,Celta Vigo,Marcos Alonso,ESP,DF,34.0,1990.0,32.0,31.0,2768.0,30.8,1.0,0.0,1.0,0.0,1.0,1.0,5.0,0.0,0.03,0.0,0.03,0.0,0.0,30.8,1.0,24.0,3.0,12.5,0.78,0.1,0.04,0.33,1.0,1.0,87.0,80.9,31,88.0,28,1,33.0,0,1.41,40.0,37.0,3.0,0.1,-0.18,0.0,23.0,20.0,0.0,19.0,30.0,24.0,,,0.0,,,,,,,,,,,,,,,,True,alta,0,Central posicional,1.4367899205883863
ESP-La Liga,2526,Celta Vigo,Yoel Lago,ESP,DF,21.0,2004.0,12.0,11.0,938.0,10.4,0.0,0.0,0.0,0.0,0.0,0.0,4.0,0.0,0.0,0.0,0.0,0.0,0.0,10.4,0.0,1.0,0.0,0.0,0.1,0.0,0.0,,0.0,0.0,78.0,27.4,11,85.0,8,1,3.0,17,1.25,12.0,15.0,-3.0,-0.29,-0.58,0.0,17.0,14.0,1.0,0.0,7.0,10.0,,,0.0,,,,,,,,,,,,,,,,True,alta,1,Central de combate,3.0988651304186385
ESP-La Liga,2526,Elche,Adrià Pedrosa,ESP,"DF,MF",27.0,1998.0,26.0,8.0,1090.0,12.1,1.0,1.0,2.0,1.0,0.0,0.0,4.0,0.0,0.08,0.08,0.17,0.08,0.17,12.1,1.0,12.0,3.0,25.0,0.99,0.25,0.08,0.33,0.0,0.0,42.0,31.9,8,82.0,3,18,24.0,7,1.04,17.0,27.0,-10.0,-0.83,-0.9,0.0,18.0,8.0,1.0,51.0,16.0,19.0,,,0.0,,,,,,,,,,,,,,,,True,alta,2,Lateral ofensivo,2.3332558408024076
ESP-La Liga,2526,Elche,Buba Sangaré,ESP,"DF,MF",17.0,2007.0,12.0,8.0,538.0,6.0,0.0,0.0,0.0,0.0,0.0,0.0,3.0,0.0,0.0,0.0,0.0,0.0,0.0,6.0,0.0,2.0,0.0,0.0,0.33,0.0,0.0,,0.0,0.0,45.0,15.7,8,62.0,0,4,10.0,3,1.42,6.0,9.0,-3.0,-0.5,-0.35,0.0,23.0,7.0,0.0,12.0,8.0,12.0,,,0.0,,,,,,,,,,,,,,,,False,baja,1,Central de combate,5.1508682990536165
ESP-La Liga,2526,Elche,David Affengruber,AUT,DF,24.0,2001.0,36.0,33.0,2949.0,32.8,1.0,1.0,2.0,1.0,0.0,0.0,7.0,1.0,0.03,0.03,0.06,0.03,0.06,32.8,1.0,14.0,4.0,28.6,0.43,0.12,0.07,0.25,0.0,0.0,82.0,86.2,33,87.0,27,3,31.0,0,1.14,45.0,49.0,-4.0,-0.12,0.64,0.0,34.0,35.0,2.0,8.0,50.0,50.0,,,0.0,,,,,,,,,,,,,,,,True,alta,1,Central de combate,1.630365684113678
ESP-La Liga,2526,Elche,Germán Valera,ESP,"MF,DF",23.0,2002.0,36.0,33.0,2857.0,31.7,4.0,5.0,9.0,4.0,0.0,0.0,5.0,1.0,0.13,0.16,0.28,0.13,0.28,31.7,4.0,28.0,8.0,28.6,0.88,0.25,0.14,0.5,0.0,0.0,79.0,83.5,33,85.0,17,3,20.0,0,1.17,41.0,48.0,-7.0,-0.22,-0.06,0.0,40.0,70.0,4.0,104.0,23.0,40.0,,,0.0,,,,,,,,,,,,,,,,True,alta,2,Lateral ofensivo,2.0263789411129443
ESP-La Liga,2526,Elche,Héctor Fort,ESP,"DF,MF",18.0,2006.0,14.0,7.0,482.0,5.4,2.0,2.0,4.0,2.0,0.0,0.0,0.0,0.0,0.37,0.37,0.75,0.37,0.75,5.4,2.0,12.0,5.0,41.7,2.24,0.93,0.17,0.4,0.0,0.0,34.0,14.1,7,56.0,0,7,13.0,3,1.29,9.0,6.0,3.0,0.56,0.9,0.0,5.0,1.0,2.0,8.0,5.0,3.0,,,0.0,,,,,,,,,,,,,,,,False,baja,2,Lateral ofensivo,4.5029939768237455
ESP-La Liga,2526,Elche,John Donald,ESP,"DF,MF",24.0,2000.0,21.0,6.0,665.0,7.4,1.0,0.0,1.0,1.0,0.0,0.0,3.0,0.0,0.14,0.0,0.14,0.14,0.14,7.4,1.0,6.0,2.0,33.3,0.81,0.27,0.17,0.5,0.0,0.0,32.0,19.4,6,77.0,4,15,14.0,11,1.24,12.0,17.0,-5.0,-0.68,-0.58,0.0,17.0,6.0,0.0,0.0,8.0,12.0,,,0.0,,,,,,,,,,,,,,,,False,baja,1,Central de combate,2.892404903303146
ESP-La Liga,2526,Elche,Josan,ESP,"MF,DF",35.0,1989.0,19.0,4.0,565.0,6.3,0.0,3.0,3.0,0.0,0.0,0.0,2.0,0.0,0.0,0.48,0.48,0.0,0.48,6.3,0.0,3.0,1.0,33.3,0.48,0.16,0.0,0.0,0.0,0.0,30.0,16.5,4,74.0,0,15,18.0,13,1.26,15.0,8.0,7.0,1.12,1.59,0.0,5.0,6.0,1.0,72.0,6.0,8.0,,,0.0,,,,,,,,,,,,,,,,False,baja,2,Lateral ofensivo,2.2916517422185527
ESP-La Liga,2526,Elche,Léo Pétrot,FRA,DF,28.0,1997.0,32.0,18.0,1572.0,17.5,0.0,0.0,0.0,0.0,0.0,0.0,2.0,1.0,0.0,0.0,0.0,0.0,0.0,17.5,0.0,8.0,0.0,0.0,0.46,0.0,0.0,,0.0,0.0,49.0,46.0,18,79.0,10,14,10.0,5,1.22,19.0,26.0,-7.0,-0.4,-0.35,0.0,19.0,6.0,2.0,16.0,17.0,22.0,,,0.0,,,,,,,,,,,,,,,,True,alta,0,Central posicional,1.9035984008242914
ESP-La Liga,2526,Elche,Pedro Bigas,ESP,DF,34.0,1990.0,28.0,25.0,2063.0,22.9,1.0,3.0,4.0,1.0,0.0,0.0,5.0,1.0,0.04,0.13,0.17,0.04,0.17,22.9,1.0,10.0,3.0,30.0,0.44,0.13,0.1,0.33,0.0,0.0,74.0,60.3,25,81.0,15,3,15.0,6,1.29,30.0,30.0,0.0,0.0,0.53,1.0,24.0,19.0,0.0,26.0,30.0,22.0,,,0.0,,,,,,,,,,,,,,,,True,alta,2,Lateral ofensivo,1.6905779058914816
ESP-La Liga,2526,Elche,Víctor Chust,ESP,DF,25.0,2000.0,31.0,22.0,2166.0,24.1,1.0,0.0,1.0,1.0,0.0,0.0,8.0,1.0,0.04,0.0,0.04,0.04,0.04,24.1,1.0,9.0,3.0,33.3,0.37,0.12,0.11,0.33,0.0,0.0,70.0,63.3,22,88.0,16,9,26.0,3,1.16,30.0,35.0,-5.0,-0.21,0.01,1.0,38.0,10.0,1.0,36.0,20.0,35.0,,,0.0,,,,,,,,,,,,,,,,True,alta,1,Central de combate,2.269502896371783
ESP-La Liga,2526,Elche,Álvaro Núñez,ESP,"DF,MF",25.0,2000.0,19.0,19.0,1647.0,18.3,0.0,2.0,2.0,0.0,0.0,0.0,2.0,0.0,0.0,0.11,0.11,0.0,0.11,18.3,0.0,4.0,0.0,0.0,0.22,0.0,0.0,,0.0,0.0,87.0,48.2,19,87.0,14,0,,0,1.21,23.0,20.0,3.0,0.16,0.72,0.0,12.0,17.0,2.0,60.0,15.0,15.0,,,0.0,,,,,,,,,,,,,,,,True,alta,2,Lateral ofensivo,2.435956874452348
ESP-La Liga,2526,Espanyol,Carlos Romero,ESP,DF,23.0,2001.0,36.0,36.0,3191.0,35.5,6.0,3.0,9.0,6.0,0.0,0.0,4.0,0.0,0.17,0.08,0.25,0.17,0.25,35.5,6.0,42.0,12.0,28.6,1.18,0.34,0.14,0.5,0.0,0.0,89.0,93.3,36,89.0,32,0,,0,1.28,41.0,47.0,-6.0,-0.17,2.19,0.0,40.0,19.0,1.0,89.0,38.0,60.0,,,0.0,,,,,,,,,,,,,,,,True,alta,2,Lateral ofensivo,1.9638099343779503
ESP-La Liga,2526,Espanyol,Clemens Riedel,GER,DF,22.0,2003.0,20.0,16.0,1396.0,15.5,0.0,1.0,1.0,0.0,0.0,0.0,5.0,0.0,0.0,0.06,0.06,0.0,0.06,15.5,0.0,3.0,1.0,33.3,0.19,0.06,0.0,0.0,0.0,0.0,70.0,40.8,16,82.0,11,4,20.0,14,1.2,21.0,22.0,-1.0,-0.06,0.42,0.0,23.0,8.0,2.0,3.0,11.0,14.0,,,0.0,,,,,,,,,,,,,,,,True,alta,1,Central de combate,2.471975798079862
ESP-La Liga,2526,Espanyol,Fernando Calero,ESP,DF,29.0,1995.0,28.0,24.0,2148.0,23.9,0.0,0.0,0.0,0.0,0.0,0.0,5.0,0.0,0.0,0.0,0.0,0.0,0.0,23.9,0.0,12.0,1.0,8.3,0.5,0.04,0.0,0.0,0.0,0.0,77.0,62.8,24,85.0,18,4,26.0,6,1.29,20.0,33.0,-13.0,-0.54,-0.62,0.0,15.0,9.0,0.0,2.0,31.0,18.0,,,0.0,,,,,,,,,,,,,,,,True,alta,0,Central posicional,1.5018197673400124
ESP-La Liga,2526,Espanyol,Leandro Cabrera,URU,DF,34.0,1991.0,37.0,37.0,3330.0,37.0,3.0,0.0,3.0,3.0,0.0,0.0,4.0,0.0,0.08,0.0,0.08,0.08,0.08,37.0,3.0,40.0,12.0,30.0,1.08,0.32,0.08,0.25,0.0,0.0,90.0,97.4,37,90.0,37,0,,0,1.22,43.0,55.0,-12.0,-0.32,-0.32,0.0,38.0,9.0,1.0,20.0,23.0,23.0,,,0.0,,,,,,,,,,,,,,,,True,alta,0,Central posicional,2.396841160596102
ESP-La Liga,2526,Espanyol,Omar El Hilali,MAR,DF,21.0,2003.0,36.0,32.0,2826.0,31.4,0.0,2.0,2.0,0.0,0.0,0.0,9.0,0.0,0.0,0.06,0.06,0.0,0.06,31.4,0.0,1.0,0.0,0.0,0.03,0.0,0.0,,0.0,0.0,79.0,82.6,32,87.0,26,4,13.0,1,1.28,34.0,46.0,-12.0,-0.38,-0.38,0.0,44.0,24.0,3.0,57.0,39.0,55.0,,,0.0,,,,,,,,,,,,,,,,True,alta,1,Central de combate,3.1059521868191684
ESP-La Liga,2526,Espanyol,Rubén,ESP,"DF,MF",24.0,2001.0,21.0,8.0,812.0,9.0,0.0,1.0,1.0,0.0,0.0,0.0,2.0,0.0,0.0,0.11,0.11,0.0,0.11,9.0,0.0,8.0,1.0,12.5,0.89,0.11,0.0,0.0,0.0,0.0,39.0,23.7,8,74.0,2,13,17.0,17,1.29,10.0,10.0,0.0,0.0,0.41,0.0,11.0,12.0,2.0,36.0,10.0,10.0,,,0.0,,,,,,,,,,,,,,,,False,baja,2,Lateral ofensivo,1.2674232413118556
ESP-La Liga,2526,Getafe,Abdel Abqar,MAR,DF,26.0,1999.0,23.0,17.0,1437.0,16.0,0.0,2.0,2.0,0.0,0.0,0.0,10.0,1.0,0.0,0.13,0.13,0.0,0.13,16.0,0.0,7.0,1.0,14.3,0.44,0.06,0.0,0.0,0.0,0.0,62.0,42.0,17,75.0,7,6,26.0,0,1.17,15.0,14.0,1.0,0.06,0.38,0.0,30.0,36.0,1.0,2.0,20.0,17.0,,,0.0,,,,,,,,,,,,,,,,True,alta,1,Central de combate,3.7461194471074384
ESP-La Liga,2526,Getafe,Allan Nyom,CMR,DF,37.0,1988.0,15.0,7.0,523.0,5.8,0.0,1.0,1.0,0.0,0.0,0.0,6.0,1.0,0.0,0.17,0.17,0.0,0.17,5.8,0.0,3.0,1.0,33.3,0.52,0.17,0.0,0.0,0.0,0.0,35.0,15.3,7,68.0,2,8,6.0,15,1.63,8.0,8.0,0.0,0.0,0.19,0.0,13.0,8.0,1.0,8.0,1.0,6.0,,,0.0,,,,,,,,,,,,,,,,False,baja,2,Lateral ofensivo,5.491544670831029
ESP-La Liga,2526,Getafe,Davinchi,ESP,DF,17.0,2007.0,14.0,7.0,700.0,7.8,0.0,0.0,0.0,0.0,0.0,0.0,2.0,0.0,0.0,0.0,0.0,0.0,0.0,7.8,0.0,4.0,2.0,50.0,0.51,0.26,0.0,0.0,0.0,0.0,50.0,20.5,7,73.0,3,7,27.0,3,1.29,5.0,10.0,-5.0,-0.64,-0.61,0.0,27.0,2.0,0.0,20.0,7.0,17.0,,,0.0,,,,,,,,,,,,,,,,False,baja,1,Central de combate,4.973788402337961
ESP-La Liga,2526,Getafe,Diego Rico,ESP,DF,32.0,1993.0,28.0,18.0,1758.0,19.5,0.0,0.0,0.0,0.0,0.0,0.0,4.0,0.0,0.0,0.0,0.0,0.0,0.0,19.5,0.0,11.0,1.0,9.1,0.56,0.05,0.0,0.0,0.0,0.0,63.0,51.4,18,86.0,15,10,21.0,9,1.41,17.0,23.0,-6.0,-0.31,-0.31,0.0,22.0,35.0,1.0,66.0,33.0,29.0,,,0.0,,,,,,,,,,,,,,,,True,alta,1,Central de combate,2.914811983818766
ESP-La Liga,2526,Getafe,Djené,TOG,"DF,MF",33.0,1991.0,34.0,32.0,2578.0,28.6,0.0,0.0,0.0,0.0,0.0,0.0,10.0,2.0,0.0,0.0,0.0,0.0,0.0,28.6,0.0,4.0,0.0,0.0,0.14,0.0,0.0,,0.0,0.0,76.0,75.4,32,79.0,21,2,30.0,0,1.32,24.0,29.0,-5.0,-0.17,-0.07,0.0,35.0,26.0,0.0,11.0,38.0,24.0,,,0.0,,,,,,,,,,,,,,,,True,alta,1,Central de combate,1.933315335703985
ESP-La Liga,2526,Getafe,Domingos Duarte,POR,DF,30.0,1995.0,34.0,34.0,2923.0,32.5,1.0,1.0,2.0,1.0,0.0,0.0,11.0,0.0,0.03,0.03,0.06,0.03,0.06,32.5,1.0,13.0,4.0,30.8,0.4,0.12,0.08,0.25,0.0,0.0,86.0,85.5,34,86.0,27,0,,1,1.29,26.0,35.0,-9.0,-0.28,-0.82,0.0,32.0,24.0,3.0,0.0,33.0,18.0,,,1.0,,,,,,,,,,,,,,,,True,alta,1,Central de combate,2.181512116581298
ESP-La Liga,2526,Getafe,Iglesias,ESP,DF,27.0,1998.0,37.0,36.0,3185.0,35.4,1.0,2.0,3.0,1.0,0.0,0.0,4.0,0.0,0.03,0.06,0.08,0.03,0.08,35.4,1.0,26.0,5.0,19.2,0.73,0.14,0.04,0.2,0.0,0.0,86.0,93.1,36,88.0,31,1,24.0,1,1.38,28.0,34.0,-6.0,-0.17,-0.17,0.0,63.0,70.0,1.0,108.0,28.0,72.0,,,1.0,,,,,,,,,,,,,,,,True,alta,2,Lateral ofensivo,2.8711665669982467
ESP-La Liga,2526,Getafe,Kiko Femenía,ESP,"DF,MF",34.0,1991.0,28.0,25.0,2008.0,22.3,1.0,1.0,2.0,1.0,0.0,0.0,6.0,0.0,0.04,0.04,0.09,0.04,0.09,22.3,1.0,8.0,3.0,37.5,0.36,0.13,0.13,0.33,0.0,0.0,72.0,58.7,25,76.0,8,3,35.0,1,1.25,20.0,24.0,-4.0,-0.18,-0.05,0.0,21.0,11.0,5.0,43.0,36.0,24.0,,,0.0,,,,,,,,,,,,,,,,True,alta,1,Central de combate,2.026359790933002
ESP-La Liga,2526,Getafe,Zaid Romero,ARG,DF,25.0,1999.0,15.0,15.0,1349.0,15.0,1.0,0.0,1.0,1.0,0.0,0.0,5.0,1.0,0.07,0.0,0.07,0.07,0.07,15.0,1.0,10.0,2.0,20.0,0.67,0.13,0.1,0.5,0.0,0.0,90.0,39.4,15,90.0,14,0,,0,1.8,16.0,8.0,8.0,0.53,1.14,1.0,11.0,12.0,0.0,4.0,28.0,23.0,,,0.0,,,,,,,,,,,,,,,,True,alta,1,Central de combate,2.407308313132083
ESP-La Liga,2526,Girona,Alejandro Francés,ESP,DF,22.0,2002.0,24.0,11.0,1116.0,12.4,0.0,2.0,2.0,0.0,0.0,0.0,2.0,1.0,0.0,0.16,0.16,0.0,0.16,12.4,0.0,16.0,4.0,25.0,1.29,0.32,0.0,0.0,0.0,0.0,47.0,32.6,11,78.0,6,13,20.0,9,1.33,13.0,19.0,-6.0,-0.48,-0.09,0.0,15.0,23.0,1.0,24.0,16.0,15.0,,,0.0,,,,,,,,,,,,,,,,True,alta,2,Lateral ofensivo,2.2304978336577173
ESP-La Liga,2526,Girona,Arnau Martinez,ESP,"DF,MF",22.0,2003.0,35.0,33.0,2666.0,29.6,2.0,3.0,5.0,2.0,0.0,0.0,6.0,0.0,0.07,0.1,0.17,0.07,0.17,29.6,2.0,19.0,4.0,21.1,0.64,0.14,0.11,0.5,0.0,0.0,76.0,78.0,33,80.0,18,2,14.0,2,1.14,34.0,35.0,-1.0,-0.03,1.76,0.0,24.0,30.0,3.0,50.0,37.0,39.0,,,0.0,,,,,,,,,,,,,,,,True,alta,2,Lateral ofensivo,1.2320739844225779
ESP-La Liga,2526,Girona,Daley Blind,NED,DF,35.0,1990.0,31.0,30.0,2606.0,29.0,0.0,0.0,0.0,0.0,0.0,0.0,1.0,0.0,0.0,0.0,0.0,0.0,0.0,29.0,0.0,5.0,1.0,20.0,0.17,0.03,0.0,0.0,0.0,0.0,84.0,76.2,30,86.0,25,1,27.0,3,1.13,30.0,45.0,-15.0,-0.52,-0.41,0.0,19.0,20.0,0.0,13.0,38.0,34.0,,,0.0,,,,,,,,,,,,,,,,True,alta,0,Central posicional,2.3399862455820784
ESP-La Liga,2526,Girona,Hugo Rincón,ESP,DF,22.0,2003.0,33.0,16.0,1750.0,19.4,1.0,1.0,2.0,1.0,0.0,0.0,4.0,0.0,0.05,0.05,0.1,0.05,0.1,19.4,1.0,7.0,2.0,28.6,0.36,0.1,0.14,0.5,0.0,0.0,53.0,51.2,16,83.0,9,17,25.0,5,1.0,22.0,28.0,-6.0,-0.31,0.23,0.0,32.0,53.0,1.0,35.0,5.0,33.0,,,0.0,,,,,,,,,,,,,,,,True,alta,2,Lateral ofensivo,3.5210599885893337
ESP-La Liga,2526,Girona,Vitor Reis,BRA,DF,19.0,2006.0,36.0,35.0,3138.0,34.9,1.0,1.0,2.0,1.0,0.0,0.0,9.0,1.0,0.03,0.03,0.06,0.03,0.06,34.9,1.0,19.0,4.0,21.1,0.54,0.11,0.05,0.25,0.0,0.0,87.0,91.8,35,89.0,34,1,33.0,0,1.03,34.0,48.0,-14.0,-0.4,0.24,0.0,40.0,24.0,1.0,0.0,35.0,32.0,,,1.0,,,,,,,,,,,,,,,,True,alta,1,Central de combate,1.3285124342390067
ESP-La Liga,2526,Girona,Álex Moreno,ESP,DF,32.0,1993.0,31.0,28.0,2559.0,28.4,0.0,3.0,3.0,0.0,0.0,0.0,5.0,0.0,0.0,0.11,0.11,0.0,0.11,28.4,0.0,17.0,5.0,29.4,0.6,0.18,0.0,0.0,0.0,0.0,83.0,74.8,28,89.0,27,3,23.0,0,1.13,28.0,40.0,-12.0,-0.42,0.0,0.0,32.0,20.0,9.0,66.0,29.0,28.0,,,0.0,,,,,,,,,,,,,,,,True,alta,2,Lateral ofensivo,0.8976486042015206
ESP-La Liga,2526,Levante,Adrián de la Fuente,ESP,DF,26.0,1999.0,33.0,30.0,2711.0,30.1,3.0,1.0,4.0,2.0,1.0,3.0,5.0,0.0,0.1,0.03,0.13,0.07,0.1,30.1,3.0,39.0,9.0,23.1,1.29,0.3,0.08,0.33,1.0,3.0,82.0,79.3,30,89.0,28,3,17.0,1,1.15,34.0,47.0,-13.0,-0.43,-0.3,0.0,34.0,27.0,1.0,40.0,48.0,18.0,,,1.0,,,,,,,,,,,,,,,,True,alta,1,Central de combate,2.8268826791680834
ESP-La Liga,2526,Levante,Alan Matturro,URU,DF,20.0,2004.0,19.0,10.0,947.0,10.5,1.0,1.0,2.0,1.0,0.0,0.0,0.0,1.0,0.1,0.1,0.19,0.1,0.19,10.5,1.0,8.0,1.0,12.5,0.76,0.1,0.13,1.0,0.0,0.0,50.0,27.7,10,79.0,8,9,17.0,11,1.0,13.0,22.0,-9.0,-0.86,-0.67,0.0,7.0,10.0,0.0,0.0,6.0,13.0,,,0.0,,,,,,,,,,,,,,,,True,alta,0,Central posicional,3.120298318464835
ESP-La Liga,2526,Levante,Diego Pampín,ESP,DF,25.0,2000.0,8.0,6.0,534.0,5.9,0.0,0.0,0.0,0.0,0.0,0.0,3.0,0.0,0.0,0.0,0.0,0.0,0.0,5.9,0.0,3.0,0.0,0.0,0.51,0.0,0.0,,0.0,0.0,67.0,15.6,6,84.0,4,2,14.0,24,0.88,7.0,15.0,-8.0,-1.35,-1.16,0.0,8.0,7.0,0.0,14.0,5.0,5.0,,,0.0,,,,,,,,,,,,,,,,False,baja,1,Central de combate,2.660441811935907
ESP-La Liga,2526,Levante,Jeremy Toljan,GER,DF,30.0,1994.0,37.0,37.0,3164.0,35.2,1.0,4.0,5.0,1.0,0.0,0.0,8.0,0.0,0.03,0.11,0.14,0.03,0.14,35.2,1.0,9.0,1.0,11.1,0.26,0.03,0.11,1.0,0.0,0.0,86.0,92.5,37,86.0,28,0,,0,1.14,44.0,56.0,-12.0,-0.34,0.36,0.0,33.0,19.0,2.0,76.0,31.0,39.0,,,1.0,,,,,,,,,,,,,,,,True,alta,2,Lateral ofensivo,1.9052868918137487
ESP-La Liga,2526,Levante,Manu Sánchez,ESP,DF,24.0,2000.0,33.0,31.0,2814.0,31.3,1.0,2.0,3.0,1.0,0.0,0.0,8.0,0.0,0.03,0.06,0.1,0.03,0.1,31.3,1.0,13.0,4.0,30.8,0.42,0.13,0.08,0.25,0.0,0.0,85.0,82.3,31,88.0,25,2,38.0,4,1.15,37.0,45.0,-8.0,-0.26,0.64,0.0,35.0,20.0,2.0,75.0,35.0,54.0,,,0.0,,,,,,,,,,,,,,,,True,alta,2,Lateral ofensivo,1.8261974925439137
ESP-La Liga,2526,Levante,Matias Moreno,ARG,DF,21.0,2003.0,28.0,27.0,2252.0,25.0,0.0,0.0,0.0,0.0,0.0,0.0,8.0,0.0,0.0,0.0,0.0,0.0,0.0,25.0,0.0,10.0,0.0,0.0,0.4,0.0,0.0,,0.0,0.0,80.0,65.8,27,83.0,21,1,6.0,5,1.29,33.0,32.0,1.0,0.04,1.2,0.0,23.0,23.0,2.0,3.0,38.0,25.0,,,0.0,,,,,,,,,,,,,,,,True,alta,1,Central de combate,1.4845181737726925
ESP-La Liga,2526,Levante,Unai Elgezabal,ESP,"DF,MF",32.0,1993.0,12.0,11.0,958.0,10.6,1.0,0.0,1.0,1.0,0.0,0.0,2.0,0.0,0.09,0.0,0.09,0.09,0.09,10.6,1.0,3.0,1.0,33.3,0.28,0.09,0.33,1.0,0.0,0.0,80.0,28.0,11,85.0,8,1,26.0,4,0.42,15.0,24.0,-9.0,-0.85,-0.66,0.0,11.0,6.0,0.0,0.0,4.0,4.0,,,1.0,,,,,,,,,,,,,,,,True,alta,0,Central posicional,2.683674771977056
ESP-La Liga,2526,Mallorca,Antonio Raillo,ESP,DF,33.0,1991.0,24.0,23.0,2070.0,23.0,0.0,1.0,1.0,0.0,0.0,0.0,4.0,0.0,0.0,0.04,0.04,0.0,0.04,23.0,0.0,12.0,1.0,8.3,0.52,0.04,0.0,0.0,0.0,0.0,86.0,60.5,23,88.0,22,1,38.0,6,1.04,26.0,32.0,-6.0,-0.26,0.01,0.0,23.0,15.0,1.0,4.0,12.0,13.0,,,0.0,,,,,,,,,,,,,,,,True,alta,0,Central posicional,1.8262248841634796
ESP-La Liga,2526,Mallorca,Antonio Sánchez,ESP,"MF,DF",28.0,1997.0,30.0,9.0,1073.0,11.9,0.0,0.0,0.0,0.0,0.0,0.0,5.0,1.0,0.0,0.0,0.0,0.0,0.0,11.9,0.0,6.0,3.0,50.0,0.5,0.25,0.0,0.0,0.0,0.0,36.0,31.4,9,75.0,1,21,19.0,7,1.23,15.0,21.0,-6.0,-0.5,-0.35,1.0,16.0,10.0,1.0,29.0,16.0,12.0,,,0.0,,,,,,,,,,,,,,,,True,alta,1,Central de combate,1.8879508511494087
ESP-La Liga,2526,Mallorca,David López,ESP,DF,22.0,2003.0,14.0,9.0,837.0,9.3,0.0,0.0,0.0,0.0,0.0,0.0,2.0,0.0,0.0,0.0,0.0,0.0,0.0,9.3,0.0,4.0,0.0,0.0,0.43,0.0,0.0,,0.0,0.0,60.0,24.5,9,82.0,7,5,20.0,24,1.07,12.0,19.0,-7.0,-0.75,-0.65,0.0,13.0,4.0,0.0,0.0,9.0,7.0,,,1.0,,,,,,,,,,,,,,,,False,baja,1,Central de combate,1.942938362444304
ESP-La Liga,2526,Mallorca,Johan Mojica,COL,DF,32.0,1992.0,35.0,30.0,2724.0,30.3,0.0,4.0,4.0,0.0,0.0,0.0,6.0,1.0,0.0,0.13,0.13,0.0,0.13,30.3,0.0,17.0,2.0,11.8,0.56,0.07,0.0,0.0,0.0,0.0,78.0,79.6,30,88.0,23,5,17.0,1,1.11,37.0,44.0,-7.0,-0.23,0.16,0.0,29.0,30.0,2.0,133.0,24.0,30.0,,,0.0,,,,,,,,,,,,,,,,True,alta,2,Lateral ofensivo,1.0427896475876552
ESP-La Liga,2526,Mallorca,Martin Valjent,SVK,DF,29.0,1995.0,37.0,37.0,3308.0,36.8,0.0,0.0,0.0,0.0,0.0,0.0,6.0,0.0,0.0,0.0,0.0,0.0,0.0,36.8,0.0,17.0,8.0,47.1,0.46,0.22,0.0,0.0,0.0,0.0,89.0,96.7,37,89.0,36,0,,0,1.05,44.0,56.0,-12.0,-0.33,-1.93,0.0,36.0,12.0,0.0,2.0,24.0,33.0,,,0.0,,,,,,,,,,,,,,,,True,alta,0,Central posicional,1.5384012189581602
ESP-La Liga,2526,Mallorca,Mateu Morey,ESP,"DF,MF",25.0,2000.0,18.0,9.0,704.0,7.8,1.0,0.0,1.0,1.0,0.0,0.0,2.0,0.0,0.13,0.0,0.13,0.13,0.13,7.8,1.0,4.0,2.0,50.0,0.51,0.26,0.25,0.5,0.0,0.0,39.0,20.6,9,69.0,2,9,9.0,19,0.94,8.0,18.0,-10.0,-1.28,-1.28,0.0,15.0,10.0,1.0,14.0,6.0,8.0,,,0.0,,,,,,,,,,,,,,,,False,baja,1,Central de combate,2.554396977257136
ESP-La Liga,2526,Mallorca,Omar Mascarell,EQG,"MF,DF",32.0,1993.0,30.0,26.0,2239.0,24.9,2.0,2.0,4.0,2.0,0.0,0.0,5.0,0.0,0.08,0.08,0.16,0.08,0.16,24.9,2.0,7.0,3.0,42.9,0.28,0.12,0.29,0.67,0.0,0.0,75.0,65.5,26,81.0,17,4,32.0,4,1.2,32.0,35.0,-3.0,-0.12,0.41,0.0,38.0,14.0,0.0,6.0,35.0,28.0,,,0.0,,,,,,,,,,,,,,,,True,alta,1,Central de combate,1.8874869736682902
ESP-La Liga,2526,Mallorca,Pablo Maffeo,ESP,DF,28.0,1997.0,31.0,30.0,2662.0,29.6,1.0,2.0,3.0,1.0,0.0,0.0,11.0,0.0,0.03,0.07,0.1,0.03,0.1,29.6,1.0,7.0,1.0,14.3,0.24,0.03,0.14,1.0,0.0,0.0,86.0,77.8,30,87.0,20,1,45.0,1,1.13,37.0,41.0,-4.0,-0.14,0.58,0.0,26.0,23.0,0.0,85.0,33.0,34.0,,,1.0,,,,,,,,,,,,,,,,True,alta,2,Lateral ofensivo,2.3689842116858046
ESP-La Liga,2526,Mallorca,Toni Lato,ESP,"DF,MF",27.0,1997.0,12.0,7.0,583.0,6.5,0.0,1.0,1.0,0.0,0.0,0.0,3.0,0.0,0.0,0.15,0.15,0.0,0.15,6.5,0.0,0.0,0.0,,0.0,0.0,,,0.0,0.0,49.0,17.0,7,77.0,1,5,9.0,18,0.58,8.0,10.0,-2.0,-0.31,-0.05,0.0,7.0,3.0,0.0,26.0,6.0,8.0,,,0.0,,,,,,,,,,,,,,,,False,baja,2,Lateral ofensivo,3.891985988912683
ESP-La Liga,2526,Osasuna,Abel Bretones,ESP,"MF,DF",24.0,2000.0,28.0,17.0,1624.0,18.0,1.0,2.0,3.0,1.0,0.0,0.0,5.0,1.0,0.06,0.11,0.17,0.06,0.17,18.0,1.0,11.0,3.0,27.3,0.61,0.17,0.09,0.33,0.0,0.0,58.0,47.5,17,88.0,12,11,12.0,7,1.18,24.0,27.0,-3.0,-0.17,-0.02,0.0,16.0,19.0,1.0,34.0,16.0,12.0,,,0.0,,,,,,,,,,,,,,,,True,alta,2,Lateral ofensivo,1.8277529512440989
ESP-La Liga,2526,Osasuna,Catena,ESP,DF,30.0,1994.0,35.0,35.0,3071.0,34.1,3.0,2.0,5.0,3.0,0.0,0.0,11.0,1.0,0.09,0.06,0.15,0.09,0.15,34.1,3.0,19.0,4.0,21.1,0.56,0.12,0.16,0.75,0.0,0.0,88.0,89.8,35,88.0,32,0,,0,1.09,37.0,45.0,-8.0,-0.23,-0.75,0.0,46.0,14.0,3.0,1.0,32.0,29.0,,,0.0,,,,,,,,,,,,,,,,True,alta,1,Central de combate,1.9610983467964593
ESP-La Liga,2526,Osasuna,Enzo Boyomo,CMR,DF,23.0,2001.0,30.0,29.0,2542.0,28.2,1.0,2.0,3.0,1.0,0.0,0.0,7.0,0.0,0.04,0.07,0.11,0.04,0.11,28.2,1.0,11.0,4.0,36.4,0.39,0.14,0.09,0.25,0.0,0.0,85.0,74.3,29,87.0,25,1,18.0,2,1.07,32.0,39.0,-7.0,-0.25,-0.35,0.0,33.0,5.0,0.0,10.0,17.0,36.0,,,0.0,,,,,,,,,,,,,,,,True,alta,0,Central posicional,2.7036977339314907
ESP-La Liga,2526,Osasuna,Javi Galán,ESP,DF,30.0,1994.0,20.0,19.0,1672.0,18.6,0.0,1.0,1.0,0.0,0.0,0.0,3.0,0.0,0.0,0.05,0.05,0.0,0.05,18.6,0.0,6.0,1.0,16.7,0.32,0.05,0.0,0.0,0.0,0.0,84.0,48.9,19,87.0,15,1,24.0,1,1.2,20.0,24.0,-4.0,-0.22,-0.11,0.0,30.0,37.0,0.0,86.0,27.0,30.0,,,0.0,,,,,,,,,,,,,,,,True,alta,2,Lateral ofensivo,2.943180548990954
ESP-La Liga,2526,Osasuna,Jorge Herrando,ESP,DF,24.0,2001.0,28.0,17.0,1600.0,17.8,0.0,1.0,1.0,0.0,0.0,0.0,3.0,0.0,0.0,0.06,0.06,0.0,0.06,17.8,0.0,3.0,0.0,0.0,0.17,0.0,0.0,,0.0,0.0,57.0,46.8,17,79.0,9,11,23.0,10,1.18,17.0,26.0,-9.0,-0.51,-0.65,0.0,24.0,9.0,0.0,2.0,22.0,15.0,,,0.0,,,,,,,,,,,,,,,,True,alta,1,Central de combate,2.2595660790790735
ESP-La Liga,2526,Osasuna,Juan Cruz Armada,ESP,DF,33.0,1992.0,15.0,7.0,649.0,7.2,0.0,0.0,0.0,0.0,0.0,0.0,2.0,0.0,0.0,0.0,0.0,0.0,0.0,7.2,0.0,1.0,0.0,0.0,0.14,0.0,0.0,,0.0,0.0,43.0,19.0,7,74.0,2,8,17.0,18,1.19,11.0,9.0,2.0,0.28,0.54,0.0,4.0,2.0,0.0,5.0,4.0,3.0,,,0.0,,,,,,,,,,,,,,,,False,baja,0,Central posicional,2.867436041140468
ESP-La Liga,2526,Osasuna,Valentin Rosier,FRA,"DF,MF",28.0,1996.0,31.0,30.0,2547.0,28.3,1.0,1.0,2.0,1.0,0.0,0.0,6.0,1.0,0.04,0.04,0.07,0.04,0.07,28.3,1.0,19.0,3.0,15.8,0.67,0.11,0.05,0.33,0.0,0.0,82.0,74.5,30,84.0,22,1,22.0,1,1.16,29.0,37.0,-8.0,-0.28,-0.49,1.0,33.0,20.0,3.0,46.0,43.0,32.0,,,0.0,,,,,,,,,,,,,,,,True,alta,1,Central de combate,1.5895811613897946
ESP-La Liga,2526,Oviedo,Dani Calvo,ESP,DF,31.0,1994.0,20.0,17.0,1611.0,17.9,0.0,0.0,0.0,0.0,0.0,0.0,3.0,0.0,0.0,0.0,0.0,0.0,0.0,17.9,0.0,3.0,0.0,0.0,0.17,0.0,0.0,,0.0,0.0,81.0,47.1,17,90.0,17,3,27.0,17,0.95,9.0,24.0,-15.0,-0.84,0.11,0.0,11.0,6.0,1.0,1.0,10.0,15.0,,,0.0,,,,,,,,,,,,,,,,True,alta,0,Central posicional,2.025513349584981
ESP-La Liga,2526,Oviedo,David Carmo,ANG,DF,26.0,1999.0,22.0,20.0,1786.0,19.8,1.0,0.0,1.0,1.0,0.0,0.0,8.0,1.0,0.05,0.0,0.05,0.05,0.05,19.8,1.0,10.0,3.0,30.0,0.5,0.15,0.1,0.33,0.0,0.0,81.0,52.2,20,87.0,17,2,25.0,10,0.59,14.0,35.0,-21.0,-1.06,-0.34,1.0,20.0,4.0,0.0,2.0,21.0,18.0,,,0.0,,,,,,,,,,,,,,,,True,alta,1,Central de combate,2.3416300424302436
ESP-La Liga,2526,Oviedo,David Costas,ESP,DF,30.0,1995.0,25.0,22.0,2066.0,23.0,1.0,0.0,1.0,1.0,0.0,0.0,3.0,0.0,0.04,0.0,0.04,0.04,0.04,23.0,1.0,5.0,1.0,20.0,0.22,0.04,0.2,1.0,0.0,0.0,83.0,60.4,22,89.0,21,3,33.0,5,0.92,13.0,35.0,-22.0,-0.96,-0.16,0.0,16.0,10.0,3.0,1.0,27.0,22.0,,,0.0,,,,,,,,,,,,,,,,True,alta,0,Central posicional,1.4918924646135856
ESP-La Liga,2526,Oviedo,Eric Bailly,CIV,DF,31.0,1994.0,15.0,15.0,1234.0,13.7,1.0,0.0,1.0,1.0,0.0,0.0,3.0,0.0,0.07,0.0,0.07,0.07,0.07,13.7,1.0,6.0,1.0,16.7,0.44,0.07,0.17,1.0,0.0,0.0,82.0,36.1,15,82.0,13,0,,16,0.93,13.0,22.0,-9.0,-0.66,0.37,0.0,13.0,7.0,0.0,1.0,17.0,10.0,,,0.0,,,,,,,,,,,,,,,,True,alta,0,Central posicional,1.5098941784940465
ESP-La Liga,2526,Oviedo,Javi López,ESP,DF,23.0,2002.0,25.0,20.0,1711.0,19.0,0.0,1.0,1.0,0.0,0.0,0.0,3.0,1.0,0.0,0.05,0.05,0.0,0.05,19.0,0.0,7.0,1.0,14.3,0.37,0.05,0.0,0.0,0.0,0.0,68.0,50.0,20,82.0,12,5,15.0,7,0.84,17.0,28.0,-11.0,-0.58,0.63,0.0,38.0,26.0,2.0,60.0,20.0,23.0,,,0.0,,,,,,,,,,,,,,,,True,alta,2,Lateral ofensivo,2.507159099010479
ESP-La Liga,2526,Oviedo,Lucas Ahijado,ESP,DF,30.0,1995.0,20.0,11.0,1098.0,12.2,0.0,1.0,1.0,0.0,0.0,0.0,3.0,0.0,0.0,0.08,0.08,0.0,0.08,12.2,0.0,10.0,2.0,20.0,0.82,0.16,0.0,0.0,0.0,0.0,55.0,32.1,11,83.0,7,9,21.0,11,0.5,8.0,24.0,-16.0,-1.31,-0.61,0.0,14.0,3.0,2.0,16.0,17.0,29.0,,,0.0,,,,,,,,,,,,,,,,True,alta,2,Lateral ofensivo,3.3594850393469318
ESP-La Liga,2526,Oviedo,Nacho Vidal,ESP,DF,30.0,1995.0,29.0,27.0,2263.0,25.1,0.0,0.0,0.0,0.0,0.0,0.0,4.0,0.0,0.0,0.0,0.0,0.0,0.0,25.1,0.0,15.0,3.0,20.0,0.6,0.12,0.0,0.0,0.0,0.0,78.0,66.2,27,83.0,16,2,16.0,2,0.79,18.0,32.0,-14.0,-0.56,1.0,0.0,24.0,27.0,1.0,40.0,29.0,30.0,,,0.0,,,,,,,,,,,,,,,,True,alta,1,Central de combate,1.945969538535723
ESP-La Liga,2526,Oviedo,Rahim Bonkano,NIG,DF,23.0,2002.0,27.0,18.0,1713.0,19.0,0.0,0.0,0.0,0.0,0.0,0.0,2.0,0.0,0.0,0.0,0.0,0.0,0.0,19.0,0.0,3.0,0.0,0.0,0.16,0.0,0.0,,0.0,0.0,63.0,50.1,18,86.0,14,9,19.0,9,0.78,9.0,32.0,-23.0,-1.21,-0.63,0.0,10.0,8.0,9.0,68.0,29.0,19.0,,,0.0,,,,,,,,,,,,,,,,True,alta,0,Central posicional,2.9958143267432824
ESP-La Liga,2526,Rayo Vallecano,Alfonso Espino,URU,"DF,MF",33.0,1992.0,30.0,15.0,1486.0,16.5,2.0,0.0,2.0,2.0,0.0,0.0,3.0,0.0,0.12,0.0,0.12,0.12,0.12,16.5,2.0,20.0,9.0,45.0,1.21,0.55,0.1,0.22,0.0,0.0,50.0,43.5,15,79.0,8,15,20.0,6,1.5,15.0,23.0,-8.0,-0.48,-0.72,0.0,24.0,30.0,10.0,49.0,15.0,33.0,,,0.0,,,,,,,,,,,,,,,,True,alta,2,Lateral ofensivo,3.1400951348975723
ESP-La Liga,2526,Rayo Vallecano,Andrei Ratiu,ROU,DF,27.0,1998.0,35.0,31.0,2807.0,31.2,0.0,4.0,4.0,0.0,0.0,0.0,9.0,0.0,0.0,0.13,0.13,0.0,0.13,31.2,0.0,31.0,9.0,29.0,0.99,0.29,0.0,0.0,0.0,0.0,80.0,82.1,31,88.0,30,4,18.0,0,1.43,36.0,31.0,5.0,0.16,1.33,0.0,22.0,21.0,4.0,105.0,39.0,44.0,,,0.0,,,,,,,,,,,,,,,,True,alta,2,Lateral ofensivo,2.00692384185696
ESP-La Liga,2526,Rayo Vallecano,Florian Lejeune,FRA,DF,34.0,1991.0,36.0,36.0,3230.0,35.9,2.0,1.0,3.0,2.0,0.0,0.0,7.0,0.0,0.06,0.03,0.08,0.06,0.08,35.9,2.0,50.0,18.0,36.0,1.39,0.5,0.04,0.11,0.0,0.0,90.0,94.4,36,90.0,35,0,,1,1.22,38.0,43.0,-5.0,-0.14,-1.09,0.0,47.0,14.0,1.0,8.0,47.0,47.0,,,0.0,,,,,,,,,,,,,,,,True,alta,1,Central de combate,2.390983171970295
ESP-La Liga,2526,Rayo Vallecano,Iván Balliu,ALB,DF,33.0,1992.0,14.0,6.0,582.0,6.5,0.0,0.0,0.0,0.0,0.0,0.0,2.0,0.0,0.0,0.0,0.0,0.0,0.0,6.5,0.0,4.0,0.0,0.0,0.62,0.0,0.0,,0.0,0.0,42.0,17.0,6,74.0,2,8,17.0,21,1.43,8.0,7.0,1.0,0.15,0.28,0.0,9.0,5.0,0.0,9.0,9.0,9.0,,,0.0,,,,,,,,,,,,,,,,False,baja,1,Central de combate,1.3980381574432115
ESP-La Liga,2526,Rayo Vallecano,Luiz Felipe,ITA,DF,28.0,1997.0,10.0,7.0,470.0,5.2,0.0,0.0,0.0,0.0,0.0,0.0,1.0,0.0,0.0,0.0,0.0,0.0,0.0,5.2,0.0,3.0,1.0,33.3,0.57,0.19,0.0,0.0,0.0,0.0,47.0,13.7,7,63.0,3,3,11.0,11,1.2,8.0,4.0,4.0,0.77,0.98,0.0,5.0,1.0,0.0,0.0,7.0,8.0,,,0.0,,,,,,,,,,,,,,,,False,baja,1,Central de combate,2.5333918652089196
ESP-La Liga,2526,Rayo Vallecano,Nobel Mendy,SEN,DF,20.0,2004.0,24.0,22.0,1797.0,20.0,2.0,0.0,2.0,2.0,0.0,0.0,9.0,2.0,0.1,0.0,0.1,0.1,0.1,20.0,2.0,11.0,3.0,27.3,0.55,0.15,0.18,0.67,0.0,0.0,75.0,52.5,22,79.0,12,2,27.0,7,1.25,21.0,26.0,-5.0,-0.25,-0.36,1.0,32.0,12.0,1.0,6.0,23.0,15.0,,,0.0,,,,,,,,,,,,,,,,True,alta,1,Central de combate,1.8313593610959265
ESP-La Liga,2526,Rayo Vallecano,Pathé Ciss,SEN,"MF,DF",31.0,1994.0,29.0,20.0,1999.0,22.2,2.0,1.0,3.0,2.0,0.0,0.0,9.0,2.0,0.09,0.05,0.14,0.09,0.14,22.2,2.0,20.0,8.0,40.0,0.9,0.36,0.1,0.25,0.0,0.0,69.0,58.5,20,88.0,17,9,26.0,0,1.31,25.0,24.0,1.0,0.05,0.3,0.0,30.0,13.0,2.0,1.0,35.0,35.0,,,0.0,,,,,,,,,,,,,,,,True,alta,1,Central de combate,2.2353102063453334
ESP-La Liga,2526,Rayo Vallecano,Pep Chavarría,ESP,DF,27.0,1998.0,33.0,29.0,2682.0,29.8,1.0,2.0,3.0,1.0,0.0,0.0,6.0,1.0,0.03,0.07,0.1,0.03,0.1,29.8,1.0,18.0,3.0,16.7,0.6,0.1,0.06,0.33,0.0,0.0,81.0,78.4,29,89.0,26,4,23.0,4,1.24,31.0,34.0,-3.0,-0.1,-0.1,1.0,33.0,35.0,3.0,95.0,32.0,31.0,,,0.0,,,,,,,,,,,,,,,,True,alta,2,Lateral ofensivo,0.8842189128250129
ESP-La Liga,2526,Real Betis,Aitor Ruibal,ESP,"DF,MF",29.0,1996.0,27.0,20.0,1808.0,20.1,4.0,2.0,6.0,4.0,0.0,0.0,6.0,1.0,0.2,0.1,0.3,0.2,0.3,20.1,4.0,31.0,12.0,38.7,1.54,0.6,0.13,0.33,0.0,0.0,67.0,52.9,20,80.0,9,7,29.0,4,1.67,30.0,21.0,9.0,0.45,0.34,1.0,32.0,25.0,1.0,31.0,20.0,32.0,,,0.0,,,,,,,,,,,,,,,,True,alta,2,Lateral ofensivo,2.5197255676149184
ESP-La Liga,2526,Real Betis,Diego Llorente,ESP,DF,31.0,1993.0,18.0,14.0,1229.0,13.7,1.0,0.0,1.0,1.0,0.0,0.0,5.0,0.0,0.07,0.0,0.07,0.07,0.07,13.7,1.0,4.0,3.0,75.0,0.29,0.22,0.25,0.33,0.0,0.0,68.0,35.9,14,78.0,10,4,36.0,11,1.56,24.0,12.0,12.0,0.88,0.92,0.0,13.0,13.0,0.0,1.0,27.0,15.0,,,0.0,,,,,,,,,,,,,,,,True,alta,1,Central de combate,2.3575028231156456
ESP-La Liga,2526,Real Betis,Héctor Bellerín,ESP,DF,30.0,1995.0,27.0,20.0,1822.0,20.2,2.0,3.0,5.0,2.0,0.0,0.0,2.0,0.0,0.1,0.15,0.25,0.1,0.25,20.2,2.0,7.0,5.0,71.4,0.35,0.25,0.29,0.4,0.0,0.0,67.0,53.3,20,83.0,14,7,24.0,3,1.56,33.0,27.0,6.0,0.3,0.01,0.0,15.0,4.0,2.0,29.0,14.0,16.0,,,0.0,,,,,,,,,,,,,,,,True,alta,0,Central posicional,2.5520663488532964
ESP-La Liga,2526,Real Betis,Junior Firpo,DOM,DF,28.0,1996.0,12.0,10.0,827.0,9.2,0.0,1.0,1.0,0.0,0.0,0.0,2.0,0.0,0.0,0.11,0.11,0.0,0.11,9.2,0.0,5.0,0.0,0.0,0.54,0.0,0.0,,0.0,0.0,69.0,24.2,10,78.0,4,2,26.0,14,1.08,13.0,15.0,-2.0,-0.22,-0.67,0.0,11.0,8.0,1.0,19.0,10.0,14.0,,,0.0,,,,,,,,,,,,,,,,False,baja,2,Lateral ofensivo,1.0957309141911522
ESP-La Liga,2526,Real Betis,Marc Bartra,ESP,DF,34.0,1991.0,25.0,21.0,1978.0,22.0,1.0,0.0,1.0,1.0,0.0,0.0,3.0,0.0,0.05,0.0,0.05,0.05,0.05,22.0,1.0,16.0,5.0,31.3,0.73,0.23,0.06,0.2,0.0,0.0,79.0,57.8,21,86.0,19,4,45.0,5,1.56,29.0,29.0,0.0,0.0,-0.69,0.0,15.0,11.0,0.0,2.0,29.0,18.0,,,1.0,,,,,,,,,,,,,,,,True,alta,0,Central posicional,1.4995115619592052
ESP-La Liga,2526,Real Betis,Natan,BRA,DF,24.0,2001.0,33.0,32.0,2807.0,31.2,0.0,0.0,0.0,0.0,0.0,0.0,8.0,0.0,0.0,0.0,0.0,0.0,0.0,31.2,0.0,10.0,1.0,10.0,0.32,0.03,0.0,0.0,0.0,0.0,85.0,82.1,32,87.0,28,1,25.0,4,1.64,50.0,41.0,9.0,0.29,-0.01,0.0,28.0,11.0,0.0,1.0,37.0,17.0,,,0.0,,,,,,,,,,,,,,,,True,alta,0,Central posicional,1.9172429478408402
ESP-La Liga,2526,Real Betis,Ricardo Rodríguez,SUI,DF,32.0,1992.0,23.0,18.0,1547.0,17.2,0.0,1.0,1.0,0.0,0.0,0.0,0.0,0.0,0.0,0.06,0.06,0.0,0.06,17.2,0.0,3.0,0.0,0.0,0.17,0.0,0.0,,0.0,0.0,67.0,45.2,18,84.0,14,5,7.0,11,1.91,32.0,17.0,15.0,0.87,1.06,0.0,11.0,5.0,0.0,15.0,8.0,14.0,,,0.0,,,,,,,,,,,,,,,,True,alta,0,Central posicional,2.7553394678417162
ESP-La Liga,2526,Real Betis,Valentín Gómez,ARG,DF,22.0,2003.0,28.0,19.0,1882.0,20.9,1.0,0.0,1.0,1.0,0.0,0.0,5.0,0.0,0.05,0.0,0.05,0.05,0.05,20.9,1.0,11.0,5.0,45.5,0.53,0.24,0.09,0.2,0.0,0.0,67.0,55.0,19,90.0,19,9,19.0,9,1.68,29.0,28.0,1.0,0.05,-0.54,0.0,26.0,11.0,1.0,12.0,23.0,25.0,,,0.0,,,,,,,,,,,,,,,,True,alta,1,Central de combate,0.9824331762952312
ESP-La Liga,2526,Real Betis,Ángel Ortíz,ESP,DF,21.0,2004.0,13.0,7.0,584.0,6.5,0.0,0.0,0.0,0.0,0.0,0.0,1.0,0.0,0.0,0.0,0.0,0.0,0.0,6.5,0.0,1.0,0.0,0.0,0.15,0.0,0.0,,0.0,0.0,45.0,17.1,7,72.0,2,6,14.0,13,1.54,5.0,9.0,-4.0,-0.62,-1.09,0.0,9.0,9.0,0.0,19.0,1.0,19.0,,,0.0,,,,,,,,,,,,,,,,False,baja,2,Lateral ofensivo,4.772689143933729
ESP-La Liga,2526,Real Madrid,Antonio Rüdiger,GER,DF,32.0,1993.0,18.0,16.0,1490.0,16.6,1.0,0.0,1.0,1.0,0.0,0.0,0.0,0.0,0.06,0.0,0.06,0.06,0.06,16.6,1.0,13.0,1.0,7.7,0.79,0.06,0.08,1.0,0.0,0.0,83.0,43.6,16,86.0,13,2,57.0,5,2.11,32.0,16.0,16.0,0.97,-0.25,0.0,11.0,2.0,2.0,2.0,4.0,5.0,,,0.0,,,,,,,,,,,,,,,,True,alta,0,Central posicional,3.6374197075527546
ESP-La Liga,2526,Real Madrid,Dani Carvajal,ESP,DF,33.0,1992.0,17.0,10.0,977.0,10.9,0.0,1.0,1.0,0.0,0.0,0.0,0.0,0.0,0.0,0.09,0.09,0.0,0.09,10.9,0.0,5.0,1.0,20.0,0.46,0.09,0.0,0.0,0.0,0.0,57.0,28.6,10,79.0,4,7,26.0,9,2.35,20.0,10.0,10.0,0.92,-0.26,0.0,7.0,9.0,0.0,11.0,6.0,12.0,,,0.0,,,,,,,,,,,,,,,,True,alta,0,Central posicional,2.794733324806477
ESP-La Liga,2526,Real Madrid,Dean Huijsen,ESP,DF,20.0,2005.0,28.0,24.0,2034.0,22.6,2.0,2.0,4.0,2.0,0.0,0.0,7.0,1.0,0.09,0.09,0.18,0.09,0.18,22.6,2.0,20.0,5.0,25.0,0.88,0.22,0.1,0.4,0.0,0.0,73.0,59.5,24,81.0,16,4,24.0,1,2.39,49.0,18.0,31.0,1.37,0.66,0.0,21.0,13.0,1.0,1.0,18.0,18.0,,,0.0,,,,,,,,,,,,,,,,True,alta,0,Central posicional,2.5318242366987183
ESP-La Liga,2526,Real Madrid,Federico Valverde,URU,"MF,DF",27.0,1998.0,33.0,31.0,2740.0,30.4,5.0,8.0,13.0,5.0,0.0,0.0,3.0,1.0,0.16,0.26,0.43,0.16,0.43,30.4,5.0,51.0,22.0,43.1,1.68,0.72,0.1,0.23,0.0,0.0,83.0,80.1,31,86.0,23,2,40.0,0,2.33,66.0,28.0,38.0,1.25,0.72,0.0,18.0,14.0,1.0,30.0,25.0,25.0,,,0.0,,,,,,,,,,,,,,,,True,alta,2,Lateral ofensivo,3.1800910116646857
ESP-La Liga,2526,Real Madrid,Fran Garcia,ESP,"DF,MF",25.0,1999.0,13.0,10.0,929.0,10.3,1.0,1.0,2.0,1.0,0.0,0.0,2.0,1.0,0.1,0.1,0.19,0.1,0.19,10.3,1.0,6.0,2.0,33.3,0.58,0.19,0.17,0.5,0.0,0.0,71.0,27.2,10,83.0,6,3,34.0,24,2.08,19.0,10.0,9.0,0.87,-0.32,1.0,7.0,14.0,1.0,28.0,6.0,12.0,,,0.0,,,,,,,,,,,,,,,,True,alta,2,Lateral ofensivo,1.640433653816128
ESP-La Liga,2526,Real Madrid,Raúl Asencio,ESP,DF,22.0,2003.0,23.0,18.0,1708.0,19.0,2.0,0.0,2.0,2.0,0.0,0.0,4.0,0.0,0.11,0.0,0.11,0.11,0.11,19.0,2.0,14.0,4.0,28.6,0.74,0.21,0.14,0.5,0.0,0.0,74.0,49.9,18,85.0,14,5,34.0,10,2.22,37.0,17.0,20.0,1.05,-0.1,0.0,17.0,23.0,0.0,1.0,10.0,12.0,,,0.0,,,,,,,,,,,,,,,,True,alta,0,Central posicional,2.6402176819454652
ESP-La Liga,2526,Real Madrid,Trent Alexander-Arnold,ENG,DF,26.0,1998.0,21.0,14.0,1163.0,12.9,0.0,4.0,4.0,0.0,0.0,0.0,4.0,0.0,0.0,0.31,0.31,0.0,0.31,12.9,0.0,10.0,2.0,20.0,0.77,0.15,0.0,0.0,0.0,0.0,55.0,34.0,14,76.0,6,7,15.0,3,2.05,25.0,14.0,11.0,0.85,-0.38,0.0,10.0,5.0,0.0,126.0,13.0,10.0,,,0.0,,,,,,,,,,,,,,,,True,alta,2,Lateral ofensivo,2.7884463165436664
ESP-La Liga,2526,Real Madrid,Álvaro Carreras,ESP,DF,22.0,2003.0,28.0,26.0,2332.0,25.9,2.0,3.0,5.0,2.0,0.0,0.0,5.0,1.0,0.08,0.12,0.19,0.08,0.19,25.9,2.0,9.0,3.0,33.3,0.35,0.12,0.22,0.67,0.0,0.0,83.0,68.2,26,90.0,23,2,3.0,5,2.25,56.0,23.0,33.0,1.27,0.53,0.0,22.0,33.0,5.0,30.0,38.0,18.0,,,0.0,,,,,,,,,,,,,,,,True,alta,2,Lateral ofensivo,2.5416013046002157
ESP-La Liga,2526,Real Madrid,Éder Militão,BRA,DF,27.0,1998.0,16.0,14.0,1139.0,12.7,2.0,1.0,3.0,2.0,0.0,0.0,2.0,0.0,0.16,0.08,0.24,0.16,0.24,12.7,2.0,21.0,9.0,42.9,1.66,0.71,0.1,0.22,0.0,0.0,71.0,33.3,14,76.0,9,2,39.0,2,2.06,26.0,9.0,17.0,1.34,0.36,0.0,15.0,13.0,0.0,1.0,10.0,16.0,,,0.0,,,,,,,,,,,,,,,,True,alta,2,Lateral ofensivo,2.8283774765823164
ESP-La Liga,2526,Real Sociedad,Aihen Muñoz,ESP,DF,27.0,1997.0,21.0,9.0,848.0,9.4,1.0,0.0,1.0,1.0,0.0,0.0,1.0,0.0,0.11,0.0,0.11,0.11,0.11,9.4,1.0,6.0,2.0,33.3,0.64,0.21,0.17,0.5,0.0,0.0,40.0,24.8,9,77.0,3,12,13.0,15,1.38,13.0,19.0,-6.0,-0.64,-0.78,0.0,7.0,3.0,0.0,24.0,5.0,18.0,,,0.0,,,,,,,,,,,,,,,,False,baja,2,Lateral ofensivo,3.3073213461622486
ESP-La Liga,2526,Real Sociedad,Aritz Elustondo,ESP,DF,31.0,1994.0,16.0,8.0,720.0,8.0,0.0,1.0,1.0,0.0,0.0,0.0,0.0,0.0,0.0,0.12,0.12,0.0,0.12,8.0,0.0,4.0,2.0,50.0,0.5,0.25,0.0,0.0,0.0,0.0,45.0,21.1,8,73.0,2,8,18.0,19,0.81,14.0,15.0,-1.0,-0.12,-0.09,0.0,17.0,11.0,0.0,6.0,10.0,8.0,,,0.0,,,,,,,,,,,,,,,,False,baja,2,Lateral ofensivo,3.513603624319733
ESP-La Liga,2526,Real Sociedad,Duje Ćaleta-Car,CRO,DF,28.0,1996.0,27.0,24.0,2150.0,23.9,1.0,0.0,1.0,1.0,0.0,0.0,6.0,1.0,0.04,0.0,0.04,0.04,0.04,23.9,1.0,13.0,3.0,23.1,0.54,0.13,0.08,0.33,0.0,0.0,80.0,62.9,24,86.0,21,3,27.0,9,1.3,35.0,33.0,2.0,0.08,0.37,0.0,30.0,8.0,1.0,1.0,29.0,14.0,,,1.0,,,,,,,,,,,,,,,,True,alta,1,Central de combate,2.1425159712686335
ESP-La Liga,2526,Real Sociedad,Igor Zubeldia,ESP,DF,28.0,1997.0,25.0,23.0,2082.0,23.1,0.0,1.0,1.0,0.0,0.0,0.0,9.0,0.0,0.0,0.04,0.04,0.0,0.04,23.1,0.0,6.0,1.0,16.7,0.26,0.04,0.0,0.0,0.0,0.0,83.0,60.9,23,88.0,22,2,25.0,3,1.28,34.0,37.0,-3.0,-0.13,-0.2,0.0,38.0,5.0,0.0,0.0,23.0,21.0,,,0.0,,,,,,,,,,,,,,,,True,alta,1,Central de combate,2.6635245639154053
ESP-La Liga,2526,Real Sociedad,Jon Aramburu,VEN,DF,23.0,2002.0,35.0,31.0,2773.0,30.8,1.0,0.0,1.0,1.0,0.0,0.0,11.0,0.0,0.03,0.0,0.03,0.03,0.03,30.8,1.0,21.0,5.0,23.8,0.68,0.16,0.05,0.2,0.0,0.0,79.0,81.1,31,86.0,22,4,28.0,0,1.26,45.0,49.0,-4.0,-0.13,-0.41,0.0,69.0,45.0,3.0,48.0,47.0,66.0,,,0.0,,,,,,,,,,,,,,,,True,alta,1,Central de combate,3.5104227929671605
ESP-La Liga,2526,Real Sociedad,Jon Martin,ESP,DF,19.0,2006.0,25.0,25.0,2250.0,25.0,2.0,0.0,2.0,2.0,0.0,0.0,6.0,0.0,0.08,0.0,0.08,0.08,0.08,25.0,2.0,15.0,5.0,33.3,0.6,0.2,0.13,0.4,0.0,0.0,90.0,65.8,25,90.0,25,0,,8,1.2,42.0,44.0,-2.0,-0.08,-0.08,0.0,18.0,12.0,1.0,0.0,35.0,16.0,,,0.0,,,,,,,,,,,,,,,,True,alta,0,Central posicional,1.9197523116333866
ESP-La Liga,2526,Real Sociedad,Sergio Gómez,ESP,DF,24.0,2000.0,35.0,30.0,2701.0,30.0,0.0,6.0,6.0,0.0,0.0,0.0,5.0,1.0,0.0,0.2,0.2,0.0,0.2,30.0,0.0,12.0,0.0,0.0,0.4,0.0,0.0,,0.0,0.0,77.0,79.0,30,86.0,20,5,23.0,1,1.23,47.0,45.0,2.0,0.07,0.57,0.0,45.0,15.0,4.0,153.0,32.0,53.0,,,0.0,,,,,,,,,,,,,,,,True,alta,2,Lateral ofensivo,2.400566762619638
ESP-La Liga,2526,Sevilla,Carmona,ESP,"DF,MF",23.0,2002.0,35.0,29.0,2565.0,28.5,1.0,3.0,4.0,1.0,0.0,0.0,13.0,0.0,0.04,0.11,0.14,0.04,0.14,28.5,1.0,20.0,3.0,15.0,0.7,0.11,0.05,0.33,0.0,0.0,73.0,75.0,29,82.0,21,6,33.0,1,1.11,32.0,47.0,-15.0,-0.53,-0.63,0.0,49.0,44.0,3.0,48.0,45.0,40.0,,,0.0,,,,,,,,,,,,,,,,True,alta,1,Central de combate,3.1169779391065813
ESP-La Liga,2526,Sevilla,Castrin,ESP,DF,22.0,2003.0,19.0,13.0,1277.0,14.2,1.0,0.0,1.0,1.0,0.0,0.0,4.0,0.0,0.07,0.0,0.07,0.07,0.07,14.2,1.0,11.0,3.0,27.3,0.78,0.21,0.09,0.33,0.0,0.0,67.0,37.3,13,86.0,11,6,27.0,13,1.21,20.0,16.0,4.0,0.28,1.04,0.0,13.0,13.0,1.0,1.0,22.0,15.0,,,0.0,,,,,,,,,,,,,,,,True,alta,1,Central de combate,1.6539192338376905
ESP-La Liga,2526,Sevilla,César Azpilicueta,ESP,DF,35.0,1989.0,17.0,17.0,1213.0,13.5,0.0,1.0,1.0,0.0,0.0,0.0,4.0,0.0,0.0,0.07,0.07,0.0,0.07,13.5,0.0,1.0,0.0,0.0,0.07,0.0,0.0,,0.0,0.0,71.0,35.5,17,71.0,10,0,,4,1.24,18.0,16.0,2.0,0.15,0.8,0.0,24.0,9.0,1.0,12.0,22.0,19.0,,,0.0,,,,,,,,,,,,,,,,True,alta,1,Central de combate,2.8605866845418366
ESP-La Liga,2526,Sevilla,Gabriel Suazo,CHI,"DF,MF",27.0,1997.0,29.0,25.0,2096.0,23.3,0.0,2.0,2.0,0.0,0.0,0.0,7.0,0.0,0.0,0.09,0.09,0.0,0.09,23.3,0.0,5.0,2.0,40.0,0.21,0.09,0.0,0.0,0.0,0.0,72.0,61.3,25,81.0,19,4,18.0,1,1.31,28.0,37.0,-9.0,-0.39,-0.05,0.0,33.0,15.0,2.0,95.0,29.0,62.0,,,0.0,,,,,,,,,,,,,,,,True,alta,2,Lateral ofensivo,3.623576353842492
ESP-La Liga,2526,Sevilla,Joaquín Martínez Gauna,ESP,"MF,DF",22.0,2003.0,21.0,14.0,1408.0,15.6,2.0,3.0,5.0,2.0,0.0,0.0,1.0,0.0,0.13,0.19,0.32,0.13,0.32,15.6,2.0,17.0,8.0,47.1,1.09,0.51,0.12,0.25,0.0,0.0,67.0,41.2,14,86.0,9,7,29.0,11,1.05,22.0,24.0,-2.0,-0.13,0.41,0.0,12.0,16.0,4.0,88.0,8.0,20.0,,,0.0,,,,,,,,,,,,,,,,True,alta,2,Lateral ofensivo,2.334205939721092
ESP-La Liga,2526,Sevilla,Juanlu Sánchez,ESP,"MF,DF",21.0,2003.0,32.0,23.0,1990.0,22.1,0.0,3.0,3.0,0.0,0.0,0.0,6.0,1.0,0.0,0.14,0.14,0.0,0.14,22.1,0.0,14.0,1.0,7.1,0.63,0.05,0.0,0.0,0.0,0.0,62.0,58.2,23,75.0,9,9,29.0,3,0.94,24.0,36.0,-12.0,-0.54,-0.42,1.0,23.0,42.0,4.0,59.0,11.0,42.0,,,0.0,,,,,,,,,,,,,,,,True,alta,2,Lateral ofensivo,2.498845084721953
ESP-La Liga,2526,Sevilla,Kike Salas,ESP,DF,23.0,2002.0,26.0,24.0,2203.0,24.5,2.0,0.0,2.0,2.0,0.0,0.0,1.0,0.0,0.08,0.0,0.08,0.08,0.08,24.5,2.0,19.0,8.0,42.1,0.78,0.33,0.11,0.25,0.0,0.0,85.0,64.4,24,90.0,23,2,26.0,8,1.0,26.0,38.0,-12.0,-0.49,-0.34,0.0,31.0,20.0,2.0,10.0,37.0,35.0,,,0.0,,,,,,,,,,,,,,,,True,alta,1,Central de combate,2.694212223082709
ESP-La Liga,2526,Sevilla,Marcão,BRA,DF,29.0,1996.0,13.0,11.0,938.0,10.4,1.0,0.0,1.0,1.0,0.0,0.0,5.0,1.0,0.1,0.0,0.1,0.1,0.1,10.4,1.0,10.0,2.0,20.0,0.96,0.19,0.1,0.5,0.0,0.0,72.0,27.4,11,84.0,9,2,8.0,2,1.23,13.0,15.0,-2.0,-0.19,0.24,1.0,22.0,21.0,1.0,1.0,4.0,4.0,,,0.0,,,,,,,,,,,,,,,,True,alta,1,Central de combate,4.619711995981826
ESP-La Liga,2526,Sevilla,Nemanja Gudelj,SRB,"DF,MF",33.0,1991.0,34.0,26.0,2348.0,26.1,2.0,0.0,2.0,2.0,0.0,0.0,9.0,0.0,0.08,0.0,0.08,0.08,0.08,26.1,2.0,31.0,9.0,29.0,1.19,0.34,0.06,0.22,0.0,0.0,69.0,68.7,26,85.0,19,8,19.0,3,1.18,33.0,41.0,-8.0,-0.31,0.2,0.0,40.0,11.0,0.0,7.0,23.0,23.0,,,0.0,,,,,,,,,,,,,,,,True,alta,1,Central de combate,2.396805651243156
ESP-La Liga,2526,Sevilla,Tanguy Nianzou,FRA,DF,23.0,2002.0,12.0,8.0,655.0,7.3,0.0,0.0,0.0,0.0,0.0,0.0,5.0,1.0,0.0,0.0,0.0,0.0,0.0,7.3,0.0,9.0,0.0,0.0,1.24,0.0,0.0,,0.0,0.0,55.0,19.2,8,68.0,2,4,28.0,9,1.08,7.0,16.0,-9.0,-1.24,-1.07,0.0,15.0,6.0,0.0,0.0,4.0,10.0,,,0.0,,,,,,,,,,,,,,,,False,baja,1,Central de combate,4.002965010864396
ESP-La Liga,2526,Valencia,Copete,ESP,DF,25.0,1999.0,21.0,19.0,1759.0,19.5,0.0,0.0,0.0,0.0,0.0,0.0,5.0,0.0,0.0,0.0,0.0,0.0,0.0,19.5,0.0,13.0,0.0,0.0,0.67,0.0,0.0,,0.0,0.0,84.0,51.4,19,88.0,15,2,47.0,3,0.9,17.0,32.0,-15.0,-0.77,-1.09,0.0,20.0,11.0,2.0,4.0,25.0,15.0,,,1.0,,,,,,,,,,,,,,,,True,alta,1,Central de combate,1.4240937611064153
ESP-La Liga,2526,Valencia,César Tárrega,ESP,DF,23.0,2002.0,32.0,29.0,2598.0,28.9,0.0,0.0,0.0,0.0,0.0,0.0,7.0,0.0,0.0,0.0,0.0,0.0,0.0,28.9,0.0,11.0,1.0,9.1,0.38,0.03,0.0,0.0,0.0,0.0,81.0,76.0,29,88.0,28,3,16.0,4,1.34,35.0,41.0,-6.0,-0.21,0.12,0.0,40.0,13.0,0.0,1.0,24.0,24.0,,,2.0,,,,,,,,,,,,,,,,True,alta,1,Central de combate,1.9489398952140786
ESP-La Liga,2526,Valencia,Dimitri Foulquier,FRA,DF,32.0,1993.0,15.0,12.0,1150.0,12.8,0.0,0.0,0.0,0.0,0.0,0.0,1.0,0.0,0.0,0.0,0.0,0.0,0.0,12.8,0.0,6.0,1.0,16.7,0.47,0.08,0.0,0.0,0.0,0.0,77.0,33.6,12,88.0,11,3,32.0,3,1.27,16.0,21.0,-5.0,-0.39,-0.23,0.0,16.0,7.0,0.0,11.0,8.0,9.0,,,0.0,,,,,,,,,,,,,,,,True,alta,0,Central posicional,2.0254518808828488
ESP-La Liga,2526,Valencia,Eray Cömert,SUI,DF,27.0,1998.0,17.0,15.0,1337.0,14.9,2.0,1.0,3.0,2.0,0.0,0.0,3.0,1.0,0.13,0.07,0.2,0.13,0.2,14.9,2.0,11.0,3.0,27.3,0.74,0.2,0.18,0.67,0.0,0.0,79.0,39.1,15,86.0,11,2,24.0,15,1.35,20.0,21.0,-1.0,-0.07,0.28,0.0,9.0,13.0,1.0,1.0,21.0,14.0,,,0.0,,,,,,,,,,,,,,,,True,alta,0,Central posicional,2.2806927152637186
ESP-La Liga,2526,Valencia,Jesus Vazquez,ESP,"DF,MF",22.0,2003.0,24.0,7.0,974.0,10.8,0.0,0.0,0.0,0.0,0.0,0.0,2.0,0.0,0.0,0.0,0.0,0.0,0.0,10.8,0.0,8.0,2.0,25.0,0.74,0.18,0.0,0.0,0.0,0.0,41.0,28.5,7,87.0,5,17,21.0,14,1.38,21.0,18.0,3.0,0.28,0.72,0.0,16.0,8.0,2.0,26.0,4.0,10.0,,,0.0,,,,,,,,,,,,,,,,True,alta,2,Lateral ofensivo,2.7424333382845627
ESP-La Liga,2526,Valencia,José Luis García Vayá,ESP,"MF,DF",26.0,1998.0,31.0,26.0,2225.0,24.7,2.0,0.0,2.0,1.0,1.0,3.0,4.0,0.0,0.08,0.0,0.08,0.04,0.04,24.7,2.0,24.0,3.0,12.5,0.97,0.12,0.08,0.67,1.0,3.0,72.0,65.1,26,82.0,12,5,20.0,7,1.29,24.0,34.0,-10.0,-0.4,-0.48,0.0,30.0,14.0,1.0,46.0,19.0,33.0,,,0.0,,,,,,,,,,,,,,,,True,alta,2,Lateral ofensivo,2.2704402089272726
ESP-La Liga,2526,Valencia,José Luis Gayà,ESP,DF,30.0,1995.0,32.0,31.0,2448.0,27.2,1.0,2.0,3.0,1.0,0.0,0.0,6.0,1.0,0.04,0.07,0.11,0.04,0.11,27.2,1.0,13.0,3.0,23.1,0.48,0.11,0.08,0.33,0.0,0.0,77.0,71.6,31,79.0,16,1,9.0,2,1.16,23.0,37.0,-14.0,-0.51,-0.98,0.0,31.0,20.0,3.0,88.0,23.0,44.0,,,0.0,,,,,,,,,,,,,,,,True,alta,2,Lateral ofensivo,1.313577652673258
ESP-La Liga,2526,Valencia,Mouctar Diakhaby,GUI,DF,28.0,1996.0,8.0,7.0,543.0,6.0,1.0,0.0,1.0,1.0,0.0,0.0,3.0,0.0,0.17,0.0,0.17,0.17,0.17,6.0,1.0,4.0,3.0,75.0,0.66,0.5,0.25,0.33,0.0,0.0,68.0,15.9,7,74.0,5,1,24.0,2,0.88,9.0,11.0,-2.0,-0.33,-0.11,0.0,7.0,3.0,1.0,0.0,9.0,6.0,,,0.0,,,,,,,,,,,,,,,,False,baja,1,Central de combate,2.0402724296853485
ESP-La Liga,2526,Valencia,Thierry Correia,POR,"DF,MF",26.0,1999.0,24.0,17.0,1392.0,15.5,0.0,2.0,2.0,0.0,0.0,0.0,5.0,0.0,0.0,0.13,0.13,0.0,0.13,15.5,0.0,5.0,1.0,20.0,0.32,0.06,0.0,0.0,0.0,0.0,58.0,40.7,17,73.0,8,7,20.0,3,0.96,13.0,24.0,-11.0,-0.71,-0.8,0.0,28.0,25.0,4.0,42.0,18.0,22.0,,,0.0,,,,,,,,,,,,,,,,True,alta,2,Lateral ofensivo,2.7641132758741964
ESP-La Liga,2526,Valencia,Unai Núñez,ESP,DF,28.0,1997.0,13.0,10.0,911.0,10.1,0.0,0.0,0.0,0.0,0.0,0.0,3.0,0.0,0.0,0.0,0.0,0.0,0.0,10.1,0.0,9.0,1.0,11.1,0.89,0.1,0.0,0.0,0.0,0.0,70.0,26.6,10,82.0,6,3,29.0,2,1.92,16.0,12.0,4.0,0.4,0.86,0.0,12.0,7.0,0.0,4.0,11.0,11.0,,,0.0,,,,,,,,,,,,,,,,True,alta,1,Central de combate,1.2621013566371888
ESP-La Liga,2526,Villarreal,Alfonso Pedraza,ESP,DF,29.0,1996.0,27.0,19.0,1689.0,18.8,1.0,3.0,4.0,1.0,0.0,0.0,8.0,0.0,0.05,0.16,0.21,0.05,0.21,18.8,1.0,11.0,3.0,27.3,0.59,0.16,0.09,0.33,0.0,0.0,63.0,49.4,19,80.0,10,8,21.0,9,1.89,39.0,24.0,15.0,0.8,0.23,0.0,27.0,23.0,4.0,84.0,29.0,31.0,,,0.0,,,,,,,,,,,,,,,,True,alta,2,Lateral ofensivo,2.957493411390689
ESP-La Liga,2526,Villarreal,Juan Foyth,ARG,DF,27.0,1998.0,13.0,12.0,934.0,10.4,0.0,0.0,0.0,0.0,0.0,0.0,2.0,0.0,0.0,0.0,0.0,0.0,0.0,10.4,0.0,2.0,0.0,0.0,0.19,0.0,0.0,,0.0,0.0,72.0,27.3,12,77.0,8,1,11.0,2,2.15,22.0,9.0,13.0,1.25,0.78,0.0,8.0,1.0,0.0,0.0,15.0,13.0,,,0.0,,,,,,,,,,,,,,,,True,alta,0,Central posicional,2.77682304155513
ESP-La Liga,2526,Villarreal,Pau Navarro,ESP,DF,20.0,2005.0,23.0,23.0,1921.0,21.3,0.0,0.0,0.0,0.0,0.0,0.0,4.0,0.0,0.0,0.0,0.0,0.0,0.0,21.3,0.0,2.0,2.0,100.0,0.09,0.09,0.0,0.0,0.0,0.0,84.0,56.2,23,84.0,18,0,,12,1.83,39.0,26.0,13.0,0.61,-0.17,0.0,34.0,11.0,1.0,2.0,18.0,35.0,,,1.0,,,,,,,,,,,,,,,,True,alta,1,Central de combate,2.898699291021416
ESP-La Liga,2526,Villarreal,Rafa Marín,ESP,DF,23.0,2002.0,23.0,21.0,1979.0,22.0,1.0,0.0,1.0,1.0,0.0,0.0,1.0,0.0,0.05,0.0,0.05,0.05,0.05,22.0,1.0,5.0,1.0,20.0,0.23,0.05,0.2,1.0,0.0,0.0,86.0,57.9,21,89.0,19,2,56.0,13,2.04,39.0,26.0,13.0,0.59,-0.22,0.0,16.0,8.0,3.0,0.0,20.0,22.0,,,1.0,,,,,,,,,,,,,,,,True,alta,0,Central posicional,1.7715468354104986
ESP-La Liga,2526,Villarreal,Renato Veiga,POR,DF,22.0,2003.0,32.0,27.0,2481.0,27.6,0.0,0.0,0.0,0.0,0.0,0.0,5.0,1.0,0.0,0.0,0.0,0.0,0.0,27.6,0.0,9.0,3.0,33.3,0.33,0.11,0.0,0.0,0.0,0.0,78.0,72.5,27,88.0,26,5,21.0,3,1.84,50.0,37.0,13.0,0.47,-0.77,0.0,24.0,6.0,3.0,2.0,26.0,9.0,,,0.0,,,,,,,,,,,,,,,,True,alta,0,Central posicional,2.1582001599115643
ESP-La Liga,2526,Villarreal,Santiago Mouriño,URU,DF,23.0,2002.0,28.0,27.0,2377.0,26.4,1.0,2.0,3.0,1.0,0.0,0.0,11.0,1.0,0.04,0.08,0.11,0.04,0.11,26.4,1.0,15.0,3.0,20.0,0.57,0.11,0.07,0.33,0.0,0.0,85.0,69.5,27,86.0,20,1,45.0,4,1.89,51.0,31.0,20.0,0.76,0.24,1.0,54.0,36.0,1.0,6.0,29.0,64.0,,,0.0,,,,,,,,,,,,,,,,True,alta,1,Central de combate,3.6486427636403795
ESP-La Liga,2526,Villarreal,Sergi Cardona,ESP,DF,26.0,1999.0,31.0,20.0,1970.0,21.9,1.0,4.0,5.0,1.0,0.0,0.0,4.0,0.0,0.05,0.18,0.23,0.05,0.23,21.9,1.0,18.0,5.0,27.8,0.82,0.23,0.06,0.2,0.0,0.0,64.0,57.6,20,87.0,16,11,21.0,7,1.94,34.0,26.0,8.0,0.37,-0.75,0.0,28.0,23.0,1.0,75.0,37.0,31.0,,,0.0,,,,,,,,,,,,,,,,True,alta,2,Lateral ofensivo,2.2933852162532924
FRA-Ligue 1,2526,Angers,Carlens Arcus,HAI,DF,29.0,1996.0,26.0,24.0,2040.0,22.7,0.0,3.0,3.0,0.0,0.0,0.0,7.0,0.0,0.0,0.13,0.13,0.0,0.13,22.7,0.0,9.0,1.0,11.1,0.4,0.04,0.0,0.0,0.0,0.0,78.0,66.7,24,84.0,17,2,16.0,2,1.15,19.0,27.0,-8.0,-0.35,0.62,0.0,33.0,16.0,0.0,38.0,29.0,29.0,,,0.0,,,,,,,,,,,,,,,,True,alta,2,Lateral ofensivo,2.0834647901349483
FRA-Ligue 1,2526,Angers,Florent Hanin,ALG,"DF,MF",35.0,1990.0,25.0,9.0,865.0,9.6,0.0,0.0,0.0,0.0,0.0,0.0,0.0,0.0,0.0,0.0,0.0,0.0,0.0,9.6,0.0,3.0,0.0,0.0,0.31,0.0,0.0,,0.0,0.0,35.0,28.3,9,72.0,1,16,14.0,9,0.96,9.0,14.0,-5.0,-0.52,0.05,0.0,8.0,8.0,0.0,26.0,13.0,8.0,,,0.0,,,,,,,,,,,,,,,,False,baja,0,Central posicional,2.8764383435999314
FRA-Ligue 1,2526,Angers,Jacques Ekomie,GAB,"DF,MF",21.0,2003.0,32.0,25.0,2239.0,24.9,0.0,0.0,0.0,0.0,0.0,0.0,3.0,0.0,0.0,0.0,0.0,0.0,0.0,24.9,0.0,12.0,3.0,25.0,0.48,0.12,0.0,0.0,0.0,0.0,70.0,73.2,25,84.0,17,7,20.0,0,1.13,21.0,35.0,-14.0,-0.56,-0.01,0.0,30.0,31.0,6.0,65.0,31.0,32.0,,,0.0,,,,,,,,,,,,,,,,True,alta,2,Lateral ofensivo,2.319576594849819
FRA-Ligue 1,2526,Angers,Jordan Lefort,MTN,DF,31.0,1993.0,34.0,34.0,3060.0,34.0,0.0,2.0,2.0,0.0,0.0,0.0,2.0,0.0,0.0,0.06,0.06,0.0,0.06,34.0,0.0,11.0,2.0,18.2,0.32,0.06,0.0,0.0,0.0,0.0,90.0,100.0,34,90.0,34,0,,0,1.06,29.0,48.0,-19.0,-0.56,,0.0,22.0,19.0,2.0,23.0,47.0,33.0,,,0.0,,,,,,,,,,,,,,,,True,alta,0,Central posicional,1.82014576193484
FRA-Ligue 1,2526,Angers,Lilian Raolisoa,FRA,"MF,DF",25.0,2000.0,32.0,21.0,1966.0,21.8,2.0,4.0,6.0,2.0,0.0,0.0,3.0,0.0,0.09,0.18,0.27,0.09,0.27,21.8,2.0,16.0,5.0,31.3,0.73,0.23,0.13,0.4,0.0,0.0,61.0,64.2,21,81.0,8,11,24.0,0,1.13,18.0,31.0,-13.0,-0.6,-0.1,0.0,27.0,17.0,1.0,99.0,14.0,31.0,,,0.0,,,,,,,,,,,,,,,,True,alta,2,Lateral ofensivo,1.4663618354883086
FRA-Ligue 1,2526,Angers,Marius Louer,FRA,DF,18.0,2007.0,9.0,6.0,543.0,6.0,0.0,0.0,0.0,0.0,0.0,0.0,1.0,0.0,0.0,0.0,0.0,0.0,0.0,6.0,0.0,0.0,0.0,,0.0,0.0,,,0.0,0.0,60.0,17.7,6,87.0,5,3,8.0,7,0.33,5.0,13.0,-8.0,-1.33,-0.93,0.0,7.0,3.0,0.0,9.0,2.0,16.0,,,1.0,,,,,,,,,,,,,,,,False,baja,2,Lateral ofensivo,4.849473153477771
FRA-Ligue 1,2526,Angers,Ousmane Camara,MLI,DF,22.0,2003.0,32.0,31.0,2718.0,30.2,1.0,0.0,1.0,1.0,0.0,0.0,4.0,0.0,0.03,0.0,0.03,0.03,0.03,30.2,1.0,13.0,5.0,38.5,0.43,0.17,0.08,0.2,0.0,0.0,85.0,88.8,31,87.0,29,1,18.0,1,1.13,28.0,38.0,-10.0,-0.33,2.04,0.0,22.0,7.0,1.0,3.0,34.0,29.0,,,0.0,,,,,,,,,,,,,,,,True,alta,0,Central posicional,1.3287683315744674
FRA-Ligue 1,2526,Auxerre,Bryan Okoh,SUI,DF,22.0,2003.0,13.0,12.0,1005.0,11.2,3.0,0.0,3.0,3.0,0.0,0.0,2.0,0.0,0.27,0.0,0.27,0.27,0.27,11.2,3.0,8.0,3.0,37.5,0.72,0.27,0.38,1.0,0.0,0.0,77.0,32.8,12,83.0,10,1,6.0,1,1.38,16.0,15.0,1.0,0.09,0.57,0.0,13.0,8.0,0.0,0.0,26.0,9.0,,,0.0,,,,,,,,,,,,,,,,True,alta,1,Central de combate,3.0038278379499266
FRA-Ligue 1,2526,Auxerre,Clément Akpa,CIV,DF,23.0,2001.0,26.0,21.0,1944.0,21.6,0.0,0.0,0.0,0.0,0.0,0.0,4.0,1.0,0.0,0.0,0.0,0.0,0.0,21.6,0.0,6.0,0.0,0.0,0.28,0.0,0.0,,0.0,0.0,75.0,63.5,21,85.0,18,5,31.0,4,1.0,16.0,29.0,-13.0,-0.6,-0.84,1.0,12.0,30.0,1.0,30.0,23.0,19.0,,,2.0,,,,,,,,,,,,,,,,True,alta,0,Central posicional,2.644138143048758
FRA-Ligue 1,2526,Auxerre,Francisco Sierralta,CHI,DF,28.0,1997.0,10.0,9.0,861.0,9.6,1.0,0.0,1.0,1.0,0.0,0.0,2.0,0.0,0.1,0.0,0.1,0.1,0.1,9.6,1.0,7.0,2.0,28.6,0.73,0.21,0.14,0.5,0.0,0.0,86.0,28.1,9,87.0,7,1,77.0,14,0.7,6.0,15.0,-9.0,-0.94,-0.9,0.0,8.0,5.0,0.0,0.0,9.0,6.0,,,0.0,,,,,,,,,,,,,,,,False,baja,0,Central posicional,1.6144154819896488
FRA-Ligue 1,2526,Auxerre,Fredrik Oppegard,NOR,"MF,DF",22.0,2002.0,23.0,15.0,1246.0,13.8,0.0,0.0,0.0,0.0,0.0,0.0,1.0,1.0,0.0,0.0,0.0,0.0,0.0,13.8,0.0,10.0,2.0,20.0,0.72,0.14,0.0,0.0,0.0,0.0,54.0,40.7,15,74.0,7,8,16.0,7,0.78,12.0,19.0,-7.0,-0.51,-0.36,0.0,8.0,8.0,2.0,48.0,14.0,20.0,,,0.0,,,,,,,,,,,,,,,,True,alta,2,Lateral ofensivo,2.8035525816556923
FRA-Ligue 1,2526,Auxerre,Gideon Mensah,GHA,DF,27.0,1998.0,30.0,26.0,2327.0,25.9,0.0,2.0,2.0,0.0,0.0,0.0,8.0,0.0,0.0,0.08,0.08,0.0,0.08,25.9,0.0,1.0,0.0,0.0,0.04,0.0,0.0,,0.0,0.0,78.0,76.0,26,86.0,16,4,22.0,2,1.03,27.0,28.0,-1.0,-0.04,1.07,0.0,37.0,34.0,1.0,64.0,23.0,37.0,,,0.0,,,,,,,,,,,,,,,,True,alta,2,Lateral ofensivo,3.160233141185592
FRA-Ligue 1,2526,Auxerre,Lamine Sy,MTN,DF,22.0,2002.0,24.0,17.0,1536.0,17.1,0.0,0.0,0.0,0.0,0.0,0.0,1.0,0.0,0.0,0.0,0.0,0.0,0.0,17.1,0.0,13.0,2.0,15.4,0.76,0.12,0.0,0.0,0.0,0.0,64.0,50.2,17,84.0,12,7,16.0,10,1.04,21.0,21.0,0.0,0.0,0.59,0.0,24.0,14.0,3.0,47.0,26.0,29.0,,,0.0,,,,,,,,,,,,,,,,True,alta,2,Lateral ofensivo,3.0668294564179672
FRA-Ligue 1,2526,Auxerre,Marvin Senaya,GHA,"DF,MF",24.0,2001.0,25.0,20.0,1780.0,19.8,1.0,0.0,1.0,1.0,0.0,0.0,5.0,0.0,0.05,0.0,0.05,0.05,0.05,19.8,1.0,15.0,5.0,33.3,0.76,0.25,0.07,0.2,0.0,0.0,71.0,58.2,20,84.0,12,5,21.0,5,0.8,14.0,28.0,-14.0,-0.71,-0.99,0.0,26.0,32.0,1.0,42.0,34.0,31.0,,,0.0,,,,,,,,,,,,,,,,True,alta,1,Central de combate,2.673756855579355
FRA-Ligue 1,2526,Auxerre,Oussama El Azzouzi,MAR,"MF,DF",24.0,2001.0,11.0,10.0,807.0,9.0,1.0,0.0,1.0,1.0,0.0,0.0,1.0,1.0,0.11,0.0,0.11,0.11,0.11,9.0,1.0,5.0,1.0,20.0,0.56,0.11,0.2,1.0,0.0,0.0,73.0,26.4,10,79.0,2,1,19.0,0,0.64,9.0,11.0,-2.0,-0.22,0.1,0.0,18.0,8.0,0.0,0.0,16.0,15.0,,,0.0,,,,,,,,,,,,,,,,False,baja,1,Central de combate,2.9784528837865176
FRA-Ligue 1,2526,Auxerre,Sinaly Diomande,CIV,DF,24.0,2001.0,24.0,24.0,2131.0,23.7,2.0,2.0,4.0,2.0,0.0,0.0,4.0,1.0,0.08,0.08,0.17,0.08,0.17,23.7,2.0,9.0,4.0,44.4,0.38,0.17,0.22,0.5,0.0,0.0,89.0,69.6,24,89.0,21,0,,1,1.13,27.0,29.0,-2.0,-0.08,0.69,1.0,31.0,26.0,2.0,0.0,33.0,17.0,,,0.0,,,,,,,,,,,,,,,,True,alta,1,Central de combate,2.282129622564507
FRA-Ligue 1,2526,Brest,Bradley Locko,FRA,DF,23.0,2002.0,21.0,14.0,1286.0,14.3,0.0,2.0,2.0,0.0,0.0,0.0,0.0,0.0,0.0,0.14,0.14,0.0,0.14,14.3,0.0,2.0,1.0,50.0,0.14,0.07,0.0,0.0,0.0,0.0,61.0,42.0,14,84.0,8,7,17.0,1,1.1,20.0,23.0,-3.0,-0.21,0.25,0.0,12.0,18.0,2.0,34.0,10.0,28.0,,,0.0,,,,,,,,,,,,,,,,True,alta,2,Lateral ofensivo,3.5116951534997742
FRA-Ligue 1,2526,Brest,Brendan Chardonnet,FRA,DF,30.0,1994.0,29.0,29.0,2546.0,28.3,1.0,3.0,4.0,1.0,0.0,0.0,6.0,0.0,0.04,0.11,0.14,0.04,0.14,28.3,1.0,12.0,6.0,50.0,0.42,0.21,0.08,0.17,0.0,0.0,88.0,83.2,29,88.0,27,0,,2,1.34,39.0,43.0,-4.0,-0.14,1.26,0.0,28.0,20.0,0.0,7.0,34.0,18.0,,,0.0,,,,,,,,,,,,,,,,True,alta,0,Central posicional,2.0563453403310286
FRA-Ligue 1,2526,Brest,Daouda Guindo,MLI,DF,22.0,2002.0,25.0,19.0,1686.0,18.7,1.0,1.0,2.0,1.0,0.0,0.0,4.0,1.0,0.05,0.05,0.11,0.05,0.11,18.7,1.0,21.0,5.0,23.8,1.12,0.27,0.05,0.2,0.0,0.0,67.0,55.1,19,83.0,12,6,19.0,4,1.2,22.0,26.0,-4.0,-0.21,0.31,0.0,26.0,15.0,4.0,38.0,30.0,30.0,,,0.0,,,,,,,,,,,,,,,,True,alta,2,Lateral ofensivo,2.4501228083709616
FRA-Ligue 1,2526,Brest,Junior Diaz,CIV,DF,22.0,2003.0,20.0,17.0,1562.0,17.4,0.0,0.0,0.0,0.0,0.0,0.0,4.0,0.0,0.0,0.0,0.0,0.0,0.0,17.4,0.0,7.0,1.0,14.3,0.4,0.06,0.0,0.0,0.0,0.0,78.0,51.0,17,89.0,16,3,16.0,13,1.25,22.0,24.0,-2.0,-0.12,0.49,0.0,8.0,11.0,0.0,1.0,25.0,18.0,,,0.0,,,,,,,,,,,,,,,,True,alta,0,Central posicional,2.16938342064035
FRA-Ligue 1,2526,Brest,Kenny Lala,MAD,DF,33.0,1991.0,32.0,31.0,2791.0,31.0,0.0,3.0,3.0,0.0,0.0,0.0,4.0,0.0,0.0,0.1,0.1,0.0,0.1,31.0,0.0,8.0,1.0,12.5,0.26,0.03,0.0,0.0,0.0,0.0,87.0,91.2,31,89.0,29,1,24.0,0,1.13,39.0,52.0,-13.0,-0.42,-0.75,0.0,17.0,23.0,0.0,106.0,26.0,26.0,,,0.0,,,,,,,,,,,,,,,,True,alta,2,Lateral ofensivo,2.453843288492095
FRA-Ligue 1,2526,Brest,Lucas Tousart,FRA,"MF,DF",28.0,1997.0,24.0,9.0,834.0,9.3,1.0,0.0,1.0,1.0,0.0,0.0,0.0,0.0,0.11,0.0,0.11,0.11,0.11,9.3,1.0,9.0,3.0,33.3,0.97,0.32,0.11,0.33,0.0,0.0,35.0,27.3,9,67.0,0,15,16.0,3,1.21,8.0,17.0,-9.0,-0.97,-0.85,0.0,21.0,5.0,0.0,3.0,9.0,12.0,,,0.0,,,,,,,,,,,,,,,,False,baja,1,Central de combate,3.8865045171748878
FRA-Ligue 1,2526,Brest,Soumaïla Coulibaly,FRA,DF,21.0,2003.0,16.0,15.0,1338.0,14.9,0.0,0.0,0.0,0.0,0.0,0.0,3.0,0.0,0.0,0.0,0.0,0.0,0.0,14.9,0.0,6.0,2.0,33.3,0.4,0.13,0.0,0.0,0.0,0.0,84.0,43.7,15,88.0,13,1,15.0,4,0.88,17.0,28.0,-11.0,-0.74,-0.69,0.0,26.0,20.0,1.0,1.0,13.0,12.0,,,1.0,,,,,,,,,,,,,,,,True,alta,1,Central de combate,2.3167705872642403
FRA-Ligue 1,2526,Le Havre,Arouna Sangante,SEN,DF,23.0,2002.0,28.0,28.0,2324.0,25.8,1.0,1.0,2.0,1.0,0.0,0.0,4.0,2.0,0.04,0.04,0.08,0.04,0.08,25.8,1.0,9.0,5.0,55.6,0.35,0.19,0.11,0.2,0.0,0.0,83.0,75.9,28,83.0,17,0,,0,1.04,23.0,33.0,-10.0,-0.39,-0.14,0.0,42.0,41.0,0.0,8.0,36.0,25.0,,,0.0,,,,,,,,,,,,,,,,True,alta,1,Central de combate,2.191276199881612
FRA-Ligue 1,2526,Le Havre,Ayumu Seko,JPN,"MF,DF",25.0,2000.0,30.0,29.0,2625.0,29.2,0.0,0.0,0.0,0.0,0.0,0.0,6.0,0.0,0.0,0.0,0.0,0.0,0.0,29.2,0.0,17.0,6.0,35.3,0.58,0.21,0.0,0.0,0.0,0.0,88.0,85.8,29,90.0,28,1,22.0,0,0.87,25.0,38.0,-13.0,-0.45,-0.65,0.0,28.0,20.0,1.0,5.0,35.0,24.0,,,1.0,,,,,,,,,,,,,,,,True,alta,1,Central de combate,1.4310695087610434
FRA-Ligue 1,2526,Le Havre,Gautier Lloris,FRA,DF,30.0,1995.0,29.0,28.0,2398.0,26.6,1.0,1.0,2.0,1.0,0.0,0.0,2.0,1.0,0.04,0.04,0.08,0.04,0.08,26.6,1.0,12.0,4.0,33.3,0.45,0.15,0.08,0.25,0.0,0.0,83.0,78.4,28,85.0,25,1,12.0,0,1.03,25.0,31.0,-6.0,-0.23,0.59,0.0,27.0,17.0,2.0,2.0,43.0,24.0,,,1.0,,,,,,,,,,,,,,,,True,alta,0,Central posicional,2.0668763168420154
FRA-Ligue 1,2526,Le Havre,Loïc Nego,HUN,"DF,MF",34.0,1991.0,30.0,26.0,2339.0,26.0,0.0,0.0,0.0,0.0,0.0,0.0,3.0,0.0,0.0,0.0,0.0,0.0,0.0,26.0,0.0,16.0,3.0,18.8,0.62,0.12,0.0,0.0,0.0,0.0,78.0,76.4,26,87.0,21,4,18.0,1,1.17,25.0,34.0,-9.0,-0.35,0.03,0.0,18.0,18.0,4.0,78.0,32.0,36.0,,,0.0,,,,,,,,,,,,,,,,True,alta,2,Lateral ofensivo,2.482538123124683
FRA-Ligue 1,2526,Le Havre,Stephan Zagadou,FRA,DF,16.0,2008.0,8.0,6.0,495.0,5.5,1.0,0.0,1.0,1.0,0.0,0.0,0.0,1.0,0.18,0.0,0.18,0.18,0.18,5.5,1.0,1.0,1.0,100.0,0.18,0.18,1.0,1.0,0.0,0.0,62.0,16.2,6,77.0,1,2,16.0,7,1.38,4.0,5.0,-1.0,-0.18,0.2,0.0,7.0,1.0,0.0,0.0,1.0,5.0,,,0.0,,,,,,,,,,,,,,,,False,baja,0,Central posicional,3.6135878138870443
FRA-Ligue 1,2526,Le Havre,Yanis Zouaoui,ALG,"DF,MF",27.0,1998.0,30.0,28.0,2338.0,26.0,1.0,1.0,2.0,0.0,1.0,1.0,7.0,0.0,0.04,0.04,0.08,0.0,0.04,26.0,1.0,16.0,5.0,31.3,0.62,0.19,0.06,0.2,1.0,1.0,78.0,76.4,28,82.0,14,2,25.0,0,0.93,24.0,37.0,-13.0,-0.5,-0.63,0.0,22.0,26.0,1.0,182.0,27.0,30.0,,,1.0,,,,,,,,,,,,,,,,True,alta,2,Lateral ofensivo,1.5530594276856884
FRA-Ligue 1,2526,Lens,Ismaëlo Ganiou,FRA,DF,20.0,2005.0,23.0,22.0,2014.0,22.4,3.0,0.0,3.0,3.0,0.0,0.0,4.0,1.0,0.13,0.0,0.13,0.13,0.13,22.4,3.0,22.0,4.0,18.2,0.98,0.18,0.14,0.75,0.0,0.0,88.0,65.8,22,89.0,21,1,52.0,8,2.09,44.0,25.0,19.0,0.85,-0.18,1.0,25.0,22.0,0.0,17.0,29.0,27.0,,,0.0,,,,,,,,,,,,,,,,True,alta,1,Central de combate,1.753151227314157
FRA-Ligue 1,2526,Lens,Jonathan Gradit,FRA,DF,32.0,1992.0,10.0,10.0,807.0,9.0,0.0,0.0,0.0,0.0,0.0,0.0,2.0,1.0,0.0,0.0,0.0,0.0,0.0,9.0,0.0,2.0,0.0,0.0,0.22,0.0,0.0,,0.0,0.0,81.0,26.4,10,81.0,8,0,,0,2.2,19.0,8.0,11.0,1.23,0.43,0.0,15.0,9.0,0.0,3.0,16.0,12.0,,,0.0,,,,,,,,,,,,,,,,False,baja,1,Central de combate,2.180849643493678
FRA-Ligue 1,2526,Lens,Malang Sarr,FRA,DF,26.0,1999.0,33.0,33.0,2925.0,32.5,0.0,1.0,1.0,0.0,0.0,0.0,4.0,0.0,0.0,0.03,0.03,0.0,0.03,32.5,0.0,23.0,5.0,21.7,0.71,0.15,0.0,0.0,0.0,0.0,89.0,95.6,33,89.0,32,0,,0,2.12,65.0,33.0,32.0,0.98,1.65,0.0,21.0,24.0,0.0,10.0,76.0,44.0,,,0.0,,,,,,,,,,,,,,,,True,alta,1,Central de combate,3.467057156035649
FRA-Ligue 1,2526,Lens,Matthieu Udol,FRA,"MF,DF",29.0,1996.0,34.0,33.0,3002.0,33.4,1.0,7.0,8.0,1.0,0.0,0.0,2.0,0.0,0.03,0.21,0.24,0.03,0.24,33.4,1.0,47.0,17.0,36.2,1.41,0.51,0.02,0.06,0.0,0.0,88.0,98.1,33,90.0,30,1,45.0,0,2.06,62.0,35.0,27.0,0.81,-5.4,0.0,30.0,27.0,2.0,115.0,51.0,21.0,,,0.0,,,,,,,,,,,,,,,,True,alta,2,Lateral ofensivo,3.1589794140232543
FRA-Ligue 1,2526,Lens,Nidal Čelik,BIH,DF,19.0,2006.0,8.0,8.0,616.0,6.8,0.0,0.0,0.0,0.0,0.0,0.0,2.0,0.0,0.0,0.0,0.0,0.0,0.0,6.8,0.0,1.0,1.0,100.0,0.15,0.15,0.0,0.0,0.0,0.0,77.0,20.1,8,77.0,5,0,,4,1.63,20.0,9.0,11.0,1.61,0.87,0.0,13.0,1.0,0.0,1.0,9.0,10.0,,,0.0,,,,,,,,,,,,,,,,False,baja,1,Central de combate,3.093446638929585
FRA-Ligue 1,2526,Lens,Samson Baidoo,AUT,DF,21.0,2004.0,23.0,20.0,1827.0,20.3,2.0,1.0,3.0,2.0,0.0,0.0,2.0,0.0,0.1,0.05,0.15,0.1,0.15,20.3,2.0,16.0,4.0,25.0,0.79,0.2,0.13,0.5,0.0,0.0,79.0,59.7,20,87.0,18,3,30.0,1,2.22,38.0,14.0,24.0,1.18,0.67,0.0,20.0,5.0,1.0,0.0,25.0,23.0,,,0.0,,,,,,,,,,,,,,,,True,alta,0,Central posicional,2.074075916518301
FRA-Ligue 1,2526,Lille,Alexsandro Ribeiro,BRA,DF,25.0,1999.0,9.0,7.0,509.0,5.7,0.0,0.0,0.0,0.0,0.0,0.0,0.0,1.0,0.0,0.0,0.0,0.0,0.0,5.7,0.0,7.0,2.0,28.6,1.24,0.35,0.0,0.0,0.0,0.0,57.0,16.6,7,72.0,5,2,2.0,11,2.0,12.0,5.0,7.0,1.24,0.96,0.0,10.0,8.0,0.0,1.0,11.0,9.0,,,0.0,,,,,,,,,,,,,,,,False,baja,1,Central de combate,4.234154124630346
FRA-Ligue 1,2526,Lille,Aïssa Mandi,ALG,DF,33.0,1991.0,29.0,28.0,2424.0,26.9,1.0,0.0,1.0,1.0,0.0,0.0,8.0,0.0,0.04,0.0,0.04,0.04,0.04,26.9,1.0,14.0,4.0,28.6,0.52,0.15,0.07,0.25,0.0,0.0,84.0,79.2,28,86.0,24,1,6.0,2,1.83,37.0,28.0,9.0,0.33,-0.51,0.0,17.0,17.0,1.0,10.0,44.0,21.0,,,0.0,,,,,,,,,,,,,,,,True,alta,1,Central de combate,2.2111042526121856
FRA-Ligue 1,2526,Lille,Calvin Verdonk,IDN,DF,28.0,1997.0,18.0,7.0,790.0,8.8,0.0,0.0,0.0,0.0,0.0,0.0,3.0,1.0,0.0,0.0,0.0,0.0,0.0,8.8,0.0,3.0,1.0,33.3,0.34,0.11,0.0,0.0,0.0,0.0,44.0,25.8,7,84.0,3,11,19.0,7,1.61,9.0,10.0,-1.0,-0.11,-0.75,0.0,14.0,3.0,0.0,30.0,15.0,10.0,,,0.0,,,,,,,,,,,,,,,,False,baja,1,Central de combate,2.6541009698903304
FRA-Ligue 1,2526,Lille,Chancel Mbemba,COD,DF,30.0,1994.0,13.0,9.0,954.0,10.6,0.0,0.0,0.0,0.0,0.0,0.0,3.0,0.0,0.0,0.0,0.0,0.0,0.0,10.6,0.0,7.0,3.0,42.9,0.66,0.28,0.0,0.0,0.0,0.0,73.0,31.2,9,90.0,9,4,36.0,16,2.23,22.0,15.0,7.0,0.66,0.32,0.0,10.0,6.0,0.0,0.0,13.0,8.0,,,1.0,,,,,,,,,,,,,,,,True,alta,1,Central de combate,1.737526319027707
FRA-Ligue 1,2526,Lille,Nathan Ngoy,BEL,DF,22.0,2003.0,29.0,27.0,2405.0,26.7,1.0,2.0,3.0,1.0,0.0,0.0,10.0,1.0,0.04,0.07,0.11,0.04,0.11,26.7,1.0,22.0,6.0,27.3,0.82,0.22,0.05,0.17,0.0,0.0,83.0,78.6,27,88.0,26,2,14.0,2,1.79,38.0,31.0,7.0,0.26,-0.84,0.0,20.0,11.0,0.0,6.0,38.0,21.0,,,0.0,,,,,,,,,,,,,,,,True,alta,1,Central de combate,2.495102495451774
FRA-Ligue 1,2526,Lille,Romain Perraud,FRA,DF,27.0,1997.0,30.0,27.0,2241.0,24.9,3.0,4.0,7.0,3.0,0.0,0.0,4.0,1.0,0.12,0.16,0.28,0.12,0.28,24.9,3.0,33.0,12.0,36.4,1.33,0.48,0.09,0.25,0.0,0.0,75.0,73.2,27,82.0,14,3,12.0,2,1.83,43.0,26.0,17.0,0.68,0.9,0.0,21.0,44.0,2.0,127.0,23.0,31.0,,,0.0,,,,,,,,,,,,,,,,True,alta,2,Lateral ofensivo,2.1154159149217264
FRA-Ligue 1,2526,Lille,Thomas Meunier,BEL,DF,33.0,1991.0,25.0,21.0,1909.0,21.2,2.0,2.0,4.0,2.0,0.0,0.0,3.0,0.0,0.09,0.09,0.19,0.09,0.19,21.2,2.0,19.0,5.0,26.3,0.9,0.24,0.11,0.4,0.0,0.0,76.0,62.4,21,87.0,16,4,18.0,0,2.08,36.0,19.0,17.0,0.8,0.96,0.0,29.0,3.0,2.0,51.0,17.0,18.0,,,0.0,,,,,,,,,,,,,,,,True,alta,2,Lateral ofensivo,2.833192394029299
FRA-Ligue 1,2526,Lille,Tiago Santos,POR,DF,23.0,2002.0,15.0,8.0,709.0,7.9,0.0,0.0,0.0,0.0,0.0,0.0,0.0,0.0,0.0,0.0,0.0,0.0,0.0,7.9,0.0,9.0,0.0,0.0,1.14,0.0,0.0,,0.0,0.0,47.0,23.2,8,79.0,1,7,11.0,9,1.33,7.0,8.0,-1.0,-0.13,-0.74,0.0,13.0,21.0,0.0,32.0,5.0,8.0,,,0.0,,,,,,,,,,,,,,,,False,baja,2,Lateral ofensivo,3.9458427000108474
FRA-Ligue 1,2526,Lorient,Abdoulaye Faye,SEN,DF,20.0,2004.0,17.0,16.0,1444.0,16.0,0.0,0.0,0.0,0.0,0.0,0.0,8.0,0.0,0.0,0.0,0.0,0.0,0.0,16.0,0.0,8.0,2.0,25.0,0.5,0.12,0.0,0.0,0.0,0.0,85.0,47.2,16,87.0,14,1,45.0,0,1.18,22.0,31.0,-9.0,-0.56,-0.9,0.0,25.0,15.0,0.0,4.0,28.0,24.0,,,1.0,,,,,,,,,,,,,,,,True,alta,1,Central de combate,2.2836280463152225
FRA-Ligue 1,2526,Lorient,Bamo Meïté,CIV,DF,23.0,2001.0,25.0,22.0,1979.0,22.0,0.0,3.0,3.0,0.0,0.0,0.0,5.0,0.0,0.0,0.14,0.14,0.0,0.14,22.0,0.0,8.0,1.0,12.5,0.36,0.05,0.0,0.0,0.0,0.0,79.0,64.7,22,87.0,18,3,23.0,3,1.44,31.0,29.0,2.0,0.09,0.51,0.0,30.0,25.0,2.0,12.0,13.0,15.0,,,0.0,,,,,,,,,,,,,,,,True,alta,2,Lateral ofensivo,2.598141144330284
FRA-Ligue 1,2526,Lorient,Darlin Yongwa,CMR,"DF,MF",24.0,2000.0,23.0,14.0,1312.0,14.6,0.0,1.0,1.0,0.0,0.0,0.0,4.0,1.0,0.0,0.07,0.07,0.0,0.07,14.6,0.0,10.0,2.0,20.0,0.69,0.14,0.0,0.0,0.0,0.0,57.0,42.9,14,84.0,12,9,15.0,4,1.04,18.0,20.0,-2.0,-0.14,-0.09,0.0,14.0,22.0,1.0,38.0,11.0,24.0,,,0.0,,,,,,,,,,,,,,,,True,alta,2,Lateral ofensivo,1.6615044724892474
FRA-Ligue 1,2526,Lorient,Igor Carioca,BRA,DF,28.0,1996.0,17.0,13.0,1213.0,13.5,1.0,0.0,1.0,1.0,0.0,0.0,1.0,0.0,0.07,0.0,0.07,0.07,0.07,13.5,1.0,8.0,1.0,12.5,0.59,0.07,0.13,1.0,0.0,0.0,71.0,39.6,13,89.0,11,4,15.0,12,1.53,23.0,24.0,-1.0,-0.07,0.02,0.0,9.0,18.0,1.0,21.0,13.0,19.0,,,0.0,,,,,,,,,,,,,,,,True,alta,2,Lateral ofensivo,2.6118753420517113
FRA-Ligue 1,2526,Lorient,Joel Mvuka,NOR,"MF,DF",22.0,2002.0,15.0,5.0,560.0,6.2,0.0,0.0,0.0,0.0,0.0,0.0,0.0,0.0,0.0,0.0,0.0,0.0,0.0,6.2,0.0,8.0,1.0,12.5,1.29,0.16,0.0,0.0,0.0,0.0,37.0,18.3,5,76.0,1,10,18.0,5,1.2,5.0,18.0,-13.0,-2.09,-2.45,0.0,4.0,11.0,1.0,12.0,6.0,13.0,,,0.0,,,,,,,,,,,,,,,,False,baja,2,Lateral ofensivo,3.9257216092913754
FRA-Ligue 1,2526,Lorient,Montassar Talbi,TUN,DF,27.0,1998.0,29.0,29.0,2610.0,29.0,0.0,1.0,1.0,0.0,0.0,0.0,3.0,0.0,0.0,0.03,0.03,0.0,0.03,29.0,0.0,14.0,2.0,14.3,0.48,0.07,0.0,0.0,0.0,0.0,90.0,85.3,29,90.0,29,0,,0,1.41,43.0,44.0,-1.0,-0.03,0.37,0.0,7.0,13.0,0.0,5.0,27.0,19.0,,,0.0,,,,,,,,,,,,,,,,True,alta,0,Central posicional,1.869038493615751
FRA-Ligue 1,2526,Lorient,Nathaniel Adjei,GHA,DF,22.0,2002.0,15.0,9.0,835.0,9.3,0.0,0.0,0.0,0.0,0.0,0.0,0.0,0.0,0.0,0.0,0.0,0.0,0.0,9.3,0.0,4.0,2.0,50.0,0.43,0.22,0.0,0.0,0.0,0.0,56.0,27.3,9,88.0,8,6,7.0,11,1.6,13.0,13.0,0.0,0.0,0.12,0.0,8.0,6.0,1.0,1.0,9.0,7.0,,,1.0,,,,,,,,,,,,,,,,False,baja,0,Central posicional,1.8408345526803864
FRA-Ligue 1,2526,Lorient,Panos Katseris,GRE,"MF,DF",24.0,2001.0,16.0,8.0,747.0,8.3,1.0,2.0,3.0,1.0,0.0,0.0,3.0,0.0,0.12,0.24,0.36,0.12,0.36,8.3,1.0,7.0,4.0,57.1,0.84,0.48,0.14,0.25,0.0,0.0,47.0,24.4,8,75.0,2,8,18.0,0,1.25,13.0,9.0,4.0,0.48,0.75,0.0,13.0,14.0,2.0,43.0,11.0,9.0,,,0.0,,,,,,,,,,,,,,,,False,baja,2,Lateral ofensivo,2.759583075054741
FRA-Ligue 1,2526,Lyon,Abner,BRA,"DF,MF",25.0,2000.0,26.0,25.0,2150.0,23.9,3.0,2.0,5.0,3.0,0.0,0.0,4.0,1.0,0.13,0.08,0.21,0.13,0.21,23.9,3.0,17.0,7.0,41.2,0.71,0.29,0.18,0.43,0.0,0.0,83.0,70.3,25,86.0,17,1,3.0,2,1.81,35.0,25.0,10.0,0.42,0.12,0.0,23.0,6.0,1.0,61.0,8.0,24.0,,,0.0,,,,,,,,,,,,,,,,True,alta,2,Lateral ofensivo,2.6460434073058456
FRA-Ligue 1,2526,Lyon,Ainsley Maitland-Niles,ENG,"DF,MF",27.0,1997.0,30.0,28.0,2483.0,27.6,1.0,4.0,5.0,1.0,0.0,1.0,7.0,1.0,0.04,0.14,0.18,0.04,0.18,27.6,1.0,14.0,7.0,50.0,0.51,0.25,0.07,0.14,0.0,1.0,83.0,81.1,28,85.0,22,2,48.0,0,1.83,48.0,35.0,13.0,0.47,0.47,1.0,37.0,12.0,1.0,44.0,33.0,36.0,,,0.0,,,,,,,,,,,,,,,,True,alta,2,Lateral ofensivo,1.955802986147599
FRA-Ligue 1,2526,Lyon,Clinton Mata,ANG,DF,32.0,1992.0,32.0,32.0,2833.0,31.5,0.0,0.0,0.0,0.0,0.0,0.0,5.0,0.0,0.0,0.0,0.0,0.0,0.0,31.5,0.0,5.0,0.0,0.0,0.16,0.0,0.0,,0.0,0.0,89.0,92.6,32,89.0,29,0,,0,1.75,49.0,40.0,9.0,0.29,-1.3,0.0,35.0,35.0,0.0,20.0,26.0,21.0,,,1.0,,,,,,,,,,,,,,,,True,alta,0,Central posicional,2.448143564757406
FRA-Ligue 1,2526,Lyon,Hans Hateboer,NED,"DF,MF",31.0,1994.0,15.0,8.0,740.0,8.2,0.0,0.0,0.0,0.0,0.0,0.0,0.0,1.0,0.0,0.0,0.0,0.0,0.0,8.2,0.0,7.0,1.0,14.3,0.85,0.12,0.0,0.0,0.0,0.0,49.0,24.2,8,74.0,3,7,21.0,7,1.87,12.0,9.0,3.0,0.36,-0.02,0.0,8.0,3.0,1.0,22.0,10.0,10.0,,,0.0,,,,,,,,,,,,,,,,False,baja,0,Central posicional,3.0800215037062477
FRA-Ligue 1,2526,Lyon,Moussa Niakhaté,SEN,DF,29.0,1996.0,32.0,30.0,2759.0,30.7,0.0,2.0,2.0,0.0,0.0,0.0,3.0,0.0,0.0,0.07,0.07,0.0,0.07,30.7,0.0,4.0,0.0,0.0,0.13,0.0,0.0,,0.0,0.0,86.0,90.2,30,90.0,30,2,30.0,0,1.69,43.0,34.0,9.0,0.29,-0.9,0.0,38.0,32.0,0.0,6.0,32.0,22.0,,,0.0,,,,,,,,,,,,,,,,True,alta,0,Central posicional,2.6014953651364734
FRA-Ligue 1,2526,Lyon,Nicolás Tagliafico,ARG,DF,32.0,1992.0,20.0,14.0,1310.0,14.6,0.0,3.0,3.0,0.0,0.0,0.0,5.0,2.0,0.0,0.21,0.21,0.0,0.21,14.6,0.0,15.0,1.0,6.7,1.03,0.07,0.0,0.0,0.0,0.0,66.0,42.8,14,85.0,8,6,20.0,6,1.55,21.0,15.0,6.0,0.41,0.05,1.0,36.0,33.0,2.0,20.0,17.0,14.0,,,0.0,,,,,,,,,,,,,,,,True,alta,2,Lateral ofensivo,3.9051650624284115
FRA-Ligue 1,2526,Lyon,Ruben Kluivert,NED,DF,24.0,2001.0,16.0,9.0,772.0,8.6,1.0,2.0,3.0,1.0,0.0,0.0,4.0,0.0,0.12,0.23,0.35,0.12,0.35,8.6,1.0,2.0,1.0,50.0,0.23,0.12,0.5,1.0,0.0,0.0,48.0,25.2,9,81.0,6,7,6.0,8,2.06,18.0,19.0,-1.0,-0.12,-0.67,0.0,10.0,4.0,0.0,1.0,8.0,10.0,,,0.0,,,,,,,,,,,,,,,,False,baja,1,Central de combate,3.2127130619846516
FRA-Ligue 1,2526,Marseille,Benjamin Pavard,FRA,DF,29.0,1996.0,27.0,22.0,1928.0,21.4,1.0,2.0,3.0,1.0,0.0,0.0,6.0,0.0,0.05,0.09,0.14,0.05,0.14,21.4,1.0,11.0,3.0,27.3,0.51,0.14,0.09,0.33,0.0,0.0,71.0,63.0,22,84.0,17,5,16.0,2,1.93,40.0,24.0,16.0,0.75,0.59,0.0,22.0,15.0,4.0,17.0,24.0,12.0,,,1.0,,,,,,,,,,,,,,,,True,alta,1,Central de combate,2.267428397312091
FRA-Ligue 1,2526,Marseille,CJ Egan-Riley,ENG,"DF,MF",22.0,2003.0,11.0,8.0,624.0,6.9,0.0,0.0,0.0,0.0,0.0,0.0,1.0,1.0,0.0,0.0,0.0,0.0,0.0,6.9,0.0,0.0,0.0,,0.0,0.0,,,0.0,0.0,57.0,20.4,8,75.0,4,3,9.0,15,1.55,9.0,9.0,0.0,0.0,-0.67,0.0,5.0,5.0,0.0,1.0,2.0,7.0,,,0.0,,,,,,,,,,,,,,,,False,baja,0,Central posicional,3.225396082848209
FRA-Ligue 1,2526,Marseille,Emerson Palmieri,ITA,"DF,MF",30.0,1994.0,28.0,23.0,2114.0,23.5,0.0,3.0,3.0,0.0,0.0,0.0,3.0,0.0,0.0,0.13,0.13,0.0,0.13,23.5,0.0,15.0,2.0,13.3,0.64,0.09,0.0,0.0,0.0,0.0,76.0,69.1,23,88.0,19,5,20.0,1,1.75,39.0,30.0,9.0,0.38,-0.47,0.0,16.0,17.0,2.0,122.0,33.0,32.0,,,0.0,,,,,,,,,,,,,,,,True,alta,2,Lateral ofensivo,1.9886071621148933
FRA-Ligue 1,2526,Marseille,Facundo Medina,ARG,DF,26.0,1999.0,17.0,16.0,1365.0,15.2,0.0,1.0,1.0,0.0,0.0,0.0,7.0,0.0,0.0,0.07,0.07,0.0,0.07,15.2,0.0,4.0,1.0,25.0,0.26,0.07,0.0,0.0,0.0,0.0,80.0,44.6,16,85.0,13,1,6.0,3,1.76,26.0,23.0,3.0,0.2,-0.6,0.0,24.0,9.0,0.0,13.0,24.0,16.0,,,1.0,,,,,,,,,,,,,,,,True,alta,1,Central de combate,2.287971885026645
FRA-Ligue 1,2526,Marseille,Geoffrey Kondogbia,CTA,"MF,DF",32.0,1993.0,10.0,9.0,587.0,6.5,0.0,0.0,0.0,0.0,0.0,0.0,3.0,0.0,0.0,0.0,0.0,0.0,0.0,6.5,0.0,4.0,1.0,25.0,0.61,0.15,0.0,0.0,0.0,0.0,59.0,19.2,9,64.0,0,1,14.0,7,1.9,11.0,6.0,5.0,0.77,0.29,0.0,12.0,8.0,0.0,1.0,11.0,9.0,,,0.0,,,,,,,,,,,,,,,,False,baja,1,Central de combate,2.4557426292415334
FRA-Ligue 1,2526,Marseille,Leonardo Balerdi,ARG,DF,26.0,1999.0,26.0,21.0,2001.0,22.2,0.0,1.0,1.0,0.0,0.0,0.0,5.0,0.0,0.0,0.04,0.04,0.0,0.04,22.2,0.0,20.0,5.0,25.0,0.9,0.22,0.0,0.0,0.0,0.0,77.0,65.4,21,89.0,19,5,26.0,1,1.73,46.0,33.0,13.0,0.58,0.16,0.0,23.0,21.0,0.0,2.0,27.0,28.0,,,0.0,,,,,,,,,,,,,,,,True,alta,1,Central de combate,1.644226105493259
FRA-Ligue 1,2526,Marseille,Michael Amir Murillo,PAN,"DF,MF",29.0,1996.0,16.0,11.0,989.0,11.0,2.0,1.0,3.0,2.0,0.0,0.0,4.0,0.0,0.18,0.09,0.27,0.18,0.27,11.0,2.0,9.0,2.0,22.2,0.82,0.18,0.22,1.0,0.0,0.0,62.0,32.3,11,80.0,7,5,21.0,2,2.0,26.0,13.0,13.0,1.18,0.97,0.0,22.0,16.0,2.0,28.0,6.0,13.0,,,0.0,,,,,,,,,,,,,,,,True,alta,2,Lateral ofensivo,2.8536196850137157
FRA-Ligue 1,2526,Marseille,Nayef Aguerd,MAR,DF,29.0,1996.0,16.0,16.0,1396.0,15.5,1.0,0.0,1.0,1.0,0.0,0.0,4.0,0.0,0.06,0.0,0.06,0.06,0.06,15.5,1.0,10.0,2.0,20.0,0.64,0.13,0.1,0.5,0.0,0.0,87.0,45.6,16,87.0,13,0,,1,1.94,33.0,17.0,16.0,1.03,0.92,0.0,21.0,6.0,0.0,2.0,21.0,16.0,,,0.0,,,,,,,,,,,,,,,,True,alta,1,Central de combate,1.3757652953165838
FRA-Ligue 1,2526,Marseille,Timothy Weah,USA,"MF,DF",25.0,2000.0,29.0,26.0,2253.0,25.0,2.0,2.0,4.0,2.0,0.0,0.0,5.0,0.0,0.08,0.08,0.16,0.08,0.16,25.0,2.0,29.0,10.0,34.5,1.16,0.4,0.07,0.2,0.0,0.0,78.0,73.6,26,82.0,15,3,37.0,1,1.69,47.0,34.0,13.0,0.52,-0.04,0.0,32.0,18.0,1.0,62.0,15.0,35.0,,,0.0,,,,,,,,,,,,,,,,True,alta,2,Lateral ofensivo,1.6155949626191581
FRA-Ligue 1,2526,Metz,Bouna Sarr,SEN,"MF,DF",33.0,1992.0,12.0,10.0,895.0,9.9,0.0,0.0,0.0,0.0,0.0,0.0,1.0,0.0,0.0,0.0,0.0,0.0,0.0,9.9,0.0,15.0,3.0,20.0,1.51,0.3,0.0,0.0,0.0,0.0,75.0,29.2,10,84.0,6,2,30.0,2,0.33,9.0,22.0,-13.0,-1.31,-0.02,0.0,11.0,20.0,2.0,31.0,11.0,13.0,,,0.0,,,,,,,,,,,,,,,,False,baja,2,Lateral ofensivo,3.0360001576288
FRA-Ligue 1,2526,Metz,Fodé Ballo-Touré,SEN,"DF,MF",28.0,1997.0,13.0,11.0,836.0,9.3,0.0,0.0,0.0,0.0,0.0,0.0,2.0,0.0,0.0,0.0,0.0,0.0,0.0,9.3,0.0,5.0,1.0,20.0,0.54,0.11,0.0,0.0,0.0,0.0,64.0,27.3,11,73.0,2,2,16.0,8,0.08,5.0,22.0,-17.0,-1.83,-0.74,0.0,13.0,18.0,1.0,16.0,5.0,16.0,,,0.0,,,,,,,,,,,,,,,,False,baja,2,Lateral ofensivo,2.9580869171584308
FRA-Ligue 1,2526,Metz,Heorhii Tsitaishvili,GEO,"MF,DF",24.0,2000.0,33.0,28.0,2449.0,27.2,3.0,2.0,5.0,3.0,0.0,0.0,3.0,0.0,0.11,0.07,0.18,0.11,0.18,27.2,3.0,31.0,8.0,25.8,1.14,0.29,0.1,0.38,0.0,0.0,74.0,80.0,28,84.0,16,5,19.0,0,0.48,25.0,59.0,-34.0,-1.25,0.22,0.0,23.0,36.0,6.0,160.0,14.0,12.0,,,0.0,,,,,,,,,,,,,,,,True,alta,2,Lateral ofensivo,3.0264416250391237
FRA-Ligue 1,2526,Metz,Jean-Philippe Gbamin,CIV,"DF,MF",29.0,1995.0,31.0,30.0,2485.0,27.6,1.0,1.0,2.0,1.0,0.0,0.0,2.0,1.0,0.04,0.04,0.07,0.04,0.07,27.6,1.0,14.0,7.0,50.0,0.51,0.25,0.07,0.14,0.0,0.0,80.0,81.2,30,82.0,25,1,26.0,0,0.48,27.0,63.0,-36.0,-1.3,-0.05,0.0,25.0,8.0,0.0,5.0,27.0,27.0,,,0.0,,,,,,,,,,,,,,,,True,alta,0,Central posicional,1.216685056245175
FRA-Ligue 1,2526,Metz,Koffi Kouao,CIV,"DF,MF",27.0,1998.0,27.0,27.0,2265.0,25.2,2.0,1.0,3.0,2.0,0.0,0.0,10.0,0.0,0.08,0.04,0.12,0.08,0.12,25.2,2.0,23.0,10.0,43.5,0.91,0.4,0.09,0.2,0.0,0.0,84.0,74.0,27,84.0,18,0,,5,0.56,21.0,48.0,-27.0,-1.07,0.85,0.0,32.0,33.0,3.0,59.0,28.0,46.0,,,1.0,,,,,,,,,,,,,,,,True,alta,2,Lateral ofensivo,2.528093974417979
FRA-Ligue 1,2526,Metz,Maxime Colin,FRA,DF,33.0,1991.0,22.0,18.0,1692.0,18.8,0.0,0.0,0.0,0.0,0.0,0.0,1.0,0.0,0.0,0.0,0.0,0.0,0.0,18.8,0.0,7.0,2.0,28.6,0.37,0.11,0.0,0.0,0.0,0.0,77.0,55.3,18,86.0,14,4,34.0,10,0.59,22.0,39.0,-17.0,-0.9,0.87,0.0,10.0,7.0,0.0,12.0,24.0,30.0,,,0.0,,,,,,,,,,,,,,,,True,alta,0,Central posicional,2.5592499863985956
FRA-Ligue 1,2526,Metz,Michel Mboula,GAB,"DF,MF",22.0,2003.0,14.0,10.0,746.0,8.3,0.0,0.0,0.0,0.0,0.0,0.0,2.0,0.0,0.0,0.0,0.0,0.0,0.0,8.3,0.0,2.0,1.0,50.0,0.24,0.12,0.0,0.0,0.0,0.0,53.0,24.4,10,68.0,4,4,16.0,7,0.43,8.0,14.0,-6.0,-0.72,0.75,0.0,9.0,11.0,0.0,8.0,15.0,10.0,,,1.0,,,,,,,,,,,,,,,,False,baja,1,Central de combate,2.25544766437837
FRA-Ligue 1,2526,Metz,Sadibou Sané,SEN,DF,21.0,2004.0,23.0,22.0,1940.0,21.6,2.0,1.0,3.0,2.0,0.0,0.0,5.0,2.0,0.09,0.05,0.14,0.09,0.14,21.6,2.0,6.0,2.0,33.3,0.28,0.09,0.33,1.0,0.0,0.0,84.0,63.4,22,87.0,20,1,17.0,3,0.26,17.0,48.0,-31.0,-1.44,-0.39,0.0,22.0,15.0,0.0,4.0,39.0,34.0,,,1.0,,,,,,,,,,,,,,,,True,alta,1,Central de combate,2.2216478027822437
FRA-Ligue 1,2526,Metz,Terry Yegbe,GHA,DF,24.0,2001.0,24.0,22.0,1963.0,21.8,0.0,1.0,1.0,0.0,0.0,0.0,3.0,0.0,0.0,0.05,0.05,0.0,0.05,21.8,0.0,6.0,2.0,33.3,0.28,0.09,0.0,0.0,0.0,0.0,82.0,64.2,22,87.0,18,2,30.0,8,0.58,24.0,51.0,-27.0,-1.24,0.16,0.0,19.0,8.0,0.0,5.0,22.0,7.0,,,0.0,,,,,,,,,,,,,,,,True,alta,0,Central posicional,1.9073505137438234
FRA-Ligue 1,2526,Monaco,Caio Henrique,BRA,"DF,MF",28.0,1997.0,22.0,17.0,1536.0,17.1,0.0,2.0,2.0,0.0,0.0,0.0,2.0,0.0,0.0,0.12,0.12,0.0,0.12,17.1,0.0,2.0,0.0,0.0,0.12,0.0,0.0,,0.0,0.0,70.0,50.2,17,85.0,14,5,19.0,2,1.55,24.0,24.0,0.0,0.0,-0.35,0.0,13.0,17.0,1.0,90.0,12.0,11.0,,,0.0,,,,,,,,,,,,,,,,True,alta,2,Lateral ofensivo,3.0502733027136344
FRA-Ligue 1,2526,Monaco,Christian Mawissa,FRA,"DF,MF",20.0,2005.0,18.0,13.0,1191.0,13.2,0.0,0.0,0.0,0.0,0.0,0.0,4.0,0.0,0.0,0.0,0.0,0.0,0.0,13.2,0.0,2.0,1.0,50.0,0.15,0.08,0.0,0.0,0.0,0.0,66.0,38.9,13,82.0,9,5,26.0,2,1.78,23.0,22.0,1.0,0.08,-0.17,0.0,12.0,12.0,0.0,5.0,15.0,25.0,,,0.0,,,,,,,,,,,,,,,,True,alta,1,Central de combate,2.5626101268015304
FRA-Ligue 1,2526,Monaco,Denis Zakaria,SUI,"DF,MF",28.0,1996.0,24.0,23.0,2031.0,22.6,2.0,1.0,3.0,2.0,0.0,0.0,4.0,1.0,0.09,0.04,0.13,0.09,0.13,22.6,2.0,18.0,3.0,16.7,0.8,0.13,0.11,0.67,0.0,0.0,85.0,66.4,23,88.0,19,1,12.0,0,1.67,40.0,32.0,8.0,0.35,0.53,0.0,26.0,7.0,0.0,11.0,45.0,25.0,,,1.0,,,,,,,,,,,,,,,,True,alta,1,Central de combate,2.559400414041121
FRA-Ligue 1,2526,Monaco,Eric Dier,ENG,DF,31.0,1994.0,9.0,7.0,688.0,7.6,1.0,0.0,1.0,1.0,0.0,0.0,0.0,0.0,0.13,0.0,0.13,0.13,0.13,7.6,1.0,3.0,2.0,66.7,0.39,0.26,0.33,0.5,0.0,0.0,76.0,22.5,7,90.0,7,2,29.0,10,1.33,15.0,15.0,0.0,0.0,-0.23,0.0,9.0,4.0,0.0,2.0,10.0,2.0,,,0.0,,,,,,,,,,,,,,,,False,baja,0,Central posicional,2.9067357994058156
FRA-Ligue 1,2526,Monaco,Jordan Teze,NED,"MF,DF",25.0,1999.0,33.0,28.0,2489.0,27.7,1.0,2.0,3.0,1.0,0.0,0.0,8.0,0.0,0.04,0.07,0.11,0.04,0.11,27.7,1.0,14.0,5.0,35.7,0.51,0.18,0.07,0.2,0.0,0.0,75.0,81.3,28,83.0,18,5,35.0,1,1.55,52.0,44.0,8.0,0.29,0.6,0.0,32.0,25.0,3.0,64.0,30.0,45.0,,,0.0,,,,,,,,,,,,,,,,True,alta,2,Lateral ofensivo,1.5128003269651162
FRA-Ligue 1,2526,Monaco,Kassoum Ouattara,FRA,"MF,DF",20.0,2004.0,15.0,12.0,967.0,10.7,0.0,3.0,3.0,0.0,0.0,0.0,3.0,0.0,0.0,0.28,0.28,0.0,0.28,10.7,0.0,12.0,0.0,0.0,1.12,0.0,0.0,,0.0,0.0,64.0,31.6,12,75.0,5,3,23.0,7,1.4,18.0,20.0,-2.0,-0.19,-0.53,0.0,22.0,10.0,1.0,50.0,19.0,19.0,,,0.0,,,,,,,,,,,,,,,,True,alta,2,Lateral ofensivo,3.739327652260471
FRA-Ligue 1,2526,Monaco,Krépin Diatta,SEN,"MF,DF",26.0,1999.0,18.0,10.0,1013.0,11.3,0.0,1.0,1.0,0.0,0.0,0.0,2.0,0.0,0.0,0.09,0.09,0.0,0.09,11.3,0.0,7.0,1.0,14.3,0.62,0.09,0.0,0.0,0.0,0.0,56.0,33.1,10,78.0,6,8,29.0,1,1.72,21.0,17.0,4.0,0.36,0.27,0.0,8.0,10.0,4.0,39.0,15.0,16.0,,,0.0,,,,,,,,,,,,,,,,True,alta,2,Lateral ofensivo,1.585553307731567
FRA-Ligue 1,2526,Monaco,Mohammed Salisu,GHA,DF,26.0,1999.0,12.0,12.0,1080.0,12.0,1.0,0.0,1.0,1.0,0.0,0.0,3.0,0.0,0.08,0.0,0.08,0.08,0.08,12.0,1.0,8.0,2.0,25.0,0.67,0.17,0.13,0.5,0.0,0.0,90.0,35.3,12,90.0,12,0,,3,1.17,15.0,21.0,-6.0,-0.5,-1.05,0.0,17.0,3.0,4.0,0.0,19.0,11.0,,,1.0,,,,,,,,,,,,,,,,True,alta,1,Central de combate,2.1581064394864375
FRA-Ligue 1,2526,Monaco,Thilo Kehrer,GER,DF,28.0,1996.0,28.0,28.0,2353.0,26.1,0.0,0.0,0.0,0.0,0.0,0.0,8.0,2.0,0.0,0.0,0.0,0.0,0.0,26.1,0.0,16.0,1.0,6.3,0.61,0.04,0.0,0.0,0.0,0.0,84.0,76.9,28,84.0,23,0,,3,1.68,47.0,35.0,12.0,0.46,1.22,1.0,27.0,29.0,2.0,5.0,31.0,39.0,,,0.0,,,,,,,,,,,,,,,,True,alta,1,Central de combate,1.5200739939003178
FRA-Ligue 1,2526,Monaco,Vanderson,BRA,"DF,MF",24.0,2001.0,14.0,7.0,616.0,6.8,0.0,2.0,2.0,0.0,0.0,0.0,4.0,0.0,0.0,0.29,0.29,0.0,0.29,6.8,0.0,3.0,0.0,0.0,0.44,0.0,0.0,,0.0,0.0,44.0,20.1,7,66.0,2,7,22.0,1,1.43,9.0,11.0,-2.0,-0.29,-0.59,0.0,15.0,2.0,0.0,33.0,19.0,13.0,,,0.0,,,,,,,,,,,,,,,,False,baja,1,Central de combate,5.9126139477842
FRA-Ligue 1,2526,Monaco,Wout Faes,BEL,DF,27.0,1998.0,14.0,13.0,1141.0,12.7,0.0,0.0,0.0,0.0,0.0,0.0,3.0,0.0,0.0,0.0,0.0,0.0,0.0,12.7,0.0,5.0,1.0,20.0,0.39,0.08,0.0,0.0,0.0,0.0,82.0,37.3,13,85.0,12,1,33.0,2,1.71,27.0,23.0,4.0,0.32,0.22,0.0,14.0,3.0,0.0,1.0,14.0,12.0,,,0.0,,,,,,,,,,,,,,,,True,alta,0,Central posicional,1.918057253975046
FRA-Ligue 1,2526,Nantes,Ali Yousuf,LBY,DF,24.0,2001.0,13.0,10.0,969.0,10.8,0.0,0.0,0.0,0.0,0.0,0.0,4.0,0.0,0.0,0.0,0.0,0.0,0.0,10.8,0.0,6.0,1.0,16.7,0.56,0.09,0.0,0.0,0.0,0.0,75.0,32.6,10,89.0,9,3,27.0,3,0.69,6.0,15.0,-9.0,-0.84,-0.21,0.0,11.0,11.0,0.0,1.0,18.0,7.0,,,0.0,,,,,,,,,,,,,,,,True,alta,1,Central de combate,2.1036009512115412
FRA-Ligue 1,2526,Nantes,Chidozie Awaziem,NGA,DF,28.0,1997.0,26.0,25.0,2231.0,24.8,1.0,2.0,3.0,1.0,0.0,0.0,7.0,0.0,0.04,0.08,0.12,0.04,0.12,24.8,1.0,11.0,4.0,36.4,0.44,0.16,0.09,0.25,0.0,0.0,86.0,75.1,25,89.0,23,1,12.0,5,0.7,22.0,40.0,-18.0,-0.73,-0.12,0.0,23.0,21.0,1.0,2.0,20.0,20.0,,,1.0,,,,,,,,,,,,,,,,True,alta,0,Central posicional,2.186157937197599
FRA-Ligue 1,2526,Nantes,Deiver Machado,COL,"DF,MF",31.0,1993.0,14.0,12.0,907.0,10.1,0.0,1.0,1.0,0.0,0.0,0.0,2.0,0.0,0.0,0.1,0.1,0.0,0.1,10.1,0.0,7.0,1.0,14.3,0.69,0.1,0.0,0.0,0.0,0.0,65.0,30.5,12,70.0,6,2,37.0,1,0.86,8.0,13.0,-5.0,-0.5,0.29,0.0,21.0,20.0,4.0,22.0,8.0,16.0,,,0.0,,,,,,,,,,,,,,,,True,alta,2,Lateral ofensivo,2.7692118381417234
FRA-Ligue 1,2526,Nantes,Fabien Centonze,FRA,"MF,DF",29.0,1996.0,15.0,9.0,736.0,8.2,3.0,0.0,3.0,3.0,0.0,0.0,4.0,0.0,0.37,0.0,0.37,0.37,0.37,8.2,3.0,8.0,3.0,37.5,0.98,0.37,0.38,1.0,0.0,0.0,49.0,24.8,9,77.0,5,6,8.0,2,0.8,7.0,13.0,-6.0,-0.73,-0.05,0.0,13.0,8.0,1.0,30.0,20.0,18.0,,,0.0,,,,,,,,,,,,,,,,False,baja,1,Central de combate,4.476686351898296
FRA-Ligue 1,2526,Nantes,Frederic Guilbert,FRA,"DF,MF",30.0,1994.0,8.0,7.0,607.0,6.7,0.0,0.0,0.0,0.0,0.0,0.0,1.0,0.0,0.0,0.0,0.0,0.0,0.0,6.7,0.0,7.0,2.0,28.6,1.04,0.3,0.0,0.0,0.0,0.0,76.0,20.4,7,84.0,3,1,16.0,3,0.75,5.0,6.0,-1.0,-0.15,0.69,0.0,7.0,13.0,0.0,17.0,19.0,12.0,,,0.0,,,,,,,,,,,,,,,,False,baja,1,Central de combate,4.959648967806701
FRA-Ligue 1,2526,Nantes,Ibrahima Sissoko,MLI,"MF,DF",27.0,1997.0,13.0,9.0,803.0,8.9,0.0,0.0,0.0,0.0,0.0,0.0,4.0,0.0,0.0,0.0,0.0,0.0,0.0,8.9,0.0,6.0,0.0,0.0,0.67,0.0,0.0,,0.0,0.0,62.0,27.0,9,83.0,4,4,15.0,2,0.5,9.0,16.0,-7.0,-0.78,-0.12,0.0,25.0,8.0,2.0,6.0,16.0,7.0,,,0.0,,,,,,,,,,,,,,,,False,baja,1,Central de combate,3.551515008132696
FRA-Ligue 1,2526,Nantes,Kelvin Amian,FRA,DF,27.0,1998.0,23.0,22.0,1961.0,21.8,0.0,1.0,1.0,0.0,0.0,0.0,3.0,0.0,0.0,0.05,0.05,0.0,0.05,21.8,0.0,10.0,2.0,20.0,0.46,0.09,0.0,0.0,0.0,0.0,85.0,66.0,22,89.0,21,1,1.0,2,0.65,21.0,40.0,-19.0,-0.87,-0.52,0.0,23.0,18.0,2.0,29.0,8.0,18.0,,,0.0,,,,,,,,,,,,,,,,True,alta,2,Lateral ofensivo,2.1794702689461225
FRA-Ligue 1,2526,Nantes,Louis Leroux,FRA,"MF,DF",19.0,2006.0,23.0,16.0,1441.0,16.0,1.0,1.0,2.0,1.0,0.0,0.0,2.0,0.0,0.06,0.06,0.12,0.06,0.12,16.0,1.0,15.0,3.0,20.0,0.94,0.19,0.07,0.33,0.0,0.0,63.0,48.5,16,79.0,7,7,24.0,3,0.87,13.0,24.0,-11.0,-0.69,0.02,0.0,12.0,14.0,1.0,30.0,5.0,23.0,,,0.0,,,,,,,,,,,,,,,,True,alta,2,Lateral ofensivo,2.2126262309960736
FRA-Ligue 1,2526,Nantes,Nicolas Cozza,FRA,DF,26.0,1999.0,29.0,25.0,2301.0,25.6,0.0,1.0,1.0,0.0,0.0,0.0,2.0,0.0,0.0,0.04,0.04,0.0,0.04,25.6,0.0,11.0,3.0,27.3,0.43,0.12,0.0,0.0,0.0,0.0,79.0,77.5,25,88.0,20,4,23.0,4,0.73,19.0,36.0,-17.0,-0.66,0.14,0.0,23.0,31.0,0.0,22.0,21.0,27.0,,,0.0,,,,,,,,,,,,,,,,True,alta,2,Lateral ofensivo,1.969522484934999
FRA-Ligue 1,2526,Nantes,Tylel Tati,FRA,DF,17.0,2008.0,20.0,20.0,1721.0,19.1,0.0,0.0,0.0,0.0,0.0,0.0,5.0,1.0,0.0,0.0,0.0,0.0,0.0,19.1,0.0,3.0,0.0,0.0,0.16,0.0,0.0,,0.0,0.0,86.0,57.9,20,86.0,17,0,,2,0.7,19.0,37.0,-18.0,-0.94,-0.58,0.0,25.0,15.0,0.0,1.0,14.0,13.0,,,0.0,,,,,,,,,,,,,,,,True,alta,1,Central de combate,2.5477040904792507
FRA-Ligue 1,2526,Nice,Abdulai Juma Bah,SLE,DF,19.0,2006.0,26.0,22.0,1958.0,21.8,0.0,0.0,0.0,0.0,0.0,0.0,7.0,0.0,0.0,0.0,0.0,0.0,0.0,21.8,0.0,7.0,2.0,28.6,0.32,0.09,0.0,0.0,0.0,0.0,75.0,64.0,22,86.0,20,4,17.0,6,1.0,21.0,42.0,-21.0,-0.97,-0.8,0.0,27.0,7.0,3.0,0.0,30.0,18.0,,,0.0,,,,,,,,,,,,,,,,True,alta,1,Central de combate,1.973156945970312
FRA-Ligue 1,2526,Nice,Ali Abdi,TUN,"MF,DF",31.0,1993.0,22.0,13.0,1187.0,13.2,3.0,0.0,3.0,3.0,0.0,0.0,4.0,1.0,0.23,0.0,0.23,0.23,0.23,13.2,3.0,16.0,4.0,25.0,1.21,0.3,0.19,0.75,0.0,0.0,54.0,38.8,13,76.0,7,9,23.0,2,0.68,19.0,17.0,2.0,0.15,1.35,1.0,22.0,18.0,1.0,33.0,10.0,11.0,,,0.0,,,,,,,,,,,,,,,,True,alta,2,Lateral ofensivo,3.060802227818386
FRA-Ligue 1,2526,Nice,Antoine Mendy,SEN,DF,21.0,2004.0,25.0,24.0,2097.0,23.3,1.0,0.0,1.0,1.0,0.0,0.0,5.0,0.0,0.04,0.0,0.04,0.04,0.04,23.3,1.0,17.0,7.0,41.2,0.73,0.3,0.06,0.14,0.0,0.0,84.0,68.5,24,87.0,21,1,11.0,6,0.92,26.0,38.0,-12.0,-0.52,0.51,0.0,30.0,22.0,1.0,21.0,19.0,35.0,,,0.0,,,,,,,,,,,,,,,,True,alta,1,Central de combate,1.9373984791330914
FRA-Ligue 1,2526,Nice,Dante,BRA,DF,41.0,1983.0,12.0,9.0,849.0,9.4,0.0,1.0,1.0,0.0,0.0,0.0,1.0,0.0,0.0,0.11,0.11,0.0,0.11,9.4,0.0,7.0,1.0,14.3,0.74,0.11,0.0,0.0,0.0,0.0,71.0,27.7,9,80.0,4,3,43.0,4,1.33,12.0,13.0,-1.0,-0.11,0.79,0.0,9.0,4.0,1.0,0.0,11.0,5.0,,,0.0,,,,,,,,,,,,,,,,False,baja,0,Central posicional,2.1574950628572513
FRA-Ligue 1,2526,Nice,Jonathan Clauss,FRA,"MF,DF",32.0,1992.0,30.0,28.0,2530.0,28.1,1.0,6.0,7.0,1.0,0.0,0.0,0.0,0.0,0.04,0.21,0.25,0.04,0.25,28.1,1.0,23.0,6.0,26.1,0.82,0.21,0.04,0.17,0.0,0.0,84.0,82.7,28,88.0,25,2,38.0,0,0.83,28.0,54.0,-26.0,-0.92,-1.43,0.0,22.0,17.0,1.0,223.0,47.0,38.0,,,0.0,,,,,,,,,,,,,,,,True,alta,2,Lateral ofensivo,3.31524952550415
FRA-Ligue 1,2526,Nice,Kojo Peprah Oppong,GHA,DF,21.0,2004.0,29.0,28.0,2425.0,26.9,1.0,0.0,1.0,1.0,0.0,0.0,4.0,0.0,0.04,0.0,0.04,0.04,0.04,26.9,1.0,10.0,3.0,30.0,0.37,0.11,0.1,0.33,0.0,0.0,84.0,79.2,28,85.0,23,1,53.0,3,1.0,32.0,43.0,-11.0,-0.41,1.29,0.0,31.0,30.0,1.0,5.0,30.0,28.0,,,0.0,,,,,,,,,,,,,,,,True,alta,1,Central de combate,1.6686290568337754
FRA-Ligue 1,2526,Nice,Melvin Bard,FRA,"DF,MF",24.0,2000.0,29.0,26.0,2394.0,26.6,2.0,1.0,3.0,2.0,0.0,0.0,4.0,0.0,0.08,0.04,0.11,0.08,0.11,26.6,2.0,15.0,5.0,33.3,0.56,0.19,0.13,0.4,0.0,0.0,83.0,78.2,26,88.0,23,3,39.0,0,0.9,25.0,51.0,-26.0,-0.98,-1.38,0.0,26.0,27.0,3.0,77.0,41.0,29.0,,,0.0,,,,,,,,,,,,,,,,True,alta,2,Lateral ofensivo,1.906767887347462
FRA-Ligue 1,2526,PSG,Achraf Hakimi,MAR,DF,26.0,1998.0,18.0,15.0,1375.0,15.3,2.0,2.0,4.0,2.0,0.0,0.0,3.0,1.0,0.13,0.13,0.26,0.13,0.26,15.3,2.0,27.0,9.0,33.3,1.77,0.59,0.07,0.22,0.0,0.0,76.0,44.9,15,84.0,12,3,39.0,1,2.22,32.0,15.0,17.0,1.11,-0.38,0.0,9.0,17.0,4.0,43.0,11.0,13.0,,,0.0,,,,,,,,,,,,,,,,True,alta,2,Lateral ofensivo,2.6431170811461486
FRA-Ligue 1,2526,PSG,Illia Zabarnyi,UKR,DF,22.0,2002.0,28.0,26.0,2387.0,26.5,1.0,0.0,1.0,1.0,0.0,0.0,6.0,0.0,0.04,0.0,0.04,0.04,0.04,26.5,1.0,4.0,3.0,75.0,0.15,0.11,0.25,0.33,0.0,0.0,85.0,78.0,26,89.0,25,2,34.0,4,2.25,57.0,25.0,32.0,1.21,-0.53,0.0,18.0,8.0,0.0,0.0,20.0,20.0,,,0.0,,,,,,,,,,,,,,,,True,alta,0,Central posicional,2.0717092462597537
FRA-Ligue 1,2526,PSG,Lucas Beraldo,BRA,"DF,MF",21.0,2003.0,20.0,18.0,1567.0,17.4,2.0,1.0,3.0,2.0,0.0,0.0,2.0,0.0,0.11,0.06,0.17,0.11,0.17,17.4,2.0,14.0,4.0,28.6,0.8,0.23,0.14,0.5,0.0,0.0,78.0,51.2,18,84.0,14,2,25.0,13,2.3,38.0,15.0,23.0,1.32,-0.01,0.0,15.0,7.0,0.0,2.0,18.0,21.0,,,0.0,,,,,,,,,,,,,,,,True,alta,0,Central posicional,1.7928187567968137
FRA-Ligue 1,2526,PSG,Lucas Hernández,FRA,DF,29.0,1996.0,25.0,20.0,1747.0,19.4,0.0,3.0,3.0,0.0,0.0,0.0,4.0,0.0,0.0,0.15,0.15,0.0,0.15,19.4,0.0,11.0,3.0,27.3,0.57,0.15,0.0,0.0,0.0,0.0,70.0,57.1,20,83.0,15,5,18.0,9,2.52,43.0,13.0,30.0,1.55,0.52,0.0,22.0,19.0,0.0,16.0,21.0,14.0,,,0.0,,,,,,,,,,,,,,,,True,alta,2,Lateral ofensivo,1.8367899975283108
FRA-Ligue 1,2526,PSG,Marquinhos,BRA,DF,31.0,1994.0,14.0,11.0,1052.0,11.7,0.0,0.0,0.0,0.0,0.0,0.0,0.0,0.0,0.0,0.0,0.0,0.0,0.0,11.7,0.0,3.0,0.0,0.0,0.26,0.0,0.0,,0.0,0.0,75.0,34.4,11,90.0,11,3,21.0,15,2.21,24.0,6.0,18.0,1.54,0.33,0.0,8.0,2.0,0.0,3.0,7.0,9.0,,,1.0,,,,,,,,,,,,,,,,True,alta,0,Central posicional,2.418436426680609
FRA-Ligue 1,2526,PSG,Nuno Mendes,POR,DF,23.0,2002.0,20.0,13.0,1256.0,14.0,4.0,5.0,9.0,3.0,1.0,1.0,1.0,0.0,0.29,0.36,0.64,0.21,0.57,14.0,4.0,30.0,15.0,50.0,2.15,1.07,0.13,0.27,1.0,1.0,63.0,41.0,13,85.0,10,7,22.0,4,2.25,29.0,12.0,17.0,1.22,-0.18,0.0,12.0,25.0,3.0,44.0,14.0,20.0,,,0.0,,,,,,,,,,,,,,,,True,alta,2,Lateral ofensivo,3.215852334920621
FRA-Ligue 1,2526,PSG,Warren Zaïre-Emery,FRA,"DF,MF",19.0,2006.0,32.0,27.0,2447.0,27.2,3.0,4.0,7.0,3.0,0.0,0.0,3.0,0.0,0.11,0.15,0.26,0.11,0.26,27.2,3.0,19.0,7.0,36.8,0.7,0.26,0.16,0.43,0.0,0.0,76.0,80.0,27,83.0,18,5,39.0,0,2.19,60.0,23.0,37.0,1.36,0.19,0.0,35.0,17.0,0.0,15.0,11.0,29.0,,,0.0,,,,,,,,,,,,,,,,True,alta,2,Lateral ofensivo,2.336490896702189
FRA-Ligue 1,2526,PSG,Willian Pacho,ECU,DF,23.0,2001.0,23.0,21.0,1914.0,21.3,0.0,0.0,0.0,0.0,0.0,0.0,0.0,0.0,0.0,0.0,0.0,0.0,0.0,21.3,0.0,8.0,1.0,12.5,0.38,0.05,0.0,0.0,0.0,0.0,83.0,62.5,21,88.0,19,2,38.0,8,2.09,47.0,22.0,25.0,1.18,-0.4,0.0,6.0,7.0,2.0,0.0,26.0,26.0,,,0.0,,,,,,,,,,,,,,,,True,alta,0,Central posicional,2.8116638203354447
FRA-Ligue 1,2526,Paris FC,Adama Camara,FRA,"MF,DF",28.0,1996.0,29.0,26.0,2159.0,24.0,1.0,0.0,1.0,1.0,0.0,0.0,8.0,0.0,0.04,0.0,0.04,0.04,0.04,24.0,1.0,17.0,5.0,29.4,0.71,0.21,0.06,0.2,0.0,0.0,74.0,70.6,26,80.0,9,3,24.0,4,1.38,27.0,34.0,-7.0,-0.29,-0.69,0.0,26.0,18.0,0.0,14.0,38.0,30.0,,,0.0,,,,,,,,,,,,,,,,True,alta,1,Central de combate,1.3179412732639686
FRA-Ligue 1,2526,Paris FC,Alimami Gory,MLI,"MF,DF",28.0,1996.0,24.0,9.0,982.0,10.9,5.0,1.0,6.0,5.0,0.0,0.0,3.0,0.0,0.46,0.09,0.55,0.46,0.55,10.9,5.0,19.0,6.0,31.6,1.74,0.55,0.26,0.83,0.0,0.0,41.0,32.1,9,69.0,1,15,24.0,3,1.21,13.0,20.0,-7.0,-0.64,-0.81,0.0,12.0,15.0,8.0,10.0,8.0,11.0,,,0.0,,,,,,,,,,,,,,,,True,alta,2,Lateral ofensivo,2.4368725401680735
FRA-Ligue 1,2526,Paris FC,Diego Coppola,ITA,DF,21.0,2003.0,13.0,13.0,1170.0,13.0,0.0,2.0,2.0,0.0,0.0,0.0,1.0,0.0,0.0,0.15,0.15,0.0,0.15,13.0,0.0,5.0,3.0,60.0,0.38,0.23,0.0,0.0,0.0,0.0,90.0,38.2,13,90.0,13,0,,2,1.69,21.0,16.0,5.0,0.38,0.77,0.0,6.0,3.0,0.0,0.0,7.0,9.0,,,1.0,,,,,,,,,,,,,,,,True,alta,0,Central posicional,2.6895155608518717
FRA-Ligue 1,2526,Paris FC,Hamari Traoré,MLI,DF,33.0,1992.0,18.0,14.0,1150.0,12.8,0.0,1.0,1.0,0.0,0.0,0.0,4.0,0.0,0.0,0.08,0.08,0.0,0.08,12.8,0.0,4.0,0.0,0.0,0.31,0.0,0.0,,0.0,0.0,64.0,37.6,14,78.0,6,4,14.0,1,1.28,19.0,17.0,2.0,0.16,0.39,0.0,21.0,6.0,1.0,27.0,18.0,22.0,,,0.0,,,,,,,,,,,,,,,,True,alta,1,Central de combate,2.6966933119292733
FRA-Ligue 1,2526,Paris FC,Moustapha Mbow,SEN,DF,25.0,2000.0,31.0,30.0,2717.0,30.2,0.0,1.0,1.0,0.0,0.0,0.0,5.0,0.0,0.0,0.03,0.03,0.0,0.03,30.2,0.0,10.0,3.0,30.0,0.33,0.1,0.0,0.0,0.0,0.0,88.0,88.8,30,90.0,30,1,17.0,2,1.23,41.0,43.0,-2.0,-0.07,0.2,0.0,27.0,16.0,1.0,2.0,38.0,33.0,,,0.0,,,,,,,,,,,,,,,,True,alta,0,Central posicional,1.4409745457853615
FRA-Ligue 1,2526,Paris FC,Nhoa Sangui,FRA,DF,19.0,2006.0,26.0,18.0,1737.0,19.3,0.0,0.0,0.0,0.0,0.0,0.0,0.0,0.0,0.0,0.0,0.0,0.0,0.0,19.3,0.0,4.0,1.0,25.0,0.21,0.05,0.0,0.0,0.0,0.0,67.0,56.8,18,89.0,16,8,16.0,0,1.35,24.0,29.0,-5.0,-0.26,-0.4,0.0,5.0,17.0,2.0,37.0,21.0,14.0,,,0.0,,,,,,,,,,,,,,,,True,alta,0,Central posicional,3.1974032309353646
FRA-Ligue 1,2526,Paris FC,Otavio Ataide,BRA,DF,23.0,2002.0,23.0,21.0,1901.0,21.1,1.0,0.0,1.0,1.0,0.0,0.0,6.0,1.0,0.05,0.0,0.05,0.05,0.05,21.1,1.0,12.0,3.0,25.0,0.57,0.14,0.08,0.33,0.0,0.0,83.0,62.1,21,88.0,17,2,26.0,6,1.39,27.0,31.0,-4.0,-0.19,-0.27,0.0,24.0,33.0,1.0,6.0,27.0,29.0,,,0.0,,,,,,,,,,,,,,,,True,alta,1,Central de combate,1.6920473972415058
FRA-Ligue 1,2526,Paris FC,Samir Chergui,ALG,DF,26.0,1999.0,15.0,13.0,1154.0,12.8,1.0,0.0,1.0,1.0,0.0,0.0,1.0,0.0,0.08,0.0,0.08,0.08,0.08,12.8,1.0,13.0,4.0,30.8,1.01,0.31,0.08,0.25,0.0,0.0,77.0,37.7,13,87.0,11,2,12.0,3,1.33,21.0,23.0,-2.0,-0.16,-0.11,0.0,14.0,4.0,1.0,6.0,13.0,12.0,,,0.0,,,,,,,,,,,,,,,,True,alta,0,Central posicional,2.098896742319665
FRA-Ligue 1,2526,Paris FC,Thibault De Smet,BEL,DF,27.0,1998.0,17.0,13.0,1144.0,12.7,0.0,1.0,1.0,0.0,0.0,0.0,6.0,2.0,0.0,0.08,0.08,0.0,0.08,12.7,0.0,4.0,0.0,0.0,0.31,0.0,0.0,,0.0,0.0,67.0,37.4,13,82.0,5,4,20.0,6,1.18,20.0,22.0,-2.0,-0.16,-0.11,2.0,11.0,13.0,1.0,26.0,10.0,11.0,,,0.0,,,,,,,,,,,,,,,,True,alta,2,Lateral ofensivo,2.7152450991422556
FRA-Ligue 1,2526,Paris FC,Timothée Kolodziejczak,FRA,DF,33.0,1991.0,11.0,7.0,662.0,7.4,0.0,0.0,0.0,0.0,0.0,0.0,2.0,0.0,0.0,0.0,0.0,0.0,0.0,7.4,0.0,1.0,1.0,100.0,0.14,0.14,0.0,0.0,0.0,0.0,60.0,21.6,7,89.0,6,4,10.0,16,1.18,6.0,14.0,-8.0,-1.09,-1.28,0.0,8.0,1.0,0.0,0.0,7.0,6.0,,,0.0,,,,,,,,,,,,,,,,False,baja,0,Central posicional,2.647925316442871
FRA-Ligue 1,2526,Rennes,Abdelhamid Ait Boudlal,MAR,DF,19.0,2006.0,20.0,17.0,1403.0,15.6,2.0,1.0,3.0,2.0,0.0,0.0,3.0,1.0,0.13,0.06,0.19,0.13,0.19,15.6,2.0,13.0,4.0,30.8,0.83,0.26,0.15,0.5,0.0,0.0,70.0,45.8,17,80.0,14,3,13.0,5,1.85,33.0,28.0,5.0,0.32,0.1,0.0,14.0,10.0,1.0,2.0,18.0,11.0,,,0.0,,,,,,,,,,,,,,,,True,alta,0,Central posicional,1.7486469060646874
FRA-Ligue 1,2526,Rennes,Alidu Seidu,GHA,DF,25.0,2000.0,21.0,13.0,1186.0,13.2,0.0,1.0,1.0,0.0,0.0,0.0,1.0,0.0,0.0,0.08,0.08,0.0,0.08,13.2,0.0,5.0,1.0,20.0,0.38,0.08,0.0,0.0,0.0,0.0,56.0,38.8,13,76.0,6,8,25.0,11,1.57,25.0,24.0,1.0,0.08,-0.31,0.0,16.0,31.0,3.0,11.0,17.0,22.0,,,0.0,,,,,,,,,,,,,,,,True,alta,2,Lateral ofensivo,2.88172468077696
FRA-Ligue 1,2526,Rennes,Anthony Rouault,FRA,DF,24.0,2001.0,21.0,19.0,1724.0,19.2,1.0,0.0,1.0,1.0,0.0,0.0,4.0,0.0,0.05,0.0,0.05,0.05,0.05,19.2,1.0,9.0,3.0,33.3,0.47,0.16,0.11,0.33,0.0,0.0,82.0,56.3,19,88.0,17,2,23.0,11,1.71,30.0,23.0,7.0,0.37,0.23,0.0,26.0,8.0,0.0,0.0,18.0,13.0,,,0.0,,,,,,,,,,,,,,,,True,alta,0,Central posicional,2.0242989188784555
FRA-Ligue 1,2526,Rennes,Jérémy Jacquet,FRA,DF,20.0,2005.0,19.0,19.0,1671.0,18.6,0.0,0.0,0.0,0.0,0.0,0.0,6.0,1.0,0.0,0.0,0.0,0.0,0.0,18.6,0.0,11.0,3.0,27.3,0.59,0.16,0.0,0.0,0.0,0.0,88.0,54.6,19,88.0,17,0,,0,1.42,27.0,29.0,-2.0,-0.11,-0.82,1.0,20.0,17.0,1.0,0.0,22.0,17.0,,,0.0,,,,,,,,,,,,,,,,True,alta,1,Central de combate,1.3640852138043935
FRA-Ligue 1,2526,Rennes,Lilian Brassier,FRA,DF,25.0,1999.0,27.0,25.0,2250.0,25.0,0.0,1.0,1.0,0.0,0.0,0.0,2.0,0.0,0.0,0.04,0.04,0.0,0.04,25.0,0.0,11.0,2.0,18.2,0.44,0.08,0.0,0.0,0.0,0.0,83.0,73.5,25,87.0,22,2,36.0,5,1.78,47.0,35.0,12.0,0.48,0.81,0.0,27.0,21.0,0.0,23.0,38.0,13.0,,,0.0,,,,,,,,,,,,,,,,True,alta,0,Central posicional,2.358802297539827
FRA-Ligue 1,2526,Rennes,Mahamadou Nagida,CMR,DF,20.0,2005.0,19.0,7.0,805.0,8.9,0.0,0.0,0.0,0.0,0.0,0.0,2.0,0.0,0.0,0.0,0.0,0.0,0.0,8.9,0.0,13.0,3.0,23.1,1.45,0.34,0.0,0.0,0.0,0.0,42.0,26.3,7,84.0,4,12,18.0,14,1.89,16.0,14.0,2.0,0.22,-0.06,0.0,14.0,11.0,0.0,20.0,20.0,12.0,,,0.0,,,,,,,,,,,,,,,,False,baja,1,Central de combate,3.6852869132778765
FRA-Ligue 1,2526,Rennes,Przemysław Frankowski,POL,"MF,DF",30.0,1995.0,19.0,15.0,1210.0,13.4,1.0,2.0,3.0,1.0,0.0,0.0,5.0,0.0,0.07,0.15,0.22,0.07,0.22,13.4,1.0,9.0,3.0,33.3,0.67,0.22,0.11,0.33,0.0,0.0,64.0,39.5,15,75.0,5,4,21.0,1,1.68,20.0,16.0,4.0,0.3,0.05,0.0,13.0,10.0,1.0,82.0,9.0,25.0,,,0.0,,,,,,,,,,,,,,,,True,alta,2,Lateral ofensivo,2.3929036383989777
FRA-Ligue 1,2526,Rennes,Quentin Merlin,FRA,"DF,MF",23.0,2002.0,33.0,27.0,2533.0,28.1,1.0,5.0,6.0,1.0,0.0,0.0,2.0,0.0,0.04,0.18,0.21,0.04,0.21,28.1,1.0,26.0,7.0,26.9,0.92,0.25,0.04,0.14,0.0,0.0,77.0,82.8,27,87.0,23,6,32.0,1,1.76,45.0,43.0,2.0,0.07,-1.12,0.0,22.0,30.0,5.0,156.0,29.0,38.0,,,0.0,,,,,,,,,,,,,,,,True,alta,2,Lateral ofensivo,1.879236019488054
FRA-Ligue 1,2526,Strasbourg,Abdoul Ouattara,FRA,"MF,DF",19.0,2005.0,28.0,19.0,1768.0,19.6,2.0,0.0,2.0,2.0,0.0,0.0,2.0,0.0,0.1,0.0,0.1,0.1,0.1,19.6,2.0,27.0,11.0,40.7,1.37,0.56,0.07,0.18,0.0,0.0,63.0,57.8,19,79.0,13,9,29.0,0,1.79,37.0,27.0,10.0,0.51,0.44,0.0,12.0,11.0,1.0,19.0,20.0,13.0,,,0.0,,,,,,,,,,,,,,,,True,alta,0,Central posicional,2.4838258181180355
FRA-Ligue 1,2526,Strasbourg,Andrew Omobamidele,IRL,DF,23.0,2002.0,25.0,13.0,1357.0,15.1,1.0,0.0,1.0,1.0,0.0,0.0,4.0,0.0,0.07,0.0,0.07,0.07,0.07,15.1,1.0,4.0,3.0,75.0,0.27,0.2,0.25,0.33,0.0,0.0,54.0,44.3,13,82.0,8,12,25.0,2,1.56,25.0,21.0,4.0,0.27,-0.1,0.0,13.0,10.0,0.0,0.0,16.0,4.0,,,0.0,,,,,,,,,,,,,,,,True,alta,0,Central posicional,2.6178943702498785
FRA-Ligue 1,2526,Strasbourg,Ben Chilwell,ENG,"DF,MF",28.0,1996.0,20.0,19.0,1598.0,17.8,0.0,2.0,2.0,0.0,0.0,0.0,4.0,0.0,0.0,0.11,0.11,0.0,0.11,17.8,0.0,5.0,3.0,60.0,0.28,0.17,0.0,0.0,0.0,0.0,80.0,52.2,19,83.0,13,1,29.0,4,1.45,27.0,24.0,3.0,0.17,-0.32,0.0,14.0,22.0,4.0,30.0,22.0,17.0,,,0.0,,,,,,,,,,,,,,,,True,alta,2,Lateral ofensivo,2.0761031328340844
FRA-Ligue 1,2526,Strasbourg,Guéla Doué,CIV,"DF,MF",22.0,2002.0,24.0,23.0,2061.0,22.9,2.0,6.0,8.0,2.0,0.0,0.0,3.0,0.0,0.09,0.26,0.35,0.09,0.35,22.9,2.0,12.0,5.0,41.7,0.52,0.22,0.17,0.4,0.0,0.0,86.0,67.4,23,88.0,19,1,30.0,0,1.63,46.0,32.0,14.0,0.61,0.88,0.0,42.0,24.0,0.0,52.0,27.0,38.0,,,0.0,,,,,,,,,,,,,,,,True,alta,2,Lateral ofensivo,2.462038222779662
FRA-Ligue 1,2526,Strasbourg,Ismaël Doukouré,FRA,"DF,MF",22.0,2003.0,25.0,25.0,2072.0,23.0,0.0,2.0,2.0,0.0,0.0,0.0,4.0,2.0,0.0,0.09,0.09,0.0,0.09,23.0,0.0,7.0,3.0,42.9,0.3,0.13,0.0,0.0,0.0,0.0,83.0,67.7,25,83.0,19,0,,0,1.56,42.0,31.0,11.0,0.48,0.48,0.0,21.0,17.0,0.0,3.0,24.0,11.0,,,2.0,,,,,,,,,,,,,,,,True,alta,0,Central posicional,1.9955687034961864
FRA-Ligue 1,2526,Strasbourg,Lucas Høgsberg,DEN,DF,19.0,2006.0,24.0,21.0,1792.0,19.9,0.0,0.0,0.0,0.0,0.0,0.0,4.0,1.0,0.0,0.0,0.0,0.0,0.0,19.9,0.0,4.0,1.0,25.0,0.2,0.05,0.0,0.0,0.0,0.0,75.0,58.6,21,83.0,12,3,16.0,7,1.5,28.0,31.0,-3.0,-0.15,-1.14,1.0,16.0,13.0,1.0,0.0,13.0,9.0,,,0.0,,,,,,,,,,,,,,,,True,alta,0,Central posicional,2.2047740681150825
FRA-Ligue 1,2526,Strasbourg,Mamadou Sarr,SEN,DF,19.0,2005.0,15.0,15.0,1305.0,14.5,0.0,0.0,0.0,0.0,0.0,0.0,3.0,0.0,0.0,0.0,0.0,0.0,0.0,14.5,0.0,1.0,0.0,0.0,0.07,0.0,0.0,,0.0,0.0,87.0,42.6,15,87.0,14,0,,0,1.47,21.0,16.0,5.0,0.34,0.04,0.0,16.0,11.0,0.0,0.0,5.0,13.0,,,0.0,,,,,,,,,,,,,,,,True,alta,0,Central posicional,3.0914530121838095
FRA-Ligue 1,2526,Strasbourg,Rafael Gonçalves,POR,"MF,DF",20.0,2005.0,12.0,6.0,588.0,6.5,0.0,1.0,1.0,0.0,0.0,0.0,0.0,0.0,0.0,0.15,0.15,0.0,0.15,6.5,0.0,5.0,3.0,60.0,0.77,0.46,0.0,0.0,0.0,0.0,49.0,19.2,6,79.0,4,6,19.0,17,1.67,8.0,13.0,-5.0,-0.77,-1.35,0.0,7.0,2.0,0.0,4.0,4.0,10.0,,,0.0,,,,,,,,,,,,,,,,False,baja,2,Lateral ofensivo,3.21100030236753
FRA-Ligue 1,2526,Strasbourg,Samuel Amo-Ameyaw,ENG,"MF,DF",19.0,2006.0,25.0,9.0,1047.0,11.6,2.0,2.0,4.0,2.0,0.0,0.0,2.0,0.0,0.17,0.17,0.34,0.17,0.34,11.6,2.0,17.0,5.0,29.4,1.46,0.43,0.12,0.4,0.0,0.0,42.0,34.2,9,77.0,5,16,22.0,5,1.4,13.0,18.0,-5.0,-0.43,-1.15,0.0,15.0,26.0,2.0,50.0,3.0,12.0,,,0.0,,,,,,,,,,,,,,,,True,alta,2,Lateral ofensivo,3.1590123556246037
FRA-Ligue 1,2526,Toulouse,Charlie Cresswell,ENG,DF,22.0,2002.0,29.0,28.0,2533.0,28.1,3.0,2.0,5.0,3.0,0.0,0.0,8.0,0.0,0.11,0.07,0.18,0.11,0.18,28.1,3.0,38.0,12.0,31.6,1.35,0.43,0.08,0.25,0.0,0.0,87.0,85.3,28,89.0,27,1,32.0,0,1.31,41.0,35.0,6.0,0.21,1.24,0.0,31.0,15.0,4.0,2.0,30.0,14.0,,,0.0,,,,,,,,,,,,,,,,True,alta,1,Central de combate,3.0233406207518043
FRA-Ligue 1,2526,Toulouse,Djibril Sidibé,FRA,"MF,DF",33.0,1992.0,32.0,25.0,2141.0,23.8,3.0,4.0,7.0,2.0,1.0,2.0,1.0,0.0,0.13,0.17,0.29,0.08,0.25,23.8,3.0,8.0,5.0,62.5,0.34,0.21,0.38,0.6,1.0,2.0,67.0,72.1,25,82.0,12,7,14.0,1,1.33,31.0,34.0,-3.0,-0.13,-0.56,0.0,29.0,14.0,5.0,57.0,18.0,32.0,,,0.0,,,,,,,,,,,,,,,,True,alta,2,Lateral ofensivo,2.280281677809834
FRA-Ligue 1,2526,Toulouse,Mark McKenzie,USA,DF,26.0,1999.0,29.0,27.0,2404.0,26.7,0.0,2.0,2.0,0.0,0.0,0.0,7.0,1.0,0.0,0.07,0.07,0.0,0.07,26.7,0.0,6.0,1.0,16.7,0.22,0.04,0.0,0.0,0.0,0.0,83.0,80.9,27,88.0,24,2,19.0,0,1.33,37.0,38.0,-1.0,-0.04,-0.36,0.0,35.0,12.0,1.0,4.0,25.0,30.0,,,0.0,,,,,,,,,,,,,,,,True,alta,1,Central de combate,2.088626307403254
FRA-Ligue 1,2526,Toulouse,Rasmus Nicolaisen,DEN,DF,28.0,1997.0,32.0,30.0,2564.0,28.5,1.0,0.0,1.0,1.0,0.0,0.0,4.0,0.0,0.04,0.0,0.04,0.04,0.04,28.5,1.0,15.0,5.0,33.3,0.53,0.18,0.07,0.2,0.0,0.0,80.0,86.3,30,84.0,24,2,15.0,0,1.36,43.0,41.0,2.0,0.07,0.29,0.0,28.0,21.0,1.0,2.0,40.0,16.0,,,0.0,,,,,,,,,,,,,,,,True,alta,0,Central posicional,1.871944232176132
ITA-Serie A,2526,Atalanta,Berat Djimsiti,ALB,DF,32.0,1993.0,34.0,29.0,2525.0,28.1,0.0,0.0,0.0,0.0,0.0,0.0,4.0,0.0,0.0,0.0,0.0,0.0,0.0,28.1,0.0,16.0,2.0,12.5,0.57,0.07,0.0,0.0,0.0,0.0,74.0,73.8,29,83.0,23,5,23.0,1,1.44,32.0,25.0,7.0,0.25,-0.55,0.0,17.0,8.0,0.0,2.0,42.0,30.0,,,0.0,,,,,,,,,,,,,,,,True,alta,0,Central posicional,1.9633335950167772
ITA-Serie A,2526,Atalanta,Giorgio Scalvini,ITA,DF,21.0,2003.0,24.0,23.0,1808.0,20.1,3.0,1.0,4.0,3.0,0.0,0.0,2.0,0.0,0.15,0.05,0.2,0.15,0.2,20.1,3.0,20.0,6.0,30.0,1.0,0.3,0.15,0.5,0.0,0.0,75.0,52.9,23,78.0,12,1,24.0,5,1.75,29.0,15.0,14.0,0.7,0.64,0.0,31.0,10.0,2.0,5.0,38.0,23.0,,,0.0,,,,,,,,,,,,,,,,True,alta,1,Central de combate,2.839600756631779
ITA-Serie A,2526,Atalanta,Honest Ahanor,ITA,DF,17.0,2008.0,22.0,15.0,1377.0,15.3,0.0,0.0,0.0,0.0,0.0,0.0,2.0,1.0,0.0,0.0,0.0,0.0,0.0,15.3,0.0,13.0,4.0,30.8,0.85,0.26,0.0,0.0,0.0,0.0,63.0,40.3,15,74.0,10,7,38.0,14,1.64,17.0,15.0,2.0,0.13,-0.44,0.0,24.0,28.0,0.0,2.0,24.0,20.0,,,0.0,,,,,,,,,,,,,,,,True,alta,1,Central de combate,2.712751420004724
ITA-Serie A,2526,Atalanta,Isak Hien,SWE,DF,26.0,1999.0,28.0,20.0,1970.0,21.9,1.0,0.0,1.0,1.0,0.0,0.0,5.0,0.0,0.05,0.0,0.05,0.05,0.05,21.9,1.0,9.0,3.0,33.3,0.41,0.14,0.11,0.33,0.0,0.0,70.0,57.6,20,87.0,18,8,30.0,4,1.57,28.0,24.0,4.0,0.18,-0.5,0.0,36.0,21.0,0.0,0.0,29.0,34.0,,,1.0,,,,,,,,,,,,,,,,True,alta,1,Central de combate,1.810578660701007
ITA-Serie A,2526,Atalanta,Odilon Kossounou,CIV,DF,24.0,2001.0,19.0,10.0,988.0,11.0,1.0,0.0,1.0,1.0,0.0,0.0,1.0,0.0,0.09,0.0,0.09,0.09,0.09,11.0,1.0,5.0,1.0,20.0,0.46,0.09,0.2,1.0,0.0,0.0,52.0,28.9,10,76.0,5,9,26.0,10,1.58,16.0,11.0,5.0,0.46,0.09,0.0,16.0,3.0,1.0,2.0,10.0,14.0,,,0.0,,,,,,,,,,,,,,,,True,alta,0,Central posicional,2.436411202066127
ITA-Serie A,2526,Atalanta,Sead Kolašinac,BIH,DF,32.0,1993.0,19.0,15.0,1212.0,13.5,0.0,0.0,0.0,0.0,0.0,0.0,3.0,0.0,0.0,0.0,0.0,0.0,0.0,13.5,0.0,3.0,0.0,0.0,0.22,0.0,0.0,,0.0,0.0,64.0,35.4,15,73.0,4,4,30.0,8,1.74,23.0,16.0,7.0,0.52,0.19,0.0,22.0,10.0,1.0,3.0,11.0,18.0,,,0.0,,,,,,,,,,,,,,,,True,alta,1,Central de combate,2.0895648391624437
ITA-Serie A,2526,Bologna,Babis Lykogiannis,GRE,DF,31.0,1993.0,10.0,7.0,627.0,7.0,0.0,1.0,1.0,0.0,0.0,0.0,3.0,0.0,0.0,0.14,0.14,0.0,0.14,7.0,0.0,7.0,2.0,28.6,1.0,0.29,0.0,0.0,0.0,0.0,63.0,18.3,7,81.0,4,3,19.0,23,0.7,5.0,8.0,-3.0,-0.43,-0.62,0.0,8.0,1.0,0.0,45.0,6.0,10.0,,,0.0,,,,,,,,,,,,,,,,False,baja,2,Lateral ofensivo,3.355046811127752
ITA-Serie A,2526,Bologna,Eivind Helland,NOR,DF,20.0,2005.0,6.0,6.0,484.0,5.4,0.0,0.0,0.0,0.0,0.0,0.0,2.0,0.0,0.0,0.0,0.0,0.0,0.0,5.4,0.0,1.0,0.0,0.0,0.19,0.0,0.0,,0.0,0.0,81.0,14.2,6,81.0,2,0,,10,1.33,6.0,8.0,-2.0,-0.37,-0.53,0.0,5.0,1.0,0.0,0.0,7.0,5.0,,,0.0,,,,,,,,,,,,,,,,False,baja,1,Central de combate,2.754727341952379
ITA-Serie A,2526,Bologna,Emil Holm,SWE,DF,25.0,2000.0,11.0,8.0,655.0,7.3,1.0,4.0,5.0,1.0,0.0,0.0,3.0,1.0,0.14,0.55,0.69,0.14,0.69,7.3,1.0,8.0,1.0,12.5,1.1,0.14,0.13,1.0,0.0,0.0,60.0,19.2,8,78.0,2,3,11.0,5,1.36,14.0,9.0,5.0,0.69,0.75,1.0,11.0,14.0,0.0,23.0,7.0,13.0,,,0.0,,,,,,,,,,,,,,,,False,baja,2,Lateral ofensivo,3.242322883179447
ITA-Serie A,2526,Bologna,Jhon Lucumí,COL,DF,27.0,1998.0,29.0,26.0,2287.0,25.4,1.0,0.0,1.0,1.0,0.0,0.0,5.0,0.0,0.04,0.0,0.04,0.04,0.04,25.4,1.0,8.0,2.0,25.0,0.31,0.08,0.13,0.5,0.0,0.0,79.0,66.9,26,85.0,23,3,22.0,4,1.48,33.0,28.0,5.0,0.2,0.36,0.0,23.0,19.0,1.0,1.0,30.0,22.0,,,0.0,,,,,,,,,,,,,,,,True,alta,0,Central posicional,1.6363458281860201
ITA-Serie A,2526,Bologna,João Mário Lopes,POR,"DF,MF",25.0,2000.0,10.0,10.0,735.0,8.2,1.0,0.0,1.0,1.0,0.0,0.0,1.0,0.0,0.12,0.0,0.12,0.12,0.12,8.2,1.0,4.0,2.0,50.0,0.49,0.24,0.25,0.5,0.0,0.0,74.0,21.5,10,74.0,3,0,,5,2.1,10.0,7.0,3.0,0.37,0.37,0.0,5.0,21.0,0.0,15.0,10.0,4.0,,,0.0,,,,,,,,,,,,,,,,False,baja,0,Central posicional,3.7410102269712056
ITA-Serie A,2526,Bologna,Juan Miranda,ESP,DF,25.0,2000.0,32.0,29.0,2573.0,28.6,1.0,3.0,4.0,1.0,0.0,0.0,6.0,0.0,0.03,0.1,0.14,0.03,0.14,28.6,1.0,13.0,5.0,38.5,0.45,0.17,0.08,0.2,0.0,0.0,80.0,75.2,29,87.0,25,3,20.0,2,1.63,42.0,36.0,6.0,0.21,0.53,0.0,25.0,35.0,3.0,171.0,33.0,31.0,,,0.0,,,,,,,,,,,,,,,,True,alta,2,Lateral ofensivo,1.460175459785315
ITA-Serie A,2526,Bologna,Lorenzo De Silvestri,ITA,DF,37.0,1988.0,12.0,6.0,491.0,5.5,0.0,0.0,0.0,0.0,0.0,0.0,2.0,0.0,0.0,0.0,0.0,0.0,0.0,5.5,0.0,0.0,0.0,,0.0,0.0,,,0.0,0.0,41.0,14.4,6,61.0,0,6,21.0,23,1.58,8.0,4.0,4.0,0.73,0.76,0.0,9.0,3.0,0.0,7.0,7.0,1.0,,,0.0,,,,,,,,,,,,,,,,False,baja,1,Central de combate,4.2181969428098105
ITA-Serie A,2526,Bologna,Martin Vitík,CZE,DF,22.0,2003.0,19.0,14.0,1325.0,14.7,0.0,0.0,0.0,0.0,0.0,0.0,3.0,0.0,0.0,0.0,0.0,0.0,0.0,14.7,0.0,8.0,2.0,25.0,0.54,0.14,0.0,0.0,0.0,0.0,70.0,38.7,14,81.0,11,5,37.0,13,1.58,17.0,18.0,-1.0,-0.07,-0.24,0.0,23.0,4.0,0.0,2.0,8.0,22.0,,,0.0,,,,,,,,,,,,,,,,True,alta,1,Central de combate,2.8631174834389244
ITA-Serie A,2526,Bologna,Nadir Zortea,ITA,DF,26.0,1999.0,32.0,16.0,1819.0,20.2,0.0,2.0,2.0,0.0,0.0,0.0,2.0,0.0,0.0,0.1,0.1,0.0,0.1,20.2,0.0,11.0,1.0,9.1,0.54,0.05,0.0,0.0,0.0,0.0,57.0,53.2,16,87.0,11,16,27.0,6,1.31,20.0,27.0,-7.0,-0.35,-0.91,0.0,28.0,17.0,1.0,67.0,20.0,17.0,,,0.0,,,,,,,,,,,,,,,,True,alta,2,Lateral ofensivo,1.5897371089607966
ITA-Serie A,2526,Bologna,Nicolò Casale,ITA,DF,27.0,1998.0,12.0,8.0,678.0,7.5,0.0,0.0,0.0,0.0,0.0,0.0,0.0,0.0,0.0,0.0,0.0,0.0,0.0,7.5,0.0,5.0,0.0,0.0,0.66,0.0,0.0,,0.0,0.0,57.0,19.8,8,72.0,5,4,25.0,15,1.25,10.0,13.0,-3.0,-0.4,-0.6,0.0,15.0,5.0,0.0,2.0,7.0,2.0,,,0.0,,,,,,,,,,,,,,,,False,baja,0,Central posicional,3.908538664940595
ITA-Serie A,2526,Bologna,Torbjørn Heggem,NOR,DF,26.0,1999.0,27.0,23.0,2113.0,23.5,0.0,0.0,0.0,0.0,0.0,0.0,0.0,1.0,0.0,0.0,0.0,0.0,0.0,23.5,0.0,11.0,2.0,18.2,0.47,0.09,0.0,0.0,0.0,0.0,78.0,61.8,23,88.0,20,4,22.0,6,1.3,31.0,31.0,0.0,0.0,-0.21,0.0,31.0,12.0,0.0,1.0,25.0,19.0,,,0.0,,,,,,,,,,,,,,,,True,alta,0,Central posicional,2.3297955940461885
ITA-Serie A,2526,Cagliari,Adam Obert,SVK,"DF,MF",22.0,2002.0,35.0,33.0,2771.0,30.8,0.0,3.0,3.0,0.0,0.0,0.0,10.0,1.0,0.0,0.1,0.1,0.0,0.1,30.8,0.0,10.0,3.0,30.0,0.32,0.1,0.0,0.0,0.0,0.0,79.0,81.0,33,83.0,19,2,21.0,1,1.2,28.0,40.0,-12.0,-0.39,-0.25,1.0,40.0,13.0,0.0,69.0,44.0,32.0,,,0.0,,,,,,,,,,,,,,,,True,alta,1,Central de combate,2.4350127175371763
ITA-Serie A,2526,Cagliari,Alberto Dossena,ITA,DF,26.0,1998.0,12.0,9.0,859.0,9.5,0.0,1.0,1.0,0.0,0.0,0.0,5.0,0.0,0.0,0.1,0.1,0.0,0.1,9.5,0.0,7.0,2.0,28.6,0.73,0.21,0.0,0.0,0.0,0.0,72.0,25.1,9,90.0,9,3,16.0,4,1.25,5.0,12.0,-7.0,-0.73,-0.52,0.0,11.0,8.0,2.0,0.0,9.0,13.0,,,0.0,,,,,,,,,,,,,,,,False,baja,1,Central de combate,2.683289212176521
ITA-Serie A,2526,Cagliari,Alessandro Deiola,ITA,"MF,DF",29.0,1995.0,20.0,17.0,1430.0,15.9,0.0,2.0,2.0,0.0,0.0,0.0,3.0,0.0,0.0,0.13,0.13,0.0,0.13,15.9,0.0,22.0,7.0,31.8,1.38,0.44,0.0,0.0,0.0,0.0,72.0,41.8,17,79.0,9,3,30.0,5,1.45,23.0,21.0,2.0,0.13,0.8,0.0,22.0,11.0,7.0,2.0,13.0,20.0,,,0.0,,,,,,,,,,,,,,,,True,alta,2,Lateral ofensivo,2.688010384897797
ITA-Serie A,2526,Cagliari,Gabriele Zappa,ITA,"DF,MF",25.0,1999.0,31.0,18.0,1597.0,17.7,0.0,3.0,3.0,0.0,0.0,0.0,2.0,0.0,0.0,0.17,0.17,0.0,0.17,17.7,0.0,11.0,2.0,18.2,0.62,0.11,0.0,0.0,0.0,0.0,52.0,46.7,18,77.0,10,13,16.0,4,1.03,19.0,27.0,-8.0,-0.45,-0.2,0.0,13.0,5.0,0.0,37.0,18.0,17.0,,,0.0,,,,,,,,,,,,,,,,True,alta,2,Lateral ofensivo,2.395718679928641
ITA-Serie A,2526,Cagliari,Juan Rodríguez,URU,DF,20.0,2005.0,17.0,16.0,1310.0,14.6,1.0,0.0,1.0,1.0,0.0,0.0,3.0,0.0,0.07,0.0,0.07,0.07,0.07,14.6,1.0,3.0,2.0,66.7,0.21,0.14,0.33,0.5,0.0,0.0,77.0,38.3,16,81.0,9,1,9.0,16,1.06,14.0,23.0,-9.0,-0.62,-0.45,0.0,15.0,8.0,0.0,5.0,17.0,27.0,,,0.0,,,,,,,,,,,,,,,,True,alta,1,Central de combate,2.312667559538531
ITA-Serie A,2526,Cagliari,Marco Palestra,ITA,"MF,DF",20.0,2005.0,37.0,34.0,3081.0,34.2,1.0,4.0,5.0,1.0,0.0,0.0,3.0,0.0,0.03,0.12,0.15,0.03,0.15,34.2,1.0,29.0,7.0,24.1,0.85,0.2,0.03,0.14,0.0,0.0,83.0,90.1,34,88.0,27,3,33.0,0,1.14,31.0,46.0,-15.0,-0.44,-0.97,0.0,41.0,108.0,8.0,106.0,19.0,35.0,,,0.0,,,,,,,,,,,,,,,,True,alta,2,Lateral ofensivo,2.829425322052902
ITA-Serie A,2526,Cagliari,Riyad Idrissi,ITA,"MF,DF",20.0,2005.0,23.0,4.0,783.0,8.7,2.0,0.0,2.0,2.0,0.0,0.0,3.0,0.0,0.23,0.0,0.23,0.23,0.23,8.7,2.0,6.0,6.0,100.0,0.69,0.69,0.33,0.33,0.0,0.0,34.0,22.9,4,90.0,4,19,22.0,5,0.96,14.0,15.0,-1.0,-0.11,0.29,0.0,9.0,6.0,1.0,23.0,9.0,15.0,,,0.0,,,,,,,,,,,,,,,,False,baja,1,Central de combate,2.398591426310966
ITA-Serie A,2526,Cagliari,Sebastiano Luperto,ITA,DF,28.0,1996.0,19.0,19.0,1706.0,19.0,1.0,0.0,1.0,1.0,0.0,0.0,3.0,0.0,0.05,0.0,0.05,0.05,0.05,19.0,1.0,7.0,3.0,42.9,0.37,0.16,0.14,0.33,0.0,0.0,90.0,49.9,19,90.0,18,0,,4,1.32,22.0,24.0,-2.0,-0.11,0.47,0.0,23.0,17.0,0.0,1.0,19.0,12.0,,,0.0,,,,,,,,,,,,,,,,True,alta,0,Central posicional,1.971034992995831
ITA-Serie A,2526,Cagliari,Yerry Mina,COL,DF,30.0,1994.0,26.0,26.0,2150.0,23.9,2.0,0.0,2.0,2.0,0.0,0.0,5.0,1.0,0.08,0.0,0.08,0.08,0.08,23.9,2.0,10.0,3.0,30.0,0.42,0.13,0.2,0.67,0.0,0.0,83.0,62.9,26,83.0,21,0,,3,1.35,26.0,29.0,-3.0,-0.13,0.58,1.0,26.0,37.0,3.0,1.0,26.0,18.0,,,0.0,,,,,,,,,,,,,,,,True,alta,1,Central de combate,2.1301835369253204
ITA-Serie A,2526,Cagliari,Zé Pedro Figueiredo,POR,DF,28.0,1997.0,23.0,20.0,1699.0,18.9,0.0,1.0,1.0,0.0,0.0,0.0,6.0,0.0,0.0,0.05,0.05,0.0,0.05,18.9,0.0,7.0,0.0,0.0,0.37,0.0,0.0,,0.0,0.0,74.0,49.7,20,82.0,11,3,19.0,4,1.13,21.0,26.0,-5.0,-0.26,0.15,0.0,29.0,15.0,0.0,5.0,20.0,18.0,,,0.0,,,,,,,,,,,,,,,,True,alta,1,Central de combate,1.3657569794595763
ITA-Serie A,2526,Como,Alberto Moreno,ESP,DF,33.0,1992.0,19.0,13.0,1233.0,13.7,2.0,1.0,3.0,2.0,0.0,0.0,4.0,0.0,0.15,0.07,0.22,0.15,0.22,13.7,2.0,11.0,4.0,36.4,0.8,0.29,0.18,0.5,0.0,0.0,65.0,36.1,13,84.0,7,6,24.0,19,2.05,27.0,9.0,18.0,1.31,0.57,0.0,17.0,12.0,3.0,34.0,7.0,12.0,,,0.0,,,,,,,,,,,,,,,,True,alta,2,Lateral ofensivo,1.8142745082276253
ITA-Serie A,2526,Como,Diego Carlos,BRA,DF,32.0,1993.0,27.0,21.0,1949.0,21.7,1.0,0.0,1.0,1.0,0.0,0.0,8.0,0.0,0.05,0.0,0.05,0.05,0.05,21.7,1.0,8.0,2.0,25.0,0.37,0.09,0.13,0.5,0.0,0.0,72.0,57.0,21,83.0,16,6,35.0,8,2.0,33.0,15.0,18.0,0.83,-0.27,0.0,39.0,7.0,2.0,2.0,22.0,18.0,,,0.0,,,,,,,,,,,,,,,,True,alta,1,Central de combate,2.2918463702250933
ITA-Serie A,2526,Como,Ignace Van Der Brempt,BEL,DF,23.0,2002.0,20.0,11.0,931.0,10.3,0.0,1.0,1.0,0.0,0.0,0.0,2.0,0.0,0.0,0.1,0.1,0.0,0.1,10.3,0.0,3.0,0.0,0.0,0.29,0.0,0.0,,0.0,0.0,47.0,27.2,11,74.0,4,9,13.0,14,2.1,20.0,10.0,10.0,0.97,0.03,0.0,19.0,15.0,1.0,11.0,8.0,14.0,,,0.0,,,,,,,,,,,,,,,,True,alta,2,Lateral ofensivo,2.530707481909968
ITA-Serie A,2526,Como,Ivan Smolčić,CRO,DF,24.0,2000.0,28.0,19.0,1662.0,18.5,0.0,1.0,1.0,0.0,0.0,0.0,8.0,0.0,0.0,0.05,0.05,0.0,0.05,18.5,0.0,12.0,4.0,33.3,0.65,0.22,0.0,0.0,0.0,0.0,59.0,48.6,19,77.0,8,9,22.0,9,2.0,26.0,10.0,16.0,0.87,-0.16,0.0,26.0,17.0,0.0,29.0,23.0,24.0,,,0.0,,,,,,,,,,,,,,,,True,alta,1,Central de combate,1.8856326120536115
ITA-Serie A,2526,Como,Jacobo Ramón,ESP,DF,20.0,2005.0,32.0,30.0,2742.0,30.5,2.0,0.0,2.0,2.0,0.0,0.0,11.0,1.0,0.07,0.0,0.07,0.07,0.07,30.5,2.0,39.0,9.0,23.1,1.28,0.3,0.05,0.22,0.0,0.0,86.0,80.2,30,88.0,28,2,45.0,1,1.84,53.0,24.0,29.0,0.95,0.02,0.0,33.0,12.0,0.0,11.0,38.0,32.0,,,0.0,,,,,,,,,,,,,,,,True,alta,1,Central de combate,2.2247861914917153
ITA-Serie A,2526,Como,Marc-Oliver Kempf,GER,DF,30.0,1995.0,34.0,27.0,2326.0,25.8,4.0,1.0,5.0,4.0,0.0,0.0,3.0,0.0,0.15,0.04,0.19,0.15,0.19,25.8,4.0,21.0,6.0,28.6,0.81,0.23,0.19,0.67,0.0,0.0,68.0,68.0,27,82.0,22,7,18.0,4,1.94,47.0,20.0,27.0,1.04,0.3,0.0,26.0,19.0,0.0,0.0,13.0,12.0,,,0.0,,,,,,,,,,,,,,,,True,alta,0,Central posicional,2.3793564405377183
ITA-Serie A,2526,Como,Mërgim Vojvoda,KVX,"MF,DF",30.0,1995.0,30.0,19.0,1591.0,17.7,2.0,2.0,4.0,2.0,0.0,0.0,2.0,0.0,0.11,0.11,0.23,0.11,0.23,17.7,2.0,18.0,7.0,38.9,1.02,0.4,0.11,0.29,0.0,0.0,53.0,46.5,19,69.0,4,11,26.0,7,1.9,33.0,14.0,19.0,1.07,0.24,0.0,15.0,12.0,5.0,66.0,14.0,4.0,,,0.0,,,,,,,,,,,,,,,,True,alta,2,Lateral ofensivo,3.427738554636642
ITA-Serie A,2526,Como,Álex Valle,ESP,DF,21.0,2004.0,28.0,23.0,2026.0,22.5,1.0,4.0,5.0,1.0,0.0,0.0,3.0,0.0,0.04,0.18,0.22,0.04,0.22,22.5,1.0,11.0,2.0,18.2,0.49,0.09,0.09,0.5,0.0,0.0,72.0,59.2,23,84.0,18,5,17.0,8,1.82,34.0,17.0,17.0,0.76,-0.47,0.0,34.0,19.0,1.0,45.0,24.0,31.0,,,0.0,,,,,,,,,,,,,,,,True,alta,2,Lateral ofensivo,1.6235670784468597
ITA-Serie A,2526,Cremonese,Federico Baschirotto,ITA,DF,28.0,1996.0,29.0,29.0,2540.0,28.2,2.0,0.0,2.0,2.0,0.0,0.0,2.0,0.0,0.07,0.0,0.07,0.07,0.07,28.2,2.0,12.0,5.0,41.7,0.43,0.18,0.17,0.4,0.0,0.0,88.0,74.3,29,88.0,28,0,,1,0.86,21.0,38.0,-17.0,-0.6,0.22,0.0,45.0,9.0,1.0,8.0,24.0,13.0,,,0.0,,,,,,,,,,,,,,,,True,alta,0,Central posicional,2.590601366846363
ITA-Serie A,2526,Cremonese,Federico Ceccherini,ITA,DF,33.0,1992.0,9.0,6.0,476.0,5.3,0.0,1.0,1.0,0.0,0.0,0.0,1.0,1.0,0.0,0.19,0.19,0.0,0.19,5.3,0.0,5.0,2.0,40.0,0.95,0.38,0.0,0.0,0.0,0.0,53.0,13.9,6,67.0,1,3,25.0,26,0.67,1.0,13.0,-12.0,-2.27,-1.87,0.0,10.0,9.0,0.0,3.0,7.0,2.0,,,0.0,,,,,,,,,,,,,,,,False,baja,2,Lateral ofensivo,3.826862753834694
ITA-Serie A,2526,Cremonese,Filippo Terracciano,ITA,DF,22.0,2003.0,36.0,33.0,3011.0,33.5,2.0,0.0,2.0,2.0,0.0,0.0,6.0,0.0,0.06,0.0,0.06,0.06,0.06,33.5,2.0,14.0,4.0,28.6,0.42,0.12,0.14,0.5,0.0,0.0,84.0,88.0,33,89.0,28,3,29.0,0,0.94,28.0,45.0,-17.0,-0.51,1.25,0.0,18.0,26.0,0.0,27.0,56.0,23.0,,,2.0,,,,,,,,,,,,,,,,True,alta,0,Central posicional,2.367522921536109
ITA-Serie A,2526,Cremonese,Francesco Folino,ITA,DF,23.0,2002.0,18.0,7.0,722.0,8.0,1.0,0.0,1.0,1.0,0.0,0.0,1.0,0.0,0.12,0.0,0.12,0.12,0.12,8.0,1.0,2.0,1.0,50.0,0.25,0.12,0.5,1.0,0.0,0.0,40.0,21.1,7,87.0,6,11,10.0,19,1.0,5.0,15.0,-10.0,-1.25,-0.75,0.0,11.0,9.0,0.0,1.0,2.0,4.0,,,0.0,,,,,,,,,,,,,,,,False,baja,0,Central posicional,3.374541962050783
ITA-Serie A,2526,Cremonese,Giuseppe Pezzella,ITA,"MF,DF",27.0,1997.0,31.0,30.0,2585.0,28.7,0.0,1.0,1.0,0.0,0.0,0.0,8.0,1.0,0.0,0.03,0.03,0.0,0.03,28.7,0.0,6.0,0.0,0.0,0.21,0.0,0.0,,0.0,0.0,83.0,75.6,30,85.0,23,1,34.0,0,0.84,25.0,47.0,-22.0,-0.77,-0.44,0.0,49.0,32.0,8.0,128.0,11.0,32.0,,,0.0,,,,,,,,,,,,,,,,True,alta,2,Lateral ofensivo,3.1026241008992277
ITA-Serie A,2526,Cremonese,Matteo Bianchetti,ITA,DF,32.0,1993.0,27.0,25.0,2192.0,24.4,0.0,2.0,2.0,0.0,0.0,0.0,4.0,0.0,0.0,0.08,0.08,0.0,0.08,24.4,0.0,7.0,1.0,14.3,0.29,0.04,0.0,0.0,0.0,0.0,81.0,64.1,25,84.0,16,2,50.0,8,1.15,28.0,37.0,-9.0,-0.37,0.8,0.0,28.0,15.0,0.0,6.0,19.0,30.0,,,0.0,,,,,,,,,,,,,,,,True,alta,0,Central posicional,2.160857468491293
ITA-Serie A,2526,Cremonese,Sebastiano Luperto,ITA,DF,28.0,1996.0,15.0,15.0,1307.0,14.5,0.0,1.0,1.0,0.0,0.0,0.0,1.0,0.0,0.0,0.07,0.07,0.0,0.07,14.5,0.0,5.0,2.0,40.0,0.34,0.14,0.0,0.0,0.0,0.0,87.0,38.2,15,87.0,12,0,,0,0.73,11.0,26.0,-15.0,-1.03,-0.61,0.0,9.0,12.0,1.0,10.0,12.0,9.0,,,0.0,,,,,,,,,,,,,,,,True,alta,0,Central posicional,1.8242434011267152
ITA-Serie A,2526,Fiorentina,Dodô,BRA,"DF,MF",26.0,1998.0,36.0,36.0,3134.0,34.8,1.0,2.0,3.0,1.0,0.0,0.0,7.0,0.0,0.03,0.06,0.09,0.03,0.09,34.8,1.0,25.0,4.0,16.0,0.72,0.11,0.04,0.25,0.0,0.0,87.0,91.6,36,87.0,30,0,,0,1.08,39.0,46.0,-7.0,-0.2,0.43,0.0,22.0,53.0,2.0,153.0,31.0,18.0,,,0.0,,,,,,,,,,,,,,,,True,alta,2,Lateral ofensivo,2.6100417726231413
ITA-Serie A,2526,Fiorentina,Luca Ranieri,ITA,DF,26.0,1999.0,34.0,29.0,2458.0,27.3,1.0,0.0,1.0,1.0,0.0,0.0,8.0,1.0,0.04,0.0,0.04,0.04,0.04,27.3,1.0,18.0,3.0,16.7,0.66,0.11,0.06,0.33,0.0,0.0,72.0,71.9,29,83.0,19,5,12.0,2,1.21,28.0,34.0,-6.0,-0.22,0.06,0.0,22.0,27.0,3.0,27.0,24.0,24.0,,,0.0,,,,,,,,,,,,,,,,True,alta,1,Central de combate,2.011836450561104
ITA-Serie A,2526,Fiorentina,Marin Pongračić,CRO,DF,27.0,1997.0,35.0,33.0,2918.0,32.4,0.0,0.0,0.0,0.0,0.0,0.0,12.0,0.0,0.0,0.0,0.0,0.0,0.0,32.4,0.0,8.0,1.0,12.5,0.25,0.03,0.0,0.0,0.0,0.0,83.0,85.3,33,87.0,29,2,22.0,1,1.17,38.0,41.0,-3.0,-0.09,0.98,0.0,69.0,21.0,0.0,4.0,36.0,17.0,,,0.0,,,,,,,,,,,,,,,,True,alta,1,Central de combate,2.878137288113896
ITA-Serie A,2526,Fiorentina,Pablo Marí,ESP,DF,31.0,1993.0,11.0,9.0,808.0,9.0,0.0,0.0,0.0,0.0,0.0,0.0,3.0,0.0,0.0,0.0,0.0,0.0,0.0,9.0,0.0,2.0,0.0,0.0,0.22,0.0,0.0,,0.0,0.0,73.0,23.6,9,86.0,7,2,15.0,6,0.55,9.0,19.0,-10.0,-1.11,-1.15,0.0,17.0,8.0,0.0,0.0,19.0,8.0,,,0.0,,,,,,,,,,,,,,,,False,baja,1,Central de combate,2.9708239674537427
ITA-Serie A,2526,Fiorentina,Pietro Comuzzo,ITA,DF,20.0,2005.0,27.0,18.0,1696.0,18.8,1.0,0.0,1.0,1.0,0.0,0.0,2.0,0.0,0.05,0.0,0.05,0.05,0.05,18.8,1.0,10.0,2.0,20.0,0.53,0.11,0.1,0.5,0.0,0.0,63.0,49.6,18,84.0,11,9,20.0,11,1.0,21.0,28.0,-7.0,-0.37,-0.27,0.0,24.0,4.0,0.0,1.0,24.0,16.0,,,1.0,,,,,,,,,,,,,,,,True,alta,0,Central posicional,2.0730116957115636
ITA-Serie A,2526,Fiorentina,Robin Gosens,GER,"DF,MF",31.0,1994.0,26.0,24.0,1881.0,20.9,3.0,1.0,4.0,3.0,0.0,0.0,2.0,0.0,0.14,0.05,0.19,0.14,0.19,20.9,3.0,18.0,7.0,38.9,0.86,0.33,0.17,0.43,0.0,0.0,72.0,55.0,24,77.0,10,2,20.0,4,1.12,19.0,24.0,-5.0,-0.24,-0.01,0.0,24.0,25.0,3.0,41.0,23.0,18.0,,,0.0,,,,,,,,,,,,,,,,True,alta,2,Lateral ofensivo,1.6272243553010963
ITA-Serie A,2526,Genoa,Aarón Martín,ESP,"MF,DF",28.0,1997.0,33.0,26.0,2156.0,24.0,1.0,5.0,6.0,1.0,0.0,1.0,2.0,0.0,0.04,0.21,0.25,0.04,0.25,24.0,1.0,11.0,4.0,36.4,0.46,0.17,0.09,0.25,0.0,1.0,65.0,63.0,26,79.0,15,7,13.0,5,1.12,28.0,37.0,-9.0,-0.38,-0.3,0.0,31.0,27.0,0.0,194.0,10.0,28.0,,,0.0,,,,,,,,,,,,,,,,True,alta,2,Lateral ofensivo,2.344623427152848
ITA-Serie A,2526,Genoa,Alessandro Marcandalli,ITA,DF,22.0,2002.0,32.0,29.0,2597.0,28.9,0.0,2.0,2.0,0.0,0.0,0.0,4.0,0.0,0.0,0.07,0.07,0.0,0.07,28.9,0.0,5.0,2.0,40.0,0.17,0.07,0.0,0.0,0.0,0.0,81.0,75.9,29,87.0,24,3,28.0,4,1.22,36.0,36.0,0.0,0.0,1.09,0.0,23.0,11.0,0.0,10.0,18.0,24.0,,,0.0,,,,,,,,,,,,,,,,True,alta,0,Central posicional,1.8458421060519188
ITA-Serie A,2526,Genoa,Brooke Norton-Cuffy,ENG,"MF,DF",21.0,2004.0,27.0,25.0,2212.0,24.6,2.0,1.0,3.0,2.0,0.0,0.0,5.0,1.0,0.08,0.04,0.12,0.08,0.12,24.6,2.0,15.0,6.0,40.0,0.61,0.24,0.13,0.33,0.0,0.0,82.0,64.7,25,86.0,19,2,32.0,1,0.96,28.0,38.0,-10.0,-0.41,-0.41,1.0,23.0,16.0,0.0,80.0,11.0,31.0,,,0.0,,,,,,,,,,,,,,,,True,alta,2,Lateral ofensivo,1.7623015865540275
ITA-Serie A,2526,Genoa,Johan Vásquez,MEX,DF,26.0,1998.0,36.0,36.0,3215.0,35.7,1.0,0.0,1.0,1.0,0.0,0.0,2.0,0.0,0.03,0.0,0.03,0.03,0.03,35.7,1.0,24.0,6.0,25.0,0.67,0.17,0.04,0.17,0.0,0.0,89.0,94.0,36,89.0,34,0,,2,1.11,39.0,49.0,-10.0,-0.28,-0.28,0.0,23.0,46.0,1.0,24.0,46.0,38.0,,,0.0,,,,,,,,,,,,,,,,True,alta,0,Central posicional,2.5574687318226
ITA-Serie A,2526,Genoa,Leo Østigård,NOR,DF,25.0,1999.0,30.0,30.0,2622.0,29.1,5.0,1.0,6.0,5.0,0.0,0.0,7.0,0.0,0.17,0.03,0.21,0.17,0.21,29.1,5.0,22.0,12.0,54.5,0.76,0.41,0.23,0.42,0.0,0.0,87.0,76.7,30,87.0,28,0,,2,1.13,31.0,38.0,-7.0,-0.24,0.1,0.0,38.0,15.0,3.0,1.0,30.0,27.0,,,0.0,,,,,,,,,,,,,,,,True,alta,1,Central de combate,1.5257213197458976
ITA-Serie A,2526,Genoa,Sebastian Otoa,DEN,DF,21.0,2004.0,13.0,9.0,829.0,9.2,0.0,0.0,0.0,0.0,0.0,0.0,1.0,0.0,0.0,0.0,0.0,0.0,0.0,9.2,0.0,3.0,2.0,66.7,0.33,0.22,0.0,0.0,0.0,0.0,64.0,24.2,9,85.0,6,4,16.0,17,1.08,9.0,17.0,-8.0,-0.87,-0.8,0.0,5.0,13.0,2.0,1.0,9.0,10.0,,,1.0,,,,,,,,,,,,,,,,False,baja,0,Central posicional,2.4385932614319454
ITA-Serie A,2526,Genoa,Stefano Sabelli,ITA,"MF,DF",32.0,1993.0,16.0,12.0,913.0,10.1,0.0,0.0,0.0,0.0,0.0,0.0,0.0,0.0,0.0,0.0,0.0,0.0,0.0,10.1,0.0,8.0,0.0,0.0,0.79,0.0,0.0,,0.0,0.0,57.0,26.7,12,73.0,1,4,10.0,22,1.56,9.0,10.0,-1.0,-0.1,0.22,0.0,6.0,19.0,0.0,27.0,3.0,14.0,,,1.0,,,,,,,,,,,,,,,,True,alta,2,Lateral ofensivo,3.836759690494923
ITA-Serie A,2526,Hellas Verona,Andrias Edmundsson,FRO,DF,24.0,2000.0,15.0,15.0,1319.0,14.7,0.0,0.0,0.0,0.0,0.0,0.0,3.0,0.0,0.0,0.0,0.0,0.0,0.0,14.7,0.0,4.0,1.0,25.0,0.27,0.07,0.0,0.0,0.0,0.0,88.0,38.6,15,88.0,14,0,,0,0.47,7.0,20.0,-13.0,-0.89,0.1,0.0,13.0,7.0,0.0,4.0,28.0,20.0,,,1.0,,,,,,,,,,,,,,,,True,alta,1,Central de combate,2.4040745094211444
ITA-Serie A,2526,Hellas Verona,Armel Bella Kotchap,GER,DF,23.0,2001.0,19.0,14.0,1347.0,15.0,0.0,0.0,0.0,0.0,0.0,0.0,3.0,0.0,0.0,0.0,0.0,0.0,0.0,15.0,0.0,3.0,0.0,0.0,0.2,0.0,0.0,,0.0,0.0,71.0,39.4,14,83.0,10,5,36.0,5,0.58,13.0,27.0,-14.0,-0.94,0.02,0.0,22.0,17.0,0.0,1.0,29.0,12.0,,,0.0,,,,,,,,,,,,,,,,True,alta,1,Central de combate,2.6170874345600414
ITA-Serie A,2526,Hellas Verona,Daniel Oyegoke,ENG,"MF,DF",22.0,2003.0,15.0,8.0,594.0,6.6,0.0,0.0,0.0,0.0,0.0,0.0,2.0,0.0,0.0,0.0,0.0,0.0,0.0,6.6,0.0,3.0,1.0,33.3,0.45,0.15,0.0,0.0,0.0,0.0,40.0,17.4,8,62.0,1,7,14.0,10,0.53,4.0,8.0,-4.0,-0.61,0.41,0.0,13.0,5.0,1.0,32.0,7.0,9.0,,,0.0,,,,,,,,,,,,,,,,False,baja,1,Central de combate,2.689888655656645
ITA-Serie A,2526,Hellas Verona,Martin Frese,DEN,"MF,DF",27.0,1998.0,31.0,27.0,2408.0,26.8,2.0,0.0,2.0,2.0,0.0,0.0,8.0,0.0,0.07,0.0,0.07,0.07,0.07,26.8,2.0,21.0,11.0,52.4,0.78,0.41,0.1,0.18,0.0,0.0,78.0,70.4,27,83.0,17,4,40.0,3,0.61,16.0,40.0,-24.0,-0.9,0.17,0.0,46.0,20.0,4.0,74.0,30.0,54.0,,,1.0,,,,,,,,,,,,,,,,True,alta,1,Central de combate,2.839030496788944
ITA-Serie A,2526,Hellas Verona,Nicolás Valentini,ARG,DF,24.0,2001.0,21.0,15.0,1409.0,15.7,0.0,0.0,0.0,0.0,0.0,0.0,8.0,1.0,0.0,0.0,0.0,0.0,0.0,15.7,0.0,16.0,7.0,43.8,1.02,0.45,0.0,0.0,0.0,0.0,67.0,41.2,15,86.0,13,6,21.0,6,0.71,10.0,22.0,-12.0,-0.77,0.31,1.0,30.0,7.0,1.0,15.0,16.0,18.0,,,0.0,,,,,,,,,,,,,,,,True,alta,1,Central de combate,2.7450813901192843
ITA-Serie A,2526,Hellas Verona,Unai Núñez,ESP,DF,28.0,1997.0,17.0,15.0,1265.0,14.1,0.0,0.0,0.0,0.0,0.0,0.0,6.0,0.0,0.0,0.0,0.0,0.0,0.0,14.1,0.0,7.0,1.0,14.3,0.5,0.07,0.0,0.0,0.0,0.0,74.0,37.0,15,82.0,12,2,21.0,1,0.71,12.0,26.0,-14.0,-1.0,-0.08,0.0,27.0,10.0,0.0,11.0,23.0,18.0,,,1.0,,,,,,,,,,,,,,,,True,alta,1,Central de combate,2.0823547083745164
ITA-Serie A,2526,Hellas Verona,Victor Nelsson,DEN,DF,26.0,1998.0,38.0,37.0,3315.0,36.8,0.0,0.0,0.0,0.0,0.0,0.0,4.0,0.0,0.0,0.0,0.0,0.0,0.0,36.8,0.0,8.0,1.0,12.5,0.22,0.03,0.0,0.0,0.0,0.0,87.0,96.9,37,89.0,35,1,13.0,0,0.55,22.0,59.0,-37.0,-1.0,-1.86,0.0,44.0,20.0,0.0,5.0,75.0,45.0,,,1.0,,,,,,,,,,,,,,,,True,alta,1,Central de combate,2.846620317817251
ITA-Serie A,2526,Inter,Alessandro Bastoni,ITA,DF,26.0,1999.0,28.0,28.0,2239.0,24.9,1.0,4.0,5.0,1.0,0.0,0.0,6.0,0.0,0.04,0.16,0.2,0.04,0.2,24.9,1.0,17.0,8.0,47.1,0.68,0.32,0.06,0.13,0.0,0.0,80.0,65.5,28,80.0,16,0,,7,2.39,62.0,21.0,41.0,1.65,0.66,0.0,45.0,20.0,0.0,85.0,21.0,39.0,,,0.0,,,,,,,,,,,,,,,,True,alta,2,Lateral ofensivo,2.0774373008865616
ITA-Serie A,2526,Inter,Carlos Augusto,BRA,"MF,DF",26.0,1999.0,34.0,18.0,1763.0,19.6,1.0,1.0,2.0,1.0,0.0,0.0,6.0,0.0,0.05,0.05,0.1,0.05,0.1,19.6,1.0,20.0,6.0,30.0,1.02,0.31,0.05,0.17,0.0,0.0,52.0,51.5,18,81.0,12,16,19.0,2,2.29,41.0,19.0,22.0,1.12,-0.61,0.0,26.0,13.0,0.0,46.0,19.0,22.0,,,0.0,,,,,,,,,,,,,,,,True,alta,2,Lateral ofensivo,1.7266825028722348
ITA-Serie A,2526,Inter,Francesco Acerbi,ITA,DF,37.0,1988.0,18.0,15.0,1378.0,15.3,0.0,1.0,1.0,0.0,0.0,0.0,3.0,0.0,0.0,0.07,0.07,0.0,0.07,15.3,0.0,3.0,1.0,33.3,0.2,0.07,0.0,0.0,0.0,0.0,77.0,40.3,15,88.0,12,3,22.0,18,2.11,34.0,18.0,16.0,1.04,-0.63,0.0,17.0,13.0,3.0,3.0,18.0,9.0,,,0.0,,,,,,,,,,,,,,,,True,alta,0,Central posicional,2.2657757599502073
ITA-Serie A,2526,Inter,Manuel Akanji,SUI,DF,30.0,1995.0,33.0,31.0,2821.0,31.3,2.0,0.0,2.0,2.0,0.0,0.0,4.0,0.0,0.06,0.0,0.06,0.06,0.06,31.3,2.0,23.0,6.0,26.1,0.73,0.19,0.09,0.33,0.0,0.0,85.0,82.5,31,90.0,30,2,21.0,2,2.39,73.0,26.0,47.0,1.5,0.45,0.0,26.0,18.0,2.0,3.0,37.0,24.0,,,0.0,,,,,,,,,,,,,,,,True,alta,0,Central posicional,1.3521375012671883
ITA-Serie A,2526,Inter,Stefan de Vrij,NED,DF,33.0,1992.0,11.0,8.0,670.0,7.4,0.0,0.0,0.0,0.0,0.0,0.0,1.0,0.0,0.0,0.0,0.0,0.0,0.0,7.4,0.0,6.0,2.0,33.3,0.81,0.27,0.0,0.0,0.0,0.0,61.0,19.6,8,82.0,5,3,5.0,27,2.45,19.0,8.0,11.0,1.48,0.07,0.0,5.0,5.0,0.0,0.0,7.0,12.0,,,0.0,,,,,,,,,,,,,,,,False,baja,0,Central posicional,2.5518192851788366
ITA-Serie A,2526,Inter,Yann Aurel Bisseck,GER,DF,24.0,2000.0,23.0,21.0,1922.0,21.4,3.0,1.0,4.0,3.0,0.0,0.0,2.0,0.0,0.14,0.05,0.19,0.14,0.19,21.4,3.0,25.0,12.0,48.0,1.17,0.56,0.12,0.25,0.0,0.0,84.0,56.2,21,89.0,19,2,24.0,12,2.3,50.0,19.0,31.0,1.45,0.07,0.0,21.0,16.0,3.0,12.0,23.0,18.0,,,0.0,,,,,,,,,,,,,,,,True,alta,0,Central posicional,2.2325928940953346
ITA-Serie A,2526,Juventus,Andrea Cambiaso,ITA,"MF,DF",25.0,2000.0,36.0,35.0,2769.0,30.8,3.0,4.0,7.0,3.0,0.0,0.0,3.0,1.0,0.1,0.13,0.23,0.1,0.23,30.8,3.0,26.0,13.0,50.0,0.85,0.42,0.12,0.23,0.0,0.0,77.0,81.0,35,78.0,8,1,45.0,0,1.75,45.0,26.0,19.0,0.62,-0.49,0.0,29.0,21.0,2.0,123.0,20.0,39.0,,,2.0,,,,,,,,,,,,,,,,True,alta,2,Lateral ofensivo,1.4932922296316677
ITA-Serie A,2526,Juventus,Federico Gatti,ITA,DF,27.0,1998.0,21.0,12.0,1093.0,12.1,2.0,0.0,2.0,2.0,0.0,0.0,3.0,0.0,0.16,0.0,0.16,0.16,0.16,12.1,2.0,14.0,6.0,42.9,1.15,0.49,0.14,0.33,0.0,0.0,52.0,32.0,12,80.0,7,9,15.0,10,2.0,12.0,13.0,-1.0,-0.08,-1.17,0.0,17.0,6.0,0.0,2.0,12.0,10.0,,,0.0,,,,,,,,,,,,,,,,True,alta,1,Central de combate,2.125507448641902
ITA-Serie A,2526,Juventus,Gleison Bremer,BRA,DF,28.0,1997.0,26.0,25.0,2171.0,24.1,4.0,3.0,7.0,4.0,0.0,0.0,5.0,0.0,0.17,0.12,0.29,0.17,0.29,24.1,4.0,23.0,9.0,39.1,0.95,0.37,0.17,0.44,0.0,0.0,84.0,63.5,25,86.0,20,1,15.0,1,2.12,45.0,19.0,26.0,1.08,1.01,0.0,21.0,10.0,0.0,1.0,30.0,14.0,,,0.0,,,,,,,,,,,,,,,,True,alta,0,Central posicional,2.49822018793268
ITA-Serie A,2526,Juventus,Lloyd Kelly,ENG,DF,26.0,1998.0,35.0,33.0,2996.0,33.3,1.0,1.0,2.0,1.0,0.0,0.0,4.0,0.0,0.03,0.03,0.06,0.03,0.06,33.3,1.0,17.0,3.0,17.6,0.51,0.09,0.06,0.33,0.0,0.0,86.0,87.6,33,89.0,30,2,30.0,0,1.77,55.0,30.0,25.0,0.75,0.33,0.0,43.0,20.0,4.0,12.0,14.0,33.0,,,0.0,,,,,,,,,,,,,,,,True,alta,0,Central posicional,2.2344525362503638
ITA-Serie A,2526,Juventus,Pierre Kalulu,FRA,"DF,MF",25.0,2000.0,37.0,37.0,3281.0,36.5,2.0,4.0,6.0,2.0,0.0,0.0,4.0,1.0,0.05,0.11,0.16,0.05,0.16,36.5,2.0,13.0,4.0,30.8,0.36,0.11,0.15,0.5,0.0,0.0,89.0,95.9,37,89.0,36,0,,0,1.86,60.0,30.0,30.0,0.82,2.77,1.0,34.0,16.0,0.0,94.0,24.0,35.0,,,0.0,,,,,,,,,,,,,,,,True,alta,2,Lateral ofensivo,2.0887776175097788
ITA-Serie A,2526,Juventus,Teun Koopmeiners,NED,"MF,DF",27.0,1998.0,33.0,18.0,1827.0,20.3,0.0,0.0,0.0,0.0,0.0,0.0,5.0,0.0,0.0,0.0,0.0,0.0,0.0,20.3,0.0,28.0,7.0,25.0,1.38,0.34,0.0,0.0,0.0,0.0,55.0,53.4,18,82.0,11,15,23.0,4,1.7,25.0,22.0,3.0,0.15,-1.21,0.0,33.0,11.0,3.0,47.0,18.0,13.0,,,0.0,,,,,,,,,,,,,,,,True,alta,1,Central de combate,3.105964788693954
ITA-Serie A,2526,Lazio,Adam Marušić,MNE,DF,32.0,1992.0,33.0,32.0,2778.0,30.9,1.0,2.0,3.0,1.0,0.0,0.0,1.0,1.0,0.03,0.06,0.1,0.03,0.1,30.9,1.0,16.0,7.0,43.8,0.52,0.23,0.06,0.14,0.0,0.0,84.0,81.2,32,86.0,25,1,30.0,1,1.45,29.0,30.0,-1.0,-0.03,-0.31,0.0,22.0,18.0,1.0,35.0,33.0,16.0,,,0.0,,,,,,,,,,,,,,,,True,alta,0,Central posicional,1.9566341306974744
ITA-Serie A,2526,Lazio,Alessio Romagnoli,ITA,DF,30.0,1995.0,32.0,31.0,2666.0,29.6,0.0,0.0,0.0,0.0,0.0,0.0,6.0,1.0,0.0,0.0,0.0,0.0,0.0,29.6,0.0,9.0,4.0,44.4,0.3,0.14,0.0,0.0,0.0,0.0,83.0,78.0,31,86.0,27,1,14.0,0,1.41,28.0,30.0,-2.0,-0.07,-0.43,0.0,18.0,15.0,0.0,2.0,32.0,14.0,,,0.0,,,,,,,,,,,,,,,,True,alta,0,Central posicional,1.7113215295098116
ITA-Serie A,2526,Lazio,Luca Pellegrini,ITA,DF,26.0,1999.0,24.0,17.0,1469.0,16.3,1.0,0.0,1.0,1.0,0.0,0.0,8.0,0.0,0.06,0.0,0.06,0.06,0.06,16.3,1.0,7.0,5.0,71.4,0.43,0.31,0.14,0.2,0.0,0.0,61.0,43.0,17,75.0,3,7,27.0,9,1.42,16.0,18.0,-2.0,-0.12,-0.26,0.0,26.0,12.0,0.0,51.0,17.0,15.0,,,0.0,,,,,,,,,,,,,,,,True,alta,1,Central de combate,2.490267770649033
ITA-Serie A,2526,Lazio,Manuel Lazzari,ITA,DF,31.0,1993.0,23.0,9.0,938.0,10.4,0.0,0.0,0.0,0.0,0.0,0.0,2.0,0.0,0.0,0.0,0.0,0.0,0.0,10.4,0.0,4.0,2.0,50.0,0.38,0.19,0.0,0.0,0.0,0.0,41.0,27.4,9,74.0,2,14,20.0,9,1.22,12.0,10.0,2.0,0.19,0.23,0.0,10.0,19.0,0.0,16.0,6.0,9.0,,,0.0,,,,,,,,,,,,,,,,True,alta,2,Lateral ofensivo,2.8329000575554364
ITA-Serie A,2526,Lazio,Mario Gila,ESP,DF,24.0,2000.0,31.0,31.0,2472.0,27.5,0.0,0.0,0.0,0.0,0.0,0.0,4.0,1.0,0.0,0.0,0.0,0.0,0.0,27.5,0.0,12.0,3.0,25.0,0.44,0.11,0.0,0.0,0.0,0.0,80.0,72.3,31,80.0,19,0,,0,1.45,31.0,28.0,3.0,0.11,0.3,0.0,19.0,25.0,0.0,1.0,26.0,34.0,,,0.0,,,,,,,,,,,,,,,,True,alta,0,Central posicional,1.8847465267338512
ITA-Serie A,2526,Lazio,Nuno Tavares,POR,DF,25.0,2000.0,23.0,17.0,1473.0,16.4,0.0,0.0,0.0,0.0,0.0,0.0,5.0,0.0,0.0,0.0,0.0,0.0,0.0,16.4,0.0,16.0,1.0,6.3,0.98,0.06,0.0,0.0,0.0,0.0,64.0,43.1,17,81.0,11,6,15.0,10,1.35,20.0,18.0,2.0,0.12,0.17,0.0,20.0,22.0,6.0,99.0,18.0,21.0,,,0.0,,,,,,,,,,,,,,,,True,alta,2,Lateral ofensivo,2.53744904065956
ITA-Serie A,2526,Lazio,Oliver Nielsen,DEN,DF,22.0,2003.0,26.0,13.0,1536.0,17.1,0.0,0.0,0.0,0.0,0.0,0.0,3.0,0.0,0.0,0.0,0.0,0.0,0.0,17.1,0.0,6.0,2.0,33.3,0.35,0.12,0.0,0.0,0.0,0.0,59.0,44.9,13,89.0,12,13,29.0,12,1.58,22.0,19.0,3.0,0.18,0.27,0.0,14.0,9.0,0.0,2.0,16.0,6.0,,,0.0,,,,,,,,,,,,,,,,True,alta,0,Central posicional,1.8028983306751547
ITA-Serie A,2526,Lazio,Patric,ESP,"MF,DF",32.0,1993.0,14.0,6.0,667.0,7.4,0.0,0.0,0.0,0.0,0.0,0.0,2.0,0.0,0.0,0.0,0.0,0.0,0.0,7.4,0.0,5.0,0.0,0.0,0.67,0.0,0.0,,0.0,0.0,48.0,19.5,6,79.0,4,8,24.0,13,1.93,8.0,8.0,0.0,0.0,-0.03,0.0,4.0,2.0,0.0,0.0,3.0,0.0,,,0.0,,,,,,,,,,,,,,,,False,baja,0,Central posicional,4.018783963002944
ITA-Serie A,2526,Lecce,Antonino Gallo,ITA,DF,25.0,2000.0,37.0,34.0,3056.0,34.0,0.0,4.0,4.0,0.0,0.0,0.0,3.0,0.0,0.0,0.12,0.12,0.0,0.12,34.0,0.0,6.0,1.0,16.7,0.18,0.03,0.0,0.0,0.0,0.0,83.0,89.4,34,87.0,29,3,29.0,0,1.03,25.0,43.0,-18.0,-0.53,0.46,0.0,7.0,13.0,0.0,134.0,15.0,37.0,,,0.0,,,,,,,,,,,,,,,,True,alta,0,Central posicional,3.8538541090464213
ITA-Serie A,2526,Lecce,Corrie Ndaba,IRL,DF,25.0,1999.0,14.0,6.0,543.0,6.0,0.0,0.0,0.0,0.0,0.0,0.0,0.0,0.0,0.0,0.0,0.0,0.0,0.0,6.0,0.0,2.0,0.0,0.0,0.33,0.0,0.0,,0.0,0.0,39.0,15.9,6,70.0,2,8,15.0,24,1.07,4.0,12.0,-8.0,-1.33,-0.89,0.0,2.0,0.0,0.0,4.0,3.0,4.0,,,0.0,,,,,,,,,,,,,,,,False,baja,0,Central posicional,3.3743542499268697
ITA-Serie A,2526,Lecce,Danilo Veiga,POR,DF,22.0,2002.0,36.0,33.0,3020.0,33.6,0.0,1.0,1.0,0.0,0.0,0.0,9.0,0.0,0.0,0.03,0.03,0.0,0.03,33.6,0.0,6.0,2.0,33.3,0.18,0.06,0.0,0.0,0.0,0.0,84.0,88.3,33,88.0,29,3,41.0,1,1.06,25.0,42.0,-17.0,-0.51,0.62,0.0,46.0,47.0,1.0,89.0,32.0,53.0,,,0.0,,,,,,,,,,,,,,,,True,alta,2,Lateral ofensivo,2.6587116639528707
ITA-Serie A,2526,Lecce,Jamil Siebert,GER,DF,23.0,2002.0,21.0,18.0,1701.0,18.9,1.0,0.0,1.0,1.0,0.0,0.0,3.0,0.0,0.05,0.0,0.05,0.05,0.05,18.9,1.0,6.0,2.0,33.3,0.32,0.11,0.17,0.5,0.0,0.0,81.0,49.7,18,89.0,17,3,31.0,17,1.0,11.0,29.0,-18.0,-0.95,-0.74,0.0,22.0,7.0,1.0,5.0,15.0,15.0,,,0.0,,,,,,,,,,,,,,,,True,alta,0,Central posicional,1.538701238529943
ITA-Serie A,2526,Lecce,Kialonda,ANG,DF,27.0,1997.0,23.0,21.0,1830.0,20.3,0.0,0.0,0.0,0.0,0.0,0.0,6.0,1.0,0.0,0.0,0.0,0.0,0.0,20.3,0.0,9.0,1.0,11.1,0.44,0.05,0.0,0.0,0.0,0.0,80.0,53.5,21,86.0,19,2,14.0,1,1.13,17.0,25.0,-8.0,-0.39,0.4,0.0,13.0,22.0,2.0,1.0,19.0,9.0,,,0.0,,,,,,,,,,,,,,,,True,alta,0,Central posicional,2.5627696861444025
ITA-Serie A,2526,Lecce,Tiago Gabriel,POR,DF,20.0,2004.0,37.0,36.0,3219.0,35.8,2.0,0.0,2.0,2.0,0.0,0.0,7.0,0.0,0.06,0.0,0.06,0.06,0.06,35.8,2.0,20.0,4.0,20.0,0.56,0.11,0.1,0.5,0.0,0.0,87.0,94.1,36,89.0,34,1,12.0,0,1.0,28.0,46.0,-18.0,-0.5,1.29,0.0,29.0,40.0,1.0,2.0,46.0,40.0,,,1.0,,,,,,,,,,,,,,,,True,alta,1,Central de combate,1.8021656297985822
ITA-Serie A,2526,Milan,Davide Bartesaghi,ITA,"MF,DF",19.0,2005.0,31.0,27.0,2441.0,27.1,2.0,0.0,2.0,2.0,0.0,0.0,3.0,0.0,0.07,0.0,0.07,0.07,0.07,27.1,2.0,22.0,7.0,31.8,0.81,0.26,0.09,0.29,0.0,0.0,79.0,71.4,27,86.0,20,4,30.0,7,1.77,34.0,27.0,7.0,0.26,-0.75,0.0,18.0,14.0,4.0,139.0,15.0,35.0,,,1.0,,,,,,,,,,,,,,,,True,alta,2,Lateral ofensivo,2.7877333357548584
ITA-Serie A,2526,Milan,Fikayo Tomori,ENG,DF,27.0,1997.0,33.0,31.0,2554.0,28.4,0.0,2.0,2.0,0.0,0.0,0.0,8.0,1.0,0.0,0.07,0.07,0.0,0.07,28.4,0.0,9.0,2.0,22.2,0.32,0.07,0.0,0.0,0.0,0.0,77.0,74.7,31,82.0,20,2,13.0,3,2.03,37.0,21.0,16.0,0.56,0.36,1.0,36.0,7.0,2.0,17.0,28.0,40.0,,,0.0,,,,,,,,,,,,,,,,True,alta,1,Central de combate,2.3169771322268606
ITA-Serie A,2526,Milan,Koni De Winter,BEL,DF,23.0,2002.0,26.0,19.0,1800.0,20.0,1.0,1.0,2.0,1.0,0.0,0.0,1.0,0.0,0.05,0.05,0.1,0.05,0.1,20.0,1.0,7.0,1.0,14.3,0.35,0.05,0.14,1.0,0.0,0.0,69.0,52.6,19,88.0,17,7,18.0,12,1.96,27.0,21.0,6.0,0.3,-0.37,0.0,27.0,8.0,1.0,5.0,13.0,19.0,,,0.0,,,,,,,,,,,,,,,,True,alta,0,Central posicional,2.1736872861291054
ITA-Serie A,2526,Milan,Matteo Gabbia,ITA,DF,25.0,1999.0,30.0,28.0,2530.0,28.1,0.0,0.0,0.0,0.0,0.0,0.0,4.0,0.0,0.0,0.0,0.0,0.0,0.0,28.1,0.0,19.0,3.0,15.8,0.68,0.11,0.0,0.0,0.0,0.0,84.0,74.0,28,88.0,26,2,29.0,2,1.93,42.0,25.0,17.0,0.6,0.5,0.0,25.0,6.0,0.0,1.0,13.0,14.0,,,0.0,,,,,,,,,,,,,,,,True,alta,0,Central posicional,2.301086219912134
ITA-Serie A,2526,Milan,Strahinja Pavlović,SRB,DF,24.0,2001.0,34.0,33.0,2869.0,31.9,5.0,1.0,6.0,5.0,0.0,0.0,4.0,0.0,0.16,0.03,0.19,0.16,0.19,31.9,5.0,26.0,6.0,23.1,0.82,0.19,0.19,0.83,0.0,0.0,84.0,83.9,33,86.0,29,1,29.0,3,1.76,44.0,33.0,11.0,0.35,-0.8,0.0,30.0,27.0,4.0,15.0,20.0,26.0,,,0.0,,,,,,,,,,,,,,,,True,alta,0,Central posicional,1.8717865142479881
ITA-Serie A,2526,Milan,Zachary Athekame,SUI,"MF,DF",20.0,2004.0,27.0,7.0,833.0,9.3,2.0,2.0,4.0,2.0,0.0,0.0,3.0,0.0,0.22,0.22,0.43,0.22,0.43,9.3,2.0,13.0,4.0,30.8,1.4,0.43,0.15,0.5,0.0,0.0,31.0,24.4,7,64.0,1,20,19.0,8,1.7,17.0,11.0,6.0,0.65,0.23,0.0,16.0,12.0,2.0,46.0,4.0,8.0,,,0.0,,,,,,,,,,,,,,,,False,baja,2,Lateral ofensivo,3.1553488160328875
ITA-Serie A,2526,Napoli,Alessandro Buongiorno,ITA,DF,26.0,1999.0,33.0,28.0,2521.0,28.0,0.0,1.0,1.0,0.0,0.0,0.0,3.0,0.0,0.0,0.04,0.04,0.0,0.04,28.0,0.0,8.0,3.0,37.5,0.29,0.11,0.0,0.0,0.0,0.0,76.0,73.7,28,86.0,22,5,21.0,2,2.0,42.0,29.0,13.0,0.46,-0.44,0.0,50.0,26.0,1.0,6.0,40.0,22.0,,,0.0,,,,,,,,,,,,,,,,True,alta,1,Central de combate,2.4318605593146003
ITA-Serie A,2526,Napoli,Amir Rrahmani,KVX,DF,31.0,1994.0,21.0,21.0,1795.0,19.9,2.0,1.0,3.0,2.0,0.0,0.0,2.0,0.0,0.1,0.05,0.15,0.1,0.15,19.9,2.0,15.0,4.0,26.7,0.75,0.2,0.13,0.5,0.0,0.0,85.0,52.5,21,85.0,16,0,,3,2.0,32.0,15.0,17.0,0.85,0.58,0.0,20.0,16.0,2.0,1.0,22.0,12.0,,,0.0,,,,,,,,,,,,,,,,True,alta,0,Central posicional,1.8271297326219345
ITA-Serie A,2526,Napoli,Giovanni Di Lorenzo,ITA,"DF,MF",31.0,1993.0,26.0,26.0,2276.0,25.3,2.0,1.0,3.0,2.0,0.0,0.0,1.0,0.0,0.08,0.04,0.12,0.08,0.12,25.3,2.0,25.0,9.0,36.0,0.99,0.36,0.08,0.22,0.0,0.0,88.0,66.5,26,88.0,24,0,,1,2.0,37.0,23.0,14.0,0.55,-0.08,0.0,33.0,23.0,1.0,38.0,9.0,26.0,,,0.0,,,,,,,,,,,,,,,,True,alta,2,Lateral ofensivo,2.597234996271824
ITA-Serie A,2526,Napoli,Juan Jesus,BRA,DF,34.0,1991.0,24.0,19.0,1675.0,18.6,0.0,0.0,0.0,0.0,0.0,0.0,10.0,1.0,0.0,0.0,0.0,0.0,0.0,18.6,0.0,3.0,0.0,0.0,0.16,0.0,0.0,,0.0,0.0,70.0,49.0,19,83.0,13,5,21.0,10,2.21,27.0,18.0,9.0,0.48,-0.19,1.0,39.0,2.0,0.0,1.0,26.0,22.0,,,0.0,,,,,,,,,,,,,,,,True,alta,1,Central de combate,3.686196970728823
ITA-Serie A,2526,Napoli,Leonardo Spinazzola,ITA,"MF,DF",32.0,1993.0,32.0,22.0,1901.0,21.1,3.0,3.0,6.0,3.0,0.0,0.0,2.0,0.0,0.14,0.14,0.28,0.14,0.28,21.1,3.0,21.0,7.0,33.3,0.99,0.33,0.14,0.43,0.0,0.0,59.0,55.6,22,76.0,8,10,22.0,2,2.0,35.0,20.0,15.0,0.71,0.3,0.0,9.0,10.0,2.0,73.0,4.0,10.0,,,0.0,,,,,,,,,,,,,,,,True,alta,2,Lateral ofensivo,3.958180406481344
ITA-Serie A,2526,Napoli,Mathías Olivera,URU,"DF,MF",27.0,1997.0,25.0,15.0,1370.0,15.2,0.0,0.0,0.0,0.0,0.0,0.0,3.0,0.0,0.0,0.0,0.0,0.0,0.0,15.2,0.0,8.0,3.0,37.5,0.53,0.2,0.0,0.0,0.0,0.0,55.0,40.1,15,74.0,6,10,27.0,10,2.16,23.0,13.0,10.0,0.66,0.13,0.0,17.0,10.0,0.0,6.0,16.0,22.0,,,0.0,,,,,,,,,,,,,,,,True,alta,1,Central de combate,1.3467454442419768
ITA-Serie A,2526,Napoli,Miguel Gutiérrez,ESP,"MF,DF",24.0,2001.0,28.0,15.0,1488.0,16.5,1.0,1.0,2.0,1.0,0.0,0.0,0.0,0.0,0.06,0.06,0.12,0.06,0.12,16.5,1.0,15.0,5.0,33.3,0.91,0.3,0.07,0.2,0.0,0.0,53.0,43.5,15,82.0,9,13,20.0,6,1.89,24.0,18.0,6.0,0.36,-0.38,0.0,19.0,28.0,1.0,48.0,7.0,22.0,,,0.0,,,,,,,,,,,,,,,,True,alta,2,Lateral ofensivo,2.851274593364433
ITA-Serie A,2526,Napoli,Sam Beukema,NED,DF,26.0,1998.0,24.0,18.0,1681.0,18.7,2.0,0.0,2.0,2.0,0.0,0.0,2.0,0.0,0.11,0.0,0.11,0.11,0.11,18.7,2.0,8.0,4.0,50.0,0.43,0.21,0.25,0.5,0.0,0.0,70.0,49.2,18,86.0,15,6,23.0,11,2.04,29.0,19.0,10.0,0.54,-0.09,0.0,19.0,5.0,1.0,6.0,14.0,17.0,,,0.0,,,,,,,,,,,,,,,,True,alta,0,Central posicional,1.4259942317758403
ITA-Serie A,2526,Parma,Abdoulaye Ndiaye,SEN,DF,23.0,2002.0,11.0,9.0,780.0,8.7,0.0,0.0,0.0,0.0,0.0,0.0,5.0,1.0,0.0,0.0,0.0,0.0,0.0,8.7,0.0,6.0,0.0,0.0,0.69,0.0,0.0,,0.0,0.0,71.0,22.8,9,78.0,6,2,40.0,9,1.36,6.0,10.0,-4.0,-0.46,0.02,1.0,13.0,12.0,0.0,0.0,11.0,10.0,,,0.0,,,,,,,,,,,,,,,,False,baja,1,Central de combate,2.4969131239642333
ITA-Serie A,2526,Parma,Alessandro Circati,AUS,DF,21.0,2003.0,31.0,31.0,2664.0,29.6,1.0,0.0,1.0,1.0,0.0,0.0,6.0,0.0,0.03,0.0,0.03,0.03,0.03,29.6,1.0,8.0,1.0,12.5,0.27,0.03,0.13,1.0,0.0,0.0,86.0,77.9,31,86.0,28,0,,1,1.1,21.0,34.0,-13.0,-0.44,0.16,0.0,30.0,18.0,0.0,5.0,27.0,25.0,,,0.0,,,,,,,,,,,,,,,,True,alta,0,Central posicional,1.5262844444738086
ITA-Serie A,2526,Parma,Emanuele Valeri,ITA,"MF,DF",26.0,1998.0,34.0,29.0,2643.0,29.4,0.0,2.0,2.0,0.0,0.0,0.0,2.0,0.0,0.0,0.07,0.07,0.0,0.07,29.4,0.0,23.0,5.0,21.7,0.78,0.17,0.0,0.0,0.0,0.0,78.0,77.3,29,86.0,23,5,29.0,0,1.26,21.0,32.0,-11.0,-0.37,0.44,0.0,23.0,26.0,3.0,234.0,20.0,32.0,,,0.0,,,,,,,,,,,,,,,,True,alta,2,Lateral ofensivo,1.8352158745238396
ITA-Serie A,2526,Parma,Enrico Delprato,ITA,"DF,MF",25.0,1999.0,35.0,34.0,2951.0,32.8,2.0,0.0,2.0,2.0,0.0,0.0,5.0,0.0,0.06,0.0,0.06,0.06,0.06,32.8,2.0,18.0,9.0,50.0,0.55,0.27,0.11,0.22,0.0,0.0,84.0,86.3,34,86.0,29,1,21.0,2,1.11,23.0,40.0,-17.0,-0.52,-0.33,0.0,16.0,10.0,6.0,19.0,24.0,21.0,,,0.0,,,,,,,,,,,,,,,,True,alta,0,Central posicional,1.5811555399578423
ITA-Serie A,2526,Parma,Lautaro Valenti,ARG,DF,26.0,1999.0,27.0,25.0,2252.0,25.0,0.0,0.0,0.0,0.0,0.0,0.0,7.0,0.0,0.0,0.0,0.0,0.0,0.0,25.0,0.0,17.0,4.0,23.5,0.68,0.16,0.0,0.0,0.0,0.0,83.0,65.8,25,87.0,23,2,39.0,4,1.15,19.0,31.0,-12.0,-0.48,-0.02,0.0,25.0,17.0,0.0,20.0,26.0,30.0,,,0.0,,,,,,,,,,,,,,,,True,alta,1,Central de combate,1.2736662742610136
ITA-Serie A,2526,Parma,Mariano Troilo,ARG,DF,22.0,2003.0,21.0,18.0,1625.0,18.1,1.0,0.0,1.0,1.0,0.0,0.0,8.0,2.0,0.06,0.0,0.06,0.06,0.06,18.1,1.0,9.0,2.0,22.2,0.5,0.11,0.11,0.5,0.0,0.0,77.0,47.5,18,85.0,14,3,31.0,12,1.09,14.0,26.0,-12.0,-0.66,-0.36,1.0,27.0,20.0,1.0,1.0,16.0,18.0,,,0.0,,,,,,,,,,,,,,,,True,alta,1,Central de combate,1.989828965316649
ITA-Serie A,2526,Parma,Sascha Britschgi,SUI,"MF,DF",18.0,2006.0,29.0,22.0,2095.0,23.3,0.0,2.0,2.0,0.0,0.0,0.0,7.0,1.0,0.0,0.09,0.09,0.0,0.09,23.3,0.0,13.0,3.0,23.1,0.56,0.13,0.0,0.0,0.0,0.0,72.0,61.3,22,86.0,16,7,30.0,6,1.31,18.0,27.0,-9.0,-0.39,0.22,1.0,18.0,23.0,0.0,48.0,8.0,18.0,,,0.0,,,,,,,,,,,,,,,,True,alta,2,Lateral ofensivo,2.411741686279602
ITA-Serie A,2526,Pisa,Antonio Caracciolo,ITA,DF,35.0,1990.0,35.0,34.0,3073.0,34.1,2.0,0.0,2.0,2.0,0.0,0.0,10.0,0.0,0.06,0.0,0.06,0.06,0.06,34.1,2.0,25.0,6.0,24.0,0.73,0.18,0.08,0.33,0.0,0.0,88.0,89.9,34,90.0,31,1,29.0,1,0.49,21.0,60.0,-39.0,-1.14,0.41,0.0,41.0,11.0,2.0,3.0,57.0,44.0,,,1.0,,,,,,,,,,,,,,,,True,alta,1,Central de combate,1.9721615324823867
ITA-Serie A,2526,Pisa,Arturo Calabresi,ITA,DF,29.0,1996.0,26.0,17.0,1514.0,16.8,0.0,0.0,0.0,0.0,0.0,0.0,8.0,0.0,0.0,0.0,0.0,0.0,0.0,16.8,0.0,4.0,1.0,25.0,0.24,0.06,0.0,0.0,0.0,0.0,58.0,44.3,17,74.0,3,9,28.0,11,0.62,15.0,30.0,-15.0,-0.89,0.52,0.0,33.0,25.0,1.0,17.0,19.0,13.0,,,0.0,,,,,,,,,,,,,,,,True,alta,1,Central de combate,2.902369326624671
ITA-Serie A,2526,Pisa,Francesco Coppola,ITA,DF,20.0,2005.0,7.0,5.0,458.0,5.1,0.0,0.0,0.0,0.0,0.0,0.0,3.0,0.0,0.0,0.0,0.0,0.0,0.0,5.1,0.0,2.0,0.0,0.0,0.39,0.0,0.0,,0.0,0.0,65.0,13.4,5,90.0,5,2,4.0,19,0.29,3.0,15.0,-12.0,-2.36,-1.36,0.0,7.0,8.0,0.0,2.0,5.0,5.0,,,0.0,,,,,,,,,,,,,,,,False,baja,1,Central de combate,2.589445449781772
ITA-Serie A,2526,Pisa,Giovanni Bonfanti,ITA,"DF,MF",22.0,2003.0,9.0,6.0,494.0,5.5,0.0,0.0,0.0,0.0,0.0,0.0,1.0,0.0,0.0,0.0,0.0,0.0,0.0,5.5,0.0,6.0,1.0,16.7,1.09,0.18,0.0,0.0,0.0,0.0,55.0,14.4,6,66.0,1,3,32.0,9,0.56,3.0,11.0,-8.0,-1.46,-0.32,0.0,10.0,3.0,0.0,12.0,7.0,6.0,,,0.0,,,,,,,,,,,,,,,,False,baja,1,Central de combate,2.5515274998878623
ITA-Serie A,2526,Pisa,Raúl Albiol,ESP,DF,39.0,1985.0,8.0,5.0,500.0,5.6,0.0,1.0,1.0,0.0,0.0,0.0,1.0,0.0,0.0,0.18,0.18,0.0,0.18,5.6,0.0,1.0,0.0,0.0,0.18,0.0,0.0,,0.0,0.0,63.0,14.6,5,73.0,2,3,45.0,20,0.88,4.0,11.0,-7.0,-1.26,-0.09,0.0,6.0,2.0,0.0,1.0,7.0,4.0,,,0.0,,,,,,,,,,,,,,,,False,baja,0,Central posicional,2.6528066721794556
ITA-Serie A,2526,Pisa,Rosen Bozhinov,BUL,DF,20.0,2005.0,9.0,8.0,610.0,6.8,0.0,0.0,0.0,0.0,0.0,0.0,3.0,1.0,0.0,0.0,0.0,0.0,0.0,6.8,0.0,3.0,1.0,33.3,0.44,0.15,0.0,0.0,0.0,0.0,68.0,17.8,8,76.0,4,1,1.0,8,0.22,4.0,10.0,-6.0,-0.89,0.36,1.0,12.0,1.0,2.0,3.0,12.0,5.0,,,0.0,,,,,,,,,,,,,,,,False,baja,1,Central de combate,3.038977642089329
ITA-Serie A,2526,Pisa,Simone Canestrelli,ITA,DF,24.0,2000.0,37.0,36.0,3201.0,35.6,1.0,0.0,1.0,1.0,0.0,0.0,4.0,0.0,0.03,0.0,0.03,0.03,0.03,35.6,1.0,16.0,3.0,18.8,0.45,0.08,0.06,0.33,0.0,0.0,87.0,93.6,36,88.0,34,1,21.0,1,0.49,25.0,65.0,-40.0,-1.12,0.93,0.0,42.0,22.0,1.0,12.0,33.0,25.0,,,0.0,,,,,,,,,,,,,,,,True,alta,0,Central posicional,1.4404363292273796
ITA-Serie A,2526,Roma,Daniele Ghilardi,ITA,DF,22.0,2003.0,23.0,9.0,1097.0,12.2,0.0,0.0,0.0,0.0,0.0,0.0,1.0,0.0,0.0,0.0,0.0,0.0,0.0,12.2,0.0,3.0,0.0,0.0,0.25,0.0,0.0,,0.0,0.0,48.0,32.1,9,80.0,7,14,27.0,15,2.0,19.0,15.0,4.0,0.33,-0.6,0.0,23.0,17.0,0.0,3.0,22.0,15.0,,,0.0,,,,,,,,,,,,,,,,True,alta,1,Central de combate,3.1188684190724643
ITA-Serie A,2526,Roma,Gianluca Mancini,ITA,DF,29.0,1996.0,36.0,36.0,3059.0,34.0,4.0,2.0,6.0,4.0,0.0,0.0,9.0,0.0,0.12,0.06,0.18,0.12,0.18,34.0,4.0,20.0,8.0,40.0,0.59,0.24,0.2,0.5,0.0,0.0,85.0,89.4,36,85.0,27,0,,0,1.86,52.0,26.0,26.0,0.76,0.27,0.0,71.0,42.0,5.0,29.0,47.0,28.0,,,0.0,,,,,,,,,,,,,,,,True,alta,1,Central de combate,2.378417493343994
ITA-Serie A,2526,Roma,Jan Ziółkowski,POL,DF,20.0,2005.0,18.0,5.0,517.0,5.7,0.0,0.0,0.0,0.0,0.0,0.0,3.0,0.0,0.0,0.0,0.0,0.0,0.0,5.7,0.0,2.0,0.0,0.0,0.35,0.0,0.0,,0.0,0.0,29.0,15.1,5,72.0,3,13,12.0,18,2.0,10.0,5.0,5.0,0.87,0.16,0.0,12.0,8.0,0.0,0.0,7.0,14.0,,,0.0,,,,,,,,,,,,,,,,False,baja,1,Central de combate,3.8783064694168203
ITA-Serie A,2526,Roma,Mario Hermoso,ESP,DF,30.0,1995.0,27.0,25.0,2085.0,23.2,3.0,2.0,5.0,3.0,0.0,0.0,9.0,0.0,0.13,0.09,0.22,0.13,0.22,23.2,3.0,20.0,6.0,30.0,0.86,0.26,0.15,0.5,0.0,0.0,77.0,61.0,25,80.0,14,2,39.0,2,1.93,32.0,17.0,15.0,0.65,-0.23,0.0,40.0,19.0,0.0,10.0,30.0,20.0,,,0.0,,,,,,,,,,,,,,,,True,alta,1,Central de combate,2.2156531394291994
ITA-Serie A,2526,Roma,Obite N'Dicka,CIV,DF,25.0,1999.0,31.0,31.0,2680.0,29.8,3.0,0.0,3.0,3.0,0.0,0.0,5.0,0.0,0.1,0.0,0.1,0.1,0.1,29.8,3.0,23.0,6.0,26.1,0.77,0.2,0.13,0.5,0.0,0.0,86.0,78.4,31,86.0,28,0,,0,1.97,45.0,25.0,20.0,0.67,-0.3,0.0,32.0,35.0,0.0,2.0,45.0,16.0,,,0.0,,,,,,,,,,,,,,,,True,alta,1,Central de combate,2.4872204487092278
ITA-Serie A,2526,Roma,Zeki Çelik,TUR,"MF,DF",28.0,1997.0,34.0,32.0,2723.0,30.3,1.0,2.0,3.0,1.0,0.0,0.0,2.0,1.0,0.03,0.07,0.1,0.03,0.1,30.3,1.0,22.0,4.0,18.2,0.73,0.13,0.05,0.25,0.0,0.0,80.0,79.6,32,84.0,21,2,11.0,1,1.79,50.0,27.0,23.0,0.76,0.11,0.0,35.0,18.0,3.0,75.0,24.0,40.0,,,0.0,,,,,,,,,,,,,,,,True,alta,2,Lateral ofensivo,1.5517767583385391
ITA-Serie A,2526,Sassuolo,Fali Candé,GNB,DF,27.0,1998.0,12.0,5.0,509.0,5.7,0.0,0.0,0.0,0.0,0.0,0.0,2.0,0.0,0.0,0.0,0.0,0.0,0.0,5.7,0.0,3.0,0.0,0.0,0.53,0.0,0.0,,0.0,0.0,42.0,14.9,5,72.0,1,7,22.0,6,0.92,9.0,6.0,3.0,0.53,0.75,0.0,9.0,6.0,0.0,4.0,2.0,9.0,,,0.0,,,,,,,,,,,,,,,,False,baja,1,Central de combate,3.0372151613422287
ITA-Serie A,2526,Sassuolo,Jay Idzes,IDN,DF,25.0,2000.0,35.0,35.0,3061.0,34.0,0.0,0.0,0.0,0.0,0.0,0.0,2.0,0.0,0.0,0.0,0.0,0.0,0.0,34.0,0.0,5.0,0.0,0.0,0.15,0.0,0.0,,0.0,0.0,87.0,89.5,35,87.0,32,0,,1,1.4,42.0,42.0,0.0,0.0,1.0,0.0,33.0,14.0,1.0,1.0,38.0,15.0,,,0.0,,,,,,,,,,,,,,,,True,alta,0,Central posicional,2.239361651268615
ITA-Serie A,2526,Sassuolo,Josh Doig,SCO,DF,23.0,2002.0,30.0,22.0,1917.0,21.3,0.0,0.0,0.0,0.0,0.0,0.0,5.0,0.0,0.0,0.0,0.0,0.0,0.0,21.3,0.0,11.0,4.0,36.4,0.52,0.19,0.0,0.0,0.0,0.0,64.0,56.1,22,81.0,11,8,17.0,7,1.1,20.0,31.0,-11.0,-0.52,-0.94,0.0,16.0,19.0,0.0,39.0,22.0,20.0,,,0.0,,,,,,,,,,,,,,,,True,alta,1,Central de combate,2.0928961010938862
ITA-Serie A,2526,Sassuolo,Sebastian Walukiewicz,POL,DF,25.0,2000.0,34.0,33.0,2852.0,31.7,0.0,1.0,1.0,0.0,0.0,0.0,7.0,0.0,0.0,0.03,0.03,0.0,0.03,31.7,0.0,7.0,0.0,0.0,0.22,0.0,0.0,,0.0,0.0,84.0,83.4,33,86.0,27,1,22.0,0,1.35,37.0,40.0,-3.0,-0.09,0.06,0.0,35.0,13.0,1.0,45.0,23.0,34.0,,,0.0,,,,,,,,,,,,,,,,True,alta,0,Central posicional,2.2802930329568567
ITA-Serie A,2526,Sassuolo,Tarik Muharemovic,BIH,DF,22.0,2003.0,32.0,32.0,2835.0,31.5,2.0,2.0,4.0,2.0,0.0,0.0,7.0,0.0,0.06,0.06,0.13,0.06,0.13,31.5,2.0,20.0,7.0,35.0,0.63,0.22,0.1,0.29,0.0,0.0,89.0,82.9,32,89.0,31,0,,3,1.22,37.0,46.0,-9.0,-0.29,-1.05,0.0,24.0,20.0,0.0,2.0,45.0,24.0,,,2.0,,,,,,,,,,,,,,,,True,alta,0,Central posicional,1.9020312358980451
ITA-Serie A,2526,Sassuolo,Ulisses Garcia,SUI,DF,29.0,1996.0,13.0,10.0,943.0,10.5,1.0,2.0,3.0,1.0,0.0,0.0,3.0,0.0,0.1,0.19,0.29,0.1,0.29,10.5,1.0,2.0,1.0,50.0,0.19,0.1,0.5,1.0,0.0,0.0,73.0,27.6,10,86.0,8,3,27.0,1,1.31,15.0,10.0,5.0,0.48,0.8,0.0,11.0,2.0,1.0,34.0,8.0,10.0,,,0.0,,,,,,,,,,,,,,,,True,alta,2,Lateral ofensivo,3.2565715377103133
ITA-Serie A,2526,Sassuolo,Woyo Coulibaly,MLI,DF,26.0,1999.0,20.0,9.0,1054.0,11.7,0.0,0.0,0.0,0.0,0.0,0.0,2.0,0.0,0.0,0.0,0.0,0.0,0.0,11.7,0.0,6.0,1.0,16.7,0.51,0.09,0.0,0.0,0.0,0.0,53.0,30.8,9,81.0,6,11,29.0,10,1.55,18.0,16.0,2.0,0.17,0.4,0.0,15.0,12.0,0.0,10.0,10.0,14.0,,,0.0,,,,,,,,,,,,,,,,True,alta,1,Central de combate,1.7261345170501337
ITA-Serie A,2526,Torino,Adrien Tameze,CMR,DF,31.0,1994.0,24.0,12.0,1120.0,12.4,0.0,0.0,0.0,0.0,0.0,0.0,3.0,0.0,0.0,0.0,0.0,0.0,0.0,12.4,0.0,5.0,0.0,0.0,0.4,0.0,0.0,,0.0,0.0,47.0,32.7,12,77.0,5,12,17.0,13,1.13,13.0,26.0,-13.0,-1.04,-0.81,0.0,16.0,7.0,0.0,14.0,19.0,12.0,,,0.0,,,,,,,,,,,,,,,,True,alta,1,Central de combate,1.3586610521810722
ITA-Serie A,2526,Torino,Ardian Ismajli,ALB,DF,28.0,1996.0,25.0,21.0,1906.0,21.2,0.0,1.0,1.0,0.0,0.0,0.0,5.0,0.0,0.0,0.05,0.05,0.0,0.05,21.2,0.0,6.0,4.0,66.7,0.28,0.19,0.0,0.0,0.0,0.0,76.0,55.7,21,85.0,17,4,29.0,0,1.4,28.0,28.0,0.0,0.0,1.13,0.0,21.0,18.0,1.0,8.0,36.0,14.0,,,0.0,,,,,,,,,,,,,,,,True,alta,1,Central de combate,2.16081020658734
ITA-Serie A,2526,Torino,Cristiano Biraghi,ITA,"MF,DF",32.0,1992.0,14.0,5.0,517.0,5.7,0.0,0.0,0.0,0.0,0.0,0.0,0.0,0.0,0.0,0.0,0.0,0.0,0.0,5.7,0.0,2.0,0.0,0.0,0.35,0.0,0.0,,0.0,0.0,37.0,15.1,5,81.0,3,9,13.0,19,1.5,1.0,11.0,-10.0,-1.74,-1.46,0.0,9.0,6.0,0.0,45.0,3.0,7.0,,,0.0,,,,,,,,,,,,,,,,False,baja,2,Lateral ofensivo,3.504076809117626
ITA-Serie A,2526,Torino,Enzo Ebosse,CMR,DF,26.0,1999.0,13.0,13.0,1115.0,12.4,0.0,1.0,1.0,0.0,0.0,0.0,3.0,0.0,0.0,0.08,0.08,0.0,0.08,12.4,0.0,0.0,0.0,,0.0,0.0,,,0.0,0.0,86.0,32.6,13,86.0,9,0,,2,1.38,18.0,18.0,0.0,0.0,0.74,0.0,16.0,9.0,0.0,7.0,10.0,6.0,,,0.0,,,,,,,,,,,,,,,,True,alta,0,Central posicional,3.355898814952379
ITA-Serie A,2526,Torino,Guillermo Maripán,CHI,DF,31.0,1994.0,27.0,24.0,2145.0,23.8,2.0,0.0,2.0,2.0,0.0,0.0,4.0,0.0,0.08,0.0,0.08,0.08,0.08,23.8,2.0,18.0,8.0,44.4,0.76,0.34,0.11,0.25,0.0,0.0,79.0,62.7,24,84.0,20,3,41.0,10,1.15,25.0,37.0,-12.0,-0.5,-0.01,0.0,27.0,7.0,2.0,3.0,27.0,28.0,,,0.0,,,,,,,,,,,,,,,,True,alta,1,Central de combate,2.022854952848586
ITA-Serie A,2526,Torino,Luca Marianucci,ITA,DF,21.0,2004.0,10.0,6.0,575.0,6.4,0.0,0.0,0.0,0.0,0.0,0.0,2.0,0.0,0.0,0.0,0.0,0.0,0.0,6.4,0.0,1.0,0.0,0.0,0.16,0.0,0.0,,0.0,0.0,58.0,16.8,6,82.0,4,4,22.0,5,1.5,9.0,10.0,-1.0,-0.16,0.41,0.0,9.0,3.0,0.0,7.0,8.0,5.0,,,0.0,,,,,,,,,,,,,,,,False,baja,1,Central de combate,2.1325626512878397
ITA-Serie A,2526,Torino,Marcus Pedersen,NOR,"MF,DF",25.0,2000.0,29.0,23.0,2134.0,23.7,1.0,2.0,3.0,1.0,0.0,0.0,3.0,0.0,0.04,0.08,0.13,0.04,0.13,23.7,1.0,15.0,3.0,20.0,0.63,0.13,0.07,0.33,0.0,0.0,74.0,62.4,23,85.0,15,6,32.0,4,1.21,31.0,35.0,-4.0,-0.17,0.88,0.0,31.0,6.0,3.0,110.0,10.0,14.0,,,0.0,,,,,,,,,,,,,,,,True,alta,2,Lateral ofensivo,3.1186246450116495
ITA-Serie A,2526,Torino,Saúl Coco,EQG,DF,26.0,1999.0,35.0,35.0,3088.0,34.3,1.0,1.0,2.0,1.0,0.0,0.0,3.0,0.0,0.03,0.03,0.06,0.03,0.06,34.3,1.0,15.0,4.0,26.7,0.44,0.12,0.07,0.25,0.0,0.0,88.0,90.3,35,88.0,33,0,,1,1.2,39.0,55.0,-16.0,-0.47,0.35,0.0,46.0,34.0,0.0,5.0,41.0,34.0,,,0.0,,,,,,,,,,,,,,,,True,alta,1,Central de combate,2.0107959107942532
ITA-Serie A,2526,Udinese,Christian Kabasele,BEL,DF,34.0,1991.0,30.0,28.0,2247.0,25.0,3.0,0.0,3.0,3.0,0.0,0.0,5.0,1.0,0.12,0.0,0.12,0.12,0.12,25.0,3.0,9.0,6.0,66.7,0.36,0.24,0.33,0.5,0.0,0.0,75.0,65.7,28,80.0,16,2,9.0,7,1.23,28.0,29.0,-1.0,-0.04,0.11,0.0,33.0,25.0,1.0,0.0,33.0,13.0,,,0.0,,,,,,,,,,,,,,,,True,alta,1,Central de combate,2.23207488754189
ITA-Serie A,2526,Udinese,Hassane Kamara,CIV,"MF,DF",31.0,1994.0,26.0,22.0,1861.0,20.7,0.0,2.0,2.0,0.0,0.0,0.0,5.0,0.0,0.0,0.1,0.1,0.0,0.1,20.7,0.0,16.0,5.0,31.3,0.77,0.24,0.0,0.0,0.0,0.0,72.0,54.4,22,80.0,10,4,25.0,3,1.35,26.0,26.0,0.0,0.0,0.17,0.0,16.0,11.0,0.0,81.0,25.0,20.0,,,0.0,,,,,,,,,,,,,,,,True,alta,2,Lateral ofensivo,1.772251661810576
ITA-Serie A,2526,Udinese,Jordan Zemura,ZIM,"MF,DF",25.0,1999.0,17.0,13.0,1127.0,12.5,0.0,1.0,1.0,0.0,0.0,0.0,3.0,0.0,0.0,0.08,0.08,0.0,0.08,12.5,0.0,5.0,1.0,20.0,0.4,0.08,0.0,0.0,0.0,0.0,66.0,33.0,13,81.0,8,4,19.0,8,1.12,14.0,16.0,-2.0,-0.16,-0.12,0.0,26.0,11.0,2.0,35.0,6.0,17.0,,,0.0,,,,,,,,,,,,,,,,True,alta,2,Lateral ofensivo,2.733352094674002
ITA-Serie A,2526,Udinese,Kingsley Ehizibue,NED,"MF,DF",30.0,1995.0,32.0,20.0,1811.0,20.1,2.0,0.0,2.0,2.0,0.0,0.0,5.0,0.0,0.1,0.0,0.1,0.1,0.1,20.1,2.0,9.0,2.0,22.2,0.45,0.1,0.22,1.0,0.0,0.0,57.0,53.0,20,82.0,10,12,14.0,5,1.5,25.0,23.0,2.0,0.1,0.38,0.0,34.0,24.0,2.0,32.0,13.0,31.0,,,0.0,,,,,,,,,,,,,,,,True,alta,1,Central de combate,2.6512630805755952
ITA-Serie A,2526,Udinese,Nicolò Bertola,ITA,"DF,MF",22.0,2003.0,28.0,18.0,1763.0,19.6,0.0,1.0,1.0,0.0,0.0,0.0,3.0,0.0,0.0,0.05,0.05,0.0,0.05,19.6,0.0,13.0,4.0,30.8,0.66,0.2,0.0,0.0,0.0,0.0,63.0,51.5,18,82.0,11,10,28.0,5,1.46,24.0,25.0,-1.0,-0.05,0.06,0.0,19.0,12.0,1.0,8.0,24.0,21.0,,,0.0,,,,,,,,,,,,,,,,True,alta,0,Central posicional,1.5742259089728399
ITA-Serie A,2526,Udinese,Oumar Solet,FRA,DF,25.0,2000.0,35.0,34.0,2959.0,32.9,3.0,1.0,4.0,2.0,1.0,1.0,1.0,0.0,0.09,0.03,0.12,0.06,0.09,32.9,3.0,33.0,6.0,18.2,1.0,0.18,0.09,0.5,1.0,1.0,85.0,86.5,34,87.0,31,1,16.0,1,1.31,39.0,42.0,-3.0,-0.09,-0.09,0.0,30.0,29.0,2.0,20.0,47.0,57.0,,,1.0,,,,,,,,,,,,,,,,True,alta,2,Lateral ofensivo,2.990324348688995
ITA-Serie A,2526,Udinese,Thomas Kristensen,DEN,DF,23.0,2002.0,28.0,28.0,2472.0,27.5,3.0,0.0,3.0,3.0,0.0,0.0,4.0,0.0,0.11,0.0,0.11,0.11,0.11,27.5,3.0,11.0,6.0,54.5,0.4,0.22,0.27,0.5,0.0,0.0,88.0,72.3,28,88.0,25,0,,2,1.36,33.0,31.0,2.0,0.07,0.55,0.0,24.0,9.0,3.0,4.0,27.0,15.0,,,0.0,,,,,,,,,,,,,,,,True,alta,0,Central posicional,1.2433539441462382
GER-Bundesliga,2526,Augsburg,Arthur Chaves,BRA,DF,24.0,2001.0,11.0,9.0,829.0,9.2,2.0,0.0,2.0,2.0,0.0,0.0,1.0,0.0,0.22,0.0,0.22,0.22,0.22,9.2,2.0,4.0,2.0,50.0,0.43,0.22,0.5,1.0,0.0,0.0,75.0,27.1,9,84.0,7,2,35.0,3,1.36,13.0,15.0,-2.0,-0.22,0.35,0.0,8.0,8.0,0.0,1.0,8.0,13.0,,,1.0,,,,,,,,,,,,,,,,False,baja,0,Central posicional,2.1084573797570254
GER-Bundesliga,2526,Augsburg,Cedric Zesiger,SUI,DF,27.0,1998.0,27.0,20.0,1816.0,20.2,0.0,0.0,0.0,0.0,0.0,0.0,7.0,0.0,0.0,0.0,0.0,0.0,0.0,20.2,0.0,12.0,3.0,25.0,0.59,0.15,0.0,0.0,0.0,0.0,67.0,59.3,20,85.0,17,7,16.0,4,1.38,26.0,40.0,-14.0,-0.69,-0.55,0.0,18.0,16.0,0.0,34.0,17.0,24.0,,,1.0,,,,,,,,,,,,,,,,True,alta,1,Central de combate,2.0399418235630566
GER-Bundesliga,2526,Augsburg,Chrislain Matsima,FRA,DF,23.0,2002.0,18.0,17.0,1489.0,16.5,1.0,1.0,2.0,1.0,0.0,0.0,5.0,0.0,0.06,0.06,0.12,0.06,0.12,16.5,1.0,7.0,1.0,14.3,0.42,0.06,0.14,1.0,0.0,0.0,83.0,48.7,17,87.0,15,1,5.0,0,1.11,23.0,33.0,-10.0,-0.6,-0.26,0.0,10.0,4.0,0.0,4.0,30.0,11.0,,,0.0,,,,,,,,,,,,,,,,True,alta,0,Central posicional,2.911403023307312
GER-Bundesliga,2526,Augsburg,Jeffrey Gouweleeuw,NED,DF,34.0,1991.0,11.0,10.0,848.0,9.4,0.0,1.0,1.0,0.0,0.0,0.0,3.0,0.0,0.0,0.11,0.11,0.0,0.11,9.4,0.0,5.0,3.0,60.0,0.53,0.32,0.0,0.0,0.0,0.0,77.0,27.7,10,82.0,6,1,29.0,1,1.27,16.0,20.0,-4.0,-0.42,0.06,0.0,7.0,3.0,1.0,5.0,13.0,10.0,,,0.0,,,,,,,,,,,,,,,,False,baja,1,Central de combate,2.528921995393269
GER-Bundesliga,2526,Augsburg,Keven Schlotterbeck,GER,DF,28.0,1997.0,24.0,22.0,2031.0,22.6,0.0,1.0,1.0,0.0,0.0,1.0,7.0,1.0,0.0,0.04,0.04,0.0,0.04,22.6,0.0,12.0,3.0,25.0,0.53,0.13,0.0,0.0,0.0,1.0,85.0,66.4,22,90.0,21,2,31.0,7,1.29,29.0,36.0,-7.0,-0.31,0.48,1.0,25.0,20.0,1.0,6.0,33.0,25.0,,,0.0,,,,,,,,,,,,,,,,True,alta,1,Central de combate,0.9650580782651571
GER-Bundesliga,2526,Augsburg,Kristijan Jakić,CRO,"MF,DF",28.0,1997.0,26.0,18.0,1653.0,18.4,2.0,1.0,3.0,2.0,0.0,0.0,5.0,0.0,0.11,0.05,0.16,0.11,0.16,18.4,2.0,18.0,6.0,33.3,0.98,0.33,0.11,0.33,0.0,0.0,64.0,54.0,18,77.0,10,8,34.0,2,1.15,24.0,27.0,-3.0,-0.16,0.67,0.0,17.0,17.0,2.0,4.0,17.0,25.0,,,0.0,,,,,,,,,,,,,,,,True,alta,1,Central de combate,2.0802142214660013
GER-Bundesliga,2526,Augsburg,Noahkai Banks,USA,DF,18.0,2006.0,23.0,20.0,1725.0,19.2,1.0,1.0,2.0,1.0,0.0,0.0,8.0,0.0,0.05,0.05,0.1,0.05,0.1,19.2,1.0,9.0,5.0,55.6,0.47,0.26,0.11,0.2,0.0,0.0,75.0,56.4,20,83.0,14,3,21.0,9,1.09,22.0,31.0,-9.0,-0.47,0.0,0.0,29.0,18.0,3.0,4.0,18.0,29.0,,,0.0,,,,,,,,,,,,,,,,True,alta,1,Central de combate,1.9555550599066227
GER-Bundesliga,2526,Bayern Munich,Alphonso Davies,CAN,DF,24.0,2000.0,13.0,6.0,525.0,5.8,1.0,3.0,4.0,1.0,0.0,0.0,1.0,0.0,0.17,0.51,0.69,0.17,0.69,5.8,1.0,4.0,1.0,25.0,0.69,0.17,0.25,1.0,0.0,0.0,40.0,17.2,6,66.0,1,7,19.0,0,2.31,26.0,8.0,18.0,3.09,0.67,0.0,2.0,5.0,0.0,6.0,3.0,6.0,,,0.0,,,,,,,,,,,,,,,,False,baja,2,Lateral ofensivo,2.9780961951589213
GER-Bundesliga,2526,Bayern Munich,Dayot Upamecano,FRA,DF,26.0,1998.0,24.0,21.0,1794.0,19.9,1.0,1.0,2.0,1.0,0.0,0.0,4.0,0.0,0.05,0.05,0.1,0.05,0.1,19.9,1.0,8.0,2.0,25.0,0.4,0.1,0.13,0.5,0.0,0.0,75.0,58.6,21,81.0,13,3,30.0,7,2.75,77.0,19.0,58.0,2.91,0.92,0.0,15.0,5.0,0.0,7.0,21.0,26.0,,,0.0,,,,,,,,,,,,,,,,True,alta,0,Central posicional,1.8261885735520893
GER-Bundesliga,2526,Bayern Munich,Hiroki Ito,JPN,DF,26.0,1999.0,16.0,10.0,920.0,10.2,1.0,2.0,3.0,1.0,0.0,0.0,0.0,0.0,0.1,0.2,0.29,0.1,0.29,10.2,1.0,10.0,3.0,30.0,0.98,0.29,0.1,0.33,0.0,0.0,58.0,30.1,10,80.0,3,6,20.0,5,2.56,32.0,14.0,18.0,1.76,-1.1,0.0,10.0,3.0,0.0,7.0,13.0,3.0,,,0.0,,,,,,,,,,,,,,,,True,alta,0,Central posicional,3.662107070762726
GER-Bundesliga,2526,Bayern Munich,Jonathan Tah,GER,DF,29.0,1996.0,28.0,23.0,2018.0,22.4,2.0,1.0,3.0,2.0,0.0,0.0,7.0,0.0,0.09,0.04,0.13,0.09,0.13,22.4,2.0,8.0,5.0,62.5,0.36,0.22,0.25,0.4,0.0,0.0,72.0,65.9,23,85.0,18,5,14.0,5,2.61,79.0,23.0,56.0,2.5,-0.09,0.0,26.0,6.0,0.0,1.0,25.0,18.0,,,0.0,,,,,,,,,,,,,,,,True,alta,1,Central de combate,2.0891530301213113
GER-Bundesliga,2526,Bayern Munich,Josip Stanišić,CRO,DF,25.0,2000.0,26.0,19.0,1857.0,20.6,2.0,3.0,5.0,2.0,0.0,0.0,1.0,0.0,0.1,0.15,0.24,0.1,0.24,20.6,2.0,7.0,4.0,57.1,0.34,0.19,0.29,0.5,0.0,0.0,71.0,60.7,19,86.0,15,7,32.0,1,2.62,78.0,23.0,55.0,2.67,0.35,0.0,8.0,11.0,4.0,36.0,18.0,21.0,,,0.0,,,,,,,,,,,,,,,,True,alta,0,Central posicional,2.8473189691919107
GER-Bundesliga,2526,Bayern Munich,Kim Min-jae,KOR,DF,28.0,1996.0,25.0,19.0,1602.0,17.8,1.0,1.0,2.0,1.0,0.0,0.0,1.0,0.0,0.06,0.06,0.11,0.06,0.11,17.8,1.0,5.0,3.0,60.0,0.28,0.17,0.2,0.33,0.0,0.0,64.0,52.4,19,82.0,11,6,8.0,5,2.56,57.0,21.0,36.0,2.02,-1.06,0.0,9.0,3.0,0.0,1.0,38.0,19.0,,,0.0,,,,,,,,,,,,,,,,True,alta,0,Central posicional,3.5540828519146985
GER-Bundesliga,2526,Bayern Munich,Konrad Laimer,AUT,DF,28.0,1997.0,29.0,22.0,1994.0,22.2,3.0,9.0,12.0,3.0,0.0,0.0,9.0,0.0,0.14,0.41,0.54,0.14,0.54,22.2,3.0,17.0,8.0,47.1,0.77,0.36,0.18,0.38,0.0,0.0,69.0,65.2,22,80.0,12,7,34.0,0,2.72,86.0,20.0,66.0,2.98,1.29,0.0,29.0,9.0,4.0,38.0,17.0,25.0,,,0.0,,,,,,,,,,,,,,,,True,alta,2,Lateral ofensivo,2.7182442724986773
GER-Bundesliga,2526,Bayern Munich,Sacha Boey,FRA,DF,24.0,2000.0,9.0,5.0,463.0,5.1,0.0,0.0,0.0,0.0,0.0,0.0,1.0,0.0,0.0,0.0,0.0,0.0,0.0,5.1,0.0,6.0,0.0,0.0,1.17,0.0,0.0,,0.0,0.0,51.0,15.1,5,78.0,1,4,18.0,4,3.0,14.0,3.0,11.0,2.14,-0.46,0.0,10.0,8.0,0.0,6.0,7.0,4.0,,,0.0,,,,,,,,,,,,,,,,False,baja,1,Central de combate,2.968148200605776
GER-Bundesliga,2526,Bayern Munich,Tom Bischof,GER,"DF,MF",20.0,2005.0,26.0,14.0,1302.0,14.5,3.0,3.0,6.0,3.0,0.0,0.0,2.0,0.0,0.21,0.21,0.41,0.21,0.41,14.5,3.0,30.0,9.0,30.0,2.07,0.62,0.1,0.33,0.0,0.0,50.0,42.5,14,83.0,10,12,11.0,3,2.65,53.0,13.0,40.0,2.76,0.41,0.0,15.0,9.0,1.0,26.0,15.0,18.0,,,0.0,,,,,,,,,,,,,,,,True,alta,2,Lateral ofensivo,2.5668427234259656
GER-Bundesliga,2526,Dortmund,Emre Can,GER,DF,31.0,1994.0,9.0,7.0,621.0,6.9,3.0,0.0,3.0,0.0,3.0,3.0,3.0,0.0,0.43,0.0,0.43,0.0,0.0,6.9,3.0,5.0,4.0,80.0,0.72,0.58,0.6,0.75,3.0,3.0,69.0,20.3,7,80.0,4,2,30.0,3,1.78,16.0,8.0,8.0,1.16,0.13,0.0,10.0,10.0,0.0,2.0,13.0,8.0,,,0.0,,,,,,,,,,,,,,,,False,baja,1,Central de combate,2.4191385106040113
GER-Bundesliga,2526,Dortmund,Luca Reggiani,ITA,DF,17.0,2008.0,8.0,6.0,511.0,5.7,1.0,0.0,1.0,1.0,0.0,0.0,2.0,0.0,0.18,0.0,0.18,0.18,0.18,5.7,1.0,3.0,1.0,33.3,0.53,0.18,0.33,1.0,0.0,0.0,64.0,16.7,6,78.0,3,2,23.0,5,2.38,9.0,7.0,2.0,0.35,-0.85,0.0,4.0,2.0,0.0,1.0,2.0,10.0,,,0.0,,,,,,,,,,,,,,,,False,baja,0,Central posicional,3.5446377125228117
GER-Bundesliga,2526,Dortmund,Nico Schlotterbeck,GER,DF,25.0,1999.0,28.0,28.0,2520.0,28.0,5.0,1.0,6.0,5.0,0.0,0.0,8.0,0.0,0.18,0.04,0.21,0.18,0.21,28.0,5.0,32.0,9.0,28.1,1.14,0.32,0.16,0.56,0.0,0.0,90.0,82.4,28,90.0,28,0,,0,2.11,55.0,29.0,26.0,0.93,-0.74,0.0,30.0,27.0,1.0,31.0,24.0,38.0,,,0.0,,,,,,,,,,,,,,,,True,alta,2,Lateral ofensivo,1.7669218431837657
GER-Bundesliga,2526,Dortmund,Niklas Süle,GER,DF,29.0,1995.0,11.0,7.0,486.0,5.4,0.0,1.0,1.0,0.0,0.0,0.0,3.0,0.0,0.0,0.19,0.19,0.0,0.19,5.4,0.0,2.0,1.0,50.0,0.37,0.19,0.0,0.0,0.0,0.0,44.0,15.9,7,61.0,1,4,15.0,9,2.09,12.0,7.0,5.0,0.93,-0.16,0.0,8.0,1.0,0.0,6.0,6.0,5.0,,,0.0,,,,,,,,,,,,,,,,False,baja,1,Central de combate,3.5647803895479098
GER-Bundesliga,2526,Dortmund,Ramy Bensebaini,ALG,DF,30.0,1995.0,21.0,15.0,1530.0,17.0,5.0,2.0,7.0,3.0,2.0,2.0,6.0,0.0,0.29,0.12,0.41,0.18,0.29,17.0,5.0,17.0,7.0,41.2,1.0,0.41,0.29,0.71,2.0,2.0,73.0,50.0,15,89.0,14,6,32.0,4,2.05,35.0,13.0,22.0,1.29,0.47,0.0,31.0,16.0,1.0,11.0,18.0,14.0,,,0.0,,,,,,,,,,,,,,,,True,alta,1,Central de combate,2.728807063460946
GER-Bundesliga,2526,Dortmund,Waldemar Anton,GER,DF,29.0,1996.0,32.0,32.0,2880.0,32.0,2.0,0.0,2.0,2.0,0.0,0.0,3.0,0.0,0.06,0.0,0.06,0.06,0.06,32.0,2.0,16.0,6.0,37.5,0.5,0.19,0.13,0.33,0.0,0.0,90.0,94.1,32,90.0,32,0,,0,2.16,67.0,33.0,34.0,1.06,0.06,0.0,26.0,16.0,0.0,12.0,33.0,42.0,,,0.0,,,,,,,,,,,,,,,,True,alta,0,Central posicional,1.5877251927576492
GER-Bundesliga,2526,Frankfurt,Arthur Theate,BEL,DF,25.0,2000.0,24.0,24.0,2141.0,23.8,1.0,0.0,1.0,1.0,0.0,0.0,8.0,0.0,0.04,0.0,0.04,0.04,0.04,23.8,1.0,15.0,7.0,46.7,0.63,0.29,0.07,0.14,0.0,0.0,89.0,70.0,24,89.0,21,0,,4,1.29,46.0,52.0,-6.0,-0.25,-0.45,0.0,15.0,13.0,1.0,13.0,34.0,21.0,,,0.0,,,,,,,,,,,,,,,,True,alta,1,Central de combate,2.0869793083611463
GER-Bundesliga,2526,Frankfurt,Aurèle Amenda,SUI,DF,22.0,2003.0,24.0,18.0,1678.0,18.6,0.0,0.0,0.0,0.0,0.0,0.0,5.0,0.0,0.0,0.0,0.0,0.0,0.0,18.6,0.0,10.0,2.0,20.0,0.54,0.11,0.0,0.0,0.0,0.0,70.0,54.8,18,90.0,17,6,11.0,7,1.17,28.0,34.0,-6.0,-0.32,-0.45,0.0,22.0,13.0,0.0,6.0,29.0,12.0,,,1.0,,,,,,,,,,,,,,,,True,alta,1,Central de combate,1.5762446271724084
GER-Bundesliga,2526,Frankfurt,Ellyes Skhiri,TUN,"MF,DF",30.0,1995.0,25.0,16.0,1444.0,16.0,0.0,0.0,0.0,0.0,0.0,0.0,3.0,1.0,0.0,0.0,0.0,0.0,0.0,16.0,0.0,8.0,0.0,0.0,0.5,0.0,0.0,,0.0,0.0,58.0,47.2,16,81.0,9,9,17.0,5,1.36,24.0,36.0,-12.0,-0.75,-1.19,1.0,11.0,13.0,0.0,3.0,25.0,8.0,,,0.0,,,,,,,,,,,,,,,,True,alta,0,Central posicional,2.2126298977849177
GER-Bundesliga,2526,Frankfurt,Nathaniel Brown,GER,"MF,DF",22.0,2003.0,33.0,29.0,2656.0,29.5,4.0,4.0,8.0,4.0,0.0,0.0,3.0,0.0,0.14,0.14,0.27,0.14,0.27,29.5,4.0,18.0,9.0,50.0,0.61,0.3,0.22,0.44,0.0,0.0,80.0,86.8,29,86.0,23,4,41.0,0,1.33,52.0,55.0,-3.0,-0.1,0.12,0.0,27.0,33.0,1.0,45.0,25.0,57.0,,,0.0,,,,,,,,,,,,,,,,True,alta,2,Lateral ofensivo,1.8959721188427874
GER-Bundesliga,2526,Frankfurt,Nnamdi Collins,GER,DF,21.0,2004.0,23.0,16.0,1500.0,16.7,1.0,2.0,3.0,1.0,0.0,0.0,4.0,0.0,0.06,0.12,0.18,0.06,0.18,16.7,1.0,4.0,1.0,25.0,0.24,0.06,0.25,1.0,0.0,0.0,65.0,49.0,16,85.0,12,7,20.0,3,1.57,38.0,32.0,6.0,0.36,0.94,0.0,22.0,19.0,0.0,4.0,24.0,38.0,,,0.0,,,,,,,,,,,,,,,,True,alta,1,Central de combate,3.2466364882669465
GER-Bundesliga,2526,Frankfurt,Rasmus Kristensen,DEN,"DF,MF",28.0,1997.0,22.0,19.0,1538.0,17.1,2.0,0.0,2.0,2.0,0.0,0.0,6.0,1.0,0.12,0.0,0.12,0.12,0.12,17.1,2.0,15.0,6.0,40.0,0.88,0.35,0.13,0.33,0.0,0.0,70.0,50.3,19,79.0,12,3,15.0,0,1.36,27.0,30.0,-3.0,-0.18,-0.12,1.0,24.0,10.0,3.0,33.0,19.0,33.0,,,0.0,,,,,,,,,,,,,,,,True,alta,1,Central de combate,2.577257494417498
GER-Bundesliga,2526,Frankfurt,Robin Koch,GER,DF,29.0,1996.0,32.0,32.0,2833.0,31.5,3.0,1.0,4.0,3.0,0.0,0.0,3.0,1.0,0.1,0.03,0.13,0.1,0.13,31.5,3.0,15.0,5.0,33.3,0.48,0.16,0.2,0.6,0.0,0.0,89.0,92.6,32,89.0,30,0,,0,1.38,57.0,60.0,-3.0,-0.1,0.3,1.0,31.0,13.0,0.0,2.0,47.0,27.0,,,0.0,,,,,,,,,,,,,,,,True,alta,0,Central posicional,1.6326557268379591
GER-Bundesliga,2526,Freiburg,Anthony Jung,GER,DF,33.0,1991.0,12.0,4.0,526.0,5.8,0.0,0.0,0.0,0.0,0.0,0.0,2.0,0.0,0.0,0.0,0.0,0.0,0.0,5.8,0.0,1.0,0.0,0.0,0.17,0.0,0.0,,0.0,0.0,44.0,17.2,4,86.0,3,8,23.0,14,1.17,10.0,12.0,-2.0,-0.34,-0.2,0.0,4.0,3.0,0.0,0.0,10.0,1.0,,,0.0,,,,,,,,,,,,,,,,False,baja,0,Central posicional,3.8014155038762723
GER-Bundesliga,2526,Freiburg,Christian Günter,GER,DF,32.0,1993.0,24.0,18.0,1547.0,17.2,0.0,3.0,3.0,0.0,0.0,0.0,3.0,0.0,0.0,0.17,0.17,0.0,0.17,17.2,0.0,9.0,0.0,0.0,0.52,0.0,0.0,,0.0,0.0,64.0,50.6,18,80.0,9,6,17.0,10,1.33,21.0,31.0,-10.0,-0.58,-0.82,0.0,10.0,6.0,5.0,73.0,10.0,12.0,,,0.0,,,,,,,,,,,,,,,,True,alta,2,Lateral ofensivo,2.870816159039673
GER-Bundesliga,2526,Freiburg,Ifechukwu Ogbus,SUI,DF,19.0,2005.0,18.0,14.0,1177.0,13.1,0.0,0.0,0.0,0.0,0.0,0.0,1.0,0.0,0.0,0.0,0.0,0.0,0.0,13.1,0.0,5.0,2.0,40.0,0.38,0.15,0.0,0.0,0.0,0.0,65.0,38.5,14,80.0,10,4,16.0,4,1.33,12.0,27.0,-15.0,-1.15,-1.58,0.0,5.0,11.0,0.0,3.0,13.0,16.0,,,0.0,,,,,,,,,,,,,,,,True,alta,0,Central posicional,2.1591357912603493
GER-Bundesliga,2526,Freiburg,Jordy Makengo,FRA,DF,23.0,2001.0,20.0,12.0,1178.0,13.1,0.0,1.0,1.0,0.0,0.0,0.0,1.0,0.0,0.0,0.08,0.08,0.0,0.08,13.1,0.0,0.0,0.0,,0.0,0.0,,,0.0,0.0,59.0,38.5,12,85.0,9,8,19.0,9,1.45,19.0,20.0,-1.0,-0.08,0.16,0.0,10.0,9.0,2.0,32.0,14.0,10.0,,,0.0,,,,,,,,,,,,,,,,True,alta,0,Central posicional,3.1423036713787935
GER-Bundesliga,2526,Freiburg,Lukas Kübler,GER,DF,32.0,1992.0,23.0,19.0,1587.0,17.6,2.0,2.0,4.0,2.0,0.0,0.0,3.0,0.0,0.11,0.11,0.23,0.11,0.23,17.6,2.0,19.0,5.0,26.3,1.08,0.28,0.11,0.4,0.0,0.0,69.0,51.9,19,79.0,9,4,23.0,4,1.43,33.0,35.0,-2.0,-0.11,0.13,0.0,20.0,11.0,6.0,30.0,31.0,25.0,,,0.0,,,,,,,,,,,,,,,,True,alta,2,Lateral ofensivo,2.520687119724759
GER-Bundesliga,2526,Freiburg,Matthias Ginter,GER,DF,31.0,1994.0,32.0,32.0,2833.0,31.5,3.0,3.0,6.0,3.0,0.0,0.0,3.0,0.0,0.1,0.1,0.19,0.1,0.19,31.5,3.0,19.0,7.0,36.8,0.6,0.22,0.16,0.43,0.0,0.0,89.0,92.6,32,89.0,29,0,,0,1.47,49.0,51.0,-2.0,-0.06,1.52,0.0,16.0,19.0,2.0,15.0,22.0,14.0,,,0.0,,,,,,,,,,,,,,,,True,alta,0,Central posicional,2.2029799874682876
GER-Bundesliga,2526,Freiburg,Max Rosenfelder,GER,DF,22.0,2003.0,12.0,5.0,492.0,5.5,0.0,0.0,0.0,0.0,0.0,0.0,0.0,0.0,0.0,0.0,0.0,0.0,0.0,5.5,0.0,1.0,0.0,0.0,0.18,0.0,0.0,,0.0,0.0,41.0,16.1,5,81.0,3,7,12.0,2,1.25,6.0,8.0,-2.0,-0.37,-0.23,0.0,2.0,5.0,1.0,0.0,5.0,5.0,,,1.0,,,,,,,,,,,,,,,,False,baja,0,Central posicional,2.79356339361117
GER-Bundesliga,2526,Freiburg,Philipp Lienhart,AUT,DF,29.0,1996.0,20.0,14.0,1302.0,14.5,1.0,0.0,1.0,1.0,0.0,0.0,4.0,1.0,0.07,0.0,0.07,0.07,0.07,14.5,1.0,8.0,2.0,25.0,0.55,0.14,0.13,0.5,0.0,0.0,65.0,42.5,14,81.0,9,6,28.0,2,1.5,28.0,22.0,6.0,0.41,1.03,1.0,7.0,8.0,2.0,13.0,13.0,13.0,,,0.0,,,,,,,,,,,,,,,,True,alta,0,Central posicional,1.987186743096138
GER-Bundesliga,2526,Freiburg,Philipp Treu,GER,"DF,MF",24.0,2000.0,28.0,24.0,2186.0,24.3,1.0,2.0,3.0,1.0,0.0,0.0,2.0,0.0,0.04,0.08,0.12,0.04,0.12,24.3,1.0,17.0,5.0,29.4,0.7,0.21,0.06,0.2,0.0,0.0,78.0,71.4,24,87.0,18,4,27.0,4,1.32,33.0,38.0,-5.0,-0.21,-0.1,0.0,20.0,37.0,2.0,32.0,7.0,27.0,,,0.0,,,,,,,,,,,,,,,,True,alta,2,Lateral ofensivo,2.429272273375954
GER-Bundesliga,2526,Gladbach,Fabio Chiarodia,ITA,DF,20.0,2005.0,15.0,8.0,674.0,7.5,0.0,0.0,0.0,0.0,0.0,0.0,1.0,0.0,0.0,0.0,0.0,0.0,0.0,7.5,0.0,4.0,1.0,25.0,0.53,0.13,0.0,0.0,0.0,0.0,45.0,22.0,8,72.0,1,7,14.0,6,0.8,2.0,13.0,-11.0,-1.47,-1.47,0.0,8.0,1.0,0.0,0.0,13.0,9.0,,,0.0,,,,,,,,,,,,,,,,False,baja,0,Central posicional,2.880934423627043
GER-Bundesliga,2526,Gladbach,Joe Scally,USA,"DF,MF",22.0,2002.0,32.0,29.0,2608.0,29.0,2.0,3.0,5.0,2.0,0.0,0.0,8.0,0.0,0.07,0.1,0.17,0.07,0.17,29.0,2.0,16.0,10.0,62.5,0.55,0.35,0.13,0.2,0.0,0.0,82.0,85.2,29,88.0,23,3,18.0,1,1.19,38.0,40.0,-2.0,-0.07,1.72,0.0,33.0,51.0,3.0,47.0,18.0,27.0,,,1.0,,,,,,,,,,,,,,,,True,alta,2,Lateral ofensivo,1.9184812825465853
GER-Bundesliga,2526,Gladbach,Kevin Diks,IDN,DF,28.0,1996.0,30.0,28.0,2464.0,27.4,5.0,0.0,5.0,1.0,4.0,4.0,6.0,0.0,0.18,0.0,0.18,0.04,0.04,27.4,5.0,23.0,13.0,56.5,0.84,0.47,0.22,0.38,4.0,4.0,82.0,80.5,28,87.0,23,2,18.0,0,1.2,40.0,43.0,-3.0,-0.11,1.1,0.0,15.0,22.0,1.0,5.0,24.0,30.0,,,0.0,,,,,,,,,,,,,,,,True,alta,0,Central posicional,2.1358268134047056
GER-Bundesliga,2526,Gladbach,Luca Netz,GER,"MF,DF",22.0,2003.0,15.0,10.0,940.0,10.4,0.0,2.0,2.0,0.0,0.0,0.0,1.0,0.0,0.0,0.19,0.19,0.0,0.19,10.4,0.0,2.0,0.0,0.0,0.19,0.0,0.0,,0.0,0.0,63.0,30.7,10,86.0,7,5,17.0,5,0.93,14.0,10.0,4.0,0.38,1.02,0.0,8.0,2.0,0.0,26.0,7.0,10.0,,,0.0,,,,,,,,,,,,,,,,True,alta,0,Central posicional,3.2187387501265476
GER-Bundesliga,2526,Gladbach,Lukas Ullrich,GER,"DF,MF",21.0,2004.0,23.0,14.0,1305.0,14.5,0.0,0.0,0.0,0.0,0.0,0.0,2.0,0.0,0.0,0.0,0.0,0.0,0.0,14.5,0.0,10.0,2.0,20.0,0.69,0.14,0.0,0.0,0.0,0.0,57.0,42.6,14,79.0,5,9,22.0,11,0.78,19.0,29.0,-10.0,-0.69,-0.64,0.0,17.0,11.0,1.0,38.0,21.0,17.0,,,0.0,,,,,,,,,,,,,,,,True,alta,1,Central de combate,2.1623924362688047
GER-Bundesliga,2526,Gladbach,Nico Elvedi,SUI,DF,28.0,1996.0,33.0,33.0,2966.0,33.0,0.0,2.0,2.0,0.0,0.0,0.0,5.0,0.0,0.0,0.06,0.06,0.0,0.06,33.0,0.0,9.0,0.0,0.0,0.27,0.0,0.0,,0.0,0.0,90.0,96.9,33,90.0,32,0,,0,1.15,41.0,50.0,-9.0,-0.27,1.64,0.0,18.0,16.0,1.0,1.0,40.0,32.0,,,0.0,,,,,,,,,,,,,,,,True,alta,0,Central posicional,1.6153650010836116
GER-Bundesliga,2526,Gladbach,Philipp Sander,GER,"DF,MF",27.0,1998.0,30.0,29.0,2445.0,27.2,2.0,0.0,2.0,2.0,0.0,0.0,4.0,0.0,0.07,0.0,0.07,0.07,0.07,27.2,2.0,25.0,8.0,32.0,0.92,0.29,0.08,0.25,0.0,0.0,82.0,79.9,29,83.0,18,1,30.0,1,1.0,35.0,39.0,-4.0,-0.15,0.88,0.0,28.0,14.0,0.0,28.0,50.0,42.0,,,1.0,,,,,,,,,,,,,,,,True,alta,1,Central de combate,2.619380056440746
GER-Bundesliga,2526,Hamburger SV,Daniel Elfadli,LBY,DF,28.0,1997.0,21.0,15.0,1253.0,13.9,0.0,0.0,0.0,0.0,0.0,0.0,6.0,1.0,0.0,0.0,0.0,0.0,0.0,13.9,0.0,4.0,1.0,25.0,0.29,0.07,0.0,0.0,0.0,0.0,60.0,40.9,15,77.0,8,6,17.0,8,1.14,15.0,21.0,-6.0,-0.43,-0.03,1.0,20.0,15.0,0.0,0.0,20.0,14.0,,,0.0,,,,,,,,,,,,,,,,True,alta,1,Central de combate,1.9328843130759745
GER-Bundesliga,2526,Hamburger SV,Jordan Torunarigha,GER,DF,27.0,1997.0,24.0,21.0,1962.0,21.8,0.0,0.0,0.0,0.0,0.0,0.0,3.0,0.0,0.0,0.0,0.0,0.0,0.0,21.8,0.0,5.0,1.0,20.0,0.23,0.05,0.0,0.0,0.0,0.0,82.0,64.1,21,88.0,16,3,35.0,5,1.08,23.0,35.0,-12.0,-0.55,-0.39,0.0,19.0,13.0,0.0,3.0,30.0,22.0,,,0.0,,,,,,,,,,,,,,,,True,alta,0,Central posicional,1.766539581858937
GER-Bundesliga,2526,Hamburger SV,Luka Vušković,CRO,DF,18.0,2007.0,28.0,27.0,2442.0,27.1,6.0,0.0,6.0,5.0,1.0,1.0,6.0,0.0,0.22,0.0,0.22,0.18,0.18,27.1,6.0,32.0,10.0,31.3,1.18,0.37,0.19,0.6,1.0,1.0,87.0,79.8,27,90.0,26,1,13.0,1,1.29,35.0,41.0,-6.0,-0.22,0.94,0.0,29.0,32.0,1.0,2.0,40.0,17.0,,,0.0,,,,,,,,,,,,,,,,True,alta,1,Central de combate,2.550001672099537
GER-Bundesliga,2526,Hamburger SV,Miro Muheim,SUI,"MF,DF",27.0,1998.0,29.0,27.0,2435.0,27.1,0.0,4.0,4.0,0.0,0.0,0.0,7.0,1.0,0.0,0.15,0.15,0.0,0.15,27.1,0.0,24.0,7.0,29.2,0.89,0.26,0.0,0.0,0.0,0.0,84.0,79.6,27,88.0,23,2,30.0,0,1.1,33.0,42.0,-9.0,-0.33,0.39,0.0,39.0,50.0,1.0,148.0,27.0,35.0,,,0.0,,,,,,,,,,,,,,,,True,alta,2,Lateral ofensivo,2.034695136327915
GER-Bundesliga,2526,Hamburger SV,Nicolás Capaldo,ARG,"DF,MF",26.0,1998.0,26.0,24.0,2001.0,22.2,1.0,3.0,4.0,1.0,0.0,0.0,10.0,0.0,0.04,0.13,0.18,0.04,0.18,22.2,1.0,22.0,6.0,27.3,0.99,0.27,0.05,0.17,0.0,0.0,77.0,65.4,24,82.0,12,2,14.0,1,1.04,27.0,34.0,-7.0,-0.31,0.28,0.0,31.0,46.0,2.0,21.0,35.0,46.0,,,0.0,,,,,,,,,,,,,,,,True,alta,2,Lateral ofensivo,3.7788366257170294
GER-Bundesliga,2526,Hamburger SV,Warmed Omari,COM,DF,25.0,2000.0,20.0,17.0,1605.0,17.8,0.0,1.0,1.0,0.0,0.0,0.0,0.0,0.0,0.0,0.06,0.06,0.0,0.06,17.8,0.0,3.0,1.0,33.3,0.17,0.06,0.0,0.0,0.0,0.0,80.0,52.5,17,87.0,12,3,45.0,0,1.1,19.0,28.0,-9.0,-0.5,-0.2,0.0,16.0,11.0,0.0,4.0,28.0,19.0,,,0.0,,,,,,,,,,,,,,,,True,alta,0,Central posicional,2.7873940727332793
GER-Bundesliga,2526,Hamburger SV,William Mikelbrencis,FRA,"MF,DF",21.0,2004.0,26.0,15.0,1372.0,15.2,0.0,4.0,4.0,0.0,0.0,0.0,3.0,0.0,0.0,0.26,0.26,0.0,0.26,15.2,0.0,12.0,6.0,50.0,0.79,0.39,0.0,0.0,0.0,0.0,53.0,44.8,15,81.0,5,11,15.0,6,1.04,17.0,34.0,-17.0,-1.12,-1.28,0.0,18.0,5.0,5.0,54.0,6.0,22.0,,,0.0,,,,,,,,,,,,,,,,True,alta,2,Lateral ofensivo,2.5967119295942673
GER-Bundesliga,2526,Heidenheim,Benedikt Gimber,GER,DF,28.0,1997.0,21.0,18.0,1436.0,16.0,0.0,0.0,0.0,0.0,0.0,0.0,6.0,0.0,0.0,0.0,0.0,0.0,0.0,16.0,0.0,4.0,1.0,25.0,0.25,0.06,0.0,0.0,0.0,0.0,68.0,46.9,18,75.0,10,3,28.0,6,0.62,8.0,40.0,-32.0,-2.01,-2.06,0.0,27.0,31.0,0.0,5.0,15.0,21.0,,,0.0,,,,,,,,,,,,,,,,True,alta,1,Central de combate,2.6690547161968237
GER-Bundesliga,2526,Heidenheim,Hannes Behrens,GER,"DF,MF",20.0,2005.0,16.0,15.0,1318.0,14.6,1.0,2.0,3.0,1.0,0.0,0.0,0.0,0.0,0.07,0.14,0.2,0.07,0.2,14.6,1.0,9.0,4.0,44.4,0.61,0.27,0.11,0.25,0.0,0.0,82.0,43.1,15,87.0,13,1,14.0,0,0.81,23.0,29.0,-6.0,-0.41,0.88,0.0,5.0,27.0,1.0,59.0,18.0,18.0,,,1.0,,,,,,,,,,,,,,,,True,alta,2,Lateral ofensivo,3.489270201546961
GER-Bundesliga,2526,Heidenheim,Jonas Föhrenbach,GER,"DF,MF",29.0,1996.0,27.0,25.0,2325.0,25.8,1.0,1.0,2.0,1.0,0.0,0.0,3.0,0.0,0.04,0.04,0.08,0.04,0.08,25.8,1.0,6.0,1.0,16.7,0.23,0.04,0.17,1.0,0.0,0.0,86.0,76.0,25,88.0,22,2,65.0,4,0.93,34.0,51.0,-17.0,-0.66,1.06,0.0,16.0,18.0,1.0,78.0,33.0,27.0,,,0.0,,,,,,,,,,,,,,,,True,alta,0,Central posicional,2.4910994902874184
GER-Bundesliga,2526,Heidenheim,Marnon Busch,GER,"DF,MF",30.0,1994.0,29.0,20.0,1915.0,21.3,1.0,5.0,6.0,1.0,0.0,0.0,4.0,0.0,0.05,0.23,0.28,0.05,0.28,21.3,1.0,12.0,3.0,25.0,0.56,0.14,0.08,0.33,0.0,0.0,66.0,62.6,20,85.0,13,9,25.0,2,0.76,26.0,43.0,-17.0,-0.8,0.3,0.0,18.0,8.0,1.0,61.0,34.0,24.0,,,0.0,,,,,,,,,,,,,,,,True,alta,2,Lateral ofensivo,2.616429050068561
GER-Bundesliga,2526,Heidenheim,Omar Traoré,GER,"DF,MF",27.0,1998.0,26.0,16.0,1501.0,16.7,0.0,2.0,2.0,0.0,0.0,0.0,2.0,0.0,0.0,0.12,0.12,0.0,0.12,16.7,0.0,10.0,2.0,20.0,0.6,0.12,0.0,0.0,0.0,0.0,58.0,49.1,16,78.0,8,10,26.0,7,0.65,21.0,41.0,-20.0,-1.2,-0.56,0.0,22.0,19.0,2.0,37.0,17.0,11.0,,,0.0,,,,,,,,,,,,,,,,True,alta,2,Lateral ofensivo,1.8430063254881681
GER-Bundesliga,2526,Heidenheim,Patrick Mainka,GER,DF,30.0,1994.0,34.0,34.0,3060.0,34.0,2.0,2.0,4.0,2.0,0.0,0.0,1.0,0.0,0.06,0.06,0.12,0.06,0.12,34.0,2.0,37.0,9.0,24.3,1.09,0.26,0.05,0.22,0.0,0.0,90.0,100.0,34,90.0,34,0,,0,0.76,41.0,72.0,-31.0,-0.91,,0.0,10.0,20.0,3.0,0.0,36.0,30.0,,,0.0,,,,,,,,,,,,,,,,True,alta,0,Central posicional,2.7934351132415705
GER-Bundesliga,2526,Heidenheim,Tim Siersleben,GER,DF,25.0,2000.0,15.0,12.0,1081.0,12.0,0.0,0.0,0.0,0.0,0.0,0.0,2.0,0.0,0.0,0.0,0.0,0.0,0.0,12.0,0.0,5.0,3.0,60.0,0.42,0.25,0.0,0.0,0.0,0.0,72.0,35.3,12,85.0,9,3,19.0,16,0.73,16.0,29.0,-13.0,-1.08,-0.26,0.0,13.0,13.0,1.0,13.0,21.0,16.0,,,0.0,,,,,,,,,,,,,,,,True,alta,1,Central de combate,2.042208296895944
GER-Bundesliga,2526,Hoffenheim,Albian Hajdari,KVX,DF,22.0,2003.0,30.0,28.0,2434.0,27.0,1.0,2.0,3.0,1.0,0.0,0.0,10.0,0.0,0.04,0.07,0.11,0.04,0.11,27.0,1.0,19.0,4.0,21.1,0.7,0.15,0.05,0.25,0.0,0.0,81.0,79.5,28,85.0,20,2,32.0,1,1.77,52.0,37.0,15.0,0.55,0.84,0.0,43.0,23.0,0.0,19.0,42.0,38.0,,,0.0,,,,,,,,,,,,,,,,True,alta,1,Central de combate,1.9357500852597849
GER-Bundesliga,2526,Hoffenheim,Bernardo,BRA,DF,30.0,1995.0,29.0,26.0,2312.0,25.7,0.0,0.0,0.0,0.0,0.0,0.0,9.0,0.0,0.0,0.0,0.0,0.0,0.0,25.7,0.0,10.0,0.0,0.0,0.39,0.0,0.0,,0.0,0.0,80.0,75.6,26,86.0,17,3,28.0,1,1.76,45.0,35.0,10.0,0.39,0.03,0.0,42.0,11.0,2.0,16.0,39.0,42.0,,,0.0,,,,,,,,,,,,,,,,True,alta,1,Central de combate,2.008835432394208
GER-Bundesliga,2526,Hoffenheim,Ozan Kabak,TUR,DF,25.0,2000.0,25.0,18.0,1751.0,19.5,4.0,0.0,4.0,4.0,0.0,0.0,5.0,0.0,0.21,0.0,0.21,0.21,0.21,19.5,4.0,35.0,12.0,34.3,1.8,0.62,0.11,0.33,0.0,0.0,70.0,57.2,18,90.0,18,7,19.0,3,2.0,39.0,34.0,5.0,0.26,-0.29,0.0,26.0,8.0,0.0,2.0,26.0,17.0,,,0.0,,,,,,,,,,,,,,,,True,alta,1,Central de combate,2.813761399940821
GER-Bundesliga,2526,Hoffenheim,Robin Hranáč,CZE,DF,25.0,2000.0,29.0,26.0,2251.0,25.0,1.0,0.0,1.0,1.0,0.0,0.0,5.0,0.0,0.04,0.0,0.04,0.04,0.04,25.0,1.0,8.0,3.0,37.5,0.32,0.12,0.13,0.33,0.0,0.0,78.0,73.6,26,85.0,21,3,18.0,3,1.97,51.0,35.0,16.0,0.64,0.97,0.0,26.0,10.0,0.0,6.0,20.0,15.0,,,0.0,,,,,,,,,,,,,,,,True,alta,0,Central posicional,1.5651423803934394
GER-Bundesliga,2526,Hoffenheim,Vladimír Coufal,CZE,"DF,MF",32.0,1992.0,34.0,34.0,3012.0,33.5,1.0,8.0,9.0,1.0,0.0,0.0,4.0,0.0,0.03,0.24,0.27,0.03,0.27,33.5,1.0,26.0,6.0,23.1,0.78,0.18,0.04,0.17,0.0,0.0,89.0,98.4,34,89.0,28,0,,0,1.79,64.0,50.0,14.0,0.42,2.29,0.0,32.0,42.0,1.0,209.0,39.0,35.0,,,0.0,,,,,,,,,,,,,,,,True,alta,2,Lateral ofensivo,1.735637652438339
GER-Bundesliga,2526,Köln,Alessio Castro-Montes,BEL,"MF,DF",28.0,1997.0,14.0,7.0,672.0,7.5,1.0,3.0,4.0,1.0,0.0,0.0,2.0,0.0,0.13,0.4,0.54,0.13,0.54,7.5,1.0,8.0,1.0,12.5,1.07,0.13,0.13,1.0,0.0,0.0,48.0,22.0,7,74.0,2,7,22.0,9,1.0,15.0,15.0,0.0,0.0,0.53,0.0,13.0,10.0,2.0,57.0,5.0,17.0,,,0.0,,,,,,,,,,,,,,,,False,baja,2,Lateral ofensivo,3.3464693598451554
GER-Bundesliga,2526,Köln,Cenk Özkacar,TUR,DF,24.0,2000.0,25.0,20.0,1791.0,19.9,0.0,0.0,0.0,0.0,0.0,0.0,2.0,0.0,0.0,0.0,0.0,0.0,0.0,19.9,0.0,11.0,4.0,36.4,0.55,0.2,0.0,0.0,0.0,0.0,72.0,58.5,20,83.0,14,5,28.0,9,1.0,26.0,40.0,-14.0,-0.7,-0.7,0.0,11.0,5.0,1.0,3.0,24.0,26.0,,,0.0,,,,,,,,,,,,,,,,True,alta,0,Central posicional,1.9749885308019473
GER-Bundesliga,2526,Köln,Eric Martel,GER,"MF,DF",23.0,2002.0,31.0,30.0,2559.0,28.4,2.0,2.0,4.0,2.0,0.0,0.0,12.0,1.0,0.07,0.07,0.14,0.07,0.14,28.4,2.0,23.0,4.0,17.4,0.81,0.14,0.09,0.5,0.0,0.0,83.0,83.6,30,85.0,22,1,14.0,0,1.0,41.0,50.0,-9.0,-0.32,0.58,1.0,42.0,51.0,0.0,11.0,35.0,32.0,,,0.0,,,,,,,,,,,,,,,,True,alta,1,Central de combate,2.4645608289190797
GER-Bundesliga,2526,Köln,Jahmai Simpson-Pusey,ENG,DF,19.0,2005.0,11.0,10.0,863.0,9.6,0.0,0.0,0.0,0.0,0.0,0.0,2.0,1.0,0.0,0.0,0.0,0.0,0.0,9.6,0.0,6.0,3.0,50.0,0.63,0.31,0.0,0.0,0.0,0.0,78.0,28.2,10,84.0,8,1,22.0,0,0.91,13.0,19.0,-6.0,-0.63,-0.3,0.0,4.0,4.0,0.0,2.0,12.0,8.0,,,0.0,,,,,,,,,,,,,,,,False,baja,0,Central posicional,1.787579178698786
GER-Bundesliga,2526,Köln,Joël Schmied,SUI,DF,26.0,1998.0,16.0,13.0,1078.0,12.0,0.0,0.0,0.0,0.0,0.0,0.0,5.0,0.0,0.0,0.0,0.0,0.0,0.0,12.0,0.0,5.0,0.0,0.0,0.42,0.0,0.0,,0.0,0.0,67.0,35.2,13,77.0,7,3,25.0,3,1.0,18.0,27.0,-9.0,-0.75,-0.52,0.0,16.0,8.0,0.0,5.0,11.0,9.0,,,0.0,,,,,,,,,,,,,,,,True,alta,1,Central de combate,1.770353696878163
GER-Bundesliga,2526,Köln,Kristoffer Lund,USA,"DF,MF",23.0,2002.0,33.0,26.0,2276.0,25.3,0.0,2.0,2.0,0.0,0.0,0.0,2.0,0.0,0.0,0.08,0.08,0.0,0.08,25.3,0.0,20.0,3.0,15.0,0.79,0.12,0.0,0.0,0.0,0.0,69.0,74.4,26,81.0,12,7,24.0,1,0.97,35.0,47.0,-12.0,-0.47,-0.24,0.0,13.0,40.0,3.0,83.0,28.0,26.0,,,0.0,,,,,,,,,,,,,,,,True,alta,2,Lateral ofensivo,2.3195621109023814
GER-Bundesliga,2526,Köln,Rav van den Berg,NED,DF,21.0,2004.0,14.0,12.0,1131.0,12.6,0.0,1.0,1.0,0.0,0.0,0.0,0.0,1.0,0.0,0.08,0.08,0.0,0.08,12.6,0.0,1.0,0.0,0.0,0.08,0.0,0.0,,0.0,0.0,81.0,37.0,12,87.0,9,2,42.0,9,0.93,17.0,21.0,-4.0,-0.32,0.15,0.0,10.0,3.0,1.0,1.0,14.0,8.0,,,0.0,,,,,,,,,,,,,,,,True,alta,0,Central posicional,2.7980811592816046
GER-Bundesliga,2526,Köln,Sebastian Sebulonsen,NOR,"DF,MF",25.0,2000.0,31.0,28.0,2498.0,27.8,0.0,0.0,0.0,0.0,0.0,0.0,5.0,0.0,0.0,0.0,0.0,0.0,0.0,27.8,0.0,31.0,5.0,16.1,1.12,0.18,0.0,0.0,0.0,0.0,81.0,81.6,28,85.0,20,3,36.0,0,1.0,35.0,52.0,-17.0,-0.61,-1.09,0.0,11.0,9.0,4.0,67.0,17.0,26.0,,,0.0,,,,,,,,,,,,,,,,True,alta,0,Central posicional,3.0373229520202947
GER-Bundesliga,2526,Köln,Timo Hübers,GER,DF,29.0,1996.0,8.0,8.0,675.0,7.5,0.0,0.0,0.0,0.0,0.0,0.0,0.0,0.0,0.0,0.0,0.0,0.0,0.0,7.5,0.0,0.0,0.0,,0.0,0.0,,,0.0,0.0,84.0,22.1,8,84.0,7,0,,0,1.38,9.0,10.0,-1.0,-0.13,0.36,0.0,8.0,10.0,0.0,1.0,10.0,9.0,,,0.0,,,,,,,,,,,,,,,,False,baja,0,Central posicional,3.7930359946868952
GER-Bundesliga,2526,Köln,Tom Krauß,GER,"MF,DF",24.0,2001.0,26.0,19.0,1780.0,19.8,0.0,2.0,2.0,0.0,0.0,0.0,4.0,0.0,0.0,0.1,0.1,0.0,0.1,19.8,0.0,9.0,2.0,22.2,0.46,0.1,0.0,0.0,0.0,0.0,68.0,58.2,19,83.0,8,7,29.0,6,1.08,24.0,32.0,-8.0,-0.4,0.02,0.0,23.0,22.0,0.0,14.0,26.0,43.0,,,0.0,,,,,,,,,,,,,,,,True,alta,2,Lateral ofensivo,2.5542465330726754
GER-Bundesliga,2526,Leverkusen,Edmond Tapsoba,BFA,DF,26.0,1999.0,29.0,29.0,2575.0,28.6,5.0,3.0,8.0,5.0,0.0,0.0,7.0,0.0,0.17,0.1,0.28,0.17,0.28,28.6,5.0,29.0,10.0,34.5,1.01,0.35,0.17,0.5,0.0,0.0,89.0,84.2,29,89.0,28,0,,0,1.79,60.0,38.0,22.0,0.77,0.95,0.0,31.0,2.0,2.0,13.0,21.0,15.0,,,0.0,,,,,,,,,,,,,,,,True,alta,0,Central posicional,3.1489628759723187
GER-Bundesliga,2526,Leverkusen,Jarell Quansah,ENG,DF,22.0,2003.0,28.0,25.0,2299.0,25.5,4.0,0.0,4.0,4.0,0.0,0.0,9.0,0.0,0.16,0.0,0.16,0.16,0.16,25.5,4.0,18.0,8.0,44.4,0.7,0.31,0.22,0.5,0.0,0.0,82.0,75.1,25,88.0,21,3,31.0,2,1.57,44.0,34.0,10.0,0.39,-0.91,0.0,18.0,21.0,1.0,22.0,26.0,22.0,,,0.0,,,,,,,,,,,,,,,,True,alta,1,Central de combate,2.0695276370117237
GER-Bundesliga,2526,Leverkusen,Loïc Bade,FRA,DF,25.0,2000.0,23.0,19.0,1653.0,18.4,0.0,0.0,0.0,0.0,0.0,0.0,4.0,0.0,0.0,0.0,0.0,0.0,0.0,18.4,0.0,12.0,4.0,33.3,0.65,0.22,0.0,0.0,0.0,0.0,72.0,54.0,19,83.0,15,4,21.0,4,1.83,37.0,24.0,13.0,0.71,0.2,0.0,11.0,4.0,0.0,4.0,21.0,19.0,,,1.0,,,,,,,,,,,,,,,,True,alta,0,Central posicional,1.8305426457117622
GER-Bundesliga,2526,Leverkusen,Montrell Culbreath,GER,"MF,DF",17.0,2007.0,12.0,9.0,736.0,8.2,1.0,0.0,1.0,1.0,0.0,0.0,0.0,0.0,0.12,0.0,0.12,0.12,0.12,8.2,1.0,8.0,2.0,25.0,0.98,0.24,0.13,0.5,0.0,0.0,61.0,24.1,9,76.0,2,3,19.0,4,1.83,19.0,13.0,6.0,0.73,0.15,0.0,5.0,11.0,0.0,24.0,8.0,16.0,,,0.0,,,,,,,,,,,,,,,,False,baja,2,Lateral ofensivo,3.564781746792023
GER-Bundesliga,2526,Leverkusen,Robert Andrich,GER,"DF,MF",30.0,1994.0,32.0,29.0,2546.0,28.3,2.0,0.0,2.0,2.0,0.0,0.0,6.0,1.0,0.07,0.0,0.07,0.07,0.07,28.3,2.0,12.0,3.0,25.0,0.42,0.11,0.17,0.67,0.0,0.0,80.0,83.2,29,86.0,24,3,16.0,1,1.81,58.0,43.0,15.0,0.53,-0.52,1.0,30.0,22.0,0.0,13.0,33.0,30.0,,,0.0,,,,,,,,,,,,,,,,True,alta,1,Central de combate,0.9842782423345433
GER-Bundesliga,2526,Mainz 05,Andreas Hanche-Olsen,NOR,DF,28.0,1997.0,13.0,8.0,851.0,9.5,0.0,1.0,1.0,0.0,0.0,0.0,3.0,0.0,0.0,0.11,0.11,0.0,0.11,9.5,0.0,6.0,3.0,50.0,0.63,0.32,0.0,0.0,0.0,0.0,65.0,27.8,8,83.0,5,5,38.0,2,0.54,9.0,13.0,-4.0,-0.42,-0.22,0.0,13.0,6.0,2.0,0.0,13.0,5.0,,,1.0,,,,,,,,,,,,,,,,False,baja,1,Central de combate,2.5845396502654214
GER-Bundesliga,2526,Mainz 05,Danny da Costa,GER,"DF,MF",32.0,1993.0,34.0,30.0,2695.0,29.9,2.0,3.0,5.0,2.0,0.0,0.0,3.0,0.0,0.07,0.1,0.17,0.07,0.17,29.9,2.0,14.0,5.0,35.7,0.47,0.17,0.14,0.4,0.0,0.0,79.0,88.1,30,86.0,25,4,29.0,0,1.18,34.0,49.0,-15.0,-0.5,-1.98,0.0,22.0,24.0,1.0,48.0,29.0,27.0,,,1.0,,,,,,,,,,,,,,,,True,alta,2,Lateral ofensivo,1.6623287649297471
GER-Bundesliga,2526,Mainz 05,Dominik Kohr,GER,DF,31.0,1994.0,29.0,28.0,2338.0,26.0,2.0,0.0,2.0,2.0,0.0,0.0,11.0,2.0,0.08,0.0,0.08,0.08,0.08,26.0,2.0,15.0,4.0,26.7,0.58,0.15,0.13,0.5,0.0,0.0,81.0,76.4,28,83.0,19,1,15.0,0,1.24,35.0,40.0,-5.0,-0.19,0.31,1.0,40.0,43.0,1.0,17.0,44.0,35.0,,,0.0,,,,,,,,,,,,,,,,True,alta,1,Central de combate,2.351553618912311
GER-Bundesliga,2526,Mainz 05,Kacper Potulski,POL,DF,17.0,2007.0,15.0,9.0,1065.0,11.8,1.0,0.0,1.0,1.0,0.0,0.0,3.0,0.0,0.08,0.0,0.08,0.08,0.08,11.8,1.0,14.0,5.0,35.7,1.18,0.42,0.07,0.2,0.0,0.0,71.0,34.8,9,88.0,8,6,45.0,9,1.67,14.0,17.0,-3.0,-0.25,0.02,0.0,17.0,5.0,0.0,2.0,19.0,15.0,,,0.0,,,,,,,,,,,,,,,,True,alta,1,Central de combate,2.204501134806763
GER-Bundesliga,2526,Mainz 05,Lennard Maloney,USA,"DF,MF",25.0,1999.0,21.0,4.0,485.0,5.4,0.0,0.0,0.0,0.0,0.0,0.0,1.0,0.0,0.0,0.0,0.0,0.0,0.0,5.4,0.0,5.0,1.0,20.0,0.93,0.19,0.0,0.0,0.0,0.0,23.0,15.8,4,78.0,2,17,10.0,11,1.52,3.0,12.0,-9.0,-1.67,-1.67,0.0,13.0,3.0,1.0,2.0,8.0,8.0,,,0.0,,,,,,,,,,,,,,,,False,baja,1,Central de combate,2.888023474250475
GER-Bundesliga,2526,Mainz 05,Nikolas Veratschnig,AUT,"MF,DF",22.0,2003.0,21.0,6.0,660.0,7.3,0.0,1.0,1.0,0.0,0.0,0.0,3.0,0.0,0.0,0.14,0.14,0.0,0.14,7.3,0.0,4.0,1.0,25.0,0.55,0.14,0.0,0.0,0.0,0.0,31.0,21.6,6,67.0,2,15,17.0,8,1.1,9.0,13.0,-4.0,-0.55,-0.36,0.0,12.0,10.0,1.0,21.0,10.0,13.0,,,0.0,,,,,,,,,,,,,,,,False,baja,2,Lateral ofensivo,2.954073321034546
GER-Bundesliga,2526,Mainz 05,Stefan Bell,GER,DF,33.0,1991.0,18.0,13.0,1039.0,11.5,2.0,1.0,3.0,2.0,0.0,0.0,4.0,0.0,0.17,0.09,0.26,0.17,0.26,11.5,2.0,12.0,5.0,41.7,1.04,0.43,0.17,0.4,0.0,0.0,58.0,34.0,13,71.0,6,5,24.0,5,1.06,18.0,21.0,-3.0,-0.26,0.01,0.0,15.0,8.0,1.0,1.0,19.0,6.0,,,0.0,,,,,,,,,,,,,,,,True,alta,1,Central de combate,2.8683813765168544
GER-Bundesliga,2526,Mainz 05,Stefan Posch,AUT,DF,28.0,1997.0,16.0,16.0,1395.0,15.5,0.0,0.0,0.0,0.0,0.0,0.0,4.0,0.0,0.0,0.0,0.0,0.0,0.0,15.5,0.0,11.0,3.0,27.3,0.71,0.19,0.0,0.0,0.0,0.0,87.0,45.6,16,87.0,15,0,,0,1.75,26.0,22.0,4.0,0.26,0.96,0.0,8.0,12.0,1.0,11.0,21.0,22.0,,,0.0,,,,,,,,,,,,,,,,True,alta,1,Central de combate,2.4055782145808986
GER-Bundesliga,2526,RB Leipzig,Castello Lukeba,FRA,DF,22.0,2002.0,26.0,24.0,2176.0,24.2,1.0,0.0,1.0,1.0,0.0,0.0,3.0,0.0,0.04,0.0,0.04,0.04,0.04,24.2,1.0,8.0,2.0,25.0,0.33,0.08,0.13,0.5,0.0,0.0,84.0,71.1,24,88.0,22,2,27.0,2,1.88,50.0,33.0,17.0,0.7,0.5,0.0,11.0,12.0,1.0,3.0,31.0,14.0,,,0.0,,,,,,,,,,,,,,,,True,alta,0,Central posicional,1.675109699118918
GER-Bundesliga,2526,RB Leipzig,David Raum,GER,DF,27.0,1998.0,30.0,29.0,2553.0,28.4,3.0,7.0,10.0,2.0,1.0,1.0,6.0,0.0,0.11,0.25,0.35,0.07,0.32,28.4,3.0,24.0,8.0,33.3,0.85,0.28,0.13,0.38,1.0,1.0,85.0,83.4,29,88.0,25,1,12.0,1,2.03,57.0,34.0,23.0,0.81,1.52,0.0,29.0,17.0,6.0,250.0,33.0,35.0,,,0.0,,,,,,,,,,,,,,,,True,alta,2,Lateral ofensivo,1.8257033421135538
GER-Bundesliga,2526,RB Leipzig,El Chadaille Bitshiabu,FRA,DF,20.0,2005.0,11.0,8.0,655.0,7.3,0.0,0.0,0.0,0.0,0.0,0.0,0.0,0.0,0.0,0.0,0.0,0.0,0.0,7.3,0.0,2.0,0.0,0.0,0.27,0.0,0.0,,0.0,0.0,60.0,21.4,8,79.0,5,3,9.0,19,1.73,13.0,11.0,2.0,0.27,-0.36,0.0,4.0,0.0,0.0,0.0,6.0,6.0,,,0.0,,,,,,,,,,,,,,,,False,baja,0,Central posicional,2.931399287814901
GER-Bundesliga,2526,RB Leipzig,Max Finkgräfe,GER,DF,21.0,2004.0,13.0,5.0,504.0,5.6,1.0,1.0,2.0,1.0,0.0,0.0,2.0,0.0,0.18,0.18,0.36,0.18,0.36,5.6,1.0,4.0,2.0,50.0,0.71,0.36,0.25,0.5,0.0,0.0,39.0,16.5,5,86.0,3,8,9.0,13,2.23,9.0,13.0,-4.0,-0.71,-1.52,0.0,3.0,4.0,0.0,37.0,8.0,12.0,,,0.0,,,,,,,,,,,,,,,,False,baja,2,Lateral ofensivo,3.320170154067866
GER-Bundesliga,2526,RB Leipzig,Ridle Baku,GER,DF,27.0,1998.0,32.0,28.0,2504.0,27.8,2.0,3.0,5.0,2.0,0.0,0.0,4.0,0.0,0.07,0.11,0.18,0.07,0.18,27.8,2.0,30.0,6.0,20.0,1.08,0.22,0.07,0.33,0.0,0.0,78.0,81.8,28,86.0,14,4,26.0,0,1.94,50.0,36.0,14.0,0.5,-0.31,0.0,23.0,22.0,4.0,59.0,31.0,40.0,,,0.0,,,,,,,,,,,,,,,,True,alta,2,Lateral ofensivo,1.4391519200753518
GER-Bundesliga,2526,RB Leipzig,Willi Orban,HUN,DF,32.0,1992.0,33.0,33.0,2949.0,32.8,2.0,0.0,2.0,2.0,0.0,0.0,4.0,0.0,0.06,0.0,0.06,0.06,0.06,32.8,2.0,20.0,9.0,45.0,0.61,0.27,0.1,0.22,0.0,0.0,89.0,96.4,33,89.0,32,0,,0,1.88,63.0,46.0,17.0,0.52,-1.1,0.0,20.0,23.0,2.0,8.0,45.0,33.0,,,0.0,,,,,,,,,,,,,,,,True,alta,0,Central posicional,1.674567484946752
GER-Bundesliga,2526,St Pauli,Adam Dźwigała,POL,DF,29.0,1995.0,19.0,14.0,1288.0,14.3,1.0,1.0,2.0,1.0,0.0,0.0,5.0,0.0,0.07,0.07,0.14,0.07,0.14,14.3,1.0,4.0,2.0,50.0,0.28,0.14,0.25,0.5,0.0,0.0,68.0,42.1,14,79.0,5,5,37.0,9,0.95,13.0,24.0,-11.0,-0.77,0.25,0.0,20.0,6.0,0.0,2.0,25.0,27.0,,,0.0,,,,,,,,,,,,,,,,True,alta,1,Central de combate,2.773307727868728
GER-Bundesliga,2526,St Pauli,Eric Smith,SWE,"DF,MF",28.0,1997.0,27.0,26.0,2311.0,25.7,2.0,2.0,4.0,2.0,0.0,0.0,4.0,1.0,0.08,0.08,0.16,0.08,0.16,25.7,2.0,12.0,5.0,41.7,0.47,0.19,0.17,0.4,0.0,0.0,86.0,75.5,26,87.0,23,1,45.0,0,0.74,22.0,43.0,-21.0,-0.82,0.38,0.0,15.0,29.0,1.0,64.0,24.0,23.0,,,0.0,,,,,,,,,,,,,,,,True,alta,2,Lateral ofensivo,1.7888259638591903
GER-Bundesliga,2526,St Pauli,Hauke Wahl,GER,DF,31.0,1994.0,30.0,29.0,2592.0,28.8,2.0,1.0,3.0,2.0,0.0,0.0,1.0,0.0,0.07,0.03,0.1,0.07,0.1,28.8,2.0,10.0,4.0,40.0,0.35,0.14,0.2,0.5,0.0,0.0,86.0,84.7,29,88.0,28,1,27.0,0,0.77,25.0,47.0,-22.0,-0.76,0.97,0.0,11.0,13.0,4.0,12.0,31.0,32.0,,,0.0,,,,,,,,,,,,,,,,True,alta,0,Central posicional,1.931044984058736
GER-Bundesliga,2526,St Pauli,Karol Mets,EST,DF,32.0,1993.0,23.0,22.0,1932.0,21.5,1.0,0.0,1.0,1.0,0.0,0.0,3.0,0.0,0.05,0.0,0.05,0.05,0.05,21.5,1.0,7.0,1.0,14.3,0.33,0.05,0.14,1.0,0.0,0.0,84.0,63.1,22,87.0,18,1,16.0,3,0.78,17.0,40.0,-23.0,-1.07,-0.43,0.0,13.0,11.0,1.0,6.0,22.0,22.0,,,0.0,,,,,,,,,,,,,,,,True,alta,0,Central posicional,1.1616891495020452
GER-Bundesliga,2526,St Pauli,Lars Ritzka,GER,"MF,DF",27.0,1998.0,21.0,12.0,966.0,10.7,0.0,0.0,0.0,0.0,0.0,0.0,1.0,0.0,0.0,0.0,0.0,0.0,0.0,10.7,0.0,4.0,1.0,25.0,0.37,0.09,0.0,0.0,0.0,0.0,46.0,31.6,12,66.0,0,9,20.0,13,0.71,6.0,21.0,-15.0,-1.4,-0.71,0.0,10.0,3.0,2.0,18.0,13.0,26.0,,,0.0,,,,,,,,,,,,,,,,True,alta,1,Central de combate,3.7525772597570293
GER-Bundesliga,2526,St Pauli,Tomoya Ando,JPN,DF,26.0,1999.0,15.0,14.0,1260.0,14.0,0.0,1.0,1.0,0.0,0.0,0.0,3.0,0.0,0.0,0.07,0.07,0.0,0.07,14.0,0.0,8.0,2.0,25.0,0.57,0.14,0.0,0.0,0.0,0.0,84.0,41.2,14,88.0,12,1,27.0,2,0.6,12.0,29.0,-17.0,-1.21,-0.51,0.0,12.0,12.0,0.0,6.0,14.0,23.0,,,0.0,,,,,,,,,,,,,,,,True,alta,2,Lateral ofensivo,1.9104237740208843
GER-Bundesliga,2526,Stuttgart,Finn Jeltsch,GER,DF,19.0,2006.0,23.0,17.0,1511.0,16.8,0.0,1.0,1.0,0.0,0.0,0.0,3.0,0.0,0.0,0.06,0.06,0.0,0.06,16.8,0.0,3.0,0.0,0.0,0.18,0.0,0.0,,0.0,0.0,66.0,49.4,17,85.0,14,6,12.0,6,1.91,37.0,23.0,14.0,0.83,0.37,0.0,13.0,16.0,3.0,3.0,19.0,14.0,,,0.0,,,,,,,,,,,,,,,,True,alta,0,Central posicional,1.9896216902380996
GER-Bundesliga,2526,Stuttgart,Josha Vagnoman,GER,"DF,MF",24.0,2000.0,27.0,18.0,1587.0,17.6,1.0,3.0,4.0,1.0,0.0,0.0,3.0,0.0,0.06,0.17,0.23,0.06,0.23,17.6,1.0,19.0,11.0,57.9,1.08,0.62,0.05,0.09,0.0,0.0,59.0,51.9,18,84.0,11,9,9.0,4,1.78,32.0,29.0,3.0,0.17,-0.99,0.0,17.0,16.0,1.0,33.0,3.0,19.0,,,0.0,,,,,,,,,,,,,,,,True,alta,2,Lateral ofensivo,2.495615159357325
GER-Bundesliga,2526,Stuttgart,Julian Chabot,GER,DF,27.0,1998.0,27.0,26.0,2294.0,25.5,0.0,0.0,0.0,0.0,0.0,0.0,3.0,0.0,0.0,0.0,0.0,0.0,0.0,25.5,0.0,18.0,7.0,38.9,0.71,0.27,0.0,0.0,0.0,0.0,85.0,75.0,26,88.0,23,1,16.0,5,1.81,55.0,37.0,18.0,0.71,0.24,0.0,35.0,40.0,0.0,1.0,40.0,20.0,,,1.0,,,,,,,,,,,,,,,,True,alta,1,Central de combate,2.579000452895518
GER-Bundesliga,2526,Stuttgart,Lorenz Assignon,TOG,"DF,MF",25.0,2000.0,24.0,12.0,1094.0,12.2,0.0,0.0,0.0,0.0,0.0,0.0,3.0,1.0,0.0,0.0,0.0,0.0,0.0,12.2,0.0,12.0,4.0,33.3,0.99,0.33,0.0,0.0,0.0,0.0,46.0,35.8,12,80.0,4,12,11.0,6,2.0,28.0,13.0,15.0,1.23,0.91,0.0,19.0,7.0,1.0,40.0,15.0,15.0,,,0.0,,,,,,,,,,,,,,,,True,alta,1,Central de combate,2.3509983460955146
GER-Bundesliga,2526,Stuttgart,Luca Jaquez,SUI,DF,22.0,2003.0,14.0,10.0,898.0,10.0,0.0,1.0,1.0,0.0,0.0,0.0,1.0,0.0,0.0,0.1,0.1,0.0,0.1,10.0,0.0,4.0,0.0,0.0,0.4,0.0,0.0,,0.0,0.0,64.0,29.3,10,82.0,6,4,19.0,4,1.79,16.0,13.0,3.0,0.3,-0.49,0.0,4.0,2.0,0.0,1.0,11.0,7.0,,,0.0,,,,,,,,,,,,,,,,False,baja,0,Central posicional,2.1440967952479024
GER-Bundesliga,2526,Stuttgart,Maximilian Mittelstädt,GER,"DF,MF",28.0,1997.0,32.0,24.0,2186.0,24.3,6.0,4.0,10.0,2.0,4.0,4.0,4.0,0.0,0.25,0.16,0.41,0.08,0.25,24.3,6.0,31.0,16.0,51.6,1.28,0.66,0.19,0.38,4.0,4.0,68.0,71.4,24,84.0,12,8,22.0,1,1.75,49.0,29.0,20.0,0.82,0.62,0.0,11.0,26.0,2.0,122.0,35.0,42.0,,,0.0,,,,,,,,,,,,,,,,True,alta,2,Lateral ofensivo,2.975274488605468
GER-Bundesliga,2526,Stuttgart,Ramon Hendriks,NED,DF,24.0,2001.0,31.0,22.0,2025.0,22.5,0.0,3.0,3.0,0.0,0.0,0.0,3.0,0.0,0.0,0.13,0.13,0.0,0.13,22.5,0.0,5.0,0.0,0.0,0.22,0.0,0.0,,0.0,0.0,65.0,66.2,22,86.0,17,9,14.0,2,1.77,50.0,38.0,12.0,0.53,-0.34,0.0,17.0,25.0,0.0,20.0,22.0,15.0,,,0.0,,,,,,,,,,,,,,,,True,alta,0,Central posicional,2.582337644781401
GER-Bundesliga,2526,Union Berlin,Christopher Trimmel,AUT,"MF,DF",38.0,1987.0,29.0,22.0,1861.0,20.7,0.0,3.0,3.0,0.0,0.0,0.0,8.0,0.0,0.0,0.15,0.15,0.0,0.15,20.7,0.0,5.0,1.0,20.0,0.24,0.05,0.0,0.0,0.0,0.0,64.0,60.8,22,75.0,6,7,30.0,4,1.24,29.0,31.0,-2.0,-0.1,0.8,0.0,27.0,9.0,0.0,177.0,10.0,24.0,,,0.0,,,,,,,,,,,,,,,,True,alta,2,Lateral ofensivo,3.130994430431851
GER-Bundesliga,2526,Union Berlin,Danilho Doekhi,NED,DF,27.0,1998.0,34.0,34.0,3060.0,34.0,5.0,0.0,5.0,5.0,0.0,0.0,4.0,0.0,0.15,0.0,0.15,0.15,0.15,34.0,5.0,45.0,11.0,24.4,1.32,0.32,0.11,0.45,0.0,0.0,90.0,100.0,34,90.0,34,0,,0,1.15,44.0,58.0,-14.0,-0.41,,0.0,28.0,15.0,1.0,6.0,42.0,31.0,,,0.0,,,,,,,,,,,,,,,,True,alta,0,Central posicional,2.3033741903045626
GER-Bundesliga,2526,Union Berlin,Derrick Köhn,GHA,"MF,DF",26.0,1999.0,29.0,21.0,1899.0,21.1,1.0,2.0,3.0,0.0,1.0,1.0,5.0,1.0,0.05,0.09,0.14,0.0,0.09,21.1,1.0,28.0,5.0,17.9,1.33,0.24,0.04,0.2,1.0,1.0,65.0,62.1,21,82.0,10,8,21.0,2,1.17,25.0,32.0,-7.0,-0.33,0.21,0.0,33.0,16.0,6.0,114.0,8.0,22.0,,,0.0,,,,,,,,,,,,,,,,True,alta,2,Lateral ofensivo,2.5273546125852753
GER-Bundesliga,2526,Union Berlin,Diogo Leite,POR,DF,26.0,1999.0,23.0,23.0,1963.0,21.8,0.0,0.0,0.0,0.0,0.0,0.0,4.0,0.0,0.0,0.0,0.0,0.0,0.0,21.8,0.0,10.0,1.0,10.0,0.46,0.05,0.0,0.0,0.0,0.0,85.0,64.2,23,85.0,16,0,,2,1.26,30.0,32.0,-2.0,-0.09,0.89,0.0,26.0,26.0,1.0,7.0,44.0,15.0,,,1.0,,,,,,,,,,,,,,,,True,alta,1,Central de combate,2.511993133000135
GER-Bundesliga,2526,Union Berlin,Leopold Querfeld,AUT,DF,21.0,2003.0,31.0,30.0,2705.0,30.1,3.0,0.0,3.0,1.0,2.0,3.0,7.0,0.0,0.1,0.0,0.1,0.03,0.03,30.1,3.0,29.0,10.0,34.5,0.96,0.33,0.1,0.3,2.0,3.0,87.0,88.4,30,90.0,30,1,5.0,2,1.03,35.0,55.0,-20.0,-0.67,-2.19,0.0,46.0,28.0,0.0,3.0,35.0,27.0,,,0.0,,,,,,,,,,,,,,,,True,alta,1,Central de combate,1.7382373066760886
GER-Bundesliga,2526,Union Berlin,Stanley N'Soki,FRA,"DF,MF",26.0,1999.0,13.0,10.0,816.0,9.1,1.0,2.0,3.0,1.0,0.0,0.0,2.0,0.0,0.11,0.22,0.33,0.11,0.33,9.1,1.0,3.0,1.0,33.3,0.33,0.11,0.33,1.0,0.0,0.0,63.0,26.7,10,76.0,3,3,18.0,13,0.92,8.0,18.0,-10.0,-1.1,-0.94,0.0,8.0,8.0,0.0,12.0,18.0,9.0,,,0.0,,,,,,,,,,,,,,,,False,baja,2,Lateral ofensivo,3.2220727688045865
GER-Bundesliga,2526,Union Berlin,Tom Rothe,GER,"MF,DF",20.0,2004.0,21.0,10.0,1029.0,11.4,2.0,0.0,2.0,2.0,0.0,0.0,1.0,1.0,0.17,0.0,0.17,0.17,0.17,11.4,2.0,19.0,5.0,26.3,1.66,0.44,0.11,0.4,0.0,0.0,49.0,33.6,10,81.0,5,11,20.0,1,1.1,17.0,22.0,-5.0,-0.44,-0.04,0.0,10.0,6.0,2.0,35.0,21.0,15.0,,,0.0,,,,,,,,,,,,,,,,True,alta,2,Lateral ofensivo,3.7797787400276337
GER-Bundesliga,2526,Werder Bremen,Abdoul Coulibaly,GER,DF,18.0,2007.0,27.0,24.0,2120.0,23.6,1.0,0.0,1.0,1.0,0.0,0.0,5.0,1.0,0.04,0.0,0.04,0.04,0.04,23.6,1.0,6.0,1.0,16.7,0.25,0.04,0.17,1.0,0.0,0.0,79.0,69.3,24,85.0,19,3,29.0,2,0.93,24.0,43.0,-19.0,-0.81,-0.42,1.0,18.0,9.0,1.0,13.0,24.0,14.0,,,1.0,,,,,,,,,,,,,,,,True,alta,0,Central posicional,1.545385405682703
GER-Bundesliga,2526,Werder Bremen,Amos Pieper,GER,DF,27.0,1998.0,19.0,19.0,1502.0,16.7,0.0,0.0,0.0,0.0,0.0,0.0,4.0,0.0,0.0,0.0,0.0,0.0,0.0,16.7,0.0,8.0,2.0,25.0,0.48,0.12,0.0,0.0,0.0,0.0,79.0,49.1,19,79.0,15,0,,3,0.79,18.0,29.0,-11.0,-0.66,0.03,0.0,10.0,14.0,2.0,8.0,26.0,24.0,,,0.0,,,,,,,,,,,,,,,,True,alta,1,Central de combate,2.202485305549437
GER-Bundesliga,2526,Werder Bremen,Felix Agu,NGA,"DF,MF",25.0,1999.0,11.0,9.0,744.0,8.3,0.0,0.0,0.0,0.0,0.0,0.0,1.0,0.0,0.0,0.0,0.0,0.0,0.0,8.3,0.0,2.0,1.0,50.0,0.24,0.12,0.0,0.0,0.0,0.0,68.0,24.3,9,76.0,4,2,30.0,3,0.91,11.0,19.0,-8.0,-0.97,-0.38,0.0,8.0,14.0,3.0,14.0,11.0,14.0,,,0.0,,,,,,,,,,,,,,,,False,baja,1,Central de combate,3.076754462096364
GER-Bundesliga,2526,Werder Bremen,Isaac Schmidt,SUI,"MF,DF",25.0,1999.0,19.0,6.0,682.0,7.6,1.0,0.0,1.0,1.0,0.0,0.0,2.0,0.0,0.13,0.0,0.13,0.13,0.13,7.6,1.0,5.0,2.0,40.0,0.66,0.26,0.2,0.5,0.0,0.0,36.0,22.3,6,64.0,0,13,23.0,11,0.74,8.0,13.0,-5.0,-0.66,0.02,0.0,8.0,3.0,0.0,8.0,11.0,10.0,,,0.0,,,,,,,,,,,,,,,,False,baja,1,Central de combate,1.6468508560072679
GER-Bundesliga,2526,Werder Bremen,Julián Malatini,ARG,DF,24.0,2001.0,11.0,5.0,516.0,5.7,0.0,0.0,0.0,0.0,0.0,0.0,3.0,0.0,0.0,0.0,0.0,0.0,0.0,5.7,0.0,2.0,0.0,0.0,0.35,0.0,0.0,,0.0,0.0,47.0,16.9,5,71.0,1,6,27.0,7,1.0,4.0,12.0,-8.0,-1.4,-0.86,0.0,7.0,1.0,0.0,5.0,6.0,6.0,,,0.0,,,,,,,,,,,,,,,,False,baja,1,Central de combate,2.6986144339610485
GER-Bundesliga,2526,Werder Bremen,Marco Friedl,AUT,DF,27.0,1998.0,30.0,29.0,2546.0,28.3,1.0,0.0,1.0,1.0,0.0,0.0,9.0,1.0,0.04,0.0,0.04,0.04,0.04,28.3,1.0,8.0,2.0,25.0,0.28,0.07,0.13,0.5,0.0,0.0,85.0,83.2,29,86.0,26,1,45.0,0,0.9,29.0,49.0,-20.0,-0.71,-0.18,0.0,17.0,16.0,1.0,15.0,35.0,24.0,,,0.0,,,,,,,,,,,,,,,,True,alta,0,Central posicional,2.1442362798772905
GER-Bundesliga,2526,Werder Bremen,Niklas Stark,GER,DF,30.0,1995.0,14.0,9.0,697.0,7.7,0.0,0.0,0.0,0.0,0.0,0.0,8.0,2.0,0.0,0.0,0.0,0.0,0.0,7.7,0.0,3.0,1.0,33.3,0.39,0.13,0.0,0.0,0.0,0.0,50.0,22.8,9,68.0,2,5,16.0,5,1.43,9.0,14.0,-5.0,-0.65,0.04,2.0,11.0,7.0,0.0,1.0,13.0,12.0,,,0.0,,,,,,,,,,,,,,,,False,baja,1,Central de combate,3.827728605452311
GER-Bundesliga,2526,Werder Bremen,Olivier Deman,BEL,"DF,MF",25.0,2000.0,16.0,14.0,1254.0,13.9,1.0,2.0,3.0,1.0,0.0,0.0,3.0,0.0,0.07,0.14,0.22,0.07,0.22,13.9,1.0,10.0,3.0,30.0,0.72,0.22,0.1,0.33,0.0,0.0,78.0,41.0,14,86.0,12,2,28.0,4,0.88,15.0,21.0,-6.0,-0.43,0.42,0.0,19.0,12.0,3.0,63.0,10.0,26.0,,,0.0,,,,,,,,,,,,,,,,True,alta,2,Lateral ofensivo,1.8380163100786118
GER-Bundesliga,2526,Werder Bremen,Yukinari Sugawara,JPN,"DF,MF",25.0,2000.0,31.0,29.0,2428.0,27.0,0.0,6.0,6.0,0.0,0.0,0.0,2.0,1.0,0.0,0.22,0.22,0.0,0.22,27.0,0.0,30.0,11.0,36.7,1.11,0.41,0.0,0.0,0.0,0.0,78.0,79.3,29,82.0,20,2,21.0,1,1.03,32.0,43.0,-11.0,-0.41,1.3,0.0,22.0,11.0,2.0,74.0,15.0,22.0,,,0.0,,,,,,,,,,,,,,,,True,alta,2,Lateral ofensivo,2.743935485921979
GER-Bundesliga,2526,Wolfsburg,Aaron Zehnter,GER,"DF,MF",20.0,2004.0,20.0,17.0,1456.0,16.2,2.0,0.0,2.0,2.0,0.0,0.0,0.0,0.0,0.12,0.0,0.12,0.12,0.12,16.2,2.0,11.0,5.0,45.5,0.68,0.31,0.18,0.4,0.0,0.0,73.0,47.6,17,85.0,10,3,3.0,8,1.1,23.0,29.0,-6.0,-0.37,0.64,0.0,2.0,0.0,0.0,36.0,16.0,10.0,,,0.0,,,,,,,,,,,,,,,,True,alta,0,Central posicional,3.9416350269323592
GER-Bundesliga,2526,Wolfsburg,Denis Vavro,SVK,DF,29.0,1996.0,17.0,13.0,1176.0,13.1,1.0,0.0,1.0,1.0,0.0,0.0,2.0,0.0,0.08,0.0,0.08,0.08,0.08,13.1,1.0,12.0,5.0,41.7,0.92,0.38,0.08,0.2,0.0,0.0,69.0,38.4,13,89.0,11,4,5.0,8,0.94,16.0,27.0,-11.0,-0.84,-0.22,0.0,9.0,5.0,0.0,4.0,14.0,5.0,,,0.0,,,,,,,,,,,,,,,,True,alta,0,Central posicional,2.067499649978009
GER-Bundesliga,2526,Wolfsburg,Jeanuël Belocian,FRA,DF,20.0,2005.0,14.0,14.0,1254.0,13.9,0.0,1.0,1.0,0.0,0.0,0.0,3.0,0.0,0.0,0.07,0.07,0.0,0.07,13.9,0.0,3.0,0.0,0.0,0.22,0.0,0.0,,0.0,0.0,90.0,41.0,14,90.0,13,0,,0,0.71,17.0,26.0,-9.0,-0.65,0.1,0.0,18.0,8.0,0.0,4.0,16.0,17.0,,,0.0,,,,,,,,,,,,,,,,True,alta,1,Central de combate,1.817807671701691
GER-Bundesliga,2526,Wolfsburg,Jenson Seelt,NED,DF,22.0,2003.0,9.0,8.0,681.0,7.6,0.0,0.0,0.0,0.0,0.0,0.0,0.0,0.0,0.0,0.0,0.0,0.0,0.0,7.6,0.0,2.0,0.0,0.0,0.26,0.0,0.0,,0.0,0.0,76.0,22.3,8,84.0,7,1,6.0,2,1.22,15.0,17.0,-2.0,-0.26,0.57,0.0,5.0,6.0,0.0,0.0,5.0,9.0,,,1.0,,,,,,,,,,,,,,,,False,baja,0,Central posicional,2.575498831607363
GER-Bundesliga,2526,Wolfsburg,Joakim Mæhle,DEN,"MF,DF",28.0,1997.0,16.0,14.0,1222.0,13.6,1.0,2.0,3.0,1.0,0.0,0.0,1.0,0.0,0.07,0.15,0.22,0.07,0.22,13.6,1.0,14.0,3.0,21.4,1.03,0.22,0.07,0.33,0.0,0.0,76.0,39.9,14,87.0,11,2,4.0,0,0.88,15.0,24.0,-9.0,-0.66,0.07,0.0,8.0,6.0,0.0,21.0,20.0,22.0,,,0.0,,,,,,,,,,,,,,,,True,alta,2,Lateral ofensivo,2.9581546651778408
GER-Bundesliga,2526,Wolfsburg,Kilian Fischer,GER,DF,24.0,2000.0,11.0,10.0,800.0,8.9,0.0,0.0,0.0,0.0,0.0,0.0,0.0,0.0,0.0,0.0,0.0,0.0,0.0,8.9,0.0,2.0,0.0,0.0,0.23,0.0,0.0,,0.0,0.0,73.0,26.1,10,78.0,5,1,18.0,4,0.73,10.0,21.0,-11.0,-1.24,-0.72,0.0,10.0,4.0,0.0,16.0,12.0,13.0,,,1.0,,,,,,,,,,,,,,,,False,baja,0,Central posicional,3.231471895264328
GER-Bundesliga,2526,Wolfsburg,Konstantinos Koulierakis,GRE,DF,21.0,2003.0,29.0,27.0,2482.0,27.6,4.0,1.0,5.0,4.0,0.0,0.0,5.0,0.0,0.15,0.04,0.18,0.15,0.18,27.6,4.0,26.0,12.0,46.2,0.94,0.44,0.15,0.33,0.0,0.0,86.0,81.1,27,90.0,26,2,27.0,3,1.0,38.0,54.0,-16.0,-0.58,0.67,0.0,29.0,13.0,0.0,20.0,35.0,25.0,,,1.0,,,,,,,,,,,,,,,,True,alta,1,Central de combate,1.8795684036843656
GER-Bundesliga,2526,Wolfsburg,Moritz Jenz,GER,DF,26.0,1999.0,22.0,20.0,1787.0,19.9,1.0,0.0,1.0,1.0,0.0,0.0,8.0,1.0,0.05,0.0,0.05,0.05,0.05,19.9,1.0,5.0,1.0,20.0,0.25,0.05,0.2,1.0,0.0,0.0,81.0,58.4,20,89.0,18,2,1.0,5,0.68,21.0,44.0,-23.0,-1.16,-1.09,1.0,31.0,7.0,0.0,1.0,12.0,22.0,,,1.0,,,,,,,,,,,,,,,,True,alta,1,Central de combate,2.7688827110299026
GER-Bundesliga,2526,Wolfsburg,Sael Kumbedi,FRA,"DF,MF",20.0,2005.0,24.0,20.0,1804.0,20.0,0.0,5.0,5.0,0.0,0.0,0.0,2.0,0.0,0.0,0.25,0.25,0.0,0.25,20.0,0.0,5.0,0.0,0.0,0.25,0.0,0.0,,0.0,0.0,75.0,59.0,20,86.0,12,4,24.0,5,0.88,30.0,45.0,-15.0,-0.75,-0.1,0.0,21.0,18.0,4.0,41.0,14.0,33.0,,,0.0,,,,,,,,,,,,,,,,True,alta,2,Lateral ofensivo,2.3381438349234016
