league,season,team,player,nation,pos,age,born,Playing Time_MP,Playing Time_Starts,Playing Time_Min,Playing Time_90s,Performance_Gls,Performance_Ast,Performance_G+A,Performance_G-PK,Performance_PK,Performance_PKatt,Performance_CrdY,Performance_CrdR,Per 90 Minutes_Gls,Per 90 Minutes_Ast,Per 90 Minutes_G+A,Per 90 Minutes_G-PK,Per 90 Minutes_G+A-PK,90s,Standard_Gls,Standard_Sh,Standard_SoT,Standard_SoT%,Standard_Sh/90,Standard_SoT/90,Standard_G/Sh,Standard_G/SoT,Standard_PK,Standard_PKatt,Playing Time_Mn/MP,Playing Time_Min%,Starts_Starts,Starts_Mn/Start,Starts_Compl,Subs_Subs,Subs_Mn/Sub,Subs_unSub,Team Success_PPM,Team Success_onG,Team Success_onGA,Team Success_+/-,Team Success_+/-90,Team Success_On-Off,Performance_2CrdY,Performance_Fls,Performance_Fld,Performance_Off,Performance_Crs,Performance_Int,Performance_TklW,Performance_PKwon,Performance_PKcon,Performance_OG,Performance_GA,Performance_GA90,Performance_SoTA,Performance_Saves,Performance_Save%,Performance_W,Performance_D,Performance_L,Performance_CS,Performance_CS%,Penalty Kicks_PKatt,Penalty Kicks_PKA,Penalty Kicks_PKsv,Penalty Kicks_PKm,Penalty Kicks_Save%
ENG-Premier League,2526,Arsenal,Ben White,ENG,DF,27,1997,12,9,702,7.8,0,1,1,0,0,0,0,0,0.0,0.13,0.13,0.0,0.13,7.8,0,5,1,20.0,0.64,0.13,0.0,0.0,0,0,59,20.5,9,72,4,3,19,17,1.83,10,6,4,0.51,-0.81,0,5,6,3,16,9,9,,,0,,,,,,,,,,,,,,,
ENG-Premier League,2526,Arsenal,Bukayo Saka,ENG,"FW,MF",23,2001,31,25,2222,24.7,7,5,12,6,1,1,2,0,0.28,0.2,0.49,0.24,0.45,24.7,7,71,27,38.0,2.88,1.09,0.1,0.26,1,1,72,65.0,25,82,15,6,27,1,2.35,46,16,30,1.22,0.16,0,33,54,14,122,16,19,,,0,,,,,,,,,,,,,,,
ENG-Premier League,2526,Arsenal,Christian Nørgaard,DEN,MF,31,1994,7,1,106,1.2,0,0,0,0,0,0,0,0,0.0,0.0,0.0,0.0,0.0,1.2,0,2,1,50.0,1.7,0.85,0.0,0.0,0,0,15,3.1,1,45,0,6,10,21,3.0,3,1,2,1.7,0.56,0,3,0,0,1,1,2,,,0,,,,,,,,,,,,,,,
ENG-Premier League,2526,Arsenal,Cristhian Mosquera,ESP,DF,21,2004,20,9,994,11.0,0,0,0,0,0,0,4,0,0.0,0.0,0.0,0.0,0.0,11.0,0,1,0,0.0,0.09,0.0,0.0,,0,0,50,29.1,9,75,5,11,29,11,2.15,17,8,9,0.81,-0.48,0,17,7,1,3,8,21,,,0,,,,,,,,,,,,,,,
ENG-Premier League,2526,Arsenal,David Raya,ESP,GK,29,1995,37,37,3330,37.0,0,0,0,0,0,0,1,0,0.0,0.0,0.0,0.0,0.0,37.0,0,0,0,,0.0,0.0,,,0,0,90,97.4,37,90,37,0,,0,2.22,69,26,43,1.16,0.16,0,0,14,0,1,1,1,,,0,26,0.7,86,59,69.8,25,7,5,19,51.4,0,0,0,0,
ENG-Premier League,2526,Arsenal,Declan Rice,ENG,MF,26,1999,36,35,3094,34.4,4,5,9,4,0,0,3,0,0.12,0.15,0.26,0.12,0.26,34.4,4,40,13,32.5,1.16,0.38,0.1,0.31,0,0,86,90.5,35,88,29,1,23,1,2.19,62,25,37,1.08,-0.86,0,26,11,1,177,33,33,,,0,,,,,,,,,,,,,,,
ENG-Premier League,2526,Arsenal,Eberechi Eze,ENG,"MF,FW",27,1998,32,21,1812,20.1,7,2,9,7,0,0,1,0,0.35,0.1,0.45,0.35,0.45,20.1,7,57,18,31.6,2.83,0.89,0.12,0.39,0,0,57,53.0,21,74,5,11,24,4,2.09,37,14,23,1.14,-0.03,0,14,38,1,8,11,13,,,0,,,,,,,,,,,,,,,
ENG-Premier League,2526,Arsenal,Ethan Nwaneri,ENG,MF,18,2007,6,0,171,1.9,0,0,0,0,0,0,0,0,0.0,0.0,0.0,0.0,0.0,1.9,0,6,0,0.0,3.16,0.0,0.0,,0,0,29,5.0,0,,0,6,29,11,2.67,8,0,8,4.21,3.21,0,2,0,0,2,0,0,,,0,,,,,,,,,,,,,,,
ENG-Premier League,2526,Arsenal,Gabriel Jesus,BRA,FW,28,1997,14,3,429,4.8,3,0,3,3,0,0,3,0,0.63,0.0,0.63,0.63,0.63,4.8,3,19,12,63.2,3.99,2.52,0.16,0.25,0,0,31,12.5,3,63,0,11,22,10,2.14,8,6,2,0.42,-0.84,0,9,1,7,0,2,0,,,0,,,,,,,,,,,,,,,
ENG-Premier League,2526,Arsenal,Gabriel Magalhães,BRA,DF,27,1997,32,30,2751,30.6,3,4,7,3,0,0,4,0,0.1,0.13,0.23,0.1,0.23,30.6,3,27,7,25.9,0.88,0.23,0.11,0.43,0,0,86,80.4,30,90,29,2,33,0,2.25,56,20,36,1.18,0.1,0,21,34,0,6,22,20,,,0,,,,,,,,,,,,,,,
ENG-Premier League,2526,Arsenal,Gabriel Martinelli,BRA,"FW,MF",24,2001,30,11,1081,12.0,1,4,5,1,0,0,3,0,0.08,0.33,0.42,0.08,0.42,12.0,1,29,13,44.8,2.41,1.08,0.03,0.08,0,0,36,31.6,11,64,2,19,20,6,2.2,22,8,14,1.17,0.01,0,10,14,5,37,1,8,,,0,,,,,,,,,,,,,,,
ENG-Premier League,2526,Arsenal,Jurriën Timber,NED,DF,24,2001,30,28,2454,27.3,3,5,8,3,0,0,5,0,0.11,0.18,0.29,0.11,0.29,27.3,3,25,7,28.0,0.92,0.26,0.12,0.43,0,0,82,71.8,28,85,23,2,34,0,2.23,51,20,31,1.14,-0.07,0,38,29,0,46,24,35,,,0,,,,,,,,,,,,,,,
ENG-Premier League,2526,Arsenal,Kai Havertz,GER,"FW,MF",26,1999,12,7,581,6.5,2,3,5,2,0,0,1,0,0.31,0.46,0.77,0.31,0.77,6.5,2,18,4,22.2,2.79,0.62,0.11,0.5,0,0,48,17.0,7,62,1,5,29,2,2.5,10,4,6,0.93,-0.28,0,8,8,3,6,1,5,,,0,,,,,,,,,,,,,,,
ENG-Premier League,2526,Arsenal,Kepa Arrizabalaga,ESP,GK,30,1994,1,1,90,1.0,0,0,0,0,0,0,0,0,0.0,0.0,0.0,0.0,0.0,1.0,0,0,0,,0.0,0.0,,,0,0,90,2.6,1,90,1,0,,37,3.0,2,1,1,1.0,-0.16,0,0,0,0,0,0,0,,,0,1,1.0,3,2,66.7,1,0,0,0,0.0,0,0,0,0,
ENG-Premier League,2526,Arsenal,Leandro Trossard,BEL,"FW,MF",30,1994,31,21,2000,22.2,6,6,12,6,0,0,2,0,0.27,0.27,0.54,0.27,0.54,22.2,6,53,15,28.3,2.39,0.68,0.11,0.4,0,0,65,58.5,21,81,5,10,30,3,2.23,42,15,27,1.22,0.14,0,13,39,5,58,9,15,,,0,,,,,,,,,,,,,,,
ENG-Premier League,2526,Arsenal,Martin Ødegaard,NOR,MF,26,1998,24,16,1369,15.2,1,6,7,1,0,0,0,0,0.07,0.39,0.46,0.07,0.46,15.2,1,22,8,36.4,1.45,0.53,0.05,0.13,0,0,57,40.0,16,72,7,8,26,1,2.17,29,13,16,1.05,-0.18,0,9,9,2,22,7,9,,,0,,,,,,,,,,,,,,,
ENG-Premier League,2526,Arsenal,Martín Zubimendi,ESP,MF,26,1999,38,34,2992,33.2,5,1,6,5,0,0,4,0,0.15,0.03,0.18,0.15,0.18,33.2,5,27,9,33.3,0.81,0.27,0.19,0.56,0,0,79,87.5,34,84,22,4,32,0,2.24,57,25,32,0.96,-1.56,0,33,15,1,13,39,39,,,0,,,,,,,,,,,,,,,
ENG-Premier League,2526,Arsenal,Max Dowman,ENG,MF,15,2009,6,1,157,1.7,1,0,1,1,0,0,0,0,0.57,0.0,0.57,0.57,0.57,1.7,1,6,1,16.7,3.44,0.57,0.17,1.0,0,0,26,4.6,1,61,0,5,19,11,2.0,5,1,4,2.29,1.19,0,2,7,0,6,1,2,,,0,,,,,,,,,,,,,,,
ENG-Premier League,2526,Arsenal,Mikel Merino,ESP,"MF,FW",29,1996,22,10,1036,11.5,4,3,7,4,0,0,1,0,0.35,0.26,0.61,0.35,0.61,11.5,4,22,8,36.4,1.91,0.69,0.18,0.5,0,0,47,30.3,10,77,5,12,22,2,2.23,22,10,12,1.04,-0.17,0,22,20,3,4,9,13,,,0,,,,,,,,,,,,,,,
ENG-Premier League,2526,Arsenal,Myles Lewis-Skelly,ENG,"MF,DF",18,2006,20,5,709,7.9,0,0,0,0,0,0,3,0,0.0,0.0,0.0,0.0,0.0,7.9,0,2,0,0.0,0.25,0.0,0.0,,0,0,35,20.7,5,86,4,15,19,17,2.5,16,8,8,1.02,-0.18,0,10,16,1,0,5,5,,,0,,,,,,,,,,,,,,,
ENG-Premier League,2526,Arsenal,Noni Madueke,ENG,"FW,MF",23,2002,26,16,1211,13.5,3,1,4,3,0,0,0,0,0.22,0.07,0.3,0.22,0.3,13.5,3,25,9,36.0,1.86,0.67,0.12,0.33,0,0,47,35.4,16,64,0,10,18,6,1.96,24,9,15,1.11,-0.07,0,15,15,4,80,5,10,,,0,,,,,,,,,,,,,,,
ENG-Premier League,2526,Arsenal,Piero Hincapié,ECU,DF,23,2002,25,20,1792,19.9,1,2,3,1,0,0,2,0,0.05,0.1,0.15,0.05,0.15,19.9,1,3,2,66.7,0.15,0.1,0.33,0.5,0,0,72,52.4,20,85,15,5,18,5,2.32,41,19,22,1.1,-0.11,0,18,14,1,33,26,26,,,1,,,,,,,,,,,,,,,
ENG-Premier League,2526,Arsenal,Riccardo Calafiori,ITA,DF,23,2002,26,22,1699,18.9,1,2,3,1,0,0,5,0,0.05,0.11,0.16,0.05,0.16,18.9,1,32,8,25.0,1.7,0.42,0.03,0.13,0,0,65,49.7,22,75,7,4,14,2,2.38,32,8,24,1.27,0.23,0,26,10,4,21,13,19,,,0,,,,,,,,,,,,,,,
ENG-Premier League,2526,Arsenal,Viktor Gyökeres,SWE,FW,27,1998,36,26,2224,24.7,14,1,15,11,3,3,5,0,0.57,0.04,0.61,0.45,0.49,24.7,14,55,22,40.0,2.23,0.89,0.25,0.64,3,3,62,65.0,26,76,10,10,26,0,2.25,51,14,37,1.5,0.97,0,35,31,4,8,1,5,,,0,,,,,,,,,,,,,,,
ENG-Premier League,2526,Arsenal,William Saliba,FRA,DF,24,2001,31,30,2614,29.0,1,0,1,1,0,0,2,0,0.03,0.0,0.03,0.03,0.03,29.0,1,5,1,20.0,0.17,0.03,0.2,1.0,0,0,84,76.4,30,86,28,1,45,0,2.29,60,20,40,1.38,0.93,0,22,16,1,9,15,23,,,0,,,,,,,,,,,,,,,
ENG-Premier League,2526,Aston Villa,Alysson,BRA,MF,19,2006,3,0,49,0.5,0,0,0,0,0,0,0,0,0.0,0.0,0.0,0.0,0.0,0.5,0,1,0,0.0,1.84,0.0,0.0,,0,0,16,1.4,0,,0,3,16,0,1.0,1,2,-1,-1.84,-2.05,0,0,1,0,2,1,0,,,0,,,,,,,,,,,,,,,
ENG-Premier League,2526,Aston Villa,Amadou Onana,BEL,MF,23,2001,25,21,1758,19.5,2,0,2,2,0,0,3,0,0.1,0.0,0.1,0.1,0.1,19.5,2,19,7,36.8,0.97,0.36,0.11,0.29,0,0,70,51.4,21,81,11,4,17,1,1.96,28,26,2,0.1,-0.17,0,20,25,0,0,19,30,,,0,,,,,,,,,,,,,,,
ENG-Premier League,2526,Aston Villa,Andrés García,ESP,DF,22,2003,6,1,86,1.0,0,0,0,0,0,0,0,0,0.0,0.0,0.0,0.0,0.0,1.0,0,0,0,,0.0,0.0,,,0,0,14,2.5,1,45,0,5,8,9,1.33,2,3,-1,-1.05,-1.26,0,1,0,0,4,0,4,,,0,,,,,,,,,,,,,,,
ENG-Premier League,2526,Aston Villa,Boubacar Kamara,FRA,MF,25,1999,18,17,1411,15.7,1,3,4,1,0,0,5,0,0.06,0.19,0.26,0.06,0.26,15.7,1,7,4,57.1,0.45,0.26,0.14,0.25,0,0,78,41.3,17,82,9,1,19,0,2.33,26,15,11,0.7,0.88,0,16,30,0,2,15,16,,,0,,,,,,,,,,,,,,,
ENG-Premier League,2526,Aston Villa,Bradley Burrowes,ENG,MF,17,2008,1,0,17,0.2,0,0,0,0,0,0,0,0,0.0,0.0,0.0,0.0,0.0,0.2,0,0,0,,0.0,0.0,,,0,0,17,0.5,0,,0,1,17,3,0.0,0,1,-1,-5.29,-5.51,0,0,1,0,3,0,0,,,0,,,,,,,,,,,,,,,
ENG-Premier League,2526,Aston Villa,Donyell Malen,NED,"FW,MF",26,1999,21,5,656,7.3,4,1,5,4,0,0,0,0,0.55,0.14,0.69,0.55,0.69,7.3,4,27,9,33.3,3.7,1.23,0.15,0.44,0,0,31,19.2,5,71,0,16,19,0,2.05,11,10,1,0.14,-0.06,0,2,6,1,7,0,2,,,0,,,,,,,,,,,,,,,
ENG-Premier League,2526,Aston Villa,Douglas Luiz,BRA,MF,27,1998,13,7,604,6.7,1,0,1,1,0,0,1,0,0.15,0.0,0.15,0.15,0.15,6.7,1,6,4,66.7,0.89,0.6,0.17,0.25,0,0,46,17.7,7,75,1,6,13,2,1.23,5,8,-3,-0.45,-0.77,0,9,10,0,28,7,11,,,0,,,,,,,,,,,,,,,
ENG-Premier League,2526,Aston Villa,Emi Buendía,ARG,MF,28,1996,36,21,1755,19.5,6,2,8,6,0,0,6,0,0.31,0.1,0.41,0.31,0.41,19.5,6,49,13,26.5,2.51,0.67,0.12,0.46,0,0,49,51.3,21,68,3,15,22,1,1.78,21,24,-3,-0.15,-0.69,0,41,45,1,10,13,27,,,0,,,,,,,,,,,,,,,
ENG-Premier League,2526,Aston Villa,Emiliano Martínez,ARG,GK,32,1992,32,32,2835,31.5,0,1,1,0,0,0,2,0,0.0,0.03,0.03,0.0,0.03,31.5,0,0,0,,0.0,0.0,,,0,0,89,82.9,32,89,31,0,,0,1.69,46,39,7,0.22,0.22,0,0,17,0,0,0,0,,,0,39,1.24,134,95,70.9,16,6,10,8,25.0,1,0,1,0,100.0
ENG-Premier League,2526,Aston Villa,Evann Guessand,CIV,MF,24,2001,13,6,588,6.5,0,1,1,0,0,0,0,0,0.0,0.15,0.15,0.0,0.15,6.5,0,8,5,62.5,1.22,0.77,0.0,0.0,0,0,45,17.2,6,67,0,7,27,5,1.77,9,10,-1,-0.15,-0.41,0,11,12,0,10,3,9,,,0,,,,,,,,,,,,,,,
ENG-Premier League,2526,Aston Villa,Ezri Konsa,ENG,DF,27,1997,34,34,3035,33.7,0,0,0,0,0,0,0,1,0.0,0.0,0.0,0.0,0.0,33.7,0,11,2,18.2,0.33,0.06,0.0,0.0,0,0,89,88.7,34,89,33,0,,2,1.79,52,44,8,0.24,0.47,0,11,42,0,5,22,8,,,0,,,,,,,,,,,,,,,
ENG-Premier League,2526,Aston Villa,George Hemmings,ENG,MF,18,2007,2,0,27,0.3,0,0,0,0,0,0,0,0,0.0,0.0,0.0,0.0,0.0,0.3,0,1,0,0.0,3.33,0.0,0.0,,0,0,14,0.8,0,,0,2,14,10,0.0,1,0,1,3.33,3.17,0,1,0,0,0,0,0,,,0,,,,,,,,,,,,,,,
ENG-Premier League,2526,Aston Villa,Harvey Elliott,ENG,MF,22,2003,4,1,112,1.2,0,0,0,0,0,0,0,0,0.0,0.0,0.0,0.0,0.0,1.2,0,5,0,0.0,4.02,0.0,0.0,,0,0,28,3.3,1,45,0,3,22,4,1.25,2,2,0,0.0,-0.19,0,0,2,0,3,0,0,,,0,,,,,,,,,,,,,,,
ENG-Premier League,2526,Aston Villa,Ian Maatsen,NED,DF,23,2002,30,17,1605,17.8,0,1,1,0,0,0,2,0,0.0,0.06,0.06,0.0,0.06,17.8,0,20,5,25.0,1.12,0.28,0.0,0.0,0,0,54,46.9,17,82,8,13,17,8,1.7,29,27,2,0.11,-0.14,0,17,19,1,54,18,31,,,0,,,,,,,,,,,,,,,
ENG-Premier League,2526,Aston Villa,Jadon Sancho,ENG,MF,25,2000,23,9,876,9.7,0,2,2,0,0,0,0,0,0.0,0.21,0.21,0.0,0.21,9.7,0,10,3,30.0,1.03,0.31,0.0,0.0,0,0,38,25.6,9,67,0,14,20,6,1.74,12,10,2,0.21,0.03,0,3,2,3,23,2,2,,,0,,,,,,,,,,,,,,,
ENG-Premier League,2526,Aston Villa,Jamaldeen Jimoh,ENG,MF,18,2006,1,0,9,0.1,0,0,0,0,0,0,0,0,0.0,0.0,0.0,0.0,0.0,0.1,0,0,0,,0.0,0.0,,,0,0,9,0.3,0,,0,1,9,8,0.0,1,0,1,10.0,9.84,0,0,1,0,0,0,0,,,0,,,,,,,,,,,,,,,
ENG-Premier League,2526,Aston Villa,John McGinn,SCO,MF,30,1994,30,28,2137,23.7,5,4,9,5,0,0,5,0,0.21,0.17,0.38,0.21,0.38,23.7,5,28,12,42.9,1.18,0.51,0.18,0.42,0,0,71,62.5,28,75,6,2,25,0,1.9,37,28,9,0.38,0.52,0,31,48,0,82,12,17,,,0,,,,,,,,,,,,,,,
ENG-Premier League,2526,Aston Villa,Lamare Bogarde,NED,"MF,DF",21,2004,28,11,1053,11.7,0,0,0,0,0,0,5,0,0.0,0.0,0.0,0.0,0.0,11.7,0,0,0,,0.0,0.0,,,0,0,38,30.8,11,79,4,17,11,10,1.61,16,17,-1,-0.09,-0.39,0,17,20,0,2,4,19,,,0,,,,,,,,,,,,,,,
ENG-Premier League,2526,Aston Villa,Leon Bailey,JAM,MF,27,1997,13,3,459,5.1,0,1,1,0,0,0,1,0,0.0,0.2,0.2,0.0,0.2,5.1,0,8,1,12.5,1.57,0.2,0.0,0.0,0,0,35,13.4,3,71,1,10,25,3,1.15,8,9,-1,-0.2,-0.44,0,6,5,1,19,4,6,,,0,,,,,,,,,,,,,,,
ENG-Premier League,2526,Aston Villa,Lucas Digne,FRA,DF,32,1993,31,21,1852,20.6,0,6,6,0,0,0,3,0,0.0,0.29,0.29,0.0,0.29,20.6,0,14,5,35.7,0.68,0.24,0.0,0.0,0,0,60,54.2,21,80,10,10,16,7,1.77,29,23,6,0.29,0.23,0,14,12,3,108,13,26,,,0,,,,,,,,,,,,,,,
ENG-Premier League,2526,Aston Villa,Marco Bizot,NED,GK,34,1991,7,6,585,6.5,0,0,0,0,0,0,2,0,0.0,0.0,0.0,0.0,0.0,6.5,0,0,0,,0.0,0.0,,,0,0,84,17.1,6,90,6,1,45,30,1.71,10,10,0,0.0,-0.22,0,1,1,0,0,0,0,,,0,10,1.54,29,19,65.5,3,2,1,2,33.3,1,1,0,0,0.0
ENG-Premier League,2526,Aston Villa,Matty Cash,POL,DF,27,1997,35,34,3014,33.5,3,3,6,3,0,0,9,0,0.09,0.09,0.18,0.09,0.18,33.5,3,30,10,33.3,0.9,0.3,0.1,0.3,0,0,86,88.1,34,87,26,1,45,0,1.77,51,38,13,0.39,1.72,0,42,30,4,131,24,32,,,0,,,,,,,,,,,,,,,
ENG-Premier League,2526,Aston Villa,Morgan Rogers,ENG,MF,23,2002,37,37,3280,36.4,10,6,16,10,0,0,7,0,0.27,0.16,0.44,0.27,0.44,36.4,10,84,32,38.1,2.3,0.88,0.12,0.31,0,0,89,95.9,37,89,32,0,,0,1.68,53,48,5,0.14,-1.15,0,46,49,3,51,13,23,,,0,,,,,,,,,,,,,,,
ENG-Premier League,2526,Aston Villa,Ollie Watkins,ENG,FW,29,1995,37,33,2839,31.5,16,3,19,16,0,0,4,0,0.51,0.1,0.6,0.51,0.6,31.5,16,83,38,45.8,2.63,1.2,0.19,0.42,0,0,77,83.0,33,82,13,4,33,0,1.76,48,38,10,0.32,0.78,0,35,32,25,7,5,14,,,0,,,,,,,,,,,,,,,
ENG-Premier League,2526,Aston Villa,Pau Torres,ESP,DF,28,1997,21,18,1676,18.6,0,0,0,0,0,0,1,0,0.0,0.0,0.0,0.0,0.0,18.6,0,9,1,11.1,0.48,0.05,0.0,0.0,0,0,80,49.0,18,88,15,3,31,11,1.9,28,19,9,0.48,0.59,0,7,5,0,4,11,14,,,1,,,,,,,,,,,,,,,
ENG-Premier League,2526,Aston Villa,Ross Barkley,ENG,MF,31,1993,21,7,857,9.5,3,1,4,3,0,0,1,0,0.32,0.11,0.42,0.32,0.42,9.5,3,18,8,44.4,1.89,0.84,0.17,0.38,0,0,41,25.1,7,77,0,14,23,1,1.76,18,15,3,0.32,0.17,0,9,8,0,0,2,11,,,0,,,,,,,,,,,,,,,
ENG-Premier League,2526,Aston Villa,Tammy Abraham,ENG,FW,27,1997,12,2,286,3.2,2,0,2,2,0,0,0,0,0.63,0.0,0.63,0.63,0.63,3.2,2,9,3,33.3,2.83,0.94,0.22,0.67,0,0,24,8.4,2,75,1,10,14,2,1.0,4,8,-4,-1.26,-1.57,0,2,0,0,1,0,1,,,0,,,,,,,,,,,,,,,
ENG-Premier League,2526,Aston Villa,Tyrone Mings,ENG,DF,32,1993,17,15,1324,14.7,0,0,0,0,0,0,1,0,0.0,0.0,0.0,0.0,0.0,14.7,0,9,1,11.1,0.61,0.07,0.0,0.0,0,0,78,38.7,15,86,14,2,17,6,1.24,16,23,-7,-0.48,-1.08,0,10,8,0,4,11,2,,,0,,,,,,,,,,,,,,,
ENG-Premier League,2526,Aston Villa,Victor Lindelöf,SWE,"DF,MF",31,1994,17,11,948,10.5,0,1,1,0,0,0,0,0,0.0,0.09,0.09,0.0,0.09,10.5,0,3,0,0.0,0.28,0.0,0.0,,0,0,56,27.7,11,83,8,6,6,17,2.18,20,15,5,0.47,0.4,0,2,0,0,0,8,3,,,0,,,,,,,,,,,,,,,
ENG-Premier League,2526,Aston Villa,Youri Tielemans,BEL,MF,28,1997,25,21,1862,20.7,0,4,4,0,0,0,0,0,0.0,0.19,0.19,0.0,0.19,20.7,0,24,7,29.2,1.16,0.34,0.0,0.0,0,0,74,54.4,21,85,14,4,21,0,1.88,32,27,5,0.24,0.13,0,25,40,1,45,16,39,,,0,,,,,,,,,,,,,,,
ENG-Premier League,2526,Bournemouth,Adam Smith,ENG,DF,34,1991,22,14,1077,12.0,0,2,2,0,0,0,3,0,0.0,0.17,0.17,0.0,0.17,12.0,0,0,0,,0.0,0.0,,,0,0,49,31.5,14,73,5,8,7,11,1.45,18,16,2,0.17,0.09,0,19,11,0,13,10,12,,,0,,,,,,,,,,,,,,,
ENG-Premier League,2526,Bournemouth,Adrien Truffert,FRA,DF,23,2001,38,38,3379,37.5,1,5,6,1,0,0,5,0,0.03,0.13,0.16,0.03,0.16,37.5,1,16,6,37.5,0.43,0.16,0.06,0.17,0,0,89,98.8,38,89,36,0,,0,1.5,58,51,7,0.19,6.77,0,39,32,0,142,43,51,,,0,,,,,,,,,,,,,,,
ENG-Premier League,2526,Bournemouth,Alex Scott,ENG,MF,21,2003,37,34,2849,31.7,3,1,4,3,0,0,5,0,0.09,0.03,0.13,0.09,0.13,31.7,3,44,13,29.5,1.39,0.41,0.07,0.23,0,0,77,83.3,34,80,19,3,39,0,1.51,50,42,8,0.25,0.88,0,45,60,1,88,35,38,,,0,,,,,,,,,,,,,,,
ENG-Premier League,2526,Bournemouth,Alex Tóth,HUN,MF,19,2005,9,2,140,1.6,0,0,0,0,0,0,1,0,0.0,0.0,0.0,0.0,0.0,1.6,0,2,0,0.0,1.29,0.0,0.0,,0,0,16,4.1,2,57,0,7,4,7,2.33,3,3,0,0.0,-0.11,0,1,2,0,3,3,0,,,0,,,,,,,,,,,,,,,
ENG-Premier League,2526,Bournemouth,Amine Adli,MAR,MF,25,2000,31,10,1094,12.2,3,1,4,3,0,0,2,0,0.25,0.08,0.33,0.25,0.33,12.2,3,20,9,45.0,1.65,0.74,0.15,0.33,0,0,35,32.0,10,73,2,21,17,6,1.48,18,17,1,0.08,-0.03,0,29,23,5,39,6,17,,,0,,,,,,,,,,,,,,,
ENG-Premier League,2526,Bournemouth,Antoine Semenyo,GHA,MF,25,2000,20,20,1798,20.0,10,3,13,9,1,2,6,0,0.5,0.15,0.65,0.45,0.6,20.0,10,49,27,55.1,2.45,1.35,0.2,0.37,1,2,90,52.6,20,90,18,0,,0,1.25,31,38,-7,-0.35,-0.96,0,37,14,12,28,6,20,,,0,,,,,,,,,,,,,,,
ENG-Premier League,2526,Bournemouth,Bafodé Diakité,FRA,DF,24,2001,18,15,1277,14.2,0,0,0,0,0,0,1,0,0.0,0.0,0.0,0.0,0.0,14.2,0,1,0,0.0,0.07,0.0,0.0,,0,0,71,37.3,15,84,13,3,6,19,1.28,21,27,-6,-0.42,-0.84,0,8,4,2,1,10,15,,,0,,,,,,,,,,,,,,,
ENG-Premier League,2526,Bournemouth,Ben Gannon-Doak,SCO,MF,19,2005,8,0,113,1.3,0,1,1,0,0,0,0,0,0.0,0.8,0.8,0.0,0.8,1.3,0,3,1,33.3,2.39,0.8,0.0,0.0,0,0,14,3.3,0,,0,8,14,11,1.63,5,1,4,3.19,3.19,0,3,1,0,4,1,2,,,0,,,,,,,,,,,,,,,
ENG-Premier League,2526,Bournemouth,Ben Winterburn,ENG,MF,20,2004,1,0,7,0.1,0,0,0,0,0,0,0,0,0.0,0.0,0.0,0.0,0.0,0.1,0,0,0,,0.0,0.0,,,0,0,7,0.2,0,,0,1,7,0,0.0,0,2,-2,-25.71,-25.87,0,0,0,0,0,0,0,,,0,,,,,,,,,,,,,,,
ENG-Premier League,2526,Bournemouth,David Brooks,WAL,MF,28,1997,31,13,1204,13.4,1,3,4,1,0,0,7,0,0.07,0.22,0.3,0.07,0.3,13.4,1,48,13,27.1,3.59,0.97,0.02,0.08,0,0,39,35.2,13,67,0,18,19,2,1.52,21,20,1,0.07,-0.05,0,11,13,2,59,4,13,,,0,,,,,,,,,,,,,,,
ENG-Premier League,2526,Bournemouth,Eli Junior Kroupi,FRA,"MF,FW",19,2006,33,21,1672,18.6,13,0,13,11,2,2,5,0,0.7,0.0,0.7,0.59,0.59,18.6,13,52,22,42.3,2.8,1.18,0.25,0.59,2,2,51,48.9,21,71,0,12,16,5,1.45,31,21,10,0.54,0.85,0,27,12,6,10,9,6,,,0,,,,,,,,,,,,,,,
ENG-Premier League,2526,Bournemouth,Enes Ünal,TUR,FW,28,1997,23,0,232,2.6,1,0,1,1,0,0,1,0,0.39,0.0,0.39,0.39,0.39,2.6,1,15,3,20.0,5.82,1.16,0.07,0.33,0,0,10,6.8,0,,0,23,10,4,1.65,8,3,5,1.94,1.97,0,6,10,3,2,0,1,,,0,,,,,,,,,,,,,,,
ENG-Premier League,2526,Bournemouth,Evanilson,BRA,FW,25,1999,36,32,2742,30.5,6,1,7,6,0,0,2,0,0.2,0.03,0.23,0.2,0.23,30.5,6,72,23,31.9,2.36,0.75,0.08,0.26,0,0,76,80.2,32,81,9,4,36,0,1.47,43,40,3,0.1,-0.03,0,26,37,28,3,6,5,,,0,,,,,,,,,,,,,,,
ENG-Premier League,2526,Bournemouth,Hamed Junior Traorè,CIV,MF,25,2000,1,0,17,0.2,0,1,1,0,0,0,0,0,0.0,5.29,5.29,0.0,5.29,0.2,0,0,0,,0.0,0.0,,,0,0,17,0.5,0,,0,1,17,0,0.0,1,2,-1,-5.29,-5.43,0,0,0,0,1,0,0,,,0,,,,,,,,,,,,,,,
ENG-Premier League,2526,Bournemouth,James Hill,ENG,DF,23,2002,29,22,2106,23.4,0,3,3,0,0,0,5,0,0.0,0.13,0.13,0.0,0.13,23.4,0,12,2,16.7,0.51,0.09,0.0,0.0,0,0,73,61.6,22,88,20,7,23,5,1.76,34,24,10,0.43,0.84,0,17,13,2,11,37,20,,,2,,,,,,,,,,,,,,,
ENG-Premier League,2526,Bournemouth,Julio Soler,ARG,DF,20,2005,3,0,35,0.4,0,0,0,0,0,0,0,0,0.0,0.0,0.0,0.0,0.0,0.4,0,0,0,,0.0,0.0,,,0,0,12,1.0,0,,0,3,12,14,1.0,0,2,-2,-5.14,-5.3,0,2,2,0,2,0,0,,,0,,,,,,,,,,,,,,,
ENG-Premier League,2526,Bournemouth,Justin Kluivert,NED,MF,26,1999,20,10,952,10.6,2,0,2,2,0,0,5,0,0.19,0.0,0.19,0.19,0.19,10.6,2,17,4,23.5,1.61,0.38,0.12,0.5,0,0,48,27.8,10,72,0,10,23,1,1.2,16,19,-3,-0.28,-0.54,0,18,10,1,40,4,7,,,0,,,,,,,,,,,,,,,
ENG-Premier League,2526,Bournemouth,Lewis Cook,ENG,"MF,DF",28,1997,18,8,874,9.7,0,1,1,0,0,0,1,1,0.0,0.1,0.1,0.0,0.1,9.7,0,3,0,0.0,0.31,0.0,0.0,,0,0,49,25.6,8,90,8,10,15,1,1.39,15,18,-3,-0.31,-0.56,0,8,5,0,44,21,17,,,0,,,,,,,,,,,,,,,
ENG-Premier League,2526,Bournemouth,Marcos Senesi,ARG,DF,28,1997,37,37,3288,36.5,0,5,5,0,0,0,8,0,0.0,0.14,0.14,0.0,0.14,36.5,0,17,5,29.4,0.47,0.14,0.0,0.0,0,0,89,96.1,37,89,35,0,,0,1.54,56,53,3,0.08,-0.6,0,35,37,1,28,50,34,,,0,,,,,,,,,,,,,,,
ENG-Premier League,2526,Bournemouth,Marcus Tavernier,ENG,MF,26,1999,34,31,2731,30.3,7,4,11,5,2,2,6,0,0.23,0.13,0.36,0.16,0.3,30.3,7,70,24,34.3,2.31,0.79,0.1,0.29,2,2,80,79.9,31,86,15,3,24,0,1.38,45,44,1,0.03,-0.36,0,31,35,4,114,16,21,,,0,,,,,,,,,,,,,,,
ENG-Premier League,2526,Bournemouth,Rayan,BRA,MF,18,2006,15,13,1111,12.3,5,2,7,5,0,0,1,0,0.41,0.16,0.57,0.41,0.57,12.3,5,28,8,28.6,2.27,0.65,0.18,0.63,0,0,74,32.5,13,82,2,2,24,0,1.8,16,10,6,0.49,0.56,0,9,6,1,24,8,6,,,0,,,,,,,,,,,,,,,
ENG-Premier League,2526,Bournemouth,Ryan Christie,SCO,MF,30,1995,26,9,994,11.0,2,0,2,2,0,0,3,1,0.18,0.0,0.18,0.18,0.18,11.0,2,25,8,32.0,2.26,0.72,0.08,0.25,0,0,38,29.1,9,65,0,17,24,1,1.77,16,14,2,0.18,0.11,0,16,22,1,17,11,20,,,0,,,,,,,,,,,,,,,
ENG-Premier League,2526,Bournemouth,Tyler Adams,USA,MF,26,1999,25,21,1772,19.7,2,2,4,2,0,0,8,0,0.1,0.1,0.2,0.1,0.2,19.7,2,10,6,60.0,0.51,0.3,0.2,0.33,0,0,71,51.8,21,79,10,4,28,1,1.52,25,28,-3,-0.15,-0.53,0,36,13,1,3,30,24,,,0,,,,,,,,,,,,,,,
ENG-Premier League,2526,Bournemouth,Veljko Milosavljević,SRB,DF,18,2007,7,4,368,4.1,0,0,0,0,0,0,0,0,0.0,0.0,0.0,0.0,0.0,4.1,0,1,0,0.0,0.24,0.0,0.0,,0,0,53,10.8,4,90,4,3,3,15,1.86,5,6,-1,-0.24,-0.39,0,0,0,0,0,4,4,,,0,,,,,,,,,,,,,,,
ENG-Premier League,2526,Bournemouth,Álex Jiménez,ESP,"DF,MF",20,2005,31,26,2317,25.7,1,0,1,1,0,0,10,0,0.04,0.0,0.04,0.04,0.04,25.7,1,21,4,19.0,0.82,0.16,0.05,0.25,0,0,75,67.7,26,84,12,5,29,1,1.48,41,38,3,0.12,0.03,0,35,20,0,51,27,45,,,0,,,,,,,,,,,,,,,
ENG-Premier League,2526,Bournemouth,Đorđe Petrović,SRB,GK,25,1999,38,38,3420,38.0,0,0,0,0,0,0,3,0,0.0,0.0,0.0,0.0,0.0,38.0,0,0,0,,0.0,0.0,,,0,0,90,100.0,38,90,38,0,,0,1.5,58,54,4,0.11,,0,0,2,0,0,0,0,,,1,54,1.42,163,109,66.9,13,18,7,11,28.9,6,6,0,0,0.0
ENG-Premier League,2526,Brentford,Aaron Hickey,SCO,"DF,MF",23,2002,21,8,691,7.7,0,0,0,0,0,0,1,0,0.0,0.0,0.0,0.0,0.0,7.7,0,6,1,16.7,0.78,0.13,0.0,0.0,0,0,33,20.2,8,68,1,13,11,8,1.48,9,9,0,0.0,-0.1,0,7,9,0,4,8,7,,,0,,,,,,,,,,,,,,,
ENG-Premier League,2526,Brentford,Antoni Milambo,NED,MF,20,2005,1,1,45,0.5,0,0,0,0,0,0,0,0,0.0,0.0,0.0,0.0,0.0,0.5,0,0,0,,0.0,0.0,,,0,0,45,1.3,1,45,0,0,,3,0.0,0,3,-3,-6.0,-6.16,0,0,0,0,0,0,1,,,0,,,,,,,,,,,,,,,
ENG-Premier League,2526,Brentford,Caoimhín Kelleher,IRL,GK,26,1998,37,37,3330,37.0,0,0,0,0,0,0,1,0,0.0,0.0,0.0,0.0,0.0,37.0,0,0,0,,0.0,0.0,,,0,0,90,97.4,37,90,37,0,,0,1.35,51,49,2,0.05,-0.95,0,3,6,0,0,1,0,,,0,49,1.32,154,105,68.2,13,11,13,10,27.0,8,5,3,0,37.5
ENG-Premier League,2526,Brentford,Dango Ouattara,BFA,MF,23,2002,32,25,2276,25.3,7,3,10,7,0,0,5,0,0.28,0.12,0.4,0.28,0.4,25.3,7,56,20,35.7,2.21,0.79,0.13,0.35,0,0,71,66.5,25,84,12,7,25,0,1.25,35,35,0,0.0,-0.24,0,27,39,8,107,24,14,,,0,,,,,,,,,,,,,,,
ENG-Premier League,2526,Brentford,Ethan Pinnock,JAM,DF,32,1993,4,4,318,3.5,0,0,0,0,0,0,1,0,0.0,0.0,0.0,0.0,0.0,3.5,0,1,1,100.0,0.28,0.28,0.0,0.0,0,0,80,9.3,4,80,1,0,,32,0.5,2,5,-3,-0.85,-1.02,0,0,2,0,0,5,5,,,1,,,,,,,,,,,,,,,
ENG-Premier League,2526,Brentford,Fabio Carvalho,POR,MF,22,2002,6,1,102,1.1,1,0,1,1,0,0,0,0,0.88,0.0,0.88,0.88,0.88,1.1,1,2,1,50.0,1.76,0.88,0.5,1.0,0,0,17,3.0,1,90,1,5,2,4,0.17,2,4,-2,-1.76,-1.9,0,0,0,0,5,0,2,,,0,,,,,,,,,,,,,,,
ENG-Premier League,2526,Brentford,Frank Onyeka,NGA,MF,27,1998,6,0,92,1.0,0,1,1,0,0,0,0,0,0.0,0.98,0.98,0.0,0.98,1.0,0,0,0,,0.0,0.0,,,0,0,15,2.7,0,,0,6,15,10,1.5,3,2,1,0.98,0.92,0,3,3,0,0,0,0,,,0,,,,,,,,,,,,,,,
ENG-Premier League,2526,Brentford,Hákon Valdimarsson,ISL,GK,23,2001,1,1,90,1.0,0,0,0,0,0,0,0,0,0.0,0.0,0.0,0.0,0.0,1.0,0,0,0,,0.0,0.0,,,0,0,90,2.6,1,90,1,0,,37,3.0,4,3,1,1.0,0.95,0,0,0,0,0,0,0,,,0,3,3.0,4,1,25.0,1,0,0,0,0.0,0,0,0,0,
ENG-Premier League,2526,Brentford,Igor Thiago,BRA,FW,24,2001,38,37,3282,36.5,22,1,23,14,8,9,7,0,0.6,0.03,0.63,0.38,0.41,36.5,22,84,43,51.2,2.3,1.18,0.26,0.51,8,9,86,96.0,37,88,30,1,31,0,1.39,52,49,3,0.08,0.08,0,74,26,24,19,12,21,,,0,,,,,,,,,,,,,,,
ENG-Premier League,2526,Brentford,Jordan Henderson,ENG,MF,35,1990,32,22,1919,21.3,1,3,4,1,0,0,6,0,0.05,0.14,0.19,0.05,0.19,21.3,1,6,1,16.7,0.28,0.05,0.17,1.0,0,0,60,56.1,22,79,10,10,18,1,1.41,28,28,0,0.0,-0.18,0,13,7,1,48,16,14,,,0,,,,,,,,,,,,,,,
ENG-Premier League,2526,Brentford,Josh Dasilva,ENG,MF,26,1998,2,0,3,0.0,0,0,0,0,0,0,0,0,0.0,0.0,0.0,0.0,0.0,0.0,0,1,0,0.0,30.0,0.0,0.0,,0,0,2,0.1,0,,0,2,2,3,2.0,0,0,0,0.0,-0.08,0,0,0,0,0,0,0,,,0,,,,,,,,,,,,,,,
ENG-Premier League,2526,Brentford,Kaye Furo,BEL,FW,18,2007,1,0,1,0.0,0,0,0,0,0,0,0,0,0.0,0.0,0.0,0.0,0.0,0.0,0,0,0,,0.0,0.0,,,0,0,1,0.0,0,,0,1,1,12,3.0,0,0,0,0.0,-0.08,0,1,0,0,0,0,0,,,0,,,,,,,,,,,,,,,
ENG-Premier League,2526,Brentford,Keane Lewis-Potter,ENG,"DF,MF",24,2001,36,22,1972,21.9,3,3,6,3,0,0,1,0,0.14,0.14,0.27,0.14,0.27,21.9,3,31,9,29.0,1.41,0.41,0.1,0.33,0,0,55,57.7,22,81,10,14,14,2,1.39,28,32,-4,-0.18,-0.62,0,15,36,3,69,10,14,,,0,,,,,,,,,,,,,,,
ENG-Premier League,2526,Brentford,Kevin Schade,GER,"MF,FW",23,2001,35,32,2745,30.5,8,3,11,8,0,1,6,1,0.26,0.1,0.36,0.26,0.36,30.5,8,57,24,42.1,1.87,0.79,0.14,0.33,0,1,78,80.3,32,82,18,3,39,0,1.37,41,34,7,0.23,0.76,0,50,43,10,23,19,27,,,0,,,,,,,,,,,,,,,
ENG-Premier League,2526,Brentford,Kristoffer Ajer,NOR,DF,27,1998,27,20,1810,20.1,0,1,1,0,0,0,4,0,0.0,0.05,0.05,0.0,0.05,20.1,0,10,3,30.0,0.5,0.15,0.0,0.0,0,0,67,52.9,20,83,13,7,20,9,1.37,29,32,-3,-0.15,-0.48,0,23,5,0,7,15,23,,,0,,,,,,,,,,,,,,,
ENG-Premier League,2526,Brentford,Mathias Jensen,DEN,MF,29,1996,36,26,2247,25.0,3,1,4,3,0,0,3,0,0.12,0.04,0.16,0.12,0.16,25.0,3,29,8,27.6,1.16,0.32,0.1,0.38,0,0,62,65.7,26,81,13,10,13,2,1.47,35,33,2,0.08,0.0,0,20,15,2,124,21,23,,,0,,,,,,,,,,,,,,,
ENG-Premier League,2526,Brentford,Michael Kayode,ITA,DF,21,2004,37,37,3258,36.2,1,1,2,1,0,0,8,0,0.03,0.03,0.06,0.03,0.06,36.2,1,9,3,33.3,0.25,0.08,0.11,0.33,0,0,88,95.3,37,88,31,0,,0,1.43,54,49,5,0.14,1.25,0,26,50,1,56,39,47,,,1,,,,,,,,,,,,,,,
ENG-Premier League,2526,Brentford,Mikkel Damsgaard,DEN,MF,25,2000,33,24,2054,22.8,4,4,8,4,0,0,0,0,0.18,0.18,0.35,0.18,0.35,22.8,4,29,11,37.9,1.27,0.48,0.14,0.36,0,0,62,60.1,24,78,9,9,21,2,1.42,37,32,5,0.22,0.35,0,18,23,4,95,24,34,,,0,,,,,,,,,,,,,,,
ENG-Premier League,2526,Brentford,Myles Peart-Harris,ENG,MF,22,2002,1,0,1,0.0,0,0,0,0,0,0,0,0,0.0,0.0,0.0,0.0,0.0,0.0,0,0,0,,0.0,0.0,,,0,0,1,0.0,0,,0,1,1,4,3.0,0,0,0,0.0,-0.08,0,1,0,0,0,0,0,,,0,,,,,,,,,,,,,,,
ENG-Premier League,2526,Brentford,Nathan Collins,IRL,DF,24,2001,35,32,2975,33.1,1,2,3,1,0,0,7,0,0.03,0.06,0.09,0.03,0.09,33.1,1,20,6,30.0,0.61,0.18,0.05,0.17,0,0,85,87.0,32,90,32,3,32,3,1.31,46,44,2,0.06,-0.14,0,20,17,2,1,36,13,,,1,,,,,,,,,,,,,,,
ENG-Premier League,2526,Brentford,Reiss Nelson,ENG,"FW,MF",25,1999,10,0,126,1.4,0,1,1,0,0,0,0,0,0.0,0.71,0.71,0.0,0.71,1.4,0,5,1,20.0,3.57,0.71,0.0,0.0,0,0,13,3.7,0,,0,10,13,14,1.6,7,2,5,3.57,3.63,0,0,2,0,2,0,3,,,0,,,,,,,,,,,,,,,
ENG-Premier League,2526,Brentford,Rico Henry,JAM,DF,28,1997,25,14,1328,14.8,0,1,1,0,0,0,2,0,0.0,0.07,0.07,0.0,0.07,14.8,0,5,0,0.0,0.34,0.0,0.0,,0,0,53,38.8,14,80,6,11,19,4,1.64,28,22,6,0.41,0.54,0,15,17,2,26,7,11,,,0,,,,,,,,,,,,,,,
ENG-Premier League,2526,Brentford,Romelle Donovan,ENG,FW,18,2006,4,0,41,0.5,0,0,0,0,0,0,0,0,0.0,0.0,0.0,0.0,0.0,0.5,0,3,1,33.3,6.59,2.2,0.0,0.0,0,0,10,1.2,0,,0,4,10,19,1.5,2,0,2,4.39,4.36,0,2,3,0,2,0,0,,,0,,,,,,,,,,,,,,,
ENG-Premier League,2526,Brentford,Sepp van den Berg,NED,DF,23,2001,32,30,2763,30.7,0,2,2,0,0,0,2,0,0.0,0.07,0.07,0.0,0.07,30.7,0,23,7,30.4,0.75,0.23,0.0,0.0,0,0,86,80.8,30,90,30,2,32,5,1.34,43,41,2,0.07,-0.07,0,15,11,0,0,26,9,,,0,,,,,,,,,,,,,,,
ENG-Premier League,2526,Brentford,Vitaly Janelt,GER,MF,27,1998,25,15,1443,16.0,1,4,5,1,0,0,8,0,0.06,0.25,0.31,0.06,0.31,16.0,1,12,3,25.0,0.75,0.19,0.08,0.33,0,0,58,42.2,15,82,11,10,21,3,1.4,26,21,5,0.31,0.4,0,20,13,0,61,27,17,,,0,,,,,,,,,,,,,,,
ENG-Premier League,2526,Brentford,Yehor Yarmoliuk,UKR,MF,21,2004,37,30,2659,29.5,1,2,3,1,0,0,7,0,0.03,0.07,0.1,0.03,0.1,29.5,1,16,4,25.0,0.54,0.14,0.06,0.25,0,0,72,77.7,30,83,15,7,26,0,1.41,42,42,0,0.0,-0.35,0,37,12,1,30,28,46,,,0,,,,,,,,,,,,,,,
ENG-Premier League,2526,Brighton,Bart Verbruggen,NED,GK,22,2002,38,38,3420,38.0,0,0,0,0,0,0,3,0,0.0,0.0,0.0,0.0,0.0,38.0,0,0,0,,0.0,0.0,,,0,0,90,100.0,38,90,38,0,,0,1.39,52,46,6,0.16,,0,2,2,0,0,0,1,,,1,46,1.21,151,103,69.5,14,11,13,10,26.3,6,5,1,0,16.7
ENG-Premier League,2526,Brighton,Brajan Gruda,GER,MF,21,2004,18,8,719,8.0,1,1,2,1,0,0,2,0,0.13,0.13,0.25,0.13,0.25,8.0,1,16,6,37.5,2.0,0.75,0.06,0.17,0,0,40,21.0,8,69,0,10,17,1,1.28,14,11,3,0.38,0.28,0,11,14,2,14,2,5,,,0,,,,,,,,,,,,,,,
ENG-Premier League,2526,Brighton,Carlos Baleba,CMR,MF,21,2004,31,23,1652,18.4,0,0,0,0,0,0,5,0,0.0,0.0,0.0,0.0,0.0,18.4,0,20,2,10.0,1.09,0.11,0.0,0.0,0,0,53,48.3,23,66,3,8,16,1,1.39,20,20,0,0.0,-0.31,0,31,24,0,0,28,21,,,0,,,,,,,,,,,,,,,
ENG-Premier League,2526,Brighton,Charalampos Kostoulas,GRE,FW,18,2007,21,2,369,4.1,2,1,3,2,0,0,2,0,0.49,0.24,0.73,0.49,0.73,4.1,2,21,8,38.1,5.12,1.95,0.1,0.25,0,0,18,10.8,2,76,0,19,11,8,0.9,8,9,-1,-0.24,-0.45,0,7,7,4,6,1,6,,,0,,,,,,,,,,,,,,,
ENG-Premier League,2526,Brighton,Danny Welbeck,ENG,FW,34,1990,37,26,2258,25.1,13,1,14,12,1,3,5,0,0.52,0.04,0.56,0.48,0.52,25.1,13,56,28,50.0,2.23,1.12,0.23,0.46,1,3,61,66.0,26,79,7,11,18,0,1.41,33,28,5,0.2,0.12,0,31,10,5,3,8,14,,,0,,,,,,,,,,,,,,,
ENG-Premier League,2526,Brighton,Diego Coppola,ITA,DF,21,2003,5,2,194,2.2,0,0,0,0,0,0,2,0,0.0,0.0,0.0,0.0,0.0,2.2,0,0,0,,0.0,0.0,,,0,0,39,5.7,2,88,1,3,6,17,1.6,1,3,-2,-0.93,-1.15,0,4,0,0,0,1,2,,,0,,,,,,,,,,,,,,,
ENG-Premier League,2526,Brighton,Diego Gómez,PAR,"MF,FW",22,2003,32,26,2120,23.6,5,1,6,5,0,0,9,0,0.21,0.04,0.25,0.21,0.25,23.6,5,42,14,33.3,1.78,0.59,0.12,0.36,0,0,66,62.0,26,75,2,6,28,0,1.41,26,29,-3,-0.13,-0.75,0,49,11,1,23,19,49,,,0,,,,,,,,,,,,,,,
ENG-Premier League,2526,Brighton,Ferdi Kadioglu,TUR,"DF,MF",25,1999,37,34,3133,34.8,1,0,1,1,0,0,6,0,0.03,0.0,0.03,0.03,0.03,34.8,1,28,13,46.4,0.8,0.37,0.04,0.08,0,0,85,91.6,34,89,30,3,38,1,1.35,46,41,5,0.14,-0.17,0,22,36,7,109,25,39,,,0,,,,,,,,,,,,,,,
ENG-Premier League,2526,Brighton,Georginio Rutter,FRA,"MF,FW",23,2002,32,20,1786,19.8,3,3,6,3,0,0,2,0,0.15,0.15,0.3,0.15,0.3,19.8,3,42,14,33.3,2.12,0.71,0.07,0.21,0,0,56,52.2,20,78,4,12,19,4,1.38,27,20,7,0.35,0.41,0,30,34,11,20,11,19,,,1,,,,,,,,,,,,,,,
ENG-Premier League,2526,Brighton,Harry Howell,ENG,MF,17,2008,3,1,94,1.0,0,0,0,0,0,0,0,0,0.0,0.0,0.0,0.0,0.0,1.0,0,0,0,,0.0,0.0,,,0,0,31,2.7,1,70,0,2,12,4,0.0,0,2,-2,-1.91,-2.13,0,0,0,1,4,0,0,,,0,,,,,,,,,,,,,,,
ENG-Premier League,2526,Brighton,Jack Hinshelwood,ENG,MF,20,2005,27,20,1741,19.3,4,3,7,4,0,0,0,0,0.21,0.16,0.36,0.21,0.36,19.3,4,37,15,40.5,1.91,0.78,0.11,0.27,0,0,64,50.9,20,76,4,7,32,2,1.33,23,23,0,0.0,-0.32,0,32,12,2,7,6,13,,,1,,,,,,,,,,,,,,,
ENG-Premier League,2526,Brighton,James Milner,ENG,MF,39,1986,20,7,784,8.7,1,1,2,0,1,1,2,0,0.11,0.11,0.23,0.0,0.11,8.7,1,8,2,25.0,0.92,0.23,0.13,0.5,1,1,39,22.9,7,76,1,13,19,8,1.4,16,17,-1,-0.11,-0.35,0,15,3,1,14,5,9,,,0,,,,,,,,,,,,,,,
ENG-Premier League,2526,Brighton,Jan Paul van Hecke,NED,DF,25,2000,36,36,3210,35.7,3,3,6,3,0,0,9,0,0.08,0.08,0.17,0.08,0.17,35.7,3,23,10,43.5,0.64,0.28,0.13,0.3,0,0,89,93.9,36,89,35,0,,0,1.44,52,44,8,0.22,1.08,0,27,43,4,23,45,31,,,1,,,,,,,,,,,,,,,
ENG-Premier League,2526,Brighton,Joe Knight,ENG,MF,19,2005,1,0,1,0.0,0,0,0,0,0,0,0,0,0.0,0.0,0.0,0.0,0.0,0.0,0,0,0,,0.0,0.0,,,0,0,1,0.0,0,,0,1,1,4,3.0,0,0,0,0.0,-0.16,0,0,0,0,0,0,0,,,0,,,,,,,,,,,,,,,
ENG-Premier League,2526,Brighton,Joël Veltman,NED,DF,33,1992,24,9,1058,11.8,1,0,1,1,0,0,5,0,0.09,0.0,0.09,0.09,0.09,11.8,1,4,1,25.0,0.34,0.09,0.25,1.0,0,0,44,30.9,9,83,7,15,21,9,1.75,18,12,6,0.51,0.51,0,10,22,2,18,19,17,,,0,,,,,,,,,,,,,,,
ENG-Premier League,2526,Brighton,Kaoru Mitoma,JPN,"MF,FW",28,1997,25,19,1721,19.1,3,1,4,3,0,0,5,0,0.16,0.05,0.21,0.16,0.21,19.1,3,32,13,40.6,1.67,0.68,0.09,0.23,0,0,69,50.3,19,82,10,6,28,0,1.4,24,20,4,0.21,0.1,0,31,21,4,46,8,12,,,0,,,,,,,,,,,,,,,
ENG-Premier League,2526,Brighton,Lewis Dunk,ENG,DF,33,1991,33,31,2838,31.5,1,0,1,1,0,0,10,0,0.03,0.0,0.03,0.03,0.03,31.5,1,23,3,13.0,0.73,0.1,0.04,0.33,0,0,86,83.0,31,90,31,2,24,1,1.36,44,40,4,0.13,-0.18,0,14,12,1,5,30,22,,,0,,,,,,,,,,,,,,,
ENG-Premier League,2526,Brighton,Mats Wieffer,NED,DF,25,1999,26,23,1903,21.1,2,3,5,2,0,0,8,0,0.09,0.14,0.24,0.09,0.24,21.1,2,18,6,33.3,0.85,0.28,0.11,0.33,0,0,73,55.6,23,79,14,3,29,0,1.54,31,26,5,0.24,0.18,0,30,22,2,17,24,43,,,0,,,,,,,,,,,,,,,
ENG-Premier League,2526,Brighton,Matt O'Riley,DEN,MF,24,2000,6,2,204,2.3,1,0,1,0,1,1,0,0,0.44,0.0,0.44,0.0,0.0,2.3,1,4,2,50.0,1.76,0.88,0.25,0.5,1,1,34,6.0,2,89,1,4,7,7,1.33,2,3,-1,-0.44,-0.64,0,2,1,1,6,0,2,,,0,,,,,,,,,,,,,,,
ENG-Premier League,2526,Brighton,Maxim De Cuyper,BEL,"DF,MF",24,2000,30,17,1414,15.7,2,3,5,2,0,0,2,0,0.13,0.19,0.32,0.13,0.32,15.7,2,13,6,46.2,0.83,0.38,0.15,0.33,0,0,47,41.3,17,70,5,13,17,6,1.4,21,23,-2,-0.13,-0.49,0,18,21,1,77,11,10,,,0,,,,,,,,,,,,,,,
ENG-Premier League,2526,Brighton,Nehemiah Oriola,ENG,MF,18,2007,1,0,1,0.0,0,0,0,0,0,0,0,0,0.0,0.0,0.0,0.0,0.0,0.0,0,0,0,,0.0,0.0,,,0,0,1,0.0,0,,0,1,1,6,3.0,0,0,0,0.0,-0.16,0,0,0,0,0,0,0,,,0,,,,,,,,,,,,,,,
ENG-Premier League,2526,Brighton,Olivier Boscagli,FRA,DF,27,1997,12,9,802,8.9,0,1,1,0,0,0,2,0,0.0,0.11,0.11,0.0,0.11,8.9,0,1,0,0.0,0.11,0.0,0.0,,0,0,67,23.5,9,85,7,3,13,26,1.08,11,10,1,0.11,-0.06,0,7,10,0,15,16,11,,,0,,,,,,,,,,,,,,,
ENG-Premier League,2526,Brighton,Pascal Groß,GER,MF,34,1991,19,18,1636,18.2,1,3,4,1,0,0,2,0,0.06,0.17,0.22,0.06,0.22,18.2,1,18,9,50.0,0.99,0.5,0.06,0.11,0,0,86,47.8,18,90,16,1,20,0,1.47,22,17,5,0.28,0.22,0,17,12,4,119,11,17,,,0,,,,,,,,,,,,,,,
ENG-Premier League,2526,Brighton,Solly March,ENG,MF,31,1994,4,0,41,0.5,0,0,0,0,0,0,0,0,0.0,0.0,0.0,0.0,0.0,0.5,0,1,1,100.0,2.2,2.2,0.0,0.0,0,0,10,1.2,0,,0,4,10,2,1.5,0,1,-1,-2.2,-2.38,0,0,1,0,4,0,2,,,0,,,,,,,,,,,,,,,
ENG-Premier League,2526,Brighton,Stefanos Tzimas,GRE,FW,19,2006,9,1,139,1.5,1,1,2,1,0,0,0,0,0.65,0.65,1.29,0.65,1.29,1.5,1,4,1,25.0,2.59,0.65,0.25,1.0,0,0,15,4.1,1,23,0,8,15,2,1.56,7,2,5,3.24,3.21,0,4,1,1,1,0,1,,,0,,,,,,,,,,,,,,,
ENG-Premier League,2526,Brighton,Tom Watson,ENG,MF,19,2006,6,0,62,0.7,0,0,0,0,0,0,1,0,0.0,0.0,0.0,0.0,0.0,0.7,0,1,1,100.0,1.45,1.45,0.0,0.0,0,0,10,1.8,0,,0,6,10,5,1.33,2,2,0,0.0,-0.16,0,3,0,0,0,0,1,,,0,,,,,,,,,,,,,,,
ENG-Premier League,2526,Brighton,Yankuba Minteh,GAM,MF,21,2004,34,26,2391,26.6,3,4,7,3,0,0,3,0,0.11,0.15,0.26,0.11,0.26,26.6,3,41,11,26.8,1.54,0.41,0.07,0.27,0,0,70,69.9,26,83,11,8,29,2,1.26,39,33,6,0.23,0.23,0,32,22,10,159,15,37,,,0,,,,,,,,,,,,,,,
ENG-Premier League,2526,Brighton,Yasin Ayari,SWE,MF,21,2003,29,20,1929,21.4,3,3,6,3,0,0,1,0,0.14,0.14,0.28,0.14,0.28,21.4,3,41,10,24.4,1.91,0.47,0.07,0.3,0,0,67,56.4,20,86,15,9,22,2,1.55,32,24,8,0.37,0.49,0,24,28,0,24,26,25,,,0,,,,,,,,,,,,,,,
ENG-Premier League,2526,Burnley,Armando Broja,ALB,FW,23,2001,24,8,860,9.6,1,1,2,1,0,0,0,0,0.1,0.1,0.21,0.1,0.21,9.6,1,16,6,37.5,1.67,0.63,0.06,0.17,0,0,36,25.1,8,79,2,16,14,5,0.25,11,27,-16,-1.67,-0.94,0,14,16,6,3,3,3,,,0,,,,,,,,,,,,,,,
ENG-Premier League,2526,Burnley,Ashley Barnes,ENG,"FW,MF",35,1989,7,0,46,0.5,0,0,0,0,0,0,2,0,0.0,0.0,0.0,0.0,0.0,0.5,0,2,1,50.0,3.91,1.96,0.0,0.0,0,0,7,1.3,0,,0,7,7,10,0.75,2,4,-2,-3.91,-2.98,0,2,2,2,0,0,0,,,0,,,,,,,,,,,,,,,
ENG-Premier League,2526,Burnley,Axel Tuanzebe,COD,DF,27,1997,14,14,1201,13.3,1,0,1,1,0,0,1,0,0.07,0.0,0.07,0.07,0.07,13.3,1,2,1,50.0,0.15,0.07,0.5,1.0,0,0,86,35.1,14,86,12,0,,0,0.71,16,26,-10,-0.75,0.35,0,13,2,1,1,12,8,,,1,,,,,,,,,,,,,,,
ENG-Premier League,2526,Burnley,Bashir Humphreys,ENG,"DF,MF",22,2003,20,17,1578,17.5,0,0,0,0,0,0,6,0,0.0,0.0,0.0,0.0,0.0,17.5,0,9,3,33.3,0.51,0.17,0.0,0.0,0,0,79,46.1,17,88,13,3,29,6,0.5,15,33,-18,-1.03,-0.1,0,14,10,2,17,11,17,,,0,,,,,,,,,,,,,,,
ENG-Premier League,2526,Burnley,Florentino Luís,POR,MF,25,1999,31,25,2105,23.4,0,2,2,0,0,0,6,0,0.0,0.09,0.09,0.0,0.09,23.4,0,13,2,15.4,0.56,0.09,0.0,0.0,0,0,68,61.5,25,79,9,6,20,4,0.52,20,45,-25,-1.07,-0.25,0,40,8,1,11,40,49,,,0,,,,,,,,,,,,,,,
ENG-Premier League,2526,Burnley,Hannibal Mejbri,TUN,MF,22,2003,27,15,1229,13.7,1,4,5,1,0,0,10,0,0.07,0.29,0.37,0.07,0.37,13.7,1,19,5,26.3,1.39,0.37,0.05,0.2,0,0,46,35.9,15,70,3,12,15,2,0.74,16,27,-11,-0.81,0.26,0,23,46,3,30,7,17,,,0,,,,,,,,,,,,,,,
ENG-Premier League,2526,Burnley,Hjalmar Ekdal,SWE,DF,26,1998,19,17,1539,17.1,0,0,0,0,0,0,0,0,0.0,0.0,0.0,0.0,0.0,17.1,0,6,1,16.7,0.35,0.06,0.0,0.0,0,0,81,45.0,17,89,15,2,9,14,0.53,13,34,-21,-1.23,-0.46,0,5,7,2,1,12,17,,,0,,,,,,,,,,,,,,,
ENG-Premier League,2526,Burnley,Jacob Bruun Larsen,DEN,"MF,FW",26,1998,28,10,1030,11.4,0,1,1,0,0,0,0,0,0.0,0.09,0.09,0.0,0.09,11.4,0,17,4,23.5,1.49,0.35,0.0,0.0,0,0,37,30.1,10,67,0,18,20,4,0.61,12,29,-17,-1.49,-0.73,0,1,0,4,42,6,3,,,0,,,,,,,,,,,,,,,
ENG-Premier League,2526,Burnley,Jaidon Anthony,ENG,MF,25,1999,37,32,2722,30.2,8,2,10,8,0,0,4,0,0.26,0.07,0.33,0.26,0.33,30.2,8,55,23,41.8,1.82,0.76,0.15,0.35,0,0,74,79.6,32,82,13,5,17,1,0.59,30,59,-29,-0.96,0.07,0,27,47,9,80,16,21,,,0,,,,,,,,,,,,,,,
ENG-Premier League,2526,Burnley,James Ward-Prowse,ENG,MF,30,1994,13,7,684,7.6,0,1,1,0,0,0,1,0,0.0,0.13,0.13,0.0,0.13,7.6,0,3,2,66.7,0.39,0.26,0.0,0.0,0,0,53,20.0,7,82,4,6,18,1,0.54,6,16,-10,-1.32,-0.43,0,4,11,0,52,15,4,,,0,,,,,,,,,,,,,,,
ENG-Premier League,2526,Burnley,Jaydon Amauri Banel,NED,"FW,MF",20,2004,1,0,10,0.1,0,0,0,0,0,0,0,0,0.0,0.0,0.0,0.0,0.0,0.1,0,0,0,,0.0,0.0,,,0,0,10,0.3,0,,0,1,10,1,0.0,0,0,0,0.0,0.98,0,0,1,0,0,0,0,,,0,,,,,,,,,,,,,,,
ENG-Premier League,2526,Burnley,Joe Worrall,ENG,DF,28,1997,11,5,500,5.6,0,0,0,0,0,0,0,0,0.0,0.0,0.0,0.0,0.0,5.6,0,1,0,0.0,0.18,0.0,0.0,,0,0,45,14.6,5,83,4,6,14,13,0.82,10,11,-1,-0.18,0.93,0,4,1,0,0,6,2,,,0,,,,,,,,,,,,,,,
ENG-Premier League,2526,Burnley,Josh Cullen,IRL,MF,29,1996,18,18,1514,16.8,2,2,4,2,0,0,2,0,0.12,0.12,0.24,0.12,0.24,16.8,2,11,6,54.5,0.65,0.36,0.18,0.33,0,0,84,44.3,18,84,12,0,,0,0.67,18,29,-11,-0.65,0.57,0,16,18,0,12,24,19,,,1,,,,,,,,,,,,,,,
ENG-Premier League,2526,Burnley,Josh Laurent,ENG,"DF,MF",30,1995,33,18,1764,19.6,1,0,1,1,0,0,7,1,0.05,0.0,0.05,0.05,0.05,19.6,1,15,4,26.7,0.77,0.2,0.07,0.25,0,0,53,51.6,18,81,9,15,20,4,0.64,17,40,-23,-1.17,-0.41,0,31,11,2,14,28,25,,,0,,,,,,,,,,,,,,,
ENG-Premier League,2526,Burnley,Kyle Walker,ENG,"DF,MF",35,1990,36,35,3096,34.4,0,2,2,0,0,0,9,0,0.0,0.06,0.06,0.0,0.06,34.4,0,4,0,0.0,0.12,0.0,0.0,,0,0,86,90.5,35,88,32,1,9,1,0.61,31,66,-35,-1.02,-0.46,0,32,22,1,37,43,32,,,0,,,,,,,,,,,,,,,
ENG-Premier League,2526,Burnley,Lesley Ugochukwu,FRA,MF,21,2004,35,27,2336,26.0,3,1,4,3,0,0,3,1,0.12,0.04,0.15,0.12,0.15,26.0,3,23,8,34.8,0.89,0.31,0.13,0.38,0,0,67,68.3,27,78,5,8,29,2,0.6,28,50,-22,-0.85,0.4,1,28,30,1,7,17,26,,,0,,,,,,,,,,,,,,,
ENG-Premier League,2526,Burnley,Loum Tchaouna,FRA,"MF,FW",21,2003,29,14,1272,14.1,2,1,3,2,0,0,2,0,0.14,0.07,0.21,0.14,0.21,14.1,2,23,9,39.1,1.63,0.64,0.09,0.22,0,0,44,37.2,14,71,2,15,18,9,0.41,13,24,-11,-0.78,0.31,0,12,16,1,34,2,9,,,0,,,,,,,,,,,,,,,
ENG-Premier League,2526,Burnley,Lucas,BRA,"MF,DF",24,2001,20,15,1409,15.7,0,0,0,0,0,0,1,1,0.0,0.0,0.0,0.0,0.0,15.7,0,16,4,25.0,1.02,0.26,0.0,0.0,0,0,70,41.2,15,87,14,5,21,13,0.45,16,29,-13,-0.83,0.24,0,15,4,5,56,19,22,,,0,,,,,,,,,,,,,,,
ENG-Premier League,2526,Burnley,Lyle Foster,RSA,"FW,MF",24,2000,26,15,1371,15.2,3,2,5,3,0,0,4,0,0.2,0.13,0.33,0.2,0.33,15.2,3,20,6,30.0,1.31,0.39,0.15,0.5,0,0,53,40.1,15,75,3,11,22,2,0.58,11,30,-19,-1.25,-0.46,0,22,13,11,6,4,12,,,0,,,,,,,,,,,,,,,
ENG-Premier League,2526,Burnley,Marcus Edwards,ENG,"MF,FW",26,1998,23,11,1067,11.9,1,3,4,1,0,0,0,0,0.08,0.25,0.34,0.08,0.34,11.9,1,23,6,26.1,1.94,0.51,0.04,0.17,0,0,46,31.2,11,79,2,12,16,12,0.48,14,18,-4,-0.34,0.92,0,7,18,1,19,3,6,,,0,,,,,,,,,,,,,,,
ENG-Premier League,2526,Burnley,Martin Dúbravka,SVK,GK,36,1989,35,35,3150,35.0,0,0,0,0,0,0,1,0,0.0,0.0,0.0,0.0,0.0,35.0,0,0,0,,0.0,0.0,,,0,0,90,92.1,35,90,35,0,,3,0.57,35,71,-36,-1.03,-0.7,0,0,8,0,0,0,1,,,0,71,2.03,198,127,64.1,4,8,23,4,11.4,7,6,0,1,0.0
ENG-Premier League,2526,Burnley,Max Weiß,GER,GK,21,2004,3,3,270,3.0,0,0,0,0,0,0,0,0,0.0,0.0,0.0,0.0,0.0,3.0,0,0,0,,0.0,0.0,,,0,0,90,7.9,3,90,3,0,,35,0.67,3,4,-1,-0.33,0.7,0,0,0,0,0,0,0,,,0,4,1.33,14,10,71.4,0,2,1,0,0.0,1,1,0,0,0.0
ENG-Premier League,2526,Burnley,Maxime Estève,FRA,DF,23,2002,34,34,2932,32.6,0,0,0,0,0,0,1,0,0.0,0.0,0.0,0.0,0.0,32.6,0,10,1,10.0,0.31,0.03,0.0,0.0,0,0,86,85.7,34,86,28,0,,0,0.56,34,70,-36,-1.11,-0.92,0,13,12,0,6,37,27,,,2,,,,,,,,,,,,,,,
ENG-Premier League,2526,Burnley,Mike Trésor,BEL,"FW,MF",26,1999,6,0,43,0.5,0,0,0,0,0,0,0,0,0.0,0.0,0.0,0.0,0.0,0.5,0,0,0,,0.0,0.0,,,0,0,7,1.3,0,,0,6,7,2,0.33,2,2,0,0.0,0.99,0,0,0,0,3,0,1,,,0,,,,,,,,,,,,,,,
ENG-Premier League,2526,Burnley,Oliver Sonne,PER,DF,24,2000,7,1,169,1.9,1,0,1,1,0,0,0,0,0.53,0.0,0.53,0.53,0.53,1.9,1,3,1,33.3,1.6,0.53,0.33,1.0,0,0,24,4.9,1,73,0,6,16,3,0.71,3,4,-1,-0.53,0.46,0,4,0,0,5,1,1,,,0,,,,,,,,,,,,,,,
ENG-Premier League,2526,Burnley,Quilindschy Hartman,NED,DF,23,2001,21,21,1825,20.3,0,5,5,0,0,0,1,0,0.0,0.25,0.25,0.0,0.25,20.3,0,9,3,33.3,0.44,0.15,0.0,0.0,0,0,87,53.4,21,87,16,0,,9,0.52,18,40,-22,-1.08,-0.24,0,13,3,1,74,32,31,,,0,,,,,,,,,,,,,,,
ENG-Premier League,2526,Burnley,Zeki Amdouni,SUI,"FW,MF",24,2000,4,0,73,0.8,0,0,0,0,0,0,0,0,0.0,0.0,0.0,0.0,0.0,0.8,0,3,1,33.3,3.7,1.23,0.0,0.0,0,0,18,2.1,0,,0,4,18,0,0.5,0,0,0,0.0,0.99,0,1,1,0,0,0,0,,,0,,,,,,,,,,,,,,,
ENG-Premier League,2526,Burnley,Zian Flemming,NED,FW,26,1998,29,21,1769,19.7,11,0,11,9,2,2,5,0,0.56,0.0,0.56,0.46,0.46,19.7,11,52,21,40.4,2.65,1.07,0.21,0.52,2,2,61,51.7,21,79,6,8,13,3,0.66,23,35,-12,-0.61,0.75,0,51,26,3,6,6,10,,,0,,,,,,,,,,,,,,,
ENG-Premier League,2526,Chelsea,Alejandro Garnacho,ARG,MF,21,2004,24,14,1268,14.1,1,4,5,1,0,0,2,0,0.07,0.28,0.35,0.07,0.35,14.1,1,33,7,21.2,2.34,0.5,0.03,0.14,0,0,53,37.1,14,68,4,10,31,9,1.46,20,20,0,0.0,-0.25,0,9,23,2,61,4,13,,,0,,,,,,,,,,,,,,,
ENG-Premier League,2526,Chelsea,Andrey Santos,BRA,MF,21,2004,27,13,1260,14.0,1,0,1,1,0,0,4,0,0.07,0.0,0.07,0.07,0.07,14.0,1,11,2,18.2,0.79,0.14,0.09,0.5,0,0,47,36.8,13,71,4,14,24,10,1.48,21,18,3,0.21,0.09,0,13,22,1,2,18,21,,,0,,,,,,,,,,,,,,,
ENG-Premier League,2526,Chelsea,Benoît Badiashile,FRA,DF,24,2001,8,6,471,5.2,0,0,0,0,0,0,2,0,0.0,0.0,0.0,0.0,0.0,5.2,0,0,0,,0.0,0.0,,,0,0,59,13.8,6,69,3,2,29,11,1.63,7,10,-3,-0.57,-0.85,0,6,2,0,0,9,5,,,0,,,,,,,,,,,,,,,
ENG-Premier League,2526,Chelsea,Cole Palmer,ENG,MF,23,2002,26,24,1955,21.7,10,1,11,5,5,6,5,0,0.46,0.05,0.51,0.23,0.28,21.7,10,64,25,39.1,2.95,1.15,0.16,0.4,5,6,75,57.2,24,79,12,2,33,1,1.04,32,33,-1,-0.05,-0.48,0,13,37,2,35,13,12,,,0,,,,,,,,,,,,,,,
ENG-Premier League,2526,Chelsea,Dario Essugo,POR,MF,20,2005,3,0,30,0.3,0,0,0,0,0,0,2,0,0.0,0.0,0.0,0.0,0.0,0.3,0,0,0,,0.0,0.0,,,0,0,10,0.9,0,,0,3,10,7,1.0,0,1,-1,-3.0,-3.19,0,3,1,0,0,0,3,,,0,,,,,,,,,,,,,,,
ENG-Premier League,2526,Chelsea,Enzo Fernández,ARG,MF,24,2001,36,35,3115,34.6,10,4,14,8,2,2,10,0,0.29,0.12,0.4,0.23,0.35,34.6,10,72,31,43.1,2.08,0.9,0.14,0.32,2,2,87,91.1,35,88,28,1,37,0,1.36,53,46,7,0.2,0.5,0,36,45,1,89,20,24,,,0,,,,,,,,,,,,,,,
ENG-Premier League,2526,Chelsea,Estêvão Willian,BRA,MF,18,2007,22,12,848,9.4,2,2,4,2,0,0,4,0,0.21,0.21,0.42,0.21,0.42,9.4,2,28,8,28.6,2.97,0.85,0.07,0.25,0,0,39,24.8,12,54,0,10,20,3,1.36,19,11,8,0.85,0.92,0,12,9,6,16,4,6,,,0,,,,,,,,,,,,,,,
ENG-Premier League,2526,Chelsea,Facundo Buonanotte,ARG,MF,20,2004,1,1,45,0.5,0,0,0,0,0,0,0,0,0.0,0.0,0.0,0.0,0.0,0.5,0,0,0,,0.0,0.0,,,0,0,45,1.3,1,45,0,0,,4,1.0,0,1,-1,-2.0,-2.19,0,0,0,0,0,0,0,,,0,,,,,,,,,,,,,,,
ENG-Premier League,2526,Chelsea,Filip Jørgensen,DEN,GK,23,2002,5,3,379,4.2,0,0,0,0,0,0,0,0,0.0,0.0,0.0,0.0,0.0,4.2,0,0,0,,0.0,0.0,,,0,0,76,11.1,3,90,3,2,55,23,1.0,8,5,3,0.71,0.62,0,0,0,0,0,1,0,,,0,5,1.19,13,8,61.5,1,2,0,0,0.0,0,0,0,0,
ENG-Premier League,2526,Chelsea,Jamie Gittens,ENG,MF,20,2004,16,5,495,5.5,0,2,2,0,0,0,0,0,0.0,0.36,0.36,0.0,0.36,5.5,0,10,2,20.0,1.82,0.36,0.0,0.0,0,0,31,14.5,5,57,1,11,19,6,2.06,7,7,0,0.0,-0.18,0,6,8,2,13,2,4,,,0,,,,,,,,,,,,,,,
ENG-Premier League,2526,Chelsea,Jesse Derry,ENG,MF,18,2007,1,1,44,0.5,0,0,0,0,0,0,0,0,0.0,0.0,0.0,0.0,0.0,0.5,0,2,1,50.0,4.09,2.05,0.0,0.0,0,0,44,1.3,1,44,0,0,,3,0.0,0,2,-2,-4.09,-4.3,0,0,1,0,2,0,1,,,0,,,,,,,,,,,,,,,
ENG-Premier League,2526,Chelsea,Jorrel Hato,NED,DF,19,2006,22,12,1148,12.8,0,0,0,0,0,0,7,0,0.0,0.0,0.0,0.0,0.0,12.8,0,4,0,0.0,0.31,0.0,0.0,,0,0,52,33.6,12,77,7,10,23,13,1.32,13,27,-14,-1.1,-1.89,0,15,2,0,7,17,19,,,0,,,,,,,,,,,,,,,
ENG-Premier League,2526,Chelsea,Joshua Acheampong,ENG,DF,19,2006,17,8,666,7.4,1,0,1,1,0,0,1,0,0.14,0.0,0.14,0.14,0.14,7.4,1,4,2,50.0,0.54,0.27,0.25,0.5,0,0,39,19.5,8,71,1,9,11,18,1.18,10,13,-3,-0.41,-0.7,0,2,9,2,1,12,8,,,0,,,,,,,,,,,,,,,
ENG-Premier League,2526,Chelsea,João Pedro,BRA,"FW,MF",23,2001,35,31,2661,29.6,15,5,20,15,0,0,5,0,0.51,0.17,0.68,0.51,0.68,29.6,15,73,28,38.4,2.47,0.95,0.21,0.54,0,0,76,77.8,31,82,14,4,31,0,1.4,48,36,12,0.41,1.12,0,38,55,16,18,6,17,,,0,,,,,,,,,,,,,,,
ENG-Premier League,2526,Chelsea,Levi Colwill,ENG,DF,22,2003,3,2,225,2.5,0,0,0,0,0,0,0,0,0.0,0.0,0.0,0.0,0.0,2.5,0,0,0,,0.0,0.0,,,0,0,75,6.6,2,90,2,1,45,0,0.33,3,4,-1,-0.4,-0.6,0,1,2,0,1,5,2,,,0,,,,,,,,,,,,,,,
ENG-Premier League,2526,Chelsea,Liam Delap,ENG,FW,22,2003,28,12,1107,12.3,1,0,1,1,0,0,4,0,0.08,0.0,0.08,0.08,0.08,12.3,1,36,11,30.6,2.93,0.89,0.03,0.09,0,0,40,32.4,12,67,3,16,19,1,1.32,19,18,1,0.08,-0.11,0,25,19,5,6,1,3,,,0,,,,,,,,,,,,,,,
ENG-Premier League,2526,Chelsea,Malo Gusto,FRA,"DF,MF",22,2003,34,26,2261,25.1,2,3,5,2,0,0,5,1,0.08,0.12,0.2,0.08,0.2,25.1,2,12,6,50.0,0.48,0.24,0.17,0.33,0,0,67,66.1,26,80,10,8,24,1,1.32,42,35,7,0.28,0.36,1,20,20,1,58,30,23,,,1,,,,,,,,,,,,,,,
ENG-Premier League,2526,Chelsea,Mamadou Sarr,SEN,DF,19,2005,3,1,102,1.1,0,0,0,0,0,0,0,0,0.0,0.0,0.0,0.0,0.0,1.1,0,1,0,0.0,0.88,0.0,0.0,,0,0,34,3.0,1,89,0,2,7,7,1.33,1,3,-2,-1.76,-1.98,0,0,0,0,0,1,0,,,0,,,,,,,,,,,,,,,
ENG-Premier League,2526,Chelsea,Marc Cucurella,ESP,DF,27,1998,34,31,2707,30.1,1,4,5,1,0,0,8,1,0.03,0.13,0.17,0.03,0.17,30.1,1,20,6,30.0,0.66,0.2,0.05,0.17,0,0,80,79.2,31,84,26,3,34,0,1.44,46,37,9,0.3,0.68,0,45,29,5,41,28,40,,,0,,,,,,,,,,,,,,,
ENG-Premier League,2526,Chelsea,Marc Guiu,ESP,FW,19,2006,8,1,257,2.9,0,1,1,0,0,0,1,0,0.0,0.35,0.35,0.0,0.35,2.9,0,12,2,16.7,4.2,0.7,0.0,0.0,0,0,32,7.5,1,75,0,7,26,17,1.63,6,2,4,1.4,1.34,0,9,2,2,0,0,0,,,0,,,,,,,,,,,,,,,
ENG-Premier League,2526,Chelsea,Moisés Caicedo,ECU,MF,23,2001,33,32,2795,31.1,3,1,4,3,0,0,11,1,0.1,0.03,0.13,0.1,0.13,31.1,3,27,7,25.9,0.87,0.23,0.11,0.43,0,0,85,81.7,32,86,26,1,45,1,1.33,51,46,5,0.16,0.02,0,54,55,0,8,59,47,,,0,,,,,,,,,,,,,,,
ENG-Premier League,2526,Chelsea,Pedro Neto,POR,"MF,FW",25,2000,34,30,2631,29.2,5,6,11,5,0,0,4,1,0.17,0.21,0.38,0.17,0.38,29.2,5,46,13,28.3,1.57,0.44,0.11,0.38,0,0,77,76.9,30,82,16,4,46,0,1.41,45,33,12,0.41,1.09,1,17,25,6,184,6,11,,,0,,,,,,,,,,,,,,,
ENG-Premier League,2526,Chelsea,Reece James,ENG,"DF,MF",25,1999,29,20,1963,21.8,2,4,6,2,0,0,4,0,0.09,0.18,0.28,0.09,0.28,21.8,2,22,7,31.8,1.01,0.32,0.09,0.29,0,0,68,57.4,20,86,15,9,27,3,1.55,33,20,13,0.6,1.03,0,26,22,1,126,32,33,,,0,,,,,,,,,,,,,,,
ENG-Premier League,2526,Chelsea,Robert Sánchez,ESP,GK,27,1997,35,35,3039,33.8,0,1,1,0,0,0,3,1,0.0,0.03,0.03,0.0,0.03,33.8,0,0,0,,0.0,0.0,,,0,0,87,88.9,35,87,33,0,,1,1.34,50,47,3,0.09,-0.62,0,2,13,0,0,1,0,,,0,49,1.45,147,97,66.7,13,8,14,9,25.7,2,2,0,0,0.0
ENG-Premier League,2526,Chelsea,Roméo Lavia,BEL,MF,21,2004,12,4,382,4.2,0,0,0,0,0,0,0,0,0.0,0.0,0.0,0.0,0.0,4.2,0,3,0,0.0,0.71,0.0,0.0,,0,0,32,11.2,4,58,0,8,19,3,1.0,1,10,-9,-2.12,-2.56,0,8,8,0,1,5,7,,,0,,,,,,,,,,,,,,,
ENG-Premier League,2526,Chelsea,Shumaira Mheuka,ENG,FW,17,2007,1,0,2,0.0,0,0,0,0,0,0,0,0,0.0,0.0,0.0,0.0,0.0,0.0,0,0,0,,0.0,0.0,,,0,0,2,0.1,0,,0,1,2,0,3.0,0,0,0,0.0,-0.16,0,0,0,0,0,0,0,,,0,,,,,,,,,,,,,,,
ENG-Premier League,2526,Chelsea,Tosin Adarabioyo,ENG,DF,27,1997,16,8,795,8.8,0,0,0,0,0,0,2,0,0.0,0.0,0.0,0.0,0.0,8.8,0,2,0,0.0,0.23,0.0,0.0,,0,0,50,23.2,8,80,6,8,19,12,1.44,16,14,2,0.23,0.09,0,6,0,1,0,9,6,,,0,,,,,,,,,,,,,,,
ENG-Premier League,2526,Chelsea,Trevoh Chalobah,ENG,DF,26,1999,34,31,2783,30.9,3,0,3,3,0,0,3,1,0.1,0.0,0.1,0.1,0.1,30.9,3,16,5,31.3,0.52,0.16,0.19,0.6,0,0,82,81.4,31,88,29,3,18,1,1.41,52,37,15,0.49,1.76,0,20,18,2,5,37,22,,,0,,,,,,,,,,,,,,,
ENG-Premier League,2526,Chelsea,Tyrique George,ENG,FW,19,2006,4,0,145,1.6,0,0,0,0,0,0,2,0,0.0,0.0,0.0,0.0,0.0,1.6,0,3,2,66.7,1.86,1.24,0.0,0.0,0,0,36,4.2,0,,0,4,36,4,1.0,5,2,3,1.86,1.78,0,6,1,2,1,0,2,,,0,,,,,,,,,,,,,,,
ENG-Premier League,2526,Chelsea,Wesley Fofana,FRA,DF,24,2000,25,20,1722,19.1,0,1,1,0,0,0,9,2,0.0,0.05,0.05,0.0,0.05,19.1,0,8,1,12.5,0.42,0.05,0.0,0.0,0,0,69,50.4,20,80,10,5,26,6,1.52,27,24,3,0.16,0.0,2,27,17,1,2,38,11,,,0,,,,,,,,,,,,,,,
ENG-Premier League,2526,Crystal Palace,Adam Wharton,ENG,MF,21,2004,34,29,2552,28.4,1,5,6,1,0,0,6,1,0.04,0.18,0.21,0.04,0.21,28.4,1,32,6,18.8,1.13,0.21,0.03,0.17,0,0,75,74.6,29,83,15,5,30,0,1.15,33,43,-10,-0.35,-0.35,1,35,31,0,86,27,36,,,0,,,,,,,,,,,,,,,
ENG-Premier League,2526,Crystal Palace,Borna Sosa,CRO,"DF,MF",27,1998,7,0,101,1.1,0,0,0,0,0,0,1,0,0.0,0.0,0.0,0.0,0.0,1.1,0,1,0,0.0,0.89,0.0,0.0,,0,0,14,3.0,0,,0,7,14,23,0.71,3,2,1,0.89,1.19,0,4,0,0,6,2,0,,,0,,,,,,,,,,,,,,,
ENG-Premier League,2526,Crystal Palace,Brennan Johnson,WAL,"MF,FW",24,2001,18,13,1112,12.4,0,1,1,0,0,0,4,0,0.0,0.08,0.08,0.0,0.08,12.4,0,17,3,17.6,1.38,0.24,0.0,0.0,0,0,62,32.5,13,76,4,5,24,1,1.0,7,19,-12,-0.97,-1.05,0,18,11,6,45,2,7,,,0,,,,,,,,,,,,,,,
ENG-Premier League,2526,Crystal Palace,Chadi Riad,MAR,DF,22,2003,9,6,552,6.1,0,1,1,0,0,0,2,0,0.0,0.16,0.16,0.0,0.16,6.1,0,4,2,50.0,0.65,0.33,0.0,0.0,0,0,61,16.1,6,77,2,3,31,8,0.89,8,8,0,0.0,0.31,0,5,3,0,6,4,5,,,0,,,,,,,,,,,,,,,
ENG-Premier League,2526,Crystal Palace,Chris Richards,USA,DF,25,2000,33,31,2827,31.4,1,0,1,1,0,0,4,0,0.03,0.0,0.03,0.03,0.03,31.4,1,15,2,13.3,0.48,0.06,0.07,0.5,0,0,86,82.7,31,90,30,2,23,1,1.3,37,42,-5,-0.16,0.6,0,17,5,0,14,43,35,,,0,,,,,,,,,,,,,,,
ENG-Premier League,2526,Crystal Palace,Christantus Uche,NGA,FW,22,2003,14,0,173,1.9,0,0,0,0,0,0,0,0,0.0,0.0,0.0,0.0,0.0,1.9,0,6,2,33.3,3.12,1.04,0.0,0.0,0,0,12,5.1,0,,0,14,12,11,0.64,3,4,-1,-0.52,-0.27,0,4,7,3,6,0,1,,,0,,,,,,,,,,,,,,,
ENG-Premier League,2526,Crystal Palace,Daichi Kamada,JPN,MF,28,1996,28,22,1902,21.1,0,0,0,0,0,0,3,0,0.0,0.0,0.0,0.0,0.0,21.1,0,19,4,21.1,0.9,0.19,0.0,0.0,0,0,68,55.6,22,80,8,6,22,0,1.43,32,28,4,0.19,1.02,0,30,28,1,42,14,35,,,0,,,,,,,,,,,,,,,
ENG-Premier League,2526,Crystal Palace,Daniel Muñoz,COL,MF,29,1996,29,29,2399,26.7,4,3,7,4,0,0,7,0,0.15,0.11,0.26,0.15,0.26,26.7,4,26,12,46.2,0.98,0.45,0.15,0.33,0,0,83,70.1,29,83,22,0,,0,1.34,31,33,-2,-0.08,0.63,0,34,18,8,62,24,48,,,0,,,,,,,,,,,,,,,
ENG-Premier League,2526,Crystal Palace,Dean Henderson,ENG,GK,28,1997,37,37,3330,37.0,0,0,0,0,0,0,5,0,0.0,0.0,0.0,0.0,0.0,37.0,0,0,0,,0.0,0.0,,,0,0,90,97.4,37,90,37,0,,0,1.19,41,51,-10,-0.27,-0.27,0,2,5,0,0,1,0,,,0,51,1.38,156,104,67.3,11,11,15,11,29.7,6,5,1,0,16.7
ENG-Premier League,2526,Crystal Palace,Eberechi Eze,ENG,MF,27,1998,1,1,83,0.9,0,0,0,0,0,0,0,0,0.0,0.0,0.0,0.0,0.0,0.9,0,6,2,33.3,6.51,2.17,0.0,0.0,0,0,83,2.4,1,83,0,0,,0,1.0,0,0,0,0.0,0.27,0,2,1,0,4,0,1,,,0,,,,,,,,,,,,,,,
ENG-Premier League,2526,Crystal Palace,Eddie Nketiah,ENG,MF,26,1999,12,2,424,4.7,2,0,2,2,0,0,2,0,0.42,0.0,0.42,0.42,0.42,4.7,2,15,6,40.0,3.18,1.27,0.13,0.33,0,0,35,12.4,2,70,0,10,28,0,1.33,6,12,-6,-1.27,-1.15,0,7,7,3,0,2,6,,,0,,,,,,,,,,,,,,,
ENG-Premier League,2526,Crystal Palace,Evann Guessand,CIV,MF,24,2001,8,3,330,3.7,1,1,2,1,0,0,0,0,0.27,0.27,0.55,0.27,0.55,3.7,1,3,1,33.3,0.82,0.27,0.33,1.0,0,0,41,9.6,3,71,1,5,23,0,1.38,8,5,3,0.82,1.2,0,4,8,1,1,2,2,,,0,,,,,,,,,,,,,,,
ENG-Premier League,2526,Crystal Palace,Ismaila Sarr,SEN,MF,27,1998,28,24,2174,24.2,9,1,10,6,3,3,2,0,0.37,0.04,0.41,0.25,0.29,24.2,9,48,21,43.8,1.99,0.87,0.19,0.43,3,3,78,63.6,24,85,18,4,34,0,1.18,31,29,2,0.08,0.95,0,12,42,14,24,7,9,,,0,,,,,,,,,,,,,,,
ENG-Premier League,2526,Crystal Palace,Jaydee Canvot,FRA,DF,19,2006,20,14,1336,14.8,0,0,0,0,0,0,3,0,0.0,0.0,0.0,0.0,0.0,14.8,0,7,1,14.3,0.47,0.07,0.0,0.0,0,0,67,39.1,14,87,12,6,19,14,1.4,13,23,-10,-0.67,-0.67,0,12,7,0,5,12,22,,,0,,,,,,,,,,,,,,,
ENG-Premier League,2526,Crystal Palace,Jean-Philippe Mateta,FRA,FW,28,1997,32,25,2218,24.6,12,0,12,8,4,4,2,0,0.49,0.0,0.49,0.32,0.32,24.6,12,63,32,50.8,2.56,1.3,0.19,0.38,4,4,69,64.9,25,81,12,7,27,0,1.09,23,29,-6,-0.24,0.06,0,21,19,18,11,6,4,,,0,,,,,,,,,,,,,,,
ENG-Premier League,2526,Crystal Palace,Jefferson Lerma,COL,"MF,DF",30,1994,31,18,1733,19.3,0,2,2,0,0,0,7,0,0.0,0.1,0.1,0.0,0.1,19.3,0,19,7,36.8,0.99,0.36,0.0,0.0,0,0,56,50.7,18,83,15,13,18,4,1.19,19,25,-6,-0.31,-0.1,0,25,24,0,12,25,18,,,2,,,,,,,,,,,,,,,
ENG-Premier League,2526,Crystal Palace,Joél Drakes-Thomas,ENG,MF,16,2009,2,0,9,0.1,0,0,0,0,0,0,0,0,0.0,0.0,0.0,0.0,0.0,0.1,0,0,0,,0.0,0.0,,,0,0,5,0.3,0,,0,2,5,4,0.0,1,1,0,0.0,0.26,0,1,0,0,0,0,1,,,0,,,,,,,,,,,,,,,
ENG-Premier League,2526,Crystal Palace,Justin Devenny,NIR,"MF,FW",21,2003,21,7,796,8.8,1,0,1,0,1,1,0,0,0.11,0.0,0.11,0.0,0.0,8.8,1,13,4,30.8,1.47,0.45,0.08,0.25,1,1,38,23.3,7,84,3,14,15,15,1.29,7,15,-8,-0.9,-0.84,0,11,10,1,17,1,11,,,0,,,,,,,,,,,,,,,
ENG-Premier League,2526,Crystal Palace,Jørgen Strand Larsen,NOR,FW,25,2000,14,12,903,10.0,3,0,3,3,0,0,2,0,0.3,0.0,0.3,0.3,0.3,10.0,3,23,7,30.4,2.29,0.7,0.13,0.43,0,0,65,26.4,12,71,3,2,26,0,1.14,12,15,-3,-0.3,-0.05,0,21,10,1,0,1,0,,,0,,,,,,,,,,,,,,,
ENG-Premier League,2526,Crystal Palace,Kaden Rodney,ENG,"DF,MF",20,2004,1,0,4,0.0,0,0,0,0,0,0,0,0,0.0,0.0,0.0,0.0,0.0,0.0,0,0,0,,0.0,0.0,,,0,0,4,0.1,0,,0,1,4,10,0.0,0,0,0,0.0,0.26,0,1,0,0,0,0,0,,,0,,,,,,,,,,,,,,,
ENG-Premier League,2526,Crystal Palace,Marc Guéhi,ENG,DF,25,2000,20,20,1800,20.0,2,2,4,2,0,0,4,0,0.1,0.1,0.2,0.1,0.2,20.0,2,15,4,26.7,0.75,0.2,0.13,0.5,0,0,90,52.6,20,90,20,0,,0,1.35,22,23,-1,-0.05,0.45,0,14,18,0,10,24,19,,,0,,,,,,,,,,,,,,,
ENG-Premier League,2526,Crystal Palace,Maxence Lacroix,FRA,DF,25,2000,35,35,3085,34.3,1,2,3,1,0,0,4,1,0.03,0.06,0.09,0.03,0.09,34.3,1,25,7,28.0,0.73,0.2,0.04,0.14,0,0,88,90.2,35,88,33,0,,1,1.11,36,45,-9,-0.26,0.01,0,34,19,0,5,45,38,,,0,,,,,,,,,,,,,,,
ENG-Premier League,2526,Crystal Palace,Nathaniel Clyne,ENG,"MF,DF",34,1991,10,7,594,6.6,0,1,1,0,0,0,1,0,0.0,0.15,0.15,0.0,0.15,6.6,0,3,0,0.0,0.45,0.0,0.0,,0,0,59,17.4,7,72,1,3,30,24,1.0,6,12,-6,-0.91,-0.78,0,4,2,0,15,7,9,,,0,,,,,,,,,,,,,,,
ENG-Premier League,2526,Crystal Palace,Odsonne Édouard,FRA,FW,27,1998,1,0,3,0.0,0,0,0,0,0,0,0,0,0.0,0.0,0.0,0.0,0.0,0.0,0,0,0,,0.0,0.0,,,0,0,3,0.1,0,,0,1,3,1,1.0,0,0,0,0.0,0.26,0,0,1,0,0,0,1,,,0,,,,,,,,,,,,,,,
ENG-Premier League,2526,Crystal Palace,Rio Cardines,TRI,MF,19,2006,1,1,90,1.0,0,0,0,0,0,0,0,0,0.0,0.0,0.0,0.0,0.0,1.0,0,1,0,0.0,1.0,0.0,0.0,,0,0,90,2.6,1,90,1,0,,12,0.0,1,2,-1,-1.0,-0.76,0,0,1,0,3,0,1,,,0,,,,,,,,,,,,,,,
ENG-Premier League,2526,Crystal Palace,Romain Esse,ENG,MF,20,2005,4,0,44,0.5,0,0,0,0,0,0,0,0,0.0,0.0,0.0,0.0,0.0,0.5,0,0,0,,0.0,0.0,,,0,0,11,1.3,0,,0,4,11,11,0.5,0,0,0,0.0,0.27,0,2,2,0,2,0,1,,,0,,,,,,,,,,,,,,,
ENG-Premier League,2526,Crystal Palace,Tyrick Mitchell,ENG,MF,25,1999,38,36,3251,36.1,1,2,3,1,0,0,6,0,0.03,0.06,0.08,0.03,0.08,36.1,1,19,7,36.8,0.53,0.19,0.05,0.14,0,0,86,95.1,36,88,31,2,45,0,1.18,38,47,-9,-0.25,0.28,0,24,28,5,104,33,65,,,0,,,,,,,,,,,,,,,
ENG-Premier League,2526,Crystal Palace,Walter Benítez,ARG,GK,32,1993,1,1,90,1.0,0,0,0,0,0,0,0,0,0.0,0.0,0.0,0.0,0.0,1.0,0,0,0,,0.0,0.0,,,0,0,90,2.6,1,90,1,0,,35,1.0,0,0,0,0.0,0.27,0,0,0,0,0,0,0,,,0,0,0.0,3,3,100.0,0,1,0,1,100.0,1,0,0,1,
ENG-Premier League,2526,Crystal Palace,Will Hughes,ENG,MF,30,1995,31,19,1571,17.5,0,0,0,0,0,0,7,0,0.0,0.0,0.0,0.0,0.0,17.5,0,17,0,0.0,0.97,0.0,0.0,,0,0,51,45.9,19,73,8,12,16,6,1.26,11,18,-7,-0.4,-0.25,0,24,25,0,45,15,16,,,0,,,,,,,,,,,,,,,
ENG-Premier League,2526,Crystal Palace,Yéremy Pino,ESP,"MF,FW",22,2002,34,26,2080,23.1,2,2,4,2,0,0,4,0,0.09,0.09,0.17,0.09,0.17,23.1,2,45,11,24.4,1.95,0.48,0.04,0.18,0,0,61,60.8,26,73,4,8,23,2,1.15,20,28,-8,-0.35,-0.21,0,30,24,10,79,8,20,,,0,,,,,,,,,,,,,,,
ENG-Premier League,2526,Everton,Beto,GNB,FW,27,1998,37,17,1568,17.4,9,1,10,9,0,0,3,0,0.52,0.06,0.57,0.52,0.57,17.4,9,43,17,39.5,2.47,0.98,0.21,0.53,0,0,42,45.8,17,71,1,20,18,0,1.32,25,19,6,0.34,0.78,0,32,12,9,2,1,5,,,0,,,,,,,,,,,,,,,
ENG-Premier League,2526,Everton,Carlos Alcaraz,ARG,MF,22,2002,20,6,689,7.7,0,1,1,0,0,0,4,0,0.0,0.13,0.13,0.0,0.13,7.7,0,20,5,25.0,2.61,0.65,0.0,0.0,0,0,34,20.1,6,75,0,14,17,8,1.15,8,10,-2,-0.26,-0.23,0,10,12,1,6,2,9,,,0,,,,,,,,,,,,,,,
ENG-Premier League,2526,Everton,Dwight McNeil,ENG,MF,25,1999,22,14,1168,13.0,0,1,1,0,0,0,1,0,0.0,0.08,0.08,0.0,0.08,13.0,0,24,5,20.8,1.85,0.39,0.0,0.0,0,0,53,34.2,14,76,3,8,13,14,1.45,14,9,5,0.39,0.7,0,11,7,2,40,10,16,,,0,,,,,,,,,,,,,,,
ENG-Premier League,2526,Everton,Harrison Armstrong,ENG,MF,18,2007,13,6,529,5.9,0,0,0,0,0,0,0,0,0.0,0.0,0.0,0.0,0.0,5.9,0,5,2,40.0,0.85,0.34,0.0,0.0,0,0,41,15.5,6,73,1,7,13,7,1.23,4,11,-7,-1.19,-1.32,0,6,15,2,3,4,10,,,0,,,,,,,,,,,,,,,
ENG-Premier League,2526,Everton,Idrissa Gueye,SEN,MF,35,1989,25,25,2093,23.3,2,3,5,2,0,0,1,1,0.09,0.13,0.22,0.09,0.22,23.3,2,29,7,24.1,1.25,0.3,0.07,0.29,0,0,84,61.2,25,84,16,0,,0,1.32,26,26,0,0.0,0.2,0,21,31,0,19,29,21,,,0,,,,,,,,,,,,,,,
ENG-Premier League,2526,Everton,Iliman Ndiaye,SEN,MF,25,2000,32,32,2778,30.9,6,3,9,4,2,2,2,0,0.19,0.1,0.29,0.13,0.23,30.9,6,43,22,51.2,1.39,0.71,0.14,0.27,2,2,87,81.2,32,87,21,0,,0,1.28,40,44,-4,-0.13,-0.27,0,30,37,12,55,17,40,,,0,,,,,,,,,,,,,,,
ENG-Premier League,2526,Everton,Jack Grealish,ENG,MF,29,1995,20,18,1627,18.1,2,6,8,2,0,0,5,1,0.11,0.33,0.44,0.11,0.44,18.1,2,26,8,30.8,1.44,0.44,0.08,0.25,0,0,81,47.6,18,88,11,2,20,0,1.55,23,23,0,0.0,0.15,1,13,58,0,39,11,15,,,0,,,,,,,,,,,,,,,
ENG-Premier League,2526,Everton,Jake O'Brien,IRL,DF,24,2001,37,35,3120,34.7,1,1,2,1,0,0,6,1,0.03,0.03,0.06,0.03,0.06,34.7,1,13,6,46.2,0.37,0.17,0.08,0.17,0,0,84,91.2,35,87,29,2,42,0,1.32,44,46,-2,-0.06,0.24,0,23,17,4,49,13,32,,,0,,,,,,,,,,,,,,,
ENG-Premier League,2526,Everton,James Garner,ENG,"MF,DF",24,2001,38,38,3413,37.9,2,7,9,2,0,0,12,0,0.05,0.18,0.24,0.05,0.24,37.9,2,45,14,31.1,1.19,0.37,0.04,0.14,0,0,90,99.8,38,90,37,0,,0,1.29,47,50,-3,-0.08,-0.08,0,39,42,0,205,57,72,,,0,,,,,,,,,,,,,,,
ENG-Premier League,2526,Everton,James Tarkowski,ENG,DF,32,1992,37,37,3330,37.0,2,3,5,2,0,0,8,0,0.05,0.08,0.14,0.05,0.14,37.0,2,20,10,50.0,0.54,0.27,0.1,0.2,0,0,90,97.4,37,90,37,0,,0,1.32,47,48,-1,-0.03,1.97,0,32,35,2,7,29,30,,,0,,,,,,,,,,,,,,,
ENG-Premier League,2526,Everton,Jarrad Branthwaite,ENG,DF,23,2002,10,7,680,7.6,1,0,1,1,0,0,1,0,0.13,0.0,0.13,0.13,0.13,7.6,1,6,2,33.3,0.79,0.26,0.17,0.5,0,0,68,19.9,7,88,4,3,21,0,1.5,10,9,1,0.13,0.26,0,3,1,1,3,11,6,,,0,,,,,,,,,,,,,,,
ENG-Premier League,2526,Everton,Jordan Pickford,ENG,GK,31,1994,38,38,3420,38.0,0,0,0,0,0,0,4,0,0.0,0.0,0.0,0.0,0.0,38.0,0,0,0,,0.0,0.0,,,0,0,90,100.0,38,90,38,0,,0,1.29,47,50,-3,-0.08,,0,1,6,0,0,0,1,,,0,50,1.32,149,99,66.4,13,10,15,11,28.9,4,3,1,0,25.0
ENG-Premier League,2526,Everton,Kiernan Dewsbury-Hall,ENG,MF,26,1998,31,30,2626,29.2,8,4,12,8,0,0,6,0,0.27,0.14,0.41,0.27,0.41,29.2,8,39,15,38.5,1.34,0.51,0.21,0.53,0,0,85,76.8,30,86,18,1,45,0,1.23,38,39,-1,-0.03,0.19,0,32,48,2,112,14,26,,,0,,,,,,,,,,,,,,,
ENG-Premier League,2526,Everton,Merlin Röhl,GER,MF,23,2002,16,6,682,7.6,1,0,1,1,0,0,0,0,0.13,0.0,0.13,0.13,0.13,7.6,1,11,1,9.1,1.45,0.13,0.09,1.0,0,0,43,19.9,6,83,2,10,19,11,1.06,12,13,-1,-0.13,-0.07,0,20,7,2,5,4,13,,,0,,,,,,,,,,,,,,,
ENG-Premier League,2526,Everton,Michael Keane,ENG,DF,32,1993,33,29,2591,28.8,3,1,4,3,0,0,1,1,0.1,0.03,0.14,0.1,0.14,28.8,3,27,7,25.9,0.94,0.24,0.11,0.43,0,0,79,75.8,29,89,27,4,4,1,1.15,31,42,-11,-0.38,-1.25,0,16,6,0,1,37,24,,,0,,,,,,,,,,,,,,,
ENG-Premier League,2526,Everton,Nathan Patterson,SCO,DF,23,2001,7,3,241,2.7,0,0,0,0,0,0,0,0,0.0,0.0,0.0,0.0,0.0,2.7,0,1,1,100.0,0.37,0.37,0.0,0.0,0,0,34,7.0,3,77,1,4,3,21,1.57,3,2,1,0.37,0.49,0,2,2,1,6,2,4,,,0,,,,,,,,,,,,,,,
ENG-Premier League,2526,Everton,Séamus Coleman,IRL,DF,36,1988,5,1,21,0.2,0,0,0,0,0,0,0,0,0.0,0.0,0.0,0.0,0.0,0.2,0,0,0,,0.0,0.0,,,0,0,4,0.6,1,9,0,4,3,19,1.8,0,1,-1,-4.29,-4.23,0,0,1,0,3,0,0,,,0,,,,,,,,,,,,,,,
ENG-Premier League,2526,Everton,Thierno Barry,FRA,FW,22,2002,38,21,1914,21.3,8,0,8,8,0,0,3,0,0.38,0.0,0.38,0.38,0.38,21.3,8,38,14,36.8,1.79,0.66,0.21,0.57,0,0,50,56.0,21,76,3,17,19,0,1.29,24,34,-10,-0.47,-0.89,0,46,8,13,4,5,4,,,0,,,,,,,,,,,,,,,
ENG-Premier League,2526,Everton,Tim Iroegbunam,ENG,MF,22,2003,29,17,1487,16.5,0,2,2,0,0,0,9,0,0.0,0.12,0.12,0.0,0.12,16.5,0,12,1,8.3,0.73,0.06,0.0,0.0,0,0,51,43.5,17,79,6,12,12,6,1.31,19,18,1,0.06,0.25,0,29,20,0,3,22,44,,,0,,,,,,,,,,,,,,,
ENG-Premier League,2526,Everton,Tyler Dibling,ENG,MF,19,2006,14,4,358,4.0,0,0,0,0,0,0,2,0,0.0,0.0,0.0,0.0,0.0,4.0,0,4,0,0.0,1.01,0.0,0.0,,0,0,26,10.5,4,67,1,10,9,22,1.14,4,2,2,0.5,0.65,0,11,11,0,7,6,3,,,0,,,,,,,,,,,,,,,
ENG-Premier League,2526,Everton,Tyrique George,ENG,MF,19,2006,11,1,218,2.4,0,0,0,0,0,0,0,0,0.0,0.0,0.0,0.0,0.0,2.4,0,7,3,42.9,2.89,1.24,0.0,0.0,0,0,20,6.4,1,61,0,10,16,2,0.73,5,7,-2,-0.83,-0.8,0,3,1,2,10,2,3,,,0,,,,,,,,,,,,,,,
ENG-Premier League,2526,Everton,Vitaliy Mykolenko,UKR,DF,26,1999,33,33,2958,32.9,0,1,1,0,0,0,6,0,0.0,0.03,0.03,0.0,0.03,32.9,0,9,2,22.2,0.27,0.06,0.0,0.0,0,0,90,86.5,33,90,30,0,,1,1.33,44,47,-3,-0.09,-0.09,0,29,28,0,93,27,25,,,1,,,,,,,,,,,,,,,
ENG-Premier League,2526,Fulham,Adama Traoré,ESP,MF,29,1996,15,1,274,3.0,0,0,0,0,0,0,0,0,0.0,0.0,0.0,0.0,0.0,3.0,0,5,1,20.0,1.64,0.33,0.0,0.0,0,0,18,8.0,1,75,0,14,14,6,1.2,4,7,-3,-0.99,-0.96,0,6,8,3,15,0,1,,,0,,,,,,,,,,,,,,,
ENG-Premier League,2526,Fulham,Alex Iwobi,NGA,MF,29,1996,29,29,2419,26.9,4,3,7,4,0,0,3,0,0.15,0.11,0.26,0.15,0.26,26.9,4,39,15,38.5,1.45,0.56,0.1,0.27,0,0,83,70.7,29,83,12,0,,0,1.31,36,40,-4,-0.15,-0.15,0,8,10,1,88,15,18,,,0,,,,,,,,,,,,,,,
ENG-Premier League,2526,Fulham,Antonee Robinson,USA,"DF,MF",27,1997,22,17,1492,16.6,1,0,1,0,1,1,5,0,0.06,0.0,0.06,0.0,0.0,16.6,1,6,1,16.7,0.36,0.06,0.17,1.0,1,1,68,43.6,17,83,12,5,17,5,1.36,13,19,-6,-0.36,-0.46,0,15,9,2,77,28,31,,,0,,,,,,,,,,,,,,,
ENG-Premier League,2526,Fulham,Bernd Leno,GER,GK,33,1992,38,38,3420,38.0,0,0,0,0,0,0,3,0,0.0,0.0,0.0,0.0,0.0,38.0,0,0,0,,0.0,0.0,,,0,0,90,100.0,38,90,38,0,,0,1.37,47,51,-4,-0.11,,0,0,6,0,0,1,1,,,1,51,1.34,149,98,65.8,15,7,16,9,23.7,4,3,0,1,0.0
ENG-Premier League,2526,Fulham,Calvin Bassey,NGA,DF,25,1999,30,28,2534,28.2,1,0,1,1,0,0,5,0,0.04,0.0,0.04,0.04,0.04,28.2,1,12,1,8.3,0.43,0.04,0.08,1.0,0,0,84,74.1,28,90,28,2,7,2,1.27,36,40,-4,-0.14,-0.14,0,28,40,1,14,22,32,,,0,,,,,,,,,,,,,,,
ENG-Premier League,2526,Fulham,Emile Smith Rowe,ENG,MF,25,2000,37,22,1923,21.4,3,0,3,3,0,0,1,0,0.14,0.0,0.14,0.14,0.14,21.4,3,36,11,30.6,1.68,0.51,0.08,0.27,0,0,52,56.2,22,73,1,15,21,0,1.38,27,28,-1,-0.05,0.13,0,10,17,3,13,22,22,,,0,,,,,,,,,,,,,,,
ENG-Premier League,2526,Fulham,Harrison Reed,ENG,MF,30,1995,7,1,94,1.0,1,0,1,1,0,0,0,0,0.96,0.0,0.96,0.96,0.96,1.0,1,2,1,50.0,1.91,0.96,0.5,1.0,0,0,13,2.7,1,63,0,6,5,22,1.57,2,4,-2,-1.91,-1.86,0,2,1,0,4,0,0,,,0,,,,,,,,,,,,,,,
ENG-Premier League,2526,Fulham,Harry Wilson,WAL,MF,28,1997,36,32,2673,29.7,10,7,17,10,0,0,7,0,0.34,0.24,0.57,0.34,0.57,29.7,10,78,25,32.1,2.63,0.84,0.13,0.4,0,0,74,78.2,32,81,8,4,23,0,1.44,40,38,2,0.07,0.79,0,13,37,13,115,16,19,,,0,,,,,,,,,,,,,,,
ENG-Premier League,2526,Fulham,Issa Diop,MAR,DF,28,1997,13,8,816,9.1,1,0,1,1,0,0,2,0,0.11,0.0,0.11,0.11,0.11,9.1,1,2,1,50.0,0.22,0.11,0.5,1.0,0,0,63,23.9,8,89,6,5,21,12,1.31,11,13,-2,-0.22,-0.15,0,9,3,0,1,6,2,,,0,,,,,,,,,,,,,,,
ENG-Premier League,2526,Fulham,Joachim Andersen,DEN,DF,29,1996,33,33,2875,31.9,0,1,1,0,0,0,7,1,0.0,0.03,0.03,0.0,0.03,31.9,0,16,4,25.0,0.5,0.13,0.0,0.0,0,0,87,84.1,33,87,31,0,,1,1.36,41,44,-3,-0.09,0.07,0,30,13,0,15,34,26,,,0,,,,,,,,,,,,,,,
ENG-Premier League,2526,Fulham,Jonah Kusi-Asare,SWE,FW,18,2007,7,0,55,0.6,0,0,0,0,0,0,1,0,0.0,0.0,0.0,0.0,0.0,0.6,0,0,0,,0.0,0.0,,,0,0,8,1.6,0,,0,7,8,11,0.57,2,2,0,0.0,0.11,0,4,2,0,0,0,1,,,0,,,,,,,,,,,,,,,
ENG-Premier League,2526,Fulham,Jorge Cuenca,ESP,DF,25,1999,15,11,938,10.4,0,0,0,0,0,0,6,0,0.0,0.0,0.0,0.0,0.0,10.4,0,1,0,0.0,0.1,0.0,0.0,,0,0,63,27.4,11,84,7,4,4,16,1.8,9,11,-2,-0.19,-0.12,0,10,1,1,2,15,10,,,0,,,,,,,,,,,,,,,
ENG-Premier League,2526,Fulham,Joshua King,ENG,MF,18,2007,32,15,1308,14.5,1,2,3,1,0,0,4,0,0.07,0.14,0.21,0.07,0.21,14.5,1,26,11,42.3,1.79,0.76,0.04,0.09,0,0,41,38.2,15,65,0,17,19,3,1.38,14,18,-4,-0.28,-0.28,0,13,30,3,12,3,12,,,0,,,,,,,,,,,,,,,
ENG-Premier League,2526,Fulham,Kenny Tete,NED,DF,29,1995,22,21,1791,19.9,1,0,1,1,0,0,2,0,0.05,0.0,0.05,0.05,0.05,19.9,1,16,3,18.8,0.8,0.15,0.06,0.33,0,0,81,52.4,21,85,15,1,8,6,1.55,24,24,0,0.0,0.22,0,27,31,1,34,26,38,,,0,,,,,,,,,,,,,,,
ENG-Premier League,2526,Fulham,Kevin,BRA,MF,22,2003,26,9,1041,11.6,1,1,2,1,0,0,1,0,0.09,0.09,0.17,0.09,0.17,11.6,1,25,10,40.0,2.16,0.86,0.04,0.1,0,0,40,30.4,9,68,0,17,25,1,1.38,13,14,-1,-0.09,0.03,0,14,17,3,43,9,10,,,0,,,,,,,,,,,,,,,
ENG-Premier League,2526,Fulham,Oscar Bobb,NOR,MF,22,2003,14,6,571,6.3,0,0,0,0,0,0,0,0,0.0,0.0,0.0,0.0,0.0,6.3,0,8,3,37.5,1.26,0.47,0.0,0.0,0,0,41,16.7,6,64,0,8,23,0,1.29,7,7,0,0.0,0.13,0,4,8,0,9,6,7,,,0,,,,,,,,,,,,,,,
ENG-Premier League,2526,Fulham,Raúl Jiménez,MEX,FW,34,1991,36,27,2189,24.3,9,3,12,5,4,4,5,0,0.37,0.12,0.49,0.21,0.33,24.3,9,73,18,24.7,3.0,0.74,0.12,0.5,4,4,61,64.0,27,75,10,9,17,0,1.44,34,29,5,0.21,0.86,0,46,34,20,7,7,20,,,0,,,,,,,,,,,,,,,
ENG-Premier League,2526,Fulham,Rodrigo Muniz,BRA,FW,24,2001,21,10,1000,11.1,1,1,2,1,0,0,2,0,0.09,0.09,0.18,0.09,0.18,11.1,1,32,5,15.6,2.88,0.45,0.03,0.2,0,0,48,29.2,10,74,1,11,23,0,1.38,10,12,-2,-0.18,-0.11,0,21,18,5,2,2,3,,,1,,,,,,,,,,,,,,,
ENG-Premier League,2526,Fulham,Ryan Sessegnon,ENG,"DF,MF",25,2000,27,20,1823,20.3,3,1,4,3,0,0,0,0,0.15,0.05,0.2,0.15,0.2,20.3,3,16,4,25.0,0.79,0.2,0.19,0.75,0,0,68,53.3,20,85,14,7,19,1,1.33,32,29,3,0.15,0.54,0,33,3,4,55,23,29,,,0,,,,,,,,,,,,,,,
ENG-Premier League,2526,Fulham,Samuel Chukwueze,NGA,MF,26,1999,23,10,1079,12.0,3,4,7,3,0,0,0,0,0.25,0.33,0.58,0.25,0.58,12.0,3,25,7,28.0,2.09,0.58,0.12,0.43,0,0,47,31.5,10,75,2,13,26,1,1.17,18,21,-3,-0.25,-0.21,0,5,12,3,43,6,4,,,0,,,,,,,,,,,,,,,
ENG-Premier League,2526,Fulham,Sander Berge,NOR,MF,27,1998,35,34,2905,32.3,0,1,1,0,0,0,5,0,0.0,0.03,0.03,0.0,0.03,32.3,0,14,3,21.4,0.43,0.09,0.0,0.0,0,0,83,84.9,34,85,25,1,17,2,1.46,43,45,-2,-0.06,0.29,0,35,14,1,13,26,41,,,1,,,,,,,,,,,,,,,
ENG-Premier League,2526,Fulham,Saša Lukić,SRB,MF,28,1996,26,20,1734,19.3,1,2,3,1,0,0,9,0,0.05,0.1,0.16,0.05,0.16,19.3,1,18,6,33.3,0.93,0.31,0.06,0.17,0,0,67,50.7,20,80,12,6,24,3,1.19,16,22,-6,-0.31,-0.42,0,53,25,2,68,16,28,,,0,,,,,,,,,,,,,,,
ENG-Premier League,2526,Fulham,Timothy Castagne,BEL,"DF,MF",29,1995,30,20,1845,20.5,0,0,0,0,0,0,4,0,0.0,0.0,0.0,0.0,0.0,20.5,0,14,6,42.9,0.68,0.29,0.0,0.0,0,0,62,53.9,20,86,16,10,12,8,1.2,25,32,-7,-0.34,-0.51,0,18,11,1,48,28,24,,,0,,,,,,,,,,,,,,,
ENG-Premier League,2526,Fulham,Tom Cairney,SCO,MF,34,1991,24,6,775,8.6,2,0,2,2,0,0,3,0,0.23,0.0,0.23,0.23,0.23,8.6,2,17,2,11.8,1.97,0.23,0.12,1.0,0,0,32,22.7,6,71,0,18,20,12,1.46,13,10,3,0.35,0.59,0,10,11,0,6,4,4,,,0,,,,,,,,,,,,,,,
ENG-Premier League,2526,Leeds United,Anton Stach,GER,MF,26,1998,29,28,2370,26.3,5,3,8,5,0,0,3,0,0.19,0.11,0.3,0.19,0.3,26.3,5,55,14,25.5,2.09,0.53,0.09,0.36,0,0,82,69.3,28,84,19,1,31,1,1.03,31,36,-5,-0.19,-0.02,0,36,24,0,155,19,35,,,0,,,,,,,,,,,,,,,
ENG-Premier League,2526,Leeds United,Ao Tanaka,JPN,MF,26,1998,28,14,1315,14.6,2,0,2,2,0,0,1,0,0.14,0.0,0.14,0.14,0.14,14.6,2,17,5,29.4,1.16,0.34,0.12,0.4,0,0,47,38.5,14,75,0,14,19,9,1.43,22,21,1,0.07,0.41,0,13,10,0,39,21,15,,,0,,,,,,,,,,,,,,,
ENG-Premier League,2526,Leeds United,Brenden Aaronson,USA,"MF,FW",24,2000,37,30,2449,27.2,4,5,9,4,0,0,3,0,0.15,0.18,0.33,0.15,0.33,27.2,4,47,17,36.2,1.73,0.62,0.09,0.24,0,0,66,71.6,30,77,2,7,21,1,1.19,35,31,4,0.15,1.17,0,20,51,5,37,17,27,,,0,,,,,,,,,,,,,,,
ENG-Premier League,2526,Leeds United,Daniel James,WAL,"FW,MF",27,1997,19,6,559,6.2,0,0,0,0,0,0,0,0,0.0,0.0,0.0,0.0,0.0,6.2,0,14,3,21.4,2.25,0.48,0.0,0.0,0,0,29,16.3,6,61,0,13,15,4,1.0,0,16,-16,-2.58,-2.86,0,1,8,1,50,1,5,,,0,,,,,,,,,,,,,,,
ENG-Premier League,2526,Leeds United,Dominic Calvert-Lewin,ENG,FW,28,1997,35,30,2721,30.2,14,1,15,10,4,5,3,0,0.46,0.03,0.5,0.33,0.36,30.2,14,73,34,46.6,2.41,1.12,0.19,0.41,4,5,78,79.6,30,87,17,5,25,0,1.23,42,34,8,0.26,2.2,0,45,37,26,9,5,4,,,0,,,,,,,,,,,,,,,
ENG-Premier League,2526,Leeds United,Ethan Ampadu,WAL,MF,24,2000,35,35,3119,34.7,1,1,2,1,0,0,10,0,0.03,0.03,0.06,0.03,0.06,34.7,1,26,6,23.1,0.75,0.17,0.04,0.17,0,0,89,91.2,35,89,31,0,,0,1.29,45,49,-4,-0.12,0.78,0,50,36,0,25,50,46,,,0,,,,,,,,,,,,,,,
ENG-Premier League,2526,Leeds United,Facundo Buonanotte,ARG,MF,20,2004,3,0,39,0.4,0,0,0,0,0,0,1,0,0.0,0.0,0.0,0.0,0.0,0.4,0,2,0,0.0,4.62,0.0,0.0,,0,0,13,1.1,0,,0,3,13,5,0.33,0,3,-3,-6.92,-6.82,0,1,0,0,2,1,0,,,0,,,,,,,,,,,,,,,
ENG-Premier League,2526,Leeds United,Gabriel Gudmundsson,SWE,"DF,MF",26,1999,32,31,2631,29.2,0,0,0,0,0,0,6,1,0.0,0.0,0.0,0.0,0.0,29.2,0,18,3,16.7,0.62,0.1,0.0,0.0,0,0,82,76.9,31,84,21,1,22,0,1.19,40,45,-5,-0.17,0.06,1,31,56,3,88,28,47,,,1,,,,,,,,,,,,,,,
ENG-Premier League,2526,Leeds United,Ilia Gruev,BUL,MF,25,2000,23,15,1323,14.7,0,3,3,0,0,0,3,0,0.0,0.2,0.2,0.0,0.2,14.7,0,7,1,14.3,0.48,0.07,0.0,0.0,0,0,58,38.7,15,79,6,8,17,10,1.52,17,22,-5,-0.34,-0.25,0,16,9,0,16,14,13,,,0,,,,,,,,,,,,,,,
ENG-Premier League,2526,Leeds United,Jack Harrison,ENG,FW,28,1996,11,1,269,3.0,0,0,0,0,0,0,0,0,0.0,0.0,0.0,0.0,0.0,3.0,0,6,2,33.3,2.01,0.67,0.0,0.0,0,0,24,7.9,1,65,0,10,20,9,1.09,1,5,-4,-1.34,-1.25,0,1,4,0,17,4,2,,,0,,,,,,,,,,,,,,,
ENG-Premier League,2526,Leeds United,Jaka Bijol,SVN,DF,26,1999,25,21,1890,21.0,1,2,3,1,0,0,4,0,0.05,0.1,0.14,0.05,0.14,21.0,1,15,6,40.0,0.71,0.29,0.07,0.17,0,0,76,55.3,21,85,16,4,25,9,1.28,29,26,3,0.14,0.73,0,19,10,0,1,22,13,,,0,,,,,,,,,,,,,,,
ENG-Premier League,2526,Leeds United,James Justin,ENG,"DF,MF",27,1998,29,21,1901,21.1,2,1,3,2,0,0,4,0,0.09,0.05,0.14,0.09,0.14,21.1,2,24,6,25.0,1.14,0.28,0.08,0.33,0,0,66,55.6,21,86,17,8,12,7,1.41,27,26,1,0.05,0.52,0,13,31,2,38,26,38,,,0,,,,,,,,,,,,,,,
ENG-Premier League,2526,Leeds United,Jayden Bogle,ENG,"MF,DF",25,2000,34,32,2793,31.0,1,2,3,1,0,0,6,0,0.03,0.06,0.1,0.03,0.1,31.0,1,18,4,22.2,0.58,0.13,0.06,0.25,0,0,82,81.7,32,86,18,2,27,0,1.24,38,44,-6,-0.19,-0.05,0,39,29,10,67,30,43,,,0,,,,,,,,,,,,,,,
ENG-Premier League,2526,Leeds United,Joe Rodon,WAL,DF,27,1997,35,33,2951,32.8,2,0,2,2,0,0,3,0,0.06,0.0,0.06,0.06,0.06,32.8,2,18,7,38.9,0.55,0.21,0.11,0.29,0,0,84,86.3,33,88,30,2,23,0,1.2,42,52,-10,-0.3,-0.88,0,17,19,1,6,30,19,,,0,,,,,,,,,,,,,,,
ENG-Premier League,2526,Leeds United,Joël Piroe,SUR,FW,25,1999,16,2,258,2.9,0,0,0,0,0,0,0,0,0.0,0.0,0.0,0.0,0.0,2.9,0,14,3,21.4,4.88,1.05,0.0,0.0,0,0,16,7.5,2,67,0,14,9,21,0.94,4,9,-5,-1.74,-1.69,0,4,0,1,4,1,1,,,0,,,,,,,,,,,,,,,
ENG-Premier League,2526,Leeds United,Karl Darlow,WAL,GK,34,1990,22,22,1980,22.0,0,0,0,0,0,0,1,0,0.0,0.0,0.0,0.0,0.0,22.0,0,0,0,,0.0,0.0,,,0,0,90,57.9,22,90,22,0,,15,1.32,26,27,-1,-0.05,0.33,0,0,7,0,0,0,0,,,0,27,1.23,90,63,70.0,7,8,7,5,22.7,2,2,0,0,0.0
ENG-Premier League,2526,Leeds United,Lucas Perri,BRA,GK,27,1997,16,16,1440,16.0,0,0,0,0,0,0,2,0,0.0,0.0,0.0,0.0,0.0,16.0,0,0,0,,0.0,0.0,,,0,0,90,42.1,16,90,16,0,,18,1.13,23,29,-6,-0.37,-0.33,0,1,3,0,0,0,0,,,0,29,1.81,67,38,56.7,4,6,6,3,18.8,4,4,0,0,0.0
ENG-Premier League,2526,Leeds United,Lukas Nmecha,GER,FW,26,1998,31,10,1083,12.0,6,1,7,4,2,3,0,0,0.5,0.08,0.58,0.33,0.42,12.0,6,30,16,53.3,2.49,1.33,0.2,0.38,2,3,35,31.7,10,71,1,21,18,3,1.13,14,23,-9,-0.75,-0.82,0,18,18,3,10,3,7,,,0,,,,,,,,,,,,,,,
ENG-Premier League,2526,Leeds United,Noah Okafor,SUI,"FW,MF",25,2000,28,19,1561,17.3,8,1,9,8,0,0,3,0,0.46,0.06,0.52,0.46,0.52,17.3,8,35,15,42.9,2.02,0.86,0.23,0.53,0,0,56,45.6,19,72,1,9,22,1,1.32,29,26,3,0.17,0.66,0,18,14,0,36,12,15,,,0,,,,,,,,,,,,,,,
ENG-Premier League,2526,Leeds United,Pascal Struijk,NED,DF,25,1999,34,33,2936,32.6,0,1,1,0,0,0,5,0,0.0,0.03,0.03,0.0,0.03,32.6,0,31,5,16.1,0.95,0.15,0.0,0.0,0,0,86,85.8,33,89,31,1,9,2,1.18,42,48,-6,-0.18,0.0,0,27,22,5,2,32,22,,,0,,,,,,,,,,,,,,,
ENG-Premier League,2526,Leeds United,Sam Byram,ENG,"DF,MF",31,1993,2,0,9,0.1,0,0,0,0,0,0,0,0,0.0,0.0,0.0,0.0,0.0,0.1,0,0,0,,0.0,0.0,,,0,0,5,0.3,0,,0,2,5,16,1.5,1,1,0,0.0,0.18,0,1,0,1,0,0,1,,,0,,,,,,,,,,,,,,,
ENG-Premier League,2526,Leeds United,Sean Longstaff,ENG,MF,27,1997,23,10,1011,11.2,2,2,4,2,0,0,2,0,0.18,0.18,0.36,0.18,0.36,11.2,2,16,4,25.0,1.42,0.36,0.13,0.5,0,0,44,29.6,10,84,7,13,13,6,1.35,12,20,-8,-0.71,-0.75,0,13,17,1,54,12,24,,,0,,,,,,,,,,,,,,,
ENG-Premier League,2526,Leeds United,Sebastiaan Bornauw,BEL,DF,26,1999,12,5,429,4.8,0,0,0,0,0,0,1,0,0.0,0.0,0.0,0.0,0.0,4.8,0,1,0,0.0,0.21,0.0,0.0,,0,0,36,12.5,5,78,0,7,6,18,1.5,4,5,-1,-0.21,-0.03,0,7,0,1,1,7,4,,,0,,,,,,,,,,,,,,,
ENG-Premier League,2526,Leeds United,Wilfried Gnonto,ITA,FW,21,2003,23,4,537,6.0,0,1,1,0,0,0,3,0,0.0,0.17,0.17,0.0,0.17,6.0,0,10,0,0.0,1.68,0.0,0.0,,0,0,23,15.7,4,59,0,19,16,8,1.22,11,14,-3,-0.5,-0.38,0,7,11,0,20,3,13,,,0,,,,,,,,,,,,,,,
ENG-Premier League,2526,Liverpool,Alexander Isak,SWE,FW,25,1999,14,8,699,7.8,3,1,4,3,0,0,0,0,0.39,0.13,0.52,0.39,0.52,7.8,3,17,6,35.3,2.19,0.77,0.18,0.5,0,0,50,20.4,8,74,0,6,17,2,1.71,7,9,-2,-0.26,-0.65,0,5,1,0,2,0,6,,,0,,,,,,,,,,,,,,,
ENG-Premier League,2526,Liverpool,Alexis Mac Allister,ARG,MF,26,1998,37,31,2658,29.5,2,4,6,2,0,0,7,0,0.07,0.14,0.2,0.07,0.2,29.5,2,52,12,23.1,1.76,0.41,0.04,0.17,0,0,72,77.7,31,82,20,6,20,0,1.54,45,41,4,0.14,-0.57,0,35,32,0,20,18,27,,,0,,,,,,,,,,,,,,,
ENG-Premier League,2526,Liverpool,Alisson,BRA,GK,32,1992,26,26,2340,26.0,0,0,0,0,0,0,1,0,0.0,0.0,0.0,0.0,0.0,26.0,0,0,0,,0.0,0.0,,,0,0,90,68.4,26,90,26,0,,0,1.81,44,31,13,0.5,0.75,0,1,7,0,0,0,0,,,0,31,1.19,88,57,64.8,13,8,5,8,30.8,2,2,0,0,0.0
ENG-Premier League,2526,Liverpool,Andy Robertson,SCO,DF,31,1994,24,11,1176,13.1,1,0,1,1,0,0,0,0,0.08,0.0,0.08,0.08,0.08,13.1,1,10,3,30.0,0.77,0.23,0.1,0.33,0,0,49,34.4,11,80,4,13,23,14,1.58,22,16,6,0.46,0.3,0,4,1,5,53,7,10,,,0,,,,,,,,,,,,,,,
ENG-Premier League,2526,Liverpool,Cody Gakpo,NED,"MF,FW",26,1999,36,32,2737,30.4,7,5,12,7,0,0,3,0,0.23,0.16,0.39,0.23,0.39,30.4,7,87,21,24.1,2.86,0.69,0.08,0.33,0,0,76,80.0,32,82,16,4,28,0,1.5,48,39,9,0.3,0.16,0,42,44,30,86,12,15,,,0,,,,,,,,,,,,,,,
ENG-Premier League,2526,Liverpool,Conor Bradley,NIR,DF,22,2003,15,12,929,10.3,0,1,1,0,0,0,5,0,0.0,0.1,0.1,0.0,0.1,10.3,0,6,0,0.0,0.58,0.0,0.0,,0,0,62,27.2,12,70,3,3,29,1,1.47,11,13,-2,-0.19,-0.63,0,18,20,1,23,12,15,,,0,,,,,,,,,,,,,,,
ENG-Premier League,2526,Liverpool,Curtis Jones,ENG,"MF,DF",24,2001,34,18,1937,21.5,1,2,3,1,0,0,2,0,0.05,0.09,0.14,0.05,0.14,21.5,1,22,7,31.8,1.02,0.33,0.05,0.14,0,0,57,56.6,18,83,9,16,28,2,1.47,38,38,0,0.0,-0.61,0,17,29,0,16,18,23,,,0,,,,,,,,,,,,,,,
ENG-Premier League,2526,Liverpool,Dominik Szoboszlai,HUN,"MF,DF",24,2000,36,36,3231,35.9,6,7,13,6,0,1,8,1,0.17,0.19,0.36,0.17,0.36,35.9,6,71,23,32.4,1.98,0.64,0.08,0.26,0,1,90,94.5,36,90,34,0,,0,1.5,60,51,9,0.25,-0.23,0,42,30,2,206,29,32,,,0,,,,,,,,,,,,,,,
ENG-Premier League,2526,Liverpool,Federico Chiesa,ITA,MF,27,1997,26,1,339,3.8,2,1,3,2,0,0,3,0,0.53,0.27,0.8,0.53,0.8,3.8,2,17,5,29.4,4.51,1.33,0.12,0.4,0,0,13,9.9,1,60,0,25,11,10,1.38,15,9,6,1.59,1.48,0,11,7,2,17,4,5,,,0,,,,,,,,,,,,,,,
ENG-Premier League,2526,Liverpool,Florian Wirtz,GER,MF,22,2003,33,27,2378,26.4,5,3,8,5,0,0,1,0,0.19,0.11,0.3,0.19,0.3,26.4,5,51,18,35.3,1.93,0.68,0.1,0.28,0,0,72,69.5,27,82,9,6,27,0,1.61,38,32,6,0.23,-0.12,0,22,19,2,32,12,26,,,0,,,,,,,,,,,,,,,
ENG-Premier League,2526,Liverpool,Freddie Woodman,ENG,GK,28,1997,3,2,213,2.4,0,0,0,0,0,0,0,0,0.0,0.0,0.0,0.0,0.0,2.4,0,0,0,,0.0,0.0,,,0,0,71,6.2,2,90,2,1,33,16,2.0,6,4,2,0.85,0.62,0,0,0,0,0,0,0,,,0,4,1.69,13,9,69.2,1,0,1,0,0.0,0,0,0,0,
ENG-Premier League,2526,Liverpool,Giorgi Mamardashvili,GEO,GK,24,2000,10,10,867,9.6,0,0,0,0,0,0,0,0,0.0,0.0,0.0,0.0,0.0,9.6,0,0,0,,0.0,0.0,,,0,0,87,25.4,10,87,9,0,,26,1.0,13,18,-5,-0.52,-1.05,0,1,2,0,0,1,1,,,0,18,1.87,51,33,64.7,3,1,6,2,20.0,2,1,1,0,50.0
ENG-Premier League,2526,Liverpool,Harvey Elliott,ENG,"FW,MF",22,2003,1,0,1,0.0,0,0,0,0,0,0,0,0,0.0,0.0,0.0,0.0,0.0,0.0,0,0,0,,0.0,0.0,,,0,0,1,0.0,0,,0,1,1,2,3.0,1,0,1,90.0,89.76,0,0,0,0,0,0,0,,,0,,,,,,,,,,,,,,,
ENG-Premier League,2526,Liverpool,Hugo Ekitike,FRA,FW,23,2002,28,21,1803,20.0,11,4,15,11,0,0,0,0,0.55,0.2,0.75,0.55,0.75,20.0,11,65,19,29.2,3.24,0.95,0.17,0.58,0,0,64,52.7,21,77,6,7,26,1,1.68,35,25,10,0.5,0.5,0,35,12,10,7,4,7,,,0,,,,,,,,,,,,,,,
ENG-Premier League,2526,Liverpool,Ibrahima Konaté,FRA,DF,26,1999,36,36,3090,34.3,1,0,1,1,0,0,7,0,0.03,0.0,0.03,0.03,0.03,34.3,1,12,4,33.3,0.35,0.12,0.08,0.25,0,0,86,90.4,36,86,26,0,,1,1.64,55,45,10,0.29,0.29,0,33,41,0,3,28,31,,,0,,,,,,,,,,,,,,,
ENG-Premier League,2526,Liverpool,Jeremie Frimpong,NED,"DF,MF",24,2000,21,12,1040,11.6,0,1,1,0,0,0,1,0,0.0,0.09,0.09,0.0,0.09,11.6,0,10,2,20.0,0.87,0.17,0.0,0.0,0,0,50,30.4,12,75,4,9,16,2,1.48,20,13,7,0.61,0.49,0,8,21,4,51,6,9,,,0,,,,,,,,,,,,,,,
ENG-Premier League,2526,Liverpool,Joe Gomez,ENG,DF,28,1997,21,7,607,6.7,0,2,2,0,0,0,4,0,0.0,0.3,0.3,0.0,0.3,6.7,0,5,1,20.0,0.74,0.15,0.0,0.0,0,0,29,17.7,7,63,2,14,12,11,1.62,17,14,3,0.44,0.22,0,14,0,0,16,8,7,,,0,,,,,,,,,,,,,,,
ENG-Premier League,2526,Liverpool,Milos Kerkez,HUN,DF,21,2003,34,27,2257,25.1,2,1,3,2,0,0,4,0,0.08,0.04,0.12,0.08,0.12,25.1,2,9,2,22.2,0.36,0.08,0.22,1.0,0,0,66,66.0,27,79,15,7,16,4,1.47,41,36,5,0.2,-0.19,0,22,30,4,79,15,26,,,0,,,,,,,,,,,,,,,
ENG-Premier League,2526,Liverpool,Mohamed Salah,EGY,MF,33,1992,27,23,2146,23.8,7,7,14,6,1,1,1,0,0.29,0.29,0.59,0.25,0.55,23.8,7,68,19,27.9,2.85,0.8,0.1,0.37,1,1,79,62.7,23,87,16,4,39,2,1.67,40,35,5,0.21,-0.14,0,10,16,14,117,3,12,,,0,,,,,,,,,,,,,,,
ENG-Premier League,2526,Liverpool,Rio Ngumoha,ENG,MF,16,2008,19,5,560,6.2,2,1,3,2,0,0,0,0,0.32,0.16,0.48,0.32,0.48,6.2,2,16,6,37.5,2.57,0.96,0.13,0.33,0,0,29,16.4,5,72,1,14,14,18,1.21,16,11,5,0.8,0.65,0,4,12,0,22,3,2,,,0,,,,,,,,,,,,,,,
ENG-Premier League,2526,Liverpool,Ryan Gravenberch,NED,MF,23,2002,36,34,2992,33.2,5,3,8,5,0,0,5,0,0.15,0.09,0.24,0.15,0.24,33.2,5,38,13,34.2,1.14,0.39,0.13,0.38,0,0,83,87.5,34,86,28,2,29,0,1.58,50,42,8,0.24,-0.18,0,38,42,0,8,44,35,,,0,,,,,,,,,,,,,,,
ENG-Premier League,2526,Liverpool,Trey Nyoni,ENG,MF,18,2007,6,0,24,0.3,0,0,0,0,0,0,0,0,0.0,0.0,0.0,0.0,0.0,0.3,0,1,0,0.0,3.75,0.0,0.0,,0,0,4,0.7,0,,0,6,4,23,2.33,0,1,-1,-3.75,-4.04,0,1,0,1,0,0,0,,,0,,,,,,,,,,,,,,,
ENG-Premier League,2526,Liverpool,Virgil van Dijk,NED,DF,34,1991,38,38,3420,38.0,6,0,6,6,0,0,4,0,0.16,0.0,0.16,0.16,0.16,38.0,6,30,14,46.7,0.79,0.37,0.2,0.43,0,0,90,100.0,38,90,38,0,,0,1.58,63,53,10,0.26,,0,19,18,1,1,26,15,,,0,,,,,,,,,,,,,,,
ENG-Premier League,2526,Liverpool,Wataru Endo,JPN,DF,32,1993,8,1,175,1.9,0,1,1,0,0,0,1,0,0.0,0.51,0.51,0.0,0.51,1.9,0,1,0,0.0,0.51,0.0,0.0,,0,0,22,5.1,1,68,0,7,15,12,2.0,6,5,1,0.51,0.26,0,2,3,0,3,0,3,,,0,,,,,,,,,,,,,,,
ENG-Premier League,2526,Manchester City,Abdukodir Khusanov,UZB,DF,21,2004,21,15,1432,15.9,0,0,0,0,0,0,2,0,0.0,0.0,0.0,0.0,0.0,15.9,0,7,1,14.3,0.44,0.06,0.0,0.0,0,0,68,41.9,15,85,12,6,27,9,1.95,25,13,12,0.75,-0.6,0,14,6,0,3,29,20,,,0,,,,,,,,,,,,,,,
ENG-Premier League,2526,Manchester City,Antoine Semenyo,GHA,"MF,FW",25,2000,17,17,1397,15.5,7,1,8,7,0,0,1,0,0.45,0.06,0.52,0.45,0.52,15.5,7,34,14,41.2,2.19,0.9,0.21,0.5,0,0,82,40.8,17,82,9,0,,0,2.06,28,14,14,0.9,-0.34,0,17,7,7,21,6,11,,,0,,,,,,,,,,,,,,,
ENG-Premier League,2526,Manchester City,Bernardo Silva,POR,MF,30,1994,38,34,2872,31.9,2,4,6,2,0,0,10,0,0.06,0.13,0.19,0.06,0.19,31.9,2,30,7,23.3,0.94,0.22,0.07,0.29,0,0,76,84.0,34,82,14,4,23,0,2.05,67,30,37,1.16,0.34,0,36,22,5,72,21,28,,,0,,,,,,,,,,,,,,,
ENG-Premier League,2526,Manchester City,Divine Mukasa,ENG,MF,17,2007,2,0,27,0.3,0,0,0,0,0,0,0,0,0.0,0.0,0.0,0.0,0.0,0.3,0,0,0,,0.0,0.0,,,0,0,14,0.8,0,,0,2,14,9,1.5,0,0,0,0.0,-1.11,0,1,0,0,0,0,0,,,0,,,,,,,,,,,,,,,
ENG-Premier League,2526,Manchester City,Erling Haaland,NOR,FW,25,2000,35,34,2953,32.8,27,8,35,24,3,4,2,0,0.82,0.24,1.07,0.73,0.98,32.8,27,126,59,46.8,3.84,1.8,0.21,0.46,3,4,84,86.3,34,86,26,1,18,1,2.06,69,32,37,1.13,0.16,0,24,25,5,3,4,7,,,0,,,,,,,,,,,,,,,
ENG-Premier League,2526,Manchester City,Gianluigi Donnarumma,ITA,GK,26,1999,34,34,3060,34.0,0,0,0,0,0,0,8,0,0.0,0.0,0.0,0.0,0.0,34.0,0,0,0,,0.0,0.0,,,0,0,90,89.5,34,90,34,0,,0,2.21,71,29,42,1.24,1.24,0,0,4,0,0,1,0,,,0,29,0.85,106,75,72.6,22,9,3,15,44.1,1,0,1,0,100.0
ENG-Premier League,2526,Manchester City,James Trafford,ENG,GK,22,2002,4,4,360,4.0,0,0,0,0,0,0,0,0,0.0,0.0,0.0,0.0,0.0,4.0,0,0,0,,0.0,0.0,,,0,0,90,10.5,4,90,4,0,,34,0.75,6,6,0,0.0,-1.24,0,0,1,0,0,0,1,,,0,6,1.5,20,14,70.0,1,0,3,1,25.0,1,1,0,0,0.0
ENG-Premier League,2526,Manchester City,Jeremy Doku,BEL,"MF,FW",23,2002,30,19,1784,19.8,5,5,10,5,0,0,0,0,0.25,0.25,0.5,0.25,0.5,19.8,5,39,15,38.5,1.97,0.76,0.13,0.33,0,0,59,52.2,19,80,5,11,25,1,1.87,43,18,25,1.26,0.33,0,23,61,3,62,12,16,,,0,,,,,,,,,,,,,,,
ENG-Premier League,2526,Manchester City,John Stones,ENG,DF,31,1994,9,5,439,4.9,0,0,0,0,0,0,0,0,0.0,0.0,0.0,0.0,0.0,4.9,0,0,0,,0.0,0.0,,,0,0,49,12.8,5,80,2,4,10,15,1.44,7,10,-3,-0.62,-1.97,0,0,0,0,4,3,1,,,0,,,,,,,,,,,,,,,
ENG-Premier League,2526,Manchester City,Joško Gvardiol,CRO,DF,23,2002,18,16,1372,15.2,2,2,4,2,0,0,2,0,0.13,0.13,0.26,0.13,0.26,15.2,2,17,6,35.3,1.12,0.39,0.12,0.33,0,0,76,40.1,16,83,12,2,24,2,2.17,37,13,24,1.57,0.78,0,16,7,0,2,16,13,,,0,,,,,,,,,,,,,,,
ENG-Premier League,2526,Manchester City,Marc Guéhi,ENG,DF,25,2000,15,15,1350,15.0,1,1,2,1,0,0,2,0,0.07,0.07,0.13,0.07,0.13,15.0,1,17,5,29.4,1.13,0.33,0.06,0.2,0,0,90,39.5,15,90,15,0,,0,2.33,31,12,19,1.27,0.27,0,11,20,0,7,25,12,,,0,,,,,,,,,,,,,,,
ENG-Premier League,2526,Manchester City,Mateo Kovačić,CRO,MF,31,1994,6,1,130,1.4,0,1,1,0,0,0,0,0,0.0,0.69,0.69,0.0,0.69,1.4,0,2,0,0.0,1.38,0.0,0.0,,0,0,22,3.8,1,55,0,5,15,6,1.83,3,3,0,0.0,-1.15,0,0,2,0,0,2,1,,,0,,,,,,,,,,,,,,,
ENG-Premier League,2526,Manchester City,Matheus Nunes,POR,DF,26,1998,34,32,2862,31.8,1,5,6,1,0,0,5,0,0.03,0.16,0.19,0.03,0.19,31.8,1,7,2,28.6,0.22,0.06,0.14,0.5,0,0,84,83.7,32,87,28,2,35,3,2.21,68,28,40,1.26,0.94,0,17,30,4,67,29,41,,,0,,,,,,,,,,,,,,,
ENG-Premier League,2526,Manchester City,Max Alleyne,ENG,DF,20,2005,2,2,135,1.5,0,0,0,0,0,0,0,0,0.0,0.0,0.0,0.0,0.0,1.5,0,2,1,50.0,1.33,0.67,0.0,0.0,0,0,68,3.9,2,68,1,0,,5,0.5,1,1,0,0.0,-1.15,0,0,0,0,0,3,3,,,0,,,,,,,,,,,,,,,
ENG-Premier League,2526,Manchester City,Nathan Aké,NED,DF,30,1995,18,6,695,7.7,0,0,0,0,0,0,1,0,0.0,0.0,0.0,0.0,0.0,7.7,0,7,1,14.3,0.91,0.13,0.0,0.0,0,0,39,20.3,6,85,4,12,16,17,2.06,10,9,1,0.13,-1.22,0,3,8,1,4,5,6,,,0,,,,,,,,,,,,,,,
ENG-Premier League,2526,Manchester City,Nico O'Reilly,ENG,"DF,MF",20,2005,34,29,2646,29.4,5,3,8,5,0,0,5,0,0.17,0.1,0.27,0.17,0.27,29.4,5,41,15,36.6,1.39,0.51,0.12,0.33,0,0,78,77.4,29,87,22,5,27,1,2.18,63,25,38,1.29,0.83,0,45,18,1,38,20,36,,,0,,,,,,,,,,,,,,,
ENG-Premier League,2526,Manchester City,Nicolás González,ESP,MF,23,2002,25,17,1569,17.4,1,0,1,1,0,0,6,0,0.06,0.0,0.06,0.06,0.06,17.4,1,14,2,14.3,0.8,0.11,0.07,0.5,0,0,63,45.9,17,81,10,8,25,8,2.12,39,17,22,1.26,0.29,0,30,18,0,3,24,30,,,0,,,,,,,,,,,,,,,
ENG-Premier League,2526,Manchester City,Omar Marmoush,EGY,"FW,MF",26,1999,21,8,700,7.8,3,3,6,3,0,0,3,0,0.39,0.39,0.77,0.39,0.77,7.8,3,30,9,30.0,3.86,1.16,0.1,0.33,0,0,33,20.5,8,65,0,13,14,7,2.05,15,5,10,1.29,0.23,0,10,21,6,12,2,8,,,0,,,,,,,,,,,,,,,
ENG-Premier League,2526,Manchester City,Oscar Bobb,NOR,"MF,FW",22,2003,9,5,468,5.2,0,1,1,0,0,0,1,0,0.0,0.19,0.19,0.0,0.19,5.2,0,4,0,0.0,0.77,0.0,0.0,,0,0,52,13.7,5,78,2,4,20,4,1.67,10,5,5,0.96,-0.17,0,5,9,0,5,3,5,,,0,,,,,,,,,,,,,,,
ENG-Premier League,2526,Manchester City,Phil Foden,ENG,MF,25,2000,33,23,2086,23.2,7,5,12,7,0,0,4,0,0.3,0.22,0.52,0.3,0.52,23.2,7,55,19,34.5,2.37,0.82,0.13,0.37,0,0,63,61.0,23,83,13,10,17,3,2.0,53,19,34,1.47,0.93,0,18,31,3,119,10,16,,,0,,,,,,,,,,,,,,,
ENG-Premier League,2526,Manchester City,Rayan Aït-Nouri,ALG,DF,24,2001,17,12,974,10.8,0,2,2,0,0,0,2,0,0.0,0.18,0.18,0.0,0.18,10.8,0,10,2,20.0,0.92,0.18,0.0,0.0,0,0,57,28.5,12,77,7,5,11,9,1.94,23,9,14,1.29,0.26,0,17,10,0,22,13,21,,,0,,,,,,,,,,,,,,,
ENG-Premier League,2526,Manchester City,Rayan Cherki,FRA,MF,21,2003,33,19,1786,19.8,4,12,16,4,0,0,1,0,0.2,0.6,0.81,0.2,0.81,19.8,4,55,13,23.6,2.77,0.66,0.07,0.31,0,0,54,52.2,19,77,5,14,23,1,2.06,40,19,21,1.06,-0.1,0,18,34,1,80,7,16,,,0,,,,,,,,,,,,,,,
ENG-Premier League,2526,Manchester City,Rico Lewis,ENG,DF,20,2004,11,4,407,4.5,0,1,1,0,0,0,2,0,0.0,0.22,0.22,0.0,0.22,4.5,0,3,0,0.0,0.66,0.0,0.0,,0,0,37,11.9,4,84,3,7,10,16,1.73,7,7,0,0.0,-1.25,0,5,9,0,2,7,4,,,0,,,,,,,,,,,,,,,
ENG-Premier League,2526,Manchester City,Rodri,ESP,MF,29,1996,21,17,1511,16.8,1,0,1,1,0,0,3,0,0.06,0.0,0.06,0.06,0.06,16.8,1,16,3,18.8,0.95,0.18,0.06,0.33,0,0,72,44.2,17,84,12,4,22,1,1.81,28,15,13,0.77,-0.59,0,14,31,0,5,12,25,,,0,,,,,,,,,,,,,,,
ENG-Premier League,2526,Manchester City,Rúben Dias,POR,DF,28,1997,26,24,2141,23.8,2,0,2,2,0,0,3,0,0.08,0.0,0.08,0.08,0.08,23.8,2,10,4,40.0,0.42,0.17,0.2,0.5,0,0,82,62.6,24,88,22,2,18,4,2.12,54,22,32,1.35,0.64,0,15,9,0,9,23,6,,,0,,,,,,,,,,,,,,,
ENG-Premier League,2526,Manchester City,Sávio,BRA,MF,21,2004,24,7,833,9.3,1,1,2,1,0,0,2,0,0.11,0.11,0.22,0.11,0.22,9.3,1,20,11,55.0,2.16,1.19,0.05,0.09,0,0,35,24.4,7,78,3,17,17,3,2.29,15,7,8,0.86,-0.32,0,9,15,4,40,5,5,,,0,,,,,,,,,,,,,,,
ENG-Premier League,2526,Manchester City,Tijjani Reijnders,NED,MF,27,1998,28,19,1631,18.1,5,2,7,5,0,0,2,0,0.28,0.11,0.39,0.28,0.39,18.1,5,49,16,32.7,2.7,0.88,0.1,0.31,0,0,58,47.7,19,77,6,9,18,10,1.93,32,17,15,0.83,-0.53,0,19,15,4,43,11,4,,,0,,,,,,,,,,,,,,,
ENG-Premier League,2526,Manchester Utd,Altay Bayındır,TUR,GK,27,1998,6,6,540,6.0,0,0,0,0,0,0,0,0,0.0,0.0,0.0,0.0,0.0,6.0,0,0,0,,0.0,0.0,,,0,0,90,15.8,6,90,6,0,,32,1.17,7,11,-4,-0.67,-1.39,0,0,3,0,0,0,0,,,0,11,1.83,24,13,54.2,2,1,3,0,0.0,0,0,0,0,
ENG-Premier League,2526,Manchester Utd,Amad Diallo,CIV,MF,23,2002,32,27,2341,26.0,2,3,5,2,0,0,2,0,0.08,0.12,0.19,0.08,0.19,26.0,2,53,23,43.4,2.04,0.88,0.04,0.09,0,0,73,68.5,27,82,17,5,25,0,2.03,52,33,19,0.73,0.73,0,24,38,12,46,15,23,,,0,,,,,,,,,,,,,,,
ENG-Premier League,2526,Manchester Utd,Ayden Heaven,ENG,DF,18,2006,17,11,924,10.3,0,1,1,0,0,0,2,0,0.0,0.1,0.1,0.0,0.1,10.3,0,3,0,0.0,0.29,0.0,0.0,,0,0,54,27.0,11,80,7,6,8,21,2.0,20,15,5,0.49,-0.02,0,7,9,0,1,1,13,,,1,,,,,,,,,,,,,,,
ENG-Premier League,2526,Manchester Utd,Bendito Mantato,ENG,MF,17,2008,1,0,16,0.2,0,0,0,0,0,0,0,0,0.0,0.0,0.0,0.0,0.0,0.2,0,0,0,,0.0,0.0,,,0,0,16,0.5,0,,0,1,16,3,1.0,0,0,0,0.0,-0.5,0,0,0,0,1,0,0,,,0,,,,,,,,,,,,,,,
ENG-Premier League,2526,Manchester Utd,Benjamin Šeško,SVN,FW,22,2003,30,17,1643,18.3,11,1,12,11,0,0,2,0,0.6,0.05,0.66,0.6,0.66,18.3,11,61,34,55.7,3.34,1.86,0.18,0.32,0,0,55,48.0,17,79,8,13,23,1,1.8,37,30,7,0.38,-0.22,0,17,6,7,2,3,3,,,0,,,,,,,,,,,,,,,
ENG-Premier League,2526,Manchester Utd,Bruno Fernandes,POR,MF,30,1994,35,35,3063,34.0,9,21,30,5,4,6,5,0,0.26,0.62,0.88,0.15,0.76,34.0,9,85,24,28.2,2.5,0.71,0.11,0.38,4,6,88,89.6,35,88,29,0,,0,1.89,66,46,20,0.59,0.84,0,24,35,4,181,21,35,,,0,,,,,,,,,,,,,,,
ENG-Premier League,2526,Manchester Utd,Bryan Mbeumo,CMR,"MF,FW",25,1999,33,31,2609,29.0,11,3,14,11,0,0,4,0,0.38,0.1,0.48,0.38,0.48,29.0,11,73,32,43.8,2.52,1.1,0.15,0.34,0,0,79,76.3,31,83,13,2,19,0,1.97,57,36,21,0.72,0.95,0,23,28,7,105,7,11,,,0,,,,,,,,,,,,,,,
ENG-Premier League,2526,Manchester Utd,Casemiro,BRA,MF,33,1992,34,33,2571,28.6,9,2,11,9,0,0,11,1,0.32,0.07,0.39,0.32,0.39,28.6,9,52,18,34.6,1.82,0.63,0.17,0.5,0,0,76,75.2,33,78,13,1,11,0,1.97,55,31,24,0.84,1.37,1,46,36,5,19,30,45,,,0,,,,,,,,,,,,,,,
ENG-Premier League,2526,Manchester Utd,Diogo Dalot,POR,"DF,MF",26,1999,34,29,2614,29.0,1,3,4,1,0,0,5,0,0.03,0.1,0.14,0.03,0.14,29.0,1,24,6,25.0,0.83,0.21,0.04,0.17,0,0,77,76.4,29,86,22,5,27,1,1.88,58,40,18,0.62,0.51,0,25,14,4,57,26,30,,,0,,,,,,,,,,,,,,,
ENG-Premier League,2526,Manchester Utd,Harry Maguire,ENG,DF,32,1993,23,19,1653,18.4,1,2,3,1,0,0,3,1,0.05,0.11,0.16,0.05,0.16,18.4,1,14,4,28.6,0.76,0.22,0.07,0.25,0,0,72,48.3,19,84,13,4,13,3,2.04,36,19,17,0.93,0.82,0,16,16,0,4,12,17,,,0,,,,,,,,,,,,,,,
ENG-Premier League,2526,Manchester Utd,Jack Fletcher,ENG,MF,18,2007,3,0,108,1.2,0,0,0,0,0,0,0,0,0.0,0.0,0.0,0.0,0.0,1.2,0,1,0,0.0,0.83,0.0,0.0,,0,0,36,3.2,0,,0,3,36,5,1.33,0,0,0,0.0,-0.52,0,2,1,0,0,1,1,,,0,,,,,,,,,,,,,,,
ENG-Premier League,2526,Manchester Utd,Joshua Zirkzee,NED,"FW,MF",24,2001,24,5,626,7.0,2,1,3,2,0,0,3,0,0.29,0.14,0.43,0.29,0.43,7.0,2,25,9,36.0,3.59,1.29,0.08,0.22,0,0,26,18.3,5,73,2,19,14,12,1.79,9,8,1,0.14,-0.44,0,8,6,1,5,1,6,,,0,,,,,,,,,,,,,,,
ENG-Premier League,2526,Manchester Utd,Kobbie Mainoo,ENG,MF,20,2005,28,16,1662,18.5,1,2,3,1,0,0,2,0,0.05,0.11,0.16,0.05,0.16,18.5,1,13,3,23.1,0.7,0.16,0.08,0.33,0,0,59,48.6,16,89,14,12,20,4,2.21,38,22,16,0.87,0.71,0,12,22,1,13,19,20,,,0,,,,,,,,,,,,,,,
ENG-Premier League,2526,Manchester Utd,Leny Yoro,FRA,DF,19,2005,32,18,1740,19.3,0,0,0,0,0,0,1,0,0.0,0.0,0.0,0.0,0.0,19.3,0,9,3,33.3,0.47,0.16,0.0,0.0,0,0,54,50.9,18,82,9,14,20,5,1.72,28,33,-5,-0.26,-1.54,0,17,5,2,3,31,20,,,0,,,,,,,,,,,,,,,
ENG-Premier League,2526,Manchester Utd,Lisandro Martínez,ARG,DF,27,1998,18,13,1233,13.7,0,0,0,0,0,0,0,1,0.0,0.0,0.0,0.0,0.0,13.7,0,5,0,0.0,0.36,0.0,0.0,,0,0,69,36.1,13,87,11,5,20,1,1.89,25,15,10,0.73,0.36,0,9,2,0,2,12,11,,,1,,,,,,,,,,,,,,,
ENG-Premier League,2526,Manchester Utd,Luke Shaw,ENG,DF,30,1995,38,38,3219,35.8,1,1,2,1,0,0,9,0,0.03,0.03,0.06,0.03,0.06,35.8,1,10,3,30.0,0.28,0.08,0.1,0.33,0,0,85,94.1,38,85,23,0,,0,1.87,66,45,21,0.59,1.48,0,48,20,0,54,43,45,,,0,,,,,,,,,,,,,,,
ENG-Premier League,2526,Manchester Utd,Manuel Ugarte,URU,MF,24,2001,22,8,887,9.9,0,0,0,0,0,0,1,0,0.0,0.0,0.0,0.0,0.0,9.9,0,13,1,7.7,1.32,0.1,0.0,0.0,0,0,40,25.9,8,80,3,14,17,15,1.55,12,23,-11,-1.12,-2.18,0,24,15,0,1,20,30,,,0,,,,,,,,,,,,,,,
ENG-Premier League,2526,Manchester Utd,Mason Mount,ENG,MF,26,1999,23,12,1017,11.3,3,0,3,3,0,0,2,0,0.27,0.0,0.27,0.27,0.27,11.3,3,19,5,26.3,1.68,0.44,0.16,0.6,0,0,44,29.7,12,70,3,11,16,6,1.87,19,15,4,0.35,-0.21,0,17,12,0,22,9,13,,,0,,,,,,,,,,,,,,,
ENG-Premier League,2526,Manchester Utd,Matheus Cunha,BRA,"MF,FW",26,1999,33,29,2494,27.7,10,2,12,10,0,0,4,0,0.36,0.07,0.43,0.36,0.43,27.7,10,90,35,38.9,3.25,1.26,0.11,0.29,0,0,76,72.9,29,83,16,4,24,1,1.88,48,35,13,0.47,-0.11,0,28,54,2,49,21,23,,,0,,,,,,,,,,,,,,,
ENG-Premier League,2526,Manchester Utd,Matthijs de Ligt,NED,DF,25,1999,13,13,1170,13.0,1,0,1,1,0,0,0,0,0.08,0.0,0.08,0.08,0.08,13.0,1,11,3,27.3,0.85,0.23,0.09,0.33,0,0,90,34.2,13,90,13,0,,0,1.62,21,20,1,0.08,-0.64,0,6,5,0,4,11,13,,,0,,,,,,,,,,,,,,,
ENG-Premier League,2526,Manchester Utd,Noussair Mazraoui,MAR,"DF,MF",27,1997,20,11,985,10.9,0,0,0,0,0,0,3,0,0.0,0.0,0.0,0.0,0.0,10.9,0,5,0,0.0,0.46,0.0,0.0,,0,0,49,28.8,11,72,3,9,22,6,2.0,19,10,9,0.82,0.45,0,12,14,0,13,11,15,,,0,,,,,,,,,,,,,,,
ENG-Premier League,2526,Manchester Utd,Patrick Dorgu,DEN,MF,20,2004,26,15,1449,16.1,4,4,8,4,0,0,5,0,0.25,0.25,0.5,0.25,0.5,16.1,4,25,11,44.0,1.55,0.68,0.16,0.36,0,0,56,42.4,15,84,10,11,17,2,1.73,22,20,2,0.12,-0.65,0,23,47,7,57,16,30,,,0,,,,,,,,,,,,,,,
ENG-Premier League,2526,Manchester Utd,Senne Lammens,BEL,GK,23,2002,32,32,2880,32.0,0,0,0,0,0,0,0,0,0.0,0.0,0.0,0.0,0.0,32.0,0,0,0,,0.0,0.0,,,0,0,90,84.2,32,90,32,0,,3,2.0,62,39,23,0.72,1.39,0,0,4,0,0,0,1,,,0,39,1.22,118,78,66.9,18,10,4,8,25.0,4,4,0,0,0.0
ENG-Premier League,2526,Manchester Utd,Shea Lacey,ENG,FW,18,2007,3,0,43,0.5,0,0,0,0,0,0,0,0,0.0,0.0,0.0,0.0,0.0,0.5,0,4,1,25.0,8.37,2.09,0.0,0.0,0,0,14,1.3,0,,0,3,14,11,1.33,0,0,0,0.0,-0.51,0,2,2,0,0,0,0,,,0,,,,,,,,,,,,,,,
ENG-Premier League,2526,Manchester Utd,Tyler Fletcher,SCO,MF,18,2007,2,0,18,0.2,0,0,0,0,0,0,0,0,0.0,0.0,0.0,0.0,0.0,0.2,0,0,0,,0.0,0.0,,,0,0,9,0.5,0,,0,2,9,12,3.0,0,0,0,0.0,-0.5,0,0,0,0,0,0,0,,,0,,,,,,,,,,,,,,,
ENG-Premier League,2526,Manchester Utd,Tyler Fredricson,ENG,DF,20,2005,1,0,3,0.0,0,0,0,0,0,0,0,0,0.0,0.0,0.0,0.0,0.0,0.0,0,0,0,,0.0,0.0,,,0,0,3,0.1,0,,0,1,3,10,3.0,0,0,0,0.0,-0.5,0,0,0,0,0,0,0,,,0,,,,,,,,,,,,,,,
ENG-Premier League,2526,Manchester Utd,Tyrell Malacia,NED,DF,25,1999,3,0,18,0.2,0,0,0,0,0,0,0,0,0.0,0.0,0.0,0.0,0.0,0.2,0,0,0,,0.0,0.0,,,0,0,6,0.5,0,,0,3,6,25,2.0,0,1,-1,-5.0,-5.53,0,0,0,0,0,0,1,,,0,,,,,,,,,,,,,,,
ENG-Premier League,2526,Newcastle,Aaron Ramsdale,ENG,GK,27,1998,12,11,1004,11.2,0,0,0,0,0,0,2,0,0.0,0.0,0.0,0.0,0.0,11.2,0,0,0,,0.0,0.0,,,0,0,84,29.4,11,90,11,1,14,26,1.17,16,17,-1,-0.09,-0.05,0,0,1,0,0,0,0,,,0,17,1.52,41,24,58.5,4,2,5,1,9.1,3,3,0,0,0.0
ENG-Premier League,2526,Newcastle,Alex Murphy,IRL,DF,21,2004,2,0,9,0.1,0,0,0,0,0,0,0,0,0.0,0.0,0.0,0.0,0.0,0.1,0,0,0,,0.0,0.0,,,0,0,5,0.3,0,,0,2,5,23,0.0,0,1,-1,-10.0,-9.97,0,0,0,0,0,1,0,,,0,,,,,,,,,,,,,,,
ENG-Premier League,2526,Newcastle,Anthony Elanga,SWE,"FW,MF",23,2002,32,14,1319,14.7,0,1,1,0,0,0,0,0,0.0,0.07,0.07,0.0,0.07,14.7,0,17,4,23.5,1.16,0.27,0.0,0.0,0,0,41,38.6,14,70,2,18,19,2,1.13,20,28,-8,-0.55,-0.8,0,8,25,2,83,3,11,,,0,,,,,,,,,,,,,,,
ENG-Premier League,2526,Newcastle,Anthony Gordon,ENG,FW,24,2001,26,24,1795,19.9,6,2,8,3,3,3,3,1,0.3,0.1,0.4,0.15,0.25,19.9,6,48,20,41.7,2.41,1.0,0.13,0.3,3,3,69,52.5,24,74,4,2,13,4,1.31,24,28,-4,-0.2,-0.31,0,13,40,5,69,3,13,,,0,,,,,,,,,,,,,,,
ENG-Premier League,2526,Newcastle,Bruno Guimarães,BRA,MF,27,1997,29,27,2453,27.3,9,5,14,7,2,2,6,0,0.33,0.18,0.51,0.26,0.44,27.3,9,42,23,54.8,1.54,0.84,0.21,0.39,2,2,85,71.7,27,88,19,2,37,1,1.45,43,36,7,0.26,1.09,0,45,75,2,82,16,41,,,0,,,,,,,,,,,,,,,
ENG-Premier League,2526,Newcastle,Dan Burn,ENG,DF,33,1992,29,25,2199,24.4,1,2,3,1,0,0,11,1,0.04,0.08,0.12,0.04,0.12,24.4,1,10,3,30.0,0.41,0.12,0.1,0.33,0,0,76,64.3,25,86,21,4,13,2,1.21,32,34,-2,-0.08,-0.08,1,36,13,3,14,20,26,,,0,,,,,,,,,,,,,,,
ENG-Premier League,2526,Newcastle,Emil Krafth,SWE,DF,30,1994,1,1,45,0.5,0,0,0,0,0,0,0,0,0.0,0.0,0.0,0.0,0.0,0.5,0,0,0,,0.0,0.0,,,0,0,45,1.3,1,45,0,0,,9,0.0,1,2,-1,-2.0,-1.97,0,1,0,0,1,0,0,,,0,,,,,,,,,,,,,,,
ENG-Premier League,2526,Newcastle,Fabian Schär,SUI,DF,33,1991,16,11,1091,12.1,0,0,0,0,0,0,1,0,0.0,0.0,0.0,0.0,0.0,12.1,0,17,4,23.5,1.4,0.33,0.0,0.0,0,0,68,31.9,11,88,9,5,25,3,1.75,16,13,3,0.25,0.44,0,15,7,1,4,16,9,,,0,,,,,,,,,,,,,,,
ENG-Premier League,2526,Newcastle,Harvey Barnes,ENG,"FW,MF",27,1997,37,19,1966,21.8,7,1,8,7,0,0,1,0,0.32,0.05,0.37,0.32,0.37,21.8,7,58,21,36.2,2.66,0.96,0.12,0.33,0,0,53,57.5,19,79,7,18,26,1,1.24,35,31,4,0.18,0.55,0,17,23,3,74,3,5,,,0,,,,,,,,,,,,,,,
ENG-Premier League,2526,Newcastle,Jacob Murphy,ENG,"FW,MF",30,1995,33,19,1617,18.0,3,2,5,3,0,0,2,0,0.17,0.11,0.28,0.17,0.28,18.0,3,42,13,31.0,2.34,0.72,0.07,0.23,0,0,49,47.3,19,69,1,14,21,3,1.27,24,19,5,0.28,0.63,0,9,13,5,125,6,12,,,0,,,,,,,,,,,,,,,
ENG-Premier League,2526,Newcastle,Jacob Ramsey,ENG,MF,24,2001,28,15,1450,16.1,2,3,5,2,0,0,5,1,0.12,0.19,0.31,0.12,0.31,16.1,2,16,4,25.0,0.99,0.25,0.13,0.5,0,0,52,42.4,15,76,7,13,24,5,1.18,24,29,-5,-0.31,-0.45,1,16,14,2,8,9,21,,,0,,,,,,,,,,,,,,,
ENG-Premier League,2526,Newcastle,Jamaal Lascelles,ENG,DF,31,1993,2,0,21,0.2,0,0,0,0,0,0,0,0,0.0,0.0,0.0,0.0,0.0,0.2,0,1,0,0.0,4.29,0.0,0.0,,0,0,11,0.6,0,,0,2,11,3,0.5,0,2,-2,-8.57,-8.57,0,0,0,0,0,0,0,,,0,,,,,,,,,,,,,,,
ENG-Premier League,2526,Newcastle,Joe Willock,ENG,MF,25,1999,24,10,983,10.9,0,2,2,0,0,0,3,0,0.0,0.18,0.18,0.0,0.18,10.9,0,17,6,35.3,1.56,0.55,0.0,0.0,0,0,41,28.7,10,70,1,14,20,13,1.46,13,18,-5,-0.46,-0.57,0,16,11,2,16,7,15,,,0,,,,,,,,,,,,,,,
ENG-Premier League,2526,Newcastle,Joelinton,BRA,MF,28,1996,27,23,1951,21.7,2,1,3,2,0,0,10,0,0.09,0.05,0.14,0.09,0.14,21.7,2,32,11,34.4,1.48,0.51,0.06,0.18,0,0,72,57.0,23,81,13,4,24,3,1.48,34,27,7,0.32,0.87,0,46,27,1,11,28,23,,,0,,,,,,,,,,,,,,,
ENG-Premier League,2526,Newcastle,Kieran Trippier,ENG,DF,34,1990,21,18,1586,17.6,0,1,1,0,0,0,3,0,0.0,0.06,0.06,0.0,0.06,17.6,0,2,0,0.0,0.11,0.0,0.0,,0,0,76,46.4,18,84,11,3,23,8,1.05,22,27,-5,-0.28,-0.43,0,22,19,1,96,7,13,,,0,,,,,,,,,,,,,,,
ENG-Premier League,2526,Newcastle,Lewis Hall,ENG,DF,20,2004,30,24,2181,24.2,1,1,2,1,0,0,4,0,0.04,0.04,0.08,0.04,0.08,24.2,1,25,6,24.0,1.03,0.25,0.04,0.17,0,0,73,63.8,24,86,19,6,19,4,1.3,34,39,-5,-0.21,-0.42,0,17,40,0,102,29,31,,,0,,,,,,,,,,,,,,,
ENG-Premier League,2526,Newcastle,Lewis Miley,ENG,"MF,DF",19,2006,23,15,1496,16.6,1,4,5,1,0,0,0,0,0.06,0.24,0.3,0.06,0.3,16.6,1,12,4,33.3,0.72,0.24,0.08,0.25,0,0,65,43.7,15,88,13,8,22,5,1.3,25,22,3,0.18,0.41,0,5,4,2,42,20,18,,,0,,,,,,,,,,,,,,,
ENG-Premier League,2526,Newcastle,Malick Thiaw,GER,DF,23,2001,35,33,2965,32.9,4,0,4,4,0,0,4,0,0.12,0.0,0.12,0.12,0.12,32.9,4,28,14,50.0,0.85,0.42,0.14,0.29,0,0,85,86.7,33,88,31,2,24,3,1.26,47,52,-5,-0.15,-0.75,0,24,11,2,9,30,34,,,0,,,,,,,,,,,,,,,
ENG-Premier League,2526,Newcastle,Nick Pope,ENG,GK,33,1992,27,27,2416,26.8,0,0,0,0,0,0,2,0,0.0,0.0,0.0,0.0,0.0,26.8,0,1,1,100.0,0.04,0.04,0.0,0.0,0,0,89,70.6,27,89,26,0,,6,1.3,37,38,-1,-0.04,0.05,0,1,2,0,0,0,1,,,0,38,1.42,127,89,70.1,10,5,12,7,25.9,2,2,0,0,0.0
ENG-Premier League,2526,Newcastle,Nick Woltemade,GER,"FW,MF",23,2002,33,24,1902,21.1,8,3,11,7,1,1,0,0,0.38,0.14,0.52,0.33,0.47,21.1,8,32,13,40.6,1.51,0.62,0.25,0.62,1,1,58,55.6,24,73,3,9,16,1,1.24,31,29,2,0.09,0.33,0,20,20,8,3,5,13,,,1,,,,,,,,,,,,,,,
ENG-Premier League,2526,Newcastle,Sandro Tonali,ITA,MF,25,2000,35,31,2534,28.2,0,2,2,0,0,0,4,0,0.0,0.07,0.07,0.0,0.07,28.2,0,37,8,21.6,1.31,0.28,0.0,0.0,0,0,72,74.1,31,80,16,4,12,0,1.31,32,37,-5,-0.18,-0.48,0,24,42,1,95,28,25,,,0,,,,,,,,,,,,,,,
ENG-Premier League,2526,Newcastle,Sean Neave,ENG,FW,18,2007,1,0,14,0.2,0,0,0,0,0,0,0,0,0.0,0.0,0.0,0.0,0.0,0.2,0,1,0,0.0,6.43,0.0,0.0,,0,0,14,0.4,0,,0,1,14,13,0.0,0,1,-1,-6.43,-6.4,0,0,0,0,0,0,0,,,0,,,,,,,,,,,,,,,
ENG-Premier League,2526,Newcastle,Sven Botman,NED,DF,25,2000,25,21,1835,20.4,1,1,2,1,0,0,2,0,0.05,0.05,0.1,0.05,0.1,20.4,1,15,4,26.7,0.74,0.2,0.07,0.25,0,0,73,53.7,21,84,17,4,15,5,1.36,25,27,-2,-0.1,-0.1,0,13,19,1,2,25,14,,,1,,,,,,,,,,,,,,,
ENG-Premier League,2526,Newcastle,Tino Livramento,ENG,DF,22,2002,17,14,1328,14.8,0,1,1,0,0,0,1,0,0.0,0.07,0.07,0.0,0.07,14.8,0,3,0,0.0,0.2,0.0,0.0,,0,0,78,38.8,14,88,12,3,33,0,1.47,22,14,8,0.54,0.97,0,7,16,2,36,2,14,,,0,,,,,,,,,,,,,,,
ENG-Premier League,2526,Newcastle,William Osula,DEN,FW,21,2003,24,8,819,9.1,7,0,7,7,0,0,0,0,0.77,0.0,0.77,0.77,0.77,9.1,7,23,12,52.2,2.53,1.32,0.3,0.58,0,0,34,23.9,8,77,2,16,13,2,1.04,11,14,-3,-0.33,-0.36,0,24,16,2,3,1,5,,,0,,,,,,,,,,,,,,,
ENG-Premier League,2526,Newcastle,Yoane Wissa,COD,FW,28,1996,19,4,531,5.9,1,1,2,1,0,0,3,0,0.17,0.17,0.34,0.17,0.34,5.9,1,13,5,38.5,2.2,0.85,0.08,0.2,0,0,28,15.5,4,70,0,15,17,4,1.11,10,11,-1,-0.17,-0.14,0,6,2,4,1,0,5,,,0,,,,,,,,,,,,,,,
ENG-Premier League,2526,Nottingham,Angus Gunn,SCO,GK,29,1996,1,0,45,0.5,0,0,0,0,0,0,0,0,0.0,0.0,0.0,0.0,0.0,0.5,0,0,0,,0.0,0.0,,,0,0,45,1.3,0,,0,1,45,13,1.0,0,0,0,0.0,0.08,0,0,0,0,0,0,0,,,0,0,0.0,0,0,,0,0,0,0,,0,0,0,0,
ENG-Premier League,2526,Nottingham,Arnaud Kalimuendo,FRA,FW,23,2002,9,0,96,1.1,0,0,0,0,0,0,0,0,0.0,0.0,0.0,0.0,0.0,1.1,0,4,1,25.0,3.75,0.94,0.0,0.0,0,0,11,2.8,0,,0,9,11,9,0.22,0,3,-3,-2.81,-2.81,0,2,0,1,2,0,1,,,0,,,,,,,,,,,,,,,
ENG-Premier League,2526,Nottingham,Callum Hudson-Odoi,ENG,MF,24,2000,30,21,1841,20.5,3,4,7,3,0,0,0,0,0.15,0.2,0.34,0.15,0.34,20.5,3,30,10,33.3,1.47,0.49,0.1,0.3,0,0,61,53.8,21,75,4,9,31,0,1.0,21,26,-5,-0.24,-0.36,0,12,12,2,91,8,7,,,0,,,,,,,,,,,,,,,
ENG-Premier League,2526,Nottingham,Chris Wood,NZL,FW,33,1991,15,11,901,10.0,3,0,3,3,0,0,0,0,0.3,0.0,0.3,0.3,0.3,10.0,3,23,9,39.1,2.3,0.9,0.13,0.33,0,0,60,26.3,11,74,0,4,22,0,1.13,14,14,0,0.0,0.11,0,6,6,4,1,1,1,,,0,,,,,,,,,,,,,,,
ENG-Premier League,2526,Nottingham,Dan Ndoye,SUI,MF,24,2000,24,14,1173,13.0,1,1,2,1,0,0,1,0,0.08,0.08,0.15,0.08,0.15,13.0,1,15,4,26.7,1.15,0.31,0.07,0.25,0,0,49,34.3,14,71,3,10,18,5,1.08,15,17,-2,-0.15,-0.11,0,16,22,9,41,10,11,,,0,,,,,,,,,,,,,,,
ENG-Premier League,2526,Nottingham,Dilane Bakwa,FRA,MF,22,2002,14,6,553,6.1,0,2,2,0,0,0,1,0,0.0,0.33,0.33,0.0,0.33,6.1,0,9,3,33.3,1.46,0.49,0.0,0.0,0,0,40,16.2,6,64,0,8,21,7,0.79,8,10,-2,-0.33,-0.29,0,9,14,0,38,0,3,,,0,,,,,,,,,,,,,,,
ENG-Premier League,2526,Nottingham,Douglas Luiz,BRA,MF,27,1998,8,5,315,3.5,0,0,0,0,0,0,2,0,0.0,0.0,0.0,0.0,0.0,3.5,0,5,1,20.0,1.43,0.29,0.0,0.0,0,0,39,9.2,5,51,0,3,19,6,0.63,1,7,-6,-1.71,-1.8,0,4,5,0,15,7,3,,,0,,,,,,,,,,,,,,,
ENG-Premier League,2526,Nottingham,Elliot Anderson,ENG,MF,22,2002,38,37,3331,37.0,4,4,8,3,1,1,8,0,0.11,0.11,0.22,0.08,0.19,37.0,4,44,10,22.7,1.19,0.27,0.09,0.4,1,1,88,97.4,37,89,33,1,45,0,1.16,46,50,-4,-0.11,-1.12,0,57,80,2,175,41,60,,,0,,,,,,,,,,,,,,,
ENG-Premier League,2526,Nottingham,Ibrahim Sangaré,CIV,MF,27,1997,28,25,2075,23.1,2,2,4,2,0,0,5,0,0.09,0.09,0.17,0.09,0.17,23.1,2,16,5,31.3,0.69,0.22,0.13,0.4,0,0,74,60.7,25,82,16,3,12,3,1.32,32,26,6,0.26,0.86,0,42,18,0,8,22,32,,,0,,,,,,,,,,,,,,,
ENG-Premier League,2526,Nottingham,Igor Jesus,BRA,FW,24,2001,37,28,2298,25.5,6,4,10,5,1,1,2,0,0.23,0.16,0.39,0.2,0.35,25.5,6,70,21,30.0,2.74,0.82,0.09,0.29,1,1,62,67.2,28,74,5,9,24,0,1.19,35,37,-2,-0.08,0.0,0,42,40,11,10,2,16,,,0,,,,,,,,,,,,,,,
ENG-Premier League,2526,Nottingham,Jair Cunha,BRA,DF,20,2005,9,6,517,5.7,0,0,0,0,0,0,0,0,0.0,0.0,0.0,0.0,0.0,5.7,0,3,1,33.3,0.52,0.17,0.0,0.0,0,0,57,15.1,6,71,3,3,30,14,1.33,14,7,7,1.22,1.53,0,0,6,0,2,5,5,,,0,,,,,,,,,,,,,,,
ENG-Premier League,2526,Nottingham,James Mcatee,ENG,MF,22,2002,14,2,298,3.3,0,1,1,0,0,0,1,0,0.0,0.3,0.3,0.0,0.3,3.3,0,4,0,0.0,1.21,0.0,0.0,,0,0,21,8.7,2,75,1,12,12,21,0.71,4,9,-5,-1.51,-1.57,0,4,5,2,9,3,4,,,0,,,,,,,,,,,,,,,
ENG-Premier League,2526,Nottingham,John,BRA,GK,29,1996,5,5,437,4.9,0,0,0,0,0,0,1,0,0.0,0.0,0.0,0.0,0.0,4.9,0,0,0,,0.0,0.0,,,0,0,87,12.8,5,87,4,0,,13,0.6,5,8,-3,-0.62,-0.62,0,0,0,0,0,0,0,,,0,8,1.65,14,6,42.9,1,0,4,1,20.0,1,1,0,0,0.0
ENG-Premier League,2526,Nottingham,Jota Silva,POR,FW,25,1999,1,0,12,0.1,0,0,0,0,0,0,0,0,0.0,0.0,0.0,0.0,0.0,0.1,0,0,0,,0.0,0.0,,,0,0,12,0.4,0,,0,1,12,0,3.0,0,0,0,0.0,0.08,0,0,1,0,1,0,1,,,0,,,,,,,,,,,,,,,
ENG-Premier League,2526,Nottingham,Lorenzo Lucca,ITA,FW,24,2000,4,1,129,1.4,1,0,1,1,0,0,0,0,0.7,0.0,0.7,0.7,0.7,1.4,1,4,1,25.0,2.79,0.7,0.25,1.0,0,0,32,3.8,1,70,0,3,20,2,0.5,2,1,1,0.7,0.81,0,1,2,2,0,1,0,,,0,,,,,,,,,,,,,,,
ENG-Premier League,2526,Nottingham,Luca Netz,GER,"DF,MF",22,2003,7,3,357,4.0,0,0,0,0,0,0,0,0,0.0,0.0,0.0,0.0,0.0,4.0,0,0,0,,0.0,0.0,,,0,0,51,10.4,3,85,1,4,26,6,1.14,7,5,2,0.5,0.65,0,5,2,0,2,1,8,,,0,,,,,,,,,,,,,,,
ENG-Premier League,2526,Nottingham,Matz Sels,BEL,GK,33,1992,31,30,2668,29.6,0,0,0,0,0,0,2,0,0.0,0.0,0.0,0.0,0.0,29.6,0,0,0,,0.0,0.0,,,0,0,86,78.0,30,89,29,1,13,3,1.29,42,39,3,0.1,0.82,0,0,4,0,0,0,1,,,0,39,1.32,132,93,70.5,10,10,10,7,23.3,5,4,1,0,20.0
ENG-Premier League,2526,Nottingham,Morato,BRA,DF,24,2001,21,14,1345,14.9,1,0,1,1,0,0,5,0,0.07,0.0,0.07,0.07,0.07,14.9,1,5,2,40.0,0.33,0.13,0.2,0.5,0,0,64,39.3,14,89,13,7,14,16,1.29,13,23,-10,-0.67,-0.97,0,16,7,1,2,11,18,,,0,,,,,,,,,,,,,,,
ENG-Premier League,2526,Nottingham,Morgan Gibbs-White,ENG,MF,25,2000,37,35,3097,34.4,15,4,19,14,1,1,1,0,0.44,0.12,0.55,0.41,0.52,34.4,15,83,32,38.6,2.41,0.93,0.18,0.47,1,1,84,90.6,35,87,20,2,33,0,1.16,42,45,-3,-0.09,-0.09,0,26,41,5,42,12,16,,,0,,,,,,,,,,,,,,,
ENG-Premier League,2526,Nottingham,Murillo,BRA,DF,23,2002,25,25,2130,23.7,1,0,1,1,0,0,5,0,0.04,0.0,0.04,0.04,0.04,23.7,1,11,4,36.4,0.46,0.17,0.09,0.25,0,0,85,62.3,25,85,22,0,,1,1.24,29,29,0,0.0,0.21,0,23,7,0,2,29,23,,,2,,,,,,,,,,,,,,,
ENG-Premier League,2526,Nottingham,Neco Williams,WAL,DF,24,2001,37,36,3204,35.6,2,3,5,2,0,0,6,1,0.06,0.08,0.14,0.06,0.14,35.6,2,46,19,41.3,1.29,0.53,0.04,0.11,0,0,87,93.7,36,88,33,1,46,0,1.19,45,47,-2,-0.06,0.36,0,29,52,4,143,46,61,,,0,,,,,,,,,,,,,,,
ENG-Premier League,2526,Nottingham,Nicolás Domínguez,ARG,MF,27,1998,27,17,1175,13.1,1,1,2,1,0,0,3,0,0.08,0.08,0.15,0.08,0.15,13.1,1,18,5,27.8,1.38,0.38,0.06,0.2,0,0,44,34.4,17,60,1,10,15,4,1.26,15,19,-4,-0.31,-0.35,0,16,11,0,14,6,30,,,0,,,,,,,,,,,,,,,
ENG-Premier League,2526,Nottingham,Nicolò Savona,ITA,DF,22,2003,14,11,1028,11.4,2,0,2,2,0,0,2,0,0.18,0.0,0.18,0.18,0.18,11.4,2,5,3,60.0,0.44,0.26,0.4,0.67,0,0,73,30.1,11,85,9,3,31,4,0.93,13,18,-5,-0.44,-0.51,0,12,5,1,27,5,12,,,0,,,,,,,,,,,,,,,
ENG-Premier League,2526,Nottingham,Nikola Milenković,SRB,DF,27,1997,38,37,3375,37.5,0,0,0,0,0,0,6,0,0.0,0.0,0.0,0.0,0.0,37.5,0,16,1,6.3,0.43,0.03,0.0,0.0,0,0,89,98.7,37,90,37,1,45,0,1.16,46,51,-5,-0.13,-4.13,0,21,20,1,2,29,19,,,1,,,,,,,,,,,,,,,
ENG-Premier League,2526,Nottingham,Ola Aina,NGA,DF,28,1996,18,18,1588,17.6,0,0,0,0,0,0,3,0,0.0,0.0,0.0,0.0,0.0,17.6,0,12,1,8.3,0.68,0.06,0.0,0.0,0,0,88,46.4,18,88,15,0,,0,1.39,27,19,8,0.45,0.99,0,13,15,0,39,26,21,,,0,,,,,,,,,,,,,,,
ENG-Premier League,2526,Nottingham,Oleksandr Zinchenko,UKR,DF,28,1996,5,4,353,3.9,0,0,0,0,0,0,0,0,0.0,0.0,0.0,0.0,0.0,3.9,0,4,2,50.0,1.02,0.51,0.0,0.0,0,0,71,10.3,4,86,3,1,10,3,0.2,1,6,-5,-1.27,-1.33,0,1,2,1,18,2,6,,,0,,,,,,,,,,,,,,,
ENG-Premier League,2526,Nottingham,Omari Hutchinson,ENG,MF,21,2003,31,17,1688,18.8,1,5,6,1,0,0,1,0,0.05,0.27,0.32,0.05,0.32,18.8,1,25,11,44.0,1.33,0.59,0.04,0.09,0,0,54,49.4,17,78,8,14,26,5,1.19,25,24,1,0.05,0.26,0,23,24,8,133,11,11,,,0,,,,,,,,,,,,,,,
ENG-Premier League,2526,Nottingham,Ryan Yates,ENG,MF,27,1997,22,2,617,6.9,0,2,2,0,0,0,3,0,0.0,0.29,0.29,0.0,0.29,6.9,0,9,2,22.2,1.31,0.29,0.0,0.0,0,0,28,18.0,2,77,1,20,23,10,1.45,14,7,7,1.02,1.34,0,13,13,0,5,9,10,,,0,,,,,,,,,,,,,,,
ENG-Premier League,2526,Nottingham,Stefan Ortega,GER,GK,32,1992,3,3,270,3.0,0,0,0,0,0,0,0,0,0.0,0.0,0.0,0.0,0.0,3.0,0,0,0,,0.0,0.0,,,0,0,90,7.9,3,90,3,0,,8,0.33,1,4,-3,-1.0,-1.0,0,0,0,0,0,0,0,,,0,4,1.33,12,8,66.7,0,1,2,1,33.3,0,0,0,0,
ENG-Premier League,2526,Nottingham,Taiwo Awoniyi,NGA,FW,27,1997,17,3,494,5.5,4,1,5,4,0,0,2,0,0.73,0.18,0.91,0.73,0.91,5.5,4,15,8,53.3,2.73,1.46,0.27,0.5,0,0,29,14.4,3,69,1,14,21,8,1.18,9,4,5,0.91,1.16,0,10,7,6,1,1,1,,,0,,,,,,,,,,,,,,,
ENG-Premier League,2526,Nottingham,Zach Abbott,ENG,DF,19,2006,3,2,164,1.8,0,0,0,0,0,0,0,0,0.0,0.0,0.0,0.0,0.0,1.8,0,0,0,,0.0,0.0,,,0,0,55,4.8,2,60,0,1,45,13,1.0,2,4,-2,-1.1,-1.07,0,3,1,0,3,2,4,,,0,,,,,,,,,,,,,,,
ENG-Premier League,2526,Sunderland,Arthur Masuaku,COD,DF,31,1993,3,2,126,1.4,0,0,0,0,0,0,1,0,0.0,0.0,0.0,0.0,0.0,1.4,0,1,0,0.0,0.71,0.0,0.0,,0,0,42,3.7,2,58,0,1,11,8,1.33,1,2,-1,-0.71,-0.58,0,3,0,0,8,2,2,,,0,,,,,,,,,,,,,,,
ENG-Premier League,2526,Sunderland,Bertrand Traoré,BFA,"MF,FW",29,1995,12,9,632,7.0,1,0,1,1,0,0,1,0,0.14,0.0,0.14,0.14,0.14,7.0,1,12,6,50.0,1.71,0.85,0.08,0.17,0,0,53,18.5,9,64,0,3,19,4,1.75,7,9,-2,-0.28,-0.16,0,11,12,1,13,2,4,,,0,,,,,,,,,,,,,,,
ENG-Premier League,2526,Sunderland,Brian Brobbey,NED,FW,23,2002,31,22,1927,21.4,7,1,8,7,0,0,6,0,0.33,0.05,0.37,0.33,0.37,21.4,7,36,18,50.0,1.68,0.84,0.19,0.39,0,0,62,56.3,22,78,6,9,22,2,1.29,20,30,-10,-0.47,-0.71,0,33,37,8,2,0,2,,,0,,,,,,,,,,,,,,,
ENG-Premier League,2526,Sunderland,Chemsdine Talbi,MAR,"MF,FW",20,2005,28,16,1561,17.3,4,1,5,4,0,0,0,0,0.23,0.06,0.29,0.23,0.29,17.3,4,25,10,40.0,1.44,0.58,0.16,0.4,0,0,56,45.6,16,78,2,12,26,3,1.46,23,14,9,0.52,1.25,0,5,1,2,50,3,6,,,0,,,,,,,,,,,,,,,
ENG-Premier League,2526,Sunderland,Chris Rigg,ENG,MF,18,2007,18,11,761,8.5,1,1,2,1,0,0,1,0,0.12,0.12,0.24,0.12,0.24,8.5,1,12,3,25.0,1.42,0.35,0.08,0.33,0,0,42,22.3,11,65,2,7,6,18,1.78,10,11,-1,-0.12,0.05,0,8,8,2,11,4,8,,,0,,,,,,,,,,,,,,,
ENG-Premier League,2526,Sunderland,Dan Neil,ENG,MF,23,2001,3,0,14,0.2,0,0,0,0,0,0,0,0,0.0,0.0,0.0,0.0,0.0,0.2,0,0,0,,0.0,0.0,,,0,0,5,0.4,0,,0,3,5,19,1.33,0,0,0,0.0,0.16,0,0,1,0,0,1,0,,,0,,,,,,,,,,,,,,,
ENG-Premier League,2526,Sunderland,Daniel Ballard,NIR,DF,25,1999,29,24,2149,23.9,2,0,2,2,0,0,4,1,0.08,0.0,0.08,0.08,0.08,23.9,2,26,9,34.6,1.09,0.38,0.08,0.22,0,0,74,62.8,24,82,20,5,35,0,1.21,29,34,-5,-0.21,-0.14,0,29,29,3,1,20,17,,,0,,,,,,,,,,,,,,,
ENG-Premier League,2526,Sunderland,Dennis Cirkin,LVA,DF,23,2002,8,3,323,3.6,0,0,0,0,0,0,2,0,0.0,0.0,0.0,0.0,0.0,3.6,0,1,0,0.0,0.28,0.0,0.0,,0,0,40,9.4,3,79,2,5,17,11,0.88,2,2,0,0.0,0.17,0,4,2,0,3,5,5,,,0,,,,,,,,,,,,,,,
ENG-Premier League,2526,Sunderland,Eliezer Mayenda,ESP,"FW,MF",20,2005,20,8,759,8.4,2,0,2,2,0,0,0,0,0.24,0.0,0.24,0.24,0.24,8.4,2,13,6,46.2,1.54,0.71,0.15,0.33,0,0,38,22.2,8,74,1,12,14,18,1.25,8,9,-1,-0.12,0.05,0,6,11,3,1,1,3,,,0,,,,,,,,,,,,,,,
ENG-Premier League,2526,Sunderland,Enzo Le Fée,FRA,"MF,FW",25,2000,36,33,2930,32.6,5,6,11,2,3,4,5,0,0.15,0.18,0.34,0.06,0.25,32.6,5,36,12,33.3,1.11,0.37,0.14,0.42,3,4,81,85.7,33,87,25,3,16,0,1.47,37,43,-6,-0.18,-0.18,0,31,37,4,98,28,56,,,0,,,,,,,,,,,,,,,
ENG-Premier League,2526,Sunderland,Granit Xhaka,SUI,MF,32,1992,34,32,2904,32.3,1,6,7,1,0,0,8,0,0.03,0.19,0.22,0.03,0.22,32.3,1,21,5,23.8,0.65,0.15,0.05,0.2,0,0,85,84.9,32,89,30,2,29,0,1.5,38,39,-1,-0.03,0.84,0,23,40,0,99,29,33,,,0,,,,,,,,,,,,,,,
ENG-Premier League,2526,Sunderland,Habib Diarra,SEN,MF,21,2004,20,15,1405,15.6,2,2,4,1,1,1,6,0,0.13,0.13,0.26,0.06,0.19,15.6,2,26,8,30.8,1.67,0.51,0.08,0.25,1,1,70,41.1,15,85,8,5,27,1,1.4,17,19,-2,-0.13,0.05,0,19,27,3,32,4,7,,,0,,,,,,,,,,,,,,,
ENG-Premier League,2526,Sunderland,Jenson Seelt,NED,DF,22,2003,2,1,134,1.5,0,0,0,0,0,0,0,0,0.0,0.0,0.0,0.0,0.0,1.5,0,0,0,,0.0,0.0,,,0,0,67,3.9,1,52,0,1,82,1,1.5,0,2,-2,-1.34,-1.23,0,1,1,0,1,0,0,,,0,,,,,,,,,,,,,,,
ENG-Premier League,2526,Sunderland,Jocelin Ta Bi,CIV,MF,20,2005,1,1,38,0.4,0,0,0,0,0,0,0,0,0.0,0.0,0.0,0.0,0.0,0.4,0,0,0,,0.0,0.0,,,0,0,38,1.1,1,38,0,0,,4,0.0,0,0,0,0.0,0.16,0,0,1,0,5,0,0,,,0,,,,,,,,,,,,,,,
ENG-Premier League,2526,Sunderland,Luke O'Nien,ENG,DF,30,1994,12,5,569,6.3,0,1,1,0,0,0,1,1,0.0,0.16,0.16,0.0,0.16,6.3,0,4,1,25.0,0.63,0.16,0.0,0.0,0,0,47,16.6,5,90,5,7,17,17,1.58,12,7,5,0.79,1.14,0,7,8,0,7,6,6,,,0,,,,,,,,,,,,,,,
ENG-Premier League,2526,Sunderland,Lutsharel Geertruida,NED,"DF,MF",25,2000,28,17,1693,18.8,0,0,0,0,0,0,2,0,0.0,0.0,0.0,0.0,0.0,18.8,0,11,3,27.3,0.58,0.16,0.0,0.0,0,0,60,49.5,17,87,14,11,20,7,1.36,16,23,-7,-0.37,-0.42,0,15,7,1,9,20,22,,,0,,,,,,,,,,,,,,,
ENG-Premier League,2526,Sunderland,Marc Guiu,ESP,FW,19,2006,2,0,15,0.2,0,0,0,0,0,0,0,0,0.0,0.0,0.0,0.0,0.0,0.2,0,1,0,0.0,6.0,0.0,0.0,,0,0,8,0.4,0,,0,2,8,1,1.5,1,1,0,0.0,0.16,0,0,0,0,0,0,0,,,0,,,,,,,,,,,,,,,
ENG-Premier League,2526,Sunderland,Melker Ellborg,SWE,GK,22,2003,3,3,270,3.0,0,0,0,0,0,0,0,0,0.0,0.0,0.0,0.0,0.0,3.0,0,0,0,,0.0,0.0,,,0,0,90,7.9,3,90,3,0,,11,2.0,3,2,1,0.33,0.53,0,0,1,0,0,0,0,,,0,2,0.67,12,10,83.3,2,0,1,1,33.3,0,0,0,0,
ENG-Premier League,2526,Sunderland,Nilson Angulo,ECU,MF,22,2003,8,5,404,4.5,0,0,0,0,0,0,1,0,0.0,0.0,0.0,0.0,0.0,4.5,0,7,3,42.9,1.56,0.67,0.0,0.0,0,0,51,11.8,5,74,0,3,11,0,1.38,4,6,-2,-0.45,-0.33,0,11,3,1,7,5,7,,,0,,,,,,,,,,,,,,,
ENG-Premier League,2526,Sunderland,Noah Sadiki,COD,MF,20,2004,33,33,2889,32.1,0,1,1,0,0,0,9,0,0.0,0.03,0.03,0.0,0.03,32.1,0,19,5,26.3,0.59,0.16,0.0,0.0,0,0,88,84.5,33,88,26,0,,0,1.52,37,42,-5,-0.16,0.01,0,31,40,2,21,33,26,,,0,,,,,,,,,,,,,,,
ENG-Premier League,2526,Sunderland,Nordi Mukiele,FRA,DF,27,1997,32,32,2784,30.9,3,3,6,3,0,0,5,0,0.1,0.1,0.19,0.1,0.19,30.9,3,26,4,15.4,0.84,0.13,0.12,0.75,0,0,87,81.4,32,87,29,0,,1,1.38,34,40,-6,-0.19,-0.19,0,35,26,3,85,37,45,,,1,,,,,,,,,,,,,,,
ENG-Premier League,2526,Sunderland,Omar Alderete,PAR,DF,28,1996,33,32,2798,31.1,1,1,2,1,0,0,6,0,0.03,0.03,0.06,0.03,0.06,31.1,1,24,9,37.5,0.77,0.29,0.04,0.11,0,0,85,81.8,32,86,27,1,38,2,1.39,30,40,-10,-0.32,-0.9,0,34,10,5,11,36,18,,,0,,,,,,,,,,,,,,,
ENG-Premier League,2526,Sunderland,Patrick Roberts,ENG,"FW,MF",28,1997,1,0,28,0.3,0,0,0,0,0,0,0,0,0.0,0.0,0.0,0.0,0.0,0.3,0,1,0,0.0,3.21,0.0,0.0,,0,0,28,0.8,0,,0,1,28,2,0.0,0,1,-1,-3.21,-3.08,0,0,0,0,0,0,0,,,0,,,,,,,,,,,,,,,
ENG-Premier League,2526,Sunderland,Reinildo Mandava,MOZ,DF,31,1994,25,23,1966,21.8,0,1,1,0,0,0,7,1,0.0,0.05,0.05,0.0,0.05,21.8,0,4,0,0.0,0.18,0.0,0.0,,0,0,79,57.5,23,83,19,2,23,0,1.6,28,26,2,0.09,0.59,0,32,35,1,23,29,23,,,0,,,,,,,,,,,,,,,
ENG-Premier League,2526,Sunderland,Robin Roefs,NED,GK,22,2003,35,35,3150,35.0,0,0,0,0,0,0,4,0,0.0,0.0,0.0,0.0,0.0,35.0,0,0,0,,0.0,0.0,,,0,0,90,92.1,35,90,35,0,,0,1.37,39,46,-7,-0.2,-0.53,0,0,14,0,0,0,0,,,0,46,1.31,154,108,70.1,12,12,11,10,28.6,3,2,1,0,33.3
ENG-Premier League,2526,Sunderland,Romaine Mundle,ENG,MF,22,2003,14,2,411,4.6,0,0,0,0,0,0,1,0,0.0,0.0,0.0,0.0,0.0,4.6,0,7,2,28.6,1.53,0.44,0.0,0.0,0,0,29,12.0,2,66,0,12,23,1,1.14,5,11,-6,-1.31,-1.31,0,7,8,0,11,1,4,,,0,,,,,,,,,,,,,,,
ENG-Premier League,2526,Sunderland,Simon Adingra,CIV,"MF,FW",23,2002,14,9,653,7.3,1,0,1,1,0,0,2,0,0.14,0.0,0.14,0.14,0.14,7.3,1,6,2,33.3,0.83,0.28,0.17,0.5,0,0,47,19.1,9,64,0,5,16,8,1.07,6,8,-2,-0.28,-0.15,0,18,3,4,27,2,8,,,0,,,,,,,,,,,,,,,
ENG-Premier League,2526,Sunderland,Trai Hume,NIR,"DF,MF",23,2002,38,34,3036,33.7,2,1,3,2,0,0,9,0,0.06,0.03,0.09,0.06,0.09,33.7,2,34,7,20.6,1.01,0.21,0.06,0.29,0,0,80,88.8,34,87,26,4,22,0,1.42,34,42,-8,-0.24,-0.71,0,30,38,3,88,25,46,,,1,,,,,,,,,,,,,,,
ENG-Premier League,2526,Sunderland,Wilson Isidor,HAI,FW,24,2000,32,11,1165,12.9,6,0,6,6,0,0,1,0,0.46,0.0,0.46,0.46,0.46,12.9,6,43,17,39.5,3.32,1.31,0.14,0.35,0,0,36,34.1,11,71,0,21,18,4,1.44,18,17,1,0.08,0.36,0,14,7,10,0,2,8,,,0,,,,,,,,,,,,,,,
ENG-Premier League,2526,Tottenham,Antonín Kinský,CZE,GK,22,2003,7,7,630,7.0,0,0,0,0,0,0,1,0,0.0,0.0,0.0,0.0,0.0,7.0,0,0,0,,0.0,0.0,,,0,0,90,18.4,7,90,7,0,,30,1.57,8,7,1,0.14,0.47,0,0,1,0,0,0,0,,,0,7,1.0,17,10,58.8,3,2,2,2,28.6,1,1,0,0,0.0
ENG-Premier League,2526,Tottenham,Archie Gray,ENG,"MF,DF",19,2006,24,18,1478,16.4,2,2,4,2,0,0,5,0,0.12,0.12,0.24,0.12,0.24,16.4,2,11,5,45.5,0.67,0.3,0.18,0.4,0,0,62,43.2,18,78,9,6,11,11,0.83,18,28,-10,-0.61,-0.66,0,12,2,0,12,17,8,,,0,,,,,,,,,,,,,,,
ENG-Premier League,2526,Tottenham,Ben Davies,WAL,DF,32,1993,3,2,137,1.5,1,0,1,1,0,0,1,0,0.66,0.0,0.66,0.66,0.66,1.5,1,2,2,100.0,1.31,1.31,0.5,0.5,0,0,46,4.0,2,53,0,1,32,11,0.33,1,3,-2,-1.31,-1.12,0,2,0,0,3,1,4,,,0,,,,,,,,,,,,,,,
ENG-Premier League,2526,Tottenham,Brennan Johnson,WAL,"MF,FW",24,2001,16,6,610,6.8,2,0,2,2,0,0,2,0,0.3,0.0,0.3,0.3,0.3,6.8,2,6,2,33.3,0.89,0.3,0.33,1.0,0,0,38,17.8,6,77,1,10,15,2,1.38,13,5,8,1.18,1.72,0,2,4,8,23,2,9,,,0,,,,,,,,,,,,,,,
ENG-Premier League,2526,Tottenham,Callum Olusesi,ENG,MF,18,2007,1,0,15,0.2,0,0,0,0,0,0,0,0,0.0,0.0,0.0,0.0,0.0,0.2,0,0,0,,0.0,0.0,,,0,0,15,0.4,0,,0,1,15,7,1.0,1,0,1,6.0,6.26,0,0,0,0,0,0,0,,,0,,,,,,,,,,,,,,,
ENG-Premier League,2526,Tottenham,Conor Gallagher,ENG,MF,25,2000,16,14,1184,13.2,1,1,2,1,0,0,2,0,0.08,0.08,0.15,0.08,0.15,13.2,1,11,4,36.4,0.84,0.3,0.09,0.25,0,0,74,34.6,14,81,5,2,28,0,0.81,13,23,-10,-0.76,-0.8,0,25,23,1,23,18,14,,,0,,,,,,,,,,,,,,,
ENG-Premier League,2526,Tottenham,Cristian Romero,ARG,DF,27,1998,23,22,1868,20.8,4,1,5,4,0,0,11,2,0.19,0.05,0.24,0.19,0.24,20.8,4,17,6,35.3,0.82,0.29,0.24,0.67,0,0,81,54.6,22,84,15,1,31,0,1.0,26,31,-5,-0.24,-0.01,1,32,16,1,1,31,30,,,0,,,,,,,,,,,,,,,
ENG-Premier League,2526,Tottenham,Dane Scarlett,ENG,FW,21,2004,2,0,9,0.1,0,0,0,0,0,0,0,0,0.0,0.0,0.0,0.0,0.0,0.1,0,0,0,,0.0,0.0,,,0,0,5,0.3,0,,0,2,5,9,1.0,1,0,1,10.0,10.26,0,1,0,0,0,0,0,,,0,,,,,,,,,,,,,,,
ENG-Premier League,2526,Tottenham,Destiny Udogie,ITA,"DF,MF",22,2002,20,14,1338,14.9,0,1,1,0,0,0,4,0,0.0,0.07,0.07,0.0,0.07,14.9,0,4,1,25.0,0.27,0.07,0.0,0.0,0,0,67,39.1,14,83,7,6,29,1,1.0,18,25,-7,-0.47,-0.38,0,17,22,3,27,7,20,,,0,,,,,,,,,,,,,,,
ENG-Premier League,2526,Tottenham,Djed Spence,ENG,"DF,MF",24,2000,30,23,2056,22.8,0,0,0,0,0,0,4,0,0.0,0.0,0.0,0.0,0.0,22.8,0,13,8,61.5,0.57,0.35,0.0,0.0,0,0,69,60.1,23,83,16,7,21,4,1.2,30,31,-1,-0.04,0.48,0,28,21,4,49,15,25,,,0,,,,,,,,,,,,,,,
ENG-Premier League,2526,Tottenham,Dominic Solanke,ENG,FW,27,1997,15,11,1001,11.1,3,0,3,3,0,0,1,0,0.27,0.0,0.27,0.27,0.27,11.1,3,20,11,55.0,1.8,0.99,0.15,0.27,0,0,67,29.3,11,83,7,4,23,1,0.87,11,21,-10,-0.9,-0.94,0,12,9,3,2,3,16,,,0,,,,,,,,,,,,,,,
ENG-Premier League,2526,Tottenham,Guglielmo Vicario,ITA,GK,28,1996,31,31,2790,31.0,0,0,0,0,0,0,1,0,0.0,0.0,0.0,0.0,0.0,31.0,0,0,0,,0.0,0.0,,,0,0,90,81.6,31,90,31,0,,2,0.97,40,50,-10,-0.32,-0.47,0,0,3,0,0,0,1,,,0,50,1.61,133,83,62.4,7,9,15,7,22.6,2,2,0,0,0.0
ENG-Premier League,2526,Tottenham,James Maddison,ENG,"FW,MF",28,1996,3,0,37,0.4,0,0,0,0,0,0,0,0,0.0,0.0,0.0,0.0,0.0,0.4,0,2,0,0.0,4.86,0.0,0.0,,0,0,12,1.1,0,,0,3,12,3,1.33,1,0,1,2.43,2.7,0,1,1,0,6,0,1,,,0,,,,,,,,,,,,,,,
ENG-Premier League,2526,Tottenham,James Rowswell,ENG,DF,19,2006,1,0,1,0.0,0,0,0,0,0,0,0,0,0.0,0.0,0.0,0.0,0.0,0.0,0,0,0,,0.0,0.0,,,0,0,1,0.0,0,,0,1,1,6,1.0,0,0,0,0.0,0.24,0,0,0,0,0,0,0,,,0,,,,,,,,,,,,,,,
ENG-Premier League,2526,Tottenham,João Palhinha,POR,MF,30,1995,33,23,2198,24.4,5,2,7,5,0,0,8,0,0.2,0.08,0.29,0.2,0.29,24.4,5,33,9,27.3,1.35,0.37,0.15,0.56,0,0,67,64.3,23,84,15,10,26,2,1.15,31,37,-6,-0.25,-0.02,0,28,36,0,4,28,61,,,0,,,,,,,,,,,,,,,
ENG-Premier League,2526,Tottenham,Jun'ai Byfield,ENG,DF,16,2008,1,0,1,0.0,0,0,0,0,0,0,0,0,0.0,0.0,0.0,0.0,0.0,0.0,0,0,0,,0.0,0.0,,,0,0,1,0.0,0,,0,1,1,5,1.0,0,0,0,0.0,0.24,0,0,0,0,0,0,0,,,0,,,,,,,,,,,,,,,
ENG-Premier League,2526,Tottenham,Kevin Danso,AUT,DF,26,1998,24,17,1494,16.6,0,0,0,0,0,0,8,0,0.0,0.0,0.0,0.0,0.0,16.6,0,11,2,18.2,0.66,0.12,0.0,0.0,0,0,62,43.7,17,85,14,7,8,10,1.38,20,26,-6,-0.36,-0.22,0,21,13,0,7,25,13,,,0,,,,,,,,,,,,,,,
ENG-Premier League,2526,Tottenham,Lucas Bergvall,SWE,MF,19,2006,23,11,965,10.7,1,3,4,1,0,0,2,0,0.09,0.28,0.37,0.09,0.37,10.7,1,12,5,41.7,1.12,0.47,0.08,0.2,0,0,42,28.2,11,66,0,12,20,5,1.17,14,18,-4,-0.37,-0.19,0,24,7,3,19,3,14,,,0,,,,,,,,,,,,,,,
ENG-Premier League,2526,Tottenham,Mathys Tel,FRA,"MF,FW",20,2005,31,13,1349,15.0,4,1,5,4,0,0,1,0,0.27,0.07,0.33,0.27,0.33,15.0,4,35,8,22.9,2.34,0.53,0.11,0.5,0,0,44,39.4,13,78,3,18,19,7,1.0,26,23,3,0.2,0.72,0,19,23,3,92,5,12,,,0,,,,,,,,,,,,,,,
ENG-Premier League,2526,Tottenham,Micky van de Ven,NED,DF,24,2001,35,35,3041,33.8,4,1,5,4,0,0,9,1,0.12,0.03,0.15,0.12,0.15,33.8,4,16,6,37.5,0.47,0.18,0.25,0.67,0,0,87,88.9,35,87,32,0,,1,1.09,43,47,-4,-0.12,1.07,0,28,22,2,3,21,20,,,0,,,,,,,,,,,,,,,
ENG-Premier League,2526,Tottenham,Mohammed Kudus,GHA,"MF,FW",24,2000,19,19,1535,17.1,2,5,7,2,0,0,3,0,0.12,0.29,0.41,0.12,0.41,17.1,2,26,9,34.6,1.52,0.53,0.08,0.22,0,0,81,44.9,19,81,8,0,,0,1.37,22,20,2,0.12,0.64,0,23,15,10,122,3,17,,,0,,,,,,,,,,,,,,,
ENG-Premier League,2526,Tottenham,Pape Matar Sarr,SEN,MF,22,2002,26,13,1398,15.5,2,4,6,2,0,0,3,0,0.13,0.26,0.39,0.13,0.39,15.5,2,17,6,35.3,1.09,0.39,0.12,0.33,0,0,54,40.9,13,89,11,13,19,3,1.12,21,23,-2,-0.13,0.18,0,29,13,3,8,14,21,,,0,,,,,,,,,,,,,,,
ENG-Premier League,2526,Tottenham,Pedro Porro,ESP,DF,25,1999,34,32,2796,31.1,1,2,3,1,0,0,10,0,0.03,0.06,0.1,0.03,0.1,31.1,1,32,8,25.0,1.03,0.26,0.03,0.13,0,0,82,81.8,32,86,26,2,21,0,1.18,40,40,0,0.0,1.3,0,32,26,1,232,31,50,,,0,,,,,,,,,,,,,,,
ENG-Premier League,2526,Tottenham,Radu Drăgușin,ROU,DF,23,2002,10,5,517,5.7,0,0,0,0,0,0,0,0,0.0,0.0,0.0,0.0,0.0,5.7,0,4,0,0.0,0.7,0.0,0.0,,0,0,52,15.1,5,90,4,5,14,11,1.2,6,13,-7,-1.22,-1.16,0,9,1,0,3,16,3,,,0,,,,,,,,,,,,,,,
ENG-Premier League,2526,Tottenham,Randal Kolo Muani,FRA,"FW,MF",26,1998,30,21,1664,18.5,1,1,2,1,0,0,3,0,0.05,0.05,0.11,0.05,0.11,18.5,1,20,4,20.0,1.08,0.22,0.05,0.25,0,0,55,48.7,21,69,4,9,25,2,0.87,17,31,-14,-0.76,-1.01,0,41,17,3,18,2,16,,,0,,,,,,,,,,,,,,,
ENG-Premier League,2526,Tottenham,Richarlison,BRA,"FW,MF",28,1997,32,20,1964,21.8,11,4,15,11,0,0,5,0,0.5,0.18,0.69,0.5,0.69,21.8,11,61,26,42.6,2.8,1.19,0.18,0.42,0,0,61,57.4,20,83,12,12,25,1,1.19,29,27,2,0.09,0.77,0,23,33,10,18,7,16,,,0,,,,,,,,,,,,,,,
ENG-Premier League,2526,Tottenham,Rodrigo Bentancur,URU,MF,28,1997,26,23,1883,20.9,1,1,2,1,0,0,7,0,0.05,0.05,0.1,0.05,0.1,20.9,1,13,3,23.1,0.62,0.14,0.08,0.33,0,0,72,55.1,23,79,11,3,21,1,1.35,28,25,3,0.14,0.85,0,19,8,1,7,36,36,,,0,,,,,,,,,,,,,,,
ENG-Premier League,2526,Tottenham,Souza,BRA,MF,19,2006,4,2,144,1.6,0,0,0,0,0,0,1,0,0.0,0.0,0.0,0.0,0.0,1.6,0,1,1,100.0,0.62,0.62,0.0,0.0,0,0,36,4.2,2,49,0,2,24,8,0.25,1,3,-2,-1.25,-1.06,0,3,2,0,3,2,0,,,0,,,,,,,,,,,,,,,
ENG-Premier League,2526,Tottenham,Wilson Odobert,FRA,"MF,FW",20,2004,24,10,985,10.9,0,2,2,0,0,0,0,0,0.0,0.18,0.18,0.0,0.18,10.9,0,21,8,38.1,1.92,0.73,0.0,0.0,0,0,41,28.8,10,68,1,14,22,2,1.08,16,13,3,0.27,0.72,0,2,10,2,28,0,8,,,0,,,,,,,,,,,,,,,
ENG-Premier League,2526,Tottenham,Xavi Simons,NED,"MF,FW",22,2003,28,19,1755,19.5,2,5,7,2,0,0,5,1,0.1,0.26,0.36,0.1,0.36,19.5,2,42,10,23.8,2.15,0.51,0.05,0.2,0,0,63,51.3,19,78,10,9,30,0,0.82,26,33,-7,-0.36,-0.25,0,21,44,0,51,15,20,,,0,,,,,,,,,,,,,,,
ENG-Premier League,2526,Tottenham,Yves Bissouma,MLI,MF,28,1996,11,7,603,6.7,0,0,0,0,0,0,4,0,0.0,0.0,0.0,0.0,0.0,6.7,0,5,2,40.0,0.75,0.3,0.0,0.0,0,0,55,17.6,7,68,1,4,32,4,0.82,6,17,-11,-1.64,-1.71,0,8,6,0,1,8,11,,,0,,,,,,,,,,,,,,,
ENG-Premier League,2526,West Ham,Aaron Wan-Bissaka,COD,"DF,MF",27,1997,25,23,2081,23.1,0,2,2,0,0,0,4,0,0.0,0.09,0.09,0.0,0.09,23.1,0,0,0,,0.0,0.0,,,0,0,83,60.8,23,87,19,2,36,5,0.96,27,43,-16,-0.69,-0.49,0,23,12,1,43,41,24,,,0,,,,,,,,,,,,,,,
ENG-Premier League,2526,West Ham,Adama Traoré,ESP,"FW,MF",29,1996,9,0,121,1.3,0,0,0,0,0,0,1,0,0.0,0.0,0.0,0.0,0.0,1.3,0,2,0,0.0,1.49,0.0,0.0,,0,0,13,3.5,0,,0,9,13,3,1.22,1,5,-4,-2.98,-2.57,0,1,0,2,12,0,1,,,0,,,,,,,,,,,,,,,
ENG-Premier League,2526,West Ham,Alphonse Areola,FRA,GK,32,1993,20,20,1800,20.0,0,1,1,0,0,0,0,0,0.0,0.05,0.05,0.0,0.05,20.0,0,0,0,,0.0,0.0,,,0,0,90,52.6,20,90,20,0,,18,0.85,25,37,-12,-0.6,-0.21,0,1,1,0,0,1,0,,,0,37,1.85,113,76,67.3,4,5,11,0,0.0,6,5,0,1,0.0
ENG-Premier League,2526,West Ham,Andy Irving,SCO,MF,25,2000,7,2,158,1.8,0,0,0,0,0,0,0,0,0.0,0.0,0.0,0.0,0.0,1.8,0,0,0,,0.0,0.0,,,0,0,23,4.6,2,62,0,5,7,8,0.71,3,4,-1,-0.57,-0.07,0,1,0,0,12,1,4,,,0,,,,,,,,,,,,,,,
ENG-Premier League,2526,West Ham,Axel Disasi,FRA,DF,27,1998,14,14,1254,13.9,0,0,0,0,0,0,1,0,0.0,0.0,0.0,0.0,0.0,13.9,0,5,3,60.0,0.36,0.22,0.0,0.0,0,0,90,36.7,14,90,13,0,,0,1.36,17,17,0,0.0,0.79,0,5,4,1,0,12,10,,,1,,,,,,,,,,,,,,,
ENG-Premier League,2526,West Ham,Callum Marshall,NIR,FW,20,2004,2,0,60,0.7,0,0,0,0,0,0,0,0,0.0,0.0,0.0,0.0,0.0,0.7,0,1,0,0.0,1.5,0.0,0.0,,0,0,30,1.8,0,,0,2,30,4,0.0,0,2,-2,-3.0,-2.54,0,0,0,1,0,2,0,,,0,,,,,,,,,,,,,,,
ENG-Premier League,2526,West Ham,Callum Wilson,ENG,FW,33,1992,32,11,1251,13.9,7,1,8,7,0,0,1,0,0.5,0.07,0.58,0.5,0.58,13.9,7,38,16,42.1,2.73,1.15,0.18,0.44,0,0,39,36.6,11,69,2,21,23,5,1.16,23,24,-1,-0.07,0.67,0,12,14,9,5,3,2,,,0,,,,,,,,,,,,,,,
ENG-Premier League,2526,West Ham,Crysencio Summerville,NED,"MF,FW",23,2001,31,29,2470,27.4,5,2,7,5,0,0,6,0,0.18,0.07,0.26,0.18,0.26,27.4,5,54,15,27.8,1.97,0.55,0.09,0.33,0,0,80,72.2,29,84,14,2,19,0,1.16,34,42,-8,-0.29,0.75,0,49,67,6,59,15,26,,,0,,,,,,,,,,,,,,,
ENG-Premier League,2526,West Ham,El Hadji Malick Diouf,SEN,"DF,MF",20,2004,32,30,2707,30.1,0,5,5,0,0,0,6,0,0.0,0.17,0.17,0.0,0.17,30.1,0,18,4,22.2,0.6,0.13,0.0,0.0,0,0,85,79.2,30,88,24,2,33,0,1.09,38,47,-9,-0.3,0.96,0,28,25,2,109,32,19,,,0,,,,,,,,,,,,,,,
ENG-Premier League,2526,West Ham,Ezra Mayers,BRB,DF,18,2007,6,0,117,1.3,0,0,0,0,0,0,0,0,0.0,0.0,0.0,0.0,0.0,1.3,0,1,0,0.0,0.77,0.0,0.0,,0,0,20,3.4,0,,0,6,20,8,0.33,0,3,-3,-2.31,-1.87,0,0,0,0,3,1,0,,,0,,,,,,,,,,,,,,,
ENG-Premier League,2526,West Ham,Freddie Potts,ENG,MF,21,2003,22,12,1171,13.0,0,1,1,0,0,0,1,0,0.0,0.08,0.08,0.0,0.08,13.0,0,3,1,33.3,0.23,0.08,0.0,0.0,0,0,53,34.2,12,77,4,10,25,11,1.09,17,25,-8,-0.61,-0.17,0,15,14,0,34,16,18,,,0,,,,,,,,,,,,,,,
ENG-Premier League,2526,West Ham,George Earthy,ENG,MF,20,2004,1,0,9,0.1,0,0,0,0,0,0,0,0,0.0,0.0,0.0,0.0,0.0,0.1,0,0,0,,0.0,0.0,,,0,0,9,0.3,0,,0,1,9,5,0.0,0,1,-1,-10.0,-9.53,0,0,0,0,0,0,0,,,0,,,,,,,,,,,,,,,
ENG-Premier League,2526,West Ham,Guido Rodríguez,ARG,MF,31,1994,6,2,180,2.0,0,0,0,0,0,0,1,0,0.0,0.0,0.0,0.0,0.0,2.0,0,1,0,0.0,0.5,0.0,0.0,,0,0,30,5.3,2,67,0,4,12,15,0.67,1,2,-1,-0.5,0.0,0,2,4,0,2,2,0,,,0,,,,,,,,,,,,,,,
ENG-Premier League,2526,West Ham,Igor,BRA,DF,27,1998,4,1,105,1.2,0,0,0,0,0,0,0,0,0.0,0.0,0.0,0.0,0.0,1.2,0,0,0,,0.0,0.0,,,0,0,26,3.1,1,90,1,3,5,9,2.0,4,3,1,0.86,1.4,0,1,0,0,0,1,0,,,0,,,,,,,,,,,,,,,
ENG-Premier League,2526,West Ham,James Ward-Prowse,ENG,MF,30,1994,5,5,413,4.6,0,0,0,0,0,0,0,0,0.0,0.0,0.0,0.0,0.0,4.6,0,2,0,0.0,0.44,0.0,0.0,,0,0,83,12.1,5,83,2,0,,1,0.6,2,11,-9,-1.96,-1.66,0,4,2,0,22,6,2,,,0,,,,,,,,,,,,,,,
ENG-Premier League,2526,West Ham,Jarrod Bowen,ENG,"MF,FW",28,1996,38,38,3403,37.8,9,11,20,8,1,1,4,0,0.24,0.29,0.53,0.21,0.5,37.8,9,79,28,35.4,2.09,0.74,0.11,0.32,1,1,90,99.5,38,90,32,0,,0,1.03,45,63,-18,-0.48,4.82,0,19,49,17,148,27,28,,,0,,,,,,,,,,,,,,,
ENG-Premier League,2526,West Ham,Jean-Clair Todibo,FRA,DF,25,1999,23,22,1814,20.2,0,1,1,0,0,0,5,1,0.0,0.05,0.05,0.0,0.05,20.2,0,2,0,0.0,0.1,0.0,0.0,,0,0,79,53.0,22,82,16,1,1,7,1.0,25,36,-11,-0.55,-0.1,0,9,3,1,2,16,24,,,0,,,,,,,,,,,,,,,
ENG-Premier League,2526,West Ham,Konstantinos Mavropanos,GRE,DF,27,1997,31,27,2534,28.2,3,0,3,3,0,0,2,0,0.11,0.0,0.11,0.11,0.11,28.2,3,23,8,34.8,0.82,0.28,0.13,0.38,0,0,82,74.1,27,90,27,4,26,3,1.03,34,44,-10,-0.36,0.56,0,16,9,2,4,47,24,,,2,,,,,,,,,,,,,,,
ENG-Premier League,2526,West Ham,Kyle Walker-Peters,ENG,DF,28,1997,23,15,1383,15.4,1,0,1,1,0,0,2,0,0.07,0.0,0.07,0.07,0.07,15.4,1,5,3,60.0,0.33,0.2,0.2,0.33,0,0,60,40.4,15,85,12,8,14,15,1.13,20,25,-5,-0.33,0.29,0,12,25,1,20,9,30,,,0,,,,,,,,,,,,,,,
ENG-Premier League,2526,West Ham,Lucas Paquetá,BRA,"MF,FW",27,1997,18,18,1511,16.8,4,1,5,2,2,2,7,1,0.24,0.06,0.3,0.12,0.18,16.8,4,23,11,47.8,1.37,0.66,0.17,0.36,2,2,84,44.2,18,84,8,0,,0,0.67,18,32,-14,-0.83,-0.6,1,27,30,5,36,7,22,,,0,,,,,,,,,,,,,,,
ENG-Premier League,2526,West Ham,Luis Guilherme,BRA,FW,19,2006,5,1,125,1.4,0,0,0,0,0,0,0,0,0.0,0.0,0.0,0.0,0.0,1.4,0,1,0,0.0,0.72,0.0,0.0,,0,0,25,3.7,1,45,0,4,20,3,0.4,2,2,0,0.0,0.52,0,0,0,0,0,0,1,,,0,,,,,,,,,,,,,,,
ENG-Premier League,2526,West Ham,Mads Hermansen,DEN,GK,25,2000,18,18,1620,18.0,0,1,1,0,0,0,0,0,0.0,0.06,0.06,0.0,0.06,18.0,0,0,0,,0.0,0.0,,,0,0,90,47.4,18,90,18,0,,20,1.22,21,28,-7,-0.39,0.21,0,0,2,0,0,0,0,,,0,28,1.56,82,53,65.9,6,4,8,7,38.9,1,1,0,0,0.0
ENG-Premier League,2526,West Ham,Mateus Fernandes,POR,MF,21,2004,36,35,3016,33.5,3,4,7,3,0,0,7,0,0.09,0.12,0.21,0.09,0.21,33.5,3,28,8,28.6,0.84,0.24,0.11,0.38,0,0,84,88.2,35,85,23,1,26,0,1.08,40,50,-10,-0.3,1.71,0,49,49,0,51,36,67,,,0,,,,,,,,,,,,,,,
ENG-Premier League,2526,West Ham,Max Kilman,ENG,DF,28,1997,21,17,1561,17.3,0,0,0,0,0,0,4,0,0.0,0.0,0.0,0.0,0.0,17.3,0,7,1,14.3,0.4,0.06,0.0,0.0,0,0,74,45.6,17,90,17,4,8,13,0.95,18,37,-19,-1.1,-1.1,0,16,2,0,2,6,8,,,0,,,,,,,,,,,,,,,
ENG-Premier League,2526,West Ham,Mohamadou Kanté,FRA,MF,19,2005,11,0,75,0.8,0,0,0,0,0,0,2,0,0.0,0.0,0.0,0.0,0.0,0.8,0,2,0,0.0,2.4,0.0,0.0,,0,0,7,2.2,0,,0,11,7,13,1.0,2,1,1,1.2,1.74,0,4,1,0,0,0,4,,,0,,,,,,,,,,,,,,,
ENG-Premier League,2526,West Ham,Nayef Aguerd,MAR,DF,29,1996,2,2,180,2.0,0,0,0,0,0,0,0,0,0.0,0.0,0.0,0.0,0.0,2.0,0,2,0,0.0,1.0,0.0,0.0,,0,0,90,5.3,2,90,2,0,,0,0.0,1,8,-7,-3.5,-3.17,0,0,1,0,2,1,0,,,0,,,,,,,,,,,,,,,
ENG-Premier League,2526,West Ham,Niclas Füllkrug,GER,FW,32,1993,8,5,409,4.5,0,0,0,0,0,0,0,0,0.0,0.0,0.0,0.0,0.0,4.5,0,9,3,33.3,1.98,0.66,0.0,0.0,0,0,51,12.0,5,69,1,3,21,2,0.63,2,11,-9,-1.98,-1.68,0,11,1,2,0,2,1,,,0,,,,,,,,,,,,,,,
ENG-Premier League,2526,West Ham,Oliver Scarles,ENG,"DF,MF",19,2005,13,9,659,7.3,0,0,0,0,0,0,2,0,0.0,0.0,0.0,0.0,0.0,7.3,0,3,0,0.0,0.41,0.0,0.0,,0,0,51,19.3,9,69,4,4,9,17,0.85,8,16,-8,-1.09,-0.73,0,7,7,1,35,13,19,,,0,,,,,,,,,,,,,,,
ENG-Premier League,2526,West Ham,Pablo,BRA,"MF,FW",21,2004,14,10,823,9.1,0,1,1,0,0,0,0,0,0.0,0.11,0.11,0.0,0.11,9.1,0,12,3,25.0,1.31,0.33,0.0,0.0,0,0,59,24.1,10,73,2,4,23,1,1.43,12,12,0,0.0,0.66,0,23,8,0,5,5,14,,,0,,,,,,,,,,,,,,,
ENG-Premier League,2526,West Ham,Soungoutou Magassa,FRA,MF,21,2003,22,11,981,10.9,1,0,1,1,0,0,4,0,0.09,0.0,0.09,0.09,0.09,10.9,1,7,2,28.6,0.64,0.18,0.14,0.5,0,0,45,28.7,11,74,2,11,15,12,0.73,11,23,-12,-1.1,-0.84,0,17,17,0,9,17,23,,,0,,,,,,,,,,,,,,,
ENG-Premier League,2526,West Ham,Tomáš Souček,CZE,MF,30,1995,35,24,2200,24.4,5,0,5,5,0,0,3,1,0.2,0.0,0.2,0.2,0.2,24.4,5,26,14,53.8,1.06,0.57,0.19,0.36,0,0,63,64.3,24,83,15,11,19,0,1.09,32,41,-9,-0.37,0.37,0,37,22,5,14,16,23,,,0,,,,,,,,,,,,,,,
ENG-Premier League,2526,West Ham,Valentín Castellanos,ARG,FW,26,1998,18,17,1384,15.4,6,0,6,6,0,0,6,0,0.39,0.0,0.39,0.39,0.39,15.4,6,50,22,44.0,3.25,1.43,0.12,0.27,0,0,77,40.5,17,78,3,1,65,0,1.39,21,16,5,0.33,1.39,0,32,16,9,9,6,9,,,0,,,,,,,,,,,,,,,
ENG-Premier League,2526,Wolves,Adam Armstrong,ENG,"FW,MF",28,1997,14,14,1140,12.7,2,2,4,1,1,1,3,0,0.16,0.16,0.32,0.08,0.24,12.7,2,18,6,33.3,1.42,0.47,0.11,0.33,1,1,81,33.3,14,81,7,0,,0,0.86,9,20,-11,-0.87,0.32,0,12,3,5,5,1,4,,,0,,,,,,,,,,,,,,,
ENG-Premier League,2526,Wolves,André,BRA,MF,24,2001,35,30,2762,30.7,1,0,1,1,0,0,12,0,0.03,0.0,0.03,0.03,0.03,30.7,1,15,1,6.7,0.49,0.03,0.07,1.0,0,0,79,80.8,30,86,24,5,34,0,0.51,19,53,-34,-1.11,-0.15,0,47,43,0,40,25,42,,,0,,,,,,,,,,,,,,,
ENG-Premier League,2526,Wolves,Angel Gomes,ENG,"MF,FW",24,2000,12,7,461,5.1,0,0,0,0,0,0,1,0,0.0,0.0,0.0,0.0,0.0,5.1,0,6,2,33.3,1.17,0.39,0.0,0.0,0,0,38,13.5,7,57,0,5,13,2,0.92,4,8,-4,-0.78,0.34,0,7,9,0,12,1,5,,,0,,,,,,,,,,,,,,,
ENG-Premier League,2526,Wolves,Daniel Bentley,ENG,GK,32,1993,3,3,270,3.0,0,0,0,0,0,0,0,0,0.0,0.0,0.0,0.0,0.0,3.0,0,0,0,,0.0,0.0,,,0,0,90,7.9,3,90,3,0,,6,0.33,1,7,-6,-2.0,-1.0,0,0,2,0,0,0,0,,,0,7,2.33,14,7,50.0,0,1,2,0,0.0,1,1,0,0,0.0
ENG-Premier League,2526,Wolves,David Møller Wolfe,NOR,"MF,DF",23,2002,22,11,1049,11.7,0,2,2,0,0,0,1,0,0.0,0.17,0.17,0.0,0.17,11.7,0,3,0,0.0,0.26,0.0,0.0,,0,0,48,30.7,11,79,4,11,16,15,0.5,6,23,-17,-1.46,-0.55,0,10,4,0,32,7,5,,,0,,,,,,,,,,,,,,,
ENG-Premier League,2526,Wolves,Emmanuel Agbadou,CIV,DF,28,1997,14,12,1101,12.2,0,0,0,0,0,0,1,1,0.0,0.0,0.0,0.0,0.0,12.2,0,10,3,30.0,0.82,0.25,0.0,0.0,0,0,79,32.2,12,85,11,2,38,4,0.14,6,27,-21,-1.72,-0.94,0,10,5,1,13,14,21,,,0,,,,,,,,,,,,,,,
ENG-Premier League,2526,Wolves,Fer López,ESP,MF,21,2004,9,2,235,2.6,0,1,1,0,0,0,1,0,0.0,0.38,0.38,0.0,0.38,2.6,0,5,1,20.0,1.91,0.38,0.0,0.0,0,0,26,6.9,2,55,0,7,18,11,0.11,3,9,-6,-2.3,-1.31,0,6,4,0,4,0,1,,,0,,,,,,,,,,,,,,,
ENG-Premier League,2526,Wolves,Hugo Bueno,ESP,"MF,DF",22,2002,35,26,2366,26.3,1,2,3,1,0,0,3,0,0.04,0.08,0.11,0.04,0.11,26.3,1,16,6,37.5,0.61,0.23,0.06,0.17,0,0,68,69.2,26,84,17,9,20,0,0.57,20,44,-24,-0.91,0.54,0,17,24,3,166,33,35,,,0,,,,,,,,,,,,,,,
ENG-Premier League,2526,Wolves,Hwang Hee-chan,KOR,"FW,MF",29,1996,26,18,1446,16.1,2,2,4,1,1,1,5,0,0.12,0.12,0.25,0.06,0.19,16.1,2,19,6,31.6,1.18,0.37,0.11,0.33,1,1,56,42.3,18,73,1,8,17,7,0.38,10,29,-19,-1.18,-0.18,0,28,18,9,19,12,4,,,0,,,,,,,,,,,,,,,
ENG-Premier League,2526,Wolves,Jackson Tchatchoua,CMR,"MF,DF",23,2001,31,19,1845,20.5,0,1,1,0,0,0,3,0,0.0,0.05,0.05,0.0,0.05,20.5,0,3,1,33.3,0.15,0.05,0.0,0.0,0,0,60,53.9,19,82,14,12,24,6,0.55,17,37,-20,-0.98,0.22,0,8,9,2,90,14,15,,,0,,,,,,,,,,,,,,,
ENG-Premier League,2526,Wolves,Jean-Ricner Bellegarde,HAI,"MF,FW",27,1998,26,15,1248,13.9,1,1,2,1,0,0,5,0,0.07,0.07,0.14,0.07,0.14,13.9,1,21,7,33.3,1.51,0.5,0.05,0.14,0,0,48,36.5,15,68,1,11,21,2,0.46,10,30,-20,-1.44,-0.57,0,20,41,0,25,9,15,,,0,,,,,,,,,,,,,,,
ENG-Premier League,2526,Wolves,Jerome Abbey,ENG,MF,15,2009,1,0,17,0.2,0,0,0,0,0,0,0,0,0.0,0.0,0.0,0.0,0.0,0.2,0,0,0,,0.0,0.0,,,0,0,17,0.5,0,,0,1,17,1,1.0,0,0,0,0.0,1.08,0,0,0,1,0,1,0,,,0,,,,,,,,,,,,,,,
ENG-Premier League,2526,Wolves,Jhon Arias,COL,"FW,MF",27,1997,23,14,1124,12.5,1,0,1,1,0,0,1,0,0.08,0.0,0.08,0.08,0.08,12.5,1,16,3,18.8,1.28,0.24,0.06,0.33,0,0,49,32.9,14,71,2,9,15,1,0.35,11,21,-10,-0.8,0.41,0,26,9,3,30,7,27,,,0,,,,,,,,,,,,,,,
ENG-Premier League,2526,Wolves,José Sá,POR,GK,32,1993,23,23,2070,23.0,0,0,0,0,0,0,2,0,0.0,0.0,0.0,0.0,0.0,23.0,0,0,0,,0.0,0.0,,,0,0,90,60.5,23,90,23,0,,11,0.74,20,37,-17,-0.74,0.86,0,0,6,0,0,0,0,,,0,37,1.61,102,65,63.7,3,8,12,4,17.4,3,3,0,0,0.0
ENG-Premier League,2526,Wolves,João Gomes,BRA,MF,24,2001,35,32,2829,31.4,1,1,2,1,0,0,10,0,0.03,0.03,0.06,0.03,0.06,31.4,1,19,7,36.8,0.6,0.22,0.05,0.14,0,0,81,82.7,32,86,23,3,24,1,0.51,21,56,-35,-1.11,-0.2,0,69,49,1,31,36,68,,,0,,,,,,,,,,,,,,,
ENG-Premier League,2526,Wolves,Jørgen Strand Larsen,NOR,FW,25,2000,22,14,1404,15.6,1,1,2,0,1,2,2,0,0.06,0.06,0.13,0.0,0.06,15.6,1,21,7,33.3,1.35,0.45,0.05,0.14,1,2,64,41.1,14,83,7,8,31,0,0.36,6,26,-20,-1.28,-0.34,0,30,11,9,3,3,2,,,0,,,,,,,,,,,,,,,
ENG-Premier League,2526,Wolves,Ki-Jana Hoever,NED,"MF,DF",23,2002,8,6,425,4.7,0,0,0,0,0,0,0,0,0.0,0.0,0.0,0.0,0.0,4.7,0,1,1,100.0,0.21,0.21,0.0,0.0,0,0,53,12.4,6,65,0,2,17,9,0.0,3,13,-10,-2.12,-1.19,0,3,3,1,22,5,11,,,0,,,,,,,,,,,,,,,
ENG-Premier League,2526,Wolves,Ladislav Krejčí,CZE,"DF,MF",26,1999,28,27,2356,26.2,2,1,3,2,0,0,5,1,0.08,0.04,0.11,0.08,0.11,26.2,2,21,10,47.6,0.8,0.38,0.1,0.2,0,0,84,68.9,27,85,21,1,48,2,0.57,20,45,-25,-0.96,0.4,1,33,7,0,17,32,21,,,1,,,,,,,,,,,,,,,
ENG-Premier League,2526,Wolves,Marshall Munetsi,ZIM,"MF,FW",29,1996,13,9,875,9.7,1,1,2,1,0,0,2,0,0.1,0.1,0.21,0.1,0.21,9.7,1,14,6,42.9,1.44,0.62,0.07,0.17,0,0,67,25.6,9,86,6,4,24,1,0.15,6,19,-13,-1.34,-0.35,0,19,10,4,14,5,13,,,0,,,,,,,,,,,,,,,
ENG-Premier League,2526,Wolves,Mateus Mane,POR,MF,17,2007,27,19,1795,19.9,3,1,4,3,0,0,0,0,0.15,0.05,0.2,0.15,0.2,19.9,3,41,17,41.5,2.06,0.85,0.07,0.18,0,0,66,52.5,19,85,15,8,23,0,0.67,16,30,-14,-0.7,0.79,0,26,47,2,94,5,13,,,0,,,,,,,,,,,,,,,
ENG-Premier League,2526,Wolves,Matt Doherty,IRL,"DF,MF",33,1992,11,11,787,8.7,0,0,0,0,0,0,4,0,0.0,0.0,0.0,0.0,0.0,8.7,0,3,0,0.0,0.34,0.0,0.0,,0,0,72,23.0,11,72,3,0,,15,0.45,2,15,-13,-1.49,-0.53,0,16,6,0,8,7,8,,,0,,,,,,,,,,,,,,,
ENG-Premier League,2526,Wolves,Pedro Lima,BRA,MF,19,2006,9,3,260,2.9,0,0,0,0,0,0,0,0,0.0,0.0,0.0,0.0,0.0,2.9,0,4,1,25.0,1.38,0.35,0.0,0.0,0,0,29,7.6,3,65,0,6,11,9,0.44,0,6,-6,-2.08,-1.08,0,6,1,0,10,4,5,,,0,,,,,,,,,,,,,,,
ENG-Premier League,2526,Wolves,Rodrigo Gomes,POR,"MF,FW",22,2003,22,9,960,10.7,3,0,3,3,0,0,0,0,0.28,0.0,0.28,0.28,0.28,10.7,3,20,6,30.0,1.87,0.56,0.15,0.5,0,0,44,28.1,9,72,1,13,24,4,0.59,12,18,-6,-0.56,0.72,0,6,8,3,24,11,18,,,0,,,,,,,,,,,,,,,
ENG-Premier League,2526,Wolves,Sam Johnstone,ENG,GK,32,1993,12,12,1080,12.0,0,0,0,0,0,0,0,0,0.0,0.0,0.0,0.0,0.0,12.0,0,0,0,,0.0,0.0,,,0,0,90,31.6,12,90,12,0,,18,0.17,6,24,-18,-1.5,-0.62,0,0,0,0,0,0,1,,,1,24,2.0,63,39,61.9,0,2,10,0,0.0,1,1,0,0,0.0
ENG-Premier League,2526,Wolves,Santiago Bueno,URU,DF,26,1998,29,28,2553,28.4,3,1,4,3,0,0,4,0,0.11,0.04,0.14,0.11,0.14,28.4,3,10,7,70.0,0.35,0.25,0.3,0.43,0,0,88,74.6,28,90,27,1,35,8,0.66,23,47,-24,-0.85,0.92,0,29,11,2,6,27,30,,,0,,,,,,,,,,,,,,,
ENG-Premier League,2526,Wolves,Saša Kalajdžić,AUT,"FW,MF",28,1997,1,0,15,0.2,0,0,0,0,0,0,0,0,0.0,0.0,0.0,0.0,0.0,0.2,0,0,0,,0.0,0.0,,,0,0,15,0.4,0,,0,1,15,1,0.0,1,0,1,6.0,7.11,0,0,0,0,0,1,0,,,0,,,,,,,,,,,,,,,
ENG-Premier League,2526,Wolves,Tawanda Chirewa,ZIM,MF,21,2003,2,0,27,0.3,0,0,0,0,0,0,0,0,0.0,0.0,0.0,0.0,0.0,0.3,0,0,0,,0.0,0.0,,,0,0,14,0.8,0,,0,2,14,5,1.5,0,0,0,0.0,1.09,0,3,1,0,0,0,0,,,0,,,,,,,,,,,,,,,
ENG-Premier League,2526,Wolves,Tolu Arokodare,NGA,FW,24,2000,33,13,1419,15.8,3,1,4,3,0,1,1,0,0.19,0.06,0.25,0.19,0.25,15.8,3,46,16,34.8,2.92,1.01,0.07,0.19,0,1,43,41.5,13,82,7,20,18,2,0.61,16,28,-12,-0.76,0.54,0,18,17,6,0,5,4,,,0,,,,,,,,,,,,,,,
ENG-Premier League,2526,Wolves,Tom Edozie,ENG,MF,19,2006,3,0,14,0.2,1,0,1,1,0,0,0,0,6.43,0.0,6.43,6.43,6.43,0.2,1,2,1,50.0,12.86,6.43,0.5,1.0,0,0,5,0.4,0,,0,3,5,8,0.67,1,0,1,6.43,7.54,0,0,0,0,0,0,0,,,0,,,,,,,,,,,,,,,
ENG-Premier League,2526,Wolves,Toti Gomes,POR,DF,26,1999,19,17,1424,15.8,0,0,0,0,0,0,2,1,0.0,0.0,0.0,0.0,0.0,15.8,0,5,2,40.0,0.32,0.13,0.0,0.0,0,0,75,41.6,17,82,12,2,13,7,0.32,7,33,-26,-1.64,-0.97,0,11,11,0,11,13,11,,,0,,,,,,,,,,,,,,,
ENG-Premier League,2526,Wolves,Yerson Mosquera,COL,DF,24,2001,27,24,2136,23.7,0,0,0,0,0,0,12,0,0.0,0.0,0.0,0.0,0.0,23.7,0,30,6,20.0,1.26,0.25,0.0,0.0,0,0,79,62.5,24,86,17,3,26,6,0.7,21,40,-19,-0.8,0.74,0,34,44,1,18,25,36,,,2,,,,,,,,,,,,,,,
ESP-La Liga,2526,Alavés,Abde Rebbach,ALG,"MF,DF",26,1998,30,15,1496,16.6,1,4,5,1,0,0,8,0,0.06,0.24,0.3,0.06,0.3,16.6,1,34,12,35.3,2.05,0.72,0.03,0.08,0,0,50,43.7,15,76,7,15,24,7,1.13,21,21,0,0.0,0.56,0,40,30,5,109,16,21,,,0,,,,,,,,,,,,,,,
ESP-La Liga,2526,Alavés,Aitor Mañas,ESP,FW,22,2003,9,0,122,1.4,0,0,0,0,0,0,0,0,0.0,0.0,0.0,0.0,0.0,1.4,0,2,1,50.0,1.48,0.74,0.0,0.0,0,0,14,3.6,0,,0,9,14,10,1.0,2,3,-1,-0.74,-0.44,0,2,1,0,0,1,2,,,0,,,,,,,,,,,,,,,
ESP-La Liga,2526,Alavés,Ander Guevara,ESP,MF,28,1997,25,2,654,7.3,1,1,2,1,0,0,4,1,0.14,0.14,0.28,0.14,0.28,7.3,1,5,1,20.0,0.69,0.14,0.2,1.0,0,0,26,19.1,2,83,1,23,21,12,1.0,15,14,1,0.14,0.56,1,11,5,0,6,9,8,,,0,,,,,,,,,,,,,,,
ESP-La Liga,2526,Alavés,Antonio Blanco,ESP,MF,25,2000,36,36,3110,34.6,2,3,5,2,0,0,9,0,0.06,0.09,0.14,0.06,0.14,34.6,2,40,13,32.5,1.16,0.38,0.05,0.15,0,0,86,90.9,36,86,28,0,,1,1.08,36,52,-16,-0.46,-1.62,0,71,43,2,30,51,49,,,0,,,,,,,,,,,,,,,
ESP-La Liga,2526,Alavés,Antonio Sivera,ESP,GK,28,1996,38,38,3420,38.0,0,0,0,0,0,0,3,0,0.0,0.0,0.0,0.0,0.0,38.0,0,0,0,,0.0,0.0,,,0,0,90,100.0,38,90,38,0,,0,1.13,44,56,-12,-0.32,,0,1,1,0,0,0,1,,,1,56,1.47,153,97,63.4,11,10,17,5,13.2,5,5,0,0,0.0
ESP-La Liga,2526,Alavés,Calebe,BRA,MF,25,2000,19,13,752,8.4,0,0,0,0,0,0,2,0,0.0,0.0,0.0,0.0,0.0,8.4,0,5,1,20.0,0.6,0.12,0.0,0.0,0,0,40,22.0,13,52,0,6,13,18,1.21,8,8,0,0.0,0.4,0,18,19,0,16,9,14,,,0,,,,,,,,,,,,,,,
ESP-La Liga,2526,Alavés,Carles Aleñá,ESP,MF,27,1998,34,23,1989,22.1,0,4,4,0,0,0,5,0,0.0,0.18,0.18,0.0,0.18,22.1,0,29,5,17.2,1.31,0.23,0.0,0.0,0,0,59,58.2,23,73,4,11,27,3,1.06,23,35,-12,-0.54,-0.54,0,38,36,1,121,12,24,,,0,,,,,,,,,,,,,,,
ESP-La Liga,2526,Alavés,Carlos Ballestero,ESP,DF,21,2004,1,0,1,0.0,0,0,0,0,0,0,0,0,0.0,0.0,0.0,0.0,0.0,0.0,0,0,0,,0.0,0.0,,,0,0,1,0.0,0,,0,1,1,8,1.0,0,1,-1,-90.0,-89.71,0,0,0,0,0,0,0,,,0,,,,,,,,,,,,,,,
ESP-La Liga,2526,Alavés,Carlos Benavídez,URU,DF,27,1998,13,3,324,3.6,0,0,0,0,0,0,2,1,0.0,0.0,0.0,0.0,0.0,3.6,0,3,2,66.7,0.83,0.56,0.0,0.0,0,0,25,9.5,3,55,1,10,16,14,1.62,5,6,-1,-0.28,0.04,1,8,2,0,1,3,6,,,0,,,,,,,,,,,,,,,
ESP-La Liga,2526,Alavés,Carlos Vicente,ESP,MF,26,1999,21,11,1258,14.0,5,0,5,2,3,3,1,0,0.36,0.0,0.36,0.14,0.14,14.0,5,12,6,50.0,0.86,0.43,0.42,0.83,3,3,60,36.8,11,79,6,10,39,0,1.05,12,19,-7,-0.5,-0.29,0,12,42,10,128,7,18,,,0,,,,,,,,,,,,,,,
ESP-La Liga,2526,Alavés,Denis Suárez,ESP,MF,31,1994,30,15,1406,15.6,1,2,3,1,0,0,6,0,0.06,0.13,0.19,0.06,0.19,15.6,1,9,4,44.4,0.58,0.26,0.11,0.25,0,0,47,41.1,15,69,0,15,24,2,1.07,21,21,0,0.0,0.54,0,20,26,0,41,7,12,,,0,,,,,,,,,,,,,,,
ESP-La Liga,2526,Alavés,Diego Morcillo,ESP,FW,22,2003,1,0,10,0.1,0,0,0,0,0,0,0,0,0.0,0.0,0.0,0.0,0.0,0.1,0,1,0,0.0,9.0,0.0,0.0,,0,0,10,0.3,0,,0,1,10,5,0.0,0,0,0,0.0,0.32,0,1,1,0,1,0,0,,,0,,,,,,,,,,,,,,,
ESP-La Liga,2526,Alavés,Facundo Garcés,MAS,DF,25,1999,10,8,793,8.8,0,0,0,0,0,0,3,0,0.0,0.0,0.0,0.0,0.0,8.8,0,8,4,50.0,0.91,0.45,0.0,0.0,0,0,79,23.2,8,90,8,2,37,1,1.2,8,11,-3,-0.34,-0.03,0,13,3,2,1,7,8,,,0,,,,,,,,,,,,,,,
ESP-La Liga,2526,Alavés,Ibrahim Diabaté,CIV,FW,25,1999,10,6,578,6.4,2,0,2,2,0,0,1,0,0.31,0.0,0.31,0.31,0.31,6.4,2,15,5,33.3,2.34,0.78,0.13,0.4,0,0,58,16.9,6,69,0,4,41,4,1.5,14,8,6,0.93,1.5,0,6,5,3,0,2,1,,,0,,,,,,,,,,,,,,,
ESP-La Liga,2526,Alavés,Jon Guridi,ESP,"MF,FW",30,1995,28,15,1238,13.8,0,0,0,0,0,0,1,0,0.0,0.0,0.0,0.0,0.0,13.8,0,15,4,26.7,1.09,0.29,0.0,0.0,0,0,44,36.2,15,66,1,13,19,9,1.11,15,25,-10,-0.73,-0.64,0,15,8,2,12,10,19,,,0,,,,,,,,,,,,,,,
ESP-La Liga,2526,Alavés,Jon Pacheco,ESP,DF,24,2001,22,20,1735,19.3,0,0,0,0,0,0,5,1,0.0,0.0,0.0,0.0,0.0,19.3,0,4,1,25.0,0.21,0.05,0.0,0.0,0,0,79,50.7,20,85,17,2,13,11,1.14,17,29,-12,-0.62,-0.62,1,14,7,1,4,11,16,,,0,,,,,,,,,,,,,,,
ESP-La Liga,2526,Alavés,Jonny Castro,ESP,DF,31,1994,34,34,2994,33.3,0,0,0,0,0,0,7,0,0.0,0.0,0.0,0.0,0.0,33.3,0,9,3,33.3,0.27,0.09,0.0,0.0,0,0,88,87.5,34,88,30,0,,3,1.06,39,52,-13,-0.39,-0.6,0,37,30,1,23,40,41,,,0,,,,,,,,,,,,,,,
ESP-La Liga,2526,Alavés,Lander Pinillos,ESP,MF,21,2003,1,0,2,0.0,0,0,0,0,0,0,0,0,0.0,0.0,0.0,0.0,0.0,0.0,0,0,0,,0.0,0.0,,,0,0,2,0.1,0,,0,1,2,7,0.0,0,0,0,0.0,0.32,0,0,0,0,1,0,0,,,0,,,,,,,,,,,,,,,
ESP-La Liga,2526,Alavés,Lucas Boyé,ARG,FW,29,1996,29,22,1958,21.8,11,1,12,8,3,3,4,1,0.51,0.05,0.55,0.37,0.41,21.8,11,63,21,33.3,2.9,0.97,0.17,0.52,3,3,68,57.3,22,80,15,7,27,0,1.21,25,32,-7,-0.32,-0.01,1,58,39,10,10,7,25,,,0,,,,,,,,,,,,,,,
ESP-La Liga,2526,Alavés,Mariano,DOM,FW,31,1993,10,3,288,3.2,0,0,0,0,0,0,1,0,0.0,0.0,0.0,0.0,0.0,3.2,0,6,3,50.0,1.87,0.94,0.0,0.0,0,0,29,8.4,3,56,0,7,17,17,0.8,2,4,-2,-0.62,-0.34,0,13,0,6,3,0,1,,,0,,,,,,,,,,,,,,,
ESP-La Liga,2526,Alavés,Moussa Diarra,MLI,DF,24,2000,3,3,216,2.4,0,0,0,0,0,0,1,0,0.0,0.0,0.0,0.0,0.0,2.4,0,0,0,,0.0,0.0,,,0,0,72,6.3,3,72,0,0,,11,1.33,3,3,0,0.0,0.34,0,4,1,0,1,1,2,,,0,,,,,,,,,,,,,,,
ESP-La Liga,2526,Alavés,Nahuel Tenaglia,ARG,DF,29,1996,36,36,3239,36.0,2,0,2,2,0,0,3,0,0.06,0.0,0.06,0.06,0.06,36.0,2,24,8,33.3,0.67,0.22,0.08,0.25,0,0,90,94.7,36,90,35,0,,2,1.08,41,53,-12,-0.33,-0.33,0,31,42,5,17,47,43,,,0,,,,,,,,,,,,,,,
ESP-La Liga,2526,Alavés,Pablo Ibáñez,ESP,MF,26,1998,37,28,2236,24.8,1,1,2,1,0,0,7,0,0.04,0.04,0.08,0.04,0.08,24.8,1,47,13,27.7,1.89,0.52,0.02,0.08,0,0,60,65.4,28,71,6,9,27,0,1.16,22,33,-11,-0.44,-0.37,0,38,66,3,38,21,37,,,0,,,,,,,,,,,,,,,
ESP-La Liga,2526,Alavés,Toni Martínez,ESP,FW,28,1997,37,32,2714,30.2,14,3,17,13,1,1,2,0,0.46,0.1,0.56,0.43,0.53,30.2,14,93,36,38.7,3.08,1.19,0.15,0.39,1,1,73,79.4,32,80,12,5,28,1,1.08,40,41,-1,-0.03,1.37,0,46,37,13,14,4,15,,,0,,,,,,,,,,,,,,,
ESP-La Liga,2526,Alavés,Victor Parada,ESP,DF,23,2002,30,25,2146,23.8,0,3,3,0,0,0,9,1,0.0,0.13,0.13,0.0,0.13,23.8,0,12,3,25.0,0.5,0.13,0.0,0.0,0,0,72,62.7,25,82,15,5,18,6,1.23,30,38,-8,-0.34,-0.05,1,29,15,4,31,9,14,,,0,,,,,,,,,,,,,,,
ESP-La Liga,2526,Alavés,Ville Koski,FIN,DF,23,2002,5,3,282,3.1,0,0,0,0,0,0,0,0,0.0,0.0,0.0,0.0,0.0,3.1,0,1,1,100.0,0.32,0.32,0.0,0.0,0,0,56,8.2,3,90,3,2,6,7,2.0,3,3,0,0.0,0.34,0,2,0,0,0,4,3,,,0,,,,,,,,,,,,,,,
ESP-La Liga,2526,Alavés,Youssef Lekhedim,ESP,"DF,MF",19,2005,25,13,1335,14.8,0,1,1,0,0,0,7,0,0.0,0.07,0.07,0.0,0.07,14.8,0,11,3,27.3,0.74,0.2,0.0,0.0,0,0,53,39.0,13,83,7,12,21,11,1.15,19,22,-3,-0.2,0.19,0,24,13,0,61,12,10,,,0,,,,,,,,,,,,,,,
ESP-La Liga,2526,Alavés,Ángel Pérez,ESP,"MF,DF",22,2002,16,14,1288,14.3,1,3,4,1,0,0,4,0,0.07,0.21,0.28,0.07,0.28,14.3,1,14,4,28.6,0.98,0.28,0.07,0.25,0,0,81,37.7,14,88,10,2,30,1,1.13,22,25,-3,-0.21,0.17,0,16,17,6,85,9,13,,,0,,,,,,,,,,,,,,,
ESP-La Liga,2526,Athletic Club,Adama Boiro,ESP,DF,23,2002,14,8,815,9.1,0,0,0,0,0,0,1,0,0.0,0.0,0.0,0.0,0.0,9.1,0,2,0,0.0,0.22,0.0,0.0,,0,0,58,23.8,8,83,6,6,26,24,0.86,8,20,-12,-1.33,-1.22,0,6,11,0,24,18,11,,,0,,,,,,,,,,,,,,,
ESP-La Liga,2526,Athletic Club,Aitor Paredes,ESP,DF,25,2000,19,18,1630,18.1,2,0,2,2,0,0,4,0,0.11,0.0,0.11,0.11,0.11,18.1,2,13,4,30.8,0.72,0.22,0.15,0.5,0,0,86,47.7,18,90,18,1,10,15,1.32,26,28,-2,-0.11,0.54,0,19,7,0,1,26,12,,,0,,,,,,,,,,,,,,,
ESP-La Liga,2526,Athletic Club,Alejandro Rego,ESP,MF,22,2003,29,11,1279,14.2,1,1,2,1,0,0,6,0,0.07,0.07,0.14,0.07,0.14,14.2,1,12,3,25.0,0.84,0.21,0.08,0.33,0,0,44,37.4,11,76,5,18,25,7,1.31,20,23,-3,-0.21,0.29,0,40,6,0,6,21,20,,,0,,,,,,,,,,,,,,,
ESP-La Liga,2526,Athletic Club,Alex Padilla,ESP,GK,21,2003,1,1,90,1.0,0,0,0,0,0,0,0,1,0.0,0.0,0.0,0.0,0.0,1.0,0,0,0,,0.0,0.0,,,0,0,90,2.6,1,90,1,0,,33,1.5,4,4,0,0.0,0.41,0,0,0,0,0,0,0,,,0,4,4.0,8,4,50.0,0,0,1,0,0.0,0,0,0,0,
ESP-La Liga,2526,Athletic Club,Andoni Gorosabel,ESP,DF,28,1996,24,15,1360,15.1,0,1,1,0,0,0,3,0,0.0,0.07,0.07,0.0,0.07,15.1,0,5,1,20.0,0.33,0.07,0.0,0.0,0,0,57,39.8,15,78,8,9,21,13,1.21,19,26,-7,-0.46,-0.11,0,13,12,0,55,18,24,,,0,,,,,,,,,,,,,,,
ESP-La Liga,2526,Athletic Club,Asier Hierro,ESP,FW,20,2005,1,0,34,0.4,0,0,0,0,0,0,0,0,0.0,0.0,0.0,0.0,0.0,0.4,0,1,0,0.0,2.65,0.0,0.0,,0,0,34,1.0,0,,0,1,34,2,0.0,0,0,0,0.0,0.4,0,0,0,0,0,0,0,,,0,,,,,,,,,,,,,,,
ESP-La Liga,2526,Athletic Club,Aymeric Laporte,ESP,DF,31,1994,25,24,2058,22.9,0,1,1,0,0,0,4,0,0.0,0.04,0.04,0.0,0.04,22.9,0,15,5,33.3,0.66,0.22,0.0,0.0,0,0,82,60.2,24,85,20,1,27,2,1.24,24,35,-11,-0.48,-0.22,0,9,13,1,2,27,17,,,0,,,,,,,,,,,,,,,
ESP-La Liga,2526,Athletic Club,Beñat Prados,ESP,MF,24,2001,2,1,85,0.9,0,0,0,0,0,0,1,0,0.0,0.0,0.0,0.0,0.0,0.9,0,1,0,0.0,1.06,0.0,0.0,,0,0,43,2.5,1,61,0,1,24,1,3.0,1,0,1,1.06,1.49,0,5,0,0,0,2,2,,,0,,,,,,,,,,,,,,,
ESP-La Liga,2526,Athletic Club,Daniel Vivian,ESP,DF,26,1999,31,28,2564,28.5,1,0,1,1,0,0,8,1,0.04,0.0,0.04,0.04,0.04,28.5,1,17,6,35.3,0.6,0.21,0.06,0.17,0,0,83,75.0,28,87,26,3,40,1,1.06,28,44,-16,-0.56,-0.67,0,38,17,1,11,34,38,,,0,,,,,,,,,,,,,,,
ESP-La Liga,2526,Athletic Club,Eder García,ESP,FW,21,2004,2,0,38,0.4,0,0,0,0,0,0,1,0,0.0,0.0,0.0,0.0,0.0,0.4,0,1,0,0.0,2.37,0.0,0.0,,0,0,19,1.1,0,,0,2,19,3,1.5,1,0,1,2.37,2.79,0,2,0,0,0,0,0,,,0,,,,,,,,,,,,,,,
ESP-La Liga,2526,Athletic Club,Gorka Guruzeta,ESP,FW,28,1996,35,28,2363,26.3,10,3,13,9,1,1,6,1,0.38,0.11,0.5,0.34,0.46,26.3,10,84,32,38.1,3.2,1.22,0.12,0.31,1,1,68,69.1,28,77,13,7,29,2,1.2,31,37,-6,-0.23,0.54,1,49,30,11,7,11,6,,,0,,,,,,,,,,,,,,,
ESP-La Liga,2526,Athletic Club,Iñaki Williams,GHA,"MF,FW",31,1994,30,25,2157,24.0,3,6,9,2,1,1,2,0,0.13,0.25,0.38,0.08,0.33,24.0,3,57,20,35.1,2.38,0.83,0.05,0.15,1,1,72,63.1,25,78,10,5,39,0,1.2,25,34,-9,-0.38,0.05,0,28,23,10,67,8,9,,,0,,,,,,,,,,,,,,,
ESP-La Liga,2526,Athletic Club,Iñigo Lekue,ESP,DF,32,1993,11,8,600,6.7,0,0,0,0,0,0,2,2,0.0,0.0,0.0,0.0,0.0,6.7,0,3,1,33.3,0.45,0.15,0.0,0.0,0,0,55,17.5,8,70,4,3,14,17,1.25,10,14,-4,-0.6,-0.25,0,12,0,0,19,4,10,,,0,,,,,,,,,,,,,,,
ESP-La Liga,2526,Athletic Club,Iñigo Ruiz de Galarreta,ESP,MF,31,1993,34,30,2206,24.5,1,2,3,1,0,0,10,0,0.04,0.08,0.12,0.04,0.12,24.5,1,20,2,10.0,0.82,0.08,0.05,0.5,0,0,65,64.5,30,68,4,4,45,1,1.15,28,37,-9,-0.37,0.08,0,54,41,0,62,24,32,,,0,,,,,,,,,,,,,,,
ESP-La Liga,2526,Athletic Club,Jesús Areso,ESP,DF,26,1999,26,14,1506,16.7,0,1,1,0,0,0,3,0,0.0,0.06,0.06,0.0,0.06,16.7,0,3,0,0.0,0.18,0.0,0.0,,0,0,58,44.0,14,83,7,12,29,11,1.12,18,23,-5,-0.3,0.17,0,19,7,1,86,20,16,,,0,,,,,,,,,,,,,,,
ESP-La Liga,2526,Athletic Club,Maroan Sannadi,MAR,FW,24,2001,10,2,288,3.2,1,0,1,1,0,0,2,0,0.31,0.0,0.31,0.31,0.31,3.2,1,8,4,50.0,2.5,1.25,0.13,0.25,0,0,29,8.4,2,56,0,8,22,4,1.3,4,8,-4,-1.25,-0.93,0,8,5,3,2,1,1,,,0,,,,,,,,,,,,,,,
ESP-La Liga,2526,Athletic Club,Mikel Jauregizar,ESP,MF,21,2003,36,34,2831,31.5,2,0,2,2,0,0,6,1,0.06,0.0,0.06,0.06,0.06,31.5,2,39,11,28.2,1.24,0.35,0.05,0.18,0,0,79,82.8,34,82,19,2,29,0,1.17,30,45,-15,-0.48,-0.48,1,49,34,0,72,48,45,,,0,,,,,,,,,,,,,,,
ESP-La Liga,2526,Athletic Club,Mikel Vesga,ESP,MF,32,1993,23,1,465,5.2,0,0,0,0,0,0,0,0,0.0,0.0,0.0,0.0,0.0,5.2,0,3,0,0.0,0.58,0.0,0.0,,0,0,20,13.6,1,45,0,22,19,13,1.13,6,13,-7,-1.35,-1.11,0,8,7,0,4,9,10,,,0,,,,,,,,,,,,,,,
ESP-La Liga,2526,Athletic Club,Nico Williams,ESP,MF,23,2002,25,20,1674,18.6,6,3,9,5,1,2,2,0,0.32,0.16,0.48,0.27,0.43,18.6,6,46,16,34.8,2.47,0.86,0.13,0.38,1,2,67,48.9,20,74,2,5,40,0,1.32,24,27,-3,-0.16,0.46,0,26,29,7,76,7,9,,,0,,,,,,,,,,,,,,,
ESP-La Liga,2526,Athletic Club,Nicolás Serrano,ESP,MF,22,2003,16,4,366,4.1,1,0,1,1,0,0,0,0,0.25,0.0,0.25,0.25,0.25,4.1,1,16,4,25.0,3.93,0.98,0.06,0.25,0,0,23,10.7,4,60,0,12,11,20,1.31,5,6,-1,-0.25,0.17,0,10,8,0,42,2,5,,,0,,,,,,,,,,,,,,,
ESP-La Liga,2526,Athletic Club,Oihan Sancet,ESP,MF,25,2000,28,22,1788,19.9,4,0,4,2,2,2,4,1,0.2,0.0,0.2,0.1,0.1,19.9,4,48,15,31.3,2.42,0.76,0.08,0.27,2,2,64,52.3,22,71,2,6,37,0,1.0,17,25,-8,-0.4,-0.02,0,28,28,0,23,3,14,,,0,,,,,,,,,,,,,,,
ESP-La Liga,2526,Athletic Club,Roberto Navarro,ESP,MF,23,2002,32,10,1307,14.5,6,1,7,6,0,0,1,0,0.41,0.07,0.48,0.41,0.48,14.5,6,21,10,47.6,1.45,0.69,0.29,0.6,0,0,41,38.2,10,70,3,22,28,3,1.19,23,23,0,0.0,0.64,0,18,16,4,74,7,10,,,0,,,,,,,,,,,,,,,
ESP-La Liga,2526,Athletic Club,Selton Sánchez,ESP,MF,18,2007,7,2,196,2.2,0,1,1,0,0,0,0,0,0.0,0.46,0.46,0.0,0.46,2.2,0,4,1,25.0,1.84,0.46,0.0,0.0,0,0,28,5.7,2,54,0,5,18,13,1.43,3,4,-1,-0.46,-0.07,0,5,5,1,0,1,2,,,0,,,,,,,,,,,,,,,
ESP-La Liga,2526,Athletic Club,Unai Gómez,ESP,MF,22,2003,26,12,936,10.4,1,1,2,1,0,0,1,0,0.1,0.1,0.19,0.1,0.19,10.4,1,23,7,30.4,2.21,0.67,0.04,0.14,0,0,36,27.4,12,53,0,14,21,10,1.31,9,24,-15,-1.44,-1.44,0,12,6,4,23,3,8,,,0,,,,,,,,,,,,,,,
ESP-La Liga,2526,Athletic Club,Unai Simón,ESP,GK,28,1997,37,37,3330,37.0,0,0,0,0,0,0,1,0,0.0,0.0,0.0,0.0,0.0,37.0,0,0,0,,0.0,0.0,,,0,0,90,97.4,37,90,37,0,,1,1.22,41,54,-13,-0.35,1.65,0,0,8,0,0,0,0,,,0,54,1.46,151,97,64.2,13,6,18,6,16.2,6,3,2,1,40.0
ESP-La Liga,2526,Athletic Club,Urko Izeta,ESP,FW,25,1999,13,1,193,2.1,1,0,1,1,0,0,2,0,0.47,0.0,0.47,0.47,0.47,2.1,1,11,5,45.5,5.13,2.33,0.09,0.2,0,0,15,5.6,1,56,0,12,11,21,1.08,5,4,1,0.47,0.91,0,5,1,0,2,0,0,,,0,,,,,,,,,,,,,,,
ESP-La Liga,2526,Athletic Club,Yeray Álvarez,ESP,DF,30,1995,7,6,513,5.7,0,0,0,0,0,0,0,0,0.0,0.0,0.0,0.0,0.0,5.7,0,1,0,0.0,0.18,0.0,0.0,,0,0,73,15.0,6,78,4,1,45,2,1.0,7,9,-2,-0.35,0.05,0,3,5,0,2,14,1,,,0,,,,,,,,,,,,,,,
ESP-La Liga,2526,Athletic Club,Yuri Berchiche,ESP,DF,35,1990,32,31,2705,30.1,0,6,6,0,0,0,5,0,0.0,0.2,0.2,0.0,0.2,30.1,0,24,5,20.8,0.8,0.17,0.0,0.0,0,0,85,79.1,31,86,27,1,45,2,1.38,36,40,-4,-0.13,1.25,0,26,34,3,64,34,29,,,0,,,,,,,,,,,,,,,
ESP-La Liga,2526,Athletic Club,Álex Berenguer,ESP,MF,30,1995,31,25,2154,23.9,2,3,5,2,0,0,4,0,0.08,0.13,0.21,0.08,0.21,23.9,2,44,20,45.5,1.84,0.84,0.05,0.1,0,0,69,63.0,25,78,10,6,32,1,0.97,24,31,-7,-0.29,0.28,0,28,38,6,199,13,17,,,1,,,,,,,,,,,,,,,
ESP-La Liga,2526,Atlético Madrid,Ademola Lookman,NGA,"FW,MF",27,1997,12,9,617,6.9,4,0,4,3,1,1,1,0,0.58,0.0,0.58,0.44,0.44,6.9,4,21,5,23.8,3.06,0.73,0.19,0.8,1,1,51,18.0,9,60,0,3,24,2,1.5,9,11,-2,-0.29,-0.93,0,7,10,7,12,1,3,,,0,,,,,,,,,,,,,,,
ESP-La Liga,2526,Atlético Madrid,Aleksa Puric,SRB,DF,22,2003,2,0,46,0.5,0,0,0,0,0,0,0,0,0.0,0.0,0.0,0.0,0.0,0.5,0,0,0,,0.0,0.0,,,0,0,23,1.3,0,,0,2,23,6,1.5,0,1,-1,-1.96,-2.46,0,1,1,0,0,2,0,,,0,,,,,,,,,,,,,,,
ESP-La Liga,2526,Atlético Madrid,Alexander Sørloth,NOR,FW,29,1995,35,20,1980,22.0,13,0,13,13,0,0,4,1,0.59,0.0,0.59,0.59,0.59,22.0,13,68,35,51.5,3.09,1.59,0.19,0.37,0,0,57,57.9,20,76,9,15,31,0,1.8,35,27,8,0.36,-0.26,0,30,16,11,10,0,7,,,0,,,,,,,,,,,,,,,
ESP-La Liga,2526,Atlético Madrid,Antoine Griezmann,FRA,FW,34,1991,34,13,1481,16.5,7,4,11,7,0,0,1,0,0.43,0.24,0.67,0.43,0.67,16.5,7,47,25,53.2,2.86,1.52,0.15,0.28,0,0,44,43.3,13,70,4,21,27,1,1.86,32,23,9,0.55,0.13,0,4,10,15,80,8,9,,,0,,,,,,,,,,,,,,,
ESP-La Liga,2526,Atlético Madrid,Clément Lenglet,FRA,DF,30,1995,19,17,1391,15.5,0,1,1,0,0,0,6,1,0.0,0.06,0.06,0.0,0.06,15.5,0,5,0,0.0,0.32,0.0,0.0,,0,0,73,40.7,17,80,12,2,19,15,1.63,24,21,3,0.19,-0.47,1,22,7,0,2,20,10,,,0,,,,,,,,,,,,,,,
ESP-La Liga,2526,Atlético Madrid,Conor Gallagher,ENG,MF,25,2000,19,4,679,7.5,2,0,2,2,0,0,2,0,0.27,0.0,0.27,0.27,0.27,7.5,2,13,5,38.5,1.72,0.66,0.15,0.4,0,0,36,19.9,4,65,1,15,28,0,2.0,15,7,8,1.06,0.73,0,18,9,2,11,11,12,,,0,,,,,,,,,,,,,,,
ESP-La Liga,2526,Atlético Madrid,Daniel Martinez,ESP,DF,21,2004,1,1,90,1.0,0,0,0,0,0,0,0,0,0.0,0.0,0.0,0.0,0.0,1.0,0,0,0,,0.0,0.0,,,0,0,90,2.6,1,90,1,0,,3,0.0,1,2,-1,-1.0,-1.51,0,1,0,0,1,1,0,,,0,,,,,,,,,,,,,,,
ESP-La Liga,2526,Atlético Madrid,Dávid Hancko,SVK,DF,27,1997,30,27,2432,27.0,0,2,2,0,0,0,2,0,0.0,0.07,0.07,0.0,0.07,27.0,0,21,5,23.8,0.78,0.19,0.0,0.0,0,0,81,71.1,27,87,24,3,25,4,1.9,48,31,17,0.63,0.54,0,15,4,2,29,19,27,,,0,,,,,,,,,,,,,,,
ESP-La Liga,2526,Atlético Madrid,Giacomo Raspadori,ITA,FW,25,2000,12,1,236,2.6,0,1,1,0,0,0,1,0,0.0,0.38,0.38,0.0,0.38,2.6,0,7,3,42.9,2.67,1.14,0.0,0.0,0,0,20,6.9,1,61,0,11,16,7,1.83,5,4,1,0.38,-0.1,0,3,7,2,9,0,1,,,0,,,,,,,,,,,,,,,
ESP-La Liga,2526,Atlético Madrid,Giuliano Simeone,ARG,"MF,FW",22,2002,31,25,2099,23.3,4,6,10,4,0,0,2,0,0.17,0.26,0.43,0.17,0.43,23.3,4,36,14,38.9,1.54,0.6,0.11,0.29,0,0,68,61.4,25,75,7,6,35,2,1.9,42,26,16,0.69,0.55,0,21,40,7,48,20,25,,,0,,,,,,,,,,,,,,,
ESP-La Liga,2526,Atlético Madrid,Iker Luque,ESP,DF,20,2005,1,0,28,0.3,1,0,1,1,0,0,0,0,3.21,0.0,3.21,3.21,3.21,0.3,1,3,2,66.7,9.64,6.43,0.33,0.5,0,0,28,0.8,0,,0,1,28,6,3.0,2,0,2,6.43,6.0,0,2,0,0,0,0,0,,,0,,,,,,,,,,,,,,,
ESP-La Liga,2526,Atlético Madrid,Jan Oblak,SVN,GK,32,1993,30,30,2700,30.0,0,0,0,0,0,0,0,0,0.0,0.0,0.0,0.0,0.0,30.0,0,0,0,,0.0,0.0,,,0,0,90,78.9,30,90,30,0,,3,1.9,51,31,20,0.67,0.92,0,0,4,0,0,0,0,,,0,31,1.03,106,75,70.8,17,6,7,11,36.7,3,2,0,1,0.0
ESP-La Liga,2526,Atlético Madrid,Jano Monserrate,ESP,MF,19,2006,2,0,23,0.3,0,0,0,0,0,0,0,0,0.0,0.0,0.0,0.0,0.0,0.3,0,1,1,100.0,3.91,3.91,0.0,0.0,0,0,12,0.7,0,,0,2,12,7,0.5,0,0,0,0.0,-0.48,0,2,1,0,3,0,2,,,0,,,,,,,,,,,,,,,
ESP-La Liga,2526,Atlético Madrid,Javi Galán,ESP,DF,30,1994,5,1,134,1.5,0,0,0,0,0,0,0,0,0.0,0.0,0.0,0.0,0.0,1.5,0,0,0,,0.0,0.0,,,0,0,27,3.9,1,72,0,4,16,13,2.2,2,2,0,0.0,-0.49,0,2,3,2,5,1,2,,,0,,,,,,,,,,,,,,,
ESP-La Liga,2526,Atlético Madrid,Javi Morcillo,ESP,MF,19,2006,5,1,172,1.9,0,0,0,0,0,0,2,0,0.0,0.0,0.0,0.0,0.0,1.9,0,2,0,0.0,1.05,0.0,0.0,,0,0,34,5.0,1,62,0,4,28,3,1.2,0,1,-1,-0.52,-1.05,0,6,2,0,0,3,4,,,0,,,,,,,,,,,,,,,
ESP-La Liga,2526,Atlético Madrid,Javier Boñar,ESP,DF,20,2005,4,3,299,3.3,1,0,1,1,0,0,0,0,0.3,0.0,0.3,0.3,0.3,3.3,1,2,1,50.0,0.6,0.3,0.5,1.0,0,0,75,8.7,3,90,2,1,30,6,0.75,5,5,0,0.0,-0.52,0,2,2,0,3,0,3,,,0,,,,,,,,,,,,,,,
ESP-La Liga,2526,Atlético Madrid,Johnny Cardoso,USA,MF,23,2001,15,12,887,9.9,0,0,0,0,0,0,5,0,0.0,0.0,0.0,0.0,0.0,9.9,0,2,0,0.0,0.2,0.0,0.0,,0,0,59,25.9,12,66,3,3,31,9,1.47,15,13,2,0.2,-0.37,0,23,14,0,3,16,21,,,0,,,,,,,,,,,,,,,
ESP-La Liga,2526,Atlético Madrid,José María Giménez,URU,DF,30,1995,16,13,1178,13.1,0,1,1,0,0,0,3,0,0.0,0.08,0.08,0.0,0.08,13.1,0,13,3,23.1,0.99,0.23,0.0,0.0,0,0,74,34.4,13,85,12,3,26,4,1.88,20,14,6,0.46,-0.02,0,20,10,1,0,15,12,,,0,,,,,,,,,,,,,,,
ESP-La Liga,2526,Atlético Madrid,Juan Musso,ARG,GK,31,1994,8,8,720,8.0,0,0,0,0,0,0,2,0,0.0,0.0,0.0,0.0,0.0,8.0,0,0,0,,0.0,0.0,,,0,0,90,21.1,8,90,8,0,,28,1.5,11,13,-2,-0.25,-0.92,0,1,3,0,0,0,0,,,0,13,1.62,35,22,62.9,4,0,4,3,37.5,3,3,0,0,0.0
ESP-La Liga,2526,Atlético Madrid,Julio Diaz,ESP,DF,20,2005,4,4,310,3.4,0,1,1,0,0,0,2,0,0.0,0.29,0.29,0.0,0.29,3.4,0,1,0,0.0,0.29,0.0,0.0,,0,0,78,9.1,4,78,2,0,,11,1.5,6,4,2,0.58,0.12,0,4,3,1,6,4,3,,,0,,,,,,,,,,,,,,,
ESP-La Liga,2526,Atlético Madrid,Julián Álvarez,ARG,FW,25,2000,29,22,1895,21.1,8,4,12,6,2,3,2,0,0.38,0.19,0.57,0.28,0.47,21.1,8,54,26,48.1,2.56,1.23,0.15,0.31,2,3,65,55.4,22,74,6,7,38,3,1.97,35,20,15,0.71,0.54,0,14,18,2,86,3,13,,,0,,,,,,,,,,,,,,,
ESP-La Liga,2526,Atlético Madrid,Koke,ESP,MF,33,1992,34,24,2219,24.7,2,2,4,2,0,0,6,0,0.08,0.08,0.16,0.08,0.16,24.7,2,14,4,28.6,0.57,0.16,0.14,0.5,0,0,65,64.9,24,79,14,10,32,2,2.0,43,28,15,0.61,0.38,0,21,22,0,44,19,30,,,0,,,,,,,,,,,,,,,
ESP-La Liga,2526,Atlético Madrid,Marc Pubill,ESP,DF,22,2003,19,15,1381,15.3,1,1,2,1,0,0,2,0,0.07,0.07,0.13,0.07,0.13,15.3,1,11,4,36.4,0.72,0.26,0.09,0.25,0,0,73,40.4,15,85,13,4,25,16,2.0,26,16,10,0.65,0.3,0,16,14,1,8,18,15,,,0,,,,,,,,,,,,,,,
ESP-La Liga,2526,Atlético Madrid,Marcos Llorente,ESP,"DF,MF",30,1995,29,25,2181,24.2,0,4,4,0,0,0,7,1,0.0,0.17,0.17,0.0,0.17,24.2,0,18,6,33.3,0.74,0.25,0.0,0.0,0,0,75,63.8,25,83,19,4,28,1,1.97,45,26,19,0.78,0.86,1,28,11,4,49,13,41,,,0,,,,,,,,,,,,,,,
ESP-La Liga,2526,Atlético Madrid,Matteo Ruggeri,ITA,DF,23,2002,26,20,1774,19.7,0,3,3,0,0,0,4,0,0.0,0.15,0.15,0.0,0.15,19.7,0,5,2,40.0,0.25,0.1,0.0,0.0,0,0,68,51.9,20,81,13,6,27,11,1.69,33,23,10,0.51,0.07,0,28,2,1,86,20,23,,,0,,,,,,,,,,,,,,,
ESP-La Liga,2526,Atlético Madrid,Miguel Cubo,ESP,FW,17,2008,2,0,50,0.6,1,0,1,1,0,0,0,0,1.8,0.0,1.8,1.8,1.8,0.6,1,3,2,66.7,5.4,3.6,0.33,0.5,0,0,25,1.5,0,,0,2,25,4,1.5,2,0,2,3.6,3.17,0,1,3,0,0,0,2,,,0,,,,,,,,,,,,,,,
ESP-La Liga,2526,Atlético Madrid,Nahuel Molina,ARG,"DF,MF",27,1998,26,13,1331,14.8,2,2,4,2,0,0,4,0,0.14,0.14,0.27,0.14,0.27,14.8,2,14,4,28.6,0.95,0.27,0.14,0.5,0,0,51,38.9,13,84,11,13,19,9,1.88,20,18,2,0.14,-0.55,0,14,5,5,49,14,24,,,0,,,,,,,,,,,,,,,
ESP-La Liga,2526,Atlético Madrid,Nicolás González,ARG,"MF,DF",27,1998,24,18,1448,16.1,5,0,5,5,0,0,4,1,0.31,0.0,0.31,0.31,0.31,16.1,5,43,21,48.8,2.67,1.31,0.12,0.24,0,0,60,42.3,18,70,5,6,31,0,2.0,28,15,13,0.81,0.58,0,28,25,2,27,11,16,,,0,,,,,,,,,,,,,,,
ESP-La Liga,2526,Atlético Madrid,Obed Vargas,MEX,MF,19,2005,12,8,740,8.2,0,1,1,0,0,0,2,0,0.0,0.12,0.12,0.0,0.12,8.2,0,5,0,0.0,0.61,0.0,0.0,,0,0,62,21.6,8,80,5,4,24,4,1.25,12,14,-2,-0.24,-0.91,0,4,9,1,6,8,16,,,0,,,,,,,,,,,,,,,
ESP-La Liga,2526,Atlético Madrid,Pablo Barrios,ESP,MF,22,2003,23,20,1661,18.5,1,1,2,1,0,0,0,0,0.05,0.05,0.11,0.05,0.11,18.5,1,23,6,26.1,1.25,0.33,0.04,0.17,0,0,72,48.6,20,78,13,3,34,0,1.96,30,16,14,0.76,0.55,0,12,23,0,30,26,16,,,0,,,,,,,,,,,,,,,
ESP-La Liga,2526,Atlético Madrid,Rayane Belaid,ESP,"MF,FW",20,2005,2,2,132,1.5,0,0,0,0,0,0,0,0,0.0,0.0,0.0,0.0,0.0,1.5,0,4,0,0.0,2.73,0.0,0.0,,0,0,66,3.9,2,66,0,0,,5,1.5,1,2,-1,-0.68,-1.2,0,1,1,1,1,0,0,,,0,,,,,,,,,,,,,,,
ESP-La Liga,2526,Atlético Madrid,Robin Le Normand,ESP,DF,28,1996,28,17,1789,19.9,1,1,2,1,0,0,5,0,0.05,0.05,0.1,0.05,0.1,19.9,1,6,1,16.7,0.3,0.05,0.17,1.0,0,0,64,52.3,17,84,14,11,33,4,1.82,33,20,13,0.65,0.38,0,22,14,1,3,20,20,,,0,,,,,,,,,,,,,,,
ESP-La Liga,2526,Atlético Madrid,Rodrigo Mendoza,ESP,MF,20,2005,8,8,434,4.8,0,1,1,0,0,0,2,0,0.0,0.21,0.21,0.0,0.21,4.8,0,6,2,33.3,1.24,0.41,0.0,0.0,0,0,54,12.7,8,54,0,0,,2,1.5,5,8,-3,-0.62,-1.26,0,11,7,0,2,0,3,,,0,,,,,,,,,,,,,,,
ESP-La Liga,2526,Atlético Madrid,Taufik Seidu,ESP,MF,17,2008,1,0,23,0.3,0,0,0,0,0,0,1,0,0.0,0.0,0.0,0.0,0.0,0.3,0,0,0,,0.0,0.0,,,0,0,23,0.7,0,,0,1,23,4,0.0,0,1,-1,-3.91,-4.42,0,2,0,0,0,0,0,,,0,,,,,,,,,,,,,,,
ESP-La Liga,2526,Atlético Madrid,Thiago Almada,ARG,"MF,FW",24,2001,27,16,1311,14.6,3,1,4,3,0,0,2,1,0.21,0.07,0.27,0.21,0.27,14.6,3,21,10,47.6,1.44,0.69,0.14,0.3,0,0,49,38.3,16,65,3,11,25,4,1.78,18,17,1,0.07,-0.66,0,13,16,2,40,9,18,,,0,,,,,,,,,,,,,,,
ESP-La Liga,2526,Atlético Madrid,Álex Baena,ESP,"MF,FW",24,2001,27,21,1560,17.3,2,3,5,2,0,0,5,0,0.12,0.17,0.29,0.12,0.29,17.3,2,29,7,24.1,1.67,0.4,0.07,0.29,0,0,58,45.6,21,68,4,6,24,3,1.67,27,20,7,0.4,-0.13,0,26,29,9,117,16,11,,,0,,,,,,,,,,,,,,,
ESP-La Liga,2526,Barcelona,Alejandro Balde,ESP,DF,21,2003,28,21,1869,20.8,0,2,2,0,0,0,2,0,0.0,0.1,0.1,0.0,0.1,20.8,0,10,1,10.0,0.48,0.05,0.0,0.0,0,0,67,54.6,21,78,8,7,33,3,2.29,49,24,25,1.2,-0.77,0,14,25,4,25,6,21,,,0,,,,,,,,,,,,,,,
ESP-La Liga,2526,Barcelona,Alvaro Cortes,ESP,DF,20,2005,1,1,90,1.0,0,0,0,0,0,0,0,0,0.0,0.0,0.0,0.0,0.0,1.0,0,0,0,,0.0,0.0,,,0,0,90,2.6,1,90,1,0,,6,0.0,0,1,-1,-1.0,-2.62,0,0,1,0,0,1,1,,,0,,,,,,,,,,,,,,,
ESP-La Liga,2526,Barcelona,Andreas Christensen,DEN,DF,29,1996,13,3,409,4.5,0,0,0,0,0,0,2,0,0.0,0.0,0.0,0.0,0.0,4.5,0,4,2,50.0,0.88,0.44,0.0,0.0,0,0,31,12.0,3,90,3,10,14,5,2.38,11,9,2,0.44,-1.26,0,6,3,0,0,2,3,,,0,,,,,,,,,,,,,,,
ESP-La Liga,2526,Barcelona,Dani Olmo,ESP,MF,27,1998,33,24,2067,23.0,7,8,15,7,0,0,1,0,0.3,0.35,0.65,0.3,0.65,23.0,7,70,21,30.0,3.05,0.91,0.1,0.33,0,0,63,60.4,24,75,8,9,30,0,2.48,56,17,39,1.7,0.37,0,27,42,6,28,14,23,,,0,,,,,,,,,,,,,,,
ESP-La Liga,2526,Barcelona,Dro Fernández,ESP,MF,17,2008,4,1,92,1.0,0,0,0,0,0,0,0,0,0.0,0.0,0.0,0.0,0.0,1.0,0,0,0,,0.0,0.0,,,0,0,23,2.7,1,45,0,3,16,13,3.0,3,1,2,1.96,0.42,0,1,1,1,0,0,0,,,0,,,,,,,,,,,,,,,
ESP-La Liga,2526,Barcelona,Eric García,ESP,"DF,MF",24,2001,34,32,2721,30.2,1,1,2,1,0,0,6,0,0.03,0.03,0.07,0.03,0.07,30.2,1,25,7,28.0,0.83,0.23,0.04,0.14,0,0,80,79.6,32,83,21,2,29,3,2.5,78,22,56,1.85,1.47,0,33,24,1,14,50,44,,,0,,,,,,,,,,,,,,,
ESP-La Liga,2526,Barcelona,Fermin López,ESP,MF,22,2003,30,19,1797,20.0,6,9,15,6,0,0,3,0,0.3,0.45,0.75,0.3,0.75,20.0,6,68,25,36.8,3.41,1.25,0.09,0.24,0,0,60,52.5,19,75,7,11,33,1,2.63,54,18,36,1.8,0.53,0,34,20,5,36,7,22,,,0,,,,,,,,,,,,,,,
ESP-La Liga,2526,Barcelona,Ferran Torres,ESP,FW,25,2000,33,23,1965,21.8,16,2,18,16,0,0,2,0,0.73,0.09,0.82,0.73,0.82,21.8,16,69,37,53.6,3.16,1.69,0.23,0.43,0,0,60,57.5,23,74,5,10,27,2,2.39,50,20,30,1.37,-0.42,0,13,20,12,3,4,6,,,0,,,,,,,,,,,,,,,
ESP-La Liga,2526,Barcelona,Frenkie de Jong,NED,MF,28,1997,25,16,1636,18.2,1,5,6,1,0,0,4,1,0.06,0.28,0.33,0.06,0.33,18.2,1,7,2,28.6,0.39,0.11,0.14,0.5,0,0,65,47.8,16,88,13,9,26,1,2.32,43,21,22,1.21,-0.66,1,10,26,2,5,17,19,,,0,,,,,,,,,,,,,,,
ESP-La Liga,2526,Barcelona,Gavi,ESP,MF,20,2004,11,7,573,6.4,0,1,1,0,0,0,3,0,0.0,0.16,0.16,0.0,0.16,6.4,0,0,0,,0.0,0.0,,,0,0,52,16.8,7,69,2,4,22,2,2.73,15,6,9,1.41,-0.17,0,11,14,0,2,3,8,,,0,,,,,,,,,,,,,,,
ESP-La Liga,2526,Barcelona,Gerard Martín,ESP,DF,23,2002,32,26,2119,23.5,0,0,0,0,0,0,6,0,0.0,0.0,0.0,0.0,0.0,23.5,0,7,4,57.1,0.3,0.17,0.0,0.0,0,0,66,62.0,26,79,15,6,9,3,2.47,58,16,42,1.78,0.61,0,16,7,0,14,31,29,,,0,,,,,,,,,,,,,,,
ESP-La Liga,2526,Barcelona,Joan García,ESP,GK,24,2001,30,30,2700,30.0,0,0,0,0,0,0,1,0,0.0,0.0,0.0,0.0,0.0,30.0,0,0,0,,0.0,0.0,,,0,0,90,78.9,30,90,30,0,,2,2.73,81,21,60,2.0,2.12,0,0,4,0,0,1,4,,,0,21,0.7,95,74,77.9,27,1,2,15,50.0,3,3,0,0,0.0
ESP-La Liga,2526,Barcelona,Jofre Torrents,ESP,DF,18,2007,3,0,50,0.6,0,0,0,0,0,0,0,0,0.0,0.0,0.0,0.0,0.0,0.6,0,0,0,,0.0,0.0,,,0,0,17,1.5,0,,0,3,17,11,3.0,3,2,1,1.8,0.25,0,0,0,0,4,0,2,,,0,,,,,,,,,,,,,,,
ESP-La Liga,2526,Barcelona,João Cancelo,POR,DF,31,1994,16,11,954,10.6,2,2,4,2,0,0,1,0,0.19,0.19,0.38,0.19,0.38,10.6,2,13,4,30.8,1.23,0.38,0.15,0.5,0,0,60,27.9,11,79,7,5,18,3,2.44,27,6,21,1.98,0.59,0,11,14,4,31,11,19,,,0,,,,,,,,,,,,,,,
ESP-La Liga,2526,Barcelona,Jules Koundé,FRA,DF,26,1998,30,24,2261,25.1,1,3,4,1,0,0,6,0,0.04,0.12,0.16,0.04,0.16,25.1,1,14,4,28.6,0.56,0.16,0.07,0.25,0,0,75,66.1,24,88,20,6,26,3,2.43,65,22,43,1.71,0.47,0,24,24,2,40,31,24,,,0,,,,,,,,,,,,,,,
ESP-La Liga,2526,Barcelona,Lamine Yamal,ESP,"MF,FW",18,2007,28,26,2262,25.1,16,11,27,13,3,4,1,0,0.64,0.44,1.07,0.52,0.95,25.1,16,117,37,31.6,4.66,1.47,0.14,0.43,3,4,81,66.1,26,85,16,2,29,0,2.61,62,23,39,1.55,0.0,0,28,52,14,77,8,20,,,0,,,,,,,,,,,,,,,
ESP-La Liga,2526,Barcelona,Marc Bernal,ESP,MF,18,2007,22,9,790,8.8,2,1,3,2,0,0,4,0,0.23,0.11,0.34,0.23,0.34,8.8,2,7,2,28.6,0.8,0.23,0.29,1.0,0,0,36,23.1,9,65,0,13,15,10,2.59,21,10,11,1.25,-0.39,0,15,11,0,1,12,19,,,0,,,,,,,,,,,,,,,
ESP-La Liga,2526,Barcelona,Marc Casado,ESP,MF,21,2003,24,10,989,11.0,0,1,1,0,0,0,1,0,0.0,0.09,0.09,0.0,0.09,11.0,0,11,0,0.0,1.0,0.0,0.0,,0,0,41,28.9,10,76,5,14,16,14,2.63,25,10,15,1.37,-0.26,0,25,20,0,1,7,9,,,0,,,,,,,,,,,,,,,
ESP-La Liga,2526,Barcelona,Marcus Rashford,ENG,"MF,FW",27,1997,32,18,1763,19.6,8,7,15,8,0,0,3,0,0.41,0.36,0.77,0.41,0.77,19.6,8,76,29,38.2,3.88,1.48,0.11,0.28,0,0,55,51.5,18,76,6,14,29,4,2.47,44,25,19,0.97,-1.2,0,10,25,10,121,2,8,,,0,,,,,,,,,,,,,,,
ESP-La Liga,2526,Barcelona,Pau Cubarsí,ESP,DF,18,2007,31,31,2703,30.0,1,0,1,1,0,0,3,0,0.03,0.0,0.03,0.03,0.03,30.0,1,10,2,20.0,0.33,0.07,0.1,0.5,0,0,87,79.0,31,87,25,0,,7,2.52,76,29,47,1.56,0.06,0,25,9,0,0,30,28,,,0,,,,,,,,,,,,,,,
ESP-La Liga,2526,Barcelona,Pedri,ESP,MF,22,2002,29,23,2104,23.4,2,9,11,2,0,0,2,1,0.09,0.38,0.47,0.09,0.47,23.4,2,21,10,47.6,0.9,0.43,0.1,0.2,0,0,73,61.5,23,83,11,6,32,1,2.52,60,21,39,1.67,0.3,1,9,43,1,12,24,33,,,0,,,,,,,,,,,,,,,
ESP-La Liga,2526,Barcelona,Raphinha,BRA,"MF,FW",28,1996,22,18,1380,15.3,13,3,16,10,3,3,5,0,0.85,0.2,1.04,0.65,0.85,15.3,13,65,24,36.9,4.24,1.57,0.2,0.54,3,3,63,40.4,18,71,4,4,28,2,2.77,43,9,34,2.22,1.11,0,10,10,4,72,6,6,,,0,,,,,,,,,,,,,,,
ESP-La Liga,2526,Barcelona,Robert Lewandowski,POL,FW,36,1988,31,17,1664,18.5,14,2,16,13,1,3,2,0,0.76,0.11,0.87,0.7,0.81,18.5,14,63,29,46.0,3.41,1.57,0.22,0.48,1,3,54,48.7,17,80,10,14,22,4,2.45,52,19,33,1.78,0.45,0,13,21,17,0,3,3,,,0,,,,,,,,,,,,,,,
ESP-La Liga,2526,Barcelona,Ronald Araújo,URU,DF,26,1999,24,11,1071,11.9,3,0,3,3,0,0,2,0,0.25,0.0,0.25,0.25,0.25,11.9,3,12,5,41.7,1.01,0.42,0.25,0.6,0,0,45,31.3,11,76,7,13,18,8,2.5,31,15,16,1.34,-0.3,0,17,3,0,6,10,15,,,0,,,,,,,,,,,,,,,
ESP-La Liga,2526,Barcelona,Roony Bardghji,SWE,"MF,FW",19,2005,21,7,648,7.2,1,1,2,1,0,0,0,0,0.14,0.14,0.28,0.14,0.28,7.2,1,22,12,54.5,3.06,1.67,0.05,0.08,0,0,31,18.9,7,59,0,14,17,14,2.29,17,8,9,1.25,-0.37,0,7,8,0,54,2,4,,,0,,,,,,,,,,,,,,,
ESP-La Liga,2526,Barcelona,Tomas Marques,ESP,MF,18,2006,2,0,11,0.1,0,0,0,0,0,0,0,0,0.0,0.0,0.0,0.0,0.0,0.1,0,0,0,,0.0,0.0,,,0,0,6,0.3,0,,0,2,6,17,1.5,0,0,0,0.0,-1.56,0,1,0,0,0,0,0,,,0,,,,,,,,,,,,,,,
ESP-La Liga,2526,Barcelona,Toni Fernández,ESP,FW,17,2008,1,1,45,0.5,0,0,0,0,0,0,0,0,0.0,0.0,0.0,0.0,0.0,0.5,0,0,0,,0.0,0.0,,,0,0,45,1.3,1,45,0,0,,10,3.0,1,1,0,0.0,-1.57,0,0,0,0,0,0,0,,,0,,,,,,,,,,,,,,,
ESP-La Liga,2526,Barcelona,Wojciech Szczęsny,POL,GK,35,1990,8,8,720,8.0,0,0,0,0,0,0,0,0,0.0,0.0,0.0,0.0,0.0,8.0,0,0,0,,0.0,0.0,,,0,0,90,21.1,8,90,8,0,,27,1.5,14,15,-1,-0.12,-2.12,0,0,0,0,0,0,0,,,0,15,1.87,37,22,59.5,4,0,4,0,0.0,2,1,1,0,50.0
ESP-La Liga,2526,Barcelona,Xavi Espart,ESP,DF,18,2007,4,1,165,1.8,0,0,0,0,0,0,0,0,0.0,0.0,0.0,0.0,0.0,1.8,0,1,0,0.0,0.55,0.0,0.0,,0,0,41,4.8,1,90,1,3,25,12,1.5,6,5,1,0.55,-1.06,0,0,4,0,2,5,1,,,0,,,,,,,,,,,,,,,
ESP-La Liga,2526,Celta Vigo,Andrés Antañón,ESP,FW,18,2007,2,1,63,0.7,0,0,0,0,0,0,0,0,0.0,0.0,0.0,0.0,0.0,0.7,0,2,2,100.0,2.86,2.86,0.0,0.0,0,0,32,1.8,1,45,0,1,18,7,1.5,0,2,-2,-2.86,-3.04,0,1,0,0,0,0,0,,,0,,,,,,,,,,,,,,,
ESP-La Liga,2526,Celta Vigo,Borja Iglesias,ESP,FW,32,1993,35,21,1900,21.1,14,2,16,10,4,4,7,0,0.66,0.09,0.76,0.47,0.57,21.1,14,46,26,56.5,2.18,1.23,0.3,0.54,4,4,54,55.6,21,75,4,14,24,1,1.34,32,26,6,0.28,0.34,0,38,30,22,3,0,5,,,0,,,,,,,,,,,,,,,
ESP-La Liga,2526,Celta Vigo,Bryan Zaragoza,ESP,"FW,MF",23,2001,19,13,1131,12.6,1,1,2,0,1,1,1,0,0.08,0.08,0.16,0.0,0.08,12.6,1,26,12,46.2,2.07,0.95,0.04,0.08,1,1,60,33.1,13,76,4,6,24,2,1.47,16,12,4,0.32,0.28,0,7,17,6,67,2,5,,,0,,,,,,,,,,,,,,,
ESP-La Liga,2526,Celta Vigo,Carl Starfelt,SWE,DF,30,1995,19,17,1491,16.6,0,0,0,0,0,0,3,1,0.0,0.0,0.0,0.0,0.0,16.6,0,4,1,25.0,0.24,0.06,0.0,0.0,0,0,78,43.6,17,86,14,2,17,1,1.37,22,17,5,0.3,0.3,1,19,8,0,0,16,16,,,1,,,,,,,,,,,,,,,
ESP-La Liga,2526,Celta Vigo,Carlos Dominguez,ESP,DF,24,2001,8,6,610,6.8,0,0,0,0,0,0,1,0,0.0,0.0,0.0,0.0,0.0,6.8,0,2,1,50.0,0.3,0.15,0.0,0.0,0,0,76,17.8,6,89,5,2,38,20,1.25,10,12,-2,-0.3,-0.52,0,6,1,0,1,5,8,,,0,,,,,,,,,,,,,,,
ESP-La Liga,2526,Celta Vigo,Damián Rodríguez,ESP,MF,22,2003,2,2,150,1.7,0,0,0,0,0,0,1,0,0.0,0.0,0.0,0.0,0.0,1.7,0,3,0,0.0,1.8,0.0,0.0,,0,0,75,4.4,2,75,1,0,,12,2.0,2,3,-1,-0.6,-0.77,0,3,0,0,3,1,0,,,0,,,,,,,,,,,,,,,
ESP-La Liga,2526,Celta Vigo,Fer López,ESP,"MF,FW",21,2004,17,13,1170,13.0,1,1,2,1,0,0,3,0,0.08,0.08,0.15,0.08,0.15,13.0,1,13,5,38.5,1.0,0.38,0.08,0.2,0,0,69,34.2,13,81,5,4,30,0,1.29,17,19,-2,-0.15,-0.43,0,24,18,1,18,6,11,,,0,,,,,,,,,,,,,,,
ESP-La Liga,2526,Celta Vigo,Ferran Jutglà,ESP,FW,26,1999,30,21,1652,18.4,9,3,12,9,0,0,4,0,0.49,0.16,0.65,0.49,0.65,18.4,9,45,26,57.8,2.45,1.42,0.2,0.35,0,0,55,48.3,21,69,2,9,22,5,1.33,25,24,1,0.05,-0.15,0,24,30,10,19,8,3,,,0,,,,,,,,,,,,,,,
ESP-La Liga,2526,Celta Vigo,Fran Beltrán,ESP,MF,26,1999,10,7,528,5.9,0,0,0,0,0,0,0,0,0.0,0.0,0.0,0.0,0.0,5.9,0,6,1,16.7,1.02,0.17,0.0,0.0,0,0,53,15.4,7,71,2,3,10,9,1.4,4,6,-2,-0.34,-0.56,0,10,3,0,2,8,5,,,0,,,,,,,,,,,,,,,
ESP-La Liga,2526,Celta Vigo,Hugo García,ESP,MF,18,2006,1,0,8,0.1,0,0,0,0,0,0,0,0,0.0,0.0,0.0,0.0,0.0,0.1,0,0,0,,0.0,0.0,,,0,0,8,0.2,0,,0,1,8,1,3.0,0,0,0,0.0,-0.13,0,0,0,0,0,0,0,,,0,,,,,,,,,,,,,,,
ESP-La Liga,2526,Celta Vigo,Hugo González,ESP,FW,22,2003,1,0,8,0.1,0,0,0,0,0,0,0,0,0.0,0.0,0.0,0.0,0.0,0.1,0,0,0,,0.0,0.0,,,0,0,8,0.2,0,,0,1,8,1,0.0,0,0,0,0.0,-0.13,0,0,0,0,1,0,1,,,0,,,,,,,,,,,,,,,
ESP-La Liga,2526,Celta Vigo,Hugo Sotelo,ESP,MF,21,2003,20,16,1338,14.9,0,2,2,0,0,0,3,0,0.0,0.13,0.13,0.0,0.13,14.9,0,2,1,50.0,0.13,0.07,0.0,0.0,0,0,67,39.1,16,78,7,4,24,14,1.1,27,25,2,0.13,0.0,0,27,13,0,44,13,16,,,0,,,,,,,,,,,,,,,
ESP-La Liga,2526,Celta Vigo,Hugo Álvarez,ESP,"FW,MF",22,2003,28,15,1340,14.9,4,2,6,4,0,0,2,0,0.27,0.13,0.4,0.27,0.4,14.9,4,14,8,57.1,0.94,0.54,0.29,0.5,0,0,48,39.2,15,70,4,13,22,6,1.43,25,23,2,0.13,0.0,0,16,17,2,23,10,9,,,0,,,,,,,,,,,,,,,
ESP-La Liga,2526,Celta Vigo,Iago Aspas,ESP,"FW,MF",37,1987,32,11,1140,12.7,5,3,8,3,2,2,4,0,0.39,0.24,0.63,0.24,0.47,12.7,5,28,12,42.9,2.21,0.95,0.18,0.42,2,2,36,33.3,11,69,1,21,18,4,1.36,22,12,10,0.79,0.99,0,5,17,0,24,12,11,,,0,,,,,,,,,,,,,,,
ESP-La Liga,2526,Celta Vigo,Ilaix Moriba,GUI,MF,22,2003,36,26,2495,27.7,2,3,5,2,0,0,8,0,0.07,0.11,0.18,0.07,0.18,27.7,2,18,5,27.8,0.65,0.18,0.11,0.4,0,0,69,73.0,26,86,22,10,25,0,1.5,40,30,10,0.36,0.85,0,40,58,0,2,24,42,,,0,,,,,,,,,,,,,,,
ESP-La Liga,2526,Celta Vigo,Ionuț Radu,ROU,GK,28,1997,38,38,3420,38.0,0,0,0,0,0,0,2,0,0.0,0.0,0.0,0.0,0.0,38.0,0,0,0,,0.0,0.0,,,0,0,90,100.0,38,90,38,0,,0,1.42,53,48,5,0.13,,0,0,8,0,0,1,0,,,0,48,1.26,159,111,69.8,14,12,12,10,26.3,11,6,2,3,25.0
ESP-La Liga,2526,Celta Vigo,Javi Rodríguez,ESP,DF,22,2003,33,28,2558,28.4,0,1,1,0,0,0,5,0,0.0,0.04,0.04,0.0,0.04,28.4,0,12,1,8.3,0.42,0.04,0.0,0.0,0,0,78,74.8,28,85,21,5,33,3,1.42,31,33,-2,-0.07,-0.8,0,33,33,1,1,28,23,,,0,,,,,,,,,,,,,,,
ESP-La Liga,2526,Celta Vigo,Javi Rueda,ESP,MF,23,2002,26,16,1404,15.6,2,6,8,2,0,0,6,0,0.13,0.38,0.51,0.13,0.51,15.6,2,11,3,27.3,0.71,0.19,0.18,0.67,0,0,54,41.1,16,73,5,10,24,8,1.42,19,15,4,0.26,0.21,0,25,21,3,27,20,12,,,0,,,,,,,,,,,,,,,
ESP-La Liga,2526,Celta Vigo,Jones El-Abdellaoui,MAR,"MF,FW",19,2006,22,4,681,7.6,2,0,2,2,0,0,0,0,0.26,0.0,0.26,0.26,0.26,7.6,2,17,4,23.5,2.25,0.53,0.12,0.5,0,0,31,19.9,4,75,1,18,21,16,1.55,17,12,5,0.66,0.66,0,7,3,2,30,3,3,,,0,,,,,,,,,,,,,,,
ESP-La Liga,2526,Celta Vigo,Joseph Aidoo,GHA,DF,29,1995,8,7,639,7.1,0,0,0,0,0,0,0,0,0.0,0.0,0.0,0.0,0.0,7.1,0,2,0,0.0,0.28,0.0,0.0,,0,0,80,18.7,7,89,6,1,18,18,2.25,17,13,4,0.56,0.53,0,5,1,0,0,10,3,,,0,,,,,,,,,,,,,,,
ESP-La Liga,2526,Celta Vigo,Manu Fernández,ESP,DF,24,2001,14,9,758,8.4,0,0,0,0,0,0,2,0,0.0,0.0,0.0,0.0,0.0,8.4,0,2,0,0.0,0.24,0.0,0.0,,0,0,54,22.2,9,74,3,5,18,20,1.64,12,11,1,0.12,-0.02,0,8,7,0,0,7,9,,,0,,,,,,,,,,,,,,,
ESP-La Liga,2526,Celta Vigo,Marcos Alonso,ESP,DF,34,1990,32,31,2768,30.8,1,0,1,0,1,1,5,0,0.03,0.0,0.03,0.0,0.0,30.8,1,24,3,12.5,0.78,0.1,0.04,0.33,1,1,87,80.9,31,88,28,1,33,0,1.41,40,37,3,0.1,-0.18,0,23,20,0,19,30,24,,,0,,,,,,,,,,,,,,,
ESP-La Liga,2526,Celta Vigo,Matías Vecino,URU,MF,33,1991,6,2,135,1.5,0,0,0,0,0,0,0,0,0.0,0.0,0.0,0.0,0.0,1.5,0,2,0,0.0,1.33,0.0,0.0,,0,0,23,3.9,2,57,0,4,6,4,1.33,1,3,-2,-1.33,-1.53,0,4,0,0,1,4,6,,,0,,,,,,,,,,,,,,,
ESP-La Liga,2526,Celta Vigo,Miguel Román,ESP,MF,22,2002,19,14,1311,14.6,1,0,1,1,0,0,3,0,0.07,0.0,0.07,0.07,0.07,14.6,1,9,2,22.2,0.62,0.14,0.11,0.5,0,0,69,38.3,14,88,10,5,17,7,1.63,18,13,5,0.34,0.34,0,20,11,0,21,12,17,,,0,,,,,,,,,,,,,,,
ESP-La Liga,2526,Celta Vigo,Mihailo Ristić,SRB,"MF,DF",29,1995,5,4,253,2.8,0,0,0,0,0,0,0,0,0.0,0.0,0.0,0.0,0.0,2.8,0,1,0,0.0,0.36,0.0,0.0,,0,0,51,7.4,4,63,0,1,2,20,1.6,3,5,-2,-0.71,-0.91,0,0,2,0,2,2,0,,,0,,,,,,,,,,,,,,,
ESP-La Liga,2526,Celta Vigo,Pablo Durán,ESP,"FW,MF",24,2001,30,17,1425,15.8,2,2,4,2,0,0,1,0,0.13,0.13,0.25,0.13,0.25,15.8,2,37,15,40.5,2.34,0.95,0.05,0.13,0,0,48,41.7,17,66,2,13,23,4,1.37,16,23,-7,-0.44,-0.98,0,15,12,19,15,7,11,,,0,,,,,,,,,,,,,,,
ESP-La Liga,2526,Celta Vigo,Sergio Carreira,ESP,MF,24,2000,34,29,2694,29.9,2,1,3,2,0,0,2,0,0.07,0.03,0.1,0.07,0.1,29.9,2,16,7,43.8,0.53,0.23,0.13,0.29,0,0,79,78.8,29,89,26,5,23,3,1.47,42,40,2,0.07,-0.31,0,20,36,2,32,27,18,,,0,,,,,,,,,,,,,,,
ESP-La Liga,2526,Celta Vigo,Williot Swedberg,SWE,"FW,MF",21,2004,29,13,1270,14.1,5,5,10,5,0,0,2,0,0.35,0.35,0.71,0.35,0.71,14.1,5,23,12,52.2,1.63,0.85,0.22,0.42,0,0,44,37.1,13,63,0,16,28,2,1.45,19,16,3,0.21,0.13,0,30,34,6,8,4,17,,,0,,,,,,,,,,,,,,,
ESP-La Liga,2526,Celta Vigo,Yoel Lago,ESP,DF,21,2004,12,11,938,10.4,0,0,0,0,0,0,4,0,0.0,0.0,0.0,0.0,0.0,10.4,0,1,0,0.0,0.1,0.0,0.0,,0,0,78,27.4,11,85,8,1,3,17,1.25,12,15,-3,-0.29,-0.58,0,17,14,1,0,7,10,,,0,,,,,,,,,,,,,,,
ESP-La Liga,2526,Celta Vigo,Álvaro Núñez,ESP,"DF,MF",25,2000,6,5,328,3.6,0,0,0,0,0,0,0,0,0.0,0.0,0.0,0.0,0.0,3.6,0,2,1,50.0,0.55,0.27,0.0,0.0,0,0,55,9.6,5,63,0,1,15,7,1.17,7,6,1,0.27,0.16,0,2,5,0,1,1,1,,,0,,,,,,,,,,,,,,,
ESP-La Liga,2526,Celta Vigo,Óscar Mingueza,ESP,MF,26,1999,34,21,1968,21.9,1,4,5,1,0,0,4,0,0.05,0.18,0.23,0.05,0.23,21.9,1,14,5,35.7,0.64,0.23,0.07,0.2,0,0,58,57.5,21,78,9,13,25,4,1.44,37,26,11,0.5,0.87,0,15,28,1,68,9,20,,,0,,,,,,,,,,,,,,,
ESP-La Liga,2526,Elche,Adam Boayar,MAR,MF,19,2005,7,0,104,1.2,1,0,1,1,0,0,0,0,0.87,0.0,0.87,0.87,0.87,1.2,1,5,2,40.0,4.33,1.73,0.2,0.5,0,0,15,3.0,0,,0,7,15,16,0.57,4,5,-1,-0.87,-0.68,0,0,1,1,2,1,2,,,0,,,,,,,,,,,,,,,
ESP-La Liga,2526,Elche,Adrià Pedrosa,ESP,"DF,MF",27,1998,26,8,1090,12.1,1,1,2,1,0,0,4,0,0.08,0.08,0.17,0.08,0.17,12.1,1,12,3,25.0,0.99,0.25,0.08,0.33,0,0,42,31.9,8,82,3,18,24,7,1.04,17,27,-10,-0.83,-0.9,0,18,8,1,51,16,19,,,0,,,,,,,,,,,,,,,
ESP-La Liga,2526,Elche,Aleix Febas,ESP,MF,29,1996,36,36,3160,35.1,2,2,4,2,0,0,10,0,0.06,0.06,0.11,0.06,0.11,35.1,2,23,8,34.8,0.66,0.23,0.09,0.25,0,0,88,92.4,36,88,30,0,,0,1.11,45,52,-7,-0.2,0.15,0,34,118,1,22,27,46,,,0,,,,,,,,,,,,,,,
ESP-La Liga,2526,Elche,Ali Houary,MAR,MF,19,2005,2,2,123,1.4,0,0,0,0,0,0,0,0,0.0,0.0,0.0,0.0,0.0,1.4,0,2,0,0.0,1.46,0.0,0.0,,0,0,62,3.6,2,62,0,0,,8,1.0,1,2,-1,-0.73,-0.54,0,7,2,0,0,1,2,,,0,,,,,,,,,,,,,,,
ESP-La Liga,2526,Elche,André Silva,POR,FW,29,1995,31,22,1849,20.5,10,0,10,7,3,3,3,0,0.49,0.0,0.49,0.34,0.34,20.5,10,57,29,50.9,2.77,1.41,0.18,0.34,3,3,60,54.1,22,78,10,9,15,2,1.0,23,35,-12,-0.58,-0.81,0,24,34,6,3,4,8,,,0,,,,,,,,,,,,,,,
ESP-La Liga,2526,Elche,Bambo Diaby,SEN,DF,27,1997,4,1,102,1.1,0,0,0,0,0,0,1,0,0.0,0.0,0.0,0.0,0.0,1.1,0,0,0,,0.0,0.0,,,0,0,26,3.0,1,45,0,3,19,15,1.25,0,4,-4,-3.53,-3.42,0,3,3,0,0,1,0,,,0,,,,,,,,,,,,,,,
ESP-La Liga,2526,Elche,Buba Sangaré,ESP,"DF,MF",17,2007,12,8,538,6.0,0,0,0,0,0,0,3,0,0.0,0.0,0.0,0.0,0.0,6.0,0,2,0,0.0,0.33,0.0,0.0,,0,0,45,15.7,8,62,0,4,10,3,1.42,6,9,-3,-0.5,-0.35,0,23,7,0,12,8,12,,,0,,,,,,,,,,,,,,,
ESP-La Liga,2526,Elche,David Affengruber,AUT,DF,24,2001,36,33,2949,32.8,1,1,2,1,0,0,7,1,0.03,0.03,0.06,0.03,0.06,32.8,1,14,4,28.6,0.43,0.12,0.07,0.25,0,0,82,86.2,33,87,27,3,31,0,1.14,45,49,-4,-0.12,0.64,0,34,35,2,8,50,50,,,0,,,,,,,,,,,,,,,
ESP-La Liga,2526,Elche,Federico Redondo,ARG,MF,22,2003,11,1,179,2.0,0,0,0,0,0,0,0,1,0.0,0.0,0.0,0.0,0.0,2.0,0,1,0,0.0,0.5,0.0,0.0,,0,0,16,5.2,1,63,0,10,12,23,1.17,3,6,-3,-1.51,-1.37,0,8,5,0,0,5,2,,,0,,,,,,,,,,,,,,,
ESP-La Liga,2526,Elche,Germán Valera,ESP,"MF,DF",23,2002,36,33,2857,31.7,4,5,9,4,0,0,5,1,0.13,0.16,0.28,0.13,0.28,31.7,4,28,8,28.6,0.88,0.25,0.14,0.5,0,0,79,83.5,33,85,17,3,20,0,1.17,41,48,-7,-0.22,-0.06,0,40,70,4,104,23,40,,,0,,,,,,,,,,,,,,,
ESP-La Liga,2526,Elche,Gonzalo Villar,ESP,MF,27,1998,12,8,718,8.0,1,0,1,1,0,0,3,0,0.13,0.0,0.13,0.13,0.13,8.0,1,4,1,25.0,0.5,0.13,0.25,1.0,0,0,60,21.0,8,80,4,4,19,4,1.42,11,10,1,0.13,0.43,0,11,25,0,11,2,9,,,0,,,,,,,,,,,,,,,
ESP-La Liga,2526,Elche,Grady Diangana,COD,"MF,FW",27,1998,20,13,926,10.3,1,0,1,1,0,0,3,0,0.1,0.0,0.1,0.1,0.1,10.3,1,16,2,12.5,1.56,0.19,0.06,0.5,0,0,46,27.1,13,62,0,7,18,6,1.05,14,14,0,0.0,0.29,0,15,19,5,12,4,6,,,0,,,,,,,,,,,,,,,
ESP-La Liga,2526,Elche,Héctor Fort,ESP,"DF,MF",18,2006,14,7,482,5.4,2,2,4,2,0,0,0,0,0.37,0.37,0.75,0.37,0.75,5.4,2,12,5,41.7,2.24,0.93,0.17,0.4,0,0,34,14.1,7,56,0,7,13,3,1.29,9,6,3,0.56,0.9,0,5,1,2,8,5,3,,,0,,,,,,,,,,,,,,,
ESP-La Liga,2526,Elche,Iñaki Peña,ESP,GK,26,1999,16,16,1440,16.0,0,0,0,0,0,0,0,0,0.0,0.0,0.0,0.0,0.0,16.0,0,0,0,,0.0,0.0,,,0,0,90,42.1,16,90,16,0,,20,0.81,21,28,-7,-0.44,-0.39,0,0,1,0,0,0,0,,,0,28,1.75,83,55,66.3,3,4,9,4,25.0,2,2,0,0,0.0
ESP-La Liga,2526,Elche,Jairo Izquierdo,ESP,"DF,FW",31,1993,1,0,24,0.3,0,0,0,0,0,0,0,0,0.0,0.0,0.0,0.0,0.0,0.3,0,0,0,,0.0,0.0,,,0,0,24,0.7,0,,0,1,24,2,1.0,1,0,1,3.75,3.99,0,0,0,0,3,0,0,,,0,,,,,,,,,,,,,,,
ESP-La Liga,2526,Elche,John Donald,ESP,"DF,MF",24,2000,21,6,665,7.4,1,0,1,1,0,0,3,0,0.14,0.0,0.14,0.14,0.14,7.4,1,6,2,33.3,0.81,0.27,0.17,0.5,0,0,32,19.4,6,77,4,15,14,11,1.24,12,17,-5,-0.68,-0.58,0,17,6,0,0,8,12,,,0,,,,,,,,,,,,,,,
ESP-La Liga,2526,Elche,Josan,ESP,"MF,DF",35,1989,19,4,565,6.3,0,3,3,0,0,0,2,0,0.0,0.48,0.48,0.0,0.48,6.3,0,3,1,33.3,0.48,0.16,0.0,0.0,0,0,30,16.5,4,74,0,15,18,13,1.26,15,8,7,1.12,1.59,0,5,6,1,72,6,8,,,0,,,,,,,,,,,,,,,
ESP-La Liga,2526,Elche,Lucas Cepeda,CHI,MF,22,2002,10,4,402,4.5,1,0,1,1,0,0,1,0,0.22,0.0,0.22,0.22,0.22,4.5,1,13,5,38.5,2.91,1.12,0.08,0.2,0,0,40,11.8,4,76,1,6,16,7,1.1,5,8,-3,-0.67,-0.52,0,7,10,1,17,1,6,,,0,,,,,,,,,,,,,,,
ESP-La Liga,2526,Elche,Léo Pétrot,FRA,DF,28,1997,32,18,1572,17.5,0,0,0,0,0,0,2,1,0.0,0.0,0.0,0.0,0.0,17.5,0,8,0,0.0,0.46,0.0,0.0,,0,0,49,46.0,18,79,10,14,10,5,1.22,19,26,-7,-0.4,-0.35,0,19,6,2,16,17,22,,,0,,,,,,,,,,,,,,,
ESP-La Liga,2526,Elche,Marc Aguado,ESP,MF,25,2000,35,30,2500,27.8,1,2,3,1,0,0,3,0,0.04,0.07,0.11,0.04,0.11,27.8,1,3,2,66.7,0.11,0.07,0.33,0.5,0,0,71,73.1,30,80,9,5,21,0,1.03,32,38,-6,-0.22,-0.02,0,25,23,0,2,42,26,,,0,,,,,,,,,,,,,,,
ESP-La Liga,2526,Elche,Martim Neto,POR,MF,22,2003,25,15,1347,15.0,2,5,7,2,0,0,3,0,0.13,0.33,0.47,0.13,0.47,15.0,2,12,4,33.3,0.8,0.27,0.17,0.5,0,0,54,39.4,15,68,1,10,32,9,1.0,20,23,-3,-0.2,0.02,0,19,11,0,33,2,12,,,0,,,,,,,,,,,,,,,
ESP-La Liga,2526,Elche,Matías Dituro,ARG,GK,38,1987,22,22,1980,22.0,0,0,0,0,0,0,1,0,0.0,0.0,0.0,0.0,0.0,22.0,0,0,0,,0.0,0.0,,,0,0,90,57.9,22,90,22,0,,16,1.36,28,29,-1,-0.05,0.39,0,0,7,0,0,1,0,,,0,29,1.32,93,64,68.8,7,9,6,4,18.2,5,4,0,1,0.0
ESP-La Liga,2526,Elche,Mourad El Ghezouani,MAR,FW,27,1998,2,0,50,0.6,0,0,0,0,0,0,0,0,0.0,0.0,0.0,0.0,0.0,0.6,0,1,0,0.0,1.8,0.0,0.0,,0,0,25,1.5,0,,0,2,25,1,2.0,1,0,1,1.8,2.04,0,1,1,0,0,0,3,,,0,,,,,,,,,,,,,,,
ESP-La Liga,2526,Elche,Pedro Bigas,ESP,DF,34,1990,28,25,2063,22.9,1,3,4,1,0,0,5,1,0.04,0.13,0.17,0.04,0.17,22.9,1,10,3,30.0,0.44,0.13,0.1,0.33,0,0,74,60.3,25,81,15,3,15,6,1.29,30,30,0,0.0,0.53,1,24,19,0,26,30,22,,,0,,,,,,,,,,,,,,,
ESP-La Liga,2526,Elche,Rafa Mir,ESP,"FW,MF",28,1997,27,21,1803,20.0,8,0,8,7,1,2,4,0,0.4,0.0,0.4,0.35,0.35,20.0,8,69,36,52.2,3.44,1.8,0.12,0.22,1,2,67,52.7,21,80,7,6,21,3,1.22,30,24,6,0.3,1.08,0,39,16,7,19,4,7,,,0,,,,,,,,,,,,,,,
ESP-La Liga,2526,Elche,Rodrigo Mendoza,ESP,"MF,FW",20,2005,16,6,794,8.8,1,0,1,1,0,0,4,0,0.11,0.0,0.11,0.11,0.11,8.8,1,11,2,18.2,1.25,0.23,0.09,0.5,0,0,50,23.2,6,85,2,10,29,3,0.94,11,15,-4,-0.45,-0.32,0,19,16,2,17,5,9,,,0,,,,,,,,,,,,,,,
ESP-La Liga,2526,Elche,Tete Morente,ESP,MF,28,1996,13,11,929,10.3,1,1,2,1,0,0,1,0,0.1,0.1,0.19,0.1,0.19,10.3,1,8,1,12.5,0.78,0.1,0.13,1.0,0,0,71,27.2,11,79,5,2,28,3,1.46,9,13,-4,-0.39,-0.24,0,20,10,2,46,11,11,,,0,,,,,,,,,,,,,,,
ESP-La Liga,2526,Elche,Víctor Chust,ESP,DF,25,2000,31,22,2166,24.1,1,0,1,1,0,0,8,1,0.04,0.0,0.04,0.04,0.04,24.1,1,9,3,33.3,0.37,0.12,0.11,0.33,0,0,70,63.3,22,88,16,9,26,3,1.16,30,35,-5,-0.21,0.01,1,38,10,1,36,20,35,,,0,,,,,,,,,,,,,,,
ESP-La Liga,2526,Elche,Yago Santiago,ESP,MF,22,2003,9,3,281,3.1,0,0,0,0,0,0,1,0,0.0,0.0,0.0,0.0,0.0,3.1,0,2,0,0.0,0.64,0.0,0.0,,0,0,31,8.2,3,64,0,6,15,10,0.67,3,5,-2,-0.64,-0.47,0,3,2,1,6,1,1,,,0,,,,,,,,,,,,,,,
ESP-La Liga,2526,Elche,Álex Sánchez,ESP,FW,19,2006,1,0,6,0.1,0,1,1,0,0,0,0,0,0.0,15.0,15.0,0.0,15.0,0.1,0,0,0,,0.0,0.0,,,0,0,6,0.2,0,,0,1,6,2,0.0,1,1,0,0.0,0.21,0,0,0,0,0,0,1,,,0,,,,,,,,,,,,,,,
ESP-La Liga,2526,Elche,Álvaro Núñez,ESP,"DF,MF",25,2000,19,19,1647,18.3,0,2,2,0,0,0,2,0,0.0,0.11,0.11,0.0,0.11,18.3,0,4,0,0.0,0.22,0.0,0.0,,0,0,87,48.2,19,87,14,0,,0,1.21,23,20,3,0.16,0.72,0,12,17,2,60,15,15,,,0,,,,,,,,,,,,,,,
ESP-La Liga,2526,Elche,Álvaro Rodríguez,URU,FW,21,2004,34,24,2201,24.5,7,5,12,7,0,0,2,0,0.29,0.2,0.49,0.29,0.49,24.5,7,75,24,32.0,3.07,0.98,0.09,0.29,0,0,65,64.4,24,83,12,10,21,3,1.06,30,36,-6,-0.25,-0.1,0,37,49,18,10,4,14,,,0,,,,,,,,,,,,,,,
ESP-La Liga,2526,Espanyol,Antoniu,ESP,MF,22,2002,13,3,289,3.2,0,0,0,0,0,0,2,0,0.0,0.0,0.0,0.0,0.0,3.2,0,5,1,20.0,1.56,0.31,0.0,0.0,0,0,22,8.5,3,51,0,10,14,22,1.23,3,5,-2,-0.62,-0.34,0,10,8,0,6,2,4,,,0,,,,,,,,,,,,,,,
ESP-La Liga,2526,Espanyol,Carlos Romero,ESP,DF,23,2001,36,36,3191,35.5,6,3,9,6,0,0,4,0,0.17,0.08,0.25,0.17,0.25,35.5,6,42,12,28.6,1.18,0.34,0.14,0.5,0,0,89,93.3,36,89,32,0,,0,1.28,41,47,-6,-0.17,2.19,0,40,19,1,89,38,60,,,0,,,,,,,,,,,,,,,
ESP-La Liga,2526,Espanyol,Charles Pickel,COD,MF,28,1997,24,4,707,7.9,1,0,1,1,0,0,4,2,0.13,0.0,0.13,0.13,0.13,7.9,1,10,4,40.0,1.27,0.51,0.1,0.25,0,0,29,20.7,4,64,1,20,23,7,1.25,7,12,-5,-0.64,-0.4,1,14,2,0,2,6,6,,,0,,,,,,,,,,,,,,,
ESP-La Liga,2526,Espanyol,Clemens Riedel,GER,DF,22,2003,20,16,1396,15.5,0,1,1,0,0,0,5,0,0.0,0.06,0.06,0.0,0.06,15.5,0,3,1,33.3,0.19,0.06,0.0,0.0,0,0,70,40.8,16,82,11,4,20,14,1.2,21,22,-1,-0.06,0.42,0,23,8,2,3,11,14,,,0,,,,,,,,,,,,,,,
ESP-La Liga,2526,Espanyol,Cyril Ngonge,BEL,MF,25,2000,9,6,424,4.7,0,2,2,0,0,0,4,0,0.0,0.42,0.42,0.0,0.42,4.7,0,11,4,36.4,2.33,0.85,0.0,0.0,0,0,47,12.4,6,60,0,3,22,2,0.44,4,8,-4,-0.85,-0.61,0,9,12,5,26,4,3,,,0,,,,,,,,,,,,,,,
ESP-La Liga,2526,Espanyol,Edu Expósito,ESP,MF,28,1996,36,32,2523,28.0,1,6,7,1,0,0,9,0,0.04,0.21,0.25,0.04,0.25,28.0,1,44,13,29.5,1.57,0.46,0.02,0.08,0,0,70,73.8,32,76,9,4,26,1,1.17,32,36,-4,-0.14,0.66,0,28,42,2,254,24,29,,,0,,,,,,,,,,,,,,,
ESP-La Liga,2526,Espanyol,Fernando Calero,ESP,DF,29,1995,28,24,2148,23.9,0,0,0,0,0,0,5,0,0.0,0.0,0.0,0.0,0.0,23.9,0,12,1,8.3,0.5,0.04,0.0,0.0,0,0,77,62.8,24,85,18,4,26,6,1.29,20,33,-13,-0.54,-0.62,0,15,9,0,2,31,18,,,0,,,,,,,,,,,,,,,
ESP-La Liga,2526,Espanyol,Fortuño,ESP,GK,23,2001,1,1,90,1.0,0,0,0,0,0,0,0,0,0.0,0.0,0.0,0.0,0.0,1.0,0,0,0,,0.0,0.0,,,0,0,90,2.6,1,90,1,0,,37,1.0,1,1,0,0.0,0.32,0,0,0,0,0,0,0,,,0,1,1.0,3,2,66.7,0,1,0,0,0.0,0,0,0,0,
ESP-La Liga,2526,Espanyol,Javi Puado,ESP,"MF,FW",27,1998,10,8,674,7.5,2,0,2,1,1,2,2,0,0.27,0.0,0.27,0.13,0.13,7.5,2,15,9,60.0,2.0,1.2,0.13,0.22,1,2,67,19.7,8,83,3,2,7,0,1.3,10,13,-3,-0.4,-0.11,0,11,7,0,21,3,2,,,0,,,,,,,,,,,,,,,
ESP-La Liga,2526,Espanyol,Jofre,ESP,MF,24,2001,26,9,930,10.3,1,0,1,1,0,0,1,0,0.1,0.0,0.1,0.1,0.1,10.3,1,23,7,30.4,2.23,0.68,0.04,0.14,0,0,36,27.2,9,62,0,17,22,12,1.08,12,21,-9,-0.87,-0.76,0,13,27,2,35,6,6,,,0,,,,,,,,,,,,,,,
ESP-La Liga,2526,Espanyol,José Salinas,ESP,DF,24,2000,11,2,257,2.9,0,0,0,0,0,0,2,0,0.0,0.0,0.0,0.0,0.0,2.9,0,1,0,0.0,0.35,0.0,0.0,,0,0,23,7.5,2,90,2,9,9,27,1.55,2,9,-7,-2.45,-2.31,0,8,4,0,7,3,2,,,1,,,,,,,,,,,,,,,
ESP-La Liga,2526,Espanyol,Kiké,ESP,FW,35,1989,37,17,1734,19.3,8,1,9,7,1,2,3,0,0.42,0.05,0.47,0.36,0.42,19.3,8,60,27,45.0,3.11,1.4,0.13,0.3,1,2,47,50.7,17,75,5,20,23,1,1.16,28,26,2,0.1,0.85,0,33,44,26,17,4,8,,,0,,,,,,,,,,,,,,,
ESP-La Liga,2526,Espanyol,Leandro Cabrera,URU,DF,34,1991,37,37,3330,37.0,3,0,3,3,0,0,4,0,0.08,0.0,0.08,0.08,0.08,37.0,3,40,12,30.0,1.08,0.32,0.08,0.25,0,0,90,97.4,37,90,37,0,,0,1.22,43,55,-12,-0.32,-0.32,0,38,9,1,20,23,23,,,0,,,,,,,,,,,,,,,
ESP-La Liga,2526,Espanyol,Lluc Castell,ESP,FW,18,2006,1,0,19,0.2,0,0,0,0,0,0,0,0,0.0,0.0,0.0,0.0,0.0,0.2,0,0,0,,0.0,0.0,,,0,0,19,0.6,0,,0,1,19,6,1.0,0,0,0,0.0,0.32,0,1,1,0,0,0,0,,,0,,,,,,,,,,,,,,,
ESP-La Liga,2526,Espanyol,Luca Koleosho,ITA,MF,20,2004,3,0,63,0.7,0,0,0,0,0,0,0,0,0.0,0.0,0.0,0.0,0.0,0.7,0,1,0,0.0,1.43,0.0,0.0,,0,0,21,1.8,0,,0,3,21,12,1.0,0,0,0,0.0,0.32,0,3,0,0,5,1,1,,,0,,,,,,,,,,,,,,,
ESP-La Liga,2526,Espanyol,Marko Dmitrović,SRB,GK,33,1992,37,37,3330,37.0,0,0,0,0,0,0,0,0,0.0,0.0,0.0,0.0,0.0,37.0,0,0,0,,0.0,0.0,,,0,0,90,97.4,37,90,37,0,,1,1.22,42,54,-12,-0.32,-0.32,0,0,5,0,0,0,2,,,0,54,1.46,187,133,71.1,12,9,16,10,27.0,5,5,0,0,0.0
ESP-La Liga,2526,Espanyol,Miguel Ángel Rubio,ESP,DF,27,1998,12,1,206,2.3,1,0,1,1,0,0,0,0,0.44,0.0,0.44,0.44,0.44,2.3,1,2,1,50.0,0.87,0.44,0.5,1.0,0,0,17,6.0,1,90,1,11,11,26,1.17,4,5,-1,-0.44,-0.13,0,1,1,0,0,1,1,,,0,,,,,,,,,,,,,,,
ESP-La Liga,2526,Espanyol,Omar El Hilali,MAR,DF,21,2003,36,32,2826,31.4,0,2,2,0,0,0,9,0,0.0,0.06,0.06,0.0,0.06,31.4,0,1,0,0.0,0.03,0.0,0.0,,0,0,79,82.6,32,87,26,4,13,1,1.28,34,46,-12,-0.38,-0.38,0,44,24,3,57,39,55,,,0,,,,,,,,,,,,,,,
ESP-La Liga,2526,Espanyol,Pere Milla,ESP,"MF,FW",32,1992,33,24,1973,21.9,7,1,8,7,0,0,6,1,0.32,0.05,0.36,0.32,0.36,21.9,7,59,21,35.6,2.69,0.96,0.12,0.33,0,0,60,57.7,24,73,1,9,26,2,1.33,27,23,4,0.18,1.18,0,24,38,10,36,18,24,,,0,,,,,,,,,,,,,,,
ESP-La Liga,2526,Espanyol,Pol Lozano,ESP,MF,25,1999,33,28,2157,24.0,2,1,3,2,0,0,12,1,0.08,0.04,0.13,0.08,0.13,24.0,2,17,5,29.4,0.71,0.21,0.12,0.4,0,0,65,63.1,28,74,10,5,15,2,1.33,30,36,-6,-0.25,0.18,1,64,29,0,29,23,19,,,0,,,,,,,,,,,,,,,
ESP-La Liga,2526,Espanyol,Ramón Terrats,ESP,MF,24,2000,29,12,1030,11.4,1,2,3,1,0,0,0,0,0.09,0.17,0.26,0.09,0.26,11.4,1,15,3,20.0,1.31,0.26,0.07,0.33,0,0,36,30.1,12,63,0,17,16,5,1.03,10,21,-11,-0.96,-0.92,0,15,22,1,30,11,13,,,0,,,,,,,,,,,,,,,
ESP-La Liga,2526,Espanyol,Roberto Férnandez,ESP,FW,23,2002,38,25,2382,26.5,7,3,10,6,1,1,3,0,0.26,0.11,0.38,0.23,0.34,26.5,7,59,23,39.0,2.23,0.87,0.12,0.3,1,1,63,69.6,25,80,10,13,30,0,1.21,27,35,-8,-0.3,0.04,0,40,47,9,9,6,5,,,0,,,,,,,,,,,,,,,
ESP-La Liga,2526,Espanyol,Rubén,ESP,"DF,MF",24,2001,21,8,812,9.0,0,1,1,0,0,0,2,0,0.0,0.11,0.11,0.0,0.11,9.0,0,8,1,12.5,0.89,0.11,0.0,0.0,0,0,39,23.7,8,74,2,13,17,17,1.29,10,10,0,0.0,0.41,0,11,12,2,36,10,10,,,0,,,,,,,,,,,,,,,
ESP-La Liga,2526,Espanyol,Tyrhys Dolan,ENG,MF,23,2001,36,28,2415,26.8,2,5,7,2,0,0,7,1,0.07,0.19,0.26,0.07,0.26,26.8,2,34,12,35.3,1.27,0.45,0.06,0.17,0,0,67,70.6,28,76,3,8,36,0,1.11,32,39,-7,-0.26,0.19,1,37,46,5,105,15,35,,,0,,,,,,,,,,,,,,,
ESP-La Liga,2526,Espanyol,Urko González,ESP,MF,24,2001,35,28,2623,29.1,0,1,1,0,0,0,7,0,0.0,0.03,0.03,0.0,0.03,29.1,0,18,1,5.6,0.62,0.03,0.0,0.0,0,0,75,76.7,28,88,23,7,22,0,1.2,32,45,-13,-0.45,-0.56,0,42,42,1,12,29,33,,,0,,,,,,,,,,,,,,,
ESP-La Liga,2526,Getafe,Abdel Abqar,MAR,DF,26,1999,23,17,1437,16.0,0,2,2,0,0,0,10,1,0.0,0.13,0.13,0.0,0.13,16.0,0,7,1,14.3,0.44,0.06,0.0,0.0,0,0,62,42.0,17,75,7,6,26,0,1.17,15,14,1,0.06,0.38,0,30,36,1,2,20,17,,,0,,,,,,,,,,,,,,,
ESP-La Liga,2526,Getafe,Abu Kamara,ENG,MF,22,2003,12,1,256,2.8,0,0,0,0,0,0,1,0,0.0,0.0,0.0,0.0,0.0,2.8,0,4,1,25.0,1.41,0.35,0.0,0.0,0,0,21,7.5,1,45,0,11,19,10,0.83,0,3,-3,-1.05,-0.97,0,2,4,2,9,3,2,,,0,,,,,,,,,,,,,,,
ESP-La Liga,2526,Getafe,Adrián Liso,ESP,"FW,MF",20,2005,28,21,1702,18.9,3,0,3,3,0,0,5,1,0.16,0.0,0.16,0.16,0.16,18.9,3,26,10,38.5,1.37,0.53,0.12,0.3,0,0,61,49.8,21,75,4,7,18,6,1.36,13,18,-5,-0.26,-0.21,1,39,43,16,42,4,22,,,0,,,,,,,,,,,,,,,
ESP-La Liga,2526,Getafe,Alejandro Mestanza,ESP,MF,20,2004,3,1,71,0.8,0,0,0,0,0,0,0,0,0.0,0.0,0.0,0.0,0.0,0.8,0,1,0,0.0,1.27,0.0,0.0,,0,0,24,2.1,1,56,0,2,8,0,0.33,1,1,0,0.0,0.16,0,1,2,1,4,0,1,,,0,,,,,,,,,,,,,,,
ESP-La Liga,2526,Getafe,Alex Sola,ESP,"DF,FW",26,1999,1,0,13,0.1,0,0,0,0,0,0,0,0,0.0,0.0,0.0,0.0,0.0,0.1,0,0,0,,0.0,0.0,,,0,0,13,0.4,0,,0,1,13,2,3.0,0,0,0,0.0,0.16,0,0,2,0,0,0,0,,,0,,,,,,,,,,,,,,,
ESP-La Liga,2526,Getafe,Allan Nyom,CMR,DF,37,1988,15,7,523,5.8,0,1,1,0,0,0,6,1,0.0,0.17,0.17,0.0,0.17,5.8,0,3,1,33.3,0.52,0.17,0.0,0.0,0,0,35,15.3,7,68,2,8,6,15,1.63,8,8,0,0.0,0.19,0,13,8,1,8,1,6,,,0,,,,,,,,,,,,,,,
ESP-La Liga,2526,Getafe,Borja Mayoral,ESP,FW,28,1997,16,12,1058,11.8,4,1,5,4,0,1,0,0,0.34,0.09,0.43,0.34,0.43,11.8,4,15,7,46.7,1.28,0.6,0.27,0.57,0,1,66,30.9,12,81,6,4,21,5,0.94,9,15,-6,-0.51,-0.51,0,6,7,11,6,4,5,,,0,,,,,,,,,,,,,,,
ESP-La Liga,2526,Getafe,Christantus Uche,NGA,FW,22,2003,3,3,270,3.0,1,1,2,1,0,0,1,0,0.33,0.33,0.67,0.33,0.67,3.0,1,6,1,16.7,2.0,0.33,0.17,1.0,0,0,90,7.9,3,90,3,0,,0,2.0,4,4,0,0.0,0.17,0,10,8,1,1,0,2,,,0,,,,,,,,,,,,,,,
ESP-La Liga,2526,Getafe,Coba da Costa,ESP,MF,23,2002,14,2,348,3.9,0,0,0,0,0,0,1,0,0.0,0.0,0.0,0.0,0.0,3.9,0,5,1,20.0,1.29,0.26,0.0,0.0,0,0,25,10.2,2,56,0,12,20,7,0.86,2,3,-1,-0.26,-0.11,0,7,6,2,23,0,6,,,0,,,,,,,,,,,,,,,
ESP-La Liga,2526,Getafe,Damián,ESP,MF,22,2003,3,2,151,1.7,0,0,0,0,0,0,0,0,0.0,0.0,0.0,0.0,0.0,1.7,0,0,0,,0.0,0.0,,,0,0,50,4.4,2,71,1,1,9,2,2.0,3,2,1,0.6,0.79,0,4,0,0,0,3,4,,,0,,,,,,,,,,,,,,,
ESP-La Liga,2526,Getafe,David Soria,ESP,GK,32,1993,38,38,3420,38.0,0,0,0,0,0,0,2,0,0.0,0.0,0.0,0.0,0.0,38.0,0,0,0,,0.0,0.0,,,0,0,90,100.0,38,90,38,0,,0,1.34,32,38,-6,-0.16,,0,0,3,0,0,0,0,,,0,38,1.0,154,115,75.3,15,6,17,12,31.6,4,1,2,1,66.7
ESP-La Liga,2526,Getafe,Davinchi,ESP,DF,17,2007,14,7,700,7.8,0,0,0,0,0,0,2,0,0.0,0.0,0.0,0.0,0.0,7.8,0,4,2,50.0,0.51,0.26,0.0,0.0,0,0,50,20.5,7,73,3,7,27,3,1.29,5,10,-5,-0.64,-0.61,0,27,2,0,20,7,17,,,0,,,,,,,,,,,,,,,
ESP-La Liga,2526,Getafe,Diego Rico,ESP,DF,32,1993,28,18,1758,19.5,0,0,0,0,0,0,4,0,0.0,0.0,0.0,0.0,0.0,19.5,0,11,1,9.1,0.56,0.05,0.0,0.0,0,0,63,51.4,18,86,15,10,21,9,1.41,17,23,-6,-0.31,-0.31,0,22,35,1,66,33,29,,,0,,,,,,,,,,,,,,,
ESP-La Liga,2526,Getafe,Djené,TOG,"DF,MF",33,1991,34,32,2578,28.6,0,0,0,0,0,0,10,2,0.0,0.0,0.0,0.0,0.0,28.6,0,4,0,0.0,0.14,0.0,0.0,,0,0,76,75.4,32,79,21,2,30,0,1.32,24,29,-5,-0.17,-0.07,0,35,26,0,11,38,24,,,0,,,,,,,,,,,,,,,
ESP-La Liga,2526,Getafe,Domingos Duarte,POR,DF,30,1995,34,34,2923,32.5,1,1,2,1,0,0,11,0,0.03,0.03,0.06,0.03,0.06,32.5,1,13,4,30.8,0.4,0.12,0.08,0.25,0,0,86,85.5,34,86,27,0,,1,1.29,26,35,-9,-0.28,-0.82,0,32,24,3,0,33,18,,,1,,,,,,,,,,,,,,,
ESP-La Liga,2526,Getafe,Hugo Solozabal,ESP,MF,22,2003,1,0,11,0.1,0,0,0,0,0,0,0,0,0.0,0.0,0.0,0.0,0.0,0.1,0,0,0,,0.0,0.0,,,0,0,11,0.3,0,,0,1,11,7,0.0,0,0,0,0.0,0.16,0,0,0,0,0,0,0,,,0,,,,,,,,,,,,,,,
ESP-La Liga,2526,Getafe,Iglesias,ESP,DF,27,1998,37,36,3185,35.4,1,2,3,1,0,0,4,0,0.03,0.06,0.08,0.03,0.08,35.4,1,26,5,19.2,0.73,0.14,0.04,0.2,0,0,86,93.1,36,88,31,1,24,1,1.38,28,34,-6,-0.17,-0.17,0,63,70,1,108,28,72,,,1,,,,,,,,,,,,,,,
ESP-La Liga,2526,Getafe,Ismael Bekhoucha,MAR,DF,20,2004,4,1,122,1.4,0,1,1,0,0,0,2,0,0.0,0.74,0.74,0.0,0.74,1.4,0,1,0,0.0,0.74,0.0,0.0,,0,0,31,3.6,1,90,1,3,11,8,2.25,3,1,2,1.48,1.69,0,7,3,0,4,2,5,,,0,,,,,,,,,,,,,,,
ESP-La Liga,2526,Getafe,Javier Muñoz,ESP,"MF,FW",30,1995,17,4,551,6.1,0,0,0,0,0,0,0,0,0.0,0.0,0.0,0.0,0.0,6.1,0,13,6,46.2,2.12,0.98,0.0,0.0,0,0,32,16.1,4,80,0,13,18,17,1.0,2,7,-5,-0.82,-0.79,0,9,2,0,11,6,5,,,0,,,,,,,,,,,,,,,
ESP-La Liga,2526,Getafe,Jorge Montes,ESP,DF,21,2004,1,0,27,0.3,0,0,0,0,0,0,0,0,0.0,0.0,0.0,0.0,0.0,0.3,0,0,0,,0.0,0.0,,,0,0,27,0.8,0,,0,1,27,16,0.0,1,1,0,0.0,0.16,0,1,0,0,2,0,2,,,0,,,,,,,,,,,,,,,
ESP-La Liga,2526,Getafe,Joselu Pérez,ESP,DF,21,2004,2,0,22,0.2,0,0,0,0,0,0,0,0,0.0,0.0,0.0,0.0,0.0,0.2,0,1,0,0.0,4.09,0.0,0.0,,0,0,11,0.6,0,,0,2,11,11,0.5,2,1,1,4.09,4.28,0,1,2,0,0,0,0,,,0,,,,,,,,,,,,,,,
ESP-La Liga,2526,Getafe,Juanmi,ESP,"FW,MF",32,1993,8,0,179,2.0,1,0,1,1,0,0,0,0,0.5,0.0,0.5,0.5,0.5,2.0,1,2,1,50.0,1.01,0.5,0.5,1.0,0,0,22,5.2,0,,0,8,22,8,0.13,2,4,-2,-1.01,-0.89,0,2,1,3,0,0,0,,,0,,,,,,,,,,,,,,,
ESP-La Liga,2526,Getafe,Kiko Femenía,ESP,"DF,MF",34,1991,28,25,2008,22.3,1,1,2,1,0,0,6,0,0.04,0.04,0.09,0.04,0.09,22.3,1,8,3,37.5,0.36,0.13,0.13,0.33,0,0,72,58.7,25,76,8,3,35,1,1.25,20,24,-4,-0.18,-0.05,0,21,11,5,43,36,24,,,0,,,,,,,,,,,,,,,
ESP-La Liga,2526,Getafe,Luis Milla,ESP,MF,30,1994,37,37,3271,36.3,1,10,11,1,0,0,5,1,0.03,0.28,0.3,0.03,0.3,36.3,1,27,4,14.8,0.74,0.11,0.04,0.25,0,0,88,95.6,37,88,31,0,,0,1.38,32,35,-3,-0.08,1.73,0,32,43,3,225,42,33,,,0,,,,,,,,,,,,,,,
ESP-La Liga,2526,Getafe,Luis Vázquez,ARG,FW,24,2001,17,14,1194,13.3,3,1,4,3,0,0,2,0,0.23,0.08,0.3,0.23,0.3,13.3,3,25,9,36.0,1.88,0.68,0.12,0.33,0,0,70,34.9,14,77,2,3,37,1,1.59,12,7,5,0.38,0.82,0,21,32,17,2,4,3,,,0,,,,,,,,,,,,,,,
ESP-La Liga,2526,Getafe,Mario Martín,ESP,"MF,FW",21,2004,35,26,2125,23.6,2,1,3,2,0,0,11,0,0.08,0.04,0.13,0.08,0.13,23.6,2,26,6,23.1,1.1,0.25,0.08,0.33,0,0,61,62.1,26,71,6,9,32,0,1.29,19,27,-8,-0.34,-0.48,0,71,34,4,13,16,32,,,0,,,,,,,,,,,,,,,
ESP-La Liga,2526,Getafe,Martin Satriano,URU,"FW,MF",24,2001,18,18,1603,17.8,6,1,7,6,0,0,5,0,0.34,0.06,0.39,0.34,0.39,17.8,6,35,14,40.0,1.97,0.79,0.17,0.43,0,0,89,46.9,18,89,14,0,,0,1.5,16,13,3,0.17,0.61,0,21,31,4,21,9,13,,,0,,,,,,,,,,,,,,,
ESP-La Liga,2526,Getafe,Mauro Arambarri,URU,MF,29,1995,37,37,3249,36.1,6,2,8,4,2,3,6,0,0.17,0.06,0.22,0.11,0.17,36.1,6,58,19,32.8,1.61,0.53,0.1,0.32,2,3,88,95.0,37,88,31,0,,0,1.38,32,37,-5,-0.14,0.39,0,60,67,4,19,21,43,,,0,,,,,,,,,,,,,,,
ESP-La Liga,2526,Getafe,Sebastián Boselli,URU,DF,21,2003,11,4,380,4.2,0,0,0,0,0,0,4,0,0.0,0.0,0.0,0.0,0.0,4.2,0,4,1,25.0,0.95,0.24,0.0,0.0,0,0,35,11.1,4,79,3,7,9,6,2.0,4,2,2,0.47,0.71,0,6,0,0,8,0,13,,,0,,,,,,,,,,,,,,,
ESP-La Liga,2526,Getafe,Veljko Birmančević,SRB,FW,27,1998,6,1,142,1.6,0,0,0,0,0,0,0,0,0.0,0.0,0.0,0.0,0.0,1.6,0,2,1,50.0,1.27,0.63,0.0,0.0,0,0,24,4.2,1,45,0,5,19,10,0.5,1,2,-1,-0.63,-0.5,0,3,3,3,2,2,0,,,0,,,,,,,,,,,,,,,
ESP-La Liga,2526,Getafe,Yvan Neyou,CMR,MF,28,1997,5,0,67,0.7,0,0,0,0,0,0,2,0,0.0,0.0,0.0,0.0,0.0,0.7,0,0,0,,0.0,0.0,,,0,0,13,2.0,0,,0,5,13,10,2.0,0,2,-2,-2.69,-2.58,0,4,2,0,0,0,0,,,0,,,,,,,,,,,,,,,
ESP-La Liga,2526,Getafe,Zaid Romero,ARG,DF,25,1999,15,15,1349,15.0,1,0,1,1,0,0,5,1,0.07,0.0,0.07,0.07,0.07,15.0,1,10,2,20.0,0.67,0.13,0.1,0.5,0,0,90,39.4,15,90,14,0,,0,1.8,16,8,8,0.53,1.14,1,11,12,0,4,28,23,,,0,,,,,,,,,,,,,,,
ESP-La Liga,2526,Getafe,Álex Sancris,ESP,"MF,FW",28,1997,18,5,708,7.9,0,1,1,0,0,0,4,1,0.0,0.13,0.13,0.0,0.13,7.9,0,13,5,38.5,1.65,0.64,0.0,0.0,0,0,39,20.7,5,73,0,13,26,15,0.61,7,9,-2,-0.25,-0.12,1,16,12,8,59,2,5,,,0,,,,,,,,,,,,,,,
ESP-La Liga,2526,Girona,Abel Ruiz,ESP,FW,25,2000,9,0,187,2.1,0,0,0,0,0,0,0,0,0.0,0.0,0.0,0.0,0.0,2.1,0,5,1,20.0,2.41,0.48,0.0,0.0,0,0,21,5.5,0,,0,9,21,11,1.44,3,0,3,1.44,1.97,0,2,1,1,2,1,1,,,0,,,,,,,,,,,,,,,
ESP-La Liga,2526,Girona,Alejandro Francés,ESP,DF,22,2002,24,11,1116,12.4,0,2,2,0,0,0,2,1,0.0,0.16,0.16,0.0,0.16,12.4,0,16,4,25.0,1.29,0.32,0.0,0.0,0,0,47,32.6,11,78,6,13,20,9,1.33,13,19,-6,-0.48,-0.09,0,15,23,1,24,16,15,,,0,,,,,,,,,,,,,,,
ESP-La Liga,2526,Girona,Arnau Martinez,ESP,"DF,MF",22,2003,35,33,2666,29.6,2,3,5,2,0,0,6,0,0.07,0.1,0.17,0.07,0.17,29.6,2,19,4,21.1,0.64,0.14,0.11,0.5,0,0,76,78.0,33,80,18,2,14,2,1.14,34,35,-1,-0.03,1.76,0,24,30,3,50,37,39,,,0,,,,,,,,,,,,,,,
ESP-La Liga,2526,Girona,Axel Witsel,BEL,MF,36,1989,32,30,2526,28.1,1,2,3,1,0,0,2,1,0.04,0.07,0.11,0.04,0.11,28.1,1,20,5,25.0,0.71,0.18,0.05,0.2,0,0,79,73.9,30,82,21,2,28,1,1.03,31,41,-10,-0.36,0.25,1,34,37,1,1,30,24,,,0,,,,,,,,,,,,,,,
ESP-La Liga,2526,Girona,Azzedine Ounahi,MAR,MF,25,2000,24,20,1760,19.6,5,2,7,4,1,1,6,0,0.26,0.1,0.36,0.2,0.31,19.6,5,51,19,37.3,2.61,0.97,0.1,0.26,1,1,73,51.5,20,83,10,4,28,0,1.0,22,23,-1,-0.05,0.76,0,18,63,1,41,16,15,,,0,,,,,,,,,,,,,,,
ESP-La Liga,2526,Girona,Bojan Miovski,MKD,FW,26,1999,1,1,44,0.5,0,0,0,0,0,0,0,0,0.0,0.0,0.0,0.0,0.0,0.5,0,0,0,,0.0,0.0,,,0,0,44,1.3,1,44,0,0,,0,0.0,0,3,-3,-6.14,-5.79,0,0,0,0,0,0,0,,,0,,,,,,,,,,,,,,,
ESP-La Liga,2526,Girona,Bryan Gil,ESP,"MF,FW",24,2001,29,20,1578,17.5,0,3,3,0,0,0,6,0,0.0,0.17,0.17,0.0,0.17,17.5,0,27,7,25.9,1.54,0.4,0.0,0.0,0,0,54,46.1,20,69,1,9,23,2,1.14,19,21,-2,-0.11,0.57,0,20,37,6,52,9,18,,,0,,,,,,,,,,,,,,,
ESP-La Liga,2526,Girona,Claudio Echeverri,ARG,"FW,MF",19,2006,17,5,624,6.9,1,1,2,1,0,0,4,0,0.14,0.14,0.29,0.14,0.29,6.9,1,21,7,33.3,3.03,1.01,0.05,0.14,0,0,37,18.2,5,63,0,12,26,1,0.82,9,12,-3,-0.43,-0.01,0,8,14,1,15,1,6,,,0,,,,,,,,,,,,,,,
ESP-La Liga,2526,Girona,Cristhian Stuani,URU,FW,38,1986,21,1,412,4.6,5,0,5,2,3,4,4,0,1.09,0.0,1.09,0.44,0.44,4.6,5,19,12,63.2,4.15,2.62,0.26,0.42,3,4,20,12.0,1,63,0,20,17,5,0.9,6,8,-2,-0.44,-0.02,0,12,11,6,0,1,4,,,0,,,,,,,,,,,,,,,
ESP-La Liga,2526,Girona,Daley Blind,NED,DF,35,1990,31,30,2606,29.0,0,0,0,0,0,0,1,0,0.0,0.0,0.0,0.0,0.0,29.0,0,5,1,20.0,0.17,0.03,0.0,0.0,0,0,84,76.2,30,86,25,1,27,3,1.13,30,45,-15,-0.52,-0.41,0,19,20,0,13,38,34,,,0,,,,,,,,,,,,,,,
ESP-La Liga,2526,Girona,David López,ESP,DF,35,1989,6,3,293,3.3,0,0,0,0,0,0,0,0,0.0,0.0,0.0,0.0,0.0,3.3,0,1,1,100.0,0.31,0.31,0.0,0.0,0,0,49,8.6,3,76,1,3,21,18,0.67,2,7,-5,-1.54,-1.22,0,2,2,1,0,0,2,,,0,,,,,,,,,,,,,,,
ESP-La Liga,2526,Girona,Dawda Camara,MTN,FW,22,2002,2,1,72,0.8,0,0,0,0,0,0,0,0,0.0,0.0,0.0,0.0,0.0,0.8,0,2,1,50.0,2.5,1.25,0.0,0.0,0,0,36,2.1,1,45,0,1,27,0,0.0,0,4,-4,-5.0,-4.68,0,2,0,0,0,1,0,,,0,,,,,,,,,,,,,,,
ESP-La Liga,2526,Girona,Donny van de Beek,NED,MF,28,1997,2,1,41,0.5,0,0,0,0,0,0,0,0,0.0,0.0,0.0,0.0,0.0,0.5,0,2,1,50.0,4.39,2.2,0.0,0.0,0,0,21,1.2,1,32,0,1,9,3,1.0,1,1,0,0.0,0.43,0,0,0,1,0,0,0,,,0,,,,,,,,,,,,,,,
ESP-La Liga,2526,Girona,Fran Beltrán,ESP,MF,26,1999,17,11,1012,11.2,1,0,1,1,0,0,3,0,0.09,0.0,0.09,0.09,0.09,11.2,1,10,3,30.0,0.89,0.27,0.1,0.33,0,0,60,29.6,11,77,3,6,27,1,1.0,9,10,-1,-0.09,0.47,0,10,9,0,8,11,14,,,0,,,,,,,,,,,,,,,
ESP-La Liga,2526,Girona,Hugo Rincón,ESP,DF,22,2003,33,16,1750,19.4,1,1,2,1,0,0,4,0,0.05,0.05,0.1,0.05,0.1,19.4,1,7,2,28.6,0.36,0.1,0.14,0.5,0,0,53,51.2,16,83,9,17,25,5,1.0,22,28,-6,-0.31,0.23,0,32,53,1,35,5,33,,,0,,,,,,,,,,,,,,,
ESP-La Liga,2526,Girona,Iván Martín,ESP,MF,26,1999,35,29,2532,28.1,0,1,1,0,0,0,5,1,0.0,0.04,0.04,0.0,0.04,28.1,0,13,5,38.5,0.46,0.18,0.0,0.0,0,0,72,74.0,29,83,15,6,22,2,1.17,29,36,-7,-0.25,0.66,1,30,31,3,15,17,39,,,0,,,,,,,,,,,,,,,
ESP-La Liga,2526,Girona,Jhon Solis,COL,MF,20,2004,12,3,380,4.2,0,0,0,0,0,0,0,0,0.0,0.0,0.0,0.0,0.0,4.2,0,3,2,66.7,0.71,0.47,0.0,0.0,0,0,32,11.1,3,78,1,9,16,5,0.75,2,14,-12,-2.84,-2.72,0,2,7,0,0,4,3,,,0,,,,,,,,,,,,,,,
ESP-La Liga,2526,Girona,Joel Roca,ESP,"MF,FW",20,2005,32,16,1473,16.4,3,1,4,3,0,0,4,1,0.18,0.06,0.24,0.18,0.24,16.4,3,48,16,33.3,2.93,0.98,0.06,0.19,0,0,46,43.1,16,70,5,16,22,2,1.06,17,26,-9,-0.55,-0.23,0,13,45,4,33,2,11,,,0,,,,,,,,,,,,,,,
ESP-La Liga,2526,Girona,Juan Arango,VEN,MF,19,2006,2,0,18,0.2,0,0,0,0,0,0,1,0,0.0,0.0,0.0,0.0,0.0,0.2,0,0,0,,0.0,0.0,,,0,0,9,0.5,0,,0,2,9,6,0.5,1,0,1,5.0,5.45,0,1,0,0,0,0,0,,,0,,,,,,,,,,,,,,,
ESP-La Liga,2526,Girona,Ladislav Krejčí,CZE,DF,26,1999,2,2,180,2.0,0,0,0,0,0,0,1,0,0.0,0.0,0.0,0.0,0.0,2.0,0,1,0,0.0,0.5,0.0,0.0,,0,0,90,5.3,2,90,2,0,,0,0.0,1,8,-7,-3.5,-3.25,0,2,0,0,0,1,0,,,0,,,,,,,,,,,,,,,
ESP-La Liga,2526,Girona,Lancinet Kourouma,GUI,FW,21,2004,5,0,43,0.5,0,0,0,0,0,0,0,1,0.0,0.0,0.0,0.0,0.0,0.5,0,0,0,,0.0,0.0,,,0,0,9,1.3,0,,0,5,9,16,1.6,0,1,-1,-2.09,-1.69,0,2,1,0,0,1,0,,,0,,,,,,,,,,,,,,,
ESP-La Liga,2526,Girona,Marc-André ter Stegen,GER,GK,33,1992,2,2,180,2.0,0,0,0,0,0,0,0,0,0.0,0.0,0.0,0.0,0.0,2.0,0,0,0,,0.0,0.0,,,0,0,90,5.3,2,90,2,0,,0,0.5,1,2,-1,-0.5,-0.08,0,0,0,0,0,0,0,,,0,2,1.0,6,4,66.7,0,1,1,0,0.0,0,0,0,0,
ESP-La Liga,2526,Girona,Paulo Gazzaniga,ARG,GK,33,1992,35,35,3102,34.5,0,0,0,0,0,0,4,1,0.0,0.0,0.0,0.0,0.0,34.5,0,0,0,,0.0,0.0,,,0,0,89,90.7,35,89,34,0,,2,1.14,37,47,-10,-0.29,1.41,0,1,5,0,0,0,1,,,0,47,1.36,162,115,71.0,9,13,13,6,17.1,5,4,0,1,0.0
ESP-La Liga,2526,Girona,Portu,ESP,"FW,MF",33,1992,10,4,474,5.3,0,0,0,0,0,0,2,0,0.0,0.0,0.0,0.0,0.0,5.3,0,9,5,55.6,1.71,0.95,0.0,0.0,0,0,47,13.9,4,64,0,6,36,2,0.7,6,11,-5,-0.95,-0.61,0,6,4,3,18,2,1,,,0,,,,,,,,,,,,,,,
ESP-La Liga,2526,Girona,Thomas Lemar,FRA,MF,29,1995,27,14,1258,14.0,3,1,4,3,0,0,4,0,0.21,0.07,0.29,0.21,0.29,14.0,3,17,8,47.1,1.22,0.57,0.18,0.38,0,0,47,36.8,14,69,1,13,22,2,1.0,15,16,-1,-0.07,0.55,0,19,20,0,56,5,15,,,0,,,,,,,,,,,,,,,
ESP-La Liga,2526,Girona,Viktor Tsyhankov,UKR,"MF,FW",27,1997,32,31,2630,29.2,6,5,11,6,0,0,3,0,0.21,0.17,0.38,0.21,0.38,29.2,6,51,21,41.2,1.75,0.72,0.12,0.29,0,0,82,76.9,31,84,18,1,28,0,1.09,29,39,-10,-0.34,0.34,0,22,35,5,120,21,22,,,0,,,,,,,,,,,,,,,
ESP-La Liga,2526,Girona,Vitor Reis,BRA,DF,19,2006,36,35,3138,34.9,1,1,2,1,0,0,9,1,0.03,0.03,0.06,0.03,0.06,34.9,1,19,4,21.1,0.54,0.11,0.05,0.25,0,0,87,91.8,35,89,34,1,33,0,1.03,34,48,-14,-0.4,0.24,0,40,24,1,0,35,32,,,1,,,,,,,,,,,,,,,
ESP-La Liga,2526,Girona,Vladyslav Krapyvtsov,UKR,GK,20,2005,2,1,136,1.5,0,0,0,0,0,0,0,0,0.0,0.0,0.0,0.0,0.0,1.5,0,0,0,,0.0,0.0,,,0,0,68,4.0,1,90,1,1,46,27,0.0,1,5,-4,-2.65,-2.32,0,0,1,0,0,0,0,,,0,6,3.97,10,4,40.0,0,0,1,0,0.0,1,1,0,0,0.0
ESP-La Liga,2526,Girona,Vladyslav Vanat,UKR,FW,23,2002,27,27,1942,21.6,9,1,10,6,3,3,4,0,0.42,0.05,0.46,0.28,0.32,21.6,9,27,18,66.7,1.25,0.83,0.33,0.5,3,3,72,56.8,27,72,7,0,,0,1.37,21,26,-5,-0.23,0.44,0,28,17,20,5,3,3,,,0,,,,,,,,,,,,,,,
ESP-La Liga,2526,Girona,Yangel Herrera,VEN,MF,27,1998,2,2,110,1.2,0,0,0,0,0,0,0,0,0.0,0.0,0.0,0.0,0.0,1.2,0,1,0,0.0,0.82,0.0,0.0,,0,0,55,3.2,2,55,0,0,,0,0.0,1,7,-6,-4.91,-4.64,0,1,3,0,2,1,1,,,0,,,,,,,,,,,,,,,
ESP-La Liga,2526,Girona,Yaser Asprilla,COL,"FW,MF",21,2003,15,6,611,6.8,0,0,0,0,0,0,0,0,0.0,0.0,0.0,0.0,0.0,6.8,0,15,5,33.3,2.21,0.74,0.0,0.0,0,0,41,17.9,6,70,2,9,22,5,0.93,5,14,-9,-1.33,-1.1,0,11,8,5,36,5,4,,,0,,,,,,,,,,,,,,,
ESP-La Liga,2526,Girona,Álex Moreno,ESP,DF,32,1993,31,28,2559,28.4,0,3,3,0,0,0,5,0,0.0,0.11,0.11,0.0,0.11,28.4,0,17,5,29.4,0.6,0.18,0.0,0.0,0,0,83,74.8,28,89,27,3,23,0,1.13,28,40,-12,-0.42,0.0,0,32,20,9,66,29,28,,,0,,,,,,,,,,,,,,,
ESP-La Liga,2526,Levante,Adrián de la Fuente,ESP,DF,26,1999,33,30,2711,30.1,3,1,4,2,1,3,5,0,0.1,0.03,0.13,0.07,0.1,30.1,3,39,9,23.1,1.29,0.3,0.08,0.33,1,3,82,79.3,30,89,28,3,17,1,1.15,34,47,-13,-0.43,-0.3,0,34,27,1,40,48,18,,,1,,,,,,,,,,,,,,,
ESP-La Liga,2526,Levante,Alan Matturro,URU,DF,20,2004,19,10,947,10.5,1,1,2,1,0,0,0,1,0.1,0.1,0.19,0.1,0.19,10.5,1,8,1,12.5,0.76,0.1,0.13,1.0,0,0,50,27.7,10,79,8,9,17,11,1.0,13,22,-9,-0.86,-0.67,0,7,10,0,0,6,13,,,0,,,,,,,,,,,,,,,
ESP-La Liga,2526,Levante,Brugui,ESP,"MF,FW",28,1996,19,10,1005,11.2,1,1,2,1,0,0,1,1,0.09,0.09,0.18,0.09,0.18,11.2,1,28,9,32.1,2.51,0.81,0.04,0.11,0,0,53,29.4,10,74,2,9,29,1,0.95,12,20,-8,-0.72,-0.49,0,11,8,6,11,4,6,,,0,,,,,,,,,,,,,,,
ESP-La Liga,2526,Levante,Carlos Espí,ESP,FW,20,2005,25,13,1343,14.9,11,0,11,11,0,0,3,0,0.74,0.0,0.74,0.74,0.74,14.9,11,57,24,42.1,3.82,1.61,0.19,0.46,0,0,54,39.3,13,84,5,12,21,9,1.28,26,22,4,0.27,1.05,0,31,25,10,1,9,7,,,0,,,,,,,,,,,,,,,
ESP-La Liga,2526,Levante,Carlos Álvarez,ESP,MF,21,2003,30,23,1890,21.0,3,1,4,3,0,0,3,0,0.14,0.05,0.19,0.14,0.19,21.0,3,30,11,36.7,1.43,0.52,0.1,0.27,0,0,63,55.3,23,76,7,7,21,1,0.93,20,35,-15,-0.71,-0.77,0,22,49,2,54,13,13,,,0,,,,,,,,,,,,,,,
ESP-La Liga,2526,Levante,Diego Pampín,ESP,DF,25,2000,8,6,534,5.9,0,0,0,0,0,0,3,0,0.0,0.0,0.0,0.0,0.0,5.9,0,3,0,0.0,0.51,0.0,0.0,,0,0,67,15.6,6,84,4,2,14,24,0.88,7,15,-8,-1.35,-1.16,0,8,7,0,14,5,5,,,0,,,,,,,,,,,,,,,
ESP-La Liga,2526,Levante,Goduine Koyalipou,CTA,FW,25,2000,11,2,247,2.7,1,0,1,1,0,0,1,0,0.36,0.0,0.36,0.36,0.36,2.7,1,10,4,40.0,3.64,1.46,0.1,0.25,0,0,22,7.2,2,51,0,9,16,3,0.82,2,5,-3,-1.09,-0.78,0,2,1,3,1,1,3,,,0,,,,,,,,,,,,,,,
ESP-La Liga,2526,Levante,Iker Losada,ESP,MF,23,2001,23,10,902,10.0,3,1,4,3,0,0,1,0,0.3,0.1,0.4,0.3,0.4,10.0,3,14,4,28.6,1.4,0.4,0.21,0.75,0,0,39,26.4,10,62,0,13,22,14,1.0,14,16,-2,-0.2,0.23,0,6,7,3,22,10,12,,,0,,,,,,,,,,,,,,,
ESP-La Liga,2526,Levante,Iván Romero,ESP,"FW,MF",24,2001,32,28,2259,25.1,7,1,8,7,0,1,5,0,0.28,0.04,0.32,0.28,0.32,25.1,7,59,18,30.5,2.35,0.72,0.12,0.39,0,1,71,66.1,28,77,4,4,25,3,1.16,27,31,-4,-0.16,0.62,0,41,77,7,21,12,22,,,0,,,,,,,,,,,,,,,
ESP-La Liga,2526,Levante,Jeremy Toljan,GER,DF,30,1994,37,37,3164,35.2,1,4,5,1,0,0,8,0,0.03,0.11,0.14,0.03,0.14,35.2,1,9,1,11.1,0.26,0.03,0.11,1.0,0,0,86,92.5,37,86,28,0,,0,1.14,44,56,-12,-0.34,0.36,0,33,19,2,76,31,39,,,1,,,,,,,,,,,,,,,
ESP-La Liga,2526,Levante,Jorge Cabello,ESP,DF,21,2004,5,4,362,4.0,0,0,0,0,0,0,1,0,0.0,0.0,0.0,0.0,0.0,4.0,0,0,0,,0.0,0.0,,,0,0,72,10.6,4,79,2,1,45,10,0.0,3,9,-6,-1.49,-1.26,0,3,3,0,0,0,3,,,0,,,,,,,,,,,,,,,
ESP-La Liga,2526,Levante,José Luis Morales,ESP,MF,38,1987,20,1,363,4.0,1,1,2,0,1,1,1,0,0.25,0.25,0.5,0.0,0.25,4.0,1,11,4,36.4,2.73,0.99,0.09,0.25,1,1,18,10.6,1,58,0,19,16,15,1.0,9,7,2,0.5,0.97,0,3,4,4,11,3,5,,,0,,,,,,,,,,,,,,,
ESP-La Liga,2526,Levante,Kareem Tunde,ESP,MF,19,2005,21,17,1133,12.6,0,1,1,0,0,0,3,0,0.0,0.08,0.08,0.0,0.08,12.6,0,21,3,14.3,1.67,0.24,0.0,0.0,0,0,54,33.1,17,64,2,4,11,0,1.38,15,20,-5,-0.4,-0.04,0,16,24,1,11,14,11,,,0,,,,,,,,,,,,,,,
ESP-La Liga,2526,Levante,Karl Etta Eyong,CMR,FW,21,2003,30,15,1416,15.7,6,2,8,6,0,1,3,0,0.38,0.13,0.51,0.38,0.51,15.7,6,43,21,48.8,2.73,1.33,0.14,0.29,0,1,47,41.4,15,79,6,15,15,3,1.07,21,32,-11,-0.7,-0.56,0,29,30,6,13,6,11,,,0,,,,,,,,,,,,,,,
ESP-La Liga,2526,Levante,Kervin Arriaga,HON,MF,27,1998,27,16,1532,17.0,3,3,6,3,0,0,8,1,0.18,0.18,0.35,0.18,0.35,17.0,3,16,6,37.5,0.94,0.35,0.19,0.5,0,0,57,44.8,16,80,10,11,22,4,1.19,23,29,-6,-0.35,0.03,1,22,22,1,5,14,26,,,0,,,,,,,,,,,,,,,
ESP-La Liga,2526,Levante,Manu Sánchez,ESP,DF,24,2000,33,31,2814,31.3,1,2,3,1,0,0,8,0,0.03,0.06,0.1,0.03,0.1,31.3,1,13,4,30.8,0.42,0.13,0.08,0.25,0,0,85,82.3,31,88,25,2,38,4,1.15,37,45,-8,-0.26,0.64,0,35,20,2,75,35,54,,,0,,,,,,,,,,,,,,,
ESP-La Liga,2526,Levante,Mathew Ryan,AUS,GK,33,1992,36,36,3240,36.0,0,0,0,0,0,0,4,0,0.0,0.0,0.0,0.0,0.0,36.0,0,2,0,0.0,0.06,0.0,0.0,,0,0,90,94.7,36,90,36,0,,0,1.17,44,56,-12,-0.33,0.67,0,0,1,0,0,1,1,,,0,56,1.56,180,124,68.9,11,9,16,9,25.0,4,3,1,0,25.0
ESP-La Liga,2526,Levante,Matias Moreno,ARG,DF,21,2003,28,27,2252,25.0,0,0,0,0,0,0,8,0,0.0,0.0,0.0,0.0,0.0,25.0,0,10,0,0.0,0.4,0.0,0.0,,0,0,80,65.8,27,83,21,1,6,5,1.29,33,32,1,0.04,1.2,0,23,23,2,3,38,25,,,0,,,,,,,,,,,,,,,
ESP-La Liga,2526,Levante,Nacho Pérez,ESP,DF,16,2008,3,1,148,1.6,0,0,0,0,0,0,1,0,0.0,0.0,0.0,0.0,0.0,1.6,0,0,0,,0.0,0.0,,,0,0,49,4.3,1,77,0,2,36,22,1.0,2,1,1,0.61,1.02,0,1,1,0,0,2,1,,,0,,,,,,,,,,,,,,,
ESP-La Liga,2526,Levante,Olasagasti,ESP,MF,24,2000,33,18,1734,19.3,1,5,6,1,0,0,2,1,0.05,0.26,0.31,0.05,0.31,19.3,1,28,9,32.1,1.45,0.47,0.04,0.11,0,0,53,50.7,18,81,9,15,18,2,1.12,28,32,-4,-0.21,0.33,0,20,33,0,106,14,15,,,0,,,,,,,,,,,,,,,
ESP-La Liga,2526,Levante,Oriol Rey,ESP,MF,27,1998,20,14,1319,14.7,0,1,1,0,0,0,4,0,0.0,0.07,0.07,0.0,0.07,14.7,0,8,1,12.5,0.55,0.07,0.0,0.0,0,0,66,38.6,14,84,9,6,25,12,1.1,23,25,-2,-0.14,0.38,0,23,14,0,8,12,12,,,0,,,,,,,,,,,,,,,
ESP-La Liga,2526,Levante,Pablo Cuñat,ESP,GK,23,2002,2,2,180,2.0,0,0,0,0,0,0,0,0,0.0,0.0,0.0,0.0,0.0,2.0,0,0,0,,0.0,0.0,,,0,0,90,5.3,2,90,2,0,,36,0.0,3,5,-2,-1.0,-0.67,0,0,0,0,0,0,0,,,0,5,2.5,16,11,68.8,0,0,2,0,0.0,0,0,0,0,
ESP-La Liga,2526,Levante,Pablo Martínez,ESP,MF,27,1998,27,21,1857,20.6,1,5,6,1,0,0,3,0,0.05,0.24,0.29,0.05,0.29,20.6,1,28,4,14.3,1.36,0.19,0.04,0.25,0,0,69,54.3,21,81,8,6,28,1,1.37,25,28,-3,-0.15,0.49,0,30,12,3,87,19,10,,,0,,,,,,,,,,,,,,,
ESP-La Liga,2526,Levante,Paco Cortés,ESP,"MF,FW",17,2007,12,4,472,5.2,0,0,0,0,0,0,2,0,0.0,0.0,0.0,0.0,0.0,5.2,0,12,4,33.3,2.29,0.76,0.0,0.0,0,0,39,13.8,4,73,0,8,23,10,1.08,5,6,-1,-0.19,0.21,0,6,6,1,20,2,1,,,0,,,,,,,,,,,,,,,
ESP-La Liga,2526,Levante,Sergio Lozano,ESP,MF,26,1999,1,0,12,0.1,0,0,0,0,0,0,0,0,0.0,0.0,0.0,0.0,0.0,0.1,0,0,0,,0.0,0.0,,,0,0,12,0.4,0,,0,1,12,2,0.0,0,1,-1,-7.5,-7.16,0,0,0,0,0,0,1,,,0,,,,,,,,,,,,,,,
ESP-La Liga,2526,Levante,Tay Abed,ISR,MF,21,2004,7,0,93,1.0,0,0,0,0,0,0,0,0,0.0,0.0,0.0,0.0,0.0,1.0,0,2,1,50.0,1.94,0.97,0.0,0.0,0,0,13,2.7,0,,0,7,13,11,1.14,2,3,-1,-0.97,-0.62,0,2,2,0,5,2,1,,,0,,,,,,,,,,,,,,,
ESP-La Liga,2526,Levante,Ugo Raghouber,FRA,MF,22,2003,16,8,706,7.8,0,0,0,0,0,0,1,0,0.0,0.0,0.0,0.0,0.0,7.8,0,3,0,0.0,0.38,0.0,0.0,,0,0,44,20.6,8,71,2,8,18,2,1.5,7,9,-2,-0.25,0.14,0,10,14,1,2,15,10,,,0,,,,,,,,,,,,,,,
ESP-La Liga,2526,Levante,Unai Elgezabal,ESP,"DF,MF",32,1993,12,11,958,10.6,1,0,1,1,0,0,2,0,0.09,0.0,0.09,0.09,0.09,10.6,1,3,1,33.3,0.28,0.09,0.33,1.0,0,0,80,28.0,11,85,8,1,26,4,0.42,15,24,-9,-0.85,-0.66,0,11,6,0,0,4,4,,,1,,,,,,,,,,,,,,,
ESP-La Liga,2526,Levante,Unai Vencedor Paris,ESP,MF,24,2000,16,11,812,9.0,0,0,0,0,0,0,3,1,0.0,0.0,0.0,0.0,0.0,9.0,0,0,0,,0.0,0.0,,,0,0,51,23.7,11,67,0,5,15,9,0.88,7,16,-9,-1.0,-0.82,0,25,8,0,23,4,13,,,0,,,,,,,,,,,,,,,
ESP-La Liga,2526,Levante,Víctor García,ESP,"MF,FW",27,1997,21,12,1040,11.6,2,1,3,2,0,0,1,0,0.17,0.09,0.26,0.17,0.26,11.6,2,19,8,42.1,1.64,0.69,0.11,0.25,0,0,50,30.4,12,68,1,9,25,8,1.1,13,15,-2,-0.17,0.28,0,13,11,3,65,7,15,,,0,,,,,,,,,,,,,,,
ESP-La Liga,2526,Mallorca,Abdón Prats,ESP,FW,32,1992,15,0,143,1.6,0,0,0,0,0,0,0,0,0.0,0.0,0.0,0.0,0.0,1.6,0,5,2,40.0,3.15,1.26,0.0,0.0,0,0,10,4.2,0,,0,15,10,21,1.33,4,2,2,1.26,1.59,0,2,3,0,1,0,0,,,0,,,,,,,,,,,,,,,
ESP-La Liga,2526,Mallorca,Antonio Raillo,ESP,DF,33,1991,24,23,2070,23.0,0,1,1,0,0,0,4,0,0.0,0.04,0.04,0.0,0.04,23.0,0,12,1,8.3,0.52,0.04,0.0,0.0,0,0,86,60.5,23,88,22,1,38,6,1.04,26,32,-6,-0.26,0.01,0,23,15,1,4,12,13,,,0,,,,,,,,,,,,,,,
ESP-La Liga,2526,Mallorca,Antonio Sánchez,ESP,"MF,DF",28,1997,30,9,1073,11.9,0,0,0,0,0,0,5,1,0.0,0.0,0.0,0.0,0.0,11.9,0,6,3,50.0,0.5,0.25,0.0,0.0,0,0,36,31.4,9,75,1,21,19,7,1.23,15,21,-6,-0.5,-0.35,1,16,10,1,29,16,12,,,0,,,,,,,,,,,,,,,
ESP-La Liga,2526,Mallorca,Dani Rodríguez,ESP,"FW,MF",37,1988,2,0,68,0.8,0,0,0,0,0,0,0,0,0.0,0.0,0.0,0.0,0.0,0.8,0,1,0,0.0,1.32,0.0,0.0,,0,0,34,2.0,0,,0,2,34,1,0.5,1,1,0,0.0,0.27,0,0,3,0,2,0,1,,,0,,,,,,,,,,,,,,,
ESP-La Liga,2526,Mallorca,David López,ESP,DF,22,2003,14,9,837,9.3,0,0,0,0,0,0,2,0,0.0,0.0,0.0,0.0,0.0,9.3,0,4,0,0.0,0.43,0.0,0.0,,0,0,60,24.5,9,82,7,5,20,24,1.07,12,19,-7,-0.75,-0.65,0,13,4,0,0,9,7,,,1,,,,,,,,,,,,,,,
ESP-La Liga,2526,Mallorca,Jan Salas,ESP,MF,19,2005,2,0,17,0.2,0,0,0,0,0,0,0,0,0.0,0.0,0.0,0.0,0.0,0.2,0,0,0,,0.0,0.0,,,0,0,9,0.5,0,,0,2,9,0,0.5,1,1,0,0.0,0.26,0,0,1,0,0,0,0,,,0,,,,,,,,,,,,,,,
ESP-La Liga,2526,Mallorca,Jan Virgili,ESP,"MF,FW",19,2006,31,19,1792,19.9,2,4,6,2,0,0,0,1,0.1,0.2,0.3,0.1,0.3,19.9,2,32,16,50.0,1.61,0.8,0.06,0.13,0,0,58,52.4,19,79,5,12,24,0,1.13,28,31,-3,-0.15,0.24,0,22,24,2,47,7,10,,,0,,,,,,,,,,,,,,,
ESP-La Liga,2526,Mallorca,Javier Llabrés,ESP,MF,22,2002,16,1,187,2.1,0,0,0,0,0,0,0,0,0.0,0.0,0.0,0.0,0.0,2.1,0,5,2,40.0,2.41,0.96,0.0,0.0,0,0,12,5.5,1,61,0,15,8,18,0.94,3,4,-1,-0.48,-0.23,0,4,3,0,10,0,2,,,0,,,,,,,,,,,,,,,
ESP-La Liga,2526,Mallorca,Javier Olaizola,ESP,DF,18,2007,2,0,51,0.6,0,0,0,0,0,0,0,0,0.0,0.0,0.0,0.0,0.0,0.6,0,0,0,,0.0,0.0,,,0,0,26,1.5,0,,0,2,26,14,1.5,1,1,0,0.0,0.27,0,0,1,0,3,0,1,,,0,,,,,,,,,,,,,,,
ESP-La Liga,2526,Mallorca,Johan Mojica,COL,DF,32,1992,35,30,2724,30.3,0,4,4,0,0,0,6,1,0.0,0.13,0.13,0.0,0.13,30.3,0,17,2,11.8,0.56,0.07,0.0,0.0,0,0,78,79.6,30,88,23,5,17,1,1.11,37,44,-7,-0.23,0.16,0,29,30,2,133,24,30,,,0,,,,,,,,,,,,,,,
ESP-La Liga,2526,Mallorca,Justin-Noël Kalumba,FRA,FW,20,2004,3,1,81,0.9,0,0,0,0,0,0,0,0,0.0,0.0,0.0,0.0,0.0,0.9,0,1,0,0.0,1.11,0.0,0.0,,0,0,27,2.4,1,45,0,2,18,12,2.0,3,0,3,3.33,3.68,0,2,4,0,2,0,1,,,0,,,,,,,,,,,,,,,
ESP-La Liga,2526,Mallorca,Leo Román,ESP,GK,25,2000,33,33,2970,33.0,0,0,0,0,0,0,4,0,0.0,0.0,0.0,0.0,0.0,33.0,0,0,0,,0.0,0.0,,,0,0,90,86.8,33,90,33,0,,0,1.12,43,50,-7,-0.21,0.39,0,1,2,0,0,1,1,,,0,50,1.52,149,99,66.4,10,7,16,4,12.1,8,6,1,1,14.3
ESP-La Liga,2526,Mallorca,Lucas Bergström,FIN,GK,22,2002,5,5,450,5.0,0,0,0,0,0,0,1,0,0.0,0.0,0.0,0.0,0.0,5.0,0,0,0,,0.0,0.0,,,0,0,90,13.2,5,90,5,0,,22,1.0,4,7,-3,-0.6,-0.39,0,0,0,0,0,0,0,,,0,7,1.4,22,15,68.2,1,2,2,2,40.0,0,0,0,0,
ESP-La Liga,2526,Mallorca,Luis Orejuela,,DF,,,1,1,90,1.0,0,0,0,0,0,0,0,0,0.0,0.0,0.0,0.0,0.0,1.0,0,1,0,0.0,1.0,0.0,0.0,,0,0,90,2.6,1,90,1,0,,3,0.0,1,3,-2,-2.0,-1.78,0,1,4,0,2,1,0,,,0,,,,,,,,,,,,,,,
ESP-La Liga,2526,Mallorca,Manu Morlanes,ESP,MF,26,1999,32,22,1765,19.6,3,0,3,3,0,0,5,1,0.15,0.0,0.15,0.15,0.15,19.6,3,13,4,30.8,0.66,0.2,0.23,0.75,0,0,55,51.6,22,72,2,10,18,2,1.16,26,29,-3,-0.15,0.23,1,28,12,0,11,19,30,,,0,,,,,,,,,,,,,,,
ESP-La Liga,2526,Mallorca,Marash Kumbulla,ALB,DF,25,2000,8,5,439,4.9,0,0,0,0,0,0,1,0,0.0,0.0,0.0,0.0,0.0,4.9,0,3,0,0.0,0.62,0.0,0.0,,0,0,55,12.8,5,70,3,3,30,7,1.13,7,8,-1,-0.21,0.07,0,2,5,1,2,2,2,,,0,,,,,,,,,,,,,,,
ESP-La Liga,2526,Mallorca,Marc Domenech,ESP,MF,19,2006,7,2,214,2.4,0,1,1,0,0,0,0,0,0.0,0.42,0.42,0.0,0.42,2.4,0,3,0,0.0,1.26,0.0,0.0,,0,0,31,6.3,2,61,0,5,18,10,0.86,3,2,1,0.42,0.73,0,3,3,0,7,0,2,,,0,,,,,,,,,,,,,,,
ESP-La Liga,2526,Mallorca,Martin Valjent,SVK,DF,29,1995,37,37,3308,36.8,0,0,0,0,0,0,6,0,0.0,0.0,0.0,0.0,0.0,36.8,0,17,8,47.1,0.46,0.22,0.0,0.0,0,0,89,96.7,37,89,36,0,,0,1.05,44,56,-12,-0.33,-1.93,0,36,12,0,2,24,33,,,0,,,,,,,,,,,,,,,
ESP-La Liga,2526,Mallorca,Mateo Joseph,ESP,"MF,FW",21,2003,29,19,1699,18.9,2,3,5,2,0,0,2,0,0.11,0.16,0.26,0.11,0.26,18.9,2,33,14,42.4,1.75,0.74,0.06,0.14,0,0,59,49.7,19,76,4,10,25,1,1.03,24,29,-5,-0.26,0.0,0,19,31,4,14,13,19,,,0,,,,,,,,,,,,,,,
ESP-La Liga,2526,Mallorca,Mateu Morey,ESP,"DF,MF",25,2000,18,9,704,7.8,1,0,1,1,0,0,2,0,0.13,0.0,0.13,0.13,0.13,7.8,1,4,2,50.0,0.51,0.26,0.25,0.5,0,0,39,20.6,9,69,2,9,9,19,0.94,8,18,-10,-1.28,-1.28,0,15,10,1,14,6,8,,,0,,,,,,,,,,,,,,,
ESP-La Liga,2526,Mallorca,Miguel Calatayud,ESP,DF,19,2006,2,0,43,0.5,0,0,0,0,0,0,0,0,0.0,0.0,0.0,0.0,0.0,0.5,0,1,0,0.0,2.09,0.0,0.0,,0,0,22,1.3,0,,0,2,22,2,0.5,0,1,-1,-2.09,-1.85,0,2,0,0,1,0,0,,,0,,,,,,,,,,,,,,,
ESP-La Liga,2526,Mallorca,Omar Mascarell,EQG,"MF,DF",32,1993,30,26,2239,24.9,2,2,4,2,0,0,5,0,0.08,0.08,0.16,0.08,0.16,24.9,2,7,3,42.9,0.28,0.12,0.29,0.67,0,0,75,65.5,26,81,17,4,32,4,1.2,32,35,-3,-0.12,0.41,0,38,14,0,6,35,28,,,0,,,,,,,,,,,,,,,
ESP-La Liga,2526,Mallorca,Pablo Maffeo,ESP,DF,28,1997,31,30,2662,29.6,1,2,3,1,0,0,11,0,0.03,0.07,0.1,0.03,0.1,29.6,1,7,1,14.3,0.24,0.03,0.14,1.0,0,0,86,77.8,30,87,20,1,45,1,1.13,37,41,-4,-0.14,0.58,0,26,23,0,85,33,34,,,1,,,,,,,,,,,,,,,
ESP-La Liga,2526,Mallorca,Pablo Torre,ESP,"MF,FW",22,2003,35,19,1599,17.8,4,4,8,4,0,0,4,0,0.23,0.23,0.45,0.23,0.45,17.8,4,25,12,48.0,1.41,0.68,0.16,0.33,0,0,46,46.8,19,69,1,16,18,3,1.09,23,27,-4,-0.23,0.07,0,29,36,1,90,9,17,,,0,,,,,,,,,,,,,,,
ESP-La Liga,2526,Mallorca,Samu Costa,POR,MF,24,2000,34,31,2697,30.0,7,2,9,7,0,0,11,0,0.23,0.07,0.3,0.23,0.3,30.0,7,39,16,41.0,1.3,0.53,0.18,0.44,0,0,79,78.9,31,84,18,3,31,0,1.12,32,42,-10,-0.33,-0.33,0,64,68,6,30,26,37,,,0,,,,,,,,,,,,,,,
ESP-La Liga,2526,Mallorca,Sergi Darder,ESP,MF,31,1993,38,30,2680,29.8,1,5,6,1,0,0,3,0,0.03,0.17,0.2,0.03,0.2,29.8,1,36,13,36.1,1.21,0.44,0.03,0.08,0,0,71,78.4,30,82,13,8,27,0,1.11,37,43,-6,-0.2,0.28,0,21,29,2,165,23,13,,,0,,,,,,,,,,,,,,,
ESP-La Liga,2526,Mallorca,Takuma Asano,JPN,"MF,FW",30,1994,20,8,664,7.4,1,0,1,1,0,0,2,0,0.14,0.0,0.14,0.14,0.14,7.4,1,17,2,11.8,2.3,0.27,0.06,0.5,0,0,33,19.4,8,60,0,12,15,9,1.2,7,11,-4,-0.54,-0.35,0,9,10,8,14,1,10,,,0,,,,,,,,,,,,,,,
ESP-La Liga,2526,Mallorca,Toni Lato,ESP,"DF,MF",27,1997,12,7,583,6.5,0,1,1,0,0,0,3,0,0.0,0.15,0.15,0.0,0.15,6.5,0,0,0,,0.0,0.0,,,0,0,49,17.0,7,77,1,5,9,18,0.58,8,10,-2,-0.31,-0.05,0,7,3,0,26,6,8,,,0,,,,,,,,,,,,,,,
ESP-La Liga,2526,Mallorca,Vedat Muriqi,KVX,FW,31,1994,37,36,3128,34.8,23,1,24,18,5,7,4,1,0.66,0.03,0.69,0.52,0.55,34.8,23,114,50,43.9,3.28,1.44,0.2,0.46,5,7,85,91.5,36,86,26,1,17,0,1.11,44,51,-7,-0.2,0.72,0,42,64,15,6,3,3,,,0,,,,,,,,,,,,,,,
ESP-La Liga,2526,Mallorca,Zito Luvumbo,ANG,"FW,MF",23,2002,10,6,508,5.6,0,2,2,0,0,0,2,0,0.0,0.35,0.35,0.0,0.35,5.6,0,9,7,77.8,1.59,1.24,0.0,0.0,0,0,51,14.9,6,68,1,4,25,4,1.3,7,5,2,0.35,0.73,0,13,20,6,19,0,0,,,0,,,,,,,,,,,,,,,
ESP-La Liga,2526,Osasuna,Abel Bretones,ESP,"MF,DF",24,2000,28,17,1624,18.0,1,2,3,1,0,0,5,1,0.06,0.11,0.17,0.06,0.17,18.0,1,11,3,27.3,0.61,0.17,0.09,0.33,0,0,58,47.5,17,88,12,11,12,7,1.18,24,27,-3,-0.17,-0.02,0,16,19,1,34,16,12,,,0,,,,,,,,,,,,,,,
ESP-La Liga,2526,Osasuna,Aimar Oroz,ESP,"MF,FW",23,2001,31,26,2139,23.8,0,2,2,0,0,0,6,0,0.0,0.08,0.08,0.0,0.08,23.8,0,29,4,13.8,1.22,0.17,0.0,0.0,0,0,69,62.5,26,77,6,5,25,0,1.23,25,29,-4,-0.17,-0.03,0,33,67,1,32,8,18,,,0,,,,,,,,,,,,,,,
ESP-La Liga,2526,Osasuna,Aitor Fernández,ESP,GK,34,1991,2,1,136,1.5,0,0,0,0,0,0,3,0,0.0,0.0,0.0,0.0,0.0,1.5,0,0,0,,0.0,0.0,,,0,0,68,4.0,1,90,1,1,46,33,0.0,2,8,-6,-3.97,-3.97,0,0,0,0,0,0,0,,,0,3,1.99,12,9,75.0,0,0,1,0,0.0,1,1,0,0,0.0
ESP-La Liga,2526,Osasuna,Ante Budimir,CRO,FW,34,1991,37,35,2938,32.6,17,0,17,11,6,8,3,0,0.52,0.0,0.52,0.34,0.34,32.6,17,103,41,39.8,3.16,1.26,0.17,0.41,6,8,79,85.9,35,83,18,2,22,0,1.14,34,38,-4,-0.12,0.25,0,52,36,22,4,6,16,,,0,,,,,,,,,,,,,,,
ESP-La Liga,2526,Osasuna,Asier Osambela,ESP,DF,21,2004,17,2,343,3.8,1,0,1,1,0,0,1,1,0.26,0.0,0.26,0.26,0.26,3.8,1,6,3,50.0,1.57,0.79,0.17,0.33,0,0,20,10.0,2,76,0,15,13,18,1.17,10,9,1,0.26,0.47,0,15,1,0,4,4,2,,,0,,,,,,,,,,,,,,,
ESP-La Liga,2526,Osasuna,Catena,ESP,DF,30,1994,35,35,3071,34.1,3,2,5,3,0,0,11,1,0.09,0.06,0.15,0.09,0.15,34.1,3,19,4,21.1,0.56,0.12,0.16,0.75,0,0,88,89.8,35,88,32,0,,0,1.09,37,45,-8,-0.23,-0.75,0,46,14,3,1,32,29,,,0,,,,,,,,,,,,,,,
ESP-La Liga,2526,Osasuna,Enzo Boyomo,CMR,DF,23,2001,30,29,2542,28.2,1,2,3,1,0,0,7,0,0.04,0.07,0.11,0.04,0.11,28.2,1,11,4,36.4,0.39,0.14,0.09,0.25,0,0,85,74.3,29,87,25,1,18,2,1.07,32,39,-7,-0.25,-0.35,0,33,5,0,10,17,36,,,0,,,,,,,,,,,,,,,
ESP-La Liga,2526,Osasuna,Iker Benito,ESP,MF,22,2002,6,1,159,1.8,1,0,1,1,0,0,1,0,0.57,0.0,0.57,0.57,0.57,1.8,1,2,1,50.0,1.13,0.57,0.5,1.0,0,0,27,4.6,1,71,0,5,18,7,0.67,2,2,0,0.0,0.17,0,3,3,0,5,2,0,,,0,,,,,,,,,,,,,,,
ESP-La Liga,2526,Osasuna,Iker Muñoz,ESP,MF,22,2002,19,8,952,10.6,0,0,0,0,0,0,5,0,0.0,0.0,0.0,0.0,0.0,10.6,0,9,4,44.4,0.85,0.38,0.0,0.0,0,0,50,27.8,8,77,2,11,31,18,1.32,12,12,0,0.0,0.22,0,18,21,1,6,12,7,,,0,,,,,,,,,,,,,,,
ESP-La Liga,2526,Osasuna,Iñigo Arguibide,ESP,DF,20,2005,6,2,187,2.1,0,0,0,0,0,0,0,1,0.0,0.0,0.0,0.0,0.0,2.1,0,0,0,,0.0,0.0,,,0,0,31,5.5,2,68,0,4,13,21,1.67,6,1,5,2.41,2.71,0,3,0,0,5,1,3,,,0,,,,,,,,,,,,,,,
ESP-La Liga,2526,Osasuna,Javi Galán,ESP,DF,30,1994,20,19,1672,18.6,0,1,1,0,0,0,3,0,0.0,0.05,0.05,0.0,0.05,18.6,0,6,1,16.7,0.32,0.05,0.0,0.0,0,0,84,48.9,19,87,15,1,24,1,1.2,20,24,-4,-0.22,-0.11,0,30,37,0,86,27,30,,,0,,,,,,,,,,,,,,,
ESP-La Liga,2526,Osasuna,Jon Moncayola,ESP,MF,27,1998,36,35,3016,33.5,0,4,4,0,0,0,9,0,0.0,0.12,0.12,0.0,0.12,33.5,0,23,5,21.7,0.69,0.15,0.0,0.0,0,0,84,88.2,35,85,21,1,25,0,1.0,34,45,-11,-0.33,-1.44,0,41,13,0,142,27,26,,,0,,,,,,,,,,,,,,,
ESP-La Liga,2526,Osasuna,Jorge Herrando,ESP,DF,24,2001,28,17,1600,17.8,0,1,1,0,0,0,3,0,0.0,0.06,0.06,0.0,0.06,17.8,0,3,0,0.0,0.17,0.0,0.0,,0,0,57,46.8,17,79,9,11,23,10,1.18,17,26,-9,-0.51,-0.65,0,24,9,0,2,22,15,,,0,,,,,,,,,,,,,,,
ESP-La Liga,2526,Osasuna,Juan Cruz Armada,ESP,DF,33,1992,15,7,649,7.2,0,0,0,0,0,0,2,0,0.0,0.0,0.0,0.0,0.0,7.2,0,1,0,0.0,0.14,0.0,0.0,,0,0,43,19.0,7,74,2,8,17,18,1.19,11,9,2,0.28,0.54,0,4,2,0,5,4,3,,,0,,,,,,,,,,,,,,,
ESP-La Liga,2526,Osasuna,Kike Barja,ESP,MF,28,1997,27,2,446,5.0,2,2,4,2,0,0,3,0,0.4,0.4,0.81,0.4,0.81,5.0,2,8,4,50.0,1.61,0.81,0.25,0.5,0,0,17,13.0,2,56,0,25,13,11,0.81,16,7,9,1.82,2.27,0,11,11,1,66,3,2,,,0,,,,,,,,,,,,,,,
ESP-La Liga,2526,Osasuna,Lucas Torró,ESP,MF,31,1994,34,31,2293,25.5,0,1,1,0,0,0,6,0,0.0,0.04,0.04,0.0,0.04,25.5,0,29,9,31.0,1.14,0.35,0.0,0.0,0,0,67,67.0,31,73,12,3,10,2,0.97,24,37,-13,-0.51,-1.07,0,40,27,0,2,30,19,,,0,,,,,,,,,,,,,,,
ESP-La Liga,2526,Osasuna,Moi Gómez,ESP,MF,31,1994,26,12,1201,13.3,0,2,2,0,0,0,3,0,0.0,0.15,0.15,0.0,0.15,13.3,0,11,2,18.2,0.82,0.15,0.0,0.0,0,0,46,35.1,12,78,3,14,19,10,0.88,15,15,0,0.0,0.24,0,20,22,0,36,11,9,,,0,,,,,,,,,,,,,,,
ESP-La Liga,2526,Osasuna,Raúl,ESP,FW,24,2000,36,6,1041,11.6,7,1,8,7,0,0,2,1,0.61,0.09,0.69,0.61,0.69,11.6,7,39,23,59.0,3.37,1.99,0.18,0.3,0,0,29,30.4,6,85,5,30,18,1,1.08,17,20,-3,-0.26,-0.15,0,12,15,7,9,7,13,,,0,,,,,,,,,,,,,,,
ESP-La Liga,2526,Osasuna,Raúl Moro,ESP,MF,22,2002,14,7,625,6.9,0,2,2,0,0,0,0,0,0.0,0.29,0.29,0.0,0.29,6.9,0,6,0,0.0,0.86,0.0,0.0,,0,0,45,18.3,7,69,1,7,21,3,0.93,12,12,0,0.0,0.19,0,2,6,5,28,1,0,,,0,,,,,,,,,,,,,,,
ESP-La Liga,2526,Osasuna,Rubén García,ESP,"MF,FW",32,1993,35,28,2229,24.8,2,5,7,2,0,0,6,0,0.08,0.2,0.28,0.08,0.28,24.8,2,31,10,32.3,1.25,0.4,0.06,0.2,0,0,64,65.2,28,73,4,7,27,0,1.17,26,30,-4,-0.16,-0.01,0,36,27,1,154,17,31,,,0,,,,,,,,,,,,,,,
ESP-La Liga,2526,Osasuna,Sergio Herrera,ESP,GK,32,1993,37,37,3284,36.5,0,0,0,0,0,0,3,1,0.0,0.0,0.0,0.0,0.0,36.5,0,0,0,,0.0,0.0,,,0,0,89,96.0,37,89,36,0,,0,1.14,43,47,-4,-0.11,1.21,0,3,5,0,0,0,0,,,0,47,1.29,160,113,70.6,11,9,17,7,18.9,8,8,0,0,0.0
ESP-La Liga,2526,Osasuna,Sheraldo Becker,SUR,"FW,MF",30,1995,9,0,158,1.8,0,0,0,0,0,0,0,0,0.0,0.0,0.0,0.0,0.0,1.8,0,3,0,0.0,1.71,0.0,0.0,,0,0,18,4.6,0,,0,9,18,9,0.56,1,4,-3,-1.71,-1.63,0,4,1,1,11,3,1,,,0,,,,,,,,,,,,,,,
ESP-La Liga,2526,Osasuna,Valentin Rosier,FRA,"DF,MF",28,1996,31,30,2547,28.3,1,1,2,1,0,0,6,1,0.04,0.04,0.07,0.04,0.07,28.3,1,19,3,15.8,0.67,0.11,0.05,0.33,0,0,82,74.5,30,84,22,1,22,1,1.16,29,37,-8,-0.28,-0.49,1,33,20,3,46,43,32,,,0,,,,,,,,,,,,,,,
ESP-La Liga,2526,Osasuna,Víctor Muñoz,ESP,"MF,FW",22,2003,34,31,2656,29.5,6,2,8,6,0,0,3,0,0.2,0.07,0.27,0.2,0.27,29.5,6,81,31,38.3,2.74,1.05,0.07,0.19,0,0,78,77.7,31,82,15,3,34,0,1.24,32,32,0,0.0,0.71,0,32,54,5,99,10,13,,,0,,,,,,,,,,,,,,,
ESP-La Liga,2526,Oviedo,Aarón Escandell,ESP,GK,29,1995,36,36,3240,36.0,0,1,1,0,0,0,3,0,0.0,0.03,0.03,0.0,0.03,36.0,0,0,0,,0.0,0.0,,,0,0,90,94.7,36,90,36,0,,2,0.81,26,56,-30,-0.83,1.17,0,1,8,0,0,0,0,,,0,56,1.56,201,145,72.1,6,11,19,10,27.8,7,5,2,0,28.6
ESP-La Liga,2526,Oviedo,Alberto Reina,ESP,MF,27,1997,37,31,2462,27.4,4,1,5,4,0,0,6,1,0.15,0.04,0.18,0.15,0.18,27.4,4,24,11,45.8,0.88,0.4,0.17,0.36,0,0,67,72.0,31,75,9,6,22,0,0.78,21,43,-22,-0.8,0.32,1,37,46,2,52,19,18,,,0,,,,,,,,,,,,,,,
ESP-La Liga,2526,Oviedo,Borja Sánchez Laborde,ESP,MF,29,1996,1,0,14,0.2,0,0,0,0,0,0,0,0,0.0,0.0,0.0,0.0,0.0,0.2,0,0,0,,0.0,0.0,,,0,0,14,0.4,0,,0,1,14,0,0.0,0,0,0,0.0,0.9,0,0,0,0,0,0,0,,,0,,,,,,,,,,,,,,,
ESP-La Liga,2526,Oviedo,Dani Calvo,ESP,DF,31,1994,20,17,1611,17.9,0,0,0,0,0,0,3,0,0.0,0.0,0.0,0.0,0.0,17.9,0,3,0,0.0,0.17,0.0,0.0,,0,0,81,47.1,17,90,17,3,27,17,0.95,9,24,-15,-0.84,0.11,0,11,6,1,1,10,15,,,0,,,,,,,,,,,,,,,
ESP-La Liga,2526,Oviedo,David Carmo,ANG,DF,26,1999,22,20,1786,19.8,1,0,1,1,0,0,8,1,0.05,0.0,0.05,0.05,0.05,19.8,1,10,3,30.0,0.5,0.15,0.1,0.33,0,0,81,52.2,20,87,17,2,25,10,0.59,14,35,-21,-1.06,-0.34,1,20,4,0,2,21,18,,,0,,,,,,,,,,,,,,,
ESP-La Liga,2526,Oviedo,David Costas,ESP,DF,30,1995,25,22,2066,23.0,1,0,1,1,0,0,3,0,0.04,0.0,0.04,0.04,0.04,23.0,1,5,1,20.0,0.22,0.04,0.2,1.0,0,0,83,60.4,22,89,21,3,33,5,0.92,13,35,-22,-0.96,-0.16,0,16,10,3,1,27,22,,,0,,,,,,,,,,,,,,,
ESP-La Liga,2526,Oviedo,Eric Bailly,CIV,DF,31,1994,15,15,1234,13.7,1,0,1,1,0,0,3,0,0.07,0.0,0.07,0.07,0.07,13.7,1,6,1,16.7,0.44,0.07,0.17,1.0,0,0,82,36.1,15,82,13,0,,16,0.93,13,22,-9,-0.66,0.37,0,13,7,0,1,17,10,,,0,,,,,,,,,,,,,,,
ESP-La Liga,2526,Oviedo,Federico Viñas,URU,"FW,MF",27,1998,33,28,2439,27.1,9,1,10,7,2,2,7,3,0.33,0.04,0.37,0.26,0.3,27.1,9,57,21,36.8,2.1,0.77,0.16,0.43,2,2,74,71.3,28,83,12,5,26,0,0.85,20,38,-18,-0.66,0.8,1,46,69,13,3,13,32,,,0,,,,,,,,,,,,,,,
ESP-La Liga,2526,Oviedo,Haissem Hassan,EGY,"MF,FW",23,2002,37,20,1942,21.6,0,3,3,0,0,0,1,0,0.0,0.14,0.14,0.0,0.14,21.6,0,34,8,23.5,1.58,0.37,0.0,0.0,0,0,52,56.8,20,71,3,17,30,1,0.76,11,33,-22,-1.02,-0.29,0,12,25,3,113,6,26,,,0,,,,,,,,,,,,,,,
ESP-La Liga,2526,Oviedo,Horaţiu Moldovan,ROU,GK,27,1998,2,2,180,2.0,0,0,0,0,0,0,0,0,0.0,0.0,0.0,0.0,0.0,2.0,0,0,0,,0.0,0.0,,,0,0,90,5.3,2,90,2,0,,36,0.0,0,4,-4,-2.0,-1.17,0,0,0,0,0,0,0,,,0,4,2.0,8,4,50.0,0,0,2,0,0.0,0,0,0,0,
ESP-La Liga,2526,Oviedo,Ilyas Chaira,MAR,"MF,FW",24,2001,36,30,2447,27.2,6,2,8,6,0,0,2,1,0.22,0.07,0.29,0.22,0.29,27.2,6,81,35,43.2,2.98,1.29,0.07,0.17,0,0,68,71.5,30,76,10,6,30,0,0.81,22,39,-17,-0.63,0.95,0,53,41,18,74,4,34,,,0,,,,,,,,,,,,,,,
ESP-La Liga,2526,Oviedo,Javi López,ESP,DF,23,2002,25,20,1711,19.0,0,1,1,0,0,0,3,1,0.0,0.05,0.05,0.0,0.05,19.0,0,7,1,14.3,0.37,0.05,0.0,0.0,0,0,68,50.0,20,82,12,5,15,7,0.84,17,28,-11,-0.58,0.63,0,38,26,2,60,20,23,,,0,,,,,,,,,,,,,,,
ESP-La Liga,2526,Oviedo,Josip Brekalo,CRO,"MF,FW",27,1998,14,6,486,5.4,0,0,0,0,0,0,1,0,0.0,0.0,0.0,0.0,0.0,5.4,0,9,3,33.3,1.67,0.56,0.0,0.0,0,0,35,14.2,6,58,0,8,18,3,0.71,1,14,-13,-2.41,-1.76,0,7,6,0,26,2,7,,,0,,,,,,,,,,,,,,,
ESP-La Liga,2526,Oviedo,Kwasi Sibo,GHA,MF,27,1998,26,21,1681,18.7,0,0,0,0,0,0,3,1,0.0,0.0,0.0,0.0,0.0,18.7,0,9,2,22.2,0.48,0.11,0.0,0.0,0,0,65,49.2,21,75,9,5,21,10,0.88,16,26,-10,-0.54,0.71,0,30,4,0,2,14,20,,,0,,,,,,,,,,,,,,,
ESP-La Liga,2526,Oviedo,Leander Dendoncker,BEL,MF,30,1995,19,15,1330,14.8,1,0,1,1,0,0,2,0,0.07,0.0,0.07,0.07,0.07,14.8,1,9,4,44.4,0.61,0.27,0.11,0.25,0,0,70,38.9,15,86,8,4,11,5,0.79,7,25,-18,-1.22,-0.53,0,12,3,1,5,11,25,,,0,,,,,,,,,,,,,,,
ESP-La Liga,2526,Oviedo,Lucas Ahijado,ESP,DF,30,1995,20,11,1098,12.2,0,1,1,0,0,0,3,0,0.0,0.08,0.08,0.0,0.08,12.2,0,10,2,20.0,0.82,0.16,0.0,0.0,0,0,55,32.1,11,83,7,9,21,11,0.5,8,24,-16,-1.31,-0.61,0,14,3,2,16,17,29,,,0,,,,,,,,,,,,,,,
ESP-La Liga,2526,Oviedo,Luka Ilić,SRB,"MF,FW",26,1999,19,8,742,8.2,1,0,1,1,0,0,4,1,0.12,0.0,0.12,0.12,0.12,8.2,1,9,5,55.6,1.09,0.61,0.11,0.2,0,0,39,21.7,8,68,1,11,18,11,0.68,6,16,-10,-1.21,-0.41,1,16,7,2,7,7,5,,,0,,,,,,,,,,,,,,,
ESP-La Liga,2526,Oviedo,Marco Esteban,ESP,DF,19,2006,1,0,45,0.5,0,0,0,0,0,0,0,0,0.0,0.0,0.0,0.0,0.0,0.5,0,0,0,,0.0,0.0,,,0,0,45,1.3,0,,0,1,45,3,0.0,0,0,0,0.0,0.91,0,0,0,0,0,0,0,,,0,,,,,,,,,,,,,,,
ESP-La Liga,2526,Oviedo,Nacho Vidal,ESP,DF,30,1995,29,27,2263,25.1,0,0,0,0,0,0,4,0,0.0,0.0,0.0,0.0,0.0,25.1,0,15,3,20.0,0.6,0.12,0.0,0.0,0,0,78,66.2,27,83,16,2,16,2,0.79,18,32,-14,-0.56,1.0,0,24,27,1,40,29,30,,,0,,,,,,,,,,,,,,,
ESP-La Liga,2526,Oviedo,Nicolas Fonseca,URU,MF,26,1998,19,12,1018,11.3,0,0,0,0,0,0,6,0,0.0,0.0,0.0,0.0,0.0,11.3,0,8,1,12.5,0.71,0.09,0.0,0.0,0,0,54,29.8,12,70,2,7,25,1,0.84,13,22,-9,-0.8,0.14,0,27,12,0,4,17,25,,,0,,,,,,,,,,,,,,,
ESP-La Liga,2526,Oviedo,Oier Luengo,ESP,DF,27,1997,3,3,225,2.5,0,1,1,0,0,0,1,0,0.0,0.4,0.4,0.0,0.4,2.5,0,1,0,0.0,0.4,0.0,0.0,,0,0,75,6.6,3,75,2,0,,12,0.25,2,6,-4,-1.6,-0.75,0,2,1,0,0,2,5,,,0,,,,,,,,,,,,,,,
ESP-La Liga,2526,Oviedo,Omar Falah,ESP,DF,21,2003,1,0,14,0.2,0,0,0,0,0,0,0,0,0.0,0.0,0.0,0.0,0.0,0.2,0,0,0,,0.0,0.0,,,0,0,14,0.4,0,,0,1,14,3,0.0,0,0,0,0.0,0.9,0,0,0,0,0,0,0,,,0,,,,,,,,,,,,,,,
ESP-La Liga,2526,Oviedo,Ovie Ejaria,ENG,MF,27,1997,8,2,200,2.2,0,0,0,0,0,0,1,0,0.0,0.0,0.0,0.0,0.0,2.2,0,3,1,33.3,1.35,0.45,0.0,0.0,0,0,25,5.8,2,54,0,6,15,5,0.75,2,3,-1,-0.45,0.47,0,3,5,1,1,3,2,,,0,,,,,,,,,,,,,,,
ESP-La Liga,2526,Oviedo,Pablo Agudín,ESP,MF,17,2007,7,0,90,1.0,0,0,0,0,0,0,0,0,0.0,0.0,0.0,0.0,0.0,1.0,0,2,0,0.0,2.0,0.0,0.0,,0,0,13,2.6,0,,0,7,13,18,0.43,0,3,-3,-3.0,-2.16,0,4,1,0,2,0,0,,,0,,,,,,,,,,,,,,,
ESP-La Liga,2526,Oviedo,Rahim Bonkano,NIG,DF,23,2002,27,18,1713,19.0,0,0,0,0,0,0,2,0,0.0,0.0,0.0,0.0,0.0,19.0,0,3,0,0.0,0.16,0.0,0.0,,0,0,63,50.1,18,86,14,9,19,9,0.78,9,32,-23,-1.21,-0.63,0,10,8,9,68,29,19,,,0,,,,,,,,,,,,,,,
ESP-La Liga,2526,Oviedo,Salomón Rondón,VEN,FW,35,1989,16,13,1032,11.5,2,0,2,2,0,1,2,0,0.17,0.0,0.17,0.17,0.17,11.5,2,24,5,20.8,2.09,0.44,0.08,0.4,0,1,65,30.2,13,75,4,3,18,1,0.69,6,17,-11,-0.96,-0.09,0,11,21,12,2,1,0,,,0,,,,,,,,,,,,,,,
ESP-La Liga,2526,Oviedo,Santi Cazorla,ESP,MF,40,1984,28,6,940,10.4,0,1,1,0,0,0,2,1,0.0,0.1,0.1,0.0,0.1,10.4,0,7,1,14.3,0.67,0.1,0.0,0.0,0,0,34,27.5,6,73,1,22,23,4,0.68,4,16,-12,-1.15,-0.35,0,6,19,0,71,4,10,,,0,,,,,,,,,,,,,,,
ESP-La Liga,2526,Oviedo,Santiago Colombatto,ARG,MF,28,1997,32,23,2064,22.9,0,1,1,0,0,0,6,0,0.0,0.04,0.04,0.0,0.04,22.9,0,15,2,13.3,0.65,0.09,0.0,0.0,0,0,65,60.4,23,81,8,9,22,4,0.75,12,34,-22,-0.96,-0.16,0,44,41,1,67,14,22,,,0,,,,,,,,,,,,,,,
ESP-La Liga,2526,Oviedo,Thiago Borbas,URU,FW,23,2002,12,0,179,2.0,0,0,0,0,0,0,1,0,0.0,0.0,0.0,0.0,0.0,2.0,0,5,2,40.0,2.51,1.01,0.0,0.0,0,0,15,5.2,0,,0,12,15,5,0.75,2,5,-3,-1.51,-0.65,0,7,3,4,0,0,1,,,0,,,,,,,,,,,,,,,
ESP-La Liga,2526,Oviedo,Thiago Fernández,ARG,"MF,FW",21,2004,16,9,817,9.1,0,4,4,0,0,0,4,0,0.0,0.44,0.44,0.0,0.44,9.1,0,13,5,38.5,1.43,0.55,0.0,0.0,0,0,51,23.9,9,65,0,7,33,1,1.0,12,16,-4,-0.44,0.6,0,7,11,2,27,5,7,,,0,,,,,,,,,,,,,,,
ESP-La Liga,2526,Oviedo,Álex Forés,ESP,FW,24,2001,18,3,360,4.0,0,1,1,0,0,0,0,0,0.0,0.25,0.25,0.0,0.25,4.0,0,8,2,25.0,2.0,0.5,0.0,0.0,0,0,20,10.5,3,59,0,15,12,15,0.33,1,8,-7,-1.75,-0.96,0,3,6,1,2,1,1,,,0,,,,,,,,,,,,,,,
ESP-La Liga,2526,Rayo Vallecano,Abdul Mumin,GHA,DF,27,1998,3,1,79,0.9,0,0,0,0,0,0,0,0,0.0,0.0,0.0,0.0,0.0,0.9,0,0,0,,0.0,0.0,,,0,0,26,2.3,1,60,0,2,10,7,3.0,1,1,0,0.0,0.08,0,2,1,0,0,2,0,,,0,,,,,,,,,,,,,,,
ESP-La Liga,2526,Rayo Vallecano,Alexandre Alemão,BRA,FW,27,1998,26,11,1136,12.6,4,0,4,4,0,0,3,0,0.32,0.0,0.32,0.32,0.32,12.6,4,26,12,46.2,2.06,0.95,0.15,0.33,0,0,44,33.2,11,73,0,15,22,5,1.42,14,12,2,0.16,0.36,0,23,27,4,5,1,2,,,0,,,,,,,,,,,,,,,
ESP-La Liga,2526,Rayo Vallecano,Alfonso Espino,URU,"DF,MF",33,1992,30,15,1486,16.5,2,0,2,2,0,0,3,0,0.12,0.0,0.12,0.12,0.12,16.5,2,20,9,45.0,1.21,0.55,0.1,0.22,0,0,50,43.5,15,79,8,15,20,6,1.5,15,23,-8,-0.48,-0.72,0,24,30,10,49,15,33,,,0,,,,,,,,,,,,,,,
ESP-La Liga,2526,Rayo Vallecano,Andrei Ratiu,ROU,DF,27,1998,35,31,2807,31.2,0,4,4,0,0,0,9,0,0.0,0.13,0.13,0.0,0.13,31.2,0,31,9,29.0,0.99,0.29,0.0,0.0,0,0,80,82.1,31,88,30,4,18,0,1.43,36,31,5,0.16,1.33,0,22,21,4,105,39,44,,,0,,,,,,,,,,,,,,,
ESP-La Liga,2526,Rayo Vallecano,Augusto Batalla,ARG,GK,29,1996,34,34,3060,34.0,0,0,0,0,0,0,6,0,0.0,0.0,0.0,0.0,0.0,34.0,0,0,0,,0.0,0.0,,,0,0,90,89.5,34,90,34,0,,2,1.31,36,37,-1,-0.03,0.47,0,1,4,0,0,0,1,,,0,37,1.09,128,91,71.1,10,13,11,11,32.4,6,5,1,0,16.7
ESP-La Liga,2526,Rayo Vallecano,Carlos Martín,ESP,"MF,FW",23,2002,11,7,450,5.0,0,0,0,0,0,0,1,0,0.0,0.0,0.0,0.0,0.0,5.0,0,9,4,44.4,1.8,0.8,0.0,0.0,0,0,41,13.2,7,57,0,4,12,8,1.36,5,11,-6,-1.2,-1.29,0,11,5,0,8,0,7,,,0,,,,,,,,,,,,,,,
ESP-La Liga,2526,Rayo Vallecano,Dani Cárdenas,ESP,GK,28,1997,4,4,360,4.0,0,0,0,0,0,0,0,0,0.0,0.0,0.0,0.0,0.0,4.0,0,0,0,,0.0,0.0,,,0,0,90,10.5,4,90,4,0,,31,1.75,6,7,-1,-0.25,-0.19,0,0,0,0,0,0,1,,,0,7,1.75,26,19,73.1,2,1,1,1,25.0,2,1,1,0,50.0
ESP-La Liga,2526,Rayo Vallecano,Florian Lejeune,FRA,DF,34,1991,36,36,3230,35.9,2,1,3,2,0,0,7,0,0.06,0.03,0.08,0.06,0.08,35.9,2,50,18,36.0,1.39,0.5,0.04,0.11,0,0,90,94.4,36,90,35,0,,1,1.22,38,43,-5,-0.14,-1.09,0,47,14,1,8,47,47,,,0,,,,,,,,,,,,,,,
ESP-La Liga,2526,Rayo Vallecano,Francisco Perez,ESP,"MF,FW",22,2002,29,12,1237,13.7,2,1,3,2,0,0,4,0,0.15,0.07,0.22,0.15,0.22,13.7,2,17,8,47.1,1.24,0.58,0.12,0.25,0,0,43,36.2,12,65,0,17,27,6,1.17,14,17,-3,-0.22,-0.22,0,18,15,6,48,2,10,,,0,,,,,,,,,,,,,,,
ESP-La Liga,2526,Rayo Vallecano,Gerard Gumbau,ESP,MF,30,1994,28,14,1175,13.1,0,3,3,0,0,0,4,0,0.0,0.23,0.23,0.0,0.23,13.1,0,20,5,25.0,1.53,0.38,0.0,0.0,0,0,42,34.4,14,69,3,14,15,10,1.21,17,21,-4,-0.31,-0.35,0,38,5,0,52,11,16,,,0,,,,,,,,,,,,,,,
ESP-La Liga,2526,Rayo Vallecano,Ilias Akhomach,MAR,"MF,FW",21,2004,11,7,709,7.9,0,1,1,0,0,0,2,0,0.0,0.13,0.13,0.0,0.13,7.9,0,18,6,33.3,2.28,0.76,0.0,0.0,0,0,64,20.7,7,79,1,4,39,1,1.27,14,11,3,0.38,0.58,0,9,29,1,22,2,10,,,0,,,,,,,,,,,,,,,
ESP-La Liga,2526,Rayo Vallecano,Isaac Palazón Camacho,ESP,"MF,FW",30,1994,31,27,2248,25.0,3,3,6,1,2,3,10,1,0.12,0.12,0.24,0.04,0.16,25.0,3,52,15,28.8,2.08,0.6,0.06,0.2,2,3,73,65.7,27,79,8,4,28,1,1.23,24,31,-7,-0.28,-0.59,0,36,51,6,105,3,12,,,0,,,,,,,,,,,,,,,
ESP-La Liga,2526,Rayo Vallecano,Iván Balliu,ALB,DF,33,1992,14,6,582,6.5,0,0,0,0,0,0,2,0,0.0,0.0,0.0,0.0,0.0,6.5,0,4,0,0.0,0.62,0.0,0.0,,0,0,42,17.0,6,74,2,8,17,21,1.43,8,7,1,0.15,0.28,0,9,5,0,9,9,9,,,0,,,,,,,,,,,,,,,
ESP-La Liga,2526,Rayo Vallecano,Jorge de Frutos,ESP,"FW,MF",28,1997,36,31,2463,27.4,10,1,11,9,1,1,3,0,0.37,0.04,0.4,0.33,0.37,27.4,10,62,28,45.2,2.27,1.02,0.16,0.36,1,1,68,72.0,31,74,6,5,36,1,1.39,32,23,9,0.33,1.46,0,34,39,18,47,11,16,,,0,,,,,,,,,,,,,,,
ESP-La Liga,2526,Rayo Vallecano,Jozhua Vertrouwd,NED,DF,20,2004,9,3,446,5.0,0,0,0,0,0,0,0,0,0.0,0.0,0.0,0.0,0.0,5.0,0,1,0,0.0,0.2,0.0,0.0,,0,0,50,13.0,3,87,2,6,31,22,1.33,6,9,-3,-0.61,-0.61,0,6,3,0,0,4,3,,,1,,,,,,,,,,,,,,,
ESP-La Liga,2526,Rayo Vallecano,Luiz Felipe,ITA,DF,28,1997,10,7,470,5.2,0,0,0,0,0,0,1,0,0.0,0.0,0.0,0.0,0.0,5.2,0,3,1,33.3,0.57,0.19,0.0,0.0,0,0,47,13.7,7,63,3,3,11,11,1.2,8,4,4,0.77,0.98,0,5,1,0,0,7,8,,,0,,,,,,,,,,,,,,,
ESP-La Liga,2526,Rayo Vallecano,Nobel Mendy,SEN,DF,20,2004,24,22,1797,20.0,2,0,2,2,0,0,9,2,0.1,0.0,0.1,0.1,0.1,20.0,2,11,3,27.3,0.55,0.15,0.18,0.67,0,0,75,52.5,22,79,12,2,27,7,1.25,21,26,-5,-0.25,-0.36,1,32,12,1,6,23,15,,,0,,,,,,,,,,,,,,,
ESP-La Liga,2526,Rayo Vallecano,Pathé Ciss,SEN,"MF,DF",31,1994,29,20,1999,22.2,2,1,3,2,0,0,9,2,0.09,0.05,0.14,0.09,0.14,22.2,2,20,8,40.0,0.9,0.36,0.1,0.25,0,0,69,58.5,20,88,17,9,26,0,1.31,25,24,1,0.05,0.3,0,30,13,2,1,35,35,,,0,,,,,,,,,,,,,,,
ESP-La Liga,2526,Rayo Vallecano,Pedro Díaz,ESP,MF,27,1998,34,21,1870,20.8,0,1,1,0,0,0,2,0,0.0,0.05,0.05,0.0,0.05,20.8,0,44,6,13.6,2.12,0.29,0.0,0.0,0,0,55,54.7,21,76,9,13,21,1,1.32,24,31,-7,-0.34,-0.57,0,20,13,0,38,9,25,,,0,,,,,,,,,,,,,,,
ESP-La Liga,2526,Rayo Vallecano,Pelayo Fernandez,ESP,DF,22,2003,1,0,45,0.5,0,0,0,0,0,0,0,0,0.0,0.0,0.0,0.0,0.0,0.5,0,1,0,0.0,2.0,0.0,0.0,,0,0,45,1.3,0,,0,1,45,2,3.0,0,1,-1,-2.0,-1.95,0,1,0,0,0,0,0,,,0,,,,,,,,,,,,,,,
ESP-La Liga,2526,Rayo Vallecano,Pep Chavarría,ESP,DF,27,1998,33,29,2682,29.8,1,2,3,1,0,0,6,1,0.03,0.07,0.1,0.03,0.1,29.8,1,18,3,16.7,0.6,0.1,0.06,0.33,0,0,81,78.4,29,89,26,4,23,4,1.24,31,34,-3,-0.1,-0.1,1,33,35,3,95,32,31,,,0,,,,,,,,,,,,,,,
ESP-La Liga,2526,Rayo Vallecano,Randy Nteka,ANG,FW,27,1997,13,3,374,4.2,3,0,3,3,0,1,3,0,0.72,0.0,0.72,0.72,0.72,4.2,3,13,6,46.2,3.13,1.44,0.23,0.5,0,1,29,10.9,3,76,1,10,15,11,1.77,7,6,1,0.24,0.36,0,11,7,5,0,0,4,,,0,,,,,,,,,,,,,,,
ESP-La Liga,2526,Rayo Vallecano,Samu Becerra,ESP,MF,19,2006,3,0,12,0.1,0,0,0,0,0,0,0,0,0.0,0.0,0.0,0.0,0.0,0.1,0,0,0,,0.0,0.0,,,0,0,4,0.4,0,,0,3,4,15,0.33,0,0,0,0.0,0.08,0,1,0,0,2,0,0,,,0,,,,,,,,,,,,,,,
ESP-La Liga,2526,Rayo Vallecano,Sergio Camello,ESP,"FW,MF",24,2001,22,8,823,9.1,5,1,6,5,0,0,3,1,0.55,0.11,0.66,0.55,0.66,9.1,5,27,14,51.9,2.95,1.53,0.19,0.36,0,0,37,24.1,8,69,1,14,19,10,1.0,10,14,-4,-0.44,-0.47,0,8,14,2,3,4,8,,,0,,,,,,,,,,,,,,,
ESP-La Liga,2526,Rayo Vallecano,Unai López,ESP,MF,29,1995,28,19,1612,17.9,0,4,4,0,0,0,8,1,0.0,0.22,0.22,0.0,0.22,17.9,0,22,4,18.2,1.23,0.22,0.0,0.0,0,0,58,47.1,19,75,4,9,20,4,1.46,20,13,7,0.39,0.89,1,37,14,1,62,21,16,,,0,,,,,,,,,,,,,,,
ESP-La Liga,2526,Rayo Vallecano,Álvaro García,ESP,"MF,FW",32,1992,32,23,2101,23.3,4,5,9,4,0,0,3,0,0.17,0.21,0.39,0.17,0.39,23.3,4,47,19,40.4,2.01,0.81,0.09,0.21,0,0,66,61.4,23,79,7,9,31,1,1.19,21,29,-8,-0.34,-0.68,0,19,12,15,91,14,15,,,0,,,,,,,,,,,,,,,
ESP-La Liga,2526,Rayo Vallecano,Óscar Trejo,ARG,MF,37,1988,7,1,144,1.6,0,1,1,0,0,0,2,0,0.0,0.62,0.62,0.0,0.62,1.6,0,1,1,100.0,0.62,0.62,0.0,0.0,0,0,21,4.2,1,65,0,6,13,25,0.88,3,3,0,0.0,0.08,0,3,5,0,8,0,3,,,0,,,,,,,,,,,,,,,
ESP-La Liga,2526,Rayo Vallecano,Óscar Valentín,ESP,MF,30,1994,33,26,2108,23.4,1,0,1,1,0,0,3,1,0.04,0.0,0.04,0.04,0.04,23.4,1,13,4,30.8,0.56,0.17,0.08,0.25,0,0,64,61.6,26,76,11,7,19,4,1.39,19,19,0,0.0,0.21,0,31,22,0,3,29,43,,,0,,,,,,,,,,,,,,,
ESP-La Liga,2526,Real Betis,Abde Ezzalzouli,MAR,"MF,FW",23,2001,29,26,2247,25.0,10,8,18,10,0,0,3,0,0.4,0.32,0.72,0.4,0.72,25.0,10,73,26,35.6,2.92,1.04,0.14,0.38,0,0,77,65.7,26,83,16,3,30,0,1.62,45,34,11,0.44,0.44,0,28,71,4,55,15,32,,,0,,,,,,,,,,,,,,,
ESP-La Liga,2526,Real Betis,Adrián,ESP,GK,38,1987,1,1,90,1.0,0,0,0,0,0,0,0,0,0.0,0.0,0.0,0.0,0.0,1.0,0,0,0,,0.0,0.0,,,0,0,90,2.6,1,90,1,0,,34,3.0,2,1,1,1.0,0.73,0,0,0,0,0,0,0,,,0,1,1.0,7,6,85.7,1,0,0,0,0.0,0,0,0,0,
ESP-La Liga,2526,Real Betis,Aitor Ruibal,ESP,"DF,MF",29,1996,27,20,1808,20.1,4,2,6,4,0,0,6,1,0.2,0.1,0.3,0.2,0.3,20.1,4,31,12,38.7,1.54,0.6,0.13,0.33,0,0,67,52.9,20,80,9,7,29,4,1.67,30,21,9,0.45,0.34,1,32,25,1,31,20,32,,,0,,,,,,,,,,,,,,,
ESP-La Liga,2526,Real Betis,Antony,BRA,"MF,FW",25,2000,32,30,2447,27.2,8,6,14,8,0,0,6,1,0.29,0.22,0.51,0.29,0.51,27.2,8,90,34,37.8,3.31,1.25,0.09,0.24,0,0,76,71.5,30,80,13,2,27,0,1.53,45,36,9,0.33,0.15,0,20,44,2,66,22,23,,,0,,,,,,,,,,,,,,,
ESP-La Liga,2526,Real Betis,Cucho,COL,FW,26,1999,32,30,2580,28.7,11,3,14,10,1,1,5,0,0.38,0.1,0.49,0.35,0.45,28.7,11,89,27,30.3,3.1,0.94,0.12,0.41,1,1,81,75.4,30,83,14,2,45,0,1.5,45,35,10,0.35,0.24,0,22,38,17,23,11,16,,,0,,,,,,,,,,,,,,,
ESP-La Liga,2526,Real Betis,Cédric Bakambu,COD,FW,34,1991,18,5,569,6.3,3,1,4,3,0,0,1,0,0.47,0.16,0.63,0.47,0.63,6.3,3,21,9,42.9,3.32,1.42,0.14,0.33,0,0,32,16.6,5,66,0,13,18,13,1.22,9,10,-1,-0.16,-0.54,0,11,9,10,2,2,2,,,0,,,,,,,,,,,,,,,
ESP-La Liga,2526,Real Betis,Daniel Guerrero,ESP,MF,20,2005,1,0,1,0.0,0,0,0,0,0,0,0,0,0.0,0.0,0.0,0.0,0.0,0.0,0,0,0,,0.0,0.0,,,0,0,1,0.0,0,,0,1,1,4,1.0,0,0,0,0.0,-0.29,0,0,1,0,0,0,0,,,0,,,,,,,,,,,,,,,
ESP-La Liga,2526,Real Betis,Diego Llorente,ESP,DF,31,1993,18,14,1229,13.7,1,0,1,1,0,0,5,0,0.07,0.0,0.07,0.07,0.07,13.7,1,4,3,75.0,0.29,0.22,0.25,0.33,0,0,68,35.9,14,78,10,4,36,11,1.56,24,12,12,0.88,0.92,0,13,13,0,1,27,15,,,0,,,,,,,,,,,,,,,
ESP-La Liga,2526,Real Betis,Ezequiel Ávila,ARG,FW,31,1994,16,3,380,4.2,1,0,1,0,1,1,3,0,0.24,0.0,0.24,0.0,0.0,4.2,1,8,2,25.0,1.89,0.47,0.13,0.5,1,1,24,11.1,3,76,1,13,12,18,1.53,8,5,3,0.71,0.47,0,6,8,2,14,5,3,,,0,,,,,,,,,,,,,,,
ESP-La Liga,2526,Real Betis,Giovani Lo Celso,ARG,MF,29,1996,24,15,1393,15.5,2,3,5,2,0,0,4,0,0.13,0.19,0.32,0.13,0.32,15.5,2,30,11,36.7,1.94,0.71,0.07,0.18,0,0,58,40.7,15,73,2,9,34,3,1.67,25,16,9,0.58,0.49,0,9,42,4,61,6,13,,,0,,,,,,,,,,,,,,,
ESP-La Liga,2526,Real Betis,Héctor Bellerín,ESP,DF,30,1995,27,20,1822,20.2,2,3,5,2,0,0,2,0,0.1,0.15,0.25,0.1,0.25,20.2,2,7,5,71.4,0.35,0.25,0.29,0.4,0,0,67,53.3,20,83,14,7,24,3,1.56,33,27,6,0.3,0.01,0,15,4,2,29,14,16,,,0,,,,,,,,,,,,,,,
ESP-La Liga,2526,Real Betis,Isco,ESP,MF,33,1992,8,1,233,2.6,1,1,2,0,1,1,0,0,0.39,0.39,0.77,0.0,0.39,2.6,1,7,1,14.3,2.7,0.39,0.14,1.0,1,1,29,6.8,1,53,0,7,26,0,1.88,6,5,1,0.39,0.1,0,4,9,0,9,2,2,,,0,,,,,,,,,,,,,,,
ESP-La Liga,2526,Real Betis,Iván Corralejo,ESP,MF,18,2007,1,0,15,0.2,0,0,0,0,0,0,0,0,0.0,0.0,0.0,0.0,0.0,0.2,0,0,0,,0.0,0.0,,,0,0,15,0.4,0,,0,1,15,2,0.0,1,0,1,6.0,5.74,0,1,1,0,0,0,0,,,0,,,,,,,,,,,,,,,
ESP-La Liga,2526,Real Betis,Junior Firpo,DOM,DF,28,1996,12,10,827,9.2,0,1,1,0,0,0,2,0,0.0,0.11,0.11,0.0,0.11,9.2,0,5,0,0.0,0.54,0.0,0.0,,0,0,69,24.2,10,78,4,2,26,14,1.08,13,15,-2,-0.22,-0.67,0,11,8,1,19,10,14,,,0,,,,,,,,,,,,,,,
ESP-La Liga,2526,Real Betis,Marc Bartra,ESP,DF,34,1991,25,21,1978,22.0,1,0,1,1,0,0,3,0,0.05,0.0,0.05,0.05,0.05,22.0,1,16,5,31.3,0.73,0.23,0.06,0.2,0,0,79,57.8,21,86,19,4,45,5,1.56,29,29,0,0.0,-0.69,0,15,11,0,2,29,18,,,1,,,,,,,,,,,,,,,
ESP-La Liga,2526,Real Betis,Marc Roca,ESP,MF,28,1996,29,23,2026,22.5,1,1,2,1,0,0,1,0,0.04,0.04,0.09,0.04,0.09,22.5,1,17,7,41.2,0.76,0.31,0.06,0.14,0,0,70,59.2,23,82,17,6,24,6,1.69,36,30,6,0.27,-0.06,0,42,23,0,10,23,29,,,0,,,,,,,,,,,,,,,
ESP-La Liga,2526,Real Betis,Natan,BRA,DF,24,2001,33,32,2807,31.2,0,0,0,0,0,0,8,0,0.0,0.0,0.0,0.0,0.0,31.2,0,10,1,10.0,0.32,0.03,0.0,0.0,0,0,85,82.1,32,87,28,1,25,4,1.64,50,41,9,0.29,-0.01,0,28,11,0,1,37,17,,,0,,,,,,,,,,,,,,,
ESP-La Liga,2526,Real Betis,Nelson Deossa,COL,MF,25,2000,20,8,743,8.3,0,0,0,0,0,0,3,0,0.0,0.0,0.0,0.0,0.0,8.3,0,18,0,0.0,2.18,0.0,0.0,,0,0,37,21.7,8,68,3,12,17,11,1.35,13,13,0,0.0,-0.37,0,17,24,1,7,6,8,,,0,,,,,,,,,,,,,,,
ESP-La Liga,2526,Real Betis,Pablo Fornals,ESP,MF,29,1996,37,34,2848,31.6,9,6,15,9,0,0,2,0,0.28,0.19,0.47,0.28,0.47,31.6,9,43,18,41.9,1.36,0.57,0.21,0.5,0,0,77,83.3,34,80,15,3,40,1,1.62,53,38,15,0.47,1.1,0,32,26,13,140,34,26,,,0,,,,,,,,,,,,,,,
ESP-La Liga,2526,Real Betis,Pablo Garcia,ESP,MF,19,2006,15,2,388,4.3,0,0,0,0,0,0,1,0,0.0,0.0,0.0,0.0,0.0,4.3,0,13,4,30.8,3.02,0.93,0.0,0.0,0,0,26,11.3,2,71,0,13,19,10,1.53,8,3,5,1.16,0.98,0,5,9,3,3,3,5,,,0,,,,,,,,,,,,,,,
ESP-La Liga,2526,Real Betis,Pau López,ESP,GK,30,1994,9,9,810,9.0,0,0,0,0,0,0,1,0,0.0,0.0,0.0,0.0,0.0,9.0,0,0,0,,0.0,0.0,,,0,0,90,23.7,9,90,9,0,,23,1.56,13,11,2,0.22,-0.09,0,0,2,0,0,0,1,,,0,11,1.22,40,29,72.5,4,2,3,2,22.2,1,0,1,0,100.0
ESP-La Liga,2526,Real Betis,Ricardo Rodríguez,SUI,DF,32,1992,23,18,1547,17.2,0,1,1,0,0,0,0,0,0.0,0.06,0.06,0.0,0.06,17.2,0,3,0,0.0,0.17,0.0,0.0,,0,0,67,45.2,18,84,14,5,7,11,1.91,32,17,15,0.87,1.06,0,11,5,0,15,8,14,,,0,,,,,,,,,,,,,,,
ESP-La Liga,2526,Real Betis,Rodrigo Riquelme,ESP,MF,25,2000,25,7,821,9.1,1,1,2,1,0,0,2,0,0.11,0.11,0.22,0.11,0.22,9.1,1,24,7,29.2,2.63,0.77,0.04,0.14,0,0,33,24.0,7,65,0,18,20,11,1.72,8,11,-3,-0.33,-0.81,0,8,11,1,22,5,11,,,0,,,,,,,,,,,,,,,
ESP-La Liga,2526,Real Betis,Sergi Altimira,ESP,MF,23,2001,24,13,1186,13.2,1,2,3,1,0,0,3,0,0.08,0.15,0.23,0.08,0.23,13.2,1,7,3,42.9,0.53,0.23,0.14,0.33,0,0,49,34.7,13,74,5,11,21,11,1.5,14,19,-5,-0.38,-1.02,0,14,22,0,3,20,36,,,0,,,,,,,,,,,,,,,
ESP-La Liga,2526,Real Betis,Sofyan Amrabat,MAR,MF,28,1996,17,14,1295,14.4,0,0,0,0,0,0,4,0,0.0,0.0,0.0,0.0,0.0,14.4,0,8,1,12.5,0.56,0.07,0.0,0.0,0,0,76,37.9,14,86,11,3,28,1,1.53,24,18,6,0.42,0.21,0,22,19,0,6,11,13,,,0,,,,,,,,,,,,,,,
ESP-La Liga,2526,Real Betis,Valentín Gómez,ARG,DF,22,2003,28,19,1882,20.9,1,0,1,1,0,0,5,0,0.05,0.0,0.05,0.05,0.05,20.9,1,11,5,45.5,0.53,0.24,0.09,0.2,0,0,67,55.0,19,90,19,9,19,9,1.68,29,28,1,0.05,-0.54,0,26,11,1,12,23,25,,,0,,,,,,,,,,,,,,,
ESP-La Liga,2526,Real Betis,Álvaro Fidalgo,MEX,MF,28,1997,9,8,542,6.0,1,0,1,1,0,0,0,0,0.17,0.0,0.17,0.17,0.17,6.0,1,4,2,50.0,0.66,0.33,0.25,0.5,0,0,60,15.8,8,66,0,1,11,7,1.44,7,8,-1,-0.17,-0.54,0,2,6,1,6,4,5,,,0,,,,,,,,,,,,,,,
ESP-La Liga,2526,Real Betis,Álvaro Vallés,ESP,GK,28,1997,28,28,2520,28.0,0,0,0,0,0,0,1,0,0.0,0.0,0.0,0.0,0.0,28.0,0,0,0,,0.0,0.0,,,0,0,90,73.7,28,90,28,0,,10,1.54,44,36,8,0.29,-0.01,0,0,4,0,0,1,0,,,0,36,1.29,123,87,70.7,10,13,5,8,28.6,6,4,1,1,20.0
ESP-La Liga,2526,Real Betis,Ángel Ortíz,ESP,DF,21,2004,13,7,584,6.5,0,0,0,0,0,0,1,0,0.0,0.0,0.0,0.0,0.0,6.5,0,1,0,0.0,0.15,0.0,0.0,,0,0,45,17.1,7,72,2,6,14,13,1.54,5,9,-4,-0.62,-1.09,0,9,9,0,19,1,19,,,0,,,,,,,,,,,,,,,
ESP-La Liga,2526,Real Madrid,Andriy Lunin,UKR,GK,26,1999,6,6,540,6.0,0,0,0,0,0,0,0,1,0.0,0.0,0.0,0.0,0.0,6.0,0,0,0,,0.0,0.0,,,0,0,90,15.8,6,90,6,0,,27,2.0,12,8,4,0.67,-0.52,0,0,0,0,0,0,0,,,0,7,1.17,23,16,69.6,3,2,1,1,16.7,0,0,0,0,
ESP-La Liga,2526,Real Madrid,Antonio Rüdiger,GER,DF,32,1993,18,16,1490,16.6,1,0,1,1,0,0,0,0,0.06,0.0,0.06,0.06,0.06,16.6,1,13,1,7.7,0.79,0.06,0.08,1.0,0,0,83,43.6,16,86,13,2,57,5,2.11,32,16,16,0.97,-0.25,0,11,2,2,2,4,5,,,0,,,,,,,,,,,,,,,
ESP-La Liga,2526,Real Madrid,Arda Güler,TUR,MF,20,2005,33,25,2014,22.4,4,9,13,4,0,0,1,0,0.18,0.4,0.58,0.18,0.58,22.4,4,49,19,38.8,2.19,0.85,0.08,0.21,0,0,61,58.9,25,72,3,8,27,0,2.3,43,21,22,0.98,-0.3,0,21,32,3,129,8,28,,,0,,,,,,,,,,,,,,,
ESP-La Liga,2526,Real Madrid,Aurélien Tchouaméni,FRA,MF,25,2000,33,31,2615,29.1,1,0,1,1,0,0,8,0,0.03,0.0,0.03,0.03,0.03,29.1,1,45,7,15.6,1.55,0.24,0.02,0.14,0,0,79,76.5,31,83,20,2,16,1,2.33,57,26,31,1.07,-0.16,0,31,27,0,8,45,41,,,0,,,,,,,,,,,,,,,
ESP-La Liga,2526,Real Madrid,Brahim Díaz,MAR,"FW,MF",25,1999,30,13,1257,14.0,1,6,7,1,0,0,2,0,0.07,0.43,0.5,0.07,0.5,14.0,1,15,7,46.7,1.07,0.5,0.07,0.14,0,0,42,36.8,13,70,0,17,20,5,2.33,22,11,11,0.79,-0.5,0,19,37,3,20,2,10,,,0,,,,,,,,,,,,,,,
ESP-La Liga,2526,Real Madrid,César Palacios,ESP,MF,20,2004,5,0,86,1.0,0,0,0,0,0,0,0,0,0.0,0.0,0.0,0.0,0.0,1.0,0,2,0,0.0,2.09,0.0,0.0,,0,0,17,2.5,0,,0,5,17,4,2.4,4,1,3,3.14,2.09,0,4,3,0,1,3,2,,,0,,,,,,,,,,,,,,,
ESP-La Liga,2526,Real Madrid,Dani Carvajal,ESP,DF,33,1992,17,10,977,10.9,0,1,1,0,0,0,0,0,0.0,0.09,0.09,0.0,0.09,10.9,0,5,1,20.0,0.46,0.09,0.0,0.0,0,0,57,28.6,10,79,4,7,26,9,2.35,20,10,10,0.92,-0.26,0,7,9,0,11,6,12,,,0,,,,,,,,,,,,,,,
ESP-La Liga,2526,Real Madrid,Dani Ceballos,ESP,MF,28,1996,16,4,486,5.4,0,0,0,0,0,0,1,0,0.0,0.0,0.0,0.0,0.0,5.4,0,3,0,0.0,0.56,0.0,0.0,,0,0,30,14.2,4,67,0,12,18,11,2.56,14,6,8,1.48,0.44,0,6,15,0,3,7,10,,,0,,,,,,,,,,,,,,,
ESP-La Liga,2526,Real Madrid,Daniel Yáñez,ESP,MF,18,2007,2,0,47,0.5,0,1,1,0,0,0,0,0,0.0,1.91,1.91,0.0,1.91,0.5,0,0,0,,0.0,0.0,,,0,0,24,1.4,0,,0,2,24,1,3.0,3,1,2,3.83,2.76,0,0,4,0,1,0,1,,,0,,,,,,,,,,,,,,,
ESP-La Liga,2526,Real Madrid,David Alaba,AUT,DF,33,1992,11,5,424,4.7,0,0,0,0,0,0,1,0,0.0,0.0,0.0,0.0,0.0,4.7,0,4,1,25.0,0.85,0.21,0.0,0.0,0,0,39,12.4,5,70,2,6,13,18,2.27,7,5,2,0.42,-0.78,0,1,0,0,0,0,4,,,0,,,,,,,,,,,,,,,
ESP-La Liga,2526,Real Madrid,David Jiménez,ESP,DF,21,2004,2,1,76,0.8,0,0,0,0,0,0,0,0,0.0,0.0,0.0,0.0,0.0,0.8,0,1,1,100.0,1.18,1.18,0.0,0.0,0,0,38,2.2,1,75,0,1,1,6,3.0,1,0,1,1.18,0.08,0,0,0,0,3,0,1,,,0,,,,,,,,,,,,,,,
ESP-La Liga,2526,Real Madrid,Dean Huijsen,ESP,DF,20,2005,28,24,2034,22.6,2,2,4,2,0,0,7,1,0.09,0.09,0.18,0.09,0.18,22.6,2,20,5,25.0,0.88,0.22,0.1,0.4,0,0,73,59.5,24,81,16,4,24,1,2.39,49,18,31,1.37,0.66,0,21,13,1,1,18,18,,,0,,,,,,,,,,,,,,,
ESP-La Liga,2526,Real Madrid,Diego Aguado,ESP,DF,18,2007,1,0,30,0.3,0,0,0,0,0,0,0,0,0.0,0.0,0.0,0.0,0.0,0.3,0,0,0,,0.0,0.0,,,0,0,30,0.9,0,,0,1,30,4,3.0,2,1,1,3.0,1.91,0,0,0,0,0,0,1,,,0,,,,,,,,,,,,,,,
ESP-La Liga,2526,Real Madrid,Eduardo Camavinga,FRA,MF,22,2002,29,16,1528,17.0,1,0,1,1,0,0,2,0,0.06,0.0,0.06,0.06,0.06,17.0,1,13,2,15.4,0.77,0.12,0.08,0.5,0,0,53,44.7,16,77,7,13,23,2,2.24,34,16,18,1.06,-0.08,0,34,31,2,2,15,37,,,0,,,,,,,,,,,,,,,
ESP-La Liga,2526,Real Madrid,Endrick,BRA,FW,19,2006,1,0,12,0.1,0,0,0,0,0,0,0,1,0.0,0.0,0.0,0.0,0.0,0.1,0,0,0,,0.0,0.0,,,0,0,12,0.4,0,,0,1,12,10,1.5,1,1,0,0.0,-1.11,0,0,1,0,0,0,0,,,0,,,,,,,,,,,,,,,
ESP-La Liga,2526,Real Madrid,Federico Valverde,URU,"MF,DF",27,1998,33,31,2740,30.4,5,8,13,5,0,0,3,1,0.16,0.26,0.43,0.16,0.43,30.4,5,51,22,43.1,1.68,0.72,0.1,0.23,0,0,83,80.1,31,86,23,2,40,0,2.33,66,28,38,1.25,0.72,0,18,14,1,30,25,25,,,0,,,,,,,,,,,,,,,
ESP-La Liga,2526,Real Madrid,Ferland Mendy,FRA,DF,30,1995,5,3,207,2.3,0,0,0,0,0,0,0,0,0.0,0.0,0.0,0.0,0.0,2.3,0,0,0,,0.0,0.0,,,0,0,41,6.1,3,64,2,2,7,10,2.2,4,2,2,0.87,-0.25,0,2,1,0,0,2,1,,,0,,,,,,,,,,,,,,,
ESP-La Liga,2526,Real Madrid,Fran Garcia,ESP,"DF,MF",25,1999,13,10,929,10.3,1,1,2,1,0,0,2,1,0.1,0.1,0.19,0.1,0.19,10.3,1,6,2,33.3,0.58,0.19,0.17,0.5,0,0,71,27.2,10,83,6,3,34,24,2.08,19,10,9,0.87,-0.32,1,7,14,1,28,6,12,,,0,,,,,,,,,,,,,,,
ESP-La Liga,2526,Real Madrid,Franco Mastantuono,ARG,"MF,FW",17,2007,23,11,1037,11.5,1,0,1,1,0,0,5,1,0.09,0.0,0.09,0.09,0.09,11.5,1,30,7,23.3,2.6,0.61,0.03,0.14,0,0,45,30.3,11,70,1,12,22,10,2.48,29,9,20,1.74,0.9,0,18,30,1,31,3,12,,,0,,,,,,,,,,,,,,,
ESP-La Liga,2526,Real Madrid,Gonzalo García,ESP,FW,21,2004,30,9,964,10.7,6,1,7,6,0,0,2,0,0.56,0.09,0.65,0.56,0.65,10.7,6,21,11,52.4,1.96,1.03,0.29,0.55,0,0,32,28.2,9,74,2,21,14,8,2.23,27,12,15,1.4,0.41,0,9,6,0,3,2,7,,,0,,,,,,,,,,,,,,,
ESP-La Liga,2526,Real Madrid,Jorge Cestero,ESP,MF,19,2006,2,0,13,0.1,0,0,0,0,0,0,0,0,0.0,0.0,0.0,0.0,0.0,0.1,0,0,0,,0.0,0.0,,,0,0,7,0.4,0,,0,2,7,8,3.0,0,0,0,0.0,-1.11,0,0,0,0,0,0,0,,,0,,,,,,,,,,,,,,,
ESP-La Liga,2526,Real Madrid,Jude Bellingham,ENG,MF,22,2003,28,22,1916,21.3,6,4,10,6,0,0,3,0,0.28,0.19,0.47,0.28,0.47,21.3,6,51,26,51.0,2.4,1.22,0.12,0.23,0,0,68,56.0,22,81,14,6,21,0,2.21,42,19,23,1.08,-0.06,0,33,55,4,16,14,37,,,0,,,,,,,,,,,,,,,
ESP-La Liga,2526,Real Madrid,Kylian Mbappé,FRA,FW,26,1998,31,29,2599,28.9,25,5,30,17,8,9,4,0,0.87,0.17,1.04,0.59,0.76,28.9,25,146,63,43.2,5.06,2.18,0.17,0.4,8,9,84,76.0,29,88,20,2,25,1,2.29,55,26,29,1.0,-0.42,0,13,36,39,26,3,1,,,0,,,,,,,,,,,,,,,
ESP-La Liga,2526,Real Madrid,Manuel Serrano,ESP,DF,21,2004,1,0,7,0.1,0,0,0,0,0,0,0,0,0.0,0.0,0.0,0.0,0.0,0.1,0,0,0,,0.0,0.0,,,0,0,7,0.2,0,,0,1,7,0,3.0,1,1,0,0.0,-1.11,0,0,0,0,0,0,0,,,0,,,,,,,,,,,,,,,
ESP-La Liga,2526,Real Madrid,Manuel Ángel,ESP,MF,21,2004,4,1,96,1.1,0,0,0,0,0,0,0,0,0.0,0.0,0.0,0.0,0.0,1.1,0,2,1,50.0,1.87,0.94,0.0,0.0,0,0,24,2.8,1,58,0,3,13,3,1.75,3,3,0,0.0,-1.14,0,2,4,0,0,0,3,,,1,,,,,,,,,,,,,,,
ESP-La Liga,2526,Real Madrid,Raúl Asencio,ESP,DF,22,2003,23,18,1708,19.0,2,0,2,2,0,0,4,0,0.11,0.0,0.11,0.11,0.11,19.0,2,14,4,28.6,0.74,0.21,0.14,0.5,0,0,74,49.9,18,85,14,5,34,10,2.22,37,17,20,1.05,-0.1,0,17,23,0,1,10,12,,,0,,,,,,,,,,,,,,,
ESP-La Liga,2526,Real Madrid,Rodrygo,BRA,"MF,FW",24,2001,19,6,684,7.6,1,3,4,1,0,0,3,0,0.13,0.39,0.53,0.13,0.53,7.6,1,27,11,40.7,3.55,1.45,0.04,0.09,0,0,36,20.0,6,75,1,13,18,3,2.21,11,5,6,0.79,-0.39,0,5,23,0,42,3,8,,,0,,,,,,,,,,,,,,,
ESP-La Liga,2526,Real Madrid,Thiago Pinar,ESP,MF,17,2007,10,8,592,6.6,0,2,2,0,0,0,2,0,0.0,0.3,0.3,0.0,0.3,6.6,0,6,2,33.3,0.91,0.3,0.0,0.0,0,0,59,17.3,8,69,1,2,20,11,1.9,12,6,6,0.91,-0.23,0,12,7,3,0,7,4,,,0,,,,,,,,,,,,,,,
ESP-La Liga,2526,Real Madrid,Thibaut Courtois,BEL,GK,33,1992,32,32,2880,32.0,0,0,0,0,0,0,1,0,0.0,0.0,0.0,0.0,0.0,32.0,0,0,0,,0.0,0.0,,,0,0,90,84.2,32,90,32,0,,0,2.34,67,28,39,1.22,0.72,0,1,2,0,0,0,1,,,0,28,0.87,98,70,71.4,24,3,5,13,40.6,4,4,0,0,0.0
ESP-La Liga,2526,Real Madrid,Trent Alexander-Arnold,ENG,DF,26,1998,21,14,1163,12.9,0,4,4,0,0,0,4,0,0.0,0.31,0.31,0.0,0.31,12.9,0,10,2,20.0,0.77,0.15,0.0,0.0,0,0,55,34.0,14,76,6,7,15,3,2.05,25,14,11,0.85,-0.38,0,10,5,0,126,13,10,,,0,,,,,,,,,,,,,,,
ESP-La Liga,2526,Real Madrid,Victor Valdepeñas,ESP,DF,18,2006,1,1,77,0.9,0,0,0,0,0,0,0,0,0.0,0.0,0.0,0.0,0.0,0.9,0,0,0,,0.0,0.0,,,0,0,77,2.3,1,77,0,0,,0,3.0,2,1,1,1.17,0.07,0,3,1,0,1,0,3,,,0,,,,,,,,,,,,,,,
ESP-La Liga,2526,Real Madrid,Vinicius Júnior,BRA,"FW,MF",25,2000,36,32,2815,31.3,16,5,21,12,4,5,8,0,0.51,0.16,0.67,0.38,0.54,31.3,16,100,46,46.0,3.2,1.47,0.16,0.35,4,5,78,82.3,32,84,18,4,33,0,2.22,64,30,34,1.09,-0.1,0,38,81,13,63,2,15,,,0,,,,,,,,,,,,,,,
ESP-La Liga,2526,Real Madrid,Álvaro Carreras,ESP,DF,22,2003,28,26,2332,25.9,2,3,5,2,0,0,5,1,0.08,0.12,0.19,0.08,0.19,25.9,2,9,3,33.3,0.35,0.12,0.22,0.67,0,0,83,68.2,26,90,23,2,3,5,2.25,56,23,33,1.27,0.53,0,22,33,5,30,38,18,,,0,,,,,,,,,,,,,,,
ESP-La Liga,2526,Real Madrid,Álvaro Leiva,ESP,FW,22,2002,1,0,4,0.0,0,0,0,0,0,0,0,0,0.0,0.0,0.0,0.0,0.0,0.0,0,0,0,,0.0,0.0,,,0,0,4,0.1,0,,0,1,4,1,3.0,0,0,0,0.0,-1.11,0,0,0,0,0,0,0,,,0,,,,,,,,,,,,,,,
ESP-La Liga,2526,Real Madrid,Éder Militão,BRA,DF,27,1998,16,14,1139,12.7,2,1,3,2,0,0,2,0,0.16,0.08,0.24,0.16,0.24,12.7,2,21,9,42.9,1.66,0.71,0.1,0.22,0,0,71,33.3,14,76,9,2,39,2,2.06,26,9,17,1.34,0.36,0,15,13,0,1,10,16,,,0,,,,,,,,,,,,,,,
ESP-La Liga,2526,Real Sociedad,Aihen Muñoz,ESP,DF,27,1997,21,9,848,9.4,1,0,1,1,0,0,1,0,0.11,0.0,0.11,0.11,0.11,9.4,1,6,2,33.3,0.64,0.21,0.17,0.5,0,0,40,24.8,9,77,3,12,13,15,1.38,13,19,-6,-0.64,-0.78,0,7,3,0,24,5,18,,,0,,,,,,,,,,,,,,,
ESP-La Liga,2526,Real Sociedad,Ander Barrenetxea,ESP,MF,23,2001,30,22,1763,19.6,3,5,8,3,0,0,5,0,0.15,0.26,0.41,0.15,0.41,19.6,3,35,11,31.4,1.79,0.56,0.09,0.27,0,0,59,51.5,22,69,5,8,30,0,1.27,29,27,2,0.1,0.32,0,37,30,5,72,17,18,,,0,,,,,,,,,,,,,,,
ESP-La Liga,2526,Real Sociedad,Aritz Elustondo,ESP,DF,31,1994,16,8,720,8.0,0,1,1,0,0,0,0,0,0.0,0.12,0.12,0.0,0.12,8.0,0,4,2,50.0,0.5,0.25,0.0,0.0,0,0,45,21.1,8,73,2,8,18,19,0.81,14,15,-1,-0.12,-0.09,0,17,11,0,6,10,8,,,0,,,,,,,,,,,,,,,
ESP-La Liga,2526,Real Sociedad,Arkaitz Mariezkurrena,ESP,FW,20,2005,1,0,1,0.0,0,0,0,0,0,0,0,0,0.0,0.0,0.0,0.0,0.0,0.0,0,0,0,,0.0,0.0,,,0,0,1,0.0,0,,0,1,1,0,1.0,0,1,-1,-90.0,-89.97,0,2,0,0,0,0,0,,,0,,,,,,,,,,,,,,,
ESP-La Liga,2526,Real Sociedad,Arsen Zakharyan,RUS,MF,22,2003,17,3,458,5.1,0,0,0,0,0,0,2,0,0.0,0.0,0.0,0.0,0.0,5.1,0,14,3,21.4,2.75,0.59,0.0,0.0,0,0,27,13.4,3,59,0,14,20,15,1.0,11,13,-2,-0.39,-0.39,0,9,2,4,26,2,6,,,0,,,,,,,,,,,,,,,
ESP-La Liga,2526,Real Sociedad,Beñat Turrientes,ESP,MF,23,2002,27,16,1348,15.0,0,3,3,0,0,0,7,0,0.0,0.2,0.2,0.0,0.2,15.0,0,20,6,30.0,1.34,0.4,0.0,0.0,0,0,50,39.4,16,70,4,11,21,10,1.33,24,21,3,0.2,0.42,0,28,23,0,9,9,23,,,0,,,,,,,,,,,,,,,
ESP-La Liga,2526,Real Sociedad,Brais Méndez,ESP,"MF,FW",28,1997,29,21,1660,18.4,6,2,8,5,1,2,4,1,0.33,0.11,0.43,0.27,0.38,18.4,6,36,16,44.4,1.95,0.87,0.17,0.38,1,2,57,48.5,21,71,3,8,22,5,1.24,26,27,-1,-0.05,0.0,0,42,35,7,62,8,18,,,0,,,,,,,,,,,,,,,
ESP-La Liga,2526,Real Sociedad,Carlos Soler,ESP,MF,28,1997,33,26,2317,25.7,4,3,7,4,0,0,3,1,0.16,0.12,0.27,0.16,0.27,25.7,4,35,19,54.3,1.36,0.74,0.11,0.21,0,0,70,67.7,26,81,10,7,31,1,1.21,37,39,-2,-0.08,-0.08,0,28,20,0,73,16,22,,,0,,,,,,,,,,,,,,,
ESP-La Liga,2526,Real Sociedad,Daniel Díaz,ESP,FW,19,2006,1,0,18,0.2,0,0,0,0,0,0,0,0,0.0,0.0,0.0,0.0,0.0,0.2,0,0,0,,0.0,0.0,,,0,0,18,0.5,0,,0,1,18,3,0.0,0,0,0,0.0,0.05,0,0,0,0,1,0,0,,,0,,,,,,,,,,,,,,,
ESP-La Liga,2526,Real Sociedad,Duje Ćaleta-Car,CRO,DF,28,1996,27,24,2150,23.9,1,0,1,1,0,0,6,1,0.04,0.0,0.04,0.04,0.04,23.9,1,13,3,23.1,0.54,0.13,0.08,0.33,0,0,80,62.9,24,86,21,3,27,9,1.3,35,33,2,0.08,0.37,0,30,8,1,1,29,14,,,1,,,,,,,,,,,,,,,
ESP-La Liga,2526,Real Sociedad,Gonçalo Guedes,POR,MF,28,1996,32,22,1823,20.3,8,4,12,8,0,0,3,0,0.39,0.2,0.59,0.39,0.59,20.3,8,46,18,39.1,2.27,0.89,0.17,0.44,0,0,57,53.3,22,72,5,10,25,0,1.31,32,26,6,0.3,0.75,0,18,33,13,70,4,16,,,0,,,,,,,,,,,,,,,
ESP-La Liga,2526,Real Sociedad,Gorka Carrera,ESP,FW,20,2005,3,0,62,0.7,0,0,0,0,0,0,1,0,0.0,0.0,0.0,0.0,0.0,0.7,0,1,1,100.0,1.45,1.45,0.0,0.0,0,0,21,1.8,0,,0,3,21,1,0.67,3,2,1,1.45,1.53,0,2,2,0,0,1,0,,,0,,,,,,,,,,,,,,,
ESP-La Liga,2526,Real Sociedad,Ibai Aguirre,ESP,MF,18,2007,1,0,6,0.1,0,0,0,0,0,0,0,0,0.0,0.0,0.0,0.0,0.0,0.1,0,0,0,,0.0,0.0,,,0,0,6,0.2,0,,0,1,6,8,3.0,0,0,0,0.0,0.05,0,1,0,0,0,0,0,,,0,,,,,,,,,,,,,,,
ESP-La Liga,2526,Real Sociedad,Igor Zubeldia,ESP,DF,28,1997,25,23,2082,23.1,0,1,1,0,0,0,9,0,0.0,0.04,0.04,0.0,0.04,23.1,0,6,1,16.7,0.26,0.04,0.0,0.0,0,0,83,60.9,23,88,22,2,25,3,1.28,34,37,-3,-0.13,-0.2,0,38,5,0,0,23,21,,,0,,,,,,,,,,,,,,,
ESP-La Liga,2526,Real Sociedad,Iñaki Rupérez,ESP,DF,22,2003,1,0,1,0.0,0,0,0,0,0,0,0,0,0.0,0.0,0.0,0.0,0.0,0.0,0,0,0,,0.0,0.0,,,0,0,1,0.0,0,,0,1,1,0,1.0,0,0,0,0.0,0.05,0,0,0,0,0,0,0,,,0,,,,,,,,,,,,,,,
ESP-La Liga,2526,Real Sociedad,Job Ochieng',KEN,MF,22,2003,2,1,93,1.0,0,0,0,0,0,0,0,0,0.0,0.0,0.0,0.0,0.0,1.0,0,1,0,0.0,0.97,0.0,0.0,,0,0,47,2.7,1,67,0,1,26,6,2.0,2,1,1,0.97,1.05,0,1,0,1,3,1,1,,,0,,,,,,,,,,,,,,,
ESP-La Liga,2526,Real Sociedad,Jon Aramburu,VEN,DF,23,2002,35,31,2773,30.8,1,0,1,1,0,0,11,0,0.03,0.0,0.03,0.03,0.03,30.8,1,21,5,23.8,0.68,0.16,0.05,0.2,0,0,79,81.1,31,86,22,4,28,0,1.26,45,49,-4,-0.13,-0.41,0,69,45,3,48,47,66,,,0,,,,,,,,,,,,,,,
ESP-La Liga,2526,Real Sociedad,Jon Gorrotxategi,ESP,MF,23,2002,30,26,2210,24.6,1,3,4,1,0,0,7,0,0.04,0.12,0.16,0.04,0.16,24.6,1,13,1,7.7,0.53,0.04,0.08,1.0,0,0,74,64.6,26,80,15,4,30,2,1.2,36,39,-3,-0.12,-0.2,0,33,27,0,5,31,29,,,1,,,,,,,,,,,,,,,
ESP-La Liga,2526,Real Sociedad,Jon Karrikaburu,ESP,FW,22,2002,7,0,135,1.5,0,0,0,0,0,0,0,0,0.0,0.0,0.0,0.0,0.0,1.5,0,7,2,28.6,4.67,1.33,0.0,0.0,0,0,19,3.9,0,,0,7,19,19,0.14,1,3,-2,-1.33,-1.33,0,3,4,2,1,0,2,,,0,,,,,,,,,,,,,,,
ESP-La Liga,2526,Real Sociedad,Jon Martin,ESP,DF,19,2006,25,25,2250,25.0,2,0,2,2,0,0,6,0,0.08,0.0,0.08,0.08,0.08,25.0,2,15,5,33.3,0.6,0.2,0.13,0.4,0,0,90,65.8,25,90,25,0,,8,1.2,42,44,-2,-0.08,-0.08,0,18,12,1,0,35,16,,,0,,,,,,,,,,,,,,,
ESP-La Liga,2526,Real Sociedad,Lander Astiazaran,ESP,MF,19,2006,1,0,1,0.0,0,0,0,0,0,0,0,0,0.0,0.0,0.0,0.0,0.0,0.0,0,1,0,0.0,90.0,0.0,0.0,,0,0,1,0.0,0,,0,1,1,0,1.0,0,1,-1,-90.0,-89.97,0,0,0,0,0,1,0,,,0,,,,,,,,,,,,,,,
ESP-La Liga,2526,Real Sociedad,Luka Sučić,CRO,"MF,FW",22,2002,22,10,1022,11.4,3,1,4,3,0,0,1,0,0.26,0.09,0.35,0.26,0.35,11.4,3,23,7,30.4,2.03,0.62,0.13,0.43,0,0,46,29.9,10,70,2,12,27,13,1.23,22,17,5,0.44,0.7,0,11,6,1,6,5,8,,,0,,,,,,,,,,,,,,,
ESP-La Liga,2526,Real Sociedad,Luken Beitia,ESP,DF,21,2004,2,1,95,1.1,0,0,0,0,0,0,0,0,0.0,0.0,0.0,0.0,0.0,1.1,0,0,0,,0.0,0.0,,,0,0,48,2.8,1,90,1,1,5,9,1.0,1,2,-1,-0.95,-0.92,0,3,1,0,0,1,0,,,0,,,,,,,,,,,,,,,
ESP-La Liga,2526,Real Sociedad,Mikel Goti,ESP,MF,23,2002,4,1,76,0.8,0,0,0,0,0,0,0,0,0.0,0.0,0.0,0.0,0.0,0.8,0,3,0,0.0,3.55,0.0,0.0,,0,0,19,2.2,1,56,0,3,7,13,0.75,3,3,0,0.0,0.05,0,6,0,0,3,0,1,,,0,,,,,,,,,,,,,,,
ESP-La Liga,2526,Real Sociedad,Mikel Oyarzabal,ESP,FW,28,1997,34,30,2710,30.1,15,4,19,8,7,7,3,0,0.5,0.13,0.63,0.27,0.4,30.1,15,79,36,45.6,2.62,1.2,0.19,0.42,7,7,80,79.2,30,86,21,4,30,1,1.32,48,45,3,0.1,0.73,0,28,42,14,21,5,20,,,0,,,,,,,,,,,,,,,
ESP-La Liga,2526,Real Sociedad,Orri Steinn Óskarsson,ISL,FW,20,2004,20,8,835,9.3,9,0,9,9,0,0,5,0,0.97,0.0,0.97,0.97,0.97,9.3,9,27,19,70.4,2.91,2.05,0.33,0.47,0,0,42,24.4,8,73,2,12,21,1,1.05,19,15,4,0.43,0.64,0,15,7,13,5,1,5,,,0,,,,,,,,,,,,,,,
ESP-La Liga,2526,Real Sociedad,Pablo Marín,ESP,MF,22,2003,34,15,1502,16.7,0,1,1,0,0,0,2,0,0.0,0.06,0.06,0.0,0.06,16.7,0,13,4,30.8,0.78,0.24,0.0,0.0,0,0,44,43.9,15,71,4,19,23,4,1.26,28,35,-7,-0.42,-0.65,0,22,23,5,17,9,18,,,0,,,,,,,,,,,,,,,
ESP-La Liga,2526,Real Sociedad,Sergio Gómez,ESP,DF,24,2000,35,30,2701,30.0,0,6,6,0,0,0,5,1,0.0,0.2,0.2,0.0,0.2,30.0,0,12,0,0.0,0.4,0.0,0.0,,0,0,77,79.0,30,86,20,5,23,1,1.23,47,45,2,0.07,0.57,0,45,15,4,153,32,53,,,0,,,,,,,,,,,,,,,
ESP-La Liga,2526,Real Sociedad,Takefusa Kubo,JPN,MF,24,2001,24,17,1503,16.7,2,4,6,2,0,0,2,0,0.12,0.24,0.36,0.12,0.36,16.7,2,28,12,42.9,1.68,0.72,0.07,0.17,0,0,63,43.9,17,76,4,7,31,3,1.0,17,22,-5,-0.3,-0.44,0,9,51,11,39,10,18,,,0,,,,,,,,,,,,,,,
ESP-La Liga,2526,Real Sociedad,Umar Sadiq,NGA,FW,28,1997,5,2,153,1.7,0,0,0,0,0,0,1,0,0.0,0.0,0.0,0.0,0.0,1.7,0,4,0,0.0,2.35,0.0,0.0,,0,0,31,4.5,2,55,0,3,14,6,0.8,1,2,-1,-0.59,-0.56,0,2,2,2,1,0,0,,,0,,,,,,,,,,,,,,,
ESP-La Liga,2526,Real Sociedad,Unai Marrero,ESP,GK,23,2001,1,1,90,1.0,0,0,0,0,0,0,1,0,0.0,0.0,0.0,0.0,0.0,1.0,0,0,0,,0.0,0.0,,,0,0,90,2.6,1,90,1,0,,35,1.0,1,1,0,0.0,0.05,0,0,0,0,0,0,0,,,0,1,1.0,8,7,87.5,0,1,0,0,0.0,0,0,0,0,
ESP-La Liga,2526,Real Sociedad,Urko González,ESP,"DF,MF",24,2001,1,0,11,0.1,0,0,0,0,0,0,0,0,0.0,0.0,0.0,0.0,0.0,0.1,0,0,0,,0.0,0.0,,,0,0,11,0.3,0,,0,1,11,1,1.0,0,0,0,0.0,0.05,0,0,0,0,0,0,0,,,0,,,,,,,,,,,,,,,
ESP-La Liga,2526,Real Sociedad,Wesley,BRA,MF,20,2005,5,1,88,1.0,0,0,0,0,0,0,0,0,0.0,0.0,0.0,0.0,0.0,1.0,0,1,0,0.0,1.02,0.0,0.0,,0,0,18,2.6,1,45,0,4,11,11,0.8,1,4,-3,-3.07,-3.1,0,3,1,0,3,0,0,,,0,,,,,,,,,,,,,,,
ESP-La Liga,2526,Real Sociedad,Yangel Herrera,VEN,MF,27,1998,12,6,526,5.8,0,0,0,0,0,0,2,0,0.0,0.0,0.0,0.0,0.0,5.8,0,5,1,20.0,0.86,0.17,0.0,0.0,0,0,44,15.4,6,69,2,6,19,4,1.42,11,16,-5,-0.86,-0.95,0,13,18,2,0,1,6,,,0,,,,,,,,,,,,,,,
ESP-La Liga,2526,Real Sociedad,Álex Remiro,ESP,GK,30,1995,37,37,3330,37.0,0,0,0,0,0,0,1,0,0.0,0.0,0.0,0.0,0.0,37.0,0,0,0,,0.0,0.0,,,0,0,90,97.4,37,90,37,0,,0,1.22,58,60,-2,-0.05,-0.05,0,0,7,1,0,1,1,,,1,60,1.62,159,99,62.3,11,12,14,3,8.1,5,5,0,0,0.0
ESP-La Liga,2526,Real Sociedad,Álvaro Odriozola,ESP,DF,29,1995,5,2,201,2.2,1,0,1,1,0,0,0,0,0.45,0.0,0.45,0.45,0.45,2.2,1,1,1,100.0,0.45,0.45,1.0,1.0,0,0,40,5.9,2,60,0,3,27,17,2.0,6,4,2,0.9,1.01,0,1,3,0,3,1,1,,,0,,,,,,,,,,,,,,,
ESP-La Liga,2526,Sevilla,Adnan Januzaj,BEL,"MF,FW",30,1995,12,2,321,3.6,0,0,0,0,0,0,1,0,0.0,0.0,0.0,0.0,0.0,3.6,0,7,0,0.0,1.96,0.0,0.0,,0,0,27,9.4,2,46,0,10,23,13,0.92,8,8,0,0.0,0.41,0,8,10,1,30,1,4,,,0,,,,,,,,,,,,,,,
ESP-La Liga,2526,Sevilla,Adrià Pedrosa,ESP,"DF,MF",27,1998,1,0,6,0.1,0,0,0,0,0,0,0,0,0.0,0.0,0.0,0.0,0.0,0.1,0,0,0,,0.0,0.0,,,0,0,6,0.2,0,,0,1,6,1,0.0,0,0,0,0.0,0.37,0,0,1,0,3,0,0,,,0,,,,,,,,,,,,,,,
ESP-La Liga,2526,Sevilla,Akor Adams,NGA,FW,25,2000,32,21,2064,22.9,10,3,13,7,3,3,3,0,0.44,0.13,0.57,0.31,0.44,22.9,10,61,30,49.2,2.66,1.31,0.16,0.33,3,3,65,60.4,21,85,14,11,25,1,1.13,32,40,-8,-0.35,0.05,0,36,12,41,17,1,4,,,0,,,,,,,,,,,,,,,
ESP-La Liga,2526,Sevilla,Alexis Sánchez,CHI,"FW,MF",36,1988,28,11,1308,14.5,4,2,6,3,1,1,3,0,0.28,0.14,0.41,0.21,0.34,14.5,4,25,9,36.0,1.72,0.62,0.16,0.44,1,1,47,38.2,11,74,3,17,29,3,1.14,20,32,-12,-0.83,-0.74,0,16,26,13,25,7,13,,,0,,,,,,,,,,,,,,,
ESP-La Liga,2526,Sevilla,Alfon,ESP,MF,26,1999,10,4,312,3.5,1,0,1,1,0,0,0,0,0.29,0.0,0.29,0.29,0.29,3.5,1,11,7,63.6,3.17,2.02,0.09,0.14,0,0,31,9.1,4,56,1,6,15,1,1.1,5,6,-1,-0.29,0.09,0,3,6,0,4,1,0,,,0,,,,,,,,,,,,,,,
ESP-La Liga,2526,Sevilla,Batista Mendy,FRA,MF,25,2000,27,19,1617,18.0,1,0,1,1,0,0,6,0,0.06,0.0,0.06,0.06,0.06,18.0,1,17,5,29.4,0.95,0.28,0.06,0.2,0,0,60,47.3,19,78,10,8,17,5,1.15,16,26,-10,-0.56,-0.36,0,37,27,0,5,18,23,,,0,,,,,,,,,,,,,,,
ESP-La Liga,2526,Sevilla,Carmona,ESP,"DF,MF",23,2002,35,29,2565,28.5,1,3,4,1,0,0,13,0,0.04,0.11,0.14,0.04,0.14,28.5,1,20,3,15.0,0.7,0.11,0.05,0.33,0,0,73,75.0,29,82,21,6,33,1,1.11,32,47,-15,-0.53,-0.63,0,49,44,3,48,45,40,,,0,,,,,,,,,,,,,,,
ESP-La Liga,2526,Sevilla,Castrin,ESP,DF,22,2003,19,13,1277,14.2,1,0,1,1,0,0,4,0,0.07,0.0,0.07,0.07,0.07,14.2,1,11,3,27.3,0.78,0.21,0.09,0.33,0,0,67,37.3,13,86,11,6,27,13,1.21,20,16,4,0.28,1.04,0,13,13,1,1,22,15,,,0,,,,,,,,,,,,,,,
ESP-La Liga,2526,Sevilla,Chidera Ejuke,NGA,"MF,FW",27,1998,27,6,932,10.4,1,1,2,1,0,0,0,0,0.1,0.1,0.19,0.1,0.19,10.4,1,23,3,13.0,2.22,0.29,0.04,0.33,0,0,35,27.3,6,66,1,21,26,7,1.07,17,15,2,0.19,0.77,0,5,16,2,27,7,13,,,0,,,,,,,,,,,,,,,
ESP-La Liga,2526,Sevilla,César Azpilicueta,ESP,DF,35,1989,17,17,1213,13.5,0,1,1,0,0,0,4,0,0.0,0.07,0.07,0.0,0.07,13.5,0,1,0,0.0,0.07,0.0,0.0,,0,0,71,35.5,17,71,10,0,,4,1.24,18,16,2,0.15,0.8,0,24,9,1,12,22,19,,,0,,,,,,,,,,,,,,,
ESP-La Liga,2526,Sevilla,Djibril Sow,SUI,MF,28,1997,33,27,2187,24.3,5,4,9,5,0,0,6,0,0.21,0.16,0.37,0.21,0.37,24.3,5,19,8,42.1,0.78,0.33,0.26,0.63,0,0,66,63.9,27,76,10,6,22,2,1.0,27,43,-16,-0.66,-0.8,0,42,29,3,22,23,27,,,0,,,,,,,,,,,,,,,
ESP-La Liga,2526,Sevilla,Dodi Lukebakio,BEL,MF,27,1997,2,2,180,2.0,1,0,1,1,0,0,0,0,0.5,0.0,0.5,0.5,0.5,2.0,1,2,1,50.0,1.0,0.5,0.5,1.0,0,0,90,5.3,2,90,2,0,,0,0.0,3,5,-2,-1.0,-0.67,0,3,3,0,10,1,0,,,0,,,,,,,,,,,,,,,
ESP-La Liga,2526,Sevilla,Federico Gattoni,ARG,DF,26,1999,1,0,10,0.1,0,0,0,0,0,0,0,0,0.0,0.0,0.0,0.0,0.0,0.1,0,0,0,,0.0,0.0,,,0,0,10,0.3,0,,0,1,10,13,1.0,0,0,0,0.0,0.37,0,0,0,0,0,0,0,,,0,,,,,,,,,,,,,,,
ESP-La Liga,2526,Sevilla,Fábio Cardoso,POR,DF,31,1994,4,4,295,3.3,0,0,0,0,0,0,0,0,0.0,0.0,0.0,0.0,0.0,3.3,0,0,0,,0.0,0.0,,,0,0,74,8.6,4,74,1,0,,24,1.5,6,5,1,0.31,0.74,0,9,1,0,0,4,3,,,0,,,,,,,,,,,,,,,
ESP-La Liga,2526,Sevilla,Gabriel Suazo,CHI,"DF,MF",27,1997,29,25,2096,23.3,0,2,2,0,0,0,7,0,0.0,0.09,0.09,0.0,0.09,23.3,0,5,2,40.0,0.21,0.09,0.0,0.0,0,0,72,61.3,25,81,19,4,18,1,1.31,28,37,-9,-0.39,-0.05,0,33,15,2,95,29,62,,,0,,,,,,,,,,,,,,,
ESP-La Liga,2526,Sevilla,Isaac Romero,ESP,"FW,MF",25,2000,29,18,1484,16.5,4,0,4,4,0,1,6,1,0.24,0.0,0.24,0.24,0.24,16.5,4,41,14,34.1,2.49,0.85,0.1,0.29,0,1,51,43.4,18,69,1,11,22,4,1.0,16,21,-5,-0.3,0.12,0,29,24,5,10,5,10,,,0,,,,,,,,,,,,,,,
ESP-La Liga,2526,Sevilla,Joan Jordán,ESP,MF,31,1994,3,0,25,0.3,0,0,0,0,0,0,1,1,0.0,0.0,0.0,0.0,0.0,0.3,0,0,0,,0.0,0.0,,,0,0,8,0.7,0,,0,3,8,19,2.0,2,2,0,0.0,0.37,0,4,0,0,0,0,0,,,0,,,,,,,,,,,,,,,
ESP-La Liga,2526,Sevilla,Joaquín Martínez Gauna,ESP,"MF,DF",22,2003,21,14,1408,15.6,2,3,5,2,0,0,1,0,0.13,0.19,0.32,0.13,0.32,15.6,2,17,8,47.1,1.09,0.51,0.12,0.25,0,0,67,41.2,14,86,9,7,29,11,1.05,22,24,-2,-0.13,0.41,0,12,16,4,88,8,20,,,0,,,,,,,,,,,,,,,
ESP-La Liga,2526,Sevilla,Juanlu Sánchez,ESP,"MF,DF",21,2003,32,23,1990,22.1,0,3,3,0,0,0,6,1,0.0,0.14,0.14,0.0,0.14,22.1,0,14,1,7.1,0.63,0.05,0.0,0.0,0,0,62,58.2,23,75,9,9,29,3,0.94,24,36,-12,-0.54,-0.42,1,23,42,4,59,11,42,,,0,,,,,,,,,,,,,,,
ESP-La Liga,2526,Sevilla,Kike Salas,ESP,DF,23,2002,26,24,2203,24.5,2,0,2,2,0,0,1,0,0.08,0.0,0.08,0.08,0.08,24.5,2,19,8,42.1,0.78,0.33,0.11,0.25,0,0,85,64.4,24,90,23,2,26,8,1.0,26,38,-12,-0.49,-0.34,0,31,20,2,10,37,35,,,0,,,,,,,,,,,,,,,
ESP-La Liga,2526,Sevilla,Lucien Agoume,FRA,MF,23,2002,34,31,2686,29.8,1,3,4,1,0,0,12,0,0.03,0.1,0.13,0.03,0.13,29.8,1,15,2,13.3,0.5,0.07,0.07,0.5,0,0,79,78.5,31,84,20,3,26,1,1.18,39,48,-9,-0.3,0.31,0,58,16,8,18,49,40,,,0,,,,,,,,,,,,,,,
ESP-La Liga,2526,Sevilla,Manu Bueno,ESP,MF,21,2004,8,2,272,3.0,0,0,0,0,0,0,2,0,0.0,0.0,0.0,0.0,0.0,3.0,0,2,0,0.0,0.66,0.0,0.0,,0,0,34,8.0,2,67,0,6,23,22,1.88,5,2,3,0.99,1.48,0,4,3,0,2,0,1,,,0,,,,,,,,,,,,,,,
ESP-La Liga,2526,Sevilla,Marcão,BRA,DF,29,1996,13,11,938,10.4,1,0,1,1,0,0,5,1,0.1,0.0,0.1,0.1,0.1,10.4,1,10,2,20.0,0.96,0.19,0.1,0.5,0,0,72,27.4,11,84,9,2,8,2,1.23,13,15,-2,-0.19,0.24,1,22,21,1,1,4,4,,,0,,,,,,,,,,,,,,,
ESP-La Liga,2526,Sevilla,Miguel Ángel Sierra,ESP,FW,21,2004,4,0,62,0.7,0,0,0,0,0,0,0,0,0.0,0.0,0.0,0.0,0.0,0.7,0,4,1,25.0,5.81,1.45,0.0,0.0,0,0,16,1.8,0,,0,4,16,11,1.0,3,1,2,2.9,3.33,0,1,3,0,4,0,1,,,0,,,,,,,,,,,,,,,
ESP-La Liga,2526,Sevilla,Neal Maupay,FRA,FW,28,1996,12,10,865,9.6,2,1,3,2,0,0,2,0,0.21,0.1,0.31,0.21,0.31,9.6,2,17,7,41.2,1.77,0.73,0.12,0.29,0,0,72,25.3,10,79,3,2,36,2,1.17,11,14,-3,-0.31,0.08,0,15,16,3,4,1,1,,,0,,,,,,,,,,,,,,,
ESP-La Liga,2526,Sevilla,Nemanja Gudelj,SRB,"DF,MF",33,1991,34,26,2348,26.1,2,0,2,2,0,0,9,0,0.08,0.0,0.08,0.08,0.08,26.1,2,31,9,29.0,1.19,0.34,0.06,0.22,0,0,69,68.7,26,85,19,8,19,3,1.18,33,41,-8,-0.31,0.2,0,40,11,0,7,23,23,,,0,,,,,,,,,,,,,,,
ESP-La Liga,2526,Sevilla,Odysseas Vlachodimos,GRE,GK,31,1994,33,33,2970,33.0,0,0,0,0,0,0,1,0,0.0,0.0,0.0,0.0,0.0,33.0,0,0,0,,0.0,0.0,,,0,0,90,86.8,33,90,33,0,,3,1.18,39,52,-13,-0.39,-0.19,0,0,2,0,0,1,0,,,0,52,1.58,140,88,62.9,11,6,16,5,15.2,10,8,1,1,11.1
ESP-La Liga,2526,Sevilla,Peque,ESP,"MF,FW",22,2002,26,12,982,10.9,2,1,3,2,0,0,7,0,0.18,0.09,0.27,0.18,0.27,10.9,2,15,6,40.0,1.37,0.55,0.13,0.33,0,0,38,28.7,12,66,1,14,14,8,1.23,8,15,-7,-0.64,-0.38,0,15,47,1,28,1,8,,,0,,,,,,,,,,,,,,,
ESP-La Liga,2526,Sevilla,Ramón Martínez,ESP,DF,22,2002,2,0,102,1.1,0,0,0,0,0,0,0,0,0.0,0.0,0.0,0.0,0.0,1.1,0,0,0,,0.0,0.0,,,0,0,51,3.0,0,,0,2,51,9,1.5,2,3,-1,-0.88,-0.53,0,1,1,0,0,1,0,,,0,,,,,,,,,,,,,,,
ESP-La Liga,2526,Sevilla,Ruben Vargas,SUI,"MF,FW",26,1998,24,20,1594,17.7,3,6,9,2,1,1,2,0,0.17,0.34,0.51,0.11,0.45,17.7,3,41,8,19.5,2.31,0.45,0.07,0.38,1,1,66,46.6,20,74,2,4,28,0,1.17,18,27,-9,-0.51,-0.26,0,13,17,7,90,7,15,,,0,,,,,,,,,,,,,,,
ESP-La Liga,2526,Sevilla,Stanis Idumbo,BEL,MF,20,2005,1,1,45,0.5,0,0,0,0,0,0,0,0,0.0,0.0,0.0,0.0,0.0,0.5,0,1,0,0.0,2.0,0.0,0.0,,0,0,45,1.3,1,45,0,0,,0,0.0,0,2,-2,-4.0,-3.68,0,0,0,0,0,0,0,,,0,,,,,,,,,,,,,,,
ESP-La Liga,2526,Sevilla,Tanguy Nianzou,FRA,DF,23,2002,12,8,655,7.3,0,0,0,0,0,0,5,1,0.0,0.0,0.0,0.0,0.0,7.3,0,9,0,0.0,1.24,0.0,0.0,,0,0,55,19.2,8,68,2,4,28,9,1.08,7,16,-9,-1.24,-1.07,0,15,6,0,0,4,10,,,0,,,,,,,,,,,,,,,
ESP-La Liga,2526,Sevilla,Ørjan Nyland,NOR,GK,34,1990,5,5,450,5.0,0,0,0,0,0,0,1,0,0.0,0.0,0.0,0.0,0.0,5.0,0,0,0,,0.0,0.0,,,0,0,90,13.2,5,90,5,0,,32,0.8,7,8,-1,-0.2,0.19,0,0,0,0,0,0,0,,,0,8,1.6,19,11,57.9,1,1,3,1,20.0,1,1,0,0,0.0
ESP-La Liga,2526,Valencia,André Almeida,POR,MF,25,2000,22,11,1017,11.3,0,2,2,0,0,0,0,0,0.0,0.18,0.18,0.0,0.18,11.3,0,9,3,33.3,0.8,0.27,0.0,0.0,0,0,46,29.7,11,75,3,11,17,15,1.23,14,14,0,0.0,0.34,0,12,22,0,65,8,11,,,0,,,,,,,,,,,,,,,
ESP-La Liga,2526,Valencia,Arnaut Danjuma,NED,"MF,FW",28,1997,30,18,1628,18.1,3,2,5,3,0,1,0,0,0.17,0.11,0.28,0.17,0.28,18.1,3,36,14,38.9,1.99,0.77,0.08,0.21,0,1,54,47.6,18,75,7,12,23,6,1.0,19,28,-9,-0.5,-0.5,0,21,22,5,49,2,10,,,0,,,,,,,,,,,,,,,
ESP-La Liga,2526,Valencia,Baptiste Santamaria,FRA,MF,30,1995,19,7,754,8.4,1,1,2,1,0,0,2,0,0.12,0.12,0.24,0.12,0.24,8.4,1,6,2,33.3,0.72,0.24,0.17,0.5,0,0,40,22.0,7,84,6,12,14,18,1.21,11,17,-6,-0.72,-0.61,0,13,10,1,3,8,5,,,0,,,,,,,,,,,,,,,
ESP-La Liga,2526,Valencia,Copete,ESP,DF,25,1999,21,19,1759,19.5,0,0,0,0,0,0,5,0,0.0,0.0,0.0,0.0,0.0,19.5,0,13,0,0.0,0.67,0.0,0.0,,0,0,84,51.4,19,88,15,2,47,3,0.9,17,32,-15,-0.77,-1.09,0,20,11,2,4,25,15,,,1,,,,,,,,,,,,,,,
ESP-La Liga,2526,Valencia,César Tárrega,ESP,DF,23,2002,32,29,2598,28.9,0,0,0,0,0,0,7,0,0.0,0.0,0.0,0.0,0.0,28.9,0,11,1,9.1,0.38,0.03,0.0,0.0,0,0,81,76.0,29,88,28,3,16,4,1.34,35,41,-6,-0.21,0.12,0,40,13,0,1,24,24,,,2,,,,,,,,,,,,,,,
ESP-La Liga,2526,Valencia,Dani Raba,ESP,FW,29,1995,13,3,270,3.0,0,1,1,0,0,0,0,0,0.0,0.33,0.33,0.0,0.33,3.0,0,9,1,11.1,3.0,0.33,0.0,0.0,0,0,21,7.9,3,51,0,10,12,23,1.23,5,4,1,0.33,0.62,0,6,2,0,14,4,4,,,0,,,,,,,,,,,,,,,
ESP-La Liga,2526,Valencia,Diego López,ESP,"MF,FW",23,2002,34,20,1762,19.6,4,1,5,4,0,0,2,0,0.2,0.05,0.26,0.2,0.26,19.6,4,28,8,28.6,1.43,0.41,0.14,0.5,0,0,52,51.5,20,74,6,14,20,2,1.35,15,30,-15,-0.77,-1.09,0,20,33,3,41,14,16,,,0,,,,,,,,,,,,,,,
ESP-La Liga,2526,Valencia,Dimitri Foulquier,FRA,DF,32,1993,15,12,1150,12.8,0,0,0,0,0,0,1,0,0.0,0.0,0.0,0.0,0.0,12.8,0,6,1,16.7,0.47,0.08,0.0,0.0,0,0,77,33.6,12,88,11,3,32,3,1.27,16,21,-5,-0.39,-0.23,0,16,7,0,11,8,9,,,0,,,,,,,,,,,,,,,
ESP-La Liga,2526,Valencia,Eray Cömert,SUI,DF,27,1998,17,15,1337,14.9,2,1,3,2,0,0,3,1,0.13,0.07,0.2,0.13,0.2,14.9,2,11,3,27.3,0.74,0.2,0.18,0.67,0,0,79,39.1,15,86,11,2,24,15,1.35,20,21,-1,-0.07,0.28,0,9,13,1,1,21,14,,,0,,,,,,,,,,,,,,,
ESP-La Liga,2526,Valencia,Filip Ugrinic,SUI,MF,26,1999,27,17,1504,16.7,0,3,3,0,0,0,3,0,0.0,0.18,0.18,0.0,0.18,16.7,0,20,3,15.0,1.2,0.18,0.0,0.0,0,0,56,44.0,17,74,3,10,24,4,1.3,18,24,-6,-0.36,-0.22,0,17,13,6,56,11,16,,,0,,,,,,,,,,,,,,,
ESP-La Liga,2526,Valencia,Guido Rodríguez,ARG,MF,31,1994,16,14,1309,14.5,4,0,4,4,0,0,4,0,0.28,0.0,0.28,0.28,0.28,14.5,4,15,5,33.3,1.03,0.34,0.27,0.8,0,0,82,38.3,14,90,13,2,26,0,1.63,23,19,4,0.28,0.83,0,21,28,0,3,10,27,,,0,,,,,,,,,,,,,,,
ESP-La Liga,2526,Valencia,Hugo Duro,ESP,FW,25,1999,36,22,1979,22.0,10,0,10,9,1,2,4,0,0.45,0.0,0.45,0.41,0.41,22.0,10,36,14,38.9,1.64,0.64,0.28,0.71,1,2,55,57.9,22,74,7,14,24,1,1.31,29,34,-5,-0.23,0.02,0,22,38,6,1,3,9,,,0,,,,,,,,,,,,,,,
ESP-La Liga,2526,Valencia,Javier Guerra,ESP,"MF,FW",22,2003,36,25,2061,22.9,4,6,10,4,0,0,3,0,0.17,0.26,0.44,0.17,0.44,22.9,4,31,12,38.7,1.35,0.52,0.13,0.33,0,0,57,60.3,25,75,6,11,18,2,1.36,30,31,-1,-0.04,0.49,0,27,20,2,46,23,15,,,0,,,,,,,,,,,,,,,
ESP-La Liga,2526,Valencia,Jesus Vazquez,ESP,"DF,MF",22,2003,24,7,974,10.8,0,0,0,0,0,0,2,0,0.0,0.0,0.0,0.0,0.0,10.8,0,8,2,25.0,0.74,0.18,0.0,0.0,0,0,41,28.5,7,87,5,17,21,14,1.38,21,18,3,0.28,0.72,0,16,8,2,26,4,10,,,0,,,,,,,,,,,,,,,
ESP-La Liga,2526,Valencia,José Luis García Vayá,ESP,"MF,DF",26,1998,31,26,2225,24.7,2,0,2,1,1,3,4,0,0.08,0.0,0.08,0.04,0.04,24.7,2,24,3,12.5,0.97,0.12,0.08,0.67,1,3,72,65.1,26,82,12,5,20,7,1.29,24,34,-10,-0.4,-0.48,0,30,14,1,46,19,33,,,0,,,,,,,,,,,,,,,
ESP-La Liga,2526,Valencia,José Luis Gayà,ESP,DF,30,1995,32,31,2448,27.2,1,2,3,1,0,0,6,1,0.04,0.07,0.11,0.04,0.11,27.2,1,13,3,23.1,0.48,0.11,0.08,0.33,0,0,77,71.6,31,79,16,1,9,2,1.16,23,37,-14,-0.51,-0.98,0,31,20,3,88,23,44,,,0,,,,,,,,,,,,,,,
ESP-La Liga,2526,Valencia,Julen Agirrezabala,ESP,GK,24,2000,18,18,1620,18.0,0,0,0,0,0,0,1,0,0.0,0.0,0.0,0.0,0.0,18.0,0,0,0,,0.0,0.0,,,0,0,90,47.4,18,90,18,0,,4,0.89,17,30,-13,-0.72,-0.92,0,0,1,0,0,0,1,,,0,30,1.67,83,52,63.9,3,7,8,4,22.2,4,3,1,0,25.0
ESP-La Liga,2526,Valencia,Largie Ramazani,BEL,"MF,FW",24,2001,27,11,1234,13.7,6,1,7,3,3,3,4,0,0.44,0.07,0.51,0.22,0.29,13.7,6,51,19,37.3,3.72,1.39,0.12,0.32,3,3,46,36.1,11,84,4,16,19,3,1.41,25,20,5,0.36,0.94,0,17,20,2,27,14,12,,,0,,,,,,,,,,,,,,,
ESP-La Liga,2526,Valencia,Lucas Beltrán,ARG,FW,24,2001,27,16,1365,15.2,1,2,3,1,0,0,1,0,0.07,0.13,0.2,0.07,0.2,15.2,1,34,9,26.5,2.24,0.59,0.03,0.11,0,0,51,39.9,16,69,2,11,23,0,1.07,17,21,-4,-0.26,-0.04,0,26,39,4,10,4,10,,,0,,,,,,,,,,,,,,,
ESP-La Liga,2526,Valencia,Luis Rioja,ESP,MF,31,1993,37,31,2624,29.2,3,6,9,3,0,0,1,0,0.1,0.21,0.31,0.1,0.31,29.2,3,44,5,11.4,1.51,0.17,0.07,0.6,0,0,71,76.7,31,79,13,6,29,0,1.32,35,38,-3,-0.1,0.58,0,13,29,9,152,17,25,,,0,,,,,,,,,,,,,,,
ESP-La Liga,2526,Valencia,Mouctar Diakhaby,GUI,DF,28,1996,8,7,543,6.0,1,0,1,1,0,0,3,0,0.17,0.0,0.17,0.17,0.17,6.0,1,4,3,75.0,0.66,0.5,0.25,0.33,0,0,68,15.9,7,74,5,1,24,2,0.88,9,11,-2,-0.33,-0.11,0,7,3,1,0,9,6,,,0,,,,,,,,,,,,,,,
ESP-La Liga,2526,Valencia,Renzo Saravia,ARG,DF,32,1993,5,4,351,3.9,0,0,0,0,0,0,2,0,0.0,0.0,0.0,0.0,0.0,3.9,0,1,0,0.0,0.26,0.0,0.0,,0,0,70,10.3,4,68,0,1,80,5,1.6,4,5,-1,-0.26,-0.02,0,4,10,0,1,7,5,,,0,,,,,,,,,,,,,,,
ESP-La Liga,2526,Valencia,Ruben Lendinez,ESP,DF,22,2003,1,0,4,0.0,0,0,0,0,0,0,0,0,0.0,0.0,0.0,0.0,0.0,0.0,0,0,0,,0.0,0.0,,,0,0,4,0.1,0,,0,1,4,24,3.0,0,0,0,0.0,0.24,0,1,0,0,0,0,1,,,0,,,,,,,,,,,,,,,
ESP-La Liga,2526,Valencia,Stole Dimitrievski,MKD,GK,31,1993,20,20,1800,20.0,0,0,0,0,0,0,1,0,0.0,0.0,0.0,0.0,0.0,20.0,0,0,0,,0.0,0.0,,,0,0,90,52.6,20,90,20,0,,15,1.65,29,25,4,0.2,0.92,0,0,4,0,0,1,0,,,0,25,1.25,77,52,67.5,10,3,7,5,25.0,4,3,0,1,0.0
ESP-La Liga,2526,Valencia,Thierry Correia,POR,"DF,MF",26,1999,24,17,1392,15.5,0,2,2,0,0,0,5,0,0.0,0.13,0.13,0.0,0.13,15.5,0,5,1,20.0,0.32,0.06,0.0,0.0,0,0,58,40.7,17,73,8,7,20,3,0.96,13,24,-11,-0.71,-0.8,0,28,25,4,42,18,22,,,0,,,,,,,,,,,,,,,
ESP-La Liga,2526,Valencia,Umar Sadiq,NGA,FW,28,1997,20,8,911,10.1,4,2,6,4,0,0,3,0,0.4,0.2,0.59,0.4,0.59,10.1,4,25,10,40.0,2.47,0.99,0.16,0.4,0,0,46,26.6,8,79,4,12,23,0,1.65,18,14,4,0.4,0.86,0,30,19,13,5,1,5,,,0,,,,,,,,,,,,,,,
ESP-La Liga,2526,Valencia,Unai Núñez,ESP,DF,28,1997,13,10,911,10.1,0,0,0,0,0,0,3,0,0.0,0.0,0.0,0.0,0.0,10.1,0,9,1,11.1,0.89,0.1,0.0,0.0,0,0,70,26.6,10,82,6,3,29,2,1.92,16,12,4,0.4,0.86,0,12,7,0,4,11,11,,,0,,,,,,,,,,,,,,,
ESP-La Liga,2526,Villarreal,Adrià Altimira,ESP,"DF,MF",24,2001,1,0,9,0.1,0,0,0,0,0,0,0,0,0.0,0.0,0.0,0.0,0.0,0.1,0,0,0,,0.0,0.0,,,0,0,9,0.3,0,,0,1,9,15,0.0,0,0,0,0.0,-0.69,0,0,0,0,0,0,1,,,0,,,,,,,,,,,,,,,
ESP-La Liga,2526,Villarreal,Alassane Diatta,SEN,MF,20,2005,1,0,25,0.3,0,0,0,0,0,0,0,0,0.0,0.0,0.0,0.0,0.0,0.3,0,0,0,,0.0,0.0,,,0,0,25,0.7,0,,0,1,25,8,3.0,0,0,0,0.0,-0.69,0,0,0,0,0,0,0,,,0,,,,,,,,,,,,,,,
ESP-La Liga,2526,Villarreal,Alberto Moleiro,ESP,MF,21,2003,37,30,2478,27.5,10,5,15,10,0,0,4,0,0.36,0.18,0.54,0.36,0.54,27.5,10,46,20,43.5,1.67,0.73,0.22,0.5,0,0,67,72.5,30,77,9,7,23,1,1.95,54,31,23,0.84,0.55,0,33,27,3,31,14,21,,,0,,,,,,,,,,,,,,,
ESP-La Liga,2526,Villarreal,Alex Freeman,USA,DF,20,2004,9,3,346,3.8,0,0,0,0,0,0,0,0,0.0,0.0,0.0,0.0,0.0,3.8,0,1,0,0.0,0.26,0.0,0.0,,0,0,38,10.1,3,90,3,6,13,9,1.56,10,6,4,1.04,0.4,0,2,3,0,1,5,8,,,0,,,,,,,,,,,,,,,
ESP-La Liga,2526,Villarreal,Alfon,ESP,MF,26,1999,10,3,333,3.7,1,0,1,1,0,0,0,0,0.27,0.0,0.27,0.27,0.27,3.7,1,6,3,50.0,1.62,0.81,0.17,0.33,0,0,33,9.7,3,64,0,7,20,4,1.7,4,4,0,0.0,-0.76,0,7,2,1,9,2,1,,,0,,,,,,,,,,,,,,,
ESP-La Liga,2526,Villarreal,Alfonso Pedraza,ESP,DF,29,1996,27,19,1689,18.8,1,3,4,1,0,0,8,0,0.05,0.16,0.21,0.05,0.21,18.8,1,11,3,27.3,0.59,0.16,0.09,0.33,0,0,63,49.4,19,80,10,8,21,9,1.89,39,24,15,0.8,0.23,0,27,23,4,84,29,31,,,0,,,,,,,,,,,,,,,
ESP-La Liga,2526,Villarreal,Arnau Tenas,ESP,GK,24,2001,10,10,900,10.0,0,0,0,0,0,0,0,0,0.0,0.0,0.0,0.0,0.0,10.0,0,0,0,,0.0,0.0,,,0,0,90,26.3,10,90,10,0,,26,1.5,21,16,5,0.5,-0.25,0,0,1,0,0,0,1,,,0,16,1.6,46,30,65.2,4,3,3,0,0.0,2,2,0,0,0.0
ESP-La Liga,2526,Villarreal,Ayoze Pérez,ESP,FW,32,1993,25,12,1124,12.5,5,4,9,4,1,1,4,0,0.4,0.32,0.72,0.32,0.64,12.5,5,24,11,45.8,1.92,0.88,0.21,0.45,1,1,45,32.9,12,69,1,13,23,2,1.8,22,20,2,0.16,-0.78,0,17,23,5,9,3,11,,,0,,,,,,,,,,,,,,,
ESP-La Liga,2526,Villarreal,Carlos Macià,ESP,MF,16,2008,5,0,83,0.9,0,0,0,0,0,0,1,0,0.0,0.0,0.0,0.0,0.0,0.9,0,1,0,0.0,1.08,0.0,0.0,,0,0,17,2.4,0,,0,5,17,3,1.8,2,1,1,1.08,0.41,0,1,0,0,0,2,0,,,0,,,,,,,,,,,,,,,
ESP-La Liga,2526,Villarreal,Daniel Parejo,ESP,MF,36,1989,32,16,1392,15.5,1,0,1,0,1,1,3,0,0.06,0.0,0.06,0.0,0.0,15.5,1,3,1,33.3,0.19,0.06,0.33,1.0,1,1,44,40.7,16,73,2,16,14,5,1.84,27,24,3,0.19,-0.83,0,16,27,0,39,14,29,,,0,,,,,,,,,,,,,,,
ESP-La Liga,2526,Villarreal,Georges Mikautadze,GEO,FW,24,2000,32,23,2109,23.4,13,6,19,13,0,0,1,0,0.55,0.26,0.81,0.55,0.81,23.4,13,65,32,49.2,2.77,1.37,0.2,0.41,0,0,66,61.7,23,80,7,9,29,2,1.91,44,30,14,0.6,-0.23,0,13,45,3,21,5,4,,,0,,,,,,,,,,,,,,,
ESP-La Liga,2526,Villarreal,Gerard Moreno,ESP,FW,33,1992,22,16,1343,14.9,10,0,10,7,3,3,0,0,0.67,0.0,0.67,0.47,0.47,14.9,10,39,16,41.0,2.61,1.07,0.26,0.63,3,3,61,39.3,16,73,4,6,29,2,1.95,32,16,16,1.07,0.64,0,14,16,6,11,3,8,,,0,,,,,,,,,,,,,,,
ESP-La Liga,2526,Villarreal,Hugo López,ESP,MF,18,2007,2,1,56,0.6,0,0,0,0,0,0,0,0,0.0,0.0,0.0,0.0,0.0,0.6,0,0,0,,0.0,0.0,,,0,0,28,1.6,1,45,0,1,11,9,1.5,0,2,-2,-3.21,-3.96,0,2,0,0,2,1,1,,,0,,,,,,,,,,,,,,,
ESP-La Liga,2526,Villarreal,Ilias Akhomach,MAR,MF,21,2004,9,2,188,2.1,0,0,0,0,0,0,0,0,0.0,0.0,0.0,0.0,0.0,2.1,0,6,2,33.3,2.87,0.96,0.0,0.0,0,0,21,5.5,2,45,0,7,14,5,2.78,2,3,-1,-0.48,-1.23,0,9,7,0,9,0,4,,,0,,,,,,,,,,,,,,,
ESP-La Liga,2526,Villarreal,Juan Foyth,ARG,DF,27,1998,13,12,934,10.4,0,0,0,0,0,0,2,0,0.0,0.0,0.0,0.0,0.0,10.4,0,2,0,0.0,0.19,0.0,0.0,,0,0,72,27.3,12,77,8,1,11,2,2.15,22,9,13,1.25,0.78,0,8,1,0,0,15,13,,,0,,,,,,,,,,,,,,,
ESP-La Liga,2526,Villarreal,Karl Etta Eyong,CMR,FW,21,2003,3,3,256,2.8,1,2,3,1,0,0,0,0,0.35,0.7,1.05,0.35,1.05,2.8,1,7,3,42.9,2.46,1.05,0.14,0.33,0,0,85,7.5,3,85,2,0,,0,2.33,8,0,8,2.81,2.3,0,3,4,1,0,0,2,,,0,,,,,,,,,,,,,,,
ESP-La Liga,2526,Villarreal,Logan Costa,CPV,DF,24,2001,2,0,30,0.3,0,0,0,0,0,0,0,0,0.0,0.0,0.0,0.0,0.0,0.3,0,0,0,,0.0,0.0,,,0,0,15,0.9,0,,0,2,15,4,1.5,0,0,0,0.0,-0.69,0,1,0,0,0,0,0,,,0,,,,,,,,,,,,,,,
ESP-La Liga,2526,Villarreal,Luiz Lúcio Reis Júnior,BRA,GK,24,2001,28,28,2520,28.0,0,0,0,0,0,0,3,0,0.0,0.0,0.0,0.0,0.0,28.0,0,0,0,,0.0,0.0,,,0,0,90,73.7,28,90,28,0,,10,2.04,51,30,21,0.75,0.25,0,2,4,0,0,1,0,,,0,30,1.07,102,72,70.6,18,3,7,8,28.6,6,5,1,0,16.7
ESP-La Liga,2526,Villarreal,Manor Solomon,ISR,MF,26,1999,6,1,150,1.7,1,1,2,1,0,0,0,0,0.6,0.6,1.2,0.6,1.2,1.7,1,2,1,50.0,1.2,0.6,0.5,1.0,0,0,25,4.4,1,71,0,5,16,6,2.67,4,1,3,1.8,1.17,0,0,2,1,10,0,1,,,0,,,,,,,,,,,,,,,
ESP-La Liga,2526,Villarreal,Nicolas Pépé,CIV,"MF,FW",30,1995,36,26,2393,26.6,8,8,16,7,1,1,4,0,0.3,0.3,0.6,0.26,0.56,26.6,8,63,25,39.7,2.37,0.94,0.13,0.32,1,1,66,70.0,26,82,13,10,26,2,1.92,56,35,21,0.79,0.35,0,23,43,14,71,15,21,,,0,,,,,,,,,,,,,,,
ESP-La Liga,2526,Villarreal,Pape Gueye,SEN,MF,26,1999,30,26,2131,23.7,5,2,7,4,1,1,8,0,0.21,0.08,0.3,0.17,0.25,23.7,5,47,13,27.7,1.98,0.55,0.11,0.38,1,1,71,62.3,26,79,10,4,23,3,1.87,47,28,19,0.8,0.31,0,35,54,2,14,35,22,,,0,,,,,,,,,,,,,,,
ESP-La Liga,2526,Villarreal,Pau Cabanes,ESP,FW,20,2005,1,0,16,0.2,0,0,0,0,0,0,0,0,0.0,0.0,0.0,0.0,0.0,0.2,0,0,0,,0.0,0.0,,,0,0,16,0.5,0,,0,1,16,2,3.0,0,0,0,0.0,-0.69,0,0,0,0,0,0,0,,,0,,,,,,,,,,,,,,,
ESP-La Liga,2526,Villarreal,Pau Navarro,ESP,DF,20,2005,23,23,1921,21.3,0,0,0,0,0,0,4,0,0.0,0.0,0.0,0.0,0.0,21.3,0,2,2,100.0,0.09,0.09,0.0,0.0,0,0,84,56.2,23,84,18,0,,12,1.83,39,26,13,0.61,-0.17,0,34,11,1,2,18,35,,,1,,,,,,,,,,,,,,,
ESP-La Liga,2526,Villarreal,Rafa Marín,ESP,DF,23,2002,23,21,1979,22.0,1,0,1,1,0,0,1,0,0.05,0.0,0.05,0.05,0.05,22.0,1,5,1,20.0,0.23,0.05,0.2,1.0,0,0,86,57.9,21,89,19,2,56,13,2.04,39,26,13,0.59,-0.22,0,16,8,3,0,20,22,,,1,,,,,,,,,,,,,,,
ESP-La Liga,2526,Villarreal,Renato Veiga,POR,DF,22,2003,32,27,2481,27.6,0,0,0,0,0,0,5,1,0.0,0.0,0.0,0.0,0.0,27.6,0,9,3,33.3,0.33,0.11,0.0,0.0,0,0,78,72.5,27,88,26,5,21,3,1.84,50,37,13,0.47,-0.77,0,24,6,3,2,26,9,,,0,,,,,,,,,,,,,,,
ESP-La Liga,2526,Villarreal,Santi Comesaña,ESP,MF,28,1996,34,28,2407,26.7,3,6,9,3,0,0,5,1,0.11,0.22,0.34,0.11,0.34,26.7,3,27,7,25.9,1.01,0.26,0.11,0.43,0,0,71,70.4,28,81,14,6,25,1,1.91,55,29,26,0.97,0.97,0,43,28,1,12,31,25,,,0,,,,,,,,,,,,,,,
ESP-La Liga,2526,Villarreal,Santiago Mouriño,URU,DF,23,2002,28,27,2377,26.4,1,2,3,1,0,0,11,1,0.04,0.08,0.11,0.04,0.11,26.4,1,15,3,20.0,0.57,0.11,0.07,0.33,0,0,85,69.5,27,86,20,1,45,4,1.89,51,31,20,0.76,0.24,1,54,36,1,6,29,64,,,0,,,,,,,,,,,,,,,
ESP-La Liga,2526,Villarreal,Sergi Cardona,ESP,DF,26,1999,31,20,1970,21.9,1,4,5,1,0,0,4,0,0.05,0.18,0.23,0.05,0.23,21.9,1,18,5,27.8,0.82,0.23,0.06,0.2,0,0,64,57.6,20,87,16,11,21,7,1.94,34,26,8,0.37,-0.75,0,28,23,1,75,37,31,,,0,,,,,,,,,,,,,,,
ESP-La Liga,2526,Villarreal,Tajon Buchanan,CAN,MF,26,1999,34,21,1819,20.2,7,1,8,7,0,0,8,0,0.35,0.05,0.4,0.35,0.4,20.2,7,27,11,40.7,1.34,0.54,0.26,0.64,0,0,54,53.2,21,72,5,13,24,2,1.76,35,18,17,0.84,0.34,0,18,36,8,33,22,19,,,0,,,,,,,,,,,,,,,
ESP-La Liga,2526,Villarreal,Tani Oluwaseyi,CAN,FW,25,2000,27,9,901,10.0,2,2,4,2,0,0,1,0,0.2,0.2,0.4,0.2,0.4,10.0,2,16,7,43.8,1.6,0.7,0.13,0.29,0,0,33,26.3,9,70,1,18,15,9,1.78,20,15,5,0.5,-0.25,0,11,8,10,3,1,5,,,0,,,,,,,,,,,,,,,
ESP-La Liga,2526,Villarreal,Thomas Partey,GHA,MF,32,1993,25,8,934,10.4,0,0,0,0,0,0,1,0,0.0,0.0,0.0,0.0,0.0,10.4,0,11,2,18.2,1.06,0.19,0.0,0.0,0,0,37,27.3,8,77,4,17,19,4,2.08,15,13,2,0.19,-0.68,0,11,6,0,3,13,6,,,0,,,,,,,,,,,,,,,
ESP-La Liga,2526,Villarreal,Willy Kambwala,FRA,DF,20,2004,2,1,86,1.0,0,0,0,0,0,0,0,0,0.0,0.0,0.0,0.0,0.0,1.0,0,0,0,,0.0,0.0,,,0,0,43,2.5,1,76,0,1,10,9,1.5,2,2,0,0.0,-0.7,0,0,0,0,0,0,0,,,0,,,,,,,,,,,,,,,
ESP-La Liga,2526,Villarreal,Yéremy Pino,ESP,MF,22,2002,2,2,159,1.8,0,1,1,0,0,0,0,0,0.0,0.57,0.57,0.0,0.57,1.8,0,2,1,50.0,1.13,0.57,0.0,0.0,0,0,80,4.6,2,80,1,0,,0,3.0,7,0,7,3.96,3.44,0,2,0,0,12,3,1,,,0,,,,,,,,,,,,,,,
FRA-Ligue 1,2526,Angers,Abdoulaye Bamba,CIV,DF,35,1990,6,3,255,2.8,0,0,0,0,0,0,1,0,0.0,0.0,0.0,0.0,0.0,2.8,0,1,1,100.0,0.35,0.35,0.0,0.0,0,0,43,8.3,3,80,1,3,5,21,1.0,3,6,-3,-1.06,-0.55,0,3,5,0,1,6,6,,,0,,,,,,,,,,,,,,,
FRA-Ligue 1,2526,Angers,Amine Sbai,MAR,"MF,FW",24,2000,25,23,1818,20.2,3,1,4,3,0,1,3,1,0.15,0.05,0.2,0.15,0.2,20.2,3,34,16,47.1,1.68,0.79,0.09,0.19,0,1,73,59.4,23,77,5,2,28,1,1.2,17,26,-9,-0.45,0.28,1,15,24,5,59,4,10,,,0,,,,,,,,,,,,,,,
FRA-Ligue 1,2526,Angers,Bane Diatta,FRA,MF,17,2008,1,0,5,0.1,0,0,0,0,0,0,0,0,0.0,0.0,0.0,0.0,0.0,0.1,0,0,0,,0.0,0.0,,,0,0,5,0.2,0,,0,1,5,3,0.0,0,0,0,0.0,0.56,0,0,0,0,0,0,1,,,0,,,,,,,,,,,,,,,
FRA-Ligue 1,2526,Angers,Branco van den Boomen,NED,MF,30,1995,15,14,1238,13.8,0,1,1,0,0,1,3,0,0.0,0.07,0.07,0.0,0.07,13.8,0,13,5,38.5,0.95,0.36,0.0,0.0,0,1,83,40.5,14,86,9,1,30,0,0.93,9,21,-12,-0.87,-0.53,0,19,9,0,69,7,15,,,0,,,,,,,,,,,,,,,
FRA-Ligue 1,2526,Angers,Carlens Arcus,HAI,DF,29,1996,26,24,2040,22.7,0,3,3,0,0,0,7,0,0.0,0.13,0.13,0.0,0.13,22.7,0,9,1,11.1,0.4,0.04,0.0,0.0,0,0,78,66.7,24,84,17,2,16,2,1.15,19,27,-8,-0.35,0.62,0,33,16,0,38,29,29,,,0,,,,,,,,,,,,,,,
FRA-Ligue 1,2526,Angers,Dan Sinaté,FRA,DF,19,2006,3,0,33,0.4,0,0,0,0,0,0,0,0,0.0,0.0,0.0,0.0,0.0,0.4,0,1,0,0.0,2.73,0.0,0.0,,0,0,11,1.1,0,,0,3,11,7,0.0,0,2,-2,-5.45,-4.95,0,0,0,0,1,0,0,,,0,,,,,,,,,,,,,,,
FRA-Ligue 1,2526,Angers,Emmanuel Biumla,FRA,DF,20,2005,9,3,387,4.3,0,0,0,0,0,0,0,0,0.0,0.0,0.0,0.0,0.0,4.3,0,2,0,0.0,0.47,0.0,0.0,,0,0,43,12.6,3,69,1,6,30,14,0.67,0,9,-9,-2.09,-1.76,0,8,6,0,1,2,5,,,0,,,,,,,,,,,,,,,
FRA-Ligue 1,2526,Angers,Esteban Lepaul,FRA,FW,25,2000,2,2,174,1.9,1,0,1,1,0,0,0,0,0.52,0.0,0.52,0.52,0.52,1.9,1,3,1,33.3,1.55,0.52,0.33,1.0,0,0,87,5.7,2,87,1,0,,0,1.5,1,1,0,0.0,0.59,0,2,1,1,0,0,0,,,0,,,,,,,,,,,,,,,
FRA-Ligue 1,2526,Angers,Florent Hanin,ALG,"DF,MF",35,1990,25,9,865,9.6,0,0,0,0,0,0,0,0,0.0,0.0,0.0,0.0,0.0,9.6,0,3,0,0.0,0.31,0.0,0.0,,0,0,35,28.3,9,72,1,16,14,9,0.96,9,14,-5,-0.52,0.05,0,8,8,0,26,13,8,,,0,,,,,,,,,,,,,,,
FRA-Ligue 1,2526,Angers,Goduine Koyalipou,CTA,FW,25,2000,13,7,668,7.4,2,1,3,1,1,1,0,0,0.27,0.13,0.4,0.13,0.27,7.4,2,22,9,40.9,2.96,1.21,0.09,0.22,1,1,51,21.8,7,77,1,6,22,1,0.92,4,7,-3,-0.4,0.2,0,4,5,5,3,1,2,,,0,,,,,,,,,,,,,,,
FRA-Ligue 1,2526,Angers,Haris Belkebla,ALG,MF,31,1994,33,33,2875,31.9,0,0,0,0,0,0,7,0,0.0,0.0,0.0,0.0,0.0,31.9,0,5,0,0.0,0.16,0.0,0.0,,0,0,87,94.0,33,87,28,0,,0,1.0,28,47,-19,-0.59,-0.59,0,24,54,0,5,30,44,,,0,,,,,,,,,,,,,,,
FRA-Ligue 1,2526,Angers,Harouna Djibrin,CMR,MF,18,2006,15,1,336,3.7,2,1,3,2,0,0,2,0,0.54,0.27,0.8,0.54,0.8,3.7,2,7,3,42.9,1.87,0.8,0.29,0.67,0,0,22,11.0,1,60,0,14,20,3,1.2,7,5,2,0.54,1.23,0,9,8,0,8,5,4,,,0,,,,,,,,,,,,,,,
FRA-Ligue 1,2526,Angers,Hervé Koffi,BFA,GK,28,1996,30,30,2658,29.5,0,0,0,0,0,0,1,0,0.0,0.0,0.0,0.0,0.0,29.5,0,0,0,,0.0,0.0,,,0,0,89,86.9,30,89,29,0,,0,1.2,25,36,-11,-0.37,1.42,0,1,11,0,0,0,2,,,0,36,1.22,157,120,77.1,9,9,12,10,33.3,6,3,2,1,40.0
FRA-Ligue 1,2526,Angers,Himad Abdelli,ALG,MF,25,1999,13,11,943,10.5,2,0,2,0,2,2,1,0,0.19,0.0,0.19,0.0,0.0,10.5,2,11,5,45.5,1.05,0.48,0.18,0.4,2,2,73,30.8,11,81,4,2,25,0,1.38,12,13,-1,-0.1,0.67,0,16,12,1,9,13,17,,,0,,,,,,,,,,,,,,,
FRA-Ligue 1,2526,Angers,Jacques Ekomie,GAB,"DF,MF",21,2003,32,25,2239,24.9,0,0,0,0,0,0,3,0,0.0,0.0,0.0,0.0,0.0,24.9,0,12,3,25.0,0.48,0.12,0.0,0.0,0,0,70,73.2,25,84,17,7,20,0,1.13,21,35,-14,-0.56,-0.01,0,30,31,6,65,31,32,,,0,,,,,,,,,,,,,,,
FRA-Ligue 1,2526,Angers,Jim Allevinah,GAB,MF,30,1995,6,0,133,1.5,1,0,1,1,0,0,0,0,0.68,0.0,0.68,0.68,0.68,1.5,1,5,1,20.0,3.38,0.68,0.2,1.0,0,0,22,4.3,0,,0,6,22,1,1.33,1,1,0,0.0,0.58,0,0,4,1,1,0,1,,,0,,,,,,,,,,,,,,,
FRA-Ligue 1,2526,Angers,Jordan Lefort,MTN,DF,31,1993,34,34,3060,34.0,0,2,2,0,0,0,2,0,0.0,0.06,0.06,0.0,0.06,34.0,0,11,2,18.2,0.32,0.06,0.0,0.0,0,0,90,100.0,34,90,34,0,,0,1.06,29,48,-19,-0.56,,0,22,19,2,23,47,33,,,0,,,,,,,,,,,,,,,
FRA-Ligue 1,2526,Angers,Justin-Noël Kalumba,FRA,"FW,MF",20,2004,4,3,224,2.5,0,0,0,0,0,0,0,0,0.0,0.0,0.0,0.0,0.0,2.5,0,1,0,0.0,0.4,0.0,0.0,,0,0,56,7.3,3,71,1,1,11,2,0.25,1,5,-4,-1.61,-1.13,0,3,3,0,15,1,3,,,0,,,,,,,,,,,,,,,
FRA-Ligue 1,2526,Angers,Lanroy Machine,FRA,FW,19,2005,22,3,519,5.8,1,0,1,1,0,0,1,0,0.17,0.0,0.17,0.17,0.17,5.8,1,15,4,26.7,2.6,0.69,0.07,0.25,0,0,24,17.0,3,66,0,19,17,4,0.91,7,7,0,0.0,0.67,0,9,5,4,5,0,4,,,0,,,,,,,,,,,,,,,
FRA-Ligue 1,2526,Angers,Lilian Raolisoa,FRA,"MF,DF",25,2000,32,21,1966,21.8,2,4,6,2,0,0,3,0,0.09,0.18,0.27,0.09,0.27,21.8,2,16,5,31.3,0.73,0.23,0.13,0.4,0,0,61,64.2,21,81,8,11,24,0,1.13,18,31,-13,-0.6,-0.1,0,27,17,1,99,14,31,,,0,,,,,,,,,,,,,,,
FRA-Ligue 1,2526,Angers,Louis Mouton,FRA,MF,23,2002,32,24,1891,21.0,2,1,3,2,0,0,2,1,0.1,0.05,0.14,0.1,0.14,21.0,2,36,8,22.2,1.71,0.38,0.06,0.25,0,0,59,61.8,24,73,2,8,17,0,1.09,15,28,-13,-0.62,-0.16,0,20,16,4,31,12,26,,,0,,,,,,,,,,,,,,,
FRA-Ligue 1,2526,Angers,Marius Courcoul,FRA,MF,18,2007,18,3,374,4.2,0,0,0,0,0,0,0,0,0.0,0.0,0.0,0.0,0.0,4.2,0,2,1,50.0,0.48,0.24,0.0,0.0,0,0,21,12.2,3,65,0,15,12,9,1.11,7,8,-1,-0.24,0.36,0,6,3,0,0,3,9,,,0,,,,,,,,,,,,,,,
FRA-Ligue 1,2526,Angers,Marius Louer,FRA,DF,18,2007,9,6,543,6.0,0,0,0,0,0,0,1,0,0.0,0.0,0.0,0.0,0.0,6.0,0,0,0,,0.0,0.0,,,0,0,60,17.7,6,87,5,3,8,7,0.33,5,13,-8,-1.33,-0.93,0,7,3,0,9,2,16,,,1,,,,,,,,,,,,,,,
FRA-Ligue 1,2526,Angers,Melvin Zinga,FRA,GK,23,2002,3,2,222,2.5,0,0,0,0,0,0,0,0,0.0,0.0,0.0,0.0,0.0,2.5,0,0,0,,0.0,0.0,,,0,0,74,7.3,2,90,2,1,42,21,0.33,3,5,-2,-0.81,-0.27,0,0,0,0,0,0,1,,,0,5,2.03,13,8,61.5,0,0,2,0,0.0,0,0,0,0,
FRA-Ligue 1,2526,Angers,Oumar Pona,FRA,GK,19,2006,2,2,180,2.0,0,0,0,0,0,0,1,0,0.0,0.0,0.0,0.0,0.0,2.0,0,0,0,,0.0,0.0,,,0,0,90,5.9,2,90,2,0,,11,0.0,1,7,-6,-3.0,-2.59,0,0,2,0,0,0,0,,,0,7,3.5,13,6,46.2,0,0,2,0,0.0,0,0,0,0,
FRA-Ligue 1,2526,Angers,Ousmane Camara,MLI,DF,22,2003,32,31,2718,30.2,1,0,1,1,0,0,4,0,0.03,0.0,0.03,0.03,0.03,30.2,1,13,5,38.5,0.43,0.17,0.08,0.2,0,0,85,88.8,31,87,29,1,18,1,1.13,28,38,-10,-0.33,2.04,0,22,7,1,3,34,29,,,0,,,,,,,,,,,,,,,
FRA-Ligue 1,2526,Angers,Pierrick Capelle,FRA,MF,38,1987,16,6,651,7.2,0,1,1,0,0,0,2,0,0.0,0.14,0.14,0.0,0.14,7.2,0,10,1,10.0,1.38,0.14,0.0,0.0,0,0,41,21.3,6,72,0,10,22,17,0.81,6,10,-4,-0.55,0.01,0,15,11,0,12,7,13,,,0,,,,,,,,,,,,,,,
FRA-Ligue 1,2526,Angers,Prosper Peter,NGA,FW,17,2007,29,14,1273,14.1,5,0,5,5,0,0,0,0,0.35,0.0,0.35,0.35,0.35,14.1,5,23,14,60.9,1.63,0.99,0.22,0.36,0,0,44,41.6,14,70,5,15,19,1,1.07,12,28,-16,-1.13,-0.98,0,30,30,15,0,4,3,,,0,,,,,,,,,,,,,,,
FRA-Ligue 1,2526,Angers,Sidiki Cherif,FRA,"FW,MF",18,2006,19,14,1157,12.9,4,0,4,4,0,0,3,0,0.31,0.0,0.31,0.31,0.31,12.9,4,28,12,42.9,2.18,0.93,0.14,0.33,0,0,61,37.8,14,70,2,5,36,0,1.21,13,16,-3,-0.23,0.52,0,15,16,11,6,6,3,,,0,,,,,,,,,,,,,,,
FRA-Ligue 1,2526,Angers,Yassin Belkhdim,FRA,MF,23,2002,27,26,2135,23.7,2,2,4,2,0,0,5,0,0.08,0.08,0.17,0.08,0.17,23.7,2,33,14,42.4,1.39,0.59,0.06,0.14,0,0,79,69.8,26,81,11,1,30,0,1.22,17,32,-15,-0.63,-0.24,0,29,29,2,42,32,43,,,0,,,,,,,,,,,,,,,
FRA-Ligue 1,2526,Auxerre,Assane Dioussé,SEN,MF,27,1997,15,1,219,2.4,0,0,0,0,0,0,3,0,0.0,0.0,0.0,0.0,0.0,2.4,0,4,1,25.0,1.64,0.41,0.0,0.0,0,0,15,7.2,1,68,0,14,11,19,1.07,3,10,-7,-2.88,-2.78,0,7,3,0,6,6,1,,,0,,,,,,,,,,,,,,,
FRA-Ligue 1,2526,Auxerre,Bryan Okoh,SUI,DF,22,2003,13,12,1005,11.2,3,0,3,3,0,0,2,0,0.27,0.0,0.27,0.27,0.27,11.2,3,8,3,37.5,0.72,0.27,0.38,1.0,0,0,77,32.8,12,83,10,1,6,1,1.38,16,15,1,0.09,0.57,0,13,8,0,0,26,9,,,0,,,,,,,,,,,,,,,
FRA-Ligue 1,2526,Auxerre,Clément Akpa,CIV,DF,23,2001,26,21,1944,21.6,0,0,0,0,0,0,4,1,0.0,0.0,0.0,0.0,0.0,21.6,0,6,0,0.0,0.28,0.0,0.0,,0,0,75,63.5,21,85,18,5,31,4,1.0,16,29,-13,-0.6,-0.84,1,12,30,1,30,23,19,,,2,,,,,,,,,,,,,,,
FRA-Ligue 1,2526,Auxerre,Danny Loader,CMR,"MF,FW",24,2000,30,29,2517,28.0,3,3,6,3,0,0,9,0,0.11,0.11,0.21,0.11,0.21,28.0,3,62,17,27.4,2.22,0.61,0.05,0.18,0,0,84,82.3,29,86,17,1,29,0,0.93,27,36,-9,-0.32,-0.16,0,64,47,4,32,9,25,,,0,,,,,,,,,,,,,,,
FRA-Ligue 1,2526,Auxerre,Donovan Léon,GUF,GK,32,1992,29,29,2460,27.3,0,0,0,0,0,0,1,2,0.0,0.0,0.0,0.0,0.0,27.3,0,0,0,,0.0,0.0,,,0,0,85,80.4,29,85,26,0,,0,1.03,24,35,-11,-0.4,-0.55,0,3,7,0,0,0,2,,,0,35,1.28,130,95,73.1,7,9,13,9,31.0,3,2,1,0,33.3
FRA-Ligue 1,2526,Auxerre,Elisha Owusu,GHA,MF,27,1997,29,27,2344,26.0,0,0,0,0,0,0,7,0,0.0,0.0,0.0,0.0,0.0,26.0,0,7,0,0.0,0.27,0.0,0.0,,0,0,81,76.6,27,86,19,2,15,0,1.0,26,31,-5,-0.19,0.44,0,48,22,0,1,21,51,,,0,,,,,,,,,,,,,,,
FRA-Ligue 1,2526,Auxerre,Francisco Sierralta,CHI,DF,28,1997,10,9,861,9.6,1,0,1,1,0,0,2,0,0.1,0.0,0.1,0.1,0.1,9.6,1,7,2,28.6,0.73,0.21,0.14,0.5,0,0,86,28.1,9,87,7,1,77,14,0.7,6,15,-9,-0.94,-0.9,0,8,5,0,0,9,6,,,0,,,,,,,,,,,,,,,
FRA-Ligue 1,2526,Auxerre,Fredrik Oppegard,NOR,"MF,DF",22,2002,23,15,1246,13.8,0,0,0,0,0,0,1,1,0.0,0.0,0.0,0.0,0.0,13.8,0,10,2,20.0,0.72,0.14,0.0,0.0,0,0,54,40.7,15,74,7,8,16,7,0.78,12,19,-7,-0.51,-0.36,0,8,8,2,48,14,20,,,0,,,,,,,,,,,,,,,
FRA-Ligue 1,2526,Auxerre,Gabriel Osho,NGA,DF,26,1998,2,2,134,1.5,0,0,0,0,0,0,0,0,0.0,0.0,0.0,0.0,0.0,1.5,0,0,0,,0.0,0.0,,,0,0,67,4.4,2,67,1,0,,0,1.5,2,2,0,0.0,0.31,0,2,1,0,2,0,3,,,0,,,,,,,,,,,,,,,
FRA-Ligue 1,2526,Auxerre,Gideon Mensah,GHA,DF,27,1998,30,26,2327,25.9,0,2,2,0,0,0,8,0,0.0,0.08,0.08,0.0,0.08,25.9,0,1,0,0.0,0.04,0.0,0.0,,0,0,78,76.0,26,86,16,4,22,2,1.03,27,28,-1,-0.04,1.07,0,37,34,1,64,23,37,,,0,,,,,,,,,,,,,,,
FRA-Ligue 1,2526,Auxerre,Ibrahim Osman,GHA,"MF,FW",20,2004,14,7,625,6.9,0,2,2,0,0,0,0,0,0.0,0.29,0.29,0.0,0.29,6.9,0,18,6,33.3,2.59,0.86,0.0,0.0,0,0,45,20.4,7,72,2,7,17,2,0.43,3,11,-8,-1.15,-1.08,0,7,14,3,10,6,7,,,0,,,,,,,,,,,,,,,
FRA-Ligue 1,2526,Auxerre,Josué Casimir,HAI,"MF,FW",23,2001,31,16,1522,16.9,1,0,1,1,0,1,6,1,0.06,0.0,0.06,0.06,0.06,16.9,1,22,12,54.5,1.3,0.71,0.05,0.08,0,1,49,49.7,16,76,4,15,21,1,0.97,13,25,-12,-0.71,-0.83,1,34,32,3,54,11,17,,,0,,,,,,,,,,,,,,,
FRA-Ligue 1,2526,Auxerre,Kévin Danois,FRA,MF,21,2004,33,32,2830,31.4,3,1,4,3,0,0,3,0,0.1,0.03,0.13,0.1,0.13,31.4,3,25,8,32.0,0.8,0.25,0.12,0.38,0,0,86,92.5,32,88,22,1,22,1,1.03,33,39,-6,-0.19,1.37,0,33,26,3,130,38,48,,,0,,,,,,,,,,,,,,,
FRA-Ligue 1,2526,Auxerre,Lamine Sy,MTN,DF,22,2002,24,17,1536,17.1,0,0,0,0,0,0,1,0,0.0,0.0,0.0,0.0,0.0,17.1,0,13,2,15.4,0.76,0.12,0.0,0.0,0,0,64,50.2,17,84,12,7,16,10,1.04,21,21,0,0.0,0.59,0,24,14,3,47,26,29,,,0,,,,,,,,,,,,,,,
FRA-Ligue 1,2526,Auxerre,Lassine Sinayoko,MLI,"FW,MF",25,1999,32,32,2770,30.8,12,4,16,9,3,4,8,0,0.39,0.13,0.52,0.29,0.42,30.8,12,93,39,41.9,3.02,1.27,0.13,0.31,3,4,87,90.5,32,87,21,0,,0,1.06,33,37,-4,-0.13,1.73,0,30,53,13,32,26,26,,,0,,,,,,,,,,,,,,,
FRA-Ligue 1,2526,Auxerre,Lasso Coulibaly,CIV,MF,22,2002,17,1,321,3.6,0,0,0,0,0,0,1,0,0.0,0.0,0.0,0.0,0.0,3.6,0,3,0,0.0,0.84,0.0,0.0,,0,0,19,10.5,1,42,0,16,17,4,0.88,4,5,-1,-0.28,0.02,0,10,11,2,18,6,5,,,0,,,,,,,,,,,,,,,
FRA-Ligue 1,2526,Auxerre,Mamoudou Cissokho,FRA,FW,17,2007,2,0,2,0.0,0,0,0,0,0,0,0,0,0.0,0.0,0.0,0.0,0.0,0.0,0,0,0,,0.0,0.0,,,0,0,1,0.1,0,,0,2,1,8,3.0,0,0,0,0.0,0.29,0,0,1,0,0,0,0,,,0,,,,,,,,,,,,,,,
FRA-Ligue 1,2526,Auxerre,Marvin Senaya,GHA,"DF,MF",24,2001,25,20,1780,19.8,1,0,1,1,0,0,5,0,0.05,0.0,0.05,0.05,0.05,19.8,1,15,5,33.3,0.76,0.25,0.07,0.2,0,0,71,58.2,20,84,12,5,21,5,0.8,14,28,-14,-0.71,-0.99,0,26,32,1,42,34,31,,,0,,,,,,,,,,,,,,,
FRA-Ligue 1,2526,Auxerre,Naouirou Ahamada,FRA,MF,23,2002,15,8,682,7.6,0,1,1,0,0,0,0,0,0.0,0.13,0.13,0.0,0.13,7.6,0,6,1,16.7,0.79,0.13,0.0,0.0,0,0,45,22.3,8,73,2,7,14,2,1.33,10,7,3,0.4,0.89,0,5,9,1,6,5,10,,,0,,,,,,,,,,,,,,,
FRA-Ligue 1,2526,Auxerre,Oussama El Azzouzi,MAR,"MF,DF",24,2001,11,10,807,9.0,1,0,1,1,0,0,1,1,0.11,0.0,0.11,0.11,0.11,9.0,1,5,1,20.0,0.56,0.11,0.2,1.0,0,0,73,26.4,10,79,2,1,19,0,0.64,9,11,-2,-0.22,0.1,0,18,8,0,0,16,15,,,0,,,,,,,,,,,,,,,
FRA-Ligue 1,2526,Auxerre,Romain Faivre,FRA,"MF,FW",27,1998,10,7,581,6.5,0,2,2,0,0,0,0,0,0.0,0.31,0.31,0.0,0.31,6.5,0,11,3,27.3,1.7,0.46,0.0,0.0,0,0,58,19.0,7,77,2,3,15,1,1.0,7,7,0,0.0,0.36,0,5,10,2,14,6,4,,,0,,,,,,,,,,,,,,,
FRA-Ligue 1,2526,Auxerre,Rudy Matondo,FRA,MF,17,2008,16,6,614,6.8,0,0,0,0,0,0,3,0,0.0,0.0,0.0,0.0,0.0,6.8,0,4,0,0.0,0.59,0.0,0.0,,0,0,38,20.1,6,74,3,10,17,3,0.5,4,8,-4,-0.59,-0.37,0,12,9,1,5,7,7,,,0,,,,,,,,,,,,,,,
FRA-Ligue 1,2526,Auxerre,Ryan Rodin,FRA,MF,19,2006,3,0,26,0.3,0,0,0,0,0,0,0,0,0.0,0.0,0.0,0.0,0.0,0.3,0,0,0,,0.0,0.0,,,0,0,9,0.8,0,,0,3,9,4,0.0,0,1,-1,-3.46,-3.19,0,0,0,0,0,0,0,,,0,,,,,,,,,,,,,,,
FRA-Ligue 1,2526,Auxerre,Sekou Mara,FRA,FW,23,2002,27,14,1226,13.6,3,2,5,3,0,0,0,0,0.22,0.15,0.37,0.22,0.37,13.6,3,33,12,36.4,2.42,0.88,0.09,0.25,0,0,45,40.1,14,71,1,13,17,2,0.96,17,17,0,0.0,0.49,0,27,27,2,0,3,7,,,0,,,,,,,,,,,,,,,
FRA-Ligue 1,2526,Auxerre,Sinaly Diomande,CIV,DF,24,2001,24,24,2131,23.7,2,2,4,2,0,0,4,1,0.08,0.08,0.17,0.08,0.17,23.7,2,9,4,44.4,0.38,0.17,0.22,0.5,0,0,89,69.6,24,89,21,0,,1,1.13,27,29,-2,-0.08,0.69,1,31,26,2,0,33,17,,,0,,,,,,,,,,,,,,,
FRA-Ligue 1,2526,Auxerre,Telli Siwe,FRA,DF,20,2004,4,4,315,3.5,0,0,0,0,0,0,0,0,0.0,0.0,0.0,0.0,0.0,3.5,0,2,1,50.0,0.57,0.29,0.0,0.0,0,0,79,10.3,4,79,3,0,,5,1.5,4,3,1,0.29,0.65,0,3,0,0,0,5,4,,,0,,,,,,,,,,,,,,,
FRA-Ligue 1,2526,Auxerre,Theo Bair,CAN,FW,25,1999,2,0,10,0.1,0,0,0,0,0,0,0,0,0.0,0.0,0.0,0.0,0.0,0.1,0,0,0,,0.0,0.0,,,0,0,5,0.3,0,,0,2,5,1,1.5,0,0,0,0.0,0.3,0,0,0,0,0,0,0,,,0,,,,,,,,,,,,,,,
FRA-Ligue 1,2526,Auxerre,Théo De Percin,MTQ,GK,24,2001,8,5,598,6.6,0,0,0,0,0,0,0,0,0.0,0.0,0.0,0.0,0.0,6.6,0,0,0,,0.0,0.0,,,0,0,75,19.5,5,90,5,3,49,26,1.0,10,9,1,0.15,0.55,0,0,1,0,0,0,0,,,0,9,1.35,24,15,62.5,1,1,3,1,20.0,2,1,1,0,50.0
FRA-Ligue 1,2526,Auxerre,Tidiane Devernois,FRA,MF,17,2007,2,0,10,0.1,0,0,0,0,0,0,0,0,0.0,0.0,0.0,0.0,0.0,0.1,0,0,0,,0.0,0.0,,,0,0,5,0.3,0,,0,2,5,10,0.0,0,0,0,0.0,0.3,0,0,0,0,3,0,0,,,0,,,,,,,,,,,,,,,
FRA-Ligue 1,2526,Auxerre,Yvan Zaddy,CIV,MF,19,2006,1,0,1,0.0,0,0,0,0,0,0,0,0,0.0,0.0,0.0,0.0,0.0,0.0,0,0,0,,0.0,0.0,,,0,0,1,0.0,0,,0,1,1,9,3.0,0,1,-1,-90.0,-89.74,0,0,0,0,0,0,0,,,0,,,,,,,,,,,,,,,
FRA-Ligue 1,2526,Brest,Axel Camblan,FRA,FW,21,2003,1,0,12,0.1,0,0,0,0,0,0,0,0,0.0,0.0,0.0,0.0,0.0,0.1,0,0,0,,0.0,0.0,,,0,0,12,0.4,0,,0,1,12,2,0.0,0,0,0,0.0,0.35,0,0,0,0,0,0,0,,,0,,,,,,,,,,,,,,,
FRA-Ligue 1,2526,Brest,Bradley Locko,FRA,DF,23,2002,21,14,1286,14.3,0,2,2,0,0,0,0,0,0.0,0.14,0.14,0.0,0.14,14.3,0,2,1,50.0,0.14,0.07,0.0,0.0,0,0,61,42.0,14,84,8,7,17,1,1.1,20,23,-3,-0.21,0.25,0,12,18,2,34,10,28,,,0,,,,,,,,,,,,,,,
FRA-Ligue 1,2526,Brest,Brendan Chardonnet,FRA,DF,30,1994,29,29,2546,28.3,1,3,4,1,0,0,6,0,0.04,0.11,0.14,0.04,0.14,28.3,1,12,6,50.0,0.42,0.21,0.08,0.17,0,0,88,83.2,29,88,27,0,,2,1.34,39,43,-4,-0.14,1.26,0,28,20,0,7,34,18,,,0,,,,,,,,,,,,,,,
FRA-Ligue 1,2526,Brest,Daouda Guindo,MLI,DF,22,2002,25,19,1686,18.7,1,1,2,1,0,0,4,1,0.05,0.05,0.11,0.05,0.11,18.7,1,21,5,23.8,1.12,0.27,0.05,0.2,0,0,67,55.1,19,83,12,6,19,4,1.2,22,26,-4,-0.21,0.31,0,26,15,4,38,30,30,,,0,,,,,,,,,,,,,,,
FRA-Ligue 1,2526,Brest,Grégoire Coudert,FRA,GK,26,1999,25,24,2192,24.4,0,0,0,0,0,0,2,0,0.0,0.0,0.0,0.0,0.0,24.4,0,0,0,,0.0,0.0,,,0,0,88,71.6,24,90,24,1,32,9,1.28,34,40,-6,-0.25,0.38,0,1,8,0,0,0,0,,,0,40,1.64,116,76,65.5,9,5,10,6,25.0,4,3,1,0,25.0
FRA-Ligue 1,2526,Brest,Hamidou Makalou,MLI,MF,19,2006,17,2,341,3.8,0,0,0,0,0,0,0,0,0.0,0.0,0.0,0.0,0.0,3.8,0,4,1,25.0,1.06,0.26,0.0,0.0,0,0,20,11.1,2,79,1,15,12,16,0.59,3,9,-6,-1.58,-1.38,0,1,4,0,14,5,5,,,0,,,,,,,,,,,,,,,
FRA-Ligue 1,2526,Brest,Hugo Magnetti,FRA,MF,27,1998,33,31,2688,29.9,1,1,2,1,0,0,4,1,0.03,0.03,0.07,0.03,0.07,29.9,1,22,5,22.7,0.74,0.17,0.05,0.2,0,0,81,87.8,31,85,20,2,19,0,1.18,39,46,-7,-0.23,0.98,0,31,33,0,26,44,45,,,0,,,,,,,,,,,,,,,
FRA-Ligue 1,2526,Brest,Ibrahim Kanté,FRA,MF,18,2007,1,0,9,0.1,0,0,0,0,0,0,0,0,0.0,0.0,0.0,0.0,0.0,0.1,0,0,0,,0.0,0.0,,,0,0,9,0.3,0,,0,1,9,5,1.0,0,0,0,0.0,0.35,0,0,0,0,0,0,0,,,0,,,,,,,,,,,,,,,
FRA-Ligue 1,2526,Brest,Joris Chotard,FRA,MF,23,2001,33,31,2773,30.8,2,1,3,2,0,0,2,0,0.06,0.03,0.1,0.06,0.1,30.8,2,25,8,32.0,0.81,0.26,0.08,0.25,0,0,84,90.6,31,88,25,2,18,0,1.15,39,47,-8,-0.26,0.99,0,28,12,0,51,48,34,,,0,,,,,,,,,,,,,,,
FRA-Ligue 1,2526,Brest,Julien Le Cardinal,FRA,DF,27,1997,5,3,328,3.6,1,0,1,1,0,0,1,0,0.27,0.0,0.27,0.27,0.27,3.6,1,5,2,40.0,1.37,0.55,0.2,0.5,0,0,66,10.7,3,90,3,2,29,13,1.0,7,9,-2,-0.55,-0.22,0,2,4,0,0,3,5,,,0,,,,,,,,,,,,,,,
FRA-Ligue 1,2526,Brest,Junior Diaz,CIV,DF,22,2003,20,17,1562,17.4,0,0,0,0,0,0,4,0,0.0,0.0,0.0,0.0,0.0,17.4,0,7,1,14.3,0.4,0.06,0.0,0.0,0,0,78,51.0,17,89,16,3,16,13,1.25,22,24,-2,-0.12,0.49,0,8,11,0,1,25,18,,,0,,,,,,,,,,,,,,,
FRA-Ligue 1,2526,Brest,Junior Dina Ebimbe,CMR,MF,24,2000,27,15,1165,12.9,5,0,5,5,0,0,3,0,0.39,0.0,0.39,0.39,0.39,12.9,5,27,9,33.3,2.09,0.7,0.19,0.56,0,0,43,38.1,15,66,1,12,14,2,1.04,15,21,-6,-0.46,-0.18,0,22,15,3,4,6,16,,,0,,,,,,,,,,,,,,,
FRA-Ligue 1,2526,Brest,Justin Bourgault,FRA,FW,19,2005,1,0,16,0.2,0,0,0,0,0,0,0,0,0.0,0.0,0.0,0.0,0.0,0.2,0,1,0,0.0,5.63,0.0,0.0,,0,0,16,0.5,0,,0,1,16,9,0.0,0,2,-2,-11.25,-10.95,0,0,0,0,0,1,0,,,0,,,,,,,,,,,,,,,
FRA-Ligue 1,2526,Brest,Kamory Doumbia,MLI,MF,22,2003,24,22,1750,19.4,5,4,9,5,0,0,6,0,0.26,0.21,0.46,0.26,0.46,19.4,5,43,14,32.6,2.21,0.72,0.12,0.36,0,0,73,57.2,22,78,4,2,22,0,1.33,30,25,5,0.26,1.43,0,29,21,2,20,20,30,,,0,,,,,,,,,,,,,,,
FRA-Ligue 1,2526,Brest,Kenny Lala,MAD,DF,33,1991,32,31,2791,31.0,0,3,3,0,0,0,4,0,0.0,0.1,0.1,0.0,0.1,31.0,0,8,1,12.5,0.26,0.03,0.0,0.0,0,0,87,91.2,31,89,29,1,24,0,1.13,39,52,-13,-0.42,-0.75,0,17,23,0,106,26,26,,,0,,,,,,,,,,,,,,,
FRA-Ligue 1,2526,Brest,Lucas Tousart,FRA,"MF,DF",28,1997,24,9,834,9.3,1,0,1,1,0,0,0,0,0.11,0.0,0.11,0.11,0.11,9.3,1,9,3,33.3,0.97,0.32,0.11,0.33,0,0,35,27.3,9,67,0,15,16,3,1.21,8,17,-9,-0.97,-0.85,0,21,5,0,3,9,12,,,0,,,,,,,,,,,,,,,
FRA-Ligue 1,2526,Brest,Luck Zogbé,CIV,DF,20,2005,9,3,288,3.2,0,0,0,0,0,0,0,0,0.0,0.0,0.0,0.0,0.0,3.2,0,3,0,0.0,0.94,0.0,0.0,,0,0,32,9.4,3,90,3,6,3,20,1.33,4,7,-3,-0.94,-0.65,0,7,5,0,11,3,5,,,0,,,,,,,,,,,,,,,
FRA-Ligue 1,2526,Brest,Ludovic Ajorque,FRA,FW,31,1994,32,32,2820,31.3,8,9,17,8,0,0,9,1,0.26,0.29,0.54,0.26,0.54,31.3,8,55,17,30.9,1.76,0.54,0.15,0.47,0,0,88,92.2,32,88,28,0,,0,1.22,41,49,-8,-0.26,1.24,0,65,55,14,9,11,20,,,0,,,,,,,,,,,,,,,
FRA-Ligue 1,2526,Brest,Mama Samba Baldé,GNB,"FW,MF",29,1995,18,8,716,8.0,2,2,4,2,0,0,0,0,0.25,0.25,0.5,0.25,0.5,8.0,2,31,5,16.1,3.9,0.63,0.06,0.4,0,0,40,23.4,8,61,0,10,23,0,0.83,7,18,-11,-1.38,-1.34,0,12,11,0,3,5,7,,,0,,,,,,,,,,,,,,,
FRA-Ligue 1,2526,Brest,Pathé Mboup,SEN,MF,21,2003,28,9,1054,11.7,1,0,1,1,0,0,6,0,0.09,0.0,0.09,0.09,0.09,11.7,1,23,10,43.5,1.96,0.85,0.04,0.1,0,0,38,34.4,9,71,1,19,22,3,1.14,12,18,-6,-0.51,-0.24,0,34,19,5,11,12,18,,,0,,,,,,,,,,,,,,,
FRA-Ligue 1,2526,Brest,Pierre Lees-Melou,FRA,MF,32,1993,2,2,180,2.0,0,0,0,0,0,0,0,0,0.0,0.0,0.0,0.0,0.0,2.0,0,4,0,0.0,2.0,0.0,0.0,,0,0,90,5.9,2,90,2,0,,0,0.5,3,5,-2,-1.0,-0.69,0,2,5,0,5,0,4,,,0,,,,,,,,,,,,,,,
FRA-Ligue 1,2526,Brest,Radosław Majecki,POL,GK,25,1999,10,10,864,9.6,0,0,0,0,0,0,0,1,0.0,0.0,0.0,0.0,0.0,9.6,0,0,0,,0.0,0.0,,,0,0,86,28.2,10,86,9,0,,16,0.7,9,15,-6,-0.62,-0.38,0,1,1,0,0,0,0,,,0,18,1.87,44,26,59.1,1,4,5,3,30.0,1,1,0,0,0.0
FRA-Ligue 1,2526,Brest,Raphael Le Guen,FRA,DF,18,2006,6,4,375,4.2,0,0,0,0,0,0,0,0,0.0,0.0,0.0,0.0,0.0,4.2,0,4,1,25.0,0.96,0.24,0.0,0.0,0,0,63,12.3,4,90,4,2,8,16,0.17,2,9,-7,-1.68,-1.51,0,4,0,0,0,11,3,,,0,,,,,,,,,,,,,,,
FRA-Ligue 1,2526,Brest,Romain Del Castillo,FRA,"MF,FW",29,1996,32,32,2625,29.2,9,3,12,3,6,8,2,1,0.31,0.1,0.41,0.1,0.21,29.2,9,33,13,39.4,1.13,0.45,0.27,0.69,6,8,82,85.8,32,82,11,0,,0,1.19,41,44,-3,-0.1,1.76,0,28,43,5,198,28,36,,,0,,,,,,,,,,,,,,,
FRA-Ligue 1,2526,Brest,Rémy Labeau Lascary,GLP,"MF,FW",22,2003,27,12,1200,13.3,5,1,6,5,0,0,2,0,0.37,0.07,0.45,0.37,0.45,13.3,5,34,16,47.1,2.55,1.2,0.15,0.31,0,0,44,39.2,12,70,3,15,24,0,1.33,18,21,-3,-0.23,0.21,0,29,18,9,12,4,11,,,0,,,,,,,,,,,,,,,
FRA-Ligue 1,2526,Brest,Soumaïla Coulibaly,FRA,DF,21,2003,16,15,1338,14.9,0,0,0,0,0,0,3,0,0.0,0.0,0.0,0.0,0.0,14.9,0,6,2,33.3,0.4,0.13,0.0,0.0,0,0,84,43.7,15,88,13,1,15,4,0.88,17,28,-11,-0.74,-0.69,0,26,20,1,1,13,12,,,1,,,,,,,,,,,,,,,
FRA-Ligue 1,2526,Brest,Sérigné Diop,SEN,FW,20,2005,2,0,12,0.1,0,0,0,0,0,0,0,0,0.0,0.0,0.0,0.0,0.0,0.1,0,1,0,0.0,7.5,0.0,0.0,,0,0,6,0.4,0,,0,2,6,9,0.0,0,1,-1,-7.5,-7.18,0,0,0,0,1,0,0,,,0,,,,,,,,,,,,,,,
FRA-Ligue 1,2526,Le Havre,Abdoulaye Touré,GUI,MF,31,1994,11,8,740,8.2,2,0,2,2,0,1,2,0,0.24,0.0,0.24,0.24,0.24,8.2,2,13,4,30.8,1.58,0.49,0.15,0.5,0,1,67,24.2,8,83,4,3,26,0,1.18,6,8,-2,-0.24,0.14,0,13,17,0,13,10,6,,,0,,,,,,,,,,,,,,,
FRA-Ligue 1,2526,Le Havre,Arouna Sangante,SEN,DF,23,2002,28,28,2324,25.8,1,1,2,1,0,0,4,2,0.04,0.04,0.08,0.04,0.08,25.8,1,9,5,55.6,0.35,0.19,0.11,0.2,0,0,83,75.9,28,83,17,0,,0,1.04,23,33,-10,-0.39,-0.14,0,42,41,0,8,36,25,,,0,,,,,,,,,,,,,,,
FRA-Ligue 1,2526,Le Havre,Ayumu Seko,JPN,"MF,DF",25,2000,30,29,2625,29.2,0,0,0,0,0,0,6,0,0.0,0.0,0.0,0.0,0.0,29.2,0,17,6,35.3,0.58,0.21,0.0,0.0,0,0,88,85.8,29,90,28,1,22,0,0.87,25,38,-13,-0.45,-0.65,0,28,20,1,5,35,24,,,1,,,,,,,,,,,,,,,
FRA-Ligue 1,2526,Le Havre,Damián Pizarro,CHI,FW,20,2005,2,0,28,0.3,0,0,0,0,0,0,0,0,0.0,0.0,0.0,0.0,0.0,0.3,0,0,0,,0.0,0.0,,,0,0,14,0.9,0,,0,2,14,3,1.0,1,0,1,3.21,3.6,0,1,1,1,0,0,0,,,0,,,,,,,,,,,,,,,
FRA-Ligue 1,2526,Le Havre,Daren Mosengo,FRA,MF,18,2006,7,0,108,1.2,0,0,0,0,0,0,0,0,0.0,0.0,0.0,0.0,0.0,1.2,0,0,0,,0.0,0.0,,,0,0,15,3.5,0,,0,7,15,17,1.57,1,0,1,0.83,1.23,0,1,2,0,0,1,0,,,0,,,,,,,,,,,,,,,
FRA-Ligue 1,2526,Le Havre,Enzo Koffi Vinette,FRA,DF,19,2006,14,4,385,4.3,0,0,0,0,0,0,2,0,0.0,0.0,0.0,0.0,0.0,4.3,0,4,2,50.0,0.94,0.47,0.0,0.0,0,0,28,12.6,4,54,0,10,17,2,1.0,4,4,0,0.0,0.4,0,12,10,1,24,10,10,,,0,,,,,,,,,,,,,,,
FRA-Ligue 1,2526,Le Havre,Etienne Youte Kinkoue,FRA,"DF,MF",23,2002,9,4,419,4.7,0,0,0,0,0,0,2,0,0.0,0.0,0.0,0.0,0.0,4.7,0,0,0,,0.0,0.0,,,0,0,47,13.7,4,87,3,5,14,12,1.33,5,8,-3,-0.64,-0.34,0,3,1,0,0,1,3,,,0,,,,,,,,,,,,,,,
FRA-Ligue 1,2526,Le Havre,Felix Mambimbi,SUI,"FW,MF",24,2001,17,7,530,5.9,1,0,1,1,0,0,1,0,0.17,0.0,0.17,0.17,0.17,5.9,1,6,2,33.3,1.02,0.34,0.17,0.5,0,0,31,17.3,7,62,0,10,9,13,0.94,4,8,-4,-0.68,-0.39,0,16,4,5,5,4,10,,,0,,,,,,,,,,,,,,,
FRA-Ligue 1,2526,Le Havre,Fodé Doucouré,MLI,"MF,FW",24,2001,26,15,1239,13.8,3,1,4,3,0,0,2,0,0.22,0.07,0.29,0.22,0.29,13.8,3,20,8,40.0,1.45,0.58,0.15,0.38,0,0,48,40.5,15,66,0,11,23,5,0.96,19,19,0,0.0,0.59,0,14,4,2,78,9,26,,,0,,,,,,,,,,,,,,,
FRA-Ligue 1,2526,Le Havre,Gautier Lloris,FRA,DF,30,1995,29,28,2398,26.6,1,1,2,1,0,0,2,1,0.04,0.04,0.08,0.04,0.08,26.6,1,12,4,33.3,0.45,0.15,0.08,0.25,0,0,83,78.4,28,85,25,1,12,0,1.03,25,31,-6,-0.23,0.59,0,27,17,2,2,43,24,,,1,,,,,,,,,,,,,,,
FRA-Ligue 1,2526,Le Havre,Georges Gomis,SEN,DF,17,2008,1,0,1,0.0,0,0,0,0,0,0,0,0,0.0,0.0,0.0,0.0,0.0,0.0,0,0,0,,0.0,0.0,,,0,0,1,0.0,0,,0,1,1,2,3.0,0,0,0,0.0,0.35,0,0,0,0,0,0,0,,,0,,,,,,,,,,,,,,,
FRA-Ligue 1,2526,Le Havre,Godson Kyeremeh,FRA,FW,25,2000,13,3,381,4.2,1,1,2,1,0,0,0,0,0.24,0.24,0.47,0.24,0.47,4.2,1,6,2,33.3,1.42,0.47,0.17,0.5,0,0,29,12.5,3,80,1,10,14,16,0.85,4,3,1,0.24,0.67,0,9,19,5,15,0,6,,,0,,,,,,,,,,,,,,,
FRA-Ligue 1,2526,Le Havre,Issa Soumaré,SEN,"FW,MF",24,2000,34,33,2948,32.8,8,5,13,7,1,3,3,0,0.24,0.15,0.4,0.21,0.37,32.8,8,77,28,36.4,2.35,0.85,0.1,0.29,1,3,87,96.3,33,88,32,1,45,0,1.03,31,43,-12,-0.37,-0.37,0,56,74,14,61,12,20,,,0,,,,,,,,,,,,,,,
FRA-Ligue 1,2526,Le Havre,Kenny Quetant,FRA,FW,19,2006,9,4,372,4.1,1,0,1,1,0,0,1,0,0.24,0.0,0.24,0.24,0.24,4.1,1,8,2,25.0,1.94,0.48,0.13,0.5,0,0,41,12.2,4,72,0,5,17,2,0.67,3,2,1,0.24,0.68,0,6,3,4,1,1,0,,,0,,,,,,,,,,,,,,,
FRA-Ligue 1,2526,Le Havre,Lionel Mpasi,COD,GK,30,1994,4,3,315,3.5,0,0,0,0,0,0,1,0,0.0,0.0,0.0,0.0,0.0,3.5,0,0,0,,0.0,0.0,,,0,0,79,10.3,3,90,3,1,45,28,1.25,2,2,0,0.0,0.39,0,0,1,0,0,0,0,,,0,2,0.57,17,15,88.2,0,2,1,1,33.3,0,0,0,0,
FRA-Ligue 1,2526,Le Havre,Loïc Nego,HUN,"DF,MF",34,1991,30,26,2339,26.0,0,0,0,0,0,0,3,0,0.0,0.0,0.0,0.0,0.0,26.0,0,16,3,18.8,0.62,0.12,0.0,0.0,0,0,78,76.4,26,87,21,4,18,1,1.17,25,34,-9,-0.35,0.03,0,18,18,4,78,32,36,,,0,,,,,,,,,,,,,,,
FRA-Ligue 1,2526,Le Havre,Lucas Gourna-Douath,FRA,MF,21,2003,15,14,1272,14.1,0,0,0,0,0,0,5,0,0.0,0.0,0.0,0.0,0.0,14.1,0,9,2,22.2,0.64,0.14,0.0,0.0,0,0,85,41.6,14,88,10,1,45,0,0.87,11,18,-7,-0.5,-0.24,0,24,35,2,5,15,12,,,0,,,,,,,,,,,,,,,
FRA-Ligue 1,2526,Le Havre,Mbwana Samatta,TAN,FW,32,1992,27,17,1542,17.1,2,1,3,2,0,0,4,0,0.12,0.06,0.18,0.12,0.18,17.1,2,42,16,38.1,2.45,0.93,0.05,0.13,0,0,57,50.4,17,73,4,10,30,0,0.96,18,21,-3,-0.18,0.36,0,35,20,10,7,4,6,,,0,,,,,,,,,,,,,,,
FRA-Ligue 1,2526,Le Havre,Mory Diaw,SEN,GK,32,1993,30,30,2655,29.5,0,1,1,0,0,0,1,0,0.0,0.03,0.03,0.0,0.03,29.5,0,0,0,,0.0,0.0,,,0,0,89,86.8,30,89,29,0,,1,1.0,28,41,-13,-0.44,-0.66,0,0,6,0,0,2,0,,,0,41,1.39,121,80,66.1,6,12,12,7,23.3,8,6,2,0,25.0
FRA-Ligue 1,2526,Le Havre,Noam Obougou Jacquet,FRA,FW,19,2006,5,0,104,1.2,1,0,1,1,0,0,0,0,0.87,0.0,0.87,0.87,0.87,1.2,1,4,3,75.0,3.46,2.6,0.25,0.33,0,0,21,3.4,0,,0,5,21,7,1.0,1,0,1,0.87,1.26,0,5,3,0,2,1,0,,,0,,,,,,,,,,,,,,,
FRA-Ligue 1,2526,Le Havre,Paul Argney,FRA,GK,19,2006,1,1,90,1.0,0,0,0,0,0,0,0,0,0.0,0.0,0.0,0.0,0.0,1.0,0,0,0,,0.0,0.0,,,0,0,90,2.9,1,90,1,0,,3,3.0,2,1,1,1.0,1.39,0,0,0,0,0,0,0,,,0,1,1.0,3,2,66.7,1,0,0,0,0.0,0,0,0,0,
FRA-Ligue 1,2526,Le Havre,Rassoul Ndiaye,SEN,MF,23,2001,33,30,2566,28.5,4,4,8,4,0,0,2,0,0.14,0.14,0.28,0.14,0.28,28.5,4,34,9,26.5,1.19,0.32,0.12,0.44,0,0,78,83.9,30,83,15,3,26,0,1.03,25,32,-7,-0.25,0.67,0,22,37,5,92,17,32,,,0,,,,,,,,,,,,,,,
FRA-Ligue 1,2526,Le Havre,Reda Khadra,GER,FW,24,2001,8,1,229,2.5,0,0,0,0,0,0,0,0,0.0,0.0,0.0,0.0,0.0,2.5,0,6,3,50.0,2.36,1.18,0.0,0.0,0,0,29,7.5,1,84,0,7,21,7,0.38,2,5,-3,-1.18,-0.89,0,4,1,0,20,0,4,,,0,,,,,,,,,,,,,,,
FRA-Ligue 1,2526,Le Havre,Simon Ebonog,CMR,MF,20,2004,30,21,1759,19.5,1,0,1,1,0,0,8,0,0.05,0.0,0.05,0.05,0.05,19.5,1,22,4,18.2,1.13,0.2,0.05,0.25,0,0,59,57.5,21,77,7,9,17,2,1.07,17,31,-14,-0.72,-0.85,0,29,34,0,16,24,21,,,0,,,,,,,,,,,,,,,
FRA-Ligue 1,2526,Le Havre,Sofiane Boufal,MAR,"MF,FW",31,1993,17,13,1019,11.3,1,4,5,1,0,1,2,0,0.09,0.35,0.44,0.09,0.44,11.3,1,19,4,21.1,1.68,0.35,0.05,0.25,0,1,60,33.3,13,73,0,4,18,0,1.0,10,16,-6,-0.53,-0.27,0,24,32,6,59,3,17,,,0,,,,,,,,,,,,,,,
FRA-Ligue 1,2526,Le Havre,Stephan Zagadou,FRA,DF,16,2008,8,6,495,5.5,1,0,1,1,0,0,0,1,0.18,0.0,0.18,0.18,0.18,5.5,1,1,1,100.0,0.18,0.18,1.0,1.0,0,0,62,16.2,6,77,1,2,16,7,1.38,4,5,-1,-0.18,0.2,0,7,1,0,0,1,5,,,0,,,,,,,,,,,,,,,
FRA-Ligue 1,2526,Le Havre,Thomas Delaine,FRA,"MF,DF",33,1992,5,2,201,2.2,0,0,0,0,0,0,1,0,0.0,0.0,0.0,0.0,0.0,2.2,0,3,0,0.0,1.34,0.0,0.0,,0,0,40,6.6,2,74,0,3,18,4,2.0,3,1,2,0.9,1.34,0,2,1,0,18,3,0,,,0,,,,,,,,,,,,,,,
FRA-Ligue 1,2526,Le Havre,Timothee Pembele,FRA,"MF,DF",22,2002,14,2,381,4.2,0,0,0,0,0,0,1,0,0.0,0.0,0.0,0.0,0.0,4.2,0,4,2,50.0,0.94,0.47,0.0,0.0,0,0,27,12.5,2,53,0,12,23,2,1.07,4,5,-1,-0.24,0.13,0,3,5,1,6,3,5,,,0,,,,,,,,,,,,,,,
FRA-Ligue 1,2526,Le Havre,Yanis Zouaoui,ALG,"DF,MF",27,1998,30,28,2338,26.0,1,1,2,0,1,1,7,0,0.04,0.04,0.08,0.0,0.04,26.0,1,16,5,31.3,0.62,0.19,0.06,0.2,1,1,78,76.4,28,82,14,2,25,0,0.93,24,37,-13,-0.5,-0.63,0,22,26,1,182,27,30,,,1,,,,,,,,,,,,,,,
FRA-Ligue 1,2526,Le Havre,Yassine Kechta,MAR,MF,23,2002,30,14,1332,14.8,2,1,3,2,0,0,3,0,0.14,0.07,0.2,0.14,0.2,14.8,2,21,9,42.9,1.42,0.61,0.1,0.22,0,0,44,43.5,14,73,1,16,19,3,1.07,18,22,-4,-0.27,0.15,0,35,16,3,26,18,18,,,0,,,,,,,,,,,,,,,
FRA-Ligue 1,2526,Le Havre,Younes Namli,DEN,"FW,MF",31,1994,12,3,327,3.6,0,1,1,0,0,0,2,0,0.0,0.28,0.28,0.0,0.28,3.6,0,4,0,0.0,1.1,0.0,0.0,,0,0,27,10.7,3,65,0,9,15,3,0.92,4,7,-3,-0.83,-0.53,0,8,4,2,21,5,5,,,0,,,,,,,,,,,,,,,
FRA-Ligue 1,2526,Lens,Abdallah Sima,SEN,"MF,FW",24,2001,21,6,718,8.0,2,2,4,2,0,0,3,0,0.25,0.25,0.5,0.25,0.5,8.0,2,30,9,30.0,3.76,1.13,0.07,0.22,0,0,34,23.5,6,71,0,15,20,10,1.86,12,11,1,0.13,-1.03,0,14,14,3,14,1,5,,,0,,,,,,,,,,,,,,,
FRA-Ligue 1,2526,Lens,Adrien Thomasson,FRA,MF,31,1993,32,31,2683,29.8,3,9,12,3,0,0,11,0,0.1,0.3,0.4,0.1,0.4,29.8,3,43,13,30.2,1.44,0.44,0.07,0.23,0,0,84,87.7,31,86,22,1,30,0,2.0,56,33,23,0.77,-1.14,0,54,43,4,121,20,56,,,0,,,,,,,,,,,,,,,
FRA-Ligue 1,2526,Lens,Allan Saint-Maximin,FRA,MF,28,1997,10,2,410,4.6,3,3,6,3,0,0,0,0,0.66,0.66,1.32,0.66,1.32,4.6,3,21,3,14.3,4.61,0.66,0.14,1.0,0,0,41,13.4,2,82,1,8,31,0,1.5,14,6,8,1.76,0.97,0,3,7,1,24,0,0,,,0,,,,,,,,,,,,,,,
FRA-Ligue 1,2526,Lens,Amadou Haidara,MLI,MF,27,1998,7,2,259,2.9,1,1,2,1,0,0,0,0,0.35,0.35,0.69,0.35,0.69,2.9,1,2,2,100.0,0.69,0.69,0.5,0.5,0,0,37,8.5,2,62,0,5,27,7,1.86,5,1,4,1.39,0.52,0,4,2,0,0,2,0,,,0,,,,,,,,,,,,,,,
FRA-Ligue 1,2526,Lens,Andrija Bulatović,MNE,MF,18,2006,19,6,762,8.5,0,4,4,0,0,0,2,0,0.0,0.47,0.47,0.0,0.47,8.5,0,11,5,45.5,1.3,0.59,0.0,0.0,0,0,40,24.9,6,89,4,13,17,13,2.05,21,8,13,1.54,0.83,0,19,20,0,56,8,21,,,0,,,,,,,,,,,,,,,
FRA-Ligue 1,2526,Lens,Andy Diouf,FRA,MF,22,2003,1,1,90,1.0,0,0,0,0,0,0,0,0,0.0,0.0,0.0,0.0,0.0,1.0,0,3,1,33.3,3.0,1.0,0.0,0.0,0,0,90,2.9,1,90,1,0,,0,0.0,0,1,-1,-1.0,-1.97,0,0,1,0,0,0,0,,,0,,,,,,,,,,,,,,,
FRA-Ligue 1,2526,Lens,Anthony Bermont,FRA,MF,20,2005,10,0,104,1.2,0,0,0,0,0,0,0,0,0.0,0.0,0.0,0.0,0.0,1.2,0,4,2,50.0,3.46,1.73,0.0,0.0,0,0,10,3.4,0,,0,10,10,12,1.5,4,0,4,3.46,2.64,0,2,0,0,11,3,1,,,0,,,,,,,,,,,,,,,
FRA-Ligue 1,2526,Lens,Arthur Masuaku,COD,"DF,MF",31,1993,4,3,227,2.5,0,0,0,0,0,0,1,0,0.0,0.0,0.0,0.0,0.0,2.5,0,1,1,100.0,0.4,0.4,0.0,0.0,0,0,57,7.4,3,75,1,1,1,5,2.5,7,5,2,0.79,-0.13,0,2,1,0,7,1,3,,,0,,,,,,,,,,,,,,,
FRA-Ligue 1,2526,Lens,Deiver Machado,COL,MF,31,1993,5,4,273,3.0,0,0,0,0,0,0,1,0,0.0,0.0,0.0,0.0,0.0,3.0,0,6,1,16.7,1.98,0.33,0.0,0.0,0,0,55,8.9,4,68,1,1,1,3,1.8,2,3,-1,-0.33,-1.36,0,4,8,0,4,3,1,,,0,,,,,,,,,,,,,,,
FRA-Ligue 1,2526,Lens,Erawan Garnier,THA,DF,19,2006,1,0,7,0.1,0,0,0,0,0,0,0,0,0.0,0.0,0.0,0.0,0.0,0.1,0,0,0,,0.0,0.0,,,0,0,7,0.2,0,,0,1,7,3,0.0,0,0,0,0.0,-0.91,0,0,0,0,2,0,1,,,0,,,,,,,,,,,,,,,
FRA-Ligue 1,2526,Lens,Florian Sotoca,FRA,"MF,FW",34,1990,26,4,507,5.6,1,0,1,1,0,0,1,0,0.18,0.0,0.18,0.18,0.18,5.6,1,13,1,7.7,2.31,0.18,0.08,1.0,0,0,20,16.6,4,70,1,22,10,8,2.27,15,8,7,1.24,0.4,0,9,12,2,11,7,4,,,0,,,,,,,,,,,,,,,
FRA-Ligue 1,2526,Lens,Florian Thauvin,FRA,MF,32,1993,33,29,2443,27.1,11,6,17,9,2,3,6,0,0.41,0.22,0.63,0.33,0.55,27.1,11,74,27,36.5,2.73,0.99,0.15,0.41,2,3,74,79.8,29,80,6,4,31,0,2.03,53,27,26,0.96,0.23,0,19,34,8,202,11,17,,,0,,,,,,,,,,,,,,,
FRA-Ligue 1,2526,Lens,Fodé Sylla,FRA,MF,19,2006,4,1,99,1.1,0,0,0,0,0,0,0,0,0.0,0.0,0.0,0.0,0.0,1.1,0,0,0,,0.0,0.0,,,0,0,25,3.2,1,58,0,3,14,14,3.0,3,1,2,1.82,0.94,0,3,0,0,0,3,6,,,0,,,,,,,,,,,,,,,
FRA-Ligue 1,2526,Lens,Ismaëlo Ganiou,FRA,DF,20,2005,23,22,2014,22.4,3,0,3,3,0,0,4,1,0.13,0.0,0.13,0.13,0.13,22.4,3,22,4,18.2,0.98,0.18,0.14,0.75,0,0,88,65.8,22,89,21,1,52,8,2.09,44,25,19,0.85,-0.18,1,25,22,0,17,29,27,,,0,,,,,,,,,,,,,,,
FRA-Ligue 1,2526,Lens,Jonathan Gradit,FRA,DF,32,1992,10,10,807,9.0,0,0,0,0,0,0,2,1,0.0,0.0,0.0,0.0,0.0,9.0,0,2,0,0.0,0.22,0.0,0.0,,0,0,81,26.4,10,81,8,0,,0,2.2,19,8,11,1.23,0.43,0,15,9,0,3,16,12,,,0,,,,,,,,,,,,,,,
FRA-Ligue 1,2526,Lens,Kyllian Antonio,FRA,DF,17,2008,4,2,190,2.1,0,1,1,0,0,0,1,0,0.0,0.47,0.47,0.0,0.47,2.1,0,1,0,0.0,0.47,0.0,0.0,,0,0,48,6.2,2,64,1,2,31,5,2.25,4,1,3,1.42,0.54,0,1,4,0,2,5,4,,,0,,,,,,,,,,,,,,,
FRA-Ligue 1,2526,Lens,Malang Sarr,FRA,DF,26,1999,33,33,2925,32.5,0,1,1,0,0,0,4,0,0.0,0.03,0.03,0.0,0.03,32.5,0,23,5,21.7,0.71,0.15,0.0,0.0,0,0,89,95.6,33,89,32,0,,0,2.12,65,33,32,0.98,1.65,0,21,24,0,10,76,44,,,0,,,,,,,,,,,,,,,
FRA-Ligue 1,2526,Lens,Mamadou Sangare,MLI,MF,23,2002,29,27,2323,25.8,3,4,7,3,0,0,5,0,0.12,0.15,0.27,0.12,0.27,25.8,3,53,14,26.4,2.05,0.54,0.06,0.21,0,0,80,75.9,27,84,20,2,33,0,2.1,47,29,18,0.7,-0.89,0,34,43,3,7,40,54,,,0,,,,,,,,,,,,,,,
FRA-Ligue 1,2526,Lens,Mathieu Gorgelin,FRA,GK,34,1990,1,1,90,1.0,0,0,0,0,0,0,0,0,0.0,0.0,0.0,0.0,0.0,1.0,0,0,0,,0.0,0.0,,,0,0,90,2.9,1,90,1,0,,15,3.0,4,0,4,4.0,3.18,0,0,0,0,0,0,0,,,0,0,0.0,4,4,100.0,1,0,0,1,100.0,0,0,0,0,
FRA-Ligue 1,2526,Lens,Matthieu Udol,FRA,"MF,DF",29,1996,34,33,3002,33.4,1,7,8,1,0,0,2,0,0.03,0.21,0.24,0.03,0.24,33.4,1,47,17,36.2,1.41,0.51,0.02,0.06,0,0,88,98.1,33,90,30,1,45,0,2.06,62,35,27,0.81,-5.4,0,30,27,2,115,51,21,,,0,,,,,,,,,,,,,,,
FRA-Ligue 1,2526,Lens,Mezian Soares,POR,MF,15,2009,1,0,12,0.1,1,0,1,1,0,0,0,0,7.5,0.0,7.5,7.5,7.5,0.1,1,1,1,100.0,7.5,7.5,1.0,1.0,0,0,12,0.4,0,,0,1,12,2,3.0,0,0,0,0.0,-0.92,0,0,0,1,0,0,0,,,0,,,,,,,,,,,,,,,
FRA-Ligue 1,2526,Lens,Morgan Guilavogui,GUI,MF,27,1998,16,3,491,5.5,1,0,1,1,0,0,3,1,0.18,0.0,0.18,0.18,0.18,5.5,1,10,2,20.0,1.83,0.37,0.1,0.5,0,0,31,16.0,3,75,1,13,21,0,2.31,9,5,4,0.73,-0.21,0,15,12,4,4,3,10,,,0,,,,,,,,,,,,,,,
FRA-Ligue 1,2526,Lens,Nidal Čelik,BIH,DF,19,2006,8,8,616,6.8,0,0,0,0,0,0,2,0,0.0,0.0,0.0,0.0,0.0,6.8,0,1,1,100.0,0.15,0.15,0.0,0.0,0,0,77,20.1,8,77,5,0,,4,1.63,20,9,11,1.61,0.87,0,13,1,0,1,9,10,,,0,,,,,,,,,,,,,,,
FRA-Ligue 1,2526,Lens,Odsonne Édouard,FRA,FW,27,1998,29,26,1796,20.0,12,3,15,11,1,1,2,0,0.6,0.15,0.75,0.55,0.7,20.0,12,60,31,51.7,3.01,1.55,0.2,0.39,1,1,62,58.7,26,66,0,3,28,0,2.0,36,19,17,0.85,-0.14,0,21,17,12,1,4,4,,,0,,,,,,,,,,,,,,,
FRA-Ligue 1,2526,Lens,Rayan Fofana,FRA,"FW,MF",19,2006,25,7,798,8.9,5,0,5,5,0,0,0,0,0.56,0.0,0.56,0.56,0.56,8.9,5,36,12,33.3,4.06,1.35,0.14,0.42,0,0,32,26.1,7,61,0,18,21,8,2.08,17,8,9,1.02,0.14,0,15,34,7,6,1,4,,,0,,,,,,,,,,,,,,,
FRA-Ligue 1,2526,Lens,Robin Risser,FRA,GK,20,2004,33,33,2970,33.0,0,1,1,0,0,0,2,0,0.0,0.03,0.03,0.0,0.03,33.0,0,0,0,,0.0,0.0,,,0,0,90,97.1,33,90,33,0,,1,2.03,62,35,27,0.82,-3.18,0,0,5,0,0,0,0,,,0,35,1.06,111,76,68.5,21,4,8,11,33.3,6,3,2,1,40.0
FRA-Ligue 1,2526,Lens,Ruben Aguilar,FRA,MF,32,1993,26,20,1720,19.1,2,2,4,2,0,0,6,1,0.1,0.1,0.21,0.1,0.21,19.1,2,13,3,23.1,0.68,0.16,0.15,0.67,0,0,66,56.2,20,79,6,6,25,1,2.08,30,21,9,0.47,-1.01,1,26,12,5,86,24,24,,,0,,,,,,,,,,,,,,,
FRA-Ligue 1,2526,Lens,Samson Baidoo,AUT,DF,21,2004,23,20,1827,20.3,2,1,3,2,0,0,2,0,0.1,0.05,0.15,0.1,0.15,20.3,2,16,4,25.0,0.79,0.2,0.13,0.5,0,0,79,59.7,20,87,18,3,30,1,2.22,38,14,24,1.18,0.67,0,20,5,1,0,25,23,,,0,,,,,,,,,,,,,,,
FRA-Ligue 1,2526,Lens,Saud Abdulhamid,KSA,MF,26,1999,25,14,1352,15.0,2,4,6,2,0,0,4,1,0.13,0.27,0.4,0.13,0.4,15.0,2,8,3,37.5,0.53,0.2,0.25,0.67,0,0,54,44.2,14,83,8,11,18,6,1.84,35,17,18,1.2,0.51,0,26,14,1,47,9,22,,,0,,,,,,,,,,,,,,,
FRA-Ligue 1,2526,Lens,Wesley Saïd,FRA,MF,30,1995,29,26,1991,22.1,12,2,14,11,1,1,2,0,0.54,0.09,0.63,0.5,0.59,22.1,12,60,27,45.0,2.71,1.22,0.2,0.44,1,1,69,65.1,26,73,2,3,29,1,2.17,39,21,18,0.81,-0.28,0,37,13,13,22,9,15,,,0,,,,,,,,,,,,,,,
FRA-Ligue 1,2526,Lille,Alexsandro Ribeiro,BRA,DF,25,1999,9,7,509,5.7,0,0,0,0,0,0,0,1,0.0,0.0,0.0,0.0,0.0,5.7,0,7,2,28.6,1.24,0.35,0.0,0.0,0,0,57,16.6,7,72,5,2,2,11,2.0,12,5,7,1.24,0.96,0,10,8,0,1,11,9,,,0,,,,,,,,,,,,,,,
FRA-Ligue 1,2526,Lille,André Gomes,POR,MF,32,1993,2,0,8,0.1,0,0,0,0,0,0,0,0,0.0,0.0,0.0,0.0,0.0,0.1,0,0,0,,0.0,0.0,,,0,0,4,0.3,0,,0,2,4,5,3.0,0,0,0,0.0,-0.44,0,2,0,0,0,0,0,,,0,,,,,,,,,,,,,,,
FRA-Ligue 1,2526,Lille,Arnaud Bodart,BEL,GK,27,1998,3,2,226,2.5,0,0,0,0,0,0,0,0,0.0,0.0,0.0,0.0,0.0,2.5,0,0,0,,0.0,0.0,,,0,0,75,7.4,2,90,2,1,46,31,1.0,2,3,-1,-0.4,-0.91,0,1,0,0,0,0,0,,,0,3,1.19,7,4,57.1,0,0,2,0,0.0,1,1,0,0,0.0
FRA-Ligue 1,2526,Lille,Ayyoub Bouaddi,MAR,MF,17,2007,30,28,2321,25.8,0,1,1,0,0,0,7,1,0.0,0.04,0.04,0.0,0.04,25.8,0,16,5,31.3,0.62,0.19,0.0,0.0,0,0,77,75.8,28,82,16,2,14,2,1.63,29,26,3,0.12,-1.35,0,37,24,0,20,27,40,,,0,,,,,,,,,,,,,,,
FRA-Ligue 1,2526,Lille,Aïssa Mandi,ALG,DF,33,1991,29,28,2424,26.9,1,0,1,1,0,0,8,0,0.04,0.0,0.04,0.04,0.04,26.9,1,14,4,28.6,0.52,0.15,0.07,0.25,0,0,84,79.2,28,86,24,1,6,2,1.83,37,28,9,0.33,-0.51,0,17,17,1,10,44,21,,,0,,,,,,,,,,,,,,,
FRA-Ligue 1,2526,Lille,Benjamin André,FRA,MF,34,1990,27,26,2332,25.9,2,2,4,2,0,0,9,0,0.08,0.08,0.15,0.08,0.15,25.9,2,27,6,22.2,1.04,0.23,0.07,0.33,0,0,86,76.2,26,89,23,1,18,0,1.93,38,20,18,0.69,1.07,0,35,44,3,22,31,40,,,0,,,,,,,,,,,,,,,
FRA-Ligue 1,2526,Lille,Berke Özer,TUR,GK,25,2000,32,32,2834,31.5,0,1,1,0,0,0,5,0,0.0,0.03,0.03,0.0,0.03,31.5,0,0,0,,0.0,0.0,,,0,0,89,92.6,32,89,31,0,,0,1.91,50,34,16,0.51,0.91,0,0,13,0,0,0,2,,,0,34,1.08,105,70,67.6,18,7,7,13,40.6,3,1,1,1,50.0
FRA-Ligue 1,2526,Lille,Calvin Verdonk,IDN,DF,28,1997,18,7,790,8.8,0,0,0,0,0,0,3,1,0.0,0.0,0.0,0.0,0.0,8.8,0,3,1,33.3,0.34,0.11,0.0,0.0,0,0,44,25.8,7,84,3,11,19,7,1.61,9,10,-1,-0.11,-0.75,0,14,3,0,30,15,10,,,0,,,,,,,,,,,,,,,
FRA-Ligue 1,2526,Lille,Chancel Mbemba,COD,DF,30,1994,13,9,954,10.6,0,0,0,0,0,0,3,0,0.0,0.0,0.0,0.0,0.0,10.6,0,7,3,42.9,0.66,0.28,0.0,0.0,0,0,73,31.2,9,90,9,4,36,16,2.23,22,15,7,0.66,0.32,0,10,6,0,0,13,8,,,1,,,,,,,,,,,,,,,
FRA-Ligue 1,2526,Lille,Ethan Mbappé,FRA,"MF,FW",18,2006,18,4,567,6.3,3,1,4,3,0,0,1,0,0.48,0.16,0.63,0.48,0.63,6.3,3,14,7,50.0,2.22,1.11,0.21,0.43,0,0,32,18.5,4,78,0,14,18,0,1.83,11,10,1,0.16,-0.35,0,7,9,1,34,2,7,,,0,,,,,,,,,,,,,,,
FRA-Ligue 1,2526,Lille,Félix Correia,POR,MF,24,2001,34,26,2053,22.8,4,5,9,4,0,0,2,0,0.18,0.22,0.39,0.18,0.39,22.8,4,37,8,21.6,1.62,0.35,0.11,0.5,0,0,60,67.1,26,73,2,8,18,0,1.79,36,22,14,0.61,0.52,0,14,28,3,84,21,13,,,0,,,,,,,,,,,,,,,
FRA-Ligue 1,2526,Lille,Gaëtan Perrin,FRA,"MF,FW",29,1996,12,3,338,3.8,1,0,1,1,0,0,2,0,0.27,0.0,0.27,0.27,0.27,3.8,1,7,4,57.1,1.86,1.07,0.14,0.25,0,0,28,11.0,3,72,0,9,13,0,1.92,5,1,4,1.07,0.7,0,8,1,0,35,2,8,,,0,,,,,,,,,,,,,,,
FRA-Ligue 1,2526,Lille,Hamza Igamane,MAR,FW,22,2002,13,4,432,4.8,5,1,6,5,0,0,2,0,1.04,0.21,1.25,1.04,1.25,4.8,5,24,9,37.5,5.0,1.87,0.21,0.56,0,0,33,14.1,4,55,0,9,23,0,1.92,17,3,14,2.92,2.88,0,6,3,5,5,2,4,,,0,,,,,,,,,,,,,,,
FRA-Ligue 1,2526,Lille,Hákon Haraldsson,ISL,MF,22,2003,32,29,2460,27.3,8,2,10,8,0,0,6,0,0.29,0.07,0.37,0.29,0.37,27.3,8,50,17,34.0,1.83,0.62,0.16,0.47,0,0,77,80.4,29,83,9,3,22,0,1.81,42,26,16,0.59,0.74,0,28,43,0,75,12,15,,,0,,,,,,,,,,,,,,,
FRA-Ligue 1,2526,Lille,Marius Broholm,NOR,MF,20,2004,11,3,279,3.1,1,1,2,0,1,1,0,0,0.32,0.32,0.65,0.0,0.32,3.1,1,4,3,75.0,1.29,0.97,0.25,0.33,1,1,25,9.1,3,53,0,8,15,6,1.0,8,7,1,0.32,-0.13,0,4,8,0,14,2,6,,,0,,,,,,,,,,,,,,,
FRA-Ligue 1,2526,Lille,Matias Fernandez-Pardo,BEL,"FW,MF",20,2005,29,27,2370,26.3,8,5,13,6,2,2,5,0,0.3,0.19,0.49,0.23,0.42,26.3,8,68,30,44.1,2.58,1.14,0.12,0.27,2,2,82,77.5,27,85,15,2,38,2,1.69,32,26,6,0.23,-0.95,0,15,40,16,57,8,14,,,0,,,,,,,,,,,,,,,
FRA-Ligue 1,2526,Lille,Maxima Goffi,FRA,DF,17,2008,1,0,39,0.4,0,0,0,0,0,0,0,0,0.0,0.0,0.0,0.0,0.0,0.4,0,0,0,,0.0,0.0,,,0,0,39,1.3,0,,0,1,39,11,1.0,1,1,0,0.0,-0.45,0,1,0,0,1,0,1,,,0,,,,,,,,,,,,,,,
FRA-Ligue 1,2526,Lille,Nabil Bentaleb,ALG,MF,30,1994,26,13,1287,14.3,2,2,4,1,1,1,3,0,0.14,0.14,0.28,0.07,0.21,14.3,2,18,6,33.3,1.26,0.42,0.11,0.33,1,1,50,42.1,13,82,9,13,17,1,2.0,30,19,11,0.77,0.57,0,14,18,0,24,15,12,,,0,,,,,,,,,,,,,,,
FRA-Ligue 1,2526,Lille,Nathan Ngoy,BEL,DF,22,2003,29,27,2405,26.7,1,2,3,1,0,0,10,1,0.04,0.07,0.11,0.04,0.11,26.7,1,22,6,27.3,0.82,0.22,0.05,0.17,0,0,83,78.6,27,88,26,2,14,2,1.79,38,31,7,0.26,-0.84,0,20,11,0,6,38,21,,,0,,,,,,,,,,,,,,,
FRA-Ligue 1,2526,Lille,Ngal'Ayel Mukau,COD,MF,20,2004,30,19,1534,17.0,1,0,1,1,0,0,3,0,0.06,0.0,0.06,0.06,0.06,17.0,1,20,5,25.0,1.17,0.29,0.05,0.2,0,0,51,50.1,19,71,3,11,16,1,1.8,24,21,3,0.18,-0.53,0,27,23,4,5,14,18,,,0,,,,,,,,,,,,,,,
FRA-Ligue 1,2526,Lille,Noah Edjouma,FRA,MF,19,2005,3,1,92,1.0,0,0,0,0,0,0,0,0,0.0,0.0,0.0,0.0,0.0,1.0,0,2,0,0.0,1.96,0.0,0.0,,0,0,31,3.0,1,60,0,2,16,4,1.67,1,1,0,0.0,-0.45,0,1,2,1,6,0,4,,,0,,,,,,,,,,,,,,,
FRA-Ligue 1,2526,Lille,Olivier Giroud,FRA,FW,38,1986,30,17,1609,17.9,7,1,8,4,3,4,2,0,0.39,0.06,0.45,0.22,0.28,17.9,7,41,16,39.0,2.29,0.89,0.17,0.44,3,4,54,52.6,17,78,4,13,22,1,1.7,16,25,-9,-0.5,-1.99,0,27,31,8,2,4,8,,,0,,,,,,,,,,,,,,,
FRA-Ligue 1,2526,Lille,Osame Sahraoui,MAR,MF,24,2001,18,4,505,5.6,1,2,3,1,0,0,0,0,0.18,0.36,0.53,0.18,0.53,5.6,1,12,4,33.3,2.14,0.71,0.08,0.25,0,0,28,16.5,4,64,0,14,18,3,1.61,12,6,6,1.07,0.75,0,4,25,1,3,4,3,,,0,,,,,,,,,,,,,,,
FRA-Ligue 1,2526,Lille,Ousmane Toure,FRA,DF,20,2005,1,1,51,0.6,0,0,0,0,0,0,0,0,0.0,0.0,0.0,0.0,0.0,0.6,0,0,0,,0.0,0.0,,,0,0,51,1.7,1,51,0,0,,0,1.0,2,2,0,0.0,-0.45,0,0,0,0,0,2,0,,,0,,,,,,,,,,,,,,,
FRA-Ligue 1,2526,Lille,Romain Perraud,FRA,DF,27,1997,30,27,2241,24.9,3,4,7,3,0,0,4,1,0.12,0.16,0.28,0.12,0.28,24.9,3,33,12,36.4,1.33,0.48,0.09,0.25,0,0,75,73.2,27,82,14,3,12,2,1.83,43,26,17,0.68,0.9,0,21,44,2,127,23,31,,,0,,,,,,,,,,,,,,,
FRA-Ligue 1,2526,Lille,Soriba Diaoune,FRA,MF,17,2007,10,1,185,2.1,1,1,2,1,0,0,0,0,0.49,0.49,0.97,0.49,0.97,2.1,1,10,4,40.0,4.86,1.95,0.1,0.25,0,0,19,6.0,1,65,0,9,13,8,1.2,6,6,0,0.0,-0.47,0,5,3,0,5,1,2,,,0,,,,,,,,,,,,,,,
FRA-Ligue 1,2526,Lille,Thomas Meunier,BEL,DF,33,1991,25,21,1909,21.2,2,2,4,2,0,0,3,0,0.09,0.09,0.19,0.09,0.19,21.2,2,19,5,26.3,0.9,0.24,0.11,0.4,0,0,76,62.4,21,87,16,4,18,0,2.08,36,19,17,0.8,0.96,0,29,3,2,51,17,18,,,0,,,,,,,,,,,,,,,
FRA-Ligue 1,2526,Lille,Tiago Santos,POR,DF,23,2002,15,8,709,7.9,0,0,0,0,0,0,0,0,0.0,0.0,0.0,0.0,0.0,7.9,0,9,0,0.0,1.14,0.0,0.0,,0,0,47,23.2,8,79,1,7,11,9,1.33,7,8,-1,-0.13,-0.74,0,13,21,0,32,5,8,,,0,,,,,,,,,,,,,,,
FRA-Ligue 1,2526,Lille,Ugo Raghouber,FRA,MF,22,2003,1,0,3,0.0,0,0,0,0,0,0,0,0,0.0,0.0,0.0,0.0,0.0,0.0,0,0,0,,0.0,0.0,,,0,0,3,0.1,0,,0,1,3,8,3.0,2,0,2,60.0,59.62,0,0,0,0,0,0,0,,,0,,,,,,,,,,,,,,,
FRA-Ligue 1,2526,Lille,Vincent Burlet,BEL,DF,19,2005,1,0,19,0.2,0,0,0,0,0,0,0,0,0.0,0.0,0.0,0.0,0.0,0.2,0,0,0,,0.0,0.0,,,0,0,19,0.6,0,,0,1,19,2,1.0,0,1,-1,-4.74,-5.21,0,0,0,0,1,0,0,,,0,,,,,,,,,,,,,,,
FRA-Ligue 1,2526,Lorient,Abdoulaye Faye,SEN,DF,20,2004,17,16,1444,16.0,0,0,0,0,0,0,8,0,0.0,0.0,0.0,0.0,0.0,16.0,0,8,2,25.0,0.5,0.12,0.0,0.0,0,0,85,47.2,16,87,14,1,45,0,1.18,22,31,-9,-0.56,-0.9,0,25,15,0,4,28,24,,,1,,,,,,,,,,,,,,,
FRA-Ligue 1,2526,Lorient,Arsène Kouassi,BFA,MF,20,2004,31,30,2605,28.9,2,6,8,2,0,0,4,0,0.07,0.21,0.28,0.07,0.28,28.9,2,9,5,55.6,0.31,0.17,0.22,0.4,0,0,84,85.1,30,84,21,1,77,0,1.29,39,41,-2,-0.07,0.13,0,15,53,10,119,24,18,,,0,,,,,,,,,,,,,,,
FRA-Ligue 1,2526,Lorient,Arthur Avom,CMR,MF,20,2004,31,22,2119,23.5,2,1,3,2,0,0,3,0,0.08,0.04,0.13,0.08,0.13,23.5,2,21,6,28.6,0.89,0.25,0.1,0.33,0,0,68,69.2,22,87,17,9,23,1,1.29,30,31,-1,-0.04,0.15,0,23,38,0,45,28,31,,,1,,,,,,,,,,,,,,,
FRA-Ligue 1,2526,Lorient,Bamba Dieng,SEN,FW,25,2000,22,15,1212,13.5,10,1,11,9,1,2,2,0,0.74,0.07,0.82,0.67,0.74,13.5,10,45,24,53.3,3.34,1.78,0.22,0.42,1,2,55,39.6,15,72,0,7,19,5,1.55,22,15,7,0.52,1.01,0,15,13,9,2,2,2,,,0,,,,,,,,,,,,,,,
FRA-Ligue 1,2526,Lorient,Bamo Meïté,CIV,DF,23,2001,25,22,1979,22.0,0,3,3,0,0,0,5,0,0.0,0.14,0.14,0.0,0.14,22.0,0,8,1,12.5,0.36,0.05,0.0,0.0,0,0,79,64.7,22,87,18,3,23,3,1.44,31,29,2,0.09,0.51,0,30,25,2,12,13,15,,,0,,,,,,,,,,,,,,,
FRA-Ligue 1,2526,Lorient,Bingourou Kamara,SEN,GK,28,1996,3,3,270,3.0,0,0,0,0,0,0,0,0,0.0,0.0,0.0,0.0,0.0,3.0,0,0,0,,0.0,0.0,,,0,0,90,8.8,3,90,3,0,,30,1.0,5,8,-3,-1.0,-1.0,0,0,1,0,0,0,0,,,0,8,2.67,16,8,50.0,1,0,2,1,33.3,1,0,0,1,
FRA-Ligue 1,2526,Lorient,Daniel Xavier Semedo,FRA,MF,21,2003,1,0,11,0.1,0,0,0,0,0,0,0,0,0.0,0.0,0.0,0.0,0.0,0.1,0,0,0,,0.0,0.0,,,0,0,11,0.4,0,,0,1,11,5,1.0,1,0,1,8.18,8.3,0,2,0,0,0,1,0,,,0,,,,,,,,,,,,,,,
FRA-Ligue 1,2526,Lorient,Darlin Yongwa,CMR,"DF,MF",24,2000,23,14,1312,14.6,0,1,1,0,0,0,4,1,0.0,0.07,0.07,0.0,0.07,14.6,0,10,2,20.0,0.69,0.14,0.0,0.0,0,0,57,42.9,14,84,12,9,15,4,1.04,18,20,-2,-0.14,-0.09,0,14,22,1,38,11,24,,,0,,,,,,,,,,,,,,,
FRA-Ligue 1,2526,Lorient,Dermane Karim,TOG,MF,21,2003,30,15,1365,15.2,1,2,3,1,0,0,3,0,0.07,0.13,0.2,0.07,0.2,15.2,1,16,2,12.5,1.05,0.13,0.06,0.5,0,0,46,44.6,15,72,2,15,19,1,1.37,18,25,-7,-0.46,-0.67,0,21,39,0,17,10,17,,,0,,,,,,,,,,,,,,,
FRA-Ligue 1,2526,Lorient,Formose Mendy,SEN,DF,24,2001,2,2,135,1.5,0,0,0,0,0,0,1,0,0.0,0.0,0.0,0.0,0.0,1.5,0,0,0,,0.0,0.0,,,0,0,68,4.4,2,68,1,0,,0,1.5,1,1,0,0.0,0.09,0,2,3,0,1,3,1,,,0,,,,,,,,,,,,,,,
FRA-Ligue 1,2526,Lorient,Igor Carioca,BRA,DF,28,1996,17,13,1213,13.5,1,0,1,1,0,0,1,0,0.07,0.0,0.07,0.07,0.07,13.5,1,8,1,12.5,0.59,0.07,0.13,1.0,0,0,71,39.6,13,89,11,4,15,12,1.53,23,24,-1,-0.07,0.02,0,9,18,1,21,13,19,,,0,,,,,,,,,,,,,,,
FRA-Ligue 1,2526,Lorient,Jean-Victor Makengo,FRA,MF,27,1998,31,23,1800,20.0,4,2,6,4,0,0,2,0,0.2,0.1,0.3,0.2,0.3,20.0,4,39,14,35.9,1.95,0.7,0.1,0.29,0,0,58,58.8,23,70,2,8,23,3,1.35,27,26,1,0.05,0.34,0,12,35,0,18,14,16,,,1,,,,,,,,,,,,,,,
FRA-Ligue 1,2526,Lorient,Joel Mvuka,NOR,"MF,DF",22,2002,15,5,560,6.2,0,0,0,0,0,0,0,0,0.0,0.0,0.0,0.0,0.0,6.2,0,8,1,12.5,1.29,0.16,0.0,0.0,0,0,37,18.3,5,76,1,10,18,5,1.2,5,18,-13,-2.09,-2.45,0,4,11,1,12,6,13,,,0,,,,,,,,,,,,,,,
FRA-Ligue 1,2526,Lorient,Laurent Abergel,FRA,MF,32,1993,28,27,2318,25.8,1,0,1,1,0,0,7,0,0.04,0.0,0.04,0.04,0.04,25.8,1,22,5,22.7,0.85,0.19,0.05,0.2,0,0,83,75.8,27,85,19,1,22,0,1.39,40,41,-1,-0.04,0.2,0,24,27,1,9,28,23,,,0,,,,,,,,,,,,,,,
FRA-Ligue 1,2526,Lorient,Martin Nogoto Bley,BFA,MF,19,2006,1,0,1,0.0,0,0,0,0,0,0,0,0,0.0,0.0,0.0,0.0,0.0,0.0,0,0,0,,0.0,0.0,,,0,0,1,0.0,0,,0,1,1,8,3.0,0,0,0,0.0,0.09,0,0,0,0,0,0,0,,,0,,,,,,,,,,,,,,,
FRA-Ligue 1,2526,Lorient,Mohamed Bamba,CIV,FW,23,2001,18,7,682,7.6,1,2,3,1,0,1,3,0,0.13,0.26,0.4,0.13,0.4,7.6,1,13,6,46.2,1.72,0.79,0.08,0.17,0,1,38,22.3,7,64,0,11,21,10,1.06,11,16,-5,-0.66,-0.74,0,17,8,12,3,2,2,,,0,,,,,,,,,,,,,,,
FRA-Ligue 1,2526,Lorient,Montassar Talbi,TUN,DF,27,1998,29,29,2610,29.0,0,1,1,0,0,0,3,0,0.0,0.03,0.03,0.0,0.03,29.0,0,14,2,14.3,0.48,0.07,0.0,0.0,0,0,90,85.3,29,90,29,0,,0,1.41,43,44,-1,-0.03,0.37,0,7,13,0,5,27,19,,,0,,,,,,,,,,,,,,,
FRA-Ligue 1,2526,Lorient,Nathaniel Adjei,GHA,DF,22,2002,15,9,835,9.3,0,0,0,0,0,0,0,0,0.0,0.0,0.0,0.0,0.0,9.3,0,4,2,50.0,0.43,0.22,0.0,0.0,0,0,56,27.3,9,88,8,6,7,11,1.6,13,13,0,0.0,0.12,0,8,6,1,1,9,7,,,1,,,,,,,,,,,,,,,
FRA-Ligue 1,2526,Lorient,Noah Cadiou,GLP,MF,26,1998,28,20,1879,20.9,3,1,4,3,0,0,2,0,0.14,0.05,0.19,0.14,0.19,20.9,3,19,9,47.4,0.91,0.43,0.16,0.33,0,0,67,61.4,20,86,17,8,20,4,1.43,31,33,-2,-0.1,-0.02,0,27,13,0,3,24,16,,,0,,,,,,,,,,,,,,,
FRA-Ligue 1,2526,Lorient,Pablo Pagis,FRA,"MF,FW",22,2002,28,22,1756,19.5,10,5,15,8,2,2,1,0,0.51,0.26,0.77,0.41,0.67,19.5,10,59,19,32.2,3.02,0.97,0.17,0.53,2,2,63,57.4,22,72,2,6,28,1,1.43,31,29,2,0.1,0.45,0,23,29,2,99,18,17,,,0,,,,,,,,,,,,,,,
FRA-Ligue 1,2526,Lorient,Panos Katseris,GRE,"MF,DF",24,2001,16,8,747,8.3,1,2,3,1,0,0,3,0,0.12,0.24,0.36,0.12,0.36,8.3,1,7,4,57.1,0.84,0.48,0.14,0.25,0,0,47,24.4,8,75,2,8,18,0,1.25,13,9,4,0.48,0.75,0,13,14,2,43,11,9,,,0,,,,,,,,,,,,,,,
FRA-Ligue 1,2526,Lorient,Sambou Soumano,SEN,FW,24,2001,31,8,941,10.5,4,2,6,4,0,1,2,0,0.38,0.19,0.57,0.38,0.57,10.5,4,28,10,35.7,2.68,0.96,0.14,0.4,0,1,30,30.8,8,66,0,23,18,2,1.23,15,17,-2,-0.19,-0.15,0,16,18,10,0,4,4,,,0,,,,,,,,,,,,,,,
FRA-Ligue 1,2526,Lorient,Souleymane Touré,FRA,DF,22,2003,1,0,29,0.3,0,0,0,0,0,0,0,0,0.0,0.0,0.0,0.0,0.0,0.3,0,0,0,,0.0,0.0,,,0,0,29,0.9,0,,0,1,29,1,3.0,3,0,3,9.31,9.49,0,0,0,0,0,0,0,,,0,,,,,,,,,,,,,,,
FRA-Ligue 1,2526,Lorient,Théo Le Bris,FRA,MF,22,2002,28,22,1893,21.0,2,2,4,2,0,0,0,0,0.1,0.1,0.19,0.1,0.19,21.0,2,17,7,41.2,0.81,0.33,0.12,0.29,0,0,68,61.9,22,81,7,6,19,1,1.36,30,26,4,0.19,0.73,0,8,7,0,81,17,28,,,0,,,,,,,,,,,,,,,
FRA-Ligue 1,2526,Lorient,Tosin Aiyegun,BEN,"FW,MF",27,1998,27,11,1073,11.9,5,0,5,5,0,1,1,0,0.42,0.0,0.42,0.42,0.42,11.9,5,30,12,40.0,2.52,1.01,0.17,0.42,0,1,40,35.1,11,68,1,16,20,3,1.04,13,16,-3,-0.25,-0.25,0,11,13,3,6,1,5,,,0,,,,,,,,,,,,,,,
FRA-Ligue 1,2526,Lorient,Yvon Mvogo,SUI,GK,31,1994,31,31,2790,31.0,0,0,0,0,0,0,0,0,0.0,0.0,0.0,0.0,0.0,31.0,0,0,0,,0.0,0.0,,,0,0,90,91.2,31,90,31,0,,0,1.35,43,43,0,0.0,1.0,0,0,4,0,0,1,1,,,0,43,1.39,119,76,63.9,10,12,9,6,19.4,5,4,0,1,0.0
FRA-Ligue 1,2526,Lyon,Abner,BRA,"DF,MF",25,2000,26,25,2150,23.9,3,2,5,3,0,0,4,1,0.13,0.08,0.21,0.13,0.21,23.9,3,17,7,41.2,0.71,0.29,0.18,0.43,0,0,83,70.3,25,86,17,1,3,2,1.81,35,25,10,0.42,0.12,0,23,6,1,61,8,24,,,0,,,,,,,,,,,,,,,
FRA-Ligue 1,2526,Lyon,Adam Karabec,CZE,"MF,FW",22,2003,21,11,922,10.2,1,0,1,1,0,0,3,0,0.1,0.0,0.1,0.1,0.1,10.2,1,9,5,55.6,0.88,0.49,0.11,0.2,0,0,44,30.1,11,74,0,10,11,10,1.95,11,8,3,0.29,-0.13,0,14,20,3,80,1,3,,,0,,,,,,,,,,,,,,,
FRA-Ligue 1,2526,Lyon,Adil Hamdani,FRA,MF,16,2009,4,0,27,0.3,0,0,0,0,0,0,0,0,0.0,0.0,0.0,0.0,0.0,0.3,0,2,0,0.0,6.67,0.0,0.0,,0,0,7,0.9,0,,0,4,7,5,1.5,1,0,1,3.33,2.98,0,1,0,0,4,0,0,,,0,,,,,,,,,,,,,,,
FRA-Ligue 1,2526,Lyon,Afonso Moreira,POR,"MF,FW",20,2005,27,18,1722,19.1,4,7,11,4,0,0,3,0,0.21,0.37,0.57,0.21,0.57,19.1,4,40,14,35.0,2.09,0.73,0.1,0.29,0,0,64,56.3,18,88,13,9,15,2,1.93,35,23,12,0.63,0.56,0,27,57,4,119,12,22,,,0,,,,,,,,,,,,,,,
FRA-Ligue 1,2526,Lyon,Ainsley Maitland-Niles,ENG,"DF,MF",27,1997,30,28,2483,27.6,1,4,5,1,0,1,7,1,0.04,0.14,0.18,0.04,0.18,27.6,1,14,7,50.0,0.51,0.25,0.07,0.14,0,1,83,81.1,28,85,22,2,48,0,1.83,48,35,13,0.47,0.47,1,37,12,1,44,33,36,,,0,,,,,,,,,,,,,,,
FRA-Ligue 1,2526,Lyon,Clinton Mata,ANG,DF,32,1992,32,32,2833,31.5,0,0,0,0,0,0,5,0,0.0,0.0,0.0,0.0,0.0,31.5,0,5,0,0.0,0.16,0.0,0.0,,0,0,89,92.6,32,89,29,0,,0,1.75,49,40,9,0.29,-1.3,0,35,35,0,20,26,21,,,1,,,,,,,,,,,,,,,
FRA-Ligue 1,2526,Lyon,Corentin Tolisso,FRA,MF,30,1994,30,26,2302,25.6,11,4,15,9,2,3,4,0,0.43,0.16,0.59,0.35,0.51,25.6,11,54,27,50.0,2.11,1.06,0.2,0.41,2,3,77,75.2,26,84,17,4,31,0,1.6,42,32,10,0.39,0.03,0,42,55,3,49,17,18,,,0,,,,,,,,,,,,,,,
FRA-Ligue 1,2526,Lyon,Dominik Greif,SVK,GK,28,1997,29,29,2610,29.0,0,1,1,0,0,0,1,0,0.0,0.03,0.03,0.0,0.03,29.0,0,0,0,,0.0,0.0,,,0,0,90,85.3,29,90,29,0,,4,1.72,47,37,10,0.34,-0.26,0,0,6,0,0,0,0,,,0,37,1.28,115,77,67.8,15,5,9,11,37.9,5,2,3,0,60.0
FRA-Ligue 1,2526,Lyon,Endrick,BRA,"FW,MF",19,2006,16,14,1215,13.5,5,7,12,4,1,1,4,1,0.37,0.52,0.89,0.3,0.81,13.5,5,50,26,52.0,3.7,1.93,0.1,0.19,1,1,76,39.7,14,82,4,2,36,0,1.69,26,20,6,0.44,0.1,0,21,21,4,52,2,9,,,0,,,,,,,,,,,,,,,
FRA-Ligue 1,2526,Lyon,Enzo Molebe,FRA,FW,17,2007,1,0,10,0.1,0,0,0,0,0,0,0,0,0.0,0.0,0.0,0.0,0.0,0.1,0,0,0,,0.0,0.0,,,0,0,10,0.3,0,,0,1,10,7,3.0,0,0,0,0.0,-0.38,0,0,0,0,0,0,0,,,0,,,,,,,,,,,,,,,
FRA-Ligue 1,2526,Lyon,Ernest Nuamah,GHA,"FW,MF",21,2003,3,0,35,0.4,0,0,0,0,0,0,0,0,0.0,0.0,0.0,0.0,0.0,0.4,0,2,0,0.0,5.14,0.0,0.0,,0,0,12,1.1,0,,0,3,12,0,1.0,0,0,0,0.0,-0.39,0,0,0,0,2,0,0,,,0,,,,,,,,,,,,,,,
FRA-Ligue 1,2526,Lyon,Georges Mikautadze,GEO,FW,24,2000,2,2,179,2.0,1,0,1,1,0,0,0,0,0.5,0.0,0.5,0.5,0.5,2.0,1,10,4,40.0,5.03,2.01,0.1,0.25,0,0,90,5.8,2,90,1,0,,0,3.0,4,0,4,2.01,1.73,0,0,1,1,0,1,0,,,0,,,,,,,,,,,,,,,
FRA-Ligue 1,2526,Lyon,Hans Hateboer,NED,"DF,MF",31,1994,15,8,740,8.2,0,0,0,0,0,0,0,1,0.0,0.0,0.0,0.0,0.0,8.2,0,7,1,14.3,0.85,0.12,0.0,0.0,0,0,49,24.2,8,74,3,7,21,7,1.87,12,9,3,0.36,-0.02,0,8,3,1,22,10,10,,,0,,,,,,,,,,,,,,,
FRA-Ligue 1,2526,Lyon,Khalis Merah,FRA,"MF,FW",18,2007,22,15,1130,12.6,0,1,1,0,0,0,2,0,0.0,0.08,0.08,0.0,0.08,12.6,0,6,3,50.0,0.48,0.24,0.0,0.0,0,0,51,36.9,15,68,0,7,15,12,2.18,20,11,9,0.72,0.53,0,11,20,0,13,6,19,,,0,,,,,,,,,,,,,,,
FRA-Ligue 1,2526,Lyon,Malick Fofana,BEL,"MF,FW",20,2005,12,9,749,8.3,2,1,3,2,0,0,1,0,0.24,0.12,0.36,0.24,0.36,8.3,2,19,9,47.4,2.28,1.08,0.11,0.22,0,0,62,24.5,9,80,1,3,9,1,1.5,10,7,3,0.36,-0.03,0,11,22,3,29,3,5,,,0,,,,,,,,,,,,,,,
FRA-Ligue 1,2526,Lyon,Martin Satriano,URU,FW,24,2001,11,8,692,7.7,2,1,3,2,0,0,1,0,0.26,0.13,0.39,0.26,0.39,7.7,2,16,7,43.8,2.08,0.91,0.13,0.29,0,0,63,22.6,8,84,4,3,7,2,1.5,11,9,2,0.26,-0.16,0,11,13,3,5,5,3,,,0,,,,,,,,,,,,,,,
FRA-Ligue 1,2526,Lyon,Mathys De Carvalho,FRA,MF,20,2005,11,3,295,3.3,0,0,0,0,0,0,1,0,0.0,0.0,0.0,0.0,0.0,3.3,0,7,2,28.6,2.14,0.61,0.0,0.0,0,0,27,9.6,3,69,1,8,11,17,2.18,6,4,2,0.61,0.25,0,2,5,0,2,4,6,,,0,,,,,,,,,,,,,,,
FRA-Ligue 1,2526,Lyon,Moussa Niakhaté,SEN,DF,29,1996,32,30,2759,30.7,0,2,2,0,0,0,3,0,0.0,0.07,0.07,0.0,0.07,30.7,0,4,0,0.0,0.13,0.0,0.0,,0,0,86,90.2,30,90,30,2,30,0,1.69,43,34,9,0.29,-0.9,0,38,32,0,6,32,22,,,0,,,,,,,,,,,,,,,
FRA-Ligue 1,2526,Lyon,Nicolás Tagliafico,ARG,DF,32,1992,20,14,1310,14.6,0,3,3,0,0,0,5,2,0.0,0.21,0.21,0.0,0.21,14.6,0,15,1,6.7,1.03,0.07,0.0,0.0,0,0,66,42.8,14,85,8,6,20,6,1.55,21,15,6,0.41,0.05,1,36,33,2,20,17,14,,,0,,,,,,,,,,,,,,,
FRA-Ligue 1,2526,Lyon,Noah Nartey,DEN,"MF,FW",19,2005,11,5,545,6.1,2,0,2,2,0,0,0,0,0.33,0.0,0.33,0.33,0.33,6.1,2,5,2,40.0,0.83,0.33,0.4,1.0,0,0,50,17.8,5,81,4,6,23,4,1.55,8,7,1,0.17,-0.26,0,6,7,1,5,2,6,,,0,,,,,,,,,,,,,,,
FRA-Ligue 1,2526,Lyon,Noham Kamara,FRA,DF,18,2007,2,0,7,0.1,0,0,0,0,0,0,0,0,0.0,0.0,0.0,0.0,0.0,0.1,0,0,0,,0.0,0.0,,,0,0,4,0.2,0,,0,2,4,3,3.0,0,1,-1,-12.86,-13.27,0,0,0,0,0,0,0,,,0,,,,,,,,,,,,,,,
FRA-Ligue 1,2526,Lyon,Orel Mangala,BEL,MF,27,1998,9,5,414,4.6,0,0,0,0,0,0,0,0,0.0,0.0,0.0,0.0,0.0,4.6,0,4,1,25.0,0.87,0.22,0.0,0.0,0,0,46,13.5,5,67,0,4,20,2,2.11,6,7,-1,-0.22,-0.69,0,8,5,0,3,5,5,,,0,,,,,,,,,,,,,,,
FRA-Ligue 1,2526,Lyon,Pavel Šulc,CZE,"FW,MF",24,2000,27,17,1566,17.4,11,3,14,11,0,0,3,0,0.63,0.17,0.8,0.63,0.8,17.4,11,44,18,40.9,2.53,1.03,0.25,0.61,0,0,58,51.2,17,80,7,10,20,1,1.81,28,22,6,0.34,-0.08,0,28,15,6,13,6,13,,,0,,,,,,,,,,,,,,,
FRA-Ligue 1,2526,Lyon,Rachid Ghezzal,ALG,"MF,FW",33,1992,10,2,225,2.5,0,0,0,0,0,0,0,0,0.0,0.0,0.0,0.0,0.0,2.5,0,4,1,25.0,1.6,0.4,0.0,0.0,0,0,23,7.4,2,54,0,8,15,13,1.5,4,5,-1,-0.4,-0.84,0,9,2,1,15,1,4,,,0,,,,,,,,,,,,,,,
FRA-Ligue 1,2526,Lyon,Roman Yaremchuk,UKR,FW,29,1995,11,5,561,6.2,4,1,5,4,0,0,1,0,0.64,0.16,0.8,0.64,0.8,6.2,4,16,6,37.5,2.57,0.96,0.25,0.67,0,0,51,18.3,5,74,0,6,32,1,1.36,12,9,3,0.48,0.12,0,7,4,5,1,0,3,,,0,,,,,,,,,,,,,,,
FRA-Ligue 1,2526,Lyon,Ruben Kluivert,NED,DF,24,2001,16,9,772,8.6,1,2,3,1,0,0,4,0,0.12,0.23,0.35,0.12,0.35,8.6,1,2,1,50.0,0.23,0.12,0.5,1.0,0,0,48,25.2,9,81,6,7,6,8,2.06,18,19,-1,-0.12,-0.67,0,10,4,0,1,8,10,,,0,,,,,,,,,,,,,,,
FRA-Ligue 1,2526,Lyon,Rémi Himbert,FRA,FW,17,2008,6,1,131,1.5,1,0,1,1,0,0,0,0,0.69,0.0,0.69,0.69,0.69,1.5,1,10,1,10.0,6.87,0.69,0.1,1.0,0,0,22,4.3,1,81,0,5,10,2,1.67,1,3,-2,-1.37,-1.83,0,2,4,0,2,0,3,,,0,,,,,,,,,,,,,,,
FRA-Ligue 1,2526,Lyon,Rémy Descamps,FRA,GK,29,1996,5,5,450,5.0,0,0,0,0,0,0,0,0,0.0,0.0,0.0,0.0,0.0,5.0,0,0,0,,0.0,0.0,,,0,0,90,14.7,5,90,5,0,,24,2.0,6,3,3,0.6,0.26,0,0,0,0,0,0,0,,,1,3,0.6,17,14,82.4,3,1,1,4,80.0,0,0,0,0,
FRA-Ligue 1,2526,Lyon,Sael Kumbedi,FRA,DF,20,2005,1,1,65,0.7,0,0,0,0,0,0,1,0,0.0,0.0,0.0,0.0,0.0,0.7,0,1,0,0.0,1.38,0.0,0.0,,0,0,65,2.1,1,65,0,0,,1,3.0,1,0,1,1.38,1.02,0,4,2,0,1,1,0,,,0,,,,,,,,,,,,,,,
FRA-Ligue 1,2526,Lyon,Steeve Kango,FRA,DF,18,2006,4,1,80,0.9,0,0,0,0,0,0,0,0,0.0,0.0,0.0,0.0,0.0,0.9,0,0,0,,0.0,0.0,,,0,0,20,2.6,1,45,0,3,12,2,1.25,0,0,0,0.0,-0.39,0,1,1,0,7,0,1,,,0,,,,,,,,,,,,,,,
FRA-Ligue 1,2526,Lyon,Tanner Tessmann,USA,MF,23,2001,29,22,1953,21.7,1,0,1,1,0,0,2,0,0.05,0.0,0.05,0.05,0.05,21.7,1,26,8,30.8,1.2,0.37,0.04,0.13,0,0,67,63.8,22,82,14,7,21,0,1.86,32,21,11,0.51,0.34,0,21,19,3,17,13,21,,,0,,,,,,,,,,,,,,,
FRA-Ligue 1,2526,Lyon,Tyler Morton,ENG,MF,22,2002,29,29,2517,28.0,2,2,4,2,0,0,6,1,0.07,0.07,0.14,0.07,0.14,28.0,2,28,8,28.6,1.0,0.29,0.07,0.25,0,0,87,82.3,29,87,22,0,,0,1.83,47,30,17,0.61,1.27,0,29,19,0,83,24,29,,,0,,,,,,,,,,,,,,,
FRA-Ligue 1,2526,Marseille,Adrien Rabiot,FRA,MF,30,1995,1,1,90,1.0,0,0,0,0,0,0,1,0,0.0,0.0,0.0,0.0,0.0,1.0,0,1,0,0.0,1.0,0.0,0.0,,0,0,90,2.9,1,90,1,0,,0,0.0,0,1,-1,-1.0,-1.58,0,2,1,0,9,0,0,,,0,,,,,,,,,,,,,,,
FRA-Ligue 1,2526,Marseille,Amine Gouiri,ALG,"FW,MF",25,2000,22,15,1326,14.7,8,3,11,8,0,0,1,0,0.54,0.2,0.75,0.54,0.75,14.7,8,38,17,44.7,2.58,1.15,0.21,0.47,0,0,60,43.3,15,77,4,7,25,1,1.73,28,22,6,0.41,-0.22,0,17,16,4,37,3,9,,,0,,,,,,,,,,,,,,,
FRA-Ligue 1,2526,Marseille,Angel Gomes,ENG,MF,24,2000,14,12,888,9.9,3,0,3,3,0,0,4,0,0.3,0.0,0.3,0.3,0.3,9.9,3,11,5,45.5,1.11,0.51,0.27,0.6,0,0,63,29.0,12,72,4,2,13,3,2.07,21,9,12,1.22,0.97,0,19,12,0,7,4,5,,,0,,,,,,,,,,,,,,,
FRA-Ligue 1,2526,Marseille,Arthur Vermeeren,BEL,MF,20,2005,20,10,828,9.2,0,1,1,0,0,0,1,1,0.0,0.11,0.11,0.0,0.11,9.2,0,3,1,33.3,0.33,0.11,0.0,0.0,0,0,41,27.1,10,68,4,10,15,10,1.8,11,14,-3,-0.33,-1.17,0,15,1,0,3,11,11,,,0,,,,,,,,,,,,,,,
FRA-Ligue 1,2526,Marseille,Benjamin Pavard,FRA,DF,29,1996,27,22,1928,21.4,1,2,3,1,0,0,6,0,0.05,0.09,0.14,0.05,0.14,21.4,1,11,3,27.3,0.51,0.14,0.09,0.33,0,0,71,63.0,22,84,17,5,16,2,1.93,40,24,16,0.75,0.59,0,22,15,4,17,24,12,,,1,,,,,,,,,,,,,,,
FRA-Ligue 1,2526,Marseille,Bilal Nadir,MAR,MF,21,2003,20,5,598,6.6,0,4,4,0,0,0,6,1,0.0,0.6,0.6,0.0,0.6,6.6,0,7,1,14.3,1.05,0.15,0.0,0.0,0,0,30,19.5,5,70,1,15,17,5,1.4,22,5,17,2.56,2.52,1,24,4,1,10,6,9,,,0,,,,,,,,,,,,,,,
FRA-Ligue 1,2526,Marseille,CJ Egan-Riley,ENG,"DF,MF",22,2003,11,8,624,6.9,0,0,0,0,0,0,1,1,0.0,0.0,0.0,0.0,0.0,6.9,0,0,0,,0.0,0.0,,,0,0,57,20.4,8,75,4,3,9,15,1.55,9,9,0,0.0,-0.67,0,5,5,0,1,2,7,,,0,,,,,,,,,,,,,,,
FRA-Ligue 1,2526,Marseille,Darryl Bakola,FRA,MF,17,2007,8,0,75,0.8,0,0,0,0,0,0,0,0,0.0,0.0,0.0,0.0,0.0,0.8,0,2,1,50.0,2.4,1.2,0.0,0.0,0,0,9,2.5,0,,0,8,9,6,1.88,4,4,0,0.0,-0.54,0,4,4,0,1,0,1,,,0,,,,,,,,,,,,,,,
FRA-Ligue 1,2526,Marseille,Derek Cornelius,CAN,"DF,FW",27,1997,2,0,58,0.6,0,0,0,0,0,0,0,0,0.0,0.0,0.0,0.0,0.0,0.6,0,0,0,,0.0,0.0,,,0,0,29,1.9,0,,0,2,29,1,1.5,1,1,0,0.0,-0.54,0,0,2,0,0,1,0,,,0,,,,,,,,,,,,,,,
FRA-Ligue 1,2526,Marseille,Emerson Palmieri,ITA,"DF,MF",30,1994,28,23,2114,23.5,0,3,3,0,0,0,3,0,0.0,0.13,0.13,0.0,0.13,23.5,0,15,2,13.3,0.64,0.09,0.0,0.0,0,0,76,69.1,23,88,19,5,20,1,1.75,39,30,9,0.38,-0.47,0,16,17,2,122,33,32,,,0,,,,,,,,,,,,,,,
FRA-Ligue 1,2526,Marseille,Emmanuel Lago,CIV,FW,20,2004,2,0,49,0.5,0,0,0,0,0,0,1,0,0.0,0.0,0.0,0.0,0.0,0.5,0,2,2,100.0,3.67,3.67,0.0,0.0,0,0,25,1.6,0,,0,2,25,7,1.5,0,3,-3,-5.51,-6.14,0,2,1,0,1,1,3,,,0,,,,,,,,,,,,,,,
FRA-Ligue 1,2526,Marseille,Ethan Nwaneri,ENG,MF,18,2007,9,3,324,3.6,2,1,3,2,0,0,1,0,0.56,0.28,0.83,0.56,0.83,3.6,2,9,3,33.3,2.5,0.83,0.22,0.67,0,0,36,10.6,3,56,0,6,26,7,1.11,8,5,3,0.83,0.34,0,4,1,0,9,3,1,,,0,,,,,,,,,,,,,,,
FRA-Ligue 1,2526,Marseille,Facundo Medina,ARG,DF,26,1999,17,16,1365,15.2,0,1,1,0,0,0,7,0,0.0,0.07,0.07,0.0,0.07,15.2,0,4,1,25.0,0.26,0.07,0.0,0.0,0,0,80,44.6,16,85,13,1,6,3,1.76,26,23,3,0.2,-0.6,0,24,9,0,13,24,16,,,1,,,,,,,,,,,,,,,
FRA-Ligue 1,2526,Marseille,Geoffrey Kondogbia,CTA,"MF,DF",32,1993,10,9,587,6.5,0,0,0,0,0,0,3,0,0.0,0.0,0.0,0.0,0.0,6.5,0,4,1,25.0,0.61,0.15,0.0,0.0,0,0,59,19.2,9,64,0,1,14,7,1.9,11,6,5,0.77,0.29,0,12,8,0,1,11,9,,,0,,,,,,,,,,,,,,,
FRA-Ligue 1,2526,Marseille,Gerónimo Rulli,ARG,GK,33,1992,29,29,2610,29.0,0,0,0,0,0,0,3,0,0.0,0.0,0.0,0.0,0.0,29.0,0,1,0,0.0,0.03,0.0,0.0,,0,0,90,85.3,29,90,29,0,,3,1.77,53,35,18,0.62,0.62,0,1,14,0,0,0,0,,,0,34,1.17,110,76,69.1,15,5,9,8,27.6,6,5,0,1,0.0
FRA-Ligue 1,2526,Marseille,Hamed Junior Traorè,CIV,MF,25,2000,13,7,619,6.9,2,1,3,2,0,0,1,0,0.29,0.15,0.44,0.29,0.44,6.9,2,13,6,46.2,1.89,0.87,0.15,0.33,0,0,48,20.2,7,76,1,6,15,4,1.23,8,12,-4,-0.58,-1.39,0,8,11,2,33,5,7,,,0,,,,,,,,,,,,,,,
FRA-Ligue 1,2526,Marseille,Hilan Hamzaoui,FRA,DF,19,2006,1,0,3,0.0,0,0,0,0,0,0,0,0,0.0,0.0,0.0,0.0,0.0,0.0,0,0,0,,0.0,0.0,,,0,0,3,0.1,0,,0,1,3,4,0.0,0,0,0,0.0,-0.53,0,0,0,0,0,0,0,,,0,,,,,,,,,,,,,,,
FRA-Ligue 1,2526,Marseille,Himad Abdelli,ALG,MF,25,1999,8,1,138,1.5,0,0,0,0,0,0,1,0,0.0,0.0,0.0,0.0,0.0,1.5,0,4,1,25.0,2.61,0.65,0.0,0.0,0,0,17,4.5,1,58,0,7,11,2,1.0,2,8,-6,-3.91,-4.65,0,3,0,0,1,2,1,,,0,,,,,,,,,,,,,,,
FRA-Ligue 1,2526,Marseille,Igor Paixão,BRA,MF,25,2000,30,22,1975,21.9,6,5,11,6,0,0,3,0,0.27,0.23,0.5,0.27,0.5,21.9,6,57,23,40.4,2.6,1.05,0.11,0.26,0,0,66,64.5,22,77,7,8,35,0,1.83,40,28,12,0.55,0.05,0,21,34,9,57,17,12,,,0,,,,,,,,,,,,,,,
FRA-Ligue 1,2526,Marseille,Jeffrey De Lange,NED,GK,27,1998,5,5,450,5.0,0,0,0,0,0,0,0,0,0.0,0.0,0.0,0.0,0.0,5.0,0,0,0,,0.0,0.0,,,0,0,90,14.7,5,90,5,0,,29,1.8,15,11,4,0.8,0.32,0,0,0,0,0,0,0,,,0,11,2.2,24,13,54.2,3,0,2,1,20.0,0,0,0,0,
FRA-Ligue 1,2526,Marseille,Jonathan Rowe,ENG,FW,22,2003,1,1,62,0.7,0,0,0,0,0,0,0,0,0.0,0.0,0.0,0.0,0.0,0.7,0,5,0,0.0,7.26,0.0,0.0,,0,0,62,2.0,1,62,0,0,,0,0.0,0,0,0,0.0,-0.54,0,2,2,0,4,1,0,,,0,,,,,,,,,,,,,,,
FRA-Ligue 1,2526,Marseille,Leonardo Balerdi,ARG,DF,26,1999,26,21,2001,22.2,0,1,1,0,0,0,5,0,0.0,0.04,0.04,0.0,0.04,22.2,0,20,5,25.0,0.9,0.22,0.0,0.0,0,0,77,65.4,21,89,19,5,26,1,1.73,46,33,13,0.58,0.16,0,23,21,0,2,27,28,,,0,,,,,,,,,,,,,,,
FRA-Ligue 1,2526,Marseille,Mason Greenwood,ENG,MF,23,2001,32,29,2462,27.4,16,7,23,10,6,8,4,0,0.58,0.26,0.84,0.37,0.62,27.4,16,116,48,41.4,4.24,1.75,0.14,0.33,6,8,77,80.5,29,82,16,3,31,1,1.75,52,36,16,0.58,0.28,0,22,34,1,112,4,13,,,0,,,,,,,,,,,,,,,
FRA-Ligue 1,2526,Marseille,Matt O'Riley,DEN,MF,24,2000,15,6,741,8.2,1,2,3,1,0,0,2,0,0.12,0.24,0.36,0.12,0.36,8.2,1,7,3,42.9,0.85,0.36,0.14,0.33,0,0,49,24.2,6,81,2,9,28,2,2.33,16,9,7,0.85,0.42,0,15,1,1,7,6,8,,,0,,,,,,,,,,,,,,,
FRA-Ligue 1,2526,Marseille,Michael Amir Murillo,PAN,"DF,MF",29,1996,16,11,989,11.0,2,1,3,2,0,0,4,0,0.18,0.09,0.27,0.18,0.27,11.0,2,9,2,22.2,0.82,0.18,0.22,1.0,0,0,62,32.3,11,80,7,5,21,2,2.0,26,13,13,1.18,0.97,0,22,16,2,28,6,13,,,0,,,,,,,,,,,,,,,
FRA-Ligue 1,2526,Marseille,Nayef Aguerd,MAR,DF,29,1996,16,16,1396,15.5,1,0,1,1,0,0,4,0,0.06,0.0,0.06,0.06,0.06,15.5,1,10,2,20.0,0.64,0.13,0.1,0.5,0,0,87,45.6,16,87,13,0,,1,1.94,33,17,16,1.03,0.92,0,21,6,0,2,21,16,,,0,,,,,,,,,,,,,,,
FRA-Ligue 1,2526,Marseille,Neal Maupay,FRA,"FW,MF",28,1996,1,0,2,0.0,0,0,0,0,0,0,0,0,0.0,0.0,0.0,0.0,0.0,0.0,0,0,0,,0.0,0.0,,,0,0,2,0.1,0,,0,1,2,2,3.0,0,0,0,0.0,-0.53,0,0,0,0,0,0,0,,,0,,,,,,,,,,,,,,,
FRA-Ligue 1,2526,Marseille,Nouhoum Kamissoko,MLI,MF,20,2004,3,0,24,0.3,0,0,0,0,0,0,0,0,0.0,0.0,0.0,0.0,0.0,0.3,0,1,0,0.0,3.75,0.0,0.0,,0,0,8,0.8,0,,0,3,8,2,2.33,0,2,-2,-7.5,-8.09,0,0,0,0,0,0,1,,,0,,,,,,,,,,,,,,,
FRA-Ligue 1,2526,Marseille,Pierre Højbjerg,DEN,MF,29,1995,32,30,2712,30.1,4,5,9,4,0,0,4,0,0.13,0.17,0.3,0.13,0.3,30.1,4,46,14,30.4,1.53,0.46,0.09,0.29,0,0,85,88.6,30,89,25,2,24,0,1.75,54,40,14,0.46,-0.57,0,38,46,0,10,26,24,,,0,,,,,,,,,,,,,,,
FRA-Ligue 1,2526,Marseille,Pierre-Emerick Aubameyang,GAB,FW,36,1989,30,23,2039,22.7,10,5,15,10,0,0,1,0,0.44,0.22,0.66,0.44,0.66,22.7,10,60,34,56.7,2.65,1.5,0.17,0.29,0,0,68,66.6,23,79,8,7,31,3,1.67,43,26,17,0.75,0.66,0,19,16,9,30,7,6,,,0,,,,,,,,,,,,,,,
FRA-Ligue 1,2526,Marseille,Pol Lirola,ESP,"DF,MF",27,1997,3,0,34,0.4,0,0,0,0,0,0,0,0,0.0,0.0,0.0,0.0,0.0,0.4,0,0,0,,0.0,0.0,,,0,0,11,1.1,0,,0,3,11,1,1.33,0,2,-2,-5.29,-5.89,0,1,2,0,2,1,0,,,0,,,,,,,,,,,,,,,
FRA-Ligue 1,2526,Marseille,Quinten Timber,NED,MF,24,2001,15,14,1105,12.3,0,0,0,0,0,0,4,0,0.0,0.0,0.0,0.0,0.0,12.3,0,10,2,20.0,0.81,0.16,0.0,0.0,0,0,74,36.1,14,78,4,1,9,0,1.6,14,16,-2,-0.16,-1.08,0,13,20,1,7,9,17,,,0,,,,,,,,,,,,,,,
FRA-Ligue 1,2526,Marseille,Robinio Vaz,FRA,FW,18,2007,14,3,379,4.2,4,2,6,4,0,0,2,0,0.95,0.47,1.42,0.95,1.42,4.2,4,8,6,75.0,1.9,1.42,0.5,0.67,0,0,27,12.4,3,59,0,11,18,2,1.86,16,6,10,2.37,2.11,0,8,9,3,4,3,4,,,0,,,,,,,,,,,,,,,
FRA-Ligue 1,2526,Marseille,Tadjidine Mmadi,FRA,FW,18,2007,3,0,45,0.5,0,0,0,0,0,0,0,0,0.0,0.0,0.0,0.0,0.0,0.5,0,2,0,0.0,4.0,0.0,0.0,,0,0,15,1.5,0,,0,3,15,5,1.33,1,1,0,0.0,-0.54,0,2,0,0,2,2,1,,,0,,,,,,,,,,,,,,,
FRA-Ligue 1,2526,Marseille,Timothy Weah,USA,"MF,DF",25,2000,29,26,2253,25.0,2,2,4,2,0,0,5,0,0.08,0.08,0.16,0.08,0.16,25.0,2,29,10,34.5,1.16,0.4,0.07,0.2,0,0,78,73.6,26,82,15,3,37,1,1.69,47,34,13,0.52,-0.04,0,32,18,1,62,15,35,,,0,,,,,,,,,,,,,,,
FRA-Ligue 1,2526,Marseille,Tochukwu Nnadi,NGA,"MF,DF",22,2003,8,4,351,3.9,0,1,1,0,0,0,1,0,0.0,0.26,0.26,0.0,0.26,3.9,0,4,1,25.0,1.03,0.26,0.0,0.0,0,0,44,11.5,4,79,1,4,9,2,2.38,6,3,3,0.77,0.27,0,10,4,1,6,3,3,,,0,,,,,,,,,,,,,,,
FRA-Ligue 1,2526,Marseille,Ugo Lamare,FRA,FW,18,2007,3,0,17,0.2,0,0,0,0,0,0,0,0,0.0,0.0,0.0,0.0,0.0,0.2,0,1,0,0.0,5.29,0.0,0.0,,0,0,6,0.6,0,,0,3,6,1,1.0,0,0,0,0.0,-0.53,0,1,0,0,0,0,0,,,0,,,,,,,,,,,,,,,
FRA-Ligue 1,2526,Marseille,Ulisses Garcia,SUI,"MF,DF",29,1996,4,2,211,2.3,0,0,0,0,0,0,1,1,0.0,0.0,0.0,0.0,0.0,2.3,0,2,1,50.0,0.85,0.43,0.0,0.0,0,0,53,6.9,2,77,0,2,29,6,1.5,5,4,1,0.43,-0.11,0,4,2,0,1,0,2,,,0,,,,,,,,,,,,,,,
FRA-Ligue 1,2526,Metz,Alpha Touré,SEN,MF,19,2006,30,16,1606,17.8,0,1,1,0,0,0,5,0,0.0,0.06,0.06,0.0,0.06,17.8,0,17,1,5.9,0.95,0.06,0.0,0.0,0,0,54,52.5,16,81,7,14,22,2,0.53,15,37,-22,-1.23,0.13,0,27,27,1,13,10,23,,,0,,,,,,,,,,,,,,,
FRA-Ligue 1,2526,Metz,Believe Munongo,FRA,MF,15,2009,11,5,431,4.8,0,0,0,0,0,0,1,0,0.0,0.0,0.0,0.0,0.0,4.8,0,5,1,20.0,1.04,0.21,0.0,0.0,0,0,39,14.1,5,62,1,6,20,4,0.36,2,12,-10,-2.09,-0.92,0,17,2,0,2,6,7,,,0,,,,,,,,,,,,,,,
FRA-Ligue 1,2526,Metz,Benjamin Stambouli,FRA,MF,34,1990,19,10,960,10.7,0,0,0,0,0,0,0,0,0.0,0.0,0.0,0.0,0.0,10.7,0,6,1,16.7,0.56,0.09,0.0,0.0,0,0,51,31.4,10,83,5,9,15,5,0.58,10,26,-16,-1.5,-0.3,0,14,9,0,8,9,16,,,0,,,,,,,,,,,,,,,
FRA-Ligue 1,2526,Metz,Boubacar Traoré,MLI,MF,23,2001,20,16,1387,15.4,1,0,1,1,0,0,4,0,0.06,0.0,0.06,0.06,0.06,15.4,1,19,3,15.8,1.23,0.19,0.05,0.33,0,0,69,45.3,16,82,6,4,19,0,0.5,13,32,-19,-1.23,0.11,0,32,5,0,2,15,26,,,0,,,,,,,,,,,,,,,
FRA-Ligue 1,2526,Metz,Bouna Sarr,SEN,"MF,DF",33,1992,12,10,895,9.9,0,0,0,0,0,0,1,0,0.0,0.0,0.0,0.0,0.0,9.9,0,15,3,20.0,1.51,0.3,0.0,0.0,0,0,75,29.2,10,84,6,2,30,2,0.33,9,22,-13,-1.31,-0.02,0,11,20,2,31,11,13,,,0,,,,,,,,,,,,,,,
FRA-Ligue 1,2526,Metz,Brian Madjo,LUX,FW,16,2009,5,2,157,1.7,0,0,0,0,0,0,0,0,0.0,0.0,0.0,0.0,0.0,1.7,0,3,1,33.3,1.72,0.57,0.0,0.0,0,0,31,5.1,2,69,0,3,7,4,0.0,0,3,-3,-1.72,-0.45,0,3,3,3,0,0,0,,,0,,,,,,,,,,,,,,,
FRA-Ligue 1,2526,Metz,Cheikh Tidiane Sabaly,SEN,"MF,FW",26,1999,14,12,967,10.7,0,2,2,0,0,0,2,0,0.0,0.19,0.19,0.0,0.19,10.7,0,8,4,50.0,0.74,0.37,0.0,0.0,0,0,69,31.6,12,79,6,2,13,0,0.79,8,24,-16,-1.49,-0.29,0,14,16,5,14,3,13,,,0,,,,,,,,,,,,,,,
FRA-Ligue 1,2526,Metz,Cléo Melieres,FRA,FW,20,2005,2,0,31,0.3,0,0,0,0,0,0,1,0,0.0,0.0,0.0,0.0,0.0,0.3,0,0,0,,0.0,0.0,,,0,0,16,1.0,0,,0,2,16,11,1.5,1,3,-2,-5.81,-4.56,0,1,0,0,3,0,0,,,0,,,,,,,,,,,,,,,
FRA-Ligue 1,2526,Metz,Fodé Ballo-Touré,SEN,"DF,MF",28,1997,13,11,836,9.3,0,0,0,0,0,0,2,0,0.0,0.0,0.0,0.0,0.0,9.3,0,5,1,20.0,0.54,0.11,0.0,0.0,0,0,64,27.3,11,73,2,2,16,8,0.08,5,22,-17,-1.83,-0.74,0,13,18,1,16,5,16,,,0,,,,,,,,,,,,,,,
FRA-Ligue 1,2526,Metz,Gauthier Hein,FRA,"MF,FW",28,1996,29,26,2351,26.1,8,7,15,3,5,5,3,1,0.31,0.27,0.57,0.11,0.38,26.1,8,44,13,29.5,1.68,0.5,0.18,0.62,5,5,81,76.8,26,87,19,3,29,0,0.45,28,62,-34,-1.3,-0.03,1,15,17,4,147,9,10,,,0,,,,,,,,,,,,,,,
FRA-Ligue 1,2526,Metz,Giorgi Abuashvili,GEO,"MF,FW",22,2003,23,6,698,7.8,2,0,2,2,0,0,1,0,0.26,0.0,0.26,0.26,0.26,7.8,2,23,9,39.1,2.97,1.16,0.09,0.22,0,0,30,22.8,6,64,0,17,19,9,0.52,8,20,-12,-1.55,-0.33,0,8,11,1,38,5,8,,,0,,,,,,,,,,,,,,,
FRA-Ligue 1,2526,Metz,Giorgi Kvilitaia,GEO,FW,31,1993,10,5,495,5.5,2,0,2,2,0,0,1,0,0.36,0.0,0.36,0.36,0.36,5.5,2,12,7,58.3,2.18,1.27,0.17,0.29,0,0,50,16.2,5,73,1,5,26,3,0.3,6,14,-8,-1.45,-0.19,0,11,6,2,0,0,6,,,0,,,,,,,,,,,,,,,
FRA-Ligue 1,2526,Metz,Habib Diallo,SEN,FW,30,1995,25,21,1909,21.2,4,1,5,4,0,1,0,0,0.19,0.05,0.24,0.19,0.24,21.2,4,38,12,31.6,1.79,0.57,0.11,0.33,0,1,76,62.4,21,86,16,4,26,1,0.56,17,49,-32,-1.51,-0.57,0,27,29,11,4,2,5,,,0,,,,,,,,,,,,,,,
FRA-Ligue 1,2526,Metz,Heorhii Tsitaishvili,GEO,"MF,DF",24,2000,33,28,2449,27.2,3,2,5,3,0,0,3,0,0.11,0.07,0.18,0.11,0.18,27.2,3,31,8,25.8,1.14,0.29,0.1,0.38,0,0,74,80.0,28,84,16,5,19,0,0.48,25,59,-34,-1.25,0.22,0,23,36,6,160,14,12,,,0,,,,,,,,,,,,,,,
FRA-Ligue 1,2526,Metz,Ibou Sané,SEN,"FW,MF",20,2005,16,5,541,6.0,1,1,2,1,0,0,2,0,0.17,0.17,0.33,0.17,0.33,6.0,1,6,3,50.0,1.0,0.5,0.17,0.33,0,0,34,17.7,5,76,0,11,14,4,0.75,8,11,-3,-0.5,0.97,0,9,15,3,14,1,3,,,0,,,,,,,,,,,,,,,
FRA-Ligue 1,2526,Metz,Idrissa Guèye,SEN,FW,18,2006,3,1,132,1.5,0,0,0,0,0,0,0,0,0.0,0.0,0.0,0.0,0.0,1.5,0,2,0,0.0,1.36,0.0,0.0,,0,0,44,4.3,1,89,0,2,22,0,0.0,2,5,-3,-2.05,-0.79,0,3,2,0,0,0,2,,,0,,,,,,,,,,,,,,,
FRA-Ligue 1,2526,Metz,Ismaël Guerti,FRA,FW,21,2004,3,0,27,0.3,0,0,0,0,0,0,0,0,0.0,0.0,0.0,0.0,0.0,0.3,0,0,0,,0.0,0.0,,,0,0,9,0.9,0,,0,3,9,7,1.0,3,4,-1,-3.33,-2.06,0,0,0,0,1,1,1,,,0,,,,,,,,,,,,,,,
FRA-Ligue 1,2526,Metz,Jahyann Pandore,FRA,MF,17,2007,4,0,88,1.0,1,0,1,1,0,0,0,0,1.02,0.0,1.02,1.02,1.02,1.0,1,2,1,50.0,2.05,1.02,0.5,1.0,0,0,22,2.9,0,,0,4,22,1,0.5,2,4,-2,-2.05,-0.77,0,2,1,0,3,0,4,,,0,,,,,,,,,,,,,,,
FRA-Ligue 1,2526,Metz,Jean-Philippe Gbamin,CIV,"DF,MF",29,1995,31,30,2485,27.6,1,1,2,1,0,0,2,1,0.04,0.04,0.07,0.04,0.07,27.6,1,14,7,50.0,0.51,0.25,0.07,0.14,0,0,80,81.2,30,82,25,1,26,0,0.48,27,63,-36,-1.3,-0.05,0,25,8,0,5,27,27,,,0,,,,,,,,,,,,,,,
FRA-Ligue 1,2526,Metz,Jessy Deminguet,FRA,MF,27,1998,31,25,1995,22.2,2,0,2,2,0,0,4,0,0.09,0.0,0.09,0.09,0.09,22.2,2,17,7,41.2,0.77,0.32,0.12,0.29,0,0,64,65.2,25,75,1,6,22,0,0.52,18,47,-29,-1.31,-0.04,0,28,32,0,19,22,21,,,0,,,,,,,,,,,,,,,
FRA-Ligue 1,2526,Metz,Joel Asoro,SWE,FW,26,1999,8,2,227,2.5,0,0,0,0,0,0,0,0,0.0,0.0,0.0,0.0,0.0,2.5,0,4,1,25.0,1.59,0.4,0.0,0.0,0,0,28,7.4,2,61,0,6,18,3,0.88,2,5,-3,-1.19,0.11,0,2,1,2,1,0,0,,,0,,,,,,,,,,,,,,,
FRA-Ligue 1,2526,Metz,Jonathan Fischer,DEN,GK,23,2001,27,26,2354,26.2,0,0,0,0,0,0,0,0,0.0,0.0,0.0,0.0,0.0,26.2,0,0,0,,0.0,0.0,,,0,0,87,76.9,26,90,26,1,14,7,0.52,25,56,-31,-1.19,0.47,0,0,4,0,0,0,0,,,0,56,2.14,148,92,62.2,3,5,18,5,19.2,7,6,1,0,14.3
FRA-Ligue 1,2526,Metz,Joseph Nduquidi,FRA,MF,20,2004,1,0,7,0.1,0,0,0,0,0,0,0,0,0.0,0.0,0.0,0.0,0.0,0.1,0,0,0,,0.0,0.0,,,0,0,7,0.2,0,,0,1,7,2,0.0,0,1,-1,-12.86,-11.59,0,0,0,0,1,0,0,,,0,,,,,,,,,,,,,,,
FRA-Ligue 1,2526,Metz,Koffi Kouao,CIV,"DF,MF",27,1998,27,27,2265,25.2,2,1,3,2,0,0,10,0,0.08,0.04,0.12,0.08,0.12,25.2,2,23,10,43.5,0.91,0.4,0.09,0.2,0,0,84,74.0,27,84,18,0,,5,0.56,21,48,-27,-1.07,0.85,0,32,33,3,59,28,46,,,1,,,,,,,,,,,,,,,
FRA-Ligue 1,2526,Metz,Lucas Michal,FRA,MF,20,2005,9,2,212,2.4,0,0,0,0,0,0,1,0,0.0,0.0,0.0,0.0,0.0,2.4,0,7,2,28.6,2.97,0.85,0.0,0.0,0,0,24,6.9,2,63,0,7,12,1,0.33,2,7,-5,-2.12,-0.89,0,3,2,1,1,0,0,,,0,,,,,,,,,,,,,,,
FRA-Ligue 1,2526,Metz,Malick Mbaye,SEN,MF,21,2004,5,3,300,3.3,0,0,0,0,0,0,1,0,0.0,0.0,0.0,0.0,0.0,3.3,0,2,1,50.0,0.6,0.3,0.0,0.0,0,0,60,9.8,3,87,1,2,19,3,0.2,4,7,-3,-0.9,0.44,0,2,3,0,8,3,8,,,0,,,,,,,,,,,,,,,
FRA-Ligue 1,2526,Metz,Maxime Colin,FRA,DF,33,1991,22,18,1692,18.8,0,0,0,0,0,0,1,0,0.0,0.0,0.0,0.0,0.0,18.8,0,7,2,28.6,0.37,0.11,0.0,0.0,0,0,77,55.3,18,86,14,4,34,10,0.59,22,39,-17,-0.9,0.87,0,10,7,0,12,24,30,,,0,,,,,,,,,,,,,,,
FRA-Ligue 1,2526,Metz,Michel Mboula,GAB,"DF,MF",22,2003,14,10,746,8.3,0,0,0,0,0,0,2,0,0.0,0.0,0.0,0.0,0.0,8.3,0,2,1,50.0,0.24,0.12,0.0,0.0,0,0,53,24.4,10,68,4,4,16,7,0.43,8,14,-6,-0.72,0.75,0,9,11,0,8,15,10,,,1,,,,,,,,,,,,,,,
FRA-Ligue 1,2526,Metz,Morgan Bokelé Mputu,CMR,MF,21,2004,10,1,227,2.5,0,0,0,0,0,0,0,0,0.0,0.0,0.0,0.0,0.0,2.5,0,3,1,33.3,1.19,0.4,0.0,0.0,0,0,23,7.4,1,80,0,9,16,7,0.5,4,7,-3,-1.19,0.11,0,2,8,0,5,1,4,,,0,,,,,,,,,,,,,,,
FRA-Ligue 1,2526,Metz,Nathan Mbala,,"MF,FW",17,2008,13,4,441,4.9,2,2,4,2,0,0,0,0,0.41,0.41,0.82,0.41,0.82,4.9,2,15,4,26.7,3.06,0.82,0.13,0.5,0,0,34,14.4,4,64,0,9,21,1,0.23,8,11,-3,-0.61,0.8,0,3,6,0,36,1,6,,,0,,,,,,,,,,,,,,,
FRA-Ligue 1,2526,Metz,Pape Mamadou Sy,SEN,GK,28,1997,8,8,706,7.8,0,0,0,0,0,0,0,0,0.0,0.0,0.0,0.0,0.0,7.8,0,0,0,,0.0,0.0,,,0,0,88,23.1,8,88,7,0,,9,0.38,7,20,-13,-1.66,-0.47,0,0,4,0,0,0,0,,,0,20,2.55,49,29,59.2,0,3,5,2,25.0,1,1,0,0,0.0
FRA-Ligue 1,2526,Metz,Sadibou Sané,SEN,DF,21,2004,23,22,1940,21.6,2,1,3,2,0,0,5,2,0.09,0.05,0.14,0.09,0.14,21.6,2,6,2,33.3,0.28,0.09,0.33,1.0,0,0,84,63.4,22,87,20,1,17,3,0.26,17,48,-31,-1.44,-0.39,0,22,15,0,4,39,34,,,1,,,,,,,,,,,,,,,
FRA-Ligue 1,2526,Metz,Terry Yegbe,GHA,DF,24,2001,24,22,1963,21.8,0,1,1,0,0,0,3,0,0.0,0.05,0.05,0.0,0.05,21.8,0,6,2,33.3,0.28,0.09,0.0,0.0,0,0,82,64.2,22,87,18,2,30,8,0.58,24,51,-27,-1.24,0.16,0,19,8,0,5,22,7,,,0,,,,,,,,,,,,,,,
FRA-Ligue 1,2526,Monaco,Aladji Bamba,FRA,MF,19,2006,18,10,816,9.1,0,2,2,0,0,0,2,0,0.0,0.22,0.22,0.0,0.22,9.1,0,2,1,50.0,0.22,0.11,0.0,0.0,0,0,45,26.7,10,60,1,8,28,8,2.17,18,17,1,0.11,-0.09,0,23,18,0,4,8,20,,,0,,,,,,,,,,,,,,,
FRA-Ligue 1,2526,Monaco,Aleksandr Golovin,RUS,MF,29,1996,25,21,1649,18.3,5,5,10,5,0,0,4,1,0.27,0.27,0.55,0.27,0.55,18.3,5,34,18,52.9,1.86,0.98,0.15,0.28,0,0,66,53.9,21,74,4,4,26,2,1.72,28,19,9,0.49,0.68,1,29,18,2,37,21,18,,,0,,,,,,,,,,,,,,,
FRA-Ligue 1,2526,Monaco,Ansu Fati,ESP,"MF,FW",22,2002,25,10,1093,12.1,11,0,11,8,3,4,1,0,0.91,0.0,0.91,0.66,0.66,12.1,11,43,24,55.8,3.54,1.98,0.26,0.46,3,4,44,35.7,10,71,2,15,26,1,1.64,27,23,4,0.33,0.24,0,9,6,3,8,2,9,,,0,,,,,,,,,,,,,,,
FRA-Ligue 1,2526,Monaco,Caio Henrique,BRA,"DF,MF",28,1997,22,17,1536,17.1,0,2,2,0,0,0,2,0,0.0,0.12,0.12,0.0,0.12,17.1,0,2,0,0.0,0.12,0.0,0.0,,0,0,70,50.2,17,85,14,5,19,2,1.55,24,24,0,0.0,-0.35,0,13,17,1,90,12,11,,,0,,,,,,,,,,,,,,,
FRA-Ligue 1,2526,Monaco,Christian Mawissa,FRA,"DF,MF",20,2005,18,13,1191,13.2,0,0,0,0,0,0,4,0,0.0,0.0,0.0,0.0,0.0,13.2,0,2,1,50.0,0.15,0.08,0.0,0.0,0,0,66,38.9,13,82,9,5,26,2,1.78,23,22,1,0.08,-0.17,0,12,12,0,5,15,25,,,0,,,,,,,,,,,,,,,
FRA-Ligue 1,2526,Monaco,Denis Zakaria,SUI,"DF,MF",28,1996,24,23,2031,22.6,2,1,3,2,0,0,4,1,0.09,0.04,0.13,0.09,0.13,22.6,2,18,3,16.7,0.8,0.13,0.11,0.67,0,0,85,66.4,23,88,19,1,12,0,1.67,40,32,8,0.35,0.53,0,26,7,0,11,45,25,,,1,,,,,,,,,,,,,,,
FRA-Ligue 1,2526,Monaco,Eliesse Ben Seghir,MAR,MF,20,2005,2,0,45,0.5,0,0,0,0,0,0,0,0,0.0,0.0,0.0,0.0,0.0,0.5,0,1,0,0.0,2.0,0.0,0.0,,0,0,23,1.5,0,,0,2,23,0,1.5,1,2,-1,-2.0,-2.21,0,1,1,0,1,0,0,,,0,,,,,,,,,,,,,,,
FRA-Ligue 1,2526,Monaco,Eric Dier,ENG,DF,31,1994,9,7,688,7.6,1,0,1,1,0,0,0,0,0.13,0.0,0.13,0.13,0.13,7.6,1,3,2,66.7,0.39,0.26,0.33,0.5,0,0,76,22.5,7,90,7,2,29,10,1.33,15,15,0,0.0,-0.23,0,9,4,0,2,10,2,,,0,,,,,,,,,,,,,,,
FRA-Ligue 1,2526,Monaco,Folarin Balogun,USA,FW,24,2001,30,26,2230,24.8,13,4,17,10,3,3,4,1,0.52,0.16,0.69,0.4,0.57,24.8,13,77,32,41.6,3.11,1.29,0.17,0.41,3,3,74,72.9,26,79,8,4,41,1,1.6,43,36,7,0.28,0.39,0,44,37,17,14,4,6,,,0,,,,,,,,,,,,,,,
FRA-Ligue 1,2526,Monaco,George Ilenikhena,NGA,FW,18,2006,15,3,385,4.3,2,0,2,2,0,0,0,0,0.47,0.0,0.47,0.47,0.47,4.3,2,15,7,46.7,3.51,1.64,0.13,0.29,0,0,26,12.6,3,60,0,12,17,4,1.2,6,8,-2,-0.47,-0.74,0,2,6,8,0,0,0,,,0,,,,,,,,,,,,,,,
FRA-Ligue 1,2526,Monaco,Ilane Touré,FRA,MF,18,2006,2,0,35,0.4,0,0,0,0,0,0,0,0,0.0,0.0,0.0,0.0,0.0,0.4,0,0,0,,0.0,0.0,,,0,0,18,1.1,0,,0,2,18,6,0.0,0,2,-2,-5.14,-5.38,0,1,0,0,4,0,0,,,0,,,,,,,,,,,,,,,
FRA-Ligue 1,2526,Monaco,Jordan Teze,NED,"MF,DF",25,1999,33,28,2489,27.7,1,2,3,1,0,0,8,0,0.04,0.07,0.11,0.04,0.11,27.7,1,14,5,35.7,0.51,0.18,0.07,0.2,0,0,75,81.3,28,83,18,5,35,1,1.55,52,44,8,0.29,0.6,0,32,25,3,64,30,45,,,0,,,,,,,,,,,,,,,
FRA-Ligue 1,2526,Monaco,Kassoum Ouattara,FRA,"MF,DF",20,2004,15,12,967,10.7,0,3,3,0,0,0,3,0,0.0,0.28,0.28,0.0,0.28,10.7,0,12,0,0.0,1.12,0.0,0.0,,0,0,64,31.6,12,75,5,3,23,7,1.4,18,20,-2,-0.19,-0.53,0,22,10,1,50,19,19,,,0,,,,,,,,,,,,,,,
FRA-Ligue 1,2526,Monaco,Krépin Diatta,SEN,"MF,DF",26,1999,18,10,1013,11.3,0,1,1,0,0,0,2,0,0.0,0.09,0.09,0.0,0.09,11.3,0,7,1,14.3,0.62,0.09,0.0,0.0,0,0,56,33.1,10,78,6,8,29,1,1.72,21,17,4,0.36,0.27,0,8,10,4,39,15,16,,,0,,,,,,,,,,,,,,,
FRA-Ligue 1,2526,Monaco,Lamine Camara,SEN,MF,21,2004,24,22,1847,20.5,3,4,7,3,0,0,6,0,0.15,0.19,0.34,0.15,0.34,20.5,3,25,4,16.0,1.22,0.19,0.12,0.75,0,0,77,60.4,22,82,15,2,17,0,1.88,40,27,13,0.63,1.15,0,28,48,0,101,38,33,,,0,,,,,,,,,,,,,,,
FRA-Ligue 1,2526,Monaco,Lucas Michal,FRA,FW,20,2005,2,0,59,0.7,0,0,0,0,0,0,0,0,0.0,0.0,0.0,0.0,0.0,0.7,0,1,0,0.0,1.53,0.0,0.0,,0,0,30,1.9,0,,0,2,30,6,0.0,0,1,-1,-1.53,-1.74,0,2,1,0,3,0,0,,,0,,,,,,,,,,,,,,,
FRA-Ligue 1,2526,Monaco,Lukáš Hrádecký,FIN,GK,35,1989,17,17,1439,16.0,0,0,0,0,0,0,1,0,0.0,0.0,0.0,0.0,0.0,16.0,0,0,0,,0.0,0.0,,,0,0,85,47.0,17,85,15,0,,0,1.35,24,27,-3,-0.19,-0.69,0,0,0,0,0,0,1,,,0,27,1.69,72,45,62.5,7,2,8,2,11.8,3,2,0,1,0.0
FRA-Ligue 1,2526,Monaco,Maghnes Akliouche,FRA,"MF,FW",23,2002,31,28,2400,26.7,6,6,12,6,0,0,3,0,0.23,0.23,0.45,0.23,0.45,26.7,6,48,19,39.6,1.8,0.71,0.13,0.32,0,0,77,78.4,28,82,16,3,33,1,1.55,48,38,10,0.37,0.92,0,29,36,9,53,18,26,,,0,,,,,,,,,,,,,,,
FRA-Ligue 1,2526,Monaco,Mamadou Coulibaly,FRA,MF,21,2004,25,15,1381,15.3,3,3,6,3,0,0,7,1,0.2,0.2,0.39,0.2,0.39,15.3,3,13,5,38.5,0.85,0.33,0.23,0.6,0,0,55,45.1,15,75,5,10,25,4,1.6,27,30,-3,-0.2,-0.68,0,31,16,3,15,21,21,,,0,,,,,,,,,,,,,,,
FRA-Ligue 1,2526,Monaco,Mika Biereth,DEN,FW,22,2003,32,12,1074,11.9,2,2,4,2,0,0,0,0,0.17,0.17,0.34,0.17,0.34,11.9,2,19,7,36.8,1.59,0.59,0.11,0.29,0,0,34,35.1,12,67,1,20,13,2,1.56,19,23,-4,-0.34,-0.79,0,16,14,9,9,0,7,,,0,,,,,,,,,,,,,,,
FRA-Ligue 1,2526,Monaco,Mohammed Salisu,GHA,DF,26,1999,12,12,1080,12.0,1,0,1,1,0,0,3,0,0.08,0.0,0.08,0.08,0.08,12.0,1,8,2,25.0,0.67,0.17,0.13,0.5,0,0,90,35.3,12,90,12,0,,3,1.17,15,21,-6,-0.5,-1.05,0,17,3,4,0,19,11,,,1,,,,,,,,,,,,,,,
FRA-Ligue 1,2526,Monaco,Pape Cabral,FRA,MF,18,2007,4,0,77,0.9,0,0,0,0,0,0,0,0,0.0,0.0,0.0,0.0,0.0,0.9,0,3,2,66.7,3.51,2.34,0.0,0.0,0,0,19,2.5,0,,0,4,19,7,1.5,3,2,1,1.17,1.02,0,1,1,0,0,1,1,,,0,,,,,,,,,,,,,,,
FRA-Ligue 1,2526,Monaco,Paris Brunner,GER,FW,19,2006,7,1,132,1.5,0,0,0,0,0,0,1,0,0.0,0.0,0.0,0.0,0.0,1.5,0,4,1,25.0,2.73,0.68,0.0,0.0,0,0,19,4.3,1,45,0,6,15,10,1.71,3,3,0,0.0,-0.18,0,8,1,1,1,1,2,,,0,,,,,,,,,,,,,,,
FRA-Ligue 1,2526,Monaco,Paul Pogba,FRA,MF,32,1993,6,1,119,1.3,0,0,0,0,0,0,0,0,0.0,0.0,0.0,0.0,0.0,1.3,0,2,0,0.0,1.51,0.0,0.0,,0,0,20,3.9,1,57,0,5,12,3,1.17,1,3,-2,-1.51,-1.76,0,2,1,0,1,1,3,,,0,,,,,,,,,,,,,,,
FRA-Ligue 1,2526,Monaco,Philipp Köhn,SUI,GK,27,1998,19,17,1621,18.0,0,0,0,0,0,0,1,0,0.0,0.0,0.0,0.0,0.0,18.0,0,0,0,,0.0,0.0,,,0,0,85,53.0,17,90,17,2,46,15,1.79,36,27,9,0.5,0.69,0,0,3,0,0,1,0,,,0,27,1.5,75,48,64.0,9,4,4,5,29.4,2,2,0,0,0.0
FRA-Ligue 1,2526,Monaco,Samuel Nibombé,BEL,DF,17,2007,1,0,1,0.0,0,0,0,0,0,0,0,0,0.0,0.0,0.0,0.0,0.0,0.0,0,0,0,,0.0,0.0,,,0,0,1,0.0,0,,0,1,1,9,3.0,0,0,0,0.0,-0.18,0,0,0,0,0,0,0,,,0,,,,,,,,,,,,,,,
FRA-Ligue 1,2526,Monaco,Simon Adingra,CIV,"MF,FW",23,2002,14,10,855,9.5,3,2,5,3,0,0,0,0,0.32,0.21,0.53,0.32,0.53,9.5,3,22,6,27.3,2.32,0.63,0.14,0.5,0,0,61,27.9,10,75,2,4,27,0,1.93,19,15,4,0.42,0.34,0,7,8,2,29,6,9,,,0,,,,,,,,,,,,,,,
FRA-Ligue 1,2526,Monaco,Stanis Idumbo,BEL,MF,20,2005,8,0,171,1.9,1,1,2,1,0,0,0,0,0.53,0.53,1.05,0.53,1.05,1.9,1,6,2,33.3,3.16,1.05,0.17,0.5,0,0,21,5.6,0,,0,8,21,12,1.0,6,5,1,0.53,0.37,0,3,2,0,1,0,3,,,0,,,,,,,,,,,,,,,
FRA-Ligue 1,2526,Monaco,Takumi Minamino,JPN,MF,30,1995,15,11,944,10.5,3,2,5,3,0,0,4,0,0.29,0.19,0.48,0.29,0.48,10.5,3,21,7,33.3,2.0,0.67,0.14,0.43,0,0,63,30.8,11,78,1,4,22,1,1.53,17,14,3,0.29,0.16,0,10,8,3,8,3,3,,,0,,,,,,,,,,,,,,,
FRA-Ligue 1,2526,Monaco,Thilo Kehrer,GER,DF,28,1996,28,28,2353,26.1,0,0,0,0,0,0,8,2,0.0,0.0,0.0,0.0,0.0,26.1,0,16,1,6.3,0.61,0.04,0.0,0.0,0,0,84,76.9,28,84,23,0,,3,1.68,47,35,12,0.46,1.22,1,27,29,2,5,31,39,,,0,,,,,,,,,,,,,,,
FRA-Ligue 1,2526,Monaco,Vanderson,BRA,"DF,MF",24,2001,14,7,616,6.8,0,2,2,0,0,0,4,0,0.0,0.29,0.29,0.0,0.29,6.8,0,3,0,0.0,0.44,0.0,0.0,,0,0,44,20.1,7,66,2,7,22,1,1.43,9,11,-2,-0.29,-0.59,0,15,2,0,33,19,13,,,0,,,,,,,,,,,,,,,
FRA-Ligue 1,2526,Monaco,Wout Faes,BEL,DF,27,1998,14,13,1141,12.7,0,0,0,0,0,0,3,0,0.0,0.0,0.0,0.0,0.0,12.7,0,5,1,20.0,0.39,0.08,0.0,0.0,0,0,82,37.3,13,85,12,1,33,2,1.71,27,23,4,0.32,0.22,0,14,3,0,1,14,12,,,0,,,,,,,,,,,,,,,
FRA-Ligue 1,2526,Nantes,Abakar Sylla,CIV,DF,22,2002,2,1,65,0.7,0,0,0,0,0,0,0,0,0.0,0.0,0.0,0.0,0.0,0.7,0,2,0,0.0,2.77,0.0,0.0,,0,0,33,2.2,1,45,0,1,20,0,0.0,1,3,-2,-2.77,-2.12,0,2,0,0,0,0,0,,,0,,,,,,,,,,,,,,,
FRA-Ligue 1,2526,Nantes,Ali Yousuf,LBY,DF,24,2001,13,10,969,10.8,0,0,0,0,0,0,4,0,0.0,0.0,0.0,0.0,0.0,10.8,0,6,1,16.7,0.56,0.09,0.0,0.0,0,0,75,32.6,10,89,9,3,27,3,0.69,6,15,-9,-0.84,-0.21,0,11,11,0,1,18,7,,,0,,,,,,,,,,,,,,,
FRA-Ligue 1,2526,Nantes,Amady Camara,MLI,FW,20,2005,10,1,171,1.9,0,0,0,0,0,0,0,0,0.0,0.0,0.0,0.0,0.0,1.9,0,6,0,0.0,3.16,0.0,0.0,,0,0,17,5.8,1,45,0,9,14,7,0.6,4,5,-1,-0.53,0.18,0,3,2,0,17,1,3,,,0,,,,,,,,,,,,,,,
FRA-Ligue 1,2526,Nantes,Anthony Lopes,POR,GK,34,1990,31,31,2788,31.0,0,0,0,0,0,0,4,0,0.0,0.0,0.0,0.0,0.0,31.0,0,2,0,0.0,0.06,0.0,0.0,,0,0,90,93.9,31,90,30,0,,0,0.63,25,51,-26,-0.84,-2.32,0,1,14,0,0,1,1,,,0,50,1.61,147,97,66.0,4,7,20,6,19.4,5,5,0,0,0.0
FRA-Ligue 1,2526,Nantes,Bahereba Guirassy,FRA,"FW,MF",18,2006,20,9,821,9.1,2,1,3,2,0,0,2,0,0.22,0.11,0.33,0.22,0.33,9.1,2,15,7,46.7,1.64,0.77,0.13,0.29,0,0,41,27.6,9,65,0,11,21,8,0.85,9,11,-2,-0.22,0.66,0,15,9,3,24,5,13,,,0,,,,,,,,,,,,,,,
FRA-Ligue 1,2526,Nantes,Bahmed Deuff,MTN,MF,19,2006,11,1,250,2.8,0,0,0,0,0,0,1,0,0.0,0.0,0.0,0.0,0.0,2.8,0,7,3,42.9,2.52,1.08,0.0,0.0,0,0,23,8.4,1,59,0,10,19,5,0.45,2,12,-10,-3.6,-3.17,0,6,3,0,1,2,3,,,0,,,,,,,,,,,,,,,
FRA-Ligue 1,2526,Nantes,Chidozie Awaziem,NGA,DF,28,1997,26,25,2231,24.8,1,2,3,1,0,0,7,0,0.04,0.08,0.12,0.04,0.12,24.8,1,11,4,36.4,0.44,0.16,0.09,0.25,0,0,86,75.1,25,89,23,1,12,5,0.7,22,40,-18,-0.73,-0.12,0,23,21,1,2,20,20,,,1,,,,,,,,,,,,,,,
FRA-Ligue 1,2526,Nantes,Dehmaine Assoumani,FRA,MF,20,2005,27,14,1276,14.2,1,0,1,1,0,0,5,0,0.07,0.0,0.07,0.07,0.07,14.2,1,29,7,24.1,2.05,0.49,0.03,0.14,0,0,47,43.0,14,74,2,13,19,1,0.7,14,19,-5,-0.35,0.6,0,23,20,0,88,16,18,,,0,,,,,,,,,,,,,,,
FRA-Ligue 1,2526,Nantes,Deiver Machado,COL,"DF,MF",31,1993,14,12,907,10.1,0,1,1,0,0,0,2,0,0.0,0.1,0.1,0.0,0.1,10.1,0,7,1,14.3,0.69,0.1,0.0,0.0,0,0,65,30.5,12,70,6,2,37,1,0.86,8,13,-5,-0.5,0.29,0,21,20,4,22,8,16,,,0,,,,,,,,,,,,,,,
FRA-Ligue 1,2526,Nantes,Fabien Centonze,FRA,"MF,DF",29,1996,15,9,736,8.2,3,0,3,3,0,0,4,0,0.37,0.0,0.37,0.37,0.37,8.2,3,8,3,37.5,0.98,0.37,0.38,1.0,0,0,49,24.8,9,77,5,6,8,2,0.8,7,13,-6,-0.73,-0.05,0,13,8,1,30,20,18,,,0,,,,,,,,,,,,,,,
FRA-Ligue 1,2526,Nantes,Francis Coquelin,FRA,MF,34,1991,16,8,655,7.3,0,1,1,0,0,0,2,0,0.0,0.14,0.14,0.0,0.14,7.3,0,6,1,16.7,0.82,0.14,0.0,0.0,0,0,41,22.1,8,64,0,8,18,1,1.0,5,6,-1,-0.14,0.72,0,15,7,0,1,5,13,,,0,,,,,,,,,,,,,,,
FRA-Ligue 1,2526,Nantes,Frederic Guilbert,FRA,"DF,MF",30,1994,8,7,607,6.7,0,0,0,0,0,0,1,0,0.0,0.0,0.0,0.0,0.0,6.7,0,7,2,28.6,1.04,0.3,0.0,0.0,0,0,76,20.4,7,84,3,1,16,3,0.75,5,6,-1,-0.15,0.69,0,7,13,0,17,19,12,,,0,,,,,,,,,,,,,,,
FRA-Ligue 1,2526,Nantes,Hong Hyunseok,KOR,MF,26,1999,6,3,284,3.2,0,0,0,0,0,0,0,0,0.0,0.0,0.0,0.0,0.0,3.2,0,4,2,50.0,1.27,0.63,0.0,0.0,0,0,47,9.6,3,71,0,3,23,6,0.83,1,3,-2,-0.63,0.07,0,0,1,1,14,2,7,,,0,,,,,,,,,,,,,,,
FRA-Ligue 1,2526,Nantes,Ibrahima Sissoko,MLI,"MF,DF",27,1997,13,9,803,8.9,0,0,0,0,0,0,4,0,0.0,0.0,0.0,0.0,0.0,8.9,0,6,0,0.0,0.67,0.0,0.0,,0,0,62,27.0,9,83,4,4,15,2,0.5,9,16,-7,-0.78,-0.12,0,25,8,2,6,16,7,,,0,,,,,,,,,,,,,,,
FRA-Ligue 1,2526,Nantes,Ignatius Ganago,CMR,FW,26,1999,13,10,839,9.3,3,1,4,2,1,1,1,0,0.32,0.11,0.43,0.21,0.32,9.3,3,23,7,30.4,2.47,0.75,0.13,0.43,1,1,65,28.2,10,76,3,3,26,1,0.71,9,7,2,0.21,1.27,0,11,13,3,9,2,3,,,0,,,,,,,,,,,,,,,
FRA-Ligue 1,2526,Nantes,Johann Lepenant,FRA,MF,22,2002,27,23,2173,24.1,0,1,1,0,0,0,4,0,0.0,0.04,0.04,0.0,0.04,24.1,0,22,7,31.8,0.91,0.29,0.0,0.0,0,0,80,73.2,23,88,17,4,40,0,0.68,21,33,-12,-0.5,0.75,0,29,48,0,73,26,47,,,0,,,,,,,,,,,,,,,
FRA-Ligue 1,2526,Nantes,Junior Mwanga,FRA,MF,22,2003,15,15,1260,14.0,1,1,2,1,0,0,2,1,0.07,0.07,0.14,0.07,0.14,14.0,1,9,3,33.3,0.64,0.21,0.11,0.33,0,0,84,42.4,15,84,12,0,,0,0.73,15,27,-12,-0.86,-0.28,0,15,14,0,5,8,14,,,0,,,,,,,,,,,,,,,
FRA-Ligue 1,2526,Nantes,Kelvin Amian,FRA,DF,27,1998,23,22,1961,21.8,0,1,1,0,0,0,3,0,0.0,0.05,0.05,0.0,0.05,21.8,0,10,2,20.0,0.46,0.09,0.0,0.0,0,0,85,66.0,22,89,21,1,1,2,0.65,21,40,-19,-0.87,-0.52,0,23,18,2,29,8,18,,,0,,,,,,,,,,,,,,,
FRA-Ligue 1,2526,Nantes,Kwon Hyeokkyu,KOR,MF,24,2001,12,9,753,8.4,0,0,0,0,0,0,2,0,0.0,0.0,0.0,0.0,0.0,8.4,0,3,0,0.0,0.36,0.0,0.0,,0,0,63,25.4,9,77,2,3,20,4,0.83,6,14,-8,-0.96,-0.35,0,11,10,0,1,6,6,,,0,,,,,,,,,,,,,,,
FRA-Ligue 1,2526,Nantes,Louis Leroux,FRA,"MF,DF",19,2006,23,16,1441,16.0,1,1,2,1,0,0,2,0,0.06,0.06,0.12,0.06,0.12,16.0,1,15,3,20.0,0.94,0.19,0.07,0.33,0,0,63,48.5,16,79,7,7,24,3,0.87,13,24,-11,-0.69,0.02,0,12,14,1,30,5,23,,,0,,,,,,,,,,,,,,,
FRA-Ligue 1,2526,Nantes,Mathieu Acapandié,MAD,"DF,MF",20,2004,6,2,261,2.9,0,0,0,0,0,0,0,0,0.0,0.0,0.0,0.0,0.0,2.9,0,0,0,,0.0,0.0,,,0,0,44,8.8,2,84,1,4,23,1,0.71,3,7,-4,-1.38,-0.75,0,3,0,0,11,3,1,,,0,,,,,,,,,,,,,,,
FRA-Ligue 1,2526,Nantes,Matthis Abline,FRA,"FW,MF",22,2003,32,27,2494,27.7,6,4,10,6,0,1,6,0,0.22,0.14,0.36,0.22,0.36,27.7,6,84,22,26.2,3.03,0.79,0.07,0.27,0,1,78,84.0,27,88,19,5,26,0,0.64,25,49,-24,-0.87,-1.06,0,32,42,5,62,9,13,,,0,,,,,,,,,,,,,,,
FRA-Ligue 1,2526,Nantes,Mayckel Lahdo,SWE,"FW,MF",22,2002,8,5,415,4.6,1,1,2,1,0,0,0,0,0.22,0.22,0.43,0.22,0.43,4.6,1,3,1,33.3,0.65,0.22,0.33,1.0,0,0,52,14.0,5,66,0,3,29,0,0.5,4,9,-5,-1.08,-0.45,0,5,6,1,1,0,2,,,0,,,,,,,,,,,,,,,
FRA-Ligue 1,2526,Nantes,Mohamed Kaba,GUI,MF,23,2001,12,11,918,10.2,0,2,2,0,0,0,2,0,0.0,0.2,0.2,0.0,0.2,10.2,0,11,6,54.5,1.08,0.59,0.0,0.0,0,0,77,30.9,11,81,3,1,31,0,0.69,10,10,0,0.0,1.01,0,13,27,0,2,14,15,,,0,,,,,,,,,,,,,,,
FRA-Ligue 1,2526,Nantes,Mostafa Mohamed,EGY,FW,27,1997,24,13,1152,12.8,4,0,4,4,0,0,1,0,0.31,0.0,0.31,0.31,0.31,12.8,4,35,8,22.9,2.73,0.62,0.11,0.5,0,0,48,38.8,13,74,2,11,17,8,0.5,7,24,-17,-1.33,-1.03,0,18,27,4,9,7,7,,,0,,,,,,,,,,,,,,,
FRA-Ligue 1,2526,Nantes,Nicolas Cozza,FRA,DF,26,1999,29,25,2301,25.6,0,1,1,0,0,0,2,0,0.0,0.04,0.04,0.0,0.04,25.6,0,11,3,27.3,0.43,0.12,0.0,0.0,0,0,79,77.5,25,88,20,4,23,4,0.73,19,36,-17,-0.66,0.14,0,23,31,0,22,21,27,,,0,,,,,,,,,,,,,,,
FRA-Ligue 1,2526,Nantes,Patrik Carlgren,SWE,GK,33,1992,3,2,182,2.0,0,0,0,0,0,0,0,0,0.0,0.0,0.0,0.0,0.0,2.0,0,0,0,,0.0,0.0,,,0,0,61,6.1,2,90,2,1,2,31,1.33,4,1,3,1.48,2.32,0,0,1,0,0,0,0,,,0,2,0.99,13,11,84.6,1,1,0,1,50.0,0,0,0,0,
FRA-Ligue 1,2526,Nantes,Rémy Cabella,FRA,"MF,FW",35,1990,11,6,572,6.4,2,0,2,1,1,1,1,0,0.31,0.0,0.31,0.16,0.16,6.4,2,9,5,55.6,1.42,0.79,0.22,0.4,1,1,52,19.3,6,82,4,5,16,4,0.67,8,14,-6,-0.94,-0.31,0,7,11,2,37,6,7,,,0,,,,,,,,,,,,,,,
FRA-Ligue 1,2526,Nantes,Sékou Doucoure,FRA,DF,20,2005,1,0,45,0.5,0,0,0,0,0,0,0,0,0.0,0.0,0.0,0.0,0.0,0.5,0,0,0,,0.0,0.0,,,0,0,45,1.5,0,,0,1,45,8,2.0,1,0,1,2.0,2.74,0,1,0,0,0,3,0,,,0,,,,,,,,,,,,,,,
FRA-Ligue 1,2526,Nantes,Tylel Tati,FRA,DF,17,2008,20,20,1721,19.1,0,0,0,0,0,0,5,1,0.0,0.0,0.0,0.0,0.0,19.1,0,3,0,0.0,0.16,0.0,0.0,,0,0,86,57.9,20,86,17,0,,2,0.7,19,37,-18,-0.94,-0.58,0,25,15,0,1,14,13,,,0,,,,,,,,,,,,,,,
FRA-Ligue 1,2526,Nantes,Uroš Radaković,SRB,DF,31,1994,6,1,101,1.1,0,0,0,0,0,0,0,0,0.0,0.0,0.0,0.0,0.0,1.1,0,1,0,0.0,0.89,0.0,0.0,,0,0,17,3.4,1,65,0,5,7,16,0.67,1,1,0,0.0,0.72,0,2,0,0,0,4,2,,,0,,,,,,,,,,,,,,,
FRA-Ligue 1,2526,Nantes,Yassine Benhattab,FRA,"MF,FW",22,2002,10,5,477,5.3,0,0,0,0,0,0,0,0,0.0,0.0,0.0,0.0,0.0,5.3,0,4,1,25.0,0.75,0.19,0.0,0.0,0,0,48,16.1,5,67,0,5,28,4,0.6,3,9,-6,-1.13,-0.52,0,3,3,1,25,0,6,,,0,,,,,,,,,,,,,,,
FRA-Ligue 1,2526,Nantes,Youssef El-Arabi,MAR,FW,38,1987,25,11,941,10.5,3,0,3,3,0,1,0,0,0.29,0.0,0.29,0.29,0.29,10.5,3,15,9,60.0,1.43,0.86,0.2,0.33,0,1,38,31.7,11,69,1,14,13,9,0.56,12,14,-2,-0.19,0.74,0,22,23,10,2,4,9,,,0,,,,,,,,,,,,,,,
FRA-Ligue 1,2526,Nice,Abdulai Juma Bah,SLE,DF,19,2006,26,22,1958,21.8,0,0,0,0,0,0,7,0,0.0,0.0,0.0,0.0,0.0,21.8,0,7,2,28.6,0.32,0.09,0.0,0.0,0,0,75,64.0,22,86,20,4,17,6,1.0,21,42,-21,-0.97,-0.8,0,27,7,3,0,30,18,,,0,,,,,,,,,,,,,,,
FRA-Ligue 1,2526,Nice,Ali Abdi,TUN,"MF,DF",31,1993,22,13,1187,13.2,3,0,3,3,0,0,4,1,0.23,0.0,0.23,0.23,0.23,13.2,3,16,4,25.0,1.21,0.3,0.19,0.75,0,0,54,38.8,13,76,7,9,23,2,0.68,19,17,2,0.15,1.35,1,22,18,1,33,10,11,,,0,,,,,,,,,,,,,,,
FRA-Ligue 1,2526,Nice,Antoine Mendy,SEN,DF,21,2004,25,24,2097,23.3,1,0,1,1,0,0,5,0,0.04,0.0,0.04,0.04,0.04,23.3,1,17,7,41.2,0.73,0.3,0.06,0.14,0,0,84,68.5,24,87,21,1,11,6,0.92,26,38,-12,-0.52,0.51,0,30,22,1,21,19,35,,,0,,,,,,,,,,,,,,,
FRA-Ligue 1,2526,Nice,Badredine Bouanani,ALG,MF,20,2004,2,1,93,1.0,0,0,0,0,0,0,0,0,0.0,0.0,0.0,0.0,0.0,1.0,0,1,0,0.0,0.97,0.0,0.0,,0,0,47,3.0,1,75,0,1,18,0,1.5,1,0,1,0.97,1.7,0,0,2,0,5,1,0,,,0,,,,,,,,,,,,,,,
FRA-Ligue 1,2526,Nice,Bernard Nguene,CMR,FW,18,2006,6,0,138,1.5,0,0,0,0,0,0,1,0,0.0,0.0,0.0,0.0,0.0,1.5,0,3,0,0.0,1.96,0.0,0.0,,0,0,23,4.5,0,,0,6,23,4,0.67,0,3,-3,-1.96,-1.34,0,3,2,1,1,3,1,,,0,,,,,,,,,,,,,,,
FRA-Ligue 1,2526,Nice,Bilal Brahimi,ALG,"FW,MF",25,2000,1,0,1,0.0,0,0,0,0,0,0,0,0,0.0,0.0,0.0,0.0,0.0,0.0,0,0,0,,0.0,0.0,,,0,0,1,0.0,0,,0,1,1,1,0.0,0,0,0,0.0,0.68,0,0,0,0,2,0,0,,,0,,,,,,,,,,,,,,,
FRA-Ligue 1,2526,Nice,Brad Mantsounga,CGO,DF,17,2007,1,1,90,1.0,0,0,0,0,0,0,0,0,0.0,0.0,0.0,0.0,0.0,1.0,0,0,0,,0.0,0.0,,,0,0,90,2.9,1,90,1,0,,4,0.0,1,5,-4,-4.0,-3.42,0,0,2,0,0,0,3,,,0,,,,,,,,,,,,,,,
FRA-Ligue 1,2526,Nice,Charles Vanhoutte,BEL,MF,26,1998,26,21,1772,19.7,0,2,2,0,0,0,7,0,0.0,0.1,0.1,0.0,0.1,19.7,0,5,1,20.0,0.25,0.05,0.0,0.0,0,0,68,57.9,21,81,10,5,15,3,1.04,23,33,-10,-0.51,0.4,0,35,8,0,13,21,28,,,0,,,,,,,,,,,,,,,
FRA-Ligue 1,2526,Nice,Dante,BRA,DF,41,1983,12,9,849,9.4,0,1,1,0,0,0,1,0,0.0,0.11,0.11,0.0,0.11,9.4,0,7,1,14.3,0.74,0.11,0.0,0.0,0,0,71,27.7,9,80,4,3,43,4,1.33,12,13,-1,-0.11,0.79,0,9,4,1,0,11,5,,,0,,,,,,,,,,,,,,,
FRA-Ligue 1,2526,Nice,Djibril Coulibaly,FRA,MF,16,2008,2,0,13,0.1,0,0,0,0,0,0,0,0,0.0,0.0,0.0,0.0,0.0,0.1,0,0,0,,0.0,0.0,,,0,0,7,0.4,0,,0,2,7,8,2.0,1,0,1,6.92,7.63,0,1,0,0,0,0,0,,,0,,,,,,,,,,,,,,,
FRA-Ligue 1,2526,Nice,Elye Wahi,CIV,FW,22,2003,14,11,922,10.2,5,1,6,4,1,1,5,0,0.49,0.1,0.59,0.39,0.49,10.2,5,23,15,65.2,2.25,1.46,0.22,0.33,1,1,66,30.1,11,76,2,3,30,0,0.93,11,15,-4,-0.39,0.41,0,21,5,20,9,2,4,,,0,,,,,,,,,,,,,,,
FRA-Ligue 1,2526,Nice,Everton Pereira,FRA,MF,18,2007,3,2,135,1.5,0,0,0,0,0,0,0,0,0.0,0.0,0.0,0.0,0.0,1.5,0,2,0,0.0,1.33,0.0,0.0,,0,0,45,4.4,2,67,0,1,1,3,0.67,2,4,-2,-1.33,-0.69,0,4,0,0,0,3,0,,,0,,,,,,,,,,,,,,,
FRA-Ligue 1,2526,Nice,Gabin Bernardeau,FRA,MF,19,2006,4,1,95,1.1,0,0,0,0,0,0,0,0,0.0,0.0,0.0,0.0,0.0,1.1,0,3,1,33.3,2.84,0.95,0.0,0.0,0,0,24,3.1,1,63,0,3,11,9,1.25,1,1,0,0.0,0.7,0,1,3,1,5,0,4,,,0,,,,,,,,,,,,,,,
FRA-Ligue 1,2526,Nice,Hamza Koutoune,MAR,DF,18,2006,1,0,1,0.0,0,0,0,0,0,0,0,0,0.0,0.0,0.0,0.0,0.0,0.0,0,0,0,,0.0,0.0,,,0,0,1,0.0,0,,0,1,1,2,3.0,0,0,0,0.0,0.68,0,0,0,0,1,0,0,,,0,,,,,,,,,,,,,,,
FRA-Ligue 1,2526,Nice,Hicham Boudaoui,ALG,MF,25,1999,25,18,1694,18.8,1,2,3,1,0,0,5,0,0.05,0.11,0.16,0.05,0.16,18.8,1,21,9,42.9,1.12,0.48,0.05,0.11,0,0,68,55.4,18,84,12,7,27,1,0.92,20,33,-13,-0.69,-0.03,0,19,40,2,19,18,16,,,0,,,,,,,,,,,,,,,
FRA-Ligue 1,2526,Nice,Isak Jansson,SWE,"FW,MF",23,2002,22,7,644,7.2,1,0,1,1,0,0,3,0,0.14,0.0,0.14,0.14,0.14,7.2,1,17,11,64.7,2.38,1.54,0.06,0.09,0,0,29,21.0,7,57,0,15,16,4,0.73,5,12,-7,-0.98,-0.38,0,10,8,0,16,5,8,,,0,,,,,,,,,,,,,,,
FRA-Ligue 1,2526,Nice,Jeremie Boga,CIV,"MF,FW",28,1997,14,7,646,7.2,2,2,4,2,0,0,0,0,0.28,0.28,0.56,0.28,0.56,7.2,2,15,5,33.3,2.09,0.7,0.13,0.4,0,0,46,21.1,7,74,1,7,18,0,1.21,11,14,-3,-0.42,0.33,0,2,11,0,12,3,5,,,0,,,,,,,,,,,,,,,
FRA-Ligue 1,2526,Nice,Jonathan Clauss,FRA,"MF,DF",32,1992,30,28,2530,28.1,1,6,7,1,0,0,0,0,0.04,0.21,0.25,0.04,0.25,28.1,1,23,6,26.1,0.82,0.21,0.04,0.17,0,0,84,82.7,28,88,25,2,38,0,0.83,28,54,-26,-0.92,-1.43,0,22,17,1,223,47,38,,,0,,,,,,,,,,,,,,,
FRA-Ligue 1,2526,Nice,Kaïl Boudache,FRA,"MF,FW",19,2006,13,3,531,5.9,1,0,1,1,0,0,1,0,0.17,0.0,0.17,0.17,0.17,5.9,1,13,2,15.4,2.2,0.34,0.08,0.5,0,0,41,17.4,3,59,0,10,35,2,0.77,5,9,-4,-0.68,0.0,0,5,4,0,8,6,9,,,0,,,,,,,,,,,,,,,
FRA-Ligue 1,2526,Nice,Kevin Carlos,ESP,FW,24,2001,23,9,880,9.8,0,0,0,0,0,0,3,0,0.0,0.0,0.0,0.0,0.0,9.8,0,22,7,31.8,2.25,0.72,0.0,0.0,0,0,38,28.8,9,66,2,14,20,6,0.91,13,16,-3,-0.31,0.52,0,29,16,5,3,1,1,,,0,,,,,,,,,,,,,,,
FRA-Ligue 1,2526,Nice,Kojo Peprah Oppong,GHA,DF,21,2004,29,28,2425,26.9,1,0,1,1,0,0,4,0,0.04,0.0,0.04,0.04,0.04,26.9,1,10,3,30.0,0.37,0.11,0.1,0.33,0,0,84,79.2,28,85,23,1,53,3,1.0,32,43,-11,-0.41,1.29,0,31,30,1,5,30,28,,,0,,,,,,,,,,,,,,,
FRA-Ligue 1,2526,Nice,Maxime Dupé,FRA,GK,32,1993,8,8,720,8.0,0,0,0,0,0,0,0,0,0.0,0.0,0.0,0.0,0.0,8.0,0,0,0,,0.0,0.0,,,0,0,90,23.5,8,90,8,0,,26,0.88,11,15,-4,-0.5,0.23,0,0,1,0,0,0,0,,,0,15,1.87,35,20,57.1,1,4,3,1,12.5,3,3,0,0,0.0
FRA-Ligue 1,2526,Nice,Melvin Bard,FRA,"DF,MF",24,2000,29,26,2394,26.6,2,1,3,2,0,0,4,0,0.08,0.04,0.11,0.08,0.11,26.6,2,15,5,33.3,0.56,0.19,0.13,0.4,0,0,83,78.2,26,88,23,3,39,0,0.9,25,51,-26,-0.98,-1.38,0,26,27,3,77,41,29,,,0,,,,,,,,,,,,,,,
FRA-Ligue 1,2526,Nice,Mohamed Ali Cho,FRA,"FW,MF",21,2004,24,20,1667,18.5,4,3,7,4,0,0,1,0,0.22,0.16,0.38,0.22,0.38,18.5,4,32,14,43.8,1.73,0.76,0.13,0.29,0,0,69,54.5,20,76,4,4,37,0,0.67,21,35,-14,-0.76,-0.17,0,14,32,5,39,4,9,,,0,,,,,,,,,,,,,,,
FRA-Ligue 1,2526,Nice,Morgan Sanson,FRA,MF,30,1994,31,20,1772,19.7,0,2,2,0,0,0,4,0,0.0,0.1,0.1,0.0,0.1,19.7,0,19,4,21.1,0.97,0.2,0.0,0.0,0,0,57,57.9,20,79,7,11,17,0,0.9,14,39,-25,-1.27,-1.41,0,35,21,2,39,24,25,,,0,,,,,,,,,,,,,,,
FRA-Ligue 1,2526,Nice,Moïse Bombito,CAN,DF,25,2000,2,2,145,1.6,0,0,0,0,0,0,1,0,0.0,0.0,0.0,0.0,0.0,1.6,0,0,0,,0.0,0.0,,,0,0,73,4.7,2,73,1,0,,1,1.0,3,3,0,0.0,0.71,0,3,1,0,0,2,1,,,0,,,,,,,,,,,,,,,
FRA-Ligue 1,2526,Nice,Pablo Rosario,DOM,"DF,MF",28,1997,1,0,28,0.3,0,0,0,0,0,0,0,0,0.0,0.0,0.0,0.0,0.0,0.3,0,2,1,50.0,6.43,3.21,0.0,0.0,0,0,28,0.9,0,,0,1,28,0,3.0,1,0,1,3.21,3.93,0,0,0,0,0,0,0,,,0,,,,,,,,,,,,,,,
FRA-Ligue 1,2526,Nice,Salis Abdul Samed,GHA,MF,25,2000,18,12,911,10.1,0,0,0,0,0,0,3,0,0.0,0.0,0.0,0.0,0.0,10.1,0,1,0,0.0,0.1,0.0,0.0,,0,0,51,29.8,12,67,2,6,18,12,1.06,15,17,-2,-0.2,0.68,0,19,10,0,2,11,7,,,0,,,,,,,,,,,,,,,
FRA-Ligue 1,2526,Nice,Sofiane Diop,MAR,"MF,FW",25,2000,33,26,2130,23.7,8,2,10,6,2,2,5,0,0.34,0.08,0.42,0.25,0.34,23.7,8,54,17,31.5,2.28,0.72,0.15,0.47,2,2,65,69.6,26,75,5,7,27,0,0.97,29,43,-14,-0.59,0.28,0,22,46,7,37,18,9,,,0,,,,,,,,,,,,,,,
FRA-Ligue 1,2526,Nice,Tanguy Ndombele,FRA,MF,28,1996,8,3,275,3.1,0,1,1,0,0,0,0,0,0.0,0.33,0.33,0.0,0.33,3.1,0,5,1,20.0,1.64,0.33,0.0,0.0,0,0,34,9.0,3,69,0,5,13,7,0.75,2,3,-1,-0.33,0.38,0,1,7,0,1,1,1,,,0,,,,,,,,,,,,,,,
FRA-Ligue 1,2526,Nice,Terem Moffi,NGA,FW,26,1999,10,6,488,5.4,2,0,2,2,0,0,0,0,0.37,0.0,0.37,0.37,0.37,5.4,2,16,8,50.0,2.95,1.48,0.13,0.25,0,0,49,15.9,6,68,1,4,21,0,0.8,6,11,-5,-0.92,-0.29,0,2,2,7,0,0,1,,,0,,,,,,,,,,,,,,,
FRA-Ligue 1,2526,Nice,Tiago Gouveia,POR,MF,24,2001,15,5,532,5.9,0,0,0,0,0,0,3,0,0.0,0.0,0.0,0.0,0.0,5.9,0,12,4,33.3,2.03,0.68,0.0,0.0,0,0,35,17.4,5,69,2,10,19,5,1.06,6,17,-11,-1.86,-1.43,0,6,9,0,4,9,3,,,0,,,,,,,,,,,,,,,
FRA-Ligue 1,2526,Nice,Tom Louchet,FRA,MF,22,2003,27,14,1367,15.2,3,2,5,3,0,0,1,1,0.2,0.13,0.33,0.2,0.33,15.2,3,21,6,28.6,1.38,0.4,0.14,0.5,0,0,51,44.7,14,79,4,13,20,4,1.07,15,28,-13,-0.86,-0.32,0,16,13,0,51,9,17,,,0,,,,,,,,,,,,,,,
FRA-Ligue 1,2526,Nice,Yehvann Diouf,SEN,GK,25,1999,26,26,2340,26.0,0,0,0,0,0,0,1,0,0.0,0.0,0.0,0.0,0.0,26.0,0,0,0,,0.0,0.0,,,0,0,90,76.5,26,90,26,0,,6,0.96,26,45,-19,-0.73,-0.23,0,0,4,0,0,2,0,,,0,45,1.73,136,91,66.9,6,7,13,5,19.2,7,5,1,1,16.7
FRA-Ligue 1,2526,Nice,Youssouf Ndayishimiye,BDI,MF,26,1998,2,1,72,0.8,0,0,0,0,0,0,0,1,0.0,0.0,0.0,0.0,0.0,0.8,0,0,0,,0.0,0.0,,,0,0,36,2.4,1,60,0,1,12,2,1.5,1,2,-1,-1.25,-0.59,0,2,0,0,0,2,0,,,0,,,,,,,,,,,,,,,
FRA-Ligue 1,2526,Nice,Zoumana Diallo,FRA,FW,20,2005,1,0,10,0.1,0,0,0,0,0,0,0,0,0.0,0.0,0.0,0.0,0.0,0.1,0,0,0,,0.0,0.0,,,0,0,10,0.3,0,,0,1,10,5,1.0,0,0,0,0.0,0.68,0,2,1,0,0,0,0,,,0,,,,,,,,,,,,,,,
FRA-Ligue 1,2526,PSG,Achraf Hakimi,MAR,DF,26,1998,18,15,1375,15.3,2,2,4,2,0,0,3,1,0.13,0.13,0.26,0.13,0.26,15.3,2,27,9,33.3,1.77,0.59,0.07,0.22,0,0,76,44.9,15,84,12,3,39,1,2.22,32,15,17,1.11,-0.38,0,9,17,4,43,11,13,,,0,,,,,,,,,,,,,,,
FRA-Ligue 1,2526,PSG,Bradley Barcola,FRA,FW,22,2002,29,21,1743,19.4,11,1,12,11,0,0,2,0,0.57,0.05,0.62,0.57,0.62,19.4,11,66,30,45.5,3.41,1.55,0.17,0.37,0,0,60,57.0,21,72,6,8,30,2,2.31,41,15,26,1.34,0.04,0,20,10,6,26,12,16,,,0,,,,,,,,,,,,,,,
FRA-Ligue 1,2526,PSG,Dimitri Lucea,FRA,DF,18,2007,2,1,60,0.7,0,0,0,0,0,0,0,0,0.0,0.0,0.0,0.0,0.0,0.7,0,0,0,,0.0,0.0,,,0,0,30,2.0,1,45,0,1,15,1,1.5,1,0,1,1.5,0.18,0,1,1,0,0,2,2,,,0,,,,,,,,,,,,,,,
FRA-Ligue 1,2526,PSG,Dro Fernández,ESP,MF,17,2008,12,7,682,7.6,1,0,1,1,0,0,0,0,0.13,0.0,0.13,0.13,0.13,7.6,1,9,3,33.3,1.19,0.4,0.11,0.33,0,0,57,22.3,7,77,4,5,28,3,2.08,15,7,8,1.06,-0.34,0,8,12,0,4,9,5,,,0,,,,,,,,,,,,,,,
FRA-Ligue 1,2526,PSG,Désiré Doué,FRA,"FW,MF",20,2005,23,16,1348,15.0,7,4,11,7,0,1,0,0,0.47,0.27,0.73,0.47,0.73,15.0,7,55,19,34.5,3.67,1.27,0.13,0.37,0,1,59,44.1,16,69,2,7,34,2,2.35,34,14,20,1.34,0.02,0,24,28,0,56,12,20,,,0,,,,,,,,,,,,,,,
FRA-Ligue 1,2526,PSG,Fabián Ruiz Peña,ESP,MF,29,1996,20,13,1131,12.6,1,4,5,1,0,0,2,0,0.08,0.32,0.4,0.08,0.4,12.6,1,19,4,21.1,1.51,0.32,0.05,0.25,0,0,57,37.0,13,74,6,7,24,0,2.3,26,12,14,1.11,-0.33,0,2,3,2,21,17,11,,,0,,,,,,,,,,,,,,,
FRA-Ligue 1,2526,PSG,Gonçalo Ramos,POR,FW,24,2001,30,13,1318,14.6,6,1,7,5,1,2,4,1,0.41,0.07,0.48,0.34,0.41,14.6,6,58,25,43.1,3.96,1.71,0.1,0.24,1,2,44,43.1,13,77,5,17,19,3,2.2,31,13,18,1.23,-0.17,1,24,23,6,1,5,14,,,0,,,,,,,,,,,,,,,
FRA-Ligue 1,2526,PSG,Ibrahim Mbaye,SEN,"FW,MF",17,2008,24,10,1006,11.2,3,2,5,3,0,0,0,0,0.27,0.18,0.45,0.27,0.45,11.2,3,24,10,41.7,2.15,0.89,0.13,0.3,0,0,42,32.9,10,69,3,14,23,6,2.29,23,11,12,1.07,-0.37,0,10,13,2,16,4,7,,,0,,,,,,,,,,,,,,,
FRA-Ligue 1,2526,PSG,Illia Zabarnyi,UKR,DF,22,2002,28,26,2387,26.5,1,0,1,1,0,0,6,0,0.04,0.0,0.04,0.04,0.04,26.5,1,4,3,75.0,0.15,0.11,0.25,0.33,0,0,85,78.0,26,89,25,2,34,4,2.25,57,25,32,1.21,-0.53,0,18,8,0,0,20,20,,,0,,,,,,,,,,,,,,,
FRA-Ligue 1,2526,PSG,João Neves,POR,MF,20,2004,21,13,1287,14.3,5,1,6,5,0,0,0,0,0.35,0.07,0.42,0.35,0.42,14.3,5,27,6,22.2,1.89,0.42,0.19,0.83,0,0,61,42.1,13,80,7,8,31,2,2.38,35,14,21,1.47,0.25,0,13,13,0,4,6,14,,,0,,,,,,,,,,,,,,,
FRA-Ligue 1,2526,PSG,Khvicha Kvaratskhelia,GEO,FW,24,2001,28,18,1479,16.4,8,4,12,7,1,1,1,0,0.49,0.24,0.73,0.43,0.67,16.4,8,65,29,44.6,3.96,1.76,0.12,0.28,1,1,53,48.3,18,68,3,10,26,3,2.21,31,11,20,1.22,-0.21,0,18,26,5,43,10,13,,,0,,,,,,,,,,,,,,,
FRA-Ligue 1,2526,PSG,Lee Kang-in,KOR,"MF,FW",24,2001,27,18,1519,16.9,3,4,7,3,0,0,3,0,0.18,0.24,0.41,0.18,0.41,16.9,3,37,15,40.5,2.19,0.89,0.08,0.2,0,0,56,49.6,18,71,6,9,27,2,2.11,37,16,21,1.24,-0.16,0,18,19,3,113,1,9,,,0,,,,,,,,,,,,,,,
FRA-Ligue 1,2526,PSG,Lucas Beraldo,BRA,"DF,MF",21,2003,20,18,1567,17.4,2,1,3,2,0,0,2,0,0.11,0.06,0.17,0.11,0.17,17.4,2,14,4,28.6,0.8,0.23,0.14,0.5,0,0,78,51.2,18,84,14,2,25,13,2.3,38,15,23,1.32,-0.01,0,15,7,0,2,18,21,,,0,,,,,,,,,,,,,,,
FRA-Ligue 1,2526,PSG,Lucas Chevalier,FRA,GK,23,2001,17,17,1530,17.0,0,0,0,0,0,0,0,0,0.0,0.0,0.0,0.0,0.0,17.0,0,0,0,,0.0,0.0,,,0,0,90,50.0,17,90,17,0,,12,2.29,33,13,20,1.18,-0.29,0,0,1,0,0,0,0,,,0,13,0.76,45,32,71.1,12,3,2,9,52.9,3,1,1,1,50.0
FRA-Ligue 1,2526,PSG,Lucas Hernández,FRA,DF,29,1996,25,20,1747,19.4,0,3,3,0,0,0,4,0,0.0,0.15,0.15,0.0,0.15,19.4,0,11,3,27.3,0.57,0.15,0.0,0.0,0,0,70,57.1,20,83,15,5,18,9,2.52,43,13,30,1.55,0.52,0,22,19,0,16,21,14,,,0,,,,,,,,,,,,,,,
FRA-Ligue 1,2526,PSG,Marquinhos,BRA,DF,31,1994,14,11,1052,11.7,0,0,0,0,0,0,0,0,0.0,0.0,0.0,0.0,0.0,11.7,0,3,0,0.0,0.26,0.0,0.0,,0,0,75,34.4,11,90,11,3,21,15,2.21,24,6,18,1.54,0.33,0,8,2,0,3,7,9,,,1,,,,,,,,,,,,,,,
FRA-Ligue 1,2526,PSG,Mathis Jangeal,FRA,FW,17,2008,1,0,11,0.1,0,0,0,0,0,0,0,0,0.0,0.0,0.0,0.0,0.0,0.1,0,0,0,,0.0,0.0,,,0,0,11,0.4,0,,0,1,11,1,3.0,0,0,0,0.0,-1.33,0,1,0,0,0,0,0,,,0,,,,,,,,,,,,,,,
FRA-Ligue 1,2526,PSG,Matvei Safonov,RUS,GK,26,1999,15,15,1350,15.0,0,0,0,0,0,0,0,0,0.0,0.0,0.0,0.0,0.0,15.0,0,0,0,,0.0,0.0,,,0,0,90,44.1,15,90,15,0,,15,2.2,38,14,24,1.6,0.49,0,0,1,0,0,0,0,,,0,14,0.93,54,40,74.1,11,0,4,8,53.3,1,0,1,0,100.0
FRA-Ligue 1,2526,PSG,Noah Nsoki,FRA,MF,18,2007,1,0,8,0.1,0,0,0,0,0,0,0,0,0.0,0.0,0.0,0.0,0.0,0.1,0,0,0,,0.0,0.0,,,0,0,8,0.3,0,,0,1,8,2,3.0,0,0,0,0.0,-1.33,0,0,0,0,0,0,1,,,0,,,,,,,,,,,,,,,
FRA-Ligue 1,2526,PSG,Nuno Mendes,POR,DF,23,2002,20,13,1256,14.0,4,5,9,3,1,1,1,0,0.29,0.36,0.64,0.21,0.57,14.0,4,30,15,50.0,2.15,1.07,0.13,0.27,1,1,63,41.0,13,85,10,7,22,4,2.25,29,12,17,1.22,-0.18,0,12,25,3,44,14,20,,,0,,,,,,,,,,,,,,,
FRA-Ligue 1,2526,PSG,Ousmane Dembélé,FRA,FW,28,1997,22,11,1063,11.8,10,7,17,8,2,3,0,0,0.85,0.59,1.44,0.68,1.27,11.8,10,45,18,40.0,3.81,1.52,0.22,0.56,2,3,48,34.7,11,69,1,11,28,2,2.23,37,8,29,2.46,1.73,0,3,4,8,49,0,3,,,0,,,,,,,,,,,,,,,
FRA-Ligue 1,2526,PSG,Pierre Mounguengue,FRA,FW,17,2008,1,0,16,0.2,0,0,0,0,0,0,0,0,0.0,0.0,0.0,0.0,0.0,0.2,0,2,1,50.0,11.25,5.63,0.0,0.0,0,0,16,0.5,0,,0,1,16,0,1.0,0,1,-1,-5.63,-6.99,0,0,0,0,0,0,0,,,0,,,,,,,,,,,,,,,
FRA-Ligue 1,2526,PSG,Quentin Ndjantou,FRA,MF,18,2007,10,3,360,4.0,1,1,2,1,0,0,1,0,0.25,0.25,0.5,0.25,0.5,4.0,1,9,3,33.3,2.25,0.75,0.11,0.33,0,0,36,11.8,3,67,1,7,23,1,2.1,11,3,8,2.0,0.77,0,7,2,0,4,2,1,,,0,,,,,,,,,,,,,,,
FRA-Ligue 1,2526,PSG,Renato Marin,ITA,GK,19,2006,2,2,180,2.0,0,0,0,0,0,0,0,0,0.0,0.0,0.0,0.0,0.0,2.0,0,0,0,,0.0,0.0,,,0,0,90,5.9,2,90,2,0,,17,2.0,3,2,1,0.5,-0.87,0,0,1,0,0,0,0,,,0,2,1.0,5,3,60.0,1,1,0,1,50.0,0,0,0,0,
FRA-Ligue 1,2526,PSG,Senny Mayulu,FRA,"MF,FW",19,2006,26,21,1672,18.6,4,4,8,4,0,0,3,0,0.22,0.22,0.43,0.22,0.43,18.6,4,35,11,31.4,1.88,0.59,0.11,0.36,0,0,64,54.6,21,73,6,5,29,0,2.12,37,15,22,1.18,-0.31,0,24,20,1,27,12,31,,,0,,,,,,,,,,,,,,,
FRA-Ligue 1,2526,PSG,Vitinha,POR,MF,25,2000,29,24,2119,23.5,1,7,8,1,0,0,2,0,0.04,0.3,0.34,0.04,0.34,23.5,1,34,10,29.4,1.44,0.42,0.03,0.1,0,0,73,69.2,24,81,18,5,35,2,2.24,50,19,31,1.32,-0.02,0,14,21,0,21,26,20,,,0,,,,,,,,,,,,,,,
FRA-Ligue 1,2526,PSG,Warren Zaïre-Emery,FRA,"DF,MF",19,2006,32,27,2447,27.2,3,4,7,3,0,0,3,0,0.11,0.15,0.26,0.11,0.26,27.2,3,19,7,36.8,0.7,0.26,0.16,0.43,0,0,76,80.0,27,83,18,5,39,0,2.19,60,23,37,1.36,0.19,0,35,17,0,15,11,29,,,0,,,,,,,,,,,,,,,
FRA-Ligue 1,2526,PSG,Willian Pacho,ECU,DF,23,2001,23,21,1914,21.3,0,0,0,0,0,0,0,0,0.0,0.0,0.0,0.0,0.0,21.3,0,8,1,12.5,0.38,0.05,0.0,0.0,0,0,83,62.5,21,88,19,2,38,8,2.09,47,22,25,1.18,-0.4,0,6,7,2,0,26,26,,,0,,,,,,,,,,,,,,,
FRA-Ligue 1,2526,Paris FC,Adama Camara,FRA,"MF,DF",28,1996,29,26,2159,24.0,1,0,1,1,0,0,8,0,0.04,0.0,0.04,0.04,0.04,24.0,1,17,5,29.4,0.71,0.21,0.06,0.2,0,0,74,70.6,26,80,9,3,24,4,1.38,27,34,-7,-0.29,-0.69,0,26,18,0,14,38,30,,,0,,,,,,,,,,,,,,,
FRA-Ligue 1,2526,Paris FC,Alimami Gory,MLI,"MF,DF",28,1996,24,9,982,10.9,5,1,6,5,0,0,3,0,0.46,0.09,0.55,0.46,0.55,10.9,5,19,6,31.6,1.74,0.55,0.26,0.83,0,0,41,32.1,9,69,1,15,24,3,1.21,13,20,-7,-0.64,-0.81,0,12,15,8,10,8,11,,,0,,,,,,,,,,,,,,,
FRA-Ligue 1,2526,Paris FC,Ciro Immobile,ITA,FW,35,1990,12,9,705,7.8,2,2,4,2,0,0,2,0,0.26,0.26,0.51,0.26,0.51,7.8,2,15,5,33.3,1.91,0.64,0.13,0.4,0,0,59,23.0,9,73,0,3,17,0,1.58,11,10,1,0.13,0.28,0,8,6,8,3,1,0,,,0,,,,,,,,,,,,,,,
FRA-Ligue 1,2526,Paris FC,Diego Coppola,ITA,DF,21,2003,13,13,1170,13.0,0,2,2,0,0,0,1,0,0.0,0.15,0.15,0.0,0.15,13.0,0,5,3,60.0,0.38,0.23,0.0,0.0,0,0,90,38.2,13,90,13,0,,2,1.69,21,16,5,0.38,0.77,0,6,3,0,0,7,9,,,1,,,,,,,,,,,,,,,
FRA-Ligue 1,2526,Paris FC,Hamari Traoré,MLI,DF,33,1992,18,14,1150,12.8,0,1,1,0,0,0,4,0,0.0,0.08,0.08,0.0,0.08,12.8,0,4,0,0.0,0.31,0.0,0.0,,0,0,64,37.6,14,78,6,4,14,1,1.28,19,17,2,0.16,0.39,0,21,6,1,27,18,22,,,0,,,,,,,,,,,,,,,
FRA-Ligue 1,2526,Paris FC,Ilan Kebbal,ALG,"MF,FW",27,1998,29,26,2222,24.7,9,4,13,6,3,4,7,0,0.36,0.16,0.53,0.24,0.41,24.7,9,49,20,40.8,1.98,0.81,0.18,0.45,3,4,77,72.6,26,83,14,3,22,1,1.24,34,38,-4,-0.16,-0.27,0,15,61,3,110,7,15,,,0,,,,,,,,,,,,,,,
FRA-Ligue 1,2526,Paris FC,Jean-Philippe Krasso,CIV,FW,28,1997,25,12,1092,12.1,2,2,4,1,1,1,0,0,0.16,0.16,0.33,0.08,0.25,12.1,2,27,10,37.0,2.23,0.82,0.07,0.2,1,1,44,35.7,12,70,1,13,19,0,1.12,15,17,-2,-0.16,-0.12,0,20,19,10,4,1,8,,,0,,,,,,,,,,,,,,,
FRA-Ligue 1,2526,Paris FC,Jonathan Ikone,FRA,"MF,FW",27,1998,23,13,1100,12.2,3,1,4,3,0,0,2,0,0.25,0.08,0.33,0.25,0.33,12.2,3,25,6,24.0,2.05,0.49,0.12,0.5,0,0,48,35.9,13,68,1,10,22,2,1.26,15,11,4,0.33,0.65,0,13,18,3,7,5,15,,,0,,,,,,,,,,,,,,,
FRA-Ligue 1,2526,Paris FC,Julien López,ALG,"FW,MF",33,1992,5,0,45,0.5,0,0,0,0,0,0,0,0,0.0,0.0,0.0,0.0,0.0,0.5,0,0,0,,0.0,0.0,,,0,0,9,1.5,0,,0,5,9,12,0.6,0,1,-1,-2.0,-1.94,0,0,0,0,1,1,0,,,0,,,,,,,,,,,,,,,
FRA-Ligue 1,2526,Paris FC,Kevin Trapp,GER,GK,35,1990,22,22,1980,22.0,0,0,0,0,0,0,2,0,0.0,0.0,0.0,0.0,0.0,22.0,0,0,0,,0.0,0.0,,,0,0,90,64.7,22,90,22,0,,11,1.45,29,29,0,0.0,0.25,0,0,6,0,0,1,0,,,0,29,1.32,87,56,66.7,8,8,6,7,31.8,8,6,1,1,14.3
FRA-Ligue 1,2526,Paris FC,Lohann Doucet,BFA,MF,22,2002,5,1,121,1.3,1,0,1,1,0,0,2,0,0.74,0.0,0.74,0.74,0.74,1.3,1,2,1,50.0,1.49,0.74,0.5,1.0,0,0,24,4.0,1,60,0,4,15,4,0.8,1,5,-4,-2.98,-3.01,0,4,1,0,0,0,0,,,0,,,,,,,,,,,,,,,
FRA-Ligue 1,2526,Paris FC,Luca Koleosho,ITA,MF,20,2004,16,3,554,6.2,3,1,4,3,0,0,0,0,0.49,0.16,0.65,0.49,0.65,6.2,3,17,10,58.8,2.76,1.62,0.18,0.3,0,0,35,18.1,3,80,1,13,24,1,1.56,13,9,4,0.65,0.9,0,10,4,1,15,3,15,,,0,,,,,,,,,,,,,,,
FRA-Ligue 1,2526,Paris FC,Marshall Munetsi,ZIM,MF,29,1996,15,11,975,10.8,4,1,5,4,0,0,0,0,0.37,0.09,0.46,0.37,0.46,10.8,4,19,9,47.4,1.75,0.83,0.21,0.44,0,0,65,31.9,11,80,5,4,25,2,1.67,17,10,7,0.65,1.08,0,12,9,1,0,3,8,,,0,,,,,,,,,,,,,,,
FRA-Ligue 1,2526,Paris FC,Mathieu Cafaro,FRA,FW,28,1997,10,1,152,1.7,0,0,0,0,0,0,0,0,0.0,0.0,0.0,0.0,0.0,1.7,0,7,1,14.3,4.14,0.59,0.0,0.0,0,0,15,5.0,1,59,0,9,10,12,0.9,4,3,1,0.59,0.72,0,2,4,2,7,0,0,,,0,,,,,,,,,,,,,,,
FRA-Ligue 1,2526,Paris FC,Maxime Lopez,FRA,MF,27,1997,26,22,1960,21.8,0,3,3,0,0,0,11,0,0.0,0.14,0.14,0.0,0.14,21.8,0,13,6,46.2,0.6,0.28,0.0,0.0,0,0,75,64.1,22,83,17,4,32,2,1.19,29,36,-7,-0.32,-0.65,0,27,8,5,83,11,17,,,0,,,,,,,,,,,,,,,
FRA-Ligue 1,2526,Paris FC,Mohamed Benoit Dao,FRA,FW,18,2007,1,0,2,0.0,0,0,0,0,0,0,0,0,0.0,0.0,0.0,0.0,0.0,0.0,0,0,0,,0.0,0.0,,,0,0,2,0.1,0,,0,1,2,0,0.0,0,0,0,0.0,0.09,0,0,0,0,1,0,0,,,0,,,,,,,,,,,,,,,
FRA-Ligue 1,2526,Paris FC,Moses Simon,NGA,"MF,FW",30,1995,29,25,2001,22.2,3,3,6,3,0,0,1,0,0.13,0.13,0.27,0.13,0.27,22.2,3,34,11,32.4,1.53,0.49,0.09,0.27,0,0,69,65.4,25,75,1,4,33,2,1.28,31,30,1,0.04,0.38,0,15,19,11,143,8,11,,,0,,,,,,,,,,,,,,,
FRA-Ligue 1,2526,Paris FC,Moustapha Mbow,SEN,DF,25,2000,31,30,2717,30.2,0,1,1,0,0,0,5,0,0.0,0.03,0.03,0.0,0.03,30.2,0,10,3,30.0,0.33,0.1,0.0,0.0,0,0,88,88.8,30,90,30,1,17,2,1.23,41,43,-2,-0.07,0.2,0,27,16,1,2,38,33,,,0,,,,,,,,,,,,,,,
FRA-Ligue 1,2526,Paris FC,Nhoa Sangui,FRA,DF,19,2006,26,18,1737,19.3,0,0,0,0,0,0,0,0,0.0,0.0,0.0,0.0,0.0,19.3,0,4,1,25.0,0.21,0.05,0.0,0.0,0,0,67,56.8,18,89,16,8,16,0,1.35,24,29,-5,-0.26,-0.4,0,5,17,2,37,21,14,,,0,,,,,,,,,,,,,,,
FRA-Ligue 1,2526,Paris FC,Nouha Dicko,MLI,"FW,MF",33,1992,8,0,72,0.8,1,1,2,1,0,0,0,0,1.25,1.25,2.5,1.25,2.5,0.8,1,4,2,50.0,5.0,2.5,0.25,0.5,0,0,9,2.4,0,,0,8,9,7,1.0,3,2,1,1.25,1.37,0,4,4,2,2,0,0,,,0,,,,,,,,,,,,,,,
FRA-Ligue 1,2526,Paris FC,Obed Nkambadio,FRA,GK,22,2003,12,12,1080,12.0,0,0,0,0,0,0,0,0,0.0,0.0,0.0,0.0,0.0,12.0,0,0,0,,0.0,0.0,,,0,0,90,35.3,12,90,12,0,,21,1.0,18,21,-3,-0.25,-0.25,0,0,0,0,0,0,0,,,0,21,1.75,47,26,55.3,3,3,6,1,8.3,4,2,1,1,33.3
FRA-Ligue 1,2526,Paris FC,Otavio Ataide,BRA,DF,23,2002,23,21,1901,21.1,1,0,1,1,0,0,6,1,0.05,0.0,0.05,0.05,0.05,21.1,1,12,3,25.0,0.57,0.14,0.08,0.33,0,0,83,62.1,21,88,17,2,26,6,1.39,27,31,-4,-0.19,-0.27,0,24,33,1,6,27,29,,,0,,,,,,,,,,,,,,,
FRA-Ligue 1,2526,Paris FC,Pierre Lees-Melou,FRA,MF,32,1993,22,20,1782,19.8,1,3,4,1,0,0,7,1,0.05,0.15,0.2,0.05,0.2,19.8,1,27,6,22.2,1.36,0.3,0.04,0.17,0,0,81,58.2,20,87,14,2,18,0,1.36,28,26,2,0.1,0.45,1,28,24,0,13,20,35,,,0,,,,,,,,,,,,,,,
FRA-Ligue 1,2526,Paris FC,Pierre-Yves Hamel,FRA,FW,31,1994,2,1,78,0.9,0,0,0,0,0,0,0,0,0.0,0.0,0.0,0.0,0.0,0.9,0,0,0,,0.0,0.0,,,0,0,39,2.5,1,70,0,1,8,1,0.0,0,2,-2,-2.31,-2.28,0,2,0,0,0,1,0,,,0,,,,,,,,,,,,,,,
FRA-Ligue 1,2526,Paris FC,Rudy Matondo,FRA,MF,17,2008,11,8,743,8.3,2,0,2,2,0,0,1,1,0.24,0.0,0.24,0.24,0.24,8.3,2,9,5,55.6,1.09,0.61,0.22,0.4,0,0,68,24.3,8,81,3,3,31,0,1.82,12,9,3,0.36,0.6,0,15,14,0,8,5,14,,,0,,,,,,,,,,,,,,,
FRA-Ligue 1,2526,Paris FC,Samir Chergui,ALG,DF,26,1999,15,13,1154,12.8,1,0,1,1,0,0,1,0,0.08,0.0,0.08,0.08,0.08,12.8,1,13,4,30.8,1.01,0.31,0.08,0.25,0,0,77,37.7,13,87,11,2,12,3,1.33,21,23,-2,-0.16,-0.11,0,14,4,1,6,13,12,,,0,,,,,,,,,,,,,,,
FRA-Ligue 1,2526,Paris FC,Thibault De Smet,BEL,DF,27,1998,17,13,1144,12.7,0,1,1,0,0,0,6,2,0.0,0.08,0.08,0.0,0.08,12.7,0,4,0,0.0,0.31,0.0,0.0,,0,0,67,37.4,13,82,5,4,20,6,1.18,20,22,-2,-0.16,-0.11,2,11,13,1,26,10,11,,,0,,,,,,,,,,,,,,,
FRA-Ligue 1,2526,Paris FC,Timothée Kolodziejczak,FRA,DF,33,1991,11,7,662,7.4,0,0,0,0,0,0,2,0,0.0,0.0,0.0,0.0,0.0,7.4,0,1,1,100.0,0.14,0.14,0.0,0.0,0,0,60,21.6,7,89,6,4,10,16,1.18,6,14,-8,-1.09,-1.28,0,8,1,0,0,7,6,,,0,,,,,,,,,,,,,,,
FRA-Ligue 1,2526,Paris FC,Tuomas Ollila,FIN,DF,25,2000,10,3,308,3.4,0,0,0,0,0,0,0,0,0.0,0.0,0.0,0.0,0.0,3.4,0,4,1,25.0,1.17,0.29,0.0,0.0,0,0,31,10.1,3,79,0,7,10,8,1.1,6,4,2,0.58,0.75,0,3,6,1,9,4,1,,,0,,,,,,,,,,,,,,,
FRA-Ligue 1,2526,Paris FC,Vincent Marchetti,FRA,MF,28,1997,23,9,825,9.2,2,1,3,2,0,0,1,0,0.22,0.11,0.33,0.22,0.33,9.2,2,24,7,29.2,2.62,0.76,0.08,0.29,0,0,36,27.0,9,71,1,14,13,2,1.17,15,19,-4,-0.44,-0.48,0,12,4,1,1,5,13,,,0,,,,,,,,,,,,,,,
FRA-Ligue 1,2526,Paris FC,Willem Geubbels,FRA,FW,23,2001,24,12,1013,11.3,5,0,5,4,1,1,0,0,0.44,0.0,0.44,0.36,0.36,11.3,5,30,9,30.0,2.67,0.8,0.17,0.56,1,1,42,33.1,12,66,0,12,18,6,1.29,14,17,-3,-0.27,-0.27,0,19,3,10,9,6,2,,,0,,,,,,,,,,,,,,,
FRA-Ligue 1,2526,Rennes,Abdelhamid Ait Boudlal,MAR,DF,19,2006,20,17,1403,15.6,2,1,3,2,0,0,3,1,0.13,0.06,0.19,0.13,0.19,15.6,2,13,4,30.8,0.83,0.26,0.15,0.5,0,0,70,45.8,17,80,14,3,13,5,1.85,33,28,5,0.32,0.1,0,14,10,1,2,18,11,,,0,,,,,,,,,,,,,,,
FRA-Ligue 1,2526,Rennes,Alexander Legendre,ECU,MF,17,2008,6,0,45,0.5,0,0,0,0,0,0,0,0,0.0,0.0,0.0,0.0,0.0,0.5,0,1,0,0.0,2.0,0.0,0.0,,0,0,8,1.5,0,,0,6,8,3,1.17,1,3,-2,-4.0,-4.33,0,1,1,0,3,0,0,,,0,,,,,,,,,,,,,,,
FRA-Ligue 1,2526,Rennes,Alidu Seidu,GHA,DF,25,2000,21,13,1186,13.2,0,1,1,0,0,0,1,0,0.0,0.08,0.08,0.0,0.08,13.2,0,5,1,20.0,0.38,0.08,0.0,0.0,0,0,56,38.8,13,76,6,8,25,11,1.57,25,24,1,0.08,-0.31,0,16,31,3,11,17,22,,,0,,,,,,,,,,,,,,,
FRA-Ligue 1,2526,Rennes,Anthony Rouault,FRA,DF,24,2001,21,19,1724,19.2,1,0,1,1,0,0,4,0,0.05,0.0,0.05,0.05,0.05,19.2,1,9,3,33.3,0.47,0.16,0.11,0.33,0,0,82,56.3,19,88,17,2,23,11,1.71,30,23,7,0.37,0.23,0,26,8,0,0,18,13,,,0,,,,,,,,,,,,,,,
FRA-Ligue 1,2526,Rennes,Arnaud Nordin,FRA,"FW,MF",27,1998,10,7,570,6.3,1,2,3,1,0,0,1,0,0.16,0.32,0.47,0.16,0.47,6.3,1,20,5,25.0,3.16,0.79,0.05,0.2,0,0,57,18.6,7,71,0,3,24,0,1.9,12,4,8,1.26,1.23,0,8,17,1,18,0,6,,,0,,,,,,,,,,,,,,,
FRA-Ligue 1,2526,Rennes,Bertuğ Yıldırım,TUR,FW,23,2002,1,0,3,0.0,0,0,0,0,0,0,0,0,0.0,0.0,0.0,0.0,0.0,0.0,0,0,0,,0.0,0.0,,,0,0,3,0.1,0,,0,1,3,2,1.0,0,0,0,0.0,-0.26,0,0,0,0,0,0,0,,,0,,,,,,,,,,,,,,,
FRA-Ligue 1,2526,Rennes,Breel Embolo,SUI,FW,28,1997,31,20,1872,20.8,8,3,11,8,0,0,3,0,0.38,0.14,0.53,0.38,0.53,20.8,8,41,18,43.9,1.97,0.87,0.2,0.44,0,0,60,61.2,20,81,9,11,22,0,1.77,37,34,3,0.14,-0.31,0,48,58,14,7,4,14,,,0,,,,,,,,,,,,,,,
FRA-Ligue 1,2526,Rennes,Brice Samba,FRA,GK,31,1994,32,32,2880,32.0,0,0,0,0,0,0,5,0,0.0,0.0,0.0,0.0,0.0,32.0,0,0,0,,0.0,0.0,,,0,0,90,94.1,32,90,32,0,,0,1.84,57,44,13,0.41,2.41,0,1,7,0,0,0,1,,,0,44,1.37,129,84,65.9,17,8,7,10,31.3,6,4,2,0,33.3
FRA-Ligue 1,2526,Rennes,Christopher Wooh,CMR,DF,23,2001,2,1,64,0.7,0,0,0,0,0,0,0,1,0.0,0.0,0.0,0.0,0.0,0.7,0,0,0,,0.0,0.0,,,0,0,32,2.1,1,10,0,1,54,0,1.5,1,0,1,1.41,1.17,0,1,0,0,0,0,0,,,0,,,,,,,,,,,,,,,
FRA-Ligue 1,2526,Rennes,Djaoui Cissé,FRA,MF,21,2004,24,12,981,10.9,0,0,0,0,0,0,3,0,0.0,0.0,0.0,0.0,0.0,10.9,0,24,6,25.0,2.2,0.55,0.0,0.0,0,0,41,32.1,12,60,0,12,22,9,1.75,18,14,4,0.37,0.15,0,18,10,0,27,5,22,,,0,,,,,,,,,,,,,,,
FRA-Ligue 1,2526,Rennes,Esteban Lepaul,FRA,FW,25,2000,32,31,2511,27.9,20,5,25,17,3,4,3,0,0.72,0.18,0.9,0.61,0.79,27.9,20,84,37,44.0,3.01,1.33,0.24,0.54,3,4,78,82.1,31,80,11,1,29,0,1.75,49,38,11,0.39,0.72,0,23,15,8,17,3,5,,,0,,,,,,,,,,,,,,,
FRA-Ligue 1,2526,Rennes,Fabian Rieder,SUI,MF,23,2002,3,2,133,1.5,0,0,0,0,0,0,0,0,0.0,0.0,0.0,0.0,0.0,1.5,0,1,0,0.0,0.68,0.0,0.0,,0,0,44,4.3,2,63,0,1,8,0,1.33,0,2,-2,-1.35,-1.69,0,2,1,0,1,2,2,,,0,,,,,,,,,,,,,,,
FRA-Ligue 1,2526,Rennes,Glen Kamara,FIN,MF,29,1995,4,0,61,0.7,0,0,0,0,0,0,0,0,0.0,0.0,0.0,0.0,0.0,0.7,0,0,0,,0.0,0.0,,,0,0,15,2.0,0,,0,4,15,18,1.75,0,3,-3,-4.43,-4.79,0,0,2,0,0,0,0,,,0,,,,,,,,,,,,,,,
FRA-Ligue 1,2526,Rennes,Hans Hateboer,NED,"DF,MF",31,1994,1,0,22,0.2,0,0,0,0,0,0,0,0,0.0,0.0,0.0,0.0,0.0,0.2,0,0,0,,0.0,0.0,,,0,0,22,0.7,0,,0,1,22,3,1.0,0,1,-1,-4.09,-4.39,0,2,0,0,0,0,0,,,0,,,,,,,,,,,,,,,
FRA-Ligue 1,2526,Rennes,Henrick Do Marcolino,FRA,FW,19,2006,1,0,3,0.0,0,0,0,0,0,0,0,0,0.0,0.0,0.0,0.0,0.0,0.0,0,0,0,,0.0,0.0,,,0,0,3,0.1,0,,0,1,3,5,3.0,0,0,0,0.0,-0.26,0,0,0,0,0,2,1,,,0,,,,,,,,,,,,,,,
FRA-Ligue 1,2526,Rennes,Ibrahim Salah,MAR,MF,23,2001,2,0,35,0.4,0,0,0,0,0,0,0,0,0.0,0.0,0.0,0.0,0.0,0.4,0,1,0,0.0,2.57,0.0,0.0,,0,0,18,1.1,0,,0,2,18,0,1.5,1,2,-1,-2.57,-2.87,0,0,2,1,0,0,1,,,0,,,,,,,,,,,,,,,
FRA-Ligue 1,2526,Rennes,Jérémy Jacquet,FRA,DF,20,2005,19,19,1671,18.6,0,0,0,0,0,0,6,1,0.0,0.0,0.0,0.0,0.0,18.6,0,11,3,27.3,0.59,0.16,0.0,0.0,0,0,88,54.6,19,88,17,0,,0,1.42,27,29,-2,-0.11,-0.82,1,20,17,1,0,22,17,,,0,,,,,,,,,,,,,,,
FRA-Ligue 1,2526,Rennes,Kader Meïté,FRA,FW,17,2007,17,6,535,5.9,3,2,5,3,0,0,0,0,0.5,0.34,0.84,0.5,0.84,5.9,3,22,7,31.8,3.7,1.18,0.14,0.43,0,0,31,17.5,6,52,0,11,20,2,1.59,14,5,9,1.51,1.51,0,12,4,8,3,1,2,,,0,,,,,,,,,,,,,,,
FRA-Ligue 1,2526,Rennes,Lilian Brassier,FRA,DF,25,1999,27,25,2250,25.0,0,1,1,0,0,0,2,0,0.0,0.04,0.04,0.0,0.04,25.0,0,11,2,18.2,0.44,0.08,0.0,0.0,0,0,83,73.5,25,87,22,2,36,5,1.78,47,35,12,0.48,0.81,0,27,21,0,23,38,13,,,0,,,,,,,,,,,,,,,
FRA-Ligue 1,2526,Rennes,Lucas Rosier,FRA,FW,18,2007,2,0,2,0.0,0,0,0,0,0,0,0,0,0.0,0.0,0.0,0.0,0.0,0.0,0,0,0,,0.0,0.0,,,0,0,1,0.1,0,,0,2,1,2,3.0,0,1,-1,-45.0,-45.29,0,0,0,0,0,0,0,,,0,,,,,,,,,,,,,,,
FRA-Ligue 1,2526,Rennes,Ludovic Blas,FRA,"MF,FW",27,1997,32,15,1546,17.2,5,4,9,3,2,2,1,0,0.29,0.23,0.52,0.17,0.41,17.2,5,47,14,29.8,2.74,0.82,0.11,0.36,2,2,48,50.5,15,77,2,17,23,1,1.78,27,30,-3,-0.17,-0.89,0,24,27,5,93,15,10,,,0,,,,,,,,,,,,,,,
FRA-Ligue 1,2526,Rennes,Mahamadou Nagida,CMR,DF,20,2005,19,7,805,8.9,0,0,0,0,0,0,2,0,0.0,0.0,0.0,0.0,0.0,8.9,0,13,3,23.1,1.45,0.34,0.0,0.0,0,0,42,26.3,7,84,4,12,18,14,1.89,16,14,2,0.22,-0.06,0,14,11,0,20,20,12,,,0,,,,,,,,,,,,,,,
FRA-Ligue 1,2526,Rennes,Mahdi Camara,FRA,MF,27,1998,32,31,2653,29.5,3,1,4,3,0,0,5,1,0.1,0.03,0.14,0.1,0.14,29.5,3,29,12,41.4,0.98,0.41,0.1,0.25,0,0,83,86.7,31,85,23,1,27,0,1.72,54,41,13,0.44,1.33,0,39,28,4,28,27,33,,,0,,,,,,,,,,,,,,,
FRA-Ligue 1,2526,Rennes,Mathys Silestrie,FRA,GK,19,2005,2,2,180,2.0,0,0,0,0,0,0,0,0,0.0,0.0,0.0,0.0,0.0,2.0,0,0,0,,0.0,0.0,,,0,0,90,5.9,2,90,2,0,,29,0.0,2,6,-4,-2.0,-2.41,0,0,0,0,0,0,0,,,0,6,3.0,14,8,57.1,0,0,2,0,0.0,0,0,0,0,
FRA-Ligue 1,2526,Rennes,Mikayil Ngor Faye,SEN,MF,21,2004,1,0,8,0.1,0,0,0,0,0,0,0,0,0.0,0.0,0.0,0.0,0.0,0.1,0,0,0,,0.0,0.0,,,0,0,8,0.3,0,,0,1,8,1,1.0,0,0,0,0.0,-0.27,0,0,0,0,0,0,0,,,0,,,,,,,,,,,,,,,
FRA-Ligue 1,2526,Rennes,Musa Al-Taamari,JOR,"MF,FW",28,1997,33,25,2212,24.6,6,6,12,6,0,0,4,0,0.24,0.24,0.49,0.24,0.49,24.6,6,64,23,35.9,2.6,0.94,0.09,0.26,0,0,67,72.3,25,79,4,8,31,0,1.79,45,32,13,0.53,0.95,0,16,27,26,86,11,16,,,0,,,,,,,,,,,,,,,
FRA-Ligue 1,2526,Rennes,Nordan Mukiele,FRA,MF,19,2006,8,0,96,1.1,1,0,1,1,0,0,0,0,0.94,0.0,0.94,0.94,0.94,1.1,1,4,1,25.0,3.75,0.94,0.25,1.0,0,0,12,3.1,0,,0,8,12,12,2.0,4,0,4,3.75,3.6,0,4,2,0,2,0,0,,,0,,,,,,,,,,,,,,,
FRA-Ligue 1,2526,Rennes,Przemysław Frankowski,POL,"MF,DF",30,1995,19,15,1210,13.4,1,2,3,1,0,0,5,0,0.07,0.15,0.22,0.07,0.22,13.4,1,9,3,33.3,0.67,0.22,0.11,0.33,0,0,64,39.5,15,75,5,4,21,1,1.68,20,16,4,0.3,0.05,0,13,10,1,82,9,25,,,0,,,,,,,,,,,,,,,
FRA-Ligue 1,2526,Rennes,Quentin Merlin,FRA,"DF,MF",23,2002,33,27,2533,28.1,1,5,6,1,0,0,2,0,0.04,0.18,0.21,0.04,0.21,28.1,1,26,7,26.9,0.92,0.25,0.04,0.14,0,0,77,82.8,27,87,23,6,32,1,1.76,45,43,2,0.07,-1.12,0,22,30,5,156,29,38,,,0,,,,,,,,,,,,,,,
FRA-Ligue 1,2526,Rennes,Sebastian Szymański,POL,MF,26,1999,16,10,776,8.6,1,3,4,1,0,0,2,0,0.12,0.35,0.46,0.12,0.46,8.6,1,12,5,41.7,1.39,0.58,0.08,0.2,0,0,49,25.4,10,66,0,6,19,0,1.75,15,12,3,0.35,0.11,0,13,12,4,56,3,10,,,0,,,,,,,,,,,,,,,
FRA-Ligue 1,2526,Rennes,Seko Fofana,CIV,MF,30,1995,12,7,655,7.3,1,0,1,1,0,0,0,0,0.14,0.0,0.14,0.14,0.14,7.3,1,9,3,33.3,1.24,0.41,0.11,0.33,0,0,55,21.4,7,83,4,5,14,1,1.5,9,12,-3,-0.41,-0.86,0,3,13,0,7,3,2,,,0,,,,,,,,,,,,,,,
FRA-Ligue 1,2526,Rennes,Valentin Rongier,FRA,MF,30,1994,31,31,2745,30.5,2,5,7,2,0,0,6,0,0.07,0.16,0.23,0.07,0.23,30.5,2,22,10,45.5,0.72,0.33,0.09,0.2,0,0,89,89.7,31,89,30,0,,1,1.77,56,44,12,0.39,1.25,0,48,26,0,21,36,48,,,0,,,,,,,,,,,,,,,
FRA-Ligue 1,2526,Rennes,Yassir Zabiri,MAR,MF,20,2005,6,0,48,0.5,0,0,0,0,0,0,0,0,0.0,0.0,0.0,0.0,0.0,0.5,0,4,2,50.0,7.5,3.75,0.0,0.0,0,0,8,1.6,0,,0,6,8,6,1.67,1,0,1,1.87,1.64,0,6,0,0,1,0,1,,,0,,,,,,,,,,,,,,,
FRA-Ligue 1,2526,Strasbourg,Aaron Anselmino,ARG,DF,20,2005,3,0,16,0.2,0,0,0,0,0,0,0,0,0.0,0.0,0.0,0.0,0.0,0.2,0,0,0,,0.0,0.0,,,0,0,5,0.5,0,,0,3,5,0,2.33,0,1,-1,-5.63,-5.98,0,0,0,0,0,1,0,,,0,,,,,,,,,,,,,,,
FRA-Ligue 1,2526,Strasbourg,Abakar Sylla,CIV,DF,22,2002,1,0,2,0.0,0,0,0,0,0,0,0,0,0.0,0.0,0.0,0.0,0.0,0.0,0,0,0,,0.0,0.0,,,0,0,2,0.1,0,,0,1,2,5,1.0,0,0,0,0.0,-0.32,0,0,0,0,0,0,0,,,0,,,,,,,,,,,,,,,
FRA-Ligue 1,2526,Strasbourg,Abdoul Ouattara,FRA,"MF,DF",19,2005,28,19,1768,19.6,2,0,2,2,0,0,2,0,0.1,0.0,0.1,0.1,0.1,19.6,2,27,11,40.7,1.37,0.56,0.07,0.18,0,0,63,57.8,19,79,13,9,29,0,1.79,37,27,10,0.51,0.44,0,12,11,1,19,20,13,,,0,,,,,,,,,,,,,,,
FRA-Ligue 1,2526,Strasbourg,Amadou Cissé,GUI,DF,19,2006,1,1,90,1.0,0,0,0,0,0,0,0,0,0.0,0.0,0.0,0.0,0.0,1.0,0,0,0,,0.0,0.0,,,0,0,90,2.9,1,90,1,0,,4,0.0,0,3,-3,-3.0,-3.42,0,3,0,0,0,0,2,,,0,,,,,,,,,,,,,,,
FRA-Ligue 1,2526,Strasbourg,Andrew Omobamidele,IRL,DF,23,2002,25,13,1357,15.1,1,0,1,1,0,0,4,0,0.07,0.0,0.07,0.07,0.07,15.1,1,4,3,75.0,0.27,0.2,0.25,0.33,0,0,54,44.3,13,82,8,12,25,2,1.56,25,21,4,0.27,-0.1,0,13,10,0,0,16,4,,,0,,,,,,,,,,,,,,,
FRA-Ligue 1,2526,Strasbourg,Ben Chilwell,ENG,"DF,MF",28,1996,20,19,1598,17.8,0,2,2,0,0,0,4,0,0.0,0.11,0.11,0.0,0.11,17.8,0,5,3,60.0,0.28,0.17,0.0,0.0,0,0,80,52.2,19,83,13,1,29,4,1.45,27,24,3,0.17,-0.32,0,14,22,4,30,22,17,,,0,,,,,,,,,,,,,,,
FRA-Ligue 1,2526,Strasbourg,David Datro Fofana,CIV,FW,22,2002,5,3,171,1.9,0,0,0,0,0,0,0,0,0.0,0.0,0.0,0.0,0.0,1.9,0,3,1,33.3,1.58,0.53,0.0,0.0,0,0,34,5.6,3,51,0,2,9,4,1.2,2,2,0,0.0,-0.34,0,3,1,3,0,1,1,,,0,,,,,,,,,,,,,,,
FRA-Ligue 1,2526,Strasbourg,Diego Moreira,BEL,MF,20,2004,27,23,2034,22.6,4,6,10,4,0,0,4,0,0.18,0.27,0.44,0.18,0.44,22.6,4,29,11,37.9,1.28,0.49,0.14,0.36,0,0,75,66.5,23,84,8,4,26,0,1.52,43,31,12,0.53,0.62,0,17,27,8,89,20,25,,,0,,,,,,,,,,,,,,,
FRA-Ligue 1,2526,Strasbourg,Dilane Bakwa,FRA,"FW,MF",22,2002,3,0,107,1.2,1,2,3,1,0,0,0,0,0.84,1.68,2.52,0.84,2.52,1.2,1,2,1,50.0,1.68,0.84,0.5,1.0,0,0,36,3.5,0,,0,3,36,0,2.0,4,2,2,1.68,1.41,0,0,4,0,8,1,1,,,0,,,,,,,,,,,,,,,
FRA-Ligue 1,2526,Strasbourg,Emanuel Emegha,NED,FW,22,2003,10,4,443,4.9,4,2,6,4,0,0,3,0,0.81,0.41,1.22,0.81,1.22,4.9,4,17,8,47.1,3.45,1.63,0.24,0.5,0,0,44,14.5,4,79,2,6,21,0,1.8,9,6,3,0.61,0.33,0,12,9,4,0,0,0,,,0,,,,,,,,,,,,,,,
FRA-Ligue 1,2526,Strasbourg,Félix Lemaréchal,FRA,"MF,FW",21,2003,11,7,555,6.2,0,2,2,0,0,0,1,0,0.0,0.32,0.32,0.0,0.32,6.2,0,10,2,20.0,1.62,0.32,0.0,0.0,0,0,50,18.1,7,68,1,4,20,1,1.73,10,6,4,0.65,0.4,0,9,6,0,15,3,6,,,0,,,,,,,,,,,,,,,
FRA-Ligue 1,2526,Strasbourg,Gessime Yassine,MAR,MF,19,2005,12,6,510,5.7,0,1,1,0,0,0,0,0,0.0,0.18,0.18,0.0,0.18,5.7,0,8,1,12.5,1.41,0.18,0.0,0.0,0,0,43,16.7,6,72,2,6,13,5,1.58,8,9,-1,-0.18,-0.6,0,9,19,1,18,1,9,,,0,,,,,,,,,,,,,,,
FRA-Ligue 1,2526,Strasbourg,Guéla Doué,CIV,"DF,MF",22,2002,24,23,2061,22.9,2,6,8,2,0,0,3,0,0.09,0.26,0.35,0.09,0.35,22.9,2,12,5,41.7,0.52,0.22,0.17,0.4,0,0,86,67.4,23,88,19,1,30,0,1.63,46,32,14,0.61,0.88,0,42,24,0,52,27,38,,,0,,,,,,,,,,,,,,,
FRA-Ligue 1,2526,Strasbourg,Idrissa Sabaly,FRA,MF,17,2007,1,1,56,0.6,0,0,0,0,0,0,0,0,0.0,0.0,0.0,0.0,0.0,0.6,0,1,0,0.0,1.61,0.0,0.0,,0,0,56,1.8,1,56,0,0,,1,0.0,0,3,-3,-4.82,-5.24,0,1,0,0,2,1,1,,,0,,,,,,,,,,,,,,,
FRA-Ligue 1,2526,Strasbourg,Ismaël Doukouré,FRA,"DF,MF",22,2003,25,25,2072,23.0,0,2,2,0,0,0,4,2,0.0,0.09,0.09,0.0,0.09,23.0,0,7,3,42.9,0.3,0.13,0.0,0.0,0,0,83,67.7,25,83,19,0,,0,1.56,42,31,11,0.48,0.48,0,21,17,0,3,24,11,,,2,,,,,,,,,,,,,,,
FRA-Ligue 1,2526,Strasbourg,Jean-Baptiste Bosey,FRA,FW,17,2008,1,0,1,0.0,0,0,0,0,0,0,0,0,0.0,0.0,0.0,0.0,0.0,0.0,0,0,0,,0.0,0.0,,,0,0,1,0.0,0,,0,1,1,3,1.0,0,0,0,0.0,-0.32,0,1,0,0,0,0,0,,,0,,,,,,,,,,,,,,,
FRA-Ligue 1,2526,Strasbourg,Joaquín Panichelli,ARG,FW,22,2002,27,24,2193,24.4,16,1,17,11,5,6,3,0,0.66,0.04,0.7,0.45,0.49,24.4,16,58,31,53.4,2.38,1.27,0.28,0.52,5,6,81,71.7,24,87,19,3,34,0,1.48,39,29,10,0.41,0.31,0,43,44,14,0,13,10,,,0,,,,,,,,,,,,,,,
FRA-Ligue 1,2526,Strasbourg,Julio Enciso,PAR,"MF,FW",21,2004,27,22,1883,20.9,3,6,9,2,1,1,2,0,0.14,0.29,0.43,0.1,0.38,20.9,3,61,22,36.1,2.92,1.05,0.05,0.14,1,1,70,61.5,22,80,7,5,23,1,1.41,35,30,5,0.24,-0.22,0,20,31,5,61,7,10,,,0,,,,,,,,,,,,,,,
FRA-Ligue 1,2526,Strasbourg,Junior Mwanga,FRA,"DF,MF",22,2003,5,5,377,4.2,0,0,0,0,0,0,0,0,0.0,0.0,0.0,0.0,0.0,4.2,0,1,0,0.0,0.24,0.0,0.0,,0,0,75,12.3,5,75,3,0,,4,1.8,3,6,-3,-0.72,-1.19,0,9,2,0,4,1,8,,,0,,,,,,,,,,,,,,,
FRA-Ligue 1,2526,Strasbourg,Karl-Johan Johnsson,SWE,GK,35,1990,1,1,90,1.0,0,0,0,0,0,0,0,0,0.0,0.0,0.0,0.0,0.0,1.0,0,0,0,,0.0,0.0,,,0,0,90,2.9,1,90,1,0,,25,3.0,1,0,1,1.0,0.7,0,0,0,0,0,0,0,,,0,0,0.0,2,2,100.0,1,0,0,1,100.0,0,0,0,0,
FRA-Ligue 1,2526,Strasbourg,Kendry Páez,ECU,"MF,FW",18,2007,15,4,424,4.7,1,0,1,1,0,0,0,0,0.21,0.0,0.21,0.21,0.21,4.7,1,10,4,40.0,2.12,0.85,0.1,0.25,0,0,28,13.9,4,56,0,11,18,3,1.53,6,3,3,0.64,0.36,0,7,3,1,18,3,4,,,0,,,,,,,,,,,,,,,
FRA-Ligue 1,2526,Strasbourg,Lucas Høgsberg,DEN,DF,19,2006,24,21,1792,19.9,0,0,0,0,0,0,4,1,0.0,0.0,0.0,0.0,0.0,19.9,0,4,1,25.0,0.2,0.05,0.0,0.0,0,0,75,58.6,21,83,12,3,16,7,1.5,28,31,-3,-0.15,-1.14,1,16,13,1,0,13,9,,,0,,,,,,,,,,,,,,,
FRA-Ligue 1,2526,Strasbourg,Mamadou Sarr,SEN,DF,19,2005,15,15,1305,14.5,0,0,0,0,0,0,3,0,0.0,0.0,0.0,0.0,0.0,14.5,0,1,0,0.0,0.07,0.0,0.0,,0,0,87,42.6,15,87,14,0,,0,1.47,21,16,5,0.34,0.04,0,16,11,0,0,5,13,,,0,,,,,,,,,,,,,,,
FRA-Ligue 1,2526,Strasbourg,Martial Godo,CIV,MF,22,2003,28,18,1584,17.6,10,1,11,10,0,0,2,0,0.57,0.06,0.62,0.57,0.62,17.6,10,41,17,41.5,2.33,0.97,0.24,0.59,0,0,57,51.8,18,79,8,10,15,2,1.68,41,23,18,1.02,1.45,0,15,32,11,31,15,13,,,0,,,,,,,,,,,,,,,
FRA-Ligue 1,2526,Strasbourg,Mathis Amougou,FRA,MF,19,2006,12,4,409,4.5,0,0,0,0,0,0,1,0,0.0,0.0,0.0,0.0,0.0,4.5,0,3,2,66.7,0.66,0.44,0.0,0.0,0,0,34,13.4,4,63,0,8,20,15,1.42,5,8,-3,-0.66,-1.14,0,4,4,0,2,2,11,,,0,,,,,,,,,,,,,,,
FRA-Ligue 1,2526,Strasbourg,Max Oyedele,POL,"MF,DF",20,2004,8,6,446,5.0,1,0,1,1,0,0,3,0,0.2,0.0,0.2,0.2,0.2,5.0,1,2,1,50.0,0.4,0.2,0.5,1.0,0,0,56,14.6,6,72,3,2,7,4,1.5,9,10,-1,-0.2,-0.61,0,9,5,0,0,5,8,,,0,,,,,,,,,,,,,,,
FRA-Ligue 1,2526,Strasbourg,Mike Penders,BEL,GK,20,2005,33,33,2970,33.0,0,0,0,0,0,0,3,0,0.0,0.0,0.0,0.0,0.0,33.0,0,0,0,,0.0,0.0,,,0,0,90,97.1,33,90,33,0,,0,1.52,57,47,10,0.3,-0.7,0,1,2,0,0,0,0,,,0,47,1.42,154,107,69.5,14,8,11,8,24.2,5,4,1,0,20.0
FRA-Ligue 1,2526,Strasbourg,Rabby Nzingoula,FRA,MF,19,2005,4,0,51,0.6,0,0,0,0,0,0,0,1,0.0,0.0,0.0,0.0,0.0,0.6,0,1,0,0.0,1.76,0.0,0.0,,0,0,13,1.7,0,,0,4,13,6,0.75,1,0,1,1.76,1.47,0,3,2,0,2,1,1,,,0,,,,,,,,,,,,,,,
FRA-Ligue 1,2526,Strasbourg,Rafael Gonçalves,POR,"MF,DF",20,2005,12,6,588,6.5,0,1,1,0,0,0,0,0,0.0,0.15,0.15,0.0,0.15,6.5,0,5,3,60.0,0.77,0.46,0.0,0.0,0,0,49,19.2,6,79,4,6,19,17,1.67,8,13,-5,-0.77,-1.35,0,7,2,0,4,4,10,,,0,,,,,,,,,,,,,,,
FRA-Ligue 1,2526,Strasbourg,Samir El Mourabet,MAR,MF,19,2005,33,25,2128,23.6,1,2,3,1,0,0,4,0,0.04,0.08,0.13,0.04,0.13,23.6,1,12,1,8.3,0.51,0.04,0.08,1.0,0,0,64,69.5,25,76,10,8,27,0,1.58,41,28,13,0.55,0.74,0,23,26,3,18,27,37,,,0,,,,,,,,,,,,,,,
FRA-Ligue 1,2526,Strasbourg,Samuel Amo-Ameyaw,ENG,"MF,DF",19,2006,25,9,1047,11.6,2,2,4,2,0,0,2,0,0.17,0.17,0.34,0.17,0.34,11.6,2,17,5,29.4,1.46,0.43,0.12,0.4,0,0,42,34.2,9,77,5,16,22,5,1.4,13,18,-5,-0.43,-1.15,0,15,26,2,50,3,12,,,0,,,,,,,,,,,,,,,
FRA-Ligue 1,2526,Strasbourg,Sebastian Nanasi,SWE,MF,23,2002,19,11,1050,11.7,7,2,9,7,0,0,0,0,0.6,0.17,0.77,0.6,0.77,11.7,7,19,11,57.9,1.63,0.94,0.37,0.64,0,0,55,34.3,11,80,5,8,21,9,1.63,24,17,7,0.6,0.42,0,8,3,1,24,5,4,,,0,,,,,,,,,,,,,,,
FRA-Ligue 1,2526,Strasbourg,Tyrese Noubissié,FRA,MF,16,2009,4,0,58,0.6,0,0,0,0,0,0,1,0,0.0,0.0,0.0,0.0,0.0,0.6,0,0,0,,0.0,0.0,,,0,0,15,1.9,0,,0,4,15,3,1.75,3,0,3,4.66,4.42,0,2,1,0,1,2,0,,,0,,,,,,,,,,,,,,,
FRA-Ligue 1,2526,Strasbourg,Valentín Barco,ARG,MF,21,2004,27,24,2168,24.1,2,4,6,2,0,0,5,1,0.08,0.17,0.25,0.08,0.25,24.1,2,27,10,37.0,1.12,0.42,0.07,0.2,0,0,80,70.8,24,86,18,3,36,0,1.81,45,33,12,0.5,0.6,0,24,61,2,103,14,33,,,0,,,,,,,,,,,,,,,
FRA-Ligue 1,2526,Strasbourg,Yaya Diémé,SEN,FW,17,2007,3,2,154,1.7,0,0,0,0,0,0,2,0,0.0,0.0,0.0,0.0,0.0,1.7,0,2,1,50.0,1.17,0.58,0.0,0.0,0,0,51,5.0,2,73,0,1,9,1,1.33,2,2,0,0.0,-0.34,0,4,1,1,1,0,0,,,0,,,,,,,,,,,,,,,
FRA-Ligue 1,2526,Toulouse,Alexis Vossah,FRA,MF,17,2008,23,12,1092,12.1,1,1,2,1,0,0,5,1,0.08,0.08,0.16,0.08,0.16,12.1,1,9,2,22.2,0.74,0.16,0.11,0.5,0,0,47,36.8,12,73,2,11,20,7,1.39,22,15,7,0.58,0.86,0,18,10,0,6,7,7,,,0,,,,,,,,,,,,,,,
FRA-Ligue 1,2526,Toulouse,Aron Dønnum,NOR,MF,27,1998,28,28,2419,26.9,4,4,8,1,3,3,10,1,0.15,0.15,0.3,0.04,0.19,26.9,4,40,14,35.0,1.49,0.52,0.1,0.29,3,3,86,81.4,28,86,23,0,,0,1.29,41,37,4,0.15,0.64,1,42,38,0,140,29,29,,,0,,,,,,,,,,,,,,,
FRA-Ligue 1,2526,Toulouse,Charlie Cresswell,ENG,DF,22,2002,29,28,2533,28.1,3,2,5,3,0,0,8,0,0.11,0.07,0.18,0.11,0.18,28.1,3,38,12,31.6,1.35,0.43,0.08,0.25,0,0,87,85.3,28,89,27,1,32,0,1.31,41,35,6,0.21,1.24,0,31,15,4,2,30,14,,,0,,,,,,,,,,,,,,,
FRA-Ligue 1,2526,Toulouse,Cristian Cásseres Jr.,VEN,MF,25,2000,30,28,2495,27.7,2,3,5,2,0,1,6,0,0.07,0.11,0.18,0.07,0.18,27.7,2,26,6,23.1,0.94,0.22,0.08,0.33,0,1,83,84.0,28,87,22,2,32,0,1.26,35,38,-3,-0.11,-0.87,0,39,42,1,98,37,42,,,0,,,,,,,,,,,,,,,
FRA-Ligue 1,2526,Toulouse,Dayann Methalie,FRA,MF,19,2006,27,22,1871,20.8,2,1,3,2,0,0,9,0,0.1,0.05,0.14,0.1,0.14,20.8,2,15,7,46.7,0.72,0.34,0.13,0.29,0,0,69,63.0,22,79,6,5,27,0,1.14,21,29,-8,-0.38,-1.12,0,57,11,1,43,23,30,,,0,,,,,,,,,,,,,,,
FRA-Ligue 1,2526,Toulouse,Djibril Sidibé,FRA,"MF,DF",33,1992,32,25,2141,23.8,3,4,7,2,1,2,1,0,0.13,0.17,0.29,0.08,0.25,23.8,3,8,5,62.5,0.34,0.21,0.38,0.6,1,2,67,72.1,25,82,12,7,14,1,1.33,31,34,-3,-0.13,-0.56,0,29,14,5,57,18,32,,,0,,,,,,,,,,,,,,,
FRA-Ligue 1,2526,Toulouse,Emersonn,BRA,FW,21,2004,27,18,1499,16.7,6,2,8,6,0,0,5,1,0.36,0.12,0.48,0.36,0.48,16.7,6,51,19,37.3,3.06,1.14,0.12,0.32,0,0,56,50.5,18,69,3,9,29,0,1.18,20,18,2,0.12,0.18,0,40,10,5,8,7,8,,,0,,,,,,,,,,,,,,,
FRA-Ligue 1,2526,Toulouse,Francis Abu,GHA,MF,24,2001,8,7,526,5.8,0,0,0,0,0,0,2,0,0.0,0.0,0.0,0.0,0.0,5.8,0,6,0,0.0,1.03,0.0,0.0,,0,0,66,17.7,7,69,1,1,45,3,1.13,10,7,3,0.51,0.59,0,5,4,0,0,8,12,,,0,,,,,,,,,,,,,,,
FRA-Ligue 1,2526,Toulouse,Frank Magri,CMR,"FW,MF",25,1999,17,16,1253,13.9,5,1,6,5,0,1,3,0,0.36,0.07,0.43,0.36,0.43,13.9,5,33,12,36.4,2.37,0.86,0.15,0.42,0,1,74,42.2,16,77,3,1,28,0,1.53,18,17,1,0.07,0.07,0,28,22,3,15,3,3,,,0,,,,,,,,,,,,,,,
FRA-Ligue 1,2526,Toulouse,Guillaume Restes,FRA,GK,20,2005,33,33,2939,32.7,0,0,0,0,0,0,3,0,0.0,0.0,0.0,0.0,0.0,32.7,0,0,0,,0.0,0.0,,,0,0,89,99.0,33,89,32,0,,0,1.32,46,45,1,0.03,0.03,0,0,8,0,0,1,0,,,0,45,1.38,129,84,65.1,12,8,13,9,27.3,5,5,0,0,0.0
FRA-Ligue 1,2526,Toulouse,Ilyas Azizi,FRA,FW,17,2008,3,0,29,0.3,0,0,0,0,0,0,0,0,0.0,0.0,0.0,0.0,0.0,0.3,0,1,0,0.0,3.1,0.0,0.0,,0,0,10,1.0,0,,0,3,10,4,1.33,2,1,1,3.1,3.1,0,0,0,0,2,0,1,,,0,,,,,,,,,,,,,,,
FRA-Ligue 1,2526,Toulouse,Jacen Russell-Rowe,CAN,FW,22,2002,13,5,472,5.2,1,0,1,1,0,0,0,0,0.19,0.0,0.19,0.19,0.19,5.2,1,11,4,36.4,2.1,0.76,0.09,0.25,0,0,36,15.9,5,64,0,8,19,1,1.08,7,10,-3,-0.57,-0.72,0,9,1,1,3,1,3,,,0,,,,,,,,,,,,,,,
FRA-Ligue 1,2526,Toulouse,Jaydee Canvot,FRA,"MF,DF",19,2006,2,2,180,2.0,0,0,0,0,0,0,1,0,0.0,0.0,0.0,0.0,0.0,2.0,0,2,0,0.0,1.0,0.0,0.0,,0,0,90,6.1,2,90,2,0,,0,3.0,3,0,3,1.5,1.56,0,1,0,0,0,0,1,,,0,,,,,,,,,,,,,,,
FRA-Ligue 1,2526,Toulouse,Julián Vignolo,ARG,MF,18,2006,13,1,195,2.2,2,0,2,2,0,0,0,0,0.92,0.0,0.92,0.92,0.92,2.2,2,8,7,87.5,3.69,3.23,0.25,0.29,0,0,15,6.6,1,45,0,12,13,20,1.15,4,4,0,0.0,-0.03,0,3,1,0,10,0,3,,,0,,,,,,,,,,,,,,,
FRA-Ligue 1,2526,Toulouse,Kjetil Haug,NOR,GK,27,1998,1,0,31,0.3,0,0,0,0,0,0,0,0,0.0,0.0,0.0,0.0,0.0,0.3,0,0,0,,0.0,0.0,,,0,0,31,1.0,0,,0,1,31,32,3.0,1,1,0,0.0,-0.03,0,0,0,0,0,0,0,,,0,1,2.9,2,1,50.0,0,0,0,0,,0,0,0,0,
FRA-Ligue 1,2526,Toulouse,Mario Sauer,SVK,MF,21,2004,25,6,651,7.2,1,0,1,1,0,0,4,0,0.14,0.0,0.14,0.14,0.14,7.2,1,14,3,21.4,1.94,0.41,0.07,0.33,0,0,26,21.9,6,64,1,19,14,5,1.2,11,16,-5,-0.69,-0.92,0,12,3,0,7,10,6,,,0,,,,,,,,,,,,,,,
FRA-Ligue 1,2526,Toulouse,Mark McKenzie,USA,DF,26,1999,29,27,2404,26.7,0,2,2,0,0,0,7,1,0.0,0.07,0.07,0.0,0.07,26.7,0,6,1,16.7,0.22,0.04,0.0,0.0,0,0,83,80.9,27,88,24,2,19,0,1.33,37,38,-1,-0.04,-0.36,0,35,12,1,4,25,30,,,0,,,,,,,,,,,,,,,
FRA-Ligue 1,2526,Toulouse,Mathis Saka,FRA,FW,18,2006,1,0,8,0.1,0,0,0,0,0,0,0,0,0.0,0.0,0.0,0.0,0.0,0.1,0,0,0,,0.0,0.0,,,0,0,8,0.3,0,,0,1,8,2,3.0,0,0,0,0.0,-0.03,0,1,0,0,0,0,0,,,0,,,,,,,,,,,,,,,
FRA-Ligue 1,2526,Toulouse,Noah Edjouma,FRA,FW,19,2005,12,2,256,2.8,0,0,0,0,0,0,0,0,0.0,0.0,0.0,0.0,0.0,2.8,0,8,3,37.5,2.81,1.05,0.0,0.0,0,0,21,8.6,2,61,0,10,13,8,1.42,4,2,2,0.7,0.74,0,4,4,0,12,3,3,,,0,,,,,,,,,,,,,,,
FRA-Ligue 1,2526,Toulouse,Pape Demba Diop,SEN,MF,21,2003,15,13,1181,13.1,1,2,3,1,0,0,2,0,0.08,0.15,0.23,0.08,0.23,13.1,1,29,11,37.9,2.21,0.84,0.03,0.09,0,0,79,39.8,13,85,6,2,38,0,1.19,17,21,-4,-0.3,-0.56,0,15,17,0,14,29,20,,,0,,,,,,,,,,,,,,,
FRA-Ligue 1,2526,Toulouse,Rafik Messali,FRA,MF,22,2003,12,5,502,5.6,0,0,0,0,0,0,2,0,0.0,0.0,0.0,0.0,0.0,5.6,0,0,0,,0.0,0.0,,,0,0,42,16.9,5,70,2,7,22,1,1.25,8,2,6,1.08,1.26,0,11,9,0,9,12,6,,,0,,,,,,,,,,,,,,,
FRA-Ligue 1,2526,Toulouse,Rasmus Nicolaisen,DEN,DF,28,1997,32,30,2564,28.5,1,0,1,1,0,0,4,0,0.04,0.0,0.04,0.04,0.04,28.5,1,15,5,33.3,0.53,0.18,0.07,0.2,0,0,80,86.3,30,84,24,2,15,0,1.36,43,41,2,0.07,0.29,0,28,21,1,2,40,16,,,0,,,,,,,,,,,,,,,
FRA-Ligue 1,2526,Toulouse,Santiago Hidalgo,ARG,"MF,FW",20,2005,28,14,1306,14.5,4,6,10,4,0,0,4,0,0.28,0.41,0.69,0.28,0.69,14.5,4,33,13,39.4,2.27,0.9,0.12,0.31,0,0,47,44.0,14,74,3,14,20,4,1.45,28,15,13,0.9,1.54,0,41,30,8,12,8,20,,,0,,,,,,,,,,,,,,,
FRA-Ligue 1,2526,Toulouse,Seny Koumbassa,FRA,DF,18,2007,9,4,444,4.9,1,0,1,1,0,0,0,0,0.2,0.0,0.2,0.2,0.2,4.9,1,3,1,33.3,0.61,0.2,0.33,1.0,0,0,49,14.9,4,90,4,5,17,23,1.3,7,12,-5,-1.01,-1.23,0,1,0,0,0,4,6,,,0,,,,,,,,,,,,,,,
FRA-Ligue 1,2526,Toulouse,Warren Kamanzi,NOR,MF,24,2000,24,7,870,9.7,1,1,2,1,0,0,1,0,0.1,0.1,0.21,0.1,0.21,9.7,1,12,2,16.7,1.24,0.21,0.08,0.5,0,0,36,29.3,7,74,2,17,21,10,1.33,19,20,-1,-0.1,-0.19,0,8,8,1,12,7,11,,,0,,,,,,,,,,,,,,,
FRA-Ligue 1,2526,Toulouse,Yann Gboho,FRA,"MF,FW",24,2001,31,30,2601,28.9,8,3,11,8,0,0,1,1,0.28,0.1,0.38,0.28,0.38,28.9,8,57,16,28.1,1.97,0.55,0.14,0.5,0,0,84,87.6,30,85,21,1,45,0,1.34,41,37,4,0.14,0.87,0,16,69,5,33,13,19,,,0,,,,,,,,,,,,,,,
ITA-Serie A,2526,Atalanta,Ademola Lookman,NGA,"FW,MF",27,1997,12,9,795,8.8,2,0,2,2,0,0,0,0,0.23,0.0,0.23,0.23,0.23,8.8,2,27,8,29.6,3.06,0.91,0.07,0.25,0,0,66,23.2,9,83,4,3,16,1,1.33,10,13,-3,-0.34,-0.96,0,10,8,4,21,3,3,,,0,,,,,,,,,,,,,,,
ITA-Serie A,2526,Atalanta,Berat Djimsiti,ALB,DF,32,1993,34,29,2525,28.1,0,0,0,0,0,0,4,0,0.0,0.0,0.0,0.0,0.0,28.1,0,16,2,12.5,0.57,0.07,0.0,0.0,0,0,74,73.8,29,83,23,5,23,1,1.44,32,25,7,0.25,-0.55,0,17,8,0,2,42,30,,,0,,,,,,,,,,,,,,,
ITA-Serie A,2526,Atalanta,Charles De Ketelaere,BEL,"MF,FW",24,2001,31,26,2177,24.2,3,5,8,3,0,0,4,0,0.12,0.21,0.33,0.12,0.33,24.2,3,46,16,34.8,1.9,0.66,0.07,0.19,0,0,70,63.7,26,79,10,5,27,0,1.45,33,20,13,0.54,0.39,0,23,36,3,46,5,15,,,0,,,,,,,,,,,,,,,
ITA-Serie A,2526,Atalanta,Daniel Maldini,ITA,MF,23,2001,9,3,264,2.9,0,0,0,0,0,0,1,0,0.0,0.0,0.0,0.0,0.0,2.9,0,8,2,25.0,2.73,0.68,0.0,0.0,0,0,29,7.7,3,63,0,6,13,12,1.78,1,2,-1,-0.34,-0.8,0,4,7,0,10,0,2,,,0,,,,,,,,,,,,,,,
ITA-Serie A,2526,Atalanta,Davide Zappacosta,ITA,MF,33,1992,35,30,2569,28.5,3,3,6,3,0,0,3,0,0.11,0.11,0.21,0.11,0.21,28.5,3,37,9,24.3,1.3,0.32,0.08,0.33,0,0,73,75.1,30,79,15,5,37,3,1.54,41,24,17,0.6,0.81,0,18,8,7,107,18,14,,,0,,,,,,,,,,,,,,,
ITA-Serie A,2526,Atalanta,Dominic Vavassori,ITA,FW,19,2005,1,0,10,0.1,0,0,0,0,0,0,0,0,0.0,0.0,0.0,0.0,0.0,0.1,0,0,0,,0.0,0.0,,,0,0,10,0.3,0,,0,1,10,5,1.0,1,0,1,9.0,8.63,0,1,1,0,0,0,0,,,0,,,,,,,,,,,,,,,
ITA-Serie A,2526,Atalanta,Giacomo Raspadori,ITA,"MF,FW",25,2000,13,7,796,8.8,3,1,4,3,0,0,0,0,0.34,0.11,0.45,0.34,0.45,8.8,3,28,11,39.3,3.17,1.24,0.11,0.27,0,0,61,23.3,7,84,5,6,34,1,1.69,16,8,8,0.9,0.66,0,7,6,1,44,1,3,,,0,,,,,,,,,,,,,,,
ITA-Serie A,2526,Atalanta,Gianluca Scamacca,ITA,FW,26,1999,24,16,1315,14.6,10,1,11,8,2,2,2,0,0.68,0.07,0.75,0.55,0.62,14.6,10,57,22,38.6,3.9,1.51,0.18,0.45,2,2,55,38.5,16,67,5,8,30,7,1.25,20,14,6,0.41,0.03,0,26,19,8,0,3,5,,,0,,,,,,,,,,,,,,,
ITA-Serie A,2526,Atalanta,Giorgio Scalvini,ITA,DF,21,2003,24,23,1808,20.1,3,1,4,3,0,0,2,0,0.15,0.05,0.2,0.15,0.2,20.1,3,20,6,30.0,1.0,0.3,0.15,0.5,0,0,75,52.9,23,78,12,1,24,5,1.75,29,15,14,0.7,0.64,0,31,10,2,5,38,23,,,0,,,,,,,,,,,,,,,
ITA-Serie A,2526,Atalanta,Honest Ahanor,ITA,DF,17,2008,22,15,1377,15.3,0,0,0,0,0,0,2,1,0.0,0.0,0.0,0.0,0.0,15.3,0,13,4,30.8,0.85,0.26,0.0,0.0,0,0,63,40.3,15,74,10,7,38,14,1.64,17,15,2,0.13,-0.44,0,24,28,0,2,24,20,,,0,,,,,,,,,,,,,,,
ITA-Serie A,2526,Atalanta,Isak Hien,SWE,DF,26,1999,28,20,1970,21.9,1,0,1,1,0,0,5,0,0.05,0.0,0.05,0.05,0.05,21.9,1,9,3,33.3,0.41,0.14,0.11,0.33,0,0,70,57.6,20,87,18,8,30,4,1.57,28,24,4,0.18,-0.5,0,36,21,0,0,29,34,,,1,,,,,,,,,,,,,,,
ITA-Serie A,2526,Atalanta,Kamaldeen Sulemana,GHA,MF,23,2002,25,9,1011,11.2,2,1,3,2,0,0,4,0,0.18,0.09,0.27,0.18,0.27,11.2,2,25,10,40.0,2.23,0.89,0.08,0.2,0,0,40,29.6,9,70,1,16,24,9,1.52,17,12,5,0.45,0.07,0,14,14,5,22,2,5,,,0,,,,,,,,,,,,,,,
ITA-Serie A,2526,Atalanta,Lazar Samardzic,SRB,MF,23,2002,26,11,1030,11.4,2,1,3,2,0,0,1,0,0.17,0.09,0.26,0.17,0.26,11.4,2,25,9,36.0,2.18,0.79,0.08,0.22,0,0,40,30.1,11,69,3,15,18,12,1.5,16,14,2,0.17,-0.31,0,17,10,1,68,10,8,,,0,,,,,,,,,,,,,,,
ITA-Serie A,2526,Atalanta,Lorenzo Bernasconi,ITA,MF,21,2003,23,17,1572,17.5,0,3,3,0,0,0,3,0,0.0,0.17,0.17,0.0,0.17,17.5,0,9,1,11.1,0.52,0.06,0.0,0.0,0,0,68,46.0,17,83,13,6,26,10,1.91,22,9,13,0.74,0.65,0,8,5,3,113,14,16,,,0,,,,,,,,,,,,,,,
ITA-Serie A,2526,Atalanta,Marco Brescianini,ITA,MF,25,2000,9,0,182,2.0,1,0,1,1,0,0,1,0,0.49,0.0,0.49,0.49,0.49,2.0,1,3,2,66.7,1.48,0.99,0.33,0.5,0,0,20,5.3,0,,0,9,20,10,1.56,5,1,4,1.98,1.67,0,4,2,0,6,2,8,,,0,,,,,,,,,,,,,,,
ITA-Serie A,2526,Atalanta,Marco Carnesecchi,ITA,GK,25,2000,37,37,3330,37.0,0,0,0,0,0,0,0,0,0.0,0.0,0.0,0.0,0.0,37.0,0,0,0,,0.0,0.0,,,0,0,90,97.4,37,90,37,0,,1,1.57,50,35,15,0.41,0.41,0,1,6,0,1,0,0,,,0,35,0.95,148,112,76.4,15,13,9,13,35.1,4,2,2,0,50.0
ITA-Serie A,2526,Atalanta,Marco Sportiello,ITA,GK,33,1992,1,1,90,1.0,0,0,0,0,0,0,0,0,0.0,0.0,0.0,0.0,0.0,1.0,0,0,0,,0.0,0.0,,,0,0,90,2.6,1,90,1,0,,37,1.0,1,1,0,0.0,-0.41,0,0,0,0,0,0,0,,,0,1,1.0,4,3,75.0,0,1,0,0,0.0,0,0,0,0,
ITA-Serie A,2526,Atalanta,Mario Pašalić,CRO,MF,30,1995,33,21,1936,21.5,3,4,7,3,0,0,3,0,0.14,0.19,0.33,0.14,0.33,21.5,3,24,6,25.0,1.12,0.28,0.13,0.5,0,0,59,56.6,21,80,13,12,21,4,1.39,26,28,-2,-0.09,-1.12,0,22,6,1,11,13,18,,,0,,,,,,,,,,,,,,,
ITA-Serie A,2526,Atalanta,Marten de Roon,NED,MF,34,1991,34,32,2691,29.9,1,2,3,1,0,0,8,1,0.03,0.07,0.1,0.03,0.1,29.9,1,16,4,25.0,0.54,0.13,0.06,0.25,0,0,79,78.7,32,82,18,2,35,1,1.62,42,27,15,0.5,0.5,1,37,11,0,13,26,44,,,0,,,,,,,,,,,,,,,
ITA-Serie A,2526,Atalanta,Mitchel Bakker,NED,"DF,MF",25,2000,1,0,9,0.1,0,0,0,0,0,0,0,0,0.0,0.0,0.0,0.0,0.0,0.1,0,0,0,,0.0,0.0,,,0,0,9,0.3,0,,0,1,9,14,0.0,0,0,0,0.0,-0.4,0,0,0,0,0,0,0,,,0,,,,,,,,,,,,,,,
ITA-Serie A,2526,Atalanta,Nicola Zalewski,POL,MF,23,2002,33,24,1897,21.1,2,4,6,2,0,0,3,0,0.09,0.19,0.28,0.09,0.28,21.1,2,38,7,18.4,1.8,0.33,0.05,0.29,0,0,57,55.5,24,69,5,9,28,3,1.64,29,13,16,0.76,0.82,0,21,51,3,124,16,20,,,0,,,,,,,,,,,,,,,
ITA-Serie A,2526,Atalanta,Nikola Krstović,MNE,FW,25,2000,33,18,1791,19.9,10,5,15,10,0,0,4,0,0.5,0.25,0.75,0.5,0.75,19.9,10,99,34,34.3,4.97,1.71,0.1,0.29,0,0,54,52.4,18,77,8,15,27,5,1.64,32,16,16,0.8,0.86,0,45,27,27,5,3,12,,,0,,,,,,,,,,,,,,,
ITA-Serie A,2526,Atalanta,Odilon Kossounou,CIV,DF,24,2001,19,10,988,11.0,1,0,1,1,0,0,1,0,0.09,0.0,0.09,0.09,0.09,11.0,1,5,1,20.0,0.46,0.09,0.2,1.0,0,0,52,28.9,10,76,5,9,26,10,1.58,16,11,5,0.46,0.09,0,16,3,1,2,10,14,,,0,,,,,,,,,,,,,,,
ITA-Serie A,2526,Atalanta,Raoul Bellanova,ITA,MF,25,2000,24,15,1377,15.3,0,1,1,0,0,0,2,0,0.0,0.07,0.07,0.0,0.07,15.3,0,13,5,38.5,0.85,0.33,0.0,0.0,0,0,57,40.3,15,75,9,9,29,4,1.38,19,26,-7,-0.46,-1.43,0,5,12,2,84,10,9,,,0,,,,,,,,,,,,,,,
ITA-Serie A,2526,Atalanta,Sead Kolašinac,BIH,DF,32,1993,19,15,1212,13.5,0,0,0,0,0,0,3,0,0.0,0.0,0.0,0.0,0.0,13.5,0,3,0,0.0,0.22,0.0,0.0,,0,0,64,35.4,15,73,4,4,30,8,1.74,23,16,7,0.52,0.19,0,22,10,1,3,11,18,,,0,,,,,,,,,,,,,,,
ITA-Serie A,2526,Atalanta,Yunus Musah,USA,MF,22,2002,19,4,574,6.4,1,0,1,1,0,0,1,0,0.16,0.0,0.16,0.16,0.16,6.4,1,7,2,28.6,1.1,0.31,0.14,0.5,0,0,30,16.8,4,70,2,15,20,17,1.79,5,9,-4,-0.63,-1.23,0,7,16,2,10,5,5,,,0,,,,,,,,,,,,,,,
ITA-Serie A,2526,Atalanta,Éderson Silva,BRA,MF,26,1999,30,26,2230,24.8,2,1,3,1,1,1,3,0,0.08,0.04,0.12,0.04,0.08,24.8,2,35,11,31.4,1.41,0.44,0.06,0.18,1,1,74,65.2,26,81,16,4,28,3,1.53,30,18,12,0.48,0.26,0,34,40,2,12,28,35,,,0,,,,,,,,,,,,,,,
ITA-Serie A,2526,Bologna,Babis Lykogiannis,GRE,DF,31,1993,10,7,627,7.0,0,1,1,0,0,0,3,0,0.0,0.14,0.14,0.0,0.14,7.0,0,7,2,28.6,1.0,0.29,0.0,0.0,0,0,63,18.3,7,81,4,3,19,23,0.7,5,8,-3,-0.43,-0.62,0,8,1,0,45,6,10,,,0,,,,,,,,,,,,,,,
ITA-Serie A,2526,Bologna,Benjamín Domínguez,ARG,MF,21,2003,15,6,547,6.1,0,3,3,0,0,0,1,0,0.0,0.49,0.49,0.0,0.49,6.1,0,12,2,16.7,1.97,0.33,0.0,0.0,0,0,36,16.0,6,67,1,9,16,19,1.6,9,6,3,0.49,0.49,0,6,18,3,7,2,2,,,0,,,,,,,,,,,,,,,
ITA-Serie A,2526,Bologna,Ciro Immobile,ITA,FW,35,1990,6,2,193,2.1,0,0,0,0,0,0,1,0,0.0,0.0,0.0,0.0,0.0,2.1,0,2,0,0.0,0.93,0.0,0.0,,0,0,32,5.6,2,51,0,4,23,4,0.83,2,3,-1,-0.47,-0.58,0,8,3,5,3,0,0,,,0,,,,,,,,,,,,,,,
ITA-Serie A,2526,Bologna,Eivind Helland,NOR,DF,20,2005,6,6,484,5.4,0,0,0,0,0,0,2,0,0.0,0.0,0.0,0.0,0.0,5.4,0,1,0,0.0,0.19,0.0,0.0,,0,0,81,14.2,6,81,2,0,,10,1.33,6,8,-2,-0.37,-0.53,0,5,1,0,0,7,5,,,0,,,,,,,,,,,,,,,
ITA-Serie A,2526,Bologna,Emil Holm,SWE,DF,25,2000,11,8,655,7.3,1,4,5,1,0,0,3,1,0.14,0.55,0.69,0.14,0.69,7.3,1,8,1,12.5,1.1,0.14,0.13,1.0,0,0,60,19.2,8,78,2,3,11,5,1.36,14,9,5,0.69,0.75,1,11,14,0,23,7,13,,,0,,,,,,,,,,,,,,,
ITA-Serie A,2526,Bologna,Federico Bernardeschi,ITA,"MF,FW",31,1994,29,12,1217,13.5,4,2,6,3,1,1,3,0,0.3,0.15,0.44,0.22,0.37,13.5,4,39,13,33.3,2.88,0.96,0.1,0.31,1,1,42,35.6,12,72,0,17,21,2,1.66,17,10,7,0.52,0.68,0,13,11,2,48,6,6,,,0,,,,,,,,,,,,,,,
ITA-Serie A,2526,Bologna,Federico Ravaglia,ITA,GK,25,1999,17,16,1470,16.3,0,0,0,0,0,0,4,0,0.0,0.0,0.0,0.0,0.0,16.3,0,0,0,,0.0,0.0,,,0,0,86,43.0,16,90,16,1,30,20,0.88,16,29,-13,-0.8,-1.53,0,2,3,0,0,0,1,,,0,29,1.78,81,52,64.2,4,3,9,2,12.5,2,2,0,0,0.0
ITA-Serie A,2526,Bologna,Giovanni Fabbian,ITA,MF,22,2003,14,8,705,7.8,2,0,2,2,0,0,0,0,0.26,0.0,0.26,0.26,0.26,7.8,2,14,4,28.6,1.79,0.51,0.14,0.5,0,0,50,20.6,8,72,1,6,21,7,1.43,10,7,3,0.38,0.38,0,13,18,2,2,5,4,,,0,,,,,,,,,,,,,,,
ITA-Serie A,2526,Bologna,Ibrahim Sulemana,GHA,MF,22,2003,3,0,45,0.5,0,0,0,0,0,0,1,0,0.0,0.0,0.0,0.0,0.0,0.5,0,0,0,,0.0,0.0,,,0,0,15,1.3,0,,0,3,15,12,1.33,1,1,0,0.0,-0.08,0,1,0,0,0,0,0,,,0,,,,,,,,,,,,,,,
ITA-Serie A,2526,Bologna,Jens Odgaard,DEN,MF,26,1999,26,16,1378,15.3,5,1,6,5,0,0,1,0,0.33,0.07,0.39,0.33,0.39,15.3,5,35,13,37.1,2.29,0.85,0.14,0.38,0,0,53,40.3,16,74,4,10,19,9,1.5,22,21,1,0.07,-0.02,0,28,28,5,15,4,12,,,0,,,,,,,,,,,,,,,
ITA-Serie A,2526,Bologna,Jhon Lucumí,COL,DF,27,1998,29,26,2287,25.4,1,0,1,1,0,0,5,0,0.04,0.0,0.04,0.04,0.04,25.4,1,8,2,25.0,0.31,0.08,0.13,0.5,0,0,79,66.9,26,85,23,3,22,4,1.48,33,28,5,0.2,0.36,0,23,19,1,1,30,22,,,0,,,,,,,,,,,,,,,
ITA-Serie A,2526,Bologna,Jonathan Rowe,ENG,"MF,FW",22,2003,28,17,1605,17.8,3,2,5,3,0,0,2,0,0.17,0.11,0.28,0.17,0.28,17.8,3,48,17,35.4,2.69,0.95,0.06,0.18,0,0,57,46.9,17,76,3,11,29,8,1.32,21,20,1,0.06,-0.04,0,23,50,4,53,9,14,,,0,,,,,,,,,,,,,,,
ITA-Serie A,2526,Bologna,João Mário Lopes,POR,"DF,MF",25,2000,10,10,735,8.2,1,0,1,1,0,0,1,0,0.12,0.0,0.12,0.12,0.12,8.2,1,4,2,50.0,0.49,0.24,0.25,0.5,0,0,74,21.5,10,74,3,0,,5,2.1,10,7,3,0.37,0.37,0,5,21,0,15,10,4,,,0,,,,,,,,,,,,,,,
ITA-Serie A,2526,Bologna,Juan Miranda,ESP,DF,25,2000,32,29,2573,28.6,1,3,4,1,0,0,6,0,0.03,0.1,0.14,0.03,0.14,28.6,1,13,5,38.5,0.45,0.17,0.08,0.2,0,0,80,75.2,29,87,25,3,20,2,1.63,42,36,6,0.21,0.53,0,25,35,3,171,33,31,,,0,,,,,,,,,,,,,,,
ITA-Serie A,2526,Bologna,Lewis Ferguson,SCO,MF,25,1999,27,17,1601,17.8,1,0,1,1,0,0,7,1,0.06,0.0,0.06,0.06,0.06,17.8,1,13,2,15.4,0.73,0.11,0.08,0.5,0,0,59,46.8,17,85,13,10,16,9,1.15,21,28,-7,-0.39,-0.89,1,34,26,3,25,12,16,,,0,,,,,,,,,,,,,,,
ITA-Serie A,2526,Bologna,Lorenzo De Silvestri,ITA,DF,37,1988,12,6,491,5.5,0,0,0,0,0,0,2,0,0.0,0.0,0.0,0.0,0.0,5.5,0,0,0,,0.0,0.0,,,0,0,41,14.4,6,61,0,6,21,23,1.58,8,4,4,0.73,0.76,0,9,3,0,7,7,1,,,0,,,,,,,,,,,,,,,
ITA-Serie A,2526,Bologna,Martin Vitík,CZE,DF,22,2003,19,14,1325,14.7,0,0,0,0,0,0,3,0,0.0,0.0,0.0,0.0,0.0,14.7,0,8,2,25.0,0.54,0.14,0.0,0.0,0,0,70,38.7,14,81,11,5,37,13,1.58,17,18,-1,-0.07,-0.24,0,23,4,0,2,8,22,,,0,,,,,,,,,,,,,,,
ITA-Serie A,2526,Bologna,Massimo Pessina,ITA,GK,17,2007,4,3,353,3.9,0,0,0,0,0,0,0,0,0.0,0.0,0.0,0.0,0.0,3.9,0,0,0,,0.0,0.0,,,0,0,88,10.3,3,90,3,1,83,33,2.5,7,2,5,1.27,1.33,0,0,1,0,0,0,0,,,0,2,0.51,9,7,77.8,2,1,0,3,100.0,0,0,0,0,
ITA-Serie A,2526,Bologna,Nadir Zortea,ITA,DF,26,1999,32,16,1819,20.2,0,2,2,0,0,0,2,0,0.0,0.1,0.1,0.0,0.1,20.2,0,11,1,9.1,0.54,0.05,0.0,0.0,0,0,57,53.2,16,87,11,16,27,6,1.31,20,27,-7,-0.35,-0.91,0,28,17,1,67,20,17,,,0,,,,,,,,,,,,,,,
ITA-Serie A,2526,Bologna,Nicolò Cambiaghi,ITA,"MF,FW",24,2000,28,17,1518,16.9,3,4,7,3,0,0,3,1,0.18,0.24,0.42,0.18,0.42,16.9,3,24,6,25.0,1.42,0.36,0.13,0.5,0,0,54,44.4,17,74,5,11,24,3,1.36,20,19,1,0.06,-0.04,0,32,71,5,63,9,20,,,0,,,,,,,,,,,,,,,
ITA-Serie A,2526,Bologna,Nicolò Casale,ITA,DF,27,1998,12,8,678,7.5,0,0,0,0,0,0,0,0,0.0,0.0,0.0,0.0,0.0,7.5,0,5,0,0.0,0.66,0.0,0.0,,0,0,57,19.8,8,72,5,4,25,15,1.25,10,13,-3,-0.4,-0.6,0,15,5,0,2,7,2,,,0,,,,,,,,,,,,,,,
ITA-Serie A,2526,Bologna,Nikola Moro,CRO,MF,27,1998,30,19,1799,20.0,2,0,2,2,0,0,1,0,0.1,0.0,0.1,0.1,0.1,20.0,2,21,2,9.5,1.05,0.1,0.1,1.0,0,0,60,52.6,19,80,10,11,26,8,1.7,27,17,10,0.5,0.89,0,18,17,1,49,19,8,,,0,,,,,,,,,,,,,,,
ITA-Serie A,2526,Bologna,Remo Freuler,SUI,MF,33,1992,29,26,2213,24.6,1,2,3,1,0,0,5,0,0.04,0.08,0.12,0.04,0.12,24.6,1,8,1,12.5,0.33,0.04,0.13,1.0,0,0,76,64.7,26,83,18,3,21,3,1.62,33,29,4,0.16,0.24,0,19,24,1,18,22,31,,,1,,,,,,,,,,,,,,,
ITA-Serie A,2526,Bologna,Riccardo Orsolini,ITA,"MF,FW",28,1997,35,26,2111,23.5,10,1,11,6,4,6,2,0,0.43,0.04,0.47,0.26,0.3,23.5,10,82,31,37.8,3.5,1.32,0.12,0.32,4,6,60,61.7,26,74,8,9,22,2,1.54,32,31,1,0.04,-0.09,0,21,44,18,41,7,15,,,0,,,,,,,,,,,,,,,
ITA-Serie A,2526,Bologna,Santiago Castro,ARG,FW,20,2004,35,26,2359,26.2,7,2,9,7,0,0,3,0,0.27,0.08,0.34,0.27,0.34,26.2,7,63,20,31.7,2.4,0.76,0.11,0.35,0,0,67,69.0,26,80,11,9,31,3,1.43,34,34,0,0.0,-0.25,0,35,50,12,4,1,8,,,0,,,,,,,,,,,,,,,
ITA-Serie A,2526,Bologna,Simon Sohm,SUI,MF,24,2001,12,9,717,8.0,0,0,0,0,0,0,1,0,0.0,0.0,0.0,0.0,0.0,8.0,0,4,1,25.0,0.5,0.13,0.0,0.0,0,0,60,21.0,9,74,2,3,18,5,1.83,8,7,1,0.13,0.06,0,9,3,3,2,3,5,,,0,,,,,,,,,,,,,,,
ITA-Serie A,2526,Bologna,Thijs Dallinga,NED,FW,24,2000,23,9,811,9.0,2,2,4,2,0,0,2,0,0.22,0.22,0.44,0.22,0.44,9.0,2,24,5,20.8,2.66,0.55,0.08,0.4,0,0,35,23.7,9,65,1,14,16,10,1.43,14,10,4,0.44,0.48,0,20,9,4,5,1,4,,,0,,,,,,,,,,,,,,,
ITA-Serie A,2526,Bologna,Tommaso Pobega,ITA,MF,26,1999,26,17,1434,15.9,3,1,4,3,0,0,2,1,0.19,0.06,0.25,0.19,0.25,15.9,3,25,10,40.0,1.57,0.63,0.12,0.3,0,0,55,41.9,17,75,7,9,18,8,1.69,23,21,2,0.13,0.08,0,34,12,0,2,19,19,,,0,,,,,,,,,,,,,,,
ITA-Serie A,2526,Bologna,Torbjørn Heggem,NOR,DF,26,1999,27,23,2113,23.5,0,0,0,0,0,0,0,1,0.0,0.0,0.0,0.0,0.0,23.5,0,11,2,18.2,0.47,0.09,0.0,0.0,0,0,78,61.8,23,88,20,4,22,6,1.3,31,31,0,0.0,-0.21,0,31,12,0,1,25,19,,,0,,,,,,,,,,,,,,,
ITA-Serie A,2526,Bologna,Łukasz Skorupski,POL,GK,34,1991,19,19,1592,17.7,0,0,0,0,0,0,1,1,0.0,0.0,0.0,0.0,0.0,17.7,0,0,0,,0.0,0.0,,,0,0,84,46.5,19,84,17,0,,4,1.79,26,15,11,0.62,1.02,0,1,8,0,0,0,0,,,0,18,1.02,51,33,64.7,10,4,5,8,42.1,2,2,0,0,0.0
ITA-Serie A,2526,Cagliari,Adam Obert,SVK,"DF,MF",22,2002,35,33,2771,30.8,0,3,3,0,0,0,10,1,0.0,0.1,0.1,0.0,0.1,30.8,0,10,3,30.0,0.32,0.1,0.0,0.0,0,0,79,81.0,33,83,19,2,21,1,1.2,28,40,-12,-0.39,-0.25,1,40,13,0,69,44,32,,,0,,,,,,,,,,,,,,,
ITA-Serie A,2526,Cagliari,Agustín Albarracín,URU,FW,19,2005,2,0,33,0.4,0,0,0,0,0,0,0,0,0.0,0.0,0.0,0.0,0.0,0.4,0,0,0,,0.0,0.0,,,0,0,17,1.0,0,,0,2,17,14,0.0,0,1,-1,-2.73,-2.41,0,0,3,0,2,0,0,,,0,,,,,,,,,,,,,,,
ITA-Serie A,2526,Cagliari,Alberto Dossena,ITA,DF,26,1998,12,9,859,9.5,0,1,1,0,0,0,5,0,0.0,0.1,0.1,0.0,0.1,9.5,0,7,2,28.6,0.73,0.21,0.0,0.0,0,0,72,25.1,9,90,9,3,16,4,1.25,5,12,-7,-0.73,-0.52,0,11,8,2,0,9,13,,,0,,,,,,,,,,,,,,,
ITA-Serie A,2526,Cagliari,Alessandro Deiola,ITA,"MF,DF",29,1995,20,17,1430,15.9,0,2,2,0,0,0,3,0,0.0,0.13,0.13,0.0,0.13,15.9,0,22,7,31.8,1.38,0.44,0.0,0.0,0,0,72,41.8,17,79,9,3,30,5,1.45,23,21,2,0.13,0.8,0,22,11,7,2,13,20,,,0,,,,,,,,,,,,,,,
ITA-Serie A,2526,Cagliari,Alessandro Di Pardo,ITA,"DF,MF",26,1999,3,0,54,0.6,0,0,0,0,0,0,0,0,0.0,0.0,0.0,0.0,0.0,0.6,0,1,0,0.0,1.67,0.0,0.0,,0,0,18,1.6,0,,0,3,18,16,1.33,0,2,-2,-3.33,-3.04,0,0,1,0,0,0,1,,,0,,,,,,,,,,,,,,,
ITA-Serie A,2526,Cagliari,Andrea Belotti,ITA,FW,31,1993,8,3,221,2.5,2,0,2,1,1,1,0,0,0.81,0.0,0.81,0.41,0.41,2.5,2,6,4,66.7,2.44,1.63,0.33,0.5,1,1,28,6.5,3,63,0,5,7,3,1.88,3,4,-1,-0.41,-0.07,0,3,10,4,1,4,1,,,0,,,,,,,,,,,,,,,
ITA-Serie A,2526,Cagliari,Elia Caprile,ITA,GK,23,2001,38,38,3420,38.0,0,0,0,0,0,0,2,0,0.0,0.0,0.0,0.0,0.0,38.0,0,0,0,,0.0,0.0,,,0,0,90,100.0,38,90,38,0,,0,1.13,40,53,-13,-0.34,,0,0,8,0,0,0,0,,,0,53,1.39,175,121,69.7,11,10,17,8,21.1,2,2,0,0,0.0
ITA-Serie A,2526,Cagliari,Gabriele Zappa,ITA,"DF,MF",25,1999,31,18,1597,17.7,0,3,3,0,0,0,2,0,0.0,0.17,0.17,0.0,0.17,17.7,0,11,2,18.2,0.62,0.11,0.0,0.0,0,0,52,46.7,18,77,10,13,16,4,1.03,19,27,-8,-0.45,-0.2,0,13,5,0,37,18,17,,,0,,,,,,,,,,,,,,,
ITA-Serie A,2526,Cagliari,Gennaro Borrelli,ITA,FW,25,2000,27,13,1275,14.2,5,1,6,5,0,0,4,0,0.35,0.07,0.42,0.35,0.42,14.2,5,30,12,40.0,2.12,0.85,0.17,0.42,0,0,47,37.3,13,73,3,14,23,2,1.26,17,25,-8,-0.56,-0.35,0,43,49,5,2,3,6,,,0,,,,,,,,,,,,,,,
ITA-Serie A,2526,Cagliari,Gianluca Gaetano,ITA,"MF,FW",25,2000,33,21,1912,21.2,2,4,6,2,0,0,4,0,0.09,0.19,0.28,0.09,0.28,21.2,2,34,11,32.4,1.6,0.52,0.06,0.18,0,0,58,55.9,21,77,10,12,24,0,1.21,27,30,-3,-0.14,0.46,0,26,29,0,38,23,15,,,0,,,,,,,,,,,,,,,
ITA-Serie A,2526,Cagliari,Ibrahim Sulemana,GHA,MF,22,2003,16,7,860,9.6,1,0,1,1,0,0,2,0,0.1,0.0,0.1,0.1,0.1,9.6,1,11,2,18.2,1.15,0.21,0.09,0.5,0,0,54,25.1,7,87,5,9,28,1,1.13,5,15,-10,-1.05,-0.94,0,12,10,0,2,6,13,,,0,,,,,,,,,,,,,,,
ITA-Serie A,2526,Cagliari,Joseph Liteta,ZAM,MF,19,2006,4,4,264,2.9,0,0,0,0,0,0,0,0,0.0,0.0,0.0,0.0,0.0,2.9,0,0,0,,0.0,0.0,,,0,0,66,7.7,4,66,1,0,,21,0.5,3,6,-3,-1.02,-0.74,0,4,0,0,0,8,2,,,0,,,,,,,,,,,,,,,
ITA-Serie A,2526,Cagliari,Juan Rodríguez,URU,DF,20,2005,17,16,1310,14.6,1,0,1,1,0,0,3,0,0.07,0.0,0.07,0.07,0.07,14.6,1,3,2,66.7,0.21,0.14,0.33,0.5,0,0,77,38.3,16,81,9,1,9,16,1.06,14,23,-9,-0.62,-0.45,0,15,8,0,5,17,27,,,0,,,,,,,,,,,,,,,
ITA-Serie A,2526,Cagliari,Leonardo Pavoletti,ITA,FW,36,1988,13,1,227,2.5,1,1,2,1,0,0,1,0,0.4,0.4,0.79,0.4,0.79,2.5,1,6,1,16.7,2.38,0.4,0.17,1.0,0,0,17,6.6,1,56,0,12,14,14,0.54,4,4,0,0.0,0.37,0,10,0,2,0,1,2,,,0,,,,,,,,,,,,,,,
ITA-Serie A,2526,Cagliari,Luca Mazzitelli,ITA,MF,29,1995,18,9,767,8.5,2,2,4,2,0,0,3,0,0.23,0.23,0.47,0.23,0.47,8.5,2,15,5,33.3,1.76,0.59,0.13,0.4,0,0,43,22.4,9,65,1,9,20,10,1.33,12,9,3,0.35,0.89,0,22,13,0,9,10,11,,,0,,,,,,,,,,,,,,,
ITA-Serie A,2526,Cagliari,Marco Palestra,ITA,"MF,DF",20,2005,37,34,3081,34.2,1,4,5,1,0,0,3,0,0.03,0.12,0.15,0.03,0.15,34.2,1,29,7,24.1,0.85,0.2,0.03,0.14,0,0,83,90.1,34,88,27,3,33,0,1.14,31,46,-15,-0.44,-0.97,0,41,108,8,106,19,35,,,0,,,,,,,,,,,,,,,
ITA-Serie A,2526,Cagliari,Matteo Prati,ITA,MF,21,2003,20,15,1268,14.1,1,0,1,1,0,0,4,0,0.07,0.0,0.07,0.07,0.07,14.1,1,19,1,5.3,1.35,0.07,0.05,1.0,0,0,63,37.1,15,74,5,5,30,2,1.05,13,20,-7,-0.5,-0.25,0,17,3,0,13,15,12,,,0,,,,,,,,,,,,,,,
ITA-Serie A,2526,Cagliari,Mattia Felici,ITA,MF,24,2001,12,4,412,4.6,2,1,3,2,0,0,3,0,0.44,0.22,0.66,0.44,0.66,4.6,2,9,6,66.7,1.97,1.31,0.22,0.33,0,0,34,12.0,4,58,0,8,22,2,1.08,7,7,0,0.0,0.39,0,10,6,0,23,5,6,,,0,,,,,,,,,,,,,,,
ITA-Serie A,2526,Cagliari,Michael Folorunsho,ITA,"MF,FW",27,1998,27,24,1999,22.2,2,0,2,2,0,0,3,0,0.09,0.0,0.09,0.09,0.09,22.2,2,36,9,25.0,1.62,0.41,0.06,0.22,0,0,74,58.5,24,81,11,3,21,0,0.96,20,30,-10,-0.45,-0.26,0,35,49,13,22,10,10,,,0,,,,,,,,,,,,,,,
ITA-Serie A,2526,Cagliari,Michel Ndary Adopo,FRA,MF,25,2000,38,33,3050,33.9,1,2,3,1,0,0,4,0,0.03,0.06,0.09,0.03,0.09,33.9,1,28,11,39.3,0.83,0.32,0.04,0.09,0,0,80,89.2,33,85,22,5,49,0,1.13,35,46,-11,-0.32,0.16,0,35,25,5,26,31,32,,,0,,,,,,,,,,,,,,,
ITA-Serie A,2526,Cagliari,Nicolò Cavuoti,ITA,MF,22,2003,4,0,44,0.5,0,0,0,0,0,0,0,0,0.0,0.0,0.0,0.0,0.0,0.5,0,0,0,,0.0,0.0,,,0,0,11,1.3,0,,0,4,11,17,1.25,0,1,-1,-2.05,-1.73,0,1,1,0,0,0,0,,,0,,,,,,,,,,,,,,,
ITA-Serie A,2526,Cagliari,Othniel Raterink,NED,DF,19,2006,1,0,7,0.1,0,0,0,0,0,0,0,0,0.0,0.0,0.0,0.0,0.0,0.1,0,0,0,,0.0,0.0,,,0,0,7,0.2,0,,0,1,7,12,0.0,0,0,0,0.0,0.34,0,0,0,0,0,0,0,,,0,,,,,,,,,,,,,,,
ITA-Serie A,2526,Cagliari,Paul Mendy,SEN,FW,18,2007,9,3,335,3.7,2,0,2,2,0,0,1,0,0.54,0.0,0.54,0.54,0.54,3.7,2,15,3,20.0,4.03,0.81,0.13,0.67,0,0,37,9.8,3,72,1,6,20,6,1.44,5,6,-1,-0.27,0.08,0,12,4,2,2,1,0,,,0,,,,,,,,,,,,,,,
ITA-Serie A,2526,Cagliari,Riyad Idrissi,ITA,"MF,DF",20,2005,23,4,783,8.7,2,0,2,2,0,0,3,0,0.23,0.0,0.23,0.23,0.23,8.7,2,6,6,100.0,0.69,0.69,0.33,0.33,0,0,34,22.9,4,90,4,19,22,5,0.96,14,15,-1,-0.11,0.29,0,9,6,1,23,9,15,,,0,,,,,,,,,,,,,,,
ITA-Serie A,2526,Cagliari,Sebastiano Esposito,ITA,"FW,MF",23,2002,36,34,2675,29.7,7,5,12,6,1,1,6,0,0.24,0.17,0.4,0.2,0.37,29.7,7,57,16,28.1,1.92,0.54,0.12,0.44,1,1,74,78.2,34,77,7,2,34,1,1.17,30,37,-7,-0.24,0.49,0,46,56,5,139,21,35,,,0,,,,,,,,,,,,,,,
ITA-Serie A,2526,Cagliari,Sebastiano Luperto,ITA,DF,28,1996,19,19,1706,19.0,1,0,1,1,0,0,3,0,0.05,0.0,0.05,0.05,0.05,19.0,1,7,3,42.9,0.37,0.16,0.14,0.33,0,0,90,49.9,19,90,18,0,,4,1.32,22,24,-2,-0.11,0.47,0,23,17,0,1,19,12,,,0,,,,,,,,,,,,,,,
ITA-Serie A,2526,Cagliari,Semih Kılıçsoy,TUR,FW,19,2005,22,11,975,10.8,4,0,4,4,0,0,1,0,0.37,0.0,0.37,0.37,0.37,10.8,4,17,8,47.1,1.57,0.74,0.24,0.5,0,0,44,28.5,11,72,1,11,16,15,1.05,10,15,-5,-0.46,-0.17,0,14,15,2,1,1,4,,,0,,,,,,,,,,,,,,,
ITA-Serie A,2526,Cagliari,Yael Trepy,,FW,,,8,0,91,1.0,1,0,1,1,0,0,0,0,0.99,0.0,0.99,0.99,0.99,1.0,1,7,2,28.6,6.92,1.98,0.14,0.5,0,0,11,2.7,0,,0,8,11,13,0.25,2,1,1,0.99,1.37,0,1,2,2,7,0,1,,,0,,,,,,,,,,,,,,,
ITA-Serie A,2526,Cagliari,Yerry Mina,COL,DF,30,1994,26,26,2150,23.9,2,0,2,2,0,0,5,1,0.08,0.0,0.08,0.08,0.08,23.9,2,10,3,30.0,0.42,0.13,0.2,0.67,0,0,83,62.9,26,83,21,0,,3,1.35,26,29,-3,-0.13,0.58,1,26,37,3,1,26,18,,,0,,,,,,,,,,,,,,,
ITA-Serie A,2526,Cagliari,Zito Luvumbo,ANG,"MF,FW",23,2002,12,2,329,3.7,0,0,0,0,0,0,0,0,0.0,0.0,0.0,0.0,0.0,3.7,0,12,6,50.0,3.28,1.64,0.0,0.0,0,0,27,9.6,2,58,0,10,21,6,0.5,4,8,-4,-1.09,-0.83,0,4,18,0,7,1,1,,,0,,,,,,,,,,,,,,,
ITA-Serie A,2526,Cagliari,Zé Pedro Figueiredo,POR,DF,28,1997,23,20,1699,18.9,0,1,1,0,0,0,6,0,0.0,0.05,0.05,0.0,0.05,18.9,0,7,0,0.0,0.37,0.0,0.0,,0,0,74,49.7,20,82,11,3,19,4,1.13,21,26,-5,-0.26,0.15,0,29,15,0,5,20,18,,,0,,,,,,,,,,,,,,,
ITA-Serie A,2526,Como,Alberto Moreno,ESP,DF,33,1992,19,13,1233,13.7,2,1,3,2,0,0,4,0,0.15,0.07,0.22,0.15,0.22,13.7,2,11,4,36.4,0.8,0.29,0.18,0.5,0,0,65,36.1,13,84,7,6,24,19,2.05,27,9,18,1.31,0.57,0,17,12,3,34,7,12,,,0,,,,,,,,,,,,,,,
ITA-Serie A,2526,Como,Anastasios Douvikas,GRE,FW,25,1999,38,25,2273,25.3,14,1,15,13,1,1,0,0,0.55,0.04,0.59,0.51,0.55,25.3,14,65,30,46.2,2.57,1.19,0.22,0.47,1,1,60,66.5,25,76,8,13,30,0,1.87,48,20,28,1.11,0.48,0,36,42,7,4,4,10,,,0,,,,,,,,,,,,,,,
ITA-Serie A,2526,Como,Andréa Le Borgne,FRA,MF,19,2006,1,0,1,0.0,0,0,0,0,0,0,0,0,0.0,0.0,0.0,0.0,0.0,0.0,0,0,0,,0.0,0.0,,,0,0,1,0.0,0,,0,1,1,8,3.0,0,0,0,0.0,-0.95,0,0,0,0,0,0,0,,,0,,,,,,,,,,,,,,,
ITA-Serie A,2526,Como,Assane Diao,SEN,MF,19,2005,17,13,1075,11.9,2,1,3,2,0,0,2,0,0.17,0.08,0.25,0.17,0.25,11.9,2,31,10,32.3,2.6,0.84,0.06,0.2,0,0,63,31.4,13,72,2,4,36,1,1.71,18,11,7,0.59,-0.53,0,15,39,3,27,4,5,,,0,,,,,,,,,,,,,,,
ITA-Serie A,2526,Como,Diego Carlos,BRA,DF,32,1993,27,21,1949,21.7,1,0,1,1,0,0,8,0,0.05,0.0,0.05,0.05,0.05,21.7,1,8,2,25.0,0.37,0.09,0.13,0.5,0,0,72,57.0,21,83,16,6,35,8,2.0,33,15,18,0.83,-0.27,0,39,7,2,2,22,18,,,0,,,,,,,,,,,,,,,
ITA-Serie A,2526,Como,Edoardo Goldaniga,ITA,DF,31,1993,2,0,15,0.2,0,0,0,0,0,0,0,0,0.0,0.0,0.0,0.0,0.0,0.2,0,0,0,,0.0,0.0,,,0,0,8,0.4,0,,0,2,8,20,3.0,1,0,1,6.0,5.07,0,0,0,0,0,0,0,,,0,,,,,,,,,,,,,,,
ITA-Serie A,2526,Como,Ignace Van Der Brempt,BEL,DF,23,2002,20,11,931,10.3,0,1,1,0,0,0,2,0,0.0,0.1,0.1,0.0,0.1,10.3,0,3,0,0.0,0.29,0.0,0.0,,0,0,47,27.2,11,74,4,9,13,14,2.1,20,10,10,0.97,0.03,0,19,15,1,11,8,14,,,0,,,,,,,,,,,,,,,
ITA-Serie A,2526,Como,Ivan Smolčić,CRO,DF,24,2000,28,19,1662,18.5,0,1,1,0,0,0,8,0,0.0,0.05,0.05,0.0,0.05,18.5,0,12,4,33.3,0.65,0.22,0.0,0.0,0,0,59,48.6,19,77,8,9,22,9,2.0,26,10,16,0.87,-0.16,0,26,17,0,29,23,24,,,0,,,,,,,,,,,,,,,
ITA-Serie A,2526,Como,Jacobo Ramón,ESP,DF,20,2005,32,30,2742,30.5,2,0,2,2,0,0,11,1,0.07,0.0,0.07,0.07,0.07,30.5,2,39,9,23.1,1.28,0.3,0.05,0.22,0,0,86,80.2,30,88,28,2,45,1,1.84,53,24,29,0.95,0.02,0,33,12,0,11,38,32,,,0,,,,,,,,,,,,,,,
ITA-Serie A,2526,Como,Jayden Addai,NED,MF,19,2005,12,7,686,7.6,3,0,3,3,0,0,4,0,0.39,0.0,0.39,0.39,0.39,7.6,3,13,6,46.2,1.71,0.79,0.23,0.5,0,0,57,20.1,7,75,2,5,32,6,1.25,11,6,5,0.66,-0.36,0,13,14,2,10,2,2,,,0,,,,,,,,,,,,,,,
ITA-Serie A,2526,Como,Jean Butez,FRA,GK,30,1995,38,38,3420,38.0,0,1,1,0,0,0,3,0,0.0,0.03,0.03,0.0,0.03,38.0,0,0,0,,0.0,0.0,,,0,0,90,100.0,38,90,38,0,,0,1.87,65,29,36,0.95,,0,0,9,0,0,0,2,,,0,29,0.76,116,86,75.0,20,11,7,19,50.0,6,5,1,0,16.7
ITA-Serie A,2526,Como,Jesus Rodríguez,ESP,MF,19,2005,31,18,1731,19.2,2,9,11,2,0,0,3,1,0.1,0.47,0.57,0.1,0.57,19.2,2,45,12,26.7,2.34,0.62,0.04,0.17,0,0,56,50.6,18,75,3,13,29,3,1.9,39,12,27,1.4,0.92,0,24,32,3,57,4,17,,,0,,,,,,,,,,,,,,,
ITA-Serie A,2526,Como,Lucas Da Cunha,FRA,MF,24,2001,36,31,2739,30.4,6,4,10,2,4,4,4,0,0.2,0.13,0.33,0.07,0.2,30.4,6,42,16,38.1,1.38,0.53,0.14,0.38,4,4,76,80.1,31,83,18,5,36,2,1.86,52,24,28,0.92,-0.14,0,34,19,1,99,18,33,,,0,,,,,,,,,,,,,,,
ITA-Serie A,2526,Como,Marc-Oliver Kempf,GER,DF,30,1995,34,27,2326,25.8,4,1,5,4,0,0,3,0,0.15,0.04,0.19,0.15,0.19,25.8,4,21,6,28.6,0.81,0.23,0.19,0.67,0,0,68,68.0,27,82,22,7,18,4,1.94,47,20,27,1.04,0.3,0,26,19,0,0,13,12,,,0,,,,,,,,,,,,,,,
ITA-Serie A,2526,Como,Martin Baturina,CRO,"MF,FW",22,2003,29,17,1569,17.4,6,3,9,6,0,0,0,0,0.34,0.17,0.52,0.34,0.52,17.4,6,28,9,32.1,1.61,0.52,0.21,0.67,0,0,54,45.9,17,77,5,12,22,8,1.76,34,17,17,0.98,0.05,0,15,44,0,77,5,14,,,0,,,,,,,,,,,,,,,
ITA-Serie A,2526,Como,Maxence Caqueret,FRA,MF,25,2000,30,17,1485,16.5,2,6,8,2,0,0,3,0,0.12,0.36,0.48,0.12,0.48,16.5,2,18,4,22.2,1.09,0.24,0.11,0.5,0,0,50,43.4,17,67,1,13,27,8,1.9,31,10,21,1.27,0.58,0,26,23,2,36,14,23,,,0,,,,,,,,,,,,,,,
ITA-Serie A,2526,Como,Máximo Perrone,ARG,MF,22,2003,36,33,2742,30.5,3,4,7,3,0,0,8,0,0.1,0.13,0.23,0.1,0.23,30.5,3,18,9,50.0,0.59,0.3,0.17,0.33,0,0,76,80.2,33,80,21,3,32,1,1.89,53,21,32,1.05,0.52,0,43,23,1,11,21,38,,,0,,,,,,,,,,,,,,,
ITA-Serie A,2526,Como,Mërgim Vojvoda,KVX,"MF,DF",30,1995,30,19,1591,17.7,2,2,4,2,0,0,2,0,0.11,0.11,0.23,0.11,0.23,17.7,2,18,7,38.9,1.02,0.4,0.11,0.29,0,0,53,46.5,19,69,4,11,26,7,1.9,33,14,19,1.07,0.24,0,15,12,5,66,14,4,,,0,,,,,,,,,,,,,,,
ITA-Serie A,2526,Como,Nicolas-Gerrit Kühn,GER,MF,25,2000,23,6,665,7.4,1,1,2,1,0,0,0,0,0.14,0.14,0.27,0.14,0.27,7.4,1,8,3,37.5,1.08,0.41,0.13,0.33,0,0,29,19.4,6,63,0,17,17,14,1.7,10,6,4,0.54,-0.5,0,6,2,3,14,5,6,,,0,,,,,,,,,,,,,,,
ITA-Serie A,2526,Como,Nicolás Paz,ARG,MF,20,2004,35,33,2878,32.0,12,6,18,12,0,2,5,0,0.38,0.19,0.56,0.38,0.56,32.0,12,121,48,39.7,3.78,1.5,0.1,0.25,0,2,82,84.2,33,86,22,2,25,1,1.77,49,27,22,0.69,-1.64,0,54,41,0,63,27,56,,,0,,,,,,,,,,,,,,,
ITA-Serie A,2526,Como,Sergi Roberto,ESP,MF,33,1992,20,5,544,6.0,0,0,0,0,0,0,3,0,0.0,0.0,0.0,0.0,0.0,6.0,0,7,2,28.6,1.16,0.33,0.0,0.0,0,0,27,15.9,5,55,0,15,18,6,1.95,8,7,1,0.17,-0.93,0,9,9,0,2,5,7,,,0,,,,,,,,,,,,,,,
ITA-Serie A,2526,Como,Stefan Posch,AUT,DF,28,1997,14,3,393,4.4,1,0,1,1,0,0,1,0,0.23,0.0,0.23,0.23,0.23,4.4,1,8,3,37.5,1.83,0.69,0.13,0.33,0,0,28,11.5,3,71,1,11,16,5,2.0,8,3,5,1.15,0.22,0,9,6,0,10,4,3,,,0,,,,,,,,,,,,,,,
ITA-Serie A,2526,Como,Álex Valle,ESP,DF,21,2004,28,23,2026,22.5,1,4,5,1,0,0,3,0,0.04,0.18,0.22,0.04,0.22,22.5,1,11,2,18.2,0.49,0.09,0.09,0.5,0,0,72,59.2,23,84,18,5,17,8,1.82,34,17,17,0.76,-0.47,0,34,19,1,45,24,31,,,0,,,,,,,,,,,,,,,
ITA-Serie A,2526,Como,Álvaro Morata,ESP,FW,32,1992,26,9,930,10.3,0,1,1,0,0,1,4,1,0.0,0.1,0.1,0.0,0.1,10.3,0,23,8,34.8,2.23,0.77,0.0,0.0,0,1,36,27.2,9,69,1,17,18,3,1.73,14,6,8,0.77,-0.24,1,16,33,9,9,1,11,,,0,,,,,,,,,,,,,,,
ITA-Serie A,2526,Cremonese,Alberto Grassi,ITA,MF,30,1995,30,18,1753,19.5,0,0,0,0,0,0,4,1,0.0,0.0,0.0,0.0,0.0,19.5,0,13,4,30.8,0.67,0.21,0.0,0.0,0,0,58,51.3,18,76,6,12,33,3,0.97,15,31,-16,-0.82,-0.34,0,17,30,0,3,35,11,,,0,,,,,,,,,,,,,,,
ITA-Serie A,2526,Cremonese,Alessio Zerbin,ITA,MF,26,1999,32,17,1646,18.3,0,3,3,0,0,0,1,0,0.0,0.16,0.16,0.0,0.16,18.3,0,21,7,33.3,1.15,0.38,0.0,0.0,0,0,51,48.1,17,73,3,15,27,2,0.88,11,24,-13,-0.71,-0.1,0,37,20,7,58,3,20,,,0,,,,,,,,,,,,,,,
ITA-Serie A,2526,Cremonese,Antonio Sanabria,PAR,FW,29,1996,25,10,945,10.5,1,1,2,1,0,0,2,0,0.1,0.1,0.19,0.1,0.19,10.5,1,12,4,33.3,1.14,0.38,0.08,0.25,0,0,38,27.6,10,65,0,15,20,5,1.04,9,12,-3,-0.29,0.51,0,15,15,6,2,1,2,,,0,,,,,,,,,,,,,,,
ITA-Serie A,2526,Cremonese,Dachi Lordkipanidze,GEO,MF,20,2005,1,0,29,0.3,0,0,0,0,0,0,0,0,0.0,0.0,0.0,0.0,0.0,0.3,0,0,0,,0.0,0.0,,,0,0,29,0.8,0,,0,1,29,20,1.0,0,0,0,0.0,0.66,0,0,0,0,0,0,0,,,0,,,,,,,,,,,,,,,
ITA-Serie A,2526,Cremonese,David Okereke,NGA,"FW,MF",27,1997,10,3,403,4.5,2,0,2,2,0,0,0,1,0.45,0.0,0.45,0.45,0.45,4.5,2,8,5,62.5,1.79,1.12,0.25,0.4,0,0,40,11.8,3,62,0,7,31,2,1.18,7,9,-2,-0.45,0.24,0,1,4,2,5,1,0,,,0,,,,,,,,,,,,,,,
ITA-Serie A,2526,Cremonese,Dennis Johnsen,NOR,"MF,FW",27,1998,11,5,390,4.3,1,1,2,1,0,0,0,0,0.23,0.23,0.46,0.23,0.46,4.3,1,5,2,40.0,1.15,0.46,0.2,0.5,0,0,35,11.4,5,57,0,6,17,10,0.36,3,7,-4,-0.92,-0.3,0,2,4,1,12,0,2,,,0,,,,,,,,,,,,,,,
ITA-Serie A,2526,Cremonese,Emil Audero,IDN,GK,28,1997,34,34,3060,34.0,0,0,0,0,0,0,0,0,0.0,0.0,0.0,0.0,0.0,34.0,0,0,0,,0.0,0.0,,,0,0,90,89.5,34,90,34,0,,2,0.91,28,50,-22,-0.65,0.1,0,0,6,0,0,0,0,,,0,50,1.47,173,123,71.1,8,7,19,11,32.4,6,4,2,0,33.3
ITA-Serie A,2526,Cremonese,Faris Pemi Moumbagna,CMR,FW,25,2000,5,0,93,1.0,0,0,0,0,0,0,0,0,0.0,0.0,0.0,0.0,0.0,1.0,0,2,0,0.0,1.94,0.0,0.0,,0,0,19,2.7,0,,0,5,19,9,0.4,0,1,-1,-0.97,-0.32,0,1,0,0,1,0,0,,,0,,,,,,,,,,,,,,,
ITA-Serie A,2526,Cremonese,Federico Baschirotto,ITA,DF,28,1996,29,29,2540,28.2,2,0,2,2,0,0,2,0,0.07,0.0,0.07,0.07,0.07,28.2,2,12,5,41.7,0.43,0.18,0.17,0.4,0,0,88,74.3,29,88,28,0,,1,0.86,21,38,-17,-0.6,0.22,0,45,9,1,8,24,13,,,0,,,,,,,,,,,,,,,
ITA-Serie A,2526,Cremonese,Federico Bonazzoli,ITA,FW,28,1997,35,31,2510,27.9,10,1,11,7,3,3,4,0,0.36,0.04,0.39,0.25,0.29,27.9,10,75,32,42.7,2.69,1.15,0.13,0.31,3,3,72,73.4,31,78,12,4,24,2,0.83,23,45,-22,-0.79,-0.49,0,26,80,4,26,12,16,,,0,,,,,,,,,,,,,,,
ITA-Serie A,2526,Cremonese,Federico Ceccherini,ITA,DF,33,1992,9,6,476,5.3,0,1,1,0,0,0,1,1,0.0,0.19,0.19,0.0,0.19,5.3,0,5,2,40.0,0.95,0.38,0.0,0.0,0,0,53,13.9,6,67,1,3,25,26,0.67,1,13,-12,-2.27,-1.87,0,10,9,0,3,7,2,,,0,,,,,,,,,,,,,,,
ITA-Serie A,2526,Cremonese,Filippo Terracciano,ITA,DF,22,2003,36,33,3011,33.5,2,0,2,2,0,0,6,0,0.06,0.0,0.06,0.06,0.06,33.5,2,14,4,28.6,0.42,0.12,0.14,0.5,0,0,84,88.0,33,89,28,3,29,0,0.94,28,45,-17,-0.51,1.25,0,18,26,0,27,56,23,,,2,,,,,,,,,,,,,,,
ITA-Serie A,2526,Cremonese,Francesco Folino,ITA,DF,23,2002,18,7,722,8.0,1,0,1,1,0,0,1,0,0.12,0.0,0.12,0.12,0.12,8.0,1,2,1,50.0,0.25,0.12,0.5,1.0,0,0,40,21.1,7,87,6,11,10,19,1.0,5,15,-10,-1.25,-0.75,0,11,9,0,1,2,4,,,0,,,,,,,,,,,,,,,
ITA-Serie A,2526,Cremonese,Franco Vázquez,ARG,"FW,MF",36,1989,15,4,524,5.8,1,1,2,1,0,0,1,0,0.17,0.17,0.34,0.17,0.34,5.8,1,12,4,33.3,2.06,0.69,0.08,0.25,0,0,35,15.3,4,74,1,11,21,5,0.93,5,11,-6,-1.03,-0.44,0,9,16,0,19,4,12,,,0,,,,,,,,,,,,,,,
ITA-Serie A,2526,Cremonese,Giuseppe Pezzella,ITA,"MF,DF",27,1997,31,30,2585,28.7,0,1,1,0,0,0,8,1,0.0,0.03,0.03,0.0,0.03,28.7,0,6,0,0.0,0.21,0.0,0.0,,0,0,83,75.6,30,85,23,1,34,0,0.84,25,47,-22,-0.77,-0.44,0,49,32,8,128,11,32,,,0,,,,,,,,,,,,,,,
ITA-Serie A,2526,Cremonese,Jamie Vardy,ENG,FW,38,1987,29,24,2105,23.4,7,2,9,7,0,0,5,0,0.3,0.09,0.38,0.3,0.38,23.4,7,30,14,46.7,1.28,0.6,0.23,0.5,0,0,73,61.5,24,82,15,5,29,1,0.86,19,32,-13,-0.56,0.27,0,19,21,23,14,3,10,,,0,,,,,,,,,,,,,,,
ITA-Serie A,2526,Cremonese,Jari Vandeputte,BEL,MF,29,1996,32,23,1944,21.6,1,5,6,1,0,0,3,0,0.05,0.23,0.28,0.05,0.28,21.6,1,20,8,40.0,0.93,0.37,0.05,0.13,0,0,61,56.8,23,72,6,9,32,3,1.03,18,28,-10,-0.46,0.45,0,34,25,1,162,18,21,,,0,,,,,,,,,,,,,,,
ITA-Serie A,2526,Cremonese,Jeremy Sarmiento,ECU,MF,23,2002,7,0,142,1.6,0,0,0,0,0,0,0,0,0.0,0.0,0.0,0.0,0.0,1.6,0,2,2,100.0,1.27,1.27,0.0,0.0,0,0,20,4.2,0,,0,7,20,6,1.0,2,2,0,0.0,0.69,0,0,1,0,2,2,2,,,0,,,,,,,,,,,,,,,
ITA-Serie A,2526,Cremonese,Manuel De Luca,ITA,FW,27,1998,2,0,16,0.2,1,0,1,0,1,1,0,0,5.63,0.0,5.63,0.0,0.0,0.2,1,2,2,100.0,11.25,11.25,0.5,0.5,1,1,8,0.5,0,,0,2,8,0,3.0,1,0,1,5.63,6.31,0,1,1,0,0,0,0,,,0,,,,,,,,,,,,,,,
ITA-Serie A,2526,Cremonese,Marco Silvestri,ITA,GK,34,1991,4,4,360,4.0,0,0,0,0,0,0,0,0,0.0,0.0,0.0,0.0,0.0,4.0,0,0,0,,0.0,0.0,,,0,0,90,10.5,4,90,4,0,,34,0.75,4,7,-3,-0.75,-0.1,0,0,0,0,0,0,0,,,0,7,1.75,22,15,68.2,0,3,1,0,0.0,0,0,0,0,
ITA-Serie A,2526,Cremonese,Martín Payero,ARG,MF,26,1998,25,16,1457,16.2,1,0,1,1,0,0,8,0,0.06,0.0,0.06,0.06,0.06,16.2,1,23,8,34.8,1.42,0.49,0.04,0.13,0,0,58,42.6,16,75,5,9,29,4,0.96,17,17,0,0.0,1.15,0,37,34,2,34,10,9,,,0,,,,,,,,,,,,,,,
ITA-Serie A,2526,Cremonese,Matteo Bianchetti,ITA,DF,32,1993,27,25,2192,24.4,0,2,2,0,0,0,4,0,0.0,0.08,0.08,0.0,0.08,24.4,0,7,1,14.3,0.29,0.04,0.0,0.0,0,0,81,64.1,25,84,16,2,50,8,1.15,28,37,-9,-0.37,0.8,0,28,15,0,6,19,30,,,0,,,,,,,,,,,,,,,
ITA-Serie A,2526,Cremonese,Michele Collocolo,ITA,MF,25,1999,8,5,362,4.0,0,0,0,0,0,0,1,0,0.0,0.0,0.0,0.0,0.0,4.0,0,2,1,50.0,0.5,0.25,0.0,0.0,0,0,45,10.6,5,61,3,3,18,4,1.5,6,7,-1,-0.25,0.46,0,2,2,0,5,1,3,,,0,,,,,,,,,,,,,,,
ITA-Serie A,2526,Cremonese,Mikayil Ngor Faye,SEN,"MF,DF",21,2004,8,2,254,2.8,0,0,0,0,0,0,1,0,0.0,0.0,0.0,0.0,0.0,2.8,0,2,0,0.0,0.71,0.0,0.0,,0,0,32,7.4,2,68,0,6,20,21,0.5,2,3,-1,-0.35,0.33,0,2,4,0,6,5,6,,,0,,,,,,,,,,,,,,,
ITA-Serie A,2526,Cremonese,Milan Đurić,BIH,FW,35,1990,11,3,386,4.3,0,1,1,0,0,0,1,1,0.0,0.23,0.23,0.0,0.23,4.3,0,10,5,50.0,2.33,1.17,0.0,0.0,0,0,35,11.3,3,69,1,8,22,4,0.42,4,12,-8,-1.87,-1.36,0,4,8,2,2,0,0,,,0,,,,,,,,,,,,,,,
ITA-Serie A,2526,Cremonese,Morten Thorsby,NOR,MF,29,1996,11,8,643,7.1,1,0,1,1,0,0,2,0,0.14,0.0,0.14,0.14,0.14,7.1,1,11,4,36.4,1.54,0.56,0.09,0.25,0,0,58,18.8,8,74,4,3,17,2,0.91,4,12,-8,-1.12,-0.57,0,10,6,2,0,3,6,,,0,,,,,,,,,,,,,,,
ITA-Serie A,2526,Cremonese,Romano Floriani,ITA,MF,22,2003,28,12,1168,13.0,0,1,1,0,0,0,2,0,0.0,0.08,0.08,0.0,0.08,13.0,0,5,1,20.0,0.39,0.08,0.0,0.0,0,0,42,34.2,12,71,3,16,20,8,0.75,13,23,-10,-0.77,-0.17,0,21,5,2,29,6,14,,,0,,,,,,,,,,,,,,,
ITA-Serie A,2526,Cremonese,Sebastiano Luperto,ITA,DF,28,1996,15,15,1307,14.5,0,1,1,0,0,0,1,0,0.0,0.07,0.07,0.0,0.07,14.5,0,5,2,40.0,0.34,0.14,0.0,0.0,0,0,87,38.2,15,87,12,0,,0,0.73,11,26,-15,-1.03,-0.61,0,9,12,1,10,12,9,,,0,,,,,,,,,,,,,,,
ITA-Serie A,2526,Cremonese,Simone Lottici Tessadri,ITA,MF,19,2006,1,0,6,0.1,0,0,0,0,0,0,0,0,0.0,0.0,0.0,0.0,0.0,0.1,0,1,0,0.0,15.0,0.0,0.0,,0,0,6,0.2,0,,0,1,6,2,0.0,0,0,0,0.0,0.66,0,0,0,0,0,0,0,,,0,,,,,,,,,,,,,,,
ITA-Serie A,2526,Cremonese,Tommaso Barbieri,ITA,MF,22,2002,29,18,1707,19.0,0,1,1,0,0,0,8,0,0.0,0.05,0.05,0.0,0.05,19.0,0,16,2,12.5,0.84,0.11,0.0,0.0,0,0,59,49.9,18,82,10,11,21,5,0.86,19,25,-6,-0.32,0.68,0,40,26,1,78,14,26,,,0,,,,,,,,,,,,,,,
ITA-Serie A,2526,Cremonese,Warren Bondo,FRA,MF,21,2003,27,22,1762,19.6,0,0,0,0,0,0,5,0,0.0,0.0,0.0,0.0,0.0,19.6,0,8,2,25.0,0.41,0.1,0.0,0.0,0,0,65,51.5,22,73,8,5,33,3,0.85,16,30,-14,-0.72,-0.12,0,39,33,0,3,9,16,,,0,,,,,,,,,,,,,,,
ITA-Serie A,2526,Cremonese,Youssef Maleh,MAR,MF,26,1998,14,14,1100,12.2,1,0,1,1,0,0,2,1,0.08,0.0,0.08,0.08,0.08,12.2,1,15,3,20.0,1.23,0.25,0.07,0.33,0,0,79,32.2,14,79,7,0,,0,0.71,9,22,-13,-1.06,-0.6,0,27,10,0,41,9,11,,,0,,,,,,,,,,,,,,,
ITA-Serie A,2526,Fiorentina,Abdelhamid Sabiri,MAR,MF,28,1996,1,0,27,0.3,0,0,0,0,0,0,0,0,0.0,0.0,0.0,0.0,0.0,0.3,0,1,0,0.0,3.33,0.0,0.0,,0,0,27,0.8,0,,0,1,27,6,1.0,2,0,2,6.67,6.96,0,1,1,0,4,0,2,,,0,,,,,,,,,,,,,,,
ITA-Serie A,2526,Fiorentina,Albert Guðmundsson,ISL,"FW,MF",28,1997,33,27,2250,25.0,5,4,9,2,3,3,4,1,0.2,0.16,0.36,0.08,0.24,25.0,5,41,15,36.6,1.64,0.6,0.12,0.33,3,3,68,65.8,27,78,9,6,26,2,1.0,29,28,1,0.04,0.81,0,34,30,6,54,3,4,,,0,,,,,,,,,,,,,,,
ITA-Serie A,2526,Fiorentina,Amir Richardson,MAR,MF,23,2002,2,0,42,0.5,0,0,0,0,0,0,0,0,0.0,0.0,0.0,0.0,0.0,0.5,0,1,0,0.0,2.14,0.0,0.0,,0,0,21,1.2,0,,0,2,21,12,0.0,1,1,0,0.0,0.24,0,1,3,0,1,0,1,,,0,,,,,,,,,,,,,,,
ITA-Serie A,2526,Fiorentina,Cher Ndour,ITA,MF,21,2004,33,20,1876,20.8,3,0,3,3,0,0,2,0,0.14,0.0,0.14,0.14,0.14,20.8,3,24,8,33.3,1.15,0.38,0.13,0.38,0,0,57,54.9,20,79,9,13,23,5,1.24,18,22,-4,-0.19,0.1,0,26,23,1,20,15,17,,,0,,,,,,,,,,,,,,,
ITA-Serie A,2526,Fiorentina,Christian Kouamé,CIV,"FW,MF",27,1997,2,0,27,0.3,0,0,0,0,0,0,0,0,0.0,0.0,0.0,0.0,0.0,0.3,0,0,0,,0.0,0.0,,,0,0,14,0.8,0,,0,2,14,5,1.5,0,0,0,0.0,0.24,0,0,0,0,2,1,1,,,0,,,,,,,,,,,,,,,
ITA-Serie A,2526,Fiorentina,Daniele Rugani,ITA,DF,31,1994,6,4,327,3.6,0,0,0,0,0,0,2,0,0.0,0.0,0.0,0.0,0.0,3.6,0,1,0,0.0,0.28,0.0,0.0,,0,0,55,9.6,4,79,2,2,6,7,1.83,2,3,-1,-0.28,-0.04,0,7,0,0,0,5,4,,,0,,,,,,,,,,,,,,,
ITA-Serie A,2526,Fiorentina,David de Gea,ESP,GK,34,1990,37,37,3330,37.0,0,0,0,0,0,0,0,0,0.0,0.0,0.0,0.0,0.0,37.0,0,0,0,,0.0,0.0,,,0,0,90,97.4,37,90,37,0,,1,1.11,40,49,-9,-0.24,-0.24,0,0,6,0,0,0,0,,,0,49,1.32,169,119,71.0,9,14,14,10,27.0,6,5,1,0,16.7
ITA-Serie A,2526,Fiorentina,Dodô,BRA,"DF,MF",26,1998,36,36,3134,34.8,1,2,3,1,0,0,7,0,0.03,0.06,0.09,0.03,0.09,34.8,1,25,4,16.0,0.72,0.11,0.04,0.25,0,0,87,91.6,36,87,30,0,,0,1.08,39,46,-7,-0.2,0.43,0,22,53,2,153,31,18,,,0,,,,,,,,,,,,,,,
ITA-Serie A,2526,Fiorentina,Eddy Kouadio,CIV,DF,19,2006,3,0,72,0.8,0,0,0,0,0,0,0,0,0.0,0.0,0.0,0.0,0.0,0.8,0,0,0,,0.0,0.0,,,0,0,24,2.1,0,,0,3,24,32,0.67,0,0,0,0.0,0.24,0,1,1,0,1,0,3,,,0,,,,,,,,,,,,,,,
ITA-Serie A,2526,Fiorentina,Edin Džeko,BIH,FW,39,1986,11,2,244,2.7,0,0,0,0,0,0,1,0,0.0,0.0,0.0,0.0,0.0,2.7,0,4,1,25.0,1.48,0.37,0.0,0.0,0,0,22,7.1,2,52,0,9,16,6,0.36,2,6,-4,-1.48,-1.33,0,2,5,0,1,1,1,,,0,,,,,,,,,,,,,,,
ITA-Serie A,2526,Fiorentina,Fabiano Parisi,ITA,"MF,FW",24,2000,23,18,1520,16.9,1,1,2,1,0,0,6,0,0.06,0.06,0.12,0.06,0.12,16.9,1,24,7,29.2,1.42,0.41,0.04,0.14,0,0,66,44.4,18,77,6,5,25,8,1.26,22,21,1,0.06,0.53,0,14,66,1,39,17,14,,,1,,,,,,,,,,,,,,,
ITA-Serie A,2526,Fiorentina,Giovanni Fabbian,ITA,MF,22,2003,15,4,468,5.2,0,0,0,0,0,0,2,0,0.0,0.0,0.0,0.0,0.0,5.2,0,7,2,28.6,1.35,0.38,0.0,0.0,0,0,31,13.7,4,71,2,11,17,2,1.27,3,5,-2,-0.38,-0.17,0,6,9,0,4,1,2,,,0,,,,,,,,,,,,,,,
ITA-Serie A,2526,Fiorentina,Hans Nicolussi Caviglia,ITA,MF,25,2000,11,7,585,6.5,0,1,1,0,0,0,4,0,0.0,0.15,0.15,0.0,0.15,6.5,0,4,1,25.0,0.62,0.15,0.0,0.0,0,0,53,17.1,7,78,3,4,11,10,0.91,7,12,-5,-0.77,-0.64,0,15,15,0,30,3,7,,,0,,,,,,,,,,,,,,,
ITA-Serie A,2526,Fiorentina,Jack Harrison,ENG,"FW,MF",28,1996,15,10,981,10.9,1,3,4,1,0,0,1,0,0.09,0.28,0.37,0.09,0.37,10.9,1,13,4,30.8,1.19,0.37,0.08,0.25,0,0,65,28.7,10,81,6,5,34,2,1.6,13,10,3,0.28,0.72,0,9,7,0,56,2,6,,,0,,,,,,,,,,,,,,,
ITA-Serie A,2526,Fiorentina,Jacopo Fazzini,ITA,"MF,FW",22,2003,20,5,584,6.5,0,0,0,0,0,0,2,0,0.0,0.0,0.0,0.0,0.0,6.5,0,9,1,11.1,1.39,0.15,0.0,0.0,0,0,29,17.1,5,73,0,15,15,10,0.95,6,8,-2,-0.31,-0.09,0,12,15,0,16,5,10,,,0,,,,,,,,,,,,,,,
ITA-Serie A,2526,Fiorentina,Luca Lezzerini,ITA,GK,30,1995,1,0,4,0.0,0,0,0,0,0,0,0,0,0.0,0.0,0.0,0.0,0.0,0.0,0,0,0,,0.0,0.0,,,0,0,4,0.1,0,,0,1,4,33,1.0,0,0,0,0.0,0.24,0,0,0,0,0,0,0,,,0,0,0.0,0,0,,0,0,0,0,,0,0,0,0,
ITA-Serie A,2526,Fiorentina,Luca Ranieri,ITA,DF,26,1999,34,29,2458,27.3,1,0,1,1,0,0,8,1,0.04,0.0,0.04,0.04,0.04,27.3,1,18,3,16.7,0.66,0.11,0.06,0.33,0,0,72,71.9,29,83,19,5,12,2,1.21,28,34,-6,-0.22,0.06,0,22,27,3,27,24,24,,,0,,,,,,,,,,,,,,,
ITA-Serie A,2526,Fiorentina,Luís Balbo,VEN,DF,19,2006,6,1,212,2.4,0,0,0,0,0,0,0,0,0.0,0.0,0.0,0.0,0.0,2.4,0,0,0,,0.0,0.0,,,0,0,35,6.2,1,74,0,5,28,11,2.0,3,2,1,0.42,0.71,0,2,6,0,5,1,5,,,0,,,,,,,,,,,,,,,
ITA-Serie A,2526,Fiorentina,Manor Solomon,ISR,"FW,MF",26,1999,16,9,890,9.9,2,1,3,2,0,0,1,0,0.2,0.1,0.3,0.2,0.3,9.9,2,11,4,36.4,1.11,0.4,0.18,0.5,0,0,56,26.0,9,85,5,7,18,0,1.56,11,15,-4,-0.4,-0.23,0,2,16,1,47,0,11,,,0,,,,,,,,,,,,,,,
ITA-Serie A,2526,Fiorentina,Marco Brescianini,ITA,MF,25,2000,17,10,862,9.6,1,1,2,1,0,0,1,0,0.1,0.1,0.21,0.1,0.21,9.6,1,10,2,20.0,1.04,0.21,0.1,0.5,0,0,51,25.2,10,75,4,7,16,1,1.47,15,13,2,0.21,0.6,0,13,9,0,11,1,2,,,0,,,,,,,,,,,,,,,
ITA-Serie A,2526,Fiorentina,Marin Pongračić,CRO,DF,27,1997,35,33,2918,32.4,0,0,0,0,0,0,12,0,0.0,0.0,0.0,0.0,0.0,32.4,0,8,1,12.5,0.25,0.03,0.0,0.0,0,0,83,85.3,33,87,29,2,22,1,1.17,38,41,-3,-0.09,0.98,0,69,21,0,4,36,17,,,0,,,,,,,,,,,,,,,
ITA-Serie A,2526,Fiorentina,Mattia Viti,ITA,"MF,DF",23,2002,10,2,265,2.9,0,0,0,0,0,0,3,1,0.0,0.0,0.0,0.0,0.0,2.9,0,0,0,,0.0,0.0,,,0,0,27,7.7,2,65,0,8,17,7,0.6,1,6,-5,-1.7,-1.58,1,9,4,0,0,3,4,,,0,,,,,,,,,,,,,,,
ITA-Serie A,2526,Fiorentina,Moise Kean,ITA,FW,25,2000,26,23,2036,22.6,8,1,9,6,2,2,4,0,0.35,0.04,0.4,0.27,0.31,22.6,8,98,27,27.6,4.33,1.19,0.08,0.3,2,2,78,59.5,23,86,15,3,19,1,0.92,24,32,-8,-0.35,-0.29,0,29,44,30,7,7,4,,,0,,,,,,,,,,,,,,,
ITA-Serie A,2526,Fiorentina,Niccolò Fortini,ITA,MF,19,2006,16,2,541,6.0,0,0,0,0,0,0,0,0,0.0,0.0,0.0,0.0,0.0,6.0,0,8,2,25.0,1.33,0.33,0.0,0.0,0,0,34,15.8,2,78,1,14,28,15,0.81,9,12,-3,-0.5,-0.31,0,5,18,0,29,4,9,,,0,,,,,,,,,,,,,,,
ITA-Serie A,2526,Fiorentina,Nicolò Fagioli,ITA,MF,24,2001,33,30,2554,28.4,2,3,5,2,0,0,5,0,0.07,0.11,0.18,0.07,0.18,28.4,2,33,7,21.2,1.16,0.25,0.06,0.29,0,0,77,74.7,30,82,14,3,34,4,1.09,31,42,-11,-0.39,-0.6,0,23,45,0,84,18,31,,,0,,,,,,,,,,,,,,,
ITA-Serie A,2526,Fiorentina,Oliver Christensen,DEN,GK,26,1999,1,1,86,1.0,0,0,0,0,0,0,0,0,0.0,0.0,0.0,0.0,0.0,1.0,0,0,0,,0.0,0.0,,,0,0,86,2.5,1,86,0,0,,19,1.0,1,1,0,0.0,0.24,0,0,1,0,0,0,0,,,0,1,1.05,7,6,85.7,0,1,0,0,0.0,0,0,0,0,
ITA-Serie A,2526,Fiorentina,Pablo Marí,ESP,DF,31,1993,11,9,808,9.0,0,0,0,0,0,0,3,0,0.0,0.0,0.0,0.0,0.0,9.0,0,2,0,0.0,0.22,0.0,0.0,,0,0,73,23.6,9,86,7,2,15,6,0.55,9,19,-10,-1.11,-1.15,0,17,8,0,0,19,8,,,0,,,,,,,,,,,,,,,
ITA-Serie A,2526,Fiorentina,Pietro Comuzzo,ITA,DF,20,2005,27,18,1696,18.8,1,0,1,1,0,0,2,0,0.05,0.0,0.05,0.05,0.05,18.8,1,10,2,20.0,0.53,0.11,0.1,0.5,0,0,63,49.6,18,84,11,9,20,11,1.0,21,28,-7,-0.37,-0.27,0,24,4,0,1,24,16,,,1,,,,,,,,,,,,,,,
ITA-Serie A,2526,Fiorentina,Riccardo Braschi,ITA,FW,18,2006,2,1,105,1.2,0,0,0,0,0,0,0,0,0.0,0.0,0.0,0.0,0.0,1.2,0,3,0,0.0,2.57,0.0,0.0,,0,0,53,3.1,1,60,0,1,45,11,0.5,0,1,-1,-0.86,-0.64,0,0,0,1,1,0,0,,,0,,,,,,,,,,,,,,,
ITA-Serie A,2526,Fiorentina,Roberto Piccoli,ITA,FW,24,2001,32,16,1672,18.6,4,1,5,4,0,0,1,0,0.22,0.05,0.27,0.22,0.27,18.6,4,47,15,31.9,2.53,0.81,0.09,0.27,0,0,52,48.9,16,83,10,16,21,3,1.22,22,20,2,0.11,0.67,0,34,40,14,4,4,1,,,0,,,,,,,,,,,,,,,
ITA-Serie A,2526,Fiorentina,Robin Gosens,GER,"DF,MF",31,1994,26,24,1881,20.9,3,1,4,3,0,0,2,0,0.14,0.05,0.19,0.14,0.19,20.9,3,18,7,38.9,0.86,0.33,0.17,0.43,0,0,72,55.0,24,77,10,2,20,4,1.12,19,24,-5,-0.24,-0.01,0,24,25,3,41,23,18,,,0,,,,,,,,,,,,,,,
ITA-Serie A,2526,Fiorentina,Rolando Mandragora,ITA,MF,28,1997,34,30,2421,26.9,7,3,10,6,1,1,7,0,0.26,0.11,0.37,0.22,0.33,26.9,7,64,18,28.1,2.38,0.67,0.11,0.39,1,1,71,70.8,30,75,11,4,41,1,1.03,29,33,-4,-0.15,0.3,0,37,56,0,69,15,24,,,0,,,,,,,,,,,,,,,
ITA-Serie A,2526,Fiorentina,Simon Sohm,SUI,MF,24,2001,16,9,708,7.9,0,1,1,0,0,0,2,0,0.0,0.13,0.13,0.0,0.13,7.9,0,5,0,0.0,0.64,0.0,0.0,,0,0,44,20.7,9,65,1,7,18,4,0.56,6,15,-9,-1.14,-1.14,0,15,11,0,5,6,7,,,0,,,,,,,,,,,,,,,
ITA-Serie A,2526,Fiorentina,Tariq Lamptey,GHA,MF,24,2000,2,1,25,0.3,0,0,0,0,0,0,0,0,0.0,0.0,0.0,0.0,0.0,0.3,0,0,0,,0.0,0.0,,,0,0,13,0.7,1,21,0,1,4,0,0.0,1,0,1,3.6,3.87,0,0,0,0,1,0,2,,,0,,,,,,,,,,,,,,,
ITA-Serie A,2526,Genoa,Aarón Martín,ESP,"MF,DF",28,1997,33,26,2156,24.0,1,5,6,1,0,1,2,0,0.04,0.21,0.25,0.04,0.25,24.0,1,11,4,36.4,0.46,0.17,0.09,0.25,0,1,65,63.0,26,79,15,7,13,5,1.12,28,37,-9,-0.38,-0.3,0,31,27,0,194,10,28,,,0,,,,,,,,,,,,,,,
ITA-Serie A,2526,Genoa,Albert Grønbaek,DEN,MF,24,2001,4,1,103,1.1,0,0,0,0,0,0,1,0,0.0,0.0,0.0,0.0,0.0,1.1,0,1,1,100.0,0.87,0.87,0.0,0.0,0,0,26,3.0,1,59,0,3,15,10,1.25,2,0,2,1.75,2.07,0,1,1,0,1,0,2,,,0,,,,,,,,,,,,,,,
ITA-Serie A,2526,Genoa,Alessandro Marcandalli,ITA,DF,22,2002,32,29,2597,28.9,0,2,2,0,0,0,4,0,0.0,0.07,0.07,0.0,0.07,28.9,0,5,2,40.0,0.17,0.07,0.0,0.0,0,0,81,75.9,29,87,24,3,28,4,1.22,36,36,0,0.0,1.09,0,23,11,0,10,18,24,,,0,,,,,,,,,,,,,,,
ITA-Serie A,2526,Genoa,Amorim,BRA,MF,20,2005,11,6,552,6.1,0,0,0,0,0,0,1,0,0.0,0.0,0.0,0.0,0.0,6.1,0,2,0,0.0,0.33,0.0,0.0,,0,0,50,16.1,6,75,0,5,20,4,1.09,5,8,-3,-0.49,-0.27,0,7,18,1,16,7,6,,,0,,,,,,,,,,,,,,,
ITA-Serie A,2526,Genoa,Brooke Norton-Cuffy,ENG,"MF,DF",21,2004,27,25,2212,24.6,2,1,3,2,0,0,5,1,0.08,0.04,0.12,0.08,0.12,24.6,2,15,6,40.0,0.61,0.24,0.13,0.33,0,0,82,64.7,25,86,19,2,32,1,0.96,28,38,-10,-0.41,-0.41,1,23,16,0,80,11,31,,,0,,,,,,,,,,,,,,,
ITA-Serie A,2526,Genoa,Caleb Ekuban,GHA,"FW,MF",31,1994,31,6,994,11.0,4,1,5,4,0,0,0,0,0.36,0.09,0.45,0.36,0.45,11.0,4,29,10,34.5,2.63,0.91,0.14,0.4,0,0,32,29.1,6,64,0,25,24,1,1.1,13,15,-2,-0.18,0.12,0,16,29,6,5,5,1,,,0,,,,,,,,,,,,,,,
ITA-Serie A,2526,Genoa,Daniele Sommariva,ITA,GK,28,1997,2,1,176,2.0,0,0,0,0,0,0,0,0,0.0,0.0,0.0,0.0,0.0,2.0,0,0,0,,0.0,0.0,,,0,0,88,5.1,1,90,1,1,86,35,0.0,1,4,-3,-1.53,-1.34,0,0,1,0,0,0,0,,,0,4,2.05,12,8,66.7,0,0,1,0,0.0,0,0,0,0,
ITA-Serie A,2526,Genoa,Filippo Carbone,ITA,MF,18,2006,1,0,8,0.1,0,0,0,0,0,0,0,0,0.0,0.0,0.0,0.0,0.0,0.1,0,0,0,,0.0,0.0,,,0,0,8,0.2,0,,0,1,8,0,0.0,0,0,0,0.0,0.26,0,0,1,0,0,0,3,,,0,,,,,,,,,,,,,,,
ITA-Serie A,2526,Genoa,Gael Lafont,FRA,FW,19,2006,1,0,8,0.1,0,0,0,0,0,0,0,0,0.0,0.0,0.0,0.0,0.0,0.1,0,0,0,,0.0,0.0,,,0,0,8,0.2,0,,0,1,8,3,0.0,0,0,0,0.0,0.26,0,0,0,0,0,0,0,,,0,,,,,,,,,,,,,,,
ITA-Serie A,2526,Genoa,Jacopo Grossi,ITA,MF,18,2006,1,0,22,0.2,0,0,0,0,0,0,0,0,0.0,0.0,0.0,0.0,0.0,0.2,0,1,0,0.0,4.09,0.0,0.0,,0,0,22,0.6,0,,0,1,22,6,0.0,0,0,0,0.0,0.26,0,0,0,0,3,0,0,,,0,,,,,,,,,,,,,,,
ITA-Serie A,2526,Genoa,Jean Onana,CMR,MF,25,2000,3,0,45,0.5,0,0,0,0,0,0,0,0,0.0,0.0,0.0,0.0,0.0,0.5,0,1,0,0.0,2.0,0.0,0.0,,0,0,15,1.3,0,,0,3,15,18,2.0,0,1,-1,-2.0,-1.76,0,4,0,0,1,1,3,,,0,,,,,,,,,,,,,,,
ITA-Serie A,2526,Genoa,Jeff Ekhator,ITA,"FW,MF",18,2006,30,9,956,10.6,3,0,3,3,0,0,3,0,0.28,0.0,0.28,0.28,0.28,10.6,3,20,5,25.0,1.88,0.47,0.15,0.6,0,0,32,28.0,9,62,0,21,19,7,1.03,13,15,-2,-0.19,0.1,0,20,19,10,9,2,8,,,0,,,,,,,,,,,,,,,
ITA-Serie A,2526,Genoa,Johan Vásquez,MEX,DF,26,1998,36,36,3215,35.7,1,0,1,1,0,0,2,0,0.03,0.0,0.03,0.03,0.03,35.7,1,24,6,25.0,0.67,0.17,0.04,0.17,0,0,89,94.0,36,89,34,0,,2,1.11,39,49,-10,-0.28,-0.28,0,23,46,1,24,46,38,,,0,,,,,,,,,,,,,,,
ITA-Serie A,2526,Genoa,Joi Nuredini,ALB,FW,17,2007,1,0,2,0.0,0,0,0,0,0,0,0,0,0.0,0.0,0.0,0.0,0.0,0.0,0,0,0,,0.0,0.0,,,0,0,2,0.1,0,,0,1,2,4,1.0,0,0,0,0.0,0.26,0,0,0,0,0,0,0,,,0,,,,,,,,,,,,,,,
ITA-Serie A,2526,Genoa,Junior Messias,BRA,MF,34,1991,20,5,685,7.6,3,1,4,2,1,1,1,0,0.39,0.13,0.53,0.26,0.39,7.6,3,19,7,36.8,2.5,0.92,0.16,0.43,1,1,34,20.0,5,64,0,15,24,5,1.6,11,7,4,0.53,0.99,0,10,22,0,16,5,10,,,0,,,,,,,,,,,,,,,
ITA-Serie A,2526,Genoa,Justin Bijlow,NED,GK,27,1998,16,16,1395,15.5,0,0,0,0,0,0,1,0,0.0,0.0,0.0,0.0,0.0,15.5,0,0,0,,0.0,0.0,,,0,0,87,40.8,16,87,15,0,,1,1.31,19,20,-1,-0.06,0.34,0,1,1,0,0,0,0,,,0,20,1.29,65,45,69.2,6,3,7,5,31.3,5,5,0,0,0.0
ITA-Serie A,2526,Genoa,Latif Ouedraogo,BFA,DF,17,2007,2,0,51,0.6,0,0,0,0,0,0,0,0,0.0,0.0,0.0,0.0,0.0,0.6,0,0,0,,0.0,0.0,,,0,0,26,1.5,0,,0,2,26,6,0.5,0,0,0,0.0,0.27,0,2,2,0,3,1,1,,,0,,,,,,,,,,,,,,,
ITA-Serie A,2526,Genoa,Leo Østigård,NOR,DF,25,1999,30,30,2622,29.1,5,1,6,5,0,0,7,0,0.17,0.03,0.21,0.17,0.21,29.1,5,22,12,54.5,0.76,0.41,0.23,0.42,0,0,87,76.7,30,87,28,0,,2,1.13,31,38,-7,-0.24,0.1,0,38,15,3,1,30,27,,,0,,,,,,,,,,,,,,,
ITA-Serie A,2526,Genoa,Lorenzo Colombo,ITA,FW,23,2002,38,30,2326,25.8,7,1,8,6,1,2,2,0,0.27,0.04,0.31,0.23,0.27,25.8,7,66,27,40.9,2.55,1.04,0.11,0.26,1,2,61,68.0,30,72,2,8,22,0,1.08,27,32,-5,-0.19,0.22,0,41,55,3,16,1,12,,,0,,,,,,,,,,,,,,,
ITA-Serie A,2526,Genoa,Lorenzo Venturino,ITA,FW,19,2006,2,0,40,0.4,0,0,0,0,0,0,0,0,0.0,0.0,0.0,0.0,0.0,0.4,0,1,1,100.0,2.25,2.25,0.0,0.0,0,0,20,1.2,0,,0,2,20,19,0.5,0,0,0,0.0,0.27,0,1,0,0,8,0,0,,,0,,,,,,,,,,,,,,,
ITA-Serie A,2526,Genoa,Mamedi Doucouré,FRA,DF,18,2007,1,0,9,0.1,0,0,0,0,0,0,0,0,0.0,0.0,0.0,0.0,0.0,0.1,0,0,0,,0.0,0.0,,,0,0,9,0.3,0,,0,1,9,5,1.0,0,0,0,0.0,0.26,0,0,0,0,0,0,0,,,0,,,,,,,,,,,,,,,
ITA-Serie A,2526,Genoa,Maxwel Cornet,CIV,MF,28,1996,8,1,118,1.3,0,0,0,0,0,1,0,0,0.0,0.0,0.0,0.0,0.0,1.3,0,4,2,50.0,3.05,1.53,0.0,0.0,0,1,15,3.5,1,52,0,7,9,11,0.5,2,5,-3,-2.29,-2.1,0,6,1,1,13,0,4,,,0,,,,,,,,,,,,,,,
ITA-Serie A,2526,Genoa,Mikael Ellertsson,ISL,MF,23,2002,36,31,2767,30.7,1,1,2,1,0,0,1,1,0.03,0.03,0.07,0.03,0.07,30.7,1,26,6,23.1,0.85,0.2,0.04,0.17,0,0,77,80.9,31,86,24,5,17,1,0.97,28,43,-15,-0.49,-1.18,0,28,42,1,32,14,26,,,0,,,,,,,,,,,,,,,
ITA-Serie A,2526,Genoa,Morten Frendrup,DEN,MF,24,2001,36,35,3081,34.2,1,0,1,1,0,0,5,0,0.03,0.0,0.03,0.03,0.03,34.2,1,8,3,37.5,0.23,0.09,0.13,0.33,0,0,86,90.1,35,87,26,1,28,0,0.97,36,45,-9,-0.26,0.0,0,41,39,0,5,41,71,,,0,,,,,,,,,,,,,,,
ITA-Serie A,2526,Genoa,Morten Thorsby,NOR,MF,29,1996,13,8,731,8.1,2,1,3,2,0,0,2,0,0.25,0.12,0.37,0.25,0.37,8.1,2,10,4,40.0,1.23,0.49,0.2,0.5,0,0,56,21.4,8,79,3,5,20,10,1.31,14,13,1,0.12,0.49,0,15,5,5,5,3,1,,,0,,,,,,,,,,,,,,,
ITA-Serie A,2526,Genoa,Nicola Leali,ITA,GK,32,1993,22,21,1847,20.5,0,0,0,0,0,0,2,1,0.0,0.0,0.0,0.0,0.0,20.5,0,0,0,,0.0,0.0,,,0,0,84,54.0,21,86,20,1,45,15,0.91,21,27,-6,-0.29,-0.06,0,2,2,0,0,1,0,,,0,28,1.36,86,58,67.4,4,8,9,4,19.0,2,2,0,0,0.0
ITA-Serie A,2526,Genoa,Nicolae Stanciu,ROU,MF,32,1993,4,2,180,2.0,0,0,0,0,0,1,0,0,0.0,0.0,0.0,0.0,0.0,2.0,0,5,0,0.0,2.5,0.0,0.0,,0,1,45,5.3,2,75,0,2,15,12,0.5,0,1,-1,-0.5,-0.25,0,1,2,0,9,3,3,,,0,,,,,,,,,,,,,,,
ITA-Serie A,2526,Genoa,Nils Zätterström,SWE,DF,20,2005,3,2,181,2.0,0,0,0,0,0,0,0,0,0.0,0.0,0.0,0.0,0.0,2.0,0,0,0,,0.0,0.0,,,0,0,60,5.3,2,90,2,1,1,14,1.33,0,1,-1,-0.5,-0.25,0,3,0,0,0,2,0,,,0,,,,,,,,,,,,,,,
ITA-Serie A,2526,Genoa,Patrizio Masini,ITA,MF,24,2001,28,13,1413,15.7,0,1,1,0,0,0,5,0,0.0,0.06,0.06,0.0,0.06,15.7,0,18,5,27.8,1.15,0.32,0.0,0.0,0,0,50,41.3,13,88,11,15,18,9,1.07,15,22,-7,-0.45,-0.31,0,39,45,0,14,26,39,,,0,,,,,,,,,,,,,,,
ITA-Serie A,2526,Genoa,Ruslan Malinovskyi,UKR,MF,32,1993,34,28,2235,24.8,6,3,9,3,3,3,10,0,0.24,0.12,0.36,0.12,0.24,24.8,6,55,15,27.3,2.21,0.6,0.11,0.4,3,3,66,65.4,28,74,6,6,25,1,1.06,28,32,-4,-0.16,0.29,0,36,26,1,68,16,19,,,0,,,,,,,,,,,,,,,
ITA-Serie A,2526,Genoa,Sebastian Otoa,DEN,DF,21,2004,13,9,829,9.2,0,0,0,0,0,0,1,0,0.0,0.0,0.0,0.0,0.0,9.2,0,3,2,66.7,0.33,0.22,0.0,0.0,0,0,64,24.2,9,85,6,4,16,17,1.08,9,17,-8,-0.87,-0.8,0,5,13,2,1,9,10,,,1,,,,,,,,,,,,,,,
ITA-Serie A,2526,Genoa,Seydou Fini,ITA,FW,19,2006,1,0,32,0.4,0,0,0,0,0,0,0,0,0.0,0.0,0.0,0.0,0.0,0.4,0,0,0,,0.0,0.0,,,0,0,32,0.9,0,,0,1,32,20,0.0,1,0,1,2.81,3.1,0,1,0,2,1,0,0,,,0,,,,,,,,,,,,,,,
ITA-Serie A,2526,Genoa,Stefano Sabelli,ITA,"MF,DF",32,1993,16,12,913,10.1,0,0,0,0,0,0,0,0,0.0,0.0,0.0,0.0,0.0,10.1,0,8,0,0.0,0.79,0.0,0.0,,0,0,57,26.7,12,73,1,4,10,22,1.56,9,10,-1,-0.1,0.22,0,6,19,0,27,3,14,,,1,,,,,,,,,,,,,,,
ITA-Serie A,2526,Genoa,Tommaso Baldanzi,ITA,MF,22,2003,8,5,399,4.4,0,2,2,0,0,0,0,0,0.0,0.45,0.45,0.0,0.45,4.4,0,9,3,33.3,2.03,0.68,0.0,0.0,0,0,50,11.7,5,62,0,3,30,1,1.25,5,5,0,0.0,0.3,0,2,6,0,7,3,6,,,0,,,,,,,,,,,,,,,
ITA-Serie A,2526,Genoa,Valentin Carboni,ARG,MF,20,2005,12,3,359,4.0,0,0,0,0,0,0,2,0,0.0,0.0,0.0,0.0,0.0,4.0,0,6,2,33.3,1.5,0.5,0.0,0.0,0,0,30,10.5,3,66,0,9,18,6,0.67,2,4,-2,-0.5,-0.27,0,11,5,0,7,2,8,,,0,,,,,,,,,,,,,,,
ITA-Serie A,2526,Genoa,Vitinha,POR,"FW,MF",25,2000,35,28,2226,24.7,5,1,6,5,0,0,5,0,0.2,0.04,0.24,0.2,0.24,24.7,5,65,20,30.8,2.63,0.81,0.08,0.25,0,0,64,65.1,28,75,5,7,17,2,1.06,26,34,-8,-0.32,-0.17,0,33,68,14,67,14,32,,,0,,,,,,,,,,,,,,,
ITA-Serie A,2526,Hellas Verona,Abdou Harroui,NED,MF,27,1998,23,11,907,10.1,1,0,1,0,1,1,3,0,0.1,0.0,0.1,0.0,0.0,10.1,1,12,2,16.7,1.19,0.2,0.08,0.5,1,1,39,26.5,11,66,0,12,15,11,0.57,7,21,-14,-1.39,-0.6,0,22,1,2,28,1,17,,,0,,,,,,,,,,,,,,,
ITA-Serie A,2526,Hellas Verona,Al-Musrati,LBY,MF,29,1996,18,8,844,9.4,0,1,1,0,0,0,6,1,0.0,0.11,0.11,0.0,0.11,9.4,0,9,1,11.1,0.96,0.11,0.0,0.0,0,0,47,24.7,8,76,3,10,24,11,0.61,7,19,-12,-1.28,-0.44,1,15,3,1,2,11,7,,,0,,,,,,,,,,,,,,,
ITA-Serie A,2526,Hellas Verona,Amin Sarr,SWE,"FW,MF",24,2001,34,9,1102,12.2,0,1,1,0,0,0,2,1,0.0,0.08,0.08,0.0,0.08,12.2,0,19,6,31.6,1.55,0.49,0.0,0.0,0,0,32,32.2,9,66,0,25,20,2,0.56,8,33,-25,-2.04,-1.61,1,25,22,7,12,4,9,,,0,,,,,,,,,,,,,,,
ITA-Serie A,2526,Hellas Verona,Andrias Edmundsson,FRO,DF,24,2000,15,15,1319,14.7,0,0,0,0,0,0,3,0,0.0,0.0,0.0,0.0,0.0,14.7,0,4,1,25.0,0.27,0.07,0.0,0.0,0,0,88,38.6,15,88,14,0,,0,0.47,7,20,-13,-0.89,0.1,0,13,7,0,4,28,20,,,1,,,,,,,,,,,,,,,
ITA-Serie A,2526,Hellas Verona,Antoine Bernede,FRA,MF,26,1999,32,29,2301,25.6,1,2,3,1,0,0,2,0,0.04,0.08,0.12,0.04,0.12,25.6,1,21,4,19.0,0.82,0.16,0.05,0.25,0,0,72,67.3,29,76,10,3,29,1,0.56,18,38,-20,-0.78,0.5,0,55,20,1,25,16,39,,,0,,,,,,,,,,,,,,,
ITA-Serie A,2526,Hellas Verona,Armel Bella Kotchap,GER,DF,23,2001,19,14,1347,15.0,0,0,0,0,0,0,3,0,0.0,0.0,0.0,0.0,0.0,15.0,0,3,0,0.0,0.2,0.0,0.0,,0,0,71,39.4,14,83,10,5,36,5,0.58,13,27,-14,-0.94,0.02,0,22,17,0,1,29,12,,,0,,,,,,,,,,,,,,,
ITA-Serie A,2526,Hellas Verona,Cheikh Niasse,SEN,MF,25,2000,19,11,970,10.8,0,1,1,0,0,0,1,0,0.0,0.09,0.09,0.0,0.09,10.8,0,6,1,16.7,0.56,0.09,0.0,0.0,0,0,51,28.4,11,77,2,8,15,15,0.63,10,20,-10,-0.93,0.03,0,20,15,2,14,15,14,,,0,,,,,,,,,,,,,,,
ITA-Serie A,2526,Hellas Verona,Daniel Mosquera,COL,FW,25,1999,22,5,597,6.6,0,2,2,0,0,0,1,0,0.0,0.3,0.3,0.0,0.3,6.6,0,16,5,31.3,2.41,0.75,0.0,0.0,0,0,27,17.5,5,64,0,17,16,6,0.45,8,12,-4,-0.6,0.42,0,22,6,3,2,2,2,,,0,,,,,,,,,,,,,,,
ITA-Serie A,2526,Hellas Verona,Daniel Oyegoke,ENG,"MF,DF",22,2003,15,8,594,6.6,0,0,0,0,0,0,2,0,0.0,0.0,0.0,0.0,0.0,6.6,0,3,1,33.3,0.45,0.15,0.0,0.0,0,0,40,17.4,8,62,1,7,14,10,0.53,4,8,-4,-0.61,0.41,0,13,5,1,32,7,9,,,0,,,,,,,,,,,,,,,
ITA-Serie A,2526,Hellas Verona,Domagoj Bradarić,CRO,MF,25,1999,29,23,1966,21.8,0,1,1,0,0,0,2,0,0.0,0.05,0.05,0.0,0.05,21.8,0,13,6,46.2,0.6,0.27,0.0,0.0,0,0,68,57.5,23,80,12,6,23,5,0.45,17,39,-22,-1.01,-0.14,0,8,10,2,108,9,20,,,0,,,,,,,,,,,,,,,
ITA-Serie A,2526,Hellas Verona,Enzo Ebosse,CMR,DF,26,1999,4,3,214,2.4,0,0,0,0,0,0,1,0,0.0,0.0,0.0,0.0,0.0,2.4,0,1,0,0.0,0.42,0.0,0.0,,0,0,54,6.3,3,68,1,1,9,19,0.5,1,6,-5,-2.1,-1.23,0,5,1,0,0,0,1,,,0,,,,,,,,,,,,,,,
ITA-Serie A,2526,Hellas Verona,Fallou Cham,GAM,MF,19,2006,6,3,228,2.5,0,0,0,0,0,0,0,0,0.0,0.0,0.0,0.0,0.0,2.5,0,5,2,40.0,1.97,0.79,0.0,0.0,0,0,38,6.7,3,62,0,3,14,30,0.5,1,6,-5,-1.97,-1.1,0,7,5,1,10,4,9,,,0,,,,,,,,,,,,,,,
ITA-Serie A,2526,Hellas Verona,Gift Orban,NGA,FW,23,2002,28,23,2027,22.5,7,2,9,5,2,2,4,1,0.31,0.09,0.4,0.22,0.31,22.5,7,85,28,32.9,3.77,1.24,0.08,0.25,2,2,72,59.3,23,79,9,5,40,1,0.5,14,33,-19,-0.84,0.25,0,22,20,20,14,3,3,,,0,,,,,,,,,,,,,,,
ITA-Serie A,2526,Hellas Verona,Giovane,BRA,"FW,MF",21,2003,21,19,1533,17.0,3,4,7,3,0,0,2,0,0.18,0.23,0.41,0.18,0.41,17.0,3,47,25,53.2,2.76,1.47,0.06,0.12,0,0,73,44.8,19,77,8,2,33,0,0.67,12,23,-11,-0.65,0.55,0,21,15,8,56,5,9,,,0,,,,,,,,,,,,,,,
ITA-Serie A,2526,Hellas Verona,Grigoris Kastanos,CYP,MF,27,1998,6,0,44,0.5,0,0,0,0,0,0,0,0,0.0,0.0,0.0,0.0,0.0,0.5,0,1,0,0.0,2.05,0.0,0.0,,0,0,7,1.3,0,,0,6,7,11,0.67,0,2,-2,-4.09,-3.18,0,3,1,0,2,3,3,,,0,,,,,,,,,,,,,,,
ITA-Serie A,2526,Hellas Verona,Ioan Vermeșan,ROU,FW,18,2006,6,0,80,0.9,0,0,0,0,0,0,0,0,0.0,0.0,0.0,0.0,0.0,0.9,0,4,1,25.0,4.5,1.13,0.0,0.0,0,0,13,2.3,0,,0,6,13,7,0.33,1,1,0,0.0,0.97,0,0,1,0,0,0,0,,,0,,,,,,,,,,,,,,,
ITA-Serie A,2526,Hellas Verona,Isaac,BRA,FW,21,2004,3,0,40,0.4,0,0,0,0,0,0,0,0,0.0,0.0,0.0,0.0,0.0,0.4,0,0,0,,0.0,0.0,,,0,0,13,1.2,0,,0,3,13,16,0.0,0,0,0,0.0,0.96,0,1,2,0,1,0,0,,,0,,,,,,,,,,,,,,,
ITA-Serie A,2526,Hellas Verona,Jean-Daniel Akpa-Akpro,CIV,MF,32,1992,22,17,1504,16.7,1,0,1,1,0,0,9,0,0.06,0.0,0.06,0.06,0.06,16.7,1,13,4,30.8,0.78,0.24,0.08,0.25,0,0,68,44.0,17,76,7,5,41,1,0.5,10,19,-9,-0.54,0.73,0,39,15,0,17,22,32,,,0,,,,,,,,,,,,,,,
ITA-Serie A,2526,Hellas Verona,Junior Ajayi,CIV,FW,20,2004,1,0,1,0.0,0,0,0,0,0,0,0,0,0.0,0.0,0.0,0.0,0.0,0.0,0,0,0,,0.0,0.0,,,0,0,1,0.0,0,,0,1,1,22,1.0,0,0,0,0.0,0.95,0,0,0,0,0,0,0,,,0,,,,,,,,,,,,,,,
ITA-Serie A,2526,Hellas Verona,Kieron Bowie,SCO,FW,22,2002,14,14,1200,13.3,4,0,4,4,0,0,1,0,0.3,0.0,0.3,0.3,0.3,13.3,4,33,11,33.3,2.48,0.82,0.12,0.36,0,0,86,35.1,14,86,10,0,,0,0.5,7,18,-11,-0.82,0.19,0,34,27,3,6,0,3,,,0,,,,,,,,,,,,,,,
ITA-Serie A,2526,Hellas Verona,Lorenzo Montipò,ITA,GK,29,1996,35,35,3150,35.0,0,1,1,0,0,0,0,0,0.0,0.03,0.03,0.0,0.03,35.0,0,0,0,,0.0,0.0,,,0,0,90,92.1,35,90,35,0,,3,0.57,24,54,-30,-0.86,1.14,0,0,8,0,0,0,0,,,0,54,1.54,142,87,62.0,3,11,21,5,14.3,5,2,3,0,60.0
ITA-Serie A,2526,Hellas Verona,Martin Frese,DEN,"MF,DF",27,1998,31,27,2408,26.8,2,0,2,2,0,0,8,0,0.07,0.0,0.07,0.07,0.07,26.8,2,21,11,52.4,0.78,0.41,0.1,0.18,0,0,78,70.4,27,83,17,4,40,3,0.61,16,40,-24,-0.9,0.17,0,46,20,4,74,30,54,,,1,,,,,,,,,,,,,,,
ITA-Serie A,2526,Hellas Verona,Nicolás Valentini,ARG,DF,24,2001,21,15,1409,15.7,0,0,0,0,0,0,8,1,0.0,0.0,0.0,0.0,0.0,15.7,0,16,7,43.8,1.02,0.45,0.0,0.0,0,0,67,41.2,15,86,13,6,21,6,0.71,10,22,-12,-0.77,0.31,1,30,7,1,15,16,18,,,0,,,,,,,,,,,,,,,
ITA-Serie A,2526,Hellas Verona,Pol Lirola,ESP,MF,27,1997,6,3,305,3.4,0,0,0,0,0,0,1,0,0.0,0.0,0.0,0.0,0.0,3.4,0,0,0,,0.0,0.0,,,0,0,51,8.9,3,70,0,3,32,8,0.5,1,6,-5,-1.48,-0.58,0,3,0,0,16,2,3,,,0,,,,,,,,,,,,,,,
ITA-Serie A,2526,Hellas Verona,Rafik Belghali,ALG,MF,23,2002,26,22,1920,21.3,2,0,2,2,0,0,6,0,0.09,0.0,0.09,0.09,0.09,21.3,2,21,6,28.6,0.98,0.28,0.1,0.33,0,0,74,56.1,22,82,12,4,29,1,0.58,15,28,-13,-0.61,0.77,0,20,10,6,60,17,13,,,0,,,,,,,,,,,,,,,
ITA-Serie A,2526,Hellas Verona,Roberto Gagliardini,ITA,MF,31,1994,29,25,2272,25.2,1,0,1,1,0,0,9,0,0.04,0.0,0.04,0.04,0.04,25.2,1,15,3,20.0,0.59,0.12,0.07,0.33,0,0,78,66.4,25,84,19,4,43,1,0.52,17,36,-19,-0.75,0.58,0,45,35,0,16,56,40,,,0,,,,,,,,,,,,,,,
ITA-Serie A,2526,Hellas Verona,Sandi Lovrić,SVN,MF,27,1998,7,3,309,3.4,0,0,0,0,0,0,1,0,0.0,0.0,0.0,0.0,0.0,3.4,0,2,1,50.0,0.58,0.29,0.0,0.0,0,0,44,9.0,3,75,0,4,21,0,0.57,0,3,-3,-0.87,0.08,0,5,3,0,24,5,6,,,0,,,,,,,,,,,,,,,
ITA-Serie A,2526,Hellas Verona,Simone Perilli,ITA,GK,30,1995,3,3,270,3.0,0,0,0,0,0,0,0,0,0.0,0.0,0.0,0.0,0.0,3.0,0,0,0,,0.0,0.0,,,0,0,90,7.9,3,90,3,0,,35,0.33,1,7,-6,-2.0,-1.14,0,0,0,0,0,0,0,,,0,7,2.33,15,8,53.3,0,1,2,1,33.3,0,0,0,0,
ITA-Serie A,2526,Hellas Verona,Suat Serdar,GER,MF,28,1997,20,12,1108,12.3,2,0,2,2,0,0,3,0,0.16,0.0,0.16,0.16,0.16,12.3,2,19,7,36.8,1.54,0.57,0.11,0.29,0,0,55,32.4,12,78,4,8,21,0,0.55,8,24,-16,-1.3,-0.52,0,19,12,1,7,10,20,,,0,,,,,,,,,,,,,,,
ITA-Serie A,2526,Hellas Verona,Tobias Slotsager,DEN,DF,19,2006,8,4,446,5.0,0,0,0,0,0,0,0,0,0.0,0.0,0.0,0.0,0.0,5.0,0,3,1,33.3,0.61,0.2,0.0,0.0,0,0,56,13.0,4,90,4,4,22,28,0.38,2,9,-7,-1.41,-0.53,0,3,5,0,2,3,7,,,0,,,,,,,,,,,,,,,
ITA-Serie A,2526,Hellas Verona,Tomáš Suslov,SVK,FW,23,2002,11,5,446,5.0,0,0,0,0,0,0,1,1,0.0,0.0,0.0,0.0,0.0,5.0,0,12,4,33.3,2.42,0.81,0.0,0.0,0,0,41,13.0,5,68,1,6,18,0,0.55,1,7,-6,-1.21,-0.3,0,9,12,0,21,1,6,,,0,,,,,,,,,,,,,,,
ITA-Serie A,2526,Hellas Verona,Unai Núñez,ESP,DF,28,1997,17,15,1265,14.1,0,0,0,0,0,0,6,0,0.0,0.0,0.0,0.0,0.0,14.1,0,7,1,14.3,0.5,0.07,0.0,0.0,0,0,74,37.0,15,82,12,2,21,1,0.71,12,26,-14,-1.0,-0.08,0,27,10,0,11,23,18,,,1,,,,,,,,,,,,,,,
ITA-Serie A,2526,Hellas Verona,Victor Nelsson,DEN,DF,26,1998,38,37,3315,36.8,0,0,0,0,0,0,4,0,0.0,0.0,0.0,0.0,0.0,36.8,0,8,1,12.5,0.22,0.03,0.0,0.0,0,0,87,96.9,37,89,35,1,13,0,0.55,22,59,-37,-1.0,-1.86,0,44,20,0,5,75,45,,,1,,,,,,,,,,,,,,,
ITA-Serie A,2526,Hellas Verona,Yellu Santiago,ESP,MF,21,2004,2,0,6,0.1,0,0,0,0,0,0,0,0,0.0,0.0,0.0,0.0,0.0,0.1,0,2,1,50.0,30.0,15.0,0.0,0.0,0,0,3,0.2,0,,0,2,3,12,1.0,0,0,0,0.0,0.95,0,0,1,0,0,0,0,,,0,,,,,,,,,,,,,,,
ITA-Serie A,2526,Inter,Alessandro Bastoni,ITA,DF,26,1999,28,28,2239,24.9,1,4,5,1,0,0,6,0,0.04,0.16,0.2,0.04,0.2,24.9,1,17,8,47.1,0.68,0.32,0.06,0.13,0,0,80,65.5,28,80,16,0,,7,2.39,62,21,41,1.65,0.66,0,45,20,0,85,21,39,,,0,,,,,,,,,,,,,,,
ITA-Serie A,2526,Inter,Andy Diouf,FRA,MF,22,2003,19,4,493,5.5,1,0,1,1,0,0,1,0,0.18,0.0,0.18,0.18,0.18,5.5,1,10,3,30.0,1.83,0.55,0.1,0.33,0,0,26,14.4,4,75,2,15,13,17,2.37,16,5,11,2.01,0.69,0,5,3,1,6,1,6,,,0,,,,,,,,,,,,,,,
ITA-Serie A,2526,Inter,Ange-Yoan Bonny,CIV,FW,21,2003,33,10,1142,12.7,5,4,9,5,0,0,1,0,0.39,0.32,0.71,0.39,0.71,12.7,5,22,9,40.9,1.73,0.71,0.23,0.56,0,0,35,33.4,10,67,1,23,21,2,2.18,35,11,24,1.89,0.71,0,17,24,9,6,1,9,,,0,,,,,,,,,,,,,,,
ITA-Serie A,2526,Inter,Benjamin Pavard,FRA,DF,29,1996,1,1,90,1.0,0,0,0,0,0,0,0,0,0.0,0.0,0.0,0.0,0.0,1.0,0,1,1,100.0,1.0,1.0,0.0,0.0,0,0,90,2.6,1,90,1,0,,1,3.0,5,0,5,5.0,3.68,0,1,0,0,0,2,1,,,0,,,,,,,,,,,,,,,
ITA-Serie A,2526,Inter,Carlos Augusto,BRA,"MF,DF",26,1999,34,18,1763,19.6,1,1,2,1,0,0,6,0,0.05,0.05,0.1,0.05,0.1,19.6,1,20,6,30.0,1.02,0.31,0.05,0.17,0,0,52,51.5,18,81,12,16,19,2,2.29,41,19,22,1.12,-0.61,0,26,13,0,46,19,22,,,0,,,,,,,,,,,,,,,
ITA-Serie A,2526,Inter,Davide Frattesi,ITA,MF,25,1999,22,3,569,6.3,0,0,0,0,0,0,0,0,0.0,0.0,0.0,0.0,0.0,6.3,0,16,4,25.0,2.53,0.63,0.0,0.0,0,0,26,16.6,3,80,2,19,17,14,2.45,15,4,11,1.74,0.38,0,9,11,2,2,3,7,,,0,,,,,,,,,,,,,,,
ITA-Serie A,2526,Inter,Denzel Dumfries,NED,MF,29,1996,20,15,1325,14.7,3,1,4,3,0,0,2,0,0.2,0.07,0.27,0.2,0.27,14.7,3,23,5,21.7,1.56,0.34,0.13,0.6,0,0,66,38.7,15,80,8,5,25,2,2.1,36,14,22,1.49,0.12,0,20,13,2,34,7,9,,,0,,,,,,,,,,,,,,,
ITA-Serie A,2526,Inter,Federico Dimarco,ITA,MF,27,1997,35,30,2698,30.0,7,16,23,7,0,0,3,0,0.23,0.53,0.77,0.23,0.77,30.0,7,65,22,33.8,2.17,0.73,0.11,0.32,0,0,77,78.9,30,84,20,5,36,3,2.23,73,27,46,1.53,0.54,0,41,23,5,295,30,31,,,0,,,,,,,,,,,,,,,
ITA-Serie A,2526,Inter,Francesco Acerbi,ITA,DF,37,1988,18,15,1378,15.3,0,1,1,0,0,0,3,0,0.0,0.07,0.07,0.0,0.07,15.3,0,3,1,33.3,0.2,0.07,0.0,0.0,0,0,77,40.3,15,88,12,3,22,18,2.11,34,18,16,1.04,-0.63,0,17,13,3,3,18,9,,,0,,,,,,,,,,,,,,,
ITA-Serie A,2526,Inter,Francesco Esposito,ITA,FW,20,2005,35,15,1571,17.5,7,3,10,7,0,0,1,0,0.4,0.17,0.57,0.4,0.57,17.5,7,57,23,40.4,3.27,1.32,0.12,0.3,0,0,45,45.9,15,74,5,20,23,1,2.31,37,18,19,1.09,-0.62,0,29,50,2,4,5,5,,,0,,,,,,,,,,,,,,,
ITA-Serie A,2526,Inter,Hakan Çalhanoğlu,TUR,MF,31,1994,22,20,1639,18.2,9,4,13,5,4,5,7,0,0.49,0.22,0.71,0.27,0.49,18.2,9,50,17,34.0,2.75,0.93,0.18,0.53,4,5,75,47.9,20,79,7,2,35,5,2.27,43,16,27,1.48,0.12,0,28,11,0,86,19,17,,,0,,,,,,,,,,,,,,,
ITA-Serie A,2526,Inter,Henrikh Mkhitaryan,ARM,MF,36,1989,30,16,1560,17.3,4,1,5,4,0,0,5,0,0.23,0.06,0.29,0.23,0.29,17.3,4,43,14,32.6,2.48,0.81,0.09,0.29,0,0,52,45.6,16,76,7,14,24,3,2.27,44,12,32,1.85,0.78,0,28,17,3,42,15,27,,,0,,,,,,,,,,,,,,,
ITA-Serie A,2526,Inter,Josep Martinez,ESP,GK,27,1998,5,5,450,5.0,0,0,0,0,0,0,0,0,0.0,0.0,0.0,0.0,0.0,5.0,0,0,0,,0.0,0.0,,,0,0,90,13.2,5,90,5,0,,29,2.6,13,4,9,1.8,0.44,0,0,0,0,0,0,0,,,0,4,0.8,14,10,71.4,4,1,0,3,60.0,0,0,0,0,
ITA-Serie A,2526,Inter,Lautaro Martínez,ARG,FW,27,1997,30,27,2159,24.0,17,6,23,17,0,0,4,0,0.71,0.25,0.96,0.71,0.96,24.0,17,92,39,42.4,3.84,1.63,0.18,0.44,0,0,72,63.1,27,77,4,3,24,3,2.4,60,21,39,1.63,0.56,0,47,47,8,17,6,13,,,0,,,,,,,,,,,,,,,
ITA-Serie A,2526,Inter,Luis Henrique,BRA,MF,23,2001,30,18,1624,18.0,1,2,3,1,0,0,1,0,0.06,0.11,0.17,0.06,0.17,18.0,1,15,7,46.7,0.83,0.39,0.07,0.14,0,0,54,47.5,18,75,8,12,23,7,2.47,35,14,21,1.16,-0.49,0,5,0,1,39,7,16,,,0,,,,,,,,,,,,,,,
ITA-Serie A,2526,Inter,Luka Topalović,SVN,MF,19,2006,1,0,10,0.1,0,1,1,0,0,0,0,0,0.0,9.0,9.0,0.0,9.0,0.1,0,0,0,,0.0,0.0,,,0,0,10,0.3,0,,0,1,10,1,1.0,1,0,1,9.0,7.6,0,0,0,0,0,0,0,,,0,,,,,,,,,,,,,,,
ITA-Serie A,2526,Inter,Manuel Akanji,SUI,DF,30,1995,33,31,2821,31.3,2,0,2,2,0,0,4,0,0.06,0.0,0.06,0.06,0.06,31.3,2,23,6,26.1,0.73,0.19,0.09,0.33,0,0,85,82.5,31,90,30,2,21,2,2.39,73,26,47,1.5,0.45,0,26,18,2,3,37,24,,,0,,,,,,,,,,,,,,,
ITA-Serie A,2526,Inter,Marcus Thuram,FRA,FW,27,1997,29,24,1900,21.1,13,6,19,13,0,0,2,0,0.62,0.28,0.9,0.62,0.9,21.1,13,74,29,39.2,3.51,1.37,0.18,0.45,0,0,66,55.6,24,75,6,5,22,2,2.41,47,19,28,1.33,-0.21,0,43,41,15,21,1,13,,,0,,,,,,,,,,,,,,,
ITA-Serie A,2526,Inter,Matteo Cocchi,ITA,DF,18,2007,1,0,17,0.2,0,0,0,0,0,0,0,0,0.0,0.0,0.0,0.0,0.0,0.2,0,0,0,,0.0,0.0,,,0,0,17,0.5,0,,0,1,17,20,1.0,1,0,1,5.29,3.89,0,0,0,0,0,0,0,,,0,,,,,,,,,,,,,,,
ITA-Serie A,2526,Inter,Matteo Darmian,ITA,"MF,DF",35,1989,6,2,248,2.8,0,0,0,0,0,0,0,0,0.0,0.0,0.0,0.0,0.0,2.8,0,0,0,,0.0,0.0,,,0,0,41,7.3,2,71,0,4,27,19,1.83,5,5,0,0.0,-1.53,0,4,2,1,5,1,3,,,0,,,,,,,,,,,,,,,
ITA-Serie A,2526,Inter,Matteo Lavelli,ITA,FW,18,2006,1,0,8,0.1,0,0,0,0,0,0,0,0,0.0,0.0,0.0,0.0,0.0,0.1,0,0,0,,0.0,0.0,,,0,0,8,0.2,0,,0,1,8,5,3.0,0,0,0,0.0,-1.42,0,0,0,0,1,0,0,,,0,,,,,,,,,,,,,,,
ITA-Serie A,2526,Inter,Mattia Mosconi,ITA,FW,18,2007,2,0,27,0.3,0,0,0,0,0,0,0,0,0.0,0.0,0.0,0.0,0.0,0.3,0,2,0,0.0,6.67,0.0,0.0,,0,0,14,0.8,0,,0,2,14,6,2.0,0,1,-1,-3.33,-4.79,0,1,2,0,0,0,0,,,0,,,,,,,,,,,,,,,
ITA-Serie A,2526,Inter,Nicolò Barella,ITA,MF,28,1997,34,31,2517,28.0,3,8,11,3,0,0,7,0,0.11,0.29,0.39,0.11,0.39,28.0,3,35,5,14.3,1.25,0.18,0.09,0.6,0,0,74,73.6,31,78,11,3,29,1,2.26,61,25,36,1.29,-0.51,0,33,22,4,102,9,31,,,0,,,,,,,,,,,,,,,
ITA-Serie A,2526,Inter,Petar Sučić,CRO,MF,21,2003,34,21,1765,19.6,2,2,4,2,0,0,5,0,0.1,0.1,0.2,0.1,0.2,19.6,2,22,6,27.3,1.12,0.31,0.09,0.33,0,0,52,51.6,21,74,7,13,16,3,2.21,42,21,21,1.07,-0.72,0,30,25,0,43,9,25,,,0,,,,,,,,,,,,,,,
ITA-Serie A,2526,Inter,Piotr Zieliński,POL,MF,31,1994,34,22,2045,22.7,6,3,9,5,1,1,3,0,0.26,0.13,0.4,0.22,0.35,22.7,6,29,10,34.5,1.28,0.44,0.21,0.6,1,1,60,59.8,22,80,11,12,23,4,2.21,55,26,29,1.28,-0.36,0,18,18,0,23,7,19,,,1,,,,,,,,,,,,,,,
ITA-Serie A,2526,Inter,Raffaele Di Gennaro,ITA,GK,31,1993,1,0,10,0.1,0,0,0,0,0,0,0,0,0.0,0.0,0.0,0.0,0.0,0.1,0,0,0,,0.0,0.0,,,0,0,10,0.3,0,,0,1,10,22,1.0,0,1,-1,-9.0,-10.45,0,0,0,0,0,0,0,,,0,1,9.0,2,1,50.0,0,0,0,0,,0,0,0,0,
ITA-Serie A,2526,Inter,Stefan de Vrij,NED,DF,33,1992,11,8,670,7.4,0,0,0,0,0,0,1,0,0.0,0.0,0.0,0.0,0.0,7.4,0,6,2,33.3,0.81,0.27,0.0,0.0,0,0,61,19.6,8,82,5,3,5,27,2.45,19,8,11,1.48,0.07,0,5,5,0,0,7,12,,,0,,,,,,,,,,,,,,,
ITA-Serie A,2526,Inter,Yann Aurel Bisseck,GER,DF,24,2000,23,21,1922,21.4,3,1,4,3,0,0,2,0,0.14,0.05,0.19,0.14,0.19,21.4,3,25,12,48.0,1.17,0.56,0.12,0.25,0,0,84,56.2,21,89,19,2,24,12,2.3,50,19,31,1.45,0.07,0,21,16,3,12,23,18,,,0,,,,,,,,,,,,,,,
ITA-Serie A,2526,Inter,Yann Sommer,SUI,GK,36,1988,33,33,2960,32.9,0,0,0,0,0,0,0,0,0.0,0.0,0.0,0.0,0.0,32.9,0,0,0,,0.0,0.0,,,0,0,90,86.5,33,90,32,0,,5,2.24,76,30,46,1.4,-0.17,0,0,2,0,0,0,0,,,0,30,0.91,95,64,68.4,23,5,5,15,45.5,4,4,0,0,0.0
ITA-Serie A,2526,Juventus,Andrea Cambiaso,ITA,"MF,DF",25,2000,36,35,2769,30.8,3,4,7,3,0,0,3,1,0.1,0.13,0.23,0.1,0.23,30.8,3,26,13,50.0,0.85,0.42,0.12,0.23,0,0,77,81.0,35,78,8,1,45,0,1.75,45,26,19,0.62,-0.49,0,29,21,2,123,20,39,,,2,,,,,,,,,,,,,,,
ITA-Serie A,2526,Juventus,Arkadiusz Milik,POL,FW,31,1994,2,0,36,0.4,0,0,0,0,0,0,0,0,0.0,0.0,0.0,0.0,0.0,0.4,0,2,2,100.0,5.0,5.0,0.0,0.0,0,0,18,1.1,0,,0,2,18,6,2.0,0,0,0,0.0,-0.72,0,1,0,0,0,0,0,,,0,,,,,,,,,,,,,,,
ITA-Serie A,2526,Juventus,Daniele Rugani,ITA,DF,31,1994,6,3,250,2.8,0,0,0,0,0,0,0,0,0.0,0.0,0.0,0.0,0.0,2.8,0,0,0,,0.0,0.0,,,0,0,42,7.3,3,71,0,3,13,7,1.83,2,3,-1,-0.36,-1.15,0,2,0,0,0,5,3,,,0,,,,,,,,,,,,,,,
ITA-Serie A,2526,Juventus,Dušan Vlahović,SRB,FW,25,2000,19,11,968,10.8,7,1,8,6,1,1,0,0,0.65,0.09,0.74,0.56,0.65,10.8,7,49,18,36.7,4.56,1.67,0.14,0.39,1,1,51,28.3,11,73,2,8,21,1,1.58,16,12,4,0.37,-0.47,0,9,18,9,3,2,3,,,0,,,,,,,,,,,,,,,
ITA-Serie A,2526,Juventus,Edon Zhegrova,KVX,MF,26,1999,19,0,382,4.2,0,0,0,0,0,0,1,0,0.0,0.0,0.0,0.0,0.0,4.2,0,19,9,47.4,4.48,2.12,0.0,0.0,0,0,20,11.2,0,,0,19,20,15,1.47,10,4,6,1.41,0.79,0,4,6,2,48,0,3,,,0,,,,,,,,,,,,,,,
ITA-Serie A,2526,Juventus,Emil Holm,SWE,MF,25,2000,7,2,230,2.6,0,0,0,0,0,0,0,0,0.0,0.0,0.0,0.0,0.0,2.6,0,5,1,20.0,1.96,0.39,0.0,0.0,0,0,33,6.7,2,58,0,5,23,3,2.0,3,3,0,0.0,-0.76,0,0,5,0,6,3,5,,,0,,,,,,,,,,,,,,,
ITA-Serie A,2526,Juventus,Fabio Miretti,ITA,MF,21,2003,23,5,617,6.9,1,2,3,1,0,0,1,0,0.15,0.29,0.44,0.15,0.44,6.9,1,18,5,27.8,2.63,0.73,0.06,0.2,0,0,27,18.0,5,68,0,18,15,8,1.83,17,6,11,1.6,1.09,0,15,7,0,17,4,9,,,0,,,,,,,,,,,,,,,
ITA-Serie A,2526,Juventus,Federico Gatti,ITA,DF,27,1998,21,12,1093,12.1,2,0,2,2,0,0,3,0,0.16,0.0,0.16,0.16,0.16,12.1,2,14,6,42.9,1.15,0.49,0.14,0.33,0,0,52,32.0,12,80,7,9,15,10,2.0,12,13,-1,-0.08,-1.17,0,17,6,0,2,12,10,,,0,,,,,,,,,,,,,,,
ITA-Serie A,2526,Juventus,Filip Kostić,SRB,MF,32,1992,18,4,479,5.3,3,1,4,3,0,0,1,0,0.56,0.19,0.75,0.56,0.75,5.3,3,9,4,44.4,1.69,0.75,0.33,0.75,0,0,27,14.0,4,69,0,14,15,20,2.0,12,4,8,1.5,0.92,0,8,5,0,49,4,10,,,0,,,,,,,,,,,,,,,
ITA-Serie A,2526,Juventus,Francisco Conceição,POR,"MF,FW",22,2002,31,27,2078,23.1,3,5,8,3,0,0,3,0,0.13,0.22,0.35,0.13,0.35,23.1,3,73,23,31.5,3.16,1.0,0.04,0.13,0,0,67,60.8,27,73,2,4,25,2,1.68,30,18,12,0.52,-0.49,0,32,40,3,92,7,26,,,0,,,,,,,,,,,,,,,
ITA-Serie A,2526,Juventus,Gleison Bremer,BRA,DF,28,1997,26,25,2171,24.1,4,3,7,4,0,0,5,0,0.17,0.12,0.29,0.17,0.29,24.1,4,23,9,39.1,0.95,0.37,0.17,0.44,0,0,84,63.5,25,86,20,1,15,1,2.12,45,19,26,1.08,1.01,0,21,10,0,1,30,14,,,0,,,,,,,,,,,,,,,
ITA-Serie A,2526,Juventus,Jeremie Boga,CIV,"MF,FW",28,1997,15,6,679,7.5,4,0,4,4,0,0,1,0,0.53,0.0,0.53,0.53,0.53,7.5,4,24,12,50.0,3.18,1.59,0.17,0.33,0,0,45,19.9,6,81,1,9,21,0,1.6,15,6,9,1.19,0.6,0,3,7,1,30,2,3,,,0,,,,,,,,,,,,,,,
ITA-Serie A,2526,Juventus,Jonathan David,CAN,FW,25,2000,35,20,1781,19.8,6,4,10,6,0,1,0,0,0.3,0.2,0.51,0.3,0.51,19.8,6,41,16,39.0,2.07,0.81,0.15,0.38,0,1,51,52.1,20,73,4,15,21,3,1.91,32,14,18,0.91,0.42,0,30,26,11,8,6,10,,,0,,,,,,,,,,,,,,,
ITA-Serie A,2526,Juventus,João Mário Lopes,POR,MF,25,2000,10,2,258,2.9,0,0,0,0,0,0,1,0,0.0,0.0,0.0,0.0,0.0,2.9,0,3,0,0.0,1.05,0.0,0.0,,0,0,26,7.5,2,72,0,8,14,12,2.0,6,2,4,1.4,0.74,0,5,10,0,5,3,3,,,0,,,,,,,,,,,,,,,
ITA-Serie A,2526,Juventus,Juan David Cabal,COL,MF,24,2001,12,2,296,3.3,2,0,2,2,0,0,1,0,0.61,0.0,0.61,0.61,0.61,3.3,2,5,2,40.0,1.52,0.61,0.4,1.0,0,0,25,8.7,2,45,0,10,21,11,2.0,8,5,3,0.91,0.22,0,4,1,2,4,4,5,,,0,,,,,,,,,,,,,,,
ITA-Serie A,2526,Juventus,Kenan Yıldız,TUR,"MF,FW",20,2005,36,33,2825,31.4,10,6,16,9,1,2,2,0,0.32,0.19,0.51,0.29,0.48,31.4,10,97,40,41.2,3.09,1.27,0.1,0.25,1,2,78,82.6,33,83,12,3,25,1,1.81,49,26,23,0.73,0.13,0,23,56,7,122,7,14,,,0,,,,,,,,,,,,,,,
ITA-Serie A,2526,Juventus,Khéphren Thuram,FRA,MF,24,2001,35,30,2442,27.1,3,3,6,3,0,0,2,0,0.11,0.11,0.22,0.11,0.22,27.1,3,50,15,30.0,1.84,0.55,0.06,0.2,0,0,70,71.4,30,77,14,5,25,1,1.8,49,25,24,0.88,0.61,0,38,12,3,16,12,32,,,0,,,,,,,,,,,,,,,
ITA-Serie A,2526,Juventus,Lloyd Kelly,ENG,DF,26,1998,35,33,2996,33.3,1,1,2,1,0,0,4,0,0.03,0.03,0.06,0.03,0.06,33.3,1,17,3,17.6,0.51,0.09,0.06,0.33,0,0,86,87.6,33,89,30,2,30,0,1.77,55,30,25,0.75,0.33,0,43,20,4,12,14,33,,,0,,,,,,,,,,,,,,,
ITA-Serie A,2526,Juventus,Loïs Openda,BEL,"FW,MF",25,2000,24,6,666,7.4,1,0,1,1,0,0,0,0,0.14,0.0,0.14,0.14,0.14,7.4,1,26,6,23.1,3.51,0.81,0.04,0.17,0,0,28,19.5,6,69,0,18,14,12,1.71,11,8,3,0.41,-0.38,0,8,21,11,7,1,4,,,0,,,,,,,,,,,,,,,
ITA-Serie A,2526,Juventus,Manuel Locatelli,ITA,MF,27,1998,36,36,2994,33.3,1,2,3,1,0,1,9,0,0.03,0.06,0.09,0.03,0.09,33.3,1,46,12,26.1,1.38,0.36,0.02,0.08,0,1,83,87.5,36,83,24,0,,1,1.86,49,28,21,0.63,-0.64,0,55,44,0,19,38,66,,,0,,,,,,,,,,,,,,,
ITA-Serie A,2526,Juventus,Mattia Perin,ITA,GK,32,1992,9,9,765,8.5,0,0,0,0,0,0,0,0,0.0,0.0,0.0,0.0,0.0,8.5,0,0,0,,0.0,0.0,,,0,0,85,22.4,9,85,8,0,,25,1.67,15,9,6,0.71,-0.01,0,0,2,0,0,0,0,,,0,9,1.06,22,13,59.1,4,3,2,3,33.3,0,0,0,0,
ITA-Serie A,2526,Juventus,Michele Di Gregorio,ITA,GK,28,1997,30,29,2655,29.5,0,0,0,0,0,0,1,0,0.0,0.0,0.0,0.0,0.0,29.5,0,0,0,,0.0,0.0,,,0,0,89,77.6,29,90,29,1,45,8,1.9,46,25,21,0.71,0.01,0,0,5,0,0,0,0,,,0,25,0.85,86,60,70.9,15,9,5,14,48.3,3,1,0,2,0.0
ITA-Serie A,2526,Juventus,Nicolás González,ARG,"FW,MF",27,1998,2,0,19,0.2,0,0,0,0,0,0,0,0,0.0,0.0,0.0,0.0,0.0,0.2,0,2,0,0.0,9.47,0.0,0.0,,0,0,10,0.6,0,,0,2,10,0,3.0,1,0,1,4.74,4.05,0,0,3,0,0,0,0,,,0,,,,,,,,,,,,,,,
ITA-Serie A,2526,Juventus,Pierre Kalulu,FRA,"DF,MF",25,2000,37,37,3281,36.5,2,4,6,2,0,0,4,1,0.05,0.11,0.16,0.05,0.16,36.5,2,13,4,30.8,0.36,0.11,0.15,0.5,0,0,89,95.9,37,89,36,0,,0,1.86,60,30,30,0.82,2.77,1,34,16,0,94,24,35,,,0,,,,,,,,,,,,,,,
ITA-Serie A,2526,Juventus,Teun Koopmeiners,NED,"MF,DF",27,1998,33,18,1827,20.3,0,0,0,0,0,0,5,0,0.0,0.0,0.0,0.0,0.0,20.3,0,28,7,25.0,1.38,0.34,0.0,0.0,0,0,55,53.4,18,82,11,15,23,4,1.7,25,22,3,0.15,-1.21,0,33,11,3,47,18,13,,,0,,,,,,,,,,,,,,,
ITA-Serie A,2526,Juventus,Vasilije Adžić,MNE,MF,19,2006,10,1,171,1.9,1,0,1,1,0,0,0,0,0.53,0.0,0.53,0.53,0.53,1.9,1,6,4,66.7,3.16,2.11,0.17,0.25,0,0,17,5.0,1,57,0,9,13,25,1.6,2,3,-1,-0.53,-1.3,0,3,2,0,4,3,2,,,0,,,,,,,,,,,,,,,
ITA-Serie A,2526,Juventus,Weston McKennie,USA,MF,26,1998,36,32,2835,31.5,5,5,10,5,0,0,5,0,0.16,0.16,0.32,0.16,0.32,31.5,5,43,16,37.2,1.37,0.51,0.12,0.31,0,0,79,82.9,32,87,23,4,13,1,1.81,53,31,22,0.7,-0.07,0,44,11,7,36,26,24,,,0,,,,,,,,,,,,,,,
ITA-Serie A,2526,Lazio,Adam Marušić,MNE,DF,32,1992,33,32,2778,30.9,1,2,3,1,0,0,1,1,0.03,0.06,0.1,0.03,0.1,30.9,1,16,7,43.8,0.52,0.23,0.06,0.14,0,0,84,81.2,32,86,25,1,30,1,1.45,29,30,-1,-0.03,-0.31,0,22,18,1,35,33,16,,,0,,,,,,,,,,,,,,,
ITA-Serie A,2526,Lazio,Adrian Przyborek,POL,MF,18,2007,1,0,9,0.1,0,0,0,0,0,0,0,0,0.0,0.0,0.0,0.0,0.0,0.1,0,1,0,0.0,10.0,0.0,0.0,,0,0,9,0.3,0,,0,1,9,14,3.0,0,0,0,0.0,-0.03,0,0,0,0,0,0,0,,,0,,,,,,,,,,,,,,,
ITA-Serie A,2526,Lazio,Alessio Furlanetto,ITA,GK,23,2002,2,2,180,2.0,0,0,0,0,0,0,0,0,0.0,0.0,0.0,0.0,0.0,2.0,0,0,0,,0.0,0.0,,,0,0,90,5.3,2,90,2,0,,33,1.5,2,3,-1,-0.5,-0.56,0,0,0,0,0,0,0,,,0,3,1.5,10,7,70.0,1,0,1,0,0.0,0,0,0,0,
ITA-Serie A,2526,Lazio,Alessio Romagnoli,ITA,DF,30,1995,32,31,2666,29.6,0,0,0,0,0,0,6,1,0.0,0.0,0.0,0.0,0.0,29.6,0,9,4,44.4,0.3,0.14,0.0,0.0,0,0,83,78.0,31,86,27,1,14,0,1.41,28,30,-2,-0.07,-0.43,0,18,15,0,2,32,14,,,0,,,,,,,,,,,,,,,
ITA-Serie A,2526,Lazio,Boulaye Dia,SEN,"FW,MF",28,1996,27,14,1253,13.9,1,2,3,1,0,0,1,0,0.07,0.14,0.22,0.07,0.22,13.9,1,12,7,58.3,0.86,0.5,0.08,0.14,0,0,46,36.6,14,70,2,13,21,5,1.44,14,11,3,0.22,0.3,0,19,14,4,0,3,7,,,0,,,,,,,,,,,,,,,
ITA-Serie A,2526,Lazio,Daniel Maldini,ITA,FW,23,2001,12,9,687,7.6,2,1,3,2,0,0,0,0,0.26,0.13,0.39,0.26,0.39,7.6,2,15,5,33.3,1.97,0.66,0.13,0.4,0,0,57,20.1,9,69,2,3,21,2,1.83,8,11,-3,-0.39,-0.52,0,14,20,3,1,4,9,,,0,,,,,,,,,,,,,,,
ITA-Serie A,2526,Lazio,Danilo Cataldi,ITA,MF,30,1994,27,24,1985,22.1,3,3,6,1,2,2,6,0,0.14,0.14,0.27,0.05,0.18,22.1,3,26,7,26.9,1.18,0.32,0.12,0.43,2,2,74,58.0,24,77,13,3,42,3,1.37,24,26,-2,-0.09,-0.28,0,22,12,0,48,21,22,,,0,,,,,,,,,,,,,,,
ITA-Serie A,2526,Lazio,Edoardo Motta,ITA,GK,20,2005,9,9,810,9.0,0,0,0,0,0,0,1,0,0.0,0.0,0.0,0.0,0.0,9.0,0,0,0,,0.0,0.0,,,0,0,90,23.7,9,90,9,0,,5,1.89,13,10,3,0.33,0.4,0,1,1,0,0,0,0,,,0,10,1.11,32,22,68.8,5,2,2,3,33.3,1,0,1,0,100.0
ITA-Serie A,2526,Lazio,Elseid Hysaj,ALB,DF,31,1994,5,1,174,1.9,0,0,0,0,0,0,0,0,0.0,0.0,0.0,0.0,0.0,1.9,0,0,0,,0.0,0.0,,,0,0,35,5.1,1,90,1,4,21,25,2.2,5,4,1,0.52,0.52,0,0,1,0,2,2,0,,,0,,,,,,,,,,,,,,,
ITA-Serie A,2526,Lazio,Fisayo Dele-Bashiru,NGA,MF,24,2001,24,11,1187,13.2,1,0,1,1,0,0,0,0,0.08,0.0,0.08,0.08,0.08,13.2,1,9,2,22.2,0.68,0.15,0.11,0.5,0,0,49,34.7,11,75,6,13,27,1,1.33,18,16,2,0.15,0.19,0,8,3,2,10,4,15,,,0,,,,,,,,,,,,,,,
ITA-Serie A,2526,Lazio,Gustav Isaksen,DEN,FW,24,2001,30,18,1593,17.7,5,1,6,5,0,0,0,0,0.28,0.06,0.34,0.28,0.34,17.7,5,48,19,39.6,2.71,1.07,0.1,0.26,0,0,53,46.6,18,71,0,12,26,4,1.27,15,19,-4,-0.23,-0.47,0,18,57,1,32,7,8,,,0,,,,,,,,,,,,,,,
ITA-Serie A,2526,Lazio,Ivan Provedel,ITA,GK,31,1994,27,27,2430,27.0,0,0,0,0,0,0,1,0,0.0,0.0,0.0,0.0,0.0,27.0,0,0,0,,0.0,0.0,,,0,0,90,71.1,27,90,27,0,,0,1.26,26,27,-1,-0.04,-0.22,0,0,2,0,0,0,0,,,0,27,1.0,116,87,76.7,8,10,9,12,44.4,4,3,1,0,25.0
ITA-Serie A,2526,Lazio,Kenneth Taylor,NED,MF,23,2002,17,17,1394,15.5,3,2,5,3,0,0,5,0,0.19,0.13,0.32,0.19,0.32,15.5,3,16,6,37.5,1.03,0.39,0.19,0.5,0,0,82,40.8,17,82,8,0,,1,1.53,14,17,-3,-0.19,-0.37,0,17,13,1,9,9,11,,,0,,,,,,,,,,,,,,,
ITA-Serie A,2526,Lazio,Luca Pellegrini,ITA,DF,26,1999,24,17,1469,16.3,1,0,1,1,0,0,8,0,0.06,0.0,0.06,0.06,0.06,16.3,1,7,5,71.4,0.43,0.31,0.14,0.2,0,0,61,43.0,17,75,3,7,27,9,1.42,16,18,-2,-0.12,-0.26,0,26,12,0,51,17,15,,,0,,,,,,,,,,,,,,,
ITA-Serie A,2526,Lazio,Manuel Lazzari,ITA,DF,31,1993,23,9,938,10.4,0,0,0,0,0,0,2,0,0.0,0.0,0.0,0.0,0.0,10.4,0,4,2,50.0,0.38,0.19,0.0,0.0,0,0,41,27.4,9,74,2,14,20,9,1.22,12,10,2,0.19,0.23,0,10,19,0,16,6,9,,,0,,,,,,,,,,,,,,,
ITA-Serie A,2526,Lazio,Mario Gila,ESP,DF,24,2000,31,31,2472,27.5,0,0,0,0,0,0,4,1,0.0,0.0,0.0,0.0,0.0,27.5,0,12,3,25.0,0.44,0.11,0.0,0.0,0,0,80,72.3,31,80,19,0,,0,1.45,31,28,3,0.11,0.3,0,19,25,0,1,26,34,,,0,,,,,,,,,,,,,,,
ITA-Serie A,2526,Lazio,Matteo Cancellieri,ITA,FW,23,2002,30,21,1725,19.2,4,2,6,4,0,0,6,0,0.21,0.1,0.31,0.21,0.31,19.2,4,41,17,41.5,2.14,0.89,0.1,0.24,0,0,58,50.4,21,72,7,9,24,1,1.37,24,22,2,0.1,0.16,0,39,67,3,21,24,28,,,0,,,,,,,,,,,,,,,
ITA-Serie A,2526,Lazio,Mattia Zaccagni,ITA,FW,30,1995,26,26,2104,23.4,3,0,3,3,0,1,6,1,0.13,0.0,0.13,0.13,0.13,23.4,3,34,14,41.2,1.45,0.6,0.09,0.21,0,1,81,61.5,26,81,15,0,,1,1.42,20,21,-1,-0.04,-0.18,0,30,82,6,55,20,21,,,0,,,,,,,,,,,,,,,
ITA-Serie A,2526,Lazio,Mattéo Guendouzi,FRA,MF,26,1999,16,16,1428,15.9,2,1,3,2,0,0,5,1,0.13,0.06,0.19,0.13,0.19,15.9,2,16,8,50.0,1.01,0.5,0.13,0.25,0,0,89,41.8,16,89,14,0,,0,1.25,13,12,1,0.06,0.06,0,17,21,0,20,11,8,,,0,,,,,,,,,,,,,,,
ITA-Serie A,2526,Lazio,Matías Vecino,URU,MF,33,1991,13,5,603,6.7,0,1,1,0,0,0,1,0,0.0,0.15,0.15,0.0,0.15,6.7,0,7,1,14.3,1.04,0.15,0.0,0.0,0,0,46,17.6,5,73,2,8,30,2,1.62,7,4,3,0.45,0.51,0,8,3,0,0,7,9,,,0,,,,,,,,,,,,,,,
ITA-Serie A,2526,Lazio,Nicolò Rovella,ITA,MF,23,2001,11,6,512,5.7,0,1,1,0,0,0,2,1,0.0,0.18,0.18,0.0,0.18,5.7,0,1,0,0.0,0.18,0.0,0.0,,0,0,47,15.0,6,60,1,5,31,5,0.91,7,6,1,0.18,0.18,0,7,12,0,11,9,10,,,0,,,,,,,,,,,,,,,
ITA-Serie A,2526,Lazio,Nuno Tavares,POR,DF,25,2000,23,17,1473,16.4,0,0,0,0,0,0,5,0,0.0,0.0,0.0,0.0,0.0,16.4,0,16,1,6.3,0.98,0.06,0.0,0.0,0,0,64,43.1,17,81,11,6,15,10,1.35,20,18,2,0.12,0.17,0,20,22,6,99,18,21,,,0,,,,,,,,,,,,,,,
ITA-Serie A,2526,Lazio,Oliver Nielsen,DEN,DF,22,2003,26,13,1536,17.1,0,0,0,0,0,0,3,0,0.0,0.0,0.0,0.0,0.0,17.1,0,6,2,33.3,0.35,0.12,0.0,0.0,0,0,59,44.9,13,89,12,13,29,12,1.58,22,19,3,0.18,0.27,0,14,9,0,2,16,6,,,0,,,,,,,,,,,,,,,
ITA-Serie A,2526,Lazio,Patric,ESP,"MF,DF",32,1993,14,6,667,7.4,0,0,0,0,0,0,2,0,0.0,0.0,0.0,0.0,0.0,7.4,0,5,0,0.0,0.67,0.0,0.0,,0,0,48,19.5,6,79,4,8,24,13,1.93,8,8,0,0.0,-0.03,0,4,2,0,0,3,0,,,0,,,,,,,,,,,,,,,
ITA-Serie A,2526,Lazio,Pedro,ESP,"FW,MF",38,1987,29,9,982,10.9,5,2,7,3,2,2,4,0,0.46,0.18,0.64,0.27,0.46,10.9,5,22,11,50.0,2.02,1.01,0.23,0.45,2,2,34,28.7,9,63,0,20,21,6,1.52,18,13,5,0.46,0.61,0,10,26,0,31,4,6,,,0,,,,,,,,,,,,,,,
ITA-Serie A,2526,Lazio,Petar Ratkov,SRB,FW,21,2003,8,2,233,2.6,0,0,0,0,0,0,0,0,0.0,0.0,0.0,0.0,0.0,2.6,0,6,1,16.7,2.32,0.39,0.0,0.0,0,0,29,6.8,2,49,0,6,23,11,1.0,2,5,-3,-1.16,-1.27,0,0,3,0,0,1,2,,,0,,,,,,,,,,,,,,,
ITA-Serie A,2526,Lazio,Reda Belahyane,MAR,MF,21,2004,13,5,609,6.8,0,2,2,0,0,0,1,1,0.0,0.3,0.3,0.0,0.3,6.8,0,3,1,33.3,0.44,0.15,0.0,0.0,0,0,47,17.8,5,81,4,8,26,24,1.23,5,10,-5,-0.74,-0.93,0,11,3,0,1,3,8,,,0,,,,,,,,,,,,,,,
ITA-Serie A,2526,Lazio,Tijjani Noslin,NED,FW,26,1999,29,9,1148,12.8,4,2,6,4,0,0,6,1,0.31,0.16,0.47,0.31,0.47,12.8,4,35,13,37.1,2.74,1.02,0.11,0.31,0,0,40,33.6,9,77,3,20,23,8,1.34,15,14,1,0.08,0.08,1,19,23,5,10,3,6,,,0,,,,,,,,,,,,,,,
ITA-Serie A,2526,Lazio,Toma Bašić,CRO,MF,28,1996,23,23,1735,19.3,2,3,5,2,0,0,0,1,0.1,0.16,0.26,0.1,0.26,19.3,2,30,12,40.0,1.56,0.62,0.07,0.17,0,0,75,50.7,23,75,10,0,,3,1.52,22,20,2,0.1,0.16,0,20,19,0,48,9,16,,,0,,,,,,,,,,,,,,,
ITA-Serie A,2526,Lazio,Valentín Castellanos,ARG,FW,26,1998,11,8,692,7.7,2,3,5,2,0,0,2,0,0.26,0.39,0.65,0.26,0.65,7.7,2,20,8,40.0,2.6,1.04,0.1,0.25,0,0,63,20.2,8,77,3,3,25,0,1.18,11,7,4,0.52,0.62,0,9,18,5,6,3,3,,,0,,,,,,,,,,,,,,,
ITA-Serie A,2526,Lecce,Antonino Gallo,ITA,DF,25,2000,37,34,3056,34.0,0,4,4,0,0,0,3,0,0.0,0.12,0.12,0.0,0.12,34.0,0,6,1,16.7,0.18,0.03,0.0,0.0,0,0,83,89.4,34,87,29,3,29,0,1.03,25,43,-18,-0.53,0.46,0,7,13,0,134,15,37,,,0,,,,,,,,,,,,,,,
ITA-Serie A,2526,Lecce,Balthazar Pierret,FRA,MF,25,2000,3,0,27,0.3,0,0,0,0,0,0,0,0,0.0,0.0,0.0,0.0,0.0,0.3,0,0,0,,0.0,0.0,,,0,0,9,0.8,0,,0,3,9,1,0.67,0,0,0,0.0,0.58,0,0,2,0,0,0,1,,,0,,,,,,,,,,,,,,,
ITA-Serie A,2526,Lecce,Christ-Owen Kouassi,FRA,DF,22,2003,4,3,228,2.5,0,0,0,0,0,0,0,0,0.0,0.0,0.0,0.0,0.0,2.5,0,0,0,,0.0,0.0,,,0,0,57,6.7,3,68,1,1,23,18,0.5,2,6,-4,-1.58,-1.07,0,1,3,0,2,1,6,,,0,,,,,,,,,,,,,,,
ITA-Serie A,2526,Lecce,Corrie Ndaba,IRL,DF,25,1999,14,6,543,6.0,0,0,0,0,0,0,0,0,0.0,0.0,0.0,0.0,0.0,6.0,0,2,0,0.0,0.33,0.0,0.0,,0,0,39,15.9,6,70,2,8,15,24,1.07,4,12,-8,-1.33,-0.89,0,2,0,0,4,3,4,,,0,,,,,,,,,,,,,,,
ITA-Serie A,2526,Lecce,Danilo Veiga,POR,DF,22,2002,36,33,3020,33.6,0,1,1,0,0,0,9,0,0.0,0.03,0.03,0.0,0.03,33.6,0,6,2,33.3,0.18,0.06,0.0,0.0,0,0,84,88.3,33,88,29,3,41,1,1.06,25,42,-17,-0.51,0.62,0,46,47,1,89,32,53,,,0,,,,,,,,,,,,,,,
ITA-Serie A,2526,Lecce,Francesco Camarda,ITA,FW,17,2008,21,7,687,7.6,1,0,1,1,0,1,1,0,0.13,0.0,0.13,0.13,0.13,7.6,1,16,3,18.8,2.1,0.39,0.06,0.33,0,1,33,20.1,7,62,0,14,18,2,1.0,5,10,-5,-0.66,-0.1,0,12,4,2,1,0,1,,,0,,,,,,,,,,,,,,,
ITA-Serie A,2526,Lecce,Gaby Jean,FRA,DF,25,2000,7,1,197,2.2,0,0,0,0,0,0,1,0,0.0,0.0,0.0,0.0,0.0,2.2,0,0,0,,0.0,0.0,,,0,0,28,5.8,1,90,1,6,18,15,1.86,1,1,0,0.0,0.61,0,1,2,0,0,1,3,,,0,,,,,,,,,,,,,,,
ITA-Serie A,2526,Lecce,Jamil Siebert,GER,DF,23,2002,21,18,1701,18.9,1,0,1,1,0,0,3,0,0.05,0.0,0.05,0.05,0.05,18.9,1,6,2,33.3,0.32,0.11,0.17,0.5,0,0,81,49.7,18,89,17,3,31,17,1.0,11,29,-18,-0.95,-0.74,0,22,7,1,5,15,15,,,0,,,,,,,,,,,,,,,
ITA-Serie A,2526,Lecce,Kialonda,ANG,DF,27,1997,23,21,1830,20.3,0,0,0,0,0,0,6,1,0.0,0.0,0.0,0.0,0.0,20.3,0,9,1,11.1,0.44,0.05,0.0,0.0,0,0,80,53.5,21,86,19,2,14,1,1.13,17,25,-8,-0.39,0.4,0,13,22,2,1,19,9,,,0,,,,,,,,,,,,,,,
ITA-Serie A,2526,Lecce,Konan N'dri,NIG,MF,24,2000,27,1,544,6.0,2,0,2,2,0,0,3,0,0.33,0.0,0.33,0.33,0.33,6.0,2,19,5,26.3,3.14,0.83,0.11,0.4,0,0,20,15.9,1,55,0,26,19,11,0.52,6,14,-8,-1.32,-0.89,0,9,18,2,23,2,4,,,0,,,,,,,,,,,,,,,
ITA-Serie A,2526,Lecce,Lameck Banda,ZAM,"MF,FW",24,2001,32,21,1752,19.5,5,4,9,5,0,0,6,1,0.26,0.21,0.46,0.26,0.46,19.5,5,38,15,39.5,1.95,0.77,0.13,0.33,0,0,55,51.2,21,68,2,11,29,3,1.09,20,22,-2,-0.1,0.98,0,44,49,3,90,7,17,,,0,,,,,,,,,,,,,,,
ITA-Serie A,2526,Lecce,Lassana Coulibaly,MLI,MF,29,1996,33,31,2689,29.9,3,1,4,3,0,0,4,0,0.1,0.03,0.13,0.1,0.13,29.9,3,28,8,28.6,0.94,0.27,0.11,0.38,0,0,81,78.6,31,86,21,2,18,1,1.12,23,34,-11,-0.37,0.99,0,34,52,1,18,9,28,,,0,,,,,,,,,,,,,,,
ITA-Serie A,2526,Lecce,Matías Pérez,CHI,DF,20,2005,1,1,31,0.3,0,0,0,0,0,0,0,0,0.0,0.0,0.0,0.0,0.0,0.3,0,0,0,,0.0,0.0,,,0,0,31,0.9,1,31,0,0,,26,1.0,0,0,0,0.0,0.58,0,0,0,0,1,0,0,,,0,,,,,,,,,,,,,,,
ITA-Serie A,2526,Lecce,Medon Berisha,ALB,MF,21,2003,13,12,871,9.7,2,3,5,2,0,0,0,0,0.21,0.31,0.52,0.21,0.52,9.7,2,24,5,20.8,2.48,0.52,0.08,0.4,0,0,67,25.5,12,70,1,1,28,2,1.23,7,10,-3,-0.31,0.36,0,11,10,1,58,5,12,,,0,,,,,,,,,,,,,,,
ITA-Serie A,2526,Lecce,Mohamed Kaba,GUI,MF,23,2001,15,5,633,7.0,0,0,0,0,0,0,1,0,0.0,0.0,0.0,0.0,0.0,7.0,0,9,4,44.4,1.28,0.57,0.0,0.0,0,0,42,18.5,5,81,3,10,23,6,1.0,3,12,-9,-1.28,-0.86,0,12,21,0,8,4,7,,,0,,,,,,,,,,,,,,,
ITA-Serie A,2526,Lecce,Nikola Štulić,SRB,FW,23,2001,34,20,1709,19.0,4,0,4,3,1,1,1,0,0.21,0.0,0.21,0.16,0.16,19.0,4,33,9,27.3,1.74,0.47,0.12,0.44,1,1,50,50.0,20,70,2,14,22,3,1.0,15,22,-7,-0.37,0.42,0,37,26,9,1,2,7,,,0,,,,,,,,,,,,,,,
ITA-Serie A,2526,Lecce,Olaf Gorter,NED,MF,20,2005,2,0,28,0.3,0,0,0,0,0,0,0,0,0.0,0.0,0.0,0.0,0.0,0.3,0,0,0,,0.0,0.0,,,0,0,14,0.8,0,,0,2,14,13,0.0,0,1,-1,-3.21,-2.66,0,1,0,0,0,0,1,,,0,,,,,,,,,,,,,,,
ITA-Serie A,2526,Lecce,Omri Gandelman,ISR,"MF,FW",25,2000,19,10,975,10.8,2,1,3,2,0,0,0,0,0.18,0.09,0.28,0.18,0.28,10.8,2,10,3,30.0,0.92,0.28,0.2,0.67,0,0,51,28.5,10,72,2,9,28,1,1.11,7,12,-5,-0.46,0.16,0,13,3,1,4,4,6,,,0,,,,,,,,,,,,,,,
ITA-Serie A,2526,Lecce,Oumar Ngom,MTN,MF,21,2004,15,10,842,9.4,0,0,0,0,0,0,1,0,0.0,0.0,0.0,0.0,0.0,9.4,0,5,2,40.0,0.53,0.21,0.0,0.0,0,0,56,24.6,10,74,5,5,20,4,1.13,9,15,-6,-0.64,-0.08,0,15,6,0,3,12,15,,,0,,,,,,,,,,,,,,,
ITA-Serie A,2526,Lecce,Riccardo Sottil,ITA,"FW,MF",26,1999,21,13,1066,11.8,1,2,3,1,0,0,1,0,0.08,0.17,0.25,0.08,0.25,11.8,1,20,3,15.0,1.69,0.25,0.05,0.33,0,0,51,31.2,13,66,0,8,25,4,0.86,6,14,-8,-0.68,-0.14,0,10,27,4,100,2,2,,,0,,,,,,,,,,,,,,,
ITA-Serie A,2526,Lecce,Sadik Fofana,TOG,MF,22,2003,5,1,84,0.9,0,0,0,0,0,0,0,0,0.0,0.0,0.0,0.0,0.0,0.9,0,2,0,0.0,2.14,0.0,0.0,,0,0,17,2.5,1,45,0,4,10,9,1.2,0,1,-1,-1.07,-0.5,0,3,1,0,0,0,2,,,0,,,,,,,,,,,,,,,
ITA-Serie A,2526,Lecce,Santiago Pierotti,ARG,"MF,FW",24,2001,37,31,2597,28.9,1,2,3,1,0,0,4,0,0.03,0.07,0.1,0.03,0.1,28.9,1,33,8,24.2,1.14,0.28,0.03,0.13,0,0,70,75.9,31,78,6,6,31,0,1.0,22,34,-12,-0.42,0.68,0,67,23,7,21,21,51,,,0,,,,,,,,,,,,,,,
ITA-Serie A,2526,Lecce,Tete Morente,ESP,"FW,MF",28,1996,16,9,859,9.5,0,0,0,0,0,0,2,0,0.0,0.0,0.0,0.0,0.0,9.5,0,14,2,14.3,1.47,0.21,0.0,0.0,0,0,54,25.1,9,77,2,7,24,1,0.88,3,14,-11,-1.15,-0.77,0,13,12,1,29,3,9,,,0,,,,,,,,,,,,,,,
ITA-Serie A,2526,Lecce,Tiago Gabriel,POR,DF,20,2004,37,36,3219,35.8,2,0,2,2,0,0,7,0,0.06,0.0,0.06,0.06,0.06,35.8,2,20,4,20.0,0.56,0.11,0.1,0.5,0,0,87,94.1,36,89,34,1,12,0,1.0,28,46,-18,-0.5,1.29,0,29,40,1,2,46,40,,,1,,,,,,,,,,,,,,,
ITA-Serie A,2526,Lecce,Walid Cheddira,MAR,FW,27,1998,17,11,1000,11.1,3,1,4,3,0,0,2,0,0.27,0.09,0.36,0.27,0.36,11.1,3,25,10,40.0,2.25,0.9,0.12,0.3,0,0,59,29.2,11,75,2,6,29,0,1.24,9,16,-7,-0.63,-0.07,0,20,25,10,4,1,3,,,0,,,,,,,,,,,,,,,
ITA-Serie A,2526,Lecce,Wladimiro Falcone,ITA,GK,30,1995,38,38,3420,38.0,0,0,0,0,0,0,2,0,0.0,0.0,0.0,0.0,0.0,38.0,0,0,0,,0.0,0.0,,,0,0,90,100.0,38,90,38,0,,0,1.0,28,50,-22,-0.58,,0,0,8,0,0,0,2,,,0,50,1.32,158,108,68.4,10,8,20,10,26.3,6,4,2,0,33.3
ITA-Serie A,2526,Lecce,Ylber Ramadani,ALB,MF,29,1996,37,37,3203,35.6,1,0,1,1,0,0,10,0,0.03,0.0,0.03,0.03,0.03,35.6,1,34,5,14.7,0.96,0.14,0.03,0.2,0,0,87,93.7,37,87,25,0,,0,1.03,27,45,-18,-0.51,1.15,0,43,59,0,16,44,50,,,0,,,,,,,,,,,,,,,
ITA-Serie A,2526,Lecce,Youssef Maleh,MAR,MF,26,1998,9,5,460,5.1,0,0,0,0,0,0,2,0,0.0,0.0,0.0,0.0,0.0,5.1,0,7,1,14.3,1.37,0.2,0.0,0.0,0,0,51,13.5,5,82,2,4,13,9,0.44,3,9,-6,-1.17,-0.69,0,9,8,0,12,7,4,,,0,,,,,,,,,,,,,,,
ITA-Serie A,2526,Lecce,Álex Sala,ESP,MF,24,2001,9,2,167,1.9,0,1,1,0,0,0,0,0,0.0,0.54,0.54,0.0,0.54,1.9,0,4,2,50.0,2.16,1.08,0.0,0.0,0,0,19,4.9,2,52,0,7,9,28,0.0,2,6,-4,-2.16,-1.66,0,6,5,0,11,3,2,,,0,,,,,,,,,,,,,,,
ITA-Serie A,2526,Lecce,Þórir Jóhann Helgason,ISL,MF,24,2000,8,1,147,1.6,0,0,0,0,0,0,0,0,0.0,0.0,0.0,0.0,0.0,1.6,0,3,2,66.7,1.84,1.22,0.0,0.0,0,0,18,4.3,1,45,0,7,15,28,0.25,0,3,-3,-1.84,-1.31,0,0,0,0,6,3,0,,,0,,,,,,,,,,,,,,,
ITA-Serie A,2526,Milan,Adrien Rabiot,FRA,MF,30,1995,29,28,2550,28.3,6,4,10,6,0,0,6,1,0.21,0.14,0.35,0.21,0.35,28.3,6,46,12,26.1,1.62,0.42,0.13,0.5,0,0,88,74.6,28,90,27,1,31,0,1.97,41,25,16,0.56,0.36,1,35,55,7,58,20,31,,,0,,,,,,,,,,,,,,,
ITA-Serie A,2526,Milan,Alexis Saelemaekers,BEL,MF,26,1999,35,33,2788,31.0,3,3,6,3,0,0,5,0,0.1,0.1,0.19,0.1,0.19,31.0,3,43,11,25.6,1.39,0.36,0.07,0.27,0,0,80,81.5,33,83,16,2,32,0,1.74,39,30,9,0.29,-0.99,0,26,64,2,82,30,38,,,0,,,,,,,,,,,,,,,
ITA-Serie A,2526,Milan,Ardon Jashari,SUI,MF,23,2002,14,7,701,7.8,0,1,1,0,0,0,0,0,0.0,0.13,0.13,0.0,0.13,7.8,0,7,2,28.6,0.9,0.26,0.0,0.0,0,0,50,20.5,7,76,2,7,24,16,1.29,6,7,-1,-0.13,-0.76,0,11,8,0,11,5,11,,,0,,,,,,,,,,,,,,,
ITA-Serie A,2526,Milan,Cheveyo Muy,NED,FW,18,2006,2,0,5,0.1,0,0,0,0,0,0,0,0,0.0,0.0,0.0,0.0,0.0,0.1,0,1,0,0.0,18.0,0.0,0.0,,0,0,3,0.1,0,,0,2,3,4,3.0,0,0,0,0.0,-0.47,0,0,0,0,0,0,0,,,0,,,,,,,,,,,,,,,
ITA-Serie A,2526,Milan,Christian Pulisic,USA,FW,26,1998,30,18,1609,17.9,8,4,12,8,0,1,0,0,0.45,0.22,0.67,0.45,0.67,17.9,8,54,25,46.3,3.02,1.4,0.15,0.32,0,1,54,47.0,18,75,4,12,21,1,1.77,24,14,10,0.56,0.16,0,11,23,3,37,3,8,,,0,,,,,,,,,,,,,,,
ITA-Serie A,2526,Milan,Christopher Nkunku,FRA,FW,27,1997,32,15,1356,15.1,7,3,10,2,5,5,0,0,0.46,0.2,0.66,0.13,0.33,15.1,7,29,16,55.2,1.92,1.06,0.24,0.44,5,5,42,39.6,15,70,3,17,18,1,1.78,27,13,14,0.93,0.75,0,9,22,8,17,2,2,,,0,,,,,,,,,,,,,,,
ITA-Serie A,2526,Milan,David Odogu,GER,DF,19,2006,2,0,6,0.1,0,0,0,0,0,0,0,0,0.0,0.0,0.0,0.0,0.0,0.1,0,0,0,,0.0,0.0,,,0,0,3,0.2,0,,0,2,3,33,3.0,0,0,0,0.0,-0.47,0,0,0,0,0,0,0,,,0,,,,,,,,,,,,,,,
ITA-Serie A,2526,Milan,Davide Bartesaghi,ITA,"MF,DF",19,2005,31,27,2441,27.1,2,0,2,2,0,0,3,0,0.07,0.0,0.07,0.07,0.07,27.1,2,22,7,31.8,0.81,0.26,0.09,0.29,0,0,79,71.4,27,86,20,4,30,7,1.77,34,27,7,0.26,-0.75,0,18,14,4,139,15,35,,,1,,,,,,,,,,,,,,,
ITA-Serie A,2526,Milan,Fikayo Tomori,ENG,DF,27,1997,33,31,2554,28.4,0,2,2,0,0,0,8,1,0.0,0.07,0.07,0.0,0.07,28.4,0,9,2,22.2,0.32,0.07,0.0,0.0,0,0,77,74.7,31,82,20,2,13,3,2.03,37,21,16,0.56,0.36,1,36,7,2,17,28,40,,,0,,,,,,,,,,,,,,,
ITA-Serie A,2526,Milan,Koni De Winter,BEL,DF,23,2002,26,19,1800,20.0,1,1,2,1,0,0,1,0,0.05,0.05,0.1,0.05,0.1,20.0,1,7,1,14.3,0.35,0.05,0.14,1.0,0,0,69,52.6,19,88,17,7,18,12,1.96,27,21,6,0.3,-0.37,0,27,8,1,5,13,19,,,0,,,,,,,,,,,,,,,
ITA-Serie A,2526,Milan,Luka Modrić,CRO,MF,39,1985,34,32,2811,31.2,2,3,5,2,0,0,4,0,0.06,0.1,0.16,0.06,0.16,31.2,2,20,8,40.0,0.64,0.26,0.1,0.25,0,0,83,82.2,32,87,25,2,17,2,1.94,45,26,19,0.61,0.76,0,23,33,0,111,35,27,,,0,,,,,,,,,,,,,,,
ITA-Serie A,2526,Milan,Matteo Gabbia,ITA,DF,25,1999,30,28,2530,28.1,0,0,0,0,0,0,4,0,0.0,0.0,0.0,0.0,0.0,28.1,0,19,3,15.8,0.68,0.11,0.0,0.0,0,0,84,74.0,28,88,26,2,29,2,1.93,42,25,17,0.6,0.5,0,25,6,0,1,13,14,,,0,,,,,,,,,,,,,,,
ITA-Serie A,2526,Milan,Mike Maignan,FRA,GK,30,1995,37,37,3295,36.6,0,0,0,0,0,0,4,0,0.0,0.0,0.0,0.0,0.0,36.6,0,0,0,,0.0,0.0,,,0,0,89,96.3,37,89,36,0,,0,1.81,49,35,14,0.38,-2.5,0,0,6,0,0,1,0,,,0,35,0.96,141,106,75.2,19,10,8,14,37.8,8,5,2,1,28.6
ITA-Serie A,2526,Milan,Niclas Füllkrug,GER,FW,32,1993,20,3,659,7.3,1,0,1,1,0,1,0,0,0.14,0.0,0.14,0.14,0.14,7.3,1,16,5,31.3,2.19,0.68,0.06,0.2,0,1,33,19.3,3,63,0,17,28,2,1.6,13,6,7,0.96,0.6,0,8,8,14,1,3,2,,,0,,,,,,,,,,,,,,,
ITA-Serie A,2526,Milan,Pervis Estupiñán,ECU,MF,27,1998,19,13,1034,11.5,1,1,2,1,0,0,5,1,0.09,0.09,0.17,0.09,0.17,11.5,1,9,1,11.1,0.78,0.09,0.11,1.0,0,0,54,30.2,13,74,6,6,12,14,1.79,17,6,11,0.96,0.69,0,17,8,5,20,11,9,,,0,,,,,,,,,,,,,,,
ITA-Serie A,2526,Milan,Pietro Terracciano,ITA,GK,35,1990,2,1,125,1.4,0,0,0,0,0,0,0,0,0.0,0.0,0.0,0.0,0.0,1.4,0,0,0,,0.0,0.0,,,0,0,63,3.7,1,90,1,1,35,34,3.0,4,0,4,2.88,2.5,0,0,0,0,0,0,0,,,0,0,0.0,4,4,100.0,1,0,0,2,200.0,0,0,0,0,
ITA-Serie A,2526,Milan,Rafael Leão,POR,FW,26,1999,29,23,1851,20.6,9,3,12,7,2,2,5,0,0.44,0.15,0.58,0.34,0.49,20.6,9,63,24,38.1,3.06,1.17,0.14,0.38,2,2,64,54.1,23,75,6,6,22,1,1.66,24,22,2,0.1,-0.82,0,19,34,9,25,5,3,,,0,,,,,,,,,,,,,,,
ITA-Serie A,2526,Milan,Ruben Loftus-Cheek,ENG,"MF,FW",29,1996,28,12,1133,12.6,3,1,4,3,0,0,2,0,0.24,0.08,0.32,0.24,0.32,12.6,3,29,6,20.7,2.3,0.48,0.1,0.5,0,0,40,33.1,12,68,3,16,20,4,1.86,19,11,8,0.64,0.24,0,23,19,1,10,5,8,,,0,,,,,,,,,,,,,,,
ITA-Serie A,2526,Milan,Samuel Chukwueze,NGA,"FW,MF",26,1999,1,0,26,0.3,0,0,0,0,0,0,0,0,0.0,0.0,0.0,0.0,0.0,0.3,0,0,0,,0.0,0.0,,,0,0,26,0.8,0,,0,1,26,1,0.0,0,0,0,0.0,-0.48,0,0,3,0,3,0,0,,,0,,,,,,,,,,,,,,,
ITA-Serie A,2526,Milan,Samuele Ricci,ITA,MF,23,2001,31,11,1312,14.6,1,4,5,1,0,0,3,0,0.07,0.27,0.34,0.07,0.34,14.6,1,18,6,33.3,1.23,0.41,0.06,0.17,0,0,42,38.4,11,79,6,20,22,7,2.1,20,17,3,0.21,-0.43,0,17,33,1,28,9,9,,,0,,,,,,,,,,,,,,,
ITA-Serie A,2526,Milan,Santiago Giménez,MEX,FW,24,2001,16,11,892,9.9,0,1,1,0,0,0,2,0,0.0,0.1,0.1,0.0,0.1,9.9,0,27,9,33.3,2.72,0.91,0.0,0.0,0,0,56,26.1,11,69,1,5,27,2,1.69,15,11,4,0.4,-0.09,0,10,15,7,1,1,5,,,0,,,,,,,,,,,,,,,
ITA-Serie A,2526,Milan,Strahinja Pavlović,SRB,DF,24,2001,34,33,2869,31.9,5,1,6,5,0,0,4,0,0.16,0.03,0.19,0.16,0.19,31.9,5,26,6,23.1,0.82,0.19,0.19,0.83,0,0,84,83.9,33,86,29,1,29,3,1.76,44,33,11,0.35,-0.8,0,30,27,4,15,20,26,,,0,,,,,,,,,,,,,,,
ITA-Serie A,2526,Milan,Youssouf Fofana,FRA,MF,26,1999,33,28,2203,24.5,2,3,5,2,0,0,4,0,0.08,0.12,0.2,0.08,0.2,24.5,2,45,18,40.0,1.84,0.74,0.04,0.11,0,0,67,64.4,28,73,8,5,29,3,1.88,37,21,16,0.65,0.51,0,21,16,0,10,19,19,,,0,,,,,,,,,,,,,,,
ITA-Serie A,2526,Milan,Yunus Musah,USA,MF,22,2002,1,1,90,1.0,0,0,0,0,0,0,0,0,0.0,0.0,0.0,0.0,0.0,1.0,0,0,0,,0.0,0.0,,,0,0,90,2.6,1,90,1,0,,1,3.0,2,0,2,2.0,1.57,0,2,2,1,1,0,1,,,0,,,,,,,,,,,,,,,
ITA-Serie A,2526,Milan,Zachary Athekame,SUI,"MF,DF",20,2004,27,7,833,9.3,2,2,4,2,0,0,3,0,0.22,0.22,0.43,0.22,0.43,9.3,2,13,4,30.8,1.4,0.43,0.15,0.5,0,0,31,24.4,7,64,1,20,19,8,1.7,17,11,6,0.65,0.23,0,16,12,2,46,4,8,,,0,,,,,,,,,,,,,,,
ITA-Serie A,2526,Milan,Álex Jiménez,ESP,DF,20,2005,1,0,45,0.5,0,0,0,0,0,0,1,0,0.0,0.0,0.0,0.0,0.0,0.5,0,0,0,,0.0,0.0,,,0,0,45,1.3,0,,0,1,45,0,0.0,0,1,-1,-2.0,-2.51,0,0,1,0,1,0,0,,,0,,,,,,,,,,,,,,,
ITA-Serie A,2526,Napoli,Alessandro Buongiorno,ITA,DF,26,1999,33,28,2521,28.0,0,1,1,0,0,0,3,0,0.0,0.04,0.04,0.0,0.04,28.0,0,8,3,37.5,0.29,0.11,0.0,0.0,0,0,76,73.7,28,86,22,5,21,2,2.0,42,29,13,0.46,-0.44,0,50,26,1,6,40,22,,,0,,,,,,,,,,,,,,,
ITA-Serie A,2526,Napoli,Alex Meret,ITA,GK,28,1997,11,11,979,10.9,0,1,1,0,0,0,1,0,0.0,0.09,0.09,0.0,0.09,10.9,0,0,0,,0.0,0.0,,,0,0,89,28.6,11,89,10,0,,15,2.45,20,12,8,0.74,0.22,0,1,1,0,0,1,0,,,0,12,1.1,33,21,63.6,9,0,2,4,36.4,2,2,0,0,0.0
ITA-Serie A,2526,Napoli,Alisson Santos,BRA,"MF,FW",22,2002,14,9,834,9.3,4,0,4,4,0,0,1,0,0.43,0.0,0.43,0.43,0.43,9.3,4,29,16,55.2,3.13,1.73,0.14,0.25,0,0,60,24.4,9,75,3,5,32,1,1.93,17,9,8,0.86,0.38,0,4,8,1,42,2,8,,,0,,,,,,,,,,,,,,,
ITA-Serie A,2526,Napoli,Amir Rrahmani,KVX,DF,31,1994,21,21,1795,19.9,2,1,3,2,0,0,2,0,0.1,0.05,0.15,0.1,0.15,19.9,2,15,4,26.7,0.75,0.2,0.13,0.5,0,0,85,52.5,21,85,16,0,,3,2.0,32,15,17,0.85,0.58,0,20,16,2,1,22,12,,,0,,,,,,,,,,,,,,,
ITA-Serie A,2526,Napoli,Antonio Vergara,ITA,MF,22,2003,12,8,612,6.8,1,2,3,1,0,0,2,0,0.15,0.29,0.44,0.15,0.44,6.8,1,10,3,30.0,1.47,0.44,0.1,0.33,0,0,51,17.9,8,73,1,4,8,17,2.17,11,9,2,0.29,-0.35,0,17,20,2,11,4,9,,,0,,,,,,,,,,,,,,,
ITA-Serie A,2526,Napoli,Billy Gilmour,SCO,MF,24,2001,17,8,805,8.9,1,0,1,1,0,0,1,0,0.11,0.0,0.11,0.11,0.11,8.9,1,10,3,30.0,1.12,0.34,0.1,0.33,0,0,47,23.5,8,76,4,9,22,7,2.24,14,5,9,1.01,0.56,0,9,7,0,6,11,8,,,0,,,,,,,,,,,,,,,
ITA-Serie A,2526,Napoli,David Neres,BRA,"FW,MF",28,1997,16,10,922,10.2,3,3,6,3,0,0,3,0,0.29,0.29,0.59,0.29,0.59,10.2,3,17,4,23.5,1.66,0.39,0.18,0.75,0,0,58,27.0,10,77,1,6,26,1,2.0,16,7,9,0.88,0.41,0,19,7,0,53,1,5,,,0,,,,,,,,,,,,,,,
ITA-Serie A,2526,Napoli,Elif Elmas,MKD,"MF,FW",25,1999,33,20,1783,19.8,1,3,4,1,0,0,3,0,0.05,0.15,0.2,0.05,0.2,19.8,1,27,9,33.3,1.36,0.45,0.04,0.11,0,0,54,52.1,20,76,8,13,21,3,1.91,27,22,5,0.25,-0.68,0,18,13,2,41,7,13,,,0,,,,,,,,,,,,,,,
ITA-Serie A,2526,Napoli,Frank Anguissa,CMR,MF,29,1995,18,14,1258,14.0,4,1,5,4,0,0,1,0,0.29,0.07,0.36,0.29,0.36,14.0,4,23,9,39.1,1.65,0.64,0.17,0.44,0,0,70,36.8,14,81,11,4,31,4,2.0,18,14,4,0.29,-0.46,0,18,18,0,15,13,14,,,0,,,,,,,,,,,,,,,
ITA-Serie A,2526,Napoli,Giovane,BRA,"MF,FW",21,2003,12,2,338,3.8,0,1,1,0,0,0,0,0,0.0,0.27,0.27,0.0,0.27,3.8,0,9,2,22.2,2.4,0.53,0.0,0.0,0,0,28,9.9,2,72,0,10,19,5,1.67,4,6,-2,-0.53,-1.23,0,3,9,7,11,1,0,,,0,,,,,,,,,,,,,,,
ITA-Serie A,2526,Napoli,Giovanni Di Lorenzo,ITA,"DF,MF",31,1993,26,26,2276,25.3,2,1,3,2,0,0,1,0,0.08,0.04,0.12,0.08,0.12,25.3,2,25,9,36.0,0.99,0.36,0.08,0.22,0,0,88,66.5,26,88,24,0,,1,2.0,37,23,14,0.55,-0.08,0,33,23,1,38,9,26,,,0,,,,,,,,,,,,,,,
ITA-Serie A,2526,Napoli,Giuseppe Ambrosino,ITA,FW,21,2003,3,0,38,0.4,0,0,0,0,0,0,0,0,0.0,0.0,0.0,0.0,0.0,0.4,0,0,0,,0.0,0.0,,,0,0,13,1.1,0,,0,3,13,17,2.0,1,0,1,2.37,1.81,0,1,1,0,0,0,0,,,0,,,,,,,,,,,,,,,
ITA-Serie A,2526,Napoli,Juan Jesus,BRA,DF,34,1991,24,19,1675,18.6,0,0,0,0,0,0,10,1,0.0,0.0,0.0,0.0,0.0,18.6,0,3,0,0.0,0.16,0.0,0.0,,0,0,70,49.0,19,83,13,5,21,10,2.21,27,18,9,0.48,-0.19,1,39,2,0,1,26,22,,,0,,,,,,,,,,,,,,,
ITA-Serie A,2526,Napoli,Kevin De Bruyne,BEL,MF,34,1991,18,13,1165,12.9,5,2,7,2,3,3,1,0,0.39,0.15,0.54,0.15,0.31,12.9,5,27,11,40.7,2.09,0.85,0.19,0.45,3,3,65,34.1,13,73,4,5,42,0,2.28,22,8,14,1.08,0.76,0,8,6,4,58,5,8,,,0,,,,,,,,,,,,,,,
ITA-Serie A,2526,Napoli,Leonardo Spinazzola,ITA,"MF,DF",32,1993,32,22,1901,21.1,3,3,6,3,0,0,2,0,0.14,0.14,0.28,0.14,0.28,21.1,3,21,7,33.3,0.99,0.33,0.14,0.43,0,0,59,55.6,22,76,8,10,22,2,2.0,35,20,15,0.71,0.3,0,9,10,2,73,4,10,,,0,,,,,,,,,,,,,,,
ITA-Serie A,2526,Napoli,Lorenzo Lucca,ITA,FW,24,2000,16,4,408,4.5,1,0,1,1,0,0,1,0,0.22,0.0,0.22,0.22,0.22,4.5,1,15,5,33.3,3.31,1.1,0.07,0.2,0,0,26,11.9,4,72,0,12,10,4,1.88,4,3,1,0.22,-0.41,0,17,12,4,0,0,0,,,0,,,,,,,,,,,,,,,
ITA-Serie A,2526,Napoli,Luca Marianucci,ITA,DF,21,2004,2,1,119,1.3,0,1,1,0,0,0,0,0,0.0,0.76,0.76,0.0,0.76,1.3,0,1,0,0.0,0.76,0.0,0.0,,0,0,60,3.5,1,90,1,1,29,19,0.5,2,2,0,0.0,-0.6,0,2,0,0,2,1,2,,,0,,,,,,,,,,,,,,,
ITA-Serie A,2526,Napoli,Mathías Olivera,URU,"DF,MF",27,1997,25,15,1370,15.2,0,0,0,0,0,0,3,0,0.0,0.0,0.0,0.0,0.0,15.2,0,8,3,37.5,0.53,0.2,0.0,0.0,0,0,55,40.1,15,74,6,10,27,10,2.16,23,13,10,0.66,0.13,0,17,10,0,6,16,22,,,0,,,,,,,,,,,,,,,
ITA-Serie A,2526,Napoli,Matteo Politano,ITA,"MF,FW",31,1993,34,26,2200,24.4,2,5,7,2,0,0,4,0,0.08,0.2,0.29,0.08,0.29,24.4,2,49,13,26.5,2.0,0.53,0.04,0.15,0,0,65,64.3,26,78,5,8,23,0,1.97,38,23,15,0.61,0.1,0,19,28,0,173,5,10,,,0,,,,,,,,,,,,,,,
ITA-Serie A,2526,Napoli,Miguel Gutiérrez,ESP,"MF,DF",24,2001,28,15,1488,16.5,1,1,2,1,0,0,0,0,0.06,0.06,0.12,0.06,0.12,16.5,1,15,5,33.3,0.91,0.3,0.07,0.2,0,0,53,43.5,15,82,9,13,20,6,1.89,24,18,6,0.36,-0.38,0,19,28,1,48,7,22,,,0,,,,,,,,,,,,,,,
ITA-Serie A,2526,Napoli,Nikita Contini,ITA,GK,29,1996,1,0,11,0.1,0,0,0,0,0,0,0,0,0.0,0.0,0.0,0.0,0.0,0.1,0,0,0,,0.0,0.0,,,0,0,11,0.3,0,,0,1,11,31,3.0,0,0,0,0.0,-0.58,0,0,0,0,0,0,0,,,0,0,0.0,0,0,,0,0,0,1,,0,0,0,0,
ITA-Serie A,2526,Napoli,Noa Lang,NED,"FW,MF",26,1999,18,7,666,7.4,1,2,3,1,0,0,2,0,0.14,0.27,0.41,0.14,0.41,7.4,1,9,4,44.4,1.22,0.54,0.11,0.25,0,0,37,19.5,7,66,0,11,19,3,1.89,9,4,5,0.68,0.12,0,5,11,2,44,2,8,,,0,,,,,,,,,,,,,,,
ITA-Serie A,2526,Napoli,Pasquale Mazzocchi,ITA,MF,30,1995,16,2,310,3.4,0,1,1,0,0,0,0,1,0.0,0.29,0.29,0.0,0.29,3.4,0,2,1,50.0,0.58,0.29,0.0,0.0,0,0,19,9.1,2,60,0,14,14,17,2.06,3,3,0,0.0,-0.64,0,1,0,1,15,4,1,,,0,,,,,,,,,,,,,,,
ITA-Serie A,2526,Napoli,Rasmus Højlund,DEN,FW,22,2003,33,32,2750,30.6,12,5,17,11,1,1,1,0,0.39,0.16,0.56,0.36,0.52,30.6,12,60,25,41.7,1.96,0.82,0.2,0.48,1,1,83,80.4,32,85,19,1,30,0,1.94,50,31,19,0.62,0.22,0,37,53,20,3,0,1,,,0,,,,,,,,,,,,,,,
ITA-Serie A,2526,Napoli,Romelu Lukaku,BEL,FW,32,1993,5,0,44,0.5,1,0,1,1,0,0,1,0,2.05,0.0,2.05,2.05,2.05,0.5,1,2,1,50.0,4.09,2.05,0.5,1.0,0,0,9,1.3,0,,0,5,9,4,1.8,1,2,-1,-2.05,-2.66,0,2,0,0,0,0,0,,,0,,,,,,,,,,,,,,,
ITA-Serie A,2526,Napoli,Sam Beukema,NED,DF,26,1998,24,18,1681,18.7,2,0,2,2,0,0,2,0,0.11,0.0,0.11,0.11,0.11,18.7,2,8,4,50.0,0.43,0.21,0.25,0.5,0,0,70,49.2,18,86,15,6,23,11,2.04,29,19,10,0.54,-0.09,0,19,5,1,6,14,17,,,0,,,,,,,,,,,,,,,
ITA-Serie A,2526,Napoli,Scott McTominay,SCO,MF,28,1996,33,31,2791,31.0,10,3,13,10,0,1,1,0,0.32,0.1,0.42,0.32,0.42,31.0,10,101,34,33.7,3.26,1.1,0.1,0.29,0,1,85,81.6,31,88,27,2,38,0,2.09,49,27,22,0.71,0.71,0,24,73,5,10,23,13,,,0,,,,,,,,,,,,,,,
ITA-Serie A,2526,Napoli,Stanislav Lobotka,SVK,MF,30,1994,32,29,2431,27.0,1,1,2,1,0,0,3,0,0.04,0.04,0.07,0.04,0.07,27.0,1,8,4,50.0,0.3,0.15,0.13,0.25,0,0,76,71.1,29,82,19,3,22,0,1.91,44,30,14,0.52,-0.21,0,13,45,0,5,16,16,,,0,,,,,,,,,,,,,,,
ITA-Serie A,2526,Napoli,Vanja Milinković-Savić,SRB,GK,28,1997,27,27,2430,27.0,0,1,1,0,0,0,0,0,0.0,0.04,0.04,0.0,0.04,27.0,0,0,0,,0.0,0.0,,,0,0,90,71.1,27,90,27,0,,9,1.81,38,24,14,0.52,-0.21,0,1,6,0,0,0,0,,,0,24,0.89,77,52,68.8,14,7,6,11,40.7,8,5,3,0,37.5
ITA-Serie A,2526,Parma,Abdoulaye Ndiaye,SEN,DF,23,2002,11,9,780,8.7,0,0,0,0,0,0,5,1,0.0,0.0,0.0,0.0,0.0,8.7,0,6,0,0.0,0.69,0.0,0.0,,0,0,71,22.8,9,78,6,2,40,9,1.36,6,10,-4,-0.46,0.02,1,13,12,0,0,11,10,,,0,,,,,,,,,,,,,,,
ITA-Serie A,2526,Parma,Adrian Benedyczak,POL,FW,24,2000,14,5,490,5.4,1,1,2,0,1,1,1,0,0.18,0.18,0.37,0.0,0.18,5.4,1,8,3,37.5,1.47,0.55,0.13,0.33,1,1,35,14.3,5,68,0,9,17,7,1.21,6,7,-1,-0.18,0.34,0,9,6,1,10,1,6,,,0,,,,,,,,,,,,,,,
ITA-Serie A,2526,Parma,Adrian Bernabe,ESP,MF,24,2001,32,31,2470,27.4,3,1,4,3,0,0,0,0,0.11,0.04,0.15,0.11,0.15,27.4,3,50,12,24.0,1.82,0.44,0.06,0.25,0,0,77,72.2,31,79,6,1,32,0,1.28,20,33,-13,-0.47,0.0,0,15,61,1,81,17,23,,,0,,,,,,,,,,,,,,,
ITA-Serie A,2526,Parma,Alessandro Cardinali,ITA,FW,19,2006,1,0,45,0.5,0,0,0,0,0,0,0,0,0.0,0.0,0.0,0.0,0.0,0.5,0,0,0,,0.0,0.0,,,0,0,45,1.3,0,,0,1,45,7,3.0,1,0,1,2.0,2.51,0,0,0,0,1,0,0,,,0,,,,,,,,,,,,,,,
ITA-Serie A,2526,Parma,Alessandro Circati,AUS,DF,21,2003,31,31,2664,29.6,1,0,1,1,0,0,6,0,0.03,0.0,0.03,0.03,0.03,29.6,1,8,1,12.5,0.27,0.03,0.13,1.0,0,0,86,77.9,31,86,28,0,,1,1.1,21,34,-13,-0.44,0.16,0,30,18,0,5,27,25,,,0,,,,,,,,,,,,,,,
ITA-Serie A,2526,Parma,Ben Cremaschi,USA,MF,20,2005,8,2,132,1.5,0,0,0,0,0,0,0,0,0.0,0.0,0.0,0.0,0.0,1.5,0,1,0,0.0,0.68,0.0,0.0,,0,0,17,3.9,2,50,1,6,5,17,0.88,1,3,-2,-1.36,-0.93,0,2,0,0,6,0,1,,,0,,,,,,,,,,,,,,,
ITA-Serie A,2526,Parma,Christian Ordoñez,ARG,MF,21,2004,28,12,1091,12.1,1,0,1,1,0,0,5,1,0.08,0.0,0.08,0.08,0.08,12.1,1,10,2,20.0,0.82,0.16,0.1,0.5,0,0,39,31.9,12,67,3,16,18,9,1.29,9,14,-5,-0.41,0.09,1,16,11,0,12,9,13,,,0,,,,,,,,,,,,,,,
ITA-Serie A,2526,Parma,Daniel Mikołajewski,POL,FW,19,2006,3,1,70,0.8,0,0,0,0,0,0,0,0,0.0,0.0,0.0,0.0,0.0,0.8,0,1,0,0.0,1.29,0.0,0.0,,0,0,23,2.0,1,45,0,2,13,5,1.33,0,0,0,0.0,0.48,0,2,2,2,1,0,0,,,0,,,,,,,,,,,,,,,
ITA-Serie A,2526,Parma,Edoardo Corvi,ITA,GK,24,2001,17,17,1530,17.0,0,0,0,0,0,0,1,0,0.0,0.0,0.0,0.0,0.0,17.0,0,0,0,,0.0,0.0,,,0,0,90,44.7,17,90,17,0,,21,1.65,14,18,-4,-0.24,0.43,0,0,5,0,0,0,0,,,0,18,1.06,63,44,71.4,8,4,5,7,41.2,3,3,0,0,0.0
ITA-Serie A,2526,Parma,Emanuele Valeri,ITA,"MF,DF",26,1998,34,29,2643,29.4,0,2,2,0,0,0,2,0,0.0,0.07,0.07,0.0,0.07,29.4,0,23,5,21.7,0.78,0.17,0.0,0.0,0,0,78,77.3,29,86,23,5,29,0,1.26,21,32,-11,-0.37,0.44,0,23,26,3,234,20,32,,,0,,,,,,,,,,,,,,,
ITA-Serie A,2526,Parma,Enrico Delprato,ITA,"DF,MF",25,1999,35,34,2951,32.8,2,0,2,2,0,0,5,0,0.06,0.0,0.06,0.06,0.06,32.8,2,18,9,50.0,0.55,0.27,0.11,0.22,0,0,84,86.3,34,86,29,1,21,2,1.11,23,40,-17,-0.52,-0.33,0,16,10,6,19,24,21,,,0,,,,,,,,,,,,,,,
ITA-Serie A,2526,Parma,Filippo Rinaldi,ITA,GK,22,2002,1,1,90,1.0,0,0,0,0,0,0,1,0,0.0,0.0,0.0,0.0,0.0,1.0,0,0,0,,0.0,0.0,,,0,0,90,2.6,1,90,1,0,,35,1.0,0,0,0,0.0,0.49,0,0,0,0,0,0,0,,,0,0,0.0,4,4,100.0,0,1,0,1,100.0,0,0,0,0,
ITA-Serie A,2526,Parma,Franco Carboni,ITA,MF,22,2003,7,1,114,1.3,0,0,0,0,0,0,0,0,0.0,0.0,0.0,0.0,0.0,1.3,0,0,0,,0.0,0.0,,,0,0,16,3.3,1,70,0,6,7,9,1.14,3,3,0,0.0,0.49,0,3,0,0,3,2,1,,,0,,,,,,,,,,,,,,,
ITA-Serie A,2526,Parma,Gabriel Strefezza,BRA,FW,28,1997,14,13,1007,11.2,2,2,4,2,0,0,3,0,0.18,0.18,0.36,0.18,0.36,11.2,2,24,7,29.2,2.14,0.63,0.08,0.29,0,0,72,29.4,13,75,3,1,37,0,1.36,8,13,-5,-0.45,0.04,0,21,28,2,41,5,12,,,0,,,,,,,,,,,,,,,
ITA-Serie A,2526,Parma,Gaetano Oristanio,ITA,"FW,MF",22,2002,20,8,859,9.5,1,0,1,1,0,0,1,0,0.1,0.0,0.1,0.1,0.1,9.5,1,24,4,16.7,2.51,0.42,0.04,0.25,0,0,43,25.1,8,65,0,12,28,8,1.25,7,13,-6,-0.63,-0.21,0,13,20,4,16,2,6,,,0,,,,,,,,,,,,,,,
ITA-Serie A,2526,Parma,Hans Nicolussi Caviglia,ITA,MF,25,2000,15,10,869,9.7,0,3,3,0,0,0,0,0,0.0,0.31,0.31,0.0,0.31,9.7,0,16,2,12.5,1.66,0.21,0.0,0.0,0,0,58,25.4,10,73,2,5,28,1,1.47,10,11,-1,-0.1,0.5,0,8,9,0,23,3,8,,,0,,,,,,,,,,,,,,,
ITA-Serie A,2526,Parma,Hernani,BRA,MF,31,1994,4,0,73,0.8,0,0,0,0,0,0,0,0,0.0,0.0,0.0,0.0,0.0,0.8,0,1,0,0.0,1.23,0.0,0.0,,0,0,18,2.1,0,,0,4,18,8,0.5,0,2,-2,-2.47,-2.04,0,2,3,1,2,1,0,,,0,,,,,,,,,,,,,,,
ITA-Serie A,2526,Parma,Jacob Ondrejka,SWE,"FW,MF",22,2002,16,9,773,8.6,0,0,0,0,0,0,2,0,0.0,0.0,0.0,0.0,0.0,8.6,0,21,7,33.3,2.45,0.82,0.0,0.0,0,0,48,22.6,9,65,0,7,27,9,1.31,8,14,-6,-0.7,-0.29,0,8,14,1,12,2,2,,,0,,,,,,,,,,,,,,,
ITA-Serie A,2526,Parma,Lautaro Valenti,ARG,DF,26,1999,27,25,2252,25.0,0,0,0,0,0,0,7,0,0.0,0.0,0.0,0.0,0.0,25.0,0,17,4,23.5,0.68,0.16,0.0,0.0,0,0,83,65.8,25,87,23,2,39,4,1.15,19,31,-12,-0.48,-0.02,0,25,17,0,20,26,30,,,0,,,,,,,,,,,,,,,
ITA-Serie A,2526,Parma,Mandela Keita,BEL,MF,23,2002,37,36,2979,33.1,1,1,2,1,0,0,1,0,0.03,0.03,0.06,0.03,0.06,33.1,1,16,5,31.3,0.48,0.15,0.06,0.2,0,0,81,87.1,36,83,19,1,6,0,1.22,19,37,-18,-0.54,-0.54,0,30,57,0,2,43,48,,,1,,,,,,,,,,,,,,,
ITA-Serie A,2526,Parma,Mariano Troilo,ARG,DF,22,2003,21,18,1625,18.1,1,0,1,1,0,0,8,2,0.06,0.0,0.06,0.06,0.06,18.1,1,9,2,22.2,0.5,0.11,0.11,0.5,0,0,77,47.5,18,85,14,3,31,12,1.09,14,26,-12,-0.66,-0.36,1,27,20,1,1,16,18,,,0,,,,,,,,,,,,,,,
ITA-Serie A,2526,Parma,Mateo Pellegrino,ARG,FW,24,2001,37,34,2984,33.2,9,1,10,8,1,1,5,0,0.27,0.03,0.3,0.24,0.27,33.2,9,73,22,30.1,2.2,0.66,0.12,0.41,1,1,81,87.3,34,84,21,3,38,0,1.19,24,38,-14,-0.42,0.4,0,87,71,12,12,4,10,,,0,,,,,,,,,,,,,,,
ITA-Serie A,2526,Parma,Mathias Løvik,NOR,MF,21,2003,9,5,471,5.2,0,0,0,0,0,0,0,0,0.0,0.0,0.0,0.0,0.0,5.2,0,3,0,0.0,0.57,0.0,0.0,,0,0,52,13.8,5,79,2,4,19,10,1.0,5,8,-3,-0.57,-0.12,0,3,2,2,15,7,8,,,0,,,,,,,,,,,,,,,
ITA-Serie A,2526,Parma,Milan Đurić,BIH,FW,35,1990,12,0,74,0.8,0,0,0,0,0,0,0,0,0.0,0.0,0.0,0.0,0.0,0.8,0,5,0,0.0,6.08,0.0,0.0,,0,0,6,2.2,0,,0,12,6,10,0.83,1,2,-1,-1.22,-0.76,0,2,1,0,0,0,0,,,0,,,,,,,,,,,,,,,
ITA-Serie A,2526,Parma,Nahuel Estévez,ARG,MF,29,1995,32,9,1049,11.7,0,1,1,0,0,0,2,0,0.0,0.09,0.09,0.0,0.09,11.7,0,9,1,11.1,0.77,0.09,0.0,0.0,0,0,33,30.7,9,76,5,23,16,4,1.06,7,11,-4,-0.34,0.19,0,11,13,0,43,5,10,,,0,,,,,,,,,,,,,,,
ITA-Serie A,2526,Parma,Nesta Elphege,FRA,FW,24,2001,9,2,309,3.4,2,1,3,2,0,0,0,0,0.58,0.29,0.87,0.58,0.87,3.4,2,6,3,50.0,1.75,0.87,0.33,0.67,0,0,34,9.0,2,68,0,7,25,6,0.89,4,2,2,0.58,1.16,0,3,0,3,0,0,0,,,0,,,,,,,,,,,,,,,
ITA-Serie A,2526,Parma,Oliver Jensen,DEN,MF,23,2002,34,19,1840,20.4,1,1,2,1,0,0,2,0,0.05,0.05,0.1,0.05,0.1,20.4,1,15,3,20.0,0.73,0.15,0.07,0.33,0,0,54,53.8,19,78,9,15,23,4,1.21,14,28,-14,-0.68,-0.46,0,13,20,2,14,17,8,,,0,,,,,,,,,,,,,,,
ITA-Serie A,2526,Parma,Patrick Cutrone,ITA,FW,27,1998,15,11,888,9.9,1,0,1,1,0,0,0,0,0.1,0.0,0.1,0.1,0.1,9.9,1,25,7,28.0,2.53,0.71,0.04,0.14,0,0,59,26.0,11,76,1,4,14,5,0.8,6,11,-5,-0.51,-0.04,0,7,16,8,12,3,1,,,0,,,,,,,,,,,,,,,
ITA-Serie A,2526,Parma,Pontus Almqvist,SWE,MF,26,1999,13,4,457,5.1,0,1,1,0,0,0,0,0,0.0,0.2,0.2,0.0,0.2,5.1,0,5,2,40.0,0.98,0.39,0.0,0.0,0,0,35,13.4,4,66,0,9,22,11,0.77,4,7,-3,-0.59,-0.14,0,6,14,1,7,6,6,,,0,,,,,,,,,,,,,,,
ITA-Serie A,2526,Parma,Sascha Britschgi,SUI,"MF,DF",18,2006,29,22,2095,23.3,0,2,2,0,0,0,7,1,0.0,0.09,0.09,0.0,0.09,23.3,0,13,3,23.1,0.56,0.13,0.0,0.0,0,0,72,61.3,22,86,16,7,30,6,1.31,18,27,-9,-0.39,0.22,1,18,23,0,48,8,18,,,0,,,,,,,,,,,,,,,
ITA-Serie A,2526,Parma,Tjaš Begić,SVN,MF,22,2003,1,0,1,0.0,0,0,0,0,0,0,0,0,0.0,0.0,0.0,0.0,0.0,0.0,0,0,0,,0.0,0.0,,,0,0,1,0.0,0,,0,1,1,15,0.0,0,0,0,0.0,0.47,0,0,0,0,0,0,0,,,0,,,,,,,,,,,,,,,
ITA-Serie A,2526,Parma,Zion Suzuki,JPN,GK,22,2002,20,20,1800,20.0,0,0,0,0,0,0,1,0,0.0,0.0,0.0,0.0,0.0,20.0,0,0,0,,0.0,0.0,,,0,0,90,52.6,20,90,20,0,,3,0.8,14,28,-14,-0.7,-0.48,0,0,4,0,0,0,0,,,0,28,1.4,93,65,69.9,3,7,10,5,25.0,3,2,1,0,33.3
ITA-Serie A,2526,Pisa,Adrian Šemper,CRO,GK,27,1998,25,25,2250,25.0,0,0,0,0,0,0,0,0,0.0,0.0,0.0,0.0,0.0,25.0,0,0,0,,0.0,0.0,,,0,0,90,65.8,25,90,25,0,,8,0.48,16,42,-26,-1.04,0.42,0,0,6,0,0,0,0,,,0,42,1.68,124,82,66.1,1,9,15,4,16.0,2,2,0,0,0.0
ITA-Serie A,2526,Pisa,Antonio Caracciolo,ITA,DF,35,1990,35,34,3073,34.1,2,0,2,2,0,0,10,0,0.06,0.0,0.06,0.06,0.06,34.1,2,25,6,24.0,0.73,0.18,0.08,0.33,0,0,88,89.9,34,90,31,1,29,1,0.49,21,60,-39,-1.14,0.41,0,41,11,2,3,57,44,,,1,,,,,,,,,,,,,,,
ITA-Serie A,2526,Pisa,Arturo Calabresi,ITA,DF,29,1996,26,17,1514,16.8,0,0,0,0,0,0,8,0,0.0,0.0,0.0,0.0,0.0,16.8,0,4,1,25.0,0.24,0.06,0.0,0.0,0,0,58,44.3,17,74,3,9,28,11,0.62,15,30,-15,-0.89,0.52,0,33,25,1,17,19,13,,,0,,,,,,,,,,,,,,,
ITA-Serie A,2526,Pisa,Brando Bettazzi,ITA,MF,17,2007,1,0,14,0.2,0,0,0,0,0,0,0,0,0.0,0.0,0.0,0.0,0.0,0.2,0,0,0,,0.0,0.0,,,0,0,14,0.4,0,,0,1,14,8,0.0,0,0,0,0.0,1.19,0,1,1,0,0,0,1,,,0,,,,,,,,,,,,,,,
ITA-Serie A,2526,Pisa,Calvin Stengs,NED,"FW,MF",26,1998,4,0,46,0.5,0,0,0,0,0,0,0,0,0.0,0.0,0.0,0.0,0.0,0.5,0,2,1,50.0,3.91,1.96,0.0,0.0,0,0,12,1.3,0,,0,4,12,11,0.0,0,2,-2,-3.91,-2.77,0,0,2,0,3,0,0,,,0,,,,,,,,,,,,,,,
ITA-Serie A,2526,Pisa,Daniel Denoon,SUI,DF,21,2004,2,2,122,1.4,0,0,0,0,0,0,1,0,0.0,0.0,0.0,0.0,0.0,1.4,0,0,0,,0.0,0.0,,,0,0,61,3.6,2,61,0,0,,11,1.0,1,1,0,0.0,1.23,0,4,3,0,0,1,2,,,0,,,,,,,,,,,,,,,
ITA-Serie A,2526,Pisa,Ebenezer Akinsanmiro,NGA,MF,20,2004,24,16,1444,16.0,0,1,1,0,0,0,2,0,0.0,0.06,0.06,0.0,0.06,16.0,0,13,3,23.1,0.81,0.19,0.0,0.0,0,0,60,42.2,16,75,7,8,31,6,0.5,10,29,-19,-1.18,0.0,0,30,28,1,9,27,25,,,0,,,,,,,,,,,,,,,
ITA-Serie A,2526,Pisa,Felipe Loyola,CHI,MF,24,2000,11,6,538,6.0,1,0,1,1,0,0,0,1,0.17,0.0,0.17,0.17,0.17,6.0,1,9,1,11.1,1.51,0.17,0.11,1.0,0,0,49,15.7,6,64,0,5,31,5,0.09,3,15,-12,-2.01,-0.98,0,8,2,0,4,6,7,,,0,,,,,,,,,,,,,,,
ITA-Serie A,2526,Pisa,Filip Stojilković,SUI,"FW,MF",25,2000,13,8,658,7.3,0,0,0,0,0,0,0,0,0.0,0.0,0.0,0.0,0.0,7.3,0,10,4,40.0,1.37,0.55,0.0,0.0,0,0,51,19.2,8,65,1,5,27,3,0.08,3,16,-13,-1.78,-0.74,0,8,0,12,3,0,1,,,0,,,,,,,,,,,,,,,
ITA-Serie A,2526,Pisa,Francesco Coppola,ITA,DF,20,2005,7,5,458,5.1,0,0,0,0,0,0,3,0,0.0,0.0,0.0,0.0,0.0,5.1,0,2,0,0.0,0.39,0.0,0.0,,0,0,65,13.4,5,90,5,2,4,19,0.29,3,15,-12,-2.36,-1.36,0,7,8,0,2,5,5,,,0,,,,,,,,,,,,,,,
ITA-Serie A,2526,Pisa,Gabriele Piccinini,ITA,MF,24,2001,25,5,875,9.7,0,0,0,0,0,0,3,0,0.0,0.0,0.0,0.0,0.0,9.7,0,19,7,36.8,1.95,0.72,0.0,0.0,0,0,35,25.6,5,77,1,20,25,13,0.4,6,20,-14,-1.44,-0.34,0,11,12,0,19,2,16,,,0,,,,,,,,,,,,,,,
ITA-Serie A,2526,Pisa,Giovanni Bonfanti,ITA,"DF,MF",22,2003,9,6,494,5.5,0,0,0,0,0,0,1,0,0.0,0.0,0.0,0.0,0.0,5.5,0,6,1,16.7,1.09,0.18,0.0,0.0,0,0,55,14.4,6,66,1,3,32,9,0.56,3,11,-8,-1.46,-0.32,0,10,3,0,12,7,6,,,0,,,,,,,,,,,,,,,
ITA-Serie A,2526,Pisa,Henrik Meister,DEN,FW,21,2003,28,15,1515,16.8,2,0,2,2,0,0,2,0,0.12,0.0,0.12,0.12,0.12,16.8,2,20,8,40.0,1.19,0.48,0.1,0.25,0,0,54,44.3,15,75,6,13,29,8,0.46,13,28,-15,-0.89,0.53,0,26,17,5,1,1,3,,,0,,,,,,,,,,,,,,,
ITA-Serie A,2526,Pisa,Idrissa Touré,GER,MF,27,1998,32,26,2279,25.3,1,0,1,1,0,0,4,1,0.04,0.0,0.04,0.04,0.04,25.3,1,29,8,27.6,1.15,0.32,0.03,0.13,0,0,71,66.6,26,83,19,6,19,4,0.53,17,46,-29,-1.15,0.12,0,23,19,5,67,25,28,,,0,,,,,,,,,,,,,,,
ITA-Serie A,2526,Pisa,Juan Cuadrado,COL,MF,37,1988,19,2,506,5.6,1,0,1,0,1,1,3,0,0.18,0.0,0.18,0.0,0.0,5.6,1,10,2,20.0,1.78,0.36,0.1,0.5,1,1,27,14.8,2,55,0,17,23,4,0.47,3,9,-6,-1.07,0.14,0,9,16,0,45,5,10,,,0,,,,,,,,,,,,,,,
ITA-Serie A,2526,Pisa,Lorran,BRA,FW,19,2006,9,0,122,1.4,1,0,1,1,0,0,0,0,0.74,0.0,0.74,0.74,0.74,1.4,1,3,1,33.3,2.21,0.74,0.33,1.0,0,0,14,3.6,0,,0,9,14,19,0.11,2,8,-6,-4.43,-3.36,0,0,3,0,5,3,3,,,0,,,,,,,,,,,,,,,
ITA-Serie A,2526,Pisa,Louis Buffon,CZE,FW,17,2007,4,0,32,0.4,0,0,0,0,0,0,0,0,0.0,0.0,0.0,0.0,0.0,0.4,0,0,0,,0.0,0.0,,,0,0,8,0.9,0,,0,4,8,16,0.0,0,1,-1,-2.81,-1.64,0,1,1,0,0,0,0,,,0,,,,,,,,,,,,,,,
ITA-Serie A,2526,Pisa,M'Bala Nzola,ANG,FW,28,1996,16,11,1052,11.7,3,0,3,1,2,3,1,1,0.26,0.0,0.26,0.09,0.09,11.7,3,28,7,25.0,2.4,0.6,0.11,0.43,2,3,66,30.8,11,82,4,5,30,0,0.69,5,15,-10,-0.86,0.47,0,18,17,11,7,1,2,,,0,,,,,,,,,,,,,,,
ITA-Serie A,2526,Pisa,Malthe Hojholt,DEN,MF,24,2001,17,9,850,9.4,0,0,0,0,0,0,2,0,0.0,0.0,0.0,0.0,0.0,9.4,0,4,2,50.0,0.42,0.21,0.0,0.0,0,0,50,24.9,9,68,2,8,30,21,0.53,7,23,-16,-1.69,-0.68,0,13,5,0,4,9,8,,,0,,,,,,,,,,,,,,,
ITA-Serie A,2526,Pisa,Marius Marin,ROU,MF,26,1998,23,18,1281,14.2,0,0,0,0,0,0,7,0,0.0,0.0,0.0,0.0,0.0,14.2,0,3,0,0.0,0.21,0.0,0.0,,0,0,56,37.5,18,66,4,5,19,6,0.65,7,22,-15,-1.05,0.21,0,36,20,0,18,14,26,,,0,,,,,,,,,,,,,,,
ITA-Serie A,2526,Pisa,Mateus Lusuardi,BRA,DF,21,2004,3,3,198,2.2,0,0,0,0,0,0,1,0,0.0,0.0,0.0,0.0,0.0,2.2,0,4,0,0.0,1.82,0.0,0.0,,0,0,66,5.8,3,66,1,0,,5,0.0,2,5,-3,-1.36,-0.19,0,4,0,0,1,0,2,,,0,,,,,,,,,,,,,,,
ITA-Serie A,2526,Pisa,Mattéo Tramoni,FRA,"MF,FW",25,2000,27,21,1600,17.8,2,2,4,1,1,1,3,0,0.11,0.11,0.23,0.06,0.17,17.8,2,28,9,32.1,1.58,0.51,0.07,0.22,1,1,59,46.8,21,71,4,6,19,6,0.56,15,35,-20,-1.13,0.11,0,16,15,2,68,15,21,,,0,,,,,,,,,,,,,,,
ITA-Serie A,2526,Pisa,Mehdi Léris,ALG,MF,27,1998,34,21,1900,21.1,2,3,5,2,0,0,2,0,0.09,0.14,0.24,0.09,0.24,21.1,2,25,7,28.0,1.18,0.33,0.08,0.29,0,0,56,55.6,21,73,5,13,28,3,0.47,16,42,-26,-1.23,-0.11,0,27,22,8,99,23,37,,,0,,,,,,,,,,,,,,,
ITA-Serie A,2526,Pisa,Michel Aebischer,SUI,MF,28,1997,35,33,2892,32.1,1,2,3,1,0,0,8,0,0.03,0.06,0.09,0.03,0.09,32.1,1,19,5,26.3,0.59,0.16,0.05,0.2,0,0,83,84.6,33,85,25,2,45,1,0.51,23,49,-26,-0.81,2.43,0,44,38,0,43,35,37,,,0,,,,,,,,,,,,,,,
ITA-Serie A,2526,Pisa,Nícolas Andrade,BRA,GK,37,1988,6,6,540,6.0,0,0,0,0,0,0,0,0,0.0,0.0,0.0,0.0,0.0,6.0,0,0,0,,0.0,0.0,,,0,0,90,15.8,6,90,6,0,,32,0.5,4,14,-10,-1.67,-0.57,0,0,3,0,0,0,0,,,0,14,2.33,26,12,46.2,1,0,5,0,0.0,1,0,0,1,
ITA-Serie A,2526,Pisa,Rafiu Durosinmi,NGA,FW,22,2003,12,4,432,4.8,1,1,2,1,0,0,1,1,0.21,0.21,0.42,0.21,0.42,4.8,1,9,5,55.6,1.87,1.04,0.11,0.2,0,0,36,12.6,4,55,0,8,27,3,0.42,3,10,-7,-1.46,-0.31,0,15,2,3,0,1,0,,,0,,,,,,,,,,,,,,,
ITA-Serie A,2526,Pisa,Raúl Albiol,ESP,DF,39,1985,8,5,500,5.6,0,1,1,0,0,0,1,0,0.0,0.18,0.18,0.0,0.18,5.6,0,1,0,0.0,0.18,0.0,0.0,,0,0,63,14.6,5,73,2,3,45,20,0.88,4,11,-7,-1.26,-0.09,0,6,2,0,1,7,4,,,0,,,,,,,,,,,,,,,
ITA-Serie A,2526,Pisa,Rosen Bozhinov,BUL,DF,20,2005,9,8,610,6.8,0,0,0,0,0,0,3,1,0.0,0.0,0.0,0.0,0.0,6.8,0,3,1,33.3,0.44,0.15,0.0,0.0,0,0,68,17.8,8,76,4,1,1,8,0.22,4,10,-6,-0.89,0.36,1,12,1,2,3,12,5,,,0,,,,,,,,,,,,,,,
ITA-Serie A,2526,Pisa,Samuel Iling-Junior,ENG,MF,21,2003,5,1,110,1.2,0,0,0,0,0,0,0,0,0.0,0.0,0.0,0.0,0.0,1.2,0,0,0,,0.0,0.0,,,0,0,22,3.2,1,45,0,4,16,7,0.0,1,4,-3,-2.45,-1.31,0,1,0,0,5,0,2,,,0,,,,,,,,,,,,,,,
ITA-Serie A,2526,Pisa,Samuele Angori,ITA,MF,21,2003,35,30,2599,28.9,0,2,2,0,0,0,2,0,0.0,0.07,0.07,0.0,0.07,28.9,0,14,3,21.4,0.48,0.1,0.0,0.0,0,0,74,76.0,30,81,19,5,35,3,0.37,19,52,-33,-1.14,0.17,0,17,54,3,165,23,25,,,0,,,,,,,,,,,,,,,
ITA-Serie A,2526,Pisa,Simone Canestrelli,ITA,DF,24,2000,37,36,3201,35.6,1,0,1,1,0,0,4,0,0.03,0.0,0.03,0.03,0.03,35.6,1,16,3,18.8,0.45,0.08,0.06,0.33,0,0,87,93.6,36,88,34,1,21,1,0.49,25,65,-40,-1.12,0.93,0,42,22,1,12,33,25,,,0,,,,,,,,,,,,,,,
ITA-Serie A,2526,Pisa,Simone Scuffet,ITA,GK,29,1996,7,7,630,7.0,0,0,0,0,0,0,0,0,0.0,0.0,0.0,0.0,0.0,7.0,0,0,0,,0.0,0.0,,,0,0,90,18.4,7,90,7,0,,25,0.43,6,15,-9,-1.29,-0.12,0,0,4,0,0,0,0,,,0,15,2.14,29,14,48.3,0,3,4,1,14.3,3,3,0,0,0.0
ITA-Serie A,2526,Pisa,Stefano Moreo,ITA,"FW,MF",32,1993,37,29,2307,25.6,7,1,8,5,2,2,2,0,0.27,0.04,0.31,0.2,0.23,25.6,7,52,20,38.5,2.03,0.78,0.13,0.35,2,2,62,67.5,29,75,12,8,18,1,0.49,21,51,-30,-1.17,0.04,0,22,20,5,28,21,11,,,0,,,,,,,,,,,,,,,
ITA-Serie A,2526,Pisa,Tomás Esteves,POR,"DF,MF",23,2002,1,0,14,0.2,0,0,0,0,0,0,0,0,0.0,0.0,0.0,0.0,0.0,0.2,0,0,0,,0.0,0.0,,,0,0,14,0.4,0,,0,1,14,10,0.0,0,1,-1,-6.43,-5.27,0,0,0,0,0,0,0,,,0,,,,,,,,,,,,,,,
ITA-Serie A,2526,Pisa,İsak Vural,TUR,MF,19,2006,15,9,752,8.4,0,0,0,0,0,0,4,0,0.0,0.0,0.0,0.0,0.0,8.4,0,6,1,16.7,0.72,0.12,0.0,0.0,0,0,50,22.0,9,70,2,6,20,6,0.53,6,16,-10,-1.2,-0.02,0,16,33,1,5,2,7,,,0,,,,,,,,,,,,,,,
ITA-Serie A,2526,Roma,Alessandro Romano,SUI,MF,19,2006,2,0,8,0.1,0,0,0,0,0,0,0,0,0.0,0.0,0.0,0.0,0.0,0.1,0,0,0,,0.0,0.0,,,0,0,4,0.2,0,,0,2,4,2,3.0,0,0,0,0.0,-0.74,0,2,0,0,0,0,0,,,0,,,,,,,,,,,,,,,
ITA-Serie A,2526,Roma,Angeliño,ESP,MF,28,1997,7,5,416,4.6,0,0,0,0,0,0,2,0,0.0,0.0,0.0,0.0,0.0,4.6,0,5,2,40.0,1.08,0.43,0.0,0.0,0,0,59,12.2,5,77,0,2,15,20,2.57,4,1,3,0.65,-0.1,0,5,2,0,18,3,7,,,0,,,,,,,,,,,,,,,
ITA-Serie A,2526,Roma,Antonio Arena,ITA,FW,16,2009,2,0,23,0.3,0,0,0,0,0,0,0,0,0.0,0.0,0.0,0.0,0.0,0.3,0,2,0,0.0,7.83,0.0,0.0,,0,0,12,0.7,0,,0,2,12,7,3.0,0,0,0,0.0,-0.74,0,0,0,1,0,0,0,,,0,,,,,,,,,,,,,,,
ITA-Serie A,2526,Roma,Artem Dovbyk,UKR,FW,28,1997,14,3,393,4.4,3,1,4,3,0,0,0,0,0.69,0.23,0.92,0.69,0.92,4.4,3,12,6,50.0,2.75,1.37,0.25,0.5,0,0,28,11.5,3,53,0,11,21,2,2.36,6,3,3,0.69,-0.06,0,11,6,4,1,0,3,,,0,,,,,,,,,,,,,,,
ITA-Serie A,2526,Roma,Bryan Cristante,ITA,MF,30,1995,37,36,3094,34.4,2,1,3,2,0,0,6,0,0.06,0.03,0.09,0.06,0.09,34.4,2,44,8,18.2,1.28,0.23,0.05,0.25,0,0,84,90.5,36,85,27,1,45,0,1.89,55,26,29,0.84,1.12,0,63,9,0,19,28,43,,,0,,,,,,,,,,,,,,,
ITA-Serie A,2526,Roma,Bryan Zaragoza,ESP,MF,23,2001,4,2,135,1.5,0,1,1,0,0,0,1,0,0.0,0.67,0.67,0.0,0.67,1.5,0,1,1,100.0,0.67,0.67,0.0,0.0,0,0,34,3.9,2,50,0,2,18,7,2.0,2,2,0,0.0,-0.77,0,5,5,0,9,0,1,,,0,,,,,,,,,,,,,,,
ITA-Serie A,2526,Roma,Daniele Ghilardi,ITA,DF,22,2003,23,9,1097,12.2,0,0,0,0,0,0,1,0,0.0,0.0,0.0,0.0,0.0,12.2,0,3,0,0.0,0.25,0.0,0.0,,0,0,48,32.1,9,80,7,14,27,15,2.0,19,15,4,0.33,-0.6,0,23,17,0,3,22,15,,,0,,,,,,,,,,,,,,,
ITA-Serie A,2526,Roma,Devyne Rensch,NED,MF,22,2003,24,12,1184,13.2,1,4,5,1,0,0,1,0,0.08,0.3,0.38,0.08,0.38,13.2,1,6,2,33.3,0.46,0.15,0.17,0.5,0,0,49,34.6,12,79,5,12,20,12,2.08,21,15,6,0.46,-0.43,0,6,18,3,22,16,15,,,0,,,,,,,,,,,,,,,
ITA-Serie A,2526,Roma,Donyell Malen,NED,FW,26,1999,18,18,1467,16.3,14,2,16,11,3,4,1,0,0.86,0.12,0.98,0.67,0.8,16.3,14,70,31,44.3,4.29,1.9,0.2,0.45,3,4,82,42.9,18,82,7,0,,0,1.89,33,17,16,0.98,0.43,0,12,17,14,6,3,3,,,0,,,,,,,,,,,,,,,
ITA-Serie A,2526,Roma,Evan Ferguson,IRL,FW,20,2004,16,10,773,8.6,3,2,5,3,0,0,1,0,0.35,0.23,0.58,0.35,0.58,8.6,3,27,15,55.6,3.14,1.75,0.11,0.2,0,0,48,22.6,10,59,1,6,30,3,1.88,12,6,6,0.7,-0.05,0,11,9,3,2,1,4,,,0,,,,,,,,,,,,,,,
ITA-Serie A,2526,Roma,Gianluca Mancini,ITA,DF,29,1996,36,36,3059,34.0,4,2,6,4,0,0,9,0,0.12,0.06,0.18,0.12,0.18,34.0,4,20,8,40.0,0.59,0.24,0.2,0.5,0,0,85,89.4,36,85,27,0,,0,1.86,52,26,26,0.76,0.27,0,71,42,5,29,47,28,,,0,,,,,,,,,,,,,,,
ITA-Serie A,2526,Roma,Jan Ziółkowski,POL,DF,20,2005,18,5,517,5.7,0,0,0,0,0,0,3,0,0.0,0.0,0.0,0.0,0.0,5.7,0,2,0,0.0,0.35,0.0,0.0,,0,0,29,15.1,5,72,3,13,12,18,2.0,10,5,5,0.87,0.16,0,12,8,0,0,7,14,,,0,,,,,,,,,,,,,,,
ITA-Serie A,2526,Roma,Kostas Tsimikas,GRE,MF,29,1996,18,6,644,7.2,0,0,0,0,0,0,1,0,0.0,0.0,0.0,0.0,0.0,7.2,0,7,0,0.0,0.98,0.0,0.0,,0,0,36,18.8,6,68,1,12,20,17,1.61,8,7,1,0.14,-0.74,0,9,8,1,43,8,5,,,0,,,,,,,,,,,,,,,
ITA-Serie A,2526,Roma,Leon Bailey,JAM,FW,27,1997,7,1,186,2.1,0,0,0,0,0,0,0,0,0.0,0.0,0.0,0.0,0.0,2.1,0,3,1,33.3,1.45,0.48,0.0,0.0,0,0,27,5.4,1,49,0,6,23,1,1.29,1,1,0,0.0,-0.78,0,2,1,1,14,0,0,,,0,,,,,,,,,,,,,,,
ITA-Serie A,2526,Roma,Lorenzo Pellegrini,ITA,MF,29,1996,24,20,1463,16.3,4,2,6,2,2,2,2,0,0.25,0.12,0.37,0.12,0.25,16.3,4,32,12,37.5,1.97,0.74,0.13,0.33,2,2,61,42.8,20,67,2,4,30,3,1.63,22,14,8,0.49,-0.43,0,20,39,5,89,15,5,,,0,,,,,,,,,,,,,,,
ITA-Serie A,2526,Roma,Lorenzo Venturino,ITA,MF,19,2006,10,1,207,2.3,0,0,0,0,0,0,0,0,0.0,0.0,0.0,0.0,0.0,2.3,0,4,0,0.0,1.74,0.0,0.0,,0,0,21,6.1,1,45,0,9,18,6,1.8,6,2,4,1.74,1.07,0,0,3,1,28,0,0,,,0,,,,,,,,,,,,,,,
ITA-Serie A,2526,Roma,Manu Koné,FRA,MF,24,2001,29,28,2456,27.3,2,3,5,2,0,0,2,0,0.07,0.11,0.18,0.07,0.18,27.3,2,21,5,23.8,0.77,0.18,0.1,0.4,0,0,85,71.8,28,87,24,1,19,0,1.93,40,20,20,0.73,-0.01,0,47,53,2,1,20,27,,,0,,,,,,,,,,,,,,,
ITA-Serie A,2526,Roma,Mario Hermoso,ESP,DF,30,1995,27,25,2085,23.2,3,2,5,3,0,0,9,0,0.13,0.09,0.22,0.13,0.22,23.2,3,20,6,30.0,0.86,0.26,0.15,0.5,0,0,77,61.0,25,80,14,2,39,2,1.93,32,17,15,0.65,-0.23,0,40,19,0,10,30,20,,,0,,,,,,,,,,,,,,,
ITA-Serie A,2526,Roma,Matìas Soulé,ARG,"MF,FW",22,2003,33,28,2139,23.8,6,5,11,6,0,0,1,0,0.25,0.21,0.46,0.25,0.46,23.8,6,52,18,34.6,2.19,0.76,0.12,0.33,0,0,65,62.5,28,72,1,5,26,0,2.0,37,17,20,0.84,0.28,0,7,41,6,70,9,15,,,0,,,,,,,,,,,,,,,
ITA-Serie A,2526,Roma,Mile Svilar,SRB,GK,25,1999,38,38,3420,38.0,0,0,0,0,0,0,0,0,0.0,0.0,0.0,0.0,0.0,38.0,0,0,0,,0.0,0.0,,,0,0,90,100.0,38,90,38,0,,0,1.92,59,31,28,0.74,,0,0,8,0,0,1,1,,,0,31,0.82,138,107,77.5,23,4,11,18,47.4,1,1,0,0,0.0
ITA-Serie A,2526,Roma,Neil El Aynaoui,MAR,MF,24,2001,25,8,999,11.1,1,2,3,1,0,0,5,0,0.09,0.18,0.27,0.09,0.27,11.1,1,6,4,66.7,0.54,0.36,0.17,0.25,0,0,40,29.2,8,69,3,17,26,5,2.04,18,11,7,0.63,-0.15,0,23,10,2,17,18,10,,,0,,,,,,,,,,,,,,,
ITA-Serie A,2526,Roma,Niccolò Pisilli,ITA,MF,20,2004,25,13,1295,14.4,2,4,6,2,0,0,3,0,0.14,0.28,0.42,0.14,0.42,14.4,2,19,5,26.3,1.32,0.35,0.11,0.4,0,0,52,37.9,13,81,9,12,20,13,1.96,29,16,13,0.9,0.27,0,20,4,2,15,24,13,,,0,,,,,,,,,,,,,,,
ITA-Serie A,2526,Roma,Obite N'Dicka,CIV,DF,25,1999,31,31,2680,29.8,3,0,3,3,0,0,5,0,0.1,0.0,0.1,0.1,0.1,29.8,3,23,6,26.1,0.77,0.2,0.13,0.5,0,0,86,78.4,31,86,28,0,,0,1.97,45,25,20,0.67,-0.3,0,32,35,0,2,45,16,,,0,,,,,,,,,,,,,,,
ITA-Serie A,2526,Roma,Paulo Dybala,ARG,"MF,FW",31,1993,22,15,1354,15.0,2,6,8,2,0,1,0,0,0.13,0.4,0.53,0.13,0.53,15.0,2,43,18,41.9,2.86,1.2,0.05,0.11,0,1,62,39.6,15,78,6,7,26,2,1.95,20,10,10,0.66,-0.12,0,11,40,3,98,5,6,,,0,,,,,,,,,,,,,,,
ITA-Serie A,2526,Roma,Robinio Vaz,FRA,FW,18,2007,12,0,216,2.4,1,0,1,1,0,0,0,0,0.42,0.0,0.42,0.42,0.42,2.4,1,5,2,40.0,2.08,0.83,0.2,0.5,0,0,18,6.3,0,,0,12,18,5,1.75,3,2,1,0.42,-0.34,0,2,12,3,3,2,0,,,0,,,,,,,,,,,,,,,
ITA-Serie A,2526,Roma,Stephan El Shaarawy,ITA,"MF,FW",32,1992,20,5,666,7.4,1,2,3,1,0,0,4,0,0.14,0.27,0.41,0.14,0.41,7.4,1,18,7,38.9,2.43,0.95,0.06,0.14,0,0,33,19.5,5,56,0,15,26,11,2.0,13,3,10,1.35,0.76,0,10,7,1,16,6,7,,,0,,,,,,,,,,,,,,,
ITA-Serie A,2526,Roma,Tommaso Baldanzi,ITA,"FW,MF",22,2003,10,3,386,4.3,1,0,1,1,0,0,2,0,0.23,0.0,0.23,0.23,0.23,4.3,1,11,4,36.4,2.56,0.93,0.09,0.25,0,0,39,11.3,3,56,0,7,31,6,1.2,5,3,2,0.47,-0.3,0,8,18,2,9,3,1,,,0,,,,,,,,,,,,,,,
ITA-Serie A,2526,Roma,Wesley,BRA,MF,21,2003,30,28,2448,27.2,5,0,5,5,0,0,7,2,0.18,0.0,0.18,0.18,0.18,27.2,5,25,13,52.0,0.92,0.48,0.2,0.38,0,0,82,71.6,28,85,17,2,37,0,2.0,47,17,30,1.1,1.29,1,36,57,2,95,23,40,,,0,,,,,,,,,,,,,,,
ITA-Serie A,2526,Roma,Zeki Çelik,TUR,"MF,DF",28,1997,34,32,2723,30.3,1,2,3,1,0,0,2,1,0.03,0.07,0.1,0.03,0.1,30.3,1,22,4,18.2,0.73,0.13,0.05,0.25,0,0,80,79.6,32,84,21,2,11,1,1.79,50,27,23,0.76,0.11,0,35,18,3,75,24,40,,,0,,,,,,,,,,,,,,,
ITA-Serie A,2526,Sassuolo,Alieu Fadera,GAM,FW,23,2001,28,8,987,11.0,2,1,3,2,0,0,5,0,0.18,0.09,0.27,0.18,0.27,11.0,2,13,4,30.8,1.19,0.36,0.15,0.5,0,0,35,28.9,8,67,0,20,22,6,1.57,12,11,1,0.09,0.28,0,36,36,8,24,5,23,,,0,,,,,,,,,,,,,,,
ITA-Serie A,2526,Sassuolo,Andrea Ghion,ITA,MF,25,2000,1,0,10,0.1,0,0,0,0,0,0,0,0,0.0,0.0,0.0,0.0,0.0,0.1,0,0,0,,0.0,0.0,,,0,0,10,0.3,0,,0,1,10,1,0.0,0,0,0,0.0,0.11,0,0,0,0,1,0,1,,,0,,,,,,,,,,,,,,,
ITA-Serie A,2526,Sassuolo,Andrea Pinamonti,ITA,FW,26,1999,36,32,2552,28.4,9,3,12,9,0,1,2,1,0.32,0.11,0.42,0.32,0.42,28.4,9,73,30,41.1,2.57,1.06,0.12,0.3,0,1,71,74.6,32,78,6,4,18,0,1.36,35,39,-4,-0.14,-0.14,0,14,33,13,9,2,5,,,0,,,,,,,,,,,,,,,
ITA-Serie A,2526,Sassuolo,Arijanet Muric,KVX,GK,26,1998,32,32,2880,32.0,0,0,0,0,0,0,4,0,0.0,0.0,0.0,0.0,0.0,32.0,0,0,0,,0.0,0.0,,,0,0,90,84.2,32,90,32,0,,6,1.31,40,43,-3,-0.09,0.07,0,1,3,0,0,0,0,,,0,43,1.34,161,118,73.3,12,6,14,6,18.8,6,5,1,0,16.7
ITA-Serie A,2526,Sassuolo,Armand Lauriente,FRA,FW,26,1998,38,33,2592,28.8,7,9,16,7,0,0,4,0,0.24,0.31,0.56,0.24,0.56,28.8,7,71,26,36.6,2.47,0.9,0.1,0.27,0,0,68,75.8,33,75,6,5,25,0,1.29,34,38,-4,-0.14,-0.14,0,42,47,18,109,7,15,,,0,,,,,,,,,,,,,,,
ITA-Serie A,2526,Sassuolo,Aster Vranckx,BEL,MF,22,2002,16,9,690,7.7,0,0,0,0,0,0,2,0,0.0,0.0,0.0,0.0,0.0,7.7,0,3,1,33.3,0.39,0.13,0.0,0.0,0,0,43,20.2,9,63,0,7,18,15,0.94,4,9,-5,-0.65,-0.69,0,16,17,1,5,0,9,,,0,,,,,,,,,,,,,,,
ITA-Serie A,2526,Sassuolo,Cas Odenthal,NED,DF,24,2000,1,0,1,0.0,0,0,0,0,0,0,0,0,0.0,0.0,0.0,0.0,0.0,0.0,0,0,0,,0.0,0.0,,,0,0,1,0.0,0,,0,1,1,17,0.0,0,0,0,0.0,0.11,0,0,0,0,0,0,0,,,0,,,,,,,,,,,,,,,
ITA-Serie A,2526,Sassuolo,Christian Frangella,ITA,MF,18,2006,1,0,3,0.0,0,0,0,0,0,0,0,0,0.0,0.0,0.0,0.0,0.0,0.0,0,0,0,,0.0,0.0,,,0,0,3,0.1,0,,0,1,3,9,0.0,0,1,-1,-30.0,-29.92,0,0,0,1,1,1,0,,,0,,,,,,,,,,,,,,,
ITA-Serie A,2526,Sassuolo,Cristian Volpato,AUS,FW,21,2003,24,11,1064,11.8,2,4,6,2,0,0,4,0,0.17,0.34,0.51,0.17,0.51,11.8,2,21,7,33.3,1.78,0.59,0.1,0.29,0,0,44,31.1,11,70,0,13,23,8,1.33,19,14,5,0.42,0.77,0,19,11,0,49,6,11,,,0,,,,,,,,,,,,,,,
ITA-Serie A,2526,Sassuolo,Daniel Boloca,ROU,MF,26,1998,2,2,135,1.5,0,0,0,0,0,0,0,0,0.0,0.0,0.0,0.0,0.0,1.5,0,2,0,0.0,1.33,0.0,0.0,,0,0,68,3.9,2,68,1,0,,5,0.0,0,4,-4,-2.67,-2.67,0,0,1,0,1,2,2,,,0,,,,,,,,,,,,,,,
ITA-Serie A,2526,Sassuolo,Darryl Bakola,FRA,MF,17,2007,6,1,128,1.4,0,1,1,0,0,0,0,0,0.0,0.7,0.7,0.0,0.7,1.4,0,3,1,33.3,2.11,0.7,0.0,0.0,0,0,21,3.7,1,68,0,5,12,4,0.67,3,3,0,0.0,0.11,0,2,3,0,3,1,1,,,0,,,,,,,,,,,,,,,
ITA-Serie A,2526,Sassuolo,Domenico Berardi,ITA,FW,30,1994,26,24,1958,21.8,8,4,12,6,2,3,2,1,0.37,0.18,0.55,0.28,0.46,21.8,8,40,21,52.5,1.84,0.97,0.2,0.38,2,3,75,57.3,24,79,9,2,30,0,1.27,30,30,0,0.0,0.25,0,31,34,12,58,24,17,,,0,,,,,,,,,,,,,,,
ITA-Serie A,2526,Sassuolo,Edoardo Iannoni,ITA,MF,24,2001,15,1,260,2.9,1,0,1,1,0,0,3,0,0.35,0.0,0.35,0.35,0.35,2.9,1,3,1,33.3,1.04,0.35,0.33,1.0,0,0,17,7.6,1,76,0,14,13,22,1.53,1,6,-5,-1.73,-1.76,0,11,0,1,2,3,3,,,0,,,,,,,,,,,,,,,
ITA-Serie A,2526,Sassuolo,Fali Candé,GNB,DF,27,1998,12,5,509,5.7,0,0,0,0,0,0,2,0,0.0,0.0,0.0,0.0,0.0,5.7,0,3,0,0.0,0.53,0.0,0.0,,0,0,42,14.9,5,72,1,7,22,6,0.92,9,6,3,0.53,0.75,0,9,6,0,4,2,9,,,0,,,,,,,,,,,,,,,
ITA-Serie A,2526,Sassuolo,Filippo Romagna,ITA,DF,28,1997,5,4,313,3.5,0,0,0,0,0,0,0,0,0.0,0.0,0.0,0.0,0.0,3.5,0,2,0,0.0,0.58,0.0,0.0,,0,0,63,9.2,4,65,1,1,55,17,1.4,4,4,0,0.0,0.12,0,0,1,0,1,5,1,,,0,,,,,,,,,,,,,,,
ITA-Serie A,2526,Sassuolo,Gioele Zacchi,ITA,GK,22,2003,1,0,8,0.1,0,0,0,0,0,0,0,0,0.0,0.0,0.0,0.0,0.0,0.1,0,0,0,,0.0,0.0,,,0,0,8,0.2,0,,0,1,8,33,0.0,0,0,0,0.0,0.11,0,0,0,0,0,0,0,,,0,0,0.0,0,0,,0,0,0,0,,0,0,0,0,
ITA-Serie A,2526,Sassuolo,Ismaël Koné,CAN,MF,23,2002,35,33,2737,30.4,6,0,6,6,0,0,5,1,0.2,0.0,0.2,0.2,0.2,30.4,6,23,10,43.5,0.76,0.33,0.26,0.6,0,0,78,80.0,33,81,11,2,30,1,1.37,37,39,-2,-0.07,0.2,1,25,54,0,5,12,18,,,0,,,,,,,,,,,,,,,
ITA-Serie A,2526,Sassuolo,Jay Idzes,IDN,DF,25,2000,35,35,3061,34.0,0,0,0,0,0,0,2,0,0.0,0.0,0.0,0.0,0.0,34.0,0,5,0,0.0,0.15,0.0,0.0,,0,0,87,89.5,35,87,32,0,,1,1.4,42,42,0,0.0,1.0,0,33,14,1,1,38,15,,,0,,,,,,,,,,,,,,,
ITA-Serie A,2526,Sassuolo,Josh Doig,SCO,DF,23,2002,30,22,1917,21.3,0,0,0,0,0,0,5,0,0.0,0.0,0.0,0.0,0.0,21.3,0,11,4,36.4,0.52,0.19,0.0,0.0,0,0,64,56.1,22,81,11,8,17,7,1.1,20,31,-11,-0.52,-0.94,0,16,19,0,39,22,20,,,0,,,,,,,,,,,,,,,
ITA-Serie A,2526,Sassuolo,Kristian Thorstvedt,NOR,MF,26,1999,32,27,2460,27.3,4,4,8,4,0,0,9,0,0.15,0.15,0.29,0.15,0.29,27.3,4,43,13,30.2,1.57,0.48,0.09,0.31,0,0,77,71.9,27,86,24,5,26,0,1.5,39,36,3,0.11,0.77,0,34,57,1,13,31,20,,,0,,,,,,,,,,,,,,,
ITA-Serie A,2526,Sassuolo,Laurs Skjellerup,DEN,FW,22,2002,1,0,10,0.1,0,0,0,0,0,0,0,0,0.0,0.0,0.0,0.0,0.0,0.1,0,1,0,0.0,9.0,0.0,0.0,,0,0,10,0.3,0,,0,1,10,9,0.0,0,0,0,0.0,0.11,0,0,0,0,0,0,0,,,0,,,,,,,,,,,,,,,
ITA-Serie A,2526,Sassuolo,Luca Lipani,ITA,MF,20,2005,24,10,1034,11.5,0,1,1,0,0,0,3,0,0.0,0.09,0.09,0.0,0.09,11.5,0,12,3,25.0,1.04,0.26,0.0,0.0,0,0,43,30.2,10,72,2,14,23,13,1.17,14,14,0,0.0,0.15,0,28,8,1,5,15,17,,,0,,,,,,,,,,,,,,,
ITA-Serie A,2526,Sassuolo,Luca Moro,ITA,FW,24,2001,14,1,211,2.3,0,0,0,0,0,0,1,0,0.0,0.0,0.0,0.0,0.0,2.3,0,6,1,16.7,2.56,0.43,0.0,0.0,0,0,15,6.2,1,70,0,13,11,24,0.86,1,3,-2,-0.85,-0.8,0,7,9,2,0,2,4,,,0,,,,,,,,,,,,,,,
ITA-Serie A,2526,Sassuolo,M'Bala Nzola,ANG,FW,28,1996,14,4,473,5.3,1,1,2,1,0,0,1,0,0.19,0.19,0.38,0.19,0.38,5.3,1,11,4,36.4,2.09,0.76,0.09,0.25,0,0,34,13.8,4,72,0,10,19,1,1.43,6,7,-1,-0.19,-0.1,0,11,9,4,0,1,2,,,0,,,,,,,,,,,,,,,
ITA-Serie A,2526,Sassuolo,Nemanja Matić,SRB,MF,36,1988,34,31,2660,29.6,1,1,2,1,0,0,7,1,0.03,0.03,0.07,0.03,0.07,29.6,1,11,4,36.4,0.37,0.14,0.09,0.25,0,0,78,77.8,31,82,19,3,35,0,1.24,35,39,-4,-0.14,-0.14,0,24,39,0,11,27,28,,,0,,,,,,,,,,,,,,,
ITA-Serie A,2526,Sassuolo,Nicholas Pierini,ITA,"FW,MF",26,1998,11,0,142,1.6,0,0,0,0,0,0,1,0,0.0,0.0,0.0,0.0,0.0,1.6,0,5,2,40.0,3.17,1.27,0.0,0.0,0,0,13,4.2,0,,0,11,13,11,1.27,1,0,1,0.63,0.77,0,1,3,0,9,2,4,,,0,,,,,,,,,,,,,,,
ITA-Serie A,2526,Sassuolo,Pedro Felipe,BRA,DF,21,2004,3,1,129,1.4,0,1,1,0,0,0,0,0,0.0,0.7,0.7,0.0,0.7,1.4,0,0,0,,0.0,0.0,,,0,0,43,3.8,1,90,1,2,20,12,1.0,2,4,-2,-1.4,-1.34,0,2,1,0,0,2,1,,,0,,,,,,,,,,,,,,,
ITA-Serie A,2526,Sassuolo,Sebastian Walukiewicz,POL,DF,25,2000,34,33,2852,31.7,0,1,1,0,0,0,7,0,0.0,0.03,0.03,0.0,0.03,31.7,0,7,0,0.0,0.22,0.0,0.0,,0,0,84,83.4,33,86,27,1,22,0,1.35,37,40,-3,-0.09,0.06,0,35,13,1,45,23,34,,,0,,,,,,,,,,,,,,,
ITA-Serie A,2526,Sassuolo,Stefano Turati,ITA,GK,23,2001,6,6,532,5.9,0,0,0,0,0,0,0,0,0.0,0.0,0.0,0.0,0.0,5.9,0,0,0,,0.0,0.0,,,0,0,89,15.6,6,89,5,0,,25,1.17,6,7,-1,-0.17,-0.08,0,0,1,0,0,1,0,,,0,7,1.18,22,15,68.2,2,1,3,2,33.3,0,0,0,0,
ITA-Serie A,2526,Sassuolo,Tarik Muharemovic,BIH,DF,22,2003,32,32,2835,31.5,2,2,4,2,0,0,7,0,0.06,0.06,0.13,0.06,0.13,31.5,2,20,7,35.0,0.63,0.22,0.1,0.29,0,0,89,82.9,32,89,31,0,,3,1.22,37,46,-9,-0.29,-1.05,0,24,20,0,2,45,24,,,2,,,,,,,,,,,,,,,
ITA-Serie A,2526,Sassuolo,Tommaso Macchioni,ITA,DF,19,2006,1,1,90,1.0,0,0,0,0,0,0,1,0,0.0,0.0,0.0,0.0,0.0,1.0,0,1,0,0.0,1.0,0.0,0.0,,0,0,90,2.6,1,90,1,0,,5,0.0,0,1,-1,-1.0,-0.92,0,1,0,0,0,2,0,,,0,,,,,,,,,,,,,,,
ITA-Serie A,2526,Sassuolo,Ulisses Garcia,SUI,DF,29,1996,13,10,943,10.5,1,2,3,1,0,0,3,0,0.1,0.19,0.29,0.1,0.29,10.5,1,2,1,50.0,0.19,0.1,0.5,1.0,0,0,73,27.6,10,86,8,3,27,1,1.31,15,10,5,0.48,0.8,0,11,2,1,34,8,10,,,0,,,,,,,,,,,,,,,
ITA-Serie A,2526,Sassuolo,Walid Cheddira,MAR,FW,27,1998,16,1,221,2.5,1,0,1,1,0,0,1,0,0.41,0.0,0.41,0.41,0.41,2.5,1,8,2,25.0,3.26,0.81,0.13,0.5,0,0,14,6.5,1,62,0,15,11,3,1.38,2,4,-2,-0.81,-0.76,0,7,9,1,4,0,0,,,0,,,,,,,,,,,,,,,
ITA-Serie A,2526,Sassuolo,Woyo Coulibaly,MLI,DF,26,1999,20,9,1054,11.7,0,0,0,0,0,0,2,0,0.0,0.0,0.0,0.0,0.0,11.7,0,6,1,16.7,0.51,0.09,0.0,0.0,0,0,53,30.8,9,81,6,11,29,10,1.55,18,16,2,0.17,0.4,0,15,12,0,10,10,14,,,0,,,,,,,,,,,,,,,
ITA-Serie A,2526,Torino,Adam Masina,MAR,DF,31,1994,5,2,235,2.6,0,1,1,0,0,0,0,0,0.0,0.38,0.38,0.0,0.38,2.6,0,0,0,,0.0,0.0,,,0,0,47,6.9,2,90,2,3,18,8,0.2,3,11,-8,-3.06,-2.75,0,6,2,0,0,5,4,,,0,,,,,,,,,,,,,,,
ITA-Serie A,2526,Torino,Adrien Tameze,CMR,DF,31,1994,24,12,1120,12.4,0,0,0,0,0,0,3,0,0.0,0.0,0.0,0.0,0.0,12.4,0,5,0,0.0,0.4,0.0,0.0,,0,0,47,32.7,12,77,5,12,17,13,1.13,13,26,-13,-1.04,-0.81,0,16,7,0,14,19,12,,,0,,,,,,,,,,,,,,,
ITA-Serie A,2526,Torino,Alberto Paleari,ITA,GK,32,1992,29,29,2610,29.0,0,0,0,0,0,0,1,0,0.0,0.0,0.0,0.0,0.0,29.0,0,0,0,,0.0,0.0,,,0,0,90,76.3,29,90,29,0,,9,1.28,35,45,-10,-0.34,0.66,0,0,7,0,0,1,0,,,0,45,1.55,127,82,64.6,10,7,12,9,31.0,2,2,0,0,0.0
ITA-Serie A,2526,Torino,Ali Dembélé,FRA,DF,21,2004,2,0,21,0.2,0,0,0,0,0,0,0,0,0.0,0.0,0.0,0.0,0.0,0.2,0,1,0,0.0,4.29,0.0,0.0,,0,0,11,0.6,0,,0,2,11,19,2.0,3,1,2,8.57,9.13,0,0,0,0,0,0,0,,,0,,,,,,,,,,,,,,,
ITA-Serie A,2526,Torino,Alieu Njie,SWE,"MF,FW",20,2005,15,2,299,3.3,1,1,2,1,0,0,2,0,0.3,0.3,0.6,0.3,0.6,3.3,1,6,3,50.0,1.81,0.9,0.17,0.33,0,0,20,8.7,2,52,0,13,15,21,0.8,5,5,0,0.0,0.55,0,8,8,0,4,0,2,,,0,,,,,,,,,,,,,,,
ITA-Serie A,2526,Torino,Ardian Ismajli,ALB,DF,28,1996,25,21,1906,21.2,0,1,1,0,0,0,5,0,0.0,0.05,0.05,0.0,0.05,21.2,0,6,4,66.7,0.28,0.19,0.0,0.0,0,0,76,55.7,21,85,17,4,29,0,1.4,28,28,0,0.0,1.13,0,21,18,1,8,36,14,,,0,,,,,,,,,,,,,,,
ITA-Serie A,2526,Torino,Cesare Casadei,ITA,MF,22,2003,33,19,1997,22.2,6,0,6,6,0,0,5,0,0.27,0.0,0.27,0.27,0.27,22.2,6,35,17,48.6,1.58,0.77,0.17,0.35,0,0,61,58.4,19,84,15,14,28,4,1.18,28,36,-8,-0.36,0.34,0,52,16,2,4,9,16,,,0,,,,,,,,,,,,,,,
ITA-Serie A,2526,Torino,Ché Adams,SCO,FW,29,1996,33,19,1893,21.0,6,2,8,6,0,0,0,0,0.29,0.1,0.38,0.29,0.38,21.0,6,53,18,34.0,2.52,0.86,0.11,0.33,0,0,57,55.4,19,76,4,14,32,2,1.18,26,30,-4,-0.19,0.69,0,18,15,9,14,1,9,,,0,,,,,,,,,,,,,,,
ITA-Serie A,2526,Torino,Cristiano Biraghi,ITA,"MF,DF",32,1992,14,5,517,5.7,0,0,0,0,0,0,0,0,0.0,0.0,0.0,0.0,0.0,5.7,0,2,0,0.0,0.35,0.0,0.0,,0,0,37,15.1,5,81,3,9,13,19,1.5,1,11,-10,-1.74,-1.46,0,9,6,0,45,3,7,,,0,,,,,,,,,,,,,,,
ITA-Serie A,2526,Torino,Cyril Ngonge,BEL,FW,25,2000,20,11,994,11.0,1,1,2,1,0,0,2,0,0.09,0.09,0.18,0.09,0.18,11.0,1,24,12,50.0,2.17,1.09,0.04,0.08,0,0,50,29.1,11,72,2,9,22,1,1.0,9,20,-11,-1.0,-0.7,0,20,18,6,19,2,4,,,0,,,,,,,,,,,,,,,
ITA-Serie A,2526,Torino,Duván Zapata,COL,FW,34,1991,28,11,1103,12.3,3,1,4,3,0,1,0,0,0.24,0.08,0.33,0.24,0.33,12.3,3,34,15,44.1,2.77,1.22,0.09,0.2,0,1,39,32.3,11,66,1,17,22,5,1.18,21,22,-1,-0.08,0.62,0,15,24,7,8,1,2,,,0,,,,,,,,,,,,,,,
ITA-Serie A,2526,Torino,Emirhan İlkhan,TUR,MF,21,2004,19,13,1001,11.1,1,2,3,1,0,0,2,1,0.09,0.18,0.27,0.09,0.27,11.1,1,13,3,23.1,1.17,0.27,0.08,0.33,0,0,53,29.3,13,67,1,6,22,18,0.95,13,25,-12,-1.08,-0.82,0,11,18,0,7,13,19,,,0,,,,,,,,,,,,,,,
ITA-Serie A,2526,Torino,Enzo Ebosse,CMR,DF,26,1999,13,13,1115,12.4,0,1,1,0,0,0,3,0,0.0,0.08,0.08,0.0,0.08,12.4,0,0,0,,0.0,0.0,,,0,0,86,32.6,13,86,9,0,,2,1.38,18,18,0,0.0,0.74,0,16,9,0,7,10,6,,,0,,,,,,,,,,,,,,,
ITA-Serie A,2526,Torino,Faustino Anjorin,ENG,MF,23,2001,15,1,289,3.2,0,0,0,0,0,0,1,0,0.0,0.0,0.0,0.0,0.0,3.2,0,4,1,25.0,1.25,0.31,0.0,0.0,0,0,19,8.5,1,58,0,14,17,13,1.0,6,7,-1,-0.31,0.21,0,8,1,1,1,7,5,,,0,,,,,,,,,,,,,,,
ITA-Serie A,2526,Torino,Franco Israel,URU,GK,25,2000,9,9,810,9.0,0,0,0,0,0,0,1,0,0.0,0.0,0.0,0.0,0.0,9.0,0,0,0,,0.0,0.0,,,0,0,90,23.7,9,90,9,0,,25,0.89,9,18,-9,-1.0,-0.66,0,0,3,0,0,0,0,,,0,18,2.0,42,24,57.1,2,2,5,3,33.3,2,2,0,0,0.0
ITA-Serie A,2526,Torino,Giovanni Simeone,ARG,FW,30,1995,32,27,2230,24.8,11,0,11,11,0,0,1,0,0.44,0.0,0.44,0.44,0.44,24.8,11,78,28,35.9,3.15,1.13,0.14,0.39,0,0,70,65.2,27,77,6,5,32,2,1.31,29,37,-8,-0.32,0.51,0,31,41,18,9,5,9,,,0,,,,,,,,,,,,,,,
ITA-Serie A,2526,Torino,Guillermo Maripán,CHI,DF,31,1994,27,24,2145,23.8,2,0,2,2,0,0,4,0,0.08,0.0,0.08,0.08,0.08,23.8,2,18,8,44.4,0.76,0.34,0.11,0.25,0,0,79,62.7,24,84,20,3,41,10,1.15,25,37,-12,-0.5,-0.01,0,27,7,2,3,27,28,,,0,,,,,,,,,,,,,,,
ITA-Serie A,2526,Torino,Gvidas Gineitis,LTU,MF,21,2004,29,23,1756,19.5,0,1,1,0,0,0,5,0,0.0,0.05,0.05,0.0,0.05,19.5,0,27,5,18.5,1.38,0.26,0.0,0.0,0,0,61,51.3,23,72,8,6,17,5,1.31,19,32,-13,-0.67,-0.34,0,43,32,1,64,23,28,,,0,,,,,,,,,,,,,,,
ITA-Serie A,2526,Torino,Ivan Ilić,SRB,MF,24,2001,8,5,416,4.6,0,0,0,0,0,0,2,0,0.0,0.0,0.0,0.0,0.0,4.6,0,0,0,,0.0,0.0,,,0,0,52,12.2,5,67,1,3,28,17,1.63,3,5,-2,-0.43,0.08,0,9,4,0,2,5,5,,,0,,,,,,,,,,,,,,,
ITA-Serie A,2526,Torino,Kristjan Asllani,ALB,MF,23,2002,15,13,1129,12.5,0,0,0,0,0,1,3,0,0.0,0.0,0.0,0.0,0.0,12.5,0,20,4,20.0,1.59,0.32,0.0,0.0,0,1,75,33.0,13,82,5,2,29,4,1.27,13,20,-7,-0.56,-0.09,0,7,14,0,52,12,14,,,0,,,,,,,,,,,,,,,
ITA-Serie A,2526,Torino,Luca Marianucci,ITA,DF,21,2004,10,6,575,6.4,0,0,0,0,0,0,2,0,0.0,0.0,0.0,0.0,0.0,6.4,0,1,0,0.0,0.16,0.0,0.0,,0,0,58,16.8,6,82,4,4,22,5,1.5,9,10,-1,-0.16,0.41,0,9,3,0,7,8,5,,,0,,,,,,,,,,,,,,,
ITA-Serie A,2526,Torino,Marcus Pedersen,NOR,"MF,DF",25,2000,29,23,2134,23.7,1,2,3,1,0,0,3,0,0.04,0.08,0.13,0.04,0.13,23.7,1,15,3,20.0,0.63,0.13,0.07,0.33,0,0,74,62.4,23,85,15,6,32,4,1.21,31,35,-4,-0.17,0.88,0,31,6,3,110,10,14,,,0,,,,,,,,,,,,,,,
ITA-Serie A,2526,Torino,Matteo Prati,ITA,MF,21,2003,13,7,614,6.8,0,1,1,0,0,0,2,0,0.0,0.15,0.15,0.0,0.15,6.8,0,12,0,0.0,1.76,0.0,0.0,,0,0,47,18.0,7,66,0,6,26,2,1.46,7,10,-3,-0.44,0.07,0,12,7,0,2,5,3,,,0,,,,,,,,,,,,,,,
ITA-Serie A,2526,Torino,Niels Nkounkou,FRA,"MF,DF",24,2000,11,3,355,3.9,0,1,1,0,0,0,3,0,0.0,0.25,0.25,0.0,0.25,3.9,0,4,1,25.0,1.01,0.25,0.0,0.0,0,0,32,10.4,3,71,0,8,18,14,1.0,6,7,-1,-0.25,0.28,0,4,3,0,20,8,11,,,0,,,,,,,,,,,,,,,
ITA-Serie A,2526,Torino,Nikola Vlašić,CRO,"MF,FW",27,1997,37,36,3043,33.8,8,3,11,3,5,5,7,0,0.24,0.09,0.33,0.09,0.18,33.8,8,49,17,34.7,1.45,0.5,0.16,0.47,5,5,82,89.0,36,84,23,1,33,0,1.19,37,57,-20,-0.59,-0.83,0,44,45,4,48,22,39,,,0,,,,,,,,,,,,,,,
ITA-Serie A,2526,Torino,Rafel Obrador,ESP,MF,21,2004,16,14,1116,12.4,1,3,4,1,0,0,1,0,0.08,0.24,0.32,0.08,0.32,12.4,1,7,2,28.6,0.56,0.16,0.14,0.5,0,0,70,32.6,14,77,4,2,23,0,1.38,18,20,-2,-0.16,0.5,0,7,5,1,58,12,8,,,0,,,,,,,,,,,,,,,
ITA-Serie A,2526,Torino,Sandro Kulenović,CRO,FW,25,1999,13,3,300,3.3,0,1,1,0,0,0,2,0,0.0,0.3,0.3,0.0,0.3,3.3,0,5,2,40.0,1.5,0.6,0.0,0.0,0,0,23,8.8,3,59,0,10,12,3,1.54,3,5,-2,-0.6,-0.11,0,11,4,0,1,1,2,,,0,,,,,,,,,,,,,,,
ITA-Serie A,2526,Torino,Saúl Coco,EQG,DF,26,1999,35,35,3088,34.3,1,1,2,1,0,0,3,0,0.03,0.03,0.06,0.03,0.06,34.3,1,15,4,26.7,0.44,0.12,0.07,0.25,0,0,88,90.3,35,88,33,0,,1,1.2,39,55,-16,-0.47,0.35,0,46,34,0,5,41,34,,,0,,,,,,,,,,,,,,,
ITA-Serie A,2526,Torino,Valentino Lazaro,AUT,MF,29,1996,31,26,2252,25.0,0,2,2,0,0,0,4,0,0.0,0.08,0.08,0.0,0.08,25.0,0,8,2,25.0,0.32,0.08,0.0,0.0,0,0,73,65.8,26,82,15,5,24,7,1.1,23,48,-25,-1.0,-1.46,0,37,9,1,135,22,25,,,0,,,,,,,,,,,,,,,
ITA-Serie A,2526,Torino,Zakaria Aboukhlal,MAR,MF,25,2000,15,6,511,5.7,0,0,0,0,0,0,4,0,0.0,0.0,0.0,0.0,0.0,5.7,0,7,2,28.6,1.23,0.35,0.0,0.0,0,0,34,14.9,6,59,0,9,18,5,0.53,2,11,-9,-1.59,-1.28,0,12,11,7,18,1,12,,,0,,,,,,,,,,,,,,,
ITA-Serie A,2526,Udinese,Abdoulaye Camara,FRA,MF,16,2008,1,0,12,0.1,0,0,0,0,0,0,0,0,0.0,0.0,0.0,0.0,0.0,0.1,0,0,0,,0.0,0.0,,,0,0,12,0.4,0,,0,1,12,28,0.0,0,0,0,0.0,0.08,0,0,0,0,2,0,0,,,0,,,,,,,,,,,,,,,
ITA-Serie A,2526,Udinese,Adam Buksa,POL,FW,29,1996,25,6,922,10.2,3,0,3,3,0,0,3,0,0.29,0.0,0.29,0.29,0.29,10.2,3,12,6,50.0,1.17,0.59,0.25,0.5,0,0,37,27.0,6,75,1,19,25,2,1.24,11,14,-3,-0.29,-0.29,0,24,15,3,1,3,8,,,0,,,,,,,,,,,,,,,
ITA-Serie A,2526,Udinese,Alessandro Zanoli,ITA,MF,24,2000,19,16,1280,14.2,1,2,3,1,0,0,1,0,0.07,0.14,0.21,0.07,0.21,14.2,1,3,1,33.3,0.21,0.07,0.33,1.0,0,0,67,37.4,16,75,1,3,26,1,1.16,16,18,-2,-0.14,-0.1,0,16,5,1,40,7,18,,,0,,,,,,,,,,,,,,,
ITA-Serie A,2526,Udinese,Arthur Atta,FRA,MF,22,2003,32,29,2557,28.4,5,3,8,5,0,0,3,0,0.18,0.11,0.28,0.18,0.28,28.4,5,57,20,35.1,2.01,0.7,0.09,0.25,0,0,80,74.8,29,85,19,3,31,0,1.34,31,36,-5,-0.18,-0.38,0,23,32,8,56,23,17,,,0,,,,,,,,,,,,,,,
ITA-Serie A,2526,Udinese,Branimir Mlacic,CRO,DF,18,2007,7,2,166,1.8,0,0,0,0,0,0,2,0,0.0,0.0,0.0,0.0,0.0,1.8,0,1,0,0.0,0.54,0.0,0.0,,0,0,24,4.9,2,49,0,5,14,8,1.43,2,0,2,1.08,1.22,0,4,0,0,1,2,3,,,0,,,,,,,,,,,,,,,
ITA-Serie A,2526,Udinese,Christian Kabasele,BEL,DF,34,1991,30,28,2247,25.0,3,0,3,3,0,0,5,1,0.12,0.0,0.12,0.12,0.12,25.0,3,9,6,66.7,0.36,0.24,0.33,0.5,0,0,75,65.7,28,80,16,2,9,7,1.23,28,29,-1,-0.04,0.11,0,33,25,1,0,33,13,,,0,,,,,,,,,,,,,,,
ITA-Serie A,2526,Udinese,Daniele Padelli,ITA,GK,39,1985,2,2,180,2.0,0,0,0,0,0,0,0,0,0.0,0.0,0.0,0.0,0.0,2.0,0,0,0,,0.0,0.0,,,0,0,90,5.3,2,90,2,0,,33,0.5,1,2,-1,-0.5,-0.44,0,0,0,0,0,0,0,,,0,2,1.0,5,3,60.0,0,1,1,0,0.0,1,1,0,0,0.0
ITA-Serie A,2526,Udinese,Hassane Kamara,CIV,"MF,DF",31,1994,26,22,1861,20.7,0,2,2,0,0,0,5,0,0.0,0.1,0.1,0.0,0.1,20.7,0,16,5,31.3,0.77,0.24,0.0,0.0,0,0,72,54.4,22,80,10,4,25,3,1.35,26,26,0,0.0,0.17,0,16,11,0,81,25,20,,,0,,,,,,,,,,,,,,,
ITA-Serie A,2526,Udinese,Idrissa Guèye,SEN,FW,18,2006,19,1,421,4.7,1,0,1,1,0,0,2,0,0.21,0.0,0.21,0.21,0.21,4.7,1,20,6,30.0,4.28,1.28,0.05,0.17,0,0,22,12.3,1,81,0,18,19,16,0.95,3,6,-3,-0.64,-0.64,0,15,9,3,4,3,4,,,0,,,,,,,,,,,,,,,
ITA-Serie A,2526,Udinese,Iker Bravo,ESP,FW,20,2005,8,3,206,2.3,1,0,1,1,0,0,1,0,0.44,0.0,0.44,0.44,0.44,2.3,1,4,1,25.0,1.75,0.44,0.25,1.0,0,0,26,6.0,3,55,0,5,8,7,1.38,2,2,0,0.0,0.08,0,3,1,0,4,0,1,,,0,,,,,,,,,,,,,,,
ITA-Serie A,2526,Udinese,Jakub Piotrowski,POL,MF,27,1997,33,20,1696,18.8,1,1,2,1,0,0,2,0,0.05,0.05,0.11,0.05,0.11,18.8,1,36,9,25.0,1.91,0.48,0.03,0.11,0,0,51,49.6,20,70,4,13,23,2,1.33,21,23,-2,-0.11,-0.05,0,29,29,2,25,15,25,,,0,,,,,,,,,,,,,,,
ITA-Serie A,2526,Udinese,Jesper Karlström,SWE,MF,30,1995,36,36,3146,35.0,1,0,1,1,0,0,6,0,0.03,0.0,0.03,0.03,0.03,35.0,1,20,3,15.0,0.57,0.09,0.05,0.33,0,0,87,92.0,36,87,29,0,,0,1.28,39,45,-6,-0.17,-1.16,0,42,30,1,15,37,34,,,0,,,,,,,,,,,,,,,
ITA-Serie A,2526,Udinese,Jordan Zemura,ZIM,"MF,DF",25,1999,17,13,1127,12.5,0,1,1,0,0,0,3,0,0.0,0.08,0.08,0.0,0.08,12.5,0,5,1,20.0,0.4,0.08,0.0,0.0,0,0,66,33.0,13,81,8,4,19,8,1.12,14,16,-2,-0.16,-0.12,0,26,11,2,35,6,17,,,0,,,,,,,,,,,,,,,
ITA-Serie A,2526,Udinese,Juan Arizala,COL,MF,19,2005,10,1,191,2.1,0,0,0,0,0,0,0,0,0.0,0.0,0.0,0.0,0.0,2.1,0,1,1,100.0,0.47,0.47,0.0,0.0,0,0,19,5.6,1,59,0,9,15,6,1.2,4,2,2,0.94,1.08,0,1,1,0,6,1,3,,,0,,,,,,,,,,,,,,,
ITA-Serie A,2526,Udinese,Jurgen Ekkelenkamp,NED,MF,25,2000,31,27,2186,24.3,5,3,8,5,0,0,1,0,0.21,0.12,0.33,0.21,0.33,24.3,5,33,15,45.5,1.36,0.62,0.15,0.33,0,0,71,63.9,27,78,5,4,22,4,1.35,29,30,-1,-0.04,0.1,0,22,19,3,32,18,27,,,0,,,,,,,,,,,,,,,
ITA-Serie A,2526,Udinese,Keinan Davis,ENG,FW,27,1998,30,27,2065,22.9,10,4,14,6,4,4,5,0,0.44,0.17,0.61,0.26,0.44,22.9,10,50,25,50.0,2.18,1.09,0.2,0.4,4,4,69,60.4,27,74,9,3,20,0,1.4,31,28,3,0.13,0.53,0,41,47,10,5,1,5,,,0,,,,,,,,,,,,,,,
ITA-Serie A,2526,Udinese,Kingsley Ehizibue,NED,"MF,DF",30,1995,32,20,1811,20.1,2,0,2,2,0,0,5,0,0.1,0.0,0.1,0.1,0.1,20.1,2,9,2,22.2,0.45,0.1,0.22,1.0,0,0,57,53.0,20,82,10,12,14,5,1.5,25,23,2,0.1,0.38,0,34,24,2,32,13,31,,,0,,,,,,,,,,,,,,,
ITA-Serie A,2526,Udinese,Lennon Miller,SCO,MF,18,2006,24,9,996,11.1,0,2,2,0,0,0,4,0,0.0,0.18,0.18,0.0,0.18,11.1,0,9,1,11.1,0.81,0.09,0.0,0.0,0,0,42,29.1,9,74,1,15,22,13,1.25,19,14,5,0.45,0.75,0,14,17,1,32,9,12,,,0,,,,,,,,,,,,,,,
ITA-Serie A,2526,Udinese,Maduka Okoye,NGA,GK,25,1999,30,30,2616,29.1,0,0,0,0,0,0,1,1,0.0,0.0,0.0,0.0,0.0,29.1,0,0,0,,0.0,0.0,,,0,0,87,76.5,30,87,29,0,,1,1.37,37,32,5,0.17,1.07,0,2,4,0,0,0,0,,,0,37,1.27,117,80,68.4,12,5,13,10,33.3,6,5,1,0,16.7
ITA-Serie A,2526,Udinese,Matteo Palma,GER,DF,17,2008,5,1,120,1.3,0,0,0,0,0,0,0,0,0.0,0.0,0.0,0.0,0.0,1.3,0,0,0,,0.0,0.0,,,0,0,24,3.5,1,45,0,4,19,12,1.0,1,3,-2,-1.5,-1.47,0,3,0,0,1,3,0,,,0,,,,,,,,,,,,,,,
ITA-Serie A,2526,Udinese,Nicolò Bertola,ITA,"DF,MF",22,2003,28,18,1763,19.6,0,1,1,0,0,0,3,0,0.0,0.05,0.05,0.0,0.05,19.6,0,13,4,30.8,0.66,0.2,0.0,0.0,0,0,63,51.5,18,82,11,10,28,5,1.46,24,25,-1,-0.05,0.06,0,19,12,1,8,24,21,,,0,,,,,,,,,,,,,,,
ITA-Serie A,2526,Udinese,Nicolò Zaniolo,ITA,"FW,MF",26,1999,32,28,2257,25.1,5,6,11,5,0,0,8,0,0.2,0.24,0.44,0.2,0.44,25.1,5,72,22,30.6,2.87,0.88,0.07,0.23,0,0,71,66.0,28,77,10,4,23,0,1.34,29,27,2,0.08,0.47,0,61,61,6,120,4,21,,,0,,,,,,,,,,,,,,,
ITA-Serie A,2526,Udinese,Oier Zarraga,ESP,MF,26,1999,24,2,475,5.3,0,0,0,0,0,0,2,0,0.0,0.0,0.0,0.0,0.0,5.3,0,4,1,25.0,0.76,0.19,0.0,0.0,0,0,20,13.9,2,83,1,22,14,14,1.71,5,10,-5,-0.95,-1.01,0,8,5,0,12,7,6,,,0,,,,,,,,,,,,,,,
ITA-Serie A,2526,Udinese,Oumar Solet,FRA,DF,25,2000,35,34,2959,32.9,3,1,4,2,1,1,1,0,0.09,0.03,0.12,0.06,0.09,32.9,3,33,6,18.2,1.0,0.18,0.09,0.5,1,1,85,86.5,34,87,31,1,16,1,1.31,39,42,-3,-0.09,-0.09,0,30,29,2,20,47,57,,,1,,,,,,,,,,,,,,,
ITA-Serie A,2526,Udinese,Razvan Sava,ROU,GK,23,2002,7,6,620,6.9,0,0,0,0,0,0,1,0,0.0,0.0,0.0,0.0,0.0,6.9,0,0,0,,0.0,0.0,,,0,0,89,18.1,6,90,6,1,80,27,1.14,7,14,-7,-1.02,-1.14,0,0,0,0,0,0,0,,,0,14,2.03,28,14,50.0,2,2,2,1,16.7,0,0,0,0,
ITA-Serie A,2526,Udinese,Rui Modesto,ANG,MF,25,1999,3,0,119,1.3,0,1,1,0,0,0,0,0,0.0,0.76,0.76,0.0,0.76,1.3,0,1,1,100.0,0.76,0.76,0.0,0.0,0,0,40,3.5,0,,0,3,40,14,1.0,1,2,-1,-0.76,-0.7,0,0,0,0,5,1,4,,,0,,,,,,,,,,,,,,,
ITA-Serie A,2526,Udinese,Saba Goglichidze,GEO,DF,21,2004,8,4,424,4.7,0,0,0,0,0,0,2,0,0.0,0.0,0.0,0.0,0.0,4.7,0,3,1,33.3,0.64,0.21,0.0,0.0,0,0,53,12.4,4,90,4,4,16,11,2.13,6,7,-1,-0.21,-0.15,0,5,4,0,2,8,8,,,0,,,,,,,,,,,,,,,
ITA-Serie A,2526,Udinese,Sandi Lovrić,SVN,MF,27,1998,6,1,161,1.8,0,1,1,0,0,0,1,0,0.0,0.56,0.56,0.0,0.56,1.8,0,3,1,33.3,1.68,0.56,0.0,0.0,0,0,27,4.7,1,60,0,5,20,14,0.67,2,5,-3,-1.68,-1.68,0,4,1,0,16,4,4,,,0,,,,,,,,,,,,,,,
ITA-Serie A,2526,Udinese,Thomas Kristensen,DEN,DF,23,2002,28,28,2472,27.5,3,0,3,3,0,0,4,0,0.11,0.0,0.11,0.11,0.11,27.5,3,11,6,54.5,0.4,0.22,0.27,0.5,0,0,88,72.3,28,88,25,0,,2,1.36,33,31,2,0.07,0.55,0,24,9,3,4,27,15,,,0,,,,,,,,,,,,,,,
ITA-Serie A,2526,Udinese,Vakoun Bayo,CIV,FW,28,1997,15,4,453,5.0,0,2,2,0,0,0,0,0,0.0,0.4,0.4,0.0,0.4,5.0,0,14,2,14.3,2.78,0.4,0.0,0.0,0,0,30,13.2,4,63,0,11,18,14,1.07,8,11,-3,-0.6,-0.6,0,15,6,5,1,0,1,,,0,,,,,,,,,,,,,,,
,2526,Augsburg,Aiman Dardari,LUX,MF,20,2005,3,0,34,0.4,0,0,0,0,0,0,1,0,0.0,0.0,0.0,0.0,0.0,0.4,0,1,0,0.0,2.65,0.0,0.0,,0,0,11,1.1,0,,0,3,11,2,0.33,0,0,0,0.0,0.48,0,1,1,0,0,0,0,,,0,,,,,,,,,,,,,,,
,2526,Augsburg,Alexis Claude-Maurice,FRA,"MF,FW",27,1998,29,25,2097,23.3,5,4,9,4,1,2,3,0,0.21,0.17,0.39,0.17,0.34,23.3,5,71,26,36.6,3.05,1.12,0.07,0.19,1,2,72,68.5,25,80,11,4,22,1,1.28,29,43,-14,-0.6,-0.41,0,23,42,1,65,8,26,,,0,,,,,,,,,,,,,,,
,2526,Augsburg,Anton Kade,GER,"MF,FW",21,2004,28,18,1743,19.4,6,0,6,6,0,0,3,0,0.31,0.0,0.31,0.31,0.31,19.4,6,48,21,43.8,2.48,1.08,0.13,0.29,0,0,62,57.0,18,81,6,10,29,1,1.29,22,35,-13,-0.67,-0.47,0,20,18,10,22,13,14,,,0,,,,,,,,,,,,,,,
,2526,Augsburg,Arne Maier,GER,MF,26,1999,1,0,4,0.0,0,0,0,0,0,0,0,0,0.0,0.0,0.0,0.0,0.0,0.0,0,0,0,,0.0,0.0,,,0,0,4,0.1,0,,0,1,4,10,3.0,0,0,0,0.0,0.47,0,0,0,0,1,1,1,,,0,,,,,,,,,,,,,,,
,2526,Augsburg,Arthur Chaves,BRA,DF,24,2001,11,9,829,9.2,2,0,2,2,0,0,1,0,0.22,0.0,0.22,0.22,0.22,9.2,2,4,2,50.0,0.43,0.22,0.5,1.0,0,0,75,27.1,9,84,7,2,35,3,1.36,13,15,-2,-0.22,0.35,0,8,8,0,1,8,13,,,1,,,,,,,,,,,,,,,
,2526,Augsburg,Cedric Zesiger,SUI,DF,27,1998,27,20,1816,20.2,0,0,0,0,0,0,7,0,0.0,0.0,0.0,0.0,0.0,20.2,0,12,3,25.0,0.59,0.15,0.0,0.0,0,0,67,59.3,20,85,17,7,16,4,1.38,26,40,-14,-0.69,-0.55,0,18,16,0,34,17,24,,,1,,,,,,,,,,,,,,,
,2526,Augsburg,Chrislain Matsima,FRA,DF,23,2002,18,17,1489,16.5,1,1,2,1,0,0,5,0,0.06,0.06,0.12,0.06,0.12,16.5,1,7,1,14.3,0.42,0.06,0.14,1.0,0,0,83,48.7,17,87,15,1,5,0,1.11,23,33,-10,-0.6,-0.26,0,10,4,0,4,30,11,,,0,,,,,,,,,,,,,,,
,2526,Augsburg,Dimitris Giannoulis,GRE,MF,29,1995,27,25,1888,21.0,2,5,7,2,0,0,8,0,0.1,0.24,0.33,0.1,0.33,21.0,2,10,6,60.0,0.48,0.29,0.2,0.33,0,0,70,61.7,25,74,9,2,25,0,1.37,32,39,-7,-0.33,0.36,0,16,20,4,99,21,20,,,0,,,,,,,,,,,,,,,
,2526,Augsburg,Elias Saad,TUN,"MF,FW",25,1999,10,7,497,5.5,0,0,0,0,0,0,1,0,0.0,0.0,0.0,0.0,0.0,5.5,0,6,3,50.0,1.09,0.54,0.0,0.0,0,0,50,16.2,7,62,0,3,22,4,1.0,9,14,-5,-0.91,-0.52,0,8,12,4,9,1,8,,,0,,,,,,,,,,,,,,,
,2526,Augsburg,Elvis Rexhbeçaj,KVX,MF,27,1997,26,10,1118,12.4,2,0,2,2,0,0,4,0,0.16,0.0,0.16,0.16,0.16,12.4,2,11,5,45.5,0.89,0.4,0.18,0.4,0,0,43,36.5,10,71,3,16,26,2,1.31,20,21,-1,-0.08,0.61,0,13,16,1,16,4,8,,,0,,,,,,,,,,,,,,,
,2526,Augsburg,Fabian Rieder,SUI,MF,23,2002,32,28,2343,26.0,6,3,9,4,2,2,4,0,0.23,0.12,0.35,0.15,0.27,26.0,6,38,13,34.2,1.46,0.5,0.16,0.46,2,2,73,76.6,28,82,16,4,13,0,1.25,36,53,-17,-0.65,-0.78,0,45,38,2,116,13,20,,,0,,,,,,,,,,,,,,,
,2526,Augsburg,Finn Dahmen,GER,GK,27,1998,34,34,3060,34.0,0,0,0,0,0,0,1,0,0.0,0.0,0.0,0.0,0.0,34.0,0,1,0,0.0,0.03,0.0,0.0,,0,0,90,100.0,34,90,34,0,,0,1.26,45,61,-16,-0.47,,0,0,9,0,0,0,0,,,0,61,1.79,166,105,63.3,12,7,15,5,14.7,7,6,1,0,14.3
,2526,Augsburg,Han-Noah Massengo,FRA,MF,24,2001,33,29,2427,27.0,2,1,3,2,0,0,5,0,0.07,0.04,0.11,0.07,0.11,27.0,2,20,6,30.0,0.74,0.22,0.1,0.33,0,0,74,79.3,29,80,14,4,26,0,1.27,31,52,-21,-0.78,-1.49,0,25,23,0,17,36,18,,,0,,,,,,,,,,,,,,,
,2526,Augsburg,Ismaël Gharbi,TUN,MF,21,2004,6,0,94,1.0,0,0,0,0,0,0,0,0,0.0,0.0,0.0,0.0,0.0,1.0,0,3,0,0.0,2.87,0.0,0.0,,0,0,16,3.1,0,,0,6,16,15,0.17,0,0,0,0.0,0.49,0,2,8,0,4,0,1,,,0,,,,,,,,,,,,,,,
,2526,Augsburg,Jeffrey Gouweleeuw,NED,DF,34,1991,11,10,848,9.4,0,1,1,0,0,0,3,0,0.0,0.11,0.11,0.0,0.11,9.4,0,5,3,60.0,0.53,0.32,0.0,0.0,0,0,77,27.7,10,82,6,1,29,1,1.27,16,20,-4,-0.42,0.06,0,7,3,1,5,13,10,,,0,,,,,,,,,,,,,,,
,2526,Augsburg,Keven Schlotterbeck,GER,DF,28,1997,24,22,2031,22.6,0,1,1,0,0,1,7,1,0.0,0.04,0.04,0.0,0.04,22.6,0,12,3,25.0,0.53,0.13,0.0,0.0,0,1,85,66.4,22,90,21,2,31,7,1.29,29,36,-7,-0.31,0.48,1,25,20,1,6,33,25,,,0,,,,,,,,,,,,,,,
,2526,Augsburg,Kristijan Jakić,CRO,"MF,DF",28,1997,26,18,1653,18.4,2,1,3,2,0,0,5,0,0.11,0.05,0.16,0.11,0.16,18.4,2,18,6,33.3,0.98,0.33,0.11,0.33,0,0,64,54.0,18,77,10,8,34,2,1.15,24,27,-3,-0.16,0.67,0,17,17,2,4,17,25,,,0,,,,,,,,,,,,,,,
,2526,Augsburg,Mads Pedersen,DEN,MF,28,1996,7,1,210,2.3,0,0,0,0,0,0,0,0,0.0,0.0,0.0,0.0,0.0,2.3,0,3,0,0.0,1.29,0.0,0.0,,0,0,30,6.9,1,61,0,6,25,11,1.14,0,5,-5,-2.14,-1.8,0,5,3,1,11,1,2,,,0,,,,,,,,,,,,,,,
,2526,Augsburg,Marius Wolf,GER,MF,30,1995,29,12,1019,11.3,1,1,2,1,0,0,4,0,0.09,0.09,0.18,0.09,0.18,11.3,1,14,5,35.7,1.24,0.44,0.07,0.2,0,0,35,33.3,12,64,1,17,15,4,1.17,17,19,-2,-0.18,0.44,0,10,2,11,43,13,10,,,0,,,,,,,,,,,,,,,
,2526,Augsburg,Mert Kömür,GER,"MF,FW",20,2005,28,17,1464,16.3,2,4,6,2,0,0,1,0,0.12,0.25,0.37,0.12,0.37,16.3,2,41,16,39.0,2.52,0.98,0.05,0.13,0,0,52,47.8,17,74,6,11,19,5,1.25,21,28,-7,-0.43,0.08,0,26,18,2,60,8,13,,,0,,,,,,,,,,,,,,,
,2526,Augsburg,Michael Gregoritsch,AUT,FW,31,1994,17,11,913,10.1,6,2,8,5,1,1,2,0,0.59,0.2,0.79,0.49,0.69,10.1,6,29,10,34.5,2.86,0.99,0.21,0.6,1,1,54,29.8,11,73,2,6,19,1,1.35,19,14,5,0.49,1.37,0,5,18,4,6,5,4,,,0,,,,,,,,,,,,,,,
,2526,Augsburg,Noahkai Banks,USA,DF,18,2006,23,20,1725,19.2,1,1,2,1,0,0,8,0,0.05,0.05,0.1,0.05,0.1,19.2,1,9,5,55.6,0.47,0.26,0.11,0.2,0,0,75,56.4,20,83,14,3,21,9,1.09,22,31,-9,-0.47,0.0,0,29,18,3,4,18,29,,,0,,,,,,,,,,,,,,,
,2526,Augsburg,Phillip Tietz,GER,FW,28,1997,10,0,198,2.2,1,0,1,1,0,0,2,0,0.45,0.0,0.45,0.45,0.45,2.2,1,6,3,50.0,2.73,1.36,0.17,0.33,0,0,20,6.5,0,,0,10,20,4,0.5,3,2,1,0.45,0.99,0,6,4,5,0,0,1,,,0,,,,,,,,,,,,,,,
,2526,Augsburg,Robin Fellhauer,GER,MF,27,1998,34,31,2799,31.1,3,2,5,3,0,0,2,0,0.1,0.06,0.16,0.1,0.16,31.1,3,30,9,30.0,0.96,0.29,0.1,0.33,0,0,82,91.5,31,85,19,3,56,0,1.26,38,56,-18,-0.58,-1.27,0,25,33,6,92,22,43,,,0,,,,,,,,,,,,,,,
,2526,Augsburg,Rodrigo Ribeiro,POR,FW,20,2005,14,6,636,7.1,2,0,2,2,0,0,1,0,0.28,0.0,0.28,0.28,0.28,7.1,2,26,7,26.9,3.68,0.99,0.08,0.29,0,0,45,20.8,6,71,0,8,26,3,1.5,6,13,-7,-0.99,-0.66,0,10,3,9,3,4,3,,,0,,,,,,,,,,,,,,,
,2526,Augsburg,Samuel Essende,COD,"MF,FW",27,1998,14,2,414,4.6,1,0,1,1,0,0,2,0,0.22,0.0,0.22,0.22,0.22,4.6,1,17,4,23.5,3.7,0.87,0.06,0.25,0,0,30,13.5,2,90,2,12,20,3,1.21,5,10,-5,-1.09,-0.71,0,17,14,5,3,1,2,,,0,,,,,,,,,,,,,,,
,2526,Augsburg,Tim Schnitzer,GER,MF,17,2008,1,0,6,0.1,0,0,0,0,0,0,0,0,0.0,0.0,0.0,0.0,0.0,0.1,0,0,0,,0.0,0.0,,,0,0,6,0.2,0,,0,1,6,1,0.0,0,1,-1,-15.0,-14.56,0,0,0,0,0,0,0,,,0,,,,,,,,,,,,,,,
,2526,Augsburg,Uchenna Ogundu,NGA,FW,19,2006,5,0,47,0.5,0,0,0,0,0,0,0,0,0.0,0.0,0.0,0.0,0.0,0.5,0,3,0,0.0,5.74,0.0,0.0,,0,0,9,1.5,0,,0,5,9,5,1.4,3,1,2,3.83,4.37,0,1,1,0,1,0,0,,,0,,,,,,,,,,,,,,,
,2526,Augsburg,Yannik Keitel,GER,"MF,DF",25,2000,6,2,248,2.8,0,0,0,0,0,0,2,0,0.0,0.0,0.0,0.0,0.0,2.8,0,0,0,,0.0,0.0,,,0,0,41,8.1,2,58,0,4,33,4,2.17,8,6,2,0.73,1.3,0,3,2,0,0,2,4,,,0,,,,,,,,,,,,,,,
,2526,Bayern Munich,Aleksandar Pavlovic,GER,MF,21,2004,24,16,1462,16.2,3,1,4,3,0,0,2,0,0.18,0.06,0.25,0.18,0.25,16.2,3,10,5,50.0,0.62,0.31,0.3,0.6,0,0,61,47.8,16,79,8,8,26,8,2.46,56,26,30,1.85,-1.31,0,19,10,0,15,13,15,,,0,,,,,,,,,,,,,,,
,2526,Bayern Munich,Alphonso Davies,CAN,DF,24,2000,13,6,525,5.8,1,3,4,1,0,0,1,0,0.17,0.51,0.69,0.17,0.69,5.8,1,4,1,25.0,0.69,0.17,0.25,1.0,0,0,40,17.2,6,66,1,7,19,0,2.31,26,8,18,3.09,0.67,0,2,5,0,6,3,6,,,0,,,,,,,,,,,,,,,
,2526,Bayern Munich,Bara Sapoko Ndiaye,SEN,MF,17,2007,4,2,143,1.6,0,0,0,0,0,0,0,0,0.0,0.0,0.0,0.0,0.0,1.6,0,0,0,,0.0,0.0,,,0,0,36,4.7,2,61,0,2,11,2,2.5,4,6,-2,-1.26,-3.97,0,1,3,0,1,2,5,,,0,,,,,,,,,,,,,,,
,2526,Bayern Munich,Cassiano Kiala,GER,DF,16,2009,1,0,1,0.0,0,0,0,0,0,0,0,0,0.0,0.0,0.0,0.0,0.0,0.0,0,0,0,,0.0,0.0,,,0,0,1,0.0,0,,0,1,1,8,3.0,1,0,1,90.0,87.5,0,0,0,0,0,0,0,,,0,,,,,,,,,,,,,,,
,2526,Bayern Munich,David Daiber,POR,FW,18,2007,2,0,29,0.3,0,0,0,0,0,0,0,0,0.0,0.0,0.0,0.0,0.0,0.3,0,1,0,0.0,3.1,0.0,0.0,,0,0,15,0.9,0,,0,2,15,6,3.0,2,1,1,3.1,0.58,0,2,0,0,0,0,0,,,0,,,,,,,,,,,,,,,
,2526,Bayern Munich,Dayot Upamecano,FRA,DF,26,1998,24,21,1794,19.9,1,1,2,1,0,0,4,0,0.05,0.05,0.1,0.05,0.1,19.9,1,8,2,25.0,0.4,0.1,0.13,0.5,0,0,75,58.6,21,81,13,3,30,7,2.75,77,19,58,2.91,0.92,0,15,5,0,7,21,26,,,0,,,,,,,,,,,,,,,
,2526,Bayern Munich,Deniz Ofli,TUR,DF,18,2007,1,0,6,0.1,0,0,0,0,0,0,0,0,0.0,0.0,0.0,0.0,0.0,0.1,0,0,0,,0.0,0.0,,,0,0,6,0.2,0,,0,1,6,4,3.0,0,1,-1,-15.0,-17.56,0,0,0,0,0,0,0,,,0,,,,,,,,,,,,,,,
,2526,Bayern Munich,Erblin Osmani,GER,MF,16,2009,1,0,4,0.0,0,0,0,0,0,0,0,0,0.0,0.0,0.0,0.0,0.0,0.0,0,0,0,,0.0,0.0,,,0,0,4,0.1,0,,0,1,4,0,3.0,0,0,0,0.0,-2.53,0,0,0,0,0,1,0,,,0,,,,,,,,,,,,,,,
,2526,Bayern Munich,Felipe Chávez,PER,MF,18,2007,2,0,14,0.2,0,0,0,0,0,0,0,0,0.0,0.0,0.0,0.0,0.0,0.2,0,1,0,0.0,6.43,0.0,0.0,,0,0,7,0.5,0,,0,2,7,3,1.5,1,0,1,6.43,3.92,0,0,0,0,1,0,0,,,0,,,,,,,,,,,,,,,
,2526,Bayern Munich,Harry Kane,ENG,"FW,MF",32,1993,31,25,2377,26.4,36,5,41,26,10,11,1,0,1.36,0.19,1.55,0.98,1.17,26.4,36,119,67,56.3,4.51,2.54,0.3,0.54,10,11,77,77.7,25,86,17,6,38,1,2.58,98,26,72,2.73,0.88,0,25,32,20,12,8,13,,,0,,,,,,,,,,,,,,,
,2526,Bayern Munich,Hiroki Ito,JPN,DF,26,1999,16,10,920,10.2,1,2,3,1,0,0,0,0,0.1,0.2,0.29,0.1,0.29,10.2,1,10,3,30.0,0.98,0.29,0.1,0.33,0,0,58,30.1,10,80,3,6,20,5,2.56,32,14,18,1.76,-1.1,0,10,3,0,7,13,3,,,0,,,,,,,,,,,,,,,
,2526,Bayern Munich,Jamal Musiala,GER,"MF,FW",22,2003,15,7,683,7.6,3,4,7,2,1,1,1,0,0.4,0.53,0.92,0.26,0.79,7.6,3,30,9,30.0,3.95,1.19,0.1,0.33,1,1,46,22.3,7,69,1,8,25,0,2.53,31,10,21,2.77,0.31,0,5,18,0,4,3,5,,,0,,,,,,,,,,,,,,,
,2526,Bayern Munich,Jonah Kusi-Asare,SWE,FW,18,2007,1,0,5,0.1,0,0,0,0,0,0,0,0,0.0,0.0,0.0,0.0,0.0,0.1,0,0,0,,0.0,0.0,,,0,0,5,0.2,0,,0,1,5,1,3.0,0,0,0,0.0,-2.53,0,1,0,0,0,0,0,,,0,,,,,,,,,,,,,,,
,2526,Bayern Munich,Jonas Urbig,GER,GK,21,2003,14,11,1111,12.3,0,0,0,0,0,0,0,0,0.0,0.0,0.0,0.0,0.0,12.3,0,0,0,,0.0,0.0,,,0,0,79,36.3,11,90,11,3,40,17,2.64,40,15,25,2.03,-0.79,0,0,2,0,0,0,0,,,0,15,1.22,47,32,68.1,9,1,1,6,54.5,2,1,0,1,0.0
,2526,Bayern Munich,Jonathan Tah,GER,DF,29,1996,28,23,2018,22.4,2,1,3,2,0,0,7,0,0.09,0.04,0.13,0.09,0.13,22.4,2,8,5,62.5,0.36,0.22,0.25,0.4,0,0,72,65.9,23,85,18,5,14,5,2.61,79,23,56,2.5,-0.09,0,26,6,0,1,25,18,,,0,,,,,,,,,,,,,,,
,2526,Bayern Munich,Joshua Kimmich,GER,MF,30,1995,29,24,2280,25.3,2,8,10,2,0,0,4,0,0.08,0.32,0.39,0.08,0.39,25.3,2,28,10,35.7,1.11,0.39,0.07,0.2,0,0,79,74.5,24,88,19,5,36,1,2.55,89,25,64,2.53,-0.01,0,8,21,0,126,24,26,,,0,,,,,,,,,,,,,,,
,2526,Bayern Munich,Josip Stanišić,CRO,DF,25,2000,26,19,1857,20.6,2,3,5,2,0,0,1,0,0.1,0.15,0.24,0.1,0.24,20.6,2,7,4,57.1,0.34,0.19,0.29,0.5,0,0,71,60.7,19,86,15,7,32,1,2.62,78,23,55,2.67,0.35,0,8,11,4,36,18,21,,,0,,,,,,,,,,,,,,,
,2526,Bayern Munich,Kim Min-jae,KOR,DF,28,1996,25,19,1602,17.8,1,1,2,1,0,0,1,0,0.06,0.06,0.11,0.06,0.11,17.8,1,5,3,60.0,0.28,0.17,0.2,0.33,0,0,64,52.4,19,82,11,6,8,5,2.56,57,21,36,2.02,-1.06,0,9,3,0,1,38,19,,,0,,,,,,,,,,,,,,,
,2526,Bayern Munich,Konrad Laimer,AUT,DF,28,1997,29,22,1994,22.2,3,9,12,3,0,0,9,0,0.14,0.41,0.54,0.14,0.54,22.2,3,17,8,47.1,0.77,0.36,0.18,0.38,0,0,69,65.2,22,80,12,7,34,0,2.72,86,20,66,2.98,1.29,0,29,9,4,38,17,25,,,0,,,,,,,,,,,,,,,
,2526,Bayern Munich,Lennart Karl,GER,MF,17,2008,26,16,1281,14.2,5,5,10,5,0,0,1,0,0.35,0.35,0.7,0.35,0.7,14.2,5,42,21,50.0,2.95,1.48,0.12,0.24,0,0,49,41.9,16,67,4,10,21,4,2.58,50,14,36,2.53,0.0,0,5,11,4,29,11,15,,,0,,,,,,,,,,,,,,,
,2526,Bayern Munich,Leon Goretzka,GER,MF,30,1995,31,25,1947,21.6,5,3,8,5,0,0,4,0,0.23,0.14,0.37,0.23,0.37,21.6,5,35,11,31.4,1.62,0.51,0.14,0.45,0,0,63,63.6,25,74,10,6,18,3,2.65,72,20,52,2.4,-0.35,0,15,16,2,7,26,19,,,0,,,,,,,,,,,,,,,
,2526,Bayern Munich,Luis Díaz,COL,MF,28,1997,32,27,2447,27.2,15,14,29,15,0,0,7,1,0.55,0.51,1.07,0.55,1.07,27.2,15,88,37,42.0,3.24,1.36,0.17,0.41,0,0,76,80.0,27,84,19,5,37,0,2.66,98,29,69,2.54,0.04,1,35,38,26,45,17,13,,,0,,,,,,,,,,,,,,,
,2526,Bayern Munich,Manuel Neuer,GER,GK,39,1986,22,22,1859,20.7,0,0,0,0,0,0,0,0,0.0,0.0,0.0,0.0,0.0,20.7,0,0,0,,0.0,0.0,,,0,0,85,60.8,22,85,19,0,,7,2.73,81,20,61,2.95,1.08,0,0,2,0,0,0,0,,,0,20,0.97,51,31,60.8,19,3,0,7,31.8,1,1,0,0,0.0
,2526,Bayern Munich,Maycon Cardozo,BRA,MF,16,2008,2,0,34,0.4,0,0,0,0,0,0,0,0,0.0,0.0,0.0,0.0,0.0,0.4,0,0,0,,0.0,0.0,,,0,0,17,1.1,0,,0,2,17,2,3.0,1,1,0,0.0,-2.56,0,0,2,0,1,0,0,,,0,,,,,,,,,,,,,,,
,2526,Bayern Munich,Michael Olise,FRA,MF,23,2001,32,23,2316,25.7,15,19,34,15,0,0,8,0,0.58,0.74,1.32,0.58,1.32,25.7,15,102,50,49.0,3.96,1.94,0.15,0.3,0,0,72,75.7,23,86,14,9,38,1,2.59,94,25,69,2.68,0.62,0,32,58,7,146,14,11,,,0,,,,,,,,,,,,,,,
,2526,Bayern Munich,Nicolas Jackson,SEN,FW,24,2001,23,12,1007,11.2,8,1,9,8,0,0,2,1,0.71,0.09,0.8,0.71,0.8,11.2,8,38,21,55.3,3.4,1.88,0.21,0.38,0,0,44,32.9,12,71,5,11,15,3,2.52,37,11,26,2.32,-0.31,0,15,10,8,7,4,4,,,0,,,,,,,,,,,,,,,
,2526,Bayern Munich,Raphaël Guerreiro,POR,MF,31,1993,18,8,784,8.7,5,2,7,5,0,0,0,0,0.57,0.23,0.8,0.57,0.8,8.7,5,12,5,41.7,1.38,0.57,0.42,1.0,0,0,44,25.6,8,69,1,10,24,11,3.0,31,7,24,2.76,0.3,0,3,2,1,5,1,7,,,0,,,,,,,,,,,,,,,
,2526,Bayern Munich,Sacha Boey,FRA,DF,24,2000,9,5,463,5.1,0,0,0,0,0,0,1,0,0.0,0.0,0.0,0.0,0.0,5.1,0,6,0,0.0,1.17,0.0,0.0,,0,0,51,15.1,5,78,1,4,18,4,3.0,14,3,11,2.14,-0.46,0,10,8,0,6,7,4,,,0,,,,,,,,,,,,,,,
,2526,Bayern Munich,Serge Gnabry,GER,MF,30,1995,21,16,1219,13.5,8,6,14,8,0,0,1,0,0.59,0.44,1.03,0.59,1.03,13.5,8,50,17,34.0,3.69,1.26,0.16,0.47,0,0,58,39.8,16,68,1,5,26,4,2.71,48,14,34,2.51,-0.03,0,9,6,6,21,4,10,,,0,,,,,,,,,,,,,,,
,2526,Bayern Munich,Sven Ulreich,GER,GK,36,1988,1,1,90,1.0,0,0,0,0,0,0,1,0,0.0,0.0,0.0,0.0,0.0,1.0,0,0,0,,0.0,0.0,,,0,0,90,2.9,1,90,1,0,,11,1.0,1,1,0,0.0,-2.61,0,0,1,0,0,0,0,,,0,1,1.0,7,6,85.7,0,1,0,0,0.0,0,0,0,0,
,2526,Bayern Munich,Tom Bischof,GER,"DF,MF",20,2005,26,14,1302,14.5,3,3,6,3,0,0,2,0,0.21,0.21,0.41,0.21,0.41,14.5,3,30,9,30.0,2.07,0.62,0.1,0.33,0,0,50,42.5,14,83,10,12,11,3,2.65,53,13,40,2.76,0.41,0,15,9,1,26,15,18,,,0,,,,,,,,,,,,,,,
,2526,Bayern Munich,Wisdom Mike,GER,FW,16,2008,4,0,30,0.3,0,0,0,0,0,0,0,0,0.0,0.0,0.0,0.0,0.0,0.3,0,2,1,50.0,6.0,3.0,0.0,0.0,0,0,8,1.0,0,,0,4,8,9,3.0,4,0,4,12.0,9.56,0,0,0,0,1,1,0,,,0,,,,,,,,,,,,,,,
,2526,Dortmund,Aaron Anselmino,ARG,DF,20,2005,6,4,368,4.1,1,0,1,1,0,0,0,0,0.24,0.0,0.24,0.24,0.24,4.1,1,1,1,100.0,0.24,0.24,1.0,1.0,0,0,61,12.0,4,86,3,2,12,2,2.67,8,2,6,1.47,0.46,0,6,3,0,2,7,8,,,0,,,,,,,,,,,,,,,
,2526,Dortmund,Almugera Kabar,GER,DF,19,2006,1,0,16,0.2,0,0,0,0,0,0,0,0,0.0,0.0,0.0,0.0,0.0,0.2,0,1,0,0.0,5.63,0.0,0.0,,0,0,16,0.5,0,,0,1,16,3,0.0,0,0,0,0.0,-1.06,0,0,0,0,2,0,1,,,0,,,,,,,,,,,,,,,
,2526,Dortmund,Carney Chukwuemeka,AUT,"MF,FW",21,2003,28,8,919,10.2,2,0,2,2,0,0,2,0,0.2,0.0,0.2,0.2,0.2,10.2,2,18,2,11.1,1.76,0.2,0.11,1.0,0,0,33,30.0,8,73,1,20,17,3,2.32,21,7,14,1.37,0.45,0,11,15,0,1,6,15,,,0,,,,,,,,,,,,,,,
,2526,Dortmund,Cole Campbell,USA,FW,19,2006,1,0,17,0.2,0,0,0,0,0,0,0,0,0.0,0.0,0.0,0.0,0.0,0.2,0,1,0,0.0,5.29,0.0,0.0,,0,0,17,0.6,0,,0,1,17,4,3.0,0,0,0,0.0,-1.06,0,0,0,0,1,0,0,,,0,,,,,,,,,,,,,,,
,2526,Dortmund,Daniel Svensson,SWE,MF,23,2002,33,27,2454,27.3,2,2,4,2,0,0,0,0,0.07,0.07,0.15,0.07,0.15,27.3,2,12,4,33.3,0.44,0.15,0.17,0.5,0,0,74,80.2,27,86,22,6,22,1,2.12,54,28,26,0.95,-0.53,0,28,22,2,129,20,26,,,0,,,,,,,,,,,,,,,
,2526,Dortmund,Emre Can,GER,DF,31,1994,9,7,621,6.9,3,0,3,0,3,3,3,0,0.43,0.0,0.43,0.0,0.0,6.9,3,5,4,80.0,0.72,0.58,0.6,0.75,3,3,69,20.3,7,80,4,2,30,3,1.78,16,8,8,1.16,0.13,0,10,10,0,2,13,8,,,0,,,,,,,,,,,,,,,
,2526,Dortmund,Felix Nmecha,GER,MF,24,2000,29,25,2176,24.2,2,3,5,2,0,1,0,0,0.08,0.12,0.21,0.08,0.21,24.2,2,33,7,21.2,1.36,0.29,0.06,0.29,0,1,75,71.1,25,83,8,4,23,0,2.31,51,28,23,0.95,-0.37,0,28,22,2,7,25,23,,,0,,,,,,,,,,,,,,,
,2526,Dortmund,Filippo Mane,ITA,DF,20,2005,4,2,131,1.5,0,0,0,0,0,0,0,1,0.0,0.0,0.0,0.0,0.0,1.5,0,0,0,,0.0,0.0,,,0,0,33,4.3,2,65,0,2,1,8,2.5,4,2,2,1.37,0.33,0,1,2,0,1,2,0,,,0,,,,,,,,,,,,,,,
,2526,Dortmund,Fábio Silva,POR,"FW,MF",23,2002,28,7,817,9.1,2,6,8,2,0,0,3,0,0.22,0.66,0.88,0.22,0.88,9.1,2,23,8,34.8,2.53,0.88,0.09,0.25,0,0,29,26.7,7,68,0,21,16,2,2.11,24,10,14,1.54,0.66,0,19,10,3,12,2,2,,,0,,,,,,,,,,,,,,,
,2526,Dortmund,Gregor Kobel,SUI,GK,27,1997,34,34,3060,34.0,0,0,0,0,0,0,3,0,0.0,0.0,0.0,0.0,0.0,34.0,0,0,0,,0.0,0.0,,,0,0,90,100.0,34,90,34,0,,0,2.15,70,34,36,1.06,,0,0,5,0,0,0,0,,,0,34,1.0,122,88,72.1,22,7,5,15,44.1,5,5,0,0,0.0
,2526,Dortmund,Jobe Bellingham,ENG,MF,19,2005,32,20,1786,19.8,0,1,1,0,0,0,2,1,0.0,0.05,0.05,0.0,0.05,19.8,0,19,6,31.6,0.96,0.3,0.0,0.0,0,0,56,58.4,20,80,11,12,15,0,2.16,44,20,24,1.21,0.36,0,15,20,0,5,41,23,,,0,,,,,,,,,,,,,,,
,2526,Dortmund,Julian Brandt,GER,"MF,FW",29,1996,29,17,1606,17.8,7,4,11,7,0,0,0,0,0.39,0.22,0.62,0.39,0.62,17.8,7,38,18,47.4,2.13,1.01,0.18,0.39,0,0,55,52.5,17,83,5,12,17,3,2.14,42,18,24,1.34,0.6,0,8,5,7,25,5,8,,,0,,,,,,,,,,,,,,,
,2526,Dortmund,Julian Ryerson,NOR,MF,27,1997,31,26,2266,25.2,0,15,15,0,0,0,8,0,0.0,0.6,0.6,0.0,0.6,25.2,0,12,1,8.3,0.48,0.04,0.0,0.0,0,0,73,74.1,26,84,15,5,17,2,2.23,48,21,27,1.07,0.05,0,26,21,4,250,12,21,,,0,,,,,,,,,,,,,,,
,2526,Dortmund,Karim Adeyemi,GER,"MF,FW",23,2002,28,15,1195,13.3,7,4,11,7,0,0,5,0,0.53,0.3,0.83,0.53,0.83,13.3,7,31,14,45.2,2.33,1.05,0.23,0.5,0,0,43,39.1,15,69,0,13,12,1,2.29,27,14,13,0.98,-0.13,0,21,25,5,11,8,4,,,0,,,,,,,,,,,,,,,
,2526,Dortmund,Luca Reggiani,ITA,DF,17,2008,8,6,511,5.7,1,0,1,1,0,0,2,0,0.18,0.0,0.18,0.18,0.18,5.7,1,3,1,33.3,0.53,0.18,0.33,1.0,0,0,64,16.7,6,78,3,2,23,5,2.38,9,7,2,0.35,-0.85,0,4,2,0,1,2,10,,,0,,,,,,,,,,,,,,,
,2526,Dortmund,Marcel Sabitzer,AUT,MF,31,1994,26,21,1817,20.2,1,2,3,1,0,0,3,0,0.05,0.1,0.15,0.05,0.15,20.2,1,20,4,20.0,0.99,0.2,0.05,0.25,0,0,70,59.4,21,83,11,5,16,3,2.04,39,22,17,0.84,-0.53,0,20,17,3,37,20,19,,,0,,,,,,,,,,,,,,,
,2526,Dortmund,Mathis Albert,USA,FW,16,2009,1,0,2,0.0,0,0,0,0,0,0,0,0,0.0,0.0,0.0,0.0,0.0,0.0,0,0,0,,0.0,0.0,,,0,0,2,0.1,0,,0,1,2,4,3.0,0,0,0,0.0,-1.06,0,1,0,0,1,0,1,,,0,,,,,,,,,,,,,,,
,2526,Dortmund,Maximilian Beier,GER,"MF,FW",22,2002,32,24,2026,22.5,9,6,15,9,0,0,3,0,0.4,0.27,0.67,0.4,0.67,22.5,9,50,20,40.0,2.22,0.89,0.18,0.45,0,0,63,66.2,24,77,4,8,23,1,2.16,48,18,30,1.33,0.81,0,31,24,3,28,11,16,,,0,,,,,,,,,,,,,,,
,2526,Dortmund,Nico Schlotterbeck,GER,DF,25,1999,28,28,2520,28.0,5,1,6,5,0,0,8,0,0.18,0.04,0.21,0.18,0.21,28.0,5,32,9,28.1,1.14,0.32,0.16,0.56,0,0,90,82.4,28,90,28,0,,0,2.11,55,29,26,0.93,-0.74,0,30,27,1,31,24,38,,,0,,,,,,,,,,,,,,,
,2526,Dortmund,Niklas Süle,GER,DF,29,1995,11,7,486,5.4,0,1,1,0,0,0,3,0,0.0,0.19,0.19,0.0,0.19,5.4,0,2,1,50.0,0.37,0.19,0.0,0.0,0,0,44,15.9,7,61,1,4,15,9,2.09,12,7,5,0.93,-0.16,0,8,1,0,6,6,5,,,0,,,,,,,,,,,,,,,
,2526,Dortmund,Pascal Groß,GER,MF,34,1991,11,7,613,6.8,0,1,1,0,0,0,0,0,0.0,0.15,0.15,0.0,0.15,6.8,0,8,1,12.5,1.17,0.15,0.0,0.0,0,0,56,20.0,7,78,1,4,16,4,2.0,9,5,4,0.59,-0.59,0,10,4,0,23,5,6,,,0,,,,,,,,,,,,,,,
,2526,Dortmund,Ramy Bensebaini,ALG,DF,30,1995,21,15,1530,17.0,5,2,7,3,2,2,6,0,0.29,0.12,0.41,0.18,0.29,17.0,5,17,7,41.2,1.0,0.41,0.29,0.71,2,2,73,50.0,15,89,14,6,32,4,2.05,35,13,22,1.29,0.47,0,31,16,1,11,18,14,,,0,,,,,,,,,,,,,,,
,2526,Dortmund,Salih Özcan,TUR,MF,27,1998,11,0,81,0.9,0,0,0,0,0,0,0,0,0.0,0.0,0.0,0.0,0.0,0.9,0,1,0,0.0,1.11,0.0,0.0,,0,0,7,2.6,0,,0,11,7,18,2.27,1,3,-2,-2.22,-3.37,0,1,1,0,2,0,2,,,0,,,,,,,,,,,,,,,
,2526,Dortmund,Samuele Inácio,ITA,MF,17,2008,7,4,384,4.3,1,0,1,1,0,0,2,0,0.23,0.0,0.23,0.23,0.23,4.3,1,9,5,55.6,2.11,1.17,0.11,0.2,0,0,55,12.5,4,80,2,3,21,6,1.29,9,5,4,0.94,-0.14,0,7,10,0,11,2,2,,,0,,,,,,,,,,,,,,,
,2526,Dortmund,Serhou Guirassy,GUI,FW,29,1996,33,27,2337,26.0,17,1,18,16,1,3,3,0,0.65,0.04,0.69,0.62,0.65,26.0,17,84,40,47.6,3.23,1.54,0.2,0.43,1,3,71,76.4,27,81,9,6,24,1,2.12,52,22,30,1.16,0.41,0,37,36,7,4,0,1,,,0,,,,,,,,,,,,,,,
,2526,Dortmund,Waldemar Anton,GER,DF,29,1996,32,32,2880,32.0,2,0,2,2,0,0,3,0,0.06,0.0,0.06,0.06,0.06,32.0,2,16,6,37.5,0.5,0.19,0.13,0.33,0,0,90,94.1,32,90,32,0,,0,2.16,67,33,34,1.06,0.06,0,26,16,0,12,33,42,,,0,,,,,,,,,,,,,,,
,2526,Dortmund,Yan Couto,BRA,MF,23,2002,19,11,997,11.1,2,2,4,2,0,0,4,0,0.18,0.18,0.36,0.18,0.36,11.1,2,9,4,44.4,0.81,0.36,0.22,0.5,0,0,52,32.6,11,80,5,8,14,13,2.26,25,14,11,0.99,-0.1,0,17,13,2,54,9,15,,,0,,,,,,,,,,,,,,,
,2526,Frankfurt,Ansgar Knauff,GER,"MF,FW",23,2002,28,12,1326,14.7,4,1,5,4,0,0,3,0,0.27,0.07,0.34,0.27,0.34,14.7,4,34,14,41.2,2.31,0.95,0.12,0.29,0,0,47,43.3,12,75,1,16,27,0,1.29,29,26,3,0.2,0.57,0,26,12,7,39,9,10,,,0,,,,,,,,,,,,,,,
,2526,Frankfurt,Arnaud Kalimuendo,FRA,"FW,MF",23,2002,19,17,1417,15.7,6,1,7,6,0,0,4,0,0.38,0.06,0.44,0.38,0.44,15.7,6,30,16,53.3,1.91,1.02,0.2,0.38,0,0,75,46.3,17,80,10,2,30,0,1.0,24,31,-7,-0.44,-0.61,0,9,18,6,15,3,4,,,0,,,,,,,,,,,,,,,
,2526,Frankfurt,Arthur Theate,BEL,DF,25,2000,24,24,2141,23.8,1,0,1,1,0,0,8,0,0.04,0.0,0.04,0.04,0.04,23.8,1,15,7,46.7,0.63,0.29,0.07,0.14,0,0,89,70.0,24,89,21,0,,4,1.29,46,52,-6,-0.25,-0.45,0,15,13,1,13,34,21,,,0,,,,,,,,,,,,,,,
,2526,Frankfurt,Aurèle Amenda,SUI,DF,22,2003,24,18,1678,18.6,0,0,0,0,0,0,5,0,0.0,0.0,0.0,0.0,0.0,18.6,0,10,2,20.0,0.54,0.11,0.0,0.0,0,0,70,54.8,18,90,17,6,11,7,1.17,28,34,-6,-0.32,-0.45,0,22,13,0,6,29,12,,,1,,,,,,,,,,,,,,,
,2526,Frankfurt,Aurélio Buta,POR,DF,28,1997,4,1,144,1.6,0,0,0,0,0,0,1,0,0.0,0.0,0.0,0.0,0.0,1.6,0,1,0,0.0,0.62,0.0,0.0,,0,0,36,4.7,1,90,1,3,18,8,1.75,0,8,-8,-5.0,-5.12,0,3,2,0,2,0,5,,,0,,,,,,,,,,,,,,,
,2526,Frankfurt,Ayoube Amaimouni,MAR,"MF,FW",20,2004,17,6,586,6.5,2,3,5,2,0,0,1,0,0.31,0.46,0.77,0.31,0.77,6.5,2,12,7,58.3,1.84,1.08,0.17,0.29,0,0,34,19.2,6,67,0,11,17,2,1.0,14,11,3,0.46,0.72,0,8,10,6,30,2,5,,,0,,,,,,,,,,,,,,,
,2526,Frankfurt,Can Uzun,TUR,MF,19,2005,21,15,1156,12.8,8,4,12,7,1,1,3,0,0.62,0.31,0.93,0.54,0.86,12.8,8,41,19,46.3,3.19,1.48,0.2,0.42,1,1,55,37.8,15,68,2,6,23,2,1.19,28,27,1,0.08,0.31,0,15,26,0,24,3,9,,,0,,,,,,,,,,,,,,,
,2526,Frankfurt,Elias Baum,GER,DF,19,2005,5,0,75,0.8,0,0,0,0,0,0,0,0,0.0,0.0,0.0,0.0,0.0,0.8,0,0,0,,0.0,0.0,,,0,0,15,2.5,0,,0,5,15,9,0.8,1,1,0,0.0,0.12,0,3,0,0,4,1,0,,,0,,,,,,,,,,,,,,,
,2526,Frankfurt,Ellyes Skhiri,TUN,"MF,DF",30,1995,25,16,1444,16.0,0,0,0,0,0,0,3,1,0.0,0.0,0.0,0.0,0.0,16.0,0,8,0,0.0,0.5,0.0,0.0,,0,0,58,47.2,16,81,9,9,17,5,1.36,24,36,-12,-0.75,-1.19,1,11,13,0,3,25,8,,,0,,,,,,,,,,,,,,,
,2526,Frankfurt,Elye Wahi,CIV,FW,22,2003,10,3,324,3.6,0,1,1,0,0,0,1,0,0.0,0.28,0.28,0.0,0.28,3.6,0,7,3,42.9,1.94,0.83,0.0,0.0,0,0,32,10.6,3,75,0,7,14,2,1.9,7,13,-6,-1.67,-1.73,0,2,4,4,5,0,1,,,0,,,,,,,,,,,,,,,
,2526,Frankfurt,Fares Chaïbi,ALG,MF,22,2002,28,21,1792,19.9,2,9,11,2,0,0,2,0,0.1,0.45,0.55,0.1,0.55,19.9,2,35,9,25.7,1.76,0.45,0.06,0.22,0,0,64,58.6,21,77,8,7,26,2,1.36,40,38,2,0.1,0.53,0,14,21,5,91,13,21,,,0,,,,,,,,,,,,,,,
,2526,Frankfurt,Hugo Larsson,SWE,MF,21,2004,25,21,1812,20.1,2,2,4,2,0,0,0,0,0.1,0.1,0.2,0.1,0.2,20.1,2,13,6,46.2,0.65,0.3,0.15,0.33,0,0,72,59.2,21,81,10,4,29,3,1.28,33,32,1,0.05,0.41,0,7,2,0,9,27,9,,,0,,,,,,,,,,,,,,,
,2526,Frankfurt,Jean Mattéo Bahoya,FRA,"MF,FW",20,2005,27,15,1331,14.8,3,4,7,3,0,0,2,0,0.2,0.27,0.47,0.2,0.47,14.8,3,29,9,31.0,1.96,0.61,0.1,0.33,0,0,49,43.5,15,69,4,12,25,2,1.26,22,28,-6,-0.41,-0.51,0,13,22,3,33,12,14,,,0,,,,,,,,,,,,,,,
,2526,Frankfurt,Jessic Ngankam,GER,FW,25,2000,3,0,62,0.7,0,0,0,0,0,0,0,0,0.0,0.0,0.0,0.0,0.0,0.7,0,0,0,,0.0,0.0,,,0,0,21,2.0,0,,0,3,21,2,0.67,1,4,-3,-4.35,-4.32,0,4,2,0,0,0,0,,,0,,,,,,,,,,,,,,,
,2526,Frankfurt,Jonathan Burkardt,GER,FW,25,2000,22,15,1336,14.8,13,1,14,9,4,4,1,0,0.88,0.07,0.94,0.61,0.67,14.8,13,41,21,51.2,2.76,1.41,0.32,0.62,4,4,61,43.7,15,80,4,7,20,0,1.36,34,16,18,1.21,2.36,0,12,15,2,5,1,4,,,0,,,,,,,,,,,,,,,
,2526,Frankfurt,Kauã Santos,BRA,GK,22,2003,13,13,1084,12.0,0,0,0,0,0,0,0,0,0.0,0.0,0.0,0.0,0.0,12.0,0,0,0,,0.0,0.0,,,0,0,83,35.4,13,83,12,0,,12,1.0,27,32,-5,-0.42,-0.46,0,0,3,0,0,0,1,,,0,32,2.66,69,37,53.6,3,4,6,2,15.4,1,1,0,0,0.0
,2526,Frankfurt,Love Arrhov,SWE,MF,17,2008,5,1,65,0.7,0,0,0,0,0,0,1,0,0.0,0.0,0.0,0.0,0.0,0.7,0,0,0,,0.0,0.0,,,0,0,13,2.1,1,45,0,4,5,7,2.2,0,2,-2,-2.77,-2.71,0,2,1,0,0,0,2,,,0,,,,,,,,,,,,,,,
,2526,Frankfurt,Mahmoud Dahoud,GER,"MF,FW",29,1996,15,8,716,8.0,2,3,5,2,0,0,0,0,0.25,0.38,0.63,0.25,0.63,8.0,2,17,2,11.8,2.14,0.25,0.12,1.0,0,0,48,23.4,8,68,1,7,25,7,1.2,17,15,2,0.25,0.48,0,16,2,0,8,10,8,,,0,,,,,,,,,,,,,,,
,2526,Frankfurt,Mario Götze,GER,MF,33,1992,21,8,886,9.8,0,0,0,0,0,0,1,0,0.0,0.0,0.0,0.0,0.0,9.8,0,5,0,0.0,0.51,0.0,0.0,,0,0,42,29.0,8,67,1,13,27,8,1.48,15,20,-5,-0.51,-0.55,0,9,12,1,22,4,8,,,0,,,,,,,,,,,,,,,
,2526,Frankfurt,Michael Zetterer,GER,GK,30,1995,22,21,1976,22.0,0,0,0,0,0,0,1,0,0.0,0.0,0.0,0.0,0.0,22.0,0,0,0,,0.0,0.0,,,0,0,90,64.6,21,90,21,1,86,12,1.55,34,33,1,0.05,0.46,0,0,6,0,0,1,1,,,0,33,1.5,95,62,65.3,8,7,6,6,28.6,2,2,0,0,0.0
,2526,Frankfurt,Michy Batshuayi,BEL,FW,31,1993,6,1,139,1.5,1,0,1,0,1,1,0,0,0.65,0.0,0.65,0.0,0.0,1.5,1,5,1,20.0,3.24,0.65,0.2,1.0,1,1,23,4.5,1,45,0,5,19,5,0.83,3,5,-2,-1.29,-1.23,0,2,1,1,0,0,1,,,0,,,,,,,,,,,,,,,
,2526,Frankfurt,Nathaniel Brown,GER,"MF,DF",22,2003,33,29,2656,29.5,4,4,8,4,0,0,3,0,0.14,0.14,0.27,0.14,0.27,29.5,4,18,9,50.0,0.61,0.3,0.22,0.44,0,0,80,86.8,29,86,23,4,41,0,1.33,52,55,-3,-0.1,0.12,0,27,33,1,45,25,57,,,0,,,,,,,,,,,,,,,
,2526,Frankfurt,Nnamdi Collins,GER,DF,21,2004,23,16,1500,16.7,1,2,3,1,0,0,4,0,0.06,0.12,0.18,0.06,0.18,16.7,1,4,1,25.0,0.24,0.06,0.25,1.0,0,0,65,49.0,16,85,12,7,20,3,1.57,38,32,6,0.36,0.94,0,22,19,0,4,24,38,,,0,,,,,,,,,,,,,,,
,2526,Frankfurt,Oscar Højlund,DEN,MF,20,2005,24,12,1089,12.1,1,1,2,1,0,0,4,1,0.08,0.08,0.17,0.08,0.17,12.1,1,7,3,42.9,0.58,0.25,0.14,0.33,0,0,45,35.6,12,71,0,12,20,4,1.21,15,23,-8,-0.66,-0.84,1,27,5,1,2,7,17,,,0,,,,,,,,,,,,,,,
,2526,Frankfurt,Rasmus Kristensen,DEN,"DF,MF",28,1997,22,19,1538,17.1,2,0,2,2,0,0,6,1,0.12,0.0,0.12,0.12,0.12,17.1,2,15,6,40.0,0.88,0.35,0.13,0.33,0,0,70,50.3,19,79,12,3,15,0,1.36,27,30,-3,-0.18,-0.12,1,24,10,3,33,19,33,,,0,,,,,,,,,,,,,,,
,2526,Frankfurt,Ritsu Doan,JPN,MF,27,1998,31,28,2364,26.3,5,5,10,5,0,0,5,0,0.19,0.19,0.38,0.19,0.38,26.3,5,41,15,36.6,1.56,0.57,0.12,0.33,0,0,76,77.3,28,81,11,3,33,1,1.32,50,44,6,0.23,1.52,0,26,35,3,111,17,23,,,0,,,,,,,,,,,,,,,
,2526,Frankfurt,Robin Koch,GER,DF,29,1996,32,32,2833,31.5,3,1,4,3,0,0,3,1,0.1,0.03,0.13,0.1,0.13,31.5,3,15,5,33.3,0.48,0.16,0.2,0.6,0,0,89,92.6,32,89,30,0,,0,1.38,57,60,-3,-0.1,0.3,1,31,13,0,2,47,27,,,0,,,,,,,,,,,,,,,
,2526,Frankfurt,Timothy Chandler,USA,"DF,MF",35,1990,1,0,11,0.1,0,0,0,0,0,0,0,0,0.0,0.0,0.0,0.0,0.0,0.1,0,0,0,,0.0,0.0,,,0,0,11,0.4,0,,0,1,11,5,1.0,1,0,1,8.18,8.33,0,0,0,0,1,0,0,,,0,,,,,,,,,,,,,,,
,2526,Frankfurt,Younes Ebnoutalib,GER,FW,21,2003,5,2,133,1.5,1,0,1,1,0,0,0,0,0.68,0.0,0.68,0.68,0.68,1.5,1,5,2,40.0,3.38,1.35,0.2,0.5,0,0,27,4.3,2,55,1,3,8,3,1.0,4,5,-1,-0.68,-0.58,0,2,2,0,0,1,0,,,0,,,,,,,,,,,,,,,
,2526,Freiburg,Anthony Jung,GER,DF,33,1991,12,4,526,5.8,0,0,0,0,0,0,2,0,0.0,0.0,0.0,0.0,0.0,5.8,0,1,0,0.0,0.17,0.0,0.0,,0,0,44,17.2,4,86,3,8,23,14,1.17,10,12,-2,-0.34,-0.2,0,4,3,0,0,10,1,,,0,,,,,,,,,,,,,,,
,2526,Freiburg,Christian Günter,GER,DF,32,1993,24,18,1547,17.2,0,3,3,0,0,0,3,0,0.0,0.17,0.17,0.0,0.17,17.2,0,9,0,0.0,0.52,0.0,0.0,,0,0,64,50.6,18,80,9,6,17,10,1.33,21,31,-10,-0.58,-0.82,0,10,6,5,73,10,12,,,0,,,,,,,,,,,,,,,
,2526,Freiburg,Cyriaque Irié,BFA,MF,20,2005,10,3,347,3.9,0,0,0,0,0,0,3,0,0.0,0.0,0.0,0.0,0.0,3.9,0,7,2,28.6,1.82,0.52,0.0,0.0,0,0,35,11.3,3,61,0,7,23,9,0.7,4,7,-3,-0.78,-0.68,0,11,8,5,3,3,6,,,0,,,,,,,,,,,,,,,
,2526,Freiburg,Derry Scherhant,GER,MF,22,2002,31,12,1301,14.5,5,1,6,5,0,0,2,0,0.35,0.07,0.42,0.35,0.42,14.5,5,36,13,36.1,2.49,0.9,0.14,0.38,0,0,42,42.5,12,75,2,19,21,3,1.39,26,24,2,0.14,0.55,0,19,36,4,72,7,9,,,0,,,,,,,,,,,,,,,
,2526,Freiburg,Eren Dinkçi,GER,MF,23,2001,8,3,248,2.8,0,0,0,0,0,0,1,0,0.0,0.0,0.0,0.0,0.0,2.8,0,4,0,0.0,1.45,0.0,0.0,,0,0,31,8.1,3,62,0,5,12,0,1.13,4,7,-3,-1.09,-0.99,0,2,1,0,10,4,4,,,0,,,,,,,,,,,,,,,
,2526,Freiburg,Ifechukwu Ogbus,SUI,DF,19,2005,18,14,1177,13.1,0,0,0,0,0,0,1,0,0.0,0.0,0.0,0.0,0.0,13.1,0,5,2,40.0,0.38,0.15,0.0,0.0,0,0,65,38.5,14,80,10,4,16,4,1.33,12,27,-15,-1.15,-1.58,0,5,11,0,3,13,16,,,0,,,,,,,,,,,,,,,
,2526,Freiburg,Igor Matanović,CRO,FW,22,2003,31,14,1571,17.5,11,2,13,10,1,2,0,0,0.63,0.11,0.74,0.57,0.69,17.5,11,51,19,37.3,2.92,1.09,0.22,0.58,1,2,51,51.3,14,84,8,17,23,1,1.52,27,27,0,0.0,0.36,0,42,22,6,0,9,11,,,0,,,,,,,,,,,,,,,
,2526,Freiburg,Jan-Niklas Beste,GER,MF,26,1999,28,20,1704,18.9,2,2,4,2,0,0,5,0,0.11,0.11,0.21,0.11,0.21,18.9,2,24,14,58.3,1.27,0.74,0.08,0.14,0,0,61,55.7,20,77,6,8,21,1,1.54,33,25,8,0.42,1.35,0,17,36,5,106,17,24,,,0,,,,,,,,,,,,,,,
,2526,Freiburg,Johan Manzambi,SUI,MF,19,2005,27,26,2077,23.1,5,4,9,5,0,0,4,2,0.22,0.17,0.39,0.22,0.39,23.1,5,51,13,25.5,2.21,0.56,0.1,0.38,0,0,77,67.9,26,78,8,1,45,1,1.37,36,36,0,0.0,0.55,0,22,78,2,35,27,14,,,0,,,,,,,,,,,,,,,
,2526,Freiburg,Jordy Makengo,FRA,DF,23,2001,20,12,1178,13.1,0,1,1,0,0,0,1,0,0.0,0.08,0.08,0.0,0.08,13.1,0,0,0,,0.0,0.0,,,0,0,59,38.5,12,85,9,8,19,9,1.45,19,20,-1,-0.08,0.16,0,10,9,2,32,14,10,,,0,,,,,,,,,,,,,,,
,2526,Freiburg,Junior Adamu,AUT,FW,24,2001,9,7,446,5.0,1,1,2,1,0,0,1,0,0.2,0.2,0.4,0.2,0.4,5.0,1,8,3,37.5,1.61,0.61,0.13,0.33,0,0,50,14.6,7,61,0,2,9,10,1.44,7,4,3,0.61,0.92,0,10,9,6,2,5,6,,,0,,,,,,,,,,,,,,,
,2526,Freiburg,Lucas Höler,GER,"FW,MF",31,1994,33,25,2037,22.6,3,1,4,3,0,0,4,0,0.13,0.04,0.18,0.13,0.18,22.6,3,33,15,45.5,1.46,0.66,0.09,0.2,0,0,62,66.6,25,78,10,8,12,1,1.33,28,43,-15,-0.66,-1.45,0,30,30,12,8,11,12,,,0,,,,,,,,,,,,,,,
,2526,Freiburg,Lukas Kübler,GER,DF,32,1992,23,19,1587,17.6,2,2,4,2,0,0,3,0,0.11,0.11,0.23,0.11,0.23,17.6,2,19,5,26.3,1.08,0.28,0.11,0.4,0,0,69,51.9,19,79,9,4,23,4,1.43,33,35,-2,-0.11,0.13,0,20,11,6,30,31,25,,,0,,,,,,,,,,,,,,,
,2526,Freiburg,Matthias Ginter,GER,DF,31,1994,32,32,2833,31.5,3,3,6,3,0,0,3,0,0.1,0.1,0.19,0.1,0.19,31.5,3,19,7,36.8,0.6,0.22,0.16,0.43,0,0,89,92.6,32,89,29,0,,0,1.47,49,51,-2,-0.06,1.52,0,16,19,2,15,22,14,,,0,,,,,,,,,,,,,,,
,2526,Freiburg,Max Rosenfelder,GER,DF,22,2003,12,5,492,5.5,0,0,0,0,0,0,0,0,0.0,0.0,0.0,0.0,0.0,5.5,0,1,0,0.0,0.18,0.0,0.0,,0,0,41,16.1,5,81,3,7,12,2,1.25,6,8,-2,-0.37,-0.23,0,2,5,1,0,5,5,,,1,,,,,,,,,,,,,,,
,2526,Freiburg,Maximilian Eggestein,GER,MF,28,1996,34,34,3060,34.0,3,1,4,3,0,0,4,0,0.09,0.03,0.12,0.09,0.12,34.0,3,44,13,29.5,1.29,0.38,0.07,0.23,0,0,90,100.0,34,90,34,0,,0,1.38,51,57,-6,-0.18,,0,18,20,1,14,31,34,,,0,,,,,,,,,,,,,,,
,2526,Freiburg,Maximilian Philipp,GER,"FW,MF",31,1994,2,0,29,0.3,0,0,0,0,0,0,0,0,0.0,0.0,0.0,0.0,0.0,0.3,0,0,0,,0.0,0.0,,,0,0,15,0.9,0,,0,2,15,7,1.5,0,1,-1,-3.1,-2.95,0,2,0,0,0,0,1,,,0,,,,,,,,,,,,,,,
,2526,Freiburg,Merlin Röhl,GER,MF,23,2002,2,0,66,0.7,0,0,0,0,0,0,0,0,0.0,0.0,0.0,0.0,0.0,0.7,0,0,0,,0.0,0.0,,,0,0,33,2.2,0,,0,2,33,0,0.0,1,3,-2,-2.73,-2.61,0,2,0,0,1,0,1,,,0,,,,,,,,,,,,,,,
,2526,Freiburg,Nicolas Höfler,GER,MF,35,1990,13,2,291,3.2,0,0,0,0,0,0,0,0,0.0,0.0,0.0,0.0,0.0,3.2,0,4,2,50.0,1.24,0.62,0.0,0.0,0,0,22,9.5,2,71,0,11,14,17,1.54,8,10,-2,-0.62,-0.49,0,6,3,0,0,2,6,,,0,,,,,,,,,,,,,,,
,2526,Freiburg,Noah Atubolu,GER,GK,23,2002,34,34,3060,34.0,0,0,0,0,0,0,1,0,0.0,0.0,0.0,0.0,0.0,34.0,0,0,0,,0.0,0.0,,,0,0,90,100.0,34,90,34,0,,0,1.38,51,57,-6,-0.18,,0,0,6,0,0,1,0,,,0,57,1.68,157,100,63.7,13,8,13,6,17.6,1,0,1,0,100.0
,2526,Freiburg,Patrick Osterhage,GER,MF,25,2000,20,13,1189,13.2,1,0,1,1,0,0,4,0,0.08,0.0,0.08,0.08,0.08,13.2,1,7,2,28.6,0.53,0.15,0.14,0.5,0,0,59,38.9,13,82,6,7,18,2,1.7,15,17,-2,-0.15,0.04,0,13,13,2,9,15,7,,,0,,,,,,,,,,,,,,,
,2526,Freiburg,Philipp Lienhart,AUT,DF,29,1996,20,14,1302,14.5,1,0,1,1,0,0,4,1,0.07,0.0,0.07,0.07,0.07,14.5,1,8,2,25.0,0.55,0.14,0.13,0.5,0,0,65,42.5,14,81,9,6,28,2,1.5,28,22,6,0.41,1.03,1,7,8,2,13,13,13,,,0,,,,,,,,,,,,,,,
,2526,Freiburg,Philipp Treu,GER,"DF,MF",24,2000,28,24,2186,24.3,1,2,3,1,0,0,2,0,0.04,0.08,0.12,0.04,0.12,24.3,1,17,5,29.4,0.7,0.21,0.06,0.2,0,0,78,71.4,24,87,18,4,27,4,1.32,33,38,-5,-0.21,-0.1,0,20,37,2,32,7,27,,,0,,,,,,,,,,,,,,,
,2526,Freiburg,Rouven Tarnutzer,SUI,FW,18,2007,1,0,7,0.1,0,0,0,0,0,0,0,0,0.0,0.0,0.0,0.0,0.0,0.1,0,0,0,,0.0,0.0,,,0,0,7,0.2,0,,0,1,7,2,0.0,0,1,-1,-12.86,-12.71,0,0,1,0,0,0,0,,,0,,,,,,,,,,,,,,,
,2526,Freiburg,Vincenzo Grifo,ITA,MF,32,1993,33,21,1710,19.0,7,4,11,3,4,4,0,0,0.37,0.21,0.58,0.16,0.37,19.0,7,30,12,40.0,1.58,0.63,0.23,0.58,4,4,52,55.9,21,70,4,12,20,1,1.42,27,33,-6,-0.32,-0.32,0,10,12,2,111,16,5,,,0,,,,,,,,,,,,,,,
,2526,Freiburg,Yuito Suzuki,JPN,MF,23,2001,25,18,1632,18.1,4,2,6,4,0,0,3,0,0.22,0.11,0.33,0.22,0.33,18.1,4,38,14,36.8,2.1,0.77,0.11,0.29,0,0,65,53.3,18,79,6,7,31,4,1.28,31,31,0,0.0,0.38,0,20,10,2,21,10,12,,,0,,,,,,,,,,,,,,,
,2526,Gladbach,Alejo Sarco,ARG,FW,19,2006,3,0,53,0.6,0,0,0,0,0,0,0,0,0.0,0.0,0.0,0.0,0.0,0.6,0,2,0,0.0,3.4,0.0,0.0,,0,0,18,1.7,0,,0,3,18,4,0.33,1,2,-1,-1.7,-1.4,0,0,0,0,0,0,0,,,0,,,,,,,,,,,,,,,
,2526,Gladbach,Charles Herrmann,GER,FW,19,2006,1,0,5,0.1,0,1,1,0,0,0,0,0,0.0,18.0,18.0,0.0,18.0,0.1,0,0,0,,0.0,0.0,,,0,0,5,0.2,0,,0,1,5,5,1.0,1,0,1,18.0,18.35,0,1,0,0,1,1,0,,,0,,,,,,,,,,,,,,,
,2526,Gladbach,Fabio Chiarodia,ITA,DF,20,2005,15,8,674,7.5,0,0,0,0,0,0,1,0,0.0,0.0,0.0,0.0,0.0,7.5,0,4,1,25.0,0.53,0.13,0.0,0.0,0,0,45,22.0,8,72,1,7,14,6,0.8,2,13,-11,-1.47,-1.47,0,8,1,0,0,13,9,,,0,,,,,,,,,,,,,,,
,2526,Gladbach,Florian Neuhaus,GER,"MF,FW",28,1997,17,11,930,10.3,0,1,1,0,0,0,0,0,0.0,0.1,0.1,0.0,0.1,10.3,0,22,6,27.3,2.13,0.58,0.0,0.0,0,0,55,30.4,11,71,0,6,25,13,1.29,19,9,10,0.97,1.86,0,9,9,0,9,9,7,,,0,,,,,,,,,,,,,,,
,2526,Gladbach,Franck Honorat,FRA,"MF,FW",28,1996,28,24,1977,22.0,2,6,8,2,0,0,0,0,0.09,0.27,0.36,0.09,0.36,22.0,2,17,5,29.4,0.77,0.23,0.12,0.4,0,0,71,64.6,24,78,8,4,29,0,1.18,24,32,-8,-0.36,-0.11,0,12,6,10,134,5,13,,,0,,,,,,,,,,,,,,,
,2526,Gladbach,Gio Reyna,USA,MF,22,2002,19,4,520,5.8,1,0,1,1,0,0,1,0,0.17,0.0,0.17,0.17,0.17,5.8,1,7,2,28.6,1.21,0.35,0.14,0.5,0,0,27,17.0,4,65,0,15,17,6,1.42,9,11,-2,-0.35,-0.03,0,5,10,0,9,4,6,,,0,,,,,,,,,,,,,,,
,2526,Gladbach,Grant Ranos,ARM,FW,22,2003,8,0,119,1.3,1,0,1,1,0,0,1,0,0.76,0.0,0.76,0.76,0.76,1.3,1,4,2,50.0,3.03,1.51,0.25,0.5,0,0,15,3.9,0,,0,8,15,5,0.63,3,2,1,0.76,1.12,0,1,1,0,5,1,1,,,0,,,,,,,,,,,,,,,
,2526,Gladbach,Haris Tabaković,BIH,FW,31,1994,32,28,2382,26.5,13,3,16,13,0,2,5,0,0.49,0.11,0.6,0.49,0.6,26.5,13,67,27,40.3,2.53,1.02,0.19,0.48,0,2,74,77.8,28,81,10,4,29,0,1.19,36,34,2,0.08,1.8,0,48,20,27,2,0,6,,,0,,,,,,,,,,,,,,,
,2526,Gladbach,Hugo Bolin,SWE,"MF,FW",22,2003,13,5,550,6.1,1,1,2,1,0,0,0,0,0.16,0.16,0.33,0.16,0.33,6.1,1,15,4,26.7,2.45,0.65,0.07,0.25,0,0,42,18.0,5,70,0,8,25,1,1.23,9,8,1,0.16,0.59,0,2,12,1,17,1,2,,,0,,,,,,,,,,,,,,,
,2526,Gladbach,Jan Urbich,GER,DF,21,2004,3,0,39,0.4,0,0,0,0,0,0,0,0,0.0,0.0,0.0,0.0,0.0,0.4,0,0,0,,0.0,0.0,,,0,0,13,1.3,0,,0,3,13,4,1.33,0,1,-1,-2.31,-2.01,0,1,2,0,0,0,0,,,0,,,,,,,,,,,,,,,
,2526,Gladbach,Jens Castrop,KOR,MF,22,2003,26,20,1584,17.6,3,1,4,3,0,0,2,2,0.17,0.06,0.23,0.17,0.23,17.6,3,30,12,40.0,1.7,0.68,0.1,0.25,0,0,61,51.8,20,74,4,6,17,1,1.0,21,31,-10,-0.57,-0.51,0,31,26,3,21,17,27,,,0,,,,,,,,,,,,,,,
,2526,Gladbach,Joe Scally,USA,"DF,MF",22,2002,32,29,2608,29.0,2,3,5,2,0,0,8,0,0.07,0.1,0.17,0.07,0.17,29.0,2,16,10,62.5,0.55,0.35,0.13,0.2,0,0,82,85.2,29,88,23,3,18,1,1.19,38,40,-2,-0.07,1.72,0,33,51,3,47,18,27,,,1,,,,,,,,,,,,,,,
,2526,Gladbach,Kevin Diks,IDN,DF,28,1996,30,28,2464,27.4,5,0,5,1,4,4,6,0,0.18,0.0,0.18,0.04,0.04,27.4,5,23,13,56.5,0.84,0.47,0.22,0.38,4,4,82,80.5,28,87,23,2,18,0,1.2,40,43,-3,-0.11,1.1,0,15,22,1,5,24,30,,,0,,,,,,,,,,,,,,,
,2526,Gladbach,Kevin Stöger,AUT,MF,31,1993,29,15,1324,14.7,1,1,2,1,0,1,3,0,0.07,0.07,0.14,0.07,0.14,14.7,1,23,7,30.4,1.56,0.48,0.04,0.14,0,1,46,43.3,15,73,2,14,17,5,1.0,13,25,-12,-0.82,-0.87,0,23,29,0,61,13,20,,,0,,,,,,,,,,,,,,,
,2526,Gladbach,Kōta Takai,JPN,DF,20,2004,8,3,342,3.8,0,0,0,0,0,0,1,0,0.0,0.0,0.0,0.0,0.0,3.8,0,3,2,66.7,0.79,0.53,0.0,0.0,0,0,43,11.2,3,90,3,5,14,5,0.75,2,10,-8,-2.11,-2.01,0,3,3,0,0,4,4,,,0,,,,,,,,,,,,,,,
,2526,Gladbach,Luca Netz,GER,"MF,DF",22,2003,15,10,940,10.4,0,2,2,0,0,0,1,0,0.0,0.19,0.19,0.0,0.19,10.4,0,2,0,0.0,0.19,0.0,0.0,,0,0,63,30.7,10,86,7,5,17,5,0.93,14,10,4,0.38,1.02,0,8,2,0,26,7,10,,,0,,,,,,,,,,,,,,,
,2526,Gladbach,Lukas Ullrich,GER,"DF,MF",21,2004,23,14,1305,14.5,0,0,0,0,0,0,2,0,0.0,0.0,0.0,0.0,0.0,14.5,0,10,2,20.0,0.69,0.14,0.0,0.0,0,0,57,42.6,14,79,5,9,22,11,0.78,19,29,-10,-0.69,-0.64,0,17,11,1,38,21,17,,,0,,,,,,,,,,,,,,,
,2526,Gladbach,Marvin Friedrich,GER,DF,29,1995,6,1,152,1.7,0,0,0,0,0,0,0,0,0.0,0.0,0.0,0.0,0.0,1.7,0,0,0,,0.0,0.0,,,0,0,25,5.0,1,90,1,5,12,14,1.5,2,5,-3,-1.78,-1.53,0,2,2,0,0,1,3,,,0,,,,,,,,,,,,,,,
,2526,Gladbach,Moritz Nicolas,GER,GK,27,1997,34,34,3060,34.0,0,0,0,0,0,0,1,0,0.0,0.0,0.0,0.0,0.0,34.0,0,0,0,,0.0,0.0,,,0,0,90,100.0,34,90,34,0,,0,1.12,42,53,-11,-0.32,,0,0,3,0,0,0,1,,,0,53,1.56,189,136,72.0,9,11,14,13,38.2,5,5,0,0,0.0
,2526,Gladbach,Nico Elvedi,SUI,DF,28,1996,33,33,2966,33.0,0,2,2,0,0,0,5,0,0.0,0.06,0.06,0.0,0.06,33.0,0,9,0,0.0,0.27,0.0,0.0,,0,0,90,96.9,33,90,32,0,,0,1.15,41,50,-9,-0.27,1.64,0,18,16,1,1,40,32,,,0,,,,,,,,,,,,,,,
,2526,Gladbach,Oscar Fraulo,DEN,MF,21,2003,4,0,43,0.5,1,0,1,1,0,0,0,0,2.09,0.0,2.09,2.09,2.09,0.5,1,1,1,100.0,2.09,2.09,1.0,1.0,0,0,11,1.4,0,,0,4,11,9,1.75,1,0,1,2.09,2.45,0,3,0,0,0,1,0,,,0,,,,,,,,,,,,,,,
,2526,Gladbach,Philipp Sander,GER,"DF,MF",27,1998,30,29,2445,27.2,2,0,2,2,0,0,4,0,0.07,0.0,0.07,0.07,0.07,27.2,2,25,8,32.0,0.92,0.29,0.08,0.25,0,0,82,79.9,29,83,18,1,30,1,1.0,35,39,-4,-0.15,0.88,0,28,14,0,28,50,42,,,1,,,,,,,,,,,,,,,
,2526,Gladbach,Robin Hack,GER,MF,26,1998,8,3,320,3.6,1,0,1,1,0,0,1,0,0.28,0.0,0.28,0.28,0.28,3.6,1,11,4,36.4,3.09,1.13,0.09,0.25,0,0,40,10.5,3,80,2,5,16,2,1.38,3,4,-1,-0.28,0.05,0,4,3,1,14,1,2,,,0,,,,,,,,,,,,,,,
,2526,Gladbach,Rocco Reitz,GER,MF,23,2002,31,31,2627,29.2,0,4,4,0,0,0,8,1,0.0,0.14,0.14,0.0,0.14,29.2,0,47,14,29.8,1.61,0.48,0.0,0.0,0,0,85,85.8,31,85,19,0,,0,1.03,27,46,-19,-0.65,-2.31,0,35,55,6,86,49,42,,,0,,,,,,,,,,,,,,,
,2526,Gladbach,Shuto Machino,JPN,"FW,MF",25,1999,32,9,1076,12.0,3,1,4,3,0,0,2,0,0.25,0.08,0.33,0.25,0.33,12.0,3,25,11,44.0,2.09,0.92,0.12,0.27,0,0,34,35.2,9,79,2,23,16,1,1.16,13,32,-19,-1.59,-1.95,0,14,11,9,10,3,5,,,0,,,,,,,,,,,,,,,
,2526,Gladbach,Tim Kleindienst,GER,FW,29,1995,3,0,7,0.1,0,0,0,0,0,0,0,0,0.0,0.0,0.0,0.0,0.0,0.1,0,0,0,,0.0,0.0,,,0,0,2,0.2,0,,0,3,2,0,2.33,1,0,1,12.86,13.21,0,1,0,1,0,1,1,,,0,,,,,,,,,,,,,,,
,2526,Gladbach,Wael Mohya,GER,"MF,FW",16,2008,15,6,552,6.1,2,1,3,2,0,0,1,0,0.33,0.16,0.49,0.33,0.49,6.1,2,11,5,45.5,1.79,0.82,0.18,0.4,0,0,37,18.0,6,63,0,9,20,10,1.07,6,9,-3,-0.49,-0.2,0,4,13,0,8,2,7,,,0,,,,,,,,,,,,,,,
,2526,Gladbach,Yannik Engelhardt,GER,MF,24,2001,31,29,2487,27.6,2,2,4,2,0,0,7,0,0.07,0.07,0.14,0.07,0.14,27.6,2,21,5,23.8,0.76,0.18,0.1,0.4,0,0,80,81.3,29,85,22,2,18,0,1.19,38,39,-1,-0.04,1.53,0,41,34,0,6,36,23,,,0,,,,,,,,,,,,,,,
,2526,Hamburger SV,Aboubaka Soumahoro,FRA,"MF,DF",20,2005,4,2,136,1.5,0,0,0,0,0,0,1,0,0.0,0.0,0.0,0.0,0.0,1.5,0,0,0,,0.0,0.0,,,0,0,34,4.4,2,52,0,2,17,7,1.0,0,5,-5,-3.31,-3.03,0,3,0,1,1,0,0,,,0,,,,,,,,,,,,,,,
,2526,Hamburger SV,Albert Grønbaek,DEN,MF,24,2001,7,6,492,5.5,1,2,3,1,0,0,0,0,0.18,0.37,0.55,0.18,0.55,5.5,1,8,4,50.0,1.46,0.73,0.13,0.25,0,0,70,16.1,6,78,2,1,24,1,1.14,8,11,-3,-0.55,-0.16,0,2,6,0,6,11,10,,,0,,,,,,,,,,,,,,,
,2526,Hamburger SV,Albert Sambi Lokonga,BEL,MF,25,1999,26,20,1710,19.0,5,0,5,5,0,0,3,0,0.26,0.0,0.26,0.26,0.26,19.0,5,19,11,57.9,1.0,0.58,0.26,0.45,0,0,66,55.9,20,81,9,6,14,1,1.23,29,29,0,0.0,0.93,0,20,27,0,13,13,13,,,0,,,,,,,,,,,,,,,
,2526,Hamburger SV,Alexander Røssing-Lelesiit,NOR,"FW,MF",18,2007,11,5,321,3.6,0,1,1,0,0,0,3,1,0.0,0.28,0.28,0.0,0.28,3.6,0,2,2,100.0,0.56,0.56,0.0,0.0,0,0,29,10.5,5,53,0,6,9,4,1.09,1,10,-9,-2.52,-2.36,1,13,7,1,4,1,2,,,0,,,,,,,,,,,,,,,
,2526,Hamburger SV,Bakery Jatta,GAM,MF,27,1998,15,12,911,10.1,1,1,2,1,0,0,1,0,0.1,0.1,0.2,0.1,0.2,10.1,1,11,4,36.4,1.09,0.4,0.09,0.25,0,0,61,29.8,12,71,2,3,20,1,1.33,16,12,4,0.4,1.15,0,13,5,2,19,8,11,,,0,,,,,,,,,,,,,,,
,2526,Hamburger SV,Damion Downs,USA,FW,21,2004,12,6,536,6.0,0,0,0,0,0,0,0,0,0.0,0.0,0.0,0.0,0.0,6.0,0,7,4,57.1,1.18,0.67,0.0,0.0,0,0,45,17.5,6,70,0,6,20,3,1.0,4,8,-4,-0.67,-0.32,0,8,1,2,0,0,2,,,0,,,,,,,,,,,,,,,
,2526,Hamburger SV,Daniel Elfadli,LBY,DF,28,1997,21,15,1253,13.9,0,0,0,0,0,0,6,1,0.0,0.0,0.0,0.0,0.0,13.9,0,4,1,25.0,0.29,0.07,0.0,0.0,0,0,60,40.9,15,77,8,6,17,8,1.14,15,21,-6,-0.43,-0.03,1,20,15,0,0,20,14,,,0,,,,,,,,,,,,,,,
,2526,Hamburger SV,Daniel Heuer Fernandes,POR,GK,32,1992,33,33,2970,33.0,0,0,0,0,0,0,3,0,0.0,0.0,0.0,0.0,0.0,33.0,0,1,0,0.0,0.03,0.0,0.0,,0,0,90,97.1,33,90,33,0,,1,1.12,39,53,-14,-0.42,-0.42,0,0,4,0,0,0,0,,,0,53,1.61,158,105,66.5,9,10,14,6,18.2,10,6,2,2,25.0
,2526,Hamburger SV,Emir Sahiti,KVX,FW,26,1998,2,2,120,1.3,0,0,0,0,0,0,0,0,0.0,0.0,0.0,0.0,0.0,1.3,0,0,0,,0.0,0.0,,,0,0,60,3.9,2,60,0,0,,3,0.5,0,1,-1,-0.75,-0.35,0,0,1,0,1,0,0,,,0,,,,,,,,,,,,,,,
,2526,Hamburger SV,Fabio Baldé,POR,"FW,MF",20,2005,16,3,448,5.0,1,1,2,1,0,0,1,0,0.2,0.2,0.4,0.2,0.4,5.0,1,9,4,44.4,1.81,0.8,0.11,0.25,0,0,28,14.6,3,72,0,13,18,4,1.35,6,15,-9,-1.81,-1.64,0,4,2,0,16,1,7,,,0,,,,,,,,,,,,,,,
,2526,Hamburger SV,Fabio Vieira,POR,"MF,FW",25,2000,29,25,2206,24.5,7,5,12,6,1,1,4,2,0.29,0.2,0.49,0.24,0.45,24.5,7,59,19,32.2,2.41,0.78,0.12,0.37,1,1,76,72.1,25,84,10,4,24,0,1.14,29,36,-7,-0.29,0.45,1,18,44,1,59,15,9,,,0,,,,,,,,,,,,,,,
,2526,Hamburger SV,Giorgi Gocholeishvili,GEO,MF,24,2001,24,9,940,10.4,0,2,2,0,0,0,3,1,0.0,0.19,0.19,0.0,0.19,10.4,0,14,2,14.3,1.34,0.19,0.0,0.0,0,0,39,30.7,9,78,1,15,16,6,1.33,9,12,-3,-0.29,0.18,1,13,19,3,20,7,14,,,0,,,,,,,,,,,,,,,
,2526,Hamburger SV,Guilherme Ramos,POR,DF,27,1997,8,0,48,0.5,0,0,0,0,0,0,0,0,0.0,0.0,0.0,0.0,0.0,0.5,0,1,1,100.0,1.87,1.87,0.0,0.0,0,0,6,1.6,0,,0,8,6,5,0.75,2,1,1,1.87,2.32,0,1,1,0,0,0,0,,,0,,,,,,,,,,,,,,,
,2526,Hamburger SV,Immanuel Pherai,SUR,"FW,MF",24,2001,6,0,35,0.4,0,0,0,0,0,0,2,1,0.0,0.0,0.0,0.0,0.0,0.4,0,1,0,0.0,2.57,0.0,0.0,,0,0,6,1.1,0,,0,6,6,4,0.33,0,0,0,0.0,0.42,1,4,2,0,4,0,1,,,0,,,,,,,,,,,,,,,
,2526,Hamburger SV,Jean-Luc Dompé,FRA,"FW,MF",29,1995,20,12,1138,12.6,3,0,3,2,1,1,0,0,0.24,0.0,0.24,0.16,0.16,12.6,3,25,12,48.0,1.98,0.95,0.12,0.25,1,1,57,37.2,12,81,5,8,21,3,1.05,16,14,2,0.16,0.91,0,2,9,4,82,0,5,,,0,,,,,,,,,,,,,,,
,2526,Hamburger SV,Jonas Meffert,GER,MF,30,1994,4,1,145,1.6,0,0,0,0,0,0,0,0,0.0,0.0,0.0,0.0,0.0,1.6,0,0,0,,0.0,0.0,,,0,0,36,4.7,1,66,0,3,26,9,1.0,0,4,-4,-2.48,-2.17,0,1,0,0,0,1,3,,,0,,,,,,,,,,,,,,,
,2526,Hamburger SV,Jordan Torunarigha,GER,DF,27,1997,24,21,1962,21.8,0,0,0,0,0,0,3,0,0.0,0.0,0.0,0.0,0.0,21.8,0,5,1,20.0,0.23,0.05,0.0,0.0,0,0,82,64.1,21,88,16,3,35,5,1.08,23,35,-12,-0.55,-0.39,0,19,13,0,3,30,22,,,0,,,,,,,,,,,,,,,
,2526,Hamburger SV,Louis Lemke,GER,DF,15,2009,1,0,1,0.0,0,0,0,0,0,0,0,0,0.0,0.0,0.0,0.0,0.0,0.0,0,0,0,,0.0,0.0,,,0,0,1,0.0,0,,0,1,1,1,3.0,0,0,0,0.0,0.41,0,0,0,0,0,0,0,,,0,,,,,,,,,,,,,,,
,2526,Hamburger SV,Luka Vušković,CRO,DF,18,2007,28,27,2442,27.1,6,0,6,5,1,1,6,0,0.22,0.0,0.22,0.18,0.18,27.1,6,32,10,31.3,1.18,0.37,0.19,0.6,1,1,87,79.8,27,90,26,1,13,1,1.29,35,41,-6,-0.22,0.94,0,29,32,1,2,40,17,,,0,,,,,,,,,,,,,,,
,2526,Hamburger SV,Miro Muheim,SUI,"MF,DF",27,1998,29,27,2435,27.1,0,4,4,0,0,0,7,1,0.0,0.15,0.15,0.0,0.15,27.1,0,24,7,29.2,0.89,0.26,0.0,0.0,0,0,84,79.6,27,88,23,2,30,0,1.1,33,42,-9,-0.33,0.39,0,39,50,1,148,27,35,,,0,,,,,,,,,,,,,,,
,2526,Hamburger SV,Nicolai Remberg,GER,MF,25,2000,32,32,2880,32.0,0,2,2,0,0,0,11,0,0.0,0.06,0.06,0.0,0.06,32.0,0,17,8,47.1,0.53,0.25,0.0,0.0,0,0,90,94.1,32,90,32,0,,0,1.16,38,49,-11,-0.34,1.16,0,44,48,1,5,43,27,,,0,,,,,,,,,,,,,,,
,2526,Hamburger SV,Nicolás Capaldo,ARG,"DF,MF",26,1998,26,24,2001,22.2,1,3,4,1,0,0,10,0,0.04,0.13,0.18,0.04,0.18,22.2,1,22,6,27.3,0.99,0.27,0.05,0.17,0,0,77,65.4,24,82,12,2,14,1,1.04,27,34,-7,-0.31,0.28,0,31,46,2,21,35,46,,,0,,,,,,,,,,,,,,,
,2526,Hamburger SV,Otto Stange,GER,FW,18,2007,10,2,293,3.3,0,0,0,0,0,0,0,0,0.0,0.0,0.0,0.0,0.0,3.3,0,9,1,11.1,2.76,0.31,0.0,0.0,0,0,29,9.6,2,70,0,8,19,6,0.6,3,5,-2,-0.61,-0.22,0,5,6,0,6,0,3,,,0,,,,,,,,,,,,,,,
,2526,Hamburger SV,Philip Otele,NGA,"MF,FW",26,1999,9,7,471,5.2,1,1,2,1,0,0,3,1,0.19,0.19,0.38,0.19,0.38,5.2,1,7,3,42.9,1.34,0.57,0.14,0.33,0,0,52,15.4,7,65,0,2,7,2,1.33,9,6,3,0.57,1.16,0,8,4,1,12,3,2,,,0,,,,,,,,,,,,,,,
,2526,Hamburger SV,Ransford Königsdörffer,GHA,"FW,MF",23,2001,33,29,2329,25.9,5,1,6,5,0,1,2,0,0.19,0.04,0.23,0.19,0.23,25.9,5,65,22,33.8,2.51,0.85,0.08,0.23,0,1,71,76.1,29,76,5,4,29,0,1.12,33,44,-11,-0.43,-0.06,0,25,32,28,21,6,4,,,0,,,,,,,,,,,,,,,
,2526,Hamburger SV,Rayan Philippe,FRA,"FW,MF",24,2000,28,13,1285,14.3,5,0,5,5,0,1,2,0,0.35,0.0,0.35,0.35,0.35,14.3,5,39,16,41.0,2.73,1.12,0.13,0.31,0,1,46,42.0,13,73,1,15,22,4,1.0,15,17,-2,-0.14,0.47,0,24,9,2,31,3,13,,,0,,,,,,,,,,,,,,,
,2526,Hamburger SV,Robert Glatzel,GER,FW,31,1994,19,7,612,6.8,3,2,5,2,1,1,0,0,0.44,0.29,0.74,0.29,0.59,6.8,3,16,7,43.8,2.35,1.03,0.19,0.43,1,1,32,20.0,7,65,1,12,13,5,1.16,10,13,-3,-0.44,-0.04,0,9,13,2,1,0,1,,,0,,,,,,,,,,,,,,,
,2526,Hamburger SV,Sander Tangvik,NOR,GK,22,2002,1,1,90,1.0,0,0,0,0,0,0,0,0,0.0,0.0,0.0,0.0,0.0,1.0,0,0,0,,0.0,0.0,,,0,0,90,2.9,1,90,1,0,,15,1.0,1,1,0,0.0,0.42,0,0,1,0,0,0,0,,,0,1,1.0,7,6,85.7,0,1,0,0,0.0,1,0,1,0,100.0
,2526,Hamburger SV,Shafiq Nandja,GER,DF,18,2007,2,0,15,0.2,0,0,0,0,0,0,0,0,0.0,0.0,0.0,0.0,0.0,0.2,0,0,0,,0.0,0.0,,,0,0,8,0.5,0,,0,2,8,4,2.0,0,1,-1,-6.0,-5.62,0,0,0,0,0,0,0,,,0,,,,,,,,,,,,,,,
,2526,Hamburger SV,Warmed Omari,COM,DF,25,2000,20,17,1605,17.8,0,1,1,0,0,0,0,0,0.0,0.06,0.06,0.0,0.06,17.8,0,3,1,33.3,0.17,0.06,0.0,0.0,0,0,80,52.5,17,87,12,3,45,0,1.1,19,28,-9,-0.5,-0.2,0,16,11,0,4,28,19,,,0,,,,,,,,,,,,,,,
,2526,Hamburger SV,William Mikelbrencis,FRA,"MF,DF",21,2004,26,15,1372,15.2,0,4,4,0,0,0,3,0,0.0,0.26,0.26,0.0,0.26,15.2,0,12,6,50.0,0.79,0.39,0.0,0.0,0,0,53,44.8,15,81,5,11,15,6,1.04,17,34,-17,-1.12,-1.28,0,18,5,5,54,6,22,,,0,,,,,,,,,,,,,,,
,2526,Hamburger SV,Yussuf Poulsen,DEN,FW,31,1994,15,1,334,3.7,1,0,1,1,0,0,4,0,0.27,0.0,0.27,0.27,0.27,3.7,1,7,3,42.9,1.89,0.81,0.14,0.33,0,0,22,10.9,1,61,0,14,20,1,1.27,4,6,-2,-0.54,-0.14,0,13,3,2,2,2,2,,,0,,,,,,,,,,,,,,,
,2526,Heidenheim,Adam Kölle,GER,DF,19,2006,6,0,93,1.0,1,0,1,1,0,0,1,0,0.97,0.0,0.97,0.97,0.97,1.0,1,2,1,50.0,1.94,0.97,0.5,1.0,0,0,16,3.0,0,,0,6,16,9,0.83,2,3,-1,-0.97,-0.06,0,5,1,0,1,1,1,,,0,,,,,,,,,,,,,,,
,2526,Heidenheim,Adrian Beck,GER,MF,28,1997,24,9,868,9.6,1,1,2,1,0,0,1,0,0.1,0.1,0.21,0.1,0.21,9.6,1,11,4,36.4,1.14,0.41,0.09,0.25,0,0,36,28.4,9,66,1,15,18,7,0.71,7,21,-14,-1.45,-0.75,0,13,14,1,15,3,17,,,0,,,,,,,,,,,,,,,
,2526,Heidenheim,Arijon Ibrahimović,GER,"MF,FW",19,2005,32,25,2169,24.1,2,4,6,1,1,1,2,0,0.08,0.17,0.25,0.04,0.21,24.1,2,47,19,40.4,1.95,0.79,0.04,0.11,1,1,68,70.9,25,78,10,7,30,0,0.78,29,49,-20,-0.83,0.28,0,13,27,5,127,23,18,,,0,,,,,,,,,,,,,,,
,2526,Heidenheim,Benedikt Gimber,GER,DF,28,1997,21,18,1436,16.0,0,0,0,0,0,0,6,0,0.0,0.0,0.0,0.0,0.0,16.0,0,4,1,25.0,0.25,0.06,0.0,0.0,0,0,68,46.9,18,75,10,3,28,6,0.62,8,40,-32,-2.01,-2.06,0,27,31,0,5,15,21,,,0,,,,,,,,,,,,,,,
,2526,Heidenheim,Budu Zivzivadze,GEO,FW,31,1994,20,14,1142,12.7,6,0,6,6,0,0,2,1,0.47,0.0,0.47,0.47,0.47,12.7,6,28,14,50.0,2.21,1.1,0.21,0.43,0,0,57,37.3,14,70,3,6,28,0,0.7,19,30,-11,-0.87,0.07,0,15,13,8,6,1,10,,,0,,,,,,,,,,,,,,,
,2526,Heidenheim,Christian Conteh,GER,"MF,FW",25,1999,9,4,404,4.5,0,0,0,0,0,0,0,0,0.0,0.0,0.0,0.0,0.0,4.5,0,3,0,0.0,0.67,0.0,0.0,,0,0,45,13.2,4,70,1,5,25,1,0.89,5,9,-4,-0.89,0.02,0,4,3,1,10,1,1,,,0,,,,,,,,,,,,,,,
,2526,Heidenheim,Diant Ramaj,GER,GK,23,2001,31,31,2790,31.0,0,1,1,0,0,0,2,0,0.0,0.03,0.03,0.0,0.03,31.0,0,0,0,,0.0,0.0,,,0,0,90,91.2,31,90,31,0,,2,0.74,38,67,-29,-0.94,-0.27,0,2,2,0,0,0,0,,,0,67,2.16,167,100,59.9,5,8,18,1,3.2,6,5,0,1,0.0
,2526,Heidenheim,Eren Dinkçi,GER,"MF,FW",23,2001,14,13,1131,12.6,3,1,4,3,0,0,3,0,0.24,0.08,0.32,0.24,0.32,12.6,3,25,9,36.0,1.99,0.72,0.12,0.33,0,0,81,37.0,13,85,7,1,28,0,0.93,22,24,-2,-0.16,1.19,0,9,4,0,22,5,13,,,0,,,,,,,,,,,,,,,
,2526,Heidenheim,Frank Feller,GER,GK,21,2004,3,3,270,3.0,0,0,0,0,0,0,0,0,0.0,0.0,0.0,0.0,0.0,3.0,0,0,0,,0.0,0.0,,,0,0,90,8.8,3,90,3,0,,16,1.0,3,5,-2,-0.67,0.27,0,0,2,0,0,0,1,,,0,5,1.67,20,15,75.0,1,0,2,0,0.0,0,0,0,0,
,2526,Heidenheim,Hannes Behrens,GER,"DF,MF",20,2005,16,15,1318,14.6,1,2,3,1,0,0,0,0,0.07,0.14,0.2,0.07,0.2,14.6,1,9,4,44.4,0.61,0.27,0.11,0.25,0,0,82,43.1,15,87,13,1,14,0,0.81,23,29,-6,-0.41,0.88,0,5,27,1,59,18,18,,,1,,,,,,,,,,,,,,,
,2526,Heidenheim,Jan Schöppner,GER,MF,26,1999,31,29,2252,25.0,3,3,6,3,0,0,5,0,0.12,0.12,0.24,0.12,0.24,25.0,3,25,7,28.0,1.0,0.28,0.12,0.43,0,0,73,73.6,29,76,15,2,28,2,0.81,26,51,-25,-1.0,-0.33,0,21,17,3,14,32,17,,,0,,,,,,,,,,,,,,,
,2526,Heidenheim,Jonas Föhrenbach,GER,"DF,MF",29,1996,27,25,2325,25.8,1,1,2,1,0,0,3,0,0.04,0.04,0.08,0.04,0.08,25.8,1,6,1,16.7,0.23,0.04,0.17,1.0,0,0,86,76.0,25,88,22,2,65,4,0.93,34,51,-17,-0.66,1.06,0,16,18,1,78,33,27,,,0,,,,,,,,,,,,,,,
,2526,Heidenheim,Julian Niehues,GER,MF,24,2001,24,17,1383,15.4,3,0,3,3,0,0,1,0,0.2,0.0,0.2,0.2,0.2,15.4,3,18,5,27.8,1.17,0.33,0.17,0.6,0,0,58,45.2,17,71,4,7,25,10,0.88,24,30,-6,-0.39,0.95,0,10,9,2,3,23,10,,,0,,,,,,,,,,,,,,,
,2526,Heidenheim,Leart Paqarada,KVX,DF,30,1994,1,1,6,0.1,0,0,0,0,0,0,0,0,0.0,0.0,0.0,0.0,0.0,0.1,0,0,0,,0.0,0.0,,,0,0,6,0.2,1,6,0,0,,1,0.0,0,0,0,0.0,0.91,0,0,0,0,0,0,0,,,0,,,,,,,,,,,,,,,
,2526,Heidenheim,Leonidas Stergiou,SUI,DF,23,2002,5,1,206,2.3,0,0,0,0,0,0,0,0,0.0,0.0,0.0,0.0,0.0,2.3,0,1,0,0.0,0.44,0.0,0.0,,0,0,41,6.7,1,90,1,4,29,4,1.0,1,7,-6,-2.62,-1.83,0,3,1,0,1,1,3,,,0,,,,,,,,,,,,,,,
,2526,Heidenheim,Luca Kerber,GER,MF,23,2002,18,8,682,7.6,2,0,2,2,0,0,3,0,0.26,0.0,0.26,0.26,0.26,7.6,2,9,3,33.3,1.19,0.4,0.22,0.67,0,0,38,22.3,8,71,2,10,12,14,1.0,5,18,-13,-1.72,-1.03,0,12,6,1,4,3,11,,,0,,,,,,,,,,,,,,,
,2526,Heidenheim,Léo Scienza,BRA,MF,26,1998,2,2,180,2.0,1,0,1,1,0,0,0,0,0.5,0.0,0.5,0.5,0.5,2.0,1,4,1,25.0,2.0,0.5,0.25,1.0,0,0,90,5.9,2,90,2,0,,0,0.0,1,5,-4,-2.0,-1.16,0,1,7,0,13,0,2,,,0,,,,,,,,,,,,,,,
,2526,Heidenheim,Marnon Busch,GER,"DF,MF",30,1994,29,20,1915,21.3,1,5,6,1,0,0,4,0,0.05,0.23,0.28,0.05,0.28,21.3,1,12,3,25.0,0.56,0.14,0.08,0.33,0,0,66,62.6,20,85,13,9,25,2,0.76,26,43,-17,-0.8,0.3,0,18,8,1,61,34,24,,,0,,,,,,,,,,,,,,,
,2526,Heidenheim,Marvin Pieringer,GER,"FW,MF",25,1999,27,20,1650,18.3,4,1,5,3,1,1,2,0,0.22,0.05,0.27,0.16,0.22,18.3,4,32,8,25.0,1.75,0.44,0.13,0.5,1,1,61,53.9,20,75,5,7,21,0,0.85,28,38,-10,-0.55,0.79,0,37,27,11,20,11,14,,,0,,,,,,,,,,,,,,,
,2526,Heidenheim,Mathias Honsak,AUT,"MF,FW",28,1996,27,15,1249,13.9,2,1,3,2,0,0,1,0,0.14,0.07,0.22,0.14,0.22,13.9,2,31,8,25.8,2.23,0.58,0.06,0.25,0,0,46,40.8,15,67,1,12,20,2,0.63,11,30,-19,-1.37,-0.77,0,11,15,9,25,17,12,,,0,,,,,,,,,,,,,,,
,2526,Heidenheim,Mikkel Kaufmann,DEN,FW,24,2001,16,6,537,6.0,1,1,2,1,0,0,2,0,0.17,0.17,0.34,0.17,0.34,6.0,1,11,3,27.3,1.84,0.5,0.09,0.33,0,0,34,17.5,6,63,0,10,16,1,0.5,3,10,-7,-1.17,-0.32,0,14,13,1,1,1,2,,,0,,,,,,,,,,,,,,,
,2526,Heidenheim,Niklas Dorsch,GER,MF,27,1998,32,27,2258,25.1,0,1,1,0,0,0,2,0,0.0,0.04,0.04,0.0,0.04,25.1,0,14,3,21.4,0.56,0.12,0.0,0.0,0,0,71,73.8,27,79,10,5,24,1,0.81,28,51,-23,-0.92,-0.02,0,30,27,1,33,19,31,,,0,,,,,,,,,,,,,,,
,2526,Heidenheim,Omar Traoré,GER,"DF,MF",27,1998,26,16,1501,16.7,0,2,2,0,0,0,2,0,0.0,0.12,0.12,0.0,0.12,16.7,0,10,2,20.0,0.6,0.12,0.0,0.0,0,0,58,49.1,16,78,8,10,26,7,0.65,21,41,-20,-1.2,-0.56,0,22,19,2,37,17,11,,,0,,,,,,,,,,,,,,,
,2526,Heidenheim,Patrick Mainka,GER,DF,30,1994,34,34,3060,34.0,2,2,4,2,0,0,1,0,0.06,0.06,0.12,0.06,0.12,34.0,2,37,9,24.3,1.09,0.26,0.05,0.22,0,0,90,100.0,34,90,34,0,,0,0.76,41,72,-31,-0.91,,0,10,20,3,0,36,30,,,0,,,,,,,,,,,,,,,
,2526,Heidenheim,Sirlord Conteh,GER,"MF,FW",29,1996,15,3,625,6.9,2,1,3,2,0,0,1,0,0.29,0.14,0.43,0.29,0.43,6.9,2,10,3,30.0,1.44,0.43,0.2,0.67,0,0,42,20.4,3,80,1,12,32,1,0.4,11,16,-5,-0.72,0.24,0,7,10,8,17,4,7,,,0,,,,,,,,,,,,,,,
,2526,Heidenheim,Stefan Schimmer,GER,FW,31,1994,27,3,820,9.1,5,1,6,5,0,0,1,0,0.55,0.11,0.66,0.55,0.66,9.1,5,32,12,37.5,3.51,1.32,0.16,0.42,0,0,30,26.8,3,67,0,24,26,4,0.78,14,18,-4,-0.44,0.65,0,13,5,4,10,4,4,,,0,,,,,,,,,,,,,,,
,2526,Heidenheim,Thomas Keller,GER,DF,25,1999,4,3,188,2.1,0,0,0,0,0,0,1,0,0.0,0.0,0.0,0.0,0.0,2.1,0,2,0,0.0,0.96,0.0,0.0,,0,0,47,6.1,3,60,1,1,8,4,1.5,2,3,-1,-0.48,0.46,0,3,2,0,1,0,1,,,0,,,,,,,,,,,,,,,
,2526,Heidenheim,Tim Siersleben,GER,DF,25,2000,15,12,1081,12.0,0,0,0,0,0,0,2,0,0.0,0.0,0.0,0.0,0.0,12.0,0,5,3,60.0,0.42,0.25,0.0,0.0,0,0,72,35.3,12,85,9,3,19,16,0.73,16,29,-13,-1.08,-0.26,0,13,13,1,13,21,16,,,0,,,,,,,,,,,,,,,
,2526,Heidenheim,Tobias Weigel,GER,FW,18,2007,1,0,2,0.0,0,0,0,0,0,0,0,0,0.0,0.0,0.0,0.0,0.0,0.0,0,0,0,,0.0,0.0,,,0,0,2,0.1,0,,0,1,2,1,0.0,0,0,0,0.0,0.91,0,0,0,0,0,0,0,,,0,,,,,,,,,,,,,,,
,2526,Heidenheim,Yannik Wagner,GER,FW,18,2007,4,0,49,0.5,0,0,0,0,0,0,0,0,0.0,0.0,0.0,0.0,0.0,0.5,0,1,0,0.0,1.84,0.0,0.0,,0,0,12,1.6,0,,0,4,12,5,0.75,3,0,3,5.51,6.53,0,0,0,0,2,0,0,,,0,,,,,,,,,,,,,,,
,2526,Hoffenheim,Adam Hložek,CZE,"FW,MF",23,2002,5,0,41,0.5,0,0,0,0,0,0,0,0,0.0,0.0,0.0,0.0,0.0,0.5,0,3,1,33.3,6.59,2.2,0.0,0.0,0,0,8,1.3,0,,0,5,8,1,1.4,0,3,-3,-6.59,-7.06,0,0,1,0,0,0,0,,,0,,,,,,,,,,,,,,,
,2526,Hoffenheim,Albian Hajdari,KVX,DF,22,2003,30,28,2434,27.0,1,2,3,1,0,0,10,0,0.04,0.07,0.11,0.04,0.11,27.0,1,19,4,21.1,0.7,0.15,0.05,0.25,0,0,81,79.5,28,85,20,2,32,1,1.77,52,37,15,0.55,0.84,0,43,23,0,19,42,38,,,0,,,,,,,,,,,,,,,
,2526,Hoffenheim,Alexander Prass,AUT,MF,24,2001,32,12,1308,14.5,3,2,5,3,0,0,4,0,0.21,0.14,0.34,0.21,0.34,14.5,3,18,11,61.1,1.24,0.76,0.17,0.27,0,0,41,42.7,12,80,4,20,18,2,1.88,25,25,0,0.0,-0.67,0,26,21,2,47,6,22,,,0,,,,,,,,,,,,,,,
,2526,Hoffenheim,Andrej Kramarić,CRO,"MF,FW",34,1991,34,26,2207,24.5,14,6,20,9,5,5,2,0,0.57,0.24,0.82,0.37,0.61,24.5,14,64,33,51.6,2.61,1.35,0.22,0.42,5,5,65,72.1,26,75,4,8,32,0,1.79,53,33,20,0.82,1.55,0,5,14,5,82,7,5,,,0,,,,,,,,,,,,,,,
,2526,Hoffenheim,Arthur Chaves,BRA,DF,24,2001,4,2,240,2.7,0,0,0,0,0,0,1,0,0.0,0.0,0.0,0.0,0.0,2.7,0,1,0,0.0,0.37,0.0,0.0,,0,0,60,7.8,2,90,2,2,30,7,1.75,4,4,0,0.0,-0.41,0,5,3,0,2,3,5,,,0,,,,,,,,,,,,,,,
,2526,Hoffenheim,Bazoumana Touré,CIV,"MF,FW",19,2006,30,29,2308,25.6,5,9,14,5,0,0,2,0,0.19,0.35,0.55,0.19,0.55,25.6,5,48,13,27.1,1.87,0.51,0.1,0.38,0,0,77,75.4,29,79,10,1,27,3,1.7,49,44,5,0.19,-0.76,0,44,29,8,118,6,22,,,0,,,,,,,,,,,,,,,
,2526,Hoffenheim,Bernardo,BRA,DF,30,1995,29,26,2312,25.7,0,0,0,0,0,0,9,0,0.0,0.0,0.0,0.0,0.0,25.7,0,10,0,0.0,0.39,0.0,0.0,,0,0,80,75.6,26,86,17,3,28,1,1.76,45,35,10,0.39,0.03,0,42,11,2,16,39,42,,,0,,,,,,,,,,,,,,,
,2526,Hoffenheim,Cole Campbell,USA,FW,19,2006,5,0,79,0.9,0,0,0,0,0,0,0,0,0.0,0.0,0.0,0.0,0.0,0.9,0,1,0,0.0,1.14,0.0,0.0,,0,0,16,2.6,0,,0,5,16,6,1.2,0,3,-3,-3.42,-3.9,0,0,1,0,4,0,0,,,0,,,,,,,,,,,,,,,
,2526,Hoffenheim,Fisnik Asllani,KVX,"FW,MF",22,2002,33,31,2335,25.9,10,7,17,10,0,0,2,0,0.39,0.27,0.66,0.39,0.66,25.9,10,73,28,38.4,2.81,1.08,0.14,0.36,0,0,71,76.3,31,74,4,2,24,1,1.76,50,41,9,0.35,-0.15,0,26,37,14,10,5,7,,,0,,,,,,,,,,,,,,,
,2526,Hoffenheim,Grischa Prömel,GER,MF,30,1995,33,16,1758,19.5,7,2,9,7,0,0,5,0,0.36,0.1,0.46,0.36,0.46,19.5,7,43,14,32.6,2.2,0.72,0.16,0.5,0,0,53,57.5,16,86,11,17,22,0,1.82,36,33,3,0.15,-0.54,0,23,28,1,11,15,16,,,0,,,,,,,,,,,,,,,
,2526,Hoffenheim,Ihlas Bebou,TOG,"FW,MF",31,1994,16,0,190,2.1,0,0,0,0,0,0,1,0,0.0,0.0,0.0,0.0,0.0,2.1,0,5,2,40.0,2.37,0.95,0.0,0.0,0,0,12,6.2,0,,0,16,12,10,1.69,4,3,1,0.47,0.1,0,6,2,2,1,3,1,,,0,,,,,,,,,,,,,,,
,2526,Hoffenheim,Kevin Akpoguma,NGA,DF,30,1995,8,1,61,0.7,0,0,0,0,0,0,0,1,0.0,0.0,0.0,0.0,0.0,0.7,0,0,0,,0.0,0.0,,,0,0,8,2.0,1,16,0,7,6,19,1.38,0,4,-4,-5.9,-6.41,0,1,0,0,0,1,1,,,0,,,,,,,,,,,,,,,
,2526,Hoffenheim,Koki Machida,JPN,DF,27,1997,1,1,44,0.5,0,0,0,0,0,0,1,0,0.0,0.0,0.0,0.0,0.0,0.5,0,0,0,,0.0,0.0,,,0,0,44,1.4,1,44,0,0,,0,3.0,1,1,0,0.0,-0.39,0,2,0,0,0,1,0,,,0,,,,,,,,,,,,,,,
,2526,Hoffenheim,Leon Avdullahu,KVX,MF,21,2004,33,32,2834,31.5,0,1,1,0,0,0,5,0,0.0,0.03,0.03,0.0,0.03,31.5,0,14,2,14.3,0.44,0.06,0.0,0.0,0,0,86,92.6,32,88,27,1,30,0,1.85,63,44,19,0.6,2.99,0,27,12,1,15,33,30,,,0,,,,,,,,,,,,,,,
,2526,Hoffenheim,Luka Đurić,SRB,MF,22,2003,1,0,10,0.1,0,0,0,0,0,0,0,0,0.0,0.0,0.0,0.0,0.0,0.1,0,0,0,,0.0,0.0,,,0,0,10,0.3,0,,0,1,10,5,0.0,0,1,-1,-9.0,-9.41,0,0,0,0,0,0,0,,,0,,,,,,,,,,,,,,,
,2526,Hoffenheim,Max Moerstedt,GER,FW,19,2006,22,1,420,4.7,2,0,2,2,0,0,2,0,0.43,0.0,0.43,0.43,0.43,4.7,2,6,4,66.7,1.29,0.86,0.33,0.5,0,0,19,13.7,1,75,0,21,16,9,1.91,9,7,2,0.43,0.05,0,14,10,3,4,0,3,,,0,,,,,,,,,,,,,,,
,2526,Hoffenheim,Muhammed Damar,GER,"MF,FW",21,2004,15,2,277,3.1,0,0,0,0,0,0,0,0,0.0,0.0,0.0,0.0,0.0,3.1,0,12,8,66.7,3.9,2.6,0.0,0.0,0,0,18,9.1,2,67,0,13,11,17,1.6,1,6,-5,-1.62,-2.21,0,4,2,1,33,1,3,,,0,,,,,,,,,,,,,,,
,2526,Hoffenheim,Oliver Baumann,GER,GK,35,1990,34,34,3060,34.0,0,0,0,0,0,0,3,0,0.0,0.0,0.0,0.0,0.0,34.0,0,0,0,,0.0,0.0,,,0,0,90,100.0,34,90,34,0,,0,1.79,65,52,13,0.38,,0,1,6,0,0,1,0,,,0,52,1.53,150,98,65.3,18,7,9,7,20.6,7,5,0,2,0.0
,2526,Hoffenheim,Ozan Kabak,TUR,DF,25,2000,25,18,1751,19.5,4,0,4,4,0,0,5,0,0.21,0.0,0.21,0.21,0.21,19.5,4,35,12,34.3,1.8,0.62,0.11,0.33,0,0,70,57.2,18,90,18,7,19,3,2.0,39,34,5,0.26,-0.29,0,26,8,0,2,26,17,,,0,,,,,,,,,,,,,,,
,2526,Hoffenheim,Robin Hranáč,CZE,DF,25,2000,29,26,2251,25.0,1,0,1,1,0,0,5,0,0.04,0.0,0.04,0.04,0.04,25.0,1,8,3,37.5,0.32,0.12,0.13,0.33,0,0,78,73.6,26,85,21,3,18,3,1.97,51,35,16,0.64,0.97,0,26,10,0,6,20,15,,,0,,,,,,,,,,,,,,,
,2526,Hoffenheim,Tim Lemperle,GER,FW,23,2002,29,24,1944,21.6,8,2,10,7,1,1,3,1,0.37,0.09,0.46,0.32,0.42,21.6,8,53,21,39.6,2.45,0.97,0.15,0.38,1,1,67,63.5,24,76,1,5,22,0,1.86,47,30,17,0.79,1.11,1,60,16,18,27,6,16,,,0,,,,,,,,,,,,,,,
,2526,Hoffenheim,Umut Tohumcu,GER,MF,20,2004,5,1,136,1.5,0,0,0,0,0,0,2,0,0.0,0.0,0.0,0.0,0.0,1.5,0,2,0,0.0,1.32,0.0,0.0,,0,0,27,4.4,1,58,0,4,20,10,0.8,1,4,-3,-1.99,-2.48,0,2,2,0,1,0,1,,,0,,,,,,,,,,,,,,,
,2526,Hoffenheim,Valentin Gendrey,FRA,DF,25,2000,8,0,59,0.7,1,1,2,1,0,0,0,0,1.53,1.53,3.05,1.53,3.05,0.7,1,2,1,50.0,3.05,1.53,0.5,1.0,0,0,7,1.9,0,,0,8,7,6,2.13,2,1,1,1.53,1.17,0,2,1,0,2,1,0,,,0,,,,,,,,,,,,,,,
,2526,Hoffenheim,Vladimír Coufal,CZE,"DF,MF",32,1992,34,34,3012,33.5,1,8,9,1,0,0,4,0,0.03,0.24,0.27,0.03,0.27,33.5,1,26,6,23.1,0.78,0.18,0.04,0.17,0,0,89,98.4,34,89,28,0,,0,1.79,64,50,14,0.42,2.29,0,32,42,1,209,39,35,,,0,,,,,,,,,,,,,,,
,2526,Hoffenheim,Wouter Burger,NED,MF,24,2001,30,30,2430,27.0,4,5,9,4,0,0,7,1,0.15,0.19,0.33,0.15,0.33,27.0,4,36,13,36.1,1.33,0.48,0.11,0.31,0,0,81,79.4,30,81,18,0,,0,1.9,52,35,17,0.63,1.2,0,57,12,1,89,19,42,,,0,,,,,,,,,,,,,,,
,2526,Hoffenheim,Yannick Eduardo,CZE,FW,19,2006,1,0,1,0.0,0,0,0,0,0,0,0,0,0.0,0.0,0.0,0.0,0.0,0.0,0,0,0,,0.0,0.0,,,0,0,1,0.0,0,,0,1,1,1,1.0,0,0,0,0.0,-0.38,0,0,0,0,0,0,0,,,0,,,,,,,,,,,,,,,
,2526,Köln,Alessio Castro-Montes,BEL,"MF,DF",28,1997,14,7,672,7.5,1,3,4,1,0,0,2,0,0.13,0.4,0.54,0.13,0.54,7.5,1,8,1,12.5,1.07,0.13,0.13,1.0,0,0,48,22.0,7,74,2,7,22,9,1.0,15,15,0,0.0,0.53,0,13,10,2,57,5,17,,,0,,,,,,,,,,,,,,,
,2526,Köln,Cenk Özkacar,TUR,DF,24,2000,25,20,1791,19.9,0,0,0,0,0,0,2,0,0.0,0.0,0.0,0.0,0.0,19.9,0,11,4,36.4,0.55,0.2,0.0,0.0,0,0,72,58.5,20,83,14,5,28,9,1.0,26,40,-14,-0.7,-0.7,0,11,5,1,3,24,26,,,0,,,,,,,,,,,,,,,
,2526,Köln,Cenny Neumann,GER,DF,18,2007,2,1,74,0.8,0,0,0,0,0,0,0,0,0.0,0.0,0.0,0.0,0.0,0.8,0,0,0,,0.0,0.0,,,0,0,37,2.4,1,69,0,1,5,3,0.5,3,3,0,0.0,0.42,0,1,0,0,0,1,1,,,0,,,,,,,,,,,,,,,
,2526,Köln,Denis Huseinbasic,BIH,MF,24,2001,15,9,726,8.1,0,0,0,0,0,0,1,0,0.0,0.0,0.0,0.0,0.0,8.1,0,6,0,0.0,0.74,0.0,0.0,,0,0,48,23.7,9,68,2,6,19,11,0.87,12,14,-2,-0.25,0.21,0,8,8,0,1,5,9,,,0,,,,,,,,,,,,,,,
,2526,Köln,Dominique Heintz,GER,DF,31,1993,9,5,382,4.2,0,0,0,0,0,0,0,0,0.0,0.0,0.0,0.0,0.0,4.2,0,0,0,,0.0,0.0,,,0,0,42,12.5,5,63,1,4,17,8,0.89,7,6,1,0.24,0.74,0,2,4,0,1,5,1,,,0,,,,,,,,,,,,,,,
,2526,Köln,Eric Martel,GER,"MF,DF",23,2002,31,30,2559,28.4,2,2,4,2,0,0,12,1,0.07,0.07,0.14,0.07,0.14,28.4,2,23,4,17.4,0.81,0.14,0.09,0.5,0,0,83,83.6,30,85,22,1,14,0,1.0,41,50,-9,-0.32,0.58,1,42,51,0,11,35,32,,,0,,,,,,,,,,,,,,,
,2526,Köln,Felipe Chávez,PER,MF,18,2007,7,0,102,1.1,0,0,0,0,0,0,0,0,0.0,0.0,0.0,0.0,0.0,1.1,0,5,1,20.0,4.41,0.88,0.0,0.0,0,0,15,3.3,0,,0,7,15,6,0.57,3,3,0,0.0,0.43,0,1,1,0,1,2,2,,,0,,,,,,,,,,,,,,,
,2526,Köln,Florian Kainz,AUT,MF,32,1992,15,2,279,3.1,1,1,2,1,0,0,1,0,0.32,0.32,0.65,0.32,0.65,3.1,1,8,4,50.0,2.58,1.29,0.13,0.25,0,0,19,9.1,2,56,0,13,13,9,0.8,10,7,3,0.97,1.52,0,5,4,0,21,3,2,,,0,,,,,,,,,,,,,,,
,2526,Köln,Fynn Schenten,GER,FW,17,2007,7,1,100,1.1,0,0,0,0,0,0,0,0,0.0,0.0,0.0,0.0,0.0,1.1,0,1,0,0.0,0.9,0.0,0.0,,0,0,14,3.3,1,61,0,6,7,3,0.29,2,6,-4,-3.6,-3.3,0,2,0,0,3,0,0,,,0,,,,,,,,,,,,,,,
,2526,Köln,Jahmai Simpson-Pusey,ENG,DF,19,2005,11,10,863,9.6,0,0,0,0,0,0,2,1,0.0,0.0,0.0,0.0,0.0,9.6,0,6,3,50.0,0.63,0.31,0.0,0.0,0,0,78,28.2,10,84,8,1,22,0,0.91,13,19,-6,-0.63,-0.3,0,4,4,0,2,12,8,,,0,,,,,,,,,,,,,,,
,2526,Köln,Jakub Kamiński,POL,"MF,FW",23,2002,34,34,3016,33.5,7,3,10,7,0,0,4,0,0.21,0.09,0.3,0.21,0.3,33.5,7,62,25,40.3,1.85,0.75,0.11,0.28,0,0,89,98.6,34,89,28,0,,0,0.94,49,60,-11,-0.33,5.81,0,14,28,7,115,25,27,,,0,,,,,,,,,,,,,,,
,2526,Köln,Jan Thielmann,GER,"MF,FW",23,2002,26,20,1540,17.1,3,1,4,3,0,0,4,0,0.18,0.06,0.23,0.18,0.23,17.1,3,27,10,37.0,1.58,0.58,0.11,0.3,0,0,59,50.3,20,72,4,6,18,1,1.04,22,31,-9,-0.53,-0.23,0,11,23,4,36,13,12,,,0,,,,,,,,,,,,,,,
,2526,Köln,Joël Schmied,SUI,DF,26,1998,16,13,1078,12.0,0,0,0,0,0,0,5,0,0.0,0.0,0.0,0.0,0.0,12.0,0,5,0,0.0,0.42,0.0,0.0,,0,0,67,35.2,13,77,7,3,25,3,1.0,18,27,-9,-0.75,-0.52,0,16,8,0,5,11,9,,,0,,,,,,,,,,,,,,,
,2526,Köln,Jusuf Gazibegović,BIH,DF,25,2000,1,0,23,0.3,0,0,0,0,0,0,0,0,0.0,0.0,0.0,0.0,0.0,0.3,0,0,0,,0.0,0.0,,,0,0,23,0.8,0,,0,1,23,5,3.0,1,1,0,0.0,0.41,0,0,0,0,1,0,0,,,0,,,,,,,,,,,,,,,
,2526,Köln,Kristoffer Lund,USA,"DF,MF",23,2002,33,26,2276,25.3,0,2,2,0,0,0,2,0,0.0,0.08,0.08,0.0,0.08,25.3,0,20,3,15.0,0.79,0.12,0.0,0.0,0,0,69,74.4,26,81,12,7,24,1,0.97,35,47,-12,-0.47,-0.24,0,13,40,3,83,28,26,,,0,,,,,,,,,,,,,,,
,2526,Köln,Linton Maina,GER,"MF,FW",26,1999,24,9,1023,11.4,2,0,2,2,0,0,0,0,0.18,0.0,0.18,0.18,0.18,11.4,2,20,8,40.0,1.76,0.7,0.1,0.25,0,0,43,33.4,9,70,0,15,26,4,0.92,15,24,-9,-0.79,-0.57,0,8,6,1,25,4,6,,,0,,,,,,,,,,,,,,,
,2526,Köln,Luca Waldschmidt,GER,"FW,MF",29,1996,24,7,677,7.5,5,4,9,3,2,2,1,0,0.66,0.53,1.2,0.4,0.93,7.5,5,26,13,50.0,3.46,1.73,0.19,0.38,2,2,28,22.1,7,60,0,17,15,8,0.75,17,10,7,0.93,1.72,0,9,6,2,22,4,3,,,0,,,,,,,,,,,,,,,
,2526,Köln,Marius Bülter,GER,"FW,MF",32,1993,32,18,1597,17.7,5,4,9,5,0,0,3,0,0.28,0.23,0.51,0.28,0.51,17.7,5,42,17,40.5,2.37,0.96,0.12,0.29,0,0,50,52.2,18,74,7,14,19,0,0.91,30,29,1,0.06,0.98,0,17,25,6,62,8,5,,,0,,,,,,,,,,,,,,,
,2526,Köln,Marvin Schwäbe,GER,GK,30,1995,34,34,3060,34.0,0,0,0,0,0,0,2,0,0.0,0.0,0.0,0.0,0.0,34.0,0,0,0,,0.0,0.0,,,0,0,90,100.0,34,90,34,0,,0,0.94,49,63,-14,-0.41,,0,1,4,0,0,3,1,,,0,63,1.85,155,92,59.4,7,11,16,3,8.8,7,5,2,0,28.6
,2526,Köln,Ragnar Ache,GER,FW,27,1998,29,18,1718,19.1,7,4,11,7,0,0,3,0,0.37,0.21,0.58,0.37,0.58,19.1,7,52,22,42.3,2.72,1.15,0.13,0.32,0,0,59,56.1,18,78,3,11,29,0,1.03,27,38,-11,-0.58,-0.38,0,18,29,10,1,4,8,,,0,,,,,,,,,,,,,,,
,2526,Köln,Rav van den Berg,NED,DF,21,2004,14,12,1131,12.6,0,1,1,0,0,0,0,1,0.0,0.08,0.08,0.0,0.08,12.6,0,1,0,0.0,0.08,0.0,0.0,,0,0,81,37.0,12,87,9,2,42,9,0.93,17,21,-4,-0.32,0.15,0,10,3,1,1,14,8,,,0,,,,,,,,,,,,,,,
,2526,Köln,Said El Mala,GER,"FW,MF",18,2006,34,20,1956,21.7,13,4,17,12,1,1,4,0,0.6,0.18,0.78,0.55,0.74,21.7,13,74,30,40.5,3.4,1.38,0.18,0.43,1,1,58,63.9,20,79,6,14,28,0,0.94,32,37,-5,-0.23,0.5,0,15,23,18,39,8,14,,,0,,,,,,,,,,,,,,,
,2526,Köln,Sebastian Sebulonsen,NOR,"DF,MF",25,2000,31,28,2498,27.8,0,0,0,0,0,0,5,0,0.0,0.0,0.0,0.0,0.0,27.8,0,31,5,16.1,1.12,0.18,0.0,0.0,0,0,81,81.6,28,85,20,3,36,0,1.0,35,52,-17,-0.61,-1.09,0,11,9,4,67,17,26,,,0,,,,,,,,,,,,,,,
,2526,Köln,Timo Hübers,GER,DF,29,1996,8,8,675,7.5,0,0,0,0,0,0,0,0,0.0,0.0,0.0,0.0,0.0,7.5,0,0,0,,0.0,0.0,,,0,0,84,22.1,8,84,7,0,,0,1.38,9,10,-1,-0.13,0.36,0,8,10,0,1,10,9,,,0,,,,,,,,,,,,,,,
,2526,Köln,Tom Krauß,GER,"MF,DF",24,2001,26,19,1780,19.8,0,2,2,0,0,0,4,0,0.0,0.1,0.1,0.0,0.1,19.8,0,9,2,22.2,0.46,0.1,0.0,0.0,0,0,68,58.2,19,83,8,7,29,6,1.08,24,32,-8,-0.4,0.02,0,23,22,0,14,26,43,,,0,,,,,,,,,,,,,,,
,2526,Köln,Youssoupha Niang,GER,MF,19,2006,10,2,194,2.2,0,0,0,0,0,0,0,0,0.0,0.0,0.0,0.0,0.0,2.2,0,5,1,20.0,2.32,0.46,0.0,0.0,0,0,19,6.3,2,60,0,8,9,3,0.6,1,7,-6,-2.78,-2.53,0,6,4,0,2,0,1,,,0,,,,,,,,,,,,,,,
,2526,Köln,Ísak Jóhannesson,ISL,MF,22,2003,31,21,1809,20.1,1,2,3,1,0,0,6,0,0.05,0.1,0.15,0.05,0.15,20.1,1,14,5,35.7,0.7,0.25,0.07,0.2,0,0,58,59.1,21,76,8,10,22,1,0.97,25,39,-14,-0.7,-0.7,0,14,5,2,65,8,15,,,0,,,,,,,,,,,,,,,
,2526,Leverkusen,Aleix García,ESP,MF,28,1997,33,31,2667,29.6,3,8,11,3,0,0,6,0,0.1,0.27,0.37,0.1,0.37,29.6,3,30,5,16.7,1.01,0.17,0.1,0.6,0,0,81,87.2,31,83,19,2,43,0,1.7,59,39,20,0.67,0.45,0,8,19,2,123,22,20,,,0,,,,,,,,,,,,,,,
,2526,Leverkusen,Alejo Sarco,ARG,FW,19,2006,3,0,74,0.8,0,0,0,0,0,0,0,0,0.0,0.0,0.0,0.0,0.0,0.8,0,2,0,0.0,2.43,0.0,0.0,,0,0,25,2.4,0,,0,3,25,8,2.0,0,0,0,0.0,-0.63,0,2,2,0,0,0,0,,,0,,,,,,,,,,,,,,,
,2526,Leverkusen,Arthur,BRA,MF,22,2003,20,13,1136,12.6,1,3,4,1,0,0,3,0,0.08,0.24,0.32,0.08,0.32,12.6,1,10,2,20.0,0.79,0.16,0.1,0.5,0,0,57,37.1,13,73,7,7,26,3,1.8,25,18,7,0.55,-0.1,0,19,10,3,33,18,12,,,0,,,,,,,,,,,,,,,
,2526,Leverkusen,Axel Tapé,FRA,"MF,DF",17,2007,6,2,222,2.5,0,0,0,0,0,0,1,0,0.0,0.0,0.0,0.0,0.0,2.5,0,3,1,33.3,1.22,0.41,0.0,0.0,0,0,37,7.3,2,63,0,4,24,10,2.0,8,4,4,1.62,1.08,0,7,7,0,0,1,1,,,0,,,,,,,,,,,,,,,
,2526,Leverkusen,Christian Kofane,CMR,FW,19,2006,29,12,1239,13.8,5,4,9,5,0,0,3,0,0.36,0.29,0.65,0.36,0.65,13.8,5,46,19,41.3,3.34,1.38,0.11,0.26,0,0,43,40.5,12,76,2,17,19,2,1.69,30,18,12,0.87,0.43,0,30,17,3,0,2,7,,,0,,,,,,,,,,,,,,,
,2526,Leverkusen,Claudio Echeverri,ARG,MF,19,2006,6,1,134,1.5,0,0,0,0,0,0,0,0,0.0,0.0,0.0,0.0,0.0,1.5,0,1,0,0.0,0.67,0.0,0.0,,0,0,22,4.4,1,55,0,5,16,7,0.33,2,6,-4,-2.69,-3.46,0,0,2,0,6,1,1,,,0,,,,,,,,,,,,,,,
,2526,Leverkusen,Edmond Tapsoba,BFA,DF,26,1999,29,29,2575,28.6,5,3,8,5,0,0,7,0,0.17,0.1,0.28,0.17,0.28,28.6,5,29,10,34.5,1.01,0.35,0.17,0.5,0,0,89,84.2,29,89,28,0,,0,1.79,60,38,22,0.77,0.95,0,31,2,2,13,21,15,,,0,,,,,,,,,,,,,,,
,2526,Leverkusen,Eliesse Ben Seghir,MAR,MF,20,2005,10,2,252,2.8,0,0,0,0,0,0,2,0,0.0,0.0,0.0,0.0,0.0,2.8,0,5,2,40.0,1.79,0.71,0.0,0.0,0,0,25,8.2,2,65,0,8,15,9,1.7,4,3,1,0.36,-0.28,0,3,10,0,9,1,2,,,0,,,,,,,,,,,,,,,
,2526,Leverkusen,Ernest Poku,NED,MF,21,2004,29,16,1482,16.5,5,5,10,5,0,0,0,0,0.3,0.3,0.61,0.3,0.61,16.5,5,27,9,33.3,1.64,0.55,0.19,0.56,0,0,51,48.4,16,73,2,13,25,4,1.69,33,19,14,0.85,0.45,0,4,17,3,13,8,9,,,0,,,,,,,,,,,,,,,
,2526,Leverkusen,Exequiel Palacios,ARG,MF,26,1998,18,12,1099,12.2,0,1,1,0,0,0,3,0,0.0,0.08,0.08,0.0,0.08,12.2,0,10,2,20.0,0.82,0.16,0.0,0.0,0,0,61,35.9,12,81,8,6,21,1,1.89,27,17,10,0.82,0.31,0,6,18,0,2,10,9,,,0,,,,,,,,,,,,,,,
,2526,Leverkusen,Ezequiél Fernández,ARG,MF,23,2002,20,12,984,10.9,0,1,1,0,0,0,4,1,0.0,0.09,0.09,0.0,0.09,10.9,0,11,1,9.1,1.01,0.09,0.0,0.0,0,0,49,32.2,12,67,2,8,22,5,2.05,21,20,1,0.09,-0.78,1,14,24,1,4,14,17,,,0,,,,,,,,,,,,,,,
,2526,Leverkusen,Ibrahim Maza,ALG,MF,19,2005,28,20,1849,20.5,3,4,7,3,0,0,2,0,0.15,0.19,0.34,0.15,0.34,20.5,3,54,17,31.5,2.63,0.83,0.06,0.18,0,0,66,60.4,20,79,9,8,33,2,1.64,42,27,15,0.73,0.28,0,19,36,3,64,16,24,,,0,,,,,,,,,,,,,,,
,2526,Leverkusen,Janis Blaswich,GER,GK,34,1991,11,10,931,10.3,0,0,0,0,0,0,1,0,0.0,0.0,0.0,0.0,0.0,10.3,0,0,0,,0.0,0.0,,,0,0,85,30.4,10,90,10,1,31,21,1.73,17,9,8,0.77,0.22,0,0,0,0,0,0,0,,,0,9,0.87,50,41,82.0,5,4,1,3,30.0,0,0,0,0,
,2526,Leverkusen,Jarell Quansah,ENG,DF,22,2003,28,25,2299,25.5,4,0,4,4,0,0,9,0,0.16,0.0,0.16,0.16,0.16,25.5,4,18,8,44.4,0.7,0.31,0.22,0.5,0,0,82,75.1,25,88,21,3,31,2,1.57,44,34,10,0.39,-0.91,0,18,21,1,22,26,22,,,0,,,,,,,,,,,,,,,
,2526,Leverkusen,Jeanuël Belocian,FRA,DF,20,2005,8,3,292,3.2,0,0,0,0,0,0,0,0,0.0,0.0,0.0,0.0,0.0,3.2,0,1,0,0.0,0.31,0.0,0.0,,0,0,37,9.5,3,73,1,5,14,8,2.25,3,8,-5,-1.54,-2.39,0,5,5,0,4,2,2,,,0,,,,,,,,,,,,,,,
,2526,Leverkusen,Jonas Hofmann,GER,MF,33,1992,23,11,1013,11.3,2,2,4,2,0,0,3,0,0.18,0.18,0.36,0.18,0.36,11.3,2,23,7,30.4,2.04,0.62,0.09,0.29,0,0,44,33.1,11,72,3,12,19,8,1.65,21,10,11,0.98,0.54,0,4,9,2,37,2,10,,,0,,,,,,,,,,,,,,,
,2526,Leverkusen,Loïc Bade,FRA,DF,25,2000,23,19,1653,18.4,0,0,0,0,0,0,4,0,0.0,0.0,0.0,0.0,0.0,18.4,0,12,4,33.3,0.65,0.22,0.0,0.0,0,0,72,54.0,19,83,15,4,21,4,1.83,37,24,13,0.71,0.2,0,11,4,0,4,21,19,,,1,,,,,,,,,,,,,,,
,2526,Leverkusen,Lucas Vázquez,ESP,MF,34,1991,12,6,481,5.3,1,2,3,1,0,0,2,0,0.19,0.37,0.56,0.19,0.56,5.3,1,4,1,25.0,0.75,0.19,0.25,1.0,0,0,40,15.7,6,63,1,6,18,4,1.92,11,2,9,1.68,1.27,0,6,8,1,20,2,4,,,0,,,,,,,,,,,,,,,
,2526,Leverkusen,Malik Tillman,USA,MF,23,2002,29,18,1674,18.6,6,1,7,6,0,0,2,0,0.32,0.05,0.38,0.32,0.38,18.6,6,34,13,38.2,1.83,0.7,0.18,0.46,0,0,58,54.7,18,79,7,11,22,0,1.79,31,25,6,0.32,-0.65,0,19,29,1,18,19,30,,,0,,,,,,,,,,,,,,,
,2526,Leverkusen,Mark Flekken,NED,GK,32,1993,24,24,2129,23.7,0,0,0,0,0,0,2,0,0.0,0.0,0.0,0.0,0.0,23.7,0,0,0,,0.0,0.0,,,0,0,89,69.6,24,89,23,0,,0,1.67,51,38,13,0.55,-0.22,0,0,3,0,0,0,0,,,0,38,1.61,117,79,67.5,12,4,8,5,20.8,7,7,0,0,0.0
,2526,Leverkusen,Martin Terrier,FRA,"MF,FW",28,1997,18,7,675,7.5,4,1,5,4,0,0,1,0,0.53,0.13,0.67,0.53,0.67,7.5,4,17,6,35.3,2.27,0.8,0.24,0.67,0,0,38,22.1,7,63,0,11,22,3,1.61,15,12,3,0.4,-0.28,0,1,13,1,5,1,4,,,0,,,,,,,,,,,,,,,
,2526,Leverkusen,Montrell Culbreath,GER,"MF,DF",17,2007,12,9,736,8.2,1,0,1,1,0,0,0,0,0.12,0.0,0.12,0.12,0.12,8.2,1,8,2,25.0,0.98,0.24,0.13,0.5,0,0,61,24.1,9,76,2,3,19,4,1.83,19,13,6,0.73,0.15,0,5,11,0,24,8,16,,,0,,,,,,,,,,,,,,,
,2526,Leverkusen,Nathan Tella,NGA,MF,26,1999,17,10,868,9.6,1,4,5,1,0,0,2,0,0.1,0.41,0.52,0.1,0.52,9.6,1,24,8,33.3,2.49,0.83,0.04,0.13,0,0,51,28.4,10,75,0,7,17,0,1.59,23,17,6,0.62,0.01,0,15,19,5,31,4,6,,,0,,,,,,,,,,,,,,,
,2526,Leverkusen,Patrik Schick,CZE,FW,29,1996,28,23,1988,22.1,16,3,19,12,4,5,2,0,0.72,0.14,0.86,0.54,0.68,22.1,16,72,34,47.2,3.26,1.54,0.22,0.47,4,5,71,65.0,23,80,11,5,29,0,1.64,44,29,15,0.68,0.18,0,22,20,6,0,3,4,,,0,,,,,,,,,,,,,,,
,2526,Leverkusen,Piero Hincapié,ECU,DF,23,2002,1,1,90,1.0,0,0,0,0,0,0,0,0,0.0,0.0,0.0,0.0,0.0,1.0,0,2,1,50.0,2.0,1.0,0.0,0.0,0,0,90,2.9,1,90,1,0,,1,0.0,1,2,-1,-1.0,-1.67,0,2,0,0,0,2,0,,,0,,,,,,,,,,,,,,,
,2526,Leverkusen,Robert Andrich,GER,"DF,MF",30,1994,32,29,2546,28.3,2,0,2,2,0,0,6,1,0.07,0.0,0.07,0.07,0.07,28.3,2,12,3,25.0,0.42,0.11,0.17,0.67,0,0,80,83.2,29,86,24,3,16,1,1.81,58,43,15,0.53,-0.52,1,30,22,0,13,33,30,,,0,,,,,,,,,,,,,,,
,2526,Leverkusen,Tim Oermann,GER,DF,21,2003,2,0,18,0.2,0,0,0,0,0,0,0,0,0.0,0.0,0.0,0.0,0.0,0.2,0,0,0,,0.0,0.0,,,0,0,9,0.6,0,,0,2,9,10,1.0,0,2,-2,-10.0,-10.68,0,0,1,0,0,0,1,,,0,,,,,,,,,,,,,,,
,2526,Leverkusen,Álex Grimaldo,ESP,MF,29,1995,29,29,2521,28.0,8,7,15,5,3,3,5,0,0.29,0.25,0.54,0.18,0.43,28.0,8,61,21,34.4,2.18,0.75,0.13,0.38,3,3,87,82.4,29,87,25,0,,1,1.79,60,40,20,0.71,0.55,0,11,29,8,174,18,25,,,0,,,,,,,,,,,,,,,
,2526,Mainz 05,Andreas Hanche-Olsen,NOR,DF,28,1997,13,8,851,9.5,0,1,1,0,0,0,3,0,0.0,0.11,0.11,0.0,0.11,9.5,0,6,3,50.0,0.63,0.32,0.0,0.0,0,0,65,27.8,8,83,5,5,38,2,0.54,9,13,-4,-0.42,-0.22,0,13,6,2,0,13,5,,,1,,,,,,,,,,,,,,,
,2526,Mainz 05,Anthony Caci,FRA,MF,28,1997,10,6,519,5.8,0,0,0,0,0,0,3,0,0.0,0.0,0.0,0.0,0.0,5.8,0,6,0,0.0,1.04,0.0,0.0,,0,0,52,17.0,6,76,1,4,16,0,1.1,6,7,-1,-0.17,0.11,0,9,3,1,42,3,10,,,0,,,,,,,,,,,,,,,
,2526,Mainz 05,Armindo Sieb,GER,FW,22,2003,22,3,548,6.1,2,0,2,2,0,0,1,0,0.33,0.0,0.33,0.33,0.33,6.1,2,18,6,33.3,2.96,0.99,0.11,0.33,0,0,25,17.9,3,72,0,19,17,7,0.82,10,15,-5,-0.82,-0.68,0,16,2,3,13,0,4,,,0,,,,,,,,,,,,,,,
,2526,Mainz 05,Arnaud Nordin,FRA,"MF,FW",27,1998,13,5,469,5.2,0,0,0,0,0,0,0,0,0.0,0.0,0.0,0.0,0.0,5.2,0,13,2,15.4,2.49,0.38,0.0,0.0,0,0,36,15.3,5,71,1,8,15,5,0.69,5,11,-6,-1.15,-1.05,0,4,13,1,15,3,6,,,0,,,,,,,,,,,,,,,
,2526,Mainz 05,Ben Bobzien,GER,"FW,MF",22,2003,1,0,9,0.1,0,0,0,0,0,0,0,0,0.0,0.0,0.0,0.0,0.0,0.1,0,0,0,,0.0,0.0,,,0,0,9,0.3,0,,0,1,9,12,1.0,1,0,1,10.0,10.29,0,0,0,0,1,0,2,,,0,,,,,,,,,,,,,,,
,2526,Mainz 05,Benedict Hollerbach,GER,"FW,MF",24,2001,14,13,872,9.7,1,3,4,1,0,0,0,0,0.1,0.31,0.41,0.1,0.41,9.7,1,22,6,27.3,2.27,0.62,0.05,0.17,0,0,62,28.5,13,66,0,1,14,0,0.79,12,15,-3,-0.31,-0.06,0,18,12,5,20,1,8,,,0,,,,,,,,,,,,,,,
,2526,Mainz 05,Daniel Batz,GER,GK,34,1991,21,21,1890,21.0,0,0,0,0,0,0,2,0,0.0,0.0,0.0,0.0,0.0,21.0,0,0,0,,0.0,0.0,,,0,0,90,61.8,21,90,21,0,,4,1.62,32,27,5,0.24,1.32,0,0,1,0,0,0,0,,,0,27,1.29,97,70,72.2,9,7,5,4,19.0,1,1,0,0,0.0
,2526,Mainz 05,Danny da Costa,GER,"DF,MF",32,1993,34,30,2695,29.9,2,3,5,2,0,0,3,0,0.07,0.1,0.17,0.07,0.17,29.9,2,14,5,35.7,0.47,0.17,0.14,0.4,0,0,79,88.1,30,86,25,4,29,0,1.18,34,49,-15,-0.5,-1.98,0,22,24,1,48,29,27,,,1,,,,,,,,,,,,,,,
,2526,Mainz 05,Dominik Kohr,GER,DF,31,1994,29,28,2338,26.0,2,0,2,2,0,0,11,2,0.08,0.0,0.08,0.08,0.08,26.0,2,15,4,26.7,0.58,0.15,0.13,0.5,0,0,81,76.4,28,83,19,1,15,0,1.24,35,40,-5,-0.19,0.31,1,40,43,1,17,44,35,,,0,,,,,,,,,,,,,,,
,2526,Mainz 05,Fabio Moreno Fell,GER,FW,25,2000,2,1,77,0.9,0,0,0,0,0,0,0,0,0.0,0.0,0.0,0.0,0.0,0.9,0,1,0,0.0,1.17,0.0,0.0,,0,0,39,2.5,1,76,0,1,1,6,0.0,0,1,-1,-1.17,-0.93,0,0,0,1,0,0,0,,,0,,,,,,,,,,,,,,,
,2526,Mainz 05,Kacper Potulski,POL,DF,17,2007,15,9,1065,11.8,1,0,1,1,0,0,3,0,0.08,0.0,0.08,0.08,0.08,11.8,1,14,5,35.7,1.18,0.42,0.07,0.2,0,0,71,34.8,9,88,8,6,45,9,1.67,14,17,-3,-0.25,0.02,0,17,5,0,2,19,15,,,0,,,,,,,,,,,,,,,
,2526,Mainz 05,Kaishū Sano,JPN,MF,24,2000,34,34,3059,34.0,1,2,3,1,0,0,1,0,0.03,0.06,0.09,0.03,0.09,34.0,1,24,6,25.0,0.71,0.18,0.04,0.17,0,0,90,100.0,34,90,33,0,,0,1.18,44,53,-9,-0.26,-0.26,0,14,29,4,18,67,31,,,0,,,,,,,,,,,,,,,
,2526,Mainz 05,Lasse Rieß,GER,GK,24,2001,4,3,292,3.2,0,0,0,0,0,0,0,0,0.0,0.0,0.0,0.0,0.0,3.2,0,0,0,,0.0,0.0,,,0,0,73,9.5,3,90,3,1,22,26,0.0,3,12,-9,-2.77,-2.77,0,0,1,0,0,0,0,,,0,12,3.7,27,15,55.6,0,0,3,0,0.0,1,1,0,0,0.0
,2526,Mainz 05,Lee Jae-sung,KOR,"MF,FW",32,1992,28,26,2185,24.3,4,2,6,4,0,0,4,0,0.16,0.08,0.25,0.16,0.25,24.3,4,30,9,30.0,1.24,0.37,0.13,0.44,0,0,78,71.4,26,82,8,2,22,0,1.18,26,39,-13,-0.54,-0.95,0,19,22,9,31,25,21,,,0,,,,,,,,,,,,,,,
,2526,Mainz 05,Lennard Maloney,USA,"DF,MF",25,1999,21,4,485,5.4,0,0,0,0,0,0,1,0,0.0,0.0,0.0,0.0,0.0,5.4,0,5,1,20.0,0.93,0.19,0.0,0.0,0,0,23,15.8,4,78,2,17,10,11,1.52,3,12,-9,-1.67,-1.67,0,13,3,1,2,8,8,,,0,,,,,,,,,,,,,,,
,2526,Mainz 05,Maxim Leitsch,GER,DF,27,1998,3,2,162,1.8,0,0,0,0,0,0,0,0,0.0,0.0,0.0,0.0,0.0,1.8,0,1,0,0.0,0.56,0.0,0.0,,0,0,54,5.3,2,76,1,1,10,10,1.0,0,4,-4,-2.22,-2.07,0,2,1,0,2,5,1,,,0,,,,,,,,,,,,,,,
,2526,Mainz 05,Nadiem Amiri,GER,MF,28,1996,26,24,2083,23.1,12,2,14,4,8,8,6,0,0.52,0.09,0.6,0.17,0.26,23.1,12,54,22,40.7,2.33,0.95,0.22,0.55,8,8,80,68.1,24,85,13,2,28,0,1.08,32,33,-1,-0.04,0.69,0,20,26,3,136,19,18,,,0,,,,,,,,,,,,,,,
,2526,Mainz 05,Nelson Weiper,GER,FW,20,2005,24,3,558,6.2,0,0,0,0,0,0,1,0,0.0,0.0,0.0,0.0,0.0,6.2,0,13,6,46.2,2.1,0.97,0.0,0.0,0,0,23,18.2,3,83,2,21,15,4,1.04,4,12,-8,-1.29,-1.25,0,6,3,6,6,3,2,,,0,,,,,,,,,,,,,,,
,2526,Mainz 05,Nikolas Veratschnig,AUT,"MF,DF",22,2003,21,6,660,7.3,0,1,1,0,0,0,3,0,0.0,0.14,0.14,0.0,0.14,7.3,0,4,1,25.0,0.55,0.14,0.0,0.0,0,0,31,21.6,6,67,2,15,17,8,1.1,9,13,-4,-0.55,-0.36,0,12,10,1,21,10,13,,,0,,,,,,,,,,,,,,,
,2526,Mainz 05,Paul Nebel,GER,MF,22,2002,30,24,2073,23.0,5,2,7,5,0,0,2,2,0.22,0.09,0.3,0.22,0.3,23.0,5,32,8,25.0,1.39,0.35,0.16,0.63,0,0,69,67.7,24,82,13,6,17,0,1.27,27,37,-10,-0.43,-0.53,0,29,20,3,129,12,30,,,0,,,,,,,,,,,,,,,
,2526,Mainz 05,Phillip Tietz,GER,FW,28,1997,19,19,1610,17.9,5,2,7,5,0,1,2,0,0.28,0.11,0.39,0.28,0.39,17.9,5,46,21,45.7,2.57,1.17,0.11,0.24,0,1,85,52.6,19,85,9,0,,0,1.68,30,22,8,0.45,1.5,0,32,21,16,4,7,4,,,0,,,,,,,,,,,,,,,
,2526,Mainz 05,Phillipp Mwene,AUT,MF,31,1994,29,24,2069,23.0,1,2,3,1,0,0,4,0,0.04,0.09,0.13,0.04,0.13,23.0,1,10,2,20.0,0.43,0.09,0.1,0.5,0,0,71,67.6,24,82,14,5,20,0,1.17,31,36,-5,-0.22,0.15,0,22,32,3,75,14,20,,,0,,,,,,,,,,,,,,,
,2526,Mainz 05,Robin Zentner,GER,GK,30,1994,10,10,876,9.7,0,0,0,0,0,0,2,1,0.0,0.0,0.0,0.0,0.0,9.7,0,0,0,,0.0,0.0,,,0,0,88,28.6,10,88,9,0,,3,0.6,9,14,-5,-0.51,-0.35,0,2,1,0,0,0,0,,,0,14,1.44,45,31,68.9,1,3,6,0,0.0,0,0,0,0,
,2526,Mainz 05,Sheraldo Becker,SUR,FW,30,1995,14,11,946,10.5,3,3,6,3,0,0,2,0,0.29,0.29,0.57,0.29,0.57,10.5,3,29,15,51.7,2.76,1.43,0.1,0.2,0,0,68,30.9,11,77,1,3,35,0,1.57,16,8,8,0.76,1.48,0,13,8,10,31,3,0,,,0,,,,,,,,,,,,,,,
,2526,Mainz 05,Silas Katompa,COD,FW,26,1998,8,4,334,3.7,1,0,1,1,0,0,1,0,0.27,0.0,0.27,0.27,0.27,3.7,1,8,7,87.5,2.16,1.89,0.13,0.14,0,0,42,10.9,4,57,0,4,27,0,1.5,6,8,-2,-0.54,-0.31,0,4,5,2,11,0,0,,,0,,,,,,,,,,,,,,,
,2526,Mainz 05,Silvan Widmer,SUI,MF,32,1993,27,22,1810,20.1,2,1,3,2,0,0,5,0,0.1,0.05,0.15,0.1,0.15,20.1,2,20,4,20.0,0.99,0.2,0.1,0.5,0,0,67,59.2,22,78,6,5,19,5,1.37,29,26,3,0.15,1.01,0,15,11,4,37,18,27,,,0,,,,,,,,,,,,,,,
,2526,Mainz 05,Sota Kawasaki,JPN,"MF,DF",24,2001,10,3,309,3.4,0,0,0,0,0,0,1,0,0.0,0.0,0.0,0.0,0.0,3.4,0,1,0,0.0,0.29,0.0,0.0,,0,0,31,10.1,3,71,1,7,14,14,1.1,4,6,-2,-0.58,-0.35,0,6,2,0,3,3,5,,,0,,,,,,,,,,,,,,,
,2526,Mainz 05,Stefan Bell,GER,DF,33,1991,18,13,1039,11.5,2,1,3,2,0,0,4,0,0.17,0.09,0.26,0.17,0.26,11.5,2,12,5,41.7,1.04,0.43,0.17,0.4,0,0,58,34.0,13,71,6,5,24,5,1.06,18,21,-3,-0.26,0.01,0,15,8,1,1,19,6,,,0,,,,,,,,,,,,,,,
,2526,Mainz 05,Stefan Posch,AUT,DF,28,1997,16,16,1395,15.5,0,0,0,0,0,0,4,0,0.0,0.0,0.0,0.0,0.0,15.5,0,11,3,27.3,0.71,0.19,0.0,0.0,0,0,87,45.6,16,87,15,0,,0,1.75,26,22,4,0.26,0.96,0,8,12,1,11,21,22,,,0,,,,,,,,,,,,,,,
,2526,Mainz 05,William Bøving,DEN,MF,22,2003,9,2,223,2.5,0,1,1,0,0,0,1,0,0.0,0.4,0.4,0.0,0.4,2.5,0,1,0,0.0,0.4,0.0,0.0,,0,0,25,7.3,2,77,1,7,10,18,0.67,4,6,-2,-0.81,-0.59,0,2,2,0,8,0,2,,,0,,,,,,,,,,,,,,,
,2526,RB Leipzig,Andrija Maksimović,SRB,FW,18,2007,8,0,93,1.0,0,0,0,0,0,0,0,0,0.0,0.0,0.0,0.0,0.0,1.0,0,2,0,0.0,1.94,0.0,0.0,,0,0,12,3.0,0,,0,8,12,14,1.63,0,2,-2,-1.94,-2.57,0,1,2,0,2,0,0,,,0,,,,,,,,,,,,,,,
,2526,RB Leipzig,Antonio Nusa,NOR,"FW,MF",20,2005,31,24,2027,22.5,4,3,7,4,0,0,0,0,0.18,0.13,0.31,0.18,0.31,22.5,4,61,20,32.8,2.71,0.89,0.07,0.2,0,0,65,66.2,24,77,4,7,26,0,2.0,42,29,13,0.58,0.05,0,9,64,1,68,7,14,,,0,,,,,,,,,,,,,,,
,2526,RB Leipzig,Assan Ouédraogo,GER,MF,19,2006,19,13,948,10.5,4,3,7,4,0,0,0,0,0.38,0.28,0.66,0.38,0.66,10.5,4,27,13,48.1,2.56,1.23,0.15,0.31,0,0,50,31.0,13,68,1,6,11,0,2.26,29,14,15,1.42,1.25,0,4,22,1,4,3,6,,,0,,,,,,,,,,,,,,,
,2526,RB Leipzig,Benjamin Henrichs,GER,DF,28,1997,17,3,305,3.4,1,0,1,1,0,0,0,0,0.3,0.0,0.3,0.3,0.3,3.4,1,4,2,50.0,1.18,0.59,0.25,0.5,0,0,18,10.0,3,62,0,14,8,1,1.94,7,8,-1,-0.3,-0.95,0,3,1,0,0,4,6,,,0,,,,,,,,,,,,,,,
,2526,RB Leipzig,Brajan Gruda,GER,"MF,FW",21,2004,13,8,753,8.4,3,3,6,3,0,0,1,0,0.36,0.36,0.72,0.36,0.72,8.4,3,22,10,45.5,2.63,1.2,0.14,0.3,0,0,58,24.6,8,77,2,5,28,0,2.0,20,12,8,0.96,0.53,0,10,12,1,25,0,8,,,0,,,,,,,,,,,,,,,
,2526,RB Leipzig,Castello Lukeba,FRA,DF,22,2002,26,24,2176,24.2,1,0,1,1,0,0,3,0,0.04,0.0,0.04,0.04,0.04,24.2,1,8,2,25.0,0.33,0.08,0.13,0.5,0,0,84,71.1,24,88,22,2,27,2,1.88,50,33,17,0.7,0.5,0,11,12,1,3,31,14,,,0,,,,,,,,,,,,,,,
,2526,RB Leipzig,Christoph Baumgartner,AUT,MF,25,1999,33,32,2780,30.9,13,8,21,13,0,1,10,0,0.42,0.26,0.68,0.42,0.68,30.9,13,81,35,43.2,2.62,1.13,0.16,0.37,0,1,84,90.8,32,86,18,1,22,0,1.97,63,37,26,0.84,3.09,0,63,33,4,6,22,40,,,0,,,,,,,,,,,,,,,
,2526,RB Leipzig,Conrad Harder,DEN,FW,20,2005,29,8,932,10.4,3,3,6,3,0,0,3,0,0.29,0.29,0.58,0.29,0.58,10.4,3,42,13,31.0,4.06,1.26,0.07,0.23,0,0,32,30.5,8,77,3,21,15,2,1.83,18,22,-4,-0.39,-1.36,0,21,18,4,13,7,6,,,0,,,,,,,,,,,,,,,
,2526,RB Leipzig,David Raum,GER,DF,27,1998,30,29,2553,28.4,3,7,10,2,1,1,6,0,0.11,0.25,0.35,0.07,0.32,28.4,3,24,8,33.3,0.85,0.28,0.13,0.38,1,1,85,83.4,29,88,25,1,12,1,2.03,57,34,23,0.81,1.52,0,29,17,6,250,33,35,,,0,,,,,,,,,,,,,,,
,2526,RB Leipzig,El Chadaille Bitshiabu,FRA,DF,20,2005,11,8,655,7.3,0,0,0,0,0,0,0,0,0.0,0.0,0.0,0.0,0.0,7.3,0,2,0,0.0,0.27,0.0,0.0,,0,0,60,21.4,8,79,5,3,9,19,1.73,13,11,2,0.27,-0.36,0,4,0,0,0,6,6,,,0,,,,,,,,,,,,,,,
,2526,RB Leipzig,Ezechiel Banzuzi,NED,MF,20,2005,24,2,597,6.6,0,1,1,0,0,0,3,0,0.0,0.15,0.15,0.0,0.15,6.6,0,15,4,26.7,2.26,0.6,0.0,0.0,0,0,25,19.5,2,65,0,22,21,4,2.04,6,10,-4,-0.6,-1.44,0,14,7,0,5,6,10,,,0,,,,,,,,,,,,,,,
,2526,RB Leipzig,Johan Bakayoko,BEL,"FW,MF",22,2003,20,8,777,8.6,2,0,2,2,0,0,1,0,0.23,0.0,0.23,0.23,0.23,8.6,2,24,9,37.5,2.78,1.04,0.08,0.22,0,0,39,25.4,8,72,0,12,17,9,1.8,15,9,6,0.69,0.18,0,12,11,3,15,2,3,,,0,,,,,,,,,,,,,,,
,2526,RB Leipzig,Kevin Kampl,SVN,MF,34,1990,3,0,3,0.0,0,0,0,0,0,0,0,0,0.0,0.0,0.0,0.0,0.0,0.0,0,0,0,,0.0,0.0,,,0,0,1,0.1,0,,0,3,1,0,3.0,0,0,0,0.0,-0.56,0,0,0,0,0,0,0,,,0,,,,,,,,,,,,,,,
,2526,RB Leipzig,Kosta Nedeljković,SRB,DF,19,2005,5,3,251,2.8,0,0,0,0,0,0,0,0,0.0,0.0,0.0,0.0,0.0,2.8,0,0,0,,0.0,0.0,,,0,0,50,8.2,3,80,1,2,6,10,1.8,8,4,4,1.43,0.95,0,1,1,0,6,1,1,,,0,,,,,,,,,,,,,,,
,2526,RB Leipzig,Loïs Openda,BEL,FW,25,2000,2,1,51,0.6,0,0,0,0,0,0,0,0,0.0,0.0,0.0,0.0,0.0,0.6,0,3,0,0.0,5.29,0.0,0.0,,0,0,26,1.7,1,45,0,1,6,0,1.5,0,3,-3,-5.29,-5.95,0,0,3,0,1,0,0,,,0,,,,,,,,,,,,,,,
,2526,RB Leipzig,Lukas Klostermann,GER,DF,29,1996,5,1,95,1.1,0,1,1,0,0,0,0,0,0.0,0.95,0.95,0.0,0.95,1.1,0,2,1,50.0,1.89,0.95,0.0,0.0,0,0,19,3.1,1,89,0,4,2,16,2.0,3,1,2,1.89,1.38,0,0,0,0,0,1,0,,,0,,,,,,,,,,,,,,,
,2526,RB Leipzig,Maarten Vandevoordt,BEL,GK,23,2002,12,11,1052,11.7,0,0,0,0,0,0,0,0,0.0,0.0,0.0,0.0,0.0,11.7,0,0,0,,0.0,0.0,,,0,0,88,34.4,11,90,11,1,62,22,2.17,25,15,10,0.86,0.45,0,0,1,0,0,0,0,,,0,15,1.28,45,30,66.7,8,1,2,2,18.2,1,0,1,0,100.0
,2526,RB Leipzig,Max Finkgräfe,GER,DF,21,2004,13,5,504,5.6,1,1,2,1,0,0,2,0,0.18,0.18,0.36,0.18,0.36,5.6,1,4,2,50.0,0.71,0.36,0.25,0.5,0,0,39,16.5,5,86,3,8,9,13,2.23,9,13,-4,-0.71,-1.52,0,3,4,0,37,8,12,,,0,,,,,,,,,,,,,,,
,2526,RB Leipzig,Nicolas Seiwald,AUT,MF,24,2001,33,31,2694,29.9,0,2,2,0,0,0,2,0,0.0,0.07,0.07,0.0,0.07,29.9,0,20,7,35.0,0.67,0.23,0.0,0.0,0,0,82,88.0,31,85,19,2,23,0,1.88,57,37,20,0.67,0.91,0,18,6,0,6,60,47,,,0,,,,,,,,,,,,,,,
,2526,RB Leipzig,Péter Gulácsi,HUN,GK,35,1990,23,23,2008,22.3,0,0,0,0,0,0,1,0,0.0,0.0,0.0,0.0,0.0,22.3,0,0,0,,0.0,0.0,,,0,0,87,65.6,23,87,22,0,,6,1.74,41,32,9,0.4,-0.45,0,0,0,0,0,0,0,,,0,32,1.43,85,52,62.4,12,4,7,9,39.1,2,2,0,0,0.0
,2526,RB Leipzig,Ridle Baku,GER,DF,27,1998,32,28,2504,27.8,2,3,5,2,0,0,4,0,0.07,0.11,0.18,0.07,0.18,27.8,2,30,6,20.0,1.08,0.22,0.07,0.33,0,0,78,81.8,28,86,14,4,26,0,1.94,50,36,14,0.5,-0.31,0,23,22,4,59,31,40,,,0,,,,,,,,,,,,,,,
,2526,RB Leipzig,Rômulo,BRA,FW,23,2002,30,27,2188,24.3,9,4,13,9,0,1,3,0,0.37,0.16,0.53,0.37,0.53,24.3,9,63,27,42.9,2.59,1.11,0.14,0.33,0,1,73,71.5,27,78,4,3,30,0,1.93,47,27,20,0.82,0.93,0,20,20,8,0,11,19,,,1,,,,,,,,,,,,,,,
,2526,RB Leipzig,Samba Konaté,FRA,FW,16,2009,1,0,4,0.0,0,0,0,0,0,0,0,0,0.0,0.0,0.0,0.0,0.0,0.0,0,1,0,0.0,22.5,0.0,0.0,,0,0,4,0.1,0,,0,1,4,2,3.0,0,0,0,0.0,-0.56,0,0,0,0,0,0,0,,,0,,,,,,,,,,,,,,,
,2526,RB Leipzig,Tidiam Gomis,FRA,FW,18,2006,18,2,348,3.9,1,0,1,1,0,0,1,0,0.26,0.0,0.26,0.26,0.26,3.9,1,9,3,33.3,2.33,0.78,0.11,0.33,0,0,19,11.4,2,69,0,16,13,10,1.78,5,9,-4,-1.03,-1.8,0,4,3,3,6,0,2,,,0,,,,,,,,,,,,,,,
,2526,RB Leipzig,Timo Werner,GER,"FW,MF",29,1996,3,0,14,0.2,0,0,0,0,0,0,0,0,0.0,0.0,0.0,0.0,0.0,0.2,0,0,0,,0.0,0.0,,,0,0,5,0.5,0,,0,3,5,1,1.0,0,2,-2,-12.86,-13.48,0,0,0,1,2,0,0,,,0,,,,,,,,,,,,,,,
,2526,RB Leipzig,Willi Orban,HUN,DF,32,1992,33,33,2949,32.8,2,0,2,2,0,0,4,0,0.06,0.0,0.06,0.06,0.06,32.8,2,20,9,45.0,0.61,0.27,0.1,0.22,0,0,89,96.4,33,89,32,0,,0,1.88,63,46,17,0.52,-1.1,0,20,23,2,8,45,33,,,0,,,,,,,,,,,,,,,
,2526,RB Leipzig,Xaver Schlager,AUT,MF,27,1997,26,21,1837,20.4,3,1,4,3,0,0,6,0,0.15,0.05,0.2,0.15,0.2,20.4,3,21,7,33.3,1.03,0.34,0.14,0.43,0,0,71,60.0,21,83,16,5,21,1,1.88,40,29,11,0.54,-0.05,0,25,16,2,11,7,25,,,0,,,,,,,,,,,,,,,
,2526,RB Leipzig,Xavi Simons,NED,MF,22,2003,1,1,90,1.0,0,0,0,0,0,0,0,0,0.0,0.0,0.0,0.0,0.0,1.0,0,0,0,,0.0,0.0,,,0,0,90,2.9,1,90,1,0,,0,0.0,0,6,-6,-6.0,-6.76,0,1,3,0,2,1,0,,,0,,,,,,,,,,,,,,,
,2526,RB Leipzig,Yan Diomandé,CIV,"FW,MF",18,2006,33,28,2472,27.5,12,8,20,12,0,0,2,0,0.44,0.29,0.73,0.44,0.73,27.5,12,53,26,49.1,1.93,0.95,0.23,0.46,0,0,75,80.8,28,84,11,5,27,0,1.97,55,35,20,0.73,0.88,0,19,34,7,45,16,19,,,0,,,,,,,,,,,,,,,
,2526,St Pauli,Abdoulie Ceesay,GAM,FW,21,2004,20,0,336,3.7,3,0,3,3,0,0,4,0,0.8,0.0,0.8,0.8,0.8,3.7,3,11,4,36.4,2.95,1.07,0.27,0.75,0,0,17,11.0,0,,0,20,17,11,0.35,7,9,-2,-0.54,0.42,0,14,6,2,2,0,2,,,0,,,,,,,,,,,,,,,
,2526,St Pauli,Adam Dźwigała,POL,DF,29,1995,19,14,1288,14.3,1,1,2,1,0,0,5,0,0.07,0.07,0.14,0.07,0.14,14.3,1,4,2,50.0,0.28,0.14,0.25,0.5,0,0,68,42.1,14,79,5,5,37,9,0.95,13,24,-11,-0.77,0.25,0,20,6,0,2,25,27,,,0,,,,,,,,,,,,,,,
,2526,St Pauli,Andreas Hountondji,BEN,FW,23,2002,21,15,1067,11.9,4,0,4,4,0,1,2,0,0.34,0.0,0.34,0.34,0.34,11.9,4,21,13,61.9,1.77,1.1,0.19,0.31,0,1,51,34.9,15,60,0,6,28,0,0.48,8,23,-15,-1.27,-0.54,0,9,6,7,20,0,0,,,0,,,,,,,,,,,,,,,
,2526,St Pauli,Arkadiusz Pyrka,POL,MF,22,2002,31,30,2576,28.6,0,1,1,0,0,0,3,0,0.0,0.03,0.03,0.0,0.03,28.6,0,19,3,15.8,0.66,0.1,0.0,0.0,0,0,83,84.2,30,86,23,1,9,2,0.84,24,50,-26,-0.91,0.02,0,17,32,0,47,23,24,,,0,,,,,,,,,,,,,,,
,2526,St Pauli,Connor Metcalfe,AUS,"MF,FW",25,1999,25,3,592,6.6,0,2,2,0,0,0,2,0,0.0,0.3,0.3,0.0,0.3,6.6,0,16,4,25.0,2.43,0.61,0.0,0.0,0,0,24,19.3,3,86,0,22,15,1,0.68,7,13,-6,-0.91,0.0,0,9,2,0,24,6,9,,,0,,,,,,,,,,,,,,,
,2526,St Pauli,Danel Sinani,LUX,"MF,FW",28,1997,30,23,2069,23.0,5,3,8,2,3,3,4,0,0.22,0.13,0.35,0.09,0.22,23.0,5,49,18,36.7,2.13,0.78,0.1,0.28,3,3,69,67.6,23,83,15,7,22,2,0.77,18,43,-25,-1.09,-0.54,0,39,27,10,135,5,16,,,0,,,,,,,,,,,,,,,
,2526,St Pauli,Dapo Afolayan,ENG,MF,27,1997,7,1,150,1.7,0,0,0,0,0,0,1,0,0.0,0.0,0.0,0.0,0.0,1.7,0,4,2,50.0,2.4,1.2,0.0,0.0,0,0,21,4.9,1,45,0,6,18,5,0.57,1,3,-2,-1.2,-0.3,0,2,6,0,10,0,2,,,0,,,,,,,,,,,,,,,
,2526,St Pauli,Eric Smith,SWE,"DF,MF",28,1997,27,26,2311,25.7,2,2,4,2,0,0,4,1,0.08,0.08,0.16,0.08,0.16,25.7,2,12,5,41.7,0.47,0.19,0.17,0.4,0,0,86,75.5,26,87,23,1,45,0,0.74,22,43,-21,-0.82,0.38,0,15,29,1,64,24,23,,,0,,,,,,,,,,,,,,,
,2526,St Pauli,Finley Stevens,WAL,DF,22,2003,1,0,27,0.3,0,0,0,0,0,0,0,0,0.0,0.0,0.0,0.0,0.0,0.3,0,0,0,,0.0,0.0,,,0,0,27,0.9,0,,0,1,27,10,0.0,1,0,1,3.33,4.28,0,0,0,0,1,0,0,,,0,,,,,,,,,,,,,,,
,2526,St Pauli,Hauke Wahl,GER,DF,31,1994,30,29,2592,28.8,2,1,3,2,0,0,1,0,0.07,0.03,0.1,0.07,0.1,28.8,2,10,4,40.0,0.35,0.14,0.2,0.5,0,0,86,84.7,29,88,28,1,27,0,0.77,25,47,-22,-0.76,0.97,0,11,13,4,12,31,32,,,0,,,,,,,,,,,,,,,
,2526,St Pauli,Jackson Irvine,AUS,MF,32,1993,24,18,1624,18.0,0,1,1,0,0,0,2,1,0.0,0.06,0.06,0.0,0.06,18.0,0,19,4,21.1,1.05,0.22,0.0,0.0,0,0,68,53.1,18,85,11,6,16,2,0.79,16,24,-8,-0.44,1.0,1,20,12,2,13,28,17,,,0,,,,,,,,,,,,,,,
,2526,St Pauli,James Sands,USA,MF,25,2000,24,23,1934,21.5,1,0,1,1,0,0,4,0,0.05,0.0,0.05,0.05,0.05,21.5,1,16,4,25.0,0.74,0.19,0.06,0.25,0,0,81,63.2,23,84,15,1,11,0,1.0,17,34,-17,-0.79,0.33,0,26,38,0,9,41,23,,,0,,,,,,,,,,,,,,,
,2526,St Pauli,Joel Fujita,JPN,MF,23,2002,32,31,2665,29.6,1,3,4,1,0,0,6,0,0.03,0.1,0.14,0.03,0.14,29.6,1,32,7,21.9,1.08,0.24,0.03,0.14,0,0,83,87.1,31,85,23,1,22,0,0.69,25,53,-28,-0.95,-0.26,0,37,19,3,28,34,36,,,0,,,,,,,,,,,,,,,
,2526,St Pauli,Karol Mets,EST,DF,32,1993,23,22,1932,21.5,1,0,1,1,0,0,3,0,0.05,0.0,0.05,0.05,0.05,21.5,1,7,1,14.3,0.33,0.05,0.14,1.0,0,0,84,63.1,22,87,18,1,16,3,0.78,17,40,-23,-1.07,-0.43,0,13,11,1,6,22,22,,,0,,,,,,,,,,,,,,,
,2526,St Pauli,Lars Ritzka,GER,"MF,DF",27,1998,21,12,966,10.7,0,0,0,0,0,0,1,0,0.0,0.0,0.0,0.0,0.0,10.7,0,4,1,25.0,0.37,0.09,0.0,0.0,0,0,46,31.6,12,66,0,9,20,13,0.71,6,21,-15,-1.4,-0.71,0,10,3,2,18,13,26,,,0,,,,,,,,,,,,,,,
,2526,St Pauli,Louis Oppie,GER,MF,23,2002,23,17,1620,18.0,1,0,1,1,0,0,0,0,0.06,0.0,0.06,0.06,0.06,18.0,1,15,4,26.7,0.83,0.22,0.07,0.25,0,0,70,52.9,17,87,15,6,22,11,0.57,14,34,-20,-1.11,-0.42,0,15,15,4,58,11,19,,,0,,,,,,,,,,,,,,,
,2526,St Pauli,Manolis Saliakas,GRE,MF,28,1996,17,12,1106,12.3,1,3,4,1,0,0,3,0,0.08,0.24,0.33,0.08,0.33,12.3,1,16,3,18.8,1.3,0.24,0.06,0.33,0,0,65,36.1,12,81,4,5,27,8,1.12,12,21,-9,-0.73,0.28,0,4,7,4,44,13,20,,,0,,,,,,,,,,,,,,,
,2526,St Pauli,Martijn Kaars,NED,FW,26,1999,29,14,1348,15.0,3,1,4,2,1,1,2,0,0.2,0.07,0.27,0.13,0.2,15.0,3,23,10,43.5,1.54,0.67,0.13,0.3,1,1,46,44.1,14,71,3,15,24,3,0.69,11,27,-16,-1.07,-0.28,0,8,6,4,15,0,5,,,0,,,,,,,,,,,,,,,
,2526,St Pauli,Mathias Pereira Lage,POR,"MF,FW",28,1996,28,25,2018,22.4,2,2,4,2,0,0,3,0,0.09,0.09,0.18,0.09,0.18,22.4,2,43,15,34.9,1.92,0.67,0.05,0.13,0,0,72,65.9,25,77,6,3,27,0,0.82,21,37,-16,-0.71,0.58,0,32,32,15,58,16,23,,,0,,,,,,,,,,,,,,,
,2526,St Pauli,Mathias Rasmussen,NOR,MF,27,1997,13,8,694,7.7,0,0,0,0,0,0,0,0,0.0,0.0,0.0,0.0,0.0,7.7,0,6,2,33.3,0.78,0.26,0.0,0.0,0,0,53,22.7,8,83,5,5,6,1,0.69,8,17,-9,-1.17,-0.33,0,6,7,1,6,8,6,,,0,,,,,,,,,,,,,,,
,2526,St Pauli,Nikola Vasilj,BIH,GK,29,1995,34,34,3060,34.0,0,0,0,0,0,0,0,0,0.0,0.0,0.0,0.0,0.0,34.0,0,0,0,,0.0,0.0,,,0,0,90,100.0,34,90,34,0,,0,0.76,29,60,-31,-0.91,,0,0,1,0,0,1,1,,,1,60,1.76,183,123,67.2,6,8,20,5,14.7,6,3,2,1,40.0
,2526,St Pauli,Ricky-Jade Jones,ENG,FW,24,2001,9,3,351,3.9,2,0,2,2,0,0,1,0,0.51,0.0,0.51,0.51,0.51,3.9,2,11,6,54.5,2.82,1.54,0.18,0.33,0,0,39,11.5,3,65,0,6,26,2,0.78,4,6,-2,-0.51,0.45,0,8,7,6,8,2,2,,,0,,,,,,,,,,,,,,,
,2526,St Pauli,Taichi Hara,JPN,FW,26,1999,4,0,27,0.3,0,0,0,0,0,0,0,0,0.0,0.0,0.0,0.0,0.0,0.3,0,1,0,0.0,3.33,0.0,0.0,,0,0,7,0.9,0,,0,4,7,10,0.75,0,1,-1,-3.33,-2.44,0,0,0,0,0,0,0,,,0,,,,,,,,,,,,,,,
,2526,St Pauli,Tomoya Ando,JPN,DF,26,1999,15,14,1260,14.0,0,1,1,0,0,0,3,0,0.0,0.07,0.07,0.0,0.07,14.0,0,8,2,25.0,0.57,0.14,0.0,0.0,0,0,84,41.2,14,88,12,1,27,2,0.6,12,29,-17,-1.21,-0.51,0,12,12,0,6,14,23,,,0,,,,,,,,,,,,,,,
,2526,Stuttgart,Alexander Nübel,GER,GK,28,1996,34,34,3060,34.0,0,1,1,0,0,0,0,0,0.0,0.03,0.03,0.0,0.03,34.0,0,0,0,,0.0,0.0,,,0,0,90,100.0,34,90,34,0,,0,1.82,71,49,22,0.65,,0,1,7,0,0,1,0,,,0,49,1.44,157,107,68.8,18,8,8,11,32.4,10,9,1,0,10.0
,2526,Stuttgart,Ameen Al-Dakhil,BEL,DF,23,2002,8,3,380,4.2,0,0,0,0,0,0,1,0,0.0,0.0,0.0,0.0,0.0,4.2,0,1,0,0.0,0.24,0.0,0.0,,0,0,48,12.4,3,90,3,5,22,13,2.0,6,8,-2,-0.47,-1.28,0,1,0,0,0,5,3,,,0,,,,,,,,,,,,,,,
,2526,Stuttgart,Angelo Stiller,GER,MF,24,2001,34,30,2743,30.5,2,5,7,2,0,1,1,0,0.07,0.16,0.23,0.07,0.23,30.5,2,17,8,47.1,0.56,0.26,0.12,0.25,0,1,81,89.6,30,88,23,4,26,0,1.82,65,43,22,0.72,0.72,0,18,44,0,105,28,23,,,0,,,,,,,,,,,,,,,
,2526,Stuttgart,Atakan Karazor,TUR,MF,28,1996,28,22,1884,20.9,0,1,1,0,0,0,5,1,0.0,0.05,0.05,0.0,0.05,20.9,0,7,2,28.6,0.33,0.1,0.0,0.0,0,0,67,61.6,22,84,12,6,7,3,1.82,37,29,8,0.38,-0.69,0,20,34,1,7,15,27,,,0,,,,,,,,,,,,,,,
,2526,Stuttgart,Badredine Bouanani,ALG,MF,20,2004,14,5,463,5.1,0,0,0,0,0,0,1,0,0.0,0.0,0.0,0.0,0.0,5.1,0,16,4,25.0,3.11,0.78,0.0,0.0,0,0,33,15.1,5,72,1,9,11,15,1.79,13,5,8,1.56,1.07,0,1,6,1,26,4,3,,,0,,,,,,,,,,,,,,,
,2526,Stuttgart,Bilal El Khannouss,MAR,"MF,FW",21,2004,25,19,1630,18.1,4,5,9,4,0,0,6,0,0.22,0.28,0.5,0.22,0.5,18.1,4,42,15,35.7,2.32,0.83,0.1,0.27,0,0,65,53.3,19,80,7,6,18,2,1.84,33,30,3,0.17,-1.03,0,19,9,1,65,10,21,,,0,,,,,,,,,,,,,,,
,2526,Stuttgart,Chema,ESP,MF,20,2005,25,14,1310,14.6,3,0,3,3,0,0,5,0,0.21,0.0,0.21,0.21,0.21,14.6,3,15,6,40.0,1.03,0.41,0.2,0.5,0,0,52,42.8,14,85,8,11,10,9,1.88,32,24,8,0.55,-0.17,0,20,8,1,0,31,16,,,0,,,,,,,,,,,,,,,
,2526,Stuttgart,Chris Führich,GER,MF,27,1998,33,20,1698,18.9,7,7,14,7,0,0,2,0,0.37,0.37,0.74,0.37,0.74,18.9,7,45,23,51.1,2.39,1.22,0.16,0.3,0,0,51,55.5,20,70,1,13,23,1,1.79,41,28,13,0.69,0.09,0,6,7,5,86,3,9,,,0,,,,,,,,,,,,,,,
,2526,Stuttgart,Dan-Axel Zagadou,FRA,DF,26,1999,3,3,209,2.3,0,0,0,0,0,0,0,0,0.0,0.0,0.0,0.0,0.0,2.3,0,6,1,16.7,2.58,0.43,0.0,0.0,0,0,70,6.8,3,70,1,0,,8,2.33,4,4,0,0.0,-0.69,0,5,1,0,0,5,4,,,0,,,,,,,,,,,,,,,
,2526,Stuttgart,Deniz Undav,GER,"FW,MF",29,1996,29,25,2241,24.9,19,7,26,19,0,1,5,0,0.76,0.28,1.04,0.76,1.04,24.9,19,124,46,37.1,4.98,1.85,0.15,0.41,0,1,77,73.2,25,84,13,4,36,0,1.83,55,36,19,0.76,0.43,0,32,23,25,16,4,14,,,0,,,,,,,,,,,,,,,
,2526,Stuttgart,Ermedin Demirović,BIH,FW,27,1998,25,17,1497,16.6,12,3,15,11,1,1,5,0,0.72,0.18,0.9,0.66,0.84,16.6,12,41,22,53.7,2.46,1.32,0.29,0.55,1,1,60,48.9,17,80,8,8,16,0,1.92,37,17,20,1.2,1.09,0,37,26,8,1,2,10,,,0,,,,,,,,,,,,,,,
,2526,Stuttgart,Finn Jeltsch,GER,DF,19,2006,23,17,1511,16.8,0,1,1,0,0,0,3,0,0.0,0.06,0.06,0.0,0.06,16.8,0,3,0,0.0,0.18,0.0,0.0,,0,0,66,49.4,17,85,14,6,12,6,1.91,37,23,14,0.83,0.37,0,13,16,3,3,19,14,,,0,,,,,,,,,,,,,,,
,2526,Stuttgart,Jamie Leweling,GER,MF,24,2001,32,26,2367,26.3,7,9,16,7,0,0,4,0,0.27,0.34,0.61,0.27,0.61,26.3,7,49,18,36.7,1.86,0.68,0.14,0.39,0,0,74,77.4,26,84,10,6,29,0,1.75,50,40,10,0.38,-1.18,0,17,43,15,123,13,12,,,0,,,,,,,,,,,,,,,
,2526,Stuttgart,Jeremy Arévalo,ECU,FW,20,2005,7,0,38,0.4,0,0,0,0,0,0,0,0,0.0,0.0,0.0,0.0,0.0,0.4,0,3,1,33.3,7.11,2.37,0.0,0.0,0,0,5,1.2,0,,0,7,5,2,2.0,2,1,1,2.37,1.74,0,0,3,0,0,0,0,,,0,,,,,,,,,,,,,,,
,2526,Stuttgart,Josha Vagnoman,GER,"DF,MF",24,2000,27,18,1587,17.6,1,3,4,1,0,0,3,0,0.06,0.17,0.23,0.06,0.23,17.6,1,19,11,57.9,1.08,0.62,0.05,0.09,0,0,59,51.9,18,84,11,9,9,4,1.78,32,29,3,0.17,-0.99,0,17,16,1,33,3,19,,,0,,,,,,,,,,,,,,,
,2526,Stuttgart,Julian Chabot,GER,DF,27,1998,27,26,2294,25.5,0,0,0,0,0,0,3,0,0.0,0.0,0.0,0.0,0.0,25.5,0,18,7,38.9,0.71,0.27,0.0,0.0,0,0,85,75.0,26,88,23,1,16,5,1.81,55,37,18,0.71,0.24,0,35,40,0,1,40,20,,,1,,,,,,,,,,,,,,,
,2526,Stuttgart,Lazar Jovanović,SRB,FW,18,2006,3,0,40,0.4,0,0,0,0,0,0,0,0,0.0,0.0,0.0,0.0,0.0,0.4,0,1,0,0.0,2.25,0.0,0.0,,0,0,13,1.3,0,,0,3,13,4,1.0,2,1,1,2.25,1.62,0,1,1,0,0,0,0,,,0,,,,,,,,,,,,,,,
,2526,Stuttgart,Leonidas Stergiou,SUI,DF,23,2002,1,0,1,0.0,0,0,0,0,0,0,0,0,0.0,0.0,0.0,0.0,0.0,0.0,0,0,0,,0.0,0.0,,,0,0,1,0.0,0,,0,1,1,3,3.0,0,0,0,0.0,-0.65,0,0,0,0,0,0,0,,,0,,,,,,,,,,,,,,,
,2526,Stuttgart,Lorenz Assignon,TOG,"DF,MF",25,2000,24,12,1094,12.2,0,0,0,0,0,0,3,1,0.0,0.0,0.0,0.0,0.0,12.2,0,12,4,33.3,0.99,0.33,0.0,0.0,0,0,46,35.8,12,80,4,12,11,6,2.0,28,13,15,1.23,0.91,0,19,7,1,40,15,15,,,0,,,,,,,,,,,,,,,
,2526,Stuttgart,Luca Jaquez,SUI,DF,22,2003,14,10,898,10.0,0,1,1,0,0,0,1,0,0.0,0.1,0.1,0.0,0.1,10.0,0,4,0,0.0,0.4,0.0,0.0,,0,0,64,29.3,10,82,6,4,19,4,1.79,16,13,3,0.3,-0.49,0,4,2,0,1,11,7,,,0,,,,,,,,,,,,,,,
,2526,Stuttgart,Maximilian Mittelstädt,GER,"DF,MF",28,1997,32,24,2186,24.3,6,4,10,2,4,4,4,0,0.25,0.16,0.41,0.08,0.25,24.3,6,31,16,51.6,1.28,0.66,0.19,0.38,4,4,68,71.4,24,84,12,8,22,1,1.75,49,29,20,0.82,0.62,0,11,26,2,122,35,42,,,0,,,,,,,,,,,,,,,
,2526,Stuttgart,Nick Woltemade,GER,MF,23,2002,1,1,90,1.0,0,0,0,0,0,0,0,0,0.0,0.0,0.0,0.0,0.0,1.0,0,0,0,,0.0,0.0,,,0,0,90,2.9,1,90,1,0,,0,0.0,1,2,-1,-1.0,-1.7,0,1,3,1,0,0,0,,,0,,,,,,,,,,,,,,,
,2526,Stuttgart,Nikolas Nartey,DEN,MF,25,2000,28,14,1256,14.0,4,3,7,4,0,0,2,0,0.29,0.21,0.5,0.29,0.5,14.0,4,22,12,54.5,1.58,0.86,0.18,0.33,0,0,45,41.0,14,74,2,14,16,4,2.07,34,13,21,1.5,1.45,0,18,23,1,14,10,12,,,0,,,,,,,,,,,,,,,
,2526,Stuttgart,Pascal Stenzel,GER,MF,29,1996,2,2,106,1.2,0,0,0,0,0,0,2,0,0.0,0.0,0.0,0.0,0.0,1.2,0,3,1,33.3,2.55,0.85,0.0,0.0,0,0,53,3.5,2,53,0,0,,16,1.5,1,2,-1,-0.85,-1.55,0,2,2,0,5,2,0,,,0,,,,,,,,,,,,,,,
,2526,Stuttgart,Ramon Hendriks,NED,DF,24,2001,31,22,2025,22.5,0,3,3,0,0,0,3,0,0.0,0.13,0.13,0.0,0.13,22.5,0,5,0,0.0,0.22,0.0,0.0,,0,0,65,66.2,22,86,17,9,14,2,1.77,50,38,12,0.53,-0.34,0,17,25,0,20,22,15,,,0,,,,,,,,,,,,,,,
,2526,Stuttgart,Tiago Tomás,POR,"MF,FW",23,2002,27,10,1020,11.3,5,3,8,5,0,0,4,0,0.44,0.26,0.71,0.44,0.71,11.3,5,35,10,28.6,3.09,0.88,0.14,0.5,0,0,38,33.3,10,70,0,17,19,0,1.81,27,23,4,0.35,-0.44,0,12,29,3,12,5,8,,,0,,,,,,,,,,,,,,,
,2526,Union Berlin,Alex Král,CZE,MF,27,1998,20,2,459,5.1,0,0,0,0,0,0,1,0,0.0,0.0,0.0,0.0,0.0,5.1,0,7,3,42.9,1.37,0.59,0.0,0.0,0,0,23,15.0,2,73,0,18,17,10,1.05,8,13,-5,-0.98,-0.67,0,4,11,0,13,2,5,,,0,,,,,,,,,,,,,,,
,2526,Union Berlin,Aljoscha Kemlein,GER,MF,20,2004,30,23,1959,21.8,0,2,2,0,0,0,4,0,0.0,0.09,0.09,0.0,0.09,21.8,0,17,2,11.8,0.78,0.09,0.0,0.0,0,0,65,64.0,23,79,8,7,20,4,1.13,28,31,-3,-0.14,0.76,0,22,11,0,9,18,25,,,0,,,,,,,,,,,,,,,
,2526,Union Berlin,Andrej Ilic,SRB,FW,25,2000,32,24,2257,25.1,5,10,15,5,0,1,5,0,0.2,0.4,0.6,0.2,0.6,25.1,5,71,26,36.6,2.83,1.04,0.07,0.19,0,1,71,73.8,24,84,17,8,29,0,1.19,37,46,-9,-0.36,0.2,0,38,32,16,18,2,3,,,0,,,,,,,,,,,,,,,
,2526,Union Berlin,András Schäfer,HUN,MF,26,1999,28,16,1421,15.8,2,1,3,2,0,0,2,1,0.13,0.06,0.19,0.13,0.19,15.8,2,27,10,37.0,1.71,0.63,0.07,0.2,0,0,51,46.4,16,74,6,12,20,1,1.07,21,22,-1,-0.06,0.65,0,32,22,0,18,20,22,,,0,,,,,,,,,,,,,,,
,2526,Union Berlin,Carl Klaus,GER,GK,31,1994,4,3,330,3.7,0,0,0,0,0,0,0,0,0.0,0.0,0.0,0.0,0.0,3.7,0,0,0,,0.0,0.0,,,0,0,83,10.8,3,90,3,1,60,6,1.75,10,4,6,1.64,2.3,0,0,0,0,0,0,0,,,0,4,1.09,13,9,69.2,2,1,0,1,33.3,0,0,0,0,
,2526,Union Berlin,Christopher Trimmel,AUT,"MF,DF",38,1987,29,22,1861,20.7,0,3,3,0,0,0,8,0,0.0,0.15,0.15,0.0,0.15,20.7,0,5,1,20.0,0.24,0.05,0.0,0.0,0,0,64,60.8,22,75,6,7,30,4,1.24,29,31,-2,-0.1,0.8,0,27,9,0,177,10,24,,,0,,,,,,,,,,,,,,,
,2526,Union Berlin,Danilho Doekhi,NED,DF,27,1998,34,34,3060,34.0,5,0,5,5,0,0,4,0,0.15,0.0,0.15,0.15,0.15,34.0,5,45,11,24.4,1.32,0.32,0.11,0.45,0,0,90,100.0,34,90,34,0,,0,1.15,44,58,-14,-0.41,,0,28,15,1,6,42,31,,,0,,,,,,,,,,,,,,,
,2526,Union Berlin,Derrick Köhn,GHA,"MF,DF",26,1999,29,21,1899,21.1,1,2,3,0,1,1,5,1,0.05,0.09,0.14,0.0,0.09,21.1,1,28,5,17.9,1.33,0.24,0.04,0.2,1,1,65,62.1,21,82,10,8,21,2,1.17,25,32,-7,-0.33,0.21,0,33,16,6,114,8,22,,,0,,,,,,,,,,,,,,,
,2526,Union Berlin,Diogo Leite,POR,DF,26,1999,23,23,1963,21.8,0,0,0,0,0,0,4,0,0.0,0.0,0.0,0.0,0.0,21.8,0,10,1,10.0,0.46,0.05,0.0,0.0,0,0,85,64.2,23,85,16,0,,2,1.26,30,32,-2,-0.09,0.89,0,26,26,1,7,44,15,,,1,,,,,,,,,,,,,,,
,2526,Union Berlin,Dmytro Bohdanov,UKR,MF,18,2007,2,0,6,0.1,0,0,0,0,0,0,0,0,0.0,0.0,0.0,0.0,0.0,0.1,0,3,1,33.3,45.0,15.0,0.0,0.0,0,0,3,0.2,0,,0,2,3,6,1.5,1,0,1,15.0,15.44,0,0,0,0,0,0,0,,,0,,,,,,,,,,,,,,,
,2526,Union Berlin,Frederik Rønnow,DEN,GK,32,1992,30,30,2640,29.3,0,0,0,0,0,0,2,0,0.0,0.0,0.0,0.0,0.0,29.3,0,0,0,,0.0,0.0,,,0,0,88,86.3,30,88,29,0,,0,0.97,33,54,-21,-0.72,-2.22,0,1,3,0,0,1,1,,,0,54,1.84,131,75,58.8,7,8,15,5,16.7,6,6,0,0,0.0
,2526,Union Berlin,Ilyas Ansah,GER,"MF,FW",20,2004,33,23,1892,21.0,5,1,6,5,0,0,1,0,0.24,0.05,0.29,0.24,0.29,21.0,5,33,12,36.4,1.57,0.57,0.15,0.42,0,0,57,61.8,23,73,3,10,22,1,1.18,28,31,-3,-0.14,0.7,0,21,43,9,19,4,9,,,0,,,,,,,,,,,,,,,
,2526,Union Berlin,Janik Haberer,GER,MF,31,1994,28,20,1646,18.3,0,1,1,0,0,0,8,0,0.0,0.05,0.05,0.0,0.05,18.3,0,11,1,9.1,0.6,0.05,0.0,0.0,0,0,59,53.8,20,74,7,8,22,4,1.0,17,39,-22,-1.2,-1.71,0,24,21,1,67,10,19,,,0,,,,,,,,,,,,,,,
,2526,Union Berlin,Jeong Woo-yeong,KOR,"MF,FW",25,1999,28,13,1197,13.3,4,1,5,4,0,0,0,0,0.3,0.08,0.38,0.3,0.38,13.3,4,22,8,36.4,1.65,0.6,0.18,0.5,0,0,43,39.1,13,69,2,15,20,2,1.21,16,22,-6,-0.45,-0.06,0,13,20,4,31,8,7,,,0,,,,,,,,,,,,,,,
,2526,Union Berlin,Josip Juranović,CRO,MF,29,1995,11,3,330,3.7,1,1,2,1,0,0,1,0,0.27,0.27,0.55,0.27,0.55,3.7,1,4,1,25.0,1.09,0.27,0.25,1.0,0,0,30,10.8,3,63,0,8,18,8,1.64,7,7,0,0.0,0.46,0,0,3,0,40,0,4,,,0,,,,,,,,,,,,,,,
,2526,Union Berlin,Leopold Querfeld,AUT,DF,21,2003,31,30,2705,30.1,3,0,3,1,2,3,7,0,0.1,0.0,0.1,0.03,0.03,30.1,3,29,10,34.5,0.96,0.33,0.1,0.3,2,3,87,88.4,30,90,30,1,5,2,1.03,35,55,-20,-0.67,-2.19,0,46,28,0,3,35,27,,,0,,,,,,,,,,,,,,,
,2526,Union Berlin,Linus Güther,GER,MF,15,2010,1,0,7,0.1,0,0,0,0,0,0,1,0,0.0,0.0,0.0,0.0,0.0,0.1,0,0,0,,0.0,0.0,,,0,0,7,0.2,0,,0,1,7,0,0.0,0,0,0,0.0,0.41,0,1,0,0,0,0,0,,,0,,,,,,,,,,,,,,,
,2526,Union Berlin,Livan Burcu,TUR,"MF,FW",20,2004,18,6,651,7.2,1,1,2,1,0,0,4,0,0.14,0.14,0.28,0.14,0.28,7.2,1,16,3,18.8,2.21,0.41,0.06,0.33,0,0,36,21.3,6,68,0,12,20,7,0.94,11,12,-1,-0.14,0.35,0,6,14,1,15,2,7,,,0,,,,,,,,,,,,,,,
,2526,Union Berlin,Marin Ljubicic,CRO,FW,23,2002,2,0,22,0.2,2,0,2,2,0,0,0,0,8.18,0.0,8.18,8.18,8.18,0.2,2,2,2,100.0,8.18,8.18,1.0,1.0,0,0,11,0.7,0,,0,2,11,9,1.0,2,0,2,8.18,8.66,0,2,0,0,0,0,0,,,0,,,,,,,,,,,,,,,
,2526,Union Berlin,Matheo Raab,GER,GK,26,1998,1,1,90,1.0,0,0,0,0,0,0,0,0,0.0,0.0,0.0,0.0,0.0,1.0,0,0,0,,0.0,0.0,,,0,0,90,2.9,1,90,1,0,,24,3.0,1,0,1,1.0,1.45,0,0,0,0,0,0,0,,,0,0,0.0,6,6,100.0,1,0,0,1,100.0,0,0,0,0,
,2526,Union Berlin,Oliver Burke,SCO,"FW,MF",28,1997,29,21,1664,18.5,6,2,8,6,0,0,4,0,0.32,0.11,0.43,0.32,0.43,18.5,6,34,15,44.1,1.84,0.81,0.18,0.4,0,0,57,54.4,21,74,4,8,14,4,1.0,23,32,-9,-0.49,-0.16,0,10,8,8,39,4,7,,,0,,,,,,,,,,,,,,,
,2526,Union Berlin,Rani Khedira,TUN,MF,31,1994,32,32,2830,31.4,5,1,6,5,0,0,7,0,0.16,0.03,0.19,0.16,0.19,31.4,5,23,10,43.5,0.73,0.32,0.22,0.5,0,0,88,92.5,32,88,27,0,,0,1.13,36,53,-17,-0.54,-1.71,0,52,18,2,26,37,35,,,0,,,,,,,,,,,,,,,
,2526,Union Berlin,Robert Skov,DEN,"DF,MF",29,1996,3,3,220,2.4,0,0,0,0,0,0,0,0,0.0,0.0,0.0,0.0,0.0,2.4,0,1,0,0.0,0.41,0.0,0.0,,0,0,73,7.2,3,73,0,0,,1,1.0,4,6,-2,-0.82,-0.44,0,5,3,0,12,2,5,,,0,,,,,,,,,,,,,,,
,2526,Union Berlin,Stanley N'Soki,FRA,"DF,MF",26,1999,13,10,816,9.1,1,2,3,1,0,0,2,0,0.11,0.22,0.33,0.11,0.33,9.1,1,3,1,33.3,0.33,0.11,0.33,1.0,0,0,63,26.7,10,76,3,3,18,13,0.92,8,18,-10,-1.1,-0.94,0,8,8,0,12,18,9,,,0,,,,,,,,,,,,,,,
,2526,Union Berlin,Tim Skarke,GER,"MF,FW",28,1996,22,4,623,6.9,1,1,2,1,0,0,0,0,0.14,0.14,0.29,0.14,0.29,6.9,1,14,5,35.7,2.02,0.72,0.07,0.2,0,0,28,20.4,4,59,0,18,22,8,1.41,12,12,0,0.0,0.52,0,8,9,4,13,1,4,,,0,,,,,,,,,,,,,,,
,2526,Union Berlin,Tom Rothe,GER,"MF,DF",20,2004,21,10,1029,11.4,2,0,2,2,0,0,1,1,0.17,0.0,0.17,0.17,0.17,11.4,2,19,5,26.3,1.66,0.44,0.11,0.4,0,0,49,33.6,10,81,5,11,20,1,1.1,17,22,-5,-0.44,-0.04,0,10,6,2,35,21,15,,,0,,,,,,,,,,,,,,,
,2526,Werder Bremen,Abdoul Coulibaly,GER,DF,18,2007,27,24,2120,23.6,1,0,1,1,0,0,5,1,0.04,0.0,0.04,0.04,0.04,23.6,1,6,1,16.7,0.25,0.04,0.17,1.0,0,0,79,69.3,24,85,19,3,29,2,0.93,24,43,-19,-0.81,-0.42,1,18,9,1,13,24,14,,,1,,,,,,,,,,,,,,,
,2526,Werder Bremen,Amos Pieper,GER,DF,27,1998,19,19,1502,16.7,0,0,0,0,0,0,4,0,0.0,0.0,0.0,0.0,0.0,16.7,0,8,2,25.0,0.48,0.12,0.0,0.0,0,0,79,49.1,19,79,15,0,,3,0.79,18,29,-11,-0.66,0.03,0,10,14,2,8,26,24,,,0,,,,,,,,,,,,,,,
,2526,Werder Bremen,Cameron Puertas,SUI,MF,26,1998,28,22,1846,20.5,1,2,3,1,0,0,6,0,0.05,0.1,0.15,0.05,0.15,20.5,1,37,8,21.6,1.8,0.39,0.03,0.13,0,0,66,60.3,22,80,10,6,15,3,1.04,24,30,-6,-0.29,0.97,0,37,22,2,77,19,37,,,0,,,,,,,,,,,,,,,
,2526,Werder Bremen,Felix Agu,NGA,"DF,MF",25,1999,11,9,744,8.3,0,0,0,0,0,0,1,0,0.0,0.0,0.0,0.0,0.0,8.3,0,2,1,50.0,0.24,0.12,0.0,0.0,0,0,68,24.3,9,76,4,2,30,3,0.91,11,19,-8,-0.97,-0.38,0,8,14,3,14,11,14,,,0,,,,,,,,,,,,,,,
,2526,Werder Bremen,Isaac Schmidt,SUI,"MF,DF",25,1999,19,6,682,7.6,1,0,1,1,0,0,2,0,0.13,0.0,0.13,0.13,0.13,7.6,1,5,2,40.0,0.66,0.26,0.2,0.5,0,0,36,22.3,6,64,0,13,23,11,0.74,8,13,-5,-0.66,0.02,0,8,3,0,8,11,10,,,0,,,,,,,,,,,,,,,
,2526,Werder Bremen,Isak Hansen-Aarøen,NOR,MF,20,2004,1,0,2,0.0,0,0,0,0,0,0,0,0,0.0,0.0,0.0,0.0,0.0,0.0,0,0,0,,0.0,0.0,,,0,0,2,0.1,0,,0,1,2,6,0.0,0,0,0,0.0,0.68,0,0,0,0,0,0,2,,,0,,,,,,,,,,,,,,,
,2526,Werder Bremen,Jens Stage,DEN,MF,28,1996,29,29,2460,27.3,10,2,12,10,0,0,5,0,0.37,0.07,0.44,0.37,0.44,27.3,10,56,21,37.5,2.05,0.77,0.18,0.48,0,0,85,80.4,29,85,21,0,,0,0.97,26,45,-19,-0.7,-0.1,0,35,30,3,14,18,32,,,0,,,,,,,,,,,,,,,
,2526,Werder Bremen,Jovan Milošević,SRB,FW,20,2005,13,5,488,5.4,3,1,4,3,0,0,2,0,0.55,0.18,0.74,0.55,0.74,5.4,3,12,4,33.3,2.21,0.74,0.25,0.75,0,0,38,15.9,5,65,1,8,20,3,0.69,9,11,-2,-0.37,0.37,0,8,3,6,3,0,2,,,0,,,,,,,,,,,,,,,
,2526,Werder Bremen,Julián Malatini,ARG,DF,24,2001,11,5,516,5.7,0,0,0,0,0,0,3,0,0.0,0.0,0.0,0.0,0.0,5.7,0,2,0,0.0,0.35,0.0,0.0,,0,0,47,16.9,5,71,1,6,27,7,1.0,4,12,-8,-1.4,-0.86,0,7,1,0,5,6,6,,,0,,,,,,,,,,,,,,,
,2526,Werder Bremen,Justin Njinmah,GER,"FW,MF",24,2000,33,22,1947,21.6,5,0,5,5,0,0,2,0,0.23,0.0,0.23,0.23,0.23,21.6,5,62,23,37.1,2.87,1.06,0.08,0.22,0,0,59,63.6,22,77,6,11,23,1,0.94,18,45,-27,-1.25,-1.57,0,8,25,20,34,6,14,,,0,,,,,,,,,,,,,,,
,2526,Werder Bremen,Karl Jakob Hein,EST,GK,23,2002,2,2,180,2.0,0,0,0,0,0,0,0,0,0.0,0.0,0.0,0.0,0.0,2.0,0,0,0,,0.0,0.0,,,0,0,90,5.9,2,90,2,0,,23,1.5,1,4,-3,-1.5,-0.87,0,0,0,0,0,0,0,,,0,4,2.0,15,11,73.3,1,0,1,1,50.0,1,1,0,0,0.0
,2526,Werder Bremen,Keke Topp,GER,FW,21,2004,20,7,638,7.1,1,1,2,1,0,0,4,0,0.14,0.14,0.28,0.14,0.28,7.1,1,25,3,12.0,3.53,0.42,0.04,0.33,0,0,32,20.8,7,65,1,13,14,7,0.9,9,10,-1,-0.14,0.68,0,16,7,2,5,1,5,,,0,,,,,,,,,,,,,,,
,2526,Werder Bremen,Leonardo Bittencourt,GER,MF,31,1993,17,5,615,6.8,0,1,1,0,0,0,5,0,0.0,0.15,0.15,0.0,0.15,6.8,0,7,0,0.0,1.02,0.0,0.0,,0,0,36,20.1,5,78,0,12,19,7,1.18,14,16,-2,-0.29,0.48,0,7,11,0,4,8,10,,,0,,,,,,,,,,,,,,,
,2526,Werder Bremen,Marco Friedl,AUT,DF,27,1998,30,29,2546,28.3,1,0,1,1,0,0,9,1,0.04,0.0,0.04,0.04,0.04,28.3,1,8,2,25.0,0.28,0.07,0.13,0.5,0,0,85,83.2,29,86,26,1,45,0,0.9,29,49,-20,-0.71,-0.18,0,17,16,1,15,35,24,,,0,,,,,,,,,,,,,,,
,2526,Werder Bremen,Marco Grüll,AUT,"MF,FW",27,1998,33,23,2006,22.3,3,1,4,3,0,0,5,0,0.13,0.04,0.18,0.13,0.18,22.3,3,43,13,30.2,1.93,0.58,0.07,0.23,0,0,61,65.6,23,77,6,10,24,0,0.94,21,38,-17,-0.76,-0.25,0,33,28,2,69,14,20,,,0,,,,,,,,,,,,,,,
,2526,Werder Bremen,Maximilian Wöber,AUT,DF,27,1998,2,0,37,0.4,0,0,0,0,0,0,0,0,0.0,0.0,0.0,0.0,0.0,0.4,0,0,0,,0.0,0.0,,,0,0,19,1.2,0,,0,2,19,3,0.5,0,0,0,0.0,0.68,0,1,0,0,1,2,1,,,0,,,,,,,,,,,,,,,
,2526,Werder Bremen,Mick Schmetgens,GER,MF,17,2007,2,0,37,0.4,0,0,0,0,0,0,0,0,0.0,0.0,0.0,0.0,0.0,0.4,0,0,0,,0.0,0.0,,,0,0,19,1.2,0,,0,2,19,13,1.5,0,0,0,0.0,0.68,0,0,0,0,2,1,0,,,0,,,,,,,,,,,,,,,
,2526,Werder Bremen,Mio Backhaus,GER,GK,21,2004,32,32,2880,32.0,0,0,0,0,0,0,1,0,0.0,0.0,0.0,0.0,0.0,32.0,0,0,0,,0.0,0.0,,,0,0,90,94.1,32,90,32,0,,0,0.91,36,56,-20,-0.62,0.87,0,0,13,0,0,0,0,,,1,56,1.75,156,100,64.1,7,8,17,5,15.6,5,5,0,0,0.0
,2526,Werder Bremen,Niklas Stark,GER,DF,30,1995,14,9,697,7.7,0,0,0,0,0,0,8,2,0.0,0.0,0.0,0.0,0.0,7.7,0,3,1,33.3,0.39,0.13,0.0,0.0,0,0,50,22.8,9,68,2,5,16,5,1.43,9,14,-5,-0.65,0.04,2,11,7,0,1,13,12,,,0,,,,,,,,,,,,,,,
,2526,Werder Bremen,Olivier Deman,BEL,"DF,MF",25,2000,16,14,1254,13.9,1,2,3,1,0,0,3,0,0.07,0.14,0.22,0.07,0.22,13.9,1,10,3,30.0,0.72,0.22,0.1,0.33,0,0,78,41.0,14,86,12,2,28,4,0.88,15,21,-6,-0.43,0.42,0,19,12,3,63,10,26,,,0,,,,,,,,,,,,,,,
,2526,Werder Bremen,Patrice Čović,CRO,MF,18,2007,15,2,351,3.9,1,0,1,1,0,0,1,0,0.26,0.0,0.26,0.26,0.26,3.9,1,5,2,40.0,1.28,0.51,0.2,0.5,0,0,23,11.5,2,66,0,13,17,19,0.8,4,10,-6,-1.54,-0.97,0,6,2,0,7,4,6,,,0,,,,,,,,,,,,,,,
,2526,Werder Bremen,Romano Schmid,AUT,"MF,FW",25,2000,34,34,2982,33.1,4,8,12,1,3,4,4,0,0.12,0.24,0.36,0.03,0.27,33.1,4,57,21,36.8,1.72,0.63,0.07,0.19,3,4,88,97.5,34,88,23,0,,0,0.94,34,57,-23,-0.69,-0.69,0,19,31,5,154,13,28,,,0,,,,,,,,,,,,,,,
,2526,Werder Bremen,Salim Musah,GER,FW,19,2006,8,2,198,2.2,1,0,1,1,0,0,0,0,0.45,0.0,0.45,0.45,0.45,2.2,1,7,4,57.1,3.18,1.82,0.14,0.25,0,0,25,6.5,2,40,0,6,20,3,0.5,3,4,-1,-0.45,0.24,0,4,3,1,1,2,1,,,0,,,,,,,,,,,,,,,
,2526,Werder Bremen,Samuel Mbangula,BEL,"MF,FW",21,2004,26,12,1171,13.0,3,2,5,3,0,0,0,0,0.23,0.15,0.38,0.23,0.38,13.0,3,17,8,47.1,1.31,0.61,0.18,0.38,0,0,45,38.3,12,72,1,14,22,3,0.85,15,22,-7,-0.54,0.22,0,4,23,4,23,3,10,,,0,,,,,,,,,,,,,,,
,2526,Werder Bremen,Senne Lynen,BEL,MF,26,1999,31,31,2752,30.6,0,0,0,0,0,0,4,0,0.0,0.0,0.0,0.0,0.0,30.6,0,25,4,16.0,0.82,0.13,0.0,0.0,0,0,89,89.9,31,89,26,0,,0,0.9,33,54,-21,-0.69,-0.1,0,38,12,0,14,77,33,,,0,,,,,,,,,,,,,,,
,2526,Werder Bremen,Skelly Alvero,FRA,MF,23,2002,2,0,34,0.4,0,0,0,0,0,0,0,0,0.0,0.0,0.0,0.0,0.0,0.4,0,0,0,,0.0,0.0,,,0,0,17,1.1,0,,0,2,17,15,2.0,2,0,2,5.29,6.04,0,0,1,0,0,1,0,,,0,,,,,,,,,,,,,,,
,2526,Werder Bremen,Victor Boniface,NGA,FW,24,2000,11,2,333,3.7,0,2,2,0,0,0,1,0,0.0,0.54,0.54,0.0,0.54,3.7,0,16,6,37.5,4.32,1.62,0.0,0.0,0,0,30,10.9,2,74,0,9,21,1,1.36,5,8,-3,-0.81,-0.15,0,1,6,3,2,0,1,,,0,,,,,,,,,,,,,,,
,2526,Werder Bremen,Yukinari Sugawara,JPN,"DF,MF",25,2000,31,29,2428,27.0,0,6,6,0,0,0,2,1,0.0,0.22,0.22,0.0,0.22,27.0,0,30,11,36.7,1.11,0.41,0.0,0.0,0,0,78,79.3,29,82,20,2,21,1,1.03,32,43,-11,-0.41,1.3,0,22,11,2,74,15,22,,,0,,,,,,,,,,,,,,,
,2526,Wolfsburg,Aaron Zehnter,GER,"DF,MF",20,2004,20,17,1456,16.2,2,0,2,2,0,0,0,0,0.12,0.0,0.12,0.12,0.12,16.2,2,11,5,45.5,0.68,0.31,0.18,0.4,0,0,73,47.6,17,85,10,3,3,8,1.1,23,29,-6,-0.37,0.64,0,2,0,0,36,16,10,,,0,,,,,,,,,,,,,,,
,2526,Wolfsburg,Adam Daghim,DEN,"MF,FW",19,2005,27,12,1364,15.2,2,3,5,2,0,0,3,0,0.13,0.2,0.33,0.13,0.33,15.2,2,27,9,33.3,1.78,0.59,0.07,0.22,0,0,51,44.6,12,83,5,15,24,1,0.67,18,33,-15,-0.99,-0.51,0,18,23,4,20,11,20,,,0,,,,,,,,,,,,,,,
,2526,Wolfsburg,Andreas Skov Olsen,DEN,MF,25,1999,8,4,362,4.0,1,0,1,1,0,0,1,0,0.25,0.0,0.25,0.25,0.25,4.0,1,7,2,28.6,1.74,0.5,0.14,0.5,0,0,45,11.8,4,67,0,4,24,4,1.0,7,7,0,0.0,0.8,0,1,4,0,6,1,1,,,0,,,,,,,,,,,,,,,
,2526,Wolfsburg,Bence Dárdai,HUN,MF,19,2006,1,0,35,0.4,0,0,0,0,0,0,0,0,0.0,0.0,0.0,0.0,0.0,0.4,0,0,0,,0.0,0.0,,,0,0,35,1.1,0,,0,1,35,8,3.0,0,0,0,0.0,0.71,0,1,0,0,0,1,1,,,0,,,,,,,,,,,,,,,
,2526,Wolfsburg,Christian Eriksen,DEN,MF,33,1992,31,27,2410,26.8,3,9,12,0,3,4,4,0,0.11,0.34,0.45,0.0,0.34,26.8,3,38,14,36.8,1.42,0.52,0.08,0.21,3,4,78,78.8,27,85,10,4,32,1,0.77,36,53,-17,-0.63,0.33,0,13,5,3,131,18,20,,,0,,,,,,,,,,,,,,,
,2526,Wolfsburg,Denis Vavro,SVK,DF,29,1996,17,13,1176,13.1,1,0,1,1,0,0,2,0,0.08,0.0,0.08,0.08,0.08,13.1,1,12,5,41.7,0.92,0.38,0.08,0.2,0,0,69,38.4,13,89,11,4,5,8,0.94,16,27,-11,-0.84,-0.22,0,9,5,0,4,14,5,,,0,,,,,,,,,,,,,,,
,2526,Wolfsburg,Dženan Pejčinović,GER,FW,20,2005,30,16,1460,16.2,8,0,8,8,0,0,1,0,0.49,0.0,0.49,0.49,0.49,16.2,8,51,23,45.1,3.14,1.42,0.16,0.35,0,0,49,47.7,16,79,7,14,14,3,0.83,19,37,-18,-1.11,-0.77,0,22,7,5,5,5,9,,,0,,,,,,,,,,,,,,,
,2526,Wolfsburg,Jan Bürger,GER,"MF,DF",18,2007,7,2,247,2.7,0,0,0,0,0,0,0,0,0.0,0.0,0.0,0.0,0.0,2.7,0,2,1,50.0,0.73,0.36,0.0,0.0,0,0,35,8.1,2,59,0,5,26,8,0.57,3,6,-3,-1.09,-0.42,0,4,5,0,6,0,3,,,0,,,,,,,,,,,,,,,
,2526,Wolfsburg,Jeanuël Belocian,FRA,DF,20,2005,14,14,1254,13.9,0,1,1,0,0,0,3,0,0.0,0.07,0.07,0.0,0.07,13.9,0,3,0,0.0,0.22,0.0,0.0,,0,0,90,41.0,14,90,13,0,,0,0.71,17,26,-9,-0.65,0.1,0,18,8,0,4,16,17,,,0,,,,,,,,,,,,,,,
,2526,Wolfsburg,Jenson Seelt,NED,DF,22,2003,9,8,681,7.6,0,0,0,0,0,0,0,0,0.0,0.0,0.0,0.0,0.0,7.6,0,2,0,0.0,0.26,0.0,0.0,,0,0,76,22.3,8,84,7,1,6,2,1.22,15,17,-2,-0.26,0.57,0,5,6,0,0,5,9,,,1,,,,,,,,,,,,,,,
,2526,Wolfsburg,Jesper Lindstrøm,DEN,MF,25,2000,13,4,379,4.2,0,0,0,0,0,0,2,0,0.0,0.0,0.0,0.0,0.0,4.2,0,9,5,55.6,2.14,1.19,0.0,0.0,0,0,29,12.4,4,58,0,9,17,1,0.23,4,12,-8,-1.9,-1.36,0,10,4,0,7,0,6,,,0,,,,,,,,,,,,,,,
,2526,Wolfsburg,Joakim Mæhle,DEN,"MF,DF",28,1997,16,14,1222,13.6,1,2,3,1,0,0,1,0,0.07,0.15,0.22,0.07,0.22,13.6,1,14,3,21.4,1.03,0.22,0.07,0.33,0,0,76,39.9,14,87,11,2,4,0,0.88,15,24,-9,-0.66,0.07,0,8,6,0,21,20,22,,,0,,,,,,,,,,,,,,,
,2526,Wolfsburg,Jonas Adjetey,GHA,DF,21,2003,4,1,137,1.5,0,0,0,0,0,0,1,0,0.0,0.0,0.0,0.0,0.0,1.5,0,3,0,0.0,1.97,0.0,0.0,,0,0,34,4.5,1,90,1,3,16,5,0.25,1,3,-2,-1.31,-0.64,0,4,0,0,4,1,1,,,0,,,,,,,,,,,,,,,
,2526,Wolfsburg,Jonas Wind,DEN,FW,26,1999,11,5,481,5.3,1,0,1,1,0,0,1,0,0.19,0.0,0.19,0.19,0.19,5.3,1,9,6,66.7,1.68,1.12,0.11,0.17,0,0,44,15.7,5,75,1,6,17,2,0.45,5,13,-8,-1.5,-0.94,0,2,14,2,0,0,0,,,0,,,,,,,,,,,,,,,
,2526,Wolfsburg,Kamil Grabara,POL,GK,26,1999,34,34,3060,34.0,0,0,0,0,0,0,1,0,0.0,0.0,0.0,0.0,0.0,34.0,0,1,0,0.0,0.03,0.0,0.0,,0,0,90,100.0,34,90,34,0,,0,0.85,45,69,-24,-0.71,,0,0,2,0,0,1,1,,,0,69,2.03,189,120,63.5,7,8,19,2,5.9,12,7,3,2,30.0
,2526,Wolfsburg,Kento Shiogai,JPN,MF,20,2005,12,2,318,3.5,1,0,1,1,0,0,3,0,0.28,0.0,0.28,0.28,0.28,3.5,1,9,6,66.7,2.55,1.7,0.11,0.17,0,0,27,10.4,2,61,0,10,20,4,0.58,4,4,0,0.0,0.79,0,8,3,3,1,3,4,,,0,,,,,,,,,,,,,,,
,2526,Wolfsburg,Kevin Paredes,USA,MF,22,2003,6,1,164,1.8,0,0,0,0,0,0,1,0,0.0,0.0,0.0,0.0,0.0,1.8,0,2,1,50.0,1.1,0.55,0.0,0.0,0,0,27,5.4,1,63,0,5,20,2,0.83,4,4,0,0.0,0.75,0,2,6,0,7,2,3,,,0,,,,,,,,,,,,,,,
,2526,Wolfsburg,Kilian Fischer,GER,DF,24,2000,11,10,800,8.9,0,0,0,0,0,0,0,0,0.0,0.0,0.0,0.0,0.0,8.9,0,2,0,0.0,0.23,0.0,0.0,,0,0,73,26.1,10,78,5,1,18,4,0.73,10,21,-11,-1.24,-0.72,0,10,4,0,16,12,13,,,1,,,,,,,,,,,,,,,
,2526,Wolfsburg,Konstantinos Koulierakis,GRE,DF,21,2003,29,27,2482,27.6,4,1,5,4,0,0,5,0,0.15,0.04,0.18,0.15,0.18,27.6,4,26,12,46.2,0.94,0.44,0.15,0.33,0,0,86,81.1,27,90,26,2,27,3,1.0,38,54,-16,-0.58,0.67,0,29,13,0,20,35,25,,,1,,,,,,,,,,,,,,,
,2526,Wolfsburg,Lovro Majer,CRO,MF,27,1998,28,16,1371,15.2,2,3,5,2,0,0,5,0,0.13,0.2,0.33,0.13,0.33,15.2,2,27,6,22.2,1.77,0.39,0.07,0.33,0,0,49,44.8,16,70,1,12,21,4,0.75,20,30,-10,-0.66,0.09,0,30,22,4,28,8,18,,,0,,,,,,,,,,,,,,,
,2526,Wolfsburg,Mattias Svanberg,SWE,MF,26,1999,24,8,861,9.6,3,1,4,3,0,0,6,1,0.31,0.1,0.42,0.31,0.42,9.6,3,21,8,38.1,2.2,0.84,0.14,0.38,0,0,36,28.1,8,67,0,16,21,1,0.92,13,24,-11,-1.15,-0.62,1,18,19,1,8,10,7,,,0,,,,,,,,,,,,,,,
,2526,Wolfsburg,Maximilian Arnold,GER,MF,31,1994,25,20,1859,20.7,1,4,5,1,0,0,5,0,0.05,0.19,0.24,0.05,0.24,20.7,1,13,5,38.5,0.63,0.24,0.08,0.2,0,0,74,60.8,20,90,20,5,12,2,0.92,31,41,-10,-0.48,0.56,0,17,26,0,81,24,15,,,0,,,,,,,,,,,,,,,
,2526,Wolfsburg,Mohamed Amoura,ALG,"FW,MF",25,2000,30,23,1919,21.3,8,3,11,7,1,1,2,0,0.38,0.14,0.52,0.33,0.47,21.3,8,60,19,31.7,2.81,0.89,0.13,0.42,1,1,64,62.7,23,78,8,7,18,0,0.97,32,32,0,0.0,1.89,0,21,11,12,34,7,22,,,0,,,,,,,,,,,,,,,
,2526,Wolfsburg,Moritz Jenz,GER,DF,26,1999,22,20,1787,19.9,1,0,1,1,0,0,8,1,0.05,0.0,0.05,0.05,0.05,19.9,1,5,1,20.0,0.25,0.05,0.2,1.0,0,0,81,58.4,20,89,18,2,1,5,0.68,21,44,-23,-1.16,-1.09,1,31,7,0,1,12,22,,,1,,,,,,,,,,,,,,,
,2526,Wolfsburg,Patrick Wimmer,AUT,MF,24,2001,25,21,1621,18.0,4,3,7,4,0,0,4,0,0.22,0.17,0.39,0.22,0.39,18.0,4,24,8,33.3,1.33,0.44,0.17,0.5,0,0,65,53.0,21,73,3,4,24,0,1.0,27,32,-5,-0.28,0.91,0,28,33,2,25,23,20,,,0,,,,,,,,,,,,,,,
,2526,Wolfsburg,Pharell Hensel,GER,MF,18,2007,5,1,69,0.8,0,0,0,0,0,0,0,0,0.0,0.0,0.0,0.0,0.0,0.8,0,1,0,0.0,1.3,0.0,0.0,,0,0,14,2.3,1,61,0,4,2,10,1.4,0,4,-4,-5.22,-4.62,0,0,1,0,0,0,1,,,0,,,,,,,,,,,,,,,
,2526,Wolfsburg,Sael Kumbedi,FRA,"DF,MF",20,2005,24,20,1804,20.0,0,5,5,0,0,0,2,0,0.0,0.25,0.25,0.0,0.25,20.0,0,5,0,0.0,0.25,0.0,0.0,,0,0,75,59.0,20,86,12,4,24,5,0.88,30,45,-15,-0.75,-0.1,0,21,18,4,41,14,33,,,0,,,,,,,,,,,,,,,
,2526,Wolfsburg,Vinicius Souza,BRA,MF,26,1999,24,22,1764,19.6,0,0,0,0,0,0,5,0,0.0,0.0,0.0,0.0,0.0,19.6,0,9,2,22.2,0.46,0.1,0.0,0.0,0,0,74,57.6,22,80,12,2,3,8,0.88,24,35,-11,-0.56,0.34,0,40,23,0,4,25,32,,,0,,,,,,,,,,,,,,,
,2526,Wolfsburg,Václav Černý,CZE,"FW,MF",27,1997,2,0,47,0.5,0,0,0,0,0,0,0,0,0.0,0.0,0.0,0.0,0.0,0.5,0,1,0,0.0,1.91,0.0,0.0,,0,0,24,1.5,0,,0,2,24,0,2.0,0,1,-1,-1.91,-1.23,0,0,2,0,2,0,0,,,0,,,,,,,,,,,,,,,
,2526,Wolfsburg,Yannick Gerhardt,GER,MF,31,1994,19,12,1068,11.9,1,0,1,1,0,0,1,0,0.08,0.0,0.08,0.08,0.08,11.9,1,11,1,9.1,0.93,0.08,0.09,1.0,0,0,56,34.9,12,81,4,7,13,11,1.16,17,29,-12,-1.01,-0.47,0,20,14,0,8,10,8,,,0,,,,,,,,,,,,,,,
ENG-Premier League,2526,Arsenal,Andre Annous,,,,,,,,,,,,,,,,,,,,,,,,,,,,,,,,,,,0,,0,0,,2,,,,,,,,,,,,,,,,,,,,,,,,,,,,,,,
ENG-Premier League,2526,Arsenal,Jakub Kiwior,,,,,,,,,,,,,,,,,,,,,,,,,,,,,,,,,,,0,,0,0,,1,,,,,,,,,,,,,,,,,,,,,,,,,,,,,,,
ENG-Premier League,2526,Arsenal,Marli Salmon,,,,,,,,,,,,,,,,,,,,,,,,,,,,,,,,,,,0,,0,0,,3,,,,,,,,,,,,,,,,,,,,,,,,,,,,,,,
ENG-Premier League,2526,Arsenal,Tommy Setford,,,,,,,,,,,,,,,,,,,,,,,,,,,,,,,,,,,0,,0,0,,1,,,,,,,,,,,,,,,,,,,,,,,,,,,,,,,
ENG-Premier League,2526,Aston Villa,Benjamin Broggio,,,,,,,,,,,,,,,,,,,,,,,,,,,,,,,,,,,0,,0,0,,1,,,,,,,,,,,,,,,,,,,,,,,,,,,,,,,
ENG-Premier League,2526,Aston Villa,James Wright,,,,,,,,,,,,,,,,,,,,,,,,,,,,,,,,,,,0,,0,0,,8,,,,,,,,,,,,,,,,,,,,,,,,,,,,,,,
ENG-Premier League,2526,Aston Villa,Leon Routh,,,,,,,,,,,,,,,,,,,,,,,,,,,,,,,,,,,0,,0,0,,2,,,,,,,,,,,,,,,,,,,,,,,,,,,,,,,
ENG-Premier League,2526,Aston Villa,Ronnie Hollingshead,,,,,,,,,,,,,,,,,,,,,,,,,,,,,,,,,,,0,,0,0,,1,,,,,,,,,,,,,,,,,,,,,,,,,,,,,,,
ENG-Premier League,2526,Aston Villa,Sam Proctor,,,,,,,,,,,,,,,,,,,,,,,,,,,,,,,,,,,0,,0,0,,4,,,,,,,,,,,,,,,,,,,,,,,,,,,,,,,
ENG-Premier League,2526,Aston Villa,Samuel Iling-Junior,,,,,,,,,,,,,,,,,,,,,,,,,,,,,,,,,,,0,,0,0,,1,,,,,,,,,,,,,,,,,,,,,,,,,,,,,,,
ENG-Premier League,2526,Aston Villa,Theodore Carroll,,,,,,,,,,,,,,,,,,,,,,,,,,,,,,,,,,,0,,0,0,,1,,,,,,,,,,,,,,,,,,,,,,,,,,,,,,,
ENG-Premier League,2526,Aston Villa,Travis Patterson,,,,,,,,,,,,,,,,,,,,,,,,,,,,,,,,,,,0,,0,0,,1,,,,,,,,,,,,,,,,,,,,,,,,,,,,,,,
ENG-Premier League,2526,Aston Villa,Triston Rowe,,,,,,,,,,,,,,,,,,,,,,,,,,,,,,,,,,,0,,0,0,,2,,,,,,,,,,,,,,,,,,,,,,,,,,,,,,,
ENG-Premier League,2526,Bournemouth,Charlie Stevens,,,,,,,,,,,,,,,,,,,,,,,,,,,,,,,,,,,0,,0,0,,1,,,,,,,,,,,,,,,,,,,,,,,,,,,,,,,
ENG-Premier League,2526,Bournemouth,Christos Mandas,,,,,,,,,,,,,,,,,,,,,,,,,,,,,,,,,,,0,,0,0,,15,,,,,,,,,,,,,,,,,,,,,,,,,,,,,,,
ENG-Premier League,2526,Bournemouth,Dominic Sadi,,,,,,,,,,,,,,,,,,,,,,,,,,,,,,,,,,,0,,0,0,,2,,,,,,,,,,,,,,,,,,,,,,,,,,,,,,,
ENG-Premier League,2526,Bournemouth,Fraser Forster,,,,,,,,,,,,,,,,,,,,,,,,,,,,,,,,,,,0,,0,0,,4,,,,,,,,,,,,,,,,,,,,,,,,,,,,,,,
ENG-Premier League,2526,Bournemouth,Julian Araujo,,,,,,,,,,,,,,,,,,,,,,,,,,,,,,,,,,,0,,0,0,,8,,,,,,,,,,,,,,,,,,,,,,,,,,,,,,,
ENG-Premier League,2526,Bournemouth,Malcom Dacosta,,,,,,,,,,,,,,,,,,,,,,,,,,,,,,,,,,,0,,0,0,,6,,,,,,,,,,,,,,,,,,,,,,,,,,,,,,,
ENG-Premier League,2526,Bournemouth,Philip Billing,,,,,,,,,,,,,,,,,,,,,,,,,,,,,,,,,,,0,,0,0,,1,,,,,,,,,,,,,,,,,,,,,,,,,,,,,,,
ENG-Premier League,2526,Bournemouth,Remy Rees-Dottin,,,,,,,,,,,,,,,,,,,,,,,,,,,,,,,,,,,0,,0,0,,7,,,,,,,,,,,,,,,,,,,,,,,,,,,,,,,
ENG-Premier League,2526,Bournemouth,Romain Faivre,,,,,,,,,,,,,,,,,,,,,,,,,,,,,,,,,,,0,,0,0,,1,,,,,,,,,,,,,,,,,,,,,,,,,,,,,,,
ENG-Premier League,2526,Bournemouth,Will Dennis,,,,,,,,,,,,,,,,,,,,,,,,,,,,,,,,,,,0,,0,0,,19,,,,,,,,,,,,,,,,,,,,,,,,,,,,,,,
ENG-Premier League,2526,Brentford,Benjamin Arthur,,,,,,,,,,,,,,,,,,,,,,,,,,,,,,,,,,,0,,0,0,,2,,,,,,,,,,,,,,,,,,,,,,,,,,,,,,,
ENG-Premier League,2526,Brentford,Conor McManus,,,,,,,,,,,,,,,,,,,,,,,,,,,,,,,,,,,0,,0,0,,1,,,,,,,,,,,,,,,,,,,,,,,,,,,,,,,
ENG-Premier League,2526,Brentford,Ellery Balcombe,,,,,,,,,,,,,,,,,,,,,,,,,,,,,,,,,,,0,,0,0,,1,,,,,,,,,,,,,,,,,,,,,,,,,,,,,,,
ENG-Premier League,2526,Brentford,Gustavo Nunes,,,,,,,,,,,,,,,,,,,,,,,,,,,,,,,,,,,0,,0,0,,2,,,,,,,,,,,,,,,,,,,,,,,,,,,,,,,
ENG-Premier League,2526,Brentford,Joshua Stephenson,,,,,,,,,,,,,,,,,,,,,,,,,,,,,,,,,,,0,,0,0,,3,,,,,,,,,,,,,,,,,,,,,,,,,,,,,,,
ENG-Premier League,2526,Brentford,Luka Bentt,,,,,,,,,,,,,,,,,,,,,,,,,,,,,,,,,,,0,,0,0,,8,,,,,,,,,,,,,,,,,,,,,,,,,,,,,,,
ENG-Premier League,2526,Brentford,Mads Roerslev,,,,,,,,,,,,,,,,,,,,,,,,,,,,,,,,,,,0,,0,0,,1,,,,,,,,,,,,,,,,,,,,,,,,,,,,,,,
ENG-Premier League,2526,Brentford,Ollie Shield,,,,,,,,,,,,,,,,,,,,,,,,,,,,,,,,,,,0,,0,0,,7,,,,,,,,,,,,,,,,,,,,,,,,,,,,,,,
ENG-Premier League,2526,Brentford,Riley Owen,,,,,,,,,,,,,,,,,,,,,,,,,,,,,,,,,,,0,,0,0,,1,,,,,,,,,,,,,,,,,,,,,,,,,,,,,,,
ENG-Premier League,2526,Brentford,Yunus Emre Konak,,,,,,,,,,,,,,,,,,,,,,,,,,,,,,,,,,,0,,0,0,,3,,,,,,,,,,,,,,,,,,,,,,,,,,,,,,,
ENG-Premier League,2526,Brighton,Charlie Tasker,,,,,,,,,,,,,,,,,,,,,,,,,,,,,,,,,,,0,,0,0,,1,,,,,,,,,,,,,,,,,,,,,,,,,,,,,,,
ENG-Premier League,2526,Brighton,Freddie Simmonds,,,,,,,,,,,,,,,,,,,,,,,,,,,,,,,,,,,0,,0,0,,1,,,,,,,,,,,,,,,,,,,,,,,,,,,,,,,
ENG-Premier League,2526,Brighton,Igor,,,,,,,,,,,,,,,,,,,,,,,,,,,,,,,,,,,0,,0,0,,6,,,,,,,,,,,,,,,,,,,,,,,,,,,,,,,
ENG-Premier League,2526,Brighton,Jason Steele,,,,,,,,,,,,,,,,,,,,,,,,,,,,,,,,,,,0,,0,0,,38,,,,,,,,,,,,,,,,,,,,,,,,,,,,,,,
ENG-Premier League,2526,Burnley,Aaron Ramsey,,,,,,,,,,,,,,,,,,,,,,,,,,,,,,,,,,,0,,0,0,,3,,,,,,,,,,,,,,,,,,,,,,,,,,,,,,,
ENG-Premier League,2526,Burnley,Connor Roberts,,,,,,,,,,,,,,,,,,,,,,,,,,,,,,,,,,,0,,0,0,,1,,,,,,,,,,,,,,,,,,,,,,,,,,,,,,,
ENG-Premier League,2526,Burnley,Enock Agyei,,,,,,,,,,,,,,,,,,,,,,,,,,,,,,,,,,,0,,0,0,,1,,,,,,,,,,,,,,,,,,,,,,,,,,,,,,,
ENG-Premier League,2526,Burnley,George Brierley,,,,,,,,,,,,,,,,,,,,,,,,,,,,,,,,,,,0,,0,0,,1,,,,,,,,,,,,,,,,,,,,,,,,,,,,,,,
ENG-Premier League,2526,Burnley,Kian McMahon-Brown,,,,,,,,,,,,,,,,,,,,,,,,,,,,,,,,,,,0,,0,0,,1,,,,,,,,,,,,,,,,,,,,,,,,,,,,,,,
ENG-Premier League,2526,Burnley,Oliver Pimlott,,,,,,,,,,,,,,,,,,,,,,,,,,,,,,,,,,,0,,0,0,,2,,,,,,,,,,,,,,,,,,,,,,,,,,,,,,,
ENG-Premier League,2526,Chelsea,Gaga Slonina,,,,,,,,,,,,,,,,,,,,,,,,,,,,,,,,,,,0,,0,0,,5,,,,,,,,,,,,,,,,,,,,,,,,,,,,,,,
ENG-Premier League,2526,Chelsea,Landon Emenalo,,,,,,,,,,,,,,,,,,,,,,,,,,,,,,,,,,,0,,0,0,,1,,,,,,,,,,,,,,,,,,,,,,,,,,,,,,,
ENG-Premier League,2526,Chelsea,Mathis Eboue,,,,,,,,,,,,,,,,,,,,,,,,,,,,,,,,,,,0,,0,0,,1,,,,,,,,,,,,,,,,,,,,,,,,,,,,,,,
ENG-Premier League,2526,Chelsea,Max Merrick,,,,,,,,,,,,,,,,,,,,,,,,,,,,,,,,,,,0,,0,0,,1,,,,,,,,,,,,,,,,,,,,,,,,,,,,,,,
ENG-Premier League,2526,Chelsea,Ryan Kavuma McQueen,,,,,,,,,,,,,,,,,,,,,,,,,,,,,,,,,,,0,,0,0,,2,,,,,,,,,,,,,,,,,,,,,,,,,,,,,,,
ENG-Premier League,2526,Chelsea,Teddy Sharman,,,,,,,,,,,,,,,,,,,,,,,,,,,,,,,,,,,0,,0,0,,9,,,,,,,,,,,,,,,,,,,,,,,,,,,,,,,
ENG-Premier League,2526,Crystal Palace,Ben Casey,,,,,,,,,,,,,,,,,,,,,,,,,,,,,,,,,,,0,,0,0,,2,,,,,,,,,,,,,,,,,,,,,,,,,,,,,,,
ENG-Premier League,2526,Crystal Palace,Danny Imray,,,,,,,,,,,,,,,,,,,,,,,,,,,,,,,,,,,0,,0,0,,2,,,,,,,,,,,,,,,,,,,,,,,,,,,,,,,
ENG-Premier League,2526,Crystal Palace,Dean Benamar,,,,,,,,,,,,,,,,,,,,,,,,,,,,,,,,,,,0,,0,0,,4,,,,,,,,,,,,,,,,,,,,,,,,,,,,,,,
ENG-Premier League,2526,Crystal Palace,George King,,,,,,,,,,,,,,,,,,,,,,,,,,,,,,,,,,,0,,0,0,,1,,,,,,,,,,,,,,,,,,,,,,,,,,,,,,,
ENG-Premier League,2526,Crystal Palace,Jesurun Rak Sakyi,,,,,,,,,,,,,,,,,,,,,,,,,,,,,,,,,,,0,,0,0,,1,,,,,,,,,,,,,,,,,,,,,,,,,,,,,,,
ENG-Premier League,2526,Crystal Palace,Remi Matthews,,,,,,,,,,,,,,,,,,,,,,,,,,,,,,,,,,,0,,0,0,,10,,,,,,,,,,,,,,,,,,,,,,,,,,,,,,,
ENG-Premier League,2526,Crystal Palace,Zachariah Marsh,,,,,,,,,,,,,,,,,,,,,,,,,,,,,,,,,,,0,,0,0,,1,,,,,,,,,,,,,,,,,,,,,,,,,,,,,,,
ENG-Premier League,2526,Everton,Adam Aznou,,,,,,,,,,,,,,,,,,,,,,,,,,,,,,,,,,,0,,0,0,,22,,,,,,,,,,,,,,,,,,,,,,,,,,,,,,,
ENG-Premier League,2526,Everton,Braiden Graham,,,,,,,,,,,,,,,,,,,,,,,,,,,,,,,,,,,0,,0,0,,1,,,,,,,,,,,,,,,,,,,,,,,,,,,,,,,
ENG-Premier League,2526,Everton,Callum Bates,,,,,,,,,,,,,,,,,,,,,,,,,,,,,,,,,,,0,,0,0,,1,,,,,,,,,,,,,,,,,,,,,,,,,,,,,,,
ENG-Premier League,2526,Everton,Elijah Campbell,,,,,,,,,,,,,,,,,,,,,,,,,,,,,,,,,,,0,,0,0,,11,,,,,,,,,,,,,,,,,,,,,,,,,,,,,,,
ENG-Premier League,2526,Everton,Harry Tyrer,,,,,,,,,,,,,,,,,,,,,,,,,,,,,,,,,,,0,,0,0,,1,,,,,,,,,,,,,,,,,,,,,,,,,,,,,,,
ENG-Premier League,2526,Everton,Mark Travers,,,,,,,,,,,,,,,,,,,,,,,,,,,,,,,,,,,0,,0,0,,37,,,,,,,,,,,,,,,,,,,,,,,,,,,,,,,
ENG-Premier League,2526,Everton,Reece Welch,,,,,,,,,,,,,,,,,,,,,,,,,,,,,,,,,,,0,,0,0,,8,,,,,,,,,,,,,,,,,,,,,,,,,,,,,,,
ENG-Premier League,2526,Everton,Tom King,,,,,,,,,,,,,,,,,,,,,,,,,,,,,,,,,,,0,,0,0,,13,,,,,,,,,,,,,,,,,,,,,,,,,,,,,,,
ENG-Premier League,2526,Everton,Tyler Onyango,,,,,,,,,,,,,,,,,,,,,,,,,,,,,,,,,,,0,,0,0,,3,,,,,,,,,,,,,,,,,,,,,,,,,,,,,,,
ENG-Premier League,2526,Everton,Youssef Chermiti,,,,,,,,,,,,,,,,,,,,,,,,,,,,,,,,,,,0,,0,0,,2,,,,,,,,,,,,,,,,,,,,,,,,,,,,,,,
ENG-Premier League,2526,Fulham,Alfie McNally,,,,,,,,,,,,,,,,,,,,,,,,,,,,,,,,,,,0,,0,0,,1,,,,,,,,,,,,,,,,,,,,,,,,,,,,,,,
ENG-Premier League,2526,Fulham,Andreas Pereira,,,,,,,,,,,,,,,,,,,,,,,,,,,,,,,,,,,0,,0,0,,1,,,,,,,,,,,,,,,,,,,,,,,,,,,,,,,
ENG-Premier League,2526,Fulham,Benjamin Lecomte,,,,,,,,,,,,,,,,,,,,,,,,,,,,,,,,,,,0,,0,0,,38,,,,,,,,,,,,,,,,,,,,,,,,,,,,,,,
ENG-Premier League,2526,Fulham,Samuel Amissah,,,,,,,,,,,,,,,,,,,,,,,,,,,,,,,,,,,0,,0,0,,5,,,,,,,,,,,,,,,,,,,,,,,,,,,,,,,
ENG-Premier League,2526,Fulham,Seth Ridgeon,,,,,,,,,,,,,,,,,,,,,,,,,,,,,,,,,,,0,,0,0,,5,,,,,,,,,,,,,,,,,,,,,,,,,,,,,,,
ENG-Premier League,2526,Leeds United,Alfie Cresswell,,,,,,,,,,,,,,,,,,,,,,,,,,,,,,,,,,,0,,0,0,,2,,,,,,,,,,,,,,,,,,,,,,,,,,,,,,,
ENG-Premier League,2526,Leeds United,Harry Gray,,,,,,,,,,,,,,,,,,,,,,,,,,,,,,,,,,,0,,0,0,,1,,,,,,,,,,,,,,,,,,,,,,,,,,,,,,,
ENG-Premier League,2526,Leeds United,Illan Meslier,,,,,,,,,,,,,,,,,,,,,,,,,,,,,,,,,,,0,,0,0,,5,,,,,,,,,,,,,,,,,,,,,,,,,,,,,,,
ENG-Premier League,2526,Leeds United,Jayden Lienou,,,,,,,,,,,,,,,,,,,,,,,,,,,,,,,,,,,0,,0,0,,2,,,,,,,,,,,,,,,,,,,,,,,,,,,,,,,
ENG-Premier League,2526,Leeds United,Largie Ramazani,,,,,,,,,,,,,,,,,,,,,,,,,,,,,,,,,,,0,,0,0,,1,,,,,,,,,,,,,,,,,,,,,,,,,,,,,,,
ENG-Premier League,2526,Leeds United,Rhys Chadwick-Chaplin,,,,,,,,,,,,,,,,,,,,,,,,,,,,,,,,,,,0,,0,0,,3,,,,,,,,,,,,,,,,,,,,,,,,,,,,,,,
ENG-Premier League,2526,Leeds United,Samuel Chambers,,,,,,,,,,,,,,,,,,,,,,,,,,,,,,,,,,,0,,0,0,,1,,,,,,,,,,,,,,,,,,,,,,,,,,,,,,,
ENG-Premier League,2526,Liverpool,Amara Nallo,,,,,,,,,,,,,,,,,,,,,,,,,,,,,,,,,,,0,,0,0,,1,,,,,,,,,,,,,,,,,,,,,,,,,,,,,,,
ENG-Premier League,2526,Liverpool,Calvin Ramsay,,,,,,,,,,,,,,,,,,,,,,,,,,,,,,,,,,,0,,0,0,,17,,,,,,,,,,,,,,,,,,,,,,,,,,,,,,,
ENG-Premier League,2526,Liverpool,Giovanni Leoni,,,,,,,,,,,,,,,,,,,,,,,,,,,,,,,,,,,0,,0,0,,1,,,,,,,,,,,,,,,,,,,,,,,,,,,,,,,
ENG-Premier League,2526,Liverpool,James McConnell,,,,,,,,,,,,,,,,,,,,,,,,,,,,,,,,,,,0,,0,0,,1,,,,,,,,,,,,,,,,,,,,,,,,,,,,,,,
ENG-Premier League,2526,Liverpool,Kieran Morrison,,,,,,,,,,,,,,,,,,,,,,,,,,,,,,,,,,,0,,0,0,,7,,,,,,,,,,,,,,,,,,,,,,,,,,,,,,,
ENG-Premier League,2526,Liverpool,Mor Talla Ndiaye,,,,,,,,,,,,,,,,,,,,,,,,,,,,,,,,,,,0,,0,0,,3,,,,,,,,,,,,,,,,,,,,,,,,,,,,,,,
ENG-Premier League,2526,Liverpool,Wellity Omoruyi,,,,,,,,,,,,,,,,,,,,,,,,,,,,,,,,,,,0,,0,0,,4,,,,,,,,,,,,,,,,,,,,,,,,,,,,,,,
ENG-Premier League,2526,Liverpool,Will Wright,,,,,,,,,,,,,,,,,,,,,,,,,,,,,,,,,,,0,,0,0,,4,,,,,,,,,,,,,,,,,,,,,,,,,,,,,,,
ENG-Premier League,2526,Liverpool,Ármin Pécsi,,,,,,,,,,,,,,,,,,,,,,,,,,,,,,,,,,,0,,0,0,,4,,,,,,,,,,,,,,,,,,,,,,,,,,,,,,,
ENG-Premier League,2526,Manchester City,Charlie Gray,,,,,,,,,,,,,,,,,,,,,,,,,,,,,,,,,,,0,,0,0,,1,,,,,,,,,,,,,,,,,,,,,,,,,,,,,,,
ENG-Premier League,2526,Manchester City,Ederson Moraes,,,,,,,,,,,,,,,,,,,,,,,,,,,,,,,,,,,0,,0,0,,2,,,,,,,,,,,,,,,,,,,,,,,,,,,,,,,
ENG-Premier League,2526,Manchester City,Manuel Akanji,,,,,,,,,,,,,,,,,,,,,,,,,,,,,,,,,,,0,,0,0,,2,,,,,,,,,,,,,,,,,,,,,,,,,,,,,,,
ENG-Premier League,2526,Manchester City,Marcus Bettinelli,,,,,,,,,,,,,,,,,,,,,,,,,,,,,,,,,,,0,,0,0,,2,,,,,,,,,,,,,,,,,,,,,,,,,,,,,,,
ENG-Premier League,2526,Manchester City,Reigan Heskey,,,,,,,,,,,,,,,,,,,,,,,,,,,,,,,,,,,0,,0,0,,5,,,,,,,,,,,,,,,,,,,,,,,,,,,,,,,
ENG-Premier League,2526,Manchester City,Ryan Mcaidoo,,,,,,,,,,,,,,,,,,,,,,,,,,,,,,,,,,,0,,0,0,,6,,,,,,,,,,,,,,,,,,,,,,,,,,,,,,,
ENG-Premier League,2526,Manchester City,Stefan Ortega,,,,,,,,,,,,,,,,,,,,,,,,,,,,,,,,,,,0,,0,0,,1,,,,,,,,,,,,,,,,,,,,,,,,,,,,,,,
ENG-Premier League,2526,Manchester City,Stephen Mfuni,,,,,,,,,,,,,,,,,,,,,,,,,,,,,,,,,,,0,,0,0,,5,,,,,,,,,,,,,,,,,,,,,,,,,,,,,,,
ENG-Premier League,2526,Manchester City,İlkay Gündoğan,,,,,,,,,,,,,,,,,,,,,,,,,,,,,,,,,,,0,,0,0,,2,,,,,,,,,,,,,,,,,,,,,,,,,,,,,,,
ENG-Premier League,2526,Manchester Utd,André Onana,,,,,,,,,,,,,,,,,,,,,,,,,,,,,,,,,,,0,,0,0,,2,,,,,,,,,,,,,,,,,,,,,,,,,,,,,,,
ENG-Premier League,2526,Manchester Utd,Chidozie Obi-Martin,,,,,,,,,,,,,,,,,,,,,,,,,,,,,,,,,,,0,,0,0,,1,,,,,,,,,,,,,,,,,,,,,,,,,,,,,,,
ENG-Premier League,2526,Manchester Utd,Diego León,,,,,,,,,,,,,,,,,,,,,,,,,,,,,,,,,,,0,,0,0,,3,,,,,,,,,,,,,,,,,,,,,,,,,,,,,,,
ENG-Premier League,2526,Manchester Utd,Godwill Kukonki,,,,,,,,,,,,,,,,,,,,,,,,,,,,,,,,,,,0,,0,0,,2,,,,,,,,,,,,,,,,,,,,,,,,,,,,,,,
ENG-Premier League,2526,Manchester Utd,Jack Moorhouse,,,,,,,,,,,,,,,,,,,,,,,,,,,,,,,,,,,0,,0,0,,2,,,,,,,,,,,,,,,,,,,,,,,,,,,,,,,
ENG-Premier League,2526,Manchester Utd,Jim Thwaites,,,,,,,,,,,,,,,,,,,,,,,,,,,,,,,,,,,0,,0,0,,1,,,,,,,,,,,,,,,,,,,,,,,,,,,,,,,
ENG-Premier League,2526,Manchester Utd,Tom Heaton,,,,,,,,,,,,,,,,,,,,,,,,,,,,,,,,,,,0,,0,0,,4,,,,,,,,,,,,,,,,,,,,,,,,,,,,,,,
ENG-Premier League,2526,Newcastle,Adedamola Alabi,,,,,,,,,,,,,,,,,,,,,,,,,,,,,,,,,,,0,,0,0,,2,,,,,,,,,,,,,,,,,,,,,,,,,,,,,,,
ENG-Premier League,2526,Newcastle,John Ruddy,,,,,,,,,,,,,,,,,,,,,,,,,,,,,,,,,,,0,,0,0,,9,,,,,,,,,,,,,,,,,,,,,,,,,,,,,,,
ENG-Premier League,2526,Newcastle,Leo Shahar,,,,,,,,,,,,,,,,,,,,,,,,,,,,,,,,,,,0,,0,0,,11,,,,,,,,,,,,,,,,,,,,,,,,,,,,,,,
ENG-Premier League,2526,Newcastle,Park Seungsoo,,,,,,,,,,,,,,,,,,,,,,,,,,,,,,,,,,,0,,0,0,,1,,,,,,,,,,,,,,,,,,,,,,,,,,,,,,,
ENG-Premier League,2526,Nottingham,Archie Whitehall,,,,,,,,,,,,,,,,,,,,,,,,,,,,,,,,,,,0,,0,0,,1,,,,,,,,,,,,,,,,,,,,,,,,,,,,,,,
ENG-Premier League,2526,Nottingham,Eric da Silva Moreira,,,,,,,,,,,,,,,,,,,,,,,,,,,,,,,,,,,0,,0,0,,2,,,,,,,,,,,,,,,,,,,,,,,,,,,,,,,
ENG-Premier League,2526,Nottingham,Jimmy Sinclair,,,,,,,,,,,,,,,,,,,,,,,,,,,,,,,,,,,0,,0,0,,1,,,,,,,,,,,,,,,,,,,,,,,,,,,,,,,
ENG-Premier League,2526,Nottingham,Lamin Sillah,,,,,,,,,,,,,,,,,,,,,,,,,,,,,,,,,,,0,,0,0,,1,,,,,,,,,,,,,,,,,,,,,,,,,,,,,,,
ENG-Premier League,2526,Nottingham,Willy Boly,,,,,,,,,,,,,,,,,,,,,,,,,,,,,,,,,,,0,,0,0,,8,,,,,,,,,,,,,,,,,,,,,,,,,,,,,,,
ENG-Premier League,2526,Sunderland,Anthony Patterson,,,,,,,,,,,,,,,,,,,,,,,,,,,,,,,,,,,0,,0,0,,23,,,,,,,,,,,,,,,,,,,,,,,,,,,,,,,
ENG-Premier League,2526,Sunderland,Harrison Jones,,,,,,,,,,,,,,,,,,,,,,,,,,,,,,,,,,,0,,0,0,,15,,,,,,,,,,,,,,,,,,,,,,,,,,,,,,,
ENG-Premier League,2526,Sunderland,Jack Whittaker,,,,,,,,,,,,,,,,,,,,,,,,,,,,,,,,,,,0,,0,0,,1,,,,,,,,,,,,,,,,,,,,,,,,,,,,,,,
ENG-Premier League,2526,Sunderland,Jaydon Jones,,,,,,,,,,,,,,,,,,,,,,,,,,,,,,,,,,,0,,0,0,,1,,,,,,,,,,,,,,,,,,,,,,,,,,,,,,,
ENG-Premier League,2526,Sunderland,Jenson Jones,,,,,,,,,,,,,,,,,,,,,,,,,,,,,,,,,,,0,,0,0,,7,,,,,,,,,,,,,,,,,,,,,,,,,,,,,,,
ENG-Premier League,2526,Sunderland,Leo Fuhr Hjelde,,,,,,,,,,,,,,,,,,,,,,,,,,,,,,,,,,,0,,0,0,,5,,,,,,,,,,,,,,,,,,,,,,,,,,,,,,,
ENG-Premier League,2526,Sunderland,Milan Aleksić,,,,,,,,,,,,,,,,,,,,,,,,,,,,,,,,,,,0,,0,0,,2,,,,,,,,,,,,,,,,,,,,,,,,,,,,,,,
ENG-Premier League,2526,Sunderland,Simon Moore,,,,,,,,,,,,,,,,,,,,,,,,,,,,,,,,,,,0,,0,0,,4,,,,,,,,,,,,,,,,,,,,,,,,,,,,,,,
ENG-Premier League,2526,Sunderland,Timur Tuterov,,,,,,,,,,,,,,,,,,,,,,,,,,,,,,,,,,,0,,0,0,,4,,,,,,,,,,,,,,,,,,,,,,,,,,,,,,,
ENG-Premier League,2526,Tottenham,Brandon Austin,,,,,,,,,,,,,,,,,,,,,,,,,,,,,,,,,,,0,,0,0,,10,,,,,,,,,,,,,,,,,,,,,,,,,,,,,,,
ENG-Premier League,2526,Tottenham,James Wilson,,,,,,,,,,,,,,,,,,,,,,,,,,,,,,,,,,,0,,0,0,,2,,,,,,,,,,,,,,,,,,,,,,,,,,,,,,,
ENG-Premier League,2526,Tottenham,Kōta Takai,,,,,,,,,,,,,,,,,,,,,,,,,,,,,,,,,,,0,,0,0,,1,,,,,,,,,,,,,,,,,,,,,,,,,,,,,,,
ENG-Premier League,2526,Tottenham,Luca Williams Barnett,,,,,,,,,,,,,,,,,,,,,,,,,,,,,,,,,,,0,,0,0,,6,,,,,,,,,,,,,,,,,,,,,,,,,,,,,,,
ENG-Premier League,2526,Tottenham,Luka Vušković,,,,,,,,,,,,,,,,,,,,,,,,,,,,,,,,,,,0,,0,0,,2,,,,,,,,,,,,,,,,,,,,,,,,,,,,,,,
ENG-Premier League,2526,Tottenham,Manor Solomon,,,,,,,,,,,,,,,,,,,,,,,,,,,,,,,,,,,0,,0,0,,1,,,,,,,,,,,,,,,,,,,,,,,,,,,,,,,
ENG-Premier League,2526,Tottenham,Rio Kyerematen,,,,,,,,,,,,,,,,,,,,,,,,,,,,,,,,,,,0,,0,0,,2,,,,,,,,,,,,,,,,,,,,,,,,,,,,,,,
ENG-Premier League,2526,Tottenham,Yusuf Akhamrich,,,,,,,,,,,,,,,,,,,,,,,,,,,,,,,,,,,0,,0,0,,1,,,,,,,,,,,,,,,,,,,,,,,,,,,,,,,
ENG-Premier League,2526,West Ham,Airidas Golambeckis,,,,,,,,,,,,,,,,,,,,,,,,,,,,,,,,,,,0,,0,0,,4,,,,,,,,,,,,,,,,,,,,,,,,,,,,,,,
ENG-Premier League,2526,West Ham,Edson Álvarez,,,,,,,,,,,,,,,,,,,,,,,,,,,,,,,,,,,0,,0,0,,1,,,,,,,,,,,,,,,,,,,,,,,,,,,,,,,
ENG-Premier League,2526,West Ham,Finlay Herrick,,,,,,,,,,,,,,,,,,,,,,,,,,,,,,,,,,,0,,0,0,,1,,,,,,,,,,,,,,,,,,,,,,,,,,,,,,,
ENG-Premier League,2526,West Ham,Keiber Lamadrid,,,,,,,,,,,,,,,,,,,,,,,,,,,,,,,,,,,0,,0,0,,3,,,,,,,,,,,,,,,,,,,,,,,,,,,,,,,
ENG-Premier League,2526,West Ham,Łukasz Fabiański,,,,,,,,,,,,,,,,,,,,,,,,,,,,,,,,,,,0,,0,0,,1,,,,,,,,,,,,,,,,,,,,,,,,,,,,,,,
ENG-Premier League,2526,Wolves,Alfie Brooks,,,,,,,,,,,,,,,,,,,,,,,,,,,,,,,,,,,0,,0,0,,1,,,,,,,,,,,,,,,,,,,,,,,,,,,,,,,
ENG-Premier League,2526,Wolves,Alfie Pond,,,,,,,,,,,,,,,,,,,,,,,,,,,,,,,,,,,0,,0,0,,1,,,,,,,,,,,,,,,,,,,,,,,,,,,,,,,
ENG-Premier League,2526,Wolves,Enso Gonzalez,,,,,,,,,,,,,,,,,,,,,,,,,,,,,,,,,,,0,,0,0,,4,,,,,,,,,,,,,,,,,,,,,,,,,,,,,,,
ENG-Premier League,2526,Wolves,Ethan Sutherland,,,,,,,,,,,,,,,,,,,,,,,,,,,,,,,,,,,0,,0,0,,3,,,,,,,,,,,,,,,,,,,,,,,,,,,,,,,
ENG-Premier League,2526,Wolves,Josh Gracey,,,,,,,,,,,,,,,,,,,,,,,,,,,,,,,,,,,0,,0,0,,2,,,,,,,,,,,,,,,,,,,,,,,,,,,,,,,
ENG-Premier League,2526,Wolves,Luke Rawlings,,,,,,,,,,,,,,,,,,,,,,,,,,,,,,,,,,,0,,0,0,,5,,,,,,,,,,,,,,,,,,,,,,,,,,,,,,,
ENG-Premier League,2526,Wolves,Saheed Olagunju,,,,,,,,,,,,,,,,,,,,,,,,,,,,,,,,,,,0,,0,0,,5,,,,,,,,,,,,,,,,,,,,,,,,,,,,,,,
ENG-Premier League,2526,Wolves,Temple Ojinnaka,,,,,,,,,,,,,,,,,,,,,,,,,,,,,,,,,,,0,,0,0,,2,,,,,,,,,,,,,,,,,,,,,,,,,,,,,,,
ESP-La Liga,2526,Alavés,Egoitz Muñoz,,,,,,,,,,,,,,,,,,,,,,,,,,,,,,,,,,,0,,0,0,,8,,,,,,,,,,,,,,,,,,,,,,,,,,,,,,,
ESP-La Liga,2526,Alavés,Grégoire Swiderski,,,,,,,,,,,,,,,,,,,,,,,,,,,,,,,,,,,0,,0,0,,13,,,,,,,,,,,,,,,,,,,,,,,,,,,,,,,
ESP-La Liga,2526,Alavés,Izei Hernandez,,,,,,,,,,,,,,,,,,,,,,,,,,,,,,,,,,,0,,0,0,,2,,,,,,,,,,,,,,,,,,,,,,,,,,,,,,,
ESP-La Liga,2526,Alavés,Nikola Maraš,,,,,,,,,,,,,,,,,,,,,,,,,,,,,,,,,,,0,,0,0,,1,,,,,,,,,,,,,,,,,,,,,,,,,,,,,,,
ESP-La Liga,2526,Alavés,Paco Sanz,,,,,,,,,,,,,,,,,,,,,,,,,,,,,,,,,,,0,,0,0,,1,,,,,,,,,,,,,,,,,,,,,,,,,,,,,,,
ESP-La Liga,2526,Alavés,Raúl Fernández,,,,,,,,,,,,,,,,,,,,,,,,,,,,,,,,,,,0,,0,0,,38,,,,,,,,,,,,,,,,,,,,,,,,,,,,,,,
ESP-La Liga,2526,Alavés,Rubén Montero,,,,,,,,,,,,,,,,,,,,,,,,,,,,,,,,,,,0,,0,0,,7,,,,,,,,,,,,,,,,,,,,,,,,,,,,,,,
ESP-La Liga,2526,Alavés,Xanet Olaiz,,,,,,,,,,,,,,,,,,,,,,,,,,,,,,,,,,,0,,0,0,,2,,,,,,,,,,,,,,,,,,,,,,,,,,,,,,,
ESP-La Liga,2526,Athletic Club,Elijah Gift,,,,,,,,,,,,,,,,,,,,,,,,,,,,,,,,,,,0,,0,0,,1,,,,,,,,,,,,,,,,,,,,,,,,,,,,,,,
ESP-La Liga,2526,Athletic Club,Endika Buján,,,,,,,,,,,,,,,,,,,,,,,,,,,,,,,,,,,0,,0,0,,2,,,,,,,,,,,,,,,,,,,,,,,,,,,,,,,
ESP-La Liga,2526,Athletic Club,Ibon Sánchez,,,,,,,,,,,,,,,,,,,,,,,,,,,,,,,,,,,0,,0,0,,1,,,,,,,,,,,,,,,,,,,,,,,,,,,,,,,
ESP-La Liga,2526,Athletic Club,Iker Monreal,,,,,,,,,,,,,,,,,,,,,,,,,,,,,,,,,,,0,,0,0,,14,,,,,,,,,,,,,,,,,,,,,,,,,,,,,,,
ESP-La Liga,2526,Athletic Club,Jon de Luis,,,,,,,,,,,,,,,,,,,,,,,,,,,,,,,,,,,0,,0,0,,6,,,,,,,,,,,,,,,,,,,,,,,,,,,,,,,
ESP-La Liga,2526,Athletic Club,Mikel Santos,,,,,,,,,,,,,,,,,,,,,,,,,,,,,,,,,,,0,,0,0,,3,,,,,,,,,,,,,,,,,,,,,,,,,,,,,,,
ESP-La Liga,2526,Athletic Club,Unai Eguíluz,,,,,,,,,,,,,,,,,,,,,,,,,,,,,,,,,,,0,,0,0,,2,,,,,,,,,,,,,,,,,,,,,,,,,,,,,,,
ESP-La Liga,2526,Athletic Club,Unai Vencedor Paris,,,,,,,,,,,,,,,,,,,,,,,,,,,,,,,,,,,0,,0,0,,1,,,,,,,,,,,,,,,,,,,,,,,,,,,,,,,
ESP-La Liga,2526,Atlético Madrid,Alvaro Moreno,,,,,,,,,,,,,,,,,,,,,,,,,,,,,,,,,,,0,,0,0,,1,,,,,,,,,,,,,,,,,,,,,,,,,,,,,,,
ESP-La Liga,2526,Atlético Madrid,Carlos Martín,,,,,,,,,,,,,,,,,,,,,,,,,,,,,,,,,,,0,,0,0,,18,,,,,,,,,,,,,,,,,,,,,,,,,,,,,,,
ESP-La Liga,2526,Atlético Madrid,Gerónimo Spina,,,,,,,,,,,,,,,,,,,,,,,,,,,,,,,,,,,0,,0,0,,1,,,,,,,,,,,,,,,,,,,,,,,,,,,,,,,
ESP-La Liga,2526,Atlético Madrid,Ilias Kostis,,,,,,,,,,,,,,,,,,,,,,,,,,,,,,,,,,,0,,0,0,,1,,,,,,,,,,,,,,,,,,,,,,,,,,,,,,,
ESP-La Liga,2526,Atlético Madrid,Javier Serrano,,,,,,,,,,,,,,,,,,,,,,,,,,,,,,,,,,,0,,0,0,,1,,,,,,,,,,,,,,,,,,,,,,,,,,,,,,,
ESP-La Liga,2526,Atlético Madrid,Mario de Luis,,,,,,,,,,,,,,,,,,,,,,,,,,,,,,,,,,,0,,0,0,,5,,,,,,,,,,,,,,,,,,,,,,,,,,,,,,,
ESP-La Liga,2526,Atlético Madrid,Salvi Esquivel,,,,,,,,,,,,,,,,,,,,,,,,,,,,,,,,,,,0,,0,0,,27,,,,,,,,,,,,,,,,,,,,,,,,,,,,,,,
ESP-La Liga,2526,Atlético Madrid,Sergio Esteban,,,,,,,,,,,,,,,,,,,,,,,,,,,,,,,,,,,0,,0,0,,1,,,,,,,,,,,,,,,,,,,,,,,,,,,,,,,
ESP-La Liga,2526,Barcelona,Diego Kochen,,,,,,,,,,,,,,,,,,,,,,,,,,,,,,,,,,,0,,0,0,,25,,,,,,,,,,,,,,,,,,,,,,,,,,,,,,,
ESP-La Liga,2526,Barcelona,Eder Aller,,,,,,,,,,,,,,,,,,,,,,,,,,,,,,,,,,,0,,0,0,,16,,,,,,,,,,,,,,,,,,,,,,,,,,,,,,,
ESP-La Liga,2526,Barcelona,Guillermo Fernandez,,,,,,,,,,,,,,,,,,,,,,,,,,,,,,,,,,,0,,0,0,,1,,,,,,,,,,,,,,,,,,,,,,,,,,,,,,,
ESP-La Liga,2526,Barcelona,Iñaki Peña,,,,,,,,,,,,,,,,,,,,,,,,,,,,,,,,,,,0,,0,0,,2,,,,,,,,,,,,,,,,,,,,,,,,,,,,,,,
ESP-La Liga,2526,Barcelona,Juan Hernández,,,,,,,,,,,,,,,,,,,,,,,,,,,,,,,,,,,0,,0,0,,2,,,,,,,,,,,,,,,,,,,,,,,,,,,,,,,
ESP-La Liga,2526,Barcelona,Marc-André ter Stegen,,,,,,,,,,,,,,,,,,,,,,,,,,,,,,,,,,,0,,0,0,,4,,,,,,,,,,,,,,,,,,,,,,,,,,,,,,,
ESP-La Liga,2526,Celta Vigo,Franco Cervi,,,,,,,,,,,,,,,,,,,,,,,,,,,,,,,,,,,0,,0,0,,10,,,,,,,,,,,,,,,,,,,,,,,,,,,,,,,
ESP-La Liga,2526,Celta Vigo,Iván Villar,,,,,,,,,,,,,,,,,,,,,,,,,,,,,,,,,,,0,,0,0,,38,,,,,,,,,,,,,,,,,,,,,,,,,,,,,,,
ESP-La Liga,2526,Celta Vigo,Ángel Arcos,,,,,,,,,,,,,,,,,,,,,,,,,,,,,,,,,,,0,,0,0,,1,,,,,,,,,,,,,,,,,,,,,,,,,,,,,,,
ESP-La Liga,2526,Elche,Albert Niculaesei,,,,,,,,,,,,,,,,,,,,,,,,,,,,,,,,,,,0,,0,0,,1,,,,,,,,,,,,,,,,,,,,,,,,,,,,,,,
ESP-La Liga,2526,Elche,Alejandro Iturbe,,,,,,,,,,,,,,,,,,,,,,,,,,,,,,,,,,,0,,0,0,,27,,,,,,,,,,,,,,,,,,,,,,,,,,,,,,,
ESP-La Liga,2526,Elche,Alex Herráiz,,,,,,,,,,,,,,,,,,,,,,,,,,,,,,,,,,,0,,0,0,,2,,,,,,,,,,,,,,,,,,,,,,,,,,,,,,,
ESP-La Liga,2526,Elche,Antonio Martínez,,,,,,,,,,,,,,,,,,,,,,,,,,,,,,,,,,,0,,0,0,,1,,,,,,,,,,,,,,,,,,,,,,,,,,,,,,,
ESP-La Liga,2526,Elche,Bema Sina,,,,,,,,,,,,,,,,,,,,,,,,,,,,,,,,,,,0,,0,0,,1,,,,,,,,,,,,,,,,,,,,,,,,,,,,,,,
ESP-La Liga,2526,Elche,Daniel Ballesteros,,,,,,,,,,,,,,,,,,,,,,,,,,,,,,,,,,,0,,0,0,,1,,,,,,,,,,,,,,,,,,,,,,,,,,,,,,,
ESP-La Liga,2526,Elche,David Delgado,,,,,,,,,,,,,,,,,,,,,,,,,,,,,,,,,,,0,,0,0,,8,,,,,,,,,,,,,,,,,,,,,,,,,,,,,,,
ESP-La Liga,2526,Elche,Juan Piera,,,,,,,,,,,,,,,,,,,,,,,,,,,,,,,,,,,0,,0,0,,3,,,,,,,,,,,,,,,,,,,,,,,,,,,,,,,
ESP-La Liga,2526,Elche,Nico Salvador,,,,,,,,,,,,,,,,,,,,,,,,,,,,,,,,,,,0,,0,0,,1,,,,,,,,,,,,,,,,,,,,,,,,,,,,,,,
ESP-La Liga,2526,Elche,Pablo Felipe,,,,,,,,,,,,,,,,,,,,,,,,,,,,,,,,,,,0,,0,0,,1,,,,,,,,,,,,,,,,,,,,,,,,,,,,,,,
ESP-La Liga,2526,Espanyol,Adama Timera,,,,,,,,,,,,,,,,,,,,,,,,,,,,,,,,,,,0,,0,0,,4,,,,,,,,,,,,,,,,,,,,,,,,,,,,,,,
ESP-La Liga,2526,Espanyol,Alex Almansa,,,,,,,,,,,,,,,,,,,,,,,,,,,,,,,,,,,0,,0,0,,1,,,,,,,,,,,,,,,,,,,,,,,,,,,,,,,
ESP-La Liga,2526,Espanyol,Ferran Gómez,,,,,,,,,,,,,,,,,,,,,,,,,,,,,,,,,,,0,,0,0,,6,,,,,,,,,,,,,,,,,,,,,,,,,,,,,,,
ESP-La Liga,2526,Espanyol,Javier Hernández,,,,,,,,,,,,,,,,,,,,,,,,,,,,,,,,,,,0,,0,0,,12,,,,,,,,,,,,,,,,,,,,,,,,,,,,,,,
ESP-La Liga,2526,Espanyol,Llorenç Serred,,,,,,,,,,,,,,,,,,,,,,,,,,,,,,,,,,,0,,0,0,,2,,,,,,,,,,,,,,,,,,,,,,,,,,,,,,,
ESP-La Liga,2526,Espanyol,Miguel Londoño,,,,,,,,,,,,,,,,,,,,,,,,,,,,,,,,,,,0,,0,0,,2,,,,,,,,,,,,,,,,,,,,,,,,,,,,,,,
ESP-La Liga,2526,Espanyol,Pablo Ramon,,,,,,,,,,,,,,,,,,,,,,,,,,,,,,,,,,,0,,0,0,,2,,,,,,,,,,,,,,,,,,,,,,,,,,,,,,,
ESP-La Liga,2526,Espanyol,Pol Tristán,,,,,,,,,,,,,,,,,,,,,,,,,,,,,,,,,,,0,,0,0,,17,,,,,,,,,,,,,,,,,,,,,,,,,,,,,,,
ESP-La Liga,2526,Espanyol,Rafael Bauza,,,,,,,,,,,,,,,,,,,,,,,,,,,,,,,,,,,0,,0,0,,2,,,,,,,,,,,,,,,,,,,,,,,,,,,,,,,
ESP-La Liga,2526,Espanyol,Roger Hinojo,,,,,,,,,,,,,,,,,,,,,,,,,,,,,,,,,,,0,,0,0,,2,,,,,,,,,,,,,,,,,,,,,,,,,,,,,,,
ESP-La Liga,2526,Getafe,Adrian Riquelme,,,,,,,,,,,,,,,,,,,,,,,,,,,,,,,,,,,0,,0,0,,17,,,,,,,,,,,,,,,,,,,,,,,,,,,,,,,
ESP-La Liga,2526,Getafe,Alberto Risco,,,,,,,,,,,,,,,,,,,,,,,,,,,,,,,,,,,0,,0,0,,3,,,,,,,,,,,,,,,,,,,,,,,,,,,,,,,
ESP-La Liga,2526,Getafe,Diego Ferrer,,,,,,,,,,,,,,,,,,,,,,,,,,,,,,,,,,,0,,0,0,,2,,,,,,,,,,,,,,,,,,,,,,,,,,,,,,,
ESP-La Liga,2526,Getafe,Jiří Letáček,,,,,,,,,,,,,,,,,,,,,,,,,,,,,,,,,,,0,,0,0,,36,,,,,,,,,,,,,,,,,,,,,,,,,,,,,,,
ESP-La Liga,2526,Getafe,Jorge Benito,,,,,,,,,,,,,,,,,,,,,,,,,,,,,,,,,,,0,,0,0,,3,,,,,,,,,,,,,,,,,,,,,,,,,,,,,,,
ESP-La Liga,2526,Getafe,Lucas Laso,,,,,,,,,,,,,,,,,,,,,,,,,,,,,,,,,,,0,,0,0,,10,,,,,,,,,,,,,,,,,,,,,,,,,,,,,,,
ESP-La Liga,2526,Getafe,Marc Vilaplana,,,,,,,,,,,,,,,,,,,,,,,,,,,,,,,,,,,0,,0,0,,3,,,,,,,,,,,,,,,,,,,,,,,,,,,,,,,
ESP-La Liga,2526,Getafe,Mykyta Alexandrov,,,,,,,,,,,,,,,,,,,,,,,,,,,,,,,,,,,0,,0,0,,3,,,,,,,,,,,,,,,,,,,,,,,,,,,,,,,
ESP-La Liga,2526,Getafe,Peter González,,,,,,,,,,,,,,,,,,,,,,,,,,,,,,,,,,,0,,0,0,,3,,,,,,,,,,,,,,,,,,,,,,,,,,,,,,,
ESP-La Liga,2526,Getafe,Yassin Tallal,,,,,,,,,,,,,,,,,,,,,,,,,,,,,,,,,,,0,,0,0,,1,,,,,,,,,,,,,,,,,,,,,,,,,,,,,,,
ESP-La Liga,2526,Girona,Aleksandar Andreev,,,,,,,,,,,,,,,,,,,,,,,,,,,,,,,,,,,0,,0,0,,10,,,,,,,,,,,,,,,,,,,,,,,,,,,,,,,
ESP-La Liga,2526,Girona,Antonio Salguero,,,,,,,,,,,,,,,,,,,,,,,,,,,,,,,,,,,0,,0,0,,3,,,,,,,,,,,,,,,,,,,,,,,,,,,,,,,
ESP-La Liga,2526,Girona,Dominik Livaković,,,,,,,,,,,,,,,,,,,,,,,,,,,,,,,,,,,0,,0,0,,16,,,,,,,,,,,,,,,,,,,,,,,,,,,,,,,
ESP-La Liga,2526,Girona,Gibert Cámara,,,,,,,,,,,,,,,,,,,,,,,,,,,,,,,,,,,0,,0,0,,16,,,,,,,,,,,,,,,,,,,,,,,,,,,,,,,
ESP-La Liga,2526,Girona,Javier Sarasa,,,,,,,,,,,,,,,,,,,,,,,,,,,,,,,,,,,0,,0,0,,1,,,,,,,,,,,,,,,,,,,,,,,,,,,,,,,
ESP-La Liga,2526,Girona,Juan Carlos,,,,,,,,,,,,,,,,,,,,,,,,,,,,,,,,,,,0,,0,0,,2,,,,,,,,,,,,,,,,,,,,,,,,,,,,,,,
ESP-La Liga,2526,Girona,Papa Ba,,,,,,,,,,,,,,,,,,,,,,,,,,,,,,,,,,,0,,0,0,,16,,,,,,,,,,,,,,,,,,,,,,,,,,,,,,,
ESP-La Liga,2526,Girona,Pol Arnau,,,,,,,,,,,,,,,,,,,,,,,,,,,,,,,,,,,0,,0,0,,2,,,,,,,,,,,,,,,,,,,,,,,,,,,,,,,
ESP-La Liga,2526,Girona,Ricard Artero,,,,,,,,,,,,,,,,,,,,,,,,,,,,,,,,,,,0,,0,0,,7,,,,,,,,,,,,,,,,,,,,,,,,,,,,,,,
ESP-La Liga,2526,Girona,Rubén Blanco,,,,,,,,,,,,,,,,,,,,,,,,,,,,,,,,,,,0,,0,0,,15,,,,,,,,,,,,,,,,,,,,,,,,,,,,,,,
ESP-La Liga,2526,Levante,Alejandro Primo,,,,,,,,,,,,,,,,,,,,,,,,,,,,,,,,,,,0,,0,0,,19,,,,,,,,,,,,,,,,,,,,,,,,,,,,,,,
ESP-La Liga,2526,Levante,Cayetano Romero,,,,,,,,,,,,,,,,,,,,,,,,,,,,,,,,,,,0,,0,0,,2,,,,,,,,,,,,,,,,,,,,,,,,,,,,,,,
ESP-La Liga,2526,Levante,Dani Cervera,,,,,,,,,,,,,,,,,,,,,,,,,,,,,,,,,,,0,,0,0,,1,,,,,,,,,,,,,,,,,,,,,,,,,,,,,,,
ESP-La Liga,2526,Levante,Huseini Nakoha,,,,,,,,,,,,,,,,,,,,,,,,,,,,,,,,,,,0,,0,0,,1,,,,,,,,,,,,,,,,,,,,,,,,,,,,,,,
ESP-La Liga,2526,Levante,Martín Krug,,,,,,,,,,,,,,,,,,,,,,,,,,,,,,,,,,,0,,0,0,,3,,,,,,,,,,,,,,,,,,,,,,,,,,,,,,,
ESP-La Liga,2526,Levante,Ruiz Agustina,,,,,,,,,,,,,,,,,,,,,,,,,,,,,,,,,,,0,,0,0,,1,,,,,,,,,,,,,,,,,,,,,,,,,,,,,,,
ESP-La Liga,2526,Mallorca,Cesc Riba,,,,,,,,,,,,,,,,,,,,,,,,,,,,,,,,,,,0,,0,0,,5,,,,,,,,,,,,,,,,,,,,,,,,,,,,,,,
ESP-La Liga,2526,Mallorca,Daniel Luna,,,,,,,,,,,,,,,,,,,,,,,,,,,,,,,,,,,0,,0,0,,2,,,,,,,,,,,,,,,,,,,,,,,,,,,,,,,
ESP-La Liga,2526,Mallorca,Iliesse Salhi,,,,,,,,,,,,,,,,,,,,,,,,,,,,,,,,,,,0,,0,0,,16,,,,,,,,,,,,,,,,,,,,,,,,,,,,,,,
ESP-La Liga,2526,Mallorca,Iván Cuéllar,,,,,,,,,,,,,,,,,,,,,,,,,,,,,,,,,,,0,,0,0,,31,,,,,,,,,,,,,,,,,,,,,,,,,,,,,,,
ESP-La Liga,2526,Mallorca,Jandro García,,,,,,,,,,,,,,,,,,,,,,,,,,,,,,,,,,,0,,0,0,,5,,,,,,,,,,,,,,,,,,,,,,,,,,,,,,,
ESP-La Liga,2526,Mallorca,Leo Sãnchez,,,,,,,,,,,,,,,,,,,,,,,,,,,,,,,,,,,0,,0,0,,1,,,,,,,,,,,,,,,,,,,,,,,,,,,,,,,
ESP-La Liga,2526,Mallorca,Nil Torreguitart,,,,,,,,,,,,,,,,,,,,,,,,,,,,,,,,,,,0,,0,0,,4,,,,,,,,,,,,,,,,,,,,,,,,,,,,,,,
ESP-La Liga,2526,Mallorca,Rareș Vlad,,,,,,,,,,,,,,,,,,,,,,,,,,,,,,,,,,,0,,0,0,,1,,,,,,,,,,,,,,,,,,,,,,,,,,,,,,,
ESP-La Liga,2526,Osasuna,Dimitrios Stamatakis,,,,,,,,,,,,,,,,,,,,,,,,,,,,,,,,,,,0,,0,0,,15,,,,,,,,,,,,,,,,,,,,,,,,,,,,,,,
ESP-La Liga,2526,Osasuna,Martín Espinal,,,,,,,,,,,,,,,,,,,,,,,,,,,,,,,,,,,0,,0,0,,1,,,,,,,,,,,,,,,,,,,,,,,,,,,,,,,
ESP-La Liga,2526,Osasuna,Mauro Echegoyen,,,,,,,,,,,,,,,,,,,,,,,,,,,,,,,,,,,0,,0,0,,3,,,,,,,,,,,,,,,,,,,,,,,,,,,,,,,
ESP-La Liga,2526,Osasuna,Mikel Serrano García,,,,,,,,,,,,,,,,,,,,,,,,,,,,,,,,,,,0,,0,0,,1,,,,,,,,,,,,,,,,,,,,,,,,,,,,,,,
ESP-La Liga,2526,Osasuna,Rafa Fernández,,,,,,,,,,,,,,,,,,,,,,,,,,,,,,,,,,,0,,0,0,,1,,,,,,,,,,,,,,,,,,,,,,,,,,,,,,,
ESP-La Liga,2526,Osasuna,Raúl Chasco,,,,,,,,,,,,,,,,,,,,,,,,,,,,,,,,,,,0,,0,0,,4,,,,,,,,,,,,,,,,,,,,,,,,,,,,,,,
ESP-La Liga,2526,Oviedo,Adri Fernández,,,,,,,,,,,,,,,,,,,,,,,,,,,,,,,,,,,0,,0,0,,2,,,,,,,,,,,,,,,,,,,,,,,,,,,,,,,
ESP-La Liga,2526,Oviedo,Brandon Domingues,,,,,,,,,,,,,,,,,,,,,,,,,,,,,,,,,,,0,,0,0,,9,,,,,,,,,,,,,,,,,,,,,,,,,,,,,,,
ESP-La Liga,2526,Oviedo,Cheli,,,,,,,,,,,,,,,,,,,,,,,,,,,,,,,,,,,0,,0,0,,2,,,,,,,,,,,,,,,,,,,,,,,,,,,,,,,
ESP-La Liga,2526,Oviedo,Diego Espinosa,,,,,,,,,,,,,,,,,,,,,,,,,,,,,,,,,,,0,,0,0,,2,,,,,,,,,,,,,,,,,,,,,,,,,,,,,,,
ESP-La Liga,2526,Oviedo,Diego Menéndez,,,,,,,,,,,,,,,,,,,,,,,,,,,,,,,,,,,0,,0,0,,1,,,,,,,,,,,,,,,,,,,,,,,,,,,,,,,
ESP-La Liga,2526,Oviedo,Lamine Gueye,,,,,,,,,,,,,,,,,,,,,,,,,,,,,,,,,,,0,,0,0,,7,,,,,,,,,,,,,,,,,,,,,,,,,,,,,,,
ESP-La Liga,2526,Oviedo,Miguel Narváez,,,,,,,,,,,,,,,,,,,,,,,,,,,,,,,,,,,0,,0,0,,9,,,,,,,,,,,,,,,,,,,,,,,,,,,,,,,
ESP-La Liga,2526,Oviedo,Álex Cardero,,,,,,,,,,,,,,,,,,,,,,,,,,,,,,,,,,,0,,0,0,,1,,,,,,,,,,,,,,,,,,,,,,,,,,,,,,,
ESP-La Liga,2526,Rayo Vallecano,Adrián Molina,,,,,,,,,,,,,,,,,,,,,,,,,,,,,,,,,,,0,,0,0,,14,,,,,,,,,,,,,,,,,,,,,,,,,,,,,,,
ESP-La Liga,2526,Rayo Vallecano,Juanpe,,,,,,,,,,,,,,,,,,,,,,,,,,,,,,,,,,,0,,0,0,,11,,,,,,,,,,,,,,,,,,,,,,,,,,,,,,,
ESP-La Liga,2526,Rayo Vallecano,Marco de las Sías,,,,,,,,,,,,,,,,,,,,,,,,,,,,,,,,,,,0,,0,0,,4,,,,,,,,,,,,,,,,,,,,,,,,,,,,,,,
ESP-La Liga,2526,Real Betis,Carlos De Roa,,,,,,,,,,,,,,,,,,,,,,,,,,,,,,,,,,,0,,0,0,,1,,,,,,,,,,,,,,,,,,,,,,,,,,,,,,,
ESP-La Liga,2526,Real Betis,Darling Bladi,,,,,,,,,,,,,,,,,,,,,,,,,,,,,,,,,,,0,,0,0,,2,,,,,,,,,,,,,,,,,,,,,,,,,,,,,,,
ESP-La Liga,2526,Real Betis,Germán García,,,,,,,,,,,,,,,,,,,,,,,,,,,,,,,,,,,0,,0,0,,2,,,,,,,,,,,,,,,,,,,,,,,,,,,,,,,
ESP-La Liga,2526,Real Betis,Iker Losada,,,,,,,,,,,,,,,,,,,,,,,,,,,,,,,,,,,0,,0,0,,1,,,,,,,,,,,,,,,,,,,,,,,,,,,,,,,
ESP-La Liga,2526,Real Betis,Manu González,,,,,,,,,,,,,,,,,,,,,,,,,,,,,,,,,,,0,,0,0,,2,,,,,,,,,,,,,,,,,,,,,,,,,,,,,,,
ESP-La Liga,2526,Real Betis,Mawuli Mensah,,,,,,,,,,,,,,,,,,,,,,,,,,,,,,,,,,,0,,0,0,,3,,,,,,,,,,,,,,,,,,,,,,,,,,,,,,,
ESP-La Liga,2526,Real Betis,Pablo Busto,,,,,,,,,,,,,,,,,,,,,,,,,,,,,,,,,,,0,,0,0,,1,,,,,,,,,,,,,,,,,,,,,,,,,,,,,,,
ESP-La Liga,2526,Real Betis,Rodrigo Marina,,,,,,,,,,,,,,,,,,,,,,,,,,,,,,,,,,,0,,0,0,,2,,,,,,,,,,,,,,,,,,,,,,,,,,,,,,,
ESP-La Liga,2526,Real Madrid,Alvaro Gonzalez Pozo,,,,,,,,,,,,,,,,,,,,,,,,,,,,,,,,,,,0,,0,0,,1,,,,,,,,,,,,,,,,,,,,,,,,,,,,,,,
ESP-La Liga,2526,Real Madrid,Daniel Mesonero,,,,,,,,,,,,,,,,,,,,,,,,,,,,,,,,,,,0,,0,0,,1,,,,,,,,,,,,,,,,,,,,,,,,,,,,,,,
ESP-La Liga,2526,Real Madrid,Fran,,,,,,,,,,,,,,,,,,,,,,,,,,,,,,,,,,,0,,0,0,,9,,,,,,,,,,,,,,,,,,,,,,,,,,,,,,,
ESP-La Liga,2526,Real Madrid,Javier Navarro,,,,,,,,,,,,,,,,,,,,,,,,,,,,,,,,,,,0,,0,0,,2,,,,,,,,,,,,,,,,,,,,,,,,,,,,,,,
ESP-La Liga,2526,Real Madrid,Jesus Fortea,,,,,,,,,,,,,,,,,,,,,,,,,,,,,,,,,,,0,,0,0,,1,,,,,,,,,,,,,,,,,,,,,,,,,,,,,,,
ESP-La Liga,2526,Real Madrid,Joan Lozano,,,,,,,,,,,,,,,,,,,,,,,,,,,,,,,,,,,0,,0,0,,3,,,,,,,,,,,,,,,,,,,,,,,,,,,,,,,
ESP-La Liga,2526,Real Madrid,Lamini Fati,,,,,,,,,,,,,,,,,,,,,,,,,,,,,,,,,,,0,,0,0,,1,,,,,,,,,,,,,,,,,,,,,,,,,,,,,,,
ESP-La Liga,2526,Real Madrid,Sergio Mestre,,,,,,,,,,,,,,,,,,,,,,,,,,,,,,,,,,,0,,0,0,,29,,,,,,,,,,,,,,,,,,,,,,,,,,,,,,,
ESP-La Liga,2526,Real Sociedad,Aitor Fraga,,,,,,,,,,,,,,,,,,,,,,,,,,,,,,,,,,,0,,0,0,,9,,,,,,,,,,,,,,,,,,,,,,,,,,,,,,,
ESP-La Liga,2526,Real Sociedad,Alex Lebarbier,,,,,,,,,,,,,,,,,,,,,,,,,,,,,,,,,,,0,,0,0,,2,,,,,,,,,,,,,,,,,,,,,,,,,,,,,,,
ESP-La Liga,2526,Real Sociedad,Alex Marchal,,,,,,,,,,,,,,,,,,,,,,,,,,,,,,,,,,,0,,0,0,,1,,,,,,,,,,,,,,,,,,,,,,,,,,,,,,,
ESP-La Liga,2526,Real Sociedad,Hamari Traoré,,,,,,,,,,,,,,,,,,,,,,,,,,,,,,,,,,,0,,0,0,,2,,,,,,,,,,,,,,,,,,,,,,,,,,,,,,,
ESP-La Liga,2526,Real Sociedad,Jon Pacheco,,,,,,,,,,,,,,,,,,,,,,,,,,,,,,,,,,,0,,0,0,,1,,,,,,,,,,,,,,,,,,,,,,,,,,,,,,,
ESP-La Liga,2526,Real Sociedad,Kazunari Kita,,,,,,,,,,,,,,,,,,,,,,,,,,,,,,,,,,,0,,0,0,,1,,,,,,,,,,,,,,,,,,,,,,,,,,,,,,,
ESP-La Liga,2526,Real Sociedad,Kevin Folgado,,,,,,,,,,,,,,,,,,,,,,,,,,,,,,,,,,,0,,0,0,,7,,,,,,,,,,,,,,,,,,,,,,,,,,,,,,,
ESP-La Liga,2526,Real Sociedad,Tomás Carbonell,,,,,,,,,,,,,,,,,,,,,,,,,,,,,,,,,,,0,,0,0,,1,,,,,,,,,,,,,,,,,,,,,,,,,,,,,,,
ESP-La Liga,2526,Sevilla,Alberto López,,,,,,,,,,,,,,,,,,,,,,,,,,,,,,,,,,,0,,0,0,,11,,,,,,,,,,,,,,,,,,,,,,,,,,,,,,,
ESP-La Liga,2526,Sevilla,Edu Altozano,,,,,,,,,,,,,,,,,,,,,,,,,,,,,,,,,,,0,,0,0,,3,,,,,,,,,,,,,,,,,,,,,,,,,,,,,,,
ESP-La Liga,2526,Sevilla,Iker Ortín,,,,,,,,,,,,,,,,,,,,,,,,,,,,,,,,,,,0,,0,0,,1,,,,,,,,,,,,,,,,,,,,,,,,,,,,,,,
ESP-La Liga,2526,Sevilla,Lorenzo Luchino,,,,,,,,,,,,,,,,,,,,,,,,,,,,,,,,,,,0,,0,0,,1,,,,,,,,,,,,,,,,,,,,,,,,,,,,,,,
ESP-La Liga,2526,Sevilla,Nicolás Guilén Peguero,,,,,,,,,,,,,,,,,,,,,,,,,,,,,,,,,,,0,,0,0,,2,,,,,,,,,,,,,,,,,,,,,,,,,,,,,,,
ESP-La Liga,2526,Sevilla,Rafa,,,,,,,,,,,,,,,,,,,,,,,,,,,,,,,,,,,0,,0,0,,3,,,,,,,,,,,,,,,,,,,,,,,,,,,,,,,
ESP-La Liga,2526,Sevilla,Álex Costa,,,,,,,,,,,,,,,,,,,,,,,,,,,,,,,,,,,0,,0,0,,3,,,,,,,,,,,,,,,,,,,,,,,,,,,,,,,
ESP-La Liga,2526,Sevilla,Álvaro Fernández,,,,,,,,,,,,,,,,,,,,,,,,,,,,,,,,,,,0,,0,0,,1,,,,,,,,,,,,,,,,,,,,,,,,,,,,,,,
ESP-La Liga,2526,Valencia,Aaron Mayol,,,,,,,,,,,,,,,,,,,,,,,,,,,,,,,,,,,0,,0,0,,1,,,,,,,,,,,,,,,,,,,,,,,,,,,,,,,
ESP-La Liga,2526,Valencia,Aimar Blazquez,,,,,,,,,,,,,,,,,,,,,,,,,,,,,,,,,,,0,,0,0,,3,,,,,,,,,,,,,,,,,,,,,,,,,,,,,,,
ESP-La Liga,2526,Valencia,Alejandro Panach,,,,,,,,,,,,,,,,,,,,,,,,,,,,,,,,,,,0,,0,0,,8,,,,,,,,,,,,,,,,,,,,,,,,,,,,,,,
ESP-La Liga,2526,Valencia,Cristian,,,,,,,,,,,,,,,,,,,,,,,,,,,,,,,,,,0.0,0,,0,0,,26,3.0,1,0,1,,,,,,,,,,,,,,,,,,,,,,,,,,,
ESP-La Liga,2526,Valencia,David Otorbi,,,,,,,,,,,,,,,,,,,,,,,,,,,,,,,,,,,0,,0,0,,18,,,,,,,,,,,,,,,,,,,,,,,,,,,,,,,
ESP-La Liga,2526,Valencia,Javi Navarro,,,,,,,,,,,,,,,,,,,,,,,,,,,,,,,,,,,0,,0,0,,1,,,,,,,,,,,,,,,,,,,,,,,,,,,,,,,
ESP-La Liga,2526,Valencia,Joel Fontanet,,,,,,,,,,,,,,,,,,,,,,,,,,,,,,,,,,,0,,0,0,,4,,,,,,,,,,,,,,,,,,,,,,,,,,,,,,,
ESP-La Liga,2526,Valencia,Lucas Núñez,,,,,,,,,,,,,,,,,,,,,,,,,,,,,,,,,,,0,,0,0,,10,,,,,,,,,,,,,,,,,,,,,,,,,,,,,,,
ESP-La Liga,2526,Valencia,Marcos Navarro,,,,,,,,,,,,,,,,,,,,,,,,,,,,,,,,,,,0,,0,0,,2,,,,,,,,,,,,,,,,,,,,,,,,,,,,,,,
ESP-La Liga,2526,Valencia,Pablo López,,,,,,,,,,,,,,,,,,,,,,,,,,,,,,,,,,,0,,0,0,,3,,,,,,,,,,,,,,,,,,,,,,,,,,,,,,,
ESP-La Liga,2526,Valencia,Pere García,,,,,,,,,,,,,,,,,,,,,,,,,,,,,,,,,,,0,,0,0,,1,,,,,,,,,,,,,,,,,,,,,,,,,,,,,,,
ESP-La Liga,2526,Valencia,Rubén Muñoz,,,,,,,,,,,,,,,,,,,,,,,,,,,,,,,,,,,0,,0,0,,1,,,,,,,,,,,,,,,,,,,,,,,,,,,,,,,
ESP-La Liga,2526,Valencia,Vicent Abril,,,,,,,,,,,,,,,,,,,,,,,,,,,,,,,,,,,0,,0,0,,10,,,,,,,,,,,,,,,,,,,,,,,,,,,,,,,
ESP-La Liga,2526,Villarreal,Denis Suárez,,,,,,,,,,,,,,,,,,,,,,,,,,,,,,,,,,,0,,0,0,,2,,,,,,,,,,,,,,,,,,,,,,,,,,,,,,,
ESP-La Liga,2526,Villarreal,Diego Conde,,,,,,,,,,,,,,,,,,,,,,,,,,,,,,,,,,,0,,0,0,,11,,,,,,,,,,,,,,,,,,,,,,,,,,,,,,,
ESP-La Liga,2526,Villarreal,Ismael Sierra,,,,,,,,,,,,,,,,,,,,,,,,,,,,,,,,,,,0,,0,0,,1,,,,,,,,,,,,,,,,,,,,,,,,,,,,,,,
ESP-La Liga,2526,Villarreal,Jean Valou,,,,,,,,,,,,,,,,,,,,,,,,,,,,,,,,,,,0,,0,0,,5,,,,,,,,,,,,,,,,,,,,,,,,,,,,,,,
ESP-La Liga,2526,Villarreal,José Ángel Gaitán Diaz,,,,,,,,,,,,,,,,,,,,,,,,,,,,,,,,,,,0,,0,0,,1,,,,,,,,,,,,,,,,,,,,,,,,,,,,,,,
ESP-La Liga,2526,Villarreal,Mahamoud Barry,,,,,,,,,,,,,,,,,,,,,,,,,,,,,,,,,,,0,,0,0,,1,,,,,,,,,,,,,,,,,,,,,,,,,,,,,,,
ESP-La Liga,2526,Villarreal,Rubén Gómez,,,,,,,,,,,,,,,,,,,,,,,,,,,,,,,,,,,0,,0,0,,2,,,,,,,,,,,,,,,,,,,,,,,,,,,,,,,
FRA-Ligue 1,2526,Angers,Ilann Garin,,,,,,,,,,,,,,,,,,,,,,,,,,,,,,,,,,,0,,0,0,,2,,,,,,,,,,,,,,,,,,,,,,,,,,,,,,,
FRA-Ligue 1,2526,Angers,Maël Gernigon,,,,,,,,,,,,,,,,,,,,,,,,,,,,,,,,,,,0,,0,0,,5,,,,,,,,,,,,,,,,,,,,,,,,,,,,,,,
FRA-Ligue 1,2526,Angers,Yahya Jlidi,,,,,,,,,,,,,,,,,,,,,,,,,,,,,,,,,,,0,,0,0,,1,,,,,,,,,,,,,,,,,,,,,,,,,,,,,,,
FRA-Ligue 1,2526,Angers,Yann Llahona Bonaterra,,,,,,,,,,,,,,,,,,,,,,,,,,,,,,,,,,,0,,0,0,,1,,,,,,,,,,,,,,,,,,,,,,,,,,,,,,,
FRA-Ligue 1,2526,Auxerre,Ado Onaiwu,,,,,,,,,,,,,,,,,,,,,,,,,,,,,,,,,,,0,,0,0,,1,,,,,,,,,,,,,,,,,,,,,,,,,,,,,,,
FRA-Ligue 1,2526,Auxerre,Alvin Petit Dol,,,,,,,,,,,,,,,,,,,,,,,,,,,,,,,,,,,0,,0,0,,8,,,,,,,,,,,,,,,,,,,,,,,,,,,,,,,
FRA-Ligue 1,2526,Auxerre,Elikya Legros,,,,,,,,,,,,,,,,,,,,,,,,,,,,,,,,,,,0,,0,0,,3,,,,,,,,,,,,,,,,,,,,,,,,,,,,,,,
FRA-Ligue 1,2526,Auxerre,Evan Diamalunda,,,,,,,,,,,,,,,,,,,,,,,,,,,,,,,,,,,0,,0,0,,4,,,,,,,,,,,,,,,,,,,,,,,,,,,,,,,
FRA-Ligue 1,2526,Auxerre,Lamfia Dioubaté,,,,,,,,,,,,,,,,,,,,,,,,,,,,,,,,,,,0,,0,0,,1,,,,,,,,,,,,,,,,,,,,,,,,,,,,,,,
FRA-Ligue 1,2526,Auxerre,Louis Mezerette,,,,,,,,,,,,,,,,,,,,,,,,,,,,,,,,,,,0,,0,0,,2,,,,,,,,,,,,,,,,,,,,,,,,,,,,,,,
FRA-Ligue 1,2526,Auxerre,Saad Agouzoul,,,,,,,,,,,,,,,,,,,,,,,,,,,,,,,,,,,0,,0,0,,2,,,,,,,,,,,,,,,,,,,,,,,,,,,,,,,
FRA-Ligue 1,2526,Auxerre,Tom Negrel,,,,,,,,,,,,,,,,,,,,,,,,,,,,,,,,,,,0,,0,0,,6,,,,,,,,,,,,,,,,,,,,,,,,,,,,,,,
FRA-Ligue 1,2526,Brest,Axel Lassus,,,,,,,,,,,,,,,,,,,,,,,,,,,,,,,,,,,0,,0,0,,4,,,,,,,,,,,,,,,,,,,,,,,,,,,,,,,
FRA-Ligue 1,2526,Brest,Hianga'a Mbock,,,,,,,,,,,,,,,,,,,,,,,,,,,,,,,,,,,0,,0,0,,2,,,,,,,,,,,,,,,,,,,,,,,,,,,,,,,
FRA-Ligue 1,2526,Brest,Noah Jauny,,,,,,,,,,,,,,,,,,,,,,,,,,,,,,,,,,,0,,0,0,,11,,,,,,,,,,,,,,,,,,,,,,,,,,,,,,,
FRA-Ligue 1,2526,Le Havre,Adams Diabaté,,,,,,,,,,,,,,,,,,,,,,,,,,,,,,,,,,,0,,0,0,,1,,,,,,,,,,,,,,,,,,,,,,,,,,,,,,,
FRA-Ligue 1,2526,Le Havre,Alex Teixeira,,,,,,,,,,,,,,,,,,,,,,,,,,,,,,,,,,,0,,0,0,,1,,,,,,,,,,,,,,,,,,,,,,,,,,,,,,,
FRA-Ligue 1,2526,Le Havre,Aliou Thiaré,,,,,,,,,,,,,,,,,,,,,,,,,,,,,,,,,,,0,,0,0,,1,,,,,,,,,,,,,,,,,,,,,,,,,,,,,,,
FRA-Ligue 1,2526,Le Havre,Guy Zohouri,,,,,,,,,,,,,,,,,,,,,,,,,,,,,,,,,,,0,,0,0,,1,,,,,,,,,,,,,,,,,,,,,,,,,,,,,,,
FRA-Ligue 1,2526,Le Havre,Ismaïl Bouneb,,,,,,,,,,,,,,,,,,,,,,,,,,,,,,,,,,,0,,0,0,,1,,,,,,,,,,,,,,,,,,,,,,,,,,,,,,,
FRA-Ligue 1,2526,Le Havre,Thierno Bah,,,,,,,,,,,,,,,,,,,,,,,,,,,,,,,,,,,0,,0,0,,1,,,,,,,,,,,,,,,,,,,,,,,,,,,,,,,
FRA-Ligue 1,2526,Le Havre,Thomas Rousseau,,,,,,,,,,,,,,,,,,,,,,,,,,,,,,,,,,,0,,0,0,,1,,,,,,,,,,,,,,,,,,,,,,,,,,,,,,,
FRA-Ligue 1,2526,Le Havre,Yanis Beau Djellel,,,,,,,,,,,,,,,,,,,,,,,,,,,,,,,,,,,0,,0,0,,2,,,,,,,,,,,,,,,,,,,,,,,,,,,,,,,
FRA-Ligue 1,2526,Lens,Adam Delplace,,,,,,,,,,,,,,,,,,,,,,,,,,,,,,,,,,,0,,0,0,,1,,,,,,,,,,,,,,,,,,,,,,,,,,,,,,,
FRA-Ligue 1,2526,Lens,Hamzat Ojediran,,,,,,,,,,,,,,,,,,,,,,,,,,,,,,,,,,,0,,0,0,,6,,,,,,,,,,,,,,,,,,,,,,,,,,,,,,,
FRA-Ligue 1,2526,Lens,Ilan Jourdren,,,,,,,,,,,,,,,,,,,,,,,,,,,,,,,,,,,0,,0,0,,1,,,,,,,,,,,,,,,,,,,,,,,,,,,,,,,
FRA-Ligue 1,2526,Lens,Jhoanner Chávez,,,,,,,,,,,,,,,,,,,,,,,,,,,,,,,,,,,0,,0,0,,3,,,,,,,,,,,,,,,,,,,,,,,,,,,,,,,
FRA-Ligue 1,2526,Lens,Oscar Lenne,,,,,,,,,,,,,,,,,,,,,,,,,,,,,,,,,,,0,,0,0,,3,,,,,,,,,,,,,,,,,,,,,,,,,,,,,,,
FRA-Ligue 1,2526,Lens,Régis Gurtner,,,,,,,,,,,,,,,,,,,,,,,,,,,,,,,,,,,0,,0,0,,17,,,,,,,,,,,,,,,,,,,,,,,,,,,,,,,
FRA-Ligue 1,2526,Lille,Angel Yondjo Matah,,,,,,,,,,,,,,,,,,,,,,,,,,,,,,,,,,,0,,0,0,,1,,,,,,,,,,,,,,,,,,,,,,,,,,,,,,,
FRA-Ligue 1,2526,Lille,Edon Zhegrova,,,,,,,,,,,,,,,,,,,,,,,,,,,,,,,,,,,0,,0,0,,1,,,,,,,,,,,,,,,,,,,,,,,,,,,,,,,
FRA-Ligue 1,2526,Lille,Isaac Cossier,,,,,,,,,,,,,,,,,,,,,,,,,,,,,,,,,,,0,,0,0,,1,,,,,,,,,,,,,,,,,,,,,,,,,,,,,,,
FRA-Ligue 1,2526,Lille,Lilian Baret,,,,,,,,,,,,,,,,,,,,,,,,,,,,,,,,,,,0,,0,0,,3,,,,,,,,,,,,,,,,,,,,,,,,,,,,,,,
FRA-Ligue 1,2526,Lille,Saad Boussadia,,,,,,,,,,,,,,,,,,,,,,,,,,,,,,,,,,,0,,0,0,,4,,,,,,,,,,,,,,,,,,,,,,,,,,,,,,,
FRA-Ligue 1,2526,Lille,Thomas Sajous,,,,,,,,,,,,,,,,,,,,,,,,,,,,,,,,,,,0,,0,0,,3,,,,,,,,,,,,,,,,,,,,,,,,,,,,,,,
FRA-Ligue 1,2526,Lorient,Bandiougou Fadiga,,,,,,,,,,,,,,,,,,,,,,,,,,,,,,,,,,,0,,0,0,,3,,,,,,,,,,,,,,,,,,,,,,,,,,,,,,,
FRA-Ligue 1,2526,Lorient,Benjamin Leroy,,,,,,,,,,,,,,,,,,,,,,,,,,,,,,,,,,,0,,0,0,,4,,,,,,,,,,,,,,,,,,,,,,,,,,,,,,,
FRA-Ligue 1,2526,Lorient,Daniel Semedo,,,,,,,,,,,,,,,,,,,,,,,,,,,,,,,,,,,0,,0,0,,1,,,,,,,,,,,,,,,,,,,,,,,,,,,,,,,
FRA-Ligue 1,2526,Lorient,Isaac Monnier,,,,,,,,,,,,,,,,,,,,,,,,,,,,,,,,,,,0,,0,0,,7,,,,,,,,,,,,,,,,,,,,,,,,,,,,,,,
FRA-Ligue 1,2526,Lorient,Izak Akakpo,,,,,,,,,,,,,,,,,,,,,,,,,,,,,,,,,,,0,,0,0,,3,,,,,,,,,,,,,,,,,,,,,,,,,,,,,,,
FRA-Ligue 1,2526,Lorient,Lucas Leaudais,,,,,,,,,,,,,,,,,,,,,,,,,,,,,,,,,,,0,,0,0,,6,,,,,,,,,,,,,,,,,,,,,,,,,,,,,,,
FRA-Ligue 1,2526,Lorient,Mamadou Koné,,,,,,,,,,,,,,,,,,,,,,,,,,,,,,,,,,,0,,0,0,,1,,,,,,,,,,,,,,,,,,,,,,,,,,,,,,,
FRA-Ligue 1,2526,Lorient,Sohan Baldoni,,,,,,,,,,,,,,,,,,,,,,,,,,,,,,,,,,,0,,0,0,,1,,,,,,,,,,,,,,,,,,,,,,,,,,,,,,,
FRA-Ligue 1,2526,Lorient,Stevan Siba,,,,,,,,,,,,,,,,,,,,,,,,,,,,,,,,,,,0,,0,0,,7,,,,,,,,,,,,,,,,,,,,,,,,,,,,,,,
FRA-Ligue 1,2526,Lorient,Trevan Sanusi,,,,,,,,,,,,,,,,,,,,,,,,,,,,,,,,,,,0,,0,0,,5,,,,,,,,,,,,,,,,,,,,,,,,,,,,,,,
FRA-Ligue 1,2526,Lyon,Alejandro Rodriguez,,,,,,,,,,,,,,,,,,,,,,,,,,,,,,,,,,,0,,0,0,,14,,,,,,,,,,,,,,,,,,,,,,,,,,,,,,,
FRA-Ligue 1,2526,Lyon,Fallou Fall,,,,,,,,,,,,,,,,,,,,,,,,,,,,,,,,,,,0,,0,0,,1,,,,,,,,,,,,,,,,,,,,,,,,,,,,,,,
FRA-Ligue 1,2526,Lyon,Lassine Diarra,,,,,,,,,,,,,,,,,,,,,,,,,,,,,,,,,,,0,,0,0,,8,,,,,,,,,,,,,,,,,,,,,,,,,,,,,,,
FRA-Ligue 1,2526,Lyon,Matthias Da Silva,,,,,,,,,,,,,,,,,,,,,,,,,,,,,,,,,,,0,,0,0,,2,,,,,,,,,,,,,,,,,,,,,,,,,,,,,,,
FRA-Ligue 1,2526,Lyon,Tiago Goncalves,,,,,,,,,,,,,,,,,,,,,,,,,,,,,,,,,,,0,,0,0,,2,,,,,,,,,,,,,,,,,,,,,,,,,,,,,,,
FRA-Ligue 1,2526,Lyon,Tiago Silva,,,,,,,,,,,,,,,,,,,,,,,,,,,,,,,,,,,0,,0,0,,3,,,,,,,,,,,,,,,,,,,,,,,,,,,,,,,
FRA-Ligue 1,2526,Lyon,Téo Barisic,,,,,,,,,,,,,,,,,,,,,,,,,,,,,,,,,,,0,,0,0,,7,,,,,,,,,,,,,,,,,,,,,,,,,,,,,,,
FRA-Ligue 1,2526,Lyon,Yvann Konan,,,,,,,,,,,,,,,,,,,,,,,,,,,,,,,,,,,0,,0,0,,1,,,,,,,,,,,,,,,,,,,,,,,,,,,,,,,
FRA-Ligue 1,2526,Marseille,Amine Harit,,,,,,,,,,,,,,,,,,,,,,,,,,,,,,,,,,,0,,0,0,,2,,,,,,,,,,,,,,,,,,,,,,,,,,,,,,,
FRA-Ligue 1,2526,Marseille,Fodé Camara,,,,,,,,,,,,,,,,,,,,,,,,,,,,,,,,,,,0,,0,0,,1,,,,,,,,,,,,,,,,,,,,,,,,,,,,,,,
FRA-Ligue 1,2526,Marseille,Kelyann Bezahaf,,,,,,,,,,,,,,,,,,,,,,,,,,,,,,,,,,,0,,0,0,,2,,,,,,,,,,,,,,,,,,,,,,,,,,,,,,,
FRA-Ligue 1,2526,Marseille,Keyliane Abdallah,,,,,,,,,,,,,,,,,,,,,,,,,,,,,,,,,,,0,,0,0,,1,,,,,,,,,,,,,,,,,,,,,,,,,,,,,,,
FRA-Ligue 1,2526,Marseille,Pladi Nzinga Pambani,,,,,,,,,,,,,,,,,,,,,,,,,,,,,,,,,,,0,,0,0,,1,,,,,,,,,,,,,,,,,,,,,,,,,,,,,,,
FRA-Ligue 1,2526,Marseille,Théo Vermot,,,,,,,,,,,,,,,,,,,,,,,,,,,,,,,,,,,0,,0,0,,2,,,,,,,,,,,,,,,,,,,,,,,,,,,,,,,
FRA-Ligue 1,2526,Metz,Kévin Van Den Kerkhof,,,,,,,,,,,,,,,,,,,,,,,,,,,,,,,,,,,0,,0,0,,1,,,,,,,,,,,,,,,,,,,,,,,,,,,,,,,
FRA-Ligue 1,2526,Metz,Moustapha Diop,,,,,,,,,,,,,,,,,,,,,,,,,,,,,,,,,,,0,,0,0,,6,,,,,,,,,,,,,,,,,,,,,,,,,,,,,,,
FRA-Ligue 1,2526,Metz,Ousmane Ba,,,,,,,,,,,,,,,,,,,,,,,,,,,,,,,,,,,0,,0,0,,15,,,,,,,,,,,,,,,,,,,,,,,,,,,,,,,
FRA-Ligue 1,2526,Metz,Romain Jean-Baptsiste,,,,,,,,,,,,,,,,,,,,,,,,,,,,,,,,,,,0,,0,0,,3,,,,,,,,,,,,,,,,,,,,,,,,,,,,,,,
FRA-Ligue 1,2526,Metz,Yannis Lawson,,,,,,,,,,,,,,,,,,,,,,,,,,,,,,,,,,,0,,0,0,,1,,,,,,,,,,,,,,,,,,,,,,,,,,,,,,,
FRA-Ligue 1,2526,Monaco,Bradel Kiwa,,,,,,,,,,,,,,,,,,,,,,,,,,,,,,,,,,,0,,0,0,,4,,,,,,,,,,,,,,,,,,,,,,,,,,,,,,,
FRA-Ligue 1,2526,Monaco,Jules Stawiecki,,,,,,,,,,,,,,,,,,,,,,,,,,,,,,,,,,,0,,0,0,,2,,,,,,,,,,,,,,,,,,,,,,,,,,,,,,,
FRA-Ligue 1,2526,Monaco,Matthias Wamu,,,,,,,,,,,,,,,,,,,,,,,,,,,,,,,,,,,0,,0,0,,1,,,,,,,,,,,,,,,,,,,,,,,,,,,,,,,
FRA-Ligue 1,2526,Monaco,Wilfried Singo,,,,,,,,,,,,,,,,,,,,,,,,,,,,,,,,,,,0,,0,0,,2,,,,,,,,,,,,,,,,,,,,,,,,,,,,,,,
FRA-Ligue 1,2526,Monaco,Yann Liénard,,,,,,,,,,,,,,,,,,,,,,,,,,,,,,,,,,,0,,0,0,,17,,,,,,,,,,,,,,,,,,,,,,,,,,,,,,,
FRA-Ligue 1,2526,Nantes,Alexis Mirbach,,,,,,,,,,,,,,,,,,,,,,,,,,,,,,,,,,,0,,0,0,,1,,,,,,,,,,,,,,,,,,,,,,,,,,,,,,,
FRA-Ligue 1,2526,Nantes,Jean-Kevin Duverne,,,,,,,,,,,,,,,,,,,,,,,,,,,,,,,,,,,0,,0,0,,3,,,,,,,,,,,,,,,,,,,,,,,,,,,,,,,
FRA-Ligue 1,2526,Nantes,Junior Doumbia,,,,,,,,,,,,,,,,,,,,,,,,,,,,,,,,,,,0,,0,0,,3,,,,,,,,,,,,,,,,,,,,,,,,,,,,,,,
FRA-Ligue 1,2526,Nantes,Lucas Bonelli,,,,,,,,,,,,,,,,,,,,,,,,,,,,,,,,,,,0,,0,0,,1,,,,,,,,,,,,,,,,,,,,,,,,,,,,,,,
FRA-Ligue 1,2526,Nantes,Sacha Ziani,,,,,,,,,,,,,,,,,,,,,,,,,,,,,,,,,,,0,,0,0,,6,,,,,,,,,,,,,,,,,,,,,,,,,,,,,,,
FRA-Ligue 1,2526,Nice,Bartosz Zelazowski,,,,,,,,,,,,,,,,,,,,,,,,,,,,,,,,,,,0,,0,0,,3,,,,,,,,,,,,,,,,,,,,,,,,,,,,,,,
FRA-Ligue 1,2526,Nice,Enguerrand Bouard,,,,,,,,,,,,,,,,,,,,,,,,,,,,,,,,,,,0,,0,0,,2,,,,,,,,,,,,,,,,,,,,,,,,,,,,,,,
FRA-Ligue 1,2526,Nice,Millan Brignone,,,,,,,,,,,,,,,,,,,,,,,,,,,,,,,,,,,0,,0,0,,1,,,,,,,,,,,,,,,,,,,,,,,,,,,,,,,
FRA-Ligue 1,2526,Nice,Mohamed Abdelmonem,,,,,,,,,,,,,,,,,,,,,,,,,,,,,,,,,,,0,,0,0,,1,,,,,,,,,,,,,,,,,,,,,,,,,,,,,,,
FRA-Ligue 1,2526,Nice,Mousslim Youssouf,,,,,,,,,,,,,,,,,,,,,,,,,,,,,,,,,,,0,,0,0,,1,,,,,,,,,,,,,,,,,,,,,,,,,,,,,,,
FRA-Ligue 1,2526,PSG,Arthur Vignaud,,,,,,,,,,,,,,,,,,,,,,,,,,,,,,,,,,,0,,0,0,,1,,,,,,,,,,,,,,,,,,,,,,,,,,,,,,,
FRA-Ligue 1,2526,PSG,Bilal Laurendon,,,,,,,,,,,,,,,,,,,,,,,,,,,,,,,,,,,0,,0,0,,1,,,,,,,,,,,,,,,,,,,,,,,,,,,,,,,
FRA-Ligue 1,2526,PSG,David Boly,,,,,,,,,,,,,,,,,,,,,,,,,,,,,,,,,,,0,,0,0,,6,,,,,,,,,,,,,,,,,,,,,,,,,,,,,,,
FRA-Ligue 1,2526,PSG,Martin James,,,,,,,,,,,,,,,,,,,,,,,,,,,,,,,,,,,0,,0,0,,3,,,,,,,,,,,,,,,,,,,,,,,,,,,,,,,
FRA-Ligue 1,2526,PSG,Noham Kamara,,,,,,,,,,,,,,,,,,,,,,,,,,,,,,,,,,,0,,0,0,,4,,,,,,,,,,,,,,,,,,,,,,,,,,,,,,,
FRA-Ligue 1,2526,PSG,Samba Coulibaly,,,,,,,,,,,,,,,,,,,,,,,,,,,,,,,,,,,0,,0,0,,1,,,,,,,,,,,,,,,,,,,,,,,,,,,,,,,
FRA-Ligue 1,2526,PSG,Thomas Cordier,,,,,,,,,,,,,,,,,,,,,,,,,,,,,,,,,,,0,,0,0,,2,,,,,,,,,,,,,,,,,,,,,,,,,,,,,,,
FRA-Ligue 1,2526,PSG,Wassim Slama,,,,,,,,,,,,,,,,,,,,,,,,,,,,,,,,,,,0,,0,0,,1,,,,,,,,,,,,,,,,,,,,,,,,,,,,,,,
FRA-Ligue 1,2526,PSG,Yanis Khafi,,,,,,,,,,,,,,,,,,,,,,,,,,,,,,,,,,,0,,0,0,,1,,,,,,,,,,,,,,,,,,,,,,,,,,,,,,,
FRA-Ligue 1,2526,Paris FC,Killian Prouchet,,,,,,,,,,,,,,,,,,,,,,,,,,,,,,,,,,,0,,0,0,,2,,,,,,,,,,,,,,,,,,,,,,,,,,,,,,,
FRA-Ligue 1,2526,Paris FC,Lamine Gueye,,,,,,,,,,,,,,,,,,,,,,,,,,,,,,,,,,,0,,0,0,,1,,,,,,,,,,,,,,,,,,,,,,,,,,,,,,,
FRA-Ligue 1,2526,Paris FC,Rémy Riou,,,,,,,,,,,,,,,,,,,,,,,,,,,,,,,,,,,0,,0,0,,2,,,,,,,,,,,,,,,,,,,,,,,,,,,,,,,
FRA-Ligue 1,2526,Paris FC,Yoan Koré,,,,,,,,,,,,,,,,,,,,,,,,,,,,,,,,,,,0,,0,0,,1,,,,,,,,,,,,,,,,,,,,,,,,,,,,,,,
FRA-Ligue 1,2526,Rennes,Ayoube Akabou,,,,,,,,,,,,,,,,,,,,,,,,,,,,,,,,,,,0,,0,0,,4,,,,,,,,,,,,,,,,,,,,,,,,,,,,,,,
FRA-Ligue 1,2526,Rennes,Chibuike Ugochukwu,,,,,,,,,,,,,,,,,,,,,,,,,,,,,,,,,,,0,,0,0,,1,,,,,,,,,,,,,,,,,,,,,,,,,,,,,,,
FRA-Ligue 1,2526,Rennes,Doğan Alemdar,,,,,,,,,,,,,,,,,,,,,,,,,,,,,,,,,,,0,,0,0,,3,,,,,,,,,,,,,,,,,,,,,,,,,,,,,,,
FRA-Ligue 1,2526,Rennes,Isiaka Soukouna,,,,,,,,,,,,,,,,,,,,,,,,,,,,,,,,,,,0,,0,0,,1,,,,,,,,,,,,,,,,,,,,,,,,,,,,,,,
FRA-Ligue 1,2526,Rennes,Jordan James,,,,,,,,,,,,,,,,,,,,,,,,,,,,,,,,,,,0,,0,0,,1,,,,,,,,,,,,,,,,,,,,,,,,,,,,,,,
FRA-Ligue 1,2526,Rennes,Junior Ake,,,,,,,,,,,,,,,,,,,,,,,,,,,,,,,,,,,0,,0,0,,1,,,,,,,,,,,,,,,,,,,,,,,,,,,,,,,
FRA-Ligue 1,2526,Rennes,Kilian Belazzoug,,,,,,,,,,,,,,,,,,,,,,,,,,,,,,,,,,,0,,0,0,,5,,,,,,,,,,,,,,,,,,,,,,,,,,,,,,,
FRA-Ligue 1,2526,Rennes,Paolo Limon,,,,,,,,,,,,,,,,,,,,,,,,,,,,,,,,,,,0,,0,0,,1,,,,,,,,,,,,,,,,,,,,,,,,,,,,,,,
FRA-Ligue 1,2526,Strasbourg,Eduard Sobol,,,,,,,,,,,,,,,,,,,,,,,,,,,,,,,,,,,0,,0,0,,11,,,,,,,,,,,,,,,,,,,,,,,,,,,,,,,
FRA-Ligue 1,2526,Strasbourg,Gabriel Kerckaert,,,,,,,,,,,,,,,,,,,,,,,,,,,,,,,,,,,0,,0,0,,1,,,,,,,,,,,,,,,,,,,,,,,,,,,,,,,
FRA-Ligue 1,2526,Strasbourg,Ishé Samuels-Smith,,,,,,,,,,,,,,,,,,,,,,,,,,,,,,,,,,,0,,0,0,,1,,,,,,,,,,,,,,,,,,,,,,,,,,,,,,,
FRA-Ligue 1,2526,Strasbourg,Ogbonna Chizurum,,,,,,,,,,,,,,,,,,,,,,,,,,,,,,,,,,,0,,0,0,,1,,,,,,,,,,,,,,,,,,,,,,,,,,,,,,,
FRA-Ligue 1,2526,Strasbourg,Sekou Mara,,,,,,,,,,,,,,,,,,,,,,,,,,,,,,,,,,,0,,0,0,,2,,,,,,,,,,,,,,,,,,,,,,,,,,,,,,,
FRA-Ligue 1,2526,Strasbourg,Soumaïla Coulibaly,,,,,,,,,,,,,,,,,,,,,,,,,,,,,,,,,,,0,,0,0,,1,,,,,,,,,,,,,,,,,,,,,,,,,,,,,,,
FRA-Ligue 1,2526,Strasbourg,Stefan Bajic,,,,,,,,,,,,,,,,,,,,,,,,,,,,,,,,,,,0,,0,0,,11,,,,,,,,,,,,,,,,,,,,,,,,,,,,,,,
FRA-Ligue 1,2526,Strasbourg,Yoann Becker,,,,,,,,,,,,,,,,,,,,,,,,,,,,,,,,,,,0,,0,0,,2,,,,,,,,,,,,,,,,,,,,,,,,,,,,,,,
FRA-Ligue 1,2526,Toulouse,Adam El Ouali,,,,,,,,,,,,,,,,,,,,,,,,,,,,,,,,,,,0,,0,0,,1,,,,,,,,,,,,,,,,,,,,,,,,,,,,,,,
FRA-Ligue 1,2526,Toulouse,Enzo Faty,,,,,,,,,,,,,,,,,,,,,,,,,,,,,,,,,,,0,,0,0,,2,,,,,,,,,,,,,,,,,,,,,,,,,,,,,,,
FRA-Ligue 1,2526,Toulouse,Frédéric Efuele,,,,,,,,,,,,,,,,,,,,,,,,,,,,,,,,,,,0,,0,0,,1,,,,,,,,,,,,,,,,,,,,,,,,,,,,,,,
FRA-Ligue 1,2526,Toulouse,Gaëtan Bakhouche,,,,,,,,,,,,,,,,,,,,,,,,,,,,,,,,,,,0,,0,0,,13,,,,,,,,,,,,,,,,,,,,,,,,,,,,,,,
FRA-Ligue 1,2526,Toulouse,Naime Said Mchindra,,,,,,,,,,,,,,,,,,,,,,,,,,,,,,,,,,,0,,0,0,,11,,,,,,,,,,,,,,,,,,,,,,,,,,,,,,,
FRA-Ligue 1,2526,Toulouse,Niklas Schmidt,,,,,,,,,,,,,,,,,,,,,,,,,,,,,,,,,,,0,,0,0,,4,,,,,,,,,,,,,,,,,,,,,,,,,,,,,,,
FRA-Ligue 1,2526,Toulouse,Noah Lahmadi,,,,,,,,,,,,,,,,,,,,,,,,,,,,,,,,,,,0,,0,0,,6,,,,,,,,,,,,,,,,,,,,,,,,,,,,,,,
FRA-Ligue 1,2526,Toulouse,Thibaud Garondo,,,,,,,,,,,,,,,,,,,,,,,,,,,,,,,,,,,0,,0,0,,3,,,,,,,,,,,,,,,,,,,,,,,,,,,,,,,
FRA-Ligue 1,2526,Toulouse,Álex Domínguez,,,,,,,,,,,,,,,,,,,,,,,,,,,,,,,,,,,0,,0,0,,3,,,,,,,,,,,,,,,,,,,,,,,,,,,,,,,
ITA-Serie A,2526,Atalanta,Albert Escriche,,,,,,,,,,,,,,,,,,,,,,,,,,,,,,,,,,,0,,0,0,,1,,,,,,,,,,,,,,,,,,,,,,,,,,,,,,,
ITA-Serie A,2526,Atalanta,Francesco Rossi,,,,,,,,,,,,,,,,,,,,,,,,,,,,,,,,,,,0,,0,0,,34,,,,,,,,,,,,,,,,,,,,,,,,,,,,,,,
ITA-Serie A,2526,Atalanta,Giovanni Bonfanti,,,,,,,,,,,,,,,,,,,,,,,,,,,,,,,,,,,0,,0,0,,2,,,,,,,,,,,,,,,,,,,,,,,,,,,,,,,
ITA-Serie A,2526,Atalanta,Henry Camara,,,,,,,,,,,,,,,,,,,,,,,,,,,,,,,,,,,0,,0,0,,1,,,,,,,,,,,,,,,,,,,,,,,,,,,,,,,
ITA-Serie A,2526,Atalanta,Ibrahim Sulemana,,,,,,,,,,,,,,,,,,,,,,,,,,,,,,,,,,,0,,0,0,,1,,,,,,,,,,,,,,,,,,,,,,,,,,,,,,,
ITA-Serie A,2526,Atalanta,Pietro Comi,,,,,,,,,,,,,,,,,,,,,,,,,,,,,,,,,,,0,,0,0,,1,,,,,,,,,,,,,,,,,,,,,,,,,,,,,,,
ITA-Serie A,2526,Atalanta,Piotr Pardel,,,,,,,,,,,,,,,,,,,,,,,,,,,,,,,,,,,0,,0,0,,4,,,,,,,,,,,,,,,,,,,,,,,,,,,,,,,
ITA-Serie A,2526,Atalanta,Relja Obrić,,,,,,,,,,,,,,,,,,,,,,,,,,,,,,,,,,,0,,0,0,,14,,,,,,,,,,,,,,,,,,,,,,,,,,,,,,,
ITA-Serie A,2526,Atalanta,Sergej Levak,,,,,,,,,,,,,,,,,,,,,,,,,,,,,,,,,,,0,,0,0,,2,,,,,,,,,,,,,,,,,,,,,,,,,,,,,,,
ITA-Serie A,2526,Bologna,Bodin Tomašević,,,,,,,,,,,,,,,,,,,,,,,,,,,,,,,,,,,0,,0,0,,3,,,,,,,,,,,,,,,,,,,,,,,,,,,,,,,
ITA-Serie A,2526,Bologna,Francesco Castaldo,,,,,,,,,,,,,,,,,,,,,,,,,,,,,,,,,,,0,,0,0,,4,,,,,,,,,,,,,,,,,,,,,,,,,,,,,,,
ITA-Serie A,2526,Bologna,Jesper Karlsson,,,,,,,,,,,,,,,,,,,,,,,,,,,,,,,,,,,0,,0,0,,2,,,,,,,,,,,,,,,,,,,,,,,,,,,,,,,
ITA-Serie A,2526,Bologna,Matteo Franceschelli,,,,,,,,,,,,,,,,,,,,,,,,,,,,,,,,,,,0,,0,0,,13,,,,,,,,,,,,,,,,,,,,,,,,,,,,,,,
ITA-Serie A,2526,Bologna,Petar Markovic,,,,,,,,,,,,,,,,,,,,,,,,,,,,,,,,,,,0,,0,0,,1,,,,,,,,,,,,,,,,,,,,,,,,,,,,,,,
ITA-Serie A,2526,Bologna,Riccardo Gnudi,,,,,,,,,,,,,,,,,,,,,,,,,,,,,,,,,,,0,,0,0,,1,,,,,,,,,,,,,,,,,,,,,,,,,,,,,,,
ITA-Serie A,2526,Bologna,Stefan Posch,,,,,,,,,,,,,,,,,,,,,,,,,,,,,,,,,,,0,,0,0,,2,,,,,,,,,,,,,,,,,,,,,,,,,,,,,,,
ITA-Serie A,2526,Bologna,Tommaso Corazza,,,,,,,,,,,,,,,,,,,,,,,,,,,,,,,,,,,0,,0,0,,2,,,,,,,,,,,,,,,,,,,,,,,,,,,,,,,
ITA-Serie A,2526,Bologna,Ukko Happonen,,,,,,,,,,,,,,,,,,,,,,,,,,,,,,,,,,,0,,0,0,,3,,,,,,,,,,,,,,,,,,,,,,,,,,,,,,,
ITA-Serie A,2526,Cagliari,Alen Sherri,,,,,,,,,,,,,,,,,,,,,,,,,,,,,,,,,,,0,,0,0,,20,,,,,,,,,,,,,,,,,,,,,,,,,,,,,,,
ITA-Serie A,2526,Cagliari,Alessandro Sabino Russo,,,,,,,,,,,,,,,,,,,,,,,,,,,,,,,,,,,0,,0,0,,1,,,,,,,,,,,,,,,,,,,,,,,,,,,,,,,
ITA-Serie A,2526,Cagliari,Alessandro Vinciguerra,,,,,,,,,,,,,,,,,,,,,,,,,,,,,,,,,,,0,,0,0,,1,,,,,,,,,,,,,,,,,,,,,,,,,,,,,,,
ITA-Serie A,2526,Cagliari,Andrea Cogoni,,,,,,,,,,,,,,,,,,,,,,,,,,,,,,,,,,,0,,0,0,,3,,,,,,,,,,,,,,,,,,,,,,,,,,,,,,,
ITA-Serie A,2526,Cagliari,Boris Radunović,,,,,,,,,,,,,,,,,,,,,,,,,,,,,,,,,,,0,,0,0,,9,,,,,,,,,,,,,,,,,,,,,,,,,,,,,,,
ITA-Serie A,2526,Cagliari,Giuseppe Ciocci,,,,,,,,,,,,,,,,,,,,,,,,,,,,,,,,,,,0,,0,0,,36,,,,,,,,,,,,,,,,,,,,,,,,,,,,,,,
ITA-Serie A,2526,Cagliari,Ivan Sulev,,,,,,,,,,,,,,,,,,,,,,,,,,,,,,,,,,,0,,0,0,,4,,,,,,,,,,,,,,,,,,,,,,,,,,,,,,,
ITA-Serie A,2526,Cagliari,Marko Rog,,,,,,,,,,,,,,,,,,,,,,,,,,,,,,,,,,,0,,0,0,,12,,,,,,,,,,,,,,,,,,,,,,,,,,,,,,,
ITA-Serie A,2526,Cagliari,Nicola Grandu,,,,,,,,,,,,,,,,,,,,,,,,,,,,,,,,,,,0,,0,0,,2,,,,,,,,,,,,,,,,,,,,,,,,,,,,,,,
ITA-Serie A,2526,Cagliari,Nicola Pintus,,,,,,,,,,,,,,,,,,,,,,,,,,,,,,,,,,,0,,0,0,,11,,,,,,,,,,,,,,,,,,,,,,,,,,,,,,,
ITA-Serie A,2526,Cagliari,Roberto Malfitano,,,,,,,,,,,,,,,,,,,,,,,,,,,,,,,,,,,0,,0,0,,4,,,,,,,,,,,,,,,,,,,,,,,,,,,,,,,
ITA-Serie A,2526,Cagliari,Velizar-Ilia Svetozarov Iliev,,,,,,,,,,,,,,,,,,,,,,,,,,,,,,,,,,,0,,0,0,,1,,,,,,,,,,,,,,,,,,,,,,,,,,,,,,,
ITA-Serie A,2526,Cagliari,Vincenzo Sarno,,,,,,,,,,,,,,,,,,,,,,,,,,,,,,,,,,,0,,0,0,,10,,,,,,,,,,,,,,,,,,,,,,,,,,,,,,,
ITA-Serie A,2526,Como,Adrian Lahdo,,,,,,,,,,,,,,,,,,,,,,,,,,,,,,,,,,,0,,0,0,,12,,,,,,,,,,,,,,,,,,,,,,,,,,,,,,,
ITA-Serie A,2526,Como,Alberto Cerri,,,,,,,,,,,,,,,,,,,,,,,,,,,,,,,,,,,0,,0,0,,19,,,,,,,,,,,,,,,,,,,,,,,,,,,,,,,
ITA-Serie A,2526,Como,Alberto Dossena,,,,,,,,,,,,,,,,,,,,,,,,,,,,,,,,,,,0,,0,0,,6,,,,,,,,,,,,,,,,,,,,,,,,,,,,,,,
ITA-Serie A,2526,Como,Alessandro Gabrielloni,,,,,,,,,,,,,,,,,,,,,,,,,,,,,,,,,,,0,,0,0,,1,,,,,,,,,,,,,,,,,,,,,,,,,,,,,,,
ITA-Serie A,2526,Como,Cristiano De Paoli,,,,,,,,,,,,,,,,,,,,,,,,,,,,,,,,,,,0,,0,0,,4,,,,,,,,,,,,,,,,,,,,,,,,,,,,,,,
ITA-Serie A,2526,Como,Fellipe Jack,,,,,,,,,,,,,,,,,,,,,,,,,,,,,,,,,,,0,,0,0,,1,,,,,,,,,,,,,,,,,,,,,,,,,,,,,,,
ITA-Serie A,2526,Como,Henrique Menke,,,,,,,,,,,,,,,,,,,,,,,,,,,,,,,,,,,0,,0,0,,1,,,,,,,,,,,,,,,,,,,,,,,,,,,,,,,
ITA-Serie A,2526,Como,Ivan Azón,,,,,,,,,,,,,,,,,,,,,,,,,,,,,,,,,,,0,,0,0,,1,,,,,,,,,,,,,,,,,,,,,,,,,,,,,,,
ITA-Serie A,2526,Como,Lorenzo Bonsignori Goggi,,,,,,,,,,,,,,,,,,,,,,,,,,,,,,,,,,,0,,0,0,,2,,,,,,,,,,,,,,,,,,,,,,,,,,,,,,,
ITA-Serie A,2526,Como,Mauro Vigorito,,,,,,,,,,,,,,,,,,,,,,,,,,,,,,,,,,,0,,0,0,,37,,,,,,,,,,,,,,,,,,,,,,,,,,,,,,,
ITA-Serie A,2526,Como,Nikola Čavlina,,,,,,,,,,,,,,,,,,,,,,,,,,,,,,,,,,,0,,0,0,,32,,,,,,,,,,,,,,,,,,,,,,,,,,,,,,,
ITA-Serie A,2526,Como,Noel Törnqvist,,,,,,,,,,,,,,,,,,,,,,,,,,,,,,,,,,,0,,0,0,,21,,,,,,,,,,,,,,,,,,,,,,,,,,,,,,,
ITA-Serie A,2526,Como,Patrick Cutrone,,,,,,,,,,,,,,,,,,,,,,,,,,,,,,,,,,,0,,0,0,,1,,,,,,,,,,,,,,,,,,,,,,,,,,,,,,,
ITA-Serie A,2526,Como,Riccardo Cassano,,,,,,,,,,,,,,,,,,,,,,,,,,,,,,,,,,,0,,0,0,,2,,,,,,,,,,,,,,,,,,,,,,,,,,,,,,,
ITA-Serie A,2526,Como,Samuele Pisati,,,,,,,,,,,,,,,,,,,,,,,,,,,,,,,,,,,0,,0,0,,1,,,,,,,,,,,,,,,,,,,,,,,,,,,,,,,
ITA-Serie A,2526,Cremonese,Adrian Lickūnas,,,,,,,,,,,,,,,,,,,,,,,,,,,,,,,,,,,0,,0,0,,1,,,,,,,,,,,,,,,,,,,,,,,,,,,,,,,
ITA-Serie A,2526,Cremonese,Adrián Malovec,,,,,,,,,,,,,,,,,,,,,,,,,,,,,,,,,,,0,,0,0,,2,,,,,,,,,,,,,,,,,,,,,,,,,,,,,,,
ITA-Serie A,2526,Cremonese,Davide Pavesi,,,,,,,,,,,,,,,,,,,,,,,,,,,,,,,,,,,0,,0,0,,3,,,,,,,,,,,,,,,,,,,,,,,,,,,,,,,
ITA-Serie A,2526,Cremonese,Lapo Nava,,,,,,,,,,,,,,,,,,,,,,,,,,,,,,,,,,,0,,0,0,,38,,,,,,,,,,,,,,,,,,,,,,,,,,,,,,,
ITA-Serie A,2526,Cremonese,Leonardo Sernicola,,,,,,,,,,,,,,,,,,,,,,,,,,,,,,,,,,,0,,0,0,,2,,,,,,,,,,,,,,,,,,,,,,,,,,,,,,,
ITA-Serie A,2526,Cremonese,Marco Cassin,,,,,,,,,,,,,,,,,,,,,,,,,,,,,,,,,,,0,,0,0,,1,,,,,,,,,,,,,,,,,,,,,,,,,,,,,,,
ITA-Serie A,2526,Cremonese,Mattia Valoti,,,,,,,,,,,,,,,,,,,,,,,,,,,,,,,,,,,0,,0,0,,12,,,,,,,,,,,,,,,,,,,,,,,,,,,,,,,
ITA-Serie A,2526,Cremonese,Michele Castagnetti,,,,,,,,,,,,,,,,,,,,,,,,,,,,,,,,,,,0,,0,0,,1,,,,,,,,,,,,,,,,,,,,,,,,,,,,,,,
ITA-Serie A,2526,Cremonese,Nouroudine Faye,,,,,,,,,,,,,,,,,,,,,,,,,,,,,,,,,,,0,,0,0,,1,,,,,,,,,,,,,,,,,,,,,,,,,,,,,,,
ITA-Serie A,2526,Cremonese,Tommaso Vigilati,,,,,,,,,,,,,,,,,,,,,,,,,,,,,,,,,,,0,,0,0,,1,,,,,,,,,,,,,,,,,,,,,,,,,,,,,,,
ITA-Serie A,2526,Fiorentina,Antonio Pirrò,,,,,,,,,,,,,,,,,,,,,,,,,,,,,,,,,,,0,,0,0,,1,,,,,,,,,,,,,,,,,,,,,,,,,,,,,,,
ITA-Serie A,2526,Fiorentina,Edoardo Sadotti,,,,,,,,,,,,,,,,,,,,,,,,,,,,,,,,,,,0,,0,0,,1,,,,,,,,,,,,,,,,,,,,,,,,,,,,,,,
ITA-Serie A,2526,Fiorentina,Eman Košpo,,,,,,,,,,,,,,,,,,,,,,,,,,,,,,,,,,,0,,0,0,,16,,,,,,,,,,,,,,,,,,,,,,,,,,,,,,,
ITA-Serie A,2526,Fiorentina,Giorgio Puzzoli,,,,,,,,,,,,,,,,,,,,,,,,,,,,,,,,,,,0,,0,0,,4,,,,,,,,,,,,,,,,,,,,,,,,,,,,,,,
ITA-Serie A,2526,Fiorentina,Lapo Deli,,,,,,,,,,,,,,,,,,,,,,,,,,,,,,,,,,,0,,0,0,,2,,,,,,,,,,,,,,,,,,,,,,,,,,,,,,,
ITA-Serie A,2526,Fiorentina,Piergiorgio Bonanno,,,,,,,,,,,,,,,,,,,,,,,,,,,,,,,,,,,0,,0,0,,2,,,,,,,,,,,,,,,,,,,,,,,,,,,,,,,
ITA-Serie A,2526,Fiorentina,Pietro Leonardelli,,,,,,,,,,,,,,,,,,,,,,,,,,,,,,,,,,,0,,0,0,,4,,,,,,,,,,,,,,,,,,,,,,,,,,,,,,,
ITA-Serie A,2526,Fiorentina,Salvatore Cianciulli,,,,,,,,,,,,,,,,,,,,,,,,,,,,,,,,,,,0,,0,0,,1,,,,,,,,,,,,,,,,,,,,,,,,,,,,,,,
ITA-Serie A,2526,Fiorentina,Tommaso Martinelli,,,,,,,,,,,,,,,,,,,,,,,,,,,,,,,,,,,0,,0,0,,18,,,,,,,,,,,,,,,,,,,,,,,,,,,,,,,
ITA-Serie A,2526,Genoa,Alin Čelik,,,,,,,,,,,,,,,,,,,,,,,,,,,,,,,,,,,0,,0,0,,4,,,,,,,,,,,,,,,,,,,,,,,,,,,,,,,
ITA-Serie A,2526,Genoa,Benjamin Siegrist,,,,,,,,,,,,,,,,,,,,,,,,,,,,,,,,,,,0,,0,0,,13,,,,,,,,,,,,,,,,,,,,,,,,,,,,,,,
ITA-Serie A,2526,Genoa,Daniel Ndulue,,,,,,,,,,,,,,,,,,,,,,,,,,,,,,,,,,,0,,0,0,,1,,,,,,,,,,,,,,,,,,,,,,,,,,,,,,,
ITA-Serie A,2526,Genoa,Elia Spicuglia,,,,,,,,,,,,,,,,,,,,,,,,,,,,,,,,,,,0,,0,0,,1,,,,,,,,,,,,,,,,,,,,,,,,,,,,,,,
ITA-Serie A,2526,Genoa,Ernestas Lysionok,,,,,,,,,,,,,,,,,,,,,,,,,,,,,,,,,,,0,,0,0,,9,,,,,,,,,,,,,,,,,,,,,,,,,,,,,,,
ITA-Serie A,2526,Genoa,Hugo Cuenca,,,,,,,,,,,,,,,,,,,,,,,,,,,,,,,,,,,0,,0,0,,19,,,,,,,,,,,,,,,,,,,,,,,,,,,,,,,
ITA-Serie A,2526,Genoa,Kris Gecaj,,,,,,,,,,,,,,,,,,,,,,,,,,,,,,,,,,,0,,0,0,,1,,,,,,,,,,,,,,,,,,,,,,,,,,,,,,,
ITA-Serie A,2526,Genoa,Lukas Klisys,,,,,,,,,,,,,,,,,,,,,,,,,,,,,,,,,,,0,,0,0,,2,,,,,,,,,,,,,,,,,,,,,,,,,,,,,,,
ITA-Serie A,2526,Genoa,Marco Romano,,,,,,,,,,,,,,,,,,,,,,,,,,,,,,,,,,,0,,0,0,,1,,,,,,,,,,,,,,,,,,,,,,,,,,,,,,,
ITA-Serie A,2526,Genoa,Rendijs Mihelsons,,,,,,,,,,,,,,,,,,,,,,,,,,,,,,,,,,,0,,0,0,,1,,,,,,,,,,,,,,,,,,,,,,,,,,,,,,,
ITA-Serie A,2526,Hellas Verona,Adi Kurti,,,,,,,,,,,,,,,,,,,,,,,,,,,,,,,,,,,0,,0,0,,2,,,,,,,,,,,,,,,,,,,,,,,,,,,,,,,
ITA-Serie A,2526,Hellas Verona,Andrej Popović,,,,,,,,,,,,,,,,,,,,,,,,,,,,,,,,,,,0,,0,0,,1,,,,,,,,,,,,,,,,,,,,,,,,,,,,,,,
ITA-Serie A,2526,Hellas Verona,Charlys,,,,,,,,,,,,,,,,,,,,,,,,,,,,,,,,,,,0,,0,0,,1,,,,,,,,,,,,,,,,,,,,,,,,,,,,,,,
ITA-Serie A,2526,Hellas Verona,Dailon Livramento,,,,,,,,,,,,,,,,,,,,,,,,,,,,,,,,,,,0,,0,0,,1,,,,,,,,,,,,,,,,,,,,,,,,,,,,,,,
ITA-Serie A,2526,Hellas Verona,Davide De Battisti,,,,,,,,,,,,,,,,,,,,,,,,,,,,,,,,,,,0,,0,0,,5,,,,,,,,,,,,,,,,,,,,,,,,,,,,,,,
ITA-Serie A,2526,Hellas Verona,Giacomo Toniolo,,,,,,,,,,,,,,,,,,,,,,,,,,,,,,,,,,,0,,0,0,,34,,,,,,,,,,,,,,,,,,,,,,,,,,,,,,,
ITA-Serie A,2526,Hellas Verona,Jurgen Peci,,,,,,,,,,,,,,,,,,,,,,,,,,,,,,,,,,,0,,0,0,,1,,,,,,,,,,,,,,,,,,,,,,,,,,,,,,,
ITA-Serie A,2526,Hellas Verona,Luca Monticelli,,,,,,,,,,,,,,,,,,,,,,,,,,,,,,,,,,,0,,0,0,,2,,,,,,,,,,,,,,,,,,,,,,,,,,,,,,,
ITA-Serie A,2526,Hellas Verona,Luca Szimionas,,,,,,,,,,,,,,,,,,,,,,,,,,,,,,,,,,,0,,0,0,,2,,,,,,,,,,,,,,,,,,,,,,,,,,,,,,,
ITA-Serie A,2526,Hellas Verona,Mathis Lambourde,,,,,,,,,,,,,,,,,,,,,,,,,,,,,,,,,,,0,,0,0,,1,,,,,,,,,,,,,,,,,,,,,,,,,,,,,,,
ITA-Serie A,2526,Hellas Verona,Mirko Castagnini,,,,,,,,,,,,,,,,,,,,,,,,,,,,,,,,,,,0,,0,0,,4,,,,,,,,,,,,,,,,,,,,,,,,,,,,,,,
ITA-Serie A,2526,Hellas Verona,Stefan Mitrović,,,,,,,,,,,,,,,,,,,,,,,,,,,,,,,,,,,0,,0,0,,1,,,,,,,,,,,,,,,,,,,,,,,,,,,,,,,
ITA-Serie A,2526,Inter,Alain Taho,,,,,,,,,,,,,,,,,,,,,,,,,,,,,,,,,,,0,,0,0,,11,,,,,,,,,,,,,,,,,,,,,,,,,,,,,,,
ITA-Serie A,2526,Inter,Alessandro Calligaris,,,,,,,,,,,,,,,,,,,,,,,,,,,,,,,,,,,0,,0,0,,8,,,,,,,,,,,,,,,,,,,,,,,,,,,,,,,
ITA-Serie A,2526,Inter,Christos Alexiou,,,,,,,,,,,,,,,,,,,,,,,,,,,,,,,,,,,0,,0,0,,4,,,,,,,,,,,,,,,,,,,,,,,,,,,,,,,
ITA-Serie A,2526,Inter,Issiaka Kamate,,,,,,,,,,,,,,,,,,,,,,,,,,,,,,,,,,,0,,0,0,,3,,,,,,,,,,,,,,,,,,,,,,,,,,,,,,,
ITA-Serie A,2526,Inter,Ivo Kaczmarski,,,,,,,,,,,,,,,,,,,,,,,,,,,,,,,,,,,0,,0,0,,3,,,,,,,,,,,,,,,,,,,,,,,,,,,,,,,
ITA-Serie A,2526,Inter,Leonardo Bovo,,,,,,,,,,,,,,,,,,,,,,,,,,,,,,,,,,,0,,0,0,,4,,,,,,,,,,,,,,,,,,,,,,,,,,,,,,,
ITA-Serie A,2526,Inter,Matteo Spinaccè,,,,,,,,,,,,,,,,,,,,,,,,,,,,,,,,,,,0,,0,0,,2,,,,,,,,,,,,,,,,,,,,,,,,,,,,,,,
ITA-Serie A,2526,Inter,Simone Cinquegrano,,,,,,,,,,,,,,,,,,,,,,,,,,,,,,,,,,,0,,0,0,,4,,,,,,,,,,,,,,,,,,,,,,,,,,,,,,,
ITA-Serie A,2526,Inter,Thomas Berenbruch,,,,,,,,,,,,,,,,,,,,,,,,,,,,,,,,,,,0,,0,0,,1,,,,,,,,,,,,,,,,,,,,,,,,,,,,,,,
ITA-Serie A,2526,Inter,Tomás Palacios,,,,,,,,,,,,,,,,,,,,,,,,,,,,,,,,,,,0,,0,0,,7,,,,,,,,,,,,,,,,,,,,,,,,,,,,,,,
ITA-Serie A,2526,Inter,Yvan Maye,,,,,,,,,,,,,,,,,,,,,,,,,,,,,,,,,,,0,,0,0,,3,,,,,,,,,,,,,,,,,,,,,,,,,,,,,,,
ITA-Serie A,2526,Juventus,Carlo Pinsoglio,,,,,,,,,,,,,,,,,,,,,,,,,,,,,,,,,,,0,,0,0,,26,,,,,,,,,,,,,,,,,,,,,,,,,,,,,,,
ITA-Serie A,2526,Juventus,Jonas Rouhi,,,,,,,,,,,,,,,,,,,,,,,,,,,,,,,,,,,0,,0,0,,10,,,,,,,,,,,,,,,,,,,,,,,,,,,,,,,
ITA-Serie A,2526,Juventus,Lorenzo Anghelè,,,,,,,,,,,,,,,,,,,,,,,,,,,,,,,,,,,0,,0,0,,1,,,,,,,,,,,,,,,,,,,,,,,,,,,,,,,
ITA-Serie A,2526,Juventus,Matteo Fuscaldo,,,,,,,,,,,,,,,,,,,,,,,,,,,,,,,,,,,0,,0,0,,3,,,,,,,,,,,,,,,,,,,,,,,,,,,,,,,
ITA-Serie A,2526,Juventus,Niccolò Rizzo,,,,,,,,,,,,,,,,,,,,,,,,,,,,,,,,,,,0,,0,0,,1,,,,,,,,,,,,,,,,,,,,,,,,,,,,,,,
ITA-Serie A,2526,Juventus,Pedro Felipe,,,,,,,,,,,,,,,,,,,,,,,,,,,,,,,,,,,0,,0,0,,13,,,,,,,,,,,,,,,,,,,,,,,,,,,,,,,
ITA-Serie A,2526,Juventus,Raffaele Huli,,,,,,,,,,,,,,,,,,,,,,,,,,,,,,,,,,,0,,0,0,,1,,,,,,,,,,,,,,,,,,,,,,,,,,,,,,,
ITA-Serie A,2526,Juventus,Riccardo Radu,,,,,,,,,,,,,,,,,,,,,,,,,,,,,,,,,,,0,,0,0,,1,,,,,,,,,,,,,,,,,,,,,,,,,,,,,,,
ITA-Serie A,2526,Juventus,Simone Scaglia,,,,,,,,,,,,,,,,,,,,,,,,,,,,,,,,,,,0,,0,0,,10,,,,,,,,,,,,,,,,,,,,,,,,,,,,,,,
ITA-Serie A,2526,Juventus,Stefano Mangiapoco,,,,,,,,,,,,,,,,,,,,,,,,,,,,,,,,,,,0,,0,0,,1,,,,,,,,,,,,,,,,,,,,,,,,,,,,,,,
ITA-Serie A,2526,Lazio,Christos Mandas,,,,,,,,,,,,,,,,,,,,,,,,,,,,,,,,,,,0,,0,0,,22,,,,,,,,,,,,,,,,,,,,,,,,,,,,,,,
ITA-Serie A,2526,Lazio,Federico Serra,,,,,,,,,,,,,,,,,,,,,,,,,,,,,,,,,,,0,,0,0,,2,,,,,,,,,,,,,,,,,,,,,,,,,,,,,,,
ITA-Serie A,2526,Lazio,Giacomo Giacomone,,,,,,,,,,,,,,,,,,,,,,,,,,,,,,,,,,,0,,0,0,,11,,,,,,,,,,,,,,,,,,,,,,,,,,,,,,,
ITA-Serie A,2526,Lazio,Nicolò Pannozzo,,,,,,,,,,,,,,,,,,,,,,,,,,,,,,,,,,,0,,0,0,,5,,,,,,,,,,,,,,,,,,,,,,,,,,,,,,,
ITA-Serie A,2526,Lazio,Pietro Pinelli,,,,,,,,,,,,,,,,,,,,,,,,,,,,,,,,,,,0,,0,0,,3,,,,,,,,,,,,,,,,,,,,,,,,,,,,,,,
ITA-Serie A,2526,Lazio,Samuel Gigot,,,,,,,,,,,,,,,,,,,,,,,,,,,,,,,,,,,0,,0,0,,3,,,,,,,,,,,,,,,,,,,,,,,,,,,,,,,
ITA-Serie A,2526,Lazio,Saná Fernandes,,,,,,,,,,,,,,,,,,,,,,,,,,,,,,,,,,,0,,0,0,,2,,,,,,,,,,,,,,,,,,,,,,,,,,,,,,,
ITA-Serie A,2526,Lazio,Valerio Farcomeni,,,,,,,,,,,,,,,,,,,,,,,,,,,,,,,,,,,0,,0,0,,13,,,,,,,,,,,,,,,,,,,,,,,,,,,,,,,
ITA-Serie A,2526,Lecce,Christian Früchtl,,,,,,,,,,,,,,,,,,,,,,,,,,,,,,,,,,,0,,0,0,,31,,,,,,,,,,,,,,,,,,,,,,,,,,,,,,,
ITA-Serie A,2526,Lecce,Daniele Bleve,,,,,,,,,,,,,,,,,,,,,,,,,,,,,,,,,,,0,,0,0,,4,,,,,,,,,,,,,,,,,,,,,,,,,,,,,,,
ITA-Serie A,2526,Lecce,Filip Marchwiński,,,,,,,,,,,,,,,,,,,,,,,,,,,,,,,,,,,0,,0,0,,20,,,,,,,,,,,,,,,,,,,,,,,,,,,,,,,
ITA-Serie A,2526,Lecce,Hamza Rafia,,,,,,,,,,,,,,,,,,,,,,,,,,,,,,,,,,,0,,0,0,,1,,,,,,,,,,,,,,,,,,,,,,,,,,,,,,,
ITA-Serie A,2526,Lecce,Jasper Samooja,,,,,,,,,,,,,,,,,,,,,,,,,,,,,,,,,,,0,,0,0,,38,,,,,,,,,,,,,,,,,,,,,,,,,,,,,,,
ITA-Serie A,2526,Lecce,Niko Kovac,,,,,,,,,,,,,,,,,,,,,,,,,,,,,,,,,,,0,,0,0,,16,,,,,,,,,,,,,,,,,,,,,,,,,,,,,,,
ITA-Serie A,2526,Lecce,Plamen Penev,,,,,,,,,,,,,,,,,,,,,,,,,,,,,,,,,,,0,,0,0,,1,,,,,,,,,,,,,,,,,,,,,,,,,,,,,,,
ITA-Serie A,2526,Milan,Alex Castiello,,,,,,,,,,,,,,,,,,,,,,,,,,,,,,,,,,,0,,0,0,,5,,,,,,,,,,,,,,,,,,,,,,,,,,,,,,,
ITA-Serie A,2526,Milan,Emanuele Sala,,,,,,,,,,,,,,,,,,,,,,,,,,,,,,,,,,,0,,0,0,,2,,,,,,,,,,,,,,,,,,,,,,,,,,,,,,,
ITA-Serie A,2526,Milan,Jacopo Sardo,,,,,,,,,,,,,,,,,,,,,,,,,,,,,,,,,,,0,,0,0,,2,,,,,,,,,,,,,,,,,,,,,,,,,,,,,,,
ITA-Serie A,2526,Milan,Lorenzo Torriani,,,,,,,,,,,,,,,,,,,,,,,,,,,,,,,,,,,0,,0,0,,16,,,,,,,,,,,,,,,,,,,,,,,,,,,,,,,
ITA-Serie A,2526,Milan,Matteo Dutu,,,,,,,,,,,,,,,,,,,,,,,,,,,,,,,,,,,0,,0,0,,2,,,,,,,,,,,,,,,,,,,,,,,,,,,,,,,
ITA-Serie A,2526,Milan,Matteo Pittarella,,,,,,,,,,,,,,,,,,,,,,,,,,,,,,,,,,,0,,0,0,,24,,,,,,,,,,,,,,,,,,,,,,,,,,,,,,,
ITA-Serie A,2526,Milan,Valeri Vladimirov,,,,,,,,,,,,,,,,,,,,,,,,,,,,,,,,,,,0,,0,0,,2,,,,,,,,,,,,,,,,,,,,,,,,,,,,,,,
ITA-Serie A,2526,Napoli,Alessandro Zanoli,,,,,,,,,,,,,,,,,,,,,,,,,,,,,,,,,,,0,,0,0,,1,,,,,,,,,,,,,,,,,,,,,,,,,,,,,,,
ITA-Serie A,2526,Napoli,Coli Saco,,,,,,,,,,,,,,,,,,,,,,,,,,,,,,,,,,,0,,0,0,,1,,,,,,,,,,,,,,,,,,,,,,,,,,,,,,,
ITA-Serie A,2526,Napoli,David Spinelli,,,,,,,,,,,,,,,,,,,,,,,,,,,,,,,,,,,0,,0,0,,1,,,,,,,,,,,,,,,,,,,,,,,,,,,,,,,
ITA-Serie A,2526,Napoli,Emmanuele De Chiara,,,,,,,,,,,,,,,,,,,,,,,,,,,,,,,,,,,0,,0,0,,5,,,,,,,,,,,,,,,,,,,,,,,,,,,,,,,
ITA-Serie A,2526,Napoli,Luis Hasa,,,,,,,,,,,,,,,,,,,,,,,,,,,,,,,,,,,0,,0,0,,2,,,,,,,,,,,,,,,,,,,,,,,,,,,,,,,
ITA-Serie A,2526,Napoli,Mathias Ferrante,,,,,,,,,,,,,,,,,,,,,,,,,,,,,,,,,,,0,,0,0,,18,,,,,,,,,,,,,,,,,,,,,,,,,,,,,,,
ITA-Serie A,2526,Napoli,Vincenzo Prisco,,,,,,,,,,,,,,,,,,,,,,,,,,,,,,,,,,,0,,0,0,,6,,,,,,,,,,,,,,,,,,,,,,,,,,,,,,,
ITA-Serie A,2526,Napoli,Walid Cheddira,,,,,,,,,,,,,,,,,,,,,,,,,,,,,,,,,,,0,,0,0,,2,,,,,,,,,,,,,,,,,,,,,,,,,,,,,,,
ITA-Serie A,2526,Parma,Abdou-Salam Konaté,,,,,,,,,,,,,,,,,,,,,,,,,,,,,,,,,,,0,,0,0,,1,,,,,,,,,,,,,,,,,,,,,,,,,,,,,,,
ITA-Serie A,2526,Parma,Alessandro Ciardi,,,,,,,,,,,,,,,,,,,,,,,,,,,,,,,,,,,0,,0,0,,2,,,,,,,,,,,,,,,,,,,,,,,,,,,,,,,
ITA-Serie A,2526,Parma,Alessandro Mazzocchi,,,,,,,,,,,,,,,,,,,,,,,,,,,,,,,,,,,0,,0,0,,1,,,,,,,,,,,,,,,,,,,,,,,,,,,,,,,
ITA-Serie A,2526,Parma,Antoine Joujou,,,,,,,,,,,,,,,,,,,,,,,,,,,,,,,,,,,0,,0,0,,1,,,,,,,,,,,,,,,,,,,,,,,,,,,,,,,
ITA-Serie A,2526,Parma,Bernardo Conde,,,,,,,,,,,,,,,,,,,,,,,,,,,,,,,,,,,0,,0,0,,4,,,,,,,,,,,,,,,,,,,,,,,,,,,,,,,
ITA-Serie A,2526,Parma,Botond Balogh,,,,,,,,,,,,,,,,,,,,,,,,,,,,,,,,,,,0,,0,0,,1,,,,,,,,,,,,,,,,,,,,,,,,,,,,,,,
ITA-Serie A,2526,Parma,Dario Sits,,,,,,,,,,,,,,,,,,,,,,,,,,,,,,,,,,,0,,0,0,,1,,,,,,,,,,,,,,,,,,,,,,,,,,,,,,,
ITA-Serie A,2526,Parma,Dominik Drobnič,,,,,,,,,,,,,,,,,,,,,,,,,,,,,,,,,,,0,,0,0,,7,,,,,,,,,,,,,,,,,,,,,,,,,,,,,,,
ITA-Serie A,2526,Parma,Edoardo Tigani,,,,,,,,,,,,,,,,,,,,,,,,,,,,,,,,,,,0,,0,0,,3,,,,,,,,,,,,,,,,,,,,,,,,,,,,,,,
ITA-Serie A,2526,Parma,Elia Plicco,,,,,,,,,,,,,,,,,,,,,,,,,,,,,,,,,,,0,,0,0,,10,,,,,,,,,,,,,,,,,,,,,,,,,,,,,,,
ITA-Serie A,2526,Parma,Gabriele Casentini,,,,,,,,,,,,,,,,,,,,,,,,,,,,,,,,,,,0,,0,0,,7,,,,,,,,,,,,,,,,,,,,,,,,,,,,,,,
ITA-Serie A,2526,Parma,Gianluca Astaldi,,,,,,,,,,,,,,,,,,,,,,,,,,,,,,,,,,,0,,0,0,,1,,,,,,,,,,,,,,,,,,,,,,,,,,,,,,,
ITA-Serie A,2526,Parma,Marlon Mena,,,,,,,,,,,,,,,,,,,,,,,,,,,,,,,,,,,0,,0,0,,8,,,,,,,,,,,,,,,,,,,,,,,,,,,,,,,
ITA-Serie A,2526,Parma,Nicolas Trabucchi,,,,,,,,,,,,,,,,,,,,,,,,,,,,,,,,,,,0,,0,0,,13,,,,,,,,,,,,,,,,,,,,,,,,,,,,,,,
ITA-Serie A,2526,Parma,Peter Amoran,,,,,,,,,,,,,,,,,,,,,,,,,,,,,,,,,,,0,,0,0,,1,,,,,,,,,,,,,,,,,,,,,,,,,,,,,,,
ITA-Serie A,2526,Parma,Vicente Guaita,,,,,,,,,,,,,,,,,,,,,,,,,,,,,,,,,,,0,,0,0,,8,,,,,,,,,,,,,,,,,,,,,,,,,,,,,,,
ITA-Serie A,2526,Pisa,Ante Vuković,,,,,,,,,,,,,,,,,,,,,,,,,,,,,,,,,,,0,,0,0,,1,,,,,,,,,,,,,,,,,,,,,,,,,,,,,,,
ITA-Serie A,2526,Pisa,Giacomo Maucci,,,,,,,,,,,,,,,,,,,,,,,,,,,,,,,,,,,0,,0,0,,6,,,,,,,,,,,,,,,,,,,,,,,,,,,,,,,
ITA-Serie A,2526,Pisa,Jeremy Mbambi,,,,,,,,,,,,,,,,,,,,,,,,,,,,,,,,,,,0,,0,0,,12,,,,,,,,,,,,,,,,,,,,,,,,,,,,,,,
ITA-Serie A,2526,Pisa,Matteo Luppichini,,,,,,,,,,,,,,,,,,,,,,,,,,,,,,,,,,,0,,0,0,,4,,,,,,,,,,,,,,,,,,,,,,,,,,,,,,,
ITA-Serie A,2526,Pisa,Mert Durmush,,,,,,,,,,,,,,,,,,,,,,,,,,,,,,,,,,,0,,0,0,,2,,,,,,,,,,,,,,,,,,,,,,,,,,,,,,,
ITA-Serie A,2526,Pisa,Tommaso Guizzo,,,,,,,,,,,,,,,,,,,,,,,,,,,,,,,,,,,0,,0,0,,6,,,,,,,,,,,,,,,,,,,,,,,,,,,,,,,
ITA-Serie A,2526,Roma,Buba Sangaré,,,,,,,,,,,,,,,,,,,,,,,,,,,,,,,,,,,0,,0,0,,9,,,,,,,,,,,,,,,,,,,,,,,,,,,,,,,
ITA-Serie A,2526,Roma,Devis Vásquez,,,,,,,,,,,,,,,,,,,,,,,,,,,,,,,,,,,0,,0,0,,23,,,,,,,,,,,,,,,,,,,,,,,,,,,,,,,
ITA-Serie A,2526,Roma,Emanuele Lulli,,,,,,,,,,,,,,,,,,,,,,,,,,,,,,,,,,,0,,0,0,,4,,,,,,,,,,,,,,,,,,,,,,,,,,,,,,,
ITA-Serie A,2526,Roma,Giorgio De Marzi,,,,,,,,,,,,,,,,,,,,,,,,,,,,,,,,,,,0,,0,0,,14,,,,,,,,,,,,,,,,,,,,,,,,,,,,,,,
ITA-Serie A,2526,Roma,Jacopo Mirra,,,,,,,,,,,,,,,,,,,,,,,,,,,,,,,,,,,0,,0,0,,6,,,,,,,,,,,,,,,,,,,,,,,,,,,,,,,
ITA-Serie A,2526,Roma,Mattia Della Rocca,,,,,,,,,,,,,,,,,,,,,,,,,,,,,,,,,,,0,,0,0,,2,,,,,,,,,,,,,,,,,,,,,,,,,,,,,,,
ITA-Serie A,2526,Roma,Mohamed Seck,,,,,,,,,,,,,,,,,,,,,,,,,,,,,,,,,,,0,,0,0,,2,,,,,,,,,,,,,,,,,,,,,,,,,,,,,,,
ITA-Serie A,2526,Roma,Muhammed Bah,,,,,,,,,,,,,,,,,,,,,,,,,,,,,,,,,,,0,,0,0,,3,,,,,,,,,,,,,,,,,,,,,,,,,,,,,,,
ITA-Serie A,2526,Roma,Pierluigi Gollini,,,,,,,,,,,,,,,,,,,,,,,,,,,,,,,,,,,0,,0,0,,32,,,,,,,,,,,,,,,,,,,,,,,,,,,,,,,
ITA-Serie A,2526,Roma,Radek Żelezny,,,,,,,,,,,,,,,,,,,,,,,,,,,,,,,,,,,0,,0,0,,8,,,,,,,,,,,,,,,,,,,,,,,,,,,,,,,
ITA-Serie A,2526,Sassuolo,Agustín Álvarez,,,,,,,,,,,,,,,,,,,,,,,,,,,,,,,,,,,0,,0,0,,1,,,,,,,,,,,,,,,,,,,,,,,,,,,,,,,
ITA-Serie A,2526,Sassuolo,Edoardo Pieragnolo,,,,,,,,,,,,,,,,,,,,,,,,,,,,,,,,,,,0,,0,0,,5,,,,,,,,,,,,,,,,,,,,,,,,,,,,,,,
ITA-Serie A,2526,Sassuolo,Filippo Missori,,,,,,,,,,,,,,,,,,,,,,,,,,,,,,,,,,,0,,0,0,,1,,,,,,,,,,,,,,,,,,,,,,,,,,,,,,,
ITA-Serie A,2526,Sassuolo,Giacomo Satalino,,,,,,,,,,,,,,,,,,,,,,,,,,,,,,,,,,,0,,0,0,,33,,,,,,,,,,,,,,,,,,,,,,,,,,,,,,,
ITA-Serie A,2526,Sassuolo,Giorgio Vezzosi,,,,,,,,,,,,,,,,,,,,,,,,,,,,,,,,,,,0,,0,0,,1,,,,,,,,,,,,,,,,,,,,,,,,,,,,,,,
ITA-Serie A,2526,Sassuolo,Lorenzo Nyarko,,,,,,,,,,,,,,,,,,,,,,,,,,,,,,,,,,,0,,0,0,,1,,,,,,,,,,,,,,,,,,,,,,,,,,,,,,,
ITA-Serie A,2526,Sassuolo,Luca Barani,,,,,,,,,,,,,,,,,,,,,,,,,,,,,,,,,,,0,,0,0,,3,,,,,,,,,,,,,,,,,,,,,,,,,,,,,,,
ITA-Serie A,2526,Sassuolo,Nana Baffoh,,,,,,,,,,,,,,,,,,,,,,,,,,,,,,,,,,,0,,0,0,,1,,,,,,,,,,,,,,,,,,,,,,,,,,,,,,,
ITA-Serie A,2526,Sassuolo,Samuele Mulattieri,,,,,,,,,,,,,,,,,,,,,,,,,,,,,,,,,,,0,,0,0,,1,,,,,,,,,,,,,,,,,,,,,,,,,,,,,,,
ITA-Serie A,2526,Sassuolo,Yeferson Paz,,,,,,,,,,,,,,,,,,,,,,,,,,,,,,,,,,,0,,0,0,,8,,,,,,,,,,,,,,,,,,,,,,,,,,,,,,,
ITA-Serie A,2526,Torino,Côme Bianay Balcot,,,,,,,,,,,,,,,,,,,,,,,,,,,,,,,,,,,0,,0,0,,1,,,,,,,,,,,,,,,,,,,,,,,,,,,,,,,
ITA-Serie A,2526,Torino,Lapo Siviero,,,,,,,,,,,,,,,,,,,,,,,,,,,,,,,,,,,0,,0,0,,21,,,,,,,,,,,,,,,,,,,,,,,,,,,,,,,
ITA-Serie A,2526,Torino,Mattia Pellini,,,,,,,,,,,,,,,,,,,,,,,,,,,,,,,,,,,0,,0,0,,6,,,,,,,,,,,,,,,,,,,,,,,,,,,,,,,
ITA-Serie A,2526,Torino,Mihai Popa,,,,,,,,,,,,,,,,,,,,,,,,,,,,,,,,,,,0,,0,0,,21,,,,,,,,,,,,,,,,,,,,,,,,,,,,,,,
ITA-Serie A,2526,Torino,Saba Sazonov,,,,,,,,,,,,,,,,,,,,,,,,,,,,,,,,,,,0,,0,0,,4,,,,,,,,,,,,,,,,,,,,,,,,,,,,,,,
ITA-Serie A,2526,Torino,Sergiu Perciun,,,,,,,,,,,,,,,,,,,,,,,,,,,,,,,,,,,0,,0,0,,5,,,,,,,,,,,,,,,,,,,,,,,,,,,,,,,
ITA-Serie A,2526,Torino,Tommaso Gabellini,,,,,,,,,,,,,,,,,,,,,,,,,,,,,,,,,,,0,,0,0,,5,,,,,,,,,,,,,,,,,,,,,,,,,,,,,,,
ITA-Serie A,2526,Torino,Wisdom Acquah,,,,,,,,,,,,,,,,,,,,,,,,,,,,,,,,,,,0,,0,0,,4,,,,,,,,,,,,,,,,,,,,,,,,,,,,,,,
ITA-Serie A,2526,Torino,Zalán Kugyela,,,,,,,,,,,,,,,,,,,,,,,,,,,,,,,,,,,0,,0,0,,1,,,,,,,,,,,,,,,,,,,,,,,,,,,,,,,
ITA-Serie A,2526,Torino,Zanos Savva,,,,,,,,,,,,,,,,,,,,,,,,,,,,,,,,,,,0,,0,0,,3,,,,,,,,,,,,,,,,,,,,,,,,,,,,,,,
ITA-Serie A,2526,Udinese,Alessandro Nunziante,,,,,,,,,,,,,,,,,,,,,,,,,,,,,,,,,,,0,,0,0,,24,,,,,,,,,,,,,,,,,,,,,,,,,,,,,,,
ITA-Serie A,2526,Udinese,David Pejičić,,,,,,,,,,,,,,,,,,,,,,,,,,,,,,,,,,,0,,0,0,,1,,,,,,,,,,,,,,,,,,,,,,,,,,,,,,,
ITA-Serie A,2526,Udinese,Gioele Venuti,,,,,,,,,,,,,,,,,,,,,,,,,,,,,,,,,,,0,,0,0,,5,,,,,,,,,,,,,,,,,,,,,,,,,,,,,,,
ITA-Serie A,2526,Udinese,Giulio Vincinati,,,,,,,,,,,,,,,,,,,,,,,,,,,,,,,,,,,0,,0,0,,3,,,,,,,,,,,,,,,,,,,,,,,,,,,,,,,
,2526,Augsburg,Daniel Klein,,,,,,,,,,,,,,,,,,,,,,,,,,,,,,,,,,,0,,0,0,,3,,,,,,,,,,,,,,,,,,,,,,,,,,,,,,,
,2526,Augsburg,Kyliane Dong,,,,,,,,,,,,,,,,,,,,,,,,,,,,,,,,,,,0,,0,0,,1,,,,,,,,,,,,,,,,,,,,,,,,,,,,,,,
,2526,Augsburg,Nediljko Labrović,,,,,,,,,,,,,,,,,,,,,,,,,,,,,,,,,,,0,,0,0,,33,,,,,,,,,,,,,,,,,,,,,,,,,,,,,,,
,2526,Augsburg,Oliver Sorg,,,,,,,,,,,,,,,,,,,,,,,,,,,,,,,,,,,0,,0,0,,1,,,,,,,,,,,,,,,,,,,,,,,,,,,,,,,
,2526,Augsburg,Steve Mounié,,,,,,,,,,,,,,,,,,,,,,,,,,,,,,,,,,,0,,0,0,,1,,,,,,,,,,,,,,,,,,,,,,,,,,,,,,,
,2526,Bayern Munich,Bastian Assomo,,,,,,,,,,,,,,,,,,,,,,,,,,,,,,,,,,,0,,0,0,,1,,,,,,,,,,,,,,,,,,,,,,,,,,,,,,,
,2526,Bayern Munich,Filip Pavić,,,,,,,,,,,,,,,,,,,,,,,,,,,,,,,,,,,0,,0,0,,3,,,,,,,,,,,,,,,,,,,,,,,,,,,,,,,
,2526,Bayern Munich,Guido Rovere,,,,,,,,,,,,,,,,,,,,,,,,,,,,,,,,,,,0,,0,0,,1,,,,,,,,,,,,,,,,,,,,,,,,,,,,,,,
,2526,Bayern Munich,Jannis Bärtl,,,,,,,,,,,,,,,,,,,,,,,,,,,,,,,,,,,0,,0,0,,2,,,,,,,,,,,,,,,,,,,,,,,,,,,,,,,
,2526,Bayern Munich,Javier Fernández,,,,,,,,,,,,,,,,,,,,,,,,,,,,,,,,,,,0,,0,0,,1,,,,,,,,,,,,,,,,,,,,,,,,,,,,,,,
,2526,Bayern Munich,Leon Klanac,,,,,,,,,,,,,,,,,,,,,,,,,,,,,,,,,,,0,,0,0,,1,,,,,,,,,,,,,,,,,,,,,,,,,,,,,,,
,2526,Bayern Munich,Leonard Prescott,,,,,,,,,,,,,,,,,,,,,,,,,,,,,,,,,,,0,,0,0,,2,,,,,,,,,,,,,,,,,,,,,,,,,,,,,,,
,2526,Dortmund,Alexander Meyer,,,,,,,,,,,,,,,,,,,,,,,,,,,,,,,,,,,0,,0,0,,34,,,,,,,,,,,,,,,,,,,,,,,,,,,,,,,
,2526,Dortmund,Elias Benkara,,,,,,,,,,,,,,,,,,,,,,,,,,,,,,,,,,,0,,0,0,,1,,,,,,,,,,,,,,,,,,,,,,,,,,,,,,,
,2526,Dortmund,Julien Duranville,,,,,,,,,,,,,,,,,,,,,,,,,,,,,,,,,,,0,,0,0,,2,,,,,,,,,,,,,,,,,,,,,,,,,,,,,,,
,2526,Dortmund,Mussa Kaba,,,,,,,,,,,,,,,,,,,,,,,,,,,,,,,,,,,0,,0,0,,1,,,,,,,,,,,,,,,,,,,,,,,,,,,,,,,
,2526,Dortmund,Patrick Drewes,,,,,,,,,,,,,,,,,,,,,,,,,,,,,,,,,,,0,,0,0,,2,,,,,,,,,,,,,,,,,,,,,,,,,,,,,,,
,2526,Dortmund,Yannik Lührs,,,,,,,,,,,,,,,,,,,,,,,,,,,,,,,,,,,0,,0,0,,1,,,,,,,,,,,,,,,,,,,,,,,,,,,,,,,
,2526,Frankfurt,Alexander Staff,,,,,,,,,,,,,,,,,,,,,,,,,,,,,,,,,,,0,,0,0,,2,,,,,,,,,,,,,,,,,,,,,,,,,,,,,,,
,2526,Frankfurt,Amil Siljević,,,,,,,,,,,,,,,,,,,,,,,,,,,,,,,,,,,0,,0,0,,1,,,,,,,,,,,,,,,,,,,,,,,,,,,,,,,
,2526,Frankfurt,Fousseny Doumbia,,,,,,,,,,,,,,,,,,,,,,,,,,,,,,,,,,,0,,0,0,,7,,,,,,,,,,,,,,,,,,,,,,,,,,,,,,,
,2526,Frankfurt,Jens Grahl,,,,,,,,,,,,,,,,,,,,,,,,,,,,,,,,,,,0,,0,0,,10,,,,,,,,,,,,,,,,,,,,,,,,,,,,,,,
,2526,Frankfurt,Keita Kosugi,,,,,,,,,,,,,,,,,,,,,,,,,,,,,,,,,,,0,,0,0,,7,,,,,,,,,,,,,,,,,,,,,,,,,,,,,,,
,2526,Frankfurt,Marvin Dills,,,,,,,,,,,,,,,,,,,,,,,,,,,,,,,,,,,0,,0,0,,1,,,,,,,,,,,,,,,,,,,,,,,,,,,,,,,
,2526,Frankfurt,Niels Nkounkou,,,,,,,,,,,,,,,,,,,,,,,,,,,,,,,,,,,0,,0,0,,2,,,,,,,,,,,,,,,,,,,,,,,,,,,,,,,
,2526,Freiburg,Florian Müller,,,,,,,,,,,,,,,,,,,,,,,,,,,,,,,,,,,0,,0,0,,33,,,,,,,,,,,,,,,,,,,,,,,,,,,,,,,
,2526,Freiburg,Jannik Huth,,,,,,,,,,,,,,,,,,,,,,,,,,,,,,,,,,,0,,0,0,,1,,,,,,,,,,,,,,,,,,,,,,,,,,,,,,,
,2526,Freiburg,Karl Steinmann,,,,,,,,,,,,,,,,,,,,,,,,,,,,,,,,,,,0,,0,0,,6,,,,,,,,,,,,,,,,,,,,,,,,,,,,,,,
,2526,Gladbach,Fitz Fleck,,,,,,,,,,,,,,,,,,,,,,,,,,,,,,,,,,,0,,0,0,,2,,,,,,,,,,,,,,,,,,,,,,,,,,,,,,,
,2526,Gladbach,Jan Olschowsky,,,,,,,,,,,,,,,,,,,,,,,,,,,,,,,,,,,0,,0,0,,14,,,,,,,,,,,,,,,,,,,,,,,,,,,,,,,
,2526,Gladbach,Jonas Omlin,,,,,,,,,,,,,,,,,,,,,,,,,,,,,,,,,,,0,,0,0,,14,,,,,,,,,,,,,,,,,,,,,,,,,,,,,,,
,2526,Gladbach,Niklas Swider,,,,,,,,,,,,,,,,,,,,,,,,,,,,,,,,,,,0,,0,0,,3,,,,,,,,,,,,,,,,,,,,,,,,,,,,,,,
,2526,Gladbach,Tiago Cardoso,,,,,,,,,,,,,,,,,,,,,,,,,,,,,,,,,,,0,,0,0,,6,,,,,,,,,,,,,,,,,,,,,,,,,,,,,,,
,2526,Gladbach,Tobias Sippel,,,,,,,,,,,,,,,,,,,,,,,,,,,,,,,,,,,0,,0,0,,3,,,,,,,,,,,,,,,,,,,,,,,,,,,,,,,
,2526,Hamburger SV,Daniel Peretz,,,,,,,,,,,,,,,,,,,,,,,,,,,,,,,,,,,0,,0,0,,15,,,,,,,,,,,,,,,,,,,,,,,,,,,,,,,
,2526,Hamburger SV,Hannes Hermann,,,,,,,,,,,,,,,,,,,,,,,,,,,,,,,,,,,0,,0,0,,3,,,,,,,,,,,,,,,,,,,,,,,,,,,,,,,
,2526,Hamburger SV,Noah Katterbach,,,,,,,,,,,,,,,,,,,,,,,,,,,,,,,,,,,0,,0,0,,4,,,,,,,,,,,,,,,,,,,,,,,,,,,,,,,
,2526,Hamburger SV,Omar Megeed,,,,,,,,,,,,,,,,,,,,,,,,,,,,,,,,,,,0,,0,0,,5,,,,,,,,,,,,,,,,,,,,,,,,,,,,,,,
,2526,Heidenheim,Kevin Müller,,,,,,,,,,,,,,,,,,,,,,,,,,,,,,,,,,,0,,0,0,,15,,,,,,,,,,,,,,,,,,,,,,,,,,,,,,,
,2526,Heidenheim,Nick Rothweiler,,,,,,,,,,,,,,,,,,,,,,,,,,,,,,,,,,,0,,0,0,,3,,,,,,,,,,,,,,,,,,,,,,,,,,,,,,,
,2526,Heidenheim,Paul Tschernuth,,,,,,,,,,,,,,,,,,,,,,,,,,,,,,,,,,,0,,0,0,,1,,,,,,,,,,,,,,,,,,,,,,,,,,,,,,,
,2526,Hoffenheim,David Mokwa,,,,,,,,,,,,,,,,,,,,,,,,,,,,,,,,,,,0,,0,0,,3,,,,,,,,,,,,,,,,,,,,,,,,,,,,,,,
,2526,Hoffenheim,Kelven Frees,,,,,,,,,,,,,,,,,,,,,,,,,,,,,,,,,,,0,,0,0,,2,,,,,,,,,,,,,,,,,,,,,,,,,,,,,,,
,2526,Hoffenheim,Luca Philipp,,,,,,,,,,,,,,,,,,,,,,,,,,,,,,,,,,,0,,0,0,,34,,,,,,,,,,,,,,,,,,,,,,,,,,,,,,,
,2526,Hoffenheim,Precious Benjamin,,,,,,,,,,,,,,,,,,,,,,,,,,,,,,,,,,,0,,0,0,,1,,,,,,,,,,,,,,,,,,,,,,,,,,,,,,,
,2526,Hoffenheim,Valentin Lässig,,,,,,,,,,,,,,,,,,,,,,,,,,,,,,,,,,,0,,0,0,,5,,,,,,,,,,,,,,,,,,,,,,,,,,,,,,,
,2526,Köln,David Fürst,,,,,,,,,,,,,,,,,,,,,,,,,,,,,,,,,,,0,,0,0,,1,,,,,,,,,,,,,,,,,,,,,,,,,,,,,,,
,2526,Köln,Matthias Köbbing,,,,,,,,,,,,,,,,,,,,,,,,,,,,,,,,,,,0,,0,0,,3,,,,,,,,,,,,,,,,,,,,,,,,,,,,,,,
,2526,Köln,Ron-Robert Zieler,,,,,,,,,,,,,,,,,,,,,,,,,,,,,,,,,,0.0,0,,0,0,,33,1.0,3,3,0,,,,,,,,,,,,,,,,,,,,,,,,,,,
,2526,Leverkusen,Andrea Natali,,,,,,,,,,,,,,,,,,,,,,,,,,,,,,,,,,,0,,0,0,,1,,,,,,,,,,,,,,,,,,,,,,,,,,,,,,,
,2526,Leverkusen,Emmanuel Owen,,,,,,,,,,,,,,,,,,,,,,,,,,,,,,,,,,,0,,0,0,,1,,,,,,,,,,,,,,,,,,,,,,,,,,,,,,,
,2526,Leverkusen,Jeremiah Mensah,,,,,,,,,,,,,,,,,,,,,,,,,,,,,,,,,,,0,,0,0,,5,,,,,,,,,,,,,,,,,,,,,,,,,,,,,,,
,2526,Leverkusen,Jonas Omlin,,,,,,,,,,,,,,,,,,,,,,,,,,,,,,,,,,,0,,0,0,,11,,,,,,,,,,,,,,,,,,,,,,,,,,,,,,,
,2526,Leverkusen,Ken Izekor,,,,,,,,,,,,,,,,,,,,,,,,,,,,,,,,,,,0,,0,0,,1,,,,,,,,,,,,,,,,,,,,,,,,,,,,,,,
,2526,Leverkusen,Niklas Lomb,,,,,,,,,,,,,,,,,,,,,,,,,,,,,,,,,,,0,,0,0,,13,,,,,,,,,,,,,,,,,,,,,,,,,,,,,,,
,2526,Mainz 05,Daniel Gleiber,,,,,,,,,,,,,,,,,,,,,,,,,,,,,,,,,,,0,,0,0,,5,,,,,,,,,,,,,,,,,,,,,,,,,,,,,,,
,2526,Mainz 05,Konstantin Schopp,,,,,,,,,,,,,,,,,,,,,,,,,,,,,,,,,,,0,,0,0,,1,,,,,,,,,,,,,,,,,,,,,,,,,,,,,,,
,2526,RB Leipzig,Amadou Haidara,,,,,,,,,,,,,,,,,,,,,,,,,,,,,,,,,,,0,,0,0,,5,,,,,,,,,,,,,,,,,,,,,,,,,,,,,,,
,2526,RB Leipzig,Benno Kaltefleiter,,,,,,,,,,,,,,,,,,,,,,,,,,,,,,,,,,,0,,0,0,,1,,,,,,,,,,,,,,,,,,,,,,,,,,,,,,,
,2526,RB Leipzig,Joyeux Masanka Bungi,,,,,,,,,,,,,,,,,,,,,,,,,,,,,,,,,,,0,,0,0,,1,,,,,,,,,,,,,,,,,,,,,,,,,,,,,,,
,2526,RB Leipzig,Leopold Zingerle,,,,,,,,,,,,,,,,,,,,,,,,,,,,,,,,,,,0,,0,0,,5,,,,,,,,,,,,,,,,,,,,,,,,,,,,,,,
,2526,RB Leipzig,Lutsharel Geertruida,,,,,,,,,,,,,,,,,,,,,,,,,,,,,,,,,,,0,,0,0,,1,,,,,,,,,,,,,,,,,,,,,,,,,,,,,,,
,2526,St Pauli,Ben Alexander Voll,,,,,,,,,,,,,,,,,,,,,,,,,,,,,,,,,,,0,,0,0,,33,,,,,,,,,,,,,,,,,,,,,,,,,,,,,,,
,2526,St Pauli,David Nemeth,,,,,,,,,,,,,,,,,,,,,,,,,,,,,,,,,,,0,,0,0,,6,,,,,,,,,,,,,,,,,,,,,,,,,,,,,,,
,2526,St Pauli,Emil Gazdov,,,,,,,,,,,,,,,,,,,,,,,,,,,,,,,,,,,0,,0,0,,1,,,,,,,,,,,,,,,,,,,,,,,,,,,,,,,
,2526,St Pauli,Erik Ahlstrand,,,,,,,,,,,,,,,,,,,,,,,,,,,,,,,,,,,0,,0,0,,11,,,,,,,,,,,,,,,,,,,,,,,,,,,,,,,
,2526,St Pauli,Jannik Robatsch,,,,,,,,,,,,,,,,,,,,,,,,,,,,,,,,,,,0,,0,0,,19,,,,,,,,,,,,,,,,,,,,,,,,,,,,,,,
,2526,St Pauli,Nick Schmidt,,,,,,,,,,,,,,,,,,,,,,,,,,,,,,,,,,,0,,0,0,,3,,,,,,,,,,,,,,,,,,,,,,,,,,,,,,,
,2526,St Pauli,Romeo Aigbekaen,,,,,,,,,,,,,,,,,,,,,,,,,,,,,,,,,,,0,,0,0,,2,,,,,,,,,,,,,,,,,,,,,,,,,,,,,,,
,2526,St Pauli,Scott Banks,,,,,,,,,,,,,,,,,,,,,,,,,,,,,,,,,,,0,,0,0,,1,,,,,,,,,,,,,,,,,,,,,,,,,,,,,,,
,2526,Stuttgart,Fabian Bredlow,,,,,,,,,,,,,,,,,,,,,,,,,,,,,,,,,,,0,,0,0,,31,,,,,,,,,,,,,,,,,,,,,,,,,,,,,,,
,2526,Stuttgart,Noah Darvich,,,,,,,,,,,,,,,,,,,,,,,,,,,,,,,,,,,0,,0,0,,1,,,,,,,,,,,,,,,,,,,,,,,,,,,,,,,
,2526,Stuttgart,Stefan Drljača,,,,,,,,,,,,,,,,,,,,,,,,,,,,,,,,,,,0,,0,0,,3,,,,,,,,,,,,,,,,,,,,,,,,,,,,,,,
,2526,Union Berlin,Andrik Markgraf,,,,,,,,,,,,,,,,,,,,,,,,,,,,,,,,,,,0,,0,0,,6,,,,,,,,,,,,,,,,,,,,,,,,,,,,,,,
,2526,Union Berlin,David Preu,,,,,,,,,,,,,,,,,,,,,,,,,,,,,,,,,,,0,,0,0,,14,,,,,,,,,,,,,,,,,,,,,,,,,,,,,,,
,2526,Union Berlin,Oluwaseun Ogbemudia,,,,,,,,,,,,,,,,,,,,,,,,,,,,,,,,,,,0,,0,0,,4,,,,,,,,,,,,,,,,,,,,,,,,,,,,,,,
,2526,Union Berlin,Tom Wisbereit,,,,,,,,,,,,,,,,,,,,,,,,,,,,,,,,,,,0,,0,0,,3,,,,,,,,,,,,,,,,,,,,,,,,,,,,,,,
,2526,Werder Bremen,Leon Opitz,,,,,,,,,,,,,,,,,,,,,,,,,,,,,,,,,,,0,,0,0,,2,,,,,,,,,,,,,,,,,,,,,,,,,,,,,,,
,2526,Werder Bremen,Markus Kolke,,,,,,,,,,,,,,,,,,,,,,,,,,,,,,,,,,,0,,0,0,,11,,,,,,,,,,,,,,,,,,,,,,,,,,,,,,,
,2526,Werder Bremen,Mats Heitmann,,,,,,,,,,,,,,,,,,,,,,,,,,,,,,,,,,,0,,0,0,,1,,,,,,,,,,,,,,,,,,,,,,,,,,,,,,,
,2526,Werder Bremen,Wesley Adeh,,,,,,,,,,,,,,,,,,,,,,,,,,,,,,,,,,,0,,0,0,,3,,,,,,,,,,,,,,,,,,,,,,,,,,,,,,,
,2526,Wolfsburg,Bruno Katz,,,,,,,,,,,,,,,,,,,,,,,,,,,,,,,,,,,0,,0,0,,2,,,,,,,,,,,,,,,,,,,,,,,,,,,,,,,
,2526,Wolfsburg,David Odogu,,,,,,,,,,,,,,,,,,,,,,,,,,,,,,,,,,,0,,0,0,,2,,,,,,,,,,,,,,,,,,,,,,,,,,,,,,,
,2526,Wolfsburg,Marius Müller,,,,,,,,,,,,,,,,,,,,,,,,,,,,,,,,,,0.0,0,,0,0,,18,0.5,3,4,-1,,,,,,,,,,,,,,,,,,,,,,,,,,,
,2526,Wolfsburg,Mathys Angély,,,,,,,,,,,,,,,,,,,,,,,,,,,,,,,,,,,0,,0,0,,2,,,,,,,,,,,,,,,,,,,,,,,,,,,,,,,
,2526,Wolfsburg,Pavao Pervan,,,,,,,,,,,,,,,,,,,,,,,,,,,,,,,,,,,0,,0,0,,14,,,,,,,,,,,,,,,,,,,,,,,,,,,,,,,
,2526,Wolfsburg,Till Neininger,,,,,,,,,,,,,,,,,,,,,,,,,,,,,,,,,,,0,,0,0,,1,,,,,,,,,,,,,,,,,,,,,,,,,,,,,,,
,2526,Wolfsburg,Trevor Benedict,,,,,,,,,,,,,,,,,,,,,,,,,,,,,,,,,,,0,,0,0,,1,,,,,,,,,,,,,,,,,,,,,,,,,,,,,,,
